date,base,quote,type,value
2017-01-02,AUD,NOK,middle,6.2126
2017-01-02,BGN,NOK,middle,4.6295
2017-01-02,BRL,NOK,middle,2.6424
2017-01-02,BYN,NOK,middle,4.4165
2017-01-02,CAD,NOK,middle,6.4352
2017-01-02,CHF,NOK,middle,8.4533
2017-01-02,CNY,NOK,middle,1.2456
2017-01-02,CZK,NOK,middle,0.33508
2017-01-02,DKK,NOK,middle,1.2178
2017-01-02,EUR,NOK,middle,9.0543
2017-01-02,GBP,NOK,middle,10.635
2017-01-02,HKD,NOK,middle,1.1153
2017-01-02,HRK,NOK,middle,1.1985
2017-01-02,HUF,NOK,middle,0.029259
2017-01-02,IDR,NOK,middle,0.00063956
2017-01-02,ILS,NOK,middle,2.2455
2017-01-02,INR,NOK,middle,0.12698
2017-01-02,JPY,NOK,middle,0.07366
2017-01-02,KRW,NOK,middle,0.007164
2017-01-02,MXN,NOK,middle,0.4171
2017-01-02,MYR,NOK,middle,1.9287
2017-01-02,NZD,NOK,middle,5.995
2017-01-02,PHP,NOK,middle,0.17487
2017-01-02,PKR,NOK,middle,0.08289
2017-01-02,PLN,NOK,middle,2.0521
2017-01-02,RON,NOK,middle,1.9948
2017-01-02,RUB,NOK,middle,0.14124
2017-01-02,SEK,NOK,middle,0.9487
2017-01-02,SGD,NOK,middle,5.9642
2017-01-02,THB,NOK,middle,0.24154
2017-01-02,TRY,NOK,middle,2.4416
2017-01-02,TWD,NOK,middle,0.26707
2017-01-02,TWI,NOK,middle,111.17
2017-01-02,USD,NOK,middle,8.652
2017-01-02,XDR,NOK,middle,11.61248
2017-01-02,ZAR,NOK,middle,0.6302
2017-01-03,AUD,NOK,middle,6.2566
2017-01-03,BGN,NOK,middle,4.6024
2017-01-03,BRL,NOK,middle,2.654
2017-01-03,BYN,NOK,middle,4.4054
2017-01-03,CAD,NOK,middle,6.447
2017-01-03,CHF,NOK,middle,8.4109
2017-01-03,CNY,NOK,middle,1.2453
2017-01-03,CZK,NOK,middle,0.33313
2017-01-03,DKK,NOK,middle,1.2108
2017-01-03,EUR,NOK,middle,9.0013
2017-01-03,GBP,NOK,middle,10.644
2017-01-03,HKD,NOK,middle,1.1174
2017-01-03,HRK,NOK,middle,1.1898
2017-01-03,HUF,NOK,middle,0.029136
2017-01-03,IDR,NOK,middle,0.00064302
2017-01-03,ILS,NOK,middle,2.2416
2017-01-03,INR,NOK,middle,0.12678
2017-01-03,JPY,NOK,middle,0.07333
2017-01-03,KRW,NOK,middle,0.007181
2017-01-03,MXN,NOK,middle,0.4188
2017-01-03,MYR,NOK,middle,1.9293
2017-01-03,NZD,NOK,middle,5.9945
2017-01-03,PHP,NOK,middle,0.17389
2017-01-03,PKR,NOK,middle,0.08271
2017-01-03,PLN,NOK,middle,2.0488
2017-01-03,RON,NOK,middle,1.9902
2017-01-03,RUB,NOK,middle,0.14308
2017-01-03,SEK,NOK,middle,0.944
2017-01-03,SGD,NOK,middle,5.9766
2017-01-03,THB,NOK,middle,0.24141
2017-01-03,TRY,NOK,middle,2.4157
2017-01-03,TWD,NOK,middle,0.26784
2017-01-03,TWI,NOK,middle,110.88
2017-01-03,USD,NOK,middle,8.6676
2017-01-03,XDR,NOK,middle,11.59705
2017-01-03,ZAR,NOK,middle,0.6302
2017-01-04,AUD,NOK,middle,6.2551
2017-01-04,BGN,NOK,middle,4.5968
2017-01-04,BRL,NOK,middle,2.6612
2017-01-04,BYN,NOK,middle,4.3737
2017-01-04,CAD,NOK,middle,6.4708
2017-01-04,CHF,NOK,middle,8.3968
2017-01-04,CNY,NOK,middle,1.2421
2017-01-04,CZK,NOK,middle,0.33272
2017-01-04,DKK,NOK,middle,1.2093
2017-01-04,EUR,NOK,middle,8.9905
2017-01-04,GBP,NOK,middle,10.584
2017-01-04,HKD,NOK,middle,1.1107
2017-01-04,HRK,NOK,middle,1.1871
2017-01-04,HUF,NOK,middle,0.029157
2017-01-04,IDR,NOK,middle,0.00064359
2017-01-04,ILS,NOK,middle,2.2336
2017-01-04,INR,NOK,middle,0.12656
2017-01-04,JPY,NOK,middle,0.073308
2017-01-04,KRW,NOK,middle,0.007181
2017-01-04,MXN,NOK,middle,0.4073
2017-01-04,MYR,NOK,middle,1.9153
2017-01-04,NZD,NOK,middle,5.9841
2017-01-04,PHP,NOK,middle,0.17352
2017-01-04,PKR,NOK,middle,0.08219
2017-01-04,PLN,NOK,middle,2.0537
2017-01-04,RON,NOK,middle,1.9941
2017-01-04,RUB,NOK,middle,0.14179
2017-01-04,SEK,NOK,middle,0.944
2017-01-04,SGD,NOK,middle,5.9749
2017-01-04,THB,NOK,middle,0.24055
2017-01-04,TRY,NOK,middle,2.4047
2017-01-04,TWD,NOK,middle,0.26798
2017-01-04,TWI,NOK,middle,110.65
2017-01-04,USD,NOK,middle,8.6141
2017-01-04,XDR,NOK,middle,11.54995
2017-01-04,ZAR,NOK,middle,0.6313
2017-01-05,AUD,NOK,middle,6.2645
2017-01-05,BGN,NOK,middle,4.6127
2017-01-05,BRL,NOK,middle,2.6737
2017-01-05,BYN,NOK,middle,4.3776
2017-01-05,CAD,NOK,middle,6.4596
2017-01-05,CHF,NOK,middle,8.4282
2017-01-05,CNY,NOK,middle,1.2476
2017-01-05,CZK,NOK,middle,0.33387
2017-01-05,DKK,NOK,middle,1.2135
2017-01-05,EUR,NOK,middle,9.0215
2017-01-05,GBP,NOK,middle,10.559
2017-01-05,HKD,NOK,middle,1.1079
2017-01-05,HRK,NOK,middle,1.1906
2017-01-05,HUF,NOK,middle,0.029264
2017-01-05,IDR,NOK,middle,0.00064303
2017-01-05,ILS,NOK,middle,2.2289
2017-01-05,INR,NOK,middle,0.12646
2017-01-05,JPY,NOK,middle,0.073717
2017-01-05,KRW,NOK,middle,0.007213
2017-01-05,MXN,NOK,middle,0.4037
2017-01-05,MYR,NOK,middle,1.9155
2017-01-05,NZD,NOK,middle,5.9797
2017-01-05,PHP,NOK,middle,0.17351
2017-01-05,PKR,NOK,middle,0.082
2017-01-05,PLN,NOK,middle,2.0654
2017-01-05,RON,NOK,middle,2.0019
2017-01-05,RUB,NOK,middle,0.14445
2017-01-05,SEK,NOK,middle,0.9462
2017-01-05,SGD,NOK,middle,5.984
2017-01-05,THB,NOK,middle,0.23994
2017-01-05,TRY,NOK,middle,2.3728
2017-01-05,TWD,NOK,middle,0.26862
2017-01-05,TWI,NOK,middle,110.96
2017-01-05,USD,NOK,middle,8.5911
2017-01-05,XDR,NOK,middle,11.5523
2017-01-05,ZAR,NOK,middle,0.6298
2017-01-06,AUD,NOK,middle,6.2266
2017-01-06,BGN,NOK,middle,4.5949
2017-01-06,BRL,NOK,middle,2.6506
2017-01-06,BYN,NOK,middle,4.3478
2017-01-06,CAD,NOK,middle,6.4013
2017-01-06,CHF,NOK,middle,8.3793
2017-01-06,CNY,NOK,middle,1.2268
2017-01-06,CZK,NOK,middle,0.33259
2017-01-06,DKK,NOK,middle,1.2088
2017-01-06,EUR,NOK,middle,8.9868
2017-01-06,GBP,NOK,middle,10.493
2017-01-06,HKD,NOK,middle,1.0943
2017-01-06,HRK,NOK,middle,1.1859
2017-01-06,HUF,NOK,middle,0.02925
2017-01-06,IDR,NOK,middle,0.00063501
2017-01-06,ILS,NOK,middle,2.2125
2017-01-06,INR,NOK,middle,0.12483
2017-01-06,JPY,NOK,middle,0.073165
2017-01-06,KRW,NOK,middle,0.007125
2017-01-06,MXN,NOK,middle,0.3989
2017-01-06,MYR,NOK,middle,1.8976
2017-01-06,NZD,NOK,middle,5.9622
2017-01-06,PHP,NOK,middle,0.17197
2017-01-06,PKR,NOK,middle,0.08093
2017-01-06,PLN,NOK,middle,2.0635
2017-01-06,RON,NOK,middle,1.9965
2017-01-06,RUB,NOK,middle,0.14322
2017-01-06,SEK,NOK,middle,0.9409
2017-01-06,SGD,NOK,middle,5.9245
2017-01-06,THB,NOK,middle,0.238
2017-01-06,TRY,NOK,middle,2.3461
2017-01-06,TWD,NOK,middle,0.26612
2017-01-06,TWI,NOK,middle,110.21
2017-01-06,USD,NOK,middle,8.4869
2017-01-06,XDR,NOK,middle,11.45253
2017-01-06,ZAR,NOK,middle,0.6233
2017-01-09,AUD,NOK,middle,6.2822
2017-01-09,BGN,NOK,middle,4.6116
2017-01-09,BRL,NOK,middle,2.67
2017-01-09,BYN,NOK,middle,4.3759
2017-01-09,CAD,NOK,middle,6.4636
2017-01-09,CHF,NOK,middle,8.4127
2017-01-09,CNY,NOK,middle,1.2362
2017-01-09,CZK,NOK,middle,0.33379
2017-01-09,DKK,NOK,middle,1.2133
2017-01-09,EUR,NOK,middle,9.0193
2017-01-09,GBP,NOK,middle,10.408
2017-01-09,HKD,NOK,middle,1.1058
2017-01-09,HRK,NOK,middle,1.1914
2017-01-09,HUF,NOK,middle,0.029263
2017-01-09,IDR,NOK,middle,0.00064269
2017-01-09,ILS,NOK,middle,2.2281
2017-01-09,INR,NOK,middle,0.12581
2017-01-09,JPY,NOK,middle,0.073531
2017-01-09,KRW,NOK,middle,0.007122
2017-01-09,MXN,NOK,middle,0.4028
2017-01-09,MYR,NOK,middle,1.9157
2017-01-09,NZD,NOK,middle,5.9861
2017-01-09,PHP,NOK,middle,0.17282
2017-01-09,PKR,NOK,middle,0.08186
2017-01-09,PLN,NOK,middle,2.0603
2017-01-09,RON,NOK,middle,2.0036
2017-01-09,RUB,NOK,middle,0.14353
2017-01-09,SEK,NOK,middle,0.9441
2017-01-09,SGD,NOK,middle,5.9592
2017-01-09,THB,NOK,middle,0.24004
2017-01-09,TRY,NOK,middle,2.3003
2017-01-09,TWD,NOK,middle,0.26774
2017-01-09,TWI,NOK,middle,110.54
2017-01-09,USD,NOK,middle,8.5767
2017-01-09,XDR,NOK,middle,11.52202
2017-01-09,ZAR,NOK,middle,0.6258
2017-01-10,AUD,NOK,middle,6.3021
2017-01-10,BGN,NOK,middle,4.64
2017-01-10,BRL,NOK,middle,2.6894
2017-01-10,BYN,NOK,middle,4.3705
2017-01-10,CAD,NOK,middle,6.4858
2017-01-10,CHF,NOK,middle,8.4521
2017-01-10,CNY,NOK,middle,1.2402
2017-01-10,CZK,NOK,middle,0.33585
2017-01-10,DKK,NOK,middle,1.2208
2017-01-10,EUR,NOK,middle,9.075
2017-01-10,GBP,NOK,middle,10.438
2017-01-10,HKD,NOK,middle,1.1074
2017-01-10,HRK,NOK,middle,1.1997
2017-01-10,HUF,NOK,middle,0.029397
2017-01-10,IDR,NOK,middle,0.00064621
2017-01-10,ILS,NOK,middle,2.2339
2017-01-10,INR,NOK,middle,0.12589
2017-01-10,JPY,NOK,middle,0.073877
2017-01-10,KRW,NOK,middle,0.007151
2017-01-10,MXN,NOK,middle,0.4008
2017-01-10,MYR,NOK,middle,1.9193
2017-01-10,NZD,NOK,middle,5.9842
2017-01-10,PHP,NOK,middle,0.17324
2017-01-10,PKR,NOK,middle,0.08197
2017-01-10,PLN,NOK,middle,2.0757
2017-01-10,RON,NOK,middle,2.0186
2017-01-10,RUB,NOK,middle,0.1429
2017-01-10,SEK,NOK,middle,0.9493
2017-01-10,SGD,NOK,middle,5.9731
2017-01-10,THB,NOK,middle,0.2411
2017-01-10,TRY,NOK,middle,2.2738
2017-01-10,TWD,NOK,middle,0.26849
2017-01-10,TWI,NOK,middle,111.05
2017-01-10,USD,NOK,middle,8.5881
2017-01-10,XDR,NOK,middle,11.55979
2017-01-10,ZAR,NOK,middle,0.6268
2017-01-11,AUD,NOK,middle,6.3642
2017-01-11,BGN,NOK,middle,4.6341
2017-01-11,BRL,NOK,middle,2.6826
2017-01-11,BYN,NOK,middle,4.3792
2017-01-11,CAD,NOK,middle,6.5115
2017-01-11,CHF,NOK,middle,8.4538
2017-01-11,CNY,NOK,middle,1.2445
2017-01-11,CZK,NOK,middle,0.33542
2017-01-11,DKK,NOK,middle,1.2192
2017-01-11,EUR,NOK,middle,9.0633
2017-01-11,GBP,NOK,middle,10.451
2017-01-11,HKD,NOK,middle,1.1127
2017-01-11,HRK,NOK,middle,1.1995
2017-01-11,HUF,NOK,middle,0.029288
2017-01-11,IDR,NOK,middle,0.0006474
2017-01-11,ILS,NOK,middle,2.2388
2017-01-11,INR,NOK,middle,0.12617
2017-01-11,JPY,NOK,middle,0.074204
2017-01-11,KRW,NOK,middle,0.00719
2017-01-11,MXN,NOK,middle,0.3947
2017-01-11,MYR,NOK,middle,1.9298
2017-01-11,NZD,NOK,middle,6.0313
2017-01-11,PHP,NOK,middle,0.17369
2017-01-11,PKR,NOK,middle,0.08236
2017-01-11,PLN,NOK,middle,2.0738
2017-01-11,RON,NOK,middle,2.0159
2017-01-11,RUB,NOK,middle,0.14304
2017-01-11,SEK,NOK,middle,0.9471
2017-01-11,SGD,NOK,middle,5.9974
2017-01-11,THB,NOK,middle,0.2425
2017-01-11,TRY,NOK,middle,2.2243
2017-01-11,TWD,NOK,middle,0.27017
2017-01-11,TWI,NOK,middle,111.08
2017-01-11,USD,NOK,middle,8.6292
2017-01-11,XDR,NOK,middle,11.58723
2017-01-11,ZAR,NOK,middle,0.6262
2017-01-12,AUD,NOK,middle,6.3798
2017-01-12,BGN,NOK,middle,4.6337
2017-01-12,BRL,NOK,middle,2.6877
2017-01-12,BYN,NOK,middle,4.3486
2017-01-12,CAD,NOK,middle,6.4992
2017-01-12,CHF,NOK,middle,8.4365
2017-01-12,CNY,NOK,middle,1.231
2017-01-12,CZK,NOK,middle,0.33539
2017-01-12,DKK,NOK,middle,1.219
2017-01-12,EUR,NOK,middle,9.0625
2017-01-12,GBP,NOK,middle,10.435
2017-01-12,HKD,NOK,middle,1.0943
2017-01-12,HRK,NOK,middle,1.2025
2017-01-12,HUF,NOK,middle,0.029505
2017-01-12,IDR,NOK,middle,0.00064043
2017-01-12,ILS,NOK,middle,2.221
2017-01-12,INR,NOK,middle,0.12484
2017-01-12,JPY,NOK,middle,0.074472
2017-01-12,KRW,NOK,middle,0.007219
2017-01-12,MXN,NOK,middle,0.3928
2017-01-12,MYR,NOK,middle,1.9036
2017-01-12,NZD,NOK,middle,6.0497
2017-01-12,PHP,NOK,middle,0.17119
2017-01-12,PKR,NOK,middle,0.08097
2017-01-12,PLN,NOK,middle,2.0707
2017-01-12,RON,NOK,middle,2.0178
2017-01-12,RUB,NOK,middle,0.1431
2017-01-12,SEK,NOK,middle,0.953
2017-01-12,SGD,NOK,middle,5.9657
2017-01-12,THB,NOK,middle,0.24013
2017-01-12,TRY,NOK,middle,2.2477
2017-01-12,TWD,NOK,middle,0.26957
2017-01-12,TWI,NOK,middle,110.9
2017-01-12,USD,NOK,middle,8.4863
2017-01-12,XDR,NOK,middle,11.49435
2017-01-12,ZAR,NOK,middle,0.6316
2017-01-13,AUD,NOK,middle,6.3677
2017-01-13,BGN,NOK,middle,4.6314
2017-01-13,BRL,NOK,middle,2.6565
2017-01-13,BYN,NOK,middle,4.3527
2017-01-13,CAD,NOK,middle,6.4654
2017-01-13,CHF,NOK,middle,8.4433
2017-01-13,CNY,NOK,middle,1.2313
2017-01-13,CZK,NOK,middle,0.33522
2017-01-13,DKK,NOK,middle,1.2183
2017-01-13,EUR,NOK,middle,9.058
2017-01-13,GBP,NOK,middle,10.346
2017-01-13,HKD,NOK,middle,1.0957
2017-01-13,HRK,NOK,middle,1.2034
2017-01-13,HUF,NOK,middle,0.029457
2017-01-13,IDR,NOK,middle,0.00063732
2017-01-13,ILS,NOK,middle,2.2271
2017-01-13,INR,NOK,middle,0.12465
2017-01-13,JPY,NOK,middle,0.074301
2017-01-13,KRW,NOK,middle,0.007238
2017-01-13,MXN,NOK,middle,0.3924
2017-01-13,MYR,NOK,middle,1.9042
2017-01-13,NZD,NOK,middle,6.0581
2017-01-13,PHP,NOK,middle,0.17103
2017-01-13,PKR,NOK,middle,0.08107
2017-01-13,PLN,NOK,middle,2.0709
2017-01-13,RON,NOK,middle,2.0164
2017-01-13,RUB,NOK,middle,0.14317
2017-01-13,SEK,NOK,middle,0.9547
2017-01-13,SGD,NOK,middle,5.9569
2017-01-13,THB,NOK,middle,0.24001
2017-01-13,TRY,NOK,middle,2.2428
2017-01-13,TWD,NOK,middle,0.26956
2017-01-13,TWI,NOK,middle,110.77
2017-01-13,USD,NOK,middle,8.4964
2017-01-13,XDR,NOK,middle,11.48671
2017-01-13,ZAR,NOK,middle,0.6287
2017-01-16,AUD,NOK,middle,6.3899
2017-01-16,BGN,NOK,middle,4.6302
2017-01-16,BRL,NOK,middle,2.6533
2017-01-16,BYN,NOK,middle,4.3735
2017-01-16,CAD,NOK,middle,6.5023
2017-01-16,CHF,NOK,middle,8.4563
2017-01-16,CNY,NOK,middle,1.2387
2017-01-16,CZK,NOK,middle,0.33514
2017-01-16,DKK,NOK,middle,1.2178
2017-01-16,EUR,NOK,middle,9.0558
2017-01-16,GBP,NOK,middle,10.313
2017-01-16,HKD,NOK,middle,1.1022
2017-01-16,HRK,NOK,middle,1.2023
2017-01-16,HUF,NOK,middle,0.029461
2017-01-16,IDR,NOK,middle,0.00063951
2017-01-16,ILS,NOK,middle,2.2333
2017-01-16,INR,NOK,middle,0.12548
2017-01-16,JPY,NOK,middle,0.074897
2017-01-16,KRW,NOK,middle,0.007224
2017-01-16,MXN,NOK,middle,0.3958
2017-01-16,MYR,NOK,middle,1.914
2017-01-16,NZD,NOK,middle,6.0712
2017-01-16,PHP,NOK,middle,0.1711
2017-01-16,PKR,NOK,middle,0.08157
2017-01-16,PLN,NOK,middle,2.0709
2017-01-16,RON,NOK,middle,2.0114
2017-01-16,RUB,NOK,middle,0.14336
2017-01-16,SEK,NOK,middle,0.955
2017-01-16,SGD,NOK,middle,5.9798
2017-01-16,THB,NOK,middle,0.24133
2017-01-16,TRY,NOK,middle,2.2608
2017-01-16,TWD,NOK,middle,0.26994
2017-01-16,TWI,NOK,middle,110.87
2017-01-16,USD,NOK,middle,8.548
2017-01-16,XDR,NOK,middle,11.52317
2017-01-16,ZAR,NOK,middle,0.628
2017-01-17,AUD,NOK,middle,6.3805
2017-01-17,BGN,NOK,middle,4.6201
2017-01-17,BRL,NOK,middle,2.634
2017-01-17,BYN,NOK,middle,4.3428
2017-01-17,CAD,NOK,middle,6.476
2017-01-17,CHF,NOK,middle,8.4354
2017-01-17,CNY,NOK,middle,1.2338
2017-01-17,CZK,NOK,middle,0.33441
2017-01-17,DKK,NOK,middle,1.2151
2017-01-17,EUR,NOK,middle,9.036
2017-01-17,GBP,NOK,middle,10.411
2017-01-17,HKD,NOK,middle,1.0905
2017-01-17,HRK,NOK,middle,1.1996
2017-01-17,HUF,NOK,middle,0.029358
2017-01-17,IDR,NOK,middle,0.00063452
2017-01-17,ILS,NOK,middle,2.2141
2017-01-17,INR,NOK,middle,0.12441
2017-01-17,JPY,NOK,middle,0.074616
2017-01-17,KRW,NOK,middle,0.007236
2017-01-17,MXN,NOK,middle,0.3919
2017-01-17,MYR,NOK,middle,1.8953
2017-01-17,NZD,NOK,middle,6.0738
2017-01-17,PHP,NOK,middle,0.16974
2017-01-17,PKR,NOK,middle,0.0807
2017-01-17,PLN,NOK,middle,2.0681
2017-01-17,RON,NOK,middle,2.0076
2017-01-17,RUB,NOK,middle,0.14288
2017-01-17,SEK,NOK,middle,0.9508
2017-01-17,SGD,NOK,middle,5.9573
2017-01-17,THB,NOK,middle,0.23948
2017-01-17,TRY,NOK,middle,2.2278
2017-01-17,TWD,NOK,middle,0.26905
2017-01-17,TWI,NOK,middle,110.65
2017-01-17,USD,NOK,middle,8.4575
2017-01-17,XDR,NOK,middle,11.46267
2017-01-17,ZAR,NOK,middle,0.6276
2017-01-18,AUD,NOK,middle,6.3937
2017-01-18,BGN,NOK,middle,4.6186
2017-01-18,BRL,NOK,middle,2.6284
2017-01-18,BYN,NOK,middle,4.3584
2017-01-18,CAD,NOK,middle,6.4586
2017-01-18,CHF,NOK,middle,8.4373
2017-01-18,CNY,NOK,middle,1.2386
2017-01-18,CZK,NOK,middle,0.3343
2017-01-18,DKK,NOK,middle,1.2147
2017-01-18,EUR,NOK,middle,9.033
2017-01-18,GBP,NOK,middle,10.403
2017-01-18,HKD,NOK,middle,1.092
2017-01-18,HRK,NOK,middle,1.2
2017-01-18,HUF,NOK,middle,0.029336
2017-01-18,IDR,NOK,middle,0.00063486
2017-01-18,ILS,NOK,middle,2.2211
2017-01-18,INR,NOK,middle,0.12436
2017-01-18,JPY,NOK,middle,0.074622
2017-01-18,KRW,NOK,middle,0.00723
2017-01-18,MXN,NOK,middle,0.3905
2017-01-18,MYR,NOK,middle,1.9017
2017-01-18,NZD,NOK,middle,6.0877
2017-01-18,PHP,NOK,middle,0.16972
2017-01-18,PKR,NOK,middle,0.08082
2017-01-18,PLN,NOK,middle,2.0683
2017-01-18,RON,NOK,middle,2.0106
2017-01-18,RUB,NOK,middle,0.14282
2017-01-18,SEK,NOK,middle,0.9476
2017-01-18,SGD,NOK,middle,5.9522
2017-01-18,THB,NOK,middle,0.23989
2017-01-18,TRY,NOK,middle,2.2375
2017-01-18,TWD,NOK,middle,0.26844
2017-01-18,TWI,NOK,middle,110.61
2017-01-18,USD,NOK,middle,8.4706
2017-01-18,XDR,NOK,middle,11.46926
2017-01-18,ZAR,NOK,middle,0.6246
2017-01-19,AUD,NOK,middle,6.3908
2017-01-19,BGN,NOK,middle,4.6116
2017-01-19,BRL,NOK,middle,2.6354
2017-01-19,BYN,NOK,middle,4.3468
2017-01-19,CAD,NOK,middle,6.3655
2017-01-19,CHF,NOK,middle,8.4065
2017-01-19,CNY,NOK,middle,1.2315
2017-01-19,CZK,NOK,middle,0.33379
2017-01-19,DKK,NOK,middle,1.2129
2017-01-19,EUR,NOK,middle,9.0193
2017-01-19,GBP,NOK,middle,10.42
2017-01-19,HKD,NOK,middle,1.0898
2017-01-19,HRK,NOK,middle,1.1992
2017-01-19,HUF,NOK,middle,0.029245
2017-01-19,IDR,NOK,middle,0.00063221
2017-01-19,ILS,NOK,middle,2.2177
2017-01-19,INR,NOK,middle,0.12408
2017-01-19,JPY,NOK,middle,0.07379
2017-01-19,KRW,NOK,middle,0.007182
2017-01-19,MXN,NOK,middle,0.3847
2017-01-19,MYR,NOK,middle,1.9003
2017-01-19,NZD,NOK,middle,6.0707
2017-01-19,PHP,NOK,middle,0.16888
2017-01-19,PKR,NOK,middle,0.08067
2017-01-19,PLN,NOK,middle,2.0626
2017-01-19,RON,NOK,middle,2.0075
2017-01-19,RUB,NOK,middle,0.14186
2017-01-19,SEK,NOK,middle,0.9446
2017-01-19,SGD,NOK,middle,5.9275
2017-01-19,THB,NOK,middle,0.23886
2017-01-19,TRY,NOK,middle,2.2135
2017-01-19,TWD,NOK,middle,0.26753
2017-01-19,TWI,NOK,middle,110.35
2017-01-19,USD,NOK,middle,8.4545
2017-01-19,XDR,NOK,middle,11.4449
2017-01-19,ZAR,NOK,middle,0.6218
2017-01-20,AUD,NOK,middle,6.3755
2017-01-20,BGN,NOK,middle,4.6012
2017-01-20,BRL,NOK,middle,2.6486
2017-01-20,BYN,NOK,middle,4.3562
2017-01-20,CAD,NOK,middle,6.3297
2017-01-20,CHF,NOK,middle,8.3891
2017-01-20,CNY,NOK,middle,1.2306
2017-01-20,CZK,NOK,middle,0.33304
2017-01-20,DKK,NOK,middle,1.2102
2017-01-20,EUR,NOK,middle,8.999
2017-01-20,GBP,NOK,middle,10.392
2017-01-20,HKD,NOK,middle,1.091
2017-01-20,HRK,NOK,middle,1.1972
2017-01-20,HUF,NOK,middle,0.029114
2017-01-20,IDR,NOK,middle,0.00063118
2017-01-20,ILS,NOK,middle,2.222
2017-01-20,INR,NOK,middle,0.12415
2017-01-20,JPY,NOK,middle,0.073479
2017-01-20,KRW,NOK,middle,0.007195
2017-01-20,MXN,NOK,middle,0.3851
2017-01-20,MYR,NOK,middle,1.9031
2017-01-20,NZD,NOK,middle,6.0432
2017-01-20,PHP,NOK,middle,0.1691
2017-01-20,PKR,NOK,middle,0.08076
2017-01-20,PLN,NOK,middle,2.0593
2017-01-20,RON,NOK,middle,2.0024
2017-01-20,RUB,NOK,middle,0.14148
2017-01-20,SEK,NOK,middle,0.9465
2017-01-20,SGD,NOK,middle,5.9212
2017-01-20,THB,NOK,middle,0.23883
2017-01-20,TRY,NOK,middle,2.213
2017-01-20,TWD,NOK,middle,0.26771
2017-01-20,TWI,NOK,middle,110.21
2017-01-20,USD,NOK,middle,8.4641
2017-01-20,XDR,NOK,middle,11.43541
2017-01-20,ZAR,NOK,middle,0.6213
2017-01-23,AUD,NOK,middle,6.353
2017-01-23,BGN,NOK,middle,4.5986
2017-01-23,BRL,NOK,middle,2.6552
2017-01-23,BYN,NOK,middle,4.3368
2017-01-23,CAD,NOK,middle,6.3045
2017-01-23,CHF,NOK,middle,8.3845
2017-01-23,CNY,NOK,middle,1.2247
2017-01-23,CZK,NOK,middle,0.33278
2017-01-23,DKK,NOK,middle,1.2095
2017-01-23,EUR,NOK,middle,8.994
2017-01-23,GBP,NOK,middle,10.44
2017-01-23,HKD,NOK,middle,1.082
2017-01-23,HRK,NOK,middle,1.1983
2017-01-23,HUF,NOK,middle,0.02903
2017-01-23,IDR,NOK,middle,0.00062811
2017-01-23,ILS,NOK,middle,2.2091
2017-01-23,INR,NOK,middle,0.12315
2017-01-23,JPY,NOK,middle,0.073891
2017-01-23,KRW,NOK,middle,0.007186
2017-01-23,MXN,NOK,middle,0.392
2017-01-23,MYR,NOK,middle,1.8914
2017-01-23,NZD,NOK,middle,6.0391
2017-01-23,PHP,NOK,middle,0.16807
2017-01-23,PKR,NOK,middle,0.08008
2017-01-23,PLN,NOK,middle,2.0572
2017-01-23,RON,NOK,middle,1.9996
2017-01-23,RUB,NOK,middle,0.141
2017-01-23,SEK,NOK,middle,0.9456
2017-01-23,SGD,NOK,middle,5.9058
2017-01-23,THB,NOK,middle,0.23779
2017-01-23,TRY,NOK,middle,2.2167
2017-01-23,TWD,NOK,middle,0.26709
2017-01-23,TWI,NOK,middle,110.11
2017-01-23,USD,NOK,middle,8.3938
2017-01-23,XDR,NOK,middle,11.39769
2017-01-23,ZAR,NOK,middle,0.6192
2017-01-24,AUD,NOK,middle,6.3092
2017-01-24,BGN,NOK,middle,4.5801
2017-01-24,BRL,NOK,middle,2.6346
2017-01-24,BYN,NOK,middle,4.3183
2017-01-24,CAD,NOK,middle,6.2787
2017-01-24,CHF,NOK,middle,8.3421
2017-01-24,CNY,NOK,middle,1.2151
2017-01-24,CZK,NOK,middle,0.33151
2017-01-24,DKK,NOK,middle,1.2046
2017-01-24,EUR,NOK,middle,8.9578
2017-01-24,GBP,NOK,middle,10.374
2017-01-24,HKD,NOK,middle,1.0744
2017-01-24,HRK,NOK,middle,1.1937
2017-01-24,HUF,NOK,middle,0.028871
2017-01-24,IDR,NOK,middle,0.0006256
2017-01-24,ILS,NOK,middle,2.2003
2017-01-24,INR,NOK,middle,0.12239
2017-01-24,JPY,NOK,middle,0.073515
2017-01-24,KRW,NOK,middle,0.007153
2017-01-24,MXN,NOK,middle,0.3914
2017-01-24,MYR,NOK,middle,1.8792
2017-01-24,NZD,NOK,middle,6.0314
2017-01-24,PHP,NOK,middle,0.1674
2017-01-24,PKR,NOK,middle,0.07952
2017-01-24,PLN,NOK,middle,2.0487
2017-01-24,RON,NOK,middle,1.99
2017-01-24,RUB,NOK,middle,0.14072
2017-01-24,SEK,NOK,middle,0.9431
2017-01-24,SGD,NOK,middle,5.8755
2017-01-24,THB,NOK,middle,0.2367
2017-01-24,TRY,NOK,middle,2.2137
2017-01-24,TWD,NOK,middle,0.26576
2017-01-24,TWI,NOK,middle,109.59
2017-01-24,USD,NOK,middle,8.3344
2017-01-24,XDR,NOK,middle,11.33108
2017-01-24,ZAR,NOK,middle,0.6236
2017-01-25,AUD,NOK,middle,6.2937
2017-01-25,BGN,NOK,middle,4.5737
2017-01-25,BRL,NOK,middle,2.6266
2017-01-25,BYN,NOK,middle,4.321
2017-01-25,CAD,NOK,middle,6.3577
2017-01-25,CHF,NOK,middle,8.3352
2017-01-25,CNY,NOK,middle,1.2099
2017-01-25,CZK,NOK,middle,0.33104
2017-01-25,DKK,NOK,middle,1.2029
2017-01-25,EUR,NOK,middle,8.9453
2017-01-25,GBP,NOK,middle,10.484
2017-01-25,HKD,NOK,middle,1.0733
2017-01-25,HRK,NOK,middle,1.1931
2017-01-25,HUF,NOK,middle,0.028882
2017-01-25,IDR,NOK,middle,0.00062468
2017-01-25,ILS,NOK,middle,2.1999
2017-01-25,INR,NOK,middle,0.12231
2017-01-25,JPY,NOK,middle,0.073449
2017-01-25,KRW,NOK,middle,0.007148
2017-01-25,MXN,NOK,middle,0.3878
2017-01-25,MYR,NOK,middle,1.8789
2017-01-25,NZD,NOK,middle,6.0486
2017-01-25,PHP,NOK,middle,0.16775
2017-01-25,PKR,NOK,middle,0.07943
2017-01-25,PLN,NOK,middle,2.0497
2017-01-25,RON,NOK,middle,1.9885
2017-01-25,RUB,NOK,middle,0.14059
2017-01-25,SEK,NOK,middle,0.9433
2017-01-25,SGD,NOK,middle,5.8704
2017-01-25,THB,NOK,middle,0.23635
2017-01-25,TRY,NOK,middle,2.1774
2017-01-25,TWD,NOK,middle,0.26598
2017-01-25,TWI,NOK,middle,109.61
2017-01-25,USD,NOK,middle,8.3266
2017-01-25,XDR,NOK,middle,11.33209
2017-01-25,ZAR,NOK,middle,0.6274
2017-01-26,AUD,NOK,middle,6.2805
2017-01-26,BGN,NOK,middle,4.5616
2017-01-26,BRL,NOK,middle,2.6168
2017-01-26,BYN,NOK,middle,4.2968
2017-01-26,CAD,NOK,middle,6.3507
2017-01-26,CHF,NOK,middle,8.3433
2017-01-26,CNY,NOK,middle,1.2116
2017-01-26,CZK,NOK,middle,0.33017
2017-01-26,DKK,NOK,middle,1.1997
2017-01-26,EUR,NOK,middle,8.9215
2017-01-26,GBP,NOK,middle,10.478
2017-01-26,HKD,NOK,middle,1.0748
2017-01-26,HRK,NOK,middle,1.1927
2017-01-26,HUF,NOK,middle,0.028688
2017-01-26,IDR,NOK,middle,0.0006232
2017-01-26,ILS,NOK,middle,2.2014
2017-01-26,INR,NOK,middle,0.12228
2017-01-26,JPY,NOK,middle,0.072888
2017-01-26,KRW,NOK,middle,0.007148
2017-01-26,MXN,NOK,middle,0.3969
2017-01-26,MYR,NOK,middle,1.8826
2017-01-26,NZD,NOK,middle,6.0309
2017-01-26,PHP,NOK,middle,0.16715
2017-01-26,PKR,NOK,middle,0.07955
2017-01-26,PLN,NOK,middle,2.054
2017-01-26,RON,NOK,middle,1.9851
2017-01-26,RUB,NOK,middle,0.13783
2017-01-26,SEK,NOK,middle,0.9425
2017-01-26,SGD,NOK,middle,5.8586
2017-01-26,THB,NOK,middle,0.23617
2017-01-26,TRY,NOK,middle,2.157
2017-01-26,TWD,NOK,middle,0.26568
2017-01-26,TWI,NOK,middle,109.4
2017-01-26,USD,NOK,middle,8.3379
2017-01-26,XDR,NOK,middle,11.322
2017-01-26,ZAR,NOK,middle,0.6234
2017-01-27,AUD,NOK,middle,6.2947
2017-01-27,BGN,NOK,middle,4.5603
2017-01-27,BRL,NOK,middle,2.6361
2017-01-27,BYN,NOK,middle,4.3165
2017-01-27,CAD,NOK,middle,6.3653
2017-01-27,CHF,NOK,middle,8.3441
2017-01-27,CNY,NOK,middle,1.2109
2017-01-27,CZK,NOK,middle,0.33008
2017-01-27,DKK,NOK,middle,1.1993
2017-01-27,EUR,NOK,middle,8.919
2017-01-27,GBP,NOK,middle,10.472
2017-01-27,HKD,NOK,middle,1.0762
2017-01-27,HRK,NOK,middle,1.1921
2017-01-27,HUF,NOK,middle,0.02862
2017-01-27,IDR,NOK,middle,0.00062472
2017-01-27,ILS,NOK,middle,2.2048
2017-01-27,INR,NOK,middle,0.12268
2017-01-27,JPY,NOK,middle,0.072506
2017-01-27,KRW,NOK,middle,0.007113
2017-01-27,MXN,NOK,middle,0.3956
2017-01-27,MYR,NOK,middle,1.8843
2017-01-27,NZD,NOK,middle,6.0566
2017-01-27,PHP,NOK,middle,0.16758
2017-01-27,PKR,NOK,middle,0.07967
2017-01-27,PLN,NOK,middle,2.0551
2017-01-27,RON,NOK,middle,1.9794
2017-01-27,RUB,NOK,middle,0.13901
2017-01-27,SEK,NOK,middle,0.9435
2017-01-27,SGD,NOK,middle,5.8485
2017-01-27,THB,NOK,middle,0.23668
2017-01-27,TRY,NOK,middle,2.1535
2017-01-27,TWD,NOK,middle,0.26489
2017-01-27,TWI,NOK,middle,109.41
2017-01-27,USD,NOK,middle,8.3503
2017-01-27,XDR,NOK,middle,11.32362
2017-01-27,ZAR,NOK,middle,0.6174
2017-01-30,AUD,NOK,middle,6.2909
2017-01-30,BGN,NOK,middle,4.5382
2017-01-30,BRL,NOK,middle,2.664
2017-01-30,BYN,NOK,middle,4.3151
2017-01-30,CAD,NOK,middle,6.3476
2017-01-30,CHF,NOK,middle,8.3192
2017-01-30,CNY,NOK,middle,1.2141
2017-01-30,CZK,NOK,middle,0.32847
2017-01-30,DKK,NOK,middle,1.1934
2017-01-30,EUR,NOK,middle,8.8758
2017-01-30,GBP,NOK,middle,10.45
2017-01-30,HKD,NOK,middle,1.0762
2017-01-30,HRK,NOK,middle,1.187
2017-01-30,HUF,NOK,middle,0.028558
2017-01-30,IDR,NOK,middle,0.00062623
2017-01-30,ILS,NOK,middle,2.2064
2017-01-30,INR,NOK,middle,0.12288
2017-01-30,JPY,NOK,middle,0.072896
2017-01-30,KRW,NOK,middle,0.007088
2017-01-30,MXN,NOK,middle,0.4019
2017-01-30,MYR,NOK,middle,1.8847
2017-01-30,NZD,NOK,middle,6.0511
2017-01-30,PHP,NOK,middle,0.16779
2017-01-30,PKR,NOK,middle,0.07967
2017-01-30,PLN,NOK,middle,2.0494
2017-01-30,RON,NOK,middle,1.972
2017-01-30,RUB,NOK,middle,0.13916
2017-01-30,SEK,NOK,middle,0.9403
2017-01-30,SGD,NOK,middle,5.8482
2017-01-30,THB,NOK,middle,0.23674
2017-01-30,TRY,NOK,middle,2.1883
2017-01-30,TWD,NOK,middle,0.2646
2017-01-30,TWI,NOK,middle,109.16
2017-01-30,USD,NOK,middle,8.3498
2017-01-30,XDR,NOK,middle,11.30691
2017-01-30,ZAR,NOK,middle,0.6142
2017-01-31,AUD,NOK,middle,6.26
2017-01-31,BGN,NOK,middle,4.5444
2017-01-31,BRL,NOK,middle,2.6504
2017-01-31,BYN,NOK,middle,4.2719
2017-01-31,CAD,NOK,middle,6.3233
2017-01-31,CHF,NOK,middle,8.3315
2017-01-31,CNY,NOK,middle,1.2016
2017-01-31,CZK,NOK,middle,0.32893
2017-01-31,DKK,NOK,middle,1.1951
2017-01-31,EUR,NOK,middle,8.888
2017-01-31,GBP,NOK,middle,10.322
2017-01-31,HKD,NOK,middle,1.0652
2017-01-31,HRK,NOK,middle,1.1884
2017-01-31,HUF,NOK,middle,0.028612
2017-01-31,IDR,NOK,middle,0.00061879
2017-01-31,ILS,NOK,middle,2.1905
2017-01-31,INR,NOK,middle,0.12209
2017-01-31,JPY,NOK,middle,0.072888
2017-01-31,KRW,NOK,middle,0.00714
2017-01-31,MXN,NOK,middle,0.3988
2017-01-31,MYR,NOK,middle,1.8669
2017-01-31,NZD,NOK,middle,6.0426
2017-01-31,PHP,NOK,middle,0.16617
2017-01-31,PKR,NOK,middle,0.07885
2017-01-31,PLN,NOK,middle,2.0556
2017-01-31,RON,NOK,middle,1.9738
2017-01-31,RUB,NOK,middle,0.13795
2017-01-31,SEK,NOK,middle,0.9405
2017-01-31,SGD,NOK,middle,5.847
2017-01-31,THB,NOK,middle,0.23518
2017-01-31,TRY,NOK,middle,2.1874
2017-01-31,TWD,NOK,middle,0.26458
2017-01-31,TWI,NOK,middle,108.86
2017-01-31,USD,NOK,middle,8.2641
2017-01-31,XDR,NOK,middle,11.24214
2017-01-31,ZAR,NOK,middle,0.6153
2017-02-01,AUD,NOK,middle,6.2446
2017-02-01,BGN,NOK,middle,4.5419
2017-02-01,BRL,NOK,middle,2.619
2017-02-01,BYN,NOK,middle,4.2579
2017-02-01,CAD,NOK,middle,6.3013
2017-02-01,CHF,NOK,middle,8.3174
2017-02-01,CNY,NOK,middle,1.196
2017-02-01,CZK,NOK,middle,0.32874
2017-02-01,DKK,NOK,middle,1.1944
2017-02-01,EUR,NOK,middle,8.883
2017-02-01,GBP,NOK,middle,10.399
2017-02-01,HKD,NOK,middle,1.061
2017-02-01,HRK,NOK,middle,1.19
2017-02-01,HUF,NOK,middle,0.028675
2017-02-01,IDR,NOK,middle,0.00061585
2017-02-01,ILS,NOK,middle,2.1846
2017-02-01,INR,NOK,middle,0.1221
2017-02-01,JPY,NOK,middle,0.072663
2017-02-01,KRW,NOK,middle,0.007119
2017-02-01,MXN,NOK,middle,0.3976
2017-02-01,MYR,NOK,middle,1.8591
2017-02-01,NZD,NOK,middle,5.9951
2017-02-01,PHP,NOK,middle,0.16538
2017-02-01,PKR,NOK,middle,0.07857
2017-02-01,PLN,NOK,middle,2.0569
2017-02-01,RON,NOK,middle,1.9533
2017-02-01,RUB,NOK,middle,0.13694
2017-02-01,SEK,NOK,middle,0.9425
2017-02-01,SGD,NOK,middle,5.8287
2017-02-01,THB,NOK,middle,0.23442
2017-02-01,TRY,NOK,middle,2.189
2017-02-01,TWD,NOK,middle,0.2642
2017-02-01,TWI,NOK,middle,108.83
2017-02-01,USD,NOK,middle,8.2326
2017-02-01,XDR,NOK,middle,11.22474
2017-02-01,ZAR,NOK,middle,0.6133
2017-02-02,AUD,NOK,middle,6.2998
2017-02-02,BGN,NOK,middle,4.5288
2017-02-02,BRL,NOK,middle,2.6315
2017-02-02,BYN,NOK,middle,4.1973
2017-02-02,CAD,NOK,middle,6.3043
2017-02-02,CHF,NOK,middle,8.2858
2017-02-02,CNY,NOK,middle,1.1909
2017-02-02,CZK,NOK,middle,0.32779
2017-02-02,DKK,NOK,middle,1.1909
2017-02-02,EUR,NOK,middle,8.8575
2017-02-02,GBP,NOK,middle,10.291
2017-02-02,HKD,NOK,middle,1.0562
2017-02-02,HRK,NOK,middle,1.189
2017-02-02,HUF,NOK,middle,0.028679
2017-02-02,IDR,NOK,middle,0.00061377
2017-02-02,ILS,NOK,middle,2.1789
2017-02-02,INR,NOK,middle,0.1219
2017-02-02,JPY,NOK,middle,0.072961
2017-02-02,KRW,NOK,middle,0.007177
2017-02-02,MXN,NOK,middle,0.3979
2017-02-02,MYR,NOK,middle,1.8525
2017-02-02,NZD,NOK,middle,5.9998
2017-02-02,PHP,NOK,middle,0.16493
2017-02-02,PKR,NOK,middle,0.0782
2017-02-02,PLN,NOK,middle,2.0565
2017-02-02,RON,NOK,middle,1.9541
2017-02-02,RUB,NOK,middle,0.13764
2017-02-02,SEK,NOK,middle,0.9405
2017-02-02,SGD,NOK,middle,5.8151
2017-02-02,THB,NOK,middle,0.23375
2017-02-02,TRY,NOK,middle,2.1932
2017-02-02,TWD,NOK,middle,0.2636
2017-02-02,TWI,NOK,middle,108.51
2017-02-02,USD,NOK,middle,8.1953
2017-02-02,XDR,NOK,middle,11.1809
2017-02-02,ZAR,NOK,middle,0.612
2017-02-03,AUD,NOK,middle,6.3006
2017-02-03,BGN,NOK,middle,4.5285
2017-02-03,BRL,NOK,middle,2.6327
2017-02-03,BYN,NOK,middle,4.2824
2017-02-03,CAD,NOK,middle,6.3159
2017-02-03,CHF,NOK,middle,8.2813
2017-02-03,CNY,NOK,middle,1.2005
2017-02-03,CZK,NOK,middle,0.32777
2017-02-03,DKK,NOK,middle,1.1908
2017-02-03,EUR,NOK,middle,8.8568
2017-02-03,GBP,NOK,middle,10.297
2017-02-03,HKD,NOK,middle,1.0627
2017-02-03,HRK,NOK,middle,1.1915
2017-02-03,HUF,NOK,middle,0.02862
2017-02-03,IDR,NOK,middle,0.00061789
2017-02-03,ILS,NOK,middle,2.1965
2017-02-03,INR,NOK,middle,0.12249
2017-02-03,JPY,NOK,middle,0.072901
2017-02-03,KRW,NOK,middle,0.007188
2017-02-03,MXN,NOK,middle,0.4023
2017-02-03,MYR,NOK,middle,1.8622
2017-02-03,NZD,NOK,middle,5.992
2017-02-03,PHP,NOK,middle,0.16567
2017-02-03,PKR,NOK,middle,0.0787
2017-02-03,PLN,NOK,middle,2.0611
2017-02-03,RON,NOK,middle,1.9613
2017-02-03,RUB,NOK,middle,0.13923
2017-02-03,SEK,NOK,middle,0.938
2017-02-03,SGD,NOK,middle,5.8322
2017-02-03,THB,NOK,middle,0.23522
2017-02-03,TRY,NOK,middle,2.2077
2017-02-03,TWD,NOK,middle,0.26568
2017-02-03,TWI,NOK,middle,108.63
2017-02-03,USD,NOK,middle,8.2458
2017-02-03,XDR,NOK,middle,11.21347
2017-02-03,ZAR,NOK,middle,0.6142
2017-02-06,AUD,NOK,middle,6.3159
2017-02-06,BGN,NOK,middle,4.523
2017-02-06,BRL,NOK,middle,2.6479
2017-02-06,BYN,NOK,middle,4.3179
2017-02-06,CAD,NOK,middle,6.3244
2017-02-06,CHF,NOK,middle,8.2905
2017-02-06,CNY,NOK,middle,1.2035
2017-02-06,CZK,NOK,middle,0.32738
2017-02-06,DKK,NOK,middle,1.1894
2017-02-06,EUR,NOK,middle,8.846
2017-02-06,GBP,NOK,middle,10.292
2017-02-06,HKD,NOK,middle,1.0644
2017-02-06,HRK,NOK,middle,1.1875
2017-02-06,HUF,NOK,middle,0.028613
2017-02-06,IDR,NOK,middle,0.00062114
2017-02-06,ILS,NOK,middle,2.2035
2017-02-06,INR,NOK,middle,0.12296
2017-02-06,JPY,NOK,middle,0.073545
2017-02-06,KRW,NOK,middle,0.007267
2017-02-06,MXN,NOK,middle,0.4054
2017-02-06,MYR,NOK,middle,1.8654
2017-02-06,NZD,NOK,middle,6.0292
2017-02-06,PHP,NOK,middle,0.16634
2017-02-06,PKR,NOK,middle,0.07882
2017-02-06,PLN,NOK,middle,2.0684
2017-02-06,RON,NOK,middle,1.9621
2017-02-06,RUB,NOK,middle,0.14032
2017-02-06,SEK,NOK,middle,0.935
2017-02-06,SGD,NOK,middle,5.856
2017-02-06,THB,NOK,middle,0.23581
2017-02-06,TRY,NOK,middle,2.2449
2017-02-06,TWD,NOK,middle,0.2677
2017-02-06,TWI,NOK,middle,108.66
2017-02-06,USD,NOK,middle,8.258
2017-02-06,XDR,NOK,middle,11.2246
2017-02-06,ZAR,NOK,middle,0.6211
2017-02-07,AUD,NOK,middle,6.3392
2017-02-07,BGN,NOK,middle,4.5423
2017-02-07,BRL,NOK,middle,2.6616
2017-02-07,BYN,NOK,middle,4.3355
2017-02-07,CAD,NOK,middle,6.3131
2017-02-07,CHF,NOK,middle,8.3353
2017-02-07,CNY,NOK,middle,1.2089
2017-02-07,CZK,NOK,middle,0.32877
2017-02-07,DKK,NOK,middle,1.1948
2017-02-07,EUR,NOK,middle,8.8838
2017-02-07,GBP,NOK,middle,10.291
2017-02-07,HKD,NOK,middle,1.0726
2017-02-07,HRK,NOK,middle,1.1928
2017-02-07,HUF,NOK,middle,0.028684
2017-02-07,IDR,NOK,middle,0.00062438
2017-02-07,ILS,NOK,middle,2.2162
2017-02-07,INR,NOK,middle,0.12343
2017-02-07,JPY,NOK,middle,0.074069
2017-02-07,KRW,NOK,middle,0.007255
2017-02-07,MXN,NOK,middle,0.4032
2017-02-07,MYR,NOK,middle,1.876
2017-02-07,NZD,NOK,middle,6.0719
2017-02-07,PHP,NOK,middle,0.16728
2017-02-07,PKR,NOK,middle,0.07942
2017-02-07,PLN,NOK,middle,2.0643
2017-02-07,RON,NOK,middle,1.9786
2017-02-07,RUB,NOK,middle,0.14003
2017-02-07,SEK,NOK,middle,0.937
2017-02-07,SGD,NOK,middle,5.867
2017-02-07,THB,NOK,middle,0.23743
2017-02-07,TRY,NOK,middle,2.233
2017-02-07,TWD,NOK,middle,0.26784
2017-02-07,TWI,NOK,middle,109
2017-02-07,USD,NOK,middle,8.3221
2017-02-07,XDR,NOK,middle,11.28895
2017-02-07,ZAR,NOK,middle,0.6193
2017-02-08,AUD,NOK,middle,6.3635
2017-02-08,BGN,NOK,middle,4.5421
2017-02-08,BRL,NOK,middle,2.6653
2017-02-08,BYN,NOK,middle,4.3417
2017-02-08,CAD,NOK,middle,6.3363
2017-02-08,CHF,NOK,middle,8.3515
2017-02-08,CNY,NOK,middle,1.212
2017-02-08,CZK,NOK,middle,0.32876
2017-02-08,DKK,NOK,middle,1.195
2017-02-08,EUR,NOK,middle,8.8835
2017-02-08,GBP,NOK,middle,10.413
2017-02-08,HKD,NOK,middle,1.0736
2017-02-08,HRK,NOK,middle,1.1912
2017-02-08,HUF,NOK,middle,0.028719
2017-02-08,IDR,NOK,middle,0.00062511
2017-02-08,ILS,NOK,middle,2.2197
2017-02-08,INR,NOK,middle,0.12406
2017-02-08,JPY,NOK,middle,0.074407
2017-02-08,KRW,NOK,middle,0.007278
2017-02-08,MXN,NOK,middle,0.4055
2017-02-08,MYR,NOK,middle,1.8765
2017-02-08,NZD,NOK,middle,6.0846
2017-02-08,PHP,NOK,middle,0.16688
2017-02-08,PKR,NOK,middle,0.07944
2017-02-08,PLN,NOK,middle,2.0603
2017-02-08,RON,NOK,middle,1.9789
2017-02-08,RUB,NOK,middle,0.1406
2017-02-08,SEK,NOK,middle,0.9398
2017-02-08,SGD,NOK,middle,5.8784
2017-02-08,THB,NOK,middle,0.23779
2017-02-08,TRY,NOK,middle,2.2372
2017-02-08,TWD,NOK,middle,0.26825
2017-02-08,TWI,NOK,middle,109.24
2017-02-08,USD,NOK,middle,8.3296
2017-02-08,XDR,NOK,middle,11.31155
2017-02-08,ZAR,NOK,middle,0.6205
2017-02-09,AUD,NOK,middle,6.3631
2017-02-09,BGN,NOK,middle,4.5434
2017-02-09,BRL,NOK,middle,2.6661
2017-02-09,BYN,NOK,middle,4.3535
2017-02-09,CAD,NOK,middle,6.3399
2017-02-09,CHF,NOK,middle,8.3265
2017-02-09,CNY,NOK,middle,1.2104
2017-02-09,CZK,NOK,middle,0.32886
2017-02-09,DKK,NOK,middle,1.1952
2017-02-09,EUR,NOK,middle,8.886
2017-02-09,GBP,NOK,middle,10.443
2017-02-09,HKD,NOK,middle,1.0712
2017-02-09,HRK,NOK,middle,1.1896
2017-02-09,HUF,NOK,middle,0.028781
2017-02-09,IDR,NOK,middle,0.000627
2017-02-09,ILS,NOK,middle,2.2172
2017-02-09,INR,NOK,middle,0.12452
2017-02-09,JPY,NOK,middle,0.074025
2017-02-09,KRW,NOK,middle,0.007265
2017-02-09,MXN,NOK,middle,0.4065
2017-02-09,MYR,NOK,middle,1.8722
2017-02-09,NZD,NOK,middle,6.0028
2017-02-09,PHP,NOK,middle,0.1665
2017-02-09,PKR,NOK,middle,0.07931
2017-02-09,PLN,NOK,middle,2.0619
2017-02-09,RON,NOK,middle,1.9771
2017-02-09,RUB,NOK,middle,0.14133
2017-02-09,SEK,NOK,middle,0.937
2017-02-09,SGD,NOK,middle,5.875
2017-02-09,THB,NOK,middle,0.23738
2017-02-09,TRY,NOK,middle,2.2504
2017-02-09,TWD,NOK,middle,0.26814
2017-02-09,TWI,NOK,middle,109.23
2017-02-09,USD,NOK,middle,8.3109
2017-02-09,XDR,NOK,middle,11.29917
2017-02-09,ZAR,NOK,middle,0.6198
2017-02-10,AUD,NOK,middle,6.4052
2017-02-10,BGN,NOK,middle,4.5539
2017-02-10,BRL,NOK,middle,2.6932
2017-02-10,BYN,NOK,middle,4.4114
2017-02-10,CAD,NOK,middle,6.3777
2017-02-10,CHF,NOK,middle,8.348
2017-02-10,CNY,NOK,middle,1.2181
2017-02-10,CZK,NOK,middle,0.32961
2017-02-10,DKK,NOK,middle,1.198
2017-02-10,EUR,NOK,middle,8.9065
2017-02-10,GBP,NOK,middle,10.443
2017-02-10,HKD,NOK,middle,1.0799
2017-02-10,HRK,NOK,middle,1.194
2017-02-10,HUF,NOK,middle,0.028875
2017-02-10,IDR,NOK,middle,0.00063013
2017-02-10,ILS,NOK,middle,2.2356
2017-02-10,INR,NOK,middle,0.12519
2017-02-10,JPY,NOK,middle,0.073821
2017-02-10,KRW,NOK,middle,0.007285
2017-02-10,MXN,NOK,middle,0.4133
2017-02-10,MYR,NOK,middle,1.8853
2017-02-10,NZD,NOK,middle,6.0187
2017-02-10,PHP,NOK,middle,0.16774
2017-02-10,PKR,NOK,middle,0.07998
2017-02-10,PLN,NOK,middle,2.0735
2017-02-10,RON,NOK,middle,1.9791
2017-02-10,RUB,NOK,middle,0.14302
2017-02-10,SEK,NOK,middle,0.9388
2017-02-10,SGD,NOK,middle,5.8937
2017-02-10,THB,NOK,middle,0.23877
2017-02-10,TRY,NOK,middle,2.2736
2017-02-10,TWD,NOK,middle,0.27009
2017-02-10,TWI,NOK,middle,109.58
2017-02-10,USD,NOK,middle,8.3794
2017-02-10,XDR,NOK,middle,11.35057
2017-02-10,ZAR,NOK,middle,0.6278
2017-02-13,AUD,NOK,middle,6.4194
2017-02-13,BGN,NOK,middle,4.5515
2017-02-13,BRL,NOK,middle,2.6846
2017-02-13,BYN,NOK,middle,4.4383
2017-02-13,CAD,NOK,middle,6.3963
2017-02-13,CHF,NOK,middle,8.3405
2017-02-13,CNY,NOK,middle,1.2184
2017-02-13,CZK,NOK,middle,0.32944
2017-02-13,DKK,NOK,middle,1.1971
2017-02-13,EUR,NOK,middle,8.9018
2017-02-13,GBP,NOK,middle,10.486
2017-02-13,HKD,NOK,middle,1.0794
2017-02-13,HRK,NOK,middle,1.1951
2017-02-13,HUF,NOK,middle,0.0289
2017-02-13,IDR,NOK,middle,0.00062871
2017-02-13,ILS,NOK,middle,2.2319
2017-02-13,INR,NOK,middle,0.12505
2017-02-13,JPY,NOK,middle,0.073629
2017-02-13,KRW,NOK,middle,0.007277
2017-02-13,MXN,NOK,middle,0.4116
2017-02-13,MYR,NOK,middle,1.8827
2017-02-13,NZD,NOK,middle,6.0115
2017-02-13,PHP,NOK,middle,0.16777
2017-02-13,PKR,NOK,middle,0.07988
2017-02-13,PLN,NOK,middle,2.0636
2017-02-13,RON,NOK,middle,1.9772
2017-02-13,RUB,NOK,middle,0.14435
2017-02-13,SEK,NOK,middle,0.9392
2017-02-13,SGD,NOK,middle,5.8902
2017-02-13,THB,NOK,middle,0.23881
2017-02-13,TRY,NOK,middle,2.2722
2017-02-13,TWD,NOK,middle,0.27055
2017-02-13,TWI,NOK,middle,109.6
2017-02-13,USD,NOK,middle,8.375
2017-02-13,XDR,NOK,middle,11.34797
2017-02-13,ZAR,NOK,middle,0.6277
2017-02-14,AUD,NOK,middle,6.428
2017-02-14,BGN,NOK,middle,4.5398
2017-02-14,BRL,NOK,middle,2.7003
2017-02-14,BYN,NOK,middle,4.4542
2017-02-14,CAD,NOK,middle,6.4145
2017-02-14,CHF,NOK,middle,8.33
2017-02-14,CNY,NOK,middle,1.2179
2017-02-14,CZK,NOK,middle,0.3286
2017-02-14,DKK,NOK,middle,1.1941
2017-02-14,EUR,NOK,middle,8.879
2017-02-14,GBP,NOK,middle,10.434
2017-02-14,HKD,NOK,middle,1.0773
2017-02-14,HRK,NOK,middle,1.1912
2017-02-14,HUF,NOK,middle,0.028816
2017-02-14,IDR,NOK,middle,0.00062802
2017-02-14,ILS,NOK,middle,2.2319
2017-02-14,INR,NOK,middle,0.1251
2017-02-14,JPY,NOK,middle,0.073727
2017-02-14,KRW,NOK,middle,0.007352
2017-02-14,MXN,NOK,middle,0.413
2017-02-14,MYR,NOK,middle,1.8786
2017-02-14,NZD,NOK,middle,6.0074
2017-02-14,PHP,NOK,middle,0.16768
2017-02-14,PKR,NOK,middle,0.07976
2017-02-14,PLN,NOK,middle,2.0643
2017-02-14,RON,NOK,middle,1.9709
2017-02-14,RUB,NOK,middle,0.1457
2017-02-14,SEK,NOK,middle,0.9381
2017-02-14,SGD,NOK,middle,5.902
2017-02-14,THB,NOK,middle,0.23898
2017-02-14,TRY,NOK,middle,2.2896
2017-02-14,TWD,NOK,middle,0.27191
2017-02-14,TWI,NOK,middle,109.45
2017-02-14,USD,NOK,middle,8.3583
2017-02-14,XDR,NOK,middle,11.32245
2017-02-14,ZAR,NOK,middle,0.6381
2017-02-15,AUD,NOK,middle,6.4329
2017-02-15,BGN,NOK,middle,4.5262
2017-02-15,BRL,NOK,middle,2.7234
2017-02-15,BYN,NOK,middle,4.4909
2017-02-15,CAD,NOK,middle,6.4105
2017-02-15,CHF,NOK,middle,8.3105
2017-02-15,CNY,NOK,middle,1.2207
2017-02-15,CZK,NOK,middle,0.32761
2017-02-15,DKK,NOK,middle,1.1907
2017-02-15,EUR,NOK,middle,8.8523
2017-02-15,GBP,NOK,middle,10.415
2017-02-15,HKD,NOK,middle,1.0806
2017-02-15,HRK,NOK,middle,1.1871
2017-02-15,HUF,NOK,middle,0.028702
2017-02-15,IDR,NOK,middle,0.00062957
2017-02-15,ILS,NOK,middle,2.239
2017-02-15,INR,NOK,middle,0.12539
2017-02-15,JPY,NOK,middle,0.07325
2017-02-15,KRW,NOK,middle,0.007344
2017-02-15,MXN,NOK,middle,0.4122
2017-02-15,MYR,NOK,middle,1.8851
2017-02-15,NZD,NOK,middle,6.0199
2017-02-15,PHP,NOK,middle,0.16791
2017-02-15,PKR,NOK,middle,0.08005
2017-02-15,PLN,NOK,middle,2.058
2017-02-15,RON,NOK,middle,1.9609
2017-02-15,RUB,NOK,middle,0.14517
2017-02-15,SEK,NOK,middle,0.9367
2017-02-15,SGD,NOK,middle,5.8968
2017-02-15,THB,NOK,middle,0.23942
2017-02-15,TRY,NOK,middle,2.2897
2017-02-15,TWD,NOK,middle,0.2725
2017-02-15,TWI,NOK,middle,109.26
2017-02-15,USD,NOK,middle,8.3868
2017-02-15,XDR,NOK,middle,11.3225
2017-02-15,ZAR,NOK,middle,0.6429
2017-02-16,AUD,NOK,middle,6.4231
2017-02-16,BGN,NOK,middle,4.5347
2017-02-16,BRL,NOK,middle,2.7372
2017-02-16,BYN,NOK,middle,4.4608
2017-02-16,CAD,NOK,middle,6.3967
2017-02-16,CHF,NOK,middle,8.33
2017-02-16,CNY,NOK,middle,1.2145
2017-02-16,CZK,NOK,middle,0.32823
2017-02-16,DKK,NOK,middle,1.193
2017-02-16,EUR,NOK,middle,8.869
2017-02-16,GBP,NOK,middle,10.421
2017-02-16,HKD,NOK,middle,1.0728
2017-02-16,HRK,NOK,middle,1.1905
2017-02-16,HUF,NOK,middle,0.028773
2017-02-16,IDR,NOK,middle,0.00062509
2017-02-16,ILS,NOK,middle,2.2406
2017-02-16,INR,NOK,middle,0.12428
2017-02-16,JPY,NOK,middle,0.073328
2017-02-16,KRW,NOK,middle,0.007307
2017-02-16,MXN,NOK,middle,0.4106
2017-02-16,MYR,NOK,middle,1.8696
2017-02-16,NZD,NOK,middle,6.0149
2017-02-16,PHP,NOK,middle,0.16679
2017-02-16,PKR,NOK,middle,0.07945
2017-02-16,PLN,NOK,middle,2.0542
2017-02-16,RON,NOK,middle,1.9612
2017-02-16,RUB,NOK,middle,0.14563
2017-02-16,SEK,NOK,middle,0.9361
2017-02-16,SGD,NOK,middle,5.872
2017-02-16,THB,NOK,middle,0.23789
2017-02-16,TRY,NOK,middle,2.272
2017-02-16,TWD,NOK,middle,0.27081
2017-02-16,TWI,NOK,middle,109.25
2017-02-16,USD,NOK,middle,8.3261
2017-02-16,XDR,NOK,middle,11.2905
2017-02-16,ZAR,NOK,middle,0.6434
2017-02-17,AUD,NOK,middle,6.381
2017-02-17,BGN,NOK,middle,4.5324
2017-02-17,BRL,NOK,middle,2.6921
2017-02-17,BYN,NOK,middle,4.4327
2017-02-17,CAD,NOK,middle,6.3641
2017-02-17,CHF,NOK,middle,8.3336
2017-02-17,CNY,NOK,middle,1.2121
2017-02-17,CZK,NOK,middle,0.32806
2017-02-17,DKK,NOK,middle,1.1925
2017-02-17,EUR,NOK,middle,8.8645
2017-02-17,GBP,NOK,middle,10.341
2017-02-17,HKD,NOK,middle,1.0724
2017-02-17,HRK,NOK,middle,1.1913
2017-02-17,HUF,NOK,middle,0.028751
2017-02-17,IDR,NOK,middle,0.0006243
2017-02-17,ILS,NOK,middle,2.2459
2017-02-17,INR,NOK,middle,0.12405
2017-02-17,JPY,NOK,middle,0.073822
2017-02-17,KRW,NOK,middle,0.007238
2017-02-17,MXN,NOK,middle,0.4065
2017-02-17,MYR,NOK,middle,1.8692
2017-02-17,NZD,NOK,middle,5.9859
2017-02-17,PHP,NOK,middle,0.16629
2017-02-17,PKR,NOK,middle,0.07943
2017-02-17,PLN,NOK,middle,2.047
2017-02-17,RON,NOK,middle,1.9602
2017-02-17,RUB,NOK,middle,0.14305
2017-02-17,SEK,NOK,middle,0.9383
2017-02-17,SGD,NOK,middle,5.876
2017-02-17,THB,NOK,middle,0.23785
2017-02-17,TRY,NOK,middle,2.2662
2017-02-17,TWD,NOK,middle,0.26942
2017-02-17,TWI,NOK,middle,109.05
2017-02-17,USD,NOK,middle,8.3235
2017-02-17,XDR,NOK,middle,11.28412
2017-02-17,ZAR,NOK,middle,0.6361
2017-02-20,AUD,NOK,middle,6.4017
2017-02-20,BGN,NOK,middle,4.5285
2017-02-20,BRL,NOK,middle,2.6933
2017-02-20,BYN,NOK,middle,4.4495
2017-02-20,CAD,NOK,middle,6.3636
2017-02-20,CHF,NOK,middle,8.3162
2017-02-20,CNY,NOK,middle,1.2131
2017-02-20,CZK,NOK,middle,0.32777
2017-02-20,DKK,NOK,middle,1.1915
2017-02-20,EUR,NOK,middle,8.8568
2017-02-20,GBP,NOK,middle,10.402
2017-02-20,HKD,NOK,middle,1.075
2017-02-20,HRK,NOK,middle,1.1891
2017-02-20,HUF,NOK,middle,0.028732
2017-02-20,IDR,NOK,middle,0.00062453
2017-02-20,ILS,NOK,middle,2.2501
2017-02-20,INR,NOK,middle,0.12463
2017-02-20,JPY,NOK,middle,0.073739
2017-02-20,KRW,NOK,middle,0.00727
2017-02-20,MXN,NOK,middle,0.4076
2017-02-20,MYR,NOK,middle,1.8711
2017-02-20,NZD,NOK,middle,5.9957
2017-02-20,PHP,NOK,middle,0.16567
2017-02-20,PKR,NOK,middle,0.07961
2017-02-20,PLN,NOK,middle,2.048
2017-02-20,RON,NOK,middle,1.9587
2017-02-20,RUB,NOK,middle,0.14373
2017-02-20,SEK,NOK,middle,0.9344
2017-02-20,SGD,NOK,middle,5.8822
2017-02-20,THB,NOK,middle,0.23823
2017-02-20,TRY,NOK,middle,2.3016
2017-02-20,TWD,NOK,middle,0.27088
2017-02-20,TWI,NOK,middle,109.08
2017-02-20,USD,NOK,middle,8.3429
2017-02-20,XDR,NOK,middle,11.29998
2017-02-20,ZAR,NOK,middle,0.6364
2017-02-21,AUD,NOK,middle,6.4044
2017-02-21,BGN,NOK,middle,4.5065
2017-02-21,BRL,NOK,middle,2.7017
2017-02-21,BYN,NOK,middle,4.4635
2017-02-21,CAD,NOK,middle,6.3684
2017-02-21,CHF,NOK,middle,8.2844
2017-02-21,CNY,NOK,middle,1.2149
2017-02-21,CZK,NOK,middle,0.32618
2017-02-21,DKK,NOK,middle,1.1857
2017-02-21,EUR,NOK,middle,8.8138
2017-02-21,GBP,NOK,middle,10.386
2017-02-21,HKD,NOK,middle,1.0777
2017-02-21,HRK,NOK,middle,1.1827
2017-02-21,HUF,NOK,middle,0.028719
2017-02-21,IDR,NOK,middle,0.00062551
2017-02-21,ILS,NOK,middle,2.2593
2017-02-21,INR,NOK,middle,0.12497
2017-02-21,JPY,NOK,middle,0.073589
2017-02-21,KRW,NOK,middle,0.007292
2017-02-21,MXN,NOK,middle,0.4094
2017-02-21,MYR,NOK,middle,1.8764
2017-02-21,NZD,NOK,middle,5.9726
2017-02-21,PHP,NOK,middle,0.16633
2017-02-21,PKR,NOK,middle,0.07982
2017-02-21,PLN,NOK,middle,2.0467
2017-02-21,RON,NOK,middle,1.9521
2017-02-21,RUB,NOK,middle,0.14487
2017-02-21,SEK,NOK,middle,0.9308
2017-02-21,SGD,NOK,middle,5.8802
2017-02-21,THB,NOK,middle,0.23875
2017-02-21,TRY,NOK,middle,2.3065
2017-02-21,TWD,NOK,middle,0.27164
2017-02-21,TWI,NOK,middle,108.81
2017-02-21,USD,NOK,middle,8.3646
2017-02-21,XDR,NOK,middle,11.29239
2017-02-21,ZAR,NOK,middle,0.6356
2017-02-22,AUD,NOK,middle,6.4397
2017-02-22,BGN,NOK,middle,4.5073
2017-02-22,BRL,NOK,middle,2.7189
2017-02-22,BYN,NOK,middle,4.4685
2017-02-22,CAD,NOK,middle,6.3676
2017-02-22,CHF,NOK,middle,8.2835
2017-02-22,CNY,NOK,middle,1.2191
2017-02-22,CZK,NOK,middle,0.32624
2017-02-22,DKK,NOK,middle,1.1859
2017-02-22,EUR,NOK,middle,8.8153
2017-02-22,GBP,NOK,middle,10.438
2017-02-22,HKD,NOK,middle,1.0805
2017-02-22,HRK,NOK,middle,1.1836
2017-02-22,HUF,NOK,middle,0.028665
2017-02-22,IDR,NOK,middle,0.00062781
2017-02-22,ILS,NOK,middle,2.2614
2017-02-22,INR,NOK,middle,0.12518
2017-02-22,JPY,NOK,middle,0.074209
2017-02-22,KRW,NOK,middle,0.007338
2017-02-22,MXN,NOK,middle,0.4186
2017-02-22,MYR,NOK,middle,1.8828
2017-02-22,NZD,NOK,middle,6.0082
2017-02-22,PHP,NOK,middle,0.16674
2017-02-22,PKR,NOK,middle,0.07999
2017-02-22,PLN,NOK,middle,2.0507
2017-02-22,RON,NOK,middle,1.9499
2017-02-22,RUB,NOK,middle,0.14504
2017-02-22,SEK,NOK,middle,0.9309
2017-02-22,SGD,NOK,middle,5.9143
2017-02-22,THB,NOK,middle,0.23951
2017-02-22,TRY,NOK,middle,2.3277
2017-02-22,TWD,NOK,middle,0.27243
2017-02-22,TWI,NOK,middle,108.99
2017-02-22,USD,NOK,middle,8.3851
2017-02-22,XDR,NOK,middle,11.32038
2017-02-22,ZAR,NOK,middle,0.6398
2017-02-23,AUD,NOK,middle,6.4327
2017-02-23,BGN,NOK,middle,4.503
2017-02-23,BRL,NOK,middle,2.7172
2017-02-23,BYN,NOK,middle,4.4425
2017-02-23,CAD,NOK,middle,6.3506
2017-02-23,CHF,NOK,middle,8.2594
2017-02-23,CNY,NOK,middle,1.2115
2017-02-23,CZK,NOK,middle,0.32593
2017-02-23,DKK,NOK,middle,1.1848
2017-02-23,EUR,NOK,middle,8.807
2017-02-23,GBP,NOK,middle,10.407
2017-02-23,HKD,NOK,middle,1.0735
2017-02-23,HRK,NOK,middle,1.185
2017-02-23,HUF,NOK,middle,0.028575
2017-02-23,IDR,NOK,middle,0.000625
2017-02-23,ILS,NOK,middle,2.2521
2017-02-23,INR,NOK,middle,0.12484
2017-02-23,JPY,NOK,middle,0.073822
2017-02-23,KRW,NOK,middle,0.007337
2017-02-23,MXN,NOK,middle,0.4191
2017-02-23,MYR,NOK,middle,1.8723
2017-02-23,NZD,NOK,middle,6.0169
2017-02-23,PHP,NOK,middle,0.16602
2017-02-23,PKR,NOK,middle,0.07944
2017-02-23,PLN,NOK,middle,2.0443
2017-02-23,RON,NOK,middle,1.9485
2017-02-23,RUB,NOK,middle,0.14392
2017-02-23,SEK,NOK,middle,0.9273
2017-02-23,SGD,NOK,middle,5.9004
2017-02-23,THB,NOK,middle,0.23809
2017-02-23,TRY,NOK,middle,2.3325
2017-02-23,TWD,NOK,middle,0.27132
2017-02-23,TWI,NOK,middle,108.71
2017-02-23,USD,NOK,middle,8.3297
2017-02-23,XDR,NOK,middle,11.27158
2017-02-23,ZAR,NOK,middle,0.6467
2017-02-24,AUD,NOK,middle,6.3958
2017-02-24,BGN,NOK,middle,4.5181
2017-02-24,BRL,NOK,middle,2.6965
2017-02-24,BYN,NOK,middle,4.4387
2017-02-24,CAD,NOK,middle,6.354
2017-02-24,CHF,NOK,middle,8.298
2017-02-24,CNY,NOK,middle,1.2126
2017-02-24,CZK,NOK,middle,0.32702
2017-02-24,DKK,NOK,middle,1.1886
2017-02-24,EUR,NOK,middle,8.8365
2017-02-24,GBP,NOK,middle,10.457
2017-02-24,HKD,NOK,middle,1.0732
2017-02-24,HRK,NOK,middle,1.1897
2017-02-24,HUF,NOK,middle,0.028635
2017-02-24,IDR,NOK,middle,0.00062545
2017-02-24,ILS,NOK,middle,2.2519
2017-02-24,INR,NOK,middle,0.12505
2017-02-24,JPY,NOK,middle,0.074231
2017-02-24,KRW,NOK,middle,0.007375
2017-02-24,MXN,NOK,middle,0.4229
2017-02-24,MYR,NOK,middle,1.8758
2017-02-24,NZD,NOK,middle,6.0067
2017-02-24,PHP,NOK,middle,0.16593
2017-02-24,PKR,NOK,middle,0.07946
2017-02-24,PLN,NOK,middle,2.0499
2017-02-24,RON,NOK,middle,1.9563
2017-02-24,RUB,NOK,middle,0.14335
2017-02-24,SEK,NOK,middle,0.9283
2017-02-24,SGD,NOK,middle,5.9337
2017-02-24,THB,NOK,middle,0.23879
2017-02-24,TRY,NOK,middle,2.3259
2017-02-24,TWD,NOK,middle,0.27171
2017-02-24,TWI,NOK,middle,108.98
2017-02-24,USD,NOK,middle,8.3292
2017-02-24,XDR,NOK,middle,11.29443
2017-02-24,ZAR,NOK,middle,0.6449
2017-02-27,AUD,NOK,middle,6.4064
2017-02-27,BGN,NOK,middle,4.519
2017-02-27,BRL,NOK,middle,2.6851
2017-02-27,BYN,NOK,middle,4.4347
2017-02-27,CAD,NOK,middle,6.3635
2017-02-27,CHF,NOK,middle,8.288
2017-02-27,CNY,NOK,middle,1.2148
2017-02-27,CZK,NOK,middle,0.32709
2017-02-27,DKK,NOK,middle,1.189
2017-02-27,EUR,NOK,middle,8.8383
2017-02-27,GBP,NOK,middle,10.364
2017-02-27,HKD,NOK,middle,1.0757
2017-02-27,HRK,NOK,middle,1.1899
2017-02-27,HUF,NOK,middle,0.028725
2017-02-27,IDR,NOK,middle,0.00062473
2017-02-27,ILS,NOK,middle,2.2726
2017-02-27,INR,NOK,middle,0.12517
2017-02-27,JPY,NOK,middle,0.074353
2017-02-27,KRW,NOK,middle,0.007365
2017-02-27,MXN,NOK,middle,0.4218
2017-02-27,MYR,NOK,middle,1.8809
2017-02-27,NZD,NOK,middle,6.012
2017-02-27,PHP,NOK,middle,0.16616
2017-02-27,PKR,NOK,middle,0.07964
2017-02-27,PLN,NOK,middle,2.0484
2017-02-27,RON,NOK,middle,1.9585
2017-02-27,RUB,NOK,middle,0.14465
2017-02-27,SEK,NOK,middle,0.925
2017-02-27,SGD,NOK,middle,5.9405
2017-02-27,THB,NOK,middle,0.23951
2017-02-27,TRY,NOK,middle,2.3198
2017-02-27,TWD,NOK,middle,0.27172
2017-02-27,TWI,NOK,middle,108.88
2017-02-27,USD,NOK,middle,8.3483
2017-02-27,XDR,NOK,middle,11.29811
2017-02-27,ZAR,NOK,middle,0.6444
2017-02-28,AUD,NOK,middle,6.4238
2017-02-28,BGN,NOK,middle,4.5349
2017-02-28,BRL,NOK,middle,2.7032
2017-02-28,BYN,NOK,middle,4.4319
2017-02-28,CAD,NOK,middle,6.3425
2017-02-28,CHF,NOK,middle,8.3295
2017-02-28,CNY,NOK,middle,1.2186
2017-02-28,CZK,NOK,middle,0.32824
2017-02-28,DKK,NOK,middle,1.1932
2017-02-28,EUR,NOK,middle,8.8693
2017-02-28,GBP,NOK,middle,10.397
2017-02-28,HKD,NOK,middle,1.0783
2017-02-28,HRK,NOK,middle,1.1927
2017-02-28,HUF,NOK,middle,0.028773
2017-02-28,IDR,NOK,middle,0.0006276
2017-02-28,ILS,NOK,middle,2.287
2017-02-28,INR,NOK,middle,0.12558
2017-02-28,JPY,NOK,middle,0.074639
2017-02-28,KRW,NOK,middle,0.007427
2017-02-28,MXN,NOK,middle,0.4207
2017-02-28,MYR,NOK,middle,1.885
2017-02-28,NZD,NOK,middle,6.0307
2017-02-28,PHP,NOK,middle,0.16653
2017-02-28,PKR,NOK,middle,0.07986
2017-02-28,PLN,NOK,middle,2.0556
2017-02-28,RON,NOK,middle,1.9621
2017-02-28,RUB,NOK,middle,0.14362
2017-02-28,SEK,NOK,middle,0.927
2017-02-28,SGD,NOK,middle,5.9802
2017-02-28,THB,NOK,middle,0.24002
2017-02-28,TRY,NOK,middle,2.3103
2017-02-28,TWD,NOK,middle,0.27323
2017-02-28,TWI,NOK,middle,109.21
2017-02-28,USD,NOK,middle,8.3696
2017-02-28,XDR,NOK,middle,11.33148
2017-02-28,ZAR,NOK,middle,0.6431
2017-03-01,AUD,NOK,middle,6.444
2017-03-01,BGN,NOK,middle,4.531
2017-03-01,BRL,NOK,middle,2.7044
2017-03-01,BYN,NOK,middle,4.4374
2017-03-01,CAD,NOK,middle,6.31
2017-03-01,CHF,NOK,middle,8.3233
2017-03-01,CNY,NOK,middle,1.2228
2017-03-01,CZK,NOK,middle,0.32796
2017-03-01,DKK,NOK,middle,1.1922
2017-03-01,EUR,NOK,middle,8.8618
2017-03-01,GBP,NOK,middle,10.359
2017-03-01,HKD,NOK,middle,1.0837
2017-03-01,HRK,NOK,middle,1.1942
2017-03-01,HUF,NOK,middle,0.028777
2017-03-01,IDR,NOK,middle,0.00062965
2017-03-01,ILS,NOK,middle,2.3154
2017-03-01,INR,NOK,middle,0.12589
2017-03-01,JPY,NOK,middle,0.073947
2017-03-01,KRW,NOK,middle,0.007355
2017-03-01,MXN,NOK,middle,0.4198
2017-03-01,MYR,NOK,middle,1.8915
2017-03-01,NZD,NOK,middle,5.9905
2017-03-01,PHP,NOK,middle,0.16716
2017-03-01,PKR,NOK,middle,0.08024
2017-03-01,PLN,NOK,middle,2.0629
2017-03-01,RON,NOK,middle,1.9603
2017-03-01,RUB,NOK,middle,0.14428
2017-03-01,SEK,NOK,middle,0.9302
2017-03-01,SGD,NOK,middle,5.9708
2017-03-01,THB,NOK,middle,0.24035
2017-03-01,TRY,NOK,middle,2.3055
2017-03-01,TWD,NOK,middle,0.2731
2017-03-01,TWI,NOK,middle,109.2
2017-03-01,USD,NOK,middle,8.4134
2017-03-01,XDR,NOK,middle,11.34592
2017-03-01,ZAR,NOK,middle,0.6431
2017-03-02,AUD,NOK,middle,6.4184
2017-03-02,BGN,NOK,middle,4.5419
2017-03-02,BRL,NOK,middle,2.7176
2017-03-02,BYN,NOK,middle,4.4315
2017-03-02,CAD,NOK,middle,6.3139
2017-03-02,CHF,NOK,middle,8.3401
2017-03-02,CNY,NOK,middle,1.227
2017-03-02,CZK,NOK,middle,0.32874
2017-03-02,DKK,NOK,middle,1.195
2017-03-02,EUR,NOK,middle,8.883
2017-03-02,GBP,NOK,middle,10.382
2017-03-02,HKD,NOK,middle,1.0883
2017-03-02,HRK,NOK,middle,1.1973
2017-03-02,HUF,NOK,middle,0.02881
2017-03-02,IDR,NOK,middle,0.00063246
2017-03-02,ILS,NOK,middle,2.2888
2017-03-02,INR,NOK,middle,0.12654
2017-03-02,JPY,NOK,middle,0.073877
2017-03-02,KRW,NOK,middle,0.007376
2017-03-02,MXN,NOK,middle,0.424
2017-03-02,MYR,NOK,middle,1.899
2017-03-02,NZD,NOK,middle,5.9927
2017-03-02,PHP,NOK,middle,0.16761
2017-03-02,PKR,NOK,middle,0.0806
2017-03-02,PLN,NOK,middle,2.0687
2017-03-02,RON,NOK,middle,1.9644
2017-03-02,RUB,NOK,middle,0.14402
2017-03-02,SEK,NOK,middle,0.9331
2017-03-02,SGD,NOK,middle,5.9858
2017-03-02,THB,NOK,middle,0.24136
2017-03-02,TRY,NOK,middle,2.2793
2017-03-02,TWD,NOK,middle,0.27372
2017-03-02,TWI,NOK,middle,109.46
2017-03-02,USD,NOK,middle,8.4487
2017-03-02,XDR,NOK,middle,11.38052
2017-03-02,ZAR,NOK,middle,0.6446
2017-03-03,AUD,NOK,middle,6.3989
2017-03-03,BGN,NOK,middle,4.5661
2017-03-03,BRL,NOK,middle,2.6996
2017-03-03,BYN,NOK,middle,4.4174
2017-03-03,CAD,NOK,middle,6.3063
2017-03-03,CHF,NOK,middle,8.3656
2017-03-03,CNY,NOK,middle,1.2255
2017-03-03,CZK,NOK,middle,0.33049
2017-03-03,DKK,NOK,middle,1.2013
2017-03-03,EUR,NOK,middle,8.9303
2017-03-03,GBP,NOK,middle,10.341
2017-03-03,HKD,NOK,middle,1.0886
2017-03-03,HRK,NOK,middle,1.2041
2017-03-03,HUF,NOK,middle,0.028837
2017-03-03,IDR,NOK,middle,0.00063163
2017-03-03,ILS,NOK,middle,2.282
2017-03-03,INR,NOK,middle,0.12651
2017-03-03,JPY,NOK,middle,0.073908
2017-03-03,KRW,NOK,middle,0.007328
2017-03-03,MXN,NOK,middle,0.4301
2017-03-03,MYR,NOK,middle,1.8976
2017-03-03,NZD,NOK,middle,5.9492
2017-03-03,PHP,NOK,middle,0.16787
2017-03-03,PKR,NOK,middle,0.08064
2017-03-03,PLN,NOK,middle,2.0765
2017-03-03,RON,NOK,middle,1.9702
2017-03-03,RUB,NOK,middle,0.14389
2017-03-03,SEK,NOK,middle,0.9363
2017-03-03,SGD,NOK,middle,5.9802
2017-03-03,THB,NOK,middle,0.24109
2017-03-03,TRY,NOK,middle,2.2673
2017-03-03,TWD,NOK,middle,0.27295
2017-03-03,TWI,NOK,middle,109.72
2017-03-03,USD,NOK,middle,8.4527
2017-03-03,XDR,NOK,middle,11.39837
2017-03-03,ZAR,NOK,middle,0.6461
2017-03-06,AUD,NOK,middle,6.4342
2017-03-06,BGN,NOK,middle,4.585
2017-03-06,BRL,NOK,middle,2.726
2017-03-06,BYN,NOK,middle,4.4447
2017-03-06,CAD,NOK,middle,6.3226
2017-03-06,CHF,NOK,middle,8.3854
2017-03-06,CNY,NOK,middle,1.2276
2017-03-06,CZK,NOK,middle,0.33186
2017-03-06,DKK,NOK,middle,1.2063
2017-03-06,EUR,NOK,middle,8.9673
2017-03-06,GBP,NOK,middle,10.391
2017-03-06,HKD,NOK,middle,1.0904
2017-03-06,HRK,NOK,middle,1.2103
2017-03-06,HUF,NOK,middle,0.028969
2017-03-06,IDR,NOK,middle,0.00063426
2017-03-06,ILS,NOK,middle,2.3023
2017-03-06,INR,NOK,middle,0.12702
2017-03-06,JPY,NOK,middle,0.074387
2017-03-06,KRW,NOK,middle,0.007334
2017-03-06,MXN,NOK,middle,0.4335
2017-03-06,MYR,NOK,middle,1.9034
2017-03-06,NZD,NOK,middle,5.9469
2017-03-06,PHP,NOK,middle,0.1684
2017-03-06,PKR,NOK,middle,0.0808
2017-03-06,PLN,NOK,middle,2.081
2017-03-06,RON,NOK,middle,1.98
2017-03-06,RUB,NOK,middle,0.14567
2017-03-06,SEK,NOK,middle,0.9406
2017-03-06,SGD,NOK,middle,6.0038
2017-03-06,THB,NOK,middle,0.24168
2017-03-06,TRY,NOK,middle,2.2801
2017-03-06,TWD,NOK,middle,0.27378
2017-03-06,TWI,NOK,middle,110.16
2017-03-06,USD,NOK,middle,8.4661
2017-03-06,XDR,NOK,middle,11.43433
2017-03-06,ZAR,NOK,middle,0.6515
2017-03-07,AUD,NOK,middle,6.4255
2017-03-07,BGN,NOK,middle,4.5732
2017-03-07,BRL,NOK,middle,2.7125
2017-03-07,BYN,NOK,middle,4.4476
2017-03-07,CAD,NOK,middle,6.3028
2017-03-07,CHF,NOK,middle,8.3358
2017-03-07,CNY,NOK,middle,1.2256
2017-03-07,CZK,NOK,middle,0.33101
2017-03-07,DKK,NOK,middle,1.2032
2017-03-07,EUR,NOK,middle,8.9443
2017-03-07,GBP,NOK,middle,10.315
2017-03-07,HKD,NOK,middle,1.0892
2017-03-07,HRK,NOK,middle,1.2072
2017-03-07,HUF,NOK,middle,0.028897
2017-03-07,IDR,NOK,middle,0.00063364
2017-03-07,ILS,NOK,middle,2.3002
2017-03-07,INR,NOK,middle,0.12692
2017-03-07,JPY,NOK,middle,0.074159
2017-03-07,KRW,NOK,middle,0.007357
2017-03-07,MXN,NOK,middle,0.4339
2017-03-07,MYR,NOK,middle,1.9015
2017-03-07,NZD,NOK,middle,5.9027
2017-03-07,PHP,NOK,middle,0.16801
2017-03-07,PKR,NOK,middle,0.08068
2017-03-07,PLN,NOK,middle,2.0764
2017-03-07,RON,NOK,middle,1.9708
2017-03-07,RUB,NOK,middle,0.14578
2017-03-07,SEK,NOK,middle,0.9393
2017-03-07,SGD,NOK,middle,5.9948
2017-03-07,THB,NOK,middle,0.24101
2017-03-07,TRY,NOK,middle,2.2997
2017-03-07,TWD,NOK,middle,0.27341
2017-03-07,TWI,NOK,middle,109.89
2017-03-07,USD,NOK,middle,8.4572
2017-03-07,XDR,NOK,middle,11.40737
2017-03-07,ZAR,NOK,middle,0.6527
2017-03-08,AUD,NOK,middle,6.4084
2017-03-08,BGN,NOK,middle,4.5768
2017-03-08,BRL,NOK,middle,2.7002
2017-03-08,BYN,NOK,middle,4.4595
2017-03-08,CAD,NOK,middle,6.3068
2017-03-08,CHF,NOK,middle,8.3641
2017-03-08,CNY,NOK,middle,1.227
2017-03-08,CZK,NOK,middle,0.33127
2017-03-08,DKK,NOK,middle,1.2042
2017-03-08,EUR,NOK,middle,8.9513
2017-03-08,GBP,NOK,middle,10.318
2017-03-08,HKD,NOK,middle,1.0919
2017-03-08,HRK,NOK,middle,1.2062
2017-03-08,HUF,NOK,middle,0.02881
2017-03-08,IDR,NOK,middle,0.00063283
2017-03-08,ILS,NOK,middle,2.3023
2017-03-08,INR,NOK,middle,0.12698
2017-03-08,JPY,NOK,middle,0.074192
2017-03-08,KRW,NOK,middle,0.007359
2017-03-08,MXN,NOK,middle,0.4322
2017-03-08,MYR,NOK,middle,1.9012
2017-03-08,NZD,NOK,middle,5.8817
2017-03-08,PHP,NOK,middle,0.16826
2017-03-08,PKR,NOK,middle,0.08091
2017-03-08,PLN,NOK,middle,2.0754
2017-03-08,RON,NOK,middle,1.9672
2017-03-08,RUB,NOK,middle,0.14494
2017-03-08,SEK,NOK,middle,0.94
2017-03-08,SGD,NOK,middle,5.9887
2017-03-08,THB,NOK,middle,0.24039
2017-03-08,TRY,NOK,middle,2.2699
2017-03-08,TWD,NOK,middle,0.27409
2017-03-08,TWI,NOK,middle,109.94
2017-03-08,USD,NOK,middle,8.4798
2017-03-08,XDR,NOK,middle,11.42713
2017-03-08,ZAR,NOK,middle,0.6491
2017-03-09,AUD,NOK,middle,6.441
2017-03-09,BGN,NOK,middle,4.6251
2017-03-09,BRL,NOK,middle,2.7054
2017-03-09,BYN,NOK,middle,4.4764
2017-03-09,CAD,NOK,middle,6.3381
2017-03-09,CHF,NOK,middle,8.4469
2017-03-09,CNY,NOK,middle,1.2406
2017-03-09,CZK,NOK,middle,0.33477
2017-03-09,DKK,NOK,middle,1.2169
2017-03-09,EUR,NOK,middle,9.0458
2017-03-09,GBP,NOK,middle,10.439
2017-03-09,HKD,NOK,middle,1.1038
2017-03-09,HRK,NOK,middle,1.2173
2017-03-09,HUF,NOK,middle,0.029073
2017-03-09,IDR,NOK,middle,0.00063992
2017-03-09,ILS,NOK,middle,2.3231
2017-03-09,INR,NOK,middle,0.12849
2017-03-09,JPY,NOK,middle,0.07479
2017-03-09,KRW,NOK,middle,0.0074
2017-03-09,MXN,NOK,middle,0.4333
2017-03-09,MYR,NOK,middle,1.9246
2017-03-09,NZD,NOK,middle,5.9212
2017-03-09,PHP,NOK,middle,0.1703
2017-03-09,PKR,NOK,middle,0.08179
2017-03-09,PLN,NOK,middle,2.0953
2017-03-09,RON,NOK,middle,1.9881
2017-03-09,RUB,NOK,middle,0.14448
2017-03-09,SEK,NOK,middle,0.947
2017-03-09,SGD,NOK,middle,6.0362
2017-03-09,THB,NOK,middle,0.2426
2017-03-09,TRY,NOK,middle,2.2841
2017-03-09,TWD,NOK,middle,0.27617
2017-03-09,TWI,NOK,middle,110.99
2017-03-09,USD,NOK,middle,8.5734
2017-03-09,XDR,NOK,middle,11.5488
2017-03-09,ZAR,NOK,middle,0.6462
2017-03-10,AUD,NOK,middle,6.4849
2017-03-10,BGN,NOK,middle,4.6735
2017-03-10,BRL,NOK,middle,2.7128
2017-03-10,BYN,NOK,middle,4.5063
2017-03-10,CAD,NOK,middle,6.3821
2017-03-10,CHF,NOK,middle,8.5083
2017-03-10,CNY,NOK,middle,1.2464
2017-03-10,CZK,NOK,middle,0.33827
2017-03-10,DKK,NOK,middle,1.2297
2017-03-10,EUR,NOK,middle,9.1405
2017-03-10,GBP,NOK,middle,10.476
2017-03-10,HKD,NOK,middle,1.1097
2017-03-10,HRK,NOK,middle,1.232
2017-03-10,HUF,NOK,middle,0.029271
2017-03-10,IDR,NOK,middle,0.00064434
2017-03-10,ILS,NOK,middle,2.3386
2017-03-10,INR,NOK,middle,0.12934
2017-03-10,JPY,NOK,middle,0.074665
2017-03-10,KRW,NOK,middle,0.007454
2017-03-10,MXN,NOK,middle,0.4359
2017-03-10,MYR,NOK,middle,1.9353
2017-03-10,NZD,NOK,middle,5.9555
2017-03-10,PHP,NOK,middle,0.17155
2017-03-10,PKR,NOK,middle,0.08221
2017-03-10,PLN,NOK,middle,2.113
2017-03-10,RON,NOK,middle,2.0093
2017-03-10,RUB,NOK,middle,0.14579
2017-03-10,SEK,NOK,middle,0.9543
2017-03-10,SGD,NOK,middle,6.0771
2017-03-10,THB,NOK,middle,0.24338
2017-03-10,TRY,NOK,middle,2.2966
2017-03-10,TWD,NOK,middle,0.27727
2017-03-10,TWI,NOK,middle,111.87
2017-03-10,USD,NOK,middle,8.6182
2017-03-10,XDR,NOK,middle,11.62138
2017-03-10,ZAR,NOK,middle,0.6497
2017-03-13,AUD,NOK,middle,6.4852
2017-03-13,BGN,NOK,middle,4.6681
2017-03-13,BRL,NOK,middle,2.7165
2017-03-13,BYN,NOK,middle,4.4723
2017-03-13,CAD,NOK,middle,6.3622
2017-03-13,CHF,NOK,middle,8.4936
2017-03-13,CNY,NOK,middle,1.2385
2017-03-13,CZK,NOK,middle,0.33788
2017-03-13,DKK,NOK,middle,1.2281
2017-03-13,EUR,NOK,middle,9.1298
2017-03-13,GBP,NOK,middle,10.463
2017-03-13,HKD,NOK,middle,1.1026
2017-03-13,HRK,NOK,middle,1.2282
2017-03-13,HUF,NOK,middle,0.029222
2017-03-13,IDR,NOK,middle,0.00064107
2017-03-13,ILS,NOK,middle,2.3404
2017-03-13,INR,NOK,middle,0.12941
2017-03-13,JPY,NOK,middle,0.07462
2017-03-13,KRW,NOK,middle,0.007465
2017-03-13,MXN,NOK,middle,0.436
2017-03-13,MYR,NOK,middle,1.9241
2017-03-13,NZD,NOK,middle,5.9342
2017-03-13,PHP,NOK,middle,0.17008
2017-03-13,PKR,NOK,middle,0.08168
2017-03-13,PLN,NOK,middle,2.1048
2017-03-13,RON,NOK,middle,2.0039
2017-03-13,RUB,NOK,middle,0.14502
2017-03-13,SEK,NOK,middle,0.9546
2017-03-13,SGD,NOK,middle,6.0571
2017-03-13,THB,NOK,middle,0.24235
2017-03-13,TRY,NOK,middle,2.2852
2017-03-13,TWD,NOK,middle,0.27643
2017-03-13,TWI,NOK,middle,111.66
2017-03-13,USD,NOK,middle,8.5621
2017-03-13,XDR,NOK,middle,11.57721
2017-03-13,ZAR,NOK,middle,0.6517
2017-03-14,AUD,NOK,middle,6.5025
2017-03-14,BGN,NOK,middle,4.6789
2017-03-14,BRL,NOK,middle,2.7242
2017-03-14,BYN,NOK,middle,4.4903
2017-03-14,CAD,NOK,middle,6.3823
2017-03-14,CHF,NOK,middle,8.5316
2017-03-14,CNY,NOK,middle,1.2448
2017-03-14,CZK,NOK,middle,0.33866
2017-03-14,DKK,NOK,middle,1.231
2017-03-14,EUR,NOK,middle,9.151
2017-03-14,GBP,NOK,middle,10.451
2017-03-14,HKD,NOK,middle,1.1079
2017-03-14,HRK,NOK,middle,1.2323
2017-03-14,HUF,NOK,middle,0.029394
2017-03-14,IDR,NOK,middle,0.00064381
2017-03-14,ILS,NOK,middle,2.3496
2017-03-14,INR,NOK,middle,0.13088
2017-03-14,JPY,NOK,middle,0.074928
2017-03-14,KRW,NOK,middle,0.007486
2017-03-14,MXN,NOK,middle,0.439
2017-03-14,MYR,NOK,middle,1.9345
2017-03-14,NZD,NOK,middle,5.9465
2017-03-14,PHP,NOK,middle,0.17111
2017-03-14,PKR,NOK,middle,0.08211
2017-03-14,PLN,NOK,middle,2.1173
2017-03-14,RON,NOK,middle,2.0141
2017-03-14,RUB,NOK,middle,0.14497
2017-03-14,SEK,NOK,middle,0.9636
2017-03-14,SGD,NOK,middle,6.0848
2017-03-14,THB,NOK,middle,0.24368
2017-03-14,TRY,NOK,middle,2.3006
2017-03-14,TWD,NOK,middle,0.27798
2017-03-14,TWI,NOK,middle,112.04
2017-03-14,USD,NOK,middle,8.6078
2017-03-14,XDR,NOK,middle,11.61872
2017-03-14,ZAR,NOK,middle,0.6541
2017-03-15,AUD,NOK,middle,6.5289
2017-03-15,BGN,NOK,middle,4.6709
2017-03-15,BRL,NOK,middle,2.7226
2017-03-15,BYN,NOK,middle,4.4946
2017-03-15,CAD,NOK,middle,6.3923
2017-03-15,CHF,NOK,middle,8.5257
2017-03-15,CNY,NOK,middle,1.2439
2017-03-15,CZK,NOK,middle,0.33808
2017-03-15,DKK,NOK,middle,1.2289
2017-03-15,EUR,NOK,middle,9.1353
2017-03-15,GBP,NOK,middle,10.492
2017-03-15,HKD,NOK,middle,1.1069
2017-03-15,HRK,NOK,middle,1.2295
2017-03-15,HUF,NOK,middle,0.02939
2017-03-15,IDR,NOK,middle,0.00064372
2017-03-15,ILS,NOK,middle,2.3514
2017-03-15,INR,NOK,middle,0.13098
2017-03-15,JPY,NOK,middle,0.075021
2017-03-15,KRW,NOK,middle,0.007505
2017-03-15,MXN,NOK,middle,0.4392
2017-03-15,MYR,NOK,middle,1.9331
2017-03-15,NZD,NOK,middle,5.9798
2017-03-15,PHP,NOK,middle,0.17111
2017-03-15,PKR,NOK,middle,0.08204
2017-03-15,PLN,NOK,middle,2.1144
2017-03-15,RON,NOK,middle,2.0112
2017-03-15,RUB,NOK,middle,0.1456
2017-03-15,SEK,NOK,middle,0.9555
2017-03-15,SGD,NOK,middle,6.0898
2017-03-15,THB,NOK,middle,0.24391
2017-03-15,TRY,NOK,middle,2.3129
2017-03-15,TWD,NOK,middle,0.27801
2017-03-15,TWI,NOK,middle,111.89
2017-03-15,USD,NOK,middle,8.6004
2017-03-15,XDR,NOK,middle,11.61297
2017-03-15,ZAR,NOK,middle,0.6589
2017-03-16,AUD,NOK,middle,6.5678
2017-03-16,BGN,NOK,middle,4.6829
2017-03-16,BRL,NOK,middle,2.755
2017-03-16,BYN,NOK,middle,4.5024
2017-03-16,CAD,NOK,middle,6.4151
2017-03-16,CHF,NOK,middle,8.5636
2017-03-16,CNY,NOK,middle,1.2376
2017-03-16,CZK,NOK,middle,0.33895
2017-03-16,DKK,NOK,middle,1.232
2017-03-16,EUR,NOK,middle,9.1588
2017-03-16,GBP,NOK,middle,10.55
2017-03-16,HKD,NOK,middle,1.0998
2017-03-16,HRK,NOK,middle,1.234
2017-03-16,HUF,NOK,middle,0.029541
2017-03-16,IDR,NOK,middle,0.0006412
2017-03-16,ILS,NOK,middle,2.3534
2017-03-16,INR,NOK,middle,0.13062
2017-03-16,JPY,NOK,middle,0.07535
2017-03-16,KRW,NOK,middle,0.007575
2017-03-16,MXN,NOK,middle,0.4473
2017-03-16,MYR,NOK,middle,1.9234
2017-03-16,NZD,NOK,middle,5.9663
2017-03-16,PHP,NOK,middle,0.17053
2017-03-16,PKR,NOK,middle,0.08144
2017-03-16,PLN,NOK,middle,2.1312
2017-03-16,RON,NOK,middle,2.0126
2017-03-16,RUB,NOK,middle,0.1473
2017-03-16,SEK,NOK,middle,0.9657
2017-03-16,SGD,NOK,middle,6.0917
2017-03-16,THB,NOK,middle,0.244
2017-03-16,TRY,NOK,middle,2.3466
2017-03-16,TWD,NOK,middle,0.27963
2017-03-16,TWI,NOK,middle,112.3
2017-03-16,USD,NOK,middle,8.5389
2017-03-16,XDR,NOK,middle,11.59299
2017-03-16,ZAR,NOK,middle,0.6721
2017-03-17,AUD,NOK,middle,6.5296
2017-03-17,BGN,NOK,middle,4.654
2017-03-17,BRL,NOK,middle,2.73
2017-03-17,BYN,NOK,middle,4.4902
2017-03-17,CAD,NOK,middle,6.367
2017-03-17,CHF,NOK,middle,8.5084
2017-03-17,CNY,NOK,middle,1.2277
2017-03-17,CZK,NOK,middle,0.33686
2017-03-17,DKK,NOK,middle,1.2244
2017-03-17,EUR,NOK,middle,9.1023
2017-03-17,GBP,NOK,middle,10.478
2017-03-17,HKD,NOK,middle,1.092
2017-03-17,HRK,NOK,middle,1.2278
2017-03-17,HUF,NOK,middle,0.0295
2017-03-17,IDR,NOK,middle,0.00063526
2017-03-17,ILS,NOK,middle,2.3352
2017-03-17,INR,NOK,middle,0.12957
2017-03-17,JPY,NOK,middle,0.074922
2017-03-17,KRW,NOK,middle,0.007503
2017-03-17,MXN,NOK,middle,0.4425
2017-03-17,MYR,NOK,middle,1.9113
2017-03-17,NZD,NOK,middle,5.9422
2017-03-17,PHP,NOK,middle,0.16898
2017-03-17,PKR,NOK,middle,0.08089
2017-03-17,PLN,NOK,middle,2.1177
2017-03-17,RON,NOK,middle,1.9947
2017-03-17,RUB,NOK,middle,0.14693
2017-03-17,SEK,NOK,middle,0.9621
2017-03-17,SGD,NOK,middle,6.046
2017-03-17,THB,NOK,middle,0.24326
2017-03-17,TRY,NOK,middle,2.3402
2017-03-17,TWD,NOK,middle,0.27754
2017-03-17,TWI,NOK,middle,111.61
2017-03-17,USD,NOK,middle,8.4775
2017-03-17,XDR,NOK,middle,11.51534
2017-03-17,ZAR,NOK,middle,0.6644
2017-03-20,AUD,NOK,middle,6.5564
2017-03-20,BGN,NOK,middle,4.667
2017-03-20,BRL,NOK,middle,2.7316
2017-03-20,BYN,NOK,middle,4.4989
2017-03-20,CAD,NOK,middle,6.3568
2017-03-20,CHF,NOK,middle,8.5147
2017-03-20,CNY,NOK,middle,1.229
2017-03-20,CZK,NOK,middle,0.3378
2017-03-20,DKK,NOK,middle,1.2277
2017-03-20,EUR,NOK,middle,9.1278
2017-03-20,GBP,NOK,middle,10.517
2017-03-20,HKD,NOK,middle,1.0932
2017-03-20,HRK,NOK,middle,1.2326
2017-03-20,HUF,NOK,middle,0.029574
2017-03-20,IDR,NOK,middle,0.00063765
2017-03-20,ILS,NOK,middle,2.3378
2017-03-20,INR,NOK,middle,0.12988
2017-03-20,JPY,NOK,middle,0.075318
2017-03-20,KRW,NOK,middle,0.007609
2017-03-20,MXN,NOK,middle,0.4441
2017-03-20,MYR,NOK,middle,1.9178
2017-03-20,NZD,NOK,middle,5.9772
2017-03-20,PHP,NOK,middle,0.16958
2017-03-20,PKR,NOK,middle,0.08098
2017-03-20,PLN,NOK,middle,2.1317
2017-03-20,RON,NOK,middle,2.0015
2017-03-20,RUB,NOK,middle,0.14756
2017-03-20,SEK,NOK,middle,0.96
2017-03-20,SGD,NOK,middle,6.0731
2017-03-20,THB,NOK,middle,0.24448
2017-03-20,TRY,NOK,middle,2.3364
2017-03-20,TWD,NOK,middle,0.27874
2017-03-20,TWI,NOK,middle,111.88
2017-03-20,USD,NOK,middle,8.4894
2017-03-20,XDR,NOK,middle,11.54201
2017-03-20,ZAR,NOK,middle,0.6697
2017-03-21,AUD,NOK,middle,6.5325
2017-03-21,BGN,NOK,middle,4.6658
2017-03-21,BRL,NOK,middle,2.7507
2017-03-21,BYN,NOK,middle,4.4971
2017-03-21,CAD,NOK,middle,6.3595
2017-03-21,CHF,NOK,middle,8.4887
2017-03-21,CNY,NOK,middle,1.2262
2017-03-21,CZK,NOK,middle,0.33771
2017-03-21,DKK,NOK,middle,1.2273
2017-03-21,EUR,NOK,middle,9.1253
2017-03-21,GBP,NOK,middle,10.519
2017-03-21,HKD,NOK,middle,1.0878
2017-03-21,HRK,NOK,middle,1.2319
2017-03-21,HUF,NOK,middle,0.0296
2017-03-21,IDR,NOK,middle,0.00063427
2017-03-21,ILS,NOK,middle,2.3371
2017-03-21,INR,NOK,middle,0.12945
2017-03-21,JPY,NOK,middle,0.075056
2017-03-21,KRW,NOK,middle,0.007554
2017-03-21,MXN,NOK,middle,0.445
2017-03-21,MYR,NOK,middle,1.9089
2017-03-21,NZD,NOK,middle,5.9607
2017-03-21,PHP,NOK,middle,0.16875
2017-03-21,PKR,NOK,middle,0.08058
2017-03-21,PLN,NOK,middle,2.1407
2017-03-21,RON,NOK,middle,1.9991
2017-03-21,RUB,NOK,middle,0.14763
2017-03-21,SEK,NOK,middle,0.9613
2017-03-21,SGD,NOK,middle,6.0481
2017-03-21,THB,NOK,middle,0.24377
2017-03-21,TRY,NOK,middle,2.3415
2017-03-21,TWD,NOK,middle,0.27786
2017-03-21,TWI,NOK,middle,111.83
2017-03-21,USD,NOK,middle,8.4478
2017-03-21,XDR,NOK,middle,11.51208
2017-03-21,ZAR,NOK,middle,0.6719
2017-03-22,AUD,NOK,middle,6.4932
2017-03-22,BGN,NOK,middle,4.6765
2017-03-22,BRL,NOK,middle,2.7315
2017-03-22,BYN,NOK,middle,4.4815
2017-03-22,CAD,NOK,middle,6.3261
2017-03-22,CHF,NOK,middle,8.5368
2017-03-22,CNY,NOK,middle,1.2288
2017-03-22,CZK,NOK,middle,0.33849
2017-03-22,DKK,NOK,middle,1.2298
2017-03-22,EUR,NOK,middle,9.1463
2017-03-22,GBP,NOK,middle,10.538
2017-03-22,HKD,NOK,middle,1.0895
2017-03-22,HRK,NOK,middle,1.2345
2017-03-22,HUF,NOK,middle,0.029584
2017-03-22,IDR,NOK,middle,0.00063496
2017-03-22,ILS,NOK,middle,2.3155
2017-03-22,INR,NOK,middle,0.12937
2017-03-22,JPY,NOK,middle,0.076175
2017-03-22,KRW,NOK,middle,0.007558
2017-03-22,MXN,NOK,middle,0.4421
2017-03-22,MYR,NOK,middle,1.9115
2017-03-22,NZD,NOK,middle,5.9573
2017-03-22,PHP,NOK,middle,0.16853
2017-03-22,PKR,NOK,middle,0.0808
2017-03-22,PLN,NOK,middle,2.1362
2017-03-22,RON,NOK,middle,2.0062
2017-03-22,RUB,NOK,middle,0.14599
2017-03-22,SEK,NOK,middle,0.9617
2017-03-22,SGD,NOK,middle,6.0539
2017-03-22,THB,NOK,middle,0.24439
2017-03-22,TRY,NOK,middle,2.3359
2017-03-22,TWD,NOK,middle,0.27797
2017-03-22,TWI,NOK,middle,111.98
2017-03-22,USD,NOK,middle,8.4633
2017-03-22,XDR,NOK,middle,11.54563
2017-03-22,ZAR,NOK,middle,0.672
2017-03-23,AUD,NOK,middle,6.4731
2017-03-23,BGN,NOK,middle,4.6773
2017-03-23,BRL,NOK,middle,2.7219
2017-03-23,BYN,NOK,middle,4.5029
2017-03-23,CAD,NOK,middle,6.3584
2017-03-23,CHF,NOK,middle,8.5493
2017-03-23,CNY,NOK,middle,1.2317
2017-03-23,CZK,NOK,middle,0.33854
2017-03-23,DKK,NOK,middle,1.2303
2017-03-23,EUR,NOK,middle,9.1478
2017-03-23,GBP,NOK,middle,10.603
2017-03-23,HKD,NOK,middle,1.0919
2017-03-23,HRK,NOK,middle,1.2332
2017-03-23,HUF,NOK,middle,0.029583
2017-03-23,IDR,NOK,middle,0.00063687
2017-03-23,ILS,NOK,middle,2.3264
2017-03-23,INR,NOK,middle,0.12956
2017-03-23,JPY,NOK,middle,0.07664
2017-03-23,KRW,NOK,middle,0.007577
2017-03-23,MXN,NOK,middle,0.4441
2017-03-23,MYR,NOK,middle,1.9149
2017-03-23,NZD,NOK,middle,5.9778
2017-03-23,PHP,NOK,middle,0.16844
2017-03-23,PKR,NOK,middle,0.08097
2017-03-23,PLN,NOK,middle,2.1431
2017-03-23,RON,NOK,middle,2.0081
2017-03-23,RUB,NOK,middle,0.14707
2017-03-23,SEK,NOK,middle,0.962
2017-03-23,SGD,NOK,middle,6.0638
2017-03-23,THB,NOK,middle,0.24512
2017-03-23,TRY,NOK,middle,2.3433
2017-03-23,TWD,NOK,middle,0.27852
2017-03-23,TWI,NOK,middle,112.17
2017-03-23,USD,NOK,middle,8.4812
2017-03-23,XDR,NOK,middle,11.57146
2017-03-23,ZAR,NOK,middle,0.678
2017-03-24,AUD,NOK,middle,6.4725
2017-03-24,BGN,NOK,middle,4.6934
2017-03-24,BRL,NOK,middle,2.7122
2017-03-24,BYN,NOK,middle,4.5249
2017-03-24,CAD,NOK,middle,6.3533
2017-03-24,CHF,NOK,middle,8.5644
2017-03-24,CNY,NOK,middle,1.2337
2017-03-24,CZK,NOK,middle,0.33971
2017-03-24,DKK,NOK,middle,1.2341
2017-03-24,EUR,NOK,middle,9.1793
2017-03-24,GBP,NOK,middle,10.6
2017-03-24,HKD,NOK,middle,1.0936
2017-03-24,HRK,NOK,middle,1.2371
2017-03-24,HUF,NOK,middle,0.029629
2017-03-24,IDR,NOK,middle,0.00063748
2017-03-24,ILS,NOK,middle,2.3329
2017-03-24,INR,NOK,middle,0.12992
2017-03-24,JPY,NOK,middle,0.076437
2017-03-24,KRW,NOK,middle,0.007584
2017-03-24,MXN,NOK,middle,0.4493
2017-03-24,MYR,NOK,middle,1.9204
2017-03-24,NZD,NOK,middle,5.9602
2017-03-24,PHP,NOK,middle,0.16919
2017-03-24,PKR,NOK,middle,0.08105
2017-03-24,PLN,NOK,middle,2.15
2017-03-24,RON,NOK,middle,2.0162
2017-03-24,RUB,NOK,middle,0.14881
2017-03-24,SEK,NOK,middle,0.9625
2017-03-24,SGD,NOK,middle,6.0686
2017-03-24,THB,NOK,middle,0.24574
2017-03-24,TRY,NOK,middle,2.3431
2017-03-24,TWD,NOK,middle,0.2796
2017-03-24,TWI,NOK,middle,112.42
2017-03-24,USD,NOK,middle,8.4954
2017-03-24,XDR,NOK,middle,11.59153
2017-03-24,ZAR,NOK,middle,0.6809
2017-03-27,AUD,NOK,middle,6.4643
2017-03-27,BGN,NOK,middle,4.7136
2017-03-27,BRL,NOK,middle,2.713
2017-03-27,BYN,NOK,middle,4.5189
2017-03-27,CAD,NOK,middle,6.342
2017-03-27,CHF,NOK,middle,8.6052
2017-03-27,CNY,NOK,middle,1.2309
2017-03-27,CZK,NOK,middle,0.34117
2017-03-27,DKK,NOK,middle,1.239
2017-03-27,EUR,NOK,middle,9.2188
2017-03-27,GBP,NOK,middle,10.67
2017-03-27,HKD,NOK,middle,1.0899
2017-03-27,HRK,NOK,middle,1.2392
2017-03-27,HUF,NOK,middle,0.029718
2017-03-27,IDR,NOK,middle,0.00063639
2017-03-27,ILS,NOK,middle,2.342
2017-03-27,INR,NOK,middle,0.13018
2017-03-27,JPY,NOK,middle,0.076868
2017-03-27,KRW,NOK,middle,0.007632
2017-03-27,MXN,NOK,middle,0.4499
2017-03-27,MYR,NOK,middle,1.9184
2017-03-27,NZD,NOK,middle,5.98
2017-03-27,PHP,NOK,middle,0.1691
2017-03-27,PKR,NOK,middle,0.08076
2017-03-27,PLN,NOK,middle,2.162
2017-03-27,RON,NOK,middle,2.0265
2017-03-27,RUB,NOK,middle,0.14901
2017-03-27,SEK,NOK,middle,0.9653
2017-03-27,SGD,NOK,middle,6.0854
2017-03-27,THB,NOK,middle,0.24647
2017-03-27,TRY,NOK,middle,2.3516
2017-03-27,TWD,NOK,middle,0.28097
2017-03-27,TWI,NOK,middle,112.8
2017-03-27,USD,NOK,middle,8.4662
2017-03-27,XDR,NOK,middle,11.6018
2017-03-27,ZAR,NOK,middle,0.6699
2017-03-28,AUD,NOK,middle,6.4687
2017-03-28,BGN,NOK,middle,4.7234
2017-03-28,BRL,NOK,middle,2.7213
2017-03-28,BYN,NOK,middle,4.536
2017-03-28,CAD,NOK,middle,6.3509
2017-03-28,CHF,NOK,middle,8.6393
2017-03-28,CNY,NOK,middle,1.2356
2017-03-28,CZK,NOK,middle,0.34188
2017-03-28,DKK,NOK,middle,1.2416
2017-03-28,EUR,NOK,middle,9.238
2017-03-28,GBP,NOK,middle,10.685
2017-03-28,HKD,NOK,middle,1.0953
2017-03-28,HRK,NOK,middle,1.2429
2017-03-28,HUF,NOK,middle,0.029878
2017-03-28,IDR,NOK,middle,0.00063967
2017-03-28,ILS,NOK,middle,2.3536
2017-03-28,INR,NOK,middle,0.13077
2017-03-28,JPY,NOK,middle,0.077086
2017-03-28,KRW,NOK,middle,0.00764
2017-03-28,MXN,NOK,middle,0.4508
2017-03-28,MYR,NOK,middle,1.9266
2017-03-28,NZD,NOK,middle,5.9777
2017-03-28,PHP,NOK,middle,0.16955
2017-03-28,PKR,NOK,middle,0.08116
2017-03-28,PLN,NOK,middle,2.1752
2017-03-28,RON,NOK,middle,2.029
2017-03-28,RUB,NOK,middle,0.14928
2017-03-28,SEK,NOK,middle,0.9692
2017-03-28,SGD,NOK,middle,6.1029
2017-03-28,THB,NOK,middle,0.2472
2017-03-28,TRY,NOK,middle,2.3475
2017-03-28,TWD,NOK,middle,0.28156
2017-03-28,TWI,NOK,middle,113.1
2017-03-28,USD,NOK,middle,8.5072
2017-03-28,XDR,NOK,middle,11.64106
2017-03-28,ZAR,NOK,middle,0.6574
2017-03-29,AUD,NOK,middle,6.5368
2017-03-29,BGN,NOK,middle,4.6993
2017-03-29,BRL,NOK,middle,2.73
2017-03-29,BYN,NOK,middle,4.557
2017-03-29,CAD,NOK,middle,6.3914
2017-03-29,CHF,NOK,middle,8.5799
2017-03-29,CNY,NOK,middle,1.2409
2017-03-29,CZK,NOK,middle,0.34014
2017-03-29,DKK,NOK,middle,1.2351
2017-03-29,EUR,NOK,middle,9.1908
2017-03-29,GBP,NOK,middle,10.639
2017-03-29,HKD,NOK,middle,1.1007
2017-03-29,HRK,NOK,middle,1.236
2017-03-29,HUF,NOK,middle,0.029684
2017-03-29,IDR,NOK,middle,0.00064248
2017-03-29,ILS,NOK,middle,2.3583
2017-03-29,INR,NOK,middle,0.13175
2017-03-29,JPY,NOK,middle,0.077123
2017-03-29,KRW,NOK,middle,0.007685
2017-03-29,MXN,NOK,middle,0.4516
2017-03-29,MYR,NOK,middle,1.9351
2017-03-29,NZD,NOK,middle,5.9988
2017-03-29,PHP,NOK,middle,0.1701
2017-03-29,PKR,NOK,middle,0.08157
2017-03-29,PLN,NOK,middle,2.1682
2017-03-29,RON,NOK,middle,2.0172
2017-03-29,RUB,NOK,middle,0.15012
2017-03-29,SEK,NOK,middle,0.9623
2017-03-29,SGD,NOK,middle,6.1248
2017-03-29,THB,NOK,middle,0.24833
2017-03-29,TRY,NOK,middle,2.3418
2017-03-29,TWD,NOK,middle,0.28305
2017-03-29,TWI,NOK,middle,112.77
2017-03-29,USD,NOK,middle,8.5512
2017-03-29,XDR,NOK,middle,11.64512
2017-03-29,ZAR,NOK,middle,0.6508
2017-03-30,AUD,NOK,middle,6.5553
2017-03-30,BGN,NOK,middle,4.6884
2017-03-30,BRL,NOK,middle,2.7327
2017-03-30,BYN,NOK,middle,4.562
2017-03-30,CAD,NOK,middle,6.4033
2017-03-30,CHF,NOK,middle,8.5712
2017-03-30,CNY,NOK,middle,1.2396
2017-03-30,CZK,NOK,middle,0.33933
2017-03-30,DKK,NOK,middle,1.2327
2017-03-30,EUR,NOK,middle,9.1695
2017-03-30,GBP,NOK,middle,10.64
2017-03-30,HKD,NOK,middle,1.0988
2017-03-30,HRK,NOK,middle,1.2311
2017-03-30,HUF,NOK,middle,0.029641
2017-03-30,IDR,NOK,middle,0.00064134
2017-03-30,ILS,NOK,middle,2.3563
2017-03-30,INR,NOK,middle,0.13157
2017-03-30,JPY,NOK,middle,0.076803
2017-03-30,KRW,NOK,middle,0.007647
2017-03-30,MXN,NOK,middle,0.4557
2017-03-30,MYR,NOK,middle,1.9319
2017-03-30,NZD,NOK,middle,5.9916
2017-03-30,PHP,NOK,middle,0.17023
2017-03-30,PKR,NOK,middle,0.08149
2017-03-30,PLN,NOK,middle,2.1712
2017-03-30,RON,NOK,middle,2.0176
2017-03-30,RUB,NOK,middle,0.15197
2017-03-30,SEK,NOK,middle,0.9589
2017-03-30,SGD,NOK,middle,6.1224
2017-03-30,THB,NOK,middle,0.24815
2017-03-30,TRY,NOK,middle,2.344
2017-03-30,TWD,NOK,middle,0.28177
2017-03-30,TWI,NOK,middle,112.6
2017-03-30,USD,NOK,middle,8.5401
2017-03-30,XDR,NOK,middle,11.62557
2017-03-30,ZAR,NOK,middle,0.6637
2017-03-31,AUD,NOK,middle,6.5572
2017-03-31,BGN,NOK,middle,4.6877
2017-03-31,BRL,NOK,middle,2.7125
2017-03-31,BYN,NOK,middle,4.5725
2017-03-31,CAD,NOK,middle,6.4271
2017-03-31,CHF,NOK,middle,8.5717
2017-03-31,CNY,NOK,middle,1.245
2017-03-31,CZK,NOK,middle,0.33919
2017-03-31,DKK,NOK,middle,1.2326
2017-03-31,EUR,NOK,middle,9.1683
2017-03-31,GBP,NOK,middle,10.717
2017-03-31,HKD,NOK,middle,1.1036
2017-03-31,HRK,NOK,middle,1.2312
2017-03-31,HUF,NOK,middle,0.029804
2017-03-31,IDR,NOK,middle,0.00064393
2017-03-31,ILS,NOK,middle,2.3597
2017-03-31,INR,NOK,middle,0.13212
2017-03-31,JPY,NOK,middle,0.07669
2017-03-31,KRW,NOK,middle,0.007675
2017-03-31,MXN,NOK,middle,0.458
2017-03-31,MYR,NOK,middle,1.9378
2017-03-31,NZD,NOK,middle,5.9888
2017-03-31,PHP,NOK,middle,0.17087
2017-03-31,PKR,NOK,middle,0.08181
2017-03-31,PLN,NOK,middle,2.1692
2017-03-31,RON,NOK,middle,2.0139
2017-03-31,RUB,NOK,middle,0.15201
2017-03-31,SEK,NOK,middle,0.9618
2017-03-31,SGD,NOK,middle,6.1367
2017-03-31,THB,NOK,middle,0.24965
2017-03-31,TRY,NOK,middle,2.3573
2017-03-31,TWD,NOK,middle,0.2822
2017-03-31,TWI,NOK,middle,112.79
2017-03-31,USD,NOK,middle,8.5757
2017-03-31,XDR,NOK,middle,11.65578
2017-03-31,ZAR,NOK,middle,0.6438
2017-04-03,AUD,NOK,middle,6.5278
2017-04-03,BGN,NOK,middle,4.6768
2017-04-03,BRL,NOK,middle,2.7456
2017-04-03,BYN,NOK,middle,4.5637
2017-04-03,CAD,NOK,middle,6.4283
2017-04-03,CHF,NOK,middle,8.5628
2017-04-03,CNY,NOK,middle,1.2458
2017-04-03,CZK,NOK,middle,0.33822
2017-04-03,DKK,NOK,middle,1.2298
2017-04-03,EUR,NOK,middle,9.1468
2017-04-03,GBP,NOK,middle,10.728
2017-04-03,HKD,NOK,middle,1.1039
2017-04-03,HRK,NOK,middle,1.231
2017-04-03,HUF,NOK,middle,0.029632
2017-04-03,IDR,NOK,middle,0.000644
2017-04-03,ILS,NOK,middle,2.3641
2017-04-03,INR,NOK,middle,0.13203
2017-04-03,JPY,NOK,middle,0.077097
2017-04-03,KRW,NOK,middle,0.007679
2017-04-03,MXN,NOK,middle,0.4578
2017-04-03,MYR,NOK,middle,1.9378
2017-04-03,NZD,NOK,middle,6.0074
2017-04-03,PHP,NOK,middle,0.17111
2017-04-03,PKR,NOK,middle,0.08184
2017-04-03,PLN,NOK,middle,2.1634
2017-04-03,RON,NOK,middle,2.0105
2017-04-03,RUB,NOK,middle,0.15224
2017-04-03,SEK,NOK,middle,0.9614
2017-04-03,SGD,NOK,middle,6.1392
2017-04-03,THB,NOK,middle,0.24952
2017-04-03,TRY,NOK,middle,2.3555
2017-04-03,TWD,NOK,middle,0.28244
2017-04-03,TWI,NOK,middle,112.7
2017-04-03,USD,NOK,middle,8.5797
2017-04-03,XDR,NOK,middle,11.65613
2017-04-03,ZAR,NOK,middle,0.633
2017-04-04,AUD,NOK,middle,6.5058
2017-04-04,BGN,NOK,middle,4.6932
2017-04-04,BRL,NOK,middle,2.7486
2017-04-04,BYN,NOK,middle,4.5682
2017-04-04,CAD,NOK,middle,6.4099
2017-04-04,CHF,NOK,middle,8.6002
2017-04-04,CNY,NOK,middle,1.251
2017-04-04,CZK,NOK,middle,0.33928
2017-04-04,DKK,NOK,middle,1.2342
2017-04-04,EUR,NOK,middle,9.179
2017-04-04,GBP,NOK,middle,10.72
2017-04-04,HKD,NOK,middle,1.109
2017-04-04,HRK,NOK,middle,1.2342
2017-04-04,HUF,NOK,middle,0.029669
2017-04-04,IDR,NOK,middle,0.00064661
2017-04-04,ILS,NOK,middle,2.3641
2017-04-04,INR,NOK,middle,0.13222
2017-04-04,JPY,NOK,middle,0.078086
2017-04-04,KRW,NOK,middle,0.007661
2017-04-04,MXN,NOK,middle,0.456
2017-04-04,MYR,NOK,middle,1.9447
2017-04-04,NZD,NOK,middle,6.0151
2017-04-04,PHP,NOK,middle,0.17163
2017-04-04,PKR,NOK,middle,0.08222
2017-04-04,PLN,NOK,middle,2.1562
2017-04-04,RON,NOK,middle,2.0199
2017-04-04,RUB,NOK,middle,0.15269
2017-04-04,SEK,NOK,middle,0.9552
2017-04-04,SGD,NOK,middle,6.1592
2017-04-04,THB,NOK,middle,0.2502
2017-04-04,TRY,NOK,middle,2.3584
2017-04-04,TWD,NOK,middle,0.28274
2017-04-04,TWI,NOK,middle,112.88
2017-04-04,USD,NOK,middle,8.618
2017-04-04,XDR,NOK,middle,11.70601
2017-04-04,ZAR,NOK,middle,0.6262
2017-04-05,AUD,NOK,middle,6.508
2017-04-05,BGN,NOK,middle,4.6868
2017-04-05,BRL,NOK,middle,2.7799
2017-04-05,BYN,NOK,middle,4.5638
2017-04-05,CAD,NOK,middle,6.4142
2017-04-05,CHF,NOK,middle,8.5604
2017-04-05,CNY,NOK,middle,1.2448
2017-04-05,CZK,NOK,middle,0.33877
2017-04-05,DKK,NOK,middle,1.2328
2017-04-05,EUR,NOK,middle,9.1665
2017-04-05,GBP,NOK,middle,10.72
2017-04-05,HKD,NOK,middle,1.105
2017-04-05,HRK,NOK,middle,1.2291
2017-04-05,HUF,NOK,middle,0.029578
2017-04-05,IDR,NOK,middle,0.00064429
2017-04-05,ILS,NOK,middle,2.3488
2017-04-05,INR,NOK,middle,0.13229
2017-04-05,JPY,NOK,middle,0.077361
2017-04-05,KRW,NOK,middle,0.007621
2017-04-05,MXN,NOK,middle,0.4579
2017-04-05,MYR,NOK,middle,1.9374
2017-04-05,NZD,NOK,middle,5.9837
2017-04-05,PHP,NOK,middle,0.17123
2017-04-05,PKR,NOK,middle,0.08191
2017-04-05,PLN,NOK,middle,2.1663
2017-04-05,RON,NOK,middle,2.0192
2017-04-05,RUB,NOK,middle,0.15365
2017-04-05,SEK,NOK,middle,0.9574
2017-04-05,SGD,NOK,middle,6.1323
2017-04-05,THB,NOK,middle,0.24868
2017-04-05,TRY,NOK,middle,2.3263
2017-04-05,TWD,NOK,middle,0.28232
2017-04-05,TWI,NOK,middle,112.77
2017-04-05,USD,NOK,middle,8.5845
2017-04-05,XDR,NOK,middle,11.67098
2017-04-05,ZAR,NOK,middle,0.6264
2017-04-06,AUD,NOK,middle,6.5013
2017-04-06,BGN,NOK,middle,4.688
2017-04-06,BRL,NOK,middle,2.759
2017-04-06,BYN,NOK,middle,4.5555
2017-04-06,CAD,NOK,middle,6.4019
2017-04-06,CHF,NOK,middle,8.5674
2017-04-06,CNY,NOK,middle,1.2462
2017-04-06,CZK,NOK,middle,0.34294
2017-04-06,DKK,NOK,middle,1.2332
2017-04-06,EUR,NOK,middle,9.1688
2017-04-06,GBP,NOK,middle,10.712
2017-04-06,HKD,NOK,middle,1.1064
2017-04-06,HRK,NOK,middle,1.2291
2017-04-06,HUF,NOK,middle,0.0296
2017-04-06,IDR,NOK,middle,0.00064537
2017-04-06,ILS,NOK,middle,2.3573
2017-04-06,INR,NOK,middle,0.13324
2017-04-06,JPY,NOK,middle,0.077551
2017-04-06,KRW,NOK,middle,0.0076
2017-04-06,MXN,NOK,middle,0.4575
2017-04-06,MYR,NOK,middle,1.9376
2017-04-06,NZD,NOK,middle,6.0041
2017-04-06,PHP,NOK,middle,0.17141
2017-04-06,PKR,NOK,middle,0.08201
2017-04-06,PLN,NOK,middle,2.1691
2017-04-06,RON,NOK,middle,2.0269
2017-04-06,RUB,NOK,middle,0.15267
2017-04-06,SEK,NOK,middle,0.9561
2017-04-06,SGD,NOK,middle,6.1371
2017-04-06,THB,NOK,middle,0.24845
2017-04-06,TRY,NOK,middle,2.3183
2017-04-06,TWD,NOK,middle,0.28179
2017-04-06,TWI,NOK,middle,112.76
2017-04-06,USD,NOK,middle,8.5963
2017-04-06,XDR,NOK,middle,11.67975
2017-04-06,ZAR,NOK,middle,0.6228
2017-04-07,AUD,NOK,middle,6.4847
2017-04-07,BGN,NOK,middle,4.6826
2017-04-07,BRL,NOK,middle,2.7462
2017-04-07,BYN,NOK,middle,4.5513
2017-04-07,CAD,NOK,middle,6.4242
2017-04-07,CHF,NOK,middle,8.5632
2017-04-07,CNY,NOK,middle,1.2491
2017-04-07,CZK,NOK,middle,0.34478
2017-04-07,DKK,NOK,middle,1.2316
2017-04-07,EUR,NOK,middle,9.1583
2017-04-07,GBP,NOK,middle,10.702
2017-04-07,HKD,NOK,middle,1.1088
2017-04-07,HRK,NOK,middle,1.2295
2017-04-07,HUF,NOK,middle,0.029509
2017-04-07,IDR,NOK,middle,0.00064671
2017-04-07,ILS,NOK,middle,2.3614
2017-04-07,INR,NOK,middle,0.13394
2017-04-07,JPY,NOK,middle,0.07785
2017-04-07,KRW,NOK,middle,0.007592
2017-04-07,MXN,NOK,middle,0.4591
2017-04-07,MYR,NOK,middle,1.9426
2017-04-07,NZD,NOK,middle,6.0058
2017-04-07,PHP,NOK,middle,0.17274
2017-04-07,PKR,NOK,middle,0.0822
2017-04-07,PLN,NOK,middle,2.1677
2017-04-07,RON,NOK,middle,2.0272
2017-04-07,RUB,NOK,middle,0.1514
2017-04-07,SEK,NOK,middle,0.9544
2017-04-07,SGD,NOK,middle,6.1457
2017-04-07,THB,NOK,middle,0.24893
2017-04-07,TRY,NOK,middle,2.3054
2017-04-07,TWD,NOK,middle,0.28178
2017-04-07,TWI,NOK,middle,112.68
2017-04-07,USD,NOK,middle,8.6155
2017-04-07,XDR,NOK,middle,11.69016
2017-04-07,ZAR,NOK,middle,0.6237
2017-04-10,AUD,NOK,middle,6.4761
2017-04-10,BGN,NOK,middle,4.6755
2017-04-10,BRL,NOK,middle,2.7564
2017-04-10,BYN,NOK,middle,4.5474
2017-04-10,CAD,NOK,middle,6.4601
2017-04-10,CHF,NOK,middle,8.5605
2017-04-10,CNY,NOK,middle,1.2523
2017-04-10,CZK,NOK,middle,0.3447
2017-04-10,DKK,NOK,middle,1.2297
2017-04-10,EUR,NOK,middle,9.1443
2017-04-10,GBP,NOK,middle,10.716
2017-04-10,HKD,NOK,middle,1.1126
2017-04-10,HRK,NOK,middle,1.2299
2017-04-10,HUF,NOK,middle,0.02937
2017-04-10,IDR,NOK,middle,0.00065095
2017-04-10,ILS,NOK,middle,2.3607
2017-04-10,INR,NOK,middle,0.1339
2017-04-10,JPY,NOK,middle,0.077678
2017-04-10,KRW,NOK,middle,0.007569
2017-04-10,MXN,NOK,middle,0.4628
2017-04-10,MYR,NOK,middle,1.949
2017-04-10,NZD,NOK,middle,6.0006
2017-04-10,PHP,NOK,middle,0.1742
2017-04-10,PKR,NOK,middle,0.08246
2017-04-10,PLN,NOK,middle,2.162
2017-04-10,RON,NOK,middle,2.0268
2017-04-10,RUB,NOK,middle,0.15114
2017-04-10,SEK,NOK,middle,0.9516
2017-04-10,SGD,NOK,middle,6.1454
2017-04-10,THB,NOK,middle,0.24948
2017-04-10,TRY,NOK,middle,2.3154
2017-04-10,TWD,NOK,middle,0.28244
2017-04-10,TWI,NOK,middle,112.61
2017-04-10,USD,NOK,middle,8.6446
2017-04-10,XDR,NOK,middle,11.70272
2017-04-10,ZAR,NOK,middle,0.6224
2017-04-11,AUD,NOK,middle,6.4543
2017-04-11,BGN,NOK,middle,4.6654
2017-04-11,BRL,NOK,middle,2.745
2017-04-11,BYN,NOK,middle,4.5392
2017-04-11,CAD,NOK,middle,6.4534
2017-04-11,CHF,NOK,middle,8.5308
2017-04-11,CNY,NOK,middle,1.2456
2017-04-11,CZK,NOK,middle,0.34228
2017-04-11,DKK,NOK,middle,1.2269
2017-04-11,EUR,NOK,middle,9.1245
2017-04-11,GBP,NOK,middle,10.693
2017-04-11,HKD,NOK,middle,1.106
2017-04-11,HRK,NOK,middle,1.2291
2017-04-11,HUF,NOK,middle,0.029302
2017-04-11,IDR,NOK,middle,0.00064714
2017-04-11,ILS,NOK,middle,2.3506
2017-04-11,INR,NOK,middle,0.13329
2017-04-11,JPY,NOK,middle,0.077748
2017-04-11,KRW,NOK,middle,0.007513
2017-04-11,MXN,NOK,middle,0.4598
2017-04-11,MYR,NOK,middle,1.9387
2017-04-11,NZD,NOK,middle,5.9696
2017-04-11,PHP,NOK,middle,0.17337
2017-04-11,PKR,NOK,middle,0.08205
2017-04-11,PLN,NOK,middle,2.1513
2017-04-11,RON,NOK,middle,2.023
2017-04-11,RUB,NOK,middle,0.15094
2017-04-11,SEK,NOK,middle,0.9513
2017-04-11,SGD,NOK,middle,6.1222
2017-04-11,THB,NOK,middle,0.24845
2017-04-11,TRY,NOK,middle,2.3163
2017-04-11,TWD,NOK,middle,0.2807
2017-04-11,TWI,NOK,middle,112.32
2017-04-11,USD,NOK,middle,8.595
2017-04-11,XDR,NOK,middle,11.66058
2017-04-11,ZAR,NOK,middle,0.6212
2017-04-12,AUD,NOK,middle,6.4277
2017-04-12,BGN,NOK,middle,4.6546
2017-04-12,BRL,NOK,middle,2.7313
2017-04-12,BYN,NOK,middle,4.5323
2017-04-12,CAD,NOK,middle,6.45
2017-04-12,CHF,NOK,middle,8.5255
2017-04-12,CNY,NOK,middle,1.2455
2017-04-12,CZK,NOK,middle,0.34099
2017-04-12,DKK,NOK,middle,1.2241
2017-04-12,EUR,NOK,middle,9.1035
2017-04-12,GBP,NOK,middle,10.73
2017-04-12,HKD,NOK,middle,1.1046
2017-04-12,HRK,NOK,middle,1.2238
2017-04-12,HUF,NOK,middle,0.029181
2017-04-12,IDR,NOK,middle,0.0006462
2017-04-12,ILS,NOK,middle,2.3486
2017-04-12,INR,NOK,middle,0.13272
2017-04-12,JPY,NOK,middle,0.07833
2017-04-12,KRW,NOK,middle,0.007528
2017-04-12,MXN,NOK,middle,0.4566
2017-04-12,MYR,NOK,middle,1.9388
2017-04-12,NZD,NOK,middle,5.9422
2017-04-12,PHP,NOK,middle,0.17358
2017-04-12,PKR,NOK,middle,0.08188
2017-04-12,PLN,NOK,middle,2.1428
2017-04-12,RON,NOK,middle,2.0138
2017-04-12,RUB,NOK,middle,0.15045
2017-04-12,SEK,NOK,middle,0.9527
2017-04-12,SGD,NOK,middle,6.1225
2017-04-12,THB,NOK,middle,0.24904
2017-04-12,TRY,NOK,middle,2.3363
2017-04-12,TWD,NOK,middle,0.28104
2017-04-12,TWI,NOK,middle,112.24
2017-04-12,USD,NOK,middle,8.5842
2017-04-12,XDR,NOK,middle,11.65499
2017-04-12,ZAR,NOK,middle,0.627
2017-04-18,AUD,NOK,middle,6.4354
2017-04-18,BGN,NOK,middle,4.6576
2017-04-18,BRL,NOK,middle,2.7443
2017-04-18,BYN,NOK,middle,4.5396
2017-04-18,CAD,NOK,middle,6.3822
2017-04-18,CHF,NOK,middle,8.5245
2017-04-18,CNY,NOK,middle,1.239
2017-04-18,CZK,NOK,middle,0.34042
2017-04-18,DKK,NOK,middle,1.2247
2017-04-18,EUR,NOK,middle,9.1093
2017-04-18,GBP,NOK,middle,10.796
2017-04-18,HKD,NOK,middle,1.097
2017-04-18,HRK,NOK,middle,1.2249
2017-04-18,HUF,NOK,middle,0.029142
2017-04-18,IDR,NOK,middle,0.00064135
2017-04-18,ILS,NOK,middle,2.3267
2017-04-18,INR,NOK,middle,0.132
2017-04-18,JPY,NOK,middle,0.078353
2017-04-18,KRW,NOK,middle,0.00746
2017-04-18,MXN,NOK,middle,0.4594
2017-04-18,MYR,NOK,middle,1.9335
2017-04-18,NZD,NOK,middle,5.9985
2017-04-18,PHP,NOK,middle,0.17167
2017-04-18,PKR,NOK,middle,0.08132
2017-04-18,PLN,NOK,middle,2.1503
2017-04-18,RON,NOK,middle,2.0162
2017-04-18,RUB,NOK,middle,0.15211
2017-04-18,SEK,NOK,middle,0.9498
2017-04-18,SGD,NOK,middle,6.0985
2017-04-18,THB,NOK,middle,0.24826
2017-04-18,TRY,NOK,middle,2.3107
2017-04-18,TWD,NOK,middle,0.2804
2017-04-18,TWI,NOK,middle,112.21
2017-04-18,USD,NOK,middle,8.5277
2017-04-18,XDR,NOK,middle,11.62779
2017-04-18,ZAR,NOK,middle,0.637
2017-04-19,AUD,NOK,middle,6.4208
2017-04-19,BGN,NOK,middle,4.6798
2017-04-19,BRL,NOK,middle,2.743
2017-04-19,BYN,NOK,middle,4.5418
2017-04-19,CAD,NOK,middle,6.3495
2017-04-19,CHF,NOK,middle,8.562
2017-04-19,CNY,NOK,middle,1.2393
2017-04-19,CZK,NOK,middle,0.3416
2017-04-19,DKK,NOK,middle,1.2304
2017-04-19,EUR,NOK,middle,9.1528
2017-04-19,GBP,NOK,middle,10.971
2017-04-19,HKD,NOK,middle,1.0975
2017-04-19,HRK,NOK,middle,1.2291
2017-04-19,HUF,NOK,middle,0.029238
2017-04-19,IDR,NOK,middle,0.00064036
2017-04-19,ILS,NOK,middle,2.3282
2017-04-19,INR,NOK,middle,0.13218
2017-04-19,JPY,NOK,middle,0.078289
2017-04-19,KRW,NOK,middle,0.007487
2017-04-19,MXN,NOK,middle,0.4572
2017-04-19,MYR,NOK,middle,1.9396
2017-04-19,NZD,NOK,middle,5.9889
2017-04-19,PHP,NOK,middle,0.1716
2017-04-19,PKR,NOK,middle,0.08141
2017-04-19,PLN,NOK,middle,2.1608
2017-04-19,RON,NOK,middle,2.0187
2017-04-19,RUB,NOK,middle,0.15187
2017-04-19,SEK,NOK,middle,0.9515
2017-04-19,SGD,NOK,middle,6.1072
2017-04-19,THB,NOK,middle,0.24816
2017-04-19,TRY,NOK,middle,2.3294
2017-04-19,TWD,NOK,middle,0.28061
2017-04-19,TWI,NOK,middle,112.72
2017-04-19,USD,NOK,middle,8.5341
2017-04-19,XDR,NOK,middle,11.66918
2017-04-19,ZAR,NOK,middle,0.6418
2017-04-20,AUD,NOK,middle,6.4519
2017-04-20,BGN,NOK,middle,4.7101
2017-04-20,BRL,NOK,middle,2.7279
2017-04-20,BYN,NOK,middle,4.5694
2017-04-20,CAD,NOK,middle,6.3557
2017-04-20,CHF,NOK,middle,8.6085
2017-04-20,CNY,NOK,middle,1.2455
2017-04-20,CZK,NOK,middle,0.34236
2017-04-20,DKK,NOK,middle,1.2385
2017-04-20,EUR,NOK,middle,9.212
2017-04-20,GBP,NOK,middle,10.977
2017-04-20,HKD,NOK,middle,1.1026
2017-04-20,HRK,NOK,middle,1.2357
2017-04-20,HUF,NOK,middle,0.029384
2017-04-20,IDR,NOK,middle,0.00064347
2017-04-20,ILS,NOK,middle,2.3391
2017-04-20,INR,NOK,middle,0.13267
2017-04-20,JPY,NOK,middle,0.078628
2017-04-20,KRW,NOK,middle,0.007545
2017-04-20,MXN,NOK,middle,0.4561
2017-04-20,MYR,NOK,middle,1.9493
2017-04-20,NZD,NOK,middle,6.0205
2017-04-20,PHP,NOK,middle,0.17244
2017-04-20,PKR,NOK,middle,0.08181
2017-04-20,PLN,NOK,middle,2.1631
2017-04-20,RON,NOK,middle,2.0289
2017-04-20,RUB,NOK,middle,0.1524
2017-04-20,SEK,NOK,middle,0.9576
2017-04-20,SGD,NOK,middle,6.1377
2017-04-20,THB,NOK,middle,0.24944
2017-04-20,TRY,NOK,middle,2.358
2017-04-20,TWD,NOK,middle,0.28223
2017-04-20,TWI,NOK,middle,113.29
2017-04-20,USD,NOK,middle,8.5733
2017-04-20,XDR,NOK,middle,11.72502
2017-04-20,ZAR,NOK,middle,0.652
2017-04-21,AUD,NOK,middle,6.5038
2017-04-21,BGN,NOK,middle,4.7284
2017-04-21,BRL,NOK,middle,2.7455
2017-04-21,BYN,NOK,middle,4.6091
2017-04-21,CAD,NOK,middle,6.4163
2017-04-21,CHF,NOK,middle,8.659
2017-04-21,CNY,NOK,middle,1.2554
2017-04-21,CZK,NOK,middle,0.34336
2017-04-21,DKK,NOK,middle,1.2435
2017-04-21,EUR,NOK,middle,9.2478
2017-04-21,GBP,NOK,middle,11.046
2017-04-21,HKD,NOK,middle,1.1116
2017-04-21,HRK,NOK,middle,1.2401
2017-04-21,HUF,NOK,middle,0.029435
2017-04-21,IDR,NOK,middle,0.00064898
2017-04-21,ILS,NOK,middle,2.3492
2017-04-21,INR,NOK,middle,0.1338
2017-04-21,JPY,NOK,middle,0.079231
2017-04-21,KRW,NOK,middle,0.007611
2017-04-21,MXN,NOK,middle,0.459
2017-04-21,MYR,NOK,middle,1.9651
2017-04-21,NZD,NOK,middle,6.0534
2017-04-21,PHP,NOK,middle,0.17349
2017-04-21,PKR,NOK,middle,0.08247
2017-04-21,PLN,NOK,middle,2.1644
2017-04-21,RON,NOK,middle,2.0353
2017-04-21,RUB,NOK,middle,0.15347
2017-04-21,SEK,NOK,middle,0.9594
2017-04-21,SGD,NOK,middle,6.1866
2017-04-21,THB,NOK,middle,0.25137
2017-04-21,TRY,NOK,middle,2.3712
2017-04-21,TWD,NOK,middle,0.28478
2017-04-21,TWI,NOK,middle,113.84
2017-04-21,USD,NOK,middle,8.6444
2017-04-21,XDR,NOK,middle,11.80113
2017-04-21,ZAR,NOK,middle,0.6578
2017-04-24,AUD,NOK,middle,6.4515
2017-04-24,BGN,NOK,middle,4.727
2017-04-24,BRL,NOK,middle,2.7269
2017-04-24,BYN,NOK,middle,4.544
2017-04-24,CAD,NOK,middle,6.3452
2017-04-24,CHF,NOK,middle,8.5554
2017-04-24,CNY,NOK,middle,1.2378
2017-04-24,CZK,NOK,middle,0.34505
2017-04-24,DKK,NOK,middle,1.2428
2017-04-24,EUR,NOK,middle,9.245
2017-04-24,GBP,NOK,middle,10.898
2017-04-24,HKD,NOK,middle,1.0957
2017-04-24,HRK,NOK,middle,1.2389
2017-04-24,HUF,NOK,middle,0.029682
2017-04-24,IDR,NOK,middle,0.00064179
2017-04-24,ILS,NOK,middle,2.3334
2017-04-24,INR,NOK,middle,0.13224
2017-04-24,JPY,NOK,middle,0.077254
2017-04-24,KRW,NOK,middle,0.007552
2017-04-24,MXN,NOK,middle,0.4585
2017-04-24,MYR,NOK,middle,1.9373
2017-04-24,NZD,NOK,middle,5.9869
2017-04-24,PHP,NOK,middle,0.17122
2017-04-24,PKR,NOK,middle,0.08132
2017-04-24,PLN,NOK,middle,2.1794
2017-04-24,RON,NOK,middle,2.0415
2017-04-24,RUB,NOK,middle,0.15233
2017-04-24,SEK,NOK,middle,0.9648
2017-04-24,SGD,NOK,middle,6.1185
2017-04-24,THB,NOK,middle,0.24803
2017-04-24,TRY,NOK,middle,2.3724
2017-04-24,TWD,NOK,middle,0.28222
2017-04-24,TWI,NOK,middle,113.41
2017-04-24,USD,NOK,middle,8.5223
2017-04-24,XDR,NOK,middle,11.68003
2017-04-24,ZAR,NOK,middle,0.6574
2017-04-25,AUD,NOK,middle,6.4451
2017-04-25,BGN,NOK,middle,4.7632
2017-04-25,BRL,NOK,middle,2.7137
2017-04-25,BYN,NOK,middle,4.5607
2017-04-25,CAD,NOK,middle,6.2987
2017-04-25,CHF,NOK,middle,8.605
2017-04-25,CNY,NOK,middle,1.2425
2017-04-25,CZK,NOK,middle,0.34798
2017-04-25,DKK,NOK,middle,1.2522
2017-04-25,EUR,NOK,middle,9.3158
2017-04-25,GBP,NOK,middle,10.969
2017-04-25,HKD,NOK,middle,1.0991
2017-04-25,HRK,NOK,middle,1.248
2017-04-25,HUF,NOK,middle,0.029887
2017-04-25,IDR,NOK,middle,0.00064422
2017-04-25,ILS,NOK,middle,2.3471
2017-04-25,INR,NOK,middle,0.13306
2017-04-25,JPY,NOK,middle,0.077412
2017-04-25,KRW,NOK,middle,0.007584
2017-04-25,MXN,NOK,middle,0.454
2017-04-25,MYR,NOK,middle,1.9592
2017-04-25,NZD,NOK,middle,5.9579
2017-04-25,PHP,NOK,middle,0.17227
2017-04-25,PKR,NOK,middle,0.08162
2017-04-25,PLN,NOK,middle,2.2037
2017-04-25,RON,NOK,middle,2.0585
2017-04-25,RUB,NOK,middle,0.15269
2017-04-25,SEK,NOK,middle,0.9703
2017-04-25,SGD,NOK,middle,6.1409
2017-04-25,THB,NOK,middle,0.24851
2017-04-25,TRY,NOK,middle,2.3809
2017-04-25,TWD,NOK,middle,0.28411
2017-04-25,TWI,NOK,middle,114.1
2017-04-25,USD,NOK,middle,8.5537
2017-04-25,XDR,NOK,middle,11.74037
2017-04-25,ZAR,NOK,middle,0.6557
2017-04-26,AUD,NOK,middle,6.4211
2017-04-26,BGN,NOK,middle,4.7799
2017-04-26,BRL,NOK,middle,2.7081
2017-04-26,BYN,NOK,middle,4.5832
2017-04-26,CAD,NOK,middle,6.32
2017-04-26,CHF,NOK,middle,8.6281
2017-04-26,CNY,NOK,middle,1.2455
2017-04-26,CZK,NOK,middle,0.34692
2017-04-26,DKK,NOK,middle,1.2566
2017-04-26,EUR,NOK,middle,9.3485
2017-04-26,GBP,NOK,middle,11.011
2017-04-26,HKD,NOK,middle,1.103
2017-04-26,HRK,NOK,middle,1.2511
2017-04-26,HUF,NOK,middle,0.02997
2017-04-26,IDR,NOK,middle,0.0006455
2017-04-26,ILS,NOK,middle,2.36
2017-04-26,INR,NOK,middle,0.13384
2017-04-26,JPY,NOK,middle,0.077037
2017-04-26,KRW,NOK,middle,0.007589
2017-04-26,MXN,NOK,middle,0.4532
2017-04-26,MYR,NOK,middle,1.974
2017-04-26,NZD,NOK,middle,5.9145
2017-04-26,PHP,NOK,middle,0.17223
2017-04-26,PKR,NOK,middle,0.08197
2017-04-26,PLN,NOK,middle,2.2131
2017-04-26,RON,NOK,middle,2.062
2017-04-26,RUB,NOK,middle,0.15138
2017-04-26,SEK,NOK,middle,0.9778
2017-04-26,SGD,NOK,middle,6.1479
2017-04-26,THB,NOK,middle,0.24897
2017-04-26,TRY,NOK,middle,2.3976
2017-04-26,TWD,NOK,middle,0.28512
2017-04-26,TWI,NOK,middle,114.48
2017-04-26,USD,NOK,middle,8.5821
2017-04-26,XDR,NOK,middle,11.77326
2017-04-26,ZAR,NOK,middle,0.6484
2017-04-27,AUD,NOK,middle,6.4055
2017-04-27,BGN,NOK,middle,4.7739
2017-04-27,BRL,NOK,middle,2.7152
2017-04-27,BYN,NOK,middle,4.5764
2017-04-27,CAD,NOK,middle,6.3158
2017-04-27,CHF,NOK,middle,8.6291
2017-04-27,CNY,NOK,middle,1.2445
2017-04-27,CZK,NOK,middle,0.34661
2017-04-27,DKK,NOK,middle,1.2552
2017-04-27,EUR,NOK,middle,9.3367
2017-04-27,GBP,NOK,middle,11.06
2017-04-27,HKD,NOK,middle,1.1027
2017-04-27,HRK,NOK,middle,1.2469
2017-04-27,HUF,NOK,middle,0.029922
2017-04-27,IDR,NOK,middle,0.00064449
2017-04-27,ILS,NOK,middle,2.3548
2017-04-27,INR,NOK,middle,0.13383
2017-04-27,JPY,NOK,middle,0.076991
2017-04-27,KRW,NOK,middle,0.007564
2017-04-27,MXN,NOK,middle,0.4519
2017-04-27,MYR,NOK,middle,1.9735
2017-04-27,NZD,NOK,middle,5.8974
2017-04-27,PHP,NOK,middle,0.17111
2017-04-27,PKR,NOK,middle,0.08189
2017-04-27,PLN,NOK,middle,2.2116
2017-04-27,RON,NOK,middle,2.0616
2017-04-27,RUB,NOK,middle,0.1504
2017-04-27,SEK,NOK,middle,0.9701
2017-04-27,SGD,NOK,middle,6.1405
2017-04-27,THB,NOK,middle,0.24786
2017-04-27,TRY,NOK,middle,2.4066
2017-04-27,TWD,NOK,middle,0.28446
2017-04-27,TWI,NOK,middle,114.33
2017-04-27,USD,NOK,middle,8.5807
2017-04-27,XDR,NOK,middle,11.77153
2017-04-27,ZAR,NOK,middle,0.6423
2017-04-28,AUD,NOK,middle,6.3738
2017-04-28,BGN,NOK,middle,4.7675
2017-04-28,BRL,NOK,middle,2.6857
2017-04-28,BYN,NOK,middle,4.562
2017-04-28,CAD,NOK,middle,6.252
2017-04-28,CHF,NOK,middle,8.6089
2017-04-28,CNY,NOK,middle,1.2372
2017-04-28,CZK,NOK,middle,0.34634
2017-04-28,DKK,NOK,middle,1.2536
2017-04-28,EUR,NOK,middle,9.3243
2017-04-28,GBP,NOK,middle,11.038
2017-04-28,HKD,NOK,middle,1.0969
2017-04-28,HRK,NOK,middle,1.2492
2017-04-28,HUF,NOK,middle,0.029849
2017-04-28,IDR,NOK,middle,0.00064003
2017-04-28,ILS,NOK,middle,2.3553
2017-04-28,INR,NOK,middle,0.13271
2017-04-28,JPY,NOK,middle,0.076579
2017-04-28,KRW,NOK,middle,0.007497
2017-04-28,MXN,NOK,middle,0.4494
2017-04-28,MYR,NOK,middle,1.9652
2017-04-28,NZD,NOK,middle,5.8654
2017-04-28,PHP,NOK,middle,0.17027
2017-04-28,PKR,NOK,middle,0.08144
2017-04-28,PLN,NOK,middle,2.2083
2017-04-28,RON,NOK,middle,2.0562
2017-04-28,RUB,NOK,middle,0.15014
2017-04-28,SEK,NOK,middle,0.9681
2017-04-28,SGD,NOK,middle,6.1111
2017-04-28,THB,NOK,middle,0.24677
2017-04-28,TRY,NOK,middle,2.4059
2017-04-28,TWD,NOK,middle,0.28247
2017-04-28,TWI,NOK,middle,114.03
2017-04-28,USD,NOK,middle,8.5309
2017-04-28,XDR,NOK,middle,11.72616
2017-04-28,ZAR,NOK,middle,0.6435
2017-05-02,AUD,NOK,middle,6.4596
2017-05-02,BGN,NOK,middle,4.795
2017-05-02,BRL,NOK,middle,2.7116
2017-05-02,BYN,NOK,middle,4.597
2017-05-02,CAD,NOK,middle,6.2822
2017-05-02,CHF,NOK,middle,8.6417
2017-05-02,CNY,NOK,middle,1.246
2017-05-02,CZK,NOK,middle,0.34872
2017-05-02,DKK,NOK,middle,1.261
2017-05-02,EUR,NOK,middle,9.378
2017-05-02,GBP,NOK,middle,11.096
2017-05-02,HKD,NOK,middle,1.1041
2017-05-02,HRK,NOK,middle,1.2576
2017-05-02,HUF,NOK,middle,0.030038
2017-05-02,IDR,NOK,middle,0.00064545
2017-05-02,ILS,NOK,middle,2.3804
2017-05-02,INR,NOK,middle,0.13378
2017-05-02,JPY,NOK,middle,0.076524
2017-05-02,KRW,NOK,middle,0.007602
2017-05-02,MXN,NOK,middle,0.4584
2017-05-02,MYR,NOK,middle,1.9852
2017-05-02,NZD,NOK,middle,5.9422
2017-05-02,PHP,NOK,middle,0.17183
2017-05-02,PKR,NOK,middle,0.082
2017-05-02,PLN,NOK,middle,2.2282
2017-05-02,RON,NOK,middle,2.0613
2017-05-02,RUB,NOK,middle,0.1507
2017-05-02,SEK,NOK,middle,0.9739
2017-05-02,SGD,NOK,middle,6.1608
2017-05-02,THB,NOK,middle,0.24904
2017-05-02,TRY,NOK,middle,2.4282
2017-05-02,TWD,NOK,middle,0.28602
2017-05-02,TWI,NOK,middle,114.73
2017-05-02,USD,NOK,middle,8.5918
2017-05-02,XDR,NOK,middle,11.79537
2017-05-02,ZAR,NOK,middle,0.6473
2017-05-03,AUD,NOK,middle,6.4234
2017-05-03,BGN,NOK,middle,4.8
2017-05-03,BRL,NOK,middle,2.7271
2017-05-03,BYN,NOK,middle,4.5879
2017-05-03,CAD,NOK,middle,6.2627
2017-05-03,CHF,NOK,middle,8.6828
2017-05-03,CNY,NOK,middle,1.2473
2017-05-03,CZK,NOK,middle,0.34937
2017-05-03,DKK,NOK,middle,1.2623
2017-05-03,EUR,NOK,middle,9.3878
2017-05-03,GBP,NOK,middle,11.118
2017-05-03,HKD,NOK,middle,1.1049
2017-05-03,HRK,NOK,middle,1.2602
2017-05-03,HUF,NOK,middle,0.030075
2017-05-03,IDR,NOK,middle,0.00064617
2017-05-03,ILS,NOK,middle,2.377
2017-05-03,INR,NOK,middle,0.13401
2017-05-03,JPY,NOK,middle,0.076654
2017-05-03,KRW,NOK,middle,0.007598
2017-05-03,MXN,NOK,middle,0.4571
2017-05-03,MYR,NOK,middle,1.9907
2017-05-03,NZD,NOK,middle,5.9537
2017-05-03,PHP,NOK,middle,0.17199
2017-05-03,PKR,NOK,middle,0.08204
2017-05-03,PLN,NOK,middle,2.2398
2017-05-03,RON,NOK,middle,2.0639
2017-05-03,RUB,NOK,middle,0.15009
2017-05-03,SEK,NOK,middle,0.9751
2017-05-03,SGD,NOK,middle,6.1644
2017-05-03,THB,NOK,middle,0.24932
2017-05-03,TRY,NOK,middle,2.4319
2017-05-03,TWD,NOK,middle,0.28616
2017-05-03,TWI,NOK,middle,114.86
2017-05-03,USD,NOK,middle,8.5977
2017-05-03,XDR,NOK,middle,11.80704
2017-05-03,ZAR,NOK,middle,0.6442
2017-05-04,AUD,NOK,middle,6.4173
2017-05-04,BGN,NOK,middle,4.8473
2017-05-04,BRL,NOK,middle,2.7225
2017-05-04,BYN,NOK,middle,4.599
2017-05-04,CAD,NOK,middle,6.316
2017-05-04,CHF,NOK,middle,8.7432
2017-05-04,CNY,NOK,middle,1.2582
2017-05-04,CZK,NOK,middle,0.35418
2017-05-04,DKK,NOK,middle,1.2748
2017-05-04,EUR,NOK,middle,9.4803
2017-05-04,GBP,NOK,middle,11.184
2017-05-04,HKD,NOK,middle,1.1148
2017-05-04,HRK,NOK,middle,1.2727
2017-05-04,HUF,NOK,middle,0.030381
2017-05-04,IDR,NOK,middle,0.00065099
2017-05-04,ILS,NOK,middle,2.3973
2017-05-04,INR,NOK,middle,0.13517
2017-05-04,JPY,NOK,middle,0.076882
2017-05-04,KRW,NOK,middle,0.007638
2017-05-04,MXN,NOK,middle,0.4571
2017-05-04,MYR,NOK,middle,2.0048
2017-05-04,NZD,NOK,middle,5.9531
2017-05-04,PHP,NOK,middle,0.17368
2017-05-04,PKR,NOK,middle,0.08278
2017-05-04,PLN,NOK,middle,2.2515
2017-05-04,RON,NOK,middle,2.0854
2017-05-04,RUB,NOK,middle,0.14967
2017-05-04,SEK,NOK,middle,0.983
2017-05-04,SGD,NOK,middle,6.1991
2017-05-04,THB,NOK,middle,0.25054
2017-05-04,TRY,NOK,middle,2.4365
2017-05-04,TWD,NOK,middle,0.28775
2017-05-04,TWI,NOK,middle,115.79
2017-05-04,USD,NOK,middle,8.676
2017-05-04,XDR,NOK,middle,11.90796
2017-05-04,ZAR,NOK,middle,0.6406
2017-05-05,AUD,NOK,middle,6.4066
2017-05-05,BGN,NOK,middle,4.8585
2017-05-05,BRL,NOK,middle,2.7214
2017-05-05,BYN,NOK,middle,4.5857
2017-05-05,CAD,NOK,middle,6.2954
2017-05-05,CHF,NOK,middle,8.7668
2017-05-05,CNY,NOK,middle,1.256
2017-05-05,CZK,NOK,middle,0.35481
2017-05-05,DKK,NOK,middle,1.2777
2017-05-05,EUR,NOK,middle,9.5023
2017-05-05,GBP,NOK,middle,11.217
2017-05-05,HKD,NOK,middle,1.1138
2017-05-05,HRK,NOK,middle,1.2784
2017-05-05,HUF,NOK,middle,0.030508
2017-05-05,IDR,NOK,middle,0.00065035
2017-05-05,ILS,NOK,middle,2.4056
2017-05-05,INR,NOK,middle,0.13466
2017-05-05,JPY,NOK,middle,0.077073
2017-05-05,KRW,NOK,middle,0.007595
2017-05-05,MXN,NOK,middle,0.4549
2017-05-05,MYR,NOK,middle,1.9987
2017-05-05,NZD,NOK,middle,5.9722
2017-05-05,PHP,NOK,middle,0.17346
2017-05-05,PKR,NOK,middle,0.08272
2017-05-05,PLN,NOK,middle,2.2532
2017-05-05,RON,NOK,middle,2.0898
2017-05-05,RUB,NOK,middle,0.1481
2017-05-05,SEK,NOK,middle,0.981
2017-05-05,SGD,NOK,middle,6.1695
2017-05-05,THB,NOK,middle,0.24976
2017-05-05,TRY,NOK,middle,2.4331
2017-05-05,TWD,NOK,middle,0.28645
2017-05-05,TWI,NOK,middle,115.86
2017-05-05,USD,NOK,middle,8.6692
2017-05-05,XDR,NOK,middle,11.91838
2017-05-05,ZAR,NOK,middle,0.6382
2017-05-08,AUD,NOK,middle,6.3867
2017-05-08,BGN,NOK,middle,4.83
2017-05-08,BRL,NOK,middle,2.707
2017-05-08,BYN,NOK,middle,4.5647
2017-05-08,CAD,NOK,middle,6.3036
2017-05-08,CHF,NOK,middle,8.684
2017-05-08,CNY,NOK,middle,1.251
2017-05-08,CZK,NOK,middle,0.35364
2017-05-08,DKK,NOK,middle,1.2699
2017-05-08,EUR,NOK,middle,9.4465
2017-05-08,GBP,NOK,middle,11.184
2017-05-08,HKD,NOK,middle,1.1094
2017-05-08,HRK,NOK,middle,1.2735
2017-05-08,HUF,NOK,middle,0.030351
2017-05-08,IDR,NOK,middle,0.00064889
2017-05-08,ILS,NOK,middle,2.3958
2017-05-08,INR,NOK,middle,0.13429
2017-05-08,JPY,NOK,middle,0.076738
2017-05-08,KRW,NOK,middle,0.007623
2017-05-08,MXN,NOK,middle,0.4535
2017-05-08,MYR,NOK,middle,1.9919
2017-05-08,NZD,NOK,middle,5.978
2017-05-08,PHP,NOK,middle,0.17312
2017-05-08,PKR,NOK,middle,0.08239
2017-05-08,PLN,NOK,middle,2.2486
2017-05-08,RON,NOK,middle,2.0767
2017-05-08,RUB,NOK,middle,0.14834
2017-05-08,SEK,NOK,middle,0.978
2017-05-08,SGD,NOK,middle,6.1469
2017-05-08,THB,NOK,middle,0.2491
2017-05-08,TRY,NOK,middle,2.4231
2017-05-08,TWD,NOK,middle,0.28614
2017-05-08,TWI,NOK,middle,115.37
2017-05-08,USD,NOK,middle,8.6364
2017-05-08,XDR,NOK,middle,11.86577
2017-05-08,ZAR,NOK,middle,0.6362
2017-05-09,AUD,NOK,middle,6.3568
2017-05-09,BGN,NOK,middle,4.8133
2017-05-09,BRL,NOK,middle,2.7106
2017-05-09,BYN,NOK,middle,4.5698
2017-05-09,CAD,NOK,middle,6.3091
2017-05-09,CHF,NOK,middle,8.6065
2017-05-09,CNY,NOK,middle,1.2518
2017-05-09,CZK,NOK,middle,0.35295
2017-05-09,DKK,NOK,middle,1.2654
2017-05-09,EUR,NOK,middle,9.4138
2017-05-09,GBP,NOK,middle,11.167
2017-05-09,HKD,NOK,middle,1.1107
2017-05-09,HRK,NOK,middle,1.2681
2017-05-09,HUF,NOK,middle,0.030199
2017-05-09,IDR,NOK,middle,0.00064764
2017-05-09,ILS,NOK,middle,2.3994
2017-05-09,INR,NOK,middle,0.13372
2017-05-09,JPY,NOK,middle,0.075893
2017-05-09,KRW,NOK,middle,0.007598
2017-05-09,MXN,NOK,middle,0.4509
2017-05-09,MYR,NOK,middle,1.989
2017-05-09,NZD,NOK,middle,5.9626
2017-05-09,PHP,NOK,middle,0.17302
2017-05-09,PKR,NOK,middle,0.08248
2017-05-09,PLN,NOK,middle,2.2295
2017-05-09,RON,NOK,middle,2.069
2017-05-09,RUB,NOK,middle,0.14833
2017-05-09,SEK,NOK,middle,0.9735
2017-05-09,SGD,NOK,middle,6.128
2017-05-09,THB,NOK,middle,0.2487
2017-05-09,TRY,NOK,middle,2.4047
2017-05-09,TWD,NOK,middle,0.28552
2017-05-09,TWI,NOK,middle,115.02
2017-05-09,USD,NOK,middle,8.646
2017-05-09,XDR,NOK,middle,11.84655
2017-05-09,ZAR,NOK,middle,0.6327
2017-05-10,AUD,NOK,middle,6.4067
2017-05-10,BGN,NOK,middle,4.8285
2017-05-10,BRL,NOK,middle,2.742
2017-05-10,BYN,NOK,middle,4.6111
2017-05-10,CAD,NOK,middle,6.3358
2017-05-10,CHF,NOK,middle,8.625
2017-05-10,CNY,NOK,middle,1.2572
2017-05-10,CZK,NOK,middle,0.35446
2017-05-10,DKK,NOK,middle,1.2691
2017-05-10,EUR,NOK,middle,9.4435
2017-05-10,GBP,NOK,middle,11.244
2017-05-10,HKD,NOK,middle,1.1146
2017-05-10,HRK,NOK,middle,1.2725
2017-05-10,HUF,NOK,middle,0.030405
2017-05-10,IDR,NOK,middle,0.00064968
2017-05-10,ILS,NOK,middle,2.4101
2017-05-10,INR,NOK,middle,0.13445
2017-05-10,JPY,NOK,middle,0.076256
2017-05-10,KRW,NOK,middle,0.007647
2017-05-10,MXN,NOK,middle,0.4549
2017-05-10,MYR,NOK,middle,1.9963
2017-05-10,NZD,NOK,middle,6.0261
2017-05-10,PHP,NOK,middle,0.17387
2017-05-10,PKR,NOK,middle,0.08284
2017-05-10,PLN,NOK,middle,2.2389
2017-05-10,RON,NOK,middle,2.0757
2017-05-10,RUB,NOK,middle,0.14999
2017-05-10,SEK,NOK,middle,0.9737
2017-05-10,SGD,NOK,middle,6.1529
2017-05-10,THB,NOK,middle,0.24966
2017-05-10,TRY,NOK,middle,2.4179
2017-05-10,TWD,NOK,middle,0.28705
2017-05-10,TWI,NOK,middle,115.45
2017-05-10,USD,NOK,middle,8.6781
2017-05-10,XDR,NOK,middle,11.89215
2017-05-10,ZAR,NOK,middle,0.6433
2017-05-11,AUD,NOK,middle,6.333
2017-05-11,BGN,NOK,middle,4.772
2017-05-11,BRL,NOK,middle,2.716
2017-05-11,BYN,NOK,middle,4.5883
2017-05-11,CAD,NOK,middle,6.2612
2017-05-11,CHF,NOK,middle,8.5217
2017-05-11,CNY,NOK,middle,1.2451
2017-05-11,CZK,NOK,middle,0.35089
2017-05-11,DKK,NOK,middle,1.2544
2017-05-11,EUR,NOK,middle,9.333
2017-05-11,GBP,NOK,middle,11.047
2017-05-11,HKD,NOK,middle,1.1033
2017-05-11,HRK,NOK,middle,1.2558
2017-05-11,HUF,NOK,middle,0.030051
2017-05-11,IDR,NOK,middle,0.00064408
2017-05-11,ILS,NOK,middle,2.3797
2017-05-11,INR,NOK,middle,0.13351
2017-05-11,JPY,NOK,middle,0.075455
2017-05-11,KRW,NOK,middle,0.007615
2017-05-11,MXN,NOK,middle,0.4529
2017-05-11,MYR,NOK,middle,1.9763
2017-05-11,NZD,NOK,middle,5.8839
2017-05-11,PHP,NOK,middle,0.17227
2017-05-11,PKR,NOK,middle,0.08209
2017-05-11,PLN,NOK,middle,2.2094
2017-05-11,RON,NOK,middle,2.0517
2017-05-11,RUB,NOK,middle,0.15037
2017-05-11,SEK,NOK,middle,0.9674
2017-05-11,SGD,NOK,middle,6.1032
2017-05-11,THB,NOK,middle,0.2473
2017-05-11,TRY,NOK,middle,2.3979
2017-05-11,TWD,NOK,middle,0.28475
2017-05-11,TWI,NOK,middle,114.2
2017-05-11,USD,NOK,middle,8.5939
2017-05-11,XDR,NOK,middle,11.75912
2017-05-11,ZAR,NOK,middle,0.643
2017-05-12,AUD,NOK,middle,6.3584
2017-05-12,BGN,NOK,middle,4.7891
2017-05-12,BRL,NOK,middle,2.7366
2017-05-12,BYN,NOK,middle,4.5992
2017-05-12,CAD,NOK,middle,6.269
2017-05-12,CHF,NOK,middle,8.5437
2017-05-12,CNY,NOK,middle,1.2481
2017-05-12,CZK,NOK,middle,0.35244
2017-05-12,DKK,NOK,middle,1.2589
2017-05-12,EUR,NOK,middle,9.3665
2017-05-12,GBP,NOK,middle,11.073
2017-05-12,HKD,NOK,middle,1.105
2017-05-12,HRK,NOK,middle,1.2619
2017-05-12,HUF,NOK,middle,0.030191
2017-05-12,IDR,NOK,middle,0.00064609
2017-05-12,ILS,NOK,middle,2.3892
2017-05-12,INR,NOK,middle,0.13392
2017-05-12,JPY,NOK,middle,0.075646
2017-05-12,KRW,NOK,middle,0.007637
2017-05-12,MXN,NOK,middle,0.4557
2017-05-12,MYR,NOK,middle,1.9826
2017-05-12,NZD,NOK,middle,5.8938
2017-05-12,PHP,NOK,middle,0.17317
2017-05-12,PKR,NOK,middle,0.08218
2017-05-12,PLN,NOK,middle,2.2211
2017-05-12,RON,NOK,middle,2.0608
2017-05-12,RUB,NOK,middle,0.15031
2017-05-12,SEK,NOK,middle,0.9689
2017-05-12,SGD,NOK,middle,6.1163
2017-05-12,THB,NOK,middle,0.24794
2017-05-12,TRY,NOK,middle,2.3993
2017-05-12,TWD,NOK,middle,0.28513
2017-05-12,TWI,NOK,middle,114.54
2017-05-12,USD,NOK,middle,8.6121
2017-05-12,XDR,NOK,middle,11.79062
2017-05-12,ZAR,NOK,middle,0.6401
2017-05-15,AUD,NOK,middle,6.331
2017-05-15,BGN,NOK,middle,4.7717
2017-05-15,BRL,NOK,middle,2.7396
2017-05-15,BYN,NOK,middle,4.5804
2017-05-15,CAD,NOK,middle,6.2504
2017-05-15,CHF,NOK,middle,8.5275
2017-05-15,CNY,NOK,middle,1.234
2017-05-15,CZK,NOK,middle,0.35256
2017-05-15,DKK,NOK,middle,1.2545
2017-05-15,EUR,NOK,middle,9.3325
2017-05-15,GBP,NOK,middle,10.989
2017-05-15,HKD,NOK,middle,1.0923
2017-05-15,HRK,NOK,middle,1.2555
2017-05-15,HUF,NOK,middle,0.030186
2017-05-15,IDR,NOK,middle,0.00063958
2017-05-15,ILS,NOK,middle,2.3647
2017-05-15,INR,NOK,middle,0.1328
2017-05-15,JPY,NOK,middle,0.07499
2017-05-15,KRW,NOK,middle,0.007615
2017-05-15,MXN,NOK,middle,0.4552
2017-05-15,MYR,NOK,middle,1.9652
2017-05-15,NZD,NOK,middle,5.8787
2017-05-15,PHP,NOK,middle,0.17135
2017-05-15,PKR,NOK,middle,0.08117
2017-05-15,PLN,NOK,middle,2.2173
2017-05-15,RON,NOK,middle,2.051
2017-05-15,RUB,NOK,middle,0.15123
2017-05-15,SEK,NOK,middle,0.9648
2017-05-15,SGD,NOK,middle,6.083
2017-05-15,THB,NOK,middle,0.24622
2017-05-15,TRY,NOK,middle,2.3917
2017-05-15,TWD,NOK,middle,0.28286
2017-05-15,TWI,NOK,middle,113.98
2017-05-15,USD,NOK,middle,8.5057
2017-05-15,XDR,NOK,middle,11.68859
2017-05-15,ZAR,NOK,middle,0.6444
2017-05-16,AUD,NOK,middle,6.2948
2017-05-16,BGN,NOK,middle,4.802
2017-05-16,BRL,NOK,middle,2.7369
2017-05-16,BYN,NOK,middle,4.5825
2017-05-16,CAD,NOK,middle,6.2371
2017-05-16,CHF,NOK,middle,8.5707
2017-05-16,CNY,NOK,middle,1.2328
2017-05-16,CZK,NOK,middle,0.35548
2017-05-16,DKK,NOK,middle,1.2624
2017-05-16,EUR,NOK,middle,9.3918
2017-05-16,GBP,NOK,middle,10.937
2017-05-16,HKD,NOK,middle,1.0903
2017-05-16,HRK,NOK,middle,1.264
2017-05-16,HUF,NOK,middle,0.030341
2017-05-16,IDR,NOK,middle,0.00063851
2017-05-16,ILS,NOK,middle,2.3554
2017-05-16,INR,NOK,middle,0.13256
2017-05-16,JPY,NOK,middle,0.074734
2017-05-16,KRW,NOK,middle,0.007606
2017-05-16,MXN,NOK,middle,0.454
2017-05-16,MYR,NOK,middle,1.9652
2017-05-16,NZD,NOK,middle,5.837
2017-05-16,PHP,NOK,middle,0.17108
2017-05-16,PKR,NOK,middle,0.08102
2017-05-16,PLN,NOK,middle,2.237
2017-05-16,RON,NOK,middle,2.0651
2017-05-16,RUB,NOK,middle,0.15075
2017-05-16,SEK,NOK,middle,0.9661
2017-05-16,SGD,NOK,middle,6.0761
2017-05-16,THB,NOK,middle,0.24594
2017-05-16,TRY,NOK,middle,2.3879
2017-05-16,TWD,NOK,middle,0.28212
2017-05-16,TWI,NOK,middle,114.28
2017-05-16,USD,NOK,middle,8.4924
2017-05-16,XDR,NOK,middle,11.69631
2017-05-16,ZAR,NOK,middle,0.6464
2017-05-18,AUD,NOK,middle,6.2922
2017-05-18,BGN,NOK,middle,4.812
2017-05-18,BRL,NOK,middle,2.6976
2017-05-18,BYN,NOK,middle,4.5144
2017-05-18,CAD,NOK,middle,6.1986
2017-05-18,CHF,NOK,middle,8.6549
2017-05-18,CNY,NOK,middle,1.2271
2017-05-18,CZK,NOK,middle,0.35338
2017-05-18,DKK,NOK,middle,1.2647
2017-05-18,EUR,NOK,middle,9.4113
2017-05-18,GBP,NOK,middle,11.025
2017-05-18,HKD,NOK,middle,1.0866
2017-05-18,HRK,NOK,middle,1.2626
2017-05-18,HUF,NOK,middle,0.030292
2017-05-18,IDR,NOK,middle,0.00062799
2017-05-18,ILS,NOK,middle,2.3461
2017-05-18,INR,NOK,middle,0.13001
2017-05-18,JPY,NOK,middle,0.076484
2017-05-18,KRW,NOK,middle,0.007464
2017-05-18,MXN,NOK,middle,0.4424
2017-05-18,MYR,NOK,middle,1.9496
2017-05-18,NZD,NOK,middle,5.8612
2017-05-18,PHP,NOK,middle,0.16912
2017-05-18,PKR,NOK,middle,0.08069
2017-05-18,PLN,NOK,middle,2.2285
2017-05-18,RON,NOK,middle,2.0601
2017-05-18,RUB,NOK,middle,0.14584
2017-05-18,SEK,NOK,middle,0.9637
2017-05-18,SGD,NOK,middle,6.0753
2017-05-18,THB,NOK,middle,0.24516
2017-05-18,TRY,NOK,middle,2.326
2017-05-18,TWD,NOK,middle,0.27857
2017-05-18,TWI,NOK,middle,114.22
2017-05-18,USD,NOK,middle,8.4566
2017-05-18,XDR,NOK,middle,11.71112
2017-05-18,ZAR,NOK,middle,0.6251
2017-05-19,AUD,NOK,middle,6.2486
2017-05-19,BGN,NOK,middle,4.8023
2017-05-19,BRL,NOK,middle,2.523
2017-05-19,BYN,NOK,middle,4.5195
2017-05-19,CAD,NOK,middle,6.1918
2017-05-19,CHF,NOK,middle,8.6002
2017-05-19,CNY,NOK,middle,1.2195
2017-05-19,CZK,NOK,middle,0.35439
2017-05-19,DKK,NOK,middle,1.2622
2017-05-19,EUR,NOK,middle,9.3923
2017-05-19,GBP,NOK,middle,10.933
2017-05-19,HKD,NOK,middle,1.0796
2017-05-19,HRK,NOK,middle,1.2626
2017-05-19,HUF,NOK,middle,0.030337
2017-05-19,IDR,NOK,middle,0.00063114
2017-05-19,ILS,NOK,middle,2.343
2017-05-19,INR,NOK,middle,0.130084
2017-05-19,JPY,NOK,middle,0.075531
2017-05-19,KRW,NOK,middle,0.007505
2017-05-19,MXN,NOK,middle,0.4486
2017-05-19,MYR,NOK,middle,1.9442
2017-05-19,NZD,NOK,middle,5.7881
2017-05-19,PHP,NOK,middle,0.16904
2017-05-19,PKR,NOK,middle,0.08016
2017-05-19,PLN,NOK,middle,2.236
2017-05-19,RON,NOK,middle,2.0596
2017-05-19,RUB,NOK,middle,0.14726
2017-05-19,SEK,NOK,middle,0.9594
2017-05-19,SGD,NOK,middle,6.056
2017-05-19,THB,NOK,middle,0.24445
2017-05-19,TRY,NOK,middle,2.332
2017-05-19,TWD,NOK,middle,0.27997
2017-05-19,TWI,NOK,middle,113.8
2017-05-19,USD,NOK,middle,8.4017
2017-05-19,XDR,NOK,middle,11.64534
2017-05-19,ZAR,NOK,middle,0.6334
2017-05-22,AUD,NOK,middle,6.2279
2017-05-22,BGN,NOK,middle,4.7921
2017-05-22,BRL,NOK,middle,2.5311
2017-05-22,BYN,NOK,middle,4.4999
2017-05-22,CAD,NOK,middle,6.1766
2017-05-22,CHF,NOK,middle,8.5898
2017-05-22,CNY,NOK,middle,1.21
2017-05-22,CZK,NOK,middle,0.35383
2017-05-22,DKK,NOK,middle,1.2592
2017-05-22,EUR,NOK,middle,9.3723
2017-05-22,GBP,NOK,middle,10.853
2017-05-22,HKD,NOK,middle,1.0707
2017-05-22,HRK,NOK,middle,1.2595
2017-05-22,HUF,NOK,middle,0.030365
2017-05-22,IDR,NOK,middle,0.00062792
2017-05-22,ILS,NOK,middle,2.3274
2017-05-22,INR,NOK,middle,0.129172
2017-05-22,JPY,NOK,middle,0.074871
2017-05-22,KRW,NOK,middle,0.007462
2017-05-22,MXN,NOK,middle,0.4471
2017-05-22,MYR,NOK,middle,1.9366
2017-05-22,NZD,NOK,middle,5.8141
2017-05-22,PHP,NOK,middle,0.16777
2017-05-22,PKR,NOK,middle,0.07952
2017-05-22,PLN,NOK,middle,2.2354
2017-05-22,RON,NOK,middle,2.0549
2017-05-22,RUB,NOK,middle,0.14704
2017-05-22,SEK,NOK,middle,0.9574
2017-05-22,SGD,NOK,middle,6.0152
2017-05-22,THB,NOK,middle,0.24254
2017-05-22,TRY,NOK,middle,2.3415
2017-05-22,TWD,NOK,middle,0.27758
2017-05-22,TWI,NOK,middle,113.4
2017-05-22,USD,NOK,middle,8.3361
2017-05-22,XDR,NOK,middle,11.57696
2017-05-22,ZAR,NOK,middle,0.6324
2017-05-23,AUD,NOK,middle,6.2762
2017-05-23,BGN,NOK,middle,4.7939
2017-05-23,BRL,NOK,middle,2.5535
2017-05-23,BYN,NOK,middle,4.5105
2017-05-23,CAD,NOK,middle,6.2076
2017-05-23,CHF,NOK,middle,8.5924
2017-05-23,CNY,NOK,middle,1.2133
2017-05-23,CZK,NOK,middle,0.35404
2017-05-23,DKK,NOK,middle,1.2595
2017-05-23,EUR,NOK,middle,9.376
2017-05-23,GBP,NOK,middle,10.844
2017-05-23,HKD,NOK,middle,1.0735
2017-05-23,HRK,NOK,middle,1.2615
2017-05-23,HUF,NOK,middle,0.030394
2017-05-23,IDR,NOK,middle,0.00062858
2017-05-23,ILS,NOK,middle,2.3307
2017-05-23,INR,NOK,middle,0.128827
2017-05-23,JPY,NOK,middle,0.075237
2017-05-23,KRW,NOK,middle,0.007438
2017-05-23,MXN,NOK,middle,0.4491
2017-05-23,MYR,NOK,middle,1.9472
2017-05-23,NZD,NOK,middle,5.8861
2017-05-23,PHP,NOK,middle,0.16793
2017-05-23,PKR,NOK,middle,0.07975
2017-05-23,PLN,NOK,middle,2.2334
2017-05-23,RON,NOK,middle,2.0587
2017-05-23,RUB,NOK,middle,0.14799
2017-05-23,SEK,NOK,middle,0.9626
2017-05-23,SGD,NOK,middle,6.0222
2017-05-23,THB,NOK,middle,0.24317
2017-05-23,TRY,NOK,middle,2.3457
2017-05-23,TWD,NOK,middle,0.27723
2017-05-23,TWI,NOK,middle,113.57
2017-05-23,USD,NOK,middle,8.3602
2017-05-23,XDR,NOK,middle,11.59803
2017-05-23,ZAR,NOK,middle,0.6332
2017-05-24,AUD,NOK,middle,6.2687
2017-05-24,BGN,NOK,middle,4.7982
2017-05-24,BRL,NOK,middle,2.5751
2017-05-24,BYN,NOK,middle,4.5197
2017-05-24,CAD,NOK,middle,6.2111
2017-05-24,CHF,NOK,middle,8.5866
2017-05-24,CNY,NOK,middle,1.2169
2017-05-24,CZK,NOK,middle,0.35462
2017-05-24,DKK,NOK,middle,1.2611
2017-05-24,EUR,NOK,middle,9.3843
2017-05-24,GBP,NOK,middle,10.869
2017-05-24,HKD,NOK,middle,1.0764
2017-05-24,HRK,NOK,middle,1.2634
2017-05-24,HUF,NOK,middle,0.030458
2017-05-24,IDR,NOK,middle,0.00062998
2017-05-24,ILS,NOK,middle,2.3356
2017-05-24,INR,NOK,middle,0.129515
2017-05-24,JPY,NOK,middle,0.074984
2017-05-24,KRW,NOK,middle,0.007467
2017-05-24,MXN,NOK,middle,0.4513
2017-05-24,MYR,NOK,middle,1.9529
2017-05-24,NZD,NOK,middle,5.8991
2017-05-24,PHP,NOK,middle,0.16774
2017-05-24,PKR,NOK,middle,0.07998
2017-05-24,PLN,NOK,middle,2.2415
2017-05-24,RON,NOK,middle,2.062
2017-05-24,RUB,NOK,middle,0.14859
2017-05-24,SEK,NOK,middle,0.9633
2017-05-24,SGD,NOK,middle,6.0392
2017-05-24,THB,NOK,middle,0.24404
2017-05-24,TRY,NOK,middle,2.3505
2017-05-24,TWD,NOK,middle,0.27792
2017-05-24,TWI,NOK,middle,113.75
2017-05-24,USD,NOK,middle,8.3841
2017-05-24,XDR,NOK,middle,11.61666
2017-05-24,ZAR,NOK,middle,0.6473
2017-05-26,AUD,NOK,middle,6.252
2017-05-26,BGN,NOK,middle,4.8071
2017-05-26,BRL,NOK,middle,2.5682
2017-05-26,BYN,NOK,middle,4.5063
2017-05-26,CAD,NOK,middle,6.2359
2017-05-26,CHF,NOK,middle,8.635
2017-05-26,CNY,NOK,middle,1.2245
2017-05-26,CZK,NOK,middle,0.35567
2017-05-26,DKK,NOK,middle,1.2634
2017-05-26,EUR,NOK,middle,9.4018
2017-05-26,GBP,NOK,middle,10.783
2017-05-26,HKD,NOK,middle,1.0776
2017-05-26,HRK,NOK,middle,1.2664
2017-05-26,HUF,NOK,middle,0.030585
2017-05-26,IDR,NOK,middle,0.00063135
2017-05-26,ILS,NOK,middle,2.35
2017-05-26,INR,NOK,middle,0.130187
2017-05-26,JPY,NOK,middle,0.075589
2017-05-26,KRW,NOK,middle,0.007511
2017-05-26,MXN,NOK,middle,0.4545
2017-05-26,MYR,NOK,middle,1.9673
2017-05-26,NZD,NOK,middle,5.9295
2017-05-26,PHP,NOK,middle,0.16871
2017-05-26,PKR,NOK,middle,0.0801
2017-05-26,PLN,NOK,middle,2.2476
2017-05-26,RON,NOK,middle,2.0632
2017-05-26,RUB,NOK,middle,0.14737
2017-05-26,SEK,NOK,middle,0.9665
2017-05-26,SGD,NOK,middle,6.0739
2017-05-26,THB,NOK,middle,0.24662
2017-05-26,TRY,NOK,middle,2.3526
2017-05-26,TWD,NOK,middle,0.27896
2017-05-26,TWI,NOK,middle,113.89
2017-05-26,USD,NOK,middle,8.3975
2017-05-26,XDR,NOK,middle,11.63067
2017-05-26,ZAR,NOK,middle,0.6524
2017-05-29,AUD,NOK,middle,6.2522
2017-05-29,BGN,NOK,middle,4.8095
2017-05-29,BRL,NOK,middle,2.5744
2017-05-29,BYN,NOK,middle,4.5154
2017-05-29,CAD,NOK,middle,6.2489
2017-05-29,CHF,NOK,middle,8.6298
2017-05-29,CNY,NOK,middle,1.2262
2017-05-29,CZK,NOK,middle,0.35584
2017-05-29,DKK,NOK,middle,1.2642
2017-05-29,EUR,NOK,middle,9.4065
2017-05-29,GBP,NOK,middle,10.801
2017-05-29,HKD,NOK,middle,1.0787
2017-05-29,HRK,NOK,middle,1.2688
2017-05-29,HUF,NOK,middle,0.030556
2017-05-29,IDR,NOK,middle,0.00063144
2017-05-29,ILS,NOK,middle,2.3535
2017-05-29,INR,NOK,middle,0.130275
2017-05-29,JPY,NOK,middle,0.075512
2017-05-29,KRW,NOK,middle,0.0075
2017-05-29,MXN,NOK,middle,0.4542
2017-05-29,MYR,NOK,middle,1.9689
2017-05-29,NZD,NOK,middle,5.9565
2017-05-29,PHP,NOK,middle,0.16884
2017-05-29,PKR,NOK,middle,0.08023
2017-05-29,PLN,NOK,middle,2.2505
2017-05-29,RON,NOK,middle,2.0611
2017-05-29,RUB,NOK,middle,0.1485
2017-05-29,SEK,NOK,middle,0.9673
2017-05-29,SGD,NOK,middle,6.073
2017-05-29,THB,NOK,middle,0.24645
2017-05-29,TRY,NOK,middle,2.3503
2017-05-29,TWD,NOK,middle,0.27854
2017-05-29,TWI,NOK,middle,113.99
2017-05-29,USD,NOK,middle,8.4077
2017-05-29,XDR,NOK,middle,11.6409
2017-05-29,ZAR,NOK,middle,0.6494
2017-05-30,AUD,NOK,middle,6.2966
2017-05-30,BGN,NOK,middle,4.8266
2017-05-30,BRL,NOK,middle,2.5856
2017-05-30,BYN,NOK,middle,4.5277
2017-05-30,CAD,NOK,middle,6.2731
2017-05-30,CHF,NOK,middle,8.658
2017-05-30,CNY,NOK,middle,1.2324
2017-05-30,CZK,NOK,middle,0.35666
2017-05-30,DKK,NOK,middle,1.2689
2017-05-30,EUR,NOK,middle,9.4398
2017-05-30,GBP,NOK,middle,10.876
2017-05-30,HKD,NOK,middle,1.0842
2017-05-30,HRK,NOK,middle,1.2723
2017-05-30,HUF,NOK,middle,0.030586
2017-05-30,IDR,NOK,middle,0.00063413
2017-05-30,ILS,NOK,middle,2.3788
2017-05-30,INR,NOK,middle,0.13067
2017-05-30,JPY,NOK,middle,0.076146
2017-05-30,KRW,NOK,middle,0.007516
2017-05-30,MXN,NOK,middle,0.4553
2017-05-30,MYR,NOK,middle,1.9737
2017-05-30,NZD,NOK,middle,5.9749
2017-05-30,PHP,NOK,middle,0.16968
2017-05-30,PKR,NOK,middle,0.08059
2017-05-30,PLN,NOK,middle,2.2605
2017-05-30,RON,NOK,middle,2.0674
2017-05-30,RUB,NOK,middle,0.14922
2017-05-30,SEK,NOK,middle,0.9663
2017-05-30,SGD,NOK,middle,6.0965
2017-05-30,THB,NOK,middle,0.24755
2017-05-30,TRY,NOK,middle,2.3755
2017-05-30,TWD,NOK,middle,0.28007
2017-05-30,TWI,NOK,middle,114.42
2017-05-30,USD,NOK,middle,8.4488
2017-05-30,XDR,NOK,middle,11.69756
2017-05-30,ZAR,NOK,middle,0.6426
2017-05-31,AUD,NOK,middle,6.27
2017-05-31,BGN,NOK,middle,4.8261
2017-05-31,BRL,NOK,middle,2.587
2017-05-31,BYN,NOK,middle,4.5073
2017-05-31,CAD,NOK,middle,6.2476
2017-05-31,CHF,NOK,middle,8.6626
2017-05-31,CNY,NOK,middle,1.2347
2017-05-31,CZK,NOK,middle,0.35723
2017-05-31,DKK,NOK,middle,1.2687
2017-05-31,EUR,NOK,middle,9.4388
2017-05-31,GBP,NOK,middle,10.804
2017-05-31,HKD,NOK,middle,1.0797
2017-05-31,HRK,NOK,middle,1.2732
2017-05-31,HUF,NOK,middle,0.030725
2017-05-31,IDR,NOK,middle,0.00063208
2017-05-31,ILS,NOK,middle,2.3741
2017-05-31,INR,NOK,middle,0.130489
2017-05-31,JPY,NOK,middle,0.075875
2017-05-31,KRW,NOK,middle,0.007521
2017-05-31,MXN,NOK,middle,0.4483
2017-05-31,MYR,NOK,middle,1.9649
2017-05-31,NZD,NOK,middle,5.9781
2017-05-31,PHP,NOK,middle,0.16901
2017-05-31,PKR,NOK,middle,0.08024
2017-05-31,PLN,NOK,middle,2.2629
2017-05-31,RON,NOK,middle,2.0674
2017-05-31,RUB,NOK,middle,0.14816
2017-05-31,SEK,NOK,middle,0.9675
2017-05-31,SGD,NOK,middle,6.0825
2017-05-31,THB,NOK,middle,0.2469
2017-05-31,TRY,NOK,middle,2.3785
2017-05-31,TWD,NOK,middle,0.27929
2017-05-31,TWI,NOK,middle,114.29
2017-05-31,USD,NOK,middle,8.4117
2017-05-31,XDR,NOK,middle,11.66157
2017-05-31,ZAR,NOK,middle,0.6405
2017-06-01,AUD,NOK,middle,6.2505
2017-06-01,BDT,NOK,middle,0.1047
2017-06-01,BGN,NOK,middle,4.852
2017-06-01,BRL,NOK,middle,2.6261
2017-06-01,BYN,NOK,middle,4.5353
2017-06-01,CAD,NOK,middle,6.2616
2017-06-01,CHF,NOK,middle,8.7196
2017-06-01,CNY,NOK,middle,1.2423
2017-06-01,CZK,NOK,middle,0.35949
2017-06-01,DKK,NOK,middle,1.2756
2017-06-01,EUR,NOK,middle,9.4895
2017-06-01,GBP,NOK,middle,10.879
2017-06-01,HKD,NOK,middle,1.0855
2017-06-01,HRK,NOK,middle,1.2801
2017-06-01,HUF,NOK,middle,0.030855
2017-06-01,IDR,NOK,middle,0.00063549
2017-06-01,ILS,NOK,middle,2.3819
2017-06-01,INR,NOK,middle,0.131209
2017-06-01,JPY,NOK,middle,0.076203
2017-06-01,KRW,NOK,middle,0.007541
2017-06-01,MXN,NOK,middle,0.4536
2017-06-01,MYR,NOK,middle,1.9726
2017-06-01,NZD,NOK,middle,5.9795
2017-06-01,PHP,NOK,middle,0.17014
2017-06-01,PKR,NOK,middle,0.08068
2017-06-01,PLN,NOK,middle,2.2686
2017-06-01,RON,NOK,middle,2.0772
2017-06-01,RUB,NOK,middle,0.14936
2017-06-01,SEK,NOK,middle,0.9707
2017-06-01,SGD,NOK,middle,6.1124
2017-06-01,THB,NOK,middle,0.24768
2017-06-01,TRY,NOK,middle,2.3894
2017-06-01,TWD,NOK,middle,0.28081
2017-06-01,TWI,NOK,middle,114.9
2017-06-01,USD,NOK,middle,8.4584
2017-06-01,XDR,NOK,middle,11.72422
2017-06-01,ZAR,NOK,middle,0.6482
2017-06-02,AUD,NOK,middle,6.2557
2017-06-02,BDT,NOK,middle,0.1047
2017-06-02,BGN,NOK,middle,4.8532
2017-06-02,BRL,NOK,middle,2.6142
2017-06-02,BYN,NOK,middle,4.5375
2017-06-02,CAD,NOK,middle,6.2574
2017-06-02,CHF,NOK,middle,8.7137
2017-06-02,CNY,NOK,middle,1.2406
2017-06-02,CZK,NOK,middle,0.36008
2017-06-02,DKK,NOK,middle,1.2759
2017-06-02,EUR,NOK,middle,9.4918
2017-06-02,GBP,NOK,middle,10.877
2017-06-02,HKD,NOK,middle,1.0859
2017-06-02,HRK,NOK,middle,1.2807
2017-06-02,HUF,NOK,middle,0.030773
2017-06-02,IDR,NOK,middle,0.00063571
2017-06-02,ILS,NOK,middle,2.3766
2017-06-02,INR,NOK,middle,0.13131
2017-06-02,JPY,NOK,middle,0.075922
2017-06-02,KRW,NOK,middle,0.007533
2017-06-02,MXN,NOK,middle,0.4542
2017-06-02,MYR,NOK,middle,1.9769
2017-06-02,NZD,NOK,middle,6.0033
2017-06-02,PHP,NOK,middle,0.17086
2017-06-02,PKR,NOK,middle,0.08078
2017-06-02,PLN,NOK,middle,2.264
2017-06-02,RON,NOK,middle,2.0791
2017-06-02,RUB,NOK,middle,0.14957
2017-06-02,SEK,NOK,middle,0.9742
2017-06-02,SGD,NOK,middle,6.1033
2017-06-02,THB,NOK,middle,0.24779
2017-06-02,TRY,NOK,middle,2.3969
2017-06-02,TWD,NOK,middle,0.28077
2017-06-02,TWI,NOK,middle,114.94
2017-06-02,USD,NOK,middle,8.462
2017-06-02,XDR,NOK,middle,11.7255
2017-06-02,ZAR,NOK,middle,0.6575
2017-06-06,AUD,NOK,middle,6.327
2017-06-06,BDT,NOK,middle,0.1047
2017-06-06,BGN,NOK,middle,4.8654
2017-06-06,BRL,NOK,middle,2.5637
2017-06-06,BYN,NOK,middle,4.5237
2017-06-06,CAD,NOK,middle,6.2728
2017-06-06,CHF,NOK,middle,8.7695
2017-06-06,CNY,NOK,middle,1.244
2017-06-06,CZK,NOK,middle,0.36132
2017-06-06,DKK,NOK,middle,1.2793
2017-06-06,EUR,NOK,middle,9.5158
2017-06-06,GBP,NOK,middle,10.909
2017-06-06,HKD,NOK,middle,1.0844
2017-06-06,HRK,NOK,middle,1.2848
2017-06-06,HUF,NOK,middle,0.03093
2017-06-06,IDR,NOK,middle,0.00063577
2017-06-06,ILS,NOK,middle,2.3836
2017-06-06,INR,NOK,middle,0.131101
2017-06-06,JPY,NOK,middle,0.077289
2017-06-06,KRW,NOK,middle,0.007546
2017-06-06,MXN,NOK,middle,0.4598
2017-06-06,MYR,NOK,middle,1.9811
2017-06-06,NZD,NOK,middle,6.0633
2017-06-06,PHP,NOK,middle,0.1707
2017-06-06,PKR,NOK,middle,0.08063
2017-06-06,PLN,NOK,middle,2.2661
2017-06-06,RON,NOK,middle,2.0841
2017-06-06,RUB,NOK,middle,0.14906
2017-06-06,SEK,NOK,middle,0.9759
2017-06-06,SGD,NOK,middle,6.1183
2017-06-06,THB,NOK,middle,0.24897
2017-06-06,TRY,NOK,middle,2.3948
2017-06-06,TWD,NOK,middle,0.28053
2017-06-06,TWI,NOK,middle,115.18
2017-06-06,USD,NOK,middle,8.4525
2017-06-06,XDR,NOK,middle,11.75
2017-06-06,ZAR,NOK,middle,0.6578
2017-06-07,AUD,NOK,middle,6.401
2017-06-07,BDT,NOK,middle,0.1047
2017-06-07,BGN,NOK,middle,4.8585
2017-06-07,BRL,NOK,middle,2.5896
2017-06-07,BYN,NOK,middle,4.5338
2017-06-07,CAD,NOK,middle,6.2992
2017-06-07,CHF,NOK,middle,8.7635
2017-06-07,CNY,NOK,middle,1.2462
2017-06-07,CZK,NOK,middle,0.36108
2017-06-07,DKK,NOK,middle,1.2774
2017-06-07,EUR,NOK,middle,9.5023
2017-06-07,GBP,NOK,middle,10.934
2017-06-07,HKD,NOK,middle,1.0869
2017-06-07,HRK,NOK,middle,1.2831
2017-06-07,HUF,NOK,middle,0.030786
2017-06-07,IDR,NOK,middle,0.0006369
2017-06-07,ILS,NOK,middle,2.3892
2017-06-07,INR,NOK,middle,0.131651
2017-06-07,JPY,NOK,middle,0.077393
2017-06-07,KRW,NOK,middle,0.007533
2017-06-07,MXN,NOK,middle,0.4649
2017-06-07,MYR,NOK,middle,1.9883
2017-06-07,NZD,NOK,middle,6.0916
2017-06-07,PHP,NOK,middle,0.17099
2017-06-07,PKR,NOK,middle,0.08079
2017-06-07,PLN,NOK,middle,2.2671
2017-06-07,RON,NOK,middle,2.0791
2017-06-07,RUB,NOK,middle,0.14961
2017-06-07,SEK,NOK,middle,0.9701
2017-06-07,SGD,NOK,middle,6.1309
2017-06-07,THB,NOK,middle,0.24897
2017-06-07,TRY,NOK,middle,2.3907
2017-06-07,TWD,NOK,middle,0.28107
2017-06-07,TWI,NOK,middle,115.11
2017-06-07,USD,NOK,middle,8.4713
2017-06-07,XDR,NOK,middle,11.76036
2017-06-07,ZAR,NOK,middle,0.6585
2017-06-08,AUD,NOK,middle,6.3941
2017-06-08,BDT,NOK,middle,0.1048
2017-06-08,BGN,NOK,middle,4.8693
2017-06-08,BRL,NOK,middle,2.5842
2017-06-08,BYN,NOK,middle,4.5262
2017-06-08,CAD,NOK,middle,6.2757
2017-06-08,CHF,NOK,middle,8.7724
2017-06-08,CNY,NOK,middle,1.2476
2017-06-08,CZK,NOK,middle,0.36254
2017-06-08,DKK,NOK,middle,1.2803
2017-06-08,EUR,NOK,middle,9.5233
2017-06-08,GBP,NOK,middle,10.977
2017-06-08,HKD,NOK,middle,1.0877
2017-06-08,HRK,NOK,middle,1.283
2017-06-08,HUF,NOK,middle,0.030919
2017-06-08,IDR,NOK,middle,0.00063776
2017-06-08,ILS,NOK,middle,2.3986
2017-06-08,INR,NOK,middle,0.132018
2017-06-08,JPY,NOK,middle,0.076944
2017-06-08,KRW,NOK,middle,0.00755
2017-06-08,MXN,NOK,middle,0.4652
2017-06-08,MYR,NOK,middle,1.9869
2017-06-08,NZD,NOK,middle,6.1145
2017-06-08,PHP,NOK,middle,0.17121
2017-06-08,PKR,NOK,middle,0.0809
2017-06-08,PLN,NOK,middle,2.2639
2017-06-08,RON,NOK,middle,2.0855
2017-06-08,RUB,NOK,middle,0.14877
2017-06-08,SEK,NOK,middle,0.9729
2017-06-08,SGD,NOK,middle,6.1342
2017-06-08,THB,NOK,middle,0.24917
2017-06-08,TRY,NOK,middle,2.3889
2017-06-08,TWD,NOK,middle,0.28155
2017-06-08,TWI,NOK,middle,115.3
2017-06-08,USD,NOK,middle,8.481
2017-06-08,XDR,NOK,middle,11.77525
2017-06-08,ZAR,NOK,middle,0.6592
2017-06-09,AUD,NOK,middle,6.4176
2017-06-09,BDT,NOK,middle,0.1053
2017-06-09,BGN,NOK,middle,4.8685
2017-06-09,BRL,NOK,middle,2.6104
2017-06-09,BYN,NOK,middle,4.5415
2017-06-09,CAD,NOK,middle,6.3067
2017-06-09,CHF,NOK,middle,8.7654
2017-06-09,CNY,NOK,middle,1.2535
2017-06-09,CZK,NOK,middle,0.36311
2017-06-09,DKK,NOK,middle,1.2802
2017-06-09,EUR,NOK,middle,9.5218
2017-06-09,GBP,NOK,middle,10.865
2017-06-09,HKD,NOK,middle,1.0928
2017-06-09,HRK,NOK,middle,1.2841
2017-06-09,HUF,NOK,middle,0.030983
2017-06-09,IDR,NOK,middle,0.00064064
2017-06-09,ILS,NOK,middle,2.4175
2017-06-09,INR,NOK,middle,0.132616
2017-06-09,JPY,NOK,middle,0.077137
2017-06-09,KRW,NOK,middle,0.007578
2017-06-09,MMK,NOK,middle,0.006285
2017-06-09,MXN,NOK,middle,0.4678
2017-06-09,MYR,NOK,middle,1.9976
2017-06-09,NZD,NOK,middle,6.1352
2017-06-09,PHP,NOK,middle,0.17208
2017-06-09,PKR,NOK,middle,0.08127
2017-06-09,PLN,NOK,middle,2.2723
2017-06-09,RON,NOK,middle,2.0868
2017-06-09,RUB,NOK,middle,0.14956
2017-06-09,SEK,NOK,middle,0.9754
2017-06-09,SGD,NOK,middle,6.1554
2017-06-09,THB,NOK,middle,0.25007
2017-06-09,TRY,NOK,middle,2.414
2017-06-09,TWD,NOK,middle,0.28286
2017-06-09,TWI,NOK,middle,115.36
2017-06-09,USD,NOK,middle,8.5199
2017-06-09,XDR,NOK,middle,11.79034
2017-06-09,ZAR,NOK,middle,0.6612
2017-06-12,AUD,NOK,middle,6.3855
2017-06-12,BDT,NOK,middle,0.1048
2017-06-12,BGN,NOK,middle,4.8566
2017-06-12,BRL,NOK,middle,2.5783
2017-06-12,BYN,NOK,middle,4.5195
2017-06-12,CAD,NOK,middle,6.2996
2017-06-12,CHF,NOK,middle,8.7487
2017-06-12,CNY,NOK,middle,1.2451
2017-06-12,CZK,NOK,middle,0.36257
2017-06-12,DKK,NOK,middle,1.2772
2017-06-12,EUR,NOK,middle,9.4985
2017-06-12,GBP,NOK,middle,10.727
2017-06-12,HKD,NOK,middle,1.0854
2017-06-12,HRK,NOK,middle,1.2816
2017-06-12,HUF,NOK,middle,0.030922
2017-06-12,IDR,NOK,middle,0.00063656
2017-06-12,ILS,NOK,middle,2.3959
2017-06-12,INR,NOK,middle,0.131362
2017-06-12,JPY,NOK,middle,0.077036
2017-06-12,KRW,NOK,middle,0.007478
2017-06-12,MMK,NOK,middle,0.00622
2017-06-12,MXN,NOK,middle,0.4662
2017-06-12,MYR,NOK,middle,1.9847
2017-06-12,NZD,NOK,middle,6.0954
2017-06-12,PHP,NOK,middle,0.17076
2017-06-12,PKR,NOK,middle,0.08081
2017-06-12,PLN,NOK,middle,2.267
2017-06-12,RON,NOK,middle,2.0821
2017-06-12,RUB,NOK,middle,0.14851
2017-06-12,SEK,NOK,middle,0.9712
2017-06-12,SGD,NOK,middle,6.1158
2017-06-12,THB,NOK,middle,0.24853
2017-06-12,TRY,NOK,middle,2.4072
2017-06-12,TWD,NOK,middle,0.2798
2017-06-12,TWI,NOK,middle,114.8
2017-06-12,USD,NOK,middle,8.4649
2017-06-12,XDR,NOK,middle,11.72764
2017-06-12,ZAR,NOK,middle,0.6607
2017-06-13,AUD,NOK,middle,6.3535
2017-06-13,BDT,NOK,middle,0.1044
2017-06-13,BGN,NOK,middle,4.8338
2017-06-13,BRL,NOK,middle,2.552
2017-06-13,BYN,NOK,middle,4.4951
2017-06-13,CAD,NOK,middle,6.3484
2017-06-13,CHF,NOK,middle,8.7134
2017-06-13,CNY,NOK,middle,1.24
2017-06-13,CZK,NOK,middle,0.36157
2017-06-13,DKK,NOK,middle,1.2713
2017-06-13,EUR,NOK,middle,9.454
2017-06-13,GBP,NOK,middle,10.734
2017-06-13,HKD,NOK,middle,1.0806
2017-06-13,HRK,NOK,middle,1.2761
2017-06-13,HUF,NOK,middle,0.030798
2017-06-13,IDR,NOK,middle,0.00063432
2017-06-13,ILS,NOK,middle,2.3905
2017-06-13,INR,NOK,middle,0.130955
2017-06-13,JPY,NOK,middle,0.076594
2017-06-13,KRW,NOK,middle,0.007468
2017-06-13,MMK,NOK,middle,0.006168
2017-06-13,MXN,NOK,middle,0.4653
2017-06-13,MYR,NOK,middle,1.9773
2017-06-13,NZD,NOK,middle,6.0884
2017-06-13,PHP,NOK,middle,0.17031
2017-06-13,PKR,NOK,middle,0.0804
2017-06-13,PLN,NOK,middle,2.2544
2017-06-13,RON,NOK,middle,2.0704
2017-06-13,RUB,NOK,middle,0.14813
2017-06-13,SEK,NOK,middle,0.9702
2017-06-13,SGD,NOK,middle,6.099
2017-06-13,THB,NOK,middle,0.24848
2017-06-13,TRY,NOK,middle,2.3923
2017-06-13,TWD,NOK,middle,0.27887
2017-06-13,TWI,NOK,middle,114.42
2017-06-13,USD,NOK,middle,8.4283
2017-06-13,XDR,NOK,middle,11.68006
2017-06-13,ZAR,NOK,middle,0.6597
2017-06-14,AUD,NOK,middle,6.3703
2017-06-14,BDT,NOK,middle,0.104
2017-06-14,BGN,NOK,middle,4.8134
2017-06-14,BRL,NOK,middle,2.5425
2017-06-14,BYN,NOK,middle,4.4763
2017-06-14,CAD,NOK,middle,6.3625
2017-06-14,CHF,NOK,middle,8.6573
2017-06-14,CNY,NOK,middle,1.2363
2017-06-14,CZK,NOK,middle,0.35982
2017-06-14,DKK,NOK,middle,1.266
2017-06-14,EUR,NOK,middle,9.414
2017-06-14,GBP,NOK,middle,10.703
2017-06-14,HKD,NOK,middle,1.0772
2017-06-14,HRK,NOK,middle,1.2722
2017-06-14,HUF,NOK,middle,0.030726
2017-06-14,IDR,NOK,middle,0.00063265
2017-06-14,ILS,NOK,middle,2.3808
2017-06-14,INR,NOK,middle,0.130686
2017-06-14,JPY,NOK,middle,0.076177
2017-06-14,KRW,NOK,middle,0.007469
2017-06-14,MMK,NOK,middle,0.006152
2017-06-14,MXN,NOK,middle,0.4659
2017-06-14,MYR,NOK,middle,1.9735
2017-06-14,NZD,NOK,middle,6.092
2017-06-14,PHP,NOK,middle,0.16973
2017-06-14,PKR,NOK,middle,0.08018
2017-06-14,PLN,NOK,middle,2.2432
2017-06-14,RON,NOK,middle,2.0616
2017-06-14,RUB,NOK,middle,0.14722
2017-06-14,SEK,NOK,middle,0.9661
2017-06-14,SGD,NOK,middle,6.0904
2017-06-14,THB,NOK,middle,0.24759
2017-06-14,TRY,NOK,middle,2.3916
2017-06-14,TWD,NOK,middle,0.27808
2017-06-14,TWI,NOK,middle,113.98
2017-06-14,USD,NOK,middle,8.4031
2017-06-14,XDR,NOK,middle,11.63787
2017-06-14,ZAR,NOK,middle,0.6597
2017-06-15,AUD,NOK,middle,6.4338
2017-06-15,BDT,NOK,middle,0.105
2017-06-15,BGN,NOK,middle,4.8429
2017-06-15,BRL,NOK,middle,2.5908
2017-06-15,BYN,NOK,middle,4.4965
2017-06-15,CAD,NOK,middle,6.3886
2017-06-15,CHF,NOK,middle,8.7105
2017-06-15,CNY,NOK,middle,1.2465
2017-06-15,CZK,NOK,middle,0.36134
2017-06-15,DKK,NOK,middle,1.2738
2017-06-15,EUR,NOK,middle,9.4718
2017-06-15,GBP,NOK,middle,10.808
2017-06-15,HKD,NOK,middle,1.0872
2017-06-15,HRK,NOK,middle,1.2791
2017-06-15,HUF,NOK,middle,0.030774
2017-06-15,IDR,NOK,middle,0.00063693
2017-06-15,ILS,NOK,middle,2.4082
2017-06-15,INR,NOK,middle,0.131294
2017-06-15,JPY,NOK,middle,0.077038
2017-06-15,KRW,NOK,middle,0.007499
2017-06-15,MMK,NOK,middle,0.006249
2017-06-15,MXN,NOK,middle,0.4693
2017-06-15,MYR,NOK,middle,1.9877
2017-06-15,NZD,NOK,middle,6.1089
2017-06-15,PHP,NOK,middle,0.17018
2017-06-15,PKR,NOK,middle,0.08091
2017-06-15,PLN,NOK,middle,2.2487
2017-06-15,RON,NOK,middle,2.0639
2017-06-15,RUB,NOK,middle,0.14727
2017-06-15,SEK,NOK,middle,0.9737
2017-06-15,SGD,NOK,middle,6.133
2017-06-15,THB,NOK,middle,0.24957
2017-06-15,TRY,NOK,middle,2.4122
2017-06-15,TWD,NOK,middle,0.27943
2017-06-15,TWI,NOK,middle,114.78
2017-06-15,USD,NOK,middle,8.4827
2017-06-15,XDR,NOK,middle,11.73722
2017-06-15,ZAR,NOK,middle,0.659
2017-06-16,AUD,NOK,middle,6.4438
2017-06-16,BDT,NOK,middle,0.1049
2017-06-16,BGN,NOK,middle,4.8377
2017-06-16,BRL,NOK,middle,2.5794
2017-06-16,BYN,NOK,middle,4.4996
2017-06-16,CAD,NOK,middle,6.4076
2017-06-16,CHF,NOK,middle,8.6922
2017-06-16,CNY,NOK,middle,1.2435
2017-06-16,CZK,NOK,middle,0.36067
2017-06-16,DKK,NOK,middle,1.2724
2017-06-16,EUR,NOK,middle,9.4615
2017-06-16,GBP,NOK,middle,10.819
2017-06-16,HKD,NOK,middle,1.0862
2017-06-16,HRK,NOK,middle,1.2787
2017-06-16,HUF,NOK,middle,0.030728
2017-06-16,IDR,NOK,middle,0.00063717
2017-06-16,ILS,NOK,middle,2.402
2017-06-16,INR,NOK,middle,0.131498
2017-06-16,JPY,NOK,middle,0.0761
2017-06-16,KRW,NOK,middle,0.007477
2017-06-16,MMK,NOK,middle,0.006194
2017-06-16,MXN,NOK,middle,0.471
2017-06-16,MYR,NOK,middle,1.9812
2017-06-16,NZD,NOK,middle,6.1275
2017-06-16,PHP,NOK,middle,0.17013
2017-06-16,PKR,NOK,middle,0.08084
2017-06-16,PLN,NOK,middle,2.2429
2017-06-16,RON,NOK,middle,2.0643
2017-06-16,RUB,NOK,middle,0.14731
2017-06-16,SEK,NOK,middle,0.9717
2017-06-16,SGD,NOK,middle,6.1212
2017-06-16,THB,NOK,middle,0.24949
2017-06-16,TRY,NOK,middle,2.4121
2017-06-16,TWD,NOK,middle,0.27962
2017-06-16,TWI,NOK,middle,114.63
2017-06-16,USD,NOK,middle,8.4727
2017-06-16,XDR,NOK,middle,11.71593
2017-06-16,ZAR,NOK,middle,0.6578
2017-06-19,AUD,NOK,middle,6.4276
2017-06-19,BDT,NOK,middle,0.1045
2017-06-19,BGN,NOK,middle,4.8327
2017-06-19,BRL,NOK,middle,2.5575
2017-06-19,BYN,NOK,middle,4.4561
2017-06-19,CAD,NOK,middle,6.3747
2017-06-19,CHF,NOK,middle,8.6953
2017-06-19,CNY,NOK,middle,1.2381
2017-06-19,CZK,NOK,middle,0.36114
2017-06-19,DKK,NOK,middle,1.2709
2017-06-19,EUR,NOK,middle,9.4518
2017-06-19,GBP,NOK,middle,10.8
2017-06-19,HKD,NOK,middle,1.0821
2017-06-19,HRK,NOK,middle,1.2747
2017-06-19,HUF,NOK,middle,0.030779
2017-06-19,IDR,NOK,middle,0.0006355
2017-06-19,ILS,NOK,middle,2.396
2017-06-19,INR,NOK,middle,0.131008
2017-06-19,JPY,NOK,middle,0.076065
2017-06-19,KRW,NOK,middle,0.007444
2017-06-19,MMK,NOK,middle,0.006219
2017-06-19,MXN,NOK,middle,0.4698
2017-06-19,MYR,NOK,middle,1.9731
2017-06-19,NZD,NOK,middle,6.1332
2017-06-19,PHP,NOK,middle,0.16875
2017-06-19,PKR,NOK,middle,0.0805
2017-06-19,PLN,NOK,middle,2.2438
2017-06-19,RON,NOK,middle,2.0592
2017-06-19,RUB,NOK,middle,0.14502
2017-06-19,SEK,NOK,middle,0.97
2017-06-19,SGD,NOK,middle,6.1046
2017-06-19,THB,NOK,middle,0.24867
2017-06-19,TRY,NOK,middle,2.4052
2017-06-19,TWD,NOK,middle,0.27815
2017-06-19,TWI,NOK,middle,114.39
2017-06-19,USD,NOK,middle,8.4399
2017-06-19,XDR,NOK,middle,11.68715
2017-06-19,ZAR,NOK,middle,0.6503
2017-06-20,AUD,NOK,middle,6.4693
2017-06-20,BDT,NOK,middle,0.1054
2017-06-20,BGN,NOK,middle,4.8538
2017-06-20,BRL,NOK,middle,2.5765
2017-06-20,BYN,NOK,middle,4.4528
2017-06-20,CAD,NOK,middle,6.409
2017-06-20,CHF,NOK,middle,8.7461
2017-06-20,CNY,NOK,middle,1.2465
2017-06-20,CZK,NOK,middle,0.36105
2017-06-20,DKK,NOK,middle,1.2763
2017-06-20,EUR,NOK,middle,9.493
2017-06-20,GBP,NOK,middle,10.77
2017-06-20,HKD,NOK,middle,1.091
2017-06-20,HRK,NOK,middle,1.2798
2017-06-20,HUF,NOK,middle,0.030709
2017-06-20,IDR,NOK,middle,0.00064011
2017-06-20,ILS,NOK,middle,2.4044
2017-06-20,INR,NOK,middle,0.131901
2017-06-20,JPY,NOK,middle,0.076402
2017-06-20,KRW,NOK,middle,0.007465
2017-06-20,MMK,NOK,middle,0.00622
2017-06-20,MXN,NOK,middle,0.4697
2017-06-20,MYR,NOK,middle,1.9839
2017-06-20,NZD,NOK,middle,6.1587
2017-06-20,PHP,NOK,middle,0.16982
2017-06-20,PKR,NOK,middle,0.08116
2017-06-20,PLN,NOK,middle,2.2439
2017-06-20,RON,NOK,middle,2.0642
2017-06-20,RUB,NOK,middle,0.14324
2017-06-20,SEK,NOK,middle,0.9729
2017-06-20,SGD,NOK,middle,6.1316
2017-06-20,THB,NOK,middle,0.25035
2017-06-20,TRY,NOK,middle,2.4063
2017-06-20,TWD,NOK,middle,0.27973
2017-06-20,TWI,NOK,middle,114.75
2017-06-20,USD,NOK,middle,8.5093
2017-06-20,XDR,NOK,middle,11.75202
2017-06-20,ZAR,NOK,middle,0.6495
2017-06-21,AUD,NOK,middle,6.4566
2017-06-21,BDT,NOK,middle,0.1056
2017-06-21,BGN,NOK,middle,4.8654
2017-06-21,BRL,NOK,middle,2.5699
2017-06-21,BYN,NOK,middle,4.4555
2017-06-21,CAD,NOK,middle,6.4283
2017-06-21,CHF,NOK,middle,8.7647
2017-06-21,CNY,NOK,middle,1.2506
2017-06-21,CZK,NOK,middle,0.36229
2017-06-21,DKK,NOK,middle,1.279
2017-06-21,EUR,NOK,middle,9.5158
2017-06-21,GBP,NOK,middle,10.837
2017-06-21,HKD,NOK,middle,1.0943
2017-06-21,HRK,NOK,middle,1.2831
2017-06-21,HUF,NOK,middle,0.030783
2017-06-21,IDR,NOK,middle,0.00064149
2017-06-21,ILS,NOK,middle,2.4109
2017-06-21,INR,NOK,middle,0.132347
2017-06-21,JPY,NOK,middle,0.076611
2017-06-21,KRW,NOK,middle,0.007474
2017-06-21,MMK,NOK,middle,0.006211
2017-06-21,MXN,NOK,middle,0.4698
2017-06-21,MYR,NOK,middle,1.991
2017-06-21,NZD,NOK,middle,6.1783
2017-06-21,PHP,NOK,middle,0.16976
2017-06-21,PKR,NOK,middle,0.08142
2017-06-21,PLN,NOK,middle,2.246
2017-06-21,RON,NOK,middle,2.0732
2017-06-21,RUB,NOK,middle,0.14365
2017-06-21,SEK,NOK,middle,0.9729
2017-06-21,SGD,NOK,middle,6.1444
2017-06-21,THB,NOK,middle,0.25108
2017-06-21,TRY,NOK,middle,2.4206
2017-06-21,TWD,NOK,middle,0.2804
2017-06-21,TWI,NOK,middle,115.04
2017-06-21,USD,NOK,middle,8.5366
2017-06-21,XDR,NOK,middle,11.78909
2017-06-21,ZAR,NOK,middle,0.6551
2017-06-22,AUD,NOK,middle,6.4039
2017-06-22,BDT,NOK,middle,0.1051
2017-06-22,BGN,NOK,middle,4.8499
2017-06-22,BRL,NOK,middle,2.5523
2017-06-22,BYN,NOK,middle,4.4004
2017-06-22,CAD,NOK,middle,6.3863
2017-06-22,CHF,NOK,middle,8.7287
2017-06-22,CNY,NOK,middle,1.2428
2017-06-22,CZK,NOK,middle,0.36108
2017-06-22,DKK,NOK,middle,1.2751
2017-06-22,EUR,NOK,middle,9.4855
2017-06-22,GBP,NOK,middle,10.758
2017-06-22,HKD,NOK,middle,1.0887
2017-06-22,HRK,NOK,middle,1.2781
2017-06-22,HUF,NOK,middle,0.030676
2017-06-22,IDR,NOK,middle,0.00063723
2017-06-22,ILS,NOK,middle,2.3963
2017-06-22,INR,NOK,middle,0.131466
2017-06-22,JPY,NOK,middle,0.07633
2017-06-22,KRW,NOK,middle,0.007434
2017-06-22,MMK,NOK,middle,0.00624
2017-06-22,MXN,NOK,middle,0.4676
2017-06-22,MYR,NOK,middle,1.9753
2017-06-22,NZD,NOK,middle,6.1614
2017-06-22,PHP,NOK,middle,0.16868
2017-06-22,PKR,NOK,middle,0.08104
2017-06-22,PLN,NOK,middle,2.237
2017-06-22,RON,NOK,middle,2.07
2017-06-22,RUB,NOK,middle,0.14204
2017-06-22,SEK,NOK,middle,0.971
2017-06-22,SGD,NOK,middle,6.1082
2017-06-22,THB,NOK,middle,0.24978
2017-06-22,TRY,NOK,middle,2.415
2017-06-22,TWD,NOK,middle,0.27888
2017-06-22,TWI,NOK,middle,114.56
2017-06-22,USD,NOK,middle,8.4927
2017-06-22,XDR,NOK,middle,11.73551
2017-06-22,ZAR,NOK,middle,0.6533
2017-06-23,AUD,NOK,middle,6.4084
2017-06-23,BDT,NOK,middle,0.1048
2017-06-23,BGN,NOK,middle,4.8376
2017-06-23,BRL,NOK,middle,2.537
2017-06-23,BYN,NOK,middle,4.3853
2017-06-23,CAD,NOK,middle,6.4001
2017-06-23,CHF,NOK,middle,8.7193
2017-06-23,CNY,NOK,middle,1.2382
2017-06-23,CZK,NOK,middle,0.35979
2017-06-23,DKK,NOK,middle,1.2722
2017-06-23,EUR,NOK,middle,9.4613
2017-06-23,GBP,NOK,middle,10.775
2017-06-23,HKD,NOK,middle,1.0857
2017-06-23,HRK,NOK,middle,1.278
2017-06-23,HUF,NOK,middle,0.030606
2017-06-23,IDR,NOK,middle,0.00063645
2017-06-23,ILS,NOK,middle,2.3909
2017-06-23,INR,NOK,middle,0.13122
2017-06-23,JPY,NOK,middle,0.07608
2017-06-23,KRW,NOK,middle,0.007443
2017-06-23,MMK,NOK,middle,0.006217
2017-06-23,MXN,NOK,middle,0.4693
2017-06-23,MYR,NOK,middle,1.9748
2017-06-23,NZD,NOK,middle,6.1657
2017-06-23,PHP,NOK,middle,0.1686
2017-06-23,PKR,NOK,middle,0.08079
2017-06-23,PLN,NOK,middle,2.2357
2017-06-23,RON,NOK,middle,2.0696
2017-06-23,RUB,NOK,middle,0.14192
2017-06-23,SEK,NOK,middle,0.9684
2017-06-23,SGD,NOK,middle,6.1056
2017-06-23,THB,NOK,middle,0.24946
2017-06-23,TRY,NOK,middle,2.4114
2017-06-23,TWD,NOK,middle,0.27915
2017-06-23,TWI,NOK,middle,114.34
2017-06-23,USD,NOK,middle,8.468
2017-06-23,XDR,NOK,middle,11.70837
2017-06-23,ZAR,NOK,middle,0.6546
2017-06-26,AUD,NOK,middle,6.4172
2017-06-26,BDT,NOK,middle,0.1049
2017-06-26,BGN,NOK,middle,4.8465
2017-06-26,BRL,NOK,middle,2.544
2017-06-26,BYN,NOK,middle,4.4027
2017-06-26,CAD,NOK,middle,6.3994
2017-06-26,CHF,NOK,middle,8.7113
2017-06-26,CNY,NOK,middle,1.2384
2017-06-26,CZK,NOK,middle,0.36119
2017-06-26,DKK,NOK,middle,1.2746
2017-06-26,EUR,NOK,middle,9.4788
2017-06-26,GBP,NOK,middle,10.792
2017-06-26,HKD,NOK,middle,1.0863
2017-06-26,HRK,NOK,middle,1.2787
2017-06-26,HUF,NOK,middle,0.030628
2017-06-26,IDR,NOK,middle,0.00063691
2017-06-26,ILS,NOK,middle,2.3996
2017-06-26,INR,NOK,middle,0.131471
2017-06-26,JPY,NOK,middle,0.075873
2017-06-26,KRW,NOK,middle,0.007455
2017-06-26,MMK,NOK,middle,0.006194
2017-06-26,MXN,NOK,middle,0.473
2017-06-26,MYR,NOK,middle,1.976
2017-06-26,NZD,NOK,middle,6.1667
2017-06-26,PHP,NOK,middle,0.16881
2017-06-26,PKR,NOK,middle,0.08082
2017-06-26,PLN,NOK,middle,2.2511
2017-06-26,RON,NOK,middle,2.0719
2017-06-26,RUB,NOK,middle,0.14353
2017-06-26,SEK,NOK,middle,0.971
2017-06-26,SGD,NOK,middle,6.1024
2017-06-26,THB,NOK,middle,0.24939
2017-06-26,TRY,NOK,middle,2.4154
2017-06-26,TWD,NOK,middle,0.27929
2017-06-26,TWI,NOK,middle,114.57
2017-06-26,USD,NOK,middle,8.473
2017-06-26,XDR,NOK,middle,11.71773
2017-06-26,ZAR,NOK,middle,0.6578
2017-06-27,AUD,NOK,middle,6.4242
2017-06-27,BDT,NOK,middle,0.1045
2017-06-27,BGN,NOK,middle,4.8676
2017-06-27,BRL,NOK,middle,2.558
2017-06-27,BYN,NOK,middle,4.3794
2017-06-27,CAD,NOK,middle,6.3914
2017-06-27,CHF,NOK,middle,8.7476
2017-06-27,CNY,NOK,middle,1.2387
2017-06-27,CZK,NOK,middle,0.36239
2017-06-27,DKK,NOK,middle,1.2803
2017-06-27,EUR,NOK,middle,9.52
2017-06-27,GBP,NOK,middle,10.773
2017-06-27,HKD,NOK,middle,1.0822
2017-06-27,HRK,NOK,middle,1.2853
2017-06-27,HUF,NOK,middle,0.030769
2017-06-27,IDR,NOK,middle,0.00063434
2017-06-27,ILS,NOK,middle,2.4002
2017-06-27,INR,NOK,middle,0.130851
2017-06-27,JPY,NOK,middle,0.07546
2017-06-27,KRW,NOK,middle,0.007416
2017-06-27,MMK,NOK,middle,0.006166
2017-06-27,MXN,NOK,middle,0.473
2017-06-27,MYR,NOK,middle,1.9686
2017-06-27,NZD,NOK,middle,6.1694
2017-06-27,PHP,NOK,middle,0.16804
2017-06-27,PKR,NOK,middle,0.08052
2017-06-27,PLN,NOK,middle,2.2585
2017-06-27,RON,NOK,middle,2.0861
2017-06-27,RUB,NOK,middle,0.14304
2017-06-27,SEK,NOK,middle,0.9746
2017-06-27,SGD,NOK,middle,6.0924
2017-06-27,THB,NOK,middle,0.24864
2017-06-27,TRY,NOK,middle,2.4086
2017-06-27,TWD,NOK,middle,0.27816
2017-06-27,TWI,NOK,middle,114.79
2017-06-27,USD,NOK,middle,8.4412
2017-06-27,XDR,NOK,middle,11.70711
2017-06-27,ZAR,NOK,middle,0.654
2017-06-28,AUD,NOK,middle,6.4073
2017-06-28,BDT,NOK,middle,0.1044
2017-06-28,BGN,NOK,middle,4.9095
2017-06-28,BRL,NOK,middle,2.5516
2017-06-28,BYN,NOK,middle,4.3546
2017-06-28,CAD,NOK,middle,6.4495
2017-06-28,CHF,NOK,middle,8.7987
2017-06-28,CNY,NOK,middle,1.2414
2017-06-28,CZK,NOK,middle,0.36473
2017-06-28,DKK,NOK,middle,1.2912
2017-06-28,EUR,NOK,middle,9.602
2017-06-28,GBP,NOK,middle,10.847
2017-06-28,HKD,NOK,middle,1.0818
2017-06-28,HRK,NOK,middle,1.2953
2017-06-28,HUF,NOK,middle,0.03102
2017-06-28,IDR,NOK,middle,0.00063338
2017-06-28,ILS,NOK,middle,2.3981
2017-06-28,INR,NOK,middle,0.130756
2017-06-28,JPY,NOK,middle,0.075292
2017-06-28,KRW,NOK,middle,0.007383
2017-06-28,MMK,NOK,middle,0.006168
2017-06-28,MXN,NOK,middle,0.4699
2017-06-28,MYR,NOK,middle,1.9627
2017-06-28,NZD,NOK,middle,6.1362
2017-06-28,PHP,NOK,middle,0.16694
2017-06-28,PKR,NOK,middle,0.08055
2017-06-28,PLN,NOK,middle,2.266
2017-06-28,RON,NOK,middle,2.1099
2017-06-28,RUB,NOK,middle,0.14141
2017-06-28,SEK,NOK,middle,0.982
2017-06-28,SGD,NOK,middle,6.0957
2017-06-28,THB,NOK,middle,0.24827
2017-06-28,TRY,NOK,middle,2.3958
2017-06-28,TWD,NOK,middle,0.2772
2017-06-28,TWI,NOK,middle,115.44
2017-06-28,USD,NOK,middle,8.4413
2017-06-28,XDR,NOK,middle,11.74837
2017-06-28,ZAR,NOK,middle,0.6484
2017-06-29,AUD,NOK,middle,6.4366
2017-06-29,BDT,NOK,middle,0.1037
2017-06-29,BGN,NOK,middle,4.8931
2017-06-29,BRL,NOK,middle,2.5536
2017-06-29,BYN,NOK,middle,4.3323
2017-06-29,CAD,NOK,middle,6.4371
2017-06-29,CHF,NOK,middle,8.7517
2017-06-29,CNY,NOK,middle,1.2362
2017-06-29,CZK,NOK,middle,0.36388
2017-06-29,DKK,NOK,middle,1.2869
2017-06-29,EUR,NOK,middle,9.57
2017-06-29,GBP,NOK,middle,10.876
2017-06-29,HKD,NOK,middle,1.074
2017-06-29,HRK,NOK,middle,1.2911
2017-06-29,HUF,NOK,middle,0.030865
2017-06-29,IDR,NOK,middle,0.0006289
2017-06-29,ILS,NOK,middle,2.3989
2017-06-29,INR,NOK,middle,0.129828
2017-06-29,JPY,NOK,middle,0.074423
2017-06-29,KRW,NOK,middle,0.007339
2017-06-29,MMK,NOK,middle,0.006134
2017-06-29,MXN,NOK,middle,0.4675
2017-06-29,MYR,NOK,middle,1.953
2017-06-29,NZD,NOK,middle,6.1146
2017-06-29,PHP,NOK,middle,0.16584
2017-06-29,PKR,NOK,middle,0.07997
2017-06-29,PLN,NOK,middle,2.2523
2017-06-29,RON,NOK,middle,2.0921
2017-06-29,RUB,NOK,middle,0.1422
2017-06-29,SEK,NOK,middle,0.9844
2017-06-29,SGD,NOK,middle,6.0758
2017-06-29,THB,NOK,middle,0.24673
2017-06-29,TRY,NOK,middle,2.384
2017-06-29,TWD,NOK,middle,0.2756
2017-06-29,TWI,NOK,middle,115.18
2017-06-29,USD,NOK,middle,8.3852
2017-06-29,XDR,NOK,middle,11.68994
2017-06-29,ZAR,NOK,middle,0.6455
2017-06-30,AUD,NOK,middle,6.4449
2017-06-30,BDT,NOK,middle,0.1041
2017-06-30,BGN,NOK,middle,4.8938
2017-06-30,BRL,NOK,middle,2.5456
2017-06-30,BYN,NOK,middle,4.3255
2017-06-30,CAD,NOK,middle,6.4737
2017-06-30,CHF,NOK,middle,8.7569
2017-06-30,CNY,NOK,middle,1.2368
2017-06-30,CZK,NOK,middle,0.36536
2017-06-30,DKK,NOK,middle,1.2871
2017-06-30,EUR,NOK,middle,9.5713
2017-06-30,GBP,NOK,middle,10.8848
2017-06-30,HKD,NOK,middle,1.0746
2017-06-30,HRK,NOK,middle,1.2916
2017-06-30,HUF,NOK,middle,0.030978
2017-06-30,IDR,NOK,middle,0.0006293
2017-06-30,ILS,NOK,middle,2.3995
2017-06-30,INR,NOK,middle,0.12979
2017-06-30,JPY,NOK,middle,0.074922
2017-06-30,KRW,NOK,middle,0.007337
2017-06-30,MMK,NOK,middle,0.00614
2017-06-30,MXN,NOK,middle,0.465
2017-06-30,MYR,NOK,middle,1.9539
2017-06-30,NZD,NOK,middle,6.1536
2017-06-30,PHP,NOK,middle,0.16624
2017-06-30,PKR,NOK,middle,0.08
2017-06-30,PLN,NOK,middle,2.2649
2017-06-30,RON,NOK,middle,2.1025
2017-06-30,RUB,NOK,middle,0.1417
2017-06-30,SEK,NOK,middle,0.9929
2017-06-30,SGD,NOK,middle,6.0925
2017-06-30,THB,NOK,middle,0.24704
2017-06-30,TRY,NOK,middle,2.3848
2017-06-30,TWD,NOK,middle,0.27613
2017-06-30,TWI,NOK,middle,115.37
2017-06-30,USD,NOK,middle,8.387
2017-06-30,XDR,NOK,middle,11.69896
2017-06-30,ZAR,NOK,middle,0.6415
2017-07-03,AUD,NOK,middle,6.4025
2017-07-03,BDT,NOK,middle,0.1035
2017-07-03,BGN,NOK,middle,4.8607
2017-07-03,BRL,NOK,middle,2.5191
2017-07-03,BYN,NOK,middle,4.3124
2017-07-03,CAD,NOK,middle,6.4429
2017-07-03,CHF,NOK,middle,8.6873
2017-07-03,CNY,NOK,middle,1.2306
2017-07-03,CZK,NOK,middle,0.36368
2017-07-03,DKK,NOK,middle,1.2783
2017-07-03,EUR,NOK,middle,9.5065
2017-07-03,GBP,NOK,middle,10.8392
2017-07-03,HKD,NOK,middle,1.0708
2017-07-03,HRK,NOK,middle,1.2809
2017-07-03,HUF,NOK,middle,0.030741
2017-07-03,IDR,NOK,middle,0.00062448
2017-07-03,ILS,NOK,middle,2.3905
2017-07-03,INR,NOK,middle,0.12892
2017-07-03,JPY,NOK,middle,0.074004
2017-07-03,KRW,NOK,middle,0.00728
2017-07-03,MMK,NOK,middle,0.006115
2017-07-03,MXN,NOK,middle,0.4587
2017-07-03,MYR,NOK,middle,1.9424
2017-07-03,NZD,NOK,middle,6.1002
2017-07-03,PHP,NOK,middle,0.16518
2017-07-03,PKR,NOK,middle,0.07974
2017-07-03,PLN,NOK,middle,2.2445
2017-07-03,RON,NOK,middle,2.0832
2017-07-03,RUB,NOK,middle,0.1409
2017-07-03,SEK,NOK,middle,0.9866
2017-07-03,SGD,NOK,middle,6.0516
2017-07-03,THB,NOK,middle,0.24608
2017-07-03,TRY,NOK,middle,2.3576
2017-07-03,TWD,NOK,middle,0.27446
2017-07-03,TWI,NOK,middle,114.64
2017-07-03,USD,NOK,middle,8.3618
2017-07-03,XDR,NOK,middle,11.63891
2017-07-03,ZAR,NOK,middle,0.6341
2017-07-04,AUD,NOK,middle,6.3564
2017-07-04,BDT,NOK,middle,0.1035
2017-07-04,BGN,NOK,middle,4.8497
2017-07-04,BRL,NOK,middle,2.5291
2017-07-04,BYN,NOK,middle,4.2855
2017-07-04,CAD,NOK,middle,6.4392
2017-07-04,CHF,NOK,middle,8.6589
2017-07-04,CNY,NOK,middle,1.2283
2017-07-04,CZK,NOK,middle,0.36296
2017-07-04,DKK,NOK,middle,1.2754
2017-07-04,EUR,NOK,middle,9.485
2017-07-04,GBP,NOK,middle,10.8023
2017-07-04,HKD,NOK,middle,1.07
2017-07-04,HRK,NOK,middle,1.2789
2017-07-04,HUF,NOK,middle,0.030765
2017-07-04,IDR,NOK,middle,0.00062507
2017-07-04,ILS,NOK,middle,2.3762
2017-07-04,INR,NOK,middle,0.12905
2017-07-04,JPY,NOK,middle,0.073773
2017-07-04,KRW,NOK,middle,0.007254
2017-07-04,MMK,NOK,middle,0.006098
2017-07-04,MXN,NOK,middle,0.4587
2017-07-04,MYR,NOK,middle,1.944
2017-07-04,NZD,NOK,middle,6.0825
2017-07-04,PHP,NOK,middle,0.16541
2017-07-04,PKR,NOK,middle,0.0797
2017-07-04,PLN,NOK,middle,2.2357
2017-07-04,RON,NOK,middle,2.0672
2017-07-04,RUB,NOK,middle,0.14085
2017-07-04,SEK,NOK,middle,0.9805
2017-07-04,SGD,NOK,middle,6.041
2017-07-04,THB,NOK,middle,0.24562
2017-07-04,TRY,NOK,middle,2.3491
2017-07-04,TWD,NOK,middle,0.27383
2017-07-04,TWI,NOK,middle,114.33
2017-07-04,USD,NOK,middle,8.3546
2017-07-04,XDR,NOK,middle,11.61828
2017-07-04,ZAR,NOK,middle,0.6316
2017-07-05,AUD,NOK,middle,6.3667
2017-07-05,BDT,NOK,middle,0.1037
2017-07-05,BGN,NOK,middle,4.8556
2017-07-05,BRL,NOK,middle,2.5294
2017-07-05,BYN,NOK,middle,4.2637
2017-07-05,CAD,NOK,middle,6.4681
2017-07-05,CHF,NOK,middle,8.6726
2017-07-05,CNY,NOK,middle,1.2324
2017-07-05,CZK,NOK,middle,0.36373
2017-07-05,DKK,NOK,middle,1.2769
2017-07-05,EUR,NOK,middle,9.4965
2017-07-05,GBP,NOK,middle,10.8241
2017-07-05,HKD,NOK,middle,1.0738
2017-07-05,HRK,NOK,middle,1.2808
2017-07-05,HUF,NOK,middle,0.030817
2017-07-05,IDR,NOK,middle,0.00062645
2017-07-05,ILS,NOK,middle,2.3817
2017-07-05,INR,NOK,middle,0.12937
2017-07-05,JPY,NOK,middle,0.073822
2017-07-05,KRW,NOK,middle,0.007261
2017-07-05,MMK,NOK,middle,0.006128
2017-07-05,MXN,NOK,middle,0.4587
2017-07-05,MYR,NOK,middle,1.9501
2017-07-05,NZD,NOK,middle,6.0973
2017-07-05,PHP,NOK,middle,0.16539
2017-07-05,PKR,NOK,middle,0.07754
2017-07-05,PLN,NOK,middle,2.2364
2017-07-05,RON,NOK,middle,2.0698
2017-07-05,RUB,NOK,middle,0.14003
2017-07-05,SEK,NOK,middle,0.9867
2017-07-05,SGD,NOK,middle,6.0595
2017-07-05,THB,NOK,middle,0.24621
2017-07-05,TRY,NOK,middle,2.3384
2017-07-05,TWD,NOK,middle,0.27435
2017-07-05,TWI,NOK,middle,114.56
2017-07-05,USD,NOK,middle,8.3825
2017-07-05,XDR,NOK,middle,11.64418
2017-07-05,ZAR,NOK,middle,0.6278
2017-07-06,AUD,NOK,middle,6.3498
2017-07-06,BDT,NOK,middle,0.1031
2017-07-06,BGN,NOK,middle,4.8726
2017-07-06,BRL,NOK,middle,2.5319
2017-07-06,BYN,NOK,middle,4.2404
2017-07-06,CAD,NOK,middle,6.4705
2017-07-06,CHF,NOK,middle,8.6832
2017-07-06,CNY,NOK,middle,1.2306
2017-07-06,CZK,NOK,middle,0.36447
2017-07-06,DKK,NOK,middle,1.2814
2017-07-06,EUR,NOK,middle,9.5298
2017-07-06,GBP,NOK,middle,10.8277
2017-07-06,HKD,NOK,middle,1.0718
2017-07-06,HRK,NOK,middle,1.2869
2017-07-06,HUF,NOK,middle,0.030804
2017-07-06,IDR,NOK,middle,0.00062522
2017-07-06,ILS,NOK,middle,2.3672
2017-07-06,INR,NOK,middle,0.12925
2017-07-06,JPY,NOK,middle,0.073869
2017-07-06,KRW,NOK,middle,0.007234
2017-07-06,MMK,NOK,middle,0.006112
2017-07-06,MXN,NOK,middle,0.4554
2017-07-06,MYR,NOK,middle,1.9473
2017-07-06,NZD,NOK,middle,6.0711
2017-07-06,PHP,NOK,middle,0.16507
2017-07-06,PKR,NOK,middle,0.079
2017-07-06,PLN,NOK,middle,2.2435
2017-07-06,RON,NOK,middle,2.0747
2017-07-06,RUB,NOK,middle,0.13915
2017-07-06,SEK,NOK,middle,0.9895
2017-07-06,SGD,NOK,middle,6.0511
2017-07-06,THB,NOK,middle,0.24561
2017-07-06,TRY,NOK,middle,2.3037
2017-07-06,TWD,NOK,middle,0.27353
2017-07-06,TWI,NOK,middle,114.74
2017-07-06,USD,NOK,middle,8.3705
2017-07-06,XDR,NOK,middle,11.65339
2017-07-06,ZAR,NOK,middle,0.621
2017-07-07,AUD,NOK,middle,6.3717
2017-07-07,BDT,NOK,middle,0.1032
2017-07-07,BGN,NOK,middle,4.8887
2017-07-07,BRL,NOK,middle,2.5438
2017-07-07,BYN,NOK,middle,4.2486
2017-07-07,CAD,NOK,middle,6.4577
2017-07-07,CHF,NOK,middle,8.7055
2017-07-07,CNY,NOK,middle,1.2323
2017-07-07,CZK,NOK,middle,0.36663
2017-07-07,DKK,NOK,middle,1.2856
2017-07-07,EUR,NOK,middle,9.5613
2017-07-07,GBP,NOK,middle,10.8052
2017-07-07,HKD,NOK,middle,1.0726
2017-07-07,HRK,NOK,middle,1.2894
2017-07-07,HUF,NOK,middle,0.031005
2017-07-07,IDR,NOK,middle,0.0006249
2017-07-07,ILS,NOK,middle,2.3741
2017-07-07,INR,NOK,middle,0.12974
2017-07-07,JPY,NOK,middle,0.073662
2017-07-07,KRW,NOK,middle,0.007254
2017-07-07,MMK,NOK,middle,0.006174
2017-07-07,MXN,NOK,middle,0.4608
2017-07-07,MYR,NOK,middle,1.9491
2017-07-07,NZD,NOK,middle,6.102
2017-07-07,PHP,NOK,middle,0.16546
2017-07-07,PKR,NOK,middle,0.07913
2017-07-07,PLN,NOK,middle,2.2592
2017-07-07,RON,NOK,middle,2.0848
2017-07-07,RUB,NOK,middle,0.13873
2017-07-07,SEK,NOK,middle,0.9944
2017-07-07,SGD,NOK,middle,6.0664
2017-07-07,THB,NOK,middle,0.24584
2017-07-07,TRY,NOK,middle,2.3059
2017-07-07,TWD,NOK,middle,0.27405
2017-07-07,TWI,NOK,middle,115.02
2017-07-07,USD,NOK,middle,8.3783
2017-07-07,XDR,NOK,middle,11.66473
2017-07-07,ZAR,NOK,middle,0.6264
2017-07-10,AUD,NOK,middle,6.3448
2017-07-10,BDT,NOK,middle,0.1026
2017-07-10,BGN,NOK,middle,4.8658
2017-07-10,BRL,NOK,middle,2.5519
2017-07-10,BYN,NOK,middle,4.2294
2017-07-10,CAD,NOK,middle,6.4725
2017-07-10,CHF,NOK,middle,8.6459
2017-07-10,CNY,NOK,middle,1.2282
2017-07-10,CZK,NOK,middle,0.36467
2017-07-10,DKK,NOK,middle,1.2797
2017-07-10,EUR,NOK,middle,9.5165
2017-07-10,GBP,NOK,middle,10.76
2017-07-10,HKD,NOK,middle,1.0696
2017-07-10,HRK,NOK,middle,1.2853
2017-07-10,HUF,NOK,middle,0.030899
2017-07-10,IDR,NOK,middle,0.00062373
2017-07-10,ILS,NOK,middle,2.3557
2017-07-10,INR,NOK,middle,0.12958
2017-07-10,JPY,NOK,middle,0.073215
2017-07-10,KRW,NOK,middle,0.007268
2017-07-10,MMK,NOK,middle,0.00615
2017-07-10,MXN,NOK,middle,0.4645
2017-07-10,MYR,NOK,middle,1.9461
2017-07-10,NZD,NOK,middle,6.0758
2017-07-10,PHP,NOK,middle,0.16428
2017-07-10,PKR,NOK,middle,0.07944
2017-07-10,PLN,NOK,middle,2.2476
2017-07-10,RON,NOK,middle,2.0825
2017-07-10,RUB,NOK,middle,0.13819
2017-07-10,SEK,NOK,middle,0.9895
2017-07-10,SGD,NOK,middle,6.0296
2017-07-10,THB,NOK,middle,0.24494
2017-07-10,TRY,NOK,middle,2.3142
2017-07-10,TWD,NOK,middle,0.27335
2017-07-10,TWI,NOK,middle,114.55
2017-07-10,USD,NOK,middle,8.3573
2017-07-10,XDR,NOK,middle,11.62166
2017-07-10,ZAR,NOK,middle,0.6256
2017-07-11,AUD,NOK,middle,6.3464
2017-07-11,BDT,NOK,middle,0.1024
2017-07-11,BGN,NOK,middle,4.8635
2017-07-11,BRL,NOK,middle,2.553
2017-07-11,BYN,NOK,middle,4.2154
2017-07-11,CAD,NOK,middle,6.4628
2017-07-11,CHF,NOK,middle,8.6159
2017-07-11,CNY,NOK,middle,1.2261
2017-07-11,CZK,NOK,middle,0.36411
2017-07-11,DKK,NOK,middle,1.2791
2017-07-11,EUR,NOK,middle,9.512
2017-07-11,GBP,NOK,middle,10.7702
2017-07-11,HKD,NOK,middle,1.0678
2017-07-11,HRK,NOK,middle,1.2835
2017-07-11,HUF,NOK,middle,0.03087
2017-07-11,IDR,NOK,middle,0.00062282
2017-07-11,ILS,NOK,middle,2.3331
2017-07-11,INR,NOK,middle,0.12913
2017-07-11,JPY,NOK,middle,0.072967
2017-07-11,KRW,NOK,middle,0.007249
2017-07-11,MMK,NOK,middle,0.006121
2017-07-11,MXN,NOK,middle,0.463
2017-07-11,MYR,NOK,middle,1.9407
2017-07-11,NZD,NOK,middle,6.0248
2017-07-11,PHP,NOK,middle,0.16453
2017-07-11,PKR,NOK,middle,0.07928
2017-07-11,PLN,NOK,middle,2.2402
2017-07-11,RON,NOK,middle,2.0821
2017-07-11,RUB,NOK,middle,0.1372
2017-07-11,SEK,NOK,middle,0.9868
2017-07-11,SGD,NOK,middle,6.0267
2017-07-11,THB,NOK,middle,0.24458
2017-07-11,TRY,NOK,middle,2.2959
2017-07-11,TWD,NOK,middle,0.27294
2017-07-11,TWI,NOK,middle,114.4
2017-07-11,USD,NOK,middle,8.3402
2017-07-11,XDR,NOK,middle,11.60678
2017-07-11,ZAR,NOK,middle,0.6153
2017-07-12,AUD,NOK,middle,6.3269
2017-07-12,BDT,NOK,middle,0.1015
2017-07-12,BGN,NOK,middle,4.8414
2017-07-12,BRL,NOK,middle,2.5593
2017-07-12,BYN,NOK,middle,4.1833
2017-07-12,CAD,NOK,middle,6.3944
2017-07-12,CHF,NOK,middle,8.5869
2017-07-12,CNY,NOK,middle,1.2184
2017-07-12,CZK,NOK,middle,0.36265
2017-07-12,DKK,NOK,middle,1.2732
2017-07-12,EUR,NOK,middle,9.4688
2017-07-12,GBP,NOK,middle,10.6481
2017-07-12,HKD,NOK,middle,1.0588
2017-07-12,HRK,NOK,middle,1.278
2017-07-12,HUF,NOK,middle,0.03081
2017-07-12,IDR,NOK,middle,0.00061858
2017-07-12,ILS,NOK,middle,2.3276
2017-07-12,INR,NOK,middle,0.12815
2017-07-12,JPY,NOK,middle,0.072826
2017-07-12,KRW,NOK,middle,0.007218
2017-07-12,MMK,NOK,middle,0.006054
2017-07-12,MXN,NOK,middle,0.4627
2017-07-12,MYR,NOK,middle,1.9242
2017-07-12,NZD,NOK,middle,5.9827
2017-07-12,PHP,NOK,middle,0.1634
2017-07-12,PKR,NOK,middle,0.07862
2017-07-12,PLN,NOK,middle,2.2309
2017-07-12,RON,NOK,middle,2.0731
2017-07-12,RUB,NOK,middle,0.13654
2017-07-12,SEK,NOK,middle,0.9828
2017-07-12,SGD,NOK,middle,5.9872
2017-07-12,THB,NOK,middle,0.243
2017-07-12,TRY,NOK,middle,2.2993
2017-07-12,TWD,NOK,middle,0.27132
2017-07-12,TWI,NOK,middle,113.77
2017-07-12,USD,NOK,middle,8.2704
2017-07-12,XDR,NOK,middle,11.52746
2017-07-12,ZAR,NOK,middle,0.6174
2017-07-13,AUD,NOK,middle,6.3993
2017-07-13,BDT,NOK,middle,0.1017
2017-07-13,BGN,NOK,middle,4.8327
2017-07-13,BRL,NOK,middle,2.5731
2017-07-13,BYN,NOK,middle,4.2003
2017-07-13,CAD,NOK,middle,6.4898
2017-07-13,CHF,NOK,middle,8.584
2017-07-13,CNY,NOK,middle,1.2205
2017-07-13,CZK,NOK,middle,0.36186
2017-07-13,DKK,NOK,middle,1.271
2017-07-13,EUR,NOK,middle,9.4518
2017-07-13,GBP,NOK,middle,10.7145
2017-07-13,HKD,NOK,middle,1.06
2017-07-13,HRK,NOK,middle,1.2764
2017-07-13,HUF,NOK,middle,0.030761
2017-07-13,IDR,NOK,middle,0.00062024
2017-07-13,ILS,NOK,middle,2.3378
2017-07-13,INR,NOK,middle,0.12845
2017-07-13,JPY,NOK,middle,0.073173
2017-07-13,KRW,NOK,middle,0.007278
2017-07-13,MMK,NOK,middle,0.006016
2017-07-13,MXN,NOK,middle,0.4651
2017-07-13,MYR,NOK,middle,1.9253
2017-07-13,NZD,NOK,middle,6.0674
2017-07-13,PHP,NOK,middle,0.16375
2017-07-13,PKR,NOK,middle,0.07866
2017-07-13,PLN,NOK,middle,2.2328
2017-07-13,RON,NOK,middle,2.0712
2017-07-13,RUB,NOK,middle,0.13803
2017-07-13,SEK,NOK,middle,0.9904
2017-07-13,SGD,NOK,middle,6.0118
2017-07-13,THB,NOK,middle,0.24385
2017-07-13,TRY,NOK,middle,2.3187
2017-07-13,TWD,NOK,middle,0.27273
2017-07-13,TWI,NOK,middle,113.99
2017-07-13,USD,NOK,middle,8.2787
2017-07-13,XDR,NOK,middle,11.53703
2017-07-13,ZAR,NOK,middle,0.6261
2017-07-14,AUD,NOK,middle,6.3795
2017-07-14,BDT,NOK,middle,0.1011
2017-07-14,BGN,NOK,middle,4.7982
2017-07-14,BRL,NOK,middle,2.5641
2017-07-14,BYN,NOK,middle,4.1944
2017-07-14,CAD,NOK,middle,6.4612
2017-07-14,CHF,NOK,middle,8.4918
2017-07-14,CNY,NOK,middle,1.2121
2017-07-14,CZK,NOK,middle,0.3599
2017-07-14,DKK,NOK,middle,1.2619
2017-07-14,EUR,NOK,middle,9.3843
2017-07-14,GBP,NOK,middle,10.666
2017-07-14,HKD,NOK,middle,1.0529
2017-07-14,HRK,NOK,middle,1.2668
2017-07-14,HUF,NOK,middle,0.030617
2017-07-14,IDR,NOK,middle,0.00061634
2017-07-14,ILS,NOK,middle,2.3115
2017-07-14,INR,NOK,middle,0.12769
2017-07-14,JPY,NOK,middle,0.07269
2017-07-14,KRW,NOK,middle,0.007246
2017-07-14,MMK,NOK,middle,0.006001
2017-07-14,MXN,NOK,middle,0.466
2017-07-14,MYR,NOK,middle,1.9152
2017-07-14,NZD,NOK,middle,6.006
2017-07-14,PHP,NOK,middle,0.16244
2017-07-14,PKR,NOK,middle,0.07813
2017-07-14,PLN,NOK,middle,2.2252
2017-07-14,RON,NOK,middle,2.0567
2017-07-14,RUB,NOK,middle,0.1381
2017-07-14,SEK,NOK,middle,0.9844
2017-07-14,SGD,NOK,middle,5.9834
2017-07-14,THB,NOK,middle,0.24283
2017-07-14,TRY,NOK,middle,2.3078
2017-07-14,TWD,NOK,middle,0.27081
2017-07-14,TWI,NOK,middle,113.29
2017-07-14,USD,NOK,middle,8.221
2017-07-14,XDR,NOK,middle,11.4591
2017-07-14,ZAR,NOK,middle,0.6243
2017-07-17,AUD,NOK,middle,6.3919
2017-07-17,BDT,NOK,middle,0.1008
2017-07-17,BGN,NOK,middle,4.7836
2017-07-17,BRL,NOK,middle,2.5677
2017-07-17,BYN,NOK,middle,4.1757
2017-07-17,CAD,NOK,middle,6.4514
2017-07-17,CHF,NOK,middle,8.496
2017-07-17,CNY,NOK,middle,1.2058
2017-07-17,CZK,NOK,middle,0.3586
2017-07-17,DKK,NOK,middle,1.2581
2017-07-17,EUR,NOK,middle,9.3558
2017-07-17,GBP,NOK,middle,10.6613
2017-07-17,HKD,NOK,middle,1.0458
2017-07-17,HRK,NOK,middle,1.2624
2017-07-17,HUF,NOK,middle,0.03057
2017-07-17,IDR,NOK,middle,0.00061312
2017-07-17,ILS,NOK,middle,2.3001
2017-07-17,INR,NOK,middle,0.12685
2017-07-17,JPY,NOK,middle,0.072604
2017-07-17,KRW,NOK,middle,0.007239
2017-07-17,MMK,NOK,middle,0.005967
2017-07-17,MXN,NOK,middle,0.465
2017-07-17,MYR,NOK,middle,1.9038
2017-07-17,NZD,NOK,middle,5.9881
2017-07-17,PHP,NOK,middle,0.16107
2017-07-17,PKR,NOK,middle,0.07752
2017-07-17,PLN,NOK,middle,2.2233
2017-07-17,RON,NOK,middle,2.0518
2017-07-17,RUB,NOK,middle,0.13774
2017-07-17,SEK,NOK,middle,0.9807
2017-07-17,SGD,NOK,middle,5.9698
2017-07-17,THB,NOK,middle,0.2425
2017-07-17,TRY,NOK,middle,2.3094
2017-07-17,TWD,NOK,middle,0.26873
2017-07-17,TWI,NOK,middle,112.95
2017-07-17,USD,NOK,middle,8.1624
2017-07-17,XDR,NOK,middle,11.40693
2017-07-17,ZAR,NOK,middle,0.6306
2017-07-18,AUD,NOK,middle,6.3896
2017-07-18,BDT,NOK,middle,0.0997
2017-07-18,BGN,NOK,middle,4.7584
2017-07-18,BRL,NOK,middle,2.5412
2017-07-18,BYN,NOK,middle,4.1441
2017-07-18,CAD,NOK,middle,6.3971
2017-07-18,CHF,NOK,middle,8.4413
2017-07-18,CNY,NOK,middle,1.1931
2017-07-18,CZK,NOK,middle,0.35684
2017-07-18,DKK,NOK,middle,1.2514
2017-07-18,EUR,NOK,middle,9.3065
2017-07-18,GBP,NOK,middle,10.4827
2017-07-18,HKD,NOK,middle,1.032
2017-07-18,HRK,NOK,middle,1.2553
2017-07-18,HUF,NOK,middle,0.030394
2017-07-18,IDR,NOK,middle,0.00060557
2017-07-18,ILS,NOK,middle,2.2564
2017-07-18,INR,NOK,middle,0.12519
2017-07-18,JPY,NOK,middle,0.071887
2017-07-18,KRW,NOK,middle,0.007165
2017-07-18,MMK,NOK,middle,0.005924
2017-07-18,MXN,NOK,middle,0.4601
2017-07-18,MYR,NOK,middle,1.8796
2017-07-18,NZD,NOK,middle,5.9228
2017-07-18,PHP,NOK,middle,0.15882
2017-07-18,PKR,NOK,middle,0.07648
2017-07-18,PLN,NOK,middle,2.2143
2017-07-18,RON,NOK,middle,2.0409
2017-07-18,RUB,NOK,middle,0.13652
2017-07-18,SEK,NOK,middle,0.9729
2017-07-18,SGD,NOK,middle,5.8928
2017-07-18,THB,NOK,middle,0.23967
2017-07-18,TRY,NOK,middle,2.2838
2017-07-18,TWD,NOK,middle,0.26554
2017-07-18,TWI,NOK,middle,112.02
2017-07-18,USD,NOK,middle,8.0541
2017-07-18,XDR,NOK,middle,11.2855
2017-07-18,ZAR,NOK,middle,0.6227
2017-07-19,AUD,NOK,middle,6.4009
2017-07-19,BDT,NOK,middle,0.0998
2017-07-19,BGN,NOK,middle,4.756
2017-07-19,BRL,NOK,middle,2.5532
2017-07-19,BYN,NOK,middle,4.1435
2017-07-19,CAD,NOK,middle,6.3974
2017-07-19,CHF,NOK,middle,8.4608
2017-07-19,CNY,NOK,middle,1.1942
2017-07-19,CZK,NOK,middle,0.35728
2017-07-19,DKK,NOK,middle,1.2508
2017-07-19,EUR,NOK,middle,9.3018
2017-07-19,GBP,NOK,middle,10.5123
2017-07-19,HKD,NOK,middle,1.0329
2017-07-19,HRK,NOK,middle,1.2546
2017-07-19,HUF,NOK,middle,0.030356
2017-07-19,IDR,NOK,middle,0.0006056
2017-07-19,ILS,NOK,middle,2.2534
2017-07-19,INR,NOK,middle,0.12544
2017-07-19,JPY,NOK,middle,0.07209
2017-07-19,KRW,NOK,middle,0.007187
2017-07-19,MMK,NOK,middle,0.005933
2017-07-19,MXN,NOK,middle,0.4611
2017-07-19,MYR,NOK,middle,1.8816
2017-07-19,NZD,NOK,middle,5.9474
2017-07-19,PHP,NOK,middle,0.15864
2017-07-19,PKR,NOK,middle,0.07666
2017-07-19,PLN,NOK,middle,2.208
2017-07-19,RON,NOK,middle,2.0367
2017-07-19,RUB,NOK,middle,0.13661
2017-07-19,SEK,NOK,middle,0.973
2017-07-19,SGD,NOK,middle,5.8973
2017-07-19,THB,NOK,middle,0.24004
2017-07-19,TRY,NOK,middle,2.2924
2017-07-19,TWD,NOK,middle,0.26549
2017-07-19,TWI,NOK,middle,112.06
2017-07-19,USD,NOK,middle,8.0654
2017-07-19,XDR,NOK,middle,11.29701
2017-07-19,ZAR,NOK,middle,0.6247
2017-07-20,AUD,NOK,middle,6.4094
2017-07-20,BDT,NOK,middle,0.1004
2017-07-20,BGN,NOK,middle,4.7551
2017-07-20,BRL,NOK,middle,2.5715
2017-07-20,BYN,NOK,middle,4.1611
2017-07-20,CAD,NOK,middle,6.4195
2017-07-20,CHF,NOK,middle,8.4247
2017-07-20,CNY,NOK,middle,1.196
2017-07-20,CZK,NOK,middle,0.35714
2017-07-20,DKK,NOK,middle,1.2506
2017-07-20,EUR,NOK,middle,9.3
2017-07-20,GBP,NOK,middle,10.4827
2017-07-20,HKD,NOK,middle,1.0368
2017-07-20,HRK,NOK,middle,1.255
2017-07-20,HUF,NOK,middle,0.030415
2017-07-20,IDR,NOK,middle,0.00060726
2017-07-20,ILS,NOK,middle,2.2665
2017-07-20,INR,NOK,middle,0.12566
2017-07-20,JPY,NOK,middle,0.072138
2017-07-20,KRW,NOK,middle,0.007201
2017-07-20,MMK,NOK,middle,0.005908
2017-07-20,MXN,NOK,middle,0.4603
2017-07-20,MYR,NOK,middle,1.8869
2017-07-20,NZD,NOK,middle,5.9497
2017-07-20,PHP,NOK,middle,0.15917
2017-07-20,PKR,NOK,middle,0.07689
2017-07-20,PLN,NOK,middle,2.209
2017-07-20,RON,NOK,middle,2.037
2017-07-20,RUB,NOK,middle,0.13706
2017-07-20,SEK,NOK,middle,0.972
2017-07-20,SGD,NOK,middle,5.9093
2017-07-20,THB,NOK,middle,0.2406
2017-07-20,TRY,NOK,middle,2.2877
2017-07-20,TWD,NOK,middle,0.26606
2017-07-20,TWI,NOK,middle,112.07
2017-07-20,USD,NOK,middle,8.0975
2017-07-20,XDR,NOK,middle,11.31509
2017-07-20,ZAR,NOK,middle,0.6241
2017-07-21,AUD,NOK,middle,6.3484
2017-07-21,BDT,NOK,middle,0.0993
2017-07-21,BGN,NOK,middle,4.7712
2017-07-21,BRL,NOK,middle,2.576
2017-07-21,BYN,NOK,middle,4.1412
2017-07-21,CAD,NOK,middle,6.3635
2017-07-21,CHF,NOK,middle,8.444
2017-07-21,CNY,NOK,middle,1.1842
2017-07-21,CZK,NOK,middle,0.35867
2017-07-21,DKK,NOK,middle,1.2548
2017-07-21,EUR,NOK,middle,9.3315
2017-07-21,GBP,NOK,middle,10.4135
2017-07-21,HKD,NOK,middle,1.0265
2017-07-21,HRK,NOK,middle,1.2591
2017-07-21,HUF,NOK,middle,0.030558
2017-07-21,IDR,NOK,middle,0.00060209
2017-07-21,ILS,NOK,middle,2.2495
2017-07-21,INR,NOK,middle,0.12458
2017-07-21,JPY,NOK,middle,0.071936
2017-07-21,KRW,NOK,middle,0.007165
2017-07-21,MMK,NOK,middle,0.005876
2017-07-21,MXN,NOK,middle,0.458
2017-07-21,MYR,NOK,middle,1.8712
2017-07-21,NZD,NOK,middle,5.9626
2017-07-21,PHP,NOK,middle,0.15809
2017-07-21,PKR,NOK,middle,0.0761
2017-07-21,PLN,NOK,middle,2.2027
2017-07-21,RON,NOK,middle,2.0418
2017-07-21,RUB,NOK,middle,0.13599
2017-07-21,SEK,NOK,middle,0.9701
2017-07-21,SGD,NOK,middle,5.8792
2017-07-21,THB,NOK,middle,0.23963
2017-07-21,TRY,NOK,middle,2.2683
2017-07-21,TWD,NOK,middle,0.26357
2017-07-21,TWI,NOK,middle,111.92
2017-07-21,USD,NOK,middle,8.0154
2017-07-21,XDR,NOK,middle,11.26403
2017-07-21,ZAR,NOK,middle,0.6197
2017-07-24,AUD,NOK,middle,6.3792
2017-07-24,BDT,NOK,middle,0.0993
2017-07-24,BGN,NOK,middle,4.7819
2017-07-24,BRL,NOK,middle,2.5593
2017-07-24,BYN,NOK,middle,4.1229
2017-07-24,CAD,NOK,middle,6.4128
2017-07-24,CHF,NOK,middle,8.4868
2017-07-24,CNY,NOK,middle,1.1896
2017-07-24,CZK,NOK,middle,0.35938
2017-07-24,DKK,NOK,middle,1.2577
2017-07-24,EUR,NOK,middle,9.3525
2017-07-24,GBP,NOK,middle,10.4673
2017-07-24,HKD,NOK,middle,1.0285
2017-07-24,HRK,NOK,middle,1.2622
2017-07-24,HUF,NOK,middle,0.030649
2017-07-24,IDR,NOK,middle,0.00060275
2017-07-24,ILS,NOK,middle,2.2369
2017-07-24,INR,NOK,middle,0.12468
2017-07-24,JPY,NOK,middle,0.072449
2017-07-24,KRW,NOK,middle,0.007199
2017-07-24,MMK,NOK,middle,0.005874
2017-07-24,MXN,NOK,middle,0.454
2017-07-24,MYR,NOK,middle,1.8762
2017-07-24,NZD,NOK,middle,5.9734
2017-07-24,PHP,NOK,middle,0.15851
2017-07-24,PKR,NOK,middle,0.07622
2017-07-24,PLN,NOK,middle,2.2054
2017-07-24,RON,NOK,middle,2.0493
2017-07-24,RUB,NOK,middle,0.13388
2017-07-24,SEK,NOK,middle,0.9754
2017-07-24,SGD,NOK,middle,5.8973
2017-07-24,THB,NOK,middle,0.24047
2017-07-24,TRY,NOK,middle,2.2603
2017-07-24,TWD,NOK,middle,0.26481
2017-07-24,TWI,NOK,middle,112.22
2017-07-24,USD,NOK,middle,8.0293
2017-07-24,XDR,NOK,middle,11.29395
2017-07-24,ZAR,NOK,middle,0.6197
2017-07-25,AUD,NOK,middle,6.3319
2017-07-25,BDT,NOK,middle,0.098
2017-07-25,BGN,NOK,middle,4.7569
2017-07-25,BRL,NOK,middle,2.5312
2017-07-25,BYN,NOK,middle,4.0935
2017-07-25,CAD,NOK,middle,6.3688
2017-07-25,CHF,NOK,middle,8.4096
2017-07-25,CNY,NOK,middle,1.1784
2017-07-25,CZK,NOK,middle,0.35765
2017-07-25,DKK,NOK,middle,1.2511
2017-07-25,EUR,NOK,middle,9.3035
2017-07-25,GBP,NOK,middle,10.4072
2017-07-25,HKD,NOK,middle,1.0189
2017-07-25,HRK,NOK,middle,1.2551
2017-07-25,HUF,NOK,middle,0.030454
2017-07-25,IDR,NOK,middle,0.00059737
2017-07-25,ILS,NOK,middle,2.2323
2017-07-25,INR,NOK,middle,0.12357
2017-07-25,JPY,NOK,middle,0.071412
2017-07-25,KRW,NOK,middle,0.007124
2017-07-25,MMK,NOK,middle,0.005803
2017-07-25,MXN,NOK,middle,0.449
2017-07-25,MYR,NOK,middle,1.858
2017-07-25,NZD,NOK,middle,5.9213
2017-07-25,PHP,NOK,middle,0.15718
2017-07-25,PKR,NOK,middle,0.07555
2017-07-25,PLN,NOK,middle,2.1854
2017-07-25,RON,NOK,middle,2.0387
2017-07-25,RUB,NOK,middle,0.13294
2017-07-25,SEK,NOK,middle,0.9737
2017-07-25,SGD,NOK,middle,5.8513
2017-07-25,THB,NOK,middle,0.23798
2017-07-25,TRY,NOK,middle,2.2339
2017-07-25,TWD,NOK,middle,0.26231
2017-07-25,TWI,NOK,middle,111.54
2017-07-25,USD,NOK,middle,7.9558
2017-07-25,XDR,NOK,middle,11.20555
2017-07-25,ZAR,NOK,middle,0.6114
2017-07-26,AUD,NOK,middle,6.312
2017-07-26,BDT,NOK,middle,0.0981
2017-07-26,BGN,NOK,middle,4.7496
2017-07-26,BRL,NOK,middle,2.5239
2017-07-26,BYN,NOK,middle,4.0901
2017-07-26,CAD,NOK,middle,6.373
2017-07-26,CHF,NOK,middle,8.3297
2017-07-26,CNY,NOK,middle,1.1812
2017-07-26,CZK,NOK,middle,0.35664
2017-07-26,DKK,NOK,middle,1.2491
2017-07-26,EUR,NOK,middle,9.2893
2017-07-26,GBP,NOK,middle,10.4053
2017-07-26,HKD,NOK,middle,1.0213
2017-07-26,HRK,NOK,middle,1.2531
2017-07-26,HUF,NOK,middle,0.0304
2017-07-26,IDR,NOK,middle,0.00059902
2017-07-26,ILS,NOK,middle,2.2347
2017-07-26,INR,NOK,middle,0.12396
2017-07-26,JPY,NOK,middle,0.071314
2017-07-26,KRW,NOK,middle,0.007124
2017-07-26,MMK,NOK,middle,0.005827
2017-07-26,MXN,NOK,middle,0.4495
2017-07-26,MYR,NOK,middle,1.862
2017-07-26,NZD,NOK,middle,5.9251
2017-07-26,PHP,NOK,middle,0.15758
2017-07-26,PKR,NOK,middle,0.07574
2017-07-26,PLN,NOK,middle,2.1799
2017-07-26,RON,NOK,middle,2.0357
2017-07-26,RUB,NOK,middle,0.13327
2017-07-26,SEK,NOK,middle,0.9706
2017-07-26,SGD,NOK,middle,5.8608
2017-07-26,THB,NOK,middle,0.23821
2017-07-26,TRY,NOK,middle,2.2435
2017-07-26,TWD,NOK,middle,0.26292
2017-07-26,TWI,NOK,middle,111.43
2017-07-26,USD,NOK,middle,7.9778
2017-07-26,XDR,NOK,middle,11.21208
2017-07-26,ZAR,NOK,middle,0.6111
2017-07-27,AUD,NOK,middle,6.3609
2017-07-27,BDT,NOK,middle,0.0986
2017-07-27,BGN,NOK,middle,4.754
2017-07-27,BRL,NOK,middle,2.5241
2017-07-27,BYN,NOK,middle,4.0879
2017-07-27,CAD,NOK,middle,6.367
2017-07-27,CHF,NOK,middle,8.278
2017-07-27,CNY,NOK,middle,1.1798
2017-07-27,CZK,NOK,middle,0.35699
2017-07-27,DKK,NOK,middle,1.2503
2017-07-27,EUR,NOK,middle,9.2978
2017-07-27,GBP,NOK,middle,10.4495
2017-07-27,HKD,NOK,middle,1.018
2017-07-27,HRK,NOK,middle,1.254
2017-07-27,HUF,NOK,middle,0.03051
2017-07-27,IDR,NOK,middle,0.00059692
2017-07-27,ILS,NOK,middle,2.2348
2017-07-27,INR,NOK,middle,0.12393
2017-07-27,JPY,NOK,middle,0.071346
2017-07-27,KRW,NOK,middle,0.007134
2017-07-27,MMK,NOK,middle,0.005823
2017-07-27,MXN,NOK,middle,0.451
2017-07-27,MYR,NOK,middle,1.8583
2017-07-27,NZD,NOK,middle,5.9781
2017-07-27,PHP,NOK,middle,0.15731
2017-07-27,PKR,NOK,middle,0.07548
2017-07-27,PLN,NOK,middle,2.1856
2017-07-27,RON,NOK,middle,2.0368
2017-07-27,RUB,NOK,middle,0.13344
2017-07-27,SEK,NOK,middle,0.9703
2017-07-27,SGD,NOK,middle,5.8514
2017-07-27,THB,NOK,middle,0.23869
2017-07-27,TRY,NOK,middle,2.2511
2017-07-27,TWD,NOK,middle,0.26324
2017-07-27,TWI,NOK,middle,111.51
2017-07-27,USD,NOK,middle,7.9509
2017-07-27,XDR,NOK,middle,11.2039
2017-07-27,ZAR,NOK,middle,0.6133
2017-07-28,AUD,NOK,middle,6.326
2017-07-28,BDT,NOK,middle,0.0985
2017-07-28,BGN,NOK,middle,4.7651
2017-07-28,BRL,NOK,middle,2.5178
2017-07-28,BYN,NOK,middle,4.0957
2017-07-28,CAD,NOK,middle,6.3346
2017-07-28,CHF,NOK,middle,8.206
2017-07-28,CNY,NOK,middle,1.1784
2017-07-28,CZK,NOK,middle,0.35778
2017-07-28,DKK,NOK,middle,1.2532
2017-07-28,EUR,NOK,middle,9.3195
2017-07-28,GBP,NOK,middle,10.4049
2017-07-28,HKD,NOK,middle,1.0173
2017-07-28,HRK,NOK,middle,1.2574
2017-07-28,HUF,NOK,middle,0.030563
2017-07-28,IDR,NOK,middle,0.0005959
2017-07-28,ILS,NOK,middle,2.2314
2017-07-28,INR,NOK,middle,0.12384
2017-07-28,JPY,NOK,middle,0.071485
2017-07-28,KRW,NOK,middle,0.007073
2017-07-28,MMK,NOK,middle,0.005823
2017-07-28,MXN,NOK,middle,0.4479
2017-07-28,MYR,NOK,middle,1.8554
2017-07-28,NZD,NOK,middle,5.9383
2017-07-28,PHP,NOK,middle,0.15741
2017-07-28,PKR,NOK,middle,0.07542
2017-07-28,PLN,NOK,middle,2.1932
2017-07-28,RON,NOK,middle,2.0446
2017-07-28,RUB,NOK,middle,0.13346
2017-07-28,SEK,NOK,middle,0.9773
2017-07-28,SGD,NOK,middle,5.844
2017-07-28,THB,NOK,middle,0.23807
2017-07-28,TRY,NOK,middle,2.2477
2017-07-28,TWD,NOK,middle,0.26243
2017-07-28,TWI,NOK,middle,111.63
2017-07-28,USD,NOK,middle,7.9457
2017-07-28,XDR,NOK,middle,11.20576
2017-07-28,ZAR,NOK,middle,0.6099
2017-07-31,AUD,NOK,middle,6.3243
2017-07-31,BDT,NOK,middle,0.0975
2017-07-31,BGN,NOK,middle,4.7576
2017-07-31,BRL,NOK,middle,2.531
2017-07-31,BYN,NOK,middle,4.0806
2017-07-31,CAD,NOK,middle,6.3624
2017-07-31,CHF,NOK,middle,8.1917
2017-07-31,CNY,NOK,middle,1.1794
2017-07-31,CZK,NOK,middle,0.3568
2017-07-31,DKK,NOK,middle,1.2513
2017-07-31,EUR,NOK,middle,9.305
2017-07-31,GBP,NOK,middle,10.4059
2017-07-31,HKD,NOK,middle,1.0159
2017-07-31,HRK,NOK,middle,1.2556
2017-07-31,HUF,NOK,middle,0.030546
2017-07-31,IDR,NOK,middle,0.00059552
2017-07-31,ILS,NOK,middle,2.2276
2017-07-31,INR,NOK,middle,0.12362
2017-07-31,JPY,NOK,middle,0.071742
2017-07-31,KRW,NOK,middle,0.007071
2017-07-31,MMK,NOK,middle,0.005824
2017-07-31,MXN,NOK,middle,0.446
2017-07-31,MYR,NOK,middle,1.8533
2017-07-31,NZD,NOK,middle,5.9373
2017-07-31,PHP,NOK,middle,0.15719
2017-07-31,PKR,NOK,middle,0.0753
2017-07-31,PLN,NOK,middle,2.1898
2017-07-31,RON,NOK,middle,2.041
2017-07-31,RUB,NOK,middle,0.13205
2017-07-31,SEK,NOK,middle,0.9751
2017-07-31,SGD,NOK,middle,5.8456
2017-07-31,THB,NOK,middle,0.23828
2017-07-31,TRY,NOK,middle,2.2523
2017-07-31,TWD,NOK,middle,0.26254
2017-07-31,TWI,NOK,middle,111.5
2017-07-31,USD,NOK,middle,7.9347
2017-07-31,XDR,NOK,middle,11.19604
2017-07-31,ZAR,NOK,middle,0.6053
2017-08-01,AUD,NOK,middle,6.3014
2017-08-01,BDT,NOK,middle,0.0972
2017-08-01,BGN,NOK,middle,4.7726
2017-08-01,BRL,NOK,middle,2.531
2017-08-01,BYN,NOK,middle,4.0588
2017-08-01,CAD,NOK,middle,6.3339
2017-08-01,CHF,NOK,middle,8.1779
2017-08-01,CNY,NOK,middle,1.176
2017-08-01,CZK,NOK,middle,0.3572
2017-08-01,DKK,NOK,middle,1.2551
2017-08-01,EUR,NOK,middle,9.3343
2017-08-01,GBP,NOK,middle,10.4364
2017-08-01,HKD,NOK,middle,1.0115
2017-08-01,HRK,NOK,middle,1.2599
2017-08-01,HUF,NOK,middle,0.030745
2017-08-01,IDR,NOK,middle,0.00059309
2017-08-01,ILS,NOK,middle,2.215
2017-08-01,INR,NOK,middle,0.12328
2017-08-01,JPY,NOK,middle,0.071511
2017-08-01,KRW,NOK,middle,0.007042
2017-08-01,MMK,NOK,middle,0.0058
2017-08-01,MXN,NOK,middle,0.4444
2017-08-01,MYR,NOK,middle,1.844
2017-08-01,NZD,NOK,middle,5.9029
2017-08-01,PHP,NOK,middle,0.15686
2017-08-01,PKR,NOK,middle,0.07499
2017-08-01,PLN,NOK,middle,2.1931
2017-08-01,RON,NOK,middle,2.0472
2017-08-01,RUB,NOK,middle,0.13115
2017-08-01,SEK,NOK,middle,0.9768
2017-08-01,SGD,NOK,middle,5.8187
2017-08-01,THB,NOK,middle,0.23738
2017-08-01,TRY,NOK,middle,2.2437
2017-08-01,TWD,NOK,middle,0.26137
2017-08-01,TWI,NOK,middle,111.62
2017-08-01,USD,NOK,middle,7.9024
2017-08-01,XDR,NOK,middle,11.18745
2017-08-01,ZAR,NOK,middle,0.5948
2017-08-02,AUD,NOK,middle,6.2979
2017-08-02,BDT,NOK,middle,0.098
2017-08-02,BGN,NOK,middle,4.7809
2017-08-02,BRL,NOK,middle,2.5275
2017-08-02,BYN,NOK,middle,4.0485
2017-08-02,CAD,NOK,middle,6.3005
2017-08-02,CHF,NOK,middle,8.16
2017-08-02,CNY,NOK,middle,1.1753
2017-08-02,CZK,NOK,middle,0.35787
2017-08-02,DKK,NOK,middle,1.2571
2017-08-02,EUR,NOK,middle,9.3505
2017-08-02,GBP,NOK,middle,10.4562
2017-08-02,HKD,NOK,middle,1.0113
2017-08-02,HRK,NOK,middle,1.2625
2017-08-02,HUF,NOK,middle,0.030772
2017-08-02,IDR,NOK,middle,0.00059358
2017-08-02,ILS,NOK,middle,2.2087
2017-08-02,INR,NOK,middle,0.12413
2017-08-02,JPY,NOK,middle,0.071389
2017-08-02,KRW,NOK,middle,0.007033
2017-08-02,MMK,NOK,middle,0.005808
2017-08-02,MXN,NOK,middle,0.4413
2017-08-02,MYR,NOK,middle,1.8445
2017-08-02,NZD,NOK,middle,5.8708
2017-08-02,PHP,NOK,middle,0.1571
2017-08-02,PKR,NOK,middle,0.07501
2017-08-02,PLN,NOK,middle,2.198
2017-08-02,RON,NOK,middle,2.0509
2017-08-02,RUB,NOK,middle,0.13022
2017-08-02,SEK,NOK,middle,0.9748
2017-08-02,SGD,NOK,middle,5.8208
2017-08-02,THB,NOK,middle,0.23759
2017-08-02,TRY,NOK,middle,2.2377
2017-08-02,TWD,NOK,middle,0.26137
2017-08-02,TWI,NOK,middle,111.67
2017-08-02,USD,NOK,middle,7.9047
2017-08-02,XDR,NOK,middle,11.19957
2017-08-02,ZAR,NOK,middle,0.5952
2017-08-03,AUD,NOK,middle,6.275
2017-08-03,BDT,NOK,middle,0.0975
2017-08-03,BGN,NOK,middle,4.7944
2017-08-03,BRL,NOK,middle,2.5331
2017-08-03,BYN,NOK,middle,4.0451
2017-08-03,CAD,NOK,middle,6.2717
2017-08-03,CHF,NOK,middle,8.153
2017-08-03,CNY,NOK,middle,1.1761
2017-08-03,CZK,NOK,middle,0.36113
2017-08-03,DKK,NOK,middle,1.2606
2017-08-03,EUR,NOK,middle,9.3768
2017-08-03,GBP,NOK,middle,10.382
2017-08-03,HKD,NOK,middle,1.0113
2017-08-03,HRK,NOK,middle,1.2661
2017-08-03,HUF,NOK,middle,0.030871
2017-08-03,IDR,NOK,middle,0.00059332
2017-08-03,ILS,NOK,middle,2.2063
2017-08-03,INR,NOK,middle,0.12416
2017-08-03,JPY,NOK,middle,0.071628
2017-08-03,KRW,NOK,middle,0.007016
2017-08-03,MMK,NOK,middle,0.005805
2017-08-03,MXN,NOK,middle,0.4435
2017-08-03,MYR,NOK,middle,1.8466
2017-08-03,NZD,NOK,middle,5.8656
2017-08-03,PHP,NOK,middle,0.15726
2017-08-03,PKR,NOK,middle,0.07504
2017-08-03,PLN,NOK,middle,2.205
2017-08-03,RON,NOK,middle,2.0538
2017-08-03,RUB,NOK,middle,0.13082
2017-08-03,SEK,NOK,middle,0.9758
2017-08-03,SGD,NOK,middle,5.8133
2017-08-03,THB,NOK,middle,0.23781
2017-08-03,TRY,NOK,middle,2.233
2017-08-03,TWD,NOK,middle,0.26167
2017-08-03,TWI,NOK,middle,111.78
2017-08-03,USD,NOK,middle,7.9062
2017-08-03,XDR,NOK,middle,11.20365
2017-08-03,ZAR,NOK,middle,0.5949
2017-08-04,AUD,NOK,middle,6.2882
2017-08-04,BDT,NOK,middle,0.0974
2017-08-04,BGN,NOK,middle,4.7867
2017-08-04,BRL,NOK,middle,2.5363
2017-08-04,BYN,NOK,middle,4.0453
2017-08-04,CAD,NOK,middle,6.2747
2017-08-04,CHF,NOK,middle,8.1449
2017-08-04,CNY,NOK,middle,1.1738
2017-08-04,CZK,NOK,middle,0.35913
2017-08-04,DKK,NOK,middle,1.2585
2017-08-04,EUR,NOK,middle,9.3618
2017-08-04,GBP,NOK,middle,10.3697
2017-08-04,HKD,NOK,middle,1.009
2017-08-04,HRK,NOK,middle,1.2639
2017-08-04,HUF,NOK,middle,0.030759
2017-08-04,IDR,NOK,middle,0.00059284
2017-08-04,ILS,NOK,middle,2.1803
2017-08-04,INR,NOK,middle,0.12399
2017-08-04,JPY,NOK,middle,0.071645
2017-08-04,KRW,NOK,middle,0.007017
2017-08-04,MMK,NOK,middle,0.005779
2017-08-04,MXN,NOK,middle,0.443
2017-08-04,MYR,NOK,middle,1.8437
2017-08-04,NZD,NOK,middle,5.8776
2017-08-04,PHP,NOK,middle,0.15711
2017-08-04,PKR,NOK,middle,0.07489
2017-08-04,PLN,NOK,middle,2.2075
2017-08-04,RON,NOK,middle,2.0515
2017-08-04,RUB,NOK,middle,0.13099
2017-08-04,SEK,NOK,middle,0.9746
2017-08-04,SGD,NOK,middle,5.8159
2017-08-04,THB,NOK,middle,0.23728
2017-08-04,TRY,NOK,middle,2.2342
2017-08-04,TWD,NOK,middle,0.26205
2017-08-04,TWI,NOK,middle,111.64
2017-08-04,USD,NOK,middle,7.8883
2017-08-04,XDR,NOK,middle,11.18349
2017-08-04,ZAR,NOK,middle,0.5915
2017-08-07,AUD,NOK,middle,6.2915
2017-08-07,BDT,NOK,middle,0.0986
2017-08-07,BGN,NOK,middle,4.796
2017-08-07,BRL,NOK,middle,2.5435
2017-08-07,BYN,NOK,middle,4.0702
2017-08-07,CAD,NOK,middle,6.2705
2017-08-07,CHF,NOK,middle,8.1707
2017-08-07,CNY,NOK,middle,1.1831
2017-08-07,CZK,NOK,middle,0.35917
2017-08-07,DKK,NOK,middle,1.261
2017-08-07,EUR,NOK,middle,9.38
2017-08-07,GBP,NOK,middle,10.3721
2017-08-07,HKD,NOK,middle,1.0164
2017-08-07,HRK,NOK,middle,1.267
2017-08-07,HUF,NOK,middle,0.030876
2017-08-07,IDR,NOK,middle,0.00059689
2017-08-07,ILS,NOK,middle,2.1953
2017-08-07,INR,NOK,middle,0.12457
2017-08-07,JPY,NOK,middle,0.071724
2017-08-07,KRW,NOK,middle,0.007039
2017-08-07,MMK,NOK,middle,0.005836
2017-08-07,MXN,NOK,middle,0.4434
2017-08-07,MYR,NOK,middle,1.8562
2017-08-07,NZD,NOK,middle,5.8504
2017-08-07,PHP,NOK,middle,0.15758
2017-08-07,PKR,NOK,middle,0.07547
2017-08-07,PLN,NOK,middle,2.2061
2017-08-07,RON,NOK,middle,2.0552
2017-08-07,RUB,NOK,middle,0.13239
2017-08-07,SEK,NOK,middle,0.9753
2017-08-07,SGD,NOK,middle,5.8322
2017-08-07,THB,NOK,middle,0.23866
2017-08-07,TRY,NOK,middle,2.2515
2017-08-07,TWD,NOK,middle,0.263
2017-08-07,TWI,NOK,middle,111.92
2017-08-07,USD,NOK,middle,7.9512
2017-08-07,XDR,NOK,middle,11.23473
2017-08-07,ZAR,NOK,middle,0.5949
2017-08-08,AUD,NOK,middle,6.2643
2017-08-08,BDT,NOK,middle,0.0974
2017-08-08,BGN,NOK,middle,4.7666
2017-08-08,BRL,NOK,middle,2.5252
2017-08-08,BYN,NOK,middle,4.0394
2017-08-08,CAD,NOK,middle,6.232
2017-08-08,CHF,NOK,middle,8.1221
2017-08-08,CNY,NOK,middle,1.1776
2017-08-08,CZK,NOK,middle,0.3565
2017-08-08,DKK,NOK,middle,1.2533
2017-08-08,EUR,NOK,middle,9.3225
2017-08-08,GBP,NOK,middle,10.2809
2017-08-08,HKD,NOK,middle,1.0087
2017-08-08,HRK,NOK,middle,1.2597
2017-08-08,HUF,NOK,middle,0.030617
2017-08-08,IDR,NOK,middle,0.00059273
2017-08-08,ILS,NOK,middle,2.1901
2017-08-08,INR,NOK,middle,0.12399
2017-08-08,JPY,NOK,middle,0.071541
2017-08-08,KRW,NOK,middle,0.00701
2017-08-08,MMK,NOK,middle,0.005779
2017-08-08,MXN,NOK,middle,0.4407
2017-08-08,MYR,NOK,middle,1.8413
2017-08-08,NZD,NOK,middle,5.8135
2017-08-08,PHP,NOK,middle,0.15633
2017-08-08,PKR,NOK,middle,0.07492
2017-08-08,PLN,NOK,middle,2.1907
2017-08-08,RON,NOK,middle,2.0427
2017-08-08,RUB,NOK,middle,0.1315
2017-08-08,SEK,NOK,middle,0.9713
2017-08-08,SGD,NOK,middle,5.8005
2017-08-08,THB,NOK,middle,0.23736
2017-08-08,TRY,NOK,middle,2.2364
2017-08-08,TWD,NOK,middle,0.26158
2017-08-08,TWI,NOK,middle,111.23
2017-08-08,USD,NOK,middle,7.8911
2017-08-08,XDR,NOK,middle,11.15839
2017-08-08,ZAR,NOK,middle,0.5994
2017-08-09,AUD,NOK,middle,6.2772
2017-08-09,BDT,NOK,middle,0.0984
2017-08-09,BGN,NOK,middle,4.7754
2017-08-09,BRL,NOK,middle,2.5385
2017-08-09,BYN,NOK,middle,4.0735
2017-08-09,CAD,NOK,middle,6.2789
2017-08-09,CHF,NOK,middle,8.2704
2017-08-09,CNY,NOK,middle,1.1926
2017-08-09,CZK,NOK,middle,0.35703
2017-08-09,DKK,NOK,middle,1.2555
2017-08-09,EUR,NOK,middle,9.3398
2017-08-09,GBP,NOK,middle,10.3387
2017-08-09,HKD,NOK,middle,1.0186
2017-08-09,HRK,NOK,middle,1.2617
2017-08-09,HUF,NOK,middle,0.030663
2017-08-09,IDR,NOK,middle,0.00059716
2017-08-09,ILS,NOK,middle,2.2129
2017-08-09,INR,NOK,middle,0.12467
2017-08-09,JPY,NOK,middle,0.072548
2017-08-09,KRW,NOK,middle,0.006992
2017-08-09,MMK,NOK,middle,0.005826
2017-08-09,MXN,NOK,middle,0.4434
2017-08-09,MYR,NOK,middle,1.8563
2017-08-09,NZD,NOK,middle,5.8334
2017-08-09,PHP,NOK,middle,0.15714
2017-08-09,PKR,NOK,middle,0.07556
2017-08-09,PLN,NOK,middle,2.1888
2017-08-09,RON,NOK,middle,2.0441
2017-08-09,RUB,NOK,middle,0.13268
2017-08-09,SEK,NOK,middle,0.9708
2017-08-09,SGD,NOK,middle,5.8418
2017-08-09,THB,NOK,middle,0.23945
2017-08-09,TRY,NOK,middle,2.2496
2017-08-09,TWD,NOK,middle,0.26349
2017-08-09,TWI,NOK,middle,111.65
2017-08-09,USD,NOK,middle,7.9616
2017-08-09,XDR,NOK,middle,11.23199
2017-08-09,ZAR,NOK,middle,0.5906
2017-08-10,AUD,NOK,middle,6.2705
2017-08-10,BDT,NOK,middle,0.0984
2017-08-10,BGN,NOK,middle,4.7732
2017-08-10,BRL,NOK,middle,2.5215
2017-08-10,BYN,NOK,middle,4.0765
2017-08-10,CAD,NOK,middle,6.2558
2017-08-10,CHF,NOK,middle,8.2316
2017-08-10,CNY,NOK,middle,1.1958
2017-08-10,CZK,NOK,middle,0.3569
2017-08-10,DKK,NOK,middle,1.2551
2017-08-10,EUR,NOK,middle,9.3355
2017-08-10,GBP,NOK,middle,10.338
2017-08-10,HKD,NOK,middle,1.0183
2017-08-10,HRK,NOK,middle,1.2614
2017-08-10,HUF,NOK,middle,0.030571
2017-08-10,IDR,NOK,middle,0.00059574
2017-08-10,ILS,NOK,middle,2.2131
2017-08-10,INR,NOK,middle,0.12413
2017-08-10,JPY,NOK,middle,0.072503
2017-08-10,KRW,NOK,middle,0.006961
2017-08-10,MMK,NOK,middle,0.005834
2017-08-10,MXN,NOK,middle,0.4434
2017-08-10,MYR,NOK,middle,1.8542
2017-08-10,NZD,NOK,middle,5.7834
2017-08-10,PHP,NOK,middle,0.15672
2017-08-10,PKR,NOK,middle,0.07552
2017-08-10,PLN,NOK,middle,2.1854
2017-08-10,RON,NOK,middle,2.0409
2017-08-10,RUB,NOK,middle,0.13282
2017-08-10,SEK,NOK,middle,0.9757
2017-08-10,SGD,NOK,middle,5.8347
2017-08-10,THB,NOK,middle,0.23924
2017-08-10,TRY,NOK,middle,2.2516
2017-08-10,TWD,NOK,middle,0.2624
2017-08-10,TWI,NOK,middle,111.67
2017-08-10,USD,NOK,middle,7.9573
2017-08-10,XDR,NOK,middle,11.22534
2017-08-10,ZAR,NOK,middle,0.5956
2017-08-11,AUD,NOK,middle,6.2809
2017-08-11,BDT,NOK,middle,0.0988
2017-08-11,BGN,NOK,middle,4.8049
2017-08-11,BRL,NOK,middle,2.5142
2017-08-11,BYN,NOK,middle,4.0983
2017-08-11,CAD,NOK,middle,6.2834
2017-08-11,CHF,NOK,middle,8.3017
2017-08-11,CNY,NOK,middle,1.1984
2017-08-11,CZK,NOK,middle,0.3593
2017-08-11,DKK,NOK,middle,1.2636
2017-08-11,EUR,NOK,middle,9.3975
2017-08-11,GBP,NOK,middle,10.3674
2017-08-11,HKD,NOK,middle,1.0216
2017-08-11,HRK,NOK,middle,1.2702
2017-08-11,HUF,NOK,middle,0.03077
2017-08-11,IDR,NOK,middle,0.00059769
2017-08-11,ILS,NOK,middle,2.2284
2017-08-11,INR,NOK,middle,0.12448
2017-08-11,JPY,NOK,middle,0.073184
2017-08-11,KRW,NOK,middle,0.006979
2017-08-11,MMK,NOK,middle,0.00586
2017-08-11,MXN,NOK,middle,0.4439
2017-08-11,MYR,NOK,middle,1.8597
2017-08-11,NZD,NOK,middle,5.8192
2017-08-11,PHP,NOK,middle,0.15654
2017-08-11,PKR,NOK,middle,0.07592
2017-08-11,PLN,NOK,middle,2.1912
2017-08-11,RON,NOK,middle,2.0528
2017-08-11,RUB,NOK,middle,0.13306
2017-08-11,SEK,NOK,middle,0.9781
2017-08-11,SGD,NOK,middle,5.8544
2017-08-11,THB,NOK,middle,0.2403
2017-08-11,TRY,NOK,middle,2.2501
2017-08-11,TWD,NOK,middle,0.26308
2017-08-11,TWI,NOK,middle,112.2
2017-08-11,USD,NOK,middle,7.9877
2017-08-11,XDR,NOK,middle,11.28334
2017-08-11,ZAR,NOK,middle,0.592
2017-08-14,AUD,NOK,middle,6.2377
2017-08-14,BDT,NOK,middle,0.0981
2017-08-14,BGN,NOK,middle,4.7795
2017-08-14,BRL,NOK,middle,2.4916
2017-08-14,BYN,NOK,middle,4.0729
2017-08-14,CAD,NOK,middle,6.2423
2017-08-14,CHF,NOK,middle,8.184
2017-08-14,CNY,NOK,middle,1.1876
2017-08-14,CZK,NOK,middle,0.35791
2017-08-14,DKK,NOK,middle,1.257
2017-08-14,EUR,NOK,middle,9.3478
2017-08-14,GBP,NOK,middle,10.2797
2017-08-14,HKD,NOK,middle,1.0131
2017-08-14,HRK,NOK,middle,1.2642
2017-08-14,HUF,NOK,middle,0.030709
2017-08-14,IDR,NOK,middle,0.00059333
2017-08-14,ILS,NOK,middle,2.2112
2017-08-14,INR,NOK,middle,0.12358
2017-08-14,JPY,NOK,middle,0.072307
2017-08-14,KRW,NOK,middle,0.006953
2017-08-14,MMK,NOK,middle,0.005811
2017-08-14,MXN,NOK,middle,0.4462
2017-08-14,MYR,NOK,middle,1.8456
2017-08-14,NZD,NOK,middle,5.782
2017-08-14,PHP,NOK,middle,0.15487
2017-08-14,PKR,NOK,middle,0.07532
2017-08-14,PLN,NOK,middle,2.1832
2017-08-14,RON,NOK,middle,2.0448
2017-08-14,RUB,NOK,middle,0.13279
2017-08-14,SEK,NOK,middle,0.9771
2017-08-14,SGD,NOK,middle,5.8195
2017-08-14,THB,NOK,middle,0.23824
2017-08-14,TRY,NOK,middle,2.2488
2017-08-14,TWD,NOK,middle,0.26157
2017-08-14,TWI,NOK,middle,111.57
2017-08-14,USD,NOK,middle,7.9239
2017-08-14,XDR,NOK,middle,11.19956
2017-08-14,ZAR,NOK,middle,0.5971
2017-08-15,AUD,NOK,middle,6.2442
2017-08-15,BDT,NOK,middle,0.0986
2017-08-15,BGN,NOK,middle,4.7826
2017-08-15,BRL,NOK,middle,2.4917
2017-08-15,BYN,NOK,middle,4.0876
2017-08-15,CAD,NOK,middle,6.2525
2017-08-15,CHF,NOK,middle,8.1929
2017-08-15,CNY,NOK,middle,1.1917
2017-08-15,CZK,NOK,middle,0.35781
2017-08-15,DKK,NOK,middle,1.2577
2017-08-15,EUR,NOK,middle,9.3538
2017-08-15,GBP,NOK,middle,10.2625
2017-08-15,HKD,NOK,middle,1.0181
2017-08-15,HRK,NOK,middle,1.2652
2017-08-15,HUF,NOK,middle,0.030754
2017-08-15,IDR,NOK,middle,0.00059599
2017-08-15,ILS,NOK,middle,2.2189
2017-08-15,INR,NOK,middle,0.12422
2017-08-15,JPY,NOK,middle,0.072135
2017-08-15,KRW,NOK,middle,0.006999
2017-08-15,MMK,NOK,middle,0.005841
2017-08-15,MXN,NOK,middle,0.4466
2017-08-15,MYR,NOK,middle,1.854
2017-08-15,NZD,NOK,middle,5.8022
2017-08-15,PHP,NOK,middle,0.15497
2017-08-15,PKR,NOK,middle,0.07558
2017-08-15,PLN,NOK,middle,2.1859
2017-08-15,RON,NOK,middle,2.0457
2017-08-15,RUB,NOK,middle,0.13279
2017-08-15,SEK,NOK,middle,0.9863
2017-08-15,SGD,NOK,middle,5.8308
2017-08-15,THB,NOK,middle,0.23929
2017-08-15,TRY,NOK,middle,2.2563
2017-08-15,TWD,NOK,middle,0.26272
2017-08-15,TWI,NOK,middle,111.8
2017-08-15,USD,NOK,middle,7.9647
2017-08-15,XDR,NOK,middle,11.22521
2017-08-15,ZAR,NOK,middle,0.5977
2017-08-16,AUD,NOK,middle,6.2481
2017-08-16,BDT,NOK,middle,0.0983
2017-08-16,BGN,NOK,middle,4.761
2017-08-16,BRL,NOK,middle,2.5079
2017-08-16,BYN,NOK,middle,4.0946
2017-08-16,CAD,NOK,middle,6.246
2017-08-16,CHF,NOK,middle,8.1637
2017-08-16,CNY,NOK,middle,1.1878
2017-08-16,CZK,NOK,middle,0.35753
2017-08-16,DKK,NOK,middle,1.2521
2017-08-16,EUR,NOK,middle,9.3115
2017-08-16,GBP,NOK,middle,10.2332
2017-08-16,HKD,NOK,middle,1.0166
2017-08-16,HRK,NOK,middle,1.2594
2017-08-16,HUF,NOK,middle,0.030625
2017-08-16,IDR,NOK,middle,0.00059475
2017-08-16,ILS,NOK,middle,2.192
2017-08-16,INR,NOK,middle,0.12388
2017-08-16,JPY,NOK,middle,0.071743
2017-08-16,KRW,NOK,middle,0.006975
2017-08-16,MMK,NOK,middle,0.00583
2017-08-16,MXN,NOK,middle,0.4473
2017-08-16,MYR,NOK,middle,1.8499
2017-08-16,NZD,NOK,middle,5.7653
2017-08-16,PHP,NOK,middle,0.15481
2017-08-16,PKR,NOK,middle,0.07546
2017-08-16,PLN,NOK,middle,2.1782
2017-08-16,RON,NOK,middle,2.0321
2017-08-16,RUB,NOK,middle,0.1337
2017-08-16,SEK,NOK,middle,0.982
2017-08-16,SGD,NOK,middle,5.8117
2017-08-16,THB,NOK,middle,0.23893
2017-08-16,TRY,NOK,middle,2.2536
2017-08-16,TWD,NOK,middle,0.26204
2017-08-16,TWI,NOK,middle,111.42
2017-08-16,USD,NOK,middle,7.9518
2017-08-16,XDR,NOK,middle,11.19123
2017-08-16,ZAR,NOK,middle,0.6008
2017-08-17,AUD,NOK,middle,6.319
2017-08-17,BDT,NOK,middle,0.0982
2017-08-17,BGN,NOK,middle,4.7675
2017-08-17,BRL,NOK,middle,2.521
2017-08-17,BYN,NOK,middle,4.109
2017-08-17,CAD,NOK,middle,6.3143
2017-08-17,CHF,NOK,middle,8.2436
2017-08-17,CNY,NOK,middle,1.1937
2017-08-17,CZK,NOK,middle,0.35846
2017-08-17,DKK,NOK,middle,1.254
2017-08-17,EUR,NOK,middle,9.3243
2017-08-17,GBP,NOK,middle,10.2583
2017-08-17,HKD,NOK,middle,1.0189
2017-08-17,HRK,NOK,middle,1.2593
2017-08-17,HUF,NOK,middle,0.030667
2017-08-17,IDR,NOK,middle,0.00059694
2017-08-17,ILS,NOK,middle,2.1978
2017-08-17,INR,NOK,middle,0.12423
2017-08-17,JPY,NOK,middle,0.072388
2017-08-17,KRW,NOK,middle,0.007
2017-08-17,MMK,NOK,middle,0.005836
2017-08-17,MXN,NOK,middle,0.45
2017-08-17,MYR,NOK,middle,1.8558
2017-08-17,NZD,NOK,middle,5.823
2017-08-17,PHP,NOK,middle,0.15528
2017-08-17,PKR,NOK,middle,0.07565
2017-08-17,PLN,NOK,middle,2.1901
2017-08-17,RON,NOK,middle,2.0337
2017-08-17,RUB,NOK,middle,0.13421
2017-08-17,SEK,NOK,middle,0.9806
2017-08-17,SGD,NOK,middle,5.8357
2017-08-17,THB,NOK,middle,0.23974
2017-08-17,TRY,NOK,middle,2.2633
2017-08-17,TWD,NOK,middle,0.26289
2017-08-17,TWI,NOK,middle,111.67
2017-08-17,USD,NOK,middle,7.9715
2017-08-17,XDR,NOK,middle,11.21996
2017-08-17,ZAR,NOK,middle,0.6038
2017-08-18,AUD,NOK,middle,6.2834
2017-08-18,BDT,NOK,middle,0.0978
2017-08-18,BGN,NOK,middle,4.7644
2017-08-18,BRL,NOK,middle,2.5059
2017-08-18,BYN,NOK,middle,4.0945
2017-08-18,CAD,NOK,middle,6.2711
2017-08-18,CHF,NOK,middle,8.2558
2017-08-18,CNY,NOK,middle,1.1896
2017-08-18,CZK,NOK,middle,0.35691
2017-08-18,DKK,NOK,middle,1.2531
2017-08-18,EUR,NOK,middle,9.3183
2017-08-18,GBP,NOK,middle,10.2188
2017-08-18,HKD,NOK,middle,1.0147
2017-08-18,HRK,NOK,middle,1.2589
2017-08-18,HUF,NOK,middle,0.030697
2017-08-18,IDR,NOK,middle,0.00059393
2017-08-18,ILS,NOK,middle,2.1907
2017-08-18,INR,NOK,middle,0.12374
2017-08-18,JPY,NOK,middle,0.072788
2017-08-18,KRW,NOK,middle,0.006954
2017-08-18,MMK,NOK,middle,0.005813
2017-08-18,MXN,NOK,middle,0.4438
2017-08-18,MYR,NOK,middle,1.8484
2017-08-18,NZD,NOK,middle,5.8112
2017-08-18,PHP,NOK,middle,0.15394
2017-08-18,PKR,NOK,middle,0.07535
2017-08-18,PLN,NOK,middle,2.1768
2017-08-18,RON,NOK,middle,2.0301
2017-08-18,RUB,NOK,middle,0.13363
2017-08-18,SEK,NOK,middle,0.9771
2017-08-18,SGD,NOK,middle,5.8188
2017-08-18,THB,NOK,middle,0.239
2017-08-18,TRY,NOK,middle,2.2521
2017-08-18,TWD,NOK,middle,0.26157
2017-08-18,TWI,NOK,middle,111.4
2017-08-18,USD,NOK,middle,7.9372
2017-08-18,XDR,NOK,middle,11.19528
2017-08-18,ZAR,NOK,middle,0.6002
2017-08-21,AUD,NOK,middle,6.2641
2017-08-21,BDT,NOK,middle,0.0972
2017-08-21,BGN,NOK,middle,4.7501
2017-08-21,BRL,NOK,middle,2.508
2017-08-21,BYN,NOK,middle,4.0855
2017-08-21,CAD,NOK,middle,6.2709
2017-08-21,CHF,NOK,middle,8.1766
2017-08-21,CNY,NOK,middle,1.1841
2017-08-21,CZK,NOK,middle,0.35614
2017-08-21,DKK,NOK,middle,1.2491
2017-08-21,EUR,NOK,middle,9.2903
2017-08-21,GBP,NOK,middle,10.1736
2017-08-21,HKD,NOK,middle,1.0097
2017-08-21,HRK,NOK,middle,1.2545
2017-08-21,HUF,NOK,middle,0.030618
2017-08-21,IDR,NOK,middle,0.00059162
2017-08-21,ILS,NOK,middle,2.1809
2017-08-21,INR,NOK,middle,0.12315
2017-08-21,JPY,NOK,middle,0.072484
2017-08-21,KRW,NOK,middle,0.006935
2017-08-21,MMK,NOK,middle,0.00581
2017-08-21,MXN,NOK,middle,0.446
2017-08-21,MYR,NOK,middle,1.8415
2017-08-21,NZD,NOK,middle,5.7804
2017-08-21,PHP,NOK,middle,0.15362
2017-08-21,PKR,NOK,middle,0.07496
2017-08-21,PLN,NOK,middle,2.1738
2017-08-21,RON,NOK,middle,2.0263
2017-08-21,RUB,NOK,middle,0.13367
2017-08-21,SEK,NOK,middle,0.9761
2017-08-21,SGD,NOK,middle,5.7977
2017-08-21,THB,NOK,middle,0.23754
2017-08-21,TRY,NOK,middle,2.2526
2017-08-21,TWD,NOK,middle,0.26036
2017-08-21,TWI,NOK,middle,111.07
2017-08-21,USD,NOK,middle,7.8992
2017-08-21,XDR,NOK,middle,11.15015
2017-08-21,ZAR,NOK,middle,0.5982
2017-08-22,AUD,NOK,middle,6.2486
2017-08-22,BDT,NOK,middle,0.0971
2017-08-22,BGN,NOK,middle,4.7563
2017-08-22,BRL,NOK,middle,2.5072
2017-08-22,BYN,NOK,middle,4.0979
2017-08-22,CAD,NOK,middle,6.2828
2017-08-22,CHF,NOK,middle,8.1858
2017-08-22,CNY,NOK,middle,1.1861
2017-08-22,CZK,NOK,middle,0.35664
2017-08-22,DKK,NOK,middle,1.2507
2017-08-22,EUR,NOK,middle,9.3023
2017-08-22,GBP,NOK,middle,10.1428
2017-08-22,HKD,NOK,middle,1.0097
2017-08-22,HRK,NOK,middle,1.2563
2017-08-22,HUF,NOK,middle,0.03063
2017-08-22,IDR,NOK,middle,0.00059228
2017-08-22,ILS,NOK,middle,2.1839
2017-08-22,INR,NOK,middle,0.12329
2017-08-22,JPY,NOK,middle,0.072262
2017-08-22,KRW,NOK,middle,0.006967
2017-08-22,MMK,NOK,middle,0.005813
2017-08-22,MXN,NOK,middle,0.4474
2017-08-22,MYR,NOK,middle,1.846
2017-08-22,NZD,NOK,middle,5.7546
2017-08-22,PHP,NOK,middle,0.15419
2017-08-22,PKR,NOK,middle,0.075
2017-08-22,PLN,NOK,middle,2.1725
2017-08-22,RON,NOK,middle,2.0281
2017-08-22,RUB,NOK,middle,0.13388
2017-08-22,SEK,NOK,middle,0.9752
2017-08-22,SGD,NOK,middle,5.8023
2017-08-22,THB,NOK,middle,0.23775
2017-08-22,TRY,NOK,middle,2.2595
2017-08-22,TWD,NOK,middle,0.2609
2017-08-22,TWI,NOK,middle,111.12
2017-08-22,USD,NOK,middle,7.9027
2017-08-22,XDR,NOK,middle,11.15065
2017-08-22,ZAR,NOK,middle,0.5986
2017-08-23,AUD,NOK,middle,6.2353
2017-08-23,BDT,NOK,middle,0.0972
2017-08-23,BGN,NOK,middle,4.7617
2017-08-23,BRL,NOK,middle,2.4958
2017-08-23,BYN,NOK,middle,4.0865
2017-08-23,CAD,NOK,middle,6.2722
2017-08-23,CHF,NOK,middle,8.175
2017-08-23,CNY,NOK,middle,1.1851
2017-08-23,CZK,NOK,middle,0.35649
2017-08-23,DKK,NOK,middle,1.2522
2017-08-23,EUR,NOK,middle,9.313
2017-08-23,GBP,NOK,middle,10.1082
2017-08-23,HKD,NOK,middle,1.0085
2017-08-23,HRK,NOK,middle,1.2574
2017-08-23,HUF,NOK,middle,0.030701
2017-08-23,IDR,NOK,middle,0.00059124
2017-08-23,ILS,NOK,middle,2.1813
2017-08-23,INR,NOK,middle,0.12318
2017-08-23,JPY,NOK,middle,0.072356
2017-08-23,KRW,NOK,middle,0.006975
2017-08-23,MMK,NOK,middle,0.005791
2017-08-23,MXN,NOK,middle,0.4433
2017-08-23,MYR,NOK,middle,1.8446
2017-08-23,NZD,NOK,middle,5.7016
2017-08-23,PHP,NOK,middle,0.15407
2017-08-23,PKR,NOK,middle,0.07493
2017-08-23,PLN,NOK,middle,2.1735
2017-08-23,RON,NOK,middle,2.0311
2017-08-23,RUB,NOK,middle,0.13344
2017-08-23,SEK,NOK,middle,0.9756
2017-08-23,SGD,NOK,middle,5.7949
2017-08-23,THB,NOK,middle,0.2366
2017-08-23,TRY,NOK,middle,2.2529
2017-08-23,TWD,NOK,middle,0.26059
2017-08-23,TWI,NOK,middle,111.11
2017-08-23,USD,NOK,middle,7.893
2017-08-23,XDR,NOK,middle,11.14622
2017-08-23,ZAR,NOK,middle,0.595
2017-08-24,AUD,NOK,middle,6.1926
2017-08-24,BDT,NOK,middle,0.0965
2017-08-24,BGN,NOK,middle,4.7339
2017-08-24,BRL,NOK,middle,2.4947
2017-08-24,BYN,NOK,middle,4.0591
2017-08-24,CAD,NOK,middle,6.2625
2017-08-24,CHF,NOK,middle,8.1393
2017-08-24,CNY,NOK,middle,1.1772
2017-08-24,CZK,NOK,middle,0.35476
2017-08-24,DKK,NOK,middle,1.2448
2017-08-24,EUR,NOK,middle,9.2585
2017-08-24,GBP,NOK,middle,10.0636
2017-08-24,HKD,NOK,middle,1.0022
2017-08-24,HRK,NOK,middle,1.2488
2017-08-24,HUF,NOK,middle,0.030439
2017-08-24,IDR,NOK,middle,0.00058787
2017-08-24,ILS,NOK,middle,2.1788
2017-08-24,INR,NOK,middle,0.12247
2017-08-24,JPY,NOK,middle,0.071738
2017-08-24,KRW,NOK,middle,0.006954
2017-08-24,MMK,NOK,middle,0.005794
2017-08-24,MXN,NOK,middle,0.4441
2017-08-24,MYR,NOK,middle,1.8325
2017-08-24,NZD,NOK,middle,5.6613
2017-08-24,PHP,NOK,middle,0.15353
2017-08-24,PKR,NOK,middle,0.07442
2017-08-24,PLN,NOK,middle,2.1655
2017-08-24,RON,NOK,middle,2.0202
2017-08-24,RUB,NOK,middle,0.13264
2017-08-24,SEK,NOK,middle,0.9734
2017-08-24,SGD,NOK,middle,5.7614
2017-08-24,THB,NOK,middle,0.23522
2017-08-24,TRY,NOK,middle,2.2537
2017-08-24,TWD,NOK,middle,0.25923
2017-08-24,TWI,NOK,middle,110.55
2017-08-24,USD,NOK,middle,7.8422
2017-08-24,XDR,NOK,middle,11.07684
2017-08-24,ZAR,NOK,middle,0.5937
2017-08-25,AUD,NOK,middle,6.1853
2017-08-25,BDT,NOK,middle,0.0962
2017-08-25,BGN,NOK,middle,4.7182
2017-08-25,BRL,NOK,middle,2.491
2017-08-25,BYN,NOK,middle,4.0439
2017-08-25,CAD,NOK,middle,6.2481
2017-08-25,CHF,NOK,middle,8.1017
2017-08-25,CNY,NOK,middle,1.1741
2017-08-25,CZK,NOK,middle,0.35377
2017-08-25,DKK,NOK,middle,1.2404
2017-08-25,EUR,NOK,middle,9.2278
2017-08-25,GBP,NOK,middle,10.0212
2017-08-25,HKD,NOK,middle,0.999
2017-08-25,HRK,NOK,middle,1.2446
2017-08-25,HUF,NOK,middle,0.030287
2017-08-25,IDR,NOK,middle,0.00058558
2017-08-25,ILS,NOK,middle,2.1737
2017-08-25,INR,NOK,middle,0.12206
2017-08-25,JPY,NOK,middle,0.071208
2017-08-25,KRW,NOK,middle,0.006954
2017-08-25,MMK,NOK,middle,0.005734
2017-08-25,MXN,NOK,middle,0.4427
2017-08-25,MYR,NOK,middle,1.8289
2017-08-25,NZD,NOK,middle,5.6394
2017-08-25,PHP,NOK,middle,0.15296
2017-08-25,PKR,NOK,middle,0.07416
2017-08-25,PLN,NOK,middle,2.1663
2017-08-25,RON,NOK,middle,2.0068
2017-08-25,RUB,NOK,middle,0.13214
2017-08-25,SEK,NOK,middle,0.9708
2017-08-25,SGD,NOK,middle,5.7476
2017-08-25,THB,NOK,middle,0.23461
2017-08-25,TRY,NOK,middle,2.2463
2017-08-25,TWD,NOK,middle,0.25924
2017-08-25,TWI,NOK,middle,110.2
2017-08-25,USD,NOK,middle,7.8149
2017-08-25,XDR,NOK,middle,11.03515
2017-08-25,ZAR,NOK,middle,0.5935
2017-08-28,AUD,NOK,middle,6.1714
2017-08-28,BDT,NOK,middle,0.0955
2017-08-28,BGN,NOK,middle,4.7357
2017-08-28,BRL,NOK,middle,2.4654
2017-08-28,BYN,NOK,middle,4.0347
2017-08-28,CAD,NOK,middle,6.2303
2017-08-28,CHF,NOK,middle,8.1324
2017-08-28,CNY,NOK,middle,1.1727
2017-08-28,CZK,NOK,middle,0.35484
2017-08-28,DKK,NOK,middle,1.245
2017-08-28,EUR,NOK,middle,9.262
2017-08-28,GBP,NOK,middle,10.0316
2017-08-28,HKD,NOK,middle,0.9928
2017-08-28,HRK,NOK,middle,1.2492
2017-08-28,HUF,NOK,middle,0.030466
2017-08-28,IDR,NOK,middle,0.0005824
2017-08-28,ILS,NOK,middle,2.1681
2017-08-28,INR,NOK,middle,0.12154
2017-08-28,JPY,NOK,middle,0.07106
2017-08-28,KRW,NOK,middle,0.006935
2017-08-28,MMK,NOK,middle,0.005703
2017-08-28,MXN,NOK,middle,0.4398
2017-08-28,MYR,NOK,middle,1.82
2017-08-28,NZD,NOK,middle,5.6277
2017-08-28,PHP,NOK,middle,0.15223
2017-08-28,PKR,NOK,middle,0.07371
2017-08-28,PLN,NOK,middle,2.1751
2017-08-28,RON,NOK,middle,2.0145
2017-08-28,RUB,NOK,middle,0.13296
2017-08-28,SEK,NOK,middle,0.9734
2017-08-28,SGD,NOK,middle,5.7329
2017-08-28,THB,NOK,middle,0.23394
2017-08-28,TRY,NOK,middle,2.2556
2017-08-28,TWD,NOK,middle,0.25811
2017-08-28,TWI,NOK,middle,110.4
2017-08-28,USD,NOK,middle,7.7669
2017-08-28,XDR,NOK,middle,11.01735
2017-08-28,ZAR,NOK,middle,0.5954
2017-08-29,AUD,NOK,middle,6.1488
2017-08-29,BDT,NOK,middle,0.0949
2017-08-29,BGN,NOK,middle,4.7507
2017-08-29,BRL,NOK,middle,2.4383
2017-08-29,BYN,NOK,middle,4.0037
2017-08-29,CAD,NOK,middle,6.1791
2017-08-29,CHF,NOK,middle,8.1605
2017-08-29,CNY,NOK,middle,1.1692
2017-08-29,CZK,NOK,middle,0.35542
2017-08-29,DKK,NOK,middle,1.249
2017-08-29,EUR,NOK,middle,9.2915
2017-08-29,GBP,NOK,middle,9.9946
2017-08-29,HKD,NOK,middle,0.9856
2017-08-29,HRK,NOK,middle,1.253
2017-08-29,HUF,NOK,middle,0.030432
2017-08-29,IDR,NOK,middle,0.00057764
2017-08-29,ILS,NOK,middle,2.1541
2017-08-29,INR,NOK,middle,0.12046
2017-08-29,JPY,NOK,middle,0.071003
2017-08-29,KRW,NOK,middle,0.006863
2017-08-29,MMK,NOK,middle,0.005711
2017-08-29,MXN,NOK,middle,0.4318
2017-08-29,MYR,NOK,middle,1.8074
2017-08-29,NZD,NOK,middle,5.6193
2017-08-29,PHP,NOK,middle,0.15112
2017-08-29,PKR,NOK,middle,0.07333
2017-08-29,PLN,NOK,middle,2.1772
2017-08-29,RON,NOK,middle,2.0213
2017-08-29,RUB,NOK,middle,0.13124
2017-08-29,SEK,NOK,middle,0.9743
2017-08-29,SGD,NOK,middle,5.7063
2017-08-29,THB,NOK,middle,0.2325
2017-08-29,TRY,NOK,middle,2.2405
2017-08-29,TWD,NOK,middle,0.25622
2017-08-29,TWI,NOK,middle,110.36
2017-08-29,USD,NOK,middle,7.7121
2017-08-29,XDR,NOK,middle,10.989
2017-08-29,ZAR,NOK,middle,0.5944
2017-08-30,AUD,NOK,middle,6.1831
2017-08-30,BDT,NOK,middle,0.0958
2017-08-30,BGN,NOK,middle,4.7472
2017-08-30,BRL,NOK,middle,2.4583
2017-08-30,BYN,NOK,middle,4.0277
2017-08-30,CAD,NOK,middle,6.2058
2017-08-30,CHF,NOK,middle,8.1286
2017-08-30,CNY,NOK,middle,1.1819
2017-08-30,CZK,NOK,middle,0.35648
2017-08-30,DKK,NOK,middle,1.2481
2017-08-30,EUR,NOK,middle,9.2845
2017-08-30,GBP,NOK,middle,10.0649
2017-08-30,HKD,NOK,middle,0.9956
2017-08-30,HRK,NOK,middle,1.2524
2017-08-30,HUF,NOK,middle,0.030373
2017-08-30,IDR,NOK,middle,0.0005838
2017-08-30,ILS,NOK,middle,2.1741
2017-08-30,INR,NOK,middle,0.1217
2017-08-30,JPY,NOK,middle,0.070739
2017-08-30,KRW,NOK,middle,0.006937
2017-08-30,MMK,NOK,middle,0.005719
2017-08-30,MXN,NOK,middle,0.4362
2017-08-30,MYR,NOK,middle,1.8245
2017-08-30,NZD,NOK,middle,5.6348
2017-08-30,PHP,NOK,middle,0.15211
2017-08-30,PKR,NOK,middle,0.07405
2017-08-30,PLN,NOK,middle,2.1796
2017-08-30,RON,NOK,middle,2.0221
2017-08-30,RUB,NOK,middle,0.13297
2017-08-30,SEK,NOK,middle,0.9763
2017-08-30,SGD,NOK,middle,5.7429
2017-08-30,THB,NOK,middle,0.23447
2017-08-30,TRY,NOK,middle,2.2516
2017-08-30,TWD,NOK,middle,0.25847
2017-08-30,TWI,NOK,middle,110.67
2017-08-30,USD,NOK,middle,7.7916
2017-08-30,XDR,NOK,middle,11.04298
2017-08-30,ZAR,NOK,middle,0.5968
2017-08-31,AUD,NOK,middle,6.1794
2017-08-31,BDT,NOK,middle,0.0972
2017-08-31,BGN,NOK,middle,4.7444
2017-08-31,BRL,NOK,middle,2.4804
2017-08-31,BYN,NOK,middle,4.0535
2017-08-31,CAD,NOK,middle,6.1984
2017-08-31,CHF,NOK,middle,8.1068
2017-08-31,CNY,NOK,middle,1.1887
2017-08-31,CZK,NOK,middle,0.3555
2017-08-31,DKK,NOK,middle,1.2474
2017-08-31,EUR,NOK,middle,9.279
2017-08-31,GBP,NOK,middle,10.0888
2017-08-31,HKD,NOK,middle,1.0029
2017-08-31,HRK,NOK,middle,1.2514
2017-08-31,HUF,NOK,middle,0.030261
2017-08-31,IDR,NOK,middle,0.00058795
2017-08-31,ILS,NOK,middle,2.1806
2017-08-31,INR,NOK,middle,0.12274
2017-08-31,JPY,NOK,middle,0.070935
2017-08-31,KRW,NOK,middle,0.00697
2017-08-31,MMK,NOK,middle,0.00577
2017-08-31,MXN,NOK,middle,0.4401
2017-08-31,MYR,NOK,middle,1.8372
2017-08-31,NZD,NOK,middle,5.5995
2017-08-31,PHP,NOK,middle,0.15315
2017-08-31,PKR,NOK,middle,0.07458
2017-08-31,PLN,NOK,middle,2.1791
2017-08-31,RON,NOK,middle,2.0205
2017-08-31,RUB,NOK,middle,0.13424
2017-08-31,SEK,NOK,middle,0.9786
2017-08-31,SGD,NOK,middle,5.7655
2017-08-31,THB,NOK,middle,0.23643
2017-08-31,TRY,NOK,middle,2.2597
2017-08-31,TWD,NOK,middle,0.26013
2017-08-31,TWI,NOK,middle,110.85
2017-08-31,USD,NOK,middle,7.8469
2017-08-31,XDR,NOK,middle,11.08215
2017-08-31,ZAR,NOK,middle,0.6003
2017-09-01,AUD,NOK,middle,6.1617
2017-09-01,BDT,NOK,middle,0.0961
2017-09-01,BGN,NOK,middle,4.7323
2017-09-01,BRL,NOK,middle,2.4732
2017-09-01,BYN,NOK,middle,4.04
2017-09-01,CAD,NOK,middle,6.2411
2017-09-01,CHF,NOK,middle,8.0898
2017-09-01,CNY,NOK,middle,1.1838
2017-09-01,CZK,NOK,middle,0.35493
2017-09-01,DKK,NOK,middle,1.2444
2017-09-01,EUR,NOK,middle,9.2555
2017-09-01,GBP,NOK,middle,10.0521
2017-09-01,HKD,NOK,middle,0.9923
2017-09-01,HRK,NOK,middle,1.2471
2017-09-01,HUF,NOK,middle,0.030337
2017-09-01,IDR,NOK,middle,0.00058301
2017-09-01,ILS,NOK,middle,2.1727
2017-09-01,INR,NOK,middle,0.12126
2017-09-01,JPY,NOK,middle,0.070497
2017-09-01,KRW,NOK,middle,0.006931
2017-09-01,MMK,NOK,middle,0.005703
2017-09-01,MXN,NOK,middle,0.4353
2017-09-01,MYR,NOK,middle,1.8182
2017-09-01,NZD,NOK,middle,5.5629
2017-09-01,PHP,NOK,middle,0.15198
2017-09-01,PKR,NOK,middle,0.07379
2017-09-01,PLN,NOK,middle,2.1826
2017-09-01,RON,NOK,middle,2.0137
2017-09-01,RUB,NOK,middle,0.13448
2017-09-01,SEK,NOK,middle,0.9765
2017-09-01,SGD,NOK,middle,5.7324
2017-09-01,THB,NOK,middle,0.23409
2017-09-01,TRY,NOK,middle,2.2585
2017-09-01,TWD,NOK,middle,0.25821
2017-09-01,TWI,NOK,middle,110.52
2017-09-01,USD,NOK,middle,7.7647
2017-09-01,XDR,NOK,middle,11.00896
2017-09-01,ZAR,NOK,middle,0.6003
2017-09-04,AUD,NOK,middle,6.2121
2017-09-04,BDT,NOK,middle,0.096
2017-09-04,BGN,NOK,middle,4.7517
2017-09-04,BRL,NOK,middle,2.4862
2017-09-04,BYN,NOK,middle,4.0515
2017-09-04,CAD,NOK,middle,6.2903
2017-09-04,CHF,NOK,middle,8.1527
2017-09-04,CNY,NOK,middle,1.1956
2017-09-04,CZK,NOK,middle,0.35658
2017-09-04,DKK,NOK,middle,1.2496
2017-09-04,EUR,NOK,middle,9.2933
2017-09-04,GBP,NOK,middle,10.1174
2017-09-04,HKD,NOK,middle,0.9977
2017-09-04,HRK,NOK,middle,1.2533
2017-09-04,HUF,NOK,middle,0.030368
2017-09-04,IDR,NOK,middle,0.00058561
2017-09-04,ILS,NOK,middle,2.1793
2017-09-04,INR,NOK,middle,0.1219
2017-09-04,JPY,NOK,middle,0.071158
2017-09-04,KRW,NOK,middle,0.006909
2017-09-04,MMK,NOK,middle,0.005782
2017-09-04,MXN,NOK,middle,0.4371
2017-09-04,MYR,NOK,middle,1.828
2017-09-04,NZD,NOK,middle,5.6024
2017-09-04,PHP,NOK,middle,0.15247
2017-09-04,PKR,NOK,middle,0.07427
2017-09-04,PLN,NOK,middle,2.1915
2017-09-04,RON,NOK,middle,2.022
2017-09-04,RUB,NOK,middle,0.1349
2017-09-04,SEK,NOK,middle,0.981
2017-09-04,SGD,NOK,middle,5.7544
2017-09-04,THB,NOK,middle,0.23548
2017-09-04,TRY,NOK,middle,2.2763
2017-09-04,TWD,NOK,middle,0.25972
2017-09-04,TWI,NOK,middle,111.07
2017-09-04,USD,NOK,middle,7.8062
2017-09-04,XDR,NOK,middle,11.06634
2017-09-04,ZAR,NOK,middle,0.6031
2017-09-05,AUD,NOK,middle,6.2265
2017-09-05,BDT,NOK,middle,0.0958
2017-09-05,BGN,NOK,middle,4.7442
2017-09-05,BRL,NOK,middle,2.503
2017-09-05,BYN,NOK,middle,4.0413
2017-09-05,CAD,NOK,middle,6.2984
2017-09-05,CHF,NOK,middle,8.1343
2017-09-05,CNY,NOK,middle,1.1917
2017-09-05,CZK,NOK,middle,0.35582
2017-09-05,DKK,NOK,middle,1.2475
2017-09-05,EUR,NOK,middle,9.2788
2017-09-05,GBP,NOK,middle,10.1142
2017-09-05,HKD,NOK,middle,0.9973
2017-09-05,HRK,NOK,middle,1.251
2017-09-05,HUF,NOK,middle,0.030284
2017-09-05,IDR,NOK,middle,0.00058526
2017-09-05,ILS,NOK,middle,2.1871
2017-09-05,INR,NOK,middle,0.12169
2017-09-05,JPY,NOK,middle,0.071381
2017-09-05,KRW,NOK,middle,0.006906
2017-09-05,MMK,NOK,middle,0.005744
2017-09-05,MXN,NOK,middle,0.4373
2017-09-05,MYR,NOK,middle,1.8313
2017-09-05,NZD,NOK,middle,5.613
2017-09-05,PHP,NOK,middle,0.1526
2017-09-05,PKR,NOK,middle,0.07406
2017-09-05,PLN,NOK,middle,2.1904
2017-09-05,RON,NOK,middle,2.0187
2017-09-05,RUB,NOK,middle,0.13464
2017-09-05,SEK,NOK,middle,0.9799
2017-09-05,SGD,NOK,middle,5.7579
2017-09-05,THB,NOK,middle,0.2352
2017-09-05,TRY,NOK,middle,2.2657
2017-09-05,TWD,NOK,middle,0.25964
2017-09-05,TWI,NOK,middle,110.94
2017-09-05,USD,NOK,middle,7.8039
2017-09-05,XDR,NOK,middle,11.06205
2017-09-05,ZAR,NOK,middle,0.6029
2017-09-06,AUD,NOK,middle,6.2005
2017-09-06,BDT,NOK,middle,0.0956
2017-09-06,BGN,NOK,middle,4.7431
2017-09-06,BRL,NOK,middle,2.4974
2017-09-06,BYN,NOK,middle,4.039
2017-09-06,CAD,NOK,middle,6.2734
2017-09-06,CHF,NOK,middle,8.138
2017-09-06,CNY,NOK,middle,1.1916
2017-09-06,CZK,NOK,middle,0.35526
2017-09-06,DKK,NOK,middle,1.247
2017-09-06,EUR,NOK,middle,9.2765
2017-09-06,GBP,NOK,middle,10.1462
2017-09-06,HKD,NOK,middle,0.9936
2017-09-06,HRK,NOK,middle,1.2489
2017-09-06,HUF,NOK,middle,0.030299
2017-09-06,IDR,NOK,middle,0.00058332
2017-09-06,ILS,NOK,middle,2.1837
2017-09-06,INR,NOK,middle,0.12127
2017-09-06,JPY,NOK,middle,0.071402
2017-09-06,KRW,NOK,middle,0.006851
2017-09-06,MMK,NOK,middle,0.005725
2017-09-06,MXN,NOK,middle,0.4356
2017-09-06,MYR,NOK,middle,1.8344
2017-09-06,NZD,NOK,middle,5.6126
2017-09-06,PHP,NOK,middle,0.1523
2017-09-06,PKR,NOK,middle,0.07392
2017-09-06,PLN,NOK,middle,2.1871
2017-09-06,RON,NOK,middle,2.0172
2017-09-06,RUB,NOK,middle,0.13545
2017-09-06,SEK,NOK,middle,0.9764
2017-09-06,SGD,NOK,middle,5.75
2017-09-06,THB,NOK,middle,0.23447
2017-09-06,TRY,NOK,middle,2.2601
2017-09-06,TWD,NOK,middle,0.25844
2017-09-06,TWI,NOK,middle,110.86
2017-09-06,USD,NOK,middle,7.7751
2017-09-06,XDR,NOK,middle,11.04563
2017-09-06,ZAR,NOK,middle,0.6025
2017-09-07,AUD,NOK,middle,6.2266
2017-09-07,BDT,NOK,middle,0.0951
2017-09-07,BGN,NOK,middle,4.7519
2017-09-07,BRL,NOK,middle,2.5052
2017-09-07,BYN,NOK,middle,4.0372
2017-09-07,CAD,NOK,middle,6.3713
2017-09-07,CHF,NOK,middle,8.1439
2017-09-07,CNY,NOK,middle,1.1961
2017-09-07,CZK,NOK,middle,0.35591
2017-09-07,DKK,NOK,middle,1.2493
2017-09-07,EUR,NOK,middle,9.2938
2017-09-07,GBP,NOK,middle,10.1679
2017-09-07,HKD,NOK,middle,0.9934
2017-09-07,HRK,NOK,middle,1.2504
2017-09-07,HUF,NOK,middle,0.030403
2017-09-07,IDR,NOK,middle,0.00058368
2017-09-07,ILS,NOK,middle,2.2004
2017-09-07,INR,NOK,middle,0.12128
2017-09-07,JPY,NOK,middle,0.071304
2017-09-07,KRW,NOK,middle,0.00688
2017-09-07,MMK,NOK,middle,0.005711
2017-09-07,MXN,NOK,middle,0.4378
2017-09-07,MYR,NOK,middle,1.8443
2017-09-07,NZD,NOK,middle,5.5933
2017-09-07,PHP,NOK,middle,0.15292
2017-09-07,PKR,NOK,middle,0.0737
2017-09-07,PLN,NOK,middle,2.1902
2017-09-07,RON,NOK,middle,2.0213
2017-09-07,RUB,NOK,middle,0.13614
2017-09-07,SEK,NOK,middle,0.9756
2017-09-07,SGD,NOK,middle,5.7758
2017-09-07,THB,NOK,middle,0.2348
2017-09-07,TRY,NOK,middle,2.2727
2017-09-07,TWD,NOK,middle,0.25847
2017-09-07,TWI,NOK,middle,111.06
2017-09-07,USD,NOK,middle,7.7636
2017-09-07,XDR,NOK,middle,11.04671
2017-09-07,ZAR,NOK,middle,0.606
2017-09-08,AUD,NOK,middle,6.2558
2017-09-08,BDT,NOK,middle,0.0946
2017-09-08,BGN,NOK,middle,4.7598
2017-09-08,BRL,NOK,middle,2.4987
2017-09-08,BYN,NOK,middle,4.0183
2017-09-08,CAD,NOK,middle,6.3863
2017-09-08,CHF,NOK,middle,8.1625
2017-09-08,CNY,NOK,middle,1.1946
2017-09-08,CZK,NOK,middle,0.35669
2017-09-08,DKK,NOK,middle,1.2512
2017-09-08,EUR,NOK,middle,9.3093
2017-09-08,GBP,NOK,middle,10.2
2017-09-08,HKD,NOK,middle,0.9887
2017-09-08,HRK,NOK,middle,1.2527
2017-09-08,HUF,NOK,middle,0.030377
2017-09-08,IDR,NOK,middle,0.00058642
2017-09-08,ILS,NOK,middle,2.1953
2017-09-08,INR,NOK,middle,0.12102
2017-09-08,JPY,NOK,middle,0.071886
2017-09-08,KRW,NOK,middle,0.006827
2017-09-08,MMK,NOK,middle,0.005701
2017-09-08,MXN,NOK,middle,0.4363
2017-09-08,MYR,NOK,middle,1.8403
2017-09-08,NZD,NOK,middle,5.6413
2017-09-08,PHP,NOK,middle,0.15192
2017-09-08,PKR,NOK,middle,0.07327
2017-09-08,PLN,NOK,middle,2.1887
2017-09-08,RON,NOK,middle,2.0234
2017-09-08,RUB,NOK,middle,0.13499
2017-09-08,SEK,NOK,middle,0.9759
2017-09-08,SGD,NOK,middle,5.7736
2017-09-08,THB,NOK,middle,0.2332
2017-09-08,TRY,NOK,middle,2.26
2017-09-08,TWD,NOK,middle,0.25738
2017-09-08,TWI,NOK,middle,111.11
2017-09-08,USD,NOK,middle,7.7192
2017-09-08,XDR,NOK,middle,11.03434
2017-09-08,ZAR,NOK,middle,0.6001
2017-09-11,AUD,NOK,middle,6.2829
2017-09-11,BDT,NOK,middle,0.0951
2017-09-11,BGN,NOK,middle,4.7914
2017-09-11,BRL,NOK,middle,2.5288
2017-09-11,BYN,NOK,middle,4.0588
2017-09-11,CAD,NOK,middle,6.4445
2017-09-11,CHF,NOK,middle,8.2173
2017-09-11,CNY,NOK,middle,1.1964
2017-09-11,CZK,NOK,middle,0.35936
2017-09-11,DKK,NOK,middle,1.2596
2017-09-11,EUR,NOK,middle,9.371
2017-09-11,GBP,NOK,middle,10.3233
2017-09-11,HKD,NOK,middle,0.9998
2017-09-11,HRK,NOK,middle,1.2615
2017-09-11,HUF,NOK,middle,0.030596
2017-09-11,IDR,NOK,middle,0.00059344
2017-09-11,ILS,NOK,middle,2.2177
2017-09-11,INR,NOK,middle,0.12222
2017-09-11,JPY,NOK,middle,0.071875
2017-09-11,KRW,NOK,middle,0.006902
2017-09-11,MMK,NOK,middle,0.005775
2017-09-11,MXN,NOK,middle,0.4417
2017-09-11,MYR,NOK,middle,1.8609
2017-09-11,NZD,NOK,middle,5.6787
2017-09-11,PHP,NOK,middle,0.15365
2017-09-11,PKR,NOK,middle,0.07413
2017-09-11,PLN,NOK,middle,2.2081
2017-09-11,RON,NOK,middle,2.0377
2017-09-11,RUB,NOK,middle,0.13657
2017-09-11,SEK,NOK,middle,0.9792
2017-09-11,SGD,NOK,middle,5.81
2017-09-11,THB,NOK,middle,0.23577
2017-09-11,TRY,NOK,middle,2.298
2017-09-11,TWD,NOK,middle,0.26028
2017-09-11,TWI,NOK,middle,111.92
2017-09-11,USD,NOK,middle,7.8111
2017-09-11,XDR,NOK,middle,11.13477
2017-09-11,ZAR,NOK,middle,0.604
2017-09-12,AUD,NOK,middle,6.3038
2017-09-12,BDT,NOK,middle,0.0956
2017-09-12,BGN,NOK,middle,4.7854
2017-09-12,BRL,NOK,middle,2.5216
2017-09-12,BYN,NOK,middle,4.0649
2017-09-12,CAD,NOK,middle,6.4649
2017-09-12,CHF,NOK,middle,8.1783
2017-09-12,CNY,NOK,middle,1.1995
2017-09-12,CZK,NOK,middle,0.35853
2017-09-12,DKK,NOK,middle,1.258
2017-09-12,EUR,NOK,middle,9.3593
2017-09-12,GBP,NOK,middle,10.4133
2017-09-12,HKD,NOK,middle,1.0038
2017-09-12,HRK,NOK,middle,1.2561
2017-09-12,HUF,NOK,middle,0.030475
2017-09-12,IDR,NOK,middle,0.00059418
2017-09-12,ILS,NOK,middle,2.218
2017-09-12,INR,NOK,middle,0.12244
2017-09-12,JPY,NOK,middle,0.071483
2017-09-12,KRW,NOK,middle,0.006953
2017-09-12,MMK,NOK,middle,0.005797
2017-09-12,MXN,NOK,middle,0.4429
2017-09-12,MYR,NOK,middle,1.8674
2017-09-12,NZD,NOK,middle,5.7268
2017-09-12,PHP,NOK,middle,0.15402
2017-09-12,PKR,NOK,middle,0.07446
2017-09-12,PLN,NOK,middle,2.1997
2017-09-12,RON,NOK,middle,2.0338
2017-09-12,RUB,NOK,middle,0.13686
2017-09-12,SEK,NOK,middle,0.9815
2017-09-12,SGD,NOK,middle,5.8226
2017-09-12,THB,NOK,middle,0.23681
2017-09-12,TRY,NOK,middle,2.2857
2017-09-12,TWD,NOK,middle,0.26114
2017-09-12,TWI,NOK,middle,112.03
2017-09-12,USD,NOK,middle,7.8432
2017-09-12,XDR,NOK,middle,11.15723
2017-09-12,ZAR,NOK,middle,0.6046
2017-09-13,AUD,NOK,middle,6.3038
2017-09-13,BDT,NOK,middle,0.0954
2017-09-13,BGN,NOK,middle,4.8053
2017-09-13,BRL,NOK,middle,2.5048
2017-09-13,BYN,NOK,middle,4.0482
2017-09-13,CAD,NOK,middle,6.4629
2017-09-13,CHF,NOK,middle,8.1753
2017-09-13,CNY,NOK,middle,1.2011
2017-09-13,CZK,NOK,middle,0.36007
2017-09-13,DKK,NOK,middle,1.2631
2017-09-13,EUR,NOK,middle,9.3983
2017-09-13,GBP,NOK,middle,10.4144
2017-09-13,HKD,NOK,middle,1.0042
2017-09-13,HRK,NOK,middle,1.2585
2017-09-13,HUF,NOK,middle,0.030512
2017-09-13,IDR,NOK,middle,0.00059426
2017-09-13,ILS,NOK,middle,2.2198
2017-09-13,INR,NOK,middle,0.12259
2017-09-13,JPY,NOK,middle,0.071313
2017-09-13,KRW,NOK,middle,0.006962
2017-09-13,MMK,NOK,middle,0.005797
2017-09-13,MXN,NOK,middle,0.4416
2017-09-13,MYR,NOK,middle,1.8722
2017-09-13,NZD,NOK,middle,5.7129
2017-09-13,PHP,NOK,middle,0.15393
2017-09-13,PKR,NOK,middle,0.07445
2017-09-13,PLN,NOK,middle,2.196
2017-09-13,RON,NOK,middle,2.0425
2017-09-13,RUB,NOK,middle,0.13606
2017-09-13,SEK,NOK,middle,0.9844
2017-09-13,SGD,NOK,middle,5.8309
2017-09-13,THB,NOK,middle,0.2371
2017-09-13,TRY,NOK,middle,2.2794
2017-09-13,TWD,NOK,middle,0.26092
2017-09-13,TWI,NOK,middle,112.26
2017-09-13,USD,NOK,middle,7.8456
2017-09-13,XDR,NOK,middle,11.17259
2017-09-13,ZAR,NOK,middle,0.5983
2017-09-14,AUD,NOK,middle,6.3151
2017-09-14,BDT,NOK,middle,0.098
2017-09-14,BGN,NOK,middle,4.8037
2017-09-14,BRL,NOK,middle,2.5191
2017-09-14,BYN,NOK,middle,4.062
2017-09-14,CAD,NOK,middle,6.4789
2017-09-14,CHF,NOK,middle,8.1724
2017-09-14,CNY,NOK,middle,1.2058
2017-09-14,CZK,NOK,middle,0.35992
2017-09-14,DKK,NOK,middle,1.2628
2017-09-14,EUR,NOK,middle,9.395
2017-09-14,GBP,NOK,middle,10.5416
2017-09-14,HKD,NOK,middle,1.0119
2017-09-14,HRK,NOK,middle,1.2554
2017-09-14,HUF,NOK,middle,0.030476
2017-09-14,IDR,NOK,middle,0.00059583
2017-09-14,ILS,NOK,middle,2.2319
2017-09-14,INR,NOK,middle,0.12328
2017-09-14,JPY,NOK,middle,0.071418
2017-09-14,KRW,NOK,middle,0.006983
2017-09-14,MMK,NOK,middle,0.005832
2017-09-14,MXN,NOK,middle,0.4448
2017-09-14,MYR,NOK,middle,1.8826
2017-09-14,NZD,NOK,middle,5.7029
2017-09-14,PHP,NOK,middle,0.15404
2017-09-14,PKR,NOK,middle,0.07514
2017-09-14,PLN,NOK,middle,2.1929
2017-09-14,RON,NOK,middle,2.0416
2017-09-14,RUB,NOK,middle,0.13686
2017-09-14,SEK,NOK,middle,0.9854
2017-09-14,SGD,NOK,middle,5.8525
2017-09-14,THB,NOK,middle,0.23868
2017-09-14,TRY,NOK,middle,2.284
2017-09-14,TWD,NOK,middle,0.26244
2017-09-14,TWI,NOK,middle,112.54
2017-09-14,USD,NOK,middle,7.9049
2017-09-14,XDR,NOK,middle,11.22604
2017-09-14,ZAR,NOK,middle,0.5999
2017-09-15,AUD,NOK,middle,6.2603
2017-09-15,BDT,NOK,middle,0.0966
2017-09-15,BGN,NOK,middle,4.7729
2017-09-15,BRL,NOK,middle,2.4988
2017-09-15,BYN,NOK,middle,4.0265
2017-09-15,CAD,NOK,middle,6.4289
2017-09-15,CHF,NOK,middle,8.1314
2017-09-15,CNY,NOK,middle,1.1922
2017-09-15,CZK,NOK,middle,0.35792
2017-09-15,DKK,NOK,middle,1.2545
2017-09-15,EUR,NOK,middle,9.3348
2017-09-15,GBP,NOK,middle,10.6025
2017-09-15,HKD,NOK,middle,0.9983
2017-09-15,HRK,NOK,middle,1.2479
2017-09-15,HUF,NOK,middle,0.030219
2017-09-15,IDR,NOK,middle,0.00058861
2017-09-15,ILS,NOK,middle,2.2178
2017-09-15,INR,NOK,middle,0.12176
2017-09-15,JPY,NOK,middle,0.070229
2017-09-15,KRW,NOK,middle,0.006899
2017-09-15,MMK,NOK,middle,0.00575
2017-09-15,MXN,NOK,middle,0.4417
2017-09-15,MYR,NOK,middle,1.8625
2017-09-15,NZD,NOK,middle,5.6895
2017-09-15,PHP,NOK,middle,0.15227
2017-09-15,PKR,NOK,middle,0.07404
2017-09-15,PLN,NOK,middle,2.183
2017-09-15,RON,NOK,middle,2.0293
2017-09-15,RUB,NOK,middle,0.13564
2017-09-15,SEK,NOK,middle,0.982
2017-09-15,SGD,NOK,middle,5.8088
2017-09-15,THB,NOK,middle,0.23588
2017-09-15,TRY,NOK,middle,2.269
2017-09-15,TWD,NOK,middle,0.25956
2017-09-15,TWI,NOK,middle,111.88
2017-09-15,USD,NOK,middle,7.8031
2017-09-15,XDR,NOK,middle,11.12651
2017-09-15,ZAR,NOK,middle,0.5923
2017-09-18,AUD,NOK,middle,6.2494
2017-09-18,BDT,NOK,middle,0.0967
2017-09-18,BGN,NOK,middle,4.7761
2017-09-18,BRL,NOK,middle,2.5108
2017-09-18,BYN,NOK,middle,4.0304
2017-09-18,CAD,NOK,middle,6.4063
2017-09-18,CHF,NOK,middle,8.1481
2017-09-18,CNY,NOK,middle,1.1896
2017-09-18,CZK,NOK,middle,0.35802
2017-09-18,DKK,NOK,middle,1.2552
2017-09-18,EUR,NOK,middle,9.341
2017-09-18,GBP,NOK,middle,10.5843
2017-09-18,HKD,NOK,middle,1.0002
2017-09-18,HRK,NOK,middle,1.248
2017-09-18,HUF,NOK,middle,0.030145
2017-09-18,IDR,NOK,middle,0.00058982
2017-09-18,ILS,NOK,middle,2.2196
2017-09-18,INR,NOK,middle,0.1219
2017-09-18,JPY,NOK,middle,0.070186
2017-09-18,KRW,NOK,middle,0.006935
2017-09-18,MMK,NOK,middle,0.005808
2017-09-18,MXN,NOK,middle,0.4421
2017-09-18,MYR,NOK,middle,1.868
2017-09-18,NZD,NOK,middle,5.6954
2017-09-18,PHP,NOK,middle,0.15284
2017-09-18,PKR,NOK,middle,0.07421
2017-09-18,PLN,NOK,middle,2.1782
2017-09-18,RON,NOK,middle,2.031
2017-09-18,RUB,NOK,middle,0.13546
2017-09-18,SEK,NOK,middle,0.9818
2017-09-18,SGD,NOK,middle,5.808
2017-09-18,THB,NOK,middle,0.23627
2017-09-18,TRY,NOK,middle,2.2596
2017-09-18,TWD,NOK,middle,0.25962
2017-09-18,TWI,NOK,middle,111.89
2017-09-18,USD,NOK,middle,7.818
2017-09-18,XDR,NOK,middle,11.13537
2017-09-18,ZAR,NOK,middle,0.5916
2017-09-19,AUD,NOK,middle,6.2409
2017-09-19,BDT,NOK,middle,0.095
2017-09-19,BGN,NOK,middle,4.7766
2017-09-19,BRL,NOK,middle,2.4959
2017-09-19,BYN,NOK,middle,4.0243
2017-09-19,CAD,NOK,middle,6.3491
2017-09-19,CHF,NOK,middle,8.0988
2017-09-19,CNY,NOK,middle,1.1851
2017-09-19,CZK,NOK,middle,0.35789
2017-09-19,DKK,NOK,middle,1.2554
2017-09-19,EUR,NOK,middle,9.342
2017-09-19,GBP,NOK,middle,10.5414
2017-09-19,HKD,NOK,middle,0.9999
2017-09-19,HRK,NOK,middle,1.2498
2017-09-19,HUF,NOK,middle,0.030248
2017-09-19,IDR,NOK,middle,0.00058803
2017-09-19,ILS,NOK,middle,2.2188
2017-09-19,INR,NOK,middle,0.1213
2017-09-19,JPY,NOK,middle,0.070009
2017-09-19,KRW,NOK,middle,0.006912
2017-09-19,MMK,NOK,middle,0.005727
2017-09-19,MXN,NOK,middle,0.4396
2017-09-19,MYR,NOK,middle,1.861
2017-09-19,NZD,NOK,middle,5.697
2017-09-19,PHP,NOK,middle,0.15305
2017-09-19,PKR,NOK,middle,0.07404
2017-09-19,PLN,NOK,middle,2.1835
2017-09-19,RON,NOK,middle,2.0307
2017-09-19,RUB,NOK,middle,0.1344
2017-09-19,SEK,NOK,middle,0.9807
2017-09-19,SGD,NOK,middle,5.7842
2017-09-19,THB,NOK,middle,0.23589
2017-09-19,TRY,NOK,middle,2.2369
2017-09-19,TWD,NOK,middle,0.2588
2017-09-19,TWI,NOK,middle,111.72
2017-09-19,USD,NOK,middle,7.8032
2017-09-19,XDR,NOK,middle,11.11923
2017-09-19,ZAR,NOK,middle,0.5859
2017-09-20,AUD,NOK,middle,6.2749
2017-09-20,BDT,NOK,middle,0.0964
2017-09-20,BGN,NOK,middle,4.7776
2017-09-20,BRL,NOK,middle,2.4865
2017-09-20,BYN,NOK,middle,4.0205
2017-09-20,CAD,NOK,middle,6.356
2017-09-20,CHF,NOK,middle,8.1027
2017-09-20,CNY,NOK,middle,1.1836
2017-09-20,CZK,NOK,middle,0.35813
2017-09-20,DKK,NOK,middle,1.2557
2017-09-20,EUR,NOK,middle,9.344
2017-09-20,GBP,NOK,middle,10.5368
2017-09-20,HKD,NOK,middle,0.9976
2017-09-20,HRK,NOK,middle,1.2487
2017-09-20,HUF,NOK,middle,0.030304
2017-09-20,IDR,NOK,middle,0.00058598
2017-09-20,ILS,NOK,middle,2.2212
2017-09-20,INR,NOK,middle,0.12104
2017-09-20,JPY,NOK,middle,0.069924
2017-09-20,KRW,NOK,middle,0.006904
2017-09-20,MMK,NOK,middle,0.00571
2017-09-20,MXN,NOK,middle,0.4384
2017-09-20,MYR,NOK,middle,1.8562
2017-09-20,NZD,NOK,middle,5.7406
2017-09-20,PHP,NOK,middle,0.15289
2017-09-20,PKR,NOK,middle,0.07384
2017-09-20,PLN,NOK,middle,2.1845
2017-09-20,RON,NOK,middle,2.0316
2017-09-20,RUB,NOK,middle,0.13457
2017-09-20,SEK,NOK,middle,0.9801
2017-09-20,SGD,NOK,middle,5.7937
2017-09-20,THB,NOK,middle,0.23532
2017-09-20,TRY,NOK,middle,2.2439
2017-09-20,TWD,NOK,middle,0.25808
2017-09-20,TWI,NOK,middle,111.69
2017-09-20,USD,NOK,middle,7.7821
2017-09-20,XDR,NOK,middle,11.10411
2017-09-20,ZAR,NOK,middle,0.5875
2017-09-21,AUD,NOK,middle,6.2008
2017-09-21,BDT,NOK,middle,0.0953
2017-09-21,BGN,NOK,middle,4.7564
2017-09-21,BRL,NOK,middle,2.4904
2017-09-21,BYN,NOK,middle,4.0238
2017-09-21,CAD,NOK,middle,6.3231
2017-09-21,CHF,NOK,middle,8.0298
2017-09-21,CNY,NOK,middle,1.1853
2017-09-21,CZK,NOK,middle,0.35665
2017-09-21,DKK,NOK,middle,1.2502
2017-09-21,EUR,NOK,middle,9.3025
2017-09-21,GBP,NOK,middle,10.5423
2017-09-21,HKD,NOK,middle,1.0012
2017-09-21,HRK,NOK,middle,1.2432
2017-09-21,HUF,NOK,middle,0.029949
2017-09-21,IDR,NOK,middle,0.00058545
2017-09-21,ILS,NOK,middle,2.2184
2017-09-21,INR,NOK,middle,0.12058
2017-09-21,JPY,NOK,middle,0.069494
2017-09-21,KRW,NOK,middle,0.006893
2017-09-21,MMK,NOK,middle,0.005729
2017-09-21,MXN,NOK,middle,0.4383
2017-09-21,MYR,NOK,middle,1.8614
2017-09-21,NZD,NOK,middle,5.7183
2017-09-21,PHP,NOK,middle,0.15316
2017-09-21,PKR,NOK,middle,0.07415
2017-09-21,PLN,NOK,middle,2.1732
2017-09-21,RON,NOK,middle,2.0228
2017-09-21,RUB,NOK,middle,0.13478
2017-09-21,SEK,NOK,middle,0.9778
2017-09-21,SGD,NOK,middle,5.778
2017-09-21,THB,NOK,middle,0.23586
2017-09-21,TRY,NOK,middle,2.2268
2017-09-21,TWD,NOK,middle,0.25864
2017-09-21,TWI,NOK,middle,111.4
2017-09-21,USD,NOK,middle,7.8139
2017-09-21,XDR,NOK,middle,11.1034
2017-09-21,ZAR,NOK,middle,0.5855
2017-09-22,AUD,NOK,middle,6.2083
2017-09-22,BDT,NOK,middle,0.095
2017-09-22,BGN,NOK,middle,4.765
2017-09-22,BRL,NOK,middle,2.4879
2017-09-22,BYN,NOK,middle,4.0162
2017-09-22,CAD,NOK,middle,6.3505
2017-09-22,CHF,NOK,middle,8.0422
2017-09-22,CNY,NOK,middle,1.1826
2017-09-22,CZK,NOK,middle,0.3578
2017-09-22,DKK,NOK,middle,1.2525
2017-09-22,EUR,NOK,middle,9.3193
2017-09-22,GBP,NOK,middle,10.5715
2017-09-22,HKD,NOK,middle,0.9976
2017-09-22,HRK,NOK,middle,1.2452
2017-09-22,HUF,NOK,middle,0.030088
2017-09-22,IDR,NOK,middle,0.00058582
2017-09-22,ILS,NOK,middle,2.2319
2017-09-22,INR,NOK,middle,0.12025
2017-09-22,JPY,NOK,middle,0.069542
2017-09-22,KRW,NOK,middle,0.006889
2017-09-22,MMK,NOK,middle,0.005718
2017-09-22,MXN,NOK,middle,0.4377
2017-09-22,MYR,NOK,middle,1.8595
2017-09-22,NZD,NOK,middle,5.7048
2017-09-22,PHP,NOK,middle,0.15396
2017-09-22,PKR,NOK,middle,0.07396
2017-09-22,PLN,NOK,middle,2.1839
2017-09-22,RON,NOK,middle,2.0274
2017-09-22,RUB,NOK,middle,0.13528
2017-09-22,SEK,NOK,middle,0.9773
2017-09-22,SGD,NOK,middle,5.7909
2017-09-22,THB,NOK,middle,0.23546
2017-09-22,TRY,NOK,middle,2.2293
2017-09-22,TWD,NOK,middle,0.25826
2017-09-22,TWI,NOK,middle,111.53
2017-09-22,USD,NOK,middle,7.7914
2017-09-22,XDR,NOK,middle,11.09943
2017-09-22,ZAR,NOK,middle,0.5885
2017-09-25,AUD,NOK,middle,6.2161
2017-09-25,BDT,NOK,middle,0.0953
2017-09-25,BGN,NOK,middle,4.741
2017-09-25,BRL,NOK,middle,2.4974
2017-09-25,BYN,NOK,middle,4.0323
2017-09-25,CAD,NOK,middle,6.338
2017-09-25,CHF,NOK,middle,8.0198
2017-09-25,CNY,NOK,middle,1.1797
2017-09-25,CZK,NOK,middle,0.35618
2017-09-25,DKK,NOK,middle,1.2463
2017-09-25,EUR,NOK,middle,9.2725
2017-09-25,GBP,NOK,middle,10.5444
2017-09-25,HKD,NOK,middle,0.9999
2017-09-25,HRK,NOK,middle,1.238
2017-09-25,HUF,NOK,middle,0.029887
2017-09-25,IDR,NOK,middle,0.00058674
2017-09-25,ILS,NOK,middle,2.2254
2017-09-25,INR,NOK,middle,0.12001
2017-09-25,JPY,NOK,middle,0.069619
2017-09-25,KRW,NOK,middle,0.006903
2017-09-25,MMK,NOK,middle,0.005731
2017-09-25,MXN,NOK,middle,0.4389
2017-09-25,MYR,NOK,middle,1.8613
2017-09-25,NZD,NOK,middle,5.688
2017-09-25,PHP,NOK,middle,0.15415
2017-09-25,PKR,NOK,middle,0.07414
2017-09-25,PLN,NOK,middle,2.1725
2017-09-25,RON,NOK,middle,2.0163
2017-09-25,RUB,NOK,middle,0.13622
2017-09-25,SEK,NOK,middle,0.9727
2017-09-25,SGD,NOK,middle,5.7841
2017-09-25,THB,NOK,middle,0.23599
2017-09-25,TRY,NOK,middle,2.2181
2017-09-25,TWD,NOK,middle,0.2584
2017-09-25,TWI,NOK,middle,111.18
2017-09-25,USD,NOK,middle,7.8137
2017-09-25,XDR,NOK,middle,11.09242
2017-09-25,ZAR,NOK,middle,0.5886
2017-09-26,AUD,NOK,middle,6.2127
2017-09-26,BDT,NOK,middle,0.0975
2017-09-26,BGN,NOK,middle,4.7471
2017-09-26,BRL,NOK,middle,2.4892
2017-09-26,BYN,NOK,middle,4.0408
2017-09-26,CAD,NOK,middle,6.3569
2017-09-26,CHF,NOK,middle,8.1071
2017-09-26,CNY,NOK,middle,1.1874
2017-09-26,CZK,NOK,middle,0.35632
2017-09-26,DKK,NOK,middle,1.2478
2017-09-26,EUR,NOK,middle,9.2843
2017-09-26,GBP,NOK,middle,10.5774
2017-09-26,HKD,NOK,middle,1.0083
2017-09-26,HRK,NOK,middle,1.2391
2017-09-26,HUF,NOK,middle,0.029875
2017-09-26,IDR,NOK,middle,0.00058817
2017-09-26,ILS,NOK,middle,2.2329
2017-09-26,INR,NOK,middle,0.12027
2017-09-26,JPY,NOK,middle,0.070341
2017-09-26,KRW,NOK,middle,0.006921
2017-09-26,MMK,NOK,middle,0.005777
2017-09-26,MXN,NOK,middle,0.4383
2017-09-26,MYR,NOK,middle,1.8695
2017-09-26,NZD,NOK,middle,5.6719
2017-09-26,PHP,NOK,middle,0.15469
2017-09-26,PKR,NOK,middle,0.07475
2017-09-26,PLN,NOK,middle,2.168
2017-09-26,RON,NOK,middle,2.0178
2017-09-26,RUB,NOK,middle,0.13656
2017-09-26,SEK,NOK,middle,0.9725
2017-09-26,SGD,NOK,middle,5.8143
2017-09-26,THB,NOK,middle,0.23721
2017-09-26,TRY,NOK,middle,2.2244
2017-09-26,TWD,NOK,middle,0.26028
2017-09-26,TWI,NOK,middle,111.44
2017-09-26,USD,NOK,middle,7.8767
2017-09-26,XDR,NOK,middle,11.15121
2017-09-26,ZAR,NOK,middle,0.5901
2017-09-27,AUD,NOK,middle,6.2428
2017-09-27,BDT,NOK,middle,0.0967
2017-09-27,BGN,NOK,middle,4.7732
2017-09-27,BRL,NOK,middle,2.499
2017-09-27,BYN,NOK,middle,4.0531
2017-09-27,CAD,NOK,middle,6.4144
2017-09-27,CHF,NOK,middle,8.1526
2017-09-27,CNY,NOK,middle,1.1971
2017-09-27,CZK,NOK,middle,0.35844
2017-09-27,DKK,NOK,middle,1.2545
2017-09-27,EUR,NOK,middle,9.3355
2017-09-27,GBP,NOK,middle,10.6612
2017-09-27,HKD,NOK,middle,1.0179
2017-09-27,HRK,NOK,middle,1.2448
2017-09-27,HUF,NOK,middle,0.030003
2017-09-27,IDR,NOK,middle,0.00059161
2017-09-27,ILS,NOK,middle,2.2409
2017-09-27,INR,NOK,middle,0.121
2017-09-27,JPY,NOK,middle,0.070403
2017-09-27,KRW,NOK,middle,0.006961
2017-09-27,MMK,NOK,middle,0.005833
2017-09-27,MXN,NOK,middle,0.4395
2017-09-27,MYR,NOK,middle,1.8835
2017-09-27,NZD,NOK,middle,5.7255
2017-09-27,PHP,NOK,middle,0.15588
2017-09-27,PKR,NOK,middle,0.07544
2017-09-27,PLN,NOK,middle,2.1697
2017-09-27,RON,NOK,middle,2.0301
2017-09-27,RUB,NOK,middle,0.13675
2017-09-27,SEK,NOK,middle,0.9736
2017-09-27,SGD,NOK,middle,5.8478
2017-09-27,THB,NOK,middle,0.2387
2017-09-27,TRY,NOK,middle,2.2279
2017-09-27,TWD,NOK,middle,0.26205
2017-09-27,TWI,NOK,middle,112.03
2017-09-27,USD,NOK,middle,7.9512
2017-09-27,XDR,NOK,middle,11.23195
2017-09-27,ZAR,NOK,middle,0.5869
2017-09-28,AUD,NOK,middle,6.216
2017-09-28,BDT,NOK,middle,0.0969
2017-09-28,BGN,NOK,middle,4.7845
2017-09-28,BRL,NOK,middle,2.4964
2017-09-28,BYN,NOK,middle,4.0447
2017-09-28,CAD,NOK,middle,6.3726
2017-09-28,CHF,NOK,middle,8.1654
2017-09-28,CNY,NOK,middle,1.193
2017-09-28,CZK,NOK,middle,0.35934
2017-09-28,DKK,NOK,middle,1.2577
2017-09-28,EUR,NOK,middle,9.3575
2017-09-28,GBP,NOK,middle,10.6778
2017-09-28,HKD,NOK,middle,1.0174
2017-09-28,HRK,NOK,middle,1.2481
2017-09-28,HUF,NOK,middle,0.030083
2017-09-28,IDR,NOK,middle,0.00058882
2017-09-28,ILS,NOK,middle,2.2561
2017-09-28,INR,NOK,middle,0.12134
2017-09-28,JPY,NOK,middle,0.070591
2017-09-28,KRW,NOK,middle,0.006931
2017-09-28,MMK,NOK,middle,0.005829
2017-09-28,MXN,NOK,middle,0.4374
2017-09-28,MYR,NOK,middle,1.8775
2017-09-28,NZD,NOK,middle,5.7187
2017-09-28,PHP,NOK,middle,0.15596
2017-09-28,PKR,NOK,middle,0.07536
2017-09-28,PLN,NOK,middle,2.17
2017-09-28,RON,NOK,middle,2.0341
2017-09-28,RUB,NOK,middle,0.13683
2017-09-28,SEK,NOK,middle,0.9768
2017-09-28,SGD,NOK,middle,5.8448
2017-09-28,THB,NOK,middle,0.23794
2017-09-28,TRY,NOK,middle,2.2283
2017-09-28,TWD,NOK,middle,0.26147
2017-09-28,TWI,NOK,middle,112.18
2017-09-28,USD,NOK,middle,7.9449
2017-09-28,XDR,NOK,middle,11.24112
2017-09-28,ZAR,NOK,middle,0.5878
2017-09-29,AUD,NOK,middle,6.2438
2017-09-29,BDT,NOK,middle,0.0969
2017-09-29,BGN,NOK,middle,4.8126
2017-09-29,BRL,NOK,middle,2.501
2017-09-29,BYN,NOK,middle,4.0589
2017-09-29,CAD,NOK,middle,6.4087
2017-09-29,CHF,NOK,middle,8.2155
2017-09-29,CNY,NOK,middle,1.1985
2017-09-29,CZK,NOK,middle,0.36228
2017-09-29,DKK,NOK,middle,1.2647
2017-09-29,EUR,NOK,middle,9.4125
2017-09-29,GBP,NOK,middle,10.6744
2017-09-29,HKD,NOK,middle,1.0207
2017-09-29,HRK,NOK,middle,1.2558
2017-09-29,HUF,NOK,middle,0.030297
2017-09-29,IDR,NOK,middle,0.00059241
2017-09-29,ILS,NOK,middle,2.2631
2017-09-29,INR,NOK,middle,0.12213
2017-09-29,JPY,NOK,middle,0.070867
2017-09-29,KRW,NOK,middle,0.006963
2017-09-29,MMK,NOK,middle,0.005843
2017-09-29,MXN,NOK,middle,0.4386
2017-09-29,MYR,NOK,middle,1.889
2017-09-29,NZD,NOK,middle,5.7555
2017-09-29,PHP,NOK,middle,0.15674
2017-09-29,PKR,NOK,middle,0.07566
2017-09-29,PLN,NOK,middle,2.1868
2017-09-29,RON,NOK,middle,2.0465
2017-09-29,RUB,NOK,middle,0.13791
2017-09-29,SEK,NOK,middle,0.9755
2017-09-29,SGD,NOK,middle,5.8714
2017-09-29,THB,NOK,middle,0.23927
2017-09-29,TRY,NOK,middle,2.2404
2017-09-29,TWD,NOK,middle,0.26268
2017-09-29,TWI,NOK,middle,112.63
2017-09-29,USD,NOK,middle,7.9726
2017-09-29,XDR,NOK,middle,11.28519
2017-09-29,ZAR,NOK,middle,0.5903
2017-10-02,AUD,NOK,middle,6.2364
2017-10-02,BDT,NOK,middle,0.0974
2017-10-02,BGN,NOK,middle,4.7945
2017-10-02,BRL,NOK,middle,2.5157
2017-10-02,BYN,NOK,middle,4.0691
2017-10-02,CAD,NOK,middle,6.382
2017-10-02,CHF,NOK,middle,8.2262
2017-10-02,CNY,NOK,middle,1.2001
2017-10-02,CZK,NOK,middle,0.36072
2017-10-02,DKK,NOK,middle,1.26
2017-10-02,EUR,NOK,middle,9.377
2017-10-02,GBP,NOK,middle,10.6053
2017-10-02,HKD,NOK,middle,1.0221
2017-10-02,HRK,NOK,middle,1.2508
2017-10-02,HUF,NOK,middle,0.030109
2017-10-02,IDR,NOK,middle,0.00058852
2017-10-02,ILS,NOK,middle,2.2529
2017-10-02,INR,NOK,middle,0.12226
2017-10-02,JPY,NOK,middle,0.07077
2017-10-02,KRW,NOK,middle,0.006967
2017-10-02,MMK,NOK,middle,0.005852
2017-10-02,MXN,NOK,middle,0.4359
2017-10-02,MYR,NOK,middle,1.886
2017-10-02,NZD,NOK,middle,5.7401
2017-10-02,PHP,NOK,middle,0.15621
2017-10-02,PKR,NOK,middle,0.07575
2017-10-02,PLN,NOK,middle,2.174
2017-10-02,RON,NOK,middle,2.0439
2017-10-02,RUB,NOK,middle,0.13782
2017-10-02,SEK,NOK,middle,0.9762
2017-10-02,SGD,NOK,middle,5.8595
2017-10-02,THB,NOK,middle,0.23877
2017-10-02,TRY,NOK,middle,2.2291
2017-10-02,TWD,NOK,middle,0.26234
2017-10-02,TWI,NOK,middle,112.35
2017-10-02,USD,NOK,middle,7.9845
2017-10-02,XDR,NOK,middle,11.26983
2017-10-02,ZAR,NOK,middle,0.5855
2017-10-03,AUD,NOK,middle,6.2428
2017-10-03,BDT,NOK,middle,0.098
2017-10-03,BGN,NOK,middle,4.8003
2017-10-03,BRL,NOK,middle,2.5311
2017-10-03,BYN,NOK,middle,4.0647
2017-10-03,CAD,NOK,middle,6.3902
2017-10-03,CHF,NOK,middle,8.2003
2017-10-03,CNY,NOK,middle,1.2025
2017-10-03,CZK,NOK,middle,0.36204
2017-10-03,DKK,NOK,middle,1.2615
2017-10-03,EUR,NOK,middle,9.3885
2017-10-03,GBP,NOK,middle,10.5735
2017-10-03,HKD,NOK,middle,1.0226
2017-10-03,HRK,NOK,middle,1.2522
2017-10-03,HUF,NOK,middle,0.030087
2017-10-03,IDR,NOK,middle,0.00058986
2017-10-03,ILS,NOK,middle,2.2613
2017-10-03,INR,NOK,middle,0.12195
2017-10-03,JPY,NOK,middle,0.070713
2017-10-03,KRW,NOK,middle,0.006981
2017-10-03,MMK,NOK,middle,0.005863
2017-10-03,MXN,NOK,middle,0.4373
2017-10-03,MYR,NOK,middle,1.8865
2017-10-03,NZD,NOK,middle,5.7338
2017-10-03,PHP,NOK,middle,0.15617
2017-10-03,PKR,NOK,middle,0.07581
2017-10-03,PLN,NOK,middle,2.1782
2017-10-03,RON,NOK,middle,2.045
2017-10-03,RUB,NOK,middle,0.13773
2017-10-03,SEK,NOK,middle,0.9813
2017-10-03,SGD,NOK,middle,5.862
2017-10-03,THB,NOK,middle,0.23902
2017-10-03,TRY,NOK,middle,2.2291
2017-10-03,TWD,NOK,middle,0.26248
2017-10-03,TWI,NOK,middle,112.48
2017-10-03,USD,NOK,middle,7.9882
2017-10-03,XDR,NOK,middle,11.27292
2017-10-03,ZAR,NOK,middle,0.5824
2017-10-04,AUD,NOK,middle,6.2414
2017-10-04,BDT,NOK,middle,0.0965
2017-10-04,BGN,NOK,middle,4.7823
2017-10-04,BRL,NOK,middle,2.5328
2017-10-04,BYN,NOK,middle,4.0414
2017-10-04,CAD,NOK,middle,6.3723
2017-10-04,CHF,NOK,middle,8.1645
2017-10-04,CNY,NOK,middle,1.1966
2017-10-04,CZK,NOK,middle,0.36133
2017-10-04,DKK,NOK,middle,1.2567
2017-10-04,EUR,NOK,middle,9.3533
2017-10-04,GBP,NOK,middle,10.5368
2017-10-04,HKD,NOK,middle,1.0166
2017-10-04,HRK,NOK,middle,1.2463
2017-10-04,HUF,NOK,middle,0.030056
2017-10-04,IDR,NOK,middle,0.00058983
2017-10-04,ILS,NOK,middle,2.2605
2017-10-04,INR,NOK,middle,0.12204
2017-10-04,JPY,NOK,middle,0.070607
2017-10-04,KRW,NOK,middle,0.006966
2017-10-04,MMK,NOK,middle,0.005824
2017-10-04,MXN,NOK,middle,0.4373
2017-10-04,MYR,NOK,middle,1.877
2017-10-04,NZD,NOK,middle,5.7022
2017-10-04,PHP,NOK,middle,0.1557
2017-10-04,PKR,NOK,middle,0.07531
2017-10-04,PLN,NOK,middle,2.1767
2017-10-04,RON,NOK,middle,2.0418
2017-10-04,RUB,NOK,middle,0.13792
2017-10-04,SEK,NOK,middle,0.9802
2017-10-04,SGD,NOK,middle,5.8374
2017-10-04,THB,NOK,middle,0.23816
2017-10-04,TRY,NOK,middle,2.2261
2017-10-04,TWD,NOK,middle,0.26102
2017-10-04,TWI,NOK,middle,112.11
2017-10-04,USD,NOK,middle,7.9353
2017-10-04,XDR,NOK,middle,11.21671
2017-10-04,ZAR,NOK,middle,0.5852
2017-10-05,AUD,NOK,middle,6.2271
2017-10-05,BDT,NOK,middle,0.0969
2017-10-05,BGN,NOK,middle,4.7807
2017-10-05,BRL,NOK,middle,2.5427
2017-10-05,BYN,NOK,middle,4.0544
2017-10-05,CAD,NOK,middle,6.3801
2017-10-05,CHF,NOK,middle,8.1503
2017-10-05,CNY,NOK,middle,1.1971
2017-10-05,CZK,NOK,middle,0.36188
2017-10-05,DKK,NOK,middle,1.2563
2017-10-05,EUR,NOK,middle,9.35
2017-10-05,GBP,NOK,middle,10.4876
2017-10-05,HKD,NOK,middle,1.0196
2017-10-05,HRK,NOK,middle,1.2458
2017-10-05,HUF,NOK,middle,0.030024
2017-10-05,IDR,NOK,middle,0.00059165
2017-10-05,ILS,NOK,middle,2.2678
2017-10-05,INR,NOK,middle,0.12223
2017-10-05,JPY,NOK,middle,0.070807
2017-10-05,KRW,NOK,middle,0.00699
2017-10-05,MMK,NOK,middle,0.005844
2017-10-05,MXN,NOK,middle,0.4367
2017-10-05,MYR,NOK,middle,1.8831
2017-10-05,NZD,NOK,middle,5.6967
2017-10-05,PHP,NOK,middle,0.15597
2017-10-05,PKR,NOK,middle,0.07557
2017-10-05,PLN,NOK,middle,2.1744
2017-10-05,RON,NOK,middle,2.0437
2017-10-05,RUB,NOK,middle,0.13846
2017-10-05,SEK,NOK,middle,0.9822
2017-10-05,SGD,NOK,middle,5.8445
2017-10-05,THB,NOK,middle,0.23876
2017-10-05,TRY,NOK,middle,2.2312
2017-10-05,TWD,NOK,middle,0.26245
2017-10-05,TWI,NOK,middle,112.13
2017-10-05,USD,NOK,middle,7.9629
2017-10-05,XDR,NOK,middle,11.23221
2017-10-05,ZAR,NOK,middle,0.5843
2017-10-06,AUD,NOK,middle,6.2231
2017-10-06,BDT,NOK,middle,0.099
2017-10-06,BGN,NOK,middle,4.7919
2017-10-06,BRL,NOK,middle,2.533
2017-10-06,BYN,NOK,middle,4.0638
2017-10-06,CAD,NOK,middle,6.3664
2017-10-06,CHF,NOK,middle,8.1687
2017-10-06,CNY,NOK,middle,1.2032
2017-10-06,CZK,NOK,middle,0.36303
2017-10-06,DKK,NOK,middle,1.2592
2017-10-06,EUR,NOK,middle,9.372
2017-10-06,GBP,NOK,middle,10.4674
2017-10-06,HKD,NOK,middle,1.0255
2017-10-06,HRK,NOK,middle,1.2487
2017-10-06,HUF,NOK,middle,0.0301
2017-10-06,IDR,NOK,middle,0.00059243
2017-10-06,ILS,NOK,middle,2.2761
2017-10-06,INR,NOK,middle,0.12244
2017-10-06,JPY,NOK,middle,0.070877
2017-10-06,KRW,NOK,middle,0.007009
2017-10-06,MMK,NOK,middle,0.005876
2017-10-06,MXN,NOK,middle,0.4328
2017-10-06,MYR,NOK,middle,1.8892
2017-10-06,NZD,NOK,middle,5.6759
2017-10-06,PHP,NOK,middle,0.15626
2017-10-06,PKR,NOK,middle,0.07606
2017-10-06,PLN,NOK,middle,2.1776
2017-10-06,RON,NOK,middle,2.0478
2017-10-06,RUB,NOK,middle,0.13838
2017-10-06,SEK,NOK,middle,0.9822
2017-10-06,SGD,NOK,middle,5.8586
2017-10-06,THB,NOK,middle,0.23925
2017-10-06,TRY,NOK,middle,2.2132
2017-10-06,TWD,NOK,middle,0.26336
2017-10-06,TWI,NOK,middle,112.31
2017-10-06,USD,NOK,middle,8.0055
2017-10-06,XDR,NOK,middle,11.26767
2017-10-06,ZAR,NOK,middle,0.5832
2017-10-09,AUD,NOK,middle,6.1939
2017-10-09,BDT,NOK,middle,0.0973
2017-10-09,BGN,NOK,middle,4.7954
2017-10-09,BRL,NOK,middle,2.5234
2017-10-09,BYN,NOK,middle,4.0459
2017-10-09,CAD,NOK,middle,6.3667
2017-10-09,CHF,NOK,middle,8.1576
2017-10-09,CNY,NOK,middle,1.2057
2017-10-09,CZK,NOK,middle,0.36221
2017-10-09,DKK,NOK,middle,1.2601
2017-10-09,EUR,NOK,middle,9.3788
2017-10-09,GBP,NOK,middle,10.5149
2017-10-09,HKD,NOK,middle,1.0229
2017-10-09,HRK,NOK,middle,1.2501
2017-10-09,HUF,NOK,middle,0.030029
2017-10-09,IDR,NOK,middle,0.00058997
2017-10-09,ILS,NOK,middle,2.2761
2017-10-09,INR,NOK,middle,0.12218
2017-10-09,JPY,NOK,middle,0.070858
2017-10-09,KRW,NOK,middle,0.006983
2017-10-09,MMK,NOK,middle,0.005917
2017-10-09,MXN,NOK,middle,0.4286
2017-10-09,MYR,NOK,middle,1.8867
2017-10-09,NZD,NOK,middle,5.654
2017-10-09,PHP,NOK,middle,0.15582
2017-10-09,PKR,NOK,middle,0.07586
2017-10-09,PLN,NOK,middle,2.1772
2017-10-09,RON,NOK,middle,2.0498
2017-10-09,RUB,NOK,middle,0.13684
2017-10-09,SEK,NOK,middle,0.9836
2017-10-09,SGD,NOK,middle,5.857
2017-10-09,THB,NOK,middle,0.23917
2017-10-09,TRY,NOK,middle,2.1493
2017-10-09,TWD,NOK,middle,0.26269
2017-10-09,TWI,NOK,middle,112.33
2017-10-09,USD,NOK,middle,7.9847
2017-10-09,XDR,NOK,middle,11.2615
2017-10-09,ZAR,NOK,middle,0.579
2017-10-10,AUD,NOK,middle,6.1857
2017-10-10,BDT,NOK,middle,0.0966
2017-10-10,BGN,NOK,middle,4.7932
2017-10-10,BRL,NOK,middle,2.508
2017-10-10,BYN,NOK,middle,4.0379
2017-10-10,CAD,NOK,middle,6.3577
2017-10-10,CHF,NOK,middle,8.1362
2017-10-10,CNY,NOK,middle,1.2079
2017-10-10,CZK,NOK,middle,0.36195
2017-10-10,DKK,NOK,middle,1.2595
2017-10-10,EUR,NOK,middle,9.3745
2017-10-10,GBP,NOK,middle,10.4848
2017-10-10,HKD,NOK,middle,1.0182
2017-10-10,HRK,NOK,middle,1.2494
2017-10-10,HUF,NOK,middle,0.030177
2017-10-10,IDR,NOK,middle,0.00058911
2017-10-10,ILS,NOK,middle,2.2716
2017-10-10,INR,NOK,middle,0.12179
2017-10-10,JPY,NOK,middle,0.070724
2017-10-10,KRW,NOK,middle,0.007016
2017-10-10,MMK,NOK,middle,0.00583
2017-10-10,MXN,NOK,middle,0.4279
2017-10-10,MYR,NOK,middle,1.8831
2017-10-10,NZD,NOK,middle,5.6175
2017-10-10,PHP,NOK,middle,0.15437
2017-10-10,PKR,NOK,middle,0.0755
2017-10-10,PLN,NOK,middle,2.1836
2017-10-10,RON,NOK,middle,2.0489
2017-10-10,RUB,NOK,middle,0.13729
2017-10-10,SEK,NOK,middle,0.984
2017-10-10,SGD,NOK,middle,5.8587
2017-10-10,THB,NOK,middle,0.23892
2017-10-10,TRY,NOK,middle,2.1608
2017-10-10,TWD,NOK,middle,0.26226
2017-10-10,TWI,NOK,middle,112.27
2017-10-10,USD,NOK,middle,7.9465
2017-10-10,XDR,NOK,middle,11.22941
2017-10-10,ZAR,NOK,middle,0.5805
2017-10-11,AUD,NOK,middle,6.1761
2017-10-11,BDT,NOK,middle,0.0974
2017-10-11,BGN,NOK,middle,4.7955
2017-10-11,BRL,NOK,middle,2.5001
2017-10-11,BYN,NOK,middle,4.0214
2017-10-11,CAD,NOK,middle,6.338
2017-10-11,CHF,NOK,middle,8.1387
2017-10-11,CNY,NOK,middle,1.2026
2017-10-11,CZK,NOK,middle,0.36242
2017-10-11,DKK,NOK,middle,1.2601
2017-10-11,EUR,NOK,middle,9.379
2017-10-11,GBP,NOK,middle,10.4548
2017-10-11,HKD,NOK,middle,1.0157
2017-10-11,HRK,NOK,middle,1.2486
2017-10-11,HUF,NOK,middle,0.030262
2017-10-11,IDR,NOK,middle,0.00058626
2017-10-11,ILS,NOK,middle,2.2674
2017-10-11,INR,NOK,middle,0.1217
2017-10-11,JPY,NOK,middle,0.070668
2017-10-11,KRW,NOK,middle,0.007004
2017-10-11,MMK,NOK,middle,0.005812
2017-10-11,MXN,NOK,middle,0.4222
2017-10-11,MYR,NOK,middle,1.8791
2017-10-11,NZD,NOK,middle,5.6084
2017-10-11,PHP,NOK,middle,0.1541
2017-10-11,PKR,NOK,middle,0.0754
2017-10-11,PLN,NOK,middle,2.1887
2017-10-11,RON,NOK,middle,2.0449
2017-10-11,RUB,NOK,middle,0.13702
2017-10-11,SEK,NOK,middle,0.984
2017-10-11,SGD,NOK,middle,5.8458
2017-10-11,THB,NOK,middle,0.23891
2017-10-11,TRY,NOK,middle,2.1642
2017-10-11,TWD,NOK,middle,0.2621
2017-10-11,TWI,NOK,middle,112.21
2017-10-11,USD,NOK,middle,7.9281
2017-10-11,XDR,NOK,middle,11.21546
2017-10-11,ZAR,NOK,middle,0.5843
2017-10-12,AUD,NOK,middle,6.1681
2017-10-12,BDT,NOK,middle,0.0957
2017-10-12,BGN,NOK,middle,4.7858
2017-10-12,BRL,NOK,middle,2.4858
2017-10-12,BYN,NOK,middle,4.0116
2017-10-12,CAD,NOK,middle,6.3308
2017-10-12,CHF,NOK,middle,8.1026
2017-10-12,CNY,NOK,middle,1.1983
2017-10-12,CZK,NOK,middle,0.36152
2017-10-12,DKK,NOK,middle,1.2574
2017-10-12,EUR,NOK,middle,9.3601
2017-10-12,GBP,NOK,middle,10.373
2017-10-12,HKD,NOK,middle,1.0111
2017-10-12,HRK,NOK,middle,1.2465
2017-10-12,HUF,NOK,middle,0.030274
2017-10-12,IDR,NOK,middle,0.00058441
2017-10-12,ILS,NOK,middle,2.2616
2017-10-12,INR,NOK,middle,0.1214
2017-10-12,JPY,NOK,middle,0.070313
2017-10-12,KRW,NOK,middle,0.006975
2017-10-12,MMK,NOK,middle,0.005784
2017-10-12,MXN,NOK,middle,0.4214
2017-10-12,MYR,NOK,middle,1.8707
2017-10-12,NZD,NOK,middle,5.6133
2017-10-12,PHP,NOK,middle,0.15319
2017-10-12,PKR,NOK,middle,0.07515
2017-10-12,PLN,NOK,middle,2.1905
2017-10-12,RON,NOK,middle,2.0384
2017-10-12,RUB,NOK,middle,0.13684
2017-10-12,SEK,NOK,middle,0.9762
2017-10-12,SGD,NOK,middle,5.83
2017-10-12,THB,NOK,middle,0.23844
2017-10-12,TRY,NOK,middle,2.1553
2017-10-12,TWD,NOK,middle,0.26141
2017-10-12,TWI,NOK,middle,111.79
2017-10-12,USD,NOK,middle,7.8948
2017-10-12,XDR,NOK,middle,11.17198
2017-10-12,ZAR,NOK,middle,0.5847
2017-10-13,AUD,NOK,middle,6.193
2017-10-13,BDT,NOK,middle,0.0978
2017-10-13,BGN,NOK,middle,4.775
2017-10-13,BRL,NOK,middle,2.4893
2017-10-13,BYN,NOK,middle,4.0263
2017-10-13,CAD,NOK,middle,6.3268
2017-10-13,CHF,NOK,middle,8.0976
2017-10-13,CNY,NOK,middle,1.1999
2017-10-13,CZK,NOK,middle,0.36179
2017-10-13,DKK,NOK,middle,1.2546
2017-10-13,EUR,NOK,middle,9.339
2017-10-13,GBP,NOK,middle,10.4956
2017-10-13,HKD,NOK,middle,1.0128
2017-10-13,HRK,NOK,middle,1.2438
2017-10-13,HUF,NOK,middle,0.030259
2017-10-13,IDR,NOK,middle,0.00058593
2017-10-13,ILS,NOK,middle,2.2597
2017-10-13,INR,NOK,middle,0.12174
2017-10-13,JPY,NOK,middle,0.070488
2017-10-13,KRW,NOK,middle,0.007001
2017-10-13,MMK,NOK,middle,0.005827
2017-10-13,MXN,NOK,middle,0.4171
2017-10-13,MYR,NOK,middle,1.8741
2017-10-13,NZD,NOK,middle,5.646
2017-10-13,PHP,NOK,middle,0.15378
2017-10-13,PKR,NOK,middle,0.07511
2017-10-13,PLN,NOK,middle,2.1946
2017-10-13,RON,NOK,middle,2.0362
2017-10-13,RUB,NOK,middle,0.1371
2017-10-13,SEK,NOK,middle,0.9723
2017-10-13,SGD,NOK,middle,5.8321
2017-10-13,THB,NOK,middle,0.23876
2017-10-13,TRY,NOK,middle,2.1606
2017-10-13,TWD,NOK,middle,0.26224
2017-10-13,TWI,NOK,middle,111.82
2017-10-13,USD,NOK,middle,7.9077
2017-10-13,XDR,NOK,middle,11.1876
2017-10-13,ZAR,NOK,middle,0.5909
2017-10-16,AUD,NOK,middle,6.2105
2017-10-16,BDT,NOK,middle,0.097
2017-10-16,BGN,NOK,middle,4.7619
2017-10-16,BRL,NOK,middle,2.4966
2017-10-16,BYN,NOK,middle,4.0305
2017-10-16,CAD,NOK,middle,6.2928
2017-10-16,CHF,NOK,middle,8.0887
2017-10-16,CNY,NOK,middle,1.1974
2017-10-16,CZK,NOK,middle,0.3614
2017-10-16,DKK,NOK,middle,1.2511
2017-10-16,EUR,NOK,middle,9.3133
2017-10-16,GBP,NOK,middle,10.4935
2017-10-16,HKD,NOK,middle,1.0104
2017-10-16,HRK,NOK,middle,1.2411
2017-10-16,HUF,NOK,middle,0.030284
2017-10-16,IDR,NOK,middle,0.00058525
2017-10-16,ILS,NOK,middle,2.2566
2017-10-16,INR,NOK,middle,0.12188
2017-10-16,JPY,NOK,middle,0.070561
2017-10-16,KRW,NOK,middle,0.007002
2017-10-16,MMK,NOK,middle,0.005783
2017-10-16,MXN,NOK,middle,0.4141
2017-10-16,MYR,NOK,middle,1.8712
2017-10-16,NZD,NOK,middle,5.6719
2017-10-16,PHP,NOK,middle,0.15394
2017-10-16,PKR,NOK,middle,0.07497
2017-10-16,PLN,NOK,middle,2.1977
2017-10-16,RON,NOK,middle,2.0318
2017-10-16,RUB,NOK,middle,0.13802
2017-10-16,SEK,NOK,middle,0.9713
2017-10-16,SGD,NOK,middle,5.8369
2017-10-16,THB,NOK,middle,0.23867
2017-10-16,TRY,NOK,middle,2.1671
2017-10-16,TWD,NOK,middle,0.26179
2017-10-16,TWI,NOK,middle,111.65
2017-10-16,USD,NOK,middle,7.8906
2017-10-16,XDR,NOK,middle,11.16582
2017-10-16,ZAR,NOK,middle,0.5926
2017-10-17,AUD,NOK,middle,6.2198
2017-10-17,BDT,NOK,middle,0.0963
2017-10-17,BGN,NOK,middle,4.7684
2017-10-17,BRL,NOK,middle,2.4964
2017-10-17,BYN,NOK,middle,4.0433
2017-10-17,CAD,NOK,middle,6.3266
2017-10-17,CHF,NOK,middle,8.1067
2017-10-17,CNY,NOK,middle,1.198
2017-10-17,CZK,NOK,middle,0.36241
2017-10-17,DKK,NOK,middle,1.2528
2017-10-17,EUR,NOK,middle,9.326
2017-10-17,GBP,NOK,middle,10.4613
2017-10-17,HKD,NOK,middle,1.0158
2017-10-17,HRK,NOK,middle,1.2421
2017-10-17,HUF,NOK,middle,0.030343
2017-10-17,IDR,NOK,middle,0.00058728
2017-10-17,ILS,NOK,middle,2.2595
2017-10-17,INR,NOK,middle,0.12196
2017-10-17,JPY,NOK,middle,0.070684
2017-10-17,KRW,NOK,middle,0.007022
2017-10-17,MMK,NOK,middle,0.005811
2017-10-17,MXN,NOK,middle,0.4157
2017-10-17,MYR,NOK,middle,1.8778
2017-10-17,NZD,NOK,middle,5.6953
2017-10-17,PHP,NOK,middle,0.15449
2017-10-17,PKR,NOK,middle,0.0753
2017-10-17,PLN,NOK,middle,2.2048
2017-10-17,RON,NOK,middle,2.0362
2017-10-17,RUB,NOK,middle,0.13822
2017-10-17,SEK,NOK,middle,0.9734
2017-10-17,SGD,NOK,middle,5.8463
2017-10-17,THB,NOK,middle,0.23946
2017-10-17,TRY,NOK,middle,2.1663
2017-10-17,TWD,NOK,middle,0.2627
2017-10-17,TWI,NOK,middle,111.8
2017-10-17,USD,NOK,middle,7.9309
2017-10-17,XDR,NOK,middle,11.196
2017-10-17,ZAR,NOK,middle,0.5903
2017-10-18,AUD,NOK,middle,6.2346
2017-10-18,BDT,NOK,middle,0.0966
2017-10-18,BGN,NOK,middle,4.7845
2017-10-18,BRL,NOK,middle,2.5155
2017-10-18,BYN,NOK,middle,4.0621
2017-10-18,CAD,NOK,middle,6.357
2017-10-18,CHF,NOK,middle,8.101
2017-10-18,CNY,NOK,middle,1.2017
2017-10-18,CZK,NOK,middle,0.36403
2017-10-18,DKK,NOK,middle,1.2571
2017-10-18,EUR,NOK,middle,9.3575
2017-10-18,GBP,NOK,middle,10.4807
2017-10-18,HKD,NOK,middle,1.02
2017-10-18,HRK,NOK,middle,1.2464
2017-10-18,HUF,NOK,middle,0.030355
2017-10-18,IDR,NOK,middle,0.00058927
2017-10-18,ILS,NOK,middle,2.2667
2017-10-18,INR,NOK,middle,0.12243
2017-10-18,JPY,NOK,middle,0.070559
2017-10-18,KRW,NOK,middle,0.00704
2017-10-18,MMK,NOK,middle,0.005824
2017-10-18,MXN,NOK,middle,0.4228
2017-10-18,MYR,NOK,middle,1.8858
2017-10-18,NZD,NOK,middle,5.6753
2017-10-18,PHP,NOK,middle,0.15472
2017-10-18,PKR,NOK,middle,0.07563
2017-10-18,PLN,NOK,middle,2.2134
2017-10-18,RON,NOK,middle,2.0396
2017-10-18,RUB,NOK,middle,0.13872
2017-10-18,SEK,NOK,middle,0.9753
2017-10-18,SGD,NOK,middle,5.8624
2017-10-18,THB,NOK,middle,0.24018
2017-10-18,TRY,NOK,middle,2.1648
2017-10-18,TWD,NOK,middle,0.26362
2017-10-18,TWI,NOK,middle,112.13
2017-10-18,USD,NOK,middle,7.9645
2017-10-18,XDR,NOK,middle,11.232
2017-10-18,ZAR,NOK,middle,0.5885
2017-10-19,AUD,NOK,middle,6.2655
2017-10-19,BDT,NOK,middle,0.0965
2017-10-19,BGN,NOK,middle,4.8159
2017-10-19,BRL,NOK,middle,2.5077
2017-10-19,BYN,NOK,middle,4.0723
2017-10-19,CAD,NOK,middle,6.3888
2017-10-19,CHF,NOK,middle,8.1613
2017-10-19,CNY,NOK,middle,1.2028
2017-10-19,CZK,NOK,middle,0.36614
2017-10-19,DKK,NOK,middle,1.2653
2017-10-19,EUR,NOK,middle,9.419
2017-10-19,GBP,NOK,middle,10.4871
2017-10-19,HKD,NOK,middle,1.0201
2017-10-19,HRK,NOK,middle,1.2544
2017-10-19,HUF,NOK,middle,0.030531
2017-10-19,IDR,NOK,middle,0.00058892
2017-10-19,ILS,NOK,middle,2.2772
2017-10-19,INR,NOK,middle,0.1224
2017-10-19,JPY,NOK,middle,0.070724
2017-10-19,KRW,NOK,middle,0.007034
2017-10-19,MMK,NOK,middle,0.00582
2017-10-19,MXN,NOK,middle,0.4229
2017-10-19,MYR,NOK,middle,1.8845
2017-10-19,NZD,NOK,middle,5.5863
2017-10-19,PHP,NOK,middle,0.15476
2017-10-19,PKR,NOK,middle,0.07555
2017-10-19,PLN,NOK,middle,2.2219
2017-10-19,RON,NOK,middle,2.0495
2017-10-19,RUB,NOK,middle,0.13815
2017-10-19,SEK,NOK,middle,0.9766
2017-10-19,SGD,NOK,middle,5.8663
2017-10-19,THB,NOK,middle,0.24028
2017-10-19,TRY,NOK,middle,2.1741
2017-10-19,TWD,NOK,middle,0.26319
2017-10-19,TWI,NOK,middle,112.53
2017-10-19,USD,NOK,middle,7.9593
2017-10-19,XDR,NOK,middle,11.25734
2017-10-19,ZAR,NOK,middle,0.5877
2017-10-20,AUD,NOK,middle,6.2534
2017-10-20,BDT,NOK,middle,0.0965
2017-10-20,BGN,NOK,middle,4.8136
2017-10-20,BRL,NOK,middle,2.5093
2017-10-20,BYN,NOK,middle,4.0795
2017-10-20,CAD,NOK,middle,6.3762
2017-10-20,CHF,NOK,middle,8.118
2017-10-20,CNY,NOK,middle,1.2036
2017-10-20,CZK,NOK,middle,0.36647
2017-10-20,DKK,NOK,middle,1.2647
2017-10-20,EUR,NOK,middle,9.4145
2017-10-20,GBP,NOK,middle,10.5046
2017-10-20,HKD,NOK,middle,1.0209
2017-10-20,HRK,NOK,middle,1.2542
2017-10-20,HUF,NOK,middle,0.030554
2017-10-20,IDR,NOK,middle,0.00058966
2017-10-20,ILS,NOK,middle,2.2841
2017-10-20,INR,NOK,middle,0.12254
2017-10-20,JPY,NOK,middle,0.070389
2017-10-20,KRW,NOK,middle,0.007046
2017-10-20,MMK,NOK,middle,0.005825
2017-10-20,MXN,NOK,middle,0.4216
2017-10-20,MYR,NOK,middle,1.8855
2017-10-20,NZD,NOK,middle,5.5757
2017-10-20,PHP,NOK,middle,0.15468
2017-10-20,PKR,NOK,middle,0.0756
2017-10-20,PLN,NOK,middle,2.2223
2017-10-20,RON,NOK,middle,2.0479
2017-10-20,RUB,NOK,middle,0.13872
2017-10-20,SEK,NOK,middle,0.9762
2017-10-20,SGD,NOK,middle,5.8643
2017-10-20,THB,NOK,middle,0.24024
2017-10-20,TRY,NOK,middle,2.1748
2017-10-20,TWD,NOK,middle,0.26347
2017-10-20,TWI,NOK,middle,112.53
2017-10-20,USD,NOK,middle,7.9662
2017-10-20,XDR,NOK,middle,11.25798
2017-10-20,ZAR,NOK,middle,0.5822
2017-10-23,AUD,NOK,middle,6.2514
2017-10-23,BDT,NOK,middle,0.0963
2017-10-23,BGN,NOK,middle,4.8002
2017-10-23,BRL,NOK,middle,2.504
2017-10-23,BYN,NOK,middle,4.0967
2017-10-23,CAD,NOK,middle,6.3285
2017-10-23,CHF,NOK,middle,8.1066
2017-10-23,CNY,NOK,middle,1.2043
2017-10-23,CZK,NOK,middle,0.36614
2017-10-23,DKK,NOK,middle,1.2612
2017-10-23,EUR,NOK,middle,9.3883
2017-10-23,GBP,NOK,middle,10.538
2017-10-23,HKD,NOK,middle,1.0248
2017-10-23,HRK,NOK,middle,1.2506
2017-10-23,HUF,NOK,middle,0.030476
2017-10-23,IDR,NOK,middle,0.00059087
2017-10-23,ILS,NOK,middle,2.2898
2017-10-23,INR,NOK,middle,0.12299
2017-10-23,JPY,NOK,middle,0.070277
2017-10-23,KRW,NOK,middle,0.007078
2017-10-23,MMK,NOK,middle,0.005846
2017-10-23,MXN,NOK,middle,0.4211
2017-10-23,MYR,NOK,middle,1.8883
2017-10-23,NZD,NOK,middle,5.5757
2017-10-23,PHP,NOK,middle,0.15529
2017-10-23,PKR,NOK,middle,0.07593
2017-10-23,PLN,NOK,middle,2.2212
2017-10-23,RON,NOK,middle,2.0409
2017-10-23,RUB,NOK,middle,0.13921
2017-10-23,SEK,NOK,middle,0.9735
2017-10-23,SGD,NOK,middle,5.8692
2017-10-23,THB,NOK,middle,0.24094
2017-10-23,TRY,NOK,middle,2.1639
2017-10-23,TWD,NOK,middle,0.26427
2017-10-23,TWI,NOK,middle,112.42
2017-10-23,USD,NOK,middle,7.9968
2017-10-23,XDR,NOK,middle,11.26944
2017-10-23,ZAR,NOK,middle,0.5842
2017-10-24,AUD,NOK,middle,6.2104
2017-10-24,BDT,NOK,middle,0.0961
2017-10-24,BGN,NOK,middle,4.8002
2017-10-24,BRL,NOK,middle,2.4692
2017-10-24,BYN,NOK,middle,4.0852
2017-10-24,CAD,NOK,middle,6.3115
2017-10-24,CHF,NOK,middle,8.0843
2017-10-24,CNY,NOK,middle,1.2033
2017-10-24,CZK,NOK,middle,0.36697
2017-10-24,DKK,NOK,middle,1.2613
2017-10-24,EUR,NOK,middle,9.3883
2017-10-24,GBP,NOK,middle,10.5129
2017-10-24,HKD,NOK,middle,1.0227
2017-10-24,HRK,NOK,middle,1.2496
2017-10-24,HUF,NOK,middle,0.030429
2017-10-24,IDR,NOK,middle,0.00058908
2017-10-24,ILS,NOK,middle,2.2796
2017-10-24,INR,NOK,middle,0.1226
2017-10-24,JPY,NOK,middle,0.070088
2017-10-24,KRW,NOK,middle,0.007071
2017-10-24,MMK,NOK,middle,0.005833
2017-10-24,MXN,NOK,middle,0.4176
2017-10-24,MYR,NOK,middle,1.8833
2017-10-24,NZD,NOK,middle,5.5199
2017-10-24,PHP,NOK,middle,0.15441
2017-10-24,PKR,NOK,middle,0.07581
2017-10-24,PLN,NOK,middle,2.2141
2017-10-24,RON,NOK,middle,2.0404
2017-10-24,RUB,NOK,middle,0.13886
2017-10-24,SEK,NOK,middle,0.9731
2017-10-24,SGD,NOK,middle,5.8593
2017-10-24,THB,NOK,middle,0.24051
2017-10-24,TRY,NOK,middle,2.1458
2017-10-24,TWD,NOK,middle,0.26364
2017-10-24,TWI,NOK,middle,112.3
2017-10-24,USD,NOK,middle,7.9826
2017-10-24,XDR,NOK,middle,11.25474
2017-10-24,ZAR,NOK,middle,0.5817
2017-10-25,AUD,NOK,middle,6.1761
2017-10-25,BDT,NOK,middle,0.0965
2017-10-25,BGN,NOK,middle,4.8258
2017-10-25,BRL,NOK,middle,2.475
2017-10-25,BYN,NOK,middle,4.0944
2017-10-25,CAD,NOK,middle,6.3078
2017-10-25,CHF,NOK,middle,8.0738
2017-10-25,CNY,NOK,middle,1.2051
2017-10-25,CZK,NOK,middle,0.36884
2017-10-25,DKK,NOK,middle,1.2681
2017-10-25,EUR,NOK,middle,9.4383
2017-10-25,GBP,NOK,middle,10.6188
2017-10-25,HKD,NOK,middle,1.0262
2017-10-25,HRK,NOK,middle,1.256
2017-10-25,HUF,NOK,middle,0.03043
2017-10-25,IDR,NOK,middle,0.00059009
2017-10-25,ILS,NOK,middle,2.2838
2017-10-25,INR,NOK,middle,0.12335
2017-10-25,JPY,NOK,middle,0.07022
2017-10-25,KRW,NOK,middle,0.007121
2017-10-25,MMK,NOK,middle,0.005878
2017-10-25,MXN,NOK,middle,0.4176
2017-10-25,MYR,NOK,middle,1.8909
2017-10-25,NZD,NOK,middle,5.5121
2017-10-25,PHP,NOK,middle,0.15463
2017-10-25,PKR,NOK,middle,0.07602
2017-10-25,PLN,NOK,middle,2.2284
2017-10-25,RON,NOK,middle,2.0529
2017-10-25,RUB,NOK,middle,0.13908
2017-10-25,SEK,NOK,middle,0.9744
2017-10-25,SGD,NOK,middle,5.8817
2017-10-25,THB,NOK,middle,0.24137
2017-10-25,TRY,NOK,middle,2.1465
2017-10-25,TWD,NOK,middle,0.26478
2017-10-25,TWI,NOK,middle,112.82
2017-10-25,USD,NOK,middle,8.0087
2017-10-25,XDR,NOK,middle,11.30654
2017-10-25,ZAR,NOK,middle,0.5791
2017-10-26,AUD,NOK,middle,6.2215
2017-10-26,BDT,NOK,middle,0.0972
2017-10-26,BGN,NOK,middle,4.8504
2017-10-26,BRL,NOK,middle,2.4945
2017-10-26,BYN,NOK,middle,4.116
2017-10-26,CAD,NOK,middle,6.3071
2017-10-26,CHF,NOK,middle,8.1234
2017-10-26,CNY,NOK,middle,1.2162
2017-10-26,CZK,NOK,middle,0.37073
2017-10-26,DKK,NOK,middle,1.2745
2017-10-26,EUR,NOK,middle,9.4865
2017-10-26,GBP,NOK,middle,10.6578
2017-10-26,HKD,NOK,middle,1.0345
2017-10-26,HRK,NOK,middle,1.2623
2017-10-26,HUF,NOK,middle,0.03057
2017-10-26,IDR,NOK,middle,0.00059358
2017-10-26,ILS,NOK,middle,2.2946
2017-10-26,INR,NOK,middle,0.12445
2017-10-26,JPY,NOK,middle,0.070927
2017-10-26,KRW,NOK,middle,0.007185
2017-10-26,MMK,NOK,middle,0.005896
2017-10-26,MXN,NOK,middle,0.4241
2017-10-26,MYR,NOK,middle,1.9064
2017-10-26,NZD,NOK,middle,5.5418
2017-10-26,PHP,NOK,middle,0.15567
2017-10-26,PKR,NOK,middle,0.07663
2017-10-26,PLN,NOK,middle,2.24
2017-10-26,RON,NOK,middle,2.063
2017-10-26,RUB,NOK,middle,0.14
2017-10-26,SEK,NOK,middle,0.9758
2017-10-26,SGD,NOK,middle,5.9254
2017-10-26,THB,NOK,middle,0.24341
2017-10-26,TRY,NOK,middle,2.1396
2017-10-26,TWD,NOK,middle,0.26708
2017-10-26,TWI,NOK,middle,113.39
2017-10-26,USD,NOK,middle,8.0716
2017-10-26,XDR,NOK,middle,11.38048
2017-10-26,ZAR,NOK,middle,0.5667
2017-10-27,AUD,NOK,middle,6.2745
2017-10-27,BDT,NOK,middle,0.0988
2017-10-27,BGN,NOK,middle,4.8751
2017-10-27,BRL,NOK,middle,2.49
2017-10-27,BYN,NOK,middle,4.1497
2017-10-27,CAD,NOK,middle,6.3731
2017-10-27,CHF,NOK,middle,8.197
2017-10-27,CNY,NOK,middle,1.2347
2017-10-27,CZK,NOK,middle,0.37139
2017-10-27,DKK,NOK,middle,1.2814
2017-10-27,EUR,NOK,middle,9.5348
2017-10-27,GBP,NOK,middle,10.7576
2017-10-27,HKD,NOK,middle,1.0529
2017-10-27,HRK,NOK,middle,1.2692
2017-10-27,HUF,NOK,middle,0.030636
2017-10-27,IDR,NOK,middle,0.00060275
2017-10-27,ILS,NOK,middle,2.319
2017-10-27,INR,NOK,middle,0.12629
2017-10-27,JPY,NOK,middle,0.07195
2017-10-27,KRW,NOK,middle,0.007282
2017-10-27,MMK,NOK,middle,0.005999
2017-10-27,MXN,NOK,middle,0.4266
2017-10-27,MYR,NOK,middle,1.9369
2017-10-27,NZD,NOK,middle,5.617
2017-10-27,PHP,NOK,middle,0.15845
2017-10-27,PKR,NOK,middle,0.07799
2017-10-27,PLN,NOK,middle,2.2455
2017-10-27,RON,NOK,middle,2.0723
2017-10-27,RUB,NOK,middle,0.14055
2017-10-27,SEK,NOK,middle,0.979
2017-10-27,SGD,NOK,middle,5.9971
2017-10-27,THB,NOK,middle,0.24673
2017-10-27,TRY,NOK,middle,2.1494
2017-10-27,TWD,NOK,middle,0.27151
2017-10-27,TWI,NOK,middle,114.2
2017-10-27,USD,NOK,middle,8.2161
2017-10-27,XDR,NOK,middle,11.52014
2017-10-27,ZAR,NOK,middle,0.5784
2017-10-30,AUD,NOK,middle,6.2609
2017-10-30,BDT,NOK,middle,0.0982
2017-10-30,BGN,NOK,middle,4.8492
2017-10-30,BRL,NOK,middle,2.5097
2017-10-30,BYN,NOK,middle,4.1385
2017-10-30,CAD,NOK,middle,6.3574
2017-10-30,CHF,NOK,middle,8.1737
2017-10-30,CNY,NOK,middle,1.2291
2017-10-30,CZK,NOK,middle,0.36982
2017-10-30,DKK,NOK,middle,1.2746
2017-10-30,EUR,NOK,middle,9.484
2017-10-30,GBP,NOK,middle,10.7797
2017-10-30,HKD,NOK,middle,1.047
2017-10-30,HRK,NOK,middle,1.2608
2017-10-30,HUF,NOK,middle,0.030494
2017-10-30,IDR,NOK,middle,0.00060167
2017-10-30,ILS,NOK,middle,2.3146
2017-10-30,INR,NOK,middle,0.12586
2017-10-30,JPY,NOK,middle,0.071941
2017-10-30,KRW,NOK,middle,0.007262
2017-10-30,MMK,NOK,middle,0.005964
2017-10-30,MXN,NOK,middle,0.4277
2017-10-30,MYR,NOK,middle,1.9274
2017-10-30,NZD,NOK,middle,5.5973
2017-10-30,PHP,NOK,middle,0.15786
2017-10-30,PKR,NOK,middle,0.07753
2017-10-30,PLN,NOK,middle,2.2351
2017-10-30,RON,NOK,middle,2.0622
2017-10-30,RUB,NOK,middle,0.1413
2017-10-30,SEK,NOK,middle,0.9768
2017-10-30,SGD,NOK,middle,5.9889
2017-10-30,THB,NOK,middle,0.24571
2017-10-30,TRY,NOK,middle,2.1628
2017-10-30,TWD,NOK,middle,0.27059
2017-10-30,TWI,NOK,middle,113.83
2017-10-30,USD,NOK,middle,8.1674
2017-10-30,XDR,NOK,middle,11.4692
2017-10-30,ZAR,NOK,middle,0.5806
2017-10-31,AUD,NOK,middle,6.2615
2017-10-31,BDT,NOK,middle,0.0987
2017-10-31,BGN,NOK,middle,4.8695
2017-10-31,BRL,NOK,middle,2.5024
2017-10-31,BYN,NOK,middle,4.1381
2017-10-31,CAD,NOK,middle,6.3475
2017-10-31,CHF,NOK,middle,8.1946
2017-10-31,CNY,NOK,middle,1.234
2017-10-31,CZK,NOK,middle,0.37102
2017-10-31,DKK,NOK,middle,1.2799
2017-10-31,EUR,NOK,middle,9.5238
2017-10-31,GBP,NOK,middle,10.8406
2017-10-31,HKD,NOK,middle,1.0492
2017-10-31,HRK,NOK,middle,1.266
2017-10-31,HUF,NOK,middle,0.03056
2017-10-31,IDR,NOK,middle,0.00060327
2017-10-31,ILS,NOK,middle,2.3233
2017-10-31,INR,NOK,middle,0.12638
2017-10-31,JPY,NOK,middle,0.07215
2017-10-31,KRW,NOK,middle,0.007318
2017-10-31,MMK,NOK,middle,0.005975
2017-10-31,MXN,NOK,middle,0.4271
2017-10-31,MYR,NOK,middle,1.9337
2017-10-31,NZD,NOK,middle,5.6006
2017-10-31,PHP,NOK,middle,0.15861
2017-10-31,PKR,NOK,middle,0.07769
2017-10-31,PLN,NOK,middle,2.2441
2017-10-31,RON,NOK,middle,2.0702
2017-10-31,RUB,NOK,middle,0.14032
2017-10-31,SEK,NOK,middle,0.9777
2017-10-31,SGD,NOK,middle,6.0049
2017-10-31,THB,NOK,middle,0.24641
2017-10-31,TRY,NOK,middle,2.1565
2017-10-31,TWD,NOK,middle,0.27128
2017-10-31,TWI,NOK,middle,114.19
2017-10-31,USD,NOK,middle,8.1834
2017-10-31,XDR,NOK,middle,11.5057
2017-10-31,ZAR,NOK,middle,0.5795
2017-11-01,AUD,NOK,middle,6.2507
2017-11-01,BDT,NOK,middle,0.098
2017-11-01,BGN,NOK,middle,4.8374
2017-11-01,BRL,NOK,middle,2.4799
2017-11-01,BYN,NOK,middle,4.1233
2017-11-01,CAD,NOK,middle,6.3132
2017-11-01,CHF,NOK,middle,8.128
2017-11-01,CNY,NOK,middle,1.2324
2017-11-01,CZK,NOK,middle,0.37019
2017-11-01,DKK,NOK,middle,1.2714
2017-11-01,EUR,NOK,middle,9.461
2017-11-01,GBP,NOK,middle,10.8268
2017-11-01,HKD,NOK,middle,1.0443
2017-11-01,HRK,NOK,middle,1.2581
2017-11-01,HUF,NOK,middle,0.030348
2017-11-01,IDR,NOK,middle,0.00059979
2017-11-01,ILS,NOK,middle,2.3163
2017-11-01,INR,NOK,middle,0.12612
2017-11-01,JPY,NOK,middle,0.07135
2017-11-01,KRW,NOK,middle,0.007326
2017-11-01,MMK,NOK,middle,0.005949
2017-11-01,MXN,NOK,middle,0.4247
2017-11-01,MYR,NOK,middle,1.9255
2017-11-01,NZD,NOK,middle,5.6095
2017-11-01,PHP,NOK,middle,0.15766
2017-11-01,PKR,NOK,middle,0.07745
2017-11-01,PLN,NOK,middle,2.2346
2017-11-01,RON,NOK,middle,2.0553
2017-11-01,RUB,NOK,middle,0.14014
2017-11-01,SEK,NOK,middle,0.97
2017-11-01,SGD,NOK,middle,5.9849
2017-11-01,THB,NOK,middle,0.24571
2017-11-01,TRY,NOK,middle,2.1311
2017-11-01,TWD,NOK,middle,0.27014
2017-11-01,TWI,NOK,middle,113.58
2017-11-01,USD,NOK,middle,8.1476
2017-11-01,XDR,NOK,middle,11.44451
2017-11-01,ZAR,NOK,middle,0.5772
2017-11-02,AUD,NOK,middle,6.2736
2017-11-02,BDT,NOK,middle,0.0979
2017-11-02,BGN,NOK,middle,4.8491
2017-11-02,BRL,NOK,middle,2.4927
2017-11-02,BYN,NOK,middle,4.1121
2017-11-02,CAD,NOK,middle,6.3394
2017-11-02,CHF,NOK,middle,8.1427
2017-11-02,CNY,NOK,middle,1.2315
2017-11-02,CZK,NOK,middle,0.3714
2017-11-02,DKK,NOK,middle,1.2744
2017-11-02,EUR,NOK,middle,9.4838
2017-11-02,GBP,NOK,middle,10.6932
2017-11-02,HKD,NOK,middle,1.0439
2017-11-02,HRK,NOK,middle,1.2594
2017-11-02,HUF,NOK,middle,0.030504
2017-11-02,IDR,NOK,middle,0.00060202
2017-11-02,ILS,NOK,middle,2.3219
2017-11-02,INR,NOK,middle,0.12607
2017-11-02,JPY,NOK,middle,0.07136
2017-11-02,KRW,NOK,middle,0.007324
2017-11-02,MMK,NOK,middle,0.005947
2017-11-02,MXN,NOK,middle,0.4266
2017-11-02,MYR,NOK,middle,1.9251
2017-11-02,NZD,NOK,middle,5.6227
2017-11-02,PHP,NOK,middle,0.15823
2017-11-02,PKR,NOK,middle,0.07735
2017-11-02,PLN,NOK,middle,2.238
2017-11-02,RON,NOK,middle,2.0621
2017-11-02,RUB,NOK,middle,0.1394
2017-11-02,SEK,NOK,middle,0.9716
2017-11-02,SGD,NOK,middle,5.9861
2017-11-02,THB,NOK,middle,0.2459
2017-11-02,TRY,NOK,middle,2.1303
2017-11-02,TWD,NOK,middle,0.26982
2017-11-02,TWI,NOK,middle,113.57
2017-11-02,USD,NOK,middle,8.1441
2017-11-02,XDR,NOK,middle,11.43708
2017-11-02,ZAR,NOK,middle,0.5823
2017-11-03,AUD,NOK,middle,6.2462
2017-11-03,BDT,NOK,middle,0.0978
2017-11-03,BGN,NOK,middle,4.8493
2017-11-03,BRL,NOK,middle,2.4951
2017-11-03,BYN,NOK,middle,4.1061
2017-11-03,CAD,NOK,middle,6.3953
2017-11-03,CHF,NOK,middle,8.1515
2017-11-03,CNY,NOK,middle,1.2285
2017-11-03,CZK,NOK,middle,0.36973
2017-11-03,DKK,NOK,middle,1.2744
2017-11-03,EUR,NOK,middle,9.4843
2017-11-03,GBP,NOK,middle,10.6657
2017-11-03,HKD,NOK,middle,1.0428
2017-11-03,HRK,NOK,middle,1.259
2017-11-03,HUF,NOK,middle,0.030566
2017-11-03,IDR,NOK,middle,0.00060298
2017-11-03,ILS,NOK,middle,2.3224
2017-11-03,INR,NOK,middle,0.1261
2017-11-03,JPY,NOK,middle,0.071407
2017-11-03,KRW,NOK,middle,0.007303
2017-11-03,MMK,NOK,middle,0.005941
2017-11-03,MXN,NOK,middle,0.4283
2017-11-03,MYR,NOK,middle,1.9225
2017-11-03,NZD,NOK,middle,5.6464
2017-11-03,PHP,NOK,middle,0.15907
2017-11-03,PKR,NOK,middle,0.0773
2017-11-03,PLN,NOK,middle,2.2378
2017-11-03,RON,NOK,middle,2.0628
2017-11-03,RUB,NOK,middle,0.13887
2017-11-03,SEK,NOK,middle,0.9687
2017-11-03,SGD,NOK,middle,5.9823
2017-11-03,THB,NOK,middle,0.24566
2017-11-03,TRY,NOK,middle,2.111
2017-11-03,TWD,NOK,middle,0.2696
2017-11-03,TWI,NOK,middle,113.46
2017-11-03,USD,NOK,middle,8.1361
2017-11-03,XDR,NOK,middle,11.42958
2017-11-03,ZAR,NOK,middle,0.5759
2017-11-06,AUD,NOK,middle,6.2421
2017-11-06,BDT,NOK,middle,0.0979
2017-11-06,BGN,NOK,middle,4.8256
2017-11-06,BRL,NOK,middle,2.4724
2017-11-06,BYN,NOK,middle,4.1076
2017-11-06,CAD,NOK,middle,6.3826
2017-11-06,CHF,NOK,middle,8.1411
2017-11-06,CNY,NOK,middle,1.2275
2017-11-06,CZK,NOK,middle,0.3685
2017-11-06,DKK,NOK,middle,1.2682
2017-11-06,EUR,NOK,middle,9.438
2017-11-06,GBP,NOK,middle,10.6777
2017-11-06,HKD,NOK,middle,1.0436
2017-11-06,HRK,NOK,middle,1.2521
2017-11-06,HUF,NOK,middle,0.030333
2017-11-06,IDR,NOK,middle,0.00060249
2017-11-06,ILS,NOK,middle,2.3177
2017-11-06,INR,NOK,middle,0.12591
2017-11-06,JPY,NOK,middle,0.071343
2017-11-06,KRW,NOK,middle,0.007323
2017-11-06,MMK,NOK,middle,0.005946
2017-11-06,MXN,NOK,middle,0.4263
2017-11-06,MYR,NOK,middle,1.9226
2017-11-06,NZD,NOK,middle,5.6189
2017-11-06,PHP,NOK,middle,0.15937
2017-11-06,PKR,NOK,middle,0.07726
2017-11-06,PLN,NOK,middle,2.2255
2017-11-06,RON,NOK,middle,2.0564
2017-11-06,RUB,NOK,middle,0.13812
2017-11-06,SEK,NOK,middle,0.9662
2017-11-06,SGD,NOK,middle,5.9674
2017-11-06,THB,NOK,middle,0.24554
2017-11-06,TRY,NOK,middle,2.106
2017-11-06,TWD,NOK,middle,0.26972
2017-11-06,TWI,NOK,middle,113.13
2017-11-06,USD,NOK,middle,8.1432
2017-11-06,XDR,NOK,middle,11.41526
2017-11-06,ZAR,NOK,middle,0.5734
2017-11-07,AUD,NOK,middle,6.2562
2017-11-07,BDT,NOK,middle,0.101
2017-11-07,BGN,NOK,middle,4.834
2017-11-07,BRL,NOK,middle,2.4997
2017-11-07,BYN,NOK,middle,4.1246
2017-11-07,CAD,NOK,middle,6.4049
2017-11-07,CHF,NOK,middle,8.1806
2017-11-07,CNY,NOK,middle,1.2318
2017-11-07,CZK,NOK,middle,0.36944
2017-11-07,DKK,NOK,middle,1.2703
2017-11-07,EUR,NOK,middle,9.4543
2017-11-07,GBP,NOK,middle,10.7389
2017-11-07,HKD,NOK,middle,1.0479
2017-11-07,HRK,NOK,middle,1.2536
2017-11-07,HUF,NOK,middle,0.030401
2017-11-07,IDR,NOK,middle,0.00060447
2017-11-07,ILS,NOK,middle,2.3267
2017-11-07,INR,NOK,middle,0.12581
2017-11-07,JPY,NOK,middle,0.071607
2017-11-07,KRW,NOK,middle,0.007356
2017-11-07,MMK,NOK,middle,0.005971
2017-11-07,MXN,NOK,middle,0.4284
2017-11-07,MYR,NOK,middle,1.9362
2017-11-07,NZD,NOK,middle,5.6555
2017-11-07,PHP,NOK,middle,0.15909
2017-11-07,PKR,NOK,middle,0.07765
2017-11-07,PLN,NOK,middle,2.23
2017-11-07,RON,NOK,middle,2.0577
2017-11-07,RUB,NOK,middle,0.13894
2017-11-07,SEK,NOK,middle,0.9702
2017-11-07,SGD,NOK,middle,5.9944
2017-11-07,THB,NOK,middle,0.24682
2017-11-07,TRY,NOK,middle,2.1163
2017-11-07,TWD,NOK,middle,0.27103
2017-11-07,TWI,NOK,middle,113.49
2017-11-07,USD,NOK,middle,8.177
2017-11-07,XDR,NOK,middle,11.45452
2017-11-07,ZAR,NOK,middle,0.577
2017-11-08,AUD,NOK,middle,6.276
2017-11-08,BDT,NOK,middle,0.0982
2017-11-08,BGN,NOK,middle,4.8435
2017-11-08,BRL,NOK,middle,2.5153
2017-11-08,BYN,NOK,middle,4.1062
2017-11-08,CAD,NOK,middle,6.4211
2017-11-08,CHF,NOK,middle,8.1798
2017-11-08,CNY,NOK,middle,1.2329
2017-11-08,CZK,NOK,middle,0.37062
2017-11-08,DKK,NOK,middle,1.2727
2017-11-08,EUR,NOK,middle,9.473
2017-11-08,GBP,NOK,middle,10.7155
2017-11-08,HKD,NOK,middle,1.0483
2017-11-08,HRK,NOK,middle,1.2565
2017-11-08,HUF,NOK,middle,0.030377
2017-11-08,IDR,NOK,middle,0.00060463
2017-11-08,ILS,NOK,middle,2.3273
2017-11-08,INR,NOK,middle,0.12577
2017-11-08,JPY,NOK,middle,0.072016
2017-11-08,KRW,NOK,middle,0.007342
2017-11-08,MMK,NOK,middle,0.005968
2017-11-08,MXN,NOK,middle,0.4286
2017-11-08,MYR,NOK,middle,1.9348
2017-11-08,NZD,NOK,middle,5.6643
2017-11-08,PHP,NOK,middle,0.15951
2017-11-08,PKR,NOK,middle,0.07766
2017-11-08,PLN,NOK,middle,2.2373
2017-11-08,RON,NOK,middle,2.0469
2017-11-08,RUB,NOK,middle,0.13786
2017-11-08,SEK,NOK,middle,0.9737
2017-11-08,SGD,NOK,middle,6.0009
2017-11-08,THB,NOK,middle,0.24686
2017-11-08,TRY,NOK,middle,2.1028
2017-11-08,TWD,NOK,middle,0.27101
2017-11-08,TWI,NOK,middle,113.63
2017-11-08,USD,NOK,middle,8.1734
2017-11-08,XDR,NOK,middle,11.46256
2017-11-08,ZAR,NOK,middle,0.5762
2017-11-09,AUD,NOK,middle,6.2424
2017-11-09,BDT,NOK,middle,0.0976
2017-11-09,BGN,NOK,middle,4.8336
2017-11-09,BRL,NOK,middle,2.5034
2017-11-09,BYN,NOK,middle,4.0816
2017-11-09,CAD,NOK,middle,6.3966
2017-11-09,CHF,NOK,middle,8.1573
2017-11-09,CNY,NOK,middle,1.2247
2017-11-09,CZK,NOK,middle,0.37032
2017-11-09,DKK,NOK,middle,1.2703
2017-11-09,EUR,NOK,middle,9.4535
2017-11-09,GBP,NOK,middle,10.6659
2017-11-09,HKD,NOK,middle,1.0423
2017-11-09,HRK,NOK,middle,1.254
2017-11-09,HUF,NOK,middle,0.030292
2017-11-09,IDR,NOK,middle,0.000601
2017-11-09,ILS,NOK,middle,2.3127
2017-11-09,INR,NOK,middle,0.12511
2017-11-09,JPY,NOK,middle,0.071753
2017-11-09,KRW,NOK,middle,0.007272
2017-11-09,MMK,NOK,middle,0.005935
2017-11-09,MXN,NOK,middle,0.425
2017-11-09,MYR,NOK,middle,1.9376
2017-11-09,NZD,NOK,middle,5.6557
2017-11-09,PHP,NOK,middle,0.15862
2017-11-09,PKR,NOK,middle,0.0773
2017-11-09,PLN,NOK,middle,2.2324
2017-11-09,RON,NOK,middle,2.0374
2017-11-09,RUB,NOK,middle,0.13686
2017-11-09,SEK,NOK,middle,0.971
2017-11-09,SGD,NOK,middle,5.976
2017-11-09,THB,NOK,middle,0.24558
2017-11-09,TRY,NOK,middle,2.1026
2017-11-09,TWD,NOK,middle,0.26926
2017-11-09,TWI,NOK,middle,113.25
2017-11-09,USD,NOK,middle,8.1285
2017-11-09,XDR,NOK,middle,11.4158
2017-11-09,ZAR,NOK,middle,0.5719
2017-11-10,AUD,NOK,middle,6.2223
2017-11-10,BDT,NOK,middle,0.0974
2017-11-10,BGN,NOK,middle,4.8349
2017-11-10,BRL,NOK,middle,2.4829
2017-11-10,BYN,NOK,middle,4.0749
2017-11-10,CAD,NOK,middle,6.4039
2017-11-10,CHF,NOK,middle,8.1581
2017-11-10,CNY,NOK,middle,1.2215
2017-11-10,CZK,NOK,middle,0.3702
2017-11-10,DKK,NOK,middle,1.2706
2017-11-10,EUR,NOK,middle,9.456
2017-11-10,GBP,NOK,middle,10.7005
2017-11-10,HKD,NOK,middle,1.0399
2017-11-10,HRK,NOK,middle,1.2535
2017-11-10,HUF,NOK,middle,0.030308
2017-11-10,IDR,NOK,middle,0.00059904
2017-11-10,ILS,NOK,middle,2.2935
2017-11-10,INR,NOK,middle,0.12452
2017-11-10,JPY,NOK,middle,0.071593
2017-11-10,KRW,NOK,middle,0.007249
2017-11-10,MMK,NOK,middle,0.005925
2017-11-10,MXN,NOK,middle,0.4255
2017-11-10,MYR,NOK,middle,1.9358
2017-11-10,NZD,NOK,middle,5.6353
2017-11-10,PHP,NOK,middle,0.15836
2017-11-10,PKR,NOK,middle,0.07724
2017-11-10,PLN,NOK,middle,2.235
2017-11-10,RON,NOK,middle,2.0321
2017-11-10,RUB,NOK,middle,0.13697
2017-11-10,SEK,NOK,middle,0.9705
2017-11-10,SGD,NOK,middle,5.9644
2017-11-10,THB,NOK,middle,0.24491
2017-11-10,TRY,NOK,middle,2.0968
2017-11-10,TWD,NOK,middle,0.26877
2017-11-10,TWI,NOK,middle,113.25
2017-11-10,USD,NOK,middle,8.114
2017-11-10,XDR,NOK,middle,11.409
2017-11-10,ZAR,NOK,middle,0.5643
2017-11-13,AUD,NOK,middle,6.2214
2017-11-13,BDT,NOK,middle,0.0977
2017-11-13,BGN,NOK,middle,4.8529
2017-11-13,BRL,NOK,middle,2.4741
2017-11-13,BYN,NOK,middle,4.0826
2017-11-13,CAD,NOK,middle,6.4091
2017-11-13,CHF,NOK,middle,8.1885
2017-11-13,CNY,NOK,middle,1.2261
2017-11-13,CZK,NOK,middle,0.37123
2017-11-13,DKK,NOK,middle,1.2754
2017-11-13,EUR,NOK,middle,9.4913
2017-11-13,GBP,NOK,middle,10.6622
2017-11-13,HKD,NOK,middle,1.0441
2017-11-13,HRK,NOK,middle,1.2571
2017-11-13,HUF,NOK,middle,0.030417
2017-11-13,IDR,NOK,middle,0.0006003
2017-11-13,ILS,NOK,middle,2.2983
2017-11-13,INR,NOK,middle,0.12441
2017-11-13,JPY,NOK,middle,0.071866
2017-11-13,KRW,NOK,middle,0.007273
2017-11-13,MMK,NOK,middle,0.005946
2017-11-13,MXN,NOK,middle,0.4247
2017-11-13,MYR,NOK,middle,1.9427
2017-11-13,NZD,NOK,middle,5.6238
2017-11-13,PHP,NOK,middle,0.15892
2017-11-13,PKR,NOK,middle,0.07729
2017-11-13,PLN,NOK,middle,2.2412
2017-11-13,RON,NOK,middle,2.0384
2017-11-13,RUB,NOK,middle,0.1369
2017-11-13,SEK,NOK,middle,0.9714
2017-11-13,SGD,NOK,middle,5.9818
2017-11-13,THB,NOK,middle,0.2463
2017-11-13,TRY,NOK,middle,2.0944
2017-11-13,TWD,NOK,middle,0.26971
2017-11-13,TWI,NOK,middle,113.5
2017-11-13,USD,NOK,middle,8.1428
2017-11-13,XDR,NOK,middle,11.44292
2017-11-13,ZAR,NOK,middle,0.5593
2017-11-14,AUD,NOK,middle,6.2446
2017-11-14,BDT,NOK,middle,0.0979
2017-11-14,BGN,NOK,middle,4.9045
2017-11-14,BRL,NOK,middle,2.4923
2017-11-14,BYN,NOK,middle,4.0813
2017-11-14,CAD,NOK,middle,6.4236
2017-11-14,CHF,NOK,middle,8.2387
2017-11-14,CNY,NOK,middle,1.2306
2017-11-14,CZK,NOK,middle,0.3752
2017-11-14,DKK,NOK,middle,1.289
2017-11-14,EUR,NOK,middle,9.5923
2017-11-14,GBP,NOK,middle,10.7075
2017-11-14,HKD,NOK,middle,1.0467
2017-11-14,HRK,NOK,middle,1.2702
2017-11-14,HUF,NOK,middle,0.030748
2017-11-14,IDR,NOK,middle,0.00060259
2017-11-14,ILS,NOK,middle,2.3053
2017-11-14,INR,NOK,middle,0.12488
2017-11-14,JPY,NOK,middle,0.071966
2017-11-14,KRW,NOK,middle,0.007325
2017-11-14,MMK,NOK,middle,0.005964
2017-11-14,MXN,NOK,middle,0.4277
2017-11-14,MYR,NOK,middle,1.9473
2017-11-14,NZD,NOK,middle,5.6122
2017-11-14,PHP,NOK,middle,0.15969
2017-11-14,PKR,NOK,middle,0.07755
2017-11-14,PLN,NOK,middle,2.2633
2017-11-14,RON,NOK,middle,2.0632
2017-11-14,RUB,NOK,middle,0.13671
2017-11-14,SEK,NOK,middle,0.9698
2017-11-14,SGD,NOK,middle,6.0034
2017-11-14,THB,NOK,middle,0.24704
2017-11-14,TRY,NOK,middle,2.1093
2017-11-14,TWD,NOK,middle,0.27069
2017-11-14,TWI,NOK,middle,114.24
2017-11-14,USD,NOK,middle,8.1671
2017-11-14,XDR,NOK,middle,11.50736
2017-11-14,ZAR,NOK,middle,0.5678
2017-11-15,AUD,NOK,middle,6.2579
2017-11-15,BDT,NOK,middle,0.0987
2017-11-15,BGN,NOK,middle,4.9857
2017-11-15,BRL,NOK,middle,2.5334
2017-11-15,BYN,NOK,middle,4.1076
2017-11-15,CAD,NOK,middle,6.4563
2017-11-15,CHF,NOK,middle,8.352
2017-11-15,CNY,NOK,middle,1.2437
2017-11-15,CZK,NOK,middle,0.37987
2017-11-15,DKK,NOK,middle,1.3102
2017-11-15,EUR,NOK,middle,9.751
2017-11-15,GBP,NOK,middle,10.8453
2017-11-15,HKD,NOK,middle,1.0549
2017-11-15,HRK,NOK,middle,1.2906
2017-11-15,HUF,NOK,middle,0.031242
2017-11-15,IDR,NOK,middle,0.00060847
2017-11-15,ILS,NOK,middle,2.3302
2017-11-15,INR,NOK,middle,0.12628
2017-11-15,JPY,NOK,middle,0.073069
2017-11-15,KRW,NOK,middle,0.007465
2017-11-15,MMK,NOK,middle,0.006014
2017-11-15,MXN,NOK,middle,0.4298
2017-11-15,MYR,NOK,middle,1.9749
2017-11-15,NZD,NOK,middle,5.6874
2017-11-15,PHP,NOK,middle,0.16204
2017-11-15,PKR,NOK,middle,0.07813
2017-11-15,PLN,NOK,middle,2.2958
2017-11-15,RON,NOK,middle,2.1037
2017-11-15,RUB,NOK,middle,0.13684
2017-11-15,SEK,NOK,middle,0.9778
2017-11-15,SGD,NOK,middle,6.0743
2017-11-15,THB,NOK,middle,0.24941
2017-11-15,TRY,NOK,middle,2.1208
2017-11-15,TWD,NOK,middle,0.27386
2017-11-15,TWI,NOK,middle,115.76
2017-11-15,USD,NOK,middle,8.2356
2017-11-15,XDR,NOK,middle,11.64792
2017-11-15,ZAR,NOK,middle,0.5729
2017-11-16,AUD,NOK,middle,6.2264
2017-11-16,BDT,NOK,middle,0.0983
2017-11-16,BGN,NOK,middle,4.9368
2017-11-16,BRL,NOK,middle,2.5027
2017-11-16,BYN,NOK,middle,4.0903
2017-11-16,CAD,NOK,middle,6.4262
2017-11-16,CHF,NOK,middle,8.2623
2017-11-16,CNY,NOK,middle,1.2368
2017-11-16,CZK,NOK,middle,0.37777
2017-11-16,DKK,NOK,middle,1.2974
2017-11-16,EUR,NOK,middle,9.6553
2017-11-16,GBP,NOK,middle,10.8264
2017-11-16,HKD,NOK,middle,1.0504
2017-11-16,HRK,NOK,middle,1.2761
2017-11-16,HUF,NOK,middle,0.030895
2017-11-16,IDR,NOK,middle,0.00060652
2017-11-16,ILS,NOK,middle,2.3298
2017-11-16,INR,NOK,middle,0.12557
2017-11-16,JPY,NOK,middle,0.072531
2017-11-16,KRW,NOK,middle,0.007476
2017-11-16,MMK,NOK,middle,0.005989
2017-11-16,MXN,NOK,middle,0.4285
2017-11-16,MYR,NOK,middle,1.9645
2017-11-16,NZD,NOK,middle,5.6122
2017-11-16,PHP,NOK,middle,0.1615
2017-11-16,PKR,NOK,middle,0.07789
2017-11-16,PLN,NOK,middle,2.2804
2017-11-16,RON,NOK,middle,2.0813
2017-11-16,RUB,NOK,middle,0.13706
2017-11-16,SEK,NOK,middle,0.9766
2017-11-16,SGD,NOK,middle,6.0455
2017-11-16,THB,NOK,middle,0.24887
2017-11-16,TRY,NOK,middle,2.1237
2017-11-16,TWD,NOK,middle,0.27253
2017-11-16,TWI,NOK,middle,115.03
2017-11-16,USD,NOK,middle,8.2026
2017-11-16,XDR,NOK,middle,11.57718
2017-11-16,ZAR,NOK,middle,0.5745
2017-11-17,AUD,NOK,middle,6.2156
2017-11-17,BDT,NOK,middle,0.0987
2017-11-17,BGN,NOK,middle,4.9679
2017-11-17,BRL,NOK,middle,2.5134
2017-11-17,BYN,NOK,middle,4.1162
2017-11-17,CAD,NOK,middle,6.4547
2017-11-17,CHF,NOK,middle,8.3074
2017-11-17,CNY,NOK,middle,1.2419
2017-11-17,CZK,NOK,middle,0.37972
2017-11-17,DKK,NOK,middle,1.3058
2017-11-17,EUR,NOK,middle,9.7163
2017-11-17,GBP,NOK,middle,10.8702
2017-11-17,HKD,NOK,middle,1.0545
2017-11-17,HRK,NOK,middle,1.2842
2017-11-17,HUF,NOK,middle,0.031184
2017-11-17,IDR,NOK,middle,0.00060896
2017-11-17,ILS,NOK,middle,2.3434
2017-11-17,INR,NOK,middle,0.12671
2017-11-17,JPY,NOK,middle,0.073154
2017-11-17,KRW,NOK,middle,0.007514
2017-11-17,MMK,NOK,middle,0.006015
2017-11-17,MXN,NOK,middle,0.4326
2017-11-17,MYR,NOK,middle,1.9797
2017-11-17,NZD,NOK,middle,5.5931
2017-11-17,PHP,NOK,middle,0.16207
2017-11-17,PKR,NOK,middle,0.07815
2017-11-17,PLN,NOK,middle,2.2947
2017-11-17,RON,NOK,middle,2.0909
2017-11-17,RUB,NOK,middle,0.13871
2017-11-17,SEK,NOK,middle,0.9771
2017-11-17,SGD,NOK,middle,6.0734
2017-11-17,THB,NOK,middle,0.25092
2017-11-17,TRY,NOK,middle,2.1193
2017-11-17,TWD,NOK,middle,0.27393
2017-11-17,TWI,NOK,middle,115.61
2017-11-17,USD,NOK,middle,8.2376
2017-11-17,XDR,NOK,middle,11.63855
2017-11-17,ZAR,NOK,middle,0.5879
2017-11-20,AUD,NOK,middle,6.2403
2017-11-20,BDT,NOK,middle,0.099
2017-11-20,BGN,NOK,middle,4.9748
2017-11-20,BRL,NOK,middle,2.5346
2017-11-20,BYN,NOK,middle,4.1181
2017-11-20,CAD,NOK,middle,6.4581
2017-11-20,CHF,NOK,middle,8.3332
2017-11-20,CNY,NOK,middle,1.2449
2017-11-20,CZK,NOK,middle,0.38055
2017-11-20,DKK,NOK,middle,1.3075
2017-11-20,EUR,NOK,middle,9.7298
2017-11-20,GBP,NOK,middle,10.9397
2017-11-20,HKD,NOK,middle,1.0572
2017-11-20,HRK,NOK,middle,1.2862
2017-11-20,HUF,NOK,middle,0.031141
2017-11-20,IDR,NOK,middle,0.00061068
2017-11-20,ILS,NOK,middle,2.3504
2017-11-20,INR,NOK,middle,0.12686
2017-11-20,JPY,NOK,middle,0.073655
2017-11-20,KRW,NOK,middle,0.007536
2017-11-20,MMK,NOK,middle,0.006031
2017-11-20,MXN,NOK,middle,0.4354
2017-11-20,MYR,NOK,middle,1.991
2017-11-20,NZD,NOK,middle,5.6428
2017-11-20,PHP,NOK,middle,0.16281
2017-11-20,PKR,NOK,middle,0.07842
2017-11-20,PLN,NOK,middle,2.2996
2017-11-20,RON,NOK,middle,2.0918
2017-11-20,RUB,NOK,middle,0.13871
2017-11-20,SEK,NOK,middle,0.977
2017-11-20,SGD,NOK,middle,6.0918
2017-11-20,THB,NOK,middle,0.25203
2017-11-20,TRY,NOK,middle,2.1055
2017-11-20,TWD,NOK,middle,0.275
2017-11-20,TWI,NOK,middle,115.85
2017-11-20,USD,NOK,middle,8.2589
2017-11-20,XDR,NOK,middle,11.67189
2017-11-20,ZAR,NOK,middle,0.5876
2017-11-21,AUD,NOK,middle,6.2647
2017-11-21,BDT,NOK,middle,0.0986
2017-11-21,BGN,NOK,middle,4.954
2017-11-21,BRL,NOK,middle,2.5359
2017-11-21,BYN,NOK,middle,4.1219
2017-11-21,CAD,NOK,middle,6.4568
2017-11-21,CHF,NOK,middle,8.3232
2017-11-21,CNY,NOK,middle,1.2466
2017-11-21,CZK,NOK,middle,0.37947
2017-11-21,DKK,NOK,middle,1.302
2017-11-21,EUR,NOK,middle,9.689
2017-11-21,GBP,NOK,middle,10.9483
2017-11-21,HKD,NOK,middle,1.0584
2017-11-21,HRK,NOK,middle,1.2808
2017-11-21,HUF,NOK,middle,0.030962
2017-11-21,IDR,NOK,middle,0.00061126
2017-11-21,ILS,NOK,middle,2.3432
2017-11-21,INR,NOK,middle,0.12737
2017-11-21,JPY,NOK,middle,0.073474
2017-11-21,KRW,NOK,middle,0.007589
2017-11-21,MMK,NOK,middle,0.006038
2017-11-21,MXN,NOK,middle,0.4364
2017-11-21,MYR,NOK,middle,2.001
2017-11-21,NZD,NOK,middle,5.6394
2017-11-21,PHP,NOK,middle,0.16329
2017-11-21,PKR,NOK,middle,0.07856
2017-11-21,PLN,NOK,middle,2.2911
2017-11-21,RON,NOK,middle,2.0806
2017-11-21,RUB,NOK,middle,0.13929
2017-11-21,SEK,NOK,middle,0.974
2017-11-21,SGD,NOK,middle,6.1022
2017-11-21,THB,NOK,middle,0.25228
2017-11-21,TRY,NOK,middle,2.0925
2017-11-21,TWD,NOK,middle,0.2755
2017-11-21,TWI,NOK,middle,115.61
2017-11-21,USD,NOK,middle,8.2685
2017-11-21,XDR,NOK,middle,11.66002
2017-11-21,ZAR,NOK,middle,0.5873
2017-11-22,AUD,NOK,middle,6.239
2017-11-22,BDT,NOK,middle,0.0982
2017-11-22,BGN,NOK,middle,4.9454
2017-11-22,BRL,NOK,middle,2.5262
2017-11-22,BYN,NOK,middle,4.106
2017-11-22,CAD,NOK,middle,6.4616
2017-11-22,CHF,NOK,middle,8.3317
2017-11-22,CNY,NOK,middle,1.2439
2017-11-22,CZK,NOK,middle,0.37977
2017-11-22,DKK,NOK,middle,1.2997
2017-11-22,EUR,NOK,middle,9.6723
2017-11-22,GBP,NOK,middle,10.891
2017-11-22,HKD,NOK,middle,1.0539
2017-11-22,HRK,NOK,middle,1.2765
2017-11-22,HUF,NOK,middle,0.030849
2017-11-22,IDR,NOK,middle,0.00060909
2017-11-22,ILS,NOK,middle,2.3368
2017-11-22,INR,NOK,middle,0.12685
2017-11-22,JPY,NOK,middle,0.073492
2017-11-22,KRW,NOK,middle,0.007555
2017-11-22,MMK,NOK,middle,0.006011
2017-11-22,MXN,NOK,middle,0.4377
2017-11-22,MYR,NOK,middle,2.0029
2017-11-22,NZD,NOK,middle,5.629
2017-11-22,PHP,NOK,middle,0.16256
2017-11-22,PKR,NOK,middle,0.07814
2017-11-22,PLN,NOK,middle,2.2945
2017-11-22,RON,NOK,middle,2.0789
2017-11-22,RUB,NOK,middle,0.14028
2017-11-22,SEK,NOK,middle,0.9788
2017-11-22,SGD,NOK,middle,6.089
2017-11-22,THB,NOK,middle,0.25145
2017-11-22,TRY,NOK,middle,2.0775
2017-11-22,TWD,NOK,middle,0.27449
2017-11-22,TWI,NOK,middle,115.48
2017-11-22,USD,NOK,middle,8.2324
2017-11-22,XDR,NOK,middle,11.62325
2017-11-22,ZAR,NOK,middle,0.5931
2017-11-23,AUD,NOK,middle,6.2061
2017-11-23,BDT,NOK,middle,0.0999
2017-11-23,BGN,NOK,middle,4.9286
2017-11-23,BRL,NOK,middle,2.51
2017-11-23,BYN,NOK,middle,4.0694
2017-11-23,CAD,NOK,middle,6.4159
2017-11-23,CHF,NOK,middle,8.3004
2017-11-23,CNY,NOK,middle,1.2377
2017-11-23,CZK,NOK,middle,0.37858
2017-11-23,DKK,NOK,middle,1.2953
2017-11-23,EUR,NOK,middle,9.6393
2017-11-23,GBP,NOK,middle,10.8301
2017-11-23,HKD,NOK,middle,1.0418
2017-11-23,HRK,NOK,middle,1.272
2017-11-23,HUF,NOK,middle,0.030792
2017-11-23,IDR,NOK,middle,0.00060346
2017-11-23,ILS,NOK,middle,2.3168
2017-11-23,INR,NOK,middle,0.12598
2017-11-23,JPY,NOK,middle,0.073141
2017-11-23,KRW,NOK,middle,0.007504
2017-11-23,MMK,NOK,middle,0.005941
2017-11-23,MXN,NOK,middle,0.4363
2017-11-23,MYR,NOK,middle,1.9804
2017-11-23,NZD,NOK,middle,5.6049
2017-11-23,PHP,NOK,middle,0.16101
2017-11-23,PKR,NOK,middle,0.07726
2017-11-23,PLN,NOK,middle,2.2883
2017-11-23,RON,NOK,middle,2.072
2017-11-23,RUB,NOK,middle,0.13923
2017-11-23,SEK,NOK,middle,0.9792
2017-11-23,SGD,NOK,middle,6.0446
2017-11-23,THB,NOK,middle,0.24899
2017-11-23,TRY,NOK,middle,2.0765
2017-11-23,TWD,NOK,middle,0.27149
2017-11-23,TWI,NOK,middle,115
2017-11-23,USD,NOK,middle,8.1358
2017-11-23,XDR,NOK,middle,11.53448
2017-11-23,ZAR,NOK,middle,0.5863
2017-11-24,AUD,NOK,middle,6.1988
2017-11-24,BDT,NOK,middle,0.0999
2017-11-24,BGN,NOK,middle,4.9396
2017-11-24,BRL,NOK,middle,2.5172
2017-11-24,BYN,NOK,middle,4.0696
2017-11-24,CAD,NOK,middle,6.4008
2017-11-24,CHF,NOK,middle,8.2925
2017-11-24,CNY,NOK,middle,1.2315
2017-11-24,CZK,NOK,middle,0.38015
2017-11-24,DKK,NOK,middle,1.2981
2017-11-24,EUR,NOK,middle,9.6608
2017-11-24,GBP,NOK,middle,10.8402
2017-11-24,HKD,NOK,middle,1.0417
2017-11-24,HRK,NOK,middle,1.2773
2017-11-24,HUF,NOK,middle,0.030981
2017-11-24,IDR,NOK,middle,0.00060168
2017-11-24,ILS,NOK,middle,2.3138
2017-11-24,INR,NOK,middle,0.12576
2017-11-24,JPY,NOK,middle,0.073055
2017-11-24,KRW,NOK,middle,0.007504
2017-11-24,MMK,NOK,middle,0.005939
2017-11-24,MXN,NOK,middle,0.437
2017-11-24,MYR,NOK,middle,1.9748
2017-11-24,NZD,NOK,middle,5.5985
2017-11-24,PHP,NOK,middle,0.16063
2017-11-24,PKR,NOK,middle,0.07725
2017-11-24,PLN,NOK,middle,2.2942
2017-11-24,RON,NOK,middle,2.0805
2017-11-24,RUB,NOK,middle,0.13909
2017-11-24,SEK,NOK,middle,0.9794
2017-11-24,SGD,NOK,middle,6.0429
2017-11-24,THB,NOK,middle,0.24898
2017-11-24,TRY,NOK,middle,2.0631
2017-11-24,TWD,NOK,middle,0.27139
2017-11-24,TWI,NOK,middle,115.1
2017-11-24,USD,NOK,middle,8.134
2017-11-24,XDR,NOK,middle,11.54309
2017-11-24,ZAR,NOK,middle,0.5813
2017-11-27,AUD,NOK,middle,6.2298
2017-11-27,BDT,NOK,middle,0.0963
2017-11-27,BGN,NOK,middle,4.9869
2017-11-27,BRL,NOK,middle,2.5291
2017-11-27,BYN,NOK,middle,4.0914
2017-11-27,CAD,NOK,middle,6.4353
2017-11-27,CHF,NOK,middle,8.3233
2017-11-27,CNY,NOK,middle,1.2361
2017-11-27,CZK,NOK,middle,0.38352
2017-11-27,DKK,NOK,middle,1.3105
2017-11-27,EUR,NOK,middle,9.7533
2017-11-27,GBP,NOK,middle,10.9128
2017-11-27,HKD,NOK,middle,1.0459
2017-11-27,HRK,NOK,middle,1.2903
2017-11-27,HUF,NOK,middle,0.031337
2017-11-27,IDR,NOK,middle,0.00060438
2017-11-27,ILS,NOK,middle,2.3304
2017-11-27,INR,NOK,middle,0.12651
2017-11-27,JPY,NOK,middle,0.073504
2017-11-27,KRW,NOK,middle,0.007506
2017-11-27,MMK,NOK,middle,0.005959
2017-11-27,MXN,NOK,middle,0.4408
2017-11-27,MYR,NOK,middle,1.9867
2017-11-27,NZD,NOK,middle,5.6361
2017-11-27,PHP,NOK,middle,0.1624
2017-11-27,PKR,NOK,middle,0.07737
2017-11-27,PLN,NOK,middle,2.3174
2017-11-27,RON,NOK,middle,2.1012
2017-11-27,RUB,NOK,middle,0.14038
2017-11-27,SEK,NOK,middle,0.9826
2017-11-27,SGD,NOK,middle,6.0719
2017-11-27,THB,NOK,middle,0.25017
2017-11-27,TRY,NOK,middle,2.086
2017-11-27,TWD,NOK,middle,0.27215
2017-11-27,TWI,NOK,middle,115.92
2017-11-27,USD,NOK,middle,8.1604
2017-11-27,XDR,NOK,middle,11.61207
2017-11-27,ZAR,NOK,middle,0.5944
2017-11-28,AUD,NOK,middle,6.2392
2017-11-28,BDT,NOK,middle,0.0966
2017-11-28,BGN,NOK,middle,4.9826
2017-11-28,BRL,NOK,middle,2.5453
2017-11-28,BYN,NOK,middle,4.1007
2017-11-28,CAD,NOK,middle,6.4078
2017-11-28,CHF,NOK,middle,8.3433
2017-11-28,CNY,NOK,middle,1.2425
2017-11-28,CZK,NOK,middle,0.38271
2017-11-28,DKK,NOK,middle,1.3094
2017-11-28,EUR,NOK,middle,9.745
2017-11-28,GBP,NOK,middle,10.8836
2017-11-28,HKD,NOK,middle,1.0507
2017-11-28,HRK,NOK,middle,1.2918
2017-11-28,HUF,NOK,middle,0.031335
2017-11-28,IDR,NOK,middle,0.00060704
2017-11-28,ILS,NOK,middle,2.3407
2017-11-28,INR,NOK,middle,0.12725
2017-11-28,JPY,NOK,middle,0.073692
2017-11-28,KRW,NOK,middle,0.007587
2017-11-28,MMK,NOK,middle,0.005988
2017-11-28,MXN,NOK,middle,0.4422
2017-11-28,MYR,NOK,middle,1.9975
2017-11-28,NZD,NOK,middle,5.6799
2017-11-28,PHP,NOK,middle,0.16292
2017-11-28,PKR,NOK,middle,0.07782
2017-11-28,PLN,NOK,middle,2.3164
2017-11-28,RON,NOK,middle,2.0996
2017-11-28,RUB,NOK,middle,0.14063
2017-11-28,SEK,NOK,middle,0.9837
2017-11-28,SGD,NOK,middle,6.0971
2017-11-28,THB,NOK,middle,0.25169
2017-11-28,TRY,NOK,middle,2.0874
2017-11-28,TWD,NOK,middle,0.2736
2017-11-28,TWI,NOK,middle,115.97
2017-11-28,USD,NOK,middle,8.1973
2017-11-28,XDR,NOK,middle,11.63238
2017-11-28,ZAR,NOK,middle,0.5966
2017-11-29,AUD,NOK,middle,6.2334
2017-11-29,BDT,NOK,middle,0.0993
2017-11-29,BGN,NOK,middle,4.9806
2017-11-29,BRL,NOK,middle,2.5677
2017-11-29,BYN,NOK,middle,4.1048
2017-11-29,CAD,NOK,middle,6.4187
2017-11-29,CHF,NOK,middle,8.3513
2017-11-29,CNY,NOK,middle,1.2472
2017-11-29,CZK,NOK,middle,0.38239
2017-11-29,DKK,NOK,middle,1.3089
2017-11-29,EUR,NOK,middle,9.741
2017-11-29,GBP,NOK,middle,11.0326
2017-11-29,HKD,NOK,middle,1.055
2017-11-29,HRK,NOK,middle,1.2907
2017-11-29,HUF,NOK,middle,0.031262
2017-11-29,IDR,NOK,middle,0.00060991
2017-11-29,ILS,NOK,middle,2.3502
2017-11-29,INR,NOK,middle,0.12807
2017-11-29,JPY,NOK,middle,0.073662
2017-11-29,KRW,NOK,middle,0.007641
2017-11-29,MMK,NOK,middle,0.006016
2017-11-29,MXN,NOK,middle,0.4446
2017-11-29,MYR,NOK,middle,2.0142
2017-11-29,NZD,NOK,middle,5.6829
2017-11-29,PHP,NOK,middle,0.16401
2017-11-29,PKR,NOK,middle,0.07809
2017-11-29,PLN,NOK,middle,2.319
2017-11-29,RON,NOK,middle,2.0975
2017-11-29,RUB,NOK,middle,0.14115
2017-11-29,SEK,NOK,middle,0.9825
2017-11-29,SGD,NOK,middle,6.1168
2017-11-29,THB,NOK,middle,0.25311
2017-11-29,TRY,NOK,middle,2.0817
2017-11-29,TWD,NOK,middle,0.27454
2017-11-29,TWI,NOK,middle,116.22
2017-11-29,USD,NOK,middle,8.2362
2017-11-29,XDR,NOK,middle,11.6719
2017-11-29,ZAR,NOK,middle,0.6022
2017-11-30,AUD,NOK,middle,6.2838
2017-11-30,BDT,NOK,middle,0.1011
2017-11-30,BGN,NOK,middle,5.0311
2017-11-30,BRL,NOK,middle,2.5447
2017-11-30,BYN,NOK,middle,4.1315
2017-11-30,CAD,NOK,middle,6.4451
2017-11-30,CHF,NOK,middle,8.4108
2017-11-30,CNY,NOK,middle,1.2554
2017-11-30,CZK,NOK,middle,0.38601
2017-11-30,DKK,NOK,middle,1.3223
2017-11-30,EUR,NOK,middle,9.8398
2017-11-30,GBP,NOK,middle,11.1835
2017-11-30,HKD,NOK,middle,1.0635
2017-11-30,HRK,NOK,middle,1.3024
2017-11-30,HUF,NOK,middle,0.03146
2017-11-30,IDR,NOK,middle,0.00061364
2017-11-30,ILS,NOK,middle,2.374
2017-11-30,INR,NOK,middle,0.12881
2017-11-30,JPY,NOK,middle,0.073939
2017-11-30,KRW,NOK,middle,0.007644
2017-11-30,MMK,NOK,middle,0.006068
2017-11-30,MXN,NOK,middle,0.4472
2017-11-30,MYR,NOK,middle,2.0302
2017-11-30,NZD,NOK,middle,5.6815
2017-11-30,PHP,NOK,middle,0.16502
2017-11-30,PKR,NOK,middle,0.07881
2017-11-30,PLN,NOK,middle,2.3453
2017-11-30,RON,NOK,middle,2.1172
2017-11-30,RUB,NOK,middle,0.14221
2017-11-30,SEK,NOK,middle,0.9918
2017-11-30,SGD,NOK,middle,6.1553
2017-11-30,THB,NOK,middle,0.25463
2017-11-30,TRY,NOK,middle,2.1098
2017-11-30,TWD,NOK,middle,0.27666
2017-11-30,TWI,NOK,middle,117.31
2017-11-30,USD,NOK,middle,8.3043
2017-11-30,XDR,NOK,middle,11.77942
2017-11-30,ZAR,NOK,middle,0.6102
2017-12-01,AUD,NOK,middle,6.2928
2017-12-01,BDT,NOK,middle,0.1009
2017-12-01,BGN,NOK,middle,5.0492
2017-12-01,BRL,NOK,middle,2.5436
2017-12-01,BYN,NOK,middle,4.1256
2017-12-01,CAD,NOK,middle,6.454
2017-12-01,CHF,NOK,middle,8.4469
2017-12-01,CNY,NOK,middle,1.2572
2017-12-01,CZK,NOK,middle,0.3869
2017-12-01,DKK,NOK,middle,1.327
2017-12-01,EUR,NOK,middle,9.8753
2017-12-01,GBP,NOK,middle,11.2073
2017-12-01,HKD,NOK,middle,1.0635
2017-12-01,HRK,NOK,middle,1.3071
2017-12-01,HUF,NOK,middle,0.03147
2017-12-01,IDR,NOK,middle,0.00061402
2017-12-01,ILS,NOK,middle,2.3798
2017-12-01,INR,NOK,middle,0.12883
2017-12-01,JPY,NOK,middle,0.073862
2017-12-01,KRW,NOK,middle,0.00767
2017-12-01,MMK,NOK,middle,0.006072
2017-12-01,MXN,NOK,middle,0.4449
2017-12-01,MYR,NOK,middle,2.0311
2017-12-01,NZD,NOK,middle,5.6921
2017-12-01,PHP,NOK,middle,0.16494
2017-12-01,PKR,NOK,middle,0.07885
2017-12-01,PLN,NOK,middle,2.3441
2017-12-01,RON,NOK,middle,2.1327
2017-12-01,RUB,NOK,middle,0.14169
2017-12-01,SEK,NOK,middle,0.9926
2017-12-01,SGD,NOK,middle,6.1667
2017-12-01,THB,NOK,middle,0.25464
2017-12-01,TRY,NOK,middle,2.1138
2017-12-01,TWD,NOK,middle,0.2769
2017-12-01,TWI,NOK,middle,117.57
2017-12-01,USD,NOK,middle,8.309
2017-12-01,XDR,NOK,middle,11.79839
2017-12-01,ZAR,NOK,middle,0.6062
2017-12-04,AUD,NOK,middle,6.331
2017-12-04,BDT,NOK,middle,0.101
2017-12-04,BGN,NOK,middle,5.0449
2017-12-04,BRL,NOK,middle,2.559
2017-12-04,BYN,NOK,middle,4.1147
2017-12-04,CAD,NOK,middle,6.563
2017-12-04,CHF,NOK,middle,8.4585
2017-12-04,CNY,NOK,middle,1.2564
2017-12-04,CZK,NOK,middle,0.38607
2017-12-04,DKK,NOK,middle,1.3259
2017-12-04,EUR,NOK,middle,9.8668
2017-12-04,GBP,NOK,middle,11.2474
2017-12-04,HKD,NOK,middle,1.0641
2017-12-04,HRK,NOK,middle,1.306
2017-12-04,HUF,NOK,middle,0.031515
2017-12-04,IDR,NOK,middle,0.00061526
2017-12-04,ILS,NOK,middle,2.3813
2017-12-04,INR,NOK,middle,0.12913
2017-12-04,JPY,NOK,middle,0.073682
2017-12-04,KRW,NOK,middle,0.007661
2017-12-04,MMK,NOK,middle,0.006077
2017-12-04,MXN,NOK,middle,0.4464
2017-12-04,MYR,NOK,middle,2.0466
2017-12-04,NZD,NOK,middle,5.7096
2017-12-04,PHP,NOK,middle,0.16416
2017-12-04,PKR,NOK,middle,0.07888
2017-12-04,PLN,NOK,middle,2.3478
2017-12-04,RON,NOK,middle,2.135
2017-12-04,RUB,NOK,middle,0.14141
2017-12-04,SEK,NOK,middle,0.9903
2017-12-04,SGD,NOK,middle,6.1698
2017-12-04,THB,NOK,middle,0.25501
2017-12-04,TRY,NOK,middle,2.1328
2017-12-04,TWD,NOK,middle,0.27725
2017-12-04,TWI,NOK,middle,117.58
2017-12-04,USD,NOK,middle,8.3159
2017-12-04,XDR,NOK,middle,11.80246
2017-12-04,ZAR,NOK,middle,0.6101
2017-12-05,AUD,NOK,middle,6.3324
2017-12-05,BDT,NOK,middle,0.1007
2017-12-05,BGN,NOK,middle,5.0224
2017-12-05,BRL,NOK,middle,2.572
2017-12-05,BYN,NOK,middle,4.0975
2017-12-05,CAD,NOK,middle,6.5634
2017-12-05,CHF,NOK,middle,8.415
2017-12-05,CNY,NOK,middle,1.2536
2017-12-05,CZK,NOK,middle,0.38291
2017-12-05,DKK,NOK,middle,1.32
2017-12-05,EUR,NOK,middle,9.8228
2017-12-05,GBP,NOK,middle,11.1391
2017-12-05,HKD,NOK,middle,1.0612
2017-12-05,HRK,NOK,middle,1.3003
2017-12-05,HUF,NOK,middle,0.031287
2017-12-05,IDR,NOK,middle,0.00061359
2017-12-05,ILS,NOK,middle,2.3731
2017-12-05,INR,NOK,middle,0.12874
2017-12-05,JPY,NOK,middle,0.073651
2017-12-05,KRW,NOK,middle,0.007633
2017-12-05,MMK,NOK,middle,0.006059
2017-12-05,MXN,NOK,middle,0.4449
2017-12-05,MYR,NOK,middle,2.044
2017-12-05,NZD,NOK,middle,5.7133
2017-12-05,PHP,NOK,middle,0.16377
2017-12-05,PKR,NOK,middle,0.07867
2017-12-05,PLN,NOK,middle,2.3376
2017-12-05,RON,NOK,middle,2.1199
2017-12-05,RUB,NOK,middle,0.14124
2017-12-05,SEK,NOK,middle,0.9854
2017-12-05,SGD,NOK,middle,6.1573
2017-12-05,THB,NOK,middle,0.25431
2017-12-05,TRY,NOK,middle,2.1436
2017-12-05,TWD,NOK,middle,0.27623
2017-12-05,TWI,NOK,middle,117.06
2017-12-05,USD,NOK,middle,8.2914
2017-12-05,XDR,NOK,middle,11.75473
2017-12-05,ZAR,NOK,middle,0.6136
2017-12-06,AUD,NOK,middle,6.2689
2017-12-06,BDT,NOK,middle,0.0995
2017-12-06,BGN,NOK,middle,4.989
2017-12-06,BRL,NOK,middle,2.5548
2017-12-06,BYN,NOK,middle,4.0686
2017-12-06,CAD,NOK,middle,6.5211
2017-12-06,CHF,NOK,middle,8.3555
2017-12-06,CNY,NOK,middle,1.2483
2017-12-06,CZK,NOK,middle,0.38062
2017-12-06,DKK,NOK,middle,1.3111
2017-12-06,EUR,NOK,middle,9.7575
2017-12-06,GBP,NOK,middle,11.046
2017-12-06,HKD,NOK,middle,1.0569
2017-12-06,HRK,NOK,middle,1.293
2017-12-06,HUF,NOK,middle,0.03103
2017-12-06,IDR,NOK,middle,0.00060957
2017-12-06,ILS,NOK,middle,2.3501
2017-12-06,INR,NOK,middle,0.12798
2017-12-06,JPY,NOK,middle,0.07363
2017-12-06,KRW,NOK,middle,0.007555
2017-12-06,MMK,NOK,middle,0.006034
2017-12-06,MXN,NOK,middle,0.4395
2017-12-06,MYR,NOK,middle,2.0261
2017-12-06,NZD,NOK,middle,5.6925
2017-12-06,PHP,NOK,middle,0.16292
2017-12-06,PKR,NOK,middle,0.07829
2017-12-06,PLN,NOK,middle,2.3154
2017-12-06,RON,NOK,middle,2.1065
2017-12-06,RUB,NOK,middle,0.13981
2017-12-06,SEK,NOK,middle,0.983
2017-12-06,SGD,NOK,middle,6.1272
2017-12-06,THB,NOK,middle,0.25305
2017-12-06,TRY,NOK,middle,2.145
2017-12-06,TWD,NOK,middle,0.27492
2017-12-06,TWI,NOK,middle,116.35
2017-12-06,USD,NOK,middle,8.2572
2017-12-06,XDR,NOK,middle,11.69401
2017-12-06,ZAR,NOK,middle,0.6104
2017-12-07,AUD,NOK,middle,6.2175
2017-12-07,BDT,NOK,middle,0.1004
2017-12-07,BGN,NOK,middle,4.9853
2017-12-07,BRL,NOK,middle,2.5114
2017-12-07,BYN,NOK,middle,4.0638
2017-12-07,CAD,NOK,middle,6.4439
2017-12-07,CHF,NOK,middle,8.3336
2017-12-07,CNY,NOK,middle,1.2498
2017-12-07,CZK,NOK,middle,0.38071
2017-12-07,DKK,NOK,middle,1.3103
2017-12-07,EUR,NOK,middle,9.7503
2017-12-07,GBP,NOK,middle,11.0713
2017-12-07,HKD,NOK,middle,1.0594
2017-12-07,HRK,NOK,middle,1.2923
2017-12-07,HUF,NOK,middle,0.030969
2017-12-07,IDR,NOK,middle,0.00061062
2017-12-07,ILS,NOK,middle,2.3507
2017-12-07,INR,NOK,middle,0.12811
2017-12-07,JPY,NOK,middle,0.073377
2017-12-07,KRW,NOK,middle,0.00757
2017-12-07,MMK,NOK,middle,0.006045
2017-12-07,MXN,NOK,middle,0.4369
2017-12-07,MYR,NOK,middle,2.0236
2017-12-07,NZD,NOK,middle,5.6517
2017-12-07,PHP,NOK,middle,0.16347
2017-12-07,PKR,NOK,middle,0.07851
2017-12-07,PLN,NOK,middle,2.3144
2017-12-07,RON,NOK,middle,2.1034
2017-12-07,RUB,NOK,middle,0.13974
2017-12-07,SEK,NOK,middle,0.9794
2017-12-07,SGD,NOK,middle,6.1261
2017-12-07,THB,NOK,middle,0.25353
2017-12-07,TRY,NOK,middle,2.1404
2017-12-07,TWD,NOK,middle,0.27539
2017-12-07,TWI,NOK,middle,116.25
2017-12-07,USD,NOK,middle,8.2728
2017-12-07,XDR,NOK,middle,11.70216
2017-12-07,ZAR,NOK,middle,0.606
2017-12-08,AUD,NOK,middle,6.2526
2017-12-08,BDT,NOK,middle,0.1008
2017-12-08,BGN,NOK,middle,4.9936
2017-12-08,BRL,NOK,middle,2.541
2017-12-08,BYN,NOK,middle,4.0863
2017-12-08,CAD,NOK,middle,6.4799
2017-12-08,CHF,NOK,middle,8.3446
2017-12-08,CNY,NOK,middle,1.2565
2017-12-08,CZK,NOK,middle,0.38218
2017-12-08,DKK,NOK,middle,1.3124
2017-12-08,EUR,NOK,middle,9.7665
2017-12-08,GBP,NOK,middle,11.1585
2017-12-08,HKD,NOK,middle,1.0655
2017-12-08,HRK,NOK,middle,1.2937
2017-12-08,HUF,NOK,middle,0.031054
2017-12-08,IDR,NOK,middle,0.00061384
2017-12-08,ILS,NOK,middle,2.3623
2017-12-08,INR,NOK,middle,0.12905
2017-12-08,JPY,NOK,middle,0.073289
2017-12-08,KRW,NOK,middle,0.007598
2017-12-08,MMK,NOK,middle,0.006078
2017-12-08,MXN,NOK,middle,0.4395
2017-12-08,MYR,NOK,middle,2.0346
2017-12-08,NZD,NOK,middle,5.6924
2017-12-08,PHP,NOK,middle,0.1646
2017-12-08,PKR,NOK,middle,0.07843
2017-12-08,PLN,NOK,middle,2.3243
2017-12-08,RON,NOK,middle,2.1078
2017-12-08,RUB,NOK,middle,0.14022
2017-12-08,SEK,NOK,middle,0.9789
2017-12-08,SGD,NOK,middle,6.1467
2017-12-08,THB,NOK,middle,0.25459
2017-12-08,TRY,NOK,middle,2.1624
2017-12-08,TWD,NOK,middle,0.27678
2017-12-08,TWI,NOK,middle,116.6
2017-12-08,USD,NOK,middle,8.3176
2017-12-08,XDR,NOK,middle,11.74623
2017-12-08,ZAR,NOK,middle,0.6089
2017-12-11,AUD,NOK,middle,6.305
2017-12-11,BDT,NOK,middle,0.1016
2017-12-11,BGN,NOK,middle,5.0529
2017-12-11,BRL,NOK,middle,2.5567
2017-12-11,BYN,NOK,middle,4.1169
2017-12-11,CAD,NOK,middle,6.5154
2017-12-11,CHF,NOK,middle,8.4618
2017-12-11,CNY,NOK,middle,1.2659
2017-12-11,CZK,NOK,middle,0.38602
2017-12-11,DKK,NOK,middle,1.3277
2017-12-11,EUR,NOK,middle,9.8825
2017-12-11,GBP,NOK,middle,11.1983
2017-12-11,HKD,NOK,middle,1.0731
2017-12-11,HRK,NOK,middle,1.3103
2017-12-11,HUF,NOK,middle,0.031478
2017-12-11,IDR,NOK,middle,0.00061847
2017-12-11,ILS,NOK,middle,2.3751
2017-12-11,INR,NOK,middle,0.13007
2017-12-11,JPY,NOK,middle,0.073938
2017-12-11,KRW,NOK,middle,0.007687
2017-12-11,MMK,NOK,middle,0.006122
2017-12-11,MXN,NOK,middle,0.4431
2017-12-11,MYR,NOK,middle,2.0587
2017-12-11,NZD,NOK,middle,5.7965
2017-12-11,PHP,NOK,middle,0.16639
2017-12-11,PKR,NOK,middle,0.07797
2017-12-11,PLN,NOK,middle,2.3511
2017-12-11,RON,NOK,middle,2.1334
2017-12-11,RUB,NOK,middle,0.14159
2017-12-11,SEK,NOK,middle,0.9867
2017-12-11,SGD,NOK,middle,6.2014
2017-12-11,THB,NOK,middle,0.25676
2017-12-11,TRY,NOK,middle,2.192
2017-12-11,TWD,NOK,middle,0.27913
2017-12-11,TWI,NOK,middle,117.72
2017-12-11,USD,NOK,middle,8.3778
2017-12-11,XDR,NOK,middle,11.8471
2017-12-11,ZAR,NOK,middle,0.6153
2017-12-12,AUD,NOK,middle,6.3217
2017-12-12,BDT,NOK,middle,0.1006
2017-12-12,BGN,NOK,middle,5.0233
2017-12-12,BRL,NOK,middle,2.5158
2017-12-12,BYN,NOK,middle,4.1072
2017-12-12,CAD,NOK,middle,6.5072
2017-12-12,CHF,NOK,middle,8.4179
2017-12-12,CNY,NOK,middle,1.2616
2017-12-12,CZK,NOK,middle,0.38383
2017-12-12,DKK,NOK,middle,1.3201
2017-12-12,EUR,NOK,middle,9.8245
2017-12-12,GBP,NOK,middle,11.1556
2017-12-12,HKD,NOK,middle,1.0696
2017-12-12,HRK,NOK,middle,1.3031
2017-12-12,HUF,NOK,middle,0.031255
2017-12-12,IDR,NOK,middle,0.00061386
2017-12-12,ILS,NOK,middle,2.3589
2017-12-12,INR,NOK,middle,0.12966
2017-12-12,JPY,NOK,middle,0.07357
2017-12-12,KRW,NOK,middle,0.007668
2017-12-12,MMK,NOK,middle,0.006102
2017-12-12,MXN,NOK,middle,0.4375
2017-12-12,MYR,NOK,middle,2.0528
2017-12-12,NZD,NOK,middle,5.7941
2017-12-12,PHP,NOK,middle,0.16546
2017-12-12,PKR,NOK,middle,0.07625
2017-12-12,PLN,NOK,middle,2.3367
2017-12-12,RON,NOK,middle,2.1203
2017-12-12,RUB,NOK,middle,0.14178
2017-12-12,SEK,NOK,middle,0.9891
2017-12-12,SGD,NOK,middle,6.1785
2017-12-12,THB,NOK,middle,0.25605
2017-12-12,TRY,NOK,middle,2.1813
2017-12-12,TWD,NOK,middle,0.27805
2017-12-12,TWI,NOK,middle,117.25
2017-12-12,USD,NOK,middle,8.3499
2017-12-12,XDR,NOK,middle,11.79517
2017-12-12,ZAR,NOK,middle,0.6134
2017-12-13,AUD,NOK,middle,6.3377
2017-12-13,BDT,NOK,middle,0.1014
2017-12-13,BGN,NOK,middle,5.0237
2017-12-13,BRL,NOK,middle,2.5253
2017-12-13,BYN,NOK,middle,4.113
2017-12-13,CAD,NOK,middle,6.5103
2017-12-13,CHF,NOK,middle,8.4359
2017-12-13,CNY,NOK,middle,1.2646
2017-12-13,CZK,NOK,middle,0.38305
2017-12-13,DKK,NOK,middle,1.3201
2017-12-13,EUR,NOK,middle,9.8253
2017-12-13,GBP,NOK,middle,11.1772
2017-12-13,HKD,NOK,middle,1.0725
2017-12-13,HRK,NOK,middle,1.3013
2017-12-13,HUF,NOK,middle,0.031255
2017-12-13,IDR,NOK,middle,0.00061527
2017-12-13,ILS,NOK,middle,2.3615
2017-12-13,INR,NOK,middle,0.12994
2017-12-13,JPY,NOK,middle,0.07388
2017-12-13,KRW,NOK,middle,0.007676
2017-12-13,MMK,NOK,middle,0.006115
2017-12-13,MXN,NOK,middle,0.4359
2017-12-13,MYR,NOK,middle,2.0487
2017-12-13,NZD,NOK,middle,5.8186
2017-12-13,PHP,NOK,middle,0.16582
2017-12-13,PKR,NOK,middle,0.07649
2017-12-13,PLN,NOK,middle,2.3313
2017-12-13,RON,NOK,middle,2.1209
2017-12-13,RUB,NOK,middle,0.14213
2017-12-13,SEK,NOK,middle,0.9919
2017-12-13,SGD,NOK,middle,6.1896
2017-12-13,THB,NOK,middle,0.25696
2017-12-13,TRY,NOK,middle,2.1717
2017-12-13,TWD,NOK,middle,0.27866
2017-12-13,TWI,NOK,middle,117.37
2017-12-13,USD,NOK,middle,8.3719
2017-12-13,XDR,NOK,middle,11.81563
2017-12-13,ZAR,NOK,middle,0.6146
2017-12-14,AUD,NOK,middle,6.3282
2017-12-14,BDT,NOK,middle,0.0995
2017-12-14,BGN,NOK,middle,4.9996
2017-12-14,BRL,NOK,middle,2.4737
2017-12-14,BYN,NOK,middle,4.0736
2017-12-14,CAD,NOK,middle,6.4348
2017-12-14,CHF,NOK,middle,8.3675
2017-12-14,CNY,NOK,middle,1.2492
2017-12-14,CZK,NOK,middle,0.38055
2017-12-14,DKK,NOK,middle,1.3137
2017-12-14,EUR,NOK,middle,9.7783
2017-12-14,GBP,NOK,middle,11.0912
2017-12-14,HKD,NOK,middle,1.0571
2017-12-14,HRK,NOK,middle,1.2955
2017-12-14,HUF,NOK,middle,0.031134
2017-12-14,IDR,NOK,middle,0.00060821
2017-12-14,ILS,NOK,middle,2.3406
2017-12-14,INR,NOK,middle,0.12825
2017-12-14,JPY,NOK,middle,0.073306
2017-12-14,KRW,NOK,middle,0.007587
2017-12-14,MMK,NOK,middle,0.00603
2017-12-14,MXN,NOK,middle,0.4322
2017-12-14,MYR,NOK,middle,2.0213
2017-12-14,NZD,NOK,middle,5.7744
2017-12-14,PHP,NOK,middle,0.16324
2017-12-14,PKR,NOK,middle,0.07518
2017-12-14,PLN,NOK,middle,2.316
2017-12-14,RON,NOK,middle,2.1106
2017-12-14,RUB,NOK,middle,0.14045
2017-12-14,SEK,NOK,middle,0.9829
2017-12-14,SGD,NOK,middle,6.1306
2017-12-14,THB,NOK,middle,0.25395
2017-12-14,TRY,NOK,middle,2.1324
2017-12-14,TWD,NOK,middle,0.27505
2017-12-14,TWI,NOK,middle,116.46
2017-12-14,USD,NOK,middle,8.2552
2017-12-14,XDR,NOK,middle,11.70317
2017-12-14,ZAR,NOK,middle,0.6129
2017-12-15,AUD,NOK,middle,6.3599
2017-12-15,BDT,NOK,middle,0.1003
2017-12-15,BGN,NOK,middle,5.0019
2017-12-15,BRL,NOK,middle,2.4975
2017-12-15,BYN,NOK,middle,4.091
2017-12-15,CAD,NOK,middle,6.4916
2017-12-15,CHF,NOK,middle,8.3836
2017-12-15,CNY,NOK,middle,1.2539
2017-12-15,CZK,NOK,middle,0.38098
2017-12-15,DKK,NOK,middle,1.3141
2017-12-15,EUR,NOK,middle,9.7828
2017-12-15,GBP,NOK,middle,11.0849
2017-12-15,HKD,NOK,middle,1.0608
2017-12-15,HRK,NOK,middle,1.2963
2017-12-15,HUF,NOK,middle,0.031212
2017-12-15,IDR,NOK,middle,0.00061032
2017-12-15,ILS,NOK,middle,2.3497
2017-12-15,INR,NOK,middle,0.12939
2017-12-15,JPY,NOK,middle,0.07386
2017-12-15,KRW,NOK,middle,0.007615
2017-12-15,MMK,NOK,middle,0.006053
2017-12-15,MXN,NOK,middle,0.4323
2017-12-15,MYR,NOK,middle,2.0312
2017-12-15,NZD,NOK,middle,5.8221
2017-12-15,PHP,NOK,middle,0.16434
2017-12-15,PKR,NOK,middle,0.07542
2017-12-15,PLN,NOK,middle,2.32
2017-12-15,RON,NOK,middle,2.1115
2017-12-15,RUB,NOK,middle,0.14075
2017-12-15,SEK,NOK,middle,0.9824
2017-12-15,SGD,NOK,middle,6.1539
2017-12-15,THB,NOK,middle,0.25493
2017-12-15,TRY,NOK,middle,2.1452
2017-12-15,TWD,NOK,middle,0.27654
2017-12-15,TWI,NOK,middle,116.61
2017-12-15,USD,NOK,middle,8.2863
2017-12-15,XDR,NOK,middle,11.73117
2017-12-15,ZAR,NOK,middle,0.6199
2017-12-18,AUD,NOK,middle,6.4042
2017-12-18,BDT,NOK,middle,0.1011
2017-12-18,BGN,NOK,middle,5.04
2017-12-18,BRL,NOK,middle,2.5449
2017-12-18,BYN,NOK,middle,4.1352
2017-12-18,CAD,NOK,middle,6.4915
2017-12-18,CHF,NOK,middle,8.4597
2017-12-18,CNY,NOK,middle,1.2629
2017-12-18,CZK,NOK,middle,0.38378
2017-12-18,DKK,NOK,middle,1.3242
2017-12-18,EUR,NOK,middle,9.8573
2017-12-18,GBP,NOK,middle,11.1751
2017-12-18,HKD,NOK,middle,1.0692
2017-12-18,HRK,NOK,middle,1.3068
2017-12-18,HUF,NOK,middle,0.031426
2017-12-18,IDR,NOK,middle,0.00061502
2017-12-18,ILS,NOK,middle,2.379
2017-12-18,INR,NOK,middle,0.1301
2017-12-18,JPY,NOK,middle,0.074305
2017-12-18,KRW,NOK,middle,0.007688
2017-12-18,MMK,NOK,middle,0.006105
2017-12-18,MXN,NOK,middle,0.4387
2017-12-18,MYR,NOK,middle,2.0476
2017-12-18,NZD,NOK,middle,5.8549
2017-12-18,PHP,NOK,middle,0.16553
2017-12-18,PKR,NOK,middle,0.07606
2017-12-18,PLN,NOK,middle,2.3431
2017-12-18,RON,NOK,middle,2.1323
2017-12-18,RUB,NOK,middle,0.14256
2017-12-18,SEK,NOK,middle,0.9898
2017-12-18,SGD,NOK,middle,6.198
2017-12-18,THB,NOK,middle,0.25604
2017-12-18,TRY,NOK,middle,2.1783
2017-12-18,TWD,NOK,middle,0.27862
2017-12-18,TWI,NOK,middle,117.55
2017-12-18,USD,NOK,middle,8.3572
2017-12-18,XDR,NOK,middle,11.82502
2017-12-18,ZAR,NOK,middle,0.65
2017-12-19,AUD,NOK,middle,6.418
2017-12-19,BDT,NOK,middle,0.1006
2017-12-19,BGN,NOK,middle,5.0555
2017-12-19,BRL,NOK,middle,2.5443
2017-12-19,BYN,NOK,middle,4.1534
2017-12-19,CAD,NOK,middle,6.5019
2017-12-19,CHF,NOK,middle,8.4922
2017-12-19,CNY,NOK,middle,1.2665
2017-12-19,CZK,NOK,middle,0.3853
2017-12-19,DKK,NOK,middle,1.3283
2017-12-19,EUR,NOK,middle,9.8875
2017-12-19,GBP,NOK,middle,11.1723
2017-12-19,HKD,NOK,middle,1.0695
2017-12-19,HRK,NOK,middle,1.3105
2017-12-19,HUF,NOK,middle,0.031579
2017-12-19,IDR,NOK,middle,0.00061575
2017-12-19,ILS,NOK,middle,2.3904
2017-12-19,INR,NOK,middle,0.13061
2017-12-19,JPY,NOK,middle,0.074214
2017-12-19,KRW,NOK,middle,0.007717
2017-12-19,MMK,NOK,middle,0.006109
2017-12-19,MXN,NOK,middle,0.4392
2017-12-19,MYR,NOK,middle,2.0492
2017-12-19,NZD,NOK,middle,5.8624
2017-12-19,PHP,NOK,middle,0.16643
2017-12-19,PKR,NOK,middle,0.07561
2017-12-19,PLN,NOK,middle,2.3546
2017-12-19,RON,NOK,middle,2.1402
2017-12-19,RUB,NOK,middle,0.14266
2017-12-19,SEK,NOK,middle,0.9936
2017-12-19,SGD,NOK,middle,6.2107
2017-12-19,THB,NOK,middle,0.25579
2017-12-19,TRY,NOK,middle,2.183
2017-12-19,TWD,NOK,middle,0.27914
2017-12-19,TWI,NOK,middle,117.84
2017-12-19,USD,NOK,middle,8.3629
2017-12-19,XDR,NOK,middle,11.84028
2017-12-19,ZAR,NOK,middle,0.6567
2017-12-20,AUD,NOK,middle,6.3968
2017-12-20,BDT,NOK,middle,0.1002
2017-12-20,BGN,NOK,middle,5.0457
2017-12-20,BRL,NOK,middle,2.5334
2017-12-20,BYN,NOK,middle,4.1428
2017-12-20,CAD,NOK,middle,6.4833
2017-12-20,CHF,NOK,middle,8.433
2017-12-20,CNY,NOK,middle,1.2664
2017-12-20,CZK,NOK,middle,0.38437
2017-12-20,DKK,NOK,middle,1.3256
2017-12-20,EUR,NOK,middle,9.8683
2017-12-20,GBP,NOK,middle,11.1733
2017-12-20,HKD,NOK,middle,1.0648
2017-12-20,HRK,NOK,middle,1.3076
2017-12-20,HUF,NOK,middle,0.031553
2017-12-20,IDR,NOK,middle,0.00061358
2017-12-20,ILS,NOK,middle,2.3838
2017-12-20,INR,NOK,middle,0.12994
2017-12-20,JPY,NOK,middle,0.073556
2017-12-20,KRW,NOK,middle,0.0077
2017-12-20,MMK,NOK,middle,0.006086
2017-12-20,MXN,NOK,middle,0.4329
2017-12-20,MYR,NOK,middle,2.0449
2017-12-20,NZD,NOK,middle,5.8151
2017-12-20,PHP,NOK,middle,0.16585
2017-12-20,PKR,NOK,middle,0.07525
2017-12-20,PLN,NOK,middle,2.3473
2017-12-20,RON,NOK,middle,2.1321
2017-12-20,RUB,NOK,middle,0.14196
2017-12-20,SEK,NOK,middle,0.9955
2017-12-20,SGD,NOK,middle,6.1909
2017-12-20,THB,NOK,middle,0.25439
2017-12-20,TRY,NOK,middle,2.1753
2017-12-20,TWD,NOK,middle,0.27779
2017-12-20,TWI,NOK,middle,117.64
2017-12-20,USD,NOK,middle,8.3312
2017-12-20,XDR,NOK,middle,11.80314
2017-12-20,ZAR,NOK,middle,0.6574
2017-12-21,AUD,NOK,middle,6.4551
2017-12-21,BDT,NOK,middle,0.101
2017-12-21,BGN,NOK,middle,5.0996
2017-12-21,BRL,NOK,middle,2.5434
2017-12-21,BYN,NOK,middle,4.2125
2017-12-21,CAD,NOK,middle,6.5686
2017-12-21,CHF,NOK,middle,8.5064
2017-12-21,CNY,NOK,middle,1.2772
2017-12-21,CZK,NOK,middle,0.38786
2017-12-21,DKK,NOK,middle,1.3397
2017-12-21,EUR,NOK,middle,9.9738
2017-12-21,GBP,NOK,middle,11.2364
2017-12-21,HKD,NOK,middle,1.0752
2017-12-21,HRK,NOK,middle,1.3216
2017-12-21,HUF,NOK,middle,0.03193
2017-12-21,IDR,NOK,middle,0.00062073
2017-12-21,ILS,NOK,middle,2.4094
2017-12-21,INR,NOK,middle,0.13136
2017-12-21,JPY,NOK,middle,0.074105
2017-12-21,KRW,NOK,middle,0.007781
2017-12-21,MMK,NOK,middle,0.006143
2017-12-21,MXN,NOK,middle,0.4355
2017-12-21,MYR,NOK,middle,2.0619
2017-12-21,NZD,NOK,middle,5.8909
2017-12-21,PHP,NOK,middle,0.16756
2017-12-21,PKR,NOK,middle,0.07597
2017-12-21,PLN,NOK,middle,2.3748
2017-12-21,RON,NOK,middle,2.1512
2017-12-21,RUB,NOK,middle,0.14383
2017-12-21,SEK,NOK,middle,0.9989
2017-12-21,SGD,NOK,middle,6.2524
2017-12-21,THB,NOK,middle,0.25681
2017-12-21,TRY,NOK,middle,2.2011
2017-12-21,TWD,NOK,middle,0.28064
2017-12-21,TWI,NOK,middle,118.7
2017-12-21,USD,NOK,middle,8.4103
2017-12-21,XDR,NOK,middle,11.91338
2017-12-21,ZAR,NOK,middle,0.6611
2017-12-22,AUD,NOK,middle,6.4437
2017-12-22,BDT,NOK,middle,0.1009
2017-12-22,BGN,NOK,middle,5.06
2017-12-22,BRL,NOK,middle,2.515
2017-12-22,BYN,NOK,middle,4.2009
2017-12-22,CAD,NOK,middle,6.5726
2017-12-22,CHF,NOK,middle,8.4331
2017-12-22,CNY,NOK,middle,1.2697
2017-12-22,CZK,NOK,middle,0.38432
2017-12-22,DKK,NOK,middle,1.3294
2017-12-22,EUR,NOK,middle,9.8963
2017-12-22,GBP,NOK,middle,11.1737
2017-12-22,HKD,NOK,middle,1.0682
2017-12-22,HRK,NOK,middle,1.3122
2017-12-22,HUF,NOK,middle,0.031737
2017-12-22,IDR,NOK,middle,0.00061581
2017-12-22,ILS,NOK,middle,2.3959
2017-12-22,INR,NOK,middle,0.13037
2017-12-22,JPY,NOK,middle,0.07365
2017-12-22,KRW,NOK,middle,0.007754
2017-12-22,MMK,NOK,middle,0.006101
2017-12-22,MXN,NOK,middle,0.4279
2017-12-22,MYR,NOK,middle,2.0466
2017-12-22,NZD,NOK,middle,5.8544
2017-12-22,PHP,NOK,middle,0.16665
2017-12-22,PKR,NOK,middle,0.07542
2017-12-22,PLN,NOK,middle,2.3577
2017-12-22,RON,NOK,middle,2.1319
2017-12-22,RUB,NOK,middle,0.14323
2017-12-22,SEK,NOK,middle,0.9963
2017-12-22,SGD,NOK,middle,6.2128
2017-12-22,THB,NOK,middle,0.25486
2017-12-22,TRY,NOK,middle,2.187
2017-12-22,TWD,NOK,middle,0.27949
2017-12-22,TWI,NOK,middle,117.94
2017-12-22,USD,NOK,middle,8.3492
2017-12-22,XDR,NOK,middle,11.82778
2017-12-22,ZAR,NOK,middle,0.6572
2017-12-27,AUD,NOK,middle,6.438
2017-12-27,BDT,NOK,middle,0.0997
2017-12-27,BGN,NOK,middle,5.0417
2017-12-27,BRL,NOK,middle,2.5157
2017-12-27,BYN,NOK,middle,4.2101
2017-12-27,CAD,NOK,middle,6.5614
2017-12-27,CHF,NOK,middle,8.3762
2017-12-27,CNY,NOK,middle,1.2646
2017-12-27,CZK,NOK,middle,0.3816
2017-12-27,DKK,NOK,middle,1.3244
2017-12-27,EUR,NOK,middle,9.8605
2017-12-27,GBP,NOK,middle,11.1301
2017-12-27,HKD,NOK,middle,1.0608
2017-12-27,HRK,NOK,middle,1.3078
2017-12-27,HUF,NOK,middle,0.031707
2017-12-27,IDR,NOK,middle,0.00061157
2017-12-27,ILS,NOK,middle,2.3799
2017-12-27,INR,NOK,middle,0.12921
2017-12-27,JPY,NOK,middle,0.073203
2017-12-27,KRW,NOK,middle,0.007717
2017-12-27,MMK,NOK,middle,0.006057
2017-12-27,MXN,NOK,middle,0.4192
2017-12-27,MYR,NOK,middle,2.0339
2017-12-27,NZD,NOK,middle,5.8606
2017-12-27,PHP,NOK,middle,0.16592
2017-12-27,PKR,NOK,middle,0.07488
2017-12-27,PLN,NOK,middle,2.3542
2017-12-27,RON,NOK,middle,2.1206
2017-12-27,RUB,NOK,middle,0.14374
2017-12-27,SEK,NOK,middle,0.9988
2017-12-27,SGD,NOK,middle,6.1872
2017-12-27,THB,NOK,middle,0.25266
2017-12-27,TRY,NOK,middle,2.1683
2017-12-27,TWD,NOK,middle,0.27657
2017-12-27,TWI,NOK,middle,117.58
2017-12-27,USD,NOK,middle,8.2896
2017-12-27,XDR,NOK,middle,11.76308
2017-12-27,ZAR,NOK,middle,0.6658
2017-12-28,AUD,NOK,middle,6.4364
2017-12-28,BDT,NOK,middle,0.0994
2017-12-28,BGN,NOK,middle,5.045
2017-12-28,BRL,NOK,middle,2.4982
2017-12-28,BYN,NOK,middle,4.181
2017-12-28,CAD,NOK,middle,6.5566
2017-12-28,CHF,NOK,middle,8.4305
2017-12-28,CNY,NOK,middle,1.265
2017-12-28,CZK,NOK,middle,0.38475
2017-12-28,DKK,NOK,middle,1.3252
2017-12-28,EUR,NOK,middle,9.867
2017-12-28,GBP,NOK,middle,11.1155
2017-12-28,HKD,NOK,middle,1.0579
2017-12-28,HRK,NOK,middle,1.3136
2017-12-28,HUF,NOK,middle,0.031798
2017-12-28,IDR,NOK,middle,0.00060964
2017-12-28,ILS,NOK,middle,2.3769
2017-12-28,INR,NOK,middle,0.12903
2017-12-28,JPY,NOK,middle,0.07323
2017-12-28,KRW,NOK,middle,0.007731
2017-12-28,MMK,NOK,middle,0.006044
2017-12-28,MXN,NOK,middle,0.4205
2017-12-28,MYR,NOK,middle,2.0332
2017-12-28,NZD,NOK,middle,5.8537
2017-12-28,PHP,NOK,middle,0.16566
2017-12-28,PKR,NOK,middle,0.07469
2017-12-28,PLN,NOK,middle,2.3601
2017-12-28,RON,NOK,middle,2.121
2017-12-28,RUB,NOK,middle,0.14342
2017-12-28,SEK,NOK,middle,1.0022
2017-12-28,SGD,NOK,middle,6.1792
2017-12-28,THB,NOK,middle,0.25346
2017-12-28,TRY,NOK,middle,2.1705
2017-12-28,TWD,NOK,middle,0.27724
2017-12-28,TWI,NOK,middle,117.65
2017-12-28,USD,NOK,middle,8.268
2017-12-28,XDR,NOK,middle,11.75087
2017-12-28,ZAR,NOK,middle,0.6697
2017-12-29,AUD,NOK,middle,6.4123
2017-12-29,BDT,NOK,middle,0.0991
2017-12-29,BGN,NOK,middle,5.0313
2017-12-29,BRL,NOK,middle,2.4769
2017-12-29,BYN,NOK,middle,4.1471
2017-12-29,CAD,NOK,middle,6.5432
2017-12-29,CHF,NOK,middle,8.4091
2017-12-29,CNY,NOK,middle,1.2609
2017-12-29,CZK,NOK,middle,0.38537
2017-12-29,DKK,NOK,middle,1.3218
2017-12-29,EUR,NOK,middle,9.8403
2017-12-29,GBP,NOK,middle,11.091
2017-12-29,HKD,NOK,middle,1.05
2017-12-29,HRK,NOK,middle,1.3226
2017-12-29,HUF,NOK,middle,0.031709
2017-12-29,IDR,NOK,middle,0.00060596
2017-12-29,ILS,NOK,middle,2.3635
2017-12-29,INR,NOK,middle,0.12845
2017-12-29,JPY,NOK,middle,0.072886
2017-12-29,KRW,NOK,middle,0.00769
2017-12-29,MMK,NOK,middle,0.006
2017-12-29,MXN,NOK,middle,0.4159
2017-12-29,MYR,NOK,middle,2.0274
2017-12-29,NZD,NOK,middle,5.8399
2017-12-29,PHP,NOK,middle,0.16457
2017-12-29,PKR,NOK,middle,0.07412
2017-12-29,PLN,NOK,middle,2.3558
2017-12-29,RON,NOK,middle,2.1123
2017-12-29,RUB,NOK,middle,0.14181
2017-12-29,SEK,NOK,middle,0.9996
2017-12-29,SGD,NOK,middle,6.141
2017-12-29,THB,NOK,middle,0.25153
2017-12-29,TRY,NOK,middle,2.1644
2017-12-29,TWD,NOK,middle,0.27671
2017-12-29,TWI,NOK,middle,117.26
2017-12-29,USD,NOK,middle,8.205
2017-12-29,XDR,NOK,middle,11.69145
2017-12-29,ZAR,NOK,middle,0.6646
