date,base,quote,type,value
2023-01-02,AUD,IDR,buy,10516.97
2023-01-02,AUD,IDR,sell,10625.8
2023-01-02,BND,IDR,buy,11549.2
2023-01-02,BND,IDR,sell,11668.75
2023-01-02,CAD,IDR,buy,11444.41
2023-01-02,CAD,IDR,sell,11562.84
2023-01-02,CHF,IDR,buy,16777.38
2023-01-02,CHF,IDR,sell,16953.33
2023-01-02,CNH,IDR,buy,2226.57
2023-01-02,CNH,IDR,sell,2249.07
2023-01-02,CNY,IDR,buy,2230.73
2023-01-02,CNY,IDR,sell,2253.6
2023-01-02,DKK,IDR,buy,2222.07
2023-01-02,DKK,IDR,sell,2244.72
2023-01-02,EUR,IDR,buy,16522.45
2023-01-02,EUR,IDR,sell,16694.78
2023-01-02,GBP,IDR,buy,18713.04
2023-01-02,GBP,IDR,sell,18907.37
2023-01-02,HKD,IDR,buy,1989.67
2023-01-02,HKD,IDR,sell,2009.69
2023-01-02,JPY,IDR,buy,117.3528
2023-01-02,JPY,IDR,sell,118.5591
2023-01-02,KRW,IDR,buy,12.3
2023-01-02,KRW,IDR,sell,12.43
2023-01-02,KWD,IDR,buy,50643.21
2023-01-02,KWD,IDR,sell,51222.41
2023-01-02,LAK,IDR,buy,0.89
2023-01-02,LAK,IDR,sell,0.91
2023-01-02,MYR,IDR,buy,3517.92
2023-01-02,MYR,IDR,sell,3560.55
2023-01-02,NOK,IDR,buy,1567.83
2023-01-02,NOK,IDR,sell,1584.07
2023-01-02,NZD,IDR,buy,9814.18
2023-01-02,NZD,IDR,sell,9915.95
2023-01-02,PGK,IDR,buy,4289.63
2023-01-02,PGK,IDR,sell,4567.79
2023-01-02,PHP,IDR,buy,278.43
2023-01-02,PHP,IDR,sell,281.33
2023-01-02,SAR,IDR,buy,4123.88
2023-01-02,SAR,IDR,sell,4167.54
2023-01-02,SEK,IDR,buy,1482.84
2023-01-02,SEK,IDR,sell,1498.4
2023-01-02,SGD,IDR,buy,11550.92
2023-01-02,SGD,IDR,sell,11669.62
2023-01-02,THB,IDR,buy,449.03
2023-01-02,THB,IDR,sell,453.94
2023-01-02,USD,IDR,buy,15514.04
2023-01-02,USD,IDR,sell,15669.96
2023-01-02,VND,IDR,buy,0.66
2023-01-02,VND,IDR,sell,0.67
2023-01-03,AUD,IDR,buy,10542.21
2023-01-03,AUD,IDR,sell,10651.29
2023-01-03,BND,IDR,buy,11567.11
2023-01-03,BND,IDR,sell,11689.47
2023-01-03,CAD,IDR,buy,11435.63
2023-01-03,CAD,IDR,sell,11553.98
2023-01-03,CHF,IDR,buy,16735.95
2023-01-03,CHF,IDR,sell,16918.77
2023-01-03,CNH,IDR,buy,2236.55
2023-01-03,CNH,IDR,sell,2259.68
2023-01-03,CNY,IDR,buy,2245.53
2023-01-03,CNY,IDR,sell,2269.02
2023-01-03,DKK,IDR,buy,2224.7
2023-01-03,DKK,IDR,sell,2247.86
2023-01-03,EUR,IDR,buy,16544.64
2023-01-03,EUR,IDR,sell,16717.18
2023-01-03,GBP,IDR,buy,18704.53
2023-01-03,GBP,IDR,sell,18900.34
2023-01-03,HKD,IDR,buy,1985.31
2023-01-03,HKD,IDR,sell,2005.62
2023-01-03,JPY,IDR,buy,118.312
2023-01-03,JPY,IDR,sell,119.5102
2023-01-03,KRW,IDR,buy,12.16
2023-01-03,KRW,IDR,sell,12.3
2023-01-03,KWD,IDR,buy,50631.14
2023-01-03,KWD,IDR,sell,51156.71
2023-01-03,LAK,IDR,buy,0.89
2023-01-03,LAK,IDR,sell,0.9
2023-01-03,MYR,IDR,buy,3513.41
2023-01-03,MYR,IDR,sell,3556.79
2023-01-03,NOK,IDR,buy,1573.06
2023-01-03,NOK,IDR,sell,1591.34
2023-01-03,NZD,IDR,buy,9801.59
2023-01-03,NZD,IDR,sell,9901.67
2023-01-03,PGK,IDR,buy,4284.13
2023-01-03,PGK,IDR,sell,4561.93
2023-01-03,PHP,IDR,buy,277.85
2023-01-03,PHP,IDR,sell,281.02
2023-01-03,SAR,IDR,buy,4120.78
2023-01-03,SAR,IDR,sell,4163.3
2023-01-03,SEK,IDR,buy,1481.73
2023-01-03,SEK,IDR,sell,1498.38
2023-01-03,SGD,IDR,buy,11567.11
2023-01-03,SGD,IDR,sell,11689.47
2023-01-03,THB,IDR,buy,448.07
2023-01-03,THB,IDR,sell,452.83
2023-01-03,USD,IDR,buy,15494.14
2023-01-03,USD,IDR,sell,15649.86
2023-01-03,VND,IDR,buy,0.65
2023-01-03,VND,IDR,sell,0.66
2023-01-04,AUD,IDR,buy,10520.27
2023-01-04,AUD,IDR,sell,10632.27
2023-01-04,BND,IDR,buy,11577.02
2023-01-04,BND,IDR,sell,11697.74
2023-01-04,CAD,IDR,buy,11461.54
2023-01-04,CAD,IDR,sell,11577.59
2023-01-04,CHF,IDR,buy,16735.41
2023-01-04,CHF,IDR,sell,16910.9
2023-01-04,CNH,IDR,buy,2249.04
2023-01-04,CNH,IDR,sell,2271.87
2023-01-04,CNY,IDR,buy,2250.41
2023-01-04,CNY,IDR,sell,2273.19
2023-01-04,DKK,IDR,buy,2216.42
2023-01-04,DKK,IDR,sell,2238.85
2023-01-04,EUR,IDR,buy,16483.1
2023-01-04,EUR,IDR,sell,16651.9
2023-01-04,GBP,IDR,buy,18653.24
2023-01-04,GBP,IDR,sell,18851.68
2023-01-04,HKD,IDR,buy,1985.85
2023-01-04,HKD,IDR,sell,2005.83
2023-01-04,JPY,IDR,buy,119.1585
2023-01-04,JPY,IDR,sell,120.3653
2023-01-04,KRW,IDR,buy,12.15
2023-01-04,KRW,IDR,sell,12.28
2023-01-04,KWD,IDR,buy,50641.67
2023-01-04,KWD,IDR,sell,51251.02
2023-01-04,LAK,IDR,buy,0.89
2023-01-04,LAK,IDR,sell,0.91
2023-01-04,MYR,IDR,buy,3523.06
2023-01-04,MYR,IDR,sell,3562.52
2023-01-04,NOK,IDR,buy,1575.37
2023-01-04,NOK,IDR,sell,1592
2023-01-04,NZD,IDR,buy,9763.28
2023-01-04,NZD,IDR,sell,9862.97
2023-01-04,PGK,IDR,buy,4289.08
2023-01-04,PGK,IDR,sell,4567.21
2023-01-04,PHP,IDR,buy,277.97
2023-01-04,PHP,IDR,sell,280.91
2023-01-04,SAR,IDR,buy,4126.09
2023-01-04,SAR,IDR,sell,4168.67
2023-01-04,SEK,IDR,buy,1480.33
2023-01-04,SEK,IDR,sell,1495.65
2023-01-04,SGD,IDR,buy,11577.02
2023-01-04,SGD,IDR,sell,11697.74
2023-01-04,THB,IDR,buy,451.19
2023-01-04,THB,IDR,sell,455.99
2023-01-04,USD,IDR,buy,15512.05
2023-01-04,USD,IDR,sell,15667.95
2023-01-04,VND,IDR,buy,0.66
2023-01-04,VND,IDR,sell,0.67
2023-01-05,AUD,IDR,buy,10625.7
2023-01-05,AUD,IDR,sell,10735.64
2023-01-05,BND,IDR,buy,11596.45
2023-01-05,BND,IDR,sell,11717.37
2023-01-05,CAD,IDR,buy,11401.57
2023-01-05,CAD,IDR,sell,11519.55
2023-01-05,CHF,IDR,buy,16713.55
2023-01-05,CHF,IDR,sell,16888.81
2023-01-05,CNH,IDR,buy,2253.52
2023-01-05,CNH,IDR,sell,2276.31
2023-01-05,CNY,IDR,buy,2254.41
2023-01-05,CNY,IDR,sell,2277.33
2023-01-05,DKK,IDR,buy,2212.76
2023-01-05,DKK,IDR,sell,2235.32
2023-01-05,EUR,IDR,buy,16455.15
2023-01-05,EUR,IDR,sell,16626.82
2023-01-05,GBP,IDR,buy,18686.25
2023-01-05,GBP,IDR,sell,18880.34
2023-01-05,HKD,IDR,buy,1987.17
2023-01-05,HKD,IDR,sell,2007.25
2023-01-05,JPY,IDR,buy,119.2671
2023-01-05,JPY,IDR,sell,120.5028
2023-01-05,KRW,IDR,buy,12.21
2023-01-05,KRW,IDR,sell,12.34
2023-01-05,KWD,IDR,buy,50727.83
2023-01-05,KWD,IDR,sell,51254.43
2023-01-05,LAK,IDR,buy,0.9
2023-01-05,LAK,IDR,sell,0.91
2023-01-05,MYR,IDR,buy,3528.71
2023-01-05,MYR,IDR,sell,3568.23
2023-01-05,NOK,IDR,buy,1551.54
2023-01-05,NOK,IDR,sell,1567.83
2023-01-05,NZD,IDR,buy,9805.35
2023-01-05,NZD,IDR,sell,9911.75
2023-01-05,PGK,IDR,buy,4295.96
2023-01-05,PGK,IDR,sell,4574.53
2023-01-05,PHP,IDR,buy,277.77
2023-01-05,PHP,IDR,sell,280.86
2023-01-05,SAR,IDR,buy,4131.61
2023-01-05,SAR,IDR,sell,4174.25
2023-01-05,SEK,IDR,buy,1477.85
2023-01-05,SEK,IDR,sell,1493.11
2023-01-05,SGD,IDR,buy,11596.45
2023-01-05,SGD,IDR,sell,11717.37
2023-01-05,THB,IDR,buy,455.76
2023-01-05,THB,IDR,sell,460.61
2023-01-05,USD,IDR,buy,15536.92
2023-01-05,USD,IDR,sell,15693.08
2023-01-05,VND,IDR,buy,0.66
2023-01-05,VND,IDR,sell,0.67
2023-01-06,AUD,IDR,buy,10577.26
2023-01-06,AUD,IDR,sell,10689.84
2023-01-06,BND,IDR,buy,11578.05
2023-01-06,BND,IDR,sell,11698.77
2023-01-06,CAD,IDR,buy,11485.58
2023-01-06,CAD,IDR,sell,11604.45
2023-01-06,CHF,IDR,buy,16722.6
2023-01-06,CHF,IDR,sell,16897.94
2023-01-06,CNH,IDR,buy,2257.39
2023-01-06,CNH,IDR,sell,2280.74
2023-01-06,CNY,IDR,buy,2258.93
2023-01-06,CNY,IDR,sell,2282
2023-01-06,DKK,IDR,buy,2215.46
2023-01-06,DKK,IDR,sell,2237.92
2023-01-06,EUR,IDR,buy,16474.74
2023-01-06,EUR,IDR,sell,16646.59
2023-01-06,GBP,IDR,buy,18646.11
2023-01-06,GBP,IDR,sell,18835.07
2023-01-06,HKD,IDR,buy,1987.4
2023-01-06,HKD,IDR,sell,2007.4
2023-01-06,JPY,IDR,buy,117.2577
2023-01-06,JPY,IDR,sell,118.454
2023-01-06,KRW,IDR,buy,12.22
2023-01-06,KRW,IDR,sell,12.35
2023-01-06,KWD,IDR,buy,50653.72
2023-01-06,KWD,IDR,sell,51263.11
2023-01-06,LAK,IDR,buy,0.9
2023-01-06,LAK,IDR,sell,0.92
2023-01-06,MYR,IDR,buy,3529.19
2023-01-06,MYR,IDR,sell,3568.71
2023-01-06,NOK,IDR,buy,1535.51
2023-01-06,NOK,IDR,sell,1551.69
2023-01-06,NZD,IDR,buy,9761.83
2023-01-06,NZD,IDR,sell,9866.21
2023-01-06,PGK,IDR,buy,4294.58
2023-01-06,PGK,IDR,sell,4573.07
2023-01-06,PHP,IDR,buy,278.4
2023-01-06,PHP,IDR,sell,281.3
2023-01-06,SAR,IDR,buy,4130.84
2023-01-06,SAR,IDR,sell,4173.46
2023-01-06,SEK,IDR,buy,1478.98
2023-01-06,SEK,IDR,sell,1494.41
2023-01-06,SGD,IDR,buy,11578.05
2023-01-06,SGD,IDR,sell,11698.77
2023-01-06,THB,IDR,buy,457.63
2023-01-06,THB,IDR,sell,462.64
2023-01-06,USD,IDR,buy,15531.95
2023-01-06,USD,IDR,sell,15688.05
2023-01-06,VND,IDR,buy,0.66
2023-01-06,VND,IDR,sell,0.67
2023-01-09,AUD,IDR,buy,10500.86
2023-01-09,AUD,IDR,sell,10607.96
2023-01-09,BND,IDR,buy,11542.39
2023-01-09,BND,IDR,sell,11662.71
2023-01-09,CAD,IDR,buy,11452.32
2023-01-09,CAD,IDR,sell,11570.82
2023-01-09,CHF,IDR,buy,16578.04
2023-01-09,CHF,IDR,sell,16751.78
2023-01-09,CNH,IDR,buy,2264.52
2023-01-09,CNH,IDR,sell,2287.42
2023-01-09,CNY,IDR,buy,2266.47
2023-01-09,CNY,IDR,sell,2289.82
2023-01-09,DKK,IDR,buy,2199.12
2023-01-09,DKK,IDR,sell,2221.54
2023-01-09,EUR,IDR,buy,16353.34
2023-01-09,EUR,IDR,sell,16523.97
2023-01-09,GBP,IDR,buy,18501.74
2023-01-09,GBP,IDR,sell,18693.96
2023-01-09,HKD,IDR,buy,1991.63
2023-01-09,HKD,IDR,sell,2011.72
2023-01-09,JPY,IDR,buy,115.7933
2023-01-09,JPY,IDR,sell,116.9831
2023-01-09,KRW,IDR,buy,12.23
2023-01-09,KRW,IDR,sell,12.37
2023-01-09,KWD,IDR,buy,50685.27
2023-01-09,KWD,IDR,sell,51211.32
2023-01-09,LAK,IDR,buy,0.91
2023-01-09,LAK,IDR,sell,0.92
2023-01-09,MYR,IDR,buy,3533.23
2023-01-09,MYR,IDR,sell,3573.61
2023-01-09,NOK,IDR,buy,1517.19
2023-01-09,NOK,IDR,sell,1533.01
2023-01-09,NZD,IDR,buy,9668.57
2023-01-09,NZD,IDR,sell,9772.02
2023-01-09,PGK,IDR,buy,4301.46
2023-01-09,PGK,IDR,sell,4580.39
2023-01-09,PHP,IDR,buy,279.45
2023-01-09,PHP,IDR,sell,282.51
2023-01-09,SAR,IDR,buy,4138.56
2023-01-09,SAR,IDR,sell,4181.26
2023-01-09,SEK,IDR,buy,1454.4
2023-01-09,SEK,IDR,sell,1469.43
2023-01-09,SGD,IDR,buy,11542.39
2023-01-09,SGD,IDR,sell,11662.71
2023-01-09,THB,IDR,buy,456.75
2023-01-09,THB,IDR,sell,461.61
2023-01-09,USD,IDR,buy,15556.83
2023-01-09,USD,IDR,sell,15713.17
2023-01-09,VND,IDR,buy,0.66
2023-01-09,VND,IDR,sell,0.67
2023-01-10,AUD,IDR,buy,10718.67
2023-01-10,AUD,IDR,sell,10829.53
2023-01-10,BND,IDR,buy,11619.77
2023-01-10,BND,IDR,sell,11740.96
2023-01-10,CAD,IDR,buy,11550.48
2023-01-10,CAD,IDR,sell,11670.05
2023-01-10,CHF,IDR,buy,16758.01
2023-01-10,CHF,IDR,sell,16928.26
2023-01-10,CNH,IDR,buy,2282.5
2023-01-10,CNH,IDR,sell,2305.78
2023-01-10,CNY,IDR,buy,2285.87
2023-01-10,CNY,IDR,sell,2309.18
2023-01-10,DKK,IDR,buy,2224.25
2023-01-10,DKK,IDR,sell,2246.8
2023-01-10,EUR,IDR,buy,16540.57
2023-01-10,EUR,IDR,sell,16713.07
2023-01-10,GBP,IDR,buy,18812.3
2023-01-10,GBP,IDR,sell,19007.63
2023-01-10,HKD,IDR,buy,1984.95
2023-01-10,HKD,IDR,sell,2004.93
2023-01-10,JPY,IDR,buy,117.2173
2023-01-10,JPY,IDR,sell,118.4043
2023-01-10,KRW,IDR,buy,12.44
2023-01-10,KRW,IDR,sell,12.57
2023-01-10,KWD,IDR,buy,50629.37
2023-01-10,KWD,IDR,sell,51154.92
2023-01-10,LAK,IDR,buy,0.9
2023-01-10,LAK,IDR,sell,0.92
2023-01-10,MYR,IDR,buy,3536.31
2023-01-10,MYR,IDR,sell,3578.39
2023-01-10,NOK,IDR,buy,1553.19
2023-01-10,NOK,IDR,sell,1569.6
2023-01-10,NZD,IDR,buy,9881.88
2023-01-10,NZD,IDR,sell,9982.76
2023-01-10,PGK,IDR,buy,4284.68
2023-01-10,PGK,IDR,sell,4562.52
2023-01-10,PHP,IDR,buy,281.13
2023-01-10,PHP,IDR,sell,284.01
2023-01-10,SAR,IDR,buy,4123.72
2023-01-10,SAR,IDR,sell,4166.28
2023-01-10,SEK,IDR,buy,1476.65
2023-01-10,SEK,IDR,sell,1492.02
2023-01-10,SGD,IDR,buy,11620.64
2023-01-10,SGD,IDR,sell,11738.32
2023-01-10,THB,IDR,buy,462.3
2023-01-10,THB,IDR,sell,467.08
2023-01-10,USD,IDR,buy,15496.13
2023-01-10,USD,IDR,sell,15651.87
2023-01-10,VND,IDR,buy,0.66
2023-01-10,VND,IDR,sell,0.67
2023-01-11,AUD,IDR,buy,10699.53
2023-01-11,AUD,IDR,sell,10808.62
2023-01-11,BND,IDR,buy,11642.32
2023-01-11,BND,IDR,sell,11761.08
2023-01-11,CAD,IDR,buy,11577.15
2023-01-11,CAD,IDR,sell,11696.98
2023-01-11,CHF,IDR,buy,16837.89
2023-01-11,CHF,IDR,sell,17014.49
2023-01-11,CNH,IDR,buy,2283.56
2023-01-11,CNH,IDR,sell,2306.74
2023-01-11,CNY,IDR,buy,2286.52
2023-01-11,CNY,IDR,sell,2309.8
2023-01-11,DKK,IDR,buy,2238.54
2023-01-11,DKK,IDR,sell,2261.36
2023-01-11,EUR,IDR,buy,16648.02
2023-01-11,EUR,IDR,sell,16820.03
2023-01-11,GBP,IDR,buy,18847.49
2023-01-11,GBP,IDR,sell,19043.17
2023-01-11,HKD,IDR,buy,1986.61
2023-01-11,HKD,IDR,sell,2006.68
2023-01-11,JPY,IDR,buy,117.348
2023-01-11,JPY,IDR,sell,118.5542
2023-01-11,KRW,IDR,buy,12.45
2023-01-11,KRW,IDR,sell,12.59
2023-01-11,KWD,IDR,buy,50702.99
2023-01-11,KWD,IDR,sell,51229.29
2023-01-11,LAK,IDR,buy,0.91
2023-01-11,LAK,IDR,sell,0.92
2023-01-11,MYR,IDR,buy,3543.36
2023-01-11,MYR,IDR,sell,3581.83
2023-01-11,NOK,IDR,buy,1565.22
2023-01-11,NOK,IDR,sell,1581.43
2023-01-11,NZD,IDR,buy,9878.99
2023-01-11,NZD,IDR,sell,9982.97
2023-01-11,PGK,IDR,buy,4288.81
2023-01-11,PGK,IDR,sell,4566.91
2023-01-11,PHP,IDR,buy,282.58
2023-01-11,PHP,IDR,sell,285.58
2023-01-11,SAR,IDR,buy,4130.77
2023-01-11,SAR,IDR,sell,4173.18
2023-01-11,SEK,IDR,buy,1493.79
2023-01-11,SEK,IDR,sell,1509.32
2023-01-11,SGD,IDR,buy,11642.32
2023-01-11,SGD,IDR,sell,11761.08
2023-01-11,THB,IDR,buy,462.46
2023-01-11,THB,IDR,sell,467.25
2023-01-11,USD,IDR,buy,15511.06
2023-01-11,USD,IDR,sell,15666.94
2023-01-11,VND,IDR,buy,0.66
2023-01-11,VND,IDR,sell,0.67
2023-01-12,AUD,IDR,buy,10666.24
2023-01-12,AUD,IDR,sell,10776.56
2023-01-12,BND,IDR,buy,11602.97
2023-01-12,BND,IDR,sell,11726.64
2023-01-12,CAD,IDR,buy,11502.76
2023-01-12,CAD,IDR,sell,11621.84
2023-01-12,CHF,IDR,buy,16756.36
2023-01-12,CHF,IDR,sell,16932.12
2023-01-12,CNH,IDR,buy,2277.73
2023-01-12,CNH,IDR,sell,2300.65
2023-01-12,CNY,IDR,buy,2280.89
2023-01-12,CNY,IDR,sell,2304.02
2023-01-12,DKK,IDR,buy,2231.7
2023-01-12,DKK,IDR,sell,2254.45
2023-01-12,EUR,IDR,buy,16598.79
2023-01-12,EUR,IDR,sell,16770.31
2023-01-12,GBP,IDR,buy,18778.7
2023-01-12,GBP,IDR,sell,18973.68
2023-01-12,HKD,IDR,buy,1977.72
2023-01-12,HKD,IDR,sell,1997.62
2023-01-12,JPY,IDR,buy,116.6518
2023-01-12,JPY,IDR,sell,117.8509
2023-01-12,KRW,IDR,buy,12.4
2023-01-12,KRW,IDR,sell,12.53
2023-01-12,KWD,IDR,buy,50456.78
2023-01-12,KWD,IDR,sell,51063.97
2023-01-12,LAK,IDR,buy,0.9
2023-01-12,LAK,IDR,sell,0.92
2023-01-12,MYR,IDR,buy,3528.06
2023-01-12,MYR,IDR,sell,3570.86
2023-01-12,NOK,IDR,buy,1548.2
2023-01-12,NOK,IDR,sell,1564.41
2023-01-12,NZD,IDR,buy,9833.52
2023-01-12,NZD,IDR,sell,9933.91
2023-01-12,PGK,IDR,buy,4271.75
2023-01-12,PGK,IDR,sell,4548.75
2023-01-12,PHP,IDR,buy,281.87
2023-01-12,PHP,IDR,sell,284.86
2023-01-12,SAR,IDR,buy,4113.25
2023-01-12,SAR,IDR,sell,4155.7
2023-01-12,SEK,IDR,buy,1481.36
2023-01-12,SEK,IDR,sell,1496.63
2023-01-12,SGD,IDR,buy,11602.97
2023-01-12,SGD,IDR,sell,11726.64
2023-01-12,THB,IDR,buy,461.73
2023-01-12,THB,IDR,sell,466.79
2023-01-12,USD,IDR,buy,15449.36
2023-01-12,USD,IDR,sell,15604.64
2023-01-12,VND,IDR,buy,0.66
2023-01-12,VND,IDR,sell,0.67
2023-01-13,AUD,IDR,buy,10548
2023-01-13,AUD,IDR,sell,10657.1
2023-01-13,BND,IDR,buy,11484.39
2023-01-13,BND,IDR,sell,11604.17
2023-01-13,CAD,IDR,buy,11378.41
2023-01-13,CAD,IDR,sell,11496.19
2023-01-13,CHF,IDR,buy,16394.13
2023-01-13,CHF,IDR,sell,16564.23
2023-01-13,CNH,IDR,buy,2259.14
2023-01-13,CNH,IDR,sell,2281.98
2023-01-13,CNY,IDR,buy,2262.45
2023-01-13,CNY,IDR,sell,2285.32
2023-01-13,DKK,IDR,buy,2211.88
2023-01-13,DKK,IDR,sell,2234.34
2023-01-13,EUR,IDR,buy,16451.15
2023-01-13,EUR,IDR,sell,16619.57
2023-01-13,GBP,IDR,buy,18576.34
2023-01-13,GBP,IDR,sell,18766.13
2023-01-13,HKD,IDR,buy,1956.91
2023-01-13,HKD,IDR,sell,1976.66
2023-01-13,JPY,IDR,buy,116.1791
2023-01-13,JPY,IDR,sell,117.3735
2023-01-13,KRW,IDR,buy,12.27
2023-01-13,KRW,IDR,sell,12.4
2023-01-13,KWD,IDR,buy,49987.48
2023-01-13,KWD,IDR,sell,50509.68
2023-01-13,LAK,IDR,buy,0.89
2023-01-13,LAK,IDR,sell,0.91
2023-01-13,MYR,IDR,buy,3501.07
2023-01-13,MYR,IDR,sell,3539.5
2023-01-13,NOK,IDR,buy,1527.66
2023-01-13,NOK,IDR,sell,1543.48
2023-01-13,NZD,IDR,buy,9711.68
2023-01-13,NZD,IDR,sell,9815.46
2023-01-13,PGK,IDR,buy,4227.46
2023-01-13,PGK,IDR,sell,4501.58
2023-01-13,PHP,IDR,buy,276.08
2023-01-13,PHP,IDR,sell,278.95
2023-01-13,SAR,IDR,buy,4070.06
2023-01-13,SAR,IDR,sell,4112.06
2023-01-13,SEK,IDR,buy,1458.15
2023-01-13,SEK,IDR,sell,1473.23
2023-01-13,SGD,IDR,buy,11486.98
2023-01-13,SGD,IDR,sell,11606.79
2023-01-13,THB,IDR,buy,457.21
2023-01-13,THB,IDR,sell,462.64
2023-01-13,USD,IDR,buy,15289.17
2023-01-13,USD,IDR,sell,15442.83
2023-01-13,VND,IDR,buy,0.65
2023-01-13,VND,IDR,sell,0.66
2023-01-16,AUD,IDR,buy,10520.94
2023-01-16,AUD,IDR,sell,10629.74
2023-01-16,BND,IDR,buy,11417.75
2023-01-16,BND,IDR,sell,11536.87
2023-01-16,CAD,IDR,buy,11304.07
2023-01-16,CAD,IDR,sell,11421.11
2023-01-16,CHF,IDR,buy,16262.23
2023-01-16,CHF,IDR,sell,16432.76
2023-01-16,CNH,IDR,buy,2244.82
2023-01-16,CNH,IDR,sell,2267.72
2023-01-16,CNY,IDR,buy,2248.8
2023-01-16,CNY,IDR,sell,2271.77
2023-01-16,DKK,IDR,buy,2201.33
2023-01-16,DKK,IDR,sell,2223.78
2023-01-16,EUR,IDR,buy,16374.13
2023-01-16,EUR,IDR,sell,16544.81
2023-01-16,GBP,IDR,buy,18435.44
2023-01-16,GBP,IDR,sell,18625.3
2023-01-16,HKD,IDR,buy,1933.78
2023-01-16,HKD,IDR,sell,1953.27
2023-01-16,JPY,IDR,buy,117.5458
2023-01-16,JPY,IDR,sell,118.755
2023-01-16,KRW,IDR,buy,12.18
2023-01-16,KRW,IDR,sell,12.31
2023-01-16,KWD,IDR,buy,49453.46
2023-01-16,KWD,IDR,sell,49983.25
2023-01-16,LAK,IDR,buy,0.89
2023-01-16,LAK,IDR,sell,0.91
2023-01-16,MYR,IDR,buy,3482.73
2023-01-16,MYR,IDR,sell,3520.98
2023-01-16,NOK,IDR,buy,1525.92
2023-01-16,NOK,IDR,sell,1541.72
2023-01-16,NZD,IDR,buy,9628.47
2023-01-16,NZD,IDR,sell,9731.34
2023-01-16,PGK,IDR,buy,4175.46
2023-01-16,PGK,IDR,sell,4446.22
2023-01-16,PHP,IDR,buy,275.07
2023-01-16,PHP,IDR,sell,277.93
2023-01-16,SAR,IDR,buy,4020.21
2023-01-16,SAR,IDR,sell,4061.26
2023-01-16,SEK,IDR,buy,1449.56
2023-01-16,SEK,IDR,sell,1464.55
2023-01-16,SGD,IDR,buy,11417.75
2023-01-16,SGD,IDR,sell,11536.87
2023-01-16,THB,IDR,buy,456.64
2023-01-16,THB,IDR,sell,461.65
2023-01-16,USD,IDR,buy,15101.11
2023-01-16,USD,IDR,sell,15252.89
2023-01-16,VND,IDR,buy,0.64
2023-01-16,VND,IDR,sell,0.65
2023-01-17,AUD,IDR,buy,10423.38
2023-01-17,AUD,IDR,sell,10531.15
2023-01-17,BND,IDR,buy,11330.59
2023-01-17,BND,IDR,sell,11448.79
2023-01-17,CAD,IDR,buy,11158
2023-01-17,CAD,IDR,sell,11273.5
2023-01-17,CHF,IDR,buy,16141.62
2023-01-17,CHF,IDR,sell,16310.88
2023-01-17,CNH,IDR,buy,2223.9
2023-01-17,CNH,IDR,sell,2246.48
2023-01-17,CNY,IDR,buy,2226.45
2023-01-17,CNY,IDR,sell,2249.02
2023-01-17,DKK,IDR,buy,2175.3
2023-01-17,DKK,IDR,sell,2197.49
2023-01-17,EUR,IDR,buy,16181.27
2023-01-17,EUR,IDR,sell,16349.92
2023-01-17,GBP,IDR,buy,18270.42
2023-01-17,GBP,IDR,sell,18458.56
2023-01-17,HKD,IDR,buy,1913.41
2023-01-17,HKD,IDR,sell,1932.71
2023-01-17,JPY,IDR,buy,116.7767
2023-01-17,JPY,IDR,sell,117.9779
2023-01-17,KRW,IDR,buy,12.09
2023-01-17,KRW,IDR,sell,12.22
2023-01-17,KWD,IDR,buy,48951.49
2023-01-17,KWD,IDR,sell,49459.63
2023-01-17,LAK,IDR,buy,0.88
2023-01-17,LAK,IDR,sell,0.9
2023-01-17,MYR,IDR,buy,3460.84
2023-01-17,MYR,IDR,sell,3498.86
2023-01-17,NOK,IDR,buy,1513.46
2023-01-17,NOK,IDR,sell,1529.32
2023-01-17,NZD,IDR,buy,9547.66
2023-01-17,NZD,IDR,sell,9645.12
2023-01-17,PGK,IDR,buy,4117.05
2023-01-17,PGK,IDR,sell,4415.02
2023-01-17,PHP,IDR,buy,273.7
2023-01-17,PHP,IDR,sell,276.55
2023-01-17,SAR,IDR,buy,3977.62
2023-01-17,SAR,IDR,sell,4018.66
2023-01-17,SEK,IDR,buy,1437.74
2023-01-17,SEK,IDR,sell,1452.61
2023-01-17,SGD,IDR,buy,11332.3
2023-01-17,SGD,IDR,sell,11447.93
2023-01-17,THB,IDR,buy,453.53
2023-01-17,THB,IDR,sell,458.23
2023-01-17,USD,IDR,buy,14943.91
2023-01-17,USD,IDR,sell,15094.09
2023-01-17,VND,IDR,buy,0.64
2023-01-17,VND,IDR,sell,0.64
2023-01-18,AUD,IDR,buy,10500.48
2023-01-18,AUD,IDR,sell,10613.63
2023-01-18,BND,IDR,buy,11403.03
2023-01-18,BND,IDR,sell,11521.99
2023-01-18,CAD,IDR,buy,11246.54
2023-01-18,CAD,IDR,sell,11362.96
2023-01-18,CHF,IDR,buy,16321.96
2023-01-18,CHF,IDR,sell,16493.14
2023-01-18,CNH,IDR,buy,2225.9
2023-01-18,CNH,IDR,sell,2248.77
2023-01-18,CNY,IDR,buy,2227.61
2023-01-18,CNY,IDR,sell,2250.66
2023-01-18,DKK,IDR,buy,2195.14
2023-01-18,DKK,IDR,sell,2217.53
2023-01-18,EUR,IDR,buy,16328.22
2023-01-18,EUR,IDR,sell,16498.41
2023-01-18,GBP,IDR,buy,18422.58
2023-01-18,GBP,IDR,sell,18613.82
2023-01-18,HKD,IDR,buy,1928.66
2023-01-18,HKD,IDR,sell,1948.14
2023-01-18,JPY,IDR,buy,117.1489
2023-01-18,JPY,IDR,sell,118.3722
2023-01-18,KRW,IDR,buy,12.17
2023-01-18,KRW,IDR,sell,12.3
2023-01-18,KWD,IDR,buy,49363.99
2023-01-18,KWD,IDR,sell,49896.05
2023-01-18,LAK,IDR,buy,0.89
2023-01-18,LAK,IDR,sell,0.91
2023-01-18,MYR,IDR,buy,3482.27
2023-01-18,MYR,IDR,sell,3520.52
2023-01-18,NOK,IDR,buy,1522.56
2023-01-18,NOK,IDR,sell,1538.48
2023-01-18,NZD,IDR,buy,9651.58
2023-01-18,NZD,IDR,sell,9754.67
2023-01-18,PGK,IDR,buy,4154.05
2023-01-18,PGK,IDR,sell,4454.71
2023-01-18,PHP,IDR,buy,274.95
2023-01-18,PHP,IDR,sell,277.81
2023-01-18,SAR,IDR,buy,4013.69
2023-01-18,SAR,IDR,sell,4054.89
2023-01-18,SEK,IDR,buy,1446.81
2023-01-18,SEK,IDR,sell,1461.63
2023-01-18,SGD,IDR,buy,11403.03
2023-01-18,SGD,IDR,sell,11521.99
2023-01-18,THB,IDR,buy,456.22
2023-01-18,THB,IDR,sell,461.09
2023-01-18,USD,IDR,buy,15078.23
2023-01-18,USD,IDR,sell,15229.77
2023-01-18,VND,IDR,buy,0.64
2023-01-18,VND,IDR,sell,0.65
2023-01-19,AUD,IDR,buy,10570.03
2023-01-19,AUD,IDR,sell,10677.78
2023-01-19,BND,IDR,buy,11407.5
2023-01-19,BND,IDR,sell,11526.5
2023-01-19,CAD,IDR,buy,11270.91
2023-01-19,CAD,IDR,sell,11385.03
2023-01-19,CHF,IDR,buy,16394.17
2023-01-19,CHF,IDR,sell,16562.53
2023-01-19,CNH,IDR,buy,2222.38
2023-01-19,CNH,IDR,sell,2244.85
2023-01-19,CNY,IDR,buy,2222.91
2023-01-19,CNY,IDR,sell,2245.71
2023-01-19,DKK,IDR,buy,2192.46
2023-01-19,DKK,IDR,sell,2214.72
2023-01-19,EUR,IDR,buy,16305.39
2023-01-19,EUR,IDR,sell,16473.81
2023-01-19,GBP,IDR,buy,18546.51
2023-01-19,GBP,IDR,sell,18734.42
2023-01-19,HKD,IDR,buy,1924.08
2023-01-19,HKD,IDR,sell,1943.52
2023-01-19,JPY,IDR,buy,115.6961
2023-01-19,JPY,IDR,sell,116.8768
2023-01-19,KRW,IDR,buy,12.18
2023-01-19,KRW,IDR,sell,12.3
2023-01-19,KWD,IDR,buy,49286.04
2023-01-19,KWD,IDR,sell,49797.64
2023-01-19,LAK,IDR,buy,0.89
2023-01-19,LAK,IDR,sell,0.91
2023-01-19,MYR,IDR,buy,3483.19
2023-01-19,MYR,IDR,sell,3523.08
2023-01-19,NOK,IDR,buy,1528.21
2023-01-19,NOK,IDR,sell,1544.36
2023-01-19,NZD,IDR,buy,9749.19
2023-01-19,NZD,IDR,sell,9851.73
2023-01-19,PGK,IDR,buy,4164.45
2023-01-19,PGK,IDR,sell,4434.5
2023-01-19,PHP,IDR,buy,275.75
2023-01-19,PHP,IDR,sell,278.67
2023-01-19,SAR,IDR,buy,4008.66
2023-01-19,SAR,IDR,sell,4049.7
2023-01-19,SEK,IDR,buy,1454.02
2023-01-19,SEK,IDR,sell,1469.3
2023-01-19,SGD,IDR,buy,11407.5
2023-01-19,SGD,IDR,sell,11526.5
2023-01-19,THB,IDR,buy,456.54
2023-01-19,THB,IDR,sell,461.55
2023-01-19,USD,IDR,buy,15061.32
2023-01-19,USD,IDR,sell,15212.68
2023-01-19,VND,IDR,buy,0.64
2023-01-19,VND,IDR,sell,0.65
2023-01-20,AUD,IDR,buy,10357.78
2023-01-20,AUD,IDR,sell,10467.96
2023-01-20,BND,IDR,buy,11361.01
2023-01-20,BND,IDR,sell,11479.53
2023-01-20,CAD,IDR,buy,11139.66
2023-01-20,CAD,IDR,sell,11254.96
2023-01-20,CHF,IDR,buy,16412.82
2023-01-20,CHF,IDR,sell,16585.03
2023-01-20,CNH,IDR,buy,2216.83
2023-01-20,CNH,IDR,sell,2239.38
2023-01-20,CNY,IDR,buy,2217.65
2023-01-20,CNY,IDR,sell,2240.37
2023-01-20,DKK,IDR,buy,2184.72
2023-01-20,DKK,IDR,sell,2206.9
2023-01-20,EUR,IDR,buy,16253.96
2023-01-20,EUR,IDR,sell,16423.4
2023-01-20,GBP,IDR,buy,18542.65
2023-01-20,GBP,IDR,sell,18735.1
2023-01-20,HKD,IDR,buy,1920.76
2023-01-20,HKD,IDR,sell,1940.14
2023-01-20,JPY,IDR,buy,117.2875
2023-01-20,JPY,IDR,sell,118.4941
2023-01-20,KRW,IDR,buy,12.19
2023-01-20,KRW,IDR,sell,12.32
2023-01-20,KWD,IDR,buy,49244.92
2023-01-20,KWD,IDR,sell,49756.18
2023-01-20,LAK,IDR,buy,0.89
2023-01-20,LAK,IDR,sell,0.91
2023-01-20,MYR,IDR,buy,3481.69
2023-01-20,MYR,IDR,sell,3519.95
2023-01-20,NOK,IDR,buy,1515.21
2023-01-20,NOK,IDR,sell,1531.11
2023-01-20,NZD,IDR,buy,9626.96
2023-01-20,NZD,IDR,sell,9729.8
2023-01-20,PGK,IDR,buy,4142.81
2023-01-20,PGK,IDR,sell,4442.66
2023-01-20,PHP,IDR,buy,275.16
2023-01-20,PHP,IDR,sell,278
2023-01-20,SAR,IDR,buy,4002.51
2023-01-20,SAR,IDR,sell,4043.82
2023-01-20,SEK,IDR,buy,1455.85
2023-01-20,SEK,IDR,sell,1470.91
2023-01-20,SGD,IDR,buy,11361.01
2023-01-20,SGD,IDR,sell,11479.53
2023-01-20,THB,IDR,buy,454.58
2023-01-20,THB,IDR,sell,459.56
2023-01-20,USD,IDR,buy,15037.43
2023-01-20,USD,IDR,sell,15188.57
2023-01-20,VND,IDR,buy,0.64
2023-01-20,VND,IDR,sell,0.65
2023-01-24,AUD,IDR,buy,10435.49
2023-01-24,AUD,IDR,sell,10544.92
2023-01-24,BND,IDR,buy,11383.37
2023-01-24,BND,IDR,sell,11504.73
2023-01-24,CAD,IDR,buy,11179.52
2023-01-24,CAD,IDR,sell,11296.07
2023-01-24,CHF,IDR,buy,16421.52
2023-01-24,CHF,IDR,sell,16593.8
2023-01-24,CNH,IDR,buy,2220.72
2023-01-24,CNH,IDR,sell,2243.34
2023-01-24,CNY,IDR,buy,2220.59
2023-01-24,CNY,IDR,sell,2243.34
2023-01-24,DKK,IDR,buy,2192.22
2023-01-24,DKK,IDR,sell,2214.54
2023-01-24,EUR,IDR,buy,16306.2
2023-01-24,EUR,IDR,sell,16476.15
2023-01-24,GBP,IDR,buy,18594.61
2023-01-24,GBP,IDR,sell,18786.04
2023-01-24,HKD,IDR,buy,1920.77
2023-01-24,HKD,IDR,sell,1940.15
2023-01-24,JPY,IDR,buy,116.6943
2023-01-24,JPY,IDR,sell,117.8762
2023-01-24,KRW,IDR,buy,12.2
2023-01-24,KRW,IDR,sell,12.32
2023-01-24,KWD,IDR,buy,49261.35
2023-01-24,KWD,IDR,sell,49772.7
2023-01-24,LAK,IDR,buy,0.89
2023-01-24,LAK,IDR,sell,0.91
2023-01-24,MYR,IDR,buy,3504.64
2023-01-24,MYR,IDR,sell,3543.16
2023-01-24,NOK,IDR,buy,1520.55
2023-01-24,NOK,IDR,sell,1536.47
2023-01-24,NZD,IDR,buy,9660.65
2023-01-24,NZD,IDR,sell,9763.82
2023-01-24,PGK,IDR,buy,4145.01
2023-01-24,PGK,IDR,sell,4445.01
2023-01-24,PHP,IDR,buy,275.96
2023-01-24,PHP,IDR,sell,278.84
2023-01-24,SAR,IDR,buy,4005.06
2023-01-24,SAR,IDR,sell,4045.95
2023-01-24,SEK,IDR,buy,1457.18
2023-01-24,SEK,IDR,sell,1472.31
2023-01-24,SGD,IDR,buy,11383.37
2023-01-24,SGD,IDR,sell,11504.73
2023-01-24,THB,IDR,buy,459.26
2023-01-24,THB,IDR,sell,464.16
2023-01-24,USD,IDR,buy,15045.4
2023-01-24,USD,IDR,sell,15196.6
2023-01-24,VND,IDR,buy,0.64
2023-01-24,VND,IDR,sell,0.65
2023-01-25,AUD,IDR,buy,10455.2
2023-01-25,AUD,IDR,sell,10563.27
2023-01-25,BND,IDR,buy,11271.99
2023-01-25,BND,IDR,sell,11389.59
2023-01-25,CAD,IDR,buy,11121.77
2023-01-25,CAD,IDR,sell,11234.39
2023-01-25,CHF,IDR,buy,16152.39
2023-01-25,CHF,IDR,sell,16321.82
2023-01-25,CNH,IDR,buy,2192.64
2023-01-25,CNH,IDR,sell,2214.71
2023-01-25,CNY,IDR,buy,2188.96
2023-01-25,CNY,IDR,sell,2212.26
2023-01-25,DKK,IDR,buy,2175.33
2023-01-25,DKK,IDR,sell,2197.52
2023-01-25,EUR,IDR,buy,16180.45
2023-01-25,EUR,IDR,sell,16349.07
2023-01-25,GBP,IDR,buy,18431.03
2023-01-25,GBP,IDR,sell,18622.27
2023-01-25,HKD,IDR,buy,1896.85
2023-01-25,HKD,IDR,sell,1915.94
2023-01-25,JPY,IDR,buy,114.4392
2023-01-25,JPY,IDR,sell,115.616
2023-01-25,KRW,IDR,buy,12.07
2023-01-25,KRW,IDR,sell,12.2
2023-01-25,KWD,IDR,buy,48651.83
2023-01-25,KWD,IDR,sell,49160.11
2023-01-25,LAK,IDR,buy,0.88
2023-01-25,LAK,IDR,sell,0.9
2023-01-25,MYR,IDR,buy,3464.4
2023-01-25,MYR,IDR,sell,3503.3
2023-01-25,NOK,IDR,buy,1517.46
2023-01-25,NOK,IDR,sell,1533.18
2023-01-25,NZD,IDR,buy,9667.86
2023-01-25,NZD,IDR,sell,9771.03
2023-01-25,PGK,IDR,buy,4092.65
2023-01-25,PGK,IDR,sell,4388.86
2023-01-25,PHP,IDR,buy,272.78
2023-01-25,PHP,IDR,sell,275.62
2023-01-25,SAR,IDR,buy,3956.26
2023-01-25,SAR,IDR,sell,3996.55
2023-01-25,SEK,IDR,buy,1458.12
2023-01-25,SEK,IDR,sell,1473.21
2023-01-25,SGD,IDR,buy,11271.99
2023-01-25,SGD,IDR,sell,11389.59
2023-01-25,THB,IDR,buy,453.46
2023-01-25,THB,IDR,sell,458.44
2023-01-25,USD,IDR,buy,14855.35
2023-01-25,USD,IDR,sell,15004.65
2023-01-25,VND,IDR,buy,0.63
2023-01-25,VND,IDR,sell,0.64
2023-01-26,AUD,IDR,buy,10561.13
2023-01-26,AUD,IDR,sell,10670.27
2023-01-26,BND,IDR,buy,11312.01
2023-01-26,BND,IDR,sell,11430.04
2023-01-26,CAD,IDR,buy,11130.13
2023-01-26,CAD,IDR,sell,11245.35
2023-01-26,CHF,IDR,buy,16098.66
2023-01-26,CHF,IDR,sell,16267.49
2023-01-26,CNH,IDR,buy,2196.56
2023-01-26,CNH,IDR,sell,2218.76
2023-01-26,CNY,IDR,buy,2193.06
2023-01-26,CNY,IDR,sell,2216.41
2023-01-26,DKK,IDR,buy,2176.58
2023-01-26,DKK,IDR,sell,2198.77
2023-01-26,EUR,IDR,buy,16189.96
2023-01-26,EUR,IDR,sell,16358.68
2023-01-26,GBP,IDR,buy,18331.65
2023-01-26,GBP,IDR,sell,18521.9
2023-01-26,HKD,IDR,buy,1900.07
2023-01-26,HKD,IDR,sell,1919.31
2023-01-26,JPY,IDR,buy,114.0651
2023-01-26,JPY,IDR,sell,115.2379
2023-01-26,KRW,IDR,buy,12.06
2023-01-26,KRW,IDR,sell,12.19
2023-01-26,KWD,IDR,buy,48687.26
2023-01-26,KWD,IDR,sell,49273.3
2023-01-26,LAK,IDR,buy,0.88
2023-01-26,LAK,IDR,sell,0.9
2023-01-26,MYR,IDR,buy,3486.35
2023-01-26,MYR,IDR,sell,3526.34
2023-01-26,NOK,IDR,buy,1510.43
2023-01-26,NOK,IDR,sell,1526.08
2023-01-26,NZD,IDR,buy,9647.3
2023-01-26,NZD,IDR,sell,9750.27
2023-01-26,PGK,IDR,buy,4115.21
2023-01-26,PGK,IDR,sell,4382.06
2023-01-26,PHP,IDR,buy,272.39
2023-01-26,PHP,IDR,sell,275.28
2023-01-26,SAR,IDR,buy,3963.57
2023-01-26,SAR,IDR,sell,4003.94
2023-01-26,SEK,IDR,buy,1455.37
2023-01-26,SEK,IDR,sell,1470.43
2023-01-26,SGD,IDR,buy,11312.01
2023-01-26,SGD,IDR,sell,11430.04
2023-01-26,THB,IDR,buy,453.34
2023-01-26,THB,IDR,sell,458.32
2023-01-26,USD,IDR,buy,14883.21
2023-01-26,USD,IDR,sell,15032.79
2023-01-26,VND,IDR,buy,0.63
2023-01-26,VND,IDR,sell,0.64
2023-01-27,AUD,IDR,buy,10598.12
2023-01-27,AUD,IDR,sell,10707.64
2023-01-27,BND,IDR,buy,11356.25
2023-01-27,BND,IDR,sell,11474.76
2023-01-27,CAD,IDR,buy,11118.8
2023-01-27,CAD,IDR,sell,11233.9
2023-01-27,CHF,IDR,buy,16227.99
2023-01-27,CHF,IDR,sell,16398.23
2023-01-27,CNH,IDR,buy,2209.77
2023-01-27,CNH,IDR,sell,2232.27
2023-01-27,CNY,IDR,buy,2193.94
2023-01-27,CNY,IDR,sell,2217.3
2023-01-27,DKK,IDR,buy,2185.12
2023-01-27,DKK,IDR,sell,2207.4
2023-01-27,EUR,IDR,buy,16253.03
2023-01-27,EUR,IDR,sell,16422.39
2023-01-27,GBP,IDR,buy,18470.03
2023-01-27,GBP,IDR,sell,18661.67
2023-01-27,HKD,IDR,buy,1901.02
2023-01-27,HKD,IDR,sell,1920.15
2023-01-27,JPY,IDR,buy,114.8945
2023-01-27,JPY,IDR,sell,116.0761
2023-01-27,KRW,IDR,buy,12.09
2023-01-27,KRW,IDR,sell,12.21
2023-01-27,KWD,IDR,buy,48804.18
2023-01-27,KWD,IDR,sell,49310.84
2023-01-27,LAK,IDR,buy,0.88
2023-01-27,LAK,IDR,sell,0.9
2023-01-27,MYR,IDR,buy,3504.99
2023-01-27,MYR,IDR,sell,3544.38
2023-01-27,NOK,IDR,buy,1507.9
2023-01-27,NOK,IDR,sell,1523.52
2023-01-27,NZD,IDR,buy,9661.59
2023-01-27,NZD,IDR,sell,9764.71
2023-01-27,PGK,IDR,buy,4116.86
2023-01-27,PGK,IDR,sell,4383.82
2023-01-27,PHP,IDR,buy,273.62
2023-01-27,PHP,IDR,sell,276.47
2023-01-27,SAR,IDR,buy,3965.9
2023-01-27,SAR,IDR,sell,4006.29
2023-01-27,SEK,IDR,buy,1458.48
2023-01-27,SEK,IDR,sell,1473.57
2023-01-27,SGD,IDR,buy,11356.25
2023-01-27,SGD,IDR,sell,11474.76
2023-01-27,THB,IDR,buy,455.74
2023-01-27,THB,IDR,sell,460.75
2023-01-27,USD,IDR,buy,14889.18
2023-01-27,USD,IDR,sell,15038.82
2023-01-27,VND,IDR,buy,0.63
2023-01-27,VND,IDR,sell,0.64
2023-01-30,AUD,IDR,buy,10585.68
2023-01-30,AUD,IDR,sell,10693.57
2023-01-30,BND,IDR,buy,11336.61
2023-01-30,BND,IDR,sell,11454.9
2023-01-30,CAD,IDR,buy,11175.1
2023-01-30,CAD,IDR,sell,11288.26
2023-01-30,CHF,IDR,buy,16151.63
2023-01-30,CHF,IDR,sell,16315.73
2023-01-30,CNH,IDR,buy,2203.72
2023-01-30,CNH,IDR,sell,2226.2
2023-01-30,CNY,IDR,buy,2195.99
2023-01-30,CNY,IDR,sell,2219.37
2023-01-30,DKK,IDR,buy,2178.63
2023-01-30,DKK,IDR,sell,2200.71
2023-01-30,EUR,IDR,buy,16204.15
2023-01-30,EUR,IDR,sell,16371.52
2023-01-30,GBP,IDR,buy,18444.09
2023-01-30,GBP,IDR,sell,18632.47
2023-01-30,HKD,IDR,buy,1903.12
2023-01-30,HKD,IDR,sell,1922.32
2023-01-30,JPY,IDR,buy,114.6834
2023-01-30,JPY,IDR,sell,115.8449
2023-01-30,KRW,IDR,buy,12.07
2023-01-30,KRW,IDR,sell,12.2
2023-01-30,KWD,IDR,buy,48808.25
2023-01-30,KWD,IDR,sell,49314.93
2023-01-30,LAK,IDR,buy,0.88
2023-01-30,LAK,IDR,sell,0.9
2023-01-30,MYR,IDR,buy,3516.54
2023-01-30,MYR,IDR,sell,3556.08
2023-01-30,NOK,IDR,buy,1505.2
2023-01-30,NOK,IDR,sell,1520.89
2023-01-30,NZD,IDR,buy,9667.65
2023-01-30,NZD,IDR,sell,9769.33
2023-01-30,PGK,IDR,buy,4120.71
2023-01-30,PGK,IDR,sell,4387.92
2023-01-30,PHP,IDR,buy,273.5
2023-01-30,PHP,IDR,sell,276.4
2023-01-30,SAR,IDR,buy,3969.61
2023-01-30,SAR,IDR,sell,4009.93
2023-01-30,SEK,IDR,buy,1445.87
2023-01-30,SEK,IDR,sell,1460.89
2023-01-30,SGD,IDR,buy,11336.61
2023-01-30,SGD,IDR,sell,11454.9
2023-01-30,THB,IDR,buy,452.84
2023-01-30,THB,IDR,sell,457.81
2023-01-30,USD,IDR,buy,14903.11
2023-01-30,USD,IDR,sell,15052.89
2023-01-30,VND,IDR,buy,0.64
2023-01-30,VND,IDR,sell,0.64
2023-01-31,AUD,IDR,buy,10558.06
2023-01-31,AUD,IDR,sell,10667.19
2023-01-31,BND,IDR,buy,11347.72
2023-01-31,BND,IDR,sell,11466.14
2023-01-31,CAD,IDR,buy,11172.49
2023-01-31,CAD,IDR,sell,11288.17
2023-01-31,CHF,IDR,buy,16149.2
2023-01-31,CHF,IDR,sell,16318.59
2023-01-31,CNH,IDR,buy,2206.71
2023-01-31,CNH,IDR,sell,2229.55
2023-01-31,CNY,IDR,buy,2207.46
2023-01-31,CNY,IDR,sell,2230.04
2023-01-31,DKK,IDR,buy,2178.61
2023-01-31,DKK,IDR,sell,2200.83
2023-01-31,EUR,IDR,buy,16203.74
2023-01-31,EUR,IDR,sell,16372.62
2023-01-31,GBP,IDR,buy,18443.82
2023-01-31,GBP,IDR,sell,18635.22
2023-01-31,HKD,IDR,buy,1902.32
2023-01-31,HKD,IDR,sell,1921.46
2023-01-31,JPY,IDR,buy,114.8855
2023-01-31,JPY,IDR,sell,116.0671
2023-01-31,KRW,IDR,buy,12.14
2023-01-31,KRW,IDR,sell,12.26
2023-01-31,KWD,IDR,buy,48805.1
2023-01-31,KWD,IDR,sell,49311.78
2023-01-31,LAK,IDR,buy,0.88
2023-01-31,LAK,IDR,sell,0.9
2023-01-31,MYR,IDR,buy,3508.5
2023-01-31,MYR,IDR,sell,3547.1
2023-01-31,NOK,IDR,buy,1505.19
2023-01-31,NOK,IDR,sell,1520.78
2023-01-31,NZD,IDR,buy,9660.84
2023-01-31,NZD,IDR,sell,9759.44
2023-01-31,PGK,IDR,buy,4120.98
2023-01-31,PGK,IDR,sell,4388.21
2023-01-31,PHP,IDR,buy,273.12
2023-01-31,PHP,IDR,sell,276.02
2023-01-31,SAR,IDR,buy,3969.98
2023-01-31,SAR,IDR,sell,4010.31
2023-01-31,SEK,IDR,buy,1444.08
2023-01-31,SEK,IDR,sell,1459.02
2023-01-31,SGD,IDR,buy,11347.72
2023-01-31,SGD,IDR,sell,11466.14
2023-01-31,THB,IDR,buy,455.37
2023-01-31,THB,IDR,sell,460.22
2023-01-31,USD,IDR,buy,14904.1
2023-01-31,USD,IDR,sell,15053.9
2023-01-31,VND,IDR,buy,0.64
2023-01-31,VND,IDR,sell,0.64
2023-02-01,AUD,IDR,buy,10489.66
2023-02-01,AUD,IDR,sell,10601.11
2023-02-01,BND,IDR,buy,11351.53
2023-02-01,BND,IDR,sell,11469.98
2023-02-01,CAD,IDR,buy,11119.67
2023-02-01,CAD,IDR,sell,11235.62
2023-02-01,CHF,IDR,buy,16114.34
2023-02-01,CHF,IDR,sell,16278.05
2023-02-01,CNH,IDR,buy,2207.77
2023-02-01,CNH,IDR,sell,2230.26
2023-02-01,CNY,IDR,buy,2209.02
2023-02-01,CNY,IDR,sell,2231.41
2023-02-01,DKK,IDR,buy,2173.99
2023-02-01,DKK,IDR,sell,2196.16
2023-02-01,EUR,IDR,buy,16171.56
2023-02-01,EUR,IDR,sell,16337.1
2023-02-01,GBP,IDR,buy,18424.04
2023-02-01,GBP,IDR,sell,18615.23
2023-02-01,HKD,IDR,buy,1902.85
2023-02-01,HKD,IDR,sell,1922.05
2023-02-01,JPY,IDR,buy,114.6318
2023-02-01,JPY,IDR,sell,115.8106
2023-02-01,KRW,IDR,buy,12.1
2023-02-01,KRW,IDR,sell,12.23
2023-02-01,KWD,IDR,buy,48836.27
2023-02-01,KWD,IDR,sell,49343.25
2023-02-01,LAK,IDR,buy,0.88
2023-02-01,LAK,IDR,sell,0.9
2023-02-01,MYR,IDR,buy,3504.94
2023-02-01,MYR,IDR,sell,3546
2023-02-01,NOK,IDR,buy,1494.77
2023-02-01,NOK,IDR,sell,1510.25
2023-02-01,NZD,IDR,buy,9628.95
2023-02-01,NZD,IDR,sell,9727.23
2023-02-01,PGK,IDR,buy,4109.64
2023-02-01,PGK,IDR,sell,4407.09
2023-02-01,PHP,IDR,buy,273.01
2023-02-01,PHP,IDR,sell,275.88
2023-02-01,SAR,IDR,buy,3974.49
2023-02-01,SAR,IDR,sell,4014.97
2023-02-01,SEK,IDR,buy,1434.55
2023-02-01,SEK,IDR,sell,1449.39
2023-02-01,SGD,IDR,buy,11351.53
2023-02-01,SGD,IDR,sell,11469.98
2023-02-01,THB,IDR,buy,454.65
2023-02-01,THB,IDR,sell,459.5
2023-02-01,USD,IDR,buy,14917.04
2023-02-01,USD,IDR,sell,15066.96
2023-02-01,VND,IDR,buy,0.64
2023-02-01,VND,IDR,sell,0.64
2023-02-02,AUD,IDR,buy,10548.63
2023-02-02,AUD,IDR,sell,10662.17
2023-02-02,BND,IDR,buy,11357.69
2023-02-02,BND,IDR,sell,11472.7
2023-02-02,CAD,IDR,buy,11203.28
2023-02-02,CAD,IDR,sell,11320.12
2023-02-02,CHF,IDR,buy,16289.23
2023-02-02,CHF,IDR,sell,16460.12
2023-02-02,CNH,IDR,buy,2209.72
2023-02-02,CNH,IDR,sell,2232.22
2023-02-02,CNY,IDR,buy,2210.93
2023-02-02,CNY,IDR,sell,2233.78
2023-02-02,DKK,IDR,buy,2181.35
2023-02-02,DKK,IDR,sell,2203.91
2023-02-02,EUR,IDR,buy,16228.66
2023-02-02,EUR,IDR,sell,16394.77
2023-02-02,GBP,IDR,buy,18373.59
2023-02-02,GBP,IDR,sell,18565.77
2023-02-02,HKD,IDR,buy,1902.12
2023-02-02,HKD,IDR,sell,1921.31
2023-02-02,JPY,IDR,buy,114.5714
2023-02-02,JPY,IDR,sell,115.7584
2023-02-02,KRW,IDR,buy,12.12
2023-02-02,KRW,IDR,sell,12.25
2023-02-02,KWD,IDR,buy,48850.63
2023-02-02,KWD,IDR,sell,49360.95
2023-02-02,LAK,IDR,buy,0.88
2023-02-02,LAK,IDR,sell,0.9
2023-02-02,MYR,IDR,buy,3494.45
2023-02-02,MYR,IDR,sell,3534.12
2023-02-02,NOK,IDR,buy,1495.39
2023-02-02,NOK,IDR,sell,1510.99
2023-02-02,NZD,IDR,buy,9613.39
2023-02-02,NZD,IDR,sell,9717.54
2023-02-02,PGK,IDR,buy,4109.37
2023-02-02,PGK,IDR,sell,4406.79
2023-02-02,PHP,IDR,buy,273.49
2023-02-02,PHP,IDR,sell,276.34
2023-02-02,SAR,IDR,buy,3974.75
2023-02-02,SAR,IDR,sell,4015.23
2023-02-02,SEK,IDR,buy,1428.97
2023-02-02,SEK,IDR,sell,1443.79
2023-02-02,SGD,IDR,buy,11357.69
2023-02-02,SGD,IDR,sell,11472.7
2023-02-02,THB,IDR,buy,453.79
2023-02-02,THB,IDR,sell,458.63
2023-02-02,USD,IDR,buy,14916.05
2023-02-02,USD,IDR,sell,15065.95
2023-02-02,VND,IDR,buy,0.64
2023-02-02,VND,IDR,sell,0.64
2023-02-03,AUD,IDR,buy,10559.71
2023-02-03,AUD,IDR,sell,10673.31
2023-02-03,BND,IDR,buy,11330.06
2023-02-03,BND,IDR,sell,11448.31
2023-02-03,CAD,IDR,buy,11130.58
2023-02-03,CAD,IDR,sell,11246.68
2023-02-03,CHF,IDR,buy,16292.58
2023-02-03,CHF,IDR,sell,16463.57
2023-02-03,CNH,IDR,buy,2199.28
2023-02-03,CNH,IDR,sell,2221.51
2023-02-03,CNY,IDR,buy,2200.06
2023-02-03,CNY,IDR,sell,2222.64
2023-02-03,DKK,IDR,buy,2186.08
2023-02-03,DKK,IDR,sell,2208.25
2023-02-03,EUR,IDR,buy,16262.67
2023-02-03,EUR,IDR,sell,16429.1
2023-02-03,GBP,IDR,buy,18304.2
2023-02-03,GBP,IDR,sell,18495.63
2023-02-03,HKD,IDR,buy,1886.25
2023-02-03,HKD,IDR,sell,1905.28
2023-02-03,JPY,IDR,buy,114.9647
2023-02-03,JPY,IDR,sell,116.1653
2023-02-03,KRW,IDR,buy,12.09
2023-02-03,KRW,IDR,sell,12.21
2023-02-03,KWD,IDR,buy,48538.81
2023-02-03,KWD,IDR,sell,49042.73
2023-02-03,LAK,IDR,buy,0.87
2023-02-03,LAK,IDR,sell,0.89
2023-02-03,MYR,IDR,buy,3482.5
2023-02-03,MYR,IDR,sell,3521.65
2023-02-03,NOK,IDR,buy,1493.45
2023-02-03,NOK,IDR,sell,1509.1
2023-02-03,NZD,IDR,buy,9645.47
2023-02-03,NZD,IDR,sell,9749.88
2023-02-03,PGK,IDR,buy,4075.65
2023-02-03,PGK,IDR,sell,4370.63
2023-02-03,PHP,IDR,buy,274.67
2023-02-03,PHP,IDR,sell,277.58
2023-02-03,SAR,IDR,buy,3941.82
2023-02-03,SAR,IDR,sell,3981.86
2023-02-03,SEK,IDR,buy,1433.33
2023-02-03,SEK,IDR,sell,1448.28
2023-02-03,SGD,IDR,buy,11330.06
2023-02-03,SGD,IDR,sell,11448.31
2023-02-03,THB,IDR,buy,451.44
2023-02-03,THB,IDR,sell,456.39
2023-02-03,USD,IDR,buy,14793.66
2023-02-03,USD,IDR,sell,14942.34
2023-02-03,VND,IDR,buy,0.63
2023-02-03,VND,IDR,sell,0.64
2023-02-06,AUD,IDR,buy,10468.36
2023-02-06,AUD,IDR,sell,10576.57
2023-02-06,BND,IDR,buy,11299.27
2023-02-06,BND,IDR,sell,11417.18
2023-02-06,CAD,IDR,buy,11108.75
2023-02-06,CAD,IDR,sell,11223.76
2023-02-06,CHF,IDR,buy,16200.56
2023-02-06,CHF,IDR,sell,16370.53
2023-02-06,CNH,IDR,buy,2196.56
2023-02-06,CNH,IDR,sell,2218.77
2023-02-06,CNY,IDR,buy,2197.64
2023-02-06,CNY,IDR,sell,2220.05
2023-02-06,DKK,IDR,buy,2169.5
2023-02-06,DKK,IDR,sell,2191.62
2023-02-06,EUR,IDR,buy,16147.25
2023-02-06,EUR,IDR,sell,16315.52
2023-02-06,GBP,IDR,buy,18072.82
2023-02-06,GBP,IDR,sell,18260.45
2023-02-06,HKD,IDR,buy,1889.14
2023-02-06,HKD,IDR,sell,1908.2
2023-02-06,JPY,IDR,buy,115.2325
2023-02-06,JPY,IDR,sell,116.4178
2023-02-06,KRW,IDR,buy,12.06
2023-02-06,KRW,IDR,sell,12.18
2023-02-06,KWD,IDR,buy,48568.23
2023-02-06,KWD,IDR,sell,49072.43
2023-02-06,LAK,IDR,buy,0.88
2023-02-06,LAK,IDR,sell,0.89
2023-02-06,MYR,IDR,buy,3474.8
2023-02-06,MYR,IDR,sell,3513.02
2023-02-06,NOK,IDR,buy,1474.32
2023-02-06,NOK,IDR,sell,1489.58
2023-02-06,NZD,IDR,buy,9592.29
2023-02-06,NZD,IDR,sell,9694.69
2023-02-06,PGK,IDR,buy,4083.88
2023-02-06,PGK,IDR,sell,4379.45
2023-02-06,PHP,IDR,buy,276.04
2023-02-06,PHP,IDR,sell,278.92
2023-02-06,SAR,IDR,buy,3950.2
2023-02-06,SAR,IDR,sell,3990.11
2023-02-06,SEK,IDR,buy,1428.08
2023-02-06,SEK,IDR,sell,1442.85
2023-02-06,SGD,IDR,buy,11300.99
2023-02-06,SGD,IDR,sell,11418.05
2023-02-06,THB,IDR,buy,449.06
2023-02-06,THB,IDR,sell,453.99
2023-02-06,USD,IDR,buy,14823.51
2023-02-06,USD,IDR,sell,14972.49
2023-02-06,VND,IDR,buy,0.63
2023-02-06,VND,IDR,sell,0.64
2023-02-07,AUD,IDR,buy,10371.97
2023-02-07,AUD,IDR,sell,10479.23
2023-02-07,BND,IDR,buy,11312.29
2023-02-07,BND,IDR,sell,11430.29
2023-02-07,CAD,IDR,buy,11164.74
2023-02-07,CAD,IDR,sell,11280.3
2023-02-07,CHF,IDR,buy,16162.85
2023-02-07,CHF,IDR,sell,16332.33
2023-02-07,CNH,IDR,buy,2205.72
2023-02-07,CNH,IDR,sell,2228.09
2023-02-07,CNY,IDR,buy,2208.59
2023-02-07,CNY,IDR,sell,2231.08
2023-02-07,DKK,IDR,buy,2168.56
2023-02-07,DKK,IDR,sell,2190.67
2023-02-07,EUR,IDR,buy,16143.66
2023-02-07,EUR,IDR,sell,16311.94
2023-02-07,GBP,IDR,buy,18044.58
2023-02-07,GBP,IDR,sell,18231.98
2023-02-07,HKD,IDR,buy,1908.63
2023-02-07,HKD,IDR,sell,1927.84
2023-02-07,JPY,IDR,buy,113.5602
2023-02-07,JPY,IDR,sell,114.7276
2023-02-07,KRW,IDR,buy,11.95
2023-02-07,KRW,IDR,sell,12.07
2023-02-07,KWD,IDR,buy,48988.59
2023-02-07,KWD,IDR,sell,49516.53
2023-02-07,LAK,IDR,buy,0.88
2023-02-07,LAK,IDR,sell,0.9
2023-02-07,MYR,IDR,buy,3516.37
2023-02-07,MYR,IDR,sell,3555.04
2023-02-07,NOK,IDR,buy,1464.52
2023-02-07,NOK,IDR,sell,1479.68
2023-02-07,NZD,IDR,buy,9464.19
2023-02-07,NZD,IDR,sell,9560.82
2023-02-07,PGK,IDR,buy,4111.94
2023-02-07,PGK,IDR,sell,4440.73
2023-02-07,PHP,IDR,buy,275.16
2023-02-07,PHP,IDR,sell,278.18
2023-02-07,SAR,IDR,buy,3991.93
2023-02-07,SAR,IDR,sell,4032.37
2023-02-07,SEK,IDR,buy,1415.01
2023-02-07,SEK,IDR,sell,1429.64
2023-02-07,SGD,IDR,buy,11312.29
2023-02-07,SGD,IDR,sell,11430.29
2023-02-07,THB,IDR,buy,446.76
2023-02-07,THB,IDR,sell,451.52
2023-02-07,USD,IDR,buy,14979.73
2023-02-07,USD,IDR,sell,15130.27
2023-02-07,VND,IDR,buy,0.64
2023-02-07,VND,IDR,sell,0.64
2023-02-08,AUD,IDR,buy,10435.86
2023-02-08,AUD,IDR,sell,10543.78
2023-02-08,BND,IDR,buy,11349.69
2023-02-08,BND,IDR,sell,11468.07
2023-02-08,CAD,IDR,buy,11218.67
2023-02-08,CAD,IDR,sell,11334.79
2023-02-08,CHF,IDR,buy,16253.03
2023-02-08,CHF,IDR,sell,16423.46
2023-02-08,CNH,IDR,buy,2216.2
2023-02-08,CNH,IDR,sell,2238.67
2023-02-08,CNY,IDR,buy,2219.27
2023-02-08,CNY,IDR,sell,2241.94
2023-02-08,DKK,IDR,buy,2169.79
2023-02-08,DKK,IDR,sell,2191.91
2023-02-08,EUR,IDR,buy,16147.87
2023-02-08,EUR,IDR,sell,16316.23
2023-02-08,GBP,IDR,buy,18106.1
2023-02-08,GBP,IDR,sell,18294.14
2023-02-08,HKD,IDR,buy,1919.26
2023-02-08,HKD,IDR,sell,1938.6
2023-02-08,JPY,IDR,buy,113.9347
2023-02-08,JPY,IDR,sell,115.1058
2023-02-08,KRW,IDR,buy,11.96
2023-02-08,KRW,IDR,sell,12.08
2023-02-08,KWD,IDR,buy,49253.87
2023-02-08,KWD,IDR,sell,49765.12
2023-02-08,LAK,IDR,buy,0.89
2023-02-08,LAK,IDR,sell,0.91
2023-02-08,MYR,IDR,buy,3497.4
2023-02-08,MYR,IDR,sell,3536.66
2023-02-08,NOK,IDR,buy,1458.92
2023-02-08,NOK,IDR,sell,1474.08
2023-02-08,NZD,IDR,buy,9512.48
2023-02-08,NZD,IDR,sell,9617.21
2023-02-08,PGK,IDR,buy,4134.88
2023-02-08,PGK,IDR,sell,4465.51
2023-02-08,PHP,IDR,buy,273.31
2023-02-08,PHP,IDR,sell,276.2
2023-02-08,SAR,IDR,buy,4014.63
2023-02-08,SAR,IDR,sell,4055.41
2023-02-08,SEK,IDR,buy,1418.02
2023-02-08,SEK,IDR,sell,1432.62
2023-02-08,SGD,IDR,buy,11349.69
2023-02-08,SGD,IDR,sell,11468.07
2023-02-08,THB,IDR,buy,447.25
2023-02-08,THB,IDR,sell,452.15
2023-02-08,USD,IDR,buy,15063.31
2023-02-08,USD,IDR,sell,15214.69
2023-02-08,VND,IDR,buy,0.64
2023-02-08,VND,IDR,sell,0.65
2023-02-09,AUD,IDR,buy,10506.89
2023-02-09,AUD,IDR,sell,10615.53
2023-02-09,BND,IDR,buy,11365.2
2023-02-09,BND,IDR,sell,11483.76
2023-02-09,CAD,IDR,buy,11249.64
2023-02-09,CAD,IDR,sell,11366.1
2023-02-09,CHF,IDR,buy,16361.89
2023-02-09,CHF,IDR,sell,16533.52
2023-02-09,CNH,IDR,buy,2217.17
2023-02-09,CNH,IDR,sell,2239.69
2023-02-09,CNY,IDR,buy,2218.71
2023-02-09,CNY,IDR,sell,2241.3
2023-02-09,DKK,IDR,buy,2173.55
2023-02-09,DKK,IDR,sell,2195.71
2023-02-09,EUR,IDR,buy,16174.87
2023-02-09,EUR,IDR,sell,16343.51
2023-02-09,GBP,IDR,buy,18195.6
2023-02-09,GBP,IDR,sell,18384.55
2023-02-09,HKD,IDR,buy,1916.86
2023-02-09,HKD,IDR,sell,1936.17
2023-02-09,JPY,IDR,buy,114.8842
2023-02-09,JPY,IDR,sell,116.0654
2023-02-09,KRW,IDR,buy,11.94
2023-02-09,KRW,IDR,sell,12.06
2023-02-09,KWD,IDR,buy,49250.07
2023-02-09,KWD,IDR,sell,49761.34
2023-02-09,LAK,IDR,buy,0.89
2023-02-09,LAK,IDR,sell,0.91
2023-02-09,MYR,IDR,buy,3499.97
2023-02-09,MYR,IDR,sell,3538.44
2023-02-09,NOK,IDR,buy,1468.03
2023-02-09,NOK,IDR,sell,1483.21
2023-02-09,NZD,IDR,buy,9533.39
2023-02-09,NZD,IDR,sell,9635.28
2023-02-09,PGK,IDR,buy,4130.23
2023-02-09,PGK,IDR,sell,4460.5
2023-02-09,PHP,IDR,buy,274.52
2023-02-09,PHP,IDR,sell,277.38
2023-02-09,SAR,IDR,buy,4010.23
2023-02-09,SAR,IDR,sell,4050.75
2023-02-09,SEK,IDR,buy,1431.29
2023-02-09,SEK,IDR,sell,1446.08
2023-02-09,SGD,IDR,buy,11365.2
2023-02-09,SGD,IDR,sell,11483.76
2023-02-09,THB,IDR,buy,448.88
2023-02-09,THB,IDR,sell,453.66
2023-02-09,USD,IDR,buy,15046.39
2023-02-09,USD,IDR,sell,15197.61
2023-02-09,VND,IDR,buy,0.64
2023-02-09,VND,IDR,sell,0.64
2023-02-10,AUD,IDR,buy,10482.94
2023-02-10,AUD,IDR,sell,10591.33
2023-02-10,BND,IDR,buy,11360.27
2023-02-10,BND,IDR,sell,11478.77
2023-02-10,CAD,IDR,buy,11213.77
2023-02-10,CAD,IDR,sell,11327.32
2023-02-10,CHF,IDR,buy,16368.62
2023-02-10,CHF,IDR,sell,16534.93
2023-02-10,CNH,IDR,buy,2215.25
2023-02-10,CNH,IDR,sell,2237.64
2023-02-10,CNY,IDR,buy,2216.81
2023-02-10,CNY,IDR,sell,2239.52
2023-02-10,DKK,IDR,buy,2170.28
2023-02-10,DKK,IDR,sell,2192.32
2023-02-10,EUR,IDR,buy,16150.16
2023-02-10,EUR,IDR,sell,16314
2023-02-10,GBP,IDR,buy,18205.23
2023-02-10,GBP,IDR,sell,18392.75
2023-02-10,HKD,IDR,buy,1916.51
2023-02-10,HKD,IDR,sell,1935.84
2023-02-10,JPY,IDR,buy,114.7814
2023-02-10,JPY,IDR,sell,115.9438
2023-02-10,KRW,IDR,buy,11.93
2023-02-10,KRW,IDR,sell,12.06
2023-02-10,KWD,IDR,buy,49204.91
2023-02-10,KWD,IDR,sell,49715.69
2023-02-10,LAK,IDR,buy,0.89
2023-02-10,LAK,IDR,sell,0.91
2023-02-10,MYR,IDR,buy,3481.69
2023-02-10,MYR,IDR,sell,3520.76
2023-02-10,NOK,IDR,buy,1466.59
2023-02-10,NOK,IDR,sell,1481.96
2023-02-10,NZD,IDR,buy,9562.22
2023-02-10,NZD,IDR,sell,9659.84
2023-02-10,PGK,IDR,buy,4129.69
2023-02-10,PGK,IDR,sell,4459.91
2023-02-10,PHP,IDR,buy,276.3
2023-02-10,PHP,IDR,sell,279.23
2023-02-10,SAR,IDR,buy,4009.17
2023-02-10,SAR,IDR,sell,4049.68
2023-02-10,SEK,IDR,buy,1425.62
2023-02-10,SEK,IDR,sell,1440.37
2023-02-10,SGD,IDR,buy,11360.27
2023-02-10,SGD,IDR,sell,11478.77
2023-02-10,THB,IDR,buy,449.09
2023-02-10,THB,IDR,sell,453.87
2023-02-10,USD,IDR,buy,15044.4
2023-02-10,USD,IDR,sell,15195.6
2023-02-10,VND,IDR,buy,0.64
2023-02-10,VND,IDR,sell,0.64
2023-02-13,AUD,IDR,buy,10465.17
2023-02-13,AUD,IDR,sell,10573.39
2023-02-13,BND,IDR,buy,11370.14
2023-02-13,BND,IDR,sell,11488.75
2023-02-13,CAD,IDR,buy,11210.22
2023-02-13,CAD,IDR,sell,11326.26
2023-02-13,CHF,IDR,buy,16361.79
2023-02-13,CHF,IDR,sell,16528.03
2023-02-13,CNH,IDR,buy,2214.26
2023-02-13,CNH,IDR,sell,2236.65
2023-02-13,CNY,IDR,buy,2215.83
2023-02-13,CNY,IDR,sell,2238.43
2023-02-13,DKK,IDR,buy,2174.57
2023-02-13,DKK,IDR,sell,2196.71
2023-02-13,EUR,IDR,buy,16185.08
2023-02-13,EUR,IDR,sell,16353.83
2023-02-13,GBP,IDR,buy,18268.48
2023-02-13,GBP,IDR,sell,18458.17
2023-02-13,HKD,IDR,buy,1919.04
2023-02-13,HKD,IDR,sell,1938.4
2023-02-13,JPY,IDR,buy,115.7012
2023-02-13,JPY,IDR,sell,116.873
2023-02-13,KRW,IDR,buy,11.93
2023-02-13,KRW,IDR,sell,12.06
2023-02-13,KWD,IDR,buy,49289.34
2023-02-13,KWD,IDR,sell,49801
2023-02-13,LAK,IDR,buy,0.89
2023-02-13,LAK,IDR,sell,0.91
2023-02-13,MYR,IDR,buy,3479.05
2023-02-13,MYR,IDR,sell,3517.27
2023-02-13,NOK,IDR,buy,1484.39
2023-02-13,NOK,IDR,sell,1500.09
2023-02-13,NZD,IDR,buy,9549.26
2023-02-13,NZD,IDR,sell,9648.28
2023-02-13,PGK,IDR,buy,4150.21
2023-02-13,PGK,IDR,sell,4450.59
2023-02-13,PHP,IDR,buy,276.64
2023-02-13,PHP,IDR,sell,279.6
2023-02-13,SAR,IDR,buy,4014.04
2023-02-13,SAR,IDR,sell,4054.71
2023-02-13,SEK,IDR,buy,1461.63
2023-02-13,SEK,IDR,sell,1476.89
2023-02-13,SGD,IDR,buy,11370.14
2023-02-13,SGD,IDR,sell,11488.75
2023-02-13,THB,IDR,buy,448.08
2023-02-13,THB,IDR,sell,452.85
2023-02-13,USD,IDR,buy,15064.3
2023-02-13,USD,IDR,sell,15215.7
2023-02-13,VND,IDR,buy,0.64
2023-02-13,VND,IDR,sell,0.65
2023-02-14,AUD,IDR,buy,10485.91
2023-02-14,AUD,IDR,sell,10594.35
2023-02-14,BND,IDR,buy,11374.85
2023-02-14,BND,IDR,sell,11493.48
2023-02-14,CAD,IDR,buy,11328.04
2023-02-14,CAD,IDR,sell,11445.31
2023-02-14,CHF,IDR,buy,16410.06
2023-02-14,CHF,IDR,sell,16582.17
2023-02-14,CNH,IDR,buy,2216.16
2023-02-14,CNH,IDR,sell,2238.63
2023-02-14,CNY,IDR,buy,2218.56
2023-02-14,CNY,IDR,sell,2240.96
2023-02-14,DKK,IDR,buy,2171.56
2023-02-14,DKK,IDR,sell,2193.67
2023-02-14,EUR,IDR,buy,16173.98
2023-02-14,EUR,IDR,sell,16342.65
2023-02-14,GBP,IDR,buy,18263.29
2023-02-14,GBP,IDR,sell,18451.42
2023-02-14,HKD,IDR,buy,1928.65
2023-02-14,HKD,IDR,sell,1948.06
2023-02-14,JPY,IDR,buy,114.5402
2023-02-14,JPY,IDR,sell,115.7176
2023-02-14,KRW,IDR,buy,11.87
2023-02-14,KRW,IDR,sell,11.99
2023-02-14,KWD,IDR,buy,49455.85
2023-02-14,KWD,IDR,sell,49969.22
2023-02-14,LAK,IDR,buy,0.89
2023-02-14,LAK,IDR,sell,0.91
2023-02-14,MYR,IDR,buy,3472.46
2023-02-14,MYR,IDR,sell,3511.38
2023-02-14,NOK,IDR,buy,1492.65
2023-02-14,NOK,IDR,sell,1508.09
2023-02-14,NZD,IDR,buy,9577.51
2023-02-14,NZD,IDR,sell,9679.89
2023-02-14,PGK,IDR,buy,4186.19
2023-02-14,PGK,IDR,sell,4457.64
2023-02-14,PHP,IDR,buy,276.48
2023-02-14,PHP,IDR,sell,279.36
2023-02-14,SAR,IDR,buy,4034.51
2023-02-14,SAR,IDR,sell,4075.39
2023-02-14,SEK,IDR,buy,1448.55
2023-02-14,SEK,IDR,sell,1463.52
2023-02-14,SGD,IDR,buy,11374.85
2023-02-14,SGD,IDR,sell,11493.48
2023-02-14,THB,IDR,buy,447.66
2023-02-14,THB,IDR,sell,452.43
2023-02-14,USD,IDR,buy,15139.92
2023-02-14,USD,IDR,sell,15292.08
2023-02-14,VND,IDR,buy,0.64
2023-02-14,VND,IDR,sell,0.65
2023-02-15,AUD,IDR,buy,10499.62
2023-02-15,AUD,IDR,sell,10612.76
2023-02-15,BND,IDR,buy,11362.87
2023-02-15,BND,IDR,sell,11481.39
2023-02-15,CAD,IDR,buy,11304.99
2023-02-15,CAD,IDR,sell,11422.88
2023-02-15,CHF,IDR,buy,16429.52
2023-02-15,CHF,IDR,sell,16601.87
2023-02-15,CNH,IDR,buy,2210.82
2023-02-15,CNH,IDR,sell,2233.17
2023-02-15,CNY,IDR,buy,2212.6
2023-02-15,CNY,IDR,sell,2235.3
2023-02-15,DKK,IDR,buy,2173.88
2023-02-15,DKK,IDR,sell,2196.04
2023-02-15,EUR,IDR,buy,16196.91
2023-02-15,EUR,IDR,sell,16362.74
2023-02-15,GBP,IDR,buy,18317.35
2023-02-15,GBP,IDR,sell,18507.55
2023-02-15,HKD,IDR,buy,1922.54
2023-02-15,HKD,IDR,sell,1941.94
2023-02-15,JPY,IDR,buy,114.2134
2023-02-15,JPY,IDR,sell,115.405
2023-02-15,KRW,IDR,buy,11.88
2023-02-15,KRW,IDR,sell,12.01
2023-02-15,KWD,IDR,buy,49319.17
2023-02-15,KWD,IDR,sell,49834.38
2023-02-15,LAK,IDR,buy,0.89
2023-02-15,LAK,IDR,sell,0.91
2023-02-15,MYR,IDR,buy,3467.87
2023-02-15,MYR,IDR,sell,3506.75
2023-02-15,NOK,IDR,buy,1493.81
2023-02-15,NOK,IDR,sell,1509.28
2023-02-15,NZD,IDR,buy,9553.34
2023-02-15,NZD,IDR,sell,9656.97
2023-02-15,PGK,IDR,buy,4172.98
2023-02-15,PGK,IDR,sell,4443.58
2023-02-15,PHP,IDR,buy,274.95
2023-02-15,PHP,IDR,sell,277.97
2023-02-15,SAR,IDR,buy,4021.89
2023-02-15,SAR,IDR,sell,4062.64
2023-02-15,SEK,IDR,buy,1455.82
2023-02-15,SEK,IDR,sell,1470.87
2023-02-15,SGD,IDR,buy,11362.87
2023-02-15,SGD,IDR,sell,11481.39
2023-02-15,THB,IDR,buy,445.46
2023-02-15,THB,IDR,sell,450.2
2023-02-15,USD,IDR,buy,15092.16
2023-02-15,USD,IDR,sell,15243.84
2023-02-15,VND,IDR,buy,0.64
2023-02-15,VND,IDR,sell,0.65
2023-02-16,AUD,IDR,buy,10435.98
2023-02-16,AUD,IDR,sell,10543.91
2023-02-16,BND,IDR,buy,11328.61
2023-02-16,BND,IDR,sell,11444.18
2023-02-16,CAD,IDR,buy,11293.91
2023-02-16,CAD,IDR,sell,11410.83
2023-02-16,CHF,IDR,buy,16357.96
2023-02-16,CHF,IDR,sell,16529.52
2023-02-16,CNH,IDR,buy,2205.66
2023-02-16,CNH,IDR,sell,2227.96
2023-02-16,CNY,IDR,buy,2208.08
2023-02-16,CNY,IDR,sell,2230.46
2023-02-16,DKK,IDR,buy,2172.26
2023-02-16,DKK,IDR,sell,2194.4
2023-02-16,EUR,IDR,buy,16189.9
2023-02-16,EUR,IDR,sell,16355.66
2023-02-16,GBP,IDR,buy,18265.6
2023-02-16,GBP,IDR,sell,18455.29
2023-02-16,HKD,IDR,buy,1926.13
2023-02-16,HKD,IDR,sell,1945.57
2023-02-16,JPY,IDR,buy,113.4221
2023-02-16,JPY,IDR,sell,114.5878
2023-02-16,KRW,IDR,buy,11.78
2023-02-16,KRW,IDR,sell,11.9
2023-02-16,KWD,IDR,buy,49353.72
2023-02-16,KWD,IDR,sell,49869.27
2023-02-16,LAK,IDR,buy,0.89
2023-02-16,LAK,IDR,sell,0.91
2023-02-16,MYR,IDR,buy,3441.39
2023-02-16,MYR,IDR,sell,3479.94
2023-02-16,NOK,IDR,buy,1479.24
2023-02-16,NOK,IDR,sell,1494.83
2023-02-16,NZD,IDR,buy,9497.15
2023-02-16,NZD,IDR,sell,9600.23
2023-02-16,PGK,IDR,buy,4180.14
2023-02-16,PGK,IDR,sell,4451.2
2023-02-16,PHP,IDR,buy,273.9
2023-02-16,PHP,IDR,sell,276.81
2023-02-16,SAR,IDR,buy,4028.68
2023-02-16,SAR,IDR,sell,4069.39
2023-02-16,SEK,IDR,buy,1449.29
2023-02-16,SEK,IDR,sell,1464.28
2023-02-16,SGD,IDR,buy,11328.61
2023-02-16,SGD,IDR,sell,11444.18
2023-02-16,THB,IDR,buy,441.27
2023-02-16,THB,IDR,sell,445.84
2023-02-16,USD,IDR,buy,15118.03
2023-02-16,USD,IDR,sell,15269.97
2023-02-16,VND,IDR,buy,0.64
2023-02-16,VND,IDR,sell,0.65
2023-02-17,AUD,IDR,buy,10447.77
2023-02-17,AUD,IDR,sell,10555.83
2023-02-17,BND,IDR,buy,11317.73
2023-02-17,BND,IDR,sell,11432.34
2023-02-17,CAD,IDR,buy,11286.43
2023-02-17,CAD,IDR,sell,11403.27
2023-02-17,CHF,IDR,buy,16354.51
2023-02-17,CHF,IDR,sell,16526.04
2023-02-17,CNH,IDR,buy,2199.42
2023-02-17,CNH,IDR,sell,2221.82
2023-02-17,CNY,IDR,buy,2202.34
2023-02-17,CNY,IDR,sell,2224.93
2023-02-17,DKK,IDR,buy,2168.84
2023-02-17,DKK,IDR,sell,2190.95
2023-02-17,EUR,IDR,buy,16160.15
2023-02-17,EUR,IDR,sell,16328.66
2023-02-17,GBP,IDR,buy,18185.07
2023-02-17,GBP,IDR,sell,18370.89
2023-02-17,HKD,IDR,buy,1923.75
2023-02-17,HKD,IDR,sell,1943.11
2023-02-17,JPY,IDR,buy,112.8053
2023-02-17,JPY,IDR,sell,113.9646
2023-02-17,KRW,IDR,buy,11.77
2023-02-17,KRW,IDR,sell,11.89
2023-02-17,KWD,IDR,buy,49295.25
2023-02-17,KWD,IDR,sell,49806.94
2023-02-17,LAK,IDR,buy,0.89
2023-02-17,LAK,IDR,sell,0.9
2023-02-17,MYR,IDR,buy,3427.17
2023-02-17,MYR,IDR,sell,3466.34
2023-02-17,NOK,IDR,buy,1481.03
2023-02-17,NOK,IDR,sell,1496.57
2023-02-17,NZD,IDR,buy,9507.04
2023-02-17,NZD,IDR,sell,9608.68
2023-02-17,PGK,IDR,buy,4175.18
2023-02-17,PGK,IDR,sell,4445.92
2023-02-17,PHP,IDR,buy,273.9
2023-02-17,PHP,IDR,sell,276.75
2023-02-17,SAR,IDR,buy,4025.84
2023-02-17,SAR,IDR,sell,4067.17
2023-02-17,SEK,IDR,buy,1451.03
2023-02-17,SEK,IDR,sell,1466.05
2023-02-17,SGD,IDR,buy,11317.73
2023-02-17,SGD,IDR,sell,11432.34
2023-02-17,THB,IDR,buy,440.49
2023-02-17,THB,IDR,sell,445.18
2023-02-17,USD,IDR,buy,15100.12
2023-02-17,USD,IDR,sell,15251.88
2023-02-17,VND,IDR,buy,0.64
2023-02-17,VND,IDR,sell,0.64
2023-02-20,AUD,IDR,buy,10339.6
2023-02-20,AUD,IDR,sell,10446.57
2023-02-20,BND,IDR,buy,11281.61
2023-02-20,BND,IDR,sell,11403.51
2023-02-20,CAD,IDR,buy,11198.07
2023-02-20,CAD,IDR,sell,11313.98
2023-02-20,CHF,IDR,buy,16264.79
2023-02-20,CHF,IDR,sell,16435.33
2023-02-20,CNH,IDR,buy,2194.6
2023-02-20,CNH,IDR,sell,2216.82
2023-02-20,CNY,IDR,buy,2198.43
2023-02-20,CNY,IDR,sell,2220.82
2023-02-20,DKK,IDR,buy,2160.12
2023-02-20,DKK,IDR,sell,2182.14
2023-02-20,EUR,IDR,buy,16086.34
2023-02-20,EUR,IDR,sell,16254.13
2023-02-20,GBP,IDR,buy,18040.23
2023-02-20,GBP,IDR,sell,18224.6
2023-02-20,HKD,IDR,buy,1926.72
2023-02-20,HKD,IDR,sell,1946.11
2023-02-20,JPY,IDR,buy,112.0886
2023-02-20,JPY,IDR,sell,113.2404
2023-02-20,KRW,IDR,buy,11.64
2023-02-20,KRW,IDR,sell,11.76
2023-02-20,KWD,IDR,buy,49300.73
2023-02-20,KWD,IDR,sell,49812.49
2023-02-20,LAK,IDR,buy,0.89
2023-02-20,LAK,IDR,sell,0.91
2023-02-20,MYR,IDR,buy,3413.77
2023-02-20,MYR,IDR,sell,3451.2
2023-02-20,NOK,IDR,buy,1466.69
2023-02-20,NOK,IDR,sell,1481.86
2023-02-20,NZD,IDR,buy,9395.92
2023-02-20,NZD,IDR,sell,9493.41
2023-02-20,PGK,IDR,buy,4181.51
2023-02-20,PGK,IDR,sell,4338.1
2023-02-20,PHP,IDR,buy,273.62
2023-02-20,PHP,IDR,sell,276.57
2023-02-20,SAR,IDR,buy,4031.83
2023-02-20,SAR,IDR,sell,4072.79
2023-02-20,SEK,IDR,buy,1438.78
2023-02-20,SEK,IDR,sell,1453.65
2023-02-20,SGD,IDR,buy,11281.61
2023-02-20,SGD,IDR,sell,11403.51
2023-02-20,THB,IDR,buy,437.59
2023-02-20,THB,IDR,sell,442.11
2023-02-20,USD,IDR,buy,15123
2023-02-20,USD,IDR,sell,15275
2023-02-20,VND,IDR,buy,0.63
2023-02-20,VND,IDR,sell,0.64
2023-02-21,AUD,IDR,buy,10425.66
2023-02-21,AUD,IDR,sell,10533.49
2023-02-21,BND,IDR,buy,11302.45
2023-02-21,BND,IDR,sell,11420.32
2023-02-21,CAD,IDR,buy,11209.27
2023-02-21,CAD,IDR,sell,11322.77
2023-02-21,CHF,IDR,buy,16344.12
2023-02-21,CHF,IDR,sell,16515.54
2023-02-21,CNH,IDR,buy,2198.32
2023-02-21,CNH,IDR,sell,2220.68
2023-02-21,CNY,IDR,buy,2200.28
2023-02-21,CNY,IDR,sell,2222.62
2023-02-21,DKK,IDR,buy,2168.35
2023-02-21,DKK,IDR,sell,2190.3
2023-02-21,EUR,IDR,buy,16144.08
2023-02-21,EUR,IDR,sell,16310.91
2023-02-21,GBP,IDR,buy,18180.02
2023-02-21,GBP,IDR,sell,18368.83
2023-02-21,HKD,IDR,buy,1926.47
2023-02-21,HKD,IDR,sell,1945.91
2023-02-21,JPY,IDR,buy,112.5693
2023-02-21,JPY,IDR,sell,113.7091
2023-02-21,KRW,IDR,buy,11.66
2023-02-21,KRW,IDR,sell,11.78
2023-02-21,KWD,IDR,buy,49248.36
2023-02-21,KWD,IDR,sell,49759.56
2023-02-21,LAK,IDR,buy,0.89
2023-02-21,LAK,IDR,sell,0.91
2023-02-21,MYR,IDR,buy,3406.81
2023-02-21,MYR,IDR,sell,3444.94
2023-02-21,NOK,IDR,buy,1472.25
2023-02-21,NOK,IDR,sell,1487.52
2023-02-21,NZD,IDR,buy,9423.54
2023-02-21,NZD,IDR,sell,9524.35
2023-02-21,PGK,IDR,buy,4172.98
2023-02-21,PGK,IDR,sell,4443.58
2023-02-21,PHP,IDR,buy,274.4
2023-02-21,PHP,IDR,sell,277.36
2023-02-21,SAR,IDR,buy,4023.82
2023-02-21,SAR,IDR,sell,4064.7
2023-02-21,SEK,IDR,buy,1450.78
2023-02-21,SEK,IDR,sell,1465.73
2023-02-21,SGD,IDR,buy,11302.45
2023-02-21,SGD,IDR,sell,11420.32
2023-02-21,THB,IDR,buy,439.49
2023-02-21,THB,IDR,sell,444.17
2023-02-21,USD,IDR,buy,15092.16
2023-02-21,USD,IDR,sell,15243.84
2023-02-21,VND,IDR,buy,0.64
2023-02-21,VND,IDR,sell,0.64
2023-02-22,AUD,IDR,buy,10387.91
2023-02-22,AUD,IDR,sell,10495.37
2023-02-22,BND,IDR,buy,11281.92
2023-02-22,BND,IDR,sell,11399.57
2023-02-22,CAD,IDR,buy,11197.43
2023-02-22,CAD,IDR,sell,11313.33
2023-02-22,CHF,IDR,buy,16320.62
2023-02-22,CHF,IDR,sell,16491.78
2023-02-22,CNH,IDR,buy,2193.97
2023-02-22,CNH,IDR,sell,2216.32
2023-02-22,CNY,IDR,buy,2196.75
2023-02-22,CNY,IDR,sell,2218.96
2023-02-22,DKK,IDR,buy,2164.14
2023-02-22,DKK,IDR,sell,2186.11
2023-02-22,EUR,IDR,buy,16113.5
2023-02-22,EUR,IDR,sell,16278.5
2023-02-22,GBP,IDR,buy,18140.33
2023-02-22,GBP,IDR,sell,18328.76
2023-02-22,HKD,IDR,buy,1925.95
2023-02-22,HKD,IDR,sell,1945.33
2023-02-22,JPY,IDR,buy,112.149
2023-02-22,JPY,IDR,sell,113.3014
2023-02-22,KRW,IDR,buy,11.62
2023-02-22,KRW,IDR,sell,11.74
2023-02-22,KWD,IDR,buy,49264.77
2023-02-22,KWD,IDR,sell,49776.16
2023-02-22,LAK,IDR,buy,0.89
2023-02-22,LAK,IDR,sell,0.91
2023-02-22,MYR,IDR,buy,3406.97
2023-02-22,MYR,IDR,sell,3444.32
2023-02-22,NOK,IDR,buy,1470.35
2023-02-22,NOK,IDR,sell,1485.62
2023-02-22,NZD,IDR,buy,9391.11
2023-02-22,NZD,IDR,sell,9491.6
2023-02-22,PGK,IDR,buy,4176.01
2023-02-22,PGK,IDR,sell,4332.39
2023-02-22,PHP,IDR,buy,274.1
2023-02-22,PHP,IDR,sell,277.06
2023-02-22,SAR,IDR,buy,4026.31
2023-02-22,SAR,IDR,sell,4067.32
2023-02-22,SEK,IDR,buy,1455.97
2023-02-22,SEK,IDR,sell,1471.07
2023-02-22,SGD,IDR,buy,11281.92
2023-02-22,SGD,IDR,sell,11399.57
2023-02-22,THB,IDR,buy,436.25
2023-02-22,THB,IDR,sell,441.15
2023-02-22,USD,IDR,buy,15103.1
2023-02-22,USD,IDR,sell,15254.9
2023-02-22,VND,IDR,buy,0.64
2023-02-22,VND,IDR,sell,0.64
2023-02-23,AUD,IDR,buy,10337.38
2023-02-23,AUD,IDR,sell,10444.33
2023-02-23,BND,IDR,buy,11303.31
2023-02-23,BND,IDR,sell,11419.47
2023-02-23,CAD,IDR,buy,11180.62
2023-02-23,CAD,IDR,sell,11296.32
2023-02-23,CHF,IDR,buy,16346.66
2023-02-23,CHF,IDR,sell,16518.08
2023-02-23,CNH,IDR,buy,2194.19
2023-02-23,CNH,IDR,sell,2216.47
2023-02-23,CNY,IDR,buy,2196.2
2023-02-23,CNY,IDR,sell,2218.46
2023-02-23,DKK,IDR,buy,2165.98
2023-02-23,DKK,IDR,sell,2188.06
2023-02-23,EUR,IDR,buy,16129.16
2023-02-23,EUR,IDR,sell,16294.32
2023-02-23,GBP,IDR,buy,18338.37
2023-02-23,GBP,IDR,sell,18530.32
2023-02-23,HKD,IDR,buy,1930.33
2023-02-23,HKD,IDR,sell,1949.76
2023-02-23,JPY,IDR,buy,112.4371
2023-02-23,JPY,IDR,sell,113.5925
2023-02-23,KRW,IDR,buy,11.61
2023-02-23,KRW,IDR,sell,11.73
2023-02-23,KWD,IDR,buy,49388.14
2023-02-23,KWD,IDR,sell,49904.04
2023-02-23,LAK,IDR,buy,0.89
2023-02-23,LAK,IDR,sell,0.91
2023-02-23,MYR,IDR,buy,3409.57
2023-02-23,MYR,IDR,sell,3448.5
2023-02-23,NOK,IDR,buy,1469.89
2023-02-23,NOK,IDR,sell,1485.28
2023-02-23,NZD,IDR,buy,9436.44
2023-02-23,NZD,IDR,sell,9532.81
2023-02-23,PGK,IDR,buy,4186.74
2023-02-23,PGK,IDR,sell,4458.23
2023-02-23,PHP,IDR,buy,274.31
2023-02-23,PHP,IDR,sell,277.27
2023-02-23,SAR,IDR,buy,4036.23
2023-02-23,SAR,IDR,sell,4077.12
2023-02-23,SEK,IDR,buy,1461.45
2023-02-23,SEK,IDR,sell,1476.56
2023-02-23,SGD,IDR,buy,11303.31
2023-02-23,SGD,IDR,sell,11419.47
2023-02-23,THB,IDR,buy,437.88
2023-02-23,THB,IDR,sell,442.54
2023-02-23,USD,IDR,buy,15141.91
2023-02-23,USD,IDR,sell,15294.09
2023-02-23,VND,IDR,buy,0.64
2023-02-23,VND,IDR,sell,0.64
2023-02-24,AUD,IDR,buy,10316.33
2023-02-24,AUD,IDR,sell,10423.05
2023-02-24,BND,IDR,buy,11265.99
2023-02-24,BND,IDR,sell,11383.45
2023-02-24,CAD,IDR,buy,11169.39
2023-02-24,CAD,IDR,sell,11284.98
2023-02-24,CHF,IDR,buy,16218.82
2023-02-24,CHF,IDR,sell,16388.84
2023-02-24,CNH,IDR,buy,2190.45
2023-02-24,CNH,IDR,sell,2212.66
2023-02-24,CNY,IDR,buy,2192.68
2023-02-24,CNY,IDR,sell,2214.91
2023-02-24,DKK,IDR,buy,2154.26
2023-02-24,DKK,IDR,sell,2176.22
2023-02-24,EUR,IDR,buy,16038.89
2023-02-24,EUR,IDR,sell,16201.6
2023-02-24,GBP,IDR,buy,18216.39
2023-02-24,GBP,IDR,sell,18405.57
2023-02-24,HKD,IDR,buy,1926.5
2023-02-24,HKD,IDR,sell,1945.91
2023-02-24,JPY,IDR,buy,112.0251
2023-02-24,JPY,IDR,sell,113.1593
2023-02-24,KRW,IDR,buy,11.65
2023-02-24,KRW,IDR,sell,11.77
2023-02-24,KWD,IDR,buy,49245.79
2023-02-24,KWD,IDR,sell,49760.15
2023-02-24,LAK,IDR,buy,0.89
2023-02-24,LAK,IDR,sell,0.91
2023-02-24,MYR,IDR,buy,3408
2023-02-24,MYR,IDR,sell,3445.36
2023-02-24,NOK,IDR,buy,1461.29
2023-02-24,NOK,IDR,sell,1476.41
2023-02-24,NZD,IDR,buy,9429.31
2023-02-24,NZD,IDR,sell,9530.17
2023-02-24,PGK,IDR,buy,4178.21
2023-02-24,PGK,IDR,sell,4334.67
2023-02-24,PHP,IDR,buy,275
2023-02-24,PHP,IDR,sell,278.11
2023-02-24,SAR,IDR,buy,4027.79
2023-02-24,SAR,IDR,sell,4068.6
2023-02-24,SEK,IDR,buy,1452.37
2023-02-24,SEK,IDR,sell,1467.39
2023-02-24,SGD,IDR,buy,11265.99
2023-02-24,SGD,IDR,sell,11383.45
2023-02-24,THB,IDR,buy,436.86
2023-02-24,THB,IDR,sell,441.76
2023-02-24,USD,IDR,buy,15111.07
2023-02-24,USD,IDR,sell,15262.93
2023-02-24,VND,IDR,buy,0.63
2023-02-24,VND,IDR,sell,0.64
2023-02-27,AUD,IDR,buy,10283.03
2023-02-27,AUD,IDR,sell,10389.44
2023-02-27,BND,IDR,buy,11258.96
2023-02-27,BND,IDR,sell,11376.34
2023-02-27,CAD,IDR,buy,11165.96
2023-02-27,CAD,IDR,sell,11282.34
2023-02-27,CHF,IDR,buy,16182.04
2023-02-27,CHF,IDR,sell,16349.92
2023-02-27,CNH,IDR,buy,2179.25
2023-02-27,CNH,IDR,sell,2201.22
2023-02-27,CNY,IDR,buy,2182.52
2023-02-27,CNY,IDR,sell,2204.68
2023-02-27,DKK,IDR,buy,2153.31
2023-02-27,DKK,IDR,sell,2175.26
2023-02-27,EUR,IDR,buy,16028.63
2023-02-27,EUR,IDR,sell,16191.25
2023-02-27,GBP,IDR,buy,18202.73
2023-02-27,GBP,IDR,sell,18391.78
2023-02-27,HKD,IDR,buy,1929.32
2023-02-27,HKD,IDR,sell,1948.83
2023-02-27,JPY,IDR,buy,112.239
2023-02-27,JPY,IDR,sell,113.3923
2023-02-27,KRW,IDR,buy,11.59
2023-02-27,KRW,IDR,sell,11.71
2023-02-27,KWD,IDR,buy,49322.13
2023-02-27,KWD,IDR,sell,49837.31
2023-02-27,LAK,IDR,buy,0.89
2023-02-27,LAK,IDR,sell,0.91
2023-02-27,MYR,IDR,buy,3410.66
2023-02-27,MYR,IDR,sell,3449.6
2023-02-27,NOK,IDR,buy,1467.07
2023-02-27,NOK,IDR,sell,1482.49
2023-02-27,NZD,IDR,buy,9414
2023-02-27,NZD,IDR,sell,9514.73
2023-02-27,PGK,IDR,buy,4155.91
2023-02-27,PGK,IDR,sell,4488.23
2023-02-27,PHP,IDR,buy,275.52
2023-02-27,PHP,IDR,sell,278.65
2023-02-27,SAR,IDR,buy,4035.05
2023-02-27,SAR,IDR,sell,4075.82
2023-02-27,SEK,IDR,buy,1456.1
2023-02-27,SEK,IDR,sell,1471.16
2023-02-27,SGD,IDR,buy,11258.96
2023-02-27,SGD,IDR,sell,11376.34
2023-02-27,THB,IDR,buy,433.81
2023-02-27,THB,IDR,sell,438.42
2023-02-27,USD,IDR,buy,15139.92
2023-02-27,USD,IDR,sell,15292.08
2023-02-27,VND,IDR,buy,0.64
2023-02-27,VND,IDR,sell,0.64
2023-02-28,AUD,IDR,buy,10212.81
2023-02-28,AUD,IDR,sell,10318.52
2023-02-28,BND,IDR,buy,11255.84
2023-02-28,BND,IDR,sell,11373.17
2023-02-28,CAD,IDR,buy,11177.19
2023-02-28,CAD,IDR,sell,11292.85
2023-02-28,CHF,IDR,buy,16141.93
2023-02-28,CHF,IDR,sell,16311.09
2023-02-28,CNH,IDR,buy,2177.28
2023-02-28,CNH,IDR,sell,2199.79
2023-02-28,CNY,IDR,buy,2181.97
2023-02-28,CNY,IDR,sell,2204.09
2023-02-28,DKK,IDR,buy,2154.62
2023-02-28,DKK,IDR,sell,2176.59
2023-02-28,EUR,IDR,buy,16036.54
2023-02-28,EUR,IDR,sell,16203.85
2023-02-28,GBP,IDR,buy,18180.92
2023-02-28,GBP,IDR,sell,18369.79
2023-02-28,HKD,IDR,buy,1936.97
2023-02-28,HKD,IDR,sell,1956.46
2023-02-28,JPY,IDR,buy,111.6652
2023-02-28,JPY,IDR,sell,112.8123
2023-02-28,KRW,IDR,buy,11.5
2023-02-28,KRW,IDR,sell,11.61
2023-02-28,KWD,IDR,buy,49444.09
2023-02-28,KWD,IDR,sell,49976.79
2023-02-28,LAK,IDR,buy,0.9
2023-02-28,LAK,IDR,sell,0.91
2023-02-28,MYR,IDR,buy,3391.57
2023-02-28,MYR,IDR,sell,3429.48
2023-02-28,NOK,IDR,buy,1465.55
2023-02-28,NOK,IDR,sell,1480.71
2023-02-28,NZD,IDR,buy,9351.1
2023-02-28,NZD,IDR,sell,9451.22
2023-02-28,PGK,IDR,buy,4186.95
2023-02-28,PGK,IDR,sell,4489.98
2023-02-28,PHP,IDR,buy,273.63
2023-02-28,PHP,IDR,sell,276.58
2023-02-28,SAR,IDR,buy,4050.33
2023-02-28,SAR,IDR,sell,4091.36
2023-02-28,SEK,IDR,buy,1447.38
2023-02-28,SEK,IDR,sell,1462.34
2023-02-28,SGD,IDR,buy,11255.84
2023-02-28,SGD,IDR,sell,11373.17
2023-02-28,THB,IDR,buy,432.49
2023-02-28,THB,IDR,sell,437.08
2023-02-28,USD,IDR,buy,15197.63
2023-02-28,USD,IDR,sell,15350.37
2023-02-28,VND,IDR,buy,0.64
2023-02-28,VND,IDR,sell,0.65
2023-03-01,AUD,IDR,buy,10171.88
2023-03-01,AUD,IDR,sell,10277.17
2023-03-01,BND,IDR,buy,11231.61
2023-03-01,BND,IDR,sell,11348.7
2023-03-01,CAD,IDR,buy,11149.03
2023-03-01,CAD,IDR,sell,11264.4
2023-03-01,CHF,IDR,buy,16150.6
2023-03-01,CHF,IDR,sell,16319.87
2023-03-01,CNH,IDR,buy,2177.17
2023-03-01,CNH,IDR,sell,2199.18
2023-03-01,CNY,IDR,buy,2183.54
2023-03-01,CNY,IDR,sell,2205.8
2023-03-01,DKK,IDR,buy,2158.98
2023-03-01,DKK,IDR,sell,2180.99
2023-03-01,EUR,IDR,buy,16067.56
2023-03-01,EUR,IDR,sell,16235.17
2023-03-01,GBP,IDR,buy,18242.05
2023-03-01,GBP,IDR,sell,18431.52
2023-03-01,HKD,IDR,buy,1932.01
2023-03-01,HKD,IDR,sell,1951.51
2023-03-01,JPY,IDR,buy,110.8546
2023-03-01,JPY,IDR,sell,111.9933
2023-03-01,KRW,IDR,buy,11.44
2023-03-01,KRW,IDR,sell,11.56
2023-03-01,KWD,IDR,buy,49369.36
2023-03-01,KWD,IDR,sell,49885.03
2023-03-01,LAK,IDR,buy,0.89
2023-03-01,LAK,IDR,sell,0.91
2023-03-01,MYR,IDR,buy,3376.49
2023-03-01,MYR,IDR,sell,3414.22
2023-03-01,NOK,IDR,buy,1463.01
2023-03-01,NOK,IDR,sell,1478.14
2023-03-01,NZD,IDR,buy,9302.99
2023-03-01,NZD,IDR,sell,9405.68
2023-03-01,PGK,IDR,buy,4162.46
2023-03-01,PGK,IDR,sell,4495.3
2023-03-01,PHP,IDR,buy,273.96
2023-03-01,PHP,IDR,sell,276.87
2023-03-01,SAR,IDR,buy,4040.12
2023-03-01,SAR,IDR,sell,4081.38
2023-03-01,SEK,IDR,buy,1457.27
2023-03-01,SEK,IDR,sell,1472.34
2023-03-01,SGD,IDR,buy,11231.61
2023-03-01,SGD,IDR,sell,11348.7
2023-03-01,THB,IDR,buy,428.6
2023-03-01,THB,IDR,sell,433.03
2023-03-01,USD,IDR,buy,15163.8
2023-03-01,USD,IDR,sell,15316.2
2023-03-01,VND,IDR,buy,0.64
2023-03-01,VND,IDR,sell,0.64
2023-03-02,AUD,IDR,buy,10263.52
2023-03-02,AUD,IDR,sell,10369.74
2023-03-02,BND,IDR,buy,11294.19
2023-03-02,BND,IDR,sell,11408.55
2023-03-02,CAD,IDR,buy,11146.51
2023-03-02,CAD,IDR,sell,11261.85
2023-03-02,CHF,IDR,buy,16138.85
2023-03-02,CHF,IDR,sell,16306.26
2023-03-02,CNH,IDR,buy,2199.44
2023-03-02,CNH,IDR,sell,2221.68
2023-03-02,CNY,IDR,buy,2201.46
2023-03-02,CNY,IDR,sell,2223.84
2023-03-02,DKK,IDR,buy,2168.55
2023-03-02,DKK,IDR,sell,2190.65
2023-03-02,EUR,IDR,buy,16147.9
2023-03-02,EUR,IDR,sell,16314.79
2023-03-02,GBP,IDR,buy,18320.79
2023-03-02,GBP,IDR,sell,18511.04
2023-03-02,HKD,IDR,buy,1933.06
2023-03-02,HKD,IDR,sell,1952.51
2023-03-02,JPY,IDR,buy,111.5881
2023-03-02,JPY,IDR,sell,112.7345
2023-03-02,KRW,IDR,buy,11.56
2023-03-02,KRW,IDR,sell,11.7
2023-03-02,KWD,IDR,buy,49442
2023-03-02,KWD,IDR,sell,49955.18
2023-03-02,LAK,IDR,buy,0.89
2023-03-02,LAK,IDR,sell,0.91
2023-03-02,MYR,IDR,buy,3392.3
2023-03-02,MYR,IDR,sell,3430.23
2023-03-02,NOK,IDR,buy,1469.97
2023-03-02,NOK,IDR,sell,1485.17
2023-03-02,NZD,IDR,buy,9462.35
2023-03-02,NZD,IDR,sell,9563.58
2023-03-02,PGK,IDR,buy,4180.37
2023-03-02,PGK,IDR,sell,4482.93
2023-03-02,PHP,IDR,buy,275.84
2023-03-02,PHP,IDR,sell,278.71
2023-03-02,SAR,IDR,buy,4043.1
2023-03-02,SAR,IDR,sell,4084.06
2023-03-02,SEK,IDR,buy,1455.68
2023-03-02,SEK,IDR,sell,1470.74
2023-03-02,SGD,IDR,buy,11292.51
2023-03-02,SGD,IDR,sell,11410.25
2023-03-02,THB,IDR,buy,434.4
2023-03-02,THB,IDR,sell,439.02
2023-03-02,USD,IDR,buy,15173.75
2023-03-02,USD,IDR,sell,15326.25
2023-03-02,VND,IDR,buy,0.64
2023-03-02,VND,IDR,sell,0.65
2023-03-03,AUD,IDR,buy,10227.34
2023-03-03,AUD,IDR,sell,10333.19
2023-03-03,BND,IDR,buy,11270.96
2023-03-03,BND,IDR,sell,11388.46
2023-03-03,CAD,IDR,buy,11149.41
2023-03-03,CAD,IDR,sell,11264.76
2023-03-03,CHF,IDR,buy,16111.79
2023-03-03,CHF,IDR,sell,16282.34
2023-03-03,CNH,IDR,buy,2196.55
2023-03-03,CNH,IDR,sell,2218.85
2023-03-03,CNY,IDR,buy,2198.94
2023-03-03,CNY,IDR,sell,2221.49
2023-03-03,DKK,IDR,buy,2171.2
2023-03-03,DKK,IDR,sell,2193.33
2023-03-03,EUR,IDR,buy,16155.55
2023-03-03,EUR,IDR,sell,16324.04
2023-03-03,GBP,IDR,buy,18190.38
2023-03-03,GBP,IDR,sell,18379.32
2023-03-03,HKD,IDR,buy,1935.98
2023-03-03,HKD,IDR,sell,1955.46
2023-03-03,JPY,IDR,buy,111.0865
2023-03-03,JPY,IDR,sell,112.2439
2023-03-03,KRW,IDR,buy,11.56
2023-03-03,KRW,IDR,sell,11.67
2023-03-03,KWD,IDR,buy,49489.17
2023-03-03,KWD,IDR,sell,50002.8
2023-03-03,LAK,IDR,buy,0.9
2023-03-03,LAK,IDR,sell,0.91
2023-03-03,MYR,IDR,buy,3387.19
2023-03-03,MYR,IDR,sell,3426.2
2023-03-03,NOK,IDR,buy,1455.28
2023-03-03,NOK,IDR,sell,1470.34
2023-03-03,NZD,IDR,buy,9446.23
2023-03-03,NZD,IDR,sell,9547.3
2023-03-03,PGK,IDR,buy,4186.67
2023-03-03,PGK,IDR,sell,4489.69
2023-03-03,PHP,IDR,buy,276.15
2023-03-03,PHP,IDR,sell,279.08
2023-03-03,SAR,IDR,buy,4049.09
2023-03-03,SAR,IDR,sell,4090.11
2023-03-03,SEK,IDR,buy,1449.38
2023-03-03,SEK,IDR,sell,1464.4
2023-03-03,SGD,IDR,buy,11270.96
2023-03-03,SGD,IDR,sell,11388.46
2023-03-03,THB,IDR,buy,434.81
2023-03-03,THB,IDR,sell,439.43
2023-03-03,USD,IDR,buy,15196.64
2023-03-03,USD,IDR,sell,15349.36
2023-03-03,VND,IDR,buy,0.64
2023-03-03,VND,IDR,sell,0.65
2023-03-06,AUD,IDR,buy,10287.51
2023-03-06,AUD,IDR,sell,10392.44
2023-03-06,BND,IDR,buy,11312.09
2023-03-06,BND,IDR,sell,11427.48
2023-03-06,CAD,IDR,buy,11217.94
2023-03-06,CAD,IDR,sell,11334.02
2023-03-06,CHF,IDR,buy,16215.36
2023-03-06,CHF,IDR,sell,16385.31
2023-03-06,CNH,IDR,buy,2205.12
2023-03-06,CNH,IDR,sell,2227.58
2023-03-06,CNY,IDR,buy,2206.53
2023-03-06,CNY,IDR,sell,2229.09
2023-03-06,DKK,IDR,buy,2171.98
2023-03-06,DKK,IDR,sell,2194.12
2023-03-06,EUR,IDR,buy,16163.04
2023-03-06,EUR,IDR,sell,16331.63
2023-03-06,GBP,IDR,buy,18243.38
2023-03-06,GBP,IDR,sell,18429.81
2023-03-06,HKD,IDR,buy,1940.08
2023-03-06,HKD,IDR,sell,1959.66
2023-03-06,JPY,IDR,buy,111.6939
2023-03-06,JPY,IDR,sell,112.8413
2023-03-06,KRW,IDR,buy,11.68
2023-03-06,KRW,IDR,sell,11.81
2023-03-06,KWD,IDR,buy,49591.24
2023-03-06,KWD,IDR,sell,50105.96
2023-03-06,LAK,IDR,buy,0.9
2023-03-06,LAK,IDR,sell,0.92
2023-03-06,MYR,IDR,buy,3400.19
2023-03-06,MYR,IDR,sell,3438.97
2023-03-06,NOK,IDR,buy,1460.3
2023-03-06,NOK,IDR,sell,1475.4
2023-03-06,NZD,IDR,buy,9483.39
2023-03-06,NZD,IDR,sell,9584.85
2023-03-06,PGK,IDR,buy,4180.49
2023-03-06,PGK,IDR,sell,4514.77
2023-03-06,PHP,IDR,buy,277.81
2023-03-06,PHP,IDR,sell,280.63
2023-03-06,SAR,IDR,buy,4057.62
2023-03-06,SAR,IDR,sell,4098.84
2023-03-06,SEK,IDR,buy,1450.58
2023-03-06,SEK,IDR,sell,1465.58
2023-03-06,SGD,IDR,buy,11312.09
2023-03-06,SGD,IDR,sell,11427.48
2023-03-06,THB,IDR,buy,437.75
2023-03-06,THB,IDR,sell,442.41
2023-03-06,USD,IDR,buy,15229.47
2023-03-06,USD,IDR,sell,15382.53
2023-03-06,VND,IDR,buy,0.64
2023-03-06,VND,IDR,sell,0.65
2023-03-07,AUD,IDR,buy,10281.1
2023-03-07,AUD,IDR,sell,10387.5
2023-03-07,BND,IDR,buy,11321.01
2023-03-07,BND,IDR,sell,11439.04
2023-03-07,CAD,IDR,buy,11201.07
2023-03-07,CAD,IDR,sell,11316.97
2023-03-07,CHF,IDR,buy,16328.29
2023-03-07,CHF,IDR,sell,16499.46
2023-03-07,CNH,IDR,buy,2197.88
2023-03-07,CNH,IDR,sell,2220.1
2023-03-07,CNY,IDR,buy,2200.42
2023-03-07,CNY,IDR,sell,2222.82
2023-03-07,DKK,IDR,buy,2177.95
2023-03-07,DKK,IDR,sell,2200.15
2023-03-07,EUR,IDR,buy,16208
2023-03-07,EUR,IDR,sell,16377.04
2023-03-07,GBP,IDR,buy,18319.64
2023-03-07,GBP,IDR,sell,18509.9
2023-03-07,HKD,IDR,buy,1939.45
2023-03-07,HKD,IDR,sell,1958.97
2023-03-07,JPY,IDR,buy,112.1428
2023-03-07,JPY,IDR,sell,113.2948
2023-03-07,KRW,IDR,buy,11.75
2023-03-07,KRW,IDR,sell,11.87
2023-03-07,KWD,IDR,buy,49604.13
2023-03-07,KWD,IDR,sell,50118.96
2023-03-07,LAK,IDR,buy,0.9
2023-03-07,LAK,IDR,sell,0.92
2023-03-07,MYR,IDR,buy,3403.64
2023-03-07,MYR,IDR,sell,3442.47
2023-03-07,NOK,IDR,buy,1464.49
2023-03-07,NOK,IDR,sell,1479.8
2023-03-07,NZD,IDR,buy,9458.98
2023-03-07,NZD,IDR,sell,9557.12
2023-03-07,PGK,IDR,buy,4194.35
2023-03-07,PGK,IDR,sell,4497.92
2023-03-07,PHP,IDR,buy,277.49
2023-03-07,PHP,IDR,sell,280.38
2023-03-07,SAR,IDR,buy,4056.41
2023-03-07,SAR,IDR,sell,4097.5
2023-03-07,SEK,IDR,buy,1455.65
2023-03-07,SEK,IDR,sell,1470.7
2023-03-07,SGD,IDR,buy,11321.01
2023-03-07,SGD,IDR,sell,11439.04
2023-03-07,THB,IDR,buy,442.19
2023-03-07,THB,IDR,sell,446.89
2023-03-07,USD,IDR,buy,15224.5
2023-03-07,USD,IDR,sell,15377.5
2023-03-07,VND,IDR,buy,0.64
2023-03-07,VND,IDR,sell,0.65
2023-03-08,AUD,IDR,buy,10251.3
2023-03-08,AUD,IDR,sell,10357.42
2023-03-08,BND,IDR,buy,11369.84
2023-03-08,BND,IDR,sell,11484.97
2023-03-08,CAD,IDR,buy,11222.88
2023-03-08,CAD,IDR,sell,11339.01
2023-03-08,CHF,IDR,buy,16444.85
2023-03-08,CHF,IDR,sell,16611.92
2023-03-08,CNH,IDR,buy,2204.71
2023-03-08,CNH,IDR,sell,2227.03
2023-03-08,CNY,IDR,buy,2206.5
2023-03-08,CNY,IDR,sell,2229.13
2023-03-08,DKK,IDR,buy,2193.61
2023-03-08,DKK,IDR,sell,2216.29
2023-03-08,EUR,IDR,buy,16324.45
2023-03-08,EUR,IDR,sell,16494.7
2023-03-08,GBP,IDR,buy,18407.41
2023-03-08,GBP,IDR,sell,18598.6
2023-03-08,HKD,IDR,buy,1946.8
2023-03-08,HKD,IDR,sell,1966.39
2023-03-08,JPY,IDR,buy,112.6092
2023-03-08,JPY,IDR,sell,113.7662
2023-03-08,KRW,IDR,buy,11.75
2023-03-08,KRW,IDR,sell,11.88
2023-03-08,KWD,IDR,buy,49818.1
2023-03-08,KWD,IDR,sell,50335.22
2023-03-08,LAK,IDR,buy,0.9
2023-03-08,LAK,IDR,sell,0.92
2023-03-08,MYR,IDR,buy,3413.49
2023-03-08,MYR,IDR,sell,3452.43
2023-03-08,NOK,IDR,buy,1466.47
2023-03-08,NOK,IDR,sell,1481.78
2023-03-08,NZD,IDR,buy,9499.42
2023-03-08,NZD,IDR,sell,9597.98
2023-03-08,PGK,IDR,buy,4225.53
2023-03-08,PGK,IDR,sell,4499.54
2023-03-08,PHP,IDR,buy,277.71
2023-03-08,PHP,IDR,sell,280.65
2023-03-08,SAR,IDR,buy,4071.56
2023-03-08,SAR,IDR,sell,4112.81
2023-03-08,SEK,IDR,buy,1463.18
2023-03-08,SEK,IDR,sell,1478.31
2023-03-08,SGD,IDR,buy,11369.84
2023-03-08,SGD,IDR,sell,11484.97
2023-03-08,THB,IDR,buy,442.71
2023-03-08,THB,IDR,sell,447.41
2023-03-08,USD,IDR,buy,15282.2
2023-03-08,USD,IDR,sell,15435.8
2023-03-08,VND,IDR,buy,0.65
2023-03-08,VND,IDR,sell,0.65
2023-03-09,AUD,IDR,buy,10143.6
2023-03-09,AUD,IDR,sell,10248.65
2023-03-09,BND,IDR,buy,11353.48
2023-03-09,BND,IDR,sell,11468.43
2023-03-09,CAD,IDR,buy,11168.73
2023-03-09,CAD,IDR,sell,11284.25
2023-03-09,CHF,IDR,buy,16316.86
2023-03-09,CHF,IDR,sell,16487.84
2023-03-09,CNH,IDR,buy,2202.26
2023-03-09,CNH,IDR,sell,2224.65
2023-03-09,CNY,IDR,buy,2205.42
2023-03-09,CNY,IDR,sell,2228
2023-03-09,DKK,IDR,buy,2178.11
2023-03-09,DKK,IDR,sell,2200.15
2023-03-09,EUR,IDR,buy,16208.54
2023-03-09,EUR,IDR,sell,16377.65
2023-03-09,GBP,IDR,buy,18176.38
2023-03-09,GBP,IDR,sell,18365.26
2023-03-09,HKD,IDR,buy,1958.41
2023-03-09,HKD,IDR,sell,1978.17
2023-03-09,JPY,IDR,buy,111.8335
2023-03-09,JPY,IDR,sell,112.9656
2023-03-09,KRW,IDR,buy,11.63
2023-03-09,KRW,IDR,sell,11.76
2023-03-09,KWD,IDR,buy,49999.19
2023-03-09,KWD,IDR,sell,50518.09
2023-03-09,LAK,IDR,buy,0.91
2023-03-09,LAK,IDR,sell,0.92
2023-03-09,MYR,IDR,buy,3397.89
2023-03-09,MYR,IDR,sell,3435.45
2023-03-09,NOK,IDR,buy,1436.65
2023-03-09,NOK,IDR,sell,1451.75
2023-03-09,NZD,IDR,buy,9396.44
2023-03-09,NZD,IDR,sell,9497.08
2023-03-09,PGK,IDR,buy,4250.84
2023-03-09,PGK,IDR,sell,4526.48
2023-03-09,PHP,IDR,buy,277.83
2023-03-09,PHP,IDR,sell,280.83
2023-03-09,SAR,IDR,buy,4094.97
2023-03-09,SAR,IDR,sell,4136.67
2023-03-09,SEK,IDR,buy,1429.6
2023-03-09,SEK,IDR,sell,1444.43
2023-03-09,SGD,IDR,buy,11353.48
2023-03-09,SGD,IDR,sell,11468.43
2023-03-09,THB,IDR,buy,438.12
2023-03-09,THB,IDR,sell,442.78
2023-03-09,USD,IDR,buy,15373.75
2023-03-09,USD,IDR,sell,15528.25
2023-03-09,VND,IDR,buy,0.65
2023-03-09,VND,IDR,sell,0.65
2023-03-10,AUD,IDR,buy,10148.89
2023-03-10,AUD,IDR,sell,10253.99
2023-03-10,BND,IDR,buy,11348.12
2023-03-10,BND,IDR,sell,11466.4
2023-03-10,CAD,IDR,buy,11130.22
2023-03-10,CAD,IDR,sell,11245.34
2023-03-10,CHF,IDR,buy,16351.72
2023-03-10,CHF,IDR,sell,16523.1
2023-03-10,CNH,IDR,buy,2199.62
2023-03-10,CNH,IDR,sell,2221.95
2023-03-10,CNY,IDR,buy,2203.06
2023-03-10,CNY,IDR,sell,2225.42
2023-03-10,DKK,IDR,buy,2178.5
2023-03-10,DKK,IDR,sell,2200.7
2023-03-10,EUR,IDR,buy,16208.73
2023-03-10,EUR,IDR,sell,16377.83
2023-03-10,GBP,IDR,buy,18187.2
2023-03-10,GBP,IDR,sell,18376.19
2023-03-10,HKD,IDR,buy,1956.79
2023-03-10,HKD,IDR,sell,1976.48
2023-03-10,JPY,IDR,buy,112.2046
2023-03-10,JPY,IDR,sell,113.3571
2023-03-10,KRW,IDR,buy,11.61
2023-03-10,KRW,IDR,sell,11.73
2023-03-10,KWD,IDR,buy,49945.73
2023-03-10,KWD,IDR,sell,50464.11
2023-03-10,LAK,IDR,buy,0.91
2023-03-10,LAK,IDR,sell,0.92
2023-03-10,MYR,IDR,buy,3393.15
2023-03-10,MYR,IDR,sell,3431.05
2023-03-10,NOK,IDR,buy,1439.75
2023-03-10,NOK,IDR,sell,1454.63
2023-03-10,NZD,IDR,buy,9394.67
2023-03-10,NZD,IDR,sell,9490.64
2023-03-10,PGK,IDR,buy,4231.9
2023-03-10,PGK,IDR,sell,4538.19
2023-03-10,PHP,IDR,buy,278.02
2023-03-10,PHP,IDR,sell,280.92
2023-03-10,SAR,IDR,buy,4091.31
2023-03-10,SAR,IDR,sell,4133.42
2023-03-10,SEK,IDR,buy,1433.63
2023-03-10,SEK,IDR,sell,1448.45
2023-03-10,SGD,IDR,buy,11348.12
2023-03-10,SGD,IDR,sell,11466.4
2023-03-10,THB,IDR,buy,437.75
2023-03-10,THB,IDR,sell,442.41
2023-03-10,USD,IDR,buy,15360.81
2023-03-10,USD,IDR,sell,15515.19
2023-03-10,VND,IDR,buy,0.65
2023-03-10,VND,IDR,sell,0.65
2023-03-13,AUD,IDR,buy,10157.84
2023-03-13,AUD,IDR,sell,10261.48
2023-03-13,BND,IDR,buy,11362.61
2023-03-13,BND,IDR,sell,11478.51
2023-03-13,CAD,IDR,buy,11122.03
2023-03-13,CAD,IDR,sell,11237.05
2023-03-13,CHF,IDR,buy,16545.54
2023-03-13,CHF,IDR,sell,16719.01
2023-03-13,CNH,IDR,buy,2206.55
2023-03-13,CNH,IDR,sell,2228.95
2023-03-13,CNY,IDR,buy,2209.52
2023-03-13,CNY,IDR,sell,2231.92
2023-03-13,DKK,IDR,buy,2191.06
2023-03-13,DKK,IDR,sell,2213.4
2023-03-13,EUR,IDR,buy,16307.94
2023-03-13,EUR,IDR,sell,16474.95
2023-03-13,GBP,IDR,buy,18402.61
2023-03-13,GBP,IDR,sell,18593.78
2023-03-13,HKD,IDR,buy,1960.64
2023-03-13,HKD,IDR,sell,1980.37
2023-03-13,JPY,IDR,buy,112.9341
2023-03-13,JPY,IDR,sell,114.0775
2023-03-13,KRW,IDR,buy,11.64
2023-03-13,KRW,IDR,sell,11.76
2023-03-13,KWD,IDR,buy,50081.87
2023-03-13,KWD,IDR,sell,50601.67
2023-03-13,LAK,IDR,buy,0.91
2023-03-13,LAK,IDR,sell,0.93
2023-03-13,MYR,IDR,buy,3404.26
2023-03-13,MYR,IDR,sell,3441.52
2023-03-13,NOK,IDR,buy,1441.65
2023-03-13,NOK,IDR,sell,1456.77
2023-03-13,NZD,IDR,buy,9409.85
2023-03-13,NZD,IDR,sell,9505.98
2023-03-13,PGK,IDR,buy,4240.13
2023-03-13,PGK,IDR,sell,4547.01
2023-03-13,PHP,IDR,buy,278.94
2023-03-13,PHP,IDR,sell,281.82
2023-03-13,SAR,IDR,buy,4099.37
2023-03-13,SAR,IDR,sell,4141.01
2023-03-13,SEK,IDR,buy,1435.19
2023-03-13,SEK,IDR,sell,1450.14
2023-03-13,SGD,IDR,buy,11362.61
2023-03-13,SGD,IDR,sell,11478.51
2023-03-13,THB,IDR,buy,439.36
2023-03-13,THB,IDR,sell,443.9
2023-03-13,USD,IDR,buy,15390.66
2023-03-13,USD,IDR,sell,15545.34
2023-03-13,VND,IDR,buy,0.65
2023-03-13,VND,IDR,sell,0.66
2023-03-14,AUD,IDR,buy,10207.77
2023-03-14,AUD,IDR,sell,10313.46
2023-03-14,BND,IDR,buy,11374.18
2023-03-14,BND,IDR,sell,11491.05
2023-03-14,CAD,IDR,buy,11142.2
2023-03-14,CAD,IDR,sell,11255
2023-03-14,CHF,IDR,buy,16699.92
2023-03-14,CHF,IDR,sell,16875.13
2023-03-14,CNH,IDR,buy,2216.08
2023-03-14,CNH,IDR,sell,2238.48
2023-03-14,CNY,IDR,buy,2216.24
2023-03-14,CNY,IDR,sell,2238.83
2023-03-14,DKK,IDR,buy,2203.4
2023-03-14,DKK,IDR,sell,2225.71
2023-03-14,EUR,IDR,buy,16401.58
2023-03-14,EUR,IDR,sell,16572.6
2023-03-14,GBP,IDR,buy,18515.65
2023-03-14,GBP,IDR,sell,18707.91
2023-03-14,HKD,IDR,buy,1949.1
2023-03-14,HKD,IDR,sell,1968.82
2023-03-14,JPY,IDR,buy,113.7333
2023-03-14,JPY,IDR,sell,114.8849
2023-03-14,KRW,IDR,buy,11.74
2023-03-14,KRW,IDR,sell,11.86
2023-03-14,KWD,IDR,buy,49860.27
2023-03-14,KWD,IDR,sell,50377.8
2023-03-14,LAK,IDR,buy,0.9
2023-03-14,LAK,IDR,sell,0.92
2023-03-14,MYR,IDR,buy,3406.93
2023-03-14,MYR,IDR,sell,3445.78
2023-03-14,NOK,IDR,buy,1453.06
2023-03-14,NOK,IDR,sell,1468.11
2023-03-14,NZD,IDR,buy,9462.8
2023-03-14,NZD,IDR,sell,9565.63
2023-03-14,PGK,IDR,buy,4214.36
2023-03-14,PGK,IDR,sell,4519.38
2023-03-14,PHP,IDR,buy,278.23
2023-03-14,PHP,IDR,sell,281.18
2023-03-14,SAR,IDR,buy,4074.56
2023-03-14,SAR,IDR,sell,4116.06
2023-03-14,SEK,IDR,buy,1441.68
2023-03-14,SEK,IDR,sell,1456.56
2023-03-14,SGD,IDR,buy,11374.18
2023-03-14,SGD,IDR,sell,11491.05
2023-03-14,THB,IDR,buy,441.48
2023-03-14,THB,IDR,sell,446.04
2023-03-14,USD,IDR,buy,15297.13
2023-03-14,USD,IDR,sell,15450.87
2023-03-14,VND,IDR,buy,0.65
2023-03-14,VND,IDR,sell,0.66
2023-03-15,AUD,IDR,buy,10207.17
2023-03-15,AUD,IDR,sell,10312.84
2023-03-15,BND,IDR,buy,11354.98
2023-03-15,BND,IDR,sell,11469.95
2023-03-15,CAD,IDR,buy,11157.12
2023-03-15,CAD,IDR,sell,11272.54
2023-03-15,CHF,IDR,buy,16776.04
2023-03-15,CHF,IDR,sell,16946.5
2023-03-15,CNH,IDR,buy,2226.94
2023-03-15,CNH,IDR,sell,2249.49
2023-03-15,CNY,IDR,buy,2227.69
2023-03-15,CNY,IDR,sell,2250.4
2023-03-15,DKK,IDR,buy,2197.27
2023-03-15,DKK,IDR,sell,2219.67
2023-03-15,EUR,IDR,buy,16359.01
2023-03-15,EUR,IDR,sell,16524.97
2023-03-15,GBP,IDR,buy,18603.98
2023-03-15,GBP,IDR,sell,18797.14
2023-03-15,HKD,IDR,buy,1950.66
2023-03-15,HKD,IDR,sell,1970.29
2023-03-15,JPY,IDR,buy,114.6214
2023-03-15,JPY,IDR,sell,115.782
2023-03-15,KRW,IDR,buy,11.67
2023-03-15,KRW,IDR,sell,11.79
2023-03-15,KWD,IDR,buy,49868.35
2023-03-15,KWD,IDR,sell,50402.39
2023-03-15,LAK,IDR,buy,0.9
2023-03-15,LAK,IDR,sell,0.92
2023-03-15,MYR,IDR,buy,3409.78
2023-03-15,MYR,IDR,sell,3448.66
2023-03-15,NOK,IDR,buy,1443.44
2023-03-15,NOK,IDR,sell,1458.5
2023-03-15,NZD,IDR,buy,9539.95
2023-03-15,NZD,IDR,sell,9637.38
2023-03-15,PGK,IDR,buy,4216
2023-03-15,PGK,IDR,sell,4521.14
2023-03-15,PHP,IDR,buy,277.68
2023-03-15,PHP,IDR,sell,280.78
2023-03-15,SAR,IDR,buy,4075.72
2023-03-15,SAR,IDR,sell,4116.9
2023-03-15,SEK,IDR,buy,1438.27
2023-03-15,SEK,IDR,sell,1453.14
2023-03-15,SGD,IDR,buy,11354.98
2023-03-15,SGD,IDR,sell,11469.95
2023-03-15,THB,IDR,buy,444.08
2023-03-15,THB,IDR,sell,448.81
2023-03-15,USD,IDR,buy,15303.1
2023-03-15,USD,IDR,sell,15456.9
2023-03-15,VND,IDR,buy,0.65
2023-03-15,VND,IDR,sell,0.66
2023-03-16,AUD,IDR,buy,10206.38
2023-03-16,AUD,IDR,sell,10312.05
2023-03-16,BND,IDR,buy,11381.9
2023-03-16,BND,IDR,sell,11500.58
2023-03-16,CAD,IDR,buy,11167.4
2023-03-16,CAD,IDR,sell,11281.29
2023-03-16,CHF,IDR,buy,16715.69
2023-03-16,CHF,IDR,sell,16891.09
2023-03-16,CNH,IDR,buy,2216.8
2023-03-16,CNH,IDR,sell,2239.21
2023-03-16,CNY,IDR,buy,2217.61
2023-03-16,CNY,IDR,sell,2240.35
2023-03-16,DKK,IDR,buy,2204.72
2023-03-16,DKK,IDR,sell,2227.1
2023-03-16,EUR,IDR,buy,16416.44
2023-03-16,EUR,IDR,sell,16584.53
2023-03-16,GBP,IDR,buy,18581.24
2023-03-16,GBP,IDR,sell,18774.18
2023-03-16,HKD,IDR,buy,1947.56
2023-03-16,HKD,IDR,sell,1967.26
2023-03-16,JPY,IDR,buy,113.3549
2023-03-16,JPY,IDR,sell,114.5197
2023-03-16,KRW,IDR,buy,11.71
2023-03-16,KRW,IDR,sell,11.83
2023-03-16,KWD,IDR,buy,49839.19
2023-03-16,KWD,IDR,sell,50356.53
2023-03-16,LAK,IDR,buy,0.9
2023-03-16,LAK,IDR,sell,0.92
2023-03-16,MYR,IDR,buy,3411.78
2023-03-16,MYR,IDR,sell,3451.46
2023-03-16,NOK,IDR,buy,1452.46
2023-03-16,NOK,IDR,sell,1467.58
2023-03-16,NZD,IDR,buy,9489.37
2023-03-16,NZD,IDR,sell,9592.46
2023-03-16,PGK,IDR,buy,4196.6
2023-03-16,PGK,IDR,sell,4532.18
2023-03-16,PHP,IDR,buy,278.12
2023-03-16,PHP,IDR,sell,281.07
2023-03-16,SAR,IDR,buy,4070.66
2023-03-16,SAR,IDR,sell,4111.79
2023-03-16,SEK,IDR,buy,1465.75
2023-03-16,SEK,IDR,sell,1480.9
2023-03-16,SGD,IDR,buy,11381.9
2023-03-16,SGD,IDR,sell,11500.58
2023-03-16,THB,IDR,buy,442.37
2023-03-16,THB,IDR,sell,447.07
2023-03-16,USD,IDR,buy,15288.17
2023-03-16,USD,IDR,sell,15441.83
2023-03-16,VND,IDR,buy,0.65
2023-03-16,VND,IDR,sell,0.66
2023-03-17,AUD,IDR,buy,10215.51
2023-03-17,AUD,IDR,sell,10321.28
2023-03-17,BND,IDR,buy,11387.26
2023-03-17,BND,IDR,sell,11505.97
2023-03-17,CAD,IDR,buy,11171.65
2023-03-17,CAD,IDR,sell,11287.22
2023-03-17,CHF,IDR,buy,16584.77
2023-03-17,CHF,IDR,sell,16758.7
2023-03-17,CNH,IDR,buy,2222.87
2023-03-17,CNH,IDR,sell,2246.19
2023-03-17,CNY,IDR,buy,2222.45
2023-03-17,CNY,IDR,sell,2245.27
2023-03-17,DKK,IDR,buy,2189.46
2023-03-17,DKK,IDR,sell,2211.78
2023-03-17,EUR,IDR,buy,16299.72
2023-03-17,EUR,IDR,sell,16469.73
2023-03-17,GBP,IDR,buy,18565.57
2023-03-17,GBP,IDR,sell,18758.36
2023-03-17,HKD,IDR,buy,1954.46
2023-03-17,HKD,IDR,sell,1974.17
2023-03-17,JPY,IDR,buy,115.2585
2023-03-17,JPY,IDR,sell,116.4344
2023-03-17,KRW,IDR,buy,11.7
2023-03-17,KRW,IDR,sell,11.82
2023-03-17,KWD,IDR,buy,49955.75
2023-03-17,KWD,IDR,sell,50490.7
2023-03-17,LAK,IDR,buy,0.9
2023-03-17,LAK,IDR,sell,0.92
2023-03-17,MYR,IDR,buy,3404.55
2023-03-17,MYR,IDR,sell,3443.35
2023-03-17,NOK,IDR,buy,1429.27
2023-03-17,NOK,IDR,sell,1444.31
2023-03-17,NZD,IDR,buy,9476.08
2023-03-17,NZD,IDR,sell,9579.06
2023-03-17,PGK,IDR,buy,4226.42
2023-03-17,PGK,IDR,sell,4532.31
2023-03-17,PHP,IDR,buy,279.54
2023-03-17,PHP,IDR,sell,282.5
2023-03-17,SAR,IDR,buy,4083.83
2023-03-17,SAR,IDR,sell,4125.42
2023-03-17,SEK,IDR,buy,1454.35
2023-03-17,SEK,IDR,sell,1469.45
2023-03-17,SGD,IDR,buy,11387.26
2023-03-17,SGD,IDR,sell,11505.97
2023-03-17,THB,IDR,buy,444.92
2023-03-17,THB,IDR,sell,449.52
2023-03-17,USD,IDR,buy,15340.91
2023-03-17,USD,IDR,sell,15495.09
2023-03-17,VND,IDR,buy,0.65
2023-03-17,VND,IDR,sell,0.66
2023-03-20,AUD,IDR,buy,10260.76
2023-03-20,AUD,IDR,sell,10366.97
2023-03-20,BND,IDR,buy,11393.89
2023-03-20,BND,IDR,sell,11510.12
2023-03-20,CAD,IDR,buy,11169.94
2023-03-20,CAD,IDR,sell,11286.32
2023-03-20,CHF,IDR,buy,16517.75
2023-03-20,CHF,IDR,sell,16690.97
2023-03-20,CNH,IDR,buy,2225.73
2023-03-20,CNH,IDR,sell,2248.23
2023-03-20,CNY,IDR,buy,2225.86
2023-03-20,CNY,IDR,sell,2248.68
2023-03-20,DKK,IDR,buy,2189.11
2023-03-20,DKK,IDR,sell,2211.42
2023-03-20,EUR,IDR,buy,16300.72
2023-03-20,EUR,IDR,sell,16469.18
2023-03-20,GBP,IDR,buy,18595.33
2023-03-20,GBP,IDR,sell,18788.39
2023-03-20,HKD,IDR,buy,1947.49
2023-03-20,HKD,IDR,sell,1967.11
2023-03-20,JPY,IDR,buy,114.9412
2023-03-20,JPY,IDR,sell,116.1051
2023-03-20,KRW,IDR,buy,11.74
2023-03-20,KRW,IDR,sell,11.86
2023-03-20,KWD,IDR,buy,49808.35
2023-03-20,KWD,IDR,sell,50325.34
2023-03-20,LAK,IDR,buy,0.9
2023-03-20,LAK,IDR,sell,0.92
2023-03-20,MYR,IDR,buy,3405.48
2023-03-20,MYR,IDR,sell,3444.31
2023-03-20,NOK,IDR,buy,1430.25
2023-03-20,NOK,IDR,sell,1445.53
2023-03-20,NZD,IDR,buy,9556.02
2023-03-20,NZD,IDR,sell,9653.6
2023-03-20,PGK,IDR,buy,4211.62
2023-03-20,PGK,IDR,sell,4516.44
2023-03-20,PHP,IDR,buy,279.17
2023-03-20,PHP,IDR,sell,282.39
2023-03-20,SAR,IDR,buy,4069.42
2023-03-20,SAR,IDR,sell,4111.08
2023-03-20,SEK,IDR,buy,1461.64
2023-03-20,SEK,IDR,sell,1476.98
2023-03-20,SGD,IDR,buy,11393.89
2023-03-20,SGD,IDR,sell,11510.12
2023-03-20,THB,IDR,buy,447.52
2023-03-20,THB,IDR,sell,452.15
2023-03-20,USD,IDR,buy,15287.18
2023-03-20,USD,IDR,sell,15440.82
2023-03-20,VND,IDR,buy,0.65
2023-03-20,VND,IDR,sell,0.65
2023-03-21,AUD,IDR,buy,10233.98
2023-03-21,AUD,IDR,sell,10339.92
2023-03-21,BND,IDR,buy,11393.88
2023-03-21,BND,IDR,sell,11512.68
2023-03-21,CAD,IDR,buy,11147.25
2023-03-21,CAD,IDR,sell,11262.56
2023-03-21,CHF,IDR,buy,16478.28
2023-03-21,CHF,IDR,sell,16651.07
2023-03-21,CNH,IDR,buy,2219.74
2023-03-21,CNH,IDR,sell,2242.31
2023-03-21,CNY,IDR,buy,2219.9
2023-03-21,CNY,IDR,sell,2242.48
2023-03-21,DKK,IDR,buy,2189.65
2023-03-21,DKK,IDR,sell,2211.97
2023-03-21,EUR,IDR,buy,16301.56
2023-03-21,EUR,IDR,sell,16471.57
2023-03-21,GBP,IDR,buy,18641.72
2023-03-21,GBP,IDR,sell,18835.25
2023-03-21,HKD,IDR,buy,1949.02
2023-03-21,HKD,IDR,sell,1968.63
2023-03-21,JPY,IDR,buy,116.6055
2023-03-21,JPY,IDR,sell,117.8043
2023-03-21,KRW,IDR,buy,11.67
2023-03-21,KRW,IDR,sell,11.8
2023-03-21,KWD,IDR,buy,49874.91
2023-03-21,KWD,IDR,sell,50392.6
2023-03-21,LAK,IDR,buy,0.9
2023-03-21,LAK,IDR,sell,0.92
2023-03-21,MYR,IDR,buy,3405.73
2023-03-21,MYR,IDR,sell,3445.33
2023-03-21,NOK,IDR,buy,1423.41
2023-03-21,NOK,IDR,sell,1438.12
2023-03-21,NZD,IDR,buy,9564.05
2023-03-21,NZD,IDR,sell,9666.35
2023-03-21,PGK,IDR,buy,4213.81
2023-03-21,PGK,IDR,sell,4518.79
2023-03-21,PHP,IDR,buy,279.67
2023-03-21,PHP,IDR,sell,282.74
2023-03-21,SAR,IDR,buy,4071.32
2023-03-21,SAR,IDR,sell,4113.12
2023-03-21,SEK,IDR,buy,1454.17
2023-03-21,SEK,IDR,sell,1469.21
2023-03-21,SGD,IDR,buy,11393.88
2023-03-21,SGD,IDR,sell,11512.68
2023-03-21,THB,IDR,buy,448.67
2023-03-21,THB,IDR,sell,453.44
2023-03-21,USD,IDR,buy,15295.14
2023-03-21,USD,IDR,sell,15448.86
2023-03-21,VND,IDR,buy,0.65
2023-03-21,VND,IDR,sell,0.66
2023-03-24,AUD,IDR,buy,10212.55
2023-03-24,AUD,IDR,sell,10318.28
2023-03-24,BND,IDR,buy,11411.68
2023-03-24,BND,IDR,sell,11530.68
2023-03-24,CAD,IDR,buy,11160.66
2023-03-24,CAD,IDR,sell,11276.13
2023-03-24,CHF,IDR,buy,16414.71
2023-03-24,CHF,IDR,sell,16586.83
2023-03-24,CNH,IDR,buy,2221.84
2023-03-24,CNH,IDR,sell,2244.37
2023-03-24,CNY,IDR,buy,2221.42
2023-03-24,CNY,IDR,sell,2243.91
2023-03-24,DKK,IDR,buy,2198.24
2023-03-24,DKK,IDR,sell,2220.65
2023-03-24,EUR,IDR,buy,16364.22
2023-03-24,EUR,IDR,sell,16534.86
2023-03-24,GBP,IDR,buy,18693.23
2023-03-24,GBP,IDR,sell,18887.29
2023-03-24,HKD,IDR,buy,1947.07
2023-03-24,HKD,IDR,sell,1966.72
2023-03-24,JPY,IDR,buy,115.8481
2023-03-24,JPY,IDR,sell,117.0391
2023-03-24,KRW,IDR,buy,11.66
2023-03-24,KRW,IDR,sell,11.79
2023-03-24,KWD,IDR,buy,49788.91
2023-03-24,KWD,IDR,sell,50305.73
2023-03-24,LAK,IDR,buy,0.9
2023-03-24,LAK,IDR,sell,0.92
2023-03-24,MYR,IDR,buy,3410.51
2023-03-24,MYR,IDR,sell,3447.87
2023-03-24,NOK,IDR,buy,1432.78
2023-03-24,NOK,IDR,sell,1447.58
2023-03-24,NZD,IDR,buy,9477.96
2023-03-24,NZD,IDR,sell,9579.39
2023-03-24,PGK,IDR,buy,4195.29
2023-03-24,PGK,IDR,sell,4408.68
2023-03-24,PHP,IDR,buy,280.46
2023-03-24,PHP,IDR,sell,283.51
2023-03-24,SAR,IDR,buy,4064.25
2023-03-24,SAR,IDR,sell,4105.98
2023-03-24,SEK,IDR,buy,1471.37
2023-03-24,SEK,IDR,sell,1486.59
2023-03-24,SGD,IDR,buy,11411.68
2023-03-24,SGD,IDR,sell,11530.68
2023-03-24,THB,IDR,buy,445.64
2023-03-24,THB,IDR,sell,450.39
2023-03-24,USD,IDR,buy,15272.25
2023-03-24,USD,IDR,sell,15425.75
2023-03-24,VND,IDR,buy,0.65
2023-03-24,VND,IDR,sell,0.65
2023-03-27,AUD,IDR,buy,10104.59
2023-03-27,AUD,IDR,sell,10209.19
2023-03-27,BND,IDR,buy,11380.32
2023-03-27,BND,IDR,sell,11495.55
2023-03-27,CAD,IDR,buy,11009.73
2023-03-27,CAD,IDR,sell,11123.62
2023-03-27,CHF,IDR,buy,16468.41
2023-03-27,CHF,IDR,sell,16641.16
2023-03-27,CNH,IDR,buy,2205.93
2023-03-27,CNH,IDR,sell,2228.3
2023-03-27,CNY,IDR,buy,2205.84
2023-03-27,CNY,IDR,sell,2228.1
2023-03-27,DKK,IDR,buy,2196.09
2023-03-27,DKK,IDR,sell,2218.48
2023-03-27,EUR,IDR,buy,16359.89
2023-03-27,EUR,IDR,sell,16530.4
2023-03-27,GBP,IDR,buy,18542.21
2023-03-27,GBP,IDR,sell,18734.66
2023-03-27,HKD,IDR,buy,1925.35
2023-03-27,HKD,IDR,sell,1944.73
2023-03-27,JPY,IDR,buy,115.9866
2023-03-27,JPY,IDR,sell,117.1792
2023-03-27,KRW,IDR,buy,11.71
2023-03-27,KRW,IDR,sell,11.83
2023-03-27,KWD,IDR,buy,49355.21
2023-03-27,KWD,IDR,sell,49916.42
2023-03-27,LAK,IDR,buy,0.89
2023-03-27,LAK,IDR,sell,0.91
2023-03-27,MYR,IDR,buy,3413.84
2023-03-27,MYR,IDR,sell,3451.26
2023-03-27,NOK,IDR,buy,1453.07
2023-03-27,NOK,IDR,sell,1468.36
2023-03-27,NZD,IDR,buy,9419.97
2023-03-27,NZD,IDR,sell,9520.74
2023-03-27,PGK,IDR,buy,4178.76
2023-03-27,PGK,IDR,sell,4449.73
2023-03-27,PHP,IDR,buy,278.48
2023-03-27,PHP,IDR,sell,281.38
2023-03-27,SAR,IDR,buy,4022.75
2023-03-27,SAR,IDR,sell,4063.82
2023-03-27,SEK,IDR,buy,1461.85
2023-03-27,SEK,IDR,sell,1477.03
2023-03-27,SGD,IDR,buy,11380.32
2023-03-27,SGD,IDR,sell,11495.55
2023-03-27,THB,IDR,buy,443.59
2023-03-27,THB,IDR,sell,448.18
2023-03-27,USD,IDR,buy,15113.06
2023-03-27,USD,IDR,sell,15264.94
2023-03-27,VND,IDR,buy,0.64
2023-03-27,VND,IDR,sell,0.65
2023-03-28,AUD,IDR,buy,10023.65
2023-03-28,AUD,IDR,sell,10125.91
2023-03-28,BND,IDR,buy,11321.33
2023-03-28,BND,IDR,sell,11437.69
2023-03-28,CAD,IDR,buy,10992.45
2023-03-28,CAD,IDR,sell,11106.16
2023-03-28,CHF,IDR,buy,16443.18
2023-03-28,CHF,IDR,sell,16615.68
2023-03-28,CNH,IDR,buy,2192.49
2023-03-28,CNH,IDR,sell,2214.65
2023-03-28,CNY,IDR,buy,2192.9
2023-03-28,CNY,IDR,sell,2215.2
2023-03-28,DKK,IDR,buy,2179.23
2023-03-28,DKK,IDR,sell,2201.38
2023-03-28,EUR,IDR,buy,16238.04
2023-03-28,EUR,IDR,sell,16404.29
2023-03-28,GBP,IDR,buy,18471.05
2023-03-28,GBP,IDR,sell,18662.79
2023-03-28,HKD,IDR,buy,1923.35
2023-03-28,HKD,IDR,sell,1942.71
2023-03-28,JPY,IDR,buy,115.2617
2023-03-28,JPY,IDR,sell,116.4468
2023-03-28,KRW,IDR,buy,11.59
2023-03-28,KRW,IDR,sell,11.71
2023-03-28,KWD,IDR,buy,49246.95
2023-03-28,KWD,IDR,sell,49774.37
2023-03-28,LAK,IDR,buy,0.89
2023-03-28,LAK,IDR,sell,0.91
2023-03-28,MYR,IDR,buy,3406.62
2023-03-28,MYR,IDR,sell,3443.96
2023-03-28,NOK,IDR,buy,1432.9
2023-03-28,NOK,IDR,sell,1447.85
2023-03-28,NZD,IDR,buy,9357.82
2023-03-28,NZD,IDR,sell,9453.39
2023-03-28,PGK,IDR,buy,4144.44
2023-03-28,PGK,IDR,sell,4475.84
2023-03-28,PHP,IDR,buy,278.05
2023-03-28,PHP,IDR,sell,281.1
2023-03-28,SAR,IDR,buy,4018.56
2023-03-28,SAR,IDR,sell,4059.6
2023-03-28,SEK,IDR,buy,1448.33
2023-03-28,SEK,IDR,sell,1463.31
2023-03-28,SGD,IDR,buy,11321.33
2023-03-28,SGD,IDR,sell,11437.69
2023-03-28,THB,IDR,buy,438.77
2023-03-28,THB,IDR,sell,443.44
2023-03-28,USD,IDR,buy,15098.13
2023-03-28,USD,IDR,sell,15249.87
2023-03-28,VND,IDR,buy,0.64
2023-03-28,VND,IDR,sell,0.65
2023-03-29,AUD,IDR,buy,10029.89
2023-03-29,AUD,IDR,sell,10133.73
2023-03-29,BND,IDR,buy,11294.43
2023-03-29,BND,IDR,sell,11412.24
2023-03-29,CAD,IDR,buy,11001.44
2023-03-29,CAD,IDR,sell,11116.08
2023-03-29,CHF,IDR,buy,16378.53
2023-03-29,CHF,IDR,sell,16550.36
2023-03-29,CNH,IDR,buy,2179.49
2023-03-29,CNH,IDR,sell,2201.49
2023-03-29,CNY,IDR,buy,2180.32
2023-03-29,CNY,IDR,sell,2202.29
2023-03-29,DKK,IDR,buy,2180.66
2023-03-29,DKK,IDR,sell,2202.8
2023-03-29,EUR,IDR,buy,16246.59
2023-03-29,EUR,IDR,sell,16412.91
2023-03-29,GBP,IDR,buy,18481.96
2023-03-29,GBP,IDR,sell,18675.29
2023-03-29,HKD,IDR,buy,1912.45
2023-03-29,HKD,IDR,sell,1931.7
2023-03-29,JPY,IDR,buy,114.4599
2023-03-29,JPY,IDR,sell,115.6191
2023-03-29,KRW,IDR,buy,11.56
2023-03-29,KRW,IDR,sell,11.68
2023-03-29,KWD,IDR,buy,49001.4
2023-03-29,KWD,IDR,sell,49510.04
2023-03-29,LAK,IDR,buy,0.88
2023-03-29,LAK,IDR,sell,0.9
2023-03-29,MYR,IDR,buy,3407.3
2023-03-29,MYR,IDR,sell,3446.24
2023-03-29,NOK,IDR,buy,1440.15
2023-03-29,NOK,IDR,sell,1455.11
2023-03-29,NZD,IDR,buy,9346.82
2023-03-29,NZD,IDR,sell,9446.82
2023-03-29,PGK,IDR,buy,4150.97
2023-03-29,PGK,IDR,sell,4420.14
2023-03-29,PHP,IDR,buy,275.46
2023-03-29,PHP,IDR,sell,278.64
2023-03-29,SAR,IDR,buy,3996.63
2023-03-29,SAR,IDR,sell,4037.45
2023-03-29,SEK,IDR,buy,1452.43
2023-03-29,SEK,IDR,sell,1467.52
2023-03-29,SGD,IDR,buy,11294.43
2023-03-29,SGD,IDR,sell,11412.24
2023-03-29,THB,IDR,buy,437.81
2023-03-29,THB,IDR,sell,442.47
2023-03-29,USD,IDR,buy,15012.56
2023-03-29,USD,IDR,sell,15163.44
2023-03-29,VND,IDR,buy,0.64
2023-03-29,VND,IDR,sell,0.65
2023-03-30,AUD,IDR,buy,10015.86
2023-03-30,AUD,IDR,sell,10118.04
2023-03-30,BND,IDR,buy,11292.13
2023-03-30,BND,IDR,sell,11409.91
2023-03-30,CAD,IDR,buy,11031.68
2023-03-30,CAD,IDR,sell,11145.83
2023-03-30,CHF,IDR,buy,16319.17
2023-03-30,CHF,IDR,sell,16490.35
2023-03-30,CNH,IDR,buy,2179.85
2023-03-30,CNH,IDR,sell,2201.82
2023-03-30,CNY,IDR,buy,2180.26
2023-03-30,CNY,IDR,sell,2202.4
2023-03-30,DKK,IDR,buy,2184.07
2023-03-30,DKK,IDR,sell,2206.34
2023-03-30,EUR,IDR,buy,16272.58
2023-03-30,EUR,IDR,sell,16440.67
2023-03-30,GBP,IDR,buy,18496.82
2023-03-30,GBP,IDR,sell,18688.79
2023-03-30,HKD,IDR,buy,1913.24
2023-03-30,HKD,IDR,sell,1932.59
2023-03-30,JPY,IDR,buy,113.7595
2023-03-30,JPY,IDR,sell,114.9464
2023-03-30,KRW,IDR,buy,11.53
2023-03-30,KRW,IDR,sell,11.65
2023-03-30,KWD,IDR,buy,48998.5
2023-03-30,KWD,IDR,sell,49507.1
2023-03-30,LAK,IDR,buy,0.88
2023-03-30,LAK,IDR,sell,0.9
2023-03-30,MYR,IDR,buy,3400.94
2023-03-30,MYR,IDR,sell,3440.57
2023-03-30,NOK,IDR,buy,1443.87
2023-03-30,NOK,IDR,sell,1458.83
2023-03-30,NZD,IDR,buy,9361.05
2023-03-30,NZD,IDR,sell,9461.2
2023-03-30,PGK,IDR,buy,4152.62
2023-03-30,PGK,IDR,sell,4308.13
2023-03-30,PHP,IDR,buy,275.77
2023-03-30,PHP,IDR,sell,278.7
2023-03-30,SAR,IDR,buy,3999.08
2023-03-30,SAR,IDR,sell,4039.7
2023-03-30,SEK,IDR,buy,1446.77
2023-03-30,SEK,IDR,sell,1461.74
2023-03-30,SGD,IDR,buy,11292.13
2023-03-30,SGD,IDR,sell,11409.91
2023-03-30,THB,IDR,buy,439.14
2023-03-30,THB,IDR,sell,444.07
2023-03-30,USD,IDR,buy,15018.53
2023-03-30,USD,IDR,sell,15169.47
2023-03-30,VND,IDR,buy,0.64
2023-03-30,VND,IDR,sell,0.65
2023-03-31,AUD,IDR,buy,10056.07
2023-03-31,AUD,IDR,sell,10160.16
2023-03-31,BND,IDR,buy,11285.16
2023-03-31,BND,IDR,sell,11399.44
2023-03-31,CAD,IDR,buy,11067.64
2023-03-31,CAD,IDR,sell,11179.7
2023-03-31,CHF,IDR,buy,16336.05
2023-03-31,CHF,IDR,sell,16507.43
2023-03-31,CNH,IDR,buy,2178.49
2023-03-31,CNH,IDR,sell,2200.57
2023-03-31,CNY,IDR,buy,2179.12
2023-03-31,CNY,IDR,sell,2201.18
2023-03-31,DKK,IDR,buy,2183.57
2023-03-31,DKK,IDR,sell,2205.83
2023-03-31,EUR,IDR,buy,16262.06
2023-03-31,EUR,IDR,sell,16428.52
2023-03-31,GBP,IDR,buy,18508.56
2023-03-31,GBP,IDR,sell,18697.61
2023-03-31,HKD,IDR,buy,1909.13
2023-03-31,HKD,IDR,sell,1928.34
2023-03-31,JPY,IDR,buy,113.1242
2023-03-31,JPY,IDR,sell,114.287
2023-03-31,KRW,IDR,buy,11.53
2023-03-31,KRW,IDR,sell,11.65
2023-03-31,KWD,IDR,buy,48834.08
2023-03-31,KWD,IDR,sell,49386.02
2023-03-31,LAK,IDR,buy,0.88
2023-03-31,LAK,IDR,sell,0.9
2023-03-31,MYR,IDR,buy,3387.97
2023-03-31,MYR,IDR,sell,3425.89
2023-03-31,NOK,IDR,buy,1436.94
2023-03-31,NOK,IDR,sell,1452.33
2023-03-31,NZD,IDR,buy,9354.69
2023-03-31,NZD,IDR,sell,9454.76
2023-03-31,PGK,IDR,buy,4143.82
2023-03-31,PGK,IDR,sell,4412.53
2023-03-31,PHP,IDR,buy,275.34
2023-03-31,PHP,IDR,sell,278.26
2023-03-31,SAR,IDR,buy,3992.19
2023-03-31,SAR,IDR,sell,4032.85
2023-03-31,SEK,IDR,buy,1436.19
2023-03-31,SEK,IDR,sell,1451.05
2023-03-31,SGD,IDR,buy,11285.16
2023-03-31,SGD,IDR,sell,11399.44
2023-03-31,THB,IDR,buy,437.44
2023-03-31,THB,IDR,sell,442.09
2023-03-31,USD,IDR,buy,14986.69
2023-03-31,USD,IDR,sell,15137.31
2023-03-31,VND,IDR,buy,0.64
2023-03-31,VND,IDR,sell,0.64
2023-04-03,AUD,IDR,buy,9945.67
2023-04-03,AUD,IDR,sell,10047.14
2023-04-03,BND,IDR,buy,11209.65
2023-04-03,BND,IDR,sell,11323.17
2023-04-03,CAD,IDR,buy,10988.95
2023-04-03,CAD,IDR,sell,11100.21
2023-04-03,CHF,IDR,buy,16279.34
2023-04-03,CHF,IDR,sell,16450.15
2023-04-03,CNH,IDR,buy,2168.53
2023-04-03,CNH,IDR,sell,2190.45
2023-04-03,CNY,IDR,buy,2169.79
2023-04-03,CNY,IDR,sell,2191.66
2023-04-03,DKK,IDR,buy,2176.76
2023-04-03,DKK,IDR,sell,2198.96
2023-04-03,EUR,IDR,buy,16213.5
2023-04-03,EUR,IDR,sell,16379.47
2023-04-03,GBP,IDR,buy,18419.01
2023-04-03,GBP,IDR,sell,18608.65
2023-04-03,HKD,IDR,buy,1898.33
2023-04-03,HKD,IDR,sell,1917.54
2023-04-03,JPY,IDR,buy,111.8609
2023-04-03,JPY,IDR,sell,113.0107
2023-04-03,KRW,IDR,buy,11.42
2023-04-03,KRW,IDR,sell,11.54
2023-04-03,KWD,IDR,buy,48579.05
2023-04-03,KWD,IDR,sell,49083.32
2023-04-03,LAK,IDR,buy,0.88
2023-04-03,LAK,IDR,sell,0.89
2023-04-03,MYR,IDR,buy,3374.19
2023-04-03,MYR,IDR,sell,3411.58
2023-04-03,NOK,IDR,buy,1426.2
2023-04-03,NOK,IDR,sell,1442.65
2023-04-03,NZD,IDR,buy,9310.84
2023-04-03,NZD,IDR,sell,9407.43
2023-04-03,PGK,IDR,buy,4120.43
2023-04-03,PGK,IDR,sell,4387.63
2023-04-03,PHP,IDR,buy,273.99
2023-04-03,PHP,IDR,sell,276.89
2023-04-03,SAR,IDR,buy,3969.77
2023-04-03,SAR,IDR,sell,4009.99
2023-04-03,SEK,IDR,buy,1437.19
2023-04-03,SEK,IDR,sell,1452.23
2023-04-03,SGD,IDR,buy,11209.65
2023-04-03,SGD,IDR,sell,11323.17
2023-04-03,THB,IDR,buy,436.37
2023-04-03,THB,IDR,sell,440.89
2023-04-03,USD,IDR,buy,14902.11
2023-04-03,USD,IDR,sell,15051.89
2023-04-03,VND,IDR,buy,0.63
2023-04-03,VND,IDR,sell,0.64
2023-04-04,AUD,IDR,buy,9987.12
2023-04-04,AUD,IDR,sell,10090.5
2023-04-04,BND,IDR,buy,11191.6
2023-04-04,BND,IDR,sell,11308.32
2023-04-04,CAD,IDR,buy,11051.46
2023-04-04,CAD,IDR,sell,11163.36
2023-04-04,CHF,IDR,buy,16247.33
2023-04-04,CHF,IDR,sell,16412.41
2023-04-04,CNH,IDR,buy,2163.7
2023-04-04,CNH,IDR,sell,2185.73
2023-04-04,CNY,IDR,buy,2165.15
2023-04-04,CNY,IDR,sell,2187.07
2023-04-04,DKK,IDR,buy,2170.06
2023-04-04,DKK,IDR,sell,2192.09
2023-04-04,EUR,IDR,buy,16161.95
2023-04-04,EUR,IDR,sell,16330.41
2023-04-04,GBP,IDR,buy,18375.34
2023-04-04,GBP,IDR,sell,18566.04
2023-04-04,HKD,IDR,buy,1899.98
2023-04-04,HKD,IDR,sell,1919.18
2023-04-04,JPY,IDR,buy,111.6563
2023-04-04,JPY,IDR,sell,112.7869
2023-04-04,KRW,IDR,buy,11.33
2023-04-04,KRW,IDR,sell,11.45
2023-04-04,KWD,IDR,buy,48567.4
2023-04-04,KWD,IDR,sell,49071.5
2023-04-04,LAK,IDR,buy,0.87
2023-04-04,LAK,IDR,sell,0.89
2023-04-04,MYR,IDR,buy,3371.78
2023-04-04,MYR,IDR,sell,3409.9
2023-04-04,NOK,IDR,buy,1431.66
2023-04-04,NOK,IDR,sell,1446.47
2023-04-04,NZD,IDR,buy,9299.53
2023-04-04,NZD,IDR,sell,9399.02
2023-04-04,PGK,IDR,buy,4124.01
2023-04-04,PGK,IDR,sell,4278.45
2023-04-04,PHP,IDR,buy,272.47
2023-04-04,PHP,IDR,sell,275.23
2023-04-04,SAR,IDR,buy,3973.64
2023-04-04,SAR,IDR,sell,4013.89
2023-04-04,SEK,IDR,buy,1435.89
2023-04-04,SEK,IDR,sell,1450.74
2023-04-04,SGD,IDR,buy,11191.6
2023-04-04,SGD,IDR,sell,11308.32
2023-04-04,THB,IDR,buy,433.33
2023-04-04,THB,IDR,sell,437.93
2023-04-04,USD,IDR,buy,14915.05
2023-04-04,USD,IDR,sell,15064.95
2023-04-04,VND,IDR,buy,0.64
2023-04-04,VND,IDR,sell,0.64
2023-04-05,AUD,IDR,buy,10023.36
2023-04-05,AUD,IDR,sell,10127.1
2023-04-05,BND,IDR,buy,11188.68
2023-04-05,BND,IDR,sell,11305.4
2023-04-05,CAD,IDR,buy,11050.36
2023-04-05,CAD,IDR,sell,11164.76
2023-04-05,CHF,IDR,buy,16273.78
2023-04-05,CHF,IDR,sell,16444.56
2023-04-05,CNH,IDR,buy,2155.71
2023-04-05,CNH,IDR,sell,2177.48
2023-04-05,CNY,IDR,buy,2156.5
2023-04-05,CNY,IDR,sell,2178.27
2023-04-05,DKK,IDR,buy,2175.91
2023-04-05,DKK,IDR,sell,2198.11
2023-04-05,EUR,IDR,buy,16205.05
2023-04-05,EUR,IDR,sell,16373.92
2023-04-05,GBP,IDR,buy,18499.07
2023-04-05,GBP,IDR,sell,18691
2023-04-05,HKD,IDR,buy,1890.32
2023-04-05,HKD,IDR,sell,1909.34
2023-04-05,JPY,IDR,buy,111.8531
2023-04-05,JPY,IDR,sell,113.0029
2023-04-05,KRW,IDR,buy,11.29
2023-04-05,KRW,IDR,sell,11.4
2023-04-05,KWD,IDR,buy,48380.93
2023-04-05,KWD,IDR,sell,48883.14
2023-04-05,LAK,IDR,buy,0.86
2023-04-05,LAK,IDR,sell,0.88
2023-04-05,MYR,IDR,buy,3367.4
2023-04-05,MYR,IDR,sell,3405.11
2023-04-05,NOK,IDR,buy,1444.12
2023-04-05,NOK,IDR,sell,1459.2
2023-04-05,NZD,IDR,buy,9342.28
2023-04-05,NZD,IDR,sell,9442.17
2023-04-05,PGK,IDR,buy,4102.83
2023-04-05,PGK,IDR,sell,4368.88
2023-04-05,PHP,IDR,buy,272.26
2023-04-05,PHP,IDR,sell,275.05
2023-04-05,SAR,IDR,buy,3955.44
2023-04-05,SAR,IDR,sell,3996.05
2023-04-05,SEK,IDR,buy,1432.99
2023-04-05,SEK,IDR,sell,1447.81
2023-04-05,SGD,IDR,buy,11188.68
2023-04-05,SGD,IDR,sell,11305.4
2023-04-05,THB,IDR,buy,433.75
2023-04-05,THB,IDR,sell,438.36
2023-04-05,USD,IDR,buy,14838.43
2023-04-05,USD,IDR,sell,14987.57
2023-04-05,VND,IDR,buy,0.63
2023-04-05,VND,IDR,sell,0.64
2023-04-06,AUD,IDR,buy,9969.94
2023-04-06,AUD,IDR,sell,10073.15
2023-04-06,BND,IDR,buy,11210.45
2023-04-06,BND,IDR,sell,11327.4
2023-04-06,CAD,IDR,buy,11036.42
2023-04-06,CAD,IDR,sell,11150.66
2023-04-06,CHF,IDR,buy,16410.79
2023-04-06,CHF,IDR,sell,16577.57
2023-04-06,CNH,IDR,buy,2159.83
2023-04-06,CNH,IDR,sell,2181.7
2023-04-06,CNY,IDR,buy,2159.14
2023-04-06,CNY,IDR,sell,2181.98
2023-04-06,DKK,IDR,buy,2183.22
2023-04-06,DKK,IDR,sell,2205.39
2023-04-06,EUR,IDR,buy,16263.93
2023-04-06,EUR,IDR,sell,16433.4
2023-04-06,GBP,IDR,buy,18550.63
2023-04-06,GBP,IDR,sell,18740.08
2023-04-06,HKD,IDR,buy,1892.81
2023-04-06,HKD,IDR,sell,1911.85
2023-04-06,JPY,IDR,buy,113.0771
2023-04-06,JPY,IDR,sell,114.2223
2023-04-06,KRW,IDR,buy,11.32
2023-04-06,KRW,IDR,sell,11.44
2023-04-06,KWD,IDR,buy,48420.55
2023-04-06,KWD,IDR,sell,48923.16
2023-04-06,LAK,IDR,buy,0.87
2023-04-06,LAK,IDR,sell,0.88
2023-04-06,MYR,IDR,buy,3377.66
2023-04-06,MYR,IDR,sell,3414.71
2023-04-06,NOK,IDR,buy,1430.43
2023-04-06,NOK,IDR,sell,1445.41
2023-04-06,NZD,IDR,buy,9412.75
2023-04-06,NZD,IDR,sell,9508.86
2023-04-06,PGK,IDR,buy,4108.33
2023-04-06,PGK,IDR,sell,4262.18
2023-04-06,PHP,IDR,buy,272.93
2023-04-06,PHP,IDR,sell,275.88
2023-04-06,SAR,IDR,buy,3960.53
2023-04-06,SAR,IDR,sell,4000.66
2023-04-06,SEK,IDR,buy,1441.1
2023-04-06,SEK,IDR,sell,1456.02
2023-04-06,SGD,IDR,buy,11210.45
2023-04-06,SGD,IDR,sell,11327.4
2023-04-06,THB,IDR,buy,438.43
2023-04-06,THB,IDR,sell,443.36
2023-04-06,USD,IDR,buy,14858.33
2023-04-06,USD,IDR,sell,15007.67
2023-04-06,VND,IDR,buy,0.63
2023-04-06,VND,IDR,sell,0.64
2023-04-10,AUD,IDR,buy,9970.67
2023-04-10,AUD,IDR,sell,10078.39
2023-04-10,BND,IDR,buy,11190.1
2023-04-10,BND,IDR,sell,11306.82
2023-04-10,CAD,IDR,buy,11040.53
2023-04-10,CAD,IDR,sell,11154.81
2023-04-10,CHF,IDR,buy,16430.85
2023-04-10,CHF,IDR,sell,16603.34
2023-04-10,CNH,IDR,buy,2160.99
2023-04-10,CNH,IDR,sell,2182.74
2023-04-10,CNY,IDR,buy,2161.56
2023-04-10,CNY,IDR,sell,2183.32
2023-04-10,DKK,IDR,buy,2176.62
2023-04-10,DKK,IDR,sell,2198.66
2023-04-10,EUR,IDR,buy,16212.37
2023-04-10,EUR,IDR,sell,16376.82
2023-04-10,GBP,IDR,buy,18531.82
2023-04-10,GBP,IDR,sell,18725.6
2023-04-10,HKD,IDR,buy,1894.07
2023-04-10,HKD,IDR,sell,1913.13
2023-04-10,JPY,IDR,buy,113.1098
2023-04-10,JPY,IDR,sell,114.2901
2023-04-10,KRW,IDR,buy,11.27
2023-04-10,KRW,IDR,sell,11.39
2023-04-10,KWD,IDR,buy,48460.87
2023-04-10,KWD,IDR,sell,48963.91
2023-04-10,LAK,IDR,buy,0.86
2023-04-10,LAK,IDR,sell,0.88
2023-04-10,MYR,IDR,buy,3376.09
2023-04-10,MYR,IDR,sell,3413.12
2023-04-10,NOK,IDR,buy,1424.94
2023-04-10,NOK,IDR,sell,1439.87
2023-04-10,NZD,IDR,buy,9350.66
2023-04-10,NZD,IDR,sell,9452.15
2023-04-10,PGK,IDR,buy,4111.08
2023-04-10,PGK,IDR,sell,4377.67
2023-04-10,PHP,IDR,buy,272.71
2023-04-10,PHP,IDR,sell,275.55
2023-04-10,SAR,IDR,buy,3962.76
2023-04-10,SAR,IDR,sell,4003.12
2023-04-10,SEK,IDR,buy,1427.61
2023-04-10,SEK,IDR,sell,1442.42
2023-04-10,SGD,IDR,buy,11190.1
2023-04-10,SGD,IDR,sell,11306.82
2023-04-10,THB,IDR,buy,436.02
2023-04-10,THB,IDR,sell,440.66
2023-04-10,USD,IDR,buy,14868.28
2023-04-10,USD,IDR,sell,15017.72
2023-04-10,VND,IDR,buy,0.63
2023-04-10,VND,IDR,sell,0.64
2023-04-11,AUD,IDR,buy,9891.93
2023-04-11,AUD,IDR,sell,9992.84
2023-04-11,BND,IDR,buy,11154.93
2023-04-11,BND,IDR,sell,11271.27
2023-04-11,CAD,IDR,buy,10985.54
2023-04-11,CAD,IDR,sell,11099.23
2023-04-11,CHF,IDR,buy,16374.61
2023-04-11,CHF,IDR,sell,16546.47
2023-04-11,CNH,IDR,buy,2156.75
2023-04-11,CNH,IDR,sell,2178.46
2023-04-11,CNY,IDR,buy,2157.79
2023-04-11,CNY,IDR,sell,2179.54
2023-04-11,DKK,IDR,buy,2172.42
2023-04-11,DKK,IDR,sell,2194.38
2023-04-11,EUR,IDR,buy,16183.02
2023-04-11,EUR,IDR,sell,16351.64
2023-04-11,GBP,IDR,buy,18428.35
2023-04-11,GBP,IDR,sell,18615.05
2023-04-11,HKD,IDR,buy,1889.23
2023-04-11,HKD,IDR,sell,1908.27
2023-04-11,JPY,IDR,buy,112.2501
2023-04-11,JPY,IDR,sell,113.3867
2023-04-11,KRW,IDR,buy,11.25
2023-04-11,KRW,IDR,sell,11.37
2023-04-11,KWD,IDR,buy,48320.34
2023-04-11,KWD,IDR,sell,48840.95
2023-04-11,LAK,IDR,buy,0.86
2023-04-11,LAK,IDR,sell,0.88
2023-04-11,MYR,IDR,buy,3362.92
2023-04-11,MYR,IDR,sell,3399.8
2023-04-11,NOK,IDR,buy,1414.68
2023-04-11,NOK,IDR,sell,1429.33
2023-04-11,NZD,IDR,buy,9258.67
2023-04-11,NZD,IDR,sell,9357.71
2023-04-11,PGK,IDR,buy,4100.63
2023-04-11,PGK,IDR,sell,4366.53
2023-04-11,PHP,IDR,buy,271.57
2023-04-11,PHP,IDR,sell,274.4
2023-04-11,SAR,IDR,buy,3953
2023-04-11,SAR,IDR,sell,3993.15
2023-04-11,SEK,IDR,buy,1417.52
2023-04-11,SEK,IDR,sell,1432.19
2023-04-11,SGD,IDR,buy,11154.93
2023-04-11,SGD,IDR,sell,11271.27
2023-04-11,THB,IDR,buy,431.87
2023-04-11,THB,IDR,sell,436.47
2023-04-11,USD,IDR,buy,14830.48
2023-04-11,USD,IDR,sell,14979.52
2023-04-11,VND,IDR,buy,0.63
2023-04-11,VND,IDR,sell,0.64
2023-04-12,AUD,IDR,buy,9873.24
2023-04-12,AUD,IDR,sell,9975.46
2023-04-12,BND,IDR,buy,11126.3
2023-04-12,BND,IDR,sell,11242.35
2023-04-12,CAD,IDR,buy,10974.63
2023-04-12,CAD,IDR,sell,11088.22
2023-04-12,CHF,IDR,buy,16368.57
2023-04-12,CHF,IDR,sell,16540.39
2023-04-12,CNH,IDR,buy,2150.23
2023-04-12,CNH,IDR,sell,2171.96
2023-04-12,CNY,IDR,buy,2151.13
2023-04-12,CNY,IDR,sell,2172.94
2023-04-12,DKK,IDR,buy,2166.71
2023-04-12,DKK,IDR,sell,2188.71
2023-04-12,EUR,IDR,buy,16139.37
2023-04-12,EUR,IDR,sell,16307.56
2023-04-12,GBP,IDR,buy,18405.85
2023-04-12,GBP,IDR,sell,18596.82
2023-04-12,HKD,IDR,buy,1887.1
2023-04-12,HKD,IDR,sell,1906.09
2023-04-12,JPY,IDR,buy,111.263
2023-04-12,JPY,IDR,sell,112.3897
2023-04-12,KRW,IDR,buy,11.2
2023-04-12,KRW,IDR,sell,11.31
2023-04-12,KWD,IDR,buy,48310.86
2023-04-12,KWD,IDR,sell,48828.25
2023-04-12,LAK,IDR,buy,0.86
2023-04-12,LAK,IDR,sell,0.88
2023-04-12,MYR,IDR,buy,3353.76
2023-04-12,MYR,IDR,sell,3391.31
2023-04-12,NOK,IDR,buy,1409.58
2023-04-12,NOK,IDR,sell,1424.3
2023-04-12,NZD,IDR,buy,9208.11
2023-04-12,NZD,IDR,sell,9306.64
2023-04-12,PGK,IDR,buy,4081.14
2023-04-12,PGK,IDR,sell,4376.51
2023-04-12,PHP,IDR,buy,269.66
2023-04-12,PHP,IDR,sell,272.44
2023-04-12,SAR,IDR,buy,3948.28
2023-04-12,SAR,IDR,sell,3988.49
2023-04-12,SEK,IDR,buy,1414.93
2023-04-12,SEK,IDR,sell,1429.49
2023-04-12,SGD,IDR,buy,11126.3
2023-04-12,SGD,IDR,sell,11242.35
2023-04-12,THB,IDR,buy,432.64
2023-04-12,THB,IDR,sell,437.5
2023-04-12,USD,IDR,buy,14813.56
2023-04-12,USD,IDR,sell,14962.44
2023-04-12,VND,IDR,buy,0.63
2023-04-12,VND,IDR,sell,0.64
2023-04-13,AUD,IDR,buy,9849.77
2023-04-13,AUD,IDR,sell,9956.24
2023-04-13,BND,IDR,buy,11104.86
2023-04-13,BND,IDR,sell,11220.68
2023-04-13,CAD,IDR,buy,10982.83
2023-04-13,CAD,IDR,sell,11096.5
2023-04-13,CHF,IDR,buy,16382.4
2023-04-13,CHF,IDR,sell,16554.38
2023-04-13,CNH,IDR,buy,2146.93
2023-04-13,CNH,IDR,sell,2168.66
2023-04-13,CNY,IDR,buy,2149.01
2023-04-13,CNY,IDR,sell,2170.68
2023-04-13,DKK,IDR,buy,2168.77
2023-04-13,DKK,IDR,sell,2190.76
2023-04-13,EUR,IDR,buy,16159.9
2023-04-13,EUR,IDR,sell,16323.8
2023-04-13,GBP,IDR,buy,18369.77
2023-04-13,GBP,IDR,sell,18560.37
2023-04-13,HKD,IDR,buy,1884.29
2023-04-13,HKD,IDR,sell,1903.25
2023-04-13,JPY,IDR,buy,110.5093
2023-04-13,JPY,IDR,sell,111.645
2023-04-13,KRW,IDR,buy,11.14
2023-04-13,KRW,IDR,sell,11.26
2023-04-13,KWD,IDR,buy,48261.51
2023-04-13,KWD,IDR,sell,48762.46
2023-04-13,LAK,IDR,buy,0.86
2023-04-13,LAK,IDR,sell,0.88
2023-04-13,MYR,IDR,buy,3350.32
2023-04-13,MYR,IDR,sell,3387.83
2023-04-13,NOK,IDR,buy,1403.6
2023-04-13,NOK,IDR,sell,1418.17
2023-04-13,NZD,IDR,buy,9151.61
2023-04-13,NZD,IDR,sell,9249.56
2023-04-13,PGK,IDR,buy,4089.9
2023-04-13,PGK,IDR,sell,4243.05
2023-04-13,PHP,IDR,buy,267.72
2023-04-13,PHP,IDR,sell,270.51
2023-04-13,SAR,IDR,buy,3942.66
2023-04-13,SAR,IDR,sell,3982.71
2023-04-13,SEK,IDR,buy,1424.77
2023-04-13,SEK,IDR,sell,1439.55
2023-04-13,SGD,IDR,buy,11104.86
2023-04-13,SGD,IDR,sell,11220.68
2023-04-13,THB,IDR,buy,432.13
2023-04-13,THB,IDR,sell,436.72
2023-04-13,USD,IDR,buy,14791.67
2023-04-13,USD,IDR,sell,14940.33
2023-04-13,VND,IDR,buy,0.63
2023-04-13,VND,IDR,sell,0.64
2023-04-14,AUD,IDR,buy,9899.35
2023-04-14,AUD,IDR,sell,10001.82
2023-04-14,BND,IDR,buy,11103.76
2023-04-14,BND,IDR,sell,11216.21
2023-04-14,CAD,IDR,buy,10978.7
2023-04-14,CAD,IDR,sell,11092.34
2023-04-14,CHF,IDR,buy,16470.5
2023-04-14,CHF,IDR,sell,16643.48
2023-04-14,CNH,IDR,buy,2139.62
2023-04-14,CNH,IDR,sell,2161.44
2023-04-14,CNY,IDR,buy,2141.24
2023-04-14,CNY,IDR,sell,2162.86
2023-04-14,DKK,IDR,buy,2174.62
2023-04-14,DKK,IDR,sell,2196.8
2023-04-14,EUR,IDR,buy,16201.62
2023-04-14,EUR,IDR,sell,16367.42
2023-04-14,GBP,IDR,buy,18397.55
2023-04-14,GBP,IDR,sell,18588.4
2023-04-14,HKD,IDR,buy,1874.96
2023-04-14,HKD,IDR,sell,1893.83
2023-04-14,JPY,IDR,buy,110.6287
2023-04-14,JPY,IDR,sell,111.7657
2023-04-14,KRW,IDR,buy,11.23
2023-04-14,KRW,IDR,sell,11.35
2023-04-14,KWD,IDR,buy,48069.89
2023-04-14,KWD,IDR,sell,48568.87
2023-04-14,LAK,IDR,buy,0.86
2023-04-14,LAK,IDR,sell,0.87
2023-04-14,MYR,IDR,buy,3341.97
2023-04-14,MYR,IDR,sell,3378.63
2023-04-14,NOK,IDR,buy,1412.86
2023-04-14,NOK,IDR,sell,1427.47
2023-04-14,NZD,IDR,buy,9172.28
2023-04-14,NZD,IDR,sell,9270.41
2023-04-14,PGK,IDR,buy,4069.54
2023-04-14,PGK,IDR,sell,4221.93
2023-04-14,PHP,IDR,buy,266.2
2023-04-14,PHP,IDR,sell,269.02
2023-04-14,SAR,IDR,buy,3923.35
2023-04-14,SAR,IDR,sell,3962.99
2023-04-14,SEK,IDR,buy,1423.9
2023-04-14,SEK,IDR,sell,1438.69
2023-04-14,SGD,IDR,buy,11103.76
2023-04-14,SGD,IDR,sell,11216.21
2023-04-14,THB,IDR,buy,431.49
2023-04-14,THB,IDR,sell,436.08
2023-04-14,USD,IDR,buy,14718.04
2023-04-14,USD,IDR,sell,14865.96
2023-04-14,VND,IDR,buy,0.63
2023-04-14,VND,IDR,sell,0.63
2023-04-17,AUD,IDR,buy,9887.99
2023-04-17,AUD,IDR,sell,9990.32
2023-04-17,BND,IDR,buy,11011.67
2023-04-17,BND,IDR,sell,11126.54
2023-04-17,CAD,IDR,buy,10951.35
2023-04-17,CAD,IDR,sell,11064.73
2023-04-17,CHF,IDR,buy,16440.59
2023-04-17,CHF,IDR,sell,16613.31
2023-04-17,CNH,IDR,buy,2132.12
2023-04-17,CNH,IDR,sell,2153.71
2023-04-17,CNY,IDR,buy,2132.31
2023-04-17,CNY,IDR,sell,2153.93
2023-04-17,DKK,IDR,buy,2167.21
2023-04-17,DKK,IDR,sell,2189.35
2023-04-17,EUR,IDR,buy,16143.87
2023-04-17,EUR,IDR,sell,16312.02
2023-04-17,GBP,IDR,buy,18277.32
2023-04-17,GBP,IDR,sell,18462.48
2023-04-17,HKD,IDR,buy,1858.99
2023-04-17,HKD,IDR,sell,1877.69
2023-04-17,JPY,IDR,buy,110.3749
2023-04-17,JPY,IDR,sell,111.4927
2023-04-17,KRW,IDR,buy,11.22
2023-04-17,KRW,IDR,sell,11.34
2023-04-17,KWD,IDR,buy,47685.35
2023-04-17,KWD,IDR,sell,48196.1
2023-04-17,LAK,IDR,buy,0.85
2023-04-17,LAK,IDR,sell,0.86
2023-04-17,MYR,IDR,buy,3316.52
2023-04-17,MYR,IDR,sell,3353.66
2023-04-17,NOK,IDR,buy,1415.99
2023-04-17,NOK,IDR,sell,1430.64
2023-04-17,NZD,IDR,buy,9196.3
2023-04-17,NZD,IDR,sell,9294.62
2023-04-17,PGK,IDR,buy,4034.87
2023-04-17,PGK,IDR,sell,4185.97
2023-04-17,PHP,IDR,buy,264.26
2023-04-17,PHP,IDR,sell,267.11
2023-04-17,SAR,IDR,buy,3890.13
2023-04-17,SAR,IDR,sell,3929.65
2023-04-17,SEK,IDR,buy,1423.73
2023-04-17,SEK,IDR,sell,1438.38
2023-04-17,SGD,IDR,buy,11011.67
2023-04-17,SGD,IDR,sell,11126.54
2023-04-17,THB,IDR,buy,428.57
2023-04-17,THB,IDR,sell,433.13
2023-04-17,USD,IDR,buy,14592.67
2023-04-17,USD,IDR,sell,14739.33
2023-04-17,VND,IDR,buy,0.62
2023-04-17,VND,IDR,sell,0.63
2023-04-18,AUD,IDR,buy,9852.83
2023-04-18,AUD,IDR,sell,9959.27
2023-04-18,BND,IDR,buy,11044.51
2023-04-18,BND,IDR,sell,11156.34
2023-04-18,CAD,IDR,buy,11006.47
2023-04-18,CAD,IDR,sell,11117.91
2023-04-18,CHF,IDR,buy,16462.25
2023-04-18,CHF,IDR,sell,16635.14
2023-04-18,CNH,IDR,buy,2138.96
2023-04-18,CNH,IDR,sell,2160.55
2023-04-18,CNY,IDR,buy,2140.02
2023-04-18,CNY,IDR,sell,2161.74
2023-04-18,DKK,IDR,buy,2168.27
2023-04-18,DKK,IDR,sell,2190.32
2023-04-18,EUR,IDR,buy,16154.35
2023-04-18,EUR,IDR,sell,16322.64
2023-04-18,GBP,IDR,buy,18241.63
2023-04-18,GBP,IDR,sell,18432.38
2023-04-18,HKD,IDR,buy,1872.5
2023-04-18,HKD,IDR,sell,1891.42
2023-04-18,JPY,IDR,buy,109.6623
2023-04-18,JPY,IDR,sell,110.7727
2023-04-18,KRW,IDR,buy,11.2
2023-04-18,KRW,IDR,sell,11.32
2023-04-18,KWD,IDR,buy,47989.36
2023-04-18,KWD,IDR,sell,48487.46
2023-04-18,LAK,IDR,buy,0.85
2023-04-18,LAK,IDR,sell,0.86
2023-04-18,MYR,IDR,buy,3325.6
2023-04-18,MYR,IDR,sell,3362.06
2023-04-18,NOK,IDR,buy,1414.9
2023-04-18,NOK,IDR,sell,1429.59
2023-04-18,NZD,IDR,buy,9107.59
2023-04-18,NZD,IDR,sell,9206.54
2023-04-18,PGK,IDR,buy,4049.61
2023-04-18,PGK,IDR,sell,4342.71
2023-04-18,PHP,IDR,buy,263.14
2023-04-18,PHP,IDR,sell,265.88
2023-04-18,SAR,IDR,buy,3918.62
2023-04-18,SAR,IDR,sell,3958.42
2023-04-18,SEK,IDR,buy,1423.41
2023-04-18,SEK,IDR,sell,1438.15
2023-04-18,SGD,IDR,buy,11044.51
2023-04-18,SGD,IDR,sell,11156.34
2023-04-18,THB,IDR,buy,428.17
2023-04-18,THB,IDR,sell,432.73
2023-04-18,USD,IDR,buy,14699.14
2023-04-18,USD,IDR,sell,14846.86
2023-04-18,VND,IDR,buy,0.63
2023-04-18,VND,IDR,sell,0.63
2023-04-26,AUD,IDR,buy,9944.48
2023-04-26,AUD,IDR,sell,10053.37
2023-04-26,BND,IDR,buy,11085.82
2023-04-26,BND,IDR,sell,11198.07
2023-04-26,CAD,IDR,buy,11050.19
2023-04-26,CAD,IDR,sell,11162.07
2023-04-26,CHF,IDR,buy,16481.63
2023-04-26,CHF,IDR,sell,16654.7
2023-04-26,CNH,IDR,buy,2147.8
2023-04-26,CNH,IDR,sell,2169.51
2023-04-26,CNY,IDR,buy,2149.11
2023-04-26,CNY,IDR,sell,2170.87
2023-04-26,DKK,IDR,buy,2175.36
2023-04-26,DKK,IDR,sell,2197.42
2023-04-26,EUR,IDR,buy,16210.03
2023-04-26,EUR,IDR,sell,16378.9
2023-04-26,GBP,IDR,buy,18365.06
2023-04-26,GBP,IDR,sell,18557.08
2023-04-26,HKD,IDR,buy,1882.92
2023-04-26,HKD,IDR,sell,1901.87
2023-04-26,JPY,IDR,buy,110.115
2023-04-26,JPY,IDR,sell,111.2464
2023-04-26,KRW,IDR,buy,11.21
2023-04-26,KRW,IDR,sell,11.33
2023-04-26,KWD,IDR,buy,48222.67
2023-04-26,KWD,IDR,sell,48764.56
2023-04-26,LAK,IDR,buy,0.86
2023-04-26,LAK,IDR,sell,0.87
2023-04-26,MYR,IDR,buy,3328.99
2023-04-26,MYR,IDR,sell,3366.24
2023-04-26,NOK,IDR,buy,1415.81
2023-04-26,NOK,IDR,sell,1430.45
2023-04-26,NZD,IDR,buy,9171.44
2023-04-26,NZD,IDR,sell,9271.08
2023-04-26,PGK,IDR,buy,4064.7
2023-04-26,PGK,IDR,sell,4374.28
2023-04-26,PHP,IDR,buy,263.28
2023-04-26,PHP,IDR,sell,266.02
2023-04-26,SAR,IDR,buy,3940.48
2023-04-26,SAR,IDR,sell,3980.61
2023-04-26,SEK,IDR,buy,1433.98
2023-04-26,SEK,IDR,sell,1448.81
2023-04-26,SGD,IDR,buy,11085.82
2023-04-26,SGD,IDR,sell,11198.07
2023-04-26,THB,IDR,buy,430.42
2023-04-26,THB,IDR,sell,434.88
2023-04-26,USD,IDR,buy,14780.73
2023-04-26,USD,IDR,sell,14929.27
2023-04-26,VND,IDR,buy,0.63
2023-04-26,VND,IDR,sell,0.64
2023-04-27,AUD,IDR,buy,9787.82
2023-04-27,AUD,IDR,sell,9887.68
2023-04-27,BND,IDR,buy,11084.36
2023-04-27,BND,IDR,sell,11199.95
2023-04-27,CAD,IDR,buy,10867.16
2023-04-27,CAD,IDR,sell,10979.6
2023-04-27,CHF,IDR,buy,16615.34
2023-04-27,CHF,IDR,sell,16789.86
2023-04-27,CNH,IDR,buy,2136.24
2023-04-27,CNH,IDR,sell,2157.84
2023-04-27,CNY,IDR,buy,2139.76
2023-04-27,CNY,IDR,sell,2161.42
2023-04-27,DKK,IDR,buy,2189.05
2023-04-27,DKK,IDR,sell,2211.21
2023-04-27,EUR,IDR,buy,16313.52
2023-04-27,EUR,IDR,sell,16483.46
2023-04-27,GBP,IDR,buy,18447.3
2023-04-27,GBP,IDR,sell,18635.69
2023-04-27,HKD,IDR,buy,1886.29
2023-04-27,HKD,IDR,sell,1905.32
2023-04-27,JPY,IDR,buy,110.9432
2023-04-27,JPY,IDR,sell,112.0834
2023-04-27,KRW,IDR,buy,11.07
2023-04-27,KRW,IDR,sell,11.18
2023-04-27,KWD,IDR,buy,48327.64
2023-04-27,KWD,IDR,sell,48883.55
2023-04-27,LAK,IDR,buy,0.86
2023-04-27,LAK,IDR,sell,0.87
2023-04-27,MYR,IDR,buy,3319.34
2023-04-27,MYR,IDR,sell,3356.47
2023-04-27,NOK,IDR,buy,1392.04
2023-04-27,NOK,IDR,sell,1406.43
2023-04-27,NZD,IDR,buy,9085.94
2023-04-27,NZD,IDR,sell,9178.75
2023-04-27,PGK,IDR,buy,4094.3
2023-04-27,PGK,IDR,sell,4247.62
2023-04-27,PHP,IDR,buy,266.04
2023-04-27,PHP,IDR,sell,268.9
2023-04-27,SAR,IDR,buy,3947.32
2023-04-27,SAR,IDR,sell,3987.31
2023-04-27,SEK,IDR,buy,1433.75
2023-04-27,SEK,IDR,sell,1448.58
2023-04-27,SGD,IDR,buy,11084.36
2023-04-27,SGD,IDR,sell,11199.95
2023-04-27,THB,IDR,buy,432.46
2023-04-27,THB,IDR,sell,437.45
2023-04-27,USD,IDR,buy,14807.59
2023-04-27,USD,IDR,sell,14956.41
2023-04-27,VND,IDR,buy,0.63
2023-04-27,VND,IDR,sell,0.64
2023-04-28,AUD,IDR,buy,9714.87
2023-04-28,AUD,IDR,sell,9815.47
2023-04-28,BND,IDR,buy,10987.61
2023-04-28,BND,IDR,sell,11103.85
2023-04-28,CAD,IDR,buy,10762.03
2023-04-28,CAD,IDR,sell,10874.96
2023-04-28,CHF,IDR,buy,16446.94
2023-04-28,CHF,IDR,sell,16619.67
2023-04-28,CNH,IDR,buy,2115.91
2023-04-28,CNH,IDR,sell,2137.33
2023-04-28,CNY,IDR,buy,2119.46
2023-04-28,CNY,IDR,sell,2141.01
2023-04-28,DKK,IDR,buy,2175.54
2023-04-28,DKK,IDR,sell,2197.56
2023-04-28,EUR,IDR,buy,16213.96
2023-04-28,EUR,IDR,sell,16382.83
2023-04-28,GBP,IDR,buy,18284.92
2023-04-28,GBP,IDR,sell,18474.6
2023-04-28,HKD,IDR,buy,1869.69
2023-04-28,HKD,IDR,sell,1888.62
2023-04-28,JPY,IDR,buy,109.6872
2023-04-28,JPY,IDR,sell,110.7978
2023-04-28,KRW,IDR,buy,10.95
2023-04-28,KRW,IDR,sell,11.06
2023-04-28,KWD,IDR,buy,47914.76
2023-04-28,KWD,IDR,sell,48461.15
2023-04-28,LAK,IDR,buy,0.85
2023-04-28,LAK,IDR,sell,0.86
2023-04-28,MYR,IDR,buy,3289.39
2023-04-28,MYR,IDR,sell,3325.05
2023-04-28,NOK,IDR,buy,1380.13
2023-04-28,NOK,IDR,sell,1394.42
2023-04-28,NZD,IDR,buy,9013.3
2023-04-28,NZD,IDR,sell,9112.77
2023-04-28,PGK,IDR,buy,4058.26
2023-04-28,PGK,IDR,sell,4321.41
2023-04-28,PHP,IDR,buy,263.27
2023-04-28,PHP,IDR,sell,266.06
2023-04-28,SAR,IDR,buy,3912.99
2023-04-28,SAR,IDR,sell,3952.42
2023-04-28,SEK,IDR,buy,1422.41
2023-04-28,SEK,IDR,sell,1437.04
2023-04-28,SGD,IDR,buy,10987.61
2023-04-28,SGD,IDR,sell,11103.85
2023-04-28,THB,IDR,buy,429.79
2023-04-28,THB,IDR,sell,434.36
2023-04-28,USD,IDR,buy,14677.25
2023-04-28,USD,IDR,sell,14824.75
2023-04-28,VND,IDR,buy,0.63
2023-04-28,VND,IDR,sell,0.63
2023-05-02,AUD,IDR,buy,9614.75
2023-05-02,AUD,IDR,sell,9714.33
2023-05-02,BND,IDR,buy,10909.95
2023-05-02,BND,IDR,sell,11021.25
2023-05-02,CAD,IDR,buy,10684.6
2023-05-02,CAD,IDR,sell,10795.95
2023-05-02,CHF,IDR,buy,16289.99
2023-05-02,CHF,IDR,sell,16461.08
2023-05-02,CNH,IDR,buy,2103.43
2023-05-02,CNH,IDR,sell,2125.18
2023-05-02,CNY,IDR,buy,2107.16
2023-05-02,CNY,IDR,sell,2128.53
2023-05-02,DKK,IDR,buy,2152.5
2023-05-02,DKK,IDR,sell,2174.45
2023-05-02,EUR,IDR,buy,16045
2023-05-02,EUR,IDR,sell,16209.21
2023-05-02,GBP,IDR,buy,18215.65
2023-05-02,GBP,IDR,sell,18403.15
2023-05-02,HKD,IDR,buy,1858.3
2023-05-02,HKD,IDR,sell,1877.01
2023-05-02,JPY,IDR,buy,107.5154
2023-05-02,JPY,IDR,sell,108.604
2023-05-02,KRW,IDR,buy,10.89
2023-05-02,KRW,IDR,sell,11.01
2023-05-02,KWD,IDR,buy,47560.28
2023-05-02,KWD,IDR,sell,48110.46
2023-05-02,LAK,IDR,buy,0.84
2023-05-02,LAK,IDR,sell,0.86
2023-05-02,MYR,IDR,buy,3267.85
2023-05-02,MYR,IDR,sell,3303.66
2023-05-02,NOK,IDR,buy,1365.56
2023-05-02,NOK,IDR,sell,1380.24
2023-05-02,NZD,IDR,buy,8946.63
2023-05-02,NZD,IDR,sell,9045.39
2023-05-02,PGK,IDR,buy,4011.61
2023-05-02,PGK,IDR,sell,4317.15
2023-05-02,PHP,IDR,buy,263.36
2023-05-02,PHP,IDR,sell,266.3
2023-05-02,SAR,IDR,buy,3887.25
2023-05-02,SAR,IDR,sell,3930.2
2023-05-02,SEK,IDR,buy,1416.82
2023-05-02,SEK,IDR,sell,1431.47
2023-05-02,SGD,IDR,buy,10909.95
2023-05-02,SGD,IDR,sell,11021.25
2023-05-02,THB,IDR,buy,427.79
2023-05-02,THB,IDR,sell,432.22
2023-05-02,USD,IDR,buy,14587.69
2023-05-02,USD,IDR,sell,14734.31
2023-05-02,VND,IDR,buy,0.62
2023-05-02,VND,IDR,sell,0.63
2023-05-03,AUD,IDR,buy,9800.3
2023-05-03,AUD,IDR,sell,9901.74
2023-05-03,BND,IDR,buy,10951.86
2023-05-03,BND,IDR,sell,11066.06
2023-05-03,CAD,IDR,buy,10791.1
2023-05-03,CAD,IDR,sell,10902.76
2023-05-03,CHF,IDR,buy,16289.38
2023-05-03,CHF,IDR,sell,16454.91
2023-05-03,CNH,IDR,buy,2104.72
2023-05-03,CNH,IDR,sell,2126.09
2023-05-03,CNY,IDR,buy,2116.17
2023-05-03,CNY,IDR,sell,2138.11
2023-05-03,DKK,IDR,buy,2154.47
2023-05-03,DKK,IDR,sell,2176.44
2023-05-03,EUR,IDR,buy,16055.87
2023-05-03,EUR,IDR,sell,16223.13
2023-05-03,GBP,IDR,buy,18257.6
2023-05-03,GBP,IDR,sell,18447
2023-05-03,HKD,IDR,buy,1863.63
2023-05-03,HKD,IDR,sell,1882.38
2023-05-03,JPY,IDR,buy,106.3112
2023-05-03,JPY,IDR,sell,107.403
2023-05-03,KRW,IDR,buy,10.91
2023-05-03,KRW,IDR,sell,11.02
2023-05-03,KWD,IDR,buy,47693.45
2023-05-03,KWD,IDR,sell,48208.9
2023-05-03,LAK,IDR,buy,0.84
2023-05-03,LAK,IDR,sell,0.85
2023-05-03,MYR,IDR,buy,3277.95
2023-05-03,MYR,IDR,sell,3314.61
2023-05-03,NOK,IDR,buy,1362.81
2023-05-03,NOK,IDR,sell,1376.89
2023-05-03,NZD,IDR,buy,9057.12
2023-05-03,NZD,IDR,sell,9154.05
2023-05-03,PGK,IDR,buy,4045.05
2023-05-03,PGK,IDR,sell,4307.35
2023-05-03,PHP,IDR,buy,264.07
2023-05-03,PHP,IDR,sell,266.96
2023-05-03,SAR,IDR,buy,3900.89
2023-05-03,SAR,IDR,sell,3940.51
2023-05-03,SEK,IDR,buy,1419.95
2023-05-03,SEK,IDR,sell,1434.64
2023-05-03,SGD,IDR,buy,10951.86
2023-05-03,SGD,IDR,sell,11066.06
2023-05-03,THB,IDR,buy,427.51
2023-05-03,THB,IDR,sell,432.06
2023-05-03,USD,IDR,buy,14629.49
2023-05-03,USD,IDR,sell,14776.51
2023-05-03,VND,IDR,buy,0.62
2023-05-03,VND,IDR,sell,0.63
2023-05-04,AUD,IDR,buy,9748.15
2023-05-04,AUD,IDR,sell,9849.08
2023-05-04,BND,IDR,buy,10977.92
2023-05-04,BND,IDR,sell,11089.08
2023-05-04,CAD,IDR,buy,10744.16
2023-05-04,CAD,IDR,sell,10852.94
2023-05-04,CHF,IDR,buy,16452.07
2023-05-04,CHF,IDR,sell,16624.89
2023-05-04,CNH,IDR,buy,2113.21
2023-05-04,CNH,IDR,sell,2134.72
2023-05-04,CNY,IDR,buy,2116.6
2023-05-04,CNY,IDR,sell,2138.55
2023-05-04,DKK,IDR,buy,2166.49
2023-05-04,DKK,IDR,sell,2188.59
2023-05-04,EUR,IDR,buy,16144
2023-05-04,EUR,IDR,sell,16310.69
2023-05-04,GBP,IDR,buy,18308.15
2023-05-04,GBP,IDR,sell,18496.58
2023-05-04,HKD,IDR,buy,1864.01
2023-05-04,HKD,IDR,sell,1882.77
2023-05-04,JPY,IDR,buy,107.7581
2023-05-04,JPY,IDR,sell,108.8491
2023-05-04,KRW,IDR,buy,10.95
2023-05-04,KRW,IDR,sell,11.06
2023-05-04,KWD,IDR,buy,47734.29
2023-05-04,KWD,IDR,sell,48289.65
2023-05-04,LAK,IDR,buy,0.84
2023-05-04,LAK,IDR,sell,0.85
2023-05-04,MYR,IDR,buy,3284.51
2023-05-04,MYR,IDR,sell,3321.24
2023-05-04,NOK,IDR,buy,1358.1
2023-05-04,NOK,IDR,sell,1372.16
2023-05-04,NZD,IDR,buy,9121.88
2023-05-04,NZD,IDR,sell,9219.47
2023-05-04,PGK,IDR,buy,4023.93
2023-05-04,PGK,IDR,sell,4330.4
2023-05-04,PHP,IDR,buy,264.36
2023-05-04,PHP,IDR,sell,267.12
2023-05-04,SAR,IDR,buy,3901.37
2023-05-04,SAR,IDR,sell,3940.79
2023-05-04,SEK,IDR,buy,1422.27
2023-05-04,SEK,IDR,sell,1436.93
2023-05-04,SGD,IDR,buy,10977.92
2023-05-04,SGD,IDR,sell,11089.08
2023-05-04,THB,IDR,buy,429.61
2023-05-04,THB,IDR,sell,434.05
2023-05-04,USD,IDR,buy,14632.47
2023-05-04,USD,IDR,sell,14779.53
2023-05-04,VND,IDR,buy,0.62
2023-05-04,VND,IDR,sell,0.63
2023-05-05,AUD,IDR,buy,9713.66
2023-05-05,AUD,IDR,sell,9814.22
2023-05-05,BND,IDR,buy,10958.86
2023-05-05,BND,IDR,sell,11070.66
2023-05-05,CAD,IDR,buy,10701.88
2023-05-05,CAD,IDR,sell,10812.62
2023-05-05,CHF,IDR,buy,16424.68
2023-05-05,CHF,IDR,sell,16597.25
2023-05-05,CNH,IDR,buy,2103.54
2023-05-05,CNH,IDR,sell,2125.3
2023-05-05,CNY,IDR,buy,2105.67
2023-05-05,CNY,IDR,sell,2126.96
2023-05-05,DKK,IDR,buy,2160.55
2023-05-05,DKK,IDR,sell,2182.45
2023-05-05,EUR,IDR,buy,16094.8
2023-05-05,EUR,IDR,sell,16262.44
2023-05-05,GBP,IDR,buy,18296.09
2023-05-05,GBP,IDR,sell,18485.86
2023-05-05,HKD,IDR,buy,1855.13
2023-05-05,HKD,IDR,sell,1873.84
2023-05-05,JPY,IDR,buy,108.1075
2023-05-05,JPY,IDR,sell,109.2184
2023-05-05,KRW,IDR,buy,10.99
2023-05-05,KRW,IDR,sell,11.11
2023-05-05,KWD,IDR,buy,47511.14
2023-05-05,KWD,IDR,sell,48019.98
2023-05-05,LAK,IDR,buy,0.83
2023-05-05,LAK,IDR,sell,0.85
2023-05-05,MYR,IDR,buy,3267.24
2023-05-05,MYR,IDR,sell,3304.53
2023-05-05,NOK,IDR,buy,1353.27
2023-05-05,NOK,IDR,sell,1369.13
2023-05-05,NZD,IDR,buy,9086.17
2023-05-05,NZD,IDR,sell,9183.37
2023-05-05,PGK,IDR,buy,4003.68
2023-05-05,PGK,IDR,sell,4308.61
2023-05-05,PHP,IDR,buy,262.89
2023-05-05,PHP,IDR,sell,265.68
2023-05-05,SAR,IDR,buy,3881.74
2023-05-05,SAR,IDR,sell,3920.96
2023-05-05,SEK,IDR,buy,1419.11
2023-05-05,SEK,IDR,sell,1433.87
2023-05-05,SGD,IDR,buy,10958.86
2023-05-05,SGD,IDR,sell,11070.66
2023-05-05,THB,IDR,buy,430.1
2023-05-05,THB,IDR,sell,434.68
2023-05-05,USD,IDR,buy,14558.84
2023-05-05,USD,IDR,sell,14705.16
2023-05-05,VND,IDR,buy,0.62
2023-05-05,VND,IDR,sell,0.63
2023-05-08,AUD,IDR,buy,9826.22
2023-05-08,AUD,IDR,sell,9927.93
2023-05-08,BND,IDR,buy,11019.34
2023-05-08,BND,IDR,sell,11134.29
2023-05-08,CAD,IDR,buy,10814.48
2023-05-08,CAD,IDR,sell,10926.41
2023-05-08,CHF,IDR,buy,16416.27
2023-05-08,CHF,IDR,sell,16588.72
2023-05-08,CNH,IDR,buy,2110.65
2023-05-08,CNH,IDR,sell,2132.48
2023-05-08,CNY,IDR,buy,2112.33
2023-05-08,CNY,IDR,sell,2133.68
2023-05-08,DKK,IDR,buy,2161.65
2023-05-08,DKK,IDR,sell,2183.7
2023-05-08,EUR,IDR,buy,16100.11
2023-05-08,EUR,IDR,sell,16267.82
2023-05-08,GBP,IDR,buy,18408.47
2023-05-08,GBP,IDR,sell,18599.38
2023-05-08,HKD,IDR,buy,1860.43
2023-05-08,HKD,IDR,sell,1879.2
2023-05-08,JPY,IDR,buy,108.9112
2023-05-08,JPY,IDR,sell,110.0304
2023-05-08,KRW,IDR,buy,11.07
2023-05-08,KRW,IDR,sell,11.19
2023-05-08,KWD,IDR,buy,47641.3
2023-05-08,KWD,IDR,sell,48187.72
2023-05-08,LAK,IDR,buy,0.83
2023-05-08,LAK,IDR,sell,0.85
2023-05-08,MYR,IDR,buy,3288.43
2023-05-08,MYR,IDR,sell,3324.47
2023-05-08,NOK,IDR,buy,1372.67
2023-05-08,NOK,IDR,sell,1386.85
2023-05-08,NZD,IDR,buy,9191.1
2023-05-08,NZD,IDR,sell,9289.37
2023-05-08,PGK,IDR,buy,4015.17
2023-05-08,PGK,IDR,sell,4320.98
2023-05-08,PHP,IDR,buy,263.93
2023-05-08,PHP,IDR,sell,266.73
2023-05-08,SAR,IDR,buy,3892.98
2023-05-08,SAR,IDR,sell,3932.32
2023-05-08,SEK,IDR,buy,1429.28
2023-05-08,SEK,IDR,sell,1444.07
2023-05-08,SGD,IDR,buy,11019.34
2023-05-08,SGD,IDR,sell,11134.29
2023-05-08,THB,IDR,buy,432.61
2023-05-08,THB,IDR,sell,437.22
2023-05-08,USD,IDR,buy,14600.63
2023-05-08,USD,IDR,sell,14747.37
2023-05-08,VND,IDR,buy,0.62
2023-05-08,VND,IDR,sell,0.63
2023-05-09,AUD,IDR,buy,9931.62
2023-05-09,AUD,IDR,sell,10032.92
2023-05-09,BND,IDR,buy,11049.79
2023-05-09,BND,IDR,sell,11166.75
2023-05-09,CAD,IDR,buy,10959.6
2023-05-09,CAD,IDR,sell,11070.58
2023-05-09,CHF,IDR,buy,16498.08
2023-05-09,CHF,IDR,sell,16671.42
2023-05-09,CNH,IDR,buy,2114.83
2023-05-09,CNH,IDR,sell,2136.7
2023-05-09,CNY,IDR,buy,2116.57
2023-05-09,CNY,IDR,sell,2138
2023-05-09,DKK,IDR,buy,2171.37
2023-05-09,DKK,IDR,sell,2193.39
2023-05-09,EUR,IDR,buy,16175.1
2023-05-09,EUR,IDR,sell,16339.15
2023-05-09,GBP,IDR,buy,18500.67
2023-05-09,GBP,IDR,sell,18688.1
2023-05-09,HKD,IDR,buy,1864.79
2023-05-09,HKD,IDR,sell,1883.61
2023-05-09,JPY,IDR,buy,108.4027
2023-05-09,JPY,IDR,sell,109.5166
2023-05-09,KRW,IDR,buy,11.07
2023-05-09,KRW,IDR,sell,11.19
2023-05-09,KWD,IDR,buy,47737.78
2023-05-09,KWD,IDR,sell,48271.13
2023-05-09,LAK,IDR,buy,0.84
2023-05-09,LAK,IDR,sell,0.85
2023-05-09,MYR,IDR,buy,3296.27
2023-05-09,MYR,IDR,sell,3331.65
2023-05-09,NOK,IDR,buy,1393
2023-05-09,NOK,IDR,sell,1407.37
2023-05-09,NZD,IDR,buy,9252.53
2023-05-09,NZD,IDR,sell,9347.01
2023-05-09,PGK,IDR,buy,4024.75
2023-05-09,PGK,IDR,sell,4331.29
2023-05-09,PHP,IDR,buy,264.78
2023-05-09,PHP,IDR,sell,267.61
2023-05-09,SAR,IDR,buy,3902.27
2023-05-09,SAR,IDR,sell,3941.7
2023-05-09,SEK,IDR,buy,1441.82
2023-05-09,SEK,IDR,sell,1456.74
2023-05-09,SGD,IDR,buy,11049.79
2023-05-09,SGD,IDR,sell,11166.75
2023-05-09,THB,IDR,buy,431.98
2023-05-09,THB,IDR,sell,436.58
2023-05-09,USD,IDR,buy,14635.45
2023-05-09,USD,IDR,sell,14782.55
2023-05-09,VND,IDR,buy,0.62
2023-05-09,VND,IDR,sell,0.63
2023-05-10,AUD,IDR,buy,9924.39
2023-05-10,AUD,IDR,sell,10025.61
2023-05-10,BND,IDR,buy,11074.15
2023-05-10,BND,IDR,sell,11186.29
2023-05-10,CAD,IDR,buy,10973.19
2023-05-10,CAD,IDR,sell,11084.29
2023-05-10,CHF,IDR,buy,16448.1
2023-05-10,CHF,IDR,sell,16618.98
2023-05-10,CNH,IDR,buy,2118.27
2023-05-10,CNH,IDR,sell,2139.65
2023-05-10,CNY,IDR,buy,2119.71
2023-05-10,CNY,IDR,sell,2141.2
2023-05-10,DKK,IDR,buy,2164.45
2023-05-10,DKK,IDR,sell,2186.4
2023-05-10,EUR,IDR,buy,16116.3
2023-05-10,EUR,IDR,sell,16284.2
2023-05-10,GBP,IDR,buy,18503.79
2023-05-10,GBP,IDR,sell,18692.72
2023-05-10,HKD,IDR,buy,1870.9
2023-05-10,HKD,IDR,sell,1889.73
2023-05-10,JPY,IDR,buy,108.8775
2023-05-10,JPY,IDR,sell,109.9798
2023-05-10,KRW,IDR,buy,11.08
2023-05-10,KRW,IDR,sell,11.2
2023-05-10,KWD,IDR,buy,47893.6
2023-05-10,KWD,IDR,sell,48390.69
2023-05-10,LAK,IDR,buy,0.84
2023-05-10,LAK,IDR,sell,0.86
2023-05-10,MYR,IDR,buy,3303.31
2023-05-10,MYR,IDR,sell,3340.27
2023-05-10,NOK,IDR,buy,1392.17
2023-05-10,NOK,IDR,sell,1406.55
2023-05-10,NZD,IDR,buy,9294.48
2023-05-10,NZD,IDR,sell,9393.82
2023-05-10,PGK,IDR,buy,4037.89
2023-05-10,PGK,IDR,sell,4345.42
2023-05-10,PHP,IDR,buy,263.19
2023-05-10,PHP,IDR,sell,265.98
2023-05-10,SAR,IDR,buy,3915.21
2023-05-10,SAR,IDR,sell,3954.77
2023-05-10,SEK,IDR,buy,1442.27
2023-05-10,SEK,IDR,sell,1457.14
2023-05-10,SGD,IDR,buy,11074.15
2023-05-10,SGD,IDR,sell,11186.29
2023-05-10,THB,IDR,buy,435.19
2023-05-10,THB,IDR,sell,439.82
2023-05-10,USD,IDR,buy,14683.22
2023-05-10,USD,IDR,sell,14830.78
2023-05-10,VND,IDR,buy,0.63
2023-05-10,VND,IDR,sell,0.63
2023-05-11,AUD,IDR,buy,9909.65
2023-05-11,AUD,IDR,sell,10012.21
2023-05-11,BND,IDR,buy,11047.56
2023-05-11,BND,IDR,sell,11160.28
2023-05-11,CAD,IDR,buy,10954.36
2023-05-11,CAD,IDR,sell,11065.28
2023-05-11,CHF,IDR,buy,16480.14
2023-05-11,CHF,IDR,sell,16653.25
2023-05-11,CNH,IDR,buy,2116.57
2023-05-11,CNH,IDR,sell,2137.93
2023-05-11,CNY,IDR,buy,2117.67
2023-05-11,CNY,IDR,sell,2138.98
2023-05-11,DKK,IDR,buy,2159.43
2023-05-11,DKK,IDR,sell,2181.36
2023-05-11,EUR,IDR,buy,16077.87
2023-05-11,EUR,IDR,sell,16242.42
2023-05-11,GBP,IDR,buy,18512
2023-05-11,GBP,IDR,sell,18699.54
2023-05-11,HKD,IDR,buy,1873.35
2023-05-11,HKD,IDR,sell,1892.2
2023-05-11,JPY,IDR,buy,108.4826
2023-05-11,JPY,IDR,sell,109.5891
2023-05-11,KRW,IDR,buy,11.07
2023-05-11,KRW,IDR,sell,11.19
2023-05-11,KWD,IDR,buy,47836.04
2023-05-11,KWD,IDR,sell,48367.27
2023-05-11,LAK,IDR,buy,0.83
2023-05-11,LAK,IDR,sell,0.85
2023-05-11,MYR,IDR,buy,3291.22
2023-05-11,MYR,IDR,sell,3328.03
2023-05-11,NOK,IDR,buy,1391.81
2023-05-11,NOK,IDR,sell,1406.19
2023-05-11,NZD,IDR,buy,9289.01
2023-05-11,NZD,IDR,sell,9388.3
2023-05-11,PGK,IDR,buy,4042.21
2023-05-11,PGK,IDR,sell,4305.13
2023-05-11,PHP,IDR,buy,263.51
2023-05-11,PHP,IDR,sell,266.3
2023-05-11,SAR,IDR,buy,3911.98
2023-05-11,SAR,IDR,sell,3951.61
2023-05-11,SEK,IDR,buy,1436.73
2023-05-11,SEK,IDR,sell,1451.58
2023-05-11,SGD,IDR,buy,11047.56
2023-05-11,SGD,IDR,sell,11160.28
2023-05-11,THB,IDR,buy,434.99
2023-05-11,THB,IDR,sell,439.62
2023-05-11,USD,IDR,buy,14672.27
2023-05-11,USD,IDR,sell,14819.73
2023-05-11,VND,IDR,buy,0.63
2023-05-11,VND,IDR,sell,0.63
2023-05-12,AUD,IDR,buy,9864.23
2023-05-12,AUD,IDR,sell,9964.84
2023-05-12,BND,IDR,buy,11028.75
2023-05-12,BND,IDR,sell,11141.27
2023-05-12,CAD,IDR,buy,10924.3
2023-05-12,CAD,IDR,sell,11037.38
2023-05-12,CHF,IDR,buy,16387.06
2023-05-12,CHF,IDR,sell,16559.16
2023-05-12,CNH,IDR,buy,2108.8
2023-05-12,CNH,IDR,sell,2130.15
2023-05-12,CNY,IDR,buy,2111.24
2023-05-12,CNY,IDR,sell,2132.55
2023-05-12,DKK,IDR,buy,2150.25
2023-05-12,DKK,IDR,sell,2172.18
2023-05-12,EUR,IDR,buy,16013.62
2023-05-12,EUR,IDR,sell,16180.48
2023-05-12,GBP,IDR,buy,18414.49
2023-05-12,GBP,IDR,sell,18605.48
2023-05-12,HKD,IDR,buy,1869.85
2023-05-12,HKD,IDR,sell,1888.71
2023-05-12,JPY,IDR,buy,108.7725
2023-05-12,JPY,IDR,sell,109.8902
2023-05-12,KRW,IDR,buy,11.03
2023-05-12,KRW,IDR,sell,11.14
2023-05-12,KWD,IDR,buy,47767.53
2023-05-12,KWD,IDR,sell,48263.34
2023-05-12,LAK,IDR,buy,0.83
2023-05-12,LAK,IDR,sell,0.85
2023-05-12,MYR,IDR,buy,3280.71
2023-05-12,MYR,IDR,sell,3317.4
2023-05-12,NOK,IDR,buy,1387.55
2023-05-12,NOK,IDR,sell,1401.9
2023-05-12,NZD,IDR,buy,9279.76
2023-05-12,NZD,IDR,sell,9378.94
2023-05-12,PGK,IDR,buy,4035.63
2023-05-12,PGK,IDR,sell,4298.12
2023-05-12,PHP,IDR,buy,262.63
2023-05-12,PHP,IDR,sell,265.37
2023-05-12,SAR,IDR,buy,3905.72
2023-05-12,SAR,IDR,sell,3945.08
2023-05-12,SEK,IDR,buy,1427
2023-05-12,SEK,IDR,sell,1441.76
2023-05-12,SGD,IDR,buy,11028.75
2023-05-12,SGD,IDR,sell,11141.27
2023-05-12,THB,IDR,buy,433.77
2023-05-12,THB,IDR,sell,438.26
2023-05-12,USD,IDR,buy,14648.39
2023-05-12,USD,IDR,sell,14795.61
2023-05-12,VND,IDR,buy,0.62
2023-05-12,VND,IDR,sell,0.63
2023-05-15,AUD,IDR,buy,9813.87
2023-05-15,AUD,IDR,sell,9915.47
2023-05-15,BND,IDR,buy,11006.48
2023-05-15,BND,IDR,sell,11121.27
2023-05-15,CAD,IDR,buy,10874.38
2023-05-15,CAD,IDR,sell,10986.93
2023-05-15,CHF,IDR,buy,16446.21
2023-05-15,CHF,IDR,sell,16618.94
2023-05-15,CNH,IDR,buy,2109.7
2023-05-15,CNH,IDR,sell,2131.03
2023-05-15,CNY,IDR,buy,2112.52
2023-05-15,CNY,IDR,sell,2133.94
2023-05-15,DKK,IDR,buy,2149.84
2023-05-15,DKK,IDR,sell,2171.6
2023-05-15,EUR,IDR,buy,16008.09
2023-05-15,EUR,IDR,sell,16174.9
2023-05-15,GBP,IDR,buy,18375.69
2023-05-15,GBP,IDR,sell,18561.85
2023-05-15,HKD,IDR,buy,1871.68
2023-05-15,HKD,IDR,sell,1890.56
2023-05-15,JPY,IDR,buy,108.8729
2023-05-15,JPY,IDR,sell,109.9752
2023-05-15,KRW,IDR,buy,10.99
2023-05-15,KRW,IDR,sell,11.11
2023-05-15,KWD,IDR,buy,47858.62
2023-05-15,KWD,IDR,sell,48355.38
2023-05-15,LAK,IDR,buy,0.83
2023-05-15,LAK,IDR,sell,0.85
2023-05-15,MYR,IDR,buy,3277.86
2023-05-15,MYR,IDR,sell,3314.5
2023-05-15,NOK,IDR,buy,1370.49
2023-05-15,NOK,IDR,sell,1384.64
2023-05-15,NZD,IDR,buy,9166.56
2023-05-15,NZD,IDR,sell,9264.62
2023-05-15,PGK,IDR,buy,4043.86
2023-05-15,PGK,IDR,sell,4306.88
2023-05-15,PHP,IDR,buy,263.19
2023-05-15,PHP,IDR,sell,266.03
2023-05-15,SAR,IDR,buy,3913.88
2023-05-15,SAR,IDR,sell,3953.43
2023-05-15,SEK,IDR,buy,1421.29
2023-05-15,SEK,IDR,sell,1435.94
2023-05-15,SGD,IDR,buy,11006.48
2023-05-15,SGD,IDR,sell,11121.27
2023-05-15,THB,IDR,buy,432.22
2023-05-15,THB,IDR,sell,436.82
2023-05-15,USD,IDR,buy,14678.24
2023-05-15,USD,IDR,sell,14825.76
2023-05-15,VND,IDR,buy,0.63
2023-05-15,VND,IDR,sell,0.63
2023-05-16,AUD,IDR,buy,9856.73
2023-05-16,AUD,IDR,sell,9958.77
2023-05-16,BND,IDR,buy,11021.49
2023-05-16,BND,IDR,sell,11136.43
2023-05-16,CAD,IDR,buy,10905.68
2023-05-16,CAD,IDR,sell,11018.55
2023-05-16,CHF,IDR,buy,16432.09
2023-05-16,CHF,IDR,sell,16604.64
2023-05-16,CNH,IDR,buy,2117.58
2023-05-16,CNH,IDR,sell,2138.99
2023-05-16,CNY,IDR,buy,2120.51
2023-05-16,CNY,IDR,sell,2141.94
2023-05-16,DKK,IDR,buy,2151.78
2023-05-16,DKK,IDR,sell,2173.62
2023-05-16,EUR,IDR,buy,16023.09
2023-05-16,EUR,IDR,sell,16190.08
2023-05-16,GBP,IDR,buy,18394.42
2023-05-16,GBP,IDR,sell,18580.78
2023-05-16,HKD,IDR,buy,1879.86
2023-05-16,HKD,IDR,sell,1898.78
2023-05-16,JPY,IDR,buy,108.3592
2023-05-16,JPY,IDR,sell,109.4563
2023-05-16,KRW,IDR,buy,11.02
2023-05-16,KRW,IDR,sell,11.14
2023-05-16,KWD,IDR,buy,48009.45
2023-05-16,KWD,IDR,sell,48507.76
2023-05-16,LAK,IDR,buy,0.84
2023-05-16,LAK,IDR,sell,0.85
2023-05-16,MYR,IDR,buy,3275.1
2023-05-16,MYR,IDR,sell,3312.43
2023-05-16,NOK,IDR,buy,1378.6
2023-05-16,NOK,IDR,sell,1392.9
2023-05-16,NZD,IDR,buy,9171.42
2023-05-16,NZD,IDR,sell,9266.57
2023-05-16,PGK,IDR,buy,4060.3
2023-05-16,PGK,IDR,sell,4324.4
2023-05-16,PHP,IDR,buy,262.85
2023-05-16,PHP,IDR,sell,265.59
2023-05-16,SAR,IDR,buy,3929.7
2023-05-16,SAR,IDR,sell,3969.3
2023-05-16,SEK,IDR,buy,1416.93
2023-05-16,SEK,IDR,sell,1431.46
2023-05-16,SGD,IDR,buy,11021.49
2023-05-16,SGD,IDR,sell,11136.43
2023-05-16,THB,IDR,buy,436.81
2023-05-16,THB,IDR,sell,441.46
2023-05-16,USD,IDR,buy,14737.94
2023-05-16,USD,IDR,sell,14886.06
2023-05-16,VND,IDR,buy,0.63
2023-05-16,VND,IDR,sell,0.63
2023-05-17,AUD,IDR,buy,9853.93
2023-05-17,AUD,IDR,sell,9955.94
2023-05-17,BND,IDR,buy,11026.6
2023-05-17,BND,IDR,sell,11139.09
2023-05-17,CAD,IDR,buy,10946.33
2023-05-17,CAD,IDR,sell,11059.63
2023-05-17,CHF,IDR,buy,16501.62
2023-05-17,CHF,IDR,sell,16669.34
2023-05-17,CNH,IDR,buy,2113.14
2023-05-17,CNH,IDR,sell,2134.99
2023-05-17,CNY,IDR,buy,2116.29
2023-05-17,CNY,IDR,sell,2137.65
2023-05-17,DKK,IDR,buy,2154.73
2023-05-17,DKK,IDR,sell,2176.51
2023-05-17,EUR,IDR,buy,16043.03
2023-05-17,EUR,IDR,sell,16210.22
2023-05-17,GBP,IDR,buy,18442.04
2023-05-17,GBP,IDR,sell,18633.34
2023-05-17,HKD,IDR,buy,1879.9
2023-05-17,HKD,IDR,sell,1898.86
2023-05-17,JPY,IDR,buy,108.5201
2023-05-17,JPY,IDR,sell,109.635
2023-05-17,KRW,IDR,buy,11.01
2023-05-17,KRW,IDR,sell,11.13
2023-05-17,KWD,IDR,buy,48018.61
2023-05-17,KWD,IDR,sell,48517.02
2023-05-17,LAK,IDR,buy,0.84
2023-05-17,LAK,IDR,sell,0.85
2023-05-17,MYR,IDR,buy,3271.75
2023-05-17,MYR,IDR,sell,3309.04
2023-05-17,NOK,IDR,buy,1390.49
2023-05-17,NOK,IDR,sell,1404.86
2023-05-17,NZD,IDR,buy,9205.55
2023-05-17,NZD,IDR,sell,9301.04
2023-05-17,PGK,IDR,buy,4037.65
2023-05-17,PGK,IDR,sell,4346.14
2023-05-17,PHP,IDR,buy,262.77
2023-05-17,PHP,IDR,sell,265.55
2023-05-17,SAR,IDR,buy,3929.38
2023-05-17,SAR,IDR,sell,3969.08
2023-05-17,SEK,IDR,buy,1426.75
2023-05-17,SEK,IDR,sell,1441.51
2023-05-17,SGD,IDR,buy,11026.6
2023-05-17,SGD,IDR,sell,11139.09
2023-05-17,THB,IDR,buy,434.05
2023-05-17,THB,IDR,sell,438.54
2023-05-17,USD,IDR,buy,14735.95
2023-05-17,USD,IDR,sell,14884.05
2023-05-17,VND,IDR,buy,0.63
2023-05-17,VND,IDR,sell,0.63
2023-05-19,AUD,IDR,buy,9817.26
2023-05-19,AUD,IDR,sell,9918.91
2023-05-19,BND,IDR,buy,11018.11
2023-05-19,BND,IDR,sell,11130.5
2023-05-19,CAD,IDR,buy,10942.36
2023-05-19,CAD,IDR,sell,11053.15
2023-05-19,CHF,IDR,buy,16472.6
2023-05-19,CHF,IDR,sell,16645.56
2023-05-19,CNH,IDR,buy,2109.1
2023-05-19,CNH,IDR,sell,2130.91
2023-05-19,CNY,IDR,buy,2114.38
2023-05-19,CNY,IDR,sell,2135.93
2023-05-19,DKK,IDR,buy,2153.04
2023-05-19,DKK,IDR,sell,2174.99
2023-05-19,EUR,IDR,buy,16033.52
2023-05-19,EUR,IDR,sell,16200.64
2023-05-19,GBP,IDR,buy,18389.78
2023-05-19,GBP,IDR,sell,18580.58
2023-05-19,HKD,IDR,buy,1889.18
2023-05-19,HKD,IDR,sell,1908.24
2023-05-19,JPY,IDR,buy,108.0496
2023-05-19,JPY,IDR,sell,109.1594
2023-05-19,KRW,IDR,buy,11.05
2023-05-19,KRW,IDR,sell,11.16
2023-05-19,KWD,IDR,buy,48191.68
2023-05-19,KWD,IDR,sell,48691.88
2023-05-19,LAK,IDR,buy,0.84
2023-05-19,LAK,IDR,sell,0.85
2023-05-19,MYR,IDR,buy,3269.41
2023-05-19,MYR,IDR,sell,3305.92
2023-05-19,NOK,IDR,buy,1371.46
2023-05-19,NOK,IDR,sell,1385.63
2023-05-19,NZD,IDR,buy,9226.71
2023-05-19,NZD,IDR,sell,9325.42
2023-05-19,PGK,IDR,buy,4077.57
2023-05-19,PGK,IDR,sell,4342.79
2023-05-19,PHP,IDR,buy,263.36
2023-05-19,PHP,IDR,sell,266.15
2023-05-19,SAR,IDR,buy,3946.52
2023-05-19,SAR,IDR,sell,3986.4
2023-05-19,SEK,IDR,buy,1417.98
2023-05-19,SEK,IDR,sell,1432.65
2023-05-19,SGD,IDR,buy,11018.11
2023-05-19,SGD,IDR,sell,11130.5
2023-05-19,THB,IDR,buy,432.26
2023-05-19,THB,IDR,sell,436.73
2023-05-19,USD,IDR,buy,14800.63
2023-05-19,USD,IDR,sell,14949.38
2023-05-19,VND,IDR,buy,0.63
2023-05-19,VND,IDR,sell,0.64
2023-05-22,AUD,IDR,buy,9878.32
2023-05-22,AUD,IDR,sell,9980.6
2023-05-22,BND,IDR,buy,11032.08
2023-05-22,BND,IDR,sell,11147.1
2023-05-22,CAD,IDR,buy,11018.18
2023-05-22,CAD,IDR,sell,11129.74
2023-05-22,CHF,IDR,buy,16448.61
2023-05-22,CHF,IDR,sell,16621.28
2023-05-22,CNH,IDR,buy,2112
2023-05-22,CNH,IDR,sell,2133.35
2023-05-22,CNY,IDR,buy,2115.94
2023-05-22,CNY,IDR,sell,2137.57
2023-05-22,DKK,IDR,buy,2149.76
2023-05-22,DKK,IDR,sell,2171.56
2023-05-22,EUR,IDR,buy,16010.1
2023-05-22,EUR,IDR,sell,16177.01
2023-05-22,GBP,IDR,buy,18429.52
2023-05-22,GBP,IDR,sell,18620.75
2023-05-22,HKD,IDR,buy,1902.3
2023-05-22,HKD,IDR,sell,1921.44
2023-05-22,JPY,IDR,buy,107.5738
2023-05-22,JPY,IDR,sell,108.6628
2023-05-22,KRW,IDR,buy,11.2
2023-05-22,KRW,IDR,sell,11.32
2023-05-22,KWD,IDR,buy,48351.51
2023-05-22,KWD,IDR,sell,48853.35
2023-05-22,LAK,IDR,buy,0.84
2023-05-22,LAK,IDR,sell,0.85
2023-05-22,MYR,IDR,buy,3266.94
2023-05-22,MYR,IDR,sell,3302.68
2023-05-22,NOK,IDR,buy,1367.79
2023-05-22,NOK,IDR,sell,1381.98
2023-05-22,NZD,IDR,buy,9300.21
2023-05-22,NZD,IDR,sell,9399.69
2023-05-22,PGK,IDR,buy,4072
2023-05-22,PGK,IDR,sell,4383.12
2023-05-22,PHP,IDR,buy,266.86
2023-05-22,PHP,IDR,sell,269.69
2023-05-22,SAR,IDR,buy,3962.6
2023-05-22,SAR,IDR,sell,4002.63
2023-05-22,SEK,IDR,buy,1408.4
2023-05-22,SEK,IDR,sell,1422.95
2023-05-22,SGD,IDR,buy,11032.08
2023-05-22,SGD,IDR,sell,11147.1
2023-05-22,THB,IDR,buy,431.01
2023-05-22,THB,IDR,sell,435.6
2023-05-22,USD,IDR,buy,14861.32
2023-05-22,USD,IDR,sell,15010.68
2023-05-22,VND,IDR,buy,0.63
2023-05-22,VND,IDR,sell,0.64
2023-05-23,AUD,IDR,buy,9831.77
2023-05-23,AUD,IDR,sell,9933.58
2023-05-23,BND,IDR,buy,11018
2023-05-23,BND,IDR,sell,11129.56
2023-05-23,CAD,IDR,buy,10980.45
2023-05-23,CAD,IDR,sell,11094.1
2023-05-23,CHF,IDR,buy,16511.65
2023-05-23,CHF,IDR,sell,16685.04
2023-05-23,CNH,IDR,buy,2104.87
2023-05-23,CNH,IDR,sell,2126.33
2023-05-23,CNY,IDR,buy,2108.32
2023-05-23,CNY,IDR,sell,2129.72
2023-05-23,DKK,IDR,buy,2150.34
2023-05-23,DKK,IDR,sell,2172.27
2023-05-23,EUR,IDR,buy,16015.72
2023-05-23,EUR,IDR,sell,16182.68
2023-05-23,GBP,IDR,buy,18425.86
2023-05-23,GBP,IDR,sell,18617.05
2023-05-23,HKD,IDR,buy,1895.46
2023-05-23,HKD,IDR,sell,1914.54
2023-05-23,JPY,IDR,buy,107.5186
2023-05-23,JPY,IDR,sell,108.6308
2023-05-23,KRW,IDR,buy,11.25
2023-05-23,KRW,IDR,sell,11.37
2023-05-23,KWD,IDR,buy,48259.78
2023-05-23,KWD,IDR,sell,48760.72
2023-05-23,LAK,IDR,buy,0.84
2023-05-23,LAK,IDR,sell,0.85
2023-05-23,MYR,IDR,buy,3255.55
2023-05-23,MYR,IDR,sell,3292.25
2023-05-23,NOK,IDR,buy,1360.79
2023-05-23,NOK,IDR,sell,1374.84
2023-05-23,NZD,IDR,buy,9287.78
2023-05-23,NZD,IDR,sell,9387.12
2023-05-23,PGK,IDR,buy,4061.37
2023-05-23,PGK,IDR,sell,4371.68
2023-05-23,PHP,IDR,buy,265.4
2023-05-23,PHP,IDR,sell,268.26
2023-05-23,SAR,IDR,buy,3952.04
2023-05-23,SAR,IDR,sell,3992.5
2023-05-23,SEK,IDR,buy,1408.76
2023-05-23,SEK,IDR,sell,1423.32
2023-05-23,SGD,IDR,buy,11018
2023-05-23,SGD,IDR,sell,11129.56
2023-05-23,THB,IDR,buy,429.76
2023-05-23,THB,IDR,sell,434.33
2023-05-23,USD,IDR,buy,14822.51
2023-05-23,USD,IDR,sell,14971.49
2023-05-23,VND,IDR,buy,0.63
2023-05-23,VND,IDR,sell,0.64
2023-05-24,AUD,IDR,buy,9810.35
2023-05-24,AUD,IDR,sell,9910.44
2023-05-24,BND,IDR,buy,11003.95
2023-05-24,BND,IDR,sell,11116.19
2023-05-24,CAD,IDR,buy,10938.9
2023-05-24,CAD,IDR,sell,11052.1
2023-05-24,CHF,IDR,buy,16452.11
2023-05-24,CHF,IDR,sell,16624.85
2023-05-24,CNH,IDR,buy,2095.7
2023-05-24,CNH,IDR,sell,2116.82
2023-05-24,CNY,IDR,buy,2099.45
2023-05-24,CNY,IDR,sell,2120.61
2023-05-24,DKK,IDR,buy,2146.91
2023-05-24,DKK,IDR,sell,2168.8
2023-05-24,EUR,IDR,buy,15990.86
2023-05-24,EUR,IDR,sell,16154.56
2023-05-24,GBP,IDR,buy,18365.36
2023-05-24,GBP,IDR,sell,18551.43
2023-05-24,HKD,IDR,buy,1889.98
2023-05-24,HKD,IDR,sell,1909.02
2023-05-24,JPY,IDR,buy,106.9239
2023-05-24,JPY,IDR,sell,108.0219
2023-05-24,KRW,IDR,buy,11.24
2023-05-24,KRW,IDR,sell,11.36
2023-05-24,KWD,IDR,buy,48174.72
2023-05-24,KWD,IDR,sell,48674.73
2023-05-24,LAK,IDR,buy,0.84
2023-05-24,LAK,IDR,sell,0.85
2023-05-24,MYR,IDR,buy,3239.3
2023-05-24,MYR,IDR,sell,3276.88
2023-05-24,NOK,IDR,buy,1351.73
2023-05-24,NOK,IDR,sell,1365.66
2023-05-24,NZD,IDR,buy,9271.5
2023-05-24,NZD,IDR,sell,9370.66
2023-05-24,PGK,IDR,buy,4056.19
2023-05-24,PGK,IDR,sell,4366.1
2023-05-24,PHP,IDR,buy,265.56
2023-05-24,PHP,IDR,sell,268.3
2023-05-24,SAR,IDR,buy,3947.42
2023-05-24,SAR,IDR,sell,3987.3
2023-05-24,SEK,IDR,buy,1400.11
2023-05-24,SEK,IDR,sell,1414.58
2023-05-24,SGD,IDR,buy,11003.95
2023-05-24,SGD,IDR,sell,11116.19
2023-05-24,THB,IDR,buy,426.62
2023-05-24,THB,IDR,sell,431.03
2023-05-24,USD,IDR,buy,14803.61
2023-05-24,USD,IDR,sell,14952.39
2023-05-24,VND,IDR,buy,0.63
2023-05-24,VND,IDR,sell,0.64
2023-05-25,AUD,IDR,buy,9742.14
2023-05-25,AUD,IDR,sell,9843.04
2023-05-25,BND,IDR,buy,11003.47
2023-05-25,BND,IDR,sell,11118.18
2023-05-25,CAD,IDR,buy,10945.81
2023-05-25,CAD,IDR,sell,11059.08
2023-05-25,CHF,IDR,buy,16447.24
2023-05-25,CHF,IDR,sell,16619.9
2023-05-25,CNH,IDR,buy,2100.72
2023-05-25,CNH,IDR,sell,2122.05
2023-05-25,CNY,IDR,buy,2103.11
2023-05-25,CNY,IDR,sell,2124.42
2023-05-25,DKK,IDR,buy,2146.67
2023-05-25,DKK,IDR,sell,2168.56
2023-05-25,EUR,IDR,buy,15985.77
2023-05-25,EUR,IDR,sell,16152.42
2023-05-25,GBP,IDR,buy,18400.18
2023-05-25,GBP,IDR,sell,18589.58
2023-05-25,HKD,IDR,buy,1893.21
2023-05-25,HKD,IDR,sell,1912.26
2023-05-25,JPY,IDR,buy,106.9634
2023-05-25,JPY,IDR,sell,108.0618
2023-05-25,KRW,IDR,buy,11.25
2023-05-25,KRW,IDR,sell,11.37
2023-05-25,KWD,IDR,buy,48241.75
2023-05-25,KWD,IDR,sell,48770.98
2023-05-25,LAK,IDR,buy,0.84
2023-05-25,LAK,IDR,sell,0.85
2023-05-25,MYR,IDR,buy,3229.63
2023-05-25,MYR,IDR,sell,3266.36
2023-05-25,NOK,IDR,buy,1349.88
2023-05-25,NOK,IDR,sell,1363.94
2023-05-25,NZD,IDR,buy,9094.05
2023-05-25,NZD,IDR,sell,9191.43
2023-05-25,PGK,IDR,buy,4063.55
2023-05-25,PGK,IDR,sell,4374.02
2023-05-25,PHP,IDR,buy,265.83
2023-05-25,PHP,IDR,sell,268.59
2023-05-25,SAR,IDR,buy,3954.27
2023-05-25,SAR,IDR,sell,3994.22
2023-05-25,SEK,IDR,buy,1390.57
2023-05-25,SEK,IDR,sell,1405.02
2023-05-25,SGD,IDR,buy,11003.47
2023-05-25,SGD,IDR,sell,11118.18
2023-05-25,THB,IDR,buy,428.87
2023-05-25,THB,IDR,sell,433.44
2023-05-25,USD,IDR,buy,14830.48
2023-05-25,USD,IDR,sell,14979.52
2023-05-25,VND,IDR,buy,0.63
2023-05-25,VND,IDR,sell,0.64
2023-05-26,AUD,IDR,buy,9714.84
2023-05-26,AUD,IDR,sell,9815.48
2023-05-26,BND,IDR,buy,10995.74
2023-05-26,BND,IDR,sell,11107.07
2023-05-26,CAD,IDR,buy,10939.95
2023-05-26,CAD,IDR,sell,11053.15
2023-05-26,CHF,IDR,buy,16431.68
2023-05-26,CHF,IDR,sell,16604.15
2023-05-26,CNH,IDR,buy,2100.5
2023-05-26,CNH,IDR,sell,2121.85
2023-05-26,CNY,IDR,buy,2104.66
2023-05-26,CNY,IDR,sell,2126
2023-05-26,DKK,IDR,buy,2140.89
2023-05-26,DKK,IDR,sell,2162.59
2023-05-26,EUR,IDR,buy,15948.4
2023-05-26,EUR,IDR,sell,16114.7
2023-05-26,GBP,IDR,buy,18379.34
2023-05-26,GBP,IDR,sell,18570.07
2023-05-26,HKD,IDR,buy,1899.25
2023-05-26,HKD,IDR,sell,1918.42
2023-05-26,JPY,IDR,buy,106.7081
2023-05-26,JPY,IDR,sell,107.8037
2023-05-26,KRW,IDR,buy,11.2
2023-05-26,KRW,IDR,sell,11.32
2023-05-26,KWD,IDR,buy,48376.55
2023-05-26,KWD,IDR,sell,48878.64
2023-05-26,LAK,IDR,buy,0.84
2023-05-26,LAK,IDR,sell,0.85
2023-05-26,MYR,IDR,buy,3214.62
2023-05-26,MYR,IDR,sell,3250.43
2023-05-26,NOK,IDR,buy,1353.61
2023-05-26,NOK,IDR,sell,1367.59
2023-05-26,NZD,IDR,buy,9052.8
2023-05-26,NZD,IDR,sell,9149.79
2023-05-26,PGK,IDR,buy,4083.8
2023-05-26,PGK,IDR,sell,4380.3
2023-05-26,PHP,IDR,buy,265.24
2023-05-26,PHP,IDR,sell,268
2023-05-26,SAR,IDR,buy,3966.74
2023-05-26,SAR,IDR,sell,4006.82
2023-05-26,SEK,IDR,buy,1383.25
2023-05-26,SEK,IDR,sell,1397.55
2023-05-26,SGD,IDR,buy,10995.74
2023-05-26,SGD,IDR,sell,11107.07
2023-05-26,THB,IDR,buy,429.23
2023-05-26,THB,IDR,sell,433.8
2023-05-26,USD,IDR,buy,14877.24
2023-05-26,USD,IDR,sell,15026.76
2023-05-26,VND,IDR,buy,0.63
2023-05-26,VND,IDR,sell,0.64
2023-05-29,AUD,IDR,buy,9701.52
2023-05-29,AUD,IDR,sell,9802.04
2023-05-29,BND,IDR,buy,11014.73
2023-05-29,BND,IDR,sell,11129.55
2023-05-29,CAD,IDR,buy,10924.18
2023-05-29,CAD,IDR,sell,11034.79
2023-05-29,CHF,IDR,buy,16481.23
2023-05-29,CHF,IDR,sell,16654.26
2023-05-29,CNH,IDR,buy,2108.69
2023-05-29,CNH,IDR,sell,2130.04
2023-05-29,CNY,IDR,buy,2112.22
2023-05-29,CNY,IDR,sell,2133.73
2023-05-29,DKK,IDR,buy,2145.78
2023-05-29,DKK,IDR,sell,2167.5
2023-05-29,EUR,IDR,buy,15984.14
2023-05-29,EUR,IDR,sell,16149.31
2023-05-29,GBP,IDR,buy,18381.99
2023-05-29,GBP,IDR,sell,18568.25
2023-05-29,HKD,IDR,buy,1900.17
2023-05-29,HKD,IDR,sell,1919.39
2023-05-29,JPY,IDR,buy,106.6585
2023-05-29,JPY,IDR,sell,107.7383
2023-05-29,KRW,IDR,buy,11.22
2023-05-29,KRW,IDR,sell,11.34
2023-05-29,KWD,IDR,buy,48383.45
2023-05-29,KWD,IDR,sell,48925.41
2023-05-29,LAK,IDR,buy,0.84
2023-05-29,LAK,IDR,sell,0.85
2023-05-29,MYR,IDR,buy,3225.18
2023-05-29,MYR,IDR,sell,3264.67
2023-05-29,NOK,IDR,buy,1349.34
2023-05-29,NOK,IDR,sell,1363.33
2023-05-29,NZD,IDR,buy,9031.73
2023-05-29,NZD,IDR,sell,9124.01
2023-05-29,PGK,IDR,buy,4085.71
2023-05-29,PGK,IDR,sell,4352.29
2023-05-29,PHP,IDR,buy,266.72
2023-05-29,PHP,IDR,sell,269.59
2023-05-29,SAR,IDR,buy,3968.27
2023-05-29,SAR,IDR,sell,4008.8
2023-05-29,SEK,IDR,buy,1382.92
2023-05-29,SEK,IDR,sell,1397.19
2023-05-29,SGD,IDR,buy,11014.73
2023-05-29,SGD,IDR,sell,11129.55
2023-05-29,THB,IDR,buy,429.56
2023-05-29,THB,IDR,sell,434.13
2023-05-29,USD,IDR,buy,14884.2
2023-05-29,USD,IDR,sell,15033.8
2023-05-29,VND,IDR,buy,0.63
2023-05-29,VND,IDR,sell,0.64
2023-05-30,AUD,IDR,buy,9734.44
2023-05-30,AUD,IDR,sell,9835.28
2023-05-30,BND,IDR,buy,11011.19
2023-05-30,BND,IDR,sell,11125.96
2023-05-30,CAD,IDR,buy,10955.32
2023-05-30,CAD,IDR,sell,11068.67
2023-05-30,CHF,IDR,buy,16471.13
2023-05-30,CHF,IDR,sell,16644.02
2023-05-30,CNH,IDR,buy,2102.39
2023-05-30,CNH,IDR,sell,2123.69
2023-05-30,CNY,IDR,buy,2105.65
2023-05-30,CNY,IDR,sell,2127
2023-05-30,DKK,IDR,buy,2145.65
2023-05-30,DKK,IDR,sell,2167.37
2023-05-30,EUR,IDR,buy,15981.23
2023-05-30,EUR,IDR,sell,16147.86
2023-05-30,GBP,IDR,buy,18388.77
2023-05-30,GBP,IDR,sell,18576.58
2023-05-30,HKD,IDR,buy,1902.31
2023-05-30,HKD,IDR,sell,1921.6
2023-05-30,JPY,IDR,buy,106.0743
2023-05-30,JPY,IDR,sell,107.148
2023-05-30,KRW,IDR,buy,11.25
2023-05-30,KRW,IDR,sell,11.37
2023-05-30,KWD,IDR,buy,48419.32
2023-05-30,KWD,IDR,sell,48921.81
2023-05-30,LAK,IDR,buy,0.84
2023-05-30,LAK,IDR,sell,0.85
2023-05-30,MYR,IDR,buy,3230.3
2023-05-30,MYR,IDR,sell,3267.01
2023-05-30,NOK,IDR,buy,1341.55
2023-05-30,NOK,IDR,sell,1355.44
2023-05-30,NZD,IDR,buy,9023.8
2023-05-30,NZD,IDR,sell,9115.99
2023-05-30,PGK,IDR,buy,4089.54
2023-05-30,PGK,IDR,sell,4243.5
2023-05-30,PHP,IDR,buy,265.33
2023-05-30,PHP,IDR,sell,268.14
2023-05-30,SAR,IDR,buy,3971.99
2023-05-30,SAR,IDR,sell,4012.55
2023-05-30,SEK,IDR,buy,1377.01
2023-05-30,SEK,IDR,sell,1391.3
2023-05-30,SGD,IDR,buy,11011.19
2023-05-30,SGD,IDR,sell,11125.96
2023-05-30,THB,IDR,buy,428.72
2023-05-30,THB,IDR,sell,433.28
2023-05-30,USD,IDR,buy,14898.14
2023-05-30,USD,IDR,sell,15047.86
2023-05-30,VND,IDR,buy,0.63
2023-05-30,VND,IDR,sell,0.64
2023-05-31,AUD,IDR,buy,9730.35
2023-05-31,AUD,IDR,sell,9831.15
2023-05-31,BND,IDR,buy,10996.87
2023-05-31,BND,IDR,sell,11108.2
2023-05-31,CAD,IDR,buy,10962.87
2023-05-31,CAD,IDR,sell,11076.31
2023-05-31,CHF,IDR,buy,16426.78
2023-05-31,CHF,IDR,sell,16599.18
2023-05-31,CNH,IDR,buy,2097
2023-05-31,CNH,IDR,sell,2118.22
2023-05-31,CNY,IDR,buy,2100.14
2023-05-31,CNY,IDR,sell,2121.45
2023-05-31,DKK,IDR,buy,2137.69
2023-05-31,DKK,IDR,sell,2159.49
2023-05-31,EUR,IDR,buy,15920.37
2023-05-31,EUR,IDR,sell,16086.38
2023-05-31,GBP,IDR,buy,18403.22
2023-05-31,GBP,IDR,sell,18594.19
2023-05-31,HKD,IDR,buy,1901.61
2023-05-31,HKD,IDR,sell,1920.74
2023-05-31,JPY,IDR,buy,106.1821
2023-05-31,JPY,IDR,sell,107.2721
2023-05-31,KRW,IDR,buy,11.24
2023-05-31,KRW,IDR,sell,11.36
2023-05-31,KWD,IDR,buy,48374.94
2023-05-31,KWD,IDR,sell,48929.42
2023-05-31,LAK,IDR,buy,0.84
2023-05-31,LAK,IDR,sell,0.85
2023-05-31,MYR,IDR,buy,3227.34
2023-05-31,MYR,IDR,sell,3263.31
2023-05-31,NOK,IDR,buy,1337.59
2023-05-31,NOK,IDR,sell,1351.43
2023-05-31,NZD,IDR,buy,9006.5
2023-05-31,NZD,IDR,sell,9103.03
2023-05-31,PGK,IDR,buy,4088.45
2023-05-31,PGK,IDR,sell,4242.36
2023-05-31,PHP,IDR,buy,264.08
2023-05-31,PHP,IDR,sell,266.97
2023-05-31,SAR,IDR,buy,3971.25
2023-05-31,SAR,IDR,sell,4011.37
2023-05-31,SEK,IDR,buy,1372.18
2023-05-31,SEK,IDR,sell,1386.31
2023-05-31,SGD,IDR,buy,10996.87
2023-05-31,SGD,IDR,sell,11108.2
2023-05-31,THB,IDR,buy,427.26
2023-05-31,THB,IDR,sell,432.05
2023-05-31,USD,IDR,buy,14894.16
2023-05-31,USD,IDR,sell,15043.84
2023-05-31,VND,IDR,buy,0.63
2023-05-31,VND,IDR,sell,0.64
2023-06-05,AUD,IDR,buy,9665.87
2023-06-05,AUD,IDR,sell,9766.03
2023-06-05,BND,IDR,buy,11016.97
2023-06-05,BND,IDR,sell,11131.79
2023-06-05,CAD,IDR,buy,10937.86
2023-06-05,CAD,IDR,sell,11048.59
2023-06-05,CHF,IDR,buy,16372
2023-06-05,CHF,IDR,sell,16543.79
2023-06-05,CNH,IDR,buy,2095.24
2023-06-05,CNH,IDR,sell,2116.45
2023-06-05,CNY,IDR,buy,2099.9
2023-06-05,CNY,IDR,sell,2121.15
2023-06-05,DKK,IDR,buy,2139.39
2023-06-05,DKK,IDR,sell,2161.01
2023-06-05,EUR,IDR,buy,15932.64
2023-06-05,EUR,IDR,sell,16098.79
2023-06-05,GBP,IDR,buy,18452.49
2023-06-05,GBP,IDR,sell,18639.44
2023-06-05,HKD,IDR,buy,1905.81
2023-06-05,HKD,IDR,sell,1925.01
2023-06-05,JPY,IDR,buy,106.8116
2023-06-05,JPY,IDR,sell,107.8927
2023-06-05,KRW,IDR,buy,11.25
2023-06-05,KRW,IDR,sell,11.37
2023-06-05,KWD,IDR,buy,48519.49
2023-06-05,KWD,IDR,sell,49023.02
2023-06-05,LAK,IDR,buy,0.84
2023-06-05,LAK,IDR,sell,0.85
2023-06-05,MYR,IDR,buy,3226.28
2023-06-05,MYR,IDR,sell,3263.64
2023-06-05,NOK,IDR,buy,1322.71
2023-06-05,NOK,IDR,sell,1336.94
2023-06-05,NZD,IDR,buy,8944.85
2023-06-05,NZD,IDR,sell,9040.77
2023-06-05,PGK,IDR,buy,4097.73
2023-06-05,PGK,IDR,sell,4252
2023-06-05,PHP,IDR,buy,265.76
2023-06-05,PHP,IDR,sell,268.53
2023-06-05,SAR,IDR,buy,3980.16
2023-06-05,SAR,IDR,sell,4020.37
2023-06-05,SEK,IDR,buy,1364.89
2023-06-05,SEK,IDR,sell,1379.24
2023-06-05,SGD,IDR,buy,11016.97
2023-06-05,SGD,IDR,sell,11131.79
2023-06-05,THB,IDR,buy,429.58
2023-06-05,THB,IDR,sell,434.02
2023-06-05,USD,IDR,buy,14927.99
2023-06-05,USD,IDR,sell,15078.01
2023-06-05,VND,IDR,buy,0.64
2023-06-05,VND,IDR,sell,0.64
2023-06-06,AUD,IDR,buy,9765.1
2023-06-06,AUD,IDR,sell,9866.23
2023-06-06,BND,IDR,buy,10952.72
2023-06-06,BND,IDR,sell,11063.62
2023-06-06,CAD,IDR,buy,11026.92
2023-06-06,CAD,IDR,sell,11141.06
2023-06-06,CHF,IDR,buy,16255.42
2023-06-06,CHF,IDR,sell,16426
2023-06-06,CNH,IDR,buy,2077.81
2023-06-06,CNH,IDR,sell,2098.84
2023-06-06,CNY,IDR,buy,2080.88
2023-06-06,CNY,IDR,sell,2102.12
2023-06-06,DKK,IDR,buy,2124.97
2023-06-06,DKK,IDR,sell,2146.63
2023-06-06,EUR,IDR,buy,15826.81
2023-06-06,EUR,IDR,sell,15991.86
2023-06-06,GBP,IDR,buy,18359.93
2023-06-06,GBP,IDR,sell,18550.43
2023-06-06,HKD,IDR,buy,1890.04
2023-06-06,HKD,IDR,sell,1909.16
2023-06-06,JPY,IDR,buy,105.4796
2023-06-06,JPY,IDR,sell,106.5473
2023-06-06,KRW,IDR,buy,11.33
2023-06-06,KRW,IDR,sell,11.45
2023-06-06,KWD,IDR,buy,48095.97
2023-06-06,KWD,IDR,sell,48636.2
2023-06-06,LAK,IDR,buy,0.82
2023-06-06,LAK,IDR,sell,0.83
2023-06-06,MYR,IDR,buy,3234.4
2023-06-06,MYR,IDR,sell,3270.48
2023-06-06,NOK,IDR,buy,1340.44
2023-06-06,NOK,IDR,sell,1354.28
2023-06-06,NZD,IDR,buy,8957.76
2023-06-06,NZD,IDR,sell,9053.77
2023-06-06,PGK,IDR,buy,4066.32
2023-06-06,PGK,IDR,sell,4331.63
2023-06-06,PHP,IDR,buy,263.35
2023-06-06,PHP,IDR,sell,266.14
2023-06-06,SAR,IDR,buy,3949.23
2023-06-06,SAR,IDR,sell,3989.56
2023-06-06,SEK,IDR,buy,1363.04
2023-06-06,SEK,IDR,sell,1377.12
2023-06-06,SGD,IDR,buy,10952.72
2023-06-06,SGD,IDR,sell,11063.62
2023-06-06,THB,IDR,buy,424.46
2023-06-06,THB,IDR,sell,428.97
2023-06-06,USD,IDR,buy,14813.56
2023-06-06,USD,IDR,sell,14962.44
2023-06-06,VND,IDR,buy,0.63
2023-06-06,VND,IDR,sell,0.64
2023-06-07,AUD,IDR,buy,9837.79
2023-06-07,AUD,IDR,sell,9938.15
2023-06-07,BND,IDR,buy,10947.44
2023-06-07,BND,IDR,sell,11061.56
2023-06-07,CAD,IDR,buy,11012.76
2023-06-07,CAD,IDR,sell,11124.27
2023-06-07,CHF,IDR,buy,16298.5
2023-06-07,CHF,IDR,sell,16464.11
2023-06-07,CNH,IDR,buy,2070.77
2023-06-07,CNH,IDR,sell,2091.67
2023-06-07,CNY,IDR,buy,2074.29
2023-06-07,CNY,IDR,sell,2095.34
2023-06-07,DKK,IDR,buy,2123.03
2023-06-07,DKK,IDR,sell,2144.58
2023-06-07,EUR,IDR,buy,15814.59
2023-06-07,EUR,IDR,sell,15975.01
2023-06-07,GBP,IDR,buy,18360.04
2023-06-07,GBP,IDR,sell,18546.04
2023-06-07,HKD,IDR,buy,1882.76
2023-06-07,HKD,IDR,sell,1901.73
2023-06-07,JPY,IDR,buy,106.0843
2023-06-07,JPY,IDR,sell,107.1581
2023-06-07,KRW,IDR,buy,11.35
2023-06-07,KRW,IDR,sell,11.47
2023-06-07,KWD,IDR,buy,47989.11
2023-06-07,KWD,IDR,sell,48502.91
2023-06-07,LAK,IDR,buy,0.81
2023-06-07,LAK,IDR,sell,0.83
2023-06-07,MYR,IDR,buy,3207.65
2023-06-07,MYR,IDR,sell,3243.41
2023-06-07,NOK,IDR,buy,1336.31
2023-06-07,NOK,IDR,sell,1350.42
2023-06-07,NZD,IDR,buy,8985.86
2023-06-07,NZD,IDR,sell,9077.66
2023-06-07,PGK,IDR,buy,4052.94
2023-06-07,PGK,IDR,sell,4317.37
2023-06-07,PHP,IDR,buy,262.51
2023-06-07,PHP,IDR,sell,265.26
2023-06-07,SAR,IDR,buy,3936.97
2023-06-07,SAR,IDR,sell,3976.74
2023-06-07,SEK,IDR,buy,1363.92
2023-06-07,SEK,IDR,sell,1378.11
2023-06-07,SGD,IDR,buy,10947.44
2023-06-07,SGD,IDR,sell,11061.56
2023-06-07,THB,IDR,buy,424.64
2023-06-07,THB,IDR,sell,429.16
2023-06-07,USD,IDR,buy,14764.81
2023-06-07,USD,IDR,sell,14913.19
2023-06-07,VND,IDR,buy,0.63
2023-06-07,VND,IDR,sell,0.64
2023-06-08,AUD,IDR,buy,9876.46
2023-06-08,AUD,IDR,sell,9978.71
2023-06-08,BND,IDR,buy,10972.37
2023-06-08,BND,IDR,sell,11083.47
2023-06-08,CAD,IDR,buy,11031.25
2023-06-08,CAD,IDR,sell,11145.44
2023-06-08,CHF,IDR,buy,16300.25
2023-06-08,CHF,IDR,sell,16465.89
2023-06-08,CNH,IDR,buy,2073.67
2023-06-08,CNH,IDR,sell,2094.66
2023-06-08,CNY,IDR,buy,2077.05
2023-06-08,CNY,IDR,sell,2098.19
2023-06-08,DKK,IDR,buy,2122.23
2023-06-08,DKK,IDR,sell,2143.77
2023-06-08,EUR,IDR,buy,15810.03
2023-06-08,EUR,IDR,sell,15970.42
2023-06-08,GBP,IDR,buy,18367.58
2023-06-08,GBP,IDR,sell,18556.67
2023-06-08,HKD,IDR,buy,1887.76
2023-06-08,HKD,IDR,sell,1906.78
2023-06-08,JPY,IDR,buy,106.1205
2023-06-08,JPY,IDR,sell,107.2101
2023-06-08,KRW,IDR,buy,11.34
2023-06-08,KRW,IDR,sell,11.46
2023-06-08,KWD,IDR,buy,48078.97
2023-06-08,KWD,IDR,sell,48577.96
2023-06-08,LAK,IDR,buy,0.81
2023-06-08,LAK,IDR,sell,0.83
2023-06-08,MYR,IDR,buy,3214.03
2023-06-08,MYR,IDR,sell,3249.87
2023-06-08,NOK,IDR,buy,1333.91
2023-06-08,NOK,IDR,sell,1348.04
2023-06-08,NZD,IDR,buy,8975.1
2023-06-08,NZD,IDR,sell,9069.79
2023-06-08,PGK,IDR,buy,4040.57
2023-06-08,PGK,IDR,sell,4350.27
2023-06-08,PHP,IDR,buy,263.71
2023-06-08,PHP,IDR,sell,266.45
2023-06-08,SAR,IDR,buy,3946.31
2023-06-08,SAR,IDR,sell,3986.18
2023-06-08,SEK,IDR,buy,1357.23
2023-06-08,SEK,IDR,sell,1371.39
2023-06-08,SGD,IDR,buy,10972.37
2023-06-08,SGD,IDR,sell,11083.47
2023-06-08,THB,IDR,buy,425.18
2023-06-08,THB,IDR,sell,429.58
2023-06-08,USD,IDR,buy,14800.63
2023-06-08,USD,IDR,sell,14949.38
2023-06-08,VND,IDR,buy,0.63
2023-06-08,VND,IDR,sell,0.64
2023-06-09,AUD,IDR,buy,9905.43
2023-06-09,AUD,IDR,sell,10007.97
2023-06-09,BND,IDR,buy,11004.45
2023-06-09,BND,IDR,sell,11115.86
2023-06-09,CAD,IDR,buy,11113.31
2023-06-09,CAD,IDR,sell,11228.36
2023-06-09,CHF,IDR,buy,16305.8
2023-06-09,CHF,IDR,sell,16476.91
2023-06-09,CNH,IDR,buy,2076.41
2023-06-09,CNH,IDR,sell,2097.4
2023-06-09,CNY,IDR,buy,2079.59
2023-06-09,CNY,IDR,sell,2100.69
2023-06-09,DKK,IDR,buy,2132.43
2023-06-09,DKK,IDR,sell,2154.05
2023-06-09,EUR,IDR,buy,15884.28
2023-06-09,EUR,IDR,sell,16049.9
2023-06-09,GBP,IDR,buy,18473.33
2023-06-09,GBP,IDR,sell,18660.48
2023-06-09,HKD,IDR,buy,1891.9
2023-06-09,HKD,IDR,sell,1910.96
2023-06-09,JPY,IDR,buy,106.0997
2023-06-09,JPY,IDR,sell,107.1889
2023-06-09,KRW,IDR,buy,11.37
2023-06-09,KRW,IDR,sell,11.49
2023-06-09,KWD,IDR,buy,48200.79
2023-06-09,KWD,IDR,sell,48716.86
2023-06-09,LAK,IDR,buy,0.81
2023-06-09,LAK,IDR,sell,0.83
2023-06-09,MYR,IDR,buy,3207.55
2023-06-09,MYR,IDR,sell,3243.29
2023-06-09,NOK,IDR,buy,1348.62
2023-06-09,NOK,IDR,sell,1362.48
2023-06-09,NZD,IDR,buy,9002.38
2023-06-09,NZD,IDR,sell,9098.84
2023-06-09,PGK,IDR,buy,4048.18
2023-06-09,PGK,IDR,sell,4358.46
2023-06-09,PHP,IDR,buy,264.09
2023-06-09,PHP,IDR,sell,266.88
2023-06-09,SAR,IDR,buy,3953.74
2023-06-09,SAR,IDR,sell,3993.68
2023-06-09,SEK,IDR,buy,1363.95
2023-06-09,SEK,IDR,sell,1377.98
2023-06-09,SGD,IDR,buy,11004.45
2023-06-09,SGD,IDR,sell,11115.86
2023-06-09,THB,IDR,buy,425.25
2023-06-09,THB,IDR,sell,429.65
2023-06-09,USD,IDR,buy,14828.49
2023-06-09,USD,IDR,sell,14977.51
2023-06-09,VND,IDR,buy,0.63
2023-06-09,VND,IDR,sell,0.64
2023-06-12,AUD,IDR,buy,9934.27
2023-06-12,AUD,IDR,sell,10037.09
2023-06-12,BND,IDR,buy,11008.37
2023-06-12,BND,IDR,sell,11123.14
2023-06-12,CAD,IDR,buy,11081.84
2023-06-12,CAD,IDR,sell,11194.05
2023-06-12,CHF,IDR,buy,16422.65
2023-06-12,CHF,IDR,sell,16595.06
2023-06-12,CNH,IDR,buy,2071.56
2023-06-12,CNH,IDR,sell,2092.59
2023-06-12,CNY,IDR,buy,2074.79
2023-06-12,CNY,IDR,sell,2096
2023-06-12,DKK,IDR,buy,2137.14
2023-06-12,DKK,IDR,sell,2158.8
2023-06-12,EUR,IDR,buy,15921.14
2023-06-12,EUR,IDR,sell,16087.11
2023-06-12,GBP,IDR,buy,18544.36
2023-06-12,GBP,IDR,sell,18732.22
2023-06-12,HKD,IDR,buy,1885.74
2023-06-12,HKD,IDR,sell,1904.81
2023-06-12,JPY,IDR,buy,105.8573
2023-06-12,JPY,IDR,sell,106.9441
2023-06-12,KRW,IDR,buy,11.44
2023-06-12,KRW,IDR,sell,11.56
2023-06-12,KWD,IDR,buy,48064.07
2023-06-12,KWD,IDR,sell,48608.75
2023-06-12,LAK,IDR,buy,0.81
2023-06-12,LAK,IDR,sell,0.82
2023-06-12,MYR,IDR,buy,3202.33
2023-06-12,MYR,IDR,sell,3237.32
2023-06-12,NOK,IDR,buy,1364.54
2023-06-12,NOK,IDR,sell,1378.82
2023-06-12,NZD,IDR,buy,9017.99
2023-06-12,NZD,IDR,sell,9111.6
2023-06-12,PGK,IDR,buy,4056.76
2023-06-12,PGK,IDR,sell,4321.44
2023-06-12,PHP,IDR,buy,263.53
2023-06-12,PHP,IDR,sell,266.46
2023-06-12,SAR,IDR,buy,3940.26
2023-06-12,SAR,IDR,sell,3980.39
2023-06-12,SEK,IDR,buy,1365.66
2023-06-12,SEK,IDR,sell,1379.88
2023-06-12,SGD,IDR,buy,11008.37
2023-06-12,SGD,IDR,sell,11123.14
2023-06-12,THB,IDR,buy,427.01
2023-06-12,THB,IDR,sell,431.55
2023-06-12,USD,IDR,buy,14778.74
2023-06-12,USD,IDR,sell,14927.26
2023-06-12,VND,IDR,buy,0.63
2023-06-12,VND,IDR,sell,0.64
2023-06-13,AUD,IDR,buy,10010.47
2023-06-13,AUD,IDR,sell,10112.57
2023-06-13,BND,IDR,buy,11027.22
2023-06-13,BND,IDR,sell,11142.2
2023-06-13,CAD,IDR,buy,11109.17
2023-06-13,CAD,IDR,sell,11224.19
2023-06-13,CHF,IDR,buy,16396.67
2023-06-13,CHF,IDR,sell,16563.29
2023-06-13,CNH,IDR,buy,2069.24
2023-06-13,CNH,IDR,sell,2090.18
2023-06-13,CNY,IDR,buy,2072.02
2023-06-13,CNY,IDR,sell,2092.91
2023-06-13,DKK,IDR,buy,2138.98
2023-06-13,DKK,IDR,sell,2160.7
2023-06-13,EUR,IDR,buy,15937.72
2023-06-13,EUR,IDR,sell,16103.88
2023-06-13,GBP,IDR,buy,18631.25
2023-06-13,GBP,IDR,sell,18820
2023-06-13,HKD,IDR,buy,1888.21
2023-06-13,HKD,IDR,sell,1907.26
2023-06-13,JPY,IDR,buy,106.0829
2023-06-13,JPY,IDR,sell,107.1721
2023-06-13,KRW,IDR,buy,11.5
2023-06-13,KRW,IDR,sell,11.62
2023-06-13,KWD,IDR,buy,48153.93
2023-06-13,KWD,IDR,sell,48653.72
2023-06-13,LAK,IDR,buy,0.81
2023-06-13,LAK,IDR,sell,0.82
2023-06-13,MYR,IDR,buy,3202.69
2023-06-13,MYR,IDR,sell,3238.38
2023-06-13,NOK,IDR,buy,1376.3
2023-06-13,NOK,IDR,sell,1390.66
2023-06-13,NZD,IDR,buy,9076.61
2023-06-13,NZD,IDR,sell,9173.81
2023-06-13,PGK,IDR,buy,4062.5
2023-06-13,PGK,IDR,sell,4215.44
2023-06-13,PHP,IDR,buy,263.95
2023-06-13,PHP,IDR,sell,266.7
2023-06-13,SAR,IDR,buy,3946.04
2023-06-13,SAR,IDR,sell,3985.91
2023-06-13,SEK,IDR,buy,1370.26
2023-06-13,SEK,IDR,sell,1384.42
2023-06-13,SGD,IDR,buy,11027.22
2023-06-13,SGD,IDR,sell,11142.2
2023-06-13,THB,IDR,buy,428.11
2023-06-13,THB,IDR,sell,432.53
2023-06-13,USD,IDR,buy,14799.63
2023-06-13,USD,IDR,sell,14948.37
2023-06-13,VND,IDR,buy,0.63
2023-06-13,VND,IDR,sell,0.64
2023-06-14,AUD,IDR,buy,10019.75
2023-06-14,AUD,IDR,sell,10123.44
2023-06-14,BND,IDR,buy,11031.81
2023-06-14,BND,IDR,sell,11146.84
2023-06-14,CAD,IDR,buy,11074.76
2023-06-14,CAD,IDR,sell,11189.41
2023-06-14,CHF,IDR,buy,16346.59
2023-06-14,CHF,IDR,sell,16518.17
2023-06-14,CNH,IDR,buy,2066.12
2023-06-14,CNH,IDR,sell,2087.01
2023-06-14,CNY,IDR,buy,2068.75
2023-06-14,CNY,IDR,sell,2089.75
2023-06-14,DKK,IDR,buy,2143.64
2023-06-14,DKK,IDR,sell,2165.31
2023-06-14,EUR,IDR,buy,15968.28
2023-06-14,EUR,IDR,sell,16134.74
2023-06-14,GBP,IDR,buy,18580.84
2023-06-14,GBP,IDR,sell,18773.56
2023-06-14,HKD,IDR,buy,1888.56
2023-06-14,HKD,IDR,sell,1907.57
2023-06-14,JPY,IDR,buy,106.0249
2023-06-14,JPY,IDR,sell,107.1059
2023-06-14,KRW,IDR,buy,11.62
2023-06-14,KRW,IDR,sell,11.74
2023-06-14,KWD,IDR,buy,48132.94
2023-06-14,KWD,IDR,sell,48632.51
2023-06-14,LAK,IDR,buy,0.81
2023-06-14,LAK,IDR,sell,0.82
2023-06-14,MYR,IDR,buy,3202.78
2023-06-14,MYR,IDR,sell,3238.48
2023-06-14,NOK,IDR,buy,1371.01
2023-06-14,NOK,IDR,sell,1385.15
2023-06-14,NZD,IDR,buy,9087.75
2023-06-14,NZD,IDR,sell,9185.06
2023-06-14,PGK,IDR,buy,4060.86
2023-06-14,PGK,IDR,sell,4213.74
2023-06-14,PHP,IDR,buy,264.3
2023-06-14,PHP,IDR,sell,267.11
2023-06-14,SAR,IDR,buy,3944.45
2023-06-14,SAR,IDR,sell,3984.31
2023-06-14,SEK,IDR,buy,1374.01
2023-06-14,SEK,IDR,sell,1388.22
2023-06-14,SGD,IDR,buy,11031.81
2023-06-14,SGD,IDR,sell,11146.84
2023-06-14,THB,IDR,buy,428.06
2023-06-14,THB,IDR,sell,432.61
2023-06-14,USD,IDR,buy,14793.66
2023-06-14,USD,IDR,sell,14942.34
2023-06-14,VND,IDR,buy,0.63
2023-06-14,VND,IDR,sell,0.64
2023-06-15,AUD,IDR,buy,10051.28
2023-06-15,AUD,IDR,sell,10155.3
2023-06-15,BND,IDR,buy,11043.61
2023-06-15,BND,IDR,sell,11158.76
2023-06-15,CAD,IDR,buy,11145.76
2023-06-15,CAD,IDR,sell,11261.18
2023-06-15,CHF,IDR,buy,16381.7
2023-06-15,CHF,IDR,sell,16548.18
2023-06-15,CNH,IDR,buy,2067.39
2023-06-15,CNH,IDR,sell,2088.29
2023-06-15,CNY,IDR,buy,2069.62
2023-06-15,CNY,IDR,sell,2090.62
2023-06-15,DKK,IDR,buy,2144.92
2023-06-15,DKK,IDR,sell,2166.79
2023-06-15,EUR,IDR,buy,15985.41
2023-06-15,EUR,IDR,sell,16152.07
2023-06-15,GBP,IDR,buy,18696.09
2023-06-15,GBP,IDR,sell,18889.99
2023-06-15,HKD,IDR,buy,1892.45
2023-06-15,HKD,IDR,sell,1911.62
2023-06-15,JPY,IDR,buy,105.876
2023-06-15,JPY,IDR,sell,106.9478
2023-06-15,KRW,IDR,buy,11.59
2023-06-15,KRW,IDR,sell,11.71
2023-06-15,KWD,IDR,buy,48193.68
2023-06-15,KWD,IDR,sell,48743.06
2023-06-15,LAK,IDR,buy,0.81
2023-06-15,LAK,IDR,sell,0.82
2023-06-15,MYR,IDR,buy,3205.82
2023-06-15,MYR,IDR,sell,3241.55
2023-06-15,NOK,IDR,buy,1391.11
2023-06-15,NOK,IDR,sell,1405.49
2023-06-15,NZD,IDR,buy,9132.4
2023-06-15,NZD,IDR,sell,9225.69
2023-06-15,PGK,IDR,buy,4068.23
2023-06-15,PGK,IDR,sell,4221.39
2023-06-15,PHP,IDR,buy,264.72
2023-06-15,PHP,IDR,sell,267.55
2023-06-15,SAR,IDR,buy,3951.4
2023-06-15,SAR,IDR,sell,3991.33
2023-06-15,SEK,IDR,buy,1385.02
2023-06-15,SEK,IDR,sell,1399.33
2023-06-15,SGD,IDR,buy,11043.61
2023-06-15,SGD,IDR,sell,11158.76
2023-06-15,THB,IDR,buy,427.6
2023-06-15,THB,IDR,sell,432.14
2023-06-15,USD,IDR,buy,14820.52
2023-06-15,USD,IDR,sell,14969.48
2023-06-15,VND,IDR,buy,0.63
2023-06-15,VND,IDR,sell,0.64
2023-06-16,AUD,IDR,buy,10138.68
2023-06-16,AUD,IDR,sell,10242.09
2023-06-16,BND,IDR,buy,11076.72
2023-06-16,BND,IDR,sell,11188.88
2023-06-16,CAD,IDR,buy,11154.84
2023-06-16,CAD,IDR,sell,11270.33
2023-06-16,CHF,IDR,buy,16449.03
2023-06-16,CHF,IDR,sell,16621.72
2023-06-16,CNH,IDR,buy,2076.75
2023-06-16,CNH,IDR,sell,2097.74
2023-06-16,CNY,IDR,buy,2078.64
2023-06-16,CNY,IDR,sell,2099.73
2023-06-16,DKK,IDR,buy,2160.11
2023-06-16,DKK,IDR,sell,2182.14
2023-06-16,EUR,IDR,buy,16096.4
2023-06-16,EUR,IDR,sell,16264.19
2023-06-16,GBP,IDR,buy,18814.32
2023-06-16,GBP,IDR,sell,19006.43
2023-06-16,HKD,IDR,buy,1899.3
2023-06-16,HKD,IDR,sell,1918.46
2023-06-16,JPY,IDR,buy,105.2249
2023-06-16,JPY,IDR,sell,106.3051
2023-06-16,KRW,IDR,buy,11.62
2023-06-16,KRW,IDR,sell,11.74
2023-06-16,KWD,IDR,buy,48386.75
2023-06-16,KWD,IDR,sell,48888.99
2023-06-16,LAK,IDR,buy,0.81
2023-06-16,LAK,IDR,sell,0.82
2023-06-16,MYR,IDR,buy,3207.14
2023-06-16,MYR,IDR,sell,3243.57
2023-06-16,NOK,IDR,buy,1395.89
2023-06-16,NOK,IDR,sell,1410.59
2023-06-16,NZD,IDR,buy,9185.62
2023-06-16,NZD,IDR,sell,9283.95
2023-06-16,PGK,IDR,buy,4066.47
2023-06-16,PGK,IDR,sell,4219.98
2023-06-16,PHP,IDR,buy,265.69
2023-06-16,PHP,IDR,sell,268.41
2023-06-16,SAR,IDR,buy,3964.56
2023-06-16,SAR,IDR,sell,4004.62
2023-06-16,SEK,IDR,buy,1386.45
2023-06-16,SEK,IDR,sell,1400.79
2023-06-16,SGD,IDR,buy,11076.72
2023-06-16,SGD,IDR,sell,11188.88
2023-06-16,THB,IDR,buy,427.13
2023-06-16,THB,IDR,sell,431.67
2023-06-16,USD,IDR,buy,14868.28
2023-06-16,USD,IDR,sell,15017.72
2023-06-16,VND,IDR,buy,0.63
2023-06-16,VND,IDR,sell,0.64
2023-06-19,AUD,IDR,buy,10220.34
2023-06-19,AUD,IDR,sell,10326.06
2023-06-19,BND,IDR,buy,11113.8
2023-06-19,BND,IDR,sell,11229.7
2023-06-19,CAD,IDR,buy,11232.17
2023-06-19,CAD,IDR,sell,11348.49
2023-06-19,CHF,IDR,buy,16678.19
2023-06-19,CHF,IDR,sell,16853.38
2023-06-19,CNH,IDR,buy,2087.06
2023-06-19,CNH,IDR,sell,2108.33
2023-06-19,CNY,IDR,buy,2087.35
2023-06-19,CNY,IDR,sell,2108.74
2023-06-19,DKK,IDR,buy,2183.02
2023-06-19,DKK,IDR,sell,2205.12
2023-06-19,EUR,IDR,buy,16265.1
2023-06-19,EUR,IDR,sell,16434.59
2023-06-19,GBP,IDR,buy,19007.18
2023-06-19,GBP,IDR,sell,19204.23
2023-06-19,HKD,IDR,buy,1900.62
2023-06-19,HKD,IDR,sell,1919.8
2023-06-19,JPY,IDR,buy,105.321
2023-06-19,JPY,IDR,sell,106.4022
2023-06-19,KRW,IDR,buy,11.66
2023-06-19,KRW,IDR,sell,11.78
2023-06-19,KWD,IDR,buy,48424.74
2023-06-19,KWD,IDR,sell,48975.25
2023-06-19,LAK,IDR,buy,0.8
2023-06-19,LAK,IDR,sell,0.82
2023-06-19,MYR,IDR,buy,3218.67
2023-06-19,MYR,IDR,sell,3255.25
2023-06-19,NOK,IDR,buy,1414.86
2023-06-19,NOK,IDR,sell,1429.54
2023-06-19,NZD,IDR,buy,9255.26
2023-06-19,NZD,IDR,sell,9354.29
2023-06-19,PGK,IDR,buy,4044.71
2023-06-19,PGK,IDR,sell,4355.72
2023-06-19,PHP,IDR,buy,266.02
2023-06-19,PHP,IDR,sell,268.93
2023-06-19,SAR,IDR,buy,3964.67
2023-06-19,SAR,IDR,sell,4004.73
2023-06-19,SEK,IDR,buy,1399.42
2023-06-19,SEK,IDR,sell,1413.93
2023-06-19,SGD,IDR,buy,11113.8
2023-06-19,SGD,IDR,sell,11229.7
2023-06-19,THB,IDR,buy,429.03
2023-06-19,THB,IDR,sell,433.59
2023-06-19,USD,IDR,buy,14870.27
2023-06-19,USD,IDR,sell,15019.73
2023-06-19,VND,IDR,buy,0.63
2023-06-19,VND,IDR,sell,0.64
2023-06-20,AUD,IDR,buy,10243.41
2023-06-20,AUD,IDR,sell,10349.37
2023-06-20,BND,IDR,buy,11136.1
2023-06-20,BND,IDR,sell,11252.22
2023-06-20,CAD,IDR,buy,11308.29
2023-06-20,CAD,IDR,sell,11425.41
2023-06-20,CHF,IDR,buy,16687.95
2023-06-20,CHF,IDR,sell,16863.22
2023-06-20,CNH,IDR,buy,2083.52
2023-06-20,CNH,IDR,sell,2105.05
2023-06-20,CNY,IDR,buy,2084.51
2023-06-20,CNY,IDR,sell,2105.63
2023-06-20,DKK,IDR,buy,2189.02
2023-06-20,DKK,IDR,sell,2211.21
2023-06-20,EUR,IDR,buy,16306.5
2023-06-20,EUR,IDR,sell,16476.41
2023-06-20,GBP,IDR,buy,19117.25
2023-06-20,GBP,IDR,sell,19315.41
2023-06-20,HKD,IDR,buy,1909.02
2023-06-20,HKD,IDR,sell,1928.26
2023-06-20,JPY,IDR,buy,105.1969
2023-06-20,JPY,IDR,sell,106.2767
2023-06-20,KRW,IDR,buy,11.63
2023-06-20,KRW,IDR,sell,11.76
2023-06-20,KWD,IDR,buy,48562.97
2023-06-20,KWD,IDR,sell,49106.99
2023-06-20,LAK,IDR,buy,0.81
2023-06-20,LAK,IDR,sell,0.82
2023-06-20,MYR,IDR,buy,3224.34
2023-06-20,MYR,IDR,sell,3260.27
2023-06-20,NOK,IDR,buy,1409.44
2023-06-20,NOK,IDR,sell,1424.11
2023-06-20,NZD,IDR,buy,9291.57
2023-06-20,NZD,IDR,sell,9386.46
2023-06-20,PGK,IDR,buy,4080.35
2023-06-20,PGK,IDR,sell,4234.38
2023-06-20,PHP,IDR,buy,267.65
2023-06-20,PHP,IDR,sell,270.39
2023-06-20,SAR,IDR,buy,3977.67
2023-06-20,SAR,IDR,sell,4017.86
2023-06-20,SEK,IDR,buy,1397.07
2023-06-20,SEK,IDR,sell,1411.45
2023-06-20,SGD,IDR,buy,11136.1
2023-06-20,SGD,IDR,sell,11252.22
2023-06-20,THB,IDR,buy,428.95
2023-06-20,THB,IDR,sell,433.51
2023-06-20,USD,IDR,buy,14919.03
2023-06-20,USD,IDR,sell,15068.97
2023-06-20,VND,IDR,buy,0.63
2023-06-20,VND,IDR,sell,0.64
2023-06-21,AUD,IDR,buy,10182.05
2023-06-21,AUD,IDR,sell,10291.94
2023-06-21,BND,IDR,buy,11158.6
2023-06-21,BND,IDR,sell,11274.95
2023-06-21,CAD,IDR,buy,11322.39
2023-06-21,CAD,IDR,sell,11439.64
2023-06-21,CHF,IDR,buy,16699.92
2023-06-21,CHF,IDR,sell,16875.29
2023-06-21,CNH,IDR,buy,2084.79
2023-06-21,CNH,IDR,sell,2105.88
2023-06-21,CNY,IDR,buy,2086.33
2023-06-21,CNY,IDR,sell,2107.5
2023-06-21,DKK,IDR,buy,2198.22
2023-06-21,DKK,IDR,sell,2220.51
2023-06-21,EUR,IDR,buy,16374.48
2023-06-21,EUR,IDR,sell,16542.07
2023-06-21,GBP,IDR,buy,19151.95
2023-06-21,GBP,IDR,sell,19351.99
2023-06-21,HKD,IDR,buy,1913.31
2023-06-21,HKD,IDR,sell,1932.64
2023-06-21,JPY,IDR,buy,105.5346
2023-06-21,JPY,IDR,sell,106.6328
2023-06-21,KRW,IDR,buy,11.67
2023-06-21,KRW,IDR,sell,11.79
2023-06-21,KWD,IDR,buy,48732.58
2023-06-21,KWD,IDR,sell,49238.39
2023-06-21,LAK,IDR,buy,0.78
2023-06-21,LAK,IDR,sell,0.8
2023-06-21,MYR,IDR,buy,3225.17
2023-06-21,MYR,IDR,sell,3261.1
2023-06-21,NOK,IDR,buy,1402.92
2023-06-21,NOK,IDR,sell,1417.42
2023-06-21,NZD,IDR,buy,9266.2
2023-06-21,NZD,IDR,sell,9365.38
2023-06-21,PGK,IDR,buy,4092.87
2023-06-21,PGK,IDR,sell,4247.37
2023-06-21,PHP,IDR,buy,269.3
2023-06-21,PHP,IDR,sell,272.1
2023-06-21,SAR,IDR,buy,3989.02
2023-06-21,SAR,IDR,sell,4029.32
2023-06-21,SEK,IDR,buy,1396.35
2023-06-21,SEK,IDR,sell,1410.78
2023-06-21,SGD,IDR,buy,11158.6
2023-06-21,SGD,IDR,sell,11274.95
2023-06-21,THB,IDR,buy,431.39
2023-06-21,THB,IDR,sell,435.97
2023-06-21,USD,IDR,buy,14964.8
2023-06-21,USD,IDR,sell,15115.2
2023-06-21,VND,IDR,buy,0.64
2023-06-21,VND,IDR,sell,0.64
2023-06-22,AUD,IDR,buy,10081.66
2023-06-22,AUD,IDR,sell,10190.52
2023-06-22,BND,IDR,buy,11085.81
2023-06-22,BND,IDR,sell,11201.39
2023-06-22,CAD,IDR,buy,11263.38
2023-06-22,CAD,IDR,sell,11380.88
2023-06-22,CHF,IDR,buy,16576.33
2023-06-22,CHF,IDR,sell,16750.37
2023-06-22,CNH,IDR,buy,2071.15
2023-06-22,CNH,IDR,sell,2092.11
2023-06-22,CNY,IDR,buy,2072.04
2023-06-22,CNY,IDR,sell,2092.95
2023-06-22,DKK,IDR,buy,2183.9
2023-06-22,DKK,IDR,sell,2206.17
2023-06-22,EUR,IDR,buy,16262.14
2023-06-22,EUR,IDR,sell,16431.61
2023-06-22,GBP,IDR,buy,18982.69
2023-06-22,GBP,IDR,sell,19179.49
2023-06-22,HKD,IDR,buy,1904.86
2023-06-22,HKD,IDR,sell,1924.08
2023-06-22,JPY,IDR,buy,104.8687
2023-06-22,JPY,IDR,sell,105.96
2023-06-22,KRW,IDR,buy,11.52
2023-06-22,KRW,IDR,sell,11.64
2023-06-22,KWD,IDR,buy,48489.38
2023-06-22,KWD,IDR,sell,48992.65
2023-06-22,LAK,IDR,buy,0.81
2023-06-22,LAK,IDR,sell,0.82
2023-06-22,MYR,IDR,buy,3207.21
2023-06-22,MYR,IDR,sell,3242.93
2023-06-22,NOK,IDR,buy,1390.26
2023-06-22,NOK,IDR,sell,1404.63
2023-06-22,NZD,IDR,buy,9187.24
2023-06-22,NZD,IDR,sell,9285.6
2023-06-22,PGK,IDR,buy,4054.73
2023-06-22,PGK,IDR,sell,4366.5
2023-06-22,PHP,IDR,buy,267.82
2023-06-22,PHP,IDR,sell,270.61
2023-06-22,SAR,IDR,buy,3974.06
2023-06-22,SAR,IDR,sell,4014.21
2023-06-22,SEK,IDR,buy,1379.46
2023-06-22,SEK,IDR,sell,1393.71
2023-06-22,SGD,IDR,buy,11085.81
2023-06-22,SGD,IDR,sell,11201.39
2023-06-22,THB,IDR,buy,427.38
2023-06-22,THB,IDR,sell,431.93
2023-06-22,USD,IDR,buy,14907.09
2023-06-22,USD,IDR,sell,15056.91
2023-06-22,VND,IDR,buy,0.63
2023-06-22,VND,IDR,sell,0.64
2023-06-23,AUD,IDR,buy,10077.19
2023-06-23,AUD,IDR,sell,10185.97
2023-06-23,BND,IDR,buy,11067.26
2023-06-23,BND,IDR,sell,11179.32
2023-06-23,CAD,IDR,buy,11288.62
2023-06-23,CAD,IDR,sell,11405.55
2023-06-23,CHF,IDR,buy,16620.1
2023-06-23,CHF,IDR,sell,16794.66
2023-06-23,CNH,IDR,buy,2067.07
2023-06-23,CNH,IDR,sell,2087.93
2023-06-23,CNY,IDR,buy,2067.04
2023-06-23,CNY,IDR,sell,2088.72
2023-06-23,DKK,IDR,buy,2191.14
2023-06-23,DKK,IDR,sell,2213.35
2023-06-23,EUR,IDR,buy,16318.84
2023-06-23,EUR,IDR,sell,16488.85
2023-06-23,GBP,IDR,buy,18955.03
2023-06-23,GBP,IDR,sell,19147.04
2023-06-23,HKD,IDR,buy,1896
2023-06-23,HKD,IDR,sell,1915.08
2023-06-23,JPY,IDR,buy,104.6121
2023-06-23,JPY,IDR,sell,105.7007
2023-06-23,KRW,IDR,buy,11.46
2023-06-23,KRW,IDR,sell,11.58
2023-06-23,KWD,IDR,buy,48321.54
2023-06-23,KWD,IDR,sell,48823.08
2023-06-23,LAK,IDR,buy,0.81
2023-06-23,LAK,IDR,sell,0.82
2023-06-23,MYR,IDR,buy,3189.39
2023-06-23,MYR,IDR,sell,3224.91
2023-06-23,NOK,IDR,buy,1408.4
2023-06-23,NOK,IDR,sell,1425.04
2023-06-23,NZD,IDR,buy,9217.76
2023-06-23,NZD,IDR,sell,9317.89
2023-06-23,PGK,IDR,buy,4044.83
2023-06-23,PGK,IDR,sell,4340.35
2023-06-23,PHP,IDR,buy,266.78
2023-06-23,PHP,IDR,sell,269.6
2023-06-23,SAR,IDR,buy,3956.87
2023-06-23,SAR,IDR,sell,3996.85
2023-06-23,SEK,IDR,buy,1390.24
2023-06-23,SEK,IDR,sell,1405.06
2023-06-23,SGD,IDR,buy,11067.26
2023-06-23,SGD,IDR,sell,11179.32
2023-06-23,THB,IDR,buy,424.34
2023-06-23,THB,IDR,sell,428.85
2023-06-23,USD,IDR,buy,14843.41
2023-06-23,USD,IDR,sell,14992.59
2023-06-23,VND,IDR,buy,0.63
2023-06-23,VND,IDR,sell,0.64
2023-06-26,AUD,IDR,buy,9992.45
2023-06-26,AUD,IDR,sell,10094.38
2023-06-26,BND,IDR,buy,11042.63
2023-06-26,BND,IDR,sell,11154.44
2023-06-26,CAD,IDR,buy,11307.02
2023-06-26,CAD,IDR,sell,11424.99
2023-06-26,CHF,IDR,buy,16588.49
2023-06-26,CHF,IDR,sell,16757.08
2023-06-26,CNH,IDR,buy,2068.99
2023-06-26,CNH,IDR,sell,2089.9
2023-06-26,CNY,IDR,buy,2078.12
2023-06-26,CNY,IDR,sell,2099.92
2023-06-26,DKK,IDR,buy,2178.32
2023-06-26,DKK,IDR,sell,2200.44
2023-06-26,EUR,IDR,buy,16225.79
2023-06-26,EUR,IDR,sell,16390.37
2023-06-26,GBP,IDR,buy,18965.65
2023-06-26,GBP,IDR,sell,19162.29
2023-06-26,HKD,IDR,buy,1906.02
2023-06-26,HKD,IDR,sell,1925.25
2023-06-26,JPY,IDR,buy,104.3713
2023-06-26,JPY,IDR,sell,105.4276
2023-06-26,KRW,IDR,buy,11.41
2023-06-26,KRW,IDR,sell,11.53
2023-06-26,KWD,IDR,buy,48526.96
2023-06-26,KWD,IDR,sell,49030.61
2023-06-26,LAK,IDR,buy,0.78
2023-06-26,LAK,IDR,sell,0.79
2023-06-26,MYR,IDR,buy,3190.04
2023-06-26,MYR,IDR,sell,3225.55
2023-06-26,NOK,IDR,buy,1375.77
2023-06-26,NOK,IDR,sell,1390.15
2023-06-26,NZD,IDR,buy,9162.73
2023-06-26,NZD,IDR,sell,9262.35
2023-06-26,PGK,IDR,buy,4081.44
2023-06-26,PGK,IDR,sell,4235.51
2023-06-26,PHP,IDR,buy,267.49
2023-06-26,PHP,IDR,sell,270.32
2023-06-26,SAR,IDR,buy,3977.88
2023-06-26,SAR,IDR,sell,4018.29
2023-06-26,SEK,IDR,buy,1383.53
2023-06-26,SEK,IDR,sell,1397.9
2023-06-26,SGD,IDR,buy,11042.63
2023-06-26,SGD,IDR,sell,11154.44
2023-06-26,THB,IDR,buy,423.23
2023-06-26,THB,IDR,sell,427.72
2023-06-26,USD,IDR,buy,14923.01
2023-06-26,USD,IDR,sell,15072.99
2023-06-26,VND,IDR,buy,0.63
2023-06-26,VND,IDR,sell,0.64
2023-06-27,AUD,IDR,buy,9978.21
2023-06-27,AUD,IDR,sell,10081.51
2023-06-27,BND,IDR,buy,11045.26
2023-06-27,BND,IDR,sell,11158.75
2023-06-27,CAD,IDR,buy,11363.43
2023-06-27,CAD,IDR,sell,11481.13
2023-06-27,CHF,IDR,buy,16701.15
2023-06-27,CHF,IDR,sell,16872.77
2023-06-27,CNH,IDR,buy,2065.15
2023-06-27,CNH,IDR,sell,2086.02
2023-06-27,CNY,IDR,buy,2066.24
2023-06-27,CNY,IDR,sell,2087.18
2023-06-27,DKK,IDR,buy,2187.56
2023-06-27,DKK,IDR,sell,2209.87
2023-06-27,EUR,IDR,buy,16288.97
2023-06-27,EUR,IDR,sell,16458.72
2023-06-27,GBP,IDR,buy,19041.43
2023-06-27,GBP,IDR,sell,19241.86
2023-06-27,HKD,IDR,buy,1909.75
2023-06-27,HKD,IDR,sell,1929.02
2023-06-27,JPY,IDR,buy,104.3836
2023-06-27,JPY,IDR,sell,105.4548
2023-06-27,KRW,IDR,buy,11.44
2023-06-27,KRW,IDR,sell,11.55
2023-06-27,KWD,IDR,buy,48625.46
2023-06-27,KWD,IDR,sell,49130.14
2023-06-27,LAK,IDR,buy,0.78
2023-06-27,LAK,IDR,sell,0.8
2023-06-27,MYR,IDR,buy,3194.63
2023-06-27,MYR,IDR,sell,3231.57
2023-06-27,NOK,IDR,buy,1385.69
2023-06-27,NOK,IDR,sell,1400
2023-06-27,NZD,IDR,buy,9199.27
2023-06-27,NZD,IDR,sell,9300.79
2023-06-27,PGK,IDR,buy,4066.64
2023-06-27,PGK,IDR,sell,4379.33
2023-06-27,PHP,IDR,buy,268.27
2023-06-27,PHP,IDR,sell,271.12
2023-06-27,SAR,IDR,buy,3985.3
2023-06-27,SAR,IDR,sell,4026
2023-06-27,SEK,IDR,buy,1394.06
2023-06-27,SEK,IDR,sell,1408.46
2023-06-27,SGD,IDR,buy,11045.26
2023-06-27,SGD,IDR,sell,11158.75
2023-06-27,THB,IDR,buy,424.26
2023-06-27,THB,IDR,sell,428.77
2023-06-27,USD,IDR,buy,14950.87
2023-06-27,USD,IDR,sell,15101.13
2023-06-27,VND,IDR,buy,0.64
2023-06-27,VND,IDR,sell,0.64
2023-07-03,AUD,IDR,buy,10005.72
2023-07-03,AUD,IDR,sell,10109.3
2023-07-03,BND,IDR,buy,11058.01
2023-07-03,BND,IDR,sell,11173.29
2023-07-03,CAD,IDR,buy,11367.1
2023-07-03,CAD,IDR,sell,11486.59
2023-07-03,CHF,IDR,buy,16681.57
2023-07-03,CHF,IDR,sell,16856.76
2023-07-03,CNH,IDR,buy,2068.89
2023-07-03,CNH,IDR,sell,2089.83
2023-07-03,CNY,IDR,buy,2069.93
2023-07-03,CNY,IDR,sell,2090.88
2023-07-03,DKK,IDR,buy,2192.02
2023-07-03,DKK,IDR,sell,2214.37
2023-07-03,EUR,IDR,buy,16323.47
2023-07-03,EUR,IDR,sell,16493.56
2023-07-03,GBP,IDR,buy,19001.02
2023-07-03,GBP,IDR,sell,19198.01
2023-07-03,HKD,IDR,buy,1905.42
2023-07-03,HKD,IDR,sell,1924.65
2023-07-03,JPY,IDR,buy,103.9563
2023-07-03,JPY,IDR,sell,105.023
2023-07-03,KRW,IDR,buy,11.47
2023-07-03,KRW,IDR,sell,11.59
2023-07-03,KWD,IDR,buy,48569.75
2023-07-03,KWD,IDR,sell,49073.86
2023-07-03,LAK,IDR,buy,0.78
2023-07-03,LAK,IDR,sell,0.79
2023-07-03,MYR,IDR,buy,3197.3
2023-07-03,MYR,IDR,sell,3233.59
2023-07-03,NOK,IDR,buy,1395.56
2023-07-03,NOK,IDR,sell,1410.22
2023-07-03,NZD,IDR,buy,9232.61
2023-07-03,NZD,IDR,sell,9331.42
2023-07-03,PGK,IDR,buy,4081.99
2023-07-03,PGK,IDR,sell,4236.08
2023-07-03,PHP,IDR,buy,269.7
2023-07-03,PHP,IDR,sell,272.55
2023-07-03,SAR,IDR,buy,3979.36
2023-07-03,SAR,IDR,sell,4019.57
2023-07-03,SEK,IDR,buy,1396.23
2023-07-03,SEK,IDR,sell,1410.66
2023-07-03,SGD,IDR,buy,11058.01
2023-07-03,SGD,IDR,sell,11173.29
2023-07-03,THB,IDR,buy,423.64
2023-07-03,THB,IDR,sell,428.02
2023-07-03,USD,IDR,buy,14925
2023-07-03,USD,IDR,sell,15075
2023-07-03,VND,IDR,buy,0.63
2023-07-03,VND,IDR,sell,0.64
2023-07-04,AUD,IDR,buy,9934.16
2023-07-04,AUD,IDR,sell,10037.02
2023-07-04,BND,IDR,buy,11054.41
2023-07-04,BND,IDR,sell,11169.64
2023-07-04,CAD,IDR,buy,11271.82
2023-07-04,CAD,IDR,sell,11388.54
2023-07-04,CHF,IDR,buy,16635.71
2023-07-04,CHF,IDR,sell,16810.38
2023-07-04,CNH,IDR,buy,2059.11
2023-07-04,CNH,IDR,sell,2079.98
2023-07-04,CNY,IDR,buy,2062.21
2023-07-04,CNY,IDR,sell,2083.28
2023-07-04,DKK,IDR,buy,2184.31
2023-07-04,DKK,IDR,sell,2206.59
2023-07-04,EUR,IDR,buy,16264.74
2023-07-04,EUR,IDR,sell,16434.24
2023-07-04,GBP,IDR,buy,18948.35
2023-07-04,GBP,IDR,sell,19146.34
2023-07-04,HKD,IDR,buy,1909.6
2023-07-04,HKD,IDR,sell,1928.81
2023-07-04,JPY,IDR,buy,103.2783
2023-07-04,JPY,IDR,sell,104.3523
2023-07-04,KRW,IDR,buy,11.42
2023-07-04,KRW,IDR,sell,11.54
2023-07-04,KWD,IDR,buy,48603.93
2023-07-04,KWD,IDR,sell,49154.69
2023-07-04,LAK,IDR,buy,0.78
2023-07-04,LAK,IDR,sell,0.79
2023-07-04,MYR,IDR,buy,3197.7
2023-07-04,MYR,IDR,sell,3235.37
2023-07-04,NOK,IDR,buy,1389.68
2023-07-04,NOK,IDR,sell,1404.51
2023-07-04,NZD,IDR,buy,9175.75
2023-07-04,NZD,IDR,sell,9269.48
2023-07-04,PGK,IDR,buy,4076.28
2023-07-04,PGK,IDR,sell,4230.57
2023-07-04,PHP,IDR,buy,270.28
2023-07-04,PHP,IDR,sell,273.15
2023-07-04,SAR,IDR,buy,3987.64
2023-07-04,SAR,IDR,sell,4028.25
2023-07-04,SEK,IDR,buy,1379.39
2023-07-04,SEK,IDR,sell,1393.76
2023-07-04,SGD,IDR,buy,11054.41
2023-07-04,SGD,IDR,sell,11169.64
2023-07-04,THB,IDR,buy,424.97
2023-07-04,THB,IDR,sell,429.36
2023-07-04,USD,IDR,buy,14958.83
2023-07-04,USD,IDR,sell,15109.17
2023-07-04,VND,IDR,buy,0.63
2023-07-04,VND,IDR,sell,0.64
2023-07-05,AUD,IDR,buy,9981.86
2023-07-05,AUD,IDR,sell,10089.73
2023-07-05,BND,IDR,buy,11075.39
2023-07-05,BND,IDR,sell,11190.84
2023-07-05,CAD,IDR,buy,11293.01
2023-07-05,CAD,IDR,sell,11409.96
2023-07-05,CHF,IDR,buy,16666.19
2023-07-05,CHF,IDR,sell,16837.45
2023-07-05,CNH,IDR,buy,2068.71
2023-07-05,CNH,IDR,sell,2089.65
2023-07-05,CNY,IDR,buy,2071.63
2023-07-05,CNY,IDR,sell,2092.83
2023-07-05,DKK,IDR,buy,2187.83
2023-07-05,DKK,IDR,sell,2210.02
2023-07-05,EUR,IDR,buy,16290.76
2023-07-05,EUR,IDR,sell,16460.52
2023-07-05,GBP,IDR,buy,18970.02
2023-07-05,GBP,IDR,sell,19166.71
2023-07-05,HKD,IDR,buy,1908.2
2023-07-05,HKD,IDR,sell,1927.52
2023-07-05,JPY,IDR,buy,103.4255
2023-07-05,JPY,IDR,sell,104.4721
2023-07-05,KRW,IDR,buy,11.49
2023-07-05,KRW,IDR,sell,11.6
2023-07-05,KWD,IDR,buy,48601.15
2023-07-05,KWD,IDR,sell,49121.56
2023-07-05,LAK,IDR,buy,0.8
2023-07-05,LAK,IDR,sell,0.81
2023-07-05,MYR,IDR,buy,3210.08
2023-07-05,MYR,IDR,sell,3245.83
2023-07-05,NOK,IDR,buy,1399.76
2023-07-05,NOK,IDR,sell,1414.34
2023-07-05,NZD,IDR,buy,9219.78
2023-07-05,NZD,IDR,sell,9319.98
2023-07-05,PGK,IDR,buy,4071.94
2023-07-05,PGK,IDR,sell,4226.07
2023-07-05,PHP,IDR,buy,270.46
2023-07-05,PHP,IDR,sell,273.33
2023-07-05,SAR,IDR,buy,3984.03
2023-07-05,SAR,IDR,sell,4024.72
2023-07-05,SEK,IDR,buy,1377.87
2023-07-05,SEK,IDR,sell,1392.11
2023-07-05,SGD,IDR,buy,11075.39
2023-07-05,SGD,IDR,sell,11190.84
2023-07-05,THB,IDR,buy,427.06
2023-07-05,THB,IDR,sell,431.6
2023-07-05,USD,IDR,buy,14942.91
2023-07-05,USD,IDR,sell,15093.09
2023-07-05,VND,IDR,buy,0.63
2023-07-05,VND,IDR,sell,0.64
2023-07-06,AUD,IDR,buy,9977.04
2023-07-06,AUD,IDR,sell,10080.34
2023-07-06,BND,IDR,buy,11046.31
2023-07-06,BND,IDR,sell,11161.47
2023-07-06,CAD,IDR,buy,11267.96
2023-07-06,CAD,IDR,sell,11385.5
2023-07-06,CHF,IDR,buy,16642.08
2023-07-06,CHF,IDR,sell,16816.84
2023-07-06,CNH,IDR,buy,2059.67
2023-07-06,CNH,IDR,sell,2080.45
2023-07-06,CNY,IDR,buy,2062.25
2023-07-06,CNY,IDR,sell,2083.18
2023-07-06,DKK,IDR,buy,2182.22
2023-07-06,DKK,IDR,sell,2204.34
2023-07-06,EUR,IDR,buy,16250.97
2023-07-06,EUR,IDR,sell,16420.35
2023-07-06,GBP,IDR,buy,18975.65
2023-07-06,GBP,IDR,sell,19172.41
2023-07-06,HKD,IDR,buy,1908.51
2023-07-06,HKD,IDR,sell,1927.72
2023-07-06,JPY,IDR,buy,103.4698
2023-07-06,JPY,IDR,sell,104.5315
2023-07-06,KRW,IDR,buy,11.49
2023-07-06,KRW,IDR,sell,11.61
2023-07-06,KWD,IDR,buy,48591.28
2023-07-06,KWD,IDR,sell,49134
2023-07-06,LAK,IDR,buy,0.78
2023-07-06,LAK,IDR,sell,0.79
2023-07-06,MYR,IDR,buy,3210.04
2023-07-06,MYR,IDR,sell,3246.49
2023-07-06,NOK,IDR,buy,1402.2
2023-07-06,NOK,IDR,sell,1416.73
2023-07-06,NZD,IDR,buy,9251.06
2023-07-06,NZD,IDR,sell,9350.08
2023-07-06,PGK,IDR,buy,4070.59
2023-07-06,PGK,IDR,sell,4224.66
2023-07-06,PHP,IDR,buy,269.64
2023-07-06,PHP,IDR,sell,272.5
2023-07-06,SAR,IDR,buy,3982.49
2023-07-06,SAR,IDR,sell,4023.16
2023-07-06,SEK,IDR,buy,1374.72
2023-07-06,SEK,IDR,sell,1389.04
2023-07-06,SGD,IDR,buy,11046.31
2023-07-06,SGD,IDR,sell,11161.47
2023-07-06,THB,IDR,buy,428.51
2023-07-06,THB,IDR,sell,432.94
2023-07-06,USD,IDR,buy,14937.93
2023-07-06,USD,IDR,sell,15088.07
2023-07-06,VND,IDR,buy,0.63
2023-07-06,VND,IDR,sell,0.64
2023-07-07,AUD,IDR,buy,9994.62
2023-07-07,AUD,IDR,sell,10096.59
2023-07-07,BND,IDR,buy,11084.83
2023-07-07,BND,IDR,sell,11200.38
2023-07-07,CAD,IDR,buy,11269.04
2023-07-07,CAD,IDR,sell,11386.57
2023-07-07,CHF,IDR,buy,16688.96
2023-07-07,CHF,IDR,sell,16864.2
2023-07-07,CNH,IDR,buy,2064.62
2023-07-07,CNH,IDR,sell,2085.52
2023-07-07,CNY,IDR,buy,2067.61
2023-07-07,CNY,IDR,sell,2088.57
2023-07-07,DKK,IDR,buy,2184.33
2023-07-07,DKK,IDR,sell,2206.44
2023-07-07,EUR,IDR,buy,16268.05
2023-07-07,EUR,IDR,sell,16437.6
2023-07-07,GBP,IDR,buy,19070.56
2023-07-07,GBP,IDR,sell,19269.8
2023-07-07,HKD,IDR,buy,1917.19
2023-07-07,HKD,IDR,sell,1936.53
2023-07-07,JPY,IDR,buy,104.1466
2023-07-07,JPY,IDR,sell,105.2152
2023-07-07,KRW,IDR,buy,11.49
2023-07-07,KRW,IDR,sell,11.61
2023-07-07,KWD,IDR,buy,48734.03
2023-07-07,KWD,IDR,sell,49286.33
2023-07-07,LAK,IDR,buy,0.8
2023-07-07,LAK,IDR,sell,0.81
2023-07-07,MYR,IDR,buy,3215.34
2023-07-07,MYR,IDR,sell,3250.44
2023-07-07,NOK,IDR,buy,1399.83
2023-07-07,NOK,IDR,sell,1414.58
2023-07-07,NZD,IDR,buy,9290.25
2023-07-07,NZD,IDR,sell,9385.13
2023-07-07,PGK,IDR,buy,4083.87
2023-07-07,PGK,IDR,sell,4238.45
2023-07-07,PHP,IDR,buy,269.93
2023-07-07,PHP,IDR,sell,272.79
2023-07-07,SAR,IDR,buy,3994.96
2023-07-07,SAR,IDR,sell,4035.76
2023-07-07,SEK,IDR,buy,1367.42
2023-07-07,SEK,IDR,sell,1381.52
2023-07-07,SGD,IDR,buy,11084.83
2023-07-07,SGD,IDR,sell,11200.38
2023-07-07,THB,IDR,buy,426.73
2023-07-07,THB,IDR,sell,431.26
2023-07-07,USD,IDR,buy,14986.69
2023-07-07,USD,IDR,sell,15137.31
2023-07-07,VND,IDR,buy,0.63
2023-07-07,VND,IDR,sell,0.64
2023-07-10,AUD,IDR,buy,9981.98
2023-07-10,AUD,IDR,sell,10083.82
2023-07-10,BND,IDR,buy,11136
2023-07-10,BND,IDR,sell,11252.07
2023-07-10,CAD,IDR,buy,11255
2023-07-10,CAD,IDR,sell,11371.52
2023-07-10,CHF,IDR,buy,16804.64
2023-07-10,CHF,IDR,sell,16981.11
2023-07-10,CNH,IDR,buy,2076.54
2023-07-10,CNH,IDR,sell,2097.53
2023-07-10,CNY,IDR,buy,2078.95
2023-07-10,CNY,IDR,sell,2100.1
2023-07-10,DKK,IDR,buy,2197.21
2023-07-10,DKK,IDR,sell,2219.61
2023-07-10,EUR,IDR,buy,16372.07
2023-07-10,EUR,IDR,sell,16539.66
2023-07-10,GBP,IDR,buy,19165.76
2023-07-10,GBP,IDR,sell,19364.47
2023-07-10,HKD,IDR,buy,1924.44
2023-07-10,HKD,IDR,sell,1943.81
2023-07-10,JPY,IDR,buy,105.1111
2023-07-10,JPY,IDR,sell,106.2046
2023-07-10,KRW,IDR,buy,11.53
2023-07-10,KRW,IDR,sell,11.65
2023-07-10,KWD,IDR,buy,48990.99
2023-07-10,KWD,IDR,sell,49499.46
2023-07-10,LAK,IDR,buy,0.78
2023-07-10,LAK,IDR,sell,0.8
2023-07-10,MYR,IDR,buy,3226.29
2023-07-10,MYR,IDR,sell,3262.21
2023-07-10,NOK,IDR,buy,1399.71
2023-07-10,NOK,IDR,sell,1414.3
2023-07-10,NZD,IDR,buy,9292.22
2023-07-10,NZD,IDR,sell,9391.69
2023-07-10,PGK,IDR,buy,4103.94
2023-07-10,PGK,IDR,sell,4259.27
2023-07-10,PHP,IDR,buy,270.7
2023-07-10,PHP,IDR,sell,273.57
2023-07-10,SAR,IDR,buy,4014.48
2023-07-10,SAR,IDR,sell,4055.04
2023-07-10,SEK,IDR,buy,1373.89
2023-07-10,SEK,IDR,sell,1388.08
2023-07-10,SGD,IDR,buy,11136
2023-07-10,SGD,IDR,sell,11252.07
2023-07-10,THB,IDR,buy,427.36
2023-07-10,THB,IDR,sell,431.9
2023-07-10,USD,IDR,buy,15060.32
2023-07-10,USD,IDR,sell,15211.68
2023-07-10,VND,IDR,buy,0.64
2023-07-10,VND,IDR,sell,0.64
2023-07-11,AUD,IDR,buy,10047.63
2023-07-11,AUD,IDR,sell,10156.25
2023-07-11,BND,IDR,buy,11210.35
2023-07-11,BND,IDR,sell,11324.7
2023-07-11,CAD,IDR,buy,11381.7
2023-07-11,CAD,IDR,sell,11500.42
2023-07-11,CHF,IDR,buy,16969.06
2023-07-11,CHF,IDR,sell,17147.3
2023-07-11,CNH,IDR,buy,2088.05
2023-07-11,CNH,IDR,sell,2109.18
2023-07-11,CNY,IDR,buy,2089.78
2023-07-11,CNY,IDR,sell,2110.96
2023-07-11,DKK,IDR,buy,2222.06
2023-07-11,DKK,IDR,sell,2244.73
2023-07-11,EUR,IDR,buy,16553.58
2023-07-11,EUR,IDR,sell,16726.05
2023-07-11,GBP,IDR,buy,19365.16
2023-07-11,GBP,IDR,sell,19567.42
2023-07-11,HKD,IDR,buy,1930.85
2023-07-11,HKD,IDR,sell,1950.3
2023-07-11,JPY,IDR,buy,106.1743
2023-07-11,JPY,IDR,sell,107.2791
2023-07-11,KRW,IDR,buy,11.58
2023-07-11,KRW,IDR,sell,11.7
2023-07-11,KWD,IDR,buy,49197.85
2023-07-11,KWD,IDR,sell,49708.48
2023-07-11,LAK,IDR,buy,0.79
2023-07-11,LAK,IDR,sell,0.8
2023-07-11,MYR,IDR,buy,3236.84
2023-07-11,MYR,IDR,sell,3272.87
2023-07-11,NOK,IDR,buy,1432.05
2023-07-11,NOK,IDR,sell,1446.99
2023-07-11,NZD,IDR,buy,9349.27
2023-07-11,NZD,IDR,sell,9450.87
2023-07-11,PGK,IDR,buy,4119.12
2023-07-11,PGK,IDR,sell,4275.03
2023-07-11,PHP,IDR,buy,271.33
2023-07-11,PHP,IDR,sell,274.21
2023-07-11,SAR,IDR,buy,4029.33
2023-07-11,SAR,IDR,sell,4070.05
2023-07-11,SEK,IDR,buy,1394.3
2023-07-11,SEK,IDR,sell,1408.64
2023-07-11,SGD,IDR,buy,11210.35
2023-07-11,SGD,IDR,sell,11324.7
2023-07-11,THB,IDR,buy,429.8
2023-07-11,THB,IDR,sell,434.37
2023-07-11,USD,IDR,buy,15116.04
2023-07-11,USD,IDR,sell,15267.96
2023-07-11,VND,IDR,buy,0.64
2023-07-11,VND,IDR,sell,0.65
2023-07-12,AUD,IDR,buy,10065.51
2023-07-12,AUD,IDR,sell,10168.19
2023-07-12,BND,IDR,buy,11242.41
2023-07-12,BND,IDR,sell,11359.63
2023-07-12,CAD,IDR,buy,11365.22
2023-07-12,CAD,IDR,sell,11483.77
2023-07-12,CHF,IDR,buy,17096.77
2023-07-12,CHF,IDR,sell,17276.43
2023-07-12,CNH,IDR,buy,2093.41
2023-07-12,CNH,IDR,sell,2114.66
2023-07-12,CNY,IDR,buy,2094.2
2023-07-12,CNY,IDR,sell,2115.45
2023-07-12,DKK,IDR,buy,2228.49
2023-07-12,DKK,IDR,sell,2251.08
2023-07-12,EUR,IDR,buy,16603.86
2023-07-12,EUR,IDR,sell,16776.83
2023-07-12,GBP,IDR,buy,19417.44
2023-07-12,GBP,IDR,sell,19618.68
2023-07-12,HKD,IDR,buy,1927.55
2023-07-12,HKD,IDR,sell,1946.95
2023-07-12,JPY,IDR,buy,107.3445
2023-07-12,JPY,IDR,sell,108.4619
2023-07-12,KRW,IDR,buy,11.66
2023-07-12,KRW,IDR,sell,11.78
2023-07-12,KWD,IDR,buy,49081.53
2023-07-12,KWD,IDR,sell,49652.35
2023-07-12,LAK,IDR,buy,0.79
2023-07-12,LAK,IDR,sell,0.8
2023-07-12,MYR,IDR,buy,3236.69
2023-07-12,MYR,IDR,sell,3272.73
2023-07-12,NOK,IDR,buy,1439.85
2023-07-12,NOK,IDR,sell,1454.89
2023-07-12,NZD,IDR,buy,9339.86
2023-07-12,NZD,IDR,sell,9439.82
2023-07-12,PGK,IDR,buy,4110.99
2023-07-12,PGK,IDR,sell,4266.59
2023-07-12,PHP,IDR,buy,272.84
2023-07-12,PHP,IDR,sell,275.8
2023-07-12,SAR,IDR,buy,4021.59
2023-07-12,SAR,IDR,sell,4062.55
2023-07-12,SEK,IDR,buy,1406.87
2023-07-12,SEK,IDR,sell,1421.41
2023-07-12,SGD,IDR,buy,11242.41
2023-07-12,SGD,IDR,sell,11359.63
2023-07-12,THB,IDR,buy,433.01
2023-07-12,THB,IDR,sell,437.62
2023-07-12,USD,IDR,buy,15086.19
2023-07-12,USD,IDR,sell,15237.81
2023-07-12,VND,IDR,buy,0.64
2023-07-12,VND,IDR,sell,0.64
2023-07-13,AUD,IDR,buy,10036.24
2023-07-13,AUD,IDR,sell,10138.62
2023-07-13,BND,IDR,buy,11218.01
2023-07-13,BND,IDR,sell,11331.6
2023-07-13,CAD,IDR,buy,11352.08
2023-07-13,CAD,IDR,sell,11469.64
2023-07-13,CHF,IDR,buy,17074.61
2023-07-13,CHF,IDR,sell,17248.17
2023-07-13,CNH,IDR,buy,2086.61
2023-07-13,CNH,IDR,sell,2107.73
2023-07-13,CNY,IDR,buy,2087.45
2023-07-13,CNY,IDR,sell,2108.64
2023-07-13,DKK,IDR,buy,2219.91
2023-07-13,DKK,IDR,sell,2242.42
2023-07-13,EUR,IDR,buy,16542.46
2023-07-13,EUR,IDR,sell,16714.78
2023-07-13,GBP,IDR,buy,19416.6
2023-07-13,GBP,IDR,sell,19616.29
2023-07-13,HKD,IDR,buy,1916.88
2023-07-13,HKD,IDR,sell,1936.22
2023-07-13,JPY,IDR,buy,107.4959
2023-07-13,JPY,IDR,sell,108.6152
2023-07-13,KRW,IDR,buy,11.65
2023-07-13,KRW,IDR,sell,11.77
2023-07-13,KWD,IDR,buy,48841.75
2023-07-13,KWD,IDR,sell,49404.97
2023-07-13,LAK,IDR,buy,0.78
2023-07-13,LAK,IDR,sell,0.8
2023-07-13,MYR,IDR,buy,3224.88
2023-07-13,MYR,IDR,sell,3261.49
2023-07-13,NOK,IDR,buy,1451.25
2023-07-13,NOK,IDR,sell,1466.15
2023-07-13,NZD,IDR,buy,9308.32
2023-07-13,NZD,IDR,sell,9407.94
2023-07-13,PGK,IDR,buy,4089.84
2023-07-13,PGK,IDR,sell,4244.64
2023-07-13,PHP,IDR,buy,273.08
2023-07-13,PHP,IDR,sell,276.03
2023-07-13,SAR,IDR,buy,4000.79
2023-07-13,SAR,IDR,sell,4041.43
2023-07-13,SEK,IDR,buy,1408.04
2023-07-13,SEK,IDR,sell,1422.52
2023-07-13,SGD,IDR,buy,11218.01
2023-07-13,SGD,IDR,sell,11331.6
2023-07-13,THB,IDR,buy,429.92
2023-07-13,THB,IDR,sell,434.49
2023-07-13,USD,IDR,buy,15008.58
2023-07-13,USD,IDR,sell,15159.42
2023-07-13,VND,IDR,buy,0.63
2023-07-13,VND,IDR,sell,0.64
2023-07-14,AUD,IDR,buy,10195.22
2023-07-14,AUD,IDR,sell,10300.69
2023-07-14,BND,IDR,buy,11238.3
2023-07-14,BND,IDR,sell,11353.82
2023-07-14,CAD,IDR,buy,11326.27
2023-07-14,CAD,IDR,sell,11443.58
2023-07-14,CHF,IDR,buy,17262.96
2023-07-14,CHF,IDR,sell,17442.51
2023-07-14,CNH,IDR,buy,2080.31
2023-07-14,CNH,IDR,sell,2101.39
2023-07-14,CNY,IDR,buy,2081.53
2023-07-14,CNY,IDR,sell,2102.71
2023-07-14,DKK,IDR,buy,2230.54
2023-07-14,DKK,IDR,sell,2253.16
2023-07-14,EUR,IDR,buy,16621.44
2023-07-14,EUR,IDR,sell,16794.51
2023-07-14,GBP,IDR,buy,19414.28
2023-07-14,GBP,IDR,sell,19615.42
2023-07-14,HKD,IDR,buy,1905.57
2023-07-14,HKD,IDR,sell,1924.75
2023-07-14,JPY,IDR,buy,107.7203
2023-07-14,JPY,IDR,sell,108.8108
2023-07-14,KRW,IDR,buy,11.75
2023-07-14,KRW,IDR,sell,11.87
2023-07-14,KWD,IDR,buy,48606.08
2023-07-14,KWD,IDR,sell,49190.84
2023-07-14,LAK,IDR,buy,0.78
2023-07-14,LAK,IDR,sell,0.79
2023-07-14,MYR,IDR,buy,3232.78
2023-07-14,MYR,IDR,sell,3269.52
2023-07-14,NOK,IDR,buy,1476.29
2023-07-14,NOK,IDR,sell,1491.57
2023-07-14,NZD,IDR,buy,9464.97
2023-07-14,NZD,IDR,sell,9561.6
2023-07-14,PGK,IDR,buy,4061.1
2023-07-14,PGK,IDR,sell,4327.71
2023-07-14,PHP,IDR,buy,273.15
2023-07-14,PHP,IDR,sell,276
2023-07-14,SAR,IDR,buy,3972.26
2023-07-14,SAR,IDR,sell,4012.61
2023-07-14,SEK,IDR,buy,1439.16
2023-07-14,SEK,IDR,sell,1453.94
2023-07-14,SGD,IDR,buy,11238.3
2023-07-14,SGD,IDR,sell,11353.82
2023-07-14,THB,IDR,buy,431.85
2023-07-14,THB,IDR,sell,436.44
2023-07-14,USD,IDR,buy,14903.11
2023-07-14,USD,IDR,sell,15052.89
2023-07-14,VND,IDR,buy,0.63
2023-07-14,VND,IDR,sell,0.64
2023-07-17,AUD,IDR,buy,10221.82
2023-07-17,AUD,IDR,sell,10327.57
2023-07-17,BND,IDR,buy,11266.21
2023-07-17,BND,IDR,sell,11383.76
2023-07-17,CAD,IDR,buy,11335.78
2023-07-17,CAD,IDR,sell,11453.2
2023-07-17,CHF,IDR,buy,17331.32
2023-07-17,CHF,IDR,sell,17513.68
2023-07-17,CNH,IDR,buy,2083.14
2023-07-17,CNH,IDR,sell,2104.19
2023-07-17,CNY,IDR,buy,2083.46
2023-07-17,CNY,IDR,sell,2104.58
2023-07-17,DKK,IDR,buy,2239.4
2023-07-17,DKK,IDR,sell,2262.11
2023-07-17,EUR,IDR,buy,16687.42
2023-07-17,EUR,IDR,sell,16858.14
2023-07-17,GBP,IDR,buy,19502.36
2023-07-17,GBP,IDR,sell,19704.38
2023-07-17,HKD,IDR,buy,1902.15
2023-07-17,HKD,IDR,sell,1921.3
2023-07-17,JPY,IDR,buy,107.5607
2023-07-17,JPY,IDR,sell,108.6811
2023-07-17,KRW,IDR,buy,11.75
2023-07-17,KRW,IDR,sell,11.88
2023-07-17,KWD,IDR,buy,48544.89
2023-07-17,KWD,IDR,sell,49093.71
2023-07-17,LAK,IDR,buy,0.77
2023-07-17,LAK,IDR,sell,0.79
2023-07-17,MYR,IDR,buy,3280.45
2023-07-17,MYR,IDR,sell,3319.28
2023-07-17,NOK,IDR,buy,1486
2023-07-17,NOK,IDR,sell,1501.52
2023-07-17,NZD,IDR,buy,9485.75
2023-07-17,NZD,IDR,sell,9587.09
2023-07-17,PGK,IDR,buy,4052.15
2023-07-17,PGK,IDR,sell,4205.52
2023-07-17,PHP,IDR,buy,273.05
2023-07-17,PHP,IDR,sell,276.1
2023-07-17,SAR,IDR,buy,3963.29
2023-07-17,SAR,IDR,sell,4003.55
2023-07-17,SEK,IDR,buy,1451.08
2023-07-17,SEK,IDR,sell,1466.17
2023-07-17,SGD,IDR,buy,11266.21
2023-07-17,SGD,IDR,sell,11383.76
2023-07-17,THB,IDR,buy,429.65
2023-07-17,THB,IDR,sell,434.1
2023-07-17,USD,IDR,buy,14870.27
2023-07-17,USD,IDR,sell,15019.73
2023-07-17,VND,IDR,buy,0.63
2023-07-17,VND,IDR,sell,0.64
2023-07-18,AUD,IDR,buy,10177.63
2023-07-18,AUD,IDR,sell,10282.93
2023-07-18,BND,IDR,buy,11295.84
2023-07-18,BND,IDR,sell,11413.67
2023-07-18,CAD,IDR,buy,11290.71
2023-07-18,CAD,IDR,sell,11407.63
2023-07-18,CHF,IDR,buy,17372.86
2023-07-18,CHF,IDR,sell,17555.62
2023-07-18,CNH,IDR,buy,2079.34
2023-07-18,CNH,IDR,sell,2100.3
2023-07-18,CNY,IDR,buy,2081.69
2023-07-18,CNY,IDR,sell,2102.88
2023-07-18,DKK,IDR,buy,2253.41
2023-07-18,DKK,IDR,sell,2276.22
2023-07-18,EUR,IDR,buy,16786.52
2023-07-18,EUR,IDR,sell,16961.25
2023-07-18,GBP,IDR,buy,19556.4
2023-07-18,GBP,IDR,sell,19758.97
2023-07-18,HKD,IDR,buy,1911
2023-07-18,HKD,IDR,sell,1930.28
2023-07-18,JPY,IDR,buy,107.6877
2023-07-18,JPY,IDR,sell,108.7777
2023-07-18,KRW,IDR,buy,11.79
2023-07-18,KRW,IDR,sell,11.91
2023-07-18,KWD,IDR,buy,48682.74
2023-07-18,KWD,IDR,sell,49276.41
2023-07-18,LAK,IDR,buy,0.78
2023-07-18,LAK,IDR,sell,0.79
2023-07-18,MYR,IDR,buy,3278.15
2023-07-18,MYR,IDR,sell,3314.73
2023-07-18,NOK,IDR,buy,1492.18
2023-07-18,NOK,IDR,sell,1507.63
2023-07-18,NZD,IDR,buy,9471.35
2023-07-18,NZD,IDR,sell,9572.56
2023-07-18,PGK,IDR,buy,4046.56
2023-07-18,PGK,IDR,sell,4358.71
2023-07-18,PHP,IDR,buy,274.43
2023-07-18,PHP,IDR,sell,277.35
2023-07-18,SAR,IDR,buy,3979.63
2023-07-18,SAR,IDR,sell,4020.16
2023-07-18,SEK,IDR,buy,1466.28
2023-07-18,SEK,IDR,sell,1481.42
2023-07-18,SGD,IDR,buy,11295.84
2023-07-18,SGD,IDR,sell,11413.67
2023-07-18,THB,IDR,buy,430.56
2023-07-18,THB,IDR,sell,435.14
2023-07-18,USD,IDR,buy,14931.97
2023-07-18,USD,IDR,sell,15082.03
2023-07-18,VND,IDR,buy,0.63
2023-07-18,VND,IDR,sell,0.64
2023-07-20,AUD,IDR,buy,10153.89
2023-07-20,AUD,IDR,sell,10258.95
2023-07-20,BND,IDR,buy,11285.2
2023-07-20,BND,IDR,sell,11402.93
2023-07-20,CAD,IDR,buy,11294.59
2023-07-20,CAD,IDR,sell,11408.97
2023-07-20,CHF,IDR,buy,17384.09
2023-07-20,CHF,IDR,sell,17567
2023-07-20,CNH,IDR,buy,2077.77
2023-07-20,CNH,IDR,sell,2098.77
2023-07-20,CNY,IDR,buy,2079.54
2023-07-20,CNY,IDR,sell,2100.64
2023-07-20,DKK,IDR,buy,2252.1
2023-07-20,DKK,IDR,sell,2274.94
2023-07-20,EUR,IDR,buy,16777.94
2023-07-20,EUR,IDR,sell,16952.59
2023-07-20,GBP,IDR,buy,19517.08
2023-07-20,GBP,IDR,sell,19714.73
2023-07-20,HKD,IDR,buy,1909.1
2023-07-20,HKD,IDR,sell,1928.36
2023-07-20,JPY,IDR,buy,107.9134
2023-07-20,JPY,IDR,sell,109.0059
2023-07-20,KRW,IDR,buy,11.83
2023-07-20,KRW,IDR,sell,11.95
2023-07-20,KWD,IDR,buy,48672.29
2023-07-20,KWD,IDR,sell,49233.74
2023-07-20,LAK,IDR,buy,0.78
2023-07-20,LAK,IDR,sell,0.79
2023-07-20,MYR,IDR,buy,3286.13
2023-07-20,MYR,IDR,sell,3322.82
2023-07-20,NOK,IDR,buy,1483.48
2023-07-20,NOK,IDR,sell,1498.98
2023-07-20,NZD,IDR,buy,9406.45
2023-07-20,NZD,IDR,sell,9502.49
2023-07-20,PGK,IDR,buy,4065.44
2023-07-20,PGK,IDR,sell,4219.31
2023-07-20,PHP,IDR,buy,274.07
2023-07-20,PHP,IDR,sell,276.99
2023-07-20,SAR,IDR,buy,3976.18
2023-07-20,SAR,IDR,sell,4016.79
2023-07-20,SEK,IDR,buy,1461.36
2023-07-20,SEK,IDR,sell,1476.48
2023-07-20,SGD,IDR,buy,11285.2
2023-07-20,SGD,IDR,sell,11402.93
2023-07-20,THB,IDR,buy,435.85
2023-07-20,THB,IDR,sell,440.48
2023-07-20,USD,IDR,buy,14919.03
2023-07-20,USD,IDR,sell,15068.97
2023-07-20,VND,IDR,buy,0.63
2023-07-20,VND,IDR,sell,0.64
2023-07-21,AUD,IDR,buy,10178.71
2023-07-21,AUD,IDR,sell,10284.02
2023-07-21,BND,IDR,buy,11262.5
2023-07-21,BND,IDR,sell,11377.4
2023-07-21,CAD,IDR,buy,11346.46
2023-07-21,CAD,IDR,sell,11463.97
2023-07-21,CHF,IDR,buy,17376.57
2023-07-21,CHF,IDR,sell,17559.38
2023-07-21,CNH,IDR,buy,2074.01
2023-07-21,CNH,IDR,sell,2094.97
2023-07-21,CNY,IDR,buy,2075.42
2023-07-21,CNY,IDR,sell,2096.34
2023-07-21,DKK,IDR,buy,2243.42
2023-07-21,DKK,IDR,sell,2266.17
2023-07-21,EUR,IDR,buy,16713.43
2023-07-21,EUR,IDR,sell,16887.42
2023-07-21,GBP,IDR,buy,19255.13
2023-07-21,GBP,IDR,sell,19454.66
2023-07-21,HKD,IDR,buy,1909.28
2023-07-21,HKD,IDR,sell,1928.54
2023-07-21,JPY,IDR,buy,106.8255
2023-07-21,JPY,IDR,sell,107.9223
2023-07-21,KRW,IDR,buy,11.71
2023-07-21,KRW,IDR,sell,11.83
2023-07-21,KWD,IDR,buy,48607.06
2023-07-21,KWD,IDR,sell,49167.65
2023-07-21,LAK,IDR,buy,0.78
2023-07-21,LAK,IDR,sell,0.79
2023-07-21,MYR,IDR,buy,3274.65
2023-07-21,MYR,IDR,sell,3312.65
2023-07-21,NOK,IDR,buy,1490.89
2023-07-21,NOK,IDR,sell,1506.44
2023-07-21,NZD,IDR,buy,9361.31
2023-07-21,NZD,IDR,sell,9456.9
2023-07-21,PGK,IDR,buy,4042.25
2023-07-21,PGK,IDR,sell,4354.06
2023-07-21,PHP,IDR,buy,273.44
2023-07-21,PHP,IDR,sell,276.34
2023-07-21,SAR,IDR,buy,3976.13
2023-07-21,SAR,IDR,sell,4016.62
2023-07-21,SEK,IDR,buy,1453.4
2023-07-21,SEK,IDR,sell,1468.54
2023-07-21,SGD,IDR,buy,11262.5
2023-07-21,SGD,IDR,sell,11377.4
2023-07-21,THB,IDR,buy,437.93
2023-07-21,THB,IDR,sell,442.47
2023-07-21,USD,IDR,buy,14916.05
2023-07-21,USD,IDR,sell,15065.95
2023-07-21,VND,IDR,buy,0.63
2023-07-21,VND,IDR,sell,0.64
2023-07-24,AUD,IDR,buy,10100.81
2023-07-24,AUD,IDR,sell,10205.34
2023-07-24,BND,IDR,buy,11254.8
2023-07-24,BND,IDR,sell,11372.19
2023-07-24,CAD,IDR,buy,11348.77
2023-07-24,CAD,IDR,sell,11466.31
2023-07-24,CHF,IDR,buy,17254.32
2023-07-24,CHF,IDR,sell,17429.74
2023-07-24,CNH,IDR,buy,2082.44
2023-07-24,CNH,IDR,sell,2103.49
2023-07-24,CNY,IDR,buy,2083.45
2023-07-24,CNY,IDR,sell,2104.51
2023-07-24,DKK,IDR,buy,2233.11
2023-07-24,DKK,IDR,sell,2255.75
2023-07-24,EUR,IDR,buy,16637.33
2023-07-24,EUR,IDR,sell,16810.58
2023-07-24,GBP,IDR,buy,19243.26
2023-07-24,GBP,IDR,sell,19442.7
2023-07-24,HKD,IDR,buy,1912.73
2023-07-24,HKD,IDR,sell,1932
2023-07-24,JPY,IDR,buy,105.7795
2023-07-24,JPY,IDR,sell,106.8501
2023-07-24,KRW,IDR,buy,11.64
2023-07-24,KRW,IDR,sell,11.77
2023-07-24,KWD,IDR,buy,48677.7
2023-07-24,KWD,IDR,sell,49182.94
2023-07-24,LAK,IDR,buy,0.78
2023-07-24,LAK,IDR,sell,0.8
2023-07-24,MYR,IDR,buy,3278.7
2023-07-24,MYR,IDR,sell,3315.29
2023-07-24,NOK,IDR,buy,1486.05
2023-07-24,NOK,IDR,sell,1501.58
2023-07-24,NZD,IDR,buy,9278.51
2023-07-24,NZD,IDR,sell,9377.8
2023-07-24,PGK,IDR,buy,4074.11
2023-07-24,PGK,IDR,sell,4228.32
2023-07-24,PHP,IDR,buy,273
2023-07-24,PHP,IDR,sell,275.9
2023-07-24,SAR,IDR,buy,3986.15
2023-07-24,SAR,IDR,sell,4026.43
2023-07-24,SEK,IDR,buy,1439.59
2023-07-24,SEK,IDR,sell,1454.48
2023-07-24,SGD,IDR,buy,11254.8
2023-07-24,SGD,IDR,sell,11372.19
2023-07-24,THB,IDR,buy,434.37
2023-07-24,THB,IDR,sell,438.99
2023-07-24,USD,IDR,buy,14950.87
2023-07-24,USD,IDR,sell,15101.13
2023-07-24,VND,IDR,buy,0.63
2023-07-24,VND,IDR,sell,0.64
2023-07-25,AUD,IDR,buy,10063.27
2023-07-25,AUD,IDR,sell,10171.96
2023-07-25,BND,IDR,buy,11228.4
2023-07-25,BND,IDR,sell,11342.1
2023-07-25,CAD,IDR,buy,11319.35
2023-07-25,CAD,IDR,sell,11437.44
2023-07-25,CHF,IDR,buy,17224.81
2023-07-25,CHF,IDR,sell,17399.93
2023-07-25,CNH,IDR,buy,2073.59
2023-07-25,CNH,IDR,sell,2095.01
2023-07-25,CNY,IDR,buy,2075.81
2023-07-25,CNY,IDR,sell,2096.84
2023-07-25,DKK,IDR,buy,2223.21
2023-07-25,DKK,IDR,sell,2245.89
2023-07-25,EUR,IDR,buy,16563.28
2023-07-25,EUR,IDR,sell,16735.79
2023-07-25,GBP,IDR,buy,19205.45
2023-07-25,GBP,IDR,sell,19404.51
2023-07-25,HKD,IDR,buy,1913.75
2023-07-25,HKD,IDR,sell,1933.1
2023-07-25,JPY,IDR,buy,105.6665
2023-07-25,JPY,IDR,sell,106.7511
2023-07-25,KRW,IDR,buy,11.65
2023-07-25,KRW,IDR,sell,11.77
2023-07-25,KWD,IDR,buy,48707.97
2023-07-25,KWD,IDR,sell,49213.53
2023-07-25,LAK,IDR,buy,0.78
2023-07-25,LAK,IDR,sell,0.79
2023-07-25,MYR,IDR,buy,3264.82
2023-07-25,MYR,IDR,sell,3300.51
2023-07-25,NOK,IDR,buy,1480.32
2023-07-25,NOK,IDR,sell,1495.64
2023-07-25,NZD,IDR,buy,9260.31
2023-07-25,NZD,IDR,sell,9359.42
2023-07-25,PGK,IDR,buy,4052.23
2023-07-25,PGK,IDR,sell,4364.81
2023-07-25,PHP,IDR,buy,273.31
2023-07-25,PHP,IDR,sell,276.16
2023-07-25,SAR,IDR,buy,3986.26
2023-07-25,SAR,IDR,sell,4026.75
2023-07-25,SEK,IDR,buy,1434.3
2023-07-25,SEK,IDR,sell,1449.13
2023-07-25,SGD,IDR,buy,11228.4
2023-07-25,SGD,IDR,sell,11342.1
2023-07-25,THB,IDR,buy,433.79
2023-07-25,THB,IDR,sell,438.28
2023-07-25,USD,IDR,buy,14952.86
2023-07-25,USD,IDR,sell,15103.14
2023-07-25,VND,IDR,buy,0.63
2023-07-25,VND,IDR,sell,0.64
2023-07-26,AUD,IDR,buy,10099.98
2023-07-26,AUD,IDR,sell,10204.5
2023-07-26,BND,IDR,buy,11233.8
2023-07-26,BND,IDR,sell,11352.68
2023-07-26,CAD,IDR,buy,11339.59
2023-07-26,CAD,IDR,sell,11457.03
2023-07-26,CHF,IDR,buy,17177
2023-07-26,CHF,IDR,sell,17357.61
2023-07-26,CNH,IDR,buy,2090.52
2023-07-26,CNH,IDR,sell,2111.77
2023-07-26,CNY,IDR,buy,2090.02
2023-07-26,CNY,IDR,sell,2111.62
2023-07-26,DKK,IDR,buy,2215.33
2023-07-26,DKK,IDR,sell,2237.92
2023-07-26,EUR,IDR,buy,16505.8
2023-07-26,EUR,IDR,sell,16677.71
2023-07-26,GBP,IDR,buy,19183.1
2023-07-26,GBP,IDR,sell,19381.92
2023-07-26,HKD,IDR,buy,1911
2023-07-26,HKD,IDR,sell,1930.28
2023-07-26,JPY,IDR,buy,105.5935
2023-07-26,JPY,IDR,sell,106.6773
2023-07-26,KRW,IDR,buy,11.7
2023-07-26,KRW,IDR,sell,11.82
2023-07-26,KWD,IDR,buy,48609.84
2023-07-26,KWD,IDR,sell,49151.15
2023-07-26,LAK,IDR,buy,0.77
2023-07-26,LAK,IDR,sell,0.79
2023-07-26,MYR,IDR,buy,3270.97
2023-07-26,MYR,IDR,sell,3307.46
2023-07-26,NOK,IDR,buy,1483.85
2023-07-26,NOK,IDR,sell,1499.21
2023-07-26,NZD,IDR,buy,9265.29
2023-07-26,NZD,IDR,sell,9364.43
2023-07-26,PGK,IDR,buy,4068.96
2023-07-26,PGK,IDR,sell,4222.97
2023-07-26,PHP,IDR,buy,273.58
2023-07-26,PHP,IDR,sell,276.48
2023-07-26,SAR,IDR,buy,3980.58
2023-07-26,SAR,IDR,sell,4021.12
2023-07-26,SEK,IDR,buy,1436.73
2023-07-26,SEK,IDR,sell,1451.59
2023-07-26,SGD,IDR,buy,11233.8
2023-07-26,SGD,IDR,sell,11352.68
2023-07-26,THB,IDR,buy,431.93
2023-07-26,THB,IDR,sell,436.53
2023-07-26,USD,IDR,buy,14931.97
2023-07-26,USD,IDR,sell,15082.03
2023-07-26,VND,IDR,buy,0.63
2023-07-26,VND,IDR,sell,0.64
2023-07-27,AUD,IDR,buy,10121.29
2023-07-27,AUD,IDR,sell,10226.04
2023-07-27,BND,IDR,buy,11275.42
2023-07-27,BND,IDR,sell,11389.6
2023-07-27,CAD,IDR,buy,11343.83
2023-07-27,CAD,IDR,sell,11458.71
2023-07-27,CHF,IDR,buy,17359.38
2023-07-27,CHF,IDR,sell,17541.99
2023-07-27,CNH,IDR,buy,2092.01
2023-07-27,CNH,IDR,sell,2113.3
2023-07-27,CNY,IDR,buy,2092.57
2023-07-27,CNY,IDR,sell,2113.66
2023-07-27,DKK,IDR,buy,2222.05
2023-07-27,DKK,IDR,sell,2244.72
2023-07-27,EUR,IDR,buy,16555.73
2023-07-27,EUR,IDR,sell,16728.16
2023-07-27,GBP,IDR,buy,19303.3
2023-07-27,GBP,IDR,sell,19498.81
2023-07-27,HKD,IDR,buy,1916.34
2023-07-27,HKD,IDR,sell,1935.72
2023-07-27,JPY,IDR,buy,106.3182
2023-07-27,JPY,IDR,sell,107.4096
2023-07-27,KRW,IDR,buy,11.76
2023-07-27,KRW,IDR,sell,11.88
2023-07-27,KWD,IDR,buy,48739.99
2023-07-27,KWD,IDR,sell,49245.88
2023-07-27,LAK,IDR,buy,0.77
2023-07-27,LAK,IDR,sell,0.79
2023-07-27,MYR,IDR,buy,3283.61
2023-07-27,MYR,IDR,sell,3319.53
2023-07-27,NOK,IDR,buy,1485.61
2023-07-27,NOK,IDR,sell,1500.99
2023-07-27,NZD,IDR,buy,9303.15
2023-07-27,NZD,IDR,sell,9402.7
2023-07-27,PGK,IDR,buy,4060.78
2023-07-27,PGK,IDR,sell,4328.2
2023-07-27,PHP,IDR,buy,273.76
2023-07-27,PHP,IDR,sell,276.61
2023-07-27,SAR,IDR,buy,3987.11
2023-07-27,SAR,IDR,sell,4027.61
2023-07-27,SEK,IDR,buy,1442.97
2023-07-27,SEK,IDR,sell,1457.9
2023-07-27,SGD,IDR,buy,11272.87
2023-07-27,SGD,IDR,sell,11392.17
2023-07-27,THB,IDR,buy,436.31
2023-07-27,THB,IDR,sell,440.96
2023-07-27,USD,IDR,buy,14956.84
2023-07-27,USD,IDR,sell,15107.16
2023-07-27,VND,IDR,buy,0.63
2023-07-27,VND,IDR,sell,0.64
2023-07-28,AUD,IDR,buy,10167.45
2023-07-28,AUD,IDR,sell,10272.65
2023-07-28,BND,IDR,buy,11286.85
2023-07-28,BND,IDR,sell,11404.59
2023-07-28,CAD,IDR,buy,11332.26
2023-07-28,CAD,IDR,sell,11447.02
2023-07-28,CHF,IDR,buy,17416.86
2023-07-28,CHF,IDR,sell,17600.11
2023-07-28,CNH,IDR,buy,2091.02
2023-07-28,CNH,IDR,sell,2112.21
2023-07-28,CNY,IDR,buy,2091.4
2023-07-28,CNY,IDR,sell,2113.01
2023-07-28,DKK,IDR,buy,2228.99
2023-07-28,DKK,IDR,sell,2251.52
2023-07-28,EUR,IDR,buy,16608.88
2023-07-28,EUR,IDR,sell,16781.83
2023-07-28,GBP,IDR,buy,19375.04
2023-07-28,GBP,IDR,sell,19575.78
2023-07-28,HKD,IDR,buy,1913.77
2023-07-28,HKD,IDR,sell,1933.05
2023-07-28,JPY,IDR,buy,106.659
2023-07-28,JPY,IDR,sell,107.7385
2023-07-28,KRW,IDR,buy,11.69
2023-07-28,KRW,IDR,sell,11.82
2023-07-28,KWD,IDR,buy,48649.14
2023-07-28,KWD,IDR,sell,49154.07
2023-07-28,LAK,IDR,buy,0.77
2023-07-28,LAK,IDR,sell,0.79
2023-07-28,MYR,IDR,buy,3302.65
2023-07-28,MYR,IDR,sell,3339.54
2023-07-28,NOK,IDR,buy,1489.18
2023-07-28,NOK,IDR,sell,1504.6
2023-07-28,NZD,IDR,buy,9334.47
2023-07-28,NZD,IDR,sell,9434.31
2023-07-28,PGK,IDR,buy,4052.95
2023-07-28,PGK,IDR,sell,4206.76
2023-07-28,PHP,IDR,buy,273.56
2023-07-28,PHP,IDR,sell,276.41
2023-07-28,SAR,IDR,buy,3979.42
2023-07-28,SAR,IDR,sell,4019.84
2023-07-28,SEK,IDR,buy,1446.78
2023-07-28,SEK,IDR,sell,1461.7
2023-07-28,SGD,IDR,buy,11286.85
2023-07-28,SGD,IDR,sell,11404.59
2023-07-28,THB,IDR,buy,438.16
2023-07-28,THB,IDR,sell,442.69
2023-07-28,USD,IDR,buy,14927.99
2023-07-28,USD,IDR,sell,15078.01
2023-07-28,VND,IDR,buy,0.63
2023-07-28,VND,IDR,sell,0.64
2023-07-31,AUD,IDR,buy,9939.52
2023-07-31,AUD,IDR,sell,10040.94
2023-07-31,BND,IDR,buy,11248.37
2023-07-31,BND,IDR,sell,11365.69
2023-07-31,CAD,IDR,buy,11327.33
2023-07-31,CAD,IDR,sell,11444.64
2023-07-31,CHF,IDR,buy,17180.97
2023-07-31,CHF,IDR,sell,17359.62
2023-07-31,CNH,IDR,buy,2094.74
2023-07-31,CNH,IDR,sell,2115.95
2023-07-31,CNY,IDR,buy,2095.36
2023-07-31,CNY,IDR,sell,2116.6
2023-07-31,DKK,IDR,buy,2205.34
2023-07-31,DKK,IDR,sell,2227.77
2023-07-31,EUR,IDR,buy,16434.8
2023-07-31,EUR,IDR,sell,16606.05
2023-07-31,GBP,IDR,buy,19173.68
2023-07-31,GBP,IDR,sell,19372.46
2023-07-31,HKD,IDR,buy,1924.32
2023-07-31,HKD,IDR,sell,1943.69
2023-07-31,JPY,IDR,buy,107.3657
2023-07-31,JPY,IDR,sell,108.4526
2023-07-31,KRW,IDR,buy,11.71
2023-07-31,KRW,IDR,sell,11.83
2023-07-31,KWD,IDR,buy,48801.96
2023-07-31,KWD,IDR,sell,49369.53
2023-07-31,LAK,IDR,buy,0.77
2023-07-31,LAK,IDR,sell,0.79
2023-07-31,MYR,IDR,buy,3292.58
2023-07-31,MYR,IDR,sell,3330.06
2023-07-31,NOK,IDR,buy,1467.43
2023-07-31,NOK,IDR,sell,1483.2
2023-07-31,NZD,IDR,buy,9183.14
2023-07-31,NZD,IDR,sell,9281.5
2023-07-31,PGK,IDR,buy,4059.55
2023-07-31,PGK,IDR,sell,4358.05
2023-07-31,PHP,IDR,buy,273.36
2023-07-31,PHP,IDR,sell,276.41
2023-07-31,SAR,IDR,buy,4000.53
2023-07-31,SAR,IDR,sell,4041.28
2023-07-31,SEK,IDR,buy,1418.71
2023-07-31,SEK,IDR,sell,1433.62
2023-07-31,SGD,IDR,buy,11248.37
2023-07-31,SGD,IDR,sell,11365.69
2023-07-31,THB,IDR,buy,434.25
2023-07-31,THB,IDR,sell,439.12
2023-07-31,USD,IDR,buy,15007.58
2023-07-31,USD,IDR,sell,15158.42
2023-07-31,VND,IDR,buy,0.63
2023-07-31,VND,IDR,sell,0.64
2023-08-01,AUD,IDR,buy,10040.06
2023-08-01,AUD,IDR,sell,10144
2023-08-01,BND,IDR,buy,11283
2023-08-01,BND,IDR,sell,11398.11
2023-08-01,CAD,IDR,buy,11335.8
2023-08-01,CAD,IDR,sell,11453.19
2023-08-01,CHF,IDR,buy,17248.5
2023-08-01,CHF,IDR,sell,17429.86
2023-08-01,CNH,IDR,buy,2099.75
2023-08-01,CNH,IDR,sell,2121.06
2023-08-01,CNY,IDR,buy,2100.69
2023-08-01,CNY,IDR,sell,2121.95
2023-08-01,DKK,IDR,buy,2219.87
2023-08-01,DKK,IDR,sell,2242.51
2023-08-01,EUR,IDR,buy,16540.72
2023-08-01,EUR,IDR,sell,16713.02
2023-08-01,GBP,IDR,buy,19296.25
2023-08-01,GBP,IDR,sell,19496.25
2023-08-01,HKD,IDR,buy,1924.98
2023-08-01,HKD,IDR,sell,1944.35
2023-08-01,JPY,IDR,buy,105.609
2023-08-01,JPY,IDR,sell,106.6929
2023-08-01,KRW,IDR,buy,11.78
2023-08-01,KRW,IDR,sell,11.9
2023-08-01,KWD,IDR,buy,48872.42
2023-08-01,KWD,IDR,sell,49379.67
2023-08-01,LAK,IDR,buy,0.77
2023-08-01,LAK,IDR,sell,0.79
2023-08-01,MYR,IDR,buy,3335.53
2023-08-01,MYR,IDR,sell,3372.8
2023-08-01,NOK,IDR,buy,1471.7
2023-08-01,NOK,IDR,sell,1486.93
2023-08-01,NZD,IDR,buy,9290.73
2023-08-01,NZD,IDR,sell,9390.17
2023-08-01,PGK,IDR,buy,4076.99
2023-08-01,PGK,IDR,sell,4345.48
2023-08-01,PHP,IDR,buy,273.28
2023-08-01,PHP,IDR,sell,276.27
2023-08-01,SAR,IDR,buy,4002.81
2023-08-01,SAR,IDR,sell,4043.69
2023-08-01,SEK,IDR,buy,1425.72
2023-08-01,SEK,IDR,sell,1440.43
2023-08-01,SGD,IDR,buy,11283
2023-08-01,SGD,IDR,sell,11398.11
2023-08-01,THB,IDR,buy,438.44
2023-08-01,THB,IDR,sell,442.97
2023-08-01,USD,IDR,buy,15016.54
2023-08-01,USD,IDR,sell,15167.46
2023-08-01,VND,IDR,buy,0.63
2023-08-01,VND,IDR,sell,0.64
2023-08-02,AUD,IDR,buy,9990.51
2023-08-02,AUD,IDR,sell,10093.95
2023-08-02,BND,IDR,buy,11276.27
2023-08-02,BND,IDR,sell,11396.43
2023-08-02,CAD,IDR,buy,11354.59
2023-08-02,CAD,IDR,sell,11472.16
2023-08-02,CHF,IDR,buy,17201.99
2023-08-02,CHF,IDR,sell,17382.81
2023-08-02,CNH,IDR,buy,2097.01
2023-08-02,CNH,IDR,sell,2118.29
2023-08-02,CNY,IDR,buy,2099
2023-08-02,CNY,IDR,sell,2120.21
2023-08-02,DKK,IDR,buy,2215.07
2023-08-02,DKK,IDR,sell,2237.66
2023-08-02,EUR,IDR,buy,16504.95
2023-08-02,EUR,IDR,sell,16676.9
2023-08-02,GBP,IDR,buy,19275.58
2023-08-02,GBP,IDR,sell,19470.81
2023-08-02,HKD,IDR,buy,1929.72
2023-08-02,HKD,IDR,sell,1949.14
2023-08-02,JPY,IDR,buy,105.3616
2023-08-02,JPY,IDR,sell,106.4428
2023-08-02,KRW,IDR,buy,11.68
2023-08-02,KRW,IDR,sell,11.8
2023-08-02,KWD,IDR,buy,48915.19
2023-08-02,KWD,IDR,sell,49422.84
2023-08-02,LAK,IDR,buy,0.78
2023-08-02,LAK,IDR,sell,0.8
2023-08-02,MYR,IDR,buy,3330.7
2023-08-02,MYR,IDR,sell,3368.64
2023-08-02,NOK,IDR,buy,1475.97
2023-08-02,NOK,IDR,sell,1491.24
2023-08-02,NZD,IDR,buy,9271.53
2023-08-02,NZD,IDR,sell,9370.78
2023-08-02,PGK,IDR,buy,4083.75
2023-08-02,PGK,IDR,sell,4238.73
2023-08-02,PHP,IDR,buy,274.48
2023-08-02,PHP,IDR,sell,277.49
2023-08-02,SAR,IDR,buy,4008.69
2023-08-02,SAR,IDR,sell,4049.2
2023-08-02,SEK,IDR,buy,1421.38
2023-08-02,SEK,IDR,sell,1436.07
2023-08-02,SGD,IDR,buy,11276.27
2023-08-02,SGD,IDR,sell,11396.43
2023-08-02,THB,IDR,buy,439.94
2023-08-02,THB,IDR,sell,444.49
2023-08-02,USD,IDR,buy,15041.42
2023-08-02,USD,IDR,sell,15192.58
2023-08-02,VND,IDR,buy,0.64
2023-08-02,VND,IDR,sell,0.64
2023-08-03,AUD,IDR,buy,9934.12
2023-08-03,AUD,IDR,sell,10035.48
2023-08-03,BND,IDR,buy,11280.19
2023-08-03,BND,IDR,sell,11397.81
2023-08-03,CAD,IDR,buy,11344.62
2023-08-03,CAD,IDR,sell,11459.49
2023-08-03,CHF,IDR,buy,17208.33
2023-08-03,CHF,IDR,sell,17389.2
2023-08-03,CNH,IDR,buy,2098.73
2023-08-03,CNH,IDR,sell,2119.91
2023-08-03,CNY,IDR,buy,2101.36
2023-08-03,CNY,IDR,sell,2122.6
2023-08-03,DKK,IDR,buy,2225.73
2023-08-03,DKK,IDR,sell,2248.33
2023-08-03,EUR,IDR,buy,16585.04
2023-08-03,EUR,IDR,sell,16757.81
2023-08-03,GBP,IDR,buy,19305.19
2023-08-03,GBP,IDR,sell,19505.3
2023-08-03,HKD,IDR,buy,1935.3
2023-08-03,HKD,IDR,sell,1954.8
2023-08-03,JPY,IDR,buy,105.8417
2023-08-03,JPY,IDR,sell,106.9129
2023-08-03,KRW,IDR,buy,11.63
2023-08-03,KRW,IDR,sell,11.75
2023-08-03,KWD,IDR,buy,49077.15
2023-08-03,KWD,IDR,sell,49586.48
2023-08-03,LAK,IDR,buy,0.78
2023-08-03,LAK,IDR,sell,0.79
2023-08-03,MYR,IDR,buy,3319.8
2023-08-03,MYR,IDR,sell,3358.34
2023-08-03,NOK,IDR,buy,1479.29
2023-08-03,NOK,IDR,sell,1494.64
2023-08-03,NZD,IDR,buy,9220.12
2023-08-03,NZD,IDR,sell,9315.83
2023-08-03,PGK,IDR,buy,4098.33
2023-08-03,PGK,IDR,sell,4253.87
2023-08-03,PHP,IDR,buy,273.61
2023-08-03,PHP,IDR,sell,276.44
2023-08-03,SAR,IDR,buy,4022.8
2023-08-03,SAR,IDR,sell,4063.77
2023-08-03,SEK,IDR,buy,1419.56
2023-08-03,SEK,IDR,sell,1434.09
2023-08-03,SGD,IDR,buy,11280.19
2023-08-03,SGD,IDR,sell,11397.81
2023-08-03,THB,IDR,buy,439.58
2023-08-03,THB,IDR,sell,444.26
2023-08-03,USD,IDR,buy,15095.15
2023-08-03,USD,IDR,sell,15246.85
2023-08-03,VND,IDR,buy,0.64
2023-08-03,VND,IDR,sell,0.64
2023-08-04,AUD,IDR,buy,9874.67
2023-08-04,AUD,IDR,sell,9975.44
2023-08-04,BND,IDR,buy,11254.85
2023-08-04,BND,IDR,sell,11372.19
2023-08-04,CAD,IDR,buy,11311.25
2023-08-04,CAD,IDR,sell,11428.35
2023-08-04,CHF,IDR,buy,17213.44
2023-08-04,CHF,IDR,sell,17394.36
2023-08-04,CNH,IDR,buy,2100.45
2023-08-04,CNH,IDR,sell,2121.71
2023-08-04,CNY,IDR,buy,2103.26
2023-08-04,CNY,IDR,sell,2124.57
2023-08-04,DKK,IDR,buy,2215.84
2023-08-04,DKK,IDR,sell,2238.37
2023-08-04,EUR,IDR,buy,16510.21
2023-08-04,EUR,IDR,sell,16682.25
2023-08-04,GBP,IDR,buy,19186.81
2023-08-04,GBP,IDR,sell,19385.75
2023-08-04,HKD,IDR,buy,1937.45
2023-08-04,HKD,IDR,sell,1956.95
2023-08-04,JPY,IDR,buy,105.8149
2023-08-04,JPY,IDR,sell,106.8859
2023-08-04,KRW,IDR,buy,11.62
2023-08-04,KRW,IDR,sell,11.74
2023-08-04,KWD,IDR,buy,49143.71
2023-08-04,KWD,IDR,sell,49653.75
2023-08-04,LAK,IDR,buy,0.78
2023-08-04,LAK,IDR,sell,0.79
2023-08-04,MYR,IDR,buy,3317.69
2023-08-04,MYR,IDR,sell,3354.71
2023-08-04,NOK,IDR,buy,1469.33
2023-08-04,NOK,IDR,sell,1484.67
2023-08-04,NZD,IDR,buy,9183.6
2023-08-04,NZD,IDR,sell,9282
2023-08-04,PGK,IDR,buy,4105.63
2023-08-04,PGK,IDR,sell,4261.44
2023-08-04,PHP,IDR,buy,272.32
2023-08-04,PHP,IDR,sell,275.16
2023-08-04,SAR,IDR,buy,4031.14
2023-08-04,SAR,IDR,sell,4071.87
2023-08-04,SEK,IDR,buy,1408.82
2023-08-04,SEK,IDR,sell,1423.51
2023-08-04,SGD,IDR,buy,11254.85
2023-08-04,SGD,IDR,sell,11372.19
2023-08-04,THB,IDR,buy,436.42
2023-08-04,THB,IDR,sell,441.06
2023-08-04,USD,IDR,buy,15122.01
2023-08-04,USD,IDR,sell,15273.99
2023-08-04,VND,IDR,buy,0.64
2023-08-04,VND,IDR,sell,0.64
2023-08-07,AUD,IDR,buy,9900.46
2023-08-07,AUD,IDR,sell,10003.01
2023-08-07,BND,IDR,buy,11239.32
2023-08-07,BND,IDR,sell,11356.51
2023-08-07,CAD,IDR,buy,11293.99
2023-08-07,CAD,IDR,sell,11408.35
2023-08-07,CHF,IDR,buy,17202.96
2023-08-07,CHF,IDR,sell,17383.78
2023-08-07,CNH,IDR,buy,2099.28
2023-08-07,CNH,IDR,sell,2120.53
2023-08-07,CNY,IDR,buy,2101.42
2023-08-07,CNY,IDR,sell,2122.57
2023-08-07,DKK,IDR,buy,2216.73
2023-08-07,DKK,IDR,sell,2239.21
2023-08-07,EUR,IDR,buy,16515.35
2023-08-07,EUR,IDR,sell,16687.43
2023-08-07,GBP,IDR,buy,19170.06
2023-08-07,GBP,IDR,sell,19368.82
2023-08-07,HKD,IDR,buy,1932.76
2023-08-07,HKD,IDR,sell,1952.21
2023-08-07,JPY,IDR,buy,105.7911
2023-08-07,JPY,IDR,sell,106.8768
2023-08-07,KRW,IDR,buy,11.52
2023-08-07,KRW,IDR,sell,11.64
2023-08-07,KWD,IDR,buy,49053.08
2023-08-07,KWD,IDR,sell,49562.18
2023-08-07,LAK,IDR,buy,0.77
2023-08-07,LAK,IDR,sell,0.79
2023-08-07,MYR,IDR,buy,3314.77
2023-08-07,MYR,IDR,sell,3351.77
2023-08-07,NOK,IDR,buy,1475.52
2023-08-07,NOK,IDR,sell,1490.96
2023-08-07,NZD,IDR,buy,9188.11
2023-08-07,NZD,IDR,sell,9286.55
2023-08-07,PGK,IDR,buy,4097.52
2023-08-07,PGK,IDR,sell,4253.03
2023-08-07,PHP,IDR,buy,270.66
2023-08-07,PHP,IDR,sell,273.48
2023-08-07,SAR,IDR,buy,4022.43
2023-08-07,SAR,IDR,sell,4063.62
2023-08-07,SEK,IDR,buy,1409.1
2023-08-07,SEK,IDR,sell,1423.66
2023-08-07,SGD,IDR,buy,11239.32
2023-08-07,SGD,IDR,sell,11356.51
2023-08-07,THB,IDR,buy,433.81
2023-08-07,THB,IDR,sell,438.29
2023-08-07,USD,IDR,buy,15092.16
2023-08-07,USD,IDR,sell,15243.84
2023-08-07,VND,IDR,buy,0.64
2023-08-07,VND,IDR,sell,0.64
2023-08-08,AUD,IDR,buy,9934.17
2023-08-08,AUD,IDR,sell,10037.06
2023-08-08,BND,IDR,buy,11267.71
2023-08-08,BND,IDR,sell,11381.8
2023-08-08,CAD,IDR,buy,11289.61
2023-08-08,CAD,IDR,sell,11406.48
2023-08-08,CHF,IDR,buy,17279.3
2023-08-08,CHF,IDR,sell,17460.95
2023-08-08,CNH,IDR,buy,2097.19
2023-08-08,CNH,IDR,sell,2118.36
2023-08-08,CNY,IDR,buy,2099.88
2023-08-08,CNY,IDR,sell,2121.1
2023-08-08,DKK,IDR,buy,2227.35
2023-08-08,DKK,IDR,sell,2250.07
2023-08-08,EUR,IDR,buy,16595.71
2023-08-08,EUR,IDR,sell,16768.6
2023-08-08,GBP,IDR,buy,19237.07
2023-08-08,GBP,IDR,sell,19439.56
2023-08-08,HKD,IDR,buy,1934.65
2023-08-08,HKD,IDR,sell,1954.17
2023-08-08,JPY,IDR,buy,106.2556
2023-08-08,JPY,IDR,sell,107.3311
2023-08-08,KRW,IDR,buy,11.58
2023-08-08,KRW,IDR,sell,11.7
2023-08-08,KWD,IDR,buy,49082.23
2023-08-08,KWD,IDR,sell,49591.63
2023-08-08,LAK,IDR,buy,0.77
2023-08-08,LAK,IDR,sell,0.79
2023-08-08,MYR,IDR,buy,3309.69
2023-08-08,MYR,IDR,sell,3347.35
2023-08-08,NOK,IDR,buy,1488.55
2023-08-08,NOK,IDR,sell,1504.08
2023-08-08,NZD,IDR,buy,9224.37
2023-08-08,NZD,IDR,sell,9318.6
2023-08-08,PGK,IDR,buy,4077.57
2023-08-08,PGK,IDR,sell,4393.12
2023-08-08,PHP,IDR,buy,269.49
2023-08-08,PHP,IDR,sell,272.29
2023-08-08,SAR,IDR,buy,4025.62
2023-08-08,SAR,IDR,sell,4066.29
2023-08-08,SEK,IDR,buy,1425.1
2023-08-08,SEK,IDR,sell,1439.92
2023-08-08,SGD,IDR,buy,11267.71
2023-08-08,SGD,IDR,sell,11381.8
2023-08-08,THB,IDR,buy,434.47
2023-08-08,THB,IDR,sell,438.96
2023-08-08,USD,IDR,buy,15102.11
2023-08-08,USD,IDR,sell,15253.89
2023-08-08,VND,IDR,buy,0.64
2023-08-08,VND,IDR,sell,0.64
2023-08-09,AUD,IDR,buy,9884.2
2023-08-09,AUD,IDR,sell,9985.08
2023-08-09,BND,IDR,buy,11258.53
2023-08-09,BND,IDR,sell,11375.91
2023-08-09,CAD,IDR,buy,11286.2
2023-08-09,CAD,IDR,sell,11403.88
2023-08-09,CHF,IDR,buy,17317.54
2023-08-09,CHF,IDR,sell,17499.6
2023-08-09,CNH,IDR,buy,2096.47
2023-08-09,CNH,IDR,sell,2117.74
2023-08-09,CNY,IDR,buy,2100.71
2023-08-09,CNY,IDR,sell,2121.97
2023-08-09,DKK,IDR,buy,2232.1
2023-08-09,DKK,IDR,sell,2254.87
2023-08-09,EUR,IDR,buy,16630.25
2023-08-09,EUR,IDR,sell,16800.46
2023-08-09,GBP,IDR,buy,19324.43
2023-08-09,GBP,IDR,sell,19524.78
2023-08-09,HKD,IDR,buy,1940.48
2023-08-09,HKD,IDR,sell,1960.04
2023-08-09,JPY,IDR,buy,105.853
2023-08-09,JPY,IDR,sell,106.9393
2023-08-09,KRW,IDR,buy,11.51
2023-08-09,KRW,IDR,sell,11.63
2023-08-09,KWD,IDR,buy,49200.76
2023-08-09,KWD,IDR,sell,49792.28
2023-08-09,LAK,IDR,buy,0.78
2023-08-09,LAK,IDR,sell,0.79
2023-08-09,MYR,IDR,buy,3305.6
2023-08-09,MYR,IDR,sell,3343.93
2023-08-09,NOK,IDR,buy,1481.29
2023-08-09,NOK,IDR,sell,1496.75
2023-08-09,NZD,IDR,buy,9178.08
2023-08-09,NZD,IDR,sell,9276.45
2023-08-09,PGK,IDR,buy,4114
2023-08-09,PGK,IDR,sell,4270.14
2023-08-09,PHP,IDR,buy,269.24
2023-08-09,PHP,IDR,sell,272.04
2023-08-09,SAR,IDR,buy,4038.82
2023-08-09,SAR,IDR,sell,4080.29
2023-08-09,SEK,IDR,buy,1423.89
2023-08-09,SEK,IDR,sell,1438.6
2023-08-09,SGD,IDR,buy,11258.53
2023-08-09,SGD,IDR,sell,11375.91
2023-08-09,THB,IDR,buy,432.94
2023-08-09,THB,IDR,sell,437.54
2023-08-09,USD,IDR,buy,15152.85
2023-08-09,USD,IDR,sell,15305.15
2023-08-09,VND,IDR,buy,0.64
2023-08-09,VND,IDR,sell,0.65
2023-08-10,AUD,IDR,buy,9932.83
2023-08-10,AUD,IDR,sell,10035.71
2023-08-10,BND,IDR,buy,11254.91
2023-08-10,BND,IDR,sell,11372.25
2023-08-10,CAD,IDR,buy,11278.4
2023-08-10,CAD,IDR,sell,11395.15
2023-08-10,CHF,IDR,buy,17317.12
2023-08-10,CHF,IDR,sell,17499.18
2023-08-10,CNH,IDR,buy,2098.21
2023-08-10,CNH,IDR,sell,2119.41
2023-08-10,CNY,IDR,buy,2101.44
2023-08-10,CNY,IDR,sell,2122.77
2023-08-10,DKK,IDR,buy,2230.08
2023-08-10,DKK,IDR,sell,2252.72
2023-08-10,EUR,IDR,buy,16617.25
2023-08-10,EUR,IDR,sell,16788.84
2023-08-10,GBP,IDR,buy,19314.92
2023-08-10,GBP,IDR,sell,19515.15
2023-08-10,HKD,IDR,buy,1935.27
2023-08-10,HKD,IDR,sell,1954.87
2023-08-10,JPY,IDR,buy,105.5899
2023-08-10,JPY,IDR,sell,106.6585
2023-08-10,KRW,IDR,buy,11.53
2023-08-10,KRW,IDR,sell,11.65
2023-08-10,KWD,IDR,buy,49182.36
2023-08-10,KWD,IDR,sell,49692.81
2023-08-10,LAK,IDR,buy,0.78
2023-08-10,LAK,IDR,sell,0.79
2023-08-10,MYR,IDR,buy,3309.27
2023-08-10,MYR,IDR,sell,3347.65
2023-08-10,NOK,IDR,buy,1483.13
2023-08-10,NOK,IDR,sell,1498.47
2023-08-10,NZD,IDR,buy,9205.07
2023-08-10,NZD,IDR,sell,9303.7
2023-08-10,PGK,IDR,buy,4107.79
2023-08-10,PGK,IDR,sell,4378.3
2023-08-10,PHP,IDR,buy,269.07
2023-08-10,PHP,IDR,sell,271.92
2023-08-10,SAR,IDR,buy,4032.4
2023-08-10,SAR,IDR,sell,4073.58
2023-08-10,SEK,IDR,buy,1419.71
2023-08-10,SEK,IDR,sell,1434.39
2023-08-10,SGD,IDR,buy,11254.91
2023-08-10,SGD,IDR,sell,11372.25
2023-08-10,THB,IDR,buy,433.77
2023-08-10,THB,IDR,sell,438.76
2023-08-10,USD,IDR,buy,15129.97
2023-08-10,USD,IDR,sell,15282.03
2023-08-10,VND,IDR,buy,0.64
2023-08-10,VND,IDR,sell,0.64
2023-08-11,AUD,IDR,buy,9908.83
2023-08-11,AUD,IDR,sell,10011.47
2023-08-11,BND,IDR,buy,11235.87
2023-08-11,BND,IDR,sell,11353.01
2023-08-11,CAD,IDR,buy,11282.8
2023-08-11,CAD,IDR,sell,11397.05
2023-08-11,CHF,IDR,buy,17306.92
2023-08-11,CHF,IDR,sell,17488.86
2023-08-11,CNH,IDR,buy,2095.2
2023-08-11,CNH,IDR,sell,2116.38
2023-08-11,CNY,IDR,buy,2098.17
2023-08-11,CNY,IDR,sell,2119.28
2023-08-11,DKK,IDR,buy,2235.16
2023-08-11,DKK,IDR,sell,2257.95
2023-08-11,EUR,IDR,buy,16654.39
2023-08-11,EUR,IDR,sell,16824.83
2023-08-11,GBP,IDR,buy,19279.1
2023-08-11,GBP,IDR,sell,19478.97
2023-08-11,HKD,IDR,buy,1935.32
2023-08-11,HKD,IDR,sell,1954.84
2023-08-11,JPY,IDR,buy,105.1942
2023-08-11,JPY,IDR,sell,106.2588
2023-08-11,KRW,IDR,buy,11.51
2023-08-11,KRW,IDR,sell,11.63
2023-08-11,KWD,IDR,buy,49191.88
2023-08-11,KWD,IDR,sell,49705.67
2023-08-11,LAK,IDR,buy,0.78
2023-08-11,LAK,IDR,sell,0.79
2023-08-11,MYR,IDR,buy,3306.66
2023-08-11,MYR,IDR,sell,3342.82
2023-08-11,NOK,IDR,buy,1484.87
2023-08-11,NOK,IDR,sell,1500.23
2023-08-11,NZD,IDR,buy,9176.63
2023-08-11,NZD,IDR,sell,9271.92
2023-08-11,PGK,IDR,buy,4107.25
2023-08-11,PGK,IDR,sell,4263.13
2023-08-11,PHP,IDR,buy,268.8
2023-08-11,PHP,IDR,sell,271.79
2023-08-11,SAR,IDR,buy,4031.76
2023-08-11,SAR,IDR,sell,4072.93
2023-08-11,SEK,IDR,buy,1421.47
2023-08-11,SEK,IDR,sell,1436.16
2023-08-11,SGD,IDR,buy,11235.87
2023-08-11,SGD,IDR,sell,11353.01
2023-08-11,THB,IDR,buy,431.12
2023-08-11,THB,IDR,sell,435.7
2023-08-11,USD,IDR,buy,15127.98
2023-08-11,USD,IDR,sell,15280.02
2023-08-11,VND,IDR,buy,0.64
2023-08-11,VND,IDR,sell,0.64
2023-08-14,AUD,IDR,buy,9878.58
2023-08-14,AUD,IDR,sell,9980.93
2023-08-14,BND,IDR,buy,11226.38
2023-08-14,BND,IDR,sell,11340.05
2023-08-14,CAD,IDR,buy,11266.46
2023-08-14,CAD,IDR,sell,11384.77
2023-08-14,CHF,IDR,buy,17271.55
2023-08-14,CHF,IDR,sell,17453.1
2023-08-14,CNH,IDR,buy,2089.59
2023-08-14,CNH,IDR,sell,2110.7
2023-08-14,CNY,IDR,buy,2093.6
2023-08-14,CNY,IDR,sell,2114.73
2023-08-14,DKK,IDR,buy,2234.32
2023-08-14,DKK,IDR,sell,2257.1
2023-08-14,EUR,IDR,buy,16647.1
2023-08-14,EUR,IDR,sell,16820.53
2023-08-14,GBP,IDR,buy,19240.59
2023-08-14,GBP,IDR,sell,19443.15
2023-08-14,HKD,IDR,buy,1938.59
2023-08-14,HKD,IDR,sell,1958.22
2023-08-14,JPY,IDR,buy,104.7423
2023-08-14,JPY,IDR,sell,105.8169
2023-08-14,KRW,IDR,buy,11.44
2023-08-14,KRW,IDR,sell,11.56
2023-08-14,KWD,IDR,buy,49224.63
2023-08-14,KWD,IDR,sell,49761.39
2023-08-14,LAK,IDR,buy,0.78
2023-08-14,LAK,IDR,sell,0.79
2023-08-14,MYR,IDR,buy,3301.85
2023-08-14,MYR,IDR,sell,3337.94
2023-08-14,NOK,IDR,buy,1465.42
2023-08-14,NOK,IDR,sell,1480.69
2023-08-14,NZD,IDR,buy,9096.9
2023-08-14,NZD,IDR,sell,9197.51
2023-08-14,PGK,IDR,buy,4112.92
2023-08-14,PGK,IDR,sell,4269.02
2023-08-14,PHP,IDR,buy,269.29
2023-08-14,PHP,IDR,sell,272.09
2023-08-14,SAR,IDR,buy,4037.55
2023-08-14,SAR,IDR,sell,4078.34
2023-08-14,SEK,IDR,buy,1414.01
2023-08-14,SEK,IDR,sell,1428.62
2023-08-14,SGD,IDR,buy,11226.38
2023-08-14,SGD,IDR,sell,11340.05
2023-08-14,THB,IDR,buy,431.72
2023-08-14,THB,IDR,sell,436.18
2023-08-14,USD,IDR,buy,15148.88
2023-08-14,USD,IDR,sell,15301.13
2023-08-14,VND,IDR,buy,0.64
2023-08-14,VND,IDR,sell,0.64
2023-08-15,AUD,IDR,buy,9904.05
2023-08-15,AUD,IDR,sell,10005.13
2023-08-15,BND,IDR,buy,11266.08
2023-08-15,BND,IDR,sell,11380.14
2023-08-15,CAD,IDR,buy,11338.98
2023-08-15,CAD,IDR,sell,11456.34
2023-08-15,CHF,IDR,buy,17400.58
2023-08-15,CHF,IDR,sell,17583.48
2023-08-15,CNH,IDR,buy,2097.86
2023-08-15,CNH,IDR,sell,2119.52
2023-08-15,CNY,IDR,buy,2102.72
2023-08-15,CNY,IDR,sell,2124.05
2023-08-15,DKK,IDR,buy,2240.83
2023-08-15,DKK,IDR,sell,2263.52
2023-08-15,EUR,IDR,buy,16696.32
2023-08-15,EUR,IDR,sell,16870.27
2023-08-15,GBP,IDR,buy,19350.72
2023-08-15,GBP,IDR,sell,19551.34
2023-08-15,HKD,IDR,buy,1950.64
2023-08-15,HKD,IDR,sell,1970.37
2023-08-15,JPY,IDR,buy,105.2709
2023-08-15,JPY,IDR,sell,106.3509
2023-08-15,KRW,IDR,buy,11.47
2023-08-15,KRW,IDR,sell,11.59
2023-08-15,KWD,IDR,buy,49541.48
2023-08-15,KWD,IDR,sell,50088.18
2023-08-15,LAK,IDR,buy,0.78
2023-08-15,LAK,IDR,sell,0.79
2023-08-15,MYR,IDR,buy,3303.66
2023-08-15,MYR,IDR,sell,3340.48
2023-08-15,NOK,IDR,buy,1459.54
2023-08-15,NOK,IDR,sell,1474.66
2023-08-15,NZD,IDR,buy,9126.49
2023-08-15,NZD,IDR,sell,9224.37
2023-08-15,PGK,IDR,buy,4139.39
2023-08-15,PGK,IDR,sell,4296.49
2023-08-15,PHP,IDR,buy,267.95
2023-08-15,PHP,IDR,sell,271.07
2023-08-15,SAR,IDR,buy,4063.86
2023-08-15,SAR,IDR,sell,4104.92
2023-08-15,SEK,IDR,buy,1407.34
2023-08-15,SEK,IDR,sell,1421.87
2023-08-15,SGD,IDR,buy,11266.08
2023-08-15,SGD,IDR,sell,11380.14
2023-08-15,THB,IDR,buy,433.63
2023-08-15,THB,IDR,sell,438.24
2023-08-15,USD,IDR,buy,15246.39
2023-08-15,USD,IDR,sell,15399.61
2023-08-15,VND,IDR,buy,0.64
2023-08-15,VND,IDR,sell,0.65
2023-08-16,AUD,IDR,buy,9870.06
2023-08-16,AUD,IDR,sell,9972.34
2023-08-16,BND,IDR,buy,11248.08
2023-08-16,BND,IDR,sell,11361.96
2023-08-16,CAD,IDR,buy,11313.08
2023-08-16,CAD,IDR,sell,11430.17
2023-08-16,CHF,IDR,buy,17400.88
2023-08-16,CHF,IDR,sell,17579.77
2023-08-16,CNH,IDR,buy,2088.11
2023-08-16,CNH,IDR,sell,2109.21
2023-08-16,CNY,IDR,buy,2095.84
2023-08-16,CNY,IDR,sell,2116.97
2023-08-16,DKK,IDR,buy,2237.58
2023-08-16,DKK,IDR,sell,2260.27
2023-08-16,EUR,IDR,buy,16670.99
2023-08-16,EUR,IDR,sell,16844.71
2023-08-16,GBP,IDR,buy,19370.6
2023-08-16,GBP,IDR,sell,19566.82
2023-08-16,HKD,IDR,buy,1952.27
2023-08-16,HKD,IDR,sell,1971.96
2023-08-16,JPY,IDR,buy,104.6988
2023-08-16,JPY,IDR,sell,105.7583
2023-08-16,KRW,IDR,buy,11.4
2023-08-16,KRW,IDR,sell,11.52
2023-08-16,KWD,IDR,buy,49599.71
2023-08-16,KWD,IDR,sell,50140.54
2023-08-16,LAK,IDR,buy,0.78
2023-08-16,LAK,IDR,sell,0.79
2023-08-16,MYR,IDR,buy,3292.21
2023-08-16,MYR,IDR,sell,3329.6
2023-08-16,NOK,IDR,buy,1451.44
2023-08-16,NOK,IDR,sell,1466.53
2023-08-16,NZD,IDR,buy,9095.9
2023-08-16,NZD,IDR,sell,9193.49
2023-08-16,PGK,IDR,buy,4145.61
2023-08-16,PGK,IDR,sell,4302.94
2023-08-16,PHP,IDR,buy,268.59
2023-08-16,PHP,IDR,sell,271.53
2023-08-16,SAR,IDR,buy,4070.18
2023-08-16,SAR,IDR,sell,4111.63
2023-08-16,SEK,IDR,buy,1406.61
2023-08-16,SEK,IDR,sell,1421.21
2023-08-16,SGD,IDR,buy,11248.08
2023-08-16,SGD,IDR,sell,11361.96
2023-08-16,THB,IDR,buy,431.46
2023-08-16,THB,IDR,sell,435.92
2023-08-16,USD,IDR,buy,15269.27
2023-08-16,USD,IDR,sell,15422.73
2023-08-16,VND,IDR,buy,0.64
2023-08-16,VND,IDR,sell,0.64
2023-08-18,AUD,IDR,buy,9860.85
2023-08-18,AUD,IDR,sell,9961.49
2023-08-18,BND,IDR,buy,11226.02
2023-08-18,BND,IDR,sell,11343.02
2023-08-18,CAD,IDR,buy,11291.76
2023-08-18,CAD,IDR,sell,11408.63
2023-08-18,CHF,IDR,buy,17332.11
2023-08-18,CHF,IDR,sell,17514.28
2023-08-18,CNH,IDR,buy,2084.45
2023-08-18,CNH,IDR,sell,2105.51
2023-08-18,CNY,IDR,buy,2089.45
2023-08-18,CNY,IDR,sell,2110.65
2023-08-18,DKK,IDR,buy,2232.57
2023-08-18,DKK,IDR,sell,2255.2
2023-08-18,EUR,IDR,buy,16634.28
2023-08-18,EUR,IDR,sell,16807.61
2023-08-18,GBP,IDR,buy,19403.36
2023-08-18,GBP,IDR,sell,19599.9
2023-08-18,HKD,IDR,buy,1946.31
2023-08-18,HKD,IDR,sell,1965.92
2023-08-18,JPY,IDR,buy,104.7628
2023-08-18,JPY,IDR,sell,105.8229
2023-08-18,KRW,IDR,buy,11.41
2023-08-18,KRW,IDR,sell,11.53
2023-08-18,KWD,IDR,buy,49470.46
2023-08-18,KWD,IDR,sell,50034.28
2023-08-18,LAK,IDR,buy,0.8
2023-08-18,LAK,IDR,sell,0.8
2023-08-18,MYR,IDR,buy,3289.02
2023-08-18,MYR,IDR,sell,3325.67
2023-08-18,NOK,IDR,buy,1451.61
2023-08-18,NOK,IDR,sell,1466.8
2023-08-18,NZD,IDR,buy,9120.6
2023-08-18,NZD,IDR,sell,9218.42
2023-08-18,PGK,IDR,buy,4135.34
2023-08-18,PGK,IDR,sell,4292.29
2023-08-18,PHP,IDR,buy,268.49
2023-08-18,PHP,IDR,sell,271.28
2023-08-18,SAR,IDR,buy,4060.96
2023-08-18,SAR,IDR,sell,4102
2023-08-18,SEK,IDR,buy,1405.95
2023-08-18,SEK,IDR,sell,1420.56
2023-08-18,SGD,IDR,buy,11226.02
2023-08-18,SGD,IDR,sell,11343.02
2023-08-18,THB,IDR,buy,431.36
2023-08-18,THB,IDR,sell,435.95
2023-08-18,USD,IDR,buy,15231.46
2023-08-18,USD,IDR,sell,15384.54
2023-08-18,VND,IDR,buy,0.64
2023-08-18,VND,IDR,sell,0.64
2023-08-21,AUD,IDR,buy,9752.7
2023-08-21,AUD,IDR,sell,9852.26
2023-08-21,BND,IDR,buy,11217.75
2023-08-21,BND,IDR,sell,11332.99
2023-08-21,CAD,IDR,buy,11240.1
2023-08-21,CAD,IDR,sell,11356.42
2023-08-21,CHF,IDR,buy,17312.41
2023-08-21,CHF,IDR,sell,17494.36
2023-08-21,CNH,IDR,buy,2084.9
2023-08-21,CNH,IDR,sell,2105.97
2023-08-21,CNY,IDR,buy,2090.08
2023-08-21,CNY,IDR,sell,2111.67
2023-08-21,DKK,IDR,buy,2222.5
2023-08-21,DKK,IDR,sell,2245.16
2023-08-21,EUR,IDR,buy,16561.17
2023-08-21,EUR,IDR,sell,16732.23
2023-08-21,GBP,IDR,buy,19366.8
2023-08-21,GBP,IDR,sell,19567.6
2023-08-21,HKD,IDR,buy,1945.44
2023-08-21,HKD,IDR,sell,1965.1
2023-08-21,JPY,IDR,buy,104.8349
2023-08-21,JPY,IDR,sell,105.9104
2023-08-21,KRW,IDR,buy,11.37
2023-08-21,KRW,IDR,sell,11.49
2023-08-21,KWD,IDR,buy,49425.51
2023-08-21,KWD,IDR,sell,49995.26
2023-08-21,LAK,IDR,buy,0.78
2023-08-21,LAK,IDR,sell,0.79
2023-08-21,MYR,IDR,buy,3279.11
2023-08-21,MYR,IDR,sell,3315.63
2023-08-21,NOK,IDR,buy,1436.66
2023-08-21,NOK,IDR,sell,1451.58
2023-08-21,NZD,IDR,buy,9033.78
2023-08-21,NZD,IDR,sell,9126.11
2023-08-21,PGK,IDR,buy,4120.11
2023-08-21,PGK,IDR,sell,4276.9
2023-08-21,PHP,IDR,buy,271.12
2023-08-21,PHP,IDR,sell,273.94
2023-08-21,SAR,IDR,buy,4061.29
2023-08-21,SAR,IDR,sell,4102.33
2023-08-21,SEK,IDR,buy,1390.53
2023-08-21,SEK,IDR,sell,1404.93
2023-08-21,SGD,IDR,buy,11217.75
2023-08-21,SGD,IDR,sell,11332.99
2023-08-21,THB,IDR,buy,430.51
2023-08-21,THB,IDR,sell,434.96
2023-08-21,USD,IDR,buy,15231.46
2023-08-21,USD,IDR,sell,15384.54
2023-08-21,VND,IDR,buy,0.64
2023-08-21,VND,IDR,sell,0.65
2023-08-22,AUD,IDR,buy,9759.98
2023-08-22,AUD,IDR,sell,9861.16
2023-08-22,BND,IDR,buy,11233.96
2023-08-22,BND,IDR,sell,11351.05
2023-08-22,CAD,IDR,buy,11269.65
2023-08-22,CAD,IDR,sell,11383.77
2023-08-22,CHF,IDR,buy,17340.1
2023-08-22,CHF,IDR,sell,17522.35
2023-08-22,CNH,IDR,buy,2083.2
2023-08-22,CNH,IDR,sell,2104.34
2023-08-22,CNY,IDR,buy,2086.7
2023-08-22,CNY,IDR,sell,2108
2023-08-22,DKK,IDR,buy,2227.89
2023-08-22,DKK,IDR,sell,2250.61
2023-08-22,EUR,IDR,buy,16600.66
2023-08-22,EUR,IDR,sell,16773.67
2023-08-22,GBP,IDR,buy,19408.62
2023-08-22,GBP,IDR,sell,19609.85
2023-08-22,HKD,IDR,buy,1946.4
2023-08-22,HKD,IDR,sell,1966.03
2023-08-22,JPY,IDR,buy,104.856
2023-08-22,JPY,IDR,sell,105.9317
2023-08-22,KRW,IDR,buy,11.36
2023-08-22,KRW,IDR,sell,11.48
2023-08-22,KWD,IDR,buy,49498.12
2023-08-22,KWD,IDR,sell,50011.85
2023-08-22,LAK,IDR,buy,0.78
2023-08-22,LAK,IDR,sell,0.79
2023-08-22,MYR,IDR,buy,3276.55
2023-08-22,MYR,IDR,sell,3313.04
2023-08-22,NOK,IDR,buy,1437.72
2023-08-22,NOK,IDR,sell,1452.71
2023-08-22,NZD,IDR,buy,9020.24
2023-08-22,NZD,IDR,sell,9113.98
2023-08-22,PGK,IDR,buy,4125.76
2023-08-22,PGK,IDR,sell,4398.31
2023-08-22,PHP,IDR,buy,270.82
2023-08-22,PHP,IDR,sell,273.63
2023-08-22,SAR,IDR,buy,4066.32
2023-08-22,SAR,IDR,sell,4107.84
2023-08-22,SEK,IDR,buy,1391.64
2023-08-22,SEK,IDR,sell,1406.14
2023-08-22,SGD,IDR,buy,11233.96
2023-08-22,SGD,IDR,sell,11351.05
2023-08-22,THB,IDR,buy,432.57
2023-08-22,THB,IDR,sell,437.04
2023-08-22,USD,IDR,buy,15252.35
2023-08-22,USD,IDR,sell,15405.65
2023-08-22,VND,IDR,buy,0.64
2023-08-22,VND,IDR,sell,0.65
2023-08-23,AUD,IDR,buy,9826.69
2023-08-23,AUD,IDR,sell,9928.54
2023-08-23,BND,IDR,buy,11259.13
2023-08-23,BND,IDR,sell,11374.81
2023-08-23,CAD,IDR,buy,11272.45
2023-08-23,CAD,IDR,sell,11386.58
2023-08-23,CHF,IDR,buy,17374.24
2023-08-23,CHF,IDR,sell,17556.86
2023-08-23,CNH,IDR,buy,2090.56
2023-08-23,CNH,IDR,sell,2111.74
2023-08-23,CNY,IDR,buy,2092.45
2023-08-23,CNY,IDR,sell,2113.6
2023-08-23,DKK,IDR,buy,2235.75
2023-08-23,DKK,IDR,sell,2258.42
2023-08-23,EUR,IDR,buy,16659.94
2023-08-23,EUR,IDR,sell,16830.45
2023-08-23,GBP,IDR,buy,19513.09
2023-08-23,GBP,IDR,sell,19715.37
2023-08-23,HKD,IDR,buy,1945.99
2023-08-23,HKD,IDR,sell,1965.57
2023-08-23,JPY,IDR,buy,104.6125
2023-08-23,JPY,IDR,sell,105.6857
2023-08-23,KRW,IDR,buy,11.41
2023-08-23,KRW,IDR,sell,11.53
2023-08-23,KWD,IDR,buy,49461.16
2023-08-23,KWD,IDR,sell,50055.67
2023-08-23,LAK,IDR,buy,0.78
2023-08-23,LAK,IDR,sell,0.79
2023-08-23,MYR,IDR,buy,3279.43
2023-08-23,MYR,IDR,sell,3315.25
2023-08-23,NOK,IDR,buy,1442.36
2023-08-23,NOK,IDR,sell,1457.16
2023-08-23,NZD,IDR,buy,9090.15
2023-08-23,NZD,IDR,sell,9187.67
2023-08-23,PGK,IDR,buy,4124.95
2023-08-23,PGK,IDR,sell,4281.93
2023-08-23,PHP,IDR,buy,271.39
2023-08-23,PHP,IDR,sell,274.21
2023-08-23,SAR,IDR,buy,4065.31
2023-08-23,SAR,IDR,sell,4106.49
2023-08-23,SEK,IDR,buy,1400.99
2023-08-23,SEK,IDR,sell,1415.41
2023-08-23,SGD,IDR,buy,11259.13
2023-08-23,SGD,IDR,sell,11374.81
2023-08-23,THB,IDR,buy,435.57
2023-08-23,THB,IDR,sell,440.2
2023-08-23,USD,IDR,buy,15249.37
2023-08-23,USD,IDR,sell,15402.63
2023-08-23,VND,IDR,buy,0.64
2023-08-23,VND,IDR,sell,0.64
2023-08-24,AUD,IDR,buy,9802.39
2023-08-24,AUD,IDR,sell,9903.98
2023-08-24,BND,IDR,buy,11234.09
2023-08-24,BND,IDR,sell,11351.17
2023-08-24,CAD,IDR,buy,11246.52
2023-08-24,CAD,IDR,sell,11362.9
2023-08-24,CHF,IDR,buy,17320.92
2023-08-24,CHF,IDR,sell,17498.97
2023-08-24,CNH,IDR,buy,2088.09
2023-08-24,CNH,IDR,sell,2109.24
2023-08-24,CNY,IDR,buy,2090.78
2023-08-24,CNY,IDR,sell,2112.02
2023-08-24,DKK,IDR,buy,2213.21
2023-08-24,DKK,IDR,sell,2235.72
2023-08-24,EUR,IDR,buy,16495.34
2023-08-24,EUR,IDR,sell,16664.19
2023-08-24,GBP,IDR,buy,19394.44
2023-08-24,GBP,IDR,sell,19595.51
2023-08-24,HKD,IDR,buy,1944.11
2023-08-24,HKD,IDR,sell,1963.67
2023-08-24,JPY,IDR,buy,104.8165
2023-08-24,JPY,IDR,sell,105.8917
2023-08-24,KRW,IDR,buy,11.38
2023-08-24,KRW,IDR,sell,11.5
2023-08-24,KWD,IDR,buy,49408.14
2023-08-24,KWD,IDR,sell,49959.73
2023-08-24,LAK,IDR,buy,0.79
2023-08-24,LAK,IDR,sell,0.8
2023-08-24,MYR,IDR,buy,3270.9
2023-08-24,MYR,IDR,sell,3307.32
2023-08-24,NOK,IDR,buy,1432.01
2023-08-24,NOK,IDR,sell,1446.8
2023-08-24,NZD,IDR,buy,9063.14
2023-08-24,NZD,IDR,sell,9160.38
2023-08-24,PGK,IDR,buy,4107.83
2023-08-24,PGK,IDR,sell,4264.58
2023-08-24,PHP,IDR,buy,269.3
2023-08-24,PHP,IDR,sell,272.39
2023-08-24,SAR,IDR,buy,4063.02
2023-08-24,SAR,IDR,sell,4104.51
2023-08-24,SEK,IDR,buy,1390.34
2023-08-24,SEK,IDR,sell,1405
2023-08-24,SGD,IDR,buy,11234.09
2023-08-24,SGD,IDR,sell,11351.17
2023-08-24,THB,IDR,buy,435.75
2023-08-24,THB,IDR,sell,440.25
2023-08-24,USD,IDR,buy,15242.41
2023-08-24,USD,IDR,sell,15395.59
2023-08-24,VND,IDR,buy,0.63
2023-08-24,VND,IDR,sell,0.64
2023-08-25,AUD,IDR,buy,9801.14
2023-08-25,AUD,IDR,sell,9901.17
2023-08-25,BND,IDR,buy,11214.62
2023-08-25,BND,IDR,sell,11328.99
2023-08-25,CAD,IDR,buy,11210.47
2023-08-25,CAD,IDR,sell,11323.97
2023-08-25,CHF,IDR,buy,17256.1
2023-08-25,CHF,IDR,sell,17437.45
2023-08-25,CNH,IDR,buy,2083.86
2023-08-25,CNH,IDR,sell,2104.97
2023-08-25,CNY,IDR,buy,2084.77
2023-08-25,CNY,IDR,sell,2105.9
2023-08-25,DKK,IDR,buy,2210.61
2023-08-25,DKK,IDR,sell,2233.02
2023-08-25,EUR,IDR,buy,16474.35
2023-08-25,EUR,IDR,sell,16646.04
2023-08-25,GBP,IDR,buy,19279.01
2023-08-25,GBP,IDR,sell,19477.36
2023-08-25,HKD,IDR,buy,1935.29
2023-08-25,HKD,IDR,sell,1954.84
2023-08-25,JPY,IDR,buy,104.408
2023-08-25,JPY,IDR,sell,105.479
2023-08-25,KRW,IDR,buy,11.49
2023-08-25,KRW,IDR,sell,11.6
2023-08-25,KWD,IDR,buy,49222.39
2023-08-25,KWD,IDR,sell,49733.19
2023-08-25,LAK,IDR,buy,0.78
2023-08-25,LAK,IDR,sell,0.79
2023-08-25,MYR,IDR,buy,3266.63
2023-08-25,MYR,IDR,sell,3302.3
2023-08-25,NOK,IDR,buy,1423.39
2023-08-25,NOK,IDR,sell,1438.06
2023-08-25,NZD,IDR,buy,9030.16
2023-08-25,NZD,IDR,sell,9122.44
2023-08-25,PGK,IDR,buy,4090.13
2023-08-25,PGK,IDR,sell,4246.21
2023-08-25,PHP,IDR,buy,267.24
2023-08-25,PHP,IDR,sell,270.02
2023-08-25,SAR,IDR,buy,4045.51
2023-08-25,SAR,IDR,sell,4086.6
2023-08-25,SEK,IDR,buy,1386.22
2023-08-25,SEK,IDR,sell,1400.67
2023-08-25,SGD,IDR,buy,11214.62
2023-08-25,SGD,IDR,sell,11328.99
2023-08-25,THB,IDR,buy,434.74
2023-08-25,THB,IDR,sell,439.36
2023-08-25,USD,IDR,buy,15176.74
2023-08-25,USD,IDR,sell,15329.26
2023-08-25,VND,IDR,buy,0.63
2023-08-25,VND,IDR,sell,0.64
2023-08-28,AUD,IDR,buy,9763.96
2023-08-28,AUD,IDR,sell,9865.17
2023-08-28,BND,IDR,buy,11217.12
2023-08-28,BND,IDR,sell,11334.04
2023-08-28,CAD,IDR,buy,11198.96
2023-08-28,CAD,IDR,sell,11315.69
2023-08-28,CHF,IDR,buy,17169.22
2023-08-28,CHF,IDR,sell,17343.74
2023-08-28,CNH,IDR,buy,2087.83
2023-08-28,CNH,IDR,sell,2108.99
2023-08-28,CNY,IDR,buy,2088.23
2023-08-28,CNY,IDR,sell,2109.34
2023-08-28,DKK,IDR,buy,2198.8
2023-08-28,DKK,IDR,sell,2221.19
2023-08-28,EUR,IDR,buy,16387.92
2023-08-28,EUR,IDR,sell,16555.71
2023-08-28,GBP,IDR,buy,19132.18
2023-08-28,GBP,IDR,sell,19332.16
2023-08-28,HKD,IDR,buy,1940.48
2023-08-28,HKD,IDR,sell,1960.05
2023-08-28,JPY,IDR,buy,104.2358
2023-08-28,JPY,IDR,sell,105.2907
2023-08-28,KRW,IDR,buy,11.48
2023-08-28,KRW,IDR,sell,11.61
2023-08-28,KWD,IDR,buy,49309.98
2023-08-28,KWD,IDR,sell,49821.73
2023-08-28,LAK,IDR,buy,0.77
2023-08-28,LAK,IDR,sell,0.79
2023-08-28,MYR,IDR,buy,3273.23
2023-08-28,MYR,IDR,sell,3309.69
2023-08-28,NOK,IDR,buy,1416.57
2023-08-28,NOK,IDR,sell,1431.88
2023-08-28,NZD,IDR,buy,8983.15
2023-08-28,NZD,IDR,sell,9074.97
2023-08-28,PGK,IDR,buy,4101.93
2023-08-28,PGK,IDR,sell,4258.46
2023-08-28,PHP,IDR,buy,268.96
2023-08-28,PHP,IDR,sell,271.76
2023-08-28,SAR,IDR,buy,4056.96
2023-08-28,SAR,IDR,sell,4097.96
2023-08-28,SEK,IDR,buy,1378.08
2023-08-28,SEK,IDR,sell,1392.58
2023-08-28,SGD,IDR,buy,11217.12
2023-08-28,SGD,IDR,sell,11334.04
2023-08-28,THB,IDR,buy,433.14
2023-08-28,THB,IDR,sell,437.62
2023-08-28,USD,IDR,buy,15220.51
2023-08-28,USD,IDR,sell,15373.49
2023-08-28,VND,IDR,buy,0.63
2023-08-28,VND,IDR,sell,0.64
2023-08-29,AUD,IDR,buy,9751.39
2023-08-29,AUD,IDR,sell,9852.47
2023-08-29,BND,IDR,buy,11215.75
2023-08-29,BND,IDR,sell,11329.31
2023-08-29,CAD,IDR,buy,11186.89
2023-08-29,CAD,IDR,sell,11302.65
2023-08-29,CHF,IDR,buy,17224.14
2023-08-29,CHF,IDR,sell,17405.13
2023-08-29,CNH,IDR,buy,2084.85
2023-08-29,CNH,IDR,sell,2105.98
2023-08-29,CNY,IDR,buy,2086.11
2023-08-29,CNY,IDR,sell,2107.28
2023-08-29,DKK,IDR,buy,2207.42
2023-08-29,DKK,IDR,sell,2229.77
2023-08-29,EUR,IDR,buy,16447.11
2023-08-29,EUR,IDR,sell,16615.48
2023-08-29,GBP,IDR,buy,19139.09
2023-08-29,GBP,IDR,sell,19337.59
2023-08-29,HKD,IDR,buy,1939.45
2023-08-29,HKD,IDR,sell,1959.02
2023-08-29,JPY,IDR,buy,103.8527
2023-08-29,JPY,IDR,sell,104.9179
2023-08-29,KRW,IDR,buy,11.47
2023-08-29,KRW,IDR,sell,11.59
2023-08-29,KWD,IDR,buy,49301.92
2023-08-29,KWD,IDR,sell,49839.4
2023-08-29,LAK,IDR,buy,0.77
2023-08-29,LAK,IDR,sell,0.78
2023-08-29,MYR,IDR,buy,3269.07
2023-08-29,MYR,IDR,sell,3304.77
2023-08-29,NOK,IDR,buy,1416.68
2023-08-29,NOK,IDR,sell,1431.32
2023-08-29,NZD,IDR,buy,8975.3
2023-08-29,NZD,IDR,sell,9071.65
2023-08-29,PGK,IDR,buy,4101.12
2023-08-29,PGK,IDR,sell,4257.62
2023-08-29,PHP,IDR,buy,268.34
2023-08-29,PHP,IDR,sell,271.13
2023-08-29,SAR,IDR,buy,4056.06
2023-08-29,SAR,IDR,sell,4097.37
2023-08-29,SEK,IDR,buy,1379.41
2023-08-29,SEK,IDR,sell,1393.63
2023-08-29,SGD,IDR,buy,11215.75
2023-08-29,SGD,IDR,sell,11329.31
2023-08-29,THB,IDR,buy,431.34
2023-08-29,THB,IDR,sell,435.92
2023-08-29,USD,IDR,buy,15217.53
2023-08-29,USD,IDR,sell,15370.47
2023-08-29,VND,IDR,buy,0.63
2023-08-29,VND,IDR,sell,0.64
2023-08-30,AUD,IDR,buy,9778.7
2023-08-30,AUD,IDR,sell,9878.52
2023-08-30,BND,IDR,buy,11212.02
2023-08-30,BND,IDR,sell,11328.89
2023-08-30,CAD,IDR,buy,11164.21
2023-08-30,CAD,IDR,sell,11280.57
2023-08-30,CHF,IDR,buy,17179.5
2023-08-30,CHF,IDR,sell,17360.03
2023-08-30,CNH,IDR,buy,2081.25
2023-08-30,CNH,IDR,sell,2102.28
2023-08-30,CNY,IDR,buy,2083.11
2023-08-30,CNY,IDR,sell,2104.16
2023-08-30,DKK,IDR,buy,2205.15
2023-08-30,DKK,IDR,sell,2227.54
2023-08-30,EUR,IDR,buy,16431.99
2023-08-30,EUR,IDR,sell,16603.28
2023-08-30,GBP,IDR,buy,19156.48
2023-08-30,GBP,IDR,sell,19350.55
2023-08-30,HKD,IDR,buy,1935.6
2023-08-30,HKD,IDR,sell,1955.12
2023-08-30,JPY,IDR,buy,103.6987
2023-08-30,JPY,IDR,sell,104.7482
2023-08-30,KRW,IDR,buy,11.47
2023-08-30,KRW,IDR,sell,11.59
2023-08-30,KWD,IDR,buy,49245.05
2023-08-30,KWD,IDR,sell,49756.14
2023-08-30,LAK,IDR,buy,0.77
2023-08-30,LAK,IDR,sell,0.78
2023-08-30,MYR,IDR,buy,3265.25
2023-08-30,MYR,IDR,sell,3301.62
2023-08-30,NOK,IDR,buy,1420.26
2023-08-30,NOK,IDR,sell,1435.19
2023-08-30,NZD,IDR,buy,8995.07
2023-08-30,NZD,IDR,sell,9087.01
2023-08-30,PGK,IDR,buy,4092.81
2023-08-30,PGK,IDR,sell,4248.99
2023-08-30,PHP,IDR,buy,267.54
2023-08-30,PHP,IDR,sell,270.34
2023-08-30,SAR,IDR,buy,4048.27
2023-08-30,SAR,IDR,sell,4089.5
2023-08-30,SEK,IDR,buy,1382.24
2023-08-30,SEK,IDR,sell,1396.51
2023-08-30,SGD,IDR,buy,11212.02
2023-08-30,SGD,IDR,sell,11328.89
2023-08-30,THB,IDR,buy,431.81
2023-08-30,THB,IDR,sell,436.4
2023-08-30,USD,IDR,buy,15186.68
2023-08-30,USD,IDR,sell,15339.32
2023-08-30,VND,IDR,buy,0.63
2023-08-30,VND,IDR,sell,0.64
2023-08-31,AUD,IDR,buy,9801.24
2023-08-31,AUD,IDR,sell,9902.8
2023-08-31,BND,IDR,buy,11206.81
2023-08-31,BND,IDR,sell,11323.62
2023-08-31,CAD,IDR,buy,11180.36
2023-08-31,CAD,IDR,sell,11296.05
2023-08-31,CHF,IDR,buy,17228.51
2023-08-31,CHF,IDR,sell,17403.63
2023-08-31,CNH,IDR,buy,2076.1
2023-08-31,CNH,IDR,sell,2097.25
2023-08-31,CNY,IDR,buy,2079.18
2023-08-31,CNY,IDR,sell,2100.16
2023-08-31,DKK,IDR,buy,2208.55
2023-08-31,DKK,IDR,sell,2231.01
2023-08-31,EUR,IDR,buy,16460.75
2023-08-31,EUR,IDR,sell,16627.7
2023-08-31,GBP,IDR,buy,19156.69
2023-08-31,GBP,IDR,sell,19355.34
2023-08-31,HKD,IDR,buy,1932.41
2023-08-31,HKD,IDR,sell,1951.87
2023-08-31,JPY,IDR,buy,103.5782
2023-08-31,JPY,IDR,sell,104.6262
2023-08-31,KRW,IDR,buy,11.44
2023-08-31,KRW,IDR,sell,11.56
2023-08-31,KWD,IDR,buy,49167.64
2023-08-31,KWD,IDR,sell,49714.96
2023-08-31,LAK,IDR,buy,0.77
2023-08-31,LAK,IDR,sell,0.78
2023-08-31,MYR,IDR,buy,3262.92
2023-08-31,MYR,IDR,sell,3299.27
2023-08-31,NOK,IDR,buy,1429.62
2023-08-31,NOK,IDR,sell,1444.58
2023-08-31,NZD,IDR,buy,9015.81
2023-08-31,NZD,IDR,sell,9114.07
2023-08-31,PGK,IDR,buy,4063.63
2023-08-31,PGK,IDR,sell,4380.14
2023-08-31,PHP,IDR,buy,267.23
2023-08-31,PHP,IDR,sell,270.01
2023-08-31,SAR,IDR,buy,4041.91
2023-08-31,SAR,IDR,sell,4082.85
2023-08-31,SEK,IDR,buy,1390.98
2023-08-31,SEK,IDR,sell,1405.49
2023-08-31,SGD,IDR,buy,11206.81
2023-08-31,SGD,IDR,sell,11323.62
2023-08-31,THB,IDR,buy,431.74
2023-08-31,THB,IDR,sell,436.7
2023-08-31,USD,IDR,buy,15162.81
2023-08-31,USD,IDR,sell,15315.19
2023-08-31,VND,IDR,buy,0.63
2023-08-31,VND,IDR,sell,0.63
2023-09-01,AUD,IDR,buy,9825.73
2023-09-01,AUD,IDR,sell,9927.53
2023-09-01,BND,IDR,buy,11221.09
2023-09-01,BND,IDR,sell,11339.74
2023-09-01,CAD,IDR,buy,11196.23
2023-09-01,CAD,IDR,sell,11312.09
2023-09-01,CHF,IDR,buy,17222.33
2023-09-01,CHF,IDR,sell,17403.32
2023-09-01,CNH,IDR,buy,2077.65
2023-09-01,CNH,IDR,sell,2098.67
2023-09-01,CNY,IDR,buy,2079.67
2023-09-01,CNY,IDR,sell,2100.66
2023-09-01,DKK,IDR,buy,2215.98
2023-09-01,DKK,IDR,sell,2238.47
2023-09-01,EUR,IDR,buy,16511.65
2023-09-01,EUR,IDR,sell,16682.18
2023-09-01,GBP,IDR,buy,19270.92
2023-09-01,GBP,IDR,sell,19472.24
2023-09-01,HKD,IDR,buy,1932.84
2023-09-01,HKD,IDR,sell,1952.29
2023-09-01,JPY,IDR,buy,103.9195
2023-09-01,JPY,IDR,sell,104.9927
2023-09-01,KRW,IDR,buy,11.45
2023-09-01,KRW,IDR,sell,11.58
2023-09-01,KWD,IDR,buy,49196.29
2023-09-01,KWD,IDR,sell,49706.82
2023-09-01,LAK,IDR,buy,0.77
2023-09-01,LAK,IDR,sell,0.78
2023-09-01,MYR,IDR,buy,3265.31
2023-09-01,MYR,IDR,sell,3302.39
2023-09-01,NOK,IDR,buy,1425.87
2023-09-01,NOK,IDR,sell,1440.89
2023-09-01,NZD,IDR,buy,9031.3
2023-09-01,NZD,IDR,sell,9131.25
2023-09-01,PGK,IDR,buy,4085.84
2023-09-01,PGK,IDR,sell,4241.75
2023-09-01,PHP,IDR,buy,267.67
2023-09-01,PHP,IDR,sell,270.5
2023-09-01,SAR,IDR,buy,4041.81
2023-09-01,SAR,IDR,sell,4082.64
2023-09-01,SEK,IDR,buy,1392.42
2023-09-01,SEK,IDR,sell,1406.89
2023-09-01,SGD,IDR,buy,11221.09
2023-09-01,SGD,IDR,sell,11339.74
2023-09-01,THB,IDR,buy,433.91
2023-09-01,THB,IDR,sell,438.4
2023-09-01,USD,IDR,buy,15160.82
2023-09-01,USD,IDR,sell,15313.18
2023-09-01,VND,IDR,buy,0.63
2023-09-01,VND,IDR,sell,0.64
2023-09-04,AUD,IDR,buy,9826.29
2023-09-04,AUD,IDR,sell,9928.11
2023-09-04,BND,IDR,buy,11237.13
2023-09-04,BND,IDR,sell,11352.58
2023-09-04,CAD,IDR,buy,11237.96
2023-09-04,CAD,IDR,sell,11355.11
2023-09-04,CHF,IDR,buy,17200.2
2023-09-04,CHF,IDR,sell,17380.95
2023-09-04,CNH,IDR,buy,2088.42
2023-09-04,CNH,IDR,sell,2109.99
2023-09-04,CNY,IDR,buy,2089.86
2023-09-04,CNY,IDR,sell,2111.07
2023-09-04,DKK,IDR,buy,2209.98
2023-09-04,DKK,IDR,sell,2232.39
2023-09-04,EUR,IDR,buy,16467.2
2023-09-04,EUR,IDR,sell,16638.83
2023-09-04,GBP,IDR,buy,19241.32
2023-09-04,GBP,IDR,sell,19440.83
2023-09-04,HKD,IDR,buy,1934.74
2023-09-04,HKD,IDR,sell,1954.31
2023-09-04,JPY,IDR,buy,104.358
2023-09-04,JPY,IDR,sell,105.4286
2023-09-04,KRW,IDR,buy,11.51
2023-09-04,KRW,IDR,sell,11.63
2023-09-04,KWD,IDR,buy,49233.52
2023-09-04,KWD,IDR,sell,49744.47
2023-09-04,LAK,IDR,buy,0.77
2023-09-04,LAK,IDR,sell,0.78
2023-09-04,MYR,IDR,buy,3267.11
2023-09-04,MYR,IDR,sell,3303.5
2023-09-04,NOK,IDR,buy,1429.49
2023-09-04,NOK,IDR,sell,1444.64
2023-09-04,NZD,IDR,buy,9053.85
2023-09-04,NZD,IDR,sell,9146.37
2023-09-04,PGK,IDR,buy,4089.86
2023-09-04,PGK,IDR,sell,4245.93
2023-09-04,PHP,IDR,buy,268.36
2023-09-04,PHP,IDR,sell,271.15
2023-09-04,SAR,IDR,buy,4045.57
2023-09-04,SAR,IDR,sell,4086.66
2023-09-04,SEK,IDR,buy,1387.12
2023-09-04,SEK,IDR,sell,1401.49
2023-09-04,SGD,IDR,buy,11237.13
2023-09-04,SGD,IDR,sell,11352.58
2023-09-04,THB,IDR,buy,432.85
2023-09-04,THB,IDR,sell,437.33
2023-09-04,USD,IDR,buy,15175.74
2023-09-04,USD,IDR,sell,15328.26
2023-09-04,VND,IDR,buy,0.63
2023-09-04,VND,IDR,sell,0.64
2023-09-05,AUD,IDR,buy,9809.41
2023-09-05,AUD,IDR,sell,9911.07
2023-09-05,BND,IDR,buy,11206.06
2023-09-05,BND,IDR,sell,11321.2
2023-09-05,CAD,IDR,buy,11161.54
2023-09-05,CAD,IDR,sell,11277.04
2023-09-05,CHF,IDR,buy,17161.49
2023-09-05,CHF,IDR,sell,17341.83
2023-09-05,CNH,IDR,buy,2086.13
2023-09-05,CNH,IDR,sell,2107.21
2023-09-05,CNY,IDR,buy,2086.48
2023-09-05,CNY,IDR,sell,2107.62
2023-09-05,DKK,IDR,buy,2197.64
2023-09-05,DKK,IDR,sell,2220.05
2023-09-05,EUR,IDR,buy,16376.84
2023-09-05,EUR,IDR,sell,16546.03
2023-09-05,GBP,IDR,buy,19150.05
2023-09-05,GBP,IDR,sell,19348.66
2023-09-05,HKD,IDR,buy,1935.84
2023-09-05,HKD,IDR,sell,1955.37
2023-09-05,JPY,IDR,buy,103.6183
2023-09-05,JPY,IDR,sell,104.6812
2023-09-05,KRW,IDR,buy,11.49
2023-09-05,KRW,IDR,sell,11.61
2023-09-05,KWD,IDR,buy,49187.04
2023-09-05,KWD,IDR,sell,49697.53
2023-09-05,LAK,IDR,buy,0.77
2023-09-05,LAK,IDR,sell,0.78
2023-09-05,MYR,IDR,buy,3256.93
2023-09-05,MYR,IDR,sell,3293.9
2023-09-05,NOK,IDR,buy,1425.8
2023-09-05,NOK,IDR,sell,1440.53
2023-09-05,NZD,IDR,buy,9022.05
2023-09-05,NZD,IDR,sell,9118.86
2023-09-05,PGK,IDR,buy,4088.52
2023-09-05,PGK,IDR,sell,4244.54
2023-09-05,PHP,IDR,buy,267.85
2023-09-05,PHP,IDR,sell,270.59
2023-09-05,SAR,IDR,buy,4044.03
2023-09-05,SAR,IDR,sell,4085.33
2023-09-05,SEK,IDR,buy,1377.74
2023-09-05,SEK,IDR,sell,1391.97
2023-09-05,SGD,IDR,buy,11206.06
2023-09-05,SGD,IDR,sell,11321.2
2023-09-05,THB,IDR,buy,430.38
2023-09-05,THB,IDR,sell,434.83
2023-09-05,USD,IDR,buy,15170.76
2023-09-05,USD,IDR,sell,15323.24
2023-09-05,VND,IDR,buy,0.63
2023-09-05,VND,IDR,sell,0.64
2023-09-06,AUD,IDR,buy,9676.57
2023-09-06,AUD,IDR,sell,9776.89
2023-09-06,BND,IDR,buy,11153
2023-09-06,BND,IDR,sell,11269.23
2023-09-06,CAD,IDR,buy,11114.63
2023-09-06,CAD,IDR,sell,11229.63
2023-09-06,CHF,IDR,buy,17102.61
2023-09-06,CHF,IDR,sell,17282.29
2023-09-06,CNH,IDR,buy,2077.51
2023-09-06,CNH,IDR,sell,2098.97
2023-09-06,CNY,IDR,buy,2079.47
2023-09-06,CNY,IDR,sell,2100.69
2023-09-06,DKK,IDR,buy,2191.23
2023-09-06,DKK,IDR,sell,2213.57
2023-09-06,EUR,IDR,buy,16328.55
2023-09-06,EUR,IDR,sell,16498.79
2023-09-06,GBP,IDR,buy,19069.21
2023-09-06,GBP,IDR,sell,19266.99
2023-09-06,HKD,IDR,buy,1937.59
2023-09-06,HKD,IDR,sell,1957.13
2023-09-06,JPY,IDR,buy,103.3186
2023-09-06,JPY,IDR,sell,104.3783
2023-09-06,KRW,IDR,buy,11.39
2023-09-06,KRW,IDR,sell,11.51
2023-09-06,KWD,IDR,buy,49208.26
2023-09-06,KWD,IDR,sell,49718.93
2023-09-06,LAK,IDR,buy,0.77
2023-09-06,LAK,IDR,sell,0.78
2023-09-06,MYR,IDR,buy,3256.21
2023-09-06,MYR,IDR,sell,3291.76
2023-09-06,NOK,IDR,buy,1413.38
2023-09-06,NOK,IDR,sell,1427.99
2023-09-06,NZD,IDR,buy,8921.94
2023-09-06,NZD,IDR,sell,9017.74
2023-09-06,PGK,IDR,buy,4092.01
2023-09-06,PGK,IDR,sell,4248.16
2023-09-06,PHP,IDR,buy,267.08
2023-09-06,PHP,IDR,sell,270.01
2023-09-06,SAR,IDR,buy,4047.69
2023-09-06,SAR,IDR,sell,4088.59
2023-09-06,SEK,IDR,buy,1369.6
2023-09-06,SEK,IDR,sell,1383.74
2023-09-06,SGD,IDR,buy,11153
2023-09-06,SGD,IDR,sell,11269.23
2023-09-06,THB,IDR,buy,428.07
2023-09-06,THB,IDR,sell,432.5
2023-09-06,USD,IDR,buy,15183.7
2023-09-06,USD,IDR,sell,15336.3
2023-09-06,VND,IDR,buy,0.63
2023-09-06,VND,IDR,sell,0.64
2023-09-07,AUD,IDR,buy,9718.56
2023-09-07,AUD,IDR,sell,9817.77
2023-09-07,BND,IDR,buy,11174.23
2023-09-07,BND,IDR,sell,11288.18
2023-09-07,CAD,IDR,buy,11143.16
2023-09-07,CAD,IDR,sell,11258.44
2023-09-07,CHF,IDR,buy,17114.81
2023-09-07,CHF,IDR,sell,17288.75
2023-09-07,CNH,IDR,buy,2081.97
2023-09-07,CNH,IDR,sell,2103.1
2023-09-07,CNY,IDR,buy,2083.26
2023-09-07,CNY,IDR,sell,2104.33
2023-09-07,DKK,IDR,buy,2192.03
2023-09-07,DKK,IDR,sell,2214.25
2023-09-07,EUR,IDR,buy,16336.2
2023-09-07,EUR,IDR,sell,16506.53
2023-09-07,GBP,IDR,buy,19115.76
2023-09-07,GBP,IDR,sell,19309.41
2023-09-07,HKD,IDR,buy,1941.92
2023-09-07,HKD,IDR,sell,1961.46
2023-09-07,JPY,IDR,buy,103.3415
2023-09-07,JPY,IDR,sell,104.4013
2023-09-07,KRW,IDR,buy,11.42
2023-09-07,KRW,IDR,sell,11.54
2023-09-07,KWD,IDR,buy,49358.23
2023-09-07,KWD,IDR,sell,49870.43
2023-09-07,LAK,IDR,buy,0.79
2023-09-07,LAK,IDR,sell,0.8
2023-09-07,MYR,IDR,buy,3257.85
2023-09-07,MYR,IDR,sell,3294.12
2023-09-07,NOK,IDR,buy,1419.75
2023-09-07,NOK,IDR,sell,1434.48
2023-09-07,NZD,IDR,buy,8950.95
2023-09-07,NZD,IDR,sell,9048.59
2023-09-07,PGK,IDR,buy,4104.61
2023-09-07,PGK,IDR,sell,4261.24
2023-09-07,PHP,IDR,buy,267.11
2023-09-07,PHP,IDR,sell,269.89
2023-09-07,SAR,IDR,buy,4060.05
2023-09-07,SAR,IDR,sell,4101.07
2023-09-07,SEK,IDR,buy,1370.28
2023-09-07,SEK,IDR,sell,1384.43
2023-09-07,SGD,IDR,buy,11174.23
2023-09-07,SGD,IDR,sell,11288.18
2023-09-07,THB,IDR,buy,428.54
2023-09-07,THB,IDR,sell,433.09
2023-09-07,USD,IDR,buy,15230.47
2023-09-07,USD,IDR,sell,15383.53
2023-09-07,VND,IDR,buy,0.63
2023-09-07,VND,IDR,sell,0.64
2023-09-08,AUD,IDR,buy,9738.75
2023-09-08,AUD,IDR,sell,9839.71
2023-09-08,BND,IDR,buy,11177.53
2023-09-08,BND,IDR,sell,11294.01
2023-09-08,CAD,IDR,buy,11183.27
2023-09-08,CAD,IDR,sell,11296.49
2023-09-08,CHF,IDR,buy,17104.63
2023-09-08,CHF,IDR,sell,17284.29
2023-09-08,CNH,IDR,buy,2080.58
2023-09-08,CNH,IDR,sell,2101.64
2023-09-08,CNY,IDR,buy,2082.29
2023-09-08,CNY,IDR,sell,2103.33
2023-09-08,DKK,IDR,buy,2191.89
2023-09-08,DKK,IDR,sell,2214.11
2023-09-08,EUR,IDR,buy,16342.13
2023-09-08,EUR,IDR,sell,16512.53
2023-09-08,GBP,IDR,buy,19018.26
2023-09-08,GBP,IDR,sell,19214.02
2023-09-08,HKD,IDR,buy,1946.49
2023-09-08,HKD,IDR,sell,1966.1
2023-09-08,JPY,IDR,buy,103.4746
2023-09-08,JPY,IDR,sell,104.5216
2023-09-08,KRW,IDR,buy,11.42
2023-09-08,KRW,IDR,sell,11.54
2023-09-08,KWD,IDR,buy,49456.5
2023-09-08,KWD,IDR,sell,49969.75
2023-09-08,LAK,IDR,buy,0.77
2023-09-08,LAK,IDR,sell,0.78
2023-09-08,MYR,IDR,buy,3260.81
2023-09-08,MYR,IDR,sell,3297.11
2023-09-08,NOK,IDR,buy,1422.91
2023-09-08,NOK,IDR,sell,1437.59
2023-09-08,NZD,IDR,buy,8975.89
2023-09-08,NZD,IDR,sell,9072.26
2023-09-08,PGK,IDR,buy,4111.85
2023-09-08,PGK,IDR,sell,4268.76
2023-09-08,PHP,IDR,buy,268.61
2023-09-08,PHP,IDR,sell,271.41
2023-09-08,SAR,IDR,buy,4067.65
2023-09-08,SAR,IDR,sell,4108.75
2023-09-08,SEK,IDR,buy,1373.12
2023-09-08,SEK,IDR,sell,1387.24
2023-09-08,SGD,IDR,buy,11177.53
2023-09-08,SGD,IDR,sell,11294.01
2023-09-08,THB,IDR,buy,428.34
2023-09-08,THB,IDR,sell,432.88
2023-09-08,USD,IDR,buy,15257.33
2023-09-08,USD,IDR,sell,15410.67
2023-09-08,VND,IDR,buy,0.63
2023-09-08,VND,IDR,sell,0.64
2023-09-11,AUD,IDR,buy,9761.52
2023-09-11,AUD,IDR,sell,9862.7
2023-09-11,BND,IDR,buy,11190.02
2023-09-11,BND,IDR,sell,11306.61
2023-09-11,CAD,IDR,buy,11170.36
2023-09-11,CAD,IDR,sell,11285.92
2023-09-11,CHF,IDR,buy,17127.81
2023-09-11,CHF,IDR,sell,17307.7
2023-09-11,CNH,IDR,buy,2074.77
2023-09-11,CNH,IDR,sell,2096.19
2023-09-11,CNY,IDR,buy,2077.93
2023-09-11,CNY,IDR,sell,2098.99
2023-09-11,DKK,IDR,buy,2191.23
2023-09-11,DKK,IDR,sell,2213.41
2023-09-11,EUR,IDR,buy,16343.49
2023-09-11,EUR,IDR,sell,16512.36
2023-09-11,GBP,IDR,buy,19072.74
2023-09-11,GBP,IDR,sell,19265.96
2023-09-11,HKD,IDR,buy,1947.47
2023-09-11,HKD,IDR,sell,1967.12
2023-09-11,JPY,IDR,buy,103.557
2023-09-11,JPY,IDR,sell,104.6119
2023-09-11,KRW,IDR,buy,11.45
2023-09-11,KRW,IDR,sell,11.57
2023-09-11,KWD,IDR,buy,49475.88
2023-09-11,KWD,IDR,sell,49989.3
2023-09-11,LAK,IDR,buy,0.77
2023-09-11,LAK,IDR,sell,0.78
2023-09-11,MYR,IDR,buy,3263
2023-09-11,MYR,IDR,sell,3298.61
2023-09-11,NOK,IDR,buy,1427.81
2023-09-11,NOK,IDR,sell,1442.69
2023-09-11,NZD,IDR,buy,9005.94
2023-09-11,NZD,IDR,sell,9102.61
2023-09-11,PGK,IDR,buy,4113.73
2023-09-11,PGK,IDR,sell,4270.7
2023-09-11,PHP,IDR,buy,269.45
2023-09-11,PHP,IDR,sell,272.3
2023-09-11,SAR,IDR,buy,4069.29
2023-09-11,SAR,IDR,sell,4110.84
2023-09-11,SEK,IDR,buy,1373.11
2023-09-11,SEK,IDR,sell,1387.27
2023-09-11,SGD,IDR,buy,11190.02
2023-09-11,SGD,IDR,sell,11306.61
2023-09-11,THB,IDR,buy,429.74
2023-09-11,THB,IDR,sell,434.67
2023-09-11,USD,IDR,buy,15264.3
2023-09-11,USD,IDR,sell,15417.7
2023-09-11,VND,IDR,buy,0.63
2023-09-11,VND,IDR,sell,0.64
2023-09-12,AUD,IDR,buy,9828.09
2023-09-12,AUD,IDR,sell,9929.95
2023-09-12,BND,IDR,buy,11230.97
2023-09-12,BND,IDR,sell,11348.01
2023-09-12,CAD,IDR,buy,11230.14
2023-09-12,CAD,IDR,sell,11347.18
2023-09-12,CHF,IDR,buy,17145.85
2023-09-12,CHF,IDR,sell,17320.12
2023-09-12,CNH,IDR,buy,2091.55
2023-09-12,CNH,IDR,sell,2112.66
2023-09-12,CNY,IDR,buy,2094.85
2023-09-12,CNY,IDR,sell,2116.14
2023-09-12,DKK,IDR,buy,2197.37
2023-09-12,DKK,IDR,sell,2219.65
2023-09-12,EUR,IDR,buy,16385.75
2023-09-12,EUR,IDR,sell,16551.97
2023-09-12,GBP,IDR,buy,19130.71
2023-09-12,GBP,IDR,sell,19324.52
2023-09-12,HKD,IDR,buy,1948.8
2023-09-12,HKD,IDR,sell,1968.51
2023-09-12,JPY,IDR,buy,104.489
2023-09-12,JPY,IDR,sell,105.5463
2023-09-12,KRW,IDR,buy,11.49
2023-09-12,KRW,IDR,sell,11.61
2023-09-12,KWD,IDR,buy,49485.68
2023-09-12,KWD,IDR,sell,50030.03
2023-09-12,LAK,IDR,buy,0.77
2023-09-12,LAK,IDR,sell,0.78
2023-09-12,MYR,IDR,buy,3266.73
2023-09-12,MYR,IDR,sell,3303.1
2023-09-12,NOK,IDR,buy,1433.78
2023-09-12,NOK,IDR,sell,1448.6
2023-09-12,NZD,IDR,buy,9044.47
2023-09-12,NZD,IDR,sell,9138.45
2023-09-12,PGK,IDR,buy,4116.68
2023-09-12,PGK,IDR,sell,4273.77
2023-09-12,PHP,IDR,buy,269.45
2023-09-12,PHP,IDR,sell,272.26
2023-09-12,SAR,IDR,buy,4072.2
2023-09-12,SAR,IDR,sell,4113.68
2023-09-12,SEK,IDR,buy,1380.28
2023-09-12,SEK,IDR,sell,1394.4
2023-09-12,SGD,IDR,buy,11230.97
2023-09-12,SGD,IDR,sell,11348.01
2023-09-12,THB,IDR,buy,430.65
2023-09-12,THB,IDR,sell,435.23
2023-09-12,USD,IDR,buy,15275.24
2023-09-12,USD,IDR,sell,15428.76
2023-09-12,VND,IDR,buy,0.63
2023-09-12,VND,IDR,sell,0.64
2023-09-13,AUD,IDR,buy,9809.23
2023-09-13,AUD,IDR,sell,9910.9
2023-09-13,BND,IDR,buy,11204.52
2023-09-13,BND,IDR,sell,11321.28
2023-09-13,CAD,IDR,buy,11235.86
2023-09-13,CAD,IDR,sell,11352.12
2023-09-13,CHF,IDR,buy,17127.31
2023-09-13,CHF,IDR,sell,17307.21
2023-09-13,CNH,IDR,buy,2088.63
2023-09-13,CNH,IDR,sell,2109.8
2023-09-13,CNY,IDR,buy,2092.5
2023-09-13,CNY,IDR,sell,2113.96
2023-09-13,DKK,IDR,buy,2192.72
2023-09-13,DKK,IDR,sell,2215.08
2023-09-13,EUR,IDR,buy,16352.78
2023-09-13,EUR,IDR,sell,16523.3
2023-09-13,GBP,IDR,buy,19053.57
2023-09-13,GBP,IDR,sell,19246.6
2023-09-13,HKD,IDR,buy,1949.72
2023-09-13,HKD,IDR,sell,1969.34
2023-09-13,JPY,IDR,buy,103.9651
2023-09-13,JPY,IDR,sell,105.0315
2023-09-13,KRW,IDR,buy,11.5
2023-09-13,KRW,IDR,sell,11.62
2023-09-13,KWD,IDR,buy,49459.89
2023-09-13,KWD,IDR,sell,49973.17
2023-09-13,LAK,IDR,buy,0.77
2023-09-13,LAK,IDR,sell,0.78
2023-09-13,MYR,IDR,buy,3262.24
2023-09-13,MYR,IDR,sell,3298.55
2023-09-13,NOK,IDR,buy,1429.57
2023-09-13,NOK,IDR,sell,1444.42
2023-09-13,NZD,IDR,buy,9018.38
2023-09-13,NZD,IDR,sell,9110.56
2023-09-13,PGK,IDR,buy,4114.53
2023-09-13,PGK,IDR,sell,4271.54
2023-09-13,PHP,IDR,buy,269.36
2023-09-13,PHP,IDR,sell,272.21
2023-09-13,SAR,IDR,buy,4070.19
2023-09-13,SAR,IDR,sell,4111.31
2023-09-13,SEK,IDR,buy,1375.86
2023-09-13,SEK,IDR,sell,1390.03
2023-09-13,SGD,IDR,buy,11204.52
2023-09-13,SGD,IDR,sell,11321.28
2023-09-13,THB,IDR,buy,428.37
2023-09-13,THB,IDR,sell,432.8
2023-09-13,USD,IDR,buy,15267.28
2023-09-13,USD,IDR,sell,15420.72
2023-09-13,VND,IDR,buy,0.63
2023-09-13,VND,IDR,sell,0.64
2023-09-14,AUD,IDR,buy,9799.47
2023-09-14,AUD,IDR,sell,9901.04
2023-09-14,BND,IDR,buy,11228.74
2023-09-14,BND,IDR,sell,11342.41
2023-09-14,CAD,IDR,buy,11270.12
2023-09-14,CAD,IDR,sell,11386.74
2023-09-14,CHF,IDR,buy,17135.68
2023-09-14,CHF,IDR,sell,17315.65
2023-09-14,CNH,IDR,buy,2098.02
2023-09-14,CNH,IDR,sell,2119.25
2023-09-14,CNY,IDR,buy,2099.29
2023-09-14,CNY,IDR,sell,2120.47
2023-09-14,DKK,IDR,buy,2201.67
2023-09-14,DKK,IDR,sell,2224.12
2023-09-14,EUR,IDR,buy,16423.17
2023-09-14,EUR,IDR,sell,16594.4
2023-09-14,GBP,IDR,buy,19063.78
2023-09-14,GBP,IDR,sell,19261.54
2023-09-14,HKD,IDR,buy,1953.67
2023-09-14,HKD,IDR,sell,1973.37
2023-09-14,JPY,IDR,buy,103.8029
2023-09-14,JPY,IDR,sell,104.8675
2023-09-14,KRW,IDR,buy,11.51
2023-09-14,KRW,IDR,sell,11.63
2023-09-14,KWD,IDR,buy,49511.59
2023-09-14,KWD,IDR,sell,50025.36
2023-09-14,LAK,IDR,buy,0.77
2023-09-14,LAK,IDR,sell,0.78
2023-09-14,MYR,IDR,buy,3262.6
2023-09-14,MYR,IDR,sell,3300.32
2023-09-14,NOK,IDR,buy,1432.01
2023-09-14,NOK,IDR,sell,1446.81
2023-09-14,NZD,IDR,buy,9018.14
2023-09-14,NZD,IDR,sell,9118.04
2023-09-14,PGK,IDR,buy,4105.41
2023-09-14,PGK,IDR,sell,4262.5
2023-09-14,PHP,IDR,buy,269.43
2023-09-14,PHP,IDR,sell,272.23
2023-09-14,SAR,IDR,buy,4076.07
2023-09-14,SAR,IDR,sell,4117.26
2023-09-14,SEK,IDR,buy,1377.73
2023-09-14,SEK,IDR,sell,1391.95
2023-09-14,SGD,IDR,buy,11228.74
2023-09-14,SGD,IDR,sell,11342.41
2023-09-14,THB,IDR,buy,428.06
2023-09-14,THB,IDR,sell,432.96
2023-09-14,USD,IDR,buy,15290.17
2023-09-14,USD,IDR,sell,15443.83
2023-09-14,VND,IDR,buy,0.63
2023-09-14,VND,IDR,sell,0.64
2023-09-15,AUD,IDR,buy,9828.24
2023-09-15,AUD,IDR,sell,9930.09
2023-09-15,BND,IDR,buy,11227.2
2023-09-15,BND,IDR,sell,11344.2
2023-09-15,CAD,IDR,buy,11286.91
2023-09-15,CAD,IDR,sell,11403.71
2023-09-15,CHF,IDR,buy,17097.71
2023-09-15,CHF,IDR,sell,17277.26
2023-09-15,CNH,IDR,buy,2098.67
2023-09-15,CNH,IDR,sell,2119.94
2023-09-15,CNY,IDR,buy,2099.88
2023-09-15,CNY,IDR,sell,2121.22
2023-09-15,DKK,IDR,buy,2198.97
2023-09-15,DKK,IDR,sell,2221.39
2023-09-15,EUR,IDR,buy,16403.32
2023-09-15,EUR,IDR,sell,16572.79
2023-09-15,GBP,IDR,buy,19083.47
2023-09-15,GBP,IDR,sell,19279.88
2023-09-15,HKD,IDR,buy,1952.72
2023-09-15,HKD,IDR,sell,1972.39
2023-09-15,JPY,IDR,buy,103.7495
2023-09-15,JPY,IDR,sell,104.7992
2023-09-15,KRW,IDR,buy,11.52
2023-09-15,KRW,IDR,sell,11.64
2023-09-15,KWD,IDR,buy,49490.59
2023-09-15,KWD,IDR,sell,50004.15
2023-09-15,LAK,IDR,buy,0.77
2023-09-15,LAK,IDR,sell,0.78
2023-09-15,MYR,IDR,buy,3262.22
2023-09-15,MYR,IDR,sell,3298.52
2023-09-15,NOK,IDR,buy,1428.61
2023-09-15,NOK,IDR,sell,1443.41
2023-09-15,NZD,IDR,buy,9045.89
2023-09-15,NZD,IDR,sell,9142.97
2023-09-15,PGK,IDR,buy,4102.74
2023-09-15,PGK,IDR,sell,4259.72
2023-09-15,PHP,IDR,buy,269.18
2023-09-15,PHP,IDR,sell,271.96
2023-09-15,SAR,IDR,buy,4073.64
2023-09-15,SAR,IDR,sell,4114.8
2023-09-15,SEK,IDR,buy,1374.12
2023-09-15,SEK,IDR,sell,1388.3
2023-09-15,SGD,IDR,buy,11227.2
2023-09-15,SGD,IDR,sell,11344.2
2023-09-15,THB,IDR,buy,426.94
2023-09-15,THB,IDR,sell,431.35
2023-09-15,USD,IDR,buy,15280.22
2023-09-15,USD,IDR,sell,15433.78
2023-09-15,VND,IDR,buy,0.63
2023-09-15,VND,IDR,sell,0.64
2023-09-18,AUD,IDR,buy,9875.92
2023-09-18,AUD,IDR,sell,9978.26
2023-09-18,BND,IDR,buy,11227.09
2023-09-18,BND,IDR,sell,11344.08
2023-09-18,CAD,IDR,buy,11321.02
2023-09-18,CAD,IDR,sell,11439.03
2023-09-18,CHF,IDR,buy,17083.99
2023-09-18,CHF,IDR,sell,17263.39
2023-09-18,CNH,IDR,buy,2101.77
2023-09-18,CNH,IDR,sell,2123.48
2023-09-18,CNY,IDR,buy,2103.82
2023-09-18,CNY,IDR,sell,2125.23
2023-09-18,DKK,IDR,buy,2186.75
2023-09-18,DKK,IDR,sell,2209.04
2023-09-18,EUR,IDR,buy,16302.38
2023-09-18,EUR,IDR,sell,16470.84
2023-09-18,GBP,IDR,buy,19013.33
2023-09-18,GBP,IDR,sell,19210.58
2023-09-18,HKD,IDR,buy,1953.67
2023-09-18,HKD,IDR,sell,1973.32
2023-09-18,JPY,IDR,buy,103.4868
2023-09-18,JPY,IDR,sell,104.5338
2023-09-18,KRW,IDR,buy,11.52
2023-09-18,KRW,IDR,sell,11.64
2023-09-18,KWD,IDR,buy,49485.95
2023-09-18,KWD,IDR,sell,49999.45
2023-09-18,LAK,IDR,buy,0.76
2023-09-18,LAK,IDR,sell,0.77
2023-09-18,MYR,IDR,buy,3262.95
2023-09-18,MYR,IDR,sell,3298.55
2023-09-18,NOK,IDR,buy,1427.17
2023-09-18,NOK,IDR,sell,1442.03
2023-09-18,NZD,IDR,buy,9051.78
2023-09-18,NZD,IDR,sell,9148.92
2023-09-18,PGK,IDR,buy,4082.48
2023-09-18,PGK,IDR,sell,4401.49
2023-09-18,PHP,IDR,buy,269.05
2023-09-18,PHP,IDR,sell,271.8
2023-09-18,SAR,IDR,buy,4073.36
2023-09-18,SAR,IDR,sell,4120.33
2023-09-18,SEK,IDR,buy,1368.47
2023-09-18,SEK,IDR,sell,1382.6
2023-09-18,SGD,IDR,buy,11227.09
2023-09-18,SGD,IDR,sell,11344.08
2023-09-18,THB,IDR,buy,427.1
2023-09-18,THB,IDR,sell,431.51
2023-09-18,USD,IDR,buy,15290.17
2023-09-18,USD,IDR,sell,15443.83
2023-09-18,VND,IDR,buy,0.63
2023-09-18,VND,IDR,sell,0.64
2023-09-19,AUD,IDR,buy,9843.07
2023-09-19,AUD,IDR,sell,9945.07
2023-09-19,BND,IDR,buy,11206.78
2023-09-19,BND,IDR,sell,11323.56
2023-09-19,CAD,IDR,buy,11317.9
2023-09-19,CAD,IDR,sell,11435.87
2023-09-19,CHF,IDR,buy,17065.87
2023-09-19,CHF,IDR,sell,17245.07
2023-09-19,CNH,IDR,buy,2097.03
2023-09-19,CNH,IDR,sell,2118.22
2023-09-19,CNY,IDR,buy,2097.83
2023-09-19,CNY,IDR,sell,2119.03
2023-09-19,DKK,IDR,buy,2187.32
2023-09-19,DKK,IDR,sell,2209.52
2023-09-19,EUR,IDR,buy,16305.69
2023-09-19,EUR,IDR,sell,16475.73
2023-09-19,GBP,IDR,buy,18930.5
2023-09-19,GBP,IDR,sell,19126.93
2023-09-19,HKD,IDR,buy,1955.53
2023-09-19,HKD,IDR,sell,1975.26
2023-09-19,JPY,IDR,buy,103.5202
2023-09-19,JPY,IDR,sell,104.5959
2023-09-19,KRW,IDR,buy,11.53
2023-09-19,KRW,IDR,sell,11.65
2023-09-19,KWD,IDR,buy,49481.25
2023-09-19,KWD,IDR,sell,50031.93
2023-09-19,LAK,IDR,buy,0.76
2023-09-19,LAK,IDR,sell,0.77
2023-09-19,MYR,IDR,buy,3259.01
2023-09-19,MYR,IDR,sell,3295.62
2023-09-19,NOK,IDR,buy,1410.55
2023-09-19,NOK,IDR,sell,1425.26
2023-09-19,NZD,IDR,buy,9027.78
2023-09-19,NZD,IDR,sell,9124.69
2023-09-19,PGK,IDR,buy,4107.01
2023-09-19,PGK,IDR,sell,4264.16
2023-09-19,PHP,IDR,buy,268.97
2023-09-19,PHP,IDR,sell,271.77
2023-09-19,SAR,IDR,buy,4077.56
2023-09-19,SAR,IDR,sell,4119.08
2023-09-19,SEK,IDR,buy,1365.41
2023-09-19,SEK,IDR,sell,1379.49
2023-09-19,SGD,IDR,buy,11206.78
2023-09-19,SGD,IDR,sell,11323.56
2023-09-19,THB,IDR,buy,428.34
2023-09-19,THB,IDR,sell,432.89
2023-09-19,USD,IDR,buy,15296.14
2023-09-19,USD,IDR,sell,15449.86
2023-09-19,VND,IDR,buy,0.63
2023-09-19,VND,IDR,sell,0.63
2023-09-20,AUD,IDR,buy,9874.2
2023-09-20,AUD,IDR,sell,9976.54
2023-09-20,BND,IDR,buy,11220.01
2023-09-20,BND,IDR,sell,11336.93
2023-09-20,CAD,IDR,buy,11370.9
2023-09-20,CAD,IDR,sell,11486.04
2023-09-20,CHF,IDR,buy,17086.18
2023-09-20,CHF,IDR,sell,17265.62
2023-09-20,CNH,IDR,buy,2096.16
2023-09-20,CNH,IDR,sell,2117.38
2023-09-20,CNY,IDR,buy,2097.54
2023-09-20,CNY,IDR,sell,2118.68
2023-09-20,DKK,IDR,buy,2195.36
2023-09-20,DKK,IDR,sell,2217.68
2023-09-20,EUR,IDR,buy,16361.6
2023-09-20,EUR,IDR,sell,16532.23
2023-09-20,GBP,IDR,buy,18954.12
2023-09-20,GBP,IDR,sell,19150.8
2023-09-20,HKD,IDR,buy,1958.3
2023-09-20,HKD,IDR,sell,1978
2023-09-20,JPY,IDR,buy,103.6441
2023-09-20,JPY,IDR,sell,104.7213
2023-09-20,KRW,IDR,buy,11.53
2023-09-20,KRW,IDR,sell,11.65
2023-09-20,KWD,IDR,buy,49519.79
2023-09-20,KWD,IDR,sell,50114.8
2023-09-20,LAK,IDR,buy,0.76
2023-09-20,LAK,IDR,sell,0.78
2023-09-20,MYR,IDR,buy,3257.58
2023-09-20,MYR,IDR,sell,3293.82
2023-09-20,NOK,IDR,buy,1421.03
2023-09-20,NOK,IDR,sell,1435.75
2023-09-20,NZD,IDR,buy,9081.45
2023-09-20,NZD,IDR,sell,9178.91
2023-09-20,PGK,IDR,buy,4093.84
2023-09-20,PGK,IDR,sell,4250.93
2023-09-20,PHP,IDR,buy,269.6
2023-09-20,PHP,IDR,sell,272.41
2023-09-20,SAR,IDR,buy,4079.89
2023-09-20,SAR,IDR,sell,4121.12
2023-09-20,SEK,IDR,buy,1377.06
2023-09-20,SEK,IDR,sell,1391.23
2023-09-20,SGD,IDR,buy,11220.01
2023-09-20,SGD,IDR,sell,11336.93
2023-09-20,THB,IDR,buy,425.82
2023-09-20,THB,IDR,sell,430.22
2023-09-20,USD,IDR,buy,15304.09
2023-09-20,USD,IDR,sell,15457.91
2023-09-20,VND,IDR,buy,0.63
2023-09-20,VND,IDR,sell,0.63
2023-09-21,AUD,IDR,buy,9896.09
2023-09-21,AUD,IDR,sell,9998.64
2023-09-21,BND,IDR,buy,11223.55
2023-09-21,BND,IDR,sell,11337.18
2023-09-21,CAD,IDR,buy,11386.22
2023-09-21,CAD,IDR,sell,11504.93
2023-09-21,CHF,IDR,buy,17068.55
2023-09-21,CHF,IDR,sell,17243.93
2023-09-21,CNH,IDR,buy,2095.48
2023-09-21,CNH,IDR,sell,2116.66
2023-09-21,CNY,IDR,buy,2098.64
2023-09-21,CNY,IDR,sell,2119.76
2023-09-21,DKK,IDR,buy,2197.28
2023-09-21,DKK,IDR,sell,2219.56
2023-09-21,EUR,IDR,buy,16374.5
2023-09-21,EUR,IDR,sell,16542.16
2023-09-21,GBP,IDR,buy,18934.31
2023-09-21,GBP,IDR,sell,19126.15
2023-09-21,HKD,IDR,buy,1958.25
2023-09-21,HKD,IDR,sell,1977.98
2023-09-21,JPY,IDR,buy,103.423
2023-09-21,JPY,IDR,sell,104.4766
2023-09-21,KRW,IDR,buy,11.53
2023-09-21,KRW,IDR,sell,11.64
2023-09-21,KWD,IDR,buy,49605.01
2023-09-21,KWD,IDR,sell,50119.78
2023-09-21,LAK,IDR,buy,0.76
2023-09-21,LAK,IDR,sell,0.77
2023-09-21,MYR,IDR,buy,3265.62
2023-09-21,MYR,IDR,sell,3301.96
2023-09-21,NOK,IDR,buy,1423.32
2023-09-21,NOK,IDR,sell,1438.17
2023-09-21,NZD,IDR,buy,9094.9
2023-09-21,NZD,IDR,sell,9190.95
2023-09-21,PGK,IDR,buy,4097.84
2023-09-21,PGK,IDR,sell,4255.07
2023-09-21,PHP,IDR,buy,269.61
2023-09-21,PHP,IDR,sell,272.36
2023-09-21,SAR,IDR,buy,4083.66
2023-09-21,SAR,IDR,sell,4124.92
2023-09-21,SEK,IDR,buy,1375.52
2023-09-21,SEK,IDR,sell,1389.64
2023-09-21,SGD,IDR,buy,11223.55
2023-09-21,SGD,IDR,sell,11337.18
2023-09-21,THB,IDR,buy,423.76
2023-09-21,THB,IDR,sell,428.38
2023-09-21,USD,IDR,buy,15319.02
2023-09-21,USD,IDR,sell,15472.98
2023-09-21,VND,IDR,buy,0.63
2023-09-21,VND,IDR,sell,0.64
2023-09-22,AUD,IDR,buy,9826.25
2023-09-22,AUD,IDR,sell,9926.56
2023-09-22,BND,IDR,buy,11202.11
2023-09-22,BND,IDR,sell,11318.84
2023-09-22,CAD,IDR,buy,11358.25
2023-09-22,CAD,IDR,sell,11475.82
2023-09-22,CHF,IDR,buy,16924.45
2023-09-22,CHF,IDR,sell,17096.44
2023-09-22,CNH,IDR,buy,2096.31
2023-09-22,CNH,IDR,sell,2117.49
2023-09-22,CNY,IDR,buy,2097.57
2023-09-22,CNY,IDR,sell,2118.68
2023-09-22,DKK,IDR,buy,2190.36
2023-09-22,DKK,IDR,sell,2212.53
2023-09-22,EUR,IDR,buy,16323.47
2023-09-22,EUR,IDR,sell,16493.73
2023-09-22,GBP,IDR,buy,18858.93
2023-09-22,GBP,IDR,sell,19054.67
2023-09-22,HKD,IDR,buy,1958.73
2023-09-22,HKD,IDR,sell,1978.54
2023-09-22,JPY,IDR,buy,103.3321
2023-09-22,JPY,IDR,sell,104.3777
2023-09-22,KRW,IDR,buy,11.44
2023-09-22,KRW,IDR,sell,11.56
2023-09-22,KWD,IDR,buy,49576.11
2023-09-22,KWD,IDR,sell,50088.98
2023-09-22,LAK,IDR,buy,0.76
2023-09-22,LAK,IDR,sell,0.77
2023-09-22,MYR,IDR,buy,3264.44
2023-09-22,MYR,IDR,sell,3301.47
2023-09-22,NOK,IDR,buy,1421.01
2023-09-22,NOK,IDR,sell,1437.57
2023-09-22,NZD,IDR,buy,9066.38
2023-09-22,NZD,IDR,sell,9165.24
2023-09-22,PGK,IDR,buy,4098.1
2023-09-22,PGK,IDR,sell,4255.35
2023-09-22,PHP,IDR,buy,269.43
2023-09-22,PHP,IDR,sell,272.17
2023-09-22,SAR,IDR,buy,4083.92
2023-09-22,SAR,IDR,sell,4125.41
2023-09-22,SEK,IDR,buy,1376.08
2023-09-22,SEK,IDR,sell,1391.07
2023-09-22,SGD,IDR,buy,11202.11
2023-09-22,SGD,IDR,sell,11318.84
2023-09-22,THB,IDR,buy,423.91
2023-09-22,THB,IDR,sell,428.52
2023-09-22,USD,IDR,buy,15320.01
2023-09-22,USD,IDR,sell,15473.99
2023-09-22,VND,IDR,buy,0.63
2023-09-22,VND,IDR,sell,0.64
2023-09-25,AUD,IDR,buy,9844.87
2023-09-25,AUD,IDR,sell,9945.37
2023-09-25,BND,IDR,buy,11211.6
2023-09-25,BND,IDR,sell,11325.12
2023-09-25,CAD,IDR,buy,11360.56
2023-09-25,CAD,IDR,sell,11479
2023-09-25,CHF,IDR,buy,16897.86
2023-09-25,CHF,IDR,sell,17075.24
2023-09-25,CNH,IDR,buy,2096.98
2023-09-25,CNH,IDR,sell,2118.12
2023-09-25,CNY,IDR,buy,2096.55
2023-09-25,CNY,IDR,sell,2117.86
2023-09-25,DKK,IDR,buy,2186.18
2023-09-25,DKK,IDR,sell,2208.37
2023-09-25,EUR,IDR,buy,16296.38
2023-09-25,EUR,IDR,sell,16466.36
2023-09-25,GBP,IDR,buy,18771.38
2023-09-25,GBP,IDR,sell,18967.78
2023-09-25,HKD,IDR,buy,1957.22
2023-09-25,HKD,IDR,sell,1976.92
2023-09-25,JPY,IDR,buy,103.2172
2023-09-25,JPY,IDR,sell,104.2687
2023-09-25,KRW,IDR,buy,11.45
2023-09-25,KRW,IDR,sell,11.58
2023-09-25,KWD,IDR,buy,49510.21
2023-09-25,KWD,IDR,sell,50056.4
2023-09-25,LAK,IDR,buy,0.76
2023-09-25,LAK,IDR,sell,0.77
2023-09-25,MYR,IDR,buy,3262.17
2023-09-25,MYR,IDR,sell,3299.17
2023-09-25,NOK,IDR,buy,1420.32
2023-09-25,NOK,IDR,sell,1435.23
2023-09-25,NZD,IDR,buy,9105.59
2023-09-25,NZD,IDR,sell,9204.84
2023-09-25,PGK,IDR,buy,4094.38
2023-09-25,PGK,IDR,sell,4251.48
2023-09-25,PHP,IDR,buy,269.43
2023-09-25,PHP,IDR,sell,272.23
2023-09-25,SAR,IDR,buy,4080.75
2023-09-25,SAR,IDR,sell,4121.99
2023-09-25,SEK,IDR,buy,1371.12
2023-09-25,SEK,IDR,sell,1385.41
2023-09-25,SGD,IDR,buy,11211.6
2023-09-25,SGD,IDR,sell,11325.12
2023-09-25,THB,IDR,buy,424.7
2023-09-25,THB,IDR,sell,429.2
2023-09-25,USD,IDR,buy,15306.08
2023-09-25,USD,IDR,sell,15459.92
2023-09-25,VND,IDR,buy,0.63
2023-09-25,VND,IDR,sell,0.64
2023-09-26,AUD,IDR,buy,9833.66
2023-09-26,AUD,IDR,sell,9940.23
2023-09-26,BND,IDR,buy,11210.13
2023-09-26,BND,IDR,sell,11326.94
2023-09-26,CAD,IDR,buy,11368.16
2023-09-26,CAD,IDR,sell,11486.68
2023-09-26,CHF,IDR,buy,16829.96
2023-09-26,CHF,IDR,sell,17006.59
2023-09-26,CNH,IDR,buy,2095.09
2023-09-26,CNH,IDR,sell,2116.32
2023-09-26,CNY,IDR,buy,2095.86
2023-09-26,CNY,IDR,sell,2117.01
2023-09-26,DKK,IDR,buy,2185.86
2023-09-26,DKK,IDR,sell,2208.11
2023-09-26,EUR,IDR,buy,16296.48
2023-09-26,EUR,IDR,sell,16463.37
2023-09-26,GBP,IDR,buy,18754.13
2023-09-26,GBP,IDR,sell,18948.81
2023-09-26,HKD,IDR,buy,1960.64
2023-09-26,HKD,IDR,sell,1980.42
2023-09-26,JPY,IDR,buy,103.1854
2023-09-26,JPY,IDR,sell,104.2436
2023-09-26,KRW,IDR,buy,11.46
2023-09-26,KRW,IDR,sell,11.58
2023-09-26,KWD,IDR,buy,49544.07
2023-09-26,KWD,IDR,sell,50101.98
2023-09-26,LAK,IDR,buy,0.76
2023-09-26,LAK,IDR,sell,0.77
2023-09-26,MYR,IDR,buy,3269.04
2023-09-26,MYR,IDR,sell,3305.43
2023-09-26,NOK,IDR,buy,1424.43
2023-09-26,NOK,IDR,sell,1439.47
2023-09-26,NZD,IDR,buy,9113.53
2023-09-26,NZD,IDR,sell,9212.86
2023-09-26,PGK,IDR,buy,4075.65
2023-09-26,PGK,IDR,sell,4395.18
2023-09-26,PHP,IDR,buy,269.85
2023-09-26,PHP,IDR,sell,272.61
2023-09-26,SAR,IDR,buy,4084.34
2023-09-26,SAR,IDR,sell,4125.94
2023-09-26,SEK,IDR,buy,1379.48
2023-09-26,SEK,IDR,sell,1393.78
2023-09-26,SGD,IDR,buy,11210.13
2023-09-26,SGD,IDR,sell,11326.94
2023-09-26,THB,IDR,buy,424.55
2023-09-26,THB,IDR,sell,429.05
2023-09-26,USD,IDR,buy,15322
2023-09-26,USD,IDR,sell,15476
2023-09-26,VND,IDR,buy,0.63
2023-09-26,VND,IDR,sell,0.64
2023-09-27,AUD,IDR,buy,9852.09
2023-09-27,AUD,IDR,sell,9952.66
2023-09-27,BND,IDR,buy,11243.46
2023-09-27,BND,IDR,sell,11360.61
2023-09-27,CAD,IDR,buy,11398.39
2023-09-27,CAD,IDR,sell,11516.35
2023-09-27,CHF,IDR,buy,16849.19
2023-09-27,CHF,IDR,sell,17025.99
2023-09-27,CNH,IDR,buy,2104.45
2023-09-27,CNH,IDR,sell,2125.74
2023-09-27,CNY,IDR,buy,2103.96
2023-09-27,CNY,IDR,sell,2125.69
2023-09-27,DKK,IDR,buy,2183.93
2023-09-27,DKK,IDR,sell,2206.19
2023-09-27,EUR,IDR,buy,16283.72
2023-09-27,EUR,IDR,sell,16448.93
2023-09-27,GBP,IDR,buy,18722.51
2023-09-27,GBP,IDR,sell,18915.34
2023-09-27,HKD,IDR,buy,1968.01
2023-09-27,HKD,IDR,sell,1987.84
2023-09-27,JPY,IDR,buy,103.3565
2023-09-27,JPY,IDR,sell,104.4303
2023-09-27,KRW,IDR,buy,11.38
2023-09-27,KRW,IDR,sell,11.5
2023-09-27,KWD,IDR,buy,49777.36
2023-09-27,KWD,IDR,sell,50293.91
2023-09-27,LAK,IDR,buy,0.76
2023-09-27,LAK,IDR,sell,0.77
2023-09-27,MYR,IDR,buy,3277.95
2023-09-27,MYR,IDR,sell,3314.42
2023-09-27,NOK,IDR,buy,1419.55
2023-09-27,NOK,IDR,sell,1434.34
2023-09-27,NZD,IDR,buy,9156.61
2023-09-27,NZD,IDR,sell,9256.41
2023-09-27,PGK,IDR,buy,4092.86
2023-09-27,PGK,IDR,sell,4413.73
2023-09-27,PHP,IDR,buy,270.08
2023-09-27,PHP,IDR,sell,272.89
2023-09-27,SAR,IDR,buy,4101.26
2023-09-27,SAR,IDR,sell,4143.03
2023-09-27,SEK,IDR,buy,1386.55
2023-09-27,SEK,IDR,sell,1400.85
2023-09-27,SGD,IDR,buy,11243.46
2023-09-27,SGD,IDR,sell,11360.61
2023-09-27,THB,IDR,buy,423.41
2023-09-27,THB,IDR,sell,427.9
2023-09-27,USD,IDR,buy,15386.68
2023-09-27,USD,IDR,sell,15541.32
2023-09-27,VND,IDR,buy,0.63
2023-09-27,VND,IDR,sell,0.64
2023-09-29,AUD,IDR,buy,9856.06
2023-09-29,AUD,IDR,sell,9956.68
2023-09-29,BND,IDR,buy,11277.01
2023-09-29,BND,IDR,sell,11391.17
2023-09-29,CAD,IDR,buy,11424.62
2023-09-29,CAD,IDR,sell,11543.71
2023-09-29,CHF,IDR,buy,16853.99
2023-09-29,CHF,IDR,sell,17030.81
2023-09-29,CNH,IDR,buy,2112.37
2023-09-29,CNH,IDR,sell,2133.63
2023-09-29,CNY,IDR,buy,2113.78
2023-09-29,CNY,IDR,sell,2135.14
2023-09-29,DKK,IDR,buy,2188.81
2023-09-29,DKK,IDR,sell,2210.96
2023-09-29,EUR,IDR,buy,16319.66
2023-09-29,EUR,IDR,sell,16488.36
2023-09-29,GBP,IDR,buy,18763.59
2023-09-29,GBP,IDR,sell,18958.41
2023-09-29,HKD,IDR,buy,1975.37
2023-09-29,HKD,IDR,sell,1995.25
2023-09-29,JPY,IDR,buy,103.6664
2023-09-29,JPY,IDR,sell,104.7294
2023-09-29,KRW,IDR,buy,11.42
2023-09-29,KRW,IDR,sell,11.54
2023-09-29,KWD,IDR,buy,49959.16
2023-09-29,KWD,IDR,sell,50477.58
2023-09-29,LAK,IDR,buy,0.76
2023-09-29,LAK,IDR,sell,0.77
2023-09-29,MYR,IDR,buy,3282
2023-09-29,MYR,IDR,sell,3318.51
2023-09-29,NOK,IDR,buy,1430.83
2023-09-29,NOK,IDR,sell,1445.78
2023-09-29,NZD,IDR,buy,9163.97
2023-09-29,NZD,IDR,sell,9263.88
2023-09-29,PGK,IDR,buy,4116.99
2023-09-29,PGK,IDR,sell,4423.63
2023-09-29,PHP,IDR,buy,271.21
2023-09-29,PHP,IDR,sell,274.04
2023-09-29,SAR,IDR,buy,4118.03
2023-09-29,SAR,IDR,sell,4159.86
2023-09-29,SEK,IDR,buy,1403.45
2023-09-29,SEK,IDR,sell,1417.87
2023-09-29,SGD,IDR,buy,11277.01
2023-09-29,SGD,IDR,sell,11391.17
2023-09-29,THB,IDR,buy,422.43
2023-09-29,THB,IDR,sell,426.91
2023-09-29,USD,IDR,buy,15448.37
2023-09-29,USD,IDR,sell,15603.63
2023-09-29,VND,IDR,buy,0.63
2023-09-29,VND,IDR,sell,0.64
2023-10-02,AUD,IDR,buy,9980.78
2023-10-02,AUD,IDR,sell,10088.86
2023-10-02,BND,IDR,buy,11313.93
2023-10-02,BND,IDR,sell,11429.31
2023-10-02,CAD,IDR,buy,11459.49
2023-10-02,CAD,IDR,sell,11578.95
2023-10-02,CHF,IDR,buy,16928.01
2023-10-02,CHF,IDR,sell,17105.65
2023-10-02,CNH,IDR,buy,2113.45
2023-10-02,CNH,IDR,sell,2134.92
2023-10-02,CNY,IDR,buy,2110.32
2023-10-02,CNY,IDR,sell,2131.82
2023-10-02,DKK,IDR,buy,2191.01
2023-10-02,DKK,IDR,sell,2213.21
2023-10-02,EUR,IDR,buy,16335.69
2023-10-02,EUR,IDR,sell,16506.08
2023-10-02,GBP,IDR,buy,18856.69
2023-10-02,GBP,IDR,sell,19053.98
2023-10-02,HKD,IDR,buy,1968.37
2023-10-02,HKD,IDR,sell,1988.18
2023-10-02,JPY,IDR,buy,103.545
2023-10-02,JPY,IDR,sell,104.6208
2023-10-02,KRW,IDR,buy,11.46
2023-10-02,KRW,IDR,sell,11.58
2023-10-02,KWD,IDR,buy,49880.46
2023-10-02,KWD,IDR,sell,50398.05
2023-10-02,LAK,IDR,buy,0.75
2023-10-02,LAK,IDR,sell,0.77
2023-10-02,MYR,IDR,buy,3284.92
2023-10-02,MYR,IDR,sell,3322.18
2023-10-02,NOK,IDR,buy,1448.88
2023-10-02,NOK,IDR,sell,1464.2
2023-10-02,NZD,IDR,buy,9287.35
2023-10-02,NZD,IDR,sell,9382.24
2023-10-02,PGK,IDR,buy,4091.24
2023-10-02,PGK,IDR,sell,4396.95
2023-10-02,PHP,IDR,buy,272.3
2023-10-02,PHP,IDR,sell,275.18
2023-10-02,SAR,IDR,buy,4108.67
2023-10-02,SAR,IDR,sell,4150.18
2023-10-02,SEK,IDR,buy,1421.14
2023-10-02,SEK,IDR,sell,1435.82
2023-10-02,SGD,IDR,buy,11313.93
2023-10-02,SGD,IDR,sell,11429.31
2023-10-02,THB,IDR,buy,422.41
2023-10-02,THB,IDR,sell,426.77
2023-10-02,USD,IDR,buy,15409.57
2023-10-02,USD,IDR,sell,15564.43
2023-10-02,VND,IDR,buy,0.63
2023-10-02,VND,IDR,sell,0.64
2023-10-03,AUD,IDR,buy,9899.49
2023-10-03,AUD,IDR,sell,10002.09
2023-10-03,BND,IDR,buy,11277.69
2023-10-03,BND,IDR,sell,11395.19
2023-10-03,CAD,IDR,buy,11368.19
2023-10-03,CAD,IDR,sell,11485.82
2023-10-03,CHF,IDR,buy,16931.37
2023-10-03,CHF,IDR,sell,17109.03
2023-10-03,CNH,IDR,buy,2115.09
2023-10-03,CNH,IDR,sell,2136.46
2023-10-03,CNY,IDR,buy,2114.68
2023-10-03,CNY,IDR,sell,2136.23
2023-10-03,DKK,IDR,buy,2188.97
2023-10-03,DKK,IDR,sell,2211.28
2023-10-03,EUR,IDR,buy,16324.66
2023-10-03,EUR,IDR,sell,16494.95
2023-10-03,GBP,IDR,buy,18827.71
2023-10-03,GBP,IDR,sell,19023.16
2023-10-03,HKD,IDR,buy,1971.45
2023-10-03,HKD,IDR,sell,1991.34
2023-10-03,JPY,IDR,buy,103.1215
2023-10-03,JPY,IDR,sell,104.1717
2023-10-03,KRW,IDR,buy,11.41
2023-10-03,KRW,IDR,sell,11.53
2023-10-03,KWD,IDR,buy,49946.34
2023-10-03,KWD,IDR,sell,50464.6
2023-10-03,LAK,IDR,buy,0.75
2023-10-03,LAK,IDR,sell,0.77
2023-10-03,MYR,IDR,buy,3272.87
2023-10-03,MYR,IDR,sell,3311.38
2023-10-03,NOK,IDR,buy,1444.13
2023-10-03,NOK,IDR,sell,1459.06
2023-10-03,NZD,IDR,buy,9250.95
2023-10-03,NZD,IDR,sell,9350.16
2023-10-03,PGK,IDR,buy,4099.69
2023-10-03,PGK,IDR,sell,4374.84
2023-10-03,PHP,IDR,buy,271.86
2023-10-03,PHP,IDR,sell,274.71
2023-10-03,SAR,IDR,buy,4117.05
2023-10-03,SAR,IDR,sell,4158.65
2023-10-03,SEK,IDR,buy,1412.19
2023-10-03,SEK,IDR,sell,1426.77
2023-10-03,SGD,IDR,buy,11277.69
2023-10-03,SGD,IDR,sell,11395.19
2023-10-03,THB,IDR,buy,418.69
2023-10-03,THB,IDR,sell,423.13
2023-10-03,USD,IDR,buy,15441.41
2023-10-03,USD,IDR,sell,15596.59
2023-10-03,VND,IDR,buy,0.63
2023-10-03,VND,IDR,sell,0.64
2023-10-04,AUD,IDR,buy,9808.35
2023-10-04,AUD,IDR,sell,9910.06
2023-10-04,BND,IDR,buy,11297.77
2023-10-04,BND,IDR,sell,11415.47
2023-10-04,CAD,IDR,buy,11324.14
2023-10-04,CAD,IDR,sell,11438.79
2023-10-04,CHF,IDR,buy,16847.93
2023-10-04,CHF,IDR,sell,17024.65
2023-10-04,CNH,IDR,buy,2119.71
2023-10-04,CNH,IDR,sell,2141.13
2023-10-04,CNY,IDR,buy,2125.72
2023-10-04,CNY,IDR,sell,2147.38
2023-10-04,DKK,IDR,buy,2181.31
2023-10-04,DKK,IDR,sell,2203.39
2023-10-04,EUR,IDR,buy,16267.06
2023-10-04,EUR,IDR,sell,16436.82
2023-10-04,GBP,IDR,buy,18755.23
2023-10-04,GBP,IDR,sell,18948.43
2023-10-04,HKD,IDR,buy,1981.95
2023-10-04,HKD,IDR,sell,2001.89
2023-10-04,JPY,IDR,buy,103.632
2023-10-04,JPY,IDR,sell,104.6805
2023-10-04,KRW,IDR,buy,11.42
2023-10-04,KRW,IDR,sell,11.54
2023-10-04,KWD,IDR,buy,50177.8
2023-10-04,KWD,IDR,sell,50698.49
2023-10-04,LAK,IDR,buy,0.76
2023-10-04,LAK,IDR,sell,0.77
2023-10-04,MYR,IDR,buy,3284.04
2023-10-04,MYR,IDR,sell,3320.55
2023-10-04,NOK,IDR,buy,1426.47
2023-10-04,NOK,IDR,sell,1441.2
2023-10-04,NZD,IDR,buy,9170.4
2023-10-04,NZD,IDR,sell,9264.13
2023-10-04,PGK,IDR,buy,4121.09
2023-10-04,PGK,IDR,sell,4397.68
2023-10-04,PHP,IDR,buy,273.18
2023-10-04,PHP,IDR,sell,276.17
2023-10-04,SAR,IDR,buy,4137.88
2023-10-04,SAR,IDR,sell,4179.69
2023-10-04,SEK,IDR,buy,1404.73
2023-10-04,SEK,IDR,sell,1419.29
2023-10-04,SGD,IDR,buy,11297.77
2023-10-04,SGD,IDR,sell,11415.47
2023-10-04,THB,IDR,buy,418.72
2023-10-04,THB,IDR,sell,423.04
2023-10-04,USD,IDR,buy,15522
2023-10-04,USD,IDR,sell,15678
2023-10-04,VND,IDR,buy,0.64
2023-10-04,VND,IDR,sell,0.64
2023-10-05,AUD,IDR,buy,9834.1
2023-10-05,AUD,IDR,sell,9934.5
2023-10-05,BND,IDR,buy,11332.09
2023-10-05,BND,IDR,sell,11450.15
2023-10-05,CAD,IDR,buy,11351.1
2023-10-05,CAD,IDR,sell,11469.37
2023-10-05,CHF,IDR,buy,16914.35
2023-10-05,CHF,IDR,sell,17086.2
2023-10-05,CNH,IDR,buy,2125.97
2023-10-05,CNH,IDR,sell,2147.92
2023-10-05,CNY,IDR,buy,2130.62
2023-10-05,CNY,IDR,sell,2152.33
2023-10-05,DKK,IDR,buy,2186.87
2023-10-05,DKK,IDR,sell,2209
2023-10-05,EUR,IDR,buy,16309.26
2023-10-05,EUR,IDR,sell,16479.46
2023-10-05,GBP,IDR,buy,18798.51
2023-10-05,GBP,IDR,sell,18992.16
2023-10-05,HKD,IDR,buy,1986.85
2023-10-05,HKD,IDR,sell,2006.89
2023-10-05,JPY,IDR,buy,104.5131
2023-10-05,JPY,IDR,sell,105.5777
2023-10-05,KRW,IDR,buy,11.45
2023-10-05,KRW,IDR,sell,11.57
2023-10-05,KWD,IDR,buy,50313.11
2023-10-05,KWD,IDR,sell,50835.21
2023-10-05,LAK,IDR,buy,0.76
2023-10-05,LAK,IDR,sell,0.77
2023-10-05,MYR,IDR,buy,3286.4
2023-10-05,MYR,IDR,sell,3322.24
2023-10-05,NOK,IDR,buy,1420.07
2023-10-05,NOK,IDR,sell,1434.86
2023-10-05,NZD,IDR,buy,9169.78
2023-10-05,NZD,IDR,sell,9271.37
2023-10-05,PGK,IDR,buy,4130.6
2023-10-05,PGK,IDR,sell,4407.83
2023-10-05,PHP,IDR,buy,274.29
2023-10-05,PHP,IDR,sell,277.19
2023-10-05,SAR,IDR,buy,4147.76
2023-10-05,SAR,IDR,sell,4189.67
2023-10-05,SEK,IDR,buy,1403.96
2023-10-05,SEK,IDR,sell,1418.49
2023-10-05,SGD,IDR,buy,11332.09
2023-10-05,SGD,IDR,sell,11450.15
2023-10-05,THB,IDR,buy,419.46
2023-10-05,THB,IDR,sell,423.79
2023-10-05,USD,IDR,buy,15557.82
2023-10-05,USD,IDR,sell,15714.18
2023-10-05,VND,IDR,buy,0.64
2023-10-05,VND,IDR,sell,0.64
2023-10-06,AUD,IDR,buy,9843.13
2023-10-06,AUD,IDR,sell,9945.19
2023-10-06,BND,IDR,buy,11316.61
2023-10-06,BND,IDR,sell,11431.18
2023-10-06,CAD,IDR,buy,11282.07
2023-10-06,CAD,IDR,sell,11398.76
2023-10-06,CHF,IDR,buy,16918.8
2023-10-06,CHF,IDR,sell,17096.28
2023-10-06,CNH,IDR,buy,2120.34
2023-10-06,CNH,IDR,sell,2141.71
2023-10-06,CNY,IDR,buy,2125.86
2023-10-06,CNY,IDR,sell,2147.51
2023-10-06,DKK,IDR,buy,2187.2
2023-10-06,DKK,IDR,sell,2209.34
2023-10-06,EUR,IDR,buy,16308.46
2023-10-06,EUR,IDR,sell,16478.63
2023-10-06,GBP,IDR,buy,18830.95
2023-10-06,GBP,IDR,sell,19026.47
2023-10-06,HKD,IDR,buy,1982.78
2023-10-06,HKD,IDR,sell,2002.73
2023-10-06,JPY,IDR,buy,104.1183
2023-10-06,JPY,IDR,sell,105.1858
2023-10-06,KRW,IDR,buy,11.48
2023-10-06,KRW,IDR,sell,11.6
2023-10-06,KWD,IDR,buy,50164.81
2023-10-06,KWD,IDR,sell,50685.33
2023-10-06,LAK,IDR,buy,0.75
2023-10-06,LAK,IDR,sell,0.77
2023-10-06,MYR,IDR,buy,3281.12
2023-10-06,MYR,IDR,sell,3316.2
2023-10-06,NOK,IDR,buy,1412.13
2023-10-06,NOK,IDR,sell,1426.67
2023-10-06,NZD,IDR,buy,9205.14
2023-10-06,NZD,IDR,sell,9303.92
2023-10-06,PGK,IDR,buy,4105.83
2023-10-06,PGK,IDR,sell,4413.64
2023-10-06,PHP,IDR,buy,273.82
2023-10-06,PHP,IDR,sell,276.67
2023-10-06,SAR,IDR,buy,4138.69
2023-10-06,SAR,IDR,sell,4180.51
2023-10-06,SEK,IDR,buy,1404.02
2023-10-06,SEK,IDR,sell,1418.48
2023-10-06,SGD,IDR,buy,11314.96
2023-10-06,SGD,IDR,sell,11432.84
2023-10-06,THB,IDR,buy,419.09
2023-10-06,THB,IDR,sell,423.53
2023-10-06,USD,IDR,buy,15523
2023-10-06,USD,IDR,sell,15679
2023-10-06,VND,IDR,buy,0.64
2023-10-06,VND,IDR,sell,0.64
2023-10-09,AUD,IDR,buy,9902.15
2023-10-09,AUD,IDR,sell,10004.81
2023-10-09,BND,IDR,buy,11375.17
2023-10-09,BND,IDR,sell,11493.7
2023-10-09,CAD,IDR,buy,11351.09
2023-10-09,CAD,IDR,sell,11468.52
2023-10-09,CHF,IDR,buy,17042.81
2023-10-09,CHF,IDR,sell,17221.64
2023-10-09,CNH,IDR,buy,2128.46
2023-10-09,CNH,IDR,sell,2150.02
2023-10-09,CNY,IDR,buy,2129.53
2023-10-09,CNY,IDR,sell,2151.23
2023-10-09,DKK,IDR,buy,2200.13
2023-10-09,DKK,IDR,sell,2222.43
2023-10-09,EUR,IDR,buy,16405.1
2023-10-09,EUR,IDR,sell,16576.26
2023-10-09,GBP,IDR,buy,18977.05
2023-10-09,GBP,IDR,sell,19172.49
2023-10-09,HKD,IDR,buy,1985.5
2023-10-09,HKD,IDR,sell,2005.61
2023-10-09,JPY,IDR,buy,104.4316
2023-10-09,JPY,IDR,sell,105.4953
2023-10-09,KRW,IDR,buy,11.53
2023-10-09,KRW,IDR,sell,11.65
2023-10-09,KWD,IDR,buy,50279.24
2023-10-09,KWD,IDR,sell,50800.98
2023-10-09,LAK,IDR,buy,0.76
2023-10-09,LAK,IDR,sell,0.77
2023-10-09,MYR,IDR,buy,3295.86
2023-10-09,MYR,IDR,sell,3331.81
2023-10-09,NOK,IDR,buy,1419.95
2023-10-09,NOK,IDR,sell,1434.78
2023-10-09,NZD,IDR,buy,9272.38
2023-10-09,NZD,IDR,sell,9373.42
2023-10-09,PGK,IDR,buy,4089.61
2023-10-09,PGK,IDR,sell,4413.43
2023-10-09,PHP,IDR,buy,274.49
2023-10-09,PHP,IDR,sell,277.49
2023-10-09,SAR,IDR,buy,4145.86
2023-10-09,SAR,IDR,sell,4187.75
2023-10-09,SEK,IDR,buy,1412.75
2023-10-09,SEK,IDR,sell,1427.29
2023-10-09,SGD,IDR,buy,11375.17
2023-10-09,SGD,IDR,sell,11493.7
2023-10-09,THB,IDR,buy,420.38
2023-10-09,THB,IDR,sell,424.72
2023-10-09,USD,IDR,buy,15549.86
2023-10-09,USD,IDR,sell,15706.14
2023-10-09,VND,IDR,buy,0.64
2023-10-09,VND,IDR,sell,0.64
2023-10-10,AUD,IDR,buy,9910.1
2023-10-10,AUD,IDR,sell,10012.85
2023-10-10,BND,IDR,buy,11380.25
2023-10-10,BND,IDR,sell,11498.82
2023-10-10,CAD,IDR,buy,11408.55
2023-10-10,CAD,IDR,sell,11524.05
2023-10-10,CHF,IDR,buy,17103.44
2023-10-10,CHF,IDR,sell,17277.23
2023-10-10,CNH,IDR,buy,2137.05
2023-10-10,CNH,IDR,sell,2159.12
2023-10-10,CNY,IDR,buy,2137.73
2023-10-10,CNY,IDR,sell,2159.27
2023-10-10,DKK,IDR,buy,2200.55
2023-10-10,DKK,IDR,sell,2222.82
2023-10-10,EUR,IDR,buy,16407.65
2023-10-10,EUR,IDR,sell,16578.86
2023-10-10,GBP,IDR,buy,18974.86
2023-10-10,GBP,IDR,sell,19171.86
2023-10-10,HKD,IDR,buy,1991.83
2023-10-10,HKD,IDR,sell,2011.93
2023-10-10,JPY,IDR,buy,104.5491
2023-10-10,JPY,IDR,sell,105.614
2023-10-10,KRW,IDR,buy,11.51
2023-10-10,KRW,IDR,sell,11.63
2023-10-10,KWD,IDR,buy,50454.94
2023-10-10,KWD,IDR,sell,50976.86
2023-10-10,LAK,IDR,buy,0.76
2023-10-10,LAK,IDR,sell,0.77
2023-10-10,MYR,IDR,buy,3293.9
2023-10-10,MYR,IDR,sell,3330.52
2023-10-10,NOK,IDR,buy,1428.42
2023-10-10,NOK,IDR,sell,1443.32
2023-10-10,NZD,IDR,buy,9314.31
2023-10-10,NZD,IDR,sell,9409.49
2023-10-10,PGK,IDR,buy,4125.31
2023-10-10,PGK,IDR,sell,4284.92
2023-10-10,PHP,IDR,buy,273.77
2023-10-10,PHP,IDR,sell,276.62
2023-10-10,SAR,IDR,buy,4158.21
2023-10-10,SAR,IDR,sell,4200.23
2023-10-10,SEK,IDR,buy,1412.46
2023-10-10,SEK,IDR,sell,1427.05
2023-10-10,SGD,IDR,buy,11380.25
2023-10-10,SGD,IDR,sell,11498.82
2023-10-10,THB,IDR,buy,420.05
2023-10-10,THB,IDR,sell,424.5
2023-10-10,USD,IDR,buy,15596.63
2023-10-10,USD,IDR,sell,15753.38
2023-10-10,VND,IDR,buy,0.64
2023-10-10,VND,IDR,sell,0.65
2023-10-11,AUD,IDR,buy,9995.04
2023-10-11,AUD,IDR,sell,10098.65
2023-10-11,BND,IDR,buy,11434.24
2023-10-11,BND,IDR,sell,11553.38
2023-10-11,CAD,IDR,buy,11482.96
2023-10-11,CAD,IDR,sell,11601.78
2023-10-11,CHF,IDR,buy,17254.87
2023-10-11,CHF,IDR,sell,17435.98
2023-10-11,CNH,IDR,buy,2141.4
2023-10-11,CNH,IDR,sell,2163.52
2023-10-11,CNY,IDR,buy,2142.4
2023-10-11,CNY,IDR,sell,2163.99
2023-10-11,DKK,IDR,buy,2215.72
2023-10-11,DKK,IDR,sell,2238.21
2023-10-11,EUR,IDR,buy,16520.34
2023-10-11,EUR,IDR,sell,16687.95
2023-10-11,GBP,IDR,buy,19108.58
2023-10-11,GBP,IDR,sell,19306.94
2023-10-11,HKD,IDR,buy,1998.63
2023-10-11,HKD,IDR,sell,2018.76
2023-10-11,JPY,IDR,buy,104.9027
2023-10-11,JPY,IDR,sell,105.9642
2023-10-11,KRW,IDR,buy,11.58
2023-10-11,KRW,IDR,sell,11.7
2023-10-11,KWD,IDR,buy,50561.14
2023-10-11,KWD,IDR,sell,51092.43
2023-10-11,LAK,IDR,buy,0.76
2023-10-11,LAK,IDR,sell,0.77
2023-10-11,MYR,IDR,buy,3299.44
2023-10-11,MYR,IDR,sell,3335.42
2023-10-11,NOK,IDR,buy,1437.99
2023-10-11,NOK,IDR,sell,1452.96
2023-10-11,NZD,IDR,buy,9379.24
2023-10-11,NZD,IDR,sell,9475.08
2023-10-11,PGK,IDR,buy,4118.36
2023-10-11,PGK,IDR,sell,4278.15
2023-10-11,PHP,IDR,buy,274.78
2023-10-11,PHP,IDR,sell,277.59
2023-10-11,SAR,IDR,buy,4166.74
2023-10-11,SAR,IDR,sell,4208.85
2023-10-11,SEK,IDR,buy,1425.3
2023-10-11,SEK,IDR,sell,1439.92
2023-10-11,SGD,IDR,buy,11434.24
2023-10-11,SGD,IDR,sell,11553.38
2023-10-11,THB,IDR,buy,423.45
2023-10-11,THB,IDR,sell,427.94
2023-10-11,USD,IDR,buy,15629.46
2023-10-11,USD,IDR,sell,15786.54
2023-10-11,VND,IDR,buy,0.64
2023-10-11,VND,IDR,sell,0.65
2023-10-12,AUD,IDR,buy,10024.45
2023-10-12,AUD,IDR,sell,10133.09
2023-10-12,BND,IDR,buy,11463.37
2023-10-12,BND,IDR,sell,11582.83
2023-10-12,CAD,IDR,buy,11494.56
2023-10-12,CAD,IDR,sell,11614.35
2023-10-12,CHF,IDR,buy,17276.14
2023-10-12,CHF,IDR,sell,17459.42
2023-10-12,CNH,IDR,buy,2141.59
2023-10-12,CNH,IDR,sell,2163.29
2023-10-12,CNY,IDR,buy,2141.53
2023-10-12,CNY,IDR,sell,2163.26
2023-10-12,DKK,IDR,buy,2221.13
2023-10-12,DKK,IDR,sell,2243.71
2023-10-12,EUR,IDR,buy,16559.96
2023-10-12,EUR,IDR,sell,16732.71
2023-10-12,GBP,IDR,buy,19181.35
2023-10-12,GBP,IDR,sell,19382.02
2023-10-12,HKD,IDR,buy,1998.98
2023-10-12,HKD,IDR,sell,2019.2
2023-10-12,JPY,IDR,buy,105.0501
2023-10-12,JPY,IDR,sell,106.113
2023-10-12,KRW,IDR,buy,11.67
2023-10-12,KRW,IDR,sell,11.79
2023-10-12,KWD,IDR,buy,50567.58
2023-10-12,KWD,IDR,sell,51090.67
2023-10-12,LAK,IDR,buy,0.76
2023-10-12,LAK,IDR,sell,0.77
2023-10-12,MYR,IDR,buy,3304.75
2023-10-12,MYR,IDR,sell,3341.49
2023-10-12,NOK,IDR,buy,1445.47
2023-10-12,NOK,IDR,sell,1460.59
2023-10-12,NZD,IDR,buy,9410.13
2023-10-12,NZD,IDR,sell,9512.6
2023-10-12,PGK,IDR,buy,4103.26
2023-10-12,PGK,IDR,sell,4412.9
2023-10-12,PHP,IDR,buy,275.35
2023-10-12,PHP,IDR,sell,278.26
2023-10-12,SAR,IDR,buy,4167.16
2023-10-12,SAR,IDR,sell,4209.61
2023-10-12,SEK,IDR,buy,1432.76
2023-10-12,SEK,IDR,sell,1447.43
2023-10-12,SGD,IDR,buy,11463.37
2023-10-12,SGD,IDR,sell,11582.83
2023-10-12,THB,IDR,buy,428.85
2023-10-12,THB,IDR,sell,433.28
2023-10-12,USD,IDR,buy,15631.45
2023-10-12,USD,IDR,sell,15788.55
2023-10-12,VND,IDR,buy,0.64
2023-10-12,VND,IDR,sell,0.65
2023-10-13,AUD,IDR,buy,10009.97
2023-10-13,AUD,IDR,sell,10113.73
2023-10-13,BND,IDR,buy,11467.62
2023-10-13,BND,IDR,sell,11583.73
2023-10-13,CAD,IDR,buy,11492.09
2023-10-13,CAD,IDR,sell,11611.85
2023-10-13,CHF,IDR,buy,17328.63
2023-10-13,CHF,IDR,sell,17510.55
2023-10-13,CNH,IDR,buy,2141
2023-10-13,CNH,IDR,sell,2162.75
2023-10-13,CNY,IDR,buy,2140.41
2023-10-13,CNY,IDR,sell,2162.1
2023-10-13,DKK,IDR,buy,2225.22
2023-10-13,DKK,IDR,sell,2247.78
2023-10-13,EUR,IDR,buy,16590.58
2023-10-13,EUR,IDR,sell,16763.64
2023-10-13,GBP,IDR,buy,19205.96
2023-10-13,GBP,IDR,sell,19405.29
2023-10-13,HKD,IDR,buy,1997.61
2023-10-13,HKD,IDR,sell,2017.76
2023-10-13,JPY,IDR,buy,104.7221
2023-10-13,JPY,IDR,sell,105.7959
2023-10-13,KRW,IDR,buy,11.67
2023-10-13,KRW,IDR,sell,11.79
2023-10-13,KWD,IDR,buy,50541.83
2023-10-13,KWD,IDR,sell,51072.92
2023-10-13,LAK,IDR,buy,0.76
2023-10-13,LAK,IDR,sell,0.77
2023-10-13,MYR,IDR,buy,3310.06
2023-10-13,MYR,IDR,sell,3346.16
2023-10-13,NOK,IDR,buy,1437.34
2023-10-13,NOK,IDR,sell,1452.2
2023-10-13,NZD,IDR,buy,9367.84
2023-10-13,NZD,IDR,sell,9468.31
2023-10-13,PGK,IDR,buy,4093.35
2023-10-13,PGK,IDR,sell,4418.54
2023-10-13,PHP,IDR,buy,275.64
2023-10-13,PHP,IDR,sell,278.51
2023-10-13,SAR,IDR,buy,4165.04
2023-10-13,SAR,IDR,sell,4207.35
2023-10-13,SEK,IDR,buy,1432.09
2023-10-13,SEK,IDR,sell,1446.88
2023-10-13,SGD,IDR,buy,11467.62
2023-10-13,SGD,IDR,sell,11583.73
2023-10-13,THB,IDR,buy,431.71
2023-10-13,THB,IDR,sell,436.17
2023-10-13,USD,IDR,buy,15623.49
2023-10-13,USD,IDR,sell,15780.51
2023-10-13,VND,IDR,buy,0.64
2023-10-13,VND,IDR,sell,0.65
2023-10-16,AUD,IDR,buy,9890.95
2023-10-16,AUD,IDR,sell,9991.94
2023-10-16,BND,IDR,buy,11427.44
2023-10-16,BND,IDR,sell,11543.14
2023-10-16,CAD,IDR,buy,11436.64
2023-10-16,CAD,IDR,sell,11555.81
2023-10-16,CHF,IDR,buy,17242.64
2023-10-16,CHF,IDR,sell,17423.63
2023-10-16,CNH,IDR,buy,2139.52
2023-10-16,CNH,IDR,sell,2161.23
2023-10-16,CNY,IDR,buy,2139.11
2023-10-16,CNY,IDR,sell,2160.64
2023-10-16,DKK,IDR,buy,2212.25
2023-10-16,DKK,IDR,sell,2234.68
2023-10-16,EUR,IDR,buy,16494.81
2023-10-16,EUR,IDR,sell,16663.76
2023-10-16,GBP,IDR,buy,19086.34
2023-10-16,GBP,IDR,sell,19284.49
2023-10-16,HKD,IDR,buy,1998.14
2023-10-16,HKD,IDR,sell,2018.27
2023-10-16,JPY,IDR,buy,104.4328
2023-10-16,JPY,IDR,sell,105.5035
2023-10-16,KRW,IDR,buy,11.58
2023-10-16,KRW,IDR,sell,11.71
2023-10-16,KWD,IDR,buy,50508.79
2023-10-16,KWD,IDR,sell,51032.94
2023-10-16,LAK,IDR,buy,0.75
2023-10-16,LAK,IDR,sell,0.77
2023-10-16,MYR,IDR,buy,3302.44
2023-10-16,MYR,IDR,sell,3338.45
2023-10-16,NOK,IDR,buy,1430.52
2023-10-16,NOK,IDR,sell,1445.49
2023-10-16,NZD,IDR,buy,9256.35
2023-10-16,NZD,IDR,sell,9355.7
2023-10-16,PGK,IDR,buy,4118.62
2023-10-16,PGK,IDR,sell,4396.83
2023-10-16,PHP,IDR,buy,275.06
2023-10-16,PHP,IDR,sell,277.93
2023-10-16,SAR,IDR,buy,4166.9
2023-10-16,SAR,IDR,sell,4209
2023-10-16,SEK,IDR,buy,1428.14
2023-10-16,SEK,IDR,sell,1442.84
2023-10-16,SGD,IDR,buy,11427.44
2023-10-16,SGD,IDR,sell,11543.14
2023-10-16,THB,IDR,buy,429.41
2023-10-16,THB,IDR,sell,433.96
2023-10-16,USD,IDR,buy,15630.45
2023-10-16,USD,IDR,sell,15787.55
2023-10-16,VND,IDR,buy,0.64
2023-10-16,VND,IDR,sell,0.65
2023-10-17,AUD,IDR,buy,9892.23
2023-10-17,AUD,IDR,sell,9994.81
2023-10-17,BND,IDR,buy,11415.84
2023-10-17,BND,IDR,sell,11532.26
2023-10-17,CAD,IDR,buy,11458.5
2023-10-17,CAD,IDR,sell,11577.06
2023-10-17,CHF,IDR,buy,17309.52
2023-10-17,CHF,IDR,sell,17489.29
2023-10-17,CNH,IDR,buy,2137.75
2023-10-17,CNH,IDR,sell,2159.32
2023-10-17,CNY,IDR,buy,2138.77
2023-10-17,CNY,IDR,sell,2160.3
2023-10-17,DKK,IDR,buy,2208.27
2023-10-17,DKK,IDR,sell,2230.65
2023-10-17,EUR,IDR,buy,16469.33
2023-10-17,EUR,IDR,sell,16641.17
2023-10-17,GBP,IDR,buy,19038.56
2023-10-17,GBP,IDR,sell,19231.48
2023-10-17,HKD,IDR,buy,1999.95
2023-10-17,HKD,IDR,sell,2020.13
2023-10-17,JPY,IDR,buy,104.5422
2023-10-17,JPY,IDR,sell,105.5999
2023-10-17,KRW,IDR,buy,11.53
2023-10-17,KRW,IDR,sell,11.65
2023-10-17,KWD,IDR,buy,50542.75
2023-10-17,KWD,IDR,sell,51067.22
2023-10-17,LAK,IDR,buy,0.75
2023-10-17,LAK,IDR,sell,0.76
2023-10-17,MYR,IDR,buy,3299.03
2023-10-17,MYR,IDR,sell,3335.71
2023-10-17,NOK,IDR,buy,1430.77
2023-10-17,NOK,IDR,sell,1445.5
2023-10-17,NZD,IDR,buy,9266.74
2023-10-17,NZD,IDR,sell,9363.03
2023-10-17,PGK,IDR,buy,4097
2023-10-17,PGK,IDR,sell,4422.48
2023-10-17,PHP,IDR,buy,275.33
2023-10-17,PHP,IDR,sell,278.15
2023-10-17,SAR,IDR,buy,4168.76
2023-10-17,SAR,IDR,sell,4210.88
2023-10-17,SEK,IDR,buy,1423.3
2023-10-17,SEK,IDR,sell,1437.94
2023-10-17,SGD,IDR,buy,11415.84
2023-10-17,SGD,IDR,sell,11532.26
2023-10-17,THB,IDR,buy,430.66
2023-10-17,THB,IDR,sell,435.23
2023-10-17,USD,IDR,buy,15637.42
2023-10-17,USD,IDR,sell,15794.58
2023-10-17,VND,IDR,buy,0.64
2023-10-17,VND,IDR,sell,0.65
2023-10-18,AUD,IDR,buy,9938.85
2023-10-18,AUD,IDR,sell,10041.89
2023-10-18,BND,IDR,buy,11419.8
2023-10-18,BND,IDR,sell,11535.41
2023-10-18,CAD,IDR,buy,11474.26
2023-10-18,CAD,IDR,sell,11592.98
2023-10-18,CHF,IDR,buy,17334.75
2023-10-18,CHF,IDR,sell,17516.73
2023-10-18,CNH,IDR,buy,2137.09
2023-10-18,CNH,IDR,sell,2158.68
2023-10-18,CNY,IDR,buy,2138.08
2023-10-18,CNY,IDR,sell,2159.66
2023-10-18,DKK,IDR,buy,2211.08
2023-10-18,DKK,IDR,sell,2233.62
2023-10-18,EUR,IDR,buy,16491.76
2023-10-18,EUR,IDR,sell,16663.82
2023-10-18,GBP,IDR,buy,19033.16
2023-10-18,GBP,IDR,sell,19230.77
2023-10-18,HKD,IDR,buy,1999.62
2023-10-18,HKD,IDR,sell,2019.74
2023-10-18,JPY,IDR,buy,104.5136
2023-10-18,JPY,IDR,sell,105.5851
2023-10-18,KRW,IDR,buy,11.57
2023-10-18,KRW,IDR,sell,11.69
2023-10-18,KWD,IDR,buy,50539.38
2023-10-18,KWD,IDR,sell,51063.81
2023-10-18,LAK,IDR,buy,0.76
2023-10-18,LAK,IDR,sell,0.77
2023-10-18,MYR,IDR,buy,3302.24
2023-10-18,MYR,IDR,sell,3337.54
2023-10-18,NOK,IDR,buy,1429.68
2023-10-18,NOK,IDR,sell,1444.44
2023-10-18,NZD,IDR,buy,9214.74
2023-10-18,NZD,IDR,sell,9313.67
2023-10-18,PGK,IDR,buy,4120.98
2023-10-18,PGK,IDR,sell,4399.35
2023-10-18,PHP,IDR,buy,275.58
2023-10-18,PHP,IDR,sell,278.4
2023-10-18,SAR,IDR,buy,4169.29
2023-10-18,SAR,IDR,sell,4211.41
2023-10-18,SEK,IDR,buy,1430.99
2023-10-18,SEK,IDR,sell,1445.71
2023-10-18,SGD,IDR,buy,11419.8
2023-10-18,SGD,IDR,sell,11535.41
2023-10-18,THB,IDR,buy,429.65
2023-10-18,THB,IDR,sell,434.21
2023-10-18,USD,IDR,buy,15639.41
2023-10-18,USD,IDR,sell,15796.59
2023-10-18,VND,IDR,buy,0.64
2023-10-18,VND,IDR,sell,0.65
2023-10-19,AUD,IDR,buy,9987.76
2023-10-19,AUD,IDR,sell,10091.31
2023-10-19,BND,IDR,buy,11435.08
2023-10-19,BND,IDR,sell,11555.92
2023-10-19,CAD,IDR,buy,11482.9
2023-10-19,CAD,IDR,sell,11599.16
2023-10-19,CHF,IDR,buy,17401.16
2023-10-19,CHF,IDR,sell,17578.01
2023-10-19,CNH,IDR,buy,2139.61
2023-10-19,CNH,IDR,sell,2161.41
2023-10-19,CNY,IDR,buy,2140.84
2023-10-19,CNY,IDR,sell,2162.39
2023-10-19,DKK,IDR,buy,2218.9
2023-10-19,DKK,IDR,sell,2241.42
2023-10-19,EUR,IDR,buy,16553.91
2023-10-19,EUR,IDR,sell,16726.62
2023-10-19,GBP,IDR,buy,19077.07
2023-10-19,GBP,IDR,sell,19275.14
2023-10-19,HKD,IDR,buy,1999.51
2023-10-19,HKD,IDR,sell,2019.63
2023-10-19,JPY,IDR,buy,104.5162
2023-10-19,JPY,IDR,sell,105.5878
2023-10-19,KRW,IDR,buy,11.6
2023-10-19,KRW,IDR,sell,11.72
2023-10-19,KWD,IDR,buy,50586.06
2023-10-19,KWD,IDR,sell,51135.82
2023-10-19,LAK,IDR,buy,0.76
2023-10-19,LAK,IDR,sell,0.77
2023-10-19,MYR,IDR,buy,3298.7
2023-10-19,MYR,IDR,sell,3335.37
2023-10-19,NOK,IDR,buy,1427.17
2023-10-19,NOK,IDR,sell,1441.97
2023-10-19,NZD,IDR,buy,9238.01
2023-10-19,NZD,IDR,sell,9338.77
2023-10-19,PGK,IDR,buy,4124.39
2023-10-19,PGK,IDR,sell,4284.42
2023-10-19,PHP,IDR,buy,276.01
2023-10-19,PHP,IDR,sell,278.81
2023-10-19,SAR,IDR,buy,4172.51
2023-10-19,SAR,IDR,sell,4214.9
2023-10-19,SEK,IDR,buy,1432.12
2023-10-19,SEK,IDR,sell,1446.84
2023-10-19,SGD,IDR,buy,11435.08
2023-10-19,SGD,IDR,sell,11555.92
2023-10-19,THB,IDR,buy,430.72
2023-10-19,THB,IDR,sell,435.29
2023-10-19,USD,IDR,buy,15652.34
2023-10-19,USD,IDR,sell,15809.66
2023-10-19,VND,IDR,buy,0.64
2023-10-19,VND,IDR,sell,0.64
2023-10-20,AUD,IDR,buy,9924.9
2023-10-20,AUD,IDR,sell,10027.83
2023-10-20,BND,IDR,buy,11466.79
2023-10-20,BND,IDR,sell,11586.25
2023-10-20,CAD,IDR,buy,11474.3
2023-10-20,CAD,IDR,sell,11593
2023-10-20,CHF,IDR,buy,17513.68
2023-10-20,CHF,IDR,sell,17697.57
2023-10-20,CNH,IDR,buy,2149.47
2023-10-20,CNH,IDR,sell,2171.19
2023-10-20,CNY,IDR,buy,2153.73
2023-10-20,CNY,IDR,sell,2175.4
2023-10-20,DKK,IDR,buy,2225.22
2023-10-20,DKK,IDR,sell,2247.9
2023-10-20,EUR,IDR,buy,16601.91
2023-10-20,EUR,IDR,sell,16775.13
2023-10-20,GBP,IDR,buy,19093.37
2023-10-20,GBP,IDR,sell,19291.63
2023-10-20,HKD,IDR,buy,2013.67
2023-10-20,HKD,IDR,sell,2033.94
2023-10-20,JPY,IDR,buy,105.185
2023-10-20,JPY,IDR,sell,106.2634
2023-10-20,KRW,IDR,buy,11.6
2023-10-20,KRW,IDR,sell,11.72
2023-10-20,KWD,IDR,buy,50900.55
2023-10-20,KWD,IDR,sell,51460.31
2023-10-20,LAK,IDR,buy,0.76
2023-10-20,LAK,IDR,sell,0.77
2023-10-20,MYR,IDR,buy,3303.73
2023-10-20,MYR,IDR,sell,3340.44
2023-10-20,NOK,IDR,buy,1419.76
2023-10-20,NOK,IDR,sell,1434.42
2023-10-20,NZD,IDR,buy,9168.48
2023-10-20,NZD,IDR,sell,9266.99
2023-10-20,PGK,IDR,buy,4128.81
2023-10-20,PGK,IDR,sell,4289.68
2023-10-20,PHP,IDR,buy,277.1
2023-10-20,PHP,IDR,sell,279.99
2023-10-20,SAR,IDR,buy,4201.01
2023-10-20,SAR,IDR,sell,4243.68
2023-10-20,SEK,IDR,buy,1425.56
2023-10-20,SEK,IDR,sell,1440.27
2023-10-20,SGD,IDR,buy,11466.79
2023-10-20,SGD,IDR,sell,11586.25
2023-10-20,THB,IDR,buy,431.98
2023-10-20,THB,IDR,sell,436.45
2023-10-20,USD,IDR,buy,15758.81
2023-10-20,USD,IDR,sell,15917.19
2023-10-20,VND,IDR,buy,0.64
2023-10-20,VND,IDR,sell,0.65
2023-10-23,AUD,IDR,buy,9939.33
2023-10-23,AUD,IDR,sell,10040.82
2023-10-23,BND,IDR,buy,11486.51
2023-10-23,BND,IDR,sell,11602.8
2023-10-23,CAD,IDR,buy,11499.91
2023-10-23,CAD,IDR,sell,11618.87
2023-10-23,CHF,IDR,buy,17690.87
2023-10-23,CHF,IDR,sell,17876.69
2023-10-23,CNH,IDR,buy,2150.24
2023-10-23,CNH,IDR,sell,2171.97
2023-10-23,CNY,IDR,buy,2155.91
2023-10-23,CNY,IDR,sell,2177.61
2023-10-23,DKK,IDR,buy,2234.41
2023-10-23,DKK,IDR,sell,2257.06
2023-10-23,EUR,IDR,buy,16672.84
2023-10-23,EUR,IDR,sell,16846.78
2023-10-23,GBP,IDR,buy,19088.25
2023-10-23,GBP,IDR,sell,19286.47
2023-10-23,HKD,IDR,buy,2017.04
2023-10-23,HKD,IDR,sell,2037.39
2023-10-23,JPY,IDR,buy,105.1992
2023-10-23,JPY,IDR,sell,106.2635
2023-10-23,KRW,IDR,buy,11.65
2023-10-23,KRW,IDR,sell,11.78
2023-10-23,KWD,IDR,buy,50966.63
2023-10-23,KWD,IDR,sell,51578.83
2023-10-23,LAK,IDR,buy,0.76
2023-10-23,LAK,IDR,sell,0.77
2023-10-23,MYR,IDR,buy,3307.49
2023-10-23,MYR,IDR,sell,3344.94
2023-10-23,NOK,IDR,buy,1426.78
2023-10-23,NOK,IDR,sell,1441.47
2023-10-23,NZD,IDR,buy,9180.47
2023-10-23,NZD,IDR,sell,9279.11
2023-10-23,PGK,IDR,buy,4133.5
2023-10-23,PGK,IDR,sell,4414.07
2023-10-23,PHP,IDR,buy,277.51
2023-10-23,PHP,IDR,sell,280.35
2023-10-23,SAR,IDR,buy,4205.44
2023-10-23,SAR,IDR,sell,4248.39
2023-10-23,SEK,IDR,buy,1432.26
2023-10-23,SEK,IDR,sell,1447.08
2023-10-23,SGD,IDR,buy,11486.51
2023-10-23,SGD,IDR,sell,11602.8
2023-10-23,THB,IDR,buy,431.53
2023-10-23,THB,IDR,sell,435.99
2023-10-23,USD,IDR,buy,15776.72
2023-10-23,USD,IDR,sell,15935.28
2023-10-23,VND,IDR,buy,0.64
2023-10-23,VND,IDR,sell,0.65
2023-10-24,AUD,IDR,buy,9998.63
2023-10-24,AUD,IDR,sell,10107.13
2023-10-24,BND,IDR,buy,11557.95
2023-10-24,BND,IDR,sell,11678.37
2023-10-24,CAD,IDR,buy,11550.37
2023-10-24,CAD,IDR,sell,11667.31
2023-10-24,CHF,IDR,buy,17754.09
2023-10-24,CHF,IDR,sell,17942.58
2023-10-24,CNH,IDR,buy,2165.69
2023-10-24,CNH,IDR,sell,2187.58
2023-10-24,CNY,IDR,buy,2167.77
2023-10-24,CNY,IDR,sell,2189.58
2023-10-24,DKK,IDR,buy,2252.63
2023-10-24,DKK,IDR,sell,2275.6
2023-10-24,EUR,IDR,buy,16808.73
2023-10-24,EUR,IDR,sell,16984.08
2023-10-24,GBP,IDR,buy,19297.68
2023-10-24,GBP,IDR,sell,19499.65
2023-10-24,HKD,IDR,buy,2027.13
2023-10-24,HKD,IDR,sell,2047.58
2023-10-24,JPY,IDR,buy,105.8116
2023-10-24,JPY,IDR,sell,106.8823
2023-10-24,KRW,IDR,buy,11.74
2023-10-24,KRW,IDR,sell,11.86
2023-10-24,KWD,IDR,buy,51287.68
2023-10-24,KWD,IDR,sell,51819.92
2023-10-24,LAK,IDR,buy,0.76
2023-10-24,LAK,IDR,sell,0.78
2023-10-24,MYR,IDR,buy,3315.9
2023-10-24,MYR,IDR,sell,3352.03
2023-10-24,NOK,IDR,buy,1428.69
2023-10-24,NOK,IDR,sell,1443.44
2023-10-24,NZD,IDR,buy,9230.84
2023-10-24,NZD,IDR,sell,9330.03
2023-10-24,PGK,IDR,buy,4132.38
2023-10-24,PGK,IDR,sell,4462.33
2023-10-24,PHP,IDR,buy,279.09
2023-10-24,PHP,IDR,sell,281.97
2023-10-24,SAR,IDR,buy,4228.63
2023-10-24,SAR,IDR,sell,4271.7
2023-10-24,SEK,IDR,buy,1440.37
2023-10-24,SEK,IDR,sell,1455.25
2023-10-24,SGD,IDR,buy,11557.95
2023-10-24,SGD,IDR,sell,11678.37
2023-10-24,THB,IDR,buy,434.49
2023-10-24,THB,IDR,sell,439.1
2023-10-24,USD,IDR,buy,15863.28
2023-10-24,USD,IDR,sell,16022.72
2023-10-24,VND,IDR,buy,0.64
2023-10-24,VND,IDR,sell,0.65
2023-10-25,AUD,IDR,buy,10056.43
2023-10-25,AUD,IDR,sell,10160.69
2023-10-25,BND,IDR,buy,11564.97
2023-10-25,BND,IDR,sell,11682.05
2023-10-25,CAD,IDR,buy,11543.84
2023-10-25,CAD,IDR,sell,11660.7
2023-10-25,CHF,IDR,buy,17707.37
2023-10-25,CHF,IDR,sell,17893.35
2023-10-25,CNH,IDR,buy,2158.53
2023-10-25,CNH,IDR,sell,2180.37
2023-10-25,CNY,IDR,buy,2160.9
2023-10-25,CNY,IDR,sell,2182.79
2023-10-25,DKK,IDR,buy,2255.21
2023-10-25,DKK,IDR,sell,2278.14
2023-10-25,EUR,IDR,buy,16830.2
2023-10-25,EUR,IDR,sell,17007.31
2023-10-25,GBP,IDR,buy,19362.86
2023-10-25,GBP,IDR,sell,19562.23
2023-10-25,HKD,IDR,buy,2018.7
2023-10-25,HKD,IDR,sell,2039.01
2023-10-25,JPY,IDR,buy,105.6377
2023-10-25,JPY,IDR,sell,106.7064
2023-10-25,KRW,IDR,buy,11.77
2023-10-25,KRW,IDR,sell,11.89
2023-10-25,KWD,IDR,buy,51092.61
2023-10-25,KWD,IDR,sell,51622.77
2023-10-25,LAK,IDR,buy,0.76
2023-10-25,LAK,IDR,sell,0.77
2023-10-25,MYR,IDR,buy,3299.13
2023-10-25,MYR,IDR,sell,3335.77
2023-10-25,NOK,IDR,buy,1426.28
2023-10-25,NOK,IDR,sell,1441.25
2023-10-25,NZD,IDR,buy,9249.58
2023-10-25,NZD,IDR,sell,9352.11
2023-10-25,PGK,IDR,buy,4136.89
2023-10-25,PGK,IDR,sell,4298.08
2023-10-25,PHP,IDR,buy,278.13
2023-10-25,PHP,IDR,sell,280.98
2023-10-25,SAR,IDR,buy,4209
2023-10-25,SAR,IDR,sell,4251.53
2023-10-25,SEK,IDR,buy,1438.94
2023-10-25,SEK,IDR,sell,1453.87
2023-10-25,SGD,IDR,buy,11564.97
2023-10-25,SGD,IDR,sell,11682.05
2023-10-25,THB,IDR,buy,436.54
2023-10-25,THB,IDR,sell,441.17
2023-10-25,USD,IDR,buy,15789.66
2023-10-25,USD,IDR,sell,15948.34
2023-10-25,VND,IDR,buy,0.64
2023-10-25,VND,IDR,sell,0.65
2023-10-26,AUD,IDR,buy,10037.17
2023-10-26,AUD,IDR,sell,10139.64
2023-10-26,BND,IDR,buy,11538.54
2023-10-26,BND,IDR,sell,11655.35
2023-10-26,CAD,IDR,buy,11477.32
2023-10-26,CAD,IDR,sell,11596.04
2023-10-26,CHF,IDR,buy,17656.14
2023-10-26,CHF,IDR,sell,17835.57
2023-10-26,CNH,IDR,buy,2157.09
2023-10-26,CNH,IDR,sell,2178.98
2023-10-26,CNY,IDR,buy,2158.6
2023-10-26,CNY,IDR,sell,2180.41
2023-10-26,DKK,IDR,buy,2240.87
2023-10-26,DKK,IDR,sell,2263.65
2023-10-26,EUR,IDR,buy,16728.09
2023-10-26,EUR,IDR,sell,16900.99
2023-10-26,GBP,IDR,buy,19175.8
2023-10-26,GBP,IDR,sell,19374.89
2023-10-26,HKD,IDR,buy,2018.75
2023-10-26,HKD,IDR,sell,2039.11
2023-10-26,JPY,IDR,buy,105.3409
2023-10-26,JPY,IDR,sell,106.4208
2023-10-26,KRW,IDR,buy,11.7
2023-10-26,KRW,IDR,sell,11.82
2023-10-26,KWD,IDR,buy,51049.49
2023-10-26,KWD,IDR,sell,51612.57
2023-10-26,LAK,IDR,buy,0.76
2023-10-26,LAK,IDR,sell,0.77
2023-10-26,MYR,IDR,buy,3301.62
2023-10-26,MYR,IDR,sell,3337.59
2023-10-26,NOK,IDR,buy,1411.48
2023-10-26,NOK,IDR,sell,1426.23
2023-10-26,NZD,IDR,buy,9222.32
2023-10-26,NZD,IDR,sell,9321.38
2023-10-26,PGK,IDR,buy,4113.72
2023-10-26,PGK,IDR,sell,4442.17
2023-10-26,PHP,IDR,buy,277.73
2023-10-26,PHP,IDR,sell,280.62
2023-10-26,SAR,IDR,buy,4209.54
2023-10-26,SAR,IDR,sell,4252.07
2023-10-26,SEK,IDR,buy,1417.7
2023-10-26,SEK,IDR,sell,1432.41
2023-10-26,SGD,IDR,buy,11538.54
2023-10-26,SGD,IDR,sell,11655.35
2023-10-26,THB,IDR,buy,436.84
2023-10-26,THB,IDR,sell,441.47
2023-10-26,USD,IDR,buy,15791.65
2023-10-26,USD,IDR,sell,15950.35
2023-10-26,VND,IDR,buy,0.64
2023-10-26,VND,IDR,sell,0.65
2023-10-27,AUD,IDR,buy,9998.7
2023-10-27,AUD,IDR,sell,10100.79
2023-10-27,BND,IDR,buy,11557.43
2023-10-27,BND,IDR,sell,11674.45
2023-10-27,CAD,IDR,buy,11482.93
2023-10-27,CAD,IDR,sell,11602.54
2023-10-27,CHF,IDR,buy,17644.22
2023-10-27,CHF,IDR,sell,17829.5
2023-10-27,CNH,IDR,buy,2163.95
2023-10-27,CNH,IDR,sell,2185.85
2023-10-27,CNY,IDR,buy,2166.05
2023-10-27,CNY,IDR,sell,2187.88
2023-10-27,DKK,IDR,buy,2240.41
2023-10-27,DKK,IDR,sell,2263.08
2023-10-27,EUR,IDR,buy,16718.92
2023-10-27,EUR,IDR,sell,16893.37
2023-10-27,GBP,IDR,buy,19160.33
2023-10-27,GBP,IDR,sell,19359.32
2023-10-27,HKD,IDR,buy,2026.92
2023-10-27,HKD,IDR,sell,2047.45
2023-10-27,JPY,IDR,buy,105.3657
2023-10-27,JPY,IDR,sell,106.4318
2023-10-27,KRW,IDR,buy,11.67
2023-10-27,KRW,IDR,sell,11.79
2023-10-27,KWD,IDR,buy,51224.05
2023-10-27,KWD,IDR,sell,51755.62
2023-10-27,LAK,IDR,buy,0.76
2023-10-27,LAK,IDR,sell,0.78
2023-10-27,MYR,IDR,buy,3309.67
2023-10-27,MYR,IDR,sell,3346.43
2023-10-27,NOK,IDR,buy,1413.49
2023-10-27,NOK,IDR,sell,1428.05
2023-10-27,NZD,IDR,buy,9191.76
2023-10-27,NZD,IDR,sell,9290.55
2023-10-27,PGK,IDR,buy,4129.79
2023-10-27,PGK,IDR,sell,4459.53
2023-10-27,PHP,IDR,buy,278.23
2023-10-27,PHP,IDR,sell,281.12
2023-10-27,SAR,IDR,buy,4225.41
2023-10-27,SAR,IDR,sell,4268.45
2023-10-27,SEK,IDR,buy,1416.42
2023-10-27,SEK,IDR,sell,1431.02
2023-10-27,SGD,IDR,buy,11557.43
2023-10-27,SGD,IDR,sell,11674.45
2023-10-27,THB,IDR,buy,437.09
2023-10-27,THB,IDR,sell,441.85
2023-10-27,USD,IDR,buy,15853.33
2023-10-27,USD,IDR,sell,16012.67
2023-10-27,VND,IDR,buy,0.64
2023-10-27,VND,IDR,sell,0.65
2023-10-30,AUD,IDR,buy,10059.24
2023-10-30,AUD,IDR,sell,10163.53
2023-10-30,BND,IDR,buy,11580.13
2023-10-30,BND,IDR,sell,11697.36
2023-10-30,CAD,IDR,buy,11481.22
2023-10-30,CAD,IDR,sell,11599.96
2023-10-30,CHF,IDR,buy,17619.75
2023-10-30,CHF,IDR,sell,17804.73
2023-10-30,CNH,IDR,buy,2166.22
2023-10-30,CNH,IDR,sell,2188.23
2023-10-30,CNY,IDR,buy,2167.53
2023-10-30,CNY,IDR,sell,2189.4
2023-10-30,DKK,IDR,buy,2243.37
2023-10-30,DKK,IDR,sell,2266.24
2023-10-30,EUR,IDR,buy,16740.02
2023-10-30,EUR,IDR,sell,16914.66
2023-10-30,GBP,IDR,buy,19219.14
2023-10-30,GBP,IDR,sell,19418.69
2023-10-30,HKD,IDR,buy,2028.43
2023-10-30,HKD,IDR,sell,2048.84
2023-10-30,JPY,IDR,buy,105.6223
2023-10-30,JPY,IDR,sell,106.6909
2023-10-30,KRW,IDR,buy,11.7
2023-10-30,KRW,IDR,sell,11.82
2023-10-30,KWD,IDR,buy,51253.11
2023-10-30,KWD,IDR,sell,51801.66
2023-10-30,LAK,IDR,buy,0.76
2023-10-30,LAK,IDR,sell,0.78
2023-10-30,MYR,IDR,buy,3318.26
2023-10-30,MYR,IDR,sell,3354.42
2023-10-30,NOK,IDR,buy,1416.96
2023-10-30,NOK,IDR,sell,1431.58
2023-10-30,NZD,IDR,buy,9226.52
2023-10-30,NZD,IDR,sell,9325.65
2023-10-30,PGK,IDR,buy,4155.66
2023-10-30,PGK,IDR,sell,4317.58
2023-10-30,PHP,IDR,buy,278.41
2023-10-30,PHP,IDR,sell,281.31
2023-10-30,SAR,IDR,buy,4227.76
2023-10-30,SAR,IDR,sell,4270.48
2023-10-30,SEK,IDR,buy,1420.26
2023-10-30,SEK,IDR,sell,1434.92
2023-10-30,SGD,IDR,buy,11578.44
2023-10-30,SGD,IDR,sell,11699.07
2023-10-30,THB,IDR,buy,437.19
2023-10-30,THB,IDR,sell,441.95
2023-10-30,USD,IDR,buy,15861.3
2023-10-30,USD,IDR,sell,16020.7
2023-10-30,VND,IDR,buy,0.65
2023-10-30,VND,IDR,sell,0.65
2023-10-31,AUD,IDR,buy,10064.04
2023-10-31,AUD,IDR,sell,10168.39
2023-10-31,BND,IDR,buy,11577.18
2023-10-31,BND,IDR,sell,11694.39
2023-10-31,CAD,IDR,buy,11427.64
2023-10-31,CAD,IDR,sell,11543.32
2023-10-31,CHF,IDR,buy,17516.23
2023-10-31,CHF,IDR,sell,17700.1
2023-10-31,CNH,IDR,buy,2159.96
2023-10-31,CNH,IDR,sell,2181.82
2023-10-31,CNY,IDR,buy,2163.95
2023-10-31,CNY,IDR,sell,2185.73
2023-10-31,DKK,IDR,buy,2238.36
2023-10-31,DKK,IDR,sell,2261.12
2023-10-31,EUR,IDR,buy,16702.67
2023-10-31,EUR,IDR,sell,16876.94
2023-10-31,GBP,IDR,buy,19154.15
2023-10-31,GBP,IDR,sell,19353.05
2023-10-31,HKD,IDR,buy,2024.65
2023-10-31,HKD,IDR,sell,2045.16
2023-10-31,JPY,IDR,buy,105.9151
2023-10-31,JPY,IDR,sell,106.9867
2023-10-31,KRW,IDR,buy,11.71
2023-10-31,KRW,IDR,sell,11.84
2023-10-31,KWD,IDR,buy,51189.26
2023-10-31,KWD,IDR,sell,51720.44
2023-10-31,LAK,IDR,buy,0.76
2023-10-31,LAK,IDR,sell,0.77
2023-10-31,MYR,IDR,buy,3322.09
2023-10-31,MYR,IDR,sell,3359
2023-10-31,NOK,IDR,buy,1415.07
2023-10-31,NOK,IDR,sell,1429.79
2023-10-31,NZD,IDR,buy,9223.13
2023-10-31,NZD,IDR,sell,9322.22
2023-10-31,PGK,IDR,buy,4149.14
2023-10-31,PGK,IDR,sell,4310.81
2023-10-31,PHP,IDR,buy,278.32
2023-10-31,PHP,IDR,sell,281.22
2023-10-31,SAR,IDR,buy,4220.91
2023-10-31,SAR,IDR,sell,4263.9
2023-10-31,SEK,IDR,buy,1416.47
2023-10-31,SEK,IDR,sell,1431.13
2023-10-31,SGD,IDR,buy,11577.18
2023-10-31,SGD,IDR,sell,11694.39
2023-10-31,THB,IDR,buy,439.29
2023-10-31,THB,IDR,sell,443.95
2023-10-31,USD,IDR,buy,15836.42
2023-10-31,USD,IDR,sell,15995.58
2023-10-31,VND,IDR,buy,0.64
2023-10-31,VND,IDR,sell,0.65
2023-11-01,AUD,IDR,buy,10053.61
2023-11-01,AUD,IDR,sell,10162.65
2023-11-01,BND,IDR,buy,11576.05
2023-11-01,BND,IDR,sell,11696.68
2023-11-01,CAD,IDR,buy,11432.14
2023-11-01,CAD,IDR,sell,11550.38
2023-11-01,CHF,IDR,buy,17534.1
2023-11-01,CHF,IDR,sell,17712.29
2023-11-01,CNH,IDR,buy,2157.35
2023-11-01,CNH,IDR,sell,2179.13
2023-11-01,CNY,IDR,buy,2161.42
2023-11-01,CNY,IDR,sell,2183.18
2023-11-01,DKK,IDR,buy,2250.83
2023-11-01,DKK,IDR,sell,2273.65
2023-11-01,EUR,IDR,buy,16799.78
2023-11-01,EUR,IDR,sell,16971.83
2023-11-01,GBP,IDR,buy,19219.86
2023-11-01,GBP,IDR,sell,19421.02
2023-11-01,HKD,IDR,buy,2021.79
2023-11-01,HKD,IDR,sell,2042.14
2023-11-01,JPY,IDR,buy,105.2256
2023-11-01,JPY,IDR,sell,106.2903
2023-11-01,KRW,IDR,buy,11.72
2023-11-01,KRW,IDR,sell,11.85
2023-11-01,KWD,IDR,buy,51144.66
2023-11-01,KWD,IDR,sell,51675.42
2023-11-01,LAK,IDR,buy,0.76
2023-11-01,LAK,IDR,sell,0.77
2023-11-01,MYR,IDR,buy,3318.82
2023-11-01,MYR,IDR,sell,3355
2023-11-01,NOK,IDR,buy,1416.93
2023-11-01,NOK,IDR,sell,1431.64
2023-11-01,NZD,IDR,buy,9237.43
2023-11-01,NZD,IDR,sell,9336.66
2023-11-01,PGK,IDR,buy,4144.19
2023-11-01,PGK,IDR,sell,4305.66
2023-11-01,PHP,IDR,buy,278.72
2023-11-01,PHP,IDR,sell,281.62
2023-11-01,SAR,IDR,buy,4215.75
2023-11-01,SAR,IDR,sell,4258.92
2023-11-01,SEK,IDR,buy,1419.62
2023-11-01,SEK,IDR,sell,1434.23
2023-11-01,SGD,IDR,buy,11576.05
2023-11-01,SGD,IDR,sell,11696.68
2023-11-01,THB,IDR,buy,439.99
2023-11-01,THB,IDR,sell,444.78
2023-11-01,USD,IDR,buy,15817.51
2023-11-01,USD,IDR,sell,15976.49
2023-11-01,VND,IDR,buy,0.64
2023-11-01,VND,IDR,sell,0.65
2023-11-02,AUD,IDR,buy,10051.28
2023-11-02,AUD,IDR,sell,10155.51
2023-11-02,BND,IDR,buy,11575.3
2023-11-02,BND,IDR,sell,11699.32
2023-11-02,CAD,IDR,buy,11431.85
2023-11-02,CAD,IDR,sell,11547.58
2023-11-02,CHF,IDR,buy,17445.05
2023-11-02,CHF,IDR,sell,17628.13
2023-11-02,CNH,IDR,buy,2162.29
2023-11-02,CNH,IDR,sell,2184.15
2023-11-02,CNY,IDR,buy,2167.7
2023-11-02,CNY,IDR,sell,2189.52
2023-11-02,DKK,IDR,buy,2245.44
2023-11-02,DKK,IDR,sell,2268.33
2023-11-02,EUR,IDR,buy,16757.95
2023-11-02,EUR,IDR,sell,16932.79
2023-11-02,GBP,IDR,buy,19282.28
2023-11-02,GBP,IDR,sell,19482.48
2023-11-02,HKD,IDR,buy,2027.9
2023-11-02,HKD,IDR,sell,2048.36
2023-11-02,JPY,IDR,buy,104.8316
2023-11-02,JPY,IDR,sell,105.8922
2023-11-02,KRW,IDR,buy,11.68
2023-11-02,KRW,IDR,sell,11.8
2023-11-02,KWD,IDR,buy,51284.08
2023-11-02,KWD,IDR,sell,51816.25
2023-11-02,LAK,IDR,buy,0.76
2023-11-02,LAK,IDR,sell,0.78
2023-11-02,MYR,IDR,buy,3324.87
2023-11-02,MYR,IDR,sell,3361.1
2023-11-02,NOK,IDR,buy,1416.75
2023-11-02,NOK,IDR,sell,1431.47
2023-11-02,NZD,IDR,buy,9223.06
2023-11-02,NZD,IDR,sell,9320.56
2023-11-02,PGK,IDR,buy,4156.96
2023-11-02,PGK,IDR,sell,4439.13
2023-11-02,PHP,IDR,buy,279.24
2023-11-02,PHP,IDR,sell,282.14
2023-11-02,SAR,IDR,buy,4229.09
2023-11-02,SAR,IDR,sell,4271.82
2023-11-02,SEK,IDR,buy,1418.2
2023-11-02,SEK,IDR,sell,1432.75
2023-11-02,SGD,IDR,buy,11575.3
2023-11-02,SGD,IDR,sell,11699.32
2023-11-02,THB,IDR,buy,437.21
2023-11-02,THB,IDR,sell,441.97
2023-11-02,USD,IDR,buy,15866.27
2023-11-02,USD,IDR,sell,16025.73
2023-11-02,VND,IDR,buy,0.65
2023-11-02,VND,IDR,sell,0.65
2023-11-03,AUD,IDR,buy,10136.58
2023-11-03,AUD,IDR,sell,10244.84
2023-11-03,BND,IDR,buy,11550.68
2023-11-03,BND,IDR,sell,11667.63
2023-11-03,CAD,IDR,buy,11398.01
2023-11-03,CAD,IDR,sell,11516.73
2023-11-03,CHF,IDR,buy,17440.26
2023-11-03,CHF,IDR,sell,17623.34
2023-11-03,CNH,IDR,buy,2151.91
2023-11-03,CNH,IDR,sell,2173.72
2023-11-03,CNY,IDR,buy,2156.15
2023-11-03,CNY,IDR,sell,2177.88
2023-11-03,DKK,IDR,buy,2241.81
2023-11-03,DKK,IDR,sell,2264.57
2023-11-03,EUR,IDR,buy,16730.17
2023-11-03,EUR,IDR,sell,16903.1
2023-11-03,GBP,IDR,buy,19200
2023-11-03,GBP,IDR,sell,19400.95
2023-11-03,HKD,IDR,buy,2017.35
2023-11-03,HKD,IDR,sell,2037.65
2023-11-03,JPY,IDR,buy,104.9035
2023-11-03,JPY,IDR,sell,105.9932
2023-11-03,KRW,IDR,buy,11.78
2023-11-03,KRW,IDR,sell,11.9
2023-11-03,KWD,IDR,buy,51050.3
2023-11-03,KWD,IDR,sell,51581.76
2023-11-03,LAK,IDR,buy,0.76
2023-11-03,LAK,IDR,sell,0.77
2023-11-03,MYR,IDR,buy,3318.97
2023-11-03,MYR,IDR,sell,3355.15
2023-11-03,NOK,IDR,buy,1419.28
2023-11-03,NOK,IDR,sell,1434.02
2023-11-03,NZD,IDR,buy,9279.63
2023-11-03,NZD,IDR,sell,9377.68
2023-11-03,PGK,IDR,buy,4134.8
2023-11-03,PGK,IDR,sell,4295.91
2023-11-03,PHP,IDR,buy,277.6
2023-11-03,PHP,IDR,sell,280.64
2023-11-03,SAR,IDR,buy,4206.66
2023-11-03,SAR,IDR,sell,4249.73
2023-11-03,SEK,IDR,buy,1416.73
2023-11-03,SEK,IDR,sell,1431.33
2023-11-03,SGD,IDR,buy,11550.68
2023-11-03,SGD,IDR,sell,11667.63
2023-11-03,THB,IDR,buy,437.89
2023-11-03,THB,IDR,sell,442.66
2023-11-03,USD,IDR,buy,15781.69
2023-11-03,USD,IDR,sell,15940.31
2023-11-03,VND,IDR,buy,0.64
2023-11-03,VND,IDR,sell,0.65
2023-11-06,AUD,IDR,buy,10107.31
2023-11-06,AUD,IDR,sell,10215.23
2023-11-06,BND,IDR,buy,11513.79
2023-11-06,BND,IDR,sell,11636.33
2023-11-06,CAD,IDR,buy,11428.26
2023-11-06,CAD,IDR,sell,11546.48
2023-11-06,CHF,IDR,buy,17322.17
2023-11-06,CHF,IDR,sell,17498.18
2023-11-06,CNH,IDR,buy,2143.27
2023-11-06,CNH,IDR,sell,2164.84
2023-11-06,CNY,IDR,buy,2145.11
2023-11-06,CNY,IDR,sell,2166.7
2023-11-06,DKK,IDR,buy,2234.87
2023-11-06,DKK,IDR,sell,2257.52
2023-11-06,EUR,IDR,buy,16677.62
2023-11-06,EUR,IDR,sell,16851.56
2023-11-06,GBP,IDR,buy,19136.58
2023-11-06,GBP,IDR,sell,19339.99
2023-11-06,HKD,IDR,buy,2005.39
2023-11-06,HKD,IDR,sell,2025.57
2023-11-06,JPY,IDR,buy,104.3777
2023-11-06,JPY,IDR,sell,105.4337
2023-11-06,KRW,IDR,buy,11.88
2023-11-06,KRW,IDR,sell,12
2023-11-06,KWD,IDR,buy,50767.23
2023-11-06,KWD,IDR,sell,51315.6
2023-11-06,LAK,IDR,buy,0.75
2023-11-06,LAK,IDR,sell,0.77
2023-11-06,MYR,IDR,buy,3313.38
2023-11-06,MYR,IDR,sell,3350.21
2023-11-06,NOK,IDR,buy,1407.66
2023-11-06,NOK,IDR,sell,1422.15
2023-11-06,NZD,IDR,buy,9269.35
2023-11-06,NZD,IDR,sell,9367.26
2023-11-06,PGK,IDR,buy,4111.34
2023-11-06,PGK,IDR,sell,4271.53
2023-11-06,PHP,IDR,buy,279.57
2023-11-06,PHP,IDR,sell,282.73
2023-11-06,SAR,IDR,buy,4182.79
2023-11-06,SAR,IDR,sell,4225.5
2023-11-06,SEK,IDR,buy,1413.36
2023-11-06,SEK,IDR,sell,1427.95
2023-11-06,SGD,IDR,buy,11513.79
2023-11-06,SGD,IDR,sell,11636.33
2023-11-06,THB,IDR,buy,438.57
2023-11-06,THB,IDR,sell,443.35
2023-11-06,USD,IDR,buy,15692.15
2023-11-06,USD,IDR,sell,15849.85
2023-11-06,VND,IDR,buy,0.64
2023-11-06,VND,IDR,sell,0.65
2023-11-07,AUD,IDR,buy,10064.7
2023-11-07,AUD,IDR,sell,10168.98
2023-11-07,BND,IDR,buy,11447.36
2023-11-07,BND,IDR,sell,11566.69
2023-11-07,CAD,IDR,buy,11333.32
2023-11-07,CAD,IDR,sell,11450.58
2023-11-07,CHF,IDR,buy,17223.92
2023-11-07,CHF,IDR,sell,17404.78
2023-11-07,CNH,IDR,buy,2122.92
2023-11-07,CNH,IDR,sell,2144.4
2023-11-07,CNY,IDR,buy,2124.93
2023-11-07,CNY,IDR,sell,2146.34
2023-11-07,DKK,IDR,buy,2225.2
2023-11-07,DKK,IDR,sell,2247.79
2023-11-07,EUR,IDR,buy,16604.82
2023-11-07,EUR,IDR,sell,16777.95
2023-11-07,GBP,IDR,buy,19150
2023-11-07,GBP,IDR,sell,19348.72
2023-11-07,HKD,IDR,buy,1978.25
2023-11-07,HKD,IDR,sell,1998.15
2023-11-07,JPY,IDR,buy,103.3481
2023-11-07,JPY,IDR,sell,104.4077
2023-11-07,KRW,IDR,buy,11.92
2023-11-07,KRW,IDR,sell,12.04
2023-11-07,KWD,IDR,buy,50065.53
2023-11-07,KWD,IDR,sell,50667.07
2023-11-07,LAK,IDR,buy,0.74
2023-11-07,LAK,IDR,sell,0.76
2023-11-07,MYR,IDR,buy,3323.08
2023-11-07,MYR,IDR,sell,3360.81
2023-11-07,NOK,IDR,buy,1401.56
2023-11-07,NOK,IDR,sell,1416.03
2023-11-07,NZD,IDR,buy,9261.69
2023-11-07,NZD,IDR,sell,9361.02
2023-11-07,PGK,IDR,buy,4053.73
2023-11-07,PGK,IDR,sell,4211.68
2023-11-07,PHP,IDR,buy,276.69
2023-11-07,PHP,IDR,sell,279.57
2023-11-07,SAR,IDR,buy,4124.17
2023-11-07,SAR,IDR,sell,4165.84
2023-11-07,SEK,IDR,buy,1421.31
2023-11-07,SEK,IDR,sell,1435.99
2023-11-07,SGD,IDR,buy,11447.36
2023-11-07,SGD,IDR,sell,11566.69
2023-11-07,THB,IDR,buy,436.45
2023-11-07,THB,IDR,sell,441.09
2023-11-07,USD,IDR,buy,15472.25
2023-11-07,USD,IDR,sell,15627.75
2023-11-07,VND,IDR,buy,0.63
2023-11-07,VND,IDR,sell,0.64
2023-11-08,AUD,IDR,buy,9968.41
2023-11-08,AUD,IDR,sell,10074.87
2023-11-08,BND,IDR,buy,11454.43
2023-11-08,BND,IDR,sell,11576.4
2023-11-08,CAD,IDR,buy,11294.34
2023-11-08,CAD,IDR,sell,11411.18
2023-11-08,CHF,IDR,buy,17229.35
2023-11-08,CHF,IDR,sell,17412.19
2023-11-08,CNH,IDR,buy,2127.79
2023-11-08,CNH,IDR,sell,2149.77
2023-11-08,CNY,IDR,buy,2129.9
2023-11-08,CNY,IDR,sell,2151.34
2023-11-08,DKK,IDR,buy,2225.37
2023-11-08,DKK,IDR,sell,2248.06
2023-11-08,EUR,IDR,buy,16597.98
2023-11-08,EUR,IDR,sell,16766.37
2023-11-08,GBP,IDR,buy,19108.31
2023-11-08,GBP,IDR,sell,19309.77
2023-11-08,HKD,IDR,buy,1984.32
2023-11-08,HKD,IDR,sell,2004.29
2023-11-08,JPY,IDR,buy,103.1105
2023-11-08,JPY,IDR,sell,104.1537
2023-11-08,KRW,IDR,buy,11.82
2023-11-08,KRW,IDR,sell,11.95
2023-11-08,KWD,IDR,buy,50213.7
2023-11-08,KWD,IDR,sell,50751.25
2023-11-08,LAK,IDR,buy,0.75
2023-11-08,LAK,IDR,sell,0.76
2023-11-08,MYR,IDR,buy,3318.72
2023-11-08,MYR,IDR,sell,3354.95
2023-11-08,NOK,IDR,buy,1395.71
2023-11-08,NOK,IDR,sell,1410.11
2023-11-08,NZD,IDR,buy,9186.45
2023-11-08,NZD,IDR,sell,9283.48
2023-11-08,PGK,IDR,buy,4064.94
2023-11-08,PGK,IDR,sell,4223.33
2023-11-08,PHP,IDR,buy,276.31
2023-11-08,PHP,IDR,sell,279.24
2023-11-08,SAR,IDR,buy,4135.47
2023-11-08,SAR,IDR,sell,4177.59
2023-11-08,SEK,IDR,buy,1418.22
2023-11-08,SEK,IDR,sell,1432.67
2023-11-08,SGD,IDR,buy,11452.74
2023-11-08,SGD,IDR,sell,11574.69
2023-11-08,THB,IDR,buy,435.82
2023-11-08,THB,IDR,sell,440.57
2023-11-08,USD,IDR,buy,15515.03
2023-11-08,USD,IDR,sell,15670.97
2023-11-08,VND,IDR,buy,0.64
2023-11-08,VND,IDR,sell,0.64
2023-11-09,AUD,IDR,buy,10019.41
2023-11-09,AUD,IDR,sell,10121.69
2023-11-09,BND,IDR,buy,11478.34
2023-11-09,BND,IDR,sell,11594.56
2023-11-09,CAD,IDR,buy,11292.46
2023-11-09,CAD,IDR,sell,11409.28
2023-11-09,CHF,IDR,buy,17248.06
2023-11-09,CHF,IDR,sell,17429.15
2023-11-09,CNH,IDR,buy,2135.14
2023-11-09,CNH,IDR,sell,2156.75
2023-11-09,CNY,IDR,buy,2136.37
2023-11-09,CNY,IDR,sell,2157.87
2023-11-09,DKK,IDR,buy,2227.47
2023-11-09,DKK,IDR,sell,2250.08
2023-11-09,EUR,IDR,buy,16611.42
2023-11-09,EUR,IDR,sell,16779.95
2023-11-09,GBP,IDR,buy,19085.56
2023-11-09,GBP,IDR,sell,19283.67
2023-11-09,HKD,IDR,buy,1989.54
2023-11-09,HKD,IDR,sell,2009.72
2023-11-09,JPY,IDR,buy,103.2182
2023-11-09,JPY,IDR,sell,104.2625
2023-11-09,KRW,IDR,buy,11.87
2023-11-09,KRW,IDR,sell,12
2023-11-09,KWD,IDR,buy,50342.67
2023-11-09,KWD,IDR,sell,50865.12
2023-11-09,LAK,IDR,buy,0.75
2023-11-09,LAK,IDR,sell,0.76
2023-11-09,MYR,IDR,buy,3319.28
2023-11-09,MYR,IDR,sell,3356.23
2023-11-09,NOK,IDR,buy,1385.44
2023-11-09,NOK,IDR,sell,1399.7
2023-11-09,NZD,IDR,buy,9234.09
2023-11-09,NZD,IDR,sell,9333.19
2023-11-09,PGK,IDR,buy,4074.32
2023-11-09,PGK,IDR,sell,4233.08
2023-11-09,PHP,IDR,buy,277.45
2023-11-09,PHP,IDR,sell,280.43
2023-11-09,SAR,IDR,buy,4145.46
2023-11-09,SAR,IDR,sell,4187.35
2023-11-09,SEK,IDR,buy,1419.88
2023-11-09,SEK,IDR,sell,1434.52
2023-11-09,SGD,IDR,buy,11478.34
2023-11-09,SGD,IDR,sell,11594.56
2023-11-09,THB,IDR,buy,437.31
2023-11-09,THB,IDR,sell,441.96
2023-11-09,USD,IDR,buy,15550.85
2023-11-09,USD,IDR,sell,15707.15
2023-11-09,VND,IDR,buy,0.64
2023-11-09,VND,IDR,sell,0.64
2023-11-10,AUD,IDR,buy,9985.52
2023-11-10,AUD,IDR,sell,10093.75
2023-11-10,BND,IDR,buy,11477.78
2023-11-10,BND,IDR,sell,11599.98
2023-11-10,CAD,IDR,buy,11289.7
2023-11-10,CAD,IDR,sell,11406.48
2023-11-10,CHF,IDR,buy,17300.83
2023-11-10,CHF,IDR,sell,17482.49
2023-11-10,CNH,IDR,buy,2134.73
2023-11-10,CNH,IDR,sell,2156.78
2023-11-10,CNY,IDR,buy,2137.14
2023-11-10,CNY,IDR,sell,2158.74
2023-11-10,DKK,IDR,buy,2234.9
2023-11-10,DKK,IDR,sell,2257.55
2023-11-10,EUR,IDR,buy,16665.37
2023-11-10,EUR,IDR,sell,16839.17
2023-11-10,GBP,IDR,buy,19117.77
2023-11-10,GBP,IDR,sell,19320.93
2023-11-10,HKD,IDR,buy,1993.85
2023-11-10,HKD,IDR,sell,2013.91
2023-11-10,JPY,IDR,buy,103.1859
2023-11-10,JPY,IDR,sell,104.2299
2023-11-10,KRW,IDR,buy,11.87
2023-11-10,KRW,IDR,sell,12
2023-11-10,KWD,IDR,buy,50403.83
2023-11-10,KWD,IDR,sell,50926.92
2023-11-10,LAK,IDR,buy,0.75
2023-11-10,LAK,IDR,sell,0.76
2023-11-10,MYR,IDR,buy,3319.28
2023-11-10,MYR,IDR,sell,3356.22
2023-11-10,NOK,IDR,buy,1393.49
2023-11-10,NOK,IDR,sell,1407.96
2023-11-10,NZD,IDR,buy,9233.45
2023-11-10,NZD,IDR,sell,9332.55
2023-11-10,PGK,IDR,buy,4079.54
2023-11-10,PGK,IDR,sell,4238.49
2023-11-10,PHP,IDR,buy,278.75
2023-11-10,PHP,IDR,sell,281.65
2023-11-10,SAR,IDR,buy,4150.87
2023-11-10,SAR,IDR,sell,4193.04
2023-11-10,SEK,IDR,buy,1429.86
2023-11-10,SEK,IDR,sell,1444.54
2023-11-10,SGD,IDR,buy,11477.78
2023-11-10,SGD,IDR,sell,11599.98
2023-11-10,THB,IDR,buy,438.61
2023-11-10,THB,IDR,sell,443.27
2023-11-10,USD,IDR,buy,15570.75
2023-11-10,USD,IDR,sell,15727.25
2023-11-10,VND,IDR,buy,0.64
2023-11-10,VND,IDR,sell,0.65
2023-11-13,AUD,IDR,buy,9929.28
2023-11-13,AUD,IDR,sell,10032.23
2023-11-13,BND,IDR,buy,11471.99
2023-11-13,BND,IDR,sell,11588.15
2023-11-13,CAD,IDR,buy,11310.78
2023-11-13,CAD,IDR,sell,11428.6
2023-11-13,CHF,IDR,buy,17268.89
2023-11-13,CHF,IDR,sell,17446.32
2023-11-13,CNH,IDR,buy,2137.81
2023-11-13,CNH,IDR,sell,2159.44
2023-11-13,CNY,IDR,buy,2141.09
2023-11-13,CNY,IDR,sell,2162.64
2023-11-13,DKK,IDR,buy,2232.85
2023-11-13,DKK,IDR,sell,2255.52
2023-11-13,EUR,IDR,buy,16652.9
2023-11-13,EUR,IDR,sell,16821.85
2023-11-13,GBP,IDR,buy,19085.64
2023-11-13,GBP,IDR,sell,19285.35
2023-11-13,HKD,IDR,buy,1999.45
2023-11-13,HKD,IDR,sell,2019.6
2023-11-13,JPY,IDR,buy,103.1343
2023-11-13,JPY,IDR,sell,104.1778
2023-11-13,KRW,IDR,buy,11.83
2023-11-13,KRW,IDR,sell,11.95
2023-11-13,KWD,IDR,buy,50519.38
2023-11-13,KWD,IDR,sell,51043.66
2023-11-13,LAK,IDR,buy,0.75
2023-11-13,LAK,IDR,sell,0.76
2023-11-13,MYR,IDR,buy,3316.6
2023-11-13,MYR,IDR,sell,3353.49
2023-11-13,NOK,IDR,buy,1403.11
2023-11-13,NOK,IDR,sell,1417.7
2023-11-13,NZD,IDR,buy,9204.77
2023-11-13,NZD,IDR,sell,9305.17
2023-11-13,PGK,IDR,buy,4067.59
2023-11-13,PGK,IDR,sell,4392.35
2023-11-13,PHP,IDR,buy,279.03
2023-11-13,PHP,IDR,sell,281.86
2023-11-13,SAR,IDR,buy,4162.76
2023-11-13,SAR,IDR,sell,4205.39
2023-11-13,SEK,IDR,buy,1429.84
2023-11-13,SEK,IDR,sell,1444.58
2023-11-13,SGD,IDR,buy,11471.99
2023-11-13,SGD,IDR,sell,11588.15
2023-11-13,THB,IDR,buy,435.07
2023-11-13,THB,IDR,sell,439.81
2023-11-13,USD,IDR,buy,15614.53
2023-11-13,USD,IDR,sell,15771.47
2023-11-13,VND,IDR,buy,0.64
2023-11-13,VND,IDR,sell,0.65
2023-11-14,AUD,IDR,buy,9959.13
2023-11-14,AUD,IDR,sell,10067.13
2023-11-14,BND,IDR,buy,11495.9
2023-11-14,BND,IDR,sell,11615.72
2023-11-14,CAD,IDR,buy,11323.55
2023-11-14,CAD,IDR,sell,11440.68
2023-11-14,CHF,IDR,buy,17336.92
2023-11-14,CHF,IDR,sell,17518.94
2023-11-14,CNH,IDR,buy,2140.76
2023-11-14,CNH,IDR,sell,2162.4
2023-11-14,CNY,IDR,buy,2143.23
2023-11-14,CNY,IDR,sell,2164.92
2023-11-14,DKK,IDR,buy,2241.11
2023-11-14,DKK,IDR,sell,2263.86
2023-11-14,EUR,IDR,buy,16714.77
2023-11-14,EUR,IDR,sell,16889.08
2023-11-14,GBP,IDR,buy,19122.47
2023-11-14,GBP,IDR,sell,19320.99
2023-11-14,HKD,IDR,buy,2001.9
2023-11-14,HKD,IDR,sell,2022.05
2023-11-14,JPY,IDR,buy,103.0343
2023-11-14,JPY,IDR,sell,104.0768
2023-11-14,KRW,IDR,buy,11.83
2023-11-14,KRW,IDR,sell,11.95
2023-11-14,KWD,IDR,buy,50601.77
2023-11-14,KWD,IDR,sell,51126.91
2023-11-14,LAK,IDR,buy,0.75
2023-11-14,LAK,IDR,sell,0.76
2023-11-14,MYR,IDR,buy,3319.41
2023-11-14,MYR,IDR,sell,3355.62
2023-11-14,NOK,IDR,buy,1407.16
2023-11-14,NOK,IDR,sell,1421.72
2023-11-14,NZD,IDR,buy,9208.68
2023-11-14,NZD,IDR,sell,9307.55
2023-11-14,PGK,IDR,buy,4080.59
2023-11-14,PGK,IDR,sell,4240.04
2023-11-14,PHP,IDR,buy,278.79
2023-11-14,PHP,IDR,sell,281.79
2023-11-14,SAR,IDR,buy,4168.18
2023-11-14,SAR,IDR,sell,4210.3
2023-11-14,SEK,IDR,buy,1435.27
2023-11-14,SEK,IDR,sell,1450.07
2023-11-14,SGD,IDR,buy,11495.9
2023-11-14,SGD,IDR,sell,11615.72
2023-11-14,THB,IDR,buy,433.57
2023-11-14,THB,IDR,sell,438.05
2023-11-14,USD,IDR,buy,15634.43
2023-11-14,USD,IDR,sell,15791.57
2023-11-14,VND,IDR,buy,0.64
2023-11-14,VND,IDR,sell,0.65
2023-11-15,AUD,IDR,buy,9950.26
2023-11-15,AUD,IDR,sell,10055
2023-11-15,BND,IDR,buy,11478.07
2023-11-15,BND,IDR,sell,11600.25
2023-11-15,CAD,IDR,buy,11310.19
2023-11-15,CAD,IDR,sell,11427.17
2023-11-15,CHF,IDR,buy,17319.55
2023-11-15,CHF,IDR,sell,17505.27
2023-11-15,CNH,IDR,buy,2139.21
2023-11-15,CNH,IDR,sell,2160.8
2023-11-15,CNY,IDR,buy,2141.47
2023-11-15,CNY,IDR,sell,2163.05
2023-11-15,DKK,IDR,buy,2241.75
2023-11-15,DKK,IDR,sell,2264.44
2023-11-15,EUR,IDR,buy,16724.87
2023-11-15,EUR,IDR,sell,16894.55
2023-11-15,GBP,IDR,buy,19200.72
2023-11-15,GBP,IDR,sell,19404.75
2023-11-15,HKD,IDR,buy,2000.78
2023-11-15,HKD,IDR,sell,2020.92
2023-11-15,JPY,IDR,buy,103.0036
2023-11-15,JPY,IDR,sell,104.0458
2023-11-15,KRW,IDR,buy,11.76
2023-11-15,KRW,IDR,sell,11.88
2023-11-15,KWD,IDR,buy,50559.96
2023-11-15,KWD,IDR,sell,51102.87
2023-11-15,LAK,IDR,buy,0.75
2023-11-15,LAK,IDR,sell,0.76
2023-11-15,MYR,IDR,buy,3308.03
2023-11-15,MYR,IDR,sell,3344.82
2023-11-15,NOK,IDR,buy,1409.04
2023-11-15,NOK,IDR,sell,1423.56
2023-11-15,NZD,IDR,buy,9169.23
2023-11-15,NZD,IDR,sell,9266.13
2023-11-15,PGK,IDR,buy,4076.95
2023-11-15,PGK,IDR,sell,4236.26
2023-11-15,PHP,IDR,buy,278.59
2023-11-15,PHP,IDR,sell,281.46
2023-11-15,SAR,IDR,buy,4164.58
2023-11-15,SAR,IDR,sell,4207.11
2023-11-15,SEK,IDR,buy,1439.08
2023-11-15,SEK,IDR,sell,1453.81
2023-11-15,SGD,IDR,buy,11478.07
2023-11-15,SGD,IDR,sell,11600.25
2023-11-15,THB,IDR,buy,432.94
2023-11-15,THB,IDR,sell,437.53
2023-11-15,USD,IDR,buy,15620.5
2023-11-15,USD,IDR,sell,15777.5
2023-11-15,VND,IDR,buy,0.64
2023-11-15,VND,IDR,sell,0.65
2023-11-16,AUD,IDR,buy,10041.99
2023-11-16,AUD,IDR,sell,10146.03
2023-11-16,BND,IDR,buy,11439.85
2023-11-16,BND,IDR,sell,11557.38
2023-11-16,CAD,IDR,buy,11273.47
2023-11-16,CAD,IDR,sell,11390.09
2023-11-16,CHF,IDR,buy,17373
2023-11-16,CHF,IDR,sell,17555.5
2023-11-16,CNH,IDR,buy,2129.12
2023-11-16,CNH,IDR,sell,2150.61
2023-11-16,CNY,IDR,buy,2130.45
2023-11-16,CNY,IDR,sell,2152
2023-11-16,DKK,IDR,buy,2248.35
2023-11-16,DKK,IDR,sell,2271.28
2023-11-16,EUR,IDR,buy,16767.51
2023-11-16,EUR,IDR,sell,16942.25
2023-11-16,GBP,IDR,buy,19235.59
2023-11-16,GBP,IDR,sell,19433.57
2023-11-16,HKD,IDR,buy,1976.16
2023-11-16,HKD,IDR,sell,1996.04
2023-11-16,JPY,IDR,buy,102.3793
2023-11-16,JPY,IDR,sell,103.4288
2023-11-16,KRW,IDR,buy,11.84
2023-11-16,KRW,IDR,sell,11.97
2023-11-16,KWD,IDR,buy,49996.73
2023-11-16,KWD,IDR,sell,50554.88
2023-11-16,LAK,IDR,buy,0.74
2023-11-16,LAK,IDR,sell,0.76
2023-11-16,MYR,IDR,buy,3304.52
2023-11-16,MYR,IDR,sell,3340.59
2023-11-16,NOK,IDR,buy,1421.55
2023-11-16,NOK,IDR,sell,1436.22
2023-11-16,NZD,IDR,buy,9310.83
2023-11-16,NZD,IDR,sell,9405.95
2023-11-16,PGK,IDR,buy,4026.05
2023-11-16,PGK,IDR,sell,4183.37
2023-11-16,PHP,IDR,buy,276.24
2023-11-16,PHP,IDR,sell,279.07
2023-11-16,SAR,IDR,buy,4112.92
2023-11-16,SAR,IDR,sell,4154.47
2023-11-16,SEK,IDR,buy,1457.6
2023-11-16,SEK,IDR,sell,1472.58
2023-11-16,SGD,IDR,buy,11439.85
2023-11-16,SGD,IDR,sell,11557.38
2023-11-16,THB,IDR,buy,434.77
2023-11-16,THB,IDR,sell,439.38
2023-11-16,USD,IDR,buy,15425.49
2023-11-16,USD,IDR,sell,15580.51
2023-11-16,VND,IDR,buy,0.64
2023-11-16,VND,IDR,sell,0.64
2023-11-17,AUD,IDR,buy,10053.48
2023-11-17,AUD,IDR,sell,10160.79
2023-11-17,BND,IDR,buy,11494.09
2023-11-17,BND,IDR,sell,11611.34
2023-11-17,CAD,IDR,buy,11322.16
2023-11-17,CAD,IDR,sell,11439.3
2023-11-17,CHF,IDR,buy,17458.39
2023-11-17,CHF,IDR,sell,17641.81
2023-11-17,CNH,IDR,buy,2137.39
2023-11-17,CNH,IDR,sell,2158.99
2023-11-17,CNY,IDR,buy,2138.51
2023-11-17,CNY,IDR,sell,2160.09
2023-11-17,DKK,IDR,buy,2255.61
2023-11-17,DKK,IDR,sell,2278.45
2023-11-17,EUR,IDR,buy,16823.55
2023-11-17,EUR,IDR,sell,16994.21
2023-11-17,GBP,IDR,buy,19203.86
2023-11-17,GBP,IDR,sell,19407.85
2023-11-17,HKD,IDR,buy,1987.88
2023-11-17,HKD,IDR,sell,2007.89
2023-11-17,JPY,IDR,buy,102.4902
2023-11-17,JPY,IDR,sell,103.5409
2023-11-17,KRW,IDR,buy,11.97
2023-11-17,KRW,IDR,sell,12.1
2023-11-17,KWD,IDR,buy,50280.35
2023-11-17,KWD,IDR,sell,50802.18
2023-11-17,LAK,IDR,buy,0.75
2023-11-17,LAK,IDR,sell,0.76
2023-11-17,MYR,IDR,buy,3300.79
2023-11-17,MYR,IDR,sell,3336.81
2023-11-17,NOK,IDR,buy,1431.86
2023-11-17,NOK,IDR,sell,1446.61
2023-11-17,NZD,IDR,buy,9279.18
2023-11-17,NZD,IDR,sell,9378.71
2023-11-17,PGK,IDR,buy,4049.94
2023-11-17,PGK,IDR,sell,4208.2
2023-11-17,PHP,IDR,buy,278.13
2023-11-17,PHP,IDR,sell,281.08
2023-11-17,SAR,IDR,buy,4137.54
2023-11-17,SAR,IDR,sell,4179.35
2023-11-17,SEK,IDR,buy,1470.1
2023-11-17,SEK,IDR,sell,1485.2
2023-11-17,SGD,IDR,buy,11494.09
2023-11-17,SGD,IDR,sell,11611.34
2023-11-17,THB,IDR,buy,436.98
2023-11-17,THB,IDR,sell,441.74
2023-11-17,USD,IDR,buy,15517.02
2023-11-17,USD,IDR,sell,15672.98
2023-11-17,VND,IDR,buy,0.64
2023-11-17,VND,IDR,sell,0.64
2023-11-20,AUD,IDR,buy,9977.85
2023-11-20,AUD,IDR,sell,10081.24
2023-11-20,BND,IDR,buy,11441.43
2023-11-20,BND,IDR,sell,11560.71
2023-11-20,CAD,IDR,buy,11207.03
2023-11-20,CAD,IDR,sell,11322.96
2023-11-20,CHF,IDR,buy,17348.72
2023-11-20,CHF,IDR,sell,17530.96
2023-11-20,CNH,IDR,buy,2127.82
2023-11-20,CNH,IDR,sell,2149.32
2023-11-20,CNY,IDR,buy,2128.76
2023-11-20,CNY,IDR,sell,2150.21
2023-11-20,DKK,IDR,buy,2240.56
2023-11-20,DKK,IDR,sell,2263.41
2023-11-20,EUR,IDR,buy,16711.51
2023-11-20,EUR,IDR,sell,16881.02
2023-11-20,GBP,IDR,buy,19099.52
2023-11-20,GBP,IDR,sell,19297.71
2023-11-20,HKD,IDR,buy,1978.46
2023-11-20,HKD,IDR,sell,1998.43
2023-11-20,JPY,IDR,buy,102.5288
2023-11-20,JPY,IDR,sell,103.5799
2023-11-20,KRW,IDR,buy,11.87
2023-11-20,KRW,IDR,sell,11.99
2023-11-20,KWD,IDR,buy,50001.56
2023-11-20,KWD,IDR,sell,50520.46
2023-11-20,LAK,IDR,buy,0.74
2023-11-20,LAK,IDR,sell,0.75
2023-11-20,MYR,IDR,buy,3291.33
2023-11-20,MYR,IDR,sell,3327.96
2023-11-20,NOK,IDR,buy,1409.49
2023-11-20,NOK,IDR,sell,1424.05
2023-11-20,NZD,IDR,buy,9180.3
2023-11-20,NZD,IDR,sell,9278.8
2023-11-20,PGK,IDR,buy,4026.31
2023-11-20,PGK,IDR,sell,4183.64
2023-11-20,PHP,IDR,buy,277.01
2023-11-20,PHP,IDR,sell,279.89
2023-11-20,SAR,IDR,buy,4113.29
2023-11-20,SAR,IDR,sell,4154.85
2023-11-20,SEK,IDR,buy,1455.55
2023-11-20,SEK,IDR,sell,1470.65
2023-11-20,SGD,IDR,buy,11441.43
2023-11-20,SGD,IDR,sell,11560.71
2023-11-20,THB,IDR,buy,437.75
2023-11-20,THB,IDR,sell,442.53
2023-11-20,USD,IDR,buy,15426.48
2023-11-20,USD,IDR,sell,15581.52
2023-11-20,VND,IDR,buy,0.64
2023-11-20,VND,IDR,sell,0.64
2023-11-21,AUD,IDR,buy,10055.09
2023-11-21,AUD,IDR,sell,10159.24
2023-11-21,BND,IDR,buy,11436.38
2023-11-21,BND,IDR,sell,11555.62
2023-11-21,CAD,IDR,buy,11193.57
2023-11-21,CAD,IDR,sell,11309.36
2023-11-21,CHF,IDR,buy,17349.21
2023-11-21,CHF,IDR,sell,17531.5
2023-11-21,CNH,IDR,buy,2136.31
2023-11-21,CNH,IDR,sell,2157.99
2023-11-21,CNY,IDR,buy,2137.05
2023-11-21,CNY,IDR,sell,2158.74
2023-11-21,DKK,IDR,buy,2246.88
2023-11-21,DKK,IDR,sell,2269.79
2023-11-21,EUR,IDR,buy,16751.83
2023-11-21,EUR,IDR,sell,16926.38
2023-11-21,GBP,IDR,buy,19140.57
2023-11-21,GBP,IDR,sell,19339.12
2023-11-21,HKD,IDR,buy,1968.4
2023-11-21,HKD,IDR,sell,1988.26
2023-11-21,JPY,IDR,buy,103.0212
2023-11-21,JPY,IDR,sell,104.0635
2023-11-21,KRW,IDR,buy,11.88
2023-11-21,KRW,IDR,sell,12
2023-11-21,KWD,IDR,buy,49741.95
2023-11-21,KWD,IDR,sell,50297.28
2023-11-21,LAK,IDR,buy,0.74
2023-11-21,LAK,IDR,sell,0.75
2023-11-21,MYR,IDR,buy,3283.8
2023-11-21,MYR,IDR,sell,3320.35
2023-11-21,NOK,IDR,buy,1422.38
2023-11-21,NOK,IDR,sell,1437.07
2023-11-21,NZD,IDR,buy,9251.17
2023-11-21,NZD,IDR,sell,9350.34
2023-11-21,PGK,IDR,buy,3981.23
2023-11-21,PGK,IDR,sell,4300.16
2023-11-21,PHP,IDR,buy,276.18
2023-11-21,PHP,IDR,sell,279.06
2023-11-21,SAR,IDR,buy,4090.52
2023-11-21,SAR,IDR,sell,4131.85
2023-11-21,SEK,IDR,buy,1462.01
2023-11-21,SEK,IDR,sell,1477.13
2023-11-21,SGD,IDR,buy,11436.38
2023-11-21,SGD,IDR,sell,11555.62
2023-11-21,THB,IDR,buy,436.97
2023-11-21,THB,IDR,sell,441.61
2023-11-21,USD,IDR,buy,15341.91
2023-11-21,USD,IDR,sell,15496.09
2023-11-21,VND,IDR,buy,0.63
2023-11-21,VND,IDR,sell,0.64
2023-11-22,AUD,IDR,buy,10090.74
2023-11-22,AUD,IDR,sell,10198.36
2023-11-22,BND,IDR,buy,11491.82
2023-11-22,BND,IDR,sell,11614.27
2023-11-22,CAD,IDR,buy,11191.21
2023-11-22,CAD,IDR,sell,11304.51
2023-11-22,CHF,IDR,buy,17378.16
2023-11-22,CHF,IDR,sell,17564.74
2023-11-22,CNH,IDR,buy,2152.33
2023-11-22,CNH,IDR,sell,2174.08
2023-11-22,CNY,IDR,buy,2153.06
2023-11-22,CNY,IDR,sell,2174.82
2023-11-22,DKK,IDR,buy,2256.59
2023-11-22,DKK,IDR,sell,2279.41
2023-11-22,EUR,IDR,buy,16822.52
2023-11-22,EUR,IDR,sell,16997.79
2023-11-22,GBP,IDR,buy,19227.71
2023-11-22,GBP,IDR,sell,19427.16
2023-11-22,HKD,IDR,buy,1970.9
2023-11-22,HKD,IDR,sell,1990.73
2023-11-22,JPY,IDR,buy,104.0782
2023-11-22,JPY,IDR,sell,105.1313
2023-11-22,KRW,IDR,buy,11.92
2023-11-22,KRW,IDR,sell,12.04
2023-11-22,KWD,IDR,buy,49825.86
2023-11-22,KWD,IDR,sell,50385.46
2023-11-22,LAK,IDR,buy,0.74
2023-11-22,LAK,IDR,sell,0.75
2023-11-22,MYR,IDR,buy,3300.13
2023-11-22,MYR,IDR,sell,3336.17
2023-11-22,NOK,IDR,buy,1440.71
2023-11-22,NOK,IDR,sell,1455.53
2023-11-22,NZD,IDR,buy,9313.59
2023-11-22,NZD,IDR,sell,9413.4
2023-11-22,PGK,IDR,buy,3985.61
2023-11-22,PGK,IDR,sell,4304.91
2023-11-22,PHP,IDR,buy,277.29
2023-11-22,PHP,IDR,sell,280.12
2023-11-22,SAR,IDR,buy,4094.7
2023-11-22,SAR,IDR,sell,4136.41
2023-11-22,SEK,IDR,buy,1474.82
2023-11-22,SEK,IDR,sell,1489.96
2023-11-22,SGD,IDR,buy,11491.82
2023-11-22,SGD,IDR,sell,11614.27
2023-11-22,THB,IDR,buy,436.7
2023-11-22,THB,IDR,sell,441.47
2023-11-22,USD,IDR,buy,15358.82
2023-11-22,USD,IDR,sell,15513.18
2023-11-22,VND,IDR,buy,0.64
2023-11-22,VND,IDR,sell,0.64
2023-11-23,AUD,IDR,buy,10137.88
2023-11-23,AUD,IDR,sell,10246.03
2023-11-23,BND,IDR,buy,11569.11
2023-11-23,BND,IDR,sell,11692.36
2023-11-23,CAD,IDR,buy,11308.4
2023-11-23,CAD,IDR,sell,11422.89
2023-11-23,CHF,IDR,buy,17544.78
2023-11-23,CHF,IDR,sell,17733.15
2023-11-23,CNH,IDR,buy,2167.89
2023-11-23,CNH,IDR,sell,2189.77
2023-11-23,CNY,IDR,buy,2170.35
2023-11-23,CNY,IDR,sell,2192.2
2023-11-23,DKK,IDR,buy,2270.29
2023-11-23,DKK,IDR,sell,2293.44
2023-11-23,EUR,IDR,buy,16923.34
2023-11-23,EUR,IDR,sell,17099.68
2023-11-23,GBP,IDR,buy,19419.81
2023-11-23,GBP,IDR,sell,19625.95
2023-11-23,HKD,IDR,buy,1988.6
2023-11-23,HKD,IDR,sell,2008.63
2023-11-23,JPY,IDR,buy,104.0956
2023-11-23,JPY,IDR,sell,105.1488
2023-11-23,KRW,IDR,buy,11.91
2023-11-23,KRW,IDR,sell,12.04
2023-11-23,KWD,IDR,buy,50310.11
2023-11-23,KWD,IDR,sell,50832.24
2023-11-23,LAK,IDR,buy,0.75
2023-11-23,LAK,IDR,sell,0.76
2023-11-23,MYR,IDR,buy,3311.14
2023-11-23,MYR,IDR,sell,3347.99
2023-11-23,NOK,IDR,buy,1449.78
2023-11-23,NOK,IDR,sell,1464.84
2023-11-23,NZD,IDR,buy,9350.17
2023-11-23,NZD,IDR,sell,9450.4
2023-11-23,PGK,IDR,buy,4047.09
2023-11-23,PGK,IDR,sell,4205.23
2023-11-23,PHP,IDR,buy,279.29
2023-11-23,PHP,IDR,sell,282.35
2023-11-23,SAR,IDR,buy,4133.96
2023-11-23,SAR,IDR,sell,4176.18
2023-11-23,SEK,IDR,buy,1481.55
2023-11-23,SEK,IDR,sell,1496.8
2023-11-23,SGD,IDR,buy,11569.11
2023-11-23,SGD,IDR,sell,11692.36
2023-11-23,THB,IDR,buy,440.14
2023-11-23,THB,IDR,sell,444.81
2023-11-23,USD,IDR,buy,15506.08
2023-11-23,USD,IDR,sell,15661.92
2023-11-23,VND,IDR,buy,0.64
2023-11-23,VND,IDR,sell,0.65
2023-11-24,AUD,IDR,buy,10190.27
2023-11-24,AUD,IDR,sell,10294.26
2023-11-24,BND,IDR,buy,11578.38
2023-11-24,BND,IDR,sell,11699.12
2023-11-24,CAD,IDR,buy,11355.51
2023-11-24,CAD,IDR,sell,11473
2023-11-24,CHF,IDR,buy,17572.81
2023-11-24,CHF,IDR,sell,17757.47
2023-11-24,CNH,IDR,buy,2172.76
2023-11-24,CNH,IDR,sell,2194.78
2023-11-24,CNY,IDR,buy,2173.7
2023-11-24,CNY,IDR,sell,2195.71
2023-11-24,DKK,IDR,buy,2271.07
2023-11-24,DKK,IDR,sell,2294.23
2023-11-24,EUR,IDR,buy,16928.45
2023-11-24,EUR,IDR,sell,17104.86
2023-11-24,GBP,IDR,buy,19417.06
2023-11-24,GBP,IDR,sell,19618.49
2023-11-24,HKD,IDR,buy,1989.82
2023-11-24,HKD,IDR,sell,2009.85
2023-11-24,JPY,IDR,buy,103.9672
2023-11-24,JPY,IDR,sell,105.0192
2023-11-24,KRW,IDR,buy,11.96
2023-11-24,KRW,IDR,sell,12.08
2023-11-24,KWD,IDR,buy,50322.82
2023-11-24,KWD,IDR,sell,50884.73
2023-11-24,LAK,IDR,buy,0.75
2023-11-24,LAK,IDR,sell,0.76
2023-11-24,MYR,IDR,buy,3312.35
2023-11-24,MYR,IDR,sell,3348.5
2023-11-24,NOK,IDR,buy,1449.34
2023-11-24,NOK,IDR,sell,1464.37
2023-11-24,NZD,IDR,buy,9395.9
2023-11-24,NZD,IDR,sell,9493.47
2023-11-24,PGK,IDR,buy,4049.42
2023-11-24,PGK,IDR,sell,4207.66
2023-11-24,PHP,IDR,buy,280
2023-11-24,PHP,IDR,sell,282.95
2023-11-24,SAR,IDR,buy,4136.35
2023-11-24,SAR,IDR,sell,4178.48
2023-11-24,SEK,IDR,buy,1490.51
2023-11-24,SEK,IDR,sell,1505.88
2023-11-24,SGD,IDR,buy,11578.38
2023-11-24,SGD,IDR,sell,11699.12
2023-11-24,THB,IDR,buy,439.77
2023-11-24,THB,IDR,sell,444.44
2023-11-24,USD,IDR,buy,15515.03
2023-11-24,USD,IDR,sell,15670.97
2023-11-24,VND,IDR,buy,0.64
2023-11-24,VND,IDR,sell,0.65
2023-11-27,AUD,IDR,buy,10173.95
2023-11-27,AUD,IDR,sell,10279.33
2023-11-27,BND,IDR,buy,11555.82
2023-11-27,BND,IDR,sell,11678.92
2023-11-27,CAD,IDR,buy,11324.62
2023-11-27,CAD,IDR,sell,11441.77
2023-11-27,CHF,IDR,buy,17540.23
2023-11-27,CHF,IDR,sell,17724.52
2023-11-27,CNH,IDR,buy,2166.1
2023-11-27,CNH,IDR,sell,2187.96
2023-11-27,CNY,IDR,buy,2167.83
2023-11-27,CNY,IDR,sell,2189.67
2023-11-27,DKK,IDR,buy,2269.1
2023-11-27,DKK,IDR,sell,2292.24
2023-11-27,EUR,IDR,buy,16915.74
2023-11-27,EUR,IDR,sell,17092.01
2023-11-27,GBP,IDR,buy,19432.86
2023-11-27,GBP,IDR,sell,19634.42
2023-11-27,HKD,IDR,buy,1989.9
2023-11-27,HKD,IDR,sell,2009.95
2023-11-27,JPY,IDR,buy,103.7813
2023-11-27,JPY,IDR,sell,104.8453
2023-11-27,KRW,IDR,buy,11.86
2023-11-27,KRW,IDR,sell,11.99
2023-11-27,KWD,IDR,buy,50265.99
2023-11-27,KWD,IDR,sell,50832.11
2023-11-27,LAK,IDR,buy,0.75
2023-11-27,LAK,IDR,sell,0.76
2023-11-27,MYR,IDR,buy,3310.37
2023-11-27,MYR,IDR,sell,3345.78
2023-11-27,NOK,IDR,buy,1438.53
2023-11-27,NOK,IDR,sell,1453.46
2023-11-27,NZD,IDR,buy,9389.19
2023-11-27,NZD,IDR,sell,9489.81
2023-11-27,PGK,IDR,buy,4047.87
2023-11-27,PGK,IDR,sell,4206.03
2023-11-27,PHP,IDR,buy,279.82
2023-11-27,PHP,IDR,sell,282.73
2023-11-27,SAR,IDR,buy,4134.87
2023-11-27,SAR,IDR,sell,4176.98
2023-11-27,SEK,IDR,buy,1477.29
2023-11-27,SEK,IDR,sell,1492.58
2023-11-27,SGD,IDR,buy,11557.55
2023-11-27,SGD,IDR,sell,11674.56
2023-11-27,THB,IDR,buy,437
2023-11-27,THB,IDR,sell,441.76
2023-11-27,USD,IDR,buy,15509.07
2023-11-27,USD,IDR,sell,15664.93
2023-11-27,VND,IDR,buy,0.64
2023-11-27,VND,IDR,sell,0.65
2023-11-28,AUD,IDR,buy,10173.4
2023-11-28,AUD,IDR,sell,10278.78
2023-11-28,BND,IDR,buy,11543.16
2023-11-28,BND,IDR,sell,11666.15
2023-11-28,CAD,IDR,buy,11329.83
2023-11-28,CAD,IDR,sell,11447.91
2023-11-28,CHF,IDR,buy,17532.18
2023-11-28,CHF,IDR,sell,17716.44
2023-11-28,CNH,IDR,buy,2158.7
2023-11-28,CNH,IDR,sell,2181
2023-11-28,CNY,IDR,buy,2159.93
2023-11-28,CNY,IDR,sell,2181.7
2023-11-28,DKK,IDR,buy,2268.23
2023-11-28,DKK,IDR,sell,2291.16
2023-11-28,EUR,IDR,buy,16910.87
2023-11-28,EUR,IDR,sell,17087.08
2023-11-28,GBP,IDR,buy,19489.37
2023-11-28,GBP,IDR,sell,19686.81
2023-11-28,HKD,IDR,buy,1983.43
2023-11-28,HKD,IDR,sell,2003.39
2023-11-28,JPY,IDR,buy,103.6522
2023-11-28,JPY,IDR,sell,104.701
2023-11-28,KRW,IDR,buy,11.85
2023-11-28,KRW,IDR,sell,11.98
2023-11-28,KWD,IDR,buy,50077.34
2023-11-28,KWD,IDR,sell,50641.4
2023-11-28,LAK,IDR,buy,0.74
2023-11-28,LAK,IDR,sell,0.76
2023-11-28,MYR,IDR,buy,3300.44
2023-11-28,MYR,IDR,sell,3337.89
2023-11-28,NOK,IDR,buy,1440.61
2023-11-28,NOK,IDR,sell,1455.59
2023-11-28,NZD,IDR,buy,9393.21
2023-11-28,NZD,IDR,sell,9489.18
2023-11-28,PGK,IDR,buy,4032.28
2023-11-28,PGK,IDR,sell,4189.85
2023-11-28,PHP,IDR,buy,278.47
2023-11-28,PHP,IDR,sell,281.37
2023-11-28,SAR,IDR,buy,4119.06
2023-11-28,SAR,IDR,sell,4160.68
2023-11-28,SEK,IDR,buy,1479.06
2023-11-28,SEK,IDR,sell,1494.33
2023-11-28,SGD,IDR,buy,11543.16
2023-11-28,SGD,IDR,sell,11666.15
2023-11-28,THB,IDR,buy,439.28
2023-11-28,THB,IDR,sell,444.07
2023-11-28,USD,IDR,buy,15449.36
2023-11-28,USD,IDR,sell,15604.64
2023-11-28,VND,IDR,buy,0.64
2023-11-28,VND,IDR,sell,0.64
2023-11-29,AUD,IDR,buy,10158.31
2023-11-29,AUD,IDR,sell,10263.51
2023-11-29,BND,IDR,buy,11497.94
2023-11-29,BND,IDR,sell,11620.45
2023-11-29,CAD,IDR,buy,11305.99
2023-11-29,CAD,IDR,sell,11422.98
2023-11-29,CHF,IDR,buy,17455.15
2023-11-29,CHF,IDR,sell,17642.6
2023-11-29,CNH,IDR,buy,2146.97
2023-11-29,CNH,IDR,sell,2169.16
2023-11-29,CNY,IDR,buy,2148.86
2023-11-29,CNY,IDR,sell,2170.49
2023-11-29,DKK,IDR,buy,2255.23
2023-11-29,DKK,IDR,sell,2278.09
2023-11-29,EUR,IDR,buy,16816.25
2023-11-29,EUR,IDR,sell,16988.36
2023-11-29,GBP,IDR,buy,19391.19
2023-11-29,GBP,IDR,sell,19596.94
2023-11-29,HKD,IDR,buy,1972.05
2023-11-29,HKD,IDR,sell,1991.9
2023-11-29,JPY,IDR,buy,103.5202
2023-11-29,JPY,IDR,sell,104.5676
2023-11-29,KRW,IDR,buy,11.86
2023-11-29,KRW,IDR,sell,11.99
2023-11-29,KWD,IDR,buy,49829.02
2023-11-29,KWD,IDR,sell,50346.13
2023-11-29,LAK,IDR,buy,0.74
2023-11-29,LAK,IDR,sell,0.75
2023-11-29,MYR,IDR,buy,3289.7
2023-11-29,MYR,IDR,sell,3324.89
2023-11-29,NOK,IDR,buy,1443.55
2023-11-29,NOK,IDR,sell,1458.44
2023-11-29,NZD,IDR,buy,9363.54
2023-11-29,NZD,IDR,sell,9463.86
2023-11-29,PGK,IDR,buy,3989.23
2023-11-29,PGK,IDR,sell,4308.81
2023-11-29,PHP,IDR,buy,277.44
2023-11-29,PHP,IDR,sell,280.33
2023-11-29,SAR,IDR,buy,4098.53
2023-11-29,SAR,IDR,sell,4139.94
2023-11-29,SEK,IDR,buy,1473.6
2023-11-29,SEK,IDR,sell,1488.68
2023-11-29,SGD,IDR,buy,11497.94
2023-11-29,SGD,IDR,sell,11620.45
2023-11-29,THB,IDR,buy,439.98
2023-11-29,THB,IDR,sell,444.52
2023-11-29,USD,IDR,buy,15372.75
2023-11-29,USD,IDR,sell,15527.25
2023-11-29,VND,IDR,buy,0.63
2023-11-29,VND,IDR,sell,0.64
2023-11-30,AUD,IDR,buy,10150.12
2023-11-30,AUD,IDR,sell,10253.68
2023-11-30,BND,IDR,buy,11496.12
2023-11-30,BND,IDR,sell,11612.53
2023-11-30,CAD,IDR,buy,11283.41
2023-11-30,CAD,IDR,sell,11400.18
2023-11-30,CHF,IDR,buy,17439.99
2023-11-30,CHF,IDR,sell,17617.27
2023-11-30,CNH,IDR,buy,2147.73
2023-11-30,CNH,IDR,sell,2169.41
2023-11-30,CNY,IDR,buy,2148.36
2023-11-30,CNY,IDR,sell,2170.08
2023-11-30,DKK,IDR,buy,2255.19
2023-11-30,DKK,IDR,sell,2278.12
2023-11-30,EUR,IDR,buy,16810.24
2023-11-30,EUR,IDR,sell,16985.37
2023-11-30,GBP,IDR,buy,19443.05
2023-11-30,GBP,IDR,sell,19640.01
2023-11-30,HKD,IDR,buy,1962.82
2023-11-30,HKD,IDR,sell,1982.58
2023-11-30,JPY,IDR,buy,103.8966
2023-11-30,JPY,IDR,sell,104.9479
2023-11-30,KRW,IDR,buy,11.87
2023-11-30,KRW,IDR,sell,11.99
2023-11-30,KWD,IDR,buy,49606.51
2023-11-30,KWD,IDR,sell,50158.71
2023-11-30,LAK,IDR,buy,0.74
2023-11-30,LAK,IDR,sell,0.75
2023-11-30,MYR,IDR,buy,3288.31
2023-11-30,MYR,IDR,sell,3324.21
2023-11-30,NOK,IDR,buy,1439.08
2023-11-30,NOK,IDR,sell,1453.98
2023-11-30,NZD,IDR,buy,9432.22
2023-11-30,NZD,IDR,sell,9528.56
2023-11-30,PGK,IDR,buy,3972.19
2023-11-30,PGK,IDR,sell,4290.41
2023-11-30,PHP,IDR,buy,276.38
2023-11-30,PHP,IDR,sell,279.23
2023-11-30,SAR,IDR,buy,4080.91
2023-11-30,SAR,IDR,sell,4122.36
2023-11-30,SEK,IDR,buy,1480.03
2023-11-30,SEK,IDR,sell,1495.48
2023-11-30,SGD,IDR,buy,11496.12
2023-11-30,SGD,IDR,sell,11612.53
2023-11-30,THB,IDR,buy,440.62
2023-11-30,THB,IDR,sell,445.3
2023-11-30,USD,IDR,buy,15307.08
2023-11-30,USD,IDR,sell,15460.92
2023-11-30,VND,IDR,buy,0.63
2023-11-30,VND,IDR,sell,0.64
2023-12-01,AUD,IDR,buy,10222.27
2023-12-01,AUD,IDR,sell,10332.78
2023-12-01,BND,IDR,buy,11552.62
2023-12-01,BND,IDR,sell,11673.11
2023-12-01,CAD,IDR,buy,11342.55
2023-12-01,CAD,IDR,sell,11460.76
2023-12-01,CHF,IDR,buy,17647.86
2023-12-01,CHF,IDR,sell,17837.48
2023-12-01,CNH,IDR,buy,2158.39
2023-12-01,CNH,IDR,sell,2180.39
2023-12-01,CNY,IDR,buy,2160.11
2023-12-01,CNY,IDR,sell,2181.92
2023-12-01,DKK,IDR,buy,2263.11
2023-12-01,DKK,IDR,sell,2286.06
2023-12-01,EUR,IDR,buy,16870.21
2023-12-01,EUR,IDR,sell,17047.54
2023-12-01,GBP,IDR,buy,19561.73
2023-12-01,GBP,IDR,sell,19759.89
2023-12-01,HKD,IDR,buy,1973.15
2023-12-01,HKD,IDR,sell,1993.11
2023-12-01,JPY,IDR,buy,104.7639
2023-12-01,JPY,IDR,sell,105.824
2023-12-01,KRW,IDR,buy,11.88
2023-12-01,KRW,IDR,sell,12.01
2023-12-01,KWD,IDR,buy,49930.58
2023-12-01,KWD,IDR,sell,50448.75
2023-12-01,LAK,IDR,buy,0.74
2023-12-01,LAK,IDR,sell,0.75
2023-12-01,MYR,IDR,buy,3303.65
2023-12-01,MYR,IDR,sell,3341.51
2023-12-01,NOK,IDR,buy,1444.88
2023-12-01,NOK,IDR,sell,1459.67
2023-12-01,NZD,IDR,buy,9513.56
2023-12-01,NZD,IDR,sell,9612.29
2023-12-01,PGK,IDR,buy,4021.12
2023-12-01,PGK,IDR,sell,4178.24
2023-12-01,PHP,IDR,buy,277.6
2023-12-01,PHP,IDR,sell,280.49
2023-12-01,SAR,IDR,buy,4106.56
2023-12-01,SAR,IDR,sell,4148.5
2023-12-01,SEK,IDR,buy,1484.27
2023-12-01,SEK,IDR,sell,1499.39
2023-12-01,SGD,IDR,buy,11552.62
2023-12-01,SGD,IDR,sell,11673.11
2023-12-01,THB,IDR,buy,439.31
2023-12-01,THB,IDR,sell,444.1
2023-12-01,USD,IDR,buy,15406.58
2023-12-01,USD,IDR,sell,15561.42
2023-12-01,VND,IDR,buy,0.63
2023-12-01,VND,IDR,sell,0.64
2023-12-04,AUD,IDR,buy,10199.24
2023-12-04,AUD,IDR,sell,10311.11
2023-12-04,BND,IDR,buy,11539.21
2023-12-04,BND,IDR,sell,11662.15
2023-12-04,CAD,IDR,buy,11407.96
2023-12-04,CAD,IDR,sell,11523.47
2023-12-04,CHF,IDR,buy,17657.04
2023-12-04,CHF,IDR,sell,17844.7
2023-12-04,CNH,IDR,buy,2159.61
2023-12-04,CNH,IDR,sell,2181.43
2023-12-04,CNY,IDR,buy,2161.72
2023-12-04,CNY,IDR,sell,2183.6
2023-12-04,DKK,IDR,buy,2257.15
2023-12-04,DKK,IDR,sell,2280.17
2023-12-04,EUR,IDR,buy,16825.74
2023-12-04,EUR,IDR,sell,17001.09
2023-12-04,GBP,IDR,buy,19514.96
2023-12-04,GBP,IDR,sell,19717.33
2023-12-04,HKD,IDR,buy,1977.52
2023-12-04,HKD,IDR,sell,1997.44
2023-12-04,JPY,IDR,buy,104.1704
2023-12-04,JPY,IDR,sell,105.2386
2023-12-04,KRW,IDR,buy,11.82
2023-12-04,KRW,IDR,sell,11.94
2023-12-04,KWD,IDR,buy,49993.14
2023-12-04,KWD,IDR,sell,50511.93
2023-12-04,LAK,IDR,buy,0.74
2023-12-04,LAK,IDR,sell,0.75
2023-12-04,MYR,IDR,buy,3296.28
2023-12-04,MYR,IDR,sell,3332.26
2023-12-04,NOK,IDR,buy,1431.19
2023-12-04,NOK,IDR,sell,1446.16
2023-12-04,NZD,IDR,buy,9504.16
2023-12-04,NZD,IDR,sell,9605.92
2023-12-04,PGK,IDR,buy,4008.34
2023-12-04,PGK,IDR,sell,4329.45
2023-12-04,PHP,IDR,buy,278.77
2023-12-04,PHP,IDR,sell,281.67
2023-12-04,SAR,IDR,buy,4117.28
2023-12-04,SAR,IDR,sell,4159.66
2023-12-04,SEK,IDR,buy,1473.23
2023-12-04,SEK,IDR,sell,1488.46
2023-12-04,SGD,IDR,buy,11539.21
2023-12-04,SGD,IDR,sell,11662.15
2023-12-04,THB,IDR,buy,438.07
2023-12-04,THB,IDR,sell,442.85
2023-12-04,USD,IDR,buy,15446.38
2023-12-04,USD,IDR,sell,15601.62
2023-12-04,VND,IDR,buy,0.64
2023-12-04,VND,IDR,sell,0.64
2023-12-05,AUD,IDR,buy,10204.86
2023-12-05,AUD,IDR,sell,10310.53
2023-12-05,BND,IDR,buy,11507.02
2023-12-05,BND,IDR,sell,11623.53
2023-12-05,CAD,IDR,buy,11353.16
2023-12-05,CAD,IDR,sell,11470.65
2023-12-05,CHF,IDR,buy,17570.33
2023-12-05,CHF,IDR,sell,17755.04
2023-12-05,CNH,IDR,buy,2151.55
2023-12-05,CNH,IDR,sell,2173.33
2023-12-05,CNY,IDR,buy,2153.09
2023-12-05,CNY,IDR,sell,2174.76
2023-12-05,DKK,IDR,buy,2238.06
2023-12-05,DKK,IDR,sell,2260.88
2023-12-05,EUR,IDR,buy,16684.34
2023-12-05,EUR,IDR,sell,16858.23
2023-12-05,GBP,IDR,buy,19464.55
2023-12-05,GBP,IDR,sell,19666.38
2023-12-05,HKD,IDR,buy,1966.77
2023-12-05,HKD,IDR,sell,1986.62
2023-12-05,JPY,IDR,buy,104.521
2023-12-05,JPY,IDR,sell,105.593
2023-12-05,KRW,IDR,buy,11.76
2023-12-05,KRW,IDR,sell,11.88
2023-12-05,KWD,IDR,buy,49748.39
2023-12-05,KWD,IDR,sell,50264.64
2023-12-05,LAK,IDR,buy,0.74
2023-12-05,LAK,IDR,sell,0.75
2023-12-05,MYR,IDR,buy,3298.02
2023-12-05,MYR,IDR,sell,3334.03
2023-12-05,NOK,IDR,buy,1433.23
2023-12-05,NOK,IDR,sell,1448.04
2023-12-05,NZD,IDR,buy,9490.22
2023-12-05,NZD,IDR,sell,9591.8
2023-12-05,PGK,IDR,buy,4011.25
2023-12-05,PGK,IDR,sell,4167.99
2023-12-05,PHP,IDR,buy,277.77
2023-12-05,PHP,IDR,sell,280.61
2023-12-05,SAR,IDR,buy,4096.81
2023-12-05,SAR,IDR,sell,4138.42
2023-12-05,SEK,IDR,buy,1472.99
2023-12-05,SEK,IDR,sell,1488.23
2023-12-05,SGD,IDR,buy,11505.29
2023-12-05,SGD,IDR,sell,11625.28
2023-12-05,THB,IDR,buy,440.11
2023-12-05,THB,IDR,sell,444.79
2023-12-05,USD,IDR,buy,15368.77
2023-12-05,USD,IDR,sell,15523.23
2023-12-05,VND,IDR,buy,0.63
2023-12-05,VND,IDR,sell,0.64
2023-12-06,AUD,IDR,buy,10144.45
2023-12-06,AUD,IDR,sell,10249.52
2023-12-06,BND,IDR,buy,11516.6
2023-12-06,BND,IDR,sell,11633.21
2023-12-06,CAD,IDR,buy,11376.46
2023-12-06,CAD,IDR,sell,11492.49
2023-12-06,CHF,IDR,buy,17640.34
2023-12-06,CHF,IDR,sell,17825.79
2023-12-06,CNH,IDR,buy,2156.19
2023-12-06,CNH,IDR,sell,2178.05
2023-12-06,CNY,IDR,buy,2158.46
2023-12-06,CNY,IDR,sell,2180.3
2023-12-06,DKK,IDR,buy,2235.95
2023-12-06,DKK,IDR,sell,2258.58
2023-12-06,EUR,IDR,buy,16669.85
2023-12-06,EUR,IDR,sell,16843.62
2023-12-06,GBP,IDR,buy,19457.42
2023-12-06,GBP,IDR,sell,19659.2
2023-12-06,HKD,IDR,buy,1973.4
2023-12-06,HKD,IDR,sell,1993.29
2023-12-06,JPY,IDR,buy,105.0635
2023-12-06,JPY,IDR,sell,106.1411
2023-12-06,KRW,IDR,buy,11.73
2023-12-06,KRW,IDR,sell,11.85
2023-12-06,KWD,IDR,buy,49927.12
2023-12-06,KWD,IDR,sell,50445.22
2023-12-06,LAK,IDR,buy,0.74
2023-12-06,LAK,IDR,sell,0.75
2023-12-06,MYR,IDR,buy,3302.61
2023-12-06,MYR,IDR,sell,3337.94
2023-12-06,NOK,IDR,buy,1420.43
2023-12-06,NOK,IDR,sell,1435.11
2023-12-06,NZD,IDR,buy,9485.74
2023-12-06,NZD,IDR,sell,9587.31
2023-12-06,PGK,IDR,buy,4026.31
2023-12-06,PGK,IDR,sell,4183.64
2023-12-06,PHP,IDR,buy,278.83
2023-12-06,PHP,IDR,sell,281.71
2023-12-06,SAR,IDR,buy,4112.74
2023-12-06,SAR,IDR,sell,4154.3
2023-12-06,SEK,IDR,buy,1475.89
2023-12-06,SEK,IDR,sell,1491.15
2023-12-06,SGD,IDR,buy,11516.6
2023-12-06,SGD,IDR,sell,11633.21
2023-12-06,THB,IDR,buy,437.01
2023-12-06,THB,IDR,sell,441.65
2023-12-06,USD,IDR,buy,15426.48
2023-12-06,USD,IDR,sell,15581.52
2023-12-06,VND,IDR,buy,0.64
2023-12-06,VND,IDR,sell,0.64
2023-12-07,AUD,IDR,buy,10164.51
2023-12-07,AUD,IDR,sell,10272.9
2023-12-07,BND,IDR,buy,11514.02
2023-12-07,BND,IDR,sell,11630.6
2023-12-07,CAD,IDR,buy,11373.11
2023-12-07,CAD,IDR,sell,11490.8
2023-12-07,CHF,IDR,buy,17640.34
2023-12-07,CHF,IDR,sell,17827.83
2023-12-07,CNH,IDR,buy,2153.36
2023-12-07,CNH,IDR,sell,2175.13
2023-12-07,CNY,IDR,buy,2155.32
2023-12-07,CNY,IDR,sell,2177.07
2023-12-07,DKK,IDR,buy,2232.03
2023-12-07,DKK,IDR,sell,2254.69
2023-12-07,EUR,IDR,buy,16640.54
2023-12-07,EUR,IDR,sell,16814.02
2023-12-07,GBP,IDR,buy,19443.54
2023-12-07,GBP,IDR,sell,19640.51
2023-12-07,HKD,IDR,buy,1974.87
2023-12-07,HKD,IDR,sell,1994.89
2023-12-07,JPY,IDR,buy,104.9849
2023-12-07,JPY,IDR,sell,106.0617
2023-12-07,KRW,IDR,buy,11.75
2023-12-07,KRW,IDR,sell,11.87
2023-12-07,KWD,IDR,buy,49964.31
2023-12-07,KWD,IDR,sell,50482.81
2023-12-07,LAK,IDR,buy,0.74
2023-12-07,LAK,IDR,sell,0.75
2023-12-07,MYR,IDR,buy,3301.9
2023-12-07,MYR,IDR,sell,3337.94
2023-12-07,NOK,IDR,buy,1412.24
2023-12-07,NOK,IDR,sell,1426.83
2023-12-07,NZD,IDR,buy,9524.31
2023-12-07,NZD,IDR,sell,9623.15
2023-12-07,PGK,IDR,buy,4026.31
2023-12-07,PGK,IDR,sell,4300.5
2023-12-07,PHP,IDR,buy,278.86
2023-12-07,PHP,IDR,sell,281.76
2023-12-07,SAR,IDR,buy,4112.85
2023-12-07,SAR,IDR,sell,4154.41
2023-12-07,SEK,IDR,buy,1472.71
2023-12-07,SEK,IDR,sell,1487.94
2023-12-07,SGD,IDR,buy,11510.58
2023-12-07,SGD,IDR,sell,11633.21
2023-12-07,THB,IDR,buy,440.38
2023-12-07,THB,IDR,sell,445.06
2023-12-07,USD,IDR,buy,15426.48
2023-12-07,USD,IDR,sell,15581.52
2023-12-07,VND,IDR,buy,0.64
2023-12-07,VND,IDR,sell,0.64
2023-12-08,AUD,IDR,buy,10142.2
2023-12-08,AUD,IDR,sell,10245.7
2023-12-08,BND,IDR,buy,11522.3
2023-12-08,BND,IDR,sell,11645.05
2023-12-08,CAD,IDR,buy,11376.45
2023-12-08,CAD,IDR,sell,11494.17
2023-12-08,CHF,IDR,buy,17684.84
2023-12-08,CHF,IDR,sell,17870.76
2023-12-08,CNH,IDR,buy,2158.74
2023-12-08,CNH,IDR,sell,2180.56
2023-12-08,CNY,IDR,buy,2160.28
2023-12-08,CNY,IDR,sell,2182.11
2023-12-08,DKK,IDR,buy,2234.35
2023-12-08,DKK,IDR,sell,2257
2023-12-08,EUR,IDR,buy,16656.34
2023-12-08,EUR,IDR,sell,16829.99
2023-12-08,GBP,IDR,buy,19448.11
2023-12-08,GBP,IDR,sell,19645.13
2023-12-08,HKD,IDR,buy,1978.44
2023-12-08,HKD,IDR,sell,1998.47
2023-12-08,JPY,IDR,buy,106.1479
2023-12-08,JPY,IDR,sell,107.2221
2023-12-08,KRW,IDR,buy,11.7
2023-12-08,KRW,IDR,sell,11.82
2023-12-08,KWD,IDR,buy,50132.38
2023-12-08,KWD,IDR,sell,50652.65
2023-12-08,LAK,IDR,buy,0.74
2023-12-08,LAK,IDR,sell,0.76
2023-12-08,MYR,IDR,buy,3306.59
2023-12-08,MYR,IDR,sell,3341.97
2023-12-08,NOK,IDR,buy,1411.11
2023-12-08,NOK,IDR,sell,1425.72
2023-12-08,NZD,IDR,buy,9486.77
2023-12-08,NZD,IDR,sell,9588.36
2023-12-08,PGK,IDR,buy,4011.43
2023-12-08,PGK,IDR,sell,4332.8
2023-12-08,PHP,IDR,buy,279.49
2023-12-08,PHP,IDR,sell,282.35
2023-12-08,SAR,IDR,buy,4121.34
2023-12-08,SAR,IDR,sell,4162.98
2023-12-08,SEK,IDR,buy,1478.05
2023-12-08,SEK,IDR,sell,1493.26
2023-12-08,SGD,IDR,buy,11522.3
2023-12-08,SGD,IDR,sell,11645.05
2023-12-08,THB,IDR,buy,438.29
2023-12-08,THB,IDR,sell,442.94
2023-12-08,USD,IDR,buy,15458.32
2023-12-08,USD,IDR,sell,15613.68
2023-12-08,VND,IDR,buy,0.64
2023-12-08,VND,IDR,sell,0.64
2023-12-11,AUD,IDR,buy,10195.81
2023-12-11,AUD,IDR,sell,10302.96
2023-12-11,BND,IDR,buy,11522.23
2023-12-11,BND,IDR,sell,11644.99
2023-12-11,CAD,IDR,buy,11348.42
2023-12-11,CAD,IDR,sell,11467.54
2023-12-11,CHF,IDR,buy,17607.6
2023-12-11,CHF,IDR,sell,17792.69
2023-12-11,CNH,IDR,buy,2151.4
2023-12-11,CNH,IDR,sell,2173.11
2023-12-11,CNY,IDR,buy,2153.95
2023-12-11,CNY,IDR,sell,2175.66
2023-12-11,DKK,IDR,buy,2230.04
2023-12-11,DKK,IDR,sell,2252.78
2023-12-11,EUR,IDR,buy,16623.91
2023-12-11,EUR,IDR,sell,16797.22
2023-12-11,GBP,IDR,buy,19378.37
2023-12-11,GBP,IDR,sell,19579.36
2023-12-11,HKD,IDR,buy,1974.51
2023-12-11,HKD,IDR,sell,1994.51
2023-12-11,JPY,IDR,buy,107.0858
2023-12-11,JPY,IDR,sell,108.1696
2023-12-11,KRW,IDR,buy,11.78
2023-12-11,KRW,IDR,sell,11.9
2023-12-11,KWD,IDR,buy,50021.08
2023-12-11,KWD,IDR,sell,50556.6
2023-12-11,LAK,IDR,buy,0.74
2023-12-11,LAK,IDR,sell,0.75
2023-12-11,MYR,IDR,buy,3303.88
2023-12-11,MYR,IDR,sell,3339.94
2023-12-11,NOK,IDR,buy,1419.78
2023-12-11,NOK,IDR,sell,1434.48
2023-12-11,NZD,IDR,buy,9489.46
2023-12-11,NZD,IDR,sell,9594.18
2023-12-11,PGK,IDR,buy,4002.14
2023-12-11,PGK,IDR,sell,4322.76
2023-12-11,PHP,IDR,buy,278.38
2023-12-11,PHP,IDR,sell,281.28
2023-12-11,SAR,IDR,buy,4111.57
2023-12-11,SAR,IDR,sell,4153.45
2023-12-11,SEK,IDR,buy,1482.53
2023-12-11,SEK,IDR,sell,1497.79
2023-12-11,SGD,IDR,buy,11522.23
2023-12-11,SGD,IDR,sell,11644.99
2023-12-11,THB,IDR,buy,437.15
2023-12-11,THB,IDR,sell,441.79
2023-12-11,USD,IDR,buy,15422.5
2023-12-11,USD,IDR,sell,15577.5
2023-12-11,VND,IDR,buy,0.64
2023-12-11,VND,IDR,sell,0.64
2023-12-12,AUD,IDR,buy,10185.36
2023-12-12,AUD,IDR,sell,10289.29
2023-12-12,BND,IDR,buy,11556.89
2023-12-12,BND,IDR,sell,11677.39
2023-12-12,CAD,IDR,buy,11431.04
2023-12-12,CAD,IDR,sell,11549.33
2023-12-12,CHF,IDR,buy,17650.45
2023-12-12,CHF,IDR,sell,17835.95
2023-12-12,CNH,IDR,buy,2158.55
2023-12-12,CNH,IDR,sell,2180.3
2023-12-12,CNY,IDR,buy,2162.84
2023-12-12,CNY,IDR,sell,2184.64
2023-12-12,DKK,IDR,buy,2241.09
2023-12-12,DKK,IDR,sell,2263.81
2023-12-12,EUR,IDR,buy,16707.34
2023-12-12,EUR,IDR,sell,16881.53
2023-12-12,GBP,IDR,buy,19483.61
2023-12-12,GBP,IDR,sell,19685.7
2023-12-12,HKD,IDR,buy,1989.69
2023-12-12,HKD,IDR,sell,2009.85
2023-12-12,JPY,IDR,buy,106.1125
2023-12-12,JPY,IDR,sell,107.1863
2023-12-12,KRW,IDR,buy,11.77
2023-12-12,KRW,IDR,sell,11.89
2023-12-12,KWD,IDR,buy,50323.69
2023-12-12,KWD,IDR,sell,50890.45
2023-12-12,LAK,IDR,buy,0.75
2023-12-12,LAK,IDR,sell,0.76
2023-12-12,MYR,IDR,buy,3316.1
2023-12-12,MYR,IDR,sell,3352.29
2023-12-12,NOK,IDR,buy,1419.82
2023-12-12,NOK,IDR,sell,1434.47
2023-12-12,NZD,IDR,buy,9486.24
2023-12-12,NZD,IDR,sell,9587.85
2023-12-12,PGK,IDR,buy,4031.57
2023-12-12,PGK,IDR,sell,4354.55
2023-12-12,PHP,IDR,buy,278.97
2023-12-12,PHP,IDR,sell,282.13
2023-12-12,SAR,IDR,buy,4141.92
2023-12-12,SAR,IDR,sell,4183.99
2023-12-12,SEK,IDR,buy,1482.9
2023-12-12,SEK,IDR,sell,1498.18
2023-12-12,SGD,IDR,buy,11556.89
2023-12-12,SGD,IDR,sell,11677.39
2023-12-12,THB,IDR,buy,435.18
2023-12-12,THB,IDR,sell,439.8
2023-12-12,USD,IDR,buy,15535.93
2023-12-12,USD,IDR,sell,15692.07
2023-12-12,VND,IDR,buy,0.64
2023-12-12,VND,IDR,sell,0.65
2023-12-13,AUD,IDR,buy,10249.32
2023-12-13,AUD,IDR,sell,10358.62
2023-12-13,BND,IDR,buy,11588.44
2023-12-13,BND,IDR,sell,11711.89
2023-12-13,CAD,IDR,buy,11469.65
2023-12-13,CAD,IDR,sell,11588.34
2023-12-13,CHF,IDR,buy,17742.23
2023-12-13,CHF,IDR,sell,17928.74
2023-12-13,CNH,IDR,buy,2162.91
2023-12-13,CNH,IDR,sell,2185.04
2023-12-13,CNY,IDR,buy,2167.34
2023-12-13,CNY,IDR,sell,2189.16
2023-12-13,DKK,IDR,buy,2248.01
2023-12-13,DKK,IDR,sell,2270.83
2023-12-13,EUR,IDR,buy,16756.63
2023-12-13,EUR,IDR,sell,16931.33
2023-12-13,GBP,IDR,buy,19529.7
2023-12-13,GBP,IDR,sell,19732.28
2023-12-13,HKD,IDR,buy,1991.99
2023-12-13,HKD,IDR,sell,2012.09
2023-12-13,JPY,IDR,buy,106.8777
2023-12-13,JPY,IDR,sell,107.9742
2023-12-13,KRW,IDR,buy,11.84
2023-12-13,KRW,IDR,sell,11.96
2023-12-13,KWD,IDR,buy,50401.32
2023-12-13,KWD,IDR,sell,50967.36
2023-12-13,LAK,IDR,buy,0.75
2023-12-13,LAK,IDR,sell,0.76
2023-12-13,MYR,IDR,buy,3319.71
2023-12-13,MYR,IDR,sell,3355.94
2023-12-13,NOK,IDR,buy,1423.54
2023-12-13,NOK,IDR,sell,1438.37
2023-12-13,NZD,IDR,buy,9565
2023-12-13,NZD,IDR,sell,9667.42
2023-12-13,PGK,IDR,buy,4059.29
2023-12-13,PGK,IDR,sell,4217.91
2023-12-13,PHP,IDR,buy,279.58
2023-12-13,PHP,IDR,sell,282.49
2023-12-13,SAR,IDR,buy,4146.43
2023-12-13,SAR,IDR,sell,4188.55
2023-12-13,SEK,IDR,buy,1486.46
2023-12-13,SEK,IDR,sell,1501.83
2023-12-13,SGD,IDR,buy,11588.44
2023-12-13,SGD,IDR,sell,11711.89
2023-12-13,THB,IDR,buy,437.25
2023-12-13,THB,IDR,sell,442.01
2023-12-13,USD,IDR,buy,15552.84
2023-12-13,USD,IDR,sell,15709.16
2023-12-13,VND,IDR,buy,0.64
2023-12-13,VND,IDR,sell,0.65
2023-12-14,AUD,IDR,buy,10187.36
2023-12-14,AUD,IDR,sell,10297.61
2023-12-14,BND,IDR,buy,11565.41
2023-12-14,BND,IDR,sell,11688.61
2023-12-14,CAD,IDR,buy,11431.93
2023-12-14,CAD,IDR,sell,11551.07
2023-12-14,CHF,IDR,buy,17760.22
2023-12-14,CHF,IDR,sell,17940.78
2023-12-14,CNH,IDR,buy,2160.41
2023-12-14,CNH,IDR,sell,2182.25
2023-12-14,CNY,IDR,buy,2164.56
2023-12-14,CNY,IDR,sell,2186.35
2023-12-14,DKK,IDR,buy,2248.92
2023-12-14,DKK,IDR,sell,2271.72
2023-12-14,EUR,IDR,buy,16770.04
2023-12-14,EUR,IDR,sell,16941.73
2023-12-14,GBP,IDR,buy,19471.22
2023-12-14,GBP,IDR,sell,19671.63
2023-12-14,HKD,IDR,buy,1990.66
2023-12-14,HKD,IDR,sell,2010.7
2023-12-14,JPY,IDR,buy,106.6588
2023-12-14,JPY,IDR,sell,107.753
2023-12-14,KRW,IDR,buy,11.78
2023-12-14,KRW,IDR,sell,11.9
2023-12-14,KWD,IDR,buy,50412.84
2023-12-14,KWD,IDR,sell,50936.05
2023-12-14,LAK,IDR,buy,0.75
2023-12-14,LAK,IDR,sell,0.76
2023-12-14,MYR,IDR,buy,3301.67
2023-12-14,MYR,IDR,sell,3338.4
2023-12-14,NOK,IDR,buy,1414.96
2023-12-14,NOK,IDR,sell,1429.59
2023-12-14,NZD,IDR,buy,9475.13
2023-12-14,NZD,IDR,sell,9576.65
2023-12-14,PGK,IDR,buy,4058.77
2023-12-14,PGK,IDR,sell,4217.37
2023-12-14,PHP,IDR,buy,277.3
2023-12-14,PHP,IDR,sell,280.18
2023-12-14,SAR,IDR,buy,4145.68
2023-12-14,SAR,IDR,sell,4187.57
2023-12-14,SEK,IDR,buy,1486.11
2023-12-14,SEK,IDR,sell,1501.37
2023-12-14,SGD,IDR,buy,11565.41
2023-12-14,SGD,IDR,sell,11688.61
2023-12-14,THB,IDR,buy,434.14
2023-12-14,THB,IDR,sell,438.87
2023-12-14,USD,IDR,buy,15550.85
2023-12-14,USD,IDR,sell,15707.15
2023-12-14,VND,IDR,buy,0.64
2023-12-14,VND,IDR,sell,0.65
2023-12-15,AUD,IDR,buy,10345.36
2023-12-15,AUD,IDR,sell,10452.46
2023-12-15,BND,IDR,buy,11590.62
2023-12-15,BND,IDR,sell,11708
2023-12-15,CAD,IDR,buy,11437.55
2023-12-15,CAD,IDR,sell,11555.94
2023-12-15,CHF,IDR,buy,17682.42
2023-12-15,CHF,IDR,sell,17868.34
2023-12-15,CNH,IDR,buy,2156.8
2023-12-15,CNH,IDR,sell,2179.09
2023-12-15,CNY,IDR,buy,2159.67
2023-12-15,CNY,IDR,sell,2181.44
2023-12-15,DKK,IDR,buy,2249.59
2023-12-15,DKK,IDR,sell,2272.53
2023-12-15,EUR,IDR,buy,16770.56
2023-12-15,EUR,IDR,sell,16945.34
2023-12-15,GBP,IDR,buy,19457.48
2023-12-15,GBP,IDR,sell,19659.28
2023-12-15,HKD,IDR,buy,1973.97
2023-12-15,HKD,IDR,sell,1993.84
2023-12-15,JPY,IDR,buy,108.583
2023-12-15,JPY,IDR,sell,109.6975
2023-12-15,KRW,IDR,buy,11.88
2023-12-15,KRW,IDR,sell,12
2023-12-15,KWD,IDR,buy,50084.57
2023-12-15,KWD,IDR,sell,50642.26
2023-12-15,LAK,IDR,buy,0.74
2023-12-15,LAK,IDR,sell,0.76
2023-12-15,MYR,IDR,buy,3299.56
2023-12-15,MYR,IDR,sell,3336.29
2023-12-15,NOK,IDR,buy,1434.24
2023-12-15,NOK,IDR,sell,1449.06
2023-12-15,NZD,IDR,buy,9577.67
2023-12-15,NZD,IDR,sell,9680.16
2023-12-15,PGK,IDR,buy,4008.04
2023-12-15,PGK,IDR,sell,4313.02
2023-12-15,PHP,IDR,buy,276.29
2023-12-15,PHP,IDR,sell,279.19
2023-12-15,SAR,IDR,buy,4109.38
2023-12-15,SAR,IDR,sell,4150.91
2023-12-15,SEK,IDR,buy,1498.34
2023-12-15,SEK,IDR,sell,1513.84
2023-12-15,SGD,IDR,buy,11590.62
2023-12-15,SGD,IDR,sell,11708
2023-12-15,THB,IDR,buy,438.94
2023-12-15,THB,IDR,sell,443.6
2023-12-15,USD,IDR,buy,15415.53
2023-12-15,USD,IDR,sell,15570.47
2023-12-15,VND,IDR,buy,0.64
2023-12-15,VND,IDR,sell,0.64
2023-12-18,AUD,IDR,buy,10356.67
2023-12-18,AUD,IDR,sell,10463.87
2023-12-18,BND,IDR,buy,11615.58
2023-12-18,BND,IDR,sell,11736.73
2023-12-18,CAD,IDR,buy,11523.6
2023-12-18,CAD,IDR,sell,11642.89
2023-12-18,CHF,IDR,buy,17791.8
2023-12-18,CHF,IDR,sell,17972.67
2023-12-18,CNH,IDR,buy,2170.25
2023-12-18,CNH,IDR,sell,2192.18
2023-12-18,CNY,IDR,buy,2170.65
2023-12-18,CNY,IDR,sell,2192.68
2023-12-18,DKK,IDR,buy,2274.74
2023-12-18,DKK,IDR,sell,2297.77
2023-12-18,EUR,IDR,buy,16960.33
2023-12-18,EUR,IDR,sell,17137
2023-12-18,GBP,IDR,buy,19699.89
2023-12-18,GBP,IDR,sell,19899.43
2023-12-18,HKD,IDR,buy,1976.26
2023-12-18,HKD,IDR,sell,1996.25
2023-12-18,JPY,IDR,buy,108.6761
2023-12-18,JPY,IDR,sell,109.776
2023-12-18,KRW,IDR,buy,11.91
2023-12-18,KRW,IDR,sell,12.04
2023-12-18,KWD,IDR,buy,50172.35
2023-12-18,KWD,IDR,sell,50709.55
2023-12-18,LAK,IDR,buy,0.75
2023-12-18,LAK,IDR,sell,0.76
2023-12-18,MYR,IDR,buy,3303.81
2023-12-18,MYR,IDR,sell,3339.87
2023-12-18,NOK,IDR,buy,1472.91
2023-12-18,NOK,IDR,sell,1488.14
2023-12-18,NZD,IDR,buy,9580.77
2023-12-18,NZD,IDR,sell,9683.29
2023-12-18,PGK,IDR,buy,4002.91
2023-12-18,PGK,IDR,sell,4323.59
2023-12-18,PHP,IDR,buy,277.09
2023-12-18,PHP,IDR,sell,279.92
2023-12-18,SAR,IDR,buy,4111.38
2023-12-18,SAR,IDR,sell,4153.58
2023-12-18,SEK,IDR,buy,1508.38
2023-12-18,SEK,IDR,sell,1523.95
2023-12-18,SGD,IDR,buy,11615.58
2023-12-18,SGD,IDR,sell,11736.73
2023-12-18,THB,IDR,buy,443.13
2023-12-18,THB,IDR,sell,447.84
2023-12-18,USD,IDR,buy,15425.49
2023-12-18,USD,IDR,sell,15580.51
2023-12-18,VND,IDR,buy,0.64
2023-12-18,VND,IDR,sell,0.64
2023-12-19,AUD,IDR,buy,10369.99
2023-12-19,AUD,IDR,sell,10483.56
2023-12-19,BND,IDR,buy,11592.15
2023-12-19,BND,IDR,sell,11709.53
2023-12-19,CAD,IDR,buy,11535.84
2023-12-19,CAD,IDR,sell,11652.65
2023-12-19,CHF,IDR,buy,17769.82
2023-12-19,CHF,IDR,sell,17950.48
2023-12-19,CNH,IDR,buy,2163.3
2023-12-19,CNH,IDR,sell,2185.2
2023-12-19,CNY,IDR,buy,2164.55
2023-12-19,CNY,IDR,sell,2186.46
2023-12-19,DKK,IDR,buy,2261.28
2023-12-19,DKK,IDR,sell,2284.24
2023-12-19,EUR,IDR,buy,16857.21
2023-12-19,EUR,IDR,sell,17029.75
2023-12-19,GBP,IDR,buy,19591.35
2023-12-19,GBP,IDR,sell,19797.61
2023-12-19,HKD,IDR,buy,1979.21
2023-12-19,HKD,IDR,sell,1999.25
2023-12-19,JPY,IDR,buy,108.4463
2023-12-19,JPY,IDR,sell,109.5439
2023-12-19,KRW,IDR,buy,11.87
2023-12-19,KRW,IDR,sell,11.99
2023-12-19,KWD,IDR,buy,50155.68
2023-12-19,KWD,IDR,sell,50758.7
2023-12-19,LAK,IDR,buy,0.75
2023-12-19,LAK,IDR,sell,0.76
2023-12-19,MYR,IDR,buy,3286.17
2023-12-19,MYR,IDR,sell,3322.73
2023-12-19,NOK,IDR,buy,1477.54
2023-12-19,NOK,IDR,sell,1492.79
2023-12-19,NZD,IDR,buy,9632.03
2023-12-19,NZD,IDR,sell,9736.63
2023-12-19,PGK,IDR,buy,4027.88
2023-12-19,PGK,IDR,sell,4185.32
2023-12-19,PHP,IDR,buy,276.33
2023-12-19,PHP,IDR,sell,279.23
2023-12-19,SAR,IDR,buy,4115.05
2023-12-19,SAR,IDR,sell,4156.63
2023-12-19,SEK,IDR,buy,1506.19
2023-12-19,SEK,IDR,sell,1521.79
2023-12-19,SGD,IDR,buy,11592.15
2023-12-19,SGD,IDR,sell,11709.53
2023-12-19,THB,IDR,buy,440.85
2023-12-19,THB,IDR,sell,445.53
2023-12-19,USD,IDR,buy,15438.42
2023-12-19,USD,IDR,sell,15593.58
2023-12-19,VND,IDR,buy,0.63
2023-12-19,VND,IDR,sell,0.64
2023-12-20,AUD,IDR,buy,10355.59
2023-12-20,AUD,IDR,sell,10461.22
2023-12-20,BND,IDR,buy,11572.51
2023-12-20,BND,IDR,sell,11695.83
2023-12-20,CAD,IDR,buy,11517.22
2023-12-20,CAD,IDR,sell,11636.45
2023-12-20,CHF,IDR,buy,17811.67
2023-12-20,CHF,IDR,sell,17999
2023-12-20,CNH,IDR,buy,2157.13
2023-12-20,CNH,IDR,sell,2178.91
2023-12-20,CNY,IDR,buy,2158.82
2023-12-20,CNY,IDR,sell,2180.58
2023-12-20,DKK,IDR,buy,2261.51
2023-12-20,DKK,IDR,sell,2284.44
2023-12-20,EUR,IDR,buy,16858.69
2023-12-20,EUR,IDR,sell,17034.36
2023-12-20,GBP,IDR,buy,19537.07
2023-12-20,GBP,IDR,sell,19744.33
2023-12-20,HKD,IDR,buy,1977.93
2023-12-20,HKD,IDR,sell,1997.89
2023-12-20,JPY,IDR,buy,106.9639
2023-12-20,JPY,IDR,sell,108.0464
2023-12-20,KRW,IDR,buy,11.77
2023-12-20,KRW,IDR,sell,11.9
2023-12-20,KWD,IDR,buy,50092.44
2023-12-20,KWD,IDR,sell,50628.75
2023-12-20,LAK,IDR,buy,0.75
2023-12-20,LAK,IDR,sell,0.76
2023-12-20,MYR,IDR,buy,3292.46
2023-12-20,MYR,IDR,sell,3328.39
2023-12-20,NOK,IDR,buy,1482.72
2023-12-20,NOK,IDR,sell,1498.07
2023-12-20,NZD,IDR,buy,9596.51
2023-12-20,NZD,IDR,sell,9699.19
2023-12-20,PGK,IDR,buy,4025.29
2023-12-20,PGK,IDR,sell,4299.5
2023-12-20,PHP,IDR,buy,275.61
2023-12-20,PHP,IDR,sell,278.48
2023-12-20,SAR,IDR,buy,4112.72
2023-12-20,SAR,IDR,sell,4154.28
2023-12-20,SEK,IDR,buy,1507.98
2023-12-20,SEK,IDR,sell,1523.61
2023-12-20,SGD,IDR,buy,11572.51
2023-12-20,SGD,IDR,sell,11695.83
2023-12-20,THB,IDR,buy,440.81
2023-12-20,THB,IDR,sell,445.5
2023-12-20,USD,IDR,buy,15428.47
2023-12-20,USD,IDR,sell,15583.53
2023-12-20,VND,IDR,buy,0.63
2023-12-20,VND,IDR,sell,0.64
2023-12-21,AUD,IDR,buy,10439.86
2023-12-21,AUD,IDR,sell,10551.01
2023-12-21,BND,IDR,buy,11606.59
2023-12-21,BND,IDR,sell,11730.29
2023-12-21,CAD,IDR,buy,11564.84
2023-12-21,CAD,IDR,sell,11685.45
2023-12-21,CHF,IDR,buy,17917.85
2023-12-21,CHF,IDR,sell,18108.44
2023-12-21,CNH,IDR,buy,2162.41
2023-12-21,CNH,IDR,sell,2184.27
2023-12-21,CNY,IDR,buy,2163.08
2023-12-21,CNY,IDR,sell,2184.91
2023-12-21,DKK,IDR,buy,2269.44
2023-12-21,DKK,IDR,sell,2292.45
2023-12-21,EUR,IDR,buy,16920.78
2023-12-21,EUR,IDR,sell,17093.95
2023-12-21,GBP,IDR,buy,19530.74
2023-12-21,GBP,IDR,sell,19737.94
2023-12-21,HKD,IDR,buy,1977.76
2023-12-21,HKD,IDR,sell,1997.69
2023-12-21,JPY,IDR,buy,107.4897
2023-12-21,JPY,IDR,sell,108.5775
2023-12-21,KRW,IDR,buy,11.87
2023-12-21,KRW,IDR,sell,11.99
2023-12-21,KWD,IDR,buy,50149.27
2023-12-21,KWD,IDR,sell,50674.68
2023-12-21,LAK,IDR,buy,0.75
2023-12-21,LAK,IDR,sell,0.76
2023-12-21,MYR,IDR,buy,3312.11
2023-12-21,MYR,IDR,sell,3348.27
2023-12-21,NOK,IDR,buy,1501.71
2023-12-21,NOK,IDR,sell,1517.28
2023-12-21,NZD,IDR,buy,9692.83
2023-12-21,NZD,IDR,sell,9796.48
2023-12-21,PGK,IDR,buy,4011.41
2023-12-21,PGK,IDR,sell,4316.75
2023-12-21,PHP,IDR,buy,276.8
2023-12-21,PHP,IDR,sell,279.61
2023-12-21,SAR,IDR,buy,4113.11
2023-12-21,SAR,IDR,sell,4154.89
2023-12-21,SEK,IDR,buy,1520.41
2023-12-21,SEK,IDR,sell,1536.2
2023-12-21,SGD,IDR,buy,11606.59
2023-12-21,SGD,IDR,sell,11730.29
2023-12-21,THB,IDR,buy,441.99
2023-12-21,THB,IDR,sell,446.82
2023-12-21,USD,IDR,buy,15434.44
2023-12-21,USD,IDR,sell,15589.56
2023-12-21,VND,IDR,buy,0.63
2023-12-21,VND,IDR,sell,0.64
2023-12-22,AUD,IDR,buy,10429.26
2023-12-22,AUD,IDR,sell,10535.64
2023-12-22,BND,IDR,buy,11617.93
2023-12-22,BND,IDR,sell,11741.76
2023-12-22,CAD,IDR,buy,11573.56
2023-12-22,CAD,IDR,sell,11695.14
2023-12-22,CHF,IDR,buy,17919.22
2023-12-22,CHF,IDR,sell,18109.83
2023-12-22,CNH,IDR,buy,2161.74
2023-12-22,CNH,IDR,sell,2183.59
2023-12-22,CNY,IDR,buy,2163.07
2023-12-22,CNY,IDR,sell,2184.99
2023-12-22,DKK,IDR,buy,2269.01
2023-12-22,DKK,IDR,sell,2292.05
2023-12-22,EUR,IDR,buy,16917.4
2023-12-22,EUR,IDR,sell,17093.68
2023-12-22,GBP,IDR,buy,19537.08
2023-12-22,GBP,IDR,sell,19739.69
2023-12-22,HKD,IDR,buy,1979.63
2023-12-22,HKD,IDR,sell,1999.55
2023-12-22,JPY,IDR,buy,107.8755
2023-12-22,JPY,IDR,sell,108.9674
2023-12-22,KRW,IDR,buy,11.84
2023-12-22,KRW,IDR,sell,11.96
2023-12-22,KWD,IDR,buy,50244.9
2023-12-22,KWD,IDR,sell,50766.41
2023-12-22,LAK,IDR,buy,0.75
2023-12-22,LAK,IDR,sell,0.76
2023-12-22,MYR,IDR,buy,3319.44
2023-12-22,MYR,IDR,sell,3356.41
2023-12-22,NOK,IDR,buy,1496.71
2023-12-22,NOK,IDR,sell,1512.4
2023-12-22,NZD,IDR,buy,9651.85
2023-12-22,NZD,IDR,sell,9755.11
2023-12-22,PGK,IDR,buy,4015.29
2023-12-22,PGK,IDR,sell,4321.03
2023-12-22,PHP,IDR,buy,277.92
2023-12-22,PHP,IDR,sell,280.87
2023-12-22,SAR,IDR,buy,4119.88
2023-12-22,SAR,IDR,sell,4161.51
2023-12-22,SEK,IDR,buy,1520.91
2023-12-22,SEK,IDR,sell,1536.5
2023-12-22,SGD,IDR,buy,11617.93
2023-12-22,SGD,IDR,sell,11741.76
2023-12-22,THB,IDR,buy,442.72
2023-12-22,THB,IDR,sell,447.55
2023-12-22,USD,IDR,buy,15455.33
2023-12-22,USD,IDR,sell,15610.67
2023-12-22,VND,IDR,buy,0.64
2023-12-22,VND,IDR,sell,0.64
2023-12-27,AUD,IDR,buy,10453.66
2023-12-27,AUD,IDR,sell,10560.27
2023-12-27,BND,IDR,buy,11634
2023-12-27,BND,IDR,sell,11751.8
2023-12-27,CAD,IDR,buy,11605.96
2023-12-27,CAD,IDR,sell,11728.78
2023-12-27,CHF,IDR,buy,17991.55
2023-12-27,CHF,IDR,sell,18185.09
2023-12-27,CNH,IDR,buy,2155.58
2023-12-27,CNH,IDR,sell,2177.37
2023-12-27,CNY,IDR,buy,2157.33
2023-12-27,CNY,IDR,sell,2179.07
2023-12-27,DKK,IDR,buy,2274.27
2023-12-27,DKK,IDR,sell,2297.32
2023-12-27,EUR,IDR,buy,16954.26
2023-12-27,EUR,IDR,sell,17130.87
2023-12-27,GBP,IDR,buy,19557.27
2023-12-27,GBP,IDR,sell,19764.71
2023-12-27,HKD,IDR,buy,1972.2
2023-12-27,HKD,IDR,sell,1992.1
2023-12-27,JPY,IDR,buy,108.3033
2023-12-27,JPY,IDR,sell,109.3994
2023-12-27,KRW,IDR,buy,11.84
2023-12-27,KRW,IDR,sell,11.96
2023-12-27,KWD,IDR,buy,50112.38
2023-12-27,KWD,IDR,sell,50688.51
2023-12-27,LAK,IDR,buy,0.75
2023-12-27,LAK,IDR,sell,0.76
2023-12-27,MYR,IDR,buy,3325.04
2023-12-27,MYR,IDR,sell,3362.08
2023-12-27,NOK,IDR,buy,1500.67
2023-12-27,NOK,IDR,sell,1516.31
2023-12-27,NZD,IDR,buy,9680
2023-12-27,NZD,IDR,sell,9783.51
2023-12-27,PGK,IDR,buy,4003.92
2023-12-27,PGK,IDR,sell,4308.79
2023-12-27,PHP,IDR,buy,278.14
2023-12-27,PHP,IDR,sell,281.03
2023-12-27,SAR,IDR,buy,4108
2023-12-27,SAR,IDR,sell,4149.83
2023-12-27,SEK,IDR,buy,1527.05
2023-12-27,SEK,IDR,sell,1542.82
2023-12-27,SGD,IDR,buy,11634
2023-12-27,SGD,IDR,sell,11751.8
2023-12-27,THB,IDR,buy,444.91
2023-12-27,THB,IDR,sell,449.77
2023-12-27,USD,IDR,buy,15411.56
2023-12-27,USD,IDR,sell,15566.44
2023-12-27,VND,IDR,buy,0.63
2023-12-27,VND,IDR,sell,0.64
2023-12-28,AUD,IDR,buy,10470.52
2023-12-28,AUD,IDR,sell,10578.85
2023-12-28,BND,IDR,buy,11596.92
2023-12-28,BND,IDR,sell,11717.9
2023-12-28,CAD,IDR,buy,11618.01
2023-12-28,CAD,IDR,sell,11738.33
2023-12-28,CHF,IDR,buy,17954.73
2023-12-28,CHF,IDR,sell,18143.68
2023-12-28,CNH,IDR,buy,2145.84
2023-12-28,CNH,IDR,sell,2167.49
2023-12-28,CNY,IDR,buy,2146.8
2023-12-28,CNY,IDR,sell,2168.46
2023-12-28,DKK,IDR,buy,2271.13
2023-12-28,DKK,IDR,sell,2294.29
2023-12-28,EUR,IDR,buy,16931.97
2023-12-28,EUR,IDR,sell,17108.34
2023-12-28,GBP,IDR,buy,19510.11
2023-12-28,GBP,IDR,sell,19712.39
2023-12-28,HKD,IDR,buy,1963.25
2023-12-28,HKD,IDR,sell,1983.09
2023-12-28,JPY,IDR,buy,107.4843
2023-12-28,JPY,IDR,sell,108.5873
2023-12-28,KRW,IDR,buy,11.85
2023-12-28,KRW,IDR,sell,11.97
2023-12-28,KWD,IDR,buy,49850.26
2023-12-28,KWD,IDR,sell,50416.81
2023-12-28,LAK,IDR,buy,0.74
2023-12-28,LAK,IDR,sell,0.76
2023-12-28,MYR,IDR,buy,3308.22
2023-12-28,MYR,IDR,sell,3345.8
2023-12-28,NOK,IDR,buy,1506.83
2023-12-28,NOK,IDR,sell,1522.42
2023-12-28,NZD,IDR,buy,9699.07
2023-12-28,NZD,IDR,sell,9802.75
2023-12-28,PGK,IDR,buy,3999.87
2023-12-28,PGK,IDR,sell,4272.44
2023-12-28,PHP,IDR,buy,275.65
2023-12-28,PHP,IDR,sell,278.62
2023-12-28,SAR,IDR,buy,4088.76
2023-12-28,SAR,IDR,sell,4130.73
2023-12-28,SEK,IDR,buy,1532.04
2023-12-28,SEK,IDR,sell,1547.9
2023-12-28,SGD,IDR,buy,11596.92
2023-12-28,SGD,IDR,sell,11717.9
2023-12-28,THB,IDR,buy,445.58
2023-12-28,THB,IDR,sell,450.32
2023-12-28,USD,IDR,buy,15336.93
2023-12-28,USD,IDR,sell,15491.07
2023-12-28,VND,IDR,buy,0.63
2023-12-28,VND,IDR,sell,0.64
2023-12-29,AUD,IDR,buy,10508.69
2023-12-29,AUD,IDR,sell,10622.06
2023-12-29,BND,IDR,buy,11649.52
2023-12-29,BND,IDR,sell,11773.75
2023-12-29,CAD,IDR,buy,11628.32
2023-12-29,CAD,IDR,sell,11748.75
2023-12-29,CHF,IDR,buy,18278.03
2023-12-29,CHF,IDR,sell,18470.53
2023-12-29,CNH,IDR,buy,2157.59
2023-12-29,CNH,IDR,sell,2179.51
2023-12-29,CNY,IDR,buy,2158.74
2023-12-29,CNY,IDR,sell,2180.59
2023-12-29,DKK,IDR,buy,2287.48
2023-12-29,DKK,IDR,sell,2310.81
2023-12-29,EUR,IDR,buy,17050.74
2023-12-29,EUR,IDR,sell,17228.3
2023-12-29,GBP,IDR,buy,19658.36
2023-12-29,GBP,IDR,sell,19862.13
2023-12-29,HKD,IDR,buy,1962.8
2023-12-29,HKD,IDR,sell,1982.61
2023-12-29,JPY,IDR,buy,108.9876
2023-12-29,JPY,IDR,sell,110.1065
2023-12-29,KRW,IDR,buy,11.91
2023-12-29,KRW,IDR,sell,12.03
2023-12-29,KWD,IDR,buy,49960.65
2023-12-29,KWD,IDR,sell,50479.21
2023-12-29,LAK,IDR,buy,0.74
2023-12-29,LAK,IDR,sell,0.76
2023-12-29,MYR,IDR,buy,3323.71
2023-12-29,MYR,IDR,sell,3360.75
2023-12-29,NOK,IDR,buy,1522.26
2023-12-29,NOK,IDR,sell,1538.31
2023-12-29,NZD,IDR,buy,9744.82
2023-12-29,NZD,IDR,sell,9848.95
2023-12-29,PGK,IDR,buy,3985.05
2023-12-29,PGK,IDR,sell,4288.48
2023-12-29,PHP,IDR,buy,276.33
2023-12-29,PHP,IDR,sell,279.2
2023-12-29,SAR,IDR,buy,4089.72
2023-12-29,SAR,IDR,sell,4131.49
2023-12-29,SEK,IDR,buy,1546.04
2023-12-29,SEK,IDR,sell,1561.8
2023-12-29,SGD,IDR,buy,11649.52
2023-12-29,SGD,IDR,sell,11773.75
2023-12-29,THB,IDR,buy,449.43
2023-12-29,THB,IDR,sell,454.34
2023-12-29,USD,IDR,buy,15338.92
2023-12-29,USD,IDR,sell,15493.08
2023-12-29,VND,IDR,buy,0.63
2023-12-29,VND,IDR,sell,0.64
