date,base,quote,type,value
2016-01-05,AUD,KHR,buy,2911
2016-01-05,AUD,KHR,middle,2925.5
2016-01-05,AUD,KHR,sell,2940
2016-01-05,CAD,KHR,buy,2908
2016-01-05,CAD,KHR,middle,2922.5
2016-01-05,CAD,KHR,sell,2937
2016-01-05,CHF,KHR,buy,4040
2016-01-05,CHF,KHR,middle,4060
2016-01-05,CHF,KHR,sell,4080
2016-01-05,CNH,KHR,buy,611
2016-01-05,CNH,KHR,middle,614
2016-01-05,CNH,KHR,sell,617
2016-01-05,CNY,KHR,buy,620
2016-01-05,CNY,KHR,middle,623
2016-01-05,CNY,KHR,sell,626
2016-01-05,EUR,KHR,buy,4384
2016-01-05,EUR,KHR,middle,4406
2016-01-05,EUR,KHR,sell,4428
2016-01-05,GBP,KHR,buy,5959
2016-01-05,GBP,KHR,middle,5988.5
2016-01-05,GBP,KHR,sell,6018
2016-01-05,HKD,KHR,buy,523
2016-01-05,HKD,KHR,middle,525.5
2016-01-05,HKD,KHR,sell,528
2016-01-05,IDR,KHR,buy,0.291
2016-01-05,IDR,KHR,middle,0.2925
2016-01-05,IDR,KHR,sell,0.294
2016-01-05,INR,KHR,buy,60.8
2016-01-05,INR,KHR,middle,61.105
2016-01-05,INR,KHR,sell,61.41
2016-01-05,JPY,KHR,buy,33.92
2016-01-05,JPY,KHR,middle,34.09
2016-01-05,JPY,KHR,sell,34.26
2016-01-05,KRW,KHR,buy,3.41
2016-01-05,KRW,KHR,middle,3.425
2016-01-05,KRW,KHR,sell,3.44
2016-01-05,LAK,KHR,buy,0.497
2016-01-05,LAK,KHR,middle,0.4995
2016-01-05,LAK,KHR,sell,0.502
2016-01-05,MMK,KHR,buy,3.12
2016-01-05,MMK,KHR,middle,3.135
2016-01-05,MMK,KHR,sell,3.15
2016-01-05,MYR,KHR,buy,930
2016-01-05,MYR,KHR,middle,934.5
2016-01-05,MYR,KHR,sell,939
2016-01-05,NZD,KHR,buy,2733
2016-01-05,NZD,KHR,middle,2746.5
2016-01-05,NZD,KHR,sell,2760
2016-01-05,PHP,KHR,buy,85.99
2016-01-05,PHP,KHR,middle,86.42
2016-01-05,PHP,KHR,sell,86.85
2016-01-05,SDR,KHR,buy,5620
2016-01-05,SDR,KHR,middle,5648
2016-01-05,SDR,KHR,sell,5676
2016-01-05,SEK,KHR,buy,477
2016-01-05,SEK,KHR,middle,479
2016-01-05,SEK,KHR,sell,481
2016-01-05,SGD,KHR,buy,2842
2016-01-05,SGD,KHR,middle,2856
2016-01-05,SGD,KHR,sell,2870
2016-01-05,THB,KHR,buy,112
2016-01-05,THB,KHR,middle,112.5
2016-01-05,THB,KHR,sell,113
2016-01-05,TWD,KHR,buy,123
2016-01-05,TWD,KHR,middle,123.5
2016-01-05,TWD,KHR,sell,124
2016-01-05,USD,KHR,reference,4050
2016-01-05,VND,KHR,buy,0.18
2016-01-05,VND,KHR,middle,0.181
2016-01-05,VND,KHR,sell,0.182
2016-01-06,AUD,KHR,buy,2899
2016-01-06,AUD,KHR,middle,2913.5
2016-01-06,AUD,KHR,sell,2928
2016-01-06,CAD,KHR,buy,2895
2016-01-06,CAD,KHR,middle,2909
2016-01-06,CAD,KHR,sell,2923
2016-01-06,CHF,KHR,buy,4013
2016-01-06,CHF,KHR,middle,4033.5
2016-01-06,CHF,KHR,sell,4054
2016-01-06,CNH,KHR,buy,609
2016-01-06,CNH,KHR,middle,612
2016-01-06,CNH,KHR,sell,615
2016-01-06,CNY,KHR,buy,621
2016-01-06,CNY,KHR,middle,624.5
2016-01-06,CNY,KHR,sell,628
2016-01-06,EUR,KHR,buy,4351
2016-01-06,EUR,KHR,middle,4372.5
2016-01-06,EUR,KHR,sell,4394
2016-01-06,GBP,KHR,buy,5940
2016-01-06,GBP,KHR,middle,5969.5
2016-01-06,GBP,KHR,sell,5999
2016-01-06,HKD,KHR,buy,522
2016-01-06,HKD,KHR,middle,524.5
2016-01-06,HKD,KHR,sell,527
2016-01-06,IDR,KHR,buy,0.292
2016-01-06,IDR,KHR,middle,0.293
2016-01-06,IDR,KHR,sell,0.294
2016-01-06,INR,KHR,buy,60.79
2016-01-06,INR,KHR,middle,61.095
2016-01-06,INR,KHR,sell,61.4
2016-01-06,JPY,KHR,buy,33.99
2016-01-06,JPY,KHR,middle,34.16
2016-01-06,JPY,KHR,sell,34.33
2016-01-06,KRW,KHR,buy,3.4
2016-01-06,KRW,KHR,middle,3.42
2016-01-06,KRW,KHR,sell,3.44
2016-01-06,LAK,KHR,buy,0.496
2016-01-06,LAK,KHR,middle,0.4985
2016-01-06,LAK,KHR,sell,0.501
2016-01-06,MMK,KHR,buy,3.16
2016-01-06,MMK,KHR,middle,3.175
2016-01-06,MMK,KHR,sell,3.19
2016-01-06,MYR,KHR,buy,930
2016-01-06,MYR,KHR,middle,934.5
2016-01-06,MYR,KHR,sell,939
2016-01-06,NZD,KHR,buy,2711
2016-01-06,NZD,KHR,middle,2724.5
2016-01-06,NZD,KHR,sell,2738
2016-01-06,PHP,KHR,buy,86.35
2016-01-06,PHP,KHR,middle,86.78
2016-01-06,PHP,KHR,sell,87.21
2016-01-06,SDR,KHR,buy,5585
2016-01-06,SDR,KHR,middle,5612.5
2016-01-06,SDR,KHR,sell,5640
2016-01-06,SEK,KHR,buy,471
2016-01-06,SEK,KHR,middle,473.5
2016-01-06,SEK,KHR,sell,476
2016-01-06,SGD,KHR,buy,2839
2016-01-06,SGD,KHR,middle,2853.5
2016-01-06,SGD,KHR,sell,2868
2016-01-06,THB,KHR,buy,112
2016-01-06,THB,KHR,middle,112.5
2016-01-06,THB,KHR,sell,113
2016-01-06,TWD,KHR,buy,122
2016-01-06,TWD,KHR,middle,123
2016-01-06,TWD,KHR,sell,124
2016-01-06,USD,KHR,reference,4048
2016-01-06,VND,KHR,buy,0.18
2016-01-06,VND,KHR,middle,0.181
2016-01-06,VND,KHR,sell,0.182
2016-01-08,AUD,KHR,buy,2837
2016-01-08,AUD,KHR,middle,2851.5
2016-01-08,AUD,KHR,sell,2866
2016-01-08,CAD,KHR,buy,2869
2016-01-08,CAD,KHR,middle,2883
2016-01-08,CAD,KHR,sell,2897
2016-01-08,CHF,KHR,buy,4072
2016-01-08,CHF,KHR,middle,4092.5
2016-01-08,CHF,KHR,sell,4113
2016-01-08,CNH,KHR,buy,606
2016-01-08,CNH,KHR,middle,609
2016-01-08,CNH,KHR,sell,612
2016-01-08,CNY,KHR,buy,614
2016-01-08,CNY,KHR,middle,617
2016-01-08,CNY,KHR,sell,620
2016-01-08,EUR,KHR,buy,4420
2016-01-08,EUR,KHR,middle,4442
2016-01-08,EUR,KHR,sell,4464
2016-01-08,GBP,KHR,buy,5917
2016-01-08,GBP,KHR,middle,5946.5
2016-01-08,GBP,KHR,sell,5976
2016-01-08,HKD,KHR,buy,522
2016-01-08,HKD,KHR,middle,524.5
2016-01-08,HKD,KHR,sell,527
2016-01-08,IDR,KHR,buy,0.291
2016-01-08,IDR,KHR,middle,0.2925
2016-01-08,IDR,KHR,sell,0.294
2016-01-08,INR,KHR,buy,60.49
2016-01-08,INR,KHR,middle,60.795
2016-01-08,INR,KHR,sell,61.1
2016-01-08,JPY,KHR,buy,34.42
2016-01-08,JPY,KHR,middle,34.59
2016-01-08,JPY,KHR,sell,34.76
2016-01-08,KRW,KHR,buy,3.38
2016-01-08,KRW,KHR,middle,3.4
2016-01-08,KRW,KHR,sell,3.42
2016-01-08,LAK,KHR,buy,0.496
2016-01-08,LAK,KHR,middle,0.4985
2016-01-08,LAK,KHR,sell,0.501
2016-01-08,MMK,KHR,buy,3.18
2016-01-08,MMK,KHR,middle,3.2
2016-01-08,MMK,KHR,sell,3.22
2016-01-08,MYR,KHR,buy,923
2016-01-08,MYR,KHR,middle,927.5
2016-01-08,MYR,KHR,sell,932
2016-01-08,NZD,KHR,buy,2679
2016-01-08,NZD,KHR,middle,2692.5
2016-01-08,NZD,KHR,sell,2706
2016-01-08,PHP,KHR,buy,85.97
2016-01-08,PHP,KHR,middle,86.4
2016-01-08,PHP,KHR,sell,86.83
2016-01-08,SDR,KHR,buy,5604
2016-01-08,SDR,KHR,middle,5632
2016-01-08,SDR,KHR,sell,5660
2016-01-08,SEK,KHR,buy,478
2016-01-08,SEK,KHR,middle,480.5
2016-01-08,SEK,KHR,sell,483
2016-01-08,SGD,KHR,buy,2824
2016-01-08,SGD,KHR,middle,2838
2016-01-08,SGD,KHR,sell,2852
2016-01-08,THB,KHR,buy,112
2016-01-08,THB,KHR,middle,112.5
2016-01-08,THB,KHR,sell,113
2016-01-08,TWD,KHR,buy,122
2016-01-08,TWD,KHR,middle,122.5
2016-01-08,TWD,KHR,sell,123
2016-01-08,USD,KHR,reference,4048
2016-01-08,VND,KHR,buy,0.18
2016-01-08,VND,KHR,middle,0.181
2016-01-08,VND,KHR,sell,0.182
2016-01-11,AUD,KHR,buy,2808
2016-01-11,AUD,KHR,middle,2822
2016-01-11,AUD,KHR,sell,2836
2016-01-11,CAD,KHR,buy,2852
2016-01-11,CAD,KHR,middle,2866
2016-01-11,CAD,KHR,sell,2880
2016-01-11,CHF,KHR,buy,4072
2016-01-11,CHF,KHR,middle,4092.5
2016-01-11,CHF,KHR,sell,4113
2016-01-11,CNH,KHR,buy,603
2016-01-11,CNH,KHR,middle,606
2016-01-11,CNH,KHR,sell,609
2016-01-11,CNY,KHR,buy,614
2016-01-11,CNY,KHR,middle,617
2016-01-11,CNY,KHR,sell,620
2016-01-11,EUR,KHR,buy,4421
2016-01-11,EUR,KHR,middle,4443
2016-01-11,EUR,KHR,sell,4465
2016-01-11,GBP,KHR,buy,5873
2016-01-11,GBP,KHR,middle,5902.5
2016-01-11,GBP,KHR,sell,5932
2016-01-11,HKD,KHR,buy,521
2016-01-11,HKD,KHR,middle,523.5
2016-01-11,HKD,KHR,sell,526
2016-01-11,IDR,KHR,buy,0.291
2016-01-11,IDR,KHR,middle,0.292
2016-01-11,IDR,KHR,sell,0.293
2016-01-11,INR,KHR,buy,60.71
2016-01-11,INR,KHR,middle,61.015
2016-01-11,INR,KHR,sell,61.32
2016-01-11,JPY,KHR,buy,34.54
2016-01-11,JPY,KHR,middle,34.71
2016-01-11,JPY,KHR,sell,34.88
2016-01-11,KRW,KHR,buy,3.34
2016-01-11,KRW,KHR,middle,3.36
2016-01-11,KRW,KHR,sell,3.38
2016-01-11,LAK,KHR,buy,0.497
2016-01-11,LAK,KHR,middle,0.499
2016-01-11,LAK,KHR,sell,0.501
2016-01-11,MMK,KHR,buy,3.15
2016-01-11,MMK,KHR,middle,3.17
2016-01-11,MMK,KHR,sell,3.19
2016-01-11,MYR,KHR,buy,915
2016-01-11,MYR,KHR,middle,920
2016-01-11,MYR,KHR,sell,925
2016-01-11,NZD,KHR,buy,2634
2016-01-11,NZD,KHR,middle,2647
2016-01-11,NZD,KHR,sell,2660
2016-01-11,PHP,KHR,buy,85.77
2016-01-11,PHP,KHR,middle,86.2
2016-01-11,PHP,KHR,sell,86.63
2016-01-11,SDR,KHR,buy,5600
2016-01-11,SDR,KHR,middle,5628
2016-01-11,SDR,KHR,sell,5656
2016-01-11,SEK,KHR,buy,476
2016-01-11,SEK,KHR,middle,478.5
2016-01-11,SEK,KHR,sell,481
2016-01-11,SGD,KHR,buy,2806
2016-01-11,SGD,KHR,middle,2820
2016-01-11,SGD,KHR,sell,2834
2016-01-11,THB,KHR,buy,111
2016-01-11,THB,KHR,middle,111.5
2016-01-11,THB,KHR,sell,112
2016-01-11,TWD,KHR,buy,121
2016-01-11,TWD,KHR,middle,122
2016-01-11,TWD,KHR,sell,123
2016-01-11,USD,KHR,reference,4045
2016-01-11,VND,KHR,buy,0.18
2016-01-11,VND,KHR,middle,0.181
2016-01-11,VND,KHR,sell,0.182
2016-01-13,AUD,KHR,buy,2825
2016-01-13,AUD,KHR,middle,2839
2016-01-13,AUD,KHR,sell,2853
2016-01-13,CAD,KHR,buy,2838
2016-01-13,CAD,KHR,middle,2852
2016-01-13,CAD,KHR,sell,2866
2016-01-13,CHF,KHR,buy,4035
2016-01-13,CHF,KHR,middle,4055
2016-01-13,CHF,KHR,sell,4075
2016-01-13,CNH,KHR,buy,615
2016-01-13,CNH,KHR,middle,618
2016-01-13,CNH,KHR,sell,621
2016-01-13,CNY,KHR,buy,616
2016-01-13,CNY,KHR,middle,619
2016-01-13,CNY,KHR,sell,622
2016-01-13,EUR,KHR,buy,4388
2016-01-13,EUR,KHR,middle,4409.5
2016-01-13,EUR,KHR,sell,4431
2016-01-13,GBP,KHR,buy,5839
2016-01-13,GBP,KHR,middle,5868
2016-01-13,GBP,KHR,sell,5897
2016-01-13,HKD,KHR,buy,521
2016-01-13,HKD,KHR,middle,523.5
2016-01-13,HKD,KHR,sell,526
2016-01-13,IDR,KHR,buy,0.291
2016-01-13,IDR,KHR,middle,0.2925
2016-01-13,IDR,KHR,sell,0.294
2016-01-13,INR,KHR,buy,60.5
2016-01-13,INR,KHR,middle,60.8
2016-01-13,INR,KHR,sell,61.1
2016-01-13,JPY,KHR,buy,34.33
2016-01-13,JPY,KHR,middle,34.505
2016-01-13,JPY,KHR,sell,34.68
2016-01-13,KRW,KHR,buy,3.35
2016-01-13,KRW,KHR,middle,3.365
2016-01-13,KRW,KHR,sell,3.38
2016-01-13,LAK,KHR,buy,0.496
2016-01-13,LAK,KHR,middle,0.4985
2016-01-13,LAK,KHR,sell,0.501
2016-01-13,MMK,KHR,buy,3.17
2016-01-13,MMK,KHR,middle,3.19
2016-01-13,MMK,KHR,sell,3.21
2016-01-13,MYR,KHR,buy,918
2016-01-13,MYR,KHR,middle,922.5
2016-01-13,MYR,KHR,sell,927
2016-01-13,NZD,KHR,buy,2644
2016-01-13,NZD,KHR,middle,2657
2016-01-13,NZD,KHR,sell,2670
2016-01-13,PHP,KHR,buy,85.38
2016-01-13,PHP,KHR,middle,85.81
2016-01-13,PHP,KHR,sell,86.24
2016-01-13,SDR,KHR,buy,5591
2016-01-13,SDR,KHR,middle,5619
2016-01-13,SDR,KHR,sell,5647
2016-01-13,SEK,KHR,buy,474
2016-01-13,SEK,KHR,middle,476.5
2016-01-13,SEK,KHR,sell,479
2016-01-13,SGD,KHR,buy,2814
2016-01-13,SGD,KHR,middle,2828
2016-01-13,SGD,KHR,sell,2842
2016-01-13,THB,KHR,buy,111
2016-01-13,THB,KHR,middle,112
2016-01-13,THB,KHR,sell,113
2016-01-13,TWD,KHR,buy,121
2016-01-13,TWD,KHR,middle,121.5
2016-01-13,TWD,KHR,sell,122
2016-01-13,USD,KHR,reference,4045
2016-01-13,VND,KHR,buy,0.18
2016-01-13,VND,KHR,middle,0.181
2016-01-13,VND,KHR,sell,0.182
2016-01-14,AUD,KHR,buy,2806
2016-01-14,AUD,KHR,middle,2820
2016-01-14,AUD,KHR,sell,2834
2016-01-14,CAD,KHR,buy,2818
2016-01-14,CAD,KHR,middle,2832
2016-01-14,CAD,KHR,sell,2846
2016-01-14,CHF,KHR,buy,4022
2016-01-14,CHF,KHR,middle,4042
2016-01-14,CHF,KHR,sell,4062
2016-01-14,CNH,KHR,buy,615
2016-01-14,CNH,KHR,middle,618
2016-01-14,CNH,KHR,sell,621
2016-01-14,CNY,KHR,buy,615
2016-01-14,CNY,KHR,middle,618
2016-01-14,CNY,KHR,sell,621
2016-01-14,EUR,KHR,buy,4405
2016-01-14,EUR,KHR,middle,4427
2016-01-14,EUR,KHR,sell,4449
2016-01-14,GBP,KHR,buy,5831
2016-01-14,GBP,KHR,middle,5860
2016-01-14,GBP,KHR,sell,5889
2016-01-14,HKD,KHR,buy,521
2016-01-14,HKD,KHR,middle,523.5
2016-01-14,HKD,KHR,sell,526
2016-01-14,IDR,KHR,buy,0.292
2016-01-14,IDR,KHR,middle,0.2935
2016-01-14,IDR,KHR,sell,0.295
2016-01-14,INR,KHR,buy,60.51
2016-01-14,INR,KHR,middle,60.81
2016-01-14,INR,KHR,sell,61.11
2016-01-14,JPY,KHR,buy,34.46
2016-01-14,JPY,KHR,middle,34.635
2016-01-14,JPY,KHR,sell,34.81
2016-01-14,KRW,KHR,buy,3.34
2016-01-14,KRW,KHR,middle,3.355
2016-01-14,KRW,KHR,sell,3.37
2016-01-14,LAK,KHR,buy,0.496
2016-01-14,LAK,KHR,middle,0.4985
2016-01-14,LAK,KHR,sell,0.501
2016-01-14,MMK,KHR,buy,3.19
2016-01-14,MMK,KHR,middle,3.205
2016-01-14,MMK,KHR,sell,3.22
2016-01-14,MYR,KHR,buy,920
2016-01-14,MYR,KHR,middle,924.5
2016-01-14,MYR,KHR,sell,929
2016-01-14,NZD,KHR,buy,2623
2016-01-14,NZD,KHR,middle,2636
2016-01-14,NZD,KHR,sell,2649
2016-01-14,PHP,KHR,buy,85.15
2016-01-14,PHP,KHR,middle,85.58
2016-01-14,PHP,KHR,sell,86.01
2016-01-14,SDR,KHR,buy,5582
2016-01-14,SDR,KHR,middle,5610
2016-01-14,SDR,KHR,sell,5638
2016-01-14,SEK,KHR,buy,475
2016-01-14,SEK,KHR,middle,477.5
2016-01-14,SEK,KHR,sell,480
2016-01-14,SGD,KHR,buy,2813
2016-01-14,SGD,KHR,middle,2827
2016-01-14,SGD,KHR,sell,2841
2016-01-14,THB,KHR,buy,111
2016-01-14,THB,KHR,middle,112
2016-01-14,THB,KHR,sell,113
2016-01-14,TWD,KHR,buy,121
2016-01-14,TWD,KHR,middle,121.5
2016-01-14,TWD,KHR,sell,122
2016-01-14,USD,KHR,reference,4045
2016-01-14,VND,KHR,buy,0.181
2016-01-14,VND,KHR,middle,0.1815
2016-01-14,VND,KHR,sell,0.182
2016-01-15,AUD,KHR,buy,2828
2016-01-15,AUD,KHR,middle,2842.5
2016-01-15,AUD,KHR,sell,2857
2016-01-15,CAD,KHR,buy,2819
2016-01-15,CAD,KHR,middle,2833
2016-01-15,CAD,KHR,sell,2847
2016-01-15,CHF,KHR,buy,4024
2016-01-15,CHF,KHR,middle,4044
2016-01-15,CHF,KHR,sell,4064
2016-01-15,CNH,KHR,buy,613
2016-01-15,CNH,KHR,middle,616
2016-01-15,CNH,KHR,sell,619
2016-01-15,CNY,KHR,buy,614
2016-01-15,CNY,KHR,middle,617
2016-01-15,CNY,KHR,sell,620
2016-01-15,EUR,KHR,buy,4392
2016-01-15,EUR,KHR,middle,4414
2016-01-15,EUR,KHR,sell,4436
2016-01-15,GBP,KHR,buy,5833
2016-01-15,GBP,KHR,middle,5862
2016-01-15,GBP,KHR,sell,5891
2016-01-15,HKD,KHR,buy,520
2016-01-15,HKD,KHR,middle,522.5
2016-01-15,HKD,KHR,sell,525
2016-01-15,IDR,KHR,buy,0.291
2016-01-15,IDR,KHR,middle,0.2925
2016-01-15,IDR,KHR,sell,0.294
2016-01-15,INR,KHR,buy,60.11
2016-01-15,INR,KHR,middle,60.41
2016-01-15,INR,KHR,sell,60.71
2016-01-15,JPY,KHR,buy,34.22
2016-01-15,JPY,KHR,middle,34.395
2016-01-15,JPY,KHR,sell,34.57
2016-01-15,KRW,KHR,buy,3.35
2016-01-15,KRW,KHR,middle,3.365
2016-01-15,KRW,KHR,sell,3.38
2016-01-15,LAK,KHR,buy,0.496
2016-01-15,LAK,KHR,middle,0.4985
2016-01-15,LAK,KHR,sell,0.501
2016-01-15,MMK,KHR,buy,3.16
2016-01-15,MMK,KHR,middle,3.175
2016-01-15,MMK,KHR,sell,3.19
2016-01-15,MYR,KHR,buy,924
2016-01-15,MYR,KHR,middle,928.5
2016-01-15,MYR,KHR,sell,933
2016-01-15,NZD,KHR,buy,2624
2016-01-15,NZD,KHR,middle,2637
2016-01-15,NZD,KHR,sell,2650
2016-01-15,PHP,KHR,buy,84.71
2016-01-15,PHP,KHR,middle,85.135
2016-01-15,PHP,KHR,sell,85.56
2016-01-15,SDR,KHR,buy,5602
2016-01-15,SDR,KHR,middle,5630
2016-01-15,SDR,KHR,sell,5658
2016-01-15,SEK,KHR,buy,473
2016-01-15,SEK,KHR,middle,475.5
2016-01-15,SEK,KHR,sell,478
2016-01-15,SGD,KHR,buy,2816
2016-01-15,SGD,KHR,middle,2830
2016-01-15,SGD,KHR,sell,2844
2016-01-15,THB,KHR,buy,111
2016-01-15,THB,KHR,middle,112
2016-01-15,THB,KHR,sell,113
2016-01-15,TWD,KHR,buy,121
2016-01-15,TWD,KHR,middle,121.5
2016-01-15,TWD,KHR,sell,122
2016-01-15,USD,KHR,reference,4045
2016-01-15,VND,KHR,buy,0.18
2016-01-15,VND,KHR,middle,0.181
2016-01-15,VND,KHR,sell,0.182
2016-01-18,AUD,KHR,buy,2773
2016-01-18,AUD,KHR,middle,2787
2016-01-18,AUD,KHR,sell,2801
2016-01-18,CAD,KHR,buy,2774
2016-01-18,CAD,KHR,middle,2788
2016-01-18,CAD,KHR,sell,2802
2016-01-18,CHF,KHR,buy,4038
2016-01-18,CHF,KHR,middle,4058.5
2016-01-18,CHF,KHR,sell,4079
2016-01-18,CNH,KHR,buy,614
2016-01-18,CNH,KHR,middle,617
2016-01-18,CNH,KHR,sell,620
2016-01-18,CNY,KHR,buy,614
2016-01-18,CNY,KHR,middle,617
2016-01-18,CNY,KHR,sell,620
2016-01-18,EUR,KHR,buy,4417
2016-01-18,EUR,KHR,middle,4439
2016-01-18,EUR,KHR,sell,4461
2016-01-18,GBP,KHR,buy,5768
2016-01-18,GBP,KHR,middle,5797
2016-01-18,GBP,KHR,sell,5826
2016-01-18,HKD,KHR,buy,519
2016-01-18,HKD,KHR,middle,521.5
2016-01-18,HKD,KHR,sell,524
2016-01-18,IDR,KHR,buy,0.291
2016-01-18,IDR,KHR,middle,0.2925
2016-01-18,IDR,KHR,sell,0.294
2016-01-18,INR,KHR,buy,59.82
2016-01-18,INR,KHR,middle,60.12
2016-01-18,INR,KHR,sell,60.42
2016-01-18,JPY,KHR,buy,34.57
2016-01-18,JPY,KHR,middle,34.74
2016-01-18,JPY,KHR,sell,34.91
2016-01-18,KRW,KHR,buy,3.33
2016-01-18,KRW,KHR,middle,3.345
2016-01-18,KRW,KHR,sell,3.36
2016-01-18,LAK,KHR,buy,0.496
2016-01-18,LAK,KHR,middle,0.4985
2016-01-18,LAK,KHR,sell,0.501
2016-01-18,MMK,KHR,buy,3.16
2016-01-18,MMK,KHR,middle,3.18
2016-01-18,MMK,KHR,sell,3.2
2016-01-18,MYR,KHR,buy,917
2016-01-18,MYR,KHR,middle,921.5
2016-01-18,MYR,KHR,sell,926
2016-01-18,NZD,KHR,buy,2603
2016-01-18,NZD,KHR,middle,2616
2016-01-18,NZD,KHR,sell,2629
2016-01-18,PHP,KHR,buy,84.69
2016-01-18,PHP,KHR,middle,85.115
2016-01-18,PHP,KHR,sell,85.54
2016-01-18,SDR,KHR,buy,5595
2016-01-18,SDR,KHR,middle,5623
2016-01-18,SDR,KHR,sell,5651
2016-01-18,SEK,KHR,buy,472
2016-01-18,SEK,KHR,middle,474
2016-01-18,SEK,KHR,sell,476
2016-01-18,SGD,KHR,buy,2809
2016-01-18,SGD,KHR,middle,2823
2016-01-18,SGD,KHR,sell,2837
2016-01-18,THB,KHR,buy,111
2016-01-18,THB,KHR,middle,111.5
2016-01-18,THB,KHR,sell,112
2016-01-18,TWD,KHR,buy,121
2016-01-18,TWD,KHR,middle,121.5
2016-01-18,TWD,KHR,sell,122
2016-01-18,USD,KHR,reference,4044
2016-01-18,VND,KHR,buy,0.18
2016-01-18,VND,KHR,middle,0.181
2016-01-18,VND,KHR,sell,0.182
2016-01-19,AUD,KHR,buy,2781
2016-01-19,AUD,KHR,middle,2795
2016-01-19,AUD,KHR,sell,2809
2016-01-19,CAD,KHR,buy,2781
2016-01-19,CAD,KHR,middle,2795
2016-01-19,CAD,KHR,sell,2809
2016-01-19,CHF,KHR,buy,4021
2016-01-19,CHF,KHR,middle,4041
2016-01-19,CHF,KHR,sell,4061
2016-01-19,CNH,KHR,buy,614
2016-01-19,CNH,KHR,middle,617
2016-01-19,CNH,KHR,sell,620
2016-01-19,CNY,KHR,buy,615
2016-01-19,CNY,KHR,middle,618
2016-01-19,CNY,KHR,sell,621
2016-01-19,EUR,KHR,buy,4402
2016-01-19,EUR,KHR,middle,4424
2016-01-19,EUR,KHR,sell,4446
2016-01-19,GBP,KHR,buy,5764
2016-01-19,GBP,KHR,middle,5793
2016-01-19,GBP,KHR,sell,5822
2016-01-19,HKD,KHR,buy,518
2016-01-19,HKD,KHR,middle,520.5
2016-01-19,HKD,KHR,sell,523
2016-01-19,IDR,KHR,buy,0.291
2016-01-19,IDR,KHR,middle,0.2925
2016-01-19,IDR,KHR,sell,0.294
2016-01-19,INR,KHR,buy,59.76
2016-01-19,INR,KHR,middle,60.055
2016-01-19,INR,KHR,sell,60.35
2016-01-19,JPY,KHR,buy,34.43
2016-01-19,JPY,KHR,middle,34.605
2016-01-19,JPY,KHR,sell,34.78
2016-01-19,KRW,KHR,buy,3.34
2016-01-19,KRW,KHR,middle,3.36
2016-01-19,KRW,KHR,sell,3.38
2016-01-19,LAK,KHR,buy,0.496
2016-01-19,LAK,KHR,middle,0.4985
2016-01-19,LAK,KHR,sell,0.501
2016-01-19,MMK,KHR,buy,3.16
2016-01-19,MMK,KHR,middle,3.18
2016-01-19,MMK,KHR,sell,3.2
2016-01-19,MYR,KHR,buy,919
2016-01-19,MYR,KHR,middle,923.5
2016-01-19,MYR,KHR,sell,928
2016-01-19,NZD,KHR,buy,2608
2016-01-19,NZD,KHR,middle,2621
2016-01-19,NZD,KHR,sell,2634
2016-01-19,PHP,KHR,buy,84.75
2016-01-19,PHP,KHR,middle,85.175
2016-01-19,PHP,KHR,sell,85.6
2016-01-19,SDR,KHR,buy,5595
2016-01-19,SDR,KHR,middle,5623
2016-01-19,SDR,KHR,sell,5651
2016-01-19,SEK,KHR,buy,471
2016-01-19,SEK,KHR,middle,473
2016-01-19,SEK,KHR,sell,475
2016-01-19,SGD,KHR,buy,2812
2016-01-19,SGD,KHR,middle,2826
2016-01-19,SGD,KHR,sell,2840
2016-01-19,THB,KHR,buy,111
2016-01-19,THB,KHR,middle,112
2016-01-19,THB,KHR,sell,113
2016-01-19,TWD,KHR,buy,121
2016-01-19,TWD,KHR,middle,121.5
2016-01-19,TWD,KHR,sell,122
2016-01-19,USD,KHR,reference,4044
2016-01-19,VND,KHR,buy,0.181
2016-01-19,VND,KHR,middle,0.182
2016-01-19,VND,KHR,sell,0.183
2016-01-21,AUD,KHR,buy,2809
2016-01-21,AUD,KHR,middle,2823
2016-01-21,AUD,KHR,sell,2837
2016-01-21,CAD,KHR,buy,2795
2016-01-21,CAD,KHR,middle,2809
2016-01-21,CAD,KHR,sell,2823
2016-01-21,CHF,KHR,buy,4019
2016-01-21,CHF,KHR,middle,4039
2016-01-21,CHF,KHR,sell,4059
2016-01-21,CNH,KHR,buy,612
2016-01-21,CNH,KHR,middle,615
2016-01-21,CNH,KHR,sell,618
2016-01-21,CNY,KHR,buy,615
2016-01-21,CNY,KHR,middle,618
2016-01-21,CNY,KHR,sell,621
2016-01-21,EUR,KHR,buy,4395
2016-01-21,EUR,KHR,middle,4417
2016-01-21,EUR,KHR,sell,4439
2016-01-21,GBP,KHR,buy,5740
2016-01-21,GBP,KHR,middle,5768.5
2016-01-21,GBP,KHR,sell,5797
2016-01-21,HKD,KHR,buy,517
2016-01-21,HKD,KHR,middle,519.5
2016-01-21,HKD,KHR,sell,522
2016-01-21,IDR,KHR,buy,0.29
2016-01-21,IDR,KHR,middle,0.2915
2016-01-21,IDR,KHR,sell,0.293
2016-01-21,INR,KHR,buy,59.5
2016-01-21,INR,KHR,middle,59.795
2016-01-21,INR,KHR,sell,60.09
2016-01-21,JPY,KHR,buy,34.48
2016-01-21,JPY,KHR,middle,34.655
2016-01-21,JPY,KHR,sell,34.83
2016-01-21,KRW,KHR,buy,3.34
2016-01-21,KRW,KHR,middle,3.36
2016-01-21,KRW,KHR,sell,3.38
2016-01-21,LAK,KHR,buy,0.496
2016-01-21,LAK,KHR,middle,0.4985
2016-01-21,LAK,KHR,sell,0.501
2016-01-21,MMK,KHR,buy,3.16
2016-01-21,MMK,KHR,middle,3.175
2016-01-21,MMK,KHR,sell,3.19
2016-01-21,MYR,KHR,buy,925
2016-01-21,MYR,KHR,middle,929.5
2016-01-21,MYR,KHR,sell,934
2016-01-21,NZD,KHR,buy,2615
2016-01-21,NZD,KHR,middle,2628.5
2016-01-21,NZD,KHR,sell,2642
2016-01-21,PHP,KHR,buy,84.36
2016-01-21,PHP,KHR,middle,84.78
2016-01-21,PHP,KHR,sell,85.2
2016-01-21,SDR,KHR,buy,5589
2016-01-21,SDR,KHR,middle,5617
2016-01-21,SDR,KHR,sell,5645
2016-01-21,SEK,KHR,buy,471
2016-01-21,SEK,KHR,middle,473
2016-01-21,SEK,KHR,sell,475
2016-01-21,SGD,KHR,buy,2815
2016-01-21,SGD,KHR,middle,2829.5
2016-01-21,SGD,KHR,sell,2844
2016-01-21,THB,KHR,buy,111
2016-01-21,THB,KHR,middle,112
2016-01-21,THB,KHR,sell,113
2016-01-21,TWD,KHR,buy,120
2016-01-21,TWD,KHR,middle,120.5
2016-01-21,TWD,KHR,sell,121
2016-01-21,USD,KHR,reference,4043
2016-01-21,VND,KHR,buy,0.18
2016-01-21,VND,KHR,middle,0.181
2016-01-21,VND,KHR,sell,0.182
2016-01-22,AUD,KHR,buy,2832
2016-01-22,AUD,KHR,middle,2846.5
2016-01-22,AUD,KHR,sell,2861
2016-01-22,CAD,KHR,buy,2832
2016-01-22,CAD,KHR,middle,2846.5
2016-01-22,CAD,KHR,sell,2861
2016-01-22,CHF,KHR,buy,4008
2016-01-22,CHF,KHR,middle,4028
2016-01-22,CHF,KHR,sell,4048
2016-01-22,CNH,KHR,buy,612
2016-01-22,CNH,KHR,middle,615
2016-01-22,CNH,KHR,sell,618
2016-01-22,CNY,KHR,buy,614
2016-01-22,CNY,KHR,middle,617
2016-01-22,CNY,KHR,sell,620
2016-01-22,EUR,KHR,buy,4387
2016-01-22,EUR,KHR,middle,4409
2016-01-22,EUR,KHR,sell,4431
2016-01-22,GBP,KHR,buy,5749
2016-01-22,GBP,KHR,middle,5778
2016-01-22,GBP,KHR,sell,5807
2016-01-22,HKD,KHR,buy,517
2016-01-22,HKD,KHR,middle,520
2016-01-22,HKD,KHR,sell,523
2016-01-22,IDR,KHR,buy,0.291
2016-01-22,IDR,KHR,middle,0.2925
2016-01-22,IDR,KHR,sell,0.294
2016-01-22,INR,KHR,buy,59.41
2016-01-22,INR,KHR,middle,59.705
2016-01-22,INR,KHR,sell,60
2016-01-22,JPY,KHR,buy,34.3
2016-01-22,JPY,KHR,middle,34.475
2016-01-22,JPY,KHR,sell,34.65
2016-01-22,KRW,KHR,buy,3.36
2016-01-22,KRW,KHR,middle,3.375
2016-01-22,KRW,KHR,sell,3.39
2016-01-22,LAK,KHR,buy,0.496
2016-01-22,LAK,KHR,middle,0.4985
2016-01-22,LAK,KHR,sell,0.501
2016-01-22,MMK,KHR,buy,3.15
2016-01-22,MMK,KHR,middle,3.165
2016-01-22,MMK,KHR,sell,3.18
2016-01-22,MYR,KHR,buy,929
2016-01-22,MYR,KHR,middle,933.5
2016-01-22,MYR,KHR,sell,938
2016-01-22,NZD,KHR,buy,2640
2016-01-22,NZD,KHR,middle,2653.5
2016-01-22,NZD,KHR,sell,2667
2016-01-22,PHP,KHR,buy,84.39
2016-01-22,PHP,KHR,middle,84.815
2016-01-22,PHP,KHR,sell,85.24
2016-01-22,SDR,KHR,buy,5583
2016-01-22,SDR,KHR,middle,5611
2016-01-22,SDR,KHR,sell,5639
2016-01-22,SEK,KHR,buy,472
2016-01-22,SEK,KHR,middle,474.5
2016-01-22,SEK,KHR,sell,477
2016-01-22,SGD,KHR,buy,2821
2016-01-22,SGD,KHR,middle,2835
2016-01-22,SGD,KHR,sell,2849
2016-01-22,THB,KHR,buy,112
2016-01-22,THB,KHR,middle,112.5
2016-01-22,THB,KHR,sell,113
2016-01-22,TWD,KHR,buy,120
2016-01-22,TWD,KHR,middle,120.5
2016-01-22,TWD,KHR,sell,121
2016-01-22,USD,KHR,reference,4041
2016-01-22,VND,KHR,buy,0.181
2016-01-22,VND,KHR,middle,0.182
2016-01-22,VND,KHR,sell,0.183
2016-01-25,AUD,KHR,buy,2827
2016-01-25,AUD,KHR,middle,2841
2016-01-25,AUD,KHR,sell,2855
2016-01-25,CAD,KHR,buy,2857
2016-01-25,CAD,KHR,middle,2871.5
2016-01-25,CAD,KHR,sell,2886
2016-01-25,CHF,KHR,buy,3977
2016-01-25,CHF,KHR,middle,3997
2016-01-25,CHF,KHR,sell,4017
2016-01-25,CNH,KHR,buy,611
2016-01-25,CNH,KHR,middle,614.5
2016-01-25,CNH,KHR,sell,618
2016-01-25,CNY,KHR,buy,614
2016-01-25,CNY,KHR,middle,617
2016-01-25,CNY,KHR,sell,620
2016-01-25,EUR,KHR,buy,4361
2016-01-25,EUR,KHR,middle,4383
2016-01-25,EUR,KHR,sell,4405
2016-01-25,GBP,KHR,buy,5761
2016-01-25,GBP,KHR,middle,5789.5
2016-01-25,GBP,KHR,sell,5818
2016-01-25,HKD,KHR,buy,518
2016-01-25,HKD,KHR,middle,520.5
2016-01-25,HKD,KHR,sell,523
2016-01-25,IDR,KHR,buy,0.292
2016-01-25,IDR,KHR,middle,0.2935
2016-01-25,IDR,KHR,sell,0.295
2016-01-25,INR,KHR,buy,59.73
2016-01-25,INR,KHR,middle,60.025
2016-01-25,INR,KHR,sell,60.32
2016-01-25,JPY,KHR,buy,34.08
2016-01-25,JPY,KHR,middle,34.25
2016-01-25,JPY,KHR,sell,34.42
2016-01-25,KRW,KHR,buy,3.38
2016-01-25,KRW,KHR,middle,3.395
2016-01-25,KRW,KHR,sell,3.41
2016-01-25,LAK,KHR,buy,0.495
2016-01-25,LAK,KHR,middle,0.4975
2016-01-25,LAK,KHR,sell,0.5
2016-01-25,MMK,KHR,buy,3.15
2016-01-25,MMK,KHR,middle,3.17
2016-01-25,MMK,KHR,sell,3.19
2016-01-25,MYR,KHR,buy,945
2016-01-25,MYR,KHR,middle,950
2016-01-25,MYR,KHR,sell,955
2016-01-25,NZD,KHR,buy,2614
2016-01-25,NZD,KHR,middle,2627
2016-01-25,NZD,KHR,sell,2640
2016-01-25,PHP,KHR,buy,84.7
2016-01-25,PHP,KHR,middle,85.125
2016-01-25,PHP,KHR,sell,85.55
2016-01-25,SDR,KHR,buy,5571
2016-01-25,SDR,KHR,middle,5598.5
2016-01-25,SDR,KHR,sell,5626
2016-01-25,SEK,KHR,buy,471
2016-01-25,SEK,KHR,middle,473.5
2016-01-25,SEK,KHR,sell,476
2016-01-25,SGD,KHR,buy,2827
2016-01-25,SGD,KHR,middle,2841
2016-01-25,SGD,KHR,sell,2855
2016-01-25,THB,KHR,buy,112
2016-01-25,THB,KHR,middle,112.5
2016-01-25,THB,KHR,sell,113
2016-01-25,TWD,KHR,buy,121
2016-01-25,TWD,KHR,middle,121.5
2016-01-25,TWD,KHR,sell,122
2016-01-25,USD,KHR,reference,4039
2016-01-25,VND,KHR,buy,0.181
2016-01-25,VND,KHR,middle,0.1815
2016-01-25,VND,KHR,sell,0.182
2016-01-26,AUD,KHR,buy,2801
2016-01-26,AUD,KHR,middle,2815
2016-01-26,AUD,KHR,sell,2829
2016-01-26,CAD,KHR,buy,2826
2016-01-26,CAD,KHR,middle,2840
2016-01-26,CAD,KHR,sell,2854
2016-01-26,CHF,KHR,buy,3989
2016-01-26,CHF,KHR,middle,4009
2016-01-26,CHF,KHR,sell,4029
2016-01-26,CNH,KHR,buy,611
2016-01-26,CNH,KHR,middle,614
2016-01-26,CNH,KHR,sell,617
2016-01-26,CNY,KHR,buy,614
2016-01-26,CNY,KHR,middle,617
2016-01-26,CNY,KHR,sell,620
2016-01-26,EUR,KHR,buy,4383
2016-01-26,EUR,KHR,middle,4405
2016-01-26,EUR,KHR,sell,4427
2016-01-26,GBP,KHR,buy,5752
2016-01-26,GBP,KHR,middle,5780.5
2016-01-26,GBP,KHR,sell,5809
2016-01-26,HKD,KHR,buy,518
2016-01-26,HKD,KHR,middle,520.5
2016-01-26,HKD,KHR,sell,523
2016-01-26,IDR,KHR,buy,0.292
2016-01-26,IDR,KHR,middle,0.293
2016-01-26,IDR,KHR,sell,0.294
2016-01-26,INR,KHR,buy,59.54
2016-01-26,INR,KHR,middle,59.84
2016-01-26,INR,KHR,sell,60.14
2016-01-26,JPY,KHR,buy,34.17
2016-01-26,JPY,KHR,middle,34.34
2016-01-26,JPY,KHR,sell,34.51
2016-01-26,KRW,KHR,buy,3.37
2016-01-26,KRW,KHR,middle,3.385
2016-01-26,KRW,KHR,sell,3.4
2016-01-26,LAK,KHR,buy,0.495
2016-01-26,LAK,KHR,middle,0.4975
2016-01-26,LAK,KHR,sell,0.5
2016-01-26,MMK,KHR,buy,3.18
2016-01-26,MMK,KHR,middle,3.195
2016-01-26,MMK,KHR,sell,3.21
2016-01-26,MYR,KHR,buy,941
2016-01-26,MYR,KHR,middle,945.5
2016-01-26,MYR,KHR,sell,950
2016-01-26,NZD,KHR,buy,2600
2016-01-26,NZD,KHR,middle,2613
2016-01-26,NZD,KHR,sell,2626
2016-01-26,PHP,KHR,buy,84.12
2016-01-26,PHP,KHR,middle,84.54
2016-01-26,PHP,KHR,sell,84.96
2016-01-26,SDR,KHR,buy,5565
2016-01-26,SDR,KHR,middle,5593
2016-01-26,SDR,KHR,sell,5621
2016-01-26,SEK,KHR,buy,472
2016-01-26,SEK,KHR,middle,474.5
2016-01-26,SEK,KHR,sell,477
2016-01-26,SGD,KHR,buy,2822
2016-01-26,SGD,KHR,middle,2836
2016-01-26,SGD,KHR,sell,2850
2016-01-26,THB,KHR,buy,112
2016-01-26,THB,KHR,middle,112.5
2016-01-26,THB,KHR,sell,113
2016-01-26,TWD,KHR,buy,120
2016-01-26,TWD,KHR,middle,121
2016-01-26,TWD,KHR,sell,122
2016-01-26,USD,KHR,reference,4039
2016-01-26,VND,KHR,buy,0.181
2016-01-26,VND,KHR,middle,0.182
2016-01-26,VND,KHR,sell,0.183
2016-01-27,AUD,KHR,buy,2831
2016-01-27,AUD,KHR,middle,2845
2016-01-27,AUD,KHR,sell,2859
2016-01-27,CAD,KHR,buy,2861
2016-01-27,CAD,KHR,middle,2875
2016-01-27,CAD,KHR,sell,2889
2016-01-27,CHF,KHR,buy,3971
2016-01-27,CHF,KHR,middle,3991
2016-01-27,CHF,KHR,sell,4011
2016-01-27,CNH,KHR,buy,611
2016-01-27,CNH,KHR,middle,614
2016-01-27,CNH,KHR,sell,617
2016-01-27,CNY,KHR,buy,614
2016-01-27,CNY,KHR,middle,617
2016-01-27,CNY,KHR,sell,620
2016-01-27,EUR,KHR,buy,4388
2016-01-27,EUR,KHR,middle,4409.5
2016-01-27,EUR,KHR,sell,4431
2016-01-27,GBP,KHR,buy,5793
2016-01-27,GBP,KHR,middle,5822
2016-01-27,GBP,KHR,sell,5851
2016-01-27,HKD,KHR,buy,518
2016-01-27,HKD,KHR,middle,521
2016-01-27,HKD,KHR,sell,524
2016-01-27,IDR,KHR,buy,0.291
2016-01-27,IDR,KHR,middle,0.2925
2016-01-27,IDR,KHR,sell,0.294
2016-01-27,INR,KHR,buy,59.54
2016-01-27,INR,KHR,middle,59.84
2016-01-27,INR,KHR,sell,60.14
2016-01-27,JPY,KHR,buy,34.11
2016-01-27,JPY,KHR,middle,34.28
2016-01-27,JPY,KHR,sell,34.45
2016-01-27,KRW,KHR,buy,3.37
2016-01-27,KRW,KHR,middle,3.39
2016-01-27,KRW,KHR,sell,3.41
2016-01-27,LAK,KHR,buy,0.495
2016-01-27,LAK,KHR,middle,0.4975
2016-01-27,LAK,KHR,sell,0.5
2016-01-27,MMK,KHR,buy,3.18
2016-01-27,MMK,KHR,middle,3.195
2016-01-27,MMK,KHR,sell,3.21
2016-01-27,MYR,KHR,buy,948
2016-01-27,MYR,KHR,middle,952.5
2016-01-27,MYR,KHR,sell,957
2016-01-27,NZD,KHR,buy,2631
2016-01-27,NZD,KHR,middle,2644
2016-01-27,NZD,KHR,sell,2657
2016-01-27,PHP,KHR,buy,84.16
2016-01-27,PHP,KHR,middle,84.585
2016-01-27,PHP,KHR,sell,85.01
2016-01-27,SDR,KHR,buy,5566
2016-01-27,SDR,KHR,middle,5594
2016-01-27,SDR,KHR,sell,5622
2016-01-27,SEK,KHR,buy,473
2016-01-27,SEK,KHR,middle,475
2016-01-27,SEK,KHR,sell,477
2016-01-27,SGD,KHR,buy,2833
2016-01-27,SGD,KHR,middle,2847
2016-01-27,SGD,KHR,sell,2861
2016-01-27,THB,KHR,buy,113
2016-01-27,THB,KHR,middle,113.5
2016-01-27,THB,KHR,sell,114
2016-01-27,TWD,KHR,buy,120
2016-01-27,TWD,KHR,middle,120.5
2016-01-27,TWD,KHR,sell,121
2016-01-27,USD,KHR,reference,4039
2016-01-27,VND,KHR,buy,0.181
2016-01-27,VND,KHR,middle,0.182
2016-01-27,VND,KHR,sell,0.183
2016-01-28,AUD,KHR,buy,2833
2016-01-28,AUD,KHR,middle,2847
2016-01-28,AUD,KHR,sell,2861
2016-01-28,CAD,KHR,buy,2864
2016-01-28,CAD,KHR,middle,2878
2016-01-28,CAD,KHR,sell,2892
2016-01-28,CHF,KHR,buy,3982
2016-01-28,CHF,KHR,middle,4002
2016-01-28,CHF,KHR,sell,4022
2016-01-28,CNH,KHR,buy,611
2016-01-28,CNH,KHR,middle,614
2016-01-28,CNH,KHR,sell,617
2016-01-28,CNY,KHR,buy,614
2016-01-28,CNY,KHR,middle,617
2016-01-28,CNY,KHR,sell,620
2016-01-28,EUR,KHR,buy,4404
2016-01-28,EUR,KHR,middle,4426
2016-01-28,EUR,KHR,sell,4448
2016-01-28,GBP,KHR,buy,5755
2016-01-28,GBP,KHR,middle,5784
2016-01-28,GBP,KHR,sell,5813
2016-01-28,HKD,KHR,buy,518
2016-01-28,HKD,KHR,middle,521
2016-01-28,HKD,KHR,sell,524
2016-01-28,IDR,KHR,buy,0.291
2016-01-28,IDR,KHR,middle,0.2925
2016-01-28,IDR,KHR,sell,0.294
2016-01-28,INR,KHR,buy,59.36
2016-01-28,INR,KHR,middle,59.655
2016-01-28,INR,KHR,sell,59.95
2016-01-28,JPY,KHR,buy,34.11
2016-01-28,JPY,KHR,middle,34.28
2016-01-28,JPY,KHR,sell,34.45
2016-01-28,KRW,KHR,buy,3.34
2016-01-28,KRW,KHR,middle,3.355
2016-01-28,KRW,KHR,sell,3.37
2016-01-28,LAK,KHR,buy,0.496
2016-01-28,LAK,KHR,middle,0.4985
2016-01-28,LAK,KHR,sell,0.501
2016-01-28,MMK,KHR,buy,3.18
2016-01-28,MMK,KHR,middle,3.195
2016-01-28,MMK,KHR,sell,3.21
2016-01-28,MYR,KHR,buy,949
2016-01-28,MYR,KHR,middle,954
2016-01-28,MYR,KHR,sell,959
2016-01-28,NZD,KHR,buy,2596
2016-01-28,NZD,KHR,middle,2609
2016-01-28,NZD,KHR,sell,2622
2016-01-28,PHP,KHR,buy,84.32
2016-01-28,PHP,KHR,middle,84.74
2016-01-28,PHP,KHR,sell,85.16
2016-01-28,SDR,KHR,buy,5578
2016-01-28,SDR,KHR,middle,5606
2016-01-28,SDR,KHR,sell,5634
2016-01-28,SEK,KHR,buy,475
2016-01-28,SEK,KHR,middle,477.5
2016-01-28,SEK,KHR,sell,480
2016-01-28,SGD,KHR,buy,2820
2016-01-28,SGD,KHR,middle,2834
2016-01-28,SGD,KHR,sell,2848
2016-01-28,THB,KHR,buy,113
2016-01-28,THB,KHR,middle,113.5
2016-01-28,THB,KHR,sell,114
2016-01-28,TWD,KHR,buy,120
2016-01-28,TWD,KHR,middle,120.5
2016-01-28,TWD,KHR,sell,121
2016-01-28,USD,KHR,reference,4039
2016-01-28,VND,KHR,buy,0.181
2016-01-28,VND,KHR,middle,0.182
2016-01-28,VND,KHR,sell,0.183
2016-01-29,AUD,KHR,buy,2857
2016-01-29,AUD,KHR,middle,2871
2016-01-29,AUD,KHR,sell,2885
2016-01-29,CAD,KHR,buy,2875
2016-01-29,CAD,KHR,middle,2889
2016-01-29,CAD,KHR,sell,2903
2016-01-29,CHF,KHR,buy,3981
2016-01-29,CHF,KHR,middle,4001
2016-01-29,CHF,KHR,sell,4021
2016-01-29,CNH,KHR,buy,610
2016-01-29,CNH,KHR,middle,613
2016-01-29,CNH,KHR,sell,616
2016-01-29,CNY,KHR,buy,614
2016-01-29,CNY,KHR,middle,617
2016-01-29,CNY,KHR,sell,620
2016-01-29,EUR,KHR,buy,4413
2016-01-29,EUR,KHR,middle,4435
2016-01-29,EUR,KHR,sell,4457
2016-01-29,GBP,KHR,buy,5794
2016-01-29,GBP,KHR,middle,5823
2016-01-29,GBP,KHR,sell,5852
2016-01-29,HKD,KHR,buy,518
2016-01-29,HKD,KHR,middle,520.5
2016-01-29,HKD,KHR,sell,523
2016-01-29,IDR,KHR,buy,0.291
2016-01-29,IDR,KHR,middle,0.2925
2016-01-29,IDR,KHR,sell,0.294
2016-01-29,INR,KHR,buy,59.18
2016-01-29,INR,KHR,middle,59.475
2016-01-29,INR,KHR,sell,59.77
2016-01-29,JPY,KHR,buy,33.96
2016-01-29,JPY,KHR,middle,34.13
2016-01-29,JPY,KHR,sell,34.3
2016-01-29,KRW,KHR,buy,3.35
2016-01-29,KRW,KHR,middle,3.365
2016-01-29,KRW,KHR,sell,3.38
2016-01-29,LAK,KHR,buy,0.496
2016-01-29,LAK,KHR,middle,0.4985
2016-01-29,LAK,KHR,sell,0.501
2016-01-29,MMK,KHR,buy,3.17
2016-01-29,MMK,KHR,middle,3.185
2016-01-29,MMK,KHR,sell,3.2
2016-01-29,MYR,KHR,buy,968
2016-01-29,MYR,KHR,middle,972.5
2016-01-29,MYR,KHR,sell,977
2016-01-29,NZD,KHR,buy,2613
2016-01-29,NZD,KHR,middle,2626
2016-01-29,NZD,KHR,sell,2639
2016-01-29,PHP,KHR,buy,84.62
2016-01-29,PHP,KHR,middle,85.045
2016-01-29,PHP,KHR,sell,85.47
2016-01-29,SDR,KHR,buy,5581
2016-01-29,SDR,KHR,middle,5609
2016-01-29,SDR,KHR,sell,5637
2016-01-29,SEK,KHR,buy,475
2016-01-29,SEK,KHR,middle,477
2016-01-29,SEK,KHR,sell,479
2016-01-29,SGD,KHR,buy,2827
2016-01-29,SGD,KHR,middle,2841
2016-01-29,SGD,KHR,sell,2855
2016-01-29,THB,KHR,buy,113
2016-01-29,THB,KHR,middle,113.5
2016-01-29,THB,KHR,sell,114
2016-01-29,TWD,KHR,buy,120
2016-01-29,TWD,KHR,middle,120.5
2016-01-29,TWD,KHR,sell,121
2016-01-29,USD,KHR,reference,4037
2016-01-29,VND,KHR,buy,0.182
2016-01-29,VND,KHR,middle,0.183
2016-01-29,VND,KHR,sell,0.184
2016-02-01,AUD,KHR,buy,2849
2016-02-01,AUD,KHR,middle,2863
2016-02-01,AUD,KHR,sell,2877
2016-02-01,CAD,KHR,buy,2886
2016-02-01,CAD,KHR,middle,2900.5
2016-02-01,CAD,KHR,sell,2915
2016-02-01,CHF,KHR,buy,3944
2016-02-01,CHF,KHR,middle,3963.5
2016-02-01,CHF,KHR,sell,3983
2016-02-01,CNH,KHR,buy,611
2016-02-01,CNH,KHR,middle,614.5
2016-02-01,CNH,KHR,sell,618
2016-02-01,CNY,KHR,buy,614
2016-02-01,CNY,KHR,middle,617
2016-02-01,CNY,KHR,sell,620
2016-02-01,EUR,KHR,buy,4371
2016-02-01,EUR,KHR,middle,4393
2016-02-01,EUR,KHR,sell,4415
2016-02-01,GBP,KHR,buy,5747
2016-02-01,GBP,KHR,middle,5776
2016-02-01,GBP,KHR,sell,5805
2016-02-01,HKD,KHR,buy,519
2016-02-01,HKD,KHR,middle,521.5
2016-02-01,HKD,KHR,sell,524
2016-02-01,IDR,KHR,buy,0.293
2016-02-01,IDR,KHR,middle,0.2945
2016-02-01,IDR,KHR,sell,0.296
2016-02-01,INR,KHR,buy,59.55
2016-02-01,INR,KHR,middle,59.85
2016-02-01,INR,KHR,sell,60.15
2016-02-01,JPY,KHR,buy,33.28
2016-02-01,JPY,KHR,middle,33.445
2016-02-01,JPY,KHR,sell,33.61
2016-02-01,KRW,KHR,buy,3.34
2016-02-01,KRW,KHR,middle,3.355
2016-02-01,KRW,KHR,sell,3.37
2016-02-01,LAK,KHR,buy,0.496
2016-02-01,LAK,KHR,middle,0.4985
2016-02-01,LAK,KHR,sell,0.501
2016-02-01,MMK,KHR,buy,3.16
2016-02-01,MMK,KHR,middle,3.175
2016-02-01,MMK,KHR,sell,3.19
2016-02-01,MYR,KHR,buy,970
2016-02-01,MYR,KHR,middle,975
2016-02-01,MYR,KHR,sell,980
2016-02-01,NZD,KHR,buy,2610
2016-02-01,NZD,KHR,middle,2623
2016-02-01,NZD,KHR,sell,2636
2016-02-01,PHP,KHR,buy,84.67
2016-02-01,PHP,KHR,middle,85.09
2016-02-01,PHP,KHR,sell,85.51
2016-02-01,SDR,KHR,buy,5573
2016-02-01,SDR,KHR,middle,5601
2016-02-01,SDR,KHR,sell,5629
2016-02-01,SEK,KHR,buy,471
2016-02-01,SEK,KHR,middle,473
2016-02-01,SEK,KHR,sell,475
2016-02-01,SGD,KHR,buy,2832
2016-02-01,SGD,KHR,middle,2846
2016-02-01,SGD,KHR,sell,2860
2016-02-01,THB,KHR,buy,113
2016-02-01,THB,KHR,middle,113.5
2016-02-01,THB,KHR,sell,114
2016-02-01,TWD,KHR,buy,121
2016-02-01,TWD,KHR,middle,121.5
2016-02-01,TWD,KHR,sell,122
2016-02-01,USD,KHR,reference,4037
2016-02-01,VND,KHR,buy,0.182
2016-02-01,VND,KHR,middle,0.183
2016-02-01,VND,KHR,sell,0.184
2016-02-04,AUD,KHR,buy,2889
2016-02-04,AUD,KHR,middle,2903.5
2016-02-04,AUD,KHR,sell,2918
2016-02-04,CAD,KHR,buy,2926
2016-02-04,CAD,KHR,middle,2940.5
2016-02-04,CAD,KHR,sell,2955
2016-02-04,CHF,KHR,buy,4013
2016-02-04,CHF,KHR,middle,4033
2016-02-04,CHF,KHR,sell,4053
2016-02-04,CNH,KHR,buy,610
2016-02-04,CNH,KHR,middle,613
2016-02-04,CNH,KHR,sell,616
2016-02-04,CNY,KHR,buy,613
2016-02-04,CNY,KHR,middle,616
2016-02-04,CNY,KHR,sell,619
2016-02-04,EUR,KHR,buy,4474
2016-02-04,EUR,KHR,middle,4496
2016-02-04,EUR,KHR,sell,4518
2016-02-04,GBP,KHR,buy,5882
2016-02-04,GBP,KHR,middle,5911.5
2016-02-04,GBP,KHR,sell,5941
2016-02-04,HKD,KHR,buy,518
2016-02-04,HKD,KHR,middle,520.5
2016-02-04,HKD,KHR,sell,523
2016-02-04,IDR,KHR,buy,0.293
2016-02-04,IDR,KHR,middle,0.2945
2016-02-04,IDR,KHR,sell,0.296
2016-02-04,INR,KHR,buy,59.24
2016-02-04,INR,KHR,middle,59.535
2016-02-04,INR,KHR,sell,59.83
2016-02-04,JPY,KHR,buy,34.17
2016-02-04,JPY,KHR,middle,34.34
2016-02-04,JPY,KHR,sell,34.51
2016-02-04,KRW,KHR,buy,3.35
2016-02-04,KRW,KHR,middle,3.37
2016-02-04,KRW,KHR,sell,3.39
2016-02-04,LAK,KHR,buy,0.495
2016-02-04,LAK,KHR,middle,0.4975
2016-02-04,LAK,KHR,sell,0.5
2016-02-04,MMK,KHR,buy,3.25
2016-02-04,MMK,KHR,middle,3.265
2016-02-04,MMK,KHR,sell,3.28
2016-02-04,MYR,KHR,buy,968
2016-02-04,MYR,KHR,middle,973
2016-02-04,MYR,KHR,sell,978
2016-02-04,NZD,KHR,buy,2683
2016-02-04,NZD,KHR,middle,2696.5
2016-02-04,NZD,KHR,sell,2710
2016-02-04,PHP,KHR,buy,84.28
2016-02-04,PHP,KHR,middle,84.7
2016-02-04,PHP,KHR,sell,85.12
2016-02-04,SDR,KHR,buy,5581
2016-02-04,SDR,KHR,middle,5609
2016-02-04,SDR,KHR,sell,5637
2016-02-04,SEK,KHR,buy,478
2016-02-04,SEK,KHR,middle,480.5
2016-02-04,SEK,KHR,sell,483
2016-02-04,SGD,KHR,buy,2848
2016-02-04,SGD,KHR,middle,2862
2016-02-04,SGD,KHR,sell,2876
2016-02-04,THB,KHR,buy,113
2016-02-04,THB,KHR,middle,113.5
2016-02-04,THB,KHR,sell,114
2016-02-04,TWD,KHR,buy,120
2016-02-04,TWD,KHR,middle,120.5
2016-02-04,TWD,KHR,sell,121
2016-02-04,USD,KHR,reference,4032
2016-02-04,VND,KHR,buy,0.181
2016-02-04,VND,KHR,middle,0.182
2016-02-04,VND,KHR,sell,0.183
2016-02-05,AUD,KHR,buy,2907
2016-02-05,AUD,KHR,middle,2921.5
2016-02-05,AUD,KHR,sell,2936
2016-02-05,CAD,KHR,buy,2933
2016-02-05,CAD,KHR,middle,2947.5
2016-02-05,CAD,KHR,sell,2962
2016-02-05,CHF,KHR,buy,4059
2016-02-05,CHF,KHR,middle,4079
2016-02-05,CHF,KHR,sell,4099
2016-02-05,CNH,KHR,buy,614
2016-02-05,CNH,KHR,middle,617
2016-02-05,CNH,KHR,sell,620
2016-02-05,CNY,KHR,buy,614
2016-02-05,CNY,KHR,middle,617
2016-02-05,CNY,KHR,sell,620
2016-02-05,EUR,KHR,buy,4515
2016-02-05,EUR,KHR,middle,4538
2016-02-05,EUR,KHR,sell,4561
2016-02-05,GBP,KHR,buy,5879
2016-02-05,GBP,KHR,middle,5908.5
2016-02-05,GBP,KHR,sell,5938
2016-02-05,HKD,KHR,buy,518
2016-02-05,HKD,KHR,middle,520.5
2016-02-05,HKD,KHR,sell,523
2016-02-05,IDR,KHR,buy,0.296
2016-02-05,IDR,KHR,middle,0.2975
2016-02-05,IDR,KHR,sell,0.299
2016-02-05,INR,KHR,buy,59.68
2016-02-05,INR,KHR,middle,59.98
2016-02-05,INR,KHR,sell,60.28
2016-02-05,JPY,KHR,buy,34.49
2016-02-05,JPY,KHR,middle,34.665
2016-02-05,JPY,KHR,sell,34.84
2016-02-05,KRW,KHR,buy,3.39
2016-02-05,KRW,KHR,middle,3.405
2016-02-05,KRW,KHR,sell,3.42
2016-02-05,LAK,KHR,buy,0.496
2016-02-05,LAK,KHR,middle,0.4985
2016-02-05,LAK,KHR,sell,0.501
2016-02-05,MMK,KHR,buy,3.2
2016-02-05,MMK,KHR,middle,3.215
2016-02-05,MMK,KHR,sell,3.23
2016-02-05,MYR,KHR,buy,979
2016-02-05,MYR,KHR,middle,983.5
2016-02-05,MYR,KHR,sell,988
2016-02-05,NZD,KHR,buy,2715
2016-02-05,NZD,KHR,middle,2728.5
2016-02-05,NZD,KHR,sell,2742
2016-02-05,PHP,KHR,buy,84.72
2016-02-05,PHP,KHR,middle,85.145
2016-02-05,PHP,KHR,sell,85.57
2016-02-05,SDR,KHR,buy,5634
2016-02-05,SDR,KHR,middle,5662.5
2016-02-05,SDR,KHR,sell,5691
2016-02-05,SEK,KHR,buy,480
2016-02-05,SEK,KHR,middle,482.5
2016-02-05,SEK,KHR,sell,485
2016-02-05,SGD,KHR,buy,2885
2016-02-05,SGD,KHR,middle,2899.5
2016-02-05,SGD,KHR,sell,2914
2016-02-05,THB,KHR,buy,113
2016-02-05,THB,KHR,middle,113.5
2016-02-05,THB,KHR,sell,114
2016-02-05,TWD,KHR,buy,121
2016-02-05,TWD,KHR,middle,121.5
2016-02-05,TWD,KHR,sell,122
2016-02-05,USD,KHR,reference,4032
2016-02-05,VND,KHR,buy,0.181
2016-02-05,VND,KHR,middle,0.182
2016-02-05,VND,KHR,sell,0.183
2016-02-08,AUD,KHR,buy,2857
2016-02-08,AUD,KHR,middle,2871
2016-02-08,AUD,KHR,sell,2885
2016-02-08,CAD,KHR,buy,2904
2016-02-08,CAD,KHR,middle,2918.5
2016-02-08,CAD,KHR,sell,2933
2016-02-08,CHF,KHR,buy,4061
2016-02-08,CHF,KHR,middle,4081.5
2016-02-08,CHF,KHR,sell,4102
2016-02-08,CNH,KHR,buy,613
2016-02-08,CNH,KHR,middle,616
2016-02-08,CNH,KHR,sell,619
2016-02-08,CNY,KHR,buy,614
2016-02-08,CNY,KHR,middle,617
2016-02-08,CNY,KHR,sell,620
2016-02-08,EUR,KHR,buy,4493
2016-02-08,EUR,KHR,middle,4515.5
2016-02-08,EUR,KHR,sell,4538
2016-02-08,GBP,KHR,buy,5850
2016-02-08,GBP,KHR,middle,5879
2016-02-08,GBP,KHR,sell,5908
2016-02-08,HKD,KHR,buy,518
2016-02-08,HKD,KHR,middle,520.5
2016-02-08,HKD,KHR,sell,523
2016-02-08,IDR,KHR,buy,0.296
2016-02-08,IDR,KHR,middle,0.2975
2016-02-08,IDR,KHR,sell,0.299
2016-02-08,INR,KHR,buy,59.6
2016-02-08,INR,KHR,middle,59.9
2016-02-08,INR,KHR,sell,60.2
2016-02-08,JPY,KHR,buy,34.48
2016-02-08,JPY,KHR,middle,34.65
2016-02-08,JPY,KHR,sell,34.82
2016-02-08,KRW,KHR,buy,3.37
2016-02-08,KRW,KHR,middle,3.385
2016-02-08,KRW,KHR,sell,3.4
2016-02-08,LAK,KHR,buy,0.496
2016-02-08,LAK,KHR,middle,0.4985
2016-02-08,LAK,KHR,sell,0.501
2016-02-08,MMK,KHR,buy,3.24
2016-02-08,MMK,KHR,middle,3.255
2016-02-08,MMK,KHR,sell,3.27
2016-02-08,MYR,KHR,buy,971
2016-02-08,MYR,KHR,middle,976
2016-02-08,MYR,KHR,sell,981
2016-02-08,NZD,KHR,buy,2672
2016-02-08,NZD,KHR,middle,2685.5
2016-02-08,NZD,KHR,sell,2699
2016-02-08,PHP,KHR,buy,84.61
2016-02-08,PHP,KHR,middle,85.03
2016-02-08,PHP,KHR,sell,85.45
2016-02-08,SDR,KHR,buy,5638
2016-02-08,SDR,KHR,middle,5666.5
2016-02-08,SDR,KHR,sell,5695
2016-02-08,SEK,KHR,buy,477
2016-02-08,SEK,KHR,middle,479
2016-02-08,SEK,KHR,sell,481
2016-02-08,SGD,KHR,buy,2865
2016-02-08,SGD,KHR,middle,2879.5
2016-02-08,SGD,KHR,sell,2894
2016-02-08,THB,KHR,buy,113
2016-02-08,THB,KHR,middle,113.5
2016-02-08,THB,KHR,sell,114
2016-02-08,TWD,KHR,buy,122
2016-02-08,TWD,KHR,middle,122.5
2016-02-08,TWD,KHR,sell,123
2016-02-08,USD,KHR,reference,4032
2016-02-08,VND,KHR,buy,0.181
2016-02-08,VND,KHR,middle,0.182
2016-02-08,VND,KHR,sell,0.183
2016-02-09,AUD,KHR,buy,2850
2016-02-09,AUD,KHR,middle,2864.5
2016-02-09,AUD,KHR,sell,2879
2016-02-09,CAD,KHR,buy,2893
2016-02-09,CAD,KHR,middle,2907.5
2016-02-09,CAD,KHR,sell,2922
2016-02-09,CHF,KHR,buy,4086
2016-02-09,CHF,KHR,middle,4106.5
2016-02-09,CHF,KHR,sell,4127
2016-02-09,CNH,KHR,buy,613
2016-02-09,CNH,KHR,middle,616
2016-02-09,CNH,KHR,sell,619
2016-02-09,CNY,KHR,buy,614
2016-02-09,CNY,KHR,middle,617
2016-02-09,CNY,KHR,sell,620
2016-02-09,EUR,KHR,buy,4511
2016-02-09,EUR,KHR,middle,4534
2016-02-09,EUR,KHR,sell,4557
2016-02-09,GBP,KHR,buy,5815
2016-02-09,GBP,KHR,middle,5844
2016-02-09,GBP,KHR,sell,5873
2016-02-09,HKD,KHR,buy,517
2016-02-09,HKD,KHR,middle,520
2016-02-09,HKD,KHR,sell,523
2016-02-09,IDR,KHR,buy,0.297
2016-02-09,IDR,KHR,middle,0.2985
2016-02-09,IDR,KHR,sell,0.3
2016-02-09,INR,KHR,buy,59.35
2016-02-09,INR,KHR,middle,59.645
2016-02-09,INR,KHR,sell,59.94
2016-02-09,JPY,KHR,buy,34.91
2016-02-09,JPY,KHR,middle,35.085
2016-02-09,JPY,KHR,sell,35.26
2016-02-09,KRW,KHR,buy,3.35
2016-02-09,KRW,KHR,middle,3.365
2016-02-09,KRW,KHR,sell,3.38
2016-02-09,LAK,KHR,buy,0.496
2016-02-09,LAK,KHR,middle,0.4985
2016-02-09,LAK,KHR,sell,0.501
2016-02-09,MMK,KHR,buy,3.25
2016-02-09,MMK,KHR,middle,3.27
2016-02-09,MMK,KHR,sell,3.29
2016-02-09,MYR,KHR,buy,965
2016-02-09,MYR,KHR,middle,969.5
2016-02-09,MYR,KHR,sell,974
2016-02-09,NZD,KHR,buy,2666
2016-02-09,NZD,KHR,middle,2679
2016-02-09,NZD,KHR,sell,2692
2016-02-09,PHP,KHR,buy,84.62
2016-02-09,PHP,KHR,middle,85.045
2016-02-09,PHP,KHR,sell,85.47
2016-02-09,SDR,KHR,buy,5622
2016-02-09,SDR,KHR,middle,5650
2016-02-09,SDR,KHR,sell,5678
2016-02-09,SEK,KHR,buy,477
2016-02-09,SEK,KHR,middle,479.5
2016-02-09,SEK,KHR,sell,482
2016-02-09,SGD,KHR,buy,2867
2016-02-09,SGD,KHR,middle,2881.5
2016-02-09,SGD,KHR,sell,2896
2016-02-09,THB,KHR,buy,114
2016-02-09,THB,KHR,middle,114.5
2016-02-09,THB,KHR,sell,115
2016-02-09,TWD,KHR,buy,121
2016-02-09,TWD,KHR,middle,121.5
2016-02-09,TWD,KHR,sell,122
2016-02-09,USD,KHR,reference,4032
2016-02-09,VND,KHR,buy,0.181
2016-02-09,VND,KHR,middle,0.182
2016-02-09,VND,KHR,sell,0.183
2016-02-10,AUD,KHR,buy,2849
2016-02-10,AUD,KHR,middle,2863
2016-02-10,AUD,KHR,sell,2877
2016-02-10,CAD,KHR,buy,2904
2016-02-10,CAD,KHR,middle,2919
2016-02-10,CAD,KHR,sell,2934
2016-02-10,CHF,KHR,buy,4143
2016-02-10,CHF,KHR,middle,4163.5
2016-02-10,CHF,KHR,sell,4184
2016-02-10,CNH,KHR,buy,614
2016-02-10,CNH,KHR,middle,617
2016-02-10,CNH,KHR,sell,620
2016-02-10,CNY,KHR,buy,614
2016-02-10,CNY,KHR,middle,617
2016-02-10,CNY,KHR,sell,620
2016-02-10,EUR,KHR,buy,4551
2016-02-10,EUR,KHR,middle,4573.5
2016-02-10,EUR,KHR,sell,4596
2016-02-10,GBP,KHR,buy,5831
2016-02-10,GBP,KHR,middle,5860
2016-02-10,GBP,KHR,sell,5889
2016-02-10,HKD,KHR,buy,517
2016-02-10,HKD,KHR,middle,520
2016-02-10,HKD,KHR,sell,523
2016-02-10,IDR,KHR,buy,0.297
2016-02-10,IDR,KHR,middle,0.2985
2016-02-10,IDR,KHR,sell,0.3
2016-02-10,INR,KHR,buy,59.39
2016-02-10,INR,KHR,middle,59.685
2016-02-10,INR,KHR,sell,59.98
2016-02-10,JPY,KHR,buy,35.07
2016-02-10,JPY,KHR,middle,35.245
2016-02-10,JPY,KHR,sell,35.42
2016-02-10,KRW,KHR,buy,3.36
2016-02-10,KRW,KHR,middle,3.38
2016-02-10,KRW,KHR,sell,3.4
2016-02-10,LAK,KHR,buy,0.496
2016-02-10,LAK,KHR,middle,0.4985
2016-02-10,LAK,KHR,sell,0.501
2016-02-10,MMK,KHR,buy,3.32
2016-02-10,MMK,KHR,middle,3.335
2016-02-10,MMK,KHR,sell,3.35
2016-02-10,MYR,KHR,buy,968
2016-02-10,MYR,KHR,middle,972.5
2016-02-10,MYR,KHR,sell,977
2016-02-10,NZD,KHR,buy,2677
2016-02-10,NZD,KHR,middle,2690.5
2016-02-10,NZD,KHR,sell,2704
2016-02-10,PHP,KHR,buy,84.72
2016-02-10,PHP,KHR,middle,85.145
2016-02-10,PHP,KHR,sell,85.57
2016-02-10,SDR,KHR,buy,5643
2016-02-10,SDR,KHR,middle,5671.5
2016-02-10,SDR,KHR,sell,5700
2016-02-10,SEK,KHR,buy,479
2016-02-10,SEK,KHR,middle,481.5
2016-02-10,SEK,KHR,sell,484
2016-02-10,SGD,KHR,buy,2887
2016-02-10,SGD,KHR,middle,2901.5
2016-02-10,SGD,KHR,sell,2916
2016-02-10,THB,KHR,buy,114
2016-02-10,THB,KHR,middle,114.5
2016-02-10,THB,KHR,sell,115
2016-02-10,TWD,KHR,buy,121
2016-02-10,TWD,KHR,middle,121.5
2016-02-10,TWD,KHR,sell,122
2016-02-10,USD,KHR,reference,4032
2016-02-10,VND,KHR,buy,0.181
2016-02-10,VND,KHR,middle,0.182
2016-02-10,VND,KHR,sell,0.183
2016-02-11,AUD,KHR,buy,2866
2016-02-11,AUD,KHR,middle,2880.5
2016-02-11,AUD,KHR,sell,2895
2016-02-11,CAD,KHR,buy,2897
2016-02-11,CAD,KHR,middle,2911.5
2016-02-11,CAD,KHR,sell,2926
2016-02-11,CHF,KHR,buy,4143
2016-02-11,CHF,KHR,middle,4163.5
2016-02-11,CHF,KHR,sell,4184
2016-02-11,CNH,KHR,buy,616
2016-02-11,CNH,KHR,middle,619
2016-02-11,CNH,KHR,sell,622
2016-02-11,CNY,KHR,buy,614
2016-02-11,CNY,KHR,middle,617
2016-02-11,CNY,KHR,sell,620
2016-02-11,EUR,KHR,buy,4549
2016-02-11,EUR,KHR,middle,4571.5
2016-02-11,EUR,KHR,sell,4594
2016-02-11,GBP,KHR,buy,5856
2016-02-11,GBP,KHR,middle,5885.5
2016-02-11,GBP,KHR,sell,5915
2016-02-11,HKD,KHR,buy,517
2016-02-11,HKD,KHR,middle,520
2016-02-11,HKD,KHR,sell,523
2016-02-11,IDR,KHR,buy,0.3
2016-02-11,IDR,KHR,middle,0.3015
2016-02-11,IDR,KHR,sell,0.303
2016-02-11,INR,KHR,buy,59.43
2016-02-11,INR,KHR,middle,59.725
2016-02-11,INR,KHR,sell,60.02
2016-02-11,JPY,KHR,buy,35.56
2016-02-11,JPY,KHR,middle,35.74
2016-02-11,JPY,KHR,sell,35.92
2016-02-11,KRW,KHR,buy,3.38
2016-02-11,KRW,KHR,middle,3.4
2016-02-11,KRW,KHR,sell,3.42
2016-02-11,LAK,KHR,buy,0.496
2016-02-11,LAK,KHR,middle,0.4985
2016-02-11,LAK,KHR,sell,0.501
2016-02-11,MMK,KHR,buy,3.34
2016-02-11,MMK,KHR,middle,3.355
2016-02-11,MMK,KHR,sell,3.37
2016-02-11,MYR,KHR,buy,981
2016-02-11,MYR,KHR,middle,986
2016-02-11,MYR,KHR,sell,991
2016-02-11,NZD,KHR,buy,2696
2016-02-11,NZD,KHR,middle,2709.5
2016-02-11,NZD,KHR,sell,2723
2016-02-11,PHP,KHR,buy,85.06
2016-02-11,PHP,KHR,middle,85.485
2016-02-11,PHP,KHR,sell,85.91
2016-02-11,SDR,KHR,buy,5656
2016-02-11,SDR,KHR,middle,5684
2016-02-11,SDR,KHR,sell,5712
2016-02-11,SEK,KHR,buy,482
2016-02-11,SEK,KHR,middle,484.5
2016-02-11,SEK,KHR,sell,487
2016-02-11,SGD,KHR,buy,2899
2016-02-11,SGD,KHR,middle,2913.5
2016-02-11,SGD,KHR,sell,2928
2016-02-11,THB,KHR,buy,114
2016-02-11,THB,KHR,middle,114.5
2016-02-11,THB,KHR,sell,115
2016-02-11,TWD,KHR,buy,122
2016-02-11,TWD,KHR,middle,122.5
2016-02-11,TWD,KHR,sell,123
2016-02-11,USD,KHR,reference,4032
2016-02-11,VND,KHR,buy,0.181
2016-02-11,VND,KHR,middle,0.182
2016-02-11,VND,KHR,sell,0.183
2016-02-12,AUD,KHR,buy,2864
2016-02-12,AUD,KHR,middle,2878.5
2016-02-12,AUD,KHR,sell,2893
2016-02-12,CAD,KHR,buy,2893
2016-02-12,CAD,KHR,middle,2907.5
2016-02-12,CAD,KHR,sell,2922
2016-02-12,CHF,KHR,buy,4144
2016-02-12,CHF,KHR,middle,4165
2016-02-12,CHF,KHR,sell,4186
2016-02-12,CNH,KHR,buy,616
2016-02-12,CNH,KHR,middle,619
2016-02-12,CNH,KHR,sell,622
2016-02-12,CNY,KHR,buy,613
2016-02-12,CNY,KHR,middle,616
2016-02-12,CNY,KHR,sell,619
2016-02-12,EUR,KHR,buy,4561
2016-02-12,EUR,KHR,middle,4584
2016-02-12,EUR,KHR,sell,4607
2016-02-12,GBP,KHR,buy,5829
2016-02-12,GBP,KHR,middle,5858.5
2016-02-12,GBP,KHR,sell,5888
2016-02-12,HKD,KHR,buy,517
2016-02-12,HKD,KHR,middle,519.5
2016-02-12,HKD,KHR,sell,522
2016-02-12,IDR,KHR,buy,0.299
2016-02-12,IDR,KHR,middle,0.3005
2016-02-12,IDR,KHR,sell,0.302
2016-02-12,INR,KHR,buy,58.95
2016-02-12,INR,KHR,middle,59.245
2016-02-12,INR,KHR,sell,59.54
2016-02-12,JPY,KHR,buy,35.95
2016-02-12,JPY,KHR,middle,36.13
2016-02-12,JPY,KHR,sell,36.31
2016-02-12,KRW,KHR,buy,3.34
2016-02-12,KRW,KHR,middle,3.36
2016-02-12,KRW,KHR,sell,3.38
2016-02-12,LAK,KHR,buy,0.495
2016-02-12,LAK,KHR,middle,0.4975
2016-02-12,LAK,KHR,sell,0.5
2016-02-12,MMK,KHR,buy,3.32
2016-02-12,MMK,KHR,middle,3.335
2016-02-12,MMK,KHR,sell,3.35
2016-02-12,MYR,KHR,buy,971
2016-02-12,MYR,KHR,middle,976
2016-02-12,MYR,KHR,sell,981
2016-02-12,NZD,KHR,buy,2700
2016-02-12,NZD,KHR,middle,2713.5
2016-02-12,NZD,KHR,sell,2727
2016-02-12,PHP,KHR,buy,84.72
2016-02-12,PHP,KHR,middle,85.145
2016-02-12,PHP,KHR,sell,85.57
2016-02-12,SDR,KHR,buy,5670
2016-02-12,SDR,KHR,middle,5698.5
2016-02-12,SDR,KHR,sell,5727
2016-02-12,SEK,KHR,buy,482
2016-02-12,SEK,KHR,middle,484
2016-02-12,SEK,KHR,sell,486
2016-02-12,SGD,KHR,buy,2899
2016-02-12,SGD,KHR,middle,2913.5
2016-02-12,SGD,KHR,sell,2928
2016-02-12,THB,KHR,buy,114
2016-02-12,THB,KHR,middle,114.5
2016-02-12,THB,KHR,sell,115
2016-02-12,TWD,KHR,buy,122
2016-02-12,TWD,KHR,middle,122.5
2016-02-12,TWD,KHR,sell,123
2016-02-12,USD,KHR,reference,4026
2016-02-12,VND,KHR,buy,0.181
2016-02-12,VND,KHR,middle,0.182
2016-02-12,VND,KHR,sell,0.183
2016-02-16,AUD,KHR,buy,2876
2016-02-16,AUD,KHR,middle,2890.5
2016-02-16,AUD,KHR,sell,2905
2016-02-16,CAD,KHR,buy,2912
2016-02-16,CAD,KHR,middle,2926.5
2016-02-16,CAD,KHR,sell,2941
2016-02-16,CHF,KHR,buy,4080
2016-02-16,CHF,KHR,middle,4100.5
2016-02-16,CHF,KHR,sell,4121
2016-02-16,CNH,KHR,buy,619
2016-02-16,CNH,KHR,middle,622
2016-02-16,CNH,KHR,sell,625
2016-02-16,CNY,KHR,buy,619
2016-02-16,CNY,KHR,middle,622.5
2016-02-16,CNY,KHR,sell,626
2016-02-16,EUR,KHR,buy,4496
2016-02-16,EUR,KHR,middle,4518.5
2016-02-16,EUR,KHR,sell,4541
2016-02-16,GBP,KHR,buy,5813
2016-02-16,GBP,KHR,middle,5842
2016-02-16,GBP,KHR,sell,5871
2016-02-16,HKD,KHR,buy,517
2016-02-16,HKD,KHR,middle,519.5
2016-02-16,HKD,KHR,sell,522
2016-02-16,IDR,KHR,buy,0.301
2016-02-16,IDR,KHR,middle,0.3025
2016-02-16,IDR,KHR,sell,0.304
2016-02-16,INR,KHR,buy,59.11
2016-02-16,INR,KHR,middle,59.41
2016-02-16,INR,KHR,sell,59.71
2016-02-16,JPY,KHR,buy,35.18
2016-02-16,JPY,KHR,middle,35.355
2016-02-16,JPY,KHR,sell,35.53
2016-02-16,KRW,KHR,buy,3.32
2016-02-16,KRW,KHR,middle,3.335
2016-02-16,KRW,KHR,sell,3.35
2016-02-16,LAK,KHR,buy,0.495
2016-02-16,LAK,KHR,middle,0.4975
2016-02-16,LAK,KHR,sell,0.5
2016-02-16,MMK,KHR,buy,3.32
2016-02-16,MMK,KHR,middle,3.34
2016-02-16,MMK,KHR,sell,3.36
2016-02-16,MYR,KHR,buy,975
2016-02-16,MYR,KHR,middle,980
2016-02-16,MYR,KHR,sell,985
2016-02-16,NZD,KHR,buy,2674
2016-02-16,NZD,KHR,middle,2687.5
2016-02-16,NZD,KHR,sell,2701
2016-02-16,PHP,KHR,buy,84.84
2016-02-16,PHP,KHR,middle,85.265
2016-02-16,PHP,KHR,sell,85.69
2016-02-16,SDR,KHR,buy,5656
2016-02-16,SDR,KHR,middle,5684
2016-02-16,SDR,KHR,sell,5712
2016-02-16,SEK,KHR,buy,475
2016-02-16,SEK,KHR,middle,477.5
2016-02-16,SEK,KHR,sell,480
2016-02-16,SGD,KHR,buy,2877
2016-02-16,SGD,KHR,middle,2891.5
2016-02-16,SGD,KHR,sell,2906
2016-02-16,THB,KHR,buy,113
2016-02-16,THB,KHR,middle,113.5
2016-02-16,THB,KHR,sell,114
2016-02-16,TWD,KHR,buy,122
2016-02-16,TWD,KHR,middle,122.5
2016-02-16,TWD,KHR,sell,123
2016-02-16,USD,KHR,reference,4023
2016-02-16,VND,KHR,buy,0.18
2016-02-16,VND,KHR,middle,0.181
2016-02-16,VND,KHR,sell,0.182
2016-02-17,AUD,KHR,buy,2859
2016-02-17,AUD,KHR,middle,2873.5
2016-02-17,AUD,KHR,sell,2888
2016-02-17,CAD,KHR,buy,2899
2016-02-17,CAD,KHR,middle,2913.5
2016-02-17,CAD,KHR,sell,2928
2016-02-17,CHF,KHR,buy,4063
2016-02-17,CHF,KHR,middle,4083.5
2016-02-17,CHF,KHR,sell,4104
2016-02-17,CNH,KHR,buy,616
2016-02-17,CNH,KHR,middle,619
2016-02-17,CNH,KHR,sell,622
2016-02-17,CNY,KHR,buy,617
2016-02-17,CNY,KHR,middle,620
2016-02-17,CNY,KHR,sell,623
2016-02-17,EUR,KHR,buy,4473
2016-02-17,EUR,KHR,middle,4495
2016-02-17,EUR,KHR,sell,4517
2016-02-17,GBP,KHR,buy,5747
2016-02-17,GBP,KHR,middle,5776
2016-02-17,GBP,KHR,sell,5805
2016-02-17,HKD,KHR,buy,516
2016-02-17,HKD,KHR,middle,518.5
2016-02-17,HKD,KHR,sell,521
2016-02-17,IDR,KHR,buy,0.3
2016-02-17,IDR,KHR,middle,0.3015
2016-02-17,IDR,KHR,sell,0.303
2016-02-17,INR,KHR,buy,58.79
2016-02-17,INR,KHR,middle,59.085
2016-02-17,INR,KHR,sell,59.38
2016-02-17,JPY,KHR,buy,35.17
2016-02-17,JPY,KHR,middle,35.345
2016-02-17,JPY,KHR,sell,35.52
2016-02-17,KRW,KHR,buy,3.29
2016-02-17,KRW,KHR,middle,3.305
2016-02-17,KRW,KHR,sell,3.32
2016-02-17,LAK,KHR,buy,0.495
2016-02-17,LAK,KHR,middle,0.497
2016-02-17,LAK,KHR,sell,0.499
2016-02-17,MMK,KHR,buy,3.31
2016-02-17,MMK,KHR,middle,3.33
2016-02-17,MMK,KHR,sell,3.35
2016-02-17,MYR,KHR,buy,955
2016-02-17,MYR,KHR,middle,960
2016-02-17,MYR,KHR,sell,965
2016-02-17,NZD,KHR,buy,2643
2016-02-17,NZD,KHR,middle,2656
2016-02-17,NZD,KHR,sell,2669
2016-02-17,PHP,KHR,buy,84.76
2016-02-17,PHP,KHR,middle,85.18
2016-02-17,PHP,KHR,sell,85.6
2016-02-17,SDR,KHR,buy,5620
2016-02-17,SDR,KHR,middle,5648.5
2016-02-17,SDR,KHR,sell,5677
2016-02-17,SEK,KHR,buy,472
2016-02-17,SEK,KHR,middle,474.5
2016-02-17,SEK,KHR,sell,477
2016-02-17,SGD,KHR,buy,2859
2016-02-17,SGD,KHR,middle,2873
2016-02-17,SGD,KHR,sell,2887
2016-02-17,THB,KHR,buy,113
2016-02-17,THB,KHR,middle,113.5
2016-02-17,THB,KHR,sell,114
2016-02-17,TWD,KHR,buy,121
2016-02-17,TWD,KHR,middle,121.5
2016-02-17,TWD,KHR,sell,122
2016-02-17,USD,KHR,reference,4020
2016-02-17,VND,KHR,buy,0.18
2016-02-17,VND,KHR,middle,0.181
2016-02-17,VND,KHR,sell,0.182
2016-02-18,AUD,KHR,buy,2886
2016-02-18,AUD,KHR,middle,2900.5
2016-02-18,AUD,KHR,sell,2915
2016-02-18,CAD,KHR,buy,2939
2016-02-18,CAD,KHR,middle,2953.5
2016-02-18,CAD,KHR,sell,2968
2016-02-18,CHF,KHR,buy,4050
2016-02-18,CHF,KHR,middle,4070.5
2016-02-18,CHF,KHR,sell,4091
2016-02-18,CNH,KHR,buy,616
2016-02-18,CNH,KHR,middle,619
2016-02-18,CNH,KHR,sell,622
2016-02-18,CNY,KHR,buy,616
2016-02-18,CNY,KHR,middle,619
2016-02-18,CNY,KHR,sell,622
2016-02-18,EUR,KHR,buy,4472
2016-02-18,EUR,KHR,middle,4494.5
2016-02-18,EUR,KHR,sell,4517
2016-02-18,GBP,KHR,buy,5743
2016-02-18,GBP,KHR,middle,5771.5
2016-02-18,GBP,KHR,sell,5800
2016-02-18,HKD,KHR,buy,516
2016-02-18,HKD,KHR,middle,518.5
2016-02-18,HKD,KHR,sell,521
2016-02-18,IDR,KHR,buy,0.298
2016-02-18,IDR,KHR,middle,0.2995
2016-02-18,IDR,KHR,sell,0.301
2016-02-18,INR,KHR,buy,58.72
2016-02-18,INR,KHR,middle,59.01
2016-02-18,INR,KHR,sell,59.3
2016-02-18,JPY,KHR,buy,35.2
2016-02-18,JPY,KHR,middle,35.38
2016-02-18,JPY,KHR,sell,35.56
2016-02-18,KRW,KHR,buy,3.29
2016-02-18,KRW,KHR,middle,3.305
2016-02-18,KRW,KHR,sell,3.32
2016-02-18,LAK,KHR,buy,0.495
2016-02-18,LAK,KHR,middle,0.4975
2016-02-18,LAK,KHR,sell,0.5
2016-02-18,MMK,KHR,buy,3.3
2016-02-18,MMK,KHR,middle,3.315
2016-02-18,MMK,KHR,sell,3.33
2016-02-18,MYR,KHR,buy,964
2016-02-18,MYR,KHR,middle,969
2016-02-18,MYR,KHR,sell,974
2016-02-18,NZD,KHR,buy,2667
2016-02-18,NZD,KHR,middle,2680.5
2016-02-18,NZD,KHR,sell,2694
2016-02-18,PHP,KHR,buy,84.53
2016-02-18,PHP,KHR,middle,84.955
2016-02-18,PHP,KHR,sell,85.38
2016-02-18,SDR,KHR,buy,5613
2016-02-18,SDR,KHR,middle,5641
2016-02-18,SDR,KHR,sell,5669
2016-02-18,SEK,KHR,buy,472
2016-02-18,SEK,KHR,middle,474.5
2016-02-18,SEK,KHR,sell,477
2016-02-18,SGD,KHR,buy,2863
2016-02-18,SGD,KHR,middle,2877.5
2016-02-18,SGD,KHR,sell,2892
2016-02-18,THB,KHR,buy,113
2016-02-18,THB,KHR,middle,113.5
2016-02-18,THB,KHR,sell,114
2016-02-18,TWD,KHR,buy,121
2016-02-18,TWD,KHR,middle,121.5
2016-02-18,TWD,KHR,sell,122
2016-02-18,USD,KHR,reference,4020
2016-02-18,VND,KHR,buy,0.18
2016-02-18,VND,KHR,middle,0.181
2016-02-18,VND,KHR,sell,0.182
2016-02-19,AUD,KHR,buy,2867
2016-02-19,AUD,KHR,middle,2881.5
2016-02-19,AUD,KHR,sell,2896
2016-02-19,CAD,KHR,buy,2921
2016-02-19,CAD,KHR,middle,2935.5
2016-02-19,CAD,KHR,sell,2950
2016-02-19,CHF,KHR,buy,4050
2016-02-19,CHF,KHR,middle,4070
2016-02-19,CHF,KHR,sell,4090
2016-02-19,CNH,KHR,buy,616
2016-02-19,CNH,KHR,middle,619
2016-02-19,CNH,KHR,sell,622
2016-02-19,CNY,KHR,buy,616
2016-02-19,CNY,KHR,middle,619.5
2016-02-19,CNY,KHR,sell,623
2016-02-19,EUR,KHR,buy,4464
2016-02-19,EUR,KHR,middle,4486.5
2016-02-19,EUR,KHR,sell,4509
2016-02-19,GBP,KHR,buy,5755
2016-02-19,GBP,KHR,middle,5783.5
2016-02-19,GBP,KHR,sell,5812
2016-02-19,HKD,KHR,buy,516
2016-02-19,HKD,KHR,middle,519
2016-02-19,HKD,KHR,sell,522
2016-02-19,IDR,KHR,buy,0.298
2016-02-19,IDR,KHR,middle,0.2995
2016-02-19,IDR,KHR,sell,0.301
2016-02-19,INR,KHR,buy,58.67
2016-02-19,INR,KHR,middle,58.965
2016-02-19,INR,KHR,sell,59.26
2016-02-19,JPY,KHR,buy,35.52
2016-02-19,JPY,KHR,middle,35.7
2016-02-19,JPY,KHR,sell,35.88
2016-02-19,KRW,KHR,buy,3.26
2016-02-19,KRW,KHR,middle,3.275
2016-02-19,KRW,KHR,sell,3.29
2016-02-19,LAK,KHR,buy,0.495
2016-02-19,LAK,KHR,middle,0.497
2016-02-19,LAK,KHR,sell,0.499
2016-02-19,MMK,KHR,buy,3.31
2016-02-19,MMK,KHR,middle,3.325
2016-02-19,MMK,KHR,sell,3.34
2016-02-19,MYR,KHR,buy,958
2016-02-19,MYR,KHR,middle,963
2016-02-19,MYR,KHR,sell,968
2016-02-19,NZD,KHR,buy,2662
2016-02-19,NZD,KHR,middle,2675.5
2016-02-19,NZD,KHR,sell,2689
2016-02-19,PHP,KHR,buy,84.48
2016-02-19,PHP,KHR,middle,84.9
2016-02-19,PHP,KHR,sell,85.32
2016-02-19,SDR,KHR,buy,5605
2016-02-19,SDR,KHR,middle,5633
2016-02-19,SDR,KHR,sell,5661
2016-02-19,SEK,KHR,buy,476
2016-02-19,SEK,KHR,middle,478
2016-02-19,SEK,KHR,sell,480
2016-02-19,SGD,KHR,buy,2858
2016-02-19,SGD,KHR,middle,2872
2016-02-19,SGD,KHR,sell,2886
2016-02-19,THB,KHR,buy,113
2016-02-19,THB,KHR,middle,113.5
2016-02-19,THB,KHR,sell,114
2016-02-19,TWD,KHR,buy,121
2016-02-19,TWD,KHR,middle,121.5
2016-02-19,TWD,KHR,sell,122
2016-02-19,USD,KHR,reference,4017
2016-02-19,VND,KHR,buy,0.18
2016-02-19,VND,KHR,middle,0.181
2016-02-19,VND,KHR,sell,0.182
2016-02-24,AUD,KHR,buy,2886
2016-02-24,AUD,KHR,middle,2900
2016-02-24,AUD,KHR,sell,2914
2016-02-24,CAD,KHR,buy,2908
2016-02-24,CAD,KHR,middle,2922.5
2016-02-24,CAD,KHR,sell,2937
2016-02-24,CHF,KHR,buy,4044
2016-02-24,CHF,KHR,middle,4064
2016-02-24,CHF,KHR,sell,4084
2016-02-24,CNH,KHR,buy,614
2016-02-24,CNH,KHR,middle,617
2016-02-24,CNH,KHR,sell,620
2016-02-24,CNY,KHR,buy,614
2016-02-24,CNY,KHR,middle,617.5
2016-02-24,CNY,KHR,sell,621
2016-02-24,EUR,KHR,buy,4419
2016-02-24,EUR,KHR,middle,4441.5
2016-02-24,EUR,KHR,sell,4464
2016-02-24,GBP,KHR,buy,5616
2016-02-24,GBP,KHR,middle,5644
2016-02-24,GBP,KHR,sell,5672
2016-02-24,HKD,KHR,buy,516
2016-02-24,HKD,KHR,middle,518.5
2016-02-24,HKD,KHR,sell,521
2016-02-24,IDR,KHR,buy,0.299
2016-02-24,IDR,KHR,middle,0.3005
2016-02-24,IDR,KHR,sell,0.302
2016-02-24,INR,KHR,buy,58.47
2016-02-24,INR,KHR,middle,58.76
2016-02-24,INR,KHR,sell,59.05
2016-02-24,JPY,KHR,buy,35.83
2016-02-24,JPY,KHR,middle,36.01
2016-02-24,JPY,KHR,sell,36.19
2016-02-24,KRW,KHR,buy,3.25
2016-02-24,KRW,KHR,middle,3.265
2016-02-24,KRW,KHR,sell,3.28
2016-02-24,LAK,KHR,buy,0.493
2016-02-24,LAK,KHR,middle,0.4955
2016-02-24,LAK,KHR,sell,0.498
2016-02-24,MMK,KHR,buy,3.29
2016-02-24,MMK,KHR,middle,3.305
2016-02-24,MMK,KHR,sell,3.32
2016-02-24,MYR,KHR,buy,953
2016-02-24,MYR,KHR,middle,957.5
2016-02-24,MYR,KHR,sell,962
2016-02-24,NZD,KHR,buy,2662
2016-02-24,NZD,KHR,middle,2675
2016-02-24,NZD,KHR,sell,2688
2016-02-24,PHP,KHR,buy,84.32
2016-02-24,PHP,KHR,middle,84.74
2016-02-24,PHP,KHR,sell,85.16
2016-02-24,SDR,KHR,buy,5572
2016-02-24,SDR,KHR,middle,5600
2016-02-24,SDR,KHR,sell,5628
2016-02-24,SEK,KHR,buy,473
2016-02-24,SEK,KHR,middle,475.5
2016-02-24,SEK,KHR,sell,478
2016-02-24,SGD,KHR,buy,2850
2016-02-24,SGD,KHR,middle,2864
2016-02-24,SGD,KHR,sell,2878
2016-02-24,THB,KHR,buy,112
2016-02-24,THB,KHR,middle,112.5
2016-02-24,THB,KHR,sell,113
2016-02-24,TWD,KHR,buy,120
2016-02-24,TWD,KHR,middle,121
2016-02-24,TWD,KHR,sell,122
2016-02-24,USD,KHR,reference,4010
2016-02-24,VND,KHR,buy,0.179
2016-02-24,VND,KHR,middle,0.18
2016-02-24,VND,KHR,sell,0.181
2016-02-25,AUD,KHR,buy,2884
2016-02-25,AUD,KHR,middle,2898.5
2016-02-25,AUD,KHR,sell,2913
2016-02-25,CAD,KHR,buy,2925
2016-02-25,CAD,KHR,middle,2939.5
2016-02-25,CAD,KHR,sell,2954
2016-02-25,CHF,KHR,buy,4051
2016-02-25,CHF,KHR,middle,4071.5
2016-02-25,CHF,KHR,sell,4092
2016-02-25,CNH,KHR,buy,613
2016-02-25,CNH,KHR,middle,616
2016-02-25,CNH,KHR,sell,619
2016-02-25,CNY,KHR,buy,614
2016-02-25,CNY,KHR,middle,617
2016-02-25,CNY,KHR,sell,620
2016-02-25,EUR,KHR,buy,4413
2016-02-25,EUR,KHR,middle,4435
2016-02-25,EUR,KHR,sell,4457
2016-02-25,GBP,KHR,buy,5584
2016-02-25,GBP,KHR,middle,5612
2016-02-25,GBP,KHR,sell,5640
2016-02-25,HKD,KHR,buy,516
2016-02-25,HKD,KHR,middle,518.5
2016-02-25,HKD,KHR,sell,521
2016-02-25,IDR,KHR,buy,0.299
2016-02-25,IDR,KHR,middle,0.3005
2016-02-25,IDR,KHR,sell,0.302
2016-02-25,INR,KHR,buy,58.47
2016-02-25,INR,KHR,middle,58.765
2016-02-25,INR,KHR,sell,59.06
2016-02-25,JPY,KHR,buy,35.74
2016-02-25,JPY,KHR,middle,35.915
2016-02-25,JPY,KHR,sell,36.09
2016-02-25,KRW,KHR,buy,3.25
2016-02-25,KRW,KHR,middle,3.265
2016-02-25,KRW,KHR,sell,3.28
2016-02-25,LAK,KHR,buy,0.493
2016-02-25,LAK,KHR,middle,0.4955
2016-02-25,LAK,KHR,sell,0.498
2016-02-25,MMK,KHR,buy,3.3
2016-02-25,MMK,KHR,middle,3.32
2016-02-25,MMK,KHR,sell,3.34
2016-02-25,MYR,KHR,buy,952
2016-02-25,MYR,KHR,middle,956.5
2016-02-25,MYR,KHR,sell,961
2016-02-25,NZD,KHR,buy,2670
2016-02-25,NZD,KHR,middle,2683.5
2016-02-25,NZD,KHR,sell,2697
2016-02-25,PHP,KHR,buy,84.19
2016-02-25,PHP,KHR,middle,84.61
2016-02-25,PHP,KHR,sell,85.03
2016-02-25,SDR,KHR,buy,5556
2016-02-25,SDR,KHR,middle,5584
2016-02-25,SDR,KHR,sell,5612
2016-02-25,SEK,KHR,buy,472
2016-02-25,SEK,KHR,middle,474.5
2016-02-25,SEK,KHR,sell,477
2016-02-25,SGD,KHR,buy,2855
2016-02-25,SGD,KHR,middle,2869.5
2016-02-25,SGD,KHR,sell,2884
2016-02-25,THB,KHR,buy,112
2016-02-25,THB,KHR,middle,112.5
2016-02-25,THB,KHR,sell,113
2016-02-25,TWD,KHR,buy,121
2016-02-25,TWD,KHR,middle,121.5
2016-02-25,TWD,KHR,sell,122
2016-02-25,USD,KHR,reference,4009
2016-02-25,VND,KHR,buy,0.179
2016-02-25,VND,KHR,middle,0.18
2016-02-25,VND,KHR,sell,0.181
2016-02-26,AUD,KHR,buy,2901
2016-02-26,AUD,KHR,middle,2915.5
2016-02-26,AUD,KHR,sell,2930
2016-02-26,CAD,KHR,buy,2960
2016-02-26,CAD,KHR,middle,2975
2016-02-26,CAD,KHR,sell,2990
2016-02-26,CHF,KHR,buy,4049
2016-02-26,CHF,KHR,middle,4069.5
2016-02-26,CHF,KHR,sell,4090
2016-02-26,CNH,KHR,buy,613
2016-02-26,CNH,KHR,middle,616.5
2016-02-26,CNH,KHR,sell,620
2016-02-26,CNY,KHR,buy,614
2016-02-26,CNY,KHR,middle,617
2016-02-26,CNY,KHR,sell,620
2016-02-26,EUR,KHR,buy,4421
2016-02-26,EUR,KHR,middle,4443
2016-02-26,EUR,KHR,sell,4465
2016-02-26,GBP,KHR,buy,5599
2016-02-26,GBP,KHR,middle,5627
2016-02-26,GBP,KHR,sell,5655
2016-02-26,HKD,KHR,buy,516
2016-02-26,HKD,KHR,middle,518.5
2016-02-26,HKD,KHR,sell,521
2016-02-26,IDR,KHR,buy,0.299
2016-02-26,IDR,KHR,middle,0.3005
2016-02-26,IDR,KHR,sell,0.302
2016-02-26,INR,KHR,buy,58.35
2016-02-26,INR,KHR,middle,58.64
2016-02-26,INR,KHR,sell,58.93
2016-02-26,JPY,KHR,buy,35.45
2016-02-26,JPY,KHR,middle,35.625
2016-02-26,JPY,KHR,sell,35.8
2016-02-26,KRW,KHR,buy,3.24
2016-02-26,KRW,KHR,middle,3.26
2016-02-26,KRW,KHR,sell,3.28
2016-02-26,LAK,KHR,buy,0.493
2016-02-26,LAK,KHR,middle,0.4955
2016-02-26,LAK,KHR,sell,0.498
2016-02-26,MMK,KHR,buy,3.29
2016-02-26,MMK,KHR,middle,3.305
2016-02-26,MMK,KHR,sell,3.32
2016-02-26,MYR,KHR,buy,954
2016-02-26,MYR,KHR,middle,958.5
2016-02-26,MYR,KHR,sell,963
2016-02-26,NZD,KHR,buy,2705
2016-02-26,NZD,KHR,middle,2718.5
2016-02-26,NZD,KHR,sell,2732
2016-02-26,PHP,KHR,buy,84.18
2016-02-26,PHP,KHR,middle,84.605
2016-02-26,PHP,KHR,sell,85.03
2016-02-26,SDR,KHR,buy,5570
2016-02-26,SDR,KHR,middle,5597.5
2016-02-26,SDR,KHR,sell,5625
2016-02-26,SEK,KHR,buy,472
2016-02-26,SEK,KHR,middle,474.5
2016-02-26,SEK,KHR,sell,477
2016-02-26,SGD,KHR,buy,2863
2016-02-26,SGD,KHR,middle,2877.5
2016-02-26,SGD,KHR,sell,2892
2016-02-26,THB,KHR,buy,112
2016-02-26,THB,KHR,middle,113
2016-02-26,THB,KHR,sell,114
2016-02-26,TWD,KHR,buy,120
2016-02-26,TWD,KHR,middle,121
2016-02-26,TWD,KHR,sell,122
2016-02-26,USD,KHR,reference,4009
2016-02-26,VND,KHR,buy,0.18
2016-02-26,VND,KHR,middle,0.1805
2016-02-26,VND,KHR,sell,0.181
2016-02-29,AUD,KHR,buy,2850
2016-02-29,AUD,KHR,middle,2864.5
2016-02-29,AUD,KHR,sell,2879
2016-02-29,CAD,KHR,buy,2957
2016-02-29,CAD,KHR,middle,2972
2016-02-29,CAD,KHR,sell,2987
2016-02-29,CHF,KHR,buy,4024
2016-02-29,CHF,KHR,middle,4044
2016-02-29,CHF,KHR,sell,4064
2016-02-29,CNH,KHR,buy,612
2016-02-29,CNH,KHR,middle,615
2016-02-29,CNH,KHR,sell,618
2016-02-29,CNY,KHR,buy,613
2016-02-29,CNY,KHR,middle,616
2016-02-29,CNY,KHR,sell,619
2016-02-29,EUR,KHR,buy,4381
2016-02-29,EUR,KHR,middle,4403
2016-02-29,EUR,KHR,sell,4425
2016-02-29,GBP,KHR,buy,5555
2016-02-29,GBP,KHR,middle,5583
2016-02-29,GBP,KHR,sell,5611
2016-02-29,HKD,KHR,buy,516
2016-02-29,HKD,KHR,middle,518.5
2016-02-29,HKD,KHR,sell,521
2016-02-29,IDR,KHR,buy,0.3
2016-02-29,IDR,KHR,middle,0.3015
2016-02-29,IDR,KHR,sell,0.303
2016-02-29,INR,KHR,buy,58.4
2016-02-29,INR,KHR,middle,58.695
2016-02-29,INR,KHR,sell,58.99
2016-02-29,JPY,KHR,buy,35.25
2016-02-29,JPY,KHR,middle,35.43
2016-02-29,JPY,KHR,sell,35.61
2016-02-29,KRW,KHR,buy,3.22
2016-02-29,KRW,KHR,middle,3.235
2016-02-29,KRW,KHR,sell,3.25
2016-02-29,LAK,KHR,buy,0.493
2016-02-29,LAK,KHR,middle,0.4955
2016-02-29,LAK,KHR,sell,0.498
2016-02-29,MMK,KHR,buy,3.29
2016-02-29,MMK,KHR,middle,3.305
2016-02-29,MMK,KHR,sell,3.32
2016-02-29,MYR,KHR,buy,949
2016-02-29,MYR,KHR,middle,954
2016-02-29,MYR,KHR,sell,959
2016-02-29,NZD,KHR,buy,2634
2016-02-29,NZD,KHR,middle,2647
2016-02-29,NZD,KHR,sell,2660
2016-02-29,PHP,KHR,buy,84.56
2016-02-29,PHP,KHR,middle,84.985
2016-02-29,PHP,KHR,sell,85.41
2016-02-29,SDR,KHR,buy,5565
2016-02-29,SDR,KHR,middle,5593
2016-02-29,SDR,KHR,sell,5621
2016-02-29,SEK,KHR,buy,469
2016-02-29,SEK,KHR,middle,471
2016-02-29,SEK,KHR,sell,473
2016-02-29,SGD,KHR,buy,2840
2016-02-29,SGD,KHR,middle,2854
2016-02-29,SGD,KHR,sell,2868
2016-02-29,THB,KHR,buy,112
2016-02-29,THB,KHR,middle,112.5
2016-02-29,THB,KHR,sell,113
2016-02-29,TWD,KHR,buy,121
2016-02-29,TWD,KHR,middle,121.5
2016-02-29,TWD,KHR,sell,122
2016-02-29,USD,KHR,reference,4008
2016-02-29,VND,KHR,buy,0.18
2016-02-29,VND,KHR,middle,0.181
2016-02-29,VND,KHR,sell,0.182
2016-03-01,AUD,KHR,buy,2861
2016-03-01,AUD,KHR,middle,2875.5
2016-03-01,AUD,KHR,sell,2890
2016-03-01,CAD,KHR,buy,2960
2016-03-01,CAD,KHR,middle,2974.5
2016-03-01,CAD,KHR,sell,2989
2016-03-01,CHF,KHR,buy,4016
2016-03-01,CHF,KHR,middle,4036
2016-03-01,CHF,KHR,sell,4056
2016-03-01,CNH,KHR,buy,611
2016-03-01,CNH,KHR,middle,614
2016-03-01,CNH,KHR,sell,617
2016-03-01,CNY,KHR,buy,612
2016-03-01,CNY,KHR,middle,615
2016-03-01,CNY,KHR,sell,618
2016-03-01,EUR,KHR,buy,4361
2016-03-01,EUR,KHR,middle,4383
2016-03-01,EUR,KHR,sell,4405
2016-03-01,GBP,KHR,buy,5583
2016-03-01,GBP,KHR,middle,5610.5
2016-03-01,GBP,KHR,sell,5638
2016-03-01,HKD,KHR,buy,515
2016-03-01,HKD,KHR,middle,518
2016-03-01,HKD,KHR,sell,521
2016-03-01,IDR,KHR,buy,0.3
2016-03-01,IDR,KHR,middle,0.3015
2016-03-01,IDR,KHR,sell,0.303
2016-03-01,INR,KHR,buy,58.57
2016-03-01,INR,KHR,middle,58.86
2016-03-01,INR,KHR,sell,59.15
2016-03-01,JPY,KHR,buy,35.62
2016-03-01,JPY,KHR,middle,35.8
2016-03-01,JPY,KHR,sell,35.98
2016-03-01,KRW,KHR,buy,3.23
2016-03-01,KRW,KHR,middle,3.25
2016-03-01,KRW,KHR,sell,3.27
2016-03-01,LAK,KHR,buy,0.493
2016-03-01,LAK,KHR,middle,0.4955
2016-03-01,LAK,KHR,sell,0.498
2016-03-01,MMK,KHR,buy,3.29
2016-03-01,MMK,KHR,middle,3.305
2016-03-01,MMK,KHR,sell,3.32
2016-03-01,MYR,KHR,buy,957
2016-03-01,MYR,KHR,middle,962
2016-03-01,MYR,KHR,sell,967
2016-03-01,NZD,KHR,buy,2645
2016-03-01,NZD,KHR,middle,2658.5
2016-03-01,NZD,KHR,sell,2672
2016-03-01,PHP,KHR,buy,84.45
2016-03-01,PHP,KHR,middle,84.87
2016-03-01,PHP,KHR,sell,85.29
2016-03-01,SDR,KHR,buy,5535
2016-03-01,SDR,KHR,middle,5562.5
2016-03-01,SDR,KHR,sell,5590
2016-03-01,SEK,KHR,buy,468
2016-03-01,SEK,KHR,middle,470.5
2016-03-01,SEK,KHR,sell,473
2016-03-01,SGD,KHR,buy,2852
2016-03-01,SGD,KHR,middle,2866
2016-03-01,SGD,KHR,sell,2880
2016-03-01,THB,KHR,buy,112
2016-03-01,THB,KHR,middle,113
2016-03-01,THB,KHR,sell,114
2016-03-01,TWD,KHR,buy,120
2016-03-01,TWD,KHR,middle,121
2016-03-01,TWD,KHR,sell,122
2016-03-01,USD,KHR,reference,4007
2016-03-01,VND,KHR,buy,0.18
2016-03-01,VND,KHR,middle,0.1805
2016-03-01,VND,KHR,sell,0.181
2016-03-02,AUD,KHR,buy,2876
2016-03-02,AUD,KHR,middle,2890
2016-03-02,AUD,KHR,sell,2904
2016-03-02,CAD,KHR,buy,2983
2016-03-02,CAD,KHR,middle,2998
2016-03-02,CAD,KHR,sell,3013
2016-03-02,CHF,KHR,buy,4019
2016-03-02,CHF,KHR,middle,4039
2016-03-02,CHF,KHR,sell,4059
2016-03-02,CNH,KHR,buy,612
2016-03-02,CNH,KHR,middle,615
2016-03-02,CNH,KHR,sell,618
2016-03-02,CNY,KHR,buy,611
2016-03-02,CNY,KHR,middle,614.5
2016-03-02,CNY,KHR,sell,618
2016-03-02,EUR,KHR,buy,4355
2016-03-02,EUR,KHR,middle,4377
2016-03-02,EUR,KHR,sell,4399
2016-03-02,GBP,KHR,buy,5591
2016-03-02,GBP,KHR,middle,5618.5
2016-03-02,GBP,KHR,sell,5646
2016-03-02,HKD,KHR,buy,515
2016-03-02,HKD,KHR,middle,517.5
2016-03-02,HKD,KHR,sell,520
2016-03-02,IDR,KHR,buy,0.3
2016-03-02,IDR,KHR,middle,0.3015
2016-03-02,IDR,KHR,sell,0.303
2016-03-02,INR,KHR,buy,59.02
2016-03-02,INR,KHR,middle,59.315
2016-03-02,INR,KHR,sell,59.61
2016-03-02,JPY,KHR,buy,35.17
2016-03-02,JPY,KHR,middle,35.35
2016-03-02,JPY,KHR,sell,35.53
2016-03-02,KRW,KHR,buy,3.26
2016-03-02,KRW,KHR,middle,3.275
2016-03-02,KRW,KHR,sell,3.29
2016-03-02,LAK,KHR,buy,0.492
2016-03-02,LAK,KHR,middle,0.4945
2016-03-02,LAK,KHR,sell,0.497
2016-03-02,MMK,KHR,buy,3.29
2016-03-02,MMK,KHR,middle,3.305
2016-03-02,MMK,KHR,sell,3.32
2016-03-02,MYR,KHR,buy,966
2016-03-02,MYR,KHR,middle,971
2016-03-02,MYR,KHR,sell,976
2016-03-02,NZD,KHR,buy,2657
2016-03-02,NZD,KHR,middle,2670.5
2016-03-02,NZD,KHR,sell,2684
2016-03-02,PHP,KHR,buy,84.59
2016-03-02,PHP,KHR,middle,85.01
2016-03-02,PHP,KHR,sell,85.43
2016-03-02,SDR,KHR,buy,5535
2016-03-02,SDR,KHR,middle,5563
2016-03-02,SDR,KHR,sell,5591
2016-03-02,SEK,KHR,buy,465
2016-03-02,SEK,KHR,middle,467.5
2016-03-02,SEK,KHR,sell,470
2016-03-02,SGD,KHR,buy,2859
2016-03-02,SGD,KHR,middle,2873.5
2016-03-02,SGD,KHR,sell,2888
2016-03-02,THB,KHR,buy,113
2016-03-02,THB,KHR,middle,113.5
2016-03-02,THB,KHR,sell,114
2016-03-02,TWD,KHR,buy,121
2016-03-02,TWD,KHR,middle,121.5
2016-03-02,TWD,KHR,sell,122
2016-03-02,USD,KHR,reference,4005
2016-03-02,VND,KHR,buy,0.18
2016-03-02,VND,KHR,middle,0.1805
2016-03-02,VND,KHR,sell,0.181
2016-03-03,AUD,KHR,buy,2919
2016-03-03,AUD,KHR,middle,2933.5
2016-03-03,AUD,KHR,sell,2948
2016-03-03,CAD,KHR,buy,2983
2016-03-03,CAD,KHR,middle,2998
2016-03-03,CAD,KHR,sell,3013
2016-03-03,CHF,KHR,buy,4019
2016-03-03,CHF,KHR,middle,4039
2016-03-03,CHF,KHR,sell,4059
2016-03-03,CNH,KHR,buy,612
2016-03-03,CNH,KHR,middle,615
2016-03-03,CNH,KHR,sell,618
2016-03-03,CNY,KHR,buy,611
2016-03-03,CNY,KHR,middle,614.5
2016-03-03,CNY,KHR,sell,618
2016-03-03,EUR,KHR,buy,4352
2016-03-03,EUR,KHR,middle,4373.5
2016-03-03,EUR,KHR,sell,4395
2016-03-03,GBP,KHR,buy,5637
2016-03-03,GBP,KHR,middle,5665
2016-03-03,GBP,KHR,sell,5693
2016-03-03,HKD,KHR,buy,515
2016-03-03,HKD,KHR,middle,517.5
2016-03-03,HKD,KHR,sell,520
2016-03-03,IDR,KHR,buy,0.301
2016-03-03,IDR,KHR,middle,0.3025
2016-03-03,IDR,KHR,sell,0.304
2016-03-03,INR,KHR,buy,59.3
2016-03-03,INR,KHR,middle,59.595
2016-03-03,INR,KHR,sell,59.89
2016-03-03,JPY,KHR,buy,35.3
2016-03-03,JPY,KHR,middle,35.475
2016-03-03,JPY,KHR,sell,35.65
2016-03-03,KRW,KHR,buy,3.27
2016-03-03,KRW,KHR,middle,3.29
2016-03-03,KRW,KHR,sell,3.31
2016-03-03,LAK,KHR,buy,0.492
2016-03-03,LAK,KHR,middle,0.4945
2016-03-03,LAK,KHR,sell,0.497
2016-03-03,MMK,KHR,buy,3.29
2016-03-03,MMK,KHR,middle,3.305
2016-03-03,MMK,KHR,sell,3.32
2016-03-03,MYR,KHR,buy,967
2016-03-03,MYR,KHR,middle,972
2016-03-03,MYR,KHR,sell,977
2016-03-03,NZD,KHR,buy,2669
2016-03-03,NZD,KHR,middle,2682
2016-03-03,NZD,KHR,sell,2695
2016-03-03,PHP,KHR,buy,84.82
2016-03-03,PHP,KHR,middle,85.245
2016-03-03,PHP,KHR,sell,85.67
2016-03-03,SDR,KHR,buy,5528
2016-03-03,SDR,KHR,middle,5555.5
2016-03-03,SDR,KHR,sell,5583
2016-03-03,SEK,KHR,buy,465
2016-03-03,SEK,KHR,middle,467.5
2016-03-03,SEK,KHR,sell,470
2016-03-03,SGD,KHR,buy,2865
2016-03-03,SGD,KHR,middle,2879.5
2016-03-03,SGD,KHR,sell,2894
2016-03-03,THB,KHR,buy,113
2016-03-03,THB,KHR,middle,113.5
2016-03-03,THB,KHR,sell,114
2016-03-03,TWD,KHR,buy,121
2016-03-03,TWD,KHR,middle,121.5
2016-03-03,TWD,KHR,sell,122
2016-03-03,USD,KHR,reference,4005
2016-03-03,VND,KHR,buy,0.18
2016-03-03,VND,KHR,middle,0.1805
2016-03-03,VND,KHR,sell,0.181
2016-03-04,AUD,KHR,buy,2941
2016-03-04,AUD,KHR,middle,2955.5
2016-03-04,AUD,KHR,sell,2970
2016-03-04,CAD,KHR,buy,2984
2016-03-04,CAD,KHR,middle,2999
2016-03-04,CAD,KHR,sell,3014
2016-03-04,CHF,KHR,buy,4034
2016-03-04,CHF,KHR,middle,4054.5
2016-03-04,CHF,KHR,sell,4075
2016-03-04,CNH,KHR,buy,613
2016-03-04,CNH,KHR,middle,616.5
2016-03-04,CNH,KHR,sell,620
2016-03-04,CNY,KHR,buy,613
2016-03-04,CNY,KHR,middle,616
2016-03-04,CNY,KHR,sell,619
2016-03-04,EUR,KHR,buy,4382
2016-03-04,EUR,KHR,middle,4404
2016-03-04,EUR,KHR,sell,4426
2016-03-04,GBP,KHR,buy,5669
2016-03-04,GBP,KHR,middle,5697
2016-03-04,GBP,KHR,sell,5725
2016-03-04,HKD,KHR,buy,515
2016-03-04,HKD,KHR,middle,517.5
2016-03-04,HKD,KHR,sell,520
2016-03-04,IDR,KHR,buy,0.303
2016-03-04,IDR,KHR,middle,0.3045
2016-03-04,IDR,KHR,sell,0.306
2016-03-04,INR,KHR,buy,59.45
2016-03-04,INR,KHR,middle,59.745
2016-03-04,INR,KHR,sell,60.04
2016-03-04,JPY,KHR,buy,35.23
2016-03-04,JPY,KHR,middle,35.41
2016-03-04,JPY,KHR,sell,35.59
2016-03-04,KRW,KHR,buy,3.31
2016-03-04,KRW,KHR,middle,3.33
2016-03-04,KRW,KHR,sell,3.35
2016-03-04,LAK,KHR,buy,0.492
2016-03-04,LAK,KHR,middle,0.4945
2016-03-04,LAK,KHR,sell,0.497
2016-03-04,MMK,KHR,buy,3.34
2016-03-04,MMK,KHR,middle,3.355
2016-03-04,MMK,KHR,sell,3.37
2016-03-04,MYR,KHR,buy,969
2016-03-04,MYR,KHR,middle,974
2016-03-04,MYR,KHR,sell,979
2016-03-04,NZD,KHR,buy,2694
2016-03-04,NZD,KHR,middle,2707.5
2016-03-04,NZD,KHR,sell,2721
2016-03-04,PHP,KHR,buy,85.09
2016-03-04,PHP,KHR,middle,85.515
2016-03-04,PHP,KHR,sell,85.94
2016-03-04,SDR,KHR,buy,5534
2016-03-04,SDR,KHR,middle,5561.5
2016-03-04,SDR,KHR,sell,5589
2016-03-04,SEK,KHR,buy,469
2016-03-04,SEK,KHR,middle,471.5
2016-03-04,SEK,KHR,sell,474
2016-03-04,SGD,KHR,buy,2886
2016-03-04,SGD,KHR,middle,2900.5
2016-03-04,SGD,KHR,sell,2915
2016-03-04,THB,KHR,buy,113
2016-03-04,THB,KHR,middle,113.5
2016-03-04,THB,KHR,sell,114
2016-03-04,TWD,KHR,buy,121
2016-03-04,TWD,KHR,middle,122
2016-03-04,TWD,KHR,sell,123
2016-03-04,USD,KHR,reference,4003
2016-03-04,VND,KHR,buy,0.18
2016-03-04,VND,KHR,middle,0.181
2016-03-04,VND,KHR,sell,0.182
2016-03-07,AUD,KHR,buy,2962
2016-03-07,AUD,KHR,middle,2976.5
2016-03-07,AUD,KHR,sell,2991
2016-03-07,CAD,KHR,buy,2998
2016-03-07,CAD,KHR,middle,3013
2016-03-07,CAD,KHR,sell,3028
2016-03-07,CHF,KHR,buy,4023
2016-03-07,CHF,KHR,middle,4043
2016-03-07,CHF,KHR,sell,4063
2016-03-07,CNH,KHR,buy,615
2016-03-07,CNH,KHR,middle,618
2016-03-07,CNH,KHR,sell,621
2016-03-07,CNY,KHR,buy,615
2016-03-07,CNY,KHR,middle,618
2016-03-07,CNY,KHR,sell,621
2016-03-07,EUR,KHR,buy,4397
2016-03-07,EUR,KHR,middle,4418.5
2016-03-07,EUR,KHR,sell,4440
2016-03-07,GBP,KHR,buy,5680
2016-03-07,GBP,KHR,middle,5708.5
2016-03-07,GBP,KHR,sell,5737
2016-03-07,HKD,KHR,buy,515
2016-03-07,HKD,KHR,middle,517.5
2016-03-07,HKD,KHR,sell,520
2016-03-07,IDR,KHR,buy,0.305
2016-03-07,IDR,KHR,middle,0.3065
2016-03-07,IDR,KHR,sell,0.308
2016-03-07,INR,KHR,buy,59.61
2016-03-07,INR,KHR,middle,59.905
2016-03-07,INR,KHR,sell,60.2
2016-03-07,JPY,KHR,buy,35.16
2016-03-07,JPY,KHR,middle,35.335
2016-03-07,JPY,KHR,sell,35.51
2016-03-07,KRW,KHR,buy,3.33
2016-03-07,KRW,KHR,middle,3.345
2016-03-07,KRW,KHR,sell,3.36
2016-03-07,LAK,KHR,buy,0.492
2016-03-07,LAK,KHR,middle,0.4945
2016-03-07,LAK,KHR,sell,0.497
2016-03-07,MMK,KHR,buy,3.32
2016-03-07,MMK,KHR,middle,3.335
2016-03-07,MMK,KHR,sell,3.35
2016-03-07,MYR,KHR,buy,980
2016-03-07,MYR,KHR,middle,984.5
2016-03-07,MYR,KHR,sell,989
2016-03-07,NZD,KHR,buy,2711
2016-03-07,NZD,KHR,middle,2724.5
2016-03-07,NZD,KHR,sell,2738
2016-03-07,PHP,KHR,buy,85.32
2016-03-07,PHP,KHR,middle,85.745
2016-03-07,PHP,KHR,sell,86.17
2016-03-07,SDR,KHR,buy,5551
2016-03-07,SDR,KHR,middle,5578.5
2016-03-07,SDR,KHR,sell,5606
2016-03-07,SEK,KHR,buy,472
2016-03-07,SEK,KHR,middle,474
2016-03-07,SEK,KHR,sell,476
2016-03-07,SGD,KHR,buy,2904
2016-03-07,SGD,KHR,middle,2918.5
2016-03-07,SGD,KHR,sell,2933
2016-03-07,THB,KHR,buy,113
2016-03-07,THB,KHR,middle,113.5
2016-03-07,THB,KHR,sell,114
2016-03-07,TWD,KHR,buy,122
2016-03-07,TWD,KHR,middle,122.5
2016-03-07,TWD,KHR,sell,123
2016-03-07,USD,KHR,reference,3999
2016-03-07,VND,KHR,buy,0.179
2016-03-07,VND,KHR,middle,0.18
2016-03-07,VND,KHR,sell,0.181
2016-03-09,AUD,KHR,buy,2969
2016-03-09,AUD,KHR,middle,2984
2016-03-09,AUD,KHR,sell,2999
2016-03-09,CAD,KHR,buy,2979
2016-03-09,CAD,KHR,middle,2994
2016-03-09,CAD,KHR,sell,3009
2016-03-09,CHF,KHR,buy,4014
2016-03-09,CHF,KHR,middle,4034
2016-03-09,CHF,KHR,sell,4054
2016-03-09,CNH,KHR,buy,614
2016-03-09,CNH,KHR,middle,617
2016-03-09,CNH,KHR,sell,620
2016-03-09,CNY,KHR,buy,615
2016-03-09,CNY,KHR,middle,618
2016-03-09,CNY,KHR,sell,621
2016-03-09,EUR,KHR,buy,4399
2016-03-09,EUR,KHR,middle,4420.5
2016-03-09,EUR,KHR,sell,4442
2016-03-09,GBP,KHR,buy,5679
2016-03-09,GBP,KHR,middle,5707.5
2016-03-09,GBP,KHR,sell,5736
2016-03-09,HKD,KHR,buy,515
2016-03-09,HKD,KHR,middle,517.5
2016-03-09,HKD,KHR,sell,520
2016-03-09,IDR,KHR,buy,0.304
2016-03-09,IDR,KHR,middle,0.3055
2016-03-09,IDR,KHR,sell,0.307
2016-03-09,INR,KHR,buy,59.38
2016-03-09,INR,KHR,middle,59.68
2016-03-09,INR,KHR,sell,59.98
2016-03-09,JPY,KHR,buy,35.56
2016-03-09,JPY,KHR,middle,35.735
2016-03-09,JPY,KHR,sell,35.91
2016-03-09,KRW,KHR,buy,3.3
2016-03-09,KRW,KHR,middle,3.315
2016-03-09,KRW,KHR,sell,3.33
2016-03-09,LAK,KHR,buy,0.492
2016-03-09,LAK,KHR,middle,0.4945
2016-03-09,LAK,KHR,sell,0.497
2016-03-09,MMK,KHR,buy,3.33
2016-03-09,MMK,KHR,middle,3.35
2016-03-09,MMK,KHR,sell,3.37
2016-03-09,MYR,KHR,buy,969
2016-03-09,MYR,KHR,middle,973.5
2016-03-09,MYR,KHR,sell,978
2016-03-09,NZD,KHR,buy,2698
2016-03-09,NZD,KHR,middle,2711.5
2016-03-09,NZD,KHR,sell,2725
2016-03-09,PHP,KHR,buy,85.34
2016-03-09,PHP,KHR,middle,85.77
2016-03-09,PHP,KHR,sell,86.2
2016-03-09,SDR,KHR,buy,5562
2016-03-09,SDR,KHR,middle,5590
2016-03-09,SDR,KHR,sell,5618
2016-03-09,SEK,KHR,buy,471
2016-03-09,SEK,KHR,middle,473.5
2016-03-09,SEK,KHR,sell,476
2016-03-09,SGD,KHR,buy,2885
2016-03-09,SGD,KHR,middle,2899.5
2016-03-09,SGD,KHR,sell,2914
2016-03-09,THB,KHR,buy,113
2016-03-09,THB,KHR,middle,113.5
2016-03-09,THB,KHR,sell,114
2016-03-09,TWD,KHR,buy,122
2016-03-09,TWD,KHR,middle,122.5
2016-03-09,TWD,KHR,sell,123
2016-03-09,USD,KHR,reference,3999
2016-03-09,VND,KHR,buy,0.18
2016-03-09,VND,KHR,middle,0.1805
2016-03-09,VND,KHR,sell,0.181
2016-03-10,AUD,KHR,buy,2986
2016-03-10,AUD,KHR,middle,3001
2016-03-10,AUD,KHR,sell,3016
2016-03-10,CAD,KHR,buy,3019
2016-03-10,CAD,KHR,middle,3034
2016-03-10,CAD,KHR,sell,3049
2016-03-10,CHF,KHR,buy,4007
2016-03-10,CHF,KHR,middle,4027
2016-03-10,CHF,KHR,sell,4047
2016-03-10,CNH,KHR,buy,614
2016-03-10,CNH,KHR,middle,617
2016-03-10,CNH,KHR,sell,620
2016-03-10,CNY,KHR,buy,614
2016-03-10,CNY,KHR,middle,617
2016-03-10,CNY,KHR,sell,620
2016-03-10,EUR,KHR,buy,4395
2016-03-10,EUR,KHR,middle,4416.5
2016-03-10,EUR,KHR,sell,4438
2016-03-10,GBP,KHR,buy,5681
2016-03-10,GBP,KHR,middle,5709
2016-03-10,GBP,KHR,sell,5737
2016-03-10,HKD,KHR,buy,515
2016-03-10,HKD,KHR,middle,517.5
2016-03-10,HKD,KHR,sell,520
2016-03-10,IDR,KHR,buy,0.304
2016-03-10,IDR,KHR,middle,0.3055
2016-03-10,IDR,KHR,sell,0.307
2016-03-10,INR,KHR,buy,59.5
2016-03-10,INR,KHR,middle,59.8
2016-03-10,INR,KHR,sell,60.1
2016-03-10,JPY,KHR,buy,35.32
2016-03-10,JPY,KHR,middle,35.5
2016-03-10,JPY,KHR,sell,35.68
2016-03-10,KRW,KHR,buy,3.29
2016-03-10,KRW,KHR,middle,3.305
2016-03-10,KRW,KHR,sell,3.32
2016-03-10,LAK,KHR,buy,0.492
2016-03-10,LAK,KHR,middle,0.4945
2016-03-10,LAK,KHR,sell,0.497
2016-03-10,MMK,KHR,buy,3.34
2016-03-10,MMK,KHR,middle,3.36
2016-03-10,MMK,KHR,sell,3.38
2016-03-10,MYR,KHR,buy,969
2016-03-10,MYR,KHR,middle,974
2016-03-10,MYR,KHR,sell,979
2016-03-10,NZD,KHR,buy,2656
2016-03-10,NZD,KHR,middle,2669.5
2016-03-10,NZD,KHR,sell,2683
2016-03-10,PHP,KHR,buy,85.34
2016-03-10,PHP,KHR,middle,85.77
2016-03-10,PHP,KHR,sell,86.2
2016-03-10,SDR,KHR,buy,5557
2016-03-10,SDR,KHR,middle,5584.5
2016-03-10,SDR,KHR,sell,5612
2016-03-10,SEK,KHR,buy,473
2016-03-10,SEK,KHR,middle,475.5
2016-03-10,SEK,KHR,sell,478
2016-03-10,SGD,KHR,buy,2894
2016-03-10,SGD,KHR,middle,2908.5
2016-03-10,SGD,KHR,sell,2923
2016-03-10,THB,KHR,buy,113
2016-03-10,THB,KHR,middle,114
2016-03-10,THB,KHR,sell,115
2016-03-10,TWD,KHR,buy,122
2016-03-10,TWD,KHR,middle,122.5
2016-03-10,TWD,KHR,sell,123
2016-03-10,USD,KHR,reference,3999
2016-03-10,VND,KHR,buy,0.18
2016-03-10,VND,KHR,middle,0.1805
2016-03-10,VND,KHR,sell,0.181
2016-03-11,AUD,KHR,buy,2981
2016-03-11,AUD,KHR,middle,2996
2016-03-11,AUD,KHR,sell,3011
2016-03-11,CAD,KHR,buy,2999
2016-03-11,CAD,KHR,middle,3014
2016-03-11,CAD,KHR,sell,3029
2016-03-11,CHF,KHR,buy,4062
2016-03-11,CHF,KHR,middle,4082
2016-03-11,CHF,KHR,sell,4102
2016-03-11,CNH,KHR,buy,615
2016-03-11,CNH,KHR,middle,618
2016-03-11,CNH,KHR,sell,621
2016-03-11,CNY,KHR,buy,615
2016-03-11,CNY,KHR,middle,618
2016-03-11,CNY,KHR,sell,621
2016-03-11,EUR,KHR,buy,4469
2016-03-11,EUR,KHR,middle,4491.5
2016-03-11,EUR,KHR,sell,4514
2016-03-11,GBP,KHR,buy,5710
2016-03-11,GBP,KHR,middle,5738.5
2016-03-11,GBP,KHR,sell,5767
2016-03-11,HKD,KHR,buy,515
2016-03-11,HKD,KHR,middle,517.5
2016-03-11,HKD,KHR,sell,520
2016-03-11,IDR,KHR,buy,0.307
2016-03-11,IDR,KHR,middle,0.3085
2016-03-11,IDR,KHR,sell,0.31
2016-03-11,INR,KHR,buy,59.63
2016-03-11,INR,KHR,middle,59.93
2016-03-11,INR,KHR,sell,60.23
2016-03-11,JPY,KHR,buy,35.38
2016-03-11,JPY,KHR,middle,35.555
2016-03-11,JPY,KHR,sell,35.73
2016-03-11,KRW,KHR,buy,3.31
2016-03-11,KRW,KHR,middle,3.33
2016-03-11,KRW,KHR,sell,3.35
2016-03-11,LAK,KHR,buy,0.492
2016-03-11,LAK,KHR,middle,0.4945
2016-03-11,LAK,KHR,sell,0.497
2016-03-11,MMK,KHR,buy,3.35
2016-03-11,MMK,KHR,middle,3.365
2016-03-11,MMK,KHR,sell,3.38
2016-03-11,MYR,KHR,buy,971
2016-03-11,MYR,KHR,middle,975.5
2016-03-11,MYR,KHR,sell,980
2016-03-11,NZD,KHR,buy,2672
2016-03-11,NZD,KHR,middle,2685.5
2016-03-11,NZD,KHR,sell,2699
2016-03-11,PHP,KHR,buy,85.83
2016-03-11,PHP,KHR,middle,86.26
2016-03-11,PHP,KHR,sell,86.69
2016-03-11,SDR,KHR,buy,5552
2016-03-11,SDR,KHR,middle,5580
2016-03-11,SDR,KHR,sell,5608
2016-03-11,SEK,KHR,buy,478
2016-03-11,SEK,KHR,middle,480
2016-03-11,SEK,KHR,sell,482
2016-03-11,SGD,KHR,buy,2897
2016-03-11,SGD,KHR,middle,2911.5
2016-03-11,SGD,KHR,sell,2926
2016-03-11,THB,KHR,buy,114
2016-03-11,THB,KHR,middle,114.5
2016-03-11,THB,KHR,sell,115
2016-03-11,TWD,KHR,buy,122
2016-03-11,TWD,KHR,middle,122.5
2016-03-11,TWD,KHR,sell,123
2016-03-11,USD,KHR,reference,3999
2016-03-11,VND,KHR,buy,0.18
2016-03-11,VND,KHR,middle,0.181
2016-03-11,VND,KHR,sell,0.182
2016-03-14,AUD,KHR,buy,3025
2016-03-14,AUD,KHR,middle,3040
2016-03-14,AUD,KHR,sell,3055
2016-03-14,CAD,KHR,buy,3022
2016-03-14,CAD,KHR,middle,3037
2016-03-14,CAD,KHR,sell,3052
2016-03-14,CHF,KHR,buy,4069
2016-03-14,CHF,KHR,middle,4089
2016-03-14,CHF,KHR,sell,4109
2016-03-14,CNH,KHR,buy,617
2016-03-14,CNH,KHR,middle,620
2016-03-14,CNH,KHR,sell,623
2016-03-14,CNY,KHR,buy,616
2016-03-14,CNY,KHR,middle,619
2016-03-14,CNY,KHR,sell,622
2016-03-14,EUR,KHR,buy,4462
2016-03-14,EUR,KHR,middle,4484.5
2016-03-14,EUR,KHR,sell,4507
2016-03-14,GBP,KHR,buy,5749
2016-03-14,GBP,KHR,middle,5778
2016-03-14,GBP,KHR,sell,5807
2016-03-14,HKD,KHR,buy,515
2016-03-14,HKD,KHR,middle,518
2016-03-14,HKD,KHR,sell,521
2016-03-14,IDR,KHR,buy,0.306
2016-03-14,IDR,KHR,middle,0.3075
2016-03-14,IDR,KHR,sell,0.309
2016-03-14,INR,KHR,buy,59.64
2016-03-14,INR,KHR,middle,59.94
2016-03-14,INR,KHR,sell,60.24
2016-03-14,JPY,KHR,buy,35.16
2016-03-14,JPY,KHR,middle,35.335
2016-03-14,JPY,KHR,sell,35.51
2016-03-14,KRW,KHR,buy,3.36
2016-03-14,KRW,KHR,middle,3.375
2016-03-14,KRW,KHR,sell,3.39
2016-03-14,LAK,KHR,buy,0.492
2016-03-14,LAK,KHR,middle,0.4945
2016-03-14,LAK,KHR,sell,0.497
2016-03-14,MMK,KHR,buy,3.35
2016-03-14,MMK,KHR,middle,3.365
2016-03-14,MMK,KHR,sell,3.38
2016-03-14,MYR,KHR,buy,978
2016-03-14,MYR,KHR,middle,983
2016-03-14,MYR,KHR,sell,988
2016-03-14,NZD,KHR,buy,2698
2016-03-14,NZD,KHR,middle,2711.5
2016-03-14,NZD,KHR,sell,2725
2016-03-14,PHP,KHR,buy,85.79
2016-03-14,PHP,KHR,middle,86.22
2016-03-14,PHP,KHR,sell,86.65
2016-03-14,SDR,KHR,buy,5578
2016-03-14,SDR,KHR,middle,5606
2016-03-14,SDR,KHR,sell,5634
2016-03-14,SEK,KHR,buy,480
2016-03-14,SEK,KHR,middle,482.5
2016-03-14,SEK,KHR,sell,485
2016-03-14,SGD,KHR,buy,2909
2016-03-14,SGD,KHR,middle,2923.5
2016-03-14,SGD,KHR,sell,2938
2016-03-14,THB,KHR,buy,114
2016-03-14,THB,KHR,middle,114.5
2016-03-14,THB,KHR,sell,115
2016-03-14,TWD,KHR,buy,122
2016-03-14,TWD,KHR,middle,122.5
2016-03-14,TWD,KHR,sell,123
2016-03-14,USD,KHR,reference,3999
2016-03-14,VND,KHR,buy,0.18
2016-03-14,VND,KHR,middle,0.181
2016-03-14,VND,KHR,sell,0.182
2016-03-15,AUD,KHR,buy,3006
2016-03-15,AUD,KHR,middle,3021.5
2016-03-15,AUD,KHR,sell,3037
2016-03-15,CAD,KHR,buy,3013
2016-03-15,CAD,KHR,middle,3028
2016-03-15,CAD,KHR,sell,3043
2016-03-15,CHF,KHR,buy,4051
2016-03-15,CHF,KHR,middle,4071
2016-03-15,CHF,KHR,sell,4091
2016-03-15,CNH,KHR,buy,616
2016-03-15,CNH,KHR,middle,619
2016-03-15,CNH,KHR,sell,622
2016-03-15,CNY,KHR,buy,615
2016-03-15,CNY,KHR,middle,618.5
2016-03-15,CNY,KHR,sell,622
2016-03-15,EUR,KHR,buy,4438
2016-03-15,EUR,KHR,middle,4460
2016-03-15,EUR,KHR,sell,4482
2016-03-15,GBP,KHR,buy,5711
2016-03-15,GBP,KHR,middle,5739.5
2016-03-15,GBP,KHR,sell,5768
2016-03-15,HKD,KHR,buy,515
2016-03-15,HKD,KHR,middle,518
2016-03-15,HKD,KHR,sell,521
2016-03-15,IDR,KHR,buy,0.307
2016-03-15,IDR,KHR,middle,0.3085
2016-03-15,IDR,KHR,sell,0.31
2016-03-15,INR,KHR,buy,59.6
2016-03-15,INR,KHR,middle,59.895
2016-03-15,INR,KHR,sell,60.19
2016-03-15,JPY,KHR,buy,35.14
2016-03-15,JPY,KHR,middle,35.315
2016-03-15,JPY,KHR,sell,35.49
2016-03-15,KRW,KHR,buy,3.36
2016-03-15,KRW,KHR,middle,3.375
2016-03-15,KRW,KHR,sell,3.39
2016-03-15,LAK,KHR,buy,0.492
2016-03-15,LAK,KHR,middle,0.4945
2016-03-15,LAK,KHR,sell,0.497
2016-03-15,MMK,KHR,buy,3.35
2016-03-15,MMK,KHR,middle,3.365
2016-03-15,MMK,KHR,sell,3.38
2016-03-15,MYR,KHR,buy,973
2016-03-15,MYR,KHR,middle,978
2016-03-15,MYR,KHR,sell,983
2016-03-15,NZD,KHR,buy,2670
2016-03-15,NZD,KHR,middle,2683.5
2016-03-15,NZD,KHR,sell,2697
2016-03-15,PHP,KHR,buy,85.89
2016-03-15,PHP,KHR,middle,86.32
2016-03-15,PHP,KHR,sell,86.75
2016-03-15,SDR,KHR,buy,5581
2016-03-15,SDR,KHR,middle,5608.5
2016-03-15,SDR,KHR,sell,5636
2016-03-15,SEK,KHR,buy,479
2016-03-15,SEK,KHR,middle,481.5
2016-03-15,SEK,KHR,sell,484
2016-03-15,SGD,KHR,buy,2905
2016-03-15,SGD,KHR,middle,2919.5
2016-03-15,SGD,KHR,sell,2934
2016-03-15,THB,KHR,buy,114
2016-03-15,THB,KHR,middle,114.5
2016-03-15,THB,KHR,sell,115
2016-03-15,TWD,KHR,buy,122
2016-03-15,TWD,KHR,middle,123
2016-03-15,TWD,KHR,sell,124
2016-03-15,USD,KHR,reference,3999
2016-03-15,VND,KHR,buy,0.18
2016-03-15,VND,KHR,middle,0.1805
2016-03-15,VND,KHR,sell,0.181
2016-03-16,AUD,KHR,buy,2986
2016-03-16,AUD,KHR,middle,3001
2016-03-16,AUD,KHR,sell,3016
2016-03-16,CAD,KHR,buy,2995
2016-03-16,CAD,KHR,middle,3010
2016-03-16,CAD,KHR,sell,3025
2016-03-16,CHF,KHR,buy,4053
2016-03-16,CHF,KHR,middle,4073
2016-03-16,CHF,KHR,sell,4093
2016-03-16,CNH,KHR,buy,614
2016-03-16,CNH,KHR,middle,617.5
2016-03-16,CNH,KHR,sell,621
2016-03-16,CNY,KHR,buy,614
2016-03-16,CNY,KHR,middle,617
2016-03-16,CNY,KHR,sell,620
2016-03-16,EUR,KHR,buy,4441
2016-03-16,EUR,KHR,middle,4463
2016-03-16,EUR,KHR,sell,4485
2016-03-16,GBP,KHR,buy,5657
2016-03-16,GBP,KHR,middle,5685
2016-03-16,GBP,KHR,sell,5713
2016-03-16,HKD,KHR,buy,515
2016-03-16,HKD,KHR,middle,517.5
2016-03-16,HKD,KHR,sell,520
2016-03-16,IDR,KHR,buy,0.304
2016-03-16,IDR,KHR,middle,0.3055
2016-03-16,IDR,KHR,sell,0.307
2016-03-16,INR,KHR,buy,59.35
2016-03-16,INR,KHR,middle,59.645
2016-03-16,INR,KHR,sell,59.94
2016-03-16,JPY,KHR,buy,35.35
2016-03-16,JPY,KHR,middle,35.525
2016-03-16,JPY,KHR,sell,35.7
2016-03-16,KRW,KHR,buy,3.35
2016-03-16,KRW,KHR,middle,3.37
2016-03-16,KRW,KHR,sell,3.39
2016-03-16,LAK,KHR,buy,0.492
2016-03-16,LAK,KHR,middle,0.4945
2016-03-16,LAK,KHR,sell,0.497
2016-03-16,MMK,KHR,buy,3.34
2016-03-16,MMK,KHR,middle,3.36
2016-03-16,MMK,KHR,sell,3.38
2016-03-16,MYR,KHR,buy,966
2016-03-16,MYR,KHR,middle,971
2016-03-16,MYR,KHR,sell,976
2016-03-16,NZD,KHR,buy,2645
2016-03-16,NZD,KHR,middle,2658
2016-03-16,NZD,KHR,sell,2671
2016-03-16,PHP,KHR,buy,85.59
2016-03-16,PHP,KHR,middle,86.02
2016-03-16,PHP,KHR,sell,86.45
2016-03-16,SDR,KHR,buy,5574
2016-03-16,SDR,KHR,middle,5601.5
2016-03-16,SDR,KHR,sell,5629
2016-03-16,SEK,KHR,buy,480
2016-03-16,SEK,KHR,middle,482.5
2016-03-16,SEK,KHR,sell,485
2016-03-16,SGD,KHR,buy,2898
2016-03-16,SGD,KHR,middle,2912.5
2016-03-16,SGD,KHR,sell,2927
2016-03-16,THB,KHR,buy,114
2016-03-16,THB,KHR,middle,114.5
2016-03-16,THB,KHR,sell,115
2016-03-16,TWD,KHR,buy,122
2016-03-16,TWD,KHR,middle,122.5
2016-03-16,TWD,KHR,sell,123
2016-03-16,USD,KHR,reference,3999
2016-03-16,VND,KHR,buy,0.179
2016-03-16,VND,KHR,middle,0.18
2016-03-16,VND,KHR,sell,0.181
2016-03-17,AUD,KHR,buy,3021
2016-03-17,AUD,KHR,middle,3036
2016-03-17,AUD,KHR,sell,3051
2016-03-17,CAD,KHR,buy,3050
2016-03-17,CAD,KHR,middle,3065.5
2016-03-17,CAD,KHR,sell,3081
2016-03-17,CHF,KHR,buy,4089
2016-03-17,CHF,KHR,middle,4109.5
2016-03-17,CHF,KHR,sell,4130
2016-03-17,CNH,KHR,buy,616
2016-03-17,CNH,KHR,middle,619
2016-03-17,CNH,KHR,sell,622
2016-03-17,CNY,KHR,buy,614
2016-03-17,CNY,KHR,middle,617
2016-03-17,CNY,KHR,sell,620
2016-03-17,EUR,KHR,buy,4486
2016-03-17,EUR,KHR,middle,4508.5
2016-03-17,EUR,KHR,sell,4531
2016-03-17,GBP,KHR,buy,5701
2016-03-17,GBP,KHR,middle,5729.5
2016-03-17,GBP,KHR,sell,5758
2016-03-17,HKD,KHR,buy,515
2016-03-17,HKD,KHR,middle,518
2016-03-17,HKD,KHR,sell,521
2016-03-17,IDR,KHR,buy,0.302
2016-03-17,IDR,KHR,middle,0.3035
2016-03-17,IDR,KHR,sell,0.305
2016-03-17,INR,KHR,buy,59.48
2016-03-17,INR,KHR,middle,59.78
2016-03-17,INR,KHR,sell,60.08
2016-03-17,JPY,KHR,buy,35.47
2016-03-17,JPY,KHR,middle,35.65
2016-03-17,JPY,KHR,sell,35.83
2016-03-17,KRW,KHR,buy,3.4
2016-03-17,KRW,KHR,middle,3.415
2016-03-17,KRW,KHR,sell,3.43
2016-03-17,LAK,KHR,buy,0.492
2016-03-17,LAK,KHR,middle,0.4945
2016-03-17,LAK,KHR,sell,0.497
2016-03-17,MMK,KHR,buy,3.39
2016-03-17,MMK,KHR,middle,3.405
2016-03-17,MMK,KHR,sell,3.42
2016-03-17,MYR,KHR,buy,978
2016-03-17,MYR,KHR,middle,983
2016-03-17,MYR,KHR,sell,988
2016-03-17,NZD,KHR,buy,2697
2016-03-17,NZD,KHR,middle,2710.5
2016-03-17,NZD,KHR,sell,2724
2016-03-17,PHP,KHR,buy,85.52
2016-03-17,PHP,KHR,middle,85.95
2016-03-17,PHP,KHR,sell,86.38
2016-03-17,SDR,KHR,buy,5567
2016-03-17,SDR,KHR,middle,5595
2016-03-17,SDR,KHR,sell,5623
2016-03-17,SEK,KHR,buy,486
2016-03-17,SEK,KHR,middle,488.5
2016-03-17,SEK,KHR,sell,491
2016-03-17,SGD,KHR,buy,2929
2016-03-17,SGD,KHR,middle,2943.5
2016-03-17,SGD,KHR,sell,2958
2016-03-17,THB,KHR,buy,115
2016-03-17,THB,KHR,middle,115.5
2016-03-17,THB,KHR,sell,116
2016-03-17,TWD,KHR,buy,122
2016-03-17,TWD,KHR,middle,122.5
2016-03-17,TWD,KHR,sell,123
2016-03-17,USD,KHR,reference,3999
2016-03-17,VND,KHR,buy,0.179
2016-03-17,VND,KHR,middle,0.18
2016-03-17,VND,KHR,sell,0.181
2016-03-18,AUD,KHR,buy,3055
2016-03-18,AUD,KHR,middle,3070.5
2016-03-18,AUD,KHR,sell,3086
2016-03-18,CAD,KHR,buy,3078
2016-03-18,CAD,KHR,middle,3093.5
2016-03-18,CAD,KHR,sell,3109
2016-03-18,CHF,KHR,buy,4135
2016-03-18,CHF,KHR,middle,4155.5
2016-03-18,CHF,KHR,sell,4176
2016-03-18,CNH,KHR,buy,618
2016-03-18,CNH,KHR,middle,621.5
2016-03-18,CNH,KHR,sell,625
2016-03-18,CNY,KHR,buy,618
2016-03-18,CNY,KHR,middle,621
2016-03-18,CNY,KHR,sell,624
2016-03-18,EUR,KHR,buy,4524
2016-03-18,EUR,KHR,middle,4546.5
2016-03-18,EUR,KHR,sell,4569
2016-03-18,GBP,KHR,buy,5788
2016-03-18,GBP,KHR,middle,5817
2016-03-18,GBP,KHR,sell,5846
2016-03-18,HKD,KHR,buy,516
2016-03-18,HKD,KHR,middle,518.5
2016-03-18,HKD,KHR,sell,521
2016-03-18,IDR,KHR,buy,0.306
2016-03-18,IDR,KHR,middle,0.3075
2016-03-18,IDR,KHR,sell,0.309
2016-03-18,INR,KHR,buy,59.92
2016-03-18,INR,KHR,middle,60.22
2016-03-18,INR,KHR,sell,60.52
2016-03-18,JPY,KHR,buy,35.9
2016-03-18,JPY,KHR,middle,36.08
2016-03-18,JPY,KHR,sell,36.26
2016-03-18,KRW,KHR,buy,3.45
2016-03-18,KRW,KHR,middle,3.465
2016-03-18,KRW,KHR,sell,3.48
2016-03-18,LAK,KHR,buy,0.492
2016-03-18,LAK,KHR,middle,0.4945
2016-03-18,LAK,KHR,sell,0.497
2016-03-18,MMK,KHR,buy,3.34
2016-03-18,MMK,KHR,middle,3.36
2016-03-18,MMK,KHR,sell,3.38
2016-03-18,MYR,KHR,buy,990
2016-03-18,MYR,KHR,middle,995
2016-03-18,MYR,KHR,sell,1000
2016-03-18,NZD,KHR,buy,2732
2016-03-18,NZD,KHR,middle,2745.5
2016-03-18,NZD,KHR,sell,2759
2016-03-18,PHP,KHR,buy,86.48
2016-03-18,PHP,KHR,middle,86.91
2016-03-18,PHP,KHR,sell,87.34
2016-03-18,SDR,KHR,buy,5630
2016-03-18,SDR,KHR,middle,5658
2016-03-18,SDR,KHR,sell,5686
2016-03-18,SEK,KHR,buy,489
2016-03-18,SEK,KHR,middle,491
2016-03-18,SEK,KHR,sell,493
2016-03-18,SGD,KHR,buy,2956
2016-03-18,SGD,KHR,middle,2971
2016-03-18,SGD,KHR,sell,2986
2016-03-18,THB,KHR,buy,115
2016-03-18,THB,KHR,middle,115.5
2016-03-18,THB,KHR,sell,116
2016-03-18,TWD,KHR,buy,123
2016-03-18,TWD,KHR,middle,123.5
2016-03-18,TWD,KHR,sell,124
2016-03-18,USD,KHR,reference,3999
2016-03-18,VND,KHR,buy,0.18
2016-03-18,VND,KHR,middle,0.181
2016-03-18,VND,KHR,sell,0.182
2016-03-21,AUD,KHR,buy,3033
2016-03-21,AUD,KHR,middle,3048
2016-03-21,AUD,KHR,sell,3063
2016-03-21,CAD,KHR,buy,3061
2016-03-21,CAD,KHR,middle,3076
2016-03-21,CAD,KHR,sell,3091
2016-03-21,CHF,KHR,buy,4125
2016-03-21,CHF,KHR,middle,4146
2016-03-21,CHF,KHR,sell,4167
2016-03-21,CNH,KHR,buy,618
2016-03-21,CNH,KHR,middle,621
2016-03-21,CNH,KHR,sell,624
2016-03-21,CNY,KHR,buy,618
2016-03-21,CNY,KHR,middle,621
2016-03-21,CNY,KHR,sell,624
2016-03-21,EUR,KHR,buy,4509
2016-03-21,EUR,KHR,middle,4531.5
2016-03-21,EUR,KHR,sell,4554
2016-03-21,GBP,KHR,buy,5778
2016-03-21,GBP,KHR,middle,5807
2016-03-21,GBP,KHR,sell,5836
2016-03-21,HKD,KHR,buy,516
2016-03-21,HKD,KHR,middle,518.5
2016-03-21,HKD,KHR,sell,521
2016-03-21,IDR,KHR,buy,0.305
2016-03-21,IDR,KHR,middle,0.3065
2016-03-21,IDR,KHR,sell,0.308
2016-03-21,INR,KHR,buy,60.12
2016-03-21,INR,KHR,middle,60.42
2016-03-21,INR,KHR,sell,60.72
2016-03-21,JPY,KHR,buy,35.88
2016-03-21,JPY,KHR,middle,36.06
2016-03-21,JPY,KHR,sell,36.24
2016-03-21,KRW,KHR,buy,3.43
2016-03-21,KRW,KHR,middle,3.445
2016-03-21,KRW,KHR,sell,3.46
2016-03-21,LAK,KHR,buy,0.493
2016-03-21,LAK,KHR,middle,0.4955
2016-03-21,LAK,KHR,sell,0.498
2016-03-21,MMK,KHR,buy,3.35
2016-03-21,MMK,KHR,middle,3.37
2016-03-21,MMK,KHR,sell,3.39
2016-03-21,MYR,KHR,buy,981
2016-03-21,MYR,KHR,middle,986
2016-03-21,MYR,KHR,sell,991
2016-03-21,NZD,KHR,buy,2703
2016-03-21,NZD,KHR,middle,2716.5
2016-03-21,NZD,KHR,sell,2730
2016-03-21,PHP,KHR,buy,86.32
2016-03-21,PHP,KHR,middle,86.755
2016-03-21,PHP,KHR,sell,87.19
2016-03-21,SDR,KHR,buy,5622
2016-03-21,SDR,KHR,middle,5650
2016-03-21,SDR,KHR,sell,5678
2016-03-21,SEK,KHR,buy,486
2016-03-21,SEK,KHR,middle,488.5
2016-03-21,SEK,KHR,sell,491
2016-03-21,SGD,KHR,buy,2940
2016-03-21,SGD,KHR,middle,2954.5
2016-03-21,SGD,KHR,sell,2969
2016-03-21,THB,KHR,buy,115
2016-03-21,THB,KHR,middle,115.5
2016-03-21,THB,KHR,sell,116
2016-03-21,TWD,KHR,buy,124
2016-03-21,TWD,KHR,middle,124.5
2016-03-21,TWD,KHR,sell,125
2016-03-21,USD,KHR,reference,3998
2016-03-21,VND,KHR,buy,0.179
2016-03-21,VND,KHR,middle,0.18
2016-03-21,VND,KHR,sell,0.181
2016-03-22,AUD,KHR,buy,3029
2016-03-22,AUD,KHR,middle,3044
2016-03-22,AUD,KHR,sell,3059
2016-03-22,CAD,KHR,buy,3056
2016-03-22,CAD,KHR,middle,3071.5
2016-03-22,CAD,KHR,sell,3087
2016-03-22,CHF,KHR,buy,4120
2016-03-22,CHF,KHR,middle,4141
2016-03-22,CHF,KHR,sell,4162
2016-03-22,CNH,KHR,buy,617
2016-03-22,CNH,KHR,middle,620
2016-03-22,CNH,KHR,sell,623
2016-03-22,CNY,KHR,buy,617
2016-03-22,CNY,KHR,middle,620
2016-03-22,CNY,KHR,sell,623
2016-03-22,EUR,KHR,buy,4492
2016-03-22,EUR,KHR,middle,4514.5
2016-03-22,EUR,KHR,sell,4537
2016-03-22,GBP,KHR,buy,5747
2016-03-22,GBP,KHR,middle,5776
2016-03-22,GBP,KHR,sell,5805
2016-03-22,HKD,KHR,buy,516
2016-03-22,HKD,KHR,middle,518.5
2016-03-22,HKD,KHR,sell,521
2016-03-22,IDR,KHR,buy,0.304
2016-03-22,IDR,KHR,middle,0.3055
2016-03-22,IDR,KHR,sell,0.307
2016-03-22,INR,KHR,buy,60.12
2016-03-22,INR,KHR,middle,60.42
2016-03-22,INR,KHR,sell,60.72
2016-03-22,JPY,KHR,buy,35.65
2016-03-22,JPY,KHR,middle,35.83
2016-03-22,JPY,KHR,sell,36.01
2016-03-22,KRW,KHR,buy,3.44
2016-03-22,KRW,KHR,middle,3.455
2016-03-22,KRW,KHR,sell,3.47
2016-03-22,LAK,KHR,buy,0.493
2016-03-22,LAK,KHR,middle,0.4955
2016-03-22,LAK,KHR,sell,0.498
2016-03-22,MMK,KHR,buy,3.35
2016-03-22,MMK,KHR,middle,3.37
2016-03-22,MMK,KHR,sell,3.39
2016-03-22,MYR,KHR,buy,988
2016-03-22,MYR,KHR,middle,993
2016-03-22,MYR,KHR,sell,998
2016-03-22,NZD,KHR,buy,2705
2016-03-22,NZD,KHR,middle,2718.5
2016-03-22,NZD,KHR,sell,2732
2016-03-22,PHP,KHR,buy,86.36
2016-03-22,PHP,KHR,middle,86.79
2016-03-22,PHP,KHR,sell,87.22
2016-03-22,SDR,KHR,buy,5621
2016-03-22,SDR,KHR,middle,5649
2016-03-22,SDR,KHR,sell,5677
2016-03-22,SEK,KHR,buy,486
2016-03-22,SEK,KHR,middle,488.5
2016-03-22,SEK,KHR,sell,491
2016-03-22,SGD,KHR,buy,2936
2016-03-22,SGD,KHR,middle,2951
2016-03-22,SGD,KHR,sell,2966
2016-03-22,THB,KHR,buy,115
2016-03-22,THB,KHR,middle,115.5
2016-03-22,THB,KHR,sell,116
2016-03-22,TWD,KHR,buy,124
2016-03-22,TWD,KHR,middle,124.5
2016-03-22,TWD,KHR,sell,125
2016-03-22,USD,KHR,reference,4000
2016-03-22,VND,KHR,buy,0.18
2016-03-22,VND,KHR,middle,0.1805
2016-03-22,VND,KHR,sell,0.181
2016-03-23,AUD,KHR,buy,3048
2016-03-23,AUD,KHR,middle,3063
2016-03-23,AUD,KHR,sell,3078
2016-03-23,CAD,KHR,buy,3065
2016-03-23,CAD,KHR,middle,3080.5
2016-03-23,CAD,KHR,sell,3096
2016-03-23,CHF,KHR,buy,4111
2016-03-23,CHF,KHR,middle,4132
2016-03-23,CHF,KHR,sell,4153
2016-03-23,CNH,KHR,buy,616
2016-03-23,CNH,KHR,middle,619
2016-03-23,CNH,KHR,sell,622
2016-03-23,CNY,KHR,buy,617
2016-03-23,CNY,KHR,middle,620
2016-03-23,CNY,KHR,sell,623
2016-03-23,EUR,KHR,buy,4488
2016-03-23,EUR,KHR,middle,4510.5
2016-03-23,EUR,KHR,sell,4533
2016-03-23,GBP,KHR,buy,5689
2016-03-23,GBP,KHR,middle,5717.5
2016-03-23,GBP,KHR,sell,5746
2016-03-23,HKD,KHR,buy,516
2016-03-23,HKD,KHR,middle,518.5
2016-03-23,HKD,KHR,sell,521
2016-03-23,IDR,KHR,buy,0.304
2016-03-23,IDR,KHR,middle,0.3055
2016-03-23,IDR,KHR,sell,0.307
2016-03-23,INR,KHR,buy,59.96
2016-03-23,INR,KHR,middle,60.26
2016-03-23,INR,KHR,sell,60.56
2016-03-23,JPY,KHR,buy,35.63
2016-03-23,JPY,KHR,middle,35.81
2016-03-23,JPY,KHR,sell,35.99
2016-03-23,KRW,KHR,buy,3.46
2016-03-23,KRW,KHR,middle,3.475
2016-03-23,KRW,KHR,sell,3.49
2016-03-23,LAK,KHR,buy,0.493
2016-03-23,LAK,KHR,middle,0.495
2016-03-23,LAK,KHR,sell,0.497
2016-03-23,MMK,KHR,buy,3.36
2016-03-23,MMK,KHR,middle,3.375
2016-03-23,MMK,KHR,sell,3.39
2016-03-23,MYR,KHR,buy,998
2016-03-23,MYR,KHR,middle,1003
2016-03-23,MYR,KHR,sell,1008
2016-03-23,NZD,KHR,buy,2699
2016-03-23,NZD,KHR,middle,2712.5
2016-03-23,NZD,KHR,sell,2726
2016-03-23,PHP,KHR,buy,86.43
2016-03-23,PHP,KHR,middle,86.86
2016-03-23,PHP,KHR,sell,87.29
2016-03-23,SDR,KHR,buy,5606
2016-03-23,SDR,KHR,middle,5634
2016-03-23,SDR,KHR,sell,5662
2016-03-23,SEK,KHR,buy,486
2016-03-23,SEK,KHR,middle,488.5
2016-03-23,SEK,KHR,sell,491
2016-03-23,SGD,KHR,buy,2941
2016-03-23,SGD,KHR,middle,2955.5
2016-03-23,SGD,KHR,sell,2970
2016-03-23,THB,KHR,buy,115
2016-03-23,THB,KHR,middle,115.5
2016-03-23,THB,KHR,sell,116
2016-03-23,TWD,KHR,buy,123
2016-03-23,TWD,KHR,middle,124
2016-03-23,TWD,KHR,sell,125
2016-03-23,USD,KHR,reference,4000
2016-03-23,VND,KHR,buy,0.179
2016-03-23,VND,KHR,middle,0.18
2016-03-23,VND,KHR,sell,0.181
2016-03-24,AUD,KHR,buy,3012
2016-03-24,AUD,KHR,middle,3027.5
2016-03-24,AUD,KHR,sell,3043
2016-03-24,CAD,KHR,buy,3028
2016-03-24,CAD,KHR,middle,3043.5
2016-03-24,CAD,KHR,sell,3059
2016-03-24,CHF,KHR,buy,4101
2016-03-24,CHF,KHR,middle,4121.5
2016-03-24,CHF,KHR,sell,4142
2016-03-24,CNH,KHR,buy,615
2016-03-24,CNH,KHR,middle,618
2016-03-24,CNH,KHR,sell,621
2016-03-24,CNY,KHR,buy,615
2016-03-24,CNY,KHR,middle,618
2016-03-24,CNY,KHR,sell,621
2016-03-24,EUR,KHR,buy,4471
2016-03-24,EUR,KHR,middle,4493.5
2016-03-24,EUR,KHR,sell,4516
2016-03-24,GBP,KHR,buy,5644
2016-03-24,GBP,KHR,middle,5672.5
2016-03-24,GBP,KHR,sell,5701
2016-03-24,HKD,KHR,buy,516
2016-03-24,HKD,KHR,middle,518.5
2016-03-24,HKD,KHR,sell,521
2016-03-24,IDR,KHR,buy,0.303
2016-03-24,IDR,KHR,middle,0.305
2016-03-24,IDR,KHR,sell,0.307
2016-03-24,INR,KHR,buy,60.03
2016-03-24,INR,KHR,middle,60.33
2016-03-24,INR,KHR,sell,60.63
2016-03-24,JPY,KHR,buy,35.58
2016-03-24,JPY,KHR,middle,35.755
2016-03-24,JPY,KHR,sell,35.93
2016-03-24,KRW,KHR,buy,3.42
2016-03-24,KRW,KHR,middle,3.44
2016-03-24,KRW,KHR,sell,3.46
2016-03-24,LAK,KHR,buy,0.492
2016-03-24,LAK,KHR,middle,0.4945
2016-03-24,LAK,KHR,sell,0.497
2016-03-24,MMK,KHR,buy,3.36
2016-03-24,MMK,KHR,middle,3.375
2016-03-24,MMK,KHR,sell,3.39
2016-03-24,MYR,KHR,buy,994
2016-03-24,MYR,KHR,middle,999
2016-03-24,MYR,KHR,sell,1004
2016-03-24,NZD,KHR,buy,2686
2016-03-24,NZD,KHR,middle,2699.5
2016-03-24,NZD,KHR,sell,2713
2016-03-24,PHP,KHR,buy,86.32
2016-03-24,PHP,KHR,middle,86.75
2016-03-24,PHP,KHR,sell,87.18
2016-03-24,SDR,KHR,buy,5593
2016-03-24,SDR,KHR,middle,5621
2016-03-24,SDR,KHR,sell,5649
2016-03-24,SEK,KHR,buy,484
2016-03-24,SEK,KHR,middle,486.5
2016-03-24,SEK,KHR,sell,489
2016-03-24,SGD,KHR,buy,2923
2016-03-24,SGD,KHR,middle,2938
2016-03-24,SGD,KHR,sell,2953
2016-03-24,THB,KHR,buy,114
2016-03-24,THB,KHR,middle,114.5
2016-03-24,THB,KHR,sell,115
2016-03-24,TWD,KHR,buy,123
2016-03-24,TWD,KHR,middle,123.5
2016-03-24,TWD,KHR,sell,124
2016-03-24,USD,KHR,reference,4000
2016-03-24,VND,KHR,buy,0.179
2016-03-24,VND,KHR,middle,0.18
2016-03-24,VND,KHR,sell,0.181
2016-03-25,AUD,KHR,buy,3011
2016-03-25,AUD,KHR,middle,3026
2016-03-25,AUD,KHR,sell,3041
2016-03-25,CAD,KHR,buy,3021
2016-03-25,CAD,KHR,middle,3036
2016-03-25,CAD,KHR,sell,3051
2016-03-25,CHF,KHR,buy,4098
2016-03-25,CHF,KHR,middle,4118.5
2016-03-25,CHF,KHR,sell,4139
2016-03-25,CNH,KHR,buy,613
2016-03-25,CNH,KHR,middle,616.5
2016-03-25,CNH,KHR,sell,620
2016-03-25,CNY,KHR,buy,614
2016-03-25,CNY,KHR,middle,617
2016-03-25,CNY,KHR,sell,620
2016-03-25,EUR,KHR,buy,4465
2016-03-25,EUR,KHR,middle,4487
2016-03-25,EUR,KHR,sell,4509
2016-03-25,GBP,KHR,buy,5654
2016-03-25,GBP,KHR,middle,5682.5
2016-03-25,GBP,KHR,sell,5711
2016-03-25,HKD,KHR,buy,516
2016-03-25,HKD,KHR,middle,518.5
2016-03-25,HKD,KHR,sell,521
2016-03-25,IDR,KHR,buy,0.302
2016-03-25,IDR,KHR,middle,0.3035
2016-03-25,IDR,KHR,sell,0.305
2016-03-25,INR,KHR,buy,60.03
2016-03-25,INR,KHR,middle,60.33
2016-03-25,INR,KHR,sell,60.63
2016-03-25,JPY,KHR,buy,35.42
2016-03-25,JPY,KHR,middle,35.6
2016-03-25,JPY,KHR,sell,35.78
2016-03-25,KRW,KHR,buy,3.43
2016-03-25,KRW,KHR,middle,3.45
2016-03-25,KRW,KHR,sell,3.47
2016-03-25,LAK,KHR,buy,0.492
2016-03-25,LAK,KHR,middle,0.4945
2016-03-25,LAK,KHR,sell,0.497
2016-03-25,MMK,KHR,buy,3.36
2016-03-25,MMK,KHR,middle,3.375
2016-03-25,MMK,KHR,sell,3.39
2016-03-25,MYR,KHR,buy,995
2016-03-25,MYR,KHR,middle,1000
2016-03-25,MYR,KHR,sell,1005
2016-03-25,NZD,KHR,buy,2678
2016-03-25,NZD,KHR,middle,2691.5
2016-03-25,NZD,KHR,sell,2705
2016-03-25,PHP,KHR,buy,86.31
2016-03-25,PHP,KHR,middle,86.74
2016-03-25,PHP,KHR,sell,87.17
2016-03-25,SDR,KHR,buy,5583
2016-03-25,SDR,KHR,middle,5611
2016-03-25,SDR,KHR,sell,5639
2016-03-25,SEK,KHR,buy,482
2016-03-25,SEK,KHR,middle,484.5
2016-03-25,SEK,KHR,sell,487
2016-03-25,SGD,KHR,buy,2922
2016-03-25,SGD,KHR,middle,2936.5
2016-03-25,SGD,KHR,sell,2951
2016-03-25,THB,KHR,buy,113
2016-03-25,THB,KHR,middle,113.5
2016-03-25,THB,KHR,sell,114
2016-03-25,TWD,KHR,buy,123
2016-03-25,TWD,KHR,middle,123.5
2016-03-25,TWD,KHR,sell,124
2016-03-25,USD,KHR,reference,4000
2016-03-25,VND,KHR,buy,0.179
2016-03-25,VND,KHR,middle,0.18
2016-03-25,VND,KHR,sell,0.181
2016-03-28,AUD,KHR,buy,3002
2016-03-28,AUD,KHR,middle,3017
2016-03-28,AUD,KHR,sell,3032
2016-03-28,CAD,KHR,buy,3014
2016-03-28,CAD,KHR,middle,3029.5
2016-03-28,CAD,KHR,sell,3045
2016-03-28,CHF,KHR,buy,4092
2016-03-28,CHF,KHR,middle,4112.5
2016-03-28,CHF,KHR,sell,4133
2016-03-28,CNH,KHR,buy,613
2016-03-28,CNH,KHR,middle,616
2016-03-28,CNH,KHR,sell,619
2016-03-28,CNY,KHR,buy,614
2016-03-28,CNY,KHR,middle,617.5
2016-03-28,CNY,KHR,sell,621
2016-03-28,EUR,KHR,buy,4465
2016-03-28,EUR,KHR,middle,4487.5
2016-03-28,EUR,KHR,sell,4510
2016-03-28,GBP,KHR,buy,5654
2016-03-28,GBP,KHR,middle,5682
2016-03-28,GBP,KHR,sell,5710
2016-03-28,HKD,KHR,buy,516
2016-03-28,HKD,KHR,middle,518.5
2016-03-28,HKD,KHR,sell,521
2016-03-28,IDR,KHR,buy,0.302
2016-03-28,IDR,KHR,middle,0.3035
2016-03-28,IDR,KHR,sell,0.305
2016-03-28,INR,KHR,buy,60.06
2016-03-28,INR,KHR,middle,60.36
2016-03-28,INR,KHR,sell,60.66
2016-03-28,JPY,KHR,buy,35.29
2016-03-28,JPY,KHR,middle,35.465
2016-03-28,JPY,KHR,sell,35.64
2016-03-28,KRW,KHR,buy,3.41
2016-03-28,KRW,KHR,middle,3.43
2016-03-28,KRW,KHR,sell,3.45
2016-03-28,LAK,KHR,buy,0.494
2016-03-28,LAK,KHR,middle,0.496
2016-03-28,LAK,KHR,sell,0.498
2016-03-28,MMK,KHR,buy,3.36
2016-03-28,MMK,KHR,middle,3.375
2016-03-28,MMK,KHR,sell,3.39
2016-03-28,MYR,KHR,buy,992
2016-03-28,MYR,KHR,middle,997
2016-03-28,MYR,KHR,sell,1002
2016-03-28,NZD,KHR,buy,2670
2016-03-28,NZD,KHR,middle,2683.5
2016-03-28,NZD,KHR,sell,2697
2016-03-28,PHP,KHR,buy,86.39
2016-03-28,PHP,KHR,middle,86.82
2016-03-28,PHP,KHR,sell,87.25
2016-03-28,SDR,KHR,buy,5587
2016-03-28,SDR,KHR,middle,5615
2016-03-28,SDR,KHR,sell,5643
2016-03-28,SEK,KHR,buy,482
2016-03-28,SEK,KHR,middle,484
2016-03-28,SEK,KHR,sell,486
2016-03-28,SGD,KHR,buy,2914
2016-03-28,SGD,KHR,middle,2928.5
2016-03-28,SGD,KHR,sell,2943
2016-03-28,THB,KHR,buy,113
2016-03-28,THB,KHR,middle,114
2016-03-28,THB,KHR,sell,115
2016-03-28,TWD,KHR,buy,123
2016-03-28,TWD,KHR,middle,123.5
2016-03-28,TWD,KHR,sell,124
2016-03-28,USD,KHR,reference,4002
2016-03-28,VND,KHR,buy,0.179
2016-03-28,VND,KHR,middle,0.18
2016-03-28,VND,KHR,sell,0.181
2016-03-30,AUD,KHR,buy,3058
2016-03-30,AUD,KHR,middle,3073
2016-03-30,AUD,KHR,sell,3088
2016-03-30,CAD,KHR,buy,3065
2016-03-30,CAD,KHR,middle,3080.5
2016-03-30,CAD,KHR,sell,3096
2016-03-30,CHF,KHR,buy,4142
2016-03-30,CHF,KHR,middle,4162.5
2016-03-30,CHF,KHR,sell,4183
2016-03-30,CNH,KHR,buy,617
2016-03-30,CNH,KHR,middle,620
2016-03-30,CNH,KHR,sell,623
2016-03-30,CNY,KHR,buy,615
2016-03-30,CNY,KHR,middle,618
2016-03-30,CNY,KHR,sell,621
2016-03-30,EUR,KHR,buy,4519
2016-03-30,EUR,KHR,middle,4542
2016-03-30,EUR,KHR,sell,4565
2016-03-30,GBP,KHR,buy,5757
2016-03-30,GBP,KHR,middle,5786
2016-03-30,GBP,KHR,sell,5815
2016-03-30,HKD,KHR,buy,516
2016-03-30,HKD,KHR,middle,518.5
2016-03-30,HKD,KHR,sell,521
2016-03-30,IDR,KHR,buy,0.299
2016-03-30,IDR,KHR,middle,0.3005
2016-03-30,IDR,KHR,sell,0.302
2016-03-30,INR,KHR,buy,60.15
2016-03-30,INR,KHR,middle,60.45
2016-03-30,INR,KHR,sell,60.75
2016-03-30,JPY,KHR,buy,35.55
2016-03-30,JPY,KHR,middle,35.73
2016-03-30,JPY,KHR,sell,35.91
2016-03-30,KRW,KHR,buy,3.47
2016-03-30,KRW,KHR,middle,3.485
2016-03-30,KRW,KHR,sell,3.5
2016-03-30,LAK,KHR,buy,0.493
2016-03-30,LAK,KHR,middle,0.495
2016-03-30,LAK,KHR,sell,0.497
2016-03-30,MMK,KHR,buy,3.38
2016-03-30,MMK,KHR,middle,3.4
2016-03-30,MMK,KHR,sell,3.42
2016-03-30,MYR,KHR,buy,1010
2016-03-30,MYR,KHR,middle,1015.5
2016-03-30,MYR,KHR,sell,1021
2016-03-30,NZD,KHR,buy,2747
2016-03-30,NZD,KHR,middle,2761
2016-03-30,NZD,KHR,sell,2775
2016-03-30,PHP,KHR,buy,86.34
2016-03-30,PHP,KHR,middle,86.77
2016-03-30,PHP,KHR,sell,87.2
2016-03-30,SDR,KHR,buy,5598
2016-03-30,SDR,KHR,middle,5626
2016-03-30,SDR,KHR,sell,5654
2016-03-30,SEK,KHR,buy,488
2016-03-30,SEK,KHR,middle,490.5
2016-03-30,SEK,KHR,sell,493
2016-03-30,SGD,KHR,buy,2957
2016-03-30,SGD,KHR,middle,2972
2016-03-30,SGD,KHR,sell,2987
2016-03-30,THB,KHR,buy,113
2016-03-30,THB,KHR,middle,113.5
2016-03-30,THB,KHR,sell,114
2016-03-30,TWD,KHR,buy,123
2016-03-30,TWD,KHR,middle,123.5
2016-03-30,TWD,KHR,sell,124
2016-03-30,USD,KHR,reference,4002
2016-03-30,VND,KHR,buy,0.179
2016-03-30,VND,KHR,middle,0.18
2016-03-30,VND,KHR,sell,0.181
2016-04-01,AUD,KHR,buy,3073
2016-04-01,AUD,KHR,middle,3088.5
2016-04-01,AUD,KHR,sell,3104
2016-04-01,CAD,KHR,buy,3084
2016-04-01,CAD,KHR,middle,3099.5
2016-04-01,CAD,KHR,sell,3115
2016-04-01,CHF,KHR,buy,4170
2016-04-01,CHF,KHR,middle,4191
2016-04-01,CHF,KHR,sell,4212
2016-04-01,CNH,KHR,buy,620
2016-04-01,CNH,KHR,middle,623
2016-04-01,CNH,KHR,sell,626
2016-04-01,CNY,KHR,buy,621
2016-04-01,CNY,KHR,middle,624
2016-04-01,CNY,KHR,sell,627
2016-04-01,EUR,KHR,buy,4561
2016-04-01,EUR,KHR,middle,4583.5
2016-04-01,EUR,KHR,sell,4606
2016-04-01,GBP,KHR,buy,5755
2016-04-01,GBP,KHR,middle,5784
2016-04-01,GBP,KHR,sell,5813
2016-04-01,HKD,KHR,buy,517
2016-04-01,HKD,KHR,middle,519.5
2016-04-01,HKD,KHR,sell,522
2016-04-01,IDR,KHR,buy,0.303
2016-04-01,IDR,KHR,middle,0.3045
2016-04-01,IDR,KHR,sell,0.306
2016-04-01,INR,KHR,buy,60.47
2016-04-01,INR,KHR,middle,60.775
2016-04-01,INR,KHR,sell,61.08
2016-04-01,JPY,KHR,buy,35.65
2016-04-01,JPY,KHR,middle,35.83
2016-04-01,JPY,KHR,sell,36.01
2016-04-01,KRW,KHR,buy,3.5
2016-04-01,KRW,KHR,middle,3.515
2016-04-01,KRW,KHR,sell,3.53
2016-04-01,LAK,KHR,buy,0.493
2016-04-01,LAK,KHR,middle,0.4955
2016-04-01,LAK,KHR,sell,0.498
2016-04-01,MMK,KHR,buy,3.36
2016-04-01,MMK,KHR,middle,3.38
2016-04-01,MMK,KHR,sell,3.4
2016-04-01,MYR,KHR,buy,1030
2016-04-01,MYR,KHR,middle,1035.5
2016-04-01,MYR,KHR,sell,1041
2016-04-01,NZD,KHR,buy,2773
2016-04-01,NZD,KHR,middle,2787
2016-04-01,NZD,KHR,sell,2801
2016-04-01,PHP,KHR,buy,87.25
2016-04-01,PHP,KHR,middle,87.685
2016-04-01,PHP,KHR,sell,88.12
2016-04-01,SDR,KHR,buy,5644
2016-04-01,SDR,KHR,middle,5672
2016-04-01,SDR,KHR,sell,5700
2016-04-01,SEK,KHR,buy,494
2016-04-01,SEK,KHR,middle,496.5
2016-04-01,SEK,KHR,sell,499
2016-04-01,SGD,KHR,buy,2973
2016-04-01,SGD,KHR,middle,2988
2016-04-01,SGD,KHR,sell,3003
2016-04-01,THB,KHR,buy,114
2016-04-01,THB,KHR,middle,114.5
2016-04-01,THB,KHR,sell,115
2016-04-01,TWD,KHR,buy,124
2016-04-01,TWD,KHR,middle,125
2016-04-01,TWD,KHR,sell,126
2016-04-01,USD,KHR,reference,4006
2016-04-01,VND,KHR,buy,0.18
2016-04-01,VND,KHR,middle,0.181
2016-04-01,VND,KHR,sell,0.182
2016-04-04,AUD,KHR,buy,3076
2016-04-04,AUD,KHR,middle,3091
2016-04-04,AUD,KHR,sell,3106
2016-04-04,CAD,KHR,buy,3076
2016-04-04,CAD,KHR,middle,3091.5
2016-04-04,CAD,KHR,sell,3107
2016-04-04,CHF,KHR,buy,4183
2016-04-04,CHF,KHR,middle,4204
2016-04-04,CHF,KHR,sell,4225
2016-04-04,CNH,KHR,buy,620
2016-04-04,CNH,KHR,middle,623
2016-04-04,CNH,KHR,sell,626
2016-04-04,CNY,KHR,buy,619
2016-04-04,CNY,KHR,middle,622
2016-04-04,CNY,KHR,sell,625
2016-04-04,EUR,KHR,buy,4569
2016-04-04,EUR,KHR,middle,4592
2016-04-04,EUR,KHR,sell,4615
2016-04-04,GBP,KHR,buy,5703
2016-04-04,GBP,KHR,middle,5731.5
2016-04-04,GBP,KHR,sell,5760
2016-04-04,HKD,KHR,buy,517
2016-04-04,HKD,KHR,middle,519.5
2016-04-04,HKD,KHR,sell,522
2016-04-04,IDR,KHR,buy,0.305
2016-04-04,IDR,KHR,middle,0.3065
2016-04-04,IDR,KHR,sell,0.308
2016-04-04,INR,KHR,buy,60.52
2016-04-04,INR,KHR,middle,60.825
2016-04-04,INR,KHR,sell,61.13
2016-04-04,JPY,KHR,buy,35.92
2016-04-04,JPY,KHR,middle,36.1
2016-04-04,JPY,KHR,sell,36.28
2016-04-04,KRW,KHR,buy,3.49
2016-04-04,KRW,KHR,middle,3.51
2016-04-04,KRW,KHR,sell,3.53
2016-04-04,LAK,KHR,buy,0.495
2016-04-04,LAK,KHR,middle,0.4975
2016-04-04,LAK,KHR,sell,0.5
2016-04-04,MMK,KHR,buy,3.35
2016-04-04,MMK,KHR,middle,3.365
2016-04-04,MMK,KHR,sell,3.38
2016-04-04,MYR,KHR,buy,1031
2016-04-04,MYR,KHR,middle,1036
2016-04-04,MYR,KHR,sell,1041
2016-04-04,NZD,KHR,buy,2765
2016-04-04,NZD,KHR,middle,2779
2016-04-04,NZD,KHR,sell,2793
2016-04-04,PHP,KHR,buy,87.14
2016-04-04,PHP,KHR,middle,87.575
2016-04-04,PHP,KHR,sell,88.01
2016-04-04,SDR,KHR,buy,5649
2016-04-04,SDR,KHR,middle,5677.5
2016-04-04,SDR,KHR,sell,5706
2016-04-04,SEK,KHR,buy,494
2016-04-04,SEK,KHR,middle,496
2016-04-04,SEK,KHR,sell,498
2016-04-04,SGD,KHR,buy,2975
2016-04-04,SGD,KHR,middle,2990
2016-04-04,SGD,KHR,sell,3005
2016-04-04,THB,KHR,buy,114
2016-04-04,THB,KHR,middle,114.5
2016-04-04,THB,KHR,sell,115
2016-04-04,TWD,KHR,buy,124
2016-04-04,TWD,KHR,middle,125
2016-04-04,TWD,KHR,sell,126
2016-04-04,USD,KHR,reference,4009
2016-04-04,VND,KHR,buy,0.18
2016-04-04,VND,KHR,middle,0.181
2016-04-04,VND,KHR,sell,0.182
2016-04-05,AUD,KHR,buy,3045
2016-04-05,AUD,KHR,middle,3060.5
2016-04-05,AUD,KHR,sell,3076
2016-04-05,CAD,KHR,buy,3067
2016-04-05,CAD,KHR,middle,3082
2016-04-05,CAD,KHR,sell,3097
2016-04-05,CHF,KHR,buy,4181
2016-04-05,CHF,KHR,middle,4202
2016-04-05,CHF,KHR,sell,4223
2016-04-05,CNH,KHR,buy,619
2016-04-05,CNH,KHR,middle,622
2016-04-05,CNH,KHR,sell,625
2016-04-05,CNY,KHR,buy,619
2016-04-05,CNY,KHR,middle,622
2016-04-05,CNY,KHR,sell,625
2016-04-05,EUR,KHR,buy,4566
2016-04-05,EUR,KHR,middle,4589
2016-04-05,EUR,KHR,sell,4612
2016-04-05,GBP,KHR,buy,5717
2016-04-05,GBP,KHR,middle,5745.5
2016-04-05,GBP,KHR,sell,5774
2016-04-05,HKD,KHR,buy,517
2016-04-05,HKD,KHR,middle,519.5
2016-04-05,HKD,KHR,sell,522
2016-04-05,IDR,KHR,buy,0.304
2016-04-05,IDR,KHR,middle,0.3055
2016-04-05,IDR,KHR,sell,0.307
2016-04-05,INR,KHR,buy,60.56
2016-04-05,INR,KHR,middle,60.86
2016-04-05,INR,KHR,sell,61.16
2016-04-05,JPY,KHR,buy,36.07
2016-04-05,JPY,KHR,middle,36.25
2016-04-05,JPY,KHR,sell,36.43
2016-04-05,KRW,KHR,buy,3.47
2016-04-05,KRW,KHR,middle,3.49
2016-04-05,KRW,KHR,sell,3.51
2016-04-05,LAK,KHR,buy,0.494
2016-04-05,LAK,KHR,middle,0.4965
2016-04-05,LAK,KHR,sell,0.499
2016-04-05,MMK,KHR,buy,3.34
2016-04-05,MMK,KHR,middle,3.355
2016-04-05,MMK,KHR,sell,3.37
2016-04-05,MYR,KHR,buy,1026
2016-04-05,MYR,KHR,middle,1031.5
2016-04-05,MYR,KHR,sell,1037
2016-04-05,NZD,KHR,buy,2729
2016-04-05,NZD,KHR,middle,2743
2016-04-05,NZD,KHR,sell,2757
2016-04-05,PHP,KHR,buy,86.91
2016-04-05,PHP,KHR,middle,87.345
2016-04-05,PHP,KHR,sell,87.78
2016-04-05,SDR,KHR,buy,5641
2016-04-05,SDR,KHR,middle,5669
2016-04-05,SDR,KHR,sell,5697
2016-04-05,SEK,KHR,buy,493
2016-04-05,SEK,KHR,middle,495.5
2016-04-05,SEK,KHR,sell,498
2016-04-05,SGD,KHR,buy,2963
2016-04-05,SGD,KHR,middle,2978
2016-04-05,SGD,KHR,sell,2993
2016-04-05,THB,KHR,buy,114
2016-04-05,THB,KHR,middle,114.5
2016-04-05,THB,KHR,sell,115
2016-04-05,TWD,KHR,buy,124
2016-04-05,TWD,KHR,middle,124.5
2016-04-05,TWD,KHR,sell,125
2016-04-05,USD,KHR,reference,4009
2016-04-05,VND,KHR,buy,0.18
2016-04-05,VND,KHR,middle,0.181
2016-04-05,VND,KHR,sell,0.182
2016-04-07,AUD,KHR,buy,3051
2016-04-07,AUD,KHR,middle,3066
2016-04-07,AUD,KHR,sell,3081
2016-04-07,CAD,KHR,buy,3065
2016-04-07,CAD,KHR,middle,3080
2016-04-07,CAD,KHR,sell,3095
2016-04-07,CHF,KHR,buy,4194
2016-04-07,CHF,KHR,middle,4215
2016-04-07,CHF,KHR,sell,4236
2016-04-07,CNH,KHR,buy,619
2016-04-07,CNH,KHR,middle,622
2016-04-07,CNH,KHR,sell,625
2016-04-07,CNY,KHR,buy,619
2016-04-07,CNY,KHR,middle,622
2016-04-07,CNY,KHR,sell,625
2016-04-07,EUR,KHR,buy,4570
2016-04-07,EUR,KHR,middle,4593
2016-04-07,EUR,KHR,sell,4616
2016-04-07,GBP,KHR,buy,5665
2016-04-07,GBP,KHR,middle,5693.5
2016-04-07,GBP,KHR,sell,5722
2016-04-07,HKD,KHR,buy,517
2016-04-07,HKD,KHR,middle,519.5
2016-04-07,HKD,KHR,sell,522
2016-04-07,IDR,KHR,buy,0.303
2016-04-07,IDR,KHR,middle,0.3045
2016-04-07,IDR,KHR,sell,0.306
2016-04-07,INR,KHR,buy,60.15
2016-04-07,INR,KHR,middle,60.45
2016-04-07,INR,KHR,sell,60.75
2016-04-07,JPY,KHR,buy,36.54
2016-04-07,JPY,KHR,middle,36.72
2016-04-07,JPY,KHR,sell,36.9
2016-04-07,KRW,KHR,buy,3.48
2016-04-07,KRW,KHR,middle,3.495
2016-04-07,KRW,KHR,sell,3.51
2016-04-07,LAK,KHR,buy,0.494
2016-04-07,LAK,KHR,middle,0.4965
2016-04-07,LAK,KHR,sell,0.499
2016-04-07,MMK,KHR,buy,3.43
2016-04-07,MMK,KHR,middle,3.45
2016-04-07,MMK,KHR,sell,3.47
2016-04-07,MYR,KHR,buy,1032
2016-04-07,MYR,KHR,middle,1037
2016-04-07,MYR,KHR,sell,1042
2016-04-07,NZD,KHR,buy,2738
2016-04-07,NZD,KHR,middle,2752
2016-04-07,NZD,KHR,sell,2766
2016-04-07,PHP,KHR,buy,86.8
2016-04-07,PHP,KHR,middle,87.235
2016-04-07,PHP,KHR,sell,87.67
2016-04-07,SDR,KHR,buy,5636
2016-04-07,SDR,KHR,middle,5664.5
2016-04-07,SDR,KHR,sell,5693
2016-04-07,SEK,KHR,buy,492
2016-04-07,SEK,KHR,middle,494.5
2016-04-07,SEK,KHR,sell,497
2016-04-07,SGD,KHR,buy,2978
2016-04-07,SGD,KHR,middle,2993
2016-04-07,SGD,KHR,sell,3008
2016-04-07,THB,KHR,buy,114
2016-04-07,THB,KHR,middle,114.5
2016-04-07,THB,KHR,sell,115
2016-04-07,TWD,KHR,buy,124
2016-04-07,TWD,KHR,middle,124.5
2016-04-07,TWD,KHR,sell,125
2016-04-07,USD,KHR,reference,4009
2016-04-07,VND,KHR,buy,0.18
2016-04-07,VND,KHR,middle,0.181
2016-04-07,VND,KHR,sell,0.182
2016-04-08,AUD,KHR,buy,3015
2016-04-08,AUD,KHR,middle,3030
2016-04-08,AUD,KHR,sell,3045
2016-04-08,CAD,KHR,buy,3054
2016-04-08,CAD,KHR,middle,3069
2016-04-08,CAD,KHR,sell,3084
2016-04-08,CHF,KHR,buy,4194
2016-04-08,CHF,KHR,middle,4215
2016-04-08,CHF,KHR,sell,4236
2016-04-08,CNH,KHR,buy,619
2016-04-08,CNH,KHR,middle,622
2016-04-08,CNH,KHR,sell,625
2016-04-08,CNY,KHR,buy,621
2016-04-08,CNY,KHR,middle,624
2016-04-08,CNY,KHR,sell,627
2016-04-08,EUR,KHR,buy,4560
2016-04-08,EUR,KHR,middle,4583
2016-04-08,EUR,KHR,sell,4606
2016-04-08,GBP,KHR,buy,5637
2016-04-08,GBP,KHR,middle,5665
2016-04-08,GBP,KHR,sell,5693
2016-04-08,HKD,KHR,buy,517
2016-04-08,HKD,KHR,middle,519.5
2016-04-08,HKD,KHR,sell,522
2016-04-08,IDR,KHR,buy,0.305
2016-04-08,IDR,KHR,middle,0.3065
2016-04-08,IDR,KHR,sell,0.308
2016-04-08,INR,KHR,buy,60.36
2016-04-08,INR,KHR,middle,60.665
2016-04-08,INR,KHR,sell,60.97
2016-04-08,JPY,KHR,buy,36.97
2016-04-08,JPY,KHR,middle,37.155
2016-04-08,JPY,KHR,sell,37.34
2016-04-08,KRW,KHR,buy,3.46
2016-04-08,KRW,KHR,middle,3.475
2016-04-08,KRW,KHR,sell,3.49
2016-04-08,LAK,KHR,buy,0.494
2016-04-08,LAK,KHR,middle,0.4965
2016-04-08,LAK,KHR,sell,0.499
2016-04-08,MMK,KHR,buy,3.44
2016-04-08,MMK,KHR,middle,3.455
2016-04-08,MMK,KHR,sell,3.47
2016-04-08,MYR,KHR,buy,1018
2016-04-08,MYR,KHR,middle,1023.5
2016-04-08,MYR,KHR,sell,1029
2016-04-08,NZD,KHR,buy,2721
2016-04-08,NZD,KHR,middle,2734.5
2016-04-08,NZD,KHR,sell,2748
2016-04-08,PHP,KHR,buy,86.98
2016-04-08,PHP,KHR,middle,87.415
2016-04-08,PHP,KHR,sell,87.85
2016-04-08,SDR,KHR,buy,5653
2016-04-08,SDR,KHR,middle,5681.5
2016-04-08,SDR,KHR,sell,5710
2016-04-08,SEK,KHR,buy,491
2016-04-08,SEK,KHR,middle,493.5
2016-04-08,SEK,KHR,sell,496
2016-04-08,SGD,KHR,buy,2965
2016-04-08,SGD,KHR,middle,2980
2016-04-08,SGD,KHR,sell,2995
2016-04-08,THB,KHR,buy,114
2016-04-08,THB,KHR,middle,114.5
2016-04-08,THB,KHR,sell,115
2016-04-08,TWD,KHR,buy,124
2016-04-08,TWD,KHR,middle,124.5
2016-04-08,TWD,KHR,sell,125
2016-04-08,USD,KHR,reference,4012
2016-04-08,VND,KHR,buy,0.18
2016-04-08,VND,KHR,middle,0.181
2016-04-08,VND,KHR,sell,0.182
2016-04-12,AUD,KHR,buy,3045
2016-04-12,AUD,KHR,middle,3060
2016-04-12,AUD,KHR,sell,3075
2016-04-12,CAD,KHR,buy,3106
2016-04-12,CAD,KHR,middle,3121.5
2016-04-12,CAD,KHR,sell,3137
2016-04-12,CHF,KHR,buy,4203
2016-04-12,CHF,KHR,middle,4224
2016-04-12,CHF,KHR,sell,4245
2016-04-12,CNH,KHR,buy,620
2016-04-12,CNH,KHR,middle,623
2016-04-12,CNH,KHR,sell,626
2016-04-12,CNY,KHR,buy,621
2016-04-12,CNY,KHR,middle,624
2016-04-12,CNY,KHR,sell,627
2016-04-12,EUR,KHR,buy,4576
2016-04-12,EUR,KHR,middle,4599
2016-04-12,EUR,KHR,sell,4622
2016-04-12,GBP,KHR,buy,5707
2016-04-12,GBP,KHR,middle,5736
2016-04-12,GBP,KHR,sell,5765
2016-04-12,HKD,KHR,buy,517
2016-04-12,HKD,KHR,middle,519.5
2016-04-12,HKD,KHR,sell,522
2016-04-12,IDR,KHR,buy,0.306
2016-04-12,IDR,KHR,middle,0.3075
2016-04-12,IDR,KHR,sell,0.309
2016-04-12,INR,KHR,buy,60.37
2016-04-12,INR,KHR,middle,60.67
2016-04-12,INR,KHR,sell,60.97
2016-04-12,JPY,KHR,buy,37.15
2016-04-12,JPY,KHR,middle,37.34
2016-04-12,JPY,KHR,sell,37.53
2016-04-12,KRW,KHR,buy,3.5
2016-04-12,KRW,KHR,middle,3.515
2016-04-12,KRW,KHR,sell,3.53
2016-04-12,LAK,KHR,buy,0.494
2016-04-12,LAK,KHR,middle,0.4965
2016-04-12,LAK,KHR,sell,0.499
2016-04-12,MMK,KHR,buy,3.46
2016-04-12,MMK,KHR,middle,3.475
2016-04-12,MMK,KHR,sell,3.49
2016-04-12,MYR,KHR,buy,1032
2016-04-12,MYR,KHR,middle,1037
2016-04-12,MYR,KHR,sell,1042
2016-04-12,NZD,KHR,buy,2750
2016-04-12,NZD,KHR,middle,2763.5
2016-04-12,NZD,KHR,sell,2777
2016-04-12,PHP,KHR,buy,86.97
2016-04-12,PHP,KHR,middle,87.405
2016-04-12,PHP,KHR,sell,87.84
2016-04-12,SDR,KHR,buy,5661
2016-04-12,SDR,KHR,middle,5689
2016-04-12,SDR,KHR,sell,5717
2016-04-12,SEK,KHR,buy,495
2016-04-12,SEK,KHR,middle,497
2016-04-12,SEK,KHR,sell,499
2016-04-12,SGD,KHR,buy,2985
2016-04-12,SGD,KHR,middle,3000
2016-04-12,SGD,KHR,sell,3015
2016-04-12,THB,KHR,buy,114
2016-04-12,THB,KHR,middle,115
2016-04-12,THB,KHR,sell,116
2016-04-12,TWD,KHR,buy,124
2016-04-12,TWD,KHR,middle,124.5
2016-04-12,TWD,KHR,sell,125
2016-04-12,USD,KHR,reference,4010
2016-04-12,VND,KHR,buy,0.18
2016-04-12,VND,KHR,middle,0.181
2016-04-12,VND,KHR,sell,0.182
2016-04-18,AUD,KHR,buy,3073
2016-04-18,AUD,KHR,middle,3088.5
2016-04-18,AUD,KHR,sell,3104
2016-04-18,CAD,KHR,buy,3094
2016-04-18,CAD,KHR,middle,3109.5
2016-04-18,CAD,KHR,sell,3125
2016-04-18,CHF,KHR,buy,4148
2016-04-18,CHF,KHR,middle,4169
2016-04-18,CHF,KHR,sell,4190
2016-04-18,CNH,KHR,buy,618
2016-04-18,CNH,KHR,middle,621
2016-04-18,CNH,KHR,sell,624
2016-04-18,CNY,KHR,buy,619
2016-04-18,CNY,KHR,middle,622
2016-04-18,CNY,KHR,sell,625
2016-04-18,EUR,KHR,buy,4529
2016-04-18,EUR,KHR,middle,4551.5
2016-04-18,EUR,KHR,sell,4574
2016-04-18,GBP,KHR,buy,5684
2016-04-18,GBP,KHR,middle,5712.5
2016-04-18,GBP,KHR,sell,5741
2016-04-18,HKD,KHR,buy,517
2016-04-18,HKD,KHR,middle,519.5
2016-04-18,HKD,KHR,sell,522
2016-04-18,IDR,KHR,buy,0.304
2016-04-18,IDR,KHR,middle,0.3055
2016-04-18,IDR,KHR,sell,0.307
2016-04-18,INR,KHR,buy,60.17
2016-04-18,INR,KHR,middle,60.475
2016-04-18,INR,KHR,sell,60.78
2016-04-18,JPY,KHR,buy,37.12
2016-04-18,JPY,KHR,middle,37.305
2016-04-18,JPY,KHR,sell,37.49
2016-04-18,KRW,KHR,buy,3.48
2016-04-18,KRW,KHR,middle,3.5
2016-04-18,KRW,KHR,sell,3.52
2016-04-18,LAK,KHR,buy,0.494
2016-04-18,LAK,KHR,middle,0.4965
2016-04-18,LAK,KHR,sell,0.499
2016-04-18,MMK,KHR,buy,3.47
2016-04-18,MMK,KHR,middle,3.485
2016-04-18,MMK,KHR,sell,3.5
2016-04-18,MYR,KHR,buy,1016
2016-04-18,MYR,KHR,middle,1021.5
2016-04-18,MYR,KHR,sell,1027
2016-04-18,NZD,KHR,buy,2770
2016-04-18,NZD,KHR,middle,2783.5
2016-04-18,NZD,KHR,sell,2797
2016-04-18,PHP,KHR,buy,86.83
2016-04-18,PHP,KHR,middle,87.265
2016-04-18,PHP,KHR,sell,87.7
2016-04-18,SDR,KHR,buy,5636
2016-04-18,SDR,KHR,middle,5664.5
2016-04-18,SDR,KHR,sell,5693
2016-04-18,SEK,KHR,buy,493
2016-04-18,SEK,KHR,middle,495.5
2016-04-18,SEK,KHR,sell,498
2016-04-18,SGD,KHR,buy,2949
2016-04-18,SGD,KHR,middle,2963.5
2016-04-18,SGD,KHR,sell,2978
2016-04-18,THB,KHR,buy,114
2016-04-18,THB,KHR,middle,114.5
2016-04-18,THB,KHR,sell,115
2016-04-18,TWD,KHR,buy,124
2016-04-18,TWD,KHR,middle,124.5
2016-04-18,TWD,KHR,sell,125
2016-04-18,USD,KHR,reference,4010
2016-04-18,VND,KHR,buy,0.18
2016-04-18,VND,KHR,middle,0.181
2016-04-18,VND,KHR,sell,0.182
2016-04-19,AUD,KHR,buy,3117
2016-04-19,AUD,KHR,middle,3132.5
2016-04-19,AUD,KHR,sell,3148
2016-04-19,CAD,KHR,buy,3139
2016-04-19,CAD,KHR,middle,3155
2016-04-19,CAD,KHR,sell,3171
2016-04-19,CHF,KHR,buy,4156
2016-04-19,CHF,KHR,middle,4176.5
2016-04-19,CHF,KHR,sell,4197
2016-04-19,CNH,KHR,buy,619
2016-04-19,CNH,KHR,middle,622
2016-04-19,CNH,KHR,sell,625
2016-04-19,CNY,KHR,buy,619
2016-04-19,CNY,KHR,middle,622
2016-04-19,CNY,KHR,sell,625
2016-04-19,EUR,KHR,buy,4532
2016-04-19,EUR,KHR,middle,4554.5
2016-04-19,EUR,KHR,sell,4577
2016-04-19,GBP,KHR,buy,5727
2016-04-19,GBP,KHR,middle,5755.5
2016-04-19,GBP,KHR,sell,5784
2016-04-19,HKD,KHR,buy,517
2016-04-19,HKD,KHR,middle,519.5
2016-04-19,HKD,KHR,sell,522
2016-04-19,IDR,KHR,buy,0.304
2016-04-19,IDR,KHR,middle,0.3055
2016-04-19,IDR,KHR,sell,0.307
2016-04-19,INR,KHR,buy,60.23
2016-04-19,INR,KHR,middle,60.53
2016-04-19,INR,KHR,sell,60.83
2016-04-19,JPY,KHR,buy,36.74
2016-04-19,JPY,KHR,middle,36.925
2016-04-19,JPY,KHR,sell,37.11
2016-04-19,KRW,KHR,buy,3.5
2016-04-19,KRW,KHR,middle,3.52
2016-04-19,KRW,KHR,sell,3.54
2016-04-19,LAK,KHR,buy,0.494
2016-04-19,LAK,KHR,middle,0.4965
2016-04-19,LAK,KHR,sell,0.499
2016-04-19,MMK,KHR,buy,3.46
2016-04-19,MMK,KHR,middle,3.475
2016-04-19,MMK,KHR,sell,3.49
2016-04-19,MYR,KHR,buy,1028
2016-04-19,MYR,KHR,middle,1033.5
2016-04-19,MYR,KHR,sell,1039
2016-04-19,NZD,KHR,buy,2801
2016-04-19,NZD,KHR,middle,2815
2016-04-19,NZD,KHR,sell,2829
2016-04-19,PHP,KHR,buy,86.79
2016-04-19,PHP,KHR,middle,87.225
2016-04-19,PHP,KHR,sell,87.66
2016-04-19,SDR,KHR,buy,5641
2016-04-19,SDR,KHR,middle,5669
2016-04-19,SDR,KHR,sell,5697
2016-04-19,SEK,KHR,buy,494
2016-04-19,SEK,KHR,middle,496.5
2016-04-19,SEK,KHR,sell,499
2016-04-19,SGD,KHR,buy,2971
2016-04-19,SGD,KHR,middle,2986
2016-04-19,SGD,KHR,sell,3001
2016-04-19,THB,KHR,buy,115
2016-04-19,THB,KHR,middle,115.5
2016-04-19,THB,KHR,sell,116
2016-04-19,TWD,KHR,buy,124
2016-04-19,TWD,KHR,middle,124.5
2016-04-19,TWD,KHR,sell,125
2016-04-19,USD,KHR,reference,4008
2016-04-19,VND,KHR,buy,0.18
2016-04-19,VND,KHR,middle,0.1805
2016-04-19,VND,KHR,sell,0.181
2016-04-20,AUD,KHR,buy,3123
2016-04-20,AUD,KHR,middle,3138.5
2016-04-20,AUD,KHR,sell,3154
2016-04-20,CAD,KHR,buy,3154
2016-04-20,CAD,KHR,middle,3170
2016-04-20,CAD,KHR,sell,3186
2016-04-20,CHF,KHR,buy,4164
2016-04-20,CHF,KHR,middle,4184.5
2016-04-20,CHF,KHR,sell,4205
2016-04-20,CNH,KHR,buy,619
2016-04-20,CNH,KHR,middle,622
2016-04-20,CNH,KHR,sell,625
2016-04-20,CNY,KHR,buy,620
2016-04-20,CNY,KHR,middle,623
2016-04-20,CNY,KHR,sell,626
2016-04-20,EUR,KHR,buy,4549
2016-04-20,EUR,KHR,middle,4571.5
2016-04-20,EUR,KHR,sell,4594
2016-04-20,GBP,KHR,buy,5762
2016-04-20,GBP,KHR,middle,5790.5
2016-04-20,GBP,KHR,sell,5819
2016-04-20,HKD,KHR,buy,516
2016-04-20,HKD,KHR,middle,519
2016-04-20,HKD,KHR,sell,522
2016-04-20,IDR,KHR,buy,0.305
2016-04-20,IDR,KHR,middle,0.3065
2016-04-20,IDR,KHR,sell,0.308
2016-04-20,INR,KHR,buy,60.18
2016-04-20,INR,KHR,middle,60.48
2016-04-20,INR,KHR,sell,60.78
2016-04-20,JPY,KHR,buy,36.67
2016-04-20,JPY,KHR,middle,36.855
2016-04-20,JPY,KHR,sell,37.04
2016-04-20,KRW,KHR,buy,3.53
2016-04-20,KRW,KHR,middle,3.545
2016-04-20,KRW,KHR,sell,3.56
2016-04-20,LAK,KHR,buy,0.493
2016-04-20,LAK,KHR,middle,0.4955
2016-04-20,LAK,KHR,sell,0.498
2016-04-20,MMK,KHR,buy,3.45
2016-04-20,MMK,KHR,middle,3.47
2016-04-20,MMK,KHR,sell,3.49
2016-04-20,MYR,KHR,buy,1031
2016-04-20,MYR,KHR,middle,1036.5
2016-04-20,MYR,KHR,sell,1042
2016-04-20,NZD,KHR,buy,2816
2016-04-20,NZD,KHR,middle,2830
2016-04-20,NZD,KHR,sell,2844
2016-04-20,PHP,KHR,buy,86.86
2016-04-20,PHP,KHR,middle,87.295
2016-04-20,PHP,KHR,sell,87.73
2016-04-20,SDR,KHR,buy,5645
2016-04-20,SDR,KHR,middle,5673.5
2016-04-20,SDR,KHR,sell,5702
2016-04-20,SEK,KHR,buy,496
2016-04-20,SEK,KHR,middle,498
2016-04-20,SEK,KHR,sell,500
2016-04-20,SGD,KHR,buy,2992
2016-04-20,SGD,KHR,middle,3007
2016-04-20,SGD,KHR,sell,3022
2016-04-20,THB,KHR,buy,115
2016-04-20,THB,KHR,middle,115.5
2016-04-20,THB,KHR,sell,116
2016-04-20,TWD,KHR,buy,124
2016-04-20,TWD,KHR,middle,125
2016-04-20,TWD,KHR,sell,126
2016-04-20,USD,KHR,reference,4005
2016-04-20,VND,KHR,buy,0.18
2016-04-20,VND,KHR,middle,0.1805
2016-04-20,VND,KHR,sell,0.181
2016-04-21,AUD,KHR,buy,3124
2016-04-21,AUD,KHR,middle,3139.5
2016-04-21,AUD,KHR,sell,3155
2016-04-21,CAD,KHR,buy,3167
2016-04-21,CAD,KHR,middle,3183
2016-04-21,CAD,KHR,sell,3199
2016-04-21,CHF,KHR,buy,4124
2016-04-21,CHF,KHR,middle,4144.5
2016-04-21,CHF,KHR,sell,4165
2016-04-21,CNH,KHR,buy,618
2016-04-21,CNH,KHR,middle,621
2016-04-21,CNH,KHR,sell,624
2016-04-21,CNY,KHR,buy,620
2016-04-21,CNY,KHR,middle,623
2016-04-21,CNY,KHR,sell,626
2016-04-21,EUR,KHR,buy,4526
2016-04-21,EUR,KHR,middle,4549
2016-04-21,EUR,KHR,sell,4572
2016-04-21,GBP,KHR,buy,5742
2016-04-21,GBP,KHR,middle,5770.5
2016-04-21,GBP,KHR,sell,5799
2016-04-21,HKD,KHR,buy,516
2016-04-21,HKD,KHR,middle,519
2016-04-21,HKD,KHR,sell,522
2016-04-21,IDR,KHR,buy,0.305
2016-04-21,IDR,KHR,middle,0.3065
2016-04-21,IDR,KHR,sell,0.308
2016-04-21,INR,KHR,buy,60.48
2016-04-21,INR,KHR,middle,60.785
2016-04-21,INR,KHR,sell,61.09
2016-04-21,JPY,KHR,buy,36.47
2016-04-21,JPY,KHR,middle,36.65
2016-04-21,JPY,KHR,sell,36.83
2016-04-21,KRW,KHR,buy,3.54
2016-04-21,KRW,KHR,middle,3.555
2016-04-21,KRW,KHR,sell,3.57
2016-04-21,LAK,KHR,buy,0.494
2016-04-21,LAK,KHR,middle,0.4965
2016-04-21,LAK,KHR,sell,0.499
2016-04-21,MMK,KHR,buy,3.45
2016-04-21,MMK,KHR,middle,3.47
2016-04-21,MMK,KHR,sell,3.49
2016-04-21,MYR,KHR,buy,1034
2016-04-21,MYR,KHR,middle,1039
2016-04-21,MYR,KHR,sell,1044
2016-04-21,NZD,KHR,buy,2793
2016-04-21,NZD,KHR,middle,2807
2016-04-21,NZD,KHR,sell,2821
2016-04-21,PHP,KHR,buy,86.95
2016-04-21,PHP,KHR,middle,87.385
2016-04-21,PHP,KHR,sell,87.82
2016-04-21,SDR,KHR,buy,5652
2016-04-21,SDR,KHR,middle,5680
2016-04-21,SDR,KHR,sell,5708
2016-04-21,SEK,KHR,buy,493
2016-04-21,SEK,KHR,middle,495.5
2016-04-21,SEK,KHR,sell,498
2016-04-21,SGD,KHR,buy,2981
2016-04-21,SGD,KHR,middle,2996
2016-04-21,SGD,KHR,sell,3011
2016-04-21,THB,KHR,buy,115
2016-04-21,THB,KHR,middle,115.5
2016-04-21,THB,KHR,sell,116
2016-04-21,TWD,KHR,buy,124
2016-04-21,TWD,KHR,middle,125
2016-04-21,TWD,KHR,sell,126
2016-04-21,USD,KHR,reference,4005
2016-04-21,VND,KHR,buy,0.18
2016-04-21,VND,KHR,middle,0.1805
2016-04-21,VND,KHR,sell,0.181
2016-04-22,AUD,KHR,buy,3105
2016-04-22,AUD,KHR,middle,3120.5
2016-04-22,AUD,KHR,sell,3136
2016-04-22,CAD,KHR,buy,3150
2016-04-22,CAD,KHR,middle,3165.5
2016-04-22,CAD,KHR,sell,3181
2016-04-22,CHF,KHR,buy,4110
2016-04-22,CHF,KHR,middle,4130.5
2016-04-22,CHF,KHR,sell,4151
2016-04-22,CNH,KHR,buy,617
2016-04-22,CNH,KHR,middle,620.5
2016-04-22,CNH,KHR,sell,624
2016-04-22,CNY,KHR,buy,618
2016-04-22,CNY,KHR,middle,621
2016-04-22,CNY,KHR,sell,624
2016-04-22,EUR,KHR,buy,4522
2016-04-22,EUR,KHR,middle,4544.5
2016-04-22,EUR,KHR,sell,4567
2016-04-22,GBP,KHR,buy,5737
2016-04-22,GBP,KHR,middle,5765.5
2016-04-22,GBP,KHR,sell,5794
2016-04-22,HKD,KHR,buy,516
2016-04-22,HKD,KHR,middle,518.5
2016-04-22,HKD,KHR,sell,521
2016-04-22,IDR,KHR,buy,0.305
2016-04-22,IDR,KHR,middle,0.3065
2016-04-22,IDR,KHR,sell,0.308
2016-04-22,INR,KHR,buy,60.33
2016-04-22,INR,KHR,middle,60.63
2016-04-22,INR,KHR,sell,60.93
2016-04-22,JPY,KHR,buy,36.61
2016-04-22,JPY,KHR,middle,36.795
2016-04-22,JPY,KHR,sell,36.98
2016-04-22,KRW,KHR,buy,3.52
2016-04-22,KRW,KHR,middle,3.535
2016-04-22,KRW,KHR,sell,3.55
2016-04-22,LAK,KHR,buy,0.493
2016-04-22,LAK,KHR,middle,0.4955
2016-04-22,LAK,KHR,sell,0.498
2016-04-22,MMK,KHR,buy,3.46
2016-04-22,MMK,KHR,middle,3.475
2016-04-22,MMK,KHR,sell,3.49
2016-04-22,MYR,KHR,buy,1025
2016-04-22,MYR,KHR,middle,1030.5
2016-04-22,MYR,KHR,sell,1036
2016-04-22,NZD,KHR,buy,2769
2016-04-22,NZD,KHR,middle,2783
2016-04-22,NZD,KHR,sell,2797
2016-04-22,PHP,KHR,buy,86.33
2016-04-22,PHP,KHR,middle,86.765
2016-04-22,PHP,KHR,sell,87.2
2016-04-22,SDR,KHR,buy,5640
2016-04-22,SDR,KHR,middle,5668.5
2016-04-22,SDR,KHR,sell,5697
2016-04-22,SEK,KHR,buy,492
2016-04-22,SEK,KHR,middle,494.5
2016-04-22,SEK,KHR,sell,497
2016-04-22,SGD,KHR,buy,2968
2016-04-22,SGD,KHR,middle,2983
2016-04-22,SGD,KHR,sell,2998
2016-04-22,THB,KHR,buy,114
2016-04-22,THB,KHR,middle,114.5
2016-04-22,THB,KHR,sell,115
2016-04-22,TWD,KHR,buy,124
2016-04-22,TWD,KHR,middle,124.5
2016-04-22,TWD,KHR,sell,125
2016-04-22,USD,KHR,reference,4005
2016-04-22,VND,KHR,buy,0.18
2016-04-22,VND,KHR,middle,0.1805
2016-04-22,VND,KHR,sell,0.181
2016-04-26,AUD,KHR,buy,3116
2016-04-26,AUD,KHR,middle,3132
2016-04-26,AUD,KHR,sell,3148
2016-04-26,CAD,KHR,buy,3187
2016-04-26,CAD,KHR,middle,3202.5
2016-04-26,CAD,KHR,sell,3218
2016-04-26,CHF,KHR,buy,4144
2016-04-26,CHF,KHR,middle,4164.5
2016-04-26,CHF,KHR,sell,4185
2016-04-26,CNH,KHR,buy,621
2016-04-26,CNH,KHR,middle,624
2016-04-26,CNH,KHR,sell,627
2016-04-26,CNY,KHR,buy,623
2016-04-26,CNY,KHR,middle,626
2016-04-26,CNY,KHR,sell,629
2016-04-26,EUR,KHR,buy,4551
2016-04-26,EUR,KHR,middle,4574
2016-04-26,EUR,KHR,sell,4597
2016-04-26,GBP,KHR,buy,5852
2016-04-26,GBP,KHR,middle,5881.5
2016-04-26,GBP,KHR,sell,5911
2016-04-26,HKD,KHR,buy,521
2016-04-26,HKD,KHR,middle,523.5
2016-04-26,HKD,KHR,sell,526
2016-04-26,IDR,KHR,buy,0.306
2016-04-26,IDR,KHR,middle,0.3075
2016-04-26,IDR,KHR,sell,0.309
2016-04-26,INR,KHR,buy,60.65
2016-04-26,INR,KHR,middle,60.955
2016-04-26,INR,KHR,sell,61.26
2016-04-26,JPY,KHR,buy,36.36
2016-04-26,JPY,KHR,middle,36.54
2016-04-26,JPY,KHR,sell,36.72
2016-04-26,KRW,KHR,buy,3.51
2016-04-26,KRW,KHR,middle,3.53
2016-04-26,KRW,KHR,sell,3.55
2016-04-26,LAK,KHR,buy,0.497
2016-04-26,LAK,KHR,middle,0.4995
2016-04-26,LAK,KHR,sell,0.502
2016-04-26,MMK,KHR,buy,3.46
2016-04-26,MMK,KHR,middle,3.475
2016-04-26,MMK,KHR,sell,3.49
2016-04-26,MYR,KHR,buy,1035
2016-04-26,MYR,KHR,middle,1040.5
2016-04-26,MYR,KHR,sell,1046
2016-04-26,NZD,KHR,buy,2775
2016-04-26,NZD,KHR,middle,2789
2016-04-26,NZD,KHR,sell,2803
2016-04-26,PHP,KHR,buy,86.21
2016-04-26,PHP,KHR,middle,86.64
2016-04-26,PHP,KHR,sell,87.07
2016-04-26,SDR,KHR,buy,5678
2016-04-26,SDR,KHR,middle,5706.5
2016-04-26,SDR,KHR,sell,5735
2016-04-26,SEK,KHR,buy,496
2016-04-26,SEK,KHR,middle,498.5
2016-04-26,SEK,KHR,sell,501
2016-04-26,SGD,KHR,buy,2987
2016-04-26,SGD,KHR,middle,3002
2016-04-26,SGD,KHR,sell,3017
2016-04-26,THB,KHR,buy,115
2016-04-26,THB,KHR,middle,115.5
2016-04-26,THB,KHR,sell,116
2016-04-26,TWD,KHR,buy,125
2016-04-26,TWD,KHR,middle,125.5
2016-04-26,TWD,KHR,sell,126
2016-04-26,USD,KHR,reference,4040
2016-04-26,VND,KHR,buy,0.181
2016-04-26,VND,KHR,middle,0.182
2016-04-26,VND,KHR,sell,0.183
2016-04-27,AUD,KHR,buy,3136
2016-04-27,AUD,KHR,middle,3151.5
2016-04-27,AUD,KHR,sell,3167
2016-04-27,CAD,KHR,buy,3212
2016-04-27,CAD,KHR,middle,3228
2016-04-27,CAD,KHR,sell,3244
2016-04-27,CHF,KHR,buy,4160
2016-04-27,CHF,KHR,middle,4180.5
2016-04-27,CHF,KHR,sell,4201
2016-04-27,CNH,KHR,buy,623
2016-04-27,CNH,KHR,middle,626
2016-04-27,CNH,KHR,sell,629
2016-04-27,CNY,KHR,buy,624
2016-04-27,CNY,KHR,middle,627
2016-04-27,CNY,KHR,sell,630
2016-04-27,EUR,KHR,buy,4576
2016-04-27,EUR,KHR,middle,4599
2016-04-27,EUR,KHR,sell,4622
2016-04-27,GBP,KHR,buy,5903
2016-04-27,GBP,KHR,middle,5932.5
2016-04-27,GBP,KHR,sell,5962
2016-04-27,HKD,KHR,buy,522
2016-04-27,HKD,KHR,middle,524.5
2016-04-27,HKD,KHR,sell,527
2016-04-27,IDR,KHR,buy,0.307
2016-04-27,IDR,KHR,middle,0.3085
2016-04-27,IDR,KHR,sell,0.31
2016-04-27,INR,KHR,buy,60.88
2016-04-27,INR,KHR,middle,61.185
2016-04-27,INR,KHR,sell,61.49
2016-04-27,JPY,KHR,buy,36.42
2016-04-27,JPY,KHR,middle,36.6
2016-04-27,JPY,KHR,sell,36.78
2016-04-27,KRW,KHR,buy,3.53
2016-04-27,KRW,KHR,middle,3.55
2016-04-27,KRW,KHR,sell,3.57
2016-04-27,LAK,KHR,buy,0.499
2016-04-27,LAK,KHR,middle,0.5015
2016-04-27,LAK,KHR,sell,0.504
2016-04-27,MMK,KHR,buy,3.54
2016-04-27,MMK,KHR,middle,3.555
2016-04-27,MMK,KHR,sell,3.57
2016-04-27,MYR,KHR,buy,1036
2016-04-27,MYR,KHR,middle,1041
2016-04-27,MYR,KHR,sell,1046
2016-04-27,NZD,KHR,buy,2790
2016-04-27,NZD,KHR,middle,2804
2016-04-27,NZD,KHR,sell,2818
2016-04-27,PHP,KHR,buy,86.56
2016-04-27,PHP,KHR,middle,86.99
2016-04-27,PHP,KHR,sell,87.42
2016-04-27,SDR,KHR,buy,5703
2016-04-27,SDR,KHR,middle,5731.5
2016-04-27,SDR,KHR,sell,5760
2016-04-27,SEK,KHR,buy,499
2016-04-27,SEK,KHR,middle,501.5
2016-04-27,SEK,KHR,sell,504
2016-04-27,SGD,KHR,buy,2998
2016-04-27,SGD,KHR,middle,3013
2016-04-27,SGD,KHR,sell,3028
2016-04-27,THB,KHR,buy,115
2016-04-27,THB,KHR,middle,115.5
2016-04-27,THB,KHR,sell,116
2016-04-27,TWD,KHR,buy,125
2016-04-27,TWD,KHR,middle,126
2016-04-27,TWD,KHR,sell,127
2016-04-27,USD,KHR,reference,4050
2016-04-27,VND,KHR,buy,0.183
2016-04-27,VND,KHR,middle,0.184
2016-04-27,VND,KHR,sell,0.185
2016-04-28,AUD,KHR,buy,3084
2016-04-28,AUD,KHR,middle,3099.5
2016-04-28,AUD,KHR,sell,3115
2016-04-28,CAD,KHR,buy,3225
2016-04-28,CAD,KHR,middle,3241.5
2016-04-28,CAD,KHR,sell,3258
2016-04-28,CHF,KHR,buy,4180
2016-04-28,CHF,KHR,middle,4201
2016-04-28,CHF,KHR,sell,4222
2016-04-28,CNH,KHR,buy,624
2016-04-28,CNH,KHR,middle,627
2016-04-28,CNH,KHR,sell,630
2016-04-28,CNY,KHR,buy,625
2016-04-28,CNY,KHR,middle,628
2016-04-28,CNY,KHR,sell,631
2016-04-28,EUR,KHR,buy,4598
2016-04-28,EUR,KHR,middle,4621
2016-04-28,EUR,KHR,sell,4644
2016-04-28,GBP,KHR,buy,5902
2016-04-28,GBP,KHR,middle,5931.5
2016-04-28,GBP,KHR,sell,5961
2016-04-28,HKD,KHR,buy,523
2016-04-28,HKD,KHR,middle,526
2016-04-28,HKD,KHR,sell,529
2016-04-28,IDR,KHR,buy,0.308
2016-04-28,IDR,KHR,middle,0.3095
2016-04-28,IDR,KHR,sell,0.311
2016-04-28,INR,KHR,buy,61.1
2016-04-28,INR,KHR,middle,61.405
2016-04-28,INR,KHR,sell,61.71
2016-04-28,JPY,KHR,buy,36.39
2016-04-28,JPY,KHR,middle,36.57
2016-04-28,JPY,KHR,sell,36.75
2016-04-28,KRW,KHR,buy,3.54
2016-04-28,KRW,KHR,middle,3.555
2016-04-28,KRW,KHR,sell,3.57
2016-04-28,LAK,KHR,buy,0.5
2016-04-28,LAK,KHR,middle,0.5025
2016-04-28,LAK,KHR,sell,0.505
2016-04-28,MMK,KHR,buy,3.53
2016-04-28,MMK,KHR,middle,3.55
2016-04-28,MMK,KHR,sell,3.57
2016-04-28,MYR,KHR,buy,1043
2016-04-28,MYR,KHR,middle,1048.5
2016-04-28,MYR,KHR,sell,1054
2016-04-28,NZD,KHR,buy,2811
2016-04-28,NZD,KHR,middle,2825
2016-04-28,NZD,KHR,sell,2839
2016-04-28,PHP,KHR,buy,86.9
2016-04-28,PHP,KHR,middle,87.335
2016-04-28,PHP,KHR,sell,87.77
2016-04-28,SDR,KHR,buy,5722
2016-04-28,SDR,KHR,middle,5750.5
2016-04-28,SDR,KHR,sell,5779
2016-04-28,SEK,KHR,buy,502
2016-04-28,SEK,KHR,middle,504.5
2016-04-28,SEK,KHR,sell,507
2016-04-28,SGD,KHR,buy,3013
2016-04-28,SGD,KHR,middle,3028
2016-04-28,SGD,KHR,sell,3043
2016-04-28,THB,KHR,buy,116
2016-04-28,THB,KHR,middle,116.5
2016-04-28,THB,KHR,sell,117
2016-04-28,TWD,KHR,buy,126
2016-04-28,TWD,KHR,middle,126.5
2016-04-28,TWD,KHR,sell,127
2016-04-28,USD,KHR,reference,4060
2016-04-28,VND,KHR,buy,0.183
2016-04-28,VND,KHR,middle,0.1835
2016-04-28,VND,KHR,sell,0.184
2016-04-29,AUD,KHR,buy,3099
2016-04-29,AUD,KHR,middle,3114.5
2016-04-29,AUD,KHR,sell,3130
2016-04-29,CAD,KHR,buy,3235
2016-04-29,CAD,KHR,middle,3251
2016-04-29,CAD,KHR,sell,3267
2016-04-29,CHF,KHR,buy,4202
2016-04-29,CHF,KHR,middle,4223
2016-04-29,CHF,KHR,sell,4244
2016-04-29,CNH,KHR,buy,626
2016-04-29,CNH,KHR,middle,629.5
2016-04-29,CNH,KHR,sell,633
2016-04-29,CNY,KHR,buy,627
2016-04-29,CNY,KHR,middle,630
2016-04-29,CNY,KHR,sell,633
2016-04-29,EUR,KHR,buy,4611
2016-04-29,EUR,KHR,middle,4634
2016-04-29,EUR,KHR,sell,4657
2016-04-29,GBP,KHR,buy,5933
2016-04-29,GBP,KHR,middle,5963
2016-04-29,GBP,KHR,sell,5993
2016-04-29,HKD,KHR,buy,523
2016-04-29,HKD,KHR,middle,526
2016-04-29,HKD,KHR,sell,529
2016-04-29,IDR,KHR,buy,0.308
2016-04-29,IDR,KHR,middle,0.3095
2016-04-29,IDR,KHR,sell,0.311
2016-04-29,INR,KHR,buy,61.04
2016-04-29,INR,KHR,middle,61.345
2016-04-29,INR,KHR,sell,61.65
2016-04-29,JPY,KHR,buy,37.56
2016-04-29,JPY,KHR,middle,37.75
2016-04-29,JPY,KHR,sell,37.94
2016-04-29,KRW,KHR,buy,3.57
2016-04-29,KRW,KHR,middle,3.59
2016-04-29,KRW,KHR,sell,3.61
2016-04-29,LAK,KHR,buy,0.5
2016-04-29,LAK,KHR,middle,0.5025
2016-04-29,LAK,KHR,sell,0.505
2016-04-29,MMK,KHR,buy,3.5
2016-04-29,MMK,KHR,middle,3.52
2016-04-29,MMK,KHR,sell,3.54
2016-04-29,MYR,KHR,buy,1046
2016-04-29,MYR,KHR,middle,1051
2016-04-29,MYR,KHR,sell,1056
2016-04-29,NZD,KHR,buy,2827
2016-04-29,NZD,KHR,middle,2841
2016-04-29,NZD,KHR,sell,2855
2016-04-29,PHP,KHR,buy,86.77
2016-04-29,PHP,KHR,middle,87.2
2016-04-29,PHP,KHR,sell,87.63
2016-04-29,SDR,KHR,buy,5739
2016-04-29,SDR,KHR,middle,5767.5
2016-04-29,SDR,KHR,sell,5796
2016-04-29,SEK,KHR,buy,503
2016-04-29,SEK,KHR,middle,505.5
2016-04-29,SEK,KHR,sell,508
2016-04-29,SGD,KHR,buy,3021
2016-04-29,SGD,KHR,middle,3036
2016-04-29,SGD,KHR,sell,3051
2016-04-29,THB,KHR,buy,116
2016-04-29,THB,KHR,middle,116.5
2016-04-29,THB,KHR,sell,117
2016-04-29,TWD,KHR,buy,126
2016-04-29,TWD,KHR,middle,126.5
2016-04-29,TWD,KHR,sell,127
2016-04-29,USD,KHR,reference,4060
2016-04-29,VND,KHR,buy,0.182
2016-04-29,VND,KHR,middle,0.183
2016-04-29,VND,KHR,sell,0.184
2016-05-02,AUD,KHR,buy,3089
2016-05-02,AUD,KHR,middle,3104.5
2016-05-02,AUD,KHR,sell,3120
2016-05-02,CAD,KHR,buy,3236
2016-05-02,CAD,KHR,middle,3252
2016-05-02,CAD,KHR,sell,3268
2016-05-02,CHF,KHR,buy,4232
2016-05-02,CHF,KHR,middle,4253
2016-05-02,CHF,KHR,sell,4274
2016-05-02,CNH,KHR,buy,626
2016-05-02,CNH,KHR,middle,629
2016-05-02,CNH,KHR,sell,632
2016-05-02,CNY,KHR,buy,627
2016-05-02,CNY,KHR,middle,630
2016-05-02,CNY,KHR,sell,633
2016-05-02,EUR,KHR,buy,4650
2016-05-02,EUR,KHR,middle,4673.5
2016-05-02,EUR,KHR,sell,4697
2016-05-02,GBP,KHR,buy,5928
2016-05-02,GBP,KHR,middle,5957.5
2016-05-02,GBP,KHR,sell,5987
2016-05-02,HKD,KHR,buy,523
2016-05-02,HKD,KHR,middle,525.5
2016-05-02,HKD,KHR,sell,528
2016-05-02,IDR,KHR,buy,0.308
2016-05-02,IDR,KHR,middle,0.3095
2016-05-02,IDR,KHR,sell,0.311
2016-05-02,INR,KHR,buy,61.18
2016-05-02,INR,KHR,middle,61.49
2016-05-02,INR,KHR,sell,61.8
2016-05-02,JPY,KHR,buy,38.15
2016-05-02,JPY,KHR,middle,38.34
2016-05-02,JPY,KHR,sell,38.53
2016-05-02,KRW,KHR,buy,3.55
2016-05-02,KRW,KHR,middle,3.57
2016-05-02,KRW,KHR,sell,3.59
2016-05-02,LAK,KHR,buy,0.5
2016-05-02,LAK,KHR,middle,0.5025
2016-05-02,LAK,KHR,sell,0.505
2016-05-02,MMK,KHR,buy,3.53
2016-05-02,MMK,KHR,middle,3.55
2016-05-02,MMK,KHR,sell,3.57
2016-05-02,MYR,KHR,buy,1040
2016-05-02,MYR,KHR,middle,1045
2016-05-02,MYR,KHR,sell,1050
2016-05-02,NZD,KHR,buy,2840
2016-05-02,NZD,KHR,middle,2854
2016-05-02,NZD,KHR,sell,2868
2016-05-02,PHP,KHR,buy,86.57
2016-05-02,PHP,KHR,middle,87.005
2016-05-02,PHP,KHR,sell,87.44
2016-05-02,SDR,KHR,buy,5752
2016-05-02,SDR,KHR,middle,5780.5
2016-05-02,SDR,KHR,sell,5809
2016-05-02,SEK,KHR,buy,506
2016-05-02,SEK,KHR,middle,508.5
2016-05-02,SEK,KHR,sell,511
2016-05-02,SGD,KHR,buy,3020
2016-05-02,SGD,KHR,middle,3035.5
2016-05-02,SGD,KHR,sell,3051
2016-05-02,THB,KHR,buy,116
2016-05-02,THB,KHR,middle,116.5
2016-05-02,THB,KHR,sell,117
2016-05-02,TWD,KHR,buy,126
2016-05-02,TWD,KHR,middle,126.5
2016-05-02,TWD,KHR,sell,127
2016-05-02,USD,KHR,reference,4058
2016-05-02,VND,KHR,buy,0.182
2016-05-02,VND,KHR,middle,0.183
2016-05-02,VND,KHR,sell,0.184
2016-05-04,AUD,KHR,buy,3046
2016-05-04,AUD,KHR,middle,3061.5
2016-05-04,AUD,KHR,sell,3077
2016-05-04,CAD,KHR,buy,3199
2016-05-04,CAD,KHR,middle,3215
2016-05-04,CAD,KHR,sell,3231
2016-05-04,CHF,KHR,buy,4259
2016-05-04,CHF,KHR,middle,4280.5
2016-05-04,CHF,KHR,sell,4302
2016-05-04,CNH,KHR,buy,625
2016-05-04,CNH,KHR,middle,628
2016-05-04,CNH,KHR,sell,631
2016-05-04,CNY,KHR,buy,626
2016-05-04,CNY,KHR,middle,629
2016-05-04,CNY,KHR,sell,632
2016-05-04,EUR,KHR,buy,4673
2016-05-04,EUR,KHR,middle,4696.5
2016-05-04,EUR,KHR,sell,4720
2016-05-04,GBP,KHR,buy,5909
2016-05-04,GBP,KHR,middle,5938.5
2016-05-04,GBP,KHR,sell,5968
2016-05-04,HKD,KHR,buy,523
2016-05-04,HKD,KHR,middle,526
2016-05-04,HKD,KHR,sell,529
2016-05-04,IDR,KHR,buy,0.308
2016-05-04,IDR,KHR,middle,0.3095
2016-05-04,IDR,KHR,sell,0.311
2016-05-04,INR,KHR,buy,61.17
2016-05-04,INR,KHR,middle,61.475
2016-05-04,INR,KHR,sell,61.78
2016-05-04,JPY,KHR,buy,38.1
2016-05-04,JPY,KHR,middle,38.29
2016-05-04,JPY,KHR,sell,38.48
2016-05-04,KRW,KHR,buy,3.53
2016-05-04,KRW,KHR,middle,3.55
2016-05-04,KRW,KHR,sell,3.57
2016-05-04,LAK,KHR,buy,0.501
2016-05-04,LAK,KHR,middle,0.5035
2016-05-04,LAK,KHR,sell,0.506
2016-05-04,MMK,KHR,buy,3.5
2016-05-04,MMK,KHR,middle,3.52
2016-05-04,MMK,KHR,sell,3.54
2016-05-04,MYR,KHR,buy,1028
2016-05-04,MYR,KHR,middle,1033
2016-05-04,MYR,KHR,sell,1038
2016-05-04,NZD,KHR,buy,2814
2016-05-04,NZD,KHR,middle,2828.5
2016-05-04,NZD,KHR,sell,2843
2016-05-04,PHP,KHR,buy,86.67
2016-05-04,PHP,KHR,middle,87.1
2016-05-04,PHP,KHR,sell,87.53
2016-05-04,SDR,KHR,buy,5798
2016-05-04,SDR,KHR,middle,5827
2016-05-04,SDR,KHR,sell,5856
2016-05-04,SEK,KHR,buy,505
2016-05-04,SEK,KHR,middle,507.5
2016-05-04,SEK,KHR,sell,510
2016-05-04,SGD,KHR,buy,3005
2016-05-04,SGD,KHR,middle,3020
2016-05-04,SGD,KHR,sell,3035
2016-05-04,THB,KHR,buy,116
2016-05-04,THB,KHR,middle,116.5
2016-05-04,THB,KHR,sell,117
2016-05-04,TWD,KHR,buy,126
2016-05-04,TWD,KHR,middle,127
2016-05-04,TWD,KHR,sell,128
2016-05-04,USD,KHR,reference,4063
2016-05-04,VND,KHR,buy,0.183
2016-05-04,VND,KHR,middle,0.1835
2016-05-04,VND,KHR,sell,0.184
2016-05-05,AUD,KHR,buy,3031
2016-05-05,AUD,KHR,middle,3046
2016-05-05,AUD,KHR,sell,3061
2016-05-05,CAD,KHR,buy,3158
2016-05-05,CAD,KHR,middle,3174
2016-05-05,CAD,KHR,sell,3190
2016-05-05,CHF,KHR,buy,4243
2016-05-05,CHF,KHR,middle,4264
2016-05-05,CHF,KHR,sell,4285
2016-05-05,CNH,KHR,buy,624
2016-05-05,CNH,KHR,middle,627
2016-05-05,CNH,KHR,sell,630
2016-05-05,CNY,KHR,buy,625
2016-05-05,CNY,KHR,middle,628
2016-05-05,CNY,KHR,sell,631
2016-05-05,EUR,KHR,buy,4667
2016-05-05,EUR,KHR,middle,4690
2016-05-05,EUR,KHR,sell,4713
2016-05-05,GBP,KHR,buy,5892
2016-05-05,GBP,KHR,middle,5921.5
2016-05-05,GBP,KHR,sell,5951
2016-05-05,HKD,KHR,buy,523
2016-05-05,HKD,KHR,middle,526
2016-05-05,HKD,KHR,sell,529
2016-05-05,IDR,KHR,buy,0.307
2016-05-05,IDR,KHR,middle,0.3085
2016-05-05,IDR,KHR,sell,0.31
2016-05-05,INR,KHR,buy,61.05
2016-05-05,INR,KHR,middle,61.355
2016-05-05,INR,KHR,sell,61.66
2016-05-05,JPY,KHR,buy,37.96
2016-05-05,JPY,KHR,middle,38.15
2016-05-05,JPY,KHR,sell,38.34
2016-05-05,KRW,KHR,buy,3.48
2016-05-05,KRW,KHR,middle,3.5
2016-05-05,KRW,KHR,sell,3.52
2016-05-05,LAK,KHR,buy,0.501
2016-05-05,LAK,KHR,middle,0.5035
2016-05-05,LAK,KHR,sell,0.506
2016-05-05,MMK,KHR,buy,3.52
2016-05-05,MMK,KHR,middle,3.54
2016-05-05,MMK,KHR,sell,3.56
2016-05-05,MYR,KHR,buy,1015
2016-05-05,MYR,KHR,middle,1020
2016-05-05,MYR,KHR,sell,1025
2016-05-05,NZD,KHR,buy,2797
2016-05-05,NZD,KHR,middle,2811
2016-05-05,NZD,KHR,sell,2825
2016-05-05,PHP,KHR,buy,86.27
2016-05-05,PHP,KHR,middle,86.705
2016-05-05,PHP,KHR,sell,87.14
2016-05-05,SDR,KHR,buy,5769
2016-05-05,SDR,KHR,middle,5798
2016-05-05,SDR,KHR,sell,5827
2016-05-05,SEK,KHR,buy,504
2016-05-05,SEK,KHR,middle,506.5
2016-05-05,SEK,KHR,sell,509
2016-05-05,SGD,KHR,buy,2991
2016-05-05,SGD,KHR,middle,3006
2016-05-05,SGD,KHR,sell,3021
2016-05-05,THB,KHR,buy,116
2016-05-05,THB,KHR,middle,116.5
2016-05-05,THB,KHR,sell,117
2016-05-05,TWD,KHR,buy,126
2016-05-05,TWD,KHR,middle,126.5
2016-05-05,TWD,KHR,sell,127
2016-05-05,USD,KHR,reference,4063
2016-05-05,VND,KHR,buy,0.184
2016-05-05,VND,KHR,middle,0.185
2016-05-05,VND,KHR,sell,0.186
2016-05-06,AUD,KHR,buy,3037
2016-05-06,AUD,KHR,middle,3052
2016-05-06,AUD,KHR,sell,3067
2016-05-06,CAD,KHR,buy,3160
2016-05-06,CAD,KHR,middle,3176
2016-05-06,CAD,KHR,sell,3192
2016-05-06,CHF,KHR,buy,4197
2016-05-06,CHF,KHR,middle,4218
2016-05-06,CHF,KHR,sell,4239
2016-05-06,CNH,KHR,buy,623
2016-05-06,CNH,KHR,middle,626
2016-05-06,CNH,KHR,sell,629
2016-05-06,CNY,KHR,buy,625
2016-05-06,CNY,KHR,middle,628
2016-05-06,CNY,KHR,sell,631
2016-05-06,EUR,KHR,buy,4632
2016-05-06,EUR,KHR,middle,4655
2016-05-06,EUR,KHR,sell,4678
2016-05-06,GBP,KHR,buy,5886
2016-05-06,GBP,KHR,middle,5915.5
2016-05-06,GBP,KHR,sell,5945
2016-05-06,HKD,KHR,buy,524
2016-05-06,HKD,KHR,middle,526.5
2016-05-06,HKD,KHR,sell,529
2016-05-06,IDR,KHR,buy,0.305
2016-05-06,IDR,KHR,middle,0.3065
2016-05-06,IDR,KHR,sell,0.308
2016-05-06,INR,KHR,buy,61.05
2016-05-06,INR,KHR,middle,61.355
2016-05-06,INR,KHR,sell,61.66
2016-05-06,JPY,KHR,buy,37.83
2016-05-06,JPY,KHR,middle,38.02
2016-05-06,JPY,KHR,sell,38.21
2016-05-06,KRW,KHR,buy,3.48
2016-05-06,KRW,KHR,middle,3.5
2016-05-06,KRW,KHR,sell,3.52
2016-05-06,LAK,KHR,buy,0.501
2016-05-06,LAK,KHR,middle,0.5035
2016-05-06,LAK,KHR,sell,0.506
2016-05-06,MMK,KHR,buy,3.53
2016-05-06,MMK,KHR,middle,3.545
2016-05-06,MMK,KHR,sell,3.56
2016-05-06,MYR,KHR,buy,1013
2016-05-06,MYR,KHR,middle,1018.5
2016-05-06,MYR,KHR,sell,1024
2016-05-06,NZD,KHR,buy,2797
2016-05-06,NZD,KHR,middle,2811
2016-05-06,NZD,KHR,sell,2825
2016-05-06,PHP,KHR,buy,86.08
2016-05-06,PHP,KHR,middle,86.51
2016-05-06,PHP,KHR,sell,86.94
2016-05-06,SDR,KHR,buy,5756
2016-05-06,SDR,KHR,middle,5784.5
2016-05-06,SDR,KHR,sell,5813
2016-05-06,SEK,KHR,buy,501
2016-05-06,SEK,KHR,middle,503.5
2016-05-06,SEK,KHR,sell,506
2016-05-06,SGD,KHR,buy,2990
2016-05-06,SGD,KHR,middle,3005
2016-05-06,SGD,KHR,sell,3020
2016-05-06,THB,KHR,buy,116
2016-05-06,THB,KHR,middle,116.5
2016-05-06,THB,KHR,sell,117
2016-05-06,TWD,KHR,buy,126
2016-05-06,TWD,KHR,middle,126.5
2016-05-06,TWD,KHR,sell,127
2016-05-06,USD,KHR,reference,4063
2016-05-06,VND,KHR,buy,0.185
2016-05-06,VND,KHR,middle,0.186
2016-05-06,VND,KHR,sell,0.187
2016-05-09,AUD,KHR,buy,2992
2016-05-09,AUD,KHR,middle,3007
2016-05-09,AUD,KHR,sell,3022
2016-05-09,CAD,KHR,buy,3141
2016-05-09,CAD,KHR,middle,3157
2016-05-09,CAD,KHR,sell,3173
2016-05-09,CHF,KHR,buy,4175
2016-05-09,CHF,KHR,middle,4195.5
2016-05-09,CHF,KHR,sell,4216
2016-05-09,CNH,KHR,buy,623
2016-05-09,CNH,KHR,middle,626
2016-05-09,CNH,KHR,sell,629
2016-05-09,CNY,KHR,buy,626
2016-05-09,CNY,KHR,middle,629
2016-05-09,CNY,KHR,sell,632
2016-05-09,EUR,KHR,buy,4625
2016-05-09,EUR,KHR,middle,4648
2016-05-09,EUR,KHR,sell,4671
2016-05-09,GBP,KHR,buy,5859
2016-05-09,GBP,KHR,middle,5888.5
2016-05-09,GBP,KHR,sell,5918
2016-05-09,HKD,KHR,buy,523
2016-05-09,HKD,KHR,middle,526
2016-05-09,HKD,KHR,sell,529
2016-05-09,IDR,KHR,buy,0.305
2016-05-09,IDR,KHR,middle,0.3065
2016-05-09,IDR,KHR,sell,0.308
2016-05-09,INR,KHR,buy,61.03
2016-05-09,INR,KHR,middle,61.335
2016-05-09,INR,KHR,sell,61.64
2016-05-09,JPY,KHR,buy,37.8
2016-05-09,JPY,KHR,middle,37.985
2016-05-09,JPY,KHR,sell,38.17
2016-05-09,KRW,KHR,buy,3.49
2016-05-09,KRW,KHR,middle,3.505
2016-05-09,KRW,KHR,sell,3.52
2016-05-09,LAK,KHR,buy,0.501
2016-05-09,LAK,KHR,middle,0.5035
2016-05-09,LAK,KHR,sell,0.506
2016-05-09,MMK,KHR,buy,3.5
2016-05-09,MMK,KHR,middle,3.52
2016-05-09,MMK,KHR,sell,3.54
2016-05-09,MYR,KHR,buy,1016
2016-05-09,MYR,KHR,middle,1021
2016-05-09,MYR,KHR,sell,1026
2016-05-09,NZD,KHR,buy,2778
2016-05-09,NZD,KHR,middle,2792
2016-05-09,NZD,KHR,sell,2806
2016-05-09,PHP,KHR,buy,86.41
2016-05-09,PHP,KHR,middle,86.845
2016-05-09,PHP,KHR,sell,87.28
2016-05-09,SDR,KHR,buy,5757
2016-05-09,SDR,KHR,middle,5786
2016-05-09,SDR,KHR,sell,5815
2016-05-09,SEK,KHR,buy,499
2016-05-09,SEK,KHR,middle,501.5
2016-05-09,SEK,KHR,sell,504
2016-05-09,SGD,KHR,buy,2982
2016-05-09,SGD,KHR,middle,2997
2016-05-09,SGD,KHR,sell,3012
2016-05-09,THB,KHR,buy,116
2016-05-09,THB,KHR,middle,116.5
2016-05-09,THB,KHR,sell,117
2016-05-09,TWD,KHR,buy,125
2016-05-09,TWD,KHR,middle,126
2016-05-09,TWD,KHR,sell,127
2016-05-09,USD,KHR,reference,4062
2016-05-09,VND,KHR,buy,0.183
2016-05-09,VND,KHR,middle,0.1835
2016-05-09,VND,KHR,sell,0.184
2016-05-10,AUD,KHR,buy,2967
2016-05-10,AUD,KHR,middle,2982
2016-05-10,AUD,KHR,sell,2997
2016-05-10,CAD,KHR,buy,3133
2016-05-10,CAD,KHR,middle,3148.5
2016-05-10,CAD,KHR,sell,3164
2016-05-10,CHF,KHR,buy,4182
2016-05-10,CHF,KHR,middle,4202.5
2016-05-10,CHF,KHR,sell,4223
2016-05-10,CNH,KHR,buy,621
2016-05-10,CNH,KHR,middle,624
2016-05-10,CNH,KHR,sell,627
2016-05-10,CNY,KHR,buy,624
2016-05-10,CNY,KHR,middle,627
2016-05-10,CNY,KHR,sell,630
2016-05-10,EUR,KHR,buy,4623
2016-05-10,EUR,KHR,middle,4646
2016-05-10,EUR,KHR,sell,4669
2016-05-10,GBP,KHR,buy,5852
2016-05-10,GBP,KHR,middle,5881.5
2016-05-10,GBP,KHR,sell,5911
2016-05-10,HKD,KHR,buy,523
2016-05-10,HKD,KHR,middle,525.5
2016-05-10,HKD,KHR,sell,528
2016-05-10,IDR,KHR,buy,0.305
2016-05-10,IDR,KHR,middle,0.3065
2016-05-10,IDR,KHR,sell,0.308
2016-05-10,INR,KHR,buy,61.01
2016-05-10,INR,KHR,middle,61.315
2016-05-10,INR,KHR,sell,61.62
2016-05-10,JPY,KHR,buy,37.46
2016-05-10,JPY,KHR,middle,37.65
2016-05-10,JPY,KHR,sell,37.84
2016-05-10,KRW,KHR,buy,3.46
2016-05-10,KRW,KHR,middle,3.48
2016-05-10,KRW,KHR,sell,3.5
2016-05-10,LAK,KHR,buy,0.501
2016-05-10,LAK,KHR,middle,0.5035
2016-05-10,LAK,KHR,sell,0.506
2016-05-10,MMK,KHR,buy,3.54
2016-05-10,MMK,KHR,middle,3.56
2016-05-10,MMK,KHR,sell,3.58
2016-05-10,MYR,KHR,buy,1006
2016-05-10,MYR,KHR,middle,1011
2016-05-10,MYR,KHR,sell,1016
2016-05-10,NZD,KHR,buy,2745
2016-05-10,NZD,KHR,middle,2758.5
2016-05-10,NZD,KHR,sell,2772
2016-05-10,PHP,KHR,buy,86.4
2016-05-10,PHP,KHR,middle,86.835
2016-05-10,PHP,KHR,sell,87.27
2016-05-10,SDR,KHR,buy,5744
2016-05-10,SDR,KHR,middle,5773
2016-05-10,SDR,KHR,sell,5802
2016-05-10,SEK,KHR,buy,498
2016-05-10,SEK,KHR,middle,500.5
2016-05-10,SEK,KHR,sell,503
2016-05-10,SGD,KHR,buy,2960
2016-05-10,SGD,KHR,middle,2975
2016-05-10,SGD,KHR,sell,2990
2016-05-10,THB,KHR,buy,115
2016-05-10,THB,KHR,middle,115.5
2016-05-10,THB,KHR,sell,116
2016-05-10,TWD,KHR,buy,125
2016-05-10,TWD,KHR,middle,126
2016-05-10,TWD,KHR,sell,127
2016-05-10,USD,KHR,reference,4062
2016-05-10,VND,KHR,buy,0.185
2016-05-10,VND,KHR,middle,0.186
2016-05-10,VND,KHR,sell,0.187
2016-05-11,AUD,KHR,buy,2994
2016-05-11,AUD,KHR,middle,3009
2016-05-11,AUD,KHR,sell,3024
2016-05-11,CAD,KHR,buy,3145
2016-05-11,CAD,KHR,middle,3161
2016-05-11,CAD,KHR,sell,3177
2016-05-11,CHF,KHR,buy,4166
2016-05-11,CHF,KHR,middle,4187
2016-05-11,CHF,KHR,sell,4208
2016-05-11,CNH,KHR,buy,622
2016-05-11,CNH,KHR,middle,625
2016-05-11,CNH,KHR,sell,628
2016-05-11,CNY,KHR,buy,623
2016-05-11,CNY,KHR,middle,626.5
2016-05-11,CNY,KHR,sell,630
2016-05-11,EUR,KHR,buy,4622
2016-05-11,EUR,KHR,middle,4645
2016-05-11,EUR,KHR,sell,4668
2016-05-11,GBP,KHR,buy,5871
2016-05-11,GBP,KHR,middle,5900.5
2016-05-11,GBP,KHR,sell,5930
2016-05-11,HKD,KHR,buy,523
2016-05-11,HKD,KHR,middle,526
2016-05-11,HKD,KHR,sell,529
2016-05-11,IDR,KHR,buy,0.306
2016-05-11,IDR,KHR,middle,0.3075
2016-05-11,IDR,KHR,sell,0.309
2016-05-11,INR,KHR,buy,60.94
2016-05-11,INR,KHR,middle,61.24
2016-05-11,INR,KHR,sell,61.54
2016-05-11,JPY,KHR,buy,37.22
2016-05-11,JPY,KHR,middle,37.41
2016-05-11,JPY,KHR,sell,37.6
2016-05-11,KRW,KHR,buy,3.48
2016-05-11,KRW,KHR,middle,3.495
2016-05-11,KRW,KHR,sell,3.51
2016-05-11,LAK,KHR,buy,0.501
2016-05-11,LAK,KHR,middle,0.5035
2016-05-11,LAK,KHR,sell,0.506
2016-05-11,MMK,KHR,buy,3.55
2016-05-11,MMK,KHR,middle,3.565
2016-05-11,MMK,KHR,sell,3.58
2016-05-11,MYR,KHR,buy,1007
2016-05-11,MYR,KHR,middle,1012
2016-05-11,MYR,KHR,sell,1017
2016-05-11,NZD,KHR,buy,2761
2016-05-11,NZD,KHR,middle,2775
2016-05-11,NZD,KHR,sell,2789
2016-05-11,PHP,KHR,buy,87.05
2016-05-11,PHP,KHR,middle,87.485
2016-05-11,PHP,KHR,sell,87.92
2016-05-11,SDR,KHR,buy,5735
2016-05-11,SDR,KHR,middle,5764
2016-05-11,SDR,KHR,sell,5793
2016-05-11,SEK,KHR,buy,498
2016-05-11,SEK,KHR,middle,500.5
2016-05-11,SEK,KHR,sell,503
2016-05-11,SGD,KHR,buy,2971
2016-05-11,SGD,KHR,middle,2986
2016-05-11,SGD,KHR,sell,3001
2016-05-11,THB,KHR,buy,115
2016-05-11,THB,KHR,middle,116
2016-05-11,THB,KHR,sell,117
2016-05-11,TWD,KHR,buy,125
2016-05-11,TWD,KHR,middle,125.5
2016-05-11,TWD,KHR,sell,126
2016-05-11,USD,KHR,reference,4063
2016-05-11,VND,KHR,buy,0.185
2016-05-11,VND,KHR,middle,0.186
2016-05-11,VND,KHR,sell,0.187
2016-05-12,AUD,KHR,buy,2990
2016-05-12,AUD,KHR,middle,3005
2016-05-12,AUD,KHR,sell,3020
2016-05-12,CAD,KHR,buy,3160
2016-05-12,CAD,KHR,middle,3175.5
2016-05-12,CAD,KHR,sell,3191
2016-05-12,CHF,KHR,buy,4185
2016-05-12,CHF,KHR,middle,4206
2016-05-12,CHF,KHR,sell,4227
2016-05-12,CNH,KHR,buy,623
2016-05-12,CNH,KHR,middle,626
2016-05-12,CNH,KHR,sell,629
2016-05-12,CNY,KHR,buy,626
2016-05-12,CNY,KHR,middle,629
2016-05-12,CNY,KHR,sell,632
2016-05-12,EUR,KHR,buy,4643
2016-05-12,EUR,KHR,middle,4666
2016-05-12,EUR,KHR,sell,4689
2016-05-12,GBP,KHR,buy,5866
2016-05-12,GBP,KHR,middle,5895.5
2016-05-12,GBP,KHR,sell,5925
2016-05-12,HKD,KHR,buy,524
2016-05-12,HKD,KHR,middle,526.5
2016-05-12,HKD,KHR,sell,529
2016-05-12,IDR,KHR,buy,0.305
2016-05-12,IDR,KHR,middle,0.3065
2016-05-12,IDR,KHR,sell,0.308
2016-05-12,INR,KHR,buy,61.04
2016-05-12,INR,KHR,middle,61.345
2016-05-12,INR,KHR,sell,61.65
2016-05-12,JPY,KHR,buy,37.52
2016-05-12,JPY,KHR,middle,37.705
2016-05-12,JPY,KHR,sell,37.89
2016-05-12,KRW,KHR,buy,3.48
2016-05-12,KRW,KHR,middle,3.5
2016-05-12,KRW,KHR,sell,3.52
2016-05-12,LAK,KHR,buy,0.501
2016-05-12,LAK,KHR,middle,0.5035
2016-05-12,LAK,KHR,sell,0.506
2016-05-12,MMK,KHR,buy,3.55
2016-05-12,MMK,KHR,middle,3.565
2016-05-12,MMK,KHR,sell,3.58
2016-05-12,MYR,KHR,buy,1010
2016-05-12,MYR,KHR,middle,1015
2016-05-12,MYR,KHR,sell,1020
2016-05-12,NZD,KHR,buy,2769
2016-05-12,NZD,KHR,middle,2783
2016-05-12,NZD,KHR,sell,2797
2016-05-12,PHP,KHR,buy,87.46
2016-05-12,PHP,KHR,middle,87.9
2016-05-12,PHP,KHR,sell,88.34
2016-05-12,SDR,KHR,buy,5743
2016-05-12,SDR,KHR,middle,5771.5
2016-05-12,SDR,KHR,sell,5800
2016-05-12,SEK,KHR,buy,500
2016-05-12,SEK,KHR,middle,502.5
2016-05-12,SEK,KHR,sell,505
2016-05-12,SGD,KHR,buy,2972
2016-05-12,SGD,KHR,middle,2987
2016-05-12,SGD,KHR,sell,3002
2016-05-12,THB,KHR,buy,115
2016-05-12,THB,KHR,middle,115.5
2016-05-12,THB,KHR,sell,116
2016-05-12,TWD,KHR,buy,125
2016-05-12,TWD,KHR,middle,125.5
2016-05-12,TWD,KHR,sell,126
2016-05-12,USD,KHR,reference,4063
2016-05-12,VND,KHR,buy,0.184
2016-05-12,VND,KHR,middle,0.185
2016-05-12,VND,KHR,sell,0.186
2016-05-16,AUD,KHR,buy,2954
2016-05-16,AUD,KHR,middle,2969
2016-05-16,AUD,KHR,sell,2984
2016-05-16,CAD,KHR,buy,3135
2016-05-16,CAD,KHR,middle,3150.5
2016-05-16,CAD,KHR,sell,3166
2016-05-16,CHF,KHR,buy,4163
2016-05-16,CHF,KHR,middle,4184
2016-05-16,CHF,KHR,sell,4205
2016-05-16,CNH,KHR,buy,619
2016-05-16,CNH,KHR,middle,622.5
2016-05-16,CNH,KHR,sell,626
2016-05-16,CNY,KHR,buy,622
2016-05-16,CNY,KHR,middle,625
2016-05-16,CNY,KHR,sell,628
2016-05-16,EUR,KHR,buy,4595
2016-05-16,EUR,KHR,middle,4618
2016-05-16,EUR,KHR,sell,4641
2016-05-16,GBP,KHR,buy,5829
2016-05-16,GBP,KHR,middle,5858.5
2016-05-16,GBP,KHR,sell,5888
2016-05-16,HKD,KHR,buy,523
2016-05-16,HKD,KHR,middle,525.5
2016-05-16,HKD,KHR,sell,528
2016-05-16,IDR,KHR,buy,0.305
2016-05-16,IDR,KHR,middle,0.3065
2016-05-16,IDR,KHR,sell,0.308
2016-05-16,INR,KHR,buy,60.84
2016-05-16,INR,KHR,middle,61.14
2016-05-16,INR,KHR,sell,61.44
2016-05-16,JPY,KHR,buy,37.37
2016-05-16,JPY,KHR,middle,37.555
2016-05-16,JPY,KHR,sell,37.74
2016-05-16,KRW,KHR,buy,3.45
2016-05-16,KRW,KHR,middle,3.465
2016-05-16,KRW,KHR,sell,3.48
2016-05-16,LAK,KHR,buy,0.501
2016-05-16,LAK,KHR,middle,0.5035
2016-05-16,LAK,KHR,sell,0.506
2016-05-16,MMK,KHR,buy,3.54
2016-05-16,MMK,KHR,middle,3.555
2016-05-16,MMK,KHR,sell,3.57
2016-05-16,MYR,KHR,buy,1006
2016-05-16,MYR,KHR,middle,1011
2016-05-16,MYR,KHR,sell,1016
2016-05-16,NZD,KHR,buy,2747
2016-05-16,NZD,KHR,middle,2761
2016-05-16,NZD,KHR,sell,2775
2016-05-16,PHP,KHR,buy,87.31
2016-05-16,PHP,KHR,middle,87.745
2016-05-16,PHP,KHR,sell,88.18
2016-05-16,SDR,KHR,buy,5731
2016-05-16,SDR,KHR,middle,5760
2016-05-16,SDR,KHR,sell,5789
2016-05-16,SEK,KHR,buy,493
2016-05-16,SEK,KHR,middle,495.5
2016-05-16,SEK,KHR,sell,498
2016-05-16,SGD,KHR,buy,2958
2016-05-16,SGD,KHR,middle,2973
2016-05-16,SGD,KHR,sell,2988
2016-05-16,THB,KHR,buy,115
2016-05-16,THB,KHR,middle,115.5
2016-05-16,THB,KHR,sell,116
2016-05-16,TWD,KHR,buy,125
2016-05-16,TWD,KHR,middle,125.5
2016-05-16,TWD,KHR,sell,126
2016-05-16,USD,KHR,reference,4062
2016-05-16,VND,KHR,buy,0.183
2016-05-16,VND,KHR,middle,0.184
2016-05-16,VND,KHR,sell,0.185
2016-05-17,AUD,KHR,buy,2960
2016-05-17,AUD,KHR,middle,2975
2016-05-17,AUD,KHR,sell,2990
2016-05-17,CAD,KHR,buy,3147
2016-05-17,CAD,KHR,middle,3163
2016-05-17,CAD,KHR,sell,3179
2016-05-17,CHF,KHR,buy,4152
2016-05-17,CHF,KHR,middle,4172.5
2016-05-17,CHF,KHR,sell,4193
2016-05-17,CNH,KHR,buy,620
2016-05-17,CNH,KHR,middle,623.5
2016-05-17,CNH,KHR,sell,627
2016-05-17,CNY,KHR,buy,623
2016-05-17,CNY,KHR,middle,626
2016-05-17,CNY,KHR,sell,629
2016-05-17,EUR,KHR,buy,4594
2016-05-17,EUR,KHR,middle,4617
2016-05-17,EUR,KHR,sell,4640
2016-05-17,GBP,KHR,buy,5864
2016-05-17,GBP,KHR,middle,5893.5
2016-05-17,GBP,KHR,sell,5923
2016-05-17,HKD,KHR,buy,523
2016-05-17,HKD,KHR,middle,525.5
2016-05-17,HKD,KHR,sell,528
2016-05-17,IDR,KHR,buy,0.305
2016-05-17,IDR,KHR,middle,0.3065
2016-05-17,IDR,KHR,sell,0.308
2016-05-17,INR,KHR,buy,60.78
2016-05-17,INR,KHR,middle,61.085
2016-05-17,INR,KHR,sell,61.39
2016-05-17,JPY,KHR,buy,37.23
2016-05-17,JPY,KHR,middle,37.415
2016-05-17,JPY,KHR,sell,37.6
2016-05-17,KRW,KHR,buy,3.45
2016-05-17,KRW,KHR,middle,3.47
2016-05-17,KRW,KHR,sell,3.49
2016-05-17,LAK,KHR,buy,0.501
2016-05-17,LAK,KHR,middle,0.5035
2016-05-17,LAK,KHR,sell,0.506
2016-05-17,MMK,KHR,buy,3.5
2016-05-17,MMK,KHR,middle,3.52
2016-05-17,MMK,KHR,sell,3.54
2016-05-17,MYR,KHR,buy,1010
2016-05-17,MYR,KHR,middle,1015
2016-05-17,MYR,KHR,sell,1020
2016-05-17,NZD,KHR,buy,2754
2016-05-17,NZD,KHR,middle,2768
2016-05-17,NZD,KHR,sell,2782
2016-05-17,PHP,KHR,buy,87.52
2016-05-17,PHP,KHR,middle,87.96
2016-05-17,PHP,KHR,sell,88.4
2016-05-17,SDR,KHR,buy,5723
2016-05-17,SDR,KHR,middle,5751.5
2016-05-17,SDR,KHR,sell,5780
2016-05-17,SEK,KHR,buy,491
2016-05-17,SEK,KHR,middle,493.5
2016-05-17,SEK,KHR,sell,496
2016-05-17,SGD,KHR,buy,2966
2016-05-17,SGD,KHR,middle,2981
2016-05-17,SGD,KHR,sell,2996
2016-05-17,THB,KHR,buy,115
2016-05-17,THB,KHR,middle,115.5
2016-05-17,THB,KHR,sell,116
2016-05-17,TWD,KHR,buy,124
2016-05-17,TWD,KHR,middle,125
2016-05-17,TWD,KHR,sell,126
2016-05-17,USD,KHR,reference,4060
2016-05-17,VND,KHR,buy,0.183
2016-05-17,VND,KHR,middle,0.1835
2016-05-17,VND,KHR,sell,0.184
2016-05-18,AUD,KHR,buy,2968
2016-05-18,AUD,KHR,middle,2983
2016-05-18,AUD,KHR,sell,2998
2016-05-18,CAD,KHR,buy,3145
2016-05-18,CAD,KHR,middle,3161
2016-05-18,CAD,KHR,sell,3177
2016-05-18,CHF,KHR,buy,4144
2016-05-18,CHF,KHR,middle,4164.5
2016-05-18,CHF,KHR,sell,4185
2016-05-18,CNH,KHR,buy,620
2016-05-18,CNH,KHR,middle,623.5
2016-05-18,CNH,KHR,sell,627
2016-05-18,CNY,KHR,buy,623
2016-05-18,CNY,KHR,middle,626.5
2016-05-18,CNY,KHR,sell,630
2016-05-18,EUR,KHR,buy,4596
2016-05-18,EUR,KHR,middle,4619
2016-05-18,EUR,KHR,sell,4642
2016-05-18,GBP,KHR,buy,5870
2016-05-18,GBP,KHR,middle,5899.5
2016-05-18,GBP,KHR,sell,5929
2016-05-18,HKD,KHR,buy,523
2016-05-18,HKD,KHR,middle,526
2016-05-18,HKD,KHR,sell,529
2016-05-18,IDR,KHR,buy,0.306
2016-05-18,IDR,KHR,middle,0.3075
2016-05-18,IDR,KHR,sell,0.309
2016-05-18,INR,KHR,buy,60.74
2016-05-18,INR,KHR,middle,61.045
2016-05-18,INR,KHR,sell,61.35
2016-05-18,JPY,KHR,buy,37.26
2016-05-18,JPY,KHR,middle,37.445
2016-05-18,JPY,KHR,sell,37.63
2016-05-18,KRW,KHR,buy,3.44
2016-05-18,KRW,KHR,middle,3.46
2016-05-18,KRW,KHR,sell,3.48
2016-05-18,LAK,KHR,buy,0.501
2016-05-18,LAK,KHR,middle,0.5035
2016-05-18,LAK,KHR,sell,0.506
2016-05-18,MMK,KHR,buy,3.52
2016-05-18,MMK,KHR,middle,3.54
2016-05-18,MMK,KHR,sell,3.56
2016-05-18,MYR,KHR,buy,1009
2016-05-18,MYR,KHR,middle,1014
2016-05-18,MYR,KHR,sell,1019
2016-05-18,NZD,KHR,buy,2759
2016-05-18,NZD,KHR,middle,2773
2016-05-18,NZD,KHR,sell,2787
2016-05-18,PHP,KHR,buy,87.53
2016-05-18,PHP,KHR,middle,87.97
2016-05-18,PHP,KHR,sell,88.41
2016-05-18,SDR,KHR,buy,5728
2016-05-18,SDR,KHR,middle,5756.5
2016-05-18,SDR,KHR,sell,5785
2016-05-18,SEK,KHR,buy,492
2016-05-18,SEK,KHR,middle,494.5
2016-05-18,SEK,KHR,sell,497
2016-05-18,SGD,KHR,buy,2962
2016-05-18,SGD,KHR,middle,2976.5
2016-05-18,SGD,KHR,sell,2991
2016-05-18,THB,KHR,buy,114
2016-05-18,THB,KHR,middle,114.5
2016-05-18,THB,KHR,sell,115
2016-05-18,TWD,KHR,buy,125
2016-05-18,TWD,KHR,middle,125.5
2016-05-18,TWD,KHR,sell,126
2016-05-18,USD,KHR,reference,4062
2016-05-18,VND,KHR,buy,0.182
2016-05-18,VND,KHR,middle,0.183
2016-05-18,VND,KHR,sell,0.184
2016-05-19,AUD,KHR,buy,2934
2016-05-19,AUD,KHR,middle,2948.5
2016-05-19,AUD,KHR,sell,2963
2016-05-19,CAD,KHR,buy,3117
2016-05-19,CAD,KHR,middle,3133
2016-05-19,CAD,KHR,sell,3149
2016-05-19,CHF,KHR,buy,4113
2016-05-19,CHF,KHR,middle,4133.5
2016-05-19,CHF,KHR,sell,4154
2016-05-19,CNH,KHR,buy,618
2016-05-19,CNH,KHR,middle,621
2016-05-19,CNH,KHR,sell,624
2016-05-19,CNY,KHR,buy,621
2016-05-19,CNY,KHR,middle,624.5
2016-05-19,CNY,KHR,sell,628
2016-05-19,EUR,KHR,buy,4559
2016-05-19,EUR,KHR,middle,4582
2016-05-19,EUR,KHR,sell,4605
2016-05-19,GBP,KHR,buy,5928
2016-05-19,GBP,KHR,middle,5957.5
2016-05-19,GBP,KHR,sell,5987
2016-05-19,HKD,KHR,buy,523
2016-05-19,HKD,KHR,middle,525.5
2016-05-19,HKD,KHR,sell,528
2016-05-19,IDR,KHR,buy,0.304
2016-05-19,IDR,KHR,middle,0.3055
2016-05-19,IDR,KHR,sell,0.307
2016-05-19,INR,KHR,buy,60.64
2016-05-19,INR,KHR,middle,60.945
2016-05-19,INR,KHR,sell,61.25
2016-05-19,JPY,KHR,buy,36.88
2016-05-19,JPY,KHR,middle,37.065
2016-05-19,JPY,KHR,sell,37.25
2016-05-19,KRW,KHR,buy,3.41
2016-05-19,KRW,KHR,middle,3.43
2016-05-19,KRW,KHR,sell,3.45
2016-05-19,LAK,KHR,buy,0.501
2016-05-19,LAK,KHR,middle,0.5035
2016-05-19,LAK,KHR,sell,0.506
2016-05-19,MMK,KHR,buy,3.5
2016-05-19,MMK,KHR,middle,3.52
2016-05-19,MMK,KHR,sell,3.54
2016-05-19,MYR,KHR,buy,999
2016-05-19,MYR,KHR,middle,1004
2016-05-19,MYR,KHR,sell,1009
2016-05-19,NZD,KHR,buy,2743
2016-05-19,NZD,KHR,middle,2756.5
2016-05-19,NZD,KHR,sell,2770
2016-05-19,PHP,KHR,buy,87.03
2016-05-19,PHP,KHR,middle,87.465
2016-05-19,PHP,KHR,sell,87.9
2016-05-19,SDR,KHR,buy,5720
2016-05-19,SDR,KHR,middle,5748.5
2016-05-19,SDR,KHR,sell,5777
2016-05-19,SEK,KHR,buy,487
2016-05-19,SEK,KHR,middle,489.5
2016-05-19,SEK,KHR,sell,492
2016-05-19,SGD,KHR,buy,2939
2016-05-19,SGD,KHR,middle,2954
2016-05-19,SGD,KHR,sell,2969
2016-05-19,THB,KHR,buy,114
2016-05-19,THB,KHR,middle,114.5
2016-05-19,THB,KHR,sell,115
2016-05-19,TWD,KHR,buy,124
2016-05-19,TWD,KHR,middle,124.5
2016-05-19,TWD,KHR,sell,125
2016-05-19,USD,KHR,reference,4062
2016-05-19,VND,KHR,buy,0.183
2016-05-19,VND,KHR,middle,0.184
2016-05-19,VND,KHR,sell,0.185
2016-05-25,AUD,KHR,buy,2927
2016-05-25,AUD,KHR,middle,2941.5
2016-05-25,AUD,KHR,sell,2956
2016-05-25,CAD,KHR,buy,3102
2016-05-25,CAD,KHR,middle,3117.5
2016-05-25,CAD,KHR,sell,3133
2016-05-25,CHF,KHR,buy,4099
2016-05-25,CHF,KHR,middle,4119.5
2016-05-25,CHF,KHR,sell,4140
2016-05-25,CNH,KHR,buy,620
2016-05-25,CNH,KHR,middle,623
2016-05-25,CNH,KHR,sell,626
2016-05-25,CNY,KHR,buy,621
2016-05-25,CNY,KHR,middle,624
2016-05-25,CNY,KHR,sell,627
2016-05-25,EUR,KHR,buy,4534
2016-05-25,EUR,KHR,middle,4556.5
2016-05-25,EUR,KHR,sell,4579
2016-05-25,GBP,KHR,buy,5949
2016-05-25,GBP,KHR,middle,5978.5
2016-05-25,GBP,KHR,sell,6008
2016-05-25,HKD,KHR,buy,524
2016-05-25,HKD,KHR,middle,526.5
2016-05-25,HKD,KHR,sell,529
2016-05-25,IDR,KHR,buy,0.299
2016-05-25,IDR,KHR,middle,0.3005
2016-05-25,IDR,KHR,sell,0.302
2016-05-25,INR,KHR,buy,60.07
2016-05-25,INR,KHR,middle,60.37
2016-05-25,INR,KHR,sell,60.67
2016-05-25,JPY,KHR,buy,36.96
2016-05-25,JPY,KHR,middle,37.145
2016-05-25,JPY,KHR,sell,37.33
2016-05-25,KRW,KHR,buy,3.42
2016-05-25,KRW,KHR,middle,3.44
2016-05-25,KRW,KHR,sell,3.46
2016-05-25,LAK,KHR,buy,0.501
2016-05-25,LAK,KHR,middle,0.5035
2016-05-25,LAK,KHR,sell,0.506
2016-05-25,MMK,KHR,buy,3.5
2016-05-25,MMK,KHR,middle,3.52
2016-05-25,MMK,KHR,sell,3.54
2016-05-25,MYR,KHR,buy,991
2016-05-25,MYR,KHR,middle,996
2016-05-25,MYR,KHR,sell,1001
2016-05-25,NZD,KHR,buy,2748
2016-05-25,NZD,KHR,middle,2762
2016-05-25,NZD,KHR,sell,2776
2016-05-25,PHP,KHR,buy,86.87
2016-05-25,PHP,KHR,middle,87.305
2016-05-25,PHP,KHR,sell,87.74
2016-05-25,SDR,KHR,buy,5720
2016-05-25,SDR,KHR,middle,5748.5
2016-05-25,SDR,KHR,sell,5777
2016-05-25,SEK,KHR,buy,490
2016-05-25,SEK,KHR,middle,492.5
2016-05-25,SEK,KHR,sell,495
2016-05-25,SGD,KHR,buy,2945
2016-05-25,SGD,KHR,middle,2960
2016-05-25,SGD,KHR,sell,2975
2016-05-25,THB,KHR,buy,114
2016-05-25,THB,KHR,middle,114.5
2016-05-25,THB,KHR,sell,115
2016-05-25,TWD,KHR,buy,124
2016-05-25,TWD,KHR,middle,125
2016-05-25,TWD,KHR,sell,126
2016-05-25,USD,KHR,reference,4070
2016-05-25,VND,KHR,buy,0.183
2016-05-25,VND,KHR,middle,0.184
2016-05-25,VND,KHR,sell,0.185
2016-05-26,AUD,KHR,buy,2931
2016-05-26,AUD,KHR,middle,2945.5
2016-05-26,AUD,KHR,sell,2960
2016-05-26,CAD,KHR,buy,3128
2016-05-26,CAD,KHR,middle,3143.5
2016-05-26,CAD,KHR,sell,3159
2016-05-26,CHF,KHR,buy,4112
2016-05-26,CHF,KHR,middle,4132.5
2016-05-26,CHF,KHR,sell,4153
2016-05-26,CNH,KHR,buy,621
2016-05-26,CNH,KHR,middle,624
2016-05-26,CNH,KHR,sell,627
2016-05-26,CNY,KHR,buy,622
2016-05-26,CNY,KHR,middle,625
2016-05-26,CNY,KHR,sell,628
2016-05-26,EUR,KHR,buy,4549
2016-05-26,EUR,KHR,middle,4571.5
2016-05-26,EUR,KHR,sell,4594
2016-05-26,GBP,KHR,buy,5992
2016-05-26,GBP,KHR,middle,6022
2016-05-26,GBP,KHR,sell,6052
2016-05-26,HKD,KHR,buy,525
2016-05-26,HKD,KHR,middle,527.5
2016-05-26,HKD,KHR,sell,530
2016-05-26,IDR,KHR,buy,0.299
2016-05-26,IDR,KHR,middle,0.3005
2016-05-26,IDR,KHR,sell,0.302
2016-05-26,INR,KHR,buy,60.55
2016-05-26,INR,KHR,middle,60.855
2016-05-26,INR,KHR,sell,61.16
2016-05-26,JPY,KHR,buy,37.05
2016-05-26,JPY,KHR,middle,37.235
2016-05-26,JPY,KHR,sell,37.42
2016-05-26,KRW,KHR,buy,3.46
2016-05-26,KRW,KHR,middle,3.475
2016-05-26,KRW,KHR,sell,3.49
2016-05-26,LAK,KHR,buy,0.502
2016-05-26,LAK,KHR,middle,0.5045
2016-05-26,LAK,KHR,sell,0.507
2016-05-26,MMK,KHR,buy,3.5
2016-05-26,MMK,KHR,middle,3.52
2016-05-26,MMK,KHR,sell,3.54
2016-05-26,MYR,KHR,buy,997
2016-05-26,MYR,KHR,middle,1002
2016-05-26,MYR,KHR,sell,1007
2016-05-26,NZD,KHR,buy,2736
2016-05-26,NZD,KHR,middle,2750
2016-05-26,NZD,KHR,sell,2764
2016-05-26,PHP,KHR,buy,87.16
2016-05-26,PHP,KHR,middle,87.595
2016-05-26,PHP,KHR,sell,88.03
2016-05-26,SDR,KHR,buy,5724
2016-05-26,SDR,KHR,middle,5752.5
2016-05-26,SDR,KHR,sell,5781
2016-05-26,SEK,KHR,buy,491
2016-05-26,SEK,KHR,middle,493.5
2016-05-26,SEK,KHR,sell,496
2016-05-26,SGD,KHR,buy,2959
2016-05-26,SGD,KHR,middle,2974
2016-05-26,SGD,KHR,sell,2989
2016-05-26,THB,KHR,buy,114
2016-05-26,THB,KHR,middle,115
2016-05-26,THB,KHR,sell,116
2016-05-26,TWD,KHR,buy,125
2016-05-26,TWD,KHR,middle,125.5
2016-05-26,TWD,KHR,sell,126
2016-05-26,USD,KHR,reference,4077
2016-05-26,VND,KHR,buy,0.183
2016-05-26,VND,KHR,middle,0.184
2016-05-26,VND,KHR,sell,0.185
2016-05-27,AUD,KHR,buy,2947
2016-05-27,AUD,KHR,middle,2962
2016-05-27,AUD,KHR,sell,2977
2016-05-27,CAD,KHR,buy,3143
2016-05-27,CAD,KHR,middle,3158.5
2016-05-27,CAD,KHR,sell,3174
2016-05-27,CHF,KHR,buy,4124
2016-05-27,CHF,KHR,middle,4144.5
2016-05-27,CHF,KHR,sell,4165
2016-05-27,CNH,KHR,buy,622
2016-05-27,CNH,KHR,middle,625
2016-05-27,CNH,KHR,sell,628
2016-05-27,CNY,KHR,buy,622
2016-05-27,CNY,KHR,middle,625
2016-05-27,CNY,KHR,sell,628
2016-05-27,EUR,KHR,buy,4565
2016-05-27,EUR,KHR,middle,4588
2016-05-27,EUR,KHR,sell,4611
2016-05-27,GBP,KHR,buy,5980
2016-05-27,GBP,KHR,middle,6010
2016-05-27,GBP,KHR,sell,6040
2016-05-27,HKD,KHR,buy,525
2016-05-27,HKD,KHR,middle,527.5
2016-05-27,HKD,KHR,sell,530
2016-05-27,IDR,KHR,buy,0.3
2016-05-27,IDR,KHR,middle,0.3015
2016-05-27,IDR,KHR,sell,0.303
2016-05-27,INR,KHR,buy,60.69
2016-05-27,INR,KHR,middle,60.995
2016-05-27,INR,KHR,sell,61.3
2016-05-27,JPY,KHR,buy,37.2
2016-05-27,JPY,KHR,middle,37.385
2016-05-27,JPY,KHR,sell,37.57
2016-05-27,KRW,KHR,buy,3.46
2016-05-27,KRW,KHR,middle,3.475
2016-05-27,KRW,KHR,sell,3.49
2016-05-27,LAK,KHR,buy,0.502
2016-05-27,LAK,KHR,middle,0.5045
2016-05-27,LAK,KHR,sell,0.507
2016-05-27,MMK,KHR,buy,3.49
2016-05-27,MMK,KHR,middle,3.51
2016-05-27,MMK,KHR,sell,3.53
2016-05-27,MYR,KHR,buy,1005
2016-05-27,MYR,KHR,middle,1010
2016-05-27,MYR,KHR,sell,1015
2016-05-27,NZD,KHR,buy,2753
2016-05-27,NZD,KHR,middle,2766.5
2016-05-27,NZD,KHR,sell,2780
2016-05-27,PHP,KHR,buy,87.41
2016-05-27,PHP,KHR,middle,87.85
2016-05-27,PHP,KHR,sell,88.29
2016-05-27,SDR,KHR,buy,5732
2016-05-27,SDR,KHR,middle,5761
2016-05-27,SDR,KHR,sell,5790
2016-05-27,SEK,KHR,buy,493
2016-05-27,SEK,KHR,middle,495.5
2016-05-27,SEK,KHR,sell,498
2016-05-27,SGD,KHR,buy,2970
2016-05-27,SGD,KHR,middle,2985
2016-05-27,SGD,KHR,sell,3000
2016-05-27,THB,KHR,buy,115
2016-05-27,THB,KHR,middle,115.5
2016-05-27,THB,KHR,sell,116
2016-05-27,TWD,KHR,buy,125
2016-05-27,TWD,KHR,middle,125.5
2016-05-27,TWD,KHR,sell,126
2016-05-27,USD,KHR,reference,4077
2016-05-27,VND,KHR,buy,0.185
2016-05-27,VND,KHR,middle,0.186
2016-05-27,VND,KHR,sell,0.187
2016-05-30,AUD,KHR,buy,2933
2016-05-30,AUD,KHR,middle,2948
2016-05-30,AUD,KHR,sell,2963
2016-05-30,CAD,KHR,buy,3130
2016-05-30,CAD,KHR,middle,3145.5
2016-05-30,CAD,KHR,sell,3161
2016-05-30,CHF,KHR,buy,4107
2016-05-30,CHF,KHR,middle,4127.5
2016-05-30,CHF,KHR,sell,4148
2016-05-30,CNH,KHR,buy,621
2016-05-30,CNH,KHR,middle,624
2016-05-30,CNH,KHR,sell,627
2016-05-30,CNY,KHR,buy,623
2016-05-30,CNY,KHR,middle,626
2016-05-30,CNY,KHR,sell,629
2016-05-30,EUR,KHR,buy,4538
2016-05-30,EUR,KHR,middle,4561
2016-05-30,EUR,KHR,sell,4584
2016-05-30,GBP,KHR,buy,5971
2016-05-30,GBP,KHR,middle,6001
2016-05-30,GBP,KHR,sell,6031
2016-05-30,HKD,KHR,buy,526
2016-05-30,HKD,KHR,middle,528.5
2016-05-30,HKD,KHR,sell,531
2016-05-30,IDR,KHR,buy,0.301
2016-05-30,IDR,KHR,middle,0.3025
2016-05-30,IDR,KHR,sell,0.304
2016-05-30,INR,KHR,buy,60.96
2016-05-30,INR,KHR,middle,61.265
2016-05-30,INR,KHR,sell,61.57
2016-05-30,JPY,KHR,buy,36.89
2016-05-30,JPY,KHR,middle,37.075
2016-05-30,JPY,KHR,sell,37.26
2016-05-30,KRW,KHR,buy,3.45
2016-05-30,KRW,KHR,middle,3.465
2016-05-30,KRW,KHR,sell,3.48
2016-05-30,LAK,KHR,buy,0.504
2016-05-30,LAK,KHR,middle,0.5065
2016-05-30,LAK,KHR,sell,0.509
2016-05-30,MMK,KHR,buy,3.49
2016-05-30,MMK,KHR,middle,3.51
2016-05-30,MMK,KHR,sell,3.53
2016-05-30,MYR,KHR,buy,1000
2016-05-30,MYR,KHR,middle,1005
2016-05-30,MYR,KHR,sell,1010
2016-05-30,NZD,KHR,buy,2735
2016-05-30,NZD,KHR,middle,2749
2016-05-30,NZD,KHR,sell,2763
2016-05-30,PHP,KHR,buy,87.71
2016-05-30,PHP,KHR,middle,88.15
2016-05-30,PHP,KHR,sell,88.59
2016-05-30,SDR,KHR,buy,5744
2016-05-30,SDR,KHR,middle,5773
2016-05-30,SDR,KHR,sell,5802
2016-05-30,SEK,KHR,buy,489
2016-05-30,SEK,KHR,middle,491.5
2016-05-30,SEK,KHR,sell,494
2016-05-30,SGD,KHR,buy,2960
2016-05-30,SGD,KHR,middle,2975
2016-05-30,SGD,KHR,sell,2990
2016-05-30,THB,KHR,buy,114
2016-05-30,THB,KHR,middle,114.5
2016-05-30,THB,KHR,sell,115
2016-05-30,TWD,KHR,buy,126
2016-05-30,TWD,KHR,middle,126.5
2016-05-30,TWD,KHR,sell,127
2016-05-30,USD,KHR,reference,4086
2016-05-30,VND,KHR,buy,0.183
2016-05-30,VND,KHR,middle,0.1835
2016-05-30,VND,KHR,sell,0.184
2016-05-31,AUD,KHR,buy,2940
2016-05-31,AUD,KHR,middle,2955
2016-05-31,AUD,KHR,sell,2970
2016-05-31,CAD,KHR,buy,3133
2016-05-31,CAD,KHR,middle,3148.5
2016-05-31,CAD,KHR,sell,3164
2016-05-31,CHF,KHR,buy,4120
2016-05-31,CHF,KHR,middle,4140.5
2016-05-31,CHF,KHR,sell,4161
2016-05-31,CNH,KHR,buy,620
2016-05-31,CNH,KHR,middle,623
2016-05-31,CNH,KHR,sell,626
2016-05-31,CNY,KHR,buy,621
2016-05-31,CNY,KHR,middle,624
2016-05-31,CNY,KHR,sell,627
2016-05-31,EUR,KHR,buy,4554
2016-05-31,EUR,KHR,middle,4576.5
2016-05-31,EUR,KHR,sell,4599
2016-05-31,GBP,KHR,buy,5981
2016-05-31,GBP,KHR,middle,6011
2016-05-31,GBP,KHR,sell,6041
2016-05-31,HKD,KHR,buy,526
2016-05-31,HKD,KHR,middle,528.5
2016-05-31,HKD,KHR,sell,531
2016-05-31,IDR,KHR,buy,0.3
2016-05-31,IDR,KHR,middle,0.3015
2016-05-31,IDR,KHR,sell,0.303
2016-05-31,INR,KHR,buy,60.82
2016-05-31,INR,KHR,middle,61.125
2016-05-31,INR,KHR,sell,61.43
2016-05-31,JPY,KHR,buy,36.85
2016-05-31,JPY,KHR,middle,37.035
2016-05-31,JPY,KHR,sell,37.22
2016-05-31,KRW,KHR,buy,3.44
2016-05-31,KRW,KHR,middle,3.455
2016-05-31,KRW,KHR,sell,3.47
2016-05-31,LAK,KHR,buy,0.503
2016-05-31,LAK,KHR,middle,0.5055
2016-05-31,LAK,KHR,sell,0.508
2016-05-31,MMK,KHR,buy,3.51
2016-05-31,MMK,KHR,middle,3.525
2016-05-31,MMK,KHR,sell,3.54
2016-05-31,MYR,KHR,buy,995
2016-05-31,MYR,KHR,middle,1000
2016-05-31,MYR,KHR,sell,1005
2016-05-31,NZD,KHR,buy,2741
2016-05-31,NZD,KHR,middle,2755
2016-05-31,NZD,KHR,sell,2769
2016-05-31,PHP,KHR,buy,87.49
2016-05-31,PHP,KHR,middle,87.93
2016-05-31,PHP,KHR,sell,88.37
2016-05-31,SDR,KHR,buy,5743
2016-05-31,SDR,KHR,middle,5771.5
2016-05-31,SDR,KHR,sell,5800
2016-05-31,SEK,KHR,buy,491
2016-05-31,SEK,KHR,middle,493.5
2016-05-31,SEK,KHR,sell,496
2016-05-31,SGD,KHR,buy,2962
2016-05-31,SGD,KHR,middle,2976.5
2016-05-31,SGD,KHR,sell,2991
2016-05-31,THB,KHR,buy,114
2016-05-31,THB,KHR,middle,115
2016-05-31,THB,KHR,sell,116
2016-05-31,TWD,KHR,buy,125
2016-05-31,TWD,KHR,middle,125.5
2016-05-31,TWD,KHR,sell,126
2016-05-31,USD,KHR,reference,4085
2016-05-31,VND,KHR,buy,0.182
2016-05-31,VND,KHR,middle,0.183
2016-05-31,VND,KHR,sell,0.184
2016-06-02,AUD,KHR,buy,2960
2016-06-02,AUD,KHR,middle,2975
2016-06-02,AUD,KHR,sell,2990
2016-06-02,CAD,KHR,buy,3124
2016-06-02,CAD,KHR,middle,3139.5
2016-06-02,CAD,KHR,sell,3155
2016-06-02,CHF,KHR,buy,4134
2016-06-02,CHF,KHR,middle,4155
2016-06-02,CHF,KHR,sell,4176
2016-06-02,CNH,KHR,buy,620
2016-06-02,CNH,KHR,middle,623.5
2016-06-02,CNH,KHR,sell,627
2016-06-02,CNY,KHR,buy,621
2016-06-02,CNY,KHR,middle,624.5
2016-06-02,CNY,KHR,sell,628
2016-06-02,EUR,KHR,buy,4571
2016-06-02,EUR,KHR,middle,4594
2016-06-02,EUR,KHR,sell,4617
2016-06-02,GBP,KHR,buy,5889
2016-06-02,GBP,KHR,middle,5918.5
2016-06-02,GBP,KHR,sell,5948
2016-06-02,HKD,KHR,buy,526
2016-06-02,HKD,KHR,middle,528.5
2016-06-02,HKD,KHR,sell,531
2016-06-02,IDR,KHR,buy,0.299
2016-06-02,IDR,KHR,middle,0.3005
2016-06-02,IDR,KHR,sell,0.302
2016-06-02,INR,KHR,buy,60.57
2016-06-02,INR,KHR,middle,60.87
2016-06-02,INR,KHR,sell,61.17
2016-06-02,JPY,KHR,buy,37.36
2016-06-02,JPY,KHR,middle,37.545
2016-06-02,JPY,KHR,sell,37.73
2016-06-02,KRW,KHR,buy,3.43
2016-06-02,KRW,KHR,middle,3.445
2016-06-02,KRW,KHR,sell,3.46
2016-06-02,LAK,KHR,buy,0.503
2016-06-02,LAK,KHR,middle,0.5055
2016-06-02,LAK,KHR,sell,0.508
2016-06-02,MMK,KHR,buy,3.5
2016-06-02,MMK,KHR,middle,3.52
2016-06-02,MMK,KHR,sell,3.54
2016-06-02,MYR,KHR,buy,984
2016-06-02,MYR,KHR,middle,988.5
2016-06-02,MYR,KHR,sell,993
2016-06-02,NZD,KHR,buy,2786
2016-06-02,NZD,KHR,middle,2800
2016-06-02,NZD,KHR,sell,2814
2016-06-02,PHP,KHR,buy,87.66
2016-06-02,PHP,KHR,middle,88.1
2016-06-02,PHP,KHR,sell,88.54
2016-06-02,SDR,KHR,buy,5730
2016-06-02,SDR,KHR,middle,5759
2016-06-02,SDR,KHR,sell,5788
2016-06-02,SEK,KHR,buy,493
2016-06-02,SEK,KHR,middle,495.5
2016-06-02,SEK,KHR,sell,498
2016-06-02,SGD,KHR,buy,2967
2016-06-02,SGD,KHR,middle,2982
2016-06-02,SGD,KHR,sell,2997
2016-06-02,THB,KHR,buy,115
2016-06-02,THB,KHR,middle,115.5
2016-06-02,THB,KHR,sell,116
2016-06-02,TWD,KHR,buy,125
2016-06-02,TWD,KHR,middle,126
2016-06-02,TWD,KHR,sell,127
2016-06-02,USD,KHR,reference,4085
2016-06-02,VND,KHR,buy,0.182
2016-06-02,VND,KHR,middle,0.183
2016-06-02,VND,KHR,sell,0.184
2016-06-03,AUD,KHR,buy,2956
2016-06-03,AUD,KHR,middle,2970.5
2016-06-03,AUD,KHR,sell,2985
2016-06-03,CAD,KHR,buy,3121
2016-06-03,CAD,KHR,middle,3136.5
2016-06-03,CAD,KHR,sell,3152
2016-06-03,CHF,KHR,buy,4126
2016-06-03,CHF,KHR,middle,4147
2016-06-03,CHF,KHR,sell,4168
2016-06-03,CNH,KHR,buy,620
2016-06-03,CNH,KHR,middle,623
2016-06-03,CNH,KHR,sell,626
2016-06-03,CNY,KHR,buy,621
2016-06-03,CNY,KHR,middle,624
2016-06-03,CNY,KHR,sell,627
2016-06-03,EUR,KHR,buy,4556
2016-06-03,EUR,KHR,middle,4579
2016-06-03,EUR,KHR,sell,4602
2016-06-03,GBP,KHR,buy,5888
2016-06-03,GBP,KHR,middle,5917.5
2016-06-03,GBP,KHR,sell,5947
2016-06-03,HKD,KHR,buy,526
2016-06-03,HKD,KHR,middle,528.5
2016-06-03,HKD,KHR,sell,531
2016-06-03,IDR,KHR,buy,0.3
2016-06-03,IDR,KHR,middle,0.3015
2016-06-03,IDR,KHR,sell,0.303
2016-06-03,INR,KHR,buy,60.71
2016-06-03,INR,KHR,middle,61.015
2016-06-03,INR,KHR,sell,61.32
2016-06-03,JPY,KHR,buy,37.5
2016-06-03,JPY,KHR,middle,37.685
2016-06-03,JPY,KHR,sell,37.87
2016-06-03,KRW,KHR,buy,3.44
2016-06-03,KRW,KHR,middle,3.455
2016-06-03,KRW,KHR,sell,3.47
2016-06-03,LAK,KHR,buy,0.504
2016-06-03,LAK,KHR,middle,0.5065
2016-06-03,LAK,KHR,sell,0.509
2016-06-03,MMK,KHR,buy,3.47
2016-06-03,MMK,KHR,middle,3.485
2016-06-03,MMK,KHR,sell,3.5
2016-06-03,MYR,KHR,buy,987
2016-06-03,MYR,KHR,middle,992
2016-06-03,MYR,KHR,sell,997
2016-06-03,NZD,KHR,buy,2787
2016-06-03,NZD,KHR,middle,2801
2016-06-03,NZD,KHR,sell,2815
2016-06-03,PHP,KHR,buy,87.74
2016-06-03,PHP,KHR,middle,88.18
2016-06-03,PHP,KHR,sell,88.62
2016-06-03,SDR,KHR,buy,5739
2016-06-03,SDR,KHR,middle,5768
2016-06-03,SDR,KHR,sell,5797
2016-06-03,SEK,KHR,buy,491
2016-06-03,SEK,KHR,middle,493.5
2016-06-03,SEK,KHR,sell,496
2016-06-03,SGD,KHR,buy,2972
2016-06-03,SGD,KHR,middle,2986.5
2016-06-03,SGD,KHR,sell,3001
2016-06-03,THB,KHR,buy,115
2016-06-03,THB,KHR,middle,115.5
2016-06-03,THB,KHR,sell,116
2016-06-03,TWD,KHR,buy,125
2016-06-03,TWD,KHR,middle,126
2016-06-03,TWD,KHR,sell,127
2016-06-03,USD,KHR,reference,4085
2016-06-03,VND,KHR,buy,0.182
2016-06-03,VND,KHR,middle,0.183
2016-06-03,VND,KHR,sell,0.184
2016-06-06,AUD,KHR,buy,2999
2016-06-06,AUD,KHR,middle,3014
2016-06-06,AUD,KHR,sell,3029
2016-06-06,CAD,KHR,buy,3153
2016-06-06,CAD,KHR,middle,3168.5
2016-06-06,CAD,KHR,sell,3184
2016-06-06,CHF,KHR,buy,4184
2016-06-06,CHF,KHR,middle,4205
2016-06-06,CHF,KHR,sell,4226
2016-06-06,CNH,KHR,buy,624
2016-06-06,CNH,KHR,middle,627
2016-06-06,CNH,KHR,sell,630
2016-06-06,CNY,KHR,buy,625
2016-06-06,CNY,KHR,middle,628
2016-06-06,CNY,KHR,sell,631
2016-06-06,EUR,KHR,buy,4637
2016-06-06,EUR,KHR,middle,4660
2016-06-06,EUR,KHR,sell,4683
2016-06-06,GBP,KHR,buy,5884
2016-06-06,GBP,KHR,middle,5913.5
2016-06-06,GBP,KHR,sell,5943
2016-06-06,HKD,KHR,buy,526
2016-06-06,HKD,KHR,middle,528.5
2016-06-06,HKD,KHR,sell,531
2016-06-06,IDR,KHR,buy,0.301
2016-06-06,IDR,KHR,middle,0.3025
2016-06-06,IDR,KHR,sell,0.304
2016-06-06,INR,KHR,buy,60.77
2016-06-06,INR,KHR,middle,61.075
2016-06-06,INR,KHR,sell,61.38
2016-06-06,JPY,KHR,buy,38.28
2016-06-06,JPY,KHR,middle,38.47
2016-06-06,JPY,KHR,sell,38.66
2016-06-06,KRW,KHR,buy,3.51
2016-06-06,KRW,KHR,middle,3.525
2016-06-06,KRW,KHR,sell,3.54
2016-06-06,LAK,KHR,buy,0.504
2016-06-06,LAK,KHR,middle,0.5065
2016-06-06,LAK,KHR,sell,0.509
2016-06-06,MMK,KHR,buy,3.46
2016-06-06,MMK,KHR,middle,3.48
2016-06-06,MMK,KHR,sell,3.5
2016-06-06,MYR,KHR,buy,1000
2016-06-06,MYR,KHR,middle,1005
2016-06-06,MYR,KHR,sell,1010
2016-06-06,NZD,KHR,buy,2832
2016-06-06,NZD,KHR,middle,2846.5
2016-06-06,NZD,KHR,sell,2861
2016-06-06,PHP,KHR,buy,87.93
2016-06-06,PHP,KHR,middle,88.37
2016-06-06,PHP,KHR,sell,88.81
2016-06-06,SDR,KHR,buy,5731
2016-06-06,SDR,KHR,middle,5759.5
2016-06-06,SDR,KHR,sell,5788
2016-06-06,SEK,KHR,buy,501
2016-06-06,SEK,KHR,middle,504
2016-06-06,SEK,KHR,sell,507
2016-06-06,SGD,KHR,buy,3009
2016-06-06,SGD,KHR,middle,3024
2016-06-06,SGD,KHR,sell,3039
2016-06-06,THB,KHR,buy,116
2016-06-06,THB,KHR,middle,116.5
2016-06-06,THB,KHR,sell,117
2016-06-06,TWD,KHR,buy,125
2016-06-06,TWD,KHR,middle,126
2016-06-06,TWD,KHR,sell,127
2016-06-06,USD,KHR,reference,4087
2016-06-06,VND,KHR,buy,0.182
2016-06-06,VND,KHR,middle,0.183
2016-06-06,VND,KHR,sell,0.184
2016-06-07,AUD,KHR,buy,3015
2016-06-07,AUD,KHR,middle,3030
2016-06-07,AUD,KHR,sell,3045
2016-06-07,CAD,KHR,buy,3190
2016-06-07,CAD,KHR,middle,3206
2016-06-07,CAD,KHR,sell,3222
2016-06-07,CHF,KHR,buy,4214
2016-06-07,CHF,KHR,middle,4235
2016-06-07,CHF,KHR,sell,4256
2016-06-07,CNH,KHR,buy,622
2016-06-07,CNH,KHR,middle,625.5
2016-06-07,CNH,KHR,sell,629
2016-06-07,CNY,KHR,buy,623
2016-06-07,CNY,KHR,middle,626
2016-06-07,CNY,KHR,sell,629
2016-06-07,EUR,KHR,buy,4644
2016-06-07,EUR,KHR,middle,4667.5
2016-06-07,EUR,KHR,sell,4691
2016-06-07,GBP,KHR,buy,5911
2016-06-07,GBP,KHR,middle,5940.5
2016-06-07,GBP,KHR,sell,5970
2016-06-07,HKD,KHR,buy,526
2016-06-07,HKD,KHR,middle,528.5
2016-06-07,HKD,KHR,sell,531
2016-06-07,IDR,KHR,buy,0.306
2016-06-07,IDR,KHR,middle,0.3075
2016-06-07,IDR,KHR,sell,0.309
2016-06-07,INR,KHR,buy,61.03
2016-06-07,INR,KHR,middle,61.335
2016-06-07,INR,KHR,sell,61.64
2016-06-07,JPY,KHR,buy,38.06
2016-06-07,JPY,KHR,middle,38.255
2016-06-07,JPY,KHR,sell,38.45
2016-06-07,KRW,KHR,buy,3.51
2016-06-07,KRW,KHR,middle,3.53
2016-06-07,KRW,KHR,sell,3.55
2016-06-07,LAK,KHR,buy,0.504
2016-06-07,LAK,KHR,middle,0.5065
2016-06-07,LAK,KHR,sell,0.509
2016-06-07,MMK,KHR,buy,3.49
2016-06-07,MMK,KHR,middle,3.505
2016-06-07,MMK,KHR,sell,3.52
2016-06-07,MYR,KHR,buy,1006
2016-06-07,MYR,KHR,middle,1011
2016-06-07,MYR,KHR,sell,1016
2016-06-07,NZD,KHR,buy,2827
2016-06-07,NZD,KHR,middle,2841
2016-06-07,NZD,KHR,sell,2855
2016-06-07,PHP,KHR,buy,88.42
2016-06-07,PHP,KHR,middle,88.86
2016-06-07,PHP,KHR,sell,89.3
2016-06-07,SDR,KHR,buy,5771
2016-06-07,SDR,KHR,middle,5800
2016-06-07,SDR,KHR,sell,5829
2016-06-07,SEK,KHR,buy,503
2016-06-07,SEK,KHR,middle,505.5
2016-06-07,SEK,KHR,sell,508
2016-06-07,SGD,KHR,buy,3016
2016-06-07,SGD,KHR,middle,3031
2016-06-07,SGD,KHR,sell,3046
2016-06-07,THB,KHR,buy,116
2016-06-07,THB,KHR,middle,116.5
2016-06-07,THB,KHR,sell,117
2016-06-07,TWD,KHR,buy,126
2016-06-07,TWD,KHR,middle,127
2016-06-07,TWD,KHR,sell,128
2016-06-07,USD,KHR,reference,4087
2016-06-07,VND,KHR,buy,0.183
2016-06-07,VND,KHR,middle,0.184
2016-06-07,VND,KHR,sell,0.185
2016-06-08,AUD,KHR,buy,3043
2016-06-08,AUD,KHR,middle,3058.5
2016-06-08,AUD,KHR,sell,3074
2016-06-08,CAD,KHR,buy,3203
2016-06-08,CAD,KHR,middle,3219
2016-06-08,CAD,KHR,sell,3235
2016-06-08,CHF,KHR,buy,4234
2016-06-08,CHF,KHR,middle,4255
2016-06-08,CHF,KHR,sell,4276
2016-06-08,CNH,KHR,buy,622
2016-06-08,CNH,KHR,middle,625
2016-06-08,CNH,KHR,sell,628
2016-06-08,CNY,KHR,buy,622
2016-06-08,CNY,KHR,middle,625
2016-06-08,CNY,KHR,sell,628
2016-06-08,EUR,KHR,buy,4642
2016-06-08,EUR,KHR,middle,4665
2016-06-08,EUR,KHR,sell,4688
2016-06-08,GBP,KHR,buy,5944
2016-06-08,GBP,KHR,middle,5974
2016-06-08,GBP,KHR,sell,6004
2016-06-08,HKD,KHR,buy,526
2016-06-08,HKD,KHR,middle,529
2016-06-08,HKD,KHR,sell,532
2016-06-08,IDR,KHR,buy,0.308
2016-06-08,IDR,KHR,middle,0.3095
2016-06-08,IDR,KHR,sell,0.311
2016-06-08,INR,KHR,buy,61.21
2016-06-08,INR,KHR,middle,61.515
2016-06-08,INR,KHR,sell,61.82
2016-06-08,JPY,KHR,buy,38.12
2016-06-08,JPY,KHR,middle,38.31
2016-06-08,JPY,KHR,sell,38.5
2016-06-08,KRW,KHR,buy,3.53
2016-06-08,KRW,KHR,middle,3.55
2016-06-08,KRW,KHR,sell,3.57
2016-06-08,LAK,KHR,buy,0.504
2016-06-08,LAK,KHR,middle,0.5065
2016-06-08,LAK,KHR,sell,0.509
2016-06-08,MMK,KHR,buy,3.43
2016-06-08,MMK,KHR,middle,3.45
2016-06-08,MMK,KHR,sell,3.47
2016-06-08,MYR,KHR,buy,1008
2016-06-08,MYR,KHR,middle,1013
2016-06-08,MYR,KHR,sell,1018
2016-06-08,NZD,KHR,buy,2840
2016-06-08,NZD,KHR,middle,2854
2016-06-08,NZD,KHR,sell,2868
2016-06-08,PHP,KHR,buy,88.69
2016-06-08,PHP,KHR,middle,89.13
2016-06-08,PHP,KHR,sell,89.57
2016-06-08,SDR,KHR,buy,5782
2016-06-08,SDR,KHR,middle,5811
2016-06-08,SDR,KHR,sell,5840
2016-06-08,SEK,KHR,buy,503
2016-06-08,SEK,KHR,middle,505.5
2016-06-08,SEK,KHR,sell,508
2016-06-08,SGD,KHR,buy,3024
2016-06-08,SGD,KHR,middle,3039
2016-06-08,SGD,KHR,sell,3054
2016-06-08,THB,KHR,buy,116
2016-06-08,THB,KHR,middle,116.5
2016-06-08,THB,KHR,sell,117
2016-06-08,TWD,KHR,buy,127
2016-06-08,TWD,KHR,middle,127.5
2016-06-08,TWD,KHR,sell,128
2016-06-08,USD,KHR,reference,4087
2016-06-08,VND,KHR,buy,0.183
2016-06-08,VND,KHR,middle,0.184
2016-06-08,VND,KHR,sell,0.185
2016-06-09,AUD,KHR,buy,3060
2016-06-09,AUD,KHR,middle,3075.5
2016-06-09,AUD,KHR,sell,3091
2016-06-09,CAD,KHR,buy,3220
2016-06-09,CAD,KHR,middle,3236
2016-06-09,CAD,KHR,sell,3252
2016-06-09,CHF,KHR,buy,4261
2016-06-09,CHF,KHR,middle,4282
2016-06-09,CHF,KHR,sell,4303
2016-06-09,CNH,KHR,buy,622
2016-06-09,CNH,KHR,middle,625
2016-06-09,CNH,KHR,sell,628
2016-06-09,CNY,KHR,buy,622
2016-06-09,CNY,KHR,middle,625.5
2016-06-09,CNY,KHR,sell,629
2016-06-09,EUR,KHR,buy,4656
2016-06-09,EUR,KHR,middle,4679.5
2016-06-09,EUR,KHR,sell,4703
2016-06-09,GBP,KHR,buy,5926
2016-06-09,GBP,KHR,middle,5955.5
2016-06-09,GBP,KHR,sell,5985
2016-06-09,HKD,KHR,buy,526
2016-06-09,HKD,KHR,middle,528.5
2016-06-09,HKD,KHR,sell,531
2016-06-09,IDR,KHR,buy,0.308
2016-06-09,IDR,KHR,middle,0.3095
2016-06-09,IDR,KHR,sell,0.311
2016-06-09,INR,KHR,buy,61.26
2016-06-09,INR,KHR,middle,61.57
2016-06-09,INR,KHR,sell,61.88
2016-06-09,JPY,KHR,buy,38.24
2016-06-09,JPY,KHR,middle,38.43
2016-06-09,JPY,KHR,sell,38.62
2016-06-09,KRW,KHR,buy,3.54
2016-06-09,KRW,KHR,middle,3.56
2016-06-09,KRW,KHR,sell,3.58
2016-06-09,LAK,KHR,buy,0.504
2016-06-09,LAK,KHR,middle,0.5065
2016-06-09,LAK,KHR,sell,0.509
2016-06-09,MMK,KHR,buy,3.5
2016-06-09,MMK,KHR,middle,3.52
2016-06-09,MMK,KHR,sell,3.54
2016-06-09,MYR,KHR,buy,1013
2016-06-09,MYR,KHR,middle,1018
2016-06-09,MYR,KHR,sell,1023
2016-06-09,NZD,KHR,buy,2912
2016-06-09,NZD,KHR,middle,2926.5
2016-06-09,NZD,KHR,sell,2941
2016-06-09,PHP,KHR,buy,88.79
2016-06-09,PHP,KHR,middle,89.23
2016-06-09,PHP,KHR,sell,89.67
2016-06-09,SDR,KHR,buy,5781
2016-06-09,SDR,KHR,middle,5810
2016-06-09,SDR,KHR,sell,5839
2016-06-09,SEK,KHR,buy,504
2016-06-09,SEK,KHR,middle,506.5
2016-06-09,SEK,KHR,sell,509
2016-06-09,SGD,KHR,buy,3035
2016-06-09,SGD,KHR,middle,3050
2016-06-09,SGD,KHR,sell,3065
2016-06-09,THB,KHR,buy,116
2016-06-09,THB,KHR,middle,117
2016-06-09,THB,KHR,sell,118
2016-06-09,TWD,KHR,buy,127
2016-06-09,TWD,KHR,middle,127.5
2016-06-09,TWD,KHR,sell,128
2016-06-09,USD,KHR,reference,4083
2016-06-09,VND,KHR,buy,0.183
2016-06-09,VND,KHR,middle,0.184
2016-06-09,VND,KHR,sell,0.185
2016-06-10,AUD,KHR,buy,3028
2016-06-10,AUD,KHR,middle,3043
2016-06-10,AUD,KHR,sell,3058
2016-06-10,CAD,KHR,buy,3206
2016-06-10,CAD,KHR,middle,3222
2016-06-10,CAD,KHR,sell,3238
2016-06-10,CHF,KHR,buy,4234
2016-06-10,CHF,KHR,middle,4255
2016-06-10,CHF,KHR,sell,4276
2016-06-10,CNH,KHR,buy,620
2016-06-10,CNH,KHR,middle,623
2016-06-10,CNH,KHR,sell,626
2016-06-10,CNY,KHR,buy,622
2016-06-10,CNY,KHR,middle,625.5
2016-06-10,CNY,KHR,sell,629
2016-06-10,EUR,KHR,buy,4618
2016-06-10,EUR,KHR,middle,4641
2016-06-10,EUR,KHR,sell,4664
2016-06-10,GBP,KHR,buy,5904
2016-06-10,GBP,KHR,middle,5933.5
2016-06-10,GBP,KHR,sell,5963
2016-06-10,HKD,KHR,buy,526
2016-06-10,HKD,KHR,middle,528.5
2016-06-10,HKD,KHR,sell,531
2016-06-10,IDR,KHR,buy,0.307
2016-06-10,IDR,KHR,middle,0.309
2016-06-10,IDR,KHR,sell,0.311
2016-06-10,INR,KHR,buy,61.2
2016-06-10,INR,KHR,middle,61.505
2016-06-10,INR,KHR,sell,61.81
2016-06-10,JPY,KHR,buy,38.17
2016-06-10,JPY,KHR,middle,38.36
2016-06-10,JPY,KHR,sell,38.55
2016-06-10,KRW,KHR,buy,3.52
2016-06-10,KRW,KHR,middle,3.535
2016-06-10,KRW,KHR,sell,3.55
2016-06-10,LAK,KHR,buy,0.504
2016-06-10,LAK,KHR,middle,0.5065
2016-06-10,LAK,KHR,sell,0.509
2016-06-10,MMK,KHR,buy,3.46
2016-06-10,MMK,KHR,middle,3.475
2016-06-10,MMK,KHR,sell,3.49
2016-06-10,MYR,KHR,buy,1008
2016-06-10,MYR,KHR,middle,1013
2016-06-10,MYR,KHR,sell,1018
2016-06-10,NZD,KHR,buy,2904
2016-06-10,NZD,KHR,middle,2918.5
2016-06-10,NZD,KHR,sell,2933
2016-06-10,PHP,KHR,buy,88.76
2016-06-10,PHP,KHR,middle,89.205
2016-06-10,PHP,KHR,sell,89.65
2016-06-10,SDR,KHR,buy,5773
2016-06-10,SDR,KHR,middle,5802
2016-06-10,SDR,KHR,sell,5831
2016-06-10,SEK,KHR,buy,499
2016-06-10,SEK,KHR,middle,501.5
2016-06-10,SEK,KHR,sell,504
2016-06-10,SGD,KHR,buy,3014
2016-06-10,SGD,KHR,middle,3029
2016-06-10,SGD,KHR,sell,3044
2016-06-10,THB,KHR,buy,116
2016-06-10,THB,KHR,middle,116.5
2016-06-10,THB,KHR,sell,117
2016-06-10,TWD,KHR,buy,127
2016-06-10,TWD,KHR,middle,127.5
2016-06-10,TWD,KHR,sell,128
2016-06-10,USD,KHR,reference,4083
2016-06-10,VND,KHR,buy,0.183
2016-06-10,VND,KHR,middle,0.184
2016-06-10,VND,KHR,sell,0.185
2016-06-13,AUD,KHR,buy,3011
2016-06-13,AUD,KHR,middle,3026
2016-06-13,AUD,KHR,sell,3041
2016-06-13,CAD,KHR,buy,3195
2016-06-13,CAD,KHR,middle,3211
2016-06-13,CAD,KHR,sell,3227
2016-06-13,CHF,KHR,buy,4233
2016-06-13,CHF,KHR,middle,4254.5
2016-06-13,CHF,KHR,sell,4276
2016-06-13,CNH,KHR,buy,618
2016-06-13,CNH,KHR,middle,621
2016-06-13,CNH,KHR,sell,624
2016-06-13,CNY,KHR,buy,622
2016-06-13,CNY,KHR,middle,625
2016-06-13,CNY,KHR,sell,628
2016-06-13,EUR,KHR,buy,4590
2016-06-13,EUR,KHR,middle,4613
2016-06-13,EUR,KHR,sell,4636
2016-06-13,GBP,KHR,buy,5801
2016-06-13,GBP,KHR,middle,5830
2016-06-13,GBP,KHR,sell,5859
2016-06-13,HKD,KHR,buy,526
2016-06-13,HKD,KHR,middle,528.5
2016-06-13,HKD,KHR,sell,531
2016-06-13,IDR,KHR,buy,0.307
2016-06-13,IDR,KHR,middle,0.3085
2016-06-13,IDR,KHR,sell,0.31
2016-06-13,INR,KHR,buy,61.13
2016-06-13,INR,KHR,middle,61.44
2016-06-13,INR,KHR,sell,61.75
2016-06-13,JPY,KHR,buy,38.3
2016-06-13,JPY,KHR,middle,38.495
2016-06-13,JPY,KHR,sell,38.69
2016-06-13,KRW,KHR,buy,3.48
2016-06-13,KRW,KHR,middle,3.5
2016-06-13,KRW,KHR,sell,3.52
2016-06-13,LAK,KHR,buy,0.504
2016-06-13,LAK,KHR,middle,0.5065
2016-06-13,LAK,KHR,sell,0.509
2016-06-13,MMK,KHR,buy,3.44
2016-06-13,MMK,KHR,middle,3.455
2016-06-13,MMK,KHR,sell,3.47
2016-06-13,MYR,KHR,buy,998
2016-06-13,MYR,KHR,middle,1003
2016-06-13,MYR,KHR,sell,1008
2016-06-13,NZD,KHR,buy,2878
2016-06-13,NZD,KHR,middle,2892.5
2016-06-13,NZD,KHR,sell,2907
2016-06-13,PHP,KHR,buy,88.54
2016-06-13,PHP,KHR,middle,88.985
2016-06-13,PHP,KHR,sell,89.43
2016-06-13,SDR,KHR,buy,5760
2016-06-13,SDR,KHR,middle,5788.5
2016-06-13,SDR,KHR,sell,5817
2016-06-13,SEK,KHR,buy,491
2016-06-13,SEK,KHR,middle,493.5
2016-06-13,SEK,KHR,sell,496
2016-06-13,SGD,KHR,buy,2999
2016-06-13,SGD,KHR,middle,3014
2016-06-13,SGD,KHR,sell,3029
2016-06-13,THB,KHR,buy,116
2016-06-13,THB,KHR,middle,116.5
2016-06-13,THB,KHR,sell,117
2016-06-13,TWD,KHR,buy,127
2016-06-13,TWD,KHR,middle,127.5
2016-06-13,TWD,KHR,sell,128
2016-06-13,USD,KHR,reference,4081
2016-06-13,VND,KHR,buy,0.183
2016-06-13,VND,KHR,middle,0.184
2016-06-13,VND,KHR,sell,0.185
2016-06-14,AUD,KHR,buy,3009
2016-06-14,AUD,KHR,middle,3024
2016-06-14,AUD,KHR,sell,3039
2016-06-14,CAD,KHR,buy,3179
2016-06-14,CAD,KHR,middle,3195
2016-06-14,CAD,KHR,sell,3211
2016-06-14,CHF,KHR,buy,4233
2016-06-14,CHF,KHR,middle,4254.5
2016-06-14,CHF,KHR,sell,4276
2016-06-14,CNH,KHR,buy,618
2016-06-14,CNH,KHR,middle,621
2016-06-14,CNH,KHR,sell,624
2016-06-14,CNY,KHR,buy,620
2016-06-14,CNY,KHR,middle,623
2016-06-14,CNY,KHR,sell,626
2016-06-14,EUR,KHR,buy,4603
2016-06-14,EUR,KHR,middle,4626
2016-06-14,EUR,KHR,sell,4649
2016-06-14,GBP,KHR,buy,5796
2016-06-14,GBP,KHR,middle,5825
2016-06-14,GBP,KHR,sell,5854
2016-06-14,HKD,KHR,buy,525
2016-06-14,HKD,KHR,middle,528
2016-06-14,HKD,KHR,sell,531
2016-06-14,IDR,KHR,buy,0.307
2016-06-14,IDR,KHR,middle,0.3085
2016-06-14,IDR,KHR,sell,0.31
2016-06-14,INR,KHR,buy,60.74
2016-06-14,INR,KHR,middle,61.045
2016-06-14,INR,KHR,sell,61.35
2016-06-14,JPY,KHR,buy,38.35
2016-06-14,JPY,KHR,middle,38.545
2016-06-14,JPY,KHR,sell,38.74
2016-06-14,KRW,KHR,buy,3.48
2016-06-14,KRW,KHR,middle,3.5
2016-06-14,KRW,KHR,sell,3.52
2016-06-14,LAK,KHR,buy,0.503
2016-06-14,LAK,KHR,middle,0.5055
2016-06-14,LAK,KHR,sell,0.508
2016-06-14,MMK,KHR,buy,3.43
2016-06-14,MMK,KHR,middle,3.45
2016-06-14,MMK,KHR,sell,3.47
2016-06-14,MYR,KHR,buy,997
2016-06-14,MYR,KHR,middle,1002
2016-06-14,MYR,KHR,sell,1007
2016-06-14,NZD,KHR,buy,2871
2016-06-14,NZD,KHR,middle,2885.5
2016-06-14,NZD,KHR,sell,2900
2016-06-14,PHP,KHR,buy,88.59
2016-06-14,PHP,KHR,middle,89.035
2016-06-14,PHP,KHR,sell,89.48
2016-06-14,SDR,KHR,buy,5742
2016-06-14,SDR,KHR,middle,5770.5
2016-06-14,SDR,KHR,sell,5799
2016-06-14,SEK,KHR,buy,494
2016-06-14,SEK,KHR,middle,496.5
2016-06-14,SEK,KHR,sell,499
2016-06-14,SGD,KHR,buy,3008
2016-06-14,SGD,KHR,middle,3023
2016-06-14,SGD,KHR,sell,3038
2016-06-14,THB,KHR,buy,116
2016-06-14,THB,KHR,middle,116.5
2016-06-14,THB,KHR,sell,117
2016-06-14,TWD,KHR,buy,126
2016-06-14,TWD,KHR,middle,126.5
2016-06-14,TWD,KHR,sell,127
2016-06-14,USD,KHR,reference,4078
2016-06-14,VND,KHR,buy,0.183
2016-06-14,VND,KHR,middle,0.184
2016-06-14,VND,KHR,sell,0.185
2016-06-15,AUD,KHR,buy,2998
2016-06-15,AUD,KHR,middle,3013
2016-06-15,AUD,KHR,sell,3028
2016-06-15,CAD,KHR,buy,3170
2016-06-15,CAD,KHR,middle,3186
2016-06-15,CAD,KHR,sell,3202
2016-06-15,CHF,KHR,buy,4232
2016-06-15,CHF,KHR,middle,4253
2016-06-15,CHF,KHR,sell,4274
2016-06-15,CNH,KHR,buy,617
2016-06-15,CNH,KHR,middle,620
2016-06-15,CNH,KHR,sell,623
2016-06-15,CNY,KHR,buy,619
2016-06-15,CNY,KHR,middle,622
2016-06-15,CNY,KHR,sell,625
2016-06-15,EUR,KHR,buy,4571
2016-06-15,EUR,KHR,middle,4594
2016-06-15,EUR,KHR,sell,4617
2016-06-15,GBP,KHR,buy,5759
2016-06-15,GBP,KHR,middle,5788
2016-06-15,GBP,KHR,sell,5817
2016-06-15,HKD,KHR,buy,525
2016-06-15,HKD,KHR,middle,528
2016-06-15,HKD,KHR,sell,531
2016-06-15,IDR,KHR,buy,0.305
2016-06-15,IDR,KHR,middle,0.3065
2016-06-15,IDR,KHR,sell,0.308
2016-06-15,INR,KHR,buy,60.63
2016-06-15,INR,KHR,middle,60.93
2016-06-15,INR,KHR,sell,61.23
2016-06-15,JPY,KHR,buy,38.43
2016-06-15,JPY,KHR,middle,38.62
2016-06-15,JPY,KHR,sell,38.81
2016-06-15,KRW,KHR,buy,3.47
2016-06-15,KRW,KHR,middle,3.485
2016-06-15,KRW,KHR,sell,3.5
2016-06-15,LAK,KHR,buy,0.503
2016-06-15,LAK,KHR,middle,0.5055
2016-06-15,LAK,KHR,sell,0.508
2016-06-15,MMK,KHR,buy,3.47
2016-06-15,MMK,KHR,middle,3.49
2016-06-15,MMK,KHR,sell,3.51
2016-06-15,MYR,KHR,buy,994
2016-06-15,MYR,KHR,middle,999
2016-06-15,MYR,KHR,sell,1004
2016-06-15,NZD,KHR,buy,2846
2016-06-15,NZD,KHR,middle,2860
2016-06-15,NZD,KHR,sell,2874
2016-06-15,PHP,KHR,buy,88.08
2016-06-15,PHP,KHR,middle,88.52
2016-06-15,PHP,KHR,sell,88.96
2016-06-15,SDR,KHR,buy,5734
2016-06-15,SDR,KHR,middle,5763
2016-06-15,SDR,KHR,sell,5792
2016-06-15,SEK,KHR,buy,491
2016-06-15,SEK,KHR,middle,493.5
2016-06-15,SEK,KHR,sell,496
2016-06-15,SGD,KHR,buy,3008
2016-06-15,SGD,KHR,middle,3023
2016-06-15,SGD,KHR,sell,3038
2016-06-15,THB,KHR,buy,115
2016-06-15,THB,KHR,middle,116
2016-06-15,THB,KHR,sell,117
2016-06-15,TWD,KHR,buy,126
2016-06-15,TWD,KHR,middle,126.5
2016-06-15,TWD,KHR,sell,127
2016-06-15,USD,KHR,reference,4078
2016-06-15,VND,KHR,buy,0.183
2016-06-15,VND,KHR,middle,0.184
2016-06-15,VND,KHR,sell,0.185
2016-06-16,AUD,KHR,buy,3023
2016-06-16,AUD,KHR,middle,3038
2016-06-16,AUD,KHR,sell,3053
2016-06-16,CAD,KHR,buy,3159
2016-06-16,CAD,KHR,middle,3175
2016-06-16,CAD,KHR,sell,3191
2016-06-16,CHF,KHR,buy,4245
2016-06-16,CHF,KHR,middle,4266
2016-06-16,CHF,KHR,sell,4287
2016-06-16,CNH,KHR,buy,619
2016-06-16,CNH,KHR,middle,622
2016-06-16,CNH,KHR,sell,625
2016-06-16,CNY,KHR,buy,620
2016-06-16,CNY,KHR,middle,623
2016-06-16,CNY,KHR,sell,626
2016-06-16,EUR,KHR,buy,4596
2016-06-16,EUR,KHR,middle,4619
2016-06-16,EUR,KHR,sell,4642
2016-06-16,GBP,KHR,buy,5789
2016-06-16,GBP,KHR,middle,5818
2016-06-16,GBP,KHR,sell,5847
2016-06-16,HKD,KHR,buy,526
2016-06-16,HKD,KHR,middle,528.5
2016-06-16,HKD,KHR,sell,531
2016-06-16,IDR,KHR,buy,0.305
2016-06-16,IDR,KHR,middle,0.3065
2016-06-16,IDR,KHR,sell,0.308
2016-06-16,INR,KHR,buy,60.75
2016-06-16,INR,KHR,middle,61.05
2016-06-16,INR,KHR,sell,61.35
2016-06-16,JPY,KHR,buy,38.57
2016-06-16,JPY,KHR,middle,38.765
2016-06-16,JPY,KHR,sell,38.96
2016-06-16,KRW,KHR,buy,3.49
2016-06-16,KRW,KHR,middle,3.51
2016-06-16,KRW,KHR,sell,3.53
2016-06-16,LAK,KHR,buy,0.503
2016-06-16,LAK,KHR,middle,0.5055
2016-06-16,LAK,KHR,sell,0.508
2016-06-16,MMK,KHR,buy,3.5
2016-06-16,MMK,KHR,middle,3.515
2016-06-16,MMK,KHR,sell,3.53
2016-06-16,MYR,KHR,buy,999
2016-06-16,MYR,KHR,middle,1004
2016-06-16,MYR,KHR,sell,1009
2016-06-16,NZD,KHR,buy,2885
2016-06-16,NZD,KHR,middle,2899.5
2016-06-16,NZD,KHR,sell,2914
2016-06-16,PHP,KHR,buy,87.91
2016-06-16,PHP,KHR,middle,88.35
2016-06-16,PHP,KHR,sell,88.79
2016-06-16,SDR,KHR,buy,5736
2016-06-16,SDR,KHR,middle,5764.5
2016-06-16,SDR,KHR,sell,5793
2016-06-16,SEK,KHR,buy,491
2016-06-16,SEK,KHR,middle,493.5
2016-06-16,SEK,KHR,sell,496
2016-06-16,SGD,KHR,buy,3021
2016-06-16,SGD,KHR,middle,3036
2016-06-16,SGD,KHR,sell,3051
2016-06-16,THB,KHR,buy,116
2016-06-16,THB,KHR,middle,116.5
2016-06-16,THB,KHR,sell,117
2016-06-16,TWD,KHR,buy,126
2016-06-16,TWD,KHR,middle,126.5
2016-06-16,TWD,KHR,sell,127
2016-06-16,USD,KHR,reference,4079
2016-06-16,VND,KHR,buy,0.183
2016-06-16,VND,KHR,middle,0.184
2016-06-16,VND,KHR,sell,0.185
2016-06-20,AUD,KHR,buy,3031
2016-06-20,AUD,KHR,middle,3046
2016-06-20,AUD,KHR,sell,3061
2016-06-20,CAD,KHR,buy,3174
2016-06-20,CAD,KHR,middle,3190
2016-06-20,CAD,KHR,sell,3206
2016-06-20,CHF,KHR,buy,4253
2016-06-20,CHF,KHR,middle,4274
2016-06-20,CHF,KHR,sell,4295
2016-06-20,CNH,KHR,buy,619
2016-06-20,CNH,KHR,middle,622
2016-06-20,CNH,KHR,sell,625
2016-06-20,CNY,KHR,buy,620
2016-06-20,CNY,KHR,middle,623
2016-06-20,CNY,KHR,sell,626
2016-06-20,EUR,KHR,buy,4630
2016-06-20,EUR,KHR,middle,4653
2016-06-20,EUR,KHR,sell,4676
2016-06-20,GBP,KHR,buy,5932
2016-06-20,GBP,KHR,middle,5961.5
2016-06-20,GBP,KHR,sell,5991
2016-06-20,HKD,KHR,buy,526
2016-06-20,HKD,KHR,middle,528.5
2016-06-20,HKD,KHR,sell,531
2016-06-20,IDR,KHR,buy,0.306
2016-06-20,IDR,KHR,middle,0.3075
2016-06-20,IDR,KHR,sell,0.309
2016-06-20,INR,KHR,buy,60.82
2016-06-20,INR,KHR,middle,61.125
2016-06-20,INR,KHR,sell,61.43
2016-06-20,JPY,KHR,buy,39.02
2016-06-20,JPY,KHR,middle,39.215
2016-06-20,JPY,KHR,sell,39.41
2016-06-20,KRW,KHR,buy,3.51
2016-06-20,KRW,KHR,middle,3.525
2016-06-20,KRW,KHR,sell,3.54
2016-06-20,LAK,KHR,buy,0.503
2016-06-20,LAK,KHR,middle,0.5055
2016-06-20,LAK,KHR,sell,0.508
2016-06-20,MMK,KHR,buy,3.47
2016-06-20,MMK,KHR,middle,3.485
2016-06-20,MMK,KHR,sell,3.5
2016-06-20,MYR,KHR,buy,1000
2016-06-20,MYR,KHR,middle,1005
2016-06-20,MYR,KHR,sell,1010
2016-06-20,NZD,KHR,buy,2891
2016-06-20,NZD,KHR,middle,2905.5
2016-06-20,NZD,KHR,sell,2920
2016-06-20,PHP,KHR,buy,87.88
2016-06-20,PHP,KHR,middle,88.32
2016-06-20,PHP,KHR,sell,88.76
2016-06-20,SDR,KHR,buy,5756
2016-06-20,SDR,KHR,middle,5784.5
2016-06-20,SDR,KHR,sell,5813
2016-06-20,SEK,KHR,buy,494
2016-06-20,SEK,KHR,middle,496.5
2016-06-20,SEK,KHR,sell,499
2016-06-20,SGD,KHR,buy,3032
2016-06-20,SGD,KHR,middle,3047
2016-06-20,SGD,KHR,sell,3062
2016-06-20,THB,KHR,buy,116
2016-06-20,THB,KHR,middle,116.5
2016-06-20,THB,KHR,sell,117
2016-06-20,TWD,KHR,buy,126
2016-06-20,TWD,KHR,middle,126.5
2016-06-20,TWD,KHR,sell,127
2016-06-20,USD,KHR,reference,4080
2016-06-20,VND,KHR,buy,0.183
2016-06-20,VND,KHR,middle,0.184
2016-06-20,VND,KHR,sell,0.185
2016-06-22,AUD,KHR,buy,3040
2016-06-22,AUD,KHR,middle,3055.5
2016-06-22,AUD,KHR,sell,3071
2016-06-22,CAD,KHR,buy,3186
2016-06-22,CAD,KHR,middle,3202
2016-06-22,CAD,KHR,sell,3218
2016-06-22,CHF,KHR,buy,4241
2016-06-22,CHF,KHR,middle,4262
2016-06-22,CHF,KHR,sell,4283
2016-06-22,CNH,KHR,buy,618
2016-06-22,CNH,KHR,middle,621.5
2016-06-22,CNH,KHR,sell,625
2016-06-22,CNY,KHR,buy,619
2016-06-22,CNY,KHR,middle,622.5
2016-06-22,CNY,KHR,sell,626
2016-06-22,EUR,KHR,buy,4590
2016-06-22,EUR,KHR,middle,4612.5
2016-06-22,EUR,KHR,sell,4635
2016-06-22,GBP,KHR,buy,5984
2016-06-22,GBP,KHR,middle,6014
2016-06-22,GBP,KHR,sell,6044
2016-06-22,HKD,KHR,buy,526
2016-06-22,HKD,KHR,middle,528.5
2016-06-22,HKD,KHR,sell,531
2016-06-22,IDR,KHR,buy,0.308
2016-06-22,IDR,KHR,middle,0.3095
2016-06-22,IDR,KHR,sell,0.311
2016-06-22,INR,KHR,buy,60.46
2016-06-22,INR,KHR,middle,60.76
2016-06-22,INR,KHR,sell,61.06
2016-06-22,JPY,KHR,buy,38.95
2016-06-22,JPY,KHR,middle,39.145
2016-06-22,JPY,KHR,sell,39.34
2016-06-22,KRW,KHR,buy,3.53
2016-06-22,KRW,KHR,middle,3.55
2016-06-22,KRW,KHR,sell,3.57
2016-06-22,LAK,KHR,buy,0.503
2016-06-22,LAK,KHR,middle,0.5055
2016-06-22,LAK,KHR,sell,0.508
2016-06-22,MMK,KHR,buy,3.47
2016-06-22,MMK,KHR,middle,3.485
2016-06-22,MMK,KHR,sell,3.5
2016-06-22,MYR,KHR,buy,1012
2016-06-22,MYR,KHR,middle,1017
2016-06-22,MYR,KHR,sell,1022
2016-06-22,NZD,KHR,buy,2908
2016-06-22,NZD,KHR,middle,2922.5
2016-06-22,NZD,KHR,sell,2937
2016-06-22,PHP,KHR,buy,87.97
2016-06-22,PHP,KHR,middle,88.41
2016-06-22,PHP,KHR,sell,88.85
2016-06-22,SDR,KHR,buy,5787
2016-06-22,SDR,KHR,middle,5816
2016-06-22,SDR,KHR,sell,5845
2016-06-22,SEK,KHR,buy,493
2016-06-22,SEK,KHR,middle,495.5
2016-06-22,SEK,KHR,sell,498
2016-06-22,SGD,KHR,buy,3038
2016-06-22,SGD,KHR,middle,3053.5
2016-06-22,SGD,KHR,sell,3069
2016-06-22,THB,KHR,buy,116
2016-06-22,THB,KHR,middle,116.5
2016-06-22,THB,KHR,sell,117
2016-06-22,TWD,KHR,buy,127
2016-06-22,TWD,KHR,middle,127.5
2016-06-22,TWD,KHR,sell,128
2016-06-22,USD,KHR,reference,4080
2016-06-22,VND,KHR,buy,0.183
2016-06-22,VND,KHR,middle,0.184
2016-06-22,VND,KHR,sell,0.185
2016-06-23,AUD,KHR,buy,3067
2016-06-23,AUD,KHR,middle,3082.5
2016-06-23,AUD,KHR,sell,3098
2016-06-23,CAD,KHR,buy,3185
2016-06-23,CAD,KHR,middle,3201
2016-06-23,CAD,KHR,sell,3217
2016-06-23,CHF,KHR,buy,4250
2016-06-23,CHF,KHR,middle,4271.5
2016-06-23,CHF,KHR,sell,4293
2016-06-23,CNH,KHR,buy,620
2016-06-23,CNH,KHR,middle,623
2016-06-23,CNH,KHR,sell,626
2016-06-23,CNY,KHR,buy,621
2016-06-23,CNY,KHR,middle,624.5
2016-06-23,CNY,KHR,sell,628
2016-06-23,EUR,KHR,buy,4620
2016-06-23,EUR,KHR,middle,4643
2016-06-23,EUR,KHR,sell,4666
2016-06-23,GBP,KHR,buy,6038
2016-06-23,GBP,KHR,middle,6068.5
2016-06-23,GBP,KHR,sell,6099
2016-06-23,HKD,KHR,buy,526
2016-06-23,HKD,KHR,middle,528.5
2016-06-23,HKD,KHR,sell,531
2016-06-23,IDR,KHR,buy,0.307
2016-06-23,IDR,KHR,middle,0.3085
2016-06-23,IDR,KHR,sell,0.31
2016-06-23,INR,KHR,buy,60.47
2016-06-23,INR,KHR,middle,60.77
2016-06-23,INR,KHR,sell,61.07
2016-06-23,JPY,KHR,buy,38.97
2016-06-23,JPY,KHR,middle,39.165
2016-06-23,JPY,KHR,sell,39.36
2016-06-23,KRW,KHR,buy,3.55
2016-06-23,KRW,KHR,middle,3.565
2016-06-23,KRW,KHR,sell,3.58
2016-06-23,LAK,KHR,buy,0.503
2016-06-23,LAK,KHR,middle,0.5055
2016-06-23,LAK,KHR,sell,0.508
2016-06-23,MMK,KHR,buy,3.52
2016-06-23,MMK,KHR,middle,3.535
2016-06-23,MMK,KHR,sell,3.55
2016-06-23,MYR,KHR,buy,1014
2016-06-23,MYR,KHR,middle,1019.5
2016-06-23,MYR,KHR,sell,1025
2016-06-23,NZD,KHR,buy,2924
2016-06-23,NZD,KHR,middle,2938.5
2016-06-23,NZD,KHR,sell,2953
2016-06-23,PHP,KHR,buy,87.81
2016-06-23,PHP,KHR,middle,88.25
2016-06-23,PHP,KHR,sell,88.69
2016-06-23,SDR,KHR,buy,5778
2016-06-23,SDR,KHR,middle,5807
2016-06-23,SDR,KHR,sell,5836
2016-06-23,SEK,KHR,buy,496
2016-06-23,SEK,KHR,middle,498.5
2016-06-23,SEK,KHR,sell,501
2016-06-23,SGD,KHR,buy,3051
2016-06-23,SGD,KHR,middle,3066.5
2016-06-23,SGD,KHR,sell,3082
2016-06-23,THB,KHR,buy,116
2016-06-23,THB,KHR,middle,116.5
2016-06-23,THB,KHR,sell,117
2016-06-23,TWD,KHR,buy,127
2016-06-23,TWD,KHR,middle,127.5
2016-06-23,TWD,KHR,sell,128
2016-06-23,USD,KHR,reference,4080
2016-06-23,VND,KHR,buy,0.183
2016-06-23,VND,KHR,middle,0.184
2016-06-23,VND,KHR,sell,0.185
2016-06-24,AUD,KHR,buy,3082
2016-06-24,AUD,KHR,middle,3097.5
2016-06-24,AUD,KHR,sell,3113
2016-06-24,CAD,KHR,buy,3182
2016-06-24,CAD,KHR,middle,3198
2016-06-24,CAD,KHR,sell,3214
2016-06-24,CHF,KHR,buy,4252
2016-06-24,CHF,KHR,middle,4273.5
2016-06-24,CHF,KHR,sell,4295
2016-06-24,CNH,KHR,buy,619
2016-06-24,CNH,KHR,middle,622
2016-06-24,CNH,KHR,sell,625
2016-06-24,CNY,KHR,buy,621
2016-06-24,CNY,KHR,middle,624
2016-06-24,CNY,KHR,sell,627
2016-06-24,EUR,KHR,buy,4626
2016-06-24,EUR,KHR,middle,4649
2016-06-24,EUR,KHR,sell,4672
2016-06-24,GBP,KHR,buy,5941
2016-06-24,GBP,KHR,middle,5971
2016-06-24,GBP,KHR,sell,6001
2016-06-24,HKD,KHR,buy,526
2016-06-24,HKD,KHR,middle,528.5
2016-06-24,HKD,KHR,sell,531
2016-06-24,IDR,KHR,buy,0.308
2016-06-24,IDR,KHR,middle,0.3095
2016-06-24,IDR,KHR,sell,0.311
2016-06-24,INR,KHR,buy,60.7
2016-06-24,INR,KHR,middle,61.005
2016-06-24,INR,KHR,sell,61.31
2016-06-24,JPY,KHR,buy,38.87
2016-06-24,JPY,KHR,middle,39.06
2016-06-24,JPY,KHR,sell,39.25
2016-06-24,KRW,KHR,buy,3.55
2016-06-24,KRW,KHR,middle,3.57
2016-06-24,KRW,KHR,sell,3.59
2016-06-24,LAK,KHR,buy,0.503
2016-06-24,LAK,KHR,middle,0.5055
2016-06-24,LAK,KHR,sell,0.508
2016-06-24,MMK,KHR,buy,3.46
2016-06-24,MMK,KHR,middle,3.475
2016-06-24,MMK,KHR,sell,3.49
2016-06-24,MYR,KHR,buy,1020
2016-06-24,MYR,KHR,middle,1025
2016-06-24,MYR,KHR,sell,1030
2016-06-24,NZD,KHR,buy,2942
2016-06-24,NZD,KHR,middle,2956.5
2016-06-24,NZD,KHR,sell,2971
2016-06-24,PHP,KHR,buy,87.87
2016-06-24,PHP,KHR,middle,88.31
2016-06-24,PHP,KHR,sell,88.75
2016-06-24,SDR,KHR,buy,5804
2016-06-24,SDR,KHR,middle,5833
2016-06-24,SDR,KHR,sell,5862
2016-06-24,SEK,KHR,buy,497
2016-06-24,SEK,KHR,middle,499.5
2016-06-24,SEK,KHR,sell,502
2016-06-24,SGD,KHR,buy,3040
2016-06-24,SGD,KHR,middle,3055
2016-06-24,SGD,KHR,sell,3070
2016-06-24,THB,KHR,buy,116
2016-06-24,THB,KHR,middle,116.5
2016-06-24,THB,KHR,sell,117
2016-06-24,TWD,KHR,buy,127
2016-06-24,TWD,KHR,middle,128
2016-06-24,TWD,KHR,sell,129
2016-06-24,USD,KHR,reference,4082
2016-06-24,VND,KHR,buy,0.183
2016-06-24,VND,KHR,middle,0.184
2016-06-24,VND,KHR,sell,0.185
2016-06-28,AUD,KHR,buy,3000
2016-06-28,AUD,KHR,middle,3015
2016-06-28,AUD,KHR,sell,3030
2016-06-28,CAD,KHR,buy,3123
2016-06-28,CAD,KHR,middle,3139
2016-06-28,CAD,KHR,sell,3155
2016-06-28,CHF,KHR,buy,4172
2016-06-28,CHF,KHR,middle,4193
2016-06-28,CHF,KHR,sell,4214
2016-06-28,CNH,KHR,buy,611
2016-06-28,CNH,KHR,middle,614
2016-06-28,CNH,KHR,sell,617
2016-06-28,CNY,KHR,buy,615
2016-06-28,CNY,KHR,middle,618
2016-06-28,CNY,KHR,sell,621
2016-06-28,EUR,KHR,buy,4496
2016-06-28,EUR,KHR,middle,4519.5
2016-06-28,EUR,KHR,sell,4543
2016-06-28,GBP,KHR,buy,5401
2016-06-28,GBP,KHR,middle,5428
2016-06-28,GBP,KHR,sell,5455
2016-06-28,HKD,KHR,buy,526
2016-06-28,HKD,KHR,middle,528.5
2016-06-28,HKD,KHR,sell,531
2016-06-28,IDR,KHR,buy,0.306
2016-06-28,IDR,KHR,middle,0.3075
2016-06-28,IDR,KHR,sell,0.309
2016-06-28,INR,KHR,buy,60.1
2016-06-28,INR,KHR,middle,60.4
2016-06-28,INR,KHR,sell,60.7
2016-06-28,JPY,KHR,buy,40.15
2016-06-28,JPY,KHR,middle,40.35
2016-06-28,JPY,KHR,sell,40.55
2016-06-28,KRW,KHR,buy,3.45
2016-06-28,KRW,KHR,middle,3.465
2016-06-28,KRW,KHR,sell,3.48
2016-06-28,LAK,KHR,buy,0.503
2016-06-28,LAK,KHR,middle,0.5055
2016-06-28,LAK,KHR,sell,0.508
2016-06-28,MMK,KHR,buy,3.53
2016-06-28,MMK,KHR,middle,3.545
2016-06-28,MMK,KHR,sell,3.56
2016-06-28,MYR,KHR,buy,994
2016-06-28,MYR,KHR,middle,999
2016-06-28,MYR,KHR,sell,1004
2016-06-28,NZD,KHR,buy,2861
2016-06-28,NZD,KHR,middle,2875.5
2016-06-28,NZD,KHR,sell,2890
2016-06-28,PHP,KHR,buy,86.87
2016-06-28,PHP,KHR,middle,87.305
2016-06-28,PHP,KHR,sell,87.74
2016-06-28,SDR,KHR,buy,5682
2016-06-28,SDR,KHR,middle,5710.5
2016-06-28,SDR,KHR,sell,5739
2016-06-28,SEK,KHR,buy,477
2016-06-28,SEK,KHR,middle,479.5
2016-06-28,SEK,KHR,sell,482
2016-06-28,SGD,KHR,buy,2998
2016-06-28,SGD,KHR,middle,3013
2016-06-28,SGD,KHR,sell,3028
2016-06-28,THB,KHR,buy,116
2016-06-28,THB,KHR,middle,116.5
2016-06-28,THB,KHR,sell,117
2016-06-28,TWD,KHR,buy,126
2016-06-28,TWD,KHR,middle,126.5
2016-06-28,TWD,KHR,sell,127
2016-06-28,USD,KHR,reference,4083
2016-06-28,VND,KHR,buy,0.183
2016-06-28,VND,KHR,middle,0.184
2016-06-28,VND,KHR,sell,0.185
2016-06-29,AUD,KHR,buy,3023
2016-06-29,AUD,KHR,middle,3038
2016-06-29,AUD,KHR,sell,3053
2016-06-29,CAD,KHR,buy,3136
2016-06-29,CAD,KHR,middle,3152
2016-06-29,CAD,KHR,sell,3168
2016-06-29,CHF,KHR,buy,4166
2016-06-29,CHF,KHR,middle,4186.5
2016-06-29,CHF,KHR,sell,4207
2016-06-29,CNH,KHR,buy,612
2016-06-29,CNH,KHR,middle,615
2016-06-29,CNH,KHR,sell,618
2016-06-29,CNY,KHR,buy,615
2016-06-29,CNY,KHR,middle,618
2016-06-29,CNY,KHR,sell,621
2016-06-29,EUR,KHR,buy,4523
2016-06-29,EUR,KHR,middle,4545.5
2016-06-29,EUR,KHR,sell,4568
2016-06-29,GBP,KHR,buy,5450
2016-06-29,GBP,KHR,middle,5477.5
2016-06-29,GBP,KHR,sell,5505
2016-06-29,HKD,KHR,buy,526
2016-06-29,HKD,KHR,middle,529
2016-06-29,HKD,KHR,sell,532
2016-06-29,IDR,KHR,buy,0.31
2016-06-29,IDR,KHR,middle,0.3115
2016-06-29,IDR,KHR,sell,0.313
2016-06-29,INR,KHR,buy,60.1
2016-06-29,INR,KHR,middle,60.4
2016-06-29,INR,KHR,sell,60.7
2016-06-29,JPY,KHR,buy,39.79
2016-06-29,JPY,KHR,middle,39.985
2016-06-29,JPY,KHR,sell,40.18
2016-06-29,KRW,KHR,buy,3.49
2016-06-29,KRW,KHR,middle,3.505
2016-06-29,KRW,KHR,sell,3.52
2016-06-29,LAK,KHR,buy,0.504
2016-06-29,LAK,KHR,middle,0.5065
2016-06-29,LAK,KHR,sell,0.509
2016-06-29,MMK,KHR,buy,3.48
2016-06-29,MMK,KHR,middle,3.495
2016-06-29,MMK,KHR,sell,3.51
2016-06-29,MYR,KHR,buy,1002
2016-06-29,MYR,KHR,middle,1007
2016-06-29,MYR,KHR,sell,1012
2016-06-29,NZD,KHR,buy,2888
2016-06-29,NZD,KHR,middle,2902.5
2016-06-29,NZD,KHR,sell,2917
2016-06-29,PHP,KHR,buy,87.18
2016-06-29,PHP,KHR,middle,87.615
2016-06-29,PHP,KHR,sell,88.05
2016-06-29,SDR,KHR,buy,5699
2016-06-29,SDR,KHR,middle,5727.5
2016-06-29,SDR,KHR,sell,5756
2016-06-29,SEK,KHR,buy,481
2016-06-29,SEK,KHR,middle,483.5
2016-06-29,SEK,KHR,sell,486
2016-06-29,SGD,KHR,buy,3020
2016-06-29,SGD,KHR,middle,3035
2016-06-29,SGD,KHR,sell,3050
2016-06-29,THB,KHR,buy,116
2016-06-29,THB,KHR,middle,116.5
2016-06-29,THB,KHR,sell,117
2016-06-29,TWD,KHR,buy,126
2016-06-29,TWD,KHR,middle,126.5
2016-06-29,TWD,KHR,sell,127
2016-06-29,USD,KHR,reference,4084
2016-06-29,VND,KHR,buy,0.183
2016-06-29,VND,KHR,middle,0.184
2016-06-29,VND,KHR,sell,0.185
2016-06-30,AUD,KHR,buy,3048
2016-06-30,AUD,KHR,middle,3063
2016-06-30,AUD,KHR,sell,3078
2016-06-30,CAD,KHR,buy,3156
2016-06-30,CAD,KHR,middle,3171.5
2016-06-30,CAD,KHR,sell,3187
2016-06-30,CHF,KHR,buy,4169
2016-06-30,CHF,KHR,middle,4190
2016-06-30,CHF,KHR,sell,4211
2016-06-30,CNH,KHR,buy,614
2016-06-30,CNH,KHR,middle,617
2016-06-30,CNH,KHR,sell,620
2016-06-30,CNY,KHR,buy,616
2016-06-30,CNY,KHR,middle,619
2016-06-30,CNY,KHR,sell,622
2016-06-30,EUR,KHR,buy,4539
2016-06-30,EUR,KHR,middle,4561.5
2016-06-30,EUR,KHR,sell,4584
2016-06-30,GBP,KHR,buy,5489
2016-06-30,GBP,KHR,middle,5516.5
2016-06-30,GBP,KHR,sell,5544
2016-06-30,HKD,KHR,buy,526
2016-06-30,HKD,KHR,middle,529
2016-06-30,HKD,KHR,sell,532
2016-06-30,IDR,KHR,buy,0.311
2016-06-30,IDR,KHR,middle,0.3125
2016-06-30,IDR,KHR,sell,0.314
2016-06-30,INR,KHR,buy,60.34
2016-06-30,INR,KHR,middle,60.645
2016-06-30,INR,KHR,sell,60.95
2016-06-30,JPY,KHR,buy,39.75
2016-06-30,JPY,KHR,middle,39.95
2016-06-30,JPY,KHR,sell,40.15
2016-06-30,KRW,KHR,buy,3.54
2016-06-30,KRW,KHR,middle,3.56
2016-06-30,KRW,KHR,sell,3.58
2016-06-30,LAK,KHR,buy,0.504
2016-06-30,LAK,KHR,middle,0.5065
2016-06-30,LAK,KHR,sell,0.509
2016-06-30,MMK,KHR,buy,3.47
2016-06-30,MMK,KHR,middle,3.485
2016-06-30,MMK,KHR,sell,3.5
2016-06-30,MYR,KHR,buy,1018
2016-06-30,MYR,KHR,middle,1023
2016-06-30,MYR,KHR,sell,1028
2016-06-30,NZD,KHR,buy,2905
2016-06-30,NZD,KHR,middle,2919.5
2016-06-30,NZD,KHR,sell,2934
2016-06-30,PHP,KHR,buy,87.08
2016-06-30,PHP,KHR,middle,87.515
2016-06-30,PHP,KHR,sell,87.95
2016-06-30,SDR,KHR,buy,5701
2016-06-30,SDR,KHR,middle,5729.5
2016-06-30,SDR,KHR,sell,5758
2016-06-30,SEK,KHR,buy,483
2016-06-30,SEK,KHR,middle,485
2016-06-30,SEK,KHR,sell,487
2016-06-30,SGD,KHR,buy,3033
2016-06-30,SGD,KHR,middle,3048
2016-06-30,SGD,KHR,sell,3063
2016-06-30,THB,KHR,buy,116
2016-06-30,THB,KHR,middle,116.5
2016-06-30,THB,KHR,sell,117
2016-06-30,TWD,KHR,buy,126
2016-06-30,TWD,KHR,middle,127
2016-06-30,TWD,KHR,sell,128
2016-06-30,USD,KHR,reference,4084
2016-06-30,VND,KHR,buy,0.183
2016-06-30,VND,KHR,middle,0.184
2016-06-30,VND,KHR,sell,0.185
2016-07-01,AUD,KHR,buy,3043
2016-07-01,AUD,KHR,middle,3058
2016-07-01,AUD,KHR,sell,3073
2016-07-01,CAD,KHR,buy,3152
2016-07-01,CAD,KHR,middle,3167.5
2016-07-01,CAD,KHR,sell,3183
2016-07-01,CHF,KHR,buy,4183
2016-07-01,CHF,KHR,middle,4204
2016-07-01,CHF,KHR,sell,4225
2016-07-01,CNH,KHR,buy,612
2016-07-01,CNH,KHR,middle,615.5
2016-07-01,CNH,KHR,sell,619
2016-07-01,CNY,KHR,buy,615
2016-07-01,CNY,KHR,middle,618
2016-07-01,CNY,KHR,sell,621
2016-07-01,EUR,KHR,buy,4535
2016-07-01,EUR,KHR,middle,4558
2016-07-01,EUR,KHR,sell,4581
2016-07-01,GBP,KHR,buy,5449
2016-07-01,GBP,KHR,middle,5476
2016-07-01,GBP,KHR,sell,5503
2016-07-01,HKD,KHR,buy,526
2016-07-01,HKD,KHR,middle,529
2016-07-01,HKD,KHR,sell,532
2016-07-01,IDR,KHR,buy,0.309
2016-07-01,IDR,KHR,middle,0.3105
2016-07-01,IDR,KHR,sell,0.312
2016-07-01,INR,KHR,buy,60.49
2016-07-01,INR,KHR,middle,60.79
2016-07-01,INR,KHR,sell,61.09
2016-07-01,JPY,KHR,buy,39.6
2016-07-01,JPY,KHR,middle,39.795
2016-07-01,JPY,KHR,sell,39.99
2016-07-01,KRW,KHR,buy,3.55
2016-07-01,KRW,KHR,middle,3.565
2016-07-01,KRW,KHR,sell,3.58
2016-07-01,LAK,KHR,buy,0.505
2016-07-01,LAK,KHR,middle,0.5075
2016-07-01,LAK,KHR,sell,0.51
2016-07-01,MMK,KHR,buy,3.52
2016-07-01,MMK,KHR,middle,3.54
2016-07-01,MMK,KHR,sell,3.56
2016-07-01,MYR,KHR,buy,1027
2016-07-01,MYR,KHR,middle,1032
2016-07-01,MYR,KHR,sell,1037
2016-07-01,NZD,KHR,buy,2914
2016-07-01,NZD,KHR,middle,2928.5
2016-07-01,NZD,KHR,sell,2943
2016-07-01,PHP,KHR,buy,86.8
2016-07-01,PHP,KHR,middle,87.235
2016-07-01,PHP,KHR,sell,87.67
2016-07-01,SDR,KHR,buy,5713
2016-07-01,SDR,KHR,middle,5741.5
2016-07-01,SDR,KHR,sell,5770
2016-07-01,SEK,KHR,buy,483
2016-07-01,SEK,KHR,middle,485.5
2016-07-01,SEK,KHR,sell,488
2016-07-01,SGD,KHR,buy,3032
2016-07-01,SGD,KHR,middle,3047
2016-07-01,SGD,KHR,sell,3062
2016-07-01,THB,KHR,buy,116
2016-07-01,THB,KHR,middle,116.5
2016-07-01,THB,KHR,sell,117
2016-07-01,TWD,KHR,buy,127
2016-07-01,TWD,KHR,middle,127.5
2016-07-01,TWD,KHR,sell,128
2016-07-01,USD,KHR,reference,4084
2016-07-01,VND,KHR,buy,0.183
2016-07-01,VND,KHR,middle,0.184
2016-07-01,VND,KHR,sell,0.185
2016-07-04,AUD,KHR,buy,3050
2016-07-04,AUD,KHR,middle,3065.5
2016-07-04,AUD,KHR,sell,3081
2016-07-04,CAD,KHR,buy,3164
2016-07-04,CAD,KHR,middle,3180
2016-07-04,CAD,KHR,sell,3196
2016-07-04,CHF,KHR,buy,4192
2016-07-04,CHF,KHR,middle,4213
2016-07-04,CHF,KHR,sell,4234
2016-07-04,CNH,KHR,buy,612
2016-07-04,CNH,KHR,middle,615
2016-07-04,CNH,KHR,sell,618
2016-07-04,CNY,KHR,buy,614
2016-07-04,CNY,KHR,middle,617
2016-07-04,CNY,KHR,sell,620
2016-07-04,EUR,KHR,buy,4546
2016-07-04,EUR,KHR,middle,4569
2016-07-04,EUR,KHR,sell,4592
2016-07-04,GBP,KHR,buy,5425
2016-07-04,GBP,KHR,middle,5452.5
2016-07-04,GBP,KHR,sell,5480
2016-07-04,HKD,KHR,buy,527
2016-07-04,HKD,KHR,middle,529.5
2016-07-04,HKD,KHR,sell,532
2016-07-04,IDR,KHR,buy,0.311
2016-07-04,IDR,KHR,middle,0.3125
2016-07-04,IDR,KHR,sell,0.314
2016-07-04,INR,KHR,buy,60.68
2016-07-04,INR,KHR,middle,60.985
2016-07-04,INR,KHR,sell,61.29
2016-07-04,JPY,KHR,buy,39.84
2016-07-04,JPY,KHR,middle,40.04
2016-07-04,JPY,KHR,sell,40.24
2016-07-04,KRW,KHR,buy,3.55
2016-07-04,KRW,KHR,middle,3.565
2016-07-04,KRW,KHR,sell,3.58
2016-07-04,LAK,KHR,buy,0.506
2016-07-04,LAK,KHR,middle,0.5085
2016-07-04,LAK,KHR,sell,0.511
2016-07-04,MMK,KHR,buy,3.54
2016-07-04,MMK,KHR,middle,3.555
2016-07-04,MMK,KHR,sell,3.57
2016-07-04,MYR,KHR,buy,1026
2016-07-04,MYR,KHR,middle,1031.5
2016-07-04,MYR,KHR,sell,1037
2016-07-04,NZD,KHR,buy,2932
2016-07-04,NZD,KHR,middle,2946.5
2016-07-04,NZD,KHR,sell,2961
2016-07-04,PHP,KHR,buy,87.17
2016-07-04,PHP,KHR,middle,87.605
2016-07-04,PHP,KHR,sell,88.04
2016-07-04,SDR,KHR,buy,5702
2016-07-04,SDR,KHR,middle,5731
2016-07-04,SDR,KHR,sell,5760
2016-07-04,SEK,KHR,buy,484
2016-07-04,SEK,KHR,middle,486.5
2016-07-04,SEK,KHR,sell,489
2016-07-04,SGD,KHR,buy,3035
2016-07-04,SGD,KHR,middle,3050
2016-07-04,SGD,KHR,sell,3065
2016-07-04,THB,KHR,buy,117
2016-07-04,THB,KHR,middle,117.5
2016-07-04,THB,KHR,sell,118
2016-07-04,TWD,KHR,buy,127
2016-07-04,TWD,KHR,middle,127.5
2016-07-04,TWD,KHR,sell,128
2016-07-04,USD,KHR,reference,4085
2016-07-04,VND,KHR,buy,0.183
2016-07-04,VND,KHR,middle,0.184
2016-07-04,VND,KHR,sell,0.185
2016-07-05,AUD,KHR,buy,3074
2016-07-05,AUD,KHR,middle,3089.5
2016-07-05,AUD,KHR,sell,3105
2016-07-05,CAD,KHR,buy,3175
2016-07-05,CAD,KHR,middle,3191
2016-07-05,CAD,KHR,sell,3207
2016-07-05,CHF,KHR,buy,4209
2016-07-05,CHF,KHR,middle,4230.5
2016-07-05,CHF,KHR,sell,4252
2016-07-05,CNH,KHR,buy,612
2016-07-05,CNH,KHR,middle,615
2016-07-05,CNH,KHR,sell,618
2016-07-05,CNY,KHR,buy,613
2016-07-05,CNY,KHR,middle,616.5
2016-07-05,CNY,KHR,sell,620
2016-07-05,EUR,KHR,buy,4553
2016-07-05,EUR,KHR,middle,4575.5
2016-07-05,EUR,KHR,sell,4598
2016-07-05,GBP,KHR,buy,5425
2016-07-05,GBP,KHR,middle,5452.5
2016-07-05,GBP,KHR,sell,5480
2016-07-05,HKD,KHR,buy,527
2016-07-05,HKD,KHR,middle,529.5
2016-07-05,HKD,KHR,sell,532
2016-07-05,IDR,KHR,buy,0.312
2016-07-05,IDR,KHR,middle,0.3135
2016-07-05,IDR,KHR,sell,0.315
2016-07-05,INR,KHR,buy,60.76
2016-07-05,INR,KHR,middle,61.065
2016-07-05,INR,KHR,sell,61.37
2016-07-05,JPY,KHR,buy,39.92
2016-07-05,JPY,KHR,middle,40.12
2016-07-05,JPY,KHR,sell,40.32
2016-07-05,KRW,KHR,buy,3.55
2016-07-05,KRW,KHR,middle,3.57
2016-07-05,KRW,KHR,sell,3.59
2016-07-05,LAK,KHR,buy,0.505
2016-07-05,LAK,KHR,middle,0.5075
2016-07-05,LAK,KHR,sell,0.51
2016-07-05,MMK,KHR,buy,3.54
2016-07-05,MMK,KHR,middle,3.56
2016-07-05,MMK,KHR,sell,3.58
2016-07-05,MYR,KHR,buy,1023
2016-07-05,MYR,KHR,middle,1028.5
2016-07-05,MYR,KHR,sell,1034
2016-07-05,NZD,KHR,buy,2946
2016-07-05,NZD,KHR,middle,2961
2016-07-05,NZD,KHR,sell,2976
2016-07-05,PHP,KHR,buy,87.33
2016-07-05,PHP,KHR,middle,87.765
2016-07-05,PHP,KHR,sell,88.2
2016-07-05,SDR,KHR,buy,5705
2016-07-05,SDR,KHR,middle,5733.5
2016-07-05,SDR,KHR,sell,5762
2016-07-05,SEK,KHR,buy,485
2016-07-05,SEK,KHR,middle,487.5
2016-07-05,SEK,KHR,sell,490
2016-07-05,SGD,KHR,buy,3034
2016-07-05,SGD,KHR,middle,3049
2016-07-05,SGD,KHR,sell,3064
2016-07-05,THB,KHR,buy,117
2016-07-05,THB,KHR,middle,117.5
2016-07-05,THB,KHR,sell,118
2016-07-05,TWD,KHR,buy,127
2016-07-05,TWD,KHR,middle,127.5
2016-07-05,TWD,KHR,sell,128
2016-07-05,USD,KHR,reference,4087
2016-07-05,VND,KHR,buy,0.183
2016-07-05,VND,KHR,middle,0.184
2016-07-05,VND,KHR,sell,0.185
2016-07-06,AUD,KHR,buy,3041
2016-07-06,AUD,KHR,middle,3056.5
2016-07-06,AUD,KHR,sell,3072
2016-07-06,CAD,KHR,buy,3141
2016-07-06,CAD,KHR,middle,3156.5
2016-07-06,CAD,KHR,sell,3172
2016-07-06,CHF,KHR,buy,4184
2016-07-06,CHF,KHR,middle,4204.5
2016-07-06,CHF,KHR,sell,4225
2016-07-06,CNH,KHR,buy,610
2016-07-06,CNH,KHR,middle,613
2016-07-06,CNH,KHR,sell,616
2016-07-06,CNY,KHR,buy,612
2016-07-06,CNY,KHR,middle,615.5
2016-07-06,CNY,KHR,sell,619
2016-07-06,EUR,KHR,buy,4522
2016-07-06,EUR,KHR,middle,4544.5
2016-07-06,EUR,KHR,sell,4567
2016-07-06,GBP,KHR,buy,5300
2016-07-06,GBP,KHR,middle,5326.5
2016-07-06,GBP,KHR,sell,5353
2016-07-06,HKD,KHR,buy,527
2016-07-06,HKD,KHR,middle,529.5
2016-07-06,HKD,KHR,sell,532
2016-07-06,IDR,KHR,buy,0.31
2016-07-06,IDR,KHR,middle,0.3115
2016-07-06,IDR,KHR,sell,0.313
2016-07-06,INR,KHR,buy,60.59
2016-07-06,INR,KHR,middle,60.895
2016-07-06,INR,KHR,sell,61.2
2016-07-06,JPY,KHR,buy,40.37
2016-07-06,JPY,KHR,middle,40.575
2016-07-06,JPY,KHR,sell,40.78
2016-07-06,KRW,KHR,buy,3.52
2016-07-06,KRW,KHR,middle,3.535
2016-07-06,KRW,KHR,sell,3.55
2016-07-06,LAK,KHR,buy,0.505
2016-07-06,LAK,KHR,middle,0.5075
2016-07-06,LAK,KHR,sell,0.51
2016-07-06,MMK,KHR,buy,3.53
2016-07-06,MMK,KHR,middle,3.545
2016-07-06,MMK,KHR,sell,3.56
2016-07-06,MYR,KHR,buy,1016
2016-07-06,MYR,KHR,middle,1021
2016-07-06,MYR,KHR,sell,1026
2016-07-06,NZD,KHR,buy,2911
2016-07-06,NZD,KHR,middle,2925.5
2016-07-06,NZD,KHR,sell,2940
2016-07-06,PHP,KHR,buy,87.01
2016-07-06,PHP,KHR,middle,87.445
2016-07-06,PHP,KHR,sell,87.88
2016-07-06,SDR,KHR,buy,5709
2016-07-06,SDR,KHR,middle,5737.5
2016-07-06,SDR,KHR,sell,5766
2016-07-06,SEK,KHR,buy,479
2016-07-06,SEK,KHR,middle,481.5
2016-07-06,SEK,KHR,sell,484
2016-07-06,SGD,KHR,buy,3021
2016-07-06,SGD,KHR,middle,3036
2016-07-06,SGD,KHR,sell,3051
2016-07-06,THB,KHR,buy,116
2016-07-06,THB,KHR,middle,116.5
2016-07-06,THB,KHR,sell,117
2016-07-06,TWD,KHR,buy,127
2016-07-06,TWD,KHR,middle,127.5
2016-07-06,TWD,KHR,sell,128
2016-07-06,USD,KHR,reference,4087
2016-07-06,VND,KHR,buy,0.183
2016-07-06,VND,KHR,middle,0.184
2016-07-06,VND,KHR,sell,0.185
2016-07-08,AUD,KHR,buy,3064
2016-07-08,AUD,KHR,middle,3079.5
2016-07-08,AUD,KHR,sell,3095
2016-07-08,CAD,KHR,buy,3146
2016-07-08,CAD,KHR,middle,3161.5
2016-07-08,CAD,KHR,sell,3177
2016-07-08,CHF,KHR,buy,4179
2016-07-08,CHF,KHR,middle,4199.5
2016-07-08,CHF,KHR,sell,4220
2016-07-08,CNH,KHR,buy,611
2016-07-08,CNH,KHR,middle,614
2016-07-08,CNH,KHR,sell,617
2016-07-08,CNY,KHR,buy,612
2016-07-08,CNY,KHR,middle,615.5
2016-07-08,CNY,KHR,sell,619
2016-07-08,EUR,KHR,buy,4524
2016-07-08,EUR,KHR,middle,4547
2016-07-08,EUR,KHR,sell,4570
2016-07-08,GBP,KHR,buy,5279
2016-07-08,GBP,KHR,middle,5305.5
2016-07-08,GBP,KHR,sell,5332
2016-07-08,HKD,KHR,buy,527
2016-07-08,HKD,KHR,middle,529.5
2016-07-08,HKD,KHR,sell,532
2016-07-08,IDR,KHR,buy,0.311
2016-07-08,IDR,KHR,middle,0.313
2016-07-08,IDR,KHR,sell,0.315
2016-07-08,INR,KHR,buy,60.69
2016-07-08,INR,KHR,middle,60.99
2016-07-08,INR,KHR,sell,61.29
2016-07-08,JPY,KHR,buy,40.57
2016-07-08,JPY,KHR,middle,40.77
2016-07-08,JPY,KHR,sell,40.97
2016-07-08,KRW,KHR,buy,3.53
2016-07-08,KRW,KHR,middle,3.545
2016-07-08,KRW,KHR,sell,3.56
2016-07-08,LAK,KHR,buy,0.506
2016-07-08,LAK,KHR,middle,0.5085
2016-07-08,LAK,KHR,sell,0.511
2016-07-08,MMK,KHR,buy,3.55
2016-07-08,MMK,KHR,middle,3.565
2016-07-08,MMK,KHR,sell,3.58
2016-07-08,MYR,KHR,buy,1016
2016-07-08,MYR,KHR,middle,1021
2016-07-08,MYR,KHR,sell,1026
2016-07-08,NZD,KHR,buy,2959
2016-07-08,NZD,KHR,middle,2973.5
2016-07-08,NZD,KHR,sell,2988
2016-07-08,PHP,KHR,buy,86.97
2016-07-08,PHP,KHR,middle,87.405
2016-07-08,PHP,KHR,sell,87.84
2016-07-08,SDR,KHR,buy,5698
2016-07-08,SDR,KHR,middle,5726.5
2016-07-08,SDR,KHR,sell,5755
2016-07-08,SEK,KHR,buy,477
2016-07-08,SEK,KHR,middle,479.5
2016-07-08,SEK,KHR,sell,482
2016-07-08,SGD,KHR,buy,3031
2016-07-08,SGD,KHR,middle,3046
2016-07-08,SGD,KHR,sell,3061
2016-07-08,THB,KHR,buy,116
2016-07-08,THB,KHR,middle,116.5
2016-07-08,THB,KHR,sell,117
2016-07-08,TWD,KHR,buy,127
2016-07-08,TWD,KHR,middle,127.5
2016-07-08,TWD,KHR,sell,128
2016-07-08,USD,KHR,reference,4090
2016-07-08,VND,KHR,buy,0.183
2016-07-08,VND,KHR,middle,0.184
2016-07-08,VND,KHR,sell,0.185
2016-07-11,AUD,KHR,buy,3089
2016-07-11,AUD,KHR,middle,3104.5
2016-07-11,AUD,KHR,sell,3120
2016-07-11,CAD,KHR,buy,3133
2016-07-11,CAD,KHR,middle,3149
2016-07-11,CAD,KHR,sell,3165
2016-07-11,CHF,KHR,buy,4158
2016-07-11,CHF,KHR,middle,4178.5
2016-07-11,CHF,KHR,sell,4199
2016-07-11,CNH,KHR,buy,610
2016-07-11,CNH,KHR,middle,613
2016-07-11,CNH,KHR,sell,616
2016-07-11,CNY,KHR,buy,611
2016-07-11,CNY,KHR,middle,614
2016-07-11,CNY,KHR,sell,617
2016-07-11,EUR,KHR,buy,4513
2016-07-11,EUR,KHR,middle,4535.5
2016-07-11,EUR,KHR,sell,4558
2016-07-11,GBP,KHR,buy,5289
2016-07-11,GBP,KHR,middle,5315.5
2016-07-11,GBP,KHR,sell,5342
2016-07-11,HKD,KHR,buy,527
2016-07-11,HKD,KHR,middle,529.5
2016-07-11,HKD,KHR,sell,532
2016-07-11,IDR,KHR,buy,0.31
2016-07-11,IDR,KHR,middle,0.3115
2016-07-11,IDR,KHR,sell,0.313
2016-07-11,INR,KHR,buy,60.68
2016-07-11,INR,KHR,middle,60.985
2016-07-11,INR,KHR,sell,61.29
2016-07-11,JPY,KHR,buy,40.58
2016-07-11,JPY,KHR,middle,40.78
2016-07-11,JPY,KHR,sell,40.98
2016-07-11,KRW,KHR,buy,3.55
2016-07-11,KRW,KHR,middle,3.57
2016-07-11,KRW,KHR,sell,3.59
2016-07-11,LAK,KHR,buy,0.505
2016-07-11,LAK,KHR,middle,0.5075
2016-07-11,LAK,KHR,sell,0.51
2016-07-11,MMK,KHR,buy,3.52
2016-07-11,MMK,KHR,middle,3.535
2016-07-11,MMK,KHR,sell,3.55
2016-07-11,MYR,KHR,buy,1022
2016-07-11,MYR,KHR,middle,1027
2016-07-11,MYR,KHR,sell,1032
2016-07-11,NZD,KHR,buy,2981
2016-07-11,NZD,KHR,middle,2996
2016-07-11,NZD,KHR,sell,3011
2016-07-11,PHP,KHR,buy,86.69
2016-07-11,PHP,KHR,middle,87.125
2016-07-11,PHP,KHR,sell,87.56
2016-07-11,SDR,KHR,buy,5693
2016-07-11,SDR,KHR,middle,5721.5
2016-07-11,SDR,KHR,sell,5750
2016-07-11,SEK,KHR,buy,476
2016-07-11,SEK,KHR,middle,478.5
2016-07-11,SEK,KHR,sell,481
2016-07-11,SGD,KHR,buy,3036
2016-07-11,SGD,KHR,middle,3051.5
2016-07-11,SGD,KHR,sell,3067
2016-07-11,THB,KHR,buy,116
2016-07-11,THB,KHR,middle,116.5
2016-07-11,THB,KHR,sell,117
2016-07-11,TWD,KHR,buy,127
2016-07-11,TWD,KHR,middle,127.5
2016-07-11,TWD,KHR,sell,128
2016-07-11,USD,KHR,reference,4088
2016-07-11,VND,KHR,buy,0.184
2016-07-11,VND,KHR,middle,0.1845
2016-07-11,VND,KHR,sell,0.185
2016-07-12,AUD,KHR,buy,3080
2016-07-12,AUD,KHR,middle,3095.5
2016-07-12,AUD,KHR,sell,3111
2016-07-12,CAD,KHR,buy,3115
2016-07-12,CAD,KHR,middle,3130.5
2016-07-12,CAD,KHR,sell,3146
2016-07-12,CHF,KHR,buy,4154
2016-07-12,CHF,KHR,middle,4174.5
2016-07-12,CHF,KHR,sell,4195
2016-07-12,CNH,KHR,buy,610
2016-07-12,CNH,KHR,middle,613
2016-07-12,CNH,KHR,sell,616
2016-07-12,CNY,KHR,buy,611
2016-07-12,CNY,KHR,middle,614
2016-07-12,CNY,KHR,sell,617
2016-07-12,EUR,KHR,buy,4520
2016-07-12,EUR,KHR,middle,4542.5
2016-07-12,EUR,KHR,sell,4565
2016-07-12,GBP,KHR,buy,5308
2016-07-12,GBP,KHR,middle,5334.5
2016-07-12,GBP,KHR,sell,5361
2016-07-12,HKD,KHR,buy,527
2016-07-12,HKD,KHR,middle,529.5
2016-07-12,HKD,KHR,sell,532
2016-07-12,IDR,KHR,buy,0.312
2016-07-12,IDR,KHR,middle,0.3135
2016-07-12,IDR,KHR,sell,0.315
2016-07-12,INR,KHR,buy,60.9
2016-07-12,INR,KHR,middle,61.205
2016-07-12,INR,KHR,sell,61.51
2016-07-12,JPY,KHR,buy,39.87
2016-07-12,JPY,KHR,middle,40.07
2016-07-12,JPY,KHR,sell,40.27
2016-07-12,KRW,KHR,buy,3.56
2016-07-12,KRW,KHR,middle,3.575
2016-07-12,KRW,KHR,sell,3.59
2016-07-12,LAK,KHR,buy,0.505
2016-07-12,LAK,KHR,middle,0.5075
2016-07-12,LAK,KHR,sell,0.51
2016-07-12,MMK,KHR,buy,3.52
2016-07-12,MMK,KHR,middle,3.535
2016-07-12,MMK,KHR,sell,3.55
2016-07-12,MYR,KHR,buy,1023
2016-07-12,MYR,KHR,middle,1028.5
2016-07-12,MYR,KHR,sell,1034
2016-07-12,NZD,KHR,buy,2956
2016-07-12,NZD,KHR,middle,2970.5
2016-07-12,NZD,KHR,sell,2985
2016-07-12,PHP,KHR,buy,86.49
2016-07-12,PHP,KHR,middle,86.92
2016-07-12,PHP,KHR,sell,87.35
2016-07-12,SDR,KHR,buy,5681
2016-07-12,SDR,KHR,middle,5709.5
2016-07-12,SDR,KHR,sell,5738
2016-07-12,SEK,KHR,buy,476
2016-07-12,SEK,KHR,middle,478.5
2016-07-12,SEK,KHR,sell,481
2016-07-12,SGD,KHR,buy,3026
2016-07-12,SGD,KHR,middle,3041.5
2016-07-12,SGD,KHR,sell,3057
2016-07-12,THB,KHR,buy,116
2016-07-12,THB,KHR,middle,116.5
2016-07-12,THB,KHR,sell,117
2016-07-12,TWD,KHR,buy,127
2016-07-12,TWD,KHR,middle,127.5
2016-07-12,TWD,KHR,sell,128
2016-07-12,USD,KHR,reference,4088
2016-07-12,VND,KHR,buy,0.184
2016-07-12,VND,KHR,middle,0.1845
2016-07-12,VND,KHR,sell,0.185
2016-07-13,AUD,KHR,buy,3108
2016-07-13,AUD,KHR,middle,3124
2016-07-13,AUD,KHR,sell,3140
2016-07-13,CAD,KHR,buy,3129
2016-07-13,CAD,KHR,middle,3144.5
2016-07-13,CAD,KHR,sell,3160
2016-07-13,CHF,KHR,buy,4134
2016-07-13,CHF,KHR,middle,4154.5
2016-07-13,CHF,KHR,sell,4175
2016-07-13,CNH,KHR,buy,610
2016-07-13,CNH,KHR,middle,613
2016-07-13,CNH,KHR,sell,616
2016-07-13,CNY,KHR,buy,612
2016-07-13,CNY,KHR,middle,615
2016-07-13,CNY,KHR,sell,618
2016-07-13,EUR,KHR,buy,4521
2016-07-13,EUR,KHR,middle,4543.5
2016-07-13,EUR,KHR,sell,4566
2016-07-13,GBP,KHR,buy,5421
2016-07-13,GBP,KHR,middle,5448
2016-07-13,GBP,KHR,sell,5475
2016-07-13,HKD,KHR,buy,527
2016-07-13,HKD,KHR,middle,529.5
2016-07-13,HKD,KHR,sell,532
2016-07-13,IDR,KHR,buy,0.312
2016-07-13,IDR,KHR,middle,0.3135
2016-07-13,IDR,KHR,sell,0.315
2016-07-13,INR,KHR,buy,60.87
2016-07-13,INR,KHR,middle,61.175
2016-07-13,INR,KHR,sell,61.48
2016-07-13,JPY,KHR,buy,39.06
2016-07-13,JPY,KHR,middle,39.255
2016-07-13,JPY,KHR,sell,39.45
2016-07-13,KRW,KHR,buy,3.57
2016-07-13,KRW,KHR,middle,3.59
2016-07-13,KRW,KHR,sell,3.61
2016-07-13,LAK,KHR,buy,0.505
2016-07-13,LAK,KHR,middle,0.5075
2016-07-13,LAK,KHR,sell,0.51
2016-07-13,MMK,KHR,buy,3.52
2016-07-13,MMK,KHR,middle,3.54
2016-07-13,MMK,KHR,sell,3.56
2016-07-13,MYR,KHR,buy,1031
2016-07-13,MYR,KHR,middle,1036.5
2016-07-13,MYR,KHR,sell,1042
2016-07-13,NZD,KHR,buy,2980
2016-07-13,NZD,KHR,middle,2995
2016-07-13,NZD,KHR,sell,3010
2016-07-13,PHP,KHR,buy,86.36
2016-07-13,PHP,KHR,middle,86.79
2016-07-13,PHP,KHR,sell,87.22
2016-07-13,SDR,KHR,buy,5692
2016-07-13,SDR,KHR,middle,5720.5
2016-07-13,SDR,KHR,sell,5749
2016-07-13,SEK,KHR,buy,479
2016-07-13,SEK,KHR,middle,481
2016-07-13,SEK,KHR,sell,483
2016-07-13,SGD,KHR,buy,3035
2016-07-13,SGD,KHR,middle,3050
2016-07-13,SGD,KHR,sell,3065
2016-07-13,THB,KHR,buy,116
2016-07-13,THB,KHR,middle,116.5
2016-07-13,THB,KHR,sell,117
2016-07-13,TWD,KHR,buy,127
2016-07-13,TWD,KHR,middle,127.5
2016-07-13,TWD,KHR,sell,128
2016-07-13,USD,KHR,reference,4089
2016-07-13,VND,KHR,buy,0.184
2016-07-13,VND,KHR,middle,0.185
2016-07-13,VND,KHR,sell,0.186
2016-07-14,AUD,KHR,buy,3105
2016-07-14,AUD,KHR,middle,3120.5
2016-07-14,AUD,KHR,sell,3136
2016-07-14,CAD,KHR,buy,3154
2016-07-14,CAD,KHR,middle,3169.5
2016-07-14,CAD,KHR,sell,3185
2016-07-14,CHF,KHR,buy,4154
2016-07-14,CHF,KHR,middle,4175
2016-07-14,CHF,KHR,sell,4196
2016-07-14,CNH,KHR,buy,611
2016-07-14,CNH,KHR,middle,614
2016-07-14,CNH,KHR,sell,617
2016-07-14,CNY,KHR,buy,612
2016-07-14,CNY,KHR,middle,615
2016-07-14,CNY,KHR,sell,618
2016-07-14,EUR,KHR,buy,4538
2016-07-14,EUR,KHR,middle,4561
2016-07-14,EUR,KHR,sell,4584
2016-07-14,GBP,KHR,buy,5363
2016-07-14,GBP,KHR,middle,5389.5
2016-07-14,GBP,KHR,sell,5416
2016-07-14,HKD,KHR,buy,527
2016-07-14,HKD,KHR,middle,529.5
2016-07-14,HKD,KHR,sell,532
2016-07-14,IDR,KHR,buy,0.312
2016-07-14,IDR,KHR,middle,0.3135
2016-07-14,IDR,KHR,sell,0.315
2016-07-14,INR,KHR,buy,60.98
2016-07-14,INR,KHR,middle,61.285
2016-07-14,INR,KHR,sell,61.59
2016-07-14,JPY,KHR,buy,39.26
2016-07-14,JPY,KHR,middle,39.46
2016-07-14,JPY,KHR,sell,39.66
2016-07-14,KRW,KHR,buy,3.57
2016-07-14,KRW,KHR,middle,3.585
2016-07-14,KRW,KHR,sell,3.6
2016-07-14,LAK,KHR,buy,0.505
2016-07-14,LAK,KHR,middle,0.5075
2016-07-14,LAK,KHR,sell,0.51
2016-07-14,MMK,KHR,buy,3.53
2016-07-14,MMK,KHR,middle,3.55
2016-07-14,MMK,KHR,sell,3.57
2016-07-14,MYR,KHR,buy,1031
2016-07-14,MYR,KHR,middle,1036.5
2016-07-14,MYR,KHR,sell,1042
2016-07-14,NZD,KHR,buy,2971
2016-07-14,NZD,KHR,middle,2986
2016-07-14,NZD,KHR,sell,3001
2016-07-14,PHP,KHR,buy,86.61
2016-07-14,PHP,KHR,middle,87.045
2016-07-14,PHP,KHR,sell,87.48
2016-07-14,SDR,KHR,buy,5692
2016-07-14,SDR,KHR,middle,5720.5
2016-07-14,SDR,KHR,sell,5749
2016-07-14,SEK,KHR,buy,482
2016-07-14,SEK,KHR,middle,484.5
2016-07-14,SEK,KHR,sell,487
2016-07-14,SGD,KHR,buy,3034
2016-07-14,SGD,KHR,middle,3049
2016-07-14,SGD,KHR,sell,3064
2016-07-14,THB,KHR,buy,116
2016-07-14,THB,KHR,middle,116.5
2016-07-14,THB,KHR,sell,117
2016-07-14,TWD,KHR,buy,127
2016-07-14,TWD,KHR,middle,127.5
2016-07-14,TWD,KHR,sell,128
2016-07-14,USD,KHR,reference,4089
2016-07-14,VND,KHR,buy,0.184
2016-07-14,VND,KHR,middle,0.1845
2016-07-14,VND,KHR,sell,0.185
2016-07-15,AUD,KHR,buy,3113
2016-07-15,AUD,KHR,middle,3128.5
2016-07-15,AUD,KHR,sell,3144
2016-07-15,CAD,KHR,buy,3168
2016-07-15,CAD,KHR,middle,3184
2016-07-15,CAD,KHR,sell,3200
2016-07-15,CHF,KHR,buy,4167
2016-07-15,CHF,KHR,middle,4187.5
2016-07-15,CHF,KHR,sell,4208
2016-07-15,CNH,KHR,buy,611
2016-07-15,CNH,KHR,middle,614
2016-07-15,CNH,KHR,sell,617
2016-07-15,CNY,KHR,buy,612
2016-07-15,CNY,KHR,middle,615.5
2016-07-15,CNY,KHR,sell,619
2016-07-15,EUR,KHR,buy,4542
2016-07-15,EUR,KHR,middle,4564.5
2016-07-15,EUR,KHR,sell,4587
2016-07-15,GBP,KHR,buy,5462
2016-07-15,GBP,KHR,middle,5489.5
2016-07-15,GBP,KHR,sell,5517
2016-07-15,HKD,KHR,buy,527
2016-07-15,HKD,KHR,middle,530
2016-07-15,HKD,KHR,sell,533
2016-07-15,IDR,KHR,buy,0.313
2016-07-15,IDR,KHR,middle,0.3145
2016-07-15,IDR,KHR,sell,0.316
2016-07-15,INR,KHR,buy,61.13
2016-07-15,INR,KHR,middle,61.435
2016-07-15,INR,KHR,sell,61.74
2016-07-15,JPY,KHR,buy,38.89
2016-07-15,JPY,KHR,middle,39.085
2016-07-15,JPY,KHR,sell,39.28
2016-07-15,KRW,KHR,buy,3.61
2016-07-15,KRW,KHR,middle,3.63
2016-07-15,KRW,KHR,sell,3.65
2016-07-15,LAK,KHR,buy,0.505
2016-07-15,LAK,KHR,middle,0.5075
2016-07-15,LAK,KHR,sell,0.51
2016-07-15,MMK,KHR,buy,3.53
2016-07-15,MMK,KHR,middle,3.55
2016-07-15,MMK,KHR,sell,3.57
2016-07-15,MYR,KHR,buy,1041
2016-07-15,MYR,KHR,middle,1046.5
2016-07-15,MYR,KHR,sell,1052
2016-07-15,NZD,KHR,buy,2928
2016-07-15,NZD,KHR,middle,2942.5
2016-07-15,NZD,KHR,sell,2957
2016-07-15,PHP,KHR,buy,87.1
2016-07-15,PHP,KHR,middle,87.54
2016-07-15,PHP,KHR,sell,87.98
2016-07-15,SDR,KHR,buy,5690
2016-07-15,SDR,KHR,middle,5718.5
2016-07-15,SDR,KHR,sell,5747
2016-07-15,SEK,KHR,buy,481
2016-07-15,SEK,KHR,middle,483
2016-07-15,SEK,KHR,sell,485
2016-07-15,SGD,KHR,buy,3044
2016-07-15,SGD,KHR,middle,3059
2016-07-15,SGD,KHR,sell,3074
2016-07-15,THB,KHR,buy,117
2016-07-15,THB,KHR,middle,117.5
2016-07-15,THB,KHR,sell,118
2016-07-15,TWD,KHR,buy,128
2016-07-15,TWD,KHR,middle,128.5
2016-07-15,TWD,KHR,sell,129
2016-07-15,USD,KHR,reference,4090
2016-07-15,VND,KHR,buy,0.184
2016-07-15,VND,KHR,middle,0.1845
2016-07-15,VND,KHR,sell,0.185
2016-07-18,AUD,KHR,buy,3102
2016-07-18,AUD,KHR,middle,3117.5
2016-07-18,AUD,KHR,sell,3133
2016-07-18,CAD,KHR,buy,3155
2016-07-18,CAD,KHR,middle,3171
2016-07-18,CAD,KHR,sell,3187
2016-07-18,CHF,KHR,buy,4157
2016-07-18,CHF,KHR,middle,4178
2016-07-18,CHF,KHR,sell,4199
2016-07-18,CNH,KHR,buy,610
2016-07-18,CNH,KHR,middle,613
2016-07-18,CNH,KHR,sell,616
2016-07-18,CNY,KHR,buy,611
2016-07-18,CNY,KHR,middle,614
2016-07-18,CNY,KHR,sell,617
2016-07-18,EUR,KHR,buy,4522
2016-07-18,EUR,KHR,middle,4544.5
2016-07-18,EUR,KHR,sell,4567
2016-07-18,GBP,KHR,buy,5412
2016-07-18,GBP,KHR,middle,5439
2016-07-18,GBP,KHR,sell,5466
2016-07-18,HKD,KHR,buy,527
2016-07-18,HKD,KHR,middle,529.5
2016-07-18,HKD,KHR,sell,532
2016-07-18,IDR,KHR,buy,0.312
2016-07-18,IDR,KHR,middle,0.3135
2016-07-18,IDR,KHR,sell,0.315
2016-07-18,INR,KHR,buy,60.95
2016-07-18,INR,KHR,middle,61.255
2016-07-18,INR,KHR,sell,61.56
2016-07-18,JPY,KHR,buy,38.79
2016-07-18,JPY,KHR,middle,38.985
2016-07-18,JPY,KHR,sell,39.18
2016-07-18,KRW,KHR,buy,3.6
2016-07-18,KRW,KHR,middle,3.615
2016-07-18,KRW,KHR,sell,3.63
2016-07-18,LAK,KHR,buy,0.505
2016-07-18,LAK,KHR,middle,0.5075
2016-07-18,LAK,KHR,sell,0.51
2016-07-18,MMK,KHR,buy,3.5
2016-07-18,MMK,KHR,middle,3.515
2016-07-18,MMK,KHR,sell,3.53
2016-07-18,MYR,KHR,buy,1028
2016-07-18,MYR,KHR,middle,1033.5
2016-07-18,MYR,KHR,sell,1039
2016-07-18,NZD,KHR,buy,2892
2016-07-18,NZD,KHR,middle,2906.5
2016-07-18,NZD,KHR,sell,2921
2016-07-18,PHP,KHR,buy,87.57
2016-07-18,PHP,KHR,middle,88.01
2016-07-18,PHP,KHR,sell,88.45
2016-07-18,SDR,KHR,buy,5698
2016-07-18,SDR,KHR,middle,5726.5
2016-07-18,SDR,KHR,sell,5755
2016-07-18,SEK,KHR,buy,477
2016-07-18,SEK,KHR,middle,479.5
2016-07-18,SEK,KHR,sell,482
2016-07-18,SGD,KHR,buy,3035
2016-07-18,SGD,KHR,middle,3050.5
2016-07-18,SGD,KHR,sell,3066
2016-07-18,THB,KHR,buy,117
2016-07-18,THB,KHR,middle,117.5
2016-07-18,THB,KHR,sell,118
2016-07-18,TWD,KHR,buy,128
2016-07-18,TWD,KHR,middle,129
2016-07-18,TWD,KHR,sell,130
2016-07-18,USD,KHR,reference,4088
2016-07-18,VND,KHR,buy,0.183
2016-07-18,VND,KHR,middle,0.184
2016-07-18,VND,KHR,sell,0.185
2016-07-19,AUD,KHR,buy,3090
2016-07-19,AUD,KHR,middle,3105.5
2016-07-19,AUD,KHR,sell,3121
2016-07-19,CAD,KHR,buy,3153
2016-07-19,CAD,KHR,middle,3168.5
2016-07-19,CAD,KHR,sell,3184
2016-07-19,CHF,KHR,buy,4156
2016-07-19,CHF,KHR,middle,4177
2016-07-19,CHF,KHR,sell,4198
2016-07-19,CNH,KHR,buy,609
2016-07-19,CNH,KHR,middle,612
2016-07-19,CNH,KHR,sell,615
2016-07-19,CNY,KHR,buy,610
2016-07-19,CNY,KHR,middle,613
2016-07-19,CNY,KHR,sell,616
2016-07-19,EUR,KHR,buy,4522
2016-07-19,EUR,KHR,middle,4544.5
2016-07-19,EUR,KHR,sell,4567
2016-07-19,GBP,KHR,buy,5418
2016-07-19,GBP,KHR,middle,5445.5
2016-07-19,GBP,KHR,sell,5473
2016-07-19,HKD,KHR,buy,527
2016-07-19,HKD,KHR,middle,529.5
2016-07-19,HKD,KHR,sell,532
2016-07-19,IDR,KHR,buy,0.312
2016-07-19,IDR,KHR,middle,0.3135
2016-07-19,IDR,KHR,sell,0.315
2016-07-19,INR,KHR,buy,60.8
2016-07-19,INR,KHR,middle,61.105
2016-07-19,INR,KHR,sell,61.41
2016-07-19,JPY,KHR,buy,38.49
2016-07-19,JPY,KHR,middle,38.685
2016-07-19,JPY,KHR,sell,38.88
2016-07-19,KRW,KHR,buy,3.6
2016-07-19,KRW,KHR,middle,3.615
2016-07-19,KRW,KHR,sell,3.63
2016-07-19,LAK,KHR,buy,0.504
2016-07-19,LAK,KHR,middle,0.5065
2016-07-19,LAK,KHR,sell,0.509
2016-07-19,MMK,KHR,buy,3.51
2016-07-19,MMK,KHR,middle,3.525
2016-07-19,MMK,KHR,sell,3.54
2016-07-19,MYR,KHR,buy,1030
2016-07-19,MYR,KHR,middle,1035.5
2016-07-19,MYR,KHR,sell,1041
2016-07-19,NZD,KHR,buy,2873
2016-07-19,NZD,KHR,middle,2887.5
2016-07-19,NZD,KHR,sell,2902
2016-07-19,PHP,KHR,buy,87.52
2016-07-19,PHP,KHR,middle,87.96
2016-07-19,PHP,KHR,sell,88.4
2016-07-19,SDR,KHR,buy,5673
2016-07-19,SDR,KHR,middle,5701.5
2016-07-19,SDR,KHR,sell,5730
2016-07-19,SEK,KHR,buy,478
2016-07-19,SEK,KHR,middle,480
2016-07-19,SEK,KHR,sell,482
2016-07-19,SGD,KHR,buy,3028
2016-07-19,SGD,KHR,middle,3043
2016-07-19,SGD,KHR,sell,3058
2016-07-19,THB,KHR,buy,117
2016-07-19,THB,KHR,middle,117.5
2016-07-19,THB,KHR,sell,118
2016-07-19,TWD,KHR,buy,128
2016-07-19,TWD,KHR,middle,128.5
2016-07-19,TWD,KHR,sell,129
2016-07-19,USD,KHR,reference,4085
2016-07-19,VND,KHR,buy,0.183
2016-07-19,VND,KHR,middle,0.184
2016-07-19,VND,KHR,sell,0.185
2016-07-20,AUD,KHR,buy,3065
2016-07-20,AUD,KHR,middle,3080.5
2016-07-20,AUD,KHR,sell,3096
2016-07-20,CAD,KHR,buy,3136
2016-07-20,CAD,KHR,middle,3151.5
2016-07-20,CAD,KHR,sell,3167
2016-07-20,CHF,KHR,buy,4143
2016-07-20,CHF,KHR,middle,4163.5
2016-07-20,CHF,KHR,sell,4184
2016-07-20,CNH,KHR,buy,609
2016-07-20,CNH,KHR,middle,612
2016-07-20,CNH,KHR,sell,615
2016-07-20,CNY,KHR,buy,610
2016-07-20,CNY,KHR,middle,613
2016-07-20,CNY,KHR,sell,616
2016-07-20,EUR,KHR,buy,4499
2016-07-20,EUR,KHR,middle,4521.5
2016-07-20,EUR,KHR,sell,4544
2016-07-20,GBP,KHR,buy,5352
2016-07-20,GBP,KHR,middle,5378.5
2016-07-20,GBP,KHR,sell,5405
2016-07-20,HKD,KHR,buy,527
2016-07-20,HKD,KHR,middle,529.5
2016-07-20,HKD,KHR,sell,532
2016-07-20,IDR,KHR,buy,0.312
2016-07-20,IDR,KHR,middle,0.3135
2016-07-20,IDR,KHR,sell,0.315
2016-07-20,INR,KHR,buy,60.88
2016-07-20,INR,KHR,middle,61.185
2016-07-20,INR,KHR,sell,61.49
2016-07-20,JPY,KHR,buy,38.49
2016-07-20,JPY,KHR,middle,38.685
2016-07-20,JPY,KHR,sell,38.88
2016-07-20,KRW,KHR,buy,3.57
2016-07-20,KRW,KHR,middle,3.59
2016-07-20,KRW,KHR,sell,3.61
2016-07-20,LAK,KHR,buy,0.504
2016-07-20,LAK,KHR,middle,0.5065
2016-07-20,LAK,KHR,sell,0.509
2016-07-20,MMK,KHR,buy,3.49
2016-07-20,MMK,KHR,middle,3.505
2016-07-20,MMK,KHR,sell,3.52
2016-07-20,MYR,KHR,buy,1019
2016-07-20,MYR,KHR,middle,1024.5
2016-07-20,MYR,KHR,sell,1030
2016-07-20,NZD,KHR,buy,2875
2016-07-20,NZD,KHR,middle,2889.5
2016-07-20,NZD,KHR,sell,2904
2016-07-20,PHP,KHR,buy,87.18
2016-07-20,PHP,KHR,middle,87.615
2016-07-20,PHP,KHR,sell,88.05
2016-07-20,SDR,KHR,buy,5670
2016-07-20,SDR,KHR,middle,5698.5
2016-07-20,SDR,KHR,sell,5727
2016-07-20,SEK,KHR,buy,474
2016-07-20,SEK,KHR,middle,476.5
2016-07-20,SEK,KHR,sell,479
2016-07-20,SGD,KHR,buy,3015
2016-07-20,SGD,KHR,middle,3030
2016-07-20,SGD,KHR,sell,3045
2016-07-20,THB,KHR,buy,117
2016-07-20,THB,KHR,middle,117.5
2016-07-20,THB,KHR,sell,118
2016-07-20,TWD,KHR,buy,128
2016-07-20,TWD,KHR,middle,128.5
2016-07-20,TWD,KHR,sell,129
2016-07-20,USD,KHR,reference,4085
2016-07-20,VND,KHR,buy,0.183
2016-07-20,VND,KHR,middle,0.184
2016-07-20,VND,KHR,sell,0.185
2016-07-21,AUD,KHR,buy,3053
2016-07-21,AUD,KHR,middle,3068
2016-07-21,AUD,KHR,sell,3083
2016-07-21,CAD,KHR,buy,3128
2016-07-21,CAD,KHR,middle,3144
2016-07-21,CAD,KHR,sell,3160
2016-07-21,CHF,KHR,buy,4144
2016-07-21,CHF,KHR,middle,4165
2016-07-21,CHF,KHR,sell,4186
2016-07-21,CNH,KHR,buy,612
2016-07-21,CNH,KHR,middle,615
2016-07-21,CNH,KHR,sell,618
2016-07-21,CNY,KHR,buy,612
2016-07-21,CNY,KHR,middle,615
2016-07-21,CNY,KHR,sell,618
2016-07-21,EUR,KHR,buy,4503
2016-07-21,EUR,KHR,middle,4525.5
2016-07-21,EUR,KHR,sell,4548
2016-07-21,GBP,KHR,buy,5413
2016-07-21,GBP,KHR,middle,5440
2016-07-21,GBP,KHR,sell,5467
2016-07-21,HKD,KHR,buy,527
2016-07-21,HKD,KHR,middle,529.5
2016-07-21,HKD,KHR,sell,532
2016-07-21,IDR,KHR,buy,0.312
2016-07-21,IDR,KHR,middle,0.3135
2016-07-21,IDR,KHR,sell,0.315
2016-07-21,INR,KHR,buy,60.84
2016-07-21,INR,KHR,middle,61.145
2016-07-21,INR,KHR,sell,61.45
2016-07-21,JPY,KHR,buy,38.14
2016-07-21,JPY,KHR,middle,38.33
2016-07-21,JPY,KHR,sell,38.52
2016-07-21,KRW,KHR,buy,3.58
2016-07-21,KRW,KHR,middle,3.6
2016-07-21,KRW,KHR,sell,3.62
2016-07-21,LAK,KHR,buy,0.505
2016-07-21,LAK,KHR,middle,0.5075
2016-07-21,LAK,KHR,sell,0.51
2016-07-21,MMK,KHR,buy,3.49
2016-07-21,MMK,KHR,middle,3.51
2016-07-21,MMK,KHR,sell,3.53
2016-07-21,MYR,KHR,buy,1014
2016-07-21,MYR,KHR,middle,1019.5
2016-07-21,MYR,KHR,sell,1025
2016-07-21,NZD,KHR,buy,2847
2016-07-21,NZD,KHR,middle,2861.5
2016-07-21,NZD,KHR,sell,2876
2016-07-21,PHP,KHR,buy,87.58
2016-07-21,PHP,KHR,middle,88.02
2016-07-21,PHP,KHR,sell,88.46
2016-07-21,SDR,KHR,buy,5664
2016-07-21,SDR,KHR,middle,5692.5
2016-07-21,SDR,KHR,sell,5721
2016-07-21,SEK,KHR,buy,476
2016-07-21,SEK,KHR,middle,478
2016-07-21,SEK,KHR,sell,480
2016-07-21,SGD,KHR,buy,3011
2016-07-21,SGD,KHR,middle,3026
2016-07-21,SGD,KHR,sell,3041
2016-07-21,THB,KHR,buy,117
2016-07-21,THB,KHR,middle,117.5
2016-07-21,THB,KHR,sell,118
2016-07-21,TWD,KHR,buy,128
2016-07-21,TWD,KHR,middle,128.5
2016-07-21,TWD,KHR,sell,129
2016-07-21,USD,KHR,reference,4088
2016-07-21,VND,KHR,buy,0.184
2016-07-21,VND,KHR,middle,0.185
2016-07-21,VND,KHR,sell,0.186
2016-07-22,AUD,KHR,buy,3068
2016-07-22,AUD,KHR,middle,3083.5
2016-07-22,AUD,KHR,sell,3099
2016-07-22,CAD,KHR,buy,3127
2016-07-22,CAD,KHR,middle,3142.5
2016-07-22,CAD,KHR,sell,3158
2016-07-22,CHF,KHR,buy,4152
2016-07-22,CHF,KHR,middle,4172.5
2016-07-22,CHF,KHR,sell,4193
2016-07-22,CNH,KHR,buy,613
2016-07-22,CNH,KHR,middle,616
2016-07-22,CNH,KHR,sell,619
2016-07-22,CNY,KHR,buy,613
2016-07-22,CNY,KHR,middle,616
2016-07-22,CNY,KHR,sell,619
2016-07-22,EUR,KHR,buy,4510
2016-07-22,EUR,KHR,middle,4533
2016-07-22,EUR,KHR,sell,4556
2016-07-22,GBP,KHR,buy,5415
2016-07-22,GBP,KHR,middle,5442
2016-07-22,GBP,KHR,sell,5469
2016-07-22,HKD,KHR,buy,527
2016-07-22,HKD,KHR,middle,530
2016-07-22,HKD,KHR,sell,533
2016-07-22,IDR,KHR,buy,0.312
2016-07-22,IDR,KHR,middle,0.314
2016-07-22,IDR,KHR,sell,0.316
2016-07-22,INR,KHR,buy,60.89
2016-07-22,INR,KHR,middle,61.19
2016-07-22,INR,KHR,sell,61.49
2016-07-22,JPY,KHR,buy,38.62
2016-07-22,JPY,KHR,middle,38.815
2016-07-22,JPY,KHR,sell,39.01
2016-07-22,KRW,KHR,buy,3.6
2016-07-22,KRW,KHR,middle,3.62
2016-07-22,KRW,KHR,sell,3.64
2016-07-22,LAK,KHR,buy,0.505
2016-07-22,LAK,KHR,middle,0.5075
2016-07-22,LAK,KHR,sell,0.51
2016-07-22,MMK,KHR,buy,3.49
2016-07-22,MMK,KHR,middle,3.51
2016-07-22,MMK,KHR,sell,3.53
2016-07-22,MYR,KHR,buy,1010
2016-07-22,MYR,KHR,middle,1015
2016-07-22,MYR,KHR,sell,1020
2016-07-22,NZD,KHR,buy,2863
2016-07-22,NZD,KHR,middle,2877.5
2016-07-22,NZD,KHR,sell,2892
2016-07-22,PHP,KHR,buy,86.85
2016-07-22,PHP,KHR,middle,87.28
2016-07-22,PHP,KHR,sell,87.71
2016-07-22,SDR,KHR,buy,5669
2016-07-22,SDR,KHR,middle,5697.5
2016-07-22,SDR,KHR,sell,5726
2016-07-22,SEK,KHR,buy,476
2016-07-22,SEK,KHR,middle,478.5
2016-07-22,SEK,KHR,sell,481
2016-07-22,SGD,KHR,buy,3020
2016-07-22,SGD,KHR,middle,3035
2016-07-22,SGD,KHR,sell,3050
2016-07-22,THB,KHR,buy,117
2016-07-22,THB,KHR,middle,117.5
2016-07-22,THB,KHR,sell,118
2016-07-22,TWD,KHR,buy,128
2016-07-22,TWD,KHR,middle,128.5
2016-07-22,TWD,KHR,sell,129
2016-07-22,USD,KHR,reference,4090
2016-07-22,VND,KHR,buy,0.184
2016-07-22,VND,KHR,middle,0.1845
2016-07-22,VND,KHR,sell,0.185
2016-07-25,AUD,KHR,buy,3061
2016-07-25,AUD,KHR,middle,3076
2016-07-25,AUD,KHR,sell,3091
2016-07-25,CAD,KHR,buy,3117
2016-07-25,CAD,KHR,middle,3132.5
2016-07-25,CAD,KHR,sell,3148
2016-07-25,CHF,KHR,buy,4142
2016-07-25,CHF,KHR,middle,4162.5
2016-07-25,CHF,KHR,sell,4183
2016-07-25,CNH,KHR,buy,612
2016-07-25,CNH,KHR,middle,615
2016-07-25,CNH,KHR,sell,618
2016-07-25,CNY,KHR,buy,613
2016-07-25,CNY,KHR,middle,616
2016-07-25,CNY,KHR,sell,619
2016-07-25,EUR,KHR,buy,4489
2016-07-25,EUR,KHR,middle,4511.5
2016-07-25,EUR,KHR,sell,4534
2016-07-25,GBP,KHR,buy,5374
2016-07-25,GBP,KHR,middle,5401
2016-07-25,GBP,KHR,sell,5428
2016-07-25,HKD,KHR,buy,528
2016-07-25,HKD,KHR,middle,530.5
2016-07-25,HKD,KHR,sell,533
2016-07-25,IDR,KHR,buy,0.312
2016-07-25,IDR,KHR,middle,0.3135
2016-07-25,IDR,KHR,sell,0.315
2016-07-25,INR,KHR,buy,61
2016-07-25,INR,KHR,middle,61.305
2016-07-25,INR,KHR,sell,61.61
2016-07-25,JPY,KHR,buy,38.46
2016-07-25,JPY,KHR,middle,38.655
2016-07-25,JPY,KHR,sell,38.85
2016-07-25,KRW,KHR,buy,3.6
2016-07-25,KRW,KHR,middle,3.62
2016-07-25,KRW,KHR,sell,3.64
2016-07-25,LAK,KHR,buy,0.505
2016-07-25,LAK,KHR,middle,0.5075
2016-07-25,LAK,KHR,sell,0.51
2016-07-25,MMK,KHR,buy,3.5
2016-07-25,MMK,KHR,middle,3.52
2016-07-25,MMK,KHR,sell,3.54
2016-07-25,MYR,KHR,buy,1007
2016-07-25,MYR,KHR,middle,1012
2016-07-25,MYR,KHR,sell,1017
2016-07-25,NZD,KHR,buy,2867
2016-07-25,NZD,KHR,middle,2881.5
2016-07-25,NZD,KHR,sell,2896
2016-07-25,PHP,KHR,buy,86.93
2016-07-25,PHP,KHR,middle,87.365
2016-07-25,PHP,KHR,sell,87.8
2016-07-25,SDR,KHR,buy,5669
2016-07-25,SDR,KHR,middle,5697.5
2016-07-25,SDR,KHR,sell,5726
2016-07-25,SEK,KHR,buy,473
2016-07-25,SEK,KHR,middle,475.5
2016-07-25,SEK,KHR,sell,478
2016-07-25,SGD,KHR,buy,3011
2016-07-25,SGD,KHR,middle,3026.5
2016-07-25,SGD,KHR,sell,3042
2016-07-25,THB,KHR,buy,117
2016-07-25,THB,KHR,middle,117.5
2016-07-25,THB,KHR,sell,118
2016-07-25,TWD,KHR,buy,128
2016-07-25,TWD,KHR,middle,128.5
2016-07-25,TWD,KHR,sell,129
2016-07-25,USD,KHR,reference,4092
2016-07-25,VND,KHR,buy,0.184
2016-07-25,VND,KHR,middle,0.1845
2016-07-25,VND,KHR,sell,0.185
2016-07-26,AUD,KHR,buy,3058
2016-07-26,AUD,KHR,middle,3073
2016-07-26,AUD,KHR,sell,3088
2016-07-26,CAD,KHR,buy,3094
2016-07-26,CAD,KHR,middle,3109.5
2016-07-26,CAD,KHR,sell,3125
2016-07-26,CHF,KHR,buy,4149
2016-07-26,CHF,KHR,middle,4170
2016-07-26,CHF,KHR,sell,4191
2016-07-26,CNH,KHR,buy,612
2016-07-26,CNH,KHR,middle,615
2016-07-26,CNH,KHR,sell,618
2016-07-26,CNY,KHR,buy,613
2016-07-26,CNY,KHR,middle,616
2016-07-26,CNY,KHR,sell,619
2016-07-26,EUR,KHR,buy,4496
2016-07-26,EUR,KHR,middle,4518.5
2016-07-26,EUR,KHR,sell,4541
2016-07-26,GBP,KHR,buy,5359
2016-07-26,GBP,KHR,middle,5385.5
2016-07-26,GBP,KHR,sell,5412
2016-07-26,HKD,KHR,buy,528
2016-07-26,HKD,KHR,middle,530.5
2016-07-26,HKD,KHR,sell,533
2016-07-26,IDR,KHR,buy,0.312
2016-07-26,IDR,KHR,middle,0.3135
2016-07-26,IDR,KHR,sell,0.315
2016-07-26,INR,KHR,buy,60.76
2016-07-26,INR,KHR,middle,61.06
2016-07-26,INR,KHR,sell,61.36
2016-07-26,JPY,KHR,buy,38.76
2016-07-26,JPY,KHR,middle,38.955
2016-07-26,JPY,KHR,sell,39.15
2016-07-26,KRW,KHR,buy,3.59
2016-07-26,KRW,KHR,middle,3.605
2016-07-26,KRW,KHR,sell,3.62
2016-07-26,LAK,KHR,buy,0.505
2016-07-26,LAK,KHR,middle,0.5075
2016-07-26,LAK,KHR,sell,0.51
2016-07-26,MMK,KHR,buy,3.51
2016-07-26,MMK,KHR,middle,3.53
2016-07-26,MMK,KHR,sell,3.55
2016-07-26,MYR,KHR,buy,1003
2016-07-26,MYR,KHR,middle,1008
2016-07-26,MYR,KHR,sell,1013
2016-07-26,NZD,KHR,buy,2860
2016-07-26,NZD,KHR,middle,2874
2016-07-26,NZD,KHR,sell,2888
2016-07-26,PHP,KHR,buy,86.88
2016-07-26,PHP,KHR,middle,87.315
2016-07-26,PHP,KHR,sell,87.75
2016-07-26,SDR,KHR,buy,5665
2016-07-26,SDR,KHR,middle,5693.5
2016-07-26,SDR,KHR,sell,5722
2016-07-26,SEK,KHR,buy,473
2016-07-26,SEK,KHR,middle,475.5
2016-07-26,SEK,KHR,sell,478
2016-07-26,SGD,KHR,buy,3001
2016-07-26,SGD,KHR,middle,3016
2016-07-26,SGD,KHR,sell,3031
2016-07-26,THB,KHR,buy,117
2016-07-26,THB,KHR,middle,117.5
2016-07-26,THB,KHR,sell,118
2016-07-26,TWD,KHR,buy,127
2016-07-26,TWD,KHR,middle,128
2016-07-26,TWD,KHR,sell,129
2016-07-26,USD,KHR,reference,4092
2016-07-26,VND,KHR,buy,0.184
2016-07-26,VND,KHR,middle,0.185
2016-07-26,VND,KHR,sell,0.186
2016-07-27,AUD,KHR,buy,3078
2016-07-27,AUD,KHR,middle,3093.5
2016-07-27,AUD,KHR,sell,3109
2016-07-27,CAD,KHR,buy,3108
2016-07-27,CAD,KHR,middle,3123.5
2016-07-27,CAD,KHR,sell,3139
2016-07-27,CHF,KHR,buy,4127
2016-07-27,CHF,KHR,middle,4148
2016-07-27,CHF,KHR,sell,4169
2016-07-27,CNH,KHR,buy,613
2016-07-27,CNH,KHR,middle,616
2016-07-27,CNH,KHR,sell,619
2016-07-27,CNY,KHR,buy,614
2016-07-27,CNY,KHR,middle,617
2016-07-27,CNY,KHR,sell,620
2016-07-27,EUR,KHR,buy,4499
2016-07-27,EUR,KHR,middle,4521.5
2016-07-27,EUR,KHR,sell,4544
2016-07-27,GBP,KHR,buy,5388
2016-07-27,GBP,KHR,middle,5415
2016-07-27,GBP,KHR,sell,5442
2016-07-27,HKD,KHR,buy,528
2016-07-27,HKD,KHR,middle,530.5
2016-07-27,HKD,KHR,sell,533
2016-07-27,IDR,KHR,buy,0.311
2016-07-27,IDR,KHR,middle,0.3125
2016-07-27,IDR,KHR,sell,0.314
2016-07-27,INR,KHR,buy,60.86
2016-07-27,INR,KHR,middle,61.165
2016-07-27,INR,KHR,sell,61.47
2016-07-27,JPY,KHR,buy,39.01
2016-07-27,JPY,KHR,middle,39.205
2016-07-27,JPY,KHR,sell,39.4
2016-07-27,KRW,KHR,buy,3.6
2016-07-27,KRW,KHR,middle,3.62
2016-07-27,KRW,KHR,sell,3.64
2016-07-27,LAK,KHR,buy,0.505
2016-07-27,LAK,KHR,middle,0.5075
2016-07-27,LAK,KHR,sell,0.51
2016-07-27,MMK,KHR,buy,3.48
2016-07-27,MMK,KHR,middle,3.5
2016-07-27,MMK,KHR,sell,3.52
2016-07-27,MYR,KHR,buy,1008
2016-07-27,MYR,KHR,middle,1013
2016-07-27,MYR,KHR,sell,1018
2016-07-27,NZD,KHR,buy,2893
2016-07-27,NZD,KHR,middle,2907.5
2016-07-27,NZD,KHR,sell,2922
2016-07-27,PHP,KHR,buy,86.87
2016-07-27,PHP,KHR,middle,87.3
2016-07-27,PHP,KHR,sell,87.73
2016-07-27,SDR,KHR,buy,5678
2016-07-27,SDR,KHR,middle,5706.5
2016-07-27,SDR,KHR,sell,5735
2016-07-27,SEK,KHR,buy,473
2016-07-27,SEK,KHR,middle,475.5
2016-07-27,SEK,KHR,sell,478
2016-07-27,SGD,KHR,buy,3017
2016-07-27,SGD,KHR,middle,3032
2016-07-27,SGD,KHR,sell,3047
2016-07-27,THB,KHR,buy,117
2016-07-27,THB,KHR,middle,117.5
2016-07-27,THB,KHR,sell,118
2016-07-27,TWD,KHR,buy,128
2016-07-27,TWD,KHR,middle,128.5
2016-07-27,TWD,KHR,sell,129
2016-07-27,USD,KHR,reference,4094
2016-07-27,VND,KHR,buy,0.184
2016-07-27,VND,KHR,middle,0.185
2016-07-27,VND,KHR,sell,0.186
2016-07-28,AUD,KHR,buy,3081
2016-07-28,AUD,KHR,middle,3096.5
2016-07-28,AUD,KHR,sell,3112
2016-07-28,CAD,KHR,buy,3118
2016-07-28,CAD,KHR,middle,3133.5
2016-07-28,CAD,KHR,sell,3149
2016-07-28,CHF,KHR,buy,4159
2016-07-28,CHF,KHR,middle,4179.5
2016-07-28,CHF,KHR,sell,4200
2016-07-28,CNH,KHR,buy,614
2016-07-28,CNH,KHR,middle,617.5
2016-07-28,CNH,KHR,sell,621
2016-07-28,CNY,KHR,buy,614
2016-07-28,CNY,KHR,middle,617
2016-07-28,CNY,KHR,sell,620
2016-07-28,EUR,KHR,buy,4533
2016-07-28,EUR,KHR,middle,4555.5
2016-07-28,EUR,KHR,sell,4578
2016-07-28,GBP,KHR,buy,5419
2016-07-28,GBP,KHR,middle,5446
2016-07-28,GBP,KHR,sell,5473
2016-07-28,HKD,KHR,buy,528
2016-07-28,HKD,KHR,middle,530.5
2016-07-28,HKD,KHR,sell,533
2016-07-28,IDR,KHR,buy,0.312
2016-07-28,IDR,KHR,middle,0.3135
2016-07-28,IDR,KHR,sell,0.315
2016-07-28,INR,KHR,buy,60.99
2016-07-28,INR,KHR,middle,61.295
2016-07-28,INR,KHR,sell,61.6
2016-07-28,JPY,KHR,buy,39.06
2016-07-28,JPY,KHR,middle,39.255
2016-07-28,JPY,KHR,sell,39.45
2016-07-28,KRW,KHR,buy,3.64
2016-07-28,KRW,KHR,middle,3.66
2016-07-28,KRW,KHR,sell,3.68
2016-07-28,LAK,KHR,buy,0.506
2016-07-28,LAK,KHR,middle,0.5085
2016-07-28,LAK,KHR,sell,0.511
2016-07-28,MMK,KHR,buy,3.52
2016-07-28,MMK,KHR,middle,3.54
2016-07-28,MMK,KHR,sell,3.56
2016-07-28,MYR,KHR,buy,1010
2016-07-28,MYR,KHR,middle,1015
2016-07-28,MYR,KHR,sell,1020
2016-07-28,NZD,KHR,buy,2909
2016-07-28,NZD,KHR,middle,2924
2016-07-28,NZD,KHR,sell,2939
2016-07-28,PHP,KHR,buy,86.87
2016-07-28,PHP,KHR,middle,87.305
2016-07-28,PHP,KHR,sell,87.74
2016-07-28,SDR,KHR,buy,5672
2016-07-28,SDR,KHR,middle,5700.5
2016-07-28,SDR,KHR,sell,5729
2016-07-28,SEK,KHR,buy,475
2016-07-28,SEK,KHR,middle,477.5
2016-07-28,SEK,KHR,sell,480
2016-07-28,SGD,KHR,buy,3037
2016-07-28,SGD,KHR,middle,3052.5
2016-07-28,SGD,KHR,sell,3068
2016-07-28,THB,KHR,buy,117
2016-07-28,THB,KHR,middle,118
2016-07-28,THB,KHR,sell,119
2016-07-28,TWD,KHR,buy,128
2016-07-28,TWD,KHR,middle,128.5
2016-07-28,TWD,KHR,sell,129
2016-07-28,USD,KHR,reference,4095
2016-07-28,VND,KHR,buy,0.184
2016-07-28,VND,KHR,middle,0.1845
2016-07-28,VND,KHR,sell,0.185
2016-07-29,AUD,KHR,buy,3077
2016-07-29,AUD,KHR,middle,3092.5
2016-07-29,AUD,KHR,sell,3108
2016-07-29,CAD,KHR,buy,3115
2016-07-29,CAD,KHR,middle,3130.5
2016-07-29,CAD,KHR,sell,3146
2016-07-29,CHF,KHR,buy,4182
2016-07-29,CHF,KHR,middle,4203
2016-07-29,CHF,KHR,sell,4224
2016-07-29,CNH,KHR,buy,615
2016-07-29,CNH,KHR,middle,618
2016-07-29,CNH,KHR,sell,621
2016-07-29,CNY,KHR,buy,616
2016-07-29,CNY,KHR,middle,619
2016-07-29,CNY,KHR,sell,622
2016-07-29,EUR,KHR,buy,4541
2016-07-29,EUR,KHR,middle,4563.5
2016-07-29,EUR,KHR,sell,4586
2016-07-29,GBP,KHR,buy,5393
2016-07-29,GBP,KHR,middle,5420
2016-07-29,GBP,KHR,sell,5447
2016-07-29,HKD,KHR,buy,528
2016-07-29,HKD,KHR,middle,531
2016-07-29,HKD,KHR,sell,534
2016-07-29,IDR,KHR,buy,0.313
2016-07-29,IDR,KHR,middle,0.3145
2016-07-29,IDR,KHR,sell,0.316
2016-07-29,INR,KHR,buy,61.12
2016-07-29,INR,KHR,middle,61.425
2016-07-29,INR,KHR,sell,61.73
2016-07-29,JPY,KHR,buy,39.1
2016-07-29,JPY,KHR,middle,39.295
2016-07-29,JPY,KHR,sell,39.49
2016-07-29,KRW,KHR,buy,3.65
2016-07-29,KRW,KHR,middle,3.665
2016-07-29,KRW,KHR,sell,3.68
2016-07-29,LAK,KHR,buy,0.506
2016-07-29,LAK,KHR,middle,0.5085
2016-07-29,LAK,KHR,sell,0.511
2016-07-29,MMK,KHR,buy,3.5
2016-07-29,MMK,KHR,middle,3.515
2016-07-29,MMK,KHR,sell,3.53
2016-07-29,MYR,KHR,buy,1012
2016-07-29,MYR,KHR,middle,1017
2016-07-29,MYR,KHR,sell,1022
2016-07-29,NZD,KHR,buy,2904
2016-07-29,NZD,KHR,middle,2918.5
2016-07-29,NZD,KHR,sell,2933
2016-07-29,PHP,KHR,buy,87.06
2016-07-29,PHP,KHR,middle,87.495
2016-07-29,PHP,KHR,sell,87.93
2016-07-29,SDR,KHR,buy,5696
2016-07-29,SDR,KHR,middle,5724.5
2016-07-29,SDR,KHR,sell,5753
2016-07-29,SEK,KHR,buy,475
2016-07-29,SEK,KHR,middle,477
2016-07-29,SEK,KHR,sell,479
2016-07-29,SGD,KHR,buy,3030
2016-07-29,SGD,KHR,middle,3045.5
2016-07-29,SGD,KHR,sell,3061
2016-07-29,THB,KHR,buy,118
2016-07-29,THB,KHR,middle,118.5
2016-07-29,THB,KHR,sell,119
2016-07-29,TWD,KHR,buy,128
2016-07-29,TWD,KHR,middle,129
2016-07-29,TWD,KHR,sell,130
2016-07-29,USD,KHR,reference,4097
2016-07-29,VND,KHR,buy,0.184
2016-07-29,VND,KHR,middle,0.185
2016-07-29,VND,KHR,sell,0.186
2016-08-01,AUD,KHR,buy,3110
2016-08-01,AUD,KHR,middle,3125.5
2016-08-01,AUD,KHR,sell,3141
2016-08-01,CAD,KHR,buy,3139
2016-08-01,CAD,KHR,middle,3154.5
2016-08-01,CAD,KHR,sell,3170
2016-08-01,CHF,KHR,buy,4227
2016-08-01,CHF,KHR,middle,4248.5
2016-08-01,CHF,KHR,sell,4270
2016-08-01,CNH,KHR,buy,618
2016-08-01,CNH,KHR,middle,621
2016-08-01,CNH,KHR,sell,624
2016-08-01,CNY,KHR,buy,619
2016-08-01,CNY,KHR,middle,622
2016-08-01,CNY,KHR,sell,625
2016-08-01,EUR,KHR,buy,4578
2016-08-01,EUR,KHR,middle,4601
2016-08-01,EUR,KHR,sell,4624
2016-08-01,GBP,KHR,buy,5417
2016-08-01,GBP,KHR,middle,5444
2016-08-01,GBP,KHR,sell,5471
2016-08-01,HKD,KHR,buy,528
2016-08-01,HKD,KHR,middle,531
2016-08-01,HKD,KHR,sell,534
2016-08-01,IDR,KHR,buy,0.313
2016-08-01,IDR,KHR,middle,0.3145
2016-08-01,IDR,KHR,sell,0.316
2016-08-01,INR,KHR,buy,61.17
2016-08-01,INR,KHR,middle,61.48
2016-08-01,INR,KHR,sell,61.79
2016-08-01,JPY,KHR,buy,40.04
2016-08-01,JPY,KHR,middle,40.24
2016-08-01,JPY,KHR,sell,40.44
2016-08-01,KRW,KHR,buy,3.68
2016-08-01,KRW,KHR,middle,3.7
2016-08-01,KRW,KHR,sell,3.72
2016-08-01,LAK,KHR,buy,0.506
2016-08-01,LAK,KHR,middle,0.5085
2016-08-01,LAK,KHR,sell,0.511
2016-08-01,MMK,KHR,buy,3.48
2016-08-01,MMK,KHR,middle,3.495
2016-08-01,MMK,KHR,sell,3.51
2016-08-01,MYR,KHR,buy,1017
2016-08-01,MYR,KHR,middle,1022
2016-08-01,MYR,KHR,sell,1027
2016-08-01,NZD,KHR,buy,2948
2016-08-01,NZD,KHR,middle,2963
2016-08-01,NZD,KHR,sell,2978
2016-08-01,PHP,KHR,buy,87.08
2016-08-01,PHP,KHR,middle,87.515
2016-08-01,PHP,KHR,sell,87.95
2016-08-01,SDR,KHR,buy,5710
2016-08-01,SDR,KHR,middle,5738.5
2016-08-01,SDR,KHR,sell,5767
2016-08-01,SEK,KHR,buy,479
2016-08-01,SEK,KHR,middle,481
2016-08-01,SEK,KHR,sell,483
2016-08-01,SGD,KHR,buy,3056
2016-08-01,SGD,KHR,middle,3071
2016-08-01,SGD,KHR,sell,3086
2016-08-01,THB,KHR,buy,118
2016-08-01,THB,KHR,middle,118.5
2016-08-01,THB,KHR,sell,119
2016-08-01,TWD,KHR,buy,128
2016-08-01,TWD,KHR,middle,129
2016-08-01,TWD,KHR,sell,130
2016-08-01,USD,KHR,reference,4098
2016-08-01,VND,KHR,buy,0.184
2016-08-01,VND,KHR,middle,0.185
2016-08-01,VND,KHR,sell,0.186
2016-08-02,AUD,KHR,buy,3087
2016-08-02,AUD,KHR,middle,3102.5
2016-08-02,AUD,KHR,sell,3118
2016-08-02,CAD,KHR,buy,3124
2016-08-02,CAD,KHR,middle,3139.5
2016-08-02,CAD,KHR,sell,3155
2016-08-02,CHF,KHR,buy,4236
2016-08-02,CHF,KHR,middle,4257.5
2016-08-02,CHF,KHR,sell,4279
2016-08-02,CNH,KHR,buy,617
2016-08-02,CNH,KHR,middle,620
2016-08-02,CNH,KHR,sell,623
2016-08-02,CNY,KHR,buy,617
2016-08-02,CNY,KHR,middle,620
2016-08-02,CNY,KHR,sell,623
2016-08-02,EUR,KHR,buy,4579
2016-08-02,EUR,KHR,middle,4601.5
2016-08-02,EUR,KHR,sell,4624
2016-08-02,GBP,KHR,buy,5407
2016-08-02,GBP,KHR,middle,5434
2016-08-02,GBP,KHR,sell,5461
2016-08-02,HKD,KHR,buy,528
2016-08-02,HKD,KHR,middle,530.5
2016-08-02,HKD,KHR,sell,533
2016-08-02,IDR,KHR,buy,0.314
2016-08-02,IDR,KHR,middle,0.3155
2016-08-02,IDR,KHR,sell,0.317
2016-08-02,INR,KHR,buy,61.42
2016-08-02,INR,KHR,middle,61.725
2016-08-02,INR,KHR,sell,62.03
2016-08-02,JPY,KHR,buy,40.06
2016-08-02,JPY,KHR,middle,40.265
2016-08-02,JPY,KHR,sell,40.47
2016-08-02,KRW,KHR,buy,3.7
2016-08-02,KRW,KHR,middle,3.715
2016-08-02,KRW,KHR,sell,3.73
2016-08-02,LAK,KHR,buy,0.507
2016-08-02,LAK,KHR,middle,0.5095
2016-08-02,LAK,KHR,sell,0.512
2016-08-02,MMK,KHR,buy,3.52
2016-08-02,MMK,KHR,middle,3.535
2016-08-02,MMK,KHR,sell,3.55
2016-08-02,MYR,KHR,buy,1015
2016-08-02,MYR,KHR,middle,1020.5
2016-08-02,MYR,KHR,sell,1026
2016-08-02,NZD,KHR,buy,2941
2016-08-02,NZD,KHR,middle,2956
2016-08-02,NZD,KHR,sell,2971
2016-08-02,PHP,KHR,buy,87.42
2016-08-02,PHP,KHR,middle,87.855
2016-08-02,PHP,KHR,sell,88.29
2016-08-02,SDR,KHR,buy,5726
2016-08-02,SDR,KHR,middle,5754.5
2016-08-02,SDR,KHR,sell,5783
2016-08-02,SEK,KHR,buy,477
2016-08-02,SEK,KHR,middle,479.5
2016-08-02,SEK,KHR,sell,482
2016-08-02,SGD,KHR,buy,3054
2016-08-02,SGD,KHR,middle,3069
2016-08-02,SGD,KHR,sell,3084
2016-08-02,THB,KHR,buy,118
2016-08-02,THB,KHR,middle,118.5
2016-08-02,THB,KHR,sell,119
2016-08-02,TWD,KHR,buy,130
2016-08-02,TWD,KHR,middle,130.5
2016-08-02,TWD,KHR,sell,131
2016-08-02,USD,KHR,reference,4099
2016-08-02,VND,KHR,buy,0.184
2016-08-02,VND,KHR,middle,0.185
2016-08-02,VND,KHR,sell,0.186
2016-08-03,AUD,KHR,buy,3117
2016-08-03,AUD,KHR,middle,3132.5
2016-08-03,AUD,KHR,sell,3148
2016-08-03,CAD,KHR,buy,3129
2016-08-03,CAD,KHR,middle,3144.5
2016-08-03,CAD,KHR,sell,3160
2016-08-03,CHF,KHR,buy,4249
2016-08-03,CHF,KHR,middle,4270
2016-08-03,CHF,KHR,sell,4291
2016-08-03,CNH,KHR,buy,618
2016-08-03,CNH,KHR,middle,621
2016-08-03,CNH,KHR,sell,624
2016-08-03,CNY,KHR,buy,619
2016-08-03,CNY,KHR,middle,622
2016-08-03,CNY,KHR,sell,625
2016-08-03,EUR,KHR,buy,4599
2016-08-03,EUR,KHR,middle,4622
2016-08-03,EUR,KHR,sell,4645
2016-08-03,GBP,KHR,buy,5468
2016-08-03,GBP,KHR,middle,5495.5
2016-08-03,GBP,KHR,sell,5523
2016-08-03,HKD,KHR,buy,528
2016-08-03,HKD,KHR,middle,531
2016-08-03,HKD,KHR,sell,534
2016-08-03,IDR,KHR,buy,0.313
2016-08-03,IDR,KHR,middle,0.3145
2016-08-03,IDR,KHR,sell,0.316
2016-08-03,INR,KHR,buy,61.43
2016-08-03,INR,KHR,middle,61.74
2016-08-03,INR,KHR,sell,62.05
2016-08-03,JPY,KHR,buy,40.54
2016-08-03,JPY,KHR,middle,40.74
2016-08-03,JPY,KHR,sell,40.94
2016-08-03,KRW,KHR,buy,3.69
2016-08-03,KRW,KHR,middle,3.705
2016-08-03,KRW,KHR,sell,3.72
2016-08-03,LAK,KHR,buy,0.507
2016-08-03,LAK,KHR,middle,0.5095
2016-08-03,LAK,KHR,sell,0.512
2016-08-03,MMK,KHR,buy,3.48
2016-08-03,MMK,KHR,middle,3.5
2016-08-03,MMK,KHR,sell,3.52
2016-08-03,MYR,KHR,buy,1014
2016-08-03,MYR,KHR,middle,1019
2016-08-03,MYR,KHR,sell,1024
2016-08-03,NZD,KHR,buy,2957
2016-08-03,NZD,KHR,middle,2971.5
2016-08-03,NZD,KHR,sell,2986
2016-08-03,PHP,KHR,buy,87.31
2016-08-03,PHP,KHR,middle,87.75
2016-08-03,PHP,KHR,sell,88.19
2016-08-03,SDR,KHR,buy,5737
2016-08-03,SDR,KHR,middle,5765.5
2016-08-03,SDR,KHR,sell,5794
2016-08-03,SEK,KHR,buy,482
2016-08-03,SEK,KHR,middle,484.5
2016-08-03,SEK,KHR,sell,487
2016-08-03,SGD,KHR,buy,3058
2016-08-03,SGD,KHR,middle,3073
2016-08-03,SGD,KHR,sell,3088
2016-08-03,THB,KHR,buy,118
2016-08-03,THB,KHR,middle,118.5
2016-08-03,THB,KHR,sell,119
2016-08-03,TWD,KHR,buy,129
2016-08-03,TWD,KHR,middle,130
2016-08-03,TWD,KHR,sell,131
2016-08-03,USD,KHR,reference,4100
2016-08-03,VND,KHR,buy,0.184
2016-08-03,VND,KHR,middle,0.185
2016-08-03,VND,KHR,sell,0.186
2016-08-04,AUD,KHR,buy,3116
2016-08-04,AUD,KHR,middle,3131.5
2016-08-04,AUD,KHR,sell,3147
2016-08-04,CAD,KHR,buy,3140
2016-08-04,CAD,KHR,middle,3156
2016-08-04,CAD,KHR,sell,3172
2016-08-04,CHF,KHR,buy,4215
2016-08-04,CHF,KHR,middle,4236
2016-08-04,CHF,KHR,sell,4257
2016-08-04,CNH,KHR,buy,617
2016-08-04,CNH,KHR,middle,620
2016-08-04,CNH,KHR,sell,623
2016-08-04,CNY,KHR,buy,618
2016-08-04,CNY,KHR,middle,621
2016-08-04,CNY,KHR,sell,624
2016-08-04,EUR,KHR,buy,4572
2016-08-04,EUR,KHR,middle,4595
2016-08-04,EUR,KHR,sell,4618
2016-08-04,GBP,KHR,buy,5468
2016-08-04,GBP,KHR,middle,5495.5
2016-08-04,GBP,KHR,sell,5523
2016-08-04,HKD,KHR,buy,528
2016-08-04,HKD,KHR,middle,531
2016-08-04,HKD,KHR,sell,534
2016-08-04,IDR,KHR,buy,0.313
2016-08-04,IDR,KHR,middle,0.3145
2016-08-04,IDR,KHR,sell,0.316
2016-08-04,INR,KHR,buy,61.21
2016-08-04,INR,KHR,middle,61.515
2016-08-04,INR,KHR,sell,61.82
2016-08-04,JPY,KHR,buy,40.46
2016-08-04,JPY,KHR,middle,40.66
2016-08-04,JPY,KHR,sell,40.86
2016-08-04,KRW,KHR,buy,3.68
2016-08-04,KRW,KHR,middle,3.7
2016-08-04,KRW,KHR,sell,3.72
2016-08-04,LAK,KHR,buy,0.507
2016-08-04,LAK,KHR,middle,0.5095
2016-08-04,LAK,KHR,sell,0.512
2016-08-04,MMK,KHR,buy,3.51
2016-08-04,MMK,KHR,middle,3.525
2016-08-04,MMK,KHR,sell,3.54
2016-08-04,MYR,KHR,buy,1014
2016-08-04,MYR,KHR,middle,1019.5
2016-08-04,MYR,KHR,sell,1025
2016-08-04,NZD,KHR,buy,2934
2016-08-04,NZD,KHR,middle,2948.5
2016-08-04,NZD,KHR,sell,2963
2016-08-04,PHP,KHR,buy,87.22
2016-08-04,PHP,KHR,middle,87.655
2016-08-04,PHP,KHR,sell,88.09
2016-08-04,SDR,KHR,buy,5746
2016-08-04,SDR,KHR,middle,5774.5
2016-08-04,SDR,KHR,sell,5803
2016-08-04,SEK,KHR,buy,480
2016-08-04,SEK,KHR,middle,482.5
2016-08-04,SEK,KHR,sell,485
2016-08-04,SGD,KHR,buy,3057
2016-08-04,SGD,KHR,middle,3072
2016-08-04,SGD,KHR,sell,3087
2016-08-04,THB,KHR,buy,117
2016-08-04,THB,KHR,middle,117.5
2016-08-04,THB,KHR,sell,118
2016-08-04,TWD,KHR,buy,129
2016-08-04,TWD,KHR,middle,130
2016-08-04,TWD,KHR,sell,131
2016-08-04,USD,KHR,reference,4100
2016-08-04,VND,KHR,buy,0.184
2016-08-04,VND,KHR,middle,0.185
2016-08-04,VND,KHR,sell,0.186
2016-08-05,AUD,KHR,buy,3132
2016-08-05,AUD,KHR,middle,3147.5
2016-08-05,AUD,KHR,sell,3163
2016-08-05,CAD,KHR,buy,3149
2016-08-05,CAD,KHR,middle,3164.5
2016-08-05,CAD,KHR,sell,3180
2016-08-05,CHF,KHR,buy,4210
2016-08-05,CHF,KHR,middle,4231
2016-08-05,CHF,KHR,sell,4252
2016-08-05,CNH,KHR,buy,617
2016-08-05,CNH,KHR,middle,620
2016-08-05,CNH,KHR,sell,623
2016-08-05,CNY,KHR,buy,618
2016-08-05,CNY,KHR,middle,621
2016-08-05,CNY,KHR,sell,624
2016-08-05,EUR,KHR,buy,4565
2016-08-05,EUR,KHR,middle,4588
2016-08-05,EUR,KHR,sell,4611
2016-08-05,GBP,KHR,buy,5382
2016-08-05,GBP,KHR,middle,5408.5
2016-08-05,GBP,KHR,sell,5435
2016-08-05,HKD,KHR,buy,529
2016-08-05,HKD,KHR,middle,531.5
2016-08-05,HKD,KHR,sell,534
2016-08-05,IDR,KHR,buy,0.312
2016-08-05,IDR,KHR,middle,0.3135
2016-08-05,IDR,KHR,sell,0.315
2016-08-05,INR,KHR,buy,61.27
2016-08-05,INR,KHR,middle,61.58
2016-08-05,INR,KHR,sell,61.89
2016-08-05,JPY,KHR,buy,40.49
2016-08-05,JPY,KHR,middle,40.69
2016-08-05,JPY,KHR,sell,40.89
2016-08-05,KRW,KHR,buy,3.69
2016-08-05,KRW,KHR,middle,3.71
2016-08-05,KRW,KHR,sell,3.73
2016-08-05,LAK,KHR,buy,0.507
2016-08-05,LAK,KHR,middle,0.5095
2016-08-05,LAK,KHR,sell,0.512
2016-08-05,MMK,KHR,buy,3.51
2016-08-05,MMK,KHR,middle,3.53
2016-08-05,MMK,KHR,sell,3.55
2016-08-05,MYR,KHR,buy,1016
2016-08-05,MYR,KHR,middle,1021
2016-08-05,MYR,KHR,sell,1026
2016-08-05,NZD,KHR,buy,2943
2016-08-05,NZD,KHR,middle,2957.5
2016-08-05,NZD,KHR,sell,2972
2016-08-05,PHP,KHR,buy,87.3
2016-08-05,PHP,KHR,middle,87.74
2016-08-05,PHP,KHR,sell,88.18
2016-08-05,SDR,KHR,buy,5731
2016-08-05,SDR,KHR,middle,5759.5
2016-08-05,SDR,KHR,sell,5788
2016-08-05,SEK,KHR,buy,482
2016-08-05,SEK,KHR,middle,484
2016-08-05,SEK,KHR,sell,486
2016-08-05,SGD,KHR,buy,3055
2016-08-05,SGD,KHR,middle,3070.5
2016-08-05,SGD,KHR,sell,3086
2016-08-05,THB,KHR,buy,118
2016-08-05,THB,KHR,middle,118.5
2016-08-05,THB,KHR,sell,119
2016-08-05,TWD,KHR,buy,129
2016-08-05,TWD,KHR,middle,130
2016-08-05,TWD,KHR,sell,131
2016-08-05,USD,KHR,reference,4100
2016-08-05,VND,KHR,buy,0.184
2016-08-05,VND,KHR,middle,0.185
2016-08-05,VND,KHR,sell,0.186
2016-08-08,AUD,KHR,buy,3123
2016-08-08,AUD,KHR,middle,3138.5
2016-08-08,AUD,KHR,sell,3154
2016-08-08,CAD,KHR,buy,3110
2016-08-08,CAD,KHR,middle,3125.5
2016-08-08,CAD,KHR,sell,3141
2016-08-08,CHF,KHR,buy,4182
2016-08-08,CHF,KHR,middle,4203
2016-08-08,CHF,KHR,sell,4224
2016-08-08,CNH,KHR,buy,615
2016-08-08,CNH,KHR,middle,618
2016-08-08,CNH,KHR,sell,621
2016-08-08,CNY,KHR,buy,616
2016-08-08,CNY,KHR,middle,619
2016-08-08,CNY,KHR,sell,622
2016-08-08,EUR,KHR,buy,4544
2016-08-08,EUR,KHR,middle,4567
2016-08-08,EUR,KHR,sell,4590
2016-08-08,GBP,KHR,buy,5361
2016-08-08,GBP,KHR,middle,5388
2016-08-08,GBP,KHR,sell,5415
2016-08-08,HKD,KHR,buy,529
2016-08-08,HKD,KHR,middle,531.5
2016-08-08,HKD,KHR,sell,534
2016-08-08,IDR,KHR,buy,0.312
2016-08-08,IDR,KHR,middle,0.314
2016-08-08,IDR,KHR,sell,0.316
2016-08-08,INR,KHR,buy,61.4
2016-08-08,INR,KHR,middle,61.71
2016-08-08,INR,KHR,sell,62.02
2016-08-08,JPY,KHR,buy,40.18
2016-08-08,JPY,KHR,middle,40.38
2016-08-08,JPY,KHR,sell,40.58
2016-08-08,KRW,KHR,buy,3.68
2016-08-08,KRW,KHR,middle,3.695
2016-08-08,KRW,KHR,sell,3.71
2016-08-08,LAK,KHR,buy,0.506
2016-08-08,LAK,KHR,middle,0.509
2016-08-08,LAK,KHR,sell,0.512
2016-08-08,MMK,KHR,buy,3.48
2016-08-08,MMK,KHR,middle,3.5
2016-08-08,MMK,KHR,sell,3.52
2016-08-08,MYR,KHR,buy,1015
2016-08-08,MYR,KHR,middle,1020.5
2016-08-08,MYR,KHR,sell,1026
2016-08-08,NZD,KHR,buy,2919
2016-08-08,NZD,KHR,middle,2933.5
2016-08-08,NZD,KHR,sell,2948
2016-08-08,PHP,KHR,buy,87.51
2016-08-08,PHP,KHR,middle,87.95
2016-08-08,PHP,KHR,sell,88.39
2016-08-08,SDR,KHR,buy,5729
2016-08-08,SDR,KHR,middle,5757.5
2016-08-08,SDR,KHR,sell,5786
2016-08-08,SEK,KHR,buy,478
2016-08-08,SEK,KHR,middle,480.5
2016-08-08,SEK,KHR,sell,483
2016-08-08,SGD,KHR,buy,3041
2016-08-08,SGD,KHR,middle,3056
2016-08-08,SGD,KHR,sell,3071
2016-08-08,THB,KHR,buy,117
2016-08-08,THB,KHR,middle,117.5
2016-08-08,THB,KHR,sell,118
2016-08-08,TWD,KHR,buy,130
2016-08-08,TWD,KHR,middle,130.5
2016-08-08,TWD,KHR,sell,131
2016-08-08,USD,KHR,reference,4100
2016-08-08,VND,KHR,buy,0.184
2016-08-08,VND,KHR,middle,0.185
2016-08-08,VND,KHR,sell,0.186
2016-08-10,AUD,KHR,buy,3142
2016-08-10,AUD,KHR,middle,3157.5
2016-08-10,AUD,KHR,sell,3173
2016-08-10,CAD,KHR,buy,3125
2016-08-10,CAD,KHR,middle,3140.5
2016-08-10,CAD,KHR,sell,3156
2016-08-10,CHF,KHR,buy,4178
2016-08-10,CHF,KHR,middle,4199
2016-08-10,CHF,KHR,sell,4220
2016-08-10,CNH,KHR,buy,615
2016-08-10,CNH,KHR,middle,618
2016-08-10,CNH,KHR,sell,621
2016-08-10,CNY,KHR,buy,616
2016-08-10,CNY,KHR,middle,619
2016-08-10,CNY,KHR,sell,622
2016-08-10,EUR,KHR,buy,4559
2016-08-10,EUR,KHR,middle,4581.5
2016-08-10,EUR,KHR,sell,4604
2016-08-10,GBP,KHR,buy,5336
2016-08-10,GBP,KHR,middle,5363
2016-08-10,GBP,KHR,sell,5390
2016-08-10,HKD,KHR,buy,528
2016-08-10,HKD,KHR,middle,531
2016-08-10,HKD,KHR,sell,534
2016-08-10,IDR,KHR,buy,0.312
2016-08-10,IDR,KHR,middle,0.3135
2016-08-10,IDR,KHR,sell,0.315
2016-08-10,INR,KHR,buy,61.33
2016-08-10,INR,KHR,middle,61.635
2016-08-10,INR,KHR,sell,61.94
2016-08-10,JPY,KHR,buy,40.24
2016-08-10,JPY,KHR,middle,40.44
2016-08-10,JPY,KHR,sell,40.64
2016-08-10,KRW,KHR,buy,3.72
2016-08-10,KRW,KHR,middle,3.74
2016-08-10,KRW,KHR,sell,3.76
2016-08-10,LAK,KHR,buy,0.506
2016-08-10,LAK,KHR,middle,0.5085
2016-08-10,LAK,KHR,sell,0.511
2016-08-10,MMK,KHR,buy,3.48
2016-08-10,MMK,KHR,middle,3.495
2016-08-10,MMK,KHR,sell,3.51
2016-08-10,MYR,KHR,buy,1021
2016-08-10,MYR,KHR,middle,1026
2016-08-10,MYR,KHR,sell,1031
2016-08-10,NZD,KHR,buy,2938
2016-08-10,NZD,KHR,middle,2952.5
2016-08-10,NZD,KHR,sell,2967
2016-08-10,PHP,KHR,buy,87.51
2016-08-10,PHP,KHR,middle,87.95
2016-08-10,PHP,KHR,sell,88.39
2016-08-10,SDR,KHR,buy,5703
2016-08-10,SDR,KHR,middle,5731.5
2016-08-10,SDR,KHR,sell,5760
2016-08-10,SEK,KHR,buy,481
2016-08-10,SEK,KHR,middle,483
2016-08-10,SEK,KHR,sell,485
2016-08-10,SGD,KHR,buy,3050
2016-08-10,SGD,KHR,middle,3065
2016-08-10,SGD,KHR,sell,3080
2016-08-10,THB,KHR,buy,118
2016-08-10,THB,KHR,middle,118.5
2016-08-10,THB,KHR,sell,119
2016-08-10,TWD,KHR,buy,130
2016-08-10,TWD,KHR,middle,131
2016-08-10,TWD,KHR,sell,132
2016-08-10,USD,KHR,reference,4099
2016-08-10,VND,KHR,buy,0.184
2016-08-10,VND,KHR,middle,0.185
2016-08-10,VND,KHR,sell,0.186
2016-08-11,AUD,KHR,buy,3165
2016-08-11,AUD,KHR,middle,3181
2016-08-11,AUD,KHR,sell,3197
2016-08-11,CAD,KHR,buy,3142
2016-08-11,CAD,KHR,middle,3158
2016-08-11,CAD,KHR,sell,3174
2016-08-11,CHF,KHR,buy,4210
2016-08-11,CHF,KHR,middle,4231
2016-08-11,CHF,KHR,sell,4252
2016-08-11,CNH,KHR,buy,617
2016-08-11,CNH,KHR,middle,620.5
2016-08-11,CNH,KHR,sell,624
2016-08-11,CNY,KHR,buy,618
2016-08-11,CNY,KHR,middle,621
2016-08-11,CNY,KHR,sell,624
2016-08-11,EUR,KHR,buy,4586
2016-08-11,EUR,KHR,middle,4609
2016-08-11,EUR,KHR,sell,4632
2016-08-11,GBP,KHR,buy,5338
2016-08-11,GBP,KHR,middle,5365
2016-08-11,GBP,KHR,sell,5392
2016-08-11,HKD,KHR,buy,528
2016-08-11,HKD,KHR,middle,531
2016-08-11,HKD,KHR,sell,534
2016-08-11,IDR,KHR,buy,0.313
2016-08-11,IDR,KHR,middle,0.3145
2016-08-11,IDR,KHR,sell,0.316
2016-08-11,INR,KHR,buy,61.45
2016-08-11,INR,KHR,middle,61.755
2016-08-11,INR,KHR,sell,62.06
2016-08-11,JPY,KHR,buy,40.55
2016-08-11,JPY,KHR,middle,40.755
2016-08-11,JPY,KHR,sell,40.96
2016-08-11,KRW,KHR,buy,3.74
2016-08-11,KRW,KHR,middle,3.76
2016-08-11,KRW,KHR,sell,3.78
2016-08-11,LAK,KHR,buy,0.506
2016-08-11,LAK,KHR,middle,0.5085
2016-08-11,LAK,KHR,sell,0.511
2016-08-11,MMK,KHR,buy,3.48
2016-08-11,MMK,KHR,middle,3.495
2016-08-11,MMK,KHR,sell,3.51
2016-08-11,MYR,KHR,buy,1026
2016-08-11,MYR,KHR,middle,1031
2016-08-11,MYR,KHR,sell,1036
2016-08-11,NZD,KHR,buy,2993
2016-08-11,NZD,KHR,middle,3008
2016-08-11,NZD,KHR,sell,3023
2016-08-11,PHP,KHR,buy,87.68
2016-08-11,PHP,KHR,middle,88.12
2016-08-11,PHP,KHR,sell,88.56
2016-08-11,SDR,KHR,buy,5727
2016-08-11,SDR,KHR,middle,5755.5
2016-08-11,SDR,KHR,sell,5784
2016-08-11,SEK,KHR,buy,485
2016-08-11,SEK,KHR,middle,487.5
2016-08-11,SEK,KHR,sell,490
2016-08-11,SGD,KHR,buy,3059
2016-08-11,SGD,KHR,middle,3074.5
2016-08-11,SGD,KHR,sell,3090
2016-08-11,THB,KHR,buy,118
2016-08-11,THB,KHR,middle,118.5
2016-08-11,THB,KHR,sell,119
2016-08-11,TWD,KHR,buy,131
2016-08-11,TWD,KHR,middle,132
2016-08-11,TWD,KHR,sell,133
2016-08-11,USD,KHR,reference,4099
2016-08-11,VND,KHR,buy,0.184
2016-08-11,VND,KHR,middle,0.185
2016-08-11,VND,KHR,sell,0.186
2016-08-12,AUD,KHR,buy,3153
2016-08-12,AUD,KHR,middle,3169
2016-08-12,AUD,KHR,sell,3185
2016-08-12,CAD,KHR,buy,3156
2016-08-12,CAD,KHR,middle,3172
2016-08-12,CAD,KHR,sell,3188
2016-08-12,CHF,KHR,buy,4203
2016-08-12,CHF,KHR,middle,4224
2016-08-12,CHF,KHR,sell,4245
2016-08-12,CNH,KHR,buy,616
2016-08-12,CNH,KHR,middle,619.5
2016-08-12,CNH,KHR,sell,623
2016-08-12,CNY,KHR,buy,618
2016-08-12,CNY,KHR,middle,621
2016-08-12,CNY,KHR,sell,624
2016-08-12,EUR,KHR,buy,4565
2016-08-12,EUR,KHR,middle,4588
2016-08-12,EUR,KHR,sell,4611
2016-08-12,GBP,KHR,buy,5309
2016-08-12,GBP,KHR,middle,5335.5
2016-08-12,GBP,KHR,sell,5362
2016-08-12,HKD,KHR,buy,528
2016-08-12,HKD,KHR,middle,531
2016-08-12,HKD,KHR,sell,534
2016-08-12,IDR,KHR,buy,0.313
2016-08-12,IDR,KHR,middle,0.3145
2016-08-12,IDR,KHR,sell,0.316
2016-08-12,INR,KHR,buy,61.31
2016-08-12,INR,KHR,middle,61.62
2016-08-12,INR,KHR,sell,61.93
2016-08-12,JPY,KHR,buy,40.2
2016-08-12,JPY,KHR,middle,40.4
2016-08-12,JPY,KHR,sell,40.6
2016-08-12,KRW,KHR,buy,3.73
2016-08-12,KRW,KHR,middle,3.75
2016-08-12,KRW,KHR,sell,3.77
2016-08-12,LAK,KHR,buy,0.506
2016-08-12,LAK,KHR,middle,0.5085
2016-08-12,LAK,KHR,sell,0.511
2016-08-12,MMK,KHR,buy,3.48
2016-08-12,MMK,KHR,middle,3.495
2016-08-12,MMK,KHR,sell,3.51
2016-08-12,MYR,KHR,buy,1027
2016-08-12,MYR,KHR,middle,1032
2016-08-12,MYR,KHR,sell,1037
2016-08-12,NZD,KHR,buy,2955
2016-08-12,NZD,KHR,middle,2970
2016-08-12,NZD,KHR,sell,2985
2016-08-12,PHP,KHR,buy,87.64
2016-08-12,PHP,KHR,middle,88.08
2016-08-12,PHP,KHR,sell,88.52
2016-08-12,SDR,KHR,buy,5717
2016-08-12,SDR,KHR,middle,5745.5
2016-08-12,SDR,KHR,sell,5774
2016-08-12,SEK,KHR,buy,484
2016-08-12,SEK,KHR,middle,486.5
2016-08-12,SEK,KHR,sell,489
2016-08-12,SGD,KHR,buy,3050
2016-08-12,SGD,KHR,middle,3065.5
2016-08-12,SGD,KHR,sell,3081
2016-08-12,THB,KHR,buy,118
2016-08-12,THB,KHR,middle,118.5
2016-08-12,THB,KHR,sell,119
2016-08-12,TWD,KHR,buy,131
2016-08-12,TWD,KHR,middle,131.5
2016-08-12,TWD,KHR,sell,132
2016-08-12,USD,KHR,reference,4098
2016-08-12,VND,KHR,buy,0.184
2016-08-12,VND,KHR,middle,0.185
2016-08-12,VND,KHR,sell,0.186
2016-08-15,AUD,KHR,buy,3135
2016-08-15,AUD,KHR,middle,3150.5
2016-08-15,AUD,KHR,sell,3166
2016-08-15,CAD,KHR,buy,3162
2016-08-15,CAD,KHR,middle,3177.5
2016-08-15,CAD,KHR,sell,3193
2016-08-15,CHF,KHR,buy,4201
2016-08-15,CHF,KHR,middle,4222
2016-08-15,CHF,KHR,sell,4243
2016-08-15,CNH,KHR,buy,616
2016-08-15,CNH,KHR,middle,619
2016-08-15,CNH,KHR,sell,622
2016-08-15,CNY,KHR,buy,618
2016-08-15,CNY,KHR,middle,621
2016-08-15,CNY,KHR,sell,624
2016-08-15,EUR,KHR,buy,4572
2016-08-15,EUR,KHR,middle,4595
2016-08-15,EUR,KHR,sell,4618
2016-08-15,GBP,KHR,buy,5289
2016-08-15,GBP,KHR,middle,5315.5
2016-08-15,GBP,KHR,sell,5342
2016-08-15,HKD,KHR,buy,528
2016-08-15,HKD,KHR,middle,530.5
2016-08-15,HKD,KHR,sell,533
2016-08-15,IDR,KHR,buy,0.312
2016-08-15,IDR,KHR,middle,0.3135
2016-08-15,IDR,KHR,sell,0.315
2016-08-15,INR,KHR,buy,61.24
2016-08-15,INR,KHR,middle,61.545
2016-08-15,INR,KHR,sell,61.85
2016-08-15,JPY,KHR,buy,40.41
2016-08-15,JPY,KHR,middle,40.615
2016-08-15,JPY,KHR,sell,40.82
2016-08-15,KRW,KHR,buy,3.71
2016-08-15,KRW,KHR,middle,3.73
2016-08-15,KRW,KHR,sell,3.75
2016-08-15,LAK,KHR,buy,0.506
2016-08-15,LAK,KHR,middle,0.5085
2016-08-15,LAK,KHR,sell,0.511
2016-08-15,MMK,KHR,buy,3.46
2016-08-15,MMK,KHR,middle,3.475
2016-08-15,MMK,KHR,sell,3.49
2016-08-15,MYR,KHR,buy,1018
2016-08-15,MYR,KHR,middle,1023
2016-08-15,MYR,KHR,sell,1028
2016-08-15,NZD,KHR,buy,2944
2016-08-15,NZD,KHR,middle,2959
2016-08-15,NZD,KHR,sell,2974
2016-08-15,PHP,KHR,buy,87.99
2016-08-15,PHP,KHR,middle,88.43
2016-08-15,PHP,KHR,sell,88.87
2016-08-15,SDR,KHR,buy,5711
2016-08-15,SDR,KHR,middle,5739.5
2016-08-15,SDR,KHR,sell,5768
2016-08-15,SEK,KHR,buy,485
2016-08-15,SEK,KHR,middle,487
2016-08-15,SEK,KHR,sell,489
2016-08-15,SGD,KHR,buy,3044
2016-08-15,SGD,KHR,middle,3059
2016-08-15,SGD,KHR,sell,3074
2016-08-15,THB,KHR,buy,118
2016-08-15,THB,KHR,middle,118.5
2016-08-15,THB,KHR,sell,119
2016-08-15,TWD,KHR,buy,130
2016-08-15,TWD,KHR,middle,131
2016-08-15,TWD,KHR,sell,132
2016-08-15,USD,KHR,reference,4096
2016-08-15,VND,KHR,buy,0.184
2016-08-15,VND,KHR,middle,0.185
2016-08-15,VND,KHR,sell,0.186
2016-08-17,AUD,KHR,buy,3153
2016-08-17,AUD,KHR,middle,3169
2016-08-17,AUD,KHR,sell,3185
2016-08-17,CAD,KHR,buy,3183
2016-08-17,CAD,KHR,middle,3199
2016-08-17,CAD,KHR,sell,3215
2016-08-17,CHF,KHR,buy,4259
2016-08-17,CHF,KHR,middle,4280
2016-08-17,CHF,KHR,sell,4301
2016-08-17,CNH,KHR,buy,618
2016-08-17,CNH,KHR,middle,621
2016-08-17,CNH,KHR,sell,624
2016-08-17,CNY,KHR,buy,618
2016-08-17,CNY,KHR,middle,621.5
2016-08-17,CNY,KHR,sell,625
2016-08-17,EUR,KHR,buy,4619
2016-08-17,EUR,KHR,middle,4642
2016-08-17,EUR,KHR,sell,4665
2016-08-17,GBP,KHR,buy,5339
2016-08-17,GBP,KHR,middle,5365.5
2016-08-17,GBP,KHR,sell,5392
2016-08-17,HKD,KHR,buy,528
2016-08-17,HKD,KHR,middle,530.5
2016-08-17,HKD,KHR,sell,533
2016-08-17,IDR,KHR,buy,0.313
2016-08-17,IDR,KHR,middle,0.3145
2016-08-17,IDR,KHR,sell,0.316
2016-08-17,INR,KHR,buy,61.35
2016-08-17,INR,KHR,middle,61.66
2016-08-17,INR,KHR,sell,61.97
2016-08-17,JPY,KHR,buy,40.77
2016-08-17,JPY,KHR,middle,40.975
2016-08-17,JPY,KHR,sell,41.18
2016-08-17,KRW,KHR,buy,3.74
2016-08-17,KRW,KHR,middle,3.76
2016-08-17,KRW,KHR,sell,3.78
2016-08-17,LAK,KHR,buy,0.506
2016-08-17,LAK,KHR,middle,0.5085
2016-08-17,LAK,KHR,sell,0.511
2016-08-17,MMK,KHR,buy,3.48
2016-08-17,MMK,KHR,middle,3.495
2016-08-17,MMK,KHR,sell,3.51
2016-08-17,MYR,KHR,buy,1027
2016-08-17,MYR,KHR,middle,1032.5
2016-08-17,MYR,KHR,sell,1038
2016-08-17,NZD,KHR,buy,2982
2016-08-17,NZD,KHR,middle,2997
2016-08-17,NZD,KHR,sell,3012
2016-08-17,PHP,KHR,buy,88.66
2016-08-17,PHP,KHR,middle,89.1
2016-08-17,PHP,KHR,sell,89.54
2016-08-17,SDR,KHR,buy,5743
2016-08-17,SDR,KHR,middle,5771.5
2016-08-17,SDR,KHR,sell,5800
2016-08-17,SEK,KHR,buy,487
2016-08-17,SEK,KHR,middle,489.5
2016-08-17,SEK,KHR,sell,492
2016-08-17,SGD,KHR,buy,3056
2016-08-17,SGD,KHR,middle,3071.5
2016-08-17,SGD,KHR,sell,3087
2016-08-17,THB,KHR,buy,118
2016-08-17,THB,KHR,middle,118.5
2016-08-17,THB,KHR,sell,119
2016-08-17,TWD,KHR,buy,131
2016-08-17,TWD,KHR,middle,131.5
2016-08-17,TWD,KHR,sell,132
2016-08-17,USD,KHR,reference,4096
2016-08-17,VND,KHR,buy,0.184
2016-08-17,VND,KHR,middle,0.185
2016-08-17,VND,KHR,sell,0.186
2016-08-18,AUD,KHR,buy,3140
2016-08-18,AUD,KHR,middle,3155.5
2016-08-18,AUD,KHR,sell,3171
2016-08-18,CAD,KHR,buy,3190
2016-08-18,CAD,KHR,middle,3206
2016-08-18,CAD,KHR,sell,3222
2016-08-18,CHF,KHR,buy,4260
2016-08-18,CHF,KHR,middle,4281.5
2016-08-18,CHF,KHR,sell,4303
2016-08-18,CNH,KHR,buy,618
2016-08-18,CNH,KHR,middle,621
2016-08-18,CNH,KHR,sell,624
2016-08-18,CNY,KHR,buy,617
2016-08-18,CNY,KHR,middle,620.5
2016-08-18,CNY,KHR,sell,624
2016-08-18,EUR,KHR,buy,4627
2016-08-18,EUR,KHR,middle,4650.5
2016-08-18,EUR,KHR,sell,4674
2016-08-18,GBP,KHR,buy,5343
2016-08-18,GBP,KHR,middle,5369.5
2016-08-18,GBP,KHR,sell,5396
2016-08-18,HKD,KHR,buy,528
2016-08-18,HKD,KHR,middle,530.5
2016-08-18,HKD,KHR,sell,533
2016-08-18,IDR,KHR,buy,0.312
2016-08-18,IDR,KHR,middle,0.3135
2016-08-18,IDR,KHR,sell,0.315
2016-08-18,INR,KHR,buy,61.34
2016-08-18,INR,KHR,middle,61.645
2016-08-18,INR,KHR,sell,61.95
2016-08-18,JPY,KHR,buy,41.06
2016-08-18,JPY,KHR,middle,41.265
2016-08-18,JPY,KHR,sell,41.47
2016-08-18,KRW,KHR,buy,3.71
2016-08-18,KRW,KHR,middle,3.73
2016-08-18,KRW,KHR,sell,3.75
2016-08-18,LAK,KHR,buy,0.506
2016-08-18,LAK,KHR,middle,0.5085
2016-08-18,LAK,KHR,sell,0.511
2016-08-18,MMK,KHR,buy,3.48
2016-08-18,MMK,KHR,middle,3.495
2016-08-18,MMK,KHR,sell,3.51
2016-08-18,MYR,KHR,buy,1025
2016-08-18,MYR,KHR,middle,1030
2016-08-18,MYR,KHR,sell,1035
2016-08-18,NZD,KHR,buy,2975
2016-08-18,NZD,KHR,middle,2990
2016-08-18,NZD,KHR,sell,3005
2016-08-18,PHP,KHR,buy,88.3
2016-08-18,PHP,KHR,middle,88.74
2016-08-18,PHP,KHR,sell,89.18
2016-08-18,SDR,KHR,buy,5738
2016-08-18,SDR,KHR,middle,5766.5
2016-08-18,SDR,KHR,sell,5795
2016-08-18,SEK,KHR,buy,487
2016-08-18,SEK,KHR,middle,489.5
2016-08-18,SEK,KHR,sell,492
2016-08-18,SGD,KHR,buy,3057
2016-08-18,SGD,KHR,middle,3072
2016-08-18,SGD,KHR,sell,3087
2016-08-18,THB,KHR,buy,118
2016-08-18,THB,KHR,middle,119
2016-08-18,THB,KHR,sell,120
2016-08-18,TWD,KHR,buy,131
2016-08-18,TWD,KHR,middle,131.5
2016-08-18,TWD,KHR,sell,132
2016-08-18,USD,KHR,reference,4095
2016-08-18,VND,KHR,buy,0.184
2016-08-18,VND,KHR,middle,0.185
2016-08-18,VND,KHR,sell,0.186
2016-08-19,AUD,KHR,buy,3141
2016-08-19,AUD,KHR,middle,3156.5
2016-08-19,AUD,KHR,sell,3172
2016-08-19,CAD,KHR,buy,3202
2016-08-19,CAD,KHR,middle,3218
2016-08-19,CAD,KHR,sell,3234
2016-08-19,CHF,KHR,buy,4289
2016-08-19,CHF,KHR,middle,4310.5
2016-08-19,CHF,KHR,sell,4332
2016-08-19,CNH,KHR,buy,617
2016-08-19,CNH,KHR,middle,620
2016-08-19,CNH,KHR,sell,623
2016-08-19,CNY,KHR,buy,618
2016-08-19,CNY,KHR,middle,621
2016-08-19,CNY,KHR,sell,624
2016-08-19,EUR,KHR,buy,4645
2016-08-19,EUR,KHR,middle,4668
2016-08-19,EUR,KHR,sell,4691
2016-08-19,GBP,KHR,buy,5387
2016-08-19,GBP,KHR,middle,5413.5
2016-08-19,GBP,KHR,sell,5440
2016-08-19,HKD,KHR,buy,528
2016-08-19,HKD,KHR,middle,530.5
2016-08-19,HKD,KHR,sell,533
2016-08-19,IDR,KHR,buy,0.312
2016-08-19,IDR,KHR,middle,0.3135
2016-08-19,IDR,KHR,sell,0.315
2016-08-19,INR,KHR,buy,61.3
2016-08-19,INR,KHR,middle,61.605
2016-08-19,INR,KHR,sell,61.91
2016-08-19,JPY,KHR,buy,40.86
2016-08-19,JPY,KHR,middle,41.06
2016-08-19,JPY,KHR,sell,41.26
2016-08-19,KRW,KHR,buy,3.69
2016-08-19,KRW,KHR,middle,3.71
2016-08-19,KRW,KHR,sell,3.73
2016-08-19,LAK,KHR,buy,0.506
2016-08-19,LAK,KHR,middle,0.5085
2016-08-19,LAK,KHR,sell,0.511
2016-08-19,MMK,KHR,buy,3.47
2016-08-19,MMK,KHR,middle,3.49
2016-08-19,MMK,KHR,sell,3.51
2016-08-19,MYR,KHR,buy,1026
2016-08-19,MYR,KHR,middle,1031.5
2016-08-19,MYR,KHR,sell,1037
2016-08-19,NZD,KHR,buy,2978
2016-08-19,NZD,KHR,middle,2993
2016-08-19,NZD,KHR,sell,3008
2016-08-19,PHP,KHR,buy,88.58
2016-08-19,PHP,KHR,middle,89.02
2016-08-19,PHP,KHR,sell,89.46
2016-08-19,SDR,KHR,buy,5756
2016-08-19,SDR,KHR,middle,5784.5
2016-08-19,SDR,KHR,sell,5813
2016-08-19,SEK,KHR,buy,490
2016-08-19,SEK,KHR,middle,492.5
2016-08-19,SEK,KHR,sell,495
2016-08-19,SGD,KHR,buy,3056
2016-08-19,SGD,KHR,middle,3071.5
2016-08-19,SGD,KHR,sell,3087
2016-08-19,THB,KHR,buy,118
2016-08-19,THB,KHR,middle,119
2016-08-19,THB,KHR,sell,120
2016-08-19,TWD,KHR,buy,130
2016-08-19,TWD,KHR,middle,131
2016-08-19,TWD,KHR,sell,132
2016-08-19,USD,KHR,reference,4095
2016-08-19,VND,KHR,buy,0.184
2016-08-19,VND,KHR,middle,0.185
2016-08-19,VND,KHR,sell,0.186
2016-08-22,AUD,KHR,buy,3113
2016-08-22,AUD,KHR,middle,3128.5
2016-08-22,AUD,KHR,sell,3144
2016-08-22,CAD,KHR,buy,3175
2016-08-22,CAD,KHR,middle,3190.5
2016-08-22,CAD,KHR,sell,3206
2016-08-22,CHF,KHR,buy,4257
2016-08-22,CHF,KHR,middle,4278.5
2016-08-22,CHF,KHR,sell,4300
2016-08-22,CNH,KHR,buy,614
2016-08-22,CNH,KHR,middle,617.5
2016-08-22,CNH,KHR,sell,621
2016-08-22,CNY,KHR,buy,616
2016-08-22,CNY,KHR,middle,619
2016-08-22,CNY,KHR,sell,622
2016-08-22,EUR,KHR,buy,4626
2016-08-22,EUR,KHR,middle,4649
2016-08-22,EUR,KHR,sell,4672
2016-08-22,GBP,KHR,buy,5347
2016-08-22,GBP,KHR,middle,5373.5
2016-08-22,GBP,KHR,sell,5400
2016-08-22,HKD,KHR,buy,528
2016-08-22,HKD,KHR,middle,530.5
2016-08-22,HKD,KHR,sell,533
2016-08-22,IDR,KHR,buy,0.311
2016-08-22,IDR,KHR,middle,0.3125
2016-08-22,IDR,KHR,sell,0.314
2016-08-22,INR,KHR,buy,61.07
2016-08-22,INR,KHR,middle,61.375
2016-08-22,INR,KHR,sell,61.68
2016-08-22,JPY,KHR,buy,40.69
2016-08-22,JPY,KHR,middle,40.89
2016-08-22,JPY,KHR,sell,41.09
2016-08-22,KRW,KHR,buy,3.65
2016-08-22,KRW,KHR,middle,3.67
2016-08-22,KRW,KHR,sell,3.69
2016-08-22,LAK,KHR,buy,0.507
2016-08-22,LAK,KHR,middle,0.5095
2016-08-22,LAK,KHR,sell,0.512
2016-08-22,MMK,KHR,buy,3.44
2016-08-22,MMK,KHR,middle,3.46
2016-08-22,MMK,KHR,sell,3.48
2016-08-22,MYR,KHR,buy,1018
2016-08-22,MYR,KHR,middle,1023
2016-08-22,MYR,KHR,sell,1028
2016-08-22,NZD,KHR,buy,2965
2016-08-22,NZD,KHR,middle,2980
2016-08-22,NZD,KHR,sell,2995
2016-08-22,PHP,KHR,buy,88.25
2016-08-22,PHP,KHR,middle,88.695
2016-08-22,PHP,KHR,sell,89.14
2016-08-22,SDR,KHR,buy,5755
2016-08-22,SDR,KHR,middle,5784
2016-08-22,SDR,KHR,sell,5813
2016-08-22,SEK,KHR,buy,487
2016-08-22,SEK,KHR,middle,489.5
2016-08-22,SEK,KHR,sell,492
2016-08-22,SGD,KHR,buy,3035
2016-08-22,SGD,KHR,middle,3050
2016-08-22,SGD,KHR,sell,3065
2016-08-22,THB,KHR,buy,118
2016-08-22,THB,KHR,middle,118.5
2016-08-22,THB,KHR,sell,119
2016-08-22,TWD,KHR,buy,130
2016-08-22,TWD,KHR,middle,130.5
2016-08-22,TWD,KHR,sell,131
2016-08-22,USD,KHR,reference,4095
2016-08-22,VND,KHR,buy,0.184
2016-08-22,VND,KHR,middle,0.185
2016-08-22,VND,KHR,sell,0.186
2016-08-24,AUD,KHR,buy,3119
2016-08-24,AUD,KHR,middle,3134.5
2016-08-24,AUD,KHR,sell,3150
2016-08-24,CAD,KHR,buy,3171
2016-08-24,CAD,KHR,middle,3186.5
2016-08-24,CAD,KHR,sell,3202
2016-08-24,CHF,KHR,buy,4250
2016-08-24,CHF,KHR,middle,4271.5
2016-08-24,CHF,KHR,sell,4293
2016-08-24,CNH,KHR,buy,615
2016-08-24,CNH,KHR,middle,618
2016-08-24,CNH,KHR,sell,621
2016-08-24,CNY,KHR,buy,617
2016-08-24,CNY,KHR,middle,620
2016-08-24,CNY,KHR,sell,623
2016-08-24,EUR,KHR,buy,4629
2016-08-24,EUR,KHR,middle,4652
2016-08-24,EUR,KHR,sell,4675
2016-08-24,GBP,KHR,buy,5402
2016-08-24,GBP,KHR,middle,5429
2016-08-24,GBP,KHR,sell,5456
2016-08-24,HKD,KHR,buy,528
2016-08-24,HKD,KHR,middle,531
2016-08-24,HKD,KHR,sell,534
2016-08-24,IDR,KHR,buy,0.31
2016-08-24,IDR,KHR,middle,0.3115
2016-08-24,IDR,KHR,sell,0.313
2016-08-24,INR,KHR,buy,61.09
2016-08-24,INR,KHR,middle,61.4
2016-08-24,INR,KHR,sell,61.71
2016-08-24,JPY,KHR,buy,40.8
2016-08-24,JPY,KHR,middle,41.005
2016-08-24,JPY,KHR,sell,41.21
2016-08-24,KRW,KHR,buy,3.64
2016-08-24,KRW,KHR,middle,3.66
2016-08-24,KRW,KHR,sell,3.68
2016-08-24,LAK,KHR,buy,0.507
2016-08-24,LAK,KHR,middle,0.5095
2016-08-24,LAK,KHR,sell,0.512
2016-08-24,MMK,KHR,buy,3.46
2016-08-24,MMK,KHR,middle,3.475
2016-08-24,MMK,KHR,sell,3.49
2016-08-24,MYR,KHR,buy,1016
2016-08-24,MYR,KHR,middle,1021
2016-08-24,MYR,KHR,sell,1026
2016-08-24,NZD,KHR,buy,2981
2016-08-24,NZD,KHR,middle,2995.5
2016-08-24,NZD,KHR,sell,3010
2016-08-24,PHP,KHR,buy,88.23
2016-08-24,PHP,KHR,middle,88.675
2016-08-24,PHP,KHR,sell,89.12
2016-08-24,SDR,KHR,buy,5762
2016-08-24,SDR,KHR,middle,5791
2016-08-24,SDR,KHR,sell,5820
2016-08-24,SEK,KHR,buy,489
2016-08-24,SEK,KHR,middle,491.5
2016-08-24,SEK,KHR,sell,494
2016-08-24,SGD,KHR,buy,3029
2016-08-24,SGD,KHR,middle,3044
2016-08-24,SGD,KHR,sell,3059
2016-08-24,THB,KHR,buy,118
2016-08-24,THB,KHR,middle,118.5
2016-08-24,THB,KHR,sell,119
2016-08-24,TWD,KHR,buy,129
2016-08-24,TWD,KHR,middle,129.5
2016-08-24,TWD,KHR,sell,130
2016-08-24,USD,KHR,reference,4097
2016-08-24,VND,KHR,buy,0.184
2016-08-24,VND,KHR,middle,0.185
2016-08-24,VND,KHR,sell,0.186
2016-08-25,AUD,KHR,buy,3116
2016-08-25,AUD,KHR,middle,3131.5
2016-08-25,AUD,KHR,sell,3147
2016-08-25,CAD,KHR,buy,3167
2016-08-25,CAD,KHR,middle,3182.5
2016-08-25,CAD,KHR,sell,3198
2016-08-25,CHF,KHR,buy,4235
2016-08-25,CHF,KHR,middle,4256
2016-08-25,CHF,KHR,sell,4277
2016-08-25,CNH,KHR,buy,614
2016-08-25,CNH,KHR,middle,617
2016-08-25,CNH,KHR,sell,620
2016-08-25,CNY,KHR,buy,615
2016-08-25,CNY,KHR,middle,618.5
2016-08-25,CNY,KHR,sell,622
2016-08-25,EUR,KHR,buy,4613
2016-08-25,EUR,KHR,middle,4636
2016-08-25,EUR,KHR,sell,4659
2016-08-25,GBP,KHR,buy,5422
2016-08-25,GBP,KHR,middle,5449.5
2016-08-25,GBP,KHR,sell,5477
2016-08-25,HKD,KHR,buy,528
2016-08-25,HKD,KHR,middle,531
2016-08-25,HKD,KHR,sell,534
2016-08-25,IDR,KHR,buy,0.309
2016-08-25,IDR,KHR,middle,0.3105
2016-08-25,IDR,KHR,sell,0.312
2016-08-25,INR,KHR,buy,61.05
2016-08-25,INR,KHR,middle,61.355
2016-08-25,INR,KHR,sell,61.66
2016-08-25,JPY,KHR,buy,40.73
2016-08-25,JPY,KHR,middle,40.935
2016-08-25,JPY,KHR,sell,41.14
2016-08-25,KRW,KHR,buy,3.65
2016-08-25,KRW,KHR,middle,3.67
2016-08-25,KRW,KHR,sell,3.69
2016-08-25,LAK,KHR,buy,0.506
2016-08-25,LAK,KHR,middle,0.509
2016-08-25,LAK,KHR,sell,0.512
2016-08-25,MMK,KHR,buy,3.41
2016-08-25,MMK,KHR,middle,3.43
2016-08-25,MMK,KHR,sell,3.45
2016-08-25,MYR,KHR,buy,1013
2016-08-25,MYR,KHR,middle,1018
2016-08-25,MYR,KHR,sell,1023
2016-08-25,NZD,KHR,buy,2995
2016-08-25,NZD,KHR,middle,3010
2016-08-25,NZD,KHR,sell,3025
2016-08-25,PHP,KHR,buy,88.03
2016-08-25,PHP,KHR,middle,88.47
2016-08-25,PHP,KHR,sell,88.91
2016-08-25,SDR,KHR,buy,5754
2016-08-25,SDR,KHR,middle,5783
2016-08-25,SDR,KHR,sell,5812
2016-08-25,SEK,KHR,buy,488
2016-08-25,SEK,KHR,middle,490.5
2016-08-25,SEK,KHR,sell,493
2016-08-25,SGD,KHR,buy,3022
2016-08-25,SGD,KHR,middle,3037
2016-08-25,SGD,KHR,sell,3052
2016-08-25,THB,KHR,buy,118
2016-08-25,THB,KHR,middle,118.5
2016-08-25,THB,KHR,sell,119
2016-08-25,TWD,KHR,buy,129
2016-08-25,TWD,KHR,middle,129.5
2016-08-25,TWD,KHR,sell,130
2016-08-25,USD,KHR,reference,4096
2016-08-25,VND,KHR,buy,0.184
2016-08-25,VND,KHR,middle,0.185
2016-08-25,VND,KHR,sell,0.186
2016-08-26,AUD,KHR,buy,3125
2016-08-26,AUD,KHR,middle,3140.5
2016-08-26,AUD,KHR,sell,3156
2016-08-26,CAD,KHR,buy,3173
2016-08-26,CAD,KHR,middle,3189
2016-08-26,CAD,KHR,sell,3205
2016-08-26,CHF,KHR,buy,4237
2016-08-26,CHF,KHR,middle,4258
2016-08-26,CHF,KHR,sell,4279
2016-08-26,CNH,KHR,buy,614
2016-08-26,CNH,KHR,middle,617.5
2016-08-26,CNH,KHR,sell,621
2016-08-26,CNY,KHR,buy,616
2016-08-26,CNY,KHR,middle,619
2016-08-26,CNY,KHR,sell,622
2016-08-26,EUR,KHR,buy,4625
2016-08-26,EUR,KHR,middle,4648
2016-08-26,EUR,KHR,sell,4671
2016-08-26,GBP,KHR,buy,5408
2016-08-26,GBP,KHR,middle,5435
2016-08-26,GBP,KHR,sell,5462
2016-08-26,HKD,KHR,buy,528
2016-08-26,HKD,KHR,middle,531
2016-08-26,HKD,KHR,sell,534
2016-08-26,IDR,KHR,buy,0.309
2016-08-26,IDR,KHR,middle,0.311
2016-08-26,IDR,KHR,sell,0.313
2016-08-26,INR,KHR,buy,61.1
2016-08-26,INR,KHR,middle,61.405
2016-08-26,INR,KHR,sell,61.71
2016-08-26,JPY,KHR,buy,40.76
2016-08-26,JPY,KHR,middle,40.965
2016-08-26,JPY,KHR,sell,41.17
2016-08-26,KRW,KHR,buy,3.67
2016-08-26,KRW,KHR,middle,3.69
2016-08-26,KRW,KHR,sell,3.71
2016-08-26,LAK,KHR,buy,0.506
2016-08-26,LAK,KHR,middle,0.5085
2016-08-26,LAK,KHR,sell,0.511
2016-08-26,MMK,KHR,buy,3.43
2016-08-26,MMK,KHR,middle,3.45
2016-08-26,MMK,KHR,sell,3.47
2016-08-26,MYR,KHR,buy,1020
2016-08-26,MYR,KHR,middle,1025
2016-08-26,MYR,KHR,sell,1030
2016-08-26,NZD,KHR,buy,2992
2016-08-26,NZD,KHR,middle,3007
2016-08-26,NZD,KHR,sell,3022
2016-08-26,PHP,KHR,buy,88.43
2016-08-26,PHP,KHR,middle,88.875
2016-08-26,PHP,KHR,sell,89.32
2016-08-26,SDR,KHR,buy,5755
2016-08-26,SDR,KHR,middle,5783.5
2016-08-26,SDR,KHR,sell,5812
2016-08-26,SEK,KHR,buy,488
2016-08-26,SEK,KHR,middle,490
2016-08-26,SEK,KHR,sell,492
2016-08-26,SGD,KHR,buy,3030
2016-08-26,SGD,KHR,middle,3045
2016-08-26,SGD,KHR,sell,3060
2016-08-26,THB,KHR,buy,119
2016-08-26,THB,KHR,middle,119.5
2016-08-26,THB,KHR,sell,120
2016-08-26,TWD,KHR,buy,129
2016-08-26,TWD,KHR,middle,130
2016-08-26,TWD,KHR,sell,131
2016-08-26,USD,KHR,reference,4097
2016-08-26,VND,KHR,buy,0.184
2016-08-26,VND,KHR,middle,0.185
2016-08-26,VND,KHR,sell,0.186
2016-08-29,AUD,KHR,buy,3083
2016-08-29,AUD,KHR,middle,3098
2016-08-29,AUD,KHR,sell,3113
2016-08-29,CAD,KHR,buy,3145
2016-08-29,CAD,KHR,middle,3160.5
2016-08-29,CAD,KHR,sell,3176
2016-08-29,CHF,KHR,buy,4186
2016-08-29,CHF,KHR,middle,4206.5
2016-08-29,CHF,KHR,sell,4227
2016-08-29,CNH,KHR,buy,611
2016-08-29,CNH,KHR,middle,614
2016-08-29,CNH,KHR,sell,617
2016-08-29,CNY,KHR,buy,615
2016-08-29,CNY,KHR,middle,618
2016-08-29,CNY,KHR,sell,621
2016-08-29,EUR,KHR,buy,4583
2016-08-29,EUR,KHR,middle,4605.5
2016-08-29,EUR,KHR,sell,4628
2016-08-29,GBP,KHR,buy,5370
2016-08-29,GBP,KHR,middle,5397
2016-08-29,GBP,KHR,sell,5424
2016-08-29,HKD,KHR,buy,528
2016-08-29,HKD,KHR,middle,530.5
2016-08-29,HKD,KHR,sell,533
2016-08-29,IDR,KHR,buy,0.31
2016-08-29,IDR,KHR,middle,0.3115
2016-08-29,IDR,KHR,sell,0.313
2016-08-29,INR,KHR,buy,61.08
2016-08-29,INR,KHR,middle,61.385
2016-08-29,INR,KHR,sell,61.69
2016-08-29,JPY,KHR,buy,40.1
2016-08-29,JPY,KHR,middle,40.3
2016-08-29,JPY,KHR,sell,40.5
2016-08-29,KRW,KHR,buy,3.63
2016-08-29,KRW,KHR,middle,3.65
2016-08-29,KRW,KHR,sell,3.67
2016-08-29,LAK,KHR,buy,0.506
2016-08-29,LAK,KHR,middle,0.5085
2016-08-29,LAK,KHR,sell,0.511
2016-08-29,MMK,KHR,buy,3.43
2016-08-29,MMK,KHR,middle,3.445
2016-08-29,MMK,KHR,sell,3.46
2016-08-29,MYR,KHR,buy,1013
2016-08-29,MYR,KHR,middle,1018
2016-08-29,MYR,KHR,sell,1023
2016-08-29,NZD,KHR,buy,2953
2016-08-29,NZD,KHR,middle,2968
2016-08-29,NZD,KHR,sell,2983
2016-08-29,PHP,KHR,buy,88.41
2016-08-29,PHP,KHR,middle,88.85
2016-08-29,PHP,KHR,sell,89.29
2016-08-29,SDR,KHR,buy,5753
2016-08-29,SDR,KHR,middle,5781.5
2016-08-29,SDR,KHR,sell,5810
2016-08-29,SEK,KHR,buy,482
2016-08-29,SEK,KHR,middle,484.5
2016-08-29,SEK,KHR,sell,487
2016-08-29,SGD,KHR,buy,3006
2016-08-29,SGD,KHR,middle,3021.5
2016-08-29,SGD,KHR,sell,3037
2016-08-29,THB,KHR,buy,118
2016-08-29,THB,KHR,middle,118.5
2016-08-29,THB,KHR,sell,119
2016-08-29,TWD,KHR,buy,129
2016-08-29,TWD,KHR,middle,130
2016-08-29,TWD,KHR,sell,131
2016-08-29,USD,KHR,reference,4096
2016-08-29,VND,KHR,buy,0.184
2016-08-29,VND,KHR,middle,0.1845
2016-08-29,VND,KHR,sell,0.185
2016-08-30,AUD,KHR,buy,3104
2016-08-30,AUD,KHR,middle,3119.5
2016-08-30,AUD,KHR,sell,3135
2016-08-30,CAD,KHR,buy,3148
2016-08-30,CAD,KHR,middle,3164
2016-08-30,CAD,KHR,sell,3180
2016-08-30,CHF,KHR,buy,4189
2016-08-30,CHF,KHR,middle,4209.5
2016-08-30,CHF,KHR,sell,4230
2016-08-30,CNH,KHR,buy,613
2016-08-30,CNH,KHR,middle,616
2016-08-30,CNH,KHR,sell,619
2016-08-30,CNY,KHR,buy,613
2016-08-30,CNY,KHR,middle,616
2016-08-30,CNY,KHR,sell,619
2016-08-30,EUR,KHR,buy,4583
2016-08-30,EUR,KHR,middle,4606
2016-08-30,EUR,KHR,sell,4629
2016-08-30,GBP,KHR,buy,5367
2016-08-30,GBP,KHR,middle,5394
2016-08-30,GBP,KHR,sell,5421
2016-08-30,HKD,KHR,buy,528
2016-08-30,HKD,KHR,middle,530.5
2016-08-30,HKD,KHR,sell,533
2016-08-30,IDR,KHR,buy,0.309
2016-08-30,IDR,KHR,middle,0.3105
2016-08-30,IDR,KHR,sell,0.312
2016-08-30,INR,KHR,buy,60.98
2016-08-30,INR,KHR,middle,61.285
2016-08-30,INR,KHR,sell,61.59
2016-08-30,JPY,KHR,buy,40.25
2016-08-30,JPY,KHR,middle,40.45
2016-08-30,JPY,KHR,sell,40.65
2016-08-30,KRW,KHR,buy,3.67
2016-08-30,KRW,KHR,middle,3.685
2016-08-30,KRW,KHR,sell,3.7
2016-08-30,LAK,KHR,buy,0.506
2016-08-30,LAK,KHR,middle,0.5085
2016-08-30,LAK,KHR,sell,0.511
2016-08-30,MMK,KHR,buy,3.43
2016-08-30,MMK,KHR,middle,3.445
2016-08-30,MMK,KHR,sell,3.46
2016-08-30,MYR,KHR,buy,1016
2016-08-30,MYR,KHR,middle,1021
2016-08-30,MYR,KHR,sell,1026
2016-08-30,NZD,KHR,buy,2975
2016-08-30,NZD,KHR,middle,2990
2016-08-30,NZD,KHR,sell,3005
2016-08-30,PHP,KHR,buy,88.25
2016-08-30,PHP,KHR,middle,88.69
2016-08-30,PHP,KHR,sell,89.13
2016-08-30,SDR,KHR,buy,5721
2016-08-30,SDR,KHR,middle,5749.5
2016-08-30,SDR,KHR,sell,5778
2016-08-30,SEK,KHR,buy,484
2016-08-30,SEK,KHR,middle,486.5
2016-08-30,SEK,KHR,sell,489
2016-08-30,SGD,KHR,buy,3016
2016-08-30,SGD,KHR,middle,3031
2016-08-30,SGD,KHR,sell,3046
2016-08-30,THB,KHR,buy,119
2016-08-30,THB,KHR,middle,119.5
2016-08-30,THB,KHR,sell,120
2016-08-30,TWD,KHR,buy,129
2016-08-30,TWD,KHR,middle,129.5
2016-08-30,TWD,KHR,sell,130
2016-08-30,USD,KHR,reference,4096
2016-08-30,VND,KHR,buy,0.184
2016-08-30,VND,KHR,middle,0.185
2016-08-30,VND,KHR,sell,0.186
2016-08-31,AUD,KHR,buy,3081
2016-08-31,AUD,KHR,middle,3096
2016-08-31,AUD,KHR,sell,3111
2016-08-31,CAD,KHR,buy,3129
2016-08-31,CAD,KHR,middle,3144.5
2016-08-31,CAD,KHR,sell,3160
2016-08-31,CHF,KHR,buy,4165
2016-08-31,CHF,KHR,middle,4186
2016-08-31,CHF,KHR,sell,4207
2016-08-31,CNH,KHR,buy,612
2016-08-31,CNH,KHR,middle,615
2016-08-31,CNH,KHR,sell,618
2016-08-31,CNY,KHR,buy,613
2016-08-31,CNY,KHR,middle,616.5
2016-08-31,CNY,KHR,sell,620
2016-08-31,EUR,KHR,buy,4565
2016-08-31,EUR,KHR,middle,4588
2016-08-31,EUR,KHR,sell,4611
2016-08-31,GBP,KHR,buy,5360
2016-08-31,GBP,KHR,middle,5386.5
2016-08-31,GBP,KHR,sell,5413
2016-08-31,HKD,KHR,buy,528
2016-08-31,HKD,KHR,middle,530.5
2016-08-31,HKD,KHR,sell,533
2016-08-31,IDR,KHR,buy,0.309
2016-08-31,IDR,KHR,middle,0.3105
2016-08-31,IDR,KHR,sell,0.312
2016-08-31,INR,KHR,buy,61.11
2016-08-31,INR,KHR,middle,61.415
2016-08-31,INR,KHR,sell,61.72
2016-08-31,JPY,KHR,buy,39.8
2016-08-31,JPY,KHR,middle,40
2016-08-31,JPY,KHR,sell,40.2
2016-08-31,KRW,KHR,buy,3.66
2016-08-31,KRW,KHR,middle,3.68
2016-08-31,KRW,KHR,sell,3.7
2016-08-31,LAK,KHR,buy,0.506
2016-08-31,LAK,KHR,middle,0.5085
2016-08-31,LAK,KHR,sell,0.511
2016-08-31,MMK,KHR,buy,3.4
2016-08-31,MMK,KHR,middle,3.42
2016-08-31,MMK,KHR,sell,3.44
2016-08-31,MYR,KHR,buy,1010
2016-08-31,MYR,KHR,middle,1015
2016-08-31,MYR,KHR,sell,1020
2016-08-31,NZD,KHR,buy,2966
2016-08-31,NZD,KHR,middle,2980.5
2016-08-31,NZD,KHR,sell,2995
2016-08-31,PHP,KHR,buy,88.22
2016-08-31,PHP,KHR,middle,88.66
2016-08-31,PHP,KHR,sell,89.1
2016-08-31,SDR,KHR,buy,5717
2016-08-31,SDR,KHR,middle,5746
2016-08-31,SDR,KHR,sell,5775
2016-08-31,SEK,KHR,buy,480
2016-08-31,SEK,KHR,middle,482.5
2016-08-31,SEK,KHR,sell,485
2016-08-31,SGD,KHR,buy,3004
2016-08-31,SGD,KHR,middle,3019
2016-08-31,SGD,KHR,sell,3034
2016-08-31,THB,KHR,buy,118
2016-08-31,THB,KHR,middle,119
2016-08-31,THB,KHR,sell,120
2016-08-31,TWD,KHR,buy,129
2016-08-31,TWD,KHR,middle,129.5
2016-08-31,TWD,KHR,sell,130
2016-08-31,USD,KHR,reference,4096
2016-08-31,VND,KHR,buy,0.184
2016-08-31,VND,KHR,middle,0.185
2016-08-31,VND,KHR,sell,0.186
2016-09-01,AUD,KHR,buy,3079
2016-09-01,AUD,KHR,middle,3094.5
2016-09-01,AUD,KHR,sell,3110
2016-09-01,CAD,KHR,buy,3124
2016-09-01,CAD,KHR,middle,3139.5
2016-09-01,CAD,KHR,sell,3155
2016-09-01,CHF,KHR,buy,4163
2016-09-01,CHF,KHR,middle,4184
2016-09-01,CHF,KHR,sell,4205
2016-09-01,CNH,KHR,buy,612
2016-09-01,CNH,KHR,middle,615
2016-09-01,CNH,KHR,sell,618
2016-09-01,CNY,KHR,buy,613
2016-09-01,CNY,KHR,middle,616.5
2016-09-01,CNY,KHR,sell,620
2016-09-01,EUR,KHR,buy,4568
2016-09-01,EUR,KHR,middle,4591
2016-09-01,EUR,KHR,sell,4614
2016-09-01,GBP,KHR,buy,5380
2016-09-01,GBP,KHR,middle,5406.5
2016-09-01,GBP,KHR,sell,5433
2016-09-01,HKD,KHR,buy,528
2016-09-01,HKD,KHR,middle,530.5
2016-09-01,HKD,KHR,sell,533
2016-09-01,IDR,KHR,buy,0.309
2016-09-01,IDR,KHR,middle,0.3105
2016-09-01,IDR,KHR,sell,0.312
2016-09-01,INR,KHR,buy,61.17
2016-09-01,INR,KHR,middle,61.475
2016-09-01,INR,KHR,sell,61.78
2016-09-01,JPY,KHR,buy,39.67
2016-09-01,JPY,KHR,middle,39.865
2016-09-01,JPY,KHR,sell,40.06
2016-09-01,KRW,KHR,buy,3.67
2016-09-01,KRW,KHR,middle,3.69
2016-09-01,KRW,KHR,sell,3.71
2016-09-01,LAK,KHR,buy,0.506
2016-09-01,LAK,KHR,middle,0.5085
2016-09-01,LAK,KHR,sell,0.511
2016-09-01,MMK,KHR,buy,3.39
2016-09-01,MMK,KHR,middle,3.405
2016-09-01,MMK,KHR,sell,3.42
2016-09-01,MYR,KHR,buy,1008
2016-09-01,MYR,KHR,middle,1013
2016-09-01,MYR,KHR,sell,1018
2016-09-01,NZD,KHR,buy,2967
2016-09-01,NZD,KHR,middle,2982
2016-09-01,NZD,KHR,sell,2997
2016-09-01,PHP,KHR,buy,88.01
2016-09-01,PHP,KHR,middle,88.45
2016-09-01,PHP,KHR,sell,88.89
2016-09-01,SDR,KHR,buy,5711
2016-09-01,SDR,KHR,middle,5739.5
2016-09-01,SDR,KHR,sell,5768
2016-09-01,SEK,KHR,buy,478
2016-09-01,SEK,KHR,middle,480.5
2016-09-01,SEK,KHR,sell,483
2016-09-01,SGD,KHR,buy,3007
2016-09-01,SGD,KHR,middle,3022
2016-09-01,SGD,KHR,sell,3037
2016-09-01,THB,KHR,buy,118
2016-09-01,THB,KHR,middle,119
2016-09-01,THB,KHR,sell,120
2016-09-01,TWD,KHR,buy,129
2016-09-01,TWD,KHR,middle,129.5
2016-09-01,TWD,KHR,sell,130
2016-09-01,USD,KHR,reference,4096
2016-09-01,VND,KHR,buy,0.184
2016-09-01,VND,KHR,middle,0.185
2016-09-01,VND,KHR,sell,0.186
2016-09-02,AUD,KHR,buy,3094
2016-09-02,AUD,KHR,middle,3109.5
2016-09-02,AUD,KHR,sell,3125
2016-09-02,CAD,KHR,buy,3130
2016-09-02,CAD,KHR,middle,3145.5
2016-09-02,CAD,KHR,sell,3161
2016-09-02,CHF,KHR,buy,4182
2016-09-02,CHF,KHR,middle,4203
2016-09-02,CHF,KHR,sell,4224
2016-09-02,CNH,KHR,buy,613
2016-09-02,CNH,KHR,middle,616
2016-09-02,CNH,KHR,sell,619
2016-09-02,CNY,KHR,buy,614
2016-09-02,CNY,KHR,middle,617
2016-09-02,CNY,KHR,sell,620
2016-09-02,EUR,KHR,buy,4589
2016-09-02,EUR,KHR,middle,4612
2016-09-02,EUR,KHR,sell,4635
2016-09-02,GBP,KHR,buy,5439
2016-09-02,GBP,KHR,middle,5466
2016-09-02,GBP,KHR,sell,5493
2016-09-02,HKD,KHR,buy,528
2016-09-02,HKD,KHR,middle,530.5
2016-09-02,HKD,KHR,sell,533
2016-09-02,IDR,KHR,buy,0.309
2016-09-02,IDR,KHR,middle,0.3105
2016-09-02,IDR,KHR,sell,0.312
2016-09-02,INR,KHR,buy,61.19
2016-09-02,INR,KHR,middle,61.495
2016-09-02,INR,KHR,sell,61.8
2016-09-02,JPY,KHR,buy,39.72
2016-09-02,JPY,KHR,middle,39.92
2016-09-02,JPY,KHR,sell,40.12
2016-09-02,KRW,KHR,buy,3.67
2016-09-02,KRW,KHR,middle,3.685
2016-09-02,KRW,KHR,sell,3.7
2016-09-02,LAK,KHR,buy,0.506
2016-09-02,LAK,KHR,middle,0.5085
2016-09-02,LAK,KHR,sell,0.511
2016-09-02,MMK,KHR,buy,3.41
2016-09-02,MMK,KHR,middle,3.43
2016-09-02,MMK,KHR,sell,3.45
2016-09-02,MYR,KHR,buy,1004
2016-09-02,MYR,KHR,middle,1009
2016-09-02,MYR,KHR,sell,1014
2016-09-02,NZD,KHR,buy,2987
2016-09-02,NZD,KHR,middle,3002
2016-09-02,NZD,KHR,sell,3017
2016-09-02,PHP,KHR,buy,87.71
2016-09-02,PHP,KHR,middle,88.145
2016-09-02,PHP,KHR,sell,88.58
2016-09-02,SDR,KHR,buy,5717
2016-09-02,SDR,KHR,middle,5745.5
2016-09-02,SDR,KHR,sell,5774
2016-09-02,SEK,KHR,buy,479
2016-09-02,SEK,KHR,middle,481.5
2016-09-02,SEK,KHR,sell,484
2016-09-02,SGD,KHR,buy,3014
2016-09-02,SGD,KHR,middle,3029.5
2016-09-02,SGD,KHR,sell,3045
2016-09-02,THB,KHR,buy,118
2016-09-02,THB,KHR,middle,119
2016-09-02,THB,KHR,sell,120
2016-09-02,TWD,KHR,buy,129
2016-09-02,TWD,KHR,middle,129.5
2016-09-02,TWD,KHR,sell,130
2016-09-02,USD,KHR,reference,4097
2016-09-02,VND,KHR,buy,0.184
2016-09-02,VND,KHR,middle,0.185
2016-09-02,VND,KHR,sell,0.186
2016-09-05,AUD,KHR,buy,3102
2016-09-05,AUD,KHR,middle,3117.5
2016-09-05,AUD,KHR,sell,3133
2016-09-05,CAD,KHR,buy,3154
2016-09-05,CAD,KHR,middle,3170
2016-09-05,CAD,KHR,sell,3186
2016-09-05,CHF,KHR,buy,4181
2016-09-05,CHF,KHR,middle,4202
2016-09-05,CHF,KHR,sell,4223
2016-09-05,CNH,KHR,buy,612
2016-09-05,CNH,KHR,middle,615
2016-09-05,CNH,KHR,sell,618
2016-09-05,CNY,KHR,buy,613
2016-09-05,CNY,KHR,middle,616.5
2016-09-05,CNY,KHR,sell,620
2016-09-05,EUR,KHR,buy,4572
2016-09-05,EUR,KHR,middle,4595
2016-09-05,EUR,KHR,sell,4618
2016-09-05,GBP,KHR,buy,5447
2016-09-05,GBP,KHR,middle,5474
2016-09-05,GBP,KHR,sell,5501
2016-09-05,HKD,KHR,buy,528
2016-09-05,HKD,KHR,middle,531
2016-09-05,HKD,KHR,sell,534
2016-09-05,IDR,KHR,buy,0.309
2016-09-05,IDR,KHR,middle,0.3105
2016-09-05,IDR,KHR,sell,0.312
2016-09-05,INR,KHR,buy,61.31
2016-09-05,INR,KHR,middle,61.62
2016-09-05,INR,KHR,sell,61.93
2016-09-05,JPY,KHR,buy,39.42
2016-09-05,JPY,KHR,middle,39.615
2016-09-05,JPY,KHR,sell,39.81
2016-09-05,KRW,KHR,buy,3.68
2016-09-05,KRW,KHR,middle,3.7
2016-09-05,KRW,KHR,sell,3.72
2016-09-05,LAK,KHR,buy,0.506
2016-09-05,LAK,KHR,middle,0.5085
2016-09-05,LAK,KHR,sell,0.511
2016-09-05,MMK,KHR,buy,3.41
2016-09-05,MMK,KHR,middle,3.43
2016-09-05,MMK,KHR,sell,3.45
2016-09-05,MYR,KHR,buy,1002
2016-09-05,MYR,KHR,middle,1007
2016-09-05,MYR,KHR,sell,1012
2016-09-05,NZD,KHR,buy,2990
2016-09-05,NZD,KHR,middle,3004.5
2016-09-05,NZD,KHR,sell,3019
2016-09-05,PHP,KHR,buy,87.88
2016-09-05,PHP,KHR,middle,88.32
2016-09-05,PHP,KHR,sell,88.76
2016-09-05,SDR,KHR,buy,5724
2016-09-05,SDR,KHR,middle,5752.5
2016-09-05,SDR,KHR,sell,5781
2016-09-05,SEK,KHR,buy,478
2016-09-05,SEK,KHR,middle,480
2016-09-05,SEK,KHR,sell,482
2016-09-05,SGD,KHR,buy,3013
2016-09-05,SGD,KHR,middle,3028
2016-09-05,SGD,KHR,sell,3043
2016-09-05,THB,KHR,buy,118
2016-09-05,THB,KHR,middle,119
2016-09-05,THB,KHR,sell,120
2016-09-05,TWD,KHR,buy,129
2016-09-05,TWD,KHR,middle,130
2016-09-05,TWD,KHR,sell,131
2016-09-05,USD,KHR,reference,4097
2016-09-05,VND,KHR,buy,0.184
2016-09-05,VND,KHR,middle,0.185
2016-09-05,VND,KHR,sell,0.186
2016-09-06,AUD,KHR,buy,3114
2016-09-06,AUD,KHR,middle,3129.5
2016-09-06,AUD,KHR,sell,3145
2016-09-06,CAD,KHR,buy,3170
2016-09-06,CAD,KHR,middle,3186
2016-09-06,CAD,KHR,sell,3202
2016-09-06,CHF,KHR,buy,4181
2016-09-06,CHF,KHR,middle,4202
2016-09-06,CHF,KHR,sell,4223
2016-09-06,CNH,KHR,buy,612
2016-09-06,CNH,KHR,middle,615.5
2016-09-06,CNH,KHR,sell,619
2016-09-06,CNY,KHR,buy,614
2016-09-06,CNY,KHR,middle,617
2016-09-06,CNY,KHR,sell,620
2016-09-06,EUR,KHR,buy,4569
2016-09-06,EUR,KHR,middle,4592
2016-09-06,EUR,KHR,sell,4615
2016-09-06,GBP,KHR,buy,5456
2016-09-06,GBP,KHR,middle,5483
2016-09-06,GBP,KHR,sell,5510
2016-09-06,HKD,KHR,buy,528
2016-09-06,HKD,KHR,middle,531
2016-09-06,HKD,KHR,sell,534
2016-09-06,IDR,KHR,buy,0.312
2016-09-06,IDR,KHR,middle,0.3135
2016-09-06,IDR,KHR,sell,0.315
2016-09-06,INR,KHR,buy,61.33
2016-09-06,INR,KHR,middle,61.635
2016-09-06,INR,KHR,sell,61.94
2016-09-06,JPY,KHR,buy,39.6
2016-09-06,JPY,KHR,middle,39.795
2016-09-06,JPY,KHR,sell,39.99
2016-09-06,KRW,KHR,buy,3.71
2016-09-06,KRW,KHR,middle,3.73
2016-09-06,KRW,KHR,sell,3.75
2016-09-06,LAK,KHR,buy,0.506
2016-09-06,LAK,KHR,middle,0.5085
2016-09-06,LAK,KHR,sell,0.511
2016-09-06,MMK,KHR,buy,3.42
2016-09-06,MMK,KHR,middle,3.435
2016-09-06,MMK,KHR,sell,3.45
2016-09-06,MYR,KHR,buy,1007
2016-09-06,MYR,KHR,middle,1012.5
2016-09-06,MYR,KHR,sell,1018
2016-09-06,NZD,KHR,buy,2995
2016-09-06,NZD,KHR,middle,3010
2016-09-06,NZD,KHR,sell,3025
2016-09-06,PHP,KHR,buy,88.2
2016-09-06,PHP,KHR,middle,88.645
2016-09-06,PHP,KHR,sell,89.09
2016-09-06,SDR,KHR,buy,5725
2016-09-06,SDR,KHR,middle,5754
2016-09-06,SDR,KHR,sell,5783
2016-09-06,SEK,KHR,buy,479
2016-09-06,SEK,KHR,middle,481
2016-09-06,SEK,KHR,sell,483
2016-09-06,SGD,KHR,buy,3021
2016-09-06,SGD,KHR,middle,3036
2016-09-06,SGD,KHR,sell,3051
2016-09-06,THB,KHR,buy,118
2016-09-06,THB,KHR,middle,118.5
2016-09-06,THB,KHR,sell,119
2016-09-06,TWD,KHR,buy,131
2016-09-06,TWD,KHR,middle,131.5
2016-09-06,TWD,KHR,sell,132
2016-09-06,USD,KHR,reference,4098
2016-09-06,VND,KHR,buy,0.184
2016-09-06,VND,KHR,middle,0.185
2016-09-06,VND,KHR,sell,0.186
2016-09-07,AUD,KHR,buy,3146
2016-09-07,AUD,KHR,middle,3161.5
2016-09-07,AUD,KHR,sell,3177
2016-09-07,CAD,KHR,buy,3189
2016-09-07,CAD,KHR,middle,3205
2016-09-07,CAD,KHR,sell,3221
2016-09-07,CHF,KHR,buy,4227
2016-09-07,CHF,KHR,middle,4248
2016-09-07,CHF,KHR,sell,4269
2016-09-07,CNH,KHR,buy,614
2016-09-07,CNH,KHR,middle,617
2016-09-07,CNH,KHR,sell,620
2016-09-07,CNY,KHR,buy,615
2016-09-07,CNY,KHR,middle,618
2016-09-07,CNY,KHR,sell,621
2016-09-07,EUR,KHR,buy,4610
2016-09-07,EUR,KHR,middle,4633
2016-09-07,EUR,KHR,sell,4656
2016-09-07,GBP,KHR,buy,5498
2016-09-07,GBP,KHR,middle,5525.5
2016-09-07,GBP,KHR,sell,5553
2016-09-07,HKD,KHR,buy,529
2016-09-07,HKD,KHR,middle,531.5
2016-09-07,HKD,KHR,sell,534
2016-09-07,IDR,KHR,buy,0.312
2016-09-07,IDR,KHR,middle,0.3135
2016-09-07,IDR,KHR,sell,0.315
2016-09-07,INR,KHR,buy,61.62
2016-09-07,INR,KHR,middle,61.93
2016-09-07,INR,KHR,sell,62.24
2016-09-07,JPY,KHR,buy,40.37
2016-09-07,JPY,KHR,middle,40.575
2016-09-07,JPY,KHR,sell,40.78
2016-09-07,KRW,KHR,buy,3.75
2016-09-07,KRW,KHR,middle,3.765
2016-09-07,KRW,KHR,sell,3.78
2016-09-07,LAK,KHR,buy,0.506
2016-09-07,LAK,KHR,middle,0.5085
2016-09-07,LAK,KHR,sell,0.511
2016-09-07,MMK,KHR,buy,3.41
2016-09-07,MMK,KHR,middle,3.43
2016-09-07,MMK,KHR,sell,3.45
2016-09-07,MYR,KHR,buy,1010
2016-09-07,MYR,KHR,middle,1015
2016-09-07,MYR,KHR,sell,1020
2016-09-07,NZD,KHR,buy,3035
2016-09-07,NZD,KHR,middle,3050.5
2016-09-07,NZD,KHR,sell,3066
2016-09-07,PHP,KHR,buy,88.03
2016-09-07,PHP,KHR,middle,88.47
2016-09-07,PHP,KHR,sell,88.91
2016-09-07,SDR,KHR,buy,5728
2016-09-07,SDR,KHR,middle,5756.5
2016-09-07,SDR,KHR,sell,5785
2016-09-07,SEK,KHR,buy,484
2016-09-07,SEK,KHR,middle,486
2016-09-07,SEK,KHR,sell,488
2016-09-07,SGD,KHR,buy,3045
2016-09-07,SGD,KHR,middle,3060.5
2016-09-07,SGD,KHR,sell,3076
2016-09-07,THB,KHR,buy,119
2016-09-07,THB,KHR,middle,119.5
2016-09-07,THB,KHR,sell,120
2016-09-07,TWD,KHR,buy,130
2016-09-07,TWD,KHR,middle,131
2016-09-07,TWD,KHR,sell,132
2016-09-07,USD,KHR,reference,4099
2016-09-07,VND,KHR,buy,0.184
2016-09-07,VND,KHR,middle,0.185
2016-09-07,VND,KHR,sell,0.186
2016-09-08,AUD,KHR,buy,3143
2016-09-08,AUD,KHR,middle,3158.5
2016-09-08,AUD,KHR,sell,3174
2016-09-08,CAD,KHR,buy,3182
2016-09-08,CAD,KHR,middle,3198
2016-09-08,CAD,KHR,sell,3214
2016-09-08,CHF,KHR,buy,4227
2016-09-08,CHF,KHR,middle,4248
2016-09-08,CHF,KHR,sell,4269
2016-09-08,CNH,KHR,buy,614
2016-09-08,CNH,KHR,middle,617.5
2016-09-08,CNH,KHR,sell,621
2016-09-08,CNY,KHR,buy,616
2016-09-08,CNY,KHR,middle,619
2016-09-08,CNY,KHR,sell,622
2016-09-08,EUR,KHR,buy,4607
2016-09-08,EUR,KHR,middle,4630
2016-09-08,EUR,KHR,sell,4653
2016-09-08,GBP,KHR,buy,5467
2016-09-08,GBP,KHR,middle,5494
2016-09-08,GBP,KHR,sell,5521
2016-09-08,HKD,KHR,buy,529
2016-09-08,HKD,KHR,middle,531.5
2016-09-08,HKD,KHR,sell,534
2016-09-08,IDR,KHR,buy,0.313
2016-09-08,IDR,KHR,middle,0.315
2016-09-08,IDR,KHR,sell,0.317
2016-09-08,INR,KHR,buy,61.78
2016-09-08,INR,KHR,middle,62.09
2016-09-08,INR,KHR,sell,62.4
2016-09-08,JPY,KHR,buy,40.25
2016-09-08,JPY,KHR,middle,40.45
2016-09-08,JPY,KHR,sell,40.65
2016-09-08,KRW,KHR,buy,3.75
2016-09-08,KRW,KHR,middle,3.77
2016-09-08,KRW,KHR,sell,3.79
2016-09-08,LAK,KHR,buy,0.507
2016-09-08,LAK,KHR,middle,0.5095
2016-09-08,LAK,KHR,sell,0.512
2016-09-08,MMK,KHR,buy,3.36
2016-09-08,MMK,KHR,middle,3.38
2016-09-08,MMK,KHR,sell,3.4
2016-09-08,MYR,KHR,buy,1011
2016-09-08,MYR,KHR,middle,1016
2016-09-08,MYR,KHR,sell,1021
2016-09-08,NZD,KHR,buy,3052
2016-09-08,NZD,KHR,middle,3067.5
2016-09-08,NZD,KHR,sell,3083
2016-09-08,PHP,KHR,buy,87.88
2016-09-08,PHP,KHR,middle,88.32
2016-09-08,PHP,KHR,sell,88.76
2016-09-08,SDR,KHR,buy,5754
2016-09-08,SDR,KHR,middle,5782.5
2016-09-08,SDR,KHR,sell,5811
2016-09-08,SEK,KHR,buy,486
2016-09-08,SEK,KHR,middle,488.5
2016-09-08,SEK,KHR,sell,491
2016-09-08,SGD,KHR,buy,3042
2016-09-08,SGD,KHR,middle,3057.5
2016-09-08,SGD,KHR,sell,3073
2016-09-08,THB,KHR,buy,118
2016-09-08,THB,KHR,middle,119
2016-09-08,THB,KHR,sell,120
2016-09-08,TWD,KHR,buy,131
2016-09-08,TWD,KHR,middle,132
2016-09-08,TWD,KHR,sell,133
2016-09-08,USD,KHR,reference,4100
2016-09-08,VND,KHR,buy,0.184
2016-09-08,VND,KHR,middle,0.185
2016-09-08,VND,KHR,sell,0.186
2016-09-09,AUD,KHR,buy,3140
2016-09-09,AUD,KHR,middle,3155.5
2016-09-09,AUD,KHR,sell,3171
2016-09-09,CAD,KHR,buy,3175
2016-09-09,CAD,KHR,middle,3190.5
2016-09-09,CAD,KHR,sell,3206
2016-09-09,CHF,KHR,buy,4221
2016-09-09,CHF,KHR,middle,4242.5
2016-09-09,CHF,KHR,sell,4264
2016-09-09,CNH,KHR,buy,614
2016-09-09,CNH,KHR,middle,617
2016-09-09,CNH,KHR,sell,620
2016-09-09,CNY,KHR,buy,616
2016-09-09,CNY,KHR,middle,619
2016-09-09,CNY,KHR,sell,622
2016-09-09,EUR,KHR,buy,4624
2016-09-09,EUR,KHR,middle,4647
2016-09-09,EUR,KHR,sell,4670
2016-09-09,GBP,KHR,buy,5461
2016-09-09,GBP,KHR,middle,5488.5
2016-09-09,GBP,KHR,sell,5516
2016-09-09,HKD,KHR,buy,529
2016-09-09,HKD,KHR,middle,531.5
2016-09-09,HKD,KHR,sell,534
2016-09-09,IDR,KHR,buy,0.314
2016-09-09,IDR,KHR,middle,0.3155
2016-09-09,IDR,KHR,sell,0.317
2016-09-09,INR,KHR,buy,61.76
2016-09-09,INR,KHR,middle,62.07
2016-09-09,INR,KHR,sell,62.38
2016-09-09,JPY,KHR,buy,40.13
2016-09-09,JPY,KHR,middle,40.33
2016-09-09,JPY,KHR,sell,40.53
2016-09-09,KRW,KHR,buy,3.74
2016-09-09,KRW,KHR,middle,3.76
2016-09-09,KRW,KHR,sell,3.78
2016-09-09,LAK,KHR,buy,0.507
2016-09-09,LAK,KHR,middle,0.5095
2016-09-09,LAK,KHR,sell,0.512
2016-09-09,MMK,KHR,buy,3.37
2016-09-09,MMK,KHR,middle,3.385
2016-09-09,MMK,KHR,sell,3.4
2016-09-09,MYR,KHR,buy,1009
2016-09-09,MYR,KHR,middle,1014
2016-09-09,MYR,KHR,sell,1019
2016-09-09,NZD,KHR,buy,3040
2016-09-09,NZD,KHR,middle,3055
2016-09-09,NZD,KHR,sell,3070
2016-09-09,PHP,KHR,buy,87.48
2016-09-09,PHP,KHR,middle,87.92
2016-09-09,PHP,KHR,sell,88.36
2016-09-09,SDR,KHR,buy,5764
2016-09-09,SDR,KHR,middle,5792.5
2016-09-09,SDR,KHR,sell,5821
2016-09-09,SEK,KHR,buy,486
2016-09-09,SEK,KHR,middle,488.5
2016-09-09,SEK,KHR,sell,491
2016-09-09,SGD,KHR,buy,3038
2016-09-09,SGD,KHR,middle,3053
2016-09-09,SGD,KHR,sell,3068
2016-09-09,THB,KHR,buy,118
2016-09-09,THB,KHR,middle,118.5
2016-09-09,THB,KHR,sell,119
2016-09-09,TWD,KHR,buy,131
2016-09-09,TWD,KHR,middle,131.5
2016-09-09,TWD,KHR,sell,132
2016-09-09,USD,KHR,reference,4102
2016-09-09,VND,KHR,buy,0.184
2016-09-09,VND,KHR,middle,0.185
2016-09-09,VND,KHR,sell,0.186
2016-09-12,AUD,KHR,buy,3090
2016-09-12,AUD,KHR,middle,3105.5
2016-09-12,AUD,KHR,sell,3121
2016-09-12,CAD,KHR,buy,3141
2016-09-12,CAD,KHR,middle,3156.5
2016-09-12,CAD,KHR,sell,3172
2016-09-12,CHF,KHR,buy,4205
2016-09-12,CHF,KHR,middle,4226
2016-09-12,CHF,KHR,sell,4247
2016-09-12,CNH,KHR,buy,612
2016-09-12,CNH,KHR,middle,615
2016-09-12,CNH,KHR,sell,618
2016-09-12,CNY,KHR,buy,614
2016-09-12,CNY,KHR,middle,617
2016-09-12,CNY,KHR,sell,620
2016-09-12,EUR,KHR,buy,4607
2016-09-12,EUR,KHR,middle,4630
2016-09-12,EUR,KHR,sell,4653
2016-09-12,GBP,KHR,buy,5439
2016-09-12,GBP,KHR,middle,5466
2016-09-12,GBP,KHR,sell,5493
2016-09-12,HKD,KHR,buy,529
2016-09-12,HKD,KHR,middle,531.5
2016-09-12,HKD,KHR,sell,534
2016-09-12,IDR,KHR,buy,0.313
2016-09-12,IDR,KHR,middle,0.3145
2016-09-12,IDR,KHR,sell,0.316
2016-09-12,INR,KHR,buy,61.5
2016-09-12,INR,KHR,middle,61.805
2016-09-12,INR,KHR,sell,62.11
2016-09-12,JPY,KHR,buy,39.98
2016-09-12,JPY,KHR,middle,40.18
2016-09-12,JPY,KHR,sell,40.38
2016-09-12,KRW,KHR,buy,3.69
2016-09-12,KRW,KHR,middle,3.71
2016-09-12,KRW,KHR,sell,3.73
2016-09-12,LAK,KHR,buy,0.507
2016-09-12,LAK,KHR,middle,0.5095
2016-09-12,LAK,KHR,sell,0.512
2016-09-12,MMK,KHR,buy,3.36
2016-09-12,MMK,KHR,middle,3.38
2016-09-12,MMK,KHR,sell,3.4
2016-09-12,MYR,KHR,buy,1008
2016-09-12,MYR,KHR,middle,1013
2016-09-12,MYR,KHR,sell,1018
2016-09-12,NZD,KHR,buy,3005
2016-09-12,NZD,KHR,middle,3020
2016-09-12,NZD,KHR,sell,3035
2016-09-12,PHP,KHR,buy,86.94
2016-09-12,PHP,KHR,middle,87.375
2016-09-12,PHP,KHR,sell,87.81
2016-09-12,SDR,KHR,buy,5748
2016-09-12,SDR,KHR,middle,5777
2016-09-12,SDR,KHR,sell,5806
2016-09-12,SEK,KHR,buy,483
2016-09-12,SEK,KHR,middle,485.5
2016-09-12,SEK,KHR,sell,488
2016-09-12,SGD,KHR,buy,3013
2016-09-12,SGD,KHR,middle,3028
2016-09-12,SGD,KHR,sell,3043
2016-09-12,THB,KHR,buy,118
2016-09-12,THB,KHR,middle,118.5
2016-09-12,THB,KHR,sell,119
2016-09-12,TWD,KHR,buy,130
2016-09-12,TWD,KHR,middle,130.5
2016-09-12,TWD,KHR,sell,131
2016-09-12,USD,KHR,reference,4100
2016-09-12,VND,KHR,buy,0.184
2016-09-12,VND,KHR,middle,0.185
2016-09-12,VND,KHR,sell,0.186
2016-09-13,AUD,KHR,buy,3101
2016-09-13,AUD,KHR,middle,3116.5
2016-09-13,AUD,KHR,sell,3132
2016-09-13,CAD,KHR,buy,3145
2016-09-13,CAD,KHR,middle,3160.5
2016-09-13,CAD,KHR,sell,3176
2016-09-13,CHF,KHR,buy,4219
2016-09-13,CHF,KHR,middle,4240
2016-09-13,CHF,KHR,sell,4261
2016-09-13,CNH,KHR,buy,613
2016-09-13,CNH,KHR,middle,616
2016-09-13,CNH,KHR,sell,619
2016-09-13,CNY,KHR,buy,614
2016-09-13,CNY,KHR,middle,617
2016-09-13,CNY,KHR,sell,620
2016-09-13,EUR,KHR,buy,4607
2016-09-13,EUR,KHR,middle,4630
2016-09-13,EUR,KHR,sell,4653
2016-09-13,GBP,KHR,buy,5465
2016-09-13,GBP,KHR,middle,5492.5
2016-09-13,GBP,KHR,sell,5520
2016-09-13,HKD,KHR,buy,528
2016-09-13,HKD,KHR,middle,531
2016-09-13,HKD,KHR,sell,534
2016-09-13,IDR,KHR,buy,0.313
2016-09-13,IDR,KHR,middle,0.3145
2016-09-13,IDR,KHR,sell,0.316
2016-09-13,INR,KHR,buy,61.25
2016-09-13,INR,KHR,middle,61.555
2016-09-13,INR,KHR,sell,61.86
2016-09-13,JPY,KHR,buy,40.3
2016-09-13,JPY,KHR,middle,40.505
2016-09-13,JPY,KHR,sell,40.71
2016-09-13,KRW,KHR,buy,3.7
2016-09-13,KRW,KHR,middle,3.72
2016-09-13,KRW,KHR,sell,3.74
2016-09-13,LAK,KHR,buy,0.506
2016-09-13,LAK,KHR,middle,0.5085
2016-09-13,LAK,KHR,sell,0.511
2016-09-13,MMK,KHR,buy,3.36
2016-09-13,MMK,KHR,middle,3.375
2016-09-13,MMK,KHR,sell,3.39
2016-09-13,MYR,KHR,buy,1008
2016-09-13,MYR,KHR,middle,1013
2016-09-13,MYR,KHR,sell,1018
2016-09-13,NZD,KHR,buy,3018
2016-09-13,NZD,KHR,middle,3033
2016-09-13,NZD,KHR,sell,3048
2016-09-13,PHP,KHR,buy,86.92
2016-09-13,PHP,KHR,middle,87.355
2016-09-13,PHP,KHR,sell,87.79
2016-09-13,SDR,KHR,buy,5741
2016-09-13,SDR,KHR,middle,5769.5
2016-09-13,SDR,KHR,sell,5798
2016-09-13,SEK,KHR,buy,483
2016-09-13,SEK,KHR,middle,485.5
2016-09-13,SEK,KHR,sell,488
2016-09-13,SGD,KHR,buy,3025
2016-09-13,SGD,KHR,middle,3040
2016-09-13,SGD,KHR,sell,3055
2016-09-13,THB,KHR,buy,118
2016-09-13,THB,KHR,middle,118.5
2016-09-13,THB,KHR,sell,119
2016-09-13,TWD,KHR,buy,129
2016-09-13,TWD,KHR,middle,130
2016-09-13,TWD,KHR,sell,131
2016-09-13,USD,KHR,reference,4099
2016-09-13,VND,KHR,buy,0.184
2016-09-13,VND,KHR,middle,0.185
2016-09-13,VND,KHR,sell,0.186
2016-09-14,AUD,KHR,buy,3060
2016-09-14,AUD,KHR,middle,3075.5
2016-09-14,AUD,KHR,sell,3091
2016-09-14,CAD,KHR,buy,3113
2016-09-14,CAD,KHR,middle,3128.5
2016-09-14,CAD,KHR,sell,3144
2016-09-14,CHF,KHR,buy,4196
2016-09-14,CHF,KHR,middle,4217
2016-09-14,CHF,KHR,sell,4238
2016-09-14,CNH,KHR,buy,612
2016-09-14,CNH,KHR,middle,615.5
2016-09-14,CNH,KHR,sell,619
2016-09-14,CNY,KHR,buy,614
2016-09-14,CNY,KHR,middle,617
2016-09-14,CNY,KHR,sell,620
2016-09-14,EUR,KHR,buy,4598
2016-09-14,EUR,KHR,middle,4621
2016-09-14,EUR,KHR,sell,4644
2016-09-14,GBP,KHR,buy,5405
2016-09-14,GBP,KHR,middle,5432
2016-09-14,GBP,KHR,sell,5459
2016-09-14,HKD,KHR,buy,528
2016-09-14,HKD,KHR,middle,531
2016-09-14,HKD,KHR,sell,534
2016-09-14,IDR,KHR,buy,0.311
2016-09-14,IDR,KHR,middle,0.313
2016-09-14,IDR,KHR,sell,0.315
2016-09-14,INR,KHR,buy,61.25
2016-09-14,INR,KHR,middle,61.555
2016-09-14,INR,KHR,sell,61.86
2016-09-14,JPY,KHR,buy,39.94
2016-09-14,JPY,KHR,middle,40.14
2016-09-14,JPY,KHR,sell,40.34
2016-09-14,KRW,KHR,buy,3.64
2016-09-14,KRW,KHR,middle,3.655
2016-09-14,KRW,KHR,sell,3.67
2016-09-14,LAK,KHR,buy,0.506
2016-09-14,LAK,KHR,middle,0.5085
2016-09-14,LAK,KHR,sell,0.511
2016-09-14,MMK,KHR,buy,3.36
2016-09-14,MMK,KHR,middle,3.375
2016-09-14,MMK,KHR,sell,3.39
2016-09-14,MYR,KHR,buy,992
2016-09-14,MYR,KHR,middle,997
2016-09-14,MYR,KHR,sell,1002
2016-09-14,NZD,KHR,buy,2970
2016-09-14,NZD,KHR,middle,2984.5
2016-09-14,NZD,KHR,sell,2999
2016-09-14,PHP,KHR,buy,86.09
2016-09-14,PHP,KHR,middle,86.52
2016-09-14,PHP,KHR,sell,86.95
2016-09-14,SDR,KHR,buy,5742
2016-09-14,SDR,KHR,middle,5770.5
2016-09-14,SDR,KHR,sell,5799
2016-09-14,SEK,KHR,buy,480
2016-09-14,SEK,KHR,middle,482.5
2016-09-14,SEK,KHR,sell,485
2016-09-14,SGD,KHR,buy,2997
2016-09-14,SGD,KHR,middle,3012
2016-09-14,SGD,KHR,sell,3027
2016-09-14,THB,KHR,buy,117
2016-09-14,THB,KHR,middle,117.5
2016-09-14,THB,KHR,sell,118
2016-09-14,TWD,KHR,buy,129
2016-09-14,TWD,KHR,middle,130
2016-09-14,TWD,KHR,sell,131
2016-09-14,USD,KHR,reference,4099
2016-09-14,VND,KHR,buy,0.184
2016-09-14,VND,KHR,middle,0.185
2016-09-14,VND,KHR,sell,0.186
2016-09-15,AUD,KHR,buy,3068
2016-09-15,AUD,KHR,middle,3083.5
2016-09-15,AUD,KHR,sell,3099
2016-09-15,CAD,KHR,buy,3107
2016-09-15,CAD,KHR,middle,3122.5
2016-09-15,CAD,KHR,sell,3138
2016-09-15,CHF,KHR,buy,4213
2016-09-15,CHF,KHR,middle,4234
2016-09-15,CHF,KHR,sell,4255
2016-09-15,CNH,KHR,buy,615
2016-09-15,CNH,KHR,middle,618
2016-09-15,CNH,KHR,sell,621
2016-09-15,CNY,KHR,buy,614
2016-09-15,CNY,KHR,middle,617.5
2016-09-15,CNY,KHR,sell,621
2016-09-15,EUR,KHR,buy,4611
2016-09-15,EUR,KHR,middle,4634
2016-09-15,EUR,KHR,sell,4657
2016-09-15,GBP,KHR,buy,5438
2016-09-15,GBP,KHR,middle,5465
2016-09-15,GBP,KHR,sell,5492
2016-09-15,HKD,KHR,buy,529
2016-09-15,HKD,KHR,middle,531.5
2016-09-15,HKD,KHR,sell,534
2016-09-15,IDR,KHR,buy,0.311
2016-09-15,IDR,KHR,middle,0.3125
2016-09-15,IDR,KHR,sell,0.314
2016-09-15,INR,KHR,buy,61.29
2016-09-15,INR,KHR,middle,61.6
2016-09-15,INR,KHR,sell,61.91
2016-09-15,JPY,KHR,buy,39.97
2016-09-15,JPY,KHR,middle,40.17
2016-09-15,JPY,KHR,sell,40.37
2016-09-15,KRW,KHR,buy,3.66
2016-09-15,KRW,KHR,middle,3.68
2016-09-15,KRW,KHR,sell,3.7
2016-09-15,LAK,KHR,buy,0.506
2016-09-15,LAK,KHR,middle,0.5085
2016-09-15,LAK,KHR,sell,0.511
2016-09-15,MMK,KHR,buy,3.35
2016-09-15,MMK,KHR,middle,3.365
2016-09-15,MMK,KHR,sell,3.38
2016-09-15,MYR,KHR,buy,994
2016-09-15,MYR,KHR,middle,999
2016-09-15,MYR,KHR,sell,1004
2016-09-15,NZD,KHR,buy,2981
2016-09-15,NZD,KHR,middle,2996
2016-09-15,NZD,KHR,sell,3011
2016-09-15,PHP,KHR,buy,86.37
2016-09-15,PHP,KHR,middle,86.8
2016-09-15,PHP,KHR,sell,87.23
2016-09-15,SDR,KHR,buy,5737
2016-09-15,SDR,KHR,middle,5765.5
2016-09-15,SDR,KHR,sell,5794
2016-09-15,SEK,KHR,buy,483
2016-09-15,SEK,KHR,middle,485
2016-09-15,SEK,KHR,sell,487
2016-09-15,SGD,KHR,buy,3007
2016-09-15,SGD,KHR,middle,3022
2016-09-15,SGD,KHR,sell,3037
2016-09-15,THB,KHR,buy,118
2016-09-15,THB,KHR,middle,118.5
2016-09-15,THB,KHR,sell,119
2016-09-15,TWD,KHR,buy,129
2016-09-15,TWD,KHR,middle,130
2016-09-15,TWD,KHR,sell,131
2016-09-15,USD,KHR,reference,4100
2016-09-15,VND,KHR,buy,0.184
2016-09-15,VND,KHR,middle,0.185
2016-09-15,VND,KHR,sell,0.186
2016-09-19,AUD,KHR,buy,3078
2016-09-19,AUD,KHR,middle,3093.5
2016-09-19,AUD,KHR,sell,3109
2016-09-19,CAD,KHR,buy,3108
2016-09-19,CAD,KHR,middle,3123.5
2016-09-19,CAD,KHR,sell,3139
2016-09-19,CHF,KHR,buy,4187
2016-09-19,CHF,KHR,middle,4207.5
2016-09-19,CHF,KHR,sell,4228
2016-09-19,CNH,KHR,buy,616
2016-09-19,CNH,KHR,middle,619
2016-09-19,CNH,KHR,sell,622
2016-09-19,CNY,KHR,buy,615
2016-09-19,CNY,KHR,middle,618
2016-09-19,CNY,KHR,sell,621
2016-09-19,EUR,KHR,buy,4575
2016-09-19,EUR,KHR,middle,4598
2016-09-19,EUR,KHR,sell,4621
2016-09-19,GBP,KHR,buy,5339
2016-09-19,GBP,KHR,middle,5365.5
2016-09-19,GBP,KHR,sell,5392
2016-09-19,HKD,KHR,buy,529
2016-09-19,HKD,KHR,middle,531.5
2016-09-19,HKD,KHR,sell,534
2016-09-19,IDR,KHR,buy,0.312
2016-09-19,IDR,KHR,middle,0.3135
2016-09-19,IDR,KHR,sell,0.315
2016-09-19,INR,KHR,buy,61.24
2016-09-19,INR,KHR,middle,61.545
2016-09-19,INR,KHR,sell,61.85
2016-09-19,JPY,KHR,buy,40.08
2016-09-19,JPY,KHR,middle,40.28
2016-09-19,JPY,KHR,sell,40.48
2016-09-19,KRW,KHR,buy,3.65
2016-09-19,KRW,KHR,middle,3.665
2016-09-19,KRW,KHR,sell,3.68
2016-09-19,LAK,KHR,buy,0.507
2016-09-19,LAK,KHR,middle,0.5095
2016-09-19,LAK,KHR,sell,0.512
2016-09-19,MMK,KHR,buy,3.34
2016-09-19,MMK,KHR,middle,3.355
2016-09-19,MMK,KHR,sell,3.37
2016-09-19,MYR,KHR,buy,992
2016-09-19,MYR,KHR,middle,997
2016-09-19,MYR,KHR,sell,1002
2016-09-19,NZD,KHR,buy,2983
2016-09-19,NZD,KHR,middle,2998
2016-09-19,NZD,KHR,sell,3013
2016-09-19,PHP,KHR,buy,85.94
2016-09-19,PHP,KHR,middle,86.37
2016-09-19,PHP,KHR,sell,86.8
2016-09-19,SDR,KHR,buy,5742
2016-09-19,SDR,KHR,middle,5771
2016-09-19,SDR,KHR,sell,5800
2016-09-19,SEK,KHR,buy,479
2016-09-19,SEK,KHR,middle,481.5
2016-09-19,SEK,KHR,sell,484
2016-09-19,SGD,KHR,buy,2999
2016-09-19,SGD,KHR,middle,3014
2016-09-19,SGD,KHR,sell,3029
2016-09-19,THB,KHR,buy,118
2016-09-19,THB,KHR,middle,118.5
2016-09-19,THB,KHR,sell,119
2016-09-19,TWD,KHR,buy,130
2016-09-19,TWD,KHR,middle,130.5
2016-09-19,TWD,KHR,sell,131
2016-09-19,USD,KHR,reference,4102
2016-09-19,VND,KHR,buy,0.184
2016-09-19,VND,KHR,middle,0.185
2016-09-19,VND,KHR,sell,0.186
2016-09-21,AUD,KHR,buy,3093
2016-09-21,AUD,KHR,middle,3108.5
2016-09-21,AUD,KHR,sell,3124
2016-09-21,CAD,KHR,buy,3107
2016-09-21,CAD,KHR,middle,3122.5
2016-09-21,CAD,KHR,sell,3138
2016-09-21,CHF,KHR,buy,4184
2016-09-21,CHF,KHR,middle,4204.5
2016-09-21,CHF,KHR,sell,4225
2016-09-21,CNH,KHR,buy,613
2016-09-21,CNH,KHR,middle,616
2016-09-21,CNH,KHR,sell,619
2016-09-21,CNY,KHR,buy,614
2016-09-21,CNY,KHR,middle,617
2016-09-21,CNY,KHR,sell,620
2016-09-21,EUR,KHR,buy,4569
2016-09-21,EUR,KHR,middle,4591.5
2016-09-21,EUR,KHR,sell,4614
2016-09-21,GBP,KHR,buy,5317
2016-09-21,GBP,KHR,middle,5343.5
2016-09-21,GBP,KHR,sell,5370
2016-09-21,HKD,KHR,buy,528
2016-09-21,HKD,KHR,middle,530.5
2016-09-21,HKD,KHR,sell,533
2016-09-21,IDR,KHR,buy,0.312
2016-09-21,IDR,KHR,middle,0.3135
2016-09-21,IDR,KHR,sell,0.315
2016-09-21,INR,KHR,buy,61.14
2016-09-21,INR,KHR,middle,61.445
2016-09-21,INR,KHR,sell,61.75
2016-09-21,JPY,KHR,buy,40.28
2016-09-21,JPY,KHR,middle,40.48
2016-09-21,JPY,KHR,sell,40.68
2016-09-21,KRW,KHR,buy,3.67
2016-09-21,KRW,KHR,middle,3.685
2016-09-21,KRW,KHR,sell,3.7
2016-09-21,LAK,KHR,buy,0.506
2016-09-21,LAK,KHR,middle,0.5085
2016-09-21,LAK,KHR,sell,0.511
2016-09-21,MMK,KHR,buy,3.3
2016-09-21,MMK,KHR,middle,3.315
2016-09-21,MMK,KHR,sell,3.33
2016-09-21,MYR,KHR,buy,992
2016-09-21,MYR,KHR,middle,997
2016-09-21,MYR,KHR,sell,1002
2016-09-21,NZD,KHR,buy,2996
2016-09-21,NZD,KHR,middle,3011
2016-09-21,NZD,KHR,sell,3026
2016-09-21,PHP,KHR,buy,85.66
2016-09-21,PHP,KHR,middle,86.085
2016-09-21,PHP,KHR,sell,86.51
2016-09-21,SDR,KHR,buy,5718
2016-09-21,SDR,KHR,middle,5746.5
2016-09-21,SDR,KHR,sell,5775
2016-09-21,SEK,KHR,buy,477
2016-09-21,SEK,KHR,middle,479
2016-09-21,SEK,KHR,sell,481
2016-09-21,SGD,KHR,buy,3009
2016-09-21,SGD,KHR,middle,3024
2016-09-21,SGD,KHR,sell,3039
2016-09-21,THB,KHR,buy,118
2016-09-21,THB,KHR,middle,118.5
2016-09-21,THB,KHR,sell,119
2016-09-21,TWD,KHR,buy,131
2016-09-21,TWD,KHR,middle,131.5
2016-09-21,TWD,KHR,sell,132
2016-09-21,USD,KHR,reference,4097
2016-09-21,VND,KHR,buy,0.184
2016-09-21,VND,KHR,middle,0.185
2016-09-21,VND,KHR,sell,0.186
2016-09-22,AUD,KHR,buy,3132
2016-09-22,AUD,KHR,middle,3147.5
2016-09-22,AUD,KHR,sell,3163
2016-09-22,CAD,KHR,buy,3133
2016-09-22,CAD,KHR,middle,3149
2016-09-22,CAD,KHR,sell,3165
2016-09-22,CHF,KHR,buy,4208
2016-09-22,CHF,KHR,middle,4229
2016-09-22,CHF,KHR,sell,4250
2016-09-22,CNH,KHR,buy,614
2016-09-22,CNH,KHR,middle,617
2016-09-22,CNH,KHR,sell,620
2016-09-22,CNY,KHR,buy,614
2016-09-22,CNY,KHR,middle,617.5
2016-09-22,CNY,KHR,sell,621
2016-09-22,EUR,KHR,buy,4583
2016-09-22,EUR,KHR,middle,4606
2016-09-22,EUR,KHR,sell,4629
2016-09-22,GBP,KHR,buy,5338
2016-09-22,GBP,KHR,middle,5365
2016-09-22,GBP,KHR,sell,5392
2016-09-22,HKD,KHR,buy,528
2016-09-22,HKD,KHR,middle,530.5
2016-09-22,HKD,KHR,sell,533
2016-09-22,IDR,KHR,buy,0.312
2016-09-22,IDR,KHR,middle,0.3135
2016-09-22,IDR,KHR,sell,0.315
2016-09-22,INR,KHR,buy,61.09
2016-09-22,INR,KHR,middle,61.395
2016-09-22,INR,KHR,sell,61.7
2016-09-22,JPY,KHR,buy,40.85
2016-09-22,JPY,KHR,middle,41.055
2016-09-22,JPY,KHR,sell,41.26
2016-09-22,KRW,KHR,buy,3.72
2016-09-22,KRW,KHR,middle,3.74
2016-09-22,KRW,KHR,sell,3.76
2016-09-22,LAK,KHR,buy,0.505
2016-09-22,LAK,KHR,middle,0.5075
2016-09-22,LAK,KHR,sell,0.51
2016-09-22,MMK,KHR,buy,3.29
2016-09-22,MMK,KHR,middle,3.305
2016-09-22,MMK,KHR,sell,3.32
2016-09-22,MYR,KHR,buy,998
2016-09-22,MYR,KHR,middle,1003
2016-09-22,MYR,KHR,sell,1008
2016-09-22,NZD,KHR,buy,3012
2016-09-22,NZD,KHR,middle,3027
2016-09-22,NZD,KHR,sell,3042
2016-09-22,PHP,KHR,buy,85.71
2016-09-22,PHP,KHR,middle,86.14
2016-09-22,PHP,KHR,sell,86.57
2016-09-22,SDR,KHR,buy,5711
2016-09-22,SDR,KHR,middle,5739.5
2016-09-22,SDR,KHR,sell,5768
2016-09-22,SEK,KHR,buy,479
2016-09-22,SEK,KHR,middle,481.5
2016-09-22,SEK,KHR,sell,484
2016-09-22,SGD,KHR,buy,3030
2016-09-22,SGD,KHR,middle,3045
2016-09-22,SGD,KHR,sell,3060
2016-09-22,THB,KHR,buy,118
2016-09-22,THB,KHR,middle,118.5
2016-09-22,THB,KHR,sell,119
2016-09-22,TWD,KHR,buy,130
2016-09-22,TWD,KHR,middle,131
2016-09-22,TWD,KHR,sell,132
2016-09-22,USD,KHR,reference,4094
2016-09-22,VND,KHR,buy,0.183
2016-09-22,VND,KHR,middle,0.184
2016-09-22,VND,KHR,sell,0.185
2016-09-23,AUD,KHR,buy,3130
2016-09-23,AUD,KHR,middle,3145.5
2016-09-23,AUD,KHR,sell,3161
2016-09-23,CAD,KHR,buy,3137
2016-09-23,CAD,KHR,middle,3152.5
2016-09-23,CAD,KHR,sell,3168
2016-09-23,CHF,KHR,buy,4223
2016-09-23,CHF,KHR,middle,4244.5
2016-09-23,CHF,KHR,sell,4266
2016-09-23,CNH,KHR,buy,613
2016-09-23,CNH,KHR,middle,616
2016-09-23,CNH,KHR,sell,619
2016-09-23,CNY,KHR,buy,614
2016-09-23,CNY,KHR,middle,617
2016-09-23,CNY,KHR,sell,620
2016-09-23,EUR,KHR,buy,4588
2016-09-23,EUR,KHR,middle,4610.5
2016-09-23,EUR,KHR,sell,4633
2016-09-23,GBP,KHR,buy,5354
2016-09-23,GBP,KHR,middle,5381
2016-09-23,GBP,KHR,sell,5408
2016-09-23,HKD,KHR,buy,528
2016-09-23,HKD,KHR,middle,530.5
2016-09-23,HKD,KHR,sell,533
2016-09-23,IDR,KHR,buy,0.313
2016-09-23,IDR,KHR,middle,0.3145
2016-09-23,IDR,KHR,sell,0.316
2016-09-23,INR,KHR,buy,61.38
2016-09-23,INR,KHR,middle,61.69
2016-09-23,INR,KHR,sell,62
2016-09-23,JPY,KHR,buy,40.63
2016-09-23,JPY,KHR,middle,40.835
2016-09-23,JPY,KHR,sell,41.04
2016-09-23,KRW,KHR,buy,3.71
2016-09-23,KRW,KHR,middle,3.73
2016-09-23,KRW,KHR,sell,3.75
2016-09-23,LAK,KHR,buy,0.505
2016-09-23,LAK,KHR,middle,0.5075
2016-09-23,LAK,KHR,sell,0.51
2016-09-23,MMK,KHR,buy,3.3
2016-09-23,MMK,KHR,middle,3.315
2016-09-23,MMK,KHR,sell,3.33
2016-09-23,MYR,KHR,buy,996
2016-09-23,MYR,KHR,middle,1001
2016-09-23,MYR,KHR,sell,1006
2016-09-23,NZD,KHR,buy,2992
2016-09-23,NZD,KHR,middle,3007
2016-09-23,NZD,KHR,sell,3022
2016-09-23,PHP,KHR,buy,85.54
2016-09-23,PHP,KHR,middle,85.97
2016-09-23,PHP,KHR,sell,86.4
2016-09-23,SDR,KHR,buy,5730
2016-09-23,SDR,KHR,middle,5758.5
2016-09-23,SDR,KHR,sell,5787
2016-09-23,SEK,KHR,buy,479
2016-09-23,SEK,KHR,middle,481.5
2016-09-23,SEK,KHR,sell,484
2016-09-23,SGD,KHR,buy,3018
2016-09-23,SGD,KHR,middle,3033
2016-09-23,SGD,KHR,sell,3048
2016-09-23,THB,KHR,buy,118
2016-09-23,THB,KHR,middle,118.5
2016-09-23,THB,KHR,sell,119
2016-09-23,TWD,KHR,buy,130
2016-09-23,TWD,KHR,middle,131
2016-09-23,TWD,KHR,sell,132
2016-09-23,USD,KHR,reference,4092
2016-09-23,VND,KHR,buy,0.183
2016-09-23,VND,KHR,middle,0.184
2016-09-23,VND,KHR,sell,0.185
2016-09-26,AUD,KHR,buy,3116
2016-09-26,AUD,KHR,middle,3131.5
2016-09-26,AUD,KHR,sell,3147
2016-09-26,CAD,KHR,buy,3109
2016-09-26,CAD,KHR,middle,3124.5
2016-09-26,CAD,KHR,sell,3140
2016-09-26,CHF,KHR,buy,4219
2016-09-26,CHF,KHR,middle,4240.5
2016-09-26,CHF,KHR,sell,4262
2016-09-26,CNH,KHR,buy,612
2016-09-26,CNH,KHR,middle,615
2016-09-26,CNH,KHR,sell,618
2016-09-26,CNY,KHR,buy,613
2016-09-26,CNY,KHR,middle,616
2016-09-26,CNY,KHR,sell,619
2016-09-26,EUR,KHR,buy,4596
2016-09-26,EUR,KHR,middle,4619
2016-09-26,EUR,KHR,sell,4642
2016-09-26,GBP,KHR,buy,5308
2016-09-26,GBP,KHR,middle,5334.5
2016-09-26,GBP,KHR,sell,5361
2016-09-26,HKD,KHR,buy,527
2016-09-26,HKD,KHR,middle,529.5
2016-09-26,HKD,KHR,sell,532
2016-09-26,IDR,KHR,buy,0.313
2016-09-26,IDR,KHR,middle,0.3145
2016-09-26,IDR,KHR,sell,0.316
2016-09-26,INR,KHR,buy,61.35
2016-09-26,INR,KHR,middle,61.655
2016-09-26,INR,KHR,sell,61.96
2016-09-26,JPY,KHR,buy,40.56
2016-09-26,JPY,KHR,middle,40.765
2016-09-26,JPY,KHR,sell,40.97
2016-09-26,KRW,KHR,buy,3.71
2016-09-26,KRW,KHR,middle,3.725
2016-09-26,KRW,KHR,sell,3.74
2016-09-26,LAK,KHR,buy,0.505
2016-09-26,LAK,KHR,middle,0.5075
2016-09-26,LAK,KHR,sell,0.51
2016-09-26,MMK,KHR,buy,3.3
2016-09-26,MMK,KHR,middle,3.315
2016-09-26,MMK,KHR,sell,3.33
2016-09-26,MYR,KHR,buy,993
2016-09-26,MYR,KHR,middle,998
2016-09-26,MYR,KHR,sell,1003
2016-09-26,NZD,KHR,buy,2959
2016-09-26,NZD,KHR,middle,2973.5
2016-09-26,NZD,KHR,sell,2988
2016-09-26,PHP,KHR,buy,85.29
2016-09-26,PHP,KHR,middle,85.72
2016-09-26,PHP,KHR,sell,86.15
2016-09-26,SDR,KHR,buy,5720
2016-09-26,SDR,KHR,middle,5748.5
2016-09-26,SDR,KHR,sell,5777
2016-09-26,SEK,KHR,buy,480
2016-09-26,SEK,KHR,middle,482
2016-09-26,SEK,KHR,sell,484
2016-09-26,SGD,KHR,buy,3009
2016-09-26,SGD,KHR,middle,3024
2016-09-26,SGD,KHR,sell,3039
2016-09-26,THB,KHR,buy,118
2016-09-26,THB,KHR,middle,118.5
2016-09-26,THB,KHR,sell,119
2016-09-26,TWD,KHR,buy,130
2016-09-26,TWD,KHR,middle,131
2016-09-26,TWD,KHR,sell,132
2016-09-26,USD,KHR,reference,4089
2016-09-26,VND,KHR,buy,0.183
2016-09-26,VND,KHR,middle,0.184
2016-09-26,VND,KHR,sell,0.185
2016-09-27,AUD,KHR,buy,3109
2016-09-27,AUD,KHR,middle,3124.5
2016-09-27,AUD,KHR,sell,3140
2016-09-27,CAD,KHR,buy,3077
2016-09-27,CAD,KHR,middle,3092.5
2016-09-27,CAD,KHR,sell,3108
2016-09-27,CHF,KHR,buy,4211
2016-09-27,CHF,KHR,middle,4232
2016-09-27,CHF,KHR,sell,4253
2016-09-27,CNH,KHR,buy,611
2016-09-27,CNH,KHR,middle,614
2016-09-27,CNH,KHR,sell,617
2016-09-27,CNY,KHR,buy,612
2016-09-27,CNY,KHR,middle,615.5
2016-09-27,CNY,KHR,sell,619
2016-09-27,EUR,KHR,buy,4590
2016-09-27,EUR,KHR,middle,4612.5
2016-09-27,EUR,KHR,sell,4635
2016-09-27,GBP,KHR,buy,5290
2016-09-27,GBP,KHR,middle,5316
2016-09-27,GBP,KHR,sell,5342
2016-09-27,HKD,KHR,buy,527
2016-09-27,HKD,KHR,middle,529.5
2016-09-27,HKD,KHR,sell,532
2016-09-27,IDR,KHR,buy,0.313
2016-09-27,IDR,KHR,middle,0.3145
2016-09-27,IDR,KHR,sell,0.316
2016-09-27,INR,KHR,buy,61.31
2016-09-27,INR,KHR,middle,61.62
2016-09-27,INR,KHR,sell,61.93
2016-09-27,JPY,KHR,buy,40.67
2016-09-27,JPY,KHR,middle,40.875
2016-09-27,JPY,KHR,sell,41.08
2016-09-27,KRW,KHR,buy,3.67
2016-09-27,KRW,KHR,middle,3.69
2016-09-27,KRW,KHR,sell,3.71
2016-09-27,LAK,KHR,buy,0.504
2016-09-27,LAK,KHR,middle,0.5065
2016-09-27,LAK,KHR,sell,0.509
2016-09-27,MMK,KHR,buy,3.28
2016-09-27,MMK,KHR,middle,3.3
2016-09-27,MMK,KHR,sell,3.32
2016-09-27,MYR,KHR,buy,987
2016-09-27,MYR,KHR,middle,992
2016-09-27,MYR,KHR,sell,997
2016-09-27,NZD,KHR,buy,2965
2016-09-27,NZD,KHR,middle,2980
2016-09-27,NZD,KHR,sell,2995
2016-09-27,PHP,KHR,buy,84.75
2016-09-27,PHP,KHR,middle,85.175
2016-09-27,PHP,KHR,sell,85.6
2016-09-27,SDR,KHR,buy,5716
2016-09-27,SDR,KHR,middle,5744.5
2016-09-27,SDR,KHR,sell,5773
2016-09-27,SEK,KHR,buy,478
2016-09-27,SEK,KHR,middle,480
2016-09-27,SEK,KHR,sell,482
2016-09-27,SGD,KHR,buy,2999
2016-09-27,SGD,KHR,middle,3014
2016-09-27,SGD,KHR,sell,3029
2016-09-27,THB,KHR,buy,118
2016-09-27,THB,KHR,middle,118.5
2016-09-27,THB,KHR,sell,119
2016-09-27,TWD,KHR,buy,129
2016-09-27,TWD,KHR,middle,130
2016-09-27,TWD,KHR,sell,131
2016-09-27,USD,KHR,reference,4084
2016-09-27,VND,KHR,buy,0.183
2016-09-27,VND,KHR,middle,0.184
2016-09-27,VND,KHR,sell,0.185
2016-09-28,AUD,KHR,buy,3129
2016-09-28,AUD,KHR,middle,3145
2016-09-28,AUD,KHR,sell,3161
2016-09-28,CAD,KHR,buy,3088
2016-09-28,CAD,KHR,middle,3103.5
2016-09-28,CAD,KHR,sell,3119
2016-09-28,CHF,KHR,buy,4203
2016-09-28,CHF,KHR,middle,4224
2016-09-28,CHF,KHR,sell,4245
2016-09-28,CNH,KHR,buy,610
2016-09-28,CNH,KHR,middle,613.5
2016-09-28,CNH,KHR,sell,617
2016-09-28,CNY,KHR,buy,612
2016-09-28,CNY,KHR,middle,615
2016-09-28,CNY,KHR,sell,618
2016-09-28,EUR,KHR,buy,4574
2016-09-28,EUR,KHR,middle,4597
2016-09-28,EUR,KHR,sell,4620
2016-09-28,GBP,KHR,buy,5305
2016-09-28,GBP,KHR,middle,5331.5
2016-09-28,GBP,KHR,sell,5358
2016-09-28,HKD,KHR,buy,526
2016-09-28,HKD,KHR,middle,528.5
2016-09-28,HKD,KHR,sell,531
2016-09-28,IDR,KHR,buy,0.315
2016-09-28,IDR,KHR,middle,0.3165
2016-09-28,IDR,KHR,sell,0.318
2016-09-28,INR,KHR,buy,61.37
2016-09-28,INR,KHR,middle,61.675
2016-09-28,INR,KHR,sell,61.98
2016-09-28,JPY,KHR,buy,40.56
2016-09-28,JPY,KHR,middle,40.765
2016-09-28,JPY,KHR,sell,40.97
2016-09-28,KRW,KHR,buy,3.72
2016-09-28,KRW,KHR,middle,3.735
2016-09-28,KRW,KHR,sell,3.75
2016-09-28,LAK,KHR,buy,0.504
2016-09-28,LAK,KHR,middle,0.5065
2016-09-28,LAK,KHR,sell,0.509
2016-09-28,MMK,KHR,buy,3.27
2016-09-28,MMK,KHR,middle,3.285
2016-09-28,MMK,KHR,sell,3.3
2016-09-28,MYR,KHR,buy,988
2016-09-28,MYR,KHR,middle,993
2016-09-28,MYR,KHR,sell,998
2016-09-28,NZD,KHR,buy,2974
2016-09-28,NZD,KHR,middle,2988.5
2016-09-28,NZD,KHR,sell,3003
2016-09-28,PHP,KHR,buy,84.47
2016-09-28,PHP,KHR,middle,84.895
2016-09-28,PHP,KHR,sell,85.32
2016-09-28,SDR,KHR,buy,5713
2016-09-28,SDR,KHR,middle,5741.5
2016-09-28,SDR,KHR,sell,5770
2016-09-28,SEK,KHR,buy,475
2016-09-28,SEK,KHR,middle,477
2016-09-28,SEK,KHR,sell,479
2016-09-28,SGD,KHR,buy,3001
2016-09-28,SGD,KHR,middle,3016
2016-09-28,SGD,KHR,sell,3031
2016-09-28,THB,KHR,buy,118
2016-09-28,THB,KHR,middle,118.5
2016-09-28,THB,KHR,sell,119
2016-09-28,TWD,KHR,buy,130
2016-09-28,TWD,KHR,middle,131
2016-09-28,TWD,KHR,sell,132
2016-09-28,USD,KHR,reference,4080
2016-09-28,VND,KHR,buy,0.183
2016-09-28,VND,KHR,middle,0.184
2016-09-28,VND,KHR,sell,0.185
2016-09-29,AUD,KHR,buy,3138
2016-09-29,AUD,KHR,middle,3153.5
2016-09-29,AUD,KHR,sell,3169
2016-09-29,CAD,KHR,buy,3124
2016-09-29,CAD,KHR,middle,3139.5
2016-09-29,CAD,KHR,sell,3155
2016-09-29,CHF,KHR,buy,4203
2016-09-29,CHF,KHR,middle,4224
2016-09-29,CHF,KHR,sell,4245
2016-09-29,CNH,KHR,buy,610
2016-09-29,CNH,KHR,middle,613.5
2016-09-29,CNH,KHR,sell,617
2016-09-29,CNY,KHR,buy,611
2016-09-29,CNY,KHR,middle,614.5
2016-09-29,CNY,KHR,sell,618
2016-09-29,EUR,KHR,buy,4578
2016-09-29,EUR,KHR,middle,4601
2016-09-29,EUR,KHR,sell,4624
2016-09-29,GBP,KHR,buy,5321
2016-09-29,GBP,KHR,middle,5347.5
2016-09-29,GBP,KHR,sell,5374
2016-09-29,HKD,KHR,buy,526
2016-09-29,HKD,KHR,middle,528.5
2016-09-29,HKD,KHR,sell,531
2016-09-29,IDR,KHR,buy,0.315
2016-09-29,IDR,KHR,middle,0.3165
2016-09-29,IDR,KHR,sell,0.318
2016-09-29,INR,KHR,buy,61.39
2016-09-29,INR,KHR,middle,61.695
2016-09-29,INR,KHR,sell,62
2016-09-29,JPY,KHR,buy,40.4
2016-09-29,JPY,KHR,middle,40.6
2016-09-29,JPY,KHR,sell,40.8
2016-09-29,KRW,KHR,buy,3.74
2016-09-29,KRW,KHR,middle,3.755
2016-09-29,KRW,KHR,sell,3.77
2016-09-29,LAK,KHR,buy,0.503
2016-09-29,LAK,KHR,middle,0.5055
2016-09-29,LAK,KHR,sell,0.508
2016-09-29,MMK,KHR,buy,3.26
2016-09-29,MMK,KHR,middle,3.275
2016-09-29,MMK,KHR,sell,3.29
2016-09-29,MYR,KHR,buy,993
2016-09-29,MYR,KHR,middle,998
2016-09-29,MYR,KHR,sell,1003
2016-09-29,NZD,KHR,buy,2971
2016-09-29,NZD,KHR,middle,2985.5
2016-09-29,NZD,KHR,sell,3000
2016-09-29,PHP,KHR,buy,84.71
2016-09-29,PHP,KHR,middle,85.135
2016-09-29,PHP,KHR,sell,85.56
2016-09-29,SDR,KHR,buy,5708
2016-09-29,SDR,KHR,middle,5736.5
2016-09-29,SDR,KHR,sell,5765
2016-09-29,SEK,KHR,buy,477
2016-09-29,SEK,KHR,middle,479
2016-09-29,SEK,KHR,sell,481
2016-09-29,SGD,KHR,buy,3002
2016-09-29,SGD,KHR,middle,3017
2016-09-29,SGD,KHR,sell,3032
2016-09-29,THB,KHR,buy,118
2016-09-29,THB,KHR,middle,118.5
2016-09-29,THB,KHR,sell,119
2016-09-29,TWD,KHR,buy,130
2016-09-29,TWD,KHR,middle,130.5
2016-09-29,TWD,KHR,sell,131
2016-09-29,USD,KHR,reference,4080
2016-09-29,VND,KHR,buy,0.183
2016-09-29,VND,KHR,middle,0.184
2016-09-29,VND,KHR,sell,0.185
2016-10-03,AUD,KHR,buy,3118
2016-10-03,AUD,KHR,middle,3133.5
2016-10-03,AUD,KHR,sell,3149
2016-10-03,CAD,KHR,buy,3109
2016-10-03,CAD,KHR,middle,3124.5
2016-10-03,CAD,KHR,sell,3140
2016-10-03,CHF,KHR,buy,4197
2016-10-03,CHF,KHR,middle,4218
2016-10-03,CHF,KHR,sell,4239
2016-10-03,CNH,KHR,buy,611
2016-10-03,CNH,KHR,middle,614
2016-10-03,CNH,KHR,sell,617
2016-10-03,CNY,KHR,buy,612
2016-10-03,CNY,KHR,middle,615
2016-10-03,CNY,KHR,sell,618
2016-10-03,EUR,KHR,buy,4581
2016-10-03,EUR,KHR,middle,4604
2016-10-03,EUR,KHR,sell,4627
2016-10-03,GBP,KHR,buy,5276
2016-10-03,GBP,KHR,middle,5302.5
2016-10-03,GBP,KHR,sell,5329
2016-10-03,HKD,KHR,buy,526
2016-10-03,HKD,KHR,middle,528.5
2016-10-03,HKD,KHR,sell,531
2016-10-03,IDR,KHR,buy,0.313
2016-10-03,IDR,KHR,middle,0.3145
2016-10-03,IDR,KHR,sell,0.316
2016-10-03,INR,KHR,buy,61.25
2016-10-03,INR,KHR,middle,61.555
2016-10-03,INR,KHR,sell,61.86
2016-10-03,JPY,KHR,buy,40.16
2016-10-03,JPY,KHR,middle,40.36
2016-10-03,JPY,KHR,sell,40.56
2016-10-03,KRW,KHR,buy,3.71
2016-10-03,KRW,KHR,middle,3.725
2016-10-03,KRW,KHR,sell,3.74
2016-10-03,LAK,KHR,buy,0.503
2016-10-03,LAK,KHR,middle,0.5055
2016-10-03,LAK,KHR,sell,0.508
2016-10-03,MMK,KHR,buy,3.23
2016-10-03,MMK,KHR,middle,3.25
2016-10-03,MMK,KHR,sell,3.27
2016-10-03,MYR,KHR,buy,987
2016-10-03,MYR,KHR,middle,992
2016-10-03,MYR,KHR,sell,997
2016-10-03,NZD,KHR,buy,2961
2016-10-03,NZD,KHR,middle,2976
2016-10-03,NZD,KHR,sell,2991
2016-10-03,PHP,KHR,buy,84.12
2016-10-03,PHP,KHR,middle,84.54
2016-10-03,PHP,KHR,sell,84.96
2016-10-03,SDR,KHR,buy,5695
2016-10-03,SDR,KHR,middle,5723.5
2016-10-03,SDR,KHR,sell,5752
2016-10-03,SEK,KHR,buy,475
2016-10-03,SEK,KHR,middle,477.5
2016-10-03,SEK,KHR,sell,480
2016-10-03,SGD,KHR,buy,2991
2016-10-03,SGD,KHR,middle,3005.5
2016-10-03,SGD,KHR,sell,3020
2016-10-03,THB,KHR,buy,118
2016-10-03,THB,KHR,middle,118.5
2016-10-03,THB,KHR,sell,119
2016-10-03,TWD,KHR,buy,130
2016-10-03,TWD,KHR,middle,130.5
2016-10-03,TWD,KHR,sell,131
2016-10-03,USD,KHR,reference,4080
2016-10-03,VND,KHR,buy,0.183
2016-10-03,VND,KHR,middle,0.184
2016-10-03,VND,KHR,sell,0.185
2016-10-04,AUD,KHR,buy,3132
2016-10-04,AUD,KHR,middle,3148
2016-10-04,AUD,KHR,sell,3164
2016-10-04,CAD,KHR,buy,3109
2016-10-04,CAD,KHR,middle,3124.5
2016-10-04,CAD,KHR,sell,3140
2016-10-04,CHF,KHR,buy,4187
2016-10-04,CHF,KHR,middle,4208
2016-10-04,CHF,KHR,sell,4229
2016-10-04,CNH,KHR,buy,611
2016-10-04,CNH,KHR,middle,614
2016-10-04,CNH,KHR,sell,617
2016-10-04,CNY,KHR,buy,612
2016-10-04,CNY,KHR,middle,615
2016-10-04,CNY,KHR,sell,618
2016-10-04,EUR,KHR,buy,4571
2016-10-04,EUR,KHR,middle,4594
2016-10-04,EUR,KHR,sell,4617
2016-10-04,GBP,KHR,buy,5244
2016-10-04,GBP,KHR,middle,5270
2016-10-04,GBP,KHR,sell,5296
2016-10-04,HKD,KHR,buy,526
2016-10-04,HKD,KHR,middle,528.5
2016-10-04,HKD,KHR,sell,531
2016-10-04,IDR,KHR,buy,0.314
2016-10-04,IDR,KHR,middle,0.3155
2016-10-04,IDR,KHR,sell,0.317
2016-10-04,INR,KHR,buy,61.25
2016-10-04,INR,KHR,middle,61.56
2016-10-04,INR,KHR,sell,61.87
2016-10-04,JPY,KHR,buy,40.03
2016-10-04,JPY,KHR,middle,40.23
2016-10-04,JPY,KHR,sell,40.43
2016-10-04,KRW,KHR,buy,3.7
2016-10-04,KRW,KHR,middle,3.715
2016-10-04,KRW,KHR,sell,3.73
2016-10-04,LAK,KHR,buy,0.503
2016-10-04,LAK,KHR,middle,0.5055
2016-10-04,LAK,KHR,sell,0.508
2016-10-04,MMK,KHR,buy,3.22
2016-10-04,MMK,KHR,middle,3.235
2016-10-04,MMK,KHR,sell,3.25
2016-10-04,MYR,KHR,buy,993
2016-10-04,MYR,KHR,middle,998
2016-10-04,MYR,KHR,sell,1003
2016-10-04,NZD,KHR,buy,2974
2016-10-04,NZD,KHR,middle,2989
2016-10-04,NZD,KHR,sell,3004
2016-10-04,PHP,KHR,buy,84.78
2016-10-04,PHP,KHR,middle,85.205
2016-10-04,PHP,KHR,sell,85.63
2016-10-04,SDR,KHR,buy,5700
2016-10-04,SDR,KHR,middle,5728.5
2016-10-04,SDR,KHR,sell,5757
2016-10-04,SEK,KHR,buy,476
2016-10-04,SEK,KHR,middle,478.5
2016-10-04,SEK,KHR,sell,481
2016-10-04,SGD,KHR,buy,2987
2016-10-04,SGD,KHR,middle,3002
2016-10-04,SGD,KHR,sell,3017
2016-10-04,THB,KHR,buy,118
2016-10-04,THB,KHR,middle,118.5
2016-10-04,THB,KHR,sell,119
2016-10-04,TWD,KHR,buy,130
2016-10-04,TWD,KHR,middle,131
2016-10-04,TWD,KHR,sell,132
2016-10-04,USD,KHR,reference,4078
2016-10-04,VND,KHR,buy,0.183
2016-10-04,VND,KHR,middle,0.184
2016-10-04,VND,KHR,sell,0.185
2016-10-07,AUD,KHR,buy,3084
2016-10-07,AUD,KHR,middle,3099.5
2016-10-07,AUD,KHR,sell,3115
2016-10-07,CAD,KHR,buy,3079
2016-10-07,CAD,KHR,middle,3094.5
2016-10-07,CAD,KHR,sell,3110
2016-10-07,CHF,KHR,buy,4153
2016-10-07,CHF,KHR,middle,4173.5
2016-10-07,CHF,KHR,sell,4194
2016-10-07,CNH,KHR,buy,607
2016-10-07,CNH,KHR,middle,610
2016-10-07,CNH,KHR,sell,613
2016-10-07,CNY,KHR,buy,611
2016-10-07,CNY,KHR,middle,614
2016-10-07,CNY,KHR,sell,617
2016-10-07,EUR,KHR,buy,4538
2016-10-07,EUR,KHR,middle,4560.5
2016-10-07,EUR,KHR,sell,4583
2016-10-07,GBP,KHR,buy,5074
2016-10-07,GBP,KHR,middle,5099.5
2016-10-07,GBP,KHR,sell,5125
2016-10-07,HKD,KHR,buy,525
2016-10-07,HKD,KHR,middle,527.5
2016-10-07,HKD,KHR,sell,530
2016-10-07,IDR,KHR,buy,0.314
2016-10-07,IDR,KHR,middle,0.3155
2016-10-07,IDR,KHR,sell,0.317
2016-10-07,INR,KHR,buy,61.08
2016-10-07,INR,KHR,middle,61.385
2016-10-07,INR,KHR,sell,61.69
2016-10-07,JPY,KHR,buy,39.23
2016-10-07,JPY,KHR,middle,39.43
2016-10-07,JPY,KHR,sell,39.63
2016-10-07,KRW,KHR,buy,3.65
2016-10-07,KRW,KHR,middle,3.67
2016-10-07,KRW,KHR,sell,3.69
2016-10-07,LAK,KHR,buy,0.502
2016-10-07,LAK,KHR,middle,0.5045
2016-10-07,LAK,KHR,sell,0.507
2016-10-07,MMK,KHR,buy,3.21
2016-10-07,MMK,KHR,middle,3.225
2016-10-07,MMK,KHR,sell,3.24
2016-10-07,MYR,KHR,buy,981
2016-10-07,MYR,KHR,middle,986
2016-10-07,MYR,KHR,sell,991
2016-10-07,NZD,KHR,buy,2914
2016-10-07,NZD,KHR,middle,2928.5
2016-10-07,NZD,KHR,sell,2943
2016-10-07,PHP,KHR,buy,84.49
2016-10-07,PHP,KHR,middle,84.91
2016-10-07,PHP,KHR,sell,85.33
2016-10-07,SDR,KHR,buy,5667
2016-10-07,SDR,KHR,middle,5695.5
2016-10-07,SDR,KHR,sell,5724
2016-10-07,SEK,KHR,buy,472
2016-10-07,SEK,KHR,middle,474.5
2016-10-07,SEK,KHR,sell,477
2016-10-07,SGD,KHR,buy,2966
2016-10-07,SGD,KHR,middle,2980.5
2016-10-07,SGD,KHR,sell,2995
2016-10-07,THB,KHR,buy,117
2016-10-07,THB,KHR,middle,117.5
2016-10-07,THB,KHR,sell,118
2016-10-07,TWD,KHR,buy,130
2016-10-07,TWD,KHR,middle,130.5
2016-10-07,TWD,KHR,sell,131
2016-10-07,USD,KHR,reference,4074
2016-10-07,VND,KHR,buy,0.183
2016-10-07,VND,KHR,middle,0.184
2016-10-07,VND,KHR,sell,0.185
2016-10-10,AUD,KHR,buy,3092
2016-10-10,AUD,KHR,middle,3107.5
2016-10-10,AUD,KHR,sell,3123
2016-10-10,CAD,KHR,buy,3074
2016-10-10,CAD,KHR,middle,3089.5
2016-10-10,CAD,KHR,sell,3105
2016-10-10,CHF,KHR,buy,4165
2016-10-10,CHF,KHR,middle,4186
2016-10-10,CHF,KHR,sell,4207
2016-10-10,CNH,KHR,buy,607
2016-10-10,CNH,KHR,middle,610
2016-10-10,CNH,KHR,sell,613
2016-10-10,CNY,KHR,buy,611
2016-10-10,CNY,KHR,middle,614
2016-10-10,CNY,KHR,sell,617
2016-10-10,EUR,KHR,buy,4559
2016-10-10,EUR,KHR,middle,4581.5
2016-10-10,EUR,KHR,sell,4604
2016-10-10,GBP,KHR,buy,5063
2016-10-10,GBP,KHR,middle,5088.5
2016-10-10,GBP,KHR,sell,5114
2016-10-10,HKD,KHR,buy,525
2016-10-10,HKD,KHR,middle,527.5
2016-10-10,HKD,KHR,sell,530
2016-10-10,IDR,KHR,buy,0.314
2016-10-10,IDR,KHR,middle,0.3155
2016-10-10,IDR,KHR,sell,0.317
2016-10-10,INR,KHR,buy,61.07
2016-10-10,INR,KHR,middle,61.375
2016-10-10,INR,KHR,sell,61.68
2016-10-10,JPY,KHR,buy,39.51
2016-10-10,JPY,KHR,middle,39.71
2016-10-10,JPY,KHR,sell,39.91
2016-10-10,KRW,KHR,buy,3.66
2016-10-10,KRW,KHR,middle,3.675
2016-10-10,KRW,KHR,sell,3.69
2016-10-10,LAK,KHR,buy,0.502
2016-10-10,LAK,KHR,middle,0.5045
2016-10-10,LAK,KHR,sell,0.507
2016-10-10,MMK,KHR,buy,3.23
2016-10-10,MMK,KHR,middle,3.245
2016-10-10,MMK,KHR,sell,3.26
2016-10-10,MYR,KHR,buy,982
2016-10-10,MYR,KHR,middle,987
2016-10-10,MYR,KHR,sell,992
2016-10-10,NZD,KHR,buy,2917
2016-10-10,NZD,KHR,middle,2931.5
2016-10-10,NZD,KHR,sell,2946
2016-10-10,PHP,KHR,buy,84.49
2016-10-10,PHP,KHR,middle,84.915
2016-10-10,PHP,KHR,sell,85.34
2016-10-10,SDR,KHR,buy,5644
2016-10-10,SDR,KHR,middle,5672.5
2016-10-10,SDR,KHR,sell,5701
2016-10-10,SEK,KHR,buy,472
2016-10-10,SEK,KHR,middle,474.5
2016-10-10,SEK,KHR,sell,477
2016-10-10,SGD,KHR,buy,2965
2016-10-10,SGD,KHR,middle,2980
2016-10-10,SGD,KHR,sell,2995
2016-10-10,THB,KHR,buy,117
2016-10-10,THB,KHR,middle,117.5
2016-10-10,THB,KHR,sell,118
2016-10-10,TWD,KHR,buy,129
2016-10-10,TWD,KHR,middle,130
2016-10-10,TWD,KHR,sell,131
2016-10-10,USD,KHR,reference,4072
2016-10-10,VND,KHR,buy,0.183
2016-10-10,VND,KHR,middle,0.184
2016-10-10,VND,KHR,sell,0.185
2016-10-12,AUD,KHR,buy,3077
2016-10-12,AUD,KHR,middle,3092.5
2016-10-12,AUD,KHR,sell,3108
2016-10-12,CAD,KHR,buy,3076
2016-10-12,CAD,KHR,middle,3091.5
2016-10-12,CAD,KHR,sell,3107
2016-10-12,CHF,KHR,buy,4120
2016-10-12,CHF,KHR,middle,4140.5
2016-10-12,CHF,KHR,sell,4161
2016-10-12,CNH,KHR,buy,605
2016-10-12,CNH,KHR,middle,608
2016-10-12,CNH,KHR,sell,611
2016-10-12,CNY,KHR,buy,606
2016-10-12,CNY,KHR,middle,609
2016-10-12,CNY,KHR,sell,612
2016-10-12,EUR,KHR,buy,4500
2016-10-12,EUR,KHR,middle,4522.5
2016-10-12,EUR,KHR,sell,4545
2016-10-12,GBP,KHR,buy,4991
2016-10-12,GBP,KHR,middle,5016
2016-10-12,GBP,KHR,sell,5041
2016-10-12,HKD,KHR,buy,525
2016-10-12,HKD,KHR,middle,527.5
2016-10-12,HKD,KHR,sell,530
2016-10-12,IDR,KHR,buy,0.313
2016-10-12,IDR,KHR,middle,0.3145
2016-10-12,IDR,KHR,sell,0.316
2016-10-12,INR,KHR,buy,61.19
2016-10-12,INR,KHR,middle,61.495
2016-10-12,INR,KHR,sell,61.8
2016-10-12,JPY,KHR,buy,39.41
2016-10-12,JPY,KHR,middle,39.605
2016-10-12,JPY,KHR,sell,39.8
2016-10-12,KRW,KHR,buy,3.63
2016-10-12,KRW,KHR,middle,3.645
2016-10-12,KRW,KHR,sell,3.66
2016-10-12,LAK,KHR,buy,0.503
2016-10-12,LAK,KHR,middle,0.5055
2016-10-12,LAK,KHR,sell,0.508
2016-10-12,MMK,KHR,buy,3.26
2016-10-12,MMK,KHR,middle,3.275
2016-10-12,MMK,KHR,sell,3.29
2016-10-12,MYR,KHR,buy,971
2016-10-12,MYR,KHR,middle,976
2016-10-12,MYR,KHR,sell,981
2016-10-12,NZD,KHR,buy,2883
2016-10-12,NZD,KHR,middle,2897.5
2016-10-12,NZD,KHR,sell,2912
2016-10-12,PHP,KHR,buy,83.68
2016-10-12,PHP,KHR,middle,84.095
2016-10-12,PHP,KHR,sell,84.51
2016-10-12,SDR,KHR,buy,5627
2016-10-12,SDR,KHR,middle,5655.5
2016-10-12,SDR,KHR,sell,5684
2016-10-12,SEK,KHR,buy,462
2016-10-12,SEK,KHR,middle,464
2016-10-12,SEK,KHR,sell,466
2016-10-12,SGD,KHR,buy,2955
2016-10-12,SGD,KHR,middle,2969.5
2016-10-12,SGD,KHR,sell,2984
2016-10-12,THB,KHR,buy,115
2016-10-12,THB,KHR,middle,115.5
2016-10-12,THB,KHR,sell,116
2016-10-12,TWD,KHR,buy,129
2016-10-12,TWD,KHR,middle,129.5
2016-10-12,TWD,KHR,sell,130
2016-10-12,USD,KHR,reference,4071
2016-10-12,VND,KHR,buy,0.183
2016-10-12,VND,KHR,middle,0.184
2016-10-12,VND,KHR,sell,0.185
2016-10-13,AUD,KHR,buy,3070
2016-10-13,AUD,KHR,middle,3085.5
2016-10-13,AUD,KHR,sell,3101
2016-10-13,CAD,KHR,buy,3066
2016-10-13,CAD,KHR,middle,3081.5
2016-10-13,CAD,KHR,sell,3097
2016-10-13,CHF,KHR,buy,4111
2016-10-13,CHF,KHR,middle,4131.5
2016-10-13,CHF,KHR,sell,4152
2016-10-13,CNH,KHR,buy,605
2016-10-13,CNH,KHR,middle,608
2016-10-13,CNH,KHR,sell,611
2016-10-13,CNY,KHR,buy,606
2016-10-13,CNY,KHR,middle,609
2016-10-13,CNY,KHR,sell,612
2016-10-13,EUR,KHR,buy,4484
2016-10-13,EUR,KHR,middle,4506.5
2016-10-13,EUR,KHR,sell,4529
2016-10-13,GBP,KHR,buy,4963
2016-10-13,GBP,KHR,middle,4988
2016-10-13,GBP,KHR,sell,5013
2016-10-13,HKD,KHR,buy,525
2016-10-13,HKD,KHR,middle,527.5
2016-10-13,HKD,KHR,sell,530
2016-10-13,IDR,KHR,buy,0.313
2016-10-13,IDR,KHR,middle,0.3145
2016-10-13,IDR,KHR,sell,0.316
2016-10-13,INR,KHR,buy,61.19
2016-10-13,INR,KHR,middle,61.495
2016-10-13,INR,KHR,sell,61.8
2016-10-13,JPY,KHR,buy,39.01
2016-10-13,JPY,KHR,middle,39.205
2016-10-13,JPY,KHR,sell,39.4
2016-10-13,KRW,KHR,buy,3.61
2016-10-13,KRW,KHR,middle,3.63
2016-10-13,KRW,KHR,sell,3.65
2016-10-13,LAK,KHR,buy,0.501
2016-10-13,LAK,KHR,middle,0.5035
2016-10-13,LAK,KHR,sell,0.506
2016-10-13,MMK,KHR,buy,3.23
2016-10-13,MMK,KHR,middle,3.245
2016-10-13,MMK,KHR,sell,3.26
2016-10-13,MYR,KHR,buy,970
2016-10-13,MYR,KHR,middle,975
2016-10-13,MYR,KHR,sell,980
2016-10-13,NZD,KHR,buy,2868
2016-10-13,NZD,KHR,middle,2882
2016-10-13,NZD,KHR,sell,2896
2016-10-13,PHP,KHR,buy,83.87
2016-10-13,PHP,KHR,middle,84.29
2016-10-13,PHP,KHR,sell,84.71
2016-10-13,SDR,KHR,buy,5618
2016-10-13,SDR,KHR,middle,5646.5
2016-10-13,SDR,KHR,sell,5675
2016-10-13,SEK,KHR,buy,460
2016-10-13,SEK,KHR,middle,462
2016-10-13,SEK,KHR,sell,464
2016-10-13,SGD,KHR,buy,2939
2016-10-13,SGD,KHR,middle,2954
2016-10-13,SGD,KHR,sell,2969
2016-10-13,THB,KHR,buy,114
2016-10-13,THB,KHR,middle,114.5
2016-10-13,THB,KHR,sell,115
2016-10-13,TWD,KHR,buy,129
2016-10-13,TWD,KHR,middle,129.5
2016-10-13,TWD,KHR,sell,130
2016-10-13,USD,KHR,reference,4071
2016-10-13,VND,KHR,buy,0.183
2016-10-13,VND,KHR,middle,0.184
2016-10-13,VND,KHR,sell,0.185
2016-10-14,AUD,KHR,buy,3079
2016-10-14,AUD,KHR,middle,3094.5
2016-10-14,AUD,KHR,sell,3110
2016-10-14,CAD,KHR,buy,3084
2016-10-14,CAD,KHR,middle,3099
2016-10-14,CAD,KHR,sell,3114
2016-10-14,CHF,KHR,buy,4126
2016-10-14,CHF,KHR,middle,4146.5
2016-10-14,CHF,KHR,sell,4167
2016-10-14,CNH,KHR,buy,605
2016-10-14,CNH,KHR,middle,608
2016-10-14,CNH,KHR,sell,611
2016-10-14,CNY,KHR,buy,605
2016-10-14,CNY,KHR,middle,608
2016-10-14,CNY,KHR,sell,611
2016-10-14,EUR,KHR,buy,4496
2016-10-14,EUR,KHR,middle,4518.5
2016-10-14,EUR,KHR,sell,4541
2016-10-14,GBP,KHR,buy,4975
2016-10-14,GBP,KHR,middle,5000
2016-10-14,GBP,KHR,sell,5025
2016-10-14,HKD,KHR,buy,525
2016-10-14,HKD,KHR,middle,527.5
2016-10-14,HKD,KHR,sell,530
2016-10-14,IDR,KHR,buy,0.311
2016-10-14,IDR,KHR,middle,0.3125
2016-10-14,IDR,KHR,sell,0.314
2016-10-14,INR,KHR,buy,60.82
2016-10-14,INR,KHR,middle,61.125
2016-10-14,INR,KHR,sell,61.43
2016-10-14,JPY,KHR,buy,39.21
2016-10-14,JPY,KHR,middle,39.405
2016-10-14,JPY,KHR,sell,39.6
2016-10-14,KRW,KHR,buy,3.6
2016-10-14,KRW,KHR,middle,3.62
2016-10-14,KRW,KHR,sell,3.64
2016-10-14,LAK,KHR,buy,0.501
2016-10-14,LAK,KHR,middle,0.5035
2016-10-14,LAK,KHR,sell,0.506
2016-10-14,MMK,KHR,buy,3.22
2016-10-14,MMK,KHR,middle,3.235
2016-10-14,MMK,KHR,sell,3.25
2016-10-14,MYR,KHR,buy,968
2016-10-14,MYR,KHR,middle,973
2016-10-14,MYR,KHR,sell,978
2016-10-14,NZD,KHR,buy,2883
2016-10-14,NZD,KHR,middle,2897.5
2016-10-14,NZD,KHR,sell,2912
2016-10-14,PHP,KHR,buy,84.07
2016-10-14,PHP,KHR,middle,84.49
2016-10-14,PHP,KHR,sell,84.91
2016-10-14,SDR,KHR,buy,5616
2016-10-14,SDR,KHR,middle,5644
2016-10-14,SDR,KHR,sell,5672
2016-10-14,SEK,KHR,buy,463
2016-10-14,SEK,KHR,middle,465
2016-10-14,SEK,KHR,sell,467
2016-10-14,SGD,KHR,buy,2944
2016-10-14,SGD,KHR,middle,2959
2016-10-14,SGD,KHR,sell,2974
2016-10-14,THB,KHR,buy,115
2016-10-14,THB,KHR,middle,115.5
2016-10-14,THB,KHR,sell,116
2016-10-14,TWD,KHR,buy,128
2016-10-14,TWD,KHR,middle,129
2016-10-14,TWD,KHR,sell,130
2016-10-14,USD,KHR,reference,4071
2016-10-14,VND,KHR,buy,0.183
2016-10-14,VND,KHR,middle,0.184
2016-10-14,VND,KHR,sell,0.185
2016-10-17,AUD,KHR,buy,3089
2016-10-17,AUD,KHR,middle,3104.5
2016-10-17,AUD,KHR,sell,3120
2016-10-17,CAD,KHR,buy,3096
2016-10-17,CAD,KHR,middle,3111.5
2016-10-17,CAD,KHR,sell,3127
2016-10-17,CHF,KHR,buy,4109
2016-10-17,CHF,KHR,middle,4129.5
2016-10-17,CHF,KHR,sell,4150
2016-10-17,CNH,KHR,buy,604
2016-10-17,CNH,KHR,middle,607
2016-10-17,CNH,KHR,sell,610
2016-10-17,CNY,KHR,buy,605
2016-10-17,CNY,KHR,middle,608
2016-10-17,CNY,KHR,sell,611
2016-10-17,EUR,KHR,buy,4463
2016-10-17,EUR,KHR,middle,4485.5
2016-10-17,EUR,KHR,sell,4508
2016-10-17,GBP,KHR,buy,4951
2016-10-17,GBP,KHR,middle,4976
2016-10-17,GBP,KHR,sell,5001
2016-10-17,HKD,KHR,buy,524
2016-10-17,HKD,KHR,middle,527
2016-10-17,HKD,KHR,sell,530
2016-10-17,IDR,KHR,buy,0.312
2016-10-17,IDR,KHR,middle,0.3135
2016-10-17,IDR,KHR,sell,0.315
2016-10-17,INR,KHR,buy,61
2016-10-17,INR,KHR,middle,61.305
2016-10-17,INR,KHR,sell,61.61
2016-10-17,JPY,KHR,buy,39.08
2016-10-17,JPY,KHR,middle,39.275
2016-10-17,JPY,KHR,sell,39.47
2016-10-17,KRW,KHR,buy,3.58
2016-10-17,KRW,KHR,middle,3.595
2016-10-17,KRW,KHR,sell,3.61
2016-10-17,LAK,KHR,buy,0.501
2016-10-17,LAK,KHR,middle,0.5035
2016-10-17,LAK,KHR,sell,0.506
2016-10-17,MMK,KHR,buy,3.21
2016-10-17,MMK,KHR,middle,3.23
2016-10-17,MMK,KHR,sell,3.25
2016-10-17,MYR,KHR,buy,967
2016-10-17,MYR,KHR,middle,971.5
2016-10-17,MYR,KHR,sell,976
2016-10-17,NZD,KHR,buy,2884
2016-10-17,NZD,KHR,middle,2898.5
2016-10-17,NZD,KHR,sell,2913
2016-10-17,PHP,KHR,buy,84
2016-10-17,PHP,KHR,middle,84.42
2016-10-17,PHP,KHR,sell,84.84
2016-10-17,SDR,KHR,buy,5610
2016-10-17,SDR,KHR,middle,5638
2016-10-17,SDR,KHR,sell,5666
2016-10-17,SEK,KHR,buy,460
2016-10-17,SEK,KHR,middle,462.5
2016-10-17,SEK,KHR,sell,465
2016-10-17,SGD,KHR,buy,2924
2016-10-17,SGD,KHR,middle,2938.5
2016-10-17,SGD,KHR,sell,2953
2016-10-17,THB,KHR,buy,115
2016-10-17,THB,KHR,middle,115.5
2016-10-17,THB,KHR,sell,116
2016-10-17,TWD,KHR,buy,129
2016-10-17,TWD,KHR,middle,129.5
2016-10-17,TWD,KHR,sell,130
2016-10-17,USD,KHR,reference,4069
2016-10-17,VND,KHR,buy,0.183
2016-10-17,VND,KHR,middle,0.1835
2016-10-17,VND,KHR,sell,0.184
2016-10-18,AUD,KHR,buy,3111
2016-10-18,AUD,KHR,middle,3126.5
2016-10-18,AUD,KHR,sell,3142
2016-10-18,CAD,KHR,buy,3104
2016-10-18,CAD,KHR,middle,3119.5
2016-10-18,CAD,KHR,sell,3135
2016-10-18,CHF,KHR,buy,4118
2016-10-18,CHF,KHR,middle,4139
2016-10-18,CHF,KHR,sell,4160
2016-10-18,CNH,KHR,buy,603
2016-10-18,CNH,KHR,middle,606
2016-10-18,CNH,KHR,sell,609
2016-10-18,CNY,KHR,buy,604
2016-10-18,CNY,KHR,middle,607
2016-10-18,CNY,KHR,sell,610
2016-10-18,EUR,KHR,buy,4482
2016-10-18,EUR,KHR,middle,4504
2016-10-18,EUR,KHR,sell,4526
2016-10-18,GBP,KHR,buy,4974
2016-10-18,GBP,KHR,middle,4999
2016-10-18,GBP,KHR,sell,5024
2016-10-18,HKD,KHR,buy,524
2016-10-18,HKD,KHR,middle,527
2016-10-18,HKD,KHR,sell,530
2016-10-18,IDR,KHR,buy,0.311
2016-10-18,IDR,KHR,middle,0.313
2016-10-18,IDR,KHR,sell,0.315
2016-10-18,INR,KHR,buy,60.84
2016-10-18,INR,KHR,middle,61.14
2016-10-18,INR,KHR,sell,61.44
2016-10-18,JPY,KHR,buy,39.23
2016-10-18,JPY,KHR,middle,39.425
2016-10-18,JPY,KHR,sell,39.62
2016-10-18,KRW,KHR,buy,3.59
2016-10-18,KRW,KHR,middle,3.61
2016-10-18,KRW,KHR,sell,3.63
2016-10-18,LAK,KHR,buy,0.501
2016-10-18,LAK,KHR,middle,0.5035
2016-10-18,LAK,KHR,sell,0.506
2016-10-18,MMK,KHR,buy,3.21
2016-10-18,MMK,KHR,middle,3.225
2016-10-18,MMK,KHR,sell,3.24
2016-10-18,MYR,KHR,buy,968
2016-10-18,MYR,KHR,middle,972.5
2016-10-18,MYR,KHR,sell,977
2016-10-18,NZD,KHR,buy,2922
2016-10-18,NZD,KHR,middle,2936.5
2016-10-18,NZD,KHR,sell,2951
2016-10-18,PHP,KHR,buy,83.85
2016-10-18,PHP,KHR,middle,84.27
2016-10-18,PHP,KHR,sell,84.69
2016-10-18,SDR,KHR,buy,5603
2016-10-18,SDR,KHR,middle,5631
2016-10-18,SDR,KHR,sell,5659
2016-10-18,SEK,KHR,buy,462
2016-10-18,SEK,KHR,middle,464.5
2016-10-18,SEK,KHR,sell,467
2016-10-18,SGD,KHR,buy,2935
2016-10-18,SGD,KHR,middle,2949.5
2016-10-18,SGD,KHR,sell,2964
2016-10-18,THB,KHR,buy,116
2016-10-18,THB,KHR,middle,116.5
2016-10-18,THB,KHR,sell,117
2016-10-18,TWD,KHR,buy,128
2016-10-18,TWD,KHR,middle,128.5
2016-10-18,TWD,KHR,sell,129
2016-10-18,USD,KHR,reference,4069
2016-10-18,VND,KHR,buy,0.183
2016-10-18,VND,KHR,middle,0.1835
2016-10-18,VND,KHR,sell,0.184
2016-10-19,AUD,KHR,buy,3116
2016-10-19,AUD,KHR,middle,3132
2016-10-19,AUD,KHR,sell,3148
2016-10-19,CAD,KHR,buy,3098
2016-10-19,CAD,KHR,middle,3113.5
2016-10-19,CAD,KHR,sell,3129
2016-10-19,CHF,KHR,buy,4101
2016-10-19,CHF,KHR,middle,4121.5
2016-10-19,CHF,KHR,sell,4142
2016-10-19,CNH,KHR,buy,602
2016-10-19,CNH,KHR,middle,605
2016-10-19,CNH,KHR,sell,608
2016-10-19,CNY,KHR,buy,602
2016-10-19,CNY,KHR,middle,605
2016-10-19,CNY,KHR,sell,608
2016-10-19,EUR,KHR,buy,4457
2016-10-19,EUR,KHR,middle,4479
2016-10-19,EUR,KHR,sell,4501
2016-10-19,GBP,KHR,buy,4995
2016-10-19,GBP,KHR,middle,5020
2016-10-19,GBP,KHR,sell,5045
2016-10-19,HKD,KHR,buy,523
2016-10-19,HKD,KHR,middle,525.5
2016-10-19,HKD,KHR,sell,528
2016-10-19,IDR,KHR,buy,0.312
2016-10-19,IDR,KHR,middle,0.3135
2016-10-19,IDR,KHR,sell,0.315
2016-10-19,INR,KHR,buy,60.85
2016-10-19,INR,KHR,middle,61.155
2016-10-19,INR,KHR,sell,61.46
2016-10-19,JPY,KHR,buy,39.1
2016-10-19,JPY,KHR,middle,39.295
2016-10-19,JPY,KHR,sell,39.49
2016-10-19,KRW,KHR,buy,3.61
2016-10-19,KRW,KHR,middle,3.63
2016-10-19,KRW,KHR,sell,3.65
2016-10-19,LAK,KHR,buy,0.5
2016-10-19,LAK,KHR,middle,0.5025
2016-10-19,LAK,KHR,sell,0.505
2016-10-19,MMK,KHR,buy,3.2
2016-10-19,MMK,KHR,middle,3.215
2016-10-19,MMK,KHR,sell,3.23
2016-10-19,MYR,KHR,buy,969
2016-10-19,MYR,KHR,middle,973.5
2016-10-19,MYR,KHR,sell,978
2016-10-19,NZD,KHR,buy,2926
2016-10-19,NZD,KHR,middle,2940.5
2016-10-19,NZD,KHR,sell,2955
2016-10-19,PHP,KHR,buy,84.23
2016-10-19,PHP,KHR,middle,84.65
2016-10-19,PHP,KHR,sell,85.07
2016-10-19,SDR,KHR,buy,5600
2016-10-19,SDR,KHR,middle,5628
2016-10-19,SDR,KHR,sell,5656
2016-10-19,SEK,KHR,buy,460
2016-10-19,SEK,KHR,middle,462
2016-10-19,SEK,KHR,sell,464
2016-10-19,SGD,KHR,buy,2929
2016-10-19,SGD,KHR,middle,2944
2016-10-19,SGD,KHR,sell,2959
2016-10-19,THB,KHR,buy,116
2016-10-19,THB,KHR,middle,116.5
2016-10-19,THB,KHR,sell,117
2016-10-19,TWD,KHR,buy,128
2016-10-19,TWD,KHR,middle,129
2016-10-19,TWD,KHR,sell,130
2016-10-19,USD,KHR,reference,4060
2016-10-19,VND,KHR,buy,0.182
2016-10-19,VND,KHR,middle,0.183
2016-10-19,VND,KHR,sell,0.184
2016-10-20,AUD,KHR,buy,3136
2016-10-20,AUD,KHR,middle,3151.5
2016-10-20,AUD,KHR,sell,3167
2016-10-20,CAD,KHR,buy,3091
2016-10-20,CAD,KHR,middle,3106.5
2016-10-20,CAD,KHR,sell,3122
2016-10-20,CHF,KHR,buy,4103
2016-10-20,CHF,KHR,middle,4124
2016-10-20,CHF,KHR,sell,4145
2016-10-20,CNH,KHR,buy,602
2016-10-20,CNH,KHR,middle,605
2016-10-20,CNH,KHR,sell,608
2016-10-20,CNY,KHR,buy,603
2016-10-20,CNY,KHR,middle,606
2016-10-20,CNY,KHR,sell,609
2016-10-20,EUR,KHR,buy,4454
2016-10-20,EUR,KHR,middle,4476
2016-10-20,EUR,KHR,sell,4498
2016-10-20,GBP,KHR,buy,4987
2016-10-20,GBP,KHR,middle,5012
2016-10-20,GBP,KHR,sell,5037
2016-10-20,HKD,KHR,buy,523
2016-10-20,HKD,KHR,middle,526
2016-10-20,HKD,KHR,sell,529
2016-10-20,IDR,KHR,buy,0.312
2016-10-20,IDR,KHR,middle,0.3135
2016-10-20,IDR,KHR,sell,0.315
2016-10-20,INR,KHR,buy,60.89
2016-10-20,INR,KHR,middle,61.195
2016-10-20,INR,KHR,sell,61.5
2016-10-20,JPY,KHR,buy,39.23
2016-10-20,JPY,KHR,middle,39.43
2016-10-20,JPY,KHR,sell,39.63
2016-10-20,KRW,KHR,buy,3.63
2016-10-20,KRW,KHR,middle,3.645
2016-10-20,KRW,KHR,sell,3.66
2016-10-20,LAK,KHR,buy,0.5
2016-10-20,LAK,KHR,middle,0.5025
2016-10-20,LAK,KHR,sell,0.505
2016-10-20,MMK,KHR,buy,3.19
2016-10-20,MMK,KHR,middle,3.205
2016-10-20,MMK,KHR,sell,3.22
2016-10-20,MYR,KHR,buy,973
2016-10-20,MYR,KHR,middle,978
2016-10-20,MYR,KHR,sell,983
2016-10-20,NZD,KHR,buy,2935
2016-10-20,NZD,KHR,middle,2949.5
2016-10-20,NZD,KHR,sell,2964
2016-10-20,PHP,KHR,buy,84.13
2016-10-20,PHP,KHR,middle,84.55
2016-10-20,PHP,KHR,sell,84.97
2016-10-20,SDR,KHR,buy,5599
2016-10-20,SDR,KHR,middle,5627
2016-10-20,SDR,KHR,sell,5655
2016-10-20,SEK,KHR,buy,459
2016-10-20,SEK,KHR,middle,461.5
2016-10-20,SEK,KHR,sell,464
2016-10-20,SGD,KHR,buy,2930
2016-10-20,SGD,KHR,middle,2944.5
2016-10-20,SGD,KHR,sell,2959
2016-10-20,THB,KHR,buy,117
2016-10-20,THB,KHR,middle,117.5
2016-10-20,THB,KHR,sell,118
2016-10-20,TWD,KHR,buy,129
2016-10-20,TWD,KHR,middle,129.5
2016-10-20,TWD,KHR,sell,130
2016-10-20,USD,KHR,reference,4060
2016-10-20,VND,KHR,buy,0.182
2016-10-20,VND,KHR,middle,0.183
2016-10-20,VND,KHR,sell,0.184
2016-10-21,AUD,KHR,buy,3094
2016-10-21,AUD,KHR,middle,3109.5
2016-10-21,AUD,KHR,sell,3125
2016-10-21,CAD,KHR,buy,3065
2016-10-21,CAD,KHR,middle,3080.5
2016-10-21,CAD,KHR,sell,3096
2016-10-21,CHF,KHR,buy,4085
2016-10-21,CHF,KHR,middle,4105.5
2016-10-21,CHF,KHR,sell,4126
2016-10-21,CNH,KHR,buy,601
2016-10-21,CNH,KHR,middle,604
2016-10-21,CNH,KHR,sell,607
2016-10-21,CNY,KHR,buy,602
2016-10-21,CNY,KHR,middle,605
2016-10-21,CNY,KHR,sell,608
2016-10-21,EUR,KHR,buy,4432
2016-10-21,EUR,KHR,middle,4454
2016-10-21,EUR,KHR,sell,4476
2016-10-21,GBP,KHR,buy,4969
2016-10-21,GBP,KHR,middle,4994
2016-10-21,GBP,KHR,sell,5019
2016-10-21,HKD,KHR,buy,523
2016-10-21,HKD,KHR,middle,525.5
2016-10-21,HKD,KHR,sell,528
2016-10-21,IDR,KHR,buy,0.312
2016-10-21,IDR,KHR,middle,0.3135
2016-10-21,IDR,KHR,sell,0.315
2016-10-21,INR,KHR,buy,60.73
2016-10-21,INR,KHR,middle,61.035
2016-10-21,INR,KHR,sell,61.34
2016-10-21,JPY,KHR,buy,38.98
2016-10-21,JPY,KHR,middle,39.175
2016-10-21,JPY,KHR,sell,39.37
2016-10-21,KRW,KHR,buy,3.58
2016-10-21,KRW,KHR,middle,3.595
2016-10-21,KRW,KHR,sell,3.61
2016-10-21,LAK,KHR,buy,0.499
2016-10-21,LAK,KHR,middle,0.5015
2016-10-21,LAK,KHR,sell,0.504
2016-10-21,MMK,KHR,buy,3.17
2016-10-21,MMK,KHR,middle,3.185
2016-10-21,MMK,KHR,sell,3.2
2016-10-21,MYR,KHR,buy,970
2016-10-21,MYR,KHR,middle,975
2016-10-21,MYR,KHR,sell,980
2016-10-21,NZD,KHR,buy,2912
2016-10-21,NZD,KHR,middle,2926.5
2016-10-21,NZD,KHR,sell,2941
2016-10-21,PHP,KHR,buy,84.36
2016-10-21,PHP,KHR,middle,84.785
2016-10-21,PHP,KHR,sell,85.21
2016-10-21,SDR,KHR,buy,5590
2016-10-21,SDR,KHR,middle,5618
2016-10-21,SDR,KHR,sell,5646
2016-10-21,SEK,KHR,buy,457
2016-10-21,SEK,KHR,middle,459.5
2016-10-21,SEK,KHR,sell,462
2016-10-21,SGD,KHR,buy,2915
2016-10-21,SGD,KHR,middle,2929.5
2016-10-21,SGD,KHR,sell,2944
2016-10-21,THB,KHR,buy,116
2016-10-21,THB,KHR,middle,116.5
2016-10-21,THB,KHR,sell,117
2016-10-21,TWD,KHR,buy,129
2016-10-21,TWD,KHR,middle,129.5
2016-10-21,TWD,KHR,sell,130
2016-10-21,USD,KHR,reference,4057
2016-10-21,VND,KHR,buy,0.182
2016-10-21,VND,KHR,middle,0.183
2016-10-21,VND,KHR,sell,0.184
2016-10-24,AUD,KHR,buy,3084
2016-10-24,AUD,KHR,middle,3099.5
2016-10-24,AUD,KHR,sell,3115
2016-10-24,CAD,KHR,buy,3038
2016-10-24,CAD,KHR,middle,3053
2016-10-24,CAD,KHR,sell,3068
2016-10-24,CHF,KHR,buy,4079
2016-10-24,CHF,KHR,middle,4099.5
2016-10-24,CHF,KHR,sell,4120
2016-10-24,CNH,KHR,buy,599
2016-10-24,CNH,KHR,middle,602
2016-10-24,CNH,KHR,sell,605
2016-10-24,CNY,KHR,buy,599
2016-10-24,CNY,KHR,middle,602
2016-10-24,CNY,KHR,sell,605
2016-10-24,EUR,KHR,buy,4412
2016-10-24,EUR,KHR,middle,4434
2016-10-24,EUR,KHR,sell,4456
2016-10-24,GBP,KHR,buy,4953
2016-10-24,GBP,KHR,middle,4977.5
2016-10-24,GBP,KHR,sell,5002
2016-10-24,HKD,KHR,buy,523
2016-10-24,HKD,KHR,middle,525.5
2016-10-24,HKD,KHR,sell,528
2016-10-24,IDR,KHR,buy,0.311
2016-10-24,IDR,KHR,middle,0.3125
2016-10-24,IDR,KHR,sell,0.314
2016-10-24,INR,KHR,buy,60.63
2016-10-24,INR,KHR,middle,60.93
2016-10-24,INR,KHR,sell,61.23
2016-10-24,JPY,KHR,buy,39.03
2016-10-24,JPY,KHR,middle,39.225
2016-10-24,JPY,KHR,sell,39.42
2016-10-24,KRW,KHR,buy,3.57
2016-10-24,KRW,KHR,middle,3.59
2016-10-24,KRW,KHR,sell,3.61
2016-10-24,LAK,KHR,buy,0.499
2016-10-24,LAK,KHR,middle,0.5015
2016-10-24,LAK,KHR,sell,0.504
2016-10-24,MMK,KHR,buy,3.16
2016-10-24,MMK,KHR,middle,3.175
2016-10-24,MMK,KHR,sell,3.19
2016-10-24,MYR,KHR,buy,969
2016-10-24,MYR,KHR,middle,974
2016-10-24,MYR,KHR,sell,979
2016-10-24,NZD,KHR,buy,2903
2016-10-24,NZD,KHR,middle,2917.5
2016-10-24,NZD,KHR,sell,2932
2016-10-24,PHP,KHR,buy,84.01
2016-10-24,PHP,KHR,middle,84.43
2016-10-24,PHP,KHR,sell,84.85
2016-10-24,SDR,KHR,buy,5570
2016-10-24,SDR,KHR,middle,5597.5
2016-10-24,SDR,KHR,sell,5625
2016-10-24,SEK,KHR,buy,455
2016-10-24,SEK,KHR,middle,457
2016-10-24,SEK,KHR,sell,459
2016-10-24,SGD,KHR,buy,2910
2016-10-24,SGD,KHR,middle,2924.5
2016-10-24,SGD,KHR,sell,2939
2016-10-24,THB,KHR,buy,116
2016-10-24,THB,KHR,middle,116.5
2016-10-24,THB,KHR,sell,117
2016-10-24,TWD,KHR,buy,128
2016-10-24,TWD,KHR,middle,129
2016-10-24,TWD,KHR,sell,130
2016-10-24,USD,KHR,reference,4055
2016-10-24,VND,KHR,buy,0.182
2016-10-24,VND,KHR,middle,0.183
2016-10-24,VND,KHR,sell,0.184
2016-10-25,AUD,KHR,buy,3080
2016-10-25,AUD,KHR,middle,3095.5
2016-10-25,AUD,KHR,sell,3111
2016-10-25,CAD,KHR,buy,3039
2016-10-25,CAD,KHR,middle,3054
2016-10-25,CAD,KHR,sell,3069
2016-10-25,CHF,KHR,buy,4081
2016-10-25,CHF,KHR,middle,4101.5
2016-10-25,CHF,KHR,sell,4122
2016-10-25,CNH,KHR,buy,598
2016-10-25,CNH,KHR,middle,601
2016-10-25,CNH,KHR,sell,604
2016-10-25,CNY,KHR,buy,599
2016-10-25,CNY,KHR,middle,602
2016-10-25,CNY,KHR,sell,605
2016-10-25,EUR,KHR,buy,4410
2016-10-25,EUR,KHR,middle,4432
2016-10-25,EUR,KHR,sell,4454
2016-10-25,GBP,KHR,buy,4957
2016-10-25,GBP,KHR,middle,4982
2016-10-25,GBP,KHR,sell,5007
2016-10-25,HKD,KHR,buy,523
2016-10-25,HKD,KHR,middle,525.5
2016-10-25,HKD,KHR,sell,528
2016-10-25,IDR,KHR,buy,0.312
2016-10-25,IDR,KHR,middle,0.3135
2016-10-25,IDR,KHR,sell,0.315
2016-10-25,INR,KHR,buy,60.66
2016-10-25,INR,KHR,middle,60.965
2016-10-25,INR,KHR,sell,61.27
2016-10-25,JPY,KHR,buy,38.89
2016-10-25,JPY,KHR,middle,39.08
2016-10-25,JPY,KHR,sell,39.27
2016-10-25,KRW,KHR,buy,3.57
2016-10-25,KRW,KHR,middle,3.59
2016-10-25,KRW,KHR,sell,3.61
2016-10-25,LAK,KHR,buy,0.499
2016-10-25,LAK,KHR,middle,0.5015
2016-10-25,LAK,KHR,sell,0.504
2016-10-25,MMK,KHR,buy,3.17
2016-10-25,MMK,KHR,middle,3.185
2016-10-25,MMK,KHR,sell,3.2
2016-10-25,MYR,KHR,buy,973
2016-10-25,MYR,KHR,middle,977.5
2016-10-25,MYR,KHR,sell,982
2016-10-25,NZD,KHR,buy,2892
2016-10-25,NZD,KHR,middle,2906.5
2016-10-25,NZD,KHR,sell,2921
2016-10-25,PHP,KHR,buy,84.06
2016-10-25,PHP,KHR,middle,84.48
2016-10-25,PHP,KHR,sell,84.9
2016-10-25,SDR,KHR,buy,5570
2016-10-25,SDR,KHR,middle,5598
2016-10-25,SDR,KHR,sell,5626
2016-10-25,SEK,KHR,buy,455
2016-10-25,SEK,KHR,middle,457.5
2016-10-25,SEK,KHR,sell,460
2016-10-25,SGD,KHR,buy,2909
2016-10-25,SGD,KHR,middle,2923.5
2016-10-25,SGD,KHR,sell,2938
2016-10-25,THB,KHR,buy,116
2016-10-25,THB,KHR,middle,116.5
2016-10-25,THB,KHR,sell,117
2016-10-25,TWD,KHR,buy,128
2016-10-25,TWD,KHR,middle,128.5
2016-10-25,TWD,KHR,sell,129
2016-10-25,USD,KHR,reference,4055
2016-10-25,VND,KHR,buy,0.182
2016-10-25,VND,KHR,middle,0.183
2016-10-25,VND,KHR,sell,0.184
2016-10-26,AUD,KHR,buy,3100
2016-10-26,AUD,KHR,middle,3115.5
2016-10-26,AUD,KHR,sell,3131
2016-10-26,CAD,KHR,buy,3037
2016-10-26,CAD,KHR,middle,3052.5
2016-10-26,CAD,KHR,sell,3068
2016-10-26,CHF,KHR,buy,4078
2016-10-26,CHF,KHR,middle,4098.5
2016-10-26,CHF,KHR,sell,4119
2016-10-26,CNH,KHR,buy,598
2016-10-26,CNH,KHR,middle,601
2016-10-26,CNH,KHR,sell,604
2016-10-26,CNY,KHR,buy,598
2016-10-26,CNY,KHR,middle,601
2016-10-26,CNY,KHR,sell,604
2016-10-26,EUR,KHR,buy,4415
2016-10-26,EUR,KHR,middle,4437.5
2016-10-26,EUR,KHR,sell,4460
2016-10-26,GBP,KHR,buy,4938
2016-10-26,GBP,KHR,middle,4963
2016-10-26,GBP,KHR,sell,4988
2016-10-26,HKD,KHR,buy,523
2016-10-26,HKD,KHR,middle,525.5
2016-10-26,HKD,KHR,sell,528
2016-10-26,IDR,KHR,buy,0.312
2016-10-26,IDR,KHR,middle,0.3135
2016-10-26,IDR,KHR,sell,0.315
2016-10-26,INR,KHR,buy,60.69
2016-10-26,INR,KHR,middle,60.99
2016-10-26,INR,KHR,sell,61.29
2016-10-26,JPY,KHR,buy,38.96
2016-10-26,JPY,KHR,middle,39.155
2016-10-26,JPY,KHR,sell,39.35
2016-10-26,KRW,KHR,buy,3.59
2016-10-26,KRW,KHR,middle,3.61
2016-10-26,KRW,KHR,sell,3.63
2016-10-26,LAK,KHR,buy,0.499
2016-10-26,LAK,KHR,middle,0.5015
2016-10-26,LAK,KHR,sell,0.504
2016-10-26,MMK,KHR,buy,3.16
2016-10-26,MMK,KHR,middle,3.175
2016-10-26,MMK,KHR,sell,3.19
2016-10-26,MYR,KHR,buy,978
2016-10-26,MYR,KHR,middle,983
2016-10-26,MYR,KHR,sell,988
2016-10-26,NZD,KHR,buy,2906
2016-10-26,NZD,KHR,middle,2920.5
2016-10-26,NZD,KHR,sell,2935
2016-10-26,PHP,KHR,buy,83.99
2016-10-26,PHP,KHR,middle,84.41
2016-10-26,PHP,KHR,sell,84.83
2016-10-26,SDR,KHR,buy,5564
2016-10-26,SDR,KHR,middle,5592
2016-10-26,SDR,KHR,sell,5620
2016-10-26,SEK,KHR,buy,454
2016-10-26,SEK,KHR,middle,456.5
2016-10-26,SEK,KHR,sell,459
2016-10-26,SGD,KHR,buy,2920
2016-10-26,SGD,KHR,middle,2934.5
2016-10-26,SGD,KHR,sell,2949
2016-10-26,THB,KHR,buy,116
2016-10-26,THB,KHR,middle,116.5
2016-10-26,THB,KHR,sell,117
2016-10-26,TWD,KHR,buy,128
2016-10-26,TWD,KHR,middle,129
2016-10-26,TWD,KHR,sell,130
2016-10-26,USD,KHR,reference,4055
2016-10-26,VND,KHR,buy,0.182
2016-10-26,VND,KHR,middle,0.183
2016-10-26,VND,KHR,sell,0.184
2016-10-27,AUD,KHR,buy,3099
2016-10-27,AUD,KHR,middle,3114.5
2016-10-27,AUD,KHR,sell,3130
2016-10-27,CAD,KHR,buy,3031
2016-10-27,CAD,KHR,middle,3046.5
2016-10-27,CAD,KHR,sell,3062
2016-10-27,CHF,KHR,buy,4081
2016-10-27,CHF,KHR,middle,4101.5
2016-10-27,CHF,KHR,sell,4122
2016-10-27,CNH,KHR,buy,598
2016-10-27,CNH,KHR,middle,601
2016-10-27,CNH,KHR,sell,604
2016-10-27,CNY,KHR,buy,599
2016-10-27,CNY,KHR,middle,602
2016-10-27,CNY,KHR,sell,605
2016-10-27,EUR,KHR,buy,4422
2016-10-27,EUR,KHR,middle,4444
2016-10-27,EUR,KHR,sell,4466
2016-10-27,GBP,KHR,buy,4961
2016-10-27,GBP,KHR,middle,4985.5
2016-10-27,GBP,KHR,sell,5010
2016-10-27,HKD,KHR,buy,523
2016-10-27,HKD,KHR,middle,525.5
2016-10-27,HKD,KHR,sell,528
2016-10-27,IDR,KHR,buy,0.312
2016-10-27,IDR,KHR,middle,0.3135
2016-10-27,IDR,KHR,sell,0.315
2016-10-27,INR,KHR,buy,60.66
2016-10-27,INR,KHR,middle,60.965
2016-10-27,INR,KHR,sell,61.27
2016-10-27,JPY,KHR,buy,38.76
2016-10-27,JPY,KHR,middle,38.955
2016-10-27,JPY,KHR,sell,39.15
2016-10-27,KRW,KHR,buy,3.58
2016-10-27,KRW,KHR,middle,3.595
2016-10-27,KRW,KHR,sell,3.61
2016-10-27,LAK,KHR,buy,0.498
2016-10-27,LAK,KHR,middle,0.5005
2016-10-27,LAK,KHR,sell,0.503
2016-10-27,MMK,KHR,buy,3.15
2016-10-27,MMK,KHR,middle,3.165
2016-10-27,MMK,KHR,sell,3.18
2016-10-27,MYR,KHR,buy,974
2016-10-27,MYR,KHR,middle,979
2016-10-27,MYR,KHR,sell,984
2016-10-27,NZD,KHR,buy,2897
2016-10-27,NZD,KHR,middle,2911.5
2016-10-27,NZD,KHR,sell,2926
2016-10-27,PHP,KHR,buy,83.87
2016-10-27,PHP,KHR,middle,84.29
2016-10-27,PHP,KHR,sell,84.71
2016-10-27,SDR,KHR,buy,5570
2016-10-27,SDR,KHR,middle,5598
2016-10-27,SDR,KHR,sell,5626
2016-10-27,SEK,KHR,buy,455
2016-10-27,SEK,KHR,middle,457.5
2016-10-27,SEK,KHR,sell,460
2016-10-27,SGD,KHR,buy,2915
2016-10-27,SGD,KHR,middle,2929.5
2016-10-27,SGD,KHR,sell,2944
2016-10-27,THB,KHR,buy,116
2016-10-27,THB,KHR,middle,116.5
2016-10-27,THB,KHR,sell,117
2016-10-27,TWD,KHR,buy,128
2016-10-27,TWD,KHR,middle,129
2016-10-27,TWD,KHR,sell,130
2016-10-27,USD,KHR,reference,4054
2016-10-27,VND,KHR,buy,0.182
2016-10-27,VND,KHR,middle,0.1825
2016-10-27,VND,KHR,sell,0.183
2016-10-28,AUD,KHR,buy,3074
2016-10-28,AUD,KHR,middle,3089
2016-10-28,AUD,KHR,sell,3104
2016-10-28,CAD,KHR,buy,3026
2016-10-28,CAD,KHR,middle,3041
2016-10-28,CAD,KHR,sell,3056
2016-10-28,CHF,KHR,buy,4075
2016-10-28,CHF,KHR,middle,4095.5
2016-10-28,CHF,KHR,sell,4116
2016-10-28,CNH,KHR,buy,596
2016-10-28,CNH,KHR,middle,599
2016-10-28,CNH,KHR,sell,602
2016-10-28,CNY,KHR,buy,597
2016-10-28,CNY,KHR,middle,600
2016-10-28,CNY,KHR,sell,603
2016-10-28,EUR,KHR,buy,4413
2016-10-28,EUR,KHR,middle,4435
2016-10-28,EUR,KHR,sell,4457
2016-10-28,GBP,KHR,buy,4927
2016-10-28,GBP,KHR,middle,4952
2016-10-28,GBP,KHR,sell,4977
2016-10-28,HKD,KHR,buy,522
2016-10-28,HKD,KHR,middle,524.5
2016-10-28,HKD,KHR,sell,527
2016-10-28,IDR,KHR,buy,0.311
2016-10-28,IDR,KHR,middle,0.3125
2016-10-28,IDR,KHR,sell,0.314
2016-10-28,INR,KHR,buy,60.57
2016-10-28,INR,KHR,middle,60.875
2016-10-28,INR,KHR,sell,61.18
2016-10-28,JPY,KHR,buy,38.48
2016-10-28,JPY,KHR,middle,38.675
2016-10-28,JPY,KHR,sell,38.87
2016-10-28,KRW,KHR,buy,3.53
2016-10-28,KRW,KHR,middle,3.55
2016-10-28,KRW,KHR,sell,3.57
2016-10-28,LAK,KHR,buy,0.497
2016-10-28,LAK,KHR,middle,0.4995
2016-10-28,LAK,KHR,sell,0.502
2016-10-28,MMK,KHR,buy,3.14
2016-10-28,MMK,KHR,middle,3.155
2016-10-28,MMK,KHR,sell,3.17
2016-10-28,MYR,KHR,buy,966
2016-10-28,MYR,KHR,middle,970.5
2016-10-28,MYR,KHR,sell,975
2016-10-28,NZD,KHR,buy,2886
2016-10-28,NZD,KHR,middle,2900
2016-10-28,NZD,KHR,sell,2914
2016-10-28,PHP,KHR,buy,83.67
2016-10-28,PHP,KHR,middle,84.09
2016-10-28,PHP,KHR,sell,84.51
2016-10-28,SDR,KHR,buy,5564
2016-10-28,SDR,KHR,middle,5591.5
2016-10-28,SDR,KHR,sell,5619
2016-10-28,SEK,KHR,buy,446
2016-10-28,SEK,KHR,middle,448.5
2016-10-28,SEK,KHR,sell,451
2016-10-28,SGD,KHR,buy,2904
2016-10-28,SGD,KHR,middle,2918.5
2016-10-28,SGD,KHR,sell,2933
2016-10-28,THB,KHR,buy,115
2016-10-28,THB,KHR,middle,115.5
2016-10-28,THB,KHR,sell,116
2016-10-28,TWD,KHR,buy,128
2016-10-28,TWD,KHR,middle,128.5
2016-10-28,TWD,KHR,sell,129
2016-10-28,USD,KHR,reference,4050
2016-10-28,VND,KHR,buy,0.182
2016-10-28,VND,KHR,middle,0.1825
2016-10-28,VND,KHR,sell,0.183
2016-10-31,AUD,KHR,buy,3073
2016-10-31,AUD,KHR,middle,3088
2016-10-31,AUD,KHR,sell,3103
2016-10-31,CAD,KHR,buy,3019
2016-10-31,CAD,KHR,middle,3034
2016-10-31,CAD,KHR,sell,3049
2016-10-31,CHF,KHR,buy,4098
2016-10-31,CHF,KHR,middle,4118.5
2016-10-31,CHF,KHR,sell,4139
2016-10-31,CNH,KHR,buy,597
2016-10-31,CNH,KHR,middle,600
2016-10-31,CNH,KHR,sell,603
2016-10-31,CNY,KHR,buy,598
2016-10-31,CNY,KHR,middle,601
2016-10-31,CNY,KHR,sell,604
2016-10-31,EUR,KHR,buy,4444
2016-10-31,EUR,KHR,middle,4466.5
2016-10-31,EUR,KHR,sell,4489
2016-10-31,GBP,KHR,buy,4937
2016-10-31,GBP,KHR,middle,4961.5
2016-10-31,GBP,KHR,sell,4986
2016-10-31,HKD,KHR,buy,522
2016-10-31,HKD,KHR,middle,525
2016-10-31,HKD,KHR,sell,528
2016-10-31,IDR,KHR,buy,0.31
2016-10-31,IDR,KHR,middle,0.3115
2016-10-31,IDR,KHR,sell,0.313
2016-10-31,INR,KHR,buy,60.65
2016-10-31,INR,KHR,middle,60.955
2016-10-31,INR,KHR,sell,61.26
2016-10-31,JPY,KHR,buy,38.64
2016-10-31,JPY,KHR,middle,38.83
2016-10-31,JPY,KHR,sell,39.02
2016-10-31,KRW,KHR,buy,3.53
2016-10-31,KRW,KHR,middle,3.55
2016-10-31,KRW,KHR,sell,3.57
2016-10-31,LAK,KHR,buy,0.497
2016-10-31,LAK,KHR,middle,0.4995
2016-10-31,LAK,KHR,sell,0.502
2016-10-31,MMK,KHR,buy,3.13
2016-10-31,MMK,KHR,middle,3.15
2016-10-31,MMK,KHR,sell,3.17
2016-10-31,MYR,KHR,buy,964
2016-10-31,MYR,KHR,middle,969
2016-10-31,MYR,KHR,sell,974
2016-10-31,NZD,KHR,buy,2893
2016-10-31,NZD,KHR,middle,2907
2016-10-31,NZD,KHR,sell,2921
2016-10-31,PHP,KHR,buy,83.66
2016-10-31,PHP,KHR,middle,84.08
2016-10-31,PHP,KHR,sell,84.5
2016-10-31,SDR,KHR,buy,5555
2016-10-31,SDR,KHR,middle,5583
2016-10-31,SDR,KHR,sell,5611
2016-10-31,SEK,KHR,buy,449
2016-10-31,SEK,KHR,middle,451.5
2016-10-31,SEK,KHR,sell,454
2016-10-31,SGD,KHR,buy,2908
2016-10-31,SGD,KHR,middle,2922.5
2016-10-31,SGD,KHR,sell,2937
2016-10-31,THB,KHR,buy,116
2016-10-31,THB,KHR,middle,116.5
2016-10-31,THB,KHR,sell,117
2016-10-31,TWD,KHR,buy,128
2016-10-31,TWD,KHR,middle,128.5
2016-10-31,TWD,KHR,sell,129
2016-10-31,USD,KHR,reference,4050
2016-10-31,VND,KHR,buy,0.182
2016-10-31,VND,KHR,middle,0.1825
2016-10-31,VND,KHR,sell,0.183
2016-11-01,AUD,KHR,buy,3079
2016-11-01,AUD,KHR,middle,3094.5
2016-11-01,AUD,KHR,sell,3110
2016-11-01,CAD,KHR,buy,3017
2016-11-01,CAD,KHR,middle,3032
2016-11-01,CAD,KHR,sell,3047
2016-11-01,CHF,KHR,buy,4093
2016-11-01,CHF,KHR,middle,4113.5
2016-11-01,CHF,KHR,sell,4134
2016-11-01,CNH,KHR,buy,597
2016-11-01,CNH,KHR,middle,600
2016-11-01,CNH,KHR,sell,603
2016-11-01,CNY,KHR,buy,598
2016-11-01,CNY,KHR,middle,601
2016-11-01,CNY,KHR,sell,604
2016-11-01,EUR,KHR,buy,4441
2016-11-01,EUR,KHR,middle,4463
2016-11-01,EUR,KHR,sell,4485
2016-11-01,GBP,KHR,buy,4952
2016-11-01,GBP,KHR,middle,4976.5
2016-11-01,GBP,KHR,sell,5001
2016-11-01,HKD,KHR,buy,522
2016-11-01,HKD,KHR,middle,524.5
2016-11-01,HKD,KHR,sell,527
2016-11-01,IDR,KHR,buy,0.31
2016-11-01,IDR,KHR,middle,0.3115
2016-11-01,IDR,KHR,sell,0.313
2016-11-01,INR,KHR,buy,60.62
2016-11-01,INR,KHR,middle,60.925
2016-11-01,INR,KHR,sell,61.23
2016-11-01,JPY,KHR,buy,38.64
2016-11-01,JPY,KHR,middle,38.835
2016-11-01,JPY,KHR,sell,39.03
2016-11-01,KRW,KHR,buy,3.54
2016-11-01,KRW,KHR,middle,3.56
2016-11-01,KRW,KHR,sell,3.58
2016-11-01,LAK,KHR,buy,0.497
2016-11-01,LAK,KHR,middle,0.4995
2016-11-01,LAK,KHR,sell,0.502
2016-11-01,MMK,KHR,buy,3.15
2016-11-01,MMK,KHR,middle,3.165
2016-11-01,MMK,KHR,sell,3.18
2016-11-01,MYR,KHR,buy,965
2016-11-01,MYR,KHR,middle,969.5
2016-11-01,MYR,KHR,sell,974
2016-11-01,NZD,KHR,buy,2897
2016-11-01,NZD,KHR,middle,2911.5
2016-11-01,NZD,KHR,sell,2926
2016-11-01,PHP,KHR,buy,83.65
2016-11-01,PHP,KHR,middle,84.07
2016-11-01,PHP,KHR,sell,84.49
2016-11-01,SDR,KHR,buy,5561
2016-11-01,SDR,KHR,middle,5589
2016-11-01,SDR,KHR,sell,5617
2016-11-01,SEK,KHR,buy,448
2016-11-01,SEK,KHR,middle,450.5
2016-11-01,SEK,KHR,sell,453
2016-11-01,SGD,KHR,buy,2910
2016-11-01,SGD,KHR,middle,2924.5
2016-11-01,SGD,KHR,sell,2939
2016-11-01,THB,KHR,buy,116
2016-11-01,THB,KHR,middle,116.5
2016-11-01,THB,KHR,sell,117
2016-11-01,TWD,KHR,buy,128
2016-11-01,TWD,KHR,middle,129
2016-11-01,TWD,KHR,sell,130
2016-11-01,USD,KHR,reference,4048
2016-11-01,VND,KHR,buy,0.181
2016-11-01,VND,KHR,middle,0.182
2016-11-01,VND,KHR,sell,0.183
2016-11-02,AUD,KHR,buy,3092
2016-11-02,AUD,KHR,middle,3107.5
2016-11-02,AUD,KHR,sell,3123
2016-11-02,CAD,KHR,buy,3021
2016-11-02,CAD,KHR,middle,3036
2016-11-02,CAD,KHR,sell,3051
2016-11-02,CHF,KHR,buy,4148
2016-11-02,CHF,KHR,middle,4169
2016-11-02,CHF,KHR,sell,4190
2016-11-02,CNH,KHR,buy,597
2016-11-02,CNH,KHR,middle,600
2016-11-02,CNH,KHR,sell,603
2016-11-02,CNY,KHR,buy,598
2016-11-02,CNY,KHR,middle,601
2016-11-02,CNY,KHR,sell,604
2016-11-02,EUR,KHR,buy,4473
2016-11-02,EUR,KHR,middle,4495
2016-11-02,EUR,KHR,sell,4517
2016-11-02,GBP,KHR,buy,4948
2016-11-02,GBP,KHR,middle,4973
2016-11-02,GBP,KHR,sell,4998
2016-11-02,HKD,KHR,buy,522
2016-11-02,HKD,KHR,middle,524.5
2016-11-02,HKD,KHR,sell,527
2016-11-02,IDR,KHR,buy,0.31
2016-11-02,IDR,KHR,middle,0.3115
2016-11-02,IDR,KHR,sell,0.313
2016-11-02,INR,KHR,buy,60.61
2016-11-02,INR,KHR,middle,60.91
2016-11-02,INR,KHR,sell,61.21
2016-11-02,JPY,KHR,buy,38.88
2016-11-02,JPY,KHR,middle,39.075
2016-11-02,JPY,KHR,sell,39.27
2016-11-02,KRW,KHR,buy,3.53
2016-11-02,KRW,KHR,middle,3.545
2016-11-02,KRW,KHR,sell,3.56
2016-11-02,LAK,KHR,buy,0.498
2016-11-02,LAK,KHR,middle,0.5005
2016-11-02,LAK,KHR,sell,0.503
2016-11-02,MMK,KHR,buy,3.14
2016-11-02,MMK,KHR,middle,3.155
2016-11-02,MMK,KHR,sell,3.17
2016-11-02,MYR,KHR,buy,967
2016-11-02,MYR,KHR,middle,972
2016-11-02,MYR,KHR,sell,977
2016-11-02,NZD,KHR,buy,2914
2016-11-02,NZD,KHR,middle,2928.5
2016-11-02,NZD,KHR,sell,2943
2016-11-02,PHP,KHR,buy,83.69
2016-11-02,PHP,KHR,middle,84.11
2016-11-02,PHP,KHR,sell,84.53
2016-11-02,SDR,KHR,buy,5573
2016-11-02,SDR,KHR,middle,5601
2016-11-02,SDR,KHR,sell,5629
2016-11-02,SEK,KHR,buy,451
2016-11-02,SEK,KHR,middle,453.5
2016-11-02,SEK,KHR,sell,456
2016-11-02,SGD,KHR,buy,2912
2016-11-02,SGD,KHR,middle,2927
2016-11-02,SGD,KHR,sell,2942
2016-11-02,THB,KHR,buy,115
2016-11-02,THB,KHR,middle,116
2016-11-02,THB,KHR,sell,117
2016-11-02,TWD,KHR,buy,128
2016-11-02,TWD,KHR,middle,129
2016-11-02,TWD,KHR,sell,130
2016-11-02,USD,KHR,reference,4045
2016-11-02,VND,KHR,buy,0.181
2016-11-02,VND,KHR,middle,0.182
2016-11-02,VND,KHR,sell,0.183
2016-11-04,AUD,KHR,buy,3101
2016-11-04,AUD,KHR,middle,3116.5
2016-11-04,AUD,KHR,sell,3132
2016-11-04,CAD,KHR,buy,3013
2016-11-04,CAD,KHR,middle,3028
2016-11-04,CAD,KHR,sell,3043
2016-11-04,CHF,KHR,buy,4140
2016-11-04,CHF,KHR,middle,4160.5
2016-11-04,CHF,KHR,sell,4181
2016-11-04,CNH,KHR,buy,596
2016-11-04,CNH,KHR,middle,599
2016-11-04,CNH,KHR,sell,602
2016-11-04,CNY,KHR,buy,597
2016-11-04,CNY,KHR,middle,600
2016-11-04,CNY,KHR,sell,603
2016-11-04,EUR,KHR,buy,4478
2016-11-04,EUR,KHR,middle,4500
2016-11-04,EUR,KHR,sell,4522
2016-11-04,GBP,KHR,buy,5030
2016-11-04,GBP,KHR,middle,5055
2016-11-04,GBP,KHR,sell,5080
2016-11-04,HKD,KHR,buy,520
2016-11-04,HKD,KHR,middle,523
2016-11-04,HKD,KHR,sell,526
2016-11-04,IDR,KHR,buy,0.309
2016-11-04,IDR,KHR,middle,0.3105
2016-11-04,IDR,KHR,sell,0.312
2016-11-04,INR,KHR,buy,60.45
2016-11-04,INR,KHR,middle,60.755
2016-11-04,INR,KHR,sell,61.06
2016-11-04,JPY,KHR,buy,39.11
2016-11-04,JPY,KHR,middle,39.305
2016-11-04,JPY,KHR,sell,39.5
2016-11-04,KRW,KHR,buy,3.53
2016-11-04,KRW,KHR,middle,3.545
2016-11-04,KRW,KHR,sell,3.56
2016-11-04,LAK,KHR,buy,0.496
2016-11-04,LAK,KHR,middle,0.4985
2016-11-04,LAK,KHR,sell,0.501
2016-11-04,MMK,KHR,buy,3.16
2016-11-04,MMK,KHR,middle,3.175
2016-11-04,MMK,KHR,sell,3.19
2016-11-04,MYR,KHR,buy,963
2016-11-04,MYR,KHR,middle,967.5
2016-11-04,MYR,KHR,sell,972
2016-11-04,NZD,KHR,buy,2954
2016-11-04,NZD,KHR,middle,2969
2016-11-04,NZD,KHR,sell,2984
2016-11-04,PHP,KHR,buy,83.47
2016-11-04,PHP,KHR,middle,83.89
2016-11-04,PHP,KHR,sell,84.31
2016-11-04,SDR,KHR,buy,5582
2016-11-04,SDR,KHR,middle,5610
2016-11-04,SDR,KHR,sell,5638
2016-11-04,SEK,KHR,buy,450
2016-11-04,SEK,KHR,middle,452
2016-11-04,SEK,KHR,sell,454
2016-11-04,SGD,KHR,buy,2914
2016-11-04,SGD,KHR,middle,2929
2016-11-04,SGD,KHR,sell,2944
2016-11-04,THB,KHR,buy,116
2016-11-04,THB,KHR,middle,116.5
2016-11-04,THB,KHR,sell,117
2016-11-04,TWD,KHR,buy,128
2016-11-04,TWD,KHR,middle,129
2016-11-04,TWD,KHR,sell,130
2016-11-04,USD,KHR,reference,4035
2016-11-04,VND,KHR,buy,0.181
2016-11-04,VND,KHR,middle,0.182
2016-11-04,VND,KHR,sell,0.183
2016-11-08,AUD,KHR,buy,3106
2016-11-08,AUD,KHR,middle,3121.5
2016-11-08,AUD,KHR,sell,3137
2016-11-08,CAD,KHR,buy,3010
2016-11-08,CAD,KHR,middle,3025
2016-11-08,CAD,KHR,sell,3040
2016-11-08,CHF,KHR,buy,4131
2016-11-08,CHF,KHR,middle,4151.5
2016-11-08,CHF,KHR,sell,4172
2016-11-08,CNH,KHR,buy,593
2016-11-08,CNH,KHR,middle,596
2016-11-08,CNH,KHR,sell,599
2016-11-08,CNY,KHR,buy,594
2016-11-08,CNY,KHR,middle,597
2016-11-08,CNY,KHR,sell,600
2016-11-08,EUR,KHR,buy,4446
2016-11-08,EUR,KHR,middle,4468
2016-11-08,EUR,KHR,sell,4490
2016-11-08,GBP,KHR,buy,4991
2016-11-08,GBP,KHR,middle,5016
2016-11-08,GBP,KHR,sell,5041
2016-11-08,HKD,KHR,buy,519
2016-11-08,HKD,KHR,middle,521.5
2016-11-08,HKD,KHR,sell,524
2016-11-08,IDR,KHR,buy,0.308
2016-11-08,IDR,KHR,middle,0.3095
2016-11-08,IDR,KHR,sell,0.311
2016-11-08,INR,KHR,buy,60.32
2016-11-08,INR,KHR,middle,60.62
2016-11-08,INR,KHR,sell,60.92
2016-11-08,JPY,KHR,buy,38.51
2016-11-08,JPY,KHR,middle,38.7
2016-11-08,JPY,KHR,sell,38.89
2016-11-08,KRW,KHR,buy,3.53
2016-11-08,KRW,KHR,middle,3.55
2016-11-08,KRW,KHR,sell,3.57
2016-11-08,LAK,KHR,buy,0.494
2016-11-08,LAK,KHR,middle,0.4965
2016-11-08,LAK,KHR,sell,0.499
2016-11-08,MMK,KHR,buy,3.14
2016-11-08,MMK,KHR,middle,3.155
2016-11-08,MMK,KHR,sell,3.17
2016-11-08,MYR,KHR,buy,956
2016-11-08,MYR,KHR,middle,961
2016-11-08,MYR,KHR,sell,966
2016-11-08,NZD,KHR,buy,2952
2016-11-08,NZD,KHR,middle,2966.5
2016-11-08,NZD,KHR,sell,2981
2016-11-08,PHP,KHR,buy,82.84
2016-11-08,PHP,KHR,middle,83.255
2016-11-08,PHP,KHR,sell,83.67
2016-11-08,SDR,KHR,buy,5559
2016-11-08,SDR,KHR,middle,5586.5
2016-11-08,SDR,KHR,sell,5614
2016-11-08,SEK,KHR,buy,446
2016-11-08,SEK,KHR,middle,448.5
2016-11-08,SEK,KHR,sell,451
2016-11-08,SGD,KHR,buy,2896
2016-11-08,SGD,KHR,middle,2910.5
2016-11-08,SGD,KHR,sell,2925
2016-11-08,THB,KHR,buy,115
2016-11-08,THB,KHR,middle,115.5
2016-11-08,THB,KHR,sell,116
2016-11-08,TWD,KHR,buy,128
2016-11-08,TWD,KHR,middle,128.5
2016-11-08,TWD,KHR,sell,129
2016-11-08,USD,KHR,reference,4025
2016-11-08,VND,KHR,buy,0.18
2016-11-08,VND,KHR,middle,0.181
2016-11-08,VND,KHR,sell,0.182
2016-11-10,AUD,KHR,buy,3075
2016-11-10,AUD,KHR,middle,3090.5
2016-11-10,AUD,KHR,sell,3106
2016-11-10,CAD,KHR,buy,2997
2016-11-10,CAD,KHR,middle,3012
2016-11-10,CAD,KHR,sell,3027
2016-11-10,CHF,KHR,buy,4082
2016-11-10,CHF,KHR,middle,4102.5
2016-11-10,CHF,KHR,sell,4123
2016-11-10,CNH,KHR,buy,589
2016-11-10,CNH,KHR,middle,592
2016-11-10,CNH,KHR,sell,595
2016-11-10,CNY,KHR,buy,592
2016-11-10,CNY,KHR,middle,595
2016-11-10,CNY,KHR,sell,598
2016-11-10,EUR,KHR,buy,4388
2016-11-10,EUR,KHR,middle,4410
2016-11-10,EUR,KHR,sell,4432
2016-11-10,GBP,KHR,buy,4994
2016-11-10,GBP,KHR,middle,5019
2016-11-10,GBP,KHR,sell,5044
2016-11-10,HKD,KHR,buy,518
2016-11-10,HKD,KHR,middle,521
2016-11-10,HKD,KHR,sell,524
2016-11-10,IDR,KHR,buy,0.307
2016-11-10,IDR,KHR,middle,0.3085
2016-11-10,IDR,KHR,sell,0.31
2016-11-10,INR,KHR,buy,60.51
2016-11-10,INR,KHR,middle,60.815
2016-11-10,INR,KHR,sell,61.12
2016-11-10,JPY,KHR,buy,37.96
2016-11-10,JPY,KHR,middle,38.15
2016-11-10,JPY,KHR,sell,38.34
2016-11-10,KRW,KHR,buy,3.48
2016-11-10,KRW,KHR,middle,3.495
2016-11-10,KRW,KHR,sell,3.51
2016-11-10,LAK,KHR,buy,0.494
2016-11-10,LAK,KHR,middle,0.4965
2016-11-10,LAK,KHR,sell,0.499
2016-11-10,MMK,KHR,buy,3.13
2016-11-10,MMK,KHR,middle,3.145
2016-11-10,MMK,KHR,sell,3.16
2016-11-10,MYR,KHR,buy,949
2016-11-10,MYR,KHR,middle,953.5
2016-11-10,MYR,KHR,sell,958
2016-11-10,NZD,KHR,buy,2931
2016-11-10,NZD,KHR,middle,2945.5
2016-11-10,NZD,KHR,sell,2960
2016-11-10,PHP,KHR,buy,82.73
2016-11-10,PHP,KHR,middle,83.145
2016-11-10,PHP,KHR,sell,83.56
2016-11-10,SDR,KHR,buy,5561
2016-11-10,SDR,KHR,middle,5589
2016-11-10,SDR,KHR,sell,5617
2016-11-10,SEK,KHR,buy,444
2016-11-10,SEK,KHR,middle,446
2016-11-10,SEK,KHR,sell,448
2016-11-10,SGD,KHR,buy,2873
2016-11-10,SGD,KHR,middle,2887.5
2016-11-10,SGD,KHR,sell,2902
2016-11-10,THB,KHR,buy,115
2016-11-10,THB,KHR,middle,115.5
2016-11-10,THB,KHR,sell,116
2016-11-10,TWD,KHR,buy,128
2016-11-10,TWD,KHR,middle,128.5
2016-11-10,TWD,KHR,sell,129
2016-11-10,USD,KHR,reference,4020
2016-11-10,VND,KHR,buy,0.18
2016-11-10,VND,KHR,middle,0.181
2016-11-10,VND,KHR,sell,0.182
2016-11-11,AUD,KHR,buy,3055
2016-11-11,AUD,KHR,middle,3070.5
2016-11-11,AUD,KHR,sell,3086
2016-11-11,CAD,KHR,buy,2979
2016-11-11,CAD,KHR,middle,2994
2016-11-11,CAD,KHR,sell,3009
2016-11-11,CHF,KHR,buy,4067
2016-11-11,CHF,KHR,middle,4087.5
2016-11-11,CHF,KHR,sell,4108
2016-11-11,CNH,KHR,buy,588
2016-11-11,CNH,KHR,middle,591
2016-11-11,CNH,KHR,sell,594
2016-11-11,CNY,KHR,buy,590
2016-11-11,CNY,KHR,middle,593
2016-11-11,CNY,KHR,sell,596
2016-11-11,EUR,KHR,buy,4372
2016-11-11,EUR,KHR,middle,4394
2016-11-11,EUR,KHR,sell,4416
2016-11-11,GBP,KHR,buy,5038
2016-11-11,GBP,KHR,middle,5063.5
2016-11-11,GBP,KHR,sell,5089
2016-11-11,HKD,KHR,buy,518
2016-11-11,HKD,KHR,middle,520.5
2016-11-11,HKD,KHR,sell,523
2016-11-11,IDR,KHR,buy,0.306
2016-11-11,IDR,KHR,middle,0.3075
2016-11-11,IDR,KHR,sell,0.309
2016-11-11,INR,KHR,buy,60.27
2016-11-11,INR,KHR,middle,60.57
2016-11-11,INR,KHR,sell,60.87
2016-11-11,JPY,KHR,buy,37.59
2016-11-11,JPY,KHR,middle,37.78
2016-11-11,JPY,KHR,sell,37.97
2016-11-11,KRW,KHR,buy,3.45
2016-11-11,KRW,KHR,middle,3.47
2016-11-11,KRW,KHR,sell,3.49
2016-11-11,LAK,KHR,buy,0.493
2016-11-11,LAK,KHR,middle,0.4955
2016-11-11,LAK,KHR,sell,0.498
2016-11-11,MMK,KHR,buy,3.12
2016-11-11,MMK,KHR,middle,3.135
2016-11-11,MMK,KHR,sell,3.15
2016-11-11,MYR,KHR,buy,929
2016-11-11,MYR,KHR,middle,934
2016-11-11,MYR,KHR,sell,939
2016-11-11,NZD,KHR,buy,2895
2016-11-11,NZD,KHR,middle,2909.5
2016-11-11,NZD,KHR,sell,2924
2016-11-11,PHP,KHR,buy,82.51
2016-11-11,PHP,KHR,middle,82.925
2016-11-11,PHP,KHR,sell,83.34
2016-11-11,SDR,KHR,buy,5505
2016-11-11,SDR,KHR,middle,5532.5
2016-11-11,SDR,KHR,sell,5560
2016-11-11,SEK,KHR,buy,444
2016-11-11,SEK,KHR,middle,446.5
2016-11-11,SEK,KHR,sell,449
2016-11-11,SGD,KHR,buy,2846
2016-11-11,SGD,KHR,middle,2860.5
2016-11-11,SGD,KHR,sell,2875
2016-11-11,THB,KHR,buy,114
2016-11-11,THB,KHR,middle,114.5
2016-11-11,THB,KHR,sell,115
2016-11-11,TWD,KHR,buy,127
2016-11-11,TWD,KHR,middle,127.5
2016-11-11,TWD,KHR,sell,128
2016-11-11,USD,KHR,reference,4015
2016-11-11,VND,KHR,buy,0.18
2016-11-11,VND,KHR,middle,0.181
2016-11-11,VND,KHR,sell,0.182
2016-11-16,AUD,KHR,buy,3029
2016-11-16,AUD,KHR,middle,3044
2016-11-16,AUD,KHR,sell,3059
2016-11-16,CAD,KHR,buy,2981
2016-11-16,CAD,KHR,middle,2996
2016-11-16,CAD,KHR,sell,3011
2016-11-16,CHF,KHR,buy,4003
2016-11-16,CHF,KHR,middle,4023
2016-11-16,CHF,KHR,sell,4043
2016-11-16,CNH,KHR,buy,583
2016-11-16,CNH,KHR,middle,586
2016-11-16,CNH,KHR,sell,589
2016-11-16,CNY,KHR,buy,585
2016-11-16,CNY,KHR,middle,588
2016-11-16,CNY,KHR,sell,591
2016-11-16,EUR,KHR,buy,4300
2016-11-16,EUR,KHR,middle,4321.5
2016-11-16,EUR,KHR,sell,4343
2016-11-16,GBP,KHR,buy,4992
2016-11-16,GBP,KHR,middle,5017
2016-11-16,GBP,KHR,sell,5042
2016-11-16,HKD,KHR,buy,517
2016-11-16,HKD,KHR,middle,519.5
2016-11-16,HKD,KHR,sell,522
2016-11-16,IDR,KHR,buy,0.3
2016-11-16,IDR,KHR,middle,0.3015
2016-11-16,IDR,KHR,sell,0.303
2016-11-16,INR,KHR,buy,59.2
2016-11-16,INR,KHR,middle,59.495
2016-11-16,INR,KHR,sell,59.79
2016-11-16,JPY,KHR,buy,36.77
2016-11-16,JPY,KHR,middle,36.95
2016-11-16,JPY,KHR,sell,37.13
2016-11-16,KRW,KHR,buy,3.44
2016-11-16,KRW,KHR,middle,3.455
2016-11-16,KRW,KHR,sell,3.47
2016-11-16,LAK,KHR,buy,0.491
2016-11-16,LAK,KHR,middle,0.4935
2016-11-16,LAK,KHR,sell,0.496
2016-11-16,MMK,KHR,buy,3.12
2016-11-16,MMK,KHR,middle,3.135
2016-11-16,MMK,KHR,sell,3.15
2016-11-16,MYR,KHR,buy,925
2016-11-16,MYR,KHR,middle,929.5
2016-11-16,MYR,KHR,sell,934
2016-11-16,NZD,KHR,buy,2843
2016-11-16,NZD,KHR,middle,2857
2016-11-16,NZD,KHR,sell,2871
2016-11-16,PHP,KHR,buy,81.67
2016-11-16,PHP,KHR,middle,82.08
2016-11-16,PHP,KHR,sell,82.49
2016-11-16,SDR,KHR,buy,5468
2016-11-16,SDR,KHR,middle,5495.5
2016-11-16,SDR,KHR,sell,5523
2016-11-16,SEK,KHR,buy,437
2016-11-16,SEK,KHR,middle,439
2016-11-16,SEK,KHR,sell,441
2016-11-16,SGD,KHR,buy,2836
2016-11-16,SGD,KHR,middle,2850
2016-11-16,SGD,KHR,sell,2864
2016-11-16,THB,KHR,buy,113
2016-11-16,THB,KHR,middle,113.5
2016-11-16,THB,KHR,sell,114
2016-11-16,TWD,KHR,buy,126
2016-11-16,TWD,KHR,middle,126.5
2016-11-16,TWD,KHR,sell,127
2016-11-16,USD,KHR,reference,4010
2016-11-16,VND,KHR,buy,0.18
2016-11-16,VND,KHR,middle,0.1805
2016-11-16,VND,KHR,sell,0.181
2016-11-17,AUD,KHR,buy,3003
2016-11-17,AUD,KHR,middle,3018
2016-11-17,AUD,KHR,sell,3033
2016-11-17,CAD,KHR,buy,2988
2016-11-17,CAD,KHR,middle,3003
2016-11-17,CAD,KHR,sell,3018
2016-11-17,CHF,KHR,buy,4007
2016-11-17,CHF,KHR,middle,4027
2016-11-17,CHF,KHR,sell,4047
2016-11-17,CNH,KHR,buy,583
2016-11-17,CNH,KHR,middle,585.5
2016-11-17,CNH,KHR,sell,588
2016-11-17,CNY,KHR,buy,583
2016-11-17,CNY,KHR,middle,586
2016-11-17,CNY,KHR,sell,589
2016-11-17,EUR,KHR,buy,4293
2016-11-17,EUR,KHR,middle,4314.5
2016-11-17,EUR,KHR,sell,4336
2016-11-17,GBP,KHR,buy,4986
2016-11-17,GBP,KHR,middle,5011
2016-11-17,GBP,KHR,sell,5036
2016-11-17,HKD,KHR,buy,517
2016-11-17,HKD,KHR,middle,519.5
2016-11-17,HKD,KHR,sell,522
2016-11-17,IDR,KHR,buy,0.3
2016-11-17,IDR,KHR,middle,0.3015
2016-11-17,IDR,KHR,sell,0.303
2016-11-17,INR,KHR,buy,59.05
2016-11-17,INR,KHR,middle,59.345
2016-11-17,INR,KHR,sell,59.64
2016-11-17,JPY,KHR,buy,36.85
2016-11-17,JPY,KHR,middle,37.035
2016-11-17,JPY,KHR,sell,37.22
2016-11-17,KRW,KHR,buy,3.43
2016-11-17,KRW,KHR,middle,3.45
2016-11-17,KRW,KHR,sell,3.47
2016-11-17,LAK,KHR,buy,0.491
2016-11-17,LAK,KHR,middle,0.4935
2016-11-17,LAK,KHR,sell,0.496
2016-11-17,MMK,KHR,buy,3.1
2016-11-17,MMK,KHR,middle,3.115
2016-11-17,MMK,KHR,sell,3.13
2016-11-17,MYR,KHR,buy,923
2016-11-17,MYR,KHR,middle,927.5
2016-11-17,MYR,KHR,sell,932
2016-11-17,NZD,KHR,buy,2845
2016-11-17,NZD,KHR,middle,2859.5
2016-11-17,NZD,KHR,sell,2874
2016-11-17,PHP,KHR,buy,81.46
2016-11-17,PHP,KHR,middle,81.87
2016-11-17,PHP,KHR,sell,82.28
2016-11-17,SDR,KHR,buy,5453
2016-11-17,SDR,KHR,middle,5480
2016-11-17,SDR,KHR,sell,5507
2016-11-17,SEK,KHR,buy,437
2016-11-17,SEK,KHR,middle,439
2016-11-17,SEK,KHR,sell,441
2016-11-17,SGD,KHR,buy,2838
2016-11-17,SGD,KHR,middle,2852
2016-11-17,SGD,KHR,sell,2866
2016-11-17,THB,KHR,buy,113
2016-11-17,THB,KHR,middle,113.5
2016-11-17,THB,KHR,sell,114
2016-11-17,TWD,KHR,buy,126
2016-11-17,TWD,KHR,middle,126.5
2016-11-17,TWD,KHR,sell,127
2016-11-17,USD,KHR,reference,4012
2016-11-17,VND,KHR,buy,0.179
2016-11-17,VND,KHR,middle,0.18
2016-11-17,VND,KHR,sell,0.181
2016-11-18,AUD,KHR,buy,2976
2016-11-18,AUD,KHR,middle,2991
2016-11-18,AUD,KHR,sell,3006
2016-11-18,CAD,KHR,buy,2971
2016-11-18,CAD,KHR,middle,2985.5
2016-11-18,CAD,KHR,sell,3000
2016-11-18,CHF,KHR,buy,3992
2016-11-18,CHF,KHR,middle,4012
2016-11-18,CHF,KHR,sell,4032
2016-11-18,CNH,KHR,buy,582
2016-11-18,CNH,KHR,middle,585
2016-11-18,CNH,KHR,sell,588
2016-11-18,CNY,KHR,buy,585
2016-11-18,CNY,KHR,middle,588
2016-11-18,CNY,KHR,sell,591
2016-11-18,EUR,KHR,buy,4272
2016-11-18,EUR,KHR,middle,4293
2016-11-18,EUR,KHR,sell,4314
2016-11-18,GBP,KHR,buy,4990
2016-11-18,GBP,KHR,middle,5015
2016-11-18,GBP,KHR,sell,5040
2016-11-18,HKD,KHR,buy,518
2016-11-18,HKD,KHR,middle,520.5
2016-11-18,HKD,KHR,sell,523
2016-11-18,IDR,KHR,buy,0.301
2016-11-18,IDR,KHR,middle,0.3025
2016-11-18,IDR,KHR,sell,0.304
2016-11-18,INR,KHR,buy,59.27
2016-11-18,INR,KHR,middle,59.57
2016-11-18,INR,KHR,sell,59.87
2016-11-18,JPY,KHR,buy,36.52
2016-11-18,JPY,KHR,middle,36.705
2016-11-18,JPY,KHR,sell,36.89
2016-11-18,KRW,KHR,buy,3.41
2016-11-18,KRW,KHR,middle,3.425
2016-11-18,KRW,KHR,sell,3.44
2016-11-18,LAK,KHR,buy,0.492
2016-11-18,LAK,KHR,middle,0.4945
2016-11-18,LAK,KHR,sell,0.497
2016-11-18,MMK,KHR,buy,3.12
2016-11-18,MMK,KHR,middle,3.135
2016-11-18,MMK,KHR,sell,3.15
2016-11-18,MYR,KHR,buy,915
2016-11-18,MYR,KHR,middle,919.5
2016-11-18,MYR,KHR,sell,924
2016-11-18,NZD,KHR,buy,2826
2016-11-18,NZD,KHR,middle,2840
2016-11-18,NZD,KHR,sell,2854
2016-11-18,PHP,KHR,buy,81.12
2016-11-18,PHP,KHR,middle,81.525
2016-11-18,PHP,KHR,sell,81.93
2016-11-18,SDR,KHR,buy,5475
2016-11-18,SDR,KHR,middle,5502.5
2016-11-18,SDR,KHR,sell,5530
2016-11-18,SEK,KHR,buy,435
2016-11-18,SEK,KHR,middle,437.5
2016-11-18,SEK,KHR,sell,440
2016-11-18,SGD,KHR,buy,2827
2016-11-18,SGD,KHR,middle,2841
2016-11-18,SGD,KHR,sell,2855
2016-11-18,THB,KHR,buy,113
2016-11-18,THB,KHR,middle,113.5
2016-11-18,THB,KHR,sell,114
2016-11-18,TWD,KHR,buy,126
2016-11-18,TWD,KHR,middle,126.5
2016-11-18,TWD,KHR,sell,127
2016-11-18,USD,KHR,reference,4020
2016-11-18,VND,KHR,buy,0.18
2016-11-18,VND,KHR,middle,0.1805
2016-11-18,VND,KHR,sell,0.181
2016-11-21,AUD,KHR,buy,2949
2016-11-21,AUD,KHR,middle,2963.5
2016-11-21,AUD,KHR,sell,2978
2016-11-21,CAD,KHR,buy,2981
2016-11-21,CAD,KHR,middle,2996
2016-11-21,CAD,KHR,sell,3011
2016-11-21,CHF,KHR,buy,3984
2016-11-21,CHF,KHR,middle,4003.5
2016-11-21,CHF,KHR,sell,4023
2016-11-21,CNH,KHR,buy,583
2016-11-21,CNH,KHR,middle,585.5
2016-11-21,CNH,KHR,sell,588
2016-11-21,CNY,KHR,buy,585
2016-11-21,CNY,KHR,middle,588
2016-11-21,CNY,KHR,sell,591
2016-11-21,EUR,KHR,buy,4262
2016-11-21,EUR,KHR,middle,4283
2016-11-21,EUR,KHR,sell,4304
2016-11-21,GBP,KHR,buy,4963
2016-11-21,GBP,KHR,middle,4988
2016-11-21,GBP,KHR,sell,5013
2016-11-21,HKD,KHR,buy,519
2016-11-21,HKD,KHR,middle,521.5
2016-11-21,HKD,KHR,sell,524
2016-11-21,IDR,KHR,buy,0.3
2016-11-21,IDR,KHR,middle,0.3015
2016-11-21,IDR,KHR,sell,0.303
2016-11-21,INR,KHR,buy,59.08
2016-11-21,INR,KHR,middle,59.375
2016-11-21,INR,KHR,sell,59.67
2016-11-21,JPY,KHR,buy,36.3
2016-11-21,JPY,KHR,middle,36.485
2016-11-21,JPY,KHR,sell,36.67
2016-11-21,KRW,KHR,buy,3.41
2016-11-21,KRW,KHR,middle,3.425
2016-11-21,KRW,KHR,sell,3.44
2016-11-21,LAK,KHR,buy,0.492
2016-11-21,LAK,KHR,middle,0.4945
2016-11-21,LAK,KHR,sell,0.497
2016-11-21,MMK,KHR,buy,3.11
2016-11-21,MMK,KHR,middle,3.125
2016-11-21,MMK,KHR,sell,3.14
2016-11-21,MYR,KHR,buy,911
2016-11-21,MYR,KHR,middle,915.5
2016-11-21,MYR,KHR,sell,920
2016-11-21,NZD,KHR,buy,2824
2016-11-21,NZD,KHR,middle,2838
2016-11-21,NZD,KHR,sell,2852
2016-11-21,PHP,KHR,buy,80.89
2016-11-21,PHP,KHR,middle,81.295
2016-11-21,PHP,KHR,sell,81.7
2016-11-21,SDR,KHR,buy,5457
2016-11-21,SDR,KHR,middle,5484.5
2016-11-21,SDR,KHR,sell,5512
2016-11-21,SEK,KHR,buy,435
2016-11-21,SEK,KHR,middle,437
2016-11-21,SEK,KHR,sell,439
2016-11-21,SGD,KHR,buy,2822
2016-11-21,SGD,KHR,middle,2836
2016-11-21,SGD,KHR,sell,2850
2016-11-21,THB,KHR,buy,113
2016-11-21,THB,KHR,middle,113.5
2016-11-21,THB,KHR,sell,114
2016-11-21,TWD,KHR,buy,126
2016-11-21,TWD,KHR,middle,126.5
2016-11-21,TWD,KHR,sell,127
2016-11-21,USD,KHR,reference,4025
2016-11-21,VND,KHR,buy,0.179
2016-11-21,VND,KHR,middle,0.18
2016-11-21,VND,KHR,sell,0.181
2016-11-23,AUD,KHR,buy,2981
2016-11-23,AUD,KHR,middle,2996
2016-11-23,AUD,KHR,sell,3011
2016-11-23,CAD,KHR,buy,2997
2016-11-23,CAD,KHR,middle,3012
2016-11-23,CAD,KHR,sell,3027
2016-11-23,CHF,KHR,buy,3982
2016-11-23,CHF,KHR,middle,4002
2016-11-23,CHF,KHR,sell,4022
2016-11-23,CNH,KHR,buy,582
2016-11-23,CNH,KHR,middle,585
2016-11-23,CNH,KHR,sell,588
2016-11-23,CNY,KHR,buy,584
2016-11-23,CNY,KHR,middle,587
2016-11-23,CNY,KHR,sell,590
2016-11-23,EUR,KHR,buy,4280
2016-11-23,EUR,KHR,middle,4301.5
2016-11-23,EUR,KHR,sell,4323
2016-11-23,GBP,KHR,buy,5000
2016-11-23,GBP,KHR,middle,5025
2016-11-23,GBP,KHR,sell,5050
2016-11-23,HKD,KHR,buy,519
2016-11-23,HKD,KHR,middle,521.5
2016-11-23,HKD,KHR,sell,524
2016-11-23,IDR,KHR,buy,0.299
2016-11-23,IDR,KHR,middle,0.3005
2016-11-23,IDR,KHR,sell,0.302
2016-11-23,INR,KHR,buy,58.97
2016-11-23,INR,KHR,middle,59.265
2016-11-23,INR,KHR,sell,59.56
2016-11-23,JPY,KHR,buy,36.27
2016-11-23,JPY,KHR,middle,36.45
2016-11-23,JPY,KHR,sell,36.63
2016-11-23,KRW,KHR,buy,3.44
2016-11-23,KRW,KHR,middle,3.455
2016-11-23,KRW,KHR,sell,3.47
2016-11-23,LAK,KHR,buy,0.492
2016-11-23,LAK,KHR,middle,0.4945
2016-11-23,LAK,KHR,sell,0.497
2016-11-23,MMK,KHR,buy,3.07
2016-11-23,MMK,KHR,middle,3.085
2016-11-23,MMK,KHR,sell,3.1
2016-11-23,MYR,KHR,buy,913
2016-11-23,MYR,KHR,middle,917.5
2016-11-23,MYR,KHR,sell,922
2016-11-23,NZD,KHR,buy,2846
2016-11-23,NZD,KHR,middle,2860.5
2016-11-23,NZD,KHR,sell,2875
2016-11-23,PHP,KHR,buy,80.78
2016-11-23,PHP,KHR,middle,81.185
2016-11-23,PHP,KHR,sell,81.59
2016-11-23,SDR,KHR,buy,5455
2016-11-23,SDR,KHR,middle,5482
2016-11-23,SDR,KHR,sell,5509
2016-11-23,SEK,KHR,buy,437
2016-11-23,SEK,KHR,middle,439
2016-11-23,SEK,KHR,sell,441
2016-11-23,SGD,KHR,buy,2828
2016-11-23,SGD,KHR,middle,2842
2016-11-23,SGD,KHR,sell,2856
2016-11-23,THB,KHR,buy,114
2016-11-23,THB,KHR,middle,114.5
2016-11-23,THB,KHR,sell,115
2016-11-23,TWD,KHR,buy,126
2016-11-23,TWD,KHR,middle,127
2016-11-23,TWD,KHR,sell,128
2016-11-23,USD,KHR,reference,4025
2016-11-23,VND,KHR,buy,0.179
2016-11-23,VND,KHR,middle,0.18
2016-11-23,VND,KHR,sell,0.181
2016-11-24,AUD,KHR,buy,2969
2016-11-24,AUD,KHR,middle,2984
2016-11-24,AUD,KHR,sell,2999
2016-11-24,CAD,KHR,buy,2983
2016-11-24,CAD,KHR,middle,2998
2016-11-24,CAD,KHR,sell,3013
2016-11-24,CHF,KHR,buy,3959
2016-11-24,CHF,KHR,middle,3978.5
2016-11-24,CHF,KHR,sell,3998
2016-11-24,CNH,KHR,buy,580
2016-11-24,CNH,KHR,middle,583
2016-11-24,CNH,KHR,sell,586
2016-11-24,CNY,KHR,buy,583
2016-11-24,CNY,KHR,middle,585.5
2016-11-24,CNY,KHR,sell,588
2016-11-24,EUR,KHR,buy,4246
2016-11-24,EUR,KHR,middle,4267
2016-11-24,EUR,KHR,sell,4288
2016-11-24,GBP,KHR,buy,5008
2016-11-24,GBP,KHR,middle,5033
2016-11-24,GBP,KHR,sell,5058
2016-11-24,HKD,KHR,buy,520
2016-11-24,HKD,KHR,middle,522.5
2016-11-24,HKD,KHR,sell,525
2016-11-24,IDR,KHR,buy,0.299
2016-11-24,IDR,KHR,middle,0.3005
2016-11-24,IDR,KHR,sell,0.302
2016-11-24,INR,KHR,buy,58.78
2016-11-24,INR,KHR,middle,59.075
2016-11-24,INR,KHR,sell,59.37
2016-11-24,JPY,KHR,buy,35.77
2016-11-24,JPY,KHR,middle,35.95
2016-11-24,JPY,KHR,sell,36.13
2016-11-24,KRW,KHR,buy,3.4
2016-11-24,KRW,KHR,middle,3.42
2016-11-24,KRW,KHR,sell,3.44
2016-11-24,LAK,KHR,buy,0.493
2016-11-24,LAK,KHR,middle,0.4955
2016-11-24,LAK,KHR,sell,0.498
2016-11-24,MMK,KHR,buy,3.07
2016-11-24,MMK,KHR,middle,3.085
2016-11-24,MMK,KHR,sell,3.1
2016-11-24,MYR,KHR,buy,907
2016-11-24,MYR,KHR,middle,911.5
2016-11-24,MYR,KHR,sell,916
2016-11-24,NZD,KHR,buy,2818
2016-11-24,NZD,KHR,middle,2832
2016-11-24,NZD,KHR,sell,2846
2016-11-24,PHP,KHR,buy,80.84
2016-11-24,PHP,KHR,middle,81.245
2016-11-24,PHP,KHR,sell,81.65
2016-11-24,SDR,KHR,buy,5455
2016-11-24,SDR,KHR,middle,5482
2016-11-24,SDR,KHR,sell,5509
2016-11-24,SEK,KHR,buy,434
2016-11-24,SEK,KHR,middle,436
2016-11-24,SEK,KHR,sell,438
2016-11-24,SGD,KHR,buy,2812
2016-11-24,SGD,KHR,middle,2826
2016-11-24,SGD,KHR,sell,2840
2016-11-24,THB,KHR,buy,113
2016-11-24,THB,KHR,middle,113.5
2016-11-24,THB,KHR,sell,114
2016-11-24,TWD,KHR,buy,126
2016-11-24,TWD,KHR,middle,127
2016-11-24,TWD,KHR,sell,128
2016-11-24,USD,KHR,reference,4030
2016-11-24,VND,KHR,buy,0.179
2016-11-24,VND,KHR,middle,0.18
2016-11-24,VND,KHR,sell,0.181
2016-11-25,AUD,KHR,buy,2988
2016-11-25,AUD,KHR,middle,3003
2016-11-25,AUD,KHR,sell,3018
2016-11-25,CAD,KHR,buy,2987
2016-11-25,CAD,KHR,middle,3002
2016-11-25,CAD,KHR,sell,3017
2016-11-25,CHF,KHR,buy,3963
2016-11-25,CHF,KHR,middle,3983
2016-11-25,CHF,KHR,sell,4003
2016-11-25,CNH,KHR,buy,580
2016-11-25,CNH,KHR,middle,583
2016-11-25,CNH,KHR,sell,586
2016-11-25,CNY,KHR,buy,583
2016-11-25,CNY,KHR,middle,586
2016-11-25,CNY,KHR,sell,589
2016-11-25,EUR,KHR,buy,4255
2016-11-25,EUR,KHR,middle,4276
2016-11-25,EUR,KHR,sell,4297
2016-11-25,GBP,KHR,buy,5015
2016-11-25,GBP,KHR,middle,5040
2016-11-25,GBP,KHR,sell,5065
2016-11-25,HKD,KHR,buy,520
2016-11-25,HKD,KHR,middle,522.5
2016-11-25,HKD,KHR,sell,525
2016-11-25,IDR,KHR,buy,0.297
2016-11-25,IDR,KHR,middle,0.2985
2016-11-25,IDR,KHR,sell,0.3
2016-11-25,INR,KHR,buy,58.62
2016-11-25,INR,KHR,middle,58.915
2016-11-25,INR,KHR,sell,59.21
2016-11-25,JPY,KHR,buy,35.55
2016-11-25,JPY,KHR,middle,35.73
2016-11-25,JPY,KHR,sell,35.91
2016-11-25,KRW,KHR,buy,3.42
2016-11-25,KRW,KHR,middle,3.435
2016-11-25,KRW,KHR,sell,3.45
2016-11-25,LAK,KHR,buy,0.493
2016-11-25,LAK,KHR,middle,0.4955
2016-11-25,LAK,KHR,sell,0.498
2016-11-25,MMK,KHR,buy,3.07
2016-11-25,MMK,KHR,middle,3.085
2016-11-25,MMK,KHR,sell,3.1
2016-11-25,MYR,KHR,buy,906
2016-11-25,MYR,KHR,middle,910.5
2016-11-25,MYR,KHR,sell,915
2016-11-25,NZD,KHR,buy,2823
2016-11-25,NZD,KHR,middle,2837.5
2016-11-25,NZD,KHR,sell,2852
2016-11-25,PHP,KHR,buy,80.79
2016-11-25,PHP,KHR,middle,81.195
2016-11-25,PHP,KHR,sell,81.6
2016-11-25,SDR,KHR,buy,5455
2016-11-25,SDR,KHR,middle,5482
2016-11-25,SDR,KHR,sell,5509
2016-11-25,SEK,KHR,buy,436
2016-11-25,SEK,KHR,middle,438
2016-11-25,SEK,KHR,sell,440
2016-11-25,SGD,KHR,buy,2815
2016-11-25,SGD,KHR,middle,2829
2016-11-25,SGD,KHR,sell,2843
2016-11-25,THB,KHR,buy,113
2016-11-25,THB,KHR,middle,113.5
2016-11-25,THB,KHR,sell,114
2016-11-25,TWD,KHR,buy,126
2016-11-25,TWD,KHR,middle,127
2016-11-25,TWD,KHR,sell,128
2016-11-25,USD,KHR,reference,4030
2016-11-25,VND,KHR,buy,0.177
2016-11-25,VND,KHR,middle,0.178
2016-11-25,VND,KHR,sell,0.179
2016-11-28,AUD,KHR,buy,3003
2016-11-28,AUD,KHR,middle,3018
2016-11-28,AUD,KHR,sell,3033
2016-11-28,CAD,KHR,buy,2985
2016-11-28,CAD,KHR,middle,3000
2016-11-28,CAD,KHR,sell,3015
2016-11-28,CHF,KHR,buy,3986
2016-11-28,CHF,KHR,middle,4005.5
2016-11-28,CHF,KHR,sell,4025
2016-11-28,CNH,KHR,buy,581
2016-11-28,CNH,KHR,middle,584
2016-11-28,CNH,KHR,sell,587
2016-11-28,CNY,KHR,buy,583
2016-11-28,CNY,KHR,middle,586
2016-11-28,CNY,KHR,sell,589
2016-11-28,EUR,KHR,buy,4282
2016-11-28,EUR,KHR,middle,4303
2016-11-28,EUR,KHR,sell,4324
2016-11-28,GBP,KHR,buy,5033
2016-11-28,GBP,KHR,middle,5058.5
2016-11-28,GBP,KHR,sell,5084
2016-11-28,HKD,KHR,buy,520
2016-11-28,HKD,KHR,middle,522.5
2016-11-28,HKD,KHR,sell,525
2016-11-28,IDR,KHR,buy,0.299
2016-11-28,IDR,KHR,middle,0.3005
2016-11-28,IDR,KHR,sell,0.302
2016-11-28,INR,KHR,buy,58.94
2016-11-28,INR,KHR,middle,59.235
2016-11-28,INR,KHR,sell,59.53
2016-11-28,JPY,KHR,buy,35.8
2016-11-28,JPY,KHR,middle,35.98
2016-11-28,JPY,KHR,sell,36.16
2016-11-28,KRW,KHR,buy,3.44
2016-11-28,KRW,KHR,middle,3.455
2016-11-28,KRW,KHR,sell,3.47
2016-11-28,LAK,KHR,buy,0.494
2016-11-28,LAK,KHR,middle,0.4965
2016-11-28,LAK,KHR,sell,0.499
2016-11-28,MMK,KHR,buy,3.07
2016-11-28,MMK,KHR,middle,3.085
2016-11-28,MMK,KHR,sell,3.1
2016-11-28,MYR,KHR,buy,906
2016-11-28,MYR,KHR,middle,910.5
2016-11-28,MYR,KHR,sell,915
2016-11-28,NZD,KHR,buy,2844
2016-11-28,NZD,KHR,middle,2858.5
2016-11-28,NZD,KHR,sell,2873
2016-11-28,PHP,KHR,buy,81.02
2016-11-28,PHP,KHR,middle,81.425
2016-11-28,PHP,KHR,sell,81.83
2016-11-28,SDR,KHR,buy,5461
2016-11-28,SDR,KHR,middle,5488.5
2016-11-28,SDR,KHR,sell,5516
2016-11-28,SEK,KHR,buy,437
2016-11-28,SEK,KHR,middle,439.5
2016-11-28,SEK,KHR,sell,442
2016-11-28,SGD,KHR,buy,2830
2016-11-28,SGD,KHR,middle,2844
2016-11-28,SGD,KHR,sell,2858
2016-11-28,THB,KHR,buy,113
2016-11-28,THB,KHR,middle,113.5
2016-11-28,THB,KHR,sell,114
2016-11-28,TWD,KHR,buy,126
2016-11-28,TWD,KHR,middle,127
2016-11-28,TWD,KHR,sell,128
2016-11-28,USD,KHR,reference,4035
2016-11-28,VND,KHR,buy,0.177
2016-11-28,VND,KHR,middle,0.178
2016-11-28,VND,KHR,sell,0.179
2016-11-29,AUD,KHR,buy,3018
2016-11-29,AUD,KHR,middle,3033
2016-11-29,AUD,KHR,sell,3048
2016-11-29,CAD,KHR,buy,3006
2016-11-29,CAD,KHR,middle,3021
2016-11-29,CAD,KHR,sell,3036
2016-11-29,CHF,KHR,buy,3979
2016-11-29,CHF,KHR,middle,3999
2016-11-29,CHF,KHR,sell,4019
2016-11-29,CNH,KHR,buy,582
2016-11-29,CNH,KHR,middle,585
2016-11-29,CNH,KHR,sell,588
2016-11-29,CNY,KHR,buy,583
2016-11-29,CNY,KHR,middle,586
2016-11-29,CNY,KHR,sell,589
2016-11-29,EUR,KHR,buy,4277
2016-11-29,EUR,KHR,middle,4298.5
2016-11-29,EUR,KHR,sell,4320
2016-11-29,GBP,KHR,buy,5000
2016-11-29,GBP,KHR,middle,5025
2016-11-29,GBP,KHR,sell,5050
2016-11-29,HKD,KHR,buy,520
2016-11-29,HKD,KHR,middle,522.5
2016-11-29,HKD,KHR,sell,525
2016-11-29,IDR,KHR,buy,0.298
2016-11-29,IDR,KHR,middle,0.2995
2016-11-29,IDR,KHR,sell,0.301
2016-11-29,INR,KHR,buy,58.6
2016-11-29,INR,KHR,middle,58.895
2016-11-29,INR,KHR,sell,59.19
2016-11-29,JPY,KHR,buy,36.03
2016-11-29,JPY,KHR,middle,36.21
2016-11-29,JPY,KHR,sell,36.39
2016-11-29,KRW,KHR,buy,3.45
2016-11-29,KRW,KHR,middle,3.465
2016-11-29,KRW,KHR,sell,3.48
2016-11-29,LAK,KHR,buy,0.493
2016-11-29,LAK,KHR,middle,0.4955
2016-11-29,LAK,KHR,sell,0.498
2016-11-29,MMK,KHR,buy,3.09
2016-11-29,MMK,KHR,middle,3.105
2016-11-29,MMK,KHR,sell,3.12
2016-11-29,MYR,KHR,buy,904
2016-11-29,MYR,KHR,middle,908.5
2016-11-29,MYR,KHR,sell,913
2016-11-29,NZD,KHR,buy,2853
2016-11-29,NZD,KHR,middle,2867
2016-11-29,NZD,KHR,sell,2881
2016-11-29,PHP,KHR,buy,81.05
2016-11-29,PHP,KHR,middle,81.455
2016-11-29,PHP,KHR,sell,81.86
2016-11-29,SDR,KHR,buy,5448
2016-11-29,SDR,KHR,middle,5475
2016-11-29,SDR,KHR,sell,5502
2016-11-29,SEK,KHR,buy,438
2016-11-29,SEK,KHR,middle,440
2016-11-29,SEK,KHR,sell,442
2016-11-29,SGD,KHR,buy,2832
2016-11-29,SGD,KHR,middle,2846
2016-11-29,SGD,KHR,sell,2860
2016-11-29,THB,KHR,buy,113
2016-11-29,THB,KHR,middle,114
2016-11-29,THB,KHR,sell,115
2016-11-29,TWD,KHR,buy,127
2016-11-29,TWD,KHR,middle,127.5
2016-11-29,TWD,KHR,sell,128
2016-11-29,USD,KHR,reference,4030
2016-11-29,VND,KHR,buy,0.177
2016-11-29,VND,KHR,middle,0.178
2016-11-29,VND,KHR,sell,0.179
2016-11-30,AUD,KHR,buy,3018
2016-11-30,AUD,KHR,middle,3033
2016-11-30,AUD,KHR,sell,3048
2016-11-30,CAD,KHR,buy,3001
2016-11-30,CAD,KHR,middle,3016
2016-11-30,CAD,KHR,sell,3031
2016-11-30,CHF,KHR,buy,3985
2016-11-30,CHF,KHR,middle,4005
2016-11-30,CHF,KHR,sell,4025
2016-11-30,CNH,KHR,buy,583
2016-11-30,CNH,KHR,middle,586
2016-11-30,CNH,KHR,sell,589
2016-11-30,CNY,KHR,buy,584
2016-11-30,CNY,KHR,middle,587
2016-11-30,CNY,KHR,sell,590
2016-11-30,EUR,KHR,buy,4292
2016-11-30,EUR,KHR,middle,4313.5
2016-11-30,EUR,KHR,sell,4335
2016-11-30,GBP,KHR,buy,5034
2016-11-30,GBP,KHR,middle,5059
2016-11-30,GBP,KHR,sell,5084
2016-11-30,HKD,KHR,buy,520
2016-11-30,HKD,KHR,middle,522.5
2016-11-30,HKD,KHR,sell,525
2016-11-30,IDR,KHR,buy,0.297
2016-11-30,IDR,KHR,middle,0.2985
2016-11-30,IDR,KHR,sell,0.3
2016-11-30,INR,KHR,buy,58.7
2016-11-30,INR,KHR,middle,58.995
2016-11-30,INR,KHR,sell,59.29
2016-11-30,JPY,KHR,buy,35.87
2016-11-30,JPY,KHR,middle,36.05
2016-11-30,JPY,KHR,sell,36.23
2016-11-30,KRW,KHR,buy,3.46
2016-11-30,KRW,KHR,middle,3.475
2016-11-30,KRW,KHR,sell,3.49
2016-11-30,LAK,KHR,buy,0.493
2016-11-30,LAK,KHR,middle,0.4955
2016-11-30,LAK,KHR,sell,0.498
2016-11-30,MMK,KHR,buy,3.07
2016-11-30,MMK,KHR,middle,3.085
2016-11-30,MMK,KHR,sell,3.1
2016-11-30,MYR,KHR,buy,904
2016-11-30,MYR,KHR,middle,908.5
2016-11-30,MYR,KHR,sell,913
2016-11-30,NZD,KHR,buy,2877
2016-11-30,NZD,KHR,middle,2891.5
2016-11-30,NZD,KHR,sell,2906
2016-11-30,PHP,KHR,buy,81
2016-11-30,PHP,KHR,middle,81.405
2016-11-30,PHP,KHR,sell,81.81
2016-11-30,SDR,KHR,buy,5449
2016-11-30,SDR,KHR,middle,5476
2016-11-30,SDR,KHR,sell,5503
2016-11-30,SEK,KHR,buy,439
2016-11-30,SEK,KHR,middle,441.5
2016-11-30,SEK,KHR,sell,444
2016-11-30,SGD,KHR,buy,2830
2016-11-30,SGD,KHR,middle,2844
2016-11-30,SGD,KHR,sell,2858
2016-11-30,THB,KHR,buy,113
2016-11-30,THB,KHR,middle,113.5
2016-11-30,THB,KHR,sell,114
2016-11-30,TWD,KHR,buy,127
2016-11-30,TWD,KHR,middle,127.5
2016-11-30,TWD,KHR,sell,128
2016-11-30,USD,KHR,reference,4030
2016-11-30,VND,KHR,buy,0.178
2016-11-30,VND,KHR,middle,0.179
2016-11-30,VND,KHR,sell,0.18
2016-12-02,AUD,KHR,buy,2991
2016-12-02,AUD,KHR,middle,3006
2016-12-02,AUD,KHR,sell,3021
2016-12-02,CAD,KHR,buy,3028
2016-12-02,CAD,KHR,middle,3043
2016-12-02,CAD,KHR,sell,3058
2016-12-02,CHF,KHR,buy,3988
2016-12-02,CHF,KHR,middle,4008
2016-12-02,CHF,KHR,sell,4028
2016-12-02,CNH,KHR,buy,586
2016-12-02,CNH,KHR,middle,589
2016-12-02,CNH,KHR,sell,592
2016-12-02,CNY,KHR,buy,586
2016-12-02,CNY,KHR,middle,588.5
2016-12-02,CNY,KHR,sell,591
2016-12-02,EUR,KHR,buy,4297
2016-12-02,EUR,KHR,middle,4318.5
2016-12-02,EUR,KHR,sell,4340
2016-12-02,GBP,KHR,buy,5071
2016-12-02,GBP,KHR,middle,5096.5
2016-12-02,GBP,KHR,sell,5122
2016-12-02,HKD,KHR,buy,519
2016-12-02,HKD,KHR,middle,522
2016-12-02,HKD,KHR,sell,525
2016-12-02,IDR,KHR,buy,0.297
2016-12-02,IDR,KHR,middle,0.2985
2016-12-02,IDR,KHR,sell,0.3
2016-12-02,INR,KHR,buy,58.94
2016-12-02,INR,KHR,middle,59.235
2016-12-02,INR,KHR,sell,59.53
2016-12-02,JPY,KHR,buy,35.42
2016-12-02,JPY,KHR,middle,35.595
2016-12-02,JPY,KHR,sell,35.77
2016-12-02,KRW,KHR,buy,3.46
2016-12-02,KRW,KHR,middle,3.475
2016-12-02,KRW,KHR,sell,3.49
2016-12-02,LAK,KHR,buy,0.493
2016-12-02,LAK,KHR,middle,0.4955
2016-12-02,LAK,KHR,sell,0.498
2016-12-02,MMK,KHR,buy,3.08
2016-12-02,MMK,KHR,middle,3.095
2016-12-02,MMK,KHR,sell,3.11
2016-12-02,MYR,KHR,buy,905
2016-12-02,MYR,KHR,middle,909.5
2016-12-02,MYR,KHR,sell,914
2016-12-02,NZD,KHR,buy,2859
2016-12-02,NZD,KHR,middle,2873.5
2016-12-02,NZD,KHR,sell,2888
2016-12-02,PHP,KHR,buy,81.1
2016-12-02,PHP,KHR,middle,81.505
2016-12-02,PHP,KHR,sell,81.91
2016-12-02,SDR,KHR,buy,5451
2016-12-02,SDR,KHR,middle,5478.5
2016-12-02,SDR,KHR,sell,5506
2016-12-02,SEK,KHR,buy,437
2016-12-02,SEK,KHR,middle,439.5
2016-12-02,SEK,KHR,sell,442
2016-12-02,SGD,KHR,buy,2826
2016-12-02,SGD,KHR,middle,2840.5
2016-12-02,SGD,KHR,sell,2855
2016-12-02,THB,KHR,buy,113
2016-12-02,THB,KHR,middle,113.5
2016-12-02,THB,KHR,sell,114
2016-12-02,TWD,KHR,buy,126
2016-12-02,TWD,KHR,middle,127
2016-12-02,TWD,KHR,sell,128
2016-12-02,USD,KHR,reference,4028
2016-12-02,VND,KHR,buy,0.178
2016-12-02,VND,KHR,middle,0.1785
2016-12-02,VND,KHR,sell,0.179
2016-12-05,AUD,KHR,buy,2992
2016-12-05,AUD,KHR,middle,3007
2016-12-05,AUD,KHR,sell,3022
2016-12-05,CAD,KHR,buy,3020
2016-12-05,CAD,KHR,middle,3035
2016-12-05,CAD,KHR,sell,3050
2016-12-05,CHF,KHR,buy,3969
2016-12-05,CHF,KHR,middle,3989
2016-12-05,CHF,KHR,sell,4009
2016-12-05,CNH,KHR,buy,585
2016-12-05,CNH,KHR,middle,588
2016-12-05,CNH,KHR,sell,591
2016-12-05,CNY,KHR,buy,587
2016-12-05,CNY,KHR,middle,590
2016-12-05,CNY,KHR,sell,593
2016-12-05,EUR,KHR,buy,4259
2016-12-05,EUR,KHR,middle,4280
2016-12-05,EUR,KHR,sell,4301
2016-12-05,GBP,KHR,buy,5108
2016-12-05,GBP,KHR,middle,5133.5
2016-12-05,GBP,KHR,sell,5159
2016-12-05,HKD,KHR,buy,519
2016-12-05,HKD,KHR,middle,522
2016-12-05,HKD,KHR,sell,525
2016-12-05,IDR,KHR,buy,0.298
2016-12-05,IDR,KHR,middle,0.2995
2016-12-05,IDR,KHR,sell,0.301
2016-12-05,INR,KHR,buy,59.04
2016-12-05,INR,KHR,middle,59.335
2016-12-05,INR,KHR,sell,59.63
2016-12-05,JPY,KHR,buy,35.46
2016-12-05,JPY,KHR,middle,35.635
2016-12-05,JPY,KHR,sell,35.81
2016-12-05,KRW,KHR,buy,3.43
2016-12-05,KRW,KHR,middle,3.445
2016-12-05,KRW,KHR,sell,3.46
2016-12-05,LAK,KHR,buy,0.493
2016-12-05,LAK,KHR,middle,0.4955
2016-12-05,LAK,KHR,sell,0.498
2016-12-05,MMK,KHR,buy,3.07
2016-12-05,MMK,KHR,middle,3.085
2016-12-05,MMK,KHR,sell,3.1
2016-12-05,MYR,KHR,buy,905
2016-12-05,MYR,KHR,middle,910
2016-12-05,MYR,KHR,sell,915
2016-12-05,NZD,KHR,buy,2855
2016-12-05,NZD,KHR,middle,2869
2016-12-05,NZD,KHR,sell,2883
2016-12-05,PHP,KHR,buy,81.24
2016-12-05,PHP,KHR,middle,81.65
2016-12-05,PHP,KHR,sell,82.06
2016-12-05,SDR,KHR,buy,5458
2016-12-05,SDR,KHR,middle,5485.5
2016-12-05,SDR,KHR,sell,5513
2016-12-05,SEK,KHR,buy,436
2016-12-05,SEK,KHR,middle,438
2016-12-05,SEK,KHR,sell,440
2016-12-05,SGD,KHR,buy,2827
2016-12-05,SGD,KHR,middle,2841
2016-12-05,SGD,KHR,sell,2855
2016-12-05,THB,KHR,buy,113
2016-12-05,THB,KHR,middle,113.5
2016-12-05,THB,KHR,sell,114
2016-12-05,TWD,KHR,buy,126
2016-12-05,TWD,KHR,middle,127
2016-12-05,TWD,KHR,sell,128
2016-12-05,USD,KHR,reference,4028
2016-12-05,VND,KHR,buy,0.178
2016-12-05,VND,KHR,middle,0.179
2016-12-05,VND,KHR,sell,0.18
2016-12-07,AUD,KHR,buy,3009
2016-12-07,AUD,KHR,middle,3024
2016-12-07,AUD,KHR,sell,3039
2016-12-07,CAD,KHR,buy,3034
2016-12-07,CAD,KHR,middle,3049
2016-12-07,CAD,KHR,sell,3064
2016-12-07,CHF,KHR,buy,3987
2016-12-07,CHF,KHR,middle,4007
2016-12-07,CHF,KHR,sell,4027
2016-12-07,CNH,KHR,buy,585
2016-12-07,CNH,KHR,middle,588
2016-12-07,CNH,KHR,sell,591
2016-12-07,CNY,KHR,buy,585
2016-12-07,CNY,KHR,middle,588
2016-12-07,CNY,KHR,sell,591
2016-12-07,EUR,KHR,buy,4317
2016-12-07,EUR,KHR,middle,4338.5
2016-12-07,EUR,KHR,sell,4360
2016-12-07,GBP,KHR,buy,5102
2016-12-07,GBP,KHR,middle,5127.5
2016-12-07,GBP,KHR,sell,5153
2016-12-07,HKD,KHR,buy,519
2016-12-07,HKD,KHR,middle,521.5
2016-12-07,HKD,KHR,sell,524
2016-12-07,IDR,KHR,buy,0.301
2016-12-07,IDR,KHR,middle,0.3025
2016-12-07,IDR,KHR,sell,0.304
2016-12-07,INR,KHR,buy,59.31
2016-12-07,INR,KHR,middle,59.61
2016-12-07,INR,KHR,sell,59.91
2016-12-07,JPY,KHR,buy,35.28
2016-12-07,JPY,KHR,middle,35.46
2016-12-07,JPY,KHR,sell,35.64
2016-12-07,KRW,KHR,buy,3.44
2016-12-07,KRW,KHR,middle,3.455
2016-12-07,KRW,KHR,sell,3.47
2016-12-07,LAK,KHR,buy,0.493
2016-12-07,LAK,KHR,middle,0.4955
2016-12-07,LAK,KHR,sell,0.498
2016-12-07,MMK,KHR,buy,3.07
2016-12-07,MMK,KHR,middle,3.085
2016-12-07,MMK,KHR,sell,3.1
2016-12-07,MYR,KHR,buy,908
2016-12-07,MYR,KHR,middle,912.5
2016-12-07,MYR,KHR,sell,917
2016-12-07,NZD,KHR,buy,2868
2016-12-07,NZD,KHR,middle,2882.5
2016-12-07,NZD,KHR,sell,2897
2016-12-07,PHP,KHR,buy,81.21
2016-12-07,PHP,KHR,middle,81.615
2016-12-07,PHP,KHR,sell,82.02
2016-12-07,SDR,KHR,buy,5476
2016-12-07,SDR,KHR,middle,5503.5
2016-12-07,SDR,KHR,sell,5531
2016-12-07,SEK,KHR,buy,441
2016-12-07,SEK,KHR,middle,443.5
2016-12-07,SEK,KHR,sell,446
2016-12-07,SGD,KHR,buy,2835
2016-12-07,SGD,KHR,middle,2849
2016-12-07,SGD,KHR,sell,2863
2016-12-07,THB,KHR,buy,113
2016-12-07,THB,KHR,middle,113.5
2016-12-07,THB,KHR,sell,114
2016-12-07,TWD,KHR,buy,126
2016-12-07,TWD,KHR,middle,126.5
2016-12-07,TWD,KHR,sell,127
2016-12-07,USD,KHR,reference,4027
2016-12-07,VND,KHR,buy,0.177
2016-12-07,VND,KHR,middle,0.178
2016-12-07,VND,KHR,sell,0.179
2016-12-08,AUD,KHR,buy,3015
2016-12-08,AUD,KHR,middle,3030.5
2016-12-08,AUD,KHR,sell,3046
2016-12-08,CAD,KHR,buy,3047
2016-12-08,CAD,KHR,middle,3062.5
2016-12-08,CAD,KHR,sell,3078
2016-12-08,CHF,KHR,buy,4001
2016-12-08,CHF,KHR,middle,4021
2016-12-08,CHF,KHR,sell,4041
2016-12-08,CNH,KHR,buy,584
2016-12-08,CNH,KHR,middle,587
2016-12-08,CNH,KHR,sell,590
2016-12-08,CNY,KHR,buy,586
2016-12-08,CNY,KHR,middle,589
2016-12-08,CNY,KHR,sell,592
2016-12-08,EUR,KHR,buy,4335
2016-12-08,EUR,KHR,middle,4356.5
2016-12-08,EUR,KHR,sell,4378
2016-12-08,GBP,KHR,buy,5087
2016-12-08,GBP,KHR,middle,5112.5
2016-12-08,GBP,KHR,sell,5138
2016-12-08,HKD,KHR,buy,519
2016-12-08,HKD,KHR,middle,521.5
2016-12-08,HKD,KHR,sell,524
2016-12-08,IDR,KHR,buy,0.302
2016-12-08,IDR,KHR,middle,0.3035
2016-12-08,IDR,KHR,sell,0.305
2016-12-08,INR,KHR,buy,59.54
2016-12-08,INR,KHR,middle,59.84
2016-12-08,INR,KHR,sell,60.14
2016-12-08,JPY,KHR,buy,35.43
2016-12-08,JPY,KHR,middle,35.61
2016-12-08,JPY,KHR,sell,35.79
2016-12-08,KRW,KHR,buy,3.47
2016-12-08,KRW,KHR,middle,3.49
2016-12-08,KRW,KHR,sell,3.51
2016-12-08,LAK,KHR,buy,0.493
2016-12-08,LAK,KHR,middle,0.495
2016-12-08,LAK,KHR,sell,0.497
2016-12-08,MMK,KHR,buy,3.04
2016-12-08,MMK,KHR,middle,3.055
2016-12-08,MMK,KHR,sell,3.07
2016-12-08,MYR,KHR,buy,909
2016-12-08,MYR,KHR,middle,913.5
2016-12-08,MYR,KHR,sell,918
2016-12-08,NZD,KHR,buy,2895
2016-12-08,NZD,KHR,middle,2909.5
2016-12-08,NZD,KHR,sell,2924
2016-12-08,PHP,KHR,buy,80.95
2016-12-08,PHP,KHR,middle,81.355
2016-12-08,PHP,KHR,sell,81.76
2016-12-08,SDR,KHR,buy,5465
2016-12-08,SDR,KHR,middle,5492.5
2016-12-08,SDR,KHR,sell,5520
2016-12-08,SEK,KHR,buy,444
2016-12-08,SEK,KHR,middle,446.5
2016-12-08,SEK,KHR,sell,449
2016-12-08,SGD,KHR,buy,2843
2016-12-08,SGD,KHR,middle,2857
2016-12-08,SGD,KHR,sell,2871
2016-12-08,THB,KHR,buy,113
2016-12-08,THB,KHR,middle,113.5
2016-12-08,THB,KHR,sell,114
2016-12-08,TWD,KHR,buy,126
2016-12-08,TWD,KHR,middle,127
2016-12-08,TWD,KHR,sell,128
2016-12-08,USD,KHR,reference,4027
2016-12-08,VND,KHR,buy,0.178
2016-12-08,VND,KHR,middle,0.1785
2016-12-08,VND,KHR,sell,0.179
2016-12-09,AUD,KHR,buy,3003
2016-12-09,AUD,KHR,middle,3018
2016-12-09,AUD,KHR,sell,3033
2016-12-09,CAD,KHR,buy,3051
2016-12-09,CAD,KHR,middle,3066
2016-12-09,CAD,KHR,sell,3081
2016-12-09,CHF,KHR,buy,3963
2016-12-09,CHF,KHR,middle,3982.5
2016-12-09,CHF,KHR,sell,4002
2016-12-09,CNH,KHR,buy,583
2016-12-09,CNH,KHR,middle,585.5
2016-12-09,CNH,KHR,sell,588
2016-12-09,CNY,KHR,buy,585
2016-12-09,CNY,KHR,middle,588
2016-12-09,CNY,KHR,sell,591
2016-12-09,EUR,KHR,buy,4274
2016-12-09,EUR,KHR,middle,4295.5
2016-12-09,EUR,KHR,sell,4317
2016-12-09,GBP,KHR,buy,5065
2016-12-09,GBP,KHR,middle,5090
2016-12-09,GBP,KHR,sell,5115
2016-12-09,HKD,KHR,buy,519
2016-12-09,HKD,KHR,middle,521.5
2016-12-09,HKD,KHR,sell,524
2016-12-09,IDR,KHR,buy,0.303
2016-12-09,IDR,KHR,middle,0.3045
2016-12-09,IDR,KHR,sell,0.306
2016-12-09,INR,KHR,buy,59.78
2016-12-09,INR,KHR,middle,60.08
2016-12-09,INR,KHR,sell,60.38
2016-12-09,JPY,KHR,buy,35.29
2016-12-09,JPY,KHR,middle,35.47
2016-12-09,JPY,KHR,sell,35.65
2016-12-09,KRW,KHR,buy,3.47
2016-12-09,KRW,KHR,middle,3.49
2016-12-09,KRW,KHR,sell,3.51
2016-12-09,LAK,KHR,buy,0.493
2016-12-09,LAK,KHR,middle,0.495
2016-12-09,LAK,KHR,sell,0.497
2016-12-09,MMK,KHR,buy,3.03
2016-12-09,MMK,KHR,middle,3.045
2016-12-09,MMK,KHR,sell,3.06
2016-12-09,MYR,KHR,buy,911
2016-12-09,MYR,KHR,middle,915.5
2016-12-09,MYR,KHR,sell,920
2016-12-09,NZD,KHR,buy,2891
2016-12-09,NZD,KHR,middle,2905.5
2016-12-09,NZD,KHR,sell,2920
2016-12-09,PHP,KHR,buy,81.12
2016-12-09,PHP,KHR,middle,81.525
2016-12-09,PHP,KHR,sell,81.93
2016-12-09,SDR,KHR,buy,5480
2016-12-09,SDR,KHR,middle,5507
2016-12-09,SDR,KHR,sell,5534
2016-12-09,SEK,KHR,buy,441
2016-12-09,SEK,KHR,middle,443.5
2016-12-09,SEK,KHR,sell,446
2016-12-09,SGD,KHR,buy,2829
2016-12-09,SGD,KHR,middle,2843.5
2016-12-09,SGD,KHR,sell,2858
2016-12-09,THB,KHR,buy,113
2016-12-09,THB,KHR,middle,113.5
2016-12-09,THB,KHR,sell,114
2016-12-09,TWD,KHR,buy,127
2016-12-09,TWD,KHR,middle,127.5
2016-12-09,TWD,KHR,sell,128
2016-12-09,USD,KHR,reference,4026
2016-12-09,VND,KHR,buy,0.178
2016-12-09,VND,KHR,middle,0.179
2016-12-09,VND,KHR,sell,0.18
2016-12-12,AUD,KHR,buy,2996
2016-12-12,AUD,KHR,middle,3011
2016-12-12,AUD,KHR,sell,3026
2016-12-12,CAD,KHR,buy,3065
2016-12-12,CAD,KHR,middle,3080.5
2016-12-12,CAD,KHR,sell,3096
2016-12-12,CHF,KHR,buy,3952
2016-12-12,CHF,KHR,middle,3972
2016-12-12,CHF,KHR,sell,3992
2016-12-12,CNH,KHR,buy,580
2016-12-12,CNH,KHR,middle,583
2016-12-12,CNH,KHR,sell,586
2016-12-12,CNY,KHR,buy,583
2016-12-12,CNY,KHR,middle,586
2016-12-12,CNY,KHR,sell,589
2016-12-12,EUR,KHR,buy,4243
2016-12-12,EUR,KHR,middle,4264
2016-12-12,EUR,KHR,sell,4285
2016-12-12,GBP,KHR,buy,5068
2016-12-12,GBP,KHR,middle,5093.5
2016-12-12,GBP,KHR,sell,5119
2016-12-12,HKD,KHR,buy,519
2016-12-12,HKD,KHR,middle,521.5
2016-12-12,HKD,KHR,sell,524
2016-12-12,IDR,KHR,buy,0.302
2016-12-12,IDR,KHR,middle,0.3035
2016-12-12,IDR,KHR,sell,0.305
2016-12-12,INR,KHR,buy,59.72
2016-12-12,INR,KHR,middle,60.02
2016-12-12,INR,KHR,sell,60.32
2016-12-12,JPY,KHR,buy,34.89
2016-12-12,JPY,KHR,middle,35.065
2016-12-12,JPY,KHR,sell,35.24
2016-12-12,KRW,KHR,buy,3.44
2016-12-12,KRW,KHR,middle,3.455
2016-12-12,KRW,KHR,sell,3.47
2016-12-12,LAK,KHR,buy,0.492
2016-12-12,LAK,KHR,middle,0.4945
2016-12-12,LAK,KHR,sell,0.497
2016-12-12,MMK,KHR,buy,3.03
2016-12-12,MMK,KHR,middle,3.045
2016-12-12,MMK,KHR,sell,3.06
2016-12-12,MYR,KHR,buy,910
2016-12-12,MYR,KHR,middle,914.5
2016-12-12,MYR,KHR,sell,919
2016-12-12,NZD,KHR,buy,2867
2016-12-12,NZD,KHR,middle,2881.5
2016-12-12,NZD,KHR,sell,2896
2016-12-12,PHP,KHR,buy,80.92
2016-12-12,PHP,KHR,middle,81.325
2016-12-12,PHP,KHR,sell,81.73
2016-12-12,SDR,KHR,buy,5435
2016-12-12,SDR,KHR,middle,5462
2016-12-12,SDR,KHR,sell,5489
2016-12-12,SEK,KHR,buy,438
2016-12-12,SEK,KHR,middle,440
2016-12-12,SEK,KHR,sell,442
2016-12-12,SGD,KHR,buy,2812
2016-12-12,SGD,KHR,middle,2826
2016-12-12,SGD,KHR,sell,2840
2016-12-12,THB,KHR,buy,113
2016-12-12,THB,KHR,middle,113.5
2016-12-12,THB,KHR,sell,114
2016-12-12,TWD,KHR,buy,126
2016-12-12,TWD,KHR,middle,127
2016-12-12,TWD,KHR,sell,128
2016-12-12,USD,KHR,reference,4026
2016-12-12,VND,KHR,buy,0.179
2016-12-12,VND,KHR,middle,0.1795
2016-12-12,VND,KHR,sell,0.18
2016-12-13,AUD,KHR,buy,3019
2016-12-13,AUD,KHR,middle,3034
2016-12-13,AUD,KHR,sell,3049
2016-12-13,CAD,KHR,buy,3069
2016-12-13,CAD,KHR,middle,3084
2016-12-13,CAD,KHR,sell,3099
2016-12-13,CHF,KHR,buy,3976
2016-12-13,CHF,KHR,middle,3995.5
2016-12-13,CHF,KHR,sell,4015
2016-12-13,CNH,KHR,buy,582
2016-12-13,CNH,KHR,middle,584.5
2016-12-13,CNH,KHR,sell,587
2016-12-13,CNY,KHR,buy,583
2016-12-13,CNY,KHR,middle,586
2016-12-13,CNY,KHR,sell,589
2016-12-13,EUR,KHR,buy,4286
2016-12-13,EUR,KHR,middle,4307.5
2016-12-13,EUR,KHR,sell,4329
2016-12-13,GBP,KHR,buy,5105
2016-12-13,GBP,KHR,middle,5130.5
2016-12-13,GBP,KHR,sell,5156
2016-12-13,HKD,KHR,buy,519
2016-12-13,HKD,KHR,middle,521.5
2016-12-13,HKD,KHR,sell,524
2016-12-13,IDR,KHR,buy,0.302
2016-12-13,IDR,KHR,middle,0.3035
2016-12-13,IDR,KHR,sell,0.305
2016-12-13,INR,KHR,buy,59.74
2016-12-13,INR,KHR,middle,60.035
2016-12-13,INR,KHR,sell,60.33
2016-12-13,JPY,KHR,buy,35.07
2016-12-13,JPY,KHR,middle,35.245
2016-12-13,JPY,KHR,sell,35.42
2016-12-13,KRW,KHR,buy,3.46
2016-12-13,KRW,KHR,middle,3.48
2016-12-13,KRW,KHR,sell,3.5
2016-12-13,LAK,KHR,buy,0.492
2016-12-13,LAK,KHR,middle,0.4945
2016-12-13,LAK,KHR,sell,0.497
2016-12-13,MMK,KHR,buy,3.03
2016-12-13,MMK,KHR,middle,3.045
2016-12-13,MMK,KHR,sell,3.06
2016-12-13,MYR,KHR,buy,910
2016-12-13,MYR,KHR,middle,914.5
2016-12-13,MYR,KHR,sell,919
2016-12-13,NZD,KHR,buy,2899
2016-12-13,NZD,KHR,middle,2913.5
2016-12-13,NZD,KHR,sell,2928
2016-12-13,PHP,KHR,buy,80.81
2016-12-13,PHP,KHR,middle,81.215
2016-12-13,PHP,KHR,sell,81.62
2016-12-13,SDR,KHR,buy,5440
2016-12-13,SDR,KHR,middle,5467
2016-12-13,SDR,KHR,sell,5494
2016-12-13,SEK,KHR,buy,440
2016-12-13,SEK,KHR,middle,442
2016-12-13,SEK,KHR,sell,444
2016-12-13,SGD,KHR,buy,2829
2016-12-13,SGD,KHR,middle,2843.5
2016-12-13,SGD,KHR,sell,2858
2016-12-13,THB,KHR,buy,113
2016-12-13,THB,KHR,middle,113.5
2016-12-13,THB,KHR,sell,114
2016-12-13,TWD,KHR,buy,126
2016-12-13,TWD,KHR,middle,127
2016-12-13,TWD,KHR,sell,128
2016-12-13,USD,KHR,reference,4027
2016-12-13,VND,KHR,buy,0.178
2016-12-13,VND,KHR,middle,0.179
2016-12-13,VND,KHR,sell,0.18
2016-12-14,AUD,KHR,buy,3017
2016-12-14,AUD,KHR,middle,3032
2016-12-14,AUD,KHR,sell,3047
2016-12-14,CAD,KHR,buy,3066
2016-12-14,CAD,KHR,middle,3081.5
2016-12-14,CAD,KHR,sell,3097
2016-12-14,CHF,KHR,buy,3980
2016-12-14,CHF,KHR,middle,4000
2016-12-14,CHF,KHR,sell,4020
2016-12-14,CNH,KHR,buy,582
2016-12-14,CNH,KHR,middle,584.5
2016-12-14,CNH,KHR,sell,587
2016-12-14,CNY,KHR,buy,584
2016-12-14,CNY,KHR,middle,587
2016-12-14,CNY,KHR,sell,590
2016-12-14,EUR,KHR,buy,4280
2016-12-14,EUR,KHR,middle,4301.5
2016-12-14,EUR,KHR,sell,4323
2016-12-14,GBP,KHR,buy,5098
2016-12-14,GBP,KHR,middle,5123.5
2016-12-14,GBP,KHR,sell,5149
2016-12-14,HKD,KHR,buy,519
2016-12-14,HKD,KHR,middle,521.5
2016-12-14,HKD,KHR,sell,524
2016-12-14,IDR,KHR,buy,0.303
2016-12-14,IDR,KHR,middle,0.3045
2016-12-14,IDR,KHR,sell,0.306
2016-12-14,INR,KHR,buy,59.63
2016-12-14,INR,KHR,middle,59.925
2016-12-14,INR,KHR,sell,60.22
2016-12-14,JPY,KHR,buy,34.96
2016-12-14,JPY,KHR,middle,35.135
2016-12-14,JPY,KHR,sell,35.31
2016-12-14,KRW,KHR,buy,3.46
2016-12-14,KRW,KHR,middle,3.475
2016-12-14,KRW,KHR,sell,3.49
2016-12-14,LAK,KHR,buy,0.492
2016-12-14,LAK,KHR,middle,0.4945
2016-12-14,LAK,KHR,sell,0.497
2016-12-14,MMK,KHR,buy,3.03
2016-12-14,MMK,KHR,middle,3.045
2016-12-14,MMK,KHR,sell,3.06
2016-12-14,MYR,KHR,buy,910
2016-12-14,MYR,KHR,middle,914.5
2016-12-14,MYR,KHR,sell,919
2016-12-14,NZD,KHR,buy,2899
2016-12-14,NZD,KHR,middle,2913.5
2016-12-14,NZD,KHR,sell,2928
2016-12-14,PHP,KHR,buy,80.9
2016-12-14,PHP,KHR,middle,81.305
2016-12-14,PHP,KHR,sell,81.71
2016-12-14,SDR,KHR,buy,5444
2016-12-14,SDR,KHR,middle,5471
2016-12-14,SDR,KHR,sell,5498
2016-12-14,SEK,KHR,buy,440
2016-12-14,SEK,KHR,middle,442
2016-12-14,SEK,KHR,sell,444
2016-12-14,SGD,KHR,buy,2828
2016-12-14,SGD,KHR,middle,2842
2016-12-14,SGD,KHR,sell,2856
2016-12-14,THB,KHR,buy,113
2016-12-14,THB,KHR,middle,113.5
2016-12-14,THB,KHR,sell,114
2016-12-14,TWD,KHR,buy,127
2016-12-14,TWD,KHR,middle,127.5
2016-12-14,TWD,KHR,sell,128
2016-12-14,USD,KHR,reference,4027
2016-12-14,VND,KHR,buy,0.178
2016-12-14,VND,KHR,middle,0.1785
2016-12-14,VND,KHR,sell,0.179
2016-12-16,AUD,KHR,buy,2964
2016-12-16,AUD,KHR,middle,2979
2016-12-16,AUD,KHR,sell,2994
2016-12-16,CAD,KHR,buy,3021
2016-12-16,CAD,KHR,middle,3036.5
2016-12-16,CAD,KHR,sell,3052
2016-12-16,CHF,KHR,buy,3912
2016-12-16,CHF,KHR,middle,3931.5
2016-12-16,CHF,KHR,sell,3951
2016-12-16,CNH,KHR,buy,581
2016-12-16,CNH,KHR,middle,584
2016-12-16,CNH,KHR,sell,587
2016-12-16,CNY,KHR,buy,581
2016-12-16,CNY,KHR,middle,583.5
2016-12-16,CNY,KHR,sell,586
2016-12-16,EUR,KHR,buy,4195
2016-12-16,EUR,KHR,middle,4216
2016-12-16,EUR,KHR,sell,4237
2016-12-16,GBP,KHR,buy,5002
2016-12-16,GBP,KHR,middle,5027
2016-12-16,GBP,KHR,sell,5052
2016-12-16,HKD,KHR,buy,519
2016-12-16,HKD,KHR,middle,522
2016-12-16,HKD,KHR,sell,525
2016-12-16,IDR,KHR,buy,0.301
2016-12-16,IDR,KHR,middle,0.3025
2016-12-16,IDR,KHR,sell,0.304
2016-12-16,INR,KHR,buy,59.41
2016-12-16,INR,KHR,middle,59.71
2016-12-16,INR,KHR,sell,60.01
2016-12-16,JPY,KHR,buy,34.06
2016-12-16,JPY,KHR,middle,34.23
2016-12-16,JPY,KHR,sell,34.4
2016-12-16,KRW,KHR,buy,3.41
2016-12-16,KRW,KHR,middle,3.425
2016-12-16,KRW,KHR,sell,3.44
2016-12-16,LAK,KHR,buy,0.493
2016-12-16,LAK,KHR,middle,0.495
2016-12-16,LAK,KHR,sell,0.497
2016-12-16,MMK,KHR,buy,3.01
2016-12-16,MMK,KHR,middle,3.025
2016-12-16,MMK,KHR,sell,3.04
2016-12-16,MYR,KHR,buy,902
2016-12-16,MYR,KHR,middle,906.5
2016-12-16,MYR,KHR,sell,911
2016-12-16,NZD,KHR,buy,2836
2016-12-16,NZD,KHR,middle,2850.5
2016-12-16,NZD,KHR,sell,2865
2016-12-16,PHP,KHR,buy,80.66
2016-12-16,PHP,KHR,middle,81.065
2016-12-16,PHP,KHR,sell,81.47
2016-12-16,SDR,KHR,buy,5399
2016-12-16,SDR,KHR,middle,5426
2016-12-16,SDR,KHR,sell,5453
2016-12-16,SEK,KHR,buy,428
2016-12-16,SEK,KHR,middle,430
2016-12-16,SEK,KHR,sell,432
2016-12-16,SGD,KHR,buy,2792
2016-12-16,SGD,KHR,middle,2806
2016-12-16,SGD,KHR,sell,2820
2016-12-16,THB,KHR,buy,113
2016-12-16,THB,KHR,middle,113.5
2016-12-16,THB,KHR,sell,114
2016-12-16,TWD,KHR,buy,126
2016-12-16,TWD,KHR,middle,127
2016-12-16,TWD,KHR,sell,128
2016-12-16,USD,KHR,reference,4030
2016-12-16,VND,KHR,buy,0.177
2016-12-16,VND,KHR,middle,0.178
2016-12-16,VND,KHR,sell,0.179
2016-12-19,AUD,KHR,buy,2941
2016-12-19,AUD,KHR,middle,2955.5
2016-12-19,AUD,KHR,sell,2970
2016-12-19,CAD,KHR,buy,3025
2016-12-19,CAD,KHR,middle,3040
2016-12-19,CAD,KHR,sell,3055
2016-12-19,CHF,KHR,buy,3932
2016-12-19,CHF,KHR,middle,3951.5
2016-12-19,CHF,KHR,sell,3971
2016-12-19,CNH,KHR,buy,580
2016-12-19,CNH,KHR,middle,582.5
2016-12-19,CNH,KHR,sell,585
2016-12-19,CNY,KHR,buy,580
2016-12-19,CNY,KHR,middle,583
2016-12-19,CNY,KHR,sell,586
2016-12-19,EUR,KHR,buy,4217
2016-12-19,EUR,KHR,middle,4238.5
2016-12-19,EUR,KHR,sell,4260
2016-12-19,GBP,KHR,buy,5040
2016-12-19,GBP,KHR,middle,5065
2016-12-19,GBP,KHR,sell,5090
2016-12-19,HKD,KHR,buy,520
2016-12-19,HKD,KHR,middle,522.5
2016-12-19,HKD,KHR,sell,525
2016-12-19,IDR,KHR,buy,0.301
2016-12-19,IDR,KHR,middle,0.3025
2016-12-19,IDR,KHR,sell,0.304
2016-12-19,INR,KHR,buy,59.54
2016-12-19,INR,KHR,middle,59.84
2016-12-19,INR,KHR,sell,60.14
2016-12-19,JPY,KHR,buy,34.27
2016-12-19,JPY,KHR,middle,34.445
2016-12-19,JPY,KHR,sell,34.62
2016-12-19,KRW,KHR,buy,3.4
2016-12-19,KRW,KHR,middle,3.42
2016-12-19,KRW,KHR,sell,3.44
2016-12-19,LAK,KHR,buy,0.493
2016-12-19,LAK,KHR,middle,0.4955
2016-12-19,LAK,KHR,sell,0.498
2016-12-19,MMK,KHR,buy,2.98
2016-12-19,MMK,KHR,middle,2.995
2016-12-19,MMK,KHR,sell,3.01
2016-12-19,MYR,KHR,buy,902
2016-12-19,MYR,KHR,middle,906.5
2016-12-19,MYR,KHR,sell,911
2016-12-19,NZD,KHR,buy,2811
2016-12-19,NZD,KHR,middle,2825
2016-12-19,NZD,KHR,sell,2839
2016-12-19,PHP,KHR,buy,80.83
2016-12-19,PHP,KHR,middle,81.235
2016-12-19,PHP,KHR,sell,81.64
2016-12-19,SDR,KHR,buy,5409
2016-12-19,SDR,KHR,middle,5436
2016-12-19,SDR,KHR,sell,5463
2016-12-19,SEK,KHR,buy,432
2016-12-19,SEK,KHR,middle,434
2016-12-19,SEK,KHR,sell,436
2016-12-19,SGD,KHR,buy,2794
2016-12-19,SGD,KHR,middle,2807.5
2016-12-19,SGD,KHR,sell,2821
2016-12-19,THB,KHR,buy,113
2016-12-19,THB,KHR,middle,113.5
2016-12-19,THB,KHR,sell,114
2016-12-19,TWD,KHR,buy,126
2016-12-19,TWD,KHR,middle,127
2016-12-19,TWD,KHR,sell,128
2016-12-19,USD,KHR,reference,4035
2016-12-19,VND,KHR,buy,0.178
2016-12-19,VND,KHR,middle,0.179
2016-12-19,VND,KHR,sell,0.18
2016-12-20,AUD,KHR,buy,2932
2016-12-20,AUD,KHR,middle,2947
2016-12-20,AUD,KHR,sell,2962
2016-12-20,CAD,KHR,buy,3017
2016-12-20,CAD,KHR,middle,3032
2016-12-20,CAD,KHR,sell,3047
2016-12-20,CHF,KHR,buy,3937
2016-12-20,CHF,KHR,middle,3956.5
2016-12-20,CHF,KHR,sell,3976
2016-12-20,CNH,KHR,buy,583
2016-12-20,CNH,KHR,middle,586
2016-12-20,CNH,KHR,sell,589
2016-12-20,CNY,KHR,buy,582
2016-12-20,CNY,KHR,middle,585
2016-12-20,CNY,KHR,sell,588
2016-12-20,EUR,KHR,buy,4206
2016-12-20,EUR,KHR,middle,4227
2016-12-20,EUR,KHR,sell,4248
2016-12-20,GBP,KHR,buy,5009
2016-12-20,GBP,KHR,middle,5034
2016-12-20,GBP,KHR,sell,5059
2016-12-20,HKD,KHR,buy,521
2016-12-20,HKD,KHR,middle,523.5
2016-12-20,HKD,KHR,sell,526
2016-12-20,IDR,KHR,buy,0.302
2016-12-20,IDR,KHR,middle,0.3035
2016-12-20,IDR,KHR,sell,0.305
2016-12-20,INR,KHR,buy,59.6
2016-12-20,INR,KHR,middle,59.9
2016-12-20,INR,KHR,sell,60.2
2016-12-20,JPY,KHR,buy,34.53
2016-12-20,JPY,KHR,middle,34.705
2016-12-20,JPY,KHR,sell,34.88
2016-12-20,KRW,KHR,buy,3.4
2016-12-20,KRW,KHR,middle,3.42
2016-12-20,KRW,KHR,sell,3.44
2016-12-20,LAK,KHR,buy,0.493
2016-12-20,LAK,KHR,middle,0.496
2016-12-20,LAK,KHR,sell,0.499
2016-12-20,MMK,KHR,buy,2.97
2016-12-20,MMK,KHR,middle,2.985
2016-12-20,MMK,KHR,sell,3
2016-12-20,MYR,KHR,buy,904
2016-12-20,MYR,KHR,middle,908.5
2016-12-20,MYR,KHR,sell,913
2016-12-20,NZD,KHR,buy,2801
2016-12-20,NZD,KHR,middle,2815
2016-12-20,NZD,KHR,sell,2829
2016-12-20,PHP,KHR,buy,80.95
2016-12-20,PHP,KHR,middle,81.355
2016-12-20,PHP,KHR,sell,81.76
2016-12-20,SDR,KHR,buy,5422
2016-12-20,SDR,KHR,middle,5449
2016-12-20,SDR,KHR,sell,5476
2016-12-20,SEK,KHR,buy,431
2016-12-20,SEK,KHR,middle,433.5
2016-12-20,SEK,KHR,sell,436
2016-12-20,SGD,KHR,buy,2793
2016-12-20,SGD,KHR,middle,2807
2016-12-20,SGD,KHR,sell,2821
2016-12-20,THB,KHR,buy,113
2016-12-20,THB,KHR,middle,113.5
2016-12-20,THB,KHR,sell,114
2016-12-20,TWD,KHR,buy,127
2016-12-20,TWD,KHR,middle,127.5
2016-12-20,TWD,KHR,sell,128
2016-12-20,USD,KHR,reference,4045
2016-12-20,VND,KHR,buy,0.178
2016-12-20,VND,KHR,middle,0.179
2016-12-20,VND,KHR,sell,0.18
2016-12-21,AUD,KHR,buy,2940
2016-12-21,AUD,KHR,middle,2954.5
2016-12-21,AUD,KHR,sell,2969
2016-12-21,CAD,KHR,buy,3026
2016-12-21,CAD,KHR,middle,3041
2016-12-21,CAD,KHR,sell,3056
2016-12-21,CHF,KHR,buy,3932
2016-12-21,CHF,KHR,middle,3951.5
2016-12-21,CHF,KHR,sell,3971
2016-12-21,CNH,KHR,buy,583
2016-12-21,CNH,KHR,middle,586
2016-12-21,CNH,KHR,sell,589
2016-12-21,CNY,KHR,buy,583
2016-12-21,CNY,KHR,middle,586
2016-12-21,CNY,KHR,sell,589
2016-12-21,EUR,KHR,buy,4204
2016-12-21,EUR,KHR,middle,4225
2016-12-21,EUR,KHR,sell,4246
2016-12-21,GBP,KHR,buy,5000
2016-12-21,GBP,KHR,middle,5025
2016-12-21,GBP,KHR,sell,5050
2016-12-21,HKD,KHR,buy,521
2016-12-21,HKD,KHR,middle,523.5
2016-12-21,HKD,KHR,sell,526
2016-12-21,IDR,KHR,buy,0.301
2016-12-21,IDR,KHR,middle,0.3025
2016-12-21,IDR,KHR,sell,0.304
2016-12-21,INR,KHR,buy,59.45
2016-12-21,INR,KHR,middle,59.75
2016-12-21,INR,KHR,sell,60.05
2016-12-21,JPY,KHR,buy,34.32
2016-12-21,JPY,KHR,middle,34.495
2016-12-21,JPY,KHR,sell,34.67
2016-12-21,KRW,KHR,buy,3.39
2016-12-21,KRW,KHR,middle,3.405
2016-12-21,KRW,KHR,sell,3.42
2016-12-21,LAK,KHR,buy,0.494
2016-12-21,LAK,KHR,middle,0.4965
2016-12-21,LAK,KHR,sell,0.499
2016-12-21,MMK,KHR,buy,2.96
2016-12-21,MMK,KHR,middle,2.975
2016-12-21,MMK,KHR,sell,2.99
2016-12-21,MYR,KHR,buy,904
2016-12-21,MYR,KHR,middle,908.5
2016-12-21,MYR,KHR,sell,913
2016-12-21,NZD,KHR,buy,2802
2016-12-21,NZD,KHR,middle,2816
2016-12-21,NZD,KHR,sell,2830
2016-12-21,PHP,KHR,buy,80.9
2016-12-21,PHP,KHR,middle,81.305
2016-12-21,PHP,KHR,sell,81.71
2016-12-21,SDR,KHR,buy,5410
2016-12-21,SDR,KHR,middle,5437
2016-12-21,SDR,KHR,sell,5464
2016-12-21,SEK,KHR,buy,433
2016-12-21,SEK,KHR,middle,435
2016-12-21,SEK,KHR,sell,437
2016-12-21,SGD,KHR,buy,2800
2016-12-21,SGD,KHR,middle,2814
2016-12-21,SGD,KHR,sell,2828
2016-12-21,THB,KHR,buy,112
2016-12-21,THB,KHR,middle,112.5
2016-12-21,THB,KHR,sell,113
2016-12-21,TWD,KHR,buy,126
2016-12-21,TWD,KHR,middle,127
2016-12-21,TWD,KHR,sell,128
2016-12-21,USD,KHR,reference,4045
2016-12-21,VND,KHR,buy,0.178
2016-12-21,VND,KHR,middle,0.179
2016-12-21,VND,KHR,sell,0.18
2016-12-22,AUD,KHR,buy,2927
2016-12-22,AUD,KHR,middle,2941.5
2016-12-22,AUD,KHR,sell,2956
2016-12-22,CAD,KHR,buy,3012
2016-12-22,CAD,KHR,middle,3027
2016-12-22,CAD,KHR,sell,3042
2016-12-22,CHF,KHR,buy,3941
2016-12-22,CHF,KHR,middle,3960.5
2016-12-22,CHF,KHR,sell,3980
2016-12-22,CNH,KHR,buy,583
2016-12-22,CNH,KHR,middle,586
2016-12-22,CNH,KHR,sell,589
2016-12-22,CNY,KHR,buy,583
2016-12-22,CNY,KHR,middle,586
2016-12-22,CNY,KHR,sell,589
2016-12-22,EUR,KHR,buy,4218
2016-12-22,EUR,KHR,middle,4239
2016-12-22,EUR,KHR,sell,4260
2016-12-22,GBP,KHR,buy,4997
2016-12-22,GBP,KHR,middle,5022
2016-12-22,GBP,KHR,sell,5047
2016-12-22,HKD,KHR,buy,521
2016-12-22,HKD,KHR,middle,523.5
2016-12-22,HKD,KHR,sell,526
2016-12-22,IDR,KHR,buy,0.3
2016-12-22,IDR,KHR,middle,0.3015
2016-12-22,IDR,KHR,sell,0.303
2016-12-22,INR,KHR,buy,59.56
2016-12-22,INR,KHR,middle,59.86
2016-12-22,INR,KHR,sell,60.16
2016-12-22,JPY,KHR,buy,34.41
2016-12-22,JPY,KHR,middle,34.58
2016-12-22,JPY,KHR,sell,34.75
2016-12-22,KRW,KHR,buy,3.38
2016-12-22,KRW,KHR,middle,3.4
2016-12-22,KRW,KHR,sell,3.42
2016-12-22,LAK,KHR,buy,0.494
2016-12-22,LAK,KHR,middle,0.4965
2016-12-22,LAK,KHR,sell,0.499
2016-12-22,MMK,KHR,buy,2.94
2016-12-22,MMK,KHR,middle,2.955
2016-12-22,MMK,KHR,sell,2.97
2016-12-22,MYR,KHR,buy,903
2016-12-22,MYR,KHR,middle,907.5
2016-12-22,MYR,KHR,sell,912
2016-12-22,NZD,KHR,buy,2792
2016-12-22,NZD,KHR,middle,2806
2016-12-22,NZD,KHR,sell,2820
2016-12-22,PHP,KHR,buy,80.93
2016-12-22,PHP,KHR,middle,81.335
2016-12-22,PHP,KHR,sell,81.74
2016-12-22,SDR,KHR,buy,5418
2016-12-22,SDR,KHR,middle,5445.5
2016-12-22,SDR,KHR,sell,5473
2016-12-22,SEK,KHR,buy,439
2016-12-22,SEK,KHR,middle,441
2016-12-22,SEK,KHR,sell,443
2016-12-22,SGD,KHR,buy,2799
2016-12-22,SGD,KHR,middle,2813
2016-12-22,SGD,KHR,sell,2827
2016-12-22,THB,KHR,buy,112
2016-12-22,THB,KHR,middle,113
2016-12-22,THB,KHR,sell,114
2016-12-22,TWD,KHR,buy,126
2016-12-22,TWD,KHR,middle,127
2016-12-22,TWD,KHR,sell,128
2016-12-22,USD,KHR,reference,4045
2016-12-22,VND,KHR,buy,0.178
2016-12-22,VND,KHR,middle,0.1785
2016-12-22,VND,KHR,sell,0.179
2016-12-28,AUD,KHR,buy,2903
2016-12-28,AUD,KHR,middle,2917.5
2016-12-28,AUD,KHR,sell,2932
2016-12-28,CAD,KHR,buy,2974
2016-12-28,CAD,KHR,middle,2988.5
2016-12-28,CAD,KHR,sell,3003
2016-12-28,CHF,KHR,buy,3929
2016-12-28,CHF,KHR,middle,3948.5
2016-12-28,CHF,KHR,sell,3968
2016-12-28,CNH,KHR,buy,580
2016-12-28,CNH,KHR,middle,583
2016-12-28,CNH,KHR,sell,586
2016-12-28,CNY,KHR,buy,581
2016-12-28,CNY,KHR,middle,584
2016-12-28,CNY,KHR,sell,587
2016-12-28,EUR,KHR,buy,4224
2016-12-28,EUR,KHR,middle,4245
2016-12-28,EUR,KHR,sell,4266
2016-12-28,GBP,KHR,buy,4955
2016-12-28,GBP,KHR,middle,4980
2016-12-28,GBP,KHR,sell,5005
2016-12-28,HKD,KHR,buy,520
2016-12-28,HKD,KHR,middle,522.5
2016-12-28,HKD,KHR,sell,525
2016-12-28,IDR,KHR,buy,0.3
2016-12-28,IDR,KHR,middle,0.3015
2016-12-28,IDR,KHR,sell,0.303
2016-12-28,INR,KHR,buy,59.32
2016-12-28,INR,KHR,middle,59.62
2016-12-28,INR,KHR,sell,59.92
2016-12-28,JPY,KHR,buy,34.38
2016-12-28,JPY,KHR,middle,34.55
2016-12-28,JPY,KHR,sell,34.72
2016-12-28,KRW,KHR,buy,3.35
2016-12-28,KRW,KHR,middle,3.365
2016-12-28,KRW,KHR,sell,3.38
2016-12-28,LAK,KHR,buy,0.493
2016-12-28,LAK,KHR,middle,0.4955
2016-12-28,LAK,KHR,sell,0.498
2016-12-28,MMK,KHR,buy,2.97
2016-12-28,MMK,KHR,middle,2.985
2016-12-28,MMK,KHR,sell,3
2016-12-28,MYR,KHR,buy,902
2016-12-28,MYR,KHR,middle,906.5
2016-12-28,MYR,KHR,sell,911
2016-12-28,NZD,KHR,buy,2784
2016-12-28,NZD,KHR,middle,2797.5
2016-12-28,NZD,KHR,sell,2811
2016-12-28,PHP,KHR,buy,81.16
2016-12-28,PHP,KHR,middle,81.565
2016-12-28,PHP,KHR,sell,81.97
2016-12-28,SDR,KHR,buy,5408
2016-12-28,SDR,KHR,middle,5435
2016-12-28,SDR,KHR,sell,5462
2016-12-28,SEK,KHR,buy,438
2016-12-28,SEK,KHR,middle,440
2016-12-28,SEK,KHR,sell,442
2016-12-28,SGD,KHR,buy,2787
2016-12-28,SGD,KHR,middle,2801
2016-12-28,SGD,KHR,sell,2815
2016-12-28,THB,KHR,buy,112
2016-12-28,THB,KHR,middle,112.5
2016-12-28,THB,KHR,sell,113
2016-12-28,TWD,KHR,buy,125
2016-12-28,TWD,KHR,middle,125.5
2016-12-28,TWD,KHR,sell,126
2016-12-28,USD,KHR,reference,4037
2016-12-28,VND,KHR,buy,0.178
2016-12-28,VND,KHR,middle,0.1785
2016-12-28,VND,KHR,sell,0.179
2016-12-29,AUD,KHR,buy,2901
2016-12-29,AUD,KHR,middle,2915.5
2016-12-29,AUD,KHR,sell,2930
2016-12-29,CAD,KHR,buy,2980
2016-12-29,CAD,KHR,middle,2994.5
2016-12-29,CAD,KHR,sell,3009
2016-12-29,CHF,KHR,buy,3929
2016-12-29,CHF,KHR,middle,3949
2016-12-29,CHF,KHR,sell,3969
2016-12-29,CNH,KHR,buy,579
2016-12-29,CNH,KHR,middle,582
2016-12-29,CNH,KHR,sell,585
2016-12-29,CNY,KHR,buy,580
2016-12-29,CNY,KHR,middle,583
2016-12-29,CNY,KHR,sell,586
2016-12-29,EUR,KHR,buy,4209
2016-12-29,EUR,KHR,middle,4230
2016-12-29,EUR,KHR,sell,4251
2016-12-29,GBP,KHR,buy,4936
2016-12-29,GBP,KHR,middle,4961
2016-12-29,GBP,KHR,sell,4986
2016-12-29,HKD,KHR,buy,520
2016-12-29,HKD,KHR,middle,523
2016-12-29,HKD,KHR,sell,526
2016-12-29,IDR,KHR,buy,0.3
2016-12-29,IDR,KHR,middle,0.3015
2016-12-29,IDR,KHR,sell,0.303
2016-12-29,INR,KHR,buy,59.16
2016-12-29,INR,KHR,middle,59.455
2016-12-29,INR,KHR,sell,59.75
2016-12-29,JPY,KHR,buy,34.53
2016-12-29,JPY,KHR,middle,34.705
2016-12-29,JPY,KHR,sell,34.88
2016-12-29,KRW,KHR,buy,3.34
2016-12-29,KRW,KHR,middle,3.355
2016-12-29,KRW,KHR,sell,3.37
2016-12-29,LAK,KHR,buy,0.493
2016-12-29,LAK,KHR,middle,0.4955
2016-12-29,LAK,KHR,sell,0.498
2016-12-29,MMK,KHR,buy,2.98
2016-12-29,MMK,KHR,middle,2.995
2016-12-29,MMK,KHR,sell,3.01
2016-12-29,MYR,KHR,buy,901
2016-12-29,MYR,KHR,middle,905.5
2016-12-29,MYR,KHR,sell,910
2016-12-29,NZD,KHR,buy,2796
2016-12-29,NZD,KHR,middle,2810
2016-12-29,NZD,KHR,sell,2824
2016-12-29,PHP,KHR,buy,81.1
2016-12-29,PHP,KHR,middle,81.505
2016-12-29,PHP,KHR,sell,81.91
2016-12-29,SDR,KHR,buy,5400
2016-12-29,SDR,KHR,middle,5427
2016-12-29,SDR,KHR,sell,5454
2016-12-29,SEK,KHR,buy,440
2016-12-29,SEK,KHR,middle,442
2016-12-29,SEK,KHR,sell,444
2016-12-29,SGD,KHR,buy,2785
2016-12-29,SGD,KHR,middle,2799
2016-12-29,SGD,KHR,sell,2813
2016-12-29,THB,KHR,buy,112
2016-12-29,THB,KHR,middle,112.5
2016-12-29,THB,KHR,sell,113
2016-12-29,TWD,KHR,buy,125
2016-12-29,TWD,KHR,middle,125.5
2016-12-29,TWD,KHR,sell,126
2016-12-29,USD,KHR,reference,4037
2016-12-29,VND,KHR,buy,0.178
2016-12-29,VND,KHR,middle,0.1785
2016-12-29,VND,KHR,sell,0.179
2016-12-30,AUD,KHR,buy,2921
2016-12-30,AUD,KHR,middle,2935.5
2016-12-30,AUD,KHR,sell,2950
2016-12-30,CAD,KHR,buy,2996
2016-12-30,CAD,KHR,middle,3011
2016-12-30,CAD,KHR,sell,3026
2016-12-30,CHF,KHR,buy,3971
2016-12-30,CHF,KHR,middle,3990.5
2016-12-30,CHF,KHR,sell,4010
2016-12-30,CNH,KHR,buy,580
2016-12-30,CNH,KHR,middle,582.5
2016-12-30,CNH,KHR,sell,585
2016-12-30,CNY,KHR,buy,580
2016-12-30,CNY,KHR,middle,583
2016-12-30,CNY,KHR,sell,586
2016-12-30,EUR,KHR,buy,4265
2016-12-30,EUR,KHR,middle,4286.5
2016-12-30,EUR,KHR,sell,4308
2016-12-30,GBP,KHR,buy,4960
2016-12-30,GBP,KHR,middle,4984.5
2016-12-30,GBP,KHR,sell,5009
2016-12-30,HKD,KHR,buy,521
2016-12-30,HKD,KHR,middle,523.5
2016-12-30,HKD,KHR,sell,526
2016-12-30,IDR,KHR,buy,0.3
2016-12-30,IDR,KHR,middle,0.3015
2016-12-30,IDR,KHR,sell,0.303
2016-12-30,INR,KHR,buy,59.28
2016-12-30,INR,KHR,middle,59.58
2016-12-30,INR,KHR,sell,59.88
2016-12-30,JPY,KHR,buy,34.67
2016-12-30,JPY,KHR,middle,34.845
2016-12-30,JPY,KHR,sell,35.02
2016-12-30,KRW,KHR,buy,3.34
2016-12-30,KRW,KHR,middle,3.36
2016-12-30,KRW,KHR,sell,3.38
2016-12-30,LAK,KHR,buy,0.493
2016-12-30,LAK,KHR,middle,0.4955
2016-12-30,LAK,KHR,sell,0.498
2016-12-30,MMK,KHR,buy,2.98
2016-12-30,MMK,KHR,middle,2.995
2016-12-30,MMK,KHR,sell,3.01
2016-12-30,MYR,KHR,buy,901
2016-12-30,MYR,KHR,middle,905.5
2016-12-30,MYR,KHR,sell,910
2016-12-30,NZD,KHR,buy,2813
2016-12-30,NZD,KHR,middle,2827
2016-12-30,NZD,KHR,sell,2841
2016-12-30,PHP,KHR,buy,81.19
2016-12-30,PHP,KHR,middle,81.6
2016-12-30,PHP,KHR,sell,82.01
2016-12-30,SDR,KHR,buy,5410
2016-12-30,SDR,KHR,middle,5437
2016-12-30,SDR,KHR,sell,5464
2016-12-30,SEK,KHR,buy,445
2016-12-30,SEK,KHR,middle,447.5
2016-12-30,SEK,KHR,sell,450
2016-12-30,SGD,KHR,buy,2792
2016-12-30,SGD,KHR,middle,2806
2016-12-30,SGD,KHR,sell,2820
2016-12-30,THB,KHR,buy,112
2016-12-30,THB,KHR,middle,113
2016-12-30,THB,KHR,sell,114
2016-12-30,TWD,KHR,buy,125
2016-12-30,TWD,KHR,middle,125.5
2016-12-30,TWD,KHR,sell,126
2016-12-30,USD,KHR,reference,4037
2016-12-30,VND,KHR,buy,0.178
2016-12-30,VND,KHR,middle,0.1785
2016-12-30,VND,KHR,sell,0.179
