date,base,quote,type,value
2000-01-04,AED,AMD,reference,142.64
2000-01-04,ARP,AMD,reference,524.02
2000-01-04,ATS,AMD,reference,38.6
2000-01-04,AUD,AMD,reference,337.2
2000-01-04,BEF,AMD,reference,13.168
2000-01-04,BGL,AMD,reference,270.18
2000-01-04,BRC,AMD,reference,286.04
2000-01-04,BYR,AMD,reference,0.164
2000-01-04,CAD,AMD,reference,356.74
2000-01-04,CHF,AMD,reference,331.11
2000-01-04,CNY,AMD,reference,63.26
2000-01-04,CZK,AMD,reference,14.68
2000-01-04,DEM,AMD,reference,271.6
2000-01-04,DKK,AMD,reference,71.32
2000-01-04,EEK,AMD,reference,33.93
2000-01-04,EGP,AMD,reference,152.19
2000-01-04,ESP,AMD,reference,3.193
2000-01-04,EUR,AMD,reference,531.21
2000-01-04,FIM,AMD,reference,89.34
2000-01-04,FRF,AMD,reference,80.98
2000-01-04,GBP,AMD,reference,846.52
2000-01-04,GEL,AMD,reference,277.86
2000-01-04,GRD,AMD,reference,1.598
2000-01-04,HUF,AMD,reference,2.084
2000-01-04,IEP,AMD,reference,674.49
2000-01-04,ILS,AMD,reference,125.85
2000-01-04,INR,AMD,reference,12.04
2000-01-04,IRR,AMD,reference,0.2993
2000-01-04,ISK,AMD,reference,72.7
2000-01-04,ITL,AMD,reference,0.2743
2000-01-04,JPY,AMD,reference,5.107
2000-01-04,KGS,AMD,reference,11.53
2000-01-04,KRW,AMD,reference,0.4627
2000-01-04,KWD,AMD,reference,1721.21
2000-01-04,KZT,AMD,reference,37.9
2000-01-04,LBP,AMD,reference,0.3474
2000-01-04,LTL,AMD,reference,130.94
2000-01-04,LVL,AMD,reference,898.4
2000-01-04,MDL,AMD,reference,45.1
2000-01-04,MXN,AMD,reference,55.62
2000-01-04,NLG,AMD,reference,241.05
2000-01-04,NOK,AMD,reference,65.5
2000-01-04,PLZ,AMD,reference,127.2
2000-01-04,PTE,AMD,reference,2.65
2000-01-04,ROL,AMD,reference,0.02886
2000-01-04,RUB,AMD,reference,19.04
2000-01-04,SAR,AMD,reference,139.68
2000-01-04,SDR,AMD,reference,737.73
2000-01-04,SEK,AMD,reference,61.95
2000-01-04,SGD,AMD,reference,314.07
2000-01-04,SKK,AMD,reference,12.5
2000-01-04,SYP,AMD,reference,12.18
2000-01-04,TAD,AMD,reference,3.857
2000-01-04,TJS,AMD,reference,3.857
2000-01-04,TMM,AMD,reference,0.1002
2000-01-04,TMT,AMD,reference,0.1002
2000-01-04,TRL,AMD,reference,0.00983
2000-01-04,UAH,AMD,reference,100.06
2000-01-04,USD,AMD,reference,523.77
2000-01-04,USM,AMD,reference,37.49
2000-01-05,AED,AMD,reference,143.83
2000-01-05,ARP,AMD,reference,528.17
2000-01-05,ATS,AMD,reference,38.73
2000-01-05,AUD,AMD,reference,347.88
2000-01-05,BEF,AMD,reference,13.21
2000-01-05,BGL,AMD,reference,271.27
2000-01-05,BRC,AMD,reference,292.37
2000-01-05,BYR,AMD,reference,1.65
2000-01-05,CAD,AMD,reference,365.92
2000-01-05,CHF,AMD,reference,332.16
2000-01-05,CNY,AMD,reference,63.78
2000-01-05,CZK,AMD,reference,14.94
2000-01-05,DEM,AMD,reference,272.46
2000-01-05,DKK,AMD,reference,72.7
2000-01-05,EEK,AMD,reference,34.14
2000-01-05,EGP,AMD,reference,153.49
2000-01-05,ESP,AMD,reference,3.203
2000-01-05,EUR,AMD,reference,532.88
2000-01-05,FIM,AMD,reference,89.62
2000-01-05,FRF,AMD,reference,81.24
2000-01-05,GBP,AMD,reference,865.13
2000-01-05,GEL,AMD,reference,273.64
2000-01-05,GRD,AMD,reference,1.617
2000-01-05,HUF,AMD,reference,2.091
2000-01-05,IEP,AMD,reference,676.62
2000-01-05,ILS,AMD,reference,128.06
2000-01-05,INR,AMD,reference,12.14
2000-01-05,IRR,AMD,reference,0.3018
2000-01-05,ISK,AMD,reference,73.75
2000-01-05,ITL,AMD,reference,0.2752
2000-01-05,JPY,AMD,reference,5.129
2000-01-05,KGS,AMD,reference,11.67
2000-01-05,KRW,AMD,reference,0.4643
2000-01-05,KWD,AMD,reference,1737.28
2000-01-05,KZT,AMD,reference,38.21
2000-01-05,LBP,AMD,reference,0.3503
2000-01-05,LTL,AMD,reference,132.03
2000-01-05,LVL,AMD,reference,909
2000-01-05,MDL,AMD,reference,45.57
2000-01-05,MXN,AMD,reference,55.73
2000-01-05,NLG,AMD,reference,241.81
2000-01-05,NOK,AMD,reference,66.1
2000-01-05,PLZ,AMD,reference,127.98
2000-01-05,PTE,AMD,reference,2.658
2000-01-05,ROL,AMD,reference,0.02893
2000-01-05,RUB,AMD,reference,18.84
2000-01-05,SAR,AMD,reference,140.83
2000-01-05,SDR,AMD,reference,737.73
2000-01-05,SEK,AMD,reference,62.31
2000-01-05,SGD,AMD,reference,317.07
2000-01-05,SKK,AMD,reference,12.77
2000-01-05,SYP,AMD,reference,11.48
2000-01-05,TAD,AMD,reference,3.889
2000-01-05,TJS,AMD,reference,3.889
2000-01-05,TMM,AMD,reference,0.1002
2000-01-05,TMT,AMD,reference,0.1002
2000-01-05,TRL,AMD,reference,0.00977
2000-01-05,UAH,AMD,reference,101.25
2000-01-05,USD,AMD,reference,528.13
2000-01-05,USM,AMD,reference,37.6
2000-01-06,AED,AMD,reference,151.4
2000-01-06,ARP,AMD,reference,556.07
2000-01-06,ATS,AMD,reference,35.59
2000-01-06,AUD,AMD,reference,301.76
2000-01-06,BEF,AMD,reference,12.141
2000-01-06,BGL,AMD,reference,239.23
2000-01-06,BRC,AMD,reference,280.41
2000-01-06,BYR,AMD,reference,0.495
2000-01-06,CAD,AMD,reference,359.64
2000-01-06,CHF,AMD,reference,326.53
2000-01-06,CNY,AMD,reference,67.16
2000-01-06,CZK,AMD,reference,14.12
2000-01-06,DEM,AMD,reference,250.42
2000-01-06,DKK,AMD,reference,66.12
2000-01-06,EEK,AMD,reference,31.41
2000-01-06,EGP,AMD,reference,144.71
2000-01-06,ESP,AMD,reference,2.944
2000-01-06,EUR,AMD,reference,489.77
2000-01-06,FIM,AMD,reference,82.37
2000-01-06,FRF,AMD,reference,74.67
2000-01-06,GBP,AMD,reference,804.43
2000-01-06,GEL,AMD,reference,277.97
2000-01-06,GRD,AMD,reference,1.449
2000-01-06,HUF,AMD,reference,1.853
2000-01-06,IEP,AMD,reference,621.89
2000-01-06,ILS,AMD,reference,135.49
2000-01-06,INR,AMD,reference,11.86
2000-01-06,IRR,AMD,reference,0.3015
2000-01-06,ISK,AMD,reference,64.38
2000-01-06,ITL,AMD,reference,0.2529
2000-01-06,JPY,AMD,reference,5.179
2000-01-06,KGS,AMD,reference,11.26
2000-01-06,KRW,AMD,reference,0.4591
2000-01-06,KWD,AMD,reference,1814.89
2000-01-06,KZT,AMD,reference,38.61
2000-01-06,LBP,AMD,reference,0.3688
2000-01-06,LTL,AMD,reference,138.98
2000-01-06,LVL,AMD,reference,895.22
2000-01-06,MDL,AMD,reference,44.95
2000-01-06,MXN,AMD,reference,59.05
2000-01-06,NLG,AMD,reference,222.25
2000-01-06,NOK,AMD,reference,61.08
2000-01-06,PLZ,AMD,reference,124.54
2000-01-06,PTE,AMD,reference,2.443
2000-01-06,ROL,AMD,reference,0.0219
2000-01-06,RUB,AMD,reference,19.78
2000-01-06,SAR,AMD,reference,148.22
2000-01-06,SDR,AMD,reference,710.17
2000-01-06,SEK,AMD,reference,57.38
2000-01-06,SGD,AMD,reference,317.7
2000-01-06,SKK,AMD,reference,11.34
2000-01-06,SYP,AMD,reference,12.35
2000-01-06,TAD,AMD,reference,25.27
2000-01-06,TMM,AMD,reference,0.1069
2000-01-06,TRL,AMD,reference,0.00822
2000-01-06,UAH,AMD,reference,102.26
2000-01-06,USD,AMD,reference,555.93
2000-01-06,USM,AMD,reference,17.46
2000-01-07,AED,AMD,reference,143.83
2000-01-07,ARP,AMD,reference,528.24
2000-01-07,ATS,AMD,reference,39.55
2000-01-07,AUD,AMD,reference,345.87
2000-01-07,BEF,AMD,reference,13.491
2000-01-07,BGL,AMD,reference,278.26
2000-01-07,BRC,AMD,reference,287.05
2000-01-07,BYR,AMD,reference,1.65
2000-01-07,CAD,AMD,reference,363.73
2000-01-07,CHF,AMD,reference,339.03
2000-01-07,CNY,AMD,reference,63.79
2000-01-07,CZK,AMD,reference,15.07
2000-01-07,DEM,AMD,reference,278.26
2000-01-07,DKK,AMD,reference,73.56
2000-01-07,EEK,AMD,reference,34.98
2000-01-07,EGP,AMD,reference,153.27
2000-01-07,ESP,AMD,reference,3.271
2000-01-07,EUR,AMD,reference,544.24
2000-01-07,FIM,AMD,reference,91.53
2000-01-07,FRF,AMD,reference,82.97
2000-01-07,GBP,AMD,reference,866.71
2000-01-07,GEL,AMD,reference,273.64
2000-01-07,GRD,AMD,reference,1.648
2000-01-07,HUF,AMD,reference,2.151
2000-01-07,IEP,AMD,reference,691.04
2000-01-07,ILS,AMD,reference,127.66
2000-01-07,INR,AMD,reference,12.14
2000-01-07,IRR,AMD,reference,0.3018
2000-01-07,ISK,AMD,reference,73.59
2000-01-07,ITL,AMD,reference,0.2811
2000-01-07,JPY,AMD,reference,5.119
2000-01-07,KGS,AMD,reference,11.67
2000-01-07,KRW,AMD,reference,0.4611
2000-01-07,KWD,AMD,reference,1739.29
2000-01-07,KZT,AMD,reference,38.21
2000-01-07,LBP,AMD,reference,0.3503
2000-01-07,LTL,AMD,reference,132.03
2000-01-07,LVL,AMD,reference,912.14
2000-01-07,MDL,AMD,reference,45.57
2000-01-07,MXN,AMD,reference,55.87
2000-01-07,NLG,AMD,reference,246.96
2000-01-07,NOK,AMD,reference,66.78
2000-01-07,PLZ,AMD,reference,127.88
2000-01-07,PTE,AMD,reference,2.715
2000-01-07,ROL,AMD,reference,0.02887
2000-01-07,RUB,AMD,reference,18.84
2000-01-07,SAR,AMD,reference,140.83
2000-01-07,SDR,AMD,reference,737.73
2000-01-07,SEK,AMD,reference,63.13
2000-01-07,SGD,AMD,reference,317.07
2000-01-07,SKK,AMD,reference,12.93
2000-01-07,SYP,AMD,reference,11.48
2000-01-07,TAD,AMD,reference,3.889
2000-01-07,TJS,AMD,reference,3.889
2000-01-07,TMM,AMD,reference,0.1002
2000-01-07,TMT,AMD,reference,0.1002
2000-01-07,TRL,AMD,reference,0.00986
2000-01-07,UAH,AMD,reference,101.25
2000-01-07,USD,AMD,reference,528.13
2000-01-07,USM,AMD,reference,37.6
2000-01-08,AED,AMD,reference,151.27
2000-01-08,ARP,AMD,reference,555.66
2000-01-08,ATS,AMD,reference,35.64
2000-01-08,AUD,AMD,reference,305.74
2000-01-08,BEF,AMD,reference,12.156
2000-01-08,BGL,AMD,reference,239.23
2000-01-08,BRC,AMD,reference,282.33
2000-01-08,BYR,AMD,reference,0.491
2000-01-08,CAD,AMD,reference,362.56
2000-01-08,CHF,AMD,reference,324.41
2000-01-08,CNY,AMD,reference,67.11
2000-01-08,CZK,AMD,reference,14.22
2000-01-08,DEM,AMD,reference,250.73
2000-01-08,DKK,AMD,reference,66.77
2000-01-08,EEK,AMD,reference,31.75
2000-01-08,EGP,AMD,reference,144.75
2000-01-08,ESP,AMD,reference,2.947
2000-01-08,EUR,AMD,reference,490.38
2000-01-08,FIM,AMD,reference,82.48
2000-01-08,FRF,AMD,reference,74.76
2000-01-08,GBP,AMD,reference,803.34
2000-01-08,GEL,AMD,reference,277.97
2000-01-08,GRD,AMD,reference,1.442
2000-01-08,HUF,AMD,reference,1.874
2000-01-08,IEP,AMD,reference,622.65
2000-01-08,ILS,AMD,reference,135.81
2000-01-08,INR,AMD,reference,11.85
2000-01-08,IRR,AMD,reference,0.3015
2000-01-08,ISK,AMD,reference,64.43
2000-01-08,ITL,AMD,reference,0.2533
2000-01-08,JPY,AMD,reference,5.033
2000-01-08,KGS,AMD,reference,11.25
2000-01-08,KRW,AMD,reference,0.4576
2000-01-08,KWD,AMD,reference,1810.59
2000-01-08,KZT,AMD,reference,38.58
2000-01-08,LBP,AMD,reference,0.3685
2000-01-08,LTL,AMD,reference,138.87
2000-01-08,LVL,AMD,reference,894.49
2000-01-08,MDL,AMD,reference,44.91
2000-01-08,MXN,AMD,reference,59.06
2000-01-08,NLG,AMD,reference,222.52
2000-01-08,NOK,AMD,reference,60.8
2000-01-08,PLZ,AMD,reference,126.78
2000-01-08,PTE,AMD,reference,2.446
2000-01-08,ROL,AMD,reference,0.02182
2000-01-08,RUB,AMD,reference,19.78
2000-01-08,SAR,AMD,reference,148.12
2000-01-08,SDR,AMD,reference,710.17
2000-01-08,SEK,AMD,reference,57.25
2000-01-08,SGD,AMD,reference,320
2000-01-08,SKK,AMD,reference,11.41
2000-01-08,SYP,AMD,reference,12.34
2000-01-08,TAD,AMD,reference,25.249
2000-01-08,TMM,AMD,reference,0.1068
2000-01-08,TRL,AMD,reference,0.00818
2000-01-08,UAH,AMD,reference,102.18
2000-01-08,USD,AMD,reference,555.48
2000-01-08,USM,AMD,reference,17.44
2000-01-09,AED,AMD,reference,152.65
2000-01-09,ARP,AMD,reference,560.68
2000-01-09,ATS,AMD,reference,34.87
2000-01-09,AUD,AMD,reference,297.53
2000-01-09,BEF,AMD,reference,11.893
2000-01-09,BGL,AMD,reference,239.23
2000-01-09,BRC,AMD,reference,286.63
2000-01-09,BYR,AMD,reference,0.523
2000-01-09,CAD,AMD,reference,365.98
2000-01-09,CHF,AMD,reference,316.37
2000-01-09,CNY,AMD,reference,67.72
2000-01-09,CZK,AMD,reference,13.87
2000-01-09,DEM,AMD,reference,245.3
2000-01-09,DKK,AMD,reference,64.54
2000-01-09,EEK,AMD,reference,30.76
2000-01-09,EGP,AMD,reference,145.6
2000-01-09,ESP,AMD,reference,2.883
2000-01-09,EUR,AMD,reference,479.76
2000-01-09,FIM,AMD,reference,80.69
2000-01-09,FRF,AMD,reference,73.14
2000-01-09,GBP,AMD,reference,797.8
2000-01-09,GEL,AMD,reference,277.97
2000-01-09,GRD,AMD,reference,1.417
2000-01-09,HUF,AMD,reference,1.822
2000-01-09,IEP,AMD,reference,609.17
2000-01-09,ILS,AMD,reference,136.55
2000-01-09,INR,AMD,reference,12.01
2000-01-09,IRR,AMD,reference,0.3015
2000-01-09,ISK,AMD,reference,64.62
2000-01-09,ITL,AMD,reference,0.2478
2000-01-09,JPY,AMD,reference,5.224
2000-01-09,KGS,AMD,reference,11.58
2000-01-09,KRW,AMD,reference,0.4949
2000-01-09,KWD,AMD,reference,1821.55
2000-01-09,KZT,AMD,reference,39.28
2000-01-09,LBP,AMD,reference,0.3718
2000-01-09,LTL,AMD,reference,140.13
2000-01-09,LVL,AMD,reference,904.08
2000-01-09,MDL,AMD,reference,45.58
2000-01-09,MXN,AMD,reference,58.12
2000-01-09,NLG,AMD,reference,217.7
2000-01-09,NOK,AMD,reference,60.33
2000-01-09,PLZ,AMD,reference,123.14
2000-01-09,PTE,AMD,reference,2.393
2000-01-09,ROL,AMD,reference,0.02244
2000-01-09,RUB,AMD,reference,20.18
2000-01-09,SAR,AMD,reference,149.44
2000-01-09,SDR,AMD,reference,696.21
2000-01-09,SEK,AMD,reference,56
2000-01-09,SGD,AMD,reference,322.52
2000-01-09,SKK,AMD,reference,11.2
2000-01-09,SYP,AMD,reference,10.68
2000-01-09,TAD,AMD,reference,25.479
2000-01-09,TMM,AMD,reference,0.1078
2000-01-09,TRL,AMD,reference,0.00824
2000-01-09,UAH,AMD,reference,103.1
2000-01-09,USD,AMD,reference,560.53
2000-01-09,USM,AMD,reference,18.24
2000-01-10,AED,AMD,reference,143.83
2000-01-10,ARP,AMD,reference,528.24
2000-01-10,ATS,AMD,reference,39.87
2000-01-10,AUD,AMD,reference,345.5
2000-01-10,BEF,AMD,reference,13.6
2000-01-10,BGL,AMD,reference,280.51
2000-01-10,BRC,AMD,reference,287.21
2000-01-10,BYR,AMD,reference,1.65
2000-01-10,CAD,AMD,reference,362.45
2000-01-10,CHF,AMD,reference,341.44
2000-01-10,CNY,AMD,reference,63.79
2000-01-10,CZK,AMD,reference,15.06
2000-01-10,DEM,AMD,reference,280.51
2000-01-10,DKK,AMD,reference,73.09
2000-01-10,EEK,AMD,reference,34.78
2000-01-10,EGP,AMD,reference,153.44
2000-01-10,ESP,AMD,reference,3.297
2000-01-10,EUR,AMD,reference,548.62
2000-01-10,FIM,AMD,reference,92.27
2000-01-10,FRF,AMD,reference,83.64
2000-01-10,GBP,AMD,reference,868.77
2000-01-10,GEL,AMD,reference,273.64
2000-01-10,GRD,AMD,reference,1.653
2000-01-10,HUF,AMD,reference,2.137
2000-01-10,IEP,AMD,reference,696.61
2000-01-10,ILS,AMD,reference,127.6
2000-01-10,INR,AMD,reference,12.14
2000-01-10,IRR,AMD,reference,0.3018
2000-01-10,ISK,AMD,reference,73.21
2000-01-10,ITL,AMD,reference,0.2833
2000-01-10,JPY,AMD,reference,5.015
2000-01-10,KGS,AMD,reference,11.48
2000-01-10,KRW,AMD,reference,0.4655
2000-01-10,KWD,AMD,reference,1739.87
2000-01-10,KZT,AMD,reference,38.21
2000-01-10,LBP,AMD,reference,0.3503
2000-01-10,LTL,AMD,reference,132.03
2000-01-10,LVL,AMD,reference,912.14
2000-01-10,MDL,AMD,reference,45.42
2000-01-10,MXN,AMD,reference,55.2
2000-01-10,NLG,AMD,reference,248.95
2000-01-10,NOK,AMD,reference,66.88
2000-01-10,PLZ,AMD,reference,129.13
2000-01-10,PTE,AMD,reference,2.737
2000-01-10,ROL,AMD,reference,0.02886
2000-01-10,RUB,AMD,reference,18.84
2000-01-10,SAR,AMD,reference,140.83
2000-01-10,SDR,AMD,reference,737.73
2000-01-10,SEK,AMD,reference,63.46
2000-01-10,SGD,AMD,reference,318.27
2000-01-10,SKK,AMD,reference,12.86
2000-01-10,SYP,AMD,reference,11.56
2000-01-10,TAD,AMD,reference,3.889
2000-01-10,TJS,AMD,reference,3.889
2000-01-10,TMM,AMD,reference,0.1002
2000-01-10,TMT,AMD,reference,0.1002
2000-01-10,TRL,AMD,reference,0.00987
2000-01-10,UAH,AMD,reference,101.19
2000-01-10,USD,AMD,reference,528.13
2000-01-10,USM,AMD,reference,37.6
2000-01-11,AED,AMD,reference,143.1
2000-01-11,ARP,AMD,reference,525.73
2000-01-11,ATS,AMD,reference,39.27
2000-01-11,AUD,AMD,reference,344.4
2000-01-11,BEF,AMD,reference,13.396
2000-01-11,BGL,AMD,reference,276.3
2000-01-11,BRC,AMD,reference,287.07
2000-01-11,BYR,AMD,reference,1.642
2000-01-11,CAD,AMD,reference,359.92
2000-01-11,CHF,AMD,reference,336.09
2000-01-11,CNY,AMD,reference,63.47
2000-01-11,CZK,AMD,reference,14.95
2000-01-11,DEM,AMD,reference,276.3
2000-01-11,DKK,AMD,reference,72.24
2000-01-11,EEK,AMD,reference,34.4
2000-01-11,EGP,AMD,reference,152.56
2000-01-11,ESP,AMD,reference,3.248
2000-01-11,EUR,AMD,reference,540.4
2000-01-11,FIM,AMD,reference,90.89
2000-01-11,FRF,AMD,reference,82.38
2000-01-11,GBP,AMD,reference,860.58
2000-01-11,GEL,AMD,reference,272.27
2000-01-11,GRD,AMD,reference,1.636
2000-01-11,HUF,AMD,reference,2.115
2000-01-11,IEP,AMD,reference,686.17
2000-01-11,ILS,AMD,reference,126.96
2000-01-11,INR,AMD,reference,12.07
2000-01-11,IRR,AMD,reference,0.3003
2000-01-11,ISK,AMD,reference,72.65
2000-01-11,ITL,AMD,reference,0.2791
2000-01-11,JPY,AMD,reference,4.99
2000-01-11,KGS,AMD,reference,11.42
2000-01-11,KRW,AMD,reference,0.4613
2000-01-11,KWD,AMD,reference,1731.14
2000-01-11,KZT,AMD,reference,37.89
2000-01-11,LBP,AMD,reference,0.3486
2000-01-11,LTL,AMD,reference,131.37
2000-01-11,LVL,AMD,reference,904.44
2000-01-11,MDL,AMD,reference,45.19
2000-01-11,MXN,AMD,reference,55.21
2000-01-11,NLG,AMD,reference,245.22
2000-01-11,NOK,AMD,reference,65.95
2000-01-11,PLZ,AMD,reference,129.36
2000-01-11,PTE,AMD,reference,2.696
2000-01-11,ROL,AMD,reference,0.02868
2000-01-11,RUB,AMD,reference,18.36
2000-01-11,SAR,AMD,reference,140.13
2000-01-11,SDR,AMD,reference,737.73
2000-01-11,SEK,AMD,reference,62.51
2000-01-11,SGD,AMD,reference,316.65
2000-01-11,SKK,AMD,reference,12.73
2000-01-11,SYP,AMD,reference,11.5
2000-01-11,TAD,AMD,reference,3.87
2000-01-11,TJS,AMD,reference,3.87
2000-01-11,TMM,AMD,reference,0.1002
2000-01-11,TMT,AMD,reference,0.1002
2000-01-11,TRL,AMD,reference,0.00982
2000-01-11,UAH,AMD,reference,100.68
2000-01-11,USD,AMD,reference,525.48
2000-01-11,USM,AMD,reference,37.41
2000-01-12,AED,AMD,reference,143.1
2000-01-12,ARP,AMD,reference,525.59
2000-01-12,ATS,AMD,reference,39.06
2000-01-12,AUD,AMD,reference,344.4
2000-01-12,BEF,AMD,reference,13.325
2000-01-12,BGL,AMD,reference,274.83
2000-01-12,BRC,AMD,reference,289.22
2000-01-12,BYR,AMD,reference,1.617
2000-01-12,CAD,AMD,reference,360.81
2000-01-12,CHF,AMD,reference,334.09
2000-01-12,CNY,AMD,reference,63.47
2000-01-12,CZK,AMD,reference,15.05
2000-01-12,DEM,AMD,reference,274.83
2000-01-12,DKK,AMD,reference,72.7
2000-01-12,EEK,AMD,reference,34.56
2000-01-12,EGP,AMD,reference,152.84
2000-01-12,ESP,AMD,reference,3.231
2000-01-12,EUR,AMD,reference,537.51
2000-01-12,FIM,AMD,reference,90.4
2000-01-12,FRF,AMD,reference,81.94
2000-01-12,GBP,AMD,reference,863.78
2000-01-12,GEL,AMD,reference,272.27
2000-01-12,GRD,AMD,reference,1.626
2000-01-12,HUF,AMD,reference,2.124
2000-01-12,IEP,AMD,reference,682.5
2000-01-12,ILS,AMD,reference,127.7
2000-01-12,INR,AMD,reference,12.07
2000-01-12,IRR,AMD,reference,0.3003
2000-01-12,ISK,AMD,reference,72.8
2000-01-12,ITL,AMD,reference,0.2776
2000-01-12,JPY,AMD,reference,4.978
2000-01-12,KGS,AMD,reference,11.42
2000-01-12,KRW,AMD,reference,0.4586
2000-01-12,KWD,AMD,reference,1731.14
2000-01-12,KZT,AMD,reference,37.89
2000-01-12,LBP,AMD,reference,0.3486
2000-01-12,LTL,AMD,reference,131.37
2000-01-12,LVL,AMD,reference,902.89
2000-01-12,MDL,AMD,reference,45.02
2000-01-12,MXN,AMD,reference,55.67
2000-01-12,NLG,AMD,reference,243.91
2000-01-12,NOK,AMD,reference,65.63
2000-01-12,PLZ,AMD,reference,129.89
2000-01-12,PTE,AMD,reference,2.681
2000-01-12,ROL,AMD,reference,0.02869
2000-01-12,RUB,AMD,reference,18.36
2000-01-12,SAR,AMD,reference,140.13
2000-01-12,SDR,AMD,reference,737.73
2000-01-12,SEK,AMD,reference,62.09
2000-01-12,SGD,AMD,reference,315.4
2000-01-12,SKK,AMD,reference,12.79
2000-01-12,SYP,AMD,reference,11.94
2000-01-12,TAD,AMD,reference,3.87
2000-01-12,TJS,AMD,reference,3.87
2000-01-12,TMM,AMD,reference,0.1002
2000-01-12,TMT,AMD,reference,0.1002
2000-01-12,TRL,AMD,reference,0.00982
2000-01-12,UAH,AMD,reference,100.22
2000-01-12,USD,AMD,reference,525.48
2000-01-12,USM,AMD,reference,37.41
2000-01-13,AED,AMD,reference,143.1
2000-01-13,ARP,AMD,reference,525.52
2000-01-13,ATS,AMD,reference,39.17
2000-01-13,AUD,AMD,reference,345.87
2000-01-13,BEF,AMD,reference,13.36
2000-01-13,BGL,AMD,reference,275.55
2000-01-13,BRC,AMD,reference,288.47
2000-01-13,BYR,AMD,reference,1.617
2000-01-13,CAD,AMD,reference,360.58
2000-01-13,CHF,AMD,reference,334.89
2000-01-13,CNY,AMD,reference,63.47
2000-01-13,CZK,AMD,reference,15.07
2000-01-13,DEM,AMD,reference,275.55
2000-01-13,DKK,AMD,reference,72.9
2000-01-13,EEK,AMD,reference,34.71
2000-01-13,EGP,AMD,reference,152.65
2000-01-13,ESP,AMD,reference,3.239
2000-01-13,EUR,AMD,reference,538.93
2000-01-13,FIM,AMD,reference,90.64
2000-01-13,FRF,AMD,reference,82.16
2000-01-13,GBP,AMD,reference,865.57
2000-01-13,GEL,AMD,reference,272.27
2000-01-13,GRD,AMD,reference,1.636
2000-01-13,HUF,AMD,reference,2.132
2000-01-13,IEP,AMD,reference,684.3
2000-01-13,ILS,AMD,reference,127.85
2000-01-13,INR,AMD,reference,12.07
2000-01-13,IRR,AMD,reference,0.3003
2000-01-13,ISK,AMD,reference,73.52
2000-01-13,ITL,AMD,reference,0.2783
2000-01-13,JPY,AMD,reference,4.969
2000-01-13,KGS,AMD,reference,11.42
2000-01-13,KRW,AMD,reference,0.4586
2000-01-13,KWD,AMD,reference,1729.41
2000-01-13,KZT,AMD,reference,37.83
2000-01-13,LBP,AMD,reference,0.3486
2000-01-13,LTL,AMD,reference,131.37
2000-01-13,LVL,AMD,reference,902.89
2000-01-13,MDL,AMD,reference,44.84
2000-01-13,MXN,AMD,reference,55.42
2000-01-13,NLG,AMD,reference,244.56
2000-01-13,NOK,AMD,reference,65.66
2000-01-13,PLZ,AMD,reference,129.05
2000-01-13,PTE,AMD,reference,2.688
2000-01-13,ROL,AMD,reference,0.02869
2000-01-13,RUB,AMD,reference,18.36
2000-01-13,SAR,AMD,reference,140.12
2000-01-13,SDR,AMD,reference,737.73
2000-01-13,SEK,AMD,reference,62.22
2000-01-13,SGD,AMD,reference,315.4
2000-01-13,SKK,AMD,reference,12.84
2000-01-13,SYP,AMD,reference,11.94
2000-01-13,TAD,AMD,reference,3.87
2000-01-13,TJS,AMD,reference,3.87
2000-01-13,TMM,AMD,reference,0.1002
2000-01-13,TMT,AMD,reference,0.1002
2000-01-13,TRL,AMD,reference,0.00974
2000-01-13,UAH,AMD,reference,98.21
2000-01-13,USD,AMD,reference,525.48
2000-01-13,USM,AMD,reference,37.41
2000-01-14,AED,AMD,reference,143.16
2000-01-14,ARP,AMD,reference,525.74
2000-01-14,ATS,AMD,reference,39.38
2000-01-14,AUD,AMD,reference,348.7
2000-01-14,BEF,AMD,reference,13.433
2000-01-14,BGL,AMD,reference,277.06
2000-01-14,BRC,AMD,reference,286.83
2000-01-14,BYR,AMD,reference,1.593
2000-01-14,CAD,AMD,reference,361.38
2000-01-14,CHF,AMD,reference,336.62
2000-01-14,CNY,AMD,reference,63.49
2000-01-14,CZK,AMD,reference,15.01
2000-01-14,DEM,AMD,reference,277.06
2000-01-14,DKK,AMD,reference,72.75
2000-01-14,EEK,AMD,reference,34.63
2000-01-14,EGP,AMD,reference,152.72
2000-01-14,ESP,AMD,reference,3.257
2000-01-14,EUR,AMD,reference,541.89
2000-01-14,FIM,AMD,reference,91.14
2000-01-14,FRF,AMD,reference,82.61
2000-01-14,GBP,AMD,reference,864.72
2000-01-14,GEL,AMD,reference,272.38
2000-01-14,GRD,AMD,reference,1.637
2000-01-14,HUF,AMD,reference,2.125
2000-01-14,IEP,AMD,reference,688.06
2000-01-14,ILS,AMD,reference,127.63
2000-01-14,INR,AMD,reference,12.08
2000-01-14,IRR,AMD,reference,0.3004
2000-01-14,ISK,AMD,reference,73.32
2000-01-14,ITL,AMD,reference,0.2799
2000-01-14,JPY,AMD,reference,4.976
2000-01-14,KGS,AMD,reference,11.43
2000-01-14,KRW,AMD,reference,0.463
2000-01-14,KWD,AMD,reference,1729.08
2000-01-14,KZT,AMD,reference,37.85
2000-01-14,LBP,AMD,reference,0.3487
2000-01-14,LTL,AMD,reference,131.43
2000-01-14,LVL,AMD,reference,904.82
2000-01-14,MDL,AMD,reference,43.93
2000-01-14,MXN,AMD,reference,55.26
2000-01-14,NLG,AMD,reference,245.9
2000-01-14,NOK,AMD,reference,65.96
2000-01-14,PLZ,AMD,reference,129.29
2000-01-14,PTE,AMD,reference,2.703
2000-01-14,ROL,AMD,reference,0.02866
2000-01-14,RUB,AMD,reference,18.04
2000-01-14,SAR,AMD,reference,140.18
2000-01-14,SDR,AMD,reference,737.73
2000-01-14,SEK,AMD,reference,62.48
2000-01-14,SGD,AMD,reference,315.42
2000-01-14,SKK,AMD,reference,12.8
2000-01-14,SYP,AMD,reference,11.95
2000-01-14,TAD,AMD,reference,3.871
2000-01-14,TJS,AMD,reference,3.871
2000-01-14,TMM,AMD,reference,0.1002
2000-01-14,TMT,AMD,reference,0.1002
2000-01-14,TRL,AMD,reference,0.00975
2000-01-14,UAH,AMD,reference,98.04
2000-01-14,USD,AMD,reference,525.7
2000-01-14,USM,AMD,reference,37.3
2000-01-15,AED,AMD,reference,151.31
2000-01-15,ARP,AMD,reference,555.8
2000-01-15,ATS,AMD,reference,35.32
2000-01-15,AUD,AMD,reference,300.2
2000-01-15,BEF,AMD,reference,12.049
2000-01-15,BGL,AMD,reference,239.23
2000-01-15,BRC,AMD,reference,283.13
2000-01-15,BYR,AMD,reference,0.48
2000-01-15,CAD,AMD,reference,365.37
2000-01-15,CHF,AMD,reference,323.26
2000-01-15,CNY,AMD,reference,67.13
2000-01-15,CZK,AMD,reference,14.11
2000-01-15,DEM,AMD,reference,248.52
2000-01-15,DKK,AMD,reference,65.84
2000-01-15,EEK,AMD,reference,31.36
2000-01-15,EGP,AMD,reference,146.22
2000-01-15,ESP,AMD,reference,2.921
2000-01-15,EUR,AMD,reference,486.06
2000-01-15,FIM,AMD,reference,81.75
2000-01-15,FRF,AMD,reference,74.1
2000-01-15,GBP,AMD,reference,814.65
2000-01-15,GEL,AMD,reference,277.97
2000-01-15,GRD,AMD,reference,1.426
2000-01-15,HUF,AMD,reference,1.853
2000-01-15,IEP,AMD,reference,617.16
2000-01-15,ILS,AMD,reference,135.82
2000-01-15,INR,AMD,reference,11.88
2000-01-15,IRR,AMD,reference,0.3015
2000-01-15,ISK,AMD,reference,63.93
2000-01-15,ITL,AMD,reference,0.251
2000-01-15,JPY,AMD,reference,4.943
2000-01-15,KGS,AMD,reference,11.23
2000-01-15,KRW,AMD,reference,0.4687
2000-01-15,KWD,AMD,reference,1811.88
2000-01-15,KZT,AMD,reference,38.53
2000-01-15,LBP,AMD,reference,0.3686
2000-01-15,LTL,AMD,reference,138.91
2000-01-15,LVL,AMD,reference,893.28
2000-01-15,MDL,AMD,reference,44.91
2000-01-15,MXN,AMD,reference,58.79
2000-01-15,NLG,AMD,reference,220.56
2000-01-15,NOK,AMD,reference,59.94
2000-01-15,PLZ,AMD,reference,127.29
2000-01-15,PTE,AMD,reference,2.424
2000-01-15,ROL,AMD,reference,0.02173
2000-01-15,RUB,AMD,reference,19.78
2000-01-15,SAR,AMD,reference,148.15
2000-01-15,SDR,AMD,reference,710.17
2000-01-15,SEK,AMD,reference,56.82
2000-01-15,SGD,AMD,reference,319.6
2000-01-15,SKK,AMD,reference,11.34
2000-01-15,SYP,AMD,reference,12.08
2000-01-15,TAD,AMD,reference,25.255
2000-01-15,TMM,AMD,reference,0.1069
2000-01-15,TRL,AMD,reference,0.00814
2000-01-15,UAH,AMD,reference,102.2
2000-01-15,USD,AMD,reference,555.62
2000-01-15,USM,AMD,reference,17.33
2000-01-16,AED,AMD,reference,151.33
2000-01-16,ARP,AMD,reference,555.8
2000-01-16,ATS,AMD,reference,34.66
2000-01-16,AUD,AMD,reference,289.9
2000-01-16,BEF,AMD,reference,11.823
2000-01-16,BGL,AMD,reference,239.23
2000-01-16,BRC,AMD,reference,285.83
2000-01-16,BYR,AMD,reference,0.515
2000-01-16,CAD,AMD,reference,359.76
2000-01-16,CHF,AMD,reference,313.91
2000-01-16,CNY,AMD,reference,67.14
2000-01-16,CZK,AMD,reference,13.78
2000-01-16,DEM,AMD,reference,243.86
2000-01-16,DKK,AMD,reference,64.03
2000-01-16,EEK,AMD,reference,30.56
2000-01-16,EGP,AMD,reference,145.76
2000-01-16,ESP,AMD,reference,2.867
2000-01-16,EUR,AMD,reference,476.95
2000-01-16,FIM,AMD,reference,80.22
2000-01-16,FRF,AMD,reference,72.71
2000-01-16,GBP,AMD,reference,794.03
2000-01-16,GEL,AMD,reference,277.97
2000-01-16,GRD,AMD,reference,1.403
2000-01-16,HUF,AMD,reference,1.814
2000-01-16,IEP,AMD,reference,605.6
2000-01-16,ILS,AMD,reference,135.11
2000-01-16,INR,AMD,reference,11.88
2000-01-16,IRR,AMD,reference,0.3015
2000-01-16,ISK,AMD,reference,63.66
2000-01-16,ITL,AMD,reference,0.2463
2000-01-16,JPY,AMD,reference,5.143
2000-01-16,KGS,AMD,reference,11.42
2000-01-16,KRW,AMD,reference,0.4904
2000-01-16,KWD,AMD,reference,1805.6
2000-01-16,KZT,AMD,reference,38.59
2000-01-16,LBP,AMD,reference,0.3686
2000-01-16,LTL,AMD,reference,138.92
2000-01-16,LVL,AMD,reference,894.83
2000-01-16,MDL,AMD,reference,45.19
2000-01-16,MXN,AMD,reference,58.53
2000-01-16,NLG,AMD,reference,216.43
2000-01-16,NOK,AMD,reference,59.45
2000-01-16,PLZ,AMD,reference,122.31
2000-01-16,PTE,AMD,reference,2.379
2000-01-16,ROL,AMD,reference,0.02216
2000-01-16,RUB,AMD,reference,20.18
2000-01-16,SAR,AMD,reference,148.15
2000-01-16,SDR,AMD,reference,696.21
2000-01-16,SEK,AMD,reference,55.11
2000-01-16,SGD,AMD,reference,318.71
2000-01-16,SKK,AMD,reference,11.17
2000-01-16,SYP,AMD,reference,12.08
2000-01-16,TAD,AMD,reference,25.259
2000-01-16,TMM,AMD,reference,0.1069
2000-01-16,TRL,AMD,reference,0.00815
2000-01-16,UAH,AMD,reference,102.2
2000-01-16,USD,AMD,reference,555.69
2000-01-16,USM,AMD,reference,18.09
2000-01-17,AED,AMD,reference,143.16
2000-01-17,ARP,AMD,reference,525.81
2000-01-17,ATS,AMD,reference,39.26
2000-01-17,AUD,AMD,reference,350.43
2000-01-17,BEF,AMD,reference,13.391
2000-01-17,BGL,AMD,reference,276.2
2000-01-17,BRC,AMD,reference,289.98
2000-01-17,BYR,AMD,reference,1.583
2000-01-17,CAD,AMD,reference,362.7
2000-01-17,CHF,AMD,reference,335.3
2000-01-17,CNY,AMD,reference,63.49
2000-01-17,CZK,AMD,reference,14.95
2000-01-17,DEM,AMD,reference,276.2
2000-01-17,DKK,AMD,reference,72.32
2000-01-17,EEK,AMD,reference,34.63
2000-01-17,EGP,AMD,reference,152.72
2000-01-17,ESP,AMD,reference,3.247
2000-01-17,EUR,AMD,reference,540.21
2000-01-17,FIM,AMD,reference,90.86
2000-01-17,FRF,AMD,reference,82.35
2000-01-17,GBP,AMD,reference,864.72
2000-01-17,GEL,AMD,reference,272.38
2000-01-17,GRD,AMD,reference,1.636
2000-01-17,HUF,AMD,reference,2.125
2000-01-17,IEP,AMD,reference,685.92
2000-01-17,ILS,AMD,reference,128.16
2000-01-17,INR,AMD,reference,12.08
2000-01-17,IRR,AMD,reference,0.3004
2000-01-17,ISK,AMD,reference,73.19
2000-01-17,ITL,AMD,reference,0.279
2000-01-17,JPY,AMD,reference,4.973
2000-01-17,KGS,AMD,reference,11.43
2000-01-17,KRW,AMD,reference,0.4622
2000-01-17,KWD,AMD,reference,1729.08
2000-01-17,KZT,AMD,reference,37.85
2000-01-17,LBP,AMD,reference,0.3487
2000-01-17,LTL,AMD,reference,131.43
2000-01-17,LVL,AMD,reference,903.26
2000-01-17,MDL,AMD,reference,43.52
2000-01-17,MXN,AMD,reference,55.28
2000-01-17,NLG,AMD,reference,245.14
2000-01-17,NOK,AMD,reference,66.04
2000-01-17,PLZ,AMD,reference,129.29
2000-01-17,PTE,AMD,reference,2.695
2000-01-17,ROL,AMD,reference,0.02866
2000-01-17,RUB,AMD,reference,18.04
2000-01-17,SAR,AMD,reference,140.18
2000-01-17,SDR,AMD,reference,737.73
2000-01-17,SEK,AMD,reference,62.47
2000-01-17,SGD,AMD,reference,315.42
2000-01-17,SKK,AMD,reference,12.72
2000-01-17,SYP,AMD,reference,11.95
2000-01-17,TAD,AMD,reference,3.871
2000-01-17,TJS,AMD,reference,3.871
2000-01-17,TMM,AMD,reference,0.1002
2000-01-17,TMT,AMD,reference,0.1002
2000-01-17,TRL,AMD,reference,0.00973
2000-01-17,UAH,AMD,reference,97.55
2000-01-17,USD,AMD,reference,525.7
2000-01-17,USM,AMD,reference,37.3
2000-01-18,AED,AMD,reference,142.85
2000-01-18,ARP,AMD,reference,524.98
2000-01-18,ATS,AMD,reference,38.98
2000-01-18,AUD,AMD,reference,348.56
2000-01-18,BEF,AMD,reference,13.296
2000-01-18,BGL,AMD,reference,274.23
2000-01-18,BRC,AMD,reference,290.74
2000-01-18,BYR,AMD,reference,1.566
2000-01-18,CAD,AMD,reference,361.93
2000-01-18,CHF,AMD,reference,332.52
2000-01-18,CNY,AMD,reference,63.36
2000-01-18,CZK,AMD,reference,14.75
2000-01-18,DEM,AMD,reference,274.23
2000-01-18,DKK,AMD,reference,71.31
2000-01-18,EEK,AMD,reference,33.95
2000-01-18,EGP,AMD,reference,152.61
2000-01-18,ESP,AMD,reference,3.224
2000-01-18,EUR,AMD,reference,536.35
2000-01-18,FIM,AMD,reference,90.21
2000-01-18,FRF,AMD,reference,81.77
2000-01-18,GBP,AMD,reference,858.27
2000-01-18,GEL,AMD,reference,271.79
2000-01-18,GRD,AMD,reference,1.621
2000-01-18,HUF,AMD,reference,2.083
2000-01-18,IEP,AMD,reference,681.03
2000-01-18,ILS,AMD,reference,127.88
2000-01-18,INR,AMD,reference,12.05
2000-01-18,IRR,AMD,reference,0.2997
2000-01-18,ISK,AMD,reference,72.59
2000-01-18,ITL,AMD,reference,0.277
2000-01-18,JPY,AMD,reference,4.988
2000-01-18,KGS,AMD,reference,11.29
2000-01-18,KRW,AMD,reference,0.4607
2000-01-18,KWD,AMD,reference,1723.51
2000-01-18,KZT,AMD,reference,37.63
2000-01-18,LBP,AMD,reference,0.348
2000-01-18,LTL,AMD,reference,131.14
2000-01-18,LVL,AMD,reference,899.74
2000-01-18,MDL,AMD,reference,42.56
2000-01-18,MXN,AMD,reference,55.48
2000-01-18,NLG,AMD,reference,243.39
2000-01-18,NOK,AMD,reference,65.92
2000-01-18,PLZ,AMD,reference,128.42
2000-01-18,PTE,AMD,reference,2.675
2000-01-18,ROL,AMD,reference,0.02861
2000-01-18,RUB,AMD,reference,18.04
2000-01-18,SAR,AMD,reference,139.87
2000-01-18,SDR,AMD,reference,737.73
2000-01-18,SEK,AMD,reference,62.2
2000-01-18,SGD,AMD,reference,313.59
2000-01-18,SKK,AMD,reference,12.55
2000-01-18,SYP,AMD,reference,11.92
2000-01-18,TAD,AMD,reference,3.863
2000-01-18,TJS,AMD,reference,3.863
2000-01-18,TMM,AMD,reference,0.1002
2000-01-18,TMT,AMD,reference,0.1002
2000-01-18,TRL,AMD,reference,0.00967
2000-01-18,UAH,AMD,reference,96.69
2000-01-18,USD,AMD,reference,524.55
2000-01-18,USM,AMD,reference,37.22
2000-01-19,AED,AMD,reference,142.85
2000-01-19,ARP,AMD,reference,524.59
2000-01-19,ATS,AMD,reference,38.48
2000-01-19,AUD,AMD,reference,348.56
2000-01-19,BEF,AMD,reference,13.125
2000-01-19,BGL,AMD,reference,270.72
2000-01-19,BRC,AMD,reference,291.81
2000-01-19,BYR,AMD,reference,1.557
2000-01-19,CAD,AMD,reference,361.56
2000-01-19,CHF,AMD,reference,328.14
2000-01-19,CNY,AMD,reference,63.36
2000-01-19,CZK,AMD,reference,14.7
2000-01-19,DEM,AMD,reference,270.72
2000-01-19,DKK,AMD,reference,71.05
2000-01-19,EEK,AMD,reference,33.9
2000-01-19,EGP,AMD,reference,152.61
2000-01-19,ESP,AMD,reference,3.182
2000-01-19,EUR,AMD,reference,529.48
2000-01-19,FIM,AMD,reference,89.05
2000-01-19,FRF,AMD,reference,80.72
2000-01-19,GBP,AMD,reference,856.7
2000-01-19,GEL,AMD,reference,271.79
2000-01-19,GRD,AMD,reference,1.604
2000-01-19,HUF,AMD,reference,2.08
2000-01-19,IEP,AMD,reference,672.3
2000-01-19,ILS,AMD,reference,128.5
2000-01-19,INR,AMD,reference,12.05
2000-01-19,IRR,AMD,reference,0.2997
2000-01-19,ISK,AMD,reference,72.34
2000-01-19,ITL,AMD,reference,0.2735
2000-01-19,JPY,AMD,reference,4.988
2000-01-19,KGS,AMD,reference,11.29
2000-01-19,KRW,AMD,reference,0.4607
2000-01-19,KWD,AMD,reference,1721.52
2000-01-19,KZT,AMD,reference,37.63
2000-01-19,LBP,AMD,reference,0.348
2000-01-19,LTL,AMD,reference,131.14
2000-01-19,LVL,AMD,reference,899.74
2000-01-19,MDL,AMD,reference,42.58
2000-01-19,MXN,AMD,reference,55.68
2000-01-19,NLG,AMD,reference,240.27
2000-01-19,NOK,AMD,reference,65.4
2000-01-19,PLZ,AMD,reference,129.02
2000-01-19,PTE,AMD,reference,2.641
2000-01-19,ROL,AMD,reference,0.02861
2000-01-19,RUB,AMD,reference,18.04
2000-01-19,SAR,AMD,reference,139.87
2000-01-19,SDR,AMD,reference,737.73
2000-01-19,SEK,AMD,reference,61.83
2000-01-19,SGD,AMD,reference,313.96
2000-01-19,SKK,AMD,reference,12.51
2000-01-19,SYP,AMD,reference,11.92
2000-01-19,TAD,AMD,reference,3.863
2000-01-19,TJS,AMD,reference,3.863
2000-01-19,TMM,AMD,reference,0.1002
2000-01-19,TMT,AMD,reference,0.1002
2000-01-19,TRL,AMD,reference,0.0096
2000-01-19,UAH,AMD,reference,96.69
2000-01-19,USD,AMD,reference,524.55
2000-01-19,USM,AMD,reference,37.22
2000-01-20,AED,AMD,reference,142.85
2000-01-20,ARP,AMD,reference,524.66
2000-01-20,ATS,AMD,reference,38.48
2000-01-20,AUD,AMD,reference,348.62
2000-01-20,BEF,AMD,reference,13.124
2000-01-20,BGL,AMD,reference,270.69
2000-01-20,BRC,AMD,reference,292.32
2000-01-20,BYR,AMD,reference,1.543
2000-01-20,CAD,AMD,reference,361.73
2000-01-20,CHF,AMD,reference,328.21
2000-01-20,CNY,AMD,reference,63.35
2000-01-20,CZK,AMD,reference,14.72
2000-01-20,DEM,AMD,reference,270.69
2000-01-20,DKK,AMD,reference,71.29
2000-01-20,EEK,AMD,reference,33.93
2000-01-20,EGP,AMD,reference,152.36
2000-01-20,ESP,AMD,reference,3.182
2000-01-20,EUR,AMD,reference,529.43
2000-01-20,FIM,AMD,reference,89.04
2000-01-20,FRF,AMD,reference,80.71
2000-01-20,GBP,AMD,reference,859.06
2000-01-20,GEL,AMD,reference,271.79
2000-01-20,GRD,AMD,reference,1.6
2000-01-20,HUF,AMD,reference,2.082
2000-01-20,IEP,AMD,reference,672.24
2000-01-20,ILS,AMD,reference,129.26
2000-01-20,INR,AMD,reference,12.04
2000-01-20,IRR,AMD,reference,0.2997
2000-01-20,ISK,AMD,reference,72.33
2000-01-20,ITL,AMD,reference,0.2734
2000-01-20,JPY,AMD,reference,4.972
2000-01-20,KGS,AMD,reference,11.29
2000-01-20,KRW,AMD,reference,0.4654
2000-01-20,KWD,AMD,reference,1721.57
2000-01-20,KZT,AMD,reference,37.6
2000-01-20,LBP,AMD,reference,0.348
2000-01-20,LTL,AMD,reference,131.14
2000-01-20,LVL,AMD,reference,898.2
2000-01-20,MDL,AMD,reference,42.55
2000-01-20,MXN,AMD,reference,55.56
2000-01-20,NLG,AMD,reference,240.24
2000-01-20,NOK,AMD,reference,65.31
2000-01-20,PLZ,AMD,reference,128.07
2000-01-20,PTE,AMD,reference,2.641
2000-01-20,ROL,AMD,reference,0.02862
2000-01-20,RUB,AMD,reference,18.04
2000-01-20,SAR,AMD,reference,139.87
2000-01-20,SDR,AMD,reference,737.73
2000-01-20,SEK,AMD,reference,61.77
2000-01-20,SGD,AMD,reference,313.59
2000-01-20,SKK,AMD,reference,12.55
2000-01-20,SYP,AMD,reference,11.92
2000-01-20,TAD,AMD,reference,3.863
2000-01-20,TJS,AMD,reference,3.863
2000-01-20,TMM,AMD,reference,0.1002
2000-01-20,TMT,AMD,reference,0.1002
2000-01-20,TRL,AMD,reference,0.0096
2000-01-20,UAH,AMD,reference,95.04
2000-01-20,USD,AMD,reference,524.55
2000-01-20,USM,AMD,reference,37.22
2000-01-21,AED,AMD,reference,142.85
2000-01-21,ARP,AMD,reference,524.59
2000-01-21,ATS,AMD,reference,38.52
2000-01-21,AUD,AMD,reference,347.93
2000-01-21,BEF,AMD,reference,13.14
2000-01-21,BGL,AMD,reference,271.01
2000-01-21,BRC,AMD,reference,292.7
2000-01-21,BYR,AMD,reference,1.543
2000-01-21,CAD,AMD,reference,361.19
2000-01-21,CHF,AMD,reference,328.82
2000-01-21,CNY,AMD,reference,63.36
2000-01-21,CZK,AMD,reference,14.68
2000-01-21,DEM,AMD,reference,271.01
2000-01-21,DKK,AMD,reference,71.18
2000-01-21,EEK,AMD,reference,33.86
2000-01-21,EGP,AMD,reference,152.45
2000-01-21,ESP,AMD,reference,3.186
2000-01-21,EUR,AMD,reference,530.06
2000-01-21,FIM,AMD,reference,89.15
2000-01-21,FRF,AMD,reference,80.81
2000-01-21,GBP,AMD,reference,863.15
2000-01-21,GEL,AMD,reference,271.79
2000-01-21,GRD,AMD,reference,1.604
2000-01-21,HUF,AMD,reference,2.077
2000-01-21,IEP,AMD,reference,673.03
2000-01-21,ILS,AMD,reference,128.31
2000-01-21,INR,AMD,reference,12.04
2000-01-21,IRR,AMD,reference,0.2997
2000-01-21,ISK,AMD,reference,72.42
2000-01-21,ITL,AMD,reference,0.2738
2000-01-21,JPY,AMD,reference,4.98
2000-01-21,KGS,AMD,reference,11.29
2000-01-21,KRW,AMD,reference,0.4675
2000-01-21,KWD,AMD,reference,1721.57
2000-01-21,KZT,AMD,reference,37.6
2000-01-21,LBP,AMD,reference,0.348
2000-01-21,LTL,AMD,reference,131.14
2000-01-21,LVL,AMD,reference,898.2
2000-01-21,MDL,AMD,reference,42.38
2000-01-21,MXN,AMD,reference,55.69
2000-01-21,NLG,AMD,reference,240.53
2000-01-21,NOK,AMD,reference,65.64
2000-01-21,PLZ,AMD,reference,128.46
2000-01-21,PTE,AMD,reference,2.644
2000-01-21,ROL,AMD,reference,0.02857
2000-01-21,RUB,AMD,reference,18.04
2000-01-21,SAR,AMD,reference,139.87
2000-01-21,SDR,AMD,reference,737.73
2000-01-21,SEK,AMD,reference,61.75
2000-01-21,SGD,AMD,reference,313.52
2000-01-21,SKK,AMD,reference,12.52
2000-01-21,SYP,AMD,reference,11.92
2000-01-21,TAD,AMD,reference,3.863
2000-01-21,TJS,AMD,reference,3.863
2000-01-21,TMM,AMD,reference,0.1002
2000-01-21,TMT,AMD,reference,0.1002
2000-01-21,TRL,AMD,reference,0.0096
2000-01-21,UAH,AMD,reference,94.94
2000-01-21,USD,AMD,reference,524.55
2000-01-21,USM,AMD,reference,37.22
2000-01-22,AED,AMD,reference,151.17
2000-01-22,ARP,AMD,reference,555.26
2000-01-22,ATS,AMD,reference,36.54
2000-01-22,AUD,AMD,reference,306.79
2000-01-22,BEF,AMD,reference,12.465
2000-01-22,BGL,AMD,reference,239.23
2000-01-22,BRC,AMD,reference,283.87
2000-01-22,BYR,AMD,reference,0.472
2000-01-22,CAD,AMD,reference,364.73
2000-01-22,CHF,AMD,reference,331.65
2000-01-22,CNY,AMD,reference,67.06
2000-01-22,CZK,AMD,reference,14.62
2000-01-22,DEM,AMD,reference,257.1
2000-01-22,DKK,AMD,reference,68.12
2000-01-22,EEK,AMD,reference,32.43
2000-01-22,EGP,AMD,reference,146.07
2000-01-22,ESP,AMD,reference,3.022
2000-01-22,EUR,AMD,reference,502.85
2000-01-22,FIM,AMD,reference,84.57
2000-01-22,FRF,AMD,reference,76.66
2000-01-22,GBP,AMD,reference,815.69
2000-01-22,GEL,AMD,reference,277.97
2000-01-22,GRD,AMD,reference,1.465
2000-01-22,HUF,AMD,reference,1.919
2000-01-22,IEP,AMD,reference,638.48
2000-01-22,ILS,AMD,reference,136.35
2000-01-22,INR,AMD,reference,11.89
2000-01-22,IRR,AMD,reference,0.3015
2000-01-22,ISK,AMD,reference,64.98
2000-01-22,ITL,AMD,reference,0.2597
2000-01-22,JPY,AMD,reference,4.923
2000-01-22,KGS,AMD,reference,11.33
2000-01-22,KRW,AMD,reference,0.4603
2000-01-22,KWD,AMD,reference,1814.33
2000-01-22,KZT,AMD,reference,38.44
2000-01-22,LBP,AMD,reference,0.3682
2000-01-22,LTL,AMD,reference,138.77
2000-01-22,LVL,AMD,reference,898.19
2000-01-22,MDL,AMD,reference,44.84
2000-01-22,MXN,AMD,reference,58.87
2000-01-22,NLG,AMD,reference,228.18
2000-01-22,NOK,AMD,reference,61.8
2000-01-22,PLZ,AMD,reference,131.07
2000-01-22,PTE,AMD,reference,2.508
2000-01-22,ROL,AMD,reference,0.02158
2000-01-22,RUB,AMD,reference,19.78
2000-01-22,SAR,AMD,reference,148
2000-01-22,SDR,AMD,reference,710.17
2000-01-22,SEK,AMD,reference,57.78
2000-01-22,SGD,AMD,reference,321.41
2000-01-22,SKK,AMD,reference,11.55
2000-01-22,SYP,AMD,reference,12.34
2000-01-22,TAD,AMD,reference,25.231
2000-01-22,TMM,AMD,reference,0.1067
2000-01-22,TRL,AMD,reference,0.00823
2000-01-22,UAH,AMD,reference,102.12
2000-01-22,USD,AMD,reference,555.08
2000-01-22,USM,AMD,reference,17.2
2000-01-23,AED,AMD,reference,151.24
2000-01-23,ARP,AMD,reference,555.48
2000-01-23,ATS,AMD,reference,34.2
2000-01-23,AUD,AMD,reference,285.9
2000-01-23,BEF,AMD,reference,11.666
2000-01-23,BGL,AMD,reference,239.23
2000-01-23,BRC,AMD,reference,288.49
2000-01-23,BYR,AMD,reference,0.508
2000-01-23,CAD,AMD,reference,357.22
2000-01-23,CHF,AMD,reference,309.29
2000-01-23,CNY,AMD,reference,67.09
2000-01-23,CZK,AMD,reference,13.56
2000-01-23,DEM,AMD,reference,240.62
2000-01-23,DKK,AMD,reference,62.88
2000-01-23,EEK,AMD,reference,30
2000-01-23,EGP,AMD,reference,145.41
2000-01-23,ESP,AMD,reference,2.828
2000-01-23,EUR,AMD,reference,470.62
2000-01-23,FIM,AMD,reference,79.15
2000-01-23,FRF,AMD,reference,71.75
2000-01-23,GBP,AMD,reference,787.57
2000-01-23,GEL,AMD,reference,277.97
2000-01-23,GRD,AMD,reference,1.387
2000-01-23,HUF,AMD,reference,1.777
2000-01-23,IEP,AMD,reference,597.56
2000-01-23,ILS,AMD,reference,135.23
2000-01-23,INR,AMD,reference,11.87
2000-01-23,IRR,AMD,reference,0.3015
2000-01-23,ISK,AMD,reference,61.9
2000-01-23,ITL,AMD,reference,0.2431
2000-01-23,JPY,AMD,reference,5.049
2000-01-23,KGS,AMD,reference,11.36
2000-01-23,KRW,AMD,reference,0.487
2000-01-23,KWD,AMD,reference,1800.68
2000-01-23,KZT,AMD,reference,38.57
2000-01-23,LBP,AMD,reference,0.3684
2000-01-23,LTL,AMD,reference,138.84
2000-01-23,LVL,AMD,reference,888.59
2000-01-23,MDL,AMD,reference,45.21
2000-01-23,MXN,AMD,reference,59.01
2000-01-23,NLG,AMD,reference,213.56
2000-01-23,NOK,AMD,reference,58.57
2000-01-23,PLZ,AMD,reference,121.41
2000-01-23,PTE,AMD,reference,2.347
2000-01-23,ROL,AMD,reference,0.02205
2000-01-23,RUB,AMD,reference,19.89
2000-01-23,SAR,AMD,reference,148.51
2000-01-23,SDR,AMD,reference,696.21
2000-01-23,SEK,AMD,reference,54.11
2000-01-23,SGD,AMD,reference,316.47
2000-01-23,SKK,AMD,reference,11.03
2000-01-23,SYP,AMD,reference,12.34
2000-01-23,TAD,AMD,reference,25.244
2000-01-23,TMM,AMD,reference,0.1068
2000-01-23,TRL,AMD,reference,0.00808
2000-01-23,UAH,AMD,reference,102.15
2000-01-23,USD,AMD,reference,555.37
2000-01-23,USM,AMD,reference,18.08
2000-01-24,AED,AMD,reference,144.04
2000-01-24,ARP,AMD,reference,528.97
2000-01-24,ATS,AMD,reference,38.84
2000-01-24,AUD,AMD,reference,350.84
2000-01-24,BEF,AMD,reference,13.25
2000-01-24,BGL,AMD,reference,273.28
2000-01-24,BRC,AMD,reference,295.15
2000-01-24,BYR,AMD,reference,1.556
2000-01-24,CAD,AMD,reference,364.2
2000-01-24,CHF,AMD,reference,331.57
2000-01-24,CNY,AMD,reference,63.89
2000-01-24,CZK,AMD,reference,14.8
2000-01-24,DEM,AMD,reference,273.28
2000-01-24,DKK,AMD,reference,71.77
2000-01-24,EEK,AMD,reference,34.14
2000-01-24,EGP,AMD,reference,153.72
2000-01-24,ESP,AMD,reference,3.212
2000-01-24,EUR,AMD,reference,534.48
2000-01-24,FIM,AMD,reference,89.89
2000-01-24,FRF,AMD,reference,81.48
2000-01-24,GBP,AMD,reference,870.35
2000-01-24,GEL,AMD,reference,274.06
2000-01-24,GRD,AMD,reference,1.617
2000-01-24,HUF,AMD,reference,2.094
2000-01-24,IEP,AMD,reference,678.65
2000-01-24,ILS,AMD,reference,129.39
2000-01-24,INR,AMD,reference,12.14
2000-01-24,IRR,AMD,reference,0.3022
2000-01-24,ISK,AMD,reference,73.03
2000-01-24,ITL,AMD,reference,0.276
2000-01-24,JPY,AMD,reference,5.022
2000-01-24,KGS,AMD,reference,11.39
2000-01-24,KRW,AMD,reference,0.4714
2000-01-24,KWD,AMD,reference,1735.95
2000-01-24,KZT,AMD,reference,37.92
2000-01-24,LBP,AMD,reference,0.3509
2000-01-24,LTL,AMD,reference,132.23
2000-01-24,LVL,AMD,reference,905.7
2000-01-24,MDL,AMD,reference,42.73
2000-01-24,MXN,AMD,reference,56.16
2000-01-24,NLG,AMD,reference,242.54
2000-01-24,NOK,AMD,reference,66.19
2000-01-24,PLZ,AMD,reference,129.53
2000-01-24,PTE,AMD,reference,2.666
2000-01-24,ROL,AMD,reference,0.02881
2000-01-24,RUB,AMD,reference,18.04
2000-01-24,SAR,AMD,reference,141.04
2000-01-24,SDR,AMD,reference,737.73
2000-01-24,SEK,AMD,reference,62.27
2000-01-24,SGD,AMD,reference,316.13
2000-01-24,SKK,AMD,reference,12.63
2000-01-24,SYP,AMD,reference,12.02
2000-01-24,TAD,AMD,reference,3.895
2000-01-24,TJS,AMD,reference,3.895
2000-01-24,TMM,AMD,reference,0.1002
2000-01-24,TMT,AMD,reference,0.1002
2000-01-24,TRL,AMD,reference,0.00968
2000-01-24,UAH,AMD,reference,95.73
2000-01-24,USD,AMD,reference,528.93
2000-01-24,USM,AMD,reference,37.53
2000-01-25,AED,AMD,reference,144.04
2000-01-25,ARP,AMD,reference,529.19
2000-01-25,ATS,AMD,reference,38.81
2000-01-25,AUD,AMD,reference,347.4
2000-01-25,BEF,AMD,reference,13.239
2000-01-25,BGL,AMD,reference,273.06
2000-01-25,BRC,AMD,reference,297.3
2000-01-25,BYR,AMD,reference,1.529
2000-01-25,CAD,AMD,reference,367.44
2000-01-25,CHF,AMD,reference,331.67
2000-01-25,CNY,AMD,reference,63.89
2000-01-25,CZK,AMD,reference,14.82
2000-01-25,DEM,AMD,reference,273.06
2000-01-25,DKK,AMD,reference,71.43
2000-01-25,EEK,AMD,reference,34.3
2000-01-25,EGP,AMD,reference,153.6
2000-01-25,ESP,AMD,reference,3.21
2000-01-25,EUR,AMD,reference,534.06
2000-01-25,FIM,AMD,reference,89.82
2000-01-25,FRF,AMD,reference,81.42
2000-01-25,GBP,AMD,reference,875.06
2000-01-25,GEL,AMD,reference,274.06
2000-01-25,GRD,AMD,reference,1.62
2000-01-25,HUF,AMD,reference,2.083
2000-01-25,IEP,AMD,reference,678.12
2000-01-25,ILS,AMD,reference,129.13
2000-01-25,INR,AMD,reference,12.12
2000-01-25,IRR,AMD,reference,0.3022
2000-01-25,ISK,AMD,reference,73.01
2000-01-25,ITL,AMD,reference,0.2758
2000-01-25,JPY,AMD,reference,5.042
2000-01-25,KGS,AMD,reference,11.33
2000-01-25,KRW,AMD,reference,0.4672
2000-01-25,KWD,AMD,reference,1738.59
2000-01-25,KZT,AMD,reference,37.92
2000-01-25,LBP,AMD,reference,0.3509
2000-01-25,LTL,AMD,reference,132.23
2000-01-25,LVL,AMD,reference,908.81
2000-01-25,MDL,AMD,reference,42.02
2000-01-25,MXN,AMD,reference,55.96
2000-01-25,NLG,AMD,reference,242.35
2000-01-25,NOK,AMD,reference,66.12
2000-01-25,PLZ,AMD,reference,129.43
2000-01-25,PTE,AMD,reference,2.664
2000-01-25,ROL,AMD,reference,0.0288
2000-01-25,RUB,AMD,reference,18.04
2000-01-25,SAR,AMD,reference,141.03
2000-01-25,SDR,AMD,reference,737.73
2000-01-25,SEK,AMD,reference,62.2
2000-01-25,SGD,AMD,reference,315.8
2000-01-25,SKK,AMD,reference,12.55
2000-01-25,SYP,AMD,reference,11.5
2000-01-25,TAD,AMD,reference,3.895
2000-01-25,TJS,AMD,reference,3.895
2000-01-25,TMM,AMD,reference,0.1002
2000-01-25,TMT,AMD,reference,0.1002
2000-01-25,TRL,AMD,reference,0.00967
2000-01-25,UAH,AMD,reference,95.77
2000-01-25,USD,AMD,reference,528.93
2000-01-25,USM,AMD,reference,37.53
2000-01-26,AED,AMD,reference,144.04
2000-01-26,ARP,AMD,reference,529.04
2000-01-26,ATS,AMD,reference,38.54
2000-01-26,AUD,AMD,reference,347.14
2000-01-26,BEF,AMD,reference,13.147
2000-01-26,BGL,AMD,reference,271.17
2000-01-26,BRC,AMD,reference,299.29
2000-01-26,BYR,AMD,reference,1.529
2000-01-26,CAD,AMD,reference,367.31
2000-01-26,CHF,AMD,reference,328.68
2000-01-26,CNY,AMD,reference,63.89
2000-01-26,CZK,AMD,reference,14.79
2000-01-26,DEM,AMD,reference,271.17
2000-01-26,DKK,AMD,reference,71.36
2000-01-26,EEK,AMD,reference,33.96
2000-01-26,EGP,AMD,reference,153.47
2000-01-26,ESP,AMD,reference,3.188
2000-01-26,EUR,AMD,reference,530.36
2000-01-26,FIM,AMD,reference,89.2
2000-01-26,FRF,AMD,reference,80.85
2000-01-26,GBP,AMD,reference,870.41
2000-01-26,GEL,AMD,reference,274.06
2000-01-26,GRD,AMD,reference,1.604
2000-01-26,HUF,AMD,reference,2.082
2000-01-26,IEP,AMD,reference,673.42
2000-01-26,ILS,AMD,reference,129.13
2000-01-26,INR,AMD,reference,12.12
2000-01-26,IRR,AMD,reference,0.3022
2000-01-26,ISK,AMD,reference,72.75
2000-01-26,ITL,AMD,reference,0.2739
2000-01-26,JPY,AMD,reference,4.998
2000-01-26,KGS,AMD,reference,11.33
2000-01-26,KRW,AMD,reference,0.4691
2000-01-26,KWD,AMD,reference,1736.74
2000-01-26,KZT,AMD,reference,37.92
2000-01-26,LBP,AMD,reference,0.3509
2000-01-26,LTL,AMD,reference,132.23
2000-01-26,LVL,AMD,reference,904.15
2000-01-26,MDL,AMD,reference,42.07
2000-01-26,MXN,AMD,reference,55.79
2000-01-26,NLG,AMD,reference,240.67
2000-01-26,NOK,AMD,reference,65.92
2000-01-26,PLZ,AMD,reference,128.3
2000-01-26,PTE,AMD,reference,2.645
2000-01-26,ROL,AMD,reference,0.02878
2000-01-26,RUB,AMD,reference,18.04
2000-01-26,SAR,AMD,reference,141.03
2000-01-26,SDR,AMD,reference,737.73
2000-01-26,SEK,AMD,reference,61.96
2000-01-26,SGD,AMD,reference,314.31
2000-01-26,SKK,AMD,reference,12.55
2000-01-26,SYP,AMD,reference,11.5
2000-01-26,TAD,AMD,reference,3.895
2000-01-26,TJS,AMD,reference,3.895
2000-01-26,TMM,AMD,reference,0.1002
2000-01-26,TMT,AMD,reference,0.1002
2000-01-26,TRL,AMD,reference,0.00961
2000-01-26,UAH,AMD,reference,95.9
2000-01-26,USD,AMD,reference,528.93
2000-01-26,USM,AMD,reference,37.53
2000-01-27,AED,AMD,reference,144.59
2000-01-27,ARP,AMD,reference,531.03
2000-01-27,ATS,AMD,reference,38.61
2000-01-27,AUD,AMD,reference,348.44
2000-01-27,BEF,AMD,reference,13.172
2000-01-27,BGL,AMD,reference,271.67
2000-01-27,BRC,AMD,reference,298.44
2000-01-27,BYR,AMD,reference,1.534
2000-01-27,CAD,AMD,reference,368.95
2000-01-27,CHF,AMD,reference,329.6
2000-01-27,CNY,AMD,reference,64.13
2000-01-27,CZK,AMD,reference,14.87
2000-01-27,DEM,AMD,reference,271.67
2000-01-27,DKK,AMD,reference,71.5
2000-01-27,EEK,AMD,reference,34.01
2000-01-27,EGP,AMD,reference,154.31
2000-01-27,ESP,AMD,reference,3.193
2000-01-27,EUR,AMD,reference,531.34
2000-01-27,FIM,AMD,reference,89.37
2000-01-27,FRF,AMD,reference,81
2000-01-27,GBP,AMD,reference,873.52
2000-01-27,GEL,AMD,reference,275.09
2000-01-27,GRD,AMD,reference,1.605
2000-01-27,HUF,AMD,reference,2.086
2000-01-27,IEP,AMD,reference,674.67
2000-01-27,ILS,AMD,reference,129.4
2000-01-27,INR,AMD,reference,12.17
2000-01-27,IRR,AMD,reference,0.3034
2000-01-27,ISK,AMD,reference,73.08
2000-01-27,ITL,AMD,reference,0.2744
2000-01-27,JPY,AMD,reference,5.007
2000-01-27,KGS,AMD,reference,11.37
2000-01-27,KRW,AMD,reference,0.4708
2000-01-27,KWD,AMD,reference,1743.28
2000-01-27,KZT,AMD,reference,38.06
2000-01-27,LBP,AMD,reference,0.3522
2000-01-27,LTL,AMD,reference,132.73
2000-01-27,LVL,AMD,reference,907.56
2000-01-27,MDL,AMD,reference,42.05
2000-01-27,MXN,AMD,reference,55.75
2000-01-27,NLG,AMD,reference,241.11
2000-01-27,NOK,AMD,reference,66.08
2000-01-27,PLZ,AMD,reference,128.83
2000-01-27,PTE,AMD,reference,2.65
2000-01-27,ROL,AMD,reference,0.02886
2000-01-27,RUB,AMD,reference,18.04
2000-01-27,SAR,AMD,reference,141.56
2000-01-27,SDR,AMD,reference,737.73
2000-01-27,SEK,AMD,reference,62.42
2000-01-27,SGD,AMD,reference,314.27
2000-01-27,SKK,AMD,reference,12.57
2000-01-27,SYP,AMD,reference,11.54
2000-01-27,TAD,AMD,reference,3.91
2000-01-27,TJS,AMD,reference,3.91
2000-01-27,TMM,AMD,reference,0.1002
2000-01-27,TMT,AMD,reference,0.1002
2000-01-27,TRL,AMD,reference,0.00965
2000-01-27,UAH,AMD,reference,96.48
2000-01-27,USD,AMD,reference,530.92
2000-01-27,USM,AMD,reference,37.67
2000-01-28,AED,AMD,reference,144.07
2000-01-28,ARP,AMD,reference,529.13
2000-01-28,ATS,AMD,reference,38.52
2000-01-28,AUD,AMD,reference,345.03
2000-01-28,BEF,AMD,reference,13.139
2000-01-28,BGL,AMD,reference,271
2000-01-28,BRC,AMD,reference,297.22
2000-01-28,BYR,AMD,reference,1.529
2000-01-28,CAD,AMD,reference,367.94
2000-01-28,CHF,AMD,reference,328.88
2000-01-28,CNY,AMD,reference,63.9
2000-01-28,CZK,AMD,reference,14.78
2000-01-28,DEM,AMD,reference,271
2000-01-28,DKK,AMD,reference,71.12
2000-01-28,EEK,AMD,reference,33.83
2000-01-28,EGP,AMD,reference,153.53
2000-01-28,ESP,AMD,reference,3.186
2000-01-28,EUR,AMD,reference,530.03
2000-01-28,FIM,AMD,reference,89.14
2000-01-28,FRF,AMD,reference,80.8
2000-01-28,GBP,AMD,reference,870.4
2000-01-28,GEL,AMD,reference,274.1
2000-01-28,GRD,AMD,reference,1.6
2000-01-28,HUF,AMD,reference,2.073
2000-01-28,IEP,AMD,reference,672.99
2000-01-28,ILS,AMD,reference,129.66
2000-01-28,INR,AMD,reference,12.14
2000-01-28,IRR,AMD,reference,0.3023
2000-01-28,ISK,AMD,reference,72.77
2000-01-28,ITL,AMD,reference,0.2737
2000-01-28,JPY,AMD,reference,5.008
2000-01-28,KGS,AMD,reference,11.33
2000-01-28,KRW,AMD,reference,0.4697
2000-01-28,KWD,AMD,reference,1736.88
2000-01-28,KZT,AMD,reference,37.92
2000-01-28,LBP,AMD,reference,0.3509
2000-01-28,LTL,AMD,reference,132.26
2000-01-28,LVL,AMD,reference,902.76
2000-01-28,MDL,AMD,reference,41.75
2000-01-28,MXN,AMD,reference,57.77
2000-01-28,NLG,AMD,reference,240.51
2000-01-28,NOK,AMD,reference,65.69
2000-01-28,PLZ,AMD,reference,128.08
2000-01-28,PTE,AMD,reference,2.644
2000-01-28,ROL,AMD,reference,0.02865
2000-01-28,RUB,AMD,reference,18.04
2000-01-28,SAR,AMD,reference,141.05
2000-01-28,SDR,AMD,reference,737.73
2000-01-28,SEK,AMD,reference,62.07
2000-01-28,SGD,AMD,reference,312.96
2000-01-28,SKK,AMD,reference,12.51
2000-01-28,SYP,AMD,reference,11.5
2000-01-28,TAD,AMD,reference,3.896
2000-01-28,TJS,AMD,reference,3.896
2000-01-28,TMM,AMD,reference,0.1002
2000-01-28,TMT,AMD,reference,0.1002
2000-01-28,TRL,AMD,reference,0.0096
2000-01-28,UAH,AMD,reference,96.42
2000-01-28,USD,AMD,reference,529.02
2000-01-28,USM,AMD,reference,37.54
2000-01-29,AED,AMD,reference,149.92
2000-01-29,ARP,AMD,reference,550.67
2000-01-29,ATS,AMD,reference,37.17
2000-01-29,AUD,AMD,reference,306.53
2000-01-29,BEF,AMD,reference,12.679
2000-01-29,BGL,AMD,reference,239.23
2000-01-29,BRC,AMD,reference,280.96
2000-01-29,BYR,AMD,reference,0.467
2000-01-29,CAD,AMD,reference,364.37
2000-01-29,CHF,AMD,reference,336.24
2000-01-29,CNY,AMD,reference,66.5
2000-01-29,CZK,AMD,reference,14.56
2000-01-29,DEM,AMD,reference,261.52
2000-01-29,DKK,AMD,reference,68.47
2000-01-29,EEK,AMD,reference,32.69
2000-01-29,EGP,AMD,reference,144.87
2000-01-29,ESP,AMD,reference,3.074
2000-01-29,EUR,AMD,reference,511.49
2000-01-29,FIM,AMD,reference,86.03
2000-01-29,FRF,AMD,reference,77.98
2000-01-29,GBP,AMD,reference,820.11
2000-01-29,GEL,AMD,reference,277.97
2000-01-29,GRD,AMD,reference,1.501
2000-01-29,HUF,AMD,reference,1.926
2000-01-29,IEP,AMD,reference,649.46
2000-01-29,ILS,AMD,reference,135.83
2000-01-29,INR,AMD,reference,11.78
2000-01-29,IRR,AMD,reference,0.3015
2000-01-29,ISK,AMD,reference,64.94
2000-01-29,ITL,AMD,reference,0.2642
2000-01-29,JPY,AMD,reference,4.809
2000-01-29,KGS,AMD,reference,11.37
2000-01-29,KRW,AMD,reference,0.4468
2000-01-29,KWD,AMD,reference,1802.46
2000-01-29,KZT,AMD,reference,38.12
2000-01-29,LBP,AMD,reference,0.3652
2000-01-29,LTL,AMD,reference,137.63
2000-01-29,LVL,AMD,reference,898.08
2000-01-29,MDL,AMD,reference,44.47
2000-01-29,MXN,AMD,reference,57.5
2000-01-29,NLG,AMD,reference,232.1
2000-01-29,NOK,AMD,reference,62.14
2000-01-29,PLZ,AMD,reference,132.93
2000-01-29,PTE,AMD,reference,2.551
2000-01-29,ROL,AMD,reference,0.02127
2000-01-29,RUB,AMD,reference,19.55
2000-01-29,SAR,AMD,reference,146.78
2000-01-29,SDR,AMD,reference,710.17
2000-01-29,SEK,AMD,reference,57.85
2000-01-29,SGD,AMD,reference,318.66
2000-01-29,SKK,AMD,reference,11.62
2000-01-29,SYP,AMD,reference,10.29
2000-01-29,TAD,AMD,reference,25.024
2000-01-29,TMM,AMD,reference,0.1059
2000-01-29,TRL,AMD,reference,0.0082
2000-01-29,UAH,AMD,reference,101.29
2000-01-29,USD,AMD,reference,550.52
2000-01-29,USM,AMD,reference,17.05
2000-01-30,AED,AMD,reference,150.38
2000-01-30,ARP,AMD,reference,553.06
2000-01-30,ATS,AMD,reference,37.34
2000-01-30,AUD,AMD,reference,305.91
2000-01-30,BEF,AMD,reference,12.737
2000-01-30,BGL,AMD,reference,239.23
2000-01-30,BRC,AMD,reference,282.52
2000-01-30,BYR,AMD,reference,0.468
2000-01-30,CAD,AMD,reference,366.39
2000-01-30,CHF,AMD,reference,337.32
2000-01-30,CNY,AMD,reference,66.71
2000-01-30,CZK,AMD,reference,9.84
2000-01-30,DEM,AMD,reference,262.7
2000-01-30,DKK,AMD,reference,68.85
2000-01-30,EEK,AMD,reference,32.83
2000-01-30,EGP,AMD,reference,145.31
2000-01-30,ESP,AMD,reference,3.088
2000-01-30,EUR,AMD,reference,513.8
2000-01-30,FIM,AMD,reference,86.42
2000-01-30,FRF,AMD,reference,78.33
2000-01-30,GBP,AMD,reference,821.2
2000-01-30,GEL,AMD,reference,277.97
2000-01-30,GRD,AMD,reference,1.51
2000-01-30,HUF,AMD,reference,1.939
2000-01-30,IEP,AMD,reference,652.4
2000-01-30,ILS,AMD,reference,136.64
2000-01-30,INR,AMD,reference,11.82
2000-01-30,IRR,AMD,reference,0.3015
2000-01-30,ISK,AMD,reference,65.19
2000-01-30,ITL,AMD,reference,0.2654
2000-01-30,JPY,AMD,reference,4.806
2000-01-30,KGS,AMD,reference,11.43
2000-01-30,KRW,AMD,reference,0.4421
2000-01-30,KWD,AMD,reference,1807.89
2000-01-30,KZT,AMD,reference,38.24
2000-01-30,LBP,AMD,reference,0.3663
2000-01-30,LTL,AMD,reference,138.05
2000-01-30,LVL,AMD,reference,900.78
2000-01-30,MDL,AMD,reference,44.59
2000-01-30,MXN,AMD,reference,57.49
2000-01-30,NLG,AMD,reference,233.15
2000-01-30,NOK,AMD,reference,62.4
2000-01-30,PLZ,AMD,reference,133.27
2000-01-30,PTE,AMD,reference,2.563
2000-01-30,ROL,AMD,reference,0.0213
2000-01-30,RUB,AMD,reference,19.68
2000-01-30,SAR,AMD,reference,147.22
2000-01-30,SDR,AMD,reference,710.17
2000-01-30,SEK,AMD,reference,58.18
2000-01-30,SGD,AMD,reference,319.23
2000-01-30,SKK,AMD,reference,7.84
2000-01-30,SYP,AMD,reference,10.32
2000-01-30,TAD,AMD,reference,25.099
2000-01-30,TMM,AMD,reference,0.1062
2000-01-30,TRL,AMD,reference,0.00822
2000-01-30,UAH,AMD,reference,101.61
2000-01-30,USD,AMD,reference,552.18
2000-01-30,USM,AMD,reference,17.11
2000-01-31,AED,AMD,reference,144.07
2000-01-31,ARP,AMD,reference,529.13
2000-01-31,ATS,AMD,reference,38.35
2000-01-31,AUD,AMD,reference,344.55
2000-01-31,BEF,AMD,reference,13.083
2000-01-31,BGL,AMD,reference,269.83
2000-01-31,BRC,AMD,reference,297.51
2000-01-31,BYR,AMD,reference,1.529
2000-01-31,CAD,AMD,reference,368.89
2000-01-31,CHF,AMD,reference,327.53
2000-01-31,CNY,AMD,reference,63.91
2000-01-31,CZK,AMD,reference,14.59
2000-01-31,DEM,AMD,reference,269.83
2000-01-31,DKK,AMD,reference,70.04
2000-01-31,EEK,AMD,reference,33.35
2000-01-31,EGP,AMD,reference,153.53
2000-01-31,ESP,AMD,reference,3.172
2000-01-31,EUR,AMD,reference,527.75
2000-01-31,FIM,AMD,reference,88.76
2000-01-31,FRF,AMD,reference,80.46
2000-01-31,GBP,AMD,reference,870.4
2000-01-31,GEL,AMD,reference,274.1
2000-01-31,GRD,AMD,reference,1.596
2000-01-31,HUF,AMD,reference,2.044
2000-01-31,IEP,AMD,reference,670.1
2000-01-31,ILS,AMD,reference,129.73
2000-01-31,INR,AMD,reference,12.13
2000-01-31,IRR,AMD,reference,0.3023
2000-01-31,ISK,AMD,reference,72.15
2000-01-31,ITL,AMD,reference,0.2726
2000-01-31,JPY,AMD,reference,5.045
2000-01-31,KGS,AMD,reference,11.33
2000-01-31,KRW,AMD,reference,0.4699
2000-01-31,KWD,AMD,reference,1736.3
2000-01-31,KZT,AMD,reference,37.92
2000-01-31,LBP,AMD,reference,0.3509
2000-01-31,LTL,AMD,reference,132.26
2000-01-31,LVL,AMD,reference,902.76
2000-01-31,MDL,AMD,reference,41.75
2000-01-31,MXN,AMD,reference,55.55
2000-01-31,NLG,AMD,reference,239.48
2000-01-31,NOK,AMD,reference,65.3
2000-01-31,PLZ,AMD,reference,127.06
2000-01-31,PTE,AMD,reference,2.632
2000-01-31,ROL,AMD,reference,0.02867
2000-01-31,RUB,AMD,reference,18.04
2000-01-31,SAR,AMD,reference,141.05
2000-01-31,SDR,AMD,reference,737.73
2000-01-31,SEK,AMD,reference,61.83
2000-01-31,SGD,AMD,reference,311.67
2000-01-31,SKK,AMD,reference,12.32
2000-01-31,SYP,AMD,reference,11.76
2000-01-31,TAD,AMD,reference,3.896
2000-01-31,TJS,AMD,reference,3.896
2000-01-31,TMM,AMD,reference,0.1002
2000-01-31,TMT,AMD,reference,0.1002
2000-01-31,TRL,AMD,reference,0.00956
2000-01-31,UAH,AMD,reference,96.52
2000-01-31,USD,AMD,reference,529.02
2000-01-31,USM,AMD,reference,37.54
2000-02-01,AED,AMD,reference,143.91
2000-02-01,ARP,AMD,reference,528.71
2000-02-01,ATS,AMD,reference,37.82
2000-02-01,AUD,AMD,reference,336.57
2000-02-01,BEF,AMD,reference,12.901
2000-02-01,BGL,AMD,reference,266.08
2000-02-01,BRC,AMD,reference,295.44
2000-02-01,BYR,AMD,reference,1.527
2000-02-01,CAD,AMD,reference,364.88
2000-02-01,CHF,AMD,reference,322.82
2000-02-01,CNY,AMD,reference,63.84
2000-02-01,CZK,AMD,reference,14.49
2000-02-01,DEM,AMD,reference,266.09
2000-02-01,DKK,AMD,reference,69.64
2000-02-01,EEK,AMD,reference,33.11
2000-02-01,EGP,AMD,reference,153.54
2000-02-01,ESP,AMD,reference,3.128
2000-02-01,EUR,AMD,reference,520.42
2000-02-01,FIM,AMD,reference,87.53
2000-02-01,FRF,AMD,reference,79.34
2000-02-01,GBP,AMD,reference,858.41
2000-02-01,GEL,AMD,reference,273.81
2000-02-01,GRD,AMD,reference,1.569
2000-02-01,HUF,AMD,reference,2.028
2000-02-01,IEP,AMD,reference,660.79
2000-02-01,ILS,AMD,reference,129.59
2000-02-01,INR,AMD,reference,12.11
2000-02-01,IRR,AMD,reference,0.302
2000-02-01,ISK,AMD,reference,71.8
2000-02-01,ITL,AMD,reference,0.2688
2000-02-01,JPY,AMD,reference,4.944
2000-02-01,KGS,AMD,reference,11.3
2000-02-01,KRW,AMD,reference,0.4693
2000-02-01,KWD,AMD,reference,1731.78
2000-02-01,KZT,AMD,reference,37.91
2000-02-01,LBP,AMD,reference,0.3505
2000-02-01,LTL,AMD,reference,132.11
2000-02-01,LVL,AMD,reference,898.72
2000-02-01,MDL,AMD,reference,41.62
2000-02-01,MXN,AMD,reference,55.21
2000-02-01,NLG,AMD,reference,236.16
2000-02-01,NOK,AMD,reference,64.7
2000-02-01,PLZ,AMD,reference,125.59
2000-02-01,PTE,AMD,reference,2.596
2000-02-01,ROL,AMD,reference,0.02862
2000-02-01,RUB,AMD,reference,18.04
2000-02-01,SAR,AMD,reference,140.91
2000-02-01,SDR,AMD,reference,737.73
2000-02-01,SEK,AMD,reference,61.05
2000-02-01,SGD,AMD,reference,310.41
2000-02-01,SKK,AMD,reference,12.25
2000-02-01,SYP,AMD,reference,11.49
2000-02-01,TAD,AMD,reference,3.891
2000-02-01,TJS,AMD,reference,3.891
2000-02-01,TMM,AMD,reference,0.1002
2000-02-01,TMT,AMD,reference,0.1002
2000-02-01,TRL,AMD,reference,0.00951
2000-02-01,UAH,AMD,reference,96.51
2000-02-01,USD,AMD,reference,528.45
2000-02-01,USM,AMD,reference,37.13
2000-02-02,AED,AMD,reference,143.91
2000-02-02,ARP,AMD,reference,528.56
2000-02-02,ATS,AMD,reference,37.6
2000-02-02,AUD,AMD,reference,336.09
2000-02-02,BEF,AMD,reference,12.826
2000-02-02,BGL,AMD,reference,264.55
2000-02-02,BRC,AMD,reference,293.36
2000-02-02,BYR,AMD,reference,1.527
2000-02-02,CAD,AMD,reference,364.15
2000-02-02,CHF,AMD,reference,321.55
2000-02-02,CNY,AMD,reference,63.84
2000-02-02,CZK,AMD,reference,14.28
2000-02-02,DEM,AMD,reference,264.55
2000-02-02,DKK,AMD,reference,68.82
2000-02-02,EEK,AMD,reference,33.11
2000-02-02,EGP,AMD,reference,153.53
2000-02-02,ESP,AMD,reference,3.11
2000-02-02,EUR,AMD,reference,517.41
2000-02-02,FIM,AMD,reference,87.02
2000-02-02,FRF,AMD,reference,78.88
2000-02-02,GBP,AMD,reference,851.81
2000-02-02,GEL,AMD,reference,273.81
2000-02-02,GRD,AMD,reference,1.564
2000-02-02,HUF,AMD,reference,2.006
2000-02-02,IEP,AMD,reference,656.97
2000-02-02,ILS,AMD,reference,129.46
2000-02-02,INR,AMD,reference,12.12
2000-02-02,IRR,AMD,reference,0.302
2000-02-02,ISK,AMD,reference,71.43
2000-02-02,ITL,AMD,reference,0.2672
2000-02-02,JPY,AMD,reference,4.923
2000-02-02,KGS,AMD,reference,11.3
2000-02-02,KRW,AMD,reference,0.4709
2000-02-02,KWD,AMD,reference,1734.9
2000-02-02,KZT,AMD,reference,37.91
2000-02-02,LBP,AMD,reference,0.3505
2000-02-02,LTL,AMD,reference,132.11
2000-02-02,LVL,AMD,reference,894.16
2000-02-02,MDL,AMD,reference,41.55
2000-02-02,MXN,AMD,reference,54.84
2000-02-02,NLG,AMD,reference,234.79
2000-02-02,NOK,AMD,reference,64.02
2000-02-02,PLZ,AMD,reference,125.34
2000-02-02,PTE,AMD,reference,2.581
2000-02-02,ROL,AMD,reference,0.02862
2000-02-02,RUB,AMD,reference,18.04
2000-02-02,SAR,AMD,reference,140.91
2000-02-02,SDR,AMD,reference,737.73
2000-02-02,SEK,AMD,reference,60.16
2000-02-02,SGD,AMD,reference,310.41
2000-02-02,SKK,AMD,reference,12.12
2000-02-02,SYP,AMD,reference,11.49
2000-02-02,TAD,AMD,reference,3.891
2000-02-02,TJS,AMD,reference,3.891
2000-02-02,TMM,AMD,reference,0.1002
2000-02-02,TMT,AMD,reference,0.1002
2000-02-02,TRL,AMD,reference,0.00947
2000-02-02,UAH,AMD,reference,96.61
2000-02-02,USD,AMD,reference,528.45
2000-02-02,USM,AMD,reference,37.13
2000-02-03,AED,AMD,reference,143.91
2000-02-03,ARP,AMD,reference,528.56
2000-02-03,ATS,AMD,reference,37.29
2000-02-03,AUD,AMD,reference,338.05
2000-02-03,BEF,AMD,reference,12.72
2000-02-03,BGL,AMD,reference,262.36
2000-02-03,BRC,AMD,reference,294.39
2000-02-03,BYR,AMD,reference,1.527
2000-02-03,CAD,AMD,reference,364.98
2000-02-03,CHF,AMD,reference,319.15
2000-02-03,CNY,AMD,reference,63.84
2000-02-03,CZK,AMD,reference,14.33
2000-02-03,DEM,AMD,reference,262.36
2000-02-03,DKK,AMD,reference,68.96
2000-02-03,EEK,AMD,reference,32.82
2000-02-03,EGP,AMD,reference,153.49
2000-02-03,ESP,AMD,reference,3.084
2000-02-03,EUR,AMD,reference,513.13
2000-02-03,FIM,AMD,reference,86.3
2000-02-03,FRF,AMD,reference,78.23
2000-02-03,GBP,AMD,reference,850.86
2000-02-03,GEL,AMD,reference,273.81
2000-02-03,GRD,AMD,reference,1.543
2000-02-03,HUF,AMD,reference,2.011
2000-02-03,IEP,AMD,reference,651.53
2000-02-03,ILS,AMD,reference,129.68
2000-02-03,INR,AMD,reference,12.12
2000-02-03,IRR,AMD,reference,0.302
2000-02-03,ISK,AMD,reference,71.39
2000-02-03,ITL,AMD,reference,0.265
2000-02-03,JPY,AMD,reference,4.871
2000-02-03,KGS,AMD,reference,11.3
2000-02-03,KRW,AMD,reference,0.4709
2000-02-03,KWD,AMD,reference,1726.39
2000-02-03,KZT,AMD,reference,37.91
2000-02-03,LBP,AMD,reference,0.3505
2000-02-03,LTL,AMD,reference,132.11
2000-02-03,LVL,AMD,reference,889.65
2000-02-03,MDL,AMD,reference,41.71
2000-02-03,MXN,AMD,reference,55.08
2000-02-03,NLG,AMD,reference,232.85
2000-02-03,NOK,AMD,reference,63.56
2000-02-03,PLZ,AMD,reference,124.31
2000-02-03,PTE,AMD,reference,2.559
2000-02-03,ROL,AMD,reference,0.02862
2000-02-03,RUB,AMD,reference,18.04
2000-02-03,SAR,AMD,reference,140.92
2000-02-03,SDR,AMD,reference,737.73
2000-02-03,SEK,AMD,reference,59.76
2000-02-03,SGD,AMD,reference,311.09
2000-02-03,SKK,AMD,reference,12.13
2000-02-03,SYP,AMD,reference,11.49
2000-02-03,TAD,AMD,reference,3.891
2000-02-03,TJS,AMD,reference,3.891
2000-02-03,TMM,AMD,reference,0.1002
2000-02-03,TMT,AMD,reference,0.1002
2000-02-03,TRL,AMD,reference,0.00944
2000-02-03,UAH,AMD,reference,96.61
2000-02-03,USD,AMD,reference,528.45
2000-02-03,USM,AMD,reference,37.13
2000-02-04,AED,AMD,reference,143.91
2000-02-04,ARP,AMD,reference,528.56
2000-02-04,ATS,AMD,reference,37.32
2000-02-04,AUD,AMD,reference,334.3
2000-02-04,BEF,AMD,reference,12.729
2000-02-04,BGL,AMD,reference,263.38
2000-02-04,BRC,AMD,reference,294.39
2000-02-04,BYR,AMD,reference,1.527
2000-02-04,CAD,AMD,reference,366.22
2000-02-04,CHF,AMD,reference,319.15
2000-02-04,CNY,AMD,reference,63.84
2000-02-04,CZK,AMD,reference,14.33
2000-02-04,DEM,AMD,reference,262.55
2000-02-04,DKK,AMD,reference,68.96
2000-02-04,EEK,AMD,reference,32.87
2000-02-04,EGP,AMD,reference,153.49
2000-02-04,ESP,AMD,reference,3.086
2000-02-04,EUR,AMD,reference,513.49
2000-02-04,FIM,AMD,reference,86.36
2000-02-04,FRF,AMD,reference,78.28
2000-02-04,GBP,AMD,reference,846
2000-02-04,GEL,AMD,reference,264.23
2000-02-04,GRD,AMD,reference,1.549
2000-02-04,HUF,AMD,reference,2.013
2000-02-04,IEP,AMD,reference,652
2000-02-04,ILS,AMD,reference,130.38
2000-02-04,INR,AMD,reference,12.12
2000-02-04,IRR,AMD,reference,0.302
2000-02-04,ISK,AMD,reference,71.2
2000-02-04,ITL,AMD,reference,0.2652
2000-02-04,JPY,AMD,reference,4.871
2000-02-04,KGS,AMD,reference,11.3
2000-02-04,KRW,AMD,reference,0.4696
2000-02-04,KWD,AMD,reference,1726.4
2000-02-04,KZT,AMD,reference,37.91
2000-02-04,LBP,AMD,reference,0.3505
2000-02-04,LTL,AMD,reference,132.11
2000-02-04,LVL,AMD,reference,888.15
2000-02-04,MDL,AMD,reference,41.7
2000-02-04,MXN,AMD,reference,55.08
2000-02-04,NLG,AMD,reference,233.01
2000-02-04,NOK,AMD,reference,64.05
2000-02-04,PLZ,AMD,reference,125.08
2000-02-04,PTE,AMD,reference,2.561
2000-02-04,ROL,AMD,reference,0.02854
2000-02-04,RUB,AMD,reference,18.04
2000-02-04,SAR,AMD,reference,140.92
2000-02-04,SDR,AMD,reference,737.73
2000-02-04,SEK,AMD,reference,59.76
2000-02-04,SGD,AMD,reference,311.09
2000-02-04,SKK,AMD,reference,12.16
2000-02-04,SYP,AMD,reference,11.74
2000-02-04,TAD,AMD,reference,3.891
2000-02-04,TJS,AMD,reference,3.891
2000-02-04,TMM,AMD,reference,0.1002
2000-02-04,TMT,AMD,reference,0.1002
2000-02-04,TRL,AMD,reference,0.00942
2000-02-04,UAH,AMD,reference,96.61
2000-02-04,USD,AMD,reference,528.45
2000-02-04,USM,AMD,reference,37.13
2000-02-07,AED,AMD,reference,143.84
2000-02-07,ARP,AMD,reference,528.3
2000-02-07,ATS,AMD,reference,37.42
2000-02-07,AUD,AMD,reference,333.82
2000-02-07,BEF,AMD,reference,12.764
2000-02-07,BGL,AMD,reference,263.25
2000-02-07,BRC,AMD,reference,297.94
2000-02-07,BYR,AMD,reference,1.435
2000-02-07,CAD,AMD,reference,366.47
2000-02-07,CHF,AMD,reference,320.14
2000-02-07,CNY,AMD,reference,63.8
2000-02-07,CZK,AMD,reference,14.6
2000-02-07,DEM,AMD,reference,263.25
2000-02-07,DKK,AMD,reference,70.25
2000-02-07,EEK,AMD,reference,33.46
2000-02-07,EGP,AMD,reference,153.41
2000-02-07,ESP,AMD,reference,3.094
2000-02-07,EUR,AMD,reference,514.88
2000-02-07,FIM,AMD,reference,86.6
2000-02-07,FRF,AMD,reference,78.49
2000-02-07,GBP,AMD,reference,840.72
2000-02-07,GEL,AMD,reference,266.76
2000-02-07,GRD,AMD,reference,1.548
2000-02-07,HUF,AMD,reference,2.049
2000-02-07,IEP,AMD,reference,653.76
2000-02-07,ILS,AMD,reference,130.32
2000-02-07,INR,AMD,reference,12.11
2000-02-07,IRR,AMD,reference,0.3018
2000-02-07,ISK,AMD,reference,71.74
2000-02-07,ITL,AMD,reference,0.2659
2000-02-07,JPY,AMD,reference,4.917
2000-02-07,KGS,AMD,reference,11.29
2000-02-07,KRW,AMD,reference,0.4693
2000-02-07,KWD,AMD,reference,1725.54
2000-02-07,KZT,AMD,reference,37.89
2000-02-07,LBP,AMD,reference,0.3504
2000-02-07,LTL,AMD,reference,132.05
2000-02-07,LVL,AMD,reference,887.71
2000-02-07,MDL,AMD,reference,41.91
2000-02-07,MXN,AMD,reference,55.56
2000-02-07,NLG,AMD,reference,233.64
2000-02-07,NOK,AMD,reference,63.98
2000-02-07,PLZ,AMD,reference,126.72
2000-02-07,PTE,AMD,reference,2.568
2000-02-07,ROL,AMD,reference,0.02843
2000-02-07,RUB,AMD,reference,18.04
2000-02-07,SAR,AMD,reference,140.85
2000-02-07,SDR,AMD,reference,737.73
2000-02-07,SEK,AMD,reference,60.68
2000-02-07,SGD,AMD,reference,312.65
2000-02-07,SKK,AMD,reference,12.38
2000-02-07,SYP,AMD,reference,11.48
2000-02-07,TAD,AMD,reference,3.889
2000-02-07,TJS,AMD,reference,3.889
2000-02-07,TMM,AMD,reference,0.1016
2000-02-07,TMT,AMD,reference,0.1016
2000-02-07,TRL,AMD,reference,0.00943
2000-02-07,UAH,AMD,reference,96.48
2000-02-07,USD,AMD,reference,528.19
2000-02-07,USM,AMD,reference,37.11
2000-02-08,AED,AMD,reference,143.64
2000-02-08,ARP,AMD,reference,527.77
2000-02-08,ATS,AMD,reference,37.7
2000-02-08,AUD,AMD,reference,336.88
2000-02-08,BEF,AMD,reference,12.859
2000-02-08,BGL,AMD,reference,265.23
2000-02-08,BRC,AMD,reference,297.65
2000-02-08,BYR,AMD,reference,1.433
2000-02-08,CAD,AMD,reference,364.63
2000-02-08,CHF,AMD,reference,322.66
2000-02-08,CNY,AMD,reference,63.71
2000-02-08,CZK,AMD,reference,14.5
2000-02-08,DEM,AMD,reference,265.23
2000-02-08,DKK,AMD,reference,69.51
2000-02-08,EEK,AMD,reference,33.07
2000-02-08,EGP,AMD,reference,153.25
2000-02-08,ESP,AMD,reference,3.118
2000-02-08,EUR,AMD,reference,518.74
2000-02-08,FIM,AMD,reference,87.25
2000-02-08,FRF,AMD,reference,79.08
2000-02-08,GBP,AMD,reference,841.48
2000-02-08,GEL,AMD,reference,266.38
2000-02-08,GRD,AMD,reference,1.564
2000-02-08,HUF,AMD,reference,2.025
2000-02-08,IEP,AMD,reference,658.66
2000-02-08,ILS,AMD,reference,130.14
2000-02-08,INR,AMD,reference,12.09
2000-02-08,IRR,AMD,reference,0.3014
2000-02-08,ISK,AMD,reference,71.46
2000-02-08,ITL,AMD,reference,0.2679
2000-02-08,JPY,AMD,reference,4.893
2000-02-08,KGS,AMD,reference,11.29
2000-02-08,KRW,AMD,reference,0.4688
2000-02-08,KWD,AMD,reference,1723.78
2000-02-08,KZT,AMD,reference,37.84
2000-02-08,LBP,AMD,reference,0.3499
2000-02-08,LTL,AMD,reference,131.86
2000-02-08,LVL,AMD,reference,890.95
2000-02-08,MDL,AMD,reference,41.88
2000-02-08,MXN,AMD,reference,55.64
2000-02-08,NLG,AMD,reference,235.39
2000-02-08,NOK,AMD,reference,64.18
2000-02-08,PLZ,AMD,reference,126.31
2000-02-08,PTE,AMD,reference,2.587
2000-02-08,ROL,AMD,reference,0.02836
2000-02-08,RUB,AMD,reference,18.04
2000-02-08,SAR,AMD,reference,140.65
2000-02-08,SDR,AMD,reference,737.73
2000-02-08,SEK,AMD,reference,61.23
2000-02-08,SGD,AMD,reference,311.95
2000-02-08,SKK,AMD,reference,12.23
2000-02-08,SYP,AMD,reference,11.72
2000-02-08,TAD,AMD,reference,3.884
2000-02-08,TJS,AMD,reference,3.884
2000-02-08,TMM,AMD,reference,0.1014
2000-02-08,TMT,AMD,reference,0.1014
2000-02-08,TRL,AMD,reference,0.00943
2000-02-08,UAH,AMD,reference,95.84
2000-02-08,USD,AMD,reference,527.44
2000-02-08,USM,AMD,reference,37.05
2000-02-09,AED,AMD,reference,143.56
2000-02-09,ARP,AMD,reference,527.27
2000-02-09,ATS,AMD,reference,37.42
2000-02-09,AUD,AMD,reference,334.9
2000-02-09,BEF,AMD,reference,12.763
2000-02-09,BGL,AMD,reference,263.25
2000-02-09,BRC,AMD,reference,298.17
2000-02-09,BYR,AMD,reference,1.417
2000-02-09,CAD,AMD,reference,364.69
2000-02-09,CHF,AMD,reference,320.5
2000-02-09,CNY,AMD,reference,63.68
2000-02-09,CZK,AMD,reference,14.52
2000-02-09,DEM,AMD,reference,263.25
2000-02-09,DKK,AMD,reference,69.6
2000-02-09,EEK,AMD,reference,33.07
2000-02-09,EGP,AMD,reference,153.07
2000-02-09,ESP,AMD,reference,3.094
2000-02-09,EUR,AMD,reference,514.88
2000-02-09,FIM,AMD,reference,86.6
2000-02-09,FRF,AMD,reference,78.49
2000-02-09,GBP,AMD,reference,844.93
2000-02-09,GEL,AMD,reference,261.62
2000-02-09,GRD,AMD,reference,1.552
2000-02-09,HUF,AMD,reference,2.024
2000-02-09,IEP,AMD,reference,653.76
2000-02-09,ILS,AMD,reference,129.56
2000-02-09,INR,AMD,reference,12.09
2000-02-09,IRR,AMD,reference,0.3012
2000-02-09,ISK,AMD,reference,71.8
2000-02-09,ITL,AMD,reference,0.2659
2000-02-09,JPY,AMD,reference,4.822
2000-02-09,KGS,AMD,reference,11.29
2000-02-09,KRW,AMD,reference,0.4661
2000-02-09,KWD,AMD,reference,1722.76
2000-02-09,KZT,AMD,reference,37.82
2000-02-09,LBP,AMD,reference,0.3497
2000-02-09,LTL,AMD,reference,131.79
2000-02-09,LVL,AMD,reference,887.47
2000-02-09,MDL,AMD,reference,41.91
2000-02-09,MXN,AMD,reference,55.91
2000-02-09,NLG,AMD,reference,233.64
2000-02-09,NOK,AMD,reference,63.89
2000-02-09,PLZ,AMD,reference,126.5
2000-02-09,PTE,AMD,reference,2.568
2000-02-09,ROL,AMD,reference,0.02836
2000-02-09,RUB,AMD,reference,18.04
2000-02-09,SAR,AMD,reference,140.57
2000-02-09,SDR,AMD,reference,737.73
2000-02-09,SEK,AMD,reference,60.84
2000-02-09,SGD,AMD,reference,310.94
2000-02-09,SKK,AMD,reference,12.24
2000-02-09,SYP,AMD,reference,11.71
2000-02-09,TAD,AMD,reference,3.882
2000-02-09,TJS,AMD,reference,3.882
2000-02-09,TMM,AMD,reference,0.1014
2000-02-09,TMT,AMD,reference,0.1014
2000-02-09,TRL,AMD,reference,0.00938
2000-02-09,UAH,AMD,reference,95.18
2000-02-09,USD,AMD,reference,527.16
2000-02-09,USM,AMD,reference,37.04
2000-02-10,AED,AMD,reference,143.43
2000-02-10,ARP,AMD,reference,526.78
2000-02-10,ATS,AMD,reference,37.9
2000-02-10,AUD,AMD,reference,333.33
2000-02-10,BEF,AMD,reference,12.929
2000-02-10,BGL,AMD,reference,266.67
2000-02-10,BRC,AMD,reference,298.68
2000-02-10,BYR,AMD,reference,1.416
2000-02-10,CAD,AMD,reference,363.85
2000-02-10,CHF,AMD,reference,324.48
2000-02-10,CNY,AMD,reference,63.62
2000-02-10,CZK,AMD,reference,14.62
2000-02-10,DEM,AMD,reference,266.67
2000-02-10,DKK,AMD,reference,69.98
2000-02-10,EEK,AMD,reference,33.04
2000-02-10,EGP,AMD,reference,152.95
2000-02-10,ESP,AMD,reference,3.135
2000-02-10,EUR,AMD,reference,521.56
2000-02-10,FIM,AMD,reference,87.72
2000-02-10,FRF,AMD,reference,79.51
2000-02-10,GBP,AMD,reference,848.41
2000-02-10,GEL,AMD,reference,268.71
2000-02-10,GRD,AMD,reference,1.561
2000-02-10,HUF,AMD,reference,2.039
2000-02-10,IEP,AMD,reference,662.25
2000-02-10,ILS,AMD,reference,129.53
2000-02-10,INR,AMD,reference,12.08
2000-02-10,IRR,AMD,reference,0.301
2000-02-10,ISK,AMD,reference,71.72
2000-02-10,ITL,AMD,reference,0.2694
2000-02-10,JPY,AMD,reference,4.842
2000-02-10,KGS,AMD,reference,11.28
2000-02-10,KRW,AMD,reference,0.4665
2000-02-10,KWD,AMD,reference,1720.68
2000-02-10,KZT,AMD,reference,37.73
2000-02-10,LBP,AMD,reference,0.3494
2000-02-10,LTL,AMD,reference,131.67
2000-02-10,LVL,AMD,reference,885.16
2000-02-10,MDL,AMD,reference,41.93
2000-02-10,MXN,AMD,reference,56.03
2000-02-10,NLG,AMD,reference,236.67
2000-02-10,NOK,AMD,reference,64.61
2000-02-10,PLZ,AMD,reference,127.3
2000-02-10,PTE,AMD,reference,2.602
2000-02-10,ROL,AMD,reference,0.0283
2000-02-10,RUB,AMD,reference,18.04
2000-02-10,SAR,AMD,reference,140.44
2000-02-10,SDR,AMD,reference,737.73
2000-02-10,SEK,AMD,reference,61.54
2000-02-10,SGD,AMD,reference,311.52
2000-02-10,SKK,AMD,reference,12.31
2000-02-10,SYP,AMD,reference,11.45
2000-02-10,TAD,AMD,reference,3.878
2000-02-10,TJS,AMD,reference,3.878
2000-02-10,TMM,AMD,reference,0.1013
2000-02-10,TMT,AMD,reference,0.1013
2000-02-10,TRL,AMD,reference,0.00942
2000-02-10,UAH,AMD,reference,94.7
2000-02-10,USD,AMD,reference,526.67
2000-02-10,USM,AMD,reference,36.88
2000-02-11,AED,AMD,reference,143.56
2000-02-11,ARP,AMD,reference,528.34
2000-02-11,ATS,AMD,reference,38.06
2000-02-11,AUD,AMD,reference,334.15
2000-02-11,BEF,AMD,reference,12.981
2000-02-11,BGL,AMD,reference,267.74
2000-02-11,BRC,AMD,reference,297.99
2000-02-11,BYR,AMD,reference,1.395
2000-02-11,CAD,AMD,reference,364.95
2000-02-11,CHF,AMD,reference,325.42
2000-02-11,CNY,AMD,reference,63.67
2000-02-11,CZK,AMD,reference,14.61
2000-02-11,DEM,AMD,reference,267.74
2000-02-11,DKK,AMD,reference,70.06
2000-02-11,EEK,AMD,reference,33.39
2000-02-11,EGP,AMD,reference,153.08
2000-02-11,ESP,AMD,reference,3.147
2000-02-11,EUR,AMD,reference,523.66
2000-02-11,FIM,AMD,reference,88.07
2000-02-11,FRF,AMD,reference,79.83
2000-02-11,GBP,AMD,reference,849.17
2000-02-11,GEL,AMD,reference,268.95
2000-02-11,GRD,AMD,reference,1.569
2000-02-11,HUF,AMD,reference,2.043
2000-02-11,IEP,AMD,reference,664.91
2000-02-11,ILS,AMD,reference,129.71
2000-02-11,INR,AMD,reference,12.08
2000-02-11,IRR,AMD,reference,0.3012
2000-02-11,ISK,AMD,reference,71.79
2000-02-11,ITL,AMD,reference,0.2704
2000-02-11,JPY,AMD,reference,4.858
2000-02-11,KGS,AMD,reference,11.3
2000-02-11,KRW,AMD,reference,0.4669
2000-02-11,KWD,AMD,reference,1723.22
2000-02-11,KZT,AMD,reference,37.76
2000-02-11,LBP,AMD,reference,0.3497
2000-02-11,LTL,AMD,reference,131.79
2000-02-11,LVL,AMD,reference,888.94
2000-02-11,MDL,AMD,reference,42.04
2000-02-11,MXN,AMD,reference,56.09
2000-02-11,NLG,AMD,reference,237.63
2000-02-11,NOK,AMD,reference,64.79
2000-02-11,PLZ,AMD,reference,126.84
2000-02-11,PTE,AMD,reference,2.612
2000-02-11,ROL,AMD,reference,0.02824
2000-02-11,RUB,AMD,reference,18.04
2000-02-11,SAR,AMD,reference,140.57
2000-02-11,SDR,AMD,reference,737.73
2000-02-11,SEK,AMD,reference,61.64
2000-02-11,SGD,AMD,reference,311.76
2000-02-11,SKK,AMD,reference,12.35
2000-02-11,SYP,AMD,reference,11.46
2000-02-11,TAD,AMD,reference,3.882
2000-02-11,TJS,AMD,reference,3.882
2000-02-11,TMM,AMD,reference,0.1014
2000-02-11,TMT,AMD,reference,0.1014
2000-02-11,TRL,AMD,reference,0.00944
2000-02-11,UAH,AMD,reference,94.43
2000-02-11,USD,AMD,reference,527.14
2000-02-11,USM,AMD,reference,36.91
2000-02-14,AED,AMD,reference,143.56
2000-02-14,ARP,AMD,reference,527.25
2000-02-14,ATS,AMD,reference,37.55
2000-02-14,AUD,AMD,reference,331.52
2000-02-14,BEF,AMD,reference,12.807
2000-02-14,BGL,AMD,reference,265.97
2000-02-14,BRC,AMD,reference,298
2000-02-14,BYR,AMD,reference,1.395
2000-02-14,CAD,AMD,reference,363.54
2000-02-14,CHF,AMD,reference,321.78
2000-02-14,CNY,AMD,reference,63.67
2000-02-14,CZK,AMD,reference,14.54
2000-02-14,DEM,AMD,reference,264.16
2000-02-14,DKK,AMD,reference,69.65
2000-02-14,EEK,AMD,reference,33.21
2000-02-14,EGP,AMD,reference,153.08
2000-02-14,ESP,AMD,reference,3.105
2000-02-14,EUR,AMD,reference,516.65
2000-02-14,FIM,AMD,reference,86.89
2000-02-14,FRF,AMD,reference,78.76
2000-02-14,GBP,AMD,reference,843.85
2000-02-14,GEL,AMD,reference,268.95
2000-02-14,GRD,AMD,reference,1.558
2000-02-14,HUF,AMD,reference,2.032
2000-02-14,IEP,AMD,reference,656.01
2000-02-14,ILS,AMD,reference,129.71
2000-02-14,INR,AMD,reference,12.08
2000-02-14,IRR,AMD,reference,0.3012
2000-02-14,ISK,AMD,reference,71.63
2000-02-14,ITL,AMD,reference,0.2668
2000-02-14,JPY,AMD,reference,4.858
2000-02-14,KGS,AMD,reference,11.3
2000-02-14,KRW,AMD,reference,0.4665
2000-02-14,KWD,AMD,reference,1723.54
2000-02-14,KZT,AMD,reference,37.76
2000-02-14,LBP,AMD,reference,0.3497
2000-02-14,LTL,AMD,reference,131.79
2000-02-14,LVL,AMD,reference,890.44
2000-02-14,MDL,AMD,reference,42.14
2000-02-14,MXN,AMD,reference,55.88
2000-02-14,NLG,AMD,reference,234.45
2000-02-14,NOK,AMD,reference,64.26
2000-02-14,PLZ,AMD,reference,127.42
2000-02-14,PTE,AMD,reference,2.577
2000-02-14,ROL,AMD,reference,0.02822
2000-02-14,RUB,AMD,reference,18.04
2000-02-14,SAR,AMD,reference,140.57
2000-02-14,SDR,AMD,reference,737.73
2000-02-14,SEK,AMD,reference,61.2
2000-02-14,SGD,AMD,reference,311.48
2000-02-14,SKK,AMD,reference,12.26
2000-02-14,SYP,AMD,reference,11.46
2000-02-14,TAD,AMD,reference,3.882
2000-02-14,TJS,AMD,reference,3.882
2000-02-14,TMM,AMD,reference,0.1014
2000-02-14,TMT,AMD,reference,0.1014
2000-02-14,TRL,AMD,reference,0.00941
2000-02-14,UAH,AMD,reference,94.17
2000-02-14,USD,AMD,reference,527.14
2000-02-14,USM,AMD,reference,36.91
2000-02-15,AED,AMD,reference,143.56
2000-02-15,ARP,AMD,reference,530.41
2000-02-15,ATS,AMD,reference,37.55
2000-02-15,AUD,AMD,reference,332.99
2000-02-15,BEF,AMD,reference,12.807
2000-02-15,BGL,AMD,reference,264.16
2000-02-15,BRC,AMD,reference,298.51
2000-02-15,BYR,AMD,reference,1.369
2000-02-15,CAD,AMD,reference,363.24
2000-02-15,CHF,AMD,reference,321.78
2000-02-15,CNY,AMD,reference,63.68
2000-02-15,CZK,AMD,reference,14.62
2000-02-15,DEM,AMD,reference,264.16
2000-02-15,DKK,AMD,reference,70.07
2000-02-15,EEK,AMD,reference,33.37
2000-02-15,EGP,AMD,reference,153.15
2000-02-15,ESP,AMD,reference,3.105
2000-02-15,EUR,AMD,reference,516.65
2000-02-15,FIM,AMD,reference,86.89
2000-02-15,FRF,AMD,reference,78.76
2000-02-15,GBP,AMD,reference,839.37
2000-02-15,GEL,AMD,reference,268.95
2000-02-15,GRD,AMD,reference,1.558
2000-02-15,HUF,AMD,reference,2.041
2000-02-15,IEP,AMD,reference,656.01
2000-02-15,ILS,AMD,reference,129.71
2000-02-15,INR,AMD,reference,12.08
2000-02-15,IRR,AMD,reference,0.3012
2000-02-15,ISK,AMD,reference,72.2
2000-02-15,ITL,AMD,reference,0.2668
2000-02-15,JPY,AMD,reference,4.867
2000-02-15,KGS,AMD,reference,11.3
2000-02-15,KRW,AMD,reference,0.4702
2000-02-15,KWD,AMD,reference,1721.53
2000-02-15,KZT,AMD,reference,37.71
2000-02-15,LBP,AMD,reference,0.3497
2000-02-15,LTL,AMD,reference,131.79
2000-02-15,LVL,AMD,reference,887.44
2000-02-15,MDL,AMD,reference,42.18
2000-02-15,MXN,AMD,reference,55.98
2000-02-15,NLG,AMD,reference,234.45
2000-02-15,NOK,AMD,reference,64.26
2000-02-15,PLZ,AMD,reference,127.28
2000-02-15,PTE,AMD,reference,2.577
2000-02-15,ROL,AMD,reference,0.0282
2000-02-15,RUB,AMD,reference,18.04
2000-02-15,SAR,AMD,reference,140.57
2000-02-15,SDR,AMD,reference,737.73
2000-02-15,SEK,AMD,reference,61.2
2000-02-15,SGD,AMD,reference,311.48
2000-02-15,SKK,AMD,reference,12.34
2000-02-15,SYP,AMD,reference,11.46
2000-02-15,TAD,AMD,reference,3.882
2000-02-15,TJS,AMD,reference,3.882
2000-02-15,TMM,AMD,reference,0.1014
2000-02-15,TMT,AMD,reference,0.1014
2000-02-15,TRL,AMD,reference,0.00938
2000-02-15,UAH,AMD,reference,94.08
2000-02-15,USD,AMD,reference,527.14
2000-02-15,USM,AMD,reference,36.91
2000-02-16,AED,AMD,reference,143.56
2000-02-16,ARP,AMD,reference,527.25
2000-02-16,ATS,AMD,reference,37.8
2000-02-16,AUD,AMD,reference,330.25
2000-02-16,BEF,AMD,reference,12.894
2000-02-16,BGL,AMD,reference,265.94
2000-02-16,BRC,AMD,reference,298.14
2000-02-16,BYR,AMD,reference,1.352
2000-02-16,CAD,AMD,reference,362.4
2000-02-16,CHF,AMD,reference,323.75
2000-02-16,CNY,AMD,reference,63.68
2000-02-16,CZK,AMD,reference,14.48
2000-02-16,DEM,AMD,reference,265.94
2000-02-16,DKK,AMD,reference,69.4
2000-02-16,EEK,AMD,reference,33.37
2000-02-16,EGP,AMD,reference,153.05
2000-02-16,ESP,AMD,reference,3.126
2000-02-16,EUR,AMD,reference,520.13
2000-02-16,FIM,AMD,reference,87.48
2000-02-16,FRF,AMD,reference,79.29
2000-02-16,GBP,AMD,reference,835.62
2000-02-16,GEL,AMD,reference,266.25
2000-02-16,GRD,AMD,reference,1.565
2000-02-16,HUF,AMD,reference,2.02
2000-02-16,IEP,AMD,reference,660.43
2000-02-16,ILS,AMD,reference,130.13
2000-02-16,INR,AMD,reference,12.08
2000-02-16,IRR,AMD,reference,0.3012
2000-02-16,ISK,AMD,reference,72.31
2000-02-16,ITL,AMD,reference,0.2686
2000-02-16,JPY,AMD,reference,4.83
2000-02-16,KGS,AMD,reference,11.3
2000-02-16,KRW,AMD,reference,0.472
2000-02-16,KWD,AMD,reference,1721.96
2000-02-16,KZT,AMD,reference,37.71
2000-02-16,LBP,AMD,reference,0.3497
2000-02-16,LTL,AMD,reference,131.79
2000-02-16,LVL,AMD,reference,888.94
2000-02-16,MDL,AMD,reference,42.26
2000-02-16,MXN,AMD,reference,56.14
2000-02-16,NLG,AMD,reference,236.02
2000-02-16,NOK,AMD,reference,64.38
2000-02-16,PLZ,AMD,reference,126.88
2000-02-16,PTE,AMD,reference,2.594
2000-02-16,ROL,AMD,reference,0.0282
2000-02-16,RUB,AMD,reference,18.04
2000-02-16,SAR,AMD,reference,140.57
2000-02-16,SDR,AMD,reference,737.73
2000-02-16,SEK,AMD,reference,61.3
2000-02-16,SGD,AMD,reference,311.29
2000-02-16,SKK,AMD,reference,12.22
2000-02-16,SYP,AMD,reference,11.71
2000-02-16,TAD,AMD,reference,3.882
2000-02-16,TJS,AMD,reference,3.882
2000-02-16,TMM,AMD,reference,0.1014
2000-02-16,TMT,AMD,reference,0.1014
2000-02-16,TRL,AMD,reference,0.00938
2000-02-16,UAH,AMD,reference,94.09
2000-02-16,USD,AMD,reference,527.14
2000-02-16,USM,AMD,reference,36.91
2000-02-17,AED,AMD,reference,143.73
2000-02-17,ARP,AMD,reference,527.89
2000-02-17,ATS,AMD,reference,37.5
2000-02-17,AUD,AMD,reference,333.87
2000-02-17,BEF,AMD,reference,12.793
2000-02-17,BGL,AMD,reference,263.86
2000-02-17,BRC,AMD,reference,296.36
2000-02-17,BYR,AMD,reference,1.343
2000-02-17,CAD,AMD,reference,361.94
2000-02-17,CHF,AMD,reference,321.31
2000-02-17,CNY,AMD,reference,63.76
2000-02-17,CZK,AMD,reference,14.52
2000-02-17,DEM,AMD,reference,263.86
2000-02-17,DKK,AMD,reference,69.52
2000-02-17,EEK,AMD,reference,33.07
2000-02-17,EGP,AMD,reference,153.37
2000-02-17,ESP,AMD,reference,3.102
2000-02-17,EUR,AMD,reference,516.06
2000-02-17,FIM,AMD,reference,86.8
2000-02-17,FRF,AMD,reference,78.67
2000-02-17,GBP,AMD,reference,844.5
2000-02-17,GEL,AMD,reference,266.57
2000-02-17,GRD,AMD,reference,1.553
2000-02-17,HUF,AMD,reference,2.022
2000-02-17,IEP,AMD,reference,655.27
2000-02-17,ILS,AMD,reference,130.12
2000-02-17,INR,AMD,reference,12.09
2000-02-17,IRR,AMD,reference,0.3016
2000-02-17,ISK,AMD,reference,72.54
2000-02-17,ITL,AMD,reference,0.2665
2000-02-17,JPY,AMD,reference,4.842
2000-02-17,KGS,AMD,reference,11.31
2000-02-17,KRW,AMD,reference,0.4726
2000-02-17,KWD,AMD,reference,1723.1
2000-02-17,KZT,AMD,reference,37.75
2000-02-17,LBP,AMD,reference,0.3501
2000-02-17,LTL,AMD,reference,131.95
2000-02-17,LVL,AMD,reference,887.03
2000-02-17,MDL,AMD,reference,42.32
2000-02-17,MXN,AMD,reference,56.21
2000-02-17,NLG,AMD,reference,234.18
2000-02-17,NOK,AMD,reference,63.96
2000-02-17,PLZ,AMD,reference,127.61
2000-02-17,PTE,AMD,reference,2.574
2000-02-17,ROL,AMD,reference,0.02821
2000-02-17,RUB,AMD,reference,18.04
2000-02-17,SAR,AMD,reference,140.73
2000-02-17,SDR,AMD,reference,737.73
2000-02-17,SEK,AMD,reference,60.76
2000-02-17,SGD,AMD,reference,310.68
2000-02-17,SKK,AMD,reference,12.23
2000-02-17,SYP,AMD,reference,11.47
2000-02-17,TAD,AMD,reference,3.886
2000-02-17,TJS,AMD,reference,3.886
2000-02-17,TMM,AMD,reference,0.1015
2000-02-17,TMT,AMD,reference,0.1015
2000-02-17,TRL,AMD,reference,0.00936
2000-02-17,UAH,AMD,reference,94.32
2000-02-17,USD,AMD,reference,527.78
2000-02-17,USM,AMD,reference,36.84
2000-02-18,AED,AMD,reference,143.73
2000-02-18,ARP,AMD,reference,527.89
2000-02-18,ATS,AMD,reference,37.6
2000-02-18,AUD,AMD,reference,332.66
2000-02-18,BEF,AMD,reference,12.827
2000-02-18,BGL,AMD,reference,264.56
2000-02-18,BRC,AMD,reference,297.52
2000-02-18,BYR,AMD,reference,1.343
2000-02-18,CAD,AMD,reference,363.59
2000-02-18,CHF,AMD,reference,322.67
2000-02-18,CNY,AMD,reference,63.76
2000-02-18,CZK,AMD,reference,14.66
2000-02-18,DEM,AMD,reference,264.56
2000-02-18,DKK,AMD,reference,70.44
2000-02-18,EEK,AMD,reference,33.52
2000-02-18,EGP,AMD,reference,153.16
2000-02-18,ESP,AMD,reference,3.11
2000-02-18,EUR,AMD,reference,517.44
2000-02-18,FIM,AMD,reference,87.03
2000-02-18,FRF,AMD,reference,78.88
2000-02-18,GBP,AMD,reference,850.46
2000-02-18,GEL,AMD,reference,266.56
2000-02-18,GRD,AMD,reference,1.553
2000-02-18,HUF,AMD,reference,2.046
2000-02-18,IEP,AMD,reference,657.01
2000-02-18,ILS,AMD,reference,130.54
2000-02-18,INR,AMD,reference,12.09
2000-02-18,IRR,AMD,reference,0.3016
2000-02-18,ISK,AMD,reference,72.92
2000-02-18,ITL,AMD,reference,0.2672
2000-02-18,JPY,AMD,reference,4.793
2000-02-18,KGS,AMD,reference,11.31
2000-02-18,KRW,AMD,reference,0.4714
2000-02-18,KWD,AMD,reference,1723.36
2000-02-18,KZT,AMD,reference,37.75
2000-02-18,LBP,AMD,reference,0.3501
2000-02-18,LTL,AMD,reference,131.95
2000-02-18,LVL,AMD,reference,887.03
2000-02-18,MDL,AMD,reference,42.33
2000-02-18,MXN,AMD,reference,56.32
2000-02-18,NLG,AMD,reference,234.8
2000-02-18,NOK,AMD,reference,63.78
2000-02-18,PLZ,AMD,reference,128.3
2000-02-18,PTE,AMD,reference,2.581
2000-02-18,ROL,AMD,reference,0.02813
2000-02-18,RUB,AMD,reference,18.04
2000-02-18,SAR,AMD,reference,140.73
2000-02-18,SDR,AMD,reference,737.73
2000-02-18,SEK,AMD,reference,60.54
2000-02-18,SGD,AMD,reference,310
2000-02-18,SKK,AMD,reference,12.4
2000-02-18,SYP,AMD,reference,11.73
2000-02-18,TAD,AMD,reference,3.886
2000-02-18,TJS,AMD,reference,3.886
2000-02-18,TMM,AMD,reference,0.1015
2000-02-18,TMT,AMD,reference,0.1015
2000-02-18,TRL,AMD,reference,0.00935
2000-02-18,UAH,AMD,reference,94.37
2000-02-18,USD,AMD,reference,527.78
2000-02-18,USM,AMD,reference,36.84
2000-02-21,AED,AMD,reference,143.73
2000-02-21,ARP,AMD,reference,527.89
2000-02-21,ATS,AMD,reference,38.04
2000-02-21,AUD,AMD,reference,333.77
2000-02-21,BEF,AMD,reference,12.977
2000-02-21,BGL,AMD,reference,267.66
2000-02-21,BRC,AMD,reference,297.18
2000-02-21,BYR,AMD,reference,1.343
2000-02-21,CAD,AMD,reference,363.43
2000-02-21,CHF,AMD,reference,326.33
2000-02-21,CNY,AMD,reference,63.76
2000-02-21,CZK,AMD,reference,14.55
2000-02-21,DEM,AMD,reference,267.66
2000-02-21,DKK,AMD,reference,69.87
2000-02-21,EEK,AMD,reference,33.26
2000-02-21,EGP,AMD,reference,153.16
2000-02-21,ESP,AMD,reference,3.146
2000-02-21,EUR,AMD,reference,523.51
2000-02-21,FIM,AMD,reference,88.05
2000-02-21,FRF,AMD,reference,79.81
2000-02-21,GBP,AMD,reference,847.93
2000-02-21,GEL,AMD,reference,269.41
2000-02-21,GRD,AMD,reference,1.57
2000-02-21,HUF,AMD,reference,2.031
2000-02-21,IEP,AMD,reference,664.71
2000-02-21,ILS,AMD,reference,130.38
2000-02-21,INR,AMD,reference,12.1
2000-02-21,IRR,AMD,reference,0.3016
2000-02-21,ISK,AMD,reference,72.91
2000-02-21,ITL,AMD,reference,0.2704
2000-02-21,JPY,AMD,reference,4.766
2000-02-21,KGS,AMD,reference,11.31
2000-02-21,KRW,AMD,reference,0.4681
2000-02-21,KWD,AMD,reference,1723.78
2000-02-21,KZT,AMD,reference,37.75
2000-02-21,LBP,AMD,reference,0.3501
2000-02-21,LTL,AMD,reference,131.95
2000-02-21,LVL,AMD,reference,887.03
2000-02-21,MDL,AMD,reference,42.18
2000-02-21,MXN,AMD,reference,56.15
2000-02-21,NLG,AMD,reference,237.56
2000-02-21,NOK,AMD,reference,64.18
2000-02-21,PLZ,AMD,reference,128.66
2000-02-21,PTE,AMD,reference,2.611
2000-02-21,ROL,AMD,reference,0.02808
2000-02-21,RUB,AMD,reference,18.04
2000-02-21,SAR,AMD,reference,140.73
2000-02-21,SDR,AMD,reference,737.73
2000-02-21,SEK,AMD,reference,61.04
2000-02-21,SGD,AMD,reference,309.8
2000-02-21,SKK,AMD,reference,12.3
2000-02-21,SYP,AMD,reference,11.47
2000-02-21,TAD,AMD,reference,3.886
2000-02-21,TJS,AMD,reference,3.886
2000-02-21,TMM,AMD,reference,0.1015
2000-02-21,TMT,AMD,reference,0.1015
2000-02-21,TRL,AMD,reference,0.00938
2000-02-21,UAH,AMD,reference,94.43
2000-02-21,USD,AMD,reference,527.78
2000-02-21,USM,AMD,reference,36.84
2000-02-22,AED,AMD,reference,143.82
2000-02-22,ARP,AMD,reference,528.53
2000-02-22,ATS,AMD,reference,37.83
2000-02-22,AUD,AMD,reference,331.53
2000-02-22,BEF,AMD,reference,12.904
2000-02-22,BGL,AMD,reference,266.15
2000-02-22,BRC,AMD,reference,297.35
2000-02-22,BYR,AMD,reference,1.32
2000-02-22,CAD,AMD,reference,364
2000-02-22,CHF,AMD,reference,324.69
2000-02-22,CNY,AMD,reference,63.8
2000-02-22,CZK,AMD,reference,14.61
2000-02-22,DEM,AMD,reference,266.15
2000-02-22,DKK,AMD,reference,70.03
2000-02-22,EEK,AMD,reference,33.33
2000-02-22,EGP,AMD,reference,153.13
2000-02-22,ESP,AMD,reference,3.128
2000-02-22,EUR,AMD,reference,520.54
2000-02-22,FIM,AMD,reference,87.55
2000-02-22,FRF,AMD,reference,79.36
2000-02-22,GBP,AMD,reference,845.1
2000-02-22,GEL,AMD,reference,267.39
2000-02-22,GRD,AMD,reference,1.561
2000-02-22,HUF,AMD,reference,2.032
2000-02-22,IEP,AMD,reference,660.95
2000-02-22,ILS,AMD,reference,130.46
2000-02-22,INR,AMD,reference,12.11
2000-02-22,IRR,AMD,reference,0.3018
2000-02-22,ISK,AMD,reference,72.78
2000-02-22,ITL,AMD,reference,0.2688
2000-02-22,JPY,AMD,reference,4.776
2000-02-22,KGS,AMD,reference,11.32
2000-02-22,KRW,AMD,reference,0.4682
2000-02-22,KWD,AMD,reference,1724.48
2000-02-22,KZT,AMD,reference,37.75
2000-02-22,LBP,AMD,reference,0.3503
2000-02-22,LTL,AMD,reference,132.02
2000-02-22,LVL,AMD,reference,887.55
2000-02-22,MDL,AMD,reference,42.21
2000-02-22,MXN,AMD,reference,56.46
2000-02-22,NLG,AMD,reference,236.21
2000-02-22,NOK,AMD,reference,63.9
2000-02-22,PLZ,AMD,reference,128.4
2000-02-22,PTE,AMD,reference,2.596
2000-02-22,ROL,AMD,reference,0.0281
2000-02-22,RUB,AMD,reference,18.04
2000-02-22,SAR,AMD,reference,140.81
2000-02-22,SDR,AMD,reference,737.73
2000-02-22,SEK,AMD,reference,60.97
2000-02-22,SGD,AMD,reference,309.06
2000-02-22,SKK,AMD,reference,12.33
2000-02-22,SYP,AMD,reference,11.48
2000-02-22,TAD,AMD,reference,3.889
2000-02-22,TJS,AMD,reference,3.889
2000-02-22,TMM,AMD,reference,0.1016
2000-02-22,TMT,AMD,reference,0.1016
2000-02-22,TRL,AMD,reference,0.00935
2000-02-22,UAH,AMD,reference,94.73
2000-02-22,USD,AMD,reference,528.09
2000-02-22,USM,AMD,reference,36.86
2000-02-23,AED,AMD,reference,143.82
2000-02-23,ARP,AMD,reference,528.2
2000-02-23,ATS,AMD,reference,37.83
2000-02-23,AUD,AMD,reference,330.74
2000-02-23,BEF,AMD,reference,12.904
2000-02-23,BGL,AMD,reference,266.15
2000-02-23,BRC,AMD,reference,296.22
2000-02-23,BYR,AMD,reference,1.32
2000-02-23,CAD,AMD,reference,363.37
2000-02-23,CHF,AMD,reference,324.71
2000-02-23,CNY,AMD,reference,63.8
2000-02-23,CZK,AMD,reference,14.78
2000-02-23,DEM,AMD,reference,266.15
2000-02-23,DKK,AMD,reference,70.83
2000-02-23,EEK,AMD,reference,33.72
2000-02-23,EGP,AMD,reference,153.24
2000-02-23,ESP,AMD,reference,3.128
2000-02-23,EUR,AMD,reference,520.54
2000-02-23,FIM,AMD,reference,87.55
2000-02-23,FRF,AMD,reference,79.36
2000-02-23,GBP,AMD,reference,848.75
2000-02-23,GEL,AMD,reference,267.39
2000-02-23,GRD,AMD,reference,1.562
2000-02-23,HUF,AMD,reference,2.053
2000-02-23,IEP,AMD,reference,660.95
2000-02-23,ILS,AMD,reference,130.33
2000-02-23,INR,AMD,reference,12.11
2000-02-23,IRR,AMD,reference,0.3018
2000-02-23,ISK,AMD,reference,73.17
2000-02-23,ITL,AMD,reference,0.2688
2000-02-23,JPY,AMD,reference,4.75
2000-02-23,KGS,AMD,reference,11.32
2000-02-23,KRW,AMD,reference,0.4673
2000-02-23,KWD,AMD,reference,1724.11
2000-02-23,KZT,AMD,reference,37.75
2000-02-23,LBP,AMD,reference,0.3503
2000-02-23,LTL,AMD,reference,132.02
2000-02-23,LVL,AMD,reference,887.55
2000-02-23,MDL,AMD,reference,42.11
2000-02-23,MXN,AMD,reference,56.1
2000-02-23,NLG,AMD,reference,236.21
2000-02-23,NOK,AMD,reference,63.71
2000-02-23,PLZ,AMD,reference,129.19
2000-02-23,PTE,AMD,reference,2.596
2000-02-23,ROL,AMD,reference,0.02807
2000-02-23,RUB,AMD,reference,18.04
2000-02-23,SAR,AMD,reference,140.81
2000-02-23,SDR,AMD,reference,737.73
2000-02-23,SEK,AMD,reference,60.73
2000-02-23,SGD,AMD,reference,309.13
2000-02-23,SKK,AMD,reference,12.51
2000-02-23,SYP,AMD,reference,11.48
2000-02-23,TAD,AMD,reference,3.889
2000-02-23,TJS,AMD,reference,3.889
2000-02-23,TMM,AMD,reference,0.1016
2000-02-23,TMT,AMD,reference,0.1016
2000-02-23,TRL,AMD,reference,0.00934
2000-02-23,UAH,AMD,reference,94.88
2000-02-23,USD,AMD,reference,528.09
2000-02-23,USM,AMD,reference,36.74
2000-02-24,AED,AMD,reference,143.89
2000-02-24,ARP,AMD,reference,528.49
2000-02-24,ATS,AMD,reference,38.48
2000-02-24,AUD,AMD,reference,328.44
2000-02-24,BEF,AMD,reference,13.127
2000-02-24,BGL,AMD,reference,270.75
2000-02-24,BRC,AMD,reference,296.12
2000-02-24,BYR,AMD,reference,1.321
2000-02-24,CAD,AMD,reference,362.23
2000-02-24,CHF,AMD,reference,329.48
2000-02-24,CNY,AMD,reference,63.83
2000-02-24,CZK,AMD,reference,14.87
2000-02-24,DEM,AMD,reference,270.75
2000-02-24,DKK,AMD,reference,71.27
2000-02-24,EEK,AMD,reference,33.91
2000-02-24,EGP,AMD,reference,153.37
2000-02-24,ESP,AMD,reference,3.183
2000-02-24,EUR,AMD,reference,529.54
2000-02-24,FIM,AMD,reference,89.06
2000-02-24,FRF,AMD,reference,80.73
2000-02-24,GBP,AMD,reference,849.69
2000-02-24,GEL,AMD,reference,269.58
2000-02-24,GRD,AMD,reference,1.585
2000-02-24,HUF,AMD,reference,2.061
2000-02-24,IEP,AMD,reference,672.38
2000-02-24,ILS,AMD,reference,130.43
2000-02-24,INR,AMD,reference,12.12
2000-02-24,IRR,AMD,reference,0.3019
2000-02-24,ISK,AMD,reference,73.54
2000-02-24,ITL,AMD,reference,0.2735
2000-02-24,JPY,AMD,reference,4.779
2000-02-24,KGS,AMD,reference,11.32
2000-02-24,KRW,AMD,reference,0.4675
2000-02-24,KWD,AMD,reference,1728.07
2000-02-24,KZT,AMD,reference,37.71
2000-02-24,LBP,AMD,reference,0.3505
2000-02-24,LTL,AMD,reference,132.1
2000-02-24,LVL,AMD,reference,888.03
2000-02-24,MDL,AMD,reference,42.14
2000-02-24,MXN,AMD,reference,56.07
2000-02-24,NLG,AMD,reference,240.3
2000-02-24,NOK,AMD,reference,64.65
2000-02-24,PLZ,AMD,reference,128.92
2000-02-24,PTE,AMD,reference,2.641
2000-02-24,ROL,AMD,reference,0.02809
2000-02-24,RUB,AMD,reference,18.04
2000-02-24,SAR,AMD,reference,140.88
2000-02-24,SDR,AMD,reference,737.73
2000-02-24,SEK,AMD,reference,61.68
2000-02-24,SGD,AMD,reference,309.92
2000-02-24,SKK,AMD,reference,12.58
2000-02-24,SYP,AMD,reference,11.74
2000-02-24,TAD,AMD,reference,3.891
2000-02-24,TJS,AMD,reference,3.891
2000-02-24,TMM,AMD,reference,0.1016
2000-02-24,TMT,AMD,reference,0.1016
2000-02-24,TRL,AMD,reference,0.00941
2000-02-24,UAH,AMD,reference,95.18
2000-02-24,USD,AMD,reference,528.38
2000-02-24,USM,AMD,reference,36.76
2000-02-25,AED,AMD,reference,144
2000-02-25,ARP,AMD,reference,528.89
2000-02-25,ATS,AMD,reference,38.69
2000-02-25,AUD,AMD,reference,328.58
2000-02-25,BEF,AMD,reference,13.197
2000-02-25,BGL,AMD,reference,272.2
2000-02-25,BRC,AMD,reference,295.59
2000-02-25,BYR,AMD,reference,1.309
2000-02-25,CAD,AMD,reference,361.09
2000-02-25,CHF,AMD,reference,330.57
2000-02-25,CNY,AMD,reference,63.88
2000-02-25,CZK,AMD,reference,14.8
2000-02-25,DEM,AMD,reference,272.2
2000-02-25,DKK,AMD,reference,70.85
2000-02-25,EEK,AMD,reference,33.94
2000-02-25,EGP,AMD,reference,153.51
2000-02-25,ESP,AMD,reference,3.2
2000-02-25,EUR,AMD,reference,532.38
2000-02-25,FIM,AMD,reference,89.54
2000-02-25,FRF,AMD,reference,81.16
2000-02-25,GBP,AMD,reference,846.26
2000-02-25,GEL,AMD,reference,269.79
2000-02-25,GRD,AMD,reference,1.592
2000-02-25,HUF,AMD,reference,2.056
2000-02-25,IEP,AMD,reference,675.98
2000-02-25,ILS,AMD,reference,130.69
2000-02-25,INR,AMD,reference,12.13
2000-02-25,IRR,AMD,reference,0.3022
2000-02-25,ISK,AMD,reference,73.19
2000-02-25,ITL,AMD,reference,0.2749
2000-02-25,JPY,AMD,reference,4.762
2000-02-25,KGS,AMD,reference,11.33
2000-02-25,KRW,AMD,reference,0.4675
2000-02-25,KWD,AMD,reference,1728.9
2000-02-25,KZT,AMD,reference,37.74
2000-02-25,LBP,AMD,reference,0.3508
2000-02-25,LTL,AMD,reference,132.2
2000-02-25,LVL,AMD,reference,893.21
2000-02-25,MDL,AMD,reference,42.18
2000-02-25,MXN,AMD,reference,56.22
2000-02-25,NLG,AMD,reference,241.58
2000-02-25,NOK,AMD,reference,64.96
2000-02-25,PLZ,AMD,reference,129.7
2000-02-25,PTE,AMD,reference,2.655
2000-02-25,ROL,AMD,reference,0.02805
2000-02-25,RUB,AMD,reference,18.04
2000-02-25,SAR,AMD,reference,140.99
2000-02-25,SDR,AMD,reference,737.73
2000-02-25,SEK,AMD,reference,61.95
2000-02-25,SGD,AMD,reference,309.01
2000-02-25,SKK,AMD,reference,12.52
2000-02-25,SYP,AMD,reference,11.5
2000-02-25,TAD,AMD,reference,3.894
2000-02-25,TJS,AMD,reference,3.894
2000-02-25,TMM,AMD,reference,0.1017
2000-02-25,TMT,AMD,reference,0.1017
2000-02-25,TRL,AMD,reference,0.00943
2000-02-25,UAH,AMD,reference,95.54
2000-02-25,USD,AMD,reference,528.78
2000-02-25,USM,AMD,reference,36.79
2000-02-28,AED,AMD,reference,144
2000-02-28,ARP,AMD,reference,528.89
2000-02-28,ATS,AMD,reference,38.04
2000-02-28,AUD,AMD,reference,326.68
2000-02-28,BEF,AMD,reference,12.974
2000-02-28,BGL,AMD,reference,267.6
2000-02-28,BRC,AMD,reference,297.38
2000-02-28,BYR,AMD,reference,1.296
2000-02-28,CAD,AMD,reference,362.7
2000-02-28,CHF,AMD,reference,325.06
2000-02-28,CNY,AMD,reference,63.87
2000-02-28,CZK,AMD,reference,14.69
2000-02-28,DEM,AMD,reference,267.6
2000-02-28,DKK,AMD,reference,70.1
2000-02-28,EEK,AMD,reference,33.4
2000-02-28,EGP,AMD,reference,153.51
2000-02-28,ESP,AMD,reference,3.146
2000-02-28,EUR,AMD,reference,523.39
2000-02-28,FIM,AMD,reference,88.03
2000-02-28,FRF,AMD,reference,79.79
2000-02-28,GBP,AMD,reference,843.88
2000-02-28,GEL,AMD,reference,268.4
2000-02-28,GRD,AMD,reference,1.575
2000-02-28,HUF,AMD,reference,2.034
2000-02-28,IEP,AMD,reference,664.56
2000-02-28,ILS,AMD,reference,130.82
2000-02-28,INR,AMD,reference,12.12
2000-02-28,IRR,AMD,reference,0.3022
2000-02-28,ISK,AMD,reference,72.76
2000-02-28,ITL,AMD,reference,0.2703
2000-02-28,JPY,AMD,reference,4.771
2000-02-28,KGS,AMD,reference,11.33
2000-02-28,KRW,AMD,reference,0.4661
2000-02-28,KWD,AMD,reference,1726.2
2000-02-28,KZT,AMD,reference,37.74
2000-02-28,LBP,AMD,reference,0.3508
2000-02-28,LTL,AMD,reference,132.2
2000-02-28,LVL,AMD,reference,891.7
2000-02-28,MDL,AMD,reference,42.23
2000-02-28,MXN,AMD,reference,56.36
2000-02-28,NLG,AMD,reference,237.5
2000-02-28,NOK,AMD,reference,64.24
2000-02-28,PLZ,AMD,reference,128.16
2000-02-28,PTE,AMD,reference,2.611
2000-02-28,ROL,AMD,reference,0.02803
2000-02-28,RUB,AMD,reference,18.04
2000-02-28,SAR,AMD,reference,140.99
2000-02-28,SDR,AMD,reference,737.73
2000-02-28,SEK,AMD,reference,61.16
2000-02-28,SGD,AMD,reference,309.53
2000-02-28,SKK,AMD,reference,12.41
2000-02-28,SYP,AMD,reference,11.5
2000-02-28,TAD,AMD,reference,3.894
2000-02-28,TJS,AMD,reference,3.894
2000-02-28,TMM,AMD,reference,0.1017
2000-02-28,TMT,AMD,reference,0.1017
2000-02-28,TRL,AMD,reference,0.00936
2000-02-28,UAH,AMD,reference,95.82
2000-02-28,USD,AMD,reference,528.78
2000-02-28,USM,AMD,reference,36.79
2000-02-29,AED,AMD,reference,143.75
2000-02-29,ARP,AMD,reference,528.17
2000-02-29,ATS,AMD,reference,37.64
2000-02-29,AUD,AMD,reference,323.88
2000-02-29,BEF,AMD,reference,12.84
2000-02-29,BGL,AMD,reference,264.83
2000-02-29,BRC,AMD,reference,297.66
2000-02-29,BYR,AMD,reference,1.294
2000-02-29,CAD,AMD,reference,363.93
2000-02-29,CHF,AMD,reference,322.06
2000-02-29,CNY,AMD,reference,63.76
2000-02-29,CZK,AMD,reference,14.39
2000-02-29,DEM,AMD,reference,264.83
2000-02-29,DKK,AMD,reference,68.58
2000-02-29,EEK,AMD,reference,32.73
2000-02-29,EGP,AMD,reference,153.25
2000-02-29,ESP,AMD,reference,3.113
2000-02-29,EUR,AMD,reference,517.97
2000-02-29,FIM,AMD,reference,87.12
2000-02-29,FRF,AMD,reference,78.96
2000-02-29,GBP,AMD,reference,838.53
2000-02-29,GEL,AMD,reference,267.94
2000-02-29,GRD,AMD,reference,1.561
2000-02-29,HUF,AMD,reference,1.998
2000-02-29,IEP,AMD,reference,657.69
2000-02-29,ILS,AMD,reference,130.59
2000-02-29,INR,AMD,reference,12.1
2000-02-29,IRR,AMD,reference,0.3016
2000-02-29,ISK,AMD,reference,71.93
2000-02-29,ITL,AMD,reference,0.2675
2000-02-29,JPY,AMD,reference,4.835
2000-02-29,KGS,AMD,reference,11.31
2000-02-29,KRW,AMD,reference,0.4634
2000-02-29,KWD,AMD,reference,1723.13
2000-02-29,KZT,AMD,reference,37.68
2000-02-29,LBP,AMD,reference,0.3501
2000-02-29,LTL,AMD,reference,131.96
2000-02-29,LVL,AMD,reference,887.13
2000-02-29,MDL,AMD,reference,42.17
2000-02-29,MXN,AMD,reference,56.3
2000-02-29,NLG,AMD,reference,235.04
2000-02-29,NOK,AMD,reference,63.73
2000-02-29,PLZ,AMD,reference,126.59
2000-02-29,PTE,AMD,reference,2.584
2000-02-29,ROL,AMD,reference,0.02796
2000-02-29,RUB,AMD,reference,18.47
2000-02-29,SAR,AMD,reference,140.74
2000-02-29,SDR,AMD,reference,737.73
2000-02-29,SEK,AMD,reference,60.76
2000-02-29,SGD,AMD,reference,308.86
2000-02-29,SKK,AMD,reference,12.18
2000-02-29,SYP,AMD,reference,11.47
2000-02-29,TAD,AMD,reference,3.887
2000-02-29,TJS,AMD,reference,3.887
2000-02-29,TMM,AMD,reference,0.1015
2000-02-29,TMT,AMD,reference,0.1015
2000-02-29,TRL,AMD,reference,0.0093
2000-02-29,UAH,AMD,reference,96
2000-02-29,USD,AMD,reference,527.84
2000-02-29,USM,AMD,reference,36.61
2000-03-01,AED,AMD,reference,143.67
2000-03-01,ARP,AMD,reference,527.67
2000-03-01,ATS,AMD,reference,36.96
2000-03-01,AUD,AMD,reference,323.97
2000-03-01,BEF,AMD,reference,12.606
2000-03-01,BGL,AMD,reference,260
2000-03-01,BRC,AMD,reference,296.65
2000-03-01,BYR,AMD,reference,1.293
2000-03-01,CAD,AMD,reference,362.78
2000-03-01,CHF,AMD,reference,316.56
2000-03-01,CNY,AMD,reference,63.73
2000-03-01,CZK,AMD,reference,14.41
2000-03-01,DEM,AMD,reference,260
2000-03-01,DKK,AMD,reference,68.99
2000-03-01,EEK,AMD,reference,32.71
2000-03-01,EGP,AMD,reference,153.07
2000-03-01,ESP,AMD,reference,3.056
2000-03-01,EUR,AMD,reference,508.52
2000-03-01,FIM,AMD,reference,85.53
2000-03-01,FRF,AMD,reference,77.52
2000-03-01,GBP,AMD,reference,840.3
2000-03-01,GEL,AMD,reference,270.54
2000-03-01,GRD,AMD,reference,1.53
2000-03-01,HUF,AMD,reference,2.007
2000-03-01,IEP,AMD,reference,645.68
2000-03-01,ILS,AMD,reference,130.58
2000-03-01,INR,AMD,reference,12.1
2000-03-01,IRR,AMD,reference,0.3015
2000-03-01,ISK,AMD,reference,72.13
2000-03-01,ITL,AMD,reference,0.2626
2000-03-01,JPY,AMD,reference,4.785
2000-03-01,KGS,AMD,reference,11.3
2000-03-01,KRW,AMD,reference,0.4624
2000-03-01,KWD,AMD,reference,1719.21
2000-03-01,KZT,AMD,reference,37.66
2000-03-01,LBP,AMD,reference,0.35
2000-03-01,LTL,AMD,reference,131.89
2000-03-01,LVL,AMD,reference,882.21
2000-03-01,MDL,AMD,reference,42.15
2000-03-01,MXN,AMD,reference,56.12
2000-03-01,NLG,AMD,reference,230.75
2000-03-01,NOK,AMD,reference,63.07
2000-03-01,PLZ,AMD,reference,127.03
2000-03-01,PTE,AMD,reference,2.536
2000-03-01,ROL,AMD,reference,0.02793
2000-03-01,RUB,AMD,reference,18.34
2000-03-01,SAR,AMD,reference,140.66
2000-03-01,SDR,AMD,reference,737.73
2000-03-01,SEK,AMD,reference,60.42
2000-03-01,SGD,AMD,reference,308.69
2000-03-01,SKK,AMD,reference,12.28
2000-03-01,SYP,AMD,reference,11.72
2000-03-01,TAD,AMD,reference,3.885
2000-03-01,TJS,AMD,reference,3.885
2000-03-01,TMM,AMD,reference,0.1015
2000-03-01,TMT,AMD,reference,0.1015
2000-03-01,TRL,AMD,reference,0.00921
2000-03-01,UAH,AMD,reference,95.96
2000-03-01,USD,AMD,reference,527.56
2000-03-01,USM,AMD,reference,36.59
2000-03-02,AED,AMD,reference,143.55
2000-03-02,ARP,AMD,reference,527.24
2000-03-02,ATS,AMD,reference,37.21
2000-03-02,AUD,AMD,reference,319.6
2000-03-02,BEF,AMD,reference,12.693
2000-03-02,BGL,AMD,reference,261.81
2000-03-02,BRC,AMD,reference,298.13
2000-03-02,BYR,AMD,reference,1.279
2000-03-02,CAD,AMD,reference,363.84
2000-03-02,CHF,AMD,reference,318.7
2000-03-02,CNY,AMD,reference,63.67
2000-03-02,CZK,AMD,reference,14.31
2000-03-02,DEM,AMD,reference,261.81
2000-03-02,DKK,AMD,reference,68.58
2000-03-02,EEK,AMD,reference,32.89
2000-03-02,EGP,AMD,reference,152.95
2000-03-02,ESP,AMD,reference,3.078
2000-03-02,EUR,AMD,reference,512.05
2000-03-02,FIM,AMD,reference,86.12
2000-03-02,FRF,AMD,reference,78.06
2000-03-02,GBP,AMD,reference,835.92
2000-03-02,GEL,AMD,reference,270.32
2000-03-02,GRD,AMD,reference,1.54
2000-03-02,HUF,AMD,reference,1.989
2000-03-02,IEP,AMD,reference,650.17
2000-03-02,ILS,AMD,reference,130.74
2000-03-02,INR,AMD,reference,12.09
2000-03-02,IRR,AMD,reference,0.3012
2000-03-02,ISK,AMD,reference,71.99
2000-03-02,ITL,AMD,reference,0.2645
2000-03-02,JPY,AMD,reference,4.831
2000-03-02,KGS,AMD,reference,11.29
2000-03-02,KRW,AMD,reference,0.462
2000-03-02,KWD,AMD,reference,1718.55
2000-03-02,KZT,AMD,reference,37.52
2000-03-02,LBP,AMD,reference,0.3497
2000-03-02,LTL,AMD,reference,131.78
2000-03-02,LVL,AMD,reference,881.49
2000-03-02,MDL,AMD,reference,42.09
2000-03-02,MXN,AMD,reference,56.29
2000-03-02,NLG,AMD,reference,232.36
2000-03-02,NOK,AMD,reference,63.37
2000-03-02,PLZ,AMD,reference,126.69
2000-03-02,PTE,AMD,reference,2.554
2000-03-02,ROL,AMD,reference,0.02787
2000-03-02,RUB,AMD,reference,18.19
2000-03-02,SAR,AMD,reference,140.55
2000-03-02,SDR,AMD,reference,737.73
2000-03-02,SEK,AMD,reference,60.73
2000-03-02,SGD,AMD,reference,306.63
2000-03-02,SKK,AMD,reference,12.21
2000-03-02,SYP,AMD,reference,11.46
2000-03-02,TAD,AMD,reference,3.882
2000-03-02,TJS,AMD,reference,3.882
2000-03-02,TMM,AMD,reference,0.1014
2000-03-02,TMT,AMD,reference,0.1014
2000-03-02,TRL,AMD,reference,0.00921
2000-03-02,UAH,AMD,reference,95.89
2000-03-02,USD,AMD,reference,527.13
2000-03-02,USM,AMD,reference,36.56
2000-03-03,AED,AMD,reference,143.45
2000-03-03,ARP,AMD,reference,526.84
2000-03-03,ATS,AMD,reference,37
2000-03-03,AUD,AMD,reference,319.88
2000-03-03,BEF,AMD,reference,12.622
2000-03-03,BGL,AMD,reference,260.35
2000-03-03,BRC,AMD,reference,297.92
2000-03-03,BYR,AMD,reference,1.269
2000-03-03,CAD,AMD,reference,363.94
2000-03-03,CHF,AMD,reference,316.94
2000-03-03,CNY,AMD,reference,63.62
2000-03-03,CZK,AMD,reference,14.34
2000-03-03,DEM,AMD,reference,260.34
2000-03-03,DKK,AMD,reference,68.72
2000-03-03,EEK,AMD,reference,32.7
2000-03-03,EGP,AMD,reference,152.72
2000-03-03,ESP,AMD,reference,3.06
2000-03-03,EUR,AMD,reference,509.19
2000-03-03,FIM,AMD,reference,85.64
2000-03-03,FRF,AMD,reference,77.63
2000-03-03,GBP,AMD,reference,834.08
2000-03-03,GEL,AMD,reference,267.38
2000-03-03,GRD,AMD,reference,1.531
2000-03-03,HUF,AMD,reference,1.994
2000-03-03,IEP,AMD,reference,646.54
2000-03-03,ILS,AMD,reference,130.7
2000-03-03,INR,AMD,reference,12.08
2000-03-03,IRR,AMD,reference,0.301
2000-03-03,ISK,AMD,reference,71.92
2000-03-03,ITL,AMD,reference,0.263
2000-03-03,JPY,AMD,reference,4.907
2000-03-03,KGS,AMD,reference,11.29
2000-03-03,KRW,AMD,reference,0.4616
2000-03-03,KWD,AMD,reference,1717.14
2000-03-03,KZT,AMD,reference,37.49
2000-03-03,LBP,AMD,reference,0.3494
2000-03-03,LTL,AMD,reference,131.68
2000-03-03,LVL,AMD,reference,880.82
2000-03-03,MDL,AMD,reference,42.03
2000-03-03,MXN,AMD,reference,56.27
2000-03-03,NLG,AMD,reference,231.06
2000-03-03,NOK,AMD,reference,63
2000-03-03,PLZ,AMD,reference,127.7
2000-03-03,PTE,AMD,reference,2.54
2000-03-03,ROL,AMD,reference,0.02779
2000-03-03,RUB,AMD,reference,18.44
2000-03-03,SAR,AMD,reference,140.44
2000-03-03,SDR,AMD,reference,737.73
2000-03-03,SEK,AMD,reference,60.44
2000-03-03,SGD,AMD,reference,307.01
2000-03-03,SKK,AMD,reference,12.23
2000-03-03,SYP,AMD,reference,11.71
2000-03-03,TAD,AMD,reference,3.879
2000-03-03,TJS,AMD,reference,3.879
2000-03-03,TMM,AMD,reference,0.1013
2000-03-03,TMT,AMD,reference,0.1013
2000-03-03,TRL,AMD,reference,0.00918
2000-03-03,UAH,AMD,reference,95.66
2000-03-03,USD,AMD,reference,526.73
2000-03-03,USM,AMD,reference,36.53
2000-03-06,AED,AMD,reference,143.12
2000-03-06,ARP,AMD,reference,525.63
2000-03-06,ATS,AMD,reference,37.14
2000-03-06,AUD,AMD,reference,320.09
2000-03-06,BEF,AMD,reference,12.669
2000-03-06,BGL,AMD,reference,261.3
2000-03-06,BRC,AMD,reference,298.86
2000-03-06,BYR,AMD,reference,1.266
2000-03-06,CAD,AMD,reference,361.51
2000-03-06,CHF,AMD,reference,317.93
2000-03-06,CNY,AMD,reference,63.48
2000-03-06,CZK,AMD,reference,14.22
2000-03-06,DEM,AMD,reference,261.31
2000-03-06,DKK,AMD,reference,67.99
2000-03-06,EEK,AMD,reference,32.42
2000-03-06,EGP,AMD,reference,152.37
2000-03-06,ESP,AMD,reference,3.072
2000-03-06,EUR,AMD,reference,511.07
2000-03-06,FIM,AMD,reference,85.96
2000-03-06,FRF,AMD,reference,77.91
2000-03-06,GBP,AMD,reference,830.16
2000-03-06,GEL,AMD,reference,266.76
2000-03-06,GRD,AMD,reference,1.529
2000-03-06,HUF,AMD,reference,1.977
2000-03-06,IEP,AMD,reference,648.92
2000-03-06,ILS,AMD,reference,130.63
2000-03-06,INR,AMD,reference,12.05
2000-03-06,IRR,AMD,reference,0.3003
2000-03-06,ISK,AMD,reference,71.57
2000-03-06,ITL,AMD,reference,0.2639
2000-03-06,JPY,AMD,reference,4.882
2000-03-06,KGS,AMD,reference,11.26
2000-03-06,KRW,AMD,reference,0.4643
2000-03-06,KWD,AMD,reference,1715.14
2000-03-06,KZT,AMD,reference,37.4
2000-03-06,LBP,AMD,reference,0.3486
2000-03-06,LTL,AMD,reference,131.38
2000-03-06,LVL,AMD,reference,883.23
2000-03-06,MDL,AMD,reference,41.95
2000-03-06,MXN,AMD,reference,56.25
2000-03-06,NLG,AMD,reference,231.91
2000-03-06,NOK,AMD,reference,63.33
2000-03-06,PLZ,AMD,reference,127.39
2000-03-06,PTE,AMD,reference,2.549
2000-03-06,ROL,AMD,reference,0.02771
2000-03-06,RUB,AMD,reference,18.38
2000-03-06,SAR,AMD,reference,140.12
2000-03-06,SDR,AMD,reference,706.96
2000-03-06,SEK,AMD,reference,60.54
2000-03-06,SGD,AMD,reference,305.5
2000-03-06,SKK,AMD,reference,12.14
2000-03-06,SYP,AMD,reference,11.68
2000-03-06,TAD,AMD,reference,3.87
2000-03-06,TJS,AMD,reference,3.87
2000-03-06,TMM,AMD,reference,0.1011
2000-03-06,TMT,AMD,reference,0.1011
2000-03-06,TRL,AMD,reference,0.00918
2000-03-06,UAH,AMD,reference,95.33
2000-03-06,USD,AMD,reference,525.52
2000-03-06,USM,AMD,reference,36.45
2000-03-07,AED,AMD,reference,143.12
2000-03-07,ARP,AMD,reference,525.85
2000-03-07,ATS,AMD,reference,36.89
2000-03-07,AUD,AMD,reference,318.31
2000-03-07,BEF,AMD,reference,12.583
2000-03-07,BGL,AMD,reference,261.3
2000-03-07,BRC,AMD,reference,301.5
2000-03-07,BYR,AMD,reference,1.263
2000-03-07,CAD,AMD,reference,362.25
2000-03-07,CHF,AMD,reference,316.01
2000-03-07,CNY,AMD,reference,63.48
2000-03-07,CZK,AMD,reference,14.28
2000-03-07,DEM,AMD,reference,259.53
2000-03-07,DKK,AMD,reference,68.14
2000-03-07,EEK,AMD,reference,32.42
2000-03-07,EGP,AMD,reference,152.41
2000-03-07,ESP,AMD,reference,3.051
2000-03-07,EUR,AMD,reference,507.6
2000-03-07,FIM,AMD,reference,85.37
2000-03-07,FRF,AMD,reference,77.38
2000-03-07,GBP,AMD,reference,829.43
2000-03-07,GEL,AMD,reference,266.76
2000-03-07,GRD,AMD,reference,1.521
2000-03-07,HUF,AMD,reference,1.974
2000-03-07,IEP,AMD,reference,644.52
2000-03-07,ILS,AMD,reference,130.63
2000-03-07,INR,AMD,reference,12.06
2000-03-07,IRR,AMD,reference,0.3003
2000-03-07,ISK,AMD,reference,71.43
2000-03-07,ITL,AMD,reference,0.2622
2000-03-07,JPY,AMD,reference,4.885
2000-03-07,KGS,AMD,reference,11.26
2000-03-07,KRW,AMD,reference,0.4681
2000-03-07,KWD,AMD,reference,1713.93
2000-03-07,KZT,AMD,reference,37.32
2000-03-07,LBP,AMD,reference,0.3486
2000-03-07,LTL,AMD,reference,131.38
2000-03-07,LVL,AMD,reference,881.75
2000-03-07,MDL,AMD,reference,41.83
2000-03-07,MXN,AMD,reference,56.4
2000-03-07,NLG,AMD,reference,230.34
2000-03-07,NOK,AMD,reference,62.79
2000-03-07,PLZ,AMD,reference,127.8
2000-03-07,PTE,AMD,reference,2.532
2000-03-07,ROL,AMD,reference,0.02765
2000-03-07,RUB,AMD,reference,18.23
2000-03-07,SAR,AMD,reference,140.12
2000-03-07,SDR,AMD,reference,706.96
2000-03-07,SEK,AMD,reference,59.93
2000-03-07,SGD,AMD,reference,304.68
2000-03-07,SKK,AMD,reference,12.18
2000-03-07,SYP,AMD,reference,11.68
2000-03-07,TAD,AMD,reference,3.87
2000-03-07,TJS,AMD,reference,3.87
2000-03-07,TMM,AMD,reference,0.1011
2000-03-07,TMT,AMD,reference,0.1011
2000-03-07,TRL,AMD,reference,0.00915
2000-03-07,UAH,AMD,reference,95.14
2000-03-07,USD,AMD,reference,525.52
2000-03-07,USM,AMD,reference,36.45
2000-03-08,AED,AMD,reference,143.12
2000-03-08,BGL,AMD,reference,261.3
2000-03-08,BRC,AMD,reference,301.5
2000-03-08,BYR,AMD,reference,1.263
2000-03-08,CAD,AMD,reference,362.25
2000-03-08,CHF,AMD,reference,316.01
2000-03-08,CNY,AMD,reference,63.48
2000-03-08,CZK,AMD,reference,14.28
2000-03-08,EEK,AMD,reference,32.42
2000-03-08,EUR,AMD,reference,507.6
2000-03-08,FIM,AMD,reference,85.37
2000-03-08,FRF,AMD,reference,77.38
2000-03-08,GEL,AMD,reference,266.76
2000-03-08,GRD,AMD,reference,1.521
2000-03-08,HUF,AMD,reference,1.974
2000-03-08,INR,AMD,reference,12.06
2000-03-08,ISK,AMD,reference,71.43
2000-03-08,JPY,AMD,reference,4.885
2000-03-08,KGS,AMD,reference,11.26
2000-03-08,KRW,AMD,reference,0.4681
2000-03-08,KWD,AMD,reference,1713.93
2000-03-08,KZT,AMD,reference,37.32
2000-03-08,LBP,AMD,reference,0.3486
2000-03-08,LTL,AMD,reference,131.38
2000-03-08,LVL,AMD,reference,881.75
2000-03-08,MDL,AMD,reference,41.83
2000-03-08,MXN,AMD,reference,56.4
2000-03-08,NLG,AMD,reference,230.34
2000-03-08,NOK,AMD,reference,62.79
2000-03-08,PLZ,AMD,reference,127.8
2000-03-08,PTE,AMD,reference,2.532
2000-03-08,ROL,AMD,reference,0.02765
2000-03-08,RUB,AMD,reference,18.23
2000-03-08,SAR,AMD,reference,140.12
2000-03-08,SEK,AMD,reference,59.93
2000-03-08,SGD,AMD,reference,304.68
2000-03-08,SKK,AMD,reference,12.18
2000-03-08,SYP,AMD,reference,11.68
2000-03-08,TAD,AMD,reference,3.87
2000-03-08,TJS,AMD,reference,3.87
2000-03-08,TMM,AMD,reference,0.1011
2000-03-08,TMT,AMD,reference,0.1011
2000-03-08,UAH,AMD,reference,95.14
2000-03-08,USD,AMD,reference,525.52
2000-03-08,USM,AMD,reference,36.45
2000-03-09,AED,AMD,reference,143.27
2000-03-09,ARP,AMD,reference,526.2
2000-03-09,ATS,AMD,reference,36.68
2000-03-09,AUD,AMD,reference,319.55
2000-03-09,BEF,AMD,reference,12.511
2000-03-09,BGL,AMD,reference,258.04
2000-03-09,BRC,AMD,reference,301.41
2000-03-09,BYR,AMD,reference,1.259
2000-03-09,CAD,AMD,reference,362.15
2000-03-09,CHF,AMD,reference,313.8
2000-03-09,CNY,AMD,reference,63.55
2000-03-09,CZK,AMD,reference,14.19
2000-03-09,DEM,AMD,reference,258.04
2000-03-09,DKK,AMD,reference,67.68
2000-03-09,EEK,AMD,reference,32.25
2000-03-09,EGP,AMD,reference,152.43
2000-03-09,ESP,AMD,reference,3.033
2000-03-09,EUR,AMD,reference,504.68
2000-03-09,FIM,AMD,reference,84.88
2000-03-09,FRF,AMD,reference,76.94
2000-03-09,GBP,AMD,reference,829.91
2000-03-09,GEL,AMD,reference,268.41
2000-03-09,GRD,AMD,reference,1.514
2000-03-09,HUF,AMD,reference,1.967
2000-03-09,IEP,AMD,reference,640.81
2000-03-09,ILS,AMD,reference,131.56
2000-03-09,INR,AMD,reference,12.07
2000-03-09,IRR,AMD,reference,0.3006
2000-03-09,ISK,AMD,reference,70.83
2000-03-09,ITL,AMD,reference,0.2606
2000-03-09,JPY,AMD,reference,4.914
2000-03-09,KGS,AMD,reference,11.27
2000-03-09,KRW,AMD,reference,0.4693
2000-03-09,KWD,AMD,reference,1714.32
2000-03-09,KZT,AMD,reference,37.36
2000-03-09,LBP,AMD,reference,0.349
2000-03-09,LTL,AMD,reference,131.52
2000-03-09,LVL,AMD,reference,879.75
2000-03-09,MDL,AMD,reference,41.85
2000-03-09,MXN,AMD,reference,56.68
2000-03-09,NLG,AMD,reference,229.01
2000-03-09,NOK,AMD,reference,62.43
2000-03-09,PLZ,AMD,reference,127.35
2000-03-09,PTE,AMD,reference,2.517
2000-03-09,ROL,AMD,reference,0.02758
2000-03-09,RUB,AMD,reference,18.23
2000-03-09,SAR,AMD,reference,140.29
2000-03-09,SDR,AMD,reference,706.96
2000-03-09,SEK,AMD,reference,59.83
2000-03-09,SGD,AMD,reference,305.89
2000-03-09,SKK,AMD,reference,12.14
2000-03-09,SYP,AMD,reference,11.44
2000-03-09,TAD,AMD,reference,3.874
2000-03-09,TJS,AMD,reference,3.874
2000-03-09,TMM,AMD,reference,0.1012
2000-03-09,TMT,AMD,reference,0.1012
2000-03-09,TRL,AMD,reference,0.0091
2000-03-09,UAH,AMD,reference,95.65
2000-03-09,USD,AMD,reference,526.09
2000-03-09,USM,AMD,reference,36.49
2000-03-10,AED,AMD,reference,143.66
2000-03-10,ARP,AMD,reference,527.64
2000-03-10,ATS,AMD,reference,36.59
2000-03-10,AUD,AMD,reference,323.27
2000-03-10,BEF,AMD,reference,12.48
2000-03-10,BGL,AMD,reference,257.4
2000-03-10,BRC,AMD,reference,300.95
2000-03-10,BYR,AMD,reference,1.259
2000-03-10,CAD,AMD,reference,361.59
2000-03-10,CHF,AMD,reference,313.44
2000-03-10,CNY,AMD,reference,63.72
2000-03-10,CZK,AMD,reference,14.28
2000-03-10,DEM,AMD,reference,257.4
2000-03-10,DKK,AMD,reference,68.14
2000-03-10,EEK,AMD,reference,32.41
2000-03-10,EGP,AMD,reference,152.75
2000-03-10,ESP,AMD,reference,3.026
2000-03-10,EUR,AMD,reference,503.42
2000-03-10,FIM,AMD,reference,84.67
2000-03-10,FRF,AMD,reference,76.75
2000-03-10,GBP,AMD,reference,833.5
2000-03-10,GEL,AMD,reference,269.15
2000-03-10,GRD,AMD,reference,1.512
2000-03-10,HUF,AMD,reference,1.975
2000-03-10,IEP,AMD,reference,639.21
2000-03-10,ILS,AMD,reference,131.46
2000-03-10,INR,AMD,reference,12.11
2000-03-10,IRR,AMD,reference,0.3014
2000-03-10,ISK,AMD,reference,71.45
2000-03-10,ITL,AMD,reference,0.26
2000-03-10,JPY,AMD,reference,4.946
2000-03-10,KGS,AMD,reference,11.3
2000-03-10,KRW,AMD,reference,0.471
2000-03-10,KWD,AMD,reference,1719.12
2000-03-10,KZT,AMD,reference,37.41
2000-03-10,LBP,AMD,reference,0.3499
2000-03-10,LTL,AMD,reference,131.88
2000-03-10,LVL,AMD,reference,883.63
2000-03-10,MDL,AMD,reference,41.96
2000-03-10,MXN,AMD,reference,56.88
2000-03-10,NLG,AMD,reference,228.44
2000-03-10,NOK,AMD,reference,62.27
2000-03-10,PLZ,AMD,reference,127.9
2000-03-10,PTE,AMD,reference,2.511
2000-03-10,ROL,AMD,reference,0.02764
2000-03-10,RUB,AMD,reference,18.23
2000-03-10,SAR,AMD,reference,140.67
2000-03-10,SDR,AMD,reference,706.96
2000-03-10,SEK,AMD,reference,59.71
2000-03-10,SGD,AMD,reference,308.6
2000-03-10,SKK,AMD,reference,12.21
2000-03-10,SYP,AMD,reference,11.47
2000-03-10,TAD,AMD,reference,3.885
2000-03-10,TJS,AMD,reference,3.885
2000-03-10,TMM,AMD,reference,0.1014
2000-03-10,TMT,AMD,reference,0.1014
2000-03-10,TRL,AMD,reference,0.00911
2000-03-10,UAH,AMD,reference,95.92
2000-03-10,USD,AMD,reference,527.53
2000-03-10,USM,AMD,reference,36.4
2000-03-13,AED,AMD,reference,143.66
2000-03-13,ARP,AMD,reference,527.57
2000-03-13,ATS,AMD,reference,36.86
2000-03-13,AUD,AMD,reference,324.59
2000-03-13,BEF,AMD,reference,12.575
2000-03-13,BGL,AMD,reference,259.36
2000-03-13,BRC,AMD,reference,304.22
2000-03-13,BYR,AMD,reference,1.256
2000-03-13,CAD,AMD,reference,362.04
2000-03-13,CHF,AMD,reference,315.84
2000-03-13,CNY,AMD,reference,63.72
2000-03-13,CZK,AMD,reference,14.35
2000-03-13,DEM,AMD,reference,259.36
2000-03-13,DKK,AMD,reference,68.5
2000-03-13,EEK,AMD,reference,32.61
2000-03-13,EGP,AMD,reference,152.75
2000-03-13,ESP,AMD,reference,3.049
2000-03-13,EUR,AMD,reference,507.27
2000-03-13,FIM,AMD,reference,85.32
2000-03-13,FRF,AMD,reference,77.33
2000-03-13,GBP,AMD,reference,834.82
2000-03-13,GEL,AMD,reference,269.15
2000-03-13,GRD,AMD,reference,1.521
2000-03-13,HUF,AMD,reference,1.985
2000-03-13,IEP,AMD,reference,644.1
2000-03-13,ILS,AMD,reference,132.81
2000-03-13,INR,AMD,reference,12.1
2000-03-13,IRR,AMD,reference,0.3014
2000-03-13,ISK,AMD,reference,71.73
2000-03-13,ITL,AMD,reference,0.262
2000-03-13,JPY,AMD,reference,4.964
2000-03-13,KGS,AMD,reference,11.3
2000-03-13,KRW,AMD,reference,0.4721
2000-03-13,KWD,AMD,reference,1721.54
2000-03-13,KZT,AMD,reference,37.41
2000-03-13,LBP,AMD,reference,0.3499
2000-03-13,LTL,AMD,reference,131.88
2000-03-13,LVL,AMD,reference,885.12
2000-03-13,MDL,AMD,reference,41.73
2000-03-13,MXN,AMD,reference,56.77
2000-03-13,NLG,AMD,reference,230.19
2000-03-13,NOK,AMD,reference,62.49
2000-03-13,PLZ,AMD,reference,128.9
2000-03-13,PTE,AMD,reference,2.53
2000-03-13,ROL,AMD,reference,0.02764
2000-03-13,RUB,AMD,reference,18.23
2000-03-13,SAR,AMD,reference,140.67
2000-03-13,SDR,AMD,reference,706.96
2000-03-13,SEK,AMD,reference,60.05
2000-03-13,SGD,AMD,reference,309.38
2000-03-13,SKK,AMD,reference,12.26
2000-03-13,SYP,AMD,reference,11.47
2000-03-13,TAD,AMD,reference,3.885
2000-03-13,TJS,AMD,reference,3.885
2000-03-13,TMM,AMD,reference,0.1014
2000-03-13,TMT,AMD,reference,0.1014
2000-03-13,TRL,AMD,reference,0.00913
2000-03-13,UAH,AMD,reference,96.12
2000-03-13,USD,AMD,reference,527.53
2000-03-13,USM,AMD,reference,36.4
2000-03-14,AED,AMD,reference,143.77
2000-03-14,ARP,AMD,reference,528.18
2000-03-14,ATS,AMD,reference,36.88
2000-03-14,AUD,AMD,reference,323.15
2000-03-14,BEF,AMD,reference,12.581
2000-03-14,BGL,AMD,reference,259.48
2000-03-14,BRC,AMD,reference,304.1
2000-03-14,BYR,AMD,reference,1.254
2000-03-14,CAD,AMD,reference,362.24
2000-03-14,CHF,AMD,reference,315.65
2000-03-14,CNY,AMD,reference,63.77
2000-03-14,CZK,AMD,reference,14.41
2000-03-14,DEM,AMD,reference,259.48
2000-03-14,DKK,AMD,reference,68.76
2000-03-14,EEK,AMD,reference,32.79
2000-03-14,EGP,AMD,reference,152.96
2000-03-14,ESP,AMD,reference,3.05
2000-03-14,EUR,AMD,reference,507.5
2000-03-14,FIM,AMD,reference,85.36
2000-03-14,FRF,AMD,reference,77.37
2000-03-14,GBP,AMD,reference,833.39
2000-03-14,GEL,AMD,reference,269.35
2000-03-14,GRD,AMD,reference,1.529
2000-03-14,HUF,AMD,reference,1.994
2000-03-14,IEP,AMD,reference,644.39
2000-03-14,ILS,AMD,reference,132.91
2000-03-14,INR,AMD,reference,12.12
2000-03-14,IRR,AMD,reference,0.3017
2000-03-14,ISK,AMD,reference,71.91
2000-03-14,ITL,AMD,reference,0.2621
2000-03-14,JPY,AMD,reference,4.993
2000-03-14,KGS,AMD,reference,11.31
2000-03-14,KRW,AMD,reference,0.4712
2000-03-14,KWD,AMD,reference,1722.21
2000-03-14,KZT,AMD,reference,37.36
2000-03-14,LBP,AMD,reference,0.3502
2000-03-14,LTL,AMD,reference,131.98
2000-03-14,LVL,AMD,reference,887.28
2000-03-14,MDL,AMD,reference,41.86
2000-03-14,MXN,AMD,reference,56.69
2000-03-14,NLG,AMD,reference,230.29
2000-03-14,NOK,AMD,reference,62.66
2000-03-14,PLZ,AMD,reference,128.7
2000-03-14,PTE,AMD,reference,2.531
2000-03-14,ROL,AMD,reference,0.02764
2000-03-14,RUB,AMD,reference,18.23
2000-03-14,SAR,AMD,reference,140.78
2000-03-14,SDR,AMD,reference,706.96
2000-03-14,SEK,AMD,reference,60.12
2000-03-14,SGD,AMD,reference,309.53
2000-03-14,SKK,AMD,reference,12.31
2000-03-14,SYP,AMD,reference,11.73
2000-03-14,TAD,AMD,reference,3.888
2000-03-14,TJS,AMD,reference,3.888
2000-03-14,TMM,AMD,reference,0.1015
2000-03-14,TMT,AMD,reference,0.1015
2000-03-14,TRL,AMD,reference,0.00913
2000-03-14,UAH,AMD,reference,96.48
2000-03-14,USD,AMD,reference,527.93
2000-03-14,USM,AMD,reference,36.43
2000-03-15,AED,AMD,reference,143.77
2000-03-15,ARP,AMD,reference,528.04
2000-03-15,ATS,AMD,reference,37.28
2000-03-15,AUD,AMD,reference,325.2
2000-03-15,BEF,AMD,reference,12.715
2000-03-15,BGL,AMD,reference,262.26
2000-03-15,BRC,AMD,reference,301.92
2000-03-15,BYR,AMD,reference,1.251
2000-03-15,CAD,AMD,reference,361.32
2000-03-15,CHF,AMD,reference,318.44
2000-03-15,CNY,AMD,reference,63.78
2000-03-15,CZK,AMD,reference,14.31
2000-03-15,DEM,AMD,reference,262.26
2000-03-15,DKK,AMD,reference,68.26
2000-03-15,EEK,AMD,reference,32.79
2000-03-15,EGP,AMD,reference,152.97
2000-03-15,ESP,AMD,reference,3.083
2000-03-15,EUR,AMD,reference,512.94
2000-03-15,FIM,AMD,reference,86.27
2000-03-15,FRF,AMD,reference,78.2
2000-03-15,GBP,AMD,reference,829.43
2000-03-15,GEL,AMD,reference,269.35
2000-03-15,GRD,AMD,reference,1.529
2000-03-15,HUF,AMD,reference,1.973
2000-03-15,IEP,AMD,reference,651.3
2000-03-15,ILS,AMD,reference,132.91
2000-03-15,INR,AMD,reference,12.11
2000-03-15,IRR,AMD,reference,0.3017
2000-03-15,ISK,AMD,reference,71.57
2000-03-15,ITL,AMD,reference,0.2649
2000-03-15,JPY,AMD,reference,5.022
2000-03-15,KGS,AMD,reference,11.31
2000-03-15,KRW,AMD,reference,0.4715
2000-03-15,KWD,AMD,reference,1725.22
2000-03-15,KZT,AMD,reference,37.36
2000-03-15,LBP,AMD,reference,0.3502
2000-03-15,LTL,AMD,reference,131.98
2000-03-15,LVL,AMD,reference,887.28
2000-03-15,MDL,AMD,reference,41.91
2000-03-15,MXN,AMD,reference,56.69
2000-03-15,NLG,AMD,reference,232.76
2000-03-15,NOK,AMD,reference,63.17
2000-03-15,PLZ,AMD,reference,128.73
2000-03-15,PTE,AMD,reference,2.559
2000-03-15,ROL,AMD,reference,0.0276
2000-03-15,RUB,AMD,reference,18.23
2000-03-15,SAR,AMD,reference,140.78
2000-03-15,SDR,AMD,reference,706.96
2000-03-15,SEK,AMD,reference,60.91
2000-03-15,SGD,AMD,reference,309.53
2000-03-15,SKK,AMD,reference,12.24
2000-03-15,SYP,AMD,reference,11.73
2000-03-15,TAD,AMD,reference,3.888
2000-03-15,TJS,AMD,reference,3.888
2000-03-15,TMM,AMD,reference,0.1015
2000-03-15,TMT,AMD,reference,0.1015
2000-03-15,TRL,AMD,reference,0.00915
2000-03-15,UAH,AMD,reference,96.59
2000-03-15,USD,AMD,reference,527.93
2000-03-15,USM,AMD,reference,36.43
2000-03-16,AED,AMD,reference,143.96
2000-03-16,ARP,AMD,reference,528.74
2000-03-16,ATS,AMD,reference,36.96
2000-03-16,AUD,AMD,reference,323.73
2000-03-16,BEF,AMD,reference,12.606
2000-03-16,BGL,AMD,reference,260.01
2000-03-16,BRC,AMD,reference,304.44
2000-03-16,BYR,AMD,reference,1.25
2000-03-16,CAD,AMD,reference,361.36
2000-03-16,CHF,AMD,reference,315.59
2000-03-16,CNY,AMD,reference,63.86
2000-03-16,CZK,AMD,reference,14.35
2000-03-16,DEM,AMD,reference,260.01
2000-03-16,DKK,AMD,reference,68.52
2000-03-16,EEK,AMD,reference,32.7
2000-03-16,EGP,AMD,reference,152.36
2000-03-16,ESP,AMD,reference,3.056
2000-03-16,EUR,AMD,reference,508.54
2000-03-16,FIM,AMD,reference,85.53
2000-03-16,FRF,AMD,reference,77.53
2000-03-16,GBP,AMD,reference,830.16
2000-03-16,GEL,AMD,reference,269.71
2000-03-16,GRD,AMD,reference,1.526
2000-03-16,HUF,AMD,reference,1.975
2000-03-16,IEP,AMD,reference,645.72
2000-03-16,ILS,AMD,reference,133.16
2000-03-16,INR,AMD,reference,12.13
2000-03-16,IRR,AMD,reference,0.3021
2000-03-16,ISK,AMD,reference,71.7
2000-03-16,ITL,AMD,reference,0.2626
2000-03-16,JPY,AMD,reference,4.985
2000-03-16,KGS,AMD,reference,11.33
2000-03-16,KRW,AMD,reference,0.4722
2000-03-16,KWD,AMD,reference,1725.34
2000-03-16,KZT,AMD,reference,37.41
2000-03-16,LBP,AMD,reference,0.3507
2000-03-16,LTL,AMD,reference,132.16
2000-03-16,LVL,AMD,reference,888.45
2000-03-16,MDL,AMD,reference,42
2000-03-16,MXN,AMD,reference,56.73
2000-03-16,NLG,AMD,reference,230.77
2000-03-16,NOK,AMD,reference,62.62
2000-03-16,PLZ,AMD,reference,129.51
2000-03-16,PTE,AMD,reference,2.537
2000-03-16,ROL,AMD,reference,0.02758
2000-03-16,RUB,AMD,reference,18.23
2000-03-16,SAR,AMD,reference,140.97
2000-03-16,SDR,AMD,reference,706.96
2000-03-16,SEK,AMD,reference,60.56
2000-03-16,SGD,AMD,reference,309.45
2000-03-16,SKK,AMD,reference,12.28
2000-03-16,SYP,AMD,reference,11.75
2000-03-16,TAD,AMD,reference,3.893
2000-03-16,TJS,AMD,reference,3.893
2000-03-16,TMM,AMD,reference,0.1017
2000-03-16,TMT,AMD,reference,0.1017
2000-03-16,TRL,AMD,reference,0.00912
2000-03-16,UAH,AMD,reference,96.77
2000-03-16,USD,AMD,reference,528.63
2000-03-16,USM,AMD,reference,36.29
2000-03-17,AED,AMD,reference,143.96
2000-03-17,ARP,AMD,reference,528.74
2000-03-17,ATS,AMD,reference,37.06
2000-03-17,AUD,AMD,reference,324.79
2000-03-17,BEF,AMD,reference,12.642
2000-03-17,BGL,AMD,reference,260.74
2000-03-17,BRC,AMD,reference,303.66
2000-03-17,BYR,AMD,reference,1.247
2000-03-17,CAD,AMD,reference,360.13
2000-03-17,CHF,AMD,reference,316.46
2000-03-17,CNY,AMD,reference,63.86
2000-03-17,CZK,AMD,reference,14.4
2000-03-17,DEM,AMD,reference,260.74
2000-03-17,DKK,AMD,reference,68.76
2000-03-17,EEK,AMD,reference,32.76
2000-03-17,EGP,AMD,reference,152.4
2000-03-17,ESP,AMD,reference,3.065
2000-03-17,EUR,AMD,reference,509.97
2000-03-17,FIM,AMD,reference,85.77
2000-03-17,FRF,AMD,reference,77.74
2000-03-17,GBP,AMD,reference,830.95
2000-03-17,GEL,AMD,reference,269.71
2000-03-17,GRD,AMD,reference,1.531
2000-03-17,HUF,AMD,reference,1.994
2000-03-17,IEP,AMD,reference,647.53
2000-03-17,ILS,AMD,reference,132.99
2000-03-17,INR,AMD,reference,12.13
2000-03-17,IRR,AMD,reference,0.3021
2000-03-17,ISK,AMD,reference,71.9
2000-03-17,ITL,AMD,reference,0.2634
2000-03-17,JPY,AMD,reference,5.013
2000-03-17,KGS,AMD,reference,11.33
2000-03-17,KRW,AMD,reference,0.4717
2000-03-17,KWD,AMD,reference,1725.34
2000-03-17,KZT,AMD,reference,37.41
2000-03-17,LBP,AMD,reference,0.3507
2000-03-17,LTL,AMD,reference,132.16
2000-03-17,LVL,AMD,reference,889.95
2000-03-17,MDL,AMD,reference,42.02
2000-03-17,MXN,AMD,reference,56.61
2000-03-17,NLG,AMD,reference,231.41
2000-03-17,NOK,AMD,reference,62.65
2000-03-17,PLZ,AMD,reference,129.7
2000-03-17,PTE,AMD,reference,2.544
2000-03-17,ROL,AMD,reference,0.02751
2000-03-17,RUB,AMD,reference,18.23
2000-03-17,SAR,AMD,reference,140.97
2000-03-17,SDR,AMD,reference,706.96
2000-03-17,SEK,AMD,reference,60.6
2000-03-17,SGD,AMD,reference,308.66
2000-03-17,SKK,AMD,reference,12.32
2000-03-17,SYP,AMD,reference,11.49
2000-03-17,TAD,AMD,reference,3.893
2000-03-17,TJS,AMD,reference,3.893
2000-03-17,TMM,AMD,reference,0.1017
2000-03-17,TMT,AMD,reference,0.1017
2000-03-17,TRL,AMD,reference,0.00912
2000-03-17,UAH,AMD,reference,96.85
2000-03-17,USD,AMD,reference,528.63
2000-03-17,USM,AMD,reference,36.29
2000-03-20,AED,AMD,reference,143.96
2000-03-20,ARP,AMD,reference,528.74
2000-03-20,ATS,AMD,reference,37.12
2000-03-20,AUD,AMD,reference,322.83
2000-03-20,BEF,AMD,reference,12.663
2000-03-20,BGL,AMD,reference,261.18
2000-03-20,BRC,AMD,reference,304.7
2000-03-20,BYR,AMD,reference,1.244
2000-03-20,CAD,AMD,reference,359.1
2000-03-20,CHF,AMD,reference,317.04
2000-03-20,CNY,AMD,reference,63.86
2000-03-20,CZK,AMD,reference,14.37
2000-03-20,DEM,AMD,reference,261.18
2000-03-20,DKK,AMD,reference,68.66
2000-03-20,EEK,AMD,reference,32.67
2000-03-20,EGP,AMD,reference,152.4
2000-03-20,ESP,AMD,reference,3.07
2000-03-20,EUR,AMD,reference,510.82
2000-03-20,FIM,AMD,reference,85.91
2000-03-20,FRF,AMD,reference,77.87
2000-03-20,GBP,AMD,reference,832.12
2000-03-20,GEL,AMD,reference,269.71
2000-03-20,GRD,AMD,reference,1.534
2000-03-20,HUF,AMD,reference,1.99
2000-03-20,IEP,AMD,reference,648.6
2000-03-20,ILS,AMD,reference,133.26
2000-03-20,INR,AMD,reference,12.13
2000-03-20,IRR,AMD,reference,0.3021
2000-03-20,ISK,AMD,reference,71.82
2000-03-20,ITL,AMD,reference,0.2638
2000-03-20,JPY,AMD,reference,4.99
2000-03-20,KGS,AMD,reference,11.33
2000-03-20,KRW,AMD,reference,0.4719
2000-03-20,KWD,AMD,reference,1725.34
2000-03-20,KZT,AMD,reference,37.41
2000-03-20,LBP,AMD,reference,0.3507
2000-03-20,LTL,AMD,reference,132.16
2000-03-20,LVL,AMD,reference,889.95
2000-03-20,MDL,AMD,reference,42.03
2000-03-20,MXN,AMD,reference,56.7
2000-03-20,NLG,AMD,reference,231.8
2000-03-20,NOK,AMD,reference,62.61
2000-03-20,PLZ,AMD,reference,129.65
2000-03-20,PTE,AMD,reference,2.548
2000-03-20,ROL,AMD,reference,0.02745
2000-03-20,RUB,AMD,reference,18.23
2000-03-20,SAR,AMD,reference,140.97
2000-03-20,SDR,AMD,reference,706.96
2000-03-20,SEK,AMD,reference,60.58
2000-03-20,SGD,AMD,reference,308.51
2000-03-20,SKK,AMD,reference,12.3
2000-03-20,SYP,AMD,reference,11.49
2000-03-20,TAD,AMD,reference,3.893
2000-03-20,TJS,AMD,reference,3.893
2000-03-20,TMM,AMD,reference,0.1017
2000-03-20,TMT,AMD,reference,0.1017
2000-03-20,TRL,AMD,reference,0.00912
2000-03-20,UAH,AMD,reference,96.99
2000-03-20,USD,AMD,reference,528.63
2000-03-20,USM,AMD,reference,36.29
2000-03-21,AED,AMD,reference,143.82
2000-03-21,ARP,AMD,reference,528.33
2000-03-21,ATS,AMD,reference,37.12
2000-03-21,AUD,AMD,reference,319.93
2000-03-21,BEF,AMD,reference,12.662
2000-03-21,BGL,AMD,reference,261.16
2000-03-21,BRC,AMD,reference,304.03
2000-03-21,BYR,AMD,reference,1.24
2000-03-21,CAD,AMD,reference,358.48
2000-03-21,CHF,AMD,reference,316.75
2000-03-21,CNY,AMD,reference,63.79
2000-03-21,CZK,AMD,reference,14.42
2000-03-21,DEM,AMD,reference,261.16
2000-03-21,DKK,AMD,reference,68.86
2000-03-21,EEK,AMD,reference,32.79
2000-03-21,EGP,AMD,reference,153.04
2000-03-21,ESP,AMD,reference,3.07
2000-03-21,EUR,AMD,reference,510.79
2000-03-21,FIM,AMD,reference,85.91
2000-03-21,FRF,AMD,reference,77.87
2000-03-21,GBP,AMD,reference,827.87
2000-03-21,GEL,AMD,reference,269.44
2000-03-21,GRD,AMD,reference,1.53
2000-03-21,HUF,AMD,reference,1.997
2000-03-21,IEP,AMD,reference,648.57
2000-03-21,ILS,AMD,reference,133.13
2000-03-21,INR,AMD,reference,12.12
2000-03-21,IRR,AMD,reference,0.3018
2000-03-21,ISK,AMD,reference,71.8
2000-03-21,ITL,AMD,reference,0.2638
2000-03-21,JPY,AMD,reference,4.985
2000-03-21,KGS,AMD,reference,11.1
2000-03-21,KRW,AMD,reference,0.4715
2000-03-21,KWD,AMD,reference,1723.65
2000-03-21,KZT,AMD,reference,37.32
2000-03-21,LBP,AMD,reference,0.3503
2000-03-21,LTL,AMD,reference,132.03
2000-03-21,LVL,AMD,reference,889.07
2000-03-21,MDL,AMD,reference,41.98
2000-03-21,MXN,AMD,reference,56.64
2000-03-21,NLG,AMD,reference,231.79
2000-03-21,NOK,AMD,reference,62.64
2000-03-21,PLZ,AMD,reference,129.77
2000-03-21,PTE,AMD,reference,2.548
2000-03-21,ROL,AMD,reference,0.02738
2000-03-21,RUB,AMD,reference,18.23
2000-03-21,SAR,AMD,reference,140.83
2000-03-21,SDR,AMD,reference,706.96
2000-03-21,SEK,AMD,reference,60.69
2000-03-21,SGD,AMD,reference,307.49
2000-03-21,SKK,AMD,reference,12.32
2000-03-21,SYP,AMD,reference,11.48
2000-03-21,TAD,AMD,reference,3.238
2000-03-21,TJS,AMD,reference,3.238
2000-03-21,TMM,AMD,reference,0.1016
2000-03-21,TMT,AMD,reference,0.1016
2000-03-21,TRL,AMD,reference,0.00911
2000-03-21,UAH,AMD,reference,96.88
2000-03-21,USD,AMD,reference,528.11
2000-03-21,USM,AMD,reference,36.25
2000-03-22,AED,AMD,reference,143.82
2000-03-22,ARP,AMD,reference,528.22
2000-03-22,ATS,AMD,reference,37.29
2000-03-22,AUD,AMD,reference,322.04
2000-03-22,BEF,AMD,reference,12.718
2000-03-22,BGL,AMD,reference,262.32
2000-03-22,BRC,AMD,reference,303.77
2000-03-22,BYR,AMD,reference,1.237
2000-03-22,CAD,AMD,reference,359.23
2000-03-22,CHF,AMD,reference,318.16
2000-03-22,CNY,AMD,reference,63.79
2000-03-22,CZK,AMD,reference,14.43
2000-03-22,DEM,AMD,reference,262.32
2000-03-22,DKK,AMD,reference,68.96
2000-03-22,EEK,AMD,reference,32.86
2000-03-22,EGP,AMD,reference,153.19
2000-03-22,ESP,AMD,reference,3.084
2000-03-22,EUR,AMD,reference,513.06
2000-03-22,FIM,AMD,reference,86.29
2000-03-22,FRF,AMD,reference,78.22
2000-03-22,GBP,AMD,reference,828.5
2000-03-22,GEL,AMD,reference,269.44
2000-03-22,GRD,AMD,reference,1.536
2000-03-22,HUF,AMD,reference,2
2000-03-22,IEP,AMD,reference,651.45
2000-03-22,ILS,AMD,reference,132.52
2000-03-22,INR,AMD,reference,12.12
2000-03-22,IRR,AMD,reference,0.3018
2000-03-22,ISK,AMD,reference,71.89
2000-03-22,ITL,AMD,reference,0.265
2000-03-22,JPY,AMD,reference,4.96
2000-03-22,KGS,AMD,reference,11.1
2000-03-22,KRW,AMD,reference,0.4725
2000-03-22,KWD,AMD,reference,1723.65
2000-03-22,KZT,AMD,reference,37.32
2000-03-22,LBP,AMD,reference,0.3503
2000-03-22,LTL,AMD,reference,132.03
2000-03-22,LVL,AMD,reference,887.58
2000-03-22,MDL,AMD,reference,42
2000-03-22,MXN,AMD,reference,56.69
2000-03-22,NLG,AMD,reference,232.82
2000-03-22,NOK,AMD,reference,62.79
2000-03-22,PLZ,AMD,reference,130.52
2000-03-22,PTE,AMD,reference,2.559
2000-03-22,ROL,AMD,reference,0.02738
2000-03-22,RUB,AMD,reference,18.23
2000-03-22,SAR,AMD,reference,140.83
2000-03-22,SDR,AMD,reference,706.96
2000-03-22,SEK,AMD,reference,60.92
2000-03-22,SGD,AMD,reference,307.04
2000-03-22,SKK,AMD,reference,12.32
2000-03-22,SYP,AMD,reference,11.48
2000-03-22,TAD,AMD,reference,3.889
2000-03-22,TJS,AMD,reference,3.889
2000-03-22,TMM,AMD,reference,0.1016
2000-03-22,TMT,AMD,reference,0.1016
2000-03-22,TRL,AMD,reference,0.00911
2000-03-22,UAH,AMD,reference,96.88
2000-03-22,USD,AMD,reference,528.11
2000-03-22,USM,AMD,reference,36.25
2000-03-23,AED,AMD,reference,143.82
2000-03-23,ARP,AMD,reference,528.22
2000-03-23,ATS,AMD,reference,37.23
2000-03-23,AUD,AMD,reference,321.51
2000-03-23,BEF,AMD,reference,12.7
2000-03-23,BGL,AMD,reference,261.95
2000-03-23,BRC,AMD,reference,303.93
2000-03-23,BYR,AMD,reference,1.234
2000-03-23,CAD,AMD,reference,360.24
2000-03-23,CHF,AMD,reference,317.9
2000-03-23,CNY,AMD,reference,63.79
2000-03-23,CZK,AMD,reference,14.28
2000-03-23,DEM,AMD,reference,261.94
2000-03-23,DKK,AMD,reference,68.18
2000-03-23,EEK,AMD,reference,32.44
2000-03-23,EGP,AMD,reference,153.16
2000-03-23,ESP,AMD,reference,3.079
2000-03-23,EUR,AMD,reference,512.32
2000-03-23,FIM,AMD,reference,86.17
2000-03-23,FRF,AMD,reference,78.1
2000-03-23,GBP,AMD,reference,827.28
2000-03-23,GEL,AMD,reference,269.44
2000-03-23,GRD,AMD,reference,1.537
2000-03-23,HUF,AMD,reference,1.974
2000-03-23,IEP,AMD,reference,650.51
2000-03-23,ILS,AMD,reference,132.52
2000-03-23,INR,AMD,reference,12.12
2000-03-23,IRR,AMD,reference,0.3018
2000-03-23,ISK,AMD,reference,71.37
2000-03-23,ITL,AMD,reference,0.2646
2000-03-23,JPY,AMD,reference,4.953
2000-03-23,KGS,AMD,reference,11.1
2000-03-23,KRW,AMD,reference,0.4725
2000-03-23,KWD,AMD,reference,1723.65
2000-03-23,KZT,AMD,reference,37.35
2000-03-23,LBP,AMD,reference,0.3503
2000-03-23,LTL,AMD,reference,132.03
2000-03-23,LVL,AMD,reference,887.58
2000-03-23,MDL,AMD,reference,41.98
2000-03-23,MXN,AMD,reference,56.81
2000-03-23,NLG,AMD,reference,232.48
2000-03-23,NOK,AMD,reference,62.74
2000-03-23,PLZ,AMD,reference,130.23
2000-03-23,PTE,AMD,reference,2.555
2000-03-23,ROL,AMD,reference,0.02734
2000-03-23,RUB,AMD,reference,18.23
2000-03-23,SAR,AMD,reference,140.83
2000-03-23,SDR,AMD,reference,706.96
2000-03-23,SEK,AMD,reference,61.04
2000-03-23,SGD,AMD,reference,307.63
2000-03-23,SKK,AMD,reference,12.18
2000-03-23,SYP,AMD,reference,11.74
2000-03-23,TAD,AMD,reference,3.889
2000-03-23,TJS,AMD,reference,3.889
2000-03-23,TMM,AMD,reference,0.1016
2000-03-23,TMT,AMD,reference,0.1016
2000-03-23,TRL,AMD,reference,0.0091
2000-03-23,UAH,AMD,reference,96.92
2000-03-23,USD,AMD,reference,528.11
2000-03-23,USM,AMD,reference,36.07
2000-03-24,AED,AMD,reference,143.76
2000-03-24,ARP,AMD,reference,527.99
2000-03-24,ATS,AMD,reference,36.84
2000-03-24,AUD,AMD,reference,319
2000-03-24,BEF,AMD,reference,12.566
2000-03-24,BGL,AMD,reference,259.19
2000-03-24,BRC,AMD,reference,305.4
2000-03-24,BYR,AMD,reference,1.23
2000-03-24,CAD,AMD,reference,358.66
2000-03-24,CHF,AMD,reference,314.96
2000-03-24,CNY,AMD,reference,63.76
2000-03-24,CZK,AMD,reference,14.3
2000-03-24,DEM,AMD,reference,259.19
2000-03-24,DKK,AMD,reference,68.26
2000-03-24,EEK,AMD,reference,32.48
2000-03-24,EGP,AMD,reference,152.85
2000-03-24,ESP,AMD,reference,3.047
2000-03-24,EUR,AMD,reference,506.92
2000-03-24,FIM,AMD,reference,85.26
2000-03-24,FRF,AMD,reference,77.28
2000-03-24,GBP,AMD,reference,832.89
2000-03-24,GEL,AMD,reference,269.33
2000-03-24,GRD,AMD,reference,1.517
2000-03-24,HUF,AMD,reference,1.976
2000-03-24,IEP,AMD,reference,643.66
2000-03-24,ILS,AMD,reference,132.47
2000-03-24,INR,AMD,reference,12.11
2000-03-24,IRR,AMD,reference,0.3016
2000-03-24,ISK,AMD,reference,71.4
2000-03-24,ITL,AMD,reference,0.2618
2000-03-24,JPY,AMD,reference,4.917
2000-03-24,KGS,AMD,reference,11.1
2000-03-24,KRW,AMD,reference,0.4722
2000-03-24,KWD,AMD,reference,1720.68
2000-03-24,KZT,AMD,reference,37.33
2000-03-24,LBP,AMD,reference,0.3502
2000-03-24,LTL,AMD,reference,131.97
2000-03-24,LVL,AMD,reference,884.22
2000-03-24,MDL,AMD,reference,41.92
2000-03-24,MXN,AMD,reference,56.92
2000-03-24,NLG,AMD,reference,230.03
2000-03-24,NOK,AMD,reference,62.22
2000-03-24,PLZ,AMD,reference,129.85
2000-03-24,PTE,AMD,reference,2.529
2000-03-24,ROL,AMD,reference,0.02727
2000-03-24,RUB,AMD,reference,18.23
2000-03-24,SAR,AMD,reference,140.77
2000-03-24,SDR,AMD,reference,706.96
2000-03-24,SEK,AMD,reference,60.61
2000-03-24,SGD,AMD,reference,307.5
2000-03-24,SKK,AMD,reference,12.21
2000-03-24,SYP,AMD,reference,11.73
2000-03-24,TAD,AMD,reference,3.887
2000-03-24,TJS,AMD,reference,3.887
2000-03-24,TMM,AMD,reference,0.1015
2000-03-24,TMT,AMD,reference,0.1015
2000-03-24,TRL,AMD,reference,0.00905
2000-03-24,UAH,AMD,reference,96.93
2000-03-24,USD,AMD,reference,527.88
2000-03-24,USM,AMD,reference,36.06
2000-03-27,AED,AMD,reference,143.76
2000-03-27,ARP,AMD,reference,527.99
2000-03-27,ATS,AMD,reference,36.84
2000-03-27,AUD,AMD,reference,319
2000-03-27,BEF,AMD,reference,12.566
2000-03-27,BGL,AMD,reference,259.19
2000-03-27,BRC,AMD,reference,305.4
2000-03-27,BYR,AMD,reference,1.23
2000-03-27,CAD,AMD,reference,358.66
2000-03-27,CHF,AMD,reference,314.96
2000-03-27,CNY,AMD,reference,63.76
2000-03-27,CZK,AMD,reference,14.3
2000-03-27,DEM,AMD,reference,259.19
2000-03-27,DKK,AMD,reference,68.26
2000-03-27,EEK,AMD,reference,32.48
2000-03-27,EGP,AMD,reference,152.85
2000-03-27,ESP,AMD,reference,3.047
2000-03-27,EUR,AMD,reference,506.92
2000-03-27,FIM,AMD,reference,85.26
2000-03-27,FRF,AMD,reference,77.28
2000-03-27,GBP,AMD,reference,832.89
2000-03-27,GEL,AMD,reference,269.33
2000-03-27,GRD,AMD,reference,1.517
2000-03-27,HUF,AMD,reference,1.976
2000-03-27,IEP,AMD,reference,643.66
2000-03-27,ILS,AMD,reference,132.47
2000-03-27,INR,AMD,reference,12.11
2000-03-27,IRR,AMD,reference,0.3016
2000-03-27,ISK,AMD,reference,71.4
2000-03-27,ITL,AMD,reference,0.2618
2000-03-27,JPY,AMD,reference,4.917
2000-03-27,KGS,AMD,reference,11.1
2000-03-27,KRW,AMD,reference,0.4722
2000-03-27,KWD,AMD,reference,1720.68
2000-03-27,KZT,AMD,reference,37.33
2000-03-27,LBP,AMD,reference,0.3502
2000-03-27,LTL,AMD,reference,131.97
2000-03-27,LVL,AMD,reference,884.22
2000-03-27,MDL,AMD,reference,41.92
2000-03-27,MXN,AMD,reference,56.92
2000-03-27,NLG,AMD,reference,230.03
2000-03-27,NOK,AMD,reference,62.22
2000-03-27,PLZ,AMD,reference,129.85
2000-03-27,PTE,AMD,reference,2.529
2000-03-27,ROL,AMD,reference,0.02727
2000-03-27,RUB,AMD,reference,18.23
2000-03-27,SAR,AMD,reference,140.77
2000-03-27,SDR,AMD,reference,706.96
2000-03-27,SEK,AMD,reference,60.61
2000-03-27,SGD,AMD,reference,307.5
2000-03-27,SKK,AMD,reference,12.21
2000-03-27,SYP,AMD,reference,11.73
2000-03-27,TAD,AMD,reference,3.887
2000-03-27,TJS,AMD,reference,3.887
2000-03-27,TMM,AMD,reference,0.1015
2000-03-27,TMT,AMD,reference,0.1015
2000-03-27,TRL,AMD,reference,0.00905
2000-03-27,UAH,AMD,reference,96.93
2000-03-27,USD,AMD,reference,527.88
2000-03-27,USM,AMD,reference,36.06
2000-03-28,AED,AMD,reference,143.78
2000-03-28,ARP,AMD,reference,528.08
2000-03-28,ATS,AMD,reference,36.85
2000-03-28,AUD,AMD,reference,319.05
2000-03-28,BEF,AMD,reference,12.568
2000-03-28,BGL,AMD,reference,259.23
2000-03-28,BRC,AMD,reference,305.45
2000-03-28,BYR,AMD,reference,1.231
2000-03-28,CAD,AMD,reference,358.72
2000-03-28,CHF,AMD,reference,315.01
2000-03-28,CNY,AMD,reference,63.77
2000-03-28,CZK,AMD,reference,14.3
2000-03-28,DEM,AMD,reference,259.23
2000-03-28,DKK,AMD,reference,68.27
2000-03-28,EEK,AMD,reference,32.49
2000-03-28,EGP,AMD,reference,152.88
2000-03-28,ESP,AMD,reference,3.047
2000-03-28,EUR,AMD,reference,507.01
2000-03-28,FIM,AMD,reference,85.27
2000-03-28,FRF,AMD,reference,77.29
2000-03-28,GBP,AMD,reference,833.03
2000-03-28,GEL,AMD,reference,269.37
2000-03-28,GRD,AMD,reference,1.517
2000-03-28,HUF,AMD,reference,1.976
2000-03-28,IEP,AMD,reference,643.77
2000-03-28,ILS,AMD,reference,132.49
2000-03-28,INR,AMD,reference,12.11
2000-03-28,IRR,AMD,reference,0.3017
2000-03-28,ISK,AMD,reference,71.41
2000-03-28,ITL,AMD,reference,0.2618
2000-03-28,JPY,AMD,reference,4.918
2000-03-28,KGS,AMD,reference,11.1
2000-03-28,KRW,AMD,reference,0.4722
2000-03-28,KWD,AMD,reference,1720.97
2000-03-28,KZT,AMD,reference,37.34
2000-03-28,LBP,AMD,reference,0.3502
2000-03-28,LTL,AMD,reference,131.99
2000-03-28,LVL,AMD,reference,884.37
2000-03-28,MDL,AMD,reference,41.93
2000-03-28,MXN,AMD,reference,56.93
2000-03-28,NLG,AMD,reference,230.07
2000-03-28,NOK,AMD,reference,62.23
2000-03-28,PLZ,AMD,reference,129.87
2000-03-28,PTE,AMD,reference,2.529
2000-03-28,ROL,AMD,reference,0.02728
2000-03-28,RUB,AMD,reference,18.23
2000-03-28,SAR,AMD,reference,140.79
2000-03-28,SDR,AMD,reference,706.96
2000-03-28,SEK,AMD,reference,60.62
2000-03-28,SGD,AMD,reference,307.55
2000-03-28,SKK,AMD,reference,12.21
2000-03-28,SYP,AMD,reference,11.73
2000-03-28,TAD,AMD,reference,3.237
2000-03-28,TJS,AMD,reference,3.237
2000-03-28,TMM,AMD,reference,0.1015
2000-03-28,TMT,AMD,reference,0.1015
2000-03-28,TRL,AMD,reference,0.00905
2000-03-28,UAH,AMD,reference,96.94
2000-03-28,USD,AMD,reference,527.97
2000-03-28,USM,AMD,reference,36.06
2000-03-29,AED,AMD,reference,143.68
2000-03-29,ARP,AMD,reference,527.72
2000-03-29,ATS,AMD,reference,37.24
2000-03-29,AUD,AMD,reference,323.64
2000-03-29,BEF,AMD,reference,12.702
2000-03-29,BGL,AMD,reference,261.99
2000-03-29,BRC,AMD,reference,304.11
2000-03-29,BYR,AMD,reference,1.221
2000-03-29,CAD,AMD,reference,361.3
2000-03-29,CHF,AMD,reference,322.11
2000-03-29,CNY,AMD,reference,63.73
2000-03-29,CZK,AMD,reference,14.28
2000-03-29,DEM,AMD,reference,261.99
2000-03-29,DKK,AMD,reference,68.42
2000-03-29,EEK,AMD,reference,32.85
2000-03-29,EGP,AMD,reference,152.85
2000-03-29,ESP,AMD,reference,3.08
2000-03-29,EUR,AMD,reference,512.41
2000-03-29,FIM,AMD,reference,86.18
2000-03-29,FRF,AMD,reference,78.12
2000-03-29,GBP,AMD,reference,837.16
2000-03-29,GEL,AMD,reference,269.19
2000-03-29,GRD,AMD,reference,1.537
2000-03-29,HUF,AMD,reference,1.977
2000-03-29,IEP,AMD,reference,650.63
2000-03-29,ILS,AMD,reference,131.15
2000-03-29,INR,AMD,reference,12.1
2000-03-29,IRR,AMD,reference,0.3015
2000-03-29,ISK,AMD,reference,71.75
2000-03-29,ITL,AMD,reference,0.2646
2000-03-29,JPY,AMD,reference,4.915
2000-03-29,KGS,AMD,reference,11.09
2000-03-29,KRW,AMD,reference,0.4759
2000-03-29,KWD,AMD,reference,1723.7
2000-03-29,KZT,AMD,reference,37.26
2000-03-29,LBP,AMD,reference,0.35
2000-03-29,LTL,AMD,reference,131.9
2000-03-29,LVL,AMD,reference,889.73
2000-03-29,MDL,AMD,reference,41.77
2000-03-29,MXN,AMD,reference,54.3
2000-03-29,NLG,AMD,reference,232.52
2000-03-29,NOK,AMD,reference,63.05
2000-03-29,PLZ,AMD,reference,130.35
2000-03-29,PTE,AMD,reference,2.556
2000-03-29,ROL,AMD,reference,0.02719
2000-03-29,RUB,AMD,reference,18.23
2000-03-29,SAR,AMD,reference,140.68
2000-03-29,SDR,AMD,reference,706.96
2000-03-29,SEK,AMD,reference,61.44
2000-03-29,SGD,AMD,reference,307.91
2000-03-29,SKK,AMD,reference,12.27
2000-03-29,SYP,AMD,reference,11.47
2000-03-29,TAD,AMD,reference,3.885
2000-03-29,TJS,AMD,reference,3.885
2000-03-29,TMM,AMD,reference,0.1015
2000-03-29,TMT,AMD,reference,0.1015
2000-03-29,TRL,AMD,reference,0.00906
2000-03-29,UAH,AMD,reference,97.16
2000-03-29,USD,AMD,reference,527.61
2000-03-29,USM,AMD,reference,36.04
2000-03-30,AED,AMD,reference,143.68
2000-03-30,ARP,AMD,reference,527.72
2000-03-30,ATS,AMD,reference,36.99
2000-03-30,AUD,AMD,reference,322.95
2000-03-30,BEF,AMD,reference,12.617
2000-03-30,BGL,AMD,reference,260.24
2000-03-30,BRC,AMD,reference,301.91
2000-03-30,BYR,AMD,reference,1.218
2000-03-30,CAD,AMD,reference,362.87
2000-03-30,CHF,AMD,reference,320.04
2000-03-30,CNY,AMD,reference,63.73
2000-03-30,CZK,AMD,reference,14.2
2000-03-30,DEM,AMD,reference,260.24
2000-03-30,DKK,AMD,reference,67.83
2000-03-30,EEK,AMD,reference,32.59
2000-03-30,EGP,AMD,reference,153.57
2000-03-30,ESP,AMD,reference,3.059
2000-03-30,EUR,AMD,reference,508.99
2000-03-30,FIM,AMD,reference,85.61
2000-03-30,FRF,AMD,reference,77.59
2000-03-30,GBP,AMD,reference,836.42
2000-03-30,GEL,AMD,reference,269.19
2000-03-30,GRD,AMD,reference,1.523
2000-03-30,HUF,AMD,reference,1.961
2000-03-30,IEP,AMD,reference,646.28
2000-03-30,ILS,AMD,reference,132.17
2000-03-30,INR,AMD,reference,12.1
2000-03-30,IRR,AMD,reference,0.3015
2000-03-30,ISK,AMD,reference,71.3
2000-03-30,ITL,AMD,reference,0.2629
2000-03-30,JPY,AMD,reference,4.977
2000-03-30,KGS,AMD,reference,11.09
2000-03-30,KRW,AMD,reference,0.4759
2000-03-30,KWD,AMD,reference,1722.86
2000-03-30,KZT,AMD,reference,37.21
2000-03-30,LBP,AMD,reference,0.35
2000-03-30,LTL,AMD,reference,131.9
2000-03-30,LVL,AMD,reference,888.23
2000-03-30,MDL,AMD,reference,41.79
2000-03-30,MXN,AMD,reference,57.48
2000-03-30,NLG,AMD,reference,230.97
2000-03-30,NOK,AMD,reference,62.99
2000-03-30,PLZ,AMD,reference,129.36
2000-03-30,PTE,AMD,reference,2.539
2000-03-30,ROL,AMD,reference,0.02716
2000-03-30,RUB,AMD,reference,18.23
2000-03-30,SAR,AMD,reference,140.68
2000-03-30,SDR,AMD,reference,706.96
2000-03-30,SEK,AMD,reference,61.54
2000-03-30,SGD,AMD,reference,307.38
2000-03-30,SKK,AMD,reference,12.17
2000-03-30,SYP,AMD,reference,11.47
2000-03-30,TAD,AMD,reference,3.885
2000-03-30,TJS,AMD,reference,3.885
2000-03-30,TMM,AMD,reference,0.1015
2000-03-30,TMT,AMD,reference,0.1015
2000-03-30,TRL,AMD,reference,0.00903
2000-03-30,UAH,AMD,reference,97.21
2000-03-30,USD,AMD,reference,527.61
2000-03-30,USM,AMD,reference,36.04
2000-03-31,AED,AMD,reference,143.68
2000-03-31,ARP,AMD,reference,527.72
2000-03-31,ATS,AMD,reference,36.69
2000-03-31,AUD,AMD,reference,322.79
2000-03-31,BEF,AMD,reference,12.514
2000-03-31,BGL,AMD,reference,258.11
2000-03-31,BRC,AMD,reference,301.91
2000-03-31,BYR,AMD,reference,1.216
2000-03-31,CAD,AMD,reference,362.54
2000-03-31,CHF,AMD,reference,317.58
2000-03-31,CNY,AMD,reference,63.73
2000-03-31,CZK,AMD,reference,14.16
2000-03-31,DEM,AMD,reference,258.11
2000-03-31,DKK,AMD,reference,67.77
2000-03-31,EEK,AMD,reference,32.27
2000-03-31,EGP,AMD,reference,152.72
2000-03-31,ESP,AMD,reference,3.034
2000-03-31,EUR,AMD,reference,504.82
2000-03-31,FIM,AMD,reference,84.9
2000-03-31,FRF,AMD,reference,76.96
2000-03-31,GBP,AMD,reference,840.01
2000-03-31,GEL,AMD,reference,269.19
2000-03-31,GRD,AMD,reference,1.508
2000-03-31,HUF,AMD,reference,1.949
2000-03-31,IEP,AMD,reference,640.99
2000-03-31,ILS,AMD,reference,131.64
2000-03-31,INR,AMD,reference,12.1
2000-03-31,IRR,AMD,reference,0.3015
2000-03-31,ISK,AMD,reference,71.3
2000-03-31,ITL,AMD,reference,0.2607
2000-03-31,JPY,AMD,reference,5
2000-03-31,KGS,AMD,reference,11.09
2000-03-31,KRW,AMD,reference,0.4752
2000-03-31,KWD,AMD,reference,1723.12
2000-03-31,KZT,AMD,reference,37.21
2000-03-31,LBP,AMD,reference,0.35
2000-03-31,LTL,AMD,reference,131.9
2000-03-31,LVL,AMD,reference,886.74
2000-03-31,MDL,AMD,reference,41.88
2000-03-31,MXN,AMD,reference,57.48
2000-03-31,NLG,AMD,reference,229.08
2000-03-31,NOK,AMD,reference,62.61
2000-03-31,PLZ,AMD,reference,128.58
2000-03-31,PTE,AMD,reference,2.518
2000-03-31,ROL,AMD,reference,0.02712
2000-03-31,RUB,AMD,reference,18.23
2000-03-31,SAR,AMD,reference,140.68
2000-03-31,SDR,AMD,reference,706.96
2000-03-31,SEK,AMD,reference,61.22
2000-03-31,SGD,AMD,reference,307
2000-03-31,SKK,AMD,reference,12.14
2000-03-31,SYP,AMD,reference,11.47
2000-03-31,TAD,AMD,reference,3.885
2000-03-31,TJS,AMD,reference,3.885
2000-03-31,TMM,AMD,reference,0.1015
2000-03-31,TMT,AMD,reference,0.1015
2000-03-31,TRL,AMD,reference,0.00899
2000-03-31,UAH,AMD,reference,97.16
2000-03-31,USD,AMD,reference,527.61
2000-03-31,USM,AMD,reference,35.86
2000-04-03,AED,AMD,reference,143.68
2000-04-03,ARP,AMD,reference,527.72
2000-04-03,ATS,AMD,reference,36.64
2000-04-03,AUD,AMD,reference,318.94
2000-04-03,BEF,AMD,reference,12.497
2000-04-03,BGL,AMD,reference,257.76
2000-04-03,BRC,AMD,reference,301.16
2000-04-03,BYR,AMD,reference,1.216
2000-04-03,CAD,AMD,reference,362.67
2000-04-03,CHF,AMD,reference,316.88
2000-04-03,CNY,AMD,reference,63.73
2000-04-03,CZK,AMD,reference,13.93
2000-04-03,DEM,AMD,reference,257.76
2000-04-03,DKK,AMD,reference,67.73
2000-04-03,EEK,AMD,reference,32.28
2000-04-03,EGP,AMD,reference,152.72
2000-04-03,ESP,AMD,reference,3.03
2000-04-03,EUR,AMD,reference,504.13
2000-04-03,FIM,AMD,reference,84.79
2000-04-03,FRF,AMD,reference,76.85
2000-04-03,GBP,AMD,reference,841.54
2000-04-03,GEL,AMD,reference,269.19
2000-04-03,GRD,AMD,reference,1.509
2000-04-03,HUF,AMD,reference,1.955
2000-04-03,IEP,AMD,reference,640.11
2000-04-03,ILS,AMD,reference,131.05
2000-04-03,INR,AMD,reference,12.1
2000-04-03,IRR,AMD,reference,0.3015
2000-04-03,ISK,AMD,reference,71.6
2000-04-03,ITL,AMD,reference,0.2604
2000-04-03,JPY,AMD,reference,5.012
2000-04-03,KGS,AMD,reference,11.09
2000-04-03,KRW,AMD,reference,0.4748
2000-04-03,KWD,AMD,reference,1723.28
2000-04-03,KZT,AMD,reference,37.21
2000-04-03,LBP,AMD,reference,0.35
2000-04-03,LTL,AMD,reference,131.9
2000-04-03,LVL,AMD,reference,885.25
2000-04-03,MDL,AMD,reference,41.98
2000-04-03,MXN,AMD,reference,56.72
2000-04-03,NLG,AMD,reference,228.76
2000-04-03,NOK,AMD,reference,62.38
2000-04-03,PLZ,AMD,reference,127.36
2000-04-03,PTE,AMD,reference,2.515
2000-04-03,ROL,AMD,reference,0.02708
2000-04-03,RUB,AMD,reference,18.23
2000-04-03,SAR,AMD,reference,140.68
2000-04-03,SDR,AMD,reference,706.96
2000-04-03,SEK,AMD,reference,61.11
2000-04-03,SGD,AMD,reference,306.97
2000-04-03,SKK,AMD,reference,12.1
2000-04-03,SYP,AMD,reference,11.47
2000-04-03,TAD,AMD,reference,3.885
2000-04-03,TJS,AMD,reference,3.885
2000-04-03,TMM,AMD,reference,0.1015
2000-04-03,TMT,AMD,reference,0.1015
2000-04-03,TRL,AMD,reference,0.00897
2000-04-03,UAH,AMD,reference,97.21
2000-04-03,USD,AMD,reference,527.61
2000-04-03,USM,AMD,reference,35.86
2000-04-04,AED,AMD,reference,143.88
2000-04-04,ARP,AMD,reference,528.59
2000-04-04,ATS,AMD,reference,36.68
2000-04-04,AUD,AMD,reference,320.7
2000-04-04,BEF,AMD,reference,12.512
2000-04-04,BGL,AMD,reference,258.06
2000-04-04,BRC,AMD,reference,303.37
2000-04-04,BYR,AMD,reference,1.212
2000-04-04,CAD,AMD,reference,363.5
2000-04-04,CHF,AMD,reference,317.3
2000-04-04,CNY,AMD,reference,63.82
2000-04-04,CZK,AMD,reference,13.88
2000-04-04,DEM,AMD,reference,258.06
2000-04-04,DKK,AMD,reference,67.56
2000-04-04,EEK,AMD,reference,32.29
2000-04-04,EGP,AMD,reference,153.06
2000-04-04,ESP,AMD,reference,3.033
2000-04-04,EUR,AMD,reference,504.72
2000-04-04,FIM,AMD,reference,84.89
2000-04-04,FRF,AMD,reference,76.94
2000-04-04,GBP,AMD,reference,839.48
2000-04-04,GEL,AMD,reference,272.63
2000-04-04,GRD,AMD,reference,1.508
2000-04-04,HUF,AMD,reference,1.943
2000-04-04,IEP,AMD,reference,640.87
2000-04-04,ILS,AMD,reference,131.23
2000-04-04,INR,AMD,reference,12.11
2000-04-04,IRR,AMD,reference,0.3015
2000-04-04,ISK,AMD,reference,71.7
2000-04-04,ITL,AMD,reference,0.2607
2000-04-04,JPY,AMD,reference,5.039
2000-04-04,KGS,AMD,reference,11.1
2000-04-04,KRW,AMD,reference,0.4754
2000-04-04,KWD,AMD,reference,1722.92
2000-04-04,KZT,AMD,reference,37.23
2000-04-04,LBP,AMD,reference,0.3505
2000-04-04,LTL,AMD,reference,132.09
2000-04-04,LVL,AMD,reference,887.97
2000-04-04,MDL,AMD,reference,42.2
2000-04-04,MXN,AMD,reference,56.89
2000-04-04,NLG,AMD,reference,229.03
2000-04-04,NOK,AMD,reference,62.4
2000-04-04,PLZ,AMD,reference,127.79
2000-04-04,PTE,AMD,reference,2.518
2000-04-04,ROL,AMD,reference,0.02709
2000-04-04,RUB,AMD,reference,18.23
2000-04-04,SAR,AMD,reference,140.88
2000-04-04,SDR,AMD,reference,706.96
2000-04-04,SEK,AMD,reference,60.94
2000-04-04,SGD,AMD,reference,308.41
2000-04-04,SKK,AMD,reference,12.07
2000-04-04,SYP,AMD,reference,11.49
2000-04-04,TAD,AMD,reference,3.891
2000-04-04,TJS,AMD,reference,3.891
2000-04-04,TMM,AMD,reference,0.1016
2000-04-04,TMT,AMD,reference,0.1016
2000-04-04,TRL,AMD,reference,0.00898
2000-04-04,UAH,AMD,reference,97.3
2000-04-04,USD,AMD,reference,528.34
2000-04-04,USM,AMD,reference,35.9
2000-04-05,AED,AMD,reference,144.19
2000-04-05,ARP,AMD,reference,529.7
2000-04-05,ATS,AMD,reference,36.8
2000-04-05,AUD,AMD,reference,319.26
2000-04-05,BEF,AMD,reference,12.552
2000-04-05,BGL,AMD,reference,258.9
2000-04-05,BRC,AMD,reference,304.12
2000-04-05,BYR,AMD,reference,1.209
2000-04-05,CAD,AMD,reference,363.96
2000-04-05,CHF,AMD,reference,318.75
2000-04-05,CNY,AMD,reference,63.95
2000-04-05,CZK,AMD,reference,13.94
2000-04-05,DEM,AMD,reference,258.9
2000-04-05,DKK,AMD,reference,67.8
2000-04-05,EEK,AMD,reference,32.25
2000-04-05,EGP,AMD,reference,153.29
2000-04-05,ESP,AMD,reference,3.043
2000-04-05,EUR,AMD,reference,506.37
2000-04-05,FIM,AMD,reference,85.16
2000-04-05,FRF,AMD,reference,77.2
2000-04-05,GBP,AMD,reference,845
2000-04-05,GEL,AMD,reference,274.33
2000-04-05,GRD,AMD,reference,1.508
2000-04-05,HUF,AMD,reference,1.949
2000-04-05,IEP,AMD,reference,642.95
2000-04-05,ILS,AMD,reference,130.7
2000-04-05,INR,AMD,reference,12.14
2000-04-05,IRR,AMD,reference,0.3015
2000-04-05,ISK,AMD,reference,71.83
2000-04-05,ITL,AMD,reference,0.2615
2000-04-05,JPY,AMD,reference,5.04
2000-04-05,KGS,AMD,reference,11.09
2000-04-05,KRW,AMD,reference,0.4785
2000-04-05,KWD,AMD,reference,1729.77
2000-04-05,KZT,AMD,reference,37.31
2000-04-05,LBP,AMD,reference,0.3512
2000-04-05,LTL,AMD,reference,132.36
2000-04-05,LVL,AMD,reference,889.83
2000-04-05,MDL,AMD,reference,42.3
2000-04-05,MXN,AMD,reference,57.03
2000-04-05,NLG,AMD,reference,229.78
2000-04-05,NOK,AMD,reference,62.44
2000-04-05,PLZ,AMD,reference,126.36
2000-04-05,PTE,AMD,reference,2.526
2000-04-05,ROL,AMD,reference,0.02713
2000-04-05,RUB,AMD,reference,18.4
2000-04-05,SAR,AMD,reference,141.17
2000-04-05,SDR,AMD,reference,706.96
2000-04-05,SEK,AMD,reference,61.04
2000-04-05,SGD,AMD,reference,308.35
2000-04-05,SKK,AMD,reference,12.14
2000-04-05,SYP,AMD,reference,11.51
2000-04-05,TAD,AMD,reference,3.899
2000-04-05,TJS,AMD,reference,3.899
2000-04-05,TMM,AMD,reference,0.1018
2000-04-05,TMT,AMD,reference,0.1018
2000-04-05,TRL,AMD,reference,0.00899
2000-04-05,UAH,AMD,reference,97.47
2000-04-05,USD,AMD,reference,529.45
2000-04-05,USM,AMD,reference,35.85
2000-04-06,AED,AMD,reference,144.19
2000-04-06,ARP,AMD,reference,529.56
2000-04-06,ATS,AMD,reference,36.7
2000-04-06,AUD,AMD,reference,320.53
2000-04-06,BEF,AMD,reference,12.518
2000-04-06,BGL,AMD,reference,258.2
2000-04-06,BRC,AMD,reference,303.7
2000-04-06,BYR,AMD,reference,1.203
2000-04-06,CAD,AMD,reference,364.41
2000-04-06,CHF,AMD,reference,319.27
2000-04-06,CNY,AMD,reference,63.95
2000-04-06,CZK,AMD,reference,14.07
2000-04-06,DEM,AMD,reference,258.2
2000-04-06,DKK,AMD,reference,68.51
2000-04-06,EEK,AMD,reference,32.25
2000-04-06,EGP,AMD,reference,153.35
2000-04-06,ESP,AMD,reference,3.035
2000-04-06,EUR,AMD,reference,504.99
2000-04-06,FIM,AMD,reference,84.93
2000-04-06,FRF,AMD,reference,76.99
2000-04-06,GBP,AMD,reference,844.37
2000-04-06,GEL,AMD,reference,269.58
2000-04-06,GRD,AMD,reference,1.508
2000-04-06,HUF,AMD,reference,1.971
2000-04-06,IEP,AMD,reference,641.2
2000-04-06,ILS,AMD,reference,131.34
2000-04-06,INR,AMD,reference,12.14
2000-04-06,IRR,AMD,reference,0.3015
2000-04-06,ISK,AMD,reference,71.83
2000-04-06,ITL,AMD,reference,0.2608
2000-04-06,JPY,AMD,reference,5.039
2000-04-06,KGS,AMD,reference,11.09
2000-04-06,KRW,AMD,reference,0.4785
2000-04-06,KWD,AMD,reference,1728.87
2000-04-06,KZT,AMD,reference,37.31
2000-04-06,LBP,AMD,reference,0.3512
2000-04-06,LTL,AMD,reference,132.36
2000-04-06,LVL,AMD,reference,889.83
2000-04-06,MDL,AMD,reference,42.18
2000-04-06,MXN,AMD,reference,56.88
2000-04-06,NLG,AMD,reference,229.15
2000-04-06,NOK,AMD,reference,62.23
2000-04-06,PLZ,AMD,reference,126.37
2000-04-06,PTE,AMD,reference,2.519
2000-04-06,ROL,AMD,reference,0.02711
2000-04-06,RUB,AMD,reference,18.4
2000-04-06,SAR,AMD,reference,141.17
2000-04-06,SDR,AMD,reference,706.96
2000-04-06,SEK,AMD,reference,60.84
2000-04-06,SGD,AMD,reference,308.6
2000-04-06,SKK,AMD,reference,12.27
2000-04-06,SYP,AMD,reference,11.51
2000-04-06,TAD,AMD,reference,3.899
2000-04-06,TJS,AMD,reference,3.899
2000-04-06,TMM,AMD,reference,0.1018
2000-04-06,TMT,AMD,reference,0.1018
2000-04-06,TRL,AMD,reference,0.00898
2000-04-06,UAH,AMD,reference,97.47
2000-04-06,USD,AMD,reference,529.45
2000-04-06,USM,AMD,reference,35.85
2000-04-10,AED,AMD,reference,144.19
2000-04-10,ARP,AMD,reference,529.7
2000-04-10,ATS,AMD,reference,36.8
2000-04-10,AUD,AMD,reference,317.62
2000-04-10,BEF,AMD,reference,12.552
2000-04-10,BGL,AMD,reference,258.9
2000-04-10,BRC,AMD,reference,303.21
2000-04-10,BYR,AMD,reference,1.195
2000-04-10,CAD,AMD,reference,363.26
2000-04-10,CHF,AMD,reference,321.97
2000-04-10,CNY,AMD,reference,63.95
2000-04-10,CZK,AMD,reference,14.01
2000-04-10,DEM,AMD,reference,258.9
2000-04-10,DKK,AMD,reference,68.14
2000-04-10,EEK,AMD,reference,32.48
2000-04-10,EGP,AMD,reference,153.24
2000-04-10,ESP,AMD,reference,3.043
2000-04-10,EUR,AMD,reference,506.37
2000-04-10,FIM,AMD,reference,85.16
2000-04-10,FRF,AMD,reference,77.2
2000-04-10,GBP,AMD,reference,839.07
2000-04-10,GEL,AMD,reference,265.39
2000-04-10,GRD,AMD,reference,1.517
2000-04-10,HUF,AMD,reference,1.962
2000-04-10,IEP,AMD,reference,642.95
2000-04-10,ILS,AMD,reference,131.34
2000-04-10,INR,AMD,reference,12.14
2000-04-10,IRR,AMD,reference,0.3015
2000-04-10,ISK,AMD,reference,72.05
2000-04-10,ITL,AMD,reference,0.2615
2000-04-10,JPY,AMD,reference,4.932
2000-04-10,KGS,AMD,reference,11.06
2000-04-10,KRW,AMD,reference,0.4757
2000-04-10,KWD,AMD,reference,1728.18
2000-04-10,KZT,AMD,reference,37.23
2000-04-10,LBP,AMD,reference,0.3512
2000-04-10,LTL,AMD,reference,132.36
2000-04-10,LVL,AMD,reference,891.33
2000-04-10,MDL,AMD,reference,41.84
2000-04-10,MXN,AMD,reference,56.81
2000-04-10,NLG,AMD,reference,229.78
2000-04-10,NOK,AMD,reference,62.31
2000-04-10,PLZ,AMD,reference,126.84
2000-04-10,PTE,AMD,reference,2.526
2000-04-10,ROL,AMD,reference,0.02704
2000-04-10,RUB,AMD,reference,18.4
2000-04-10,SAR,AMD,reference,141.17
2000-04-10,SDR,AMD,reference,706.96
2000-04-10,SEK,AMD,reference,61.21
2000-04-10,SGD,AMD,reference,309.25
2000-04-10,SKK,AMD,reference,12.2
2000-04-10,SYP,AMD,reference,11.51
2000-04-10,TAD,AMD,reference,3.899
2000-04-10,TJS,AMD,reference,3.899
2000-04-10,TMM,AMD,reference,0.1018
2000-04-10,TMT,AMD,reference,0.1018
2000-04-10,TRL,AMD,reference,0.00897
2000-04-10,UAH,AMD,reference,97.59
2000-04-10,USD,AMD,reference,529.45
2000-04-10,USM,AMD,reference,35.85
2000-04-11,AED,AMD,reference,144.46
2000-04-11,ARP,AMD,reference,530.72
2000-04-11,ATS,AMD,reference,36.87
2000-04-11,AUD,AMD,reference,317.38
2000-04-11,BEF,AMD,reference,12.577
2000-04-11,BGL,AMD,reference,259.4
2000-04-11,BRC,AMD,reference,303.8
2000-04-11,BYR,AMD,reference,1.187
2000-04-11,CAD,AMD,reference,363.96
2000-04-11,CHF,AMD,reference,322.59
2000-04-11,CNY,AMD,reference,64.08
2000-04-11,CZK,AMD,reference,14.02
2000-04-11,DEM,AMD,reference,259.4
2000-04-11,DKK,AMD,reference,68.18
2000-04-11,EEK,AMD,reference,32.54
2000-04-11,EGP,AMD,reference,153.62
2000-04-11,ESP,AMD,reference,3.049
2000-04-11,EUR,AMD,reference,507.34
2000-04-11,FIM,AMD,reference,85.33
2000-04-11,FRF,AMD,reference,77.34
2000-04-11,GBP,AMD,reference,838.78
2000-04-11,GEL,AMD,reference,265.9
2000-04-11,GRD,AMD,reference,1.52
2000-04-11,HUF,AMD,reference,1.962
2000-04-11,IEP,AMD,reference,644.19
2000-04-11,ILS,AMD,reference,131.59
2000-04-11,INR,AMD,reference,12.16
2000-04-11,IRR,AMD,reference,0.3015
2000-04-11,ISK,AMD,reference,72.05
2000-04-11,ITL,AMD,reference,0.262
2000-04-11,JPY,AMD,reference,5.002
2000-04-11,KGS,AMD,reference,11.08
2000-04-11,KRW,AMD,reference,0.4766
2000-04-11,KWD,AMD,reference,1731.51
2000-04-11,KZT,AMD,reference,37.3
2000-04-11,LBP,AMD,reference,0.3519
2000-04-11,LTL,AMD,reference,132.62
2000-04-11,LVL,AMD,reference,891.55
2000-04-11,MDL,AMD,reference,41.92
2000-04-11,MXN,AMD,reference,56.92
2000-04-11,NLG,AMD,reference,230.22
2000-04-11,NOK,AMD,reference,62.43
2000-04-11,PLZ,AMD,reference,128.06
2000-04-11,PTE,AMD,reference,2.531
2000-04-11,ROL,AMD,reference,0.02704
2000-04-11,RUB,AMD,reference,18.5
2000-04-11,SAR,AMD,reference,141.44
2000-04-11,SDR,AMD,reference,706.96
2000-04-11,SEK,AMD,reference,61.33
2000-04-11,SGD,AMD,reference,309.05
2000-04-11,SKK,AMD,reference,12.22
2000-04-11,SYP,AMD,reference,11.53
2000-04-11,TAD,AMD,reference,3.906
2000-04-11,TJS,AMD,reference,3.906
2000-04-11,TMM,AMD,reference,0.102
2000-04-11,TMT,AMD,reference,0.102
2000-04-11,TRL,AMD,reference,0.00899
2000-04-11,UAH,AMD,reference,97.78
2000-04-11,USD,AMD,reference,530.47
2000-04-11,USM,AMD,reference,35.92
2000-04-12,AED,AMD,reference,144.71
2000-04-12,ARP,AMD,reference,531.69
2000-04-12,ATS,AMD,reference,37.03
2000-04-12,AUD,AMD,reference,316.37
2000-04-12,BEF,AMD,reference,12.632
2000-04-12,BGL,AMD,reference,260.54
2000-04-12,BRC,AMD,reference,305.81
2000-04-12,BYR,AMD,reference,1.181
2000-04-12,CAD,AMD,reference,363.67
2000-04-12,CHF,AMD,reference,323.93
2000-04-12,CNY,AMD,reference,64.19
2000-04-12,CZK,AMD,reference,14.07
2000-04-12,DEM,AMD,reference,260.54
2000-04-12,DKK,AMD,reference,68.66
2000-04-12,EEK,AMD,reference,32.68
2000-04-12,EGP,AMD,reference,154.03
2000-04-12,ESP,AMD,reference,3.063
2000-04-12,EUR,AMD,reference,509.57
2000-04-12,FIM,AMD,reference,85.7
2000-04-12,FRF,AMD,reference,77.68
2000-04-12,GBP,AMD,reference,842.95
2000-04-12,GEL,AMD,reference,263.7
2000-04-12,GRD,AMD,reference,1.519
2000-04-12,HUF,AMD,reference,1.979
2000-04-12,IEP,AMD,reference,647.03
2000-04-12,ILS,AMD,reference,131.81
2000-04-12,INR,AMD,reference,12.18
2000-04-12,IRR,AMD,reference,0.3015
2000-04-12,ISK,AMD,reference,72.17
2000-04-12,ITL,AMD,reference,0.2632
2000-04-12,JPY,AMD,reference,4.969
2000-04-12,KGS,AMD,reference,11.1
2000-04-12,KRW,AMD,reference,0.4789
2000-04-12,KWD,AMD,reference,1734.25
2000-04-12,KZT,AMD,reference,37.37
2000-04-12,LBP,AMD,reference,0.3525
2000-04-12,LTL,AMD,reference,132.84
2000-04-12,LVL,AMD,reference,891.54
2000-04-12,MDL,AMD,reference,41.94
2000-04-12,MXN,AMD,reference,57.21
2000-04-12,NLG,AMD,reference,231.23
2000-04-12,NOK,AMD,reference,62.55
2000-04-12,PLZ,AMD,reference,128.05
2000-04-12,PTE,AMD,reference,2.542
2000-04-12,ROL,AMD,reference,0.02705
2000-04-12,RUB,AMD,reference,18.5
2000-04-12,SAR,AMD,reference,141.68
2000-04-12,SDR,AMD,reference,706.96
2000-04-12,SEK,AMD,reference,61.57
2000-04-12,SGD,AMD,reference,309.08
2000-04-12,SKK,AMD,reference,12.32
2000-04-12,SYP,AMD,reference,11.55
2000-04-12,TAD,AMD,reference,3.913
2000-04-12,TJS,AMD,reference,3.913
2000-04-12,TMM,AMD,reference,0.1022
2000-04-12,TMT,AMD,reference,0.1022
2000-04-12,TRL,AMD,reference,0.009
2000-04-12,UAH,AMD,reference,97.93
2000-04-12,USD,AMD,reference,531.36
2000-04-12,USM,AMD,reference,35.98
2000-04-13,AED,AMD,reference,144.71
2000-04-13,ARP,AMD,reference,531.47
2000-04-13,ATS,AMD,reference,37.05
2000-04-13,AUD,AMD,reference,316.9
2000-04-13,BEF,AMD,reference,12.637
2000-04-13,BGL,AMD,reference,260.65
2000-04-13,BRC,AMD,reference,304.32
2000-04-13,BYR,AMD,reference,1.176
2000-04-13,CAD,AMD,reference,362.98
2000-04-13,CHF,AMD,reference,324.33
2000-04-13,CNY,AMD,reference,64.19
2000-04-13,CZK,AMD,reference,13.99
2000-04-13,DEM,AMD,reference,260.65
2000-04-13,DKK,AMD,reference,68.36
2000-04-13,EEK,AMD,reference,32.68
2000-04-13,EGP,AMD,reference,153.84
2000-04-13,ESP,AMD,reference,3.064
2000-04-13,EUR,AMD,reference,509.79
2000-04-13,FIM,AMD,reference,85.74
2000-04-13,FRF,AMD,reference,77.72
2000-04-13,GBP,AMD,reference,842.37
2000-04-13,GEL,AMD,reference,263.7
2000-04-13,GRD,AMD,reference,1.524
2000-04-13,HUF,AMD,reference,1.971
2000-04-13,IEP,AMD,reference,647.3
2000-04-13,ILS,AMD,reference,131.81
2000-04-13,INR,AMD,reference,12.18
2000-04-13,IRR,AMD,reference,0.3015
2000-04-13,ISK,AMD,reference,72.17
2000-04-13,ITL,AMD,reference,0.2633
2000-04-13,JPY,AMD,reference,5.038
2000-04-13,KGS,AMD,reference,11.1
2000-04-13,KRW,AMD,reference,0.4789
2000-04-13,KWD,AMD,reference,1734.04
2000-04-13,KZT,AMD,reference,37.31
2000-04-13,LBP,AMD,reference,0.3525
2000-04-13,LTL,AMD,reference,132.84
2000-04-13,LVL,AMD,reference,891.54
2000-04-13,MDL,AMD,reference,41.91
2000-04-13,MXN,AMD,reference,56.73
2000-04-13,NLG,AMD,reference,231.33
2000-04-13,NOK,AMD,reference,62.35
2000-04-13,PLZ,AMD,reference,129.63
2000-04-13,PTE,AMD,reference,2.543
2000-04-13,ROL,AMD,reference,0.02701
2000-04-13,RUB,AMD,reference,18.5
2000-04-13,SAR,AMD,reference,141.68
2000-04-13,SDR,AMD,reference,706.96
2000-04-13,SEK,AMD,reference,61.66
2000-04-13,SGD,AMD,reference,309.03
2000-04-13,SKK,AMD,reference,12.26
2000-04-13,SYP,AMD,reference,11.55
2000-04-13,TAD,AMD,reference,3.913
2000-04-13,TJS,AMD,reference,3.913
2000-04-13,TMM,AMD,reference,0.1022
2000-04-13,TMT,AMD,reference,0.1022
2000-04-13,TRL,AMD,reference,0.00899
2000-04-13,UAH,AMD,reference,97.93
2000-04-13,USD,AMD,reference,531.36
2000-04-13,USM,AMD,reference,35.84
2000-04-14,AED,AMD,reference,145.02
2000-04-14,ARP,AMD,reference,532.61
2000-04-14,ATS,AMD,reference,37.06
2000-04-14,AUD,AMD,reference,318.97
2000-04-14,BEF,AMD,reference,12.641
2000-04-14,BGL,AMD,reference,260.72
2000-04-14,BRC,AMD,reference,304.71
2000-04-14,BYR,AMD,reference,1.17
2000-04-14,CAD,AMD,reference,364.18
2000-04-14,CHF,AMD,reference,323.86
2000-04-14,CNY,AMD,reference,64.33
2000-04-14,CZK,AMD,reference,13.97
2000-04-14,DEM,AMD,reference,260.72
2000-04-14,DKK,AMD,reference,68.43
2000-04-14,EEK,AMD,reference,32.59
2000-04-14,EGP,AMD,reference,154.35
2000-04-14,ESP,AMD,reference,3.065
2000-04-14,EUR,AMD,reference,509.92
2000-04-14,FIM,AMD,reference,85.76
2000-04-14,FRF,AMD,reference,77.74
2000-04-14,GBP,AMD,reference,845.72
2000-04-14,GEL,AMD,reference,269.62
2000-04-14,GRD,AMD,reference,1.522
2000-04-14,HUF,AMD,reference,1.977
2000-04-14,IEP,AMD,reference,647.47
2000-04-14,ILS,AMD,reference,132.09
2000-04-14,INR,AMD,reference,12.2
2000-04-14,IRR,AMD,reference,0.3015
2000-04-14,ISK,AMD,reference,72.37
2000-04-14,ITL,AMD,reference,0.2634
2000-04-14,JPY,AMD,reference,5.035
2000-04-14,KGS,AMD,reference,11.13
2000-04-14,KRW,AMD,reference,0.4799
2000-04-14,KWD,AMD,reference,1737.71
2000-04-14,KZT,AMD,reference,37.39
2000-04-14,LBP,AMD,reference,0.3532
2000-04-14,LTL,AMD,reference,133.13
2000-04-14,LVL,AMD,reference,893.46
2000-04-14,MDL,AMD,reference,42.01
2000-04-14,MXN,AMD,reference,56.67
2000-04-14,NLG,AMD,reference,231.39
2000-04-14,NOK,AMD,reference,62.5
2000-04-14,PLZ,AMD,reference,127.91
2000-04-14,PTE,AMD,reference,2.543
2000-04-14,ROL,AMD,reference,0.02702
2000-04-14,RUB,AMD,reference,18.5
2000-04-14,SAR,AMD,reference,141.98
2000-04-14,SDR,AMD,reference,706.96
2000-04-14,SEK,AMD,reference,61.5
2000-04-14,SGD,AMD,reference,309.83
2000-04-14,SKK,AMD,reference,12.28
2000-04-14,SYP,AMD,reference,11.58
2000-04-14,TAD,AMD,reference,3.921
2000-04-14,TJS,AMD,reference,3.921
2000-04-14,TMM,AMD,reference,0.1024
2000-04-14,TMT,AMD,reference,0.1024
2000-04-14,TRL,AMD,reference,0.00899
2000-04-14,UAH,AMD,reference,98.06
2000-04-14,USD,AMD,reference,532.5
2000-04-14,USM,AMD,reference,35.92
2000-04-17,AED,AMD,reference,145.02
2000-04-17,ARP,AMD,reference,532.61
2000-04-17,ATS,AMD,reference,36.91
2000-04-17,AUD,AMD,reference,318.12
2000-04-17,BEF,AMD,reference,12.589
2000-04-17,BGL,AMD,reference,259.66
2000-04-17,BRC,AMD,reference,302.03
2000-04-17,BYR,AMD,reference,1.165
2000-04-17,CAD,AMD,reference,363.23
2000-04-17,CHF,AMD,reference,322.69
2000-04-17,CNY,AMD,reference,64.33
2000-04-17,CZK,AMD,reference,13.96
2000-04-17,DEM,AMD,reference,259.66
2000-04-17,DKK,AMD,reference,68.32
2000-04-17,EEK,AMD,reference,32.58
2000-04-17,EGP,AMD,reference,154.35
2000-04-17,ESP,AMD,reference,3.052
2000-04-17,EUR,AMD,reference,507.85
2000-04-17,FIM,AMD,reference,85.41
2000-04-17,FRF,AMD,reference,77.42
2000-04-17,GBP,AMD,reference,843.11
2000-04-17,GEL,AMD,reference,266.25
2000-04-17,GRD,AMD,reference,1.52
2000-04-17,HUF,AMD,reference,1.972
2000-04-17,IEP,AMD,reference,644.83
2000-04-17,ILS,AMD,reference,132.09
2000-04-17,INR,AMD,reference,12.2
2000-04-17,IRR,AMD,reference,0.3015
2000-04-17,ISK,AMD,reference,72.38
2000-04-17,ITL,AMD,reference,0.2623
2000-04-17,JPY,AMD,reference,5.031
2000-04-17,KGS,AMD,reference,11.13
2000-04-17,KRW,AMD,reference,0.4807
2000-04-17,KWD,AMD,reference,1737.49
2000-04-17,KZT,AMD,reference,37.39
2000-04-17,LBP,AMD,reference,0.3532
2000-04-17,LTL,AMD,reference,133.13
2000-04-17,LVL,AMD,reference,893.46
2000-04-17,MDL,AMD,reference,41.95
2000-04-17,MXN,AMD,reference,56.66
2000-04-17,NLG,AMD,reference,230.45
2000-04-17,NOK,AMD,reference,62.33
2000-04-17,PLZ,AMD,reference,127.54
2000-04-17,PTE,AMD,reference,2.533
2000-04-17,ROL,AMD,reference,0.02698
2000-04-17,RUB,AMD,reference,18.5
2000-04-17,SAR,AMD,reference,141.98
2000-04-17,SDR,AMD,reference,706.96
2000-04-17,SEK,AMD,reference,61.26
2000-04-17,SGD,AMD,reference,309.83
2000-04-17,SKK,AMD,reference,12.25
2000-04-17,SYP,AMD,reference,11.58
2000-04-17,TAD,AMD,reference,3.921
2000-04-17,TJS,AMD,reference,3.921
2000-04-17,TMM,AMD,reference,0.1024
2000-04-17,TMT,AMD,reference,0.1024
2000-04-17,TRL,AMD,reference,0.00899
2000-04-17,UAH,AMD,reference,98.06
2000-04-17,USD,AMD,reference,532.5
2000-04-17,USM,AMD,reference,35.92
2000-04-18,AED,AMD,reference,144.99
2000-04-18,ARP,AMD,reference,529.12
2000-04-18,ATS,AMD,reference,36.91
2000-04-18,AUD,AMD,reference,321.09
2000-04-18,BEF,AMD,reference,12.591
2000-04-18,BGL,AMD,reference,259.69
2000-04-18,BRC,AMD,reference,298.4
2000-04-18,BYR,AMD,reference,1.165
2000-04-18,CAD,AMD,reference,360.61
2000-04-18,CHF,AMD,reference,322.75
2000-04-18,CNY,AMD,reference,64.32
2000-04-18,CZK,AMD,reference,14.01
2000-04-18,DEM,AMD,reference,259.69
2000-04-18,DKK,AMD,reference,68.66
2000-04-18,EEK,AMD,reference,32.69
2000-04-18,EGP,AMD,reference,154.05
2000-04-18,ESP,AMD,reference,3.053
2000-04-18,EUR,AMD,reference,507.91
2000-04-18,FIM,AMD,reference,85.42
2000-04-18,FRF,AMD,reference,77.43
2000-04-18,GBP,AMD,reference,846.46
2000-04-18,GEL,AMD,reference,266.2
2000-04-18,GRD,AMD,reference,1.518
2000-04-18,HUF,AMD,reference,1.974
2000-04-18,IEP,AMD,reference,644.91
2000-04-18,ILS,AMD,reference,132.07
2000-04-18,INR,AMD,reference,12.2
2000-04-18,IRR,AMD,reference,0.3015
2000-04-18,ISK,AMD,reference,72.55
2000-04-18,ITL,AMD,reference,0.2623
2000-04-18,JPY,AMD,reference,5.151
2000-04-18,KGS,AMD,reference,11.11
2000-04-18,KRW,AMD,reference,0.4799
2000-04-18,KWD,AMD,reference,1738.66
2000-04-18,KZT,AMD,reference,37.44
2000-04-18,LBP,AMD,reference,0.3532
2000-04-18,LTL,AMD,reference,133.1
2000-04-18,LVL,AMD,reference,893.29
2000-04-18,MDL,AMD,reference,41.94
2000-04-18,MXN,AMD,reference,56.04
2000-04-18,NLG,AMD,reference,230.48
2000-04-18,NOK,AMD,reference,62.33
2000-04-18,PLZ,AMD,reference,124.5
2000-04-18,PTE,AMD,reference,2.533
2000-04-18,ROL,AMD,reference,0.02693
2000-04-18,RUB,AMD,reference,18.55
2000-04-18,SAR,AMD,reference,141.96
2000-04-18,SDR,AMD,reference,706.96
2000-04-18,SEK,AMD,reference,61.22
2000-04-18,SGD,AMD,reference,311.99
2000-04-18,SKK,AMD,reference,12.31
2000-04-18,SYP,AMD,reference,11.57
2000-04-18,TAD,AMD,reference,3.92
2000-04-18,TJS,AMD,reference,3.92
2000-04-18,TMM,AMD,reference,0.1024
2000-04-18,TMT,AMD,reference,0.1024
2000-04-18,TRL,AMD,reference,0.00901
2000-04-18,UAH,AMD,reference,98.04
2000-04-18,USD,AMD,reference,532.4
2000-04-18,USM,AMD,reference,35.91
2000-04-19,AED,AMD,reference,144.99
2000-04-19,ARP,AMD,reference,532.51
2000-04-19,ATS,AMD,reference,36.74
2000-04-19,AUD,AMD,reference,316.46
2000-04-19,BEF,AMD,reference,12.534
2000-04-19,BGL,AMD,reference,260.59
2000-04-19,BRC,AMD,reference,297.75
2000-04-19,BYR,AMD,reference,1.165
2000-04-19,CAD,AMD,reference,358.57
2000-04-19,CHF,AMD,reference,321.85
2000-04-19,CNY,AMD,reference,64.32
2000-04-19,CZK,AMD,reference,13.88
2000-04-19,DEM,AMD,reference,258.52
2000-04-19,DKK,AMD,reference,67.85
2000-04-19,EEK,AMD,reference,32.34
2000-04-19,EGP,AMD,reference,154.14
2000-04-19,ESP,AMD,reference,3.039
2000-04-19,EUR,AMD,reference,505.62
2000-04-19,FIM,AMD,reference,85.04
2000-04-19,FRF,AMD,reference,77.08
2000-04-19,GBP,AMD,reference,843.32
2000-04-19,GEL,AMD,reference,266.2
2000-04-19,GRD,AMD,reference,1.509
2000-04-19,HUF,AMD,reference,1.953
2000-04-19,IEP,AMD,reference,642.01
2000-04-19,ILS,AMD,reference,132.07
2000-04-19,INR,AMD,reference,12.2
2000-04-19,IRR,AMD,reference,0.3015
2000-04-19,ISK,AMD,reference,72.19
2000-04-19,ITL,AMD,reference,0.2611
2000-04-19,JPY,AMD,reference,5.102
2000-04-19,KGS,AMD,reference,11.11
2000-04-19,KRW,AMD,reference,0.4797
2000-04-19,KWD,AMD,reference,1739.99
2000-04-19,KZT,AMD,reference,37.44
2000-04-19,LBP,AMD,reference,0.3532
2000-04-19,LTL,AMD,reference,133.1
2000-04-19,LVL,AMD,reference,899.32
2000-04-19,MDL,AMD,reference,41.94
2000-04-19,MXN,AMD,reference,56.19
2000-04-19,NLG,AMD,reference,229.44
2000-04-19,NOK,AMD,reference,61.83
2000-04-19,PLZ,AMD,reference,124.62
2000-04-19,PTE,AMD,reference,2.522
2000-04-19,ROL,AMD,reference,0.0269
2000-04-19,RUB,AMD,reference,18.55
2000-04-19,SAR,AMD,reference,141.96
2000-04-19,SDR,AMD,reference,706.96
2000-04-19,SEK,AMD,reference,60.94
2000-04-19,SGD,AMD,reference,313.56
2000-04-19,SKK,AMD,reference,12.14
2000-04-19,SYP,AMD,reference,11.57
2000-04-19,TAD,AMD,reference,3.264
2000-04-19,TJS,AMD,reference,3.264
2000-04-19,TMM,AMD,reference,0.1024
2000-04-19,TMT,AMD,reference,0.1024
2000-04-19,TRL,AMD,reference,0.00898
2000-04-19,UAH,AMD,reference,98.06
2000-04-19,USD,AMD,reference,532.4
2000-04-19,USM,AMD,reference,35.77
2000-04-20,AED,AMD,reference,144.98
2000-04-20,ARP,AMD,reference,532.46
2000-04-20,ATS,AMD,reference,36.74
2000-04-20,AUD,AMD,reference,318.08
2000-04-20,BEF,AMD,reference,12.533
2000-04-20,BGL,AMD,reference,258.5
2000-04-20,BRC,AMD,reference,301.67
2000-04-20,BYR,AMD,reference,1.145
2000-04-20,CAD,AMD,reference,358.75
2000-04-20,CHF,AMD,reference,321.82
2000-04-20,CNY,AMD,reference,64.31
2000-04-20,CZK,AMD,reference,13.87
2000-04-20,DEM,AMD,reference,258.5
2000-04-20,DKK,AMD,reference,67.64
2000-04-20,EEK,AMD,reference,32.22
2000-04-20,EGP,AMD,reference,154.08
2000-04-20,ESP,AMD,reference,3.039
2000-04-20,EUR,AMD,reference,505.57
2000-04-20,FIM,AMD,reference,85.03
2000-04-20,FRF,AMD,reference,77.07
2000-04-20,GBP,AMD,reference,842.23
2000-04-20,GEL,AMD,reference,266.18
2000-04-20,GRD,AMD,reference,1.509
2000-04-20,HUF,AMD,reference,1.95
2000-04-20,IEP,AMD,reference,641.95
2000-04-20,ILS,AMD,reference,132.06
2000-04-20,INR,AMD,reference,12.2
2000-04-20,IRR,AMD,reference,0.3015
2000-04-20,ISK,AMD,reference,72.07
2000-04-20,ITL,AMD,reference,0.2611
2000-04-20,JPY,AMD,reference,5.096
2000-04-20,KGS,AMD,reference,11.11
2000-04-20,KRW,AMD,reference,0.4796
2000-04-20,KWD,AMD,reference,1738.07
2000-04-20,KZT,AMD,reference,37.44
2000-04-20,LBP,AMD,reference,0.3531
2000-04-20,LTL,AMD,reference,133.09
2000-04-20,LVL,AMD,reference,893.2
2000-04-20,MDL,AMD,reference,41.97
2000-04-20,MXN,AMD,reference,56.43
2000-04-20,NLG,AMD,reference,229.42
2000-04-20,NOK,AMD,reference,61.67
2000-04-20,PLZ,AMD,reference,125.09
2000-04-20,PTE,AMD,reference,2.522
2000-04-20,ROL,AMD,reference,0.02686
2000-04-20,RUB,AMD,reference,18.55
2000-04-20,SAR,AMD,reference,141.94
2000-04-20,SDR,AMD,reference,706.96
2000-04-20,SEK,AMD,reference,60.93
2000-04-20,SGD,AMD,reference,313.61
2000-04-20,SKK,AMD,reference,12.14
2000-04-20,SYP,AMD,reference,11.57
2000-04-20,TAD,AMD,reference,3.264
2000-04-20,TJS,AMD,reference,3.264
2000-04-20,TMM,AMD,reference,0.1024
2000-04-20,TMT,AMD,reference,0.1024
2000-04-20,TRL,AMD,reference,0.00894
2000-04-20,UAH,AMD,reference,98.09
2000-04-20,USD,AMD,reference,532.35
2000-04-20,USM,AMD,reference,35.77
2000-04-21,AED,AMD,reference,144.92
2000-04-21,ARP,AMD,reference,532.26
2000-04-21,ATS,AMD,reference,36.59
2000-04-21,AUD,AMD,reference,316.95
2000-04-21,BEF,AMD,reference,12.481
2000-04-21,BGL,AMD,reference,257.42
2000-04-21,BRC,AMD,reference,301.66
2000-04-21,BYR,AMD,reference,1.144
2000-04-21,CAD,AMD,reference,360.54
2000-04-21,CHF,AMD,reference,319.7
2000-04-21,CNY,AMD,reference,64.29
2000-04-21,CZK,AMD,reference,13.79
2000-04-21,DEM,AMD,reference,257.42
2000-04-21,DKK,AMD,reference,67.61
2000-04-21,EEK,AMD,reference,32.21
2000-04-21,EGP,AMD,reference,154.11
2000-04-21,ESP,AMD,reference,3.026
2000-04-21,EUR,AMD,reference,503.47
2000-04-21,FIM,AMD,reference,84.68
2000-04-21,FRF,AMD,reference,76.75
2000-04-21,GBP,AMD,reference,840.85
2000-04-21,GEL,AMD,reference,267.41
2000-04-21,GRD,AMD,reference,1.503
2000-04-21,HUF,AMD,reference,1.935
2000-04-21,IEP,AMD,reference,639.27
2000-04-21,ILS,AMD,reference,132.01
2000-04-21,INR,AMD,reference,12.19
2000-04-21,IRR,AMD,reference,0.3015
2000-04-21,ISK,AMD,reference,72.04
2000-04-21,ITL,AMD,reference,0.26
2000-04-21,JPY,AMD,reference,5.079
2000-04-21,KGS,AMD,reference,11.1
2000-04-21,KRW,AMD,reference,0.4774
2000-04-21,KWD,AMD,reference,1736.51
2000-04-21,KZT,AMD,reference,37.42
2000-04-21,LBP,AMD,reference,0.353
2000-04-21,LTL,AMD,reference,133.04
2000-04-21,LVL,AMD,reference,891.37
2000-04-21,MDL,AMD,reference,41.96
2000-04-21,MXN,AMD,reference,56.68
2000-04-21,NLG,AMD,reference,228.46
2000-04-21,NOK,AMD,reference,61.65
2000-04-21,PLZ,AMD,reference,124.1
2000-04-21,PTE,AMD,reference,2.511
2000-04-21,ROL,AMD,reference,0.0268
2000-04-21,RUB,AMD,reference,18.55
2000-04-21,SAR,AMD,reference,141.89
2000-04-21,SDR,AMD,reference,706.96
2000-04-21,SEK,AMD,reference,60.93
2000-04-21,SGD,AMD,reference,313.63
2000-04-21,SKK,AMD,reference,12.04
2000-04-21,SYP,AMD,reference,11.57
2000-04-21,TAD,AMD,reference,3.263
2000-04-21,TJS,AMD,reference,3.263
2000-04-21,TMM,AMD,reference,0.1023
2000-04-21,TMT,AMD,reference,0.1023
2000-04-21,TRL,AMD,reference,0.00892
2000-04-21,UAH,AMD,reference,98.09
2000-04-21,USD,AMD,reference,532.15
2000-04-21,USM,AMD,reference,35.76
2000-04-25,AED,AMD,reference,144.84
2000-04-25,ARP,AMD,reference,532.32
2000-04-25,ATS,AMD,reference,36.24
2000-04-25,AUD,AMD,reference,316.77
2000-04-25,BEF,AMD,reference,12.362
2000-04-25,BGL,AMD,reference,254.96
2000-04-25,BRC,AMD,reference,298.68
2000-04-25,BYR,AMD,reference,1.144
2000-04-25,CAD,AMD,reference,361.16
2000-04-25,CHF,AMD,reference,317.07
2000-04-25,CNY,AMD,reference,64.25
2000-04-25,CZK,AMD,reference,13.74
2000-04-25,DEM,AMD,reference,254.96
2000-04-25,DKK,AMD,reference,67.57
2000-04-25,EEK,AMD,reference,31.95
2000-04-25,EGP,AMD,reference,154.02
2000-04-25,ESP,AMD,reference,2.997
2000-04-25,EUR,AMD,reference,498.66
2000-04-25,FIM,AMD,reference,83.87
2000-04-25,FRF,AMD,reference,76.02
2000-04-25,GBP,AMD,reference,840.38
2000-04-25,GEL,AMD,reference,267.26
2000-04-25,GRD,AMD,reference,1.49
2000-04-25,HUF,AMD,reference,1.932
2000-04-25,IEP,AMD,reference,633.17
2000-04-25,ILS,AMD,reference,131.93
2000-04-25,INR,AMD,reference,12.18
2000-04-25,IRR,AMD,reference,0.3015
2000-04-25,ISK,AMD,reference,72
2000-04-25,ITL,AMD,reference,0.2575
2000-04-25,JPY,AMD,reference,5.033
2000-04-25,KGS,AMD,reference,11.09
2000-04-25,KRW,AMD,reference,0.4789
2000-04-25,KWD,AMD,reference,1734.31
2000-04-25,KZT,AMD,reference,37.4
2000-04-25,LBP,AMD,reference,0.3528
2000-04-25,LTL,AMD,reference,132.96
2000-04-25,LVL,AMD,reference,890.87
2000-04-25,MDL,AMD,reference,41.98
2000-04-25,MXN,AMD,reference,56.59
2000-04-25,NLG,AMD,reference,226.28
2000-04-25,NOK,AMD,reference,61.61
2000-04-25,PLZ,AMD,reference,123.84
2000-04-25,PTE,AMD,reference,2.487
2000-04-25,ROL,AMD,reference,0.02675
2000-04-25,RUB,AMD,reference,18.55
2000-04-25,SAR,AMD,reference,141.81
2000-04-25,SDR,AMD,reference,706.96
2000-04-25,SEK,AMD,reference,60.49
2000-04-25,SGD,AMD,reference,313.45
2000-04-25,SKK,AMD,reference,12.04
2000-04-25,SYP,AMD,reference,11.82
2000-04-25,TAD,AMD,reference,3.261
2000-04-25,TJS,AMD,reference,3.261
2000-04-25,TMM,AMD,reference,0.1023
2000-04-25,TMT,AMD,reference,0.1023
2000-04-25,TRL,AMD,reference,0.00887
2000-04-25,UAH,AMD,reference,98.12
2000-04-25,USD,AMD,reference,531.85
2000-04-25,USM,AMD,reference,35.74
2000-04-26,AED,AMD,reference,144.62
2000-04-26,ARP,AMD,reference,531.15
2000-04-26,ATS,AMD,reference,36.18
2000-04-26,AUD,AMD,reference,316.77
2000-04-26,BEF,AMD,reference,12.343
2000-04-26,BGL,AMD,reference,254.57
2000-04-26,BRC,AMD,reference,296.68
2000-04-26,BYR,AMD,reference,1.13
2000-04-26,CAD,AMD,reference,359.78
2000-04-26,CHF,AMD,reference,316.59
2000-04-26,CNY,AMD,reference,64.15
2000-04-26,CZK,AMD,reference,13.72
2000-04-26,DEM,AMD,reference,254.57
2000-04-26,DKK,AMD,reference,66.73
2000-04-26,EEK,AMD,reference,31.92
2000-04-26,EGP,AMD,reference,153.95
2000-04-26,ESP,AMD,reference,2.992
2000-04-26,EUR,AMD,reference,497.9
2000-04-26,FIM,AMD,reference,83.74
2000-04-26,FRF,AMD,reference,75.9
2000-04-26,GBP,AMD,reference,837.45
2000-04-26,GEL,AMD,reference,266.85
2000-04-26,GRD,AMD,reference,1.483
2000-04-26,HUF,AMD,reference,1.928
2000-04-26,IEP,AMD,reference,632.21
2000-04-26,ILS,AMD,reference,131.73
2000-04-26,INR,AMD,reference,12.17
2000-04-26,IRR,AMD,reference,0.3015
2000-04-26,ISK,AMD,reference,71.37
2000-04-26,ITL,AMD,reference,0.2571
2000-04-26,JPY,AMD,reference,5.041
2000-04-26,KGS,AMD,reference,11.07
2000-04-26,KRW,AMD,reference,0.4788
2000-04-26,KWD,AMD,reference,1732.31
2000-04-26,KZT,AMD,reference,37.34
2000-04-26,LBP,AMD,reference,0.3523
2000-04-26,LTL,AMD,reference,132.76
2000-04-26,LVL,AMD,reference,889.51
2000-04-26,MDL,AMD,reference,41.85
2000-04-26,MXN,AMD,reference,56.27
2000-04-26,NLG,AMD,reference,225.94
2000-04-26,NOK,AMD,reference,61.52
2000-04-26,PLZ,AMD,reference,123.56
2000-04-26,PTE,AMD,reference,2.484
2000-04-26,ROL,AMD,reference,0.02661
2000-04-26,RUB,AMD,reference,18.55
2000-04-26,SAR,AMD,reference,141.59
2000-04-26,SDR,AMD,reference,706.96
2000-04-26,SEK,AMD,reference,60.39
2000-04-26,SGD,AMD,reference,311.96
2000-04-26,SKK,AMD,reference,11.97
2000-04-26,SYP,AMD,reference,11.54
2000-04-26,TAD,AMD,reference,3.256
2000-04-26,TJS,AMD,reference,3.256
2000-04-26,TMM,AMD,reference,0.1021
2000-04-26,TMT,AMD,reference,0.1021
2000-04-26,TRL,AMD,reference,0.00886
2000-04-26,UAH,AMD,reference,98.07
2000-04-26,USD,AMD,reference,531.04
2000-04-26,USM,AMD,reference,35.68
2000-04-27,AED,AMD,reference,144.53
2000-04-27,ARP,AMD,reference,530.83
2000-04-27,ATS,AMD,reference,35.88
2000-04-27,AUD,AMD,reference,313.12
2000-04-27,BEF,AMD,reference,12.238
2000-04-27,BGL,AMD,reference,252.41
2000-04-27,BRC,AMD,reference,296.57
2000-04-27,BYR,AMD,reference,1.117
2000-04-27,CAD,AMD,reference,361.06
2000-04-27,CHF,AMD,reference,314.2
2000-04-27,CNY,AMD,reference,64.11
2000-04-27,CZK,AMD,reference,13.48
2000-04-27,DEM,AMD,reference,252.41
2000-04-27,DKK,AMD,reference,65.49
2000-04-27,EEK,AMD,reference,31.23
2000-04-27,EGP,AMD,reference,153.35
2000-04-27,ESP,AMD,reference,2.967
2000-04-27,EUR,AMD,reference,493.68
2000-04-27,FIM,AMD,reference,83.03
2000-04-27,FRF,AMD,reference,75.26
2000-04-27,GBP,AMD,reference,836.79
2000-04-27,GEL,AMD,reference,266.69
2000-04-27,GRD,AMD,reference,1.482
2000-04-27,HUF,AMD,reference,1.889
2000-04-27,IEP,AMD,reference,626.84
2000-04-27,ILS,AMD,reference,131.65
2000-04-27,INR,AMD,reference,12.16
2000-04-27,IRR,AMD,reference,0.3015
2000-04-27,ISK,AMD,reference,70.72
2000-04-27,ITL,AMD,reference,0.255
2000-04-27,JPY,AMD,reference,5.013
2000-04-27,KGS,AMD,reference,11.06
2000-04-27,KRW,AMD,reference,0.4785
2000-04-27,KWD,AMD,reference,1728.18
2000-04-27,KZT,AMD,reference,37.35
2000-04-27,LBP,AMD,reference,0.3521
2000-04-27,LTL,AMD,reference,132.68
2000-04-27,LVL,AMD,reference,887.49
2000-04-27,MDL,AMD,reference,41.84
2000-04-27,MXN,AMD,reference,56.43
2000-04-27,NLG,AMD,reference,224.02
2000-04-27,NOK,AMD,reference,60.48
2000-04-27,PLZ,AMD,reference,123.29
2000-04-27,PTE,AMD,reference,2.462
2000-04-27,ROL,AMD,reference,0.02654
2000-04-27,RUB,AMD,reference,18.6
2000-04-27,SAR,AMD,reference,141.5
2000-04-27,SDR,AMD,reference,706.96
2000-04-27,SEK,AMD,reference,59.89
2000-04-27,SGD,AMD,reference,311.23
2000-04-27,SKK,AMD,reference,11.74
2000-04-27,SYP,AMD,reference,11.79
2000-04-27,TAD,AMD,reference,3.254
2000-04-27,TJS,AMD,reference,3.254
2000-04-27,TMM,AMD,reference,0.1021
2000-04-27,TMT,AMD,reference,0.1021
2000-04-27,TRL,AMD,reference,0.00879
2000-04-27,UAH,AMD,reference,98.08
2000-04-27,USD,AMD,reference,530.72
2000-04-27,USM,AMD,reference,35.66
2000-04-28,AED,AMD,reference,144.53
2000-04-28,ARP,AMD,reference,530.83
2000-04-28,ATS,AMD,reference,35.46
2000-04-28,AUD,AMD,reference,313.5
2000-04-28,BEF,AMD,reference,12.095
2000-04-28,BGL,AMD,reference,249.45
2000-04-28,BRC,AMD,reference,295.18
2000-04-28,BYR,AMD,reference,1.117
2000-04-28,CAD,AMD,reference,359.66
2000-04-28,CHF,AMD,reference,310.34
2000-04-28,CNY,AMD,reference,64.11
2000-04-28,CZK,AMD,reference,13.49
2000-04-28,DEM,AMD,reference,249.45
2000-04-28,DKK,AMD,reference,65.56
2000-04-28,EEK,AMD,reference,31.25
2000-04-28,EGP,AMD,reference,153.51
2000-04-28,ESP,AMD,reference,2.932
2000-04-28,EUR,AMD,reference,487.89
2000-04-28,FIM,AMD,reference,82.06
2000-04-28,FRF,AMD,reference,74.38
2000-04-28,GBP,AMD,reference,835.35
2000-04-28,GEL,AMD,reference,268.04
2000-04-28,GRD,AMD,reference,1.452
2000-04-28,HUF,AMD,reference,1.894
2000-04-28,IEP,AMD,reference,619.49
2000-04-28,ILS,AMD,reference,131.65
2000-04-28,INR,AMD,reference,12.16
2000-04-28,IRR,AMD,reference,0.3015
2000-04-28,ISK,AMD,reference,70.69
2000-04-28,ITL,AMD,reference,0.252
2000-04-28,JPY,AMD,reference,5.007
2000-04-28,KGS,AMD,reference,11.06
2000-04-28,KRW,AMD,reference,0.4788
2000-04-28,KWD,AMD,reference,1726.75
2000-04-28,KZT,AMD,reference,37.35
2000-04-28,LBP,AMD,reference,0.3521
2000-04-28,LTL,AMD,reference,132.68
2000-04-28,LVL,AMD,reference,881.59
2000-04-28,MDL,AMD,reference,41.86
2000-04-28,MXN,AMD,reference,56.4
2000-04-28,NLG,AMD,reference,221.4
2000-04-28,NOK,AMD,reference,59.84
2000-04-28,PLZ,AMD,reference,123.25
2000-04-28,PTE,AMD,reference,2.434
2000-04-28,ROL,AMD,reference,0.02647
2000-04-28,RUB,AMD,reference,18.6
2000-04-28,SAR,AMD,reference,141.5
2000-04-28,SDR,AMD,reference,706.96
2000-04-28,SEK,AMD,reference,59.63
2000-04-28,SGD,AMD,reference,311.23
2000-04-28,SKK,AMD,reference,11.77
2000-04-28,SYP,AMD,reference,11.79
2000-04-28,TAD,AMD,reference,3.254
2000-04-28,TJS,AMD,reference,3.254
2000-04-28,TMM,AMD,reference,0.1021
2000-04-28,TMT,AMD,reference,0.1021
2000-04-28,TRL,AMD,reference,0.00876
2000-04-28,UAH,AMD,reference,98.19
2000-04-28,USD,AMD,reference,530.72
2000-04-28,USM,AMD,reference,35.66
2000-04-29,AED,AMD,reference,144.53
2000-04-29,ARP,AMD,reference,530.83
2000-04-29,ATS,AMD,reference,35.34
2000-04-29,AUD,AMD,reference,313.34
2000-04-29,BEF,AMD,reference,12.055
2000-04-29,BGL,AMD,reference,248.64
2000-04-29,BRC,AMD,reference,293.21
2000-04-29,BYR,AMD,reference,1.117
2000-04-29,CAD,AMD,reference,358.84
2000-04-29,CHF,AMD,reference,308.92
2000-04-29,CNY,AMD,reference,64.11
2000-04-29,CZK,AMD,reference,13.3
2000-04-29,DEM,AMD,reference,248.64
2000-04-29,DKK,AMD,reference,64.66
2000-04-29,EEK,AMD,reference,31.25
2000-04-29,EGP,AMD,reference,153.51
2000-04-29,ESP,AMD,reference,2.923
2000-04-29,EUR,AMD,reference,486.3
2000-04-29,FIM,AMD,reference,81.79
2000-04-29,FRF,AMD,reference,74.14
2000-04-29,GBP,AMD,reference,831.85
2000-04-29,GEL,AMD,reference,268.04
2000-04-29,GRD,AMD,reference,1.452
2000-04-29,HUF,AMD,reference,1.871
2000-04-29,IEP,AMD,reference,617.47
2000-04-29,ILS,AMD,reference,131.65
2000-04-29,INR,AMD,reference,12.16
2000-04-29,IRR,AMD,reference,0.3015
2000-04-29,ISK,AMD,reference,70.69
2000-04-29,ITL,AMD,reference,0.2512
2000-04-29,JPY,AMD,reference,4.987
2000-04-29,KGS,AMD,reference,11.06
2000-04-29,KRW,AMD,reference,0.4787
2000-04-29,KWD,AMD,reference,1727.18
2000-04-29,KZT,AMD,reference,37.35
2000-04-29,LBP,AMD,reference,0.3521
2000-04-29,LTL,AMD,reference,132.68
2000-04-29,LVL,AMD,reference,881.59
2000-04-29,MDL,AMD,reference,41.9
2000-04-29,MXN,AMD,reference,56.16
2000-04-29,NLG,AMD,reference,220.67
2000-04-29,NOK,AMD,reference,59.49
2000-04-29,PLZ,AMD,reference,119.98
2000-04-29,PTE,AMD,reference,2.426
2000-04-29,ROL,AMD,reference,0.02644
2000-04-29,RUB,AMD,reference,18.66
2000-04-29,SAR,AMD,reference,141.5
2000-04-29,SDR,AMD,reference,706.96
2000-04-29,SEK,AMD,reference,59.39
2000-04-29,SGD,AMD,reference,311.56
2000-04-29,SKK,AMD,reference,11.6
2000-04-29,SYP,AMD,reference,11.54
2000-04-29,TAD,AMD,reference,3.254
2000-04-29,TJS,AMD,reference,3.254
2000-04-29,TMM,AMD,reference,0.1021
2000-04-29,TMT,AMD,reference,0.1021
2000-04-29,TRL,AMD,reference,0.00875
2000-04-29,UAH,AMD,reference,98.25
2000-04-29,USD,AMD,reference,530.72
2000-04-29,USM,AMD,reference,35.66
2000-05-01,AED,AMD,reference,144.53
2000-05-01,ARP,AMD,reference,531.08
2000-05-01,ATS,AMD,reference,35.04
2000-05-01,AUD,AMD,reference,313.34
2000-05-01,BEF,AMD,reference,11.952
2000-05-01,BGL,AMD,reference,246.52
2000-05-01,BRC,AMD,reference,293.97
2000-05-01,BYR,AMD,reference,1.117
2000-05-01,CAD,AMD,reference,358.33
2000-05-01,CHF,AMD,reference,306.91
2000-05-01,CNY,AMD,reference,64.11
2000-05-01,CZK,AMD,reference,13.3
2000-05-01,DEM,AMD,reference,246.52
2000-05-01,DKK,AMD,reference,64.66
2000-05-01,EEK,AMD,reference,30.75
2000-05-01,EGP,AMD,reference,153.51
2000-05-01,ESP,AMD,reference,2.898
2000-05-01,EUR,AMD,reference,482.16
2000-05-01,FIM,AMD,reference,81.09
2000-05-01,FRF,AMD,reference,73.5
2000-05-01,GBP,AMD,reference,831.85
2000-05-01,GEL,AMD,reference,268.04
2000-05-01,GRD,AMD,reference,1.452
2000-05-01,HUF,AMD,reference,1.871
2000-05-01,IEP,AMD,reference,612.22
2000-05-01,ILS,AMD,reference,131.65
2000-05-01,INR,AMD,reference,12.16
2000-05-01,IRR,AMD,reference,0.3015
2000-05-01,ISK,AMD,reference,70.19
2000-05-01,ITL,AMD,reference,0.249
2000-05-01,JPY,AMD,reference,4.987
2000-05-01,KGS,AMD,reference,11.06
2000-05-01,KRW,AMD,reference,0.4788
2000-05-01,KWD,AMD,reference,1724.15
2000-05-01,KZT,AMD,reference,37.35
2000-05-01,LBP,AMD,reference,0.3521
2000-05-01,LTL,AMD,reference,132.68
2000-05-01,LVL,AMD,reference,881.59
2000-05-01,MDL,AMD,reference,41.98
2000-05-01,MXN,AMD,reference,56.4
2000-05-01,NLG,AMD,reference,218.79
2000-05-01,NOK,AMD,reference,59.18
2000-05-01,PLZ,AMD,reference,119.98
2000-05-01,PTE,AMD,reference,2.405
2000-05-01,ROL,AMD,reference,0.02644
2000-05-01,RUB,AMD,reference,18.7
2000-05-01,SAR,AMD,reference,141.5
2000-05-01,SDR,AMD,reference,706.96
2000-05-01,SEK,AMD,reference,59.23
2000-05-01,SGD,AMD,reference,311.33
2000-05-01,SKK,AMD,reference,11.6
2000-05-01,SYP,AMD,reference,11.54
2000-05-01,TAD,AMD,reference,3.254
2000-05-01,TJS,AMD,reference,3.254
2000-05-01,TMM,AMD,reference,0.1021
2000-05-01,TMT,AMD,reference,0.1021
2000-05-01,TRL,AMD,reference,0.00871
2000-05-01,USD,AMD,reference,530.72
2000-05-01,USM,AMD,reference,35.66
2000-05-02,AED,AMD,reference,144.48
2000-05-02,ARP,AMD,reference,530.89
2000-05-02,ATS,AMD,reference,35.03
2000-05-02,AUD,AMD,reference,307.76
2000-05-02,BEF,AMD,reference,11.948
2000-05-02,BGL,AMD,reference,246.44
2000-05-02,BRC,AMD,reference,293.87
2000-05-02,BYR,AMD,reference,1.117
2000-05-02,CAD,AMD,reference,358.2
2000-05-02,CHF,AMD,reference,306.8
2000-05-02,CNY,AMD,reference,64.09
2000-05-02,CZK,AMD,reference,13.29
2000-05-02,DEM,AMD,reference,246.44
2000-05-02,DKK,AMD,reference,64.95
2000-05-02,EEK,AMD,reference,30.74
2000-05-02,EGP,AMD,reference,152.67
2000-05-02,ESP,AMD,reference,2.897
2000-05-02,EUR,AMD,reference,481.99
2000-05-02,FIM,AMD,reference,81.06
2000-05-02,FRF,AMD,reference,73.48
2000-05-02,GBP,AMD,reference,831.55
2000-05-02,GEL,AMD,reference,267.94
2000-05-02,GRD,AMD,reference,1.452
2000-05-02,HUF,AMD,reference,1.87
2000-05-02,IEP,AMD,reference,612
2000-05-02,ILS,AMD,reference,131.6
2000-05-02,INR,AMD,reference,12.15
2000-05-02,IRR,AMD,reference,0.3015
2000-05-02,ISK,AMD,reference,70.17
2000-05-02,ITL,AMD,reference,0.2489
2000-05-02,JPY,AMD,reference,4.914
2000-05-02,KGS,AMD,reference,11.06
2000-05-02,KRW,AMD,reference,0.4786
2000-05-02,KWD,AMD,reference,1723.53
2000-05-02,KZT,AMD,reference,37.33
2000-05-02,LBP,AMD,reference,0.3519
2000-05-02,LTL,AMD,reference,132.63
2000-05-02,LVL,AMD,reference,881.28
2000-05-02,MDL,AMD,reference,41.96
2000-05-02,MXN,AMD,reference,56.38
2000-05-02,NLG,AMD,reference,218.72
2000-05-02,NOK,AMD,reference,59.16
2000-05-02,PLZ,AMD,reference,119.94
2000-05-02,PTE,AMD,reference,2.404
2000-05-02,ROL,AMD,reference,0.02643
2000-05-02,RUB,AMD,reference,18.7
2000-05-02,SAR,AMD,reference,141.45
2000-05-02,SDR,AMD,reference,706.96
2000-05-02,SEK,AMD,reference,59.21
2000-05-02,SGD,AMD,reference,311.22
2000-05-02,SKK,AMD,reference,11.59
2000-05-02,SYP,AMD,reference,11.53
2000-05-02,TAD,AMD,reference,3.253
2000-05-02,TJS,AMD,reference,3.253
2000-05-02,TMM,AMD,reference,0.102
2000-05-02,TMT,AMD,reference,0.102
2000-05-02,TRL,AMD,reference,0.00871
2000-05-02,UAH,AMD,reference,98.24
2000-05-02,USD,AMD,reference,530.53
2000-05-02,USM,AMD,reference,22.97
2000-05-03,AED,AMD,reference,144.48
2000-05-03,ARP,AMD,reference,530.89
2000-05-03,ATS,AMD,reference,35.03
2000-05-03,AUD,AMD,reference,310.52
2000-05-03,BEF,AMD,reference,11.948
2000-05-03,BGL,AMD,reference,246.44
2000-05-03,BRC,AMD,reference,293.85
2000-05-03,BYR,AMD,reference,1.117
2000-05-03,CAD,AMD,reference,358.88
2000-05-03,CHF,AMD,reference,306.8
2000-05-03,CNY,AMD,reference,64.09
2000-05-03,CZK,AMD,reference,13.31
2000-05-03,DEM,AMD,reference,246.44
2000-05-03,DKK,AMD,reference,64.85
2000-05-03,EEK,AMD,reference,30.95
2000-05-03,EGP,AMD,reference,153.45
2000-05-03,ESP,AMD,reference,2.897
2000-05-03,EUR,AMD,reference,481.99
2000-05-03,FIM,AMD,reference,81.06
2000-05-03,FRF,AMD,reference,73.48
2000-05-03,GBP,AMD,reference,826.94
2000-05-03,GEL,AMD,reference,267.94
2000-05-03,GRD,AMD,reference,1.452
2000-05-03,HUF,AMD,reference,1.873
2000-05-03,IEP,AMD,reference,612
2000-05-03,ILS,AMD,reference,131.6
2000-05-03,INR,AMD,reference,12.16
2000-05-03,IRR,AMD,reference,0.3015
2000-05-03,ISK,AMD,reference,70
2000-05-03,ITL,AMD,reference,0.2489
2000-05-03,JPY,AMD,reference,4.891
2000-05-03,KGS,AMD,reference,11.06
2000-05-03,KRW,AMD,reference,0.4778
2000-05-03,KWD,AMD,reference,1722.95
2000-05-03,KZT,AMD,reference,37.33
2000-05-03,LBP,AMD,reference,0.3519
2000-05-03,LTL,AMD,reference,132.63
2000-05-03,LVL,AMD,reference,878.36
2000-05-03,MDL,AMD,reference,41.96
2000-05-03,MXN,AMD,reference,56.85
2000-05-03,NLG,AMD,reference,218.72
2000-05-03,NOK,AMD,reference,59.16
2000-05-03,PLZ,AMD,reference,119.09
2000-05-03,PTE,AMD,reference,2.404
2000-05-03,ROL,AMD,reference,0.02641
2000-05-03,RUB,AMD,reference,18.7
2000-05-03,SAR,AMD,reference,141.45
2000-05-03,SDR,AMD,reference,706.96
2000-05-03,SEK,AMD,reference,59.21
2000-05-03,SGD,AMD,reference,311.22
2000-05-03,SKK,AMD,reference,11.63
2000-05-03,SYP,AMD,reference,11.53
2000-05-03,TAD,AMD,reference,3.907
2000-05-03,TJS,AMD,reference,3.907
2000-05-03,TMM,AMD,reference,0.102
2000-05-03,TMT,AMD,reference,0.102
2000-05-03,TRL,AMD,reference,0.00868
2000-05-03,UAH,AMD,reference,98.24
2000-05-03,USD,AMD,reference,530.53
2000-05-03,USM,AMD,reference,22.97
2000-05-04,AED,AMD,reference,144.64
2000-05-04,ARP,AMD,reference,531.21
2000-05-04,ATS,AMD,reference,35.18
2000-05-04,AUD,AMD,reference,312.55
2000-05-04,BEF,AMD,reference,12.002
2000-05-04,BGL,AMD,reference,247.54
2000-05-04,BRC,AMD,reference,295.23
2000-05-04,BYR,AMD,reference,1.118
2000-05-04,CAD,AMD,reference,357.55
2000-05-04,CHF,AMD,reference,310.37
2000-05-04,CNY,AMD,reference,64.16
2000-05-04,CZK,AMD,reference,13.16
2000-05-04,DEM,AMD,reference,247.54
2000-05-04,DKK,AMD,reference,64.09
2000-05-04,EEK,AMD,reference,30.98
2000-05-04,EGP,AMD,reference,153.5
2000-05-04,ESP,AMD,reference,2.91
2000-05-04,EUR,AMD,reference,484.15
2000-05-04,FIM,AMD,reference,81.43
2000-05-04,FRF,AMD,reference,73.81
2000-05-04,GBP,AMD,reference,829.42
2000-05-04,GEL,AMD,reference,268.23
2000-05-04,GRD,AMD,reference,1.438
2000-05-04,HUF,AMD,reference,1.851
2000-05-04,IEP,AMD,reference,614.74
2000-05-04,ILS,AMD,reference,131.75
2000-05-04,INR,AMD,reference,12.17
2000-05-04,IRR,AMD,reference,0.3015
2000-05-04,ISK,AMD,reference,70.08
2000-05-04,ITL,AMD,reference,0.25
2000-05-04,JPY,AMD,reference,4.896
2000-05-04,KGS,AMD,reference,11.07
2000-05-04,KRW,AMD,reference,0.4783
2000-05-04,KWD,AMD,reference,1725.54
2000-05-04,KZT,AMD,reference,37.38
2000-05-04,LBP,AMD,reference,0.3523
2000-05-04,LTL,AMD,reference,132.78
2000-05-04,LVL,AMD,reference,876.4
2000-05-04,MDL,AMD,reference,41.97
2000-05-04,MXN,AMD,reference,56.89
2000-05-04,NLG,AMD,reference,219.7
2000-05-04,NOK,AMD,reference,59.49
2000-05-04,PLZ,AMD,reference,119.22
2000-05-04,PTE,AMD,reference,2.415
2000-05-04,ROL,AMD,reference,0.02641
2000-05-04,RUB,AMD,reference,18.7
2000-05-04,SAR,AMD,reference,141.62
2000-05-04,SDR,AMD,reference,706.96
2000-05-04,SEK,AMD,reference,59.45
2000-05-04,SGD,AMD,reference,309.34
2000-05-04,SKK,AMD,reference,11.45
2000-05-04,SYP,AMD,reference,11.55
2000-05-04,TAD,AMD,reference,3.911
2000-05-04,TJS,AMD,reference,3.911
2000-05-04,TMM,AMD,reference,0.1021
2000-05-04,TMT,AMD,reference,0.1021
2000-05-04,TRL,AMD,reference,0.0087
2000-05-04,UAH,AMD,reference,98.35
2000-05-04,USD,AMD,reference,531.1
2000-05-04,USM,AMD,reference,22.99
2000-05-05,AED,AMD,reference,144.64
2000-05-05,ARP,AMD,reference,531.21
2000-05-05,ATS,AMD,reference,34.4
2000-05-05,AUD,AMD,reference,312.55
2000-05-05,BEF,AMD,reference,11.735
2000-05-05,BGL,AMD,reference,242.03
2000-05-05,BRC,AMD,reference,292.64
2000-05-05,BYR,AMD,reference,1.095
2000-05-05,CAD,AMD,reference,355.97
2000-05-05,CHF,AMD,reference,307.16
2000-05-05,CNY,AMD,reference,64.16
2000-05-05,CZK,AMD,reference,13
2000-05-05,DEM,AMD,reference,242.03
2000-05-05,DKK,AMD,reference,63.5
2000-05-05,EEK,AMD,reference,30.21
2000-05-05,EGP,AMD,reference,153.64
2000-05-05,ESP,AMD,reference,2.845
2000-05-05,EUR,AMD,reference,473.37
2000-05-05,FIM,AMD,reference,79.62
2000-05-05,FRF,AMD,reference,72.16
2000-05-05,GBP,AMD,reference,826.82
2000-05-05,GEL,AMD,reference,268.91
2000-05-05,GRD,AMD,reference,1.421
2000-05-05,HUF,AMD,reference,1.833
2000-05-05,IEP,AMD,reference,601.06
2000-05-05,ILS,AMD,reference,131.75
2000-05-05,INR,AMD,reference,12.17
2000-05-05,IRR,AMD,reference,0.3015
2000-05-05,ISK,AMD,reference,69.62
2000-05-05,ITL,AMD,reference,0.2445
2000-05-05,JPY,AMD,reference,4.896
2000-05-05,KGS,AMD,reference,11.06
2000-05-05,KRW,AMD,reference,0.4783
2000-05-05,KWD,AMD,reference,1723
2000-05-05,KZT,AMD,reference,37.38
2000-05-05,LBP,AMD,reference,0.3523
2000-05-05,LTL,AMD,reference,132.78
2000-05-05,LVL,AMD,reference,873.52
2000-05-05,MDL,AMD,reference,41.99
2000-05-05,MXN,AMD,reference,56.67
2000-05-05,NLG,AMD,reference,214.81
2000-05-05,NOK,AMD,reference,58.73
2000-05-05,PLZ,AMD,reference,116.88
2000-05-05,PTE,AMD,reference,2.361
2000-05-05,ROL,AMD,reference,0.02637
2000-05-05,RUB,AMD,reference,18.7
2000-05-05,SAR,AMD,reference,141.62
2000-05-05,SDR,AMD,reference,706.96
2000-05-05,SEK,AMD,reference,58.77
2000-05-05,SGD,AMD,reference,308.62
2000-05-05,SKK,AMD,reference,11.27
2000-05-05,SYP,AMD,reference,11.55
2000-05-05,TAD,AMD,reference,3.911
2000-05-05,TJS,AMD,reference,3.911
2000-05-05,TMM,AMD,reference,0.1021
2000-05-05,TMT,AMD,reference,0.1021
2000-05-05,TRL,AMD,reference,0.00862
2000-05-05,UAH,AMD,reference,98.35
2000-05-05,USD,AMD,reference,531.1
2000-05-05,USM,AMD,reference,22.99
2000-05-06,AED,AMD,reference,144.7
2000-05-06,ARP,AMD,reference,531.44
2000-05-06,ATS,AMD,reference,34.55
2000-05-06,AUD,AMD,reference,315.19
2000-05-06,BEF,AMD,reference,11.784
2000-05-06,BGL,AMD,reference,243.06
2000-05-06,BRC,AMD,reference,293.13
2000-05-06,BYR,AMD,reference,1.084
2000-05-06,CAD,AMD,reference,354.79
2000-05-06,CHF,AMD,reference,307.25
2000-05-06,CNY,AMD,reference,64.19
2000-05-06,CZK,AMD,reference,13
2000-05-06,DEM,AMD,reference,243.06
2000-05-06,DKK,AMD,reference,63.95
2000-05-06,EEK,AMD,reference,30.5
2000-05-06,EGP,AMD,reference,153.7
2000-05-06,ESP,AMD,reference,2.857
2000-05-06,EUR,AMD,reference,475.38
2000-05-06,FIM,AMD,reference,79.95
2000-05-06,FRF,AMD,reference,72.47
2000-05-06,GBP,AMD,reference,816.87
2000-05-06,GEL,AMD,reference,269.03
2000-05-06,GRD,AMD,reference,1.412
2000-05-06,HUF,AMD,reference,1.842
2000-05-06,IEP,AMD,reference,603.61
2000-05-06,ILS,AMD,reference,131.8
2000-05-06,INR,AMD,reference,12.18
2000-05-06,IRR,AMD,reference,0.3015
2000-05-06,ISK,AMD,reference,69.67
2000-05-06,ITL,AMD,reference,0.2455
2000-05-06,JPY,AMD,reference,4.898
2000-05-06,KGS,AMD,reference,11.06
2000-05-06,KRW,AMD,reference,0.4785
2000-05-06,KWD,AMD,reference,1725.02
2000-05-06,KZT,AMD,reference,37.39
2000-05-06,LBP,AMD,reference,0.3525
2000-05-06,LTL,AMD,reference,132.83
2000-05-06,LVL,AMD,reference,869.61
2000-05-06,MDL,AMD,reference,42.03
2000-05-06,MXN,AMD,reference,56.55
2000-05-06,NLG,AMD,reference,215.72
2000-05-06,NOK,AMD,reference,58.65
2000-05-06,PLZ,AMD,reference,114.65
2000-05-06,PTE,AMD,reference,2.371
2000-05-06,ROL,AMD,reference,0.02637
2000-05-06,RUB,AMD,reference,18.7
2000-05-06,SAR,AMD,reference,141.68
2000-05-06,SDR,AMD,reference,706.96
2000-05-06,SEK,AMD,reference,58.57
2000-05-06,SGD,AMD,reference,308.76
2000-05-06,SKK,AMD,reference,11.22
2000-05-06,SYP,AMD,reference,11.55
2000-05-06,TAD,AMD,reference,3.913
2000-05-06,TJS,AMD,reference,3.913
2000-05-06,TMM,AMD,reference,0.1022
2000-05-06,TMT,AMD,reference,0.1022
2000-05-06,TRL,AMD,reference,0.00863
2000-05-06,UAH,AMD,reference,98.44
2000-05-06,USD,AMD,reference,531.33
2000-05-06,USM,AMD,reference,23
2000-05-10,AED,AMD,reference,144.95
2000-05-10,ARP,AMD,reference,532.57
2000-05-10,ATS,AMD,reference,34.75
2000-05-10,AUD,AMD,reference,315.73
2000-05-10,BEF,AMD,reference,11.854
2000-05-10,BGL,AMD,reference,244.49
2000-05-10,BRC,AMD,reference,293.74
2000-05-10,BYR,AMD,reference,1.086
2000-05-10,CAD,AMD,reference,355.4
2000-05-10,CHF,AMD,reference,309.16
2000-05-10,CNY,AMD,reference,64.3
2000-05-10,CZK,AMD,reference,13.03
2000-05-10,DEM,AMD,reference,244.49
2000-05-10,DKK,AMD,reference,64.06
2000-05-10,EEK,AMD,reference,30.55
2000-05-10,EGP,AMD,reference,154.09
2000-05-10,ESP,AMD,reference,2.874
2000-05-10,EUR,AMD,reference,478.17
2000-05-10,FIM,AMD,reference,80.42
2000-05-10,FRF,AMD,reference,72.9
2000-05-10,GBP,AMD,reference,818.28
2000-05-10,GEL,AMD,reference,268.14
2000-05-10,GRD,AMD,reference,1.424
2000-05-10,HUF,AMD,reference,1.846
2000-05-10,IEP,AMD,reference,607.16
2000-05-10,ILS,AMD,reference,132.03
2000-05-10,INR,AMD,reference,12.2
2000-05-10,IRR,AMD,reference,0.3015
2000-05-10,ISK,AMD,reference,69.79
2000-05-10,ITL,AMD,reference,0.247
2000-05-10,JPY,AMD,reference,4.907
2000-05-10,KGS,AMD,reference,11.08
2000-05-10,KRW,AMD,reference,0.4794
2000-05-10,KWD,AMD,reference,1729.01
2000-05-10,KZT,AMD,reference,37.46
2000-05-10,LBP,AMD,reference,0.3531
2000-05-10,LTL,AMD,reference,133.06
2000-05-10,LVL,AMD,reference,871.11
2000-05-10,MDL,AMD,reference,42.1
2000-05-10,MXN,AMD,reference,56.15
2000-05-10,NLG,AMD,reference,216.99
2000-05-10,NOK,AMD,reference,58.85
2000-05-10,PLZ,AMD,reference,114.85
2000-05-10,PTE,AMD,reference,2.385
2000-05-10,ROL,AMD,reference,0.02641
2000-05-10,RUB,AMD,reference,18.7
2000-05-10,SAR,AMD,reference,141.93
2000-05-10,SDR,AMD,reference,706.96
2000-05-10,SEK,AMD,reference,58.7
2000-05-10,SGD,AMD,reference,309.29
2000-05-10,SKK,AMD,reference,11.24
2000-05-10,SYP,AMD,reference,11.57
2000-05-10,TAD,AMD,reference,3.919
2000-05-10,TJS,AMD,reference,3.919
2000-05-10,TMM,AMD,reference,0.1024
2000-05-10,TMT,AMD,reference,0.1024
2000-05-10,TRL,AMD,reference,0.00865
2000-05-10,UAH,AMD,reference,98.66
2000-05-10,USD,AMD,reference,532.25
2000-05-10,USM,AMD,reference,23.04
2000-05-11,AED,AMD,reference,145.35
2000-05-11,ARP,AMD,reference,533.85
2000-05-11,ATS,AMD,reference,34.82
2000-05-11,AUD,AMD,reference,310.96
2000-05-11,BEF,AMD,reference,11.879
2000-05-11,BGL,AMD,reference,245.01
2000-05-11,BRC,AMD,reference,295.49
2000-05-11,BYR,AMD,reference,1.078
2000-05-11,CAD,AMD,reference,357.14
2000-05-11,CHF,AMD,reference,309.54
2000-05-11,CNY,AMD,reference,64.48
2000-05-11,CZK,AMD,reference,13.14
2000-05-11,DEM,AMD,reference,245.01
2000-05-11,DKK,AMD,reference,65.13
2000-05-11,EEK,AMD,reference,30.65
2000-05-11,EGP,AMD,reference,154.35
2000-05-11,ESP,AMD,reference,2.88
2000-05-11,EUR,AMD,reference,479.19
2000-05-11,FIM,AMD,reference,80.59
2000-05-11,FRF,AMD,reference,73.05
2000-05-11,GBP,AMD,reference,814.43
2000-05-11,GEL,AMD,reference,269.57
2000-05-11,GRD,AMD,reference,1.422
2000-05-11,HUF,AMD,reference,1.88
2000-05-11,IEP,AMD,reference,608.45
2000-05-11,ILS,AMD,reference,132.4
2000-05-11,INR,AMD,reference,12.12
2000-05-11,IRR,AMD,reference,0.3015
2000-05-11,ISK,AMD,reference,69.93
2000-05-11,ITL,AMD,reference,0.2475
2000-05-11,JPY,AMD,reference,4.881
2000-05-11,KGS,AMD,reference,11.11
2000-05-11,KRW,AMD,reference,0.4804
2000-05-11,KWD,AMD,reference,1732.79
2000-05-11,KZT,AMD,reference,37.56
2000-05-11,LBP,AMD,reference,0.3541
2000-05-11,LTL,AMD,reference,133.44
2000-05-11,LVL,AMD,reference,873.55
2000-05-11,MDL,AMD,reference,42.22
2000-05-11,MXN,AMD,reference,56.25
2000-05-11,NLG,AMD,reference,217.45
2000-05-11,NOK,AMD,reference,58.8
2000-05-11,PLZ,AMD,reference,120.96
2000-05-11,PTE,AMD,reference,2.39
2000-05-11,ROL,AMD,reference,0.02638
2000-05-11,RUB,AMD,reference,18.7
2000-05-11,SAR,AMD,reference,142.32
2000-05-11,SDR,AMD,reference,706.96
2000-05-11,SEK,AMD,reference,58.69
2000-05-11,SGD,AMD,reference,308.68
2000-05-11,SKK,AMD,reference,11.28
2000-05-11,SYP,AMD,reference,11.6
2000-05-11,TAD,AMD,reference,3.93
2000-05-11,TJS,AMD,reference,3.93
2000-05-11,TMM,AMD,reference,0.1026
2000-05-11,TMT,AMD,reference,0.1026
2000-05-11,TRL,AMD,reference,0.00865
2000-05-11,UAH,AMD,reference,98.94
2000-05-11,USD,AMD,reference,533.74
2000-05-11,USM,AMD,reference,23.11
2000-05-12,AED,AMD,reference,145.59
2000-05-12,ARP,AMD,reference,534.72
2000-05-12,ATS,AMD,reference,35.27
2000-05-12,AUD,AMD,reference,308.68
2000-05-12,BEF,AMD,reference,12.032
2000-05-12,BGL,AMD,reference,248.93
2000-05-12,BRC,AMD,reference,294.13
2000-05-12,BYR,AMD,reference,1.069
2000-05-12,CAD,AMD,reference,357.43
2000-05-12,CHF,AMD,reference,311.96
2000-05-12,CNY,AMD,reference,64.58
2000-05-12,CZK,AMD,reference,13.09
2000-05-12,DEM,AMD,reference,248.17
2000-05-12,DKK,AMD,reference,65.05
2000-05-12,EEK,AMD,reference,31.05
2000-05-12,EGP,AMD,reference,154.64
2000-05-12,ESP,AMD,reference,2.917
2000-05-12,EUR,AMD,reference,485.37
2000-05-12,FIM,AMD,reference,81.63
2000-05-12,FRF,AMD,reference,73.99
2000-05-12,GBP,AMD,reference,799.35
2000-05-12,GEL,AMD,reference,268.65
2000-05-12,GRD,AMD,reference,1.445
2000-05-12,HUF,AMD,reference,1.874
2000-05-12,IEP,AMD,reference,616.3
2000-05-12,ILS,AMD,reference,132.62
2000-05-12,INR,AMD,reference,12.19
2000-05-12,IRR,AMD,reference,0.3015
2000-05-12,ISK,AMD,reference,69.89
2000-05-12,ITL,AMD,reference,0.2507
2000-05-12,JPY,AMD,reference,4.874
2000-05-12,KGS,AMD,reference,11.13
2000-05-12,KRW,AMD,reference,0.4812
2000-05-12,KWD,AMD,reference,1736.68
2000-05-12,KZT,AMD,reference,37.6
2000-05-12,LBP,AMD,reference,0.3546
2000-05-12,LTL,AMD,reference,133.65
2000-05-12,LVL,AMD,reference,876.41
2000-05-12,MDL,AMD,reference,42.31
2000-05-12,MXN,AMD,reference,55.87
2000-05-12,NLG,AMD,reference,220.25
2000-05-12,NOK,AMD,reference,59.02
2000-05-12,PLZ,AMD,reference,118.98
2000-05-12,PTE,AMD,reference,2.421
2000-05-12,ROL,AMD,reference,0.02637
2000-05-12,RUB,AMD,reference,18.84
2000-05-12,SAR,AMD,reference,142.56
2000-05-12,SDR,AMD,reference,706.96
2000-05-12,SEK,AMD,reference,58.98
2000-05-12,SGD,AMD,reference,308.27
2000-05-12,SKK,AMD,reference,11.22
2000-05-12,SYP,AMD,reference,11.62
2000-05-12,TAD,AMD,reference,3.937
2000-05-12,TJS,AMD,reference,3.937
2000-05-12,TMM,AMD,reference,0.1028
2000-05-12,TMT,AMD,reference,0.1028
2000-05-12,TRL,AMD,reference,0.00872
2000-05-12,UAH,AMD,reference,99.11
2000-05-12,USD,AMD,reference,534.61
2000-05-12,USM,AMD,reference,22.92
2000-05-15,AED,AMD,reference,145.57
2000-05-15,ARP,AMD,reference,534.64
2000-05-15,ATS,AMD,reference,35.27
2000-05-15,AUD,AMD,reference,310.08
2000-05-15,BEF,AMD,reference,12.03
2000-05-15,BGL,AMD,reference,248.13
2000-05-15,BRC,AMD,reference,294.11
2000-05-15,BYR,AMD,reference,1.058
2000-05-15,CAD,AMD,reference,358.89
2000-05-15,CHF,AMD,reference,311.91
2000-05-15,CNY,AMD,reference,64.57
2000-05-15,CZK,AMD,reference,13.09
2000-05-15,DEM,AMD,reference,248.13
2000-05-15,DKK,AMD,reference,64.68
2000-05-15,EEK,AMD,reference,31.05
2000-05-15,EGP,AMD,reference,154.61
2000-05-15,ESP,AMD,reference,2.917
2000-05-15,EUR,AMD,reference,485.3
2000-05-15,FIM,AMD,reference,81.62
2000-05-15,FRF,AMD,reference,73.98
2000-05-15,GBP,AMD,reference,809.01
2000-05-15,GEL,AMD,reference,268.61
2000-05-15,GRD,AMD,reference,1.445
2000-05-15,HUF,AMD,reference,1.865
2000-05-15,IEP,AMD,reference,616.2
2000-05-15,ILS,AMD,reference,132.6
2000-05-15,INR,AMD,reference,12.17
2000-05-15,IRR,AMD,reference,0.3015
2000-05-15,ISK,AMD,reference,69.88
2000-05-15,ITL,AMD,reference,0.2506
2000-05-15,JPY,AMD,reference,4.936
2000-05-15,KGS,AMD,reference,11.13
2000-05-15,KRW,AMD,reference,0.4816
2000-05-15,KWD,AMD,reference,1736.15
2000-05-15,KZT,AMD,reference,37.59
2000-05-15,LBP,AMD,reference,0.3546
2000-05-15,LTL,AMD,reference,133.63
2000-05-15,LVL,AMD,reference,873.42
2000-05-15,MDL,AMD,reference,42.3
2000-05-15,MXN,AMD,reference,55.81
2000-05-15,NLG,AMD,reference,220.22
2000-05-15,NOK,AMD,reference,59.01
2000-05-15,PLZ,AMD,reference,119.85
2000-05-15,PTE,AMD,reference,2.421
2000-05-15,ROL,AMD,reference,0.02631
2000-05-15,RUB,AMD,reference,18.9
2000-05-15,SAR,AMD,reference,142.54
2000-05-15,SDR,AMD,reference,706.96
2000-05-15,SEK,AMD,reference,58.97
2000-05-15,SGD,AMD,reference,309.76
2000-05-15,SKK,AMD,reference,11.22
2000-05-15,SYP,AMD,reference,11.62
2000-05-15,TAD,AMD,reference,3.936
2000-05-15,TJS,AMD,reference,3.936
2000-05-15,TMM,AMD,reference,0.1028
2000-05-15,TMT,AMD,reference,0.1028
2000-05-15,TRL,AMD,reference,0.0087
2000-05-15,UAH,AMD,reference,99.11
2000-05-15,USD,AMD,reference,534.53
2000-05-15,USM,AMD,reference,22.92
2000-05-16,AED,AMD,reference,145.61
2000-05-16,ARP,AMD,reference,535.01
2000-05-16,ATS,AMD,reference,35.08
2000-05-16,AUD,AMD,reference,309
2000-05-16,BEF,AMD,reference,11.968
2000-05-16,BGL,AMD,reference,246.84
2000-05-16,BRC,AMD,reference,292.59
2000-05-16,BYR,AMD,reference,1.059
2000-05-16,CAD,AMD,reference,359.58
2000-05-16,CHF,AMD,reference,310.9
2000-05-16,CNY,AMD,reference,64.59
2000-05-16,CZK,AMD,reference,13.28
2000-05-16,DEM,AMD,reference,246.84
2000-05-16,DKK,AMD,reference,65.59
2000-05-16,EEK,AMD,reference,30.88
2000-05-16,EGP,AMD,reference,154.45
2000-05-16,ESP,AMD,reference,2.902
2000-05-16,EUR,AMD,reference,482.77
2000-05-16,FIM,AMD,reference,81.2
2000-05-16,FRF,AMD,reference,73.6
2000-05-16,GBP,AMD,reference,808.83
2000-05-16,GEL,AMD,reference,268.69
2000-05-16,GRD,AMD,reference,1.438
2000-05-16,HUF,AMD,reference,1.889
2000-05-16,IEP,AMD,reference,612.99
2000-05-16,ILS,AMD,reference,132.64
2000-05-16,INR,AMD,reference,12.16
2000-05-16,IRR,AMD,reference,0.3015
2000-05-16,ISK,AMD,reference,70.38
2000-05-16,ITL,AMD,reference,0.2493
2000-05-16,JPY,AMD,reference,4.981
2000-05-16,KGS,AMD,reference,11.12
2000-05-16,KRW,AMD,reference,0.482
2000-05-16,KWD,AMD,reference,1736.62
2000-05-16,KZT,AMD,reference,37.55
2000-05-16,LBP,AMD,reference,0.3547
2000-05-16,LTL,AMD,reference,133.67
2000-05-16,LVL,AMD,reference,875.11
2000-05-16,MDL,AMD,reference,42.34
2000-05-16,MXN,AMD,reference,55.91
2000-05-16,NLG,AMD,reference,219.07
2000-05-16,NOK,AMD,reference,59.08
2000-05-16,PLZ,AMD,reference,120.39
2000-05-16,PTE,AMD,reference,2.408
2000-05-16,ROL,AMD,reference,0.02628
2000-05-16,RUB,AMD,reference,18.9
2000-05-16,SAR,AMD,reference,142.57
2000-05-16,SDR,AMD,reference,706.96
2000-05-16,SEK,AMD,reference,58.61
2000-05-16,SGD,AMD,reference,309.32
2000-05-16,SKK,AMD,reference,11.39
2000-05-16,SYP,AMD,reference,11.62
2000-05-16,TAD,AMD,reference,3.937
2000-05-16,TJS,AMD,reference,3.937
2000-05-16,TMM,AMD,reference,0.1028
2000-05-16,TMT,AMD,reference,0.1028
2000-05-16,TRL,AMD,reference,0.00868
2000-05-16,UAH,AMD,reference,99.14
2000-05-16,USD,AMD,reference,534.69
2000-05-16,USM,AMD,reference,22.93
2000-05-17,AED,AMD,reference,145.59
2000-05-17,ARP,AMD,reference,534.66
2000-05-17,ATS,AMD,reference,35.54
2000-05-17,AUD,AMD,reference,307.92
2000-05-17,BEF,AMD,reference,12.122
2000-05-17,BGL,AMD,reference,250.02
2000-05-17,BRC,AMD,reference,289.84
2000-05-17,BYR,AMD,reference,1.038
2000-05-17,CAD,AMD,reference,359.03
2000-05-17,CHF,AMD,reference,314.38
2000-05-17,CNY,AMD,reference,64.58
2000-05-17,CZK,AMD,reference,13.19
2000-05-17,DEM,AMD,reference,250.02
2000-05-17,DKK,AMD,reference,65.07
2000-05-17,EEK,AMD,reference,31.26
2000-05-17,EGP,AMD,reference,154.67
2000-05-17,ESP,AMD,reference,2.939
2000-05-17,EUR,AMD,reference,488.99
2000-05-17,FIM,AMD,reference,82.24
2000-05-17,FRF,AMD,reference,74.55
2000-05-17,GBP,AMD,reference,800.92
2000-05-17,GEL,AMD,reference,269.31
2000-05-17,GRD,AMD,reference,1.455
2000-05-17,HUF,AMD,reference,1.874
2000-05-17,IEP,AMD,reference,620.89
2000-05-17,ILS,AMD,reference,132.61
2000-05-17,INR,AMD,reference,12.16
2000-05-17,IRR,AMD,reference,0.3015
2000-05-17,ISK,AMD,reference,70.01
2000-05-17,ITL,AMD,reference,0.2525
2000-05-17,JPY,AMD,reference,4.908
2000-05-17,KGS,AMD,reference,11.12
2000-05-17,KRW,AMD,reference,0.4808
2000-05-17,KWD,AMD,reference,1738.33
2000-05-17,KZT,AMD,reference,37.54
2000-05-17,LBP,AMD,reference,0.3546
2000-05-17,LTL,AMD,reference,133.65
2000-05-17,LVL,AMD,reference,879.26
2000-05-17,MDL,AMD,reference,42.32
2000-05-17,MXN,AMD,reference,55.83
2000-05-17,NLG,AMD,reference,221.89
2000-05-17,NOK,AMD,reference,59.64
2000-05-17,PLZ,AMD,reference,121.26
2000-05-17,PTE,AMD,reference,2.439
2000-05-17,ROL,AMD,reference,0.02625
2000-05-17,RUB,AMD,reference,18.8
2000-05-17,SAR,AMD,reference,142.53
2000-05-17,SDR,AMD,reference,706.96
2000-05-17,SEK,AMD,reference,59.13
2000-05-17,SGD,AMD,reference,308.99
2000-05-17,SKK,AMD,reference,11.29
2000-05-17,SYP,AMD,reference,11.62
2000-05-17,TAD,AMD,reference,3.937
2000-05-17,TJS,AMD,reference,3.937
2000-05-17,TMM,AMD,reference,0.1028
2000-05-17,TMT,AMD,reference,0.1028
2000-05-17,TRL,AMD,reference,0.00871
2000-05-17,UAH,AMD,reference,98.99
2000-05-17,USD,AMD,reference,534.59
2000-05-17,USM,AMD,reference,22.71
2000-05-18,AED,AMD,reference,145.96
2000-05-18,ARP,AMD,reference,536.09
2000-05-18,ATS,AMD,reference,35.31
2000-05-18,AUD,AMD,reference,306.42
2000-05-18,BEF,AMD,reference,12.044
2000-05-18,BGL,AMD,reference,248.42
2000-05-18,BRC,AMD,reference,294.18
2000-05-18,BYR,AMD,reference,1.031
2000-05-18,CAD,AMD,reference,360.74
2000-05-18,CHF,AMD,reference,312.96
2000-05-18,CNY,AMD,reference,64.75
2000-05-18,CZK,AMD,reference,13.13
2000-05-18,DEM,AMD,reference,248.42
2000-05-18,DKK,AMD,reference,64.43
2000-05-18,EEK,AMD,reference,31.08
2000-05-18,EGP,AMD,reference,154.8
2000-05-18,ESP,AMD,reference,2.92
2000-05-18,EUR,AMD,reference,485.87
2000-05-18,FIM,AMD,reference,81.72
2000-05-18,FRF,AMD,reference,74.07
2000-05-18,GBP,AMD,reference,799.9
2000-05-18,GEL,AMD,reference,270.02
2000-05-18,GRD,AMD,reference,1.446
2000-05-18,HUF,AMD,reference,1.856
2000-05-18,IEP,AMD,reference,616.92
2000-05-18,ILS,AMD,reference,132.96
2000-05-18,INR,AMD,reference,12.19
2000-05-18,IRR,AMD,reference,0.3015
2000-05-18,ISK,AMD,reference,70.19
2000-05-18,ITL,AMD,reference,0.2509
2000-05-18,JPY,AMD,reference,4.906
2000-05-18,KGS,AMD,reference,11.15
2000-05-18,KRW,AMD,reference,0.482
2000-05-18,KWD,AMD,reference,1739.85
2000-05-18,KZT,AMD,reference,37.64
2000-05-18,LBP,AMD,reference,0.3555
2000-05-18,LTL,AMD,reference,134
2000-05-18,LVL,AMD,reference,877.22
2000-05-18,MDL,AMD,reference,42.45
2000-05-18,MXN,AMD,reference,56.38
2000-05-18,NLG,AMD,reference,220.48
2000-05-18,NOK,AMD,reference,59.43
2000-05-18,PLZ,AMD,reference,120.23
2000-05-18,PTE,AMD,reference,2.423
2000-05-18,ROL,AMD,reference,0.02628
2000-05-18,RUB,AMD,reference,18.8
2000-05-18,SAR,AMD,reference,142.91
2000-05-18,SDR,AMD,reference,700.13
2000-05-18,SEK,AMD,reference,58.89
2000-05-18,SGD,AMD,reference,310.17
2000-05-18,SKK,AMD,reference,11.21
2000-05-18,SYP,AMD,reference,11.65
2000-05-18,TAD,AMD,reference,3.274
2000-05-18,TJS,AMD,reference,3.274
2000-05-18,TMM,AMD,reference,0.1031
2000-05-18,TMT,AMD,reference,0.1031
2000-05-18,TRL,AMD,reference,0.00868
2000-05-18,UAH,AMD,reference,99.18
2000-05-18,USD,AMD,reference,535.98
2000-05-18,USM,AMD,reference,22.89
2000-05-19,AED,AMD,reference,146
2000-05-19,ARP,AMD,reference,536.22
2000-05-19,ATS,AMD,reference,34.76
2000-05-19,AUD,AMD,reference,305.85
2000-05-19,BEF,AMD,reference,11.857
2000-05-19,BGL,AMD,reference,244.56
2000-05-19,BRC,AMD,reference,292.54
2000-05-19,BYR,AMD,reference,1.021
2000-05-19,CAD,AMD,reference,357.72
2000-05-19,CHF,AMD,reference,308.83
2000-05-19,CNY,AMD,reference,64.76
2000-05-19,CZK,AMD,reference,13.03
2000-05-19,DEM,AMD,reference,244.56
2000-05-19,DKK,AMD,reference,64.23
2000-05-19,EEK,AMD,reference,30.62
2000-05-19,EGP,AMD,reference,154.89
2000-05-19,ESP,AMD,reference,2.875
2000-05-19,EUR,AMD,reference,478.32
2000-05-19,FIM,AMD,reference,80.45
2000-05-19,FRF,AMD,reference,72.92
2000-05-19,GBP,AMD,reference,794.62
2000-05-19,GEL,AMD,reference,270.08
2000-05-19,GRD,AMD,reference,1.424
2000-05-19,HUF,AMD,reference,1.851
2000-05-19,IEP,AMD,reference,607.34
2000-05-19,ILS,AMD,reference,132.99
2000-05-19,INR,AMD,reference,12.19
2000-05-19,IRR,AMD,reference,0.3015
2000-05-19,ISK,AMD,reference,69.39
2000-05-19,ITL,AMD,reference,0.247
2000-05-19,JPY,AMD,reference,4.913
2000-05-19,KGS,AMD,reference,11.15
2000-05-19,KRW,AMD,reference,0.4812
2000-05-19,KWD,AMD,reference,1740.64
2000-05-19,KZT,AMD,reference,37.65
2000-05-19,LBP,AMD,reference,0.3556
2000-05-19,LTL,AMD,reference,134.03
2000-05-19,LVL,AMD,reference,874.57
2000-05-19,MDL,AMD,reference,42.5
2000-05-19,MXN,AMD,reference,56.13
2000-05-19,NLG,AMD,reference,217.05
2000-05-19,NOK,AMD,reference,59.45
2000-05-19,PLZ,AMD,reference,118.29
2000-05-19,PTE,AMD,reference,2.386
2000-05-19,ROL,AMD,reference,0.02621
2000-05-19,RUB,AMD,reference,18.8
2000-05-19,SAR,AMD,reference,142.94
2000-05-19,SDR,AMD,reference,700.13
2000-05-19,SEK,AMD,reference,58.47
2000-05-19,SGD,AMD,reference,309.4
2000-05-19,SKK,AMD,reference,11.15
2000-05-19,SYP,AMD,reference,11.65
2000-05-19,TAD,AMD,reference,3.948
2000-05-19,TJS,AMD,reference,3.948
2000-05-19,TMM,AMD,reference,0.1031
2000-05-19,TMT,AMD,reference,0.1031
2000-05-19,TRL,AMD,reference,0.00864
2000-05-19,UAH,AMD,reference,99.09
2000-05-19,USD,AMD,reference,536.11
2000-05-19,USM,AMD,reference,22.77
2000-05-22,AED,AMD,reference,146.06
2000-05-22,ARP,AMD,reference,536.44
2000-05-22,ATS,AMD,reference,34.85
2000-05-22,AUD,AMD,reference,307.59
2000-05-22,BEF,AMD,reference,11.889
2000-05-22,BGL,AMD,reference,245.21
2000-05-22,BRC,AMD,reference,293.06
2000-05-22,BYR,AMD,reference,1.012
2000-05-22,CAD,AMD,reference,357.43
2000-05-22,CHF,AMD,reference,308.73
2000-05-22,CNY,AMD,reference,64.79
2000-05-22,CZK,AMD,reference,13.09
2000-05-22,DEM,AMD,reference,245.21
2000-05-22,DKK,AMD,reference,64.26
2000-05-22,EEK,AMD,reference,30.64
2000-05-22,EGP,AMD,reference,154.95
2000-05-22,ESP,AMD,reference,2.882
2000-05-22,EUR,AMD,reference,479.59
2000-05-22,FIM,AMD,reference,80.66
2000-05-22,FRF,AMD,reference,73.11
2000-05-22,GBP,AMD,reference,796.66
2000-05-22,GEL,AMD,reference,270.19
2000-05-22,GRD,AMD,reference,1.424
2000-05-22,HUF,AMD,reference,1.848
2000-05-22,IEP,AMD,reference,608.95
2000-05-22,ILS,AMD,reference,133.04
2000-05-22,INR,AMD,reference,12.2
2000-05-22,IRR,AMD,reference,0.3015
2000-05-22,ISK,AMD,reference,69.42
2000-05-22,ITL,AMD,reference,0.2477
2000-05-22,JPY,AMD,reference,4.973
2000-05-22,KGS,AMD,reference,11.15
2000-05-22,KRW,AMD,reference,0.4808
2000-05-22,KWD,AMD,reference,1740.71
2000-05-22,KZT,AMD,reference,37.66
2000-05-22,LBP,AMD,reference,0.3558
2000-05-22,LTL,AMD,reference,134.08
2000-05-22,LVL,AMD,reference,873.5
2000-05-22,MDL,AMD,reference,42.52
2000-05-22,MXN,AMD,reference,55.97
2000-05-22,NLG,AMD,reference,217.63
2000-05-22,NOK,AMD,reference,58.8
2000-05-22,PLZ,AMD,reference,118.75
2000-05-22,PTE,AMD,reference,2.392
2000-05-22,ROL,AMD,reference,0.02617
2000-05-22,RUB,AMD,reference,18.8
2000-05-22,SAR,AMD,reference,143
2000-05-22,SDR,AMD,reference,700.13
2000-05-22,SEK,AMD,reference,58.58
2000-05-22,SGD,AMD,reference,310.89
2000-05-22,SKK,AMD,reference,11.15
2000-05-22,SYP,AMD,reference,11.66
2000-05-22,TAD,AMD,reference,3.949
2000-05-22,TJS,AMD,reference,3.949
2000-05-22,TMM,AMD,reference,0.1031
2000-05-22,TMT,AMD,reference,0.1031
2000-05-22,TRL,AMD,reference,0.00864
2000-05-22,UAH,AMD,reference,99.11
2000-05-22,USD,AMD,reference,536.33
2000-05-22,USM,AMD,reference,22.78
2000-05-23,AED,AMD,reference,146.06
2000-05-23,ARP,AMD,reference,536.62
2000-05-23,ATS,AMD,reference,34.59
2000-05-23,AUD,AMD,reference,307.32
2000-05-23,BEF,AMD,reference,11.8
2000-05-23,BGL,AMD,reference,243.37
2000-05-23,BRC,AMD,reference,291.1
2000-05-23,BYR,AMD,reference,1.002
2000-05-23,CAD,AMD,reference,358.68
2000-05-23,CHF,AMD,reference,306.85
2000-05-23,CNY,AMD,reference,64.79
2000-05-23,CZK,AMD,reference,13.26
2000-05-23,DEM,AMD,reference,243.37
2000-05-23,DKK,AMD,reference,64.69
2000-05-23,EEK,AMD,reference,30.61
2000-05-23,EGP,AMD,reference,154.7
2000-05-23,ESP,AMD,reference,2.861
2000-05-23,EUR,AMD,reference,475.99
2000-05-23,FIM,AMD,reference,80.06
2000-05-23,FRF,AMD,reference,72.56
2000-05-23,GBP,AMD,reference,796.61
2000-05-23,GEL,AMD,reference,270.19
2000-05-23,GRD,AMD,reference,1.422
2000-05-23,HUF,AMD,reference,1.86
2000-05-23,IEP,AMD,reference,604.39
2000-05-23,ILS,AMD,reference,133.04
2000-05-23,INR,AMD,reference,12.2
2000-05-23,IRR,AMD,reference,0.3015
2000-05-23,ISK,AMD,reference,69.72
2000-05-23,ITL,AMD,reference,0.2458
2000-05-23,JPY,AMD,reference,5.012
2000-05-23,KGS,AMD,reference,11.13
2000-05-23,KRW,AMD,reference,0.4802
2000-05-23,KWD,AMD,reference,1740.71
2000-05-23,KZT,AMD,reference,37.66
2000-05-23,LBP,AMD,reference,0.3558
2000-05-23,LTL,AMD,reference,134.08
2000-05-23,LVL,AMD,reference,873.5
2000-05-23,MDL,AMD,reference,42.53
2000-05-23,MXN,AMD,reference,55.74
2000-05-23,NLG,AMD,reference,216
2000-05-23,NOK,AMD,reference,58.4
2000-05-23,PLZ,AMD,reference,119.41
2000-05-23,PTE,AMD,reference,2.374
2000-05-23,ROL,AMD,reference,0.02611
2000-05-23,RUB,AMD,reference,18.8
2000-05-23,SAR,AMD,reference,143.02
2000-05-23,SDR,AMD,reference,700.13
2000-05-23,SEK,AMD,reference,58.34
2000-05-23,SGD,AMD,reference,311
2000-05-23,SKK,AMD,reference,11.25
2000-05-23,SYP,AMD,reference,11.92
2000-05-23,TAD,AMD,reference,3.949
2000-05-23,TJS,AMD,reference,3.949
2000-05-23,TMM,AMD,reference,0.1031
2000-05-23,TMT,AMD,reference,0.1031
2000-05-23,TRL,AMD,reference,0.00864
2000-05-23,UAH,AMD,reference,99.1
2000-05-23,USD,AMD,reference,536.33
2000-05-23,USM,AMD,reference,22.78
2000-05-24,AED,AMD,reference,145.95
2000-05-24,ARP,AMD,reference,536.2
2000-05-24,ATS,AMD,reference,35.05
2000-05-24,AUD,AMD,reference,308.58
2000-05-24,BEF,AMD,reference,11.956
2000-05-24,BGL,AMD,reference,246.61
2000-05-24,BRC,AMD,reference,290.87
2000-05-24,BYR,AMD,reference,0.992
2000-05-24,CAD,AMD,reference,358.4
2000-05-24,CHF,AMD,reference,310.63
2000-05-24,CNY,AMD,reference,64.74
2000-05-24,CZK,AMD,reference,13.46
2000-05-24,DEM,AMD,reference,246.61
2000-05-24,DKK,AMD,reference,65.69
2000-05-24,EEK,AMD,reference,31.26
2000-05-24,EGP,AMD,reference,154.44
2000-05-24,ESP,AMD,reference,2.899
2000-05-24,EUR,AMD,reference,482.32
2000-05-24,FIM,AMD,reference,81.12
2000-05-24,FRF,AMD,reference,73.53
2000-05-24,GBP,AMD,reference,794.92
2000-05-24,GEL,AMD,reference,269.98
2000-05-24,GRD,AMD,reference,1.43
2000-05-24,HUF,AMD,reference,1.884
2000-05-24,IEP,AMD,reference,612.42
2000-05-24,ILS,AMD,reference,132.94
2000-05-24,INR,AMD,reference,12.18
2000-05-24,IRR,AMD,reference,0.3015
2000-05-24,ISK,AMD,reference,70.02
2000-05-24,ITL,AMD,reference,0.2491
2000-05-24,JPY,AMD,reference,5.017
2000-05-24,KGS,AMD,reference,11.12
2000-05-24,KRW,AMD,reference,0.4772
2000-05-24,KWD,AMD,reference,1740.37
2000-05-24,KZT,AMD,reference,37.63
2000-05-24,LBP,AMD,reference,0.3555
2000-05-24,LTL,AMD,reference,133.98
2000-05-24,LVL,AMD,reference,875.67
2000-05-24,MDL,AMD,reference,42.47
2000-05-24,MXN,AMD,reference,55.69
2000-05-24,NLG,AMD,reference,218.87
2000-05-24,NOK,AMD,reference,58.71
2000-05-24,PLZ,AMD,reference,118.85
2000-05-24,PTE,AMD,reference,2.406
2000-05-24,ROL,AMD,reference,0.02607
2000-05-24,RUB,AMD,reference,18.8
2000-05-24,SAR,AMD,reference,142.9
2000-05-24,SDR,AMD,reference,700.13
2000-05-24,SEK,AMD,reference,58.1
2000-05-24,SGD,AMD,reference,310.75
2000-05-24,SKK,AMD,reference,11.4
2000-05-24,SYP,AMD,reference,11.65
2000-05-24,TAD,AMD,reference,3.946
2000-05-24,TJS,AMD,reference,3.946
2000-05-24,TMM,AMD,reference,0.1031
2000-05-24,TMT,AMD,reference,0.1031
2000-05-24,TRL,AMD,reference,0.00864
2000-05-24,UAH,AMD,reference,99.02
2000-05-24,USD,AMD,reference,535.91
2000-05-24,USM,AMD,reference,22.55
2000-05-25,AED,AMD,reference,145.9
2000-05-25,ARP,AMD,reference,535.86
2000-05-25,ATS,AMD,reference,35.47
2000-05-25,AUD,AMD,reference,305.86
2000-05-25,BEF,AMD,reference,12.1
2000-05-25,BGL,AMD,reference,249.57
2000-05-25,BRC,AMD,reference,289.59
2000-05-25,BYR,AMD,reference,0.983
2000-05-25,CAD,AMD,reference,356.34
2000-05-25,CHF,AMD,reference,312.26
2000-05-25,CNY,AMD,reference,64.72
2000-05-25,CZK,AMD,reference,13.4
2000-05-25,DEM,AMD,reference,249.57
2000-05-25,DKK,AMD,reference,65.41
2000-05-25,EEK,AMD,reference,31.25
2000-05-25,EGP,AMD,reference,154.28
2000-05-25,ESP,AMD,reference,2.934
2000-05-25,EUR,AMD,reference,488.12
2000-05-25,FIM,AMD,reference,82.1
2000-05-25,FRF,AMD,reference,74.41
2000-05-25,GBP,AMD,reference,789.32
2000-05-25,GEL,AMD,reference,269.9
2000-05-25,GRD,AMD,reference,1.447
2000-05-25,HUF,AMD,reference,1.873
2000-05-25,IEP,AMD,reference,619.79
2000-05-25,ILS,AMD,reference,132.9
2000-05-25,INR,AMD,reference,12.15
2000-05-25,IRR,AMD,reference,0.3015
2000-05-25,ISK,AMD,reference,69.89
2000-05-25,ITL,AMD,reference,0.2521
2000-05-25,JPY,AMD,reference,5.023
2000-05-25,KGS,AMD,reference,11.26
2000-05-25,KRW,AMD,reference,0.4771
2000-05-25,KWD,AMD,reference,1740.12
2000-05-25,KZT,AMD,reference,37.62
2000-05-25,LBP,AMD,reference,0.3554
2000-05-25,LTL,AMD,reference,133.94
2000-05-25,LVL,AMD,reference,878.28
2000-05-25,MDL,AMD,reference,42.46
2000-05-25,MXN,AMD,reference,56.41
2000-05-25,NLG,AMD,reference,221.5
2000-05-25,NOK,AMD,reference,59.05
2000-05-25,PLZ,AMD,reference,119.07
2000-05-25,PTE,AMD,reference,2.435
2000-05-25,ROL,AMD,reference,0.02606
2000-05-25,RUB,AMD,reference,18.8
2000-05-25,SAR,AMD,reference,142.85
2000-05-25,SDR,AMD,reference,700.13
2000-05-25,SEK,AMD,reference,58.67
2000-05-25,SGD,AMD,reference,308.98
2000-05-25,SKK,AMD,reference,11.35
2000-05-25,SYP,AMD,reference,11.65
2000-05-25,TAD,AMD,reference,3.945
2000-05-25,TJS,AMD,reference,3.945
2000-05-25,TMM,AMD,reference,0.103
2000-05-25,TMT,AMD,reference,0.103
2000-05-25,TRL,AMD,reference,0.00867
2000-05-25,UAH,AMD,reference,98.98
2000-05-25,USD,AMD,reference,535.75
2000-05-25,USM,AMD,reference,22.54
2000-05-26,AED,AMD,reference,145.9
2000-05-26,ARP,AMD,reference,535.86
2000-05-26,ATS,AMD,reference,35.42
2000-05-26,AUD,AMD,reference,305.38
2000-05-26,BEF,AMD,reference,12.083
2000-05-26,BGL,AMD,reference,249.57
2000-05-26,BRC,AMD,reference,289.21
2000-05-26,BYR,AMD,reference,0.974
2000-05-26,CAD,AMD,reference,355.25
2000-05-26,CHF,AMD,reference,311.63
2000-05-26,CNY,AMD,reference,64.72
2000-05-26,CZK,AMD,reference,13.31
2000-05-26,DEM,AMD,reference,249.22
2000-05-26,DKK,AMD,reference,64.8
2000-05-26,EEK,AMD,reference,31.19
2000-05-26,EGP,AMD,reference,154.15
2000-05-26,ESP,AMD,reference,2.929
2000-05-26,EUR,AMD,reference,487.43
2000-05-26,FIM,AMD,reference,81.98
2000-05-26,FRF,AMD,reference,74.31
2000-05-26,GBP,AMD,reference,790.28
2000-05-26,GEL,AMD,reference,269.9
2000-05-26,GRD,AMD,reference,1.446
2000-05-26,HUF,AMD,reference,1.859
2000-05-26,IEP,AMD,reference,618.9
2000-05-26,ILS,AMD,reference,132.9
2000-05-26,INR,AMD,reference,12.19
2000-05-26,IRR,AMD,reference,0.3015
2000-05-26,ISK,AMD,reference,69.89
2000-05-26,ITL,AMD,reference,0.2517
2000-05-26,JPY,AMD,reference,4.967
2000-05-26,KGS,AMD,reference,11.26
2000-05-26,KRW,AMD,reference,0.4759
2000-05-26,KWD,AMD,reference,1739.85
2000-05-26,KZT,AMD,reference,37.62
2000-05-26,LBP,AMD,reference,0.3554
2000-05-26,LTL,AMD,reference,133.94
2000-05-26,LVL,AMD,reference,878.28
2000-05-26,MDL,AMD,reference,42.42
2000-05-26,MXN,AMD,reference,56.16
2000-05-26,NLG,AMD,reference,221.18
2000-05-26,NOK,AMD,reference,58.91
2000-05-26,PLZ,AMD,reference,119.02
2000-05-26,PTE,AMD,reference,2.431
2000-05-26,ROL,AMD,reference,0.026
2000-05-26,RUB,AMD,reference,18.84
2000-05-26,SAR,AMD,reference,142.84
2000-05-26,SDR,AMD,reference,700.13
2000-05-26,SEK,AMD,reference,58.5
2000-05-26,SGD,AMD,reference,308.8
2000-05-26,SKK,AMD,reference,11.25
2000-05-26,SYP,AMD,reference,11.65
2000-05-26,TAD,AMD,reference,3.945
2000-05-26,TJS,AMD,reference,3.945
2000-05-26,TMM,AMD,reference,0.103
2000-05-26,TMT,AMD,reference,0.103
2000-05-26,TRL,AMD,reference,0.00866
2000-05-26,UAH,AMD,reference,98.97
2000-05-26,USD,AMD,reference,535.75
2000-05-26,USM,AMD,reference,22.54
2000-05-29,AED,AMD,reference,145.98
2000-05-29,ARP,AMD,reference,536.16
2000-05-29,ATS,AMD,reference,34.99
2000-05-29,AUD,AMD,reference,305.92
2000-05-29,BEF,AMD,reference,11.934
2000-05-29,BGL,AMD,reference,246.15
2000-05-29,BRC,AMD,reference,290.54
2000-05-29,BYR,AMD,reference,0.966
2000-05-29,CAD,AMD,reference,356.01
2000-05-29,CHF,AMD,reference,309.1
2000-05-29,CNY,AMD,reference,64.76
2000-05-29,CZK,AMD,reference,13.55
2000-05-29,DEM,AMD,reference,246.15
2000-05-29,DKK,AMD,reference,65.81
2000-05-29,EEK,AMD,reference,30.93
2000-05-29,EGP,AMD,reference,154.23
2000-05-29,ESP,AMD,reference,2.893
2000-05-29,EUR,AMD,reference,481.43
2000-05-29,FIM,AMD,reference,80.97
2000-05-29,FRF,AMD,reference,73.39
2000-05-29,GBP,AMD,reference,791
2000-05-29,GEL,AMD,reference,270.05
2000-05-29,GRD,AMD,reference,1.435
2000-05-29,HUF,AMD,reference,1.888
2000-05-29,IEP,AMD,reference,611.29
2000-05-29,ILS,AMD,reference,132.97
2000-05-29,INR,AMD,reference,12.09
2000-05-29,IRR,AMD,reference,0.3015
2000-05-29,ISK,AMD,reference,69.54
2000-05-29,ITL,AMD,reference,0.2486
2000-05-29,JPY,AMD,reference,4.995
2000-05-29,KGS,AMD,reference,11.12
2000-05-29,KRW,AMD,reference,0.4732
2000-05-29,KWD,AMD,reference,1739.97
2000-05-29,KZT,AMD,reference,37.64
2000-05-29,LBP,AMD,reference,0.3556
2000-05-29,LTL,AMD,reference,134.01
2000-05-29,LVL,AMD,reference,877.33
2000-05-29,MDL,AMD,reference,42.41
2000-05-29,MXN,AMD,reference,56.39
2000-05-29,NLG,AMD,reference,218.46
2000-05-29,NOK,AMD,reference,58.36
2000-05-29,PLZ,AMD,reference,118.63
2000-05-29,PTE,AMD,reference,2.401
2000-05-29,ROL,AMD,reference,0.02599
2000-05-29,RUB,AMD,reference,18.9
2000-05-29,SAR,AMD,reference,142.92
2000-05-29,SDR,AMD,reference,700.13
2000-05-29,SEK,AMD,reference,57.95
2000-05-29,SGD,AMD,reference,308.97
2000-05-29,SKK,AMD,reference,11.43
2000-05-29,SYP,AMD,reference,11.65
2000-05-29,TAD,AMD,reference,3.174
2000-05-29,TJS,AMD,reference,3.174
2000-05-29,TMM,AMD,reference,0.1031
2000-05-29,TMT,AMD,reference,0.1031
2000-05-29,TRL,AMD,reference,0.00863
2000-05-29,UAH,AMD,reference,99.01
2000-05-29,USD,AMD,reference,536.05
2000-05-29,USM,AMD,reference,22.56
2000-05-30,AED,AMD,reference,146.12
2000-05-30,ARP,AMD,reference,536.94
2000-05-30,ATS,AMD,reference,35.65
2000-05-30,AUD,AMD,reference,308.25
2000-05-30,BEF,AMD,reference,12.161
2000-05-30,BGL,AMD,reference,250.82
2000-05-30,BRC,AMD,reference,291.54
2000-05-30,BYR,AMD,reference,0.967
2000-05-30,CAD,AMD,reference,356.75
2000-05-30,CHF,AMD,reference,313.62
2000-05-30,CNY,AMD,reference,64.82
2000-05-30,CZK,AMD,reference,13.71
2000-05-30,DEM,AMD,reference,250.82
2000-05-30,DKK,AMD,reference,66.73
2000-05-30,EEK,AMD,reference,31.37
2000-05-30,EGP,AMD,reference,154.65
2000-05-30,ESP,AMD,reference,2.948
2000-05-30,EUR,AMD,reference,490.57
2000-05-30,FIM,AMD,reference,82.51
2000-05-30,FRF,AMD,reference,74.79
2000-05-30,GBP,AMD,reference,791.73
2000-05-30,GEL,AMD,reference,270.3
2000-05-30,GRD,AMD,reference,1.452
2000-05-30,HUF,AMD,reference,1.918
2000-05-30,IEP,AMD,reference,622.89
2000-05-30,ILS,AMD,reference,133.1
2000-05-30,INR,AMD,reference,12.07
2000-05-30,IRR,AMD,reference,0.3015
2000-05-30,ISK,AMD,reference,70.53
2000-05-30,ITL,AMD,reference,0.2534
2000-05-30,JPY,AMD,reference,5.016
2000-05-30,KGS,AMD,reference,167
2000-05-30,KRW,AMD,reference,0.475
2000-05-30,KWD,AMD,reference,1742.88
2000-05-30,KZT,AMD,reference,37.71
2000-05-30,LBP,AMD,reference,0.3559
2000-05-30,LTL,AMD,reference,134.14
2000-05-30,LVL,AMD,reference,881.03
2000-05-30,MDL,AMD,reference,42.44
2000-05-30,MXN,AMD,reference,56.29
2000-05-30,NLG,AMD,reference,222.61
2000-05-30,NOK,AMD,reference,59.2
2000-05-30,PLZ,AMD,reference,119.3
2000-05-30,PTE,AMD,reference,2.447
2000-05-30,ROL,AMD,reference,0.02598
2000-05-30,RUB,AMD,reference,18.9
2000-05-30,SAR,AMD,reference,143.06
2000-05-30,SDR,AMD,reference,700.13
2000-05-30,SEK,AMD,reference,58.72
2000-05-30,SGD,AMD,reference,309.56
2000-05-30,SKK,AMD,reference,11.6
2000-05-30,SYP,AMD,reference,11.66
2000-05-30,TAD,AMD,reference,3.951
2000-05-30,TJS,AMD,reference,3.951
2000-05-30,TMM,AMD,reference,0.1032
2000-05-30,TMT,AMD,reference,0.1032
2000-05-30,TRL,AMD,reference,0.00869
2000-05-30,UAH,AMD,reference,99.1
2000-05-30,USD,AMD,reference,536.55
2000-05-30,USM,AMD,reference,22.37
2000-05-31,AED,AMD,reference,146.12
2000-05-31,ARP,AMD,reference,536.66
2000-05-31,ATS,AMD,reference,36.11
2000-05-31,AUD,AMD,reference,309.48
2000-05-31,BEF,AMD,reference,12.319
2000-05-31,BGL,AMD,reference,254.09
2000-05-31,BRC,AMD,reference,291.91
2000-05-31,BYR,AMD,reference,0.95
2000-05-31,CAD,AMD,reference,358.08
2000-05-31,CHF,AMD,reference,316.99
2000-05-31,CNY,AMD,reference,64.82
2000-05-31,CZK,AMD,reference,13.88
2000-05-31,DEM,AMD,reference,254.09
2000-05-31,DKK,AMD,reference,67.56
2000-05-31,EEK,AMD,reference,31.79
2000-05-31,EGP,AMD,reference,154.62
2000-05-31,ESP,AMD,reference,2.987
2000-05-31,EUR,AMD,reference,496.95
2000-05-31,FIM,AMD,reference,83.58
2000-05-31,FRF,AMD,reference,75.76
2000-05-31,GBP,AMD,reference,804.13
2000-05-31,GEL,AMD,reference,270.3
2000-05-31,GRD,AMD,reference,1.474
2000-05-31,HUF,AMD,reference,1.937
2000-05-31,IEP,AMD,reference,631
2000-05-31,ILS,AMD,reference,133.1
2000-05-31,INR,AMD,reference,12.07
2000-05-31,IRR,AMD,reference,0.3015
2000-05-31,ISK,AMD,reference,70.53
2000-05-31,ITL,AMD,reference,0.2567
2000-05-31,JPY,AMD,reference,5.021
2000-05-31,KGS,AMD,reference,11.28
2000-05-31,KRW,AMD,reference,0.4726
2000-05-31,KWD,AMD,reference,1746.52
2000-05-31,KZT,AMD,reference,37.71
2000-05-31,LBP,AMD,reference,0.3559
2000-05-31,LTL,AMD,reference,134.14
2000-05-31,LVL,AMD,reference,885.4
2000-05-31,MDL,AMD,reference,42.46
2000-05-31,MXN,AMD,reference,56.29
2000-05-31,NLG,AMD,reference,225.51
2000-05-31,NOK,AMD,reference,59.82
2000-05-31,PLZ,AMD,reference,120.3
2000-05-31,PTE,AMD,reference,2.479
2000-05-31,ROL,AMD,reference,0.02595
2000-05-31,RUB,AMD,reference,18.9
2000-05-31,SAR,AMD,reference,143.06
2000-05-31,SDR,AMD,reference,700.13
2000-05-31,SEK,AMD,reference,59.13
2000-05-31,SGD,AMD,reference,309.58
2000-05-31,SKK,AMD,reference,11.73
2000-05-31,SYP,AMD,reference,11.66
2000-05-31,TAD,AMD,reference,3.951
2000-05-31,TJS,AMD,reference,3.951
2000-05-31,TMM,AMD,reference,0.1032
2000-05-31,TMT,AMD,reference,0.1032
2000-05-31,TRL,AMD,reference,0.00871
2000-05-31,UAH,AMD,reference,99.1
2000-05-31,USD,AMD,reference,536.55
2000-05-31,USM,AMD,reference,22.58
2000-06-01,AED,AMD,reference,146.14
2000-06-01,ARP,AMD,reference,536.69
2000-06-01,ATS,AMD,reference,36.5
2000-06-01,AUD,AMD,reference,307.64
2000-06-01,BEF,AMD,reference,12.45
2000-06-01,BGL,AMD,reference,256.78
2000-06-01,BRC,AMD,reference,292.92
2000-06-01,BYR,AMD,reference,0.941
2000-06-01,CAD,AMD,reference,356.91
2000-06-01,CHF,AMD,reference,319.52
2000-06-01,CNY,AMD,reference,64.83
2000-06-01,CZK,AMD,reference,13.85
2000-06-01,DEM,AMD,reference,256.78
2000-06-01,DKK,AMD,reference,67.08
2000-06-01,EEK,AMD,reference,32.16
2000-06-01,EGP,AMD,reference,154.71
2000-06-01,ESP,AMD,reference,3.018
2000-06-01,EUR,AMD,reference,502.22
2000-06-01,FIM,AMD,reference,84.47
2000-06-01,FRF,AMD,reference,76.56
2000-06-01,GBP,AMD,reference,802.14
2000-06-01,GEL,AMD,reference,270.34
2000-06-01,GRD,AMD,reference,1.492
2000-06-01,HUF,AMD,reference,1.926
2000-06-01,IEP,AMD,reference,637.69
2000-06-01,ILS,AMD,reference,133.11
2000-06-01,INR,AMD,reference,12.05
2000-06-01,IRR,AMD,reference,0.3015
2000-06-01,ISK,AMD,reference,70.82
2000-06-01,ITL,AMD,reference,0.2594
2000-06-01,JPY,AMD,reference,5.002
2000-06-01,KGS,AMD,reference,11.28
2000-06-01,KRW,AMD,reference,0.4727
2000-06-01,KWD,AMD,reference,1746.91
2000-06-01,KZT,AMD,reference,37.71
2000-06-01,LBP,AMD,reference,0.356
2000-06-01,LTL,AMD,reference,134.16
2000-06-01,LVL,AMD,reference,885.51
2000-06-01,MDL,AMD,reference,42.48
2000-06-01,MXN,AMD,reference,56.39
2000-06-01,NLG,AMD,reference,227.9
2000-06-01,NOK,AMD,reference,60.2
2000-06-01,PLZ,AMD,reference,122.2
2000-06-01,PTE,AMD,reference,2.505
2000-06-01,ROL,AMD,reference,0.02593
2000-06-01,RUB,AMD,reference,18.9
2000-06-01,SAR,AMD,reference,143.08
2000-06-01,SDR,AMD,reference,700.13
2000-06-01,SEK,AMD,reference,59.7
2000-06-01,SGD,AMD,reference,309.63
2000-06-01,SKK,AMD,reference,11.69
2000-06-01,SYP,AMD,reference,11.67
2000-06-01,TAD,AMD,reference,3.157
2000-06-01,TJS,AMD,reference,3.157
2000-06-01,TMM,AMD,reference,0.1032
2000-06-01,TMT,AMD,reference,0.1032
2000-06-01,TRL,AMD,reference,0.00874
2000-06-01,UAH,AMD,reference,99.11
2000-06-01,USD,AMD,reference,536.62
2000-06-01,USM,AMD,reference,22.58
2000-06-02,AED,AMD,reference,146.36
2000-06-02,ARP,AMD,reference,537.51
2000-06-02,ATS,AMD,reference,36.34
2000-06-02,AUD,AMD,reference,307.95
2000-06-02,BEF,AMD,reference,12.394
2000-06-02,BGL,AMD,reference,255.64
2000-06-02,BRC,AMD,reference,294.41
2000-06-02,BYR,AMD,reference,0.935
2000-06-02,CAD,AMD,reference,358.82
2000-06-02,CHF,AMD,reference,318.13
2000-06-02,CNY,AMD,reference,64.92
2000-06-02,CZK,AMD,reference,13.9
2000-06-02,DEM,AMD,reference,255.64
2000-06-02,DKK,AMD,reference,67.18
2000-06-02,EEK,AMD,reference,31.96
2000-06-02,EGP,AMD,reference,154.88
2000-06-02,ESP,AMD,reference,3.005
2000-06-02,EUR,AMD,reference,499.98
2000-06-02,FIM,AMD,reference,84.09
2000-06-02,FRF,AMD,reference,76.22
2000-06-02,GBP,AMD,reference,803.2
2000-06-02,GEL,AMD,reference,272.12
2000-06-02,GRD,AMD,reference,1.484
2000-06-02,HUF,AMD,reference,1.933
2000-06-02,IEP,AMD,reference,634.84
2000-06-02,ILS,AMD,reference,133.32
2000-06-02,INR,AMD,reference,12.06
2000-06-02,IRR,AMD,reference,0.3015
2000-06-02,ISK,AMD,reference,70.93
2000-06-02,ITL,AMD,reference,0.2582
2000-06-02,JPY,AMD,reference,4.944
2000-06-02,KGS,AMD,reference,11.3
2000-06-02,KRW,AMD,reference,0.4721
2000-06-02,KWD,AMD,reference,1750.39
2000-06-02,KZT,AMD,reference,37.77
2000-06-02,LBP,AMD,reference,0.3565
2000-06-02,LTL,AMD,reference,134.36
2000-06-02,LVL,AMD,reference,888.33
2000-06-02,MDL,AMD,reference,42.6
2000-06-02,MXN,AMD,reference,56.51
2000-06-02,NLG,AMD,reference,226.88
2000-06-02,NOK,AMD,reference,60.2
2000-06-02,PLZ,AMD,reference,122.79
2000-06-02,PTE,AMD,reference,2.494
2000-06-02,ROL,AMD,reference,0.02593
2000-06-02,RUB,AMD,reference,18.9
2000-06-02,SAR,AMD,reference,143.3
2000-06-02,SDR,AMD,reference,700.13
2000-06-02,SEK,AMD,reference,59.63
2000-06-02,SGD,AMD,reference,310.51
2000-06-02,SKK,AMD,reference,11.71
2000-06-02,SYP,AMD,reference,11.68
2000-06-02,TAD,AMD,reference,3.958
2000-06-02,TJS,AMD,reference,3.958
2000-06-02,TMM,AMD,reference,0.1034
2000-06-02,TMT,AMD,reference,0.1034
2000-06-02,TRL,AMD,reference,0.00874
2000-06-02,UAH,AMD,reference,99.21
2000-06-02,USD,AMD,reference,537.44
2000-06-02,USM,AMD,reference,22.61
2000-06-05,AED,AMD,reference,146.46
2000-06-05,ARP,AMD,reference,537.9
2000-06-05,ATS,AMD,reference,36.46
2000-06-05,AUD,AMD,reference,307.35
2000-06-05,BEF,AMD,reference,12.438
2000-06-05,BGL,AMD,reference,256.54
2000-06-05,BRC,AMD,reference,295.49
2000-06-05,BYR,AMD,reference,0.929
2000-06-05,CAD,AMD,reference,360.67
2000-06-05,CHF,AMD,reference,318.78
2000-06-05,CNY,AMD,reference,64.97
2000-06-05,CZK,AMD,reference,13.93
2000-06-05,DEM,AMD,reference,256.54
2000-06-05,DKK,AMD,reference,67.42
2000-06-05,EEK,AMD,reference,32.07
2000-06-05,EGP,AMD,reference,154.98
2000-06-05,ESP,AMD,reference,3.016
2000-06-05,EUR,AMD,reference,501.76
2000-06-05,FIM,AMD,reference,84.39
2000-06-05,FRF,AMD,reference,76.49
2000-06-05,GBP,AMD,reference,805.77
2000-06-05,GEL,AMD,reference,272.3
2000-06-05,GRD,AMD,reference,1.489
2000-06-05,HUF,AMD,reference,1.941
2000-06-05,IEP,AMD,reference,637.1
2000-06-05,ILS,AMD,reference,133.41
2000-06-05,INR,AMD,reference,12.07
2000-06-05,IRR,AMD,reference,0.3015
2000-06-05,ISK,AMD,reference,71.33
2000-06-05,ITL,AMD,reference,0.2591
2000-06-05,JPY,AMD,reference,4.945
2000-06-05,KGS,AMD,reference,11.3
2000-06-05,KRW,AMD,reference,0.4743
2000-06-05,KWD,AMD,reference,1751.15
2000-06-05,KZT,AMD,reference,37.79
2000-06-05,LBP,AMD,reference,0.3567
2000-06-05,LTL,AMD,reference,134.45
2000-06-05,LVL,AMD,reference,887.44
2000-06-05,MDL,AMD,reference,42.61
2000-06-05,MXN,AMD,reference,56.62
2000-06-05,NLG,AMD,reference,227.69
2000-06-05,NOK,AMD,reference,60.24
2000-06-05,PLZ,AMD,reference,123.14
2000-06-05,PTE,AMD,reference,2.503
2000-06-05,ROL,AMD,reference,0.02592
2000-06-05,RUB,AMD,reference,18.9
2000-06-05,SAR,AMD,reference,143.39
2000-06-05,SDR,AMD,reference,700.13
2000-06-05,SEK,AMD,reference,60.05
2000-06-05,SGD,AMD,reference,311.78
2000-06-05,SKK,AMD,reference,11.77
2000-06-05,SYP,AMD,reference,11.69
2000-06-05,TAD,AMD,reference,3.96
2000-06-05,TJS,AMD,reference,3.96
2000-06-05,TMM,AMD,reference,0.1034
2000-06-05,TMT,AMD,reference,0.1034
2000-06-05,TRL,AMD,reference,0.00875
2000-06-05,UAH,AMD,reference,99.1
2000-06-05,USD,AMD,reference,537.79
2000-06-05,USM,AMD,reference,22.63
2000-06-06,AED,AMD,reference,146.72
2000-06-06,ARP,AMD,reference,539.03
2000-06-06,ATS,AMD,reference,36.63
2000-06-06,AUD,AMD,reference,313.06
2000-06-06,BEF,AMD,reference,12.494
2000-06-06,BGL,AMD,reference,257.69
2000-06-06,BRC,AMD,reference,298.38
2000-06-06,BYR,AMD,reference,0.924
2000-06-06,CAD,AMD,reference,364.51
2000-06-06,CHF,AMD,reference,320.42
2000-06-06,CNY,AMD,reference,65.08
2000-06-06,CZK,AMD,reference,14.13
2000-06-06,DEM,AMD,reference,257.69
2000-06-06,DKK,AMD,reference,67.53
2000-06-06,EEK,AMD,reference,32.27
2000-06-06,EGP,AMD,reference,155.22
2000-06-06,ESP,AMD,reference,3.029
2000-06-06,EUR,AMD,reference,503.99
2000-06-06,FIM,AMD,reference,84.77
2000-06-06,FRF,AMD,reference,76.83
2000-06-06,GBP,AMD,reference,812.96
2000-06-06,GEL,AMD,reference,273.47
2000-06-06,GRD,AMD,reference,1.496
2000-06-06,HUF,AMD,reference,1.963
2000-06-06,IEP,AMD,reference,639.94
2000-06-06,ILS,AMD,reference,133.64
2000-06-06,INR,AMD,reference,12.06
2000-06-06,IRR,AMD,reference,0.3015
2000-06-06,ISK,AMD,reference,71.59
2000-06-06,ITL,AMD,reference,0.2603
2000-06-06,JPY,AMD,reference,4.997
2000-06-06,KGS,AMD,reference,11.32
2000-06-06,KRW,AMD,reference,0.476
2000-06-06,KWD,AMD,reference,1757.53
2000-06-06,KZT,AMD,reference,37.83
2000-06-06,LBP,AMD,reference,0.3574
2000-06-06,LTL,AMD,reference,134.69
2000-06-06,LVL,AMD,reference,887.55
2000-06-06,MDL,AMD,reference,42.75
2000-06-06,MXN,AMD,reference,56.39
2000-06-06,NLG,AMD,reference,228.7
2000-06-06,NOK,AMD,reference,60.63
2000-06-06,PLZ,AMD,reference,124.71
2000-06-06,PTE,AMD,reference,2.514
2000-06-06,ROL,AMD,reference,0.02593
2000-06-06,RUB,AMD,reference,18.9
2000-06-06,SAR,AMD,reference,143.64
2000-06-06,SDR,AMD,reference,700.13
2000-06-06,SEK,AMD,reference,60.28
2000-06-06,SGD,AMD,reference,313.09
2000-06-06,SKK,AMD,reference,11.9
2000-06-06,SYP,AMD,reference,11.71
2000-06-06,TAD,AMD,reference,3.967
2000-06-06,TJS,AMD,reference,3.967
2000-06-06,TMM,AMD,reference,0.1036
2000-06-06,TMT,AMD,reference,0.1036
2000-06-06,TRL,AMD,reference,0.0088
2000-06-06,UAH,AMD,reference,99.23
2000-06-06,USD,AMD,reference,538.74
2000-06-06,USM,AMD,reference,22.67
2000-06-07,AED,AMD,reference,147.12
2000-06-07,ARP,AMD,reference,540.29
2000-06-07,ATS,AMD,reference,37.03
2000-06-07,AUD,AMD,reference,313.87
2000-06-07,BEF,AMD,reference,12.632
2000-06-07,BGL,AMD,reference,260.55
2000-06-07,BRC,AMD,reference,301.21
2000-06-07,BYR,AMD,reference,0.92
2000-06-07,CAD,AMD,reference,365.51
2000-06-07,CHF,AMD,reference,323.88
2000-06-07,CNY,AMD,reference,65.26
2000-06-07,CZK,AMD,reference,14.23
2000-06-07,DEM,AMD,reference,260.55
2000-06-07,DKK,AMD,reference,68.58
2000-06-07,EEK,AMD,reference,32.6
2000-06-07,EGP,AMD,reference,155.55
2000-06-07,ESP,AMD,reference,3.063
2000-06-07,EUR,AMD,reference,509.59
2000-06-07,FIM,AMD,reference,85.71
2000-06-07,FRF,AMD,reference,77.69
2000-06-07,GBP,AMD,reference,818
2000-06-07,GEL,AMD,reference,274.22
2000-06-07,GRD,AMD,reference,1.513
2000-06-07,HUF,AMD,reference,1.973
2000-06-07,IEP,AMD,reference,647.05
2000-06-07,ILS,AMD,reference,134.01
2000-06-07,INR,AMD,reference,12.09
2000-06-07,IRR,AMD,reference,0.3015
2000-06-07,ISK,AMD,reference,71.49
2000-06-07,ITL,AMD,reference,0.2632
2000-06-07,JPY,AMD,reference,5.045
2000-06-07,KGS,AMD,reference,11.35
2000-06-07,KRW,AMD,reference,0.4773
2000-06-07,KWD,AMD,reference,1761.17
2000-06-07,KZT,AMD,reference,37.94
2000-06-07,LBP,AMD,reference,0.3584
2000-06-07,LTL,AMD,reference,135.06
2000-06-07,LVL,AMD,reference,894.4
2000-06-07,MDL,AMD,reference,42.83
2000-06-07,MXN,AMD,reference,56.58
2000-06-07,NLG,AMD,reference,231.24
2000-06-07,NOK,AMD,reference,61.49
2000-06-07,PLZ,AMD,reference,123.57
2000-06-07,PTE,AMD,reference,2.542
2000-06-07,ROL,AMD,reference,0.02596
2000-06-07,RUB,AMD,reference,18.9
2000-06-07,SAR,AMD,reference,144.04
2000-06-07,SDR,AMD,reference,700.13
2000-06-07,SEK,AMD,reference,61.19
2000-06-07,SGD,AMD,reference,314.17
2000-06-07,SKK,AMD,reference,12.02
2000-06-07,SYP,AMD,reference,11.74
2000-06-07,TAD,AMD,reference,3.978
2000-06-07,TJS,AMD,reference,3.978
2000-06-07,TMM,AMD,reference,0.1039
2000-06-07,TMT,AMD,reference,0.1039
2000-06-07,TRL,AMD,reference,0.00881
2000-06-07,UAH,AMD,reference,99.34
2000-06-07,USD,AMD,reference,540.22
2000-06-07,USM,AMD,reference,22.73
2000-06-08,AED,AMD,reference,147.19
2000-06-08,ARP,AMD,reference,540.58
2000-06-08,ATS,AMD,reference,37.25
2000-06-08,AUD,AMD,reference,318.01
2000-06-08,BEF,AMD,reference,12.708
2000-06-08,BGL,AMD,reference,262.11
2000-06-08,BRC,AMD,reference,301.6
2000-06-08,BYR,AMD,reference,0.915
2000-06-08,CAD,AMD,reference,365.75
2000-06-08,CHF,AMD,reference,325.69
2000-06-08,CNY,AMD,reference,65.29
2000-06-08,CZK,AMD,reference,14.33
2000-06-08,DEM,AMD,reference,262.11
2000-06-08,DKK,AMD,reference,69.3
2000-06-08,EEK,AMD,reference,33.08
2000-06-08,EGP,AMD,reference,155.48
2000-06-08,ESP,AMD,reference,3.081
2000-06-08,EUR,AMD,reference,512.64
2000-06-08,FIM,AMD,reference,86.22
2000-06-08,FRF,AMD,reference,78.15
2000-06-08,GBP,AMD,reference,823.95
2000-06-08,GEL,AMD,reference,274.35
2000-06-08,GRD,AMD,reference,1.519
2000-06-08,HUF,AMD,reference,1.994
2000-06-08,IEP,AMD,reference,650.91
2000-06-08,ILS,AMD,reference,134.07
2000-06-08,INR,AMD,reference,12.09
2000-06-08,IRR,AMD,reference,0.3015
2000-06-08,ISK,AMD,reference,71.8
2000-06-08,ITL,AMD,reference,0.2648
2000-06-08,JPY,AMD,reference,5.137
2000-06-08,KGS,AMD,reference,11.36
2000-06-08,KRW,AMD,reference,0.4801
2000-06-08,KWD,AMD,reference,1765.01
2000-06-08,KZT,AMD,reference,37.95
2000-06-08,LBP,AMD,reference,0.3585
2000-06-08,LTL,AMD,reference,135.12
2000-06-08,LVL,AMD,reference,897.79
2000-06-08,MDL,AMD,reference,42.87
2000-06-08,MXN,AMD,reference,55.89
2000-06-08,NLG,AMD,reference,232.62
2000-06-08,NOK,AMD,reference,61.92
2000-06-08,PLZ,AMD,reference,124.81
2000-06-08,PTE,AMD,reference,2.557
2000-06-08,ROL,AMD,reference,0.02595
2000-06-08,RUB,AMD,reference,18.9
2000-06-08,SAR,AMD,reference,144.11
2000-06-08,SDR,AMD,reference,700.13
2000-06-08,SEK,AMD,reference,61.47
2000-06-08,SGD,AMD,reference,314.32
2000-06-08,SKK,AMD,reference,12.21
2000-06-08,SYP,AMD,reference,11.75
2000-06-08,TAD,AMD,reference,3.98
2000-06-08,TJS,AMD,reference,3.98
2000-06-08,TMM,AMD,reference,0.1039
2000-06-08,TMT,AMD,reference,0.1039
2000-06-08,TRL,AMD,reference,0.00885
2000-06-08,UAH,AMD,reference,99.36
2000-06-08,USD,AMD,reference,540.47
2000-06-08,USM,AMD,reference,22.74
2000-06-09,AED,AMD,reference,147.36
2000-06-09,ARP,AMD,reference,541.2
2000-06-09,ATS,AMD,reference,38.02
2000-06-09,AUD,AMD,reference,318.38
2000-06-09,BEF,AMD,reference,12.968
2000-06-09,BGL,AMD,reference,267.47
2000-06-09,BRC,AMD,reference,300.12
2000-06-09,BYR,AMD,reference,0.909
2000-06-09,CAD,AMD,reference,366
2000-06-09,CHF,AMD,reference,333.97
2000-06-09,CNY,AMD,reference,65.37
2000-06-09,CZK,AMD,reference,14.32
2000-06-09,DEM,AMD,reference,267.47
2000-06-09,DKK,AMD,reference,69.49
2000-06-09,EEK,AMD,reference,33.14
2000-06-09,EGP,AMD,reference,155.62
2000-06-09,ESP,AMD,reference,3.144
2000-06-09,EUR,AMD,reference,523.13
2000-06-09,FIM,AMD,reference,87.98
2000-06-09,FRF,AMD,reference,79.75
2000-06-09,GBP,AMD,reference,820.94
2000-06-09,GEL,AMD,reference,274.67
2000-06-09,GRD,AMD,reference,1.537
2000-06-09,HUF,AMD,reference,2.001
2000-06-09,IEP,AMD,reference,664.23
2000-06-09,ILS,AMD,reference,134.22
2000-06-09,INR,AMD,reference,12.1
2000-06-09,IRR,AMD,reference,0.3015
2000-06-09,ISK,AMD,reference,72.2
2000-06-09,ITL,AMD,reference,0.2702
2000-06-09,JPY,AMD,reference,5.117
2000-06-09,KGS,AMD,reference,11.37
2000-06-09,KRW,AMD,reference,0.4806
2000-06-09,KWD,AMD,reference,1768.34
2000-06-09,KZT,AMD,reference,38
2000-06-09,LBP,AMD,reference,0.3589
2000-06-09,LTL,AMD,reference,135.27
2000-06-09,LVL,AMD,reference,903.32
2000-06-09,MDL,AMD,reference,42.93
2000-06-09,MXN,AMD,reference,55.3
2000-06-09,NLG,AMD,reference,237.38
2000-06-09,NOK,AMD,reference,61.99
2000-06-09,PLZ,AMD,reference,123.09
2000-06-09,PTE,AMD,reference,2.609
2000-06-09,ROL,AMD,reference,0.02593
2000-06-09,RUB,AMD,reference,18.9
2000-06-09,SAR,AMD,reference,144.28
2000-06-09,SDR,AMD,reference,700.13
2000-06-09,SEK,AMD,reference,62.6
2000-06-09,SGD,AMD,reference,314.28
2000-06-09,SKK,AMD,reference,12.26
2000-06-09,SYP,AMD,reference,11.76
2000-06-09,TAD,AMD,reference,3.984
2000-06-09,TJS,AMD,reference,3.984
2000-06-09,TMM,AMD,reference,0.1041
2000-06-09,TMT,AMD,reference,0.1041
2000-06-09,TRL,AMD,reference,0.00886
2000-06-09,UAH,AMD,reference,99.5
2000-06-09,USD,AMD,reference,541.39
2000-06-09,USM,AMD,reference,22.77
2000-06-12,AED,AMD,reference,147.44
2000-06-12,ARP,AMD,reference,541.5
2000-06-12,ATS,AMD,reference,38.04
2000-06-12,AUD,AMD,reference,317.96
2000-06-12,BEF,AMD,reference,12.975
2000-06-12,BGL,AMD,reference,267.62
2000-06-12,BRC,AMD,reference,301.09
2000-06-12,BYR,AMD,reference,0.904
2000-06-12,CAD,AMD,reference,365.75
2000-06-12,CHF,AMD,reference,334.15
2000-06-12,CNY,AMD,reference,65.4
2000-06-12,CZK,AMD,reference,14.34
2000-06-12,DEM,AMD,reference,267.62
2000-06-12,DKK,AMD,reference,69.31
2000-06-12,EEK,AMD,reference,33.16
2000-06-12,EGP,AMD,reference,155.71
2000-06-12,ESP,AMD,reference,3.146
2000-06-12,EUR,AMD,reference,523.42
2000-06-12,FIM,AMD,reference,88.03
2000-06-12,FRF,AMD,reference,79.79
2000-06-12,GBP,AMD,reference,817.77
2000-06-12,GEL,AMD,reference,274.82
2000-06-12,GRD,AMD,reference,1.541
2000-06-12,HUF,AMD,reference,1.994
2000-06-12,IEP,AMD,reference,664.6
2000-06-12,ILS,AMD,reference,134.3
2000-06-12,INR,AMD,reference,12.1
2000-06-12,IRR,AMD,reference,0.3015
2000-06-12,ISK,AMD,reference,72.24
2000-06-12,ITL,AMD,reference,0.2703
2000-06-12,JPY,AMD,reference,5.086
2000-06-12,KGS,AMD,reference,11.38
2000-06-12,KRW,AMD,reference,0.4836
2000-06-12,KWD,AMD,reference,1770.29
2000-06-12,KZT,AMD,reference,38.02
2000-06-12,LBP,AMD,reference,0.3591
2000-06-12,LTL,AMD,reference,135.35
2000-06-12,LVL,AMD,reference,905.33
2000-06-12,MDL,AMD,reference,42.98
2000-06-12,MXN,AMD,reference,54.75
2000-06-12,NLG,AMD,reference,237.52
2000-06-12,NOK,AMD,reference,62.99
2000-06-12,PLZ,AMD,reference,122.46
2000-06-12,PTE,AMD,reference,2.611
2000-06-12,ROL,AMD,reference,0.02593
2000-06-12,RUB,AMD,reference,18.9
2000-06-12,SAR,AMD,reference,144.36
2000-06-12,SDR,AMD,reference,700.13
2000-06-12,SEK,AMD,reference,62.63
2000-06-12,SGD,AMD,reference,314.45
2000-06-12,SKK,AMD,reference,12.25
2000-06-12,SYP,AMD,reference,12.03
2000-06-12,TAD,AMD,reference,3.987
2000-06-12,TJS,AMD,reference,3.987
2000-06-12,TMM,AMD,reference,0.1041
2000-06-12,TMT,AMD,reference,0.1041
2000-06-12,TRL,AMD,reference,0.0089
2000-06-12,UAH,AMD,reference,99.55
2000-06-12,USD,AMD,reference,541.39
2000-06-12,USM,AMD,reference,22.78
2000-06-13,AED,AMD,reference,147.72
2000-06-13,ARP,AMD,reference,542.51
2000-06-13,ATS,AMD,reference,37.41
2000-06-13,AUD,AMD,reference,318.58
2000-06-13,BEF,AMD,reference,12.761
2000-06-13,BGL,AMD,reference,263.2
2000-06-13,BRC,AMD,reference,301.04
2000-06-13,BYR,AMD,reference,0.9
2000-06-13,CAD,AMD,reference,367.43
2000-06-13,CHF,AMD,reference,328.7
2000-06-13,CNY,AMD,reference,65.53
2000-06-13,CZK,AMD,reference,14.36
2000-06-13,DEM,AMD,reference,263.2
2000-06-13,DKK,AMD,reference,69.44
2000-06-13,EEK,AMD,reference,33.13
2000-06-13,EGP,AMD,reference,155.9
2000-06-13,ESP,AMD,reference,3.094
2000-06-13,EUR,AMD,reference,514.78
2000-06-13,FIM,AMD,reference,86.58
2000-06-13,FRF,AMD,reference,78.48
2000-06-13,GBP,AMD,reference,818.22
2000-06-13,GEL,AMD,reference,275.35
2000-06-13,GRD,AMD,reference,1.539
2000-06-13,HUF,AMD,reference,1.998
2000-06-13,IEP,AMD,reference,653.63
2000-06-13,ILS,AMD,reference,134.56
2000-06-13,INR,AMD,reference,12.11
2000-06-13,IRR,AMD,reference,0.3015
2000-06-13,ISK,AMD,reference,72.07
2000-06-13,ITL,AMD,reference,0.2659
2000-06-13,JPY,AMD,reference,5.077
2000-06-13,KGS,AMD,reference,11.4
2000-06-13,KRW,AMD,reference,0.4867
2000-06-13,KWD,AMD,reference,1769.33
2000-06-13,KZT,AMD,reference,38.07
2000-06-13,LBP,AMD,reference,0.3598
2000-06-13,LTL,AMD,reference,135.61
2000-06-13,LVL,AMD,reference,904.07
2000-06-13,MDL,AMD,reference,43.05
2000-06-13,MXN,AMD,reference,54.6
2000-06-13,NLG,AMD,reference,233.6
2000-06-13,NOK,AMD,reference,61.84
2000-06-13,PLZ,AMD,reference,123.28
2000-06-13,PTE,AMD,reference,2.568
2000-06-13,ROL,AMD,reference,0.02594
2000-06-13,RUB,AMD,reference,18.9
2000-06-13,SAR,AMD,reference,144.63
2000-06-13,SDR,AMD,reference,700.13
2000-06-13,SEK,AMD,reference,61.64
2000-06-13,SGD,AMD,reference,314.33
2000-06-13,SKK,AMD,reference,12.31
2000-06-13,SYP,AMD,reference,11.79
2000-06-13,TAD,AMD,reference,3.994
2000-06-13,TJS,AMD,reference,3.994
2000-06-13,TMM,AMD,reference,0.1043
2000-06-13,TMT,AMD,reference,0.1043
2000-06-13,TRL,AMD,reference,0.00884
2000-06-13,UAH,AMD,reference,99.76
2000-06-13,USD,AMD,reference,542.44
2000-06-13,USM,AMD,reference,22.83
2000-06-14,AED,AMD,reference,148.13
2000-06-14,ARP,AMD,reference,544.01
2000-06-14,ATS,AMD,reference,37.66
2000-06-14,AUD,AMD,reference,321.63
2000-06-14,BEF,AMD,reference,12.846
2000-06-14,BGL,AMD,reference,264.96
2000-06-14,BRC,AMD,reference,301.51
2000-06-14,BYR,AMD,reference,0.896
2000-06-14,CAD,AMD,reference,368.5
2000-06-14,CHF,AMD,reference,331.68
2000-06-14,CNY,AMD,reference,65.71
2000-06-14,CZK,AMD,reference,14.43
2000-06-14,DEM,AMD,reference,264.96
2000-06-14,DKK,AMD,reference,69.77
2000-06-14,EEK,AMD,reference,33.32
2000-06-14,EGP,AMD,reference,156.24
2000-06-14,ESP,AMD,reference,3.115
2000-06-14,EUR,AMD,reference,518.21
2000-06-14,FIM,AMD,reference,87.16
2000-06-14,FRF,AMD,reference,79
2000-06-14,GBP,AMD,reference,822.82
2000-06-14,GEL,AMD,reference,277.52
2000-06-14,GRD,AMD,reference,1.54
2000-06-14,HUF,AMD,reference,2.004
2000-06-14,IEP,AMD,reference,657.99
2000-06-14,ILS,AMD,reference,134.93
2000-06-14,INR,AMD,reference,12.15
2000-06-14,IRR,AMD,reference,0.3015
2000-06-14,ISK,AMD,reference,72.27
2000-06-14,ITL,AMD,reference,0.2676
2000-06-14,JPY,AMD,reference,5.112
2000-06-14,KGS,AMD,reference,11.43
2000-06-14,KRW,AMD,reference,0.4876
2000-06-14,KWD,AMD,reference,1775.91
2000-06-14,KZT,AMD,reference,38.17
2000-06-14,LBP,AMD,reference,0.3608
2000-06-14,LTL,AMD,reference,135.99
2000-06-14,LVL,AMD,reference,903.55
2000-06-14,MDL,AMD,reference,43.2
2000-06-14,MXN,AMD,reference,55.2
2000-06-14,NLG,AMD,reference,235.15
2000-06-14,NOK,AMD,reference,62.01
2000-06-14,PLZ,AMD,reference,123.79
2000-06-14,PTE,AMD,reference,2.585
2000-06-14,ROL,AMD,reference,0.02597
2000-06-14,RUB,AMD,reference,18.9
2000-06-14,SAR,AMD,reference,145.03
2000-06-14,SDR,AMD,reference,700.13
2000-06-14,SEK,AMD,reference,62.31
2000-06-14,SGD,AMD,reference,316.07
2000-06-14,SKK,AMD,reference,12.44
2000-06-14,SYP,AMD,reference,11.82
2000-06-14,TAD,AMD,reference,4.005
2000-06-14,TJS,AMD,reference,4.005
2000-06-14,TMM,AMD,reference,0.1046
2000-06-14,TMT,AMD,reference,0.1046
2000-06-14,TRL,AMD,reference,0.00887
2000-06-14,UAH,AMD,reference,100.01
2000-06-14,USD,AMD,reference,543.94
2000-06-14,USM,AMD,reference,22.89
2000-06-15,AED,AMD,reference,148.45
2000-06-15,ARP,AMD,reference,545.17
2000-06-15,ATS,AMD,reference,37.96
2000-06-15,AUD,AMD,reference,328.1
2000-06-15,BEF,AMD,reference,12.949
2000-06-15,BGL,AMD,reference,267.08
2000-06-15,BRC,AMD,reference,301.06
2000-06-15,BYR,AMD,reference,0.888
2000-06-15,CAD,AMD,reference,371.04
2000-06-15,CHF,AMD,reference,334.25
2000-06-15,CNY,AMD,reference,65.85
2000-06-15,CZK,AMD,reference,14.59
2000-06-15,DEM,AMD,reference,267.08
2000-06-15,DKK,AMD,reference,70.36
2000-06-15,EEK,AMD,reference,33.54
2000-06-15,EGP,AMD,reference,156.62
2000-06-15,ESP,AMD,reference,3.14
2000-06-15,EUR,AMD,reference,522.37
2000-06-15,FIM,AMD,reference,87.86
2000-06-15,FRF,AMD,reference,79.63
2000-06-15,GBP,AMD,reference,819.39
2000-06-15,GEL,AMD,reference,279.54
2000-06-15,GRD,AMD,reference,1.561
2000-06-15,HUF,AMD,reference,2.021
2000-06-15,IEP,AMD,reference,663.27
2000-06-15,ILS,AMD,reference,135.22
2000-06-15,INR,AMD,reference,12.2
2000-06-15,IRR,AMD,reference,0.3015
2000-06-15,ISK,AMD,reference,71.94
2000-06-15,ITL,AMD,reference,0.2698
2000-06-15,JPY,AMD,reference,5.116
2000-06-15,KGS,AMD,reference,11.46
2000-06-15,KRW,AMD,reference,0.4886
2000-06-15,KWD,AMD,reference,1780.46
2000-06-15,KZT,AMD,reference,38.25
2000-06-15,LBP,AMD,reference,0.3616
2000-06-15,LTL,AMD,reference,136.28
2000-06-15,LVL,AMD,reference,908.5
2000-06-15,MDL,AMD,reference,43.27
2000-06-15,MXN,AMD,reference,55.69
2000-06-15,NLG,AMD,reference,237.04
2000-06-15,NOK,AMD,reference,63.06
2000-06-15,PLZ,AMD,reference,124.06
2000-06-15,PTE,AMD,reference,2.606
2000-06-15,ROL,AMD,reference,0.02599
2000-06-15,RUB,AMD,reference,18.9
2000-06-15,SAR,AMD,reference,145.34
2000-06-15,SDR,AMD,reference,700.13
2000-06-15,SEK,AMD,reference,63.02
2000-06-15,SGD,AMD,reference,316.71
2000-06-15,SKK,AMD,reference,12.55
2000-06-15,SYP,AMD,reference,12.11
2000-06-15,TAD,AMD,reference,4.014
2000-06-15,TJS,AMD,reference,4.014
2000-06-15,TMM,AMD,reference,0.1048
2000-06-15,TMT,AMD,reference,0.1048
2000-06-15,TRL,AMD,reference,0.00892
2000-06-15,UAH,AMD,reference,100.21
2000-06-15,USD,AMD,reference,545.1
2000-06-15,USM,AMD,reference,22.12
2000-06-16,AED,AMD,reference,148.58
2000-06-16,ARP,AMD,reference,545.71
2000-06-16,ATS,AMD,reference,38.21
2000-06-16,AUD,AMD,reference,327.74
2000-06-16,BEF,AMD,reference,13.033
2000-06-16,BGL,AMD,reference,268.81
2000-06-16,BRC,AMD,reference,301.28
2000-06-16,BYR,AMD,reference,0.88
2000-06-16,CAD,AMD,reference,371.31
2000-06-16,CHF,AMD,reference,335.91
2000-06-16,CNY,AMD,reference,65.91
2000-06-16,CZK,AMD,reference,14.38
2000-06-16,DEM,AMD,reference,268.81
2000-06-16,DKK,AMD,reference,69.51
2000-06-16,EEK,AMD,reference,33.16
2000-06-16,EGP,AMD,reference,156.66
2000-06-16,ESP,AMD,reference,3.16
2000-06-16,EUR,AMD,reference,525.74
2000-06-16,FIM,AMD,reference,88.42
2000-06-16,FRF,AMD,reference,80.15
2000-06-16,GBP,AMD,reference,823.47
2000-06-16,GEL,AMD,reference,279.79
2000-06-16,GRD,AMD,reference,1.563
2000-06-16,HUF,AMD,reference,2.004
2000-06-16,IEP,AMD,reference,667.55
2000-06-16,ILS,AMD,reference,135.34
2000-06-16,INR,AMD,reference,12.21
2000-06-16,IRR,AMD,reference,0.3015
2000-06-16,ISK,AMD,reference,71.22
2000-06-16,ITL,AMD,reference,0.2715
2000-06-16,JPY,AMD,reference,5.117
2000-06-16,KGS,AMD,reference,11.47
2000-06-16,KRW,AMD,reference,0.49
2000-06-16,KWD,AMD,reference,1780.78
2000-06-16,KZT,AMD,reference,38.29
2000-06-16,LBP,AMD,reference,0.3619
2000-06-16,LTL,AMD,reference,136.4
2000-06-16,LVL,AMD,reference,910.85
2000-06-16,MDL,AMD,reference,43.34
2000-06-16,MXN,AMD,reference,55.73
2000-06-16,NLG,AMD,reference,238.57
2000-06-16,NOK,AMD,reference,63.74
2000-06-16,PLZ,AMD,reference,124.07
2000-06-16,PTE,AMD,reference,2.622
2000-06-16,ROL,AMD,reference,0.02595
2000-06-16,RUB,AMD,reference,19
2000-06-16,SAR,AMD,reference,145.47
2000-06-16,SDR,AMD,reference,700.13
2000-06-16,SEK,AMD,reference,63.97
2000-06-16,SGD,AMD,reference,317.06
2000-06-16,SKK,AMD,reference,12.35
2000-06-16,SYP,AMD,reference,12.12
2000-06-16,TAD,AMD,reference,4.018
2000-06-16,TJS,AMD,reference,4.018
2000-06-16,TMM,AMD,reference,0.1049
2000-06-16,TMT,AMD,reference,0.1049
2000-06-16,TRL,AMD,reference,0.00892
2000-06-16,UAH,AMD,reference,100.31
2000-06-16,USD,AMD,reference,545.6
2000-06-16,USM,AMD,reference,22.14
2000-06-19,AED,AMD,reference,148.58
2000-06-19,ARP,AMD,reference,545.71
2000-06-19,ATS,AMD,reference,37.76
2000-06-19,AUD,AMD,reference,331.51
2000-06-19,BEF,AMD,reference,12.881
2000-06-19,BGL,AMD,reference,265.68
2000-06-19,BRC,AMD,reference,301.27
2000-06-19,BYR,AMD,reference,0.873
2000-06-19,CAD,AMD,reference,369.75
2000-06-19,CHF,AMD,reference,332.07
2000-06-19,CNY,AMD,reference,65.91
2000-06-19,CZK,AMD,reference,14.42
2000-06-19,DEM,AMD,reference,265.68
2000-06-19,DKK,AMD,reference,69.91
2000-06-19,EEK,AMD,reference,33.16
2000-06-19,EGP,AMD,reference,156.66
2000-06-19,ESP,AMD,reference,3.123
2000-06-19,EUR,AMD,reference,519.63
2000-06-19,FIM,AMD,reference,87.4
2000-06-19,FRF,AMD,reference,79.22
2000-06-19,GBP,AMD,reference,824.89
2000-06-19,GEL,AMD,reference,278.37
2000-06-19,GRD,AMD,reference,1.543
2000-06-19,HUF,AMD,reference,2.001
2000-06-19,IEP,AMD,reference,659.79
2000-06-19,ILS,AMD,reference,135.34
2000-06-19,INR,AMD,reference,12.2
2000-06-19,IRR,AMD,reference,0.3015
2000-06-19,ISK,AMD,reference,71.7
2000-06-19,ITL,AMD,reference,0.2684
2000-06-19,JPY,AMD,reference,5.135
2000-06-19,KGS,AMD,reference,11.47
2000-06-19,KRW,AMD,reference,0.4895
2000-06-19,KWD,AMD,reference,1781.22
2000-06-19,KZT,AMD,reference,38.29
2000-06-19,LBP,AMD,reference,0.3619
2000-06-19,LTL,AMD,reference,136.4
2000-06-19,LVL,AMD,reference,909.33
2000-06-19,MDL,AMD,reference,43.38
2000-06-19,MXN,AMD,reference,55.43
2000-06-19,NLG,AMD,reference,235.8
2000-06-19,NOK,AMD,reference,63.18
2000-06-19,PLZ,AMD,reference,123.53
2000-06-19,PTE,AMD,reference,2.592
2000-06-19,ROL,AMD,reference,0.02592
2000-06-19,RUB,AMD,reference,19
2000-06-19,SAR,AMD,reference,145.47
2000-06-19,SDR,AMD,reference,700.13
2000-06-19,SEK,AMD,reference,63.09
2000-06-19,SGD,AMD,reference,316.43
2000-06-19,SKK,AMD,reference,12.37
2000-06-19,SYP,AMD,reference,12.12
2000-06-19,TAD,AMD,reference,4.018
2000-06-19,TJS,AMD,reference,4.018
2000-06-19,TMM,AMD,reference,0.1049
2000-06-19,TMT,AMD,reference,0.1049
2000-06-19,TRL,AMD,reference,0.00888
2000-06-19,UAH,AMD,reference,100.32
2000-06-19,USD,AMD,reference,545.6
2000-06-19,USM,AMD,reference,22.14
2000-06-20,AED,AMD,reference,148.72
2000-06-20,ARP,AMD,reference,546.51
2000-06-20,ATS,AMD,reference,37.96
2000-06-20,AUD,AMD,reference,329.08
2000-06-20,BEF,AMD,reference,12.949
2000-06-20,BGL,AMD,reference,267.07
2000-06-20,BRC,AMD,reference,302.06
2000-06-20,BYR,AMD,reference,0.867
2000-06-20,CAD,AMD,reference,371.4
2000-06-20,CHF,AMD,reference,334.6
2000-06-20,CNY,AMD,reference,65.97
2000-06-20,CZK,AMD,reference,14.6
2000-06-20,DEM,AMD,reference,267.07
2000-06-20,DKK,AMD,reference,70.53
2000-06-20,EEK,AMD,reference,33.65
2000-06-20,EGP,AMD,reference,156.99
2000-06-20,ESP,AMD,reference,3.139
2000-06-20,EUR,AMD,reference,522.34
2000-06-20,FIM,AMD,reference,87.85
2000-06-20,FRF,AMD,reference,79.63
2000-06-20,GBP,AMD,reference,826.52
2000-06-20,GEL,AMD,reference,278.62
2000-06-20,GRD,AMD,reference,1.553
2000-06-20,HUF,AMD,reference,2.025
2000-06-20,IEP,AMD,reference,663.24
2000-06-20,ILS,AMD,reference,135.47
2000-06-20,INR,AMD,reference,12.23
2000-06-20,IRR,AMD,reference,0.3015
2000-06-20,ISK,AMD,reference,72.12
2000-06-20,ITL,AMD,reference,0.2698
2000-06-20,JPY,AMD,reference,5.165
2000-06-20,KGS,AMD,reference,11.48
2000-06-20,KRW,AMD,reference,0.49
2000-06-20,KWD,AMD,reference,1783.73
2000-06-20,KZT,AMD,reference,38.32
2000-06-20,LBP,AMD,reference,0.3623
2000-06-20,LTL,AMD,reference,136.53
2000-06-20,LVL,AMD,reference,908.65
2000-06-20,MDL,AMD,reference,43.37
2000-06-20,MXN,AMD,reference,55.04
2000-06-20,NLG,AMD,reference,237.03
2000-06-20,NOK,AMD,reference,63.33
2000-06-20,PLZ,AMD,reference,124.28
2000-06-20,PTE,AMD,reference,2.605
2000-06-20,ROL,AMD,reference,0.0259
2000-06-20,RUB,AMD,reference,19.4
2000-06-20,SAR,AMD,reference,145.6
2000-06-20,SDR,AMD,reference,700.13
2000-06-20,SEK,AMD,reference,63.09
2000-06-20,SGD,AMD,reference,316.17
2000-06-20,SKK,AMD,reference,12.41
2000-06-20,SYP,AMD,reference,12.14
2000-06-20,TAD,AMD,reference,4.021
2000-06-20,TJS,AMD,reference,4.021
2000-06-20,TMM,AMD,reference,0.105
2000-06-20,TMT,AMD,reference,0.105
2000-06-20,TRL,AMD,reference,0.0089
2000-06-20,UAH,AMD,reference,100.42
2000-06-20,USD,AMD,reference,546.1
2000-06-20,USM,AMD,reference,22.16
2000-06-21,AED,AMD,reference,149.01
2000-06-21,ARP,AMD,reference,547.6
2000-06-21,ATS,AMD,reference,38.33
2000-06-21,AUD,AMD,reference,331.24
2000-06-21,BEF,AMD,reference,13.075
2000-06-21,BGL,AMD,reference,269.68
2000-06-21,BRC,AMD,reference,303.2
2000-06-21,BYR,AMD,reference,0.868
2000-06-21,CAD,AMD,reference,373.4
2000-06-21,CHF,AMD,reference,337.72
2000-06-21,CNY,AMD,reference,66.1
2000-06-21,CZK,AMD,reference,14.54
2000-06-21,DEM,AMD,reference,269.68
2000-06-21,DKK,AMD,reference,70.25
2000-06-21,EEK,AMD,reference,33.47
2000-06-21,EGP,AMD,reference,156.94
2000-06-21,ESP,AMD,reference,3.17
2000-06-21,EUR,AMD,reference,527.45
2000-06-21,FIM,AMD,reference,88.71
2000-06-21,FRF,AMD,reference,80.41
2000-06-21,GBP,AMD,reference,826.63
2000-06-21,GEL,AMD,reference,279.16
2000-06-21,GRD,AMD,reference,1.556
2000-06-21,HUF,AMD,reference,2.016
2000-06-21,IEP,AMD,reference,669.73
2000-06-21,ILS,AMD,reference,135.73
2000-06-21,INR,AMD,reference,12.25
2000-06-21,IRR,AMD,reference,0.3015
2000-06-21,ISK,AMD,reference,71.88
2000-06-21,ITL,AMD,reference,0.2724
2000-06-21,JPY,AMD,reference,5.189
2000-06-21,KGS,AMD,reference,11.58
2000-06-21,KRW,AMD,reference,0.4901
2000-06-21,KWD,AMD,reference,1788.03
2000-06-21,KZT,AMD,reference,38.4
2000-06-21,LBP,AMD,reference,0.363
2000-06-21,LTL,AMD,reference,136.79
2000-06-21,LVL,AMD,reference,914.97
2000-06-21,MDL,AMD,reference,43.51
2000-06-21,MXN,AMD,reference,55.19
2000-06-21,NLG,AMD,reference,239.35
2000-06-21,NOK,AMD,reference,63.8
2000-06-21,PLZ,AMD,reference,124.6
2000-06-21,PTE,AMD,reference,2.631
2000-06-21,ROL,AMD,reference,0.02592
2000-06-21,RUB,AMD,reference,19.4
2000-06-21,SAR,AMD,reference,145.88
2000-06-21,SDR,AMD,reference,700.13
2000-06-21,SEK,AMD,reference,63.5
2000-06-21,SGD,AMD,reference,315.73
2000-06-21,SKK,AMD,reference,12.41
2000-06-21,SYP,AMD,reference,12.16
2000-06-21,TAD,AMD,reference,4.029
2000-06-21,TJS,AMD,reference,4.029
2000-06-21,TMM,AMD,reference,0.1052
2000-06-21,TMT,AMD,reference,0.1052
2000-06-21,TRL,AMD,reference,0.00893
2000-06-21,UAH,AMD,reference,100.62
2000-06-21,USD,AMD,reference,547.15
2000-06-21,USM,AMD,reference,21.8
2000-06-22,AED,AMD,reference,149.01
2000-06-22,ARP,AMD,reference,547.26
2000-06-22,ATS,AMD,reference,37.93
2000-06-22,AUD,AMD,reference,327.96
2000-06-22,BEF,AMD,reference,12.937
2000-06-22,BGL,AMD,reference,266.83
2000-06-22,BRC,AMD,reference,304.05
2000-06-22,BYR,AMD,reference,0.855
2000-06-22,CAD,AMD,reference,372.06
2000-06-22,CHF,AMD,reference,335.03
2000-06-22,CNY,AMD,reference,66.1
2000-06-22,CZK,AMD,reference,14.46
2000-06-22,DEM,AMD,reference,266.83
2000-06-22,DKK,AMD,reference,69.86
2000-06-22,EEK,AMD,reference,33.47
2000-06-22,EGP,AMD,reference,157.3
2000-06-22,ESP,AMD,reference,3.137
2000-06-22,EUR,AMD,reference,521.87
2000-06-22,FIM,AMD,reference,87.77
2000-06-22,FRF,AMD,reference,79.56
2000-06-22,GBP,AMD,reference,827.56
2000-06-22,GEL,AMD,reference,279.16
2000-06-22,GRD,AMD,reference,1.554
2000-06-22,HUF,AMD,reference,2.003
2000-06-22,IEP,AMD,reference,662.64
2000-06-22,ILS,AMD,reference,133.52
2000-06-22,INR,AMD,reference,12.26
2000-06-22,IRR,AMD,reference,0.3015
2000-06-22,ISK,AMD,reference,71.88
2000-06-22,ITL,AMD,reference,0.2695
2000-06-22,JPY,AMD,reference,5.195
2000-06-22,KGS,AMD,reference,11.58
2000-06-22,KRW,AMD,reference,0.4901
2000-06-22,KWD,AMD,reference,1787.54
2000-06-22,KZT,AMD,reference,38.4
2000-06-22,LBP,AMD,reference,0.363
2000-06-22,LTL,AMD,reference,136.79
2000-06-22,LVL,AMD,reference,913.44
2000-06-22,MDL,AMD,reference,43.51
2000-06-22,MXN,AMD,reference,55.4
2000-06-22,NLG,AMD,reference,236.82
2000-06-22,NOK,AMD,reference,63.44
2000-06-22,PLZ,AMD,reference,124.06
2000-06-22,PTE,AMD,reference,2.603
2000-06-22,ROL,AMD,reference,0.02589
2000-06-22,RUB,AMD,reference,19.4
2000-06-22,SAR,AMD,reference,145.88
2000-06-22,SDR,AMD,reference,700.13
2000-06-22,SEK,AMD,reference,63.26
2000-06-22,SGD,AMD,reference,315.84
2000-06-22,SKK,AMD,reference,12.36
2000-06-22,SYP,AMD,reference,12.16
2000-06-22,TAD,AMD,reference,3.219
2000-06-22,TJS,AMD,reference,3.219
2000-06-22,TMM,AMD,reference,0.1052
2000-06-22,TMT,AMD,reference,0.1052
2000-06-22,TRL,AMD,reference,0.0089
2000-06-22,UAH,AMD,reference,100.62
2000-06-22,USD,AMD,reference,547.15
2000-06-22,USM,AMD,reference,21.8
2000-06-23,AED,AMD,reference,149.01
2000-06-23,ARP,AMD,reference,547.26
2000-06-23,ATS,AMD,reference,37.66
2000-06-23,AUD,AMD,reference,328.84
2000-06-23,BEF,AMD,reference,12.845
2000-06-23,BGL,AMD,reference,264.93
2000-06-23,BRC,AMD,reference,301.81
2000-06-23,BYR,AMD,reference,0.848
2000-06-23,CAD,AMD,reference,371.45
2000-06-23,CHF,AMD,reference,333.82
2000-06-23,CNY,AMD,reference,66.1
2000-06-23,CZK,AMD,reference,14.34
2000-06-23,DEM,AMD,reference,264.93
2000-06-23,DKK,AMD,reference,69.15
2000-06-23,EEK,AMD,reference,33.27
2000-06-23,EGP,AMD,reference,156.85
2000-06-23,ESP,AMD,reference,3.114
2000-06-23,EUR,AMD,reference,518.15
2000-06-23,FIM,AMD,reference,87.15
2000-06-23,FRF,AMD,reference,78.99
2000-06-23,GBP,AMD,reference,823.02
2000-06-23,GEL,AMD,reference,279.16
2000-06-23,GRD,AMD,reference,1.542
2000-06-23,HUF,AMD,reference,1.985
2000-06-23,IEP,AMD,reference,657.92
2000-06-23,ILS,AMD,reference,133.39
2000-06-23,INR,AMD,reference,12.26
2000-06-23,IRR,AMD,reference,0.3015
2000-06-23,ISK,AMD,reference,71.66
2000-06-23,ITL,AMD,reference,0.2676
2000-06-23,JPY,AMD,reference,5.199
2000-06-23,KGS,AMD,reference,11.58
2000-06-23,KRW,AMD,reference,0.489
2000-06-23,KWD,AMD,reference,1785.57
2000-06-23,KZT,AMD,reference,38.4
2000-06-23,LBP,AMD,reference,0.363
2000-06-23,LTL,AMD,reference,136.79
2000-06-23,LVL,AMD,reference,913.44
2000-06-23,MDL,AMD,reference,43.55
2000-06-23,MXN,AMD,reference,55.64
2000-06-23,NLG,AMD,reference,235.13
2000-06-23,NOK,AMD,reference,63.01
2000-06-23,PLZ,AMD,reference,124.06
2000-06-23,PTE,AMD,reference,2.585
2000-06-23,ROL,AMD,reference,0.02583
2000-06-23,RUB,AMD,reference,19.4
2000-06-23,SAR,AMD,reference,145.88
2000-06-23,SDR,AMD,reference,700.13
2000-06-23,SEK,AMD,reference,62.78
2000-06-23,SGD,AMD,reference,315.6
2000-06-23,SKK,AMD,reference,12.26
2000-06-23,SYP,AMD,reference,11.89
2000-06-23,TAD,AMD,reference,3.219
2000-06-23,TJS,AMD,reference,3.219
2000-06-23,TMM,AMD,reference,0.1052
2000-06-23,TMT,AMD,reference,0.1052
2000-06-23,TRL,AMD,reference,0.00885
2000-06-23,UAH,AMD,reference,100.63
2000-06-23,USD,AMD,reference,547.15
2000-06-23,USM,AMD,reference,21.8
2000-06-26,AED,AMD,reference,148.96
2000-06-26,ARP,AMD,reference,547.09
2000-06-26,ATS,AMD,reference,37.39
2000-06-26,AUD,AMD,reference,326.33
2000-06-26,BEF,AMD,reference,12.753
2000-06-26,BGL,AMD,reference,263.03
2000-06-26,BRC,AMD,reference,301.93
2000-06-26,BYR,AMD,reference,0.842
2000-06-26,CAD,AMD,reference,371.34
2000-06-26,CHF,AMD,reference,332.95
2000-06-26,CNY,AMD,reference,66.08
2000-06-26,CZK,AMD,reference,14.27
2000-06-26,DEM,AMD,reference,263.03
2000-06-26,DKK,AMD,reference,68.81
2000-06-26,EEK,AMD,reference,32.91
2000-06-26,EGP,AMD,reference,156.8
2000-06-26,ESP,AMD,reference,3.092
2000-06-26,EUR,AMD,reference,514.43
2000-06-26,FIM,AMD,reference,86.52
2000-06-26,FRF,AMD,reference,78.43
2000-06-26,GBP,AMD,reference,820.63
2000-06-26,GEL,AMD,reference,279.07
2000-06-26,GRD,AMD,reference,1.528
2000-06-26,HUF,AMD,reference,1.973
2000-06-26,IEP,AMD,reference,653.2
2000-06-26,ILS,AMD,reference,133.64
2000-06-26,INR,AMD,reference,12.24
2000-06-26,IRR,AMD,reference,0.3015
2000-06-26,ISK,AMD,reference,70.96
2000-06-26,ITL,AMD,reference,0.2657
2000-06-26,JPY,AMD,reference,5.236
2000-06-26,KGS,AMD,reference,11.64
2000-06-26,KRW,AMD,reference,0.4885
2000-06-26,KWD,AMD,reference,1786.38
2000-06-26,KZT,AMD,reference,38.38
2000-06-26,LBP,AMD,reference,0.3628
2000-06-26,LTL,AMD,reference,136.75
2000-06-26,LVL,AMD,reference,913.16
2000-06-26,MDL,AMD,reference,43.55
2000-06-26,MXN,AMD,reference,55.37
2000-06-26,NLG,AMD,reference,233.44
2000-06-26,NOK,AMD,reference,62.63
2000-06-26,PLZ,AMD,reference,123.4
2000-06-26,PTE,AMD,reference,2.566
2000-06-26,ROL,AMD,reference,0.02579
2000-06-26,RUB,AMD,reference,19.4
2000-06-26,SAR,AMD,reference,145.83
2000-06-26,SDR,AMD,reference,700.13
2000-06-26,SEK,AMD,reference,62.2
2000-06-26,SGD,AMD,reference,315.5
2000-06-26,SKK,AMD,reference,12.18
2000-06-26,SYP,AMD,reference,12.16
2000-06-26,TAD,AMD,reference,3.218
2000-06-26,TJS,AMD,reference,3.218
2000-06-26,TMM,AMD,reference,0.1052
2000-06-26,TMT,AMD,reference,0.1052
2000-06-26,TRL,AMD,reference,0.00883
2000-06-26,UAH,AMD,reference,100.59
2000-06-26,USD,AMD,reference,546.98
2000-06-26,USM,AMD,reference,21.8
2000-06-27,AED,AMD,reference,148.96
2000-06-27,ARP,AMD,reference,547.28
2000-06-27,ATS,AMD,reference,37.42
2000-06-27,AUD,AMD,reference,324.3
2000-06-27,BEF,AMD,reference,12.763
2000-06-27,BGL,AMD,reference,263.25
2000-06-27,BRC,AMD,reference,300.3
2000-06-27,BYR,AMD,reference,0.835
2000-06-27,CAD,AMD,reference,369.78
2000-06-27,CHF,AMD,reference,331.73
2000-06-27,CNY,AMD,reference,66.08
2000-06-27,CZK,AMD,reference,14.21
2000-06-27,DEM,AMD,reference,263.25
2000-06-27,DKK,AMD,reference,68.33
2000-06-27,EEK,AMD,reference,32.91
2000-06-27,EGP,AMD,reference,156.78
2000-06-27,ESP,AMD,reference,3.094
2000-06-27,EUR,AMD,reference,514.87
2000-06-27,FIM,AMD,reference,86.6
2000-06-27,FRF,AMD,reference,78.49
2000-06-27,GBP,AMD,reference,819.98
2000-06-27,GEL,AMD,reference,279.07
2000-06-27,GRD,AMD,reference,1.524
2000-06-27,HUF,AMD,reference,1.959
2000-06-27,IEP,AMD,reference,653.75
2000-06-27,ILS,AMD,reference,133.64
2000-06-27,INR,AMD,reference,12.24
2000-06-27,IRR,AMD,reference,0.3015
2000-06-27,ISK,AMD,reference,70.75
2000-06-27,ITL,AMD,reference,0.2659
2000-06-27,JPY,AMD,reference,5.235
2000-06-27,KGS,AMD,reference,11.64
2000-06-27,KRW,AMD,reference,0.4889
2000-06-27,KWD,AMD,reference,1786.27
2000-06-27,KZT,AMD,reference,38.36
2000-06-27,LBP,AMD,reference,0.3628
2000-06-27,LTL,AMD,reference,136.75
2000-06-27,LVL,AMD,reference,910.12
2000-06-27,MDL,AMD,reference,43.59
2000-06-27,MXN,AMD,reference,54.84
2000-06-27,NLG,AMD,reference,233.64
2000-06-27,NOK,AMD,reference,62.77
2000-06-27,PLZ,AMD,reference,122.46
2000-06-27,PTE,AMD,reference,2.568
2000-06-27,ROL,AMD,reference,0.02576
2000-06-27,RUB,AMD,reference,19.5
2000-06-27,SAR,AMD,reference,145.83
2000-06-27,SDR,AMD,reference,700.13
2000-06-27,SEK,AMD,reference,62.21
2000-06-27,SGD,AMD,reference,315.59
2000-06-27,SKK,AMD,reference,11.98
2000-06-27,SYP,AMD,reference,12.16
2000-06-27,TAD,AMD,reference,3.218
2000-06-27,TJS,AMD,reference,3.218
2000-06-27,TMM,AMD,reference,0.1052
2000-06-27,TMT,AMD,reference,0.1052
2000-06-27,TRL,AMD,reference,0.00882
2000-06-27,UAH,AMD,reference,100.6
2000-06-27,USD,AMD,reference,546.98
2000-06-27,USM,AMD,reference,21.8
2000-06-28,AED,AMD,reference,149
2000-06-28,ARP,AMD,reference,547.23
2000-06-28,ATS,AMD,reference,37.08
2000-06-28,AUD,AMD,reference,328.82
2000-06-28,BEF,AMD,reference,12.65
2000-06-28,BGL,AMD,reference,260.91
2000-06-28,BRC,AMD,reference,299.38
2000-06-28,BYR,AMD,reference,0.829
2000-06-28,CAD,AMD,reference,369.15
2000-06-28,CHF,AMD,reference,329.69
2000-06-28,CNY,AMD,reference,66.09
2000-06-28,CZK,AMD,reference,14.36
2000-06-28,DEM,AMD,reference,260.91
2000-06-28,DKK,AMD,reference,69.01
2000-06-28,EEK,AMD,reference,32.89
2000-06-28,EGP,AMD,reference,156.79
2000-06-28,ESP,AMD,reference,3.067
2000-06-28,EUR,AMD,reference,510.3
2000-06-28,FIM,AMD,reference,85.83
2000-06-28,FRF,AMD,reference,77.79
2000-06-28,GBP,AMD,reference,819.86
2000-06-28,GEL,AMD,reference,279.14
2000-06-28,GRD,AMD,reference,1.516
2000-06-28,HUF,AMD,reference,1.979
2000-06-28,IEP,AMD,reference,647.95
2000-06-28,ILS,AMD,reference,133.74
2000-06-28,INR,AMD,reference,12.25
2000-06-28,IRR,AMD,reference,0.3015
2000-06-28,ISK,AMD,reference,70.83
2000-06-28,ITL,AMD,reference,0.2635
2000-06-28,JPY,AMD,reference,5.178
2000-06-28,KGS,AMD,reference,11.65
2000-06-28,KRW,AMD,reference,0.4886
2000-06-28,KWD,AMD,reference,1784.71
2000-06-28,KZT,AMD,reference,38.37
2000-06-28,LBP,AMD,reference,0.3629
2000-06-28,LTL,AMD,reference,136.78
2000-06-28,LVL,AMD,reference,910.35
2000-06-28,MDL,AMD,reference,43.61
2000-06-28,MXN,AMD,reference,54.6
2000-06-28,NLG,AMD,reference,231.56
2000-06-28,NOK,AMD,reference,62.39
2000-06-28,PLZ,AMD,reference,123.78
2000-06-28,PTE,AMD,reference,2.545
2000-06-28,ROL,AMD,reference,0.02575
2000-06-28,RUB,AMD,reference,19.4
2000-06-28,SAR,AMD,reference,145.88
2000-06-28,SDR,AMD,reference,700.13
2000-06-28,SEK,AMD,reference,61.6
2000-06-28,SGD,AMD,reference,316.09
2000-06-28,SKK,AMD,reference,11.97
2000-06-28,SYP,AMD,reference,12.16
2000-06-28,TAD,AMD,reference,3.218
2000-06-28,TJS,AMD,reference,3.218
2000-06-28,TMM,AMD,reference,0.1052
2000-06-28,TMT,AMD,reference,0.1052
2000-06-28,TRL,AMD,reference,0.00878
2000-06-28,UAH,AMD,reference,100.62
2000-06-28,USD,AMD,reference,547.12
2000-06-28,USM,AMD,reference,21.42
2000-06-29,AED,AMD,reference,149
2000-06-29,ARP,AMD,reference,547.23
2000-06-29,ATS,AMD,reference,37.38
2000-06-29,AUD,AMD,reference,328.87
2000-06-29,BEF,AMD,reference,12.75
2000-06-29,BGL,AMD,reference,262.98
2000-06-29,BRC,AMD,reference,300.11
2000-06-29,BYR,AMD,reference,0.823
2000-06-29,CAD,AMD,reference,369.05
2000-06-29,CHF,AMD,reference,332.14
2000-06-29,CNY,AMD,reference,66.09
2000-06-29,CZK,AMD,reference,14.44
2000-06-29,DEM,AMD,reference,262.98
2000-06-29,DKK,AMD,reference,69.15
2000-06-29,EEK,AMD,reference,32.95
2000-06-29,EGP,AMD,reference,156.79
2000-06-29,ESP,AMD,reference,3.091
2000-06-29,EUR,AMD,reference,514.35
2000-06-29,FIM,AMD,reference,86.51
2000-06-29,FRF,AMD,reference,78.41
2000-06-29,GBP,AMD,reference,823.09
2000-06-29,GEL,AMD,reference,279.14
2000-06-29,GRD,AMD,reference,1.528
2000-06-29,HUF,AMD,reference,1.985
2000-06-29,IEP,AMD,reference,653.09
2000-06-29,ILS,AMD,reference,134.03
2000-06-29,INR,AMD,reference,12.25
2000-06-29,IRR,AMD,reference,0.3015
2000-06-29,ISK,AMD,reference,70.85
2000-06-29,ITL,AMD,reference,0.2656
2000-06-29,JPY,AMD,reference,5.188
2000-06-29,KGS,AMD,reference,11.65
2000-06-29,KRW,AMD,reference,0.4886
2000-06-29,KWD,AMD,reference,1784.16
2000-06-29,KZT,AMD,reference,38.37
2000-06-29,LBP,AMD,reference,0.3629
2000-06-29,LTL,AMD,reference,136.78
2000-06-29,LVL,AMD,reference,908.84
2000-06-29,MDL,AMD,reference,43.67
2000-06-29,MXN,AMD,reference,54.25
2000-06-29,NLG,AMD,reference,233.4
2000-06-29,NOK,AMD,reference,62.63
2000-06-29,PLZ,AMD,reference,124.22
2000-06-29,PTE,AMD,reference,2.566
2000-06-29,ROL,AMD,reference,0.02572
2000-06-29,RUB,AMD,reference,19.4
2000-06-29,SAR,AMD,reference,145.88
2000-06-29,SDR,AMD,reference,700.13
2000-06-29,SEK,AMD,reference,61.44
2000-06-29,SGD,AMD,reference,315.53
2000-06-29,SKK,AMD,reference,11.98
2000-06-29,SYP,AMD,reference,12.16
2000-06-29,TAD,AMD,reference,3.218
2000-06-29,TJS,AMD,reference,3.218
2000-06-29,TMM,AMD,reference,0.1052
2000-06-29,TMT,AMD,reference,0.1052
2000-06-29,TRL,AMD,reference,0.0088
2000-06-29,UAH,AMD,reference,100.62
2000-06-29,USD,AMD,reference,547.12
2000-06-29,USM,AMD,reference,21.42
2000-06-30,AED,AMD,reference,149.21
2000-06-30,ARP,AMD,reference,548
2000-06-30,ATS,AMD,reference,37.49
2000-06-30,AUD,AMD,reference,329.56
2000-06-30,BEF,AMD,reference,12.787
2000-06-30,BGL,AMD,reference,263.74
2000-06-30,BRC,AMD,reference,301.11
2000-06-30,BYR,AMD,reference,0.818
2000-06-30,CAD,AMD,reference,369.32
2000-06-30,CHF,AMD,reference,333.25
2000-06-30,CNY,AMD,reference,66.19
2000-06-30,CZK,AMD,reference,14.51
2000-06-30,DEM,AMD,reference,263.74
2000-06-30,DKK,AMD,reference,69.7
2000-06-30,EEK,AMD,reference,33.24
2000-06-30,EGP,AMD,reference,156.96
2000-06-30,ESP,AMD,reference,3.1
2000-06-30,EUR,AMD,reference,515.84
2000-06-30,FIM,AMD,reference,86.76
2000-06-30,FRF,AMD,reference,78.64
2000-06-30,GBP,AMD,reference,831.42
2000-06-30,GEL,AMD,reference,279.54
2000-06-30,GRD,AMD,reference,1.531
2000-06-30,HUF,AMD,reference,1.993
2000-06-30,IEP,AMD,reference,654.98
2000-06-30,ILS,AMD,reference,133.86
2000-06-30,INR,AMD,reference,12.27
2000-06-30,IRR,AMD,reference,0.3015
2000-06-30,ISK,AMD,reference,71.46
2000-06-30,ITL,AMD,reference,0.2664
2000-06-30,JPY,AMD,reference,5.225
2000-06-30,KGS,AMD,reference,11.66
2000-06-30,KRW,AMD,reference,0.4898
2000-06-30,KWD,AMD,reference,1788.7
2000-06-30,KZT,AMD,reference,38.42
2000-06-30,LBP,AMD,reference,0.3634
2000-06-30,LTL,AMD,reference,136.97
2000-06-30,LVL,AMD,reference,911.63
2000-06-30,MDL,AMD,reference,43.75
2000-06-30,MXN,AMD,reference,54.96
2000-06-30,NLG,AMD,reference,234.08
2000-06-30,NOK,AMD,reference,63.1
2000-06-30,PLZ,AMD,reference,124.54
2000-06-30,PTE,AMD,reference,2.573
2000-06-30,ROL,AMD,reference,0.0257
2000-06-30,RUB,AMD,reference,19.4
2000-06-30,SAR,AMD,reference,146.08
2000-06-30,SDR,AMD,reference,700.13
2000-06-30,SEK,AMD,reference,61.51
2000-06-30,SGD,AMD,reference,316.01
2000-06-30,SKK,AMD,reference,12.06
2000-06-30,SYP,AMD,reference,11.91
2000-06-30,TAD,AMD,reference,3.223
2000-06-30,TJS,AMD,reference,3.223
2000-06-30,TMM,AMD,reference,0.1054
2000-06-30,TMT,AMD,reference,0.1054
2000-06-30,TRL,AMD,reference,0.00881
2000-06-30,UAH,AMD,reference,100.76
2000-06-30,USD,AMD,reference,547.89
2000-06-30,USM,AMD,reference,21.45
2000-07-03,AED,AMD,reference,149.22
2000-07-03,ARP,AMD,reference,548.04
2000-07-03,ATS,AMD,reference,37.84
2000-07-03,AUD,AMD,reference,327.83
2000-07-03,BEF,AMD,reference,12.909
2000-07-03,BGL,AMD,reference,266.26
2000-07-03,BRC,AMD,reference,301.64
2000-07-03,BYR,AMD,reference,0.812
2000-07-03,CAD,AMD,reference,369.8
2000-07-03,CHF,AMD,reference,334.72
2000-07-03,CNY,AMD,reference,66.19
2000-07-03,CZK,AMD,reference,14.73
2000-07-03,DEM,AMD,reference,266.26
2000-07-03,DKK,AMD,reference,70.34
2000-07-03,EEK,AMD,reference,33.53
2000-07-03,EGP,AMD,reference,156.97
2000-07-03,ESP,AMD,reference,3.13
2000-07-03,EUR,AMD,reference,520.75
2000-07-03,FIM,AMD,reference,87.58
2000-07-03,FRF,AMD,reference,79.39
2000-07-03,GBP,AMD,reference,828.09
2000-07-03,GEL,AMD,reference,279.56
2000-07-03,GRD,AMD,reference,1.547
2000-07-03,HUF,AMD,reference,2.019
2000-07-03,IEP,AMD,reference,661.22
2000-07-03,ILS,AMD,reference,134.17
2000-07-03,INR,AMD,reference,12.26
2000-07-03,IRR,AMD,reference,0.3015
2000-07-03,ISK,AMD,reference,71.66
2000-07-03,ITL,AMD,reference,0.2689
2000-07-03,JPY,AMD,reference,5.2
2000-07-03,KGS,AMD,reference,11.61
2000-07-03,KRW,AMD,reference,0.4901
2000-07-03,KWD,AMD,reference,1789.65
2000-07-03,KZT,AMD,reference,38.42
2000-07-03,LBP,AMD,reference,0.3635
2000-07-03,LTL,AMD,reference,136.98
2000-07-03,LVL,AMD,reference,913.22
2000-07-03,MDL,AMD,reference,43.76
2000-07-03,MXN,AMD,reference,55.43
2000-07-03,NLG,AMD,reference,236.31
2000-07-03,NOK,AMD,reference,63.67
2000-07-03,PLZ,AMD,reference,124.79
2000-07-03,PTE,AMD,reference,2.598
2000-07-03,ROL,AMD,reference,0.02565
2000-07-03,RUB,AMD,reference,19.4
2000-07-03,SAR,AMD,reference,146.09
2000-07-03,SDR,AMD,reference,700.13
2000-07-03,SEK,AMD,reference,61.96
2000-07-03,SGD,AMD,reference,317.04
2000-07-03,SKK,AMD,reference,12.25
2000-07-03,SYP,AMD,reference,12.18
2000-07-03,TAD,AMD,reference,3.223
2000-07-03,TJS,AMD,reference,3.223
2000-07-03,TMM,AMD,reference,0.1054
2000-07-03,TMT,AMD,reference,0.1054
2000-07-03,TRL,AMD,reference,0.00885
2000-07-03,UAH,AMD,reference,100.76
2000-07-03,USD,AMD,reference,547.93
2000-07-03,USM,AMD,reference,21.45
2000-07-04,AED,AMD,reference,149.38
2000-07-04,ARP,AMD,reference,548.83
2000-07-04,ATS,AMD,reference,38.09
2000-07-04,AUD,AMD,reference,329.72
2000-07-04,BEF,AMD,reference,12.994
2000-07-04,BGL,AMD,reference,268.01
2000-07-04,BRC,AMD,reference,304.13
2000-07-04,BYR,AMD,reference,0.813
2000-07-04,CAD,AMD,reference,370.8
2000-07-04,CHF,AMD,reference,336.53
2000-07-04,CNY,AMD,reference,66.26
2000-07-04,CZK,AMD,reference,14.61
2000-07-04,DEM,AMD,reference,268.01
2000-07-04,DKK,AMD,reference,69.86
2000-07-04,EEK,AMD,reference,33.35
2000-07-04,EGP,AMD,reference,157.32
2000-07-04,ESP,AMD,reference,3.15
2000-07-04,EUR,AMD,reference,524.18
2000-07-04,FIM,AMD,reference,88.16
2000-07-04,FRF,AMD,reference,79.91
2000-07-04,GBP,AMD,reference,830.31
2000-07-04,GEL,AMD,reference,279.86
2000-07-04,GRD,AMD,reference,1.559
2000-07-04,HUF,AMD,reference,2.006
2000-07-04,IEP,AMD,reference,665.57
2000-07-04,ILS,AMD,reference,134.31
2000-07-04,INR,AMD,reference,12.28
2000-07-04,IRR,AMD,reference,0.3015
2000-07-04,ISK,AMD,reference,71.74
2000-07-04,ITL,AMD,reference,0.2707
2000-07-04,JPY,AMD,reference,5.159
2000-07-04,KGS,AMD,reference,11.62
2000-07-04,KRW,AMD,reference,0.492
2000-07-04,KWD,AMD,reference,1790.79
2000-07-04,KZT,AMD,reference,38.47
2000-07-04,LBP,AMD,reference,0.3639
2000-07-04,LTL,AMD,reference,137.13
2000-07-04,LVL,AMD,reference,915.74
2000-07-04,MDL,AMD,reference,43.84
2000-07-04,MXN,AMD,reference,55.73
2000-07-04,NLG,AMD,reference,237.86
2000-07-04,NOK,AMD,reference,64.04
2000-07-04,PLZ,AMD,reference,125.66
2000-07-04,PTE,AMD,reference,2.615
2000-07-04,ROL,AMD,reference,0.02566
2000-07-04,RUB,AMD,reference,19.4
2000-07-04,SAR,AMD,reference,146.26
2000-07-04,SDR,AMD,reference,700.13
2000-07-04,SEK,AMD,reference,62.25
2000-07-04,SGD,AMD,reference,317.38
2000-07-04,SKK,AMD,reference,12.27
2000-07-04,SYP,AMD,reference,12.19
2000-07-04,TAD,AMD,reference,3.227
2000-07-04,TJS,AMD,reference,3.227
2000-07-04,TMM,AMD,reference,0.1055
2000-07-04,TMT,AMD,reference,0.1055
2000-07-04,TRL,AMD,reference,0.00887
2000-07-04,UAH,AMD,reference,100.87
2000-07-04,USD,AMD,reference,548.53
2000-07-04,USM,AMD,reference,21.48
2000-07-06,AED,AMD,reference,149.38
2000-07-06,ARP,AMD,reference,548.83
2000-07-06,ATS,AMD,reference,37.84
2000-07-06,AUD,AMD,reference,328.57
2000-07-06,BEF,AMD,reference,12.908
2000-07-06,BGL,AMD,reference,266.24
2000-07-06,BRC,AMD,reference,304.13
2000-07-06,BYR,AMD,reference,0.807
2000-07-06,CAD,AMD,reference,370.8
2000-07-06,CHF,AMD,reference,334.85
2000-07-06,CNY,AMD,reference,66.26
2000-07-06,CZK,AMD,reference,14.55
2000-07-06,DEM,AMD,reference,266.24
2000-07-06,DKK,AMD,reference,69.64
2000-07-06,EEK,AMD,reference,33.35
2000-07-06,EGP,AMD,reference,157.28
2000-07-06,ESP,AMD,reference,3.13
2000-07-06,EUR,AMD,reference,520.72
2000-07-06,FIM,AMD,reference,87.58
2000-07-06,FRF,AMD,reference,79.38
2000-07-06,GBP,AMD,reference,829.76
2000-07-06,GEL,AMD,reference,279.86
2000-07-06,GRD,AMD,reference,1.546
2000-07-06,HUF,AMD,reference,2.001
2000-07-06,IEP,AMD,reference,661.18
2000-07-06,ILS,AMD,reference,134.81
2000-07-06,INR,AMD,reference,12.28
2000-07-06,IRR,AMD,reference,0.3015
2000-07-06,ISK,AMD,reference,71.4
2000-07-06,ITL,AMD,reference,0.2689
2000-07-06,JPY,AMD,reference,5.16
2000-07-06,KGS,AMD,reference,11.62
2000-07-06,KRW,AMD,reference,0.4918
2000-07-06,KWD,AMD,reference,1791.01
2000-07-06,KZT,AMD,reference,38.44
2000-07-06,LBP,AMD,reference,0.3639
2000-07-06,LTL,AMD,reference,137.13
2000-07-06,LVL,AMD,reference,914.22
2000-07-06,MDL,AMD,reference,43.84
2000-07-06,MXN,AMD,reference,55.73
2000-07-06,NLG,AMD,reference,236.29
2000-07-06,NOK,AMD,reference,63.74
2000-07-06,PLZ,AMD,reference,127.19
2000-07-06,PTE,AMD,reference,2.597
2000-07-06,ROL,AMD,reference,0.02564
2000-07-06,RUB,AMD,reference,19.4
2000-07-06,SAR,AMD,reference,146.26
2000-07-06,SDR,AMD,reference,700.13
2000-07-06,SEK,AMD,reference,62.08
2000-07-06,SGD,AMD,reference,316.83
2000-07-06,SKK,AMD,reference,12.23
2000-07-06,SYP,AMD,reference,12.19
2000-07-06,TAD,AMD,reference,3.047
2000-07-06,TJS,AMD,reference,3.047
2000-07-06,TMM,AMD,reference,0.1055
2000-07-06,TMT,AMD,reference,0.1055
2000-07-06,TRL,AMD,reference,0.00883
2000-07-06,UAH,AMD,reference,100.87
2000-07-06,USD,AMD,reference,548.53
2000-07-06,USM,AMD,reference,21.48
2000-07-07,AED,AMD,reference,149.38
2000-07-07,ARP,AMD,reference,548.64
2000-07-07,ATS,AMD,reference,38.02
2000-07-07,AUD,AMD,reference,324.18
2000-07-07,BEF,AMD,reference,12.968
2000-07-07,BGL,AMD,reference,267.47
2000-07-07,BRC,AMD,reference,304.05
2000-07-07,BYR,AMD,reference,0.795
2000-07-07,CAD,AMD,reference,367.97
2000-07-07,CHF,AMD,reference,336.81
2000-07-07,CNY,AMD,reference,66.26
2000-07-07,CZK,AMD,reference,14.55
2000-07-07,DEM,AMD,reference,267.47
2000-07-07,DKK,AMD,reference,70.37
2000-07-07,EEK,AMD,reference,33.58
2000-07-07,EGP,AMD,reference,157.23
2000-07-07,ESP,AMD,reference,3.144
2000-07-07,EUR,AMD,reference,523.13
2000-07-07,FIM,AMD,reference,87.98
2000-07-07,FRF,AMD,reference,79.75
2000-07-07,GBP,AMD,reference,827.62
2000-07-07,GEL,AMD,reference,279.86
2000-07-07,GRD,AMD,reference,1.557
2000-07-07,HUF,AMD,reference,2.02
2000-07-07,IEP,AMD,reference,664.24
2000-07-07,ILS,AMD,reference,134.61
2000-07-07,INR,AMD,reference,12.26
2000-07-07,IRR,AMD,reference,0.3015
2000-07-07,ISK,AMD,reference,71.51
2000-07-07,ITL,AMD,reference,0.2702
2000-07-07,JPY,AMD,reference,5.131
2000-07-07,KGS,AMD,reference,11.62
2000-07-07,KRW,AMD,reference,0.4928
2000-07-07,KWD,AMD,reference,1791.39
2000-07-07,KZT,AMD,reference,38.44
2000-07-07,LBP,AMD,reference,0.3639
2000-07-07,LTL,AMD,reference,137.13
2000-07-07,LVL,AMD,reference,914.22
2000-07-07,MDL,AMD,reference,43.91
2000-07-07,MXN,AMD,reference,57.66
2000-07-07,NLG,AMD,reference,237.39
2000-07-07,NOK,AMD,reference,63.9
2000-07-07,PLZ,AMD,reference,126.96
2000-07-07,PTE,AMD,reference,2.609
2000-07-07,ROL,AMD,reference,0.02557
2000-07-07,RUB,AMD,reference,19.4
2000-07-07,SAR,AMD,reference,146.26
2000-07-07,SDR,AMD,reference,700.13
2000-07-07,SEK,AMD,reference,62.22
2000-07-07,SGD,AMD,reference,315.88
2000-07-07,SKK,AMD,reference,12.39
2000-07-07,SYP,AMD,reference,11.92
2000-07-07,TAD,AMD,reference,3.047
2000-07-07,TJS,AMD,reference,3.047
2000-07-07,TMM,AMD,reference,0.1055
2000-07-07,TMT,AMD,reference,0.1055
2000-07-07,TRL,AMD,reference,0.00884
2000-07-07,UAH,AMD,reference,100.86
2000-07-07,USD,AMD,reference,548.53
2000-07-07,USM,AMD,reference,21.05
2000-07-10,AED,AMD,reference,149.25
2000-07-10,ARP,AMD,reference,548.14
2000-07-10,ATS,AMD,reference,38
2000-07-10,AUD,AMD,reference,321.97
2000-07-10,BEF,AMD,reference,12.963
2000-07-10,BGL,AMD,reference,267.37
2000-07-10,BRC,AMD,reference,305.21
2000-07-10,BYR,AMD,reference,0.789
2000-07-10,CAD,AMD,reference,368.97
2000-07-10,CHF,AMD,reference,337.72
2000-07-10,CNY,AMD,reference,66.2
2000-07-10,CZK,AMD,reference,14.61
2000-07-10,DEM,AMD,reference,267.37
2000-07-10,DKK,AMD,reference,69.79
2000-07-10,EEK,AMD,reference,33.28
2000-07-10,EGP,AMD,reference,157.08
2000-07-10,ESP,AMD,reference,3.143
2000-07-10,EUR,AMD,reference,522.93
2000-07-10,FIM,AMD,reference,87.95
2000-07-10,FRF,AMD,reference,79.72
2000-07-10,GBP,AMD,reference,828.24
2000-07-10,GEL,AMD,reference,279.59
2000-07-10,GRD,AMD,reference,1.559
2000-07-10,HUF,AMD,reference,2.002
2000-07-10,IEP,AMD,reference,663.98
2000-07-10,ILS,AMD,reference,133.99
2000-07-10,INR,AMD,reference,12.25
2000-07-10,IRR,AMD,reference,0.3015
2000-07-10,ISK,AMD,reference,71.19
2000-07-10,ITL,AMD,reference,0.2701
2000-07-10,JPY,AMD,reference,5.092
2000-07-10,KGS,AMD,reference,11.67
2000-07-10,KRW,AMD,reference,0.4917
2000-07-10,KWD,AMD,reference,1788.22
2000-07-10,KZT,AMD,reference,38.4
2000-07-10,LBP,AMD,reference,0.3635
2000-07-10,LTL,AMD,reference,137.01
2000-07-10,LVL,AMD,reference,911.86
2000-07-10,MDL,AMD,reference,43.92
2000-07-10,MXN,AMD,reference,57.34
2000-07-10,NLG,AMD,reference,237.3
2000-07-10,NOK,AMD,reference,63.93
2000-07-10,PLZ,AMD,reference,126.82
2000-07-10,PTE,AMD,reference,2.608
2000-07-10,ROL,AMD,reference,0.02552
2000-07-10,RUB,AMD,reference,19.4
2000-07-10,SAR,AMD,reference,146.12
2000-07-10,SDR,AMD,reference,700.13
2000-07-10,SEK,AMD,reference,61.96
2000-07-10,SGD,AMD,reference,315.62
2000-07-10,SKK,AMD,reference,12.29
2000-07-10,SYP,AMD,reference,12.18
2000-07-10,TAD,AMD,reference,3.045
2000-07-10,TJS,AMD,reference,3.045
2000-07-10,TMM,AMD,reference,0.1054
2000-07-10,TMT,AMD,reference,0.1054
2000-07-10,TRL,AMD,reference,0.00883
2000-07-10,UAH,AMD,reference,100.77
2000-07-10,USD,AMD,reference,548.03
2000-07-10,USM,AMD,reference,21.03
2000-07-11,AED,AMD,reference,149.25
2000-07-11,ARP,AMD,reference,548.29
2000-07-11,ATS,AMD,reference,37.77
2000-07-11,AUD,AMD,reference,325.26
2000-07-11,BEF,AMD,reference,12.883
2000-07-11,BGL,AMD,reference,265.72
2000-07-11,BRC,AMD,reference,304.71
2000-07-11,BYR,AMD,reference,0.783
2000-07-11,CAD,AMD,reference,370.02
2000-07-11,CHF,AMD,reference,336.2
2000-07-11,CNY,AMD,reference,66.2
2000-07-11,CZK,AMD,reference,14.63
2000-07-11,DEM,AMD,reference,265.72
2000-07-11,DKK,AMD,reference,69.85
2000-07-11,EEK,AMD,reference,33.28
2000-07-11,EGP,AMD,reference,156.89
2000-07-11,ESP,AMD,reference,3.123
2000-07-11,EUR,AMD,reference,519.7
2000-07-11,FIM,AMD,reference,87.41
2000-07-11,FRF,AMD,reference,79.23
2000-07-11,GBP,AMD,reference,831.47
2000-07-11,GEL,AMD,reference,279.59
2000-07-11,GRD,AMD,reference,1.545
2000-07-11,HUF,AMD,reference,2.005
2000-07-11,IEP,AMD,reference,659.88
2000-07-11,ILS,AMD,reference,133.99
2000-07-11,INR,AMD,reference,12.27
2000-07-11,IRR,AMD,reference,0.3015
2000-07-11,ISK,AMD,reference,71.37
2000-07-11,ITL,AMD,reference,0.2684
2000-07-11,JPY,AMD,reference,5.133
2000-07-11,KGS,AMD,reference,11.67
2000-07-11,KRW,AMD,reference,0.4898
2000-07-11,KWD,AMD,reference,1786.85
2000-07-11,KZT,AMD,reference,38.4
2000-07-11,LBP,AMD,reference,0.3635
2000-07-11,LTL,AMD,reference,137.01
2000-07-11,LVL,AMD,reference,908.84
2000-07-11,MDL,AMD,reference,43.93
2000-07-11,MXN,AMD,reference,57.65
2000-07-11,NLG,AMD,reference,235.83
2000-07-11,NOK,AMD,reference,63.59
2000-07-11,PLZ,AMD,reference,127.22
2000-07-11,PTE,AMD,reference,2.592
2000-07-11,ROL,AMD,reference,0.0255
2000-07-11,RUB,AMD,reference,19.4
2000-07-11,SAR,AMD,reference,146.12
2000-07-11,SDR,AMD,reference,700.13
2000-07-11,SEK,AMD,reference,61.64
2000-07-11,SGD,AMD,reference,315.46
2000-07-11,SKK,AMD,reference,12.29
2000-07-11,SYP,AMD,reference,12.18
2000-07-11,TAD,AMD,reference,3.045
2000-07-11,TJS,AMD,reference,3.045
2000-07-11,TMM,AMD,reference,0.1054
2000-07-11,TMT,AMD,reference,0.1054
2000-07-11,TRL,AMD,reference,0.0088
2000-07-11,UAH,AMD,reference,100.77
2000-07-11,USD,AMD,reference,548.03
2000-07-11,USM,AMD,reference,21.03
2000-07-12,AED,AMD,reference,149.3
2000-07-12,ARP,AMD,reference,548.34
2000-07-12,ATS,AMD,reference,37.94
2000-07-12,AUD,AMD,reference,324.28
2000-07-12,BEF,AMD,reference,12.942
2000-07-12,BGL,AMD,reference,266.93
2000-07-12,BRC,AMD,reference,304.68
2000-07-12,BYR,AMD,reference,0.778
2000-07-12,CAD,AMD,reference,370.43
2000-07-12,CHF,AMD,reference,337.68
2000-07-12,CNY,AMD,reference,66.23
2000-07-12,CZK,AMD,reference,14.72
2000-07-12,DEM,AMD,reference,266.94
2000-07-12,DKK,AMD,reference,70.09
2000-07-12,EEK,AMD,reference,33.44
2000-07-12,EGP,AMD,reference,156.92
2000-07-12,ESP,AMD,reference,3.138
2000-07-12,EUR,AMD,reference,522.08
2000-07-12,FIM,AMD,reference,87.81
2000-07-12,FRF,AMD,reference,79.59
2000-07-12,GBP,AMD,reference,829.25
2000-07-12,GEL,AMD,reference,279.69
2000-07-12,GRD,AMD,reference,1.547
2000-07-12,HUF,AMD,reference,2.009
2000-07-12,IEP,AMD,reference,662.9
2000-07-12,ILS,AMD,reference,133.52
2000-07-12,INR,AMD,reference,12.27
2000-07-12,IRR,AMD,reference,0.3015
2000-07-12,ISK,AMD,reference,71.43
2000-07-12,ITL,AMD,reference,0.2696
2000-07-12,JPY,AMD,reference,5.127
2000-07-12,KGS,AMD,reference,11.67
2000-07-12,KRW,AMD,reference,0.4908
2000-07-12,KWD,AMD,reference,1789.04
2000-07-12,KZT,AMD,reference,38.42
2000-07-12,LBP,AMD,reference,0.3637
2000-07-12,LTL,AMD,reference,137.06
2000-07-12,LVL,AMD,reference,912.2
2000-07-12,MDL,AMD,reference,43.97
2000-07-12,MXN,AMD,reference,57.75
2000-07-12,NLG,AMD,reference,236.91
2000-07-12,NOK,AMD,reference,63.94
2000-07-12,PLZ,AMD,reference,128.56
2000-07-12,PTE,AMD,reference,2.604
2000-07-12,ROL,AMD,reference,0.0255
2000-07-12,RUB,AMD,reference,19.45
2000-07-12,SAR,AMD,reference,146.18
2000-07-12,SDR,AMD,reference,700.13
2000-07-12,SEK,AMD,reference,61.81
2000-07-12,SGD,AMD,reference,314.76
2000-07-12,SKK,AMD,reference,12.32
2000-07-12,SYP,AMD,reference,12.18
2000-07-12,TAD,AMD,reference,3.046
2000-07-12,TJS,AMD,reference,3.046
2000-07-12,TMM,AMD,reference,0.1054
2000-07-12,TMT,AMD,reference,0.1054
2000-07-12,TRL,AMD,reference,0.00881
2000-07-12,UAH,AMD,reference,100.81
2000-07-12,USD,AMD,reference,548.23
2000-07-12,USM,AMD,reference,20.62
2000-07-13,AED,AMD,reference,149.3
2000-07-13,ARP,AMD,reference,548.34
2000-07-13,ATS,AMD,reference,37.96
2000-07-13,AUD,AMD,reference,322.85
2000-07-13,BEF,AMD,reference,12.947
2000-07-13,BGL,AMD,reference,267.05
2000-07-13,BRC,AMD,reference,304.82
2000-07-13,BYR,AMD,reference,0.772
2000-07-13,CAD,AMD,reference,370.88
2000-07-13,CHF,AMD,reference,336.62
2000-07-13,CNY,AMD,reference,66.23
2000-07-13,CZK,AMD,reference,14.7
2000-07-13,DEM,AMD,reference,267.05
2000-07-13,DKK,AMD,reference,69.83
2000-07-13,EEK,AMD,reference,33.31
2000-07-13,EGP,AMD,reference,156.86
2000-07-13,ESP,AMD,reference,3.139
2000-07-13,EUR,AMD,reference,522.3
2000-07-13,FIM,AMD,reference,87.84
2000-07-13,FRF,AMD,reference,79.62
2000-07-13,GBP,AMD,reference,829.97
2000-07-13,GEL,AMD,reference,279.69
2000-07-13,GRD,AMD,reference,1.555
2000-07-13,HUF,AMD,reference,2.001
2000-07-13,IEP,AMD,reference,663.18
2000-07-13,ILS,AMD,reference,133.88
2000-07-13,INR,AMD,reference,12.27
2000-07-13,IRR,AMD,reference,0.3015
2000-07-13,ISK,AMD,reference,71.16
2000-07-13,ITL,AMD,reference,0.2697
2000-07-13,JPY,AMD,reference,5.104
2000-07-13,KGS,AMD,reference,11.67
2000-07-13,KRW,AMD,reference,0.4908
2000-07-13,KWD,AMD,reference,1789.2
2000-07-13,KZT,AMD,reference,38.42
2000-07-13,LBP,AMD,reference,0.3637
2000-07-13,LTL,AMD,reference,137.06
2000-07-13,LVL,AMD,reference,913.72
2000-07-13,MDL,AMD,reference,43.99
2000-07-13,MXN,AMD,reference,58.12
2000-07-13,NLG,AMD,reference,237.01
2000-07-13,NOK,AMD,reference,63.89
2000-07-13,PLZ,AMD,reference,127.99
2000-07-13,PTE,AMD,reference,2.605
2000-07-13,ROL,AMD,reference,0.02548
2000-07-13,RUB,AMD,reference,19.68
2000-07-13,SAR,AMD,reference,146.18
2000-07-13,SDR,AMD,reference,700.13
2000-07-13,SEK,AMD,reference,62.02
2000-07-13,SGD,AMD,reference,314.59
2000-07-13,SKK,AMD,reference,12.28
2000-07-13,SYP,AMD,reference,11.92
2000-07-13,TAD,AMD,reference,3.046
2000-07-13,TJS,AMD,reference,3.046
2000-07-13,TMM,AMD,reference,0.1054
2000-07-13,TMT,AMD,reference,0.1054
2000-07-13,TRL,AMD,reference,0.00881
2000-07-13,UAH,AMD,reference,100.8
2000-07-13,USD,AMD,reference,548.23
2000-07-13,USM,AMD,reference,20.62
2000-07-14,AED,AMD,reference,149.34
2000-07-14,ARP,AMD,reference,548.5
2000-07-14,ATS,AMD,reference,37.86
2000-07-14,AUD,AMD,reference,323.93
2000-07-14,BEF,AMD,reference,12.913
2000-07-14,BGL,AMD,reference,266.34
2000-07-14,BRC,AMD,reference,304.08
2000-07-14,BYR,AMD,reference,0.767
2000-07-14,CAD,AMD,reference,370.28
2000-07-14,CHF,AMD,reference,335.58
2000-07-14,CNY,AMD,reference,66.25
2000-07-14,CZK,AMD,reference,14.43
2000-07-14,DEM,AMD,reference,266.34
2000-07-14,DKK,AMD,reference,68.93
2000-07-14,EEK,AMD,reference,32.87
2000-07-14,EGP,AMD,reference,156.86
2000-07-14,ESP,AMD,reference,3.131
2000-07-14,EUR,AMD,reference,520.92
2000-07-14,FIM,AMD,reference,87.61
2000-07-14,FRF,AMD,reference,79.41
2000-07-14,GBP,AMD,reference,823.85
2000-07-14,GEL,AMD,reference,279.78
2000-07-14,GRD,AMD,reference,1.546
2000-07-14,HUF,AMD,reference,1.977
2000-07-14,IEP,AMD,reference,661.43
2000-07-14,ILS,AMD,reference,134.11
2000-07-14,INR,AMD,reference,12.27
2000-07-14,IRR,AMD,reference,0.3015
2000-07-14,ISK,AMD,reference,69.03
2000-07-14,ITL,AMD,reference,0.269
2000-07-14,JPY,AMD,reference,5.068
2000-07-14,KGS,AMD,reference,11.68
2000-07-14,KRW,AMD,reference,0.4902
2000-07-14,KWD,AMD,reference,1789.51
2000-07-14,KZT,AMD,reference,38.43
2000-07-14,LBP,AMD,reference,0.3638
2000-07-14,LTL,AMD,reference,137.1
2000-07-14,LVL,AMD,reference,912.46
2000-07-14,MDL,AMD,reference,44.02
2000-07-14,MXN,AMD,reference,57.84
2000-07-14,NLG,AMD,reference,236.38
2000-07-14,NOK,AMD,reference,63.9
2000-07-14,PLZ,AMD,reference,126.77
2000-07-14,PTE,AMD,reference,2.598
2000-07-14,ROL,AMD,reference,0.02545
2000-07-14,RUB,AMD,reference,19.68
2000-07-14,SAR,AMD,reference,146.21
2000-07-14,SDR,AMD,reference,700.13
2000-07-14,SEK,AMD,reference,62.07
2000-07-14,SGD,AMD,reference,314.83
2000-07-14,SKK,AMD,reference,12.04
2000-07-14,SYP,AMD,reference,11.92
2000-07-14,TAD,AMD,reference,3.047
2000-07-14,TJS,AMD,reference,3.047
2000-07-14,TMM,AMD,reference,0.1055
2000-07-14,TMT,AMD,reference,0.1055
2000-07-14,TRL,AMD,reference,0.0088
2000-07-14,UAH,AMD,reference,100.83
2000-07-14,USD,AMD,reference,548.39
2000-07-14,USM,AMD,reference,20.63
2000-07-17,AED,AMD,reference,149.4
2000-07-17,ARP,AMD,reference,548.71
2000-07-17,ATS,AMD,reference,37.27
2000-07-17,AUD,AMD,reference,321.21
2000-07-17,BEF,AMD,reference,12.714
2000-07-17,BGL,AMD,reference,262.23
2000-07-17,BRC,AMD,reference,303.68
2000-07-17,BYR,AMD,reference,0.762
2000-07-17,CAD,AMD,reference,370.53
2000-07-17,CHF,AMD,reference,330.21
2000-07-17,CNY,AMD,reference,66.27
2000-07-17,CZK,AMD,reference,14.49
2000-07-17,DEM,AMD,reference,262.23
2000-07-17,DKK,AMD,reference,68.89
2000-07-17,EEK,AMD,reference,32.84
2000-07-17,EGP,AMD,reference,156.92
2000-07-17,ESP,AMD,reference,3.083
2000-07-17,EUR,AMD,reference,512.89
2000-07-17,FIM,AMD,reference,86.26
2000-07-17,FRF,AMD,reference,78.19
2000-07-17,GBP,AMD,reference,822.52
2000-07-17,GEL,AMD,reference,279.88
2000-07-17,GRD,AMD,reference,1.526
2000-07-17,HUF,AMD,reference,1.975
2000-07-17,IEP,AMD,reference,651.23
2000-07-17,ILS,AMD,reference,133.87
2000-07-17,INR,AMD,reference,12.28
2000-07-17,IRR,AMD,reference,0.3015
2000-07-17,ISK,AMD,reference,68.12
2000-07-17,ITL,AMD,reference,0.2649
2000-07-17,JPY,AMD,reference,5.084
2000-07-17,KGS,AMD,reference,11.74
2000-07-17,KRW,AMD,reference,0.4914
2000-07-17,KWD,AMD,reference,1787.12
2000-07-17,KZT,AMD,reference,38.44
2000-07-17,LBP,AMD,reference,0.3639
2000-07-17,LTL,AMD,reference,137.15
2000-07-17,LVL,AMD,reference,906.78
2000-07-17,MDL,AMD,reference,44.05
2000-07-17,MXN,AMD,reference,58.14
2000-07-17,NLG,AMD,reference,232.74
2000-07-17,NOK,AMD,reference,62.95
2000-07-17,PLZ,AMD,reference,126.57
2000-07-17,PTE,AMD,reference,2.558
2000-07-17,ROL,AMD,reference,0.02544
2000-07-17,RUB,AMD,reference,19.68
2000-07-17,SAR,AMD,reference,146.27
2000-07-17,SDR,AMD,reference,700.13
2000-07-17,SEK,AMD,reference,61.43
2000-07-17,SGD,AMD,reference,314.98
2000-07-17,SKK,AMD,reference,12.01
2000-07-17,SYP,AMD,reference,12.19
2000-07-17,TAD,AMD,reference,3.048
2000-07-17,TJS,AMD,reference,3.048
2000-07-17,TMM,AMD,reference,0.1055
2000-07-17,TMT,AMD,reference,0.1055
2000-07-17,TRL,AMD,reference,0.00875
2000-07-17,UAH,AMD,reference,100.87
2000-07-17,USD,AMD,reference,548.6
2000-07-17,USM,AMD,reference,20.64
2000-07-18,AED,AMD,reference,149.31
2000-07-18,ARP,AMD,reference,548.55
2000-07-18,ATS,AMD,reference,37.23
2000-07-18,AUD,AMD,reference,320.95
2000-07-18,BEF,AMD,reference,12.699
2000-07-18,BGL,AMD,reference,261.93
2000-07-18,BRC,AMD,reference,302.72
2000-07-18,BYR,AMD,reference,0.756
2000-07-18,CAD,AMD,reference,369.39
2000-07-18,CHF,AMD,reference,331.02
2000-07-18,CNY,AMD,reference,66.23
2000-07-18,CZK,AMD,reference,14.5
2000-07-18,DEM,AMD,reference,261.93
2000-07-18,DKK,AMD,reference,68.98
2000-07-18,EEK,AMD,reference,32.82
2000-07-18,EGP,AMD,reference,156.69
2000-07-18,ESP,AMD,reference,3.079
2000-07-18,EUR,AMD,reference,512.28
2000-07-18,FIM,AMD,reference,86.16
2000-07-18,FRF,AMD,reference,78.1
2000-07-18,GBP,AMD,reference,820.73
2000-07-18,GEL,AMD,reference,279.71
2000-07-18,GRD,AMD,reference,1.526
2000-07-18,HUF,AMD,reference,1.98
2000-07-18,IEP,AMD,reference,650.47
2000-07-18,ILS,AMD,reference,133.78
2000-07-18,INR,AMD,reference,12.27
2000-07-18,IRR,AMD,reference,0.3015
2000-07-18,ISK,AMD,reference,68.86
2000-07-18,ITL,AMD,reference,0.2646
2000-07-18,JPY,AMD,reference,5.069
2000-07-18,KGS,AMD,reference,11.73
2000-07-18,KRW,AMD,reference,0.4915
2000-07-18,KWD,AMD,reference,1785.1
2000-07-18,KZT,AMD,reference,38.42
2000-07-18,LBP,AMD,reference,0.3637
2000-07-18,LTL,AMD,reference,137.06
2000-07-18,LVL,AMD,reference,906.2
2000-07-18,MDL,AMD,reference,44.05
2000-07-18,MXN,AMD,reference,58.18
2000-07-18,NLG,AMD,reference,232.46
2000-07-18,NOK,AMD,reference,62.85
2000-07-18,PLZ,AMD,reference,126.52
2000-07-18,PTE,AMD,reference,2.555
2000-07-18,ROL,AMD,reference,0.02541
2000-07-18,RUB,AMD,reference,19.68
2000-07-18,SAR,AMD,reference,146.18
2000-07-18,SDR,AMD,reference,700.13
2000-07-18,SEK,AMD,reference,61.36
2000-07-18,SGD,AMD,reference,314.02
2000-07-18,SKK,AMD,reference,12.11
2000-07-18,SYP,AMD,reference,12.18
2000-07-18,TAD,AMD,reference,3.046
2000-07-18,TJS,AMD,reference,3.046
2000-07-18,TMM,AMD,reference,0.1054
2000-07-18,TMT,AMD,reference,0.1054
2000-07-18,TRL,AMD,reference,0.00873
2000-07-18,UAH,AMD,reference,100.81
2000-07-18,USD,AMD,reference,548.25
2000-07-18,USM,AMD,reference,20.62
2000-07-19,AED,AMD,reference,149.24
2000-07-19,ARP,AMD,reference,548.13
2000-07-19,ATS,AMD,reference,37.25
2000-07-19,AUD,AMD,reference,320.54
2000-07-19,BEF,AMD,reference,12.705
2000-07-19,BGL,AMD,reference,262.04
2000-07-19,BRC,AMD,reference,304.87
2000-07-19,BYR,AMD,reference,0.751
2000-07-19,CAD,AMD,reference,370.03
2000-07-19,CHF,AMD,reference,331.4
2000-07-19,CNY,AMD,reference,66.2
2000-07-19,CZK,AMD,reference,14.38
2000-07-19,DEM,AMD,reference,262.04
2000-07-19,DKK,AMD,reference,68.81
2000-07-19,EEK,AMD,reference,32.9
2000-07-19,EGP,AMD,reference,156.48
2000-07-19,ESP,AMD,reference,3.08
2000-07-19,EUR,AMD,reference,512.51
2000-07-19,FIM,AMD,reference,86.2
2000-07-19,FRF,AMD,reference,78.13
2000-07-19,GBP,AMD,reference,818.74
2000-07-19,GEL,AMD,reference,279.59
2000-07-19,GRD,AMD,reference,1.528
2000-07-19,HUF,AMD,reference,1.973
2000-07-19,IEP,AMD,reference,650.75
2000-07-19,ILS,AMD,reference,133.92
2000-07-19,INR,AMD,reference,12.25
2000-07-19,IRR,AMD,reference,0.3015
2000-07-19,ISK,AMD,reference,69.12
2000-07-19,ITL,AMD,reference,0.2647
2000-07-19,JPY,AMD,reference,5.077
2000-07-19,KGS,AMD,reference,11.72
2000-07-19,KRW,AMD,reference,0.4919
2000-07-19,KWD,AMD,reference,1783.81
2000-07-19,KZT,AMD,reference,38.4
2000-07-19,LBP,AMD,reference,0.3635
2000-07-19,LTL,AMD,reference,137.01
2000-07-19,LVL,AMD,reference,905.82
2000-07-19,MDL,AMD,reference,43.97
2000-07-19,MXN,AMD,reference,58.69
2000-07-19,NLG,AMD,reference,232.57
2000-07-19,NOK,AMD,reference,62.76
2000-07-19,PLZ,AMD,reference,127.29
2000-07-19,PTE,AMD,reference,2.556
2000-07-19,ROL,AMD,reference,0.02538
2000-07-19,RUB,AMD,reference,19.68
2000-07-19,SAR,AMD,reference,146.11
2000-07-19,SDR,AMD,reference,700.13
2000-07-19,SEK,AMD,reference,61.32
2000-07-19,SGD,AMD,reference,313.91
2000-07-19,SKK,AMD,reference,12.08
2000-07-19,SYP,AMD,reference,12.18
2000-07-19,TAD,AMD,reference,3.045
2000-07-19,TJS,AMD,reference,3.045
2000-07-19,TMM,AMD,reference,0.1054
2000-07-19,TMT,AMD,reference,0.1054
2000-07-19,TRL,AMD,reference,0.00872
2000-07-19,UAH,AMD,reference,100.76
2000-07-19,USD,AMD,reference,548.02
2000-07-19,USM,AMD,reference,20.62
2000-07-20,AED,AMD,reference,149.38
2000-07-20,ARP,AMD,reference,548.64
2000-07-20,ATS,AMD,reference,37.28
2000-07-20,AUD,AMD,reference,319.57
2000-07-20,BEF,AMD,reference,12.718
2000-07-20,BGL,AMD,reference,262.31
2000-07-20,BRC,AMD,reference,305.18
2000-07-20,BYR,AMD,reference,0.746
2000-07-20,CAD,AMD,reference,371.13
2000-07-20,CHF,AMD,reference,330.95
2000-07-20,CNY,AMD,reference,66.26
2000-07-20,CZK,AMD,reference,14.2
2000-07-20,DEM,AMD,reference,262.31
2000-07-20,DKK,AMD,reference,67.89
2000-07-20,EEK,AMD,reference,32.79
2000-07-20,EGP,AMD,reference,156.59
2000-07-20,ESP,AMD,reference,3.083
2000-07-20,EUR,AMD,reference,513.04
2000-07-20,FIM,AMD,reference,86.29
2000-07-20,FRF,AMD,reference,78.21
2000-07-20,GBP,AMD,reference,820.88
2000-07-20,GEL,AMD,reference,279.85
2000-07-20,GRD,AMD,reference,1.523
2000-07-20,HUF,AMD,reference,1.945
2000-07-20,IEP,AMD,reference,651.43
2000-07-20,ILS,AMD,reference,134.05
2000-07-20,INR,AMD,reference,12.25
2000-07-20,IRR,AMD,reference,0.3015
2000-07-20,ISK,AMD,reference,68.95
2000-07-20,ITL,AMD,reference,0.265
2000-07-20,JPY,AMD,reference,5.079
2000-07-20,KGS,AMD,reference,11.73
2000-07-20,KRW,AMD,reference,0.4931
2000-07-20,KWD,AMD,reference,1786.18
2000-07-20,KZT,AMD,reference,38.44
2000-07-20,LBP,AMD,reference,0.3639
2000-07-20,LTL,AMD,reference,137.13
2000-07-20,LVL,AMD,reference,905.17
2000-07-20,MDL,AMD,reference,44.07
2000-07-20,MXN,AMD,reference,58.75
2000-07-20,NLG,AMD,reference,232.81
2000-07-20,NOK,AMD,reference,62.65
2000-07-20,PLZ,AMD,reference,126.38
2000-07-20,PTE,AMD,reference,2.559
2000-07-20,ROL,AMD,reference,0.02538
2000-07-20,RUB,AMD,reference,19.68
2000-07-20,SAR,AMD,reference,146.25
2000-07-20,SDR,AMD,reference,700.13
2000-07-20,SEK,AMD,reference,61.17
2000-07-20,SGD,AMD,reference,314.69
2000-07-20,SKK,AMD,reference,11.91
2000-07-20,SYP,AMD,reference,11.92
2000-07-20,TAD,AMD,reference,3.047
2000-07-20,TJS,AMD,reference,3.047
2000-07-20,TMM,AMD,reference,0.1055
2000-07-20,TMT,AMD,reference,0.1055
2000-07-20,TRL,AMD,reference,0.00872
2000-07-20,UAH,AMD,reference,100.86
2000-07-20,USD,AMD,reference,548.53
2000-07-20,USM,AMD,reference,20.64
2000-07-21,AED,AMD,reference,149.38
2000-07-21,ARP,AMD,reference,548.64
2000-07-21,ATS,AMD,reference,36.74
2000-07-21,AUD,AMD,reference,316.61
2000-07-21,BEF,AMD,reference,12.532
2000-07-21,BGL,AMD,reference,258.47
2000-07-21,BRC,AMD,reference,303.63
2000-07-21,BYR,AMD,reference,0.741
2000-07-21,CAD,AMD,reference,371.73
2000-07-21,CHF,AMD,reference,326.71
2000-07-21,CNY,AMD,reference,66.26
2000-07-21,CZK,AMD,reference,14.15
2000-07-21,DEM,AMD,reference,258.47
2000-07-21,DKK,AMD,reference,67.77
2000-07-21,EEK,AMD,reference,32.35
2000-07-21,EGP,AMD,reference,156.65
2000-07-21,ESP,AMD,reference,3.038
2000-07-21,EUR,AMD,reference,505.53
2000-07-21,FIM,AMD,reference,85.02
2000-07-21,FRF,AMD,reference,77.07
2000-07-21,GBP,AMD,reference,818.9
2000-07-21,GEL,AMD,reference,279.85
2000-07-21,GRD,AMD,reference,1.504
2000-07-21,HUF,AMD,reference,1.943
2000-07-21,IEP,AMD,reference,641.88
2000-07-21,ILS,AMD,reference,133.69
2000-07-21,INR,AMD,reference,12.25
2000-07-21,IRR,AMD,reference,0.3015
2000-07-21,ISK,AMD,reference,69.11
2000-07-21,ITL,AMD,reference,0.2611
2000-07-21,JPY,AMD,reference,5.079
2000-07-21,KGS,AMD,reference,11.73
2000-07-21,KRW,AMD,reference,0.4931
2000-07-21,KWD,AMD,reference,1783.44
2000-07-21,KZT,AMD,reference,38.44
2000-07-21,LBP,AMD,reference,0.3639
2000-07-21,LTL,AMD,reference,137.13
2000-07-21,LVL,AMD,reference,903.67
2000-07-21,MDL,AMD,reference,44.05
2000-07-21,MXN,AMD,reference,58.25
2000-07-21,NLG,AMD,reference,229.4
2000-07-21,NOK,AMD,reference,61.85
2000-07-21,PLZ,AMD,reference,125.87
2000-07-21,PTE,AMD,reference,2.522
2000-07-21,ROL,AMD,reference,0.02533
2000-07-21,RUB,AMD,reference,19.68
2000-07-21,SAR,AMD,reference,146.25
2000-07-21,SDR,AMD,reference,700.13
2000-07-21,SEK,AMD,reference,60.19
2000-07-21,SGD,AMD,reference,314.13
2000-07-21,SKK,AMD,reference,11.88
2000-07-21,SYP,AMD,reference,12.19
2000-07-21,TAD,AMD,reference,3.047
2000-07-21,TJS,AMD,reference,3.047
2000-07-21,TMM,AMD,reference,0.1055
2000-07-21,TMT,AMD,reference,0.1055
2000-07-21,TRL,AMD,reference,0.00867
2000-07-21,UAH,AMD,reference,100.86
2000-07-21,USD,AMD,reference,548.53
2000-07-21,USM,AMD,reference,20.64
2000-07-24,AED,AMD,reference,149.38
2000-07-24,ARP,AMD,reference,548.64
2000-07-24,ATS,AMD,reference,36.75
2000-07-24,AUD,AMD,reference,320.62
2000-07-24,BEF,AMD,reference,12.537
2000-07-24,BGL,AMD,reference,258.58
2000-07-24,BRC,AMD,reference,304.57
2000-07-24,BYR,AMD,reference,0.736
2000-07-24,CAD,AMD,reference,371.88
2000-07-24,CHF,AMD,reference,326.54
2000-07-24,CNY,AMD,reference,66.26
2000-07-24,CZK,AMD,reference,14.38
2000-07-24,DEM,AMD,reference,258.58
2000-07-24,DKK,AMD,reference,68.79
2000-07-24,EEK,AMD,reference,32.28
2000-07-24,EGP,AMD,reference,156.65
2000-07-24,ESP,AMD,reference,3.04
2000-07-24,EUR,AMD,reference,505.74
2000-07-24,FIM,AMD,reference,85.06
2000-07-24,FRF,AMD,reference,77.1
2000-07-24,GBP,AMD,reference,831.13
2000-07-24,GEL,AMD,reference,279.85
2000-07-24,GRD,AMD,reference,1.5
2000-07-24,HUF,AMD,reference,1.97
2000-07-24,IEP,AMD,reference,642.16
2000-07-24,ILS,AMD,reference,133.95
2000-07-24,INR,AMD,reference,12.23
2000-07-24,IRR,AMD,reference,0.3015
2000-07-24,ISK,AMD,reference,69.11
2000-07-24,ITL,AMD,reference,0.2612
2000-07-24,JPY,AMD,reference,5.056
2000-07-24,KGS,AMD,reference,11.73
2000-07-24,KRW,AMD,reference,0.4926
2000-07-24,KWD,AMD,reference,1784.2
2000-07-24,KZT,AMD,reference,38.44
2000-07-24,LBP,AMD,reference,0.3639
2000-07-24,LTL,AMD,reference,137.13
2000-07-24,LVL,AMD,reference,902.19
2000-07-24,MDL,AMD,reference,44.07
2000-07-24,MXN,AMD,reference,58.5
2000-07-24,NLG,AMD,reference,229.5
2000-07-24,NOK,AMD,reference,61.76
2000-07-24,PLZ,AMD,reference,127.42
2000-07-24,PTE,AMD,reference,2.523
2000-07-24,ROL,AMD,reference,0.0253
2000-07-24,RUB,AMD,reference,19.68
2000-07-24,SAR,AMD,reference,146.25
2000-07-24,SDR,AMD,reference,700.13
2000-07-24,SEK,AMD,reference,60.14
2000-07-24,SGD,AMD,reference,314.15
2000-07-24,SKK,AMD,reference,12.07
2000-07-24,SYP,AMD,reference,12.19
2000-07-24,TAD,AMD,reference,3.047
2000-07-24,TJS,AMD,reference,3.047
2000-07-24,TMM,AMD,reference,0.1055
2000-07-24,TMT,AMD,reference,0.1055
2000-07-24,TRL,AMD,reference,0.00867
2000-07-24,UAH,AMD,reference,100.86
2000-07-24,USD,AMD,reference,548.53
2000-07-24,USM,AMD,reference,20.64
2000-07-25,AED,AMD,reference,149.31
2000-07-25,ARP,AMD,reference,548.55
2000-07-25,ATS,AMD,reference,37.3
2000-07-25,AUD,AMD,reference,322.04
2000-07-25,BEF,AMD,reference,12.725
2000-07-25,BGL,AMD,reference,262.46
2000-07-25,BRC,AMD,reference,305.7
2000-07-25,BYR,AMD,reference,0.731
2000-07-25,CAD,AMD,reference,372.58
2000-07-25,CHF,AMD,reference,330.94
2000-07-25,CNY,AMD,reference,66.23
2000-07-25,CZK,AMD,reference,14.39
2000-07-25,DEM,AMD,reference,262.46
2000-07-25,DKK,AMD,reference,68.69
2000-07-25,EEK,AMD,reference,32.77
2000-07-25,EGP,AMD,reference,156.45
2000-07-25,ESP,AMD,reference,3.085
2000-07-25,EUR,AMD,reference,513.33
2000-07-25,FIM,AMD,reference,86.34
2000-07-25,FRF,AMD,reference,78.26
2000-07-25,GBP,AMD,reference,833.67
2000-07-25,GEL,AMD,reference,279.02
2000-07-25,GRD,AMD,reference,1.521
2000-07-25,HUF,AMD,reference,1.968
2000-07-25,IEP,AMD,reference,651.79
2000-07-25,ILS,AMD,reference,133.88
2000-07-25,INR,AMD,reference,12.26
2000-07-25,IRR,AMD,reference,0.3015
2000-07-25,ISK,AMD,reference,69.66
2000-07-25,ITL,AMD,reference,0.2651
2000-07-25,JPY,AMD,reference,5.039
2000-07-25,KGS,AMD,reference,11.66
2000-07-25,KRW,AMD,reference,0.493
2000-07-25,KWD,AMD,reference,1785.21
2000-07-25,KZT,AMD,reference,38.42
2000-07-25,LBP,AMD,reference,0.3637
2000-07-25,LTL,AMD,reference,137.06
2000-07-25,LVL,AMD,reference,904.7
2000-07-25,MDL,AMD,reference,44.05
2000-07-25,MXN,AMD,reference,58.68
2000-07-25,NLG,AMD,reference,232.94
2000-07-25,NOK,AMD,reference,62.73
2000-07-25,PLZ,AMD,reference,127.64
2000-07-25,PTE,AMD,reference,2.56
2000-07-25,ROL,AMD,reference,0.02525
2000-07-25,RUB,AMD,reference,19.68
2000-07-25,SAR,AMD,reference,146.16
2000-07-25,SDR,AMD,reference,700.13
2000-07-25,SEK,AMD,reference,61.2
2000-07-25,SGD,AMD,reference,313.6
2000-07-25,SKK,AMD,reference,12.06
2000-07-25,SYP,AMD,reference,12.18
2000-07-25,TAD,AMD,reference,3.046
2000-07-25,TJS,AMD,reference,3.046
2000-07-25,TMM,AMD,reference,0.1054
2000-07-25,TMT,AMD,reference,0.1054
2000-07-25,TRL,AMD,reference,0.0087
2000-07-25,UAH,AMD,reference,100.8
2000-07-25,USD,AMD,reference,548.25
2000-07-25,USM,AMD,reference,22.24
2000-07-26,AED,AMD,reference,149.31
2000-07-26,ARP,AMD,reference,548.36
2000-07-26,ATS,AMD,reference,37.18
2000-07-26,AUD,AMD,reference,320.95
2000-07-26,BEF,AMD,reference,12.683
2000-07-26,BGL,AMD,reference,261.59
2000-07-26,BRC,AMD,reference,305.34
2000-07-26,BYR,AMD,reference,0.726
2000-07-26,CAD,AMD,reference,374.46
2000-07-26,CHF,AMD,reference,328.91
2000-07-26,CNY,AMD,reference,66.22
2000-07-26,CZK,AMD,reference,14.44
2000-07-26,DEM,AMD,reference,261.59
2000-07-26,DKK,AMD,reference,69.09
2000-07-26,EEK,AMD,reference,32.77
2000-07-26,EGP,AMD,reference,156.38
2000-07-26,ESP,AMD,reference,3.075
2000-07-26,EUR,AMD,reference,511.63
2000-07-26,FIM,AMD,reference,86.05
2000-07-26,FRF,AMD,reference,78
2000-07-26,GBP,AMD,reference,831.31
2000-07-26,GEL,AMD,reference,279.02
2000-07-26,GRD,AMD,reference,1.519
2000-07-26,HUF,AMD,reference,1.976
2000-07-26,IEP,AMD,reference,649.63
2000-07-26,ILS,AMD,reference,134.05
2000-07-26,INR,AMD,reference,12.2
2000-07-26,IRR,AMD,reference,0.3015
2000-07-26,ISK,AMD,reference,70.11
2000-07-26,ITL,AMD,reference,0.2642
2000-07-26,JPY,AMD,reference,5.028
2000-07-26,KGS,AMD,reference,11.66
2000-07-26,KRW,AMD,reference,0.4929
2000-07-26,KWD,AMD,reference,1784.23
2000-07-26,KZT,AMD,reference,38.42
2000-07-26,LBP,AMD,reference,0.3637
2000-07-26,LTL,AMD,reference,137.06
2000-07-26,LVL,AMD,reference,906.2
2000-07-26,MDL,AMD,reference,44.08
2000-07-26,MXN,AMD,reference,58.75
2000-07-26,NLG,AMD,reference,232.17
2000-07-26,NOK,AMD,reference,62.46
2000-07-26,PLZ,AMD,reference,127.22
2000-07-26,PTE,AMD,reference,2.552
2000-07-26,ROL,AMD,reference,0.02522
2000-07-26,RUB,AMD,reference,19.68
2000-07-26,SAR,AMD,reference,146.16
2000-07-26,SDR,AMD,reference,700.13
2000-07-26,SEK,AMD,reference,60.75
2000-07-26,SGD,AMD,reference,314.19
2000-07-26,SKK,AMD,reference,12.13
2000-07-26,SYP,AMD,reference,12.18
2000-07-26,TAD,AMD,reference,2.907
2000-07-26,TJS,AMD,reference,2.907
2000-07-26,TMM,AMD,reference,0.1054
2000-07-26,TMT,AMD,reference,0.1054
2000-07-26,TRL,AMD,reference,0.00869
2000-07-26,UAH,AMD,reference,100.8
2000-07-26,USD,AMD,reference,548.25
2000-07-26,USM,AMD,reference,22.24
2000-07-27,AED,AMD,reference,149.11
2000-07-27,ARP,AMD,reference,547.66
2000-07-27,ATS,AMD,reference,37.44
2000-07-27,AUD,AMD,reference,321.63
2000-07-27,BEF,AMD,reference,12.773
2000-07-27,BGL,AMD,reference,263.44
2000-07-27,BRC,AMD,reference,305.99
2000-07-27,BYR,AMD,reference,0.72
2000-07-27,CAD,AMD,reference,373.7
2000-07-27,CHF,AMD,reference,331.6
2000-07-27,CNY,AMD,reference,66.13
2000-07-27,CZK,AMD,reference,14.45
2000-07-27,DEM,AMD,reference,263.44
2000-07-27,DKK,AMD,reference,69.1
2000-07-27,EEK,AMD,reference,32.95
2000-07-27,EGP,AMD,reference,155.89
2000-07-27,ESP,AMD,reference,3.097
2000-07-27,EUR,AMD,reference,515.24
2000-07-27,FIM,AMD,reference,86.66
2000-07-27,FRF,AMD,reference,78.55
2000-07-27,GBP,AMD,reference,832.28
2000-07-27,GEL,AMD,reference,278.67
2000-07-27,GRD,AMD,reference,1.529
2000-07-27,HUF,AMD,reference,1.983
2000-07-27,IEP,AMD,reference,654.23
2000-07-27,ILS,AMD,reference,134.04
2000-07-27,INR,AMD,reference,12.2
2000-07-27,IRR,AMD,reference,0.3015
2000-07-27,ISK,AMD,reference,69.86
2000-07-27,ITL,AMD,reference,0.2661
2000-07-27,JPY,AMD,reference,5.011
2000-07-27,KGS,AMD,reference,11.64
2000-07-27,KRW,AMD,reference,0.4923
2000-07-27,KWD,AMD,reference,1782.88
2000-07-27,KZT,AMD,reference,38.37
2000-07-27,LBP,AMD,reference,0.3632
2000-07-27,LTL,AMD,reference,136.89
2000-07-27,LVL,AMD,reference,903.55
2000-07-27,MDL,AMD,reference,44.04
2000-07-27,MXN,AMD,reference,58.52
2000-07-27,NLG,AMD,reference,233.81
2000-07-27,NOK,AMD,reference,63.08
2000-07-27,PLZ,AMD,reference,127.57
2000-07-27,PTE,AMD,reference,2.57
2000-07-27,ROL,AMD,reference,0.02515
2000-07-27,RUB,AMD,reference,19.68
2000-07-27,SAR,AMD,reference,145.97
2000-07-27,SDR,AMD,reference,700.13
2000-07-27,SEK,AMD,reference,61.43
2000-07-27,SGD,AMD,reference,313.79
2000-07-27,SKK,AMD,reference,12.14
2000-07-27,SYP,AMD,reference,11.9
2000-07-27,TAD,AMD,reference,2.903
2000-07-27,TJS,AMD,reference,2.903
2000-07-27,TMM,AMD,reference,0.1053
2000-07-27,TMT,AMD,reference,0.1053
2000-07-27,TRL,AMD,reference,0.0087
2000-07-27,UAH,AMD,reference,100.67
2000-07-27,USD,AMD,reference,547.55
2000-07-27,USM,AMD,reference,22.21
2000-07-28,AED,AMD,reference,149.11
2000-07-28,ARP,AMD,reference,547.66
2000-07-28,ATS,AMD,reference,37.36
2000-07-28,AUD,AMD,reference,324.2
2000-07-28,BEF,AMD,reference,12.745
2000-07-28,BGL,AMD,reference,262.88
2000-07-28,BRC,AMD,reference,305.36
2000-07-28,BYR,AMD,reference,0.716
2000-07-28,CAD,AMD,reference,373.4
2000-07-28,CHF,AMD,reference,331.3
2000-07-28,CNY,AMD,reference,66.13
2000-07-28,CZK,AMD,reference,14.42
2000-07-28,DEM,AMD,reference,262.88
2000-07-28,DKK,AMD,reference,68.99
2000-07-28,EEK,AMD,reference,32.9
2000-07-28,EGP,AMD,reference,156.08
2000-07-28,ESP,AMD,reference,3.09
2000-07-28,EUR,AMD,reference,514.15
2000-07-28,FIM,AMD,reference,86.47
2000-07-28,FRF,AMD,reference,78.38
2000-07-28,GBP,AMD,reference,830.25
2000-07-28,GEL,AMD,reference,278.67
2000-07-28,GRD,AMD,reference,1.526
2000-07-28,HUF,AMD,reference,1.976
2000-07-28,IEP,AMD,reference,652.84
2000-07-28,ILS,AMD,reference,133.74
2000-07-28,INR,AMD,reference,12.19
2000-07-28,IRR,AMD,reference,0.3015
2000-07-28,ISK,AMD,reference,70.17
2000-07-28,ITL,AMD,reference,0.2655
2000-07-28,JPY,AMD,reference,5.03
2000-07-28,KGS,AMD,reference,11.64
2000-07-28,KRW,AMD,reference,0.4918
2000-07-28,KWD,AMD,reference,1783.48
2000-07-28,KZT,AMD,reference,38.37
2000-07-28,LBP,AMD,reference,0.3632
2000-07-28,LTL,AMD,reference,136.89
2000-07-28,LVL,AMD,reference,905.04
2000-07-28,MDL,AMD,reference,44.07
2000-07-28,MXN,AMD,reference,58.51
2000-07-28,NLG,AMD,reference,233.31
2000-07-28,NOK,AMD,reference,62.83
2000-07-28,PLZ,AMD,reference,127.42
2000-07-28,PTE,AMD,reference,2.565
2000-07-28,ROL,AMD,reference,0.02509
2000-07-28,RUB,AMD,reference,19.68
2000-07-28,SAR,AMD,reference,145.97
2000-07-28,SDR,AMD,reference,700.13
2000-07-28,SEK,AMD,reference,61.25
2000-07-28,SGD,AMD,reference,315.68
2000-07-28,SKK,AMD,reference,12.1
2000-07-28,SYP,AMD,reference,11.9
2000-07-28,TAD,AMD,reference,2.903
2000-07-28,TJS,AMD,reference,2.903
2000-07-28,TMM,AMD,reference,0.1053
2000-07-28,TMT,AMD,reference,0.1053
2000-07-28,TRL,AMD,reference,0.00869
2000-07-28,UAH,AMD,reference,100.67
2000-07-28,USD,AMD,reference,547.55
2000-07-28,USM,AMD,reference,22.21
2000-07-31,AED,AMD,reference,148.62
2000-07-31,ARP,AMD,reference,545.86
2000-07-31,ATS,AMD,reference,37.24
2000-07-31,AUD,AMD,reference,323.03
2000-07-31,BEF,AMD,reference,12.702
2000-07-31,BGL,AMD,reference,261.99
2000-07-31,BRC,AMD,reference,305.9
2000-07-31,BYR,AMD,reference,0.709
2000-07-31,CAD,AMD,reference,371.06
2000-07-31,CHF,AMD,reference,329.92
2000-07-31,CNY,AMD,reference,65.92
2000-07-31,CZK,AMD,reference,14.22
2000-07-31,DEM,AMD,reference,261.99
2000-07-31,DKK,AMD,reference,67.81
2000-07-31,EEK,AMD,reference,32.8
2000-07-31,EGP,AMD,reference,155.57
2000-07-31,ESP,AMD,reference,3.08
2000-07-31,EUR,AMD,reference,512.4
2000-07-31,FIM,AMD,reference,86.18
2000-07-31,FRF,AMD,reference,78.12
2000-07-31,GBP,AMD,reference,823.1
2000-07-31,GEL,AMD,reference,277.75
2000-07-31,GRD,AMD,reference,1.521
2000-07-31,HUF,AMD,reference,1.947
2000-07-31,IEP,AMD,reference,650.62
2000-07-31,ILS,AMD,reference,133.44
2000-07-31,INR,AMD,reference,12.16
2000-07-31,IRR,AMD,reference,0.3015
2000-07-31,ISK,AMD,reference,69.66
2000-07-31,ITL,AMD,reference,0.2646
2000-07-31,JPY,AMD,reference,5.011
2000-07-31,KGS,AMD,reference,11.6
2000-07-31,KRW,AMD,reference,0.4895
2000-07-31,KWD,AMD,reference,1777.24
2000-07-31,KZT,AMD,reference,38.24
2000-07-31,LBP,AMD,reference,0.362
2000-07-31,LTL,AMD,reference,136.44
2000-07-31,LVL,AMD,reference,903.56
2000-07-31,MDL,AMD,reference,43.96
2000-07-31,MXN,AMD,reference,58.29
2000-07-31,NLG,AMD,reference,232.52
2000-07-31,NOK,AMD,reference,62.53
2000-07-31,PLZ,AMD,reference,125.96
2000-07-31,PTE,AMD,reference,2.556
2000-07-31,ROL,AMD,reference,0.02496
2000-07-31,RUB,AMD,reference,19.68
2000-07-31,SAR,AMD,reference,145.49
2000-07-31,SDR,AMD,reference,700.13
2000-07-31,SEK,AMD,reference,60.7
2000-07-31,SGD,AMD,reference,315.28
2000-07-31,SKK,AMD,reference,11.84
2000-07-31,SYP,AMD,reference,12.13
2000-07-31,TAD,AMD,reference,2.872
2000-07-31,TJS,AMD,reference,2.872
2000-07-31,TMM,AMD,reference,0.105
2000-07-31,TMT,AMD,reference,0.105
2000-07-31,TRL,AMD,reference,0.00866
2000-07-31,UAH,AMD,reference,100.34
2000-07-31,USD,AMD,reference,545.75
2000-07-31,USM,AMD,reference,22.14
2000-08-01,AED,AMD,reference,148.42
2000-08-01,ARP,AMD,reference,545.3
2000-08-01,ATS,AMD,reference,36.74
2000-08-01,AUD,AMD,reference,317.24
2000-08-01,BEF,AMD,reference,12.532
2000-08-01,BGL,AMD,reference,258.48
2000-08-01,BRC,AMD,reference,305.32
2000-08-01,BYR,AMD,reference,0.701
2000-08-01,CAD,AMD,reference,368.92
2000-08-01,CHF,AMD,reference,326.45
2000-08-01,CNY,AMD,reference,65.83
2000-08-01,CZK,AMD,reference,14.25
2000-08-01,DEM,AMD,reference,258.48
2000-08-01,DKK,AMD,reference,67.58
2000-08-01,EEK,AMD,reference,32.3
2000-08-01,EGP,AMD,reference,155.07
2000-08-01,ESP,AMD,reference,3.038
2000-08-01,EUR,AMD,reference,505.54
2000-08-01,FIM,AMD,reference,85.03
2000-08-01,FRF,AMD,reference,77.07
2000-08-01,GBP,AMD,reference,816.14
2000-08-01,GEL,AMD,reference,277.37
2000-08-01,GRD,AMD,reference,1.499
2000-08-01,HUF,AMD,reference,1.935
2000-08-01,IEP,AMD,reference,641.91
2000-08-01,ILS,AMD,reference,133.25
2000-08-01,INR,AMD,reference,12.11
2000-08-01,IRR,AMD,reference,0.3015
2000-08-01,ISK,AMD,reference,69.31
2000-08-01,ITL,AMD,reference,0.2611
2000-08-01,JPY,AMD,reference,4.977
2000-08-01,KGS,AMD,reference,11.58
2000-08-01,KRW,AMD,reference,0.489
2000-08-01,KWD,AMD,reference,1770.81
2000-08-01,KZT,AMD,reference,38.19
2000-08-01,LBP,AMD,reference,0.3615
2000-08-01,LTL,AMD,reference,136.25
2000-08-01,LVL,AMD,reference,902.32
2000-08-01,MDL,AMD,reference,43.92
2000-08-01,MXN,AMD,reference,58.21
2000-08-01,NLG,AMD,reference,229.41
2000-08-01,NOK,AMD,reference,61.78
2000-08-01,PLZ,AMD,reference,125.61
2000-08-01,PTE,AMD,reference,2.522
2000-08-01,ROL,AMD,reference,0.0249
2000-08-01,RUB,AMD,reference,19.59
2000-08-01,SAR,AMD,reference,145.31
2000-08-01,SDR,AMD,reference,700.13
2000-08-01,SEK,AMD,reference,59.77
2000-08-01,SGD,AMD,reference,314.42
2000-08-01,SKK,AMD,reference,11.88
2000-08-01,SYP,AMD,reference,11.85
2000-08-01,TAD,AMD,reference,2.868
2000-08-01,TJS,AMD,reference,2.868
2000-08-01,TMM,AMD,reference,0.1048
2000-08-01,TMT,AMD,reference,0.1048
2000-08-01,TRL,AMD,reference,0.00859
2000-08-01,UAH,AMD,reference,100.21
2000-08-01,USD,AMD,reference,545
2000-08-01,USM,AMD,reference,22.11
2000-08-02,AED,AMD,reference,148.11
2000-08-02,ARP,AMD,reference,543.96
2000-08-02,ATS,AMD,reference,36.53
2000-08-02,AUD,AMD,reference,315.16
2000-08-02,BEF,AMD,reference,12.461
2000-08-02,BGL,AMD,reference,257.02
2000-08-02,BRC,AMD,reference,306.41
2000-08-02,BYR,AMD,reference,0.693
2000-08-02,CAD,AMD,reference,365.69
2000-08-02,CHF,AMD,reference,324.79
2000-08-02,CNY,AMD,reference,65.69
2000-08-02,CZK,AMD,reference,14.22
2000-08-02,DEM,AMD,reference,257.02
2000-08-02,DKK,AMD,reference,67.57
2000-08-02,EEK,AMD,reference,32.14
2000-08-02,EGP,AMD,reference,154.97
2000-08-02,ESP,AMD,reference,3.021
2000-08-02,EUR,AMD,reference,502.68
2000-08-02,FIM,AMD,reference,84.54
2000-08-02,FRF,AMD,reference,76.63
2000-08-02,GBP,AMD,reference,816.1
2000-08-02,GEL,AMD,reference,276.78
2000-08-02,GRD,AMD,reference,1.49
2000-08-02,HUF,AMD,reference,1.933
2000-08-02,IEP,AMD,reference,638.27
2000-08-02,ILS,AMD,reference,133.13
2000-08-02,INR,AMD,reference,12.05
2000-08-02,IRR,AMD,reference,0.3015
2000-08-02,ISK,AMD,reference,69.42
2000-08-02,ITL,AMD,reference,0.2596
2000-08-02,JPY,AMD,reference,4.965
2000-08-02,KGS,AMD,reference,11.55
2000-08-02,KRW,AMD,reference,0.4872
2000-08-02,KWD,AMD,reference,1767.73
2000-08-02,KZT,AMD,reference,38.11
2000-08-02,LBP,AMD,reference,0.3608
2000-08-02,LTL,AMD,reference,135.96
2000-08-02,LVL,AMD,reference,893.02
2000-08-02,MDL,AMD,reference,43.84
2000-08-02,MXN,AMD,reference,58.07
2000-08-02,NLG,AMD,reference,228.11
2000-08-02,NOK,AMD,reference,61.31
2000-08-02,PLZ,AMD,reference,124.95
2000-08-02,PTE,AMD,reference,2.507
2000-08-02,ROL,AMD,reference,0.0248
2000-08-02,RUB,AMD,reference,19.59
2000-08-02,SAR,AMD,reference,145
2000-08-02,SDR,AMD,reference,700.13
2000-08-02,SEK,AMD,reference,59.17
2000-08-02,SGD,AMD,reference,313.81
2000-08-02,SKK,AMD,reference,11.88
2000-08-02,SYP,AMD,reference,11.82
2000-08-02,TAD,AMD,reference,2.862
2000-08-02,TJS,AMD,reference,2.862
2000-08-02,TMM,AMD,reference,0.1046
2000-08-02,TMT,AMD,reference,0.1046
2000-08-02,TRL,AMD,reference,0.00856
2000-08-02,UAH,AMD,reference,100
2000-08-02,USD,AMD,reference,543.85
2000-08-02,USM,AMD,reference,22.06
2000-08-03,AED,AMD,reference,148.11
2000-08-03,ARP,AMD,reference,543.96
2000-08-03,ATS,AMD,reference,36.61
2000-08-03,AUD,AMD,reference,317.06
2000-08-03,BEF,AMD,reference,12.489
2000-08-03,BGL,AMD,reference,257.6
2000-08-03,BRC,AMD,reference,304.76
2000-08-03,BYR,AMD,reference,0.688
2000-08-03,CAD,AMD,reference,365.29
2000-08-03,CHF,AMD,reference,325.89
2000-08-03,CNY,AMD,reference,65.69
2000-08-03,CZK,AMD,reference,14.1
2000-08-03,DEM,AMD,reference,257.6
2000-08-03,DKK,AMD,reference,66.95
2000-08-03,EEK,AMD,reference,31.88
2000-08-03,EGP,AMD,reference,154.79
2000-08-03,ESP,AMD,reference,3.028
2000-08-03,EUR,AMD,reference,503.82
2000-08-03,FIM,AMD,reference,84.74
2000-08-03,FRF,AMD,reference,76.81
2000-08-03,GBP,AMD,reference,810.99
2000-08-03,GEL,AMD,reference,277.47
2000-08-03,GRD,AMD,reference,1.494
2000-08-03,HUF,AMD,reference,1.915
2000-08-03,IEP,AMD,reference,639.72
2000-08-03,ILS,AMD,reference,133.3
2000-08-03,INR,AMD,reference,11.99
2000-08-03,IRR,AMD,reference,0.3015
2000-08-03,ISK,AMD,reference,69.42
2000-08-03,ITL,AMD,reference,0.2602
2000-08-03,JPY,AMD,reference,5.002
2000-08-03,KGS,AMD,reference,11.55
2000-08-03,KRW,AMD,reference,0.4878
2000-08-03,KWD,AMD,reference,1768.93
2000-08-03,KZT,AMD,reference,38.11
2000-08-03,LBP,AMD,reference,0.3608
2000-08-03,LTL,AMD,reference,135.96
2000-08-03,LVL,AMD,reference,893.02
2000-08-03,MDL,AMD,reference,43.89
2000-08-03,MXN,AMD,reference,58.23
2000-08-03,NLG,AMD,reference,228.62
2000-08-03,NOK,AMD,reference,61.45
2000-08-03,PLZ,AMD,reference,124.34
2000-08-03,PTE,AMD,reference,2.513
2000-08-03,ROL,AMD,reference,0.02476
2000-08-03,RUB,AMD,reference,19.59
2000-08-03,SAR,AMD,reference,145
2000-08-03,SDR,AMD,reference,700.13
2000-08-03,SEK,AMD,reference,59.46
2000-08-03,SGD,AMD,reference,314.82
2000-08-03,SKK,AMD,reference,11.77
2000-08-03,SYP,AMD,reference,12.09
2000-08-03,TAD,AMD,reference,2.862
2000-08-03,TJS,AMD,reference,2.862
2000-08-03,TMM,AMD,reference,0.1046
2000-08-03,TMT,AMD,reference,0.1046
2000-08-03,TRL,AMD,reference,0.00857
2000-08-03,UAH,AMD,reference,100
2000-08-03,USD,AMD,reference,543.85
2000-08-03,USM,AMD,reference,22.06
2000-08-04,AED,AMD,reference,147.75
2000-08-04,ARP,AMD,reference,542.64
2000-08-04,ATS,AMD,reference,36.04
2000-08-04,AUD,AMD,reference,317.92
2000-08-04,BEF,AMD,reference,12.295
2000-08-04,BGL,AMD,reference,253.59
2000-08-04,BRC,AMD,reference,302.66
2000-08-04,BYR,AMD,reference,0.682
2000-08-04,CAD,AMD,reference,366.33
2000-08-04,CHF,AMD,reference,321.04
2000-08-04,CNY,AMD,reference,65.53
2000-08-04,CZK,AMD,reference,13.97
2000-08-04,DEM,AMD,reference,253.59
2000-08-04,DKK,AMD,reference,66.17
2000-08-04,EEK,AMD,reference,31.8
2000-08-04,EGP,AMD,reference,154.52
2000-08-04,ESP,AMD,reference,2.981
2000-08-04,EUR,AMD,reference,495.98
2000-08-04,FIM,AMD,reference,83.42
2000-08-04,FRF,AMD,reference,75.61
2000-08-04,GBP,AMD,reference,809.13
2000-08-04,GEL,AMD,reference,276.8
2000-08-04,GRD,AMD,reference,1.472
2000-08-04,HUF,AMD,reference,1.895
2000-08-04,IEP,AMD,reference,629.77
2000-08-04,ILS,AMD,reference,132.97
2000-08-04,INR,AMD,reference,11.94
2000-08-04,IRR,AMD,reference,0.3015
2000-08-04,ISK,AMD,reference,67.71
2000-08-04,ITL,AMD,reference,0.2562
2000-08-04,JPY,AMD,reference,4.991
2000-08-04,KGS,AMD,reference,11.53
2000-08-04,KRW,AMD,reference,0.4857
2000-08-04,KWD,AMD,reference,1761.6
2000-08-04,KZT,AMD,reference,38.02
2000-08-04,LBP,AMD,reference,0.3599
2000-08-04,LTL,AMD,reference,135.63
2000-08-04,LVL,AMD,reference,889.39
2000-08-04,MDL,AMD,reference,43.76
2000-08-04,MXN,AMD,reference,58.06
2000-08-04,NLG,AMD,reference,225.07
2000-08-04,NOK,AMD,reference,60.63
2000-08-04,PLZ,AMD,reference,123.94
2000-08-04,PTE,AMD,reference,2.474
2000-08-04,ROL,AMD,reference,0.02465
2000-08-04,RUB,AMD,reference,19.35
2000-08-04,SAR,AMD,reference,144.65
2000-08-04,SDR,AMD,reference,700.13
2000-08-04,SEK,AMD,reference,58.64
2000-08-04,SGD,AMD,reference,314.2
2000-08-04,SKK,AMD,reference,11.66
2000-08-04,SYP,AMD,reference,12.06
2000-08-04,TAD,AMD,reference,2.818
2000-08-04,TJS,AMD,reference,2.818
2000-08-04,TMM,AMD,reference,0.1043
2000-08-04,TMT,AMD,reference,0.1043
2000-08-04,TRL,AMD,reference,0.00849
2000-08-04,UAH,AMD,reference,99.76
2000-08-04,USD,AMD,reference,542.53
2000-08-04,USM,AMD,reference,22.01
2000-08-07,AED,AMD,reference,147.05
2000-08-07,ARP,AMD,reference,540.06
2000-08-07,ATS,AMD,reference,35.43
2000-08-07,AUD,AMD,reference,315.87
2000-08-07,BEF,AMD,reference,12.084
2000-08-07,BGL,AMD,reference,249.24
2000-08-07,BRC,AMD,reference,299.72
2000-08-07,BYR,AMD,reference,0.675
2000-08-07,CAD,AMD,reference,363.82
2000-08-07,CHF,AMD,reference,316.02
2000-08-07,CNY,AMD,reference,65.21
2000-08-07,CZK,AMD,reference,13.82
2000-08-07,DEM,AMD,reference,249.24
2000-08-07,DKK,AMD,reference,65.52
2000-08-07,EEK,AMD,reference,31.34
2000-08-07,EGP,AMD,reference,153.79
2000-08-07,ESP,AMD,reference,2.93
2000-08-07,EUR,AMD,reference,487.47
2000-08-07,FIM,AMD,reference,81.99
2000-08-07,FRF,AMD,reference,74.31
2000-08-07,GBP,AMD,reference,808.47
2000-08-07,GEL,AMD,reference,275.48
2000-08-07,GRD,AMD,reference,1.451
2000-08-07,HUF,AMD,reference,1.875
2000-08-07,IEP,AMD,reference,618.96
2000-08-07,ILS,AMD,reference,132.31
2000-08-07,INR,AMD,reference,11.9
2000-08-07,IRR,AMD,reference,0.3015
2000-08-07,ISK,AMD,reference,66.92
2000-08-07,ITL,AMD,reference,0.2518
2000-08-07,JPY,AMD,reference,4.982
2000-08-07,KGS,AMD,reference,11.48
2000-08-07,KRW,AMD,reference,0.4837
2000-08-07,KWD,AMD,reference,1752.62
2000-08-07,KZT,AMD,reference,37.84
2000-08-07,LBP,AMD,reference,0.3582
2000-08-07,LTL,AMD,reference,134.99
2000-08-07,LVL,AMD,reference,885.16
2000-08-07,MDL,AMD,reference,43.58
2000-08-07,MXN,AMD,reference,57.52
2000-08-07,NLG,AMD,reference,221.2
2000-08-07,NOK,AMD,reference,59.75
2000-08-07,PLZ,AMD,reference,122.57
2000-08-07,PTE,AMD,reference,2.431
2000-08-07,ROL,AMD,reference,0.02449
2000-08-07,RUB,AMD,reference,19.35
2000-08-07,SAR,AMD,reference,143.96
2000-08-07,SDR,AMD,reference,716.76
2000-08-07,SEK,AMD,reference,57.76
2000-08-07,SGD,AMD,reference,313.63
2000-08-07,SKK,AMD,reference,11.52
2000-08-07,SYP,AMD,reference,12
2000-08-07,TAD,AMD,reference,2.805
2000-08-07,TJS,AMD,reference,2.805
2000-08-07,TMM,AMD,reference,0.1038
2000-08-07,TMT,AMD,reference,0.1038
2000-08-07,TRL,AMD,reference,0.00841
2000-08-07,UAH,AMD,reference,99.28
2000-08-07,USD,AMD,reference,539.95
2000-08-07,USM,AMD,reference,21.91
2000-08-08,AED,AMD,reference,146.51
2000-08-08,ARP,AMD,reference,538.29
2000-08-08,ATS,AMD,reference,35.31
2000-08-08,AUD,AMD,reference,314.73
2000-08-08,BEF,AMD,reference,12.044
2000-08-08,BGL,AMD,reference,248.42
2000-08-08,BRC,AMD,reference,300.15
2000-08-08,BYR,AMD,reference,0.673
2000-08-08,CAD,AMD,reference,361.36
2000-08-08,CHF,AMD,reference,314.19
2000-08-08,CNY,AMD,reference,64.98
2000-08-08,CZK,AMD,reference,13.83
2000-08-08,DEM,AMD,reference,248.42
2000-08-08,DKK,AMD,reference,65.46
2000-08-08,EEK,AMD,reference,31.21
2000-08-08,EGP,AMD,reference,152.83
2000-08-08,ESP,AMD,reference,2.92
2000-08-08,EUR,AMD,reference,485.87
2000-08-08,FIM,AMD,reference,81.72
2000-08-08,FRF,AMD,reference,74.07
2000-08-08,GBP,AMD,reference,809.58
2000-08-08,GEL,AMD,reference,274.49
2000-08-08,GRD,AMD,reference,1.444
2000-08-08,HUF,AMD,reference,1.874
2000-08-08,IEP,AMD,reference,616.92
2000-08-08,ILS,AMD,reference,131.83
2000-08-08,INR,AMD,reference,11.81
2000-08-08,IRR,AMD,reference,0.3015
2000-08-08,ISK,AMD,reference,66.67
2000-08-08,ITL,AMD,reference,0.2509
2000-08-08,JPY,AMD,reference,4.949
2000-08-08,KGS,AMD,reference,11.44
2000-08-08,KRW,AMD,reference,0.4826
2000-08-08,KWD,AMD,reference,1747.8
2000-08-08,KZT,AMD,reference,37.73
2000-08-08,LBP,AMD,reference,0.3569
2000-08-08,LTL,AMD,reference,134.5
2000-08-08,LVL,AMD,reference,880.52
2000-08-08,MDL,AMD,reference,43.38
2000-08-08,MXN,AMD,reference,57.49
2000-08-08,NLG,AMD,reference,220.48
2000-08-08,NOK,AMD,reference,59.82
2000-08-08,PLZ,AMD,reference,122.33
2000-08-08,PTE,AMD,reference,2.423
2000-08-08,ROL,AMD,reference,0.02437
2000-08-08,RUB,AMD,reference,19.35
2000-08-08,SAR,AMD,reference,143.44
2000-08-08,SDR,AMD,reference,716.76
2000-08-08,SEK,AMD,reference,57.77
2000-08-08,SGD,AMD,reference,311.97
2000-08-08,SKK,AMD,reference,11.54
2000-08-08,SYP,AMD,reference,11.7
2000-08-08,TAD,AMD,reference,2.795
2000-08-08,TJS,AMD,reference,2.795
2000-08-08,TMM,AMD,reference,0.1035
2000-08-08,TMT,AMD,reference,0.1035
2000-08-08,TRL,AMD,reference,0.00839
2000-08-08,UAH,AMD,reference,98.92
2000-08-08,USD,AMD,reference,538
2000-08-08,USM,AMD,reference,21.83
2000-08-09,AED,AMD,reference,146.24
2000-08-09,ARP,AMD,reference,537.29
2000-08-09,ATS,AMD,reference,35.45
2000-08-09,AUD,AMD,reference,315.49
2000-08-09,BEF,AMD,reference,12.093
2000-08-09,BGL,AMD,reference,249.41
2000-08-09,BRC,AMD,reference,299.59
2000-08-09,BYR,AMD,reference,0.663
2000-08-09,CAD,AMD,reference,360.69
2000-08-09,CHF,AMD,reference,315.25
2000-08-09,CNY,AMD,reference,64.86
2000-08-09,CZK,AMD,reference,13.75
2000-08-09,DEM,AMD,reference,249.41
2000-08-09,DKK,AMD,reference,65.1
2000-08-09,EEK,AMD,reference,31.05
2000-08-09,EGP,AMD,reference,152.8
2000-08-09,ESP,AMD,reference,2.932
2000-08-09,EUR,AMD,reference,487.81
2000-08-09,FIM,AMD,reference,82.04
2000-08-09,FRF,AMD,reference,74.37
2000-08-09,GBP,AMD,reference,809.69
2000-08-09,GEL,AMD,reference,273.27
2000-08-09,GRD,AMD,reference,1.448
2000-08-09,HUF,AMD,reference,1.864
2000-08-09,IEP,AMD,reference,619.39
2000-08-09,ILS,AMD,reference,131.81
2000-08-09,INR,AMD,reference,11.75
2000-08-09,IRR,AMD,reference,0.3015
2000-08-09,ISK,AMD,reference,67.07
2000-08-09,ITL,AMD,reference,0.2519
2000-08-09,JPY,AMD,reference,4.944
2000-08-09,KGS,AMD,reference,11.42
2000-08-09,KRW,AMD,reference,0.4815
2000-08-09,KWD,AMD,reference,1744.44
2000-08-09,KZT,AMD,reference,37.66
2000-08-09,LBP,AMD,reference,0.3562
2000-08-09,LTL,AMD,reference,134.25
2000-08-09,LVL,AMD,reference,878.89
2000-08-09,MDL,AMD,reference,43.31
2000-08-09,MXN,AMD,reference,57.39
2000-08-09,NLG,AMD,reference,221.36
2000-08-09,NOK,AMD,reference,60.26
2000-08-09,PLZ,AMD,reference,122.66
2000-08-09,PTE,AMD,reference,2.433
2000-08-09,ROL,AMD,reference,0.02428
2000-08-09,RUB,AMD,reference,19.35
2000-08-09,SAR,AMD,reference,143.18
2000-08-09,SDR,AMD,reference,716.76
2000-08-09,SEK,AMD,reference,58.26
2000-08-09,SGD,AMD,reference,311.39
2000-08-09,SKK,AMD,reference,11.45
2000-08-09,SYP,AMD,reference,11.93
2000-08-09,TAD,AMD,reference,2.79
2000-08-09,TJS,AMD,reference,2.79
2000-08-09,TMM,AMD,reference,0.1033
2000-08-09,TMT,AMD,reference,0.1033
2000-08-09,TRL,AMD,reference,0.00837
2000-08-09,UAH,AMD,reference,98.74
2000-08-09,USD,AMD,reference,537
2000-08-09,USM,AMD,reference,19.25
2000-08-10,AED,AMD,reference,146.24
2000-08-10,ARP,AMD,reference,537.07
2000-08-10,ATS,AMD,reference,35.31
2000-08-10,AUD,AMD,reference,313.07
2000-08-10,BEF,AMD,reference,12.043
2000-08-10,BGL,AMD,reference,248.4
2000-08-10,BRC,AMD,reference,298.4
2000-08-10,BYR,AMD,reference,0.659
2000-08-10,CAD,AMD,reference,360.69
2000-08-10,CHF,AMD,reference,314.65
2000-08-10,CNY,AMD,reference,64.86
2000-08-10,CZK,AMD,reference,13.65
2000-08-10,DEM,AMD,reference,248.4
2000-08-10,DKK,AMD,reference,64.59
2000-08-10,EEK,AMD,reference,30.78
2000-08-10,EGP,AMD,reference,152.82
2000-08-10,ESP,AMD,reference,2.92
2000-08-10,EUR,AMD,reference,485.82
2000-08-10,FIM,AMD,reference,81.71
2000-08-10,FRF,AMD,reference,74.06
2000-08-10,GBP,AMD,reference,805.5
2000-08-10,GEL,AMD,reference,273.25
2000-08-10,GRD,AMD,reference,1.44
2000-08-10,HUF,AMD,reference,1.847
2000-08-10,IEP,AMD,reference,616.87
2000-08-10,ILS,AMD,reference,131.88
2000-08-10,INR,AMD,reference,11.77
2000-08-10,IRR,AMD,reference,0.3015
2000-08-10,ISK,AMD,reference,66.85
2000-08-10,ITL,AMD,reference,0.2509
2000-08-10,JPY,AMD,reference,4.962
2000-08-10,KGS,AMD,reference,11.42
2000-08-10,KRW,AMD,reference,0.4815
2000-08-10,KWD,AMD,reference,1744.28
2000-08-10,KZT,AMD,reference,37.66
2000-08-10,LBP,AMD,reference,0.3562
2000-08-10,LTL,AMD,reference,134.25
2000-08-10,LVL,AMD,reference,880.33
2000-08-10,MDL,AMD,reference,43.29
2000-08-10,MXN,AMD,reference,57.53
2000-08-10,NLG,AMD,reference,220.46
2000-08-10,NOK,AMD,reference,59.86
2000-08-10,PLZ,AMD,reference,122.96
2000-08-10,PTE,AMD,reference,2.423
2000-08-10,ROL,AMD,reference,0.02423
2000-08-10,RUB,AMD,reference,19.37
2000-08-10,SAR,AMD,reference,143.17
2000-08-10,SDR,AMD,reference,716.76
2000-08-10,SEK,AMD,reference,58.16
2000-08-10,SGD,AMD,reference,311.54
2000-08-10,SKK,AMD,reference,11.35
2000-08-10,SYP,AMD,reference,11.93
2000-08-10,TAD,AMD,reference,2.772
2000-08-10,TJS,AMD,reference,2.772
2000-08-10,TMM,AMD,reference,0.1033
2000-08-10,TMT,AMD,reference,0.1033
2000-08-10,TRL,AMD,reference,0.00834
2000-08-10,UAH,AMD,reference,98.74
2000-08-10,USD,AMD,reference,537
2000-08-10,USM,AMD,reference,19.25
2000-08-11,AED,AMD,reference,146.24
2000-08-11,ARP,AMD,reference,537.11
2000-08-11,ATS,AMD,reference,35.02
2000-08-11,AUD,AMD,reference,312.27
2000-08-11,BEF,AMD,reference,11.945
2000-08-11,BGL,AMD,reference,246.37
2000-08-11,BRC,AMD,reference,298.98
2000-08-11,BYR,AMD,reference,0.655
2000-08-11,CAD,AMD,reference,361.62
2000-08-11,CHF,AMD,reference,312.02
2000-08-11,CNY,AMD,reference,64.86
2000-08-11,CZK,AMD,reference,13.75
2000-08-11,DEM,AMD,reference,246.37
2000-08-11,DKK,AMD,reference,65.06
2000-08-11,EEK,AMD,reference,31
2000-08-11,EGP,AMD,reference,153.07
2000-08-11,ESP,AMD,reference,2.896
2000-08-11,EUR,AMD,reference,481.85
2000-08-11,FIM,AMD,reference,81.04
2000-08-11,FRF,AMD,reference,73.46
2000-08-11,GBP,AMD,reference,805.77
2000-08-11,GEL,AMD,reference,272.59
2000-08-11,GRD,AMD,reference,1.429
2000-08-11,HUF,AMD,reference,1.863
2000-08-11,IEP,AMD,reference,611.82
2000-08-11,ILS,AMD,reference,132.14
2000-08-11,INR,AMD,reference,11.76
2000-08-11,IRR,AMD,reference,0.3015
2000-08-11,ISK,AMD,reference,67.1
2000-08-11,ITL,AMD,reference,0.2489
2000-08-11,JPY,AMD,reference,4.988
2000-08-11,KGS,AMD,reference,11.42
2000-08-11,KRW,AMD,reference,0.4811
2000-08-11,KWD,AMD,reference,1744.23
2000-08-11,KZT,AMD,reference,37.66
2000-08-11,LBP,AMD,reference,0.3562
2000-08-11,LTL,AMD,reference,134.25
2000-08-11,LVL,AMD,reference,877.45
2000-08-11,MDL,AMD,reference,43.3
2000-08-11,MXN,AMD,reference,57.57
2000-08-11,NLG,AMD,reference,218.65
2000-08-11,NOK,AMD,reference,59.73
2000-08-11,PLZ,AMD,reference,123.16
2000-08-11,PTE,AMD,reference,2.403
2000-08-11,ROL,AMD,reference,0.02415
2000-08-11,RUB,AMD,reference,19.37
2000-08-11,SAR,AMD,reference,143.17
2000-08-11,SDR,AMD,reference,716.76
2000-08-11,SEK,AMD,reference,57.97
2000-08-11,SGD,AMD,reference,313.86
2000-08-11,SKK,AMD,reference,11.37
2000-08-11,SYP,AMD,reference,11.93
2000-08-11,TAD,AMD,reference,2.772
2000-08-11,TJS,AMD,reference,2.772
2000-08-11,TMM,AMD,reference,0.1033
2000-08-11,TMT,AMD,reference,0.1033
2000-08-11,TRL,AMD,reference,0.00832
2000-08-11,UAH,AMD,reference,98.74
2000-08-11,USD,AMD,reference,537
2000-08-11,USM,AMD,reference,19.25
2000-08-14,AED,AMD,reference,146.24
2000-08-14,ARP,AMD,reference,537.91
2000-08-14,ATS,AMD,reference,35.24
2000-08-14,AUD,AMD,reference,313.02
2000-08-14,BEF,AMD,reference,12.022
2000-08-14,BGL,AMD,reference,247.96
2000-08-14,BRC,AMD,reference,298.99
2000-08-14,BYR,AMD,reference,0.651
2000-08-14,CAD,AMD,reference,362.27
2000-08-14,CHF,AMD,reference,313.91
2000-08-14,CNY,AMD,reference,64.86
2000-08-14,CZK,AMD,reference,13.86
2000-08-14,DEM,AMD,reference,247.96
2000-08-14,DKK,AMD,reference,65.56
2000-08-14,EEK,AMD,reference,31.37
2000-08-14,EGP,AMD,reference,153.07
2000-08-14,ESP,AMD,reference,2.915
2000-08-14,EUR,AMD,reference,484.96
2000-08-14,FIM,AMD,reference,81.57
2000-08-14,FRF,AMD,reference,73.93
2000-08-14,GBP,AMD,reference,809.04
2000-08-14,GEL,AMD,reference,272.59
2000-08-14,GRD,AMD,reference,1.438
2000-08-14,HUF,AMD,reference,1.875
2000-08-14,IEP,AMD,reference,615.78
2000-08-14,ILS,AMD,reference,132.1
2000-08-14,INR,AMD,reference,11.69
2000-08-14,IRR,AMD,reference,0.3015
2000-08-14,ISK,AMD,reference,67.63
2000-08-14,ITL,AMD,reference,0.2505
2000-08-14,JPY,AMD,reference,4.936
2000-08-14,KGS,AMD,reference,11.41
2000-08-14,KRW,AMD,reference,0.4808
2000-08-14,KWD,AMD,reference,1744.44
2000-08-14,KZT,AMD,reference,37.66
2000-08-14,LBP,AMD,reference,0.3562
2000-08-14,LTL,AMD,reference,134.25
2000-08-14,LVL,AMD,reference,878.89
2000-08-14,MDL,AMD,reference,43.32
2000-08-14,MXN,AMD,reference,57.6
2000-08-14,NLG,AMD,reference,220.07
2000-08-14,NOK,AMD,reference,59.97
2000-08-14,PLZ,AMD,reference,124
2000-08-14,PTE,AMD,reference,2.419
2000-08-14,ROL,AMD,reference,0.02411
2000-08-14,RUB,AMD,reference,19.37
2000-08-14,SAR,AMD,reference,143.17
2000-08-14,SDR,AMD,reference,716.76
2000-08-14,SEK,AMD,reference,58.22
2000-08-14,SGD,AMD,reference,313.2
2000-08-14,SKK,AMD,reference,11.41
2000-08-14,SYP,AMD,reference,11.67
2000-08-14,TAD,AMD,reference,2.79
2000-08-14,TJS,AMD,reference,2.79
2000-08-14,TMM,AMD,reference,0.1033
2000-08-14,TMT,AMD,reference,0.1033
2000-08-14,TRL,AMD,reference,0.00834
2000-08-14,UAH,AMD,reference,98.74
2000-08-14,USD,AMD,reference,537
2000-08-14,USM,AMD,reference,19.25
2000-08-15,AED,AMD,reference,146.24
2000-08-15,ARP,AMD,reference,537.29
2000-08-15,ATS,AMD,reference,35.45
2000-08-15,AUD,AMD,reference,315.49
2000-08-15,BEF,AMD,reference,12.093
2000-08-15,BGL,AMD,reference,249.41
2000-08-15,BRC,AMD,reference,299.6
2000-08-15,BYR,AMD,reference,0.663
2000-08-15,CAD,AMD,reference,360.69
2000-08-15,CHF,AMD,reference,315.25
2000-08-15,CNY,AMD,reference,64.86
2000-08-15,CZK,AMD,reference,13.75
2000-08-15,DEM,AMD,reference,249.41
2000-08-15,DKK,AMD,reference,65.1
2000-08-15,EEK,AMD,reference,31.05
2000-08-15,EGP,AMD,reference,152.8
2000-08-15,ESP,AMD,reference,2.932
2000-08-15,EUR,AMD,reference,487.81
2000-08-15,FIM,AMD,reference,82.04
2000-08-15,FRF,AMD,reference,74.37
2000-08-15,GBP,AMD,reference,809.69
2000-08-15,GEL,AMD,reference,273.27
2000-08-15,GRD,AMD,reference,1.448
2000-08-15,HUF,AMD,reference,1.864
2000-08-15,IEP,AMD,reference,619.39
2000-08-15,ILS,AMD,reference,131.81
2000-08-15,INR,AMD,reference,11.75
2000-08-15,IRR,AMD,reference,0.3015
2000-08-15,ISK,AMD,reference,67.07
2000-08-15,ITL,AMD,reference,0.2519
2000-08-15,JPY,AMD,reference,4.944
2000-08-15,KGS,AMD,reference,11.42
2000-08-15,KRW,AMD,reference,0.4815
2000-08-15,KWD,AMD,reference,1744.64
2000-08-15,KZT,AMD,reference,37.66
2000-08-15,LBP,AMD,reference,0.3562
2000-08-15,LTL,AMD,reference,134.25
2000-08-15,LVL,AMD,reference,878.89
2000-08-15,MDL,AMD,reference,43.31
2000-08-15,MXN,AMD,reference,57.39
2000-08-15,NLG,AMD,reference,221.36
2000-08-15,NOK,AMD,reference,60.26
2000-08-15,PLZ,AMD,reference,122.66
2000-08-15,PTE,AMD,reference,2.433
2000-08-15,ROL,AMD,reference,0.02428
2000-08-15,RUB,AMD,reference,19.37
2000-08-15,SAR,AMD,reference,143.18
2000-08-15,SDR,AMD,reference,716.76
2000-08-15,SEK,AMD,reference,58.26
2000-08-15,SGD,AMD,reference,311.39
2000-08-15,SKK,AMD,reference,11.45
2000-08-15,SYP,AMD,reference,11.93
2000-08-15,TAD,AMD,reference,2.79
2000-08-15,TJS,AMD,reference,2.79
2000-08-15,TMM,AMD,reference,0.1033
2000-08-15,TMT,AMD,reference,0.1033
2000-08-15,TRL,AMD,reference,0.00837
2000-08-15,UAH,AMD,reference,98.74
2000-08-15,USD,AMD,reference,537
2000-08-15,USM,AMD,reference,19.25
2000-08-16,AED,AMD,reference,146.68
2000-08-16,ARP,AMD,reference,538.72
2000-08-16,ATS,AMD,reference,35.27
2000-08-16,AUD,AMD,reference,314.55
2000-08-16,BEF,AMD,reference,12.031
2000-08-16,BGL,AMD,reference,248.15
2000-08-16,BRC,AMD,reference,298.65
2000-08-16,BYR,AMD,reference,0.645
2000-08-16,CAD,AMD,reference,362.75
2000-08-16,CHF,AMD,reference,312.3
2000-08-16,CNY,AMD,reference,65.06
2000-08-16,CZK,AMD,reference,13.88
2000-08-16,DEM,AMD,reference,248.15
2000-08-16,DKK,AMD,reference,65.74
2000-08-16,EEK,AMD,reference,31.36
2000-08-16,EGP,AMD,reference,152.81
2000-08-16,ESP,AMD,reference,2.917
2000-08-16,EUR,AMD,reference,485.34
2000-08-16,FIM,AMD,reference,81.63
2000-08-16,FRF,AMD,reference,73.99
2000-08-16,GBP,AMD,reference,810.88
2000-08-16,GEL,AMD,reference,273.41
2000-08-16,GRD,AMD,reference,1.445
2000-08-16,HUF,AMD,reference,1.88
2000-08-16,IEP,AMD,reference,616.26
2000-08-16,ILS,AMD,reference,132.96
2000-08-16,INR,AMD,reference,11.77
2000-08-16,IRR,AMD,reference,0.3015
2000-08-16,ISK,AMD,reference,67.3
2000-08-16,ITL,AMD,reference,0.2507
2000-08-16,JPY,AMD,reference,4.918
2000-08-16,KGS,AMD,reference,11.44
2000-08-16,KRW,AMD,reference,0.4834
2000-08-16,KWD,AMD,reference,1748.76
2000-08-16,KZT,AMD,reference,37.77
2000-08-16,LBP,AMD,reference,0.3573
2000-08-16,LTL,AMD,reference,134.65
2000-08-16,LVL,AMD,reference,880.08
2000-08-16,MDL,AMD,reference,43.48
2000-08-16,MXN,AMD,reference,58.26
2000-08-16,NLG,AMD,reference,220.24
2000-08-16,NOK,AMD,reference,60.14
2000-08-16,PLZ,AMD,reference,123.65
2000-08-16,PTE,AMD,reference,2.421
2000-08-16,ROL,AMD,reference,0.0241
2000-08-16,RUB,AMD,reference,19.42
2000-08-16,SAR,AMD,reference,143.6
2000-08-16,SDR,AMD,reference,716.76
2000-08-16,SEK,AMD,reference,58.43
2000-08-16,SGD,AMD,reference,313.77
2000-08-16,SKK,AMD,reference,11.55
2000-08-16,SYP,AMD,reference,11.71
2000-08-16,TAD,AMD,reference,2.781
2000-08-16,TJS,AMD,reference,2.781
2000-08-16,TMM,AMD,reference,0.1036
2000-08-16,TMT,AMD,reference,0.1036
2000-08-16,TRL,AMD,reference,0.00835
2000-08-16,UAH,AMD,reference,99.04
2000-08-16,USD,AMD,reference,538.61
2000-08-16,USM,AMD,reference,19.13
2000-08-17,AED,AMD,reference,146.85
2000-08-17,ARP,AMD,reference,539.35
2000-08-17,ATS,AMD,reference,35.73
2000-08-17,AUD,AMD,reference,317.88
2000-08-17,BEF,AMD,reference,12.188
2000-08-17,BGL,AMD,reference,251.39
2000-08-17,BRC,AMD,reference,298.9
2000-08-17,BYR,AMD,reference,0.642
2000-08-17,CAD,AMD,reference,362.61
2000-08-17,CHF,AMD,reference,315.36
2000-08-17,CNY,AMD,reference,65.13
2000-08-17,CZK,AMD,reference,13.83
2000-08-17,DEM,AMD,reference,251.39
2000-08-17,DKK,AMD,reference,65.63
2000-08-17,EEK,AMD,reference,31.33
2000-08-17,EGP,AMD,reference,152.97
2000-08-17,ESP,AMD,reference,2.955
2000-08-17,EUR,AMD,reference,491.68
2000-08-17,FIM,AMD,reference,82.69
2000-08-17,FRF,AMD,reference,74.96
2000-08-17,GBP,AMD,reference,811.5
2000-08-17,GEL,AMD,reference,273.73
2000-08-17,GRD,AMD,reference,1.452
2000-08-17,HUF,AMD,reference,1.88
2000-08-17,IEP,AMD,reference,624.3
2000-08-17,ILS,AMD,reference,133.44
2000-08-17,INR,AMD,reference,11.81
2000-08-17,IRR,AMD,reference,0.3015
2000-08-17,ISK,AMD,reference,67.54
2000-08-17,ITL,AMD,reference,0.2539
2000-08-17,JPY,AMD,reference,4.957
2000-08-17,KGS,AMD,reference,11.46
2000-08-17,KRW,AMD,reference,0.4837
2000-08-17,KWD,AMD,reference,1751.34
2000-08-17,KZT,AMD,reference,37.81
2000-08-17,LBP,AMD,reference,0.3577
2000-08-17,LTL,AMD,reference,134.81
2000-08-17,LVL,AMD,reference,882.55
2000-08-17,MDL,AMD,reference,43.55
2000-08-17,MXN,AMD,reference,58.38
2000-08-17,NLG,AMD,reference,223.11
2000-08-17,NOK,AMD,reference,60.6
2000-08-17,PLZ,AMD,reference,124.18
2000-08-17,PTE,AMD,reference,2.452
2000-08-17,ROL,AMD,reference,0.02408
2000-08-17,RUB,AMD,reference,19.48
2000-08-17,SAR,AMD,reference,143.77
2000-08-17,SDR,AMD,reference,716.76
2000-08-17,SEK,AMD,reference,58.92
2000-08-17,SGD,AMD,reference,314.05
2000-08-17,SKK,AMD,reference,11.53
2000-08-17,SYP,AMD,reference,11.98
2000-08-17,TAD,AMD,reference,2.784
2000-08-17,TJS,AMD,reference,2.784
2000-08-17,TMM,AMD,reference,0.1037
2000-08-17,TMT,AMD,reference,0.1037
2000-08-17,TRL,AMD,reference,0.00838
2000-08-17,UAH,AMD,reference,99.15
2000-08-17,USD,AMD,reference,539.24
2000-08-17,USM,AMD,reference,18.98
2000-08-18,AED,AMD,reference,147.22
2000-08-18,ARP,AMD,reference,540.71
2000-08-18,ATS,AMD,reference,35.64
2000-08-18,AUD,AMD,reference,319.12
2000-08-18,BEF,AMD,reference,12.158
2000-08-18,BGL,AMD,reference,250.75
2000-08-18,BRC,AMD,reference,299.18
2000-08-18,BYR,AMD,reference,0.64
2000-08-18,CAD,AMD,reference,366.01
2000-08-18,CHF,AMD,reference,314.58
2000-08-18,CNY,AMD,reference,65.29
2000-08-18,CZK,AMD,reference,13.95
2000-08-18,DEM,AMD,reference,250.75
2000-08-18,DKK,AMD,reference,66.21
2000-08-18,EEK,AMD,reference,31.56
2000-08-18,EGP,AMD,reference,153.1
2000-08-18,ESP,AMD,reference,2.948
2000-08-18,EUR,AMD,reference,490.43
2000-08-18,FIM,AMD,reference,82.48
2000-08-18,FRF,AMD,reference,74.77
2000-08-18,GBP,AMD,reference,809.93
2000-08-18,GEL,AMD,reference,274.42
2000-08-18,GRD,AMD,reference,1.456
2000-08-18,HUF,AMD,reference,1.894
2000-08-18,IEP,AMD,reference,622.72
2000-08-18,ILS,AMD,reference,133.61
2000-08-18,INR,AMD,reference,11.81
2000-08-18,IRR,AMD,reference,0.3015
2000-08-18,ISK,AMD,reference,67.84
2000-08-18,ITL,AMD,reference,0.2533
2000-08-18,JPY,AMD,reference,4.988
2000-08-18,KGS,AMD,reference,11.48
2000-08-18,KRW,AMD,reference,0.4849
2000-08-18,KWD,AMD,reference,1756.09
2000-08-18,KZT,AMD,reference,37.91
2000-08-18,LBP,AMD,reference,0.3586
2000-08-18,LTL,AMD,reference,135.15
2000-08-18,LVL,AMD,reference,886.23
2000-08-18,MDL,AMD,reference,43.7
2000-08-18,MXN,AMD,reference,58.89
2000-08-18,NLG,AMD,reference,222.55
2000-08-18,NOK,AMD,reference,60.55
2000-08-18,PLZ,AMD,reference,125.19
2000-08-18,PTE,AMD,reference,2.446
2000-08-18,ROL,AMD,reference,0.02407
2000-08-18,RUB,AMD,reference,19.48
2000-08-18,SAR,AMD,reference,144.13
2000-08-18,SDR,AMD,reference,716.76
2000-08-18,SEK,AMD,reference,58.44
2000-08-18,SGD,AMD,reference,315.04
2000-08-18,SKK,AMD,reference,11.66
2000-08-18,SYP,AMD,reference,12.01
2000-08-18,TAD,AMD,reference,2.791
2000-08-18,TJS,AMD,reference,2.791
2000-08-18,TMM,AMD,reference,0.104
2000-08-18,TMT,AMD,reference,0.104
2000-08-18,TRL,AMD,reference,0.00839
2000-08-18,UAH,AMD,reference,99.4
2000-08-18,USD,AMD,reference,540.6
2000-08-18,USM,AMD,reference,19.03
2000-08-21,AED,AMD,reference,147.41
2000-08-21,ARP,AMD,reference,541.4
2000-08-21,ATS,AMD,reference,35.95
2000-08-21,AUD,AMD,reference,321.26
2000-08-21,BEF,AMD,reference,12.264
2000-08-21,BGL,AMD,reference,252.96
2000-08-21,BRC,AMD,reference,299.31
2000-08-21,BYR,AMD,reference,0.637
2000-08-21,CAD,AMD,reference,366.8
2000-08-21,CHF,AMD,reference,316.55
2000-08-21,CNY,AMD,reference,65.38
2000-08-21,CZK,AMD,reference,13.99
2000-08-21,DEM,AMD,reference,252.96
2000-08-21,DKK,AMD,reference,66.41
2000-08-21,EEK,AMD,reference,31.64
2000-08-21,EGP,AMD,reference,153.29
2000-08-21,ESP,AMD,reference,2.973
2000-08-21,EUR,AMD,reference,494.74
2000-08-21,FIM,AMD,reference,83.21
2000-08-21,FRF,AMD,reference,75.42
2000-08-21,GBP,AMD,reference,809.66
2000-08-21,GEL,AMD,reference,274.77
2000-08-21,GRD,AMD,reference,1.466
2000-08-21,HUF,AMD,reference,1.899
2000-08-21,IEP,AMD,reference,628.19
2000-08-21,ILS,AMD,reference,133.98
2000-08-21,INR,AMD,reference,11.81
2000-08-21,IRR,AMD,reference,0.3015
2000-08-21,ISK,AMD,reference,67.85
2000-08-21,ITL,AMD,reference,0.2555
2000-08-21,JPY,AMD,reference,4.973
2000-08-21,KGS,AMD,reference,11.5
2000-08-21,KRW,AMD,reference,0.4855
2000-08-21,KWD,AMD,reference,1759.36
2000-08-21,KZT,AMD,reference,37.96
2000-08-21,LBP,AMD,reference,0.3591
2000-08-21,LTL,AMD,reference,135.32
2000-08-21,LVL,AMD,reference,888.82
2000-08-21,MDL,AMD,reference,43.72
2000-08-21,MXN,AMD,reference,58.91
2000-08-21,NLG,AMD,reference,224.5
2000-08-21,NOK,AMD,reference,61.15
2000-08-21,PLZ,AMD,reference,125.48
2000-08-21,PTE,AMD,reference,2.468
2000-08-21,ROL,AMD,reference,0.02406
2000-08-21,RUB,AMD,reference,19.52
2000-08-21,SAR,AMD,reference,144.32
2000-08-21,SDR,AMD,reference,716.76
2000-08-21,SEK,AMD,reference,58.7
2000-08-21,SGD,AMD,reference,314.66
2000-08-21,SKK,AMD,reference,11.7
2000-08-21,SYP,AMD,reference,12.03
2000-08-21,TAD,AMD,reference,2.794
2000-08-21,TJS,AMD,reference,2.794
2000-08-21,TMM,AMD,reference,0.1041
2000-08-21,TMT,AMD,reference,0.1041
2000-08-21,TRL,AMD,reference,0.00843
2000-08-21,UAH,AMD,reference,99.53
2000-08-21,USD,AMD,reference,541.29
2000-08-21,USM,AMD,reference,19.05
2000-08-22,AED,AMD,reference,147.55
2000-08-22,ARP,AMD,reference,542.17
2000-08-22,ATS,AMD,reference,35.94
2000-08-22,AUD,AMD,reference,319.72
2000-08-22,BEF,AMD,reference,12.258
2000-08-22,BGL,AMD,reference,252.83
2000-08-22,BRC,AMD,reference,298.35
2000-08-22,BYR,AMD,reference,0.631
2000-08-22,CAD,AMD,reference,367.47
2000-08-22,CHF,AMD,reference,316.54
2000-08-22,CNY,AMD,reference,65.44
2000-08-22,CZK,AMD,reference,13.82
2000-08-22,DEM,AMD,reference,252.83
2000-08-22,DKK,AMD,reference,65.66
2000-08-22,EEK,AMD,reference,31.3
2000-08-22,EGP,AMD,reference,153.06
2000-08-22,ESP,AMD,reference,2.972
2000-08-22,EUR,AMD,reference,494.5
2000-08-22,FIM,AMD,reference,83.17
2000-08-22,FRF,AMD,reference,75.39
2000-08-22,GBP,AMD,reference,807.55
2000-08-22,GEL,AMD,reference,275.03
2000-08-22,GRD,AMD,reference,1.468
2000-08-22,HUF,AMD,reference,1.877
2000-08-22,IEP,AMD,reference,627.89
2000-08-22,ILS,AMD,reference,134.11
2000-08-22,INR,AMD,reference,11.82
2000-08-22,IRR,AMD,reference,0.3015
2000-08-22,ISK,AMD,reference,67.41
2000-08-22,ITL,AMD,reference,0.2554
2000-08-22,JPY,AMD,reference,5.02
2000-08-22,KGS,AMD,reference,11.4
2000-08-22,KRW,AMD,reference,0.4861
2000-08-22,KWD,AMD,reference,1759.93
2000-08-22,KZT,AMD,reference,37.99
2000-08-22,LBP,AMD,reference,0.3594
2000-08-22,LTL,AMD,reference,135.45
2000-08-22,LVL,AMD,reference,888.2
2000-08-22,MDL,AMD,reference,43.78
2000-08-22,MXN,AMD,reference,58.57
2000-08-22,NLG,AMD,reference,224.39
2000-08-22,NOK,AMD,reference,61.35
2000-08-22,PLZ,AMD,reference,125.19
2000-08-22,PTE,AMD,reference,2.467
2000-08-22,ROL,AMD,reference,0.02403
2000-08-22,RUB,AMD,reference,19.55
2000-08-22,SAR,AMD,reference,144.45
2000-08-22,SDR,AMD,reference,716.76
2000-08-22,SEK,AMD,reference,58.9
2000-08-22,SGD,AMD,reference,315.97
2000-08-22,SKK,AMD,reference,11.54
2000-08-22,SYP,AMD,reference,12.04
2000-08-22,TAD,AMD,reference,2.797
2000-08-22,TJS,AMD,reference,2.797
2000-08-22,TMM,AMD,reference,0.1042
2000-08-22,TMT,AMD,reference,0.1042
2000-08-22,TRL,AMD,reference,0.0084
2000-08-22,UAH,AMD,reference,99.62
2000-08-22,USD,AMD,reference,541.8
2000-08-22,USM,AMD,reference,19.07
2000-08-23,AED,AMD,reference,147.43
2000-08-23,ARP,AMD,reference,541.73
2000-08-23,ATS,AMD,reference,35.5
2000-08-23,AUD,AMD,reference,319.4
2000-08-23,BEF,AMD,reference,12.109
2000-08-23,BGL,AMD,reference,249.75
2000-08-23,BRC,AMD,reference,297.27
2000-08-23,BYR,AMD,reference,0.626
2000-08-23,CAD,AMD,reference,366.55
2000-08-23,CHF,AMD,reference,313.16
2000-08-23,CNY,AMD,reference,65.38
2000-08-23,CZK,AMD,reference,13.74
2000-08-23,DEM,AMD,reference,249.75
2000-08-23,DKK,AMD,reference,65.27
2000-08-23,EEK,AMD,reference,31.28
2000-08-23,EGP,AMD,reference,152.78
2000-08-23,ESP,AMD,reference,2.936
2000-08-23,EUR,AMD,reference,488.47
2000-08-23,FIM,AMD,reference,82.15
2000-08-23,FRF,AMD,reference,74.47
2000-08-23,GBP,AMD,reference,803.87
2000-08-23,GEL,AMD,reference,274.8
2000-08-23,GRD,AMD,reference,1.45
2000-08-23,HUF,AMD,reference,1.864
2000-08-23,IEP,AMD,reference,620.23
2000-08-23,ILS,AMD,reference,134.3
2000-08-23,INR,AMD,reference,11.84
2000-08-23,IRR,AMD,reference,0.3015
2000-08-23,ISK,AMD,reference,67.42
2000-08-23,ITL,AMD,reference,0.2523
2000-08-23,JPY,AMD,reference,4.999
2000-08-23,KGS,AMD,reference,11.39
2000-08-23,KRW,AMD,reference,0.4857
2000-08-23,KWD,AMD,reference,1757.53
2000-08-23,KZT,AMD,reference,37.96
2000-08-23,LBP,AMD,reference,0.3591
2000-08-23,LTL,AMD,reference,135.34
2000-08-23,LVL,AMD,reference,886.02
2000-08-23,MDL,AMD,reference,43.71
2000-08-23,MXN,AMD,reference,58.46
2000-08-23,NLG,AMD,reference,221.66
2000-08-23,NOK,AMD,reference,60.73
2000-08-23,PLZ,AMD,reference,125.02
2000-08-23,PTE,AMD,reference,2.436
2000-08-23,ROL,AMD,reference,0.02394
2000-08-23,RUB,AMD,reference,19.55
2000-08-23,SAR,AMD,reference,144.34
2000-08-23,SDR,AMD,reference,716.76
2000-08-23,SEK,AMD,reference,58.07
2000-08-23,SGD,AMD,reference,315.71
2000-08-23,SKK,AMD,reference,11.46
2000-08-23,SYP,AMD,reference,12.03
2000-08-23,TAD,AMD,reference,2.795
2000-08-23,TJS,AMD,reference,2.795
2000-08-23,TMM,AMD,reference,0.1041
2000-08-23,TMT,AMD,reference,0.1041
2000-08-23,TRL,AMD,reference,0.00837
2000-08-23,UAH,AMD,reference,99.54
2000-08-23,USD,AMD,reference,541.36
2000-08-23,USM,AMD,reference,19.05
2000-08-24,AED,AMD,reference,147.58
2000-08-24,ARP,AMD,reference,542.01
2000-08-24,ATS,AMD,reference,35.33
2000-08-24,AUD,AMD,reference,309.97
2000-08-24,BEF,AMD,reference,12.052
2000-08-24,BGL,AMD,reference,248.59
2000-08-24,BRC,AMD,reference,298.24
2000-08-24,BYR,AMD,reference,0.623
2000-08-24,CAD,AMD,reference,367.29
2000-08-24,CHF,AMD,reference,311.5
2000-08-24,CNY,AMD,reference,65.45
2000-08-24,CZK,AMD,reference,13.69
2000-08-24,DEM,AMD,reference,248.59
2000-08-24,DKK,AMD,reference,64.9
2000-08-24,EEK,AMD,reference,31.13
2000-08-24,EGP,AMD,reference,152.74
2000-08-24,ESP,AMD,reference,2.922
2000-08-24,EUR,AMD,reference,486.19
2000-08-24,FIM,AMD,reference,81.77
2000-08-24,FRF,AMD,reference,74.12
2000-08-24,GBP,AMD,reference,801.52
2000-08-24,GEL,AMD,reference,275.08
2000-08-24,GRD,AMD,reference,1.443
2000-08-24,HUF,AMD,reference,1.857
2000-08-24,IEP,AMD,reference,617.34
2000-08-24,ILS,AMD,reference,134.67
2000-08-24,INR,AMD,reference,11.84
2000-08-24,IRR,AMD,reference,0.3015
2000-08-24,ISK,AMD,reference,67.34
2000-08-24,ITL,AMD,reference,0.2511
2000-08-24,JPY,AMD,reference,5.064
2000-08-24,KGS,AMD,reference,11.4
2000-08-24,KRW,AMD,reference,0.4861
2000-08-24,KWD,AMD,reference,1758.52
2000-08-24,KZT,AMD,reference,38
2000-08-24,LBP,AMD,reference,0.3595
2000-08-24,LTL,AMD,reference,135.48
2000-08-24,LVL,AMD,reference,885.46
2000-08-24,MDL,AMD,reference,43.79
2000-08-24,MXN,AMD,reference,58.66
2000-08-24,NLG,AMD,reference,220.62
2000-08-24,NOK,AMD,reference,60.45
2000-08-24,PLZ,AMD,reference,124.82
2000-08-24,PTE,AMD,reference,2.425
2000-08-24,ROL,AMD,reference,0.02392
2000-08-24,RUB,AMD,reference,19.57
2000-08-24,SAR,AMD,reference,144.48
2000-08-24,SDR,AMD,reference,716.76
2000-08-24,SEK,AMD,reference,58
2000-08-24,SGD,AMD,reference,316.03
2000-08-24,SKK,AMD,reference,11.35
2000-08-24,SYP,AMD,reference,11.78
2000-08-24,TAD,AMD,reference,2.798
2000-08-24,TJS,AMD,reference,2.798
2000-08-24,TMM,AMD,reference,0.1042
2000-08-24,TMT,AMD,reference,0.1042
2000-08-24,TRL,AMD,reference,0.00834
2000-08-24,UAH,AMD,reference,99.64
2000-08-24,USD,AMD,reference,541.9
2000-08-24,USM,AMD,reference,19.07
2000-08-25,AED,AMD,reference,147.53
2000-08-25,ARP,AMD,reference,541.85
2000-08-25,ATS,AMD,reference,35.11
2000-08-25,AUD,AMD,reference,310.09
2000-08-25,BEF,AMD,reference,11.976
2000-08-25,BGL,AMD,reference,247.02
2000-08-25,BRC,AMD,reference,298.06
2000-08-25,BYR,AMD,reference,0.619
2000-08-25,CAD,AMD,reference,364.2
2000-08-25,CHF,AMD,reference,311.19
2000-08-25,CNY,AMD,reference,65.43
2000-08-25,CZK,AMD,reference,13.81
2000-08-25,DEM,AMD,reference,247.02
2000-08-25,DKK,AMD,reference,65.45
2000-08-25,EEK,AMD,reference,31.19
2000-08-25,EGP,AMD,reference,152.7
2000-08-25,ESP,AMD,reference,2.904
2000-08-25,EUR,AMD,reference,483.12
2000-08-25,FIM,AMD,reference,81.26
2000-08-25,FRF,AMD,reference,73.65
2000-08-25,GBP,AMD,reference,801.56
2000-08-25,GEL,AMD,reference,274.99
2000-08-25,GRD,AMD,reference,1.435
2000-08-25,HUF,AMD,reference,1.871
2000-08-25,IEP,AMD,reference,613.44
2000-08-25,ILS,AMD,reference,134.16
2000-08-25,INR,AMD,reference,11.8
2000-08-25,IRR,AMD,reference,0.3015
2000-08-25,ISK,AMD,reference,67.36
2000-08-25,ITL,AMD,reference,0.2495
2000-08-25,JPY,AMD,reference,5.06
2000-08-25,KGS,AMD,reference,11.4
2000-08-25,KRW,AMD,reference,0.486
2000-08-25,KWD,AMD,reference,1758.6
2000-08-25,KZT,AMD,reference,37.99
2000-08-25,LBP,AMD,reference,0.3594
2000-08-25,LTL,AMD,reference,135.44
2000-08-25,LVL,AMD,reference,883.75
2000-08-25,MDL,AMD,reference,43.78
2000-08-25,MXN,AMD,reference,58.45
2000-08-25,NLG,AMD,reference,219.23
2000-08-25,NOK,AMD,reference,60
2000-08-25,PLZ,AMD,reference,124.56
2000-08-25,PTE,AMD,reference,2.41
2000-08-25,ROL,AMD,reference,0.02384
2000-08-25,RUB,AMD,reference,19.57
2000-08-25,SAR,AMD,reference,144.44
2000-08-25,SDR,AMD,reference,716.76
2000-08-25,SEK,AMD,reference,57.82
2000-08-25,SGD,AMD,reference,315.27
2000-08-25,SKK,AMD,reference,11.48
2000-08-25,SYP,AMD,reference,11.78
2000-08-25,TAD,AMD,reference,2.767
2000-08-25,TJS,AMD,reference,2.767
2000-08-25,TMM,AMD,reference,0.1042
2000-08-25,TMT,AMD,reference,0.1042
2000-08-25,TRL,AMD,reference,0.00833
2000-08-25,UAH,AMD,reference,99.61
2000-08-25,USD,AMD,reference,541.74
2000-08-25,USM,AMD,reference,19.07
2000-08-28,AED,AMD,reference,147.65
2000-08-28,ARP,AMD,reference,542.27
2000-08-28,ATS,AMD,reference,35.51
2000-08-28,AUD,AMD,reference,310.17
2000-08-28,BEF,AMD,reference,12.112
2000-08-28,BGL,AMD,reference,249.81
2000-08-28,BRC,AMD,reference,297.72
2000-08-28,BYR,AMD,reference,0.616
2000-08-28,CAD,AMD,reference,364.62
2000-08-28,CHF,AMD,reference,315.45
2000-08-28,CNY,AMD,reference,65.48
2000-08-28,CZK,AMD,reference,13.84
2000-08-28,DEM,AMD,reference,249.81
2000-08-28,DKK,AMD,reference,65.56
2000-08-28,EEK,AMD,reference,31.25
2000-08-28,EGP,AMD,reference,152.82
2000-08-28,ESP,AMD,reference,2.937
2000-08-28,EUR,AMD,reference,488.59
2000-08-28,FIM,AMD,reference,82.18
2000-08-28,FRF,AMD,reference,74.49
2000-08-28,GBP,AMD,reference,798.82
2000-08-28,GEL,AMD,reference,275.21
2000-08-28,GRD,AMD,reference,1.447
2000-08-28,HUF,AMD,reference,1.875
2000-08-28,IEP,AMD,reference,620.39
2000-08-28,ILS,AMD,reference,134.16
2000-08-28,INR,AMD,reference,11.81
2000-08-28,IRR,AMD,reference,0.3015
2000-08-28,ISK,AMD,reference,67.61
2000-08-28,ITL,AMD,reference,0.2523
2000-08-28,JPY,AMD,reference,5.066
2000-08-28,KGS,AMD,reference,11.4
2000-08-28,KRW,AMD,reference,0.4865
2000-08-28,KWD,AMD,reference,1761.97
2000-08-28,KZT,AMD,reference,38.02
2000-08-28,LBP,AMD,reference,0.3596
2000-08-28,LTL,AMD,reference,135.54
2000-08-28,LVL,AMD,reference,887.33
2000-08-28,MDL,AMD,reference,43.83
2000-08-28,MXN,AMD,reference,58.67
2000-08-28,NLG,AMD,reference,221.71
2000-08-28,NOK,AMD,reference,60.31
2000-08-28,PLZ,AMD,reference,123.69
2000-08-28,PTE,AMD,reference,2.437
2000-08-28,ROL,AMD,reference,0.0238
2000-08-28,RUB,AMD,reference,19.57
2000-08-28,SAR,AMD,reference,144.55
2000-08-28,SDR,AMD,reference,716.76
2000-08-28,SEK,AMD,reference,58.42
2000-08-28,SGD,AMD,reference,315.12
2000-08-28,SKK,AMD,reference,11.49
2000-08-28,SYP,AMD,reference,11.79
2000-08-28,TAD,AMD,reference,2.799
2000-08-28,TJS,AMD,reference,2.799
2000-08-28,TMM,AMD,reference,0.1043
2000-08-28,TMT,AMD,reference,0.1043
2000-08-28,TRL,AMD,reference,0.00837
2000-08-28,UAH,AMD,reference,99.69
2000-08-28,USD,AMD,reference,542.16
2000-08-28,USM,AMD,reference,19.08
2000-08-29,AED,AMD,reference,147.65
2000-08-29,ARP,AMD,reference,542.49
2000-08-29,ATS,AMD,reference,35.54
2000-08-29,AUD,AMD,reference,310.98
2000-08-29,BEF,AMD,reference,12.124
2000-08-29,BGL,AMD,reference,250.06
2000-08-29,BRC,AMD,reference,297.48
2000-08-29,BYR,AMD,reference,0.611
2000-08-29,CAD,AMD,reference,365.68
2000-08-29,CHF,AMD,reference,316.5
2000-08-29,CNY,AMD,reference,65.48
2000-08-29,CZK,AMD,reference,13.84
2000-08-29,DEM,AMD,reference,250.06
2000-08-29,DKK,AMD,reference,65.6
2000-08-29,EEK,AMD,reference,31.25
2000-08-29,EGP,AMD,reference,152.08
2000-08-29,ESP,AMD,reference,2.939
2000-08-29,EUR,AMD,reference,489.08
2000-08-29,FIM,AMD,reference,82.26
2000-08-29,FRF,AMD,reference,74.56
2000-08-29,GBP,AMD,reference,798.82
2000-08-29,GEL,AMD,reference,276.61
2000-08-29,GRD,AMD,reference,1.445
2000-08-29,HUF,AMD,reference,1.875
2000-08-29,IEP,AMD,reference,621.01
2000-08-29,ILS,AMD,reference,134.16
2000-08-29,INR,AMD,reference,11.83
2000-08-29,IRR,AMD,reference,0.3015
2000-08-29,ISK,AMD,reference,67.5
2000-08-29,ITL,AMD,reference,0.2526
2000-08-29,JPY,AMD,reference,5.108
2000-08-29,KGS,AMD,reference,11.39
2000-08-29,KRW,AMD,reference,0.4866
2000-08-29,KWD,AMD,reference,1761.53
2000-08-29,KZT,AMD,reference,38.02
2000-08-29,LBP,AMD,reference,0.3596
2000-08-29,LTL,AMD,reference,135.54
2000-08-29,LVL,AMD,reference,885.88
2000-08-29,MDL,AMD,reference,43.83
2000-08-29,MXN,AMD,reference,58.73
2000-08-29,NLG,AMD,reference,221.94
2000-08-29,NOK,AMD,reference,60.41
2000-08-29,PLZ,AMD,reference,123.72
2000-08-29,PTE,AMD,reference,2.44
2000-08-29,ROL,AMD,reference,0.02377
2000-08-29,RUB,AMD,reference,19.57
2000-08-29,SAR,AMD,reference,144.55
2000-08-29,SDR,AMD,reference,716.76
2000-08-29,SEK,AMD,reference,58.36
2000-08-29,SGD,AMD,reference,315.71
2000-08-29,SKK,AMD,reference,11.47
2000-08-29,SYP,AMD,reference,12.05
2000-08-29,TAD,AMD,reference,2.799
2000-08-29,TJS,AMD,reference,2.799
2000-08-29,TMM,AMD,reference,0.1043
2000-08-29,TMT,AMD,reference,0.1043
2000-08-29,TRL,AMD,reference,0.00836
2000-08-29,UAH,AMD,reference,99.69
2000-08-29,USD,AMD,reference,542.16
2000-08-29,USM,AMD,reference,19.08
2000-08-30,AED,AMD,reference,147.59
2000-08-30,ARP,AMD,reference,542.07
2000-08-30,ATS,AMD,reference,35.47
2000-08-30,AUD,AMD,reference,311.14
2000-08-30,BEF,AMD,reference,12.101
2000-08-30,BGL,AMD,reference,249.58
2000-08-30,BRC,AMD,reference,296.41
2000-08-30,BYR,AMD,reference,0.606
2000-08-30,CAD,AMD,reference,365.13
2000-08-30,CHF,AMD,reference,316.22
2000-08-30,CNY,AMD,reference,65.45
2000-08-30,CZK,AMD,reference,13.8
2000-08-30,DEM,AMD,reference,249.58
2000-08-30,DKK,AMD,reference,65.43
2000-08-30,EEK,AMD,reference,31.2
2000-08-30,EGP,AMD,reference,152.65
2000-08-30,ESP,AMD,reference,2.934
2000-08-30,EUR,AMD,reference,488.14
2000-08-30,FIM,AMD,reference,82.1
2000-08-30,FRF,AMD,reference,74.42
2000-08-30,GBP,AMD,reference,793.21
2000-08-30,GEL,AMD,reference,276.51
2000-08-30,GRD,AMD,reference,1.445
2000-08-30,HUF,AMD,reference,1.869
2000-08-30,IEP,AMD,reference,619.81
2000-08-30,ILS,AMD,reference,134.28
2000-08-30,INR,AMD,reference,11.84
2000-08-30,IRR,AMD,reference,0.3015
2000-08-30,ISK,AMD,reference,67.31
2000-08-30,ITL,AMD,reference,0.2521
2000-08-30,JPY,AMD,reference,5.085
2000-08-30,KGS,AMD,reference,11.39
2000-08-30,KRW,AMD,reference,0.4864
2000-08-30,KWD,AMD,reference,1761.26
2000-08-30,KZT,AMD,reference,38.01
2000-08-30,LBP,AMD,reference,0.3595
2000-08-30,LTL,AMD,reference,135.49
2000-08-30,LVL,AMD,reference,888.46
2000-08-30,MDL,AMD,reference,43.82
2000-08-30,MXN,AMD,reference,58.82
2000-08-30,NLG,AMD,reference,221.51
2000-08-30,NOK,AMD,reference,60.45
2000-08-30,PLZ,AMD,reference,124.31
2000-08-30,PTE,AMD,reference,2.435
2000-08-30,ROL,AMD,reference,0.02371
2000-08-30,RUB,AMD,reference,19.4
2000-08-30,SAR,AMD,reference,144.5
2000-08-30,SDR,AMD,reference,716.76
2000-08-30,SEK,AMD,reference,57.92
2000-08-30,SGD,AMD,reference,315.41
2000-08-30,SKK,AMD,reference,11.46
2000-08-30,SYP,AMD,reference,12.04
2000-08-30,TAD,AMD,reference,2.768
2000-08-30,TJS,AMD,reference,2.768
2000-08-30,TMM,AMD,reference,0.1042
2000-08-30,TMT,AMD,reference,0.1042
2000-08-30,TRL,AMD,reference,0.00834
2000-08-30,UAH,AMD,reference,99.6
2000-08-30,USD,AMD,reference,541.96
2000-08-30,USM,AMD,reference,19.07
2000-08-31,AED,AMD,reference,147.59
2000-08-31,BGL,AMD,reference,249.58
2000-08-31,BRC,AMD,reference,296.41
2000-08-31,BYR,AMD,reference,0.606
2000-08-31,CAD,AMD,reference,365.13
2000-08-31,CHF,AMD,reference,316.22
2000-08-31,CNY,AMD,reference,65.45
2000-08-31,CZK,AMD,reference,13.8
2000-08-31,EEK,AMD,reference,31.2
2000-08-31,EUR,AMD,reference,484.26
2000-08-31,FIM,AMD,reference,82.1
2000-08-31,FRF,AMD,reference,74.42
2000-08-31,GEL,AMD,reference,276.51
2000-08-31,GRD,AMD,reference,1.445
2000-08-31,HUF,AMD,reference,1.869
2000-08-31,INR,AMD,reference,11.84
2000-08-31,ISK,AMD,reference,67.31
2000-08-31,JPY,AMD,reference,5.085
2000-08-31,KGS,AMD,reference,11.39
2000-08-31,KRW,AMD,reference,0.4864
2000-08-31,KWD,AMD,reference,1761.26
2000-08-31,KZT,AMD,reference,38.01
2000-08-31,LBP,AMD,reference,0.3595
2000-08-31,LTL,AMD,reference,135.49
2000-08-31,LVL,AMD,reference,888.46
2000-08-31,MDL,AMD,reference,43.82
2000-08-31,MXN,AMD,reference,58.82
2000-08-31,NLG,AMD,reference,221.51
2000-08-31,NOK,AMD,reference,60.45
2000-08-31,PLZ,AMD,reference,124.31
2000-08-31,PTE,AMD,reference,2.435
2000-08-31,ROL,AMD,reference,0.02371
2000-08-31,RUB,AMD,reference,19.4
2000-08-31,SAR,AMD,reference,144.5
2000-08-31,SEK,AMD,reference,57.92
2000-08-31,SGD,AMD,reference,315.41
2000-08-31,SKK,AMD,reference,11.46
2000-08-31,SYP,AMD,reference,12.04
2000-08-31,TAD,AMD,reference,2.768
2000-08-31,TJS,AMD,reference,2.768
2000-08-31,TMM,AMD,reference,0.1042
2000-08-31,TMT,AMD,reference,0.1042
2000-08-31,UAH,AMD,reference,99.6
2000-08-31,USD,AMD,reference,540.17
2000-08-31,USM,AMD,reference,19.07
2000-09-01,AED,AMD,reference,146.71
2000-09-01,ARP,AMD,reference,538.82
2000-09-01,ATS,AMD,reference,34.88
2000-09-01,AUD,AMD,reference,309.38
2000-09-01,BEF,AMD,reference,11.897
2000-09-01,BGL,AMD,reference,245.39
2000-09-01,BRC,AMD,reference,295.44
2000-09-01,BYR,AMD,reference,0.592
2000-09-01,CAD,AMD,reference,364.12
2000-09-01,CHF,AMD,reference,309.98
2000-09-01,CNY,AMD,reference,65.07
2000-09-01,CZK,AMD,reference,13.63
2000-09-01,DEM,AMD,reference,245.39
2000-09-01,DKK,AMD,reference,64.66
2000-09-01,EEK,AMD,reference,30.83
2000-09-01,EGP,AMD,reference,150.87
2000-09-01,ESP,AMD,reference,2.884
2000-09-01,EUR,AMD,reference,479.94
2000-09-01,FIM,AMD,reference,80.72
2000-09-01,FRF,AMD,reference,73.17
2000-09-01,GBP,AMD,reference,783.82
2000-09-01,GEL,AMD,reference,274.85
2000-09-01,GRD,AMD,reference,1.417
2000-09-01,HUF,AMD,reference,1.842
2000-09-01,IEP,AMD,reference,609.39
2000-09-01,ILS,AMD,reference,134.41
2000-09-01,INR,AMD,reference,11.76
2000-09-01,IRR,AMD,reference,0.3015
2000-09-01,ISK,AMD,reference,66.72
2000-09-01,ITL,AMD,reference,0.2479
2000-09-01,JPY,AMD,reference,5.063
2000-09-01,KGS,AMD,reference,11.32
2000-09-01,KRW,AMD,reference,0.484
2000-09-01,KWD,AMD,reference,1754.58
2000-09-01,KZT,AMD,reference,37.78
2000-09-01,LBP,AMD,reference,0.3574
2000-09-01,LTL,AMD,reference,134.68
2000-09-01,LVL,AMD,reference,884.08
2000-09-01,MDL,AMD,reference,43.58
2000-09-01,MXN,AMD,reference,58.48
2000-09-01,NLG,AMD,reference,217.79
2000-09-01,NOK,AMD,reference,59.46
2000-09-01,PLZ,AMD,reference,122.96
2000-09-01,PTE,AMD,reference,2.394
2000-09-01,ROL,AMD,reference,0.02345
2000-09-01,RUB,AMD,reference,19.35
2000-09-01,SAR,AMD,reference,143.63
2000-09-01,SDR,AMD,reference,716.76
2000-09-01,SEK,AMD,reference,56.89
2000-09-01,SGD,AMD,reference,313.13
2000-09-01,SKK,AMD,reference,11.28
2000-09-01,SYP,AMD,reference,11.71
2000-09-01,TAD,AMD,reference,2.781
2000-09-01,TJS,AMD,reference,2.781
2000-09-01,TMM,AMD,reference,0.1036
2000-09-01,TMT,AMD,reference,0.1036
2000-09-01,TRL,AMD,reference,0.00827
2000-09-01,UAH,AMD,reference,99.05
2000-09-01,USD,AMD,reference,538.71
2000-09-01,USM,AMD,reference,18.96
2000-09-04,AED,AMD,reference,146.49
2000-09-04,ARP,AMD,reference,538.03
2000-09-04,ATS,AMD,reference,34.82
2000-09-04,AUD,AMD,reference,309.25
2000-09-04,BEF,AMD,reference,11.876
2000-09-04,BGL,AMD,reference,244.95
2000-09-04,BRC,AMD,reference,295.63
2000-09-04,BYR,AMD,reference,0.585
2000-09-04,CAD,AMD,reference,365.39
2000-09-04,CHF,AMD,reference,309.12
2000-09-04,CNY,AMD,reference,64.98
2000-09-04,CZK,AMD,reference,13.55
2000-09-04,DEM,AMD,reference,244.95
2000-09-04,DKK,AMD,reference,64.09
2000-09-04,EEK,AMD,reference,30.58
2000-09-04,EGP,AMD,reference,150.65
2000-09-04,ESP,AMD,reference,2.879
2000-09-04,EUR,AMD,reference,479.07
2000-09-04,FIM,AMD,reference,80.57
2000-09-04,FRF,AMD,reference,73.03
2000-09-04,GBP,AMD,reference,779.82
2000-09-04,GEL,AMD,reference,273.06
2000-09-04,GRD,AMD,reference,1.426
2000-09-04,HUF,AMD,reference,1.828
2000-09-04,IEP,AMD,reference,608.3
2000-09-04,ILS,AMD,reference,134.08
2000-09-04,INR,AMD,reference,11.74
2000-09-04,IRR,AMD,reference,0.3015
2000-09-04,ISK,AMD,reference,66.47
2000-09-04,ITL,AMD,reference,0.2474
2000-09-04,JPY,AMD,reference,5.051
2000-09-04,KGS,AMD,reference,11.3
2000-09-04,KRW,AMD,reference,0.4841
2000-09-04,KWD,AMD,reference,1745.87
2000-09-04,KZT,AMD,reference,37.72
2000-09-04,LBP,AMD,reference,0.3568
2000-09-04,LTL,AMD,reference,134.48
2000-09-04,LVL,AMD,reference,877.52
2000-09-04,MDL,AMD,reference,43.52
2000-09-04,MXN,AMD,reference,58.46
2000-09-04,NLG,AMD,reference,217.39
2000-09-04,NOK,AMD,reference,59.33
2000-09-04,PLZ,AMD,reference,122.02
2000-09-04,PTE,AMD,reference,2.39
2000-09-04,ROL,AMD,reference,0.02337
2000-09-04,RUB,AMD,reference,19.35
2000-09-04,SAR,AMD,reference,143.42
2000-09-04,SDR,AMD,reference,716.76
2000-09-04,SEK,AMD,reference,56.92
2000-09-04,SGD,AMD,reference,312.87
2000-09-04,SKK,AMD,reference,11.26
2000-09-04,SYP,AMD,reference,11.95
2000-09-04,TAD,AMD,reference,2.777
2000-09-04,TJS,AMD,reference,2.777
2000-09-04,TMM,AMD,reference,0.1034
2000-09-04,TMT,AMD,reference,0.1034
2000-09-04,TRL,AMD,reference,0.00823
2000-09-04,UAH,AMD,reference,98.91
2000-09-04,USD,AMD,reference,537.92
2000-09-04,USM,AMD,reference,18.93
2000-09-05,AED,AMD,reference,146.85
2000-09-05,ARP,AMD,reference,539.64
2000-09-05,ATS,AMD,reference,34.89
2000-09-05,AUD,AMD,reference,310.82
2000-09-05,BEF,AMD,reference,11.9
2000-09-05,BGL,AMD,reference,245.44
2000-09-05,BRC,AMD,reference,295.73
2000-09-05,BYR,AMD,reference,0.58
2000-09-05,CAD,AMD,reference,365.96
2000-09-05,CHF,AMD,reference,309.7
2000-09-05,CNY,AMD,reference,65.14
2000-09-05,CZK,AMD,reference,13.73
2000-09-05,DEM,AMD,reference,245.44
2000-09-05,DKK,AMD,reference,65.11
2000-09-05,EEK,AMD,reference,31.05
2000-09-05,EGP,AMD,reference,151.3
2000-09-05,ESP,AMD,reference,2.885
2000-09-05,EUR,AMD,reference,480.03
2000-09-05,FIM,AMD,reference,80.74
2000-09-05,FRF,AMD,reference,73.18
2000-09-05,GBP,AMD,reference,789.02
2000-09-05,GEL,AMD,reference,273.73
2000-09-05,GRD,AMD,reference,1.42
2000-09-05,HUF,AMD,reference,1.859
2000-09-05,IEP,AMD,reference,609.51
2000-09-05,ILS,AMD,reference,134.41
2000-09-05,INR,AMD,reference,11.79
2000-09-05,IRR,AMD,reference,0.3015
2000-09-05,ISK,AMD,reference,66.94
2000-09-05,ITL,AMD,reference,0.2479
2000-09-05,JPY,AMD,reference,5.094
2000-09-05,KGS,AMD,reference,11.21
2000-09-05,KRW,AMD,reference,0.4861
2000-09-05,KWD,AMD,reference,1751.45
2000-09-05,KZT,AMD,reference,37.81
2000-09-05,LBP,AMD,reference,0.3577
2000-09-05,LTL,AMD,reference,134.81
2000-09-05,LVL,AMD,reference,878.24
2000-09-05,MDL,AMD,reference,43.63
2000-09-05,MXN,AMD,reference,58.55
2000-09-05,NLG,AMD,reference,217.83
2000-09-05,NOK,AMD,reference,59.46
2000-09-05,PLZ,AMD,reference,123.47
2000-09-05,PTE,AMD,reference,2.394
2000-09-05,ROL,AMD,reference,0.02337
2000-09-05,RUB,AMD,reference,19.35
2000-09-05,SAR,AMD,reference,143.77
2000-09-05,SDR,AMD,reference,716.76
2000-09-05,SEK,AMD,reference,57.29
2000-09-05,SGD,AMD,reference,313.25
2000-09-05,SKK,AMD,reference,11.36
2000-09-05,SYP,AMD,reference,11.98
2000-09-05,TAD,AMD,reference,2.784
2000-09-05,TJS,AMD,reference,2.784
2000-09-05,TMM,AMD,reference,0.1037
2000-09-05,TMT,AMD,reference,0.1037
2000-09-05,TRL,AMD,reference,0.00826
2000-09-05,UAH,AMD,reference,99.15
2000-09-05,USD,AMD,reference,539.24
2000-09-05,USM,AMD,reference,18.98
2000-09-06,AED,AMD,reference,146.97
2000-09-06,ARP,AMD,reference,540.08
2000-09-06,ATS,AMD,reference,35.3
2000-09-06,AUD,AMD,reference,309.88
2000-09-06,BEF,AMD,reference,12.04
2000-09-06,BGL,AMD,reference,248.34
2000-09-06,BRC,AMD,reference,295.97
2000-09-06,BYR,AMD,reference,0.574
2000-09-06,CAD,AMD,reference,366.26
2000-09-06,CHF,AMD,reference,312.72
2000-09-06,CNY,AMD,reference,65.19
2000-09-06,CZK,AMD,reference,13.63
2000-09-06,DEM,AMD,reference,248.34
2000-09-06,DKK,AMD,reference,64.57
2000-09-06,EEK,AMD,reference,31.07
2000-09-06,EGP,AMD,reference,151.59
2000-09-06,ESP,AMD,reference,2.919
2000-09-06,EUR,AMD,reference,485.71
2000-09-06,FIM,AMD,reference,81.69
2000-09-06,FRF,AMD,reference,74.05
2000-09-06,GBP,AMD,reference,784.91
2000-09-06,GEL,AMD,reference,273.95
2000-09-06,GRD,AMD,reference,1.44
2000-09-06,HUF,AMD,reference,1.846
2000-09-06,IEP,AMD,reference,616.73
2000-09-06,ILS,AMD,reference,134.18
2000-09-06,INR,AMD,reference,11.8
2000-09-06,IRR,AMD,reference,0.3015
2000-09-06,ISK,AMD,reference,66.99
2000-09-06,ITL,AMD,reference,0.2508
2000-09-06,JPY,AMD,reference,5.077
2000-09-06,KGS,AMD,reference,11.22
2000-09-06,KRW,AMD,reference,0.4876
2000-09-06,KWD,AMD,reference,1753.74
2000-09-06,KZT,AMD,reference,37.85
2000-09-06,LBP,AMD,reference,0.358
2000-09-06,LTL,AMD,reference,134.92
2000-09-06,LVL,AMD,reference,884.72
2000-09-06,MDL,AMD,reference,43.65
2000-09-06,MXN,AMD,reference,58.6
2000-09-06,NLG,AMD,reference,220.41
2000-09-06,NOK,AMD,reference,60.1
2000-09-06,PLZ,AMD,reference,124.41
2000-09-06,PTE,AMD,reference,2.423
2000-09-06,ROL,AMD,reference,0.02332
2000-09-06,RUB,AMD,reference,19.35
2000-09-06,SAR,AMD,reference,143.89
2000-09-06,SDR,AMD,reference,716.76
2000-09-06,SEK,AMD,reference,57.86
2000-09-06,SGD,AMD,reference,312.87
2000-09-06,SKK,AMD,reference,11.28
2000-09-06,SYP,AMD,reference,11.73
2000-09-06,TAD,AMD,reference,2.786
2000-09-06,TJS,AMD,reference,2.786
2000-09-06,TMM,AMD,reference,0.1038
2000-09-06,TMT,AMD,reference,0.1038
2000-09-06,TRL,AMD,reference,0.00828
2000-09-06,UAH,AMD,reference,99.23
2000-09-06,USD,AMD,reference,539.68
2000-09-06,USM,AMD,reference,18.99
2000-09-07,AED,AMD,reference,147.11
2000-09-07,ARP,AMD,reference,540.31
2000-09-07,ATS,AMD,reference,34.88
2000-09-07,AUD,AMD,reference,306.4
2000-09-07,BEF,AMD,reference,11.899
2000-09-07,BGL,AMD,reference,245.43
2000-09-07,BRC,AMD,reference,295.67
2000-09-07,BYR,AMD,reference,0.569
2000-09-07,CAD,AMD,reference,366.11
2000-09-07,CHF,AMD,reference,309.89
2000-09-07,CNY,AMD,reference,65.25
2000-09-07,CZK,AMD,reference,13.52
2000-09-07,DEM,AMD,reference,245.43
2000-09-07,DKK,AMD,reference,63.95
2000-09-07,EEK,AMD,reference,30.81
2000-09-07,EGP,AMD,reference,151.9
2000-09-07,ESP,AMD,reference,2.885
2000-09-07,EUR,AMD,reference,480.02
2000-09-07,FIM,AMD,reference,80.73
2000-09-07,FRF,AMD,reference,73.18
2000-09-07,GBP,AMD,reference,783.72
2000-09-07,GEL,AMD,reference,275.61
2000-09-07,GRD,AMD,reference,1.426
2000-09-07,HUF,AMD,reference,1.82
2000-09-07,IEP,AMD,reference,609.5
2000-09-07,ILS,AMD,reference,134.41
2000-09-07,INR,AMD,reference,11.83
2000-09-07,IRR,AMD,reference,0.3015
2000-09-07,ISK,AMD,reference,65.91
2000-09-07,ITL,AMD,reference,0.2479
2000-09-07,JPY,AMD,reference,5.11
2000-09-07,KGS,AMD,reference,11.23
2000-09-07,KRW,AMD,reference,0.4881
2000-09-07,KWD,AMD,reference,1753.38
2000-09-07,KZT,AMD,reference,37.88
2000-09-07,LBP,AMD,reference,0.3583
2000-09-07,LTL,AMD,reference,135.05
2000-09-07,LVL,AMD,reference,882.68
2000-09-07,MDL,AMD,reference,43.72
2000-09-07,MXN,AMD,reference,58.36
2000-09-07,NLG,AMD,reference,217.82
2000-09-07,NOK,AMD,reference,59.45
2000-09-07,PLZ,AMD,reference,123.82
2000-09-07,PTE,AMD,reference,2.394
2000-09-07,ROL,AMD,reference,0.02324
2000-09-07,RUB,AMD,reference,19.35
2000-09-07,SAR,AMD,reference,144.03
2000-09-07,SDR,AMD,reference,716.76
2000-09-07,SEK,AMD,reference,57.3
2000-09-07,SGD,AMD,reference,312.53
2000-09-07,SKK,AMD,reference,11.19
2000-09-07,SYP,AMD,reference,11.74
2000-09-07,TAD,AMD,reference,2.789
2000-09-07,TJS,AMD,reference,2.789
2000-09-07,TMM,AMD,reference,0.1039
2000-09-07,TMT,AMD,reference,0.1039
2000-09-07,TRL,AMD,reference,0.00824
2000-09-07,UAH,AMD,reference,99.33
2000-09-07,USD,AMD,reference,540.2
2000-09-07,USM,AMD,reference,19.01
2000-09-08,AED,AMD,reference,147.58
2000-09-08,ARP,AMD,reference,542.03
2000-09-08,ATS,AMD,reference,34.73
2000-09-08,AUD,AMD,reference,305.75
2000-09-08,BEF,AMD,reference,11.846
2000-09-08,BGL,AMD,reference,246.21
2000-09-08,BRC,AMD,reference,297.59
2000-09-08,BYR,AMD,reference,0.565
2000-09-08,CAD,AMD,reference,365.27
2000-09-08,CHF,AMD,reference,308.66
2000-09-08,CNY,AMD,reference,65.46
2000-09-08,CZK,AMD,reference,13.3
2000-09-08,DEM,AMD,reference,244.33
2000-09-08,DKK,AMD,reference,62.89
2000-09-08,EEK,AMD,reference,30.58
2000-09-08,EGP,AMD,reference,151.65
2000-09-08,ESP,AMD,reference,2.872
2000-09-08,EUR,AMD,reference,477.87
2000-09-08,FIM,AMD,reference,80.37
2000-09-08,FRF,AMD,reference,72.85
2000-09-08,GBP,AMD,reference,778.63
2000-09-08,GEL,AMD,reference,276.49
2000-09-08,GRD,AMD,reference,1.415
2000-09-08,HUF,AMD,reference,1.794
2000-09-08,IEP,AMD,reference,606.76
2000-09-08,ILS,AMD,reference,134.5
2000-09-08,INR,AMD,reference,11.87
2000-09-08,IRR,AMD,reference,0.3015
2000-09-08,ISK,AMD,reference,65.49
2000-09-08,ITL,AMD,reference,0.2468
2000-09-08,JPY,AMD,reference,5.107
2000-09-08,KGS,AMD,reference,11.27
2000-09-08,KRW,AMD,reference,0.4904
2000-09-08,KWD,AMD,reference,1758.15
2000-09-08,KZT,AMD,reference,38
2000-09-08,LBP,AMD,reference,0.3595
2000-09-08,LTL,AMD,reference,135.48
2000-09-08,LVL,AMD,reference,882.61
2000-09-08,MDL,AMD,reference,43.87
2000-09-08,MXN,AMD,reference,58.19
2000-09-08,NLG,AMD,reference,216.85
2000-09-08,NOK,AMD,reference,59.35
2000-09-08,PLZ,AMD,reference,122.47
2000-09-08,PTE,AMD,reference,2.384
2000-09-08,ROL,AMD,reference,0.02326
2000-09-08,RUB,AMD,reference,19.44
2000-09-08,SAR,AMD,reference,144.49
2000-09-08,SDR,AMD,reference,716.76
2000-09-08,SEK,AMD,reference,56.81
2000-09-08,SGD,AMD,reference,313.01
2000-09-08,SKK,AMD,reference,11.01
2000-09-08,SYP,AMD,reference,12.04
2000-09-08,TAD,AMD,reference,2.798
2000-09-08,TJS,AMD,reference,2.798
2000-09-08,TMM,AMD,reference,0.1042
2000-09-08,TMT,AMD,reference,0.1042
2000-09-08,TRL,AMD,reference,0.00822
2000-09-08,UAH,AMD,reference,99.64
2000-09-08,USD,AMD,reference,541.92
2000-09-08,USM,AMD,reference,19.07
2000-09-11,AED,AMD,reference,148.02
2000-09-11,ARP,AMD,reference,543.63
2000-09-11,ATS,AMD,reference,34.27
2000-09-11,AUD,AMD,reference,304.37
2000-09-11,BEF,AMD,reference,11.69
2000-09-11,BGL,AMD,reference,241.1
2000-09-11,BRC,AMD,reference,298.56
2000-09-11,BYR,AMD,reference,0.56
2000-09-11,CAD,AMD,reference,367.86
2000-09-11,CHF,AMD,reference,304.86
2000-09-11,CNY,AMD,reference,65.65
2000-09-11,CZK,AMD,reference,13.41
2000-09-11,DEM,AMD,reference,241.1
2000-09-11,DKK,AMD,reference,63.5
2000-09-11,EEK,AMD,reference,30.18
2000-09-11,EGP,AMD,reference,152.1
2000-09-11,ESP,AMD,reference,2.834
2000-09-11,EUR,AMD,reference,471.56
2000-09-11,FIM,AMD,reference,79.31
2000-09-11,FRF,AMD,reference,71.89
2000-09-11,GBP,AMD,reference,772.83
2000-09-11,GEL,AMD,reference,277.31
2000-09-11,GRD,AMD,reference,1.396
2000-09-11,HUF,AMD,reference,1.814
2000-09-11,IEP,AMD,reference,598.76
2000-09-11,ILS,AMD,reference,134.9
2000-09-11,INR,AMD,reference,11.91
2000-09-11,IRR,AMD,reference,0.3015
2000-09-11,ISK,AMD,reference,65.68
2000-09-11,ITL,AMD,reference,0.2435
2000-09-11,JPY,AMD,reference,5.159
2000-09-11,KGS,AMD,reference,11.3
2000-09-11,KRW,AMD,reference,0.4919
2000-09-11,KWD,AMD,reference,1762.69
2000-09-11,KZT,AMD,reference,38.12
2000-09-11,LBP,AMD,reference,0.3605
2000-09-11,LTL,AMD,reference,135.88
2000-09-11,LVL,AMD,reference,880.91
2000-09-11,MDL,AMD,reference,43.99
2000-09-11,MXN,AMD,reference,58.38
2000-09-11,NLG,AMD,reference,213.98
2000-09-11,NOK,AMD,reference,58.83
2000-09-11,PLZ,AMD,reference,123.08
2000-09-11,PTE,AMD,reference,2.352
2000-09-11,ROL,AMD,reference,0.02329
2000-09-11,RUB,AMD,reference,19.44
2000-09-11,SAR,AMD,reference,144.91
2000-09-11,SDR,AMD,reference,716.76
2000-09-11,SEK,AMD,reference,56.47
2000-09-11,SGD,AMD,reference,314.09
2000-09-11,SKK,AMD,reference,11.13
2000-09-11,SYP,AMD,reference,12.08
2000-09-11,TAD,AMD,reference,2.806
2000-09-11,TJS,AMD,reference,2.806
2000-09-11,TMM,AMD,reference,0.1045
2000-09-11,TMT,AMD,reference,0.1045
2000-09-11,TRL,AMD,reference,0.00822
2000-09-11,UAH,AMD,reference,99.93
2000-09-11,USD,AMD,reference,543.52
2000-09-11,USM,AMD,reference,19.13
2000-09-12,AED,AMD,reference,148.02
2000-09-12,ARP,AMD,reference,543.85
2000-09-12,ATS,AMD,reference,34.5
2000-09-12,AUD,AMD,reference,303.77
2000-09-12,BEF,AMD,reference,11.769
2000-09-12,BGL,AMD,reference,242.74
2000-09-12,BRC,AMD,reference,298.41
2000-09-12,BYR,AMD,reference,0.56
2000-09-12,CAD,AMD,reference,367.81
2000-09-12,CHF,AMD,reference,306.5
2000-09-12,CNY,AMD,reference,65.65
2000-09-12,CZK,AMD,reference,13.26
2000-09-12,DEM,AMD,reference,242.74
2000-09-12,DKK,AMD,reference,62.75
2000-09-12,EEK,AMD,reference,29.83
2000-09-12,EGP,AMD,reference,151.84
2000-09-12,ESP,AMD,reference,2.853
2000-09-12,EUR,AMD,reference,474.76
2000-09-12,FIM,AMD,reference,79.85
2000-09-12,FRF,AMD,reference,72.38
2000-09-12,GBP,AMD,reference,767.07
2000-09-12,GEL,AMD,reference,277.31
2000-09-12,GRD,AMD,reference,1.402
2000-09-12,HUF,AMD,reference,1.79
2000-09-12,IEP,AMD,reference,602.83
2000-09-12,ILS,AMD,reference,134.9
2000-09-12,INR,AMD,reference,11.91
2000-09-12,IRR,AMD,reference,0.3015
2000-09-12,ISK,AMD,reference,65.11
2000-09-12,ITL,AMD,reference,0.2452
2000-09-12,JPY,AMD,reference,5.118
2000-09-12,KGS,AMD,reference,11.08
2000-09-12,KRW,AMD,reference,0.4914
2000-09-12,KWD,AMD,reference,1762.04
2000-09-12,KZT,AMD,reference,38.09
2000-09-12,LBP,AMD,reference,0.3605
2000-09-12,LTL,AMD,reference,135.88
2000-09-12,LVL,AMD,reference,882.34
2000-09-12,MDL,AMD,reference,44
2000-09-12,MXN,AMD,reference,58.3
2000-09-12,NLG,AMD,reference,215.44
2000-09-12,NOK,AMD,reference,59.06
2000-09-12,PLZ,AMD,reference,122.79
2000-09-12,PTE,AMD,reference,2.368
2000-09-12,ROL,AMD,reference,0.02326
2000-09-12,RUB,AMD,reference,19.44
2000-09-12,SAR,AMD,reference,144.91
2000-09-12,SDR,AMD,reference,716.76
2000-09-12,SEK,AMD,reference,56.75
2000-09-12,SGD,AMD,reference,313.15
2000-09-12,SKK,AMD,reference,11
2000-09-12,SYP,AMD,reference,12.08
2000-09-12,TAD,AMD,reference,2.806
2000-09-12,TJS,AMD,reference,2.806
2000-09-12,TMM,AMD,reference,0.1045
2000-09-12,TMT,AMD,reference,0.1045
2000-09-12,TRL,AMD,reference,0.00821
2000-09-12,UAH,AMD,reference,99.93
2000-09-12,USD,AMD,reference,543.52
2000-09-12,USM,AMD,reference,19.13
2000-09-13,AED,AMD,reference,147.96
2000-09-13,ARP,AMD,reference,543.43
2000-09-13,ATS,AMD,reference,33.99
2000-09-13,AUD,AMD,reference,302.79
2000-09-13,BEF,AMD,reference,11.595
2000-09-13,BGL,AMD,reference,239.15
2000-09-13,BRC,AMD,reference,298.77
2000-09-13,BYR,AMD,reference,0.543
2000-09-13,CAD,AMD,reference,367.13
2000-09-13,CHF,AMD,reference,305.76
2000-09-13,CNY,AMD,reference,65.63
2000-09-13,CZK,AMD,reference,13.24
2000-09-13,DEM,AMD,reference,239.15
2000-09-13,DKK,AMD,reference,62.73
2000-09-13,EEK,AMD,reference,29.82
2000-09-13,EGP,AMD,reference,151.01
2000-09-13,ESP,AMD,reference,2.811
2000-09-13,EUR,AMD,reference,467.74
2000-09-13,FIM,AMD,reference,78.67
2000-09-13,FRF,AMD,reference,71.31
2000-09-13,GBP,AMD,reference,761.19
2000-09-13,GEL,AMD,reference,277.2
2000-09-13,GRD,AMD,reference,1.378
2000-09-13,HUF,AMD,reference,1.787
2000-09-13,IEP,AMD,reference,593.91
2000-09-13,ILS,AMD,reference,134.69
2000-09-13,INR,AMD,reference,11.91
2000-09-13,IRR,AMD,reference,0.3015
2000-09-13,ISK,AMD,reference,65.08
2000-09-13,ITL,AMD,reference,0.2416
2000-09-13,JPY,AMD,reference,5.115
2000-09-13,KGS,AMD,reference,11.08
2000-09-13,KRW,AMD,reference,0.4912
2000-09-13,KWD,AMD,reference,1761.28
2000-09-13,KZT,AMD,reference,38.07
2000-09-13,LBP,AMD,reference,0.3604
2000-09-13,LTL,AMD,reference,135.83
2000-09-13,LVL,AMD,reference,879.16
2000-09-13,MDL,AMD,reference,43.95
2000-09-13,MXN,AMD,reference,58.56
2000-09-13,NLG,AMD,reference,212.25
2000-09-13,NOK,AMD,reference,58.29
2000-09-13,PLZ,AMD,reference,122
2000-09-13,PTE,AMD,reference,2.333
2000-09-13,ROL,AMD,reference,0.0232
2000-09-13,RUB,AMD,reference,19.44
2000-09-13,SAR,AMD,reference,144.86
2000-09-13,SDR,AMD,reference,716.76
2000-09-13,SEK,AMD,reference,55.83
2000-09-13,SGD,AMD,reference,313.03
2000-09-13,SKK,AMD,reference,10.92
2000-09-13,SYP,AMD,reference,12.07
2000-09-13,TAD,AMD,reference,2.805
2000-09-13,TJS,AMD,reference,2.805
2000-09-13,TMM,AMD,reference,0.1045
2000-09-13,TMT,AMD,reference,0.1045
2000-09-13,TRL,AMD,reference,0.00816
2000-09-13,UAH,AMD,reference,99.89
2000-09-13,USD,AMD,reference,543.32
2000-09-13,USM,AMD,reference,19.12
2000-09-14,AED,AMD,reference,147.67
2000-09-14,ARP,AMD,reference,542.35
2000-09-14,ATS,AMD,reference,33.94
2000-09-14,AUD,AMD,reference,300.51
2000-09-14,BEF,AMD,reference,11.579
2000-09-14,BGL,AMD,reference,238.82
2000-09-14,BRC,AMD,reference,296.88
2000-09-14,BYR,AMD,reference,0.537
2000-09-14,CAD,AMD,reference,366.11
2000-09-14,CHF,AMD,reference,306.93
2000-09-14,CNY,AMD,reference,65.51
2000-09-14,CZK,AMD,reference,13.23
2000-09-14,DEM,AMD,reference,238.82
2000-09-14,DKK,AMD,reference,62.87
2000-09-14,EEK,AMD,reference,29.86
2000-09-14,EGP,AMD,reference,152.05
2000-09-14,ESP,AMD,reference,2.807
2000-09-14,EUR,AMD,reference,467.09
2000-09-14,FIM,AMD,reference,78.56
2000-09-14,FRF,AMD,reference,71.21
2000-09-14,GBP,AMD,reference,763.31
2000-09-14,GEL,AMD,reference,276.65
2000-09-14,GRD,AMD,reference,1.382
2000-09-14,HUF,AMD,reference,1.792
2000-09-14,IEP,AMD,reference,593.08
2000-09-14,ILS,AMD,reference,134.02
2000-09-14,INR,AMD,reference,11.88
2000-09-14,IRR,AMD,reference,0.3015
2000-09-14,ISK,AMD,reference,65.05
2000-09-14,ITL,AMD,reference,0.2412
2000-09-14,JPY,AMD,reference,5.063
2000-09-14,KGS,AMD,reference,11.06
2000-09-14,KRW,AMD,reference,0.4902
2000-09-14,KWD,AMD,reference,1757.78
2000-09-14,KZT,AMD,reference,38
2000-09-14,LBP,AMD,reference,0.3597
2000-09-14,LTL,AMD,reference,135.56
2000-09-14,LVL,AMD,reference,873.17
2000-09-14,MDL,AMD,reference,43.88
2000-09-14,MXN,AMD,reference,58.65
2000-09-14,NLG,AMD,reference,211.95
2000-09-14,NOK,AMD,reference,58.53
2000-09-14,PLZ,AMD,reference,120.72
2000-09-14,PTE,AMD,reference,2.33
2000-09-14,ROL,AMD,reference,0.02308
2000-09-14,RUB,AMD,reference,19.5
2000-09-14,SAR,AMD,reference,144.57
2000-09-14,SDR,AMD,reference,716.76
2000-09-14,SEK,AMD,reference,55.68
2000-09-14,SGD,AMD,reference,311.47
2000-09-14,SKK,AMD,reference,10.93
2000-09-14,SYP,AMD,reference,12.05
2000-09-14,TAD,AMD,reference,2.799
2000-09-14,TJS,AMD,reference,2.799
2000-09-14,TMM,AMD,reference,0.1043
2000-09-14,TMT,AMD,reference,0.1043
2000-09-14,TRL,AMD,reference,0.00815
2000-09-14,UAH,AMD,reference,99.69
2000-09-14,USD,AMD,reference,542.24
2000-09-14,USM,AMD,reference,19.08
2000-09-15,AED,AMD,reference,147.24
2000-09-15,ARP,AMD,reference,540.78
2000-09-15,ATS,AMD,reference,34
2000-09-15,AUD,AMD,reference,297.26
2000-09-15,BEF,AMD,reference,11.599
2000-09-15,BGL,AMD,reference,239.23
2000-09-15,BRC,AMD,reference,294.81
2000-09-15,BYR,AMD,reference,0.53
2000-09-15,CAD,AMD,reference,364.46
2000-09-15,CHF,AMD,reference,306.09
2000-09-15,CNY,AMD,reference,65.32
2000-09-15,CZK,AMD,reference,13.25
2000-09-15,DEM,AMD,reference,239.23
2000-09-15,DKK,AMD,reference,63.07
2000-09-15,EEK,AMD,reference,30.08
2000-09-15,EGP,AMD,reference,150.45
2000-09-15,ESP,AMD,reference,2.812
2000-09-15,EUR,AMD,reference,467.9
2000-09-15,FIM,AMD,reference,78.69
2000-09-15,FRF,AMD,reference,71.33
2000-09-15,GBP,AMD,reference,763.8
2000-09-15,GEL,AMD,reference,275.85
2000-09-15,GRD,AMD,reference,1.381
2000-09-15,HUF,AMD,reference,1.796
2000-09-15,IEP,AMD,reference,594.11
2000-09-15,ILS,AMD,reference,133.73
2000-09-15,INR,AMD,reference,11.84
2000-09-15,IRR,AMD,reference,0.3015
2000-09-15,ISK,AMD,reference,64.95
2000-09-15,ITL,AMD,reference,0.2416
2000-09-15,JPY,AMD,reference,5.051
2000-09-15,KGS,AMD,reference,11.02
2000-09-15,KRW,AMD,reference,0.4875
2000-09-15,KWD,AMD,reference,1751.61
2000-09-15,KZT,AMD,reference,37.89
2000-09-15,LBP,AMD,reference,0.3587
2000-09-15,LTL,AMD,reference,135.17
2000-09-15,LVL,AMD,reference,870.64
2000-09-15,MDL,AMD,reference,43.73
2000-09-15,MXN,AMD,reference,58.24
2000-09-15,NLG,AMD,reference,212.32
2000-09-15,NOK,AMD,reference,58.17
2000-09-15,PLZ,AMD,reference,120.07
2000-09-15,PTE,AMD,reference,2.334
2000-09-15,ROL,AMD,reference,0.02294
2000-09-15,RUB,AMD,reference,19.5
2000-09-15,SAR,AMD,reference,144.16
2000-09-15,SDR,AMD,reference,716.76
2000-09-15,SEK,AMD,reference,55.59
2000-09-15,SGD,AMD,reference,310.23
2000-09-15,SKK,AMD,reference,10.97
2000-09-15,SYP,AMD,reference,12.01
2000-09-15,TAD,AMD,reference,2.791
2000-09-15,TJS,AMD,reference,2.791
2000-09-15,TMM,AMD,reference,0.104
2000-09-15,TMT,AMD,reference,0.104
2000-09-15,TRL,AMD,reference,0.00813
2000-09-15,UAH,AMD,reference,99.41
2000-09-15,USD,AMD,reference,540.67
2000-09-15,USM,AMD,reference,19.03
2000-09-18,AED,AMD,reference,147.01
2000-09-18,ARP,AMD,reference,539.93
2000-09-18,ATS,AMD,reference,34.1
2000-09-18,AUD,AMD,reference,296.9
2000-09-18,BEF,AMD,reference,11.633
2000-09-18,BGL,AMD,reference,239.93
2000-09-18,BRC,AMD,reference,294.66
2000-09-18,BYR,AMD,reference,0.529
2000-09-18,CAD,AMD,reference,363.15
2000-09-18,CHF,AMD,reference,307.41
2000-09-18,CNY,AMD,reference,65.22
2000-09-18,CZK,AMD,reference,13.15
2000-09-18,DEM,AMD,reference,239.93
2000-09-18,DKK,AMD,reference,62.58
2000-09-18,EEK,AMD,reference,30.03
2000-09-18,EGP,AMD,reference,150.21
2000-09-18,ESP,AMD,reference,2.82
2000-09-18,EUR,AMD,reference,469.27
2000-09-18,FIM,AMD,reference,78.92
2000-09-18,FRF,AMD,reference,71.54
2000-09-18,GBP,AMD,reference,761.25
2000-09-18,GEL,AMD,reference,275.42
2000-09-18,GRD,AMD,reference,1.385
2000-09-18,HUF,AMD,reference,1.785
2000-09-18,IEP,AMD,reference,595.84
2000-09-18,ILS,AMD,reference,133.65
2000-09-18,INR,AMD,reference,11.8
2000-09-18,IRR,AMD,reference,0.3015
2000-09-18,ISK,AMD,reference,64.56
2000-09-18,ITL,AMD,reference,0.2424
2000-09-18,JPY,AMD,reference,5.043
2000-09-18,KGS,AMD,reference,11.01
2000-09-18,KRW,AMD,reference,0.4868
2000-09-18,KWD,AMD,reference,1748.15
2000-09-18,KZT,AMD,reference,37.83
2000-09-18,LBP,AMD,reference,0.3581
2000-09-18,LTL,AMD,reference,134.96
2000-09-18,LVL,AMD,reference,867.88
2000-09-18,MDL,AMD,reference,43.68
2000-09-18,MXN,AMD,reference,58.03
2000-09-18,NLG,AMD,reference,212.94
2000-09-18,NOK,AMD,reference,58.36
2000-09-18,PLZ,AMD,reference,120.3
2000-09-18,PTE,AMD,reference,2.341
2000-09-18,ROL,AMD,reference,0.02285
2000-09-18,RUB,AMD,reference,19.5
2000-09-18,SAR,AMD,reference,143.93
2000-09-18,SDR,AMD,reference,716.76
2000-09-18,SEK,AMD,reference,55.77
2000-09-18,SGD,AMD,reference,310.69
2000-09-18,SKK,AMD,reference,10.95
2000-09-18,SYP,AMD,reference,12
2000-09-18,TAD,AMD,reference,2.787
2000-09-18,TJS,AMD,reference,2.787
2000-09-18,TMM,AMD,reference,0.1038
2000-09-18,TMT,AMD,reference,0.1038
2000-09-18,TRL,AMD,reference,0.00812
2000-09-18,UAH,AMD,reference,99.26
2000-09-18,USD,AMD,reference,539.82
2000-09-18,USM,AMD,reference,19
2000-09-19,AED,AMD,reference,146.86
2000-09-19,ARP,AMD,reference,539.82
2000-09-19,ATS,AMD,reference,33.76
2000-09-19,AUD,AMD,reference,293.47
2000-09-19,BEF,AMD,reference,11.517
2000-09-19,BGL,AMD,reference,237.54
2000-09-19,BRC,AMD,reference,292.36
2000-09-19,BYR,AMD,reference,0.527
2000-09-19,CAD,AMD,reference,363.32
2000-09-19,CHF,AMD,reference,304.09
2000-09-19,CNY,AMD,reference,65.15
2000-09-19,CZK,AMD,reference,12.93
2000-09-19,DEM,AMD,reference,237.54
2000-09-19,DKK,AMD,reference,61.71
2000-09-19,EEK,AMD,reference,29.48
2000-09-19,EGP,AMD,reference,150.12
2000-09-19,ESP,AMD,reference,2.792
2000-09-19,EUR,AMD,reference,464.58
2000-09-19,FIM,AMD,reference,78.14
2000-09-19,FRF,AMD,reference,70.82
2000-09-19,GBP,AMD,reference,754.28
2000-09-19,GEL,AMD,reference,275.14
2000-09-19,GRD,AMD,reference,1.376
2000-09-19,HUF,AMD,reference,1.763
2000-09-19,IEP,AMD,reference,589.9
2000-09-19,ILS,AMD,reference,133.52
2000-09-19,INR,AMD,reference,11.76
2000-09-19,IRR,AMD,reference,0.3015
2000-09-19,ISK,AMD,reference,63.89
2000-09-19,ITL,AMD,reference,0.2399
2000-09-19,JPY,AMD,reference,5.041
2000-09-19,KGS,AMD,reference,11.09
2000-09-19,KRW,AMD,reference,0.4843
2000-09-19,KWD,AMD,reference,1746.75
2000-09-19,KZT,AMD,reference,37.79
2000-09-19,LBP,AMD,reference,0.3577
2000-09-19,LTL,AMD,reference,134.82
2000-09-19,LVL,AMD,reference,866.99
2000-09-19,MDL,AMD,reference,43.66
2000-09-19,MXN,AMD,reference,57.62
2000-09-19,NLG,AMD,reference,210.82
2000-09-19,NOK,AMD,reference,57.94
2000-09-19,PLZ,AMD,reference,118.72
2000-09-19,PTE,AMD,reference,2.317
2000-09-19,ROL,AMD,reference,0.02278
2000-09-19,RUB,AMD,reference,19.5
2000-09-19,SAR,AMD,reference,143.79
2000-09-19,SDR,AMD,reference,716.76
2000-09-19,SEK,AMD,reference,55.36
2000-09-19,SGD,AMD,reference,308.82
2000-09-19,SKK,AMD,reference,10.75
2000-09-19,SYP,AMD,reference,11.98
2000-09-19,TAD,AMD,reference,2.784
2000-09-19,TJS,AMD,reference,2.784
2000-09-19,TMM,AMD,reference,0.1037
2000-09-19,TMT,AMD,reference,0.1037
2000-09-19,TRL,AMD,reference,0.00809
2000-09-19,UAH,AMD,reference,99.15
2000-09-19,USD,AMD,reference,539.27
2000-09-19,USM,AMD,reference,18.98
2000-09-20,AED,AMD,reference,146.76
2000-09-20,ARP,AMD,reference,539.01
2000-09-20,ATS,AMD,reference,33.39
2000-09-20,AUD,AMD,reference,292.73
2000-09-20,BEF,AMD,reference,11.39
2000-09-20,BGL,AMD,reference,234.92
2000-09-20,BRC,AMD,reference,290.06
2000-09-20,BYR,AMD,reference,0.526
2000-09-20,CAD,AMD,reference,361.9
2000-09-20,CHF,AMD,reference,301.59
2000-09-20,CNY,AMD,reference,65.1
2000-09-20,CZK,AMD,reference,12.94
2000-09-20,DEM,AMD,reference,234.92
2000-09-20,DKK,AMD,reference,61.52
2000-09-20,EEK,AMD,reference,29.46
2000-09-20,EGP,AMD,reference,151.2
2000-09-20,ESP,AMD,reference,2.761
2000-09-20,EUR,AMD,reference,459.47
2000-09-20,FIM,AMD,reference,77.28
2000-09-20,FRF,AMD,reference,70.05
2000-09-20,GBP,AMD,reference,755.38
2000-09-20,GEL,AMD,reference,274.95
2000-09-20,GRD,AMD,reference,1.36
2000-09-20,HUF,AMD,reference,1.752
2000-09-20,IEP,AMD,reference,583.4
2000-09-20,ILS,AMD,reference,132.96
2000-09-20,INR,AMD,reference,11.66
2000-09-20,IRR,AMD,reference,0.3015
2000-09-20,ISK,AMD,reference,63.54
2000-09-20,ITL,AMD,reference,0.2373
2000-09-20,JPY,AMD,reference,5.04
2000-09-20,KGS,AMD,reference,11.09
2000-09-20,KRW,AMD,reference,0.4821
2000-09-20,KWD,AMD,reference,1744.58
2000-09-20,KZT,AMD,reference,37.76
2000-09-20,LBP,AMD,reference,0.3575
2000-09-20,LTL,AMD,reference,134.73
2000-09-20,LVL,AMD,reference,865.01
2000-09-20,MDL,AMD,reference,43.7
2000-09-20,MXN,AMD,reference,57.18
2000-09-20,NLG,AMD,reference,208.5
2000-09-20,NOK,AMD,reference,57.5
2000-09-20,PLZ,AMD,reference,117.4
2000-09-20,PTE,AMD,reference,2.292
2000-09-20,ROL,AMD,reference,0.02272
2000-09-20,RUB,AMD,reference,19.4
2000-09-20,SAR,AMD,reference,143.69
2000-09-20,SDR,AMD,reference,716.76
2000-09-20,SEK,AMD,reference,54.74
2000-09-20,SGD,AMD,reference,308.61
2000-09-20,SKK,AMD,reference,10.67
2000-09-20,SYP,AMD,reference,11.98
2000-09-20,TAD,AMD,reference,2.782
2000-09-20,TJS,AMD,reference,2.782
2000-09-20,TMM,AMD,reference,0.1036
2000-09-20,TMT,AMD,reference,0.1036
2000-09-20,TRL,AMD,reference,0.00804
2000-09-20,UAH,AMD,reference,99.08
2000-09-20,USD,AMD,reference,538.9
2000-09-20,USM,AMD,reference,18.97
2000-09-22,AED,AMD,reference,146.69
2000-09-22,ARP,AMD,reference,538.75
2000-09-22,ATS,AMD,reference,33.43
2000-09-22,AUD,AMD,reference,290.11
2000-09-22,BEF,AMD,reference,11.404
2000-09-22,BGL,AMD,reference,235.22
2000-09-22,BRC,AMD,reference,290.46
2000-09-22,BYR,AMD,reference,0.526
2000-09-22,CAD,AMD,reference,362.04
2000-09-22,CHF,AMD,reference,302.67
2000-09-22,CNY,AMD,reference,65.07
2000-09-22,CZK,AMD,reference,12.85
2000-09-22,DEM,AMD,reference,235.22
2000-09-22,DKK,AMD,reference,60.94
2000-09-22,EEK,AMD,reference,29.33
2000-09-22,EGP,AMD,reference,149.76
2000-09-22,ESP,AMD,reference,2.765
2000-09-22,EUR,AMD,reference,460.05
2000-09-22,FIM,AMD,reference,77.38
2000-09-22,FRF,AMD,reference,70.13
2000-09-22,GBP,AMD,reference,760.07
2000-09-22,GEL,AMD,reference,274.82
2000-09-22,GRD,AMD,reference,1.354
2000-09-22,HUF,AMD,reference,1.735
2000-09-22,IEP,AMD,reference,584.15
2000-09-22,ILS,AMD,reference,132.6
2000-09-22,INR,AMD,reference,11.65
2000-09-22,IRR,AMD,reference,0.3015
2000-09-22,ISK,AMD,reference,63.51
2000-09-22,ITL,AMD,reference,0.2376
2000-09-22,JPY,AMD,reference,5.047
2000-09-22,KGS,AMD,reference,11.08
2000-09-22,KRW,AMD,reference,0.4818
2000-09-22,KWD,AMD,reference,1744.55
2000-09-22,KZT,AMD,reference,37.75
2000-09-22,LBP,AMD,reference,0.3573
2000-09-22,LTL,AMD,reference,134.66
2000-09-22,LVL,AMD,reference,864.59
2000-09-22,MDL,AMD,reference,43.78
2000-09-22,MXN,AMD,reference,57.17
2000-09-22,NLG,AMD,reference,208.76
2000-09-22,NOK,AMD,reference,57.47
2000-09-22,PLZ,AMD,reference,117.04
2000-09-22,PTE,AMD,reference,2.295
2000-09-22,ROL,AMD,reference,0.02267
2000-09-22,RUB,AMD,reference,19.4
2000-09-22,SAR,AMD,reference,143.62
2000-09-22,SDR,AMD,reference,716.76
2000-09-22,SEK,AMD,reference,54.91
2000-09-22,SGD,AMD,reference,309.01
2000-09-22,SKK,AMD,reference,10.56
2000-09-22,SYP,AMD,reference,11.71
2000-09-22,TAD,AMD,reference,2.781
2000-09-22,TJS,AMD,reference,2.781
2000-09-22,TMM,AMD,reference,0.1036
2000-09-22,TMT,AMD,reference,0.1036
2000-09-22,TRL,AMD,reference,0.00804
2000-09-22,UAH,AMD,reference,99.03
2000-09-22,USD,AMD,reference,538.64
2000-09-22,USM,AMD,reference,18.96
2000-09-25,AED,AMD,reference,146.65
2000-09-25,ARP,AMD,reference,538.61
2000-09-25,ATS,AMD,reference,33.36
2000-09-25,AUD,AMD,reference,294.56
2000-09-25,BEF,AMD,reference,11.379
2000-09-25,BGL,AMD,reference,234.69
2000-09-25,BRC,AMD,reference,290.61
2000-09-25,BYR,AMD,reference,0.524
2000-09-25,CAD,AMD,reference,362.09
2000-09-25,CHF,AMD,reference,303.99
2000-09-25,CNY,AMD,reference,65.05
2000-09-25,CZK,AMD,reference,13.05
2000-09-25,DEM,AMD,reference,234.69
2000-09-25,DKK,AMD,reference,62.24
2000-09-25,EEK,AMD,reference,29.3
2000-09-25,EGP,AMD,reference,149.38
2000-09-25,ESP,AMD,reference,2.759
2000-09-25,EUR,AMD,reference,459.02
2000-09-25,FIM,AMD,reference,77.2
2000-09-25,FRF,AMD,reference,69.98
2000-09-25,GBP,AMD,reference,762.68
2000-09-25,GEL,AMD,reference,274.74
2000-09-25,GRD,AMD,reference,1.351
2000-09-25,HUF,AMD,reference,1.766
2000-09-25,IEP,AMD,reference,582.83
2000-09-25,ILS,AMD,reference,132.28
2000-09-25,INR,AMD,reference,11.69
2000-09-25,IRR,AMD,reference,0.3015
2000-09-25,ISK,AMD,reference,63.52
2000-09-25,ITL,AMD,reference,0.2371
2000-09-25,JPY,AMD,reference,5.035
2000-09-25,KGS,AMD,reference,11.08
2000-09-25,KRW,AMD,reference,0.4775
2000-09-25,KWD,AMD,reference,1744.85
2000-09-25,KZT,AMD,reference,37.74
2000-09-25,LBP,AMD,reference,0.3572
2000-09-25,LTL,AMD,reference,134.63
2000-09-25,LVL,AMD,reference,864.37
2000-09-25,MDL,AMD,reference,44.3
2000-09-25,MXN,AMD,reference,57.07
2000-09-25,NLG,AMD,reference,208.29
2000-09-25,NOK,AMD,reference,57.43
2000-09-25,PLZ,AMD,reference,117.43
2000-09-25,PTE,AMD,reference,2.29
2000-09-25,ROL,AMD,reference,0.0226
2000-09-25,RUB,AMD,reference,19.3
2000-09-25,SAR,AMD,reference,143.58
2000-09-25,SDR,AMD,reference,716.76
2000-09-25,SEK,AMD,reference,54.75
2000-09-25,SGD,AMD,reference,308.54
2000-09-25,SKK,AMD,reference,10.68
2000-09-25,SYP,AMD,reference,11.97
2000-09-25,TAD,AMD,reference,2.78
2000-09-25,TJS,AMD,reference,2.78
2000-09-25,TMM,AMD,reference,0.1036
2000-09-25,TMT,AMD,reference,0.1036
2000-09-25,TRL,AMD,reference,0.00802
2000-09-25,UAH,AMD,reference,99.01
2000-09-25,USD,AMD,reference,538.5
2000-09-25,USM,AMD,reference,18.95
2000-09-26,AED,AMD,reference,146.83
2000-09-26,ARP,AMD,reference,539.51
2000-09-26,ATS,AMD,reference,34.83
2000-09-26,AUD,AMD,reference,294
2000-09-26,BEF,AMD,reference,11.882
2000-09-26,BGL,AMD,reference,234.97
2000-09-26,BRC,AMD,reference,290.4
2000-09-26,BYR,AMD,reference,0.524
2000-09-26,CAD,AMD,reference,361.77
2000-09-26,CHF,AMD,reference,312.9
2000-09-26,CNY,AMD,reference,65.12
2000-09-26,CZK,AMD,reference,13.34
2000-09-26,DEM,AMD,reference,245.06
2000-09-26,DKK,AMD,reference,63.5
2000-09-26,EEK,AMD,reference,29.8
2000-09-26,EGP,AMD,reference,149.22
2000-09-26,ESP,AMD,reference,2.881
2000-09-26,EUR,AMD,reference,479.3
2000-09-26,FIM,AMD,reference,80.61
2000-09-26,FRF,AMD,reference,73.07
2000-09-26,GBP,AMD,reference,788.24
2000-09-26,GEL,AMD,reference,273.68
2000-09-26,GRD,AMD,reference,1.372
2000-09-26,HUF,AMD,reference,1.8
2000-09-26,IEP,AMD,reference,608.59
2000-09-26,ILS,AMD,reference,132.44
2000-09-26,INR,AMD,reference,11.72
2000-09-26,IRR,AMD,reference,0.3015
2000-09-26,ISK,AMD,reference,64.76
2000-09-26,ITL,AMD,reference,0.2475
2000-09-26,JPY,AMD,reference,5.002
2000-09-26,KGS,AMD,reference,11.2
2000-09-26,KRW,AMD,reference,0.4775
2000-09-26,KWD,AMD,reference,1755.53
2000-09-26,KZT,AMD,reference,37.78
2000-09-26,LBP,AMD,reference,0.3576
2000-09-26,LTL,AMD,reference,134.79
2000-09-26,LVL,AMD,reference,869.6
2000-09-26,MDL,AMD,reference,44.34
2000-09-26,MXN,AMD,reference,56.91
2000-09-26,NLG,AMD,reference,217.5
2000-09-26,NOK,AMD,reference,59.66
2000-09-26,PLZ,AMD,reference,118.62
2000-09-26,PTE,AMD,reference,2.391
2000-09-26,ROL,AMD,reference,0.02254
2000-09-26,RUB,AMD,reference,19.3
2000-09-26,SAR,AMD,reference,143.75
2000-09-26,SDR,AMD,reference,716.76
2000-09-26,SEK,AMD,reference,56.87
2000-09-26,SGD,AMD,reference,308.97
2000-09-26,SKK,AMD,reference,10.86
2000-09-26,SYP,AMD,reference,11.98
2000-09-26,TAD,AMD,reference,2.783
2000-09-26,TJS,AMD,reference,2.783
2000-09-26,TMM,AMD,reference,0.1037
2000-09-26,TMT,AMD,reference,0.1037
2000-09-26,TRL,AMD,reference,0.00816
2000-09-26,UAH,AMD,reference,99.12
2000-09-26,USD,AMD,reference,539.15
2000-09-26,USM,AMD,reference,18.97
2000-09-27,AED,AMD,reference,146.73
2000-09-27,ARP,AMD,reference,538.92
2000-09-27,ATS,AMD,reference,34.34
2000-09-27,AUD,AMD,reference,296.29
2000-09-27,BEF,AMD,reference,11.714
2000-09-27,BGL,AMD,reference,241.6
2000-09-27,BRC,AMD,reference,292.37
2000-09-27,BYR,AMD,reference,0.524
2000-09-27,CAD,AMD,reference,361.88
2000-09-27,CHF,AMD,reference,310.45
2000-09-27,CNY,AMD,reference,65.08
2000-09-27,CZK,AMD,reference,13.37
2000-09-27,DEM,AMD,reference,241.6
2000-09-27,DKK,AMD,reference,63.45
2000-09-27,EEK,AMD,reference,30.26
2000-09-27,EGP,AMD,reference,150.15
2000-09-27,ESP,AMD,reference,2.84
2000-09-27,EUR,AMD,reference,472.54
2000-09-27,FIM,AMD,reference,79.47
2000-09-27,FRF,AMD,reference,72.04
2000-09-27,GBP,AMD,reference,783.97
2000-09-27,GEL,AMD,reference,273.51
2000-09-27,GRD,AMD,reference,1.393
2000-09-27,HUF,AMD,reference,1.798
2000-09-27,IEP,AMD,reference,600
2000-09-27,ILS,AMD,reference,133.14
2000-09-27,INR,AMD,reference,11.7
2000-09-27,IRR,AMD,reference,0.3015
2000-09-27,ISK,AMD,reference,64.71
2000-09-27,ITL,AMD,reference,0.244
2000-09-27,JPY,AMD,reference,5.021
2000-09-27,KGS,AMD,reference,11.2
2000-09-27,KRW,AMD,reference,0.4757
2000-09-27,KWD,AMD,reference,1753.61
2000-09-27,KZT,AMD,reference,37.76
2000-09-27,LBP,AMD,reference,0.3574
2000-09-27,LTL,AMD,reference,134.7
2000-09-27,LVL,AMD,reference,874.69
2000-09-27,MDL,AMD,reference,44.17
2000-09-27,MXN,AMD,reference,57.14
2000-09-27,NLG,AMD,reference,214.43
2000-09-27,NOK,AMD,reference,58.87
2000-09-27,PLZ,AMD,reference,117.82
2000-09-27,PTE,AMD,reference,2.357
2000-09-27,ROL,AMD,reference,0.02249
2000-09-27,RUB,AMD,reference,19.3
2000-09-27,SAR,AMD,reference,143.66
2000-09-27,SDR,AMD,reference,716.76
2000-09-27,SEK,AMD,reference,55.9
2000-09-27,SGD,AMD,reference,308.72
2000-09-27,SKK,AMD,reference,10.85
2000-09-27,SYP,AMD,reference,11.97
2000-09-27,TAD,AMD,reference,2.782
2000-09-27,TJS,AMD,reference,2.782
2000-09-27,TMM,AMD,reference,0.1036
2000-09-27,TMT,AMD,reference,0.1036
2000-09-27,TRL,AMD,reference,0.0081
2000-09-27,UAH,AMD,reference,99.06
2000-09-27,USD,AMD,reference,538.81
2000-09-27,USM,AMD,reference,18.96
2000-09-28,AED,AMD,reference,146.52
2000-09-28,ARP,AMD,reference,538.13
2000-09-28,ATS,AMD,reference,34.24
2000-09-28,AUD,AMD,reference,295.43
2000-09-28,BEF,AMD,reference,11.679
2000-09-28,BGL,AMD,reference,240.89
2000-09-28,BRC,AMD,reference,290.6
2000-09-28,BYR,AMD,reference,0.522
2000-09-28,CAD,AMD,reference,361.57
2000-09-28,CHF,AMD,reference,310.21
2000-09-28,CNY,AMD,reference,64.98
2000-09-28,CZK,AMD,reference,13.44
2000-09-28,DEM,AMD,reference,240.89
2000-09-28,DKK,AMD,reference,63.86
2000-09-28,EEK,AMD,reference,30.2
2000-09-28,EGP,AMD,reference,148.41
2000-09-28,ESP,AMD,reference,2.832
2000-09-28,EUR,AMD,reference,471.14
2000-09-28,FIM,AMD,reference,79.24
2000-09-28,FRF,AMD,reference,71.83
2000-09-28,GBP,AMD,reference,789.28
2000-09-28,GEL,AMD,reference,273.11
2000-09-28,GRD,AMD,reference,1.391
2000-09-28,HUF,AMD,reference,1.811
2000-09-28,IEP,AMD,reference,598.23
2000-09-28,ILS,AMD,reference,133.14
2000-09-28,INR,AMD,reference,11.66
2000-09-28,IRR,AMD,reference,0.3015
2000-09-28,ISK,AMD,reference,64.61
2000-09-28,ITL,AMD,reference,0.2433
2000-09-28,JPY,AMD,reference,4.994
2000-09-28,KGS,AMD,reference,11.18
2000-09-28,KRW,AMD,reference,0.475
2000-09-28,KWD,AMD,reference,1752.49
2000-09-28,KZT,AMD,reference,37.7
2000-09-28,LBP,AMD,reference,0.3569
2000-09-28,LTL,AMD,reference,134.51
2000-09-28,LVL,AMD,reference,871.99
2000-09-28,MDL,AMD,reference,43.95
2000-09-28,MXN,AMD,reference,57.2
2000-09-28,NLG,AMD,reference,213.8
2000-09-28,NOK,AMD,reference,58.74
2000-09-28,PLZ,AMD,reference,118.17
2000-09-28,PTE,AMD,reference,2.35
2000-09-28,ROL,AMD,reference,0.02239
2000-09-28,RUB,AMD,reference,19.3
2000-09-28,SAR,AMD,reference,143.45
2000-09-28,SDR,AMD,reference,716.76
2000-09-28,SEK,AMD,reference,55.63
2000-09-28,SGD,AMD,reference,309.35
2000-09-28,SKK,AMD,reference,10.92
2000-09-28,SYP,AMD,reference,11.96
2000-09-28,TAD,AMD,reference,2.778
2000-09-28,TJS,AMD,reference,2.778
2000-09-28,TMM,AMD,reference,0.1035
2000-09-28,TMT,AMD,reference,0.1035
2000-09-28,TRL,AMD,reference,0.0081
2000-09-28,UAH,AMD,reference,98.91
2000-09-28,USD,AMD,reference,538.02
2000-09-28,USM,AMD,reference,18.94
2000-09-29,AED,AMD,reference,146.29
2000-09-29,ARP,AMD,reference,537.29
2000-09-29,ATS,AMD,reference,34.59
2000-09-29,AUD,AMD,reference,295.07
2000-09-29,BEF,AMD,reference,11.8
2000-09-29,BGL,AMD,reference,243.37
2000-09-29,BRC,AMD,reference,290.69
2000-09-29,BYR,AMD,reference,0.521
2000-09-29,CAD,AMD,reference,359.1
2000-09-29,CHF,AMD,reference,312.05
2000-09-29,CNY,AMD,reference,64.88
2000-09-29,CZK,AMD,reference,13.42
2000-09-29,DEM,AMD,reference,243.37
2000-09-29,DKK,AMD,reference,63.73
2000-09-29,EEK,AMD,reference,30.49
2000-09-29,EGP,AMD,reference,146.84
2000-09-29,ESP,AMD,reference,2.861
2000-09-29,EUR,AMD,reference,476
2000-09-29,FIM,AMD,reference,80.06
2000-09-29,FRF,AMD,reference,72.57
2000-09-29,GBP,AMD,reference,787.94
2000-09-29,GEL,AMD,reference,274.07
2000-09-29,GRD,AMD,reference,1.402
2000-09-29,HUF,AMD,reference,1.8
2000-09-29,IEP,AMD,reference,604.39
2000-09-29,ILS,AMD,reference,133.3
2000-09-29,INR,AMD,reference,11.64
2000-09-29,IRR,AMD,reference,0.3015
2000-09-29,ISK,AMD,reference,64.82
2000-09-29,ITL,AMD,reference,0.2458
2000-09-29,JPY,AMD,reference,4.997
2000-09-29,KGS,AMD,reference,11.16
2000-09-29,KRW,AMD,reference,0.4776
2000-09-29,KWD,AMD,reference,1750.62
2000-09-29,KZT,AMD,reference,37.64
2000-09-29,LBP,AMD,reference,0.3563
2000-09-29,LTL,AMD,reference,134.3
2000-09-29,LVL,AMD,reference,870.63
2000-09-29,MDL,AMD,reference,43.84
2000-09-29,MXN,AMD,reference,57.06
2000-09-29,NLG,AMD,reference,216
2000-09-29,NOK,AMD,reference,59.17
2000-09-29,PLZ,AMD,reference,118.18
2000-09-29,PTE,AMD,reference,2.374
2000-09-29,ROL,AMD,reference,0.02227
2000-09-29,RUB,AMD,reference,19.3
2000-09-29,SAR,AMD,reference,143.23
2000-09-29,SDR,AMD,reference,716.76
2000-09-29,SEK,AMD,reference,55.94
2000-09-29,SGD,AMD,reference,308.18
2000-09-29,SKK,AMD,reference,10.88
2000-09-29,SYP,AMD,reference,11.94
2000-09-29,TAD,AMD,reference,2.773
2000-09-29,TJS,AMD,reference,2.773
2000-09-29,TMM,AMD,reference,0.1033
2000-09-29,TMT,AMD,reference,0.1033
2000-09-29,TRL,AMD,reference,0.0081
2000-09-29,UAH,AMD,reference,98.75
2000-09-29,USD,AMD,reference,537.18
2000-09-29,USM,AMD,reference,18.91
2000-09-30,AED,AMD,reference,146.08
2000-09-30,ARP,AMD,reference,536.53
2000-09-30,ATS,AMD,reference,34.17
2000-09-30,AUD,AMD,reference,291.65
2000-09-30,BEF,AMD,reference,11.655
2000-09-30,BGL,AMD,reference,242.23
2000-09-30,BRC,AMD,reference,290.27
2000-09-30,BYR,AMD,reference,0.52
2000-09-30,CAD,AMD,reference,356.9
2000-09-30,CHF,AMD,reference,311.61
2000-09-30,CNY,AMD,reference,64.79
2000-09-30,CZK,AMD,reference,13.29
2000-09-30,DEM,AMD,reference,240.4
2000-09-30,DKK,AMD,reference,63.37
2000-09-30,EEK,AMD,reference,30.17
2000-09-30,EGP,AMD,reference,146.63
2000-09-30,ESP,AMD,reference,2.826
2000-09-30,EUR,AMD,reference,470.17
2000-09-30,FIM,AMD,reference,79.08
2000-09-30,FRF,AMD,reference,71.68
2000-09-30,GBP,AMD,reference,785.8
2000-09-30,GEL,AMD,reference,273.68
2000-09-30,GRD,AMD,reference,1.391
2000-09-30,HUF,AMD,reference,1.79
2000-09-30,IEP,AMD,reference,597
2000-09-30,ILS,AMD,reference,133.31
2000-09-30,INR,AMD,reference,11.64
2000-09-30,IRR,AMD,reference,0.3015
2000-09-30,ISK,AMD,reference,64.57
2000-09-30,ITL,AMD,reference,0.2428
2000-09-30,JPY,AMD,reference,4.979
2000-09-30,KGS,AMD,reference,11.15
2000-09-30,KRW,AMD,reference,0.4782
2000-09-30,KWD,AMD,reference,1747.82
2000-09-30,KZT,AMD,reference,37.58
2000-09-30,LBP,AMD,reference,0.3558
2000-09-30,LTL,AMD,reference,134.11
2000-09-30,LVL,AMD,reference,872.23
2000-09-30,MDL,AMD,reference,43.76
2000-09-30,MXN,AMD,reference,56.93
2000-09-30,NLG,AMD,reference,213.35
2000-09-30,NOK,AMD,reference,59.09
2000-09-30,PLZ,AMD,reference,118.14
2000-09-30,PTE,AMD,reference,2.345
2000-09-30,ROL,AMD,reference,0.02219
2000-09-30,RUB,AMD,reference,19.3
2000-09-30,SAR,AMD,reference,143.02
2000-09-30,SDR,AMD,reference,716.76
2000-09-30,SEK,AMD,reference,55.86
2000-09-30,SGD,AMD,reference,308.13
2000-09-30,SKK,AMD,reference,10.79
2000-09-30,SYP,AMD,reference,11.92
2000-09-30,TAD,AMD,reference,2.617
2000-09-30,TJS,AMD,reference,2.617
2000-09-30,TMM,AMD,reference,0.1032
2000-09-30,TMT,AMD,reference,0.1032
2000-09-30,TRL,AMD,reference,0.00809
2000-09-30,UAH,AMD,reference,98.61
2000-09-30,USD,AMD,reference,536.42
2000-09-30,USM,AMD,reference,17.93
2000-10-02,AED,AMD,reference,145.95
2000-10-02,ARP,AMD,reference,536.26
2000-10-02,ATS,AMD,reference,34.14
2000-10-02,AUD,AMD,reference,291.39
2000-10-02,BEF,AMD,reference,11.645
2000-10-02,BGL,AMD,reference,240.18
2000-10-02,BRC,AMD,reference,290.8
2000-10-02,BYR,AMD,reference,0.519
2000-10-02,CAD,AMD,reference,355.63
2000-10-02,CHF,AMD,reference,308.24
2000-10-02,CNY,AMD,reference,64.73
2000-10-02,CZK,AMD,reference,13.28
2000-10-02,DEM,AMD,reference,240.18
2000-10-02,DKK,AMD,reference,63.31
2000-10-02,EEK,AMD,reference,30.14
2000-10-02,EGP,AMD,reference,146.5
2000-10-02,ESP,AMD,reference,2.823
2000-10-02,EUR,AMD,reference,469.75
2000-10-02,FIM,AMD,reference,79.01
2000-10-02,FRF,AMD,reference,71.61
2000-10-02,GBP,AMD,reference,785.1
2000-10-02,GEL,AMD,reference,273.44
2000-10-02,GRD,AMD,reference,1.39
2000-10-02,HUF,AMD,reference,1.788
2000-10-02,IEP,AMD,reference,596.46
2000-10-02,ILS,AMD,reference,133.19
2000-10-02,INR,AMD,reference,11.63
2000-10-02,IRR,AMD,reference,0.3015
2000-10-02,ISK,AMD,reference,64.51
2000-10-02,ITL,AMD,reference,0.2426
2000-10-02,JPY,AMD,reference,4.975
2000-10-02,KGS,AMD,reference,11.14
2000-10-02,KRW,AMD,reference,0.4808
2000-10-02,KWD,AMD,reference,1745.66
2000-10-02,KZT,AMD,reference,37.54
2000-10-02,LBP,AMD,reference,0.3555
2000-10-02,LTL,AMD,reference,133.99
2000-10-02,LVL,AMD,reference,870.03
2000-10-02,MDL,AMD,reference,43.84
2000-10-02,MXN,AMD,reference,56.79
2000-10-02,NLG,AMD,reference,213.16
2000-10-02,NOK,AMD,reference,58.53
2000-10-02,PLZ,AMD,reference,118.04
2000-10-02,PTE,AMD,reference,2.343
2000-10-02,ROL,AMD,reference,0.02217
2000-10-02,RUB,AMD,reference,19.3
2000-10-02,SAR,AMD,reference,142.89
2000-10-02,SDR,AMD,reference,716.76
2000-10-02,SEK,AMD,reference,55.09
2000-10-02,SGD,AMD,reference,307.85
2000-10-02,SKK,AMD,reference,10.78
2000-10-02,SYP,AMD,reference,10.21
2000-10-02,TAD,AMD,reference,2.614
2000-10-02,TJS,AMD,reference,2.614
2000-10-02,TMM,AMD,reference,0.1031
2000-10-02,TMT,AMD,reference,0.1031
2000-10-02,TRL,AMD,reference,0.00805
2000-10-02,UAH,AMD,reference,98.52
2000-10-02,USD,AMD,reference,535.94
2000-10-02,USM,AMD,reference,17.91
2000-10-03,AED,AMD,reference,146.19
2000-10-03,ARP,AMD,reference,537.12
2000-10-03,ATS,AMD,reference,34.19
2000-10-03,AUD,AMD,reference,291.86
2000-10-03,BEF,AMD,reference,11.664
2000-10-03,BGL,AMD,reference,240.57
2000-10-03,BRC,AMD,reference,291.27
2000-10-03,BYR,AMD,reference,0.519
2000-10-03,CAD,AMD,reference,356.2
2000-10-03,CHF,AMD,reference,308.73
2000-10-03,CNY,AMD,reference,64.84
2000-10-03,CZK,AMD,reference,13.32
2000-10-03,DEM,AMD,reference,240.57
2000-10-03,DKK,AMD,reference,63.57
2000-10-03,EEK,AMD,reference,30.19
2000-10-03,EGP,AMD,reference,145.59
2000-10-03,ESP,AMD,reference,2.828
2000-10-03,EUR,AMD,reference,470.51
2000-10-03,FIM,AMD,reference,79.13
2000-10-03,FRF,AMD,reference,71.73
2000-10-03,GBP,AMD,reference,791.83
2000-10-03,GEL,AMD,reference,273.88
2000-10-03,GRD,AMD,reference,1.392
2000-10-03,HUF,AMD,reference,1.795
2000-10-03,IEP,AMD,reference,597.42
2000-10-03,ILS,AMD,reference,133.4
2000-10-03,INR,AMD,reference,11.65
2000-10-03,IRR,AMD,reference,0.3015
2000-10-03,ISK,AMD,reference,64.61
2000-10-03,ITL,AMD,reference,0.243
2000-10-03,JPY,AMD,reference,4.955
2000-10-03,KGS,AMD,reference,11.16
2000-10-03,KRW,AMD,reference,0.4816
2000-10-03,KWD,AMD,reference,1748.47
2000-10-03,KZT,AMD,reference,37.6
2000-10-03,LBP,AMD,reference,0.3561
2000-10-03,LTL,AMD,reference,134.2
2000-10-03,LVL,AMD,reference,871.43
2000-10-03,MDL,AMD,reference,43.91
2000-10-03,MXN,AMD,reference,56.89
2000-10-03,NLG,AMD,reference,213.51
2000-10-03,NOK,AMD,reference,58.63
2000-10-03,PLZ,AMD,reference,118.97
2000-10-03,PTE,AMD,reference,2.347
2000-10-03,ROL,AMD,reference,0.02218
2000-10-03,RUB,AMD,reference,19.4
2000-10-03,SAR,AMD,reference,143.12
2000-10-03,SDR,AMD,reference,716.76
2000-10-03,SEK,AMD,reference,55.18
2000-10-03,SGD,AMD,reference,308.81
2000-10-03,SKK,AMD,reference,10.8
2000-10-03,SYP,AMD,reference,11.67
2000-10-03,TAD,AMD,reference,2.619
2000-10-03,TJS,AMD,reference,2.619
2000-10-03,TMM,AMD,reference,0.1032
2000-10-03,TMT,AMD,reference,0.1032
2000-10-03,TRL,AMD,reference,0.00806
2000-10-03,UAH,AMD,reference,98.68
2000-10-03,USD,AMD,reference,536.8
2000-10-03,USM,AMD,reference,17.94
2000-10-04,AED,AMD,reference,146.07
2000-10-04,ARP,AMD,reference,536.48
2000-10-04,ATS,AMD,reference,34.31
2000-10-04,AUD,AMD,reference,291.79
2000-10-04,BEF,AMD,reference,11.703
2000-10-04,BGL,AMD,reference,241.39
2000-10-04,BRC,AMD,reference,290.4
2000-10-04,BYR,AMD,reference,0.517
2000-10-04,CAD,AMD,reference,355.19
2000-10-04,CHF,AMD,reference,308.48
2000-10-04,CNY,AMD,reference,64.79
2000-10-04,CZK,AMD,reference,13.17
2000-10-04,DEM,AMD,reference,241.39
2000-10-04,DKK,AMD,reference,63.08
2000-10-04,EEK,AMD,reference,30.27
2000-10-04,EGP,AMD,reference,146.85
2000-10-04,ESP,AMD,reference,2.837
2000-10-04,EUR,AMD,reference,472.11
2000-10-04,FIM,AMD,reference,79.4
2000-10-04,FRF,AMD,reference,71.97
2000-10-04,GBP,AMD,reference,784.87
2000-10-04,GEL,AMD,reference,273.66
2000-10-04,GRD,AMD,reference,1.394
2000-10-04,HUF,AMD,reference,1.787
2000-10-04,IEP,AMD,reference,599.46
2000-10-04,ILS,AMD,reference,132.93
2000-10-04,INR,AMD,reference,11.64
2000-10-04,IRR,AMD,reference,0.3015
2000-10-04,ISK,AMD,reference,64.88
2000-10-04,ITL,AMD,reference,0.2438
2000-10-04,JPY,AMD,reference,4.927
2000-10-04,KGS,AMD,reference,11.15
2000-10-04,KRW,AMD,reference,0.4812
2000-10-04,KWD,AMD,reference,1746.64
2000-10-04,KZT,AMD,reference,37.57
2000-10-04,LBP,AMD,reference,0.3558
2000-10-04,LTL,AMD,reference,134.09
2000-10-04,LVL,AMD,reference,870.73
2000-10-04,MDL,AMD,reference,43.85
2000-10-04,MXN,AMD,reference,57.04
2000-10-04,NLG,AMD,reference,214.24
2000-10-04,NOK,AMD,reference,58.7
2000-10-04,PLZ,AMD,reference,117.19
2000-10-04,PTE,AMD,reference,2.355
2000-10-04,ROL,AMD,reference,0.02213
2000-10-04,RUB,AMD,reference,19.4
2000-10-04,SAR,AMD,reference,143.01
2000-10-04,SDR,AMD,reference,716.76
2000-10-04,SEK,AMD,reference,55.14
2000-10-04,SGD,AMD,reference,308.18
2000-10-04,SKK,AMD,reference,10.73
2000-10-04,SYP,AMD,reference,11.66
2000-10-04,TAD,AMD,reference,2.616
2000-10-04,TJS,AMD,reference,2.616
2000-10-04,TMM,AMD,reference,0.1031
2000-10-04,TMT,AMD,reference,0.1031
2000-10-04,TRL,AMD,reference,0.00806
2000-10-04,UAH,AMD,reference,98.6
2000-10-04,USD,AMD,reference,536.37
2000-10-04,USM,AMD,reference,17.93
2000-10-05,AED,AMD,reference,146.14
2000-10-05,ARP,AMD,reference,536.75
2000-10-05,ATS,AMD,reference,34.17
2000-10-05,AUD,AMD,reference,287.48
2000-10-05,BEF,AMD,reference,11.657
2000-10-05,BGL,AMD,reference,240.44
2000-10-05,BRC,AMD,reference,290.4
2000-10-05,BYR,AMD,reference,0.516
2000-10-05,CAD,AMD,reference,356.45
2000-10-05,CHF,AMD,reference,308.64
2000-10-05,CNY,AMD,reference,64.82
2000-10-05,CZK,AMD,reference,13.16
2000-10-05,DEM,AMD,reference,240.44
2000-10-05,DKK,AMD,reference,63.01
2000-10-05,EEK,AMD,reference,30
2000-10-05,EGP,AMD,reference,146.84
2000-10-05,ESP,AMD,reference,2.826
2000-10-05,EUR,AMD,reference,470.26
2000-10-05,FIM,AMD,reference,79.09
2000-10-05,FRF,AMD,reference,71.69
2000-10-05,GBP,AMD,reference,779.42
2000-10-05,GEL,AMD,reference,271.72
2000-10-05,GRD,AMD,reference,1.383
2000-10-05,HUF,AMD,reference,1.784
2000-10-05,IEP,AMD,reference,597.1
2000-10-05,ILS,AMD,reference,132.9
2000-10-05,INR,AMD,reference,11.65
2000-10-05,IRR,AMD,reference,0.3015
2000-10-05,ISK,AMD,reference,64.25
2000-10-05,ITL,AMD,reference,0.2429
2000-10-05,JPY,AMD,reference,4.936
2000-10-05,KGS,AMD,reference,11.15
2000-10-05,KRW,AMD,reference,0.4813
2000-10-05,KWD,AMD,reference,1746.17
2000-10-05,KZT,AMD,reference,37.59
2000-10-05,LBP,AMD,reference,0.356
2000-10-05,LTL,AMD,reference,134.16
2000-10-05,LVL,AMD,reference,868.35
2000-10-05,MDL,AMD,reference,43.91
2000-10-05,MXN,AMD,reference,57.1
2000-10-05,NLG,AMD,reference,213.39
2000-10-05,NOK,AMD,reference,58.53
2000-10-05,PLZ,AMD,reference,118
2000-10-05,PTE,AMD,reference,2.346
2000-10-05,ROL,AMD,reference,0.02212
2000-10-05,RUB,AMD,reference,19.4
2000-10-05,SAR,AMD,reference,143.08
2000-10-05,SDR,AMD,reference,716.76
2000-10-05,SEK,AMD,reference,55.17
2000-10-05,SGD,AMD,reference,307.59
2000-10-05,SKK,AMD,reference,10.69
2000-10-05,SYP,AMD,reference,11.93
2000-10-05,TAD,AMD,reference,2.618
2000-10-05,TJS,AMD,reference,2.618
2000-10-05,TMM,AMD,reference,0.1032
2000-10-05,TMT,AMD,reference,0.1032
2000-10-05,TRL,AMD,reference,0.00804
2000-10-05,UAH,AMD,reference,98.65
2000-10-05,USD,AMD,reference,536.64
2000-10-05,USM,AMD,reference,17.94
2000-10-06,AED,AMD,reference,146.61
2000-10-06,ARP,AMD,reference,538.48
2000-10-06,ATS,AMD,reference,34.16
2000-10-06,AUD,AMD,reference,288.94
2000-10-06,BEF,AMD,reference,11.651
2000-10-06,BGL,AMD,reference,240.31
2000-10-06,BRC,AMD,reference,290.87
2000-10-06,BYR,AMD,reference,0.518
2000-10-06,CAD,AMD,reference,359.27
2000-10-06,CHF,AMD,reference,310.13
2000-10-06,CNY,AMD,reference,65.03
2000-10-06,CZK,AMD,reference,13.17
2000-10-06,DEM,AMD,reference,240.31
2000-10-06,DKK,AMD,reference,63.1
2000-10-06,EEK,AMD,reference,30.1
2000-10-06,EGP,AMD,reference,146.71
2000-10-06,ESP,AMD,reference,2.825
2000-10-06,EUR,AMD,reference,470
2000-10-06,FIM,AMD,reference,79.05
2000-10-06,FRF,AMD,reference,71.65
2000-10-06,GBP,AMD,reference,782.52
2000-10-06,GEL,AMD,reference,272.59
2000-10-06,GRD,AMD,reference,1.388
2000-10-06,HUF,AMD,reference,1.79
2000-10-06,IEP,AMD,reference,596.77
2000-10-06,ILS,AMD,reference,133.43
2000-10-06,INR,AMD,reference,11.68
2000-10-06,IRR,AMD,reference,0.3015
2000-10-06,ISK,AMD,reference,64.45
2000-10-06,ITL,AMD,reference,0.2427
2000-10-06,JPY,AMD,reference,4.933
2000-10-06,KGS,AMD,reference,11.19
2000-10-06,KRW,AMD,reference,0.4828
2000-10-06,KWD,AMD,reference,1751.91
2000-10-06,KZT,AMD,reference,37.71
2000-10-06,LBP,AMD,reference,0.3571
2000-10-06,LTL,AMD,reference,134.59
2000-10-06,LVL,AMD,reference,871.15
2000-10-06,MDL,AMD,reference,44.02
2000-10-06,MXN,AMD,reference,57.02
2000-10-06,NLG,AMD,reference,213.28
2000-10-06,NOK,AMD,reference,58.49
2000-10-06,PLZ,AMD,reference,118.43
2000-10-06,PTE,AMD,reference,2.344
2000-10-06,ROL,AMD,reference,0.02214
2000-10-06,RUB,AMD,reference,19.4
2000-10-06,SAR,AMD,reference,143.54
2000-10-06,SDR,AMD,reference,716.76
2000-10-06,SEK,AMD,reference,54.83
2000-10-06,SGD,AMD,reference,308.03
2000-10-06,SKK,AMD,reference,10.73
2000-10-06,SYP,AMD,reference,11.96
2000-10-06,TAD,AMD,reference,2.626
2000-10-06,TJS,AMD,reference,2.626
2000-10-06,TMM,AMD,reference,0.1035
2000-10-06,TMT,AMD,reference,0.1035
2000-10-06,TRL,AMD,reference,0.00806
2000-10-06,UAH,AMD,reference,98.97
2000-10-06,USD,AMD,reference,538.37
2000-10-06,USM,AMD,reference,17.99
2000-10-09,AED,AMD,reference,146.78
2000-10-09,ARP,AMD,reference,539.09
2000-10-09,ATS,AMD,reference,34.41
2000-10-09,AUD,AMD,reference,289.27
2000-10-09,BEF,AMD,reference,11.739
2000-10-09,BGL,AMD,reference,240.58
2000-10-09,BRC,AMD,reference,291.2
2000-10-09,BYR,AMD,reference,0.518
2000-10-09,CAD,AMD,reference,359.68
2000-10-09,CHF,AMD,reference,310.97
2000-10-09,CNY,AMD,reference,65.1
2000-10-09,CZK,AMD,reference,13.19
2000-10-09,DEM,AMD,reference,242.12
2000-10-09,DKK,AMD,reference,63.17
2000-10-09,EEK,AMD,reference,30.13
2000-10-09,EGP,AMD,reference,146.88
2000-10-09,ESP,AMD,reference,2.846
2000-10-09,EUR,AMD,reference,473.55
2000-10-09,FIM,AMD,reference,79.65
2000-10-09,FRF,AMD,reference,72.19
2000-10-09,GBP,AMD,reference,782.17
2000-10-09,GEL,AMD,reference,272.9
2000-10-09,GRD,AMD,reference,1.389
2000-10-09,HUF,AMD,reference,1.792
2000-10-09,IEP,AMD,reference,601.28
2000-10-09,ILS,AMD,reference,133.58
2000-10-09,INR,AMD,reference,11.69
2000-10-09,IRR,AMD,reference,0.3015
2000-10-09,ISK,AMD,reference,64.53
2000-10-09,ITL,AMD,reference,0.2446
2000-10-09,JPY,AMD,reference,4.955
2000-10-09,KGS,AMD,reference,11.2
2000-10-09,KRW,AMD,reference,0.4834
2000-10-09,KWD,AMD,reference,1753.9
2000-10-09,KZT,AMD,reference,37.76
2000-10-09,LBP,AMD,reference,0.3575
2000-10-09,LTL,AMD,reference,134.75
2000-10-09,LVL,AMD,reference,872.14
2000-10-09,MDL,AMD,reference,44.07
2000-10-09,MXN,AMD,reference,57.08
2000-10-09,NLG,AMD,reference,214.89
2000-10-09,NOK,AMD,reference,58.56
2000-10-09,PLZ,AMD,reference,118.08
2000-10-09,PTE,AMD,reference,2.362
2000-10-09,ROL,AMD,reference,0.02216
2000-10-09,RUB,AMD,reference,19.4
2000-10-09,SAR,AMD,reference,143.71
2000-10-09,SDR,AMD,reference,716.76
2000-10-09,SEK,AMD,reference,54.89
2000-10-09,SGD,AMD,reference,308.73
2000-10-09,SKK,AMD,reference,10.74
2000-10-09,SYP,AMD,reference,11.98
2000-10-09,TAD,AMD,reference,2.629
2000-10-09,TJS,AMD,reference,2.629
2000-10-09,TMM,AMD,reference,0.1037
2000-10-09,TMT,AMD,reference,0.1037
2000-10-09,TRL,AMD,reference,0.00807
2000-10-09,UAH,AMD,reference,99.08
2000-10-09,USD,AMD,reference,538.98
2000-10-09,USM,AMD,reference,18.01
2000-10-10,AED,AMD,reference,147.08
2000-10-10,ARP,AMD,reference,540.18
2000-10-10,ATS,AMD,reference,34.16
2000-10-10,AUD,AMD,reference,288.4
2000-10-10,BEF,AMD,reference,11.652
2000-10-10,BGL,AMD,reference,241.06
2000-10-10,BRC,AMD,reference,291.79
2000-10-10,BYR,AMD,reference,0.519
2000-10-10,CAD,AMD,reference,359.68
2000-10-10,CHF,AMD,reference,308.17
2000-10-10,CNY,AMD,reference,65.23
2000-10-10,CZK,AMD,reference,13.21
2000-10-10,DEM,AMD,reference,240.32
2000-10-10,DKK,AMD,reference,62.99
2000-10-10,EEK,AMD,reference,30.2
2000-10-10,EGP,AMD,reference,145.69
2000-10-10,ESP,AMD,reference,2.825
2000-10-10,EUR,AMD,reference,470.02
2000-10-10,FIM,AMD,reference,79.05
2000-10-10,FRF,AMD,reference,71.65
2000-10-10,GBP,AMD,reference,781.81
2000-10-10,GEL,AMD,reference,273.45
2000-10-10,GRD,AMD,reference,1.391
2000-10-10,HUF,AMD,reference,1.788
2000-10-10,IEP,AMD,reference,596.81
2000-10-10,ILS,AMD,reference,133.85
2000-10-10,INR,AMD,reference,11.73
2000-10-10,IRR,AMD,reference,0.3015
2000-10-10,ISK,AMD,reference,64.66
2000-10-10,ITL,AMD,reference,0.2427
2000-10-10,JPY,AMD,reference,4.965
2000-10-10,KGS,AMD,reference,11.22
2000-10-10,KRW,AMD,reference,0.4844
2000-10-10,KWD,AMD,reference,1757.44
2000-10-10,KZT,AMD,reference,37.83
2000-10-10,LBP,AMD,reference,0.3583
2000-10-10,LTL,AMD,reference,135.02
2000-10-10,LVL,AMD,reference,873.9
2000-10-10,MDL,AMD,reference,44.16
2000-10-10,MXN,AMD,reference,57.2
2000-10-10,NLG,AMD,reference,213.29
2000-10-10,NOK,AMD,reference,58.68
2000-10-10,PLZ,AMD,reference,118.91
2000-10-10,PTE,AMD,reference,2.344
2000-10-10,ROL,AMD,reference,0.02221
2000-10-10,RUB,AMD,reference,19.4
2000-10-10,SAR,AMD,reference,144
2000-10-10,SDR,AMD,reference,716.76
2000-10-10,SEK,AMD,reference,55.11
2000-10-10,SGD,AMD,reference,308.96
2000-10-10,SKK,AMD,reference,10.76
2000-10-10,SYP,AMD,reference,12
2000-10-10,TAD,AMD,reference,2.634
2000-10-10,TJS,AMD,reference,2.634
2000-10-10,TMM,AMD,reference,0.1039
2000-10-10,TMT,AMD,reference,0.1039
2000-10-10,TRL,AMD,reference,0.00807
2000-10-10,UAH,AMD,reference,99.28
2000-10-10,USD,AMD,reference,540.07
2000-10-10,USM,AMD,reference,18.05
2000-10-11,AED,AMD,reference,147.25
2000-10-11,ARP,AMD,reference,540.8
2000-10-11,ATS,AMD,reference,34.17
2000-10-11,AUD,AMD,reference,288.73
2000-10-11,BEF,AMD,reference,11.654
2000-10-11,BGL,AMD,reference,241.34
2000-10-11,BRC,AMD,reference,291.63
2000-10-11,BYR,AMD,reference,0.52
2000-10-11,CAD,AMD,reference,360.22
2000-10-11,CHF,AMD,reference,309.04
2000-10-11,CNY,AMD,reference,65.31
2000-10-11,CZK,AMD,reference,13.29
2000-10-11,DEM,AMD,reference,240.37
2000-10-11,DKK,AMD,reference,63.06
2000-10-11,EEK,AMD,reference,30.23
2000-10-11,EGP,AMD,reference,147.88
2000-10-11,ESP,AMD,reference,2.826
2000-10-11,EUR,AMD,reference,470.13
2000-10-11,FIM,AMD,reference,79.07
2000-10-11,FRF,AMD,reference,71.67
2000-10-11,GBP,AMD,reference,786.7
2000-10-11,GEL,AMD,reference,287.11
2000-10-11,GRD,AMD,reference,1.385
2000-10-11,HUF,AMD,reference,1.797
2000-10-11,IEP,AMD,reference,596.94
2000-10-11,ILS,AMD,reference,133.47
2000-10-11,INR,AMD,reference,11.71
2000-10-11,IRR,AMD,reference,0.3015
2000-10-11,ISK,AMD,reference,64.73
2000-10-11,ITL,AMD,reference,0.2428
2000-10-11,JPY,AMD,reference,4.993
2000-10-11,KGS,AMD,reference,11.25
2000-10-11,KRW,AMD,reference,0.4843
2000-10-11,KWD,AMD,reference,1759.46
2000-10-11,KZT,AMD,reference,37.92
2000-10-11,LBP,AMD,reference,0.3587
2000-10-11,LTL,AMD,reference,135.17
2000-10-11,LVL,AMD,reference,874.9
2000-10-11,MDL,AMD,reference,44.18
2000-10-11,MXN,AMD,reference,57.13
2000-10-11,NLG,AMD,reference,213.34
2000-10-11,NOK,AMD,reference,58.44
2000-10-11,PLZ,AMD,reference,118.52
2000-10-11,PTE,AMD,reference,2.345
2000-10-11,ROL,AMD,reference,0.02223
2000-10-11,RUB,AMD,reference,19.4
2000-10-11,SAR,AMD,reference,144.16
2000-10-11,SDR,AMD,reference,696.21
2000-10-11,SEK,AMD,reference,54.96
2000-10-11,SGD,AMD,reference,308.67
2000-10-11,SKK,AMD,reference,10.8
2000-10-11,SYP,AMD,reference,12.02
2000-10-11,TAD,AMD,reference,2.638
2000-10-11,TJS,AMD,reference,2.638
2000-10-11,TMM,AMD,reference,0.104
2000-10-11,TMT,AMD,reference,0.104
2000-10-11,TRL,AMD,reference,0.00806
2000-10-11,UAH,AMD,reference,99.39
2000-10-11,USD,AMD,reference,540.69
2000-10-11,USM,AMD,reference,17.97
2000-10-12,AED,AMD,reference,147.34
2000-10-12,ARP,AMD,reference,541.13
2000-10-12,ATS,AMD,reference,34.29
2000-10-12,AUD,AMD,reference,288.74
2000-10-12,BEF,AMD,reference,11.696
2000-10-12,BGL,AMD,reference,241.24
2000-10-12,BRC,AMD,reference,291.72
2000-10-12,BYR,AMD,reference,0.517
2000-10-12,CAD,AMD,reference,360.42
2000-10-12,CHF,AMD,reference,310.59
2000-10-12,CNY,AMD,reference,65.35
2000-10-12,CZK,AMD,reference,13.37
2000-10-12,DEM,AMD,reference,241.24
2000-10-12,DKK,AMD,reference,63.54
2000-10-12,EEK,AMD,reference,30.18
2000-10-12,EGP,AMD,reference,147.56
2000-10-12,ESP,AMD,reference,2.836
2000-10-12,EUR,AMD,reference,471.82
2000-10-12,FIM,AMD,reference,79.36
2000-10-12,FRF,AMD,reference,71.93
2000-10-12,GBP,AMD,reference,789.84
2000-10-12,GEL,AMD,reference,287.29
2000-10-12,GRD,AMD,reference,1.391
2000-10-12,HUF,AMD,reference,1.803
2000-10-12,IEP,AMD,reference,599.09
2000-10-12,ILS,AMD,reference,132.18
2000-10-12,INR,AMD,reference,11.68
2000-10-12,IRR,AMD,reference,0.3015
2000-10-12,ISK,AMD,reference,64.55
2000-10-12,ITL,AMD,reference,0.2437
2000-10-12,JPY,AMD,reference,5.015
2000-10-12,KGS,AMD,reference,11.24
2000-10-12,KRW,AMD,reference,0.4846
2000-10-12,KWD,AMD,reference,1758.48
2000-10-12,KZT,AMD,reference,37.9
2000-10-12,LBP,AMD,reference,0.3589
2000-10-12,LTL,AMD,reference,135.26
2000-10-12,LVL,AMD,reference,872.61
2000-10-12,MDL,AMD,reference,44.2
2000-10-12,MXN,AMD,reference,57.16
2000-10-12,NLG,AMD,reference,214.1
2000-10-12,NOK,AMD,reference,58.56
2000-10-12,PLZ,AMD,reference,117.89
2000-10-12,PTE,AMD,reference,2.353
2000-10-12,ROL,AMD,reference,0.02216
2000-10-12,RUB,AMD,reference,19.4
2000-10-12,SAR,AMD,reference,144.25
2000-10-12,SDR,AMD,reference,696.21
2000-10-12,SEK,AMD,reference,54.91
2000-10-12,SGD,AMD,reference,308.96
2000-10-12,SKK,AMD,reference,10.82
2000-10-12,SYP,AMD,reference,12.02
2000-10-12,TAD,AMD,reference,2.639
2000-10-12,TJS,AMD,reference,2.639
2000-10-12,TMM,AMD,reference,0.104
2000-10-12,TMT,AMD,reference,0.104
2000-10-12,TRL,AMD,reference,0.00807
2000-10-12,UAH,AMD,reference,99.45
2000-10-12,USD,AMD,reference,541.02
2000-10-12,USM,AMD,reference,18.08
2000-10-13,AED,AMD,reference,148.73
2000-10-13,ARP,AMD,reference,546.26
2000-10-13,ATS,AMD,reference,34.61
2000-10-13,AUD,AMD,reference,289.35
2000-10-13,BEF,AMD,reference,11.806
2000-10-13,BGL,AMD,reference,243.5
2000-10-13,BRC,AMD,reference,293.63
2000-10-13,BYR,AMD,reference,0.521
2000-10-13,CAD,AMD,reference,363.08
2000-10-13,CHF,AMD,reference,315.2
2000-10-13,CNY,AMD,reference,65.97
2000-10-13,CZK,AMD,reference,13.35
2000-10-13,DEM,AMD,reference,243.5
2000-10-13,DKK,AMD,reference,63.52
2000-10-13,EEK,AMD,reference,30.48
2000-10-13,EGP,AMD,reference,146.78
2000-10-13,ESP,AMD,reference,2.862
2000-10-13,EUR,AMD,reference,476.24
2000-10-13,FIM,AMD,reference,80.1
2000-10-13,FRF,AMD,reference,72.6
2000-10-13,GBP,AMD,reference,797.49
2000-10-13,GEL,AMD,reference,290.01
2000-10-13,GRD,AMD,reference,1.404
2000-10-13,HUF,AMD,reference,1.8
2000-10-13,IEP,AMD,reference,604.7
2000-10-13,ILS,AMD,reference,133.93
2000-10-13,INR,AMD,reference,11.8
2000-10-13,IRR,AMD,reference,0.3015
2000-10-13,ISK,AMD,reference,65.16
2000-10-13,ITL,AMD,reference,0.246
2000-10-13,JPY,AMD,reference,5.075
2000-10-13,KGS,AMD,reference,11.35
2000-10-13,KRW,AMD,reference,0.4891
2000-10-13,KWD,AMD,reference,1776.84
2000-10-13,KZT,AMD,reference,38.26
2000-10-13,LBP,AMD,reference,0.3623
2000-10-13,LTL,AMD,reference,136.54
2000-10-13,LVL,AMD,reference,883.74
2000-10-13,MDL,AMD,reference,44.61
2000-10-13,MXN,AMD,reference,57.62
2000-10-13,NLG,AMD,reference,216.11
2000-10-13,NOK,AMD,reference,58.99
2000-10-13,PLZ,AMD,reference,117.14
2000-10-13,PTE,AMD,reference,2.375
2000-10-13,ROL,AMD,reference,0.02233
2000-10-13,RUB,AMD,reference,19.4
2000-10-13,SAR,AMD,reference,145.62
2000-10-13,SDR,AMD,reference,696.21
2000-10-13,SEK,AMD,reference,55.26
2000-10-13,SGD,AMD,reference,312.11
2000-10-13,SKK,AMD,reference,10.8
2000-10-13,SYP,AMD,reference,12.14
2000-10-13,TAD,AMD,reference,2.664
2000-10-13,TJS,AMD,reference,2.664
2000-10-13,TMM,AMD,reference,0.105
2000-10-13,TMT,AMD,reference,0.105
2000-10-13,TRL,AMD,reference,0.00815
2000-10-13,UAH,AMD,reference,100.4
2000-10-13,USD,AMD,reference,546.15
2000-10-13,USM,AMD,reference,18.25
2000-10-16,AED,AMD,reference,149.02
2000-10-16,ARP,AMD,reference,547.3
2000-10-16,ATS,AMD,reference,34.39
2000-10-16,AUD,AMD,reference,290.17
2000-10-16,BEF,AMD,reference,11.731
2000-10-16,BGL,AMD,reference,243.96
2000-10-16,BRC,AMD,reference,294.09
2000-10-16,BYR,AMD,reference,0.522
2000-10-16,CAD,AMD,reference,362.76
2000-10-16,CHF,AMD,reference,313.07
2000-10-16,CNY,AMD,reference,66.1
2000-10-16,CZK,AMD,reference,13.38
2000-10-16,DEM,AMD,reference,241.95
2000-10-16,DKK,AMD,reference,63.64
2000-10-16,EEK,AMD,reference,30.27
2000-10-16,EGP,AMD,reference,147.06
2000-10-16,ESP,AMD,reference,2.844
2000-10-16,EUR,AMD,reference,473.21
2000-10-16,FIM,AMD,reference,79.59
2000-10-16,FRF,AMD,reference,72.14
2000-10-16,GBP,AMD,reference,806.61
2000-10-16,GEL,AMD,reference,277.76
2000-10-16,GRD,AMD,reference,1.407
2000-10-16,HUF,AMD,reference,1.799
2000-10-16,IEP,AMD,reference,600.86
2000-10-16,ILS,AMD,reference,132.81
2000-10-16,INR,AMD,reference,11.81
2000-10-16,IRR,AMD,reference,0.3015
2000-10-16,ISK,AMD,reference,65.28
2000-10-16,ITL,AMD,reference,0.2444
2000-10-16,JPY,AMD,reference,5.079
2000-10-16,KGS,AMD,reference,11.37
2000-10-16,KRW,AMD,reference,0.4894
2000-10-16,KWD,AMD,reference,1780.23
2000-10-16,KZT,AMD,reference,38.33
2000-10-16,LBP,AMD,reference,0.363
2000-10-16,LTL,AMD,reference,136.8
2000-10-16,LVL,AMD,reference,885.42
2000-10-16,MDL,AMD,reference,44.69
2000-10-16,MXN,AMD,reference,57.5
2000-10-16,NLG,AMD,reference,214.73
2000-10-16,NOK,AMD,reference,59.1
2000-10-16,PLZ,AMD,reference,117.36
2000-10-16,PTE,AMD,reference,2.36
2000-10-16,ROL,AMD,reference,0.02237
2000-10-16,RUB,AMD,reference,19.55
2000-10-16,SAR,AMD,reference,145.89
2000-10-16,SDR,AMD,reference,696.21
2000-10-16,SEK,AMD,reference,55.2
2000-10-16,SGD,AMD,reference,312.43
2000-10-16,SKK,AMD,reference,10.81
2000-10-16,SYP,AMD,reference,12.16
2000-10-16,TAD,AMD,reference,2.669
2000-10-16,TJS,AMD,reference,2.669
2000-10-16,TMM,AMD,reference,0.1052
2000-10-16,TMT,AMD,reference,0.1052
2000-10-16,TRL,AMD,reference,0.00814
2000-10-16,UAH,AMD,reference,100.59
2000-10-16,USD,AMD,reference,547.19
2000-10-16,USM,AMD,reference,18.29
2000-10-17,AED,AMD,reference,149.13
2000-10-17,ARP,AMD,reference,548.08
2000-10-17,ATS,AMD,reference,34.33
2000-10-17,AUD,AMD,reference,288.21
2000-10-17,BEF,AMD,reference,11.711
2000-10-17,BGL,AMD,reference,241.55
2000-10-17,BRC,AMD,reference,291.92
2000-10-17,BYR,AMD,reference,0.523
2000-10-17,CAD,AMD,reference,361.86
2000-10-17,CHF,AMD,reference,313.55
2000-10-17,CNY,AMD,reference,66.15
2000-10-17,CZK,AMD,reference,13.2
2000-10-17,DEM,AMD,reference,241.55
2000-10-17,DKK,AMD,reference,62.66
2000-10-17,EEK,AMD,reference,29.83
2000-10-17,EGP,AMD,reference,145.79
2000-10-17,ESP,AMD,reference,2.839
2000-10-17,EUR,AMD,reference,472.42
2000-10-17,FIM,AMD,reference,79.46
2000-10-17,FRF,AMD,reference,72.02
2000-10-17,GBP,AMD,reference,791.95
2000-10-17,GEL,AMD,reference,277.97
2000-10-17,GRD,AMD,reference,1.374
2000-10-17,HUF,AMD,reference,1.774
2000-10-17,IEP,AMD,reference,599.85
2000-10-17,ILS,AMD,reference,133.3
2000-10-17,INR,AMD,reference,11.81
2000-10-17,IRR,AMD,reference,0.3015
2000-10-17,ISK,AMD,reference,64.39
2000-10-17,ITL,AMD,reference,0.244
2000-10-17,JPY,AMD,reference,5.076
2000-10-17,KGS,AMD,reference,11.41
2000-10-17,KRW,AMD,reference,0.4879
2000-10-17,KWD,AMD,reference,1780.17
2000-10-17,KZT,AMD,reference,38.4
2000-10-17,LBP,AMD,reference,0.3633
2000-10-17,LTL,AMD,reference,136.9
2000-10-17,LVL,AMD,reference,884.67
2000-10-17,MDL,AMD,reference,44.64
2000-10-17,MXN,AMD,reference,57.1
2000-10-17,NLG,AMD,reference,214.38
2000-10-17,NOK,AMD,reference,58.71
2000-10-17,PLZ,AMD,reference,117.09
2000-10-17,PTE,AMD,reference,2.356
2000-10-17,ROL,AMD,reference,0.02232
2000-10-17,RUB,AMD,reference,19.55
2000-10-17,SAR,AMD,reference,146
2000-10-17,SDR,AMD,reference,696.21
2000-10-17,SEK,AMD,reference,55.38
2000-10-17,SGD,AMD,reference,312.47
2000-10-17,SKK,AMD,reference,10.67
2000-10-17,SYP,AMD,reference,11.9
2000-10-17,TAD,AMD,reference,2.671
2000-10-17,TJS,AMD,reference,2.671
2000-10-17,TMM,AMD,reference,0.1053
2000-10-17,TMT,AMD,reference,0.1053
2000-10-17,TRL,AMD,reference,0.00813
2000-10-17,UAH,AMD,reference,100.68
2000-10-17,USD,AMD,reference,547.61
2000-10-17,USM,AMD,reference,18.2
2000-10-18,AED,AMD,reference,149.13
2000-10-18,ARP,AMD,reference,548.08
2000-10-18,ATS,AMD,reference,33.87
2000-10-18,AUD,AMD,reference,285.63
2000-10-18,BEF,AMD,reference,11.554
2000-10-18,BGL,AMD,reference,238.3
2000-10-18,BRC,AMD,reference,292.75
2000-10-18,BYR,AMD,reference,0.523
2000-10-18,CAD,AMD,reference,360.48
2000-10-18,CHF,AMD,reference,308.21
2000-10-18,CNY,AMD,reference,66.15
2000-10-18,CZK,AMD,reference,13.15
2000-10-18,DEM,AMD,reference,238.3
2000-10-18,DKK,AMD,reference,62.44
2000-10-18,EEK,AMD,reference,29.83
2000-10-18,EGP,AMD,reference,145.82
2000-10-18,ESP,AMD,reference,2.801
2000-10-18,EUR,AMD,reference,466.07
2000-10-18,FIM,AMD,reference,78.39
2000-10-18,FRF,AMD,reference,71.05
2000-10-18,GBP,AMD,reference,788.07
2000-10-18,GEL,AMD,reference,277.97
2000-10-18,GRD,AMD,reference,1.374
2000-10-18,HUF,AMD,reference,1.771
2000-10-18,IEP,AMD,reference,591.79
2000-10-18,ILS,AMD,reference,132.21
2000-10-18,INR,AMD,reference,11.81
2000-10-18,IRR,AMD,reference,0.3015
2000-10-18,ISK,AMD,reference,64.39
2000-10-18,ITL,AMD,reference,0.2407
2000-10-18,JPY,AMD,reference,5.062
2000-10-18,KGS,AMD,reference,11.41
2000-10-18,KRW,AMD,reference,0.4852
2000-10-18,KWD,AMD,reference,1778.47
2000-10-18,KZT,AMD,reference,38.4
2000-10-18,LBP,AMD,reference,0.3633
2000-10-18,LTL,AMD,reference,136.9
2000-10-18,LVL,AMD,reference,880.4
2000-10-18,MDL,AMD,reference,44.58
2000-10-18,MXN,AMD,reference,57.39
2000-10-18,NLG,AMD,reference,211.49
2000-10-18,NOK,AMD,reference,58.19
2000-10-18,PLZ,AMD,reference,116.77
2000-10-18,PTE,AMD,reference,2.325
2000-10-18,ROL,AMD,reference,0.02229
2000-10-18,RUB,AMD,reference,19.55
2000-10-18,SAR,AMD,reference,146
2000-10-18,SDR,AMD,reference,696.21
2000-10-18,SEK,AMD,reference,54.67
2000-10-18,SGD,AMD,reference,312.41
2000-10-18,SKK,AMD,reference,10.67
2000-10-18,SYP,AMD,reference,12.17
2000-10-18,TAD,AMD,reference,2.671
2000-10-18,TJS,AMD,reference,2.671
2000-10-18,TMM,AMD,reference,0.1053
2000-10-18,TMT,AMD,reference,0.1053
2000-10-18,TRL,AMD,reference,0.00808
2000-10-18,UAH,AMD,reference,100.68
2000-10-18,USD,AMD,reference,547.61
2000-10-18,USM,AMD,reference,18.01
2000-10-19,AED,AMD,reference,149.36
2000-10-19,ARP,AMD,reference,548.57
2000-10-19,ATS,AMD,reference,33.86
2000-10-19,AUD,AMD,reference,285.2
2000-10-19,BEF,AMD,reference,11.551
2000-10-19,BGL,AMD,reference,238.25
2000-10-19,BRC,AMD,reference,292.83
2000-10-19,BYR,AMD,reference,0.523
2000-10-19,CAD,AMD,reference,361.11
2000-10-19,CHF,AMD,reference,308.12
2000-10-19,CNY,AMD,reference,66.25
2000-10-19,CZK,AMD,reference,13.25
2000-10-19,DEM,AMD,reference,238.25
2000-10-19,DKK,AMD,reference,62.93
2000-10-19,EEK,AMD,reference,29.93
2000-10-19,EGP,AMD,reference,145.58
2000-10-19,ESP,AMD,reference,2.801
2000-10-19,EUR,AMD,reference,465.97
2000-10-19,FIM,AMD,reference,78.37
2000-10-19,FRF,AMD,reference,71.04
2000-10-19,GBP,AMD,reference,793.51
2000-10-19,GEL,AMD,reference,277.97
2000-10-19,GRD,AMD,reference,1.373
2000-10-19,HUF,AMD,reference,1.781
2000-10-19,IEP,AMD,reference,591.66
2000-10-19,ILS,AMD,reference,133.64
2000-10-19,INR,AMD,reference,11.85
2000-10-19,IRR,AMD,reference,0.3015
2000-10-19,ISK,AMD,reference,64.41
2000-10-19,ITL,AMD,reference,0.2407
2000-10-19,JPY,AMD,reference,5.077
2000-10-19,KGS,AMD,reference,11.43
2000-10-19,KRW,AMD,reference,0.4859
2000-10-19,KWD,AMD,reference,1780.9
2000-10-19,KZT,AMD,reference,38.46
2000-10-19,LBP,AMD,reference,0.3638
2000-10-19,LTL,AMD,reference,137.12
2000-10-19,LVL,AMD,reference,880.35
2000-10-19,MDL,AMD,reference,44.7
2000-10-19,MXN,AMD,reference,57.45
2000-10-19,NLG,AMD,reference,211.45
2000-10-19,NOK,AMD,reference,57.97
2000-10-19,PLZ,AMD,reference,117.29
2000-10-19,PTE,AMD,reference,2.324
2000-10-19,ROL,AMD,reference,0.0223
2000-10-19,RUB,AMD,reference,19.55
2000-10-19,SAR,AMD,reference,146.23
2000-10-19,SDR,AMD,reference,696.21
2000-10-19,SEK,AMD,reference,54.79
2000-10-19,SGD,AMD,reference,312.31
2000-10-19,SKK,AMD,reference,10.72
2000-10-19,SYP,AMD,reference,11.92
2000-10-19,TAD,AMD,reference,2.671
2000-10-19,TJS,AMD,reference,2.671
2000-10-19,TMM,AMD,reference,0.1055
2000-10-19,TMT,AMD,reference,0.1055
2000-10-19,TRL,AMD,reference,0.00809
2000-10-19,UAH,AMD,reference,100.85
2000-10-19,USD,AMD,reference,548.46
2000-10-19,USM,AMD,reference,18.04
2000-10-20,AED,AMD,reference,149.36
2000-10-20,ARP,AMD,reference,548.57
2000-10-20,ATS,AMD,reference,33.98
2000-10-20,AUD,AMD,reference,284.1
2000-10-20,BEF,AMD,reference,11.591
2000-10-20,BGL,AMD,reference,239.06
2000-10-20,BRC,AMD,reference,292.45
2000-10-20,BYR,AMD,reference,0.523
2000-10-20,CAD,AMD,reference,360.83
2000-10-20,CHF,AMD,reference,309.93
2000-10-20,CNY,AMD,reference,66.26
2000-10-20,CZK,AMD,reference,13.26
2000-10-20,DEM,AMD,reference,239.06
2000-10-20,DKK,AMD,reference,62.01
2000-10-20,EEK,AMD,reference,29.55
2000-10-20,EGP,AMD,reference,145.16
2000-10-20,ESP,AMD,reference,2.81
2000-10-20,EUR,AMD,reference,467.56
2000-10-20,FIM,AMD,reference,78.64
2000-10-20,FRF,AMD,reference,71.28
2000-10-20,GBP,AMD,reference,793.18
2000-10-20,GEL,AMD,reference,277.97
2000-10-20,GRD,AMD,reference,1.38
2000-10-20,HUF,AMD,reference,1.758
2000-10-20,IEP,AMD,reference,593.68
2000-10-20,ILS,AMD,reference,133.45
2000-10-20,INR,AMD,reference,11.85
2000-10-20,IRR,AMD,reference,0.3015
2000-10-20,ISK,AMD,reference,63.9
2000-10-20,ITL,AMD,reference,0.2415
2000-10-20,JPY,AMD,reference,5.087
2000-10-20,KGS,AMD,reference,11.43
2000-10-20,KRW,AMD,reference,0.4871
2000-10-20,KWD,AMD,reference,1781.45
2000-10-20,KZT,AMD,reference,38.46
2000-10-20,LBP,AMD,reference,0.3638
2000-10-20,LTL,AMD,reference,137.12
2000-10-20,LVL,AMD,reference,883.19
2000-10-20,MDL,AMD,reference,44.66
2000-10-20,MXN,AMD,reference,57.26
2000-10-20,NLG,AMD,reference,212.17
2000-10-20,NOK,AMD,reference,58.11
2000-10-20,PLZ,AMD,reference,116.77
2000-10-20,PTE,AMD,reference,2.332
2000-10-20,ROL,AMD,reference,0.02227
2000-10-20,RUB,AMD,reference,19.55
2000-10-20,SAR,AMD,reference,146.23
2000-10-20,SDR,AMD,reference,696.21
2000-10-20,SEK,AMD,reference,54.78
2000-10-20,SGD,AMD,reference,312.23
2000-10-20,SKK,AMD,reference,10.55
2000-10-20,SYP,AMD,reference,12.19
2000-10-20,TAD,AMD,reference,2.671
2000-10-20,TJS,AMD,reference,2.671
2000-10-20,TMM,AMD,reference,0.1055
2000-10-20,TMT,AMD,reference,0.1055
2000-10-20,TRL,AMD,reference,0.00809
2000-10-20,UAH,AMD,reference,100.85
2000-10-20,USD,AMD,reference,548.46
2000-10-20,USM,AMD,reference,18.04
2000-10-23,AED,AMD,reference,149.54
2000-10-23,ARP,AMD,reference,549.23
2000-10-23,ATS,AMD,reference,33.57
2000-10-23,AUD,AMD,reference,289.5
2000-10-23,BEF,AMD,reference,11.449
2000-10-23,BGL,AMD,reference,236.15
2000-10-23,BRC,AMD,reference,293
2000-10-23,BYR,AMD,reference,0.522
2000-10-23,CAD,AMD,reference,363.44
2000-10-23,CHF,AMD,reference,307.09
2000-10-23,CNY,AMD,reference,66.34
2000-10-23,CZK,AMD,reference,13.33
2000-10-23,DEM,AMD,reference,236.15
2000-10-23,DKK,AMD,reference,62.32
2000-10-23,EEK,AMD,reference,29.59
2000-10-23,EGP,AMD,reference,145.33
2000-10-23,ESP,AMD,reference,2.776
2000-10-23,EUR,AMD,reference,461.86
2000-10-23,FIM,AMD,reference,77.68
2000-10-23,FRF,AMD,reference,70.41
2000-10-23,GBP,AMD,reference,795.51
2000-10-23,GEL,AMD,reference,277.97
2000-10-23,GRD,AMD,reference,1.364
2000-10-23,HUF,AMD,reference,1.768
2000-10-23,IEP,AMD,reference,586.45
2000-10-23,ILS,AMD,reference,133.25
2000-10-23,INR,AMD,reference,11.86
2000-10-23,IRR,AMD,reference,0.3015
2000-10-23,ISK,AMD,reference,64.08
2000-10-23,ITL,AMD,reference,0.2385
2000-10-23,JPY,AMD,reference,5.059
2000-10-23,KGS,AMD,reference,11.44
2000-10-23,KRW,AMD,reference,0.4859
2000-10-23,KWD,AMD,reference,1782.17
2000-10-23,KZT,AMD,reference,38.51
2000-10-23,LBP,AMD,reference,0.3643
2000-10-23,LTL,AMD,reference,137.28
2000-10-23,LVL,AMD,reference,880
2000-10-23,MDL,AMD,reference,44.73
2000-10-23,MXN,AMD,reference,57.57
2000-10-23,NLG,AMD,reference,209.59
2000-10-23,NOK,AMD,reference,57.68
2000-10-23,PLZ,AMD,reference,117.83
2000-10-23,PTE,AMD,reference,2.304
2000-10-23,ROL,AMD,reference,0.02227
2000-10-23,RUB,AMD,reference,19.55
2000-10-23,SAR,AMD,reference,146.4
2000-10-23,SDR,AMD,reference,696.21
2000-10-23,SEK,AMD,reference,54.31
2000-10-23,SGD,AMD,reference,313.78
2000-10-23,SKK,AMD,reference,10.64
2000-10-23,SYP,AMD,reference,12.2
2000-10-23,TAD,AMD,reference,2.671
2000-10-23,TJS,AMD,reference,2.671
2000-10-23,TMM,AMD,reference,0.1056
2000-10-23,TMT,AMD,reference,0.1056
2000-10-23,TRL,AMD,reference,0.00806
2000-10-23,UAH,AMD,reference,100.98
2000-10-23,USD,AMD,reference,549.12
2000-10-23,USM,AMD,reference,18.06
2000-10-24,AED,AMD,reference,149.71
2000-10-24,ARP,AMD,reference,550.05
2000-10-24,ATS,AMD,reference,33.77
2000-10-24,AUD,AMD,reference,290.53
2000-10-24,BEF,AMD,reference,11.518
2000-10-24,BGL,AMD,reference,237.56
2000-10-24,BRC,AMD,reference,292.25
2000-10-24,BYR,AMD,reference,0.523
2000-10-24,CAD,AMD,reference,363.36
2000-10-24,CHF,AMD,reference,308.56
2000-10-24,CNY,AMD,reference,66.4
2000-10-24,CZK,AMD,reference,13.28
2000-10-24,DEM,AMD,reference,237.56
2000-10-24,DKK,AMD,reference,62.01
2000-10-24,EEK,AMD,reference,29.75
2000-10-24,EGP,AMD,reference,143.64
2000-10-24,ESP,AMD,reference,2.792
2000-10-24,EUR,AMD,reference,464.62
2000-10-24,FIM,AMD,reference,78.14
2000-10-24,FRF,AMD,reference,70.83
2000-10-24,GBP,AMD,reference,801.11
2000-10-24,GEL,AMD,reference,277.97
2000-10-24,GRD,AMD,reference,1.371
2000-10-24,HUF,AMD,reference,1.77
2000-10-24,IEP,AMD,reference,589.95
2000-10-24,ILS,AMD,reference,133.39
2000-10-24,INR,AMD,reference,11.88
2000-10-24,IRR,AMD,reference,0.3015
2000-10-24,ISK,AMD,reference,64.15
2000-10-24,ITL,AMD,reference,0.24
2000-10-24,JPY,AMD,reference,5.047
2000-10-24,KGS,AMD,reference,11.45
2000-10-24,KRW,AMD,reference,0.4821
2000-10-24,KWD,AMD,reference,1783.24
2000-10-24,KZT,AMD,reference,38.55
2000-10-24,LBP,AMD,reference,0.3647
2000-10-24,LTL,AMD,reference,137.43
2000-10-24,LVL,AMD,reference,882.38
2000-10-24,MDL,AMD,reference,44.8
2000-10-24,MXN,AMD,reference,57.52
2000-10-24,NLG,AMD,reference,210.84
2000-10-24,NOK,AMD,reference,58.05
2000-10-24,PLZ,AMD,reference,116.67
2000-10-24,PTE,AMD,reference,2.318
2000-10-24,ROL,AMD,reference,0.02227
2000-10-24,RUB,AMD,reference,19.55
2000-10-24,SAR,AMD,reference,146.56
2000-10-24,SDR,AMD,reference,696.21
2000-10-24,SEK,AMD,reference,54.44
2000-10-24,SGD,AMD,reference,313.34
2000-10-24,SKK,AMD,reference,10.64
2000-10-24,SYP,AMD,reference,12.22
2000-10-24,TAD,AMD,reference,2.671
2000-10-24,TJS,AMD,reference,2.671
2000-10-24,TMM,AMD,reference,0.1057
2000-10-24,TMT,AMD,reference,0.1057
2000-10-24,TRL,AMD,reference,0.00807
2000-10-24,UAH,AMD,reference,101.1
2000-10-24,USD,AMD,reference,549.72
2000-10-24,USM,AMD,reference,18.08
2000-10-25,AED,AMD,reference,149.71
2000-10-25,ARP,AMD,reference,549.83
2000-10-25,ATS,AMD,reference,33.47
2000-10-25,AUD,AMD,reference,289.04
2000-10-25,BEF,AMD,reference,11.416
2000-10-25,BGL,AMD,reference,235.45
2000-10-25,BRC,AMD,reference,290.62
2000-10-25,BYR,AMD,reference,0.522
2000-10-25,CAD,AMD,reference,364.46
2000-10-25,CHF,AMD,reference,306.71
2000-10-25,CNY,AMD,reference,66.4
2000-10-25,CZK,AMD,reference,13.21
2000-10-25,DEM,AMD,reference,235.45
2000-10-25,DKK,AMD,reference,61.91
2000-10-25,EEK,AMD,reference,29.46
2000-10-25,EGP,AMD,reference,143.95
2000-10-25,ESP,AMD,reference,2.768
2000-10-25,EUR,AMD,reference,460.5
2000-10-25,FIM,AMD,reference,77.45
2000-10-25,FRF,AMD,reference,70.2
2000-10-25,GBP,AMD,reference,799.57
2000-10-25,GEL,AMD,reference,277.97
2000-10-25,GRD,AMD,reference,1.359
2000-10-25,HUF,AMD,reference,1.756
2000-10-25,IEP,AMD,reference,584.71
2000-10-25,ILS,AMD,reference,132.72
2000-10-25,INR,AMD,reference,11.88
2000-10-25,IRR,AMD,reference,0.3015
2000-10-25,ISK,AMD,reference,63.64
2000-10-25,ITL,AMD,reference,0.2378
2000-10-25,JPY,AMD,reference,5.084
2000-10-25,KGS,AMD,reference,11.45
2000-10-25,KRW,AMD,reference,0.4871
2000-10-25,KWD,AMD,reference,1783.9
2000-10-25,KZT,AMD,reference,38.55
2000-10-25,LBP,AMD,reference,0.3647
2000-10-25,LTL,AMD,reference,137.43
2000-10-25,LVL,AMD,reference,879.55
2000-10-25,MDL,AMD,reference,44.67
2000-10-25,MXN,AMD,reference,57.44
2000-10-25,NLG,AMD,reference,208.97
2000-10-25,NOK,AMD,reference,57.99
2000-10-25,PLZ,AMD,reference,117.02
2000-10-25,PTE,AMD,reference,2.297
2000-10-25,ROL,AMD,reference,0.02225
2000-10-25,RUB,AMD,reference,19.55
2000-10-25,SAR,AMD,reference,146.56
2000-10-25,SDR,AMD,reference,696.21
2000-10-25,SEK,AMD,reference,54.24
2000-10-25,SGD,AMD,reference,313.37
2000-10-25,SKK,AMD,reference,10.61
2000-10-25,SYP,AMD,reference,12.22
2000-10-25,TAD,AMD,reference,2.671
2000-10-25,TJS,AMD,reference,2.671
2000-10-25,TMM,AMD,reference,0.1057
2000-10-25,TMT,AMD,reference,0.1057
2000-10-25,TRL,AMD,reference,0.00804
2000-10-25,UAH,AMD,reference,101.1
2000-10-25,USD,AMD,reference,549.72
2000-10-25,USM,AMD,reference,18.08
2000-10-26,AED,AMD,reference,149.9
2000-10-26,ARP,AMD,reference,550.53
2000-10-26,ATS,AMD,reference,33.54
2000-10-26,AUD,AMD,reference,290.29
2000-10-26,BEF,AMD,reference,11.442
2000-10-26,BGL,AMD,reference,236
2000-10-26,BRC,AMD,reference,289.76
2000-10-26,BYR,AMD,reference,0.522
2000-10-26,CAD,AMD,reference,364.15
2000-10-26,CHF,AMD,reference,307.39
2000-10-26,CNY,AMD,reference,66.49
2000-10-26,CZK,AMD,reference,13.17
2000-10-26,DEM,AMD,reference,236
2000-10-26,DKK,AMD,reference,61.44
2000-10-26,EEK,AMD,reference,29.5
2000-10-26,EGP,AMD,reference,143.67
2000-10-26,ESP,AMD,reference,2.774
2000-10-26,EUR,AMD,reference,461.58
2000-10-26,FIM,AMD,reference,77.63
2000-10-26,FRF,AMD,reference,70.37
2000-10-26,GBP,AMD,reference,800.59
2000-10-26,GEL,AMD,reference,277.97
2000-10-26,GRD,AMD,reference,1.357
2000-10-26,HUF,AMD,reference,1.746
2000-10-26,IEP,AMD,reference,586.09
2000-10-26,ILS,AMD,reference,132.34
2000-10-26,INR,AMD,reference,11.81
2000-10-26,IRR,AMD,reference,0.3015
2000-10-26,ISK,AMD,reference,63.72
2000-10-26,ITL,AMD,reference,0.2384
2000-10-26,JPY,AMD,reference,5.096
2000-10-26,KGS,AMD,reference,11.46
2000-10-26,KRW,AMD,reference,0.4877
2000-10-26,KWD,AMD,reference,1786.11
2000-10-26,KZT,AMD,reference,38.6
2000-10-26,LBP,AMD,reference,0.3651
2000-10-26,LTL,AMD,reference,137.61
2000-10-26,LVL,AMD,reference,882.08
2000-10-26,MDL,AMD,reference,44.81
2000-10-26,MXN,AMD,reference,57.5
2000-10-26,NLG,AMD,reference,209.46
2000-10-26,NOK,AMD,reference,58.09
2000-10-26,PLZ,AMD,reference,117.49
2000-10-26,PTE,AMD,reference,2.302
2000-10-26,ROL,AMD,reference,0.02226
2000-10-26,RUB,AMD,reference,19.55
2000-10-26,SAR,AMD,reference,146.75
2000-10-26,SDR,AMD,reference,696.21
2000-10-26,SEK,AMD,reference,54.62
2000-10-26,SGD,AMD,reference,314.61
2000-10-26,SKK,AMD,reference,10.51
2000-10-26,SYP,AMD,reference,11.97
2000-10-26,TAD,AMD,reference,2.671
2000-10-26,TJS,AMD,reference,2.671
2000-10-26,TMM,AMD,reference,0.1059
2000-10-26,TMT,AMD,reference,0.1059
2000-10-26,TRL,AMD,reference,0.00805
2000-10-26,UAH,AMD,reference,101.23
2000-10-26,USD,AMD,reference,550.42
2000-10-26,USM,AMD,reference,18.01
2000-10-27,AED,AMD,reference,150.1
2000-10-27,ARP,AMD,reference,551.27
2000-10-27,ATS,AMD,reference,33.27
2000-10-27,AUD,AMD,reference,286.05
2000-10-27,BEF,AMD,reference,11.35
2000-10-27,BGL,AMD,reference,234.09
2000-10-27,BRC,AMD,reference,286.45
2000-10-27,BYR,AMD,reference,0.523
2000-10-27,CAD,AMD,reference,363.71
2000-10-27,CHF,AMD,reference,304.93
2000-10-27,CNY,AMD,reference,66.58
2000-10-27,CZK,AMD,reference,13.08
2000-10-27,DEM,AMD,reference,234.09
2000-10-27,DKK,AMD,reference,61.2
2000-10-27,EEK,AMD,reference,29.24
2000-10-27,EGP,AMD,reference,143.49
2000-10-27,ESP,AMD,reference,2.752
2000-10-27,EUR,AMD,reference,457.85
2000-10-27,FIM,AMD,reference,77
2000-10-27,FRF,AMD,reference,69.8
2000-10-27,GBP,AMD,reference,785.07
2000-10-27,GEL,AMD,reference,277.97
2000-10-27,GRD,AMD,reference,1.35
2000-10-27,HUF,AMD,reference,1.729
2000-10-27,IEP,AMD,reference,581.35
2000-10-27,ILS,AMD,reference,132.91
2000-10-27,INR,AMD,reference,11.82
2000-10-27,IRR,AMD,reference,0.3015
2000-10-27,ISK,AMD,reference,62.77
2000-10-27,ITL,AMD,reference,0.2365
2000-10-27,JPY,AMD,reference,5.099
2000-10-27,KGS,AMD,reference,11.48
2000-10-27,KRW,AMD,reference,0.4862
2000-10-27,KWD,AMD,reference,1786.48
2000-10-27,KZT,AMD,reference,38.65
2000-10-27,LBP,AMD,reference,0.3656
2000-10-27,LTL,AMD,reference,137.79
2000-10-27,LVL,AMD,reference,883.27
2000-10-27,MDL,AMD,reference,44.87
2000-10-27,MXN,AMD,reference,57.28
2000-10-27,NLG,AMD,reference,207.76
2000-10-27,NOK,AMD,reference,57.62
2000-10-27,PLZ,AMD,reference,117.86
2000-10-27,PTE,AMD,reference,2.284
2000-10-27,ROL,AMD,reference,0.02224
2000-10-27,RUB,AMD,reference,19.55
2000-10-27,SAR,AMD,reference,146.95
2000-10-27,SDR,AMD,reference,696.21
2000-10-27,SEK,AMD,reference,54.12
2000-10-27,SGD,AMD,reference,314.67
2000-10-27,SKK,AMD,reference,10.48
2000-10-27,SYP,AMD,reference,12.25
2000-10-27,TAD,AMD,reference,2.671
2000-10-27,TJS,AMD,reference,2.671
2000-10-27,TMM,AMD,reference,0.106
2000-10-27,TMT,AMD,reference,0.106
2000-10-27,TRL,AMD,reference,0.00803
2000-10-27,UAH,AMD,reference,101.37
2000-10-27,USD,AMD,reference,551.16
2000-10-27,USM,AMD,reference,18.03
2000-10-28,AED,AMD,reference,150.11
2000-10-28,ARP,AMD,reference,551.32
2000-10-28,ATS,AMD,reference,33.06
2000-10-28,AUD,AMD,reference,286.41
2000-10-28,BEF,AMD,reference,11.276
2000-10-28,BGL,AMD,reference,232.57
2000-10-28,BRC,AMD,reference,283.32
2000-10-28,BYR,AMD,reference,0.521
2000-10-28,CAD,AMD,reference,363
2000-10-28,CHF,AMD,reference,301.47
2000-10-28,CNY,AMD,reference,66.58
2000-10-28,CZK,AMD,reference,13.16
2000-10-28,DEM,AMD,reference,232.57
2000-10-28,DKK,AMD,reference,61.52
2000-10-28,EEK,AMD,reference,29.25
2000-10-28,EGP,AMD,reference,143.5
2000-10-28,ESP,AMD,reference,2.734
2000-10-28,EUR,AMD,reference,454.86
2000-10-28,FIM,AMD,reference,76.5
2000-10-28,FRF,AMD,reference,69.34
2000-10-28,GBP,AMD,reference,790.55
2000-10-28,GEL,AMD,reference,277.97
2000-10-28,GRD,AMD,reference,1.345
2000-10-28,HUF,AMD,reference,1.743
2000-10-28,IEP,AMD,reference,577.55
2000-10-28,ILS,AMD,reference,133.14
2000-10-28,INR,AMD,reference,11.81
2000-10-28,IRR,AMD,reference,0.3015
2000-10-28,ISK,AMD,reference,62.61
2000-10-28,ITL,AMD,reference,0.2349
2000-10-28,JPY,AMD,reference,5.085
2000-10-28,KGS,AMD,reference,11.48
2000-10-28,KRW,AMD,reference,0.4855
2000-10-28,KWD,AMD,reference,1786.2
2000-10-28,KZT,AMD,reference,38.65
2000-10-28,LBP,AMD,reference,0.3656
2000-10-28,LTL,AMD,reference,137.8
2000-10-28,LVL,AMD,reference,879.12
2000-10-28,MDL,AMD,reference,44.87
2000-10-28,MXN,AMD,reference,56.88
2000-10-28,NLG,AMD,reference,206.41
2000-10-28,NOK,AMD,reference,57.38
2000-10-28,PLZ,AMD,reference,117.67
2000-10-28,PTE,AMD,reference,2.269
2000-10-28,ROL,AMD,reference,0.02222
2000-10-28,RUB,AMD,reference,19.55
2000-10-28,SAR,AMD,reference,146.96
2000-10-28,SDR,AMD,reference,696.21
2000-10-28,SEK,AMD,reference,53.58
2000-10-28,SGD,AMD,reference,314.05
2000-10-28,SKK,AMD,reference,10.57
2000-10-28,SYP,AMD,reference,11.98
2000-10-28,TAD,AMD,reference,2.671
2000-10-28,TJS,AMD,reference,2.671
2000-10-28,TMM,AMD,reference,0.106
2000-10-28,TMT,AMD,reference,0.106
2000-10-28,TRL,AMD,reference,0.00801
2000-10-28,UAH,AMD,reference,101.38
2000-10-28,USD,AMD,reference,551.21
2000-10-28,USM,AMD,reference,18.04
2000-10-30,AED,AMD,reference,150.11
2000-10-30,ARP,AMD,reference,551.53
2000-10-30,ATS,AMD,reference,33.34
2000-10-30,AUD,AMD,reference,286.41
2000-10-30,BEF,AMD,reference,11.374
2000-10-30,BGL,AMD,reference,234.59
2000-10-30,BRC,AMD,reference,285.82
2000-10-30,BYR,AMD,reference,0.521
2000-10-30,CAD,AMD,reference,360.93
2000-10-30,CHF,AMD,reference,303.38
2000-10-30,CNY,AMD,reference,66.58
2000-10-30,CZK,AMD,reference,13.16
2000-10-30,DEM,AMD,reference,234.59
2000-10-30,DKK,AMD,reference,61.52
2000-10-30,EEK,AMD,reference,29.29
2000-10-30,EGP,AMD,reference,143.5
2000-10-30,ESP,AMD,reference,2.758
2000-10-30,EUR,AMD,reference,458.83
2000-10-30,FIM,AMD,reference,77.17
2000-10-30,FRF,AMD,reference,69.95
2000-10-30,GBP,AMD,reference,790.55
2000-10-30,GEL,AMD,reference,277.97
2000-10-30,GRD,AMD,reference,1.351
2000-10-30,HUF,AMD,reference,1.743
2000-10-30,IEP,AMD,reference,582.59
2000-10-30,ILS,AMD,reference,133.14
2000-10-30,INR,AMD,reference,11.81
2000-10-30,IRR,AMD,reference,0.3015
2000-10-30,ISK,AMD,reference,62.61
2000-10-30,ITL,AMD,reference,0.237
2000-10-30,JPY,AMD,reference,5.085
2000-10-30,KGS,AMD,reference,11.41
2000-10-30,KRW,AMD,reference,0.485
2000-10-30,KWD,AMD,reference,1786.8
2000-10-30,KZT,AMD,reference,38.65
2000-10-30,LBP,AMD,reference,0.3656
2000-10-30,LTL,AMD,reference,137.8
2000-10-30,LVL,AMD,reference,879.12
2000-10-30,MDL,AMD,reference,44.87
2000-10-30,MXN,AMD,reference,57.24
2000-10-30,NLG,AMD,reference,208.21
2000-10-30,NOK,AMD,reference,57.89
2000-10-30,PLZ,AMD,reference,117.67
2000-10-30,PTE,AMD,reference,2.289
2000-10-30,ROL,AMD,reference,0.02222
2000-10-30,RUB,AMD,reference,19.55
2000-10-30,SAR,AMD,reference,146.96
2000-10-30,SDR,AMD,reference,696.21
2000-10-30,SEK,AMD,reference,54.15
2000-10-30,SGD,AMD,reference,314.05
2000-10-30,SKK,AMD,reference,10.57
2000-10-30,SYP,AMD,reference,12.25
2000-10-30,TAD,AMD,reference,2.671
2000-10-30,TJS,AMD,reference,2.671
2000-10-30,TMM,AMD,reference,0.106
2000-10-30,TMT,AMD,reference,0.106
2000-10-30,TRL,AMD,reference,0.00804
2000-10-30,UAH,AMD,reference,101.38
2000-10-30,USD,AMD,reference,551.21
2000-10-30,USM,AMD,reference,18.04
2000-10-31,AED,AMD,reference,150.17
2000-10-31,ARP,AMD,reference,551.76
2000-10-31,ATS,AMD,reference,33.36
2000-10-31,AUD,AMD,reference,289.11
2000-10-31,BEF,AMD,reference,11.379
2000-10-31,BGL,AMD,reference,234.69
2000-10-31,BRC,AMD,reference,285.93
2000-10-31,BYR,AMD,reference,0.522
2000-10-31,CAD,AMD,reference,361.07
2000-10-31,CHF,AMD,reference,303.5
2000-10-31,CNY,AMD,reference,66.61
2000-10-31,CZK,AMD,reference,13.47
2000-10-31,DEM,AMD,reference,234.69
2000-10-31,DKK,AMD,reference,62.69
2000-10-31,EEK,AMD,reference,29.83
2000-10-31,EGP,AMD,reference,144.5
2000-10-31,ESP,AMD,reference,2.759
2000-10-31,EUR,AMD,reference,459.01
2000-10-31,FIM,AMD,reference,77.2
2000-10-31,FRF,AMD,reference,69.98
2000-10-31,GBP,AMD,reference,808.01
2000-10-31,GEL,AMD,reference,277.97
2000-10-31,GRD,AMD,reference,1.351
2000-10-31,HUF,AMD,reference,1.773
2000-10-31,IEP,AMD,reference,582.82
2000-10-31,ILS,AMD,reference,133.2
2000-10-31,INR,AMD,reference,11.82
2000-10-31,IRR,AMD,reference,0.3015
2000-10-31,ISK,AMD,reference,63.46
2000-10-31,ITL,AMD,reference,0.2371
2000-10-31,JPY,AMD,reference,5.077
2000-10-31,KGS,AMD,reference,11.41
2000-10-31,KRW,AMD,reference,0.4838
2000-10-31,KWD,AMD,reference,1787.52
2000-10-31,KZT,AMD,reference,38.67
2000-10-31,LBP,AMD,reference,0.3658
2000-10-31,LTL,AMD,reference,137.86
2000-10-31,LVL,AMD,reference,879.47
2000-10-31,MDL,AMD,reference,44.89
2000-10-31,MXN,AMD,reference,57.27
2000-10-31,NLG,AMD,reference,208.29
2000-10-31,NOK,AMD,reference,57.91
2000-10-31,PLZ,AMD,reference,118.03
2000-10-31,PTE,AMD,reference,2.29
2000-10-31,ROL,AMD,reference,0.02221
2000-10-31,RUB,AMD,reference,19.55
2000-10-31,SAR,AMD,reference,147.02
2000-10-31,SDR,AMD,reference,696.21
2000-10-31,SEK,AMD,reference,54.17
2000-10-31,SGD,AMD,reference,314.17
2000-10-31,SKK,AMD,reference,10.77
2000-10-31,SYP,AMD,reference,12.25
2000-10-31,TMM,AMD,reference,0.106
2000-10-31,TMT,AMD,reference,0.106
2000-10-31,TRL,AMD,reference,0.00804
2000-10-31,UAH,AMD,reference,101.42
2000-10-31,USD,AMD,reference,551.43
2000-10-31,USM,AMD,reference,17.95
2000-11-01,AED,AMD,reference,150.23
2000-11-01,ARP,AMD,reference,551.74
2000-11-01,ATS,AMD,reference,34
2000-11-01,AUD,AMD,reference,282.66
2000-11-01,BEF,AMD,reference,11.599
2000-11-01,BGL,AMD,reference,239.23
2000-11-01,BRC,AMD,reference,287.6
2000-11-01,BYR,AMD,reference,0.52
2000-11-01,CAD,AMD,reference,360.31
2000-11-01,CHF,AMD,reference,307.12
2000-11-01,CNY,AMD,reference,66.64
2000-11-01,CZK,AMD,reference,13.29
2000-11-01,DEM,AMD,reference,239.23
2000-11-01,DKK,AMD,reference,62.23
2000-11-01,EEK,AMD,reference,29.58
2000-11-01,EGP,AMD,reference,144.94
2000-11-01,ESP,AMD,reference,2.812
2000-11-01,EUR,AMD,reference,467.89
2000-11-01,FIM,AMD,reference,78.69
2000-11-01,FRF,AMD,reference,71.33
2000-11-01,GBP,AMD,reference,800.03
2000-11-01,GEL,AMD,reference,277.97
2000-11-01,GRD,AMD,reference,1.384
2000-11-01,HUF,AMD,reference,1.759
2000-11-01,IEP,AMD,reference,594.1
2000-11-01,ILS,AMD,reference,133.41
2000-11-01,INR,AMD,reference,11.79
2000-11-01,IRR,AMD,reference,0.3015
2000-11-01,ISK,AMD,reference,63.31
2000-11-01,ITL,AMD,reference,0.2416
2000-11-01,JPY,AMD,reference,5.071
2000-11-01,KGS,AMD,reference,11.41
2000-11-01,KRW,AMD,reference,0.4866
2000-11-01,KWD,AMD,reference,1791.03
2000-11-01,KZT,AMD,reference,38.68
2000-11-01,LBP,AMD,reference,0.3659
2000-11-01,LTL,AMD,reference,137.91
2000-11-01,LVL,AMD,reference,884.02
2000-11-01,MDL,AMD,reference,44.82
2000-11-01,MXN,AMD,reference,57.43
2000-11-01,NLG,AMD,reference,212.32
2000-11-01,NOK,AMD,reference,58.98
2000-11-01,PLZ,AMD,reference,117.76
2000-11-01,PTE,AMD,reference,2.334
2000-11-01,ROL,AMD,reference,0.0222
2000-11-01,RUB,AMD,reference,19.55
2000-11-01,SAR,AMD,reference,147.07
2000-11-01,SDR,AMD,reference,696.21
2000-11-01,SEK,AMD,reference,55.11
2000-11-01,SGD,AMD,reference,314.08
2000-11-01,SKK,AMD,reference,10.65
2000-11-01,SYP,AMD,reference,12.26
2000-11-01,TAD,AMD,reference,25.074
2000-11-01,TJS,AMD,reference,250.74
2000-11-01,TMM,AMD,reference,0.1061
2000-11-01,TMT,AMD,reference,0.1061
2000-11-01,TRL,AMD,reference,0.00809
2000-11-01,UAH,AMD,reference,101.46
2000-11-01,USD,AMD,reference,551.63
2000-11-01,USM,AMD,reference,17.95
2000-11-02,AED,AMD,reference,150.34
2000-11-02,ARP,AMD,reference,552.15
2000-11-02,ATS,AMD,reference,34.32
2000-11-02,AUD,AMD,reference,287.39
2000-11-02,BEF,AMD,reference,11.706
2000-11-02,BGL,AMD,reference,239.23
2000-11-02,BRC,AMD,reference,289.16
2000-11-02,BYR,AMD,reference,0.519
2000-11-02,CAD,AMD,reference,361.5
2000-11-02,CHF,AMD,reference,305.49
2000-11-02,CNY,AMD,reference,66.69
2000-11-02,CZK,AMD,reference,13.56
2000-11-02,DEM,AMD,reference,241.44
2000-11-02,DKK,AMD,reference,63.39
2000-11-02,EEK,AMD,reference,30.14
2000-11-02,EGP,AMD,reference,145.25
2000-11-02,ESP,AMD,reference,2.838
2000-11-02,EUR,AMD,reference,472.22
2000-11-02,FIM,AMD,reference,79.42
2000-11-02,FRF,AMD,reference,71.99
2000-11-02,GBP,AMD,reference,797.97
2000-11-02,GEL,AMD,reference,277.97
2000-11-02,GRD,AMD,reference,1.369
2000-11-02,HUF,AMD,reference,1.761
2000-11-02,IEP,AMD,reference,599.59
2000-11-02,ILS,AMD,reference,133.44
2000-11-02,INR,AMD,reference,11.8
2000-11-02,IRR,AMD,reference,0.3015
2000-11-02,ISK,AMD,reference,64.36
2000-11-02,ITL,AMD,reference,0.2439
2000-11-02,JPY,AMD,reference,5.086
2000-11-02,KGS,AMD,reference,11.42
2000-11-02,KRW,AMD,reference,0.4869
2000-11-02,KWD,AMD,reference,1791.65
2000-11-02,KZT,AMD,reference,38.71
2000-11-02,LBP,AMD,reference,0.3662
2000-11-02,LTL,AMD,reference,138.01
2000-11-02,LVL,AMD,reference,883.26
2000-11-02,MDL,AMD,reference,44.95
2000-11-02,MXN,AMD,reference,57.73
2000-11-02,NLG,AMD,reference,214.28
2000-11-02,NOK,AMD,reference,59.01
2000-11-02,PLZ,AMD,reference,117.84
2000-11-02,PTE,AMD,reference,2.355
2000-11-02,ROL,AMD,reference,0.0222
2000-11-02,RUB,AMD,reference,19.7
2000-11-02,SAR,AMD,reference,147.18
2000-11-02,SDR,AMD,reference,696.21
2000-11-02,SEK,AMD,reference,54.77
2000-11-02,SGD,AMD,reference,315.25
2000-11-02,SKK,AMD,reference,10.66
2000-11-02,SYP,AMD,reference,12.27
2000-11-02,TAD,AMD,reference,25.093
2000-11-02,TJS,AMD,reference,250.93
2000-11-02,TMM,AMD,reference,0.1062
2000-11-02,TMT,AMD,reference,0.1062
2000-11-02,TRL,AMD,reference,0.00809
2000-11-02,UAH,AMD,reference,101.54
2000-11-02,USD,AMD,reference,552.04
2000-11-02,USM,AMD,reference,17.97
2000-11-03,AED,AMD,reference,150.48
2000-11-03,ARP,AMD,reference,552.67
2000-11-03,ATS,AMD,reference,34.72
2000-11-03,AUD,AMD,reference,289.43
2000-11-03,BEF,AMD,reference,11.843
2000-11-03,BGL,AMD,reference,239.23
2000-11-03,BRC,AMD,reference,289.44
2000-11-03,BYR,AMD,reference,0.519
2000-11-03,CAD,AMD,reference,361.98
2000-11-03,CHF,AMD,reference,309.35
2000-11-03,CNY,AMD,reference,66.76
2000-11-03,CZK,AMD,reference,13.76
2000-11-03,DEM,AMD,reference,244.27
2000-11-03,DKK,AMD,reference,63.91
2000-11-03,EEK,AMD,reference,30.29
2000-11-03,EGP,AMD,reference,145.72
2000-11-03,ESP,AMD,reference,2.871
2000-11-03,EUR,AMD,reference,477.74
2000-11-03,FIM,AMD,reference,80.35
2000-11-03,FRF,AMD,reference,72.83
2000-11-03,GBP,AMD,reference,802.98
2000-11-03,GEL,AMD,reference,277.97
2000-11-03,GRD,AMD,reference,1.389
2000-11-03,HUF,AMD,reference,1.801
2000-11-03,IEP,AMD,reference,606.61
2000-11-03,ILS,AMD,reference,134.12
2000-11-03,INR,AMD,reference,11.81
2000-11-03,IRR,AMD,reference,0.3015
2000-11-03,ISK,AMD,reference,64.73
2000-11-03,ITL,AMD,reference,0.2467
2000-11-03,JPY,AMD,reference,5.108
2000-11-03,KGS,AMD,reference,11.43
2000-11-03,KRW,AMD,reference,0.4861
2000-11-03,KWD,AMD,reference,1793.39
2000-11-03,KZT,AMD,reference,38.75
2000-11-03,LBP,AMD,reference,0.3665
2000-11-03,LTL,AMD,reference,138.14
2000-11-03,LVL,AMD,reference,886.93
2000-11-03,MDL,AMD,reference,44.98
2000-11-03,MXN,AMD,reference,57.66
2000-11-03,NLG,AMD,reference,216.79
2000-11-03,NOK,AMD,reference,60.01
2000-11-03,PLZ,AMD,reference,119.79
2000-11-03,PTE,AMD,reference,2.383
2000-11-03,ROL,AMD,reference,0.02219
2000-11-03,RUB,AMD,reference,19.8
2000-11-03,SAR,AMD,reference,147.31
2000-11-03,SDR,AMD,reference,696.21
2000-11-03,SEK,AMD,reference,55.78
2000-11-03,SGD,AMD,reference,317.56
2000-11-03,SKK,AMD,reference,10.94
2000-11-03,SYP,AMD,reference,12.28
2000-11-03,TAD,AMD,reference,25.116
2000-11-03,TJS,AMD,reference,251.16
2000-11-03,TMM,AMD,reference,0.1063
2000-11-03,TMT,AMD,reference,0.1063
2000-11-03,TRL,AMD,reference,0.00813
2000-11-03,UAH,AMD,reference,101.63
2000-11-03,USD,AMD,reference,552.56
2000-11-03,USM,AMD,reference,17.98
2000-11-06,AED,AMD,reference,150.68
2000-11-06,ARP,AMD,reference,553.39
2000-11-06,ATS,AMD,reference,34.76
2000-11-06,AUD,AMD,reference,289.75
2000-11-06,BEF,AMD,reference,11.858
2000-11-06,BGL,AMD,reference,239.23
2000-11-06,BRC,AMD,reference,288.39
2000-11-06,BYR,AMD,reference,0.52
2000-11-06,CAD,AMD,reference,360.89
2000-11-06,CHF,AMD,reference,312.9
2000-11-06,CNY,AMD,reference,66.85
2000-11-06,CZK,AMD,reference,13.91
2000-11-06,DEM,AMD,reference,244.58
2000-11-06,DKK,AMD,reference,64.69
2000-11-06,EEK,AMD,reference,30.51
2000-11-06,EGP,AMD,reference,145.91
2000-11-06,ESP,AMD,reference,2.875
2000-11-06,EUR,AMD,reference,478.37
2000-11-06,FIM,AMD,reference,80.46
2000-11-06,FRF,AMD,reference,72.93
2000-11-06,GBP,AMD,reference,803.47
2000-11-06,GEL,AMD,reference,277.97
2000-11-06,GRD,AMD,reference,1.407
2000-11-06,HUF,AMD,reference,1.829
2000-11-06,IEP,AMD,reference,607.4
2000-11-06,ILS,AMD,reference,134.52
2000-11-06,INR,AMD,reference,11.85
2000-11-06,IRR,AMD,reference,0.3015
2000-11-06,ISK,AMD,reference,64.92
2000-11-06,ITL,AMD,reference,0.2471
2000-11-06,JPY,AMD,reference,5.115
2000-11-06,KGS,AMD,reference,11.45
2000-11-06,KRW,AMD,reference,0.4851
2000-11-06,KWD,AMD,reference,1798.16
2000-11-06,KZT,AMD,reference,38.8
2000-11-06,LBP,AMD,reference,0.367
2000-11-06,LTL,AMD,reference,138.32
2000-11-06,LVL,AMD,reference,890.95
2000-11-06,MDL,AMD,reference,45.03
2000-11-06,MXN,AMD,reference,57.78
2000-11-06,NLG,AMD,reference,217.07
2000-11-06,NOK,AMD,reference,60.25
2000-11-06,PLZ,AMD,reference,121.96
2000-11-06,PTE,AMD,reference,2.386
2000-11-06,ROL,AMD,reference,0.0222
2000-11-06,RUB,AMD,reference,19.8
2000-11-06,SAR,AMD,reference,147.51
2000-11-06,SDR,AMD,reference,696.21
2000-11-06,SEK,AMD,reference,56.14
2000-11-06,SGD,AMD,reference,319.71
2000-11-06,SKK,AMD,reference,11.08
2000-11-06,SYP,AMD,reference,12.3
2000-11-06,TAD,AMD,reference,25.149
2000-11-06,TJS,AMD,reference,251.49
2000-11-06,TMM,AMD,reference,0.1064
2000-11-06,TMT,AMD,reference,0.1064
2000-11-06,TRL,AMD,reference,0.00816
2000-11-06,UAH,AMD,reference,101.76
2000-11-06,USD,AMD,reference,553.28
2000-11-06,USM,AMD,reference,18.01
2000-11-07,AED,AMD,reference,150.95
2000-11-07,ARP,AMD,reference,554.83
2000-11-07,ATS,AMD,reference,35.17
2000-11-07,AUD,AMD,reference,292.55
2000-11-07,BEF,AMD,reference,11.995
2000-11-07,BGL,AMD,reference,239.23
2000-11-07,BRC,AMD,reference,286.3
2000-11-07,BYR,AMD,reference,0.519
2000-11-07,CAD,AMD,reference,361.31
2000-11-07,CHF,AMD,reference,316.27
2000-11-07,CNY,AMD,reference,66.97
2000-11-07,CZK,AMD,reference,13.94
2000-11-07,DEM,AMD,reference,247.41
2000-11-07,DKK,AMD,reference,64.81
2000-11-07,EEK,AMD,reference,30.56
2000-11-07,EGP,AMD,reference,145.37
2000-11-07,ESP,AMD,reference,2.908
2000-11-07,EUR,AMD,reference,483.9
2000-11-07,FIM,AMD,reference,81.39
2000-11-07,FRF,AMD,reference,73.77
2000-11-07,GBP,AMD,reference,804.94
2000-11-07,GEL,AMD,reference,277.97
2000-11-07,GRD,AMD,reference,1.423
2000-11-07,HUF,AMD,reference,1.832
2000-11-07,IEP,AMD,reference,614.42
2000-11-07,ILS,AMD,reference,134.77
2000-11-07,INR,AMD,reference,11.87
2000-11-07,IRR,AMD,reference,0.3015
2000-11-07,ISK,AMD,reference,65.03
2000-11-07,ITL,AMD,reference,0.2499
2000-11-07,JPY,AMD,reference,5.168
2000-11-07,KGS,AMD,reference,11.45
2000-11-07,KRW,AMD,reference,0.4885
2000-11-07,KWD,AMD,reference,1803.49
2000-11-07,KZT,AMD,reference,38.84
2000-11-07,LBP,AMD,reference,0.3677
2000-11-07,LTL,AMD,reference,138.57
2000-11-07,LVL,AMD,reference,892.58
2000-11-07,MDL,AMD,reference,45.1
2000-11-07,MXN,AMD,reference,57.7
2000-11-07,NLG,AMD,reference,219.58
2000-11-07,NOK,AMD,reference,60.66
2000-11-07,PLZ,AMD,reference,122.18
2000-11-07,PTE,AMD,reference,2.414
2000-11-07,ROL,AMD,reference,0.02224
2000-11-07,RUB,AMD,reference,19.92
2000-11-07,SAR,AMD,reference,147.78
2000-11-07,SDR,AMD,reference,696.21
2000-11-07,SEK,AMD,reference,56.66
2000-11-07,SGD,AMD,reference,320.1
2000-11-07,SKK,AMD,reference,11.1
2000-11-07,SYP,AMD,reference,10.56
2000-11-07,TAD,AMD,reference,25.195
2000-11-07,TJS,AMD,reference,251.95
2000-11-07,TMM,AMD,reference,0.1066
2000-11-07,TMT,AMD,reference,0.1066
2000-11-07,TRL,AMD,reference,0.0082
2000-11-07,UAH,AMD,reference,101.95
2000-11-07,USD,AMD,reference,554.29
2000-11-07,USM,AMD,reference,18.04
2000-11-08,AED,AMD,reference,152.08
2000-11-08,ARP,AMD,reference,558.98
2000-11-08,ATS,AMD,reference,35.17
2000-11-08,AUD,AMD,reference,294.24
2000-11-08,BEF,AMD,reference,11.998
2000-11-08,BGL,AMD,reference,239.23
2000-11-08,BRC,AMD,reference,287.87
2000-11-08,BYR,AMD,reference,0.522
2000-11-08,CAD,AMD,reference,365.03
2000-11-08,CHF,AMD,reference,317.33
2000-11-08,CNY,AMD,reference,67.47
2000-11-08,CZK,AMD,reference,13.88
2000-11-08,DEM,AMD,reference,247.46
2000-11-08,DKK,AMD,reference,64.53
2000-11-08,EEK,AMD,reference,30.79
2000-11-08,EGP,AMD,reference,145.26
2000-11-08,ESP,AMD,reference,2.909
2000-11-08,EUR,AMD,reference,483.99
2000-11-08,FIM,AMD,reference,81.4
2000-11-08,FRF,AMD,reference,73.78
2000-11-08,GBP,AMD,reference,798.22
2000-11-08,GEL,AMD,reference,277.97
2000-11-08,GRD,AMD,reference,1.424
2000-11-08,HUF,AMD,reference,1.826
2000-11-08,IEP,AMD,reference,614.54
2000-11-08,ILS,AMD,reference,135.94
2000-11-08,INR,AMD,reference,11.96
2000-11-08,IRR,AMD,reference,0.3015
2000-11-08,ISK,AMD,reference,64.76
2000-11-08,ITL,AMD,reference,0.25
2000-11-08,JPY,AMD,reference,5.205
2000-11-08,KGS,AMD,reference,11.54
2000-11-08,KRW,AMD,reference,0.4921
2000-11-08,KWD,AMD,reference,1817.63
2000-11-08,KZT,AMD,reference,39.13
2000-11-08,LBP,AMD,reference,0.3704
2000-11-08,LTL,AMD,reference,139.61
2000-11-08,LVL,AMD,reference,902.15
2000-11-08,MDL,AMD,reference,45.4
2000-11-08,MXN,AMD,reference,57.93
2000-11-08,NLG,AMD,reference,219.63
2000-11-08,NOK,AMD,reference,60.67
2000-11-08,PLZ,AMD,reference,123.24
2000-11-08,PTE,AMD,reference,2.414
2000-11-08,ROL,AMD,reference,0.02237
2000-11-08,RUB,AMD,reference,19.92
2000-11-08,SAR,AMD,reference,148.88
2000-11-08,SDR,AMD,reference,696.21
2000-11-08,SEK,AMD,reference,56.5
2000-11-08,SGD,AMD,reference,322.49
2000-11-08,SKK,AMD,reference,11.15
2000-11-08,SYP,AMD,reference,10.64
2000-11-08,TAD,AMD,reference,25.383
2000-11-08,TJS,AMD,reference,253.83
2000-11-08,TMM,AMD,reference,0.1074
2000-11-08,TMT,AMD,reference,0.1074
2000-11-08,TRL,AMD,reference,0.00824
2000-11-08,UAH,AMD,reference,102.71
2000-11-08,USD,AMD,reference,558.43
2000-11-08,USM,AMD,reference,18.18
2000-11-09,AED,AMD,reference,152.65
2000-11-09,ARP,AMD,reference,560.68
2000-11-09,ATS,AMD,reference,34.87
2000-11-09,AUD,AMD,reference,297.53
2000-11-09,BEF,AMD,reference,11.893
2000-11-09,BGL,AMD,reference,239.23
2000-11-09,BRC,AMD,reference,286.63
2000-11-09,BYR,AMD,reference,0.523
2000-11-09,CAD,AMD,reference,365.98
2000-11-09,CHF,AMD,reference,316.37
2000-11-09,CNY,AMD,reference,67.72
2000-11-09,CZK,AMD,reference,13.87
2000-11-09,DEM,AMD,reference,245.3
2000-11-09,DKK,AMD,reference,64.54
2000-11-09,EEK,AMD,reference,30.76
2000-11-09,EGP,AMD,reference,145.6
2000-11-09,ESP,AMD,reference,2.883
2000-11-09,EUR,AMD,reference,479.76
2000-11-09,FIM,AMD,reference,80.69
2000-11-09,FRF,AMD,reference,73.14
2000-11-09,GBP,AMD,reference,797.8
2000-11-09,GEL,AMD,reference,277.97
2000-11-09,GRD,AMD,reference,1.417
2000-11-09,HUF,AMD,reference,1.822
2000-11-09,IEP,AMD,reference,609.17
2000-11-09,ILS,AMD,reference,136.55
2000-11-09,INR,AMD,reference,12.01
2000-11-09,IRR,AMD,reference,0.3015
2000-11-09,ISK,AMD,reference,64.62
2000-11-09,ITL,AMD,reference,0.2478
2000-11-09,JPY,AMD,reference,5.224
2000-11-09,KGS,AMD,reference,11.58
2000-11-09,KRW,AMD,reference,0.4949
2000-11-09,KWD,AMD,reference,1821.55
2000-11-09,KZT,AMD,reference,39.28
2000-11-09,LBP,AMD,reference,0.3718
2000-11-09,LTL,AMD,reference,140.13
2000-11-09,LVL,AMD,reference,904.08
2000-11-09,MDL,AMD,reference,45.58
2000-11-09,MXN,AMD,reference,58.12
2000-11-09,NLG,AMD,reference,217.7
2000-11-09,NOK,AMD,reference,60.33
2000-11-09,PLZ,AMD,reference,123.14
2000-11-09,PTE,AMD,reference,2.393
2000-11-09,ROL,AMD,reference,0.02244
2000-11-09,RUB,AMD,reference,20.18
2000-11-09,SAR,AMD,reference,149.44
2000-11-09,SDR,AMD,reference,696.21
2000-11-09,SEK,AMD,reference,56
2000-11-09,SGD,AMD,reference,322.52
2000-11-09,SKK,AMD,reference,11.2
2000-11-09,SYP,AMD,reference,10.68
2000-11-09,TAD,AMD,reference,25.479
2000-11-09,TJS,AMD,reference,254.79
2000-11-09,TMM,AMD,reference,0.1078
2000-11-09,TMT,AMD,reference,0.1078
2000-11-09,TRL,AMD,reference,0.00824
2000-11-09,UAH,AMD,reference,103.1
2000-11-09,USD,AMD,reference,560.53
2000-11-09,USM,AMD,reference,18.24
2000-11-10,AED,AMD,reference,152.33
2000-11-10,ARP,AMD,reference,559.52
2000-11-10,ATS,AMD,reference,34.79
2000-11-10,AUD,AMD,reference,293.09
2000-11-10,BEF,AMD,reference,11.868
2000-11-10,BGL,AMD,reference,239.23
2000-11-10,BRC,AMD,reference,286.03
2000-11-10,BYR,AMD,reference,0.521
2000-11-10,CAD,AMD,reference,362.57
2000-11-10,CHF,AMD,reference,315
2000-11-10,CNY,AMD,reference,67.58
2000-11-10,CZK,AMD,reference,13.79
2000-11-10,DEM,AMD,reference,244.78
2000-11-10,DKK,AMD,reference,64.08
2000-11-10,EEK,AMD,reference,30.54
2000-11-10,EGP,AMD,reference,146.19
2000-11-10,ESP,AMD,reference,2.877
2000-11-10,EUR,AMD,reference,478.74
2000-11-10,FIM,AMD,reference,80.52
2000-11-10,FRF,AMD,reference,72.98
2000-11-10,GBP,AMD,reference,791.75
2000-11-10,GEL,AMD,reference,277.97
2000-11-10,GRD,AMD,reference,1.408
2000-11-10,HUF,AMD,reference,1.81
2000-11-10,IEP,AMD,reference,607.87
2000-11-10,ILS,AMD,reference,135.86
2000-11-10,INR,AMD,reference,11.98
2000-11-10,IRR,AMD,reference,0.3015
2000-11-10,ISK,AMD,reference,64.12
2000-11-10,ITL,AMD,reference,0.2472
2000-11-10,JPY,AMD,reference,5.213
2000-11-10,KGS,AMD,reference,11.56
2000-11-10,KRW,AMD,reference,0.4942
2000-11-10,KWD,AMD,reference,1817.41
2000-11-10,KZT,AMD,reference,39.2
2000-11-10,LBP,AMD,reference,0.371
2000-11-10,LTL,AMD,reference,139.84
2000-11-10,LVL,AMD,reference,900.71
2000-11-10,MDL,AMD,reference,45.46
2000-11-10,MXN,AMD,reference,58.16
2000-11-10,NLG,AMD,reference,217.24
2000-11-10,NOK,AMD,reference,60.12
2000-11-10,PLZ,AMD,reference,121.8
2000-11-10,PTE,AMD,reference,2.388
2000-11-10,ROL,AMD,reference,0.02237
2000-11-10,RUB,AMD,reference,20.18
2000-11-10,SAR,AMD,reference,149.12
2000-11-10,SDR,AMD,reference,696.21
2000-11-10,SEK,AMD,reference,55.77
2000-11-10,SGD,AMD,reference,321.64
2000-11-10,SKK,AMD,reference,11.17
2000-11-10,SYP,AMD,reference,12.43
2000-11-10,TAD,AMD,reference,25.425
2000-11-10,TJS,AMD,reference,254.25
2000-11-10,TMM,AMD,reference,0.1076
2000-11-10,TMT,AMD,reference,0.1076
2000-11-10,TRL,AMD,reference,0.00822
2000-11-10,UAH,AMD,reference,102.87
2000-11-10,USD,AMD,reference,559.34
2000-11-10,USM,AMD,reference,18.2
2000-11-13,AED,AMD,reference,151.81
2000-11-13,ARP,AMD,reference,557.65
2000-11-13,ATS,AMD,reference,34.56
2000-11-13,AUD,AMD,reference,294.32
2000-11-13,BEF,AMD,reference,11.788
2000-11-13,BGL,AMD,reference,239.23
2000-11-13,BRC,AMD,reference,284.13
2000-11-13,BYR,AMD,reference,0.519
2000-11-13,CAD,AMD,reference,360.7
2000-11-13,CHF,AMD,reference,312.67
2000-11-13,CNY,AMD,reference,67.35
2000-11-13,CZK,AMD,reference,13.94
2000-11-13,DEM,AMD,reference,243.14
2000-11-13,DKK,AMD,reference,64.83
2000-11-13,EEK,AMD,reference,30.96
2000-11-13,EGP,AMD,reference,145.69
2000-11-13,ESP,AMD,reference,2.858
2000-11-13,EUR,AMD,reference,475.54
2000-11-13,FIM,AMD,reference,79.98
2000-11-13,FRF,AMD,reference,72.5
2000-11-13,GBP,AMD,reference,795.06
2000-11-13,GEL,AMD,reference,277.97
2000-11-13,GRD,AMD,reference,1.399
2000-11-13,HUF,AMD,reference,1.834
2000-11-13,IEP,AMD,reference,603.82
2000-11-13,ILS,AMD,reference,135.43
2000-11-13,INR,AMD,reference,11.94
2000-11-13,IRR,AMD,reference,0.3015
2000-11-13,ISK,AMD,reference,64.37
2000-11-13,ITL,AMD,reference,0.2456
2000-11-13,JPY,AMD,reference,5.178
2000-11-13,KGS,AMD,reference,11.46
2000-11-13,KRW,AMD,reference,0.4914
2000-11-13,KWD,AMD,reference,1810.64
2000-11-13,KZT,AMD,reference,39.06
2000-11-13,LBP,AMD,reference,0.3698
2000-11-13,LTL,AMD,reference,139.36
2000-11-13,LVL,AMD,reference,894.75
2000-11-13,MDL,AMD,reference,45.35
2000-11-13,MXN,AMD,reference,57.78
2000-11-13,NLG,AMD,reference,215.79
2000-11-13,NOK,AMD,reference,59.9
2000-11-13,PLZ,AMD,reference,122.18
2000-11-13,PTE,AMD,reference,2.372
2000-11-13,ROL,AMD,reference,0.02228
2000-11-13,RUB,AMD,reference,20.18
2000-11-13,SAR,AMD,reference,148.61
2000-11-13,SDR,AMD,reference,696.21
2000-11-13,SEK,AMD,reference,55.49
2000-11-13,SGD,AMD,reference,320.85
2000-11-13,SKK,AMD,reference,11.32
2000-11-13,SYP,AMD,reference,12.12
2000-11-13,TAD,AMD,reference,25.338
2000-11-13,TJS,AMD,reference,253.38
2000-11-13,TMM,AMD,reference,0.1072
2000-11-13,TMT,AMD,reference,0.1072
2000-11-13,TRL,AMD,reference,0.00817
2000-11-13,UAH,AMD,reference,102.52
2000-11-13,USD,AMD,reference,557.43
2000-11-13,USM,AMD,reference,18.14
2000-11-14,AED,AMD,reference,151.78
2000-11-14,ARP,AMD,reference,557.78
2000-11-14,ATS,AMD,reference,35.13
2000-11-14,AUD,AMD,reference,289.93
2000-11-14,BEF,AMD,reference,11.983
2000-11-14,BGL,AMD,reference,239.23
2000-11-14,BRC,AMD,reference,285.76
2000-11-14,BYR,AMD,reference,0.519
2000-11-14,CAD,AMD,reference,360.63
2000-11-14,CHF,AMD,reference,317.33
2000-11-14,CNY,AMD,reference,67.34
2000-11-14,CZK,AMD,reference,13.84
2000-11-14,DEM,AMD,reference,247.15
2000-11-14,DKK,AMD,reference,64.44
2000-11-14,EEK,AMD,reference,30.72
2000-11-14,EGP,AMD,reference,145.88
2000-11-14,ESP,AMD,reference,2.905
2000-11-14,EUR,AMD,reference,483.39
2000-11-14,FIM,AMD,reference,81.3
2000-11-14,FRF,AMD,reference,73.69
2000-11-14,GBP,AMD,reference,797.57
2000-11-14,GEL,AMD,reference,277.97
2000-11-14,GRD,AMD,reference,1.411
2000-11-14,HUF,AMD,reference,1.82
2000-11-14,IEP,AMD,reference,613.78
2000-11-14,ILS,AMD,reference,135.41
2000-11-14,INR,AMD,reference,11.92
2000-11-14,IRR,AMD,reference,0.3015
2000-11-14,ISK,AMD,reference,64.14
2000-11-14,ITL,AMD,reference,0.2496
2000-11-14,JPY,AMD,reference,5.169
2000-11-14,KGS,AMD,reference,11.46
2000-11-14,KRW,AMD,reference,0.4913
2000-11-14,KWD,AMD,reference,1812.67
2000-11-14,KZT,AMD,reference,38.7
2000-11-14,LBP,AMD,reference,0.3697
2000-11-14,LTL,AMD,reference,139.34
2000-11-14,LVL,AMD,reference,898.95
2000-11-14,MDL,AMD,reference,45.32
2000-11-14,MXN,AMD,reference,58.02
2000-11-14,NLG,AMD,reference,219.35
2000-11-14,NOK,AMD,reference,60.42
2000-11-14,PLZ,AMD,reference,121.42
2000-11-14,PTE,AMD,reference,2.411
2000-11-14,ROL,AMD,reference,0.02226
2000-11-14,RUB,AMD,reference,20.07
2000-11-14,SAR,AMD,reference,148.59
2000-11-14,SDR,AMD,reference,696.21
2000-11-14,SEK,AMD,reference,56.22
2000-11-14,SGD,AMD,reference,320.12
2000-11-14,SKK,AMD,reference,11.3
2000-11-14,SYP,AMD,reference,12.39
2000-11-14,TAD,AMD,reference,25.334
2000-11-14,TJS,AMD,reference,253.34
2000-11-14,TMM,AMD,reference,0.1072
2000-11-14,TMT,AMD,reference,0.1072
2000-11-14,TRL,AMD,reference,0.00822
2000-11-14,UAH,AMD,reference,102.51
2000-11-14,USD,AMD,reference,557.35
2000-11-14,USM,AMD,reference,18.14
2000-11-15,AED,AMD,reference,151.64
2000-11-15,ARP,AMD,reference,557.26
2000-11-15,ATS,AMD,reference,34.88
2000-11-15,AUD,AMD,reference,290.33
2000-11-15,BEF,AMD,reference,11.899
2000-11-15,BGL,AMD,reference,239.23
2000-11-15,BRC,AMD,reference,285.49
2000-11-15,BYR,AMD,reference,0.516
2000-11-15,CAD,AMD,reference,360.29
2000-11-15,CHF,AMD,reference,315.47
2000-11-15,CNY,AMD,reference,67.27
2000-11-15,CZK,AMD,reference,13.82
2000-11-15,DEM,AMD,reference,245.41
2000-11-15,DKK,AMD,reference,64.22
2000-11-15,EEK,AMD,reference,30.66
2000-11-15,EGP,AMD,reference,145.45
2000-11-15,ESP,AMD,reference,2.885
2000-11-15,EUR,AMD,reference,479.99
2000-11-15,FIM,AMD,reference,80.73
2000-11-15,FRF,AMD,reference,73.17
2000-11-15,GBP,AMD,reference,797.55
2000-11-15,GEL,AMD,reference,277.97
2000-11-15,GRD,AMD,reference,1.409
2000-11-15,HUF,AMD,reference,1.816
2000-11-15,IEP,AMD,reference,609.46
2000-11-15,ILS,AMD,reference,135.35
2000-11-15,INR,AMD,reference,11.91
2000-11-15,IRR,AMD,reference,0.3015
2000-11-15,ISK,AMD,reference,63.83
2000-11-15,ITL,AMD,reference,0.2479
2000-11-15,JPY,AMD,reference,5.169
2000-11-15,KGS,AMD,reference,11.44
2000-11-15,KRW,AMD,reference,0.4914
2000-11-15,KWD,AMD,reference,1809.42
2000-11-15,KZT,AMD,reference,38.67
2000-11-15,LBP,AMD,reference,0.3694
2000-11-15,LTL,AMD,reference,139.21
2000-11-15,LVL,AMD,reference,896.67
2000-11-15,MDL,AMD,reference,45.26
2000-11-15,MXN,AMD,reference,57.97
2000-11-15,NLG,AMD,reference,217.81
2000-11-15,NOK,AMD,reference,60.08
2000-11-15,PLZ,AMD,reference,121.94
2000-11-15,PTE,AMD,reference,2.394
2000-11-15,ROL,AMD,reference,0.02222
2000-11-15,RUB,AMD,reference,20.18
2000-11-15,SAR,AMD,reference,148.45
2000-11-15,SDR,AMD,reference,696.21
2000-11-15,SEK,AMD,reference,55.7
2000-11-15,SGD,AMD,reference,319.62
2000-11-15,SKK,AMD,reference,11.23
2000-11-15,SYP,AMD,reference,12.37
2000-11-15,TAD,AMD,reference,25.31
2000-11-15,TJS,AMD,reference,253.1
2000-11-15,TMM,AMD,reference,0.1071
2000-11-15,TMT,AMD,reference,0.1071
2000-11-15,TRL,AMD,reference,0.00818
2000-11-15,UAH,AMD,reference,102.41
2000-11-15,USD,AMD,reference,556.83
2000-11-15,USM,AMD,reference,18.12
2000-11-16,AED,AMD,reference,151.33
2000-11-16,ARP,AMD,reference,555.8
2000-11-16,ATS,AMD,reference,34.66
2000-11-16,AUD,AMD,reference,289.9
2000-11-16,BEF,AMD,reference,11.823
2000-11-16,BGL,AMD,reference,239.23
2000-11-16,BRC,AMD,reference,285.83
2000-11-16,BYR,AMD,reference,0.515
2000-11-16,CAD,AMD,reference,359.76
2000-11-16,CHF,AMD,reference,313.91
2000-11-16,CNY,AMD,reference,67.14
2000-11-16,CZK,AMD,reference,13.78
2000-11-16,DEM,AMD,reference,243.86
2000-11-16,DKK,AMD,reference,64.03
2000-11-16,EEK,AMD,reference,30.56
2000-11-16,EGP,AMD,reference,145.76
2000-11-16,ESP,AMD,reference,2.867
2000-11-16,EUR,AMD,reference,476.95
2000-11-16,FIM,AMD,reference,80.22
2000-11-16,FRF,AMD,reference,72.71
2000-11-16,GBP,AMD,reference,794.03
2000-11-16,GEL,AMD,reference,277.97
2000-11-16,GRD,AMD,reference,1.403
2000-11-16,HUF,AMD,reference,1.814
2000-11-16,IEP,AMD,reference,605.6
2000-11-16,ILS,AMD,reference,135.11
2000-11-16,INR,AMD,reference,11.88
2000-11-16,IRR,AMD,reference,0.3015
2000-11-16,ISK,AMD,reference,63.66
2000-11-16,ITL,AMD,reference,0.2463
2000-11-16,JPY,AMD,reference,5.143
2000-11-16,KGS,AMD,reference,11.42
2000-11-16,KRW,AMD,reference,0.4904
2000-11-16,KWD,AMD,reference,1805.6
2000-11-16,KZT,AMD,reference,38.59
2000-11-16,LBP,AMD,reference,0.3686
2000-11-16,LTL,AMD,reference,138.92
2000-11-16,LVL,AMD,reference,894.83
2000-11-16,MDL,AMD,reference,45.19
2000-11-16,MXN,AMD,reference,58.53
2000-11-16,NLG,AMD,reference,216.43
2000-11-16,NOK,AMD,reference,59.45
2000-11-16,PLZ,AMD,reference,122.31
2000-11-16,PTE,AMD,reference,2.379
2000-11-16,ROL,AMD,reference,0.02216
2000-11-16,RUB,AMD,reference,20.18
2000-11-16,SAR,AMD,reference,148.15
2000-11-16,SDR,AMD,reference,696.21
2000-11-16,SEK,AMD,reference,55.11
2000-11-16,SGD,AMD,reference,318.71
2000-11-16,SKK,AMD,reference,11.17
2000-11-16,SYP,AMD,reference,12.08
2000-11-16,TAD,AMD,reference,25.259
2000-11-16,TJS,AMD,reference,252.59
2000-11-16,TMM,AMD,reference,0.1069
2000-11-16,TMT,AMD,reference,0.1069
2000-11-16,TRL,AMD,reference,0.00815
2000-11-16,UAH,AMD,reference,102.2
2000-11-16,USD,AMD,reference,555.69
2000-11-16,USM,AMD,reference,18.09
2000-11-17,AED,AMD,reference,151.31
2000-11-17,ARP,AMD,reference,555.73
2000-11-17,ATS,AMD,reference,34.71
2000-11-17,AUD,AMD,reference,289.37
2000-11-17,BEF,AMD,reference,11.84
2000-11-17,BGL,AMD,reference,239.23
2000-11-17,BRC,AMD,reference,285.21
2000-11-17,BYR,AMD,reference,0.512
2000-11-17,CAD,AMD,reference,358.3
2000-11-17,CHF,AMD,reference,313.64
2000-11-17,CNY,AMD,reference,67.13
2000-11-17,CZK,AMD,reference,13.75
2000-11-17,DEM,AMD,reference,244.2
2000-11-17,DKK,AMD,reference,63.91
2000-11-17,EEK,AMD,reference,30.46
2000-11-17,EGP,AMD,reference,144.85
2000-11-17,ESP,AMD,reference,2.871
2000-11-17,EUR,AMD,reference,477.61
2000-11-17,FIM,AMD,reference,80.33
2000-11-17,FRF,AMD,reference,72.81
2000-11-17,GBP,AMD,reference,792.37
2000-11-17,GEL,AMD,reference,277.97
2000-11-17,GRD,AMD,reference,1.404
2000-11-17,HUF,AMD,reference,1.809
2000-11-17,IEP,AMD,reference,606.44
2000-11-17,ILS,AMD,reference,134.89
2000-11-17,INR,AMD,reference,11.88
2000-11-17,IRR,AMD,reference,0.3015
2000-11-17,ISK,AMD,reference,63.35
2000-11-17,ITL,AMD,reference,0.2467
2000-11-17,JPY,AMD,reference,5.11
2000-11-17,KGS,AMD,reference,11.42
2000-11-17,KRW,AMD,reference,0.4883
2000-11-17,KWD,AMD,reference,1804.88
2000-11-17,KZT,AMD,reference,38.58
2000-11-17,LBP,AMD,reference,0.3686
2000-11-17,LTL,AMD,reference,138.91
2000-11-17,LVL,AMD,reference,893.28
2000-11-17,MDL,AMD,reference,45.21
2000-11-17,MXN,AMD,reference,58.73
2000-11-17,NLG,AMD,reference,216.73
2000-11-17,NOK,AMD,reference,59.43
2000-11-17,PLZ,AMD,reference,121.4
2000-11-17,PTE,AMD,reference,2.382
2000-11-17,ROL,AMD,reference,0.02212
2000-11-17,RUB,AMD,reference,20.02
2000-11-17,SAR,AMD,reference,148.13
2000-11-17,SDR,AMD,reference,696.21
2000-11-17,SEK,AMD,reference,55.25
2000-11-17,SGD,AMD,reference,318.04
2000-11-17,SKK,AMD,reference,11.17
2000-11-17,SYP,AMD,reference,12.35
2000-11-17,TAD,AMD,reference,25.255
2000-11-17,TJS,AMD,reference,252.55
2000-11-17,TMM,AMD,reference,0.1069
2000-11-17,TMT,AMD,reference,0.1069
2000-11-17,TRL,AMD,reference,0.00815
2000-11-17,UAH,AMD,reference,102.18
2000-11-17,USD,AMD,reference,555.62
2000-11-17,USM,AMD,reference,18.08
2000-11-20,AED,AMD,reference,151.34
2000-11-20,ARP,AMD,reference,555.83
2000-11-20,ATS,AMD,reference,34.61
2000-11-20,AUD,AMD,reference,289.64
2000-11-20,BEF,AMD,reference,11.805
2000-11-20,BGL,AMD,reference,239.23
2000-11-20,BRC,AMD,reference,285.43
2000-11-20,BYR,AMD,reference,0.512
2000-11-20,CAD,AMD,reference,358
2000-11-20,CHF,AMD,reference,311.81
2000-11-20,CNY,AMD,reference,67.14
2000-11-20,CZK,AMD,reference,13.75
2000-11-20,DEM,AMD,reference,243.48
2000-11-20,DKK,AMD,reference,63.74
2000-11-20,EEK,AMD,reference,30.39
2000-11-20,EGP,AMD,reference,144.88
2000-11-20,ESP,AMD,reference,2.862
2000-11-20,EUR,AMD,reference,476.2
2000-11-20,FIM,AMD,reference,80.09
2000-11-20,FRF,AMD,reference,72.6
2000-11-20,GBP,AMD,reference,790.68
2000-11-20,GEL,AMD,reference,277.97
2000-11-20,GRD,AMD,reference,1.4
2000-11-20,HUF,AMD,reference,1.802
2000-11-20,IEP,AMD,reference,604.64
2000-11-20,ILS,AMD,reference,135.41
2000-11-20,INR,AMD,reference,11.88
2000-11-20,IRR,AMD,reference,0.3015
2000-11-20,ISK,AMD,reference,63.14
2000-11-20,ITL,AMD,reference,0.2459
2000-11-20,JPY,AMD,reference,5.109
2000-11-20,KGS,AMD,reference,11.37
2000-11-20,KRW,AMD,reference,0.489
2000-11-20,KWD,AMD,reference,1804.42
2000-11-20,KZT,AMD,reference,38.59
2000-11-20,LBP,AMD,reference,0.3686
2000-11-20,LTL,AMD,reference,138.93
2000-11-20,LVL,AMD,reference,892.01
2000-11-20,MDL,AMD,reference,45.22
2000-11-20,MXN,AMD,reference,58.53
2000-11-20,NLG,AMD,reference,216.09
2000-11-20,NOK,AMD,reference,59.42
2000-11-20,PLZ,AMD,reference,121.58
2000-11-20,PTE,AMD,reference,2.375
2000-11-20,ROL,AMD,reference,0.02211
2000-11-20,RUB,AMD,reference,19.89
2000-11-20,SAR,AMD,reference,148.16
2000-11-20,SDR,AMD,reference,696.21
2000-11-20,SEK,AMD,reference,55.05
2000-11-20,SGD,AMD,reference,317.93
2000-11-20,SKK,AMD,reference,11.11
2000-11-20,SYP,AMD,reference,12.35
2000-11-20,TAD,AMD,reference,25.26
2000-11-20,TJS,AMD,reference,252.6
2000-11-20,TMM,AMD,reference,0.1069
2000-11-20,TMT,AMD,reference,0.1069
2000-11-20,TRL,AMD,reference,0.00814
2000-11-20,UAH,AMD,reference,102.21
2000-11-20,USD,AMD,reference,555.72
2000-11-20,USM,AMD,reference,18.09
2000-11-21,AED,AMD,reference,151.34
2000-11-21,ARP,AMD,reference,556.04
2000-11-21,ATS,AMD,reference,34.47
2000-11-21,AUD,AMD,reference,288.36
2000-11-21,BEF,AMD,reference,11.758
2000-11-21,BGL,AMD,reference,239.23
2000-11-21,BRC,AMD,reference,282.51
2000-11-21,BYR,AMD,reference,0.51
2000-11-21,CAD,AMD,reference,356.39
2000-11-21,CHF,AMD,reference,311.14
2000-11-21,CNY,AMD,reference,67.13
2000-11-21,CZK,AMD,reference,13.6
2000-11-21,DEM,AMD,reference,242.51
2000-11-21,DKK,AMD,reference,63.27
2000-11-21,EEK,AMD,reference,30.16
2000-11-21,EGP,AMD,reference,144.52
2000-11-21,ESP,AMD,reference,2.851
2000-11-21,EUR,AMD,reference,474.31
2000-11-21,FIM,AMD,reference,79.77
2000-11-21,FRF,AMD,reference,72.31
2000-11-21,GBP,AMD,reference,790.85
2000-11-21,GEL,AMD,reference,277.97
2000-11-21,GRD,AMD,reference,1.4
2000-11-21,HUF,AMD,reference,1.789
2000-11-21,IEP,AMD,reference,602.25
2000-11-21,ILS,AMD,reference,135.41
2000-11-21,INR,AMD,reference,11.88
2000-11-21,IRR,AMD,reference,0.3015
2000-11-21,ISK,AMD,reference,62.82
2000-11-21,ITL,AMD,reference,0.245
2000-11-21,JPY,AMD,reference,5.093
2000-11-21,KGS,AMD,reference,11.37
2000-11-21,KRW,AMD,reference,0.4884
2000-11-21,KWD,AMD,reference,1804.31
2000-11-21,KZT,AMD,reference,38.59
2000-11-21,LBP,AMD,reference,0.3686
2000-11-21,LTL,AMD,reference,138.93
2000-11-21,LVL,AMD,reference,892.01
2000-11-21,MDL,AMD,reference,45.22
2000-11-21,MXN,AMD,reference,58.63
2000-11-21,NLG,AMD,reference,215.23
2000-11-21,NOK,AMD,reference,59.26
2000-11-21,PLZ,AMD,reference,121.46
2000-11-21,PTE,AMD,reference,2.366
2000-11-21,ROL,AMD,reference,0.0221
2000-11-21,RUB,AMD,reference,19.89
2000-11-21,SAR,AMD,reference,148.6
2000-11-21,SDR,AMD,reference,696.21
2000-11-21,SEK,AMD,reference,54.71
2000-11-21,SGD,AMD,reference,317.1
2000-11-21,SKK,AMD,reference,11
2000-11-21,SYP,AMD,reference,12.08
2000-11-21,TAD,AMD,reference,25.26
2000-11-21,TJS,AMD,reference,252.6
2000-11-21,TMM,AMD,reference,0.1069
2000-11-21,TMT,AMD,reference,0.1069
2000-11-21,TRL,AMD,reference,0.00813
2000-11-21,UAH,AMD,reference,102.21
2000-11-21,USD,AMD,reference,555.72
2000-11-21,USM,AMD,reference,18.09
2000-11-22,AED,AMD,reference,151.34
2000-11-22,ARP,AMD,reference,555.83
2000-11-22,ATS,AMD,reference,34.28
2000-11-22,AUD,AMD,reference,285.25
2000-11-22,BEF,AMD,reference,11.693
2000-11-22,BGL,AMD,reference,239.23
2000-11-22,BRC,AMD,reference,288.39
2000-11-22,BYR,AMD,reference,0.51
2000-11-22,CAD,AMD,reference,356.48
2000-11-22,CHF,AMD,reference,308.48
2000-11-22,CNY,AMD,reference,67.13
2000-11-22,CZK,AMD,reference,13.62
2000-11-22,DEM,AMD,reference,241.17
2000-11-22,DKK,AMD,reference,63.35
2000-11-22,EEK,AMD,reference,30.21
2000-11-22,EGP,AMD,reference,144.13
2000-11-22,ESP,AMD,reference,2.835
2000-11-22,EUR,AMD,reference,471.7
2000-11-22,FIM,AMD,reference,79.33
2000-11-22,FRF,AMD,reference,71.91
2000-11-22,GBP,AMD,reference,790.85
2000-11-22,GEL,AMD,reference,277.97
2000-11-22,GRD,AMD,reference,1.387
2000-11-22,HUF,AMD,reference,1.788
2000-11-22,IEP,AMD,reference,598.93
2000-11-22,ILS,AMD,reference,135.71
2000-11-22,INR,AMD,reference,11.88
2000-11-22,IRR,AMD,reference,0.3015
2000-11-22,ISK,AMD,reference,62.29
2000-11-22,ITL,AMD,reference,0.2436
2000-11-22,JPY,AMD,reference,5.058
2000-11-22,KGS,AMD,reference,11.37
2000-11-22,KRW,AMD,reference,0.4873
2000-11-22,KWD,AMD,reference,1804.15
2000-11-22,KZT,AMD,reference,38.59
2000-11-22,LBP,AMD,reference,0.3686
2000-11-22,LTL,AMD,reference,138.93
2000-11-22,LVL,AMD,reference,889.15
2000-11-22,MDL,AMD,reference,45.21
2000-11-22,MXN,AMD,reference,58.78
2000-11-22,NLG,AMD,reference,214.05
2000-11-22,NOK,AMD,reference,59.06
2000-11-22,PLZ,AMD,reference,121.63
2000-11-22,PTE,AMD,reference,2.353
2000-11-22,ROL,AMD,reference,0.02207
2000-11-22,RUB,AMD,reference,19.89
2000-11-22,SAR,AMD,reference,148.6
2000-11-22,SDR,AMD,reference,696.21
2000-11-22,SEK,AMD,reference,54.54
2000-11-22,SGD,AMD,reference,316.7
2000-11-22,SKK,AMD,reference,11.07
2000-11-22,SYP,AMD,reference,12.35
2000-11-22,TAD,AMD,reference,25.26
2000-11-22,TJS,AMD,reference,252.6
2000-11-22,TMM,AMD,reference,0.1069
2000-11-22,TMT,AMD,reference,0.1069
2000-11-22,TRL,AMD,reference,0.0081
2000-11-22,UAH,AMD,reference,102.21
2000-11-22,USD,AMD,reference,555.72
2000-11-22,USM,AMD,reference,18.09
2000-11-23,AED,AMD,reference,151.24
2000-11-23,ARP,AMD,reference,555.48
2000-11-23,ATS,AMD,reference,34.2
2000-11-23,AUD,AMD,reference,285.9
2000-11-23,BEF,AMD,reference,11.666
2000-11-23,BGL,AMD,reference,239.23
2000-11-23,BRC,AMD,reference,288.49
2000-11-23,BYR,AMD,reference,0.508
2000-11-23,CAD,AMD,reference,357.22
2000-11-23,CHF,AMD,reference,309.29
2000-11-23,CNY,AMD,reference,67.09
2000-11-23,CZK,AMD,reference,13.56
2000-11-23,DEM,AMD,reference,240.62
2000-11-23,DKK,AMD,reference,62.88
2000-11-23,EEK,AMD,reference,30
2000-11-23,EGP,AMD,reference,145.41
2000-11-23,ESP,AMD,reference,2.828
2000-11-23,EUR,AMD,reference,470.62
2000-11-23,FIM,AMD,reference,79.15
2000-11-23,FRF,AMD,reference,71.75
2000-11-23,GBP,AMD,reference,787.57
2000-11-23,GEL,AMD,reference,277.97
2000-11-23,GRD,AMD,reference,1.387
2000-11-23,HUF,AMD,reference,1.777
2000-11-23,IEP,AMD,reference,597.56
2000-11-23,ILS,AMD,reference,135.23
2000-11-23,INR,AMD,reference,11.87
2000-11-23,IRR,AMD,reference,0.3015
2000-11-23,ISK,AMD,reference,61.9
2000-11-23,ITL,AMD,reference,0.2431
2000-11-23,JPY,AMD,reference,5.049
2000-11-23,KGS,AMD,reference,11.36
2000-11-23,KRW,AMD,reference,0.487
2000-11-23,KWD,AMD,reference,1800.68
2000-11-23,KZT,AMD,reference,38.57
2000-11-23,LBP,AMD,reference,0.3684
2000-11-23,LTL,AMD,reference,138.84
2000-11-23,LVL,AMD,reference,888.59
2000-11-23,MDL,AMD,reference,45.21
2000-11-23,MXN,AMD,reference,59.01
2000-11-23,NLG,AMD,reference,213.56
2000-11-23,NOK,AMD,reference,58.57
2000-11-23,PLZ,AMD,reference,121.41
2000-11-23,PTE,AMD,reference,2.347
2000-11-23,ROL,AMD,reference,0.02205
2000-11-23,RUB,AMD,reference,19.89
2000-11-23,SAR,AMD,reference,148.51
2000-11-23,SDR,AMD,reference,696.21
2000-11-23,SEK,AMD,reference,54.11
2000-11-23,SGD,AMD,reference,316.47
2000-11-23,SKK,AMD,reference,11.03
2000-11-23,SYP,AMD,reference,12.34
2000-11-23,TAD,AMD,reference,25.244
2000-11-23,TJS,AMD,reference,252.44
2000-11-23,TMM,AMD,reference,0.1068
2000-11-23,TMT,AMD,reference,0.1068
2000-11-23,TRL,AMD,reference,0.00808
2000-11-23,UAH,AMD,reference,102.15
2000-11-23,USD,AMD,reference,555.37
2000-11-23,USM,AMD,reference,18.08
2000-11-24,AED,AMD,reference,151.24
2000-11-24,ARP,AMD,reference,555.59
2000-11-24,ATS,AMD,reference,34.02
2000-11-24,AUD,AMD,reference,290.46
2000-11-24,BEF,AMD,reference,11.604
2000-11-24,BGL,AMD,reference,239.23
2000-11-24,BRC,AMD,reference,287.98
2000-11-24,BYR,AMD,reference,0.508
2000-11-24,CAD,AMD,reference,358.86
2000-11-24,CHF,AMD,reference,307.89
2000-11-24,CNY,AMD,reference,67.09
2000-11-24,CZK,AMD,reference,13.64
2000-11-24,DEM,AMD,reference,239.35
2000-11-24,DKK,AMD,reference,62.81
2000-11-24,EEK,AMD,reference,29.97
2000-11-24,EGP,AMD,reference,145.06
2000-11-24,ESP,AMD,reference,2.813
2000-11-24,EUR,AMD,reference,468.12
2000-11-24,FIM,AMD,reference,78.73
2000-11-24,FRF,AMD,reference,71.36
2000-11-24,GBP,AMD,reference,779.85
2000-11-24,GEL,AMD,reference,277.97
2000-11-24,GRD,AMD,reference,1.377
2000-11-24,HUF,AMD,reference,1.776
2000-11-24,IEP,AMD,reference,594.39
2000-11-24,ILS,AMD,reference,134.83
2000-11-24,INR,AMD,reference,11.87
2000-11-24,IRR,AMD,reference,0.3015
2000-11-24,ISK,AMD,reference,61.68
2000-11-24,ITL,AMD,reference,0.2418
2000-11-24,JPY,AMD,reference,5.049
2000-11-24,KGS,AMD,reference,11.36
2000-11-24,KRW,AMD,reference,0.4841
2000-11-24,KWD,AMD,reference,1799.79
2000-11-24,KZT,AMD,reference,38.57
2000-11-24,LBP,AMD,reference,0.3684
2000-11-24,LTL,AMD,reference,138.84
2000-11-24,LVL,AMD,reference,887.17
2000-11-24,MDL,AMD,reference,45.23
2000-11-24,MXN,AMD,reference,59.25
2000-11-24,NLG,AMD,reference,212.42
2000-11-24,NOK,AMD,reference,58.45
2000-11-24,PLZ,AMD,reference,121.11
2000-11-24,PTE,AMD,reference,2.335
2000-11-24,ROL,AMD,reference,0.02201
2000-11-24,RUB,AMD,reference,19.89
2000-11-24,SAR,AMD,reference,148.09
2000-11-24,SDR,AMD,reference,696.21
2000-11-24,SEK,AMD,reference,53.99
2000-11-24,SGD,AMD,reference,316.27
2000-11-24,SKK,AMD,reference,11.01
2000-11-24,SYP,AMD,reference,12.34
2000-11-24,TAD,AMD,reference,25.244
2000-11-24,TJS,AMD,reference,252.44
2000-11-24,TMM,AMD,reference,0.1068
2000-11-24,TMT,AMD,reference,0.1068
2000-11-24,TRL,AMD,reference,0.00807
2000-11-24,UAH,AMD,reference,102.15
2000-11-24,USD,AMD,reference,555.37
2000-11-24,USM,AMD,reference,18.08
2000-11-27,AED,AMD,reference,151.24
2000-11-27,ARP,AMD,reference,555.8
2000-11-27,ATS,AMD,reference,34.01
2000-11-27,AUD,AMD,reference,289.35
2000-11-27,BEF,AMD,reference,11.602
2000-11-27,BGL,AMD,reference,239.23
2000-11-27,BRC,AMD,reference,285.75
2000-11-27,BYR,AMD,reference,0.508
2000-11-27,CAD,AMD,reference,359.88
2000-11-27,CHF,AMD,reference,308.08
2000-11-27,CNY,AMD,reference,67.09
2000-11-27,CZK,AMD,reference,13.66
2000-11-27,DEM,AMD,reference,239.29
2000-11-27,DKK,AMD,reference,62.63
2000-11-27,EEK,AMD,reference,29.83
2000-11-27,EGP,AMD,reference,145.06
2000-11-27,ESP,AMD,reference,2.813
2000-11-27,EUR,AMD,reference,468.01
2000-11-27,FIM,AMD,reference,78.71
2000-11-27,FRF,AMD,reference,71.35
2000-11-27,GBP,AMD,reference,777.91
2000-11-27,GEL,AMD,reference,277.97
2000-11-27,GRD,AMD,reference,1.377
2000-11-27,HUF,AMD,reference,1.764
2000-11-27,IEP,AMD,reference,594.25
2000-11-27,ILS,AMD,reference,135.23
2000-11-27,INR,AMD,reference,11.86
2000-11-27,IRR,AMD,reference,0.3015
2000-11-27,ISK,AMD,reference,62.97
2000-11-27,ITL,AMD,reference,0.2417
2000-11-27,JPY,AMD,reference,5.012
2000-11-27,KGS,AMD,reference,11.28
2000-11-27,KRW,AMD,reference,0.4763
2000-11-27,KWD,AMD,reference,1799.79
2000-11-27,KZT,AMD,reference,38.57
2000-11-27,LBP,AMD,reference,0.3684
2000-11-27,LTL,AMD,reference,138.84
2000-11-27,LVL,AMD,reference,884.35
2000-11-27,MDL,AMD,reference,45.2
2000-11-27,MXN,AMD,reference,59.02
2000-11-27,NLG,AMD,reference,212.37
2000-11-27,NOK,AMD,reference,58.44
2000-11-27,PLZ,AMD,reference,121.34
2000-11-27,PTE,AMD,reference,2.334
2000-11-27,ROL,AMD,reference,0.02199
2000-11-27,RUB,AMD,reference,19.89
2000-11-27,SAR,AMD,reference,148.09
2000-11-27,SDR,AMD,reference,696.21
2000-11-27,SEK,AMD,reference,54.08
2000-11-27,SGD,AMD,reference,315.93
2000-11-27,SKK,AMD,reference,10.97
2000-11-27,SYP,AMD,reference,12.34
2000-11-27,TAD,AMD,reference,25.244
2000-11-27,TJS,AMD,reference,252.44
2000-11-27,TMM,AMD,reference,0.1068
2000-11-27,TMT,AMD,reference,0.1068
2000-11-27,TRL,AMD,reference,0.00806
2000-11-27,UAH,AMD,reference,102.15
2000-11-27,USD,AMD,reference,555.37
2000-11-27,USM,AMD,reference,17.69
2000-11-28,AED,AMD,reference,150.84
2000-11-28,ARP,AMD,reference,554.3
2000-11-28,ATS,AMD,reference,33.96
2000-11-28,AUD,AMD,reference,288.68
2000-11-28,BEF,AMD,reference,11.583
2000-11-28,BGL,AMD,reference,239.23
2000-11-28,BRC,AMD,reference,282.87
2000-11-28,BYR,AMD,reference,0.507
2000-11-28,CAD,AMD,reference,359.84
2000-11-28,CHF,AMD,reference,307.3
2000-11-28,CNY,AMD,reference,66.91
2000-11-28,CZK,AMD,reference,13.56
2000-11-28,DEM,AMD,reference,238.9
2000-11-28,DKK,AMD,reference,62.39
2000-11-28,EEK,AMD,reference,29.76
2000-11-28,EGP,AMD,reference,144.31
2000-11-28,ESP,AMD,reference,2.808
2000-11-28,EUR,AMD,reference,467.24
2000-11-28,FIM,AMD,reference,78.58
2000-11-28,FRF,AMD,reference,71.23
2000-11-28,GBP,AMD,reference,779.35
2000-11-28,GEL,AMD,reference,277.97
2000-11-28,GRD,AMD,reference,1.371
2000-11-28,HUF,AMD,reference,1.76
2000-11-28,IEP,AMD,reference,593.28
2000-11-28,ILS,AMD,reference,134.86
2000-11-28,INR,AMD,reference,11.83
2000-11-28,IRR,AMD,reference,0.3015
2000-11-28,ISK,AMD,reference,62.75
2000-11-28,ITL,AMD,reference,0.2413
2000-11-28,JPY,AMD,reference,4.99
2000-11-28,KGS,AMD,reference,11.25
2000-11-28,KRW,AMD,reference,0.4677
2000-11-28,KWD,AMD,reference,1794.26
2000-11-28,KZT,AMD,reference,38.46
2000-11-28,LBP,AMD,reference,0.3674
2000-11-28,LTL,AMD,reference,138.47
2000-11-28,LVL,AMD,reference,879.16
2000-11-28,MDL,AMD,reference,45
2000-11-28,MXN,AMD,reference,58.94
2000-11-28,NLG,AMD,reference,212.03
2000-11-28,NOK,AMD,reference,58.25
2000-11-28,PLZ,AMD,reference,121.82
2000-11-28,PTE,AMD,reference,2.331
2000-11-28,ROL,AMD,reference,0.02192
2000-11-28,RUB,AMD,reference,19.89
2000-11-28,SAR,AMD,reference,147.67
2000-11-28,SDR,AMD,reference,696.21
2000-11-28,SEK,AMD,reference,53.78
2000-11-28,SGD,AMD,reference,315.08
2000-11-28,SKK,AMD,reference,10.91
2000-11-28,SYP,AMD,reference,10.55
2000-11-28,TAD,AMD,reference,25.176
2000-11-28,TJS,AMD,reference,251.76
2000-11-28,TMM,AMD,reference,0.1065
2000-11-28,TMT,AMD,reference,0.1065
2000-11-28,TRL,AMD,reference,0.00804
2000-11-28,UAH,AMD,reference,101.87
2000-11-28,USD,AMD,reference,553.87
2000-11-28,USM,AMD,reference,17.64
2000-11-29,AED,AMD,reference,150.86
2000-11-29,ARP,AMD,reference,554.08
2000-11-29,ATS,AMD,reference,33.84
2000-11-29,AUD,AMD,reference,290.89
2000-11-29,BEF,AMD,reference,11.544
2000-11-29,BGL,AMD,reference,239.23
2000-11-29,BRC,AMD,reference,282.36
2000-11-29,BYR,AMD,reference,0.507
2000-11-29,CAD,AMD,reference,360.99
2000-11-29,CHF,AMD,reference,307.33
2000-11-29,CNY,AMD,reference,66.92
2000-11-29,CZK,AMD,reference,13.57
2000-11-29,DEM,AMD,reference,238.09
2000-11-29,DKK,AMD,reference,62.4
2000-11-29,EEK,AMD,reference,29.77
2000-11-29,EGP,AMD,reference,143.14
2000-11-29,ESP,AMD,reference,2.799
2000-11-29,EUR,AMD,reference,465.67
2000-11-29,FIM,AMD,reference,78.32
2000-11-29,FRF,AMD,reference,70.99
2000-11-29,GBP,AMD,reference,779.49
2000-11-29,GEL,AMD,reference,277.97
2000-11-29,GRD,AMD,reference,1.367
2000-11-29,HUF,AMD,reference,1.76
2000-11-29,IEP,AMD,reference,591.28
2000-11-29,ILS,AMD,reference,134.95
2000-11-29,INR,AMD,reference,11.83
2000-11-29,IRR,AMD,reference,0.3015
2000-11-29,ISK,AMD,reference,62.76
2000-11-29,ITL,AMD,reference,0.2405
2000-11-29,JPY,AMD,reference,5.016
2000-11-29,KGS,AMD,reference,11.25
2000-11-29,KRW,AMD,reference,0.4635
2000-11-29,KWD,AMD,reference,1797.63
2000-11-29,KZT,AMD,reference,38.47
2000-11-29,LBP,AMD,reference,0.3675
2000-11-29,LTL,AMD,reference,138.49
2000-11-29,LVL,AMD,reference,880.72
2000-11-29,MDL,AMD,reference,44.95
2000-11-29,MXN,AMD,reference,59.13
2000-11-29,NLG,AMD,reference,211.31
2000-11-29,NOK,AMD,reference,58.1
2000-11-29,PLZ,AMD,reference,121.84
2000-11-29,PTE,AMD,reference,2.323
2000-11-29,ROL,AMD,reference,0.02192
2000-11-29,RUB,AMD,reference,19.89
2000-11-29,SAR,AMD,reference,147.69
2000-11-29,SDR,AMD,reference,696.21
2000-11-29,SEK,AMD,reference,53.58
2000-11-29,SGD,AMD,reference,315.16
2000-11-29,SKK,AMD,reference,10.92
2000-11-29,SYP,AMD,reference,12.31
2000-11-29,TAD,AMD,reference,25.18
2000-11-29,TJS,AMD,reference,251.8
2000-11-29,TMM,AMD,reference,0.1065
2000-11-29,TMT,AMD,reference,0.1065
2000-11-29,TRL,AMD,reference,0.00804
2000-11-29,UAH,AMD,reference,101.89
2000-11-29,USD,AMD,reference,553.97
2000-11-29,USM,AMD,reference,17.64
2000-11-30,AED,AMD,reference,150.86
2000-11-30,ARP,AMD,reference,554.08
2000-11-30,ATS,AMD,reference,34.47
2000-11-30,AUD,AMD,reference,290.61
2000-11-30,BEF,AMD,reference,11.756
2000-11-30,BGL,AMD,reference,239.23
2000-11-30,BRC,AMD,reference,283.74
2000-11-30,BYR,AMD,reference,0.507
2000-11-30,CAD,AMD,reference,360.45
2000-11-30,CHF,AMD,reference,313.08
2000-11-30,CNY,AMD,reference,66.93
2000-11-30,CZK,AMD,reference,13.8
2000-11-30,DEM,AMD,reference,242.48
2000-11-30,DKK,AMD,reference,64
2000-11-30,EEK,AMD,reference,30.48
2000-11-30,EGP,AMD,reference,144.5
2000-11-30,ESP,AMD,reference,2.85
2000-11-30,EUR,AMD,reference,474.25
2000-11-30,FIM,AMD,reference,79.76
2000-11-30,FRF,AMD,reference,72.3
2000-11-30,GBP,AMD,reference,789.24
2000-11-30,GEL,AMD,reference,277.97
2000-11-30,GRD,AMD,reference,1.385
2000-11-30,HUF,AMD,reference,1.8
2000-11-30,IEP,AMD,reference,602.18
2000-11-30,ILS,AMD,reference,135.11
2000-11-30,INR,AMD,reference,11.82
2000-11-30,IRR,AMD,reference,0.3015
2000-11-30,ISK,AMD,reference,63.36
2000-11-30,ITL,AMD,reference,0.2449
2000-11-30,JPY,AMD,reference,5.028
2000-11-30,KGS,AMD,reference,11.25
2000-11-30,KRW,AMD,reference,0.4635
2000-11-30,KWD,AMD,reference,1801.18
2000-11-30,KZT,AMD,reference,38.47
2000-11-30,LBP,AMD,reference,0.3675
2000-11-30,LTL,AMD,reference,138.49
2000-11-30,LVL,AMD,reference,884.94
2000-11-30,MDL,AMD,reference,44.95
2000-11-30,MXN,AMD,reference,58.9
2000-11-30,NLG,AMD,reference,215.21
2000-11-30,NOK,AMD,reference,59.14
2000-11-30,PLZ,AMD,reference,122.84
2000-11-30,PTE,AMD,reference,2.366
2000-11-30,ROL,AMD,reference,0.02187
2000-11-30,RUB,AMD,reference,19.89
2000-11-30,SAR,AMD,reference,147.69
2000-11-30,SDR,AMD,reference,696.21
2000-11-30,SEK,AMD,reference,54.5
2000-11-30,SGD,AMD,reference,316.16
2000-11-30,SKK,AMD,reference,11.13
2000-11-30,SYP,AMD,reference,12.31
2000-11-30,TAD,AMD,reference,25.18
2000-11-30,TJS,AMD,reference,251.8
2000-11-30,TMM,AMD,reference,0.1065
2000-11-30,TMT,AMD,reference,0.1065
2000-11-30,TRL,AMD,reference,0.00808
2000-11-30,UAH,AMD,reference,101.89
2000-11-30,USD,AMD,reference,553.97
2000-11-30,USM,AMD,reference,17.52
2000-12-01,AED,AMD,reference,150.63
2000-12-01,ARP,AMD,reference,553.24
2000-12-01,ATS,AMD,reference,34.77
2000-12-01,AUD,AMD,reference,288.96
2000-12-01,BEF,AMD,reference,11.861
2000-12-01,BGL,AMD,reference,239.23
2000-12-01,BRC,AMD,reference,282.63
2000-12-01,BYR,AMD,reference,0.497
2000-12-01,CAD,AMD,reference,359.08
2000-12-01,CHF,AMD,reference,316.15
2000-12-01,CNY,AMD,reference,66.82
2000-12-01,CZK,AMD,reference,13.88
2000-12-01,DEM,AMD,reference,244.63
2000-12-01,DKK,AMD,reference,64.32
2000-12-01,EEK,AMD,reference,30.71
2000-12-01,EGP,AMD,reference,143.98
2000-12-01,ESP,AMD,reference,2.876
2000-12-01,EUR,AMD,reference,478.46
2000-12-01,FIM,AMD,reference,80.47
2000-12-01,FRF,AMD,reference,72.94
2000-12-01,GBP,AMD,reference,784.23
2000-12-01,GEL,AMD,reference,277.97
2000-12-01,GRD,AMD,reference,1.402
2000-12-01,HUF,AMD,reference,1.814
2000-12-01,IEP,AMD,reference,607.52
2000-12-01,ILS,AMD,reference,134.78
2000-12-01,INR,AMD,reference,11.8
2000-12-01,IRR,AMD,reference,0.3015
2000-12-01,ISK,AMD,reference,63.32
2000-12-01,ITL,AMD,reference,0.2471
2000-12-01,JPY,AMD,reference,4.981
2000-12-01,KGS,AMD,reference,11.24
2000-12-01,KRW,AMD,reference,0.4661
2000-12-01,KWD,AMD,reference,1800.33
2000-12-01,KZT,AMD,reference,38.41
2000-12-01,LBP,AMD,reference,0.3669
2000-12-01,LTL,AMD,reference,138.28
2000-12-01,LVL,AMD,reference,885.01
2000-12-01,MDL,AMD,reference,44.81
2000-12-01,MXN,AMD,reference,58.85
2000-12-01,NLG,AMD,reference,217.11
2000-12-01,NOK,AMD,reference,59.6
2000-12-01,PLZ,AMD,reference,123.65
2000-12-01,PTE,AMD,reference,2.387
2000-12-01,ROL,AMD,reference,0.02181
2000-12-01,RUB,AMD,reference,19.78
2000-12-01,SAR,AMD,reference,147.47
2000-12-01,SDR,AMD,reference,696.21
2000-12-01,SEK,AMD,reference,55.1
2000-12-01,SGD,AMD,reference,314.94
2000-12-01,SKK,AMD,reference,11.17
2000-12-01,SYP,AMD,reference,12.29
2000-12-01,TAD,AMD,reference,25.142
2000-12-01,TJS,AMD,reference,251.42
2000-12-01,TMM,AMD,reference,0.1064
2000-12-01,TMT,AMD,reference,0.1064
2000-12-01,TRL,AMD,reference,0.0081
2000-12-01,UAH,AMD,reference,101.74
2000-12-01,USD,AMD,reference,553.13
2000-12-01,USM,AMD,reference,17.49
2000-12-04,AED,AMD,reference,150.63
2000-12-04,ARP,AMD,reference,553.24
2000-12-04,ATS,AMD,reference,34.91
2000-12-04,AUD,AMD,reference,297.47
2000-12-04,BEF,AMD,reference,11.907
2000-12-04,BGL,AMD,reference,239.23
2000-12-04,BRC,AMD,reference,280.56
2000-12-04,BYR,AMD,reference,0.494
2000-12-04,CAD,AMD,reference,360.2
2000-12-04,CHF,AMD,reference,318.21
2000-12-04,CNY,AMD,reference,66.82
2000-12-04,CZK,AMD,reference,14
2000-12-04,DEM,AMD,reference,245.59
2000-12-04,DKK,AMD,reference,65.02
2000-12-04,EEK,AMD,reference,31.03
2000-12-04,EGP,AMD,reference,143.98
2000-12-04,ESP,AMD,reference,2.887
2000-12-04,EUR,AMD,reference,480.34
2000-12-04,FIM,AMD,reference,80.79
2000-12-04,FRF,AMD,reference,73.23
2000-12-04,GBP,AMD,reference,792.86
2000-12-04,GEL,AMD,reference,277.97
2000-12-04,GRD,AMD,reference,1.41
2000-12-04,HUF,AMD,reference,1.831
2000-12-04,IEP,AMD,reference,609.9
2000-12-04,ILS,AMD,reference,134.91
2000-12-04,INR,AMD,reference,11.8
2000-12-04,IRR,AMD,reference,0.3015
2000-12-04,ISK,AMD,reference,63.68
2000-12-04,ITL,AMD,reference,0.2481
2000-12-04,JPY,AMD,reference,4.998
2000-12-04,KGS,AMD,reference,11.2
2000-12-04,KRW,AMD,reference,0.4668
2000-12-04,KWD,AMD,reference,1800.11
2000-12-04,KZT,AMD,reference,38.41
2000-12-04,LBP,AMD,reference,0.3669
2000-12-04,LTL,AMD,reference,138.28
2000-12-04,LVL,AMD,reference,885.01
2000-12-04,MDL,AMD,reference,44.79
2000-12-04,MXN,AMD,reference,58.79
2000-12-04,NLG,AMD,reference,217.97
2000-12-04,NOK,AMD,reference,59.65
2000-12-04,PLZ,AMD,reference,124.13
2000-12-04,PTE,AMD,reference,2.396
2000-12-04,ROL,AMD,reference,0.02181
2000-12-04,RUB,AMD,reference,19.78
2000-12-04,SAR,AMD,reference,147.47
2000-12-04,SDR,AMD,reference,696.21
2000-12-04,SEK,AMD,reference,55.12
2000-12-04,SGD,AMD,reference,315.93
2000-12-04,SKK,AMD,reference,11.23
2000-12-04,SYP,AMD,reference,12.29
2000-12-04,TAD,AMD,reference,25.142
2000-12-04,TJS,AMD,reference,251.42
2000-12-04,TMM,AMD,reference,0.1064
2000-12-04,TMT,AMD,reference,0.1064
2000-12-04,TRL,AMD,reference,0.00811
2000-12-04,UAH,AMD,reference,101.74
2000-12-04,USD,AMD,reference,553.13
2000-12-04,USM,AMD,reference,17.49
2000-12-05,AED,AMD,reference,151.02
2000-12-05,ARP,AMD,reference,554.89
2000-12-05,ATS,AMD,reference,35.9
2000-12-05,AUD,AMD,reference,299.5
2000-12-05,BEF,AMD,reference,12.245
2000-12-05,BGL,AMD,reference,239.23
2000-12-05,BRC,AMD,reference,280.06
2000-12-05,BYR,AMD,reference,0.494
2000-12-05,CAD,AMD,reference,360.39
2000-12-05,CHF,AMD,reference,320.06
2000-12-05,CNY,AMD,reference,67
2000-12-05,CZK,AMD,reference,14.08
2000-12-05,DEM,AMD,reference,252.57
2000-12-05,DKK,AMD,reference,65.95
2000-12-05,EEK,AMD,reference,31.33
2000-12-05,EGP,AMD,reference,144.34
2000-12-05,ESP,AMD,reference,2.969
2000-12-05,EUR,AMD,reference,493.98
2000-12-05,FIM,AMD,reference,83.08
2000-12-05,FRF,AMD,reference,75.31
2000-12-05,GBP,AMD,reference,802.4
2000-12-05,GEL,AMD,reference,277.97
2000-12-05,GRD,AMD,reference,1.425
2000-12-05,HUF,AMD,reference,1.848
2000-12-05,IEP,AMD,reference,627.22
2000-12-05,ILS,AMD,reference,135.25
2000-12-05,INR,AMD,reference,11.83
2000-12-05,IRR,AMD,reference,0.3015
2000-12-05,ISK,AMD,reference,64.22
2000-12-05,ITL,AMD,reference,0.2551
2000-12-05,JPY,AMD,reference,4.995
2000-12-05,KGS,AMD,reference,11.23
2000-12-05,KRW,AMD,reference,0.4575
2000-12-05,KWD,AMD,reference,1806.05
2000-12-05,KZT,AMD,reference,38.51
2000-12-05,LBP,AMD,reference,0.3678
2000-12-05,LTL,AMD,reference,138.63
2000-12-05,LVL,AMD,reference,891.53
2000-12-05,MDL,AMD,reference,44.86
2000-12-05,MXN,AMD,reference,58.89
2000-12-05,NLG,AMD,reference,224.16
2000-12-05,NOK,AMD,reference,59.94
2000-12-05,PLZ,AMD,reference,124.22
2000-12-05,PTE,AMD,reference,2.464
2000-12-05,ROL,AMD,reference,0.02184
2000-12-05,RUB,AMD,reference,19.78
2000-12-05,SAR,AMD,reference,147.85
2000-12-05,SDR,AMD,reference,710.17
2000-12-05,SEK,AMD,reference,55.79
2000-12-05,SGD,AMD,reference,316.9
2000-12-05,SKK,AMD,reference,11.32
2000-12-05,SYP,AMD,reference,12.32
2000-12-05,TAD,AMD,reference,25.206
2000-12-05,TJS,AMD,reference,252.06
2000-12-05,TMM,AMD,reference,0.1066
2000-12-05,TMT,AMD,reference,0.1066
2000-12-05,TRL,AMD,reference,0.00814
2000-12-05,UAH,AMD,reference,102
2000-12-05,USD,AMD,reference,554.53
2000-12-05,USM,AMD,reference,17.53
2000-12-06,AED,AMD,reference,151.4
2000-12-06,ARP,AMD,reference,556.07
2000-12-06,ATS,AMD,reference,35.59
2000-12-06,AUD,AMD,reference,301.76
2000-12-06,BEF,AMD,reference,12.141
2000-12-06,BGL,AMD,reference,239.23
2000-12-06,BRC,AMD,reference,280.41
2000-12-06,BYR,AMD,reference,0.495
2000-12-06,CAD,AMD,reference,359.64
2000-12-06,CHF,AMD,reference,326.53
2000-12-06,CNY,AMD,reference,67.16
2000-12-06,CZK,AMD,reference,14.12
2000-12-06,DEM,AMD,reference,250.42
2000-12-06,DKK,AMD,reference,66.12
2000-12-06,EEK,AMD,reference,31.41
2000-12-06,EGP,AMD,reference,144.71
2000-12-06,ESP,AMD,reference,2.944
2000-12-06,EUR,AMD,reference,489.77
2000-12-06,FIM,AMD,reference,82.37
2000-12-06,FRF,AMD,reference,74.67
2000-12-06,GBP,AMD,reference,804.43
2000-12-06,GEL,AMD,reference,277.97
2000-12-06,GRD,AMD,reference,1.449
2000-12-06,HUF,AMD,reference,1.853
2000-12-06,IEP,AMD,reference,621.89
2000-12-06,ILS,AMD,reference,135.49
2000-12-06,INR,AMD,reference,11.86
2000-12-06,IRR,AMD,reference,0.3015
2000-12-06,ISK,AMD,reference,64.38
2000-12-06,ITL,AMD,reference,0.2529
2000-12-06,JPY,AMD,reference,5.179
2000-12-06,KGS,AMD,reference,11.26
2000-12-06,KRW,AMD,reference,0.4591
2000-12-06,KWD,AMD,reference,1814.89
2000-12-06,KZT,AMD,reference,38.61
2000-12-06,LBP,AMD,reference,0.3688
2000-12-06,LTL,AMD,reference,138.98
2000-12-06,LVL,AMD,reference,895.22
2000-12-06,MDL,AMD,reference,44.95
2000-12-06,MXN,AMD,reference,59.05
2000-12-06,NLG,AMD,reference,222.25
2000-12-06,NOK,AMD,reference,61.08
2000-12-06,PLZ,AMD,reference,124.54
2000-12-06,PTE,AMD,reference,2.443
2000-12-06,ROL,AMD,reference,0.0219
2000-12-06,RUB,AMD,reference,19.78
2000-12-06,SAR,AMD,reference,148.22
2000-12-06,SDR,AMD,reference,710.17
2000-12-06,SEK,AMD,reference,57.38
2000-12-06,SGD,AMD,reference,317.7
2000-12-06,SKK,AMD,reference,11.34
2000-12-06,SYP,AMD,reference,12.35
2000-12-06,TAD,AMD,reference,25.27
2000-12-06,TJS,AMD,reference,252.7
2000-12-06,TMM,AMD,reference,0.1069
2000-12-06,TMT,AMD,reference,0.1069
2000-12-06,TRL,AMD,reference,0.00822
2000-12-06,UAH,AMD,reference,102.26
2000-12-06,USD,AMD,reference,555.93
2000-12-06,USM,AMD,reference,17.46
2000-12-07,AED,AMD,reference,151.4
2000-12-07,ARP,AMD,reference,556.07
2000-12-07,ATS,AMD,reference,35.59
2000-12-07,AUD,AMD,reference,303.15
2000-12-07,BEF,AMD,reference,12.141
2000-12-07,BGL,AMD,reference,239.23
2000-12-07,BRC,AMD,reference,280.32
2000-12-07,BYR,AMD,reference,0.493
2000-12-07,CAD,AMD,reference,360.17
2000-12-07,CHF,AMD,reference,324.46
2000-12-07,CNY,AMD,reference,67.17
2000-12-07,CZK,AMD,reference,14.12
2000-12-07,DEM,AMD,reference,250.42
2000-12-07,DKK,AMD,reference,65.97
2000-12-07,EEK,AMD,reference,31.43
2000-12-07,EGP,AMD,reference,144.87
2000-12-07,ESP,AMD,reference,2.944
2000-12-07,EUR,AMD,reference,489.77
2000-12-07,FIM,AMD,reference,82.37
2000-12-07,FRF,AMD,reference,74.67
2000-12-07,GBP,AMD,reference,797.7
2000-12-07,GEL,AMD,reference,277.97
2000-12-07,GRD,AMD,reference,1.439
2000-12-07,HUF,AMD,reference,1.854
2000-12-07,IEP,AMD,reference,621.89
2000-12-07,ILS,AMD,reference,135.86
2000-12-07,INR,AMD,reference,11.86
2000-12-07,IRR,AMD,reference,0.3015
2000-12-07,ISK,AMD,reference,64.06
2000-12-07,ITL,AMD,reference,0.2529
2000-12-07,JPY,AMD,reference,5.021
2000-12-07,KGS,AMD,reference,11.26
2000-12-07,KRW,AMD,reference,0.4591
2000-12-07,KWD,AMD,reference,1814.06
2000-12-07,KZT,AMD,reference,38.61
2000-12-07,LBP,AMD,reference,0.3688
2000-12-07,LTL,AMD,reference,138.98
2000-12-07,LVL,AMD,reference,898.11
2000-12-07,MDL,AMD,reference,44.94
2000-12-07,MXN,AMD,reference,59.32
2000-12-07,NLG,AMD,reference,222.25
2000-12-07,NOK,AMD,reference,60.44
2000-12-07,PLZ,AMD,reference,126.08
2000-12-07,PTE,AMD,reference,2.443
2000-12-07,ROL,AMD,reference,0.02187
2000-12-07,RUB,AMD,reference,19.78
2000-12-07,SAR,AMD,reference,148.24
2000-12-07,SDR,AMD,reference,710.17
2000-12-07,SEK,AMD,reference,57.08
2000-12-07,SGD,AMD,reference,320.06
2000-12-07,SKK,AMD,reference,11.3
2000-12-07,SYP,AMD,reference,12.35
2000-12-07,TAD,AMD,reference,25.27
2000-12-07,TJS,AMD,reference,252.7
2000-12-07,TMM,AMD,reference,0.1069
2000-12-07,TMT,AMD,reference,0.1069
2000-12-07,TRL,AMD,reference,0.00818
2000-12-07,UAH,AMD,reference,102.26
2000-12-07,USD,AMD,reference,555.93
2000-12-07,USM,AMD,reference,17.46
2000-12-08,AED,AMD,reference,151.27
2000-12-08,ARP,AMD,reference,555.66
2000-12-08,ATS,AMD,reference,35.64
2000-12-08,AUD,AMD,reference,305.74
2000-12-08,BEF,AMD,reference,12.156
2000-12-08,BGL,AMD,reference,239.23
2000-12-08,BRC,AMD,reference,282.33
2000-12-08,BYR,AMD,reference,0.491
2000-12-08,CAD,AMD,reference,362.56
2000-12-08,CHF,AMD,reference,324.41
2000-12-08,CNY,AMD,reference,67.11
2000-12-08,CZK,AMD,reference,14.22
2000-12-08,DEM,AMD,reference,250.73
2000-12-08,DKK,AMD,reference,66.77
2000-12-08,EEK,AMD,reference,31.75
2000-12-08,EGP,AMD,reference,144.75
2000-12-08,ESP,AMD,reference,2.947
2000-12-08,EUR,AMD,reference,490.38
2000-12-08,FIM,AMD,reference,82.48
2000-12-08,FRF,AMD,reference,74.76
2000-12-08,GBP,AMD,reference,803.34
2000-12-08,GEL,AMD,reference,277.97
2000-12-08,GRD,AMD,reference,1.442
2000-12-08,HUF,AMD,reference,1.874
2000-12-08,IEP,AMD,reference,622.65
2000-12-08,ILS,AMD,reference,135.81
2000-12-08,INR,AMD,reference,11.85
2000-12-08,IRR,AMD,reference,0.3015
2000-12-08,ISK,AMD,reference,64.43
2000-12-08,ITL,AMD,reference,0.2533
2000-12-08,JPY,AMD,reference,5.033
2000-12-08,KGS,AMD,reference,11.25
2000-12-08,KRW,AMD,reference,0.4576
2000-12-08,KWD,AMD,reference,1810.59
2000-12-08,KZT,AMD,reference,38.58
2000-12-08,LBP,AMD,reference,0.3685
2000-12-08,LTL,AMD,reference,138.87
2000-12-08,LVL,AMD,reference,894.49
2000-12-08,MDL,AMD,reference,44.91
2000-12-08,MXN,AMD,reference,59.06
2000-12-08,NLG,AMD,reference,222.52
2000-12-08,NOK,AMD,reference,60.8
2000-12-08,PLZ,AMD,reference,126.78
2000-12-08,PTE,AMD,reference,2.446
2000-12-08,ROL,AMD,reference,0.02182
2000-12-08,RUB,AMD,reference,19.78
2000-12-08,SAR,AMD,reference,148.12
2000-12-08,SDR,AMD,reference,710.17
2000-12-08,SEK,AMD,reference,57.25
2000-12-08,SGD,AMD,reference,320
2000-12-08,SKK,AMD,reference,11.41
2000-12-08,SYP,AMD,reference,12.34
2000-12-08,TAD,AMD,reference,25.249
2000-12-08,TJS,AMD,reference,252.49
2000-12-08,TMM,AMD,reference,0.1068
2000-12-08,TMT,AMD,reference,0.1068
2000-12-08,TRL,AMD,reference,0.00818
2000-12-08,UAH,AMD,reference,102.18
2000-12-08,USD,AMD,reference,555.48
2000-12-08,USM,AMD,reference,17.44
2000-12-11,AED,AMD,reference,151.36
2000-12-11,ARP,AMD,reference,556.54
2000-12-11,ATS,AMD,reference,36.12
2000-12-11,AUD,AMD,reference,303.14
2000-12-11,BEF,AMD,reference,12.322
2000-12-11,BGL,AMD,reference,239.23
2000-12-11,BRC,AMD,reference,281.63
2000-12-11,BYR,AMD,reference,0.488
2000-12-11,CAD,AMD,reference,365.09
2000-12-11,CHF,AMD,reference,328.05
2000-12-11,CNY,AMD,reference,67.15
2000-12-11,CZK,AMD,reference,14.13
2000-12-11,DEM,AMD,reference,254.14
2000-12-11,DKK,AMD,reference,66.19
2000-12-11,EEK,AMD,reference,31.48
2000-12-11,EGP,AMD,reference,144.74
2000-12-11,ESP,AMD,reference,2.987
2000-12-11,EUR,AMD,reference,497.06
2000-12-11,FIM,AMD,reference,83.6
2000-12-11,FRF,AMD,reference,75.78
2000-12-11,GBP,AMD,reference,804.48
2000-12-11,GEL,AMD,reference,277.97
2000-12-11,GRD,AMD,reference,1.459
2000-12-11,HUF,AMD,reference,1.858
2000-12-11,IEP,AMD,reference,631.14
2000-12-11,ILS,AMD,reference,135.89
2000-12-11,INR,AMD,reference,11.86
2000-12-11,IRR,AMD,reference,0.3015
2000-12-11,ISK,AMD,reference,64.11
2000-12-11,ITL,AMD,reference,0.2567
2000-12-11,JPY,AMD,reference,5.025
2000-12-11,KGS,AMD,reference,11.24
2000-12-11,KRW,AMD,reference,0.4588
2000-12-11,KWD,AMD,reference,1815.94
2000-12-11,KZT,AMD,reference,38.6
2000-12-11,LBP,AMD,reference,0.3687
2000-12-11,LTL,AMD,reference,138.95
2000-12-11,LVL,AMD,reference,900.83
2000-12-11,MDL,AMD,reference,44.93
2000-12-11,MXN,AMD,reference,58.96
2000-12-11,NLG,AMD,reference,225.56
2000-12-11,NOK,AMD,reference,61.25
2000-12-11,PLZ,AMD,reference,126.86
2000-12-11,PTE,AMD,reference,2.479
2000-12-11,ROL,AMD,reference,0.02182
2000-12-11,RUB,AMD,reference,19.78
2000-12-11,SAR,AMD,reference,148.2
2000-12-11,SDR,AMD,reference,710.17
2000-12-11,SEK,AMD,reference,57.61
2000-12-11,SGD,AMD,reference,320.16
2000-12-11,SKK,AMD,reference,11.38
2000-12-11,SYP,AMD,reference,12.35
2000-12-11,TAD,AMD,reference,25.264
2000-12-11,TJS,AMD,reference,252.64
2000-12-11,TMM,AMD,reference,0.1069
2000-12-11,TMT,AMD,reference,0.1069
2000-12-11,TRL,AMD,reference,0.00823
2000-12-11,UAH,AMD,reference,102.24
2000-12-11,USD,AMD,reference,555.81
2000-12-11,USM,AMD,reference,17.45
2000-12-12,AED,AMD,reference,151.57
2000-12-12,ARP,AMD,reference,557.28
2000-12-12,ATS,AMD,reference,35.98
2000-12-12,AUD,AMD,reference,302.43
2000-12-12,BEF,AMD,reference,12.272
2000-12-12,BGL,AMD,reference,239.23
2000-12-12,BRC,AMD,reference,282.8
2000-12-12,BYR,AMD,reference,0.485
2000-12-12,CAD,AMD,reference,366.32
2000-12-12,CHF,AMD,reference,327.24
2000-12-12,CNY,AMD,reference,67.24
2000-12-12,CZK,AMD,reference,14.1
2000-12-12,DEM,AMD,reference,253.12
2000-12-12,DKK,AMD,reference,65.88
2000-12-12,EEK,AMD,reference,31.46
2000-12-12,EGP,AMD,reference,144.93
2000-12-12,ESP,AMD,reference,2.975
2000-12-12,EUR,AMD,reference,495.05
2000-12-12,FIM,AMD,reference,83.26
2000-12-12,FRF,AMD,reference,75.47
2000-12-12,GBP,AMD,reference,811.45
2000-12-12,GEL,AMD,reference,277.97
2000-12-12,GRD,AMD,reference,1.451
2000-12-12,HUF,AMD,reference,1.855
2000-12-12,IEP,AMD,reference,628.59
2000-12-12,ILS,AMD,reference,136.08
2000-12-12,INR,AMD,reference,11.9
2000-12-12,IRR,AMD,reference,0.3015
2000-12-12,ISK,AMD,reference,63.96
2000-12-12,ITL,AMD,reference,0.2557
2000-12-12,JPY,AMD,reference,5.017
2000-12-12,KGS,AMD,reference,11.25
2000-12-12,KRW,AMD,reference,0.462
2000-12-12,KWD,AMD,reference,1815.08
2000-12-12,KZT,AMD,reference,38.65
2000-12-12,LBP,AMD,reference,0.3692
2000-12-12,LTL,AMD,reference,139.14
2000-12-12,LVL,AMD,reference,899.11
2000-12-12,MDL,AMD,reference,44.99
2000-12-12,MXN,AMD,reference,59.2
2000-12-12,NLG,AMD,reference,224.64
2000-12-12,NOK,AMD,reference,61.03
2000-12-12,PLZ,AMD,reference,126.19
2000-12-12,PTE,AMD,reference,2.469
2000-12-12,ROL,AMD,reference,0.02183
2000-12-12,RUB,AMD,reference,19.78
2000-12-12,SAR,AMD,reference,148.39
2000-12-12,SDR,AMD,reference,710.17
2000-12-12,SEK,AMD,reference,57.42
2000-12-12,SGD,AMD,reference,320.79
2000-12-12,SKK,AMD,reference,11.37
2000-12-12,SYP,AMD,reference,10.6
2000-12-12,TAD,AMD,reference,25.298
2000-12-12,TJS,AMD,reference,252.98
2000-12-12,TMM,AMD,reference,0.107
2000-12-12,TMT,AMD,reference,0.107
2000-12-12,TRL,AMD,reference,0.00822
2000-12-12,UAH,AMD,reference,102.38
2000-12-12,USD,AMD,reference,556.55
2000-12-12,USM,AMD,reference,17.48
2000-12-13,AED,AMD,reference,151.72
2000-12-13,ARP,AMD,reference,557.3
2000-12-13,ATS,AMD,reference,35.56
2000-12-13,AUD,AMD,reference,300.73
2000-12-13,BEF,AMD,reference,12.129
2000-12-13,BGL,AMD,reference,239.23
2000-12-13,BRC,AMD,reference,283.87
2000-12-13,BYR,AMD,reference,0.484
2000-12-13,CAD,AMD,reference,366
2000-12-13,CHF,AMD,reference,325.02
2000-12-13,CNY,AMD,reference,67.31
2000-12-13,CZK,AMD,reference,14.13
2000-12-13,DEM,AMD,reference,250.16
2000-12-13,DKK,AMD,reference,65.89
2000-12-13,EEK,AMD,reference,31.44
2000-12-13,EGP,AMD,reference,145.08
2000-12-13,ESP,AMD,reference,2.941
2000-12-13,EUR,AMD,reference,489.26
2000-12-13,FIM,AMD,reference,82.29
2000-12-13,FRF,AMD,reference,74.59
2000-12-13,GBP,AMD,reference,809.44
2000-12-13,GEL,AMD,reference,277.97
2000-12-13,GRD,AMD,reference,1.441
2000-12-13,HUF,AMD,reference,1.853
2000-12-13,IEP,AMD,reference,621.24
2000-12-13,ILS,AMD,reference,136.05
2000-12-13,INR,AMD,reference,11.92
2000-12-13,IRR,AMD,reference,0.3015
2000-12-13,ISK,AMD,reference,64.09
2000-12-13,ITL,AMD,reference,0.2527
2000-12-13,JPY,AMD,reference,5.01
2000-12-13,KGS,AMD,reference,11.26
2000-12-13,KRW,AMD,reference,0.4683
2000-12-13,KWD,AMD,reference,1819.16
2000-12-13,KZT,AMD,reference,38.69
2000-12-13,LBP,AMD,reference,0.3696
2000-12-13,LTL,AMD,reference,139.28
2000-12-13,LVL,AMD,reference,900.03
2000-12-13,MDL,AMD,reference,45.03
2000-12-13,MXN,AMD,reference,58.96
2000-12-13,NLG,AMD,reference,222.02
2000-12-13,NOK,AMD,reference,60.63
2000-12-13,PLZ,AMD,reference,127.02
2000-12-13,PTE,AMD,reference,2.44
2000-12-13,ROL,AMD,reference,0.02184
2000-12-13,RUB,AMD,reference,19.78
2000-12-13,SAR,AMD,reference,148.55
2000-12-13,SDR,AMD,reference,710.17
2000-12-13,SEK,AMD,reference,57.36
2000-12-13,SGD,AMD,reference,321.12
2000-12-13,SKK,AMD,reference,11.37
2000-12-13,SYP,AMD,reference,12.38
2000-12-13,TAD,AMD,reference,25.324
2000-12-13,TJS,AMD,reference,253.24
2000-12-13,TMM,AMD,reference,0.1071
2000-12-13,TMT,AMD,reference,0.1071
2000-12-13,TRL,AMD,reference,0.00818
2000-12-13,UAH,AMD,reference,102.48
2000-12-13,USD,AMD,reference,557.12
2000-12-13,USM,AMD,reference,17.38
2000-12-14,AED,AMD,reference,151.54
2000-12-14,ARP,AMD,reference,556.65
2000-12-14,ATS,AMD,reference,35.51
2000-12-14,AUD,AMD,reference,301.77
2000-12-14,BEF,AMD,reference,12.114
2000-12-14,BGL,AMD,reference,239.23
2000-12-14,BRC,AMD,reference,282.82
2000-12-14,BYR,AMD,reference,0.483
2000-12-14,CAD,AMD,reference,364.97
2000-12-14,CHF,AMD,reference,324.93
2000-12-14,CNY,AMD,reference,67.23
2000-12-14,CZK,AMD,reference,14.04
2000-12-14,DEM,AMD,reference,249.86
2000-12-14,DKK,AMD,reference,65.41
2000-12-14,EEK,AMD,reference,31.17
2000-12-14,EGP,AMD,reference,147.21
2000-12-14,ESP,AMD,reference,2.937
2000-12-14,EUR,AMD,reference,488.69
2000-12-14,FIM,AMD,reference,82.19
2000-12-14,FRF,AMD,reference,74.5
2000-12-14,GBP,AMD,reference,803.71
2000-12-14,GEL,AMD,reference,277.97
2000-12-14,GRD,AMD,reference,1.436
2000-12-14,HUF,AMD,reference,1.842
2000-12-14,IEP,AMD,reference,620.51
2000-12-14,ILS,AMD,reference,135.96
2000-12-14,INR,AMD,reference,11.9
2000-12-14,IRR,AMD,reference,0.3015
2000-12-14,ISK,AMD,reference,63.72
2000-12-14,ITL,AMD,reference,0.2524
2000-12-14,JPY,AMD,reference,4.944
2000-12-14,KGS,AMD,reference,11.25
2000-12-14,KRW,AMD,reference,0.4677
2000-12-14,KWD,AMD,reference,1814.09
2000-12-14,KZT,AMD,reference,38.59
2000-12-14,LBP,AMD,reference,0.3691
2000-12-14,LTL,AMD,reference,139.12
2000-12-14,LVL,AMD,reference,898.98
2000-12-14,MDL,AMD,reference,44.99
2000-12-14,MXN,AMD,reference,58.76
2000-12-14,NLG,AMD,reference,221.76
2000-12-14,NOK,AMD,reference,60.54
2000-12-14,PLZ,AMD,reference,126.63
2000-12-14,PTE,AMD,reference,2.438
2000-12-14,ROL,AMD,reference,0.02179
2000-12-14,RUB,AMD,reference,19.78
2000-12-14,SAR,AMD,reference,148.38
2000-12-14,SDR,AMD,reference,710.17
2000-12-14,SEK,AMD,reference,57.49
2000-12-14,SGD,AMD,reference,320.51
2000-12-14,SKK,AMD,reference,11.24
2000-12-14,SYP,AMD,reference,12.1
2000-12-14,TAD,AMD,reference,25.294
2000-12-14,TJS,AMD,reference,252.94
2000-12-14,TMM,AMD,reference,0.107
2000-12-14,TMT,AMD,reference,0.107
2000-12-14,TRL,AMD,reference,0.00816
2000-12-14,UAH,AMD,reference,102.36
2000-12-14,USD,AMD,reference,556.47
2000-12-14,USM,AMD,reference,17.36
2000-12-15,AED,AMD,reference,151.31
2000-12-15,ARP,AMD,reference,555.8
2000-12-15,ATS,AMD,reference,35.32
2000-12-15,AUD,AMD,reference,300.2
2000-12-15,BEF,AMD,reference,12.049
2000-12-15,BGL,AMD,reference,239.23
2000-12-15,BRC,AMD,reference,283.13
2000-12-15,BYR,AMD,reference,0.48
2000-12-15,CAD,AMD,reference,365.37
2000-12-15,CHF,AMD,reference,323.26
2000-12-15,CNY,AMD,reference,67.13
2000-12-15,CZK,AMD,reference,14.11
2000-12-15,DEM,AMD,reference,248.52
2000-12-15,DKK,AMD,reference,65.84
2000-12-15,EEK,AMD,reference,31.36
2000-12-15,EGP,AMD,reference,146.22
2000-12-15,ESP,AMD,reference,2.921
2000-12-15,EUR,AMD,reference,486.06
2000-12-15,FIM,AMD,reference,81.75
2000-12-15,FRF,AMD,reference,74.1
2000-12-15,GBP,AMD,reference,814.65
2000-12-15,GEL,AMD,reference,277.97
2000-12-15,GRD,AMD,reference,1.426
2000-12-15,HUF,AMD,reference,1.853
2000-12-15,IEP,AMD,reference,617.16
2000-12-15,ILS,AMD,reference,135.82
2000-12-15,INR,AMD,reference,11.88
2000-12-15,IRR,AMD,reference,0.3015
2000-12-15,ISK,AMD,reference,63.93
2000-12-15,ITL,AMD,reference,0.251
2000-12-15,JPY,AMD,reference,4.943
2000-12-15,KGS,AMD,reference,11.23
2000-12-15,KRW,AMD,reference,0.4687
2000-12-15,KWD,AMD,reference,1811.88
2000-12-15,KZT,AMD,reference,38.53
2000-12-15,LBP,AMD,reference,0.3686
2000-12-15,LTL,AMD,reference,138.91
2000-12-15,LVL,AMD,reference,893.28
2000-12-15,MDL,AMD,reference,44.91
2000-12-15,MXN,AMD,reference,58.79
2000-12-15,NLG,AMD,reference,220.56
2000-12-15,NOK,AMD,reference,59.94
2000-12-15,PLZ,AMD,reference,127.29
2000-12-15,PTE,AMD,reference,2.424
2000-12-15,ROL,AMD,reference,0.02173
2000-12-15,RUB,AMD,reference,19.78
2000-12-15,SAR,AMD,reference,148.15
2000-12-15,SDR,AMD,reference,710.17
2000-12-15,SEK,AMD,reference,56.82
2000-12-15,SGD,AMD,reference,319.6
2000-12-15,SKK,AMD,reference,11.34
2000-12-15,SYP,AMD,reference,12.08
2000-12-15,TAD,AMD,reference,25.255
2000-12-15,TJS,AMD,reference,252.55
2000-12-15,TMM,AMD,reference,0.1069
2000-12-15,TMT,AMD,reference,0.1069
2000-12-15,TRL,AMD,reference,0.00814
2000-12-15,UAH,AMD,reference,102.2
2000-12-15,USD,AMD,reference,555.62
2000-12-15,USM,AMD,reference,17.33
2000-12-18,AED,AMD,reference,151.31
2000-12-18,ARP,AMD,reference,555.84
2000-12-18,ATS,AMD,reference,35.69
2000-12-18,AUD,AMD,reference,303.81
2000-12-18,BEF,AMD,reference,12.174
2000-12-18,BGL,AMD,reference,239.23
2000-12-18,BRC,AMD,reference,282.92
2000-12-18,BYR,AMD,reference,0.479
2000-12-18,CAD,AMD,reference,366.29
2000-12-18,CHF,AMD,reference,326.21
2000-12-18,CNY,AMD,reference,67.13
2000-12-18,CZK,AMD,reference,14.35
2000-12-18,DEM,AMD,reference,251.1
2000-12-18,DKK,AMD,reference,67.02
2000-12-18,EEK,AMD,reference,31.88
2000-12-18,EGP,AMD,reference,146.22
2000-12-18,ESP,AMD,reference,2.952
2000-12-18,EUR,AMD,reference,491.11
2000-12-18,FIM,AMD,reference,82.6
2000-12-18,FRF,AMD,reference,74.87
2000-12-18,GBP,AMD,reference,818.15
2000-12-18,GEL,AMD,reference,277.97
2000-12-18,GRD,AMD,reference,1.441
2000-12-18,HUF,AMD,reference,1.884
2000-12-18,IEP,AMD,reference,623.58
2000-12-18,ILS,AMD,reference,135.68
2000-12-18,INR,AMD,reference,11.88
2000-12-18,IRR,AMD,reference,0.3015
2000-12-18,ISK,AMD,reference,64.39
2000-12-18,ITL,AMD,reference,0.2536
2000-12-18,JPY,AMD,reference,4.945
2000-12-18,KGS,AMD,reference,11.23
2000-12-18,KRW,AMD,reference,0.4681
2000-12-18,KWD,AMD,reference,1811.77
2000-12-18,KZT,AMD,reference,38.53
2000-12-18,LBP,AMD,reference,0.3686
2000-12-18,LTL,AMD,reference,138.91
2000-12-18,LVL,AMD,reference,893.28
2000-12-18,MDL,AMD,reference,44.92
2000-12-18,MXN,AMD,reference,59.01
2000-12-18,NLG,AMD,reference,222.86
2000-12-18,NOK,AMD,reference,60.64
2000-12-18,PLZ,AMD,reference,128.04
2000-12-18,PTE,AMD,reference,2.45
2000-12-18,ROL,AMD,reference,0.02171
2000-12-18,RUB,AMD,reference,19.78
2000-12-18,SAR,AMD,reference,148.15
2000-12-18,SDR,AMD,reference,710.17
2000-12-18,SEK,AMD,reference,57.27
2000-12-18,SGD,AMD,reference,319.63
2000-12-18,SKK,AMD,reference,11.54
2000-12-18,SYP,AMD,reference,12.35
2000-12-18,TAD,AMD,reference,25.255
2000-12-18,TJS,AMD,reference,252.55
2000-12-18,TMM,AMD,reference,0.1069
2000-12-18,TMT,AMD,reference,0.1069
2000-12-18,TRL,AMD,reference,0.00816
2000-12-18,UAH,AMD,reference,102.21
2000-12-18,USD,AMD,reference,555.62
2000-12-18,USM,AMD,reference,17.33
2000-12-19,AED,AMD,reference,151.21
2000-12-19,ARP,AMD,reference,555.87
2000-12-19,ATS,AMD,reference,36.25
2000-12-19,AUD,AMD,reference,302.39
2000-12-19,BEF,AMD,reference,12.366
2000-12-19,BGL,AMD,reference,239.23
2000-12-19,BRC,AMD,reference,282.71
2000-12-19,BYR,AMD,reference,0.477
2000-12-19,CAD,AMD,reference,365.87
2000-12-19,CHF,AMD,reference,330.66
2000-12-19,CNY,AMD,reference,67.08
2000-12-19,CZK,AMD,reference,14.37
2000-12-19,DEM,AMD,reference,255.05
2000-12-19,DKK,AMD,reference,66.84
2000-12-19,EEK,AMD,reference,31.86
2000-12-19,EGP,AMD,reference,146.12
2000-12-19,ESP,AMD,reference,2.998
2000-12-19,EUR,AMD,reference,498.84
2000-12-19,FIM,AMD,reference,83.9
2000-12-19,FRF,AMD,reference,76.05
2000-12-19,GBP,AMD,reference,818.77
2000-12-19,GEL,AMD,reference,277.97
2000-12-19,GRD,AMD,reference,1.46
2000-12-19,HUF,AMD,reference,1.884
2000-12-19,IEP,AMD,reference,633.39
2000-12-19,ILS,AMD,reference,135.59
2000-12-19,INR,AMD,reference,11.88
2000-12-19,IRR,AMD,reference,0.3015
2000-12-19,ISK,AMD,reference,64.35
2000-12-19,ITL,AMD,reference,0.2576
2000-12-19,JPY,AMD,reference,4.935
2000-12-19,KGS,AMD,reference,11.33
2000-12-19,KRW,AMD,reference,0.4624
2000-12-19,KWD,AMD,reference,1813.72
2000-12-19,KZT,AMD,reference,38.45
2000-12-19,LBP,AMD,reference,0.3683
2000-12-19,LTL,AMD,reference,138.81
2000-12-19,LVL,AMD,reference,898.46
2000-12-19,MDL,AMD,reference,44.89
2000-12-19,MXN,AMD,reference,59.05
2000-12-19,NLG,AMD,reference,226.36
2000-12-19,NOK,AMD,reference,61.28
2000-12-19,PLZ,AMD,reference,128.48
2000-12-19,PTE,AMD,reference,2.488
2000-12-19,ROL,AMD,reference,0.02168
2000-12-19,RUB,AMD,reference,19.78
2000-12-19,SAR,AMD,reference,148.05
2000-12-19,SDR,AMD,reference,710.17
2000-12-19,SEK,AMD,reference,58.13
2000-12-19,SGD,AMD,reference,318.65
2000-12-19,SKK,AMD,reference,11.47
2000-12-19,SYP,AMD,reference,12.34
2000-12-19,TAD,AMD,reference,25.239
2000-12-19,TJS,AMD,reference,252.39
2000-12-19,TMM,AMD,reference,0.1068
2000-12-19,TMT,AMD,reference,0.1068
2000-12-19,TRL,AMD,reference,0.00821
2000-12-19,UAH,AMD,reference,102.14
2000-12-19,USD,AMD,reference,555.25
2000-12-19,USM,AMD,reference,17.32
2000-12-20,AED,AMD,reference,151.21
2000-12-20,ARP,AMD,reference,555.47
2000-12-20,ATS,AMD,reference,36.18
2000-12-20,AUD,AMD,reference,301.33
2000-12-20,BEF,AMD,reference,12.341
2000-12-20,BGL,AMD,reference,239.23
2000-12-20,BRC,AMD,reference,284.4
2000-12-20,BYR,AMD,reference,0.477
2000-12-20,CAD,AMD,reference,364
2000-12-20,CHF,AMD,reference,330.68
2000-12-20,CNY,AMD,reference,67.08
2000-12-20,CZK,AMD,reference,14.25
2000-12-20,DEM,AMD,reference,254.54
2000-12-20,DKK,AMD,reference,66.32
2000-12-20,EEK,AMD,reference,31.61
2000-12-20,EGP,AMD,reference,146.89
2000-12-20,ESP,AMD,reference,2.992
2000-12-20,EUR,AMD,reference,497.84
2000-12-20,FIM,AMD,reference,83.73
2000-12-20,FRF,AMD,reference,75.89
2000-12-20,GBP,AMD,reference,812.72
2000-12-20,GEL,AMD,reference,277.97
2000-12-20,GRD,AMD,reference,1.459
2000-12-20,HUF,AMD,reference,1.87
2000-12-20,IEP,AMD,reference,632.12
2000-12-20,ILS,AMD,reference,136.09
2000-12-20,INR,AMD,reference,11.89
2000-12-20,IRR,AMD,reference,0.3015
2000-12-20,ISK,AMD,reference,64.05
2000-12-20,ITL,AMD,reference,0.2571
2000-12-20,JPY,AMD,reference,4.955
2000-12-20,KGS,AMD,reference,11.33
2000-12-20,KRW,AMD,reference,0.4608
2000-12-20,KWD,AMD,reference,1813.95
2000-12-20,KZT,AMD,reference,38.45
2000-12-20,LBP,AMD,reference,0.3683
2000-12-20,LTL,AMD,reference,138.81
2000-12-20,LVL,AMD,reference,898.46
2000-12-20,MDL,AMD,reference,44.83
2000-12-20,MXN,AMD,reference,59.22
2000-12-20,NLG,AMD,reference,225.91
2000-12-20,NOK,AMD,reference,61.61
2000-12-20,PLZ,AMD,reference,129.02
2000-12-20,PTE,AMD,reference,2.483
2000-12-20,ROL,AMD,reference,0.02166
2000-12-20,RUB,AMD,reference,19.78
2000-12-20,SAR,AMD,reference,148.05
2000-12-20,SDR,AMD,reference,710.17
2000-12-20,SEK,AMD,reference,57.61
2000-12-20,SGD,AMD,reference,319.84
2000-12-20,SKK,AMD,reference,11.35
2000-12-20,SYP,AMD,reference,12.07
2000-12-20,TAD,AMD,reference,25.239
2000-12-20,TJS,AMD,reference,252.39
2000-12-20,TMM,AMD,reference,0.1068
2000-12-20,TMT,AMD,reference,0.1068
2000-12-20,TRL,AMD,reference,0.00819
2000-12-20,UAH,AMD,reference,102.15
2000-12-20,USD,AMD,reference,555.25
2000-12-20,USM,AMD,reference,17.32
2000-12-21,AED,AMD,reference,151.17
2000-12-21,ARP,AMD,reference,555.26
2000-12-21,ATS,AMD,reference,36.54
2000-12-21,AUD,AMD,reference,303.63
2000-12-21,BEF,AMD,reference,12.465
2000-12-21,BGL,AMD,reference,239.23
2000-12-21,BRC,AMD,reference,284.01
2000-12-21,BYR,AMD,reference,0.474
2000-12-21,CAD,AMD,reference,364.78
2000-12-21,CHF,AMD,reference,328.06
2000-12-21,CNY,AMD,reference,67.06
2000-12-21,CZK,AMD,reference,14.36
2000-12-21,DEM,AMD,reference,257.1
2000-12-21,DKK,AMD,reference,66.3
2000-12-21,EEK,AMD,reference,31.6
2000-12-21,EGP,AMD,reference,146.07
2000-12-21,ESP,AMD,reference,3.022
2000-12-21,EUR,AMD,reference,502.85
2000-12-21,FIM,AMD,reference,84.57
2000-12-21,FRF,AMD,reference,76.66
2000-12-21,GBP,AMD,reference,812.47
2000-12-21,GEL,AMD,reference,277.97
2000-12-21,GRD,AMD,reference,1.447
2000-12-21,HUF,AMD,reference,1.884
2000-12-21,IEP,AMD,reference,638.48
2000-12-21,ILS,AMD,reference,136.05
2000-12-21,INR,AMD,reference,11.89
2000-12-21,IRR,AMD,reference,0.3015
2000-12-21,ISK,AMD,reference,64.03
2000-12-21,ITL,AMD,reference,0.2597
2000-12-21,JPY,AMD,reference,5.164
2000-12-21,KGS,AMD,reference,11.33
2000-12-21,KRW,AMD,reference,0.4607
2000-12-21,KWD,AMD,reference,1812.5
2000-12-21,KZT,AMD,reference,38.44
2000-12-21,LBP,AMD,reference,0.3682
2000-12-21,LTL,AMD,reference,138.77
2000-12-21,LVL,AMD,reference,898.19
2000-12-21,MDL,AMD,reference,44.84
2000-12-21,MXN,AMD,reference,59.24
2000-12-21,NLG,AMD,reference,228.18
2000-12-21,NOK,AMD,reference,60.95
2000-12-21,PLZ,AMD,reference,128.98
2000-12-21,PTE,AMD,reference,2.508
2000-12-21,ROL,AMD,reference,0.02166
2000-12-21,RUB,AMD,reference,19.84
2000-12-21,SAR,AMD,reference,148
2000-12-21,SDR,AMD,reference,710.17
2000-12-21,SEK,AMD,reference,56.82
2000-12-21,SGD,AMD,reference,319.74
2000-12-21,SKK,AMD,reference,11.37
2000-12-21,SYP,AMD,reference,12.34
2000-12-21,TAD,AMD,reference,25.231
2000-12-21,TJS,AMD,reference,252.31
2000-12-21,TMM,AMD,reference,0.1067
2000-12-21,TMT,AMD,reference,0.1067
2000-12-21,TRL,AMD,reference,0.00817
2000-12-21,UAH,AMD,reference,102.12
2000-12-21,USD,AMD,reference,555.08
2000-12-21,USM,AMD,reference,17.2
2000-12-22,AED,AMD,reference,151.17
2000-12-22,ARP,AMD,reference,555.26
2000-12-22,ATS,AMD,reference,36.54
2000-12-22,AUD,AMD,reference,306.79
2000-12-22,BEF,AMD,reference,12.465
2000-12-22,BGL,AMD,reference,239.23
2000-12-22,BRC,AMD,reference,283.87
2000-12-22,BYR,AMD,reference,0.472
2000-12-22,CAD,AMD,reference,364.73
2000-12-22,CHF,AMD,reference,331.65
2000-12-22,CNY,AMD,reference,67.06
2000-12-22,CZK,AMD,reference,14.62
2000-12-22,DEM,AMD,reference,257.1
2000-12-22,DKK,AMD,reference,68.12
2000-12-22,EEK,AMD,reference,32.43
2000-12-22,EGP,AMD,reference,146.07
2000-12-22,ESP,AMD,reference,3.022
2000-12-22,EUR,AMD,reference,502.85
2000-12-22,FIM,AMD,reference,84.57
2000-12-22,FRF,AMD,reference,76.66
2000-12-22,GBP,AMD,reference,815.69
2000-12-22,GEL,AMD,reference,277.97
2000-12-22,GRD,AMD,reference,1.465
2000-12-22,HUF,AMD,reference,1.919
2000-12-22,IEP,AMD,reference,638.48
2000-12-22,ILS,AMD,reference,136.35
2000-12-22,INR,AMD,reference,11.89
2000-12-22,IRR,AMD,reference,0.3015
2000-12-22,ISK,AMD,reference,64.98
2000-12-22,ITL,AMD,reference,0.2597
2000-12-22,JPY,AMD,reference,4.923
2000-12-22,KGS,AMD,reference,11.33
2000-12-22,KRW,AMD,reference,0.4603
2000-12-22,KWD,AMD,reference,1814.33
2000-12-22,KZT,AMD,reference,38.44
2000-12-22,LBP,AMD,reference,0.3682
2000-12-22,LTL,AMD,reference,138.77
2000-12-22,LVL,AMD,reference,898.19
2000-12-22,MDL,AMD,reference,44.84
2000-12-22,MXN,AMD,reference,58.87
2000-12-22,NLG,AMD,reference,228.18
2000-12-22,NOK,AMD,reference,61.8
2000-12-22,PLZ,AMD,reference,131.07
2000-12-22,PTE,AMD,reference,2.508
2000-12-22,ROL,AMD,reference,0.02158
2000-12-22,RUB,AMD,reference,19.78
2000-12-22,SAR,AMD,reference,148
2000-12-22,SDR,AMD,reference,710.17
2000-12-22,SEK,AMD,reference,57.78
2000-12-22,SGD,AMD,reference,321.41
2000-12-22,SKK,AMD,reference,11.55
2000-12-22,SYP,AMD,reference,12.34
2000-12-22,TAD,AMD,reference,25.231
2000-12-22,TJS,AMD,reference,252.31
2000-12-22,TMM,AMD,reference,0.1067
2000-12-22,TMT,AMD,reference,0.1067
2000-12-22,TRL,AMD,reference,0.00823
2000-12-22,UAH,AMD,reference,102.12
2000-12-22,USD,AMD,reference,555.08
2000-12-22,USM,AMD,reference,17.2
2000-12-25,AED,AMD,reference,150.86
2000-12-25,ARP,AMD,reference,554.09
2000-12-25,ATS,AMD,reference,37.2
2000-12-25,AUD,AMD,reference,307.82
2000-12-25,BEF,AMD,reference,12.688
2000-12-25,BGL,AMD,reference,239.23
2000-12-25,BRC,AMD,reference,283.63
2000-12-25,BYR,AMD,reference,0.471
2000-12-25,CAD,AMD,reference,364.79
2000-12-25,CHF,AMD,reference,332.35
2000-12-25,CNY,AMD,reference,66.92
2000-12-25,CZK,AMD,reference,14.66
2000-12-25,DEM,AMD,reference,261.7
2000-12-25,DKK,AMD,reference,68.56
2000-12-25,EEK,AMD,reference,32.56
2000-12-25,EGP,AMD,reference,145.77
2000-12-25,ESP,AMD,reference,3.076
2000-12-25,EUR,AMD,reference,511.84
2000-12-25,FIM,AMD,reference,86.09
2000-12-25,FRF,AMD,reference,78.03
2000-12-25,GBP,AMD,reference,821.33
2000-12-25,GEL,AMD,reference,277.97
2000-12-25,GRD,AMD,reference,1.486
2000-12-25,HUF,AMD,reference,1.923
2000-12-25,IEP,AMD,reference,649.9
2000-12-25,ILS,AMD,reference,136.37
2000-12-25,INR,AMD,reference,11.86
2000-12-25,IRR,AMD,reference,0.3015
2000-12-25,ISK,AMD,reference,65.32
2000-12-25,ITL,AMD,reference,0.2643
2000-12-25,JPY,AMD,reference,4.92
2000-12-25,KGS,AMD,reference,11.44
2000-12-25,KRW,AMD,reference,0.4593
2000-12-25,KWD,AMD,reference,1812.1
2000-12-25,KZT,AMD,reference,38.36
2000-12-25,LBP,AMD,reference,0.3675
2000-12-25,LTL,AMD,reference,138.49
2000-12-25,LVL,AMD,reference,897.8
2000-12-25,MDL,AMD,reference,44.75
2000-12-25,MXN,AMD,reference,57.78
2000-12-25,NLG,AMD,reference,232.26
2000-12-25,NOK,AMD,reference,61.96
2000-12-25,PLZ,AMD,reference,131.76
2000-12-25,PTE,AMD,reference,2.553
2000-12-25,ROL,AMD,reference,0.02148
2000-12-25,RUB,AMD,reference,19.78
2000-12-25,SAR,AMD,reference,147.69
2000-12-25,SDR,AMD,reference,710.17
2000-12-25,SEK,AMD,reference,58.05
2000-12-25,SGD,AMD,reference,320.44
2000-12-25,SKK,AMD,reference,11.73
2000-12-25,SYP,AMD,reference,12.04
2000-12-25,TAD,AMD,reference,25.179
2000-12-25,TJS,AMD,reference,251.79
2000-12-25,TMM,AMD,reference,0.1065
2000-12-25,TMT,AMD,reference,0.1065
2000-12-25,TRL,AMD,reference,0.00824
2000-12-25,UAH,AMD,reference,101.91
2000-12-25,USD,AMD,reference,553.94
2000-12-25,USM,AMD,reference,17.16
2000-12-26,AED,AMD,reference,150.86
2000-12-26,ARP,AMD,reference,554.52
2000-12-26,ATS,AMD,reference,37.2
2000-12-26,AUD,AMD,reference,307.82
2000-12-26,BEF,AMD,reference,12.688
2000-12-26,BGL,AMD,reference,239.23
2000-12-26,BRC,AMD,reference,283.05
2000-12-26,BYR,AMD,reference,0.471
2000-12-26,CAD,AMD,reference,365.23
2000-12-26,CHF,AMD,reference,336.29
2000-12-26,CNY,AMD,reference,66.93
2000-12-26,CZK,AMD,reference,14.66
2000-12-26,DEM,AMD,reference,261.7
2000-12-26,DKK,AMD,reference,68.56
2000-12-26,EEK,AMD,reference,32.56
2000-12-26,EGP,AMD,reference,145.77
2000-12-26,ESP,AMD,reference,3.076
2000-12-26,EUR,AMD,reference,511.84
2000-12-26,FIM,AMD,reference,86.09
2000-12-26,FRF,AMD,reference,78.03
2000-12-26,GBP,AMD,reference,821.33
2000-12-26,GEL,AMD,reference,277.97
2000-12-26,GRD,AMD,reference,1.499
2000-12-26,HUF,AMD,reference,1.923
2000-12-26,IEP,AMD,reference,649.9
2000-12-26,ILS,AMD,reference,136.37
2000-12-26,INR,AMD,reference,11.86
2000-12-26,IRR,AMD,reference,0.3015
2000-12-26,ISK,AMD,reference,65.32
2000-12-26,ITL,AMD,reference,0.2643
2000-12-26,JPY,AMD,reference,4.907
2000-12-26,KGS,AMD,reference,11.44
2000-12-26,KRW,AMD,reference,0.456
2000-12-26,KWD,AMD,reference,1814.65
2000-12-26,KZT,AMD,reference,38.36
2000-12-26,LBP,AMD,reference,0.3675
2000-12-26,LTL,AMD,reference,138.49
2000-12-26,LVL,AMD,reference,897.8
2000-12-26,MDL,AMD,reference,44.74
2000-12-26,MXN,AMD,reference,57.71
2000-12-26,NLG,AMD,reference,232.26
2000-12-26,NOK,AMD,reference,62.48
2000-12-26,PLZ,AMD,reference,131.76
2000-12-26,PTE,AMD,reference,2.553
2000-12-26,ROL,AMD,reference,0.02148
2000-12-26,RUB,AMD,reference,19.78
2000-12-26,SAR,AMD,reference,147.69
2000-12-26,SDR,AMD,reference,710.17
2000-12-26,SEK,AMD,reference,58.1
2000-12-26,SGD,AMD,reference,321.04
2000-12-26,SKK,AMD,reference,11.73
2000-12-26,SYP,AMD,reference,10.35
2000-12-26,TAD,AMD,reference,25.179
2000-12-26,TJS,AMD,reference,251.79
2000-12-26,TMM,AMD,reference,0.1065
2000-12-26,TMT,AMD,reference,0.1065
2000-12-26,TRL,AMD,reference,0.00827
2000-12-26,UAH,AMD,reference,101.92
2000-12-26,USD,AMD,reference,553.94
2000-12-26,USM,AMD,reference,17.16
2000-12-27,AED,AMD,reference,150.29
2000-12-27,ARP,AMD,reference,552.44
2000-12-27,ATS,AMD,reference,37.06
2000-12-27,AUD,AMD,reference,306.67
2000-12-27,BEF,AMD,reference,12.641
2000-12-27,BGL,AMD,reference,239.23
2000-12-27,BRC,AMD,reference,281.99
2000-12-27,BYR,AMD,reference,0.468
2000-12-27,CAD,AMD,reference,363.86
2000-12-27,CHF,AMD,reference,335.03
2000-12-27,CNY,AMD,reference,66.67
2000-12-27,CZK,AMD,reference,14.61
2000-12-27,DEM,AMD,reference,260.72
2000-12-27,DKK,AMD,reference,68.3
2000-12-27,EEK,AMD,reference,32.43
2000-12-27,EGP,AMD,reference,145.99
2000-12-27,ESP,AMD,reference,3.065
2000-12-27,EUR,AMD,reference,509.92
2000-12-27,FIM,AMD,reference,85.76
2000-12-27,FRF,AMD,reference,77.74
2000-12-27,GBP,AMD,reference,818.24
2000-12-27,GEL,AMD,reference,277.97
2000-12-27,GRD,AMD,reference,1.493
2000-12-27,HUF,AMD,reference,1.916
2000-12-27,IEP,AMD,reference,647.46
2000-12-27,ILS,AMD,reference,135.86
2000-12-27,INR,AMD,reference,11.83
2000-12-27,IRR,AMD,reference,0.3015
2000-12-27,ISK,AMD,reference,65.07
2000-12-27,ITL,AMD,reference,0.2634
2000-12-27,JPY,AMD,reference,4.871
2000-12-27,KGS,AMD,reference,11.39
2000-12-27,KRW,AMD,reference,0.4506
2000-12-27,KWD,AMD,reference,1806.85
2000-12-27,KZT,AMD,reference,38.22
2000-12-27,LBP,AMD,reference,0.3661
2000-12-27,LTL,AMD,reference,137.97
2000-12-27,LVL,AMD,reference,894.42
2000-12-27,MDL,AMD,reference,44.6
2000-12-27,MXN,AMD,reference,57.49
2000-12-27,NLG,AMD,reference,231.39
2000-12-27,NOK,AMD,reference,62.25
2000-12-27,PLZ,AMD,reference,131.26
2000-12-27,PTE,AMD,reference,2.543
2000-12-27,ROL,AMD,reference,0.0214
2000-12-27,RUB,AMD,reference,19.68
2000-12-27,SAR,AMD,reference,147.14
2000-12-27,SDR,AMD,reference,710.17
2000-12-27,SEK,AMD,reference,57.89
2000-12-27,SGD,AMD,reference,319.67
2000-12-27,SKK,AMD,reference,11.68
2000-12-27,SYP,AMD,reference,10.32
2000-12-27,TAD,AMD,reference,25.085
2000-12-27,TJS,AMD,reference,250.85
2000-12-27,TMM,AMD,reference,0.1061
2000-12-27,TMT,AMD,reference,0.1061
2000-12-27,TRL,AMD,reference,0.00822
2000-12-27,UAH,AMD,reference,101.54
2000-12-27,USD,AMD,reference,551.86
2000-12-27,USM,AMD,reference,17.1
2000-12-28,AED,AMD,reference,150.29
2000-12-28,ARP,AMD,reference,552.44
2000-12-28,ATS,AMD,reference,37.06
2000-12-28,AUD,AMD,reference,308.16
2000-12-28,BEF,AMD,reference,12.641
2000-12-28,BGL,AMD,reference,239.23
2000-12-28,BRC,AMD,reference,281.99
2000-12-28,BYR,AMD,reference,0.468
2000-12-28,CAD,AMD,reference,363.86
2000-12-28,CHF,AMD,reference,335.03
2000-12-28,CNY,AMD,reference,66.67
2000-12-28,CZK,AMD,reference,14.7
2000-12-28,DEM,AMD,reference,260.72
2000-12-28,DKK,AMD,reference,68.86
2000-12-28,EEK,AMD,reference,32.93
2000-12-28,EGP,AMD,reference,145.23
2000-12-28,ESP,AMD,reference,3.065
2000-12-28,EUR,AMD,reference,509.92
2000-12-28,FIM,AMD,reference,85.76
2000-12-28,FRF,AMD,reference,77.74
2000-12-28,GBP,AMD,reference,820.45
2000-12-28,GEL,AMD,reference,277.97
2000-12-28,GRD,AMD,reference,1.493
2000-12-28,HUF,AMD,reference,1.946
2000-12-28,IEP,AMD,reference,647.46
2000-12-28,ILS,AMD,reference,135.86
2000-12-28,INR,AMD,reference,11.81
2000-12-28,IRR,AMD,reference,0.3015
2000-12-28,ISK,AMD,reference,65.42
2000-12-28,ITL,AMD,reference,0.2634
2000-12-28,JPY,AMD,reference,4.839
2000-12-28,KGS,AMD,reference,11.39
2000-12-28,KRW,AMD,reference,0.4479
2000-12-28,KWD,AMD,reference,1806.85
2000-12-28,KZT,AMD,reference,38.22
2000-12-28,LBP,AMD,reference,0.3661
2000-12-28,LTL,AMD,reference,137.97
2000-12-28,LVL,AMD,reference,894.42
2000-12-28,MDL,AMD,reference,44.59
2000-12-28,MXN,AMD,reference,57.49
2000-12-28,NLG,AMD,reference,231.39
2000-12-28,NOK,AMD,reference,62.25
2000-12-28,PLZ,AMD,reference,133.02
2000-12-28,PTE,AMD,reference,2.543
2000-12-28,ROL,AMD,reference,0.02138
2000-12-28,RUB,AMD,reference,19.68
2000-12-28,SAR,AMD,reference,147.14
2000-12-28,SDR,AMD,reference,710.17
2000-12-28,SEK,AMD,reference,57.89
2000-12-28,SGD,AMD,reference,319.24
2000-12-28,SKK,AMD,reference,11.72
2000-12-28,SYP,AMD,reference,10.32
2000-12-28,TAD,AMD,reference,25.085
2000-12-28,TJS,AMD,reference,250.85
2000-12-28,TMM,AMD,reference,0.1061
2000-12-28,TMT,AMD,reference,0.1061
2000-12-28,TRL,AMD,reference,0.00822
2000-12-28,UAH,AMD,reference,101.54
2000-12-28,USD,AMD,reference,551.86
2000-12-28,USM,AMD,reference,17.1
2000-12-29,AED,AMD,reference,149.92
2000-12-29,ARP,AMD,reference,550.67
2000-12-29,ATS,AMD,reference,37.17
2000-12-29,AUD,AMD,reference,306.53
2000-12-29,BEF,AMD,reference,12.679
2000-12-29,BGL,AMD,reference,239.23
2000-12-29,BRC,AMD,reference,280.96
2000-12-29,BYR,AMD,reference,0.467
2000-12-29,CAD,AMD,reference,364.37
2000-12-29,CHF,AMD,reference,336.24
2000-12-29,CNY,AMD,reference,66.5
2000-12-29,CZK,AMD,reference,14.56
2000-12-29,DEM,AMD,reference,261.52
2000-12-29,DKK,AMD,reference,68.47
2000-12-29,EEK,AMD,reference,32.69
2000-12-29,EGP,AMD,reference,144.87
2000-12-29,ESP,AMD,reference,3.074
2000-12-29,EUR,AMD,reference,511.49
2000-12-29,FIM,AMD,reference,86.03
2000-12-29,FRF,AMD,reference,77.98
2000-12-29,GBP,AMD,reference,820.11
2000-12-29,GEL,AMD,reference,277.97
2000-12-29,GRD,AMD,reference,1.501
2000-12-29,HUF,AMD,reference,1.926
2000-12-29,IEP,AMD,reference,649.46
2000-12-29,ILS,AMD,reference,135.83
2000-12-29,INR,AMD,reference,11.78
2000-12-29,IRR,AMD,reference,0.3015
2000-12-29,ISK,AMD,reference,64.94
2000-12-29,ITL,AMD,reference,0.2642
2000-12-29,JPY,AMD,reference,4.809
2000-12-29,KGS,AMD,reference,11.37
2000-12-29,KRW,AMD,reference,0.4468
2000-12-29,KWD,AMD,reference,1802.46
2000-12-29,KZT,AMD,reference,38.12
2000-12-29,LBP,AMD,reference,0.3652
2000-12-29,LTL,AMD,reference,137.63
2000-12-29,LVL,AMD,reference,898.08
2000-12-29,MDL,AMD,reference,44.47
2000-12-29,MXN,AMD,reference,57.5
2000-12-29,NLG,AMD,reference,232.1
2000-12-29,NOK,AMD,reference,62.14
2000-12-29,PLZ,AMD,reference,132.93
2000-12-29,PTE,AMD,reference,2.551
2000-12-29,ROL,AMD,reference,0.02127
2000-12-29,RUB,AMD,reference,19.55
2000-12-29,SAR,AMD,reference,146.78
2000-12-29,SDR,AMD,reference,710.17
2000-12-29,SEK,AMD,reference,57.85
2000-12-29,SGD,AMD,reference,318.66
2000-12-29,SKK,AMD,reference,11.62
2000-12-29,SYP,AMD,reference,10.29
2000-12-29,TAD,AMD,reference,25.024
2000-12-29,TJS,AMD,reference,250.24
2000-12-29,TMM,AMD,reference,0.1059
2000-12-29,TMT,AMD,reference,0.1059
2000-12-29,TRL,AMD,reference,0.0082
2000-12-29,UAH,AMD,reference,101.29
2000-12-29,USD,AMD,reference,550.52
2000-12-29,USM,AMD,reference,17.05
2000-12-30,AED,AMD,reference,150.38
2000-12-30,ARP,AMD,reference,553.06
2000-12-30,ATS,AMD,reference,37.34
2000-12-30,AUD,AMD,reference,305.91
2000-12-30,BEF,AMD,reference,12.737
2000-12-30,BGL,AMD,reference,239.23
2000-12-30,BRC,AMD,reference,282.52
2000-12-30,BYR,AMD,reference,0.468
2000-12-30,CAD,AMD,reference,366.39
2000-12-30,CHF,AMD,reference,337.32
2000-12-30,CNY,AMD,reference,66.71
2000-12-30,CZK,AMD,reference,9.84
2000-12-30,DEM,AMD,reference,262.7
2000-12-30,DKK,AMD,reference,68.85
2000-12-30,EEK,AMD,reference,32.83
2000-12-30,EGP,AMD,reference,145.31
2000-12-30,ESP,AMD,reference,3.088
2000-12-30,EUR,AMD,reference,513.8
2000-12-30,FIM,AMD,reference,86.42
2000-12-30,FRF,AMD,reference,78.33
2000-12-30,GBP,AMD,reference,821.2
2000-12-30,GEL,AMD,reference,277.97
2000-12-30,GRD,AMD,reference,1.51
2000-12-30,HUF,AMD,reference,1.939
2000-12-30,IEP,AMD,reference,652.4
2000-12-30,ILS,AMD,reference,136.64
2000-12-30,INR,AMD,reference,11.82
2000-12-30,IRR,AMD,reference,0.3015
2000-12-30,ISK,AMD,reference,65.19
2000-12-30,ITL,AMD,reference,0.2654
2000-12-30,JPY,AMD,reference,4.806
2000-12-30,KGS,AMD,reference,11.43
2000-12-30,KRW,AMD,reference,0.4421
2000-12-30,KWD,AMD,reference,1807.89
2000-12-30,KZT,AMD,reference,38.24
2000-12-30,LBP,AMD,reference,0.3663
2000-12-30,LTL,AMD,reference,138.05
2000-12-30,LVL,AMD,reference,900.78
2000-12-30,MDL,AMD,reference,44.59
2000-12-30,MXN,AMD,reference,57.49
2000-12-30,NLG,AMD,reference,233.15
2000-12-30,NOK,AMD,reference,62.4
2000-12-30,PLZ,AMD,reference,133.27
2000-12-30,PTE,AMD,reference,2.563
2000-12-30,ROL,AMD,reference,0.0213
2000-12-30,RUB,AMD,reference,19.68
2000-12-30,SAR,AMD,reference,147.22
2000-12-30,SDR,AMD,reference,710.17
2000-12-30,SEK,AMD,reference,58.18
2000-12-30,SGD,AMD,reference,319.23
2000-12-30,SKK,AMD,reference,7.84
2000-12-30,SYP,AMD,reference,10.32
2000-12-30,TAD,AMD,reference,25.099
2000-12-30,TJS,AMD,reference,250.99
2000-12-30,TMM,AMD,reference,0.1062
2000-12-30,TMT,AMD,reference,0.1062
2000-12-30,TRL,AMD,reference,0.00822
2000-12-30,UAH,AMD,reference,101.61
2000-12-30,USD,AMD,reference,552.18
2000-12-30,USM,AMD,reference,17.11
2000-12-31,AED,AMD,reference,150.38
2000-12-31,ARP,AMD,reference,553.06
2000-12-31,ATS,AMD,reference,37.34
2000-12-31,AUD,AMD,reference,305.91
2000-12-31,BEF,AMD,reference,12.737
2000-12-31,BGL,AMD,reference,239.23
2000-12-31,BRC,AMD,reference,283.16
2000-12-31,BYR,AMD,reference,0.468
2000-12-31,CAD,AMD,reference,368.07
2000-12-31,CHF,AMD,reference,337.32
2000-12-31,CNY,AMD,reference,66.71
2000-12-31,CZK,AMD,reference,9.84
2000-12-31,DEM,AMD,reference,262.7
2000-12-31,DKK,AMD,reference,68.85
2000-12-31,EEK,AMD,reference,32.83
2000-12-31,EGP,AMD,reference,145.31
2000-12-31,ESP,AMD,reference,3.088
2000-12-31,EUR,AMD,reference,513.8
2000-12-31,FIM,AMD,reference,86.42
2000-12-31,FRF,AMD,reference,78.33
2000-12-31,GBP,AMD,reference,821.2
2000-12-31,GEL,AMD,reference,277.97
2000-12-31,GRD,AMD,reference,1.51
2000-12-31,HUF,AMD,reference,1.939
2000-12-31,IEP,AMD,reference,652.4
2000-12-31,ILS,AMD,reference,136.64
2000-12-31,INR,AMD,reference,11.82
2000-12-31,IRR,AMD,reference,0.3015
2000-12-31,ISK,AMD,reference,65.19
2000-12-31,ITL,AMD,reference,0.2654
2000-12-31,JPY,AMD,reference,4.806
2000-12-31,KGS,AMD,reference,11.43
2000-12-31,KRW,AMD,reference,0.4359
2000-12-31,KWD,AMD,reference,1807.89
2000-12-31,KZT,AMD,reference,38.24
2000-12-31,LBP,AMD,reference,0.3663
2000-12-31,LTL,AMD,reference,138.05
2000-12-31,LVL,AMD,reference,900.78
2000-12-31,MDL,AMD,reference,44.59
2000-12-31,MXN,AMD,reference,57.46
2000-12-31,NLG,AMD,reference,233.15
2000-12-31,NOK,AMD,reference,62.4
2000-12-31,PLZ,AMD,reference,133.27
2000-12-31,PTE,AMD,reference,2.563
2000-12-31,ROL,AMD,reference,0.0213
2000-12-31,RUB,AMD,reference,19.55
2000-12-31,SAR,AMD,reference,147.22
2000-12-31,SDR,AMD,reference,710.17
2000-12-31,SEK,AMD,reference,58.18
2000-12-31,SGD,AMD,reference,319.23
2000-12-31,SKK,AMD,reference,7.84
2000-12-31,SYP,AMD,reference,10.32
2000-12-31,TAD,AMD,reference,25.099
2000-12-31,TJS,AMD,reference,250.99
2000-12-31,TMM,AMD,reference,0.1062
2000-12-31,TMT,AMD,reference,0.1062
2000-12-31,TRL,AMD,reference,0.00822
2000-12-31,UAH,AMD,reference,101.61
2000-12-31,USD,AMD,reference,552.18
2000-12-31,USM,AMD,reference,17.11
