date,base,quote,type,value
2019-01-02,BZD,BBD,buy,0.99688
2019-01-02,BZD,BBD,sell,1.00313
2019-01-02,CAD,BBD,buy,1.45635
2019-01-02,CAD,BBD,sell,1.48963
2019-01-02,EUR,BBD,buy,2.2731
2019-01-02,EUR,BBD,sell,2.32008
2019-01-02,GBP,BBD,buy,2.51856
2019-01-02,GBP,BBD,sell,2.57061
2019-01-02,GYD,BBD,buy,0.00947
2019-01-02,GYD,BBD,sell,0.00953
2019-01-02,USD,BBD,buy,1.99
2019-01-02,USD,BBD,sell,2.02768
2019-01-02,XCD,BBD,buy,0.73843
2019-01-02,XCD,BBD,sell,0.74306
2019-01-03,BZD,BBD,buy,0.99688
2019-01-03,BZD,BBD,sell,1.00313
2019-01-03,CAD,BBD,buy,1.4608
2019-01-03,CAD,BBD,sell,1.49418
2019-01-03,EUR,BBD,buy,2.25184
2019-01-03,EUR,BBD,sell,2.29837
2019-01-03,GBP,BBD,buy,2.50316
2019-01-03,GBP,BBD,sell,2.55488
2019-01-03,GYD,BBD,buy,0.00947
2019-01-03,GYD,BBD,sell,0.00953
2019-01-03,USD,BBD,buy,1.99
2019-01-03,USD,BBD,sell,2.02768
2019-01-03,XCD,BBD,buy,0.73843
2019-01-03,XCD,BBD,sell,0.74306
2019-01-04,BZD,BBD,buy,0.99688
2019-01-04,BZD,BBD,sell,1.00313
2019-01-04,CAD,BBD,buy,1.47239
2019-01-04,CAD,BBD,sell,1.50604
2019-01-04,EUR,BBD,buy,2.26605
2019-01-04,EUR,BBD,sell,2.31288
2019-01-04,GBP,BBD,buy,2.512
2019-01-04,GBP,BBD,sell,2.56391
2019-01-04,GYD,BBD,buy,0.00947
2019-01-04,GYD,BBD,sell,0.00953
2019-01-04,USD,BBD,buy,1.99
2019-01-04,USD,BBD,sell,2.02768
2019-01-04,XCD,BBD,buy,0.73843
2019-01-04,XCD,BBD,sell,0.74306
2019-01-07,BZD,BBD,buy,0.99688
2019-01-07,BZD,BBD,sell,1.00313
2019-01-07,CAD,BBD,buy,1.48172
2019-01-07,CAD,BBD,sell,1.51558
2019-01-07,EUR,BBD,buy,2.26664
2019-01-07,EUR,BBD,sell,2.31348
2019-01-07,GBP,BBD,buy,2.53128
2019-01-07,GBP,BBD,sell,2.58359
2019-01-07,GYD,BBD,buy,0.00947
2019-01-07,GYD,BBD,sell,0.00953
2019-01-07,USD,BBD,buy,1.99
2019-01-07,USD,BBD,sell,2.02768
2019-01-07,XCD,BBD,buy,0.73843
2019-01-07,XCD,BBD,sell,0.74306
2019-01-08,BZD,BBD,buy,0.99688
2019-01-08,BZD,BBD,sell,1.00313
2019-01-08,CAD,BBD,buy,1.49411
2019-01-08,CAD,BBD,sell,1.52825
2019-01-08,EUR,BBD,buy,2.28115
2019-01-08,EUR,BBD,sell,2.32829
2019-01-08,GBP,BBD,buy,2.53953
2019-01-08,GBP,BBD,sell,2.59201
2019-01-08,GYD,BBD,buy,0.00947
2019-01-08,GYD,BBD,sell,0.00953
2019-01-08,USD,BBD,buy,1.99
2019-01-08,USD,BBD,sell,2.02768
2019-01-08,XCD,BBD,buy,0.73843
2019-01-08,XCD,BBD,sell,0.74306
2019-01-09,BZD,BBD,buy,0.99688
2019-01-09,BZD,BBD,sell,1.00313
2019-01-09,CAD,BBD,buy,1.49254
2019-01-09,CAD,BBD,sell,1.52665
2019-01-09,EUR,BBD,buy,2.27499
2019-01-09,EUR,BBD,sell,2.322
2019-01-09,GBP,BBD,buy,2.5278
2019-01-09,GBP,BBD,sell,2.58004
2019-01-09,GYD,BBD,buy,0.00947
2019-01-09,GYD,BBD,sell,0.00953
2019-01-09,USD,BBD,buy,1.99
2019-01-09,USD,BBD,sell,2.02768
2019-01-09,XCD,BBD,buy,0.73843
2019-01-09,XCD,BBD,sell,0.74306
2019-01-10,BZD,BBD,buy,0.99688
2019-01-10,BZD,BBD,sell,1.00313
2019-01-10,CAD,BBD,buy,1.50237
2019-01-10,CAD,BBD,sell,1.5367
2019-01-10,EUR,BBD,buy,2.29208
2019-01-10,EUR,BBD,sell,2.33945
2019-01-10,GBP,BBD,buy,2.53893
2019-01-10,GBP,BBD,sell,2.5914
2019-01-10,GYD,BBD,buy,0.00947
2019-01-10,GYD,BBD,sell,0.00953
2019-01-10,USD,BBD,buy,1.99
2019-01-10,USD,BBD,sell,2.02768
2019-01-10,XCD,BBD,buy,0.73843
2019-01-10,XCD,BBD,sell,0.74306
2019-01-11,BZD,BBD,buy,0.99688
2019-01-11,BZD,BBD,sell,1.00313
2019-01-11,CAD,BBD,buy,1.4984
2019-01-11,CAD,BBD,sell,1.53264
2019-01-11,EUR,BBD,buy,2.28433
2019-01-11,EUR,BBD,sell,2.33154
2019-01-11,GBP,BBD,buy,2.53357
2019-01-11,GBP,BBD,sell,2.58592
2019-01-11,GYD,BBD,buy,0.00947
2019-01-11,GYD,BBD,sell,0.00953
2019-01-11,USD,BBD,buy,1.99
2019-01-11,USD,BBD,sell,2.02768
2019-01-11,XCD,BBD,buy,0.73843
2019-01-11,XCD,BBD,sell,0.74306
2019-01-14,BZD,BBD,buy,0.99688
2019-01-14,BZD,BBD,sell,1.00313
2019-01-14,CAD,BBD,buy,1.49625
2019-01-14,CAD,BBD,sell,1.53044
2019-01-14,EUR,BBD,buy,2.28095
2019-01-14,EUR,BBD,sell,2.32809
2019-01-14,GBP,BBD,buy,2.55443
2019-01-14,GBP,BBD,sell,2.60722
2019-01-14,GYD,BBD,buy,0.00947
2019-01-14,GYD,BBD,sell,0.00953
2019-01-14,USD,BBD,buy,1.99
2019-01-14,USD,BBD,sell,2.02768
2019-01-14,XCD,BBD,buy,0.73843
2019-01-14,XCD,BBD,sell,0.74306
2019-01-15,BZD,BBD,buy,0.99688
2019-01-15,BZD,BBD,sell,1.00313
2019-01-15,CAD,BBD,buy,1.49637
2019-01-15,CAD,BBD,sell,1.53056
2019-01-15,EUR,BBD,buy,2.27956
2019-01-15,EUR,BBD,sell,2.32667
2019-01-15,GBP,BBD,buy,2.56189
2019-01-15,GBP,BBD,sell,2.61483
2019-01-15,GYD,BBD,buy,0.00947
2019-01-15,GYD,BBD,sell,0.00953
2019-01-15,USD,BBD,buy,1.99
2019-01-15,USD,BBD,sell,2.02768
2019-01-15,XCD,BBD,buy,0.73843
2019-01-15,XCD,BBD,sell,0.74306
2019-01-16,BZD,BBD,buy,0.99688
2019-01-16,BZD,BBD,sell,1.00313
2019-01-16,CAD,BBD,buy,1.49322
2019-01-16,CAD,BBD,sell,1.52734
2019-01-16,EUR,BBD,buy,2.26297
2019-01-16,EUR,BBD,sell,2.30973
2019-01-16,GBP,BBD,buy,2.52591
2019-01-16,GBP,BBD,sell,2.57811
2019-01-16,GYD,BBD,buy,0.00947
2019-01-16,GYD,BBD,sell,0.00953
2019-01-16,USD,BBD,buy,1.99
2019-01-16,USD,BBD,sell,2.02768
2019-01-16,XCD,BBD,buy,0.73843
2019-01-16,XCD,BBD,sell,0.74306
2019-01-17,BZD,BBD,buy,0.99688
2019-01-17,BZD,BBD,sell,1.00313
2019-01-17,CAD,BBD,buy,1.49806
2019-01-17,CAD,BBD,sell,1.53229
2019-01-17,EUR,BBD,buy,2.26724
2019-01-17,EUR,BBD,sell,2.31409
2019-01-17,GBP,BBD,buy,2.55563
2019-01-17,GBP,BBD,sell,2.60844
2019-01-17,GYD,BBD,buy,0.00947
2019-01-17,GYD,BBD,sell,0.00953
2019-01-17,USD,BBD,buy,1.99
2019-01-17,USD,BBD,sell,2.02768
2019-01-17,XCD,BBD,buy,0.73843
2019-01-17,XCD,BBD,sell,0.74306
2019-01-18,BZD,BBD,buy,0.99688
2019-01-18,BZD,BBD,sell,1.00313
2019-01-18,CAD,BBD,buy,1.4931
2019-01-18,CAD,BBD,sell,1.52721
2019-01-18,EUR,BBD,buy,2.26297
2019-01-18,EUR,BBD,sell,2.30973
2019-01-18,GBP,BBD,buy,2.57809
2019-01-18,GBP,BBD,sell,2.63136
2019-01-18,GYD,BBD,buy,0.00947
2019-01-18,GYD,BBD,sell,0.00953
2019-01-18,USD,BBD,buy,1.99
2019-01-18,USD,BBD,sell,2.02768
2019-01-18,XCD,BBD,buy,0.73843
2019-01-18,XCD,BBD,sell,0.74306
2019-01-22,BZD,BBD,buy,0.99688
2019-01-22,BZD,BBD,sell,1.00313
2019-01-22,CAD,BBD,buy,1.48895
2019-01-22,CAD,BBD,sell,1.52297
2019-01-22,EUR,BBD,buy,2.2579
2019-01-22,EUR,BBD,sell,2.30456
2019-01-22,GBP,BBD,buy,2.56497
2019-01-22,GBP,BBD,sell,2.61797
2019-01-22,GYD,BBD,buy,0.00947
2019-01-22,GYD,BBD,sell,0.00953
2019-01-22,USD,BBD,buy,1.99
2019-01-22,USD,BBD,sell,2.02768
2019-01-22,XCD,BBD,buy,0.73843
2019-01-22,XCD,BBD,sell,0.74306
2019-01-23,BZD,BBD,buy,0.99688
2019-01-23,BZD,BBD,sell,1.00313
2019-01-23,CAD,BBD,buy,1.48734
2019-01-23,CAD,BBD,sell,1.52133
2019-01-23,EUR,BBD,buy,2.25909
2019-01-23,EUR,BBD,sell,2.30578
2019-01-23,GBP,BBD,buy,2.5761
2019-01-23,GBP,BBD,sell,2.62933
2019-01-23,GYD,BBD,buy,0.00947
2019-01-23,GYD,BBD,sell,0.00953
2019-01-23,USD,BBD,buy,1.99
2019-01-23,USD,BBD,sell,2.02768
2019-01-23,XCD,BBD,buy,0.73843
2019-01-23,XCD,BBD,sell,0.74306
2019-01-24,BZD,BBD,buy,0.99688
2019-01-24,BZD,BBD,sell,1.00313
2019-01-24,CAD,BBD,buy,1.48728
2019-01-24,CAD,BBD,sell,1.52127
2019-01-24,EUR,BBD,buy,2.26356
2019-01-24,EUR,BBD,sell,2.31034
2019-01-24,GBP,BBD,buy,2.59776
2019-01-24,GBP,BBD,sell,2.65144
2019-01-24,GYD,BBD,buy,0.00947
2019-01-24,GYD,BBD,sell,0.00953
2019-01-24,USD,BBD,buy,1.99
2019-01-24,USD,BBD,sell,2.02768
2019-01-24,XCD,BBD,buy,0.73843
2019-01-24,XCD,BBD,sell,0.74306
2019-01-25,BZD,BBD,buy,0.99688
2019-01-25,BZD,BBD,sell,1.00313
2019-01-25,CAD,BBD,buy,1.48651
2019-01-25,CAD,BBD,sell,1.52047
2019-01-25,EUR,BBD,buy,2.24518
2019-01-25,EUR,BBD,sell,2.29158
2019-01-25,GBP,BBD,buy,2.58991
2019-01-25,GBP,BBD,sell,2.64343
2019-01-25,GYD,BBD,buy,0.00947
2019-01-25,GYD,BBD,sell,0.00953
2019-01-25,USD,BBD,buy,1.99
2019-01-25,USD,BBD,sell,2.02768
2019-01-25,XCD,BBD,buy,0.73843
2019-01-25,XCD,BBD,sell,0.74306
2019-01-28,BZD,BBD,buy,0.99688
2019-01-28,BZD,BBD,sell,1.00313
2019-01-28,CAD,BBD,buy,1.49873
2019-01-28,CAD,BBD,sell,1.53298
2019-01-28,EUR,BBD,buy,2.26754
2019-01-28,EUR,BBD,sell,2.3144
2019-01-28,GBP,BBD,buy,2.62251
2019-01-28,GBP,BBD,sell,2.6767
2019-01-28,GYD,BBD,buy,0.00947
2019-01-28,GYD,BBD,sell,0.00953
2019-01-28,USD,BBD,buy,1.99
2019-01-28,USD,BBD,sell,2.02768
2019-01-28,XCD,BBD,buy,0.73843
2019-01-28,XCD,BBD,sell,0.74306
2019-01-29,BZD,BBD,buy,0.99688
2019-01-29,BZD,BBD,sell,1.00313
2019-01-29,CAD,BBD,buy,1.49748
2019-01-29,CAD,BBD,sell,1.5317
2019-01-29,EUR,BBD,buy,2.27271
2019-01-29,EUR,BBD,sell,2.31967
2019-01-29,GBP,BBD,buy,2.61565
2019-01-29,GBP,BBD,sell,2.6697
2019-01-29,GYD,BBD,buy,0.00945
2019-01-29,GYD,BBD,sell,0.00951
2019-01-29,USD,BBD,buy,1.99
2019-01-29,USD,BBD,sell,2.02768
2019-01-29,XCD,BBD,buy,0.73843
2019-01-29,XCD,BBD,sell,0.74306
2019-01-30,BZD,BBD,buy,0.99688
2019-01-30,BZD,BBD,sell,1.00313
2019-01-30,CAD,BBD,buy,1.4958
2019-01-30,CAD,BBD,sell,1.52998
2019-01-30,EUR,BBD,buy,2.27072
2019-01-30,EUR,BBD,sell,2.31764
2019-01-30,GBP,BBD,buy,2.61187
2019-01-30,GBP,BBD,sell,2.66585
2019-01-30,GYD,BBD,buy,0.00945
2019-01-30,GYD,BBD,sell,0.00951
2019-01-30,USD,BBD,buy,1.99
2019-01-30,USD,BBD,sell,2.02768
2019-01-30,XCD,BBD,buy,0.73843
2019-01-30,XCD,BBD,sell,0.74306
2019-01-31,BZD,BBD,buy,0.99688
2019-01-31,BZD,BBD,sell,1.00313
2019-01-31,CAD,BBD,buy,1.50362
2019-01-31,CAD,BBD,sell,1.53798
2019-01-31,EUR,BBD,buy,2.26992
2019-01-31,EUR,BBD,sell,2.31683
2019-01-31,GBP,BBD,buy,2.59617
2019-01-31,GBP,BBD,sell,2.64982
2019-01-31,GYD,BBD,buy,0.00945
2019-01-31,GYD,BBD,sell,0.00951
2019-01-31,USD,BBD,buy,1.99
2019-01-31,USD,BBD,sell,2.02768
2019-01-31,XCD,BBD,buy,0.73843
2019-01-31,XCD,BBD,sell,0.74306
2019-02-01,BZD,BBD,buy,0.99688
2019-02-01,BZD,BBD,sell,1.00313
2019-02-01,CAD,BBD,buy,1.509
2019-02-01,CAD,BBD,sell,1.54348
2019-02-01,EUR,BBD,buy,2.27469
2019-02-01,EUR,BBD,sell,2.3217
2019-02-01,GBP,BBD,buy,2.60492
2019-02-01,GBP,BBD,sell,2.65875
2019-02-01,GYD,BBD,buy,0.00945
2019-02-01,GYD,BBD,sell,0.00951
2019-02-01,USD,BBD,buy,1.99
2019-02-01,USD,BBD,sell,2.02768
2019-02-01,XCD,BBD,buy,0.73843
2019-02-01,XCD,BBD,sell,0.74306
2019-02-04,BZD,BBD,buy,0.99688
2019-02-04,BZD,BBD,sell,1.00313
2019-02-04,CAD,BBD,buy,1.51823
2019-02-04,CAD,BBD,sell,1.55292
2019-02-04,EUR,BBD,buy,2.27817
2019-02-04,EUR,BBD,sell,2.32525
2019-02-04,GBP,BBD,buy,2.59985
2019-02-04,GBP,BBD,sell,2.65357
2019-02-04,GYD,BBD,buy,0.00945
2019-02-04,GYD,BBD,sell,0.00951
2019-02-04,USD,BBD,buy,1.99
2019-02-04,USD,BBD,sell,2.02768
2019-02-04,XCD,BBD,buy,0.73843
2019-02-04,XCD,BBD,sell,0.74306
2019-02-05,BZD,BBD,buy,0.99688
2019-02-05,BZD,BBD,sell,1.00313
2019-02-05,CAD,BBD,buy,1.51164
2019-02-05,CAD,BBD,sell,1.54618
2019-02-05,EUR,BBD,buy,2.27241
2019-02-05,EUR,BBD,sell,2.31937
2019-02-05,GBP,BBD,buy,2.59339
2019-02-05,GBP,BBD,sell,2.64698
2019-02-05,GYD,BBD,buy,0.00944
2019-02-05,GYD,BBD,sell,0.0095
2019-02-05,USD,BBD,buy,1.99
2019-02-05,USD,BBD,sell,2.02768
2019-02-05,XCD,BBD,buy,0.73843
2019-02-05,XCD,BBD,sell,0.74306
2019-02-06,BZD,BBD,buy,0.99688
2019-02-06,BZD,BBD,sell,1.00313
2019-02-06,CAD,BBD,buy,1.51094
2019-02-06,CAD,BBD,sell,1.54547
2019-02-06,EUR,BBD,buy,2.26843
2019-02-06,EUR,BBD,sell,2.31531
2019-02-06,GBP,BBD,buy,2.57401
2019-02-06,GBP,BBD,sell,2.6272
2019-02-06,GYD,BBD,buy,0.00944
2019-02-06,GYD,BBD,sell,0.0095
2019-02-06,USD,BBD,buy,1.99
2019-02-06,USD,BBD,sell,2.02768
2019-02-06,XCD,BBD,buy,0.73843
2019-02-06,XCD,BBD,sell,0.74306
2019-02-07,BZD,BBD,buy,0.99688
2019-02-07,BZD,BBD,sell,1.00313
2019-02-07,CAD,BBD,buy,1.50384
2019-02-07,CAD,BBD,sell,1.5382
2019-02-07,EUR,BBD,buy,2.25899
2019-02-07,EUR,BBD,sell,2.30567
2019-02-07,GBP,BBD,buy,2.57192
2019-02-07,GBP,BBD,sell,2.62507
2019-02-07,GYD,BBD,buy,0.00944
2019-02-07,GYD,BBD,sell,0.0095
2019-02-07,USD,BBD,buy,1.99
2019-02-07,USD,BBD,sell,2.02768
2019-02-07,XCD,BBD,buy,0.73843
2019-02-07,XCD,BBD,sell,0.74306
2019-02-08,BZD,BBD,buy,0.99688
2019-02-08,BZD,BBD,sell,1.00313
2019-02-08,CAD,BBD,buy,1.49208
2019-02-08,CAD,BBD,sell,1.52618
2019-02-08,EUR,BBD,buy,2.25641
2019-02-08,EUR,BBD,sell,2.30304
2019-02-08,GBP,BBD,buy,2.5763
2019-02-08,GBP,BBD,sell,2.62954
2019-02-08,GYD,BBD,buy,0.00944
2019-02-08,GYD,BBD,sell,0.0095
2019-02-08,USD,BBD,buy,1.99
2019-02-08,USD,BBD,sell,2.02768
2019-02-08,XCD,BBD,buy,0.73843
2019-02-08,XCD,BBD,sell,0.74306
2019-02-11,BZD,BBD,buy,0.99688
2019-02-11,BZD,BBD,sell,1.00313
2019-02-11,CAD,BBD,buy,1.4958
2019-02-11,CAD,BBD,sell,1.52998
2019-02-11,EUR,BBD,buy,2.25094
2019-02-11,EUR,BBD,sell,2.29746
2019-02-11,GBP,BBD,buy,2.57053
2019-02-11,GBP,BBD,sell,2.62365
2019-02-11,GYD,BBD,buy,0.00944
2019-02-11,GYD,BBD,sell,0.0095
2019-02-11,USD,BBD,buy,1.99
2019-02-11,USD,BBD,sell,2.02768
2019-02-11,XCD,BBD,buy,0.73843
2019-02-11,XCD,BBD,sell,0.74306
2019-02-12,BZD,BBD,buy,0.99688
2019-02-12,BZD,BBD,sell,1.00313
2019-02-12,CAD,BBD,buy,1.49276
2019-02-12,CAD,BBD,sell,1.52687
2019-02-12,EUR,BBD,buy,2.24031
2019-02-12,EUR,BBD,sell,2.28661
2019-02-12,GBP,BBD,buy,2.55523
2019-02-12,GBP,BBD,sell,2.60803
2019-02-12,GYD,BBD,buy,0.00944
2019-02-12,GYD,BBD,sell,0.0095
2019-02-12,USD,BBD,buy,1.99
2019-02-12,USD,BBD,sell,2.02768
2019-02-12,XCD,BBD,buy,0.73843
2019-02-12,XCD,BBD,sell,0.74306
2019-02-13,BZD,BBD,buy,0.99688
2019-02-13,BZD,BBD,sell,1.00313
2019-02-13,CAD,BBD,buy,1.49953
2019-02-13,CAD,BBD,sell,1.53379
2019-02-13,EUR,BBD,buy,2.25263
2019-02-13,EUR,BBD,sell,2.29918
2019-02-13,GBP,BBD,buy,2.56397
2019-02-13,GBP,BBD,sell,2.61696
2019-02-13,GYD,BBD,buy,0.00944
2019-02-13,GYD,BBD,sell,0.0095
2019-02-13,USD,BBD,buy,1.99
2019-02-13,USD,BBD,sell,2.02768
2019-02-13,XCD,BBD,buy,0.73843
2019-02-13,XCD,BBD,sell,0.74306
2019-02-14,BZD,BBD,buy,0.99688
2019-02-14,BZD,BBD,sell,1.00313
2019-02-14,CAD,BBD,buy,1.49965
2019-02-14,CAD,BBD,sell,1.53391
2019-02-14,EUR,BBD,buy,2.2422
2019-02-14,EUR,BBD,sell,2.28853
2019-02-14,GBP,BBD,buy,2.55682
2019-02-14,GBP,BBD,sell,2.60966
2019-02-14,GYD,BBD,buy,0.00944
2019-02-14,GYD,BBD,sell,0.0095
2019-02-14,USD,BBD,buy,1.99
2019-02-14,USD,BBD,sell,2.02768
2019-02-14,XCD,BBD,buy,0.73843
2019-02-14,XCD,BBD,sell,0.74306
2019-02-15,BZD,BBD,buy,0.99688
2019-02-15,BZD,BBD,sell,1.00313
2019-02-15,CAD,BBD,buy,1.49433
2019-02-15,CAD,BBD,sell,1.52847
2019-02-15,EUR,BBD,buy,2.24578
2019-02-15,EUR,BBD,sell,2.29218
2019-02-15,GBP,BBD,buy,2.5433
2019-02-15,GBP,BBD,sell,2.59586
2019-02-15,GYD,BBD,buy,0.00944
2019-02-15,GYD,BBD,sell,0.0095
2019-02-15,USD,BBD,buy,1.99
2019-02-15,USD,BBD,sell,2.02768
2019-02-15,XCD,BBD,buy,0.73843
2019-02-15,XCD,BBD,sell,0.74306
2019-02-18,BZD,BBD,buy,0.99688
2019-02-18,BZD,BBD,sell,1.00313
2019-02-18,CAD,BBD,buy,1.49828
2019-02-18,CAD,BBD,sell,1.53251
2019-02-18,EUR,BBD,buy,2.24677
2019-02-18,EUR,BBD,sell,2.2932
2019-02-18,GBP,BBD,buy,2.56258
2019-02-18,GBP,BBD,sell,2.61554
2019-02-18,GYD,BBD,buy,0.00943
2019-02-18,GYD,BBD,sell,0.00949
2019-02-18,USD,BBD,buy,1.99
2019-02-18,USD,BBD,sell,2.02768
2019-02-18,XCD,BBD,buy,0.73843
2019-02-18,XCD,BBD,sell,0.74306
2019-02-19,BZD,BBD,buy,0.99688
2019-02-19,BZD,BBD,sell,1.00313
2019-02-19,CAD,BBD,buy,1.49975
2019-02-19,CAD,BBD,sell,1.53402
2019-02-19,EUR,BBD,buy,2.24796
2019-02-19,EUR,BBD,sell,2.29442
2019-02-19,GBP,BBD,buy,2.56924
2019-02-19,GBP,BBD,sell,2.62233
2019-02-19,GYD,BBD,buy,0.00943
2019-02-19,GYD,BBD,sell,0.00949
2019-02-19,USD,BBD,buy,1.99
2019-02-19,USD,BBD,sell,2.02768
2019-02-19,XCD,BBD,buy,0.73843
2019-02-19,XCD,BBD,sell,0.74306
2019-02-20,BZD,BBD,buy,0.99688
2019-02-20,BZD,BBD,sell,1.00313
2019-02-20,CAD,BBD,buy,1.50259
2019-02-20,CAD,BBD,sell,1.53692
2019-02-20,EUR,BBD,buy,2.25601
2019-02-20,EUR,BBD,sell,2.30263
2019-02-20,GBP,BBD,buy,2.59597
2019-02-20,GBP,BBD,sell,2.64962
2019-02-20,GYD,BBD,buy,0.00943
2019-02-20,GYD,BBD,sell,0.00949
2019-02-20,USD,BBD,buy,1.99
2019-02-20,USD,BBD,sell,2.02768
2019-02-20,XCD,BBD,buy,0.73843
2019-02-20,XCD,BBD,sell,0.74306
2019-02-21,BZD,BBD,buy,0.99688
2019-02-21,BZD,BBD,sell,1.00313
2019-02-21,CAD,BBD,buy,1.50864
2019-02-21,CAD,BBD,sell,1.54311
2019-02-21,EUR,BBD,buy,2.25919
2019-02-21,EUR,BBD,sell,2.30588
2019-02-21,GBP,BBD,buy,2.60015
2019-02-21,GBP,BBD,sell,2.65388
2019-02-21,GYD,BBD,buy,0.00943
2019-02-21,GYD,BBD,sell,0.00949
2019-02-21,USD,BBD,buy,1.99
2019-02-21,USD,BBD,sell,2.02768
2019-02-21,XCD,BBD,buy,0.73843
2019-02-21,XCD,BBD,sell,0.74306
2019-02-22,BZD,BBD,buy,0.99688
2019-02-22,BZD,BBD,sell,1.00313
2019-02-22,CAD,BBD,buy,1.50203
2019-02-22,CAD,BBD,sell,1.53635
2019-02-22,EUR,BBD,buy,2.25194
2019-02-22,EUR,BBD,sell,2.29847
2019-02-22,GBP,BBD,buy,2.5914
2019-02-22,GBP,BBD,sell,2.64495
2019-02-22,GYD,BBD,buy,0.00943
2019-02-22,GYD,BBD,sell,0.00949
2019-02-22,USD,BBD,buy,1.99
2019-02-22,USD,BBD,sell,2.02768
2019-02-22,XCD,BBD,buy,0.73843
2019-02-22,XCD,BBD,sell,0.74306
2019-02-25,BZD,BBD,buy,0.99688
2019-02-25,BZD,BBD,sell,1.00313
2019-02-25,CAD,BBD,buy,1.51013
2019-02-25,CAD,BBD,sell,1.54463
2019-02-25,EUR,BBD,buy,2.25502
2019-02-25,EUR,BBD,sell,2.30162
2019-02-25,GBP,BBD,buy,2.59756
2019-02-25,GBP,BBD,sell,2.65124
2019-02-25,GYD,BBD,buy,0.00943
2019-02-25,GYD,BBD,sell,0.00949
2019-02-25,USD,BBD,buy,1.99
2019-02-25,USD,BBD,sell,2.02768
2019-02-25,XCD,BBD,buy,0.73843
2019-02-25,XCD,BBD,sell,0.74306
2019-02-26,BZD,BBD,buy,0.99688
2019-02-26,BZD,BBD,sell,1.00313
2019-02-26,CAD,BBD,buy,1.50648
2019-02-26,CAD,BBD,sell,1.5409
2019-02-26,EUR,BBD,buy,2.25691
2019-02-26,EUR,BBD,sell,2.30354
2019-02-26,GBP,BBD,buy,2.60074
2019-02-26,GBP,BBD,sell,2.65449
2019-02-26,GYD,BBD,buy,0.00944
2019-02-26,GYD,BBD,sell,0.0095
2019-02-26,USD,BBD,buy,1.99
2019-02-26,USD,BBD,sell,2.02768
2019-02-26,XCD,BBD,buy,0.73843
2019-02-26,XCD,BBD,sell,0.74306
2019-02-27,BZD,BBD,buy,0.99688
2019-02-27,BZD,BBD,sell,1.00313
2019-02-27,CAD,BBD,buy,1.50499
2019-02-27,CAD,BBD,sell,1.53938
2019-02-27,EUR,BBD,buy,2.26168
2019-02-27,EUR,BBD,sell,2.30841
2019-02-27,GBP,BBD,buy,2.63413
2019-02-27,GBP,BBD,sell,2.68857
2019-02-27,GYD,BBD,buy,0.00944
2019-02-27,GYD,BBD,sell,0.0095
2019-02-27,USD,BBD,buy,1.99
2019-02-27,USD,BBD,sell,2.02768
2019-02-27,XCD,BBD,buy,0.73843
2019-02-27,XCD,BBD,sell,0.74306
2019-02-28,BZD,BBD,buy,0.99688
2019-02-28,BZD,BBD,sell,1.00313
2019-02-28,CAD,BBD,buy,1.50967
2019-02-28,CAD,BBD,sell,1.54417
2019-02-28,EUR,BBD,buy,2.26078
2019-02-28,EUR,BBD,sell,2.3075
2019-02-28,GBP,BBD,buy,2.64526
2019-02-28,GBP,BBD,sell,2.69993
2019-02-28,GYD,BBD,buy,0.00944
2019-02-28,GYD,BBD,sell,0.0095
2019-02-28,USD,BBD,buy,1.99
2019-02-28,USD,BBD,sell,2.02768
2019-02-28,XCD,BBD,buy,0.73843
2019-02-28,XCD,BBD,sell,0.74306
2019-03-01,BZD,BBD,buy,0.99688
2019-03-01,BZD,BBD,sell,1.00313
2019-03-01,CAD,BBD,buy,1.50854
2019-03-01,CAD,BBD,sell,1.54301
2019-03-01,EUR,BBD,buy,2.26178
2019-03-01,EUR,BBD,sell,2.30851
2019-03-01,GBP,BBD,buy,2.63731
2019-03-01,GBP,BBD,sell,2.69181
2019-03-01,GYD,BBD,buy,0.00944
2019-03-01,GYD,BBD,sell,0.0095
2019-03-01,USD,BBD,buy,1.99
2019-03-01,USD,BBD,sell,2.02768
2019-03-01,XCD,BBD,buy,0.73843
2019-03-01,XCD,BBD,sell,0.74306
2019-03-04,BZD,BBD,buy,0.99688
2019-03-04,BZD,BBD,sell,1.00313
2019-03-04,CAD,BBD,buy,1.49322
2019-03-04,CAD,BBD,sell,1.52734
2019-03-04,EUR,BBD,buy,2.258
2019-03-04,EUR,BBD,sell,2.30466
2019-03-04,GBP,BBD,buy,2.6232
2019-03-04,GBP,BBD,sell,2.67741
2019-03-04,GYD,BBD,buy,0.00944
2019-03-04,GYD,BBD,sell,0.0095
2019-03-04,USD,BBD,buy,1.99
2019-03-04,USD,BBD,sell,2.02768
2019-03-04,XCD,BBD,buy,0.73843
2019-03-04,XCD,BBD,sell,0.74306
2019-03-05,BZD,BBD,buy,0.99688
2019-03-05,BZD,BBD,sell,1.00313
2019-03-05,CAD,BBD,buy,1.48996
2019-03-05,CAD,BBD,sell,1.52401
2019-03-05,EUR,BBD,buy,2.25214
2019-03-05,EUR,BBD,sell,2.29868
2019-03-05,GBP,BBD,buy,2.61843
2019-03-05,GBP,BBD,sell,2.67254
2019-03-05,GYD,BBD,buy,0.00944
2019-03-05,GYD,BBD,sell,0.0095
2019-03-05,USD,BBD,buy,1.99
2019-03-05,USD,BBD,sell,2.02768
2019-03-05,XCD,BBD,buy,0.73843
2019-03-05,XCD,BBD,sell,0.74306
2019-03-06,BZD,BBD,buy,0.99688
2019-03-06,BZD,BBD,sell,1.00313
2019-03-06,CAD,BBD,buy,1.4874
2019-03-06,CAD,BBD,sell,1.52139
2019-03-06,EUR,BBD,buy,2.24717
2019-03-06,EUR,BBD,sell,2.2936
2019-03-06,GBP,BBD,buy,2.61704
2019-03-06,GBP,BBD,sell,2.67112
2019-03-06,GYD,BBD,buy,0.00944
2019-03-06,GYD,BBD,sell,0.0095
2019-03-06,USD,BBD,buy,1.99
2019-03-06,USD,BBD,sell,2.02768
2019-03-06,XCD,BBD,buy,0.73843
2019-03-06,XCD,BBD,sell,0.74306
2019-03-07,BZD,BBD,buy,0.99688
2019-03-07,BZD,BBD,sell,1.00313
2019-03-07,CAD,BBD,buy,1.47753
2019-03-07,CAD,BBD,sell,1.5113
2019-03-07,EUR,BBD,buy,2.24756
2019-03-07,EUR,BBD,sell,2.29401
2019-03-07,GBP,BBD,buy,2.61565
2019-03-07,GBP,BBD,sell,2.6697
2019-03-07,GYD,BBD,buy,0.00944
2019-03-07,GYD,BBD,sell,0.0095
2019-03-07,USD,BBD,buy,1.99
2019-03-07,USD,BBD,sell,2.02768
2019-03-07,XCD,BBD,buy,0.73843
2019-03-07,XCD,BBD,sell,0.74306
2019-03-08,BZD,BBD,buy,0.99688
2019-03-08,BZD,BBD,sell,1.00313
2019-03-08,CAD,BBD,buy,1.47557
2019-03-08,CAD,BBD,sell,1.50929
2019-03-08,EUR,BBD,buy,2.23017
2019-03-08,EUR,BBD,sell,2.27626
2019-03-08,GBP,BBD,buy,2.60273
2019-03-08,GBP,BBD,sell,2.65652
2019-03-08,GYD,BBD,buy,0.00944
2019-03-08,GYD,BBD,sell,0.0095
2019-03-08,USD,BBD,buy,1.99
2019-03-08,USD,BBD,sell,2.02768
2019-03-08,XCD,BBD,buy,0.73843
2019-03-08,XCD,BBD,sell,0.74306
2019-03-11,BZD,BBD,buy,0.99688
2019-03-11,BZD,BBD,sell,1.00313
2019-03-11,CAD,BBD,buy,1.47974
2019-03-11,CAD,BBD,sell,1.51355
2019-03-11,EUR,BBD,buy,2.23405
2019-03-11,EUR,BBD,sell,2.28022
2019-03-11,GBP,BBD,buy,2.58544
2019-03-11,GBP,BBD,sell,2.63887
2019-03-11,GYD,BBD,buy,0.00944
2019-03-11,GYD,BBD,sell,0.0095
2019-03-11,USD,BBD,buy,1.99
2019-03-11,USD,BBD,sell,2.02768
2019-03-11,XCD,BBD,buy,0.73843
2019-03-11,XCD,BBD,sell,0.74306
2019-03-12,BZD,BBD,buy,0.99688
2019-03-12,BZD,BBD,sell,1.00313
2019-03-12,CAD,BBD,buy,1.48085
2019-03-12,CAD,BBD,sell,1.51469
2019-03-12,EUR,BBD,buy,2.23514
2019-03-12,EUR,BBD,sell,2.28133
2019-03-12,GBP,BBD,buy,2.61515
2019-03-12,GBP,BBD,sell,2.66919
2019-03-12,GYD,BBD,buy,0.00944
2019-03-12,GYD,BBD,sell,0.0095
2019-03-12,USD,BBD,buy,1.99
2019-03-12,USD,BBD,sell,2.02768
2019-03-12,XCD,BBD,buy,0.73843
2019-03-12,XCD,BBD,sell,0.74306
2019-03-13,BZD,BBD,buy,0.99688
2019-03-13,BZD,BBD,sell,1.00313
2019-03-13,CAD,BBD,buy,1.48549
2019-03-13,CAD,BBD,sell,1.51944
2019-03-13,EUR,BBD,buy,2.24478
2019-03-13,EUR,BBD,sell,2.29117
2019-03-13,GBP,BBD,buy,2.59687
2019-03-13,GBP,BBD,sell,2.65053
2019-03-13,GYD,BBD,buy,0.00944
2019-03-13,GYD,BBD,sell,0.0095
2019-03-13,USD,BBD,buy,1.99
2019-03-13,USD,BBD,sell,2.02768
2019-03-13,XCD,BBD,buy,0.73843
2019-03-13,XCD,BBD,sell,0.74306
2019-03-14,BZD,BBD,buy,0.99688
2019-03-14,BZD,BBD,sell,1.00313
2019-03-14,CAD,BBD,buy,1.49107
2019-03-14,CAD,BBD,sell,1.52514
2019-03-14,EUR,BBD,buy,2.24717
2019-03-14,EUR,BBD,sell,2.2936
2019-03-14,GBP,BBD,buy,2.62449
2019-03-14,GBP,BBD,sell,2.67873
2019-03-14,GYD,BBD,buy,0.00944
2019-03-14,GYD,BBD,sell,0.0095
2019-03-14,USD,BBD,buy,1.99
2019-03-14,USD,BBD,sell,2.02768
2019-03-14,XCD,BBD,buy,0.73843
2019-03-14,XCD,BBD,sell,0.74306
2019-03-15,BZD,BBD,buy,0.99688
2019-03-15,BZD,BBD,sell,1.00313
2019-03-15,CAD,BBD,buy,1.4895
2019-03-15,CAD,BBD,sell,1.52354
2019-03-15,EUR,BBD,buy,2.24597
2019-03-15,EUR,BBD,sell,2.29239
2019-03-15,GBP,BBD,buy,2.63205
2019-03-15,GBP,BBD,sell,2.68644
2019-03-15,GYD,BBD,buy,0.00944
2019-03-15,GYD,BBD,sell,0.0095
2019-03-15,USD,BBD,buy,1.99
2019-03-15,USD,BBD,sell,2.02768
2019-03-15,XCD,BBD,buy,0.73843
2019-03-15,XCD,BBD,sell,0.74306
2019-03-18,BZD,BBD,buy,0.99688
2019-03-18,BZD,BBD,sell,1.00313
2019-03-18,CAD,BBD,buy,1.48772
2019-03-18,CAD,BBD,sell,1.52171
2019-03-18,EUR,BBD,buy,2.24955
2019-03-18,EUR,BBD,sell,2.29604
2019-03-18,GBP,BBD,buy,2.6394
2019-03-18,GBP,BBD,sell,2.69394
2019-03-18,GYD,BBD,buy,0.00944
2019-03-18,GYD,BBD,sell,0.0095
2019-03-18,USD,BBD,buy,1.99
2019-03-18,USD,BBD,sell,2.02768
2019-03-18,XCD,BBD,buy,0.73843
2019-03-18,XCD,BBD,sell,0.74306
2019-03-19,BZD,BBD,buy,0.99688
2019-03-19,BZD,BBD,sell,1.00313
2019-03-19,CAD,BBD,buy,1.4854
2019-03-19,CAD,BBD,sell,1.51934
2019-03-19,EUR,BBD,buy,2.25204
2019-03-19,EUR,BBD,sell,2.29857
2019-03-19,GBP,BBD,buy,2.62877
2019-03-19,GBP,BBD,sell,2.68309
2019-03-19,GYD,BBD,buy,0.00944
2019-03-19,GYD,BBD,sell,0.0095
2019-03-19,USD,BBD,buy,1.99
2019-03-19,USD,BBD,sell,2.02768
2019-03-19,XCD,BBD,buy,0.73843
2019-03-19,XCD,BBD,sell,0.74306
2019-03-20,BZD,BBD,buy,0.99688
2019-03-20,BZD,BBD,sell,1.00313
2019-03-20,CAD,BBD,buy,1.49165
2019-03-20,CAD,BBD,sell,1.52573
2019-03-20,EUR,BBD,buy,2.25681
2019-03-20,EUR,BBD,sell,2.30344
2019-03-20,GBP,BBD,buy,2.63781
2019-03-20,GBP,BBD,sell,2.69232
2019-03-20,GYD,BBD,buy,0.00944
2019-03-20,GYD,BBD,sell,0.0095
2019-03-20,USD,BBD,buy,1.99
2019-03-20,USD,BBD,sell,2.02768
2019-03-20,XCD,BBD,buy,0.73843
2019-03-20,XCD,BBD,sell,0.74306
2019-03-21,BZD,BBD,buy,0.99688
2019-03-21,BZD,BBD,sell,1.00313
2019-03-21,CAD,BBD,buy,1.49463
2019-03-21,CAD,BBD,sell,1.52878
2019-03-21,EUR,BBD,buy,2.2732
2019-03-21,EUR,BBD,sell,2.32018
2019-03-21,GBP,BBD,buy,2.62946
2019-03-21,GBP,BBD,sell,2.6838
2019-03-21,GYD,BBD,buy,0.00944
2019-03-21,GYD,BBD,sell,0.0095
2019-03-21,USD,BBD,buy,1.99
2019-03-21,USD,BBD,sell,2.02768
2019-03-21,XCD,BBD,buy,0.73843
2019-03-21,XCD,BBD,sell,0.74306
2019-03-22,BZD,BBD,buy,0.99688
2019-03-22,BZD,BBD,sell,1.00313
2019-03-22,CAD,BBD,buy,1.48411
2019-03-22,CAD,BBD,sell,1.51802
2019-03-22,EUR,BBD,buy,2.2573
2019-03-22,EUR,BBD,sell,2.30395
2019-03-22,GBP,BBD,buy,2.59766
2019-03-22,GBP,BBD,sell,2.65134
2019-03-22,GYD,BBD,buy,0.00944
2019-03-22,GYD,BBD,sell,0.0095
2019-03-22,USD,BBD,buy,1.99
2019-03-22,USD,BBD,sell,2.02768
2019-03-22,XCD,BBD,buy,0.73843
2019-03-22,XCD,BBD,sell,0.74306
2019-03-25,BZD,BBD,buy,0.99688
2019-03-25,BZD,BBD,sell,1.00313
2019-03-25,CAD,BBD,buy,1.48008
2019-03-25,CAD,BBD,sell,1.5139
2019-03-25,EUR,BBD,buy,2.24488
2019-03-25,EUR,BBD,sell,2.29127
2019-03-25,GBP,BBD,buy,2.6242
2019-03-25,GBP,BBD,sell,2.67842
2019-03-25,GYD,BBD,buy,0.00944
2019-03-25,GYD,BBD,sell,0.0095
2019-03-25,USD,BBD,buy,1.99
2019-03-25,USD,BBD,sell,2.02768
2019-03-25,XCD,BBD,buy,0.73843
2019-03-25,XCD,BBD,sell,0.74306
2019-03-26,BZD,BBD,buy,0.99688
2019-03-26,BZD,BBD,sell,1.00313
2019-03-26,CAD,BBD,buy,1.48008
2019-03-26,CAD,BBD,sell,1.5139
2019-03-26,EUR,BBD,buy,2.24975
2019-03-26,EUR,BBD,sell,2.29624
2019-03-26,GBP,BBD,buy,2.61962
2019-03-26,GBP,BBD,sell,2.67376
2019-03-26,GYD,BBD,buy,0.00944
2019-03-26,GYD,BBD,sell,0.0095
2019-03-26,USD,BBD,buy,1.99
2019-03-26,USD,BBD,sell,2.02768
2019-03-26,XCD,BBD,buy,0.73843
2019-03-26,XCD,BBD,sell,0.74306
2019-03-27,BZD,BBD,buy,0.99688
2019-03-27,BZD,BBD,sell,1.00313
2019-03-27,CAD,BBD,buy,1.48361
2019-03-27,CAD,BBD,sell,1.51751
2019-03-27,EUR,BBD,buy,2.2419
2019-03-27,EUR,BBD,sell,2.28823
2019-03-27,GBP,BBD,buy,2.62797
2019-03-27,GBP,BBD,sell,2.68228
2019-03-27,GYD,BBD,buy,0.00944
2019-03-27,GYD,BBD,sell,0.0095
2019-03-27,USD,BBD,buy,1.99
2019-03-27,USD,BBD,sell,2.02768
2019-03-27,XCD,BBD,buy,0.73843
2019-03-27,XCD,BBD,sell,0.74306
2019-03-28,BZD,BBD,buy,0.99688
2019-03-28,BZD,BBD,sell,1.00313
2019-03-28,CAD,BBD,buy,1.48107
2019-03-28,CAD,BBD,sell,1.51491
2019-03-28,EUR,BBD,buy,2.23822
2019-03-28,EUR,BBD,sell,2.28448
2019-03-28,GBP,BBD,buy,2.63304
2019-03-28,GBP,BBD,sell,2.68745
2019-03-28,GYD,BBD,buy,0.00944
2019-03-28,GYD,BBD,sell,0.0095
2019-03-28,USD,BBD,buy,1.99
2019-03-28,USD,BBD,sell,2.02768
2019-03-28,XCD,BBD,buy,0.73843
2019-03-28,XCD,BBD,sell,0.74306
2019-03-29,BZD,BBD,buy,0.99688
2019-03-29,BZD,BBD,sell,1.00313
2019-03-29,CAD,BBD,buy,1.47654
2019-03-29,CAD,BBD,sell,1.51028
2019-03-29,EUR,BBD,buy,2.23196
2019-03-29,EUR,BBD,sell,2.27809
2019-03-29,GBP,BBD,buy,2.59349
2019-03-29,GBP,BBD,sell,2.64708
2019-03-29,GYD,BBD,buy,0.00944
2019-03-29,GYD,BBD,sell,0.0095
2019-03-29,USD,BBD,buy,1.99
2019-03-29,USD,BBD,sell,2.02768
2019-03-29,XCD,BBD,buy,0.73843
2019-03-29,XCD,BBD,sell,0.74306
2019-04-01,BZD,BBD,buy,0.99688
2019-04-01,BZD,BBD,sell,1.00313
2019-04-01,CAD,BBD,buy,1.48645
2019-04-01,CAD,BBD,sell,1.52041
2019-04-01,EUR,BBD,buy,2.22908
2019-04-01,EUR,BBD,sell,2.27514
2019-04-01,GBP,BBD,buy,2.58564
2019-04-01,GBP,BBD,sell,2.63907
2019-04-01,GYD,BBD,buy,0.00944
2019-04-01,GYD,BBD,sell,0.0095
2019-04-01,USD,BBD,buy,1.99
2019-04-01,USD,BBD,sell,2.02768
2019-04-01,XCD,BBD,buy,0.73843
2019-04-01,XCD,BBD,sell,0.74306
2019-04-02,BZD,BBD,buy,0.99688
2019-04-02,BZD,BBD,sell,1.00313
2019-04-02,CAD,BBD,buy,1.49169
2019-04-02,CAD,BBD,sell,1.52577
2019-04-02,EUR,BBD,buy,2.22769
2019-04-02,EUR,BBD,sell,2.27372
2019-04-02,GBP,BBD,buy,2.6079
2019-04-02,GBP,BBD,sell,2.66179
2019-04-02,GYD,BBD,buy,0.00944
2019-04-02,GYD,BBD,sell,0.0095
2019-04-02,USD,BBD,buy,1.99
2019-04-02,USD,BBD,sell,2.02768
2019-04-02,XCD,BBD,buy,0.73843
2019-04-02,XCD,BBD,sell,0.74306
2019-04-03,BZD,BBD,buy,0.99688
2019-04-03,BZD,BBD,sell,1.00313
2019-04-03,CAD,BBD,buy,1.48629
2019-04-03,CAD,BBD,sell,1.52025
2019-04-03,EUR,BBD,buy,2.22451
2019-04-03,EUR,BBD,sell,2.27048
2019-04-03,GBP,BBD,buy,2.60531
2019-04-03,GBP,BBD,sell,2.65915
2019-04-03,GYD,BBD,buy,0.00944
2019-04-03,GYD,BBD,sell,0.0095
2019-04-03,USD,BBD,buy,1.99
2019-04-03,USD,BBD,sell,2.02768
2019-04-03,XCD,BBD,buy,0.73843
2019-04-03,XCD,BBD,sell,0.74306
2019-04-04,BZD,BBD,buy,0.99688
2019-04-04,BZD,BBD,sell,1.00313
2019-04-04,CAD,BBD,buy,1.48873
2019-04-04,CAD,BBD,sell,1.52275
2019-04-04,EUR,BBD,buy,2.23445
2019-04-04,EUR,BBD,sell,2.28062
2019-04-04,GBP,BBD,buy,2.61684
2019-04-04,GBP,BBD,sell,2.67092
2019-04-04,GYD,BBD,buy,0.00944
2019-04-04,GYD,BBD,sell,0.0095
2019-04-04,USD,BBD,buy,1.99
2019-04-04,USD,BBD,sell,2.02768
2019-04-04,XCD,BBD,buy,0.73843
2019-04-04,XCD,BBD,sell,0.74306
2019-04-05,BZD,BBD,buy,0.99688
2019-04-05,BZD,BBD,sell,1.00313
2019-04-05,CAD,BBD,buy,1.48661
2019-04-05,CAD,BBD,sell,1.52058
2019-04-05,EUR,BBD,buy,2.22968
2019-04-05,EUR,BBD,sell,2.27575
2019-04-05,GBP,BBD,buy,2.59727
2019-04-05,GBP,BBD,sell,2.65094
2019-04-05,GYD,BBD,buy,0.00944
2019-04-05,GYD,BBD,sell,0.0095
2019-04-05,USD,BBD,buy,1.99
2019-04-05,USD,BBD,sell,2.02768
2019-04-05,XCD,BBD,buy,0.73843
2019-04-05,XCD,BBD,sell,0.74306
2019-04-08,BZD,BBD,buy,0.99688
2019-04-08,BZD,BBD,sell,1.00313
2019-04-08,CAD,BBD,buy,1.48268
2019-04-08,CAD,BBD,sell,1.51656
2019-04-08,EUR,BBD,buy,2.22948
2019-04-08,EUR,BBD,sell,2.27555
2019-04-08,GBP,BBD,buy,2.58912
2019-04-08,GBP,BBD,sell,2.64262
2019-04-08,GYD,BBD,buy,0.00944
2019-04-08,GYD,BBD,sell,0.0095
2019-04-08,USD,BBD,buy,1.99
2019-04-08,USD,BBD,sell,2.02768
2019-04-08,XCD,BBD,buy,0.73843
2019-04-08,XCD,BBD,sell,0.74306
2019-04-09,BZD,BBD,buy,0.99688
2019-04-09,BZD,BBD,sell,1.00313
2019-04-09,CAD,BBD,buy,1.49125
2019-04-09,CAD,BBD,sell,1.52533
2019-04-09,EUR,BBD,buy,2.23793
2019-04-09,EUR,BBD,sell,2.28417
2019-04-09,GBP,BBD,buy,2.59697
2019-04-09,GBP,BBD,sell,2.65063
2019-04-09,GYD,BBD,buy,0.00944
2019-04-09,GYD,BBD,sell,0.0095
2019-04-09,USD,BBD,buy,1.99
2019-04-09,USD,BBD,sell,2.02768
2019-04-09,XCD,BBD,buy,0.73843
2019-04-09,XCD,BBD,sell,0.74306
2019-04-10,BZD,BBD,buy,0.99688
2019-04-10,BZD,BBD,sell,1.00313
2019-04-10,CAD,BBD,buy,1.48968
2019-04-10,CAD,BBD,sell,1.52372
2019-04-10,EUR,BBD,buy,2.23922
2019-04-10,EUR,BBD,sell,2.28549
2019-04-10,GBP,BBD,buy,2.5912
2019-04-10,GBP,BBD,sell,2.64475
2019-04-10,GYD,BBD,buy,0.00944
2019-04-10,GYD,BBD,sell,0.0095
2019-04-10,USD,BBD,buy,1.99
2019-04-10,USD,BBD,sell,2.02768
2019-04-10,XCD,BBD,buy,0.73843
2019-04-10,XCD,BBD,sell,0.74306
2019-04-11,BZD,BBD,buy,0.99688
2019-04-11,BZD,BBD,sell,1.00313
2019-04-11,CAD,BBD,buy,1.49052
2019-04-11,CAD,BBD,sell,1.52457
2019-04-11,EUR,BBD,buy,2.24021
2019-04-11,EUR,BBD,sell,2.2865
2019-04-11,GBP,BBD,buy,2.60154
2019-04-11,GBP,BBD,sell,2.6553
2019-04-11,GYD,BBD,buy,0.00944
2019-04-11,GYD,BBD,sell,0.0095
2019-04-11,USD,BBD,buy,1.99
2019-04-11,USD,BBD,sell,2.02768
2019-04-11,XCD,BBD,buy,0.73843
2019-04-11,XCD,BBD,sell,0.74306
2019-04-12,BZD,BBD,buy,0.99688
2019-04-12,BZD,BBD,sell,1.00313
2019-04-12,CAD,BBD,buy,1.48317
2019-04-12,CAD,BBD,sell,1.51706
2019-04-12,EUR,BBD,buy,2.23693
2019-04-12,EUR,BBD,sell,2.28316
2019-04-12,GBP,BBD,buy,2.59438
2019-04-12,GBP,BBD,sell,2.648
2019-04-12,GYD,BBD,buy,0.00944
2019-04-12,GYD,BBD,sell,0.0095
2019-04-12,USD,BBD,buy,1.99
2019-04-12,USD,BBD,sell,2.02768
2019-04-12,XCD,BBD,buy,0.73843
2019-04-12,XCD,BBD,sell,0.74306
2019-04-15,BZD,BBD,buy,0.99688
2019-04-15,BZD,BBD,sell,1.00313
2019-04-15,CAD,BBD,buy,1.48885
2019-04-15,CAD,BBD,sell,1.52287
2019-04-15,EUR,BBD,buy,2.24568
2019-04-15,EUR,BBD,sell,2.29208
2019-04-15,GBP,BBD,buy,2.59915
2019-04-15,GBP,BBD,sell,2.65286
2019-04-15,GYD,BBD,buy,0.00944
2019-04-15,GYD,BBD,sell,0.0095
2019-04-15,USD,BBD,buy,1.99
2019-04-15,USD,BBD,sell,2.02768
2019-04-15,XCD,BBD,buy,0.73843
2019-04-15,XCD,BBD,sell,0.74306
2019-04-16,BZD,BBD,buy,0.99688
2019-04-16,BZD,BBD,sell,1.00313
2019-04-16,CAD,BBD,buy,1.48383
2019-04-16,CAD,BBD,sell,1.51773
2019-04-16,EUR,BBD,buy,2.24647
2019-04-16,EUR,BBD,sell,2.29289
2019-04-16,GBP,BBD,buy,2.60313
2019-04-16,GBP,BBD,sell,2.65692
2019-04-16,GYD,BBD,buy,0.00944
2019-04-16,GYD,BBD,sell,0.0095
2019-04-16,USD,BBD,buy,1.99
2019-04-16,USD,BBD,sell,2.02768
2019-04-16,XCD,BBD,buy,0.73843
2019-04-16,XCD,BBD,sell,0.74306
2019-04-17,BZD,BBD,buy,0.99688
2019-04-17,BZD,BBD,sell,1.00313
2019-04-17,CAD,BBD,buy,1.48629
2019-04-17,CAD,BBD,sell,1.52025
2019-04-17,EUR,BBD,buy,2.24379
2019-04-17,EUR,BBD,sell,2.29016
2019-04-17,GBP,BBD,buy,2.59508
2019-04-17,GBP,BBD,sell,2.64871
2019-04-17,GYD,BBD,buy,0.00944
2019-04-17,GYD,BBD,sell,0.0095
2019-04-17,USD,BBD,buy,1.99
2019-04-17,USD,BBD,sell,2.02768
2019-04-17,XCD,BBD,buy,0.73843
2019-04-17,XCD,BBD,sell,0.74306
2019-04-18,BZD,BBD,buy,0.99688
2019-04-18,BZD,BBD,sell,1.00313
2019-04-18,CAD,BBD,buy,1.48716
2019-04-18,CAD,BBD,sell,1.52114
2019-04-18,EUR,BBD,buy,2.24508
2019-04-18,EUR,BBD,sell,2.29147
2019-04-18,GBP,BBD,buy,2.59081
2019-04-18,GBP,BBD,sell,2.64434
2019-04-18,GYD,BBD,buy,0.00944
2019-04-18,GYD,BBD,sell,0.0095
2019-04-18,USD,BBD,buy,1.99
2019-04-18,USD,BBD,sell,2.02768
2019-04-18,XCD,BBD,buy,0.73843
2019-04-18,XCD,BBD,sell,0.74306
2019-04-23,BZD,BBD,buy,0.99688
2019-04-23,BZD,BBD,sell,1.00313
2019-04-23,CAD,BBD,buy,1.48428
2019-04-23,CAD,BBD,sell,1.5182
2019-04-23,EUR,BBD,buy,2.23584
2019-04-23,EUR,BBD,sell,2.28204
2019-04-23,GBP,BBD,buy,2.58484
2019-04-23,GBP,BBD,sell,2.63826
2019-04-23,GYD,BBD,buy,0.00944
2019-04-23,GYD,BBD,sell,0.0095
2019-04-23,USD,BBD,buy,1.99
2019-04-23,USD,BBD,sell,2.02768
2019-04-23,XCD,BBD,buy,0.73843
2019-04-23,XCD,BBD,sell,0.74306
2019-04-24,BZD,BBD,buy,0.99688
2019-04-24,BZD,BBD,sell,1.00313
2019-04-24,CAD,BBD,buy,1.47666
2019-04-24,CAD,BBD,sell,1.5104
2019-04-24,EUR,BBD,buy,2.22888
2019-04-24,EUR,BBD,sell,2.27494
2019-04-24,GBP,BBD,buy,2.57153
2019-04-24,GBP,BBD,sell,2.62467
2019-04-24,GYD,BBD,buy,0.00944
2019-04-24,GYD,BBD,sell,0.0095
2019-04-24,USD,BBD,buy,1.99
2019-04-24,USD,BBD,sell,2.02768
2019-04-24,XCD,BBD,buy,0.73843
2019-04-24,XCD,BBD,sell,0.74306
2019-04-25,BZD,BBD,buy,0.99688
2019-04-25,BZD,BBD,sell,1.00313
2019-04-25,CAD,BBD,buy,1.4714
2019-04-25,CAD,BBD,sell,1.50502
2019-04-25,EUR,BBD,buy,2.21477
2019-04-25,EUR,BBD,sell,2.26054
2019-04-25,GBP,BBD,buy,2.56268
2019-04-25,GBP,BBD,sell,2.61564
2019-04-25,GYD,BBD,buy,0.00944
2019-04-25,GYD,BBD,sell,0.0095
2019-04-25,USD,BBD,buy,1.99
2019-04-25,USD,BBD,sell,2.02768
2019-04-25,XCD,BBD,buy,0.73843
2019-04-25,XCD,BBD,sell,0.74306
2019-04-26,BZD,BBD,buy,0.99688
2019-04-26,BZD,BBD,sell,1.00313
2019-04-26,CAD,BBD,buy,1.4714
2019-04-26,CAD,BBD,sell,1.50502
2019-04-26,EUR,BBD,buy,2.21179
2019-04-26,EUR,BBD,sell,2.2575
2019-04-26,GBP,BBD,buy,2.56199
2019-04-26,GBP,BBD,sell,2.61493
2019-04-26,GYD,BBD,buy,0.00944
2019-04-26,GYD,BBD,sell,0.0095
2019-04-26,USD,BBD,buy,1.99
2019-04-26,USD,BBD,sell,2.02768
2019-04-26,XCD,BBD,buy,0.73843
2019-04-26,XCD,BBD,sell,0.74306
2019-04-30,BZD,BBD,buy,0.99688
2019-04-30,BZD,BBD,sell,1.00313
2019-04-30,CAD,BBD,buy,1.47787
2019-04-30,CAD,BBD,sell,1.51164
2019-04-30,EUR,BBD,buy,2.22968
2019-04-30,EUR,BBD,sell,2.27575
2019-04-30,GBP,BBD,buy,2.58623
2019-04-30,GBP,BBD,sell,2.63968
2019-04-30,GYD,BBD,buy,0.00944
2019-04-30,GYD,BBD,sell,0.0095
2019-04-30,USD,BBD,buy,1.99
2019-04-30,USD,BBD,sell,2.02768
2019-04-30,XCD,BBD,buy,0.73843
2019-04-30,XCD,BBD,sell,0.74306
2019-05-02,BZD,BBD,buy,0.99688
2019-05-02,BZD,BBD,sell,1.00313
2019-05-02,CAD,BBD,buy,1.47753
2019-05-02,CAD,BBD,sell,1.5113
2019-05-02,EUR,BBD,buy,2.22719
2019-05-02,EUR,BBD,sell,2.27322
2019-05-02,GBP,BBD,buy,2.59379
2019-05-02,GBP,BBD,sell,2.64739
2019-05-02,GYD,BBD,buy,0.00944
2019-05-02,GYD,BBD,sell,0.0095
2019-05-02,USD,BBD,buy,1.99
2019-05-02,USD,BBD,sell,2.02768
2019-05-02,XCD,BBD,buy,0.73843
2019-05-02,XCD,BBD,sell,0.74306
2019-05-03,BZD,BBD,buy,0.99688
2019-05-03,BZD,BBD,sell,1.00313
2019-05-03,CAD,BBD,buy,1.47424
2019-05-03,CAD,BBD,sell,1.50793
2019-05-03,EUR,BBD,buy,2.22103
2019-05-03,EUR,BBD,sell,2.26693
2019-05-03,GBP,BBD,buy,2.58902
2019-05-03,GBP,BBD,sell,2.64252
2019-05-03,GYD,BBD,buy,0.00944
2019-05-03,GYD,BBD,sell,0.0095
2019-05-03,USD,BBD,buy,1.99
2019-05-03,USD,BBD,sell,2.02768
2019-05-03,XCD,BBD,buy,0.73843
2019-05-03,XCD,BBD,sell,0.74306
2019-05-06,BZD,BBD,buy,0.99688
2019-05-06,BZD,BBD,sell,1.00313
2019-05-06,CAD,BBD,buy,1.47819
2019-05-06,CAD,BBD,sell,1.51197
2019-05-06,EUR,BBD,buy,2.2255
2019-05-06,EUR,BBD,sell,2.27149
2019-05-06,GBP,BBD,buy,2.61684
2019-05-06,GBP,BBD,sell,2.67092
2019-05-06,GYD,BBD,buy,0.00944
2019-05-06,GYD,BBD,sell,0.0095
2019-05-06,USD,BBD,buy,1.99
2019-05-06,USD,BBD,sell,2.02768
2019-05-06,XCD,BBD,buy,0.73843
2019-05-06,XCD,BBD,sell,0.74306
2019-05-07,BZD,BBD,buy,0.99688
2019-05-07,BZD,BBD,sell,1.00313
2019-05-07,CAD,BBD,buy,1.477
2019-05-07,CAD,BBD,sell,1.51075
2019-05-07,EUR,BBD,buy,2.22689
2019-05-07,EUR,BBD,sell,2.27291
2019-05-07,GBP,BBD,buy,2.60392
2019-05-07,GBP,BBD,sell,2.65773
2019-05-07,GYD,BBD,buy,0.00945
2019-05-07,GYD,BBD,sell,0.00951
2019-05-07,USD,BBD,buy,1.99
2019-05-07,USD,BBD,sell,2.02768
2019-05-07,XCD,BBD,buy,0.73843
2019-05-07,XCD,BBD,sell,0.74306
2019-05-08,BZD,BBD,buy,0.99688
2019-05-08,BZD,BBD,sell,1.00313
2019-05-08,CAD,BBD,buy,1.47162
2019-05-08,CAD,BBD,sell,1.50525
2019-05-08,EUR,BBD,buy,2.22123
2019-05-08,EUR,BBD,sell,2.26713
2019-05-08,GBP,BBD,buy,2.59488
2019-05-08,GBP,BBD,sell,2.6485
2019-05-08,GYD,BBD,buy,0.00945
2019-05-08,GYD,BBD,sell,0.00951
2019-05-08,USD,BBD,buy,1.99
2019-05-08,USD,BBD,sell,2.02768
2019-05-08,XCD,BBD,buy,0.73843
2019-05-08,XCD,BBD,sell,0.74306
2019-05-09,BZD,BBD,buy,0.99688
2019-05-09,BZD,BBD,sell,1.00313
2019-05-09,CAD,BBD,buy,1.47337
2019-05-09,CAD,BBD,sell,1.50703
2019-05-09,EUR,BBD,buy,2.22421
2019-05-09,EUR,BBD,sell,2.27017
2019-05-09,GBP,BBD,buy,2.58564
2019-05-09,GBP,BBD,sell,2.63907
2019-05-09,GYD,BBD,buy,0.00945
2019-05-09,GYD,BBD,sell,0.00951
2019-05-09,USD,BBD,buy,1.99
2019-05-09,USD,BBD,sell,2.02768
2019-05-09,XCD,BBD,buy,0.73843
2019-05-09,XCD,BBD,sell,0.74306
2019-05-10,BZD,BBD,buy,0.99688
2019-05-10,BZD,BBD,sell,1.00313
2019-05-10,CAD,BBD,buy,1.47392
2019-05-10,CAD,BBD,sell,1.5076
2019-05-10,EUR,BBD,buy,2.23057
2019-05-10,EUR,BBD,sell,2.27667
2019-05-10,GBP,BBD,buy,2.58922
2019-05-10,GBP,BBD,sell,2.64272
2019-05-10,GYD,BBD,buy,0.00945
2019-05-10,GYD,BBD,sell,0.00951
2019-05-10,USD,BBD,buy,1.99
2019-05-10,USD,BBD,sell,2.02768
2019-05-10,XCD,BBD,buy,0.73843
2019-05-10,XCD,BBD,sell,0.74306
2019-05-13,BZD,BBD,buy,0.99688
2019-05-13,BZD,BBD,sell,1.00313
2019-05-13,CAD,BBD,buy,1.47964
2019-05-13,CAD,BBD,sell,1.51345
2019-05-13,EUR,BBD,buy,2.23266
2019-05-13,EUR,BBD,sell,2.2788
2019-05-13,GBP,BBD,buy,2.58623
2019-05-13,GBP,BBD,sell,2.63968
2019-05-13,GYD,BBD,buy,0.00945
2019-05-13,GYD,BBD,sell,0.00951
2019-05-13,USD,BBD,buy,1.99
2019-05-13,USD,BBD,sell,2.02768
2019-05-13,XCD,BBD,buy,0.73843
2019-05-13,XCD,BBD,sell,0.74306
2019-05-14,BZD,BBD,buy,0.99688
2019-05-14,BZD,BBD,sell,1.00313
2019-05-14,CAD,BBD,buy,1.47392
2019-05-14,CAD,BBD,sell,1.5076
2019-05-14,EUR,BBD,buy,2.23276
2019-05-14,EUR,BBD,sell,2.2789
2019-05-14,GBP,BBD,buy,2.57689
2019-05-14,GBP,BBD,sell,2.63014
2019-05-14,GYD,BBD,buy,0.00945
2019-05-14,GYD,BBD,sell,0.00951
2019-05-14,USD,BBD,buy,1.99
2019-05-14,USD,BBD,sell,2.02768
2019-05-14,XCD,BBD,buy,0.73843
2019-05-14,XCD,BBD,sell,0.74306
2019-05-15,BZD,BBD,buy,0.99688
2019-05-15,BZD,BBD,sell,1.00313
2019-05-15,CAD,BBD,buy,1.47468
2019-05-15,CAD,BBD,sell,1.50837
2019-05-15,EUR,BBD,buy,2.22839
2019-05-15,EUR,BBD,sell,2.27443
2019-05-15,GBP,BBD,buy,2.56517
2019-05-15,GBP,BBD,sell,2.61818
2019-05-15,GYD,BBD,buy,0.00945
2019-05-15,GYD,BBD,sell,0.00951
2019-05-15,USD,BBD,buy,1.99
2019-05-15,USD,BBD,sell,2.02768
2019-05-15,XCD,BBD,buy,0.73843
2019-05-15,XCD,BBD,sell,0.74306
2019-05-16,BZD,BBD,buy,0.99688
2019-05-16,BZD,BBD,sell,1.00313
2019-05-16,CAD,BBD,buy,1.47753
2019-05-16,CAD,BBD,sell,1.5113
2019-05-16,EUR,BBD,buy,2.2268
2019-05-16,EUR,BBD,sell,2.27281
2019-05-16,GBP,BBD,buy,2.55404
2019-05-16,GBP,BBD,sell,2.60682
2019-05-16,GYD,BBD,buy,0.00945
2019-05-16,GYD,BBD,sell,0.00951
2019-05-16,USD,BBD,buy,1.99
2019-05-16,USD,BBD,sell,2.02768
2019-05-16,XCD,BBD,buy,0.73843
2019-05-16,XCD,BBD,sell,0.74306
2019-05-17,BZD,BBD,buy,0.99688
2019-05-17,BZD,BBD,sell,1.00313
2019-05-17,CAD,BBD,buy,1.47414
2019-05-17,CAD,BBD,sell,1.50782
2019-05-17,EUR,BBD,buy,2.22123
2019-05-17,EUR,BBD,sell,2.26713
2019-05-17,GBP,BBD,buy,2.5437
2019-05-17,GBP,BBD,sell,2.59627
2019-05-17,GYD,BBD,buy,0.00945
2019-05-17,GYD,BBD,sell,0.00951
2019-05-17,USD,BBD,buy,1.99
2019-05-17,USD,BBD,sell,2.02768
2019-05-17,XCD,BBD,buy,0.73843
2019-05-17,XCD,BBD,sell,0.74306
2019-05-20,BZD,BBD,buy,0.99688
2019-05-20,BZD,BBD,sell,1.00313
2019-05-20,CAD,BBD,buy,1.47666
2019-05-20,CAD,BBD,sell,1.5104
2019-05-20,EUR,BBD,buy,2.21845
2019-05-20,EUR,BBD,sell,2.26429
2019-05-20,GBP,BBD,buy,2.52999
2019-05-20,GBP,BBD,sell,2.58227
2019-05-20,GYD,BBD,buy,0.00945
2019-05-20,GYD,BBD,sell,0.00951
2019-05-20,USD,BBD,buy,1.99
2019-05-20,USD,BBD,sell,2.02768
2019-05-20,XCD,BBD,buy,0.73843
2019-05-20,XCD,BBD,sell,0.74306
2019-05-21,BZD,BBD,buy,0.99688
2019-05-21,BZD,BBD,sell,1.00313
2019-05-21,CAD,BBD,buy,1.47753
2019-05-21,CAD,BBD,sell,1.5113
2019-05-21,EUR,BBD,buy,2.21934
2019-05-21,EUR,BBD,sell,2.2652
2019-05-21,GBP,BBD,buy,2.52919
2019-05-21,GBP,BBD,sell,2.58146
2019-05-21,GYD,BBD,buy,0.00945
2019-05-21,GYD,BBD,sell,0.00951
2019-05-21,USD,BBD,buy,1.99
2019-05-21,USD,BBD,sell,2.02768
2019-05-21,XCD,BBD,buy,0.73843
2019-05-21,XCD,BBD,sell,0.74306
2019-05-22,BZD,BBD,buy,0.99688
2019-05-22,BZD,BBD,sell,1.00313
2019-05-22,CAD,BBD,buy,1.48073
2019-05-22,CAD,BBD,sell,1.51457
2019-05-22,EUR,BBD,buy,2.21765
2019-05-22,EUR,BBD,sell,2.26348
2019-05-22,GBP,BBD,buy,2.52522
2019-05-22,GBP,BBD,sell,2.5774
2019-05-22,GYD,BBD,buy,0.00945
2019-05-22,GYD,BBD,sell,0.00951
2019-05-22,USD,BBD,buy,1.99
2019-05-22,USD,BBD,sell,2.02768
2019-05-22,XCD,BBD,buy,0.73843
2019-05-22,XCD,BBD,sell,0.74306
2019-05-23,BZD,BBD,buy,0.99688
2019-05-23,BZD,BBD,sell,1.00313
2019-05-23,CAD,BBD,buy,1.47809
2019-05-23,CAD,BBD,sell,1.51186
2019-05-23,EUR,BBD,buy,2.21835
2019-05-23,EUR,BBD,sell,2.26419
2019-05-23,GBP,BBD,buy,2.51806
2019-05-23,GBP,BBD,sell,2.5701
2019-05-23,GYD,BBD,buy,0.00945
2019-05-23,GYD,BBD,sell,0.00951
2019-05-23,USD,BBD,buy,1.99
2019-05-23,USD,BBD,sell,2.02768
2019-05-23,XCD,BBD,buy,0.73843
2019-05-23,XCD,BBD,sell,0.74306
2019-05-24,BZD,BBD,buy,0.99688
2019-05-24,BZD,BBD,sell,1.00313
2019-05-24,CAD,BBD,buy,1.47206
2019-05-24,CAD,BBD,sell,1.50569
2019-05-24,EUR,BBD,buy,2.22272
2019-05-24,EUR,BBD,sell,2.26865
2019-05-24,GBP,BBD,buy,2.51568
2019-05-24,GBP,BBD,sell,2.56766
2019-05-24,GYD,BBD,buy,0.00945
2019-05-24,GYD,BBD,sell,0.00951
2019-05-24,USD,BBD,buy,1.99
2019-05-24,USD,BBD,sell,2.02768
2019-05-24,XCD,BBD,buy,0.73843
2019-05-24,XCD,BBD,sell,0.74306
2019-05-27,BZD,BBD,buy,0.99688
2019-05-27,BZD,BBD,sell,1.00313
2019-05-27,CAD,BBD,buy,1.477
2019-05-27,CAD,BBD,sell,1.51075
2019-05-27,EUR,BBD,buy,2.22749
2019-05-27,EUR,BBD,sell,2.27352
2019-05-27,GBP,BBD,buy,2.52651
2019-05-27,GBP,BBD,sell,2.57872
2019-05-27,GYD,BBD,buy,0.00945
2019-05-27,GYD,BBD,sell,0.00951
2019-05-27,USD,BBD,buy,1.99
2019-05-27,USD,BBD,sell,2.02768
2019-05-27,XCD,BBD,buy,0.73843
2019-05-27,XCD,BBD,sell,0.74306
2019-05-28,BZD,BBD,buy,0.99688
2019-05-28,BZD,BBD,sell,1.00313
2019-05-28,CAD,BBD,buy,1.4765
2019-05-28,CAD,BBD,sell,1.51024
2019-05-28,EUR,BBD,buy,2.22411
2019-05-28,EUR,BBD,sell,2.27007
2019-05-28,GBP,BBD,buy,2.51985
2019-05-28,GBP,BBD,sell,2.57192
2019-05-28,GYD,BBD,buy,0.00945
2019-05-28,GYD,BBD,sell,0.00951
2019-05-28,USD,BBD,buy,1.99
2019-05-28,USD,BBD,sell,2.02768
2019-05-28,XCD,BBD,buy,0.73843
2019-05-28,XCD,BBD,sell,0.74306
2019-05-29,BZD,BBD,buy,0.99688
2019-05-29,BZD,BBD,sell,1.00313
2019-05-29,CAD,BBD,buy,1.47184
2019-05-29,CAD,BBD,sell,1.50547
2019-05-29,EUR,BBD,buy,2.21984
2019-05-29,EUR,BBD,sell,2.26571
2019-05-29,GBP,BBD,buy,2.51647
2019-05-29,GBP,BBD,sell,2.56848
2019-05-29,GYD,BBD,buy,0.00945
2019-05-29,GYD,BBD,sell,0.00951
2019-05-29,USD,BBD,buy,1.99
2019-05-29,USD,BBD,sell,2.02768
2019-05-29,XCD,BBD,buy,0.73843
2019-05-29,XCD,BBD,sell,0.74306
2019-05-30,BZD,BBD,buy,0.99688
2019-05-30,BZD,BBD,sell,1.00313
2019-05-30,CAD,BBD,buy,1.46858
2019-05-30,CAD,BBD,sell,1.50214
2019-05-30,EUR,BBD,buy,2.21328
2019-05-30,EUR,BBD,sell,2.25902
2019-05-30,GBP,BBD,buy,2.50972
2019-05-30,GBP,BBD,sell,2.56158
2019-05-30,GYD,BBD,buy,0.00945
2019-05-30,GYD,BBD,sell,0.00951
2019-05-30,USD,BBD,buy,1.99
2019-05-30,USD,BBD,sell,2.02768
2019-05-30,XCD,BBD,buy,0.73843
2019-05-30,XCD,BBD,sell,0.74306
2019-05-31,BZD,BBD,buy,0.99688
2019-05-31,BZD,BBD,sell,1.00313
2019-05-31,CAD,BBD,buy,1.46918
2019-05-31,CAD,BBD,sell,1.50275
2019-05-31,EUR,BBD,buy,2.21338
2019-05-31,EUR,BBD,sell,2.25912
2019-05-31,GBP,BBD,buy,2.50634
2019-05-31,GBP,BBD,sell,2.55813
2019-05-31,GYD,BBD,buy,0.00945
2019-05-31,GYD,BBD,sell,0.00951
2019-05-31,USD,BBD,buy,1.99
2019-05-31,USD,BBD,sell,2.02768
2019-05-31,XCD,BBD,buy,0.73843
2019-05-31,XCD,BBD,sell,0.74306
2019-06-03,BZD,BBD,buy,0.99688
2019-06-03,BZD,BBD,sell,1.00313
2019-06-03,CAD,BBD,buy,1.46684
2019-06-03,CAD,BBD,sell,1.50035
2019-06-03,EUR,BBD,buy,2.21944
2019-06-03,EUR,BBD,sell,2.26531
2019-06-03,GBP,BBD,buy,2.51041
2019-06-03,GBP,BBD,sell,2.56229
2019-06-03,GYD,BBD,buy,0.00945
2019-06-03,GYD,BBD,sell,0.00951
2019-06-03,USD,BBD,buy,1.99
2019-06-03,USD,BBD,sell,2.02768
2019-06-03,XCD,BBD,buy,0.73843
2019-06-03,XCD,BBD,sell,0.74306
2019-06-04,BZD,BBD,buy,0.99688
2019-06-04,BZD,BBD,sell,1.00313
2019-06-04,CAD,BBD,buy,1.47722
2019-06-04,CAD,BBD,sell,1.51097
2019-06-04,EUR,BBD,buy,2.23683
2019-06-04,EUR,BBD,sell,2.28306
2019-06-04,GBP,BBD,buy,2.51707
2019-06-04,GBP,BBD,sell,2.56908
2019-06-04,GYD,BBD,buy,0.00945
2019-06-04,GYD,BBD,sell,0.00951
2019-06-04,USD,BBD,buy,1.99
2019-06-04,USD,BBD,sell,2.02768
2019-06-04,XCD,BBD,buy,0.73843
2019-06-04,XCD,BBD,sell,0.74306
2019-06-05,BZD,BBD,buy,0.99688
2019-06-05,BZD,BBD,sell,1.00313
2019-06-05,CAD,BBD,buy,1.48222
2019-06-05,CAD,BBD,sell,1.51609
2019-06-05,EUR,BBD,buy,2.23802
2019-06-05,EUR,BBD,sell,2.28427
2019-06-05,GBP,BBD,buy,2.52601
2019-06-05,GBP,BBD,sell,2.57821
2019-06-05,GYD,BBD,buy,0.00945
2019-06-05,GYD,BBD,sell,0.00951
2019-06-05,USD,BBD,buy,1.99
2019-06-05,USD,BBD,sell,2.02768
2019-06-05,XCD,BBD,buy,0.73843
2019-06-05,XCD,BBD,sell,0.74306
2019-06-06,BZD,BBD,buy,0.99688
2019-06-06,BZD,BBD,sell,1.00313
2019-06-06,CAD,BBD,buy,1.47908
2019-06-06,CAD,BBD,sell,1.51288
2019-06-06,EUR,BBD,buy,2.23176
2019-06-06,EUR,BBD,sell,2.27788
2019-06-06,GBP,BBD,buy,2.52303
2019-06-06,GBP,BBD,sell,2.57517
2019-06-06,GYD,BBD,buy,0.00945
2019-06-06,GYD,BBD,sell,0.00951
2019-06-06,USD,BBD,buy,1.99
2019-06-06,USD,BBD,sell,2.02768
2019-06-06,XCD,BBD,buy,0.73843
2019-06-06,XCD,BBD,sell,0.74306
2019-06-07,BZD,BBD,buy,0.99688
2019-06-07,BZD,BBD,sell,1.00313
2019-06-07,CAD,BBD,buy,1.48428
2019-06-07,CAD,BBD,sell,1.5182
2019-06-07,EUR,BBD,buy,2.23981
2019-06-07,EUR,BBD,sell,2.2861
2019-06-07,GBP,BBD,buy,2.52154
2019-06-07,GBP,BBD,sell,2.57365
2019-06-07,GYD,BBD,buy,0.00945
2019-06-07,GYD,BBD,sell,0.00951
2019-06-07,USD,BBD,buy,1.99
2019-06-07,USD,BBD,sell,2.02768
2019-06-07,XCD,BBD,buy,0.73843
2019-06-07,XCD,BBD,sell,0.74306
2019-06-11,BZD,BBD,buy,0.99688
2019-06-11,BZD,BBD,sell,1.00313
2019-06-11,CAD,BBD,buy,1.49727
2019-06-11,CAD,BBD,sell,1.53148
2019-06-11,EUR,BBD,buy,2.24846
2019-06-11,EUR,BBD,sell,2.29492
2019-06-11,GBP,BBD,buy,2.52393
2019-06-11,GBP,BBD,sell,2.57608
2019-06-11,GYD,BBD,buy,0.00945
2019-06-11,GYD,BBD,sell,0.00951
2019-06-11,USD,BBD,buy,1.99
2019-06-11,USD,BBD,sell,2.02768
2019-06-11,XCD,BBD,buy,0.73843
2019-06-11,XCD,BBD,sell,0.74306
2019-06-12,BZD,BBD,buy,0.99688
2019-06-12,BZD,BBD,sell,1.00313
2019-06-12,CAD,BBD,buy,1.49445
2019-06-12,CAD,BBD,sell,1.5286
2019-06-12,EUR,BBD,buy,2.25273
2019-06-12,EUR,BBD,sell,2.29928
2019-06-12,GBP,BBD,buy,2.52919
2019-06-12,GBP,BBD,sell,2.58146
2019-06-12,GYD,BBD,buy,0.00945
2019-06-12,GYD,BBD,sell,0.00951
2019-06-12,USD,BBD,buy,1.99
2019-06-12,USD,BBD,sell,2.02768
2019-06-12,XCD,BBD,buy,0.73843
2019-06-12,XCD,BBD,sell,0.74306
2019-06-13,BZD,BBD,buy,0.99688
2019-06-13,BZD,BBD,sell,1.00313
2019-06-13,CAD,BBD,buy,1.48929
2019-06-13,CAD,BBD,sell,1.52332
2019-06-13,EUR,BBD,buy,2.24299
2019-06-13,EUR,BBD,sell,2.28934
2019-06-13,GBP,BBD,buy,2.52184
2019-06-13,GBP,BBD,sell,2.57395
2019-06-13,GYD,BBD,buy,0.00945
2019-06-13,GYD,BBD,sell,0.00951
2019-06-13,USD,BBD,buy,1.99
2019-06-13,USD,BBD,sell,2.02768
2019-06-13,XCD,BBD,buy,0.73843
2019-06-13,XCD,BBD,sell,0.74306
2019-06-14,BZD,BBD,buy,0.99688
2019-06-14,BZD,BBD,sell,1.00313
2019-06-14,CAD,BBD,buy,1.48962
2019-06-14,CAD,BBD,sell,1.52366
2019-06-14,EUR,BBD,buy,2.2415
2019-06-14,EUR,BBD,sell,2.28782
2019-06-14,GBP,BBD,buy,2.52085
2019-06-14,GBP,BBD,sell,2.57294
2019-06-14,GYD,BBD,buy,0.00945
2019-06-14,GYD,BBD,sell,0.00951
2019-06-14,USD,BBD,buy,1.99
2019-06-14,USD,BBD,sell,2.02768
2019-06-14,XCD,BBD,buy,0.73843
2019-06-14,XCD,BBD,sell,0.74306
2019-06-17,BZD,BBD,buy,0.99688
2019-06-17,BZD,BBD,sell,1.00313
2019-06-17,CAD,BBD,buy,1.47918
2019-06-17,CAD,BBD,sell,1.51298
2019-06-17,EUR,BBD,buy,2.22809
2019-06-17,EUR,BBD,sell,2.27413
2019-06-17,GBP,BBD,buy,2.50157
2019-06-17,GBP,BBD,sell,2.55326
2019-06-17,GYD,BBD,buy,0.00944
2019-06-17,GYD,BBD,sell,0.0095
2019-06-17,USD,BBD,buy,1.99
2019-06-17,USD,BBD,sell,2.02768
2019-06-17,XCD,BBD,buy,0.73843
2019-06-17,XCD,BBD,sell,0.74306
2019-06-18,BZD,BBD,buy,0.99688
2019-06-18,BZD,BBD,sell,1.00313
2019-06-18,CAD,BBD,buy,1.47986
2019-06-18,CAD,BBD,sell,1.51367
2019-06-18,EUR,BBD,buy,2.22968
2019-06-18,EUR,BBD,sell,2.27575
2019-06-18,GBP,BBD,buy,2.49223
2019-06-18,GBP,BBD,sell,2.54373
2019-06-18,GYD,BBD,buy,0.00944
2019-06-18,GYD,BBD,sell,0.0095
2019-06-18,USD,BBD,buy,1.99
2019-06-18,USD,BBD,sell,2.02768
2019-06-18,XCD,BBD,buy,0.73843
2019-06-18,XCD,BBD,sell,0.74306
2019-06-19,BZD,BBD,buy,0.99688
2019-06-19,BZD,BBD,sell,1.00313
2019-06-19,CAD,BBD,buy,1.48295
2019-06-19,CAD,BBD,sell,1.51684
2019-06-19,EUR,BBD,buy,2.22481
2019-06-19,EUR,BBD,sell,2.27078
2019-06-19,GBP,BBD,buy,2.4964
2019-06-19,GBP,BBD,sell,2.54799
2019-06-19,GYD,BBD,buy,0.00944
2019-06-19,GYD,BBD,sell,0.0095
2019-06-19,USD,BBD,buy,1.99
2019-06-19,USD,BBD,sell,2.02768
2019-06-19,XCD,BBD,buy,0.73843
2019-06-19,XCD,BBD,sell,0.74306
2019-06-20,BZD,BBD,buy,0.99688
2019-06-20,BZD,BBD,sell,1.00313
2019-06-20,CAD,BBD,buy,1.49304
2019-06-20,CAD,BBD,sell,1.52715
2019-06-20,EUR,BBD,buy,2.23365
2019-06-20,EUR,BBD,sell,2.27981
2019-06-20,GBP,BBD,buy,2.51578
2019-06-20,GBP,BBD,sell,2.56777
2019-06-20,GYD,BBD,buy,0.00944
2019-06-20,GYD,BBD,sell,0.0095
2019-06-20,USD,BBD,buy,1.99
2019-06-20,USD,BBD,sell,2.02768
2019-06-20,XCD,BBD,buy,0.73843
2019-06-20,XCD,BBD,sell,0.74306
2019-06-21,BZD,BBD,buy,0.99688
2019-06-21,BZD,BBD,sell,1.00313
2019-06-21,CAD,BBD,buy,1.50441
2019-06-21,CAD,BBD,sell,1.53879
2019-06-21,EUR,BBD,buy,2.24409
2019-06-21,EUR,BBD,sell,2.29046
2019-06-21,GBP,BBD,buy,2.52462
2019-06-21,GBP,BBD,sell,2.57679
2019-06-21,GYD,BBD,buy,0.00944
2019-06-21,GYD,BBD,sell,0.0095
2019-06-21,USD,BBD,buy,1.99
2019-06-21,USD,BBD,sell,2.02768
2019-06-21,XCD,BBD,buy,0.73843
2019-06-21,XCD,BBD,sell,0.74306
2019-06-24,BZD,BBD,buy,0.99688
2019-06-24,BZD,BBD,sell,1.00313
2019-06-24,CAD,BBD,buy,1.50237
2019-06-24,CAD,BBD,sell,1.5367
2019-06-24,EUR,BBD,buy,2.25939
2019-06-24,EUR,BBD,sell,2.30608
2019-06-24,GBP,BBD,buy,2.53198
2019-06-24,GBP,BBD,sell,2.5843
2019-06-24,GYD,BBD,buy,0.00944
2019-06-24,GYD,BBD,sell,0.0095
2019-06-24,USD,BBD,buy,1.99
2019-06-24,USD,BBD,sell,2.02768
2019-06-24,XCD,BBD,buy,0.73843
2019-06-24,XCD,BBD,sell,0.74306
2019-06-25,BZD,BBD,buy,0.99688
2019-06-25,BZD,BBD,sell,1.00313
2019-06-25,CAD,BBD,buy,1.50521
2019-06-25,CAD,BBD,sell,1.5396
2019-06-25,EUR,BBD,buy,2.26565
2019-06-25,EUR,BBD,sell,2.31247
2019-06-25,GBP,BBD,buy,2.53297
2019-06-25,GBP,BBD,sell,2.58531
2019-06-25,GYD,BBD,buy,0.00944
2019-06-25,GYD,BBD,sell,0.0095
2019-06-25,USD,BBD,buy,1.99
2019-06-25,USD,BBD,sell,2.02768
2019-06-25,XCD,BBD,buy,0.73843
2019-06-25,XCD,BBD,sell,0.74306
2019-06-26,BZD,BBD,buy,0.99688
2019-06-26,BZD,BBD,sell,1.00313
2019-06-26,CAD,BBD,buy,1.50624
2019-06-26,CAD,BBD,sell,1.54066
2019-06-26,EUR,BBD,buy,2.26038
2019-06-26,EUR,BBD,sell,2.30709
2019-06-26,GBP,BBD,buy,2.52383
2019-06-26,GBP,BBD,sell,2.57598
2019-06-26,GYD,BBD,buy,0.00944
2019-06-26,GYD,BBD,sell,0.0095
2019-06-26,USD,BBD,buy,1.99
2019-06-26,USD,BBD,sell,2.02768
2019-06-26,XCD,BBD,buy,0.73843
2019-06-26,XCD,BBD,sell,0.74306
2019-06-27,BZD,BBD,buy,0.99688
2019-06-27,BZD,BBD,sell,1.00313
2019-06-27,CAD,BBD,buy,1.51301
2019-06-27,CAD,BBD,sell,1.54758
2019-06-27,EUR,BBD,buy,2.26028
2019-06-27,EUR,BBD,sell,2.30699
2019-06-27,GBP,BBD,buy,2.52244
2019-06-27,GBP,BBD,sell,2.57456
2019-06-27,GYD,BBD,buy,0.00944
2019-06-27,GYD,BBD,sell,0.0095
2019-06-27,USD,BBD,buy,1.99
2019-06-27,USD,BBD,sell,2.02768
2019-06-27,XCD,BBD,buy,0.73843
2019-06-27,XCD,BBD,sell,0.74306
2019-06-28,BZD,BBD,buy,0.99688
2019-06-28,BZD,BBD,sell,1.00313
2019-06-28,CAD,BBD,buy,1.51509
2019-06-28,CAD,BBD,sell,1.54971
2019-06-28,EUR,BBD,buy,2.25959
2019-06-28,EUR,BBD,sell,2.30628
2019-06-28,GBP,BBD,buy,2.51926
2019-06-28,GBP,BBD,sell,2.57132
2019-06-28,GYD,BBD,buy,0.00944
2019-06-28,GYD,BBD,sell,0.0095
2019-06-28,USD,BBD,buy,1.99
2019-06-28,USD,BBD,sell,2.02768
2019-06-28,XCD,BBD,buy,0.73843
2019-06-28,XCD,BBD,sell,0.74306
2019-07-01,BZD,BBD,buy,0.99688
2019-07-01,BZD,BBD,sell,1.00313
2019-07-01,CAD,BBD,buy,1.51684
2019-07-01,CAD,BBD,sell,1.5515
2019-07-01,EUR,BBD,buy,2.25939
2019-07-01,EUR,BBD,sell,2.30608
2019-07-01,GBP,BBD,buy,2.52363
2019-07-01,GBP,BBD,sell,2.57578
2019-07-01,GYD,BBD,buy,0.00944
2019-07-01,GYD,BBD,sell,0.0095
2019-07-01,USD,BBD,buy,1.99
2019-07-01,USD,BBD,sell,2.02768
2019-07-01,XCD,BBD,buy,0.73843
2019-07-01,XCD,BBD,sell,0.74306
2019-07-02,BZD,BBD,buy,0.99688
2019-07-02,BZD,BBD,sell,1.00313
2019-07-02,CAD,BBD,buy,1.51094
2019-07-02,CAD,BBD,sell,1.54547
2019-07-02,EUR,BBD,buy,2.24299
2019-07-02,EUR,BBD,sell,2.28934
2019-07-02,GBP,BBD,buy,2.5117
2019-07-02,GBP,BBD,sell,2.56361
2019-07-02,GYD,BBD,buy,0.00943
2019-07-02,GYD,BBD,sell,0.00949
2019-07-02,USD,BBD,buy,1.99
2019-07-02,USD,BBD,sell,2.02768
2019-07-02,XCD,BBD,buy,0.73843
2019-07-02,XCD,BBD,sell,0.74306
2019-07-03,BZD,BBD,buy,0.99688
2019-07-03,BZD,BBD,sell,1.00313
2019-07-03,CAD,BBD,buy,1.51446
2019-07-03,CAD,BBD,sell,1.54906
2019-07-03,EUR,BBD,buy,2.24399
2019-07-03,EUR,BBD,sell,2.29036
2019-07-03,GBP,BBD,buy,2.50505
2019-07-03,GBP,BBD,sell,2.55681
2019-07-03,GYD,BBD,buy,0.00943
2019-07-03,GYD,BBD,sell,0.00949
2019-07-03,USD,BBD,buy,1.99
2019-07-03,USD,BBD,sell,2.02768
2019-07-03,XCD,BBD,buy,0.73843
2019-07-03,XCD,BBD,sell,0.74306
2019-07-04,BZD,BBD,buy,0.99688
2019-07-04,BZD,BBD,sell,1.00313
2019-07-04,CAD,BBD,buy,1.51926
2019-07-04,CAD,BBD,sell,1.55397
2019-07-04,EUR,BBD,buy,2.242
2019-07-04,EUR,BBD,sell,2.28833
2019-07-04,GBP,BBD,buy,2.49958
2019-07-04,GBP,BBD,sell,2.55123
2019-07-04,GYD,BBD,buy,0.00943
2019-07-04,GYD,BBD,sell,0.00949
2019-07-04,USD,BBD,buy,1.99
2019-07-04,USD,BBD,sell,2.02768
2019-07-04,XCD,BBD,buy,0.73843
2019-07-04,XCD,BBD,sell,0.74306
2019-07-05,BZD,BBD,buy,0.99688
2019-07-05,BZD,BBD,sell,1.00313
2019-07-05,CAD,BBD,buy,1.52007
2019-07-05,CAD,BBD,sell,1.55481
2019-07-05,EUR,BBD,buy,2.24299
2019-07-05,EUR,BBD,sell,2.28934
2019-07-05,GBP,BBD,buy,2.49988
2019-07-05,GBP,BBD,sell,2.55154
2019-07-05,GYD,BBD,buy,0.00943
2019-07-05,GYD,BBD,sell,0.00949
2019-07-05,USD,BBD,buy,1.99
2019-07-05,USD,BBD,sell,2.02768
2019-07-05,XCD,BBD,buy,0.73843
2019-07-05,XCD,BBD,sell,0.74306
2019-07-08,BZD,BBD,buy,0.99688
2019-07-08,BZD,BBD,sell,1.00313
2019-07-08,CAD,BBD,buy,1.51694
2019-07-08,CAD,BBD,sell,1.5516
2019-07-08,EUR,BBD,buy,2.22968
2019-07-08,EUR,BBD,sell,2.27575
2019-07-08,GBP,BBD,buy,2.48885
2019-07-08,GBP,BBD,sell,2.54028
2019-07-08,GYD,BBD,buy,0.00943
2019-07-08,GYD,BBD,sell,0.00949
2019-07-08,USD,BBD,buy,1.99
2019-07-08,USD,BBD,sell,2.02768
2019-07-08,XCD,BBD,buy,0.73843
2019-07-08,XCD,BBD,sell,0.74306
2019-07-09,BZD,BBD,buy,0.99688
2019-07-09,BZD,BBD,sell,1.00313
2019-07-09,CAD,BBD,buy,1.51533
2019-07-09,CAD,BBD,sell,1.54995
2019-07-09,EUR,BBD,buy,2.22868
2019-07-09,EUR,BBD,sell,2.27474
2019-07-09,GBP,BBD,buy,2.48765
2019-07-09,GBP,BBD,sell,2.53906
2019-07-09,GYD,BBD,buy,0.00943
2019-07-09,GYD,BBD,sell,0.00949
2019-07-09,USD,BBD,buy,1.99
2019-07-09,USD,BBD,sell,2.02768
2019-07-09,XCD,BBD,buy,0.73843
2019-07-09,XCD,BBD,sell,0.74306
2019-07-10,BZD,BBD,buy,0.99688
2019-07-10,BZD,BBD,sell,1.00313
2019-07-10,CAD,BBD,buy,1.51209
2019-07-10,CAD,BBD,sell,1.54664
2019-07-10,EUR,BBD,buy,2.22789
2019-07-10,EUR,BBD,sell,2.27393
2019-07-10,GBP,BBD,buy,2.47891
2019-07-10,GBP,BBD,sell,2.53014
2019-07-10,GYD,BBD,buy,0.00943
2019-07-10,GYD,BBD,sell,0.00949
2019-07-10,USD,BBD,buy,1.99
2019-07-10,USD,BBD,sell,2.02768
2019-07-10,XCD,BBD,buy,0.73843
2019-07-10,XCD,BBD,sell,0.74306
2019-07-11,BZD,BBD,buy,0.99688
2019-07-11,BZD,BBD,sell,1.00313
2019-07-11,CAD,BBD,buy,1.51811
2019-07-11,CAD,BBD,sell,1.5528
2019-07-11,EUR,BBD,buy,2.23713
2019-07-11,EUR,BBD,sell,2.28336
2019-07-11,GBP,BBD,buy,2.48567
2019-07-11,GBP,BBD,sell,2.53703
2019-07-11,GYD,BBD,buy,0.00943
2019-07-11,GYD,BBD,sell,0.00949
2019-07-11,USD,BBD,buy,1.99
2019-07-11,USD,BBD,sell,2.02768
2019-07-11,XCD,BBD,buy,0.73843
2019-07-11,XCD,BBD,sell,0.74306
2019-07-12,BZD,BBD,buy,0.99688
2019-07-12,BZD,BBD,sell,1.00313
2019-07-12,CAD,BBD,buy,1.51856
2019-07-12,CAD,BBD,sell,1.55326
2019-07-12,EUR,BBD,buy,2.23723
2019-07-12,EUR,BBD,sell,2.28346
2019-07-12,GBP,BBD,buy,2.48885
2019-07-12,GBP,BBD,sell,2.54028
2019-07-12,GYD,BBD,buy,0.00943
2019-07-12,GYD,BBD,sell,0.00949
2019-07-12,USD,BBD,buy,1.99
2019-07-12,USD,BBD,sell,2.02768
2019-07-12,XCD,BBD,buy,0.73843
2019-07-12,XCD,BBD,sell,0.74306
2019-07-15,BZD,BBD,buy,0.99688
2019-07-15,BZD,BBD,sell,1.00313
2019-07-15,CAD,BBD,buy,1.52287
2019-07-15,CAD,BBD,sell,1.55767
2019-07-15,EUR,BBD,buy,2.24011
2019-07-15,EUR,BBD,sell,2.2864
2019-07-15,GBP,BBD,buy,2.49809
2019-07-15,GBP,BBD,sell,2.54971
2019-07-15,GYD,BBD,buy,0.00943
2019-07-15,GYD,BBD,sell,0.00949
2019-07-15,USD,BBD,buy,1.99
2019-07-15,USD,BBD,sell,2.02768
2019-07-15,XCD,BBD,buy,0.73843
2019-07-15,XCD,BBD,sell,0.74306
2019-07-16,BZD,BBD,buy,0.99688
2019-07-16,BZD,BBD,sell,1.00313
2019-07-16,CAD,BBD,buy,1.52124
2019-07-16,CAD,BBD,sell,1.556
2019-07-16,EUR,BBD,buy,2.23723
2019-07-16,EUR,BBD,sell,2.28346
2019-07-16,GBP,BBD,buy,2.48726
2019-07-16,GBP,BBD,sell,2.53866
2019-07-16,GYD,BBD,buy,0.00944
2019-07-16,GYD,BBD,sell,0.0095
2019-07-16,USD,BBD,buy,1.99
2019-07-16,USD,BBD,sell,2.02768
2019-07-16,XCD,BBD,buy,0.73843
2019-07-16,XCD,BBD,sell,0.74306
2019-07-17,BZD,BBD,buy,0.99688
2019-07-17,BZD,BBD,sell,1.00313
2019-07-17,CAD,BBD,buy,1.51868
2019-07-17,CAD,BBD,sell,1.55339
2019-07-17,EUR,BBD,buy,2.22709
2019-07-17,EUR,BBD,sell,2.27312
2019-07-17,GBP,BBD,buy,2.46539
2019-07-17,GBP,BBD,sell,2.51634
2019-07-17,GYD,BBD,buy,0.00944
2019-07-17,GYD,BBD,sell,0.0095
2019-07-17,USD,BBD,buy,1.99
2019-07-17,USD,BBD,sell,2.02768
2019-07-17,XCD,BBD,buy,0.73843
2019-07-17,XCD,BBD,sell,0.74306
2019-07-18,BZD,BBD,buy,0.99688
2019-07-18,BZD,BBD,sell,1.00313
2019-07-18,CAD,BBD,buy,1.52184
2019-07-18,CAD,BBD,sell,1.55661
2019-07-18,EUR,BBD,buy,2.23047
2019-07-18,EUR,BBD,sell,2.27656
2019-07-18,GBP,BBD,buy,2.47156
2019-07-18,GBP,BBD,sell,2.52263
2019-07-18,GYD,BBD,buy,0.00944
2019-07-18,GYD,BBD,sell,0.0095
2019-07-18,USD,BBD,buy,1.99
2019-07-18,USD,BBD,sell,2.02768
2019-07-18,XCD,BBD,buy,0.73843
2019-07-18,XCD,BBD,sell,0.74306
2019-07-19,BZD,BBD,buy,0.99688
2019-07-19,BZD,BBD,sell,1.00313
2019-07-19,CAD,BBD,buy,1.52136
2019-07-19,CAD,BBD,sell,1.55613
2019-07-19,EUR,BBD,buy,2.23872
2019-07-19,EUR,BBD,sell,2.28498
2019-07-19,GBP,BBD,buy,2.48984
2019-07-19,GBP,BBD,sell,2.54129
2019-07-19,GYD,BBD,buy,0.00944
2019-07-19,GYD,BBD,sell,0.0095
2019-07-19,USD,BBD,buy,1.99
2019-07-19,USD,BBD,sell,2.02768
2019-07-19,XCD,BBD,buy,0.73843
2019-07-19,XCD,BBD,sell,0.74306
2019-07-22,BZD,BBD,buy,0.99688
2019-07-22,BZD,BBD,sell,1.00313
2019-07-22,CAD,BBD,buy,1.51997
2019-07-22,CAD,BBD,sell,1.55471
2019-07-22,EUR,BBD,buy,2.22948
2019-07-22,EUR,BBD,sell,2.27555
2019-07-22,GBP,BBD,buy,2.48408
2019-07-22,GBP,BBD,sell,2.53541
2019-07-22,GYD,BBD,buy,0.00944
2019-07-22,GYD,BBD,sell,0.0095
2019-07-22,USD,BBD,buy,1.99
2019-07-22,USD,BBD,sell,2.02768
2019-07-22,XCD,BBD,buy,0.73843
2019-07-22,XCD,BBD,sell,0.74306
2019-07-23,BZD,BBD,buy,0.99688
2019-07-23,BZD,BBD,sell,1.00313
2019-07-23,CAD,BBD,buy,1.51394
2019-07-23,CAD,BBD,sell,1.54853
2019-07-23,EUR,BBD,buy,2.22848
2019-07-23,EUR,BBD,sell,2.27454
2019-07-23,GBP,BBD,buy,2.4803
2019-07-23,GBP,BBD,sell,2.53156
2019-07-23,GYD,BBD,buy,0.00945
2019-07-23,GYD,BBD,sell,0.00951
2019-07-23,USD,BBD,buy,1.99
2019-07-23,USD,BBD,sell,2.02768
2019-07-23,XCD,BBD,buy,0.73843
2019-07-23,XCD,BBD,sell,0.74306
2019-07-24,BZD,BBD,buy,0.99688
2019-07-24,BZD,BBD,sell,1.00313
2019-07-24,CAD,BBD,buy,1.51128
2019-07-24,CAD,BBD,sell,1.54581
2019-07-24,EUR,BBD,buy,2.21636
2019-07-24,EUR,BBD,sell,2.26216
2019-07-24,GBP,BBD,buy,2.47334
2019-07-24,GBP,BBD,sell,2.52446
2019-07-24,GYD,BBD,buy,0.00945
2019-07-24,GYD,BBD,sell,0.00951
2019-07-24,USD,BBD,buy,1.99
2019-07-24,USD,BBD,sell,2.02768
2019-07-24,XCD,BBD,buy,0.73843
2019-07-24,XCD,BBD,sell,0.74306
2019-07-25,BZD,BBD,buy,0.99688
2019-07-25,BZD,BBD,sell,1.00313
2019-07-25,CAD,BBD,buy,1.51003
2019-07-25,CAD,BBD,sell,1.54453
2019-07-25,EUR,BBD,buy,2.21368
2019-07-25,EUR,BBD,sell,2.25942
2019-07-25,GBP,BBD,buy,2.4809
2019-07-25,GBP,BBD,sell,2.53216
2019-07-25,GYD,BBD,buy,0.00945
2019-07-25,GYD,BBD,sell,0.00951
2019-07-25,USD,BBD,buy,1.99
2019-07-25,USD,BBD,sell,2.02768
2019-07-25,XCD,BBD,buy,0.73843
2019-07-25,XCD,BBD,sell,0.74306
2019-07-26,BZD,BBD,buy,0.99688
2019-07-26,BZD,BBD,sell,1.00313
2019-07-26,CAD,BBD,buy,1.50818
2019-07-26,CAD,BBD,sell,1.54265
2019-07-26,EUR,BBD,buy,2.21537
2019-07-26,EUR,BBD,sell,2.26115
2019-07-26,GBP,BBD,buy,2.47513
2019-07-26,GBP,BBD,sell,2.52628
2019-07-26,GYD,BBD,buy,0.00945
2019-07-26,GYD,BBD,sell,0.00951
2019-07-26,USD,BBD,buy,1.99
2019-07-26,USD,BBD,sell,2.02768
2019-07-26,XCD,BBD,buy,0.73843
2019-07-26,XCD,BBD,sell,0.74306
2019-07-29,BZD,BBD,buy,0.99688
2019-07-29,BZD,BBD,sell,1.00313
2019-07-29,CAD,BBD,buy,1.50715
2019-07-29,CAD,BBD,sell,1.54159
2019-07-29,EUR,BBD,buy,2.2109
2019-07-29,EUR,BBD,sell,2.25658
2019-07-29,GBP,BBD,buy,2.46142
2019-07-29,GBP,BBD,sell,2.51228
2019-07-29,GYD,BBD,buy,0.00945
2019-07-29,GYD,BBD,sell,0.00951
2019-07-29,USD,BBD,buy,1.99
2019-07-29,USD,BBD,sell,2.02768
2019-07-29,XCD,BBD,buy,0.73843
2019-07-29,XCD,BBD,sell,0.74306
2019-07-30,BZD,BBD,buy,0.99688
2019-07-30,BZD,BBD,sell,1.00313
2019-07-30,CAD,BBD,buy,1.50806
2019-07-30,CAD,BBD,sell,1.54252
2019-07-30,EUR,BBD,buy,2.21537
2019-07-30,EUR,BBD,sell,2.26115
2019-07-30,GBP,BBD,buy,2.42982
2019-07-30,GBP,BBD,sell,2.48003
2019-07-30,GYD,BBD,buy,0.00944
2019-07-30,GYD,BBD,sell,0.0095
2019-07-30,USD,BBD,buy,1.99
2019-07-30,USD,BBD,sell,2.02768
2019-07-30,XCD,BBD,buy,0.73843
2019-07-30,XCD,BBD,sell,0.74306
2019-07-31,BZD,BBD,buy,0.99688
2019-07-31,BZD,BBD,sell,1.00313
2019-07-31,CAD,BBD,buy,1.50945
2019-07-31,CAD,BBD,sell,1.54394
2019-07-31,EUR,BBD,buy,2.21765
2019-07-31,EUR,BBD,sell,2.26348
2019-07-31,GBP,BBD,buy,2.4173
2019-07-31,GBP,BBD,sell,2.46725
2019-07-31,GYD,BBD,buy,0.00944
2019-07-31,GYD,BBD,sell,0.0095
2019-07-31,USD,BBD,buy,1.99
2019-07-31,USD,BBD,sell,2.02768
2019-07-31,XCD,BBD,buy,0.73843
2019-07-31,XCD,BBD,sell,0.74306
2019-08-02,BZD,BBD,buy,0.99688
2019-08-02,BZD,BBD,sell,1.00313
2019-08-02,CAD,BBD,buy,1.50112
2019-08-02,CAD,BBD,sell,1.53542
2019-08-02,EUR,BBD,buy,2.20563
2019-08-02,EUR,BBD,sell,2.25121
2019-08-02,GBP,BBD,buy,2.40915
2019-08-02,GBP,BBD,sell,2.45893
2019-08-02,GYD,BBD,buy,0.00944
2019-08-02,GYD,BBD,sell,0.0095
2019-08-02,USD,BBD,buy,1.99
2019-08-02,USD,BBD,sell,2.02768
2019-08-02,XCD,BBD,buy,0.73843
2019-08-02,XCD,BBD,sell,0.74306
2019-08-06,BZD,BBD,buy,0.99688
2019-08-06,BZD,BBD,sell,1.00313
2019-08-06,CAD,BBD,buy,1.50179
2019-08-06,CAD,BBD,sell,1.53611
2019-08-06,EUR,BBD,buy,2.22262
2019-08-06,EUR,BBD,sell,2.26855
2019-08-06,GBP,BBD,buy,2.41948
2019-08-06,GBP,BBD,sell,2.46948
2019-08-06,GYD,BBD,buy,0.00944
2019-08-06,GYD,BBD,sell,0.0095
2019-08-06,USD,BBD,buy,1.99
2019-08-06,USD,BBD,sell,2.02768
2019-08-06,XCD,BBD,buy,0.73843
2019-08-06,XCD,BBD,sell,0.74306
2019-08-07,BZD,BBD,buy,0.99688
2019-08-07,BZD,BBD,sell,1.00313
2019-08-07,CAD,BBD,buy,1.49423
2019-08-07,CAD,BBD,sell,1.52837
2019-08-07,EUR,BBD,buy,2.22521
2019-08-07,EUR,BBD,sell,2.27119
2019-08-07,GBP,BBD,buy,2.41432
2019-08-07,GBP,BBD,sell,2.46421
2019-08-07,GYD,BBD,buy,0.00945
2019-08-07,GYD,BBD,sell,0.00951
2019-08-07,USD,BBD,buy,1.99
2019-08-07,USD,BBD,sell,2.02768
2019-08-07,XCD,BBD,buy,0.73843
2019-08-07,XCD,BBD,sell,0.74306
2019-08-08,BZD,BBD,buy,0.99688
2019-08-08,BZD,BBD,sell,1.00313
2019-08-08,CAD,BBD,buy,1.49085
2019-08-08,CAD,BBD,sell,1.52492
2019-08-08,EUR,BBD,buy,2.22898
2019-08-08,EUR,BBD,sell,2.27504
2019-08-08,GBP,BBD,buy,2.41432
2019-08-08,GBP,BBD,sell,2.46421
2019-08-08,GYD,BBD,buy,0.00945
2019-08-08,GYD,BBD,sell,0.00951
2019-08-08,USD,BBD,buy,1.99
2019-08-08,USD,BBD,sell,2.02768
2019-08-08,XCD,BBD,buy,0.73843
2019-08-08,XCD,BBD,sell,0.74306
2019-08-09,BZD,BBD,buy,0.99688
2019-08-09,BZD,BBD,sell,1.00313
2019-08-09,CAD,BBD,buy,1.50032
2019-08-09,CAD,BBD,sell,1.5346
2019-08-09,EUR,BBD,buy,2.22302
2019-08-09,EUR,BBD,sell,2.26896
2019-08-09,GBP,BBD,buy,2.41233
2019-08-09,GBP,BBD,sell,2.46218
2019-08-09,GYD,BBD,buy,0.00945
2019-08-09,GYD,BBD,sell,0.00951
2019-08-09,USD,BBD,buy,1.99
2019-08-09,USD,BBD,sell,2.02768
2019-08-09,XCD,BBD,buy,0.73843
2019-08-09,XCD,BBD,sell,0.74306
2019-08-12,BZD,BBD,buy,0.99688
2019-08-12,BZD,BBD,sell,1.00313
2019-08-12,CAD,BBD,buy,1.50304
2019-08-12,CAD,BBD,sell,1.53739
2019-08-12,EUR,BBD,buy,2.2268
2019-08-12,EUR,BBD,sell,2.27281
2019-08-12,GBP,BBD,buy,2.39524
2019-08-12,GBP,BBD,sell,2.44473
2019-08-12,GYD,BBD,buy,0.00945
2019-08-12,GYD,BBD,sell,0.00951
2019-08-12,USD,BBD,buy,1.99
2019-08-12,USD,BBD,sell,2.02768
2019-08-12,XCD,BBD,buy,0.73843
2019-08-12,XCD,BBD,sell,0.74306
2019-08-13,BZD,BBD,buy,0.99688
2019-08-13,BZD,BBD,sell,1.00313
2019-08-13,CAD,BBD,buy,1.49919
2019-08-13,CAD,BBD,sell,1.53345
2019-08-13,EUR,BBD,buy,2.23007
2019-08-13,EUR,BBD,sell,2.27616
2019-08-13,GBP,BBD,buy,2.4004
2019-08-13,GBP,BBD,sell,2.45001
2019-08-13,GYD,BBD,buy,0.00945
2019-08-13,GYD,BBD,sell,0.00951
2019-08-13,USD,BBD,buy,1.99
2019-08-13,USD,BBD,sell,2.02768
2019-08-13,XCD,BBD,buy,0.73843
2019-08-13,XCD,BBD,sell,0.74306
2019-08-14,BZD,BBD,buy,0.99688
2019-08-14,BZD,BBD,sell,1.00313
2019-08-14,CAD,BBD,buy,1.50169
2019-08-14,CAD,BBD,sell,1.53601
2019-08-14,EUR,BBD,buy,2.22133
2019-08-14,EUR,BBD,sell,2.26723
2019-08-14,GBP,BBD,buy,2.39683
2019-08-14,GBP,BBD,sell,2.44636
2019-08-14,GYD,BBD,buy,0.00945
2019-08-14,GYD,BBD,sell,0.00951
2019-08-14,USD,BBD,buy,1.99
2019-08-14,USD,BBD,sell,2.02768
2019-08-14,XCD,BBD,buy,0.73843
2019-08-14,XCD,BBD,sell,0.74306
2019-08-15,BZD,BBD,buy,0.99688
2019-08-15,BZD,BBD,sell,1.00313
2019-08-15,CAD,BBD,buy,1.49107
2019-08-15,CAD,BBD,sell,1.52514
2019-08-15,EUR,BBD,buy,2.21398
2019-08-15,EUR,BBD,sell,2.25973
2019-08-15,GBP,BBD,buy,2.39722
2019-08-15,GBP,BBD,sell,2.44676
2019-08-15,GYD,BBD,buy,0.00945
2019-08-15,GYD,BBD,sell,0.00951
2019-08-15,USD,BBD,buy,1.99
2019-08-15,USD,BBD,sell,2.02768
2019-08-15,XCD,BBD,buy,0.73843
2019-08-15,XCD,BBD,sell,0.74306
2019-08-16,BZD,BBD,buy,0.99688
2019-08-16,BZD,BBD,sell,1.00313
2019-08-16,CAD,BBD,buy,1.49042
2019-08-16,CAD,BBD,sell,1.52447
2019-08-16,EUR,BBD,buy,2.20732
2019-08-16,EUR,BBD,sell,2.25293
2019-08-16,GBP,BBD,buy,2.40756
2019-08-16,GBP,BBD,sell,2.45731
2019-08-16,GYD,BBD,buy,0.00945
2019-08-16,GYD,BBD,sell,0.00951
2019-08-16,USD,BBD,buy,1.99
2019-08-16,USD,BBD,sell,2.02768
2019-08-16,XCD,BBD,buy,0.73843
2019-08-16,XCD,BBD,sell,0.74306
2019-08-19,BZD,BBD,buy,0.99688
2019-08-19,BZD,BBD,sell,1.00313
2019-08-19,CAD,BBD,buy,1.49558
2019-08-19,CAD,BBD,sell,1.52975
2019-08-19,EUR,BBD,buy,2.20543
2019-08-19,EUR,BBD,sell,2.251
2019-08-19,GBP,BBD,buy,2.41501
2019-08-19,GBP,BBD,sell,2.46492
2019-08-19,GYD,BBD,buy,0.00945
2019-08-19,GYD,BBD,sell,0.00951
2019-08-19,USD,BBD,buy,1.99
2019-08-19,USD,BBD,sell,2.02768
2019-08-19,XCD,BBD,buy,0.73843
2019-08-19,XCD,BBD,sell,0.74306
2019-08-20,BZD,BBD,buy,0.99688
2019-08-20,BZD,BBD,sell,1.00313
2019-08-20,CAD,BBD,buy,1.48907
2019-08-20,CAD,BBD,sell,1.52309
2019-08-20,EUR,BBD,buy,2.20295
2019-08-20,EUR,BBD,sell,2.24847
2019-08-20,GBP,BBD,buy,2.41213
2019-08-20,GBP,BBD,sell,2.46198
2019-08-20,GYD,BBD,buy,0.00945
2019-08-20,GYD,BBD,sell,0.00951
2019-08-20,USD,BBD,buy,1.99
2019-08-20,USD,BBD,sell,2.02768
2019-08-20,XCD,BBD,buy,0.73843
2019-08-20,XCD,BBD,sell,0.74306
2019-08-21,BZD,BBD,buy,0.99688
2019-08-21,BZD,BBD,sell,1.00313
2019-08-21,CAD,BBD,buy,1.49074
2019-08-21,CAD,BBD,sell,1.5248
2019-08-21,EUR,BBD,buy,2.20573
2019-08-21,EUR,BBD,sell,2.25131
2019-08-21,GBP,BBD,buy,2.41829
2019-08-21,GBP,BBD,sell,2.46826
2019-08-21,GYD,BBD,buy,0.00945
2019-08-21,GYD,BBD,sell,0.00951
2019-08-21,USD,BBD,buy,1.99
2019-08-21,USD,BBD,sell,2.02768
2019-08-21,XCD,BBD,buy,0.73843
2019-08-21,XCD,BBD,sell,0.74306
2019-08-22,BZD,BBD,buy,0.99688
2019-08-22,BZD,BBD,sell,1.00313
2019-08-22,CAD,BBD,buy,1.49355
2019-08-22,CAD,BBD,sell,1.52768
2019-08-22,EUR,BBD,buy,2.20334
2019-08-22,EUR,BBD,sell,2.24887
2019-08-22,GBP,BBD,buy,2.40915
2019-08-22,GBP,BBD,sell,2.45893
2019-08-22,GYD,BBD,buy,0.00945
2019-08-22,GYD,BBD,sell,0.00951
2019-08-22,USD,BBD,buy,1.99
2019-08-22,USD,BBD,sell,2.02768
2019-08-22,XCD,BBD,buy,0.73843
2019-08-22,XCD,BBD,sell,0.74306
2019-08-23,BZD,BBD,buy,0.99688
2019-08-23,BZD,BBD,sell,1.00313
2019-08-23,CAD,BBD,buy,1.49254
2019-08-23,CAD,BBD,sell,1.52665
2019-08-23,EUR,BBD,buy,2.20364
2019-08-23,EUR,BBD,sell,2.24918
2019-08-23,GBP,BBD,buy,2.43677
2019-08-23,GBP,BBD,sell,2.48713
2019-08-23,GYD,BBD,buy,0.00945
2019-08-23,GYD,BBD,sell,0.00951
2019-08-23,USD,BBD,buy,1.99
2019-08-23,USD,BBD,sell,2.02768
2019-08-23,XCD,BBD,buy,0.73843
2019-08-23,XCD,BBD,sell,0.74306
2019-08-26,BZD,BBD,buy,0.99688
2019-08-26,BZD,BBD,sell,1.00313
2019-08-26,CAD,BBD,buy,1.49288
2019-08-26,CAD,BBD,sell,1.52699
2019-08-26,EUR,BBD,buy,2.21497
2019-08-26,EUR,BBD,sell,2.26074
2019-08-26,GBP,BBD,buy,2.44194
2019-08-26,GBP,BBD,sell,2.4924
2019-08-26,GYD,BBD,buy,0.00945
2019-08-26,GYD,BBD,sell,0.00951
2019-08-26,USD,BBD,buy,1.99
2019-08-26,USD,BBD,sell,2.02768
2019-08-26,XCD,BBD,buy,0.73843
2019-08-26,XCD,BBD,sell,0.74306
2019-08-27,BZD,BBD,buy,0.99688
2019-08-27,BZD,BBD,sell,1.00313
2019-08-27,CAD,BBD,buy,1.49794
2019-08-27,CAD,BBD,sell,1.53217
2019-08-27,EUR,BBD,buy,2.20583
2019-08-27,EUR,BBD,sell,2.25141
2019-08-27,GBP,BBD,buy,2.43836
2019-08-27,GBP,BBD,sell,2.48875
2019-08-27,GYD,BBD,buy,0.00944
2019-08-27,GYD,BBD,sell,0.0095
2019-08-27,USD,BBD,buy,1.99
2019-08-27,USD,BBD,sell,2.02768
2019-08-27,XCD,BBD,buy,0.73843
2019-08-27,XCD,BBD,sell,0.74306
2019-08-28,BZD,BBD,buy,0.99688
2019-08-28,BZD,BBD,sell,1.00313
2019-08-28,CAD,BBD,buy,1.49389
2019-08-28,CAD,BBD,sell,1.52803
2019-08-28,EUR,BBD,buy,2.20434
2019-08-28,EUR,BBD,sell,2.24989
2019-08-28,GBP,BBD,buy,2.44294
2019-08-28,GBP,BBD,sell,2.49342
2019-08-28,GYD,BBD,buy,0.00944
2019-08-28,GYD,BBD,sell,0.0095
2019-08-28,USD,BBD,buy,1.99
2019-08-28,USD,BBD,sell,2.02768
2019-08-28,XCD,BBD,buy,0.73843
2019-08-28,XCD,BBD,sell,0.74306
2019-08-29,BZD,BBD,buy,0.99688
2019-08-29,BZD,BBD,sell,1.00313
2019-08-29,CAD,BBD,buy,1.4923
2019-08-29,CAD,BBD,sell,1.5264
2019-08-29,EUR,BBD,buy,2.20235
2019-08-29,EUR,BBD,sell,2.24786
2019-08-29,GBP,BBD,buy,2.42902
2019-08-29,GBP,BBD,sell,2.47922
2019-08-29,GYD,BBD,buy,0.00944
2019-08-29,GYD,BBD,sell,0.0095
2019-08-29,USD,BBD,buy,1.99
2019-08-29,USD,BBD,sell,2.02768
2019-08-29,XCD,BBD,buy,0.73843
2019-08-29,XCD,BBD,sell,0.74306
2019-08-30,BZD,BBD,buy,0.99688
2019-08-30,BZD,BBD,sell,1.00313
2019-08-30,CAD,BBD,buy,1.49264
2019-08-30,CAD,BBD,sell,1.52675
2019-08-30,EUR,BBD,buy,2.19678
2019-08-30,EUR,BBD,sell,2.24218
2019-08-30,GBP,BBD,buy,2.42087
2019-08-30,GBP,BBD,sell,2.4709
2019-08-30,GYD,BBD,buy,0.00944
2019-08-30,GYD,BBD,sell,0.0095
2019-08-30,USD,BBD,buy,1.99
2019-08-30,USD,BBD,sell,2.02768
2019-08-30,XCD,BBD,buy,0.73843
2019-08-30,XCD,BBD,sell,0.74306
2019-09-03,BZD,BBD,buy,0.99688
2019-09-03,BZD,BBD,sell,1.00313
2019-09-03,CAD,BBD,buy,1.48923
2019-09-03,CAD,BBD,sell,1.52326
2019-09-03,EUR,BBD,buy,2.18019
2019-09-03,EUR,BBD,sell,2.22524
2019-09-03,GBP,BBD,buy,2.39782
2019-09-03,GBP,BBD,sell,2.44737
2019-09-03,GYD,BBD,buy,0.00944
2019-09-03,GYD,BBD,sell,0.0095
2019-09-03,USD,BBD,buy,1.99
2019-09-03,USD,BBD,sell,2.02768
2019-09-03,XCD,BBD,buy,0.73843
2019-09-03,XCD,BBD,sell,0.74306
2019-09-04,BZD,BBD,buy,0.99688
2019-09-04,BZD,BBD,sell,1.00313
2019-09-04,CAD,BBD,buy,1.48929
2019-09-04,CAD,BBD,sell,1.52332
2019-09-04,EUR,BBD,buy,2.17939
2019-09-04,EUR,BBD,sell,2.22443
2019-09-04,GBP,BBD,buy,2.4013
2019-09-04,GBP,BBD,sell,2.45092
2019-09-04,GYD,BBD,buy,0.00944
2019-09-04,GYD,BBD,sell,0.0095
2019-09-04,USD,BBD,buy,1.99
2019-09-04,USD,BBD,sell,2.02768
2019-09-04,XCD,BBD,buy,0.73843
2019-09-04,XCD,BBD,sell,0.74306
2019-09-05,BZD,BBD,buy,0.99688
2019-09-05,BZD,BBD,sell,1.00313
2019-09-05,CAD,BBD,buy,1.50112
2019-09-05,CAD,BBD,sell,1.53542
2019-09-05,EUR,BBD,buy,2.19311
2019-09-05,EUR,BBD,sell,2.23843
2019-09-05,GBP,BBD,buy,2.42833
2019-09-05,GBP,BBD,sell,2.47851
2019-09-05,GYD,BBD,buy,0.00944
2019-09-05,GYD,BBD,sell,0.0095
2019-09-05,USD,BBD,buy,1.99
2019-09-05,USD,BBD,sell,2.02768
2019-09-05,XCD,BBD,buy,0.73843
2019-09-05,XCD,BBD,sell,0.74306
2019-09-06,BZD,BBD,buy,0.99688
2019-09-06,BZD,BBD,sell,1.00313
2019-09-06,CAD,BBD,buy,1.49931
2019-09-06,CAD,BBD,sell,1.53357
2019-09-06,EUR,BBD,buy,2.19271
2019-09-06,EUR,BBD,sell,2.23802
2019-09-06,GBP,BBD,buy,2.44969
2019-09-06,GBP,BBD,sell,2.50032
2019-09-06,GYD,BBD,buy,0.00944
2019-09-06,GYD,BBD,sell,0.0095
2019-09-06,USD,BBD,buy,1.99
2019-09-06,USD,BBD,sell,2.02768
2019-09-06,XCD,BBD,buy,0.73843
2019-09-06,XCD,BBD,sell,0.74306
2019-09-09,BZD,BBD,buy,0.99688
2019-09-09,BZD,BBD,sell,1.00313
2019-09-09,CAD,BBD,buy,1.50761
2019-09-09,CAD,BBD,sell,1.54206
2019-09-09,EUR,BBD,buy,2.19291
2019-09-09,EUR,BBD,sell,2.23822
2019-09-09,GBP,BBD,buy,2.44343
2019-09-09,GBP,BBD,sell,2.49393
2019-09-09,GYD,BBD,buy,0.00944
2019-09-09,GYD,BBD,sell,0.0095
2019-09-09,USD,BBD,buy,1.99
2019-09-09,USD,BBD,sell,2.02768
2019-09-09,XCD,BBD,buy,0.73843
2019-09-09,XCD,BBD,sell,0.74306
2019-09-10,BZD,BBD,buy,0.99688
2019-09-10,BZD,BBD,sell,1.00313
2019-09-10,CAD,BBD,buy,1.50739
2019-09-10,CAD,BBD,sell,1.54183
2019-09-10,EUR,BBD,buy,2.19649
2019-09-10,EUR,BBD,sell,2.24188
2019-09-10,GBP,BBD,buy,2.45367
2019-09-10,GBP,BBD,sell,2.50437
2019-09-10,GYD,BBD,buy,0.00944
2019-09-10,GYD,BBD,sell,0.0095
2019-09-10,USD,BBD,buy,1.99
2019-09-10,USD,BBD,sell,2.02768
2019-09-10,XCD,BBD,buy,0.73843
2019-09-10,XCD,BBD,sell,0.74306
2019-09-11,BZD,BBD,buy,0.99688
2019-09-11,BZD,BBD,sell,1.00313
2019-09-11,CAD,BBD,buy,1.50945
2019-09-11,CAD,BBD,sell,1.54394
2019-09-11,EUR,BBD,buy,2.1948
2019-09-11,EUR,BBD,sell,2.24015
2019-09-11,GBP,BBD,buy,2.45436
2019-09-11,GBP,BBD,sell,2.50508
2019-09-11,GYD,BBD,buy,0.00944
2019-09-11,GYD,BBD,sell,0.0095
2019-09-11,USD,BBD,buy,1.99
2019-09-11,USD,BBD,sell,2.02768
2019-09-11,XCD,BBD,buy,0.73843
2019-09-11,XCD,BBD,sell,0.74306
2019-09-12,BZD,BBD,buy,0.99688
2019-09-12,BZD,BBD,sell,1.00313
2019-09-12,CAD,BBD,buy,1.50396
2019-09-12,CAD,BBD,sell,1.53832
2019-09-12,EUR,BBD,buy,2.18824
2019-09-12,EUR,BBD,sell,2.23346
2019-09-12,GBP,BBD,buy,2.45049
2019-09-12,GBP,BBD,sell,2.50113
2019-09-12,GYD,BBD,buy,0.00944
2019-09-12,GYD,BBD,sell,0.0095
2019-09-12,USD,BBD,buy,1.99
2019-09-12,USD,BBD,sell,2.02768
2019-09-12,XCD,BBD,buy,0.73843
2019-09-12,XCD,BBD,sell,0.74306
2019-09-13,BZD,BBD,buy,0.99688
2019-09-13,BZD,BBD,sell,1.00313
2019-09-13,CAD,BBD,buy,1.50231
2019-09-13,CAD,BBD,sell,1.53664
2019-09-13,EUR,BBD,buy,2.20036
2019-09-13,EUR,BBD,sell,2.24583
2019-09-13,GBP,BBD,buy,2.45387
2019-09-13,GBP,BBD,sell,2.50458
2019-09-13,GYD,BBD,buy,0.00944
2019-09-13,GYD,BBD,sell,0.0095
2019-09-13,USD,BBD,buy,1.99
2019-09-13,USD,BBD,sell,2.02768
2019-09-13,XCD,BBD,buy,0.73843
2019-09-13,XCD,BBD,sell,0.74306
2019-09-16,BZD,BBD,buy,0.99688
2019-09-16,BZD,BBD,sell,1.00313
2019-09-16,CAD,BBD,buy,1.49478
2019-09-16,CAD,BBD,sell,1.52894
2019-09-16,EUR,BBD,buy,2.20126
2019-09-16,EUR,BBD,sell,2.24674
2019-09-16,GBP,BBD,buy,2.47951
2019-09-16,GBP,BBD,sell,2.53074
2019-09-16,GYD,BBD,buy,0.00944
2019-09-16,GYD,BBD,sell,0.0095
2019-09-16,USD,BBD,buy,1.99
2019-09-16,USD,BBD,sell,2.02768
2019-09-16,XCD,BBD,buy,0.73843
2019-09-16,XCD,BBD,sell,0.74306
2019-09-17,BZD,BBD,buy,0.99688
2019-09-17,BZD,BBD,sell,1.00313
2019-09-17,CAD,BBD,buy,1.49907
2019-09-17,CAD,BBD,sell,1.53333
2019-09-17,EUR,BBD,buy,2.18615
2019-09-17,EUR,BBD,sell,2.23133
2019-09-17,GBP,BBD,buy,2.46917
2019-09-17,GBP,BBD,sell,2.5202
2019-09-17,GYD,BBD,buy,0.00944
2019-09-17,GYD,BBD,sell,0.0095
2019-09-17,USD,BBD,buy,1.99
2019-09-17,USD,BBD,sell,2.02768
2019-09-17,XCD,BBD,buy,0.73843
2019-09-17,XCD,BBD,sell,0.74306
2019-09-18,BZD,BBD,buy,0.99688
2019-09-18,BZD,BBD,sell,1.00313
2019-09-18,CAD,BBD,buy,1.49794
2019-09-18,CAD,BBD,sell,1.53217
2019-09-18,EUR,BBD,buy,2.19947
2019-09-18,EUR,BBD,sell,2.24492
2019-09-18,GBP,BBD,buy,2.48388
2019-09-18,GBP,BBD,sell,2.53521
2019-09-18,GYD,BBD,buy,0.00944
2019-09-18,GYD,BBD,sell,0.0095
2019-09-18,USD,BBD,buy,1.99
2019-09-18,USD,BBD,sell,2.02768
2019-09-18,XCD,BBD,buy,0.73843
2019-09-18,XCD,BBD,sell,0.74306
2019-09-19,BZD,BBD,buy,0.99688
2019-09-19,BZD,BBD,sell,1.00313
2019-09-19,CAD,BBD,buy,1.49389
2019-09-19,CAD,BBD,sell,1.52803
2019-09-19,EUR,BBD,buy,2.19052
2019-09-19,EUR,BBD,sell,2.23579
2019-09-19,GBP,BBD,buy,2.47583
2019-09-19,GBP,BBD,sell,2.52699
2019-09-19,GYD,BBD,buy,0.00944
2019-09-19,GYD,BBD,sell,0.0095
2019-09-19,USD,BBD,buy,1.99
2019-09-19,USD,BBD,sell,2.02768
2019-09-19,XCD,BBD,buy,0.73843
2019-09-19,XCD,BBD,sell,0.74306
2019-09-20,BZD,BBD,buy,0.99688
2019-09-20,BZD,BBD,sell,1.00313
2019-09-20,CAD,BBD,buy,1.49794
2019-09-20,CAD,BBD,sell,1.53217
2019-09-20,EUR,BBD,buy,2.19718
2019-09-20,EUR,BBD,sell,2.24259
2019-09-20,GBP,BBD,buy,2.49292
2019-09-20,GBP,BBD,sell,2.54444
2019-09-20,GYD,BBD,buy,0.00944
2019-09-20,GYD,BBD,sell,0.0095
2019-09-20,USD,BBD,buy,1.99
2019-09-20,USD,BBD,sell,2.02768
2019-09-20,XCD,BBD,buy,0.73843
2019-09-20,XCD,BBD,sell,0.74306
2019-09-23,BZD,BBD,buy,0.99688
2019-09-23,BZD,BBD,sell,1.00313
2019-09-23,CAD,BBD,buy,1.49558
2019-09-23,CAD,BBD,sell,1.52975
2019-09-23,EUR,BBD,buy,2.18893
2019-09-23,EUR,BBD,sell,2.23417
2019-09-23,GBP,BBD,buy,2.47951
2019-09-23,GBP,BBD,sell,2.53074
2019-09-23,GYD,BBD,buy,0.00944
2019-09-23,GYD,BBD,sell,0.0095
2019-09-23,USD,BBD,buy,1.99
2019-09-23,USD,BBD,sell,2.02768
2019-09-23,XCD,BBD,buy,0.73843
2019-09-23,XCD,BBD,sell,0.74306
2019-09-24,BZD,BBD,buy,0.99688
2019-09-24,BZD,BBD,sell,1.00313
2019-09-24,CAD,BBD,buy,1.49687
2019-09-24,CAD,BBD,sell,1.53107
2019-09-24,EUR,BBD,buy,2.18546
2019-09-24,EUR,BBD,sell,2.23062
2019-09-24,GBP,BBD,buy,2.47116
2019-09-24,GBP,BBD,sell,2.52222
2019-09-24,GYD,BBD,buy,0.00943
2019-09-24,GYD,BBD,sell,0.00949
2019-09-24,USD,BBD,buy,1.99
2019-09-24,USD,BBD,sell,2.02768
2019-09-24,XCD,BBD,buy,0.73843
2019-09-24,XCD,BBD,sell,0.74306
2019-09-25,BZD,BBD,buy,0.99688
2019-09-25,BZD,BBD,sell,1.00313
2019-09-25,CAD,BBD,buy,1.49818
2019-09-25,CAD,BBD,sell,1.53241
2019-09-25,EUR,BBD,buy,2.18625
2019-09-25,EUR,BBD,sell,2.23143
2019-09-25,GBP,BBD,buy,2.47831
2019-09-25,GBP,BBD,sell,2.52953
2019-09-25,GYD,BBD,buy,0.00943
2019-09-25,GYD,BBD,sell,0.00949
2019-09-25,USD,BBD,buy,1.99
2019-09-25,USD,BBD,sell,2.02768
2019-09-25,XCD,BBD,buy,0.73843
2019-09-25,XCD,BBD,sell,0.74306
2019-09-26,BZD,BBD,buy,0.99688
2019-09-26,BZD,BBD,sell,1.00313
2019-09-26,CAD,BBD,buy,1.49715
2019-09-26,CAD,BBD,sell,1.53136
2019-09-26,EUR,BBD,buy,2.17462
2019-09-26,EUR,BBD,sell,2.21956
2019-09-26,GBP,BBD,buy,2.45506
2019-09-26,GBP,BBD,sell,2.50579
2019-09-26,GYD,BBD,buy,0.00943
2019-09-26,GYD,BBD,sell,0.00949
2019-09-26,USD,BBD,buy,1.99
2019-09-26,USD,BBD,sell,2.02768
2019-09-26,XCD,BBD,buy,0.73843
2019-09-26,XCD,BBD,sell,0.74306
2019-09-27,BZD,BBD,buy,0.99688
2019-09-27,BZD,BBD,sell,1.00313
2019-09-27,CAD,BBD,buy,1.49659
2019-09-27,CAD,BBD,sell,1.53079
2019-09-27,EUR,BBD,buy,2.17164
2019-09-27,EUR,BBD,sell,2.21652
2019-09-27,GBP,BBD,buy,2.45079
2019-09-27,GBP,BBD,sell,2.50143
2019-09-27,GYD,BBD,buy,0.00943
2019-09-27,GYD,BBD,sell,0.00949
2019-09-27,USD,BBD,buy,1.99
2019-09-27,USD,BBD,sell,2.02768
2019-09-27,XCD,BBD,buy,0.73843
2019-09-27,XCD,BBD,sell,0.74306
2019-09-30,BZD,BBD,buy,0.99688
2019-09-30,BZD,BBD,sell,1.00313
2019-09-30,CAD,BBD,buy,1.498
2019-09-30,CAD,BBD,sell,1.53223
2019-09-30,EUR,BBD,buy,2.17462
2019-09-30,EUR,BBD,sell,2.21956
2019-09-30,GBP,BBD,buy,2.44313
2019-09-30,GBP,BBD,sell,2.49362
2019-09-30,GYD,BBD,buy,0.00943
2019-09-30,GYD,BBD,sell,0.00949
2019-09-30,USD,BBD,buy,1.99
2019-09-30,USD,BBD,sell,2.02768
2019-09-30,XCD,BBD,buy,0.73843
2019-09-30,XCD,BBD,sell,0.74306
2019-10-01,BZD,BBD,buy,0.99688
2019-10-01,BZD,BBD,sell,1.00313
2019-10-01,CAD,BBD,buy,1.49935
2019-10-01,CAD,BBD,sell,1.53361
2019-10-01,EUR,BBD,buy,2.16687
2019-10-01,EUR,BBD,sell,2.21165
2019-10-01,GBP,BBD,buy,2.44453
2019-10-01,GBP,BBD,sell,2.49504
2019-10-01,GYD,BBD,buy,0.00943
2019-10-01,GYD,BBD,sell,0.00949
2019-10-01,USD,BBD,buy,1.99
2019-10-01,USD,BBD,sell,2.02768
2019-10-01,XCD,BBD,buy,0.73843
2019-10-01,XCD,BBD,sell,0.74306
2019-10-02,BZD,BBD,buy,0.99688
2019-10-02,BZD,BBD,sell,1.00313
2019-10-02,CAD,BBD,buy,1.50197
2019-10-02,CAD,BBD,sell,1.53629
2019-10-02,EUR,BBD,buy,2.17313
2019-10-02,EUR,BBD,sell,2.21804
2019-10-02,GBP,BBD,buy,2.44254
2019-10-02,GBP,BBD,sell,2.49301
2019-10-02,GYD,BBD,buy,0.00943
2019-10-02,GYD,BBD,sell,0.00949
2019-10-02,USD,BBD,buy,1.99
2019-10-02,USD,BBD,sell,2.02768
2019-10-02,XCD,BBD,buy,0.73843
2019-10-02,XCD,BBD,sell,0.74306
2019-10-03,BZD,BBD,buy,0.99688
2019-10-03,BZD,BBD,sell,1.00313
2019-10-03,CAD,BBD,buy,1.49064
2019-10-03,CAD,BBD,sell,1.5247
2019-10-03,EUR,BBD,buy,2.1776
2019-10-03,EUR,BBD,sell,2.2226
2019-10-03,GBP,BBD,buy,2.44532
2019-10-03,GBP,BBD,sell,2.49585
2019-10-03,GYD,BBD,buy,0.00943
2019-10-03,GYD,BBD,sell,0.00949
2019-10-03,USD,BBD,buy,1.99
2019-10-03,USD,BBD,sell,2.02768
2019-10-03,XCD,BBD,buy,0.73843
2019-10-03,XCD,BBD,sell,0.74306
2019-10-04,BZD,BBD,buy,0.99688
2019-10-04,BZD,BBD,sell,1.00313
2019-10-04,CAD,BBD,buy,1.48984
2019-10-04,CAD,BBD,sell,1.52388
2019-10-04,EUR,BBD,buy,2.18228
2019-10-04,EUR,BBD,sell,2.22737
2019-10-04,GBP,BBD,buy,2.45645
2019-10-04,GBP,BBD,sell,2.50721
2019-10-04,GYD,BBD,buy,0.00943
2019-10-04,GYD,BBD,sell,0.00949
2019-10-04,USD,BBD,buy,1.99
2019-10-04,USD,BBD,sell,2.02768
2019-10-04,XCD,BBD,buy,0.73843
2019-10-04,XCD,BBD,sell,0.74306
2019-10-07,BZD,BBD,buy,0.99688
2019-10-07,BZD,BBD,sell,1.00313
2019-10-07,CAD,BBD,buy,1.49008
2019-10-07,CAD,BBD,sell,1.52413
2019-10-07,EUR,BBD,buy,2.18267
2019-10-07,EUR,BBD,sell,2.22778
2019-10-07,GBP,BBD,buy,2.45049
2019-10-07,GBP,BBD,sell,2.50113
2019-10-07,GYD,BBD,buy,0.00943
2019-10-07,GYD,BBD,sell,0.00949
2019-10-07,USD,BBD,buy,1.99
2019-10-07,USD,BBD,sell,2.02768
2019-10-07,XCD,BBD,buy,0.73843
2019-10-07,XCD,BBD,sell,0.74306
2019-10-08,BZD,BBD,buy,0.99688
2019-10-08,BZD,BBD,sell,1.00313
2019-10-08,CAD,BBD,buy,1.49085
2019-10-08,CAD,BBD,sell,1.52492
2019-10-08,EUR,BBD,buy,2.18098
2019-10-08,EUR,BBD,sell,2.22605
2019-10-08,GBP,BBD,buy,2.44353
2019-10-08,GBP,BBD,sell,2.49403
2019-10-08,GYD,BBD,buy,0.00944
2019-10-08,GYD,BBD,sell,0.0095
2019-10-08,USD,BBD,buy,1.99
2019-10-08,USD,BBD,sell,2.02768
2019-10-08,XCD,BBD,buy,0.73843
2019-10-08,XCD,BBD,sell,0.74306
2019-10-09,BZD,BBD,buy,0.99688
2019-10-09,BZD,BBD,sell,1.00313
2019-10-09,CAD,BBD,buy,1.49036
2019-10-09,CAD,BBD,sell,1.52441
2019-10-09,EUR,BBD,buy,2.1776
2019-10-09,EUR,BBD,sell,2.2226
2019-10-09,GBP,BBD,buy,2.42783
2019-10-09,GBP,BBD,sell,2.478
2019-10-09,GYD,BBD,buy,0.00944
2019-10-09,GYD,BBD,sell,0.0095
2019-10-09,USD,BBD,buy,1.99
2019-10-09,USD,BBD,sell,2.02768
2019-10-09,XCD,BBD,buy,0.73843
2019-10-09,XCD,BBD,sell,0.74306
2019-10-10,BZD,BBD,buy,0.99688
2019-10-10,BZD,BBD,sell,1.00313
2019-10-10,CAD,BBD,buy,1.48919
2019-10-10,CAD,BBD,sell,1.52321
2019-10-10,EUR,BBD,buy,2.18078
2019-10-10,EUR,BBD,sell,2.22585
2019-10-10,GBP,BBD,buy,2.42704
2019-10-10,GBP,BBD,sell,2.47719
2019-10-10,GYD,BBD,buy,0.00944
2019-10-10,GYD,BBD,sell,0.0095
2019-10-10,USD,BBD,buy,1.99
2019-10-10,USD,BBD,sell,2.02768
2019-10-10,XCD,BBD,buy,0.73843
2019-10-10,XCD,BBD,sell,0.74306
2019-10-11,BZD,BBD,buy,0.99688
2019-10-11,BZD,BBD,sell,1.00313
2019-10-11,CAD,BBD,buy,1.49288
2019-10-11,CAD,BBD,sell,1.52699
2019-10-11,EUR,BBD,buy,2.18784
2019-10-11,EUR,BBD,sell,2.23305
2019-10-11,GBP,BBD,buy,2.47185
2019-10-11,GBP,BBD,sell,2.52293
2019-10-11,GYD,BBD,buy,0.00944
2019-10-11,GYD,BBD,sell,0.0095
2019-10-11,USD,BBD,buy,1.99
2019-10-11,USD,BBD,sell,2.02768
2019-10-11,XCD,BBD,buy,0.73843
2019-10-11,XCD,BBD,sell,0.74306
2019-10-14,BZD,BBD,buy,0.99688
2019-10-14,BZD,BBD,sell,1.00313
2019-10-14,CAD,BBD,buy,1.50544
2019-10-14,CAD,BBD,sell,1.53984
2019-10-14,EUR,BBD,buy,2.195
2019-10-14,EUR,BBD,sell,2.24035
2019-10-14,GBP,BBD,buy,2.51478
2019-10-14,GBP,BBD,sell,2.56675
2019-10-14,GYD,BBD,buy,0.00944
2019-10-14,GYD,BBD,sell,0.0095
2019-10-14,USD,BBD,buy,1.99
2019-10-14,USD,BBD,sell,2.02768
2019-10-14,XCD,BBD,buy,0.73843
2019-10-14,XCD,BBD,sell,0.74306
2019-10-15,BZD,BBD,buy,0.99688
2019-10-15,BZD,BBD,sell,1.00313
2019-10-15,CAD,BBD,buy,1.49975
2019-10-15,CAD,BBD,sell,1.53402
2019-10-15,EUR,BBD,buy,2.19162
2019-10-15,EUR,BBD,sell,2.23691
2019-10-15,GBP,BBD,buy,2.4967
2019-10-15,GBP,BBD,sell,2.54829
2019-10-15,GYD,BBD,buy,0.00944
2019-10-15,GYD,BBD,sell,0.0095
2019-10-15,USD,BBD,buy,1.99
2019-10-15,USD,BBD,sell,2.02768
2019-10-15,XCD,BBD,buy,0.73843
2019-10-15,XCD,BBD,sell,0.74306
2019-10-16,BZD,BBD,buy,0.99688
2019-10-16,BZD,BBD,sell,1.00313
2019-10-16,CAD,BBD,buy,1.5035
2019-10-16,CAD,BBD,sell,1.53785
2019-10-16,EUR,BBD,buy,2.19331
2019-10-16,EUR,BBD,sell,2.23863
2019-10-16,GBP,BBD,buy,2.54102
2019-10-16,GBP,BBD,sell,2.59353
2019-10-16,GYD,BBD,buy,0.00944
2019-10-16,GYD,BBD,sell,0.0095
2019-10-16,USD,BBD,buy,1.99
2019-10-16,USD,BBD,sell,2.02768
2019-10-16,XCD,BBD,buy,0.73843
2019-10-16,XCD,BBD,sell,0.74306
2019-10-17,BZD,BBD,buy,0.99688
2019-10-17,BZD,BBD,sell,1.00313
2019-10-17,CAD,BBD,buy,1.50475
2019-10-17,CAD,BBD,sell,1.53913
2019-10-17,EUR,BBD,buy,2.20036
2019-10-17,EUR,BBD,sell,2.24583
2019-10-17,GBP,BBD,buy,2.54897
2019-10-17,GBP,BBD,sell,2.60164
2019-10-17,GYD,BBD,buy,0.00944
2019-10-17,GYD,BBD,sell,0.0095
2019-10-17,USD,BBD,buy,1.99
2019-10-17,USD,BBD,sell,2.02768
2019-10-17,XCD,BBD,buy,0.73843
2019-10-17,XCD,BBD,sell,0.74306
2019-10-18,BZD,BBD,buy,0.99688
2019-10-18,BZD,BBD,sell,1.00313
2019-10-18,CAD,BBD,buy,1.51049
2019-10-18,CAD,BBD,sell,1.545
2019-10-18,EUR,BBD,buy,2.2104
2019-10-18,EUR,BBD,sell,2.25608
2019-10-18,GBP,BBD,buy,2.5596
2019-10-18,GBP,BBD,sell,2.6125
2019-10-18,GYD,BBD,buy,0.00944
2019-10-18,GYD,BBD,sell,0.0095
2019-10-18,USD,BBD,buy,1.99
2019-10-18,USD,BBD,sell,2.02768
2019-10-18,XCD,BBD,buy,0.73843
2019-10-18,XCD,BBD,sell,0.74306
2019-10-21,BZD,BBD,buy,0.99688
2019-10-21,BZD,BBD,sell,1.00313
2019-10-21,CAD,BBD,buy,1.51233
2019-10-21,CAD,BBD,sell,1.54689
2019-10-21,EUR,BBD,buy,2.21755
2019-10-21,EUR,BBD,sell,2.26338
2019-10-21,GBP,BBD,buy,2.57262
2019-10-21,GBP,BBD,sell,2.62578
2019-10-21,GYD,BBD,buy,0.00944
2019-10-21,GYD,BBD,sell,0.0095
2019-10-21,USD,BBD,buy,1.99
2019-10-21,USD,BBD,sell,2.02768
2019-10-21,XCD,BBD,buy,0.73843
2019-10-21,XCD,BBD,sell,0.74306
2019-10-22,BZD,BBD,buy,0.99688
2019-10-22,BZD,BBD,sell,1.00313
2019-10-22,CAD,BBD,buy,1.51684
2019-10-22,CAD,BBD,sell,1.5515
2019-10-22,EUR,BBD,buy,2.21576
2019-10-22,EUR,BBD,sell,2.26155
2019-10-22,GBP,BBD,buy,2.57759
2019-10-22,GBP,BBD,sell,2.63085
2019-10-22,GYD,BBD,buy,0.00944
2019-10-22,GYD,BBD,sell,0.0095
2019-10-22,USD,BBD,buy,1.99
2019-10-22,USD,BBD,sell,2.02768
2019-10-22,XCD,BBD,buy,0.73843
2019-10-22,XCD,BBD,sell,0.74306
2019-10-23,BZD,BBD,buy,0.99688
2019-10-23,BZD,BBD,sell,1.00313
2019-10-23,CAD,BBD,buy,1.51567
2019-10-23,CAD,BBD,sell,1.5503
2019-10-23,EUR,BBD,buy,2.21099
2019-10-23,EUR,BBD,sell,2.25668
2019-10-23,GBP,BBD,buy,2.56089
2019-10-23,GBP,BBD,sell,2.61381
2019-10-23,GYD,BBD,buy,0.00944
2019-10-23,GYD,BBD,sell,0.0095
2019-10-23,USD,BBD,buy,1.99
2019-10-23,USD,BBD,sell,2.02768
2019-10-23,XCD,BBD,buy,0.73843
2019-10-23,XCD,BBD,sell,0.74306
2019-10-24,BZD,BBD,buy,0.99688
2019-10-24,BZD,BBD,sell,1.00313
2019-10-24,CAD,BBD,buy,1.51775
2019-10-24,CAD,BBD,sell,1.55243
2019-10-24,EUR,BBD,buy,2.21119
2019-10-24,EUR,BBD,sell,2.25689
2019-10-24,GBP,BBD,buy,2.56358
2019-10-24,GBP,BBD,sell,2.61655
2019-10-24,GYD,BBD,buy,0.00944
2019-10-24,GYD,BBD,sell,0.0095
2019-10-24,USD,BBD,buy,1.99
2019-10-24,USD,BBD,sell,2.02768
2019-10-24,XCD,BBD,buy,0.73843
2019-10-24,XCD,BBD,sell,0.74306
2019-10-25,BZD,BBD,buy,0.99688
2019-10-25,BZD,BBD,sell,1.00313
2019-10-25,CAD,BBD,buy,1.51823
2019-10-25,CAD,BBD,sell,1.55292
2019-10-25,EUR,BBD,buy,2.20762
2019-10-25,EUR,BBD,sell,2.25324
2019-10-25,GBP,BBD,buy,2.55672
2019-10-25,GBP,BBD,sell,2.60955
2019-10-25,GYD,BBD,buy,0.00944
2019-10-25,GYD,BBD,sell,0.0095
2019-10-25,USD,BBD,buy,1.99
2019-10-25,USD,BBD,sell,2.02768
2019-10-25,XCD,BBD,buy,0.73843
2019-10-25,XCD,BBD,sell,0.74306
2019-10-28,BZD,BBD,buy,0.99688
2019-10-28,BZD,BBD,sell,1.00313
2019-10-28,CAD,BBD,buy,1.51926
2019-10-28,CAD,BBD,sell,1.55397
2019-10-28,EUR,BBD,buy,2.20195
2019-10-28,EUR,BBD,sell,2.24745
2019-10-28,GBP,BBD,buy,2.54957
2019-10-28,GBP,BBD,sell,2.60225
2019-10-28,GYD,BBD,buy,0.00944
2019-10-28,GYD,BBD,sell,0.0095
2019-10-28,USD,BBD,buy,1.99
2019-10-28,USD,BBD,sell,2.02768
2019-10-28,XCD,BBD,buy,0.73843
2019-10-28,XCD,BBD,sell,0.74306
2019-10-29,BZD,BBD,buy,0.99688
2019-10-29,BZD,BBD,sell,1.00313
2019-10-29,CAD,BBD,buy,1.52043
2019-10-29,CAD,BBD,sell,1.55517
2019-10-29,EUR,BBD,buy,2.20553
2019-10-29,EUR,BBD,sell,2.25111
2019-10-29,GBP,BBD,buy,2.55563
2019-10-29,GBP,BBD,sell,2.60844
2019-10-29,GYD,BBD,buy,0.00944
2019-10-29,GYD,BBD,sell,0.0095
2019-10-29,USD,BBD,buy,1.99
2019-10-29,USD,BBD,sell,2.02768
2019-10-29,XCD,BBD,buy,0.73843
2019-10-29,XCD,BBD,sell,0.74306
2019-10-30,BZD,BBD,buy,0.99688
2019-10-30,BZD,BBD,sell,1.00313
2019-10-30,CAD,BBD,buy,1.51672
2019-10-30,CAD,BBD,sell,1.55138
2019-10-30,EUR,BBD,buy,2.20831
2019-10-30,EUR,BBD,sell,2.25395
2019-10-30,GBP,BBD,buy,2.55563
2019-10-30,GBP,BBD,sell,2.60844
2019-10-30,GYD,BBD,buy,0.00944
2019-10-30,GYD,BBD,sell,0.0095
2019-10-30,USD,BBD,buy,1.99
2019-10-30,USD,BBD,sell,2.02768
2019-10-30,XCD,BBD,buy,0.73843
2019-10-30,XCD,BBD,sell,0.74306
2019-10-31,BZD,BBD,buy,0.99688
2019-10-31,BZD,BBD,sell,1.00313
2019-10-31,CAD,BBD,buy,1.50368
2019-10-31,CAD,BBD,sell,1.53804
2019-10-31,EUR,BBD,buy,2.20344
2019-10-31,EUR,BBD,sell,2.24898
2019-10-31,GBP,BBD,buy,2.55473
2019-10-31,GBP,BBD,sell,2.60753
2019-10-31,GYD,BBD,buy,0.00944
2019-10-31,GYD,BBD,sell,0.0095
2019-10-31,USD,BBD,buy,1.99
2019-10-31,USD,BBD,sell,2.02768
2019-10-31,XCD,BBD,buy,0.73843
2019-10-31,XCD,BBD,sell,0.74306
2019-11-01,BZD,BBD,buy,0.99688
2019-11-01,BZD,BBD,sell,1.00313
2019-11-01,CAD,BBD,buy,1.50779
2019-11-01,CAD,BBD,sell,1.54224
2019-11-01,EUR,BBD,buy,2.21487
2019-11-01,EUR,BBD,sell,2.26064
2019-11-01,GBP,BBD,buy,2.57143
2019-11-01,GBP,BBD,sell,2.62457
2019-11-01,GYD,BBD,buy,0.00944
2019-11-01,GYD,BBD,sell,0.0095
2019-11-01,USD,BBD,buy,1.99
2019-11-01,USD,BBD,sell,2.02768
2019-11-01,XCD,BBD,buy,0.73843
2019-11-01,XCD,BBD,sell,0.74306
2019-11-04,BZD,BBD,buy,0.99688
2019-11-04,BZD,BBD,sell,1.00313
2019-11-04,CAD,BBD,buy,1.50957
2019-11-04,CAD,BBD,sell,1.54407
2019-11-04,EUR,BBD,buy,2.21865
2019-11-04,EUR,BBD,sell,2.26449
2019-11-04,GBP,BBD,buy,2.57073
2019-11-04,GBP,BBD,sell,2.62386
2019-11-04,GYD,BBD,buy,0.00944
2019-11-04,GYD,BBD,sell,0.0095
2019-11-04,USD,BBD,buy,1.99
2019-11-04,USD,BBD,sell,2.02768
2019-11-04,XCD,BBD,buy,0.73843
2019-11-04,XCD,BBD,sell,0.74306
2019-11-05,BZD,BBD,buy,0.99688
2019-11-05,BZD,BBD,sell,1.00313
2019-11-05,CAD,BBD,buy,1.50922
2019-11-05,CAD,BBD,sell,1.5437
2019-11-05,EUR,BBD,buy,2.21189
2019-11-05,EUR,BBD,sell,2.2576
2019-11-05,GBP,BBD,buy,2.5596
2019-11-05,GBP,BBD,sell,2.6125
2019-11-05,GYD,BBD,buy,0.00944
2019-11-05,GYD,BBD,sell,0.0095
2019-11-05,USD,BBD,buy,1.99
2019-11-05,USD,BBD,sell,2.02768
2019-11-05,XCD,BBD,buy,0.73843
2019-11-05,XCD,BBD,sell,0.74306
2019-11-06,BZD,BBD,buy,0.99688
2019-11-06,BZD,BBD,sell,1.00313
2019-11-06,CAD,BBD,buy,1.5083
2019-11-06,CAD,BBD,sell,1.54277
2019-11-06,EUR,BBD,buy,2.19977
2019-11-06,EUR,BBD,sell,2.24522
2019-11-06,GBP,BBD,buy,2.5604
2019-11-06,GBP,BBD,sell,2.61331
2019-11-06,GYD,BBD,buy,0.00944
2019-11-06,GYD,BBD,sell,0.0095
2019-11-06,USD,BBD,buy,1.99
2019-11-06,USD,BBD,sell,2.02768
2019-11-06,XCD,BBD,buy,0.73843
2019-11-06,XCD,BBD,sell,0.74306
2019-11-07,BZD,BBD,buy,0.99688
2019-11-07,BZD,BBD,sell,1.00313
2019-11-07,CAD,BBD,buy,1.50578
2019-11-07,CAD,BBD,sell,1.54019
2019-11-07,EUR,BBD,buy,2.20006
2019-11-07,EUR,BBD,sell,2.24553
2019-11-07,GBP,BBD,buy,2.55324
2019-11-07,GBP,BBD,sell,2.606
2019-11-07,GYD,BBD,buy,0.00944
2019-11-07,GYD,BBD,sell,0.0095
2019-11-07,USD,BBD,buy,1.99
2019-11-07,USD,BBD,sell,2.02768
2019-11-07,XCD,BBD,buy,0.73843
2019-11-07,XCD,BBD,sell,0.74306
2019-11-08,BZD,BBD,buy,0.99688
2019-11-08,BZD,BBD,sell,1.00313
2019-11-08,CAD,BBD,buy,1.50624
2019-11-08,CAD,BBD,sell,1.54066
2019-11-08,EUR,BBD,buy,2.19579
2019-11-08,EUR,BBD,sell,2.24117
2019-11-08,GBP,BBD,buy,2.54817
2019-11-08,GBP,BBD,sell,2.60083
2019-11-08,GYD,BBD,buy,0.00944
2019-11-08,GYD,BBD,sell,0.0095
2019-11-08,USD,BBD,buy,1.99
2019-11-08,USD,BBD,sell,2.02768
2019-11-08,XCD,BBD,buy,0.73843
2019-11-08,XCD,BBD,sell,0.74306
2019-11-11,BZD,BBD,buy,0.99688
2019-11-11,BZD,BBD,sell,1.00313
2019-11-11,CAD,BBD,buy,1.50066
2019-11-11,CAD,BBD,sell,1.53495
2019-11-11,EUR,BBD,buy,2.19102
2019-11-11,EUR,BBD,sell,2.2363
2019-11-11,GBP,BBD,buy,2.54032
2019-11-11,GBP,BBD,sell,2.59282
2019-11-11,GYD,BBD,buy,0.00944
2019-11-11,GYD,BBD,sell,0.0095
2019-11-11,USD,BBD,buy,1.99
2019-11-11,USD,BBD,sell,2.02768
2019-11-11,XCD,BBD,buy,0.73843
2019-11-11,XCD,BBD,sell,0.74306
2019-11-12,BZD,BBD,buy,0.99688
2019-11-12,BZD,BBD,sell,1.00313
2019-11-12,CAD,BBD,buy,1.50191
2019-11-12,CAD,BBD,sell,1.53623
2019-11-12,EUR,BBD,buy,2.1939
2019-11-12,EUR,BBD,sell,2.23924
2019-11-12,GBP,BBD,buy,2.55513
2019-11-12,GBP,BBD,sell,2.60793
2019-11-12,GYD,BBD,buy,0.00944
2019-11-12,GYD,BBD,sell,0.0095
2019-11-12,USD,BBD,buy,1.99
2019-11-12,USD,BBD,sell,2.02768
2019-11-12,XCD,BBD,buy,0.73843
2019-11-12,XCD,BBD,sell,0.74306
2019-11-13,BZD,BBD,buy,0.99688
2019-11-13,BZD,BBD,sell,1.00313
2019-11-13,CAD,BBD,buy,1.5013
2019-11-13,CAD,BBD,sell,1.5356
2019-11-13,EUR,BBD,buy,2.18814
2019-11-13,EUR,BBD,sell,2.23336
2019-11-13,GBP,BBD,buy,2.55583
2019-11-13,GBP,BBD,sell,2.60864
2019-11-13,GYD,BBD,buy,0.00944
2019-11-13,GYD,BBD,sell,0.0095
2019-11-13,USD,BBD,buy,1.99
2019-11-13,USD,BBD,sell,2.02768
2019-11-13,XCD,BBD,buy,0.73843
2019-11-13,XCD,BBD,sell,0.74306
2019-11-14,BZD,BBD,buy,0.99688
2019-11-14,BZD,BBD,sell,1.00313
2019-11-14,CAD,BBD,buy,1.49794
2019-11-14,CAD,BBD,sell,1.53217
2019-11-14,EUR,BBD,buy,2.18665
2019-11-14,EUR,BBD,sell,2.23183
2019-11-14,GBP,BBD,buy,2.55245
2019-11-14,GBP,BBD,sell,2.60519
2019-11-14,GYD,BBD,buy,0.00944
2019-11-14,GYD,BBD,sell,0.0095
2019-11-14,USD,BBD,buy,1.99
2019-11-14,USD,BBD,sell,2.02768
2019-11-14,XCD,BBD,buy,0.73843
2019-11-14,XCD,BBD,sell,0.74306
2019-11-15,BZD,BBD,buy,0.99688
2019-11-15,BZD,BBD,sell,1.00313
2019-11-15,CAD,BBD,buy,1.49727
2019-11-15,CAD,BBD,sell,1.53148
2019-11-15,EUR,BBD,buy,2.19062
2019-11-15,EUR,BBD,sell,2.23589
2019-11-15,GBP,BBD,buy,2.5598
2019-11-15,GBP,BBD,sell,2.6127
2019-11-15,GYD,BBD,buy,0.00944
2019-11-15,GYD,BBD,sell,0.0095
2019-11-15,USD,BBD,buy,1.99
2019-11-15,USD,BBD,sell,2.02768
2019-11-15,XCD,BBD,buy,0.73843
2019-11-15,XCD,BBD,sell,0.74306
2019-11-18,BZD,BBD,buy,0.99688
2019-11-18,BZD,BBD,sell,1.00313
2019-11-18,CAD,BBD,buy,1.49965
2019-11-18,CAD,BBD,sell,1.53391
2019-11-18,EUR,BBD,buy,2.19738
2019-11-18,EUR,BBD,sell,2.24279
2019-11-18,GBP,BBD,buy,2.56477
2019-11-18,GBP,BBD,sell,2.61777
2019-11-18,GYD,BBD,buy,0.00944
2019-11-18,GYD,BBD,sell,0.0095
2019-11-18,USD,BBD,buy,1.99
2019-11-18,USD,BBD,sell,2.02768
2019-11-18,XCD,BBD,buy,0.73843
2019-11-18,XCD,BBD,sell,0.74306
2019-11-19,BZD,BBD,buy,0.99688
2019-11-19,BZD,BBD,sell,1.00313
2019-11-19,CAD,BBD,buy,1.50225
2019-11-19,CAD,BBD,sell,1.53657
2019-11-19,EUR,BBD,buy,2.20185
2019-11-19,EUR,BBD,sell,2.24735
2019-11-19,GBP,BBD,buy,2.57669
2019-11-19,GBP,BBD,sell,2.62994
2019-11-19,GYD,BBD,buy,0.00943
2019-11-19,GYD,BBD,sell,0.00949
2019-11-19,USD,BBD,buy,1.99
2019-11-19,USD,BBD,sell,2.02768
2019-11-19,XCD,BBD,buy,0.73843
2019-11-19,XCD,BBD,sell,0.74306
2019-11-20,BZD,BBD,buy,0.99688
2019-11-20,BZD,BBD,sell,1.00313
2019-11-20,CAD,BBD,buy,1.49602
2019-11-20,CAD,BBD,sell,1.5302
2019-11-20,EUR,BBD,buy,2.20265
2019-11-20,EUR,BBD,sell,2.24816
2019-11-20,GBP,BBD,buy,2.56845
2019-11-20,GBP,BBD,sell,2.62152
2019-11-20,GYD,BBD,buy,0.00943
2019-11-20,GYD,BBD,sell,0.00949
2019-11-20,USD,BBD,buy,1.99
2019-11-20,USD,BBD,sell,2.02768
2019-11-20,XCD,BBD,buy,0.73843
2019-11-20,XCD,BBD,sell,0.74306
2019-11-21,BZD,BBD,buy,0.99688
2019-11-21,BZD,BBD,sell,1.00313
2019-11-21,CAD,BBD,buy,1.49131
2019-11-21,CAD,BBD,sell,1.52539
2019-11-21,EUR,BBD,buy,2.19986
2019-11-21,EUR,BBD,sell,2.24532
2019-11-21,GBP,BBD,buy,2.56775
2019-11-21,GBP,BBD,sell,2.62081
2019-11-21,GYD,BBD,buy,0.00943
2019-11-21,GYD,BBD,sell,0.00949
2019-11-21,USD,BBD,buy,1.99
2019-11-21,USD,BBD,sell,2.02768
2019-11-21,XCD,BBD,buy,0.73843
2019-11-21,XCD,BBD,sell,0.74306
2019-11-22,BZD,BBD,buy,0.99688
2019-11-22,BZD,BBD,sell,1.00313
2019-11-22,CAD,BBD,buy,1.49467
2019-11-22,CAD,BBD,sell,1.52882
2019-11-22,EUR,BBD,buy,2.19808
2019-11-22,EUR,BBD,sell,2.2435
2019-11-22,GBP,BBD,buy,2.56358
2019-11-22,GBP,BBD,sell,2.61655
2019-11-22,GYD,BBD,buy,0.00943
2019-11-22,GYD,BBD,sell,0.00949
2019-11-22,USD,BBD,buy,1.99
2019-11-22,USD,BBD,sell,2.02768
2019-11-22,XCD,BBD,buy,0.73843
2019-11-22,XCD,BBD,sell,0.74306
2019-11-25,BZD,BBD,buy,0.99688
2019-11-25,BZD,BBD,sell,1.00313
2019-11-25,CAD,BBD,buy,1.4931
2019-11-25,CAD,BBD,sell,1.52721
2019-11-25,EUR,BBD,buy,2.19072
2019-11-25,EUR,BBD,sell,2.23599
2019-11-25,GBP,BBD,buy,2.55106
2019-11-25,GBP,BBD,sell,2.60377
2019-11-25,GYD,BBD,buy,0.00943
2019-11-25,GYD,BBD,sell,0.00949
2019-11-25,USD,BBD,buy,1.99
2019-11-25,USD,BBD,sell,2.02768
2019-11-25,XCD,BBD,buy,0.73843
2019-11-25,XCD,BBD,sell,0.74306
2019-11-26,BZD,BBD,buy,0.99688
2019-11-26,BZD,BBD,sell,1.00313
2019-11-26,CAD,BBD,buy,1.49131
2019-11-26,CAD,BBD,sell,1.52539
2019-11-26,EUR,BBD,buy,2.18794
2019-11-26,EUR,BBD,sell,2.23315
2019-11-26,GBP,BBD,buy,2.56348
2019-11-26,GBP,BBD,sell,2.61645
2019-11-26,GYD,BBD,buy,0.00943
2019-11-26,GYD,BBD,sell,0.00949
2019-11-26,USD,BBD,buy,1.99
2019-11-26,USD,BBD,sell,2.02768
2019-11-26,XCD,BBD,buy,0.73843
2019-11-26,XCD,BBD,sell,0.74306
2019-11-27,BZD,BBD,buy,0.99688
2019-11-27,BZD,BBD,sell,1.00313
2019-11-27,CAD,BBD,buy,1.49496
2019-11-27,CAD,BBD,sell,1.52912
2019-11-27,EUR,BBD,buy,2.19042
2019-11-27,EUR,BBD,sell,2.23569
2019-11-27,GBP,BBD,buy,2.55622
2019-11-27,GBP,BBD,sell,2.60905
2019-11-27,GYD,BBD,buy,0.00943
2019-11-27,GYD,BBD,sell,0.00949
2019-11-27,USD,BBD,buy,1.99
2019-11-27,USD,BBD,sell,2.02768
2019-11-27,XCD,BBD,buy,0.73843
2019-11-27,XCD,BBD,sell,0.74306
2019-11-28,BZD,BBD,buy,0.99688
2019-11-28,BZD,BBD,sell,1.00313
2019-11-28,CAD,BBD,buy,1.49411
2019-11-28,CAD,BBD,sell,1.52825
2019-11-28,EUR,BBD,buy,2.18645
2019-11-28,EUR,BBD,sell,2.23163
2019-11-28,GBP,BBD,buy,2.56477
2019-11-28,GBP,BBD,sell,2.61777
2019-11-28,GYD,BBD,buy,0.00943
2019-11-28,GYD,BBD,sell,0.00949
2019-11-28,USD,BBD,buy,1.99
2019-11-28,USD,BBD,sell,2.02768
2019-11-28,XCD,BBD,buy,0.73843
2019-11-28,XCD,BBD,sell,0.74306
2019-11-29,BZD,BBD,buy,0.99688
2019-11-29,BZD,BBD,sell,1.00313
2019-11-29,CAD,BBD,buy,1.49445
2019-11-29,CAD,BBD,sell,1.5286
2019-11-29,EUR,BBD,buy,2.18794
2019-11-29,EUR,BBD,sell,2.23315
2019-11-29,GBP,BBD,buy,2.56626
2019-11-29,GBP,BBD,sell,2.61929
2019-11-29,GYD,BBD,buy,0.00943
2019-11-29,GYD,BBD,sell,0.00949
2019-11-29,USD,BBD,buy,1.99
2019-11-29,USD,BBD,sell,2.02768
2019-11-29,XCD,BBD,buy,0.73843
2019-11-29,XCD,BBD,sell,0.74306
2019-12-02,BZD,BBD,buy,0.99688
2019-12-02,BZD,BBD,sell,1.00313
2019-12-02,CAD,BBD,buy,1.49433
2019-12-02,CAD,BBD,sell,1.52847
2019-12-02,EUR,BBD,buy,2.18963
2019-12-02,EUR,BBD,sell,2.23488
2019-12-02,GBP,BBD,buy,2.56994
2019-12-02,GBP,BBD,sell,2.62304
2019-12-02,GYD,BBD,buy,0.00943
2019-12-02,GYD,BBD,sell,0.00949
2019-12-02,USD,BBD,buy,1.99
2019-12-02,USD,BBD,sell,2.02768
2019-12-02,XCD,BBD,buy,0.73843
2019-12-02,XCD,BBD,sell,0.74306
2019-12-03,BZD,BBD,buy,0.99688
2019-12-03,BZD,BBD,sell,1.00313
2019-12-03,CAD,BBD,buy,1.49276
2019-12-03,CAD,BBD,sell,1.52687
2019-12-03,EUR,BBD,buy,2.20136
2019-12-03,EUR,BBD,sell,2.24685
2019-12-03,GBP,BBD,buy,2.57113
2019-12-03,GBP,BBD,sell,2.62426
2019-12-03,GYD,BBD,buy,0.00943
2019-12-03,GYD,BBD,sell,0.00949
2019-12-03,USD,BBD,buy,1.99
2019-12-03,USD,BBD,sell,2.02768
2019-12-03,XCD,BBD,buy,0.73843
2019-12-03,XCD,BBD,sell,0.74306
2019-12-04,BZD,BBD,buy,0.99688
2019-12-04,BZD,BBD,sell,1.00313
2019-12-04,CAD,BBD,buy,1.49276
2019-12-04,CAD,BBD,sell,1.52687
2019-12-04,EUR,BBD,buy,2.20334
2019-12-04,EUR,BBD,sell,2.24887
2019-12-04,GBP,BBD,buy,2.58484
2019-12-04,GBP,BBD,sell,2.63826
2019-12-04,GYD,BBD,buy,0.00943
2019-12-04,GYD,BBD,sell,0.00949
2019-12-04,USD,BBD,buy,1.99
2019-12-04,USD,BBD,sell,2.02768
2019-12-04,XCD,BBD,buy,0.73843
2019-12-04,XCD,BBD,sell,0.74306
2019-12-05,BZD,BBD,buy,0.99688
2019-12-05,BZD,BBD,sell,1.00313
2019-12-05,CAD,BBD,buy,1.50407
2019-12-05,CAD,BBD,sell,1.53844
2019-12-05,EUR,BBD,buy,2.20126
2019-12-05,EUR,BBD,sell,2.24674
2019-12-05,GBP,BBD,buy,2.60253
2019-12-05,GBP,BBD,sell,2.65631
2019-12-05,GYD,BBD,buy,0.00943
2019-12-05,GYD,BBD,sell,0.00949
2019-12-05,USD,BBD,buy,1.99
2019-12-05,USD,BBD,sell,2.02768
2019-12-05,XCD,BBD,buy,0.73843
2019-12-05,XCD,BBD,sell,0.74306
2019-12-06,BZD,BBD,buy,0.99688
2019-12-06,BZD,BBD,sell,1.00313
2019-12-06,CAD,BBD,buy,1.50693
2019-12-06,CAD,BBD,sell,1.54137
2019-12-06,EUR,BBD,buy,2.20652
2019-12-06,EUR,BBD,sell,2.25212
2019-12-06,GBP,BBD,buy,2.61545
2019-12-06,GBP,BBD,sell,2.6695
2019-12-06,GYD,BBD,buy,0.00943
2019-12-06,GYD,BBD,sell,0.00949
2019-12-06,USD,BBD,buy,1.99
2019-12-06,USD,BBD,sell,2.02768
2019-12-06,XCD,BBD,buy,0.73843
2019-12-06,XCD,BBD,sell,0.74306
2019-12-09,BZD,BBD,buy,0.99688
2019-12-09,BZD,BBD,sell,1.00313
2019-12-09,CAD,BBD,buy,1.49715
2019-12-09,CAD,BBD,sell,1.53136
2019-12-09,EUR,BBD,buy,2.19639
2019-12-09,EUR,BBD,sell,2.24177
2019-12-09,GBP,BBD,buy,2.61068
2019-12-09,GBP,BBD,sell,2.66463
2019-12-09,GYD,BBD,buy,0.00943
2019-12-09,GYD,BBD,sell,0.00949
2019-12-09,USD,BBD,buy,1.99
2019-12-09,USD,BBD,sell,2.02768
2019-12-09,XCD,BBD,buy,0.73843
2019-12-09,XCD,BBD,sell,0.74306
2019-12-10,BZD,BBD,buy,0.99688
2019-12-10,BZD,BBD,sell,1.00313
2019-12-10,CAD,BBD,buy,1.49987
2019-12-10,CAD,BBD,sell,1.53414
2019-12-10,EUR,BBD,buy,2.19837
2019-12-10,EUR,BBD,sell,2.2438
2019-12-10,GBP,BBD,buy,2.61406
2019-12-10,GBP,BBD,sell,2.66808
2019-12-10,GYD,BBD,buy,0.00943
2019-12-10,GYD,BBD,sell,0.00949
2019-12-10,USD,BBD,buy,1.99
2019-12-10,USD,BBD,sell,2.02768
2019-12-10,XCD,BBD,buy,0.73843
2019-12-10,XCD,BBD,sell,0.74306
2019-12-11,BZD,BBD,buy,0.99688
2019-12-11,BZD,BBD,sell,1.00313
2019-12-11,CAD,BBD,buy,1.50026
2019-12-11,CAD,BBD,sell,1.53454
2019-12-11,EUR,BBD,buy,2.20404
2019-12-11,EUR,BBD,sell,2.24958
2019-12-11,GBP,BBD,buy,2.62121
2019-12-11,GBP,BBD,sell,2.67538
2019-12-11,GYD,BBD,buy,0.00943
2019-12-11,GYD,BBD,sell,0.00949
2019-12-11,USD,BBD,buy,1.99
2019-12-11,USD,BBD,sell,2.02768
2019-12-11,XCD,BBD,buy,0.73843
2019-12-11,XCD,BBD,sell,0.74306
2019-12-12,BZD,BBD,buy,0.99688
2019-12-12,BZD,BBD,sell,1.00313
2019-12-12,CAD,BBD,buy,1.50527
2019-12-12,CAD,BBD,sell,1.53966
2019-12-12,EUR,BBD,buy,2.20583
2019-12-12,EUR,BBD,sell,2.25141
2019-12-12,GBP,BBD,buy,2.61873
2019-12-12,GBP,BBD,sell,2.67285
2019-12-12,GYD,BBD,buy,0.00943
2019-12-12,GYD,BBD,sell,0.00949
2019-12-12,USD,BBD,buy,1.99
2019-12-12,USD,BBD,sell,2.02768
2019-12-12,XCD,BBD,buy,0.73843
2019-12-12,XCD,BBD,sell,0.74306
2019-12-13,BZD,BBD,buy,0.99688
2019-12-13,BZD,BBD,sell,1.00313
2019-12-13,CAD,BBD,buy,1.50499
2019-12-13,CAD,BBD,sell,1.53938
2019-12-13,EUR,BBD,buy,2.20791
2019-12-13,EUR,BBD,sell,2.25354
2019-12-13,GBP,BBD,buy,2.60015
2019-12-13,GBP,BBD,sell,2.65388
2019-12-13,GYD,BBD,buy,0.00943
2019-12-13,GYD,BBD,sell,0.00949
2019-12-13,USD,BBD,buy,1.99
2019-12-13,USD,BBD,sell,2.02768
2019-12-13,XCD,BBD,buy,0.73843
2019-12-13,XCD,BBD,sell,0.74306
2019-12-16,BZD,BBD,buy,0.99688
2019-12-16,BZD,BBD,sell,1.00313
2019-12-16,CAD,BBD,buy,1.50566
2019-12-16,CAD,BBD,sell,1.54007
2019-12-16,EUR,BBD,buy,2.2102
2019-12-16,EUR,BBD,sell,2.25587
2019-12-16,GBP,BBD,buy,2.64964
2019-12-16,GBP,BBD,sell,2.70439
2019-12-16,GYD,BBD,buy,0.00943
2019-12-16,GYD,BBD,sell,0.00949
2019-12-16,USD,BBD,buy,1.99
2019-12-16,USD,BBD,sell,2.02768
2019-12-16,XCD,BBD,buy,0.73843
2019-12-16,XCD,BBD,sell,0.74306
2019-12-17,BZD,BBD,buy,0.99688
2019-12-17,BZD,BBD,sell,1.00313
2019-12-17,CAD,BBD,buy,1.51037
2019-12-17,CAD,BBD,sell,1.54488
2019-12-17,EUR,BBD,buy,2.21517
2019-12-17,EUR,BBD,sell,2.26094
2019-12-17,GBP,BBD,buy,2.65083
2019-12-17,GBP,BBD,sell,2.70561
2019-12-17,GYD,BBD,buy,0.00943
2019-12-17,GYD,BBD,sell,0.00949
2019-12-17,USD,BBD,buy,1.99
2019-12-17,USD,BBD,sell,2.02768
2019-12-17,XCD,BBD,buy,0.73843
2019-12-17,XCD,BBD,sell,0.74306
2019-12-18,BZD,BBD,buy,0.99688
2019-12-18,BZD,BBD,sell,1.00313
2019-12-18,CAD,BBD,buy,1.50733
2019-12-18,CAD,BBD,sell,1.54177
2019-12-18,EUR,BBD,buy,2.21626
2019-12-18,EUR,BBD,sell,2.26206
2019-12-18,GBP,BBD,buy,2.6073
2019-12-18,GBP,BBD,sell,2.66118
2019-12-18,GYD,BBD,buy,0.00943
2019-12-18,GYD,BBD,sell,0.00949
2019-12-18,USD,BBD,buy,1.99
2019-12-18,USD,BBD,sell,2.02768
2019-12-18,XCD,BBD,buy,0.73843
2019-12-18,XCD,BBD,sell,0.74306
2019-12-19,BZD,BBD,buy,0.99688
2019-12-19,BZD,BBD,sell,1.00313
2019-12-19,CAD,BBD,buy,1.51434
2019-12-19,CAD,BBD,sell,1.54894
2019-12-19,EUR,BBD,buy,2.20921
2019-12-19,EUR,BBD,sell,2.25486
2019-12-19,GBP,BBD,buy,2.59796
2019-12-19,GBP,BBD,sell,2.65165
2019-12-19,GYD,BBD,buy,0.00943
2019-12-19,GYD,BBD,sell,0.00949
2019-12-19,USD,BBD,buy,1.99
2019-12-19,USD,BBD,sell,2.02768
2019-12-19,XCD,BBD,buy,0.73843
2019-12-19,XCD,BBD,sell,0.74306
2019-12-20,BZD,BBD,buy,0.99688
2019-12-20,BZD,BBD,sell,1.00313
2019-12-20,CAD,BBD,buy,1.51255
2019-12-20,CAD,BBD,sell,1.54711
2019-12-20,EUR,BBD,buy,2.21149
2019-12-20,EUR,BBD,sell,2.25719
2019-12-20,GBP,BBD,buy,2.58802
2019-12-20,GBP,BBD,sell,2.6415
2019-12-20,GYD,BBD,buy,0.00943
2019-12-20,GYD,BBD,sell,0.00949
2019-12-20,USD,BBD,buy,1.99
2019-12-20,USD,BBD,sell,2.02768
2019-12-20,XCD,BBD,buy,0.73843
2019-12-20,XCD,BBD,sell,0.74306
2019-12-23,BZD,BBD,buy,0.99688
2019-12-23,BZD,BBD,sell,1.00313
2019-12-23,CAD,BBD,buy,1.50715
2019-12-23,CAD,BBD,sell,1.54159
2019-12-23,EUR,BBD,buy,2.19957
2019-12-23,EUR,BBD,sell,2.24502
2019-12-23,GBP,BBD,buy,2.58614
2019-12-23,GBP,BBD,sell,2.63958
2019-12-23,GYD,BBD,buy,0.00943
2019-12-23,GYD,BBD,sell,0.00949
2019-12-23,USD,BBD,buy,1.99
2019-12-23,USD,BBD,sell,2.02768
2019-12-23,XCD,BBD,buy,0.73843
2019-12-23,XCD,BBD,sell,0.74306
2019-12-24,BZD,BBD,buy,0.99688
2019-12-24,BZD,BBD,sell,1.00313
2019-12-24,CAD,BBD,buy,1.50991
2019-12-24,CAD,BBD,sell,1.54441
2019-12-24,EUR,BBD,buy,2.20414
2019-12-24,EUR,BBD,sell,2.24969
2019-12-24,GBP,BBD,buy,2.56984
2019-12-24,GBP,BBD,sell,2.62294
2019-12-24,GYD,BBD,buy,0.00943
2019-12-24,GYD,BBD,sell,0.00949
2019-12-24,USD,BBD,buy,1.99
2019-12-24,USD,BBD,sell,2.02768
2019-12-24,XCD,BBD,buy,0.73843
2019-12-24,XCD,BBD,sell,0.74306
2019-12-27,BZD,BBD,buy,0.99688
2019-12-27,BZD,BBD,sell,1.00313
2019-12-27,CAD,BBD,buy,1.51648
2019-12-27,CAD,BBD,sell,1.55113
2019-12-27,EUR,BBD,buy,2.21557
2019-12-27,EUR,BBD,sell,2.26135
2019-12-27,GBP,BBD,buy,2.59846
2019-12-27,GBP,BBD,sell,2.65215
2019-12-27,GYD,BBD,buy,0.00943
2019-12-27,GYD,BBD,sell,0.00949
2019-12-27,USD,BBD,buy,1.99
2019-12-27,USD,BBD,sell,2.02768
2019-12-27,XCD,BBD,buy,0.73843
2019-12-27,XCD,BBD,sell,0.74306
2019-12-30,BZD,BBD,buy,0.99688
2019-12-30,BZD,BBD,sell,1.00313
2019-12-30,CAD,BBD,buy,1.51856
2019-12-30,CAD,BBD,sell,1.55326
2019-12-30,EUR,BBD,buy,2.22203
2019-12-30,EUR,BBD,sell,2.26794
2019-12-30,GBP,BBD,buy,2.60293
2019-12-30,GBP,BBD,sell,2.65672
2019-12-30,GYD,BBD,buy,0.00943
2019-12-30,GYD,BBD,sell,0.00949
2019-12-30,USD,BBD,buy,1.99
2019-12-30,USD,BBD,sell,2.02768
2019-12-30,XCD,BBD,buy,0.73843
2019-12-30,XCD,BBD,sell,0.74306
2019-12-31,BZD,BBD,buy,0.99688
2019-12-31,BZD,BBD,sell,1.00313
2019-12-31,CAD,BBD,buy,1.52055
2019-12-31,CAD,BBD,sell,1.55529
2019-12-31,EUR,BBD,buy,2.2262
2019-12-31,EUR,BBD,sell,2.2722
2019-12-31,GBP,BBD,buy,2.6075
2019-12-31,GBP,BBD,sell,2.66138
2019-12-31,GYD,BBD,buy,0.00943
2019-12-31,GYD,BBD,sell,0.00949
2019-12-31,USD,BBD,buy,1.99
2019-12-31,USD,BBD,sell,2.02768
2019-12-31,XCD,BBD,buy,0.73843
2019-12-31,XCD,BBD,sell,0.74306
