date,base,quote,type,value
2020-01-01,AED,LKR,indicative,49.4129
2020-01-01,AUD,LKR,indicative,127.3321
2020-01-01,BDT,LKR,indicative,2.1379
2020-01-01,BHD,LKR,indicative,481.4289
2020-01-01,BND,LKR,indicative,134.8398
2020-01-01,BRL,LKR,indicative,45.1551
2020-01-01,CAD,LKR,indicative,139.7614
2020-01-01,CHF,LKR,indicative,187.5011
2020-01-01,CNH,LKR,indicative,26.0695
2020-01-01,CNY,LKR,indicative,26.0658
2020-01-01,CZK,LKR,indicative,7.9995
2020-01-01,DKK,LKR,indicative,27.2397
2020-01-01,EGP,LKR,indicative,11.3085
2020-01-01,EUR,LKR,indicative,203.5081
2020-01-01,GBP,LKR,indicative,240.6886
2020-01-01,GHS,LKR,indicative,31.8423
2020-01-01,HKD,LKR,indicative,23.298
2020-01-01,HUF,LKR,indicative,0.6148
2020-01-01,IDR,LKR,indicative,0.0131
2020-01-01,INR,LKR,indicative,2.5436
2020-01-01,IRR,LKR,indicative,0.0043
2020-01-01,JOD,LKR,indicative,255.9959
2020-01-01,JPY,LKR,indicative,1.6711
2020-01-01,KES,LKR,indicative,1.7908
2020-01-01,KRW,LKR,indicative,0.1571
2020-01-01,KWD,LKR,indicative,598.6184
2020-01-01,MMK,LKR,indicative,0.123
2020-01-01,MOP,LKR,indicative,22.617
2020-01-01,MUR,LKR,indicative,4.9932
2020-01-01,MVR,LKR,indicative,11.74
2020-01-01,MYR,LKR,indicative,44.3714
2020-01-01,NGN,LKR,indicative,0.5922
2020-01-01,NOK,LKR,indicative,20.6712
2020-01-01,NPR,LKR,indicative,1.5891
2020-01-01,NZD,LKR,indicative,121.9869
2020-01-01,OMR,LKR,indicative,471.4376
2020-01-01,PGK,LKR,indicative,53.2706
2020-01-01,PHP,LKR,indicative,3.5827
2020-01-01,PKR,LKR,indicative,1.172
2020-01-01,PLN,LKR,indicative,47.2616
2020-01-01,QAR,LKR,indicative,49.558
2020-01-01,RON,LKR,indicative,42.5151
2020-01-01,RUB,LKR,indicative,2.9299
2020-01-01,SAR,LKR,indicative,48.3835
2020-01-01,SBD,LKR,indicative,22.1431
2020-01-01,SCR,LKR,indicative,13.2483
2020-01-01,SEK,LKR,indicative,19.375
2020-01-01,SGD,LKR,indicative,134.8398
2020-01-01,THB,LKR,indicative,6.0968
2020-01-01,TWD,LKR,indicative,6.0674
2020-01-01,USD,LKR,indicative,181.5011
2020-01-01,VND,LKR,indicative,0.0078
2020-01-01,XAU,LKR,indicative,275390.7115
2020-01-01,ZAR,LKR,indicative,12.9556
2020-01-01,ZMW,LKR,indicative,12.8861
2020-01-02,AED,LKR,indicative,49.2841
2020-01-02,AUD,LKR,indicative,127.0002
2020-01-02,BDT,LKR,indicative,2.1324
2020-01-02,BHD,LKR,indicative,480.174
2020-01-02,BND,LKR,indicative,134.5433
2020-01-02,BRL,LKR,indicative,45.0374
2020-01-02,CAD,LKR,indicative,139.5367
2020-01-02,CHF,LKR,indicative,186.9738
2020-01-02,CNH,LKR,indicative,25.9747
2020-01-02,CNY,LKR,indicative,25.9661
2020-01-02,CZK,LKR,indicative,7.9912
2020-01-02,DKK,LKR,indicative,27.1889
2020-01-02,EGP,LKR,indicative,11.286
2020-01-02,EUR,LKR,indicative,203.1496
2020-01-02,GBP,LKR,indicative,239.8078
2020-01-02,GHS,LKR,indicative,31.7593
2020-01-02,HKD,LKR,indicative,23.2363
2020-01-02,HUF,LKR,indicative,0.6135
2020-01-02,IDR,LKR,indicative,0.013
2020-01-02,INR,LKR,indicative,2.5415
2020-01-02,IRR,LKR,indicative,0.0043
2020-01-02,JOD,LKR,indicative,255.3286
2020-01-02,JPY,LKR,indicative,1.6659
2020-01-02,KES,LKR,indicative,1.7862
2020-01-02,KRW,LKR,indicative,0.1564
2020-01-02,KWD,LKR,indicative,597.1565
2020-01-02,MMK,LKR,indicative,0.1226
2020-01-02,MOP,LKR,indicative,22.558
2020-01-02,MUR,LKR,indicative,4.9801
2020-01-02,MVR,LKR,indicative,11.7094
2020-01-02,MYR,LKR,indicative,44.2936
2020-01-02,NGN,LKR,indicative,0.5906
2020-01-02,NOK,LKR,indicative,20.6333
2020-01-02,NPR,LKR,indicative,1.5885
2020-01-02,NZD,LKR,indicative,121.8137
2020-01-02,OMR,LKR,indicative,470.2087
2020-01-02,PGK,LKR,indicative,52.4529
2020-01-02,PHP,LKR,indicative,3.5741
2020-01-02,PKR,LKR,indicative,1.1689
2020-01-02,PLN,LKR,indicative,47.7275
2020-01-02,QAR,LKR,indicative,49.4571
2020-01-02,RON,LKR,indicative,42.449
2020-01-02,RUB,LKR,indicative,2.9202
2020-01-02,SAR,LKR,indicative,48.2574
2020-01-02,SBD,LKR,indicative,22.357
2020-01-02,SCR,LKR,indicative,13.2137
2020-01-02,SEK,LKR,indicative,19.3629
2020-01-02,SGD,LKR,indicative,134.5433
2020-01-02,THB,LKR,indicative,6.0112
2020-01-02,TWD,LKR,indicative,6.0345
2020-01-02,USD,LKR,indicative,181.028
2020-01-02,VND,LKR,indicative,0.0078
2020-01-02,XAU,LKR,indicative,275110.7588
2020-01-02,ZAR,LKR,indicative,12.9388
2020-01-02,ZMW,LKR,indicative,12.8525
2020-01-03,AED,LKR,indicative,49.3769
2020-01-03,AUD,LKR,indicative,126.4503
2020-01-03,BDT,LKR,indicative,2.1393
2020-01-03,BHD,LKR,indicative,481.0777
2020-01-03,BND,LKR,indicative,134.5465
2020-01-03,BRL,LKR,indicative,45.0594
2020-01-03,CAD,LKR,indicative,139.7563
2020-01-03,CHF,LKR,indicative,187.0262
2020-01-03,CNH,LKR,indicative,26.0479
2020-01-03,CNY,LKR,indicative,26.0359
2020-01-03,CZK,LKR,indicative,8.0009
2020-01-03,DKK,LKR,indicative,27.1248
2020-01-03,EGP,LKR,indicative,11.3073
2020-01-03,EUR,LKR,indicative,202.7067
2020-01-03,GBP,LKR,indicative,238.3275
2020-01-03,GHS,LKR,indicative,31.7494
2020-01-03,HKD,LKR,indicative,23.2988
2020-01-03,HUF,LKR,indicative,0.6161
2020-01-03,IDR,LKR,indicative,0.013
2020-01-03,INR,LKR,indicative,2.542
2020-01-03,IRR,LKR,indicative,0.0043
2020-01-03,JOD,LKR,indicative,255.8092
2020-01-03,JPY,LKR,indicative,1.6782
2020-01-03,KES,LKR,indicative,1.7931
2020-01-03,KRW,LKR,indicative,0.156
2020-01-03,KWD,LKR,indicative,598.1423
2020-01-03,MMK,LKR,indicative,0.1234
2020-01-03,MOP,LKR,indicative,22.6089
2020-01-03,MUR,LKR,indicative,4.9895
2020-01-03,MVR,LKR,indicative,11.7315
2020-01-03,MYR,LKR,indicative,44.2579
2020-01-03,NGN,LKR,indicative,0.5898
2020-01-03,NOK,LKR,indicative,20.6137
2020-01-03,NPR,LKR,indicative,1.5882
2020-01-03,NZD,LKR,indicative,121.2268
2020-01-03,OMR,LKR,indicative,471.0937
2020-01-03,PGK,LKR,indicative,53.2317
2020-01-03,PHP,LKR,indicative,3.5674
2020-01-03,PKR,LKR,indicative,1.1701
2020-01-03,PLN,LKR,indicative,47.8217
2020-01-03,QAR,LKR,indicative,49.8026
2020-01-03,RON,LKR,indicative,42.3838
2020-01-03,RUB,LKR,indicative,2.9359
2020-01-03,SAR,LKR,indicative,48.3508
2020-01-03,SBD,LKR,indicative,22.399
2020-01-03,SCR,LKR,indicative,13.2386
2020-01-03,SEK,LKR,indicative,19.3654
2020-01-03,SGD,LKR,indicative,134.5216
2020-01-03,THB,LKR,indicative,6.0145
2020-01-03,TWD,LKR,indicative,6.0273
2020-01-03,USD,LKR,indicative,181.3687
2020-01-03,VND,LKR,indicative,0.0078
2020-01-03,XAU,LKR,indicative,279285.1269
2020-01-03,ZAR,LKR,indicative,12.8366
2020-01-03,ZMW,LKR,indicative,12.75
2020-01-06,AED,LKR,indicative,49.3636
2020-01-06,AUD,LKR,indicative,125.9629
2020-01-06,BDT,LKR,indicative,2.1358
2020-01-06,BHD,LKR,indicative,480.9097
2020-01-06,BND,LKR,indicative,134.296
2020-01-06,BRL,LKR,indicative,44.581
2020-01-06,CAD,LKR,indicative,139.6863
2020-01-06,CHF,LKR,indicative,186.6967
2020-01-06,CNH,LKR,indicative,26.0143
2020-01-06,CNY,LKR,indicative,26.0035
2020-01-06,CZK,LKR,indicative,7.9862
2020-01-06,DKK,LKR,indicative,27.0916
2020-01-06,EGP,LKR,indicative,11.2972
2020-01-06,EUR,LKR,indicative,202.4708
2020-01-06,GBP,LKR,indicative,237.2842
2020-01-06,GHS,LKR,indicative,31.6993
2020-01-06,HKD,LKR,indicative,23.3137
2020-01-06,HUF,LKR,indicative,0.6141
2020-01-06,IDR,LKR,indicative,0.013
2020-01-06,INR,LKR,indicative,2.5264
2020-01-06,IRR,LKR,indicative,0.0043
2020-01-06,JOD,LKR,indicative,255.7402
2020-01-06,JPY,LKR,indicative,1.6785
2020-01-06,KES,LKR,indicative,1.7926
2020-01-06,KRW,LKR,indicative,0.1551
2020-01-06,KWD,LKR,indicative,598.277
2020-01-06,MMK,LKR,indicative,0.1238
2020-01-06,MOP,LKR,indicative,22.624
2020-01-06,MUR,LKR,indicative,4.9745
2020-01-06,MVR,LKR,indicative,11.7283
2020-01-06,MYR,LKR,indicative,44.1221
2020-01-06,NGN,LKR,indicative,0.5916
2020-01-06,NOK,LKR,indicative,20.5122
2020-01-06,NPR,LKR,indicative,1.5783
2020-01-06,NZD,LKR,indicative,120.7409
2020-01-06,OMR,LKR,indicative,470.9666
2020-01-06,PGK,LKR,indicative,53.2174
2020-01-06,PHP,LKR,indicative,3.5393
2020-01-06,PKR,LKR,indicative,1.1736
2020-01-06,PLN,LKR,indicative,47.6969
2020-01-06,QAR,LKR,indicative,49.7892
2020-01-06,RON,LKR,indicative,42.4497
2020-01-06,RUB,LKR,indicative,2.9208
2020-01-06,SAR,LKR,indicative,48.3345
2020-01-06,SBD,LKR,indicative,22.393
2020-01-06,SCR,LKR,indicative,14.17
2020-01-06,SEK,LKR,indicative,19.26
2020-01-06,SGD,LKR,indicative,134.296
2020-01-06,THB,LKR,indicative,6.0149
2020-01-06,TWD,LKR,indicative,6.0275
2020-01-06,USD,LKR,indicative,181.3198
2020-01-06,VND,LKR,indicative,0.0078
2020-01-06,XAU,LKR,indicative,285968.4138
2020-01-06,ZAR,LKR,indicative,12.664
2020-01-06,ZMW,LKR,indicative,12.7735
2020-01-07,AED,LKR,indicative,49.3996
2020-01-07,AUD,LKR,indicative,125.7918
2020-01-07,BDT,LKR,indicative,2.1395
2020-01-07,BHD,LKR,indicative,481.2995
2020-01-07,BND,LKR,indicative,134.5387
2020-01-07,BRL,LKR,indicative,44.6707
2020-01-07,CAD,LKR,indicative,139.9933
2020-01-07,CHF,LKR,indicative,187.2863
2020-01-07,CNH,LKR,indicative,26.0634
2020-01-07,CNY,LKR,indicative,26.0483
2020-01-07,CZK,LKR,indicative,8.0426
2020-01-07,DKK,LKR,indicative,27.1739
2020-01-07,EGP,LKR,indicative,11.2879
2020-01-07,EUR,LKR,indicative,203.0723
2020-01-07,GBP,LKR,indicative,238.9999
2020-01-07,GHS,LKR,indicative,31.9009
2020-01-07,HKD,LKR,indicative,23.3508
2020-01-07,HUF,LKR,indicative,0.6158
2020-01-07,IDR,LKR,indicative,0.013
2020-01-07,INR,LKR,indicative,2.5248
2020-01-07,IRR,LKR,indicative,0.0043
2020-01-07,JOD,LKR,indicative,255.9271
2020-01-07,JPY,LKR,indicative,1.6729
2020-01-07,KES,LKR,indicative,1.7939
2020-01-07,KRW,LKR,indicative,0.1558
2020-01-07,KWD,LKR,indicative,598.4377
2020-01-07,MMK,LKR,indicative,0.1239
2020-01-07,MOP,LKR,indicative,22.6603
2020-01-07,MUR,LKR,indicative,4.9754
2020-01-07,MVR,LKR,indicative,11.7369
2020-01-07,MYR,LKR,indicative,44.2513
2020-01-07,NGN,LKR,indicative,0.5921
2020-01-07,NOK,LKR,indicative,20.6333
2020-01-07,NPR,LKR,indicative,1.5765
2020-01-07,NZD,LKR,indicative,121.0468
2020-01-07,OMR,LKR,indicative,471.3108
2020-01-07,PGK,LKR,indicative,53.2563
2020-01-07,PHP,LKR,indicative,3.5673
2020-01-07,PKR,LKR,indicative,1.1716
2020-01-07,PLN,LKR,indicative,47.9906
2020-01-07,QAR,LKR,indicative,49.8256
2020-01-07,RON,LKR,indicative,42.5201
2020-01-07,RUB,LKR,indicative,2.9359
2020-01-07,SAR,LKR,indicative,48.3692
2020-01-07,SBD,LKR,indicative,22.4094
2020-01-07,SCR,LKR,indicative,13.2447
2020-01-07,SEK,LKR,indicative,19.2983
2020-01-07,SGD,LKR,indicative,134.5387
2020-01-07,THB,LKR,indicative,6.0193
2020-01-07,TWD,LKR,indicative,6.0363
2020-01-07,USD,LKR,indicative,181.4523
2020-01-07,VND,LKR,indicative,0.0078
2020-01-07,XAU,LKR,indicative,282549.3199
2020-01-07,ZAR,LKR,indicative,12.7791
2020-01-07,ZMW,LKR,indicative,12.8158
2020-01-08,AED,LKR,indicative,49.361
2020-01-08,AUD,LKR,indicative,124.551
2020-01-08,BDT,LKR,indicative,2.1366
2020-01-08,BHD,LKR,indicative,480.9225
2020-01-08,BND,LKR,indicative,134.2094
2020-01-08,BRL,LKR,indicative,44.5742
2020-01-08,CAD,LKR,indicative,139.6144
2020-01-08,CHF,LKR,indicative,186.9466
2020-01-08,CNH,LKR,indicative,26.0889
2020-01-08,CNY,LKR,indicative,26.0867
2020-01-08,CZK,LKR,indicative,8.0126
2020-01-08,DKK,LKR,indicative,27.0641
2020-01-08,EGP,LKR,indicative,11.279
2020-01-08,EUR,LKR,indicative,202.2425
2020-01-08,GBP,LKR,indicative,237.9515
2020-01-08,GHS,LKR,indicative,31.6826
2020-01-08,HKD,LKR,indicative,23.3162
2020-01-08,HUF,LKR,indicative,0.6097
2020-01-08,IDR,LKR,indicative,0.013
2020-01-08,INR,LKR,indicative,2.5236
2020-01-08,IRR,LKR,indicative,0.0043
2020-01-08,JOD,LKR,indicative,255.7267
2020-01-08,JPY,LKR,indicative,1.6762
2020-01-08,KES,LKR,indicative,1.7925
2020-01-08,KRW,LKR,indicative,0.1544
2020-01-08,KWD,LKR,indicative,597.9493
2020-01-08,MMK,LKR,indicative,0.1238
2020-01-08,MOP,LKR,indicative,22.6256
2020-01-08,MUR,LKR,indicative,4.9742
2020-01-08,MVR,LKR,indicative,11.7277
2020-01-08,MYR,LKR,indicative,44.1359
2020-01-08,NGN,LKR,indicative,0.5916
2020-01-08,NOK,LKR,indicative,20.4692
2020-01-08,NPR,LKR,indicative,1.5775
2020-01-08,NZD,LKR,indicative,120.3628
2020-01-08,OMR,LKR,indicative,470.9417
2020-01-08,PGK,LKR,indicative,53.2145
2020-01-08,PHP,LKR,indicative,3.5544
2020-01-08,PKR,LKR,indicative,1.1707
2020-01-08,PLN,LKR,indicative,47.6311
2020-01-08,QAR,LKR,indicative,49.7866
2020-01-08,RON,LKR,indicative,42.3251
2020-01-08,RUB,LKR,indicative,2.9217
2020-01-08,SAR,LKR,indicative,48.3313
2020-01-08,SBD,LKR,indicative,22.3918
2020-01-08,SCR,LKR,indicative,13.2343
2020-01-08,SEK,LKR,indicative,19.147
2020-01-08,SGD,LKR,indicative,134.2094
2020-01-08,THB,LKR,indicative,5.9898
2020-01-08,TWD,LKR,indicative,6.0298
2020-01-08,USD,LKR,indicative,181.3102
2020-01-08,VND,LKR,indicative,0.0078
2020-01-08,XAU,LKR,indicative,288445.4997
2020-01-08,ZAR,LKR,indicative,12.6135
2020-01-08,ZMW,LKR,indicative,12.8162
2020-01-09,AED,LKR,indicative,49.3913
2020-01-09,AUD,LKR,indicative,124.7002
2020-01-09,BDT,LKR,indicative,2.1384
2020-01-09,BHD,LKR,indicative,481.2183
2020-01-09,BND,LKR,indicative,134.4163
2020-01-09,BRL,LKR,indicative,44.6357
2020-01-09,CAD,LKR,indicative,139.1911
2020-01-09,CHF,LKR,indicative,186.255
2020-01-09,CNH,LKR,indicative,26.1856
2020-01-09,CNY,LKR,indicative,26.172
2020-01-09,CZK,LKR,indicative,7.9916
2020-01-09,DKK,LKR,indicative,26.9874
2020-01-09,EGP,LKR,indicative,11.3176
2020-01-09,EUR,LKR,indicative,201.6684
2020-01-09,GBP,LKR,indicative,237.7804
2020-01-09,GHS,LKR,indicative,31.9123
2020-01-09,HKD,LKR,indicative,23.3328
2020-01-09,HUF,LKR,indicative,0.6099
2020-01-09,IDR,LKR,indicative,0.0131
2020-01-09,INR,LKR,indicative,2.537
2020-01-09,IRR,LKR,indicative,0.0043
2020-01-09,JOD,LKR,indicative,255.8839
2020-01-09,JPY,LKR,indicative,1.6614
2020-01-09,KES,LKR,indicative,1.7936
2020-01-09,KRW,LKR,indicative,0.1564
2020-01-09,KWD,LKR,indicative,597.4206
2020-01-09,MMK,LKR,indicative,0.1243
2020-01-09,MOP,LKR,indicative,22.6423
2020-01-09,MUR,LKR,indicative,4.9705
2020-01-09,MVR,LKR,indicative,11.7349
2020-01-09,MYR,LKR,indicative,44.3574
2020-01-09,NGN,LKR,indicative,0.5919
2020-01-09,NOK,LKR,indicative,20.4828
2020-01-09,NPR,LKR,indicative,1.5816
2020-01-09,NZD,LKR,indicative,120.6273
2020-01-09,OMR,LKR,indicative,471.2313
2020-01-09,PGK,LKR,indicative,53.2473
2020-01-09,PHP,LKR,indicative,3.5868
2020-01-09,PKR,LKR,indicative,1.1712
2020-01-09,PLN,LKR,indicative,47.6398
2020-01-09,QAR,LKR,indicative,49.8172
2020-01-09,RON,LKR,indicative,42.2117
2020-01-09,RUB,LKR,indicative,2.9628
2020-01-09,SAR,LKR,indicative,48.3611
2020-01-09,SBD,LKR,indicative,22.4056
2020-01-09,SCR,LKR,indicative,13.2425
2020-01-09,SEK,LKR,indicative,19.1992
2020-01-09,SGD,LKR,indicative,134.4163
2020-01-09,THB,LKR,indicative,5.9865
2020-01-09,TWD,LKR,indicative,6.047
2020-01-09,USD,LKR,indicative,181.4217
2020-01-09,VND,LKR,indicative,0.0078
2020-01-09,XAU,LKR,indicative,282927.7036
2020-01-09,ZAR,LKR,indicative,12.8244
2020-01-09,ZMW,LKR,indicative,12.8213
2020-01-13,AED,LKR,indicative,49.3869
2020-01-13,AUD,LKR,indicative,125.3602
2020-01-13,BDT,LKR,indicative,2.1368
2020-01-13,BHD,LKR,indicative,481.1751
2020-01-13,BND,LKR,indicative,134.6387
2020-01-13,BRL,LKR,indicative,44.2857
2020-01-13,CAD,LKR,indicative,138.9707
2020-01-13,CHF,LKR,indicative,186.3722
2020-01-13,CNH,LKR,indicative,26.2615
2020-01-13,CNY,LKR,indicative,26.252
2020-01-13,CZK,LKR,indicative,7.9844
2020-01-13,DKK,LKR,indicative,26.9949
2020-01-13,EGP,LKR,indicative,11.3734
2020-01-13,EUR,LKR,indicative,201.7319
2020-01-13,GBP,LKR,indicative,236.4529
2020-01-13,GHS,LKR,indicative,32.0388
2020-01-13,HKD,LKR,indicative,23.349
2020-01-13,HUF,LKR,indicative,0.6043
2020-01-13,IDR,LKR,indicative,0.0132
2020-01-13,INR,LKR,indicative,2.5564
2020-01-13,IRR,LKR,indicative,0.0043
2020-01-13,JOD,LKR,indicative,255.8609
2020-01-13,JPY,LKR,indicative,1.655
2020-01-13,KES,LKR,indicative,1.7934
2020-01-13,KRW,LKR,indicative,0.157
2020-01-13,KWD,LKR,indicative,597.3669
2020-01-13,MMK,LKR,indicative,0.1223
2020-01-13,MOP,LKR,indicative,22.6573
2020-01-13,MUR,LKR,indicative,4.9605
2020-01-13,MVR,LKR,indicative,11.7339
2020-01-13,MYR,LKR,indicative,44.6152
2020-01-13,NGN,LKR,indicative,0.5921
2020-01-13,NOK,LKR,indicative,20.4057
2020-01-13,NPR,LKR,indicative,1.5981
2020-01-13,NZD,LKR,indicative,120.4441
2020-01-13,OMR,LKR,indicative,471.189
2020-01-13,PGK,LKR,indicative,53.2425
2020-01-13,PHP,LKR,indicative,3.5957
2020-01-13,PKR,LKR,indicative,1.1712
2020-01-13,PLN,LKR,indicative,47.6136
2020-01-13,QAR,LKR,indicative,49.823
2020-01-13,RON,LKR,indicative,42.2197
2020-01-13,RUB,LKR,indicative,2.9691
2020-01-13,SAR,LKR,indicative,48.3574
2020-01-13,SBD,LKR,indicative,22.4036
2020-01-13,SCR,LKR,indicative,13.2413
2020-01-13,SEK,LKR,indicative,19.0946
2020-01-13,SGD,LKR,indicative,134.6387
2020-01-13,THB,LKR,indicative,6.0098
2020-01-13,TWD,LKR,indicative,6.0644
2020-01-13,USD,LKR,indicative,181.4054
2020-01-13,VND,LKR,indicative,0.0078
2020-01-13,XAU,LKR,indicative,282455.9266
2020-01-13,ZAR,LKR,indicative,12.6545
2020-01-13,ZMW,LKR,indicative,12.9064
2020-01-14,AED,LKR,indicative,49.3585
2020-01-14,AUD,LKR,indicative,124.9528
2020-01-14,BDT,LKR,indicative,2.1356
2020-01-14,BHD,LKR,indicative,480.8732
2020-01-14,BND,LKR,indicative,134.6063
2020-01-14,BRL,LKR,indicative,43.7144
2020-01-14,CAD,LKR,indicative,138.8324
2020-01-14,CHF,LKR,indicative,186.7063
2020-01-14,CNH,LKR,indicative,26.3575
2020-01-14,CNY,LKR,indicative,26.3544
2020-01-14,CZK,LKR,indicative,8.0094
2020-01-14,DKK,LKR,indicative,27.0173
2020-01-14,EGP,LKR,indicative,11.3811
2020-01-14,EUR,LKR,indicative,201.9061
2020-01-14,GBP,LKR,indicative,235.6462
2020-01-14,GHS,LKR,indicative,32.0037
2020-01-14,HKD,LKR,indicative,23.3254
2020-01-14,HUF,LKR,indicative,0.6051
2020-01-14,IDR,LKR,indicative,0.0133
2020-01-14,INR,LKR,indicative,2.564
2020-01-14,IRR,LKR,indicative,0.0043
2020-01-14,JOD,LKR,indicative,255.714
2020-01-14,JPY,LKR,indicative,1.6475
2020-01-14,KES,LKR,indicative,1.7845
2020-01-14,KRW,LKR,indicative,0.1573
2020-01-14,KWD,LKR,indicative,597.2696
2020-01-14,MMK,LKR,indicative,0.1223
2020-01-14,MOP,LKR,indicative,22.6344
2020-01-14,MUR,LKR,indicative,4.974
2020-01-14,MVR,LKR,indicative,11.7271
2020-01-14,MYR,LKR,indicative,44.6555
2020-01-14,NGN,LKR,indicative,0.5911
2020-01-14,NOK,LKR,indicative,20.4026
2020-01-14,NPR,LKR,indicative,1.599
2020-01-14,NZD,LKR,indicative,120.112
2020-01-14,OMR,LKR,indicative,470.8755
2020-01-14,PGK,LKR,indicative,53.2119
2020-01-14,PHP,LKR,indicative,3.5912
2020-01-14,PKR,LKR,indicative,1.1708
2020-01-14,PLN,LKR,indicative,47.6945
2020-01-14,QAR,LKR,indicative,49.5101
2020-01-14,RON,LKR,indicative,42.2599
2020-01-14,RUB,LKR,indicative,2.9626
2020-01-14,SAR,LKR,indicative,48.3264
2020-01-14,SBD,LKR,indicative,22.3907
2020-01-14,SCR,LKR,indicative,13.2337
2020-01-14,SEK,LKR,indicative,19.1663
2020-01-14,SGD,LKR,indicative,134.6063
2020-01-14,THB,LKR,indicative,5.9845
2020-01-14,TWD,LKR,indicative,6.0689
2020-01-14,USD,LKR,indicative,181.3012
2020-01-14,VND,LKR,indicative,0.0078
2020-01-14,XAU,LKR,indicative,278953.6886
2020-01-14,ZAR,LKR,indicative,12.5999
2020-01-14,ZMW,LKR,indicative,12.7453
2020-01-16,AED,LKR,indicative,49.4202
2020-01-16,AUD,LKR,indicative,125.4085
2020-01-16,BDT,LKR,indicative,2.1399
2020-01-16,BHD,LKR,indicative,481.4744
2020-01-16,BND,LKR,indicative,134.8547
2020-01-16,BRL,LKR,indicative,43.4735
2020-01-16,CAD,LKR,indicative,139.1712
2020-01-16,CHF,LKR,indicative,188.2386
2020-01-16,CNH,LKR,indicative,26.3586
2020-01-16,CNY,LKR,indicative,26.368
2020-01-16,CZK,LKR,indicative,8.0713
2020-01-16,DKK,LKR,indicative,27.0899
2020-01-16,EGP,LKR,indicative,11.4456
2020-01-16,EUR,LKR,indicative,202.449
2020-01-16,GBP,LKR,indicative,236.7396
2020-01-16,GHS,LKR,indicative,31.9605
2020-01-16,HKD,LKR,indicative,23.3595
2020-01-16,HUF,LKR,indicative,0.608
2020-01-16,IDR,LKR,indicative,0.0133
2020-01-16,INR,LKR,indicative,2.5669
2020-01-16,IRR,LKR,indicative,0.0043
2020-01-16,JOD,LKR,indicative,256.0337
2020-01-16,JPY,LKR,indicative,1.6514
2020-01-16,KES,LKR,indicative,1.7946
2020-01-16,KRW,LKR,indicative,0.1565
2020-01-16,KWD,LKR,indicative,598.0165
2020-01-16,MMK,LKR,indicative,0.1227
2020-01-16,MOP,LKR,indicative,22.6683
2020-01-16,MUR,LKR,indicative,4.9598
2020-01-16,MVR,LKR,indicative,11.7418
2020-01-16,MYR,LKR,indicative,44.6289
2020-01-16,NGN,LKR,indicative,0.5925
2020-01-16,NOK,LKR,indicative,20.4932
2020-01-16,NPR,LKR,indicative,1.6021
2020-01-16,NZD,LKR,indicative,120.3893
2020-01-16,OMR,LKR,indicative,471.4643
2020-01-16,PGK,LKR,indicative,53.2784
2020-01-16,PHP,LKR,indicative,3.5811
2020-01-16,PKR,LKR,indicative,1.173
2020-01-16,PLN,LKR,indicative,47.87
2020-01-16,QAR,LKR,indicative,49.8566
2020-01-16,RON,LKR,indicative,42.3517
2020-01-16,RUB,LKR,indicative,2.9584
2020-01-16,SAR,LKR,indicative,48.3868
2020-01-16,SBD,LKR,indicative,22.4187
2020-01-16,SCR,LKR,indicative,13.2502
2020-01-16,SEK,LKR,indicative,19.1898
2020-01-16,SGD,LKR,indicative,134.8547
2020-01-16,THB,LKR,indicative,5.995
2020-01-16,TWD,LKR,indicative,6.0639
2020-01-16,USD,LKR,indicative,181.5279
2020-01-16,VND,LKR,indicative,0.0078
2020-01-16,XAU,LKR,indicative,282651.0482
2020-01-16,ZAR,LKR,indicative,12.6251
2020-01-16,ZMW,LKR,indicative,12.5581
2020-01-17,AED,LKR,indicative,49.3803
2020-01-17,AUD,LKR,indicative,125.1804
2020-01-17,BDT,LKR,indicative,2.1389
2020-01-17,BHD,LKR,indicative,481.0859
2020-01-17,BND,LKR,indicative,134.7409
2020-01-17,BRL,LKR,indicative,43.3403
2020-01-17,CAD,LKR,indicative,139.0482
2020-01-17,CHF,LKR,indicative,188.0282
2020-01-17,CNH,LKR,indicative,26.4119
2020-01-17,CNY,LKR,indicative,26.4148
2020-01-17,CZK,LKR,indicative,8.0314
2020-01-17,DKK,LKR,indicative,27.0428
2020-01-17,EGP,LKR,indicative,11.4581
2020-01-17,EUR,LKR,indicative,202.0861
2020-01-17,GBP,LKR,indicative,237.2197
2020-01-17,GHS,LKR,indicative,31.9897
2020-01-17,HKD,LKR,indicative,23.3386
2020-01-17,HUF,LKR,indicative,0.6038
2020-01-17,IDR,LKR,indicative,0.0133
2020-01-17,INR,LKR,indicative,2.5555
2020-01-17,IRR,LKR,indicative,0.0043
2020-01-17,JOD,LKR,indicative,255.8271
2020-01-17,JPY,LKR,indicative,1.646
2020-01-17,KES,LKR,indicative,1.7932
2020-01-17,KRW,LKR,indicative,0.1567
2020-01-17,KWD,LKR,indicative,597.5338
2020-01-17,MMK,LKR,indicative,0.1234
2020-01-17,MOP,LKR,indicative,22.6331
2020-01-17,MUR,LKR,indicative,4.9762
2020-01-17,MVR,LKR,indicative,11.7323
2020-01-17,MYR,LKR,indicative,44.6477
2020-01-17,NGN,LKR,indicative,0.592
2020-01-17,NOK,LKR,indicative,20.4086
2020-01-17,NPR,LKR,indicative,1.5985
2020-01-17,NZD,LKR,indicative,120.5824
2020-01-17,OMR,LKR,indicative,471.0838
2020-01-17,PGK,LKR,indicative,53.2354
2020-01-17,PHP,LKR,indicative,3.5663
2020-01-17,PKR,LKR,indicative,1.1728
2020-01-17,PLN,LKR,indicative,47.6461
2020-01-17,QAR,LKR,indicative,49.8164
2020-01-17,RON,LKR,indicative,42.2879
2020-01-17,RUB,LKR,indicative,2.9408
2020-01-17,SAR,LKR,indicative,48.349
2020-01-17,SBD,LKR,indicative,22.4006
2020-01-17,SCR,LKR,indicative,13.2395
2020-01-17,SEK,LKR,indicative,19.1186
2020-01-17,SGD,LKR,indicative,134.7409
2020-01-17,THB,LKR,indicative,5.9547
2020-01-17,TWD,LKR,indicative,6.0592
2020-01-17,USD,LKR,indicative,181.3814
2020-01-17,VND,LKR,indicative,0.0078
2020-01-17,XAU,LKR,indicative,281879.7732
2020-01-17,ZAR,LKR,indicative,12.5893
2020-01-17,ZMW,LKR,indicative,12.4579
2020-01-20,AED,LKR,indicative,49.3608
2020-01-20,AUD,LKR,indicative,124.7773
2020-01-20,BDT,LKR,indicative,2.1357
2020-01-20,BHD,LKR,indicative,480.8957
2020-01-20,BND,LKR,indicative,134.5826
2020-01-20,BRL,LKR,indicative,43.5239
2020-01-20,CAD,LKR,indicative,138.7486
2020-01-20,CHF,LKR,indicative,187.3421
2020-01-20,CNH,LKR,indicative,26.4219
2020-01-20,CNY,LKR,indicative,26.4306
2020-01-20,CZK,LKR,indicative,8.0003
2020-01-20,DKK,LKR,indicative,26.9227
2020-01-20,EGP,LKR,indicative,11.4581
2020-01-20,EUR,LKR,indicative,201.1903
2020-01-20,GBP,LKR,indicative,235.7298
2020-01-20,GHS,LKR,indicative,32.1756
2020-01-20,HKD,LKR,indicative,23.3428
2020-01-20,HUF,LKR,indicative,0.5981
2020-01-20,IDR,LKR,indicative,0.0133
2020-01-20,INR,LKR,indicative,2.5508
2020-01-20,IRR,LKR,indicative,0.0043
2020-01-20,JOD,LKR,indicative,255.726
2020-01-20,JPY,LKR,indicative,1.6454
2020-01-20,KES,LKR,indicative,1.7925
2020-01-20,KRW,LKR,indicative,0.1564
2020-01-20,KWD,LKR,indicative,597.2976
2020-01-20,MMK,LKR,indicative,0.1233
2020-01-20,MOP,LKR,indicative,22.6467
2020-01-20,MUR,LKR,indicative,4.9715
2020-01-20,MVR,LKR,indicative,11.7277
2020-01-20,MYR,LKR,indicative,44.6625
2020-01-20,NGN,LKR,indicative,0.5917
2020-01-20,NOK,LKR,indicative,20.3735
2020-01-20,NPR,LKR,indicative,1.5941
2020-01-20,NZD,LKR,indicative,119.9817
2020-01-20,OMR,LKR,indicative,470.8976
2020-01-20,PGK,LKR,indicative,53.2144
2020-01-20,PHP,LKR,indicative,3.5586
2020-01-20,PKR,LKR,indicative,1.1757
2020-01-20,PLN,LKR,indicative,47.431
2020-01-20,QAR,LKR,indicative,49.7967
2020-01-20,RON,LKR,indicative,42.0682
2020-01-20,RUB,LKR,indicative,2.9451
2020-01-20,SAR,LKR,indicative,48.3203
2020-01-20,SBD,LKR,indicative,22.3917
2020-01-20,SCR,LKR,indicative,13.2343
2020-01-20,SEK,LKR,indicative,19.0625
2020-01-20,SGD,LKR,indicative,134.5826
2020-01-20,THB,LKR,indicative,5.9612
2020-01-20,TWD,LKR,indicative,6.0561
2020-01-20,USD,LKR,indicative,181.3097
2020-01-20,VND,LKR,indicative,0.0078
2020-01-20,XAU,LKR,indicative,282471.4471
2020-01-20,ZAR,LKR,indicative,12.5475
2020-01-20,ZMW,LKR,indicative,12.3761
2020-01-21,AED,LKR,indicative,49.3686
2020-01-21,AUD,LKR,indicative,124.3799
2020-01-21,BDT,LKR,indicative,2.136
2020-01-21,BHD,LKR,indicative,480.9713
2020-01-21,BND,LKR,indicative,134.4391
2020-01-21,BRL,LKR,indicative,43.2762
2020-01-21,CAD,LKR,indicative,138.8607
2020-01-21,CHF,LKR,indicative,187.3909
2020-01-21,CNH,LKR,indicative,26.3127
2020-01-21,CNY,LKR,indicative,26.3301
2020-01-21,CZK,LKR,indicative,8.0171
2020-01-21,DKK,LKR,indicative,26.9236
2020-01-21,EGP,LKR,indicative,11.488
2020-01-21,EUR,LKR,indicative,201.1675
2020-01-21,GBP,LKR,indicative,235.7759
2020-01-21,GHS,LKR,indicative,32.0953
2020-01-21,HKD,LKR,indicative,23.3288
2020-01-21,HUF,LKR,indicative,0.601
2020-01-21,IDR,LKR,indicative,0.0133
2020-01-21,INR,LKR,indicative,2.5526
2020-01-21,IRR,LKR,indicative,0.0043
2020-01-21,JOD,LKR,indicative,255.7661
2020-01-21,JPY,LKR,indicative,1.6489
2020-01-21,KES,LKR,indicative,1.7937
2020-01-21,KRW,LKR,indicative,0.1556
2020-01-21,KWD,LKR,indicative,597.3915
2020-01-21,MMK,LKR,indicative,0.1237
2020-01-21,MOP,LKR,indicative,22.6503
2020-01-21,MUR,LKR,indicative,4.9614
2020-01-21,MVR,LKR,indicative,11.7295
2020-01-21,MYR,LKR,indicative,44.5795
2020-01-21,NGN,LKR,indicative,0.5917
2020-01-21,NOK,LKR,indicative,20.2626
2020-01-21,NPR,LKR,indicative,1.5939
2020-01-21,NZD,LKR,indicative,119.6832
2020-01-21,OMR,LKR,indicative,470.9716
2020-01-21,PGK,LKR,indicative,53.2228
2020-01-21,PHP,LKR,indicative,3.5529
2020-01-21,PKR,LKR,indicative,1.1726
2020-01-21,PLN,LKR,indicative,47.3808
2020-01-21,QAR,LKR,indicative,49.8045
2020-01-21,RON,LKR,indicative,42.1012
2020-01-21,RUB,LKR,indicative,2.9413
2020-01-21,SAR,LKR,indicative,48.3349
2020-01-21,SBD,LKR,indicative,22.3953
2020-01-21,SCR,LKR,indicative,13.2364
2020-01-21,SEK,LKR,indicative,19.0377
2020-01-21,SGD,LKR,indicative,134.4291
2020-01-21,THB,LKR,indicative,5.9729
2020-01-21,TWD,LKR,indicative,6.0495
2020-01-21,USD,LKR,indicative,181.3382
2020-01-21,VND,LKR,indicative,0.0078
2020-01-21,XAU,LKR,indicative,284043.1878
2020-01-21,ZAR,LKR,indicative,12.4746
2020-01-21,ZMW,LKR,indicative,12.3992
2020-01-22,AED,LKR,indicative,49.3675
2020-01-22,AUD,LKR,indicative,123.9602
2020-01-22,BDT,LKR,indicative,2.136
2020-01-22,BHD,LKR,indicative,480.9612
2020-01-22,BND,LKR,indicative,134.2919
2020-01-22,BRL,LKR,indicative,43.0457
2020-01-22,CAD,LKR,indicative,138.5395
2020-01-22,CHF,LKR,indicative,186.9812
2020-01-22,CNH,LKR,indicative,26.2564
2020-01-22,CNY,LKR,indicative,26.2571
2020-01-22,CZK,LKR,indicative,8.0056
2020-01-22,DKK,LKR,indicative,26.8855
2020-01-22,EGP,LKR,indicative,11.4841
2020-01-22,EUR,LKR,indicative,200.9004
2020-01-22,GBP,LKR,indicative,236.5417
2020-01-22,GHS,LKR,indicative,31.911
2020-01-22,HKD,LKR,indicative,23.3361
2020-01-22,HUF,LKR,indicative,0.601
2020-01-22,IDR,LKR,indicative,0.0133
2020-01-22,INR,LKR,indicative,2.5475
2020-01-22,IRR,LKR,indicative,0.0043
2020-01-22,JOD,LKR,indicative,255.7608
2020-01-22,JPY,LKR,indicative,1.6489
2020-01-22,KES,LKR,indicative,1.7954
2020-01-22,KRW,LKR,indicative,0.1556
2020-01-22,KWD,LKR,indicative,597.379
2020-01-22,MMK,LKR,indicative,0.1238
2020-01-22,MOP,LKR,indicative,22.6413
2020-01-22,MUR,LKR,indicative,4.9477
2020-01-22,MVR,LKR,indicative,11.7293
2020-01-22,MYR,LKR,indicative,44.4829
2020-01-22,NGN,LKR,indicative,0.5917
2020-01-22,NOK,LKR,indicative,20.1654
2020-01-22,NPR,LKR,indicative,1.5916
2020-01-22,NZD,LKR,indicative,119.445
2020-01-22,OMR,LKR,indicative,470.9617
2020-01-22,PGK,LKR,indicative,53.2216
2020-01-22,PHP,LKR,indicative,3.5626
2020-01-22,PKR,LKR,indicative,1.1725
2020-01-22,PLN,LKR,indicative,47.4871
2020-01-22,QAR,LKR,indicative,49.8035
2020-01-22,RON,LKR,indicative,42.0525
2020-01-22,RUB,LKR,indicative,2.9298
2020-01-22,SAR,LKR,indicative,48.3268
2020-01-22,SBD,LKR,indicative,22.3585
2020-01-22,SCR,LKR,indicative,13.2361
2020-01-22,SEK,LKR,indicative,19.0457
2020-01-22,SGD,LKR,indicative,134.2919
2020-01-22,THB,LKR,indicative,5.9649
2020-01-22,TWD,LKR,indicative,6.0429
2020-01-22,USD,LKR,indicative,181.3344
2020-01-22,VND,LKR,indicative,0.0078
2020-01-22,XAU,LKR,indicative,281621.3899
2020-01-22,ZAR,LKR,indicative,12.5144
2020-01-22,ZMW,LKR,indicative,12.3989
2020-01-23,AED,LKR,indicative,49.405
2020-01-23,AUD,LKR,indicative,124.7256
2020-01-23,BDT,LKR,indicative,2.1387
2020-01-23,BHD,LKR,indicative,481.3639
2020-01-23,BND,LKR,indicative,134.5681
2020-01-23,BRL,LKR,indicative,43.2771
2020-01-23,CAD,LKR,indicative,137.9542
2020-01-23,CHF,LKR,indicative,187.4612
2020-01-23,CNH,LKR,indicative,26.2155
2020-01-23,CNY,LKR,indicative,26.204
2020-01-23,CZK,LKR,indicative,8.0056
2020-01-23,DKK,LKR,indicative,26.9282
2020-01-23,EGP,LKR,indicative,11.2645
2020-01-23,EUR,LKR,indicative,201.2341
2020-01-23,GBP,LKR,indicative,238.3632
2020-01-23,GHS,LKR,indicative,32.5703
2020-01-23,HKD,LKR,indicative,23.3467
2020-01-23,HUF,LKR,indicative,0.5987
2020-01-23,IDR,LKR,indicative,0.0133
2020-01-23,INR,LKR,indicative,2.5292
2020-01-23,IRR,LKR,indicative,0.0043
2020-01-23,JOD,LKR,indicative,255.9546
2020-01-23,JPY,LKR,indicative,1.6548
2020-01-23,KES,LKR,indicative,1.7897
2020-01-23,KRW,LKR,indicative,0.1555
2020-01-23,KWD,LKR,indicative,597.5364
2020-01-23,MMK,LKR,indicative,0.1197
2020-01-23,MOP,LKR,indicative,22.6557
2020-01-23,MUR,LKR,indicative,4.965
2020-01-23,MVR,LKR,indicative,11.7382
2020-01-23,MYR,LKR,indicative,44.5931
2020-01-23,NGN,LKR,indicative,0.5917
2020-01-23,NOK,LKR,indicative,20.2192
2020-01-23,NPR,LKR,indicative,1.5804
2020-01-23,NZD,LKR,indicative,119.6444
2020-01-23,OMR,LKR,indicative,471.3614
2020-01-23,PGK,LKR,indicative,52.5815
2020-01-23,PHP,LKR,indicative,3.5618
2020-01-23,PKR,LKR,indicative,1.1692
2020-01-23,PLN,LKR,indicative,47.4815
2020-01-23,QAR,LKR,indicative,49.8412
2020-01-23,RON,LKR,indicative,42.019
2020-01-23,RUB,LKR,indicative,2.93
2020-01-23,SAR,LKR,indicative,48.3899
2020-01-23,SBD,LKR,indicative,22.3301
2020-01-23,SCR,LKR,indicative,13.2461
2020-01-23,SEK,LKR,indicative,19.1007
2020-01-23,SGD,LKR,indicative,134.5681
2020-01-23,THB,LKR,indicative,5.9695
2020-01-23,TWD,LKR,indicative,6.0481
2020-01-23,USD,LKR,indicative,181.4718
2020-01-23,VND,LKR,indicative,0.0078
2020-01-23,XAU,LKR,indicative,282569.6127
2020-01-23,ZAR,LKR,indicative,12.6717
2020-01-23,ZMW,LKR,indicative,12.764
2020-01-24,AED,LKR,indicative,49.3897
2020-01-24,AUD,LKR,indicative,124.1608
2020-01-24,BDT,LKR,indicative,2.1381
2020-01-24,BHD,LKR,indicative,481.1766
2020-01-24,BND,LKR,indicative,134.3421
2020-01-24,BRL,LKR,indicative,43.4982
2020-01-24,CAD,LKR,indicative,138.1951
2020-01-24,CHF,LKR,indicative,187.0843
2020-01-24,CNH,LKR,indicative,26.1859
2020-01-24,CNY,LKR,indicative,26.1532
2020-01-24,CZK,LKR,indicative,7.9685
2020-01-24,DKK,LKR,indicative,26.8323
2020-01-24,EGP,LKR,indicative,11.5038
2020-01-24,EUR,LKR,indicative,200.5096
2020-01-24,GBP,LKR,indicative,237.9719
2020-01-24,GHS,LKR,indicative,32.5281
2020-01-24,HKD,LKR,indicative,23.3397
2020-01-24,HUF,LKR,indicative,0.5952
2020-01-24,IDR,LKR,indicative,0.0133
2020-01-24,INR,LKR,indicative,2.5408
2020-01-24,IRR,LKR,indicative,0.0043
2020-01-24,JOD,LKR,indicative,255.8753
2020-01-24,JPY,LKR,indicative,1.6572
2020-01-24,KES,LKR,indicative,1.7935
2020-01-24,KRW,LKR,indicative,0.1553
2020-01-24,KWD,LKR,indicative,597.6465
2020-01-24,MMK,LKR,indicative,0.1236
2020-01-24,MOP,LKR,indicative,22.6486
2020-01-24,MUR,LKR,indicative,4.9533
2020-01-24,MVR,LKR,indicative,11.7345
2020-01-24,MYR,LKR,indicative,44.5684
2020-01-24,NGN,LKR,indicative,0.592
2020-01-24,NOK,LKR,indicative,20.1592
2020-01-24,NPR,LKR,indicative,1.5909
2020-01-24,NZD,LKR,indicative,120.0155
2020-01-24,OMR,LKR,indicative,471.1726
2020-01-24,PGK,LKR,indicative,53.2455
2020-01-24,PHP,LKR,indicative,3.5621
2020-01-24,PKR,LKR,indicative,1.1728
2020-01-24,PLN,LKR,indicative,47.2246
2020-01-24,QAR,LKR,indicative,49.8155
2020-01-24,RON,LKR,indicative,41.9385
2020-01-24,RUB,LKR,indicative,2.9296
2020-01-24,SAR,LKR,indicative,48.3607
2020-01-24,SBD,LKR,indicative,22.3685
2020-01-24,SCR,LKR,indicative,13.242
2020-01-24,SEK,LKR,indicative,19.0299
2020-01-24,SGD,LKR,indicative,134.3421
2020-01-24,THB,LKR,indicative,5.9403
2020-01-24,TWD,LKR,indicative,6.042
2020-01-24,USD,LKR,indicative,181.4156
2020-01-24,VND,LKR,indicative,0.0078
2020-01-24,XAU,LKR,indicative,283295.7799
2020-01-24,ZAR,LKR,indicative,12.6017
2020-01-24,ZMW,LKR,indicative,12.4847
2020-01-27,AED,LKR,indicative,49.397
2020-01-27,AUD,LKR,indicative,123.4355
2020-01-27,BDT,LKR,indicative,2.1373
2020-01-27,BHD,LKR,indicative,481.2485
2020-01-27,BND,LKR,indicative,133.8912
2020-01-27,BRL,LKR,indicative,43.3638
2020-01-27,CAD,LKR,indicative,137.8482
2020-01-27,CHF,LKR,indicative,187.0061
2020-01-27,CNH,LKR,indicative,26.04
2020-01-27,CNY,LKR,indicative,26.1571
2020-01-27,CZK,LKR,indicative,7.9531
2020-01-27,DKK,LKR,indicative,26.7867
2020-01-27,EGP,LKR,indicative,11.4874
2020-01-27,EUR,LKR,indicative,200.1676
2020-01-27,GBP,LKR,indicative,236.9369
2020-01-27,GHS,LKR,indicative,32.5236
2020-01-27,HKD,LKR,indicative,23.3374
2020-01-27,HUF,LKR,indicative,0.5951
2020-01-27,IDR,LKR,indicative,0.0133
2020-01-27,INR,LKR,indicative,2.5437
2020-01-27,IRR,LKR,indicative,0.0043
2020-01-27,JOD,LKR,indicative,255.9135
2020-01-27,JPY,LKR,indicative,1.6656
2020-01-27,KES,LKR,indicative,1.7938
2020-01-27,KRW,LKR,indicative,0.155
2020-01-27,KWD,LKR,indicative,597.7358
2020-01-27,MMK,LKR,indicative,0.1237
2020-01-27,MOP,LKR,indicative,22.6464
2020-01-27,MUR,LKR,indicative,4.9372
2020-01-27,MVR,LKR,indicative,11.7363
2020-01-27,MYR,LKR,indicative,44.6299
2020-01-27,NGN,LKR,indicative,0.5921
2020-01-27,NOK,LKR,indicative,20.0288
2020-01-27,NPR,LKR,indicative,1.5898
2020-01-27,NZD,LKR,indicative,119.2532
2020-01-27,OMR,LKR,indicative,471.243
2020-01-27,PGK,LKR,indicative,53.2534
2020-01-27,PHP,LKR,indicative,3.5654
2020-01-27,PKR,LKR,indicative,1.1768
2020-01-27,PLN,LKR,indicative,47.0126
2020-01-27,QAR,LKR,indicative,49.8332
2020-01-27,RON,LKR,indicative,41.8736
2020-01-27,RUB,LKR,indicative,2.9142
2020-01-27,SAR,LKR,indicative,48.3557
2020-01-27,SBD,LKR,indicative,22.3719
2020-01-27,SCR,LKR,indicative,13.244
2020-01-27,SEK,LKR,indicative,18.9538
2020-01-27,SGD,LKR,indicative,133.8912
2020-01-27,THB,LKR,indicative,5.9131
2020-01-27,TWD,LKR,indicative,6.0264
2020-01-27,USD,LKR,indicative,181.4427
2020-01-27,VND,LKR,indicative,0.0078
2020-01-27,XAU,LKR,indicative,287017.4756
2020-01-27,ZAR,LKR,indicative,12.5527
2020-01-27,ZMW,LKR,indicative,12.5262
2020-01-28,AED,LKR,indicative,49.4201
2020-01-28,AUD,LKR,indicative,122.5583
2020-01-28,BDT,LKR,indicative,2.1394
2020-01-28,BHD,LKR,indicative,481.5117
2020-01-28,BND,LKR,indicative,133.6284
2020-01-28,BRL,LKR,indicative,43.2904
2020-01-28,CAD,LKR,indicative,137.6355
2020-01-28,CHF,LKR,indicative,187.0839
2020-01-28,CNH,LKR,indicative,25.991
2020-01-28,CNY,LKR,indicative,25.838
2020-01-28,CZK,LKR,indicative,7.9204
2020-01-28,DKK,LKR,indicative,26.7671
2020-01-28,EGP,LKR,indicative,11.268
2020-01-28,EUR,LKR,indicative,200.0252
2020-01-28,GBP,LKR,indicative,237.0749
2020-01-28,GHS,LKR,indicative,32.5803
2020-01-28,HKD,LKR,indicative,23.3356
2020-01-28,HUF,LKR,indicative,0.5929
2020-01-28,IDR,LKR,indicative,0.0133
2020-01-28,INR,LKR,indicative,2.53
2020-01-28,IRR,LKR,indicative,0.0043
2020-01-28,JOD,LKR,indicative,256.0331
2020-01-28,JPY,LKR,indicative,1.666
2020-01-28,KES,LKR,indicative,1.7902
2020-01-28,KRW,LKR,indicative,0.1543
2020-01-28,KWD,LKR,indicative,597.7198
2020-01-28,MMK,LKR,indicative,0.1197
2020-01-28,MOP,LKR,indicative,22.6456
2020-01-28,MUR,LKR,indicative,4.9666
2020-01-28,MVR,LKR,indicative,11.7418
2020-01-28,MYR,LKR,indicative,43.5893
2020-01-28,NGN,LKR,indicative,0.5919
2020-01-28,NOK,LKR,indicative,19.8502
2020-01-28,NPR,LKR,indicative,1.5809
2020-01-28,NZD,LKR,indicative,118.7371
2020-01-28,OMR,LKR,indicative,471.5061
2020-01-28,PGK,LKR,indicative,53.3691
2020-01-28,PHP,LKR,indicative,3.5695
2020-01-28,PKR,LKR,indicative,1.1696
2020-01-28,PLN,LKR,indicative,46.7601
2020-01-28,QAR,LKR,indicative,49.8565
2020-01-28,RON,LKR,indicative,41.83
2020-01-28,RUB,LKR,indicative,2.8869
2020-01-28,SAR,LKR,indicative,48.4048
2020-01-28,SBD,LKR,indicative,22.337
2020-01-28,SCR,LKR,indicative,13.2502
2020-01-28,SEK,LKR,indicative,18.8615
2020-01-28,SGD,LKR,indicative,133.6284
2020-01-28,THB,LKR,indicative,5.8957
2020-01-28,TWD,LKR,indicative,6.0248
2020-01-28,USD,LKR,indicative,181.5275
2020-01-28,VND,LKR,indicative,0.0078
2020-01-28,XAU,LKR,indicative,287135.6522
2020-01-28,ZAR,LKR,indicative,12.4288
2020-01-28,ZMW,LKR,indicative,12.7679
2020-01-29,AED,LKR,indicative,49.4221
2020-01-29,AUD,LKR,indicative,122.8174
2020-01-29,BDT,LKR,indicative,2.1405
2020-01-29,BHD,LKR,indicative,481.4927
2020-01-29,BND,LKR,indicative,133.7322
2020-01-29,BRL,LKR,indicative,43.2762
2020-01-29,CAD,LKR,indicative,137.892
2020-01-29,CHF,LKR,indicative,186.3903
2020-01-29,CNH,LKR,indicative,26.0766
2020-01-29,CNY,LKR,indicative,26.1704
2020-01-29,CZK,LKR,indicative,7.9295
2020-01-29,DKK,LKR,indicative,26.7593
2020-01-29,EGP,LKR,indicative,11.4895
2020-01-29,EUR,LKR,indicative,199.9697
2020-01-29,GBP,LKR,indicative,236.2948
2020-01-29,GHS,LKR,indicative,32.5331
2020-01-29,HKD,LKR,indicative,23.3434
2020-01-29,HUF,LKR,indicative,0.5915
2020-01-29,IDR,LKR,indicative,0.0133
2020-01-29,INR,LKR,indicative,2.5482
2020-01-29,IRR,LKR,indicative,0.0043
2020-01-29,JOD,LKR,indicative,256.0434
2020-01-29,JPY,LKR,indicative,1.6622
2020-01-29,KES,LKR,indicative,1.7947
2020-01-29,KRW,LKR,indicative,0.1545
2020-01-29,KWD,LKR,indicative,598.0392
2020-01-29,MMK,LKR,indicative,0.1239
2020-01-29,MOP,LKR,indicative,22.6522
2020-01-29,MUR,LKR,indicative,4.9263
2020-01-29,MVR,LKR,indicative,11.7422
2020-01-29,MYR,LKR,indicative,44.4666
2020-01-29,NGN,LKR,indicative,0.5925
2020-01-29,NOK,LKR,indicative,19.9127
2020-01-29,NPR,LKR,indicative,1.5906
2020-01-29,NZD,LKR,indicative,118.5785
2020-01-29,OMR,LKR,indicative,471.4822
2020-01-29,PGK,LKR,indicative,53.2805
2020-01-29,PHP,LKR,indicative,3.5756
2020-01-29,PKR,LKR,indicative,1.174
2020-01-29,PLN,LKR,indicative,46.8133
2020-01-29,QAR,LKR,indicative,49.8585
2020-01-29,RON,LKR,indicative,41.8437
2020-01-29,RUB,LKR,indicative,2.9134
2020-01-29,SAR,LKR,indicative,48.3873
2020-01-29,SBD,LKR,indicative,22.3832
2020-01-29,SCR,LKR,indicative,13.2507
2020-01-29,SEK,LKR,indicative,18.8977
2020-01-29,SGD,LKR,indicative,133.7322
2020-01-29,THB,LKR,indicative,5.8844
2020-01-29,TWD,LKR,indicative,6.0411
2020-01-29,USD,LKR,indicative,181.5348
2020-01-29,VND,LKR,indicative,0.0078
2020-01-29,XAU,LKR,indicative,284197.885
2020-01-29,ZAR,LKR,indicative,12.4839
2020-01-29,ZMW,LKR,indicative,12.4126
2020-01-30,AED,LKR,indicative,49.4122
2020-01-30,AUD,LKR,indicative,122.3481
2020-01-30,BDT,LKR,indicative,2.1391
2020-01-30,BHD,LKR,indicative,481.4345
2020-01-30,BND,LKR,indicative,133.1268
2020-01-30,BRL,LKR,indicative,43.2835
2020-01-30,CAD,LKR,indicative,137.4884
2020-01-30,CHF,LKR,indicative,186.6212
2020-01-30,CNH,LKR,indicative,25.9987
2020-01-30,CNY,LKR,indicative,25.8339
2020-01-30,CZK,LKR,indicative,7.9209
2020-01-30,DKK,LKR,indicative,26.7472
2020-01-30,EGP,LKR,indicative,11.2662
2020-01-30,EUR,LKR,indicative,199.8751
2020-01-30,GBP,LKR,indicative,236.2837
2020-01-30,GHS,LKR,indicative,32.575
2020-01-30,HKD,LKR,indicative,23.3548
2020-01-30,HUF,LKR,indicative,0.5918
2020-01-30,IDR,LKR,indicative,0.0133
2020-01-30,INR,LKR,indicative,2.5296
2020-01-30,IRR,LKR,indicative,0.0043
2020-01-30,JOD,LKR,indicative,255.9921
2020-01-30,JPY,LKR,indicative,1.6666
2020-01-30,KES,LKR,indicative,1.7899
2020-01-30,KRW,LKR,indicative,0.1534
2020-01-30,KWD,LKR,indicative,597.624
2020-01-30,MMK,LKR,indicative,0.1197
2020-01-30,MOP,LKR,indicative,22.6632
2020-01-30,MUR,LKR,indicative,4.9658
2020-01-30,MVR,LKR,indicative,11.7399
2020-01-30,MYR,LKR,indicative,43.5823
2020-01-30,NGN,LKR,indicative,0.5918
2020-01-30,NOK,LKR,indicative,19.7807
2020-01-30,NPR,LKR,indicative,1.5807
2020-01-30,NZD,LKR,indicative,118.2462
2020-01-30,OMR,LKR,indicative,471.4305
2020-01-30,PGK,LKR,indicative,53.3605
2020-01-30,PHP,LKR,indicative,3.5681
2020-01-30,PKR,LKR,indicative,1.1694
2020-01-30,PLN,LKR,indicative,46.6373
2020-01-30,QAR,LKR,indicative,49.8485
2020-01-30,RON,LKR,indicative,41.7978
2020-01-30,RUB,LKR,indicative,2.8996
2020-01-30,SAR,LKR,indicative,48.397
2020-01-30,SBD,LKR,indicative,22.3334
2020-01-30,SCR,LKR,indicative,13.2481
2020-01-30,SEK,LKR,indicative,18.8573
2020-01-30,SGD,LKR,indicative,133.1268
2020-01-30,THB,LKR,indicative,5.8331
2020-01-30,TWD,LKR,indicative,6.0159
2020-01-30,USD,LKR,indicative,181.4984
2020-01-30,VND,LKR,indicative,0.0078
2020-01-30,XAU,LKR,indicative,286848.7107
2020-01-30,ZAR,LKR,indicative,12.4042
2020-01-30,ZMW,LKR,indicative,12.7658
2020-01-31,AED,LKR,indicative,49.436
2020-01-31,AUD,LKR,indicative,121.9984
2020-01-31,BDT,LKR,indicative,2.1401
2020-01-31,BHD,LKR,indicative,481.6661
2020-01-31,BND,LKR,indicative,133.362
2020-01-31,BRL,LKR,indicative,43.3043
2020-01-31,CAD,LKR,indicative,137.5285
2020-01-31,CHF,LKR,indicative,187.2018
2020-01-31,CNH,LKR,indicative,26.0288
2020-01-31,CNY,LKR,indicative,25.8463
2020-01-31,CZK,LKR,indicative,7.933
2020-01-31,DKK,LKR,indicative,26.7999
2020-01-31,EGP,LKR,indicative,11.2716
2020-01-31,EUR,LKR,indicative,200.2799
2020-01-31,GBP,LKR,indicative,237.8682
2020-01-31,GHS,LKR,indicative,32.5907
2020-01-31,HKD,LKR,indicative,23.3694
2020-01-31,HUF,LKR,indicative,0.5939
2020-01-31,IDR,LKR,indicative,0.0133
2020-01-31,INR,LKR,indicative,2.5308
2020-01-31,IRR,LKR,indicative,0.0043
2020-01-31,JOD,LKR,indicative,256.1152
2020-01-31,JPY,LKR,indicative,1.6648
2020-01-31,KES,LKR,indicative,1.7908
2020-01-31,KRW,LKR,indicative,0.1531
2020-01-31,KWD,LKR,indicative,597.9114
2020-01-31,MMK,LKR,indicative,0.1197
2020-01-31,MOP,LKR,indicative,22.6784
2020-01-31,MUR,LKR,indicative,4.9681
2020-01-31,MVR,LKR,indicative,11.7455
2020-01-31,MYR,LKR,indicative,44.4355
2020-01-31,NGN,LKR,indicative,0.5921
2020-01-31,NOK,LKR,indicative,19.7916
2020-01-31,NPR,LKR,indicative,1.5814
2020-01-31,NZD,LKR,indicative,117.8037
2020-01-31,OMR,LKR,indicative,471.6573
2020-01-31,PGK,LKR,indicative,53.2954
2020-01-31,PHP,LKR,indicative,3.571
2020-01-31,PKR,LKR,indicative,1.1699
2020-01-31,PLN,LKR,indicative,46.6412
2020-01-31,QAR,LKR,indicative,49.8725
2020-01-31,RON,LKR,indicative,41.9362
2020-01-31,RUB,LKR,indicative,2.8744
2020-01-31,SAR,LKR,indicative,48.4203
2020-01-31,SBD,LKR,indicative,22.3441
2020-01-31,SCR,LKR,indicative,13.2544
2020-01-31,SEK,LKR,indicative,18.8429
2020-01-31,SGD,LKR,indicative,133.362
2020-01-31,THB,LKR,indicative,5.8341
2020-01-31,TWD,LKR,indicative,6.0114
2020-01-31,USD,LKR,indicative,181.5857
2020-01-31,VND,LKR,indicative,0.0078
2020-01-31,XAU,LKR,indicative,285448.1717
2020-01-31,ZAR,LKR,indicative,12.3118
2020-01-31,ZMW,LKR,indicative,12.772
2020-02-03,AED,LKR,indicative,49.3859
2020-02-03,AUD,LKR,indicative,121.4303
2020-02-03,BDT,LKR,indicative,2.136
2020-02-03,BHD,LKR,indicative,481.1971
2020-02-03,BND,LKR,indicative,132.6715
2020-02-03,BRL,LKR,indicative,42.3569
2020-02-03,CAD,LKR,indicative,136.9741
2020-02-03,CHF,LKR,indicative,188.176
2020-02-03,CNH,LKR,indicative,25.8973
2020-02-03,CNY,LKR,indicative,25.894
2020-02-03,CZK,LKR,indicative,7.9709
2020-02-03,DKK,LKR,indicative,26.9038
2020-02-03,EGP,LKR,indicative,11.4884
2020-02-03,EUR,LKR,indicative,201.0475
2020-02-03,GBP,LKR,indicative,239.0421
2020-02-03,GHS,LKR,indicative,33.1025
2020-02-03,HKD,LKR,indicative,23.355
2020-02-03,HUF,LKR,indicative,0.5953
2020-02-03,IDR,LKR,indicative,0.0132
2020-02-03,INR,LKR,indicative,2.5362
2020-02-03,IRR,LKR,indicative,0.0043
2020-02-03,JOD,LKR,indicative,255.8557
2020-02-03,JPY,LKR,indicative,1.6715
2020-02-03,KES,LKR,indicative,1.8068
2020-02-03,KRW,LKR,indicative,0.1516
2020-02-03,KWD,LKR,indicative,596.7161
2020-02-03,MMK,LKR,indicative,0.124
2020-02-03,MOP,LKR,indicative,22.6639
2020-02-03,MUR,LKR,indicative,4.9321
2020-02-03,MVR,LKR,indicative,11.7336
2020-02-03,MYR,LKR,indicative,44.1528
2020-02-03,NGN,LKR,indicative,0.5915
2020-02-03,NOK,LKR,indicative,19.7131
2020-02-03,NPR,LKR,indicative,1.5892
2020-02-03,NZD,LKR,indicative,117.2127
2020-02-03,OMR,LKR,indicative,471.1732
2020-02-03,PGK,LKR,indicative,53.2414
2020-02-03,PHP,LKR,indicative,3.5607
2020-02-03,PKR,LKR,indicative,1.1741
2020-02-03,PLN,LKR,indicative,46.7886
2020-02-03,QAR,LKR,indicative,49.8117
2020-02-03,RON,LKR,indicative,42.0515
2020-02-03,RUB,LKR,indicative,2.8355
2020-02-03,SAR,LKR,indicative,48.3499
2020-02-03,SBD,LKR,indicative,22.3487
2020-02-03,SCR,LKR,indicative,13.241
2020-02-03,SEK,LKR,indicative,18.837
2020-02-03,SGD,LKR,indicative,132.6715
2020-02-03,THB,LKR,indicative,5.8095
2020-02-03,TWD,LKR,indicative,5.9756
2020-02-03,USD,LKR,indicative,181.4017
2020-02-03,VND,LKR,indicative,0.0078
2020-02-03,XAU,LKR,indicative,287157.0771
2020-02-03,ZAR,LKR,indicative,12.1051
2020-02-03,ZMW,LKR,indicative,12.3026
2020-02-05,AED,LKR,indicative,49.4067
2020-02-05,AUD,LKR,indicative,122.2618
2020-02-05,BDT,LKR,indicative,2.1388
2020-02-05,BHD,LKR,indicative,481.3424
2020-02-05,BND,LKR,indicative,131.4344
2020-02-05,BRL,LKR,indicative,42.6485
2020-02-05,CAD,LKR,indicative,136.5421
2020-02-05,CHF,LKR,indicative,187.1294
2020-02-05,CNH,LKR,indicative,25.9195
2020-02-05,CNY,LKR,indicative,25.9304
2020-02-05,CZK,LKR,indicative,7.9781
2020-02-05,DKK,LKR,indicative,26.8009
2020-02-05,EGP,LKR,indicative,11.486
2020-02-05,EUR,LKR,indicative,200.2883
2020-02-05,GBP,LKR,indicative,236.1665
2020-02-05,GHS,LKR,indicative,33.671
2020-02-05,HKD,LKR,indicative,23.3645
2020-02-05,HUF,LKR,indicative,0.596
2020-02-05,IDR,LKR,indicative,0.0132
2020-02-05,INR,LKR,indicative,2.5521
2020-02-05,IRR,LKR,indicative,0.0043
2020-02-05,JOD,LKR,indicative,255.9635
2020-02-05,JPY,LKR,indicative,1.6577
2020-02-05,KES,LKR,indicative,1.8076
2020-02-05,KRW,LKR,indicative,0.1527
2020-02-05,KWD,LKR,indicative,596.9674
2020-02-05,MMK,LKR,indicative,0.1258
2020-02-05,MOP,LKR,indicative,22.6734
2020-02-05,MUR,LKR,indicative,4.9382
2020-02-05,MVR,LKR,indicative,11.7386
2020-02-05,MYR,LKR,indicative,44.0962
2020-02-05,NGN,LKR,indicative,0.5921
2020-02-05,NOK,LKR,indicative,19.6613
2020-02-05,NPR,LKR,indicative,1.5917
2020-02-05,NZD,LKR,indicative,117.7067
2020-02-05,OMR,LKR,indicative,471.3717
2020-02-05,PGK,LKR,indicative,53.2638
2020-02-05,PHP,LKR,indicative,3.5724
2020-02-05,PKR,LKR,indicative,1.1751
2020-02-05,PLN,LKR,indicative,46.8373
2020-02-05,QAR,LKR,indicative,49.8429
2020-02-05,RON,LKR,indicative,41.9225
2020-02-05,RUB,LKR,indicative,2.8739
2020-02-05,SAR,LKR,indicative,48.3709
2020-02-05,SBD,LKR,indicative,22.3581
2020-02-05,SCR,LKR,indicative,13.2466
2020-02-05,SEK,LKR,indicative,18.9083
2020-02-05,SGD,LKR,indicative,131.4344
2020-02-05,THB,LKR,indicative,5.8297
2020-02-05,TWD,LKR,indicative,6.0352
2020-02-05,USD,LKR,indicative,181.4781
2020-02-05,VND,LKR,indicative,0.0078
2020-02-05,XAU,LKR,indicative,282201.0588
2020-02-05,ZAR,LKR,indicative,12.2488
2020-02-05,ZMW,LKR,indicative,12.4942
2020-02-06,AED,LKR,indicative,49.3847
2020-02-06,AUD,LKR,indicative,122.5157
2020-02-06,BDT,LKR,indicative,2.1357
2020-02-06,BHD,LKR,indicative,481.1855
2020-02-06,BND,LKR,indicative,130.8547
2020-02-06,BRL,LKR,indicative,42.8309
2020-02-06,CAD,LKR,indicative,136.5481
2020-02-06,CHF,LKR,indicative,186.2873
2020-02-06,CNH,LKR,indicative,25.9988
2020-02-06,CNY,LKR,indicative,25.9928
2020-02-06,CZK,LKR,indicative,7.9524
2020-02-06,DKK,LKR,indicative,26.6957
2020-02-06,EGP,LKR,indicative,11.4954
2020-02-06,EUR,LKR,indicative,199.4917
2020-02-06,GBP,LKR,indicative,235.5716
2020-02-06,GHS,LKR,indicative,33.53
2020-02-06,HKD,LKR,indicative,23.3631
2020-02-06,HUF,LKR,indicative,0.592
2020-02-06,IDR,LKR,indicative,0.0133
2020-02-06,INR,LKR,indicative,2.5481
2020-02-06,IRR,LKR,indicative,0.0043
2020-02-06,JOD,LKR,indicative,255.8495
2020-02-06,JPY,LKR,indicative,1.6509
2020-02-06,KES,LKR,indicative,1.8076
2020-02-06,KRW,LKR,indicative,0.1533
2020-02-06,KWD,LKR,indicative,596.7016
2020-02-06,MMK,LKR,indicative,0.1251
2020-02-06,MOP,LKR,indicative,22.6718
2020-02-06,MUR,LKR,indicative,4.9159
2020-02-06,MVR,LKR,indicative,11.7333
2020-02-06,MYR,LKR,indicative,43.9911
2020-02-06,NGN,LKR,indicative,0.5918
2020-02-06,NOK,LKR,indicative,19.7049
2020-02-06,NPR,LKR,indicative,1.5924
2020-02-06,NZD,LKR,indicative,117.3822
2020-02-06,OMR,LKR,indicative,471.1618
2020-02-06,PGK,LKR,indicative,53.2401
2020-02-06,PHP,LKR,indicative,3.5722
2020-02-06,PKR,LKR,indicative,1.1745
2020-02-06,PLN,LKR,indicative,46.9978
2020-02-06,QAR,LKR,indicative,49.8207
2020-02-06,RON,LKR,indicative,41.8612
2020-02-06,RUB,LKR,indicative,2.8853
2020-02-06,SAR,LKR,indicative,48.352
2020-02-06,SBD,LKR,indicative,22.33
2020-02-06,SCR,LKR,indicative,13.2407
2020-02-06,SEK,LKR,indicative,18.9241
2020-02-06,SGD,LKR,indicative,130.8547
2020-02-06,THB,LKR,indicative,5.8421
2020-02-06,TWD,LKR,indicative,6.045
2020-02-06,USD,LKR,indicative,181.3973
2020-02-06,VND,LKR,indicative,0.0078
2020-02-06,XAU,LKR,indicative,282094.5692
2020-02-06,ZAR,LKR,indicative,12.291
2020-02-06,ZMW,LKR,indicative,12.4032
2020-02-07,AED,LKR,indicative,49.3693
2020-02-07,AUD,LKR,indicative,121.8882
2020-02-07,BDT,LKR,indicative,2.1367
2020-02-07,BHD,LKR,indicative,481.0356
2020-02-07,BND,LKR,indicative,130.8753
2020-02-07,BRL,LKR,indicative,42.3456
2020-02-07,CAD,LKR,indicative,136.4593
2020-02-07,CHF,LKR,indicative,186.1146
2020-02-07,CNH,LKR,indicative,25.9689
2020-02-07,CNY,LKR,indicative,25.9691
2020-02-07,CZK,LKR,indicative,7.9719
2020-02-07,DKK,LKR,indicative,26.6542
2020-02-07,EGP,LKR,indicative,11.5064
2020-02-07,EUR,LKR,indicative,199.1666
2020-02-07,GBP,LKR,indicative,234.6278
2020-02-07,GHS,LKR,indicative,33.4269
2020-02-07,HKD,LKR,indicative,23.359
2020-02-07,HUF,LKR,indicative,0.5893
2020-02-07,IDR,LKR,indicative,0.0133
2020-02-07,INR,LKR,indicative,2.546
2020-02-07,IRR,LKR,indicative,0.0043
2020-02-07,JOD,LKR,indicative,255.7698
2020-02-07,JPY,LKR,indicative,1.6497
2020-02-07,KES,LKR,indicative,1.8044
2020-02-07,KRW,LKR,indicative,0.1528
2020-02-07,KWD,LKR,indicative,596.5158
2020-02-07,MMK,LKR,indicative,0.1248
2020-02-07,MOP,LKR,indicative,22.6676
2020-02-07,MUR,LKR,indicative,4.9144
2020-02-07,MVR,LKR,indicative,11.7297
2020-02-07,MYR,LKR,indicative,43.8604
2020-02-07,NGN,LKR,indicative,0.5917
2020-02-07,NOK,LKR,indicative,19.6573
2020-02-07,NPR,LKR,indicative,1.5916
2020-02-07,NZD,LKR,indicative,117.0736
2020-02-07,OMR,LKR,indicative,471.0151
2020-02-07,PGK,LKR,indicative,53.2235
2020-02-07,PHP,LKR,indicative,3.5725
2020-02-07,PKR,LKR,indicative,1.1731
2020-02-07,PLN,LKR,indicative,46.7669
2020-02-07,QAR,LKR,indicative,49.8018
2020-02-07,RON,LKR,indicative,41.869
2020-02-07,RUB,LKR,indicative,2.8645
2020-02-07,SAR,LKR,indicative,48.3369
2020-02-07,SBD,LKR,indicative,22.3231
2020-02-07,SCR,LKR,indicative,13.2366
2020-02-07,SEK,LKR,indicative,18.8382
2020-02-07,SGD,LKR,indicative,130.8753
2020-02-07,THB,LKR,indicative,5.8122
2020-02-07,TWD,LKR,indicative,6.0266
2020-02-07,USD,LKR,indicative,181.3408
2020-02-07,VND,LKR,indicative,0.0078
2020-02-07,XAU,LKR,indicative,284043.1621
2020-02-07,ZAR,LKR,indicative,12.1627
2020-02-07,ZMW,LKR,indicative,12.3824
2020-02-10,AED,LKR,indicative,49.3775
2020-02-10,AUD,LKR,indicative,121.5185
2020-02-10,BDT,LKR,indicative,2.1352
2020-02-10,BHD,LKR,indicative,481.1154
2020-02-10,BND,LKR,indicative,130.539
2020-02-10,BRL,LKR,indicative,41.9782
2020-02-10,CAD,LKR,indicative,136.4101
2020-02-10,CHF,LKR,indicative,185.4698
2020-02-10,CNH,LKR,indicative,25.9135
2020-02-10,CNY,LKR,indicative,25.9233
2020-02-10,CZK,LKR,indicative,7.9343
2020-02-10,DKK,LKR,indicative,26.5838
2020-02-10,EGP,LKR,indicative,11.5229
2020-02-10,EUR,LKR,indicative,198.6374
2020-02-10,GBP,LKR,indicative,233.9413
2020-02-10,GHS,LKR,indicative,33.4997
2020-02-10,HKD,LKR,indicative,23.3522
2020-02-10,HUF,LKR,indicative,0.5873
2020-02-10,IDR,LKR,indicative,0.0132
2020-02-10,INR,LKR,indicative,2.5361
2020-02-10,IRR,LKR,indicative,0.0043
2020-02-10,JOD,LKR,indicative,255.8123
2020-02-10,JPY,LKR,indicative,1.6514
2020-02-10,KES,LKR,indicative,1.8029
2020-02-10,KRW,LKR,indicative,0.1526
2020-02-10,KWD,LKR,indicative,596.6148
2020-02-10,MMK,LKR,indicative,0.125
2020-02-10,MOP,LKR,indicative,22.66
2020-02-10,MUR,LKR,indicative,4.9454
2020-02-10,MVR,LKR,indicative,11.7316
2020-02-10,MYR,LKR,indicative,43.7513
2020-02-10,NGN,LKR,indicative,0.5918
2020-02-10,NOK,LKR,indicative,19.524
2020-02-10,NPR,LKR,indicative,1.5875
2020-02-10,NZD,LKR,indicative,116.3313
2020-02-10,OMR,LKR,indicative,471.0932
2020-02-10,PGK,LKR,indicative,53.2324
2020-02-10,PHP,LKR,indicative,3.571
2020-02-10,PKR,LKR,indicative,1.1738
2020-02-10,PLN,LKR,indicative,46.5048
2020-02-10,QAR,LKR,indicative,49.8135
2020-02-10,RON,LKR,indicative,41.7136
2020-02-10,RUB,LKR,indicative,2.8374
2020-02-10,SAR,LKR,indicative,48.3417
2020-02-10,SBD,LKR,indicative,22.3268
2020-02-10,SCR,LKR,indicative,13.5615
2020-02-10,SEK,LKR,indicative,18.7932
2020-02-10,SGD,LKR,indicative,130.5437
2020-02-10,THB,LKR,indicative,5.7946
2020-02-10,TWD,LKR,indicative,6.0234
2020-02-10,USD,LKR,indicative,181.3709
2020-02-10,VND,LKR,indicative,0.0078
2020-02-10,XAU,LKR,indicative,284811.4399
2020-02-10,ZAR,LKR,indicative,12.068
2020-02-10,ZMW,LKR,indicative,12.3596
2020-02-11,AED,LKR,indicative,49.392
2020-02-11,AUD,LKR,indicative,121.5904
2020-02-11,BDT,LKR,indicative,2.1369
2020-02-11,BHD,LKR,indicative,481.2566
2020-02-11,BND,LKR,indicative,130.6761
2020-02-11,BRL,LKR,indicative,41.9516
2020-02-11,CAD,LKR,indicative,136.3271
2020-02-11,CHF,LKR,indicative,185.4578
2020-02-11,CNH,LKR,indicative,25.9927
2020-02-11,CNY,LKR,indicative,25.9952
2020-02-11,CZK,LKR,indicative,7.9126
2020-02-11,DKK,LKR,indicative,26.5
2020-02-11,EGP,LKR,indicative,11.5336
2020-02-11,EUR,LKR,indicative,198.0244
2020-02-11,GBP,LKR,indicative,234.3183
2020-02-11,GHS,LKR,indicative,33.5309
2020-02-11,HKD,LKR,indicative,23.3637
2020-02-11,HUF,LKR,indicative,0.5857
2020-02-11,IDR,LKR,indicative,0.0133
2020-02-11,INR,LKR,indicative,2.5449
2020-02-11,IRR,LKR,indicative,0.0043
2020-02-11,JOD,LKR,indicative,255.8873
2020-02-11,JPY,LKR,indicative,1.6511
2020-02-11,KES,LKR,indicative,1.8016
2020-02-11,KRW,LKR,indicative,0.1532
2020-02-11,KWD,LKR,indicative,596.7898
2020-02-11,MMK,LKR,indicative,0.125
2020-02-11,MOP,LKR,indicative,22.6723
2020-02-11,MUR,LKR,indicative,4.8836
2020-02-11,MVR,LKR,indicative,11.7351
2020-02-11,MYR,LKR,indicative,43.8064
2020-02-11,NGN,LKR,indicative,0.592
2020-02-11,NOK,LKR,indicative,19.5726
2020-02-11,NPR,LKR,indicative,1.5901
2020-02-11,NZD,LKR,indicative,115.8211
2020-02-11,OMR,LKR,indicative,471.2314
2020-02-11,PGK,LKR,indicative,53.248
2020-02-11,PHP,LKR,indicative,3.5787
2020-02-11,PKR,LKR,indicative,1.1731
2020-02-11,PLN,LKR,indicative,46.4428
2020-02-11,QAR,LKR,indicative,49.8281
2020-02-11,RON,LKR,indicative,41.5339
2020-02-11,RUB,LKR,indicative,2.8371
2020-02-11,SAR,LKR,indicative,48.3707
2020-02-11,SBD,LKR,indicative,22.3333
2020-02-11,SCR,LKR,indicative,13.2426
2020-02-11,SEK,LKR,indicative,18.7901
2020-02-11,SGD,LKR,indicative,130.6761
2020-02-11,THB,LKR,indicative,5.8149
2020-02-11,TWD,LKR,indicative,6.0418
2020-02-11,USD,LKR,indicative,181.4241
2020-02-11,VND,LKR,indicative,0.0078
2020-02-11,XAU,LKR,indicative,284588.0117
2020-02-11,ZAR,LKR,indicative,12.1339
2020-02-11,ZMW,LKR,indicative,12.3254
2020-02-12,AED,LKR,indicative,49.3919
2020-02-12,AUD,LKR,indicative,122.18
2020-02-12,BDT,LKR,indicative,2.1374
2020-02-12,BHD,LKR,indicative,481.2563
2020-02-12,BND,LKR,indicative,130.9401
2020-02-12,BRL,LKR,indicative,41.8809
2020-02-12,CAD,LKR,indicative,136.5836
2020-02-12,CHF,LKR,indicative,186.0187
2020-02-12,CNH,LKR,indicative,26.0558
2020-02-12,CNY,LKR,indicative,26.0526
2020-02-12,CZK,LKR,indicative,7.9469
2020-02-12,DKK,LKR,indicative,26.5077
2020-02-12,EGP,LKR,indicative,11.541
2020-02-12,EUR,LKR,indicative,198.0787
2020-02-12,GBP,LKR,indicative,235.2253
2020-02-12,GHS,LKR,indicative,33.5532
2020-02-12,HKD,LKR,indicative,23.3618
2020-02-12,HUF,LKR,indicative,0.5847
2020-02-12,IDR,LKR,indicative,0.0133
2020-02-12,INR,LKR,indicative,2.5451
2020-02-12,IRR,LKR,indicative,0.0043
2020-02-12,JOD,LKR,indicative,255.8872
2020-02-12,JPY,LKR,indicative,1.6513
2020-02-12,KES,LKR,indicative,1.8016
2020-02-12,KRW,LKR,indicative,0.1539
2020-02-12,KWD,LKR,indicative,596.7895
2020-02-12,MMK,LKR,indicative,0.125
2020-02-12,MOP,LKR,indicative,22.6695
2020-02-12,MUR,LKR,indicative,4.8967
2020-02-12,MVR,LKR,indicative,11.7351
2020-02-12,MYR,LKR,indicative,43.923
2020-02-12,NGN,LKR,indicative,0.5921
2020-02-12,NOK,LKR,indicative,19.6361
2020-02-12,NPR,LKR,indicative,1.5909
2020-02-12,NZD,LKR,indicative,117.463
2020-02-12,OMR,LKR,indicative,471.2312
2020-02-12,PGK,LKR,indicative,53.2479
2020-02-12,PHP,LKR,indicative,3.5876
2020-02-12,PKR,LKR,indicative,1.1749
2020-02-12,PLN,LKR,indicative,46.5369
2020-02-12,QAR,LKR,indicative,49.8281
2020-02-12,RON,LKR,indicative,41.5305
2020-02-12,RUB,LKR,indicative,2.8658
2020-02-12,SAR,LKR,indicative,48.372
2020-02-12,SBD,LKR,indicative,22.3333
2020-02-12,SCR,LKR,indicative,13.2426
2020-02-12,SEK,LKR,indicative,18.8459
2020-02-12,SGD,LKR,indicative,130.9401
2020-02-12,THB,LKR,indicative,5.827
2020-02-12,TWD,LKR,indicative,6.0489
2020-02-12,USD,LKR,indicative,181.424
2020-02-12,VND,LKR,indicative,0.0078
2020-02-12,XAU,LKR,indicative,284378.4915
2020-02-12,ZAR,LKR,indicative,12.2625
2020-02-12,ZMW,LKR,indicative,12.411
2020-02-13,AED,LKR,indicative,49.3985
2020-02-13,AUD,LKR,indicative,122.0692
2020-02-13,BDT,LKR,indicative,2.1385
2020-02-13,BHD,LKR,indicative,481.2947
2020-02-13,BND,LKR,indicative,130.7828
2020-02-13,BRL,LKR,indicative,41.6557
2020-02-13,CAD,LKR,indicative,137.0195
2020-02-13,CHF,LKR,indicative,185.4918
2020-02-13,CNH,LKR,indicative,26.001
2020-02-13,CNY,LKR,indicative,26.0081
2020-02-13,CZK,LKR,indicative,7.9401
2020-02-13,DKK,LKR,indicative,26.4013
2020-02-13,EGP,LKR,indicative,11.5352
2020-02-13,EUR,LKR,indicative,197.2794
2020-02-13,GBP,LKR,indicative,235.1114
2020-02-13,GHS,LKR,indicative,33.972
2020-02-13,HKD,LKR,indicative,23.3562
2020-02-13,HUF,LKR,indicative,0.5804
2020-02-13,IDR,LKR,indicative,0.0133
2020-02-13,INR,LKR,indicative,2.5446
2020-02-13,IRR,LKR,indicative,0.0043
2020-02-13,JOD,LKR,indicative,255.9212
2020-02-13,JPY,LKR,indicative,1.6501
2020-02-13,KES,LKR,indicative,1.8028
2020-02-13,KRW,LKR,indicative,0.1538
2020-02-13,KWD,LKR,indicative,595.3022
2020-02-13,MMK,LKR,indicative,0.1251
2020-02-13,MOP,LKR,indicative,22.664
2020-02-13,MUR,LKR,indicative,4.8908
2020-02-13,MVR,LKR,indicative,11.7366
2020-02-13,MYR,LKR,indicative,43.8333
2020-02-13,NGN,LKR,indicative,0.5922
2020-02-13,NOK,LKR,indicative,19.6249
2020-02-13,NPR,LKR,indicative,1.5892
2020-02-13,NZD,LKR,indicative,117.0703
2020-02-13,OMR,LKR,indicative,471.2938
2020-02-13,PGK,LKR,indicative,53.255
2020-02-13,PHP,LKR,indicative,3.5909
2020-02-13,PKR,LKR,indicative,1.175
2020-02-13,PLN,LKR,indicative,46.3949
2020-02-13,QAR,LKR,indicative,49.8347
2020-02-13,RON,LKR,indicative,41.3868
2020-02-13,RUB,LKR,indicative,2.8696
2020-02-13,SAR,LKR,indicative,48.3784
2020-02-13,SBD,LKR,indicative,22.3181
2020-02-13,SCR,LKR,indicative,13.2444
2020-02-13,SEK,LKR,indicative,18.8111
2020-02-13,SGD,LKR,indicative,130.7828
2020-02-13,THB,LKR,indicative,5.8278
2020-02-13,TWD,LKR,indicative,6.0529
2020-02-13,USD,LKR,indicative,181.4481
2020-02-13,VND,LKR,indicative,0.0078
2020-02-13,XAU,LKR,indicative,284898.0125
2020-02-13,ZAR,LKR,indicative,12.2078
2020-02-13,ZMW,LKR,indicative,12.3817
2020-02-14,AED,LKR,indicative,49.401
2020-02-14,AUD,LKR,indicative,122.0118
2020-02-14,BDT,LKR,indicative,2.1376
2020-02-14,BHD,LKR,indicative,481.325
2020-02-14,BND,LKR,indicative,130.5494
2020-02-14,BRL,LKR,indicative,41.7104
2020-02-14,CAD,LKR,indicative,136.861
2020-02-14,CHF,LKR,indicative,185.1792
2020-02-14,CNH,LKR,indicative,25.9718
2020-02-14,CNY,LKR,indicative,25.9811
2020-02-14,CZK,LKR,indicative,7.904
2020-02-14,DKK,LKR,indicative,26.3159
2020-02-14,EGP,LKR,indicative,11.5578
2020-02-14,EUR,LKR,indicative,196.6178
2020-02-14,GBP,LKR,indicative,236.7562
2020-02-14,GHS,LKR,indicative,34.8621
2020-02-14,HKD,LKR,indicative,23.3588
2020-02-14,HUF,LKR,indicative,0.582
2020-02-14,IDR,LKR,indicative,0.0132
2020-02-14,INR,LKR,indicative,2.5439
2020-02-14,IRR,LKR,indicative,0.0043
2020-02-14,JOD,LKR,indicative,255.9339
2020-02-14,JPY,LKR,indicative,1.6522
2020-02-14,KES,LKR,indicative,1.8037
2020-02-14,KRW,LKR,indicative,0.1532
2020-02-14,KWD,LKR,indicative,595.3317
2020-02-14,MMK,LKR,indicative,0.1251
2020-02-14,MOP,LKR,indicative,22.668
2020-02-14,MUR,LKR,indicative,4.8779
2020-02-14,MVR,LKR,indicative,11.7372
2020-02-14,MYR,LKR,indicative,43.7985
2020-02-14,NGN,LKR,indicative,0.5922
2020-02-14,NOK,LKR,indicative,19.6025
2020-02-14,NPR,LKR,indicative,1.5902
2020-02-14,NZD,LKR,indicative,116.7314
2020-02-14,OMR,LKR,indicative,471.3171
2020-02-14,PGK,LKR,indicative,53.2577
2020-02-14,PHP,LKR,indicative,3.5961
2020-02-14,PKR,LKR,indicative,1.1751
2020-02-14,PLN,LKR,indicative,46.2783
2020-02-14,QAR,LKR,indicative,49.8372
2020-02-14,RON,LKR,indicative,41.2599
2020-02-14,RUB,LKR,indicative,2.8542
2020-02-14,SAR,LKR,indicative,48.3808
2020-02-14,SBD,LKR,indicative,22.3192
2020-02-14,SCR,LKR,indicative,13.245
2020-02-14,SEK,LKR,indicative,18.7458
2020-02-14,SGD,LKR,indicative,130.5494
2020-02-14,THB,LKR,indicative,5.8243
2020-02-14,TWD,LKR,indicative,6.051
2020-02-14,USD,LKR,indicative,181.4571
2020-02-14,VND,LKR,indicative,0.0078
2020-02-14,XAU,LKR,indicative,285943.6003
2020-02-14,ZAR,LKR,indicative,12.1517
2020-02-14,ZMW,LKR,indicative,12.365
2020-02-17,AED,LKR,indicative,49.406
2020-02-17,AUD,LKR,indicative,122.0515
2020-02-17,BDT,LKR,indicative,2.1364
2020-02-17,BHD,LKR,indicative,481.3679
2020-02-17,BND,LKR,indicative,130.5581
2020-02-17,BRL,LKR,indicative,42.2213
2020-02-17,CAD,LKR,indicative,137.0559
2020-02-17,CHF,LKR,indicative,184.7551
2020-02-17,CNH,LKR,indicative,26.008
2020-02-17,CNY,LKR,indicative,26.0111
2020-02-17,CZK,LKR,indicative,7.904
2020-02-17,DKK,LKR,indicative,26.3302
2020-02-17,EGP,LKR,indicative,11.607
2020-02-17,EUR,LKR,indicative,196.7106
2020-02-17,GBP,LKR,indicative,236.7895
2020-02-17,GHS,LKR,indicative,34.8656
2020-02-17,HKD,LKR,indicative,23.3647
2020-02-17,HUF,LKR,indicative,0.5865
2020-02-17,IDR,LKR,indicative,0.0133
2020-02-17,INR,LKR,indicative,2.5371
2020-02-17,IRR,LKR,indicative,0.0043
2020-02-17,JOD,LKR,indicative,255.9601
2020-02-17,JPY,LKR,indicative,1.6523
2020-02-17,KES,LKR,indicative,1.8021
2020-02-17,KRW,LKR,indicative,0.1537
2020-02-17,KWD,LKR,indicative,595.3927
2020-02-17,MMK,LKR,indicative,0.1254
2020-02-17,MOP,LKR,indicative,22.6731
2020-02-17,MUR,LKR,indicative,4.8653
2020-02-17,MVR,LKR,indicative,11.7384
2020-02-17,MYR,LKR,indicative,43.8771
2020-02-17,NGN,LKR,indicative,0.5923
2020-02-17,NOK,LKR,indicative,19.6393
2020-02-17,NPR,LKR,indicative,1.5888
2020-02-17,NZD,LKR,indicative,116.8522
2020-02-17,OMR,LKR,indicative,471.3532
2020-02-17,PGK,LKR,indicative,53.2631
2020-02-17,PHP,LKR,indicative,3.5922
2020-02-17,PKR,LKR,indicative,1.1806
2020-02-17,PLN,LKR,indicative,46.296
2020-02-17,QAR,LKR,indicative,49.8423
2020-02-17,RON,LKR,indicative,41.2295
2020-02-17,RUB,LKR,indicative,2.8581
2020-02-17,SAR,LKR,indicative,48.3858
2020-02-17,SBD,LKR,indicative,22.3215
2020-02-17,SCR,LKR,indicative,13.2416
2020-02-17,SEK,LKR,indicative,18.6913
2020-02-17,SGD,LKR,indicative,130.5581
2020-02-17,THB,LKR,indicative,5.8231
2020-02-17,TWD,LKR,indicative,6.0504
2020-02-17,USD,LKR,indicative,181.4757
2020-02-17,VND,LKR,indicative,0.0078
2020-02-17,XAU,LKR,indicative,287174.5882
2020-02-17,ZAR,LKR,indicative,12.1953
2020-02-17,ZMW,LKR,indicative,12.3625
2020-02-18,AED,LKR,indicative,49.4217
2020-02-18,AUD,LKR,indicative,121.3732
2020-02-18,BDT,LKR,indicative,2.1371
2020-02-18,BHD,LKR,indicative,481.521
2020-02-18,BND,LKR,indicative,130.5198
2020-02-18,BRL,LKR,indicative,41.9439
2020-02-18,CAD,LKR,indicative,136.965
2020-02-18,CHF,LKR,indicative,185.0022
2020-02-18,CNH,LKR,indicative,25.9558
2020-02-18,CNY,LKR,indicative,25.9665
2020-02-18,CZK,LKR,indicative,7.9127
2020-02-18,DKK,LKR,indicative,26.3037
2020-02-18,EGP,LKR,indicative,11.607
2020-02-18,EUR,LKR,indicative,196.5099
2020-02-18,GBP,LKR,indicative,235.9027
2020-02-18,GHS,LKR,indicative,34.8767
2020-02-18,HKD,LKR,indicative,23.3713
2020-02-18,HUF,LKR,indicative,0.5858
2020-02-18,IDR,LKR,indicative,0.0133
2020-02-18,INR,LKR,indicative,2.5446
2020-02-18,IRR,LKR,indicative,0.0043
2020-02-18,JOD,LKR,indicative,256.0415
2020-02-18,JPY,LKR,indicative,1.654
2020-02-18,KES,LKR,indicative,1.7947
2020-02-18,KRW,LKR,indicative,0.1528
2020-02-18,KWD,LKR,indicative,595.582
2020-02-18,MMK,LKR,indicative,0.1257
2020-02-18,MOP,LKR,indicative,22.6803
2020-02-18,MUR,LKR,indicative,4.8409
2020-02-18,MVR,LKR,indicative,11.7421
2020-02-18,MYR,LKR,indicative,43.7641
2020-02-18,NGN,LKR,indicative,0.5924
2020-02-18,NOK,LKR,indicative,19.5327
2020-02-18,NPR,LKR,indicative,1.5911
2020-02-18,NZD,LKR,indicative,116.3448
2020-02-18,OMR,LKR,indicative,471.5031
2020-02-18,PGK,LKR,indicative,53.2801
2020-02-18,PHP,LKR,indicative,3.5862
2020-02-18,PKR,LKR,indicative,1.1767
2020-02-18,PLN,LKR,indicative,46.1008
2020-02-18,QAR,LKR,indicative,49.8581
2020-02-18,RON,LKR,indicative,41.1156
2020-02-18,RUB,LKR,indicative,2.8528
2020-02-18,SAR,LKR,indicative,48.4012
2020-02-18,SBD,LKR,indicative,22.0472
2020-02-18,SCR,LKR,indicative,13.2458
2020-02-18,SEK,LKR,indicative,18.6824
2020-02-18,SGD,LKR,indicative,130.5244
2020-02-18,THB,LKR,indicative,5.8137
2020-02-18,TWD,LKR,indicative,6.0412
2020-02-18,USD,LKR,indicative,181.5334
2020-02-18,VND,LKR,indicative,0.0078
2020-02-18,XAU,LKR,indicative,287971.2794
2020-02-18,ZAR,LKR,indicative,12.0903
2020-02-18,ZMW,LKR,indicative,12.3408
2020-02-19,AED,LKR,indicative,49.4453
2020-02-19,AUD,LKR,indicative,121.6036
2020-02-19,BDT,LKR,indicative,2.1397
2020-02-19,BHD,LKR,indicative,481.7504
2020-02-19,BND,LKR,indicative,130.4788
2020-02-19,BRL,LKR,indicative,41.6904
2020-02-19,CAD,LKR,indicative,137.0768
2020-02-19,CHF,LKR,indicative,184.7045
2020-02-19,CNH,LKR,indicative,25.9192
2020-02-19,CNY,LKR,indicative,25.935
2020-02-19,CZK,LKR,indicative,7.8588
2020-02-19,DKK,LKR,indicative,26.2605
2020-02-19,EGP,LKR,indicative,11.6386
2020-02-19,EUR,LKR,indicative,196.1586
2020-02-19,GBP,LKR,indicative,236.0968
2020-02-19,GHS,LKR,indicative,34.8934
2020-02-19,HKD,LKR,indicative,23.3747
2020-02-19,HUF,LKR,indicative,0.5846
2020-02-19,IDR,LKR,indicative,0.0132
2020-02-19,INR,LKR,indicative,2.5371
2020-02-19,IRR,LKR,indicative,0.0043
2020-02-19,JOD,LKR,indicative,256.1635
2020-02-19,JPY,LKR,indicative,1.6507
2020-02-19,KES,LKR,indicative,1.7956
2020-02-19,KRW,LKR,indicative,0.1526
2020-02-19,KWD,LKR,indicative,594.8315
2020-02-19,MMK,LKR,indicative,0.1256
2020-02-19,MOP,LKR,indicative,22.6826
2020-02-19,MUR,LKR,indicative,4.8757
2020-02-19,MVR,LKR,indicative,11.7477
2020-02-19,MYR,LKR,indicative,43.6849
2020-02-19,NGN,LKR,indicative,0.5927
2020-02-19,NOK,LKR,indicative,19.4824
2020-02-19,NPR,LKR,indicative,1.5866
2020-02-19,NZD,LKR,indicative,116.155
2020-02-19,OMR,LKR,indicative,471.7339
2020-02-19,PGK,LKR,indicative,53.3054
2020-02-19,PHP,LKR,indicative,3.5897
2020-02-19,PKR,LKR,indicative,1.1764
2020-02-19,PLN,LKR,indicative,45.9146
2020-02-19,QAR,LKR,indicative,49.8819
2020-02-19,RON,LKR,indicative,41.0607
2020-02-19,RUB,LKR,indicative,2.8452
2020-02-19,SAR,LKR,indicative,48.4242
2020-02-19,SBD,LKR,indicative,22.0577
2020-02-19,SCR,LKR,indicative,13.2521
2020-02-19,SEK,LKR,indicative,18.565
2020-02-19,SGD,LKR,indicative,130.4788
2020-02-19,THB,LKR,indicative,5.824
2020-02-19,TWD,LKR,indicative,6.0275
2020-02-19,USD,LKR,indicative,181.6199
2020-02-19,VND,LKR,indicative,0.0078
2020-02-19,XAU,LKR,indicative,290861.2731
2020-02-19,ZAR,LKR,indicative,12.1129
2020-02-19,ZMW,LKR,indicative,12.3808
2020-02-20,AED,LKR,indicative,49.5209
2020-02-20,AUD,LKR,indicative,120.8982
2020-02-20,BDT,LKR,indicative,2.1422
2020-02-20,BHD,LKR,indicative,482.487
2020-02-20,BND,LKR,indicative,130.1546
2020-02-20,BRL,LKR,indicative,41.6661
2020-02-20,CAD,LKR,indicative,137.5251
2020-02-20,CHF,LKR,indicative,185.081
2020-02-20,CNH,LKR,indicative,25.9147
2020-02-20,CNY,LKR,indicative,25.945
2020-02-20,CZK,LKR,indicative,7.8718
2020-02-20,DKK,LKR,indicative,26.3021
2020-02-20,EGP,LKR,indicative,11.6601
2020-02-20,EUR,LKR,indicative,196.4403
2020-02-20,GBP,LKR,indicative,234.9662
2020-02-20,GHS,LKR,indicative,33.9922
2020-02-20,HKD,LKR,indicative,23.4002
2020-02-20,HUF,LKR,indicative,0.583
2020-02-20,IDR,LKR,indicative,0.0133
2020-02-20,INR,LKR,indicative,2.5405
2020-02-20,IRR,LKR,indicative,0.0043
2020-02-20,JOD,LKR,indicative,256.5551
2020-02-20,JPY,LKR,indicative,1.635
2020-02-20,KES,LKR,indicative,1.7983
2020-02-20,KRW,LKR,indicative,0.1519
2020-02-20,KWD,LKR,indicative,594.6309
2020-02-20,MMK,LKR,indicative,0.1254
2020-02-20,MOP,LKR,indicative,22.7074
2020-02-20,MUR,LKR,indicative,4.8571
2020-02-20,MVR,LKR,indicative,11.7657
2020-02-20,MYR,LKR,indicative,43.5422
2020-02-20,NGN,LKR,indicative,0.5936
2020-02-20,NOK,LKR,indicative,19.5707
2020-02-20,NPR,LKR,indicative,1.589
2020-02-20,NZD,LKR,indicative,115.7142
2020-02-20,OMR,LKR,indicative,472.4306
2020-02-20,PGK,LKR,indicative,53.3869
2020-02-20,PHP,LKR,indicative,3.5946
2020-02-20,PKR,LKR,indicative,1.1792
2020-02-20,PLN,LKR,indicative,46.0273
2020-02-20,QAR,LKR,indicative,49.9547
2020-02-20,RON,LKR,indicative,41.0984
2020-02-20,RUB,LKR,indicative,2.8586
2020-02-20,SAR,LKR,indicative,48.4983
2020-02-20,SBD,LKR,indicative,22.0915
2020-02-20,SCR,LKR,indicative,13.2724
2020-02-20,SEK,LKR,indicative,18.566
2020-02-20,SGD,LKR,indicative,130.1546
2020-02-20,THB,LKR,indicative,5.8179
2020-02-20,TWD,LKR,indicative,6.0163
2020-02-20,USD,LKR,indicative,181.8976
2020-02-20,VND,LKR,indicative,0.0078
2020-02-20,XAU,LKR,indicative,292809.6616
2020-02-20,ZAR,LKR,indicative,12.1019
2020-02-20,ZMW,LKR,indicative,12.4111
2020-02-24,AED,LKR,indicative,49.5058
2020-02-24,AUD,LKR,indicative,120.2069
2020-02-24,BDT,LKR,indicative,2.1381
2020-02-24,BHD,LKR,indicative,482.3467
2020-02-24,BND,LKR,indicative,129.7345
2020-02-24,BRL,LKR,indicative,41.437
2020-02-24,CAD,LKR,indicative,137.1205
2020-02-24,CHF,LKR,indicative,185.6102
2020-02-24,CNH,LKR,indicative,25.8121
2020-02-24,CNY,LKR,indicative,25.849
2020-02-24,CZK,LKR,indicative,7.8674
2020-02-24,DKK,LKR,indicative,26.3566
2020-02-24,EGP,LKR,indicative,11.6865
2020-02-24,EUR,LKR,indicative,196.8716
2020-02-24,GBP,LKR,indicative,235.504
2020-02-24,GHS,LKR,indicative,34.3601
2020-02-24,HKD,LKR,indicative,23.3348
2020-02-24,HUF,LKR,indicative,0.5839
2020-02-24,IDR,LKR,indicative,0.0131
2020-02-24,INR,LKR,indicative,2.5298
2020-02-24,IRR,LKR,indicative,0.0043
2020-02-24,JOD,LKR,indicative,256.4772
2020-02-24,JPY,LKR,indicative,1.6307
2020-02-24,KES,LKR,indicative,1.7977
2020-02-24,KRW,LKR,indicative,0.1494
2020-02-24,KWD,LKR,indicative,593.1703
2020-02-24,MMK,LKR,indicative,0.1252
2020-02-24,MOP,LKR,indicative,22.644
2020-02-24,MUR,LKR,indicative,4.8298
2020-02-24,MVR,LKR,indicative,11.7621
2020-02-24,MYR,LKR,indicative,43.1315
2020-02-24,NGN,LKR,indicative,0.5933
2020-02-24,NOK,LKR,indicative,19.4626
2020-02-24,NPR,LKR,indicative,1.5868
2020-02-24,NZD,LKR,indicative,114.9789
2020-02-24,OMR,LKR,indicative,472.287
2020-02-24,PGK,LKR,indicative,53.3707
2020-02-24,PHP,LKR,indicative,3.5655
2020-02-24,PKR,LKR,indicative,1.1824
2020-02-24,PLN,LKR,indicative,45.8203
2020-02-24,QAR,LKR,indicative,49.9327
2020-02-24,RON,LKR,indicative,41.0377
2020-02-24,RUB,LKR,indicative,2.827
2020-02-24,SAR,LKR,indicative,48.4784
2020-02-24,SBD,LKR,indicative,22.0847
2020-02-24,SCR,LKR,indicative,13.2683
2020-02-24,SEK,LKR,indicative,18.6338
2020-02-24,SGD,LKR,indicative,129.7345
2020-02-24,THB,LKR,indicative,5.73
2020-02-24,TWD,LKR,indicative,5.9665
2020-02-24,USD,LKR,indicative,181.8423
2020-02-24,VND,LKR,indicative,0.0078
2020-02-24,XAU,LKR,indicative,302236.259
2020-02-24,ZAR,LKR,indicative,12.0439
2020-02-24,ZMW,LKR,indicative,12.4699
2020-02-25,AED,LKR,indicative,49.4887
2020-02-25,AUD,LKR,indicative,120.2744
2020-02-25,BDT,LKR,indicative,2.1411
2020-02-25,BHD,LKR,indicative,482.1673
2020-02-25,BND,LKR,indicative,130.1539
2020-02-25,BRL,LKR,indicative,41.4237
2020-02-25,CAD,LKR,indicative,136.8409
2020-02-25,CHF,LKR,indicative,185.7262
2020-02-25,CNH,LKR,indicative,25.9024
2020-02-25,CNY,LKR,indicative,25.9176
2020-02-25,CZK,LKR,indicative,7.819
2020-02-25,DKK,LKR,indicative,26.4232
2020-02-25,EGP,LKR,indicative,11.6825
2020-02-25,EUR,LKR,indicative,197.4034
2020-02-25,GBP,LKR,indicative,235.1772
2020-02-25,GHS,LKR,indicative,34.924
2020-02-25,HKD,LKR,indicative,23.3393
2020-02-25,HUF,LKR,indicative,0.584
2020-02-25,IDR,LKR,indicative,0.0131
2020-02-25,INR,LKR,indicative,2.527
2020-02-25,IRR,LKR,indicative,0.0043
2020-02-25,JOD,LKR,indicative,256.3886
2020-02-25,JPY,LKR,indicative,1.6389
2020-02-25,KES,LKR,indicative,1.7971
2020-02-25,KRW,LKR,indicative,0.1501
2020-02-25,KWD,LKR,indicative,594.2449
2020-02-25,MMK,LKR,indicative,0.1255
2020-02-25,MOP,LKR,indicative,22.6488
2020-02-25,MUR,LKR,indicative,4.8468
2020-02-25,MVR,LKR,indicative,11.7581
2020-02-25,MYR,LKR,indicative,43.0961
2020-02-25,NGN,LKR,indicative,0.5927
2020-02-25,NOK,LKR,indicative,19.4727
2020-02-25,NPR,LKR,indicative,1.5794
2020-02-25,NZD,LKR,indicative,115.43
2020-02-25,OMR,LKR,indicative,472.1239
2020-02-25,PGK,LKR,indicative,53.3523
2020-02-25,PHP,LKR,indicative,3.5713
2020-02-25,PKR,LKR,indicative,1.1787
2020-02-25,PLN,LKR,indicative,45.8692
2020-02-25,QAR,LKR,indicative,49.9223
2020-02-25,RON,LKR,indicative,41.1769
2020-02-25,RUB,LKR,indicative,2.7964
2020-02-25,SAR,LKR,indicative,48.461
2020-02-25,SBD,LKR,indicative,22.3407
2020-02-25,SCR,LKR,indicative,13.2637
2020-02-25,SEK,LKR,indicative,18.6954
2020-02-25,SGD,LKR,indicative,130.1539
2020-02-25,THB,LKR,indicative,5.7443
2020-02-25,TWD,LKR,indicative,5.9842
2020-02-25,USD,LKR,indicative,181.7795
2020-02-25,VND,LKR,indicative,0.0078
2020-02-25,XAU,LKR,indicative,301022.2439
2020-02-25,ZAR,LKR,indicative,12.0291
2020-02-25,ZMW,LKR,indicative,12.345
2020-02-26,AED,LKR,indicative,49.4795
2020-02-26,AUD,LKR,indicative,119.9886
2020-02-26,BDT,LKR,indicative,2.1417
2020-02-26,BHD,LKR,indicative,482.0844
2020-02-26,BND,LKR,indicative,129.9159
2020-02-26,BRL,LKR,indicative,41.416
2020-02-26,CAD,LKR,indicative,136.831
2020-02-26,CHF,LKR,indicative,186.0815
2020-02-26,CNH,LKR,indicative,25.8538
2020-02-26,CNY,LKR,indicative,25.8846
2020-02-26,CZK,LKR,indicative,7.8201
2020-02-26,DKK,LKR,indicative,26.4442
2020-02-26,EGP,LKR,indicative,11.6616
2020-02-26,EUR,LKR,indicative,197.5486
2020-02-26,GBP,LKR,indicative,236.2877
2020-02-26,GHS,LKR,indicative,33.9712
2020-02-26,HKD,LKR,indicative,23.3272
2020-02-26,HUF,LKR,indicative,0.5832
2020-02-26,IDR,LKR,indicative,0.0131
2020-02-26,INR,LKR,indicative,2.529
2020-02-26,IRR,LKR,indicative,0.0043
2020-02-26,JOD,LKR,indicative,256.341
2020-02-26,JPY,LKR,indicative,1.6468
2020-02-26,KES,LKR,indicative,1.7968
2020-02-26,KRW,LKR,indicative,0.1493
2020-02-26,KWD,LKR,indicative,594.1347
2020-02-26,MMK,LKR,indicative,0.1254
2020-02-26,MOP,LKR,indicative,22.6362
2020-02-26,MUR,LKR,indicative,4.853
2020-02-26,MVR,LKR,indicative,11.7559
2020-02-26,MYR,LKR,indicative,42.8595
2020-02-26,NGN,LKR,indicative,0.5931
2020-02-26,NOK,LKR,indicative,19.398
2020-02-26,NPR,LKR,indicative,1.582
2020-02-26,NZD,LKR,indicative,114.827
2020-02-26,OMR,LKR,indicative,472.0364
2020-02-26,PGK,LKR,indicative,53.3424
2020-02-26,PHP,LKR,indicative,3.5619
2020-02-26,PKR,LKR,indicative,1.1785
2020-02-26,PLN,LKR,indicative,45.8989
2020-02-26,QAR,LKR,indicative,49.913
2020-02-26,RON,LKR,indicative,41.085
2020-02-26,RUB,LKR,indicative,2.7816
2020-02-26,SAR,LKR,indicative,48.432
2020-02-26,SBD,LKR,indicative,22.3366
2020-02-26,SCR,LKR,indicative,13.2613
2020-02-26,SEK,LKR,indicative,18.6867
2020-02-26,SGD,LKR,indicative,129.9159
2020-02-26,THB,LKR,indicative,5.7063
2020-02-26,TWD,LKR,indicative,5.9845
2020-02-26,USD,LKR,indicative,181.7458
2020-02-26,VND,LKR,indicative,0.0078
2020-02-26,XAU,LKR,indicative,298398.433
2020-02-26,ZAR,LKR,indicative,11.9513
2020-02-26,ZMW,LKR,indicative,12.3217
2020-02-27,AED,LKR,indicative,49.4635
2020-02-27,AUD,LKR,indicative,119.0504
2020-02-27,BDT,LKR,indicative,2.1401
2020-02-27,BHD,LKR,indicative,482.3762
2020-02-27,BND,LKR,indicative,130.0365
2020-02-27,BRL,LKR,indicative,40.824
2020-02-27,CAD,LKR,indicative,136.1767
2020-02-27,CHF,LKR,indicative,186.537
2020-02-27,CNH,LKR,indicative,25.8548
2020-02-27,CNY,LKR,indicative,25.8858
2020-02-27,CZK,LKR,indicative,7.8184
2020-02-27,DKK,LKR,indicative,26.5209
2020-02-27,EGP,LKR,indicative,11.6466
2020-02-27,EUR,LKR,indicative,198.1842
2020-02-27,GBP,LKR,indicative,234.7305
2020-02-27,GHS,LKR,indicative,33.3987
2020-02-27,HKD,LKR,indicative,23.3092
2020-02-27,HUF,LKR,indicative,0.5838
2020-02-27,IDR,LKR,indicative,0.013
2020-02-27,INR,LKR,indicative,2.5382
2020-02-27,IRR,LKR,indicative,0.0043
2020-02-27,JOD,LKR,indicative,256.2581
2020-02-27,JPY,LKR,indicative,1.6479
2020-02-27,KES,LKR,indicative,1.7962
2020-02-27,KRW,LKR,indicative,0.1493
2020-02-27,KWD,LKR,indicative,592.9926
2020-02-27,MMK,LKR,indicative,0.1255
2020-02-27,MOP,LKR,indicative,22.6204
2020-02-27,MUR,LKR,indicative,4.8515
2020-02-27,MVR,LKR,indicative,11.7521
2020-02-27,MYR,LKR,indicative,43.0589
2020-02-27,NGN,LKR,indicative,0.5929
2020-02-27,NOK,LKR,indicative,19.3284
2020-02-27,NPR,LKR,indicative,1.5848
2020-02-27,NZD,LKR,indicative,114.3175
2020-02-27,OMR,LKR,indicative,471.8836
2020-02-27,PGK,LKR,indicative,53.3251
2020-02-27,PHP,LKR,indicative,3.5611
2020-02-27,PKR,LKR,indicative,1.1781
2020-02-27,PLN,LKR,indicative,45.9032
2020-02-27,QAR,LKR,indicative,49.8969
2020-02-27,RON,LKR,indicative,41.2213
2020-02-27,RUB,LKR,indicative,2.7743
2020-02-27,SAR,LKR,indicative,48.4202
2020-02-27,SBD,LKR,indicative,22.3293
2020-02-27,SCR,LKR,indicative,13.257
2020-02-27,SEK,LKR,indicative,18.6967
2020-02-27,SGD,LKR,indicative,130.0365
2020-02-27,THB,LKR,indicative,5.7071
2020-02-27,TWD,LKR,indicative,5.9917
2020-02-27,USD,LKR,indicative,181.687
2020-02-27,VND,LKR,indicative,0.0078
2020-02-27,XAU,LKR,indicative,299901.6466
2020-02-27,ZAR,LKR,indicative,11.8904
2020-02-27,ZMW,LKR,indicative,12.2554
2020-02-28,AED,LKR,indicative,49.4962
2020-02-28,AUD,LKR,indicative,119.2655
2020-02-28,BDT,LKR,indicative,2.1429
2020-02-28,BHD,LKR,indicative,482.6951
2020-02-28,BND,LKR,indicative,130.1318
2020-02-28,BRL,LKR,indicative,40.5245
2020-02-28,CAD,LKR,indicative,135.505
2020-02-28,CHF,LKR,indicative,187.6331
2020-02-28,CNH,LKR,indicative,25.9298
2020-02-28,CNY,LKR,indicative,25.9515
2020-02-28,CZK,LKR,indicative,7.88
2020-02-28,DKK,LKR,indicative,26.7365
2020-02-28,EGP,LKR,indicative,11.6301
2020-02-28,EUR,LKR,indicative,199.7878
2020-02-28,GBP,LKR,indicative,234.3221
2020-02-28,GHS,LKR,indicative,33.6365
2020-02-28,HKD,LKR,indicative,23.3173
2020-02-28,HUF,LKR,indicative,0.5887
2020-02-28,IDR,LKR,indicative,0.0129
2020-02-28,INR,LKR,indicative,2.5373
2020-02-28,IRR,LKR,indicative,0.0043
2020-02-28,JOD,LKR,indicative,256.4275
2020-02-28,JPY,LKR,indicative,1.6628
2020-02-28,KES,LKR,indicative,1.7974
2020-02-28,KRW,LKR,indicative,0.1497
2020-02-28,KWD,LKR,indicative,594.3351
2020-02-28,MMK,LKR,indicative,0.1261
2020-02-28,MOP,LKR,indicative,22.6269
2020-02-28,MUR,LKR,indicative,4.8612
2020-02-28,MVR,LKR,indicative,11.7598
2020-02-28,MYR,LKR,indicative,43.1078
2020-02-28,NGN,LKR,indicative,0.5928
2020-02-28,NOK,LKR,indicative,19.2799
2020-02-28,NPR,LKR,indicative,1.5867
2020-02-28,NZD,LKR,indicative,114.084
2020-02-28,OMR,LKR,indicative,472.1956
2020-02-28,PGK,LKR,indicative,53.3604
2020-02-28,PHP,LKR,indicative,3.574
2020-02-28,PKR,LKR,indicative,1.1789
2020-02-28,PLN,LKR,indicative,46.1873
2020-02-28,QAR,LKR,indicative,49.9299
2020-02-28,RON,LKR,indicative,41.5882
2020-02-28,RUB,LKR,indicative,2.7422
2020-02-28,SAR,LKR,indicative,48.4418
2020-02-28,SBD,LKR,indicative,22.3441
2020-02-28,SCR,LKR,indicative,13.2657
2020-02-28,SEK,LKR,indicative,18.7643
2020-02-28,SGD,LKR,indicative,130.1318
2020-02-28,THB,LKR,indicative,5.7589
2020-02-28,TWD,LKR,indicative,6.0006
2020-02-28,USD,LKR,indicative,181.8071
2020-02-28,VND,LKR,indicative,0.0078
2020-02-28,XAU,LKR,indicative,298653.6141
2020-02-28,ZAR,LKR,indicative,11.7177
2020-02-28,ZMW,LKR,indicative,12.1407
2020-03-02,AED,LKR,indicative,49.5286
2020-03-02,AUD,LKR,indicative,118.8159
2020-03-02,BDT,LKR,indicative,2.1417
2020-03-02,BHD,LKR,indicative,483.011
2020-03-02,BND,LKR,indicative,130.8868
2020-03-02,BRL,LKR,indicative,40.6671
2020-03-02,CAD,LKR,indicative,136.2538
2020-03-02,CHF,LKR,indicative,188.7886
2020-03-02,CNH,LKR,indicative,26.0968
2020-03-02,CNY,LKR,indicative,26.0906
2020-03-02,CZK,LKR,indicative,7.9009
2020-03-02,DKK,LKR,indicative,26.9251
2020-03-02,EGP,LKR,indicative,11.6395
2020-03-02,EUR,LKR,indicative,201.183
2020-03-02,GBP,LKR,indicative,233.2747
2020-03-02,GHS,LKR,indicative,33.2844
2020-03-02,HKD,LKR,indicative,23.3698
2020-03-02,HUF,LKR,indicative,0.594
2020-03-02,IDR,LKR,indicative,0.0126
2020-03-02,INR,LKR,indicative,2.5084
2020-03-02,IRR,LKR,indicative,0.0043
2020-03-02,JOD,LKR,indicative,256.5953
2020-03-02,JPY,LKR,indicative,1.6841
2020-03-02,KES,LKR,indicative,1.7986
2020-03-02,KRW,LKR,indicative,0.1517
2020-03-02,KWD,LKR,indicative,594.7241
2020-03-02,MMK,LKR,indicative,0.1271
2020-03-02,MOP,LKR,indicative,22.653
2020-03-02,MUR,LKR,indicative,4.8256
2020-03-02,MVR,LKR,indicative,11.7675
2020-03-02,MYR,LKR,indicative,43.3106
2020-03-02,NGN,LKR,indicative,0.5938
2020-03-02,NOK,LKR,indicative,19.3877
2020-03-02,NPR,LKR,indicative,1.5743
2020-03-02,NZD,LKR,indicative,113.5583
2020-03-02,OMR,LKR,indicative,472.5046
2020-03-02,PGK,LKR,indicative,53.3953
2020-03-02,PHP,LKR,indicative,3.5717
2020-03-02,PKR,LKR,indicative,1.1806
2020-03-02,PLN,LKR,indicative,46.4358
2020-03-02,QAR,LKR,indicative,49.6293
2020-03-02,RON,LKR,indicative,41.7281
2020-03-02,RUB,LKR,indicative,2.712
2020-03-02,SAR,LKR,indicative,48.5007
2020-03-02,SBD,LKR,indicative,22.3587
2020-03-02,SCR,LKR,indicative,13.2744
2020-03-02,SEK,LKR,indicative,18.9614
2020-03-02,SGD,LKR,indicative,130.8868
2020-03-02,THB,LKR,indicative,5.7994
2020-03-02,TWD,LKR,indicative,6.0368
2020-03-02,USD,LKR,indicative,181.9261
2020-03-02,VND,LKR,indicative,0.0078
2020-03-02,XAU,LKR,indicative,290496.8585
2020-03-02,ZAR,LKR,indicative,11.6241
2020-03-02,ZMW,LKR,indicative,11.9464
2020-03-03,AED,LKR,indicative,49.5711
2020-03-03,AUD,LKR,indicative,118.6811
2020-03-03,BDT,LKR,indicative,2.1449
2020-03-03,BHD,LKR,indicative,483.4252
2020-03-03,BND,LKR,indicative,130.9331
2020-03-03,BRL,LKR,indicative,40.6987
2020-03-03,CAD,LKR,indicative,136.4217
2020-03-03,CHF,LKR,indicative,190.0152
2020-03-03,CNH,LKR,indicative,26.1205
2020-03-03,CNY,LKR,indicative,26.1158
2020-03-03,CZK,LKR,indicative,7.9559
2020-03-03,DKK,LKR,indicative,27.1469
2020-03-03,EGP,LKR,indicative,11.6421
2020-03-03,EUR,LKR,indicative,202.8759
2020-03-03,GBP,LKR,indicative,232.4915
2020-03-03,GHS,LKR,indicative,33.5623
2020-03-03,HKD,LKR,indicative,23.3921
2020-03-03,HUF,LKR,indicative,0.6015
2020-03-03,IDR,LKR,indicative,0.0128
2020-03-03,INR,LKR,indicative,2.4983
2020-03-03,IRR,LKR,indicative,0.0043
2020-03-03,JOD,LKR,indicative,256.8154
2020-03-03,JPY,LKR,indicative,1.6848
2020-03-03,KES,LKR,indicative,1.7948
2020-03-03,KRW,LKR,indicative,0.1529
2020-03-03,KWD,LKR,indicative,595.2341
2020-03-03,MMK,LKR,indicative,0.1272
2020-03-03,MOP,LKR,indicative,22.7092
2020-03-03,MUR,LKR,indicative,4.8822
2020-03-03,MVR,LKR,indicative,11.7776
2020-03-03,MYR,LKR,indicative,43.2756
2020-03-03,NGN,LKR,indicative,0.5942
2020-03-03,NOK,LKR,indicative,19.5653
2020-03-03,NPR,LKR,indicative,1.5646
2020-03-03,NZD,LKR,indicative,113.9561
2020-03-03,OMR,LKR,indicative,472.9098
2020-03-03,PGK,LKR,indicative,53.4411
2020-03-03,PHP,LKR,indicative,3.591
2020-03-03,PKR,LKR,indicative,1.1791
2020-03-03,PLN,LKR,indicative,47.0332
2020-03-03,QAR,LKR,indicative,50.0054
2020-03-03,RON,LKR,indicative,42.1823
2020-03-03,RUB,LKR,indicative,2.7505
2020-03-03,SAR,LKR,indicative,48.5416
2020-03-03,SBD,LKR,indicative,22.3779
2020-03-03,SCR,LKR,indicative,13.2858
2020-03-03,SEK,LKR,indicative,19.074
2020-03-03,SGD,LKR,indicative,130.9331
2020-03-03,THB,LKR,indicative,5.7804
2020-03-03,TWD,LKR,indicative,6.07
2020-03-03,USD,LKR,indicative,182.0821
2020-03-03,VND,LKR,indicative,0.0078
2020-03-03,XAU,LKR,indicative,290980.7063
2020-03-03,ZAR,LKR,indicative,11.7959
2020-03-03,ZMW,LKR,indicative,11.9203
2020-03-04,AED,LKR,indicative,49.5783
2020-03-04,AUD,LKR,indicative,120.3374
2020-03-04,BDT,LKR,indicative,2.1457
2020-03-04,BHD,LKR,indicative,483.4956
2020-03-04,BND,LKR,indicative,131.2163
2020-03-04,BRL,LKR,indicative,40.3364
2020-03-04,CAD,LKR,indicative,136.365
2020-03-04,CHF,LKR,indicative,190.4304
2020-03-04,CNH,LKR,indicative,26.245
2020-03-04,CNY,LKR,indicative,26.2374
2020-03-04,CZK,LKR,indicative,8.0055
2020-03-04,DKK,LKR,indicative,27.2204
2020-03-04,EGP,LKR,indicative,11.6363
2020-03-04,EUR,LKR,indicative,203.4153
2020-03-04,GBP,LKR,indicative,233.4905
2020-03-04,GHS,LKR,indicative,33.4534
2020-03-04,HKD,LKR,indicative,23.4452
2020-03-04,HUF,LKR,indicative,0.6055
2020-03-04,IDR,LKR,indicative,0.0129
2020-03-04,INR,LKR,indicative,2.4929
2020-03-04,IRR,LKR,indicative,0.0043
2020-03-04,JOD,LKR,indicative,256.8528
2020-03-04,JPY,LKR,indicative,1.6971
2020-03-04,KES,LKR,indicative,1.7784
2020-03-04,KRW,LKR,indicative,0.1534
2020-03-04,KWD,LKR,indicative,595.3207
2020-03-04,MMK,LKR,indicative,0.1275
2020-03-04,MOP,LKR,indicative,22.7153
2020-03-04,MUR,LKR,indicative,4.8627
2020-03-04,MVR,LKR,indicative,11.7793
2020-03-04,MYR,LKR,indicative,43.4886
2020-03-04,NGN,LKR,indicative,0.5938
2020-03-04,NOK,LKR,indicative,19.6728
2020-03-04,NPR,LKR,indicative,1.5536
2020-03-04,NZD,LKR,indicative,114.4735
2020-03-04,OMR,LKR,indicative,472.9786
2020-03-04,PGK,LKR,indicative,53.4489
2020-03-04,PHP,LKR,indicative,3.6001
2020-03-04,PKR,LKR,indicative,1.1805
2020-03-04,PLN,LKR,indicative,47.2151
2020-03-04,QAR,LKR,indicative,50.0127
2020-03-04,RON,LKR,indicative,42.3036
2020-03-04,RUB,LKR,indicative,2.7568
2020-03-04,SAR,LKR,indicative,48.5487
2020-03-04,SBD,LKR,indicative,22.3811
2020-03-04,SCR,LKR,indicative,13.2877
2020-03-04,SEK,LKR,indicative,19.269
2020-03-04,SGD,LKR,indicative,131.2069
2020-03-04,THB,LKR,indicative,5.8043
2020-03-04,TWD,LKR,indicative,6.0757
2020-03-04,USD,LKR,indicative,182.1086
2020-03-04,VND,LKR,indicative,0.0078
2020-03-04,XAU,LKR,indicative,299513.113
2020-03-04,ZAR,LKR,indicative,11.8198
2020-03-04,ZMW,LKR,indicative,11.856
2020-03-05,AED,LKR,indicative,49.5582
2020-03-05,AUD,LKR,indicative,120.416
2020-03-05,BDT,LKR,indicative,2.1444
2020-03-05,BHD,LKR,indicative,483.2993
2020-03-05,BND,LKR,indicative,131.3713
2020-03-05,BRL,LKR,indicative,39.7022
2020-03-05,CAD,LKR,indicative,135.8417
2020-03-05,CHF,LKR,indicative,190.393
2020-03-05,CNH,LKR,indicative,26.2377
2020-03-05,CNY,LKR,indicative,26.2336
2020-03-05,CZK,LKR,indicative,8.0184
2020-03-05,DKK,LKR,indicative,27.1396
2020-03-05,EGP,LKR,indicative,11.6316
2020-03-05,EUR,LKR,indicative,202.814
2020-03-05,GBP,LKR,indicative,234.2149
2020-03-05,GHS,LKR,indicative,33.4623
2020-03-05,HKD,LKR,indicative,23.4199
2020-03-05,HUF,LKR,indicative,0.6038
2020-03-05,IDR,LKR,indicative,0.0128
2020-03-05,INR,LKR,indicative,2.4758
2020-03-05,IRR,LKR,indicative,0.0043
2020-03-05,JOD,LKR,indicative,256.7485
2020-03-05,JPY,LKR,indicative,1.6958
2020-03-05,KES,LKR,indicative,1.769
2020-03-05,KRW,LKR,indicative,0.1534
2020-03-05,KWD,LKR,indicative,595.0791
2020-03-05,MMK,LKR,indicative,0.1303
2020-03-05,MOP,LKR,indicative,22.7344
2020-03-05,MUR,LKR,indicative,4.8764
2020-03-05,MVR,LKR,indicative,11.7746
2020-03-05,MYR,LKR,indicative,43.6796
2020-03-05,NGN,LKR,indicative,0.5939
2020-03-05,NOK,LKR,indicative,19.6414
2020-03-05,NPR,LKR,indicative,1.5541
2020-03-05,NZD,LKR,indicative,114.4816
2020-03-05,OMR,LKR,indicative,472.7867
2020-03-05,PGK,LKR,indicative,53.4272
2020-03-05,PHP,LKR,indicative,3.5961
2020-03-05,PKR,LKR,indicative,1.18
2020-03-05,PLN,LKR,indicative,47.2063
2020-03-05,QAR,LKR,indicative,49.9855
2020-03-05,RON,LKR,indicative,42.2056
2020-03-05,RUB,LKR,indicative,2.7468
2020-03-05,SAR,LKR,indicative,48.509
2020-03-05,SBD,LKR,indicative,22.3357
2020-03-05,SCR,LKR,indicative,13.015
2020-03-05,SEK,LKR,indicative,19.2103
2020-03-05,SGD,LKR,indicative,131.3713
2020-03-05,THB,LKR,indicative,5.7927
2020-03-05,TWD,LKR,indicative,6.0767
2020-03-05,USD,LKR,indicative,182.0347
2020-03-05,VND,LKR,indicative,0.0078
2020-03-05,XAU,LKR,indicative,298366.9877
2020-03-05,ZAR,LKR,indicative,11.9027
2020-03-05,ZMW,LKR,indicative,11.8589
2020-03-06,AED,LKR,indicative,49.5276
2020-03-06,AUD,LKR,indicative,119.905
2020-03-06,BDT,LKR,indicative,2.1423
2020-03-06,BHD,LKR,indicative,483.0009
2020-03-06,BND,LKR,indicative,131.295
2020-03-06,BRL,LKR,indicative,39.4831
2020-03-06,CAD,LKR,indicative,135.7376
2020-03-06,CHF,LKR,indicative,192.6429
2020-03-06,CNH,LKR,indicative,26.1469
2020-03-06,CNY,LKR,indicative,26.1571
2020-03-06,CZK,LKR,indicative,8.057
2020-03-06,DKK,LKR,indicative,27.3713
2020-03-06,EGP,LKR,indicative,11.6319
2020-03-06,EUR,LKR,indicative,204.4534
2020-03-06,GBP,LKR,indicative,235.7349
2020-03-06,GHS,LKR,indicative,33.4724
2020-03-06,HKD,LKR,indicative,23.4051
2020-03-06,HUF,LKR,indicative,0.6071
2020-03-06,IDR,LKR,indicative,0.0127
2020-03-06,INR,LKR,indicative,2.4749
2020-03-06,IRR,LKR,indicative,0.0043
2020-03-06,JOD,LKR,indicative,256.59
2020-03-06,JPY,LKR,indicative,1.7176
2020-03-06,KES,LKR,indicative,1.7731
2020-03-06,KRW,LKR,indicative,0.1527
2020-03-06,KWD,LKR,indicative,594.7117
2020-03-06,MMK,LKR,indicative,0.1309
2020-03-06,MOP,LKR,indicative,22.7147
2020-03-06,MUR,LKR,indicative,4.8832
2020-03-06,MVR,LKR,indicative,11.7673
2020-03-06,MYR,LKR,indicative,43.4441
2020-03-06,NGN,LKR,indicative,0.5932
2020-03-06,NOK,LKR,indicative,19.5189
2020-03-06,NPR,LKR,indicative,1.5501
2020-03-06,NZD,LKR,indicative,114.6656
2020-03-06,OMR,LKR,indicative,472.4948
2020-03-06,PGK,LKR,indicative,53.3942
2020-03-06,PHP,LKR,indicative,3.5847
2020-03-06,PKR,LKR,indicative,1.1792
2020-03-06,PLN,LKR,indicative,47.4596
2020-03-06,QAR,LKR,indicative,49.9649
2020-03-06,RON,LKR,indicative,42.4983
2020-03-06,RUB,LKR,indicative,2.6888
2020-03-06,SAR,LKR,indicative,48.4725
2020-03-06,SBD,LKR,indicative,22.3219
2020-03-06,SCR,LKR,indicative,13.2742
2020-03-06,SEK,LKR,indicative,19.2499
2020-03-06,SGD,LKR,indicative,131.295
2020-03-06,THB,LKR,indicative,5.747
2020-03-06,TWD,LKR,indicative,6.0675
2020-03-06,USD,LKR,indicative,181.9223
2020-03-06,VND,LKR,indicative,0.0078
2020-03-06,XAU,LKR,indicative,303817.3542
2020-03-06,ZAR,LKR,indicative,11.6033
2020-03-06,ZMW,LKR,indicative,11.9489
2020-03-10,AED,LKR,indicative,49.5028
2020-03-10,AUD,LKR,indicative,119.1722
2020-03-10,BDT,LKR,indicative,2.1412
2020-03-10,BHD,LKR,indicative,482.3109
2020-03-10,BND,LKR,indicative,131.2055
2020-03-10,BRL,LKR,indicative,38.4861
2020-03-10,CAD,LKR,indicative,133.1024
2020-03-10,CHF,LKR,indicative,195.5384
2020-03-10,CNH,LKR,indicative,26.1697
2020-03-10,CNY,LKR,indicative,26.1805
2020-03-10,CZK,LKR,indicative,8.1077
2020-03-10,DKK,LKR,indicative,27.7624
2020-03-10,EGP,LKR,indicative,11.5816
2020-03-10,EUR,LKR,indicative,207.2603
2020-03-10,GBP,LKR,indicative,237.6534
2020-03-10,GHS,LKR,indicative,33.0002
2020-03-10,HKD,LKR,indicative,23.4018
2020-03-10,HUF,LKR,indicative,0.6168
2020-03-10,IDR,LKR,indicative,0.0126
2020-03-10,INR,LKR,indicative,2.449
2020-03-10,IRR,LKR,indicative,0.0043
2020-03-10,JOD,LKR,indicative,256.4615
2020-03-10,JPY,LKR,indicative,1.7622
2020-03-10,KES,LKR,indicative,1.7671
2020-03-10,KRW,LKR,indicative,0.1516
2020-03-10,KWD,LKR,indicative,596.0702
2020-03-10,MMK,LKR,indicative,0.1349
2020-03-10,MOP,LKR,indicative,22.7034
2020-03-10,MUR,LKR,indicative,4.915
2020-03-10,MVR,LKR,indicative,11.7614
2020-03-10,MYR,LKR,indicative,42.9607
2020-03-10,NGN,LKR,indicative,0.5933
2020-03-10,NOK,LKR,indicative,19.0337
2020-03-10,NPR,LKR,indicative,1.5331
2020-03-10,NZD,LKR,indicative,114.7537
2020-03-10,OMR,LKR,indicative,472.2582
2020-03-10,PGK,LKR,indicative,53.1856
2020-03-10,PHP,LKR,indicative,3.5994
2020-03-10,PKR,LKR,indicative,1.1523
2020-03-10,PLN,LKR,indicative,47.9778
2020-03-10,QAR,LKR,indicative,49.9296
2020-03-10,RON,LKR,indicative,42.9815
2020-03-10,RUB,LKR,indicative,2.4529
2020-03-10,SAR,LKR,indicative,48.4367
2020-03-10,SBD,LKR,indicative,22.3107
2020-03-10,SCR,LKR,indicative,13.2675
2020-03-10,SEK,LKR,indicative,19.217
2020-03-10,SGD,LKR,indicative,131.2055
2020-03-10,THB,LKR,indicative,5.7844
2020-03-10,TWD,LKR,indicative,6.051
2020-03-10,USD,LKR,indicative,181.8312
2020-03-10,VND,LKR,indicative,0.0078
2020-03-10,XAU,LKR,indicative,303462.4354
2020-03-10,ZAR,LKR,indicative,11.3801
2020-03-10,ZMW,LKR,indicative,11.8457
2020-03-11,AED,LKR,indicative,49.6711
2020-03-11,AUD,LKR,indicative,118.8202
2020-03-11,BDT,LKR,indicative,2.1479
2020-03-11,BHD,LKR,indicative,484.4006
2020-03-11,BND,LKR,indicative,131.1501
2020-03-11,BRL,LKR,indicative,39.288
2020-03-11,CAD,LKR,indicative,133.1214
2020-03-11,CHF,LKR,indicative,194.6751
2020-03-11,CNH,LKR,indicative,26.208
2020-03-11,CNY,LKR,indicative,26.2106
2020-03-11,CZK,LKR,indicative,8.0521
2020-03-11,DKK,LKR,indicative,27.6347
2020-03-11,EGP,LKR,indicative,11.6062
2020-03-11,EUR,LKR,indicative,206.5146
2020-03-11,GBP,LKR,indicative,235.4876
2020-03-11,GHS,LKR,indicative,33.0225
2020-03-11,HKD,LKR,indicative,23.4851
2020-03-11,HUF,LKR,indicative,0.6165
2020-03-11,IDR,LKR,indicative,0.0127
2020-03-11,INR,LKR,indicative,2.4606
2020-03-11,IRR,LKR,indicative,0.0043
2020-03-11,JOD,LKR,indicative,257.3336
2020-03-11,JPY,LKR,indicative,1.7384
2020-03-11,KES,LKR,indicative,1.7765
2020-03-11,KRW,LKR,indicative,0.153
2020-03-11,KWD,LKR,indicative,596.4351
2020-03-11,MMK,LKR,indicative,0.1363
2020-03-11,MOP,LKR,indicative,22.7806
2020-03-11,MUR,LKR,indicative,4.8849
2020-03-11,MVR,LKR,indicative,11.8014
2020-03-11,MYR,LKR,indicative,43.0103
2020-03-11,NGN,LKR,indicative,0.5953
2020-03-11,NOK,LKR,indicative,19.0588
2020-03-11,NPR,LKR,indicative,1.5384
2020-03-11,NZD,LKR,indicative,114.6695
2020-03-11,OMR,LKR,indicative,473.864
2020-03-11,PGK,LKR,indicative,53.3665
2020-03-11,PHP,LKR,indicative,3.6147
2020-03-11,PKR,LKR,indicative,1.1566
2020-03-11,PLN,LKR,indicative,47.9235
2020-03-11,QAR,LKR,indicative,50.0994
2020-03-11,RON,LKR,indicative,42.8185
2020-03-11,RUB,LKR,indicative,2.5691
2020-03-11,SAR,LKR,indicative,48.6111
2020-03-11,SBD,LKR,indicative,22.3501
2020-03-11,SCR,LKR,indicative,13.3126
2020-03-11,SEK,LKR,indicative,19.1858
2020-03-11,SGD,LKR,indicative,131.1501
2020-03-11,THB,LKR,indicative,5.7994
2020-03-11,TWD,LKR,indicative,6.0802
2020-03-11,USD,LKR,indicative,182.4495
2020-03-11,VND,LKR,indicative,0.0079
2020-03-11,XAU,LKR,indicative,302242.1927
2020-03-11,ZAR,LKR,indicative,11.407
2020-03-11,ZMW,LKR,indicative,11.6768
2020-03-12,AED,LKR,indicative,49.6671
2020-03-12,AUD,LKR,indicative,117.9532
2020-03-12,BDT,LKR,indicative,2.1477
2020-03-12,BHD,LKR,indicative,483.7066
2020-03-12,BND,LKR,indicative,130.6091
2020-03-12,BRL,LKR,indicative,37.8877
2020-03-12,CAD,LKR,indicative,132.1608
2020-03-12,CHF,LKR,indicative,195.5147
2020-03-12,CNH,LKR,indicative,26.149
2020-03-12,CNY,LKR,indicative,26.1687
2020-03-12,CZK,LKR,indicative,7.9973
2020-03-12,DKK,LKR,indicative,27.6339
2020-03-12,EGP,LKR,indicative,11.6201
2020-03-12,EUR,LKR,indicative,206.498
2020-03-12,GBP,LKR,indicative,233.927
2020-03-12,GHS,LKR,indicative,33.0498
2020-03-12,HKD,LKR,indicative,23.4771
2020-03-12,HUF,LKR,indicative,0.6133
2020-03-12,IDR,LKR,indicative,0.0126
2020-03-12,INR,LKR,indicative,2.476
2020-03-12,IRR,LKR,indicative,0.0043
2020-03-12,JOD,LKR,indicative,257.3128
2020-03-12,JPY,LKR,indicative,1.7648
2020-03-12,KES,LKR,indicative,1.7799
2020-03-12,KRW,LKR,indicative,0.1521
2020-03-12,KWD,LKR,indicative,595.2196
2020-03-12,MMK,LKR,indicative,0.1317
2020-03-12,MOP,LKR,indicative,22.7873
2020-03-12,MUR,LKR,indicative,4.7814
2020-03-12,MVR,LKR,indicative,11.8004
2020-03-12,MYR,LKR,indicative,42.8956
2020-03-12,NGN,LKR,indicative,0.5954
2020-03-12,NOK,LKR,indicative,18.6253
2020-03-12,NPR,LKR,indicative,1.5481
2020-03-12,NZD,LKR,indicative,114.1312
2020-03-12,OMR,LKR,indicative,473.8566
2020-03-12,PGK,LKR,indicative,53.3622
2020-03-12,PHP,LKR,indicative,3.5847
2020-03-12,PKR,LKR,indicative,1.1496
2020-03-12,PLN,LKR,indicative,47.6605
2020-03-12,QAR,LKR,indicative,50.0954
2020-03-12,RON,LKR,indicative,42.8653
2020-03-12,RUB,LKR,indicative,2.4728
2020-03-12,SAR,LKR,indicative,48.6039
2020-03-12,SBD,LKR,indicative,22.3483
2020-03-12,SCR,LKR,indicative,13.2134
2020-03-12,SEK,LKR,indicative,19.0862
2020-03-12,SGD,LKR,indicative,130.6091
2020-03-12,THB,LKR,indicative,5.7916
2020-03-12,TWD,LKR,indicative,6.0537
2020-03-12,USD,LKR,indicative,182.4348
2020-03-12,VND,LKR,indicative,0.0079
2020-03-12,XAU,LKR,indicative,298560.0232
2020-03-12,ZAR,LKR,indicative,11.1113
2020-03-12,ZMW,LKR,indicative,11.6016
2020-03-13,AED,LKR,indicative,49.7721
2020-03-13,AUD,LKR,indicative,115.4327
2020-03-13,BDT,LKR,indicative,2.1551
2020-03-13,BHD,LKR,indicative,484.7416
2020-03-13,BND,LKR,indicative,129.6184
2020-03-13,BRL,LKR,indicative,38.1543
2020-03-13,CAD,LKR,indicative,131.2987
2020-03-13,CHF,LKR,indicative,193.3379
2020-03-13,CNH,LKR,indicative,26.0556
2020-03-13,CNY,LKR,indicative,26.0911
2020-03-13,CZK,LKR,indicative,7.8138
2020-03-13,DKK,LKR,indicative,27.3593
2020-03-13,EGP,LKR,indicative,11.6446
2020-03-13,EUR,LKR,indicative,204.4571
2020-03-13,GBP,LKR,indicative,229.476
2020-03-13,GHS,LKR,indicative,32.4656
2020-03-13,HKD,LKR,indicative,23.4986
2020-03-13,HUF,LKR,indicative,0.6033
2020-03-13,IDR,LKR,indicative,0.0123
2020-03-13,INR,LKR,indicative,2.4517
2020-03-13,IRR,LKR,indicative,0.0044
2020-03-13,JOD,LKR,indicative,257.8566
2020-03-13,JPY,LKR,indicative,1.7386
2020-03-13,KES,LKR,indicative,1.7854
2020-03-13,KRW,LKR,indicative,0.1495
2020-03-13,KWD,LKR,indicative,594.2091
2020-03-13,MMK,LKR,indicative,0.1315
2020-03-13,MOP,LKR,indicative,22.8354
2020-03-13,MUR,LKR,indicative,4.7915
2020-03-13,MVR,LKR,indicative,11.8254
2020-03-13,MYR,LKR,indicative,42.6105
2020-03-13,NGN,LKR,indicative,0.5966
2020-03-13,NOK,LKR,indicative,17.896
2020-03-13,NPR,LKR,indicative,1.5387
2020-03-13,NZD,LKR,indicative,112.3248
2020-03-13,OMR,LKR,indicative,474.8518
2020-03-13,PGK,LKR,indicative,53.4749
2020-03-13,PHP,LKR,indicative,3.5752
2020-03-13,PKR,LKR,indicative,1.148
2020-03-13,PLN,LKR,indicative,46.6182
2020-03-13,QAR,LKR,indicative,50.2012
2020-03-13,RON,LKR,indicative,42.3391
2020-03-13,RUB,LKR,indicative,2.4405
2020-03-13,SAR,LKR,indicative,48.7066
2020-03-13,SBD,LKR,indicative,22.3955
2020-03-13,SCR,LKR,indicative,14.219
2020-03-13,SEK,LKR,indicative,18.7192
2020-03-13,SGD,LKR,indicative,129.6184
2020-03-13,THB,LKR,indicative,5.7096
2020-03-13,TWD,LKR,indicative,6.0478
2020-03-13,USD,LKR,indicative,182.8203
2020-03-13,VND,LKR,indicative,0.0079
2020-03-13,XAU,LKR,indicative,285704.252
2020-03-13,ZAR,LKR,indicative,11.0204
2020-03-13,ZMW,LKR,indicative,11.5344
2020-03-17,AED,LKR,indicative,50.0107
2020-03-17,AUD,LKR,indicative,112.2387
2020-03-17,BDT,LKR,indicative,2.1639
2020-03-17,BHD,LKR,indicative,486.292
2020-03-17,BND,LKR,indicative,129.3958
2020-03-17,BRL,LKR,indicative,36.7357
2020-03-17,CAD,LKR,indicative,131.3433
2020-03-17,CHF,LKR,indicative,193.7526
2020-03-17,CNH,LKR,indicative,26.2255
2020-03-17,CNY,LKR,indicative,26.2522
2020-03-17,CZK,LKR,indicative,7.5326
2020-03-17,DKK,LKR,indicative,27.4944
2020-03-17,EGP,LKR,indicative,11.6633
2020-03-17,EUR,LKR,indicative,205.4098
2020-03-17,GBP,LKR,indicative,225.0102
2020-03-17,GHS,LKR,indicative,32.803
2020-03-17,HKD,LKR,indicative,23.6432
2020-03-17,HUF,LKR,indicative,0.5965
2020-03-17,IDR,LKR,indicative,0.0122
2020-03-17,INR,LKR,indicative,2.4823
2020-03-17,IRR,LKR,indicative,0.0044
2020-03-17,JOD,LKR,indicative,259.0928
2020-03-17,JPY,LKR,indicative,1.7269
2020-03-17,KES,LKR,indicative,1.7766
2020-03-17,KRW,LKR,indicative,0.148
2020-03-17,KWD,LKR,indicative,594.5265
2020-03-17,MMK,LKR,indicative,0.1304
2020-03-17,MOP,LKR,indicative,22.965
2020-03-17,MUR,LKR,indicative,4.7769
2020-03-17,MVR,LKR,indicative,11.8821
2020-03-17,MYR,LKR,indicative,42.5766
2020-03-17,NGN,LKR,indicative,0.5993
2020-03-17,NOK,LKR,indicative,17.9714
2020-03-17,NPR,LKR,indicative,1.5465
2020-03-17,NZD,LKR,indicative,111.1182
2020-03-17,OMR,LKR,indicative,477.3205
2020-03-17,PGK,LKR,indicative,53.7313
2020-03-17,PHP,LKR,indicative,3.5662
2020-03-17,PKR,LKR,indicative,1.1561
2020-03-17,PLN,LKR,indicative,46.1828
2020-03-17,QAR,LKR,indicative,50.4523
2020-03-17,RON,LKR,indicative,42.433
2020-03-17,RUB,LKR,indicative,2.4619
2020-03-17,SAR,LKR,indicative,48.9427
2020-03-17,SBD,LKR,indicative,22.4477
2020-03-17,SCR,LKR,indicative,13.4036
2020-03-17,SEK,LKR,indicative,18.8528
2020-03-17,SGD,LKR,indicative,129.3958
2020-03-17,THB,LKR,indicative,5.7173
2020-03-17,TWD,LKR,indicative,6.072
2020-03-17,USD,LKR,indicative,183.6968
2020-03-17,VND,LKR,indicative,0.0079
2020-03-17,XAU,LKR,indicative,273661.3893
2020-03-17,ZAR,LKR,indicative,11.091
2020-03-17,ZMW,LKR,indicative,11.2822
2020-03-18,AED,LKR,indicative,50.3887
2020-03-18,AUD,LKR,indicative,111.1993
2020-03-18,BDT,LKR,indicative,2.1785
2020-03-18,BHD,LKR,indicative,490.1626
2020-03-18,BND,LKR,indicative,129.6706
2020-03-18,BRL,LKR,indicative,36.9347
2020-03-18,CAD,LKR,indicative,130.3969
2020-03-18,CHF,LKR,indicative,192.9581
2020-03-18,CNH,LKR,indicative,26.3482
2020-03-18,CNY,LKR,indicative,26.4042
2020-03-18,CZK,LKR,indicative,7.5113
2020-03-18,DKK,LKR,indicative,27.2674
2020-03-18,EGP,LKR,indicative,11.7515
2020-03-18,EUR,LKR,indicative,203.7605
2020-03-18,GBP,LKR,indicative,224.4808
2020-03-18,GHS,LKR,indicative,33.1101
2020-03-18,HKD,LKR,indicative,23.8388
2020-03-18,HUF,LKR,indicative,0.5866
2020-03-18,IDR,LKR,indicative,0.0122
2020-03-18,INR,LKR,indicative,2.499
2020-03-18,IRR,LKR,indicative,0.0044
2020-03-18,JOD,LKR,indicative,261.0513
2020-03-18,JPY,LKR,indicative,1.7268
2020-03-18,KES,LKR,indicative,1.7848
2020-03-18,KRW,LKR,indicative,0.1495
2020-03-18,KWD,LKR,indicative,597.8211
2020-03-18,MMK,LKR,indicative,0.1294
2020-03-18,MOP,LKR,indicative,23.1415
2020-03-18,MUR,LKR,indicative,4.7276
2020-03-18,MVR,LKR,indicative,11.9719
2020-03-18,MYR,LKR,indicative,42.4703
2020-03-18,NGN,LKR,indicative,0.604
2020-03-18,NOK,LKR,indicative,17.6486
2020-03-18,NPR,LKR,indicative,1.5575
2020-03-18,NZD,LKR,indicative,110.2739
2020-03-18,OMR,LKR,indicative,480.8037
2020-03-18,PGK,LKR,indicative,54.1375
2020-03-18,PHP,LKR,indicative,3.6097
2020-03-18,PKR,LKR,indicative,1.1674
2020-03-18,PLN,LKR,indicative,45.6528
2020-03-18,QAR,LKR,indicative,50.8337
2020-03-18,RON,LKR,indicative,42.0147
2020-03-18,RUB,LKR,indicative,2.4593
2020-03-18,SAR,LKR,indicative,49.3101
2020-03-18,SBD,LKR,indicative,22.6174
2020-03-18,SCR,LKR,indicative,13.505
2020-03-18,SEK,LKR,indicative,18.7233
2020-03-18,SGD,LKR,indicative,129.6616
2020-03-18,THB,LKR,indicative,5.7355
2020-03-18,TWD,LKR,indicative,6.1223
2020-03-18,USD,LKR,indicative,185.0854
2020-03-18,VND,LKR,indicative,0.008
2020-03-18,XAU,LKR,indicative,283550.185
2020-03-18,ZAR,LKR,indicative,11.1616
2020-03-18,ZMW,LKR,indicative,11.2343
2020-03-19,AED,LKR,indicative,50.3464
2020-03-19,AUD,LKR,indicative,103.348
2020-03-19,BDT,LKR,indicative,2.1803
2020-03-19,BHD,LKR,indicative,489.7505
2020-03-19,BND,LKR,indicative,127.789
2020-03-19,BRL,LKR,indicative,36.2079
2020-03-19,CAD,LKR,indicative,126.4391
2020-03-19,CHF,LKR,indicative,190.7476
2020-03-19,CNH,LKR,indicative,26.0547
2020-03-19,CNY,LKR,indicative,26.1696
2020-03-19,CZK,LKR,indicative,7.266
2020-03-19,DKK,LKR,indicative,27.003
2020-03-19,EGP,LKR,indicative,11.7416
2020-03-19,EUR,LKR,indicative,201.8231
2020-03-19,GBP,LKR,indicative,212.6878
2020-03-19,GHS,LKR,indicative,32.87
2020-03-19,HKD,LKR,indicative,23.8111
2020-03-19,HUF,LKR,indicative,0.5701
2020-03-19,IDR,LKR,indicative,0.012
2020-03-19,INR,LKR,indicative,2.4806
2020-03-19,IRR,LKR,indicative,0.0044
2020-03-19,JOD,LKR,indicative,260.8319
2020-03-19,JPY,LKR,indicative,1.6943
2020-03-19,KES,LKR,indicative,1.7739
2020-03-19,KRW,LKR,indicative,0.1445
2020-03-19,KWD,LKR,indicative,596.5477
2020-03-19,MMK,LKR,indicative,0.1294
2020-03-19,MOP,LKR,indicative,23.1133
2020-03-19,MUR,LKR,indicative,4.7056
2020-03-19,MVR,LKR,indicative,11.9618
2020-03-19,MYR,LKR,indicative,42.0917
2020-03-19,NGN,LKR,indicative,0.6034
2020-03-19,NOK,LKR,indicative,16.3195
2020-03-19,NPR,LKR,indicative,1.5563
2020-03-19,NZD,LKR,indicative,102.6545
2020-03-19,OMR,LKR,indicative,480.3995
2020-03-19,PGK,LKR,indicative,54.092
2020-03-19,PHP,LKR,indicative,3.6154
2020-03-19,PKR,LKR,indicative,1.1667
2020-03-19,PLN,LKR,indicative,44.6993
2020-03-19,QAR,LKR,indicative,50.7909
2020-03-19,RON,LKR,indicative,41.4121
2020-03-19,RUB,LKR,indicative,2.2529
2020-03-19,SAR,LKR,indicative,49.2686
2020-03-19,SBD,LKR,indicative,22.5984
2020-03-19,SCR,LKR,indicative,13.4936
2020-03-19,SEK,LKR,indicative,17.9683
2020-03-19,SGD,LKR,indicative,127.789
2020-03-19,THB,LKR,indicative,5.6571
2020-03-19,TWD,LKR,indicative,6.0706
2020-03-19,USD,LKR,indicative,184.9298
2020-03-19,VND,LKR,indicative,0.0079
2020-03-19,XAU,LKR,indicative,274185.2433
2020-03-19,ZAR,LKR,indicative,10.6312
2020-03-19,ZMW,LKR,indicative,11.1353
2020-03-20,AED,LKR,indicative,50.8932
2020-03-20,AUD,LKR,indicative,110.2282
2020-03-20,BDT,LKR,indicative,2.2037
2020-03-20,BHD,LKR,indicative,495.0699
2020-03-20,BND,LKR,indicative,129.0298
2020-03-20,BRL,LKR,indicative,36.6837
2020-03-20,CAD,LKR,indicative,129.8815
2020-03-20,CHF,LKR,indicative,190.627
2020-03-20,CNH,LKR,indicative,26.3242
2020-03-20,CNY,LKR,indicative,26.397
2020-03-20,CZK,LKR,indicative,7.2303
2020-03-20,DKK,LKR,indicative,26.8876
2020-03-20,EGP,LKR,indicative,11.8691
2020-03-20,EUR,LKR,indicative,200.912
2020-03-20,GBP,LKR,indicative,217.6711
2020-03-20,GHS,LKR,indicative,33.3521
2020-03-20,HKD,LKR,indicative,24.085
2020-03-20,HUF,LKR,indicative,0.5614
2020-03-20,IDR,LKR,indicative,0.0117
2020-03-20,INR,LKR,indicative,2.4996
2020-03-20,IRR,LKR,indicative,0.0045
2020-03-20,JOD,LKR,indicative,263.6649
2020-03-20,JPY,LKR,indicative,1.6984
2020-03-20,KES,LKR,indicative,1.7753
2020-03-20,KRW,LKR,indicative,0.1487
2020-03-20,KWD,LKR,indicative,600.8563
2020-03-20,MMK,LKR,indicative,0.1308
2020-03-20,MOP,LKR,indicative,23.3585
2020-03-20,MUR,LKR,indicative,4.8118
2020-03-20,MVR,LKR,indicative,12.0917
2020-03-20,MYR,LKR,indicative,42.486
2020-03-20,NGN,LKR,indicative,0.6099
2020-03-20,NOK,LKR,indicative,16.7887
2020-03-20,NPR,LKR,indicative,1.5559
2020-03-20,NZD,LKR,indicative,108.2934
2020-03-20,OMR,LKR,indicative,485.6174
2020-03-20,PGK,LKR,indicative,54.6795
2020-03-20,PHP,LKR,indicative,3.6741
2020-03-20,PKR,LKR,indicative,1.1796
2020-03-20,PLN,LKR,indicative,43.8781
2020-03-20,QAR,LKR,indicative,51.3426
2020-03-20,RON,LKR,indicative,41.4401
2020-03-20,RUB,LKR,indicative,2.3648
2020-03-20,SAR,LKR,indicative,49.7077
2020-03-20,SBD,LKR,indicative,22.8252
2020-03-20,SCR,LKR,indicative,13.9159
2020-03-20,SEK,LKR,indicative,18.0965
2020-03-20,SGD,LKR,indicative,129.0298
2020-03-20,THB,LKR,indicative,5.7644
2020-03-20,TWD,LKR,indicative,6.1558
2020-03-20,USD,LKR,indicative,186.9384
2020-03-20,VND,LKR,indicative,0.008
2020-03-20,XAU,LKR,indicative,277304.5254
2020-03-20,ZAR,LKR,indicative,10.7849
2020-03-20,ZMW,LKR,indicative,11.0288
2020-03-23,AED,LKR,indicative,50.91
2020-03-23,AUD,LKR,indicative,107.6559
2020-03-23,BDT,LKR,indicative,2.2014
2020-03-23,BHD,LKR,indicative,494.8988
2020-03-23,BND,LKR,indicative,128.3856
2020-03-23,BRL,LKR,indicative,36.9277
2020-03-23,CAD,LKR,indicative,129.681
2020-03-23,CHF,LKR,indicative,190.1373
2020-03-23,CNH,LKR,indicative,26.2925
2020-03-23,CNY,LKR,indicative,26.3737
2020-03-23,CZK,LKR,indicative,7.3273
2020-03-23,DKK,LKR,indicative,26.8175
2020-03-23,EGP,LKR,indicative,11.873
2020-03-23,EUR,LKR,indicative,200.3986
2020-03-23,GBP,LKR,indicative,217.8083
2020-03-23,GHS,LKR,indicative,33.1267
2020-03-23,HKD,LKR,indicative,24.1071
2020-03-23,HUF,LKR,indicative,0.573
2020-03-23,IDR,LKR,indicative,0.0113
2020-03-23,INR,LKR,indicative,2.4811
2020-03-23,IRR,LKR,indicative,0.0045
2020-03-23,JOD,LKR,indicative,263.7518
2020-03-23,JPY,LKR,indicative,1.6967
2020-03-23,KES,LKR,indicative,1.7642
2020-03-23,KRW,LKR,indicative,0.1466
2020-03-23,KWD,LKR,indicative,600.7646
2020-03-23,MMK,LKR,indicative,0.1312
2020-03-23,MOP,LKR,indicative,23.3779
2020-03-23,MUR,LKR,indicative,4.7704
2020-03-23,MVR,LKR,indicative,12.0957
2020-03-23,MYR,LKR,indicative,42.1836
2020-03-23,NGN,LKR,indicative,0.6101
2020-03-23,NOK,LKR,indicative,15.8587
2020-03-23,NPR,LKR,indicative,1.5544
2020-03-23,NZD,LKR,indicative,105.5522
2020-03-23,OMR,LKR,indicative,485.6512
2020-03-23,PGK,LKR,indicative,54.6975
2020-03-23,PHP,LKR,indicative,3.6559
2020-03-23,PKR,LKR,indicative,1.182
2020-03-23,PLN,LKR,indicative,44.1178
2020-03-23,QAR,LKR,indicative,51.3595
2020-03-23,RON,LKR,indicative,41.0151
2020-03-23,RUB,LKR,indicative,2.3165
2020-03-23,SAR,LKR,indicative,49.7632
2020-03-23,SBD,LKR,indicative,22.8327
2020-03-23,SCR,LKR,indicative,13.6397
2020-03-23,SEK,LKR,indicative,17.9244
2020-03-23,SGD,LKR,indicative,128.3856
2020-03-23,THB,LKR,indicative,5.6848
2020-03-23,TWD,LKR,indicative,6.156
2020-03-23,USD,LKR,indicative,187
2020-03-23,VND,LKR,indicative,0.008
2020-03-23,XAU,LKR,indicative,279400.44
2020-03-23,ZAR,LKR,indicative,10.5577
2020-03-23,ZMW,LKR,indicative,11.0081
2020-03-24,AED,LKR,indicative,50.91
2020-03-24,AUD,LKR,indicative,111.0032
2020-03-24,BDT,LKR,indicative,2.2023
2020-03-24,BHD,LKR,indicative,495.0692
2020-03-24,BND,LKR,indicative,128.5179
2020-03-24,BRL,LKR,indicative,36.359
2020-03-24,CAD,LKR,indicative,129.807
2020-03-24,CHF,LKR,indicative,190.8942
2020-03-24,CNH,LKR,indicative,26.3703
2020-03-24,CNY,LKR,indicative,26.4285
2020-03-24,CZK,LKR,indicative,7.2838
2020-03-24,DKK,LKR,indicative,27.0834
2020-03-24,EGP,LKR,indicative,11.873
2020-03-24,EUR,LKR,indicative,202.1096
2020-03-24,GBP,LKR,indicative,217.7148
2020-03-24,GHS,LKR,indicative,33.0681
2020-03-24,HKD,LKR,indicative,24.1149
2020-03-24,HUF,LKR,indicative,0.5753
2020-03-24,IDR,LKR,indicative,0.0114
2020-03-24,INR,LKR,indicative,2.4497
2020-03-24,IRR,LKR,indicative,0.0045
2020-03-24,JOD,LKR,indicative,263.7518
2020-03-24,JPY,LKR,indicative,1.6957
2020-03-24,KES,LKR,indicative,1.7583
2020-03-24,KRW,LKR,indicative,0.1494
2020-03-24,KWD,LKR,indicative,598.8791
2020-03-24,MMK,LKR,indicative,0.1317
2020-03-24,MOP,LKR,indicative,23.3838
2020-03-24,MUR,LKR,indicative,4.7704
2020-03-24,MVR,LKR,indicative,12.0957
2020-03-24,MYR,LKR,indicative,42.2838
2020-03-24,NGN,LKR,indicative,0.5024
2020-03-24,NOK,LKR,indicative,16.4405
2020-03-24,NPR,LKR,indicative,1.5316
2020-03-24,NZD,LKR,indicative,108.3852
2020-03-24,OMR,LKR,indicative,485.7143
2020-03-24,PGK,LKR,indicative,54.604
2020-03-24,PHP,LKR,indicative,3.6624
2020-03-24,PKR,LKR,indicative,1.182
2020-03-24,PLN,LKR,indicative,43.7243
2020-03-24,QAR,LKR,indicative,51.3595
2020-03-24,RON,LKR,indicative,41.6764
2020-03-24,RUB,LKR,indicative,2.3537
2020-03-24,SAR,LKR,indicative,49.7936
2020-03-24,SBD,LKR,indicative,22.8327
2020-03-24,SCR,LKR,indicative,13.6397
2020-03-24,SEK,LKR,indicative,18.2845
2020-03-24,SGD,LKR,indicative,128.5179
2020-03-24,THB,LKR,indicative,5.6934
2020-03-24,TWD,LKR,indicative,6.1773
2020-03-24,USD,LKR,indicative,187
2020-03-24,VND,LKR,indicative,0.0079
2020-03-24,XAU,LKR,indicative,294505.8325
2020-03-24,ZAR,LKR,indicative,10.6111
2020-03-24,ZMW,LKR,indicative,10.7468
2020-03-25,AED,LKR,indicative,51.5225
2020-03-25,AUD,LKR,indicative,112.916
2020-03-25,BDT,LKR,indicative,2.2309
2020-03-25,BHD,LKR,indicative,500.5753
2020-03-25,BND,LKR,indicative,130.6073
2020-03-25,BRL,LKR,indicative,37.1115
2020-03-25,CAD,LKR,indicative,131.4921
2020-03-25,CHF,LKR,indicative,192.9351
2020-03-25,CNH,LKR,indicative,26.7605
2020-03-25,CNY,LKR,indicative,26.8071
2020-03-25,CZK,LKR,indicative,7.3757
2020-03-25,DKK,LKR,indicative,27.3851
2020-03-25,EGP,LKR,indicative,12.0159
2020-03-25,EUR,LKR,indicative,204.4941
2020-03-25,GBP,LKR,indicative,223.0027
2020-03-25,GHS,LKR,indicative,33.0776
2020-03-25,HKD,LKR,indicative,24.4072
2020-03-25,HUF,LKR,indicative,0.5763
2020-03-25,IDR,LKR,indicative,0.0115
2020-03-25,INR,LKR,indicative,2.4778
2020-03-25,IRR,LKR,indicative,0.0045
2020-03-25,JOD,LKR,indicative,266.9252
2020-03-25,JPY,LKR,indicative,1.7059
2020-03-25,KES,LKR,indicative,1.7787
2020-03-25,KRW,LKR,indicative,0.1539
2020-03-25,KWD,LKR,indicative,605.2514
2020-03-25,MMK,LKR,indicative,0.1349
2020-03-25,MOP,LKR,indicative,23.6799
2020-03-25,MUR,LKR,indicative,4.8027
2020-03-25,MVR,LKR,indicative,12.2413
2020-03-25,MYR,LKR,indicative,42.8167
2020-03-25,NGN,LKR,indicative,0.5253
2020-03-25,NOK,LKR,indicative,17.2418
2020-03-25,NPR,LKR,indicative,1.5587
2020-03-25,NZD,LKR,indicative,110.1814
2020-03-25,OMR,LKR,indicative,491.5584
2020-03-25,PGK,LKR,indicative,55.261
2020-03-25,PHP,LKR,indicative,3.709
2020-03-25,PKR,LKR,indicative,1.1869
2020-03-25,PLN,LKR,indicative,44.3879
2020-03-25,QAR,LKR,indicative,51.9668
2020-03-25,RON,LKR,indicative,42.2428
2020-03-25,RUB,LKR,indicative,2.4152
2020-03-25,SAR,LKR,indicative,50.3793
2020-03-25,SBD,LKR,indicative,23.0885
2020-03-25,SCR,LKR,indicative,13.8038
2020-03-25,SEK,LKR,indicative,18.7223
2020-03-25,SGD,LKR,indicative,130.6073
2020-03-25,THB,LKR,indicative,5.754
2020-03-25,TWD,LKR,indicative,6.2596
2020-03-25,USD,LKR,indicative,189.25
2020-03-25,VND,LKR,indicative,0.008
2020-03-25,XAU,LKR,indicative,305811.0148
2020-03-25,ZAR,LKR,indicative,10.7802
2020-03-25,ZMW,LKR,indicative,10.7973
2020-03-26,AED,LKR,indicative,51.5239
2020-03-26,AUD,LKR,indicative,111.3169
2020-03-26,BDT,LKR,indicative,2.2296
2020-03-26,BHD,LKR,indicative,500.2974
2020-03-26,BND,LKR,indicative,130.4408
2020-03-26,BRL,LKR,indicative,37.5869
2020-03-26,CAD,LKR,indicative,132.7418
2020-03-26,CHF,LKR,indicative,193.9037
2020-03-26,CNH,LKR,indicative,26.5119
2020-03-26,CNY,LKR,indicative,26.6036
2020-03-26,CZK,LKR,indicative,7.5244
2020-03-26,DKK,LKR,indicative,27.6169
2020-03-26,EGP,LKR,indicative,12.0159
2020-03-26,EUR,LKR,indicative,206.2825
2020-03-26,GBP,LKR,indicative,223.9868
2020-03-26,GHS,LKR,indicative,32.9704
2020-03-26,HKD,LKR,indicative,24.406
2020-03-26,HUF,LKR,indicative,0.5848
2020-03-26,IDR,LKR,indicative,0.0116
2020-03-26,INR,LKR,indicative,2.4779
2020-03-26,IRR,LKR,indicative,0.0045
2020-03-26,JOD,LKR,indicative,266.9252
2020-03-26,JPY,LKR,indicative,1.7098
2020-03-26,KES,LKR,indicative,1.7803
2020-03-26,KRW,LKR,indicative,0.1538
2020-03-26,KWD,LKR,indicative,599.9366
2020-03-26,MMK,LKR,indicative,0.1362
2020-03-26,MOP,LKR,indicative,23.6859
2020-03-26,MUR,LKR,indicative,4.8027
2020-03-26,MVR,LKR,indicative,12.2413
2020-03-26,MYR,LKR,indicative,43.0799
2020-03-26,NGN,LKR,indicative,0.525
2020-03-26,NOK,LKR,indicative,17.6215
2020-03-26,NPR,LKR,indicative,1.5587
2020-03-26,NZD,LKR,indicative,109.8407
2020-03-26,OMR,LKR,indicative,491.4882
2020-03-26,PGK,LKR,indicative,55.261
2020-03-26,PHP,LKR,indicative,3.7042
2020-03-26,PKR,LKR,indicative,1.1715
2020-03-26,PLN,LKR,indicative,45.1057
2020-03-26,QAR,LKR,indicative,51.9775
2020-03-26,RON,LKR,indicative,42.6748
2020-03-26,RUB,LKR,indicative,2.4164
2020-03-26,SAR,LKR,indicative,50.386
2020-03-26,SBD,LKR,indicative,23.0885
2020-03-26,SCR,LKR,indicative,13.8038
2020-03-26,SEK,LKR,indicative,18.7555
2020-03-26,SGD,LKR,indicative,130.4408
2020-03-26,THB,LKR,indicative,5.7637
2020-03-26,TWD,LKR,indicative,6.2461
2020-03-26,USD,LKR,indicative,189.25
2020-03-26,VND,LKR,indicative,0.008
2020-03-26,XAU,LKR,indicative,303239.9968
2020-03-26,ZAR,LKR,indicative,10.9028
2020-03-26,ZMW,LKR,indicative,10.6918
2020-03-27,AED,LKR,indicative,51.5225
2020-03-27,AUD,LKR,indicative,115.433
2020-03-27,BDT,LKR,indicative,2.2312
2020-03-27,BHD,LKR,indicative,502.3892
2020-03-27,BND,LKR,indicative,132.6069
2020-03-27,BRL,LKR,indicative,37.6729
2020-03-27,CAD,LKR,indicative,135.0628
2020-03-27,CHF,LKR,indicative,197.1354
2020-03-27,CNH,LKR,indicative,26.7476
2020-03-27,CNY,LKR,indicative,26.7934
2020-03-27,CZK,LKR,indicative,7.7094
2020-03-27,DKK,LKR,indicative,28.0711
2020-03-27,EGP,LKR,indicative,12.0159
2020-03-27,EUR,LKR,indicative,209.5471
2020-03-27,GBP,LKR,indicative,232.0962
2020-03-27,GHS,LKR,indicative,32.913
2020-03-27,HKD,LKR,indicative,24.4145
2020-03-27,HUF,LKR,indicative,0.5905
2020-03-27,IDR,LKR,indicative,0.0118
2020-03-27,INR,LKR,indicative,2.5369
2020-03-27,IRR,LKR,indicative,0.0045
2020-03-27,JOD,LKR,indicative,266.9252
2020-03-27,JPY,LKR,indicative,1.7458
2020-03-27,KES,LKR,indicative,1.8007
2020-03-27,KRW,LKR,indicative,0.1565
2020-03-27,KWD,LKR,indicative,611.6677
2020-03-27,MMK,LKR,indicative,0.1351
2020-03-27,MOP,LKR,indicative,23.6799
2020-03-27,MUR,LKR,indicative,4.8278
2020-03-27,MVR,LKR,indicative,12.2413
2020-03-27,MYR,LKR,indicative,44.3468
2020-03-27,NGN,LKR,indicative,0.525
2020-03-27,NOK,LKR,indicative,18.1895
2020-03-27,NPR,LKR,indicative,1.5855
2020-03-27,NZD,LKR,indicative,113.0485
2020-03-27,OMR,LKR,indicative,491.5584
2020-03-27,PGK,LKR,indicative,55.261
2020-03-27,PHP,LKR,indicative,3.7247
2020-03-27,PKR,LKR,indicative,1.1265
2020-03-27,PLN,LKR,indicative,46.2149
2020-03-27,QAR,LKR,indicative,51.9775
2020-03-27,RON,LKR,indicative,43.32
2020-03-27,RUB,LKR,indicative,2.4463
2020-03-27,SAR,LKR,indicative,50.386
2020-03-27,SBD,LKR,indicative,23.0885
2020-03-27,SCR,LKR,indicative,13.8038
2020-03-27,SEK,LKR,indicative,19.0928
2020-03-27,SGD,LKR,indicative,132.6069
2020-03-27,THB,LKR,indicative,5.8401
2020-03-27,TWD,LKR,indicative,6.2782
2020-03-27,USD,LKR,indicative,189.25
2020-03-27,VND,LKR,indicative,0.008
2020-03-27,XAU,LKR,indicative,307664.4158
2020-03-27,ZAR,LKR,indicative,10.9284
2020-03-27,ZMW,LKR,indicative,10.5785
2020-03-30,AED,LKR,indicative,51.8628
2020-03-30,AUD,LKR,indicative,117.0623
2020-03-30,BDT,LKR,indicative,2.2426
2020-03-30,BHD,LKR,indicative,505.7075
2020-03-30,BND,LKR,indicative,133.4641
2020-03-30,BRL,LKR,indicative,37.3496
2020-03-30,CAD,LKR,indicative,135.6355
2020-03-30,CHF,LKR,indicative,199.8531
2020-03-30,CNH,LKR,indicative,26.8076
2020-03-30,CNY,LKR,indicative,26.8647
2020-03-30,CZK,LKR,indicative,7.7104
2020-03-30,DKK,LKR,indicative,28.3114
2020-03-30,EGP,LKR,indicative,12.0952
2020-03-30,EUR,LKR,indicative,211.3407
2020-03-30,GBP,LKR,indicative,236.2581
2020-03-30,GHS,LKR,indicative,33.3333
2020-03-30,HKD,LKR,indicative,24.5721
2020-03-30,HUF,LKR,indicative,0.592
2020-03-30,IDR,LKR,indicative,0.0117
2020-03-30,INR,LKR,indicative,2.5241
2020-03-30,IRR,LKR,indicative,0.0045
2020-03-30,JOD,LKR,indicative,268.4422
2020-03-30,JPY,LKR,indicative,1.7755
2020-03-30,KES,LKR,indicative,1.823
2020-03-30,KRW,LKR,indicative,0.1555
2020-03-30,KWD,LKR,indicative,607.6555
2020-03-30,MMK,LKR,indicative,0.1362
2020-03-30,MOP,LKR,indicative,23.8393
2020-03-30,MUR,LKR,indicative,4.8356
2020-03-30,MVR,LKR,indicative,12.3221
2020-03-30,MYR,LKR,indicative,43.7177
2020-03-30,NGN,LKR,indicative,0.5284
2020-03-30,NOK,LKR,indicative,18.0111
2020-03-30,NPR,LKR,indicative,1.5905
2020-03-30,NZD,LKR,indicative,114.8334
2020-03-30,OMR,LKR,indicative,494.8052
2020-03-30,PGK,LKR,indicative,55.626
2020-03-30,PHP,LKR,indicative,3.7305
2020-03-30,PKR,LKR,indicative,1.1538
2020-03-30,PLN,LKR,indicative,46.4906
2020-03-30,QAR,LKR,indicative,52.31
2020-03-30,RON,LKR,indicative,43.6877
2020-03-30,RUB,LKR,indicative,2.397
2020-03-30,SAR,LKR,indicative,50.7121
2020-03-30,SBD,LKR,indicative,23.241
2020-03-30,SCR,LKR,indicative,13.8747
2020-03-30,SEK,LKR,indicative,19.1627
2020-03-30,SGD,LKR,indicative,133.4641
2020-03-30,THB,LKR,indicative,5.8266
2020-03-30,TWD,LKR,indicative,6.3013
2020-03-30,USD,LKR,indicative,190.5
2020-03-30,VND,LKR,indicative,0.0081
2020-03-30,XAU,LKR,indicative,308144.1894
2020-03-30,ZAR,LKR,indicative,10.6331
2020-03-30,ZMW,LKR,indicative,10.6425
2020-03-31,AED,LKR,indicative,51.352
2020-03-31,AUD,LKR,indicative,116.4562
2020-03-31,BDT,LKR,indicative,2.2228
2020-03-31,BHD,LKR,indicative,500.7263
2020-03-31,BND,LKR,indicative,132.4743
2020-03-31,BRL,LKR,indicative,36.3136
2020-03-31,CAD,LKR,indicative,133.1147
2020-03-31,CHF,LKR,indicative,196.3398
2020-03-31,CNH,LKR,indicative,26.5663
2020-03-31,CNY,LKR,indicative,26.6032
2020-03-31,CZK,LKR,indicative,7.6167
2020-03-31,DKK,LKR,indicative,27.8481
2020-03-31,EGP,LKR,indicative,11.9571
2020-03-31,EUR,LKR,indicative,207.9575
2020-03-31,GBP,LKR,indicative,232.6672
2020-03-31,GHS,LKR,indicative,32.8041
2020-03-31,HKD,LKR,indicative,24.3236
2020-03-31,HUF,LKR,indicative,0.5795
2020-03-31,IDR,LKR,indicative,0.0116
2020-03-31,INR,LKR,indicative,2.5013
2020-03-31,IRR,LKR,indicative,0.0045
2020-03-31,JOD,LKR,indicative,266.0417
2020-03-31,JPY,LKR,indicative,1.7381
2020-03-31,KES,LKR,indicative,1.8016
2020-03-31,KRW,LKR,indicative,0.1546
2020-03-31,KWD,LKR,indicative,599.3378
2020-03-31,MMK,LKR,indicative,0.1355
2020-03-31,MOP,LKR,indicative,23.6045
2020-03-31,MUR,LKR,indicative,4.7626
2020-03-31,MVR,LKR,indicative,12.2008
2020-03-31,MYR,LKR,indicative,43.6882
2020-03-31,NGN,LKR,indicative,0.5232
2020-03-31,NOK,LKR,indicative,17.8983
2020-03-31,NPR,LKR,indicative,1.5591
2020-03-31,NZD,LKR,indicative,113.5325
2020-03-31,OMR,LKR,indicative,489.9314
2020-03-31,PGK,LKR,indicative,55.0781
2020-03-31,PHP,LKR,indicative,3.7153
2020-03-31,PKR,LKR,indicative,1.1402
2020-03-31,PLN,LKR,indicative,45.6406
2020-03-31,QAR,LKR,indicative,51.8054
2020-03-31,RON,LKR,indicative,43.0638
2020-03-31,RUB,LKR,indicative,2.3666
2020-03-31,SAR,LKR,indicative,50.2059
2020-03-31,SBD,LKR,indicative,23.0121
2020-03-31,SCR,LKR,indicative,13.7381
2020-03-31,SEK,LKR,indicative,18.7684
2020-03-31,SGD,LKR,indicative,132.4743
2020-03-31,THB,LKR,indicative,5.7887
2020-03-31,TWD,LKR,indicative,6.2411
2020-03-31,USD,LKR,indicative,188.6236
2020-03-31,VND,LKR,indicative,0.008
2020-03-31,XAU,LKR,indicative,305139.7458
2020-03-31,ZAR,LKR,indicative,10.5173
2020-03-31,ZMW,LKR,indicative,10.5036
2020-04-01,AED,LKR,indicative,51.7693
2020-04-01,AUD,LKR,indicative,116.4422
2020-04-01,BDT,LKR,indicative,2.2411
2020-04-01,BHD,LKR,indicative,502.5604
2020-04-01,BND,LKR,indicative,133.5789
2020-04-01,BRL,LKR,indicative,36.5309
2020-04-01,CAD,LKR,indicative,134.7575
2020-04-01,CHF,LKR,indicative,197.565
2020-04-01,CNH,LKR,indicative,26.8245
2020-04-01,CNY,LKR,indicative,26.8491
2020-04-01,CZK,LKR,indicative,7.6377
2020-04-01,DKK,LKR,indicative,28.0427
2020-04-01,EGP,LKR,indicative,12.0811
2020-04-01,EUR,LKR,indicative,209.3906
2020-04-01,GBP,LKR,indicative,235.3279
2020-04-01,GHS,LKR,indicative,32.9846
2020-04-01,HKD,LKR,indicative,24.5257
2020-04-01,HUF,LKR,indicative,0.5799
2020-04-01,IDR,LKR,indicative,0.0116
2020-04-01,INR,LKR,indicative,2.5241
2020-04-01,IRR,LKR,indicative,0.0045
2020-04-01,JOD,LKR,indicative,268.2035
2020-04-01,JPY,LKR,indicative,1.7635
2020-04-01,KES,LKR,indicative,1.8076
2020-04-01,KRW,LKR,indicative,0.156
2020-04-01,KWD,LKR,indicative,607.5281
2020-04-01,MMK,LKR,indicative,0.1366
2020-04-01,MOP,LKR,indicative,23.7933
2020-04-01,MUR,LKR,indicative,4.8062
2020-04-01,MVR,LKR,indicative,12.2999
2020-04-01,MYR,LKR,indicative,44.171
2020-04-01,NGN,LKR,indicative,0.5275
2020-04-01,NOK,LKR,indicative,18.211
2020-04-01,NPR,LKR,indicative,1.5707
2020-04-01,NZD,LKR,indicative,113.0669
2020-04-01,OMR,LKR,indicative,493.7522
2020-04-01,PGK,LKR,indicative,55.5256
2020-04-01,PHP,LKR,indicative,3.7532
2020-04-01,PKR,LKR,indicative,1.1446
2020-04-01,PLN,LKR,indicative,45.8938
2020-04-01,QAR,LKR,indicative,52.2264
2020-04-01,RON,LKR,indicative,43.2911
2020-04-01,RUB,LKR,indicative,2.4203
2020-04-01,SAR,LKR,indicative,50.5063
2020-04-01,SBD,LKR,indicative,23.1991
2020-04-01,SCR,LKR,indicative,13.8447
2020-04-01,SEK,LKR,indicative,19.1651
2020-04-01,SGD,LKR,indicative,133.5789
2020-04-01,THB,LKR,indicative,5.7877
2020-04-01,TWD,LKR,indicative,6.2814
2020-04-01,USD,LKR,indicative,190.1563
2020-04-01,VND,LKR,indicative,0.0081
2020-04-01,XAU,LKR,indicative,300778.3204
2020-04-01,ZAR,LKR,indicative,10.6739
2020-04-01,ZMW,LKR,indicative,10.4484
2020-04-02,AED,LKR,indicative,51.7267
2020-04-02,AUD,LKR,indicative,115.5675
2020-04-02,BDT,LKR,indicative,2.2379
2020-04-02,BHD,LKR,indicative,503.9119
2020-04-02,BND,LKR,indicative,132.2429
2020-04-02,BRL,LKR,indicative,36.1936
2020-04-02,CAD,LKR,indicative,133.9774
2020-04-02,CHF,LKR,indicative,196.3418
2020-04-02,CNH,LKR,indicative,26.6459
2020-04-02,CNY,LKR,indicative,26.7087
2020-04-02,CZK,LKR,indicative,7.558
2020-04-02,DKK,LKR,indicative,27.858
2020-04-02,EGP,LKR,indicative,12.0635
2020-04-02,EUR,LKR,indicative,207.9455
2020-04-02,GBP,LKR,indicative,235.4195
2020-04-02,GHS,LKR,indicative,33.4213
2020-04-02,HKD,LKR,indicative,24.5106
2020-04-02,HUF,LKR,indicative,0.5715
2020-04-02,IDR,LKR,indicative,0.0115
2020-04-02,INR,LKR,indicative,2.4868
2020-04-02,IRR,LKR,indicative,0.0045
2020-04-02,JOD,LKR,indicative,267.9831
2020-04-02,JPY,LKR,indicative,1.7693
2020-04-02,KES,LKR,indicative,1.8061
2020-04-02,KRW,LKR,indicative,0.1533
2020-04-02,KWD,LKR,indicative,607.0288
2020-04-02,MMK,LKR,indicative,0.1364
2020-04-02,MOP,LKR,indicative,23.7767
2020-04-02,MUR,LKR,indicative,4.8469
2020-04-02,MVR,LKR,indicative,12.2898
2020-04-02,MYR,LKR,indicative,43.3641
2020-04-02,NGN,LKR,indicative,0.527
2020-04-02,NOK,LKR,indicative,18.2055
2020-04-02,NPR,LKR,indicative,1.5694
2020-04-02,NZD,LKR,indicative,112.594
2020-04-02,OMR,LKR,indicative,493.3463
2020-04-02,PGK,LKR,indicative,55.48
2020-04-02,PHP,LKR,indicative,3.7339
2020-04-02,PKR,LKR,indicative,1.1437
2020-04-02,PLN,LKR,indicative,45.1859
2020-04-02,QAR,LKR,indicative,52.1835
2020-04-02,RON,LKR,indicative,43.0653
2020-04-02,RUB,LKR,indicative,2.4065
2020-04-02,SAR,LKR,indicative,50.5044
2020-04-02,SBD,LKR,indicative,23.161
2020-04-02,SCR,LKR,indicative,13.8081
2020-04-02,SEK,LKR,indicative,18.9399
2020-04-02,SGD,LKR,indicative,132.2429
2020-04-02,THB,LKR,indicative,5.7341
2020-04-02,TWD,LKR,indicative,6.2762
2020-04-02,USD,LKR,indicative,190
2020-04-02,VND,LKR,indicative,0.0081
2020-04-02,XAU,LKR,indicative,301405.436
2020-04-02,ZAR,LKR,indicative,10.406
2020-04-02,ZMW,LKR,indicative,10.4252
2020-04-03,AED,LKR,indicative,51.999
2020-04-03,AUD,LKR,indicative,115.8224
2020-04-03,BDT,LKR,indicative,2.2502
2020-04-03,BHD,LKR,indicative,506.5641
2020-04-03,BND,LKR,indicative,133.5338
2020-04-03,BRL,LKR,indicative,36.3353
2020-04-03,CAD,LKR,indicative,134.9347
2020-04-03,CHF,LKR,indicative,196.1187
2020-04-03,CNH,LKR,indicative,26.9056
2020-04-03,CNY,LKR,indicative,26.9605
2020-04-03,CZK,LKR,indicative,7.5277
2020-04-03,DKK,LKR,indicative,27.7645
2020-04-03,EGP,LKR,indicative,12.127
2020-04-03,EUR,LKR,indicative,207.3305
2020-04-03,GBP,LKR,indicative,236.544
2020-04-03,GHS,LKR,indicative,33.131
2020-04-03,HKD,LKR,indicative,24.6406
2020-04-03,HUF,LKR,indicative,0.5696
2020-04-03,IDR,LKR,indicative,0.0116
2020-04-03,INR,LKR,indicative,2.5
2020-04-03,IRR,LKR,indicative,0.0045
2020-04-03,JOD,LKR,indicative,269.3935
2020-04-03,JPY,LKR,indicative,1.7707
2020-04-03,KES,LKR,indicative,1.807
2020-04-03,KRW,LKR,indicative,0.1554
2020-04-03,KWD,LKR,indicative,611.8461
2020-04-03,MMK,LKR,indicative,0.1363
2020-04-03,MOP,LKR,indicative,23.9049
2020-04-03,MUR,LKR,indicative,4.8117
2020-04-03,MVR,LKR,indicative,12.3545
2020-04-03,MYR,LKR,indicative,43.8627
2020-04-03,NGN,LKR,indicative,0.5298
2020-04-03,NOK,LKR,indicative,18.3339
2020-04-03,NPR,LKR,indicative,1.5777
2020-04-03,NZD,LKR,indicative,112.881
2020-04-03,OMR,LKR,indicative,495.9429
2020-04-03,PGK,LKR,indicative,55.772
2020-04-03,PHP,LKR,indicative,3.7658
2020-04-03,PKR,LKR,indicative,1.1429
2020-04-03,PLN,LKR,indicative,45.3144
2020-04-03,QAR,LKR,indicative,51.8838
2020-04-03,RON,LKR,indicative,42.8693
2020-04-03,RUB,LKR,indicative,2.4719
2020-04-03,SAR,LKR,indicative,50.7641
2020-04-03,SBD,LKR,indicative,23.2829
2020-04-03,SCR,LKR,indicative,13.8808
2020-04-03,SEK,LKR,indicative,18.908
2020-04-03,SGD,LKR,indicative,133.5338
2020-04-03,THB,LKR,indicative,5.8125
2020-04-03,TWD,LKR,indicative,6.3214
2020-04-03,USD,LKR,indicative,191
2020-04-03,VND,LKR,indicative,0.0081
2020-04-03,XAU,LKR,indicative,307930.2
2020-04-03,ZAR,LKR,indicative,10.3226
2020-04-03,ZMW,LKR,indicative,10.409
2020-04-06,AED,LKR,indicative,53.0341
2020-04-06,AUD,LKR,indicative,117.2515
2020-04-06,BDT,LKR,indicative,2.2933
2020-04-06,BHD,LKR,indicative,516.6827
2020-04-06,BND,LKR,indicative,135.1996
2020-04-06,BRL,LKR,indicative,36.4116
2020-04-06,CAD,LKR,indicative,137.1557
2020-04-06,CHF,LKR,indicative,199.2862
2020-04-06,CNH,LKR,indicative,27.3787
2020-04-06,CNY,LKR,indicative,27.465
2020-04-06,CZK,LKR,indicative,7.5784
2020-04-06,DKK,LKR,indicative,28.2048
2020-04-06,EGP,LKR,indicative,12.3684
2020-04-06,EUR,LKR,indicative,210.6202
2020-04-06,GBP,LKR,indicative,238.3796
2020-04-06,GHS,LKR,indicative,33.8787
2020-04-06,HKD,LKR,indicative,25.123
2020-04-06,HUF,LKR,indicative,0.5772
2020-04-06,IDR,LKR,indicative,0.0118
2020-04-06,INR,LKR,indicative,2.557
2020-04-06,IRR,LKR,indicative,0.0046
2020-04-06,JOD,LKR,indicative,274.7564
2020-04-06,JPY,LKR,indicative,1.7881
2020-04-06,KES,LKR,indicative,1.8378
2020-04-06,KRW,LKR,indicative,0.1577
2020-04-06,KWD,LKR,indicative,630.0204
2020-04-06,MMK,LKR,indicative,0.1386
2020-04-06,MOP,LKR,indicative,24.3792
2020-04-06,MUR,LKR,indicative,4.8951
2020-04-06,MVR,LKR,indicative,12.6004
2020-04-06,MYR,LKR,indicative,44.5772
2020-04-06,NGN,LKR,indicative,0.5404
2020-04-06,NOK,LKR,indicative,18.3871
2020-04-06,NPR,LKR,indicative,1.5976
2020-04-06,NZD,LKR,indicative,114.4366
2020-04-06,OMR,LKR,indicative,505.9471
2020-04-06,PGK,LKR,indicative,56.8823
2020-04-06,PHP,LKR,indicative,3.8377
2020-04-06,PKR,LKR,indicative,1.1647
2020-04-06,PLN,LKR,indicative,45.9738
2020-04-06,QAR,LKR,indicative,53.5024
2020-04-06,RON,LKR,indicative,43.5858
2020-04-06,RUB,LKR,indicative,2.5208
2020-04-06,SAR,LKR,indicative,51.7919
2020-04-06,SBD,LKR,indicative,23.7464
2020-04-06,SCR,LKR,indicative,14.0347
2020-04-06,SEK,LKR,indicative,19.1129
2020-04-06,SGD,LKR,indicative,135.1996
2020-04-06,THB,LKR,indicative,5.9067
2020-04-06,TWD,LKR,indicative,6.4323
2020-04-06,USD,LKR,indicative,194.8023
2020-04-06,VND,LKR,indicative,0.0083
2020-04-06,XAU,LKR,indicative,315494.7532
2020-04-06,ZAR,LKR,indicative,10.0736
2020-04-06,ZMW,LKR,indicative,10.3756
2020-04-08,AED,LKR,indicative,54.0195
2020-04-08,AUD,LKR,indicative,121.9499
2020-04-08,BDT,LKR,indicative,2.3385
2020-04-08,BHD,LKR,indicative,524.5779
2020-04-08,BND,LKR,indicative,139.0627
2020-04-08,BRL,LKR,indicative,37.9903
2020-04-08,CAD,LKR,indicative,141.4973
2020-04-08,CHF,LKR,indicative,204.3056
2020-04-08,CNH,LKR,indicative,28.034
2020-04-08,CNY,LKR,indicative,28.0764
2020-04-08,CZK,LKR,indicative,7.9435
2020-04-08,DKK,LKR,indicative,28.8907
2020-04-08,EGP,LKR,indicative,12.5703
2020-04-08,EUR,LKR,indicative,215.7041
2020-04-08,GBP,LKR,indicative,244.5546
2020-04-08,GHS,LKR,indicative,33.8893
2020-04-08,HKD,LKR,indicative,25.5947
2020-04-08,HUF,LKR,indicative,0.6017
2020-04-08,IDR,LKR,indicative,0.0122
2020-04-08,INR,LKR,indicative,2.6238
2020-04-08,IRR,LKR,indicative,0.0047
2020-04-08,JOD,LKR,indicative,279.8612
2020-04-08,JPY,LKR,indicative,1.8245
2020-04-08,KES,LKR,indicative,1.8614
2020-04-08,KRW,LKR,indicative,0.1627
2020-04-08,KWD,LKR,indicative,636.9875
2020-04-08,MMK,LKR,indicative,0.1368
2020-04-08,MOP,LKR,indicative,24.8369
2020-04-08,MUR,LKR,indicative,5.0489
2020-04-08,MVR,LKR,indicative,12.8345
2020-04-08,MYR,LKR,indicative,45.6168
2020-04-08,NGN,LKR,indicative,0.5504
2020-04-08,NOK,LKR,indicative,19.3109
2020-04-08,NPR,LKR,indicative,1.6397
2020-04-08,NZD,LKR,indicative,118.2593
2020-04-08,OMR,LKR,indicative,515.2135
2020-04-08,PGK,LKR,indicative,57.9391
2020-04-08,PHP,LKR,indicative,3.9194
2020-04-08,PKR,LKR,indicative,1.1846
2020-04-08,PLN,LKR,indicative,47.6185
2020-04-08,QAR,LKR,indicative,54.4965
2020-04-08,RON,LKR,indicative,44.6433
2020-04-08,RUB,LKR,indicative,2.6396
2020-04-08,SAR,LKR,indicative,52.7717
2020-04-08,SBD,LKR,indicative,24.1876
2020-04-08,SCR,LKR,indicative,13.4981
2020-04-08,SEK,LKR,indicative,19.6995
2020-04-08,SGD,LKR,indicative,139.0676
2020-04-08,THB,LKR,indicative,6.0421
2020-04-08,TWD,LKR,indicative,6.5881
2020-04-08,USD,LKR,indicative,198.4216
2020-04-08,VND,LKR,indicative,0.0085
2020-04-08,XAU,LKR,indicative,327248.5005
2020-04-08,ZAR,LKR,indicative,10.8368
2020-04-08,ZMW,LKR,indicative,10.457
2020-04-09,AED,LKR,indicative,54.3823
2020-04-09,AUD,LKR,indicative,124.367
2020-04-09,BDT,LKR,indicative,2.3548
2020-04-09,BHD,LKR,indicative,528.9753
2020-04-09,BND,LKR,indicative,140.0409
2020-04-09,BRL,LKR,indicative,38.9837
2020-04-09,CAD,LKR,indicative,142.4172
2020-04-09,CHF,LKR,indicative,205.4451
2020-04-09,CNH,LKR,indicative,28.2304
2020-04-09,CNY,LKR,indicative,28.2638
2020-04-09,CZK,LKR,indicative,7.9774
2020-04-09,DKK,LKR,indicative,29.0611
2020-04-09,EGP,LKR,indicative,12.6828
2020-04-09,EUR,LKR,indicative,216.9032
2020-04-09,GBP,LKR,indicative,247.6154
2020-04-09,GHS,LKR,indicative,34.5596
2020-04-09,HKD,LKR,indicative,25.7583
2020-04-09,HUF,LKR,indicative,0.605
2020-04-09,IDR,LKR,indicative,0.0123
2020-04-09,INR,LKR,indicative,2.6302
2020-04-09,IRR,LKR,indicative,0.0048
2020-04-09,JOD,LKR,indicative,281.7409
2020-04-09,JPY,LKR,indicative,1.8335
2020-04-09,KES,LKR,indicative,1.8827
2020-04-09,KRW,LKR,indicative,0.1643
2020-04-09,KWD,LKR,indicative,641.2658
2020-04-09,MMK,LKR,indicative,0.1388
2020-04-09,MOP,LKR,indicative,24.9958
2020-04-09,MUR,LKR,indicative,5.0828
2020-04-09,MVR,LKR,indicative,12.9207
2020-04-09,MYR,LKR,indicative,46.0263
2020-04-09,NGN,LKR,indicative,0.5541
2020-04-09,NOK,LKR,indicative,19.4955
2020-04-09,NPR,LKR,indicative,1.6347
2020-04-09,NZD,LKR,indicative,120.0124
2020-04-09,OMR,LKR,indicative,518.6739
2020-04-09,PGK,LKR,indicative,58.1285
2020-04-09,PHP,LKR,indicative,3.9508
2020-04-09,PKR,LKR,indicative,1.1917
2020-04-09,PLN,LKR,indicative,47.8786
2020-04-09,QAR,LKR,indicative,54.8625
2020-04-09,RON,LKR,indicative,44.8906
2020-04-09,RUB,LKR,indicative,2.6628
2020-04-09,SAR,LKR,indicative,53.112
2020-04-09,SBD,LKR,indicative,24.35
2020-04-09,SCR,LKR,indicative,13.5887
2020-04-09,SEK,LKR,indicative,19.823
2020-04-09,SGD,LKR,indicative,140.0409
2020-04-09,THB,LKR,indicative,6.1003
2020-04-09,TWD,LKR,indicative,6.6357
2020-04-09,USD,LKR,indicative,199.7543
2020-04-09,VND,LKR,indicative,0.0085
2020-04-09,XAU,LKR,indicative,329178.2171
2020-04-09,ZAR,LKR,indicative,10.9873
2020-04-09,ZMW,LKR,indicative,10.6258
2020-04-15,AED,LKR,indicative,52.5262
2020-04-15,AUD,LKR,indicative,123.7206
2020-04-15,BDT,LKR,indicative,2.2693
2020-04-15,BHD,LKR,indicative,511.7003
2020-04-15,BND,LKR,indicative,136.4522
2020-04-15,BRL,LKR,indicative,37.3647
2020-04-15,CAD,LKR,indicative,138.7734
2020-04-15,CHF,LKR,indicative,200.8919
2020-04-15,CNH,LKR,indicative,27.3489
2020-04-15,CNY,LKR,indicative,27.356
2020-04-15,CZK,LKR,indicative,7.8975
2020-04-15,DKK,LKR,indicative,28.3962
2020-04-15,EGP,LKR,indicative,12.2218
2020-04-15,EUR,LKR,indicative,211.9409
2020-04-15,GBP,LKR,indicative,243.4088
2020-04-15,GHS,LKR,indicative,33.9378
2020-04-15,HKD,LKR,indicative,24.8883
2020-04-15,HUF,LKR,indicative,0.6023
2020-04-15,IDR,LKR,indicative,0.0123
2020-04-15,INR,LKR,indicative,2.5369
2020-04-15,IRR,LKR,indicative,0.0046
2020-04-15,JOD,LKR,indicative,272.125
2020-04-15,JPY,LKR,indicative,1.8013
2020-04-15,KES,LKR,indicative,1.8218
2020-04-15,KRW,LKR,indicative,0.159
2020-04-15,KWD,LKR,indicative,619.3791
2020-04-15,MMK,LKR,indicative,0.1354
2020-04-15,MOP,LKR,indicative,24.1518
2020-04-15,MUR,LKR,indicative,4.8845
2020-04-15,MVR,LKR,indicative,12.4797
2020-04-15,MYR,LKR,indicative,44.5787
2020-04-15,NGN,LKR,indicative,0.5352
2020-04-15,NOK,LKR,indicative,18.7194
2020-04-15,NPR,LKR,indicative,1.5809
2020-04-15,NZD,LKR,indicative,117.2476
2020-04-15,OMR,LKR,indicative,501.1015
2020-04-15,PGK,LKR,indicative,56.1446
2020-04-15,PHP,LKR,indicative,3.8103
2020-04-15,PKR,LKR,indicative,1.1563
2020-04-15,PLN,LKR,indicative,46.8845
2020-04-15,QAR,LKR,indicative,52.99
2020-04-15,RON,LKR,indicative,43.8757
2020-04-15,RUB,LKR,indicative,2.6448
2020-04-15,SAR,LKR,indicative,51.3197
2020-04-15,SBD,LKR,indicative,23.519
2020-04-15,SCR,LKR,indicative,11.6746
2020-04-15,SEK,LKR,indicative,19.4012
2020-04-15,SGD,LKR,indicative,136.4522
2020-04-15,THB,LKR,indicative,5.9129
2020-04-15,TWD,LKR,indicative,6.4299
2020-04-15,USD,LKR,indicative,192.9366
2020-04-15,VND,LKR,indicative,0.0082
2020-04-15,XAU,LKR,indicative,332167.3584
2020-04-15,ZAR,LKR,indicative,10.5298
2020-04-15,ZMW,LKR,indicative,10.5145
2020-04-16,AED,LKR,indicative,52.1873
2020-04-16,AUD,LKR,indicative,120.5934
2020-04-16,BDT,LKR,indicative,2.2573
2020-04-16,BHD,LKR,indicative,507.625
2020-04-16,BND,LKR,indicative,134.3651
2020-04-16,BRL,LKR,indicative,36.5932
2020-04-16,CAD,LKR,indicative,135.8168
2020-04-16,CHF,LKR,indicative,198.2234
2020-04-16,CNH,LKR,indicative,27.0763
2020-04-16,CNY,LKR,indicative,27.0927
2020-04-16,CZK,LKR,indicative,7.7138
2020-04-16,DKK,LKR,indicative,27.955
2020-04-16,EGP,LKR,indicative,12.1439
2020-04-16,EUR,LKR,indicative,208.6375
2020-04-16,GBP,LKR,indicative,239.3178
2020-04-16,GHS,LKR,indicative,33.1934
2020-04-16,HKD,LKR,indicative,24.7312
2020-04-16,HUF,LKR,indicative,0.5917
2020-04-16,IDR,LKR,indicative,0.0122
2020-04-16,INR,LKR,indicative,2.5041
2020-04-16,IRR,LKR,indicative,0.0046
2020-04-16,JOD,LKR,indicative,270.3694
2020-04-16,JPY,LKR,indicative,1.7775
2020-04-16,KES,LKR,indicative,1.8032
2020-04-16,KRW,LKR,indicative,0.1562
2020-04-16,KWD,LKR,indicative,615.3833
2020-04-16,MMK,LKR,indicative,0.1345
2020-04-16,MOP,LKR,indicative,24.0005
2020-04-16,MUR,LKR,indicative,4.8389
2020-04-16,MVR,LKR,indicative,12.3992
2020-04-16,MYR,LKR,indicative,43.8956
2020-04-16,NGN,LKR,indicative,0.5317
2020-04-16,NOK,LKR,indicative,18.2064
2020-04-16,NPR,LKR,indicative,1.5673
2020-04-16,NZD,LKR,indicative,114.2675
2020-04-16,OMR,LKR,indicative,497.8687
2020-04-16,PGK,LKR,indicative,55.7823
2020-04-16,PHP,LKR,indicative,3.7831
2020-04-16,PKR,LKR,indicative,1.1489
2020-04-16,PLN,LKR,indicative,46.0118
2020-04-16,QAR,LKR,indicative,52.6481
2020-04-16,RON,LKR,indicative,43.17
2020-04-16,RUB,LKR,indicative,2.5575
2020-04-16,SAR,LKR,indicative,50.9887
2020-04-16,SBD,LKR,indicative,23.3481
2020-04-16,SCR,LKR,indicative,11.0805
2020-04-16,SEK,LKR,indicative,19.0562
2020-04-16,SGD,LKR,indicative,134.3651
2020-04-16,THB,LKR,indicative,5.8594
2020-04-16,TWD,LKR,indicative,6.3706
2020-04-16,USD,LKR,indicative,191.6919
2020-04-16,VND,LKR,indicative,0.0082
2020-04-16,XAU,LKR,indicative,328801.8126
2020-04-16,ZAR,LKR,indicative,10.2522
2020-04-16,ZMW,LKR,indicative,10.3771
2020-04-17,AED,LKR,indicative,52.4557
2020-04-17,AUD,LKR,indicative,122.7164
2020-04-17,BDT,LKR,indicative,2.2697
2020-04-17,BHD,LKR,indicative,509.9989
2020-04-17,BND,LKR,indicative,135.4309
2020-04-17,BRL,LKR,indicative,36.812
2020-04-17,CAD,LKR,indicative,137.3913
2020-04-17,CHF,LKR,indicative,198.9238
2020-04-17,CNH,LKR,indicative,27.2161
2020-04-17,CNY,LKR,indicative,27.229
2020-04-17,CZK,LKR,indicative,7.7009
2020-04-17,DKK,LKR,indicative,28.062
2020-04-17,EGP,LKR,indicative,12.2335
2020-04-17,EUR,LKR,indicative,209.3538
2020-04-17,GBP,LKR,indicative,240.9626
2020-04-17,GHS,LKR,indicative,33.451
2020-04-17,HKD,LKR,indicative,24.8551
2020-04-17,HUF,LKR,indicative,0.596
2020-04-17,IDR,LKR,indicative,0.0125
2020-04-17,INR,LKR,indicative,2.5141
2020-04-17,IRR,LKR,indicative,0.0046
2020-04-17,JOD,LKR,indicative,271.7597
2020-04-17,JPY,LKR,indicative,1.7889
2020-04-17,KES,LKR,indicative,1.8109
2020-04-17,KRW,LKR,indicative,0.1581
2020-04-17,KWD,LKR,indicative,618.5477
2020-04-17,MMK,LKR,indicative,0.1352
2020-04-17,MOP,LKR,indicative,24.1194
2020-04-17,MUR,LKR,indicative,4.8418
2020-04-17,MVR,LKR,indicative,12.463
2020-04-17,MYR,LKR,indicative,44.2175
2020-04-17,NGN,LKR,indicative,0.5345
2020-04-17,NOK,LKR,indicative,18.6127
2020-04-17,NPR,LKR,indicative,1.5667
2020-04-17,NZD,LKR,indicative,115.8089
2020-04-17,OMR,LKR,indicative,500.3638
2020-04-17,PGK,LKR,indicative,56.0692
2020-04-17,PHP,LKR,indicative,3.7947
2020-04-17,PKR,LKR,indicative,1.1531
2020-04-17,PLN,LKR,indicative,46.2245
2020-04-17,QAR,LKR,indicative,52.5308
2020-04-17,RON,LKR,indicative,43.2779
2020-04-17,RUB,LKR,indicative,2.6149
2020-04-17,SAR,LKR,indicative,51.2713
2020-04-17,SBD,LKR,indicative,23.4681
2020-04-17,SCR,LKR,indicative,11.5572
2020-04-17,SEK,LKR,indicative,19.2639
2020-04-17,SGD,LKR,indicative,135.4262
2020-04-17,THB,LKR,indicative,5.9304
2020-04-17,TWD,LKR,indicative,6.4089
2020-04-17,USD,LKR,indicative,192.6776
2020-04-17,VND,LKR,indicative,0.0082
2020-04-17,XAU,LKR,indicative,329432.4437
2020-04-17,ZAR,LKR,indicative,10.2989
2020-04-17,ZMW,LKR,indicative,10.3155
2020-04-20,AED,LKR,indicative,52.1959
2020-04-20,AUD,LKR,indicative,121.6964
2020-04-20,BDT,LKR,indicative,2.257
2020-04-20,BHD,LKR,indicative,507.809
2020-04-20,BND,LKR,indicative,134.6608
2020-04-20,BRL,LKR,indicative,36.6076
2020-04-20,CAD,LKR,indicative,136.2736
2020-04-20,CHF,LKR,indicative,198.1022
2020-04-20,CNH,LKR,indicative,27.0673
2020-04-20,CNY,LKR,indicative,27.0928
2020-04-20,CZK,LKR,indicative,7.6497
2020-04-20,DKK,LKR,indicative,27.9301
2020-04-20,EGP,LKR,indicative,12.1729
2020-04-20,EUR,LKR,indicative,208.3553
2020-04-20,GBP,LKR,indicative,239.3857
2020-04-20,GHS,LKR,indicative,33.643
2020-04-20,HKD,LKR,indicative,24.7367
2020-04-20,HUF,LKR,indicative,0.5901
2020-04-20,IDR,LKR,indicative,0.0124
2020-04-20,INR,LKR,indicative,2.5046
2020-04-20,IRR,LKR,indicative,0.0046
2020-04-20,JOD,LKR,indicative,270.4137
2020-04-20,JPY,LKR,indicative,1.7789
2020-04-20,KES,LKR,indicative,1.7985
2020-04-20,KRW,LKR,indicative,0.1573
2020-04-20,KWD,LKR,indicative,614.9905
2020-04-20,MMK,LKR,indicative,0.1345
2020-04-20,MOP,LKR,indicative,23.9984
2020-04-20,MUR,LKR,indicative,4.8172
2020-04-20,MVR,LKR,indicative,12.4012
2020-04-20,MYR,LKR,indicative,43.6578
2020-04-20,NGN,LKR,indicative,0.5318
2020-04-20,NOK,LKR,indicative,18.4867
2020-04-20,NPR,LKR,indicative,1.5685
2020-04-20,NZD,LKR,indicative,115.3599
2020-04-20,OMR,LKR,indicative,497.8856
2020-04-20,PGK,LKR,indicative,55.7915
2020-04-20,PHP,LKR,indicative,3.7659
2020-04-20,PKR,LKR,indicative,1.1532
2020-04-20,PLN,LKR,indicative,46.032
2020-04-20,QAR,LKR,indicative,52.6568
2020-04-20,RON,LKR,indicative,43.1062
2020-04-20,RUB,LKR,indicative,2.5804
2020-04-20,SAR,LKR,indicative,51.031
2020-04-20,SBD,LKR,indicative,23.3519
2020-04-20,SCR,LKR,indicative,10.987
2020-04-20,SEK,LKR,indicative,19.1892
2020-04-20,SGD,LKR,indicative,134.6608
2020-04-20,THB,LKR,indicative,5.8983
2020-04-20,TWD,LKR,indicative,6.3805
2020-04-20,USD,LKR,indicative,191.7233
2020-04-20,VND,LKR,indicative,0.0082
2020-04-20,XAU,LKR,indicative,322210.6956
2020-04-20,ZAR,LKR,indicative,10.2037
2020-04-20,ZMW,LKR,indicative,10.3274
2020-04-21,AED,LKR,indicative,53.046
2020-04-21,AUD,LKR,indicative,122.6359
2020-04-21,BDT,LKR,indicative,2.295
2020-04-21,BHD,LKR,indicative,516.0795
2020-04-21,BND,LKR,indicative,136.5279
2020-04-21,BRL,LKR,indicative,36.6468
2020-04-21,CAD,LKR,indicative,137.5544
2020-04-21,CHF,LKR,indicative,200.6651
2020-04-21,CNH,LKR,indicative,27.4207
2020-04-21,CNY,LKR,indicative,27.4787
2020-04-21,CZK,LKR,indicative,7.694
2020-04-21,DKK,LKR,indicative,28.2926
2020-04-21,EGP,LKR,indicative,12.3712
2020-04-21,EUR,LKR,indicative,211.0083
2020-04-21,GBP,LKR,indicative,241.6867
2020-04-21,GHS,LKR,indicative,34.1835
2020-04-21,HKD,LKR,indicative,25.1404
2020-04-21,HUF,LKR,indicative,0.5981
2020-04-21,IDR,LKR,indicative,0.0125
2020-04-21,INR,LKR,indicative,2.541
2020-04-21,IRR,LKR,indicative,0.0046
2020-04-21,JOD,LKR,indicative,274.8178
2020-04-21,JPY,LKR,indicative,1.8096
2020-04-21,KES,LKR,indicative,1.8244
2020-04-21,KRW,LKR,indicative,0.1573
2020-04-21,KWD,LKR,indicative,625.5082
2020-04-21,MMK,LKR,indicative,0.1372
2020-04-21,MOP,LKR,indicative,24.3923
2020-04-21,MUR,LKR,indicative,4.8584
2020-04-21,MVR,LKR,indicative,12.6032
2020-04-21,MYR,LKR,indicative,44.3613
2020-04-21,NGN,LKR,indicative,0.5405
2020-04-21,NOK,LKR,indicative,18.6052
2020-04-21,NPR,LKR,indicative,1.591
2020-04-21,NZD,LKR,indicative,116.5957
2020-04-21,OMR,LKR,indicative,506.093
2020-04-21,PGK,LKR,indicative,56.7001
2020-04-21,PHP,LKR,indicative,3.8282
2020-04-21,PKR,LKR,indicative,1.191
2020-04-21,PLN,LKR,indicative,46.6049
2020-04-21,QAR,LKR,indicative,53.5144
2020-04-21,RON,LKR,indicative,43.6522
2020-04-21,RUB,LKR,indicative,2.5835
2020-04-21,SAR,LKR,indicative,51.9104
2020-04-21,SBD,LKR,indicative,23.7322
2020-04-21,SCR,LKR,indicative,11.1659
2020-04-21,SEK,LKR,indicative,19.3776
2020-04-21,SGD,LKR,indicative,136.5375
2020-04-21,THB,LKR,indicative,5.9759
2020-04-21,TWD,LKR,indicative,6.4716
2020-04-21,USD,LKR,indicative,194.8458
2020-04-21,VND,LKR,indicative,0.0083
2020-04-21,XAU,LKR,indicative,329374.9588
2020-04-21,ZAR,LKR,indicative,10.3247
2020-04-21,ZMW,LKR,indicative,10.5262
2020-04-22,AED,LKR,indicative,52.4593
2020-04-22,AUD,LKR,indicative,121.6939
2020-04-22,BDT,LKR,indicative,2.2691
2020-04-22,BHD,LKR,indicative,510.0341
2020-04-22,BND,LKR,indicative,134.8007
2020-04-22,BRL,LKR,indicative,36.2419
2020-04-22,CAD,LKR,indicative,135.7934
2020-04-22,CHF,LKR,indicative,198.7016
2020-04-22,CNH,LKR,indicative,27.1474
2020-04-22,CNY,LKR,indicative,27.1901
2020-04-22,CZK,LKR,indicative,7.6021
2020-04-22,DKK,LKR,indicative,28.0486
2020-04-22,EGP,LKR,indicative,12.2343
2020-04-22,EUR,LKR,indicative,209.1563
2020-04-22,GBP,LKR,indicative,236.8557
2020-04-22,GHS,LKR,indicative,33.7167
2020-04-22,HKD,LKR,indicative,24.8633
2020-04-22,HUF,LKR,indicative,0.5908
2020-04-22,IDR,LKR,indicative,0.0124
2020-04-22,INR,LKR,indicative,2.5035
2020-04-22,IRR,LKR,indicative,0.0046
2020-04-22,JOD,LKR,indicative,271.7784
2020-04-22,JPY,LKR,indicative,1.7882
2020-04-22,KES,LKR,indicative,1.8017
2020-04-22,KRW,LKR,indicative,0.1561
2020-04-22,KWD,LKR,indicative,618.5904
2020-04-22,MMK,LKR,indicative,0.1343
2020-04-22,MOP,LKR,indicative,24.1225
2020-04-22,MUR,LKR,indicative,4.8179
2020-04-22,MVR,LKR,indicative,12.4638
2020-04-22,MYR,LKR,indicative,43.8432
2020-04-22,NGN,LKR,indicative,0.5345
2020-04-22,NOK,LKR,indicative,18.0864
2020-04-22,NPR,LKR,indicative,1.5673
2020-04-22,NZD,LKR,indicative,115.1424
2020-04-22,OMR,LKR,indicative,500.3984
2020-04-22,PGK,LKR,indicative,56.0731
2020-04-22,PHP,LKR,indicative,3.7898
2020-04-22,PKR,LKR,indicative,1.1961
2020-04-22,PLN,LKR,indicative,46.1292
2020-04-22,QAR,LKR,indicative,52.9225
2020-04-22,RON,LKR,indicative,43.2421
2020-04-22,RUB,LKR,indicative,2.5007
2020-04-22,SAR,LKR,indicative,51.3329
2020-04-22,SBD,LKR,indicative,23.4119
2020-04-22,SCR,LKR,indicative,10.886
2020-04-22,SEK,LKR,indicative,19.0831
2020-04-22,SGD,LKR,indicative,134.8007
2020-04-22,THB,LKR,indicative,5.9317
2020-04-22,TWD,LKR,indicative,6.4032
2020-04-22,USD,LKR,indicative,192.6909
2020-04-22,VND,LKR,indicative,0.0082
2020-04-22,XAU,LKR,indicative,325064.731
2020-04-22,ZAR,LKR,indicative,10.1552
2020-04-22,ZMW,LKR,indicative,10.4335
2020-04-23,AED,LKR,indicative,52.4672
2020-04-23,AUD,LKR,indicative,121.4425
2020-04-23,BDT,LKR,indicative,2.2686
2020-04-23,BHD,LKR,indicative,509.5717
2020-04-23,BND,LKR,indicative,134.9863
2020-04-23,BRL,LKR,indicative,35.308
2020-04-23,CAD,LKR,indicative,135.8618
2020-04-23,CHF,LKR,indicative,198.1493
2020-04-23,CNH,LKR,indicative,27.1528
2020-04-23,CNY,LKR,indicative,27.1992
2020-04-23,CZK,LKR,indicative,7.5426
2020-04-23,DKK,LKR,indicative,27.931
2020-04-23,EGP,LKR,indicative,12.2362
2020-04-23,EUR,LKR,indicative,208.3207
2020-04-23,GBP,LKR,indicative,237.6141
2020-04-23,GHS,LKR,indicative,33.3137
2020-04-23,HKD,LKR,indicative,24.8653
2020-04-23,HUF,LKR,indicative,0.583
2020-04-23,IDR,LKR,indicative,0.0124
2020-04-23,INR,LKR,indicative,2.521
2020-04-23,IRR,LKR,indicative,0.0046
2020-04-23,JOD,LKR,indicative,271.8195
2020-04-23,JPY,LKR,indicative,1.7888
2020-04-23,KES,LKR,indicative,1.7986
2020-04-23,KRW,LKR,indicative,0.1564
2020-04-23,KWD,LKR,indicative,617.6923
2020-04-23,MMK,LKR,indicative,0.1337
2020-04-23,MOP,LKR,indicative,24.1262
2020-04-23,MUR,LKR,indicative,4.8483
2020-04-23,MVR,LKR,indicative,12.4657
2020-04-23,MYR,LKR,indicative,44.2018
2020-04-23,NGN,LKR,indicative,0.5346
2020-04-23,NOK,LKR,indicative,17.8463
2020-04-23,NPR,LKR,indicative,1.5709
2020-04-23,NZD,LKR,indicative,114.3793
2020-04-23,OMR,LKR,indicative,500.3765
2020-04-23,PGK,LKR,indicative,56.0815
2020-04-23,PHP,LKR,indicative,3.8006
2020-04-23,PKR,LKR,indicative,1.2034
2020-04-23,PLN,LKR,indicative,45.7648
2020-04-23,QAR,LKR,indicative,52.9305
2020-04-23,RON,LKR,indicative,43.0303
2020-04-23,RUB,LKR,indicative,2.5418
2020-04-23,SAR,LKR,indicative,51.2009
2020-04-23,SBD,LKR,indicative,23.4155
2020-04-23,SCR,LKR,indicative,11.0157
2020-04-23,SEK,LKR,indicative,19.0604
2020-04-23,SGD,LKR,indicative,134.9863
2020-04-23,THB,LKR,indicative,5.9564
2020-04-23,TWD,LKR,indicative,6.4071
2020-04-23,USD,LKR,indicative,192.72
2020-04-23,VND,LKR,indicative,0.0082
2020-04-23,XAU,LKR,indicative,329659.075
2020-04-23,ZAR,LKR,indicative,10.1227
2020-04-23,ZMW,LKR,indicative,10.5045
2020-04-24,AED,LKR,indicative,52.2712
2020-04-24,AUD,LKR,indicative,122.016
2020-04-24,BDT,LKR,indicative,2.2595
2020-04-24,BHD,LKR,indicative,507.6679
2020-04-24,BND,LKR,indicative,134.5763
2020-04-24,BRL,LKR,indicative,34.6952
2020-04-24,CAD,LKR,indicative,136.4121
2020-04-24,CHF,LKR,indicative,196.4797
2020-04-24,CNH,LKR,indicative,27.0663
2020-04-24,CNY,LKR,indicative,27.1041
2020-04-24,CZK,LKR,indicative,7.5359
2020-04-24,DKK,LKR,indicative,27.7264
2020-04-24,EGP,LKR,indicative,12.1596
2020-04-24,EUR,LKR,indicative,206.7744
2020-04-24,GBP,LKR,indicative,237.072
2020-04-24,GHS,LKR,indicative,33.3085
2020-04-24,HKD,LKR,indicative,24.7713
2020-04-24,HUF,LKR,indicative,0.5788
2020-04-24,IDR,LKR,indicative,0.0124
2020-04-24,INR,LKR,indicative,2.5298
2020-04-24,IRR,LKR,indicative,0.0046
2020-04-24,JOD,LKR,indicative,270.8039
2020-04-24,JPY,LKR,indicative,1.7836
2020-04-24,KES,LKR,indicative,1.7894
2020-04-24,KRW,LKR,indicative,0.1553
2020-04-24,KWD,LKR,indicative,615.3846
2020-04-24,MMK,LKR,indicative,0.1344
2020-04-24,MOP,LKR,indicative,24.0361
2020-04-24,MUR,LKR,indicative,4.812
2020-04-24,MVR,LKR,indicative,12.4191
2020-04-24,MYR,LKR,indicative,43.9863
2020-04-24,NGN,LKR,indicative,0.5326
2020-04-24,NOK,LKR,indicative,18.0709
2020-04-24,NPR,LKR,indicative,1.5774
2020-04-24,NZD,LKR,indicative,115.0272
2020-04-24,OMR,LKR,indicative,498.5071
2020-04-24,PGK,LKR,indicative,55.872
2020-04-24,PHP,LKR,indicative,3.7855
2020-04-24,PKR,LKR,indicative,1.2004
2020-04-24,PLN,LKR,indicative,45.5311
2020-04-24,QAR,LKR,indicative,52.7328
2020-04-24,RON,LKR,indicative,42.7146
2020-04-24,RUB,LKR,indicative,2.5668
2020-04-24,SAR,LKR,indicative,51.057
2020-04-24,SBD,LKR,indicative,23.328
2020-04-24,SCR,LKR,indicative,10.9746
2020-04-24,SEK,LKR,indicative,19.088
2020-04-24,SGD,LKR,indicative,134.5763
2020-04-24,THB,LKR,indicative,5.9168
2020-04-24,TWD,LKR,indicative,6.3843
2020-04-24,USD,LKR,indicative,192
2020-04-24,VND,LKR,indicative,0.0082
2020-04-24,XAU,LKR,indicative,330819.2064
2020-04-24,ZAR,LKR,indicative,10.0507
2020-04-24,ZMW,LKR,indicative,10.3736
2020-04-27,AED,LKR,indicative,52.2712
2020-04-27,AUD,LKR,indicative,123.5136
2020-04-27,BDT,LKR,indicative,2.2603
2020-04-27,BHD,LKR,indicative,507.9298
2020-04-27,BND,LKR,indicative,135.0211
2020-04-27,BRL,LKR,indicative,34.3381
2020-04-27,CAD,LKR,indicative,136.4509
2020-04-27,CHF,LKR,indicative,197.1253
2020-04-27,CNH,LKR,indicative,27.1035
2020-04-27,CNY,LKR,indicative,27.1286
2020-04-27,CZK,LKR,indicative,7.6461
2020-04-27,DKK,LKR,indicative,27.862
2020-04-27,EGP,LKR,indicative,12.1905
2020-04-27,EUR,LKR,indicative,207.8016
2020-04-27,GBP,LKR,indicative,237.888
2020-04-27,GHS,LKR,indicative,33.2871
2020-04-27,HKD,LKR,indicative,24.7737
2020-04-27,HUF,LKR,indicative,0.5847
2020-04-27,IDR,LKR,indicative,0.0124
2020-04-27,INR,LKR,indicative,2.5164
2020-04-27,IRR,LKR,indicative,0.0046
2020-04-27,JOD,LKR,indicative,270.8039
2020-04-27,JPY,LKR,indicative,1.786
2020-04-27,KES,LKR,indicative,1.7944
2020-04-27,KRW,LKR,indicative,0.1559
2020-04-27,KWD,LKR,indicative,617.2641
2020-04-27,MMK,LKR,indicative,0.1355
2020-04-27,MOP,LKR,indicative,24.033
2020-04-27,MUR,LKR,indicative,4.8
2020-04-27,MVR,LKR,indicative,12.4191
2020-04-27,MYR,LKR,indicative,44.0519
2020-04-27,NGN,LKR,indicative,0.5326
2020-04-27,NOK,LKR,indicative,18.0513
2020-04-27,NPR,LKR,indicative,1.5695
2020-04-27,NZD,LKR,indicative,116.0352
2020-04-27,OMR,LKR,indicative,498.5071
2020-04-27,PGK,LKR,indicative,55.872
2020-04-27,PHP,LKR,indicative,3.784
2020-04-27,PKR,LKR,indicative,1.2004
2020-04-27,PLN,LKR,indicative,45.8502
2020-04-27,QAR,LKR,indicative,52.7328
2020-04-27,RON,LKR,indicative,42.9257
2020-04-27,RUB,LKR,indicative,2.5698
2020-04-27,SAR,LKR,indicative,51.0638
2020-04-27,SBD,LKR,indicative,23.328
2020-04-27,SCR,LKR,indicative,10.9746
2020-04-27,SEK,LKR,indicative,19.1309
2020-04-27,SGD,LKR,indicative,135.0211
2020-04-27,THB,LKR,indicative,5.9113
2020-04-27,TWD,LKR,indicative,6.3917
2020-04-27,USD,LKR,indicative,192
2020-04-27,VND,LKR,indicative,0.0082
2020-04-27,XAU,LKR,indicative,330675.0912
2020-04-27,ZAR,LKR,indicative,10.1238
2020-04-27,ZMW,LKR,indicative,10.3179
2020-04-28,AED,LKR,indicative,52.4088
2020-04-28,AUD,LKR,indicative,123.9796
2020-04-28,BDT,LKR,indicative,2.2671
2020-04-28,BHD,LKR,indicative,509.4614
2020-04-28,BND,LKR,indicative,135.387
2020-04-28,BRL,LKR,indicative,34.0452
2020-04-28,CAD,LKR,indicative,136.9132
2020-04-28,CHF,LKR,indicative,197.2336
2020-04-28,CNH,LKR,indicative,27.1247
2020-04-28,CNY,LKR,indicative,27.153
2020-04-28,CZK,LKR,indicative,7.628
2020-04-28,DKK,LKR,indicative,27.9431
2020-04-28,EGP,LKR,indicative,12.2222
2020-04-28,EUR,LKR,indicative,208.3524
2020-04-28,GBP,LKR,indicative,238.9503
2020-04-28,GHS,LKR,indicative,33.2404
2020-04-28,HKD,LKR,indicative,24.8366
2020-04-28,HUF,LKR,indicative,0.5863
2020-04-28,IDR,LKR,indicative,0.0125
2020-04-28,INR,LKR,indicative,2.5271
2020-04-28,IRR,LKR,indicative,0.0046
2020-04-28,JOD,LKR,indicative,271.5092
2020-04-28,JPY,LKR,indicative,1.7945
2020-04-28,KES,LKR,indicative,1.7949
2020-04-28,KRW,LKR,indicative,0.1569
2020-04-28,KWD,LKR,indicative,619.9678
2020-04-28,MMK,LKR,indicative,0.136
2020-04-28,MOP,LKR,indicative,24.1062
2020-04-28,MUR,LKR,indicative,4.8065
2020-04-28,MVR,LKR,indicative,12.4515
2020-04-28,MYR,LKR,indicative,44.0554
2020-04-28,NGN,LKR,indicative,0.534
2020-04-28,NOK,LKR,indicative,18.3194
2020-04-28,NPR,LKR,indicative,1.578
2020-04-28,NZD,LKR,indicative,115.3653
2020-04-28,OMR,LKR,indicative,499.9026
2020-04-28,PGK,LKR,indicative,56.0175
2020-04-28,PHP,LKR,indicative,3.7976
2020-04-28,PKR,LKR,indicative,1.1968
2020-04-28,PLN,LKR,indicative,45.8962
2020-04-28,QAR,LKR,indicative,52.8701
2020-04-28,RON,LKR,indicative,43.036
2020-04-28,RUB,LKR,indicative,2.5849
2020-04-28,SAR,LKR,indicative,51.19
2020-04-28,SBD,LKR,indicative,23.3888
2020-04-28,SCR,LKR,indicative,11.0031
2020-04-28,SEK,LKR,indicative,19.2157
2020-04-28,SGD,LKR,indicative,135.387
2020-04-28,THB,LKR,indicative,5.924
2020-04-28,TWD,LKR,indicative,6.4132
2020-04-28,USD,LKR,indicative,192.5
2020-04-28,VND,LKR,indicative,0.0082
2020-04-28,XAU,LKR,indicative,327834.276
2020-04-28,ZAR,LKR,indicative,10.2172
2020-04-28,ZMW,LKR,indicative,10.3071
2020-04-29,AED,LKR,indicative,52.4799
2020-04-29,AUD,LKR,indicative,125.8188
2020-04-29,BDT,LKR,indicative,2.271
2020-04-29,BHD,LKR,indicative,510.4374
2020-04-29,BND,LKR,indicative,136.2213
2020-04-29,BRL,LKR,indicative,35.0651
2020-04-29,CAD,LKR,indicative,138.2236
2020-04-29,CHF,LKR,indicative,198.2381
2020-04-29,CNH,LKR,indicative,27.2129
2020-04-29,CNY,LKR,indicative,27.2269
2020-04-29,CZK,LKR,indicative,7.7011
2020-04-29,DKK,LKR,indicative,28.0586
2020-04-29,EGP,LKR,indicative,12.2392
2020-04-29,EUR,LKR,indicative,209.2097
2020-04-29,GBP,LKR,indicative,240.4668
2020-04-29,GHS,LKR,indicative,33.5031
2020-04-29,HKD,LKR,indicative,24.871
2020-04-29,HUF,LKR,indicative,0.5855
2020-04-29,IDR,LKR,indicative,0.0125
2020-04-29,INR,LKR,indicative,2.5358
2020-04-29,IRR,LKR,indicative,0.0046
2020-04-29,JOD,LKR,indicative,271.8853
2020-04-29,JPY,LKR,indicative,1.8096
2020-04-29,KES,LKR,indicative,1.7965
2020-04-29,KRW,LKR,indicative,0.1582
2020-04-29,KWD,LKR,indicative,622.3299
2020-04-29,MMK,LKR,indicative,0.1357
2020-04-29,MOP,LKR,indicative,24.1441
2020-04-29,MUR,LKR,indicative,4.8006
2020-04-29,MVR,LKR,indicative,12.4687
2020-04-29,MYR,LKR,indicative,44.1821
2020-04-29,NGN,LKR,indicative,0.5347
2020-04-29,NOK,LKR,indicative,18.6057
2020-04-29,NPR,LKR,indicative,1.5812
2020-04-29,NZD,LKR,indicative,117.5299
2020-04-29,OMR,LKR,indicative,500.5952
2020-04-29,PGK,LKR,indicative,56.0951
2020-04-29,PHP,LKR,indicative,3.8081
2020-04-29,PKR,LKR,indicative,1.1963
2020-04-29,PLN,LKR,indicative,46.0031
2020-04-29,QAR,LKR,indicative,52.9433
2020-04-29,RON,LKR,indicative,43.198
2020-04-29,RUB,LKR,indicative,2.6083
2020-04-29,SAR,LKR,indicative,51.2711
2020-04-29,SBD,LKR,indicative,23.4212
2020-04-29,SCR,LKR,indicative,11.0184
2020-04-29,SEK,LKR,indicative,19.5533
2020-04-29,SGD,LKR,indicative,136.2213
2020-04-29,THB,LKR,indicative,5.9459
2020-04-29,TWD,LKR,indicative,6.4371
2020-04-29,USD,LKR,indicative,192.7667
2020-04-29,VND,LKR,indicative,0.0082
2020-04-29,XAU,LKR,indicative,329852.17
2020-04-29,ZAR,LKR,indicative,10.3752
2020-04-29,ZMW,LKR,indicative,10.328
2020-04-30,AED,LKR,indicative,52.504
2020-04-30,AUD,LKR,indicative,126.1914
2020-04-30,BDT,LKR,indicative,2.2686
2020-04-30,BHD,LKR,indicative,510.0503
2020-04-30,BND,LKR,indicative,136.6422
2020-04-30,BRL,LKR,indicative,36.141
2020-04-30,CAD,LKR,indicative,139.006
2020-04-30,CHF,LKR,indicative,197.8558
2020-04-30,CNH,LKR,indicative,27.2851
2020-04-30,CNY,LKR,indicative,27.3052
2020-04-30,CZK,LKR,indicative,7.7322
2020-04-30,DKK,LKR,indicative,28.0979
2020-04-30,EGP,LKR,indicative,12.2444
2020-04-30,EUR,LKR,indicative,209.5508
2020-04-30,GBP,LKR,indicative,240.1754
2020-04-30,GHS,LKR,indicative,33.5391
2020-04-30,HKD,LKR,indicative,24.8827
2020-04-30,HUF,LKR,indicative,0.591
2020-04-30,IDR,LKR,indicative,0.0128
2020-04-30,INR,LKR,indicative,2.5567
2020-04-30,IRR,LKR,indicative,0.0046
2020-04-30,JOD,LKR,indicative,272.0028
2020-04-30,JPY,LKR,indicative,1.8071
2020-04-30,KES,LKR,indicative,1.7981
2020-04-30,KRW,LKR,indicative,0.1595
2020-04-30,KWD,LKR,indicative,623.1018
2020-04-30,MMK,LKR,indicative,0.1364
2020-04-30,MOP,LKR,indicative,24.1198
2020-04-30,MUR,LKR,indicative,4.8086
2020-04-30,MVR,LKR,indicative,12.4741
2020-04-30,MYR,LKR,indicative,44.569
2020-04-30,NGN,LKR,indicative,0.535
2020-04-30,NOK,LKR,indicative,18.693
2020-04-30,NPR,LKR,indicative,1.5924
2020-04-30,NZD,LKR,indicative,118.1399
2020-04-30,OMR,LKR,indicative,500.8115
2020-04-30,PGK,LKR,indicative,56.1194
2020-04-30,PHP,LKR,indicative,3.8249
2020-04-30,PKR,LKR,indicative,1.1945
2020-04-30,PLN,LKR,indicative,46.0884
2020-04-30,QAR,LKR,indicative,52.9662
2020-04-30,RON,LKR,indicative,43.2884
2020-04-30,RUB,LKR,indicative,2.6376
2020-04-30,SAR,LKR,indicative,51.3076
2020-04-30,SBD,LKR,indicative,23.4313
2020-04-30,SCR,LKR,indicative,11.0074
2020-04-30,SEK,LKR,indicative,19.5786
2020-04-30,SGD,LKR,indicative,136.6422
2020-04-30,THB,LKR,indicative,5.954
2020-04-30,TWD,LKR,indicative,6.4682
2020-04-30,USD,LKR,indicative,192.85
2020-04-30,VND,LKR,indicative,0.0082
2020-04-30,XAU,LKR,indicative,329935.1758
2020-04-30,ZAR,LKR,indicative,10.593
2020-04-30,ZMW,LKR,indicative,10.3258
2020-05-04,AED,LKR,indicative,52.2628
2020-05-04,AUD,LKR,indicative,122.7355
2020-05-04,BDT,LKR,indicative,2.2599
2020-05-04,BHD,LKR,indicative,507.7207
2020-05-04,BND,LKR,indicative,135.3946
2020-05-04,BRL,LKR,indicative,34.9919
2020-05-04,CAD,LKR,indicative,135.9074
2020-05-04,CHF,LKR,indicative,199.2415
2020-05-04,CNH,LKR,indicative,26.8908
2020-05-04,CNY,LKR,indicative,27.1826
2020-05-04,CZK,LKR,indicative,7.7164
2020-05-04,DKK,LKR,indicative,28.1661
2020-05-04,EGP,LKR,indicative,12.1885
2020-05-04,EUR,LKR,indicative,210.1583
2020-05-04,GBP,LKR,indicative,239.184
2020-05-04,GHS,LKR,indicative,33.0981
2020-05-04,HKD,LKR,indicative,24.7659
2020-05-04,HUF,LKR,indicative,0.5924
2020-05-04,IDR,LKR,indicative,0.0128
2020-05-04,INR,LKR,indicative,2.5334
2020-05-04,IRR,LKR,indicative,0.0046
2020-05-04,JOD,LKR,indicative,270.7605
2020-05-04,JPY,LKR,indicative,1.7992
2020-05-04,KES,LKR,indicative,1.7899
2020-05-04,KRW,LKR,indicative,0.1564
2020-05-04,KWD,LKR,indicative,620.0556
2020-05-04,MMK,LKR,indicative,0.1361
2020-05-04,MOP,LKR,indicative,24.0397
2020-05-04,MUR,LKR,indicative,4.8173
2020-05-04,MVR,LKR,indicative,12.4172
2020-05-04,MYR,LKR,indicative,44.1715
2020-05-04,NGN,LKR,indicative,0.5325
2020-05-04,NOK,LKR,indicative,18.4081
2020-05-04,NPR,LKR,indicative,1.5973
2020-05-04,NZD,LKR,indicative,115.7574
2020-05-04,OMR,LKR,indicative,498.6019
2020-05-04,PGK,LKR,indicative,55.863
2020-05-04,PHP,LKR,indicative,3.7969
2020-05-04,PKR,LKR,indicative,1.1961
2020-05-04,PLN,LKR,indicative,46.0132
2020-05-04,QAR,LKR,indicative,52.7243
2020-05-04,RON,LKR,indicative,43.4526
2020-05-04,RUB,LKR,indicative,2.552
2020-05-04,SAR,LKR,indicative,51.1032
2020-05-04,SBD,LKR,indicative,23.3243
2020-05-04,SCR,LKR,indicative,10.9478
2020-05-04,SEK,LKR,indicative,19.368
2020-05-04,SGD,LKR,indicative,135.3946
2020-05-04,THB,LKR,indicative,5.9013
2020-05-04,TWD,LKR,indicative,6.4322
2020-05-04,USD,LKR,indicative,191.9692
2020-05-04,VND,LKR,indicative,0.0082
2020-05-04,XAU,LKR,indicative,325946.3284
2020-05-04,ZAR,LKR,indicative,10.1668
2020-05-04,ZMW,LKR,indicative,10.2977
2020-05-05,AED,LKR,indicative,51.7616
2020-05-05,AUD,LKR,indicative,122.6992
2020-05-05,BDT,LKR,indicative,2.2384
2020-05-05,BHD,LKR,indicative,503.5172
2020-05-05,BND,LKR,indicative,134.4945
2020-05-05,BRL,LKR,indicative,34.3043
2020-05-05,CAD,LKR,indicative,135.2647
2020-05-05,CHF,LKR,indicative,197.0546
2020-05-05,CNH,LKR,indicative,26.7205
2020-05-05,CNY,LKR,indicative,26.9219
2020-05-05,CZK,LKR,indicative,7.6733
2020-05-05,DKK,LKR,indicative,27.8113
2020-05-05,EGP,LKR,indicative,12.0716
2020-05-05,EUR,LKR,indicative,207.4868
2020-05-05,GBP,LKR,indicative,236.9852
2020-05-05,GHS,LKR,indicative,32.9226
2020-05-05,HKD,LKR,indicative,24.5154
2020-05-05,HUF,LKR,indicative,0.5856
2020-05-05,IDR,LKR,indicative,0.0126
2020-05-05,INR,LKR,indicative,2.5143
2020-05-05,IRR,LKR,indicative,0.0045
2020-05-05,JOD,LKR,indicative,268.1638
2020-05-05,JPY,LKR,indicative,1.7838
2020-05-05,KES,LKR,indicative,1.7836
2020-05-05,KRW,LKR,indicative,0.1558
2020-05-05,KWD,LKR,indicative,615.0027
2020-05-05,MMK,LKR,indicative,0.1358
2020-05-05,MOP,LKR,indicative,23.7943
2020-05-05,MUR,LKR,indicative,4.7532
2020-05-05,MVR,LKR,indicative,12.2981
2020-05-05,MYR,LKR,indicative,44.0621
2020-05-05,NGN,LKR,indicative,0.5274
2020-05-05,NOK,LKR,indicative,18.4578
2020-05-05,NPR,LKR,indicative,1.5694
2020-05-05,NZD,LKR,indicative,115.3697
2020-05-05,OMR,LKR,indicative,493.82
2020-05-05,PGK,LKR,indicative,55.3273
2020-05-05,PHP,LKR,indicative,3.7619
2020-05-05,PKR,LKR,indicative,1.1986
2020-05-05,PLN,LKR,indicative,45.6463
2020-05-05,QAR,LKR,indicative,52.2186
2020-05-05,RON,LKR,indicative,42.9823
2020-05-05,RUB,LKR,indicative,2.5424
2020-05-05,SAR,LKR,indicative,50.6131
2020-05-05,SBD,LKR,indicative,23.1006
2020-05-05,SCR,LKR,indicative,10.8428
2020-05-05,SEK,LKR,indicative,19.3397
2020-05-05,SGD,LKR,indicative,134.4945
2020-05-05,THB,LKR,indicative,5.8772
2020-05-05,TWD,LKR,indicative,6.3784
2020-05-05,USD,LKR,indicative,190.1281
2020-05-05,VND,LKR,indicative,0.0081
2020-05-05,XAU,LKR,indicative,323078.4631
2020-05-05,ZAR,LKR,indicative,10.291
2020-05-05,ZMW,LKR,indicative,10.4558
2020-05-06,AED,LKR,indicative,51.4421
2020-05-06,AUD,LKR,indicative,121.5812
2020-05-06,BDT,LKR,indicative,2.2243
2020-05-06,BHD,LKR,indicative,499.7408
2020-05-06,BND,LKR,indicative,133.3795
2020-05-06,BRL,LKR,indicative,33.8642
2020-05-06,CAD,LKR,indicative,134.4615
2020-05-06,CHF,LKR,indicative,194.2951
2020-05-06,CNH,LKR,indicative,26.5929
2020-05-06,CNY,LKR,indicative,26.6533
2020-05-06,CZK,LKR,indicative,7.575
2020-05-06,DKK,LKR,indicative,27.4502
2020-05-06,EGP,LKR,indicative,12.0046
2020-05-06,EUR,LKR,indicative,204.824
2020-05-06,GBP,LKR,indicative,235.0468
2020-05-06,GHS,LKR,indicative,32.5779
2020-05-06,HKD,LKR,indicative,24.3745
2020-05-06,HUF,LKR,indicative,0.5846
2020-05-06,IDR,LKR,indicative,0.0125
2020-05-06,INR,LKR,indicative,2.4943
2020-05-06,IRR,LKR,indicative,0.0045
2020-05-06,JOD,LKR,indicative,266.5049
2020-05-06,JPY,LKR,indicative,1.7776
2020-05-06,KES,LKR,indicative,1.7741
2020-05-06,KRW,LKR,indicative,0.1545
2020-05-06,KWD,LKR,indicative,611.5941
2020-05-06,MMK,LKR,indicative,0.1357
2020-05-06,MOP,LKR,indicative,23.6352
2020-05-06,MUR,LKR,indicative,4.7179
2020-05-06,MVR,LKR,indicative,12.1591
2020-05-06,MYR,LKR,indicative,43.8302
2020-05-06,NGN,LKR,indicative,0.5241
2020-05-06,NOK,LKR,indicative,18.419
2020-05-06,NPR,LKR,indicative,1.5615
2020-05-06,NZD,LKR,indicative,114.4293
2020-05-06,OMR,LKR,indicative,490.7844
2020-05-06,PGK,LKR,indicative,54.7961
2020-05-06,PHP,LKR,indicative,3.7372
2020-05-06,PKR,LKR,indicative,1.1847
2020-05-06,PLN,LKR,indicative,45.1433
2020-05-06,QAR,LKR,indicative,51.8956
2020-05-06,RON,LKR,indicative,42.4392
2020-05-06,RUB,LKR,indicative,2.5594
2020-05-06,SAR,LKR,indicative,50.3201
2020-05-06,SBD,LKR,indicative,22.8632
2020-05-06,SCR,LKR,indicative,10.6129
2020-05-06,SEK,LKR,indicative,19.2652
2020-05-06,SGD,LKR,indicative,133.3795
2020-05-06,THB,LKR,indicative,5.8319
2020-05-06,TWD,LKR,indicative,6.3231
2020-05-06,USD,LKR,indicative,188.952
2020-05-06,VND,LKR,indicative,0.0081
2020-05-06,XAU,LKR,indicative,321908.6417
2020-05-06,ZAR,LKR,indicative,10.1919
2020-05-06,ZMW,LKR,indicative,10.4921
2020-05-11,AED,LKR,indicative,51.2769
2020-05-11,AUD,LKR,indicative,123.4903
2020-05-11,BDT,LKR,indicative,2.2173
2020-05-11,BHD,LKR,indicative,498.8027
2020-05-11,BND,LKR,indicative,133.4003
2020-05-11,BRL,LKR,indicative,32.8539
2020-05-11,CAD,LKR,indicative,135.4144
2020-05-11,CHF,LKR,indicative,194.1331
2020-05-11,CNH,LKR,indicative,26.5752
2020-05-11,CNY,LKR,indicative,26.6073
2020-05-11,CZK,LKR,indicative,7.5018
2020-05-11,DKK,LKR,indicative,27.3919
2020-05-11,EGP,LKR,indicative,11.9586
2020-05-11,EUR,LKR,indicative,204.3198
2020-05-11,GBP,LKR,indicative,234.1353
2020-05-11,GHS,LKR,indicative,32.6534
2020-05-11,HKD,LKR,indicative,24.2993
2020-05-11,HUF,LKR,indicative,0.5849
2020-05-11,IDR,LKR,indicative,0.0126
2020-05-11,INR,LKR,indicative,2.4963
2020-05-11,IRR,LKR,indicative,0.0045
2020-05-11,JOD,LKR,indicative,265.6529
2020-05-11,JPY,LKR,indicative,1.763
2020-05-11,KES,LKR,indicative,1.776
2020-05-11,KRW,LKR,indicative,0.1549
2020-05-11,KWD,LKR,indicative,609.2444
2020-05-11,MMK,LKR,indicative,0.135
2020-05-11,MOP,LKR,indicative,23.5789
2020-05-11,MUR,LKR,indicative,4.7437
2020-05-11,MVR,LKR,indicative,12.1829
2020-05-11,MYR,LKR,indicative,43.4582
2020-05-11,NGN,LKR,indicative,0.5225
2020-05-11,NOK,LKR,indicative,18.451
2020-05-11,NPR,LKR,indicative,1.5583
2020-05-11,NZD,LKR,indicative,115.8151
2020-05-11,OMR,LKR,indicative,489.2153
2020-05-11,PGK,LKR,indicative,54.6209
2020-05-11,PHP,LKR,indicative,3.7437
2020-05-11,PKR,LKR,indicative,1.1819
2020-05-11,PLN,LKR,indicative,44.9142
2020-05-11,QAR,LKR,indicative,51.7297
2020-05-11,RON,LKR,indicative,42.294
2020-05-11,RUB,LKR,indicative,2.567
2020-05-11,SAR,LKR,indicative,50.1325
2020-05-11,SBD,LKR,indicative,22.7901
2020-05-11,SCR,LKR,indicative,10.7351
2020-05-11,SEK,LKR,indicative,19.2854
2020-05-11,SGD,LKR,indicative,133.4003
2020-05-11,THB,LKR,indicative,5.8602
2020-05-11,TWD,LKR,indicative,6.3075
2020-05-11,USD,LKR,indicative,188.3479
2020-05-11,VND,LKR,indicative,0.0081
2020-05-11,XAU,LKR,indicative,321794.2706
2020-05-11,ZAR,LKR,indicative,10.3103
2020-05-11,ZMW,LKR,indicative,10.0902
2020-05-12,AED,LKR,indicative,51.2115
2020-05-12,AUD,LKR,indicative,121.113
2020-05-12,BDT,LKR,indicative,2.2133
2020-05-12,BHD,LKR,indicative,498.166
2020-05-12,BND,LKR,indicative,132.5447
2020-05-12,BRL,LKR,indicative,32.3267
2020-05-12,CAD,LKR,indicative,133.8558
2020-05-12,CHF,LKR,indicative,193.109
2020-05-12,CNH,LKR,indicative,26.464
2020-05-12,CNY,LKR,indicative,26.5118
2020-05-12,CZK,LKR,indicative,7.3739
2020-05-12,DKK,LKR,indicative,27.2286
2020-05-12,EGP,LKR,indicative,11.9433
2020-05-12,EUR,LKR,indicative,203.0526
2020-05-12,GBP,LKR,indicative,231.5791
2020-05-12,GHS,LKR,indicative,32.5029
2020-05-12,HKD,LKR,indicative,24.2686
2020-05-12,HUF,LKR,indicative,0.5792
2020-05-12,IDR,LKR,indicative,0.0126
2020-05-12,INR,LKR,indicative,2.4791
2020-05-12,IRR,LKR,indicative,0.0045
2020-05-12,JOD,LKR,indicative,265.3138
2020-05-12,JPY,LKR,indicative,1.7502
2020-05-12,KES,LKR,indicative,1.7713
2020-05-12,KRW,LKR,indicative,0.1533
2020-05-12,KWD,LKR,indicative,608.27
2020-05-12,MMK,LKR,indicative,0.1345
2020-05-12,MOP,LKR,indicative,23.5281
2020-05-12,MUR,LKR,indicative,4.6962
2020-05-12,MVR,LKR,indicative,12.1674
2020-05-12,MYR,LKR,indicative,43.2381
2020-05-12,NGN,LKR,indicative,0.5218
2020-05-12,NOK,LKR,indicative,18.1764
2020-05-12,NPR,LKR,indicative,1.5522
2020-05-12,NZD,LKR,indicative,114.0308
2020-05-12,OMR,LKR,indicative,488.5909
2020-05-12,PGK,LKR,indicative,54.5512
2020-05-12,PHP,LKR,indicative,3.7336
2020-05-12,PKR,LKR,indicative,1.176
2020-05-12,PLN,LKR,indicative,44.503
2020-05-12,QAR,LKR,indicative,51.6637
2020-05-12,RON,LKR,indicative,42.0855
2020-05-12,RUB,LKR,indicative,2.5559
2020-05-12,SAR,LKR,indicative,50.0685
2020-05-12,SBD,LKR,indicative,22.7422
2020-05-12,SCR,LKR,indicative,10.7214
2020-05-12,SEK,LKR,indicative,18.9978
2020-05-12,SGD,LKR,indicative,132.5447
2020-05-12,THB,LKR,indicative,5.8464
2020-05-12,TWD,LKR,indicative,6.2933
2020-05-12,USD,LKR,indicative,188.1075
2020-05-12,VND,LKR,indicative,0.0081
2020-05-12,XAU,LKR,indicative,319192.083
2020-05-12,ZAR,LKR,indicative,10.1843
2020-05-12,ZMW,LKR,indicative,10.1234
2020-05-13,AED,LKR,indicative,51.2997
2020-05-13,AUD,LKR,indicative,121.8835
2020-05-13,BDT,LKR,indicative,2.2181
2020-05-13,BHD,LKR,indicative,499.0761
2020-05-13,BND,LKR,indicative,132.952
2020-05-13,BRL,LKR,indicative,32.011
2020-05-13,CAD,LKR,indicative,134.0158
2020-05-13,CHF,LKR,indicative,194.354
2020-05-13,CNH,LKR,indicative,26.5365
2020-05-13,CNY,LKR,indicative,26.5775
2020-05-13,CZK,LKR,indicative,7.4515
2020-05-13,DKK,LKR,indicative,27.4114
2020-05-13,EGP,LKR,indicative,11.9636
2020-05-13,EUR,LKR,indicative,204.4424
2020-05-13,GBP,LKR,indicative,231.1142
2020-05-13,GHS,LKR,indicative,32.7413
2020-05-13,HKD,LKR,indicative,24.3113
2020-05-13,HUF,LKR,indicative,0.5823
2020-05-13,IDR,LKR,indicative,0.0127
2020-05-13,INR,LKR,indicative,2.5022
2020-05-13,IRR,LKR,indicative,0.0045
2020-05-13,JOD,LKR,indicative,265.7446
2020-05-13,JPY,LKR,indicative,1.757
2020-05-13,KES,LKR,indicative,1.7693
2020-05-13,KRW,LKR,indicative,0.1537
2020-05-13,KWD,LKR,indicative,609.1036
2020-05-13,MMK,LKR,indicative,0.1332
2020-05-13,MOP,LKR,indicative,23.5813
2020-05-13,MUR,LKR,indicative,4.7284
2020-05-13,MVR,LKR,indicative,12.1565
2020-05-13,MYR,LKR,indicative,43.4462
2020-05-13,NGN,LKR,indicative,0.5227
2020-05-13,NOK,LKR,indicative,18.5548
2020-05-13,NPR,LKR,indicative,1.5597
2020-05-13,NZD,LKR,indicative,113.5927
2020-05-13,OMR,LKR,indicative,489.4187
2020-05-13,PGK,LKR,indicative,54.6436
2020-05-13,PHP,LKR,indicative,3.7493
2020-05-13,PKR,LKR,indicative,1.1758
2020-05-13,PLN,LKR,indicative,44.7919
2020-05-13,QAR,LKR,indicative,51.7512
2020-05-13,RON,LKR,indicative,42.3382
2020-05-13,RUB,LKR,indicative,2.5604
2020-05-13,SAR,LKR,indicative,50.14
2020-05-13,SBD,LKR,indicative,22.7807
2020-05-13,SCR,LKR,indicative,11.187
2020-05-13,SEK,LKR,indicative,19.28
2020-05-13,SGD,LKR,indicative,132.952
2020-05-13,THB,LKR,indicative,5.8727
2020-05-13,TWD,LKR,indicative,6.3015
2020-05-13,USD,LKR,indicative,188.4262
2020-05-13,VND,LKR,indicative,0.0081
2020-05-13,XAU,LKR,indicative,320922.0112
2020-05-13,ZAR,LKR,indicative,10.2402
2020-05-13,ZMW,LKR,indicative,10.3457
2020-05-14,AED,LKR,indicative,51.2368
2020-05-14,AUD,LKR,indicative,121.0191
2020-05-14,BDT,LKR,indicative,2.2164
2020-05-14,BHD,LKR,indicative,498.4648
2020-05-14,BND,LKR,indicative,132.434
2020-05-14,BRL,LKR,indicative,31.968
2020-05-14,CAD,LKR,indicative,133.4672
2020-05-14,CHF,LKR,indicative,193.4972
2020-05-14,CNH,LKR,indicative,26.4645
2020-05-14,CNY,LKR,indicative,26.5144
2020-05-14,CZK,LKR,indicative,7.4043
2020-05-14,DKK,LKR,indicative,27.2905
2020-05-14,EGP,LKR,indicative,11.9489
2020-05-14,EUR,LKR,indicative,203.4957
2020-05-14,GBP,LKR,indicative,229.8242
2020-05-14,GHS,LKR,indicative,33.0167
2020-05-14,HKD,LKR,indicative,24.2806
2020-05-14,HUF,LKR,indicative,0.575
2020-05-14,IDR,LKR,indicative,0.0126
2020-05-14,INR,LKR,indicative,2.493
2020-05-14,IRR,LKR,indicative,0.0045
2020-05-14,JOD,LKR,indicative,265.494
2020-05-14,JPY,LKR,indicative,1.7609
2020-05-14,KES,LKR,indicative,1.7671
2020-05-14,KRW,LKR,indicative,0.1532
2020-05-14,KWD,LKR,indicative,608.7511
2020-05-14,MMK,LKR,indicative,0.1331
2020-05-14,MOP,LKR,indicative,23.5657
2020-05-14,MUR,LKR,indicative,4.7226
2020-05-14,MVR,LKR,indicative,12.1104
2020-05-14,MYR,LKR,indicative,43.393
2020-05-14,NGN,LKR,indicative,0.522
2020-05-14,NOK,LKR,indicative,18.4799
2020-05-14,NPR,LKR,indicative,1.5584
2020-05-14,NZD,LKR,indicative,112.5032
2020-05-14,OMR,LKR,indicative,488.8383
2020-05-14,PGK,LKR,indicative,54.5767
2020-05-14,PHP,LKR,indicative,3.7377
2020-05-14,PKR,LKR,indicative,1.1678
2020-05-14,PLN,LKR,indicative,44.5591
2020-05-14,QAR,LKR,indicative,51.6878
2020-05-14,RON,LKR,indicative,42.125
2020-05-14,RUB,LKR,indicative,2.5403
2020-05-14,SAR,LKR,indicative,50.0953
2020-05-14,SBD,LKR,indicative,22.7528
2020-05-14,SCR,LKR,indicative,12.3551
2020-05-14,SEK,LKR,indicative,19.1434
2020-05-14,SGD,LKR,indicative,132.434
2020-05-14,THB,LKR,indicative,5.861
2020-05-14,TWD,LKR,indicative,6.2952
2020-05-14,USD,LKR,indicative,188.1954
2020-05-14,VND,LKR,indicative,0.0081
2020-05-14,XAU,LKR,indicative,322608.121
2020-05-14,ZAR,LKR,indicative,10.1494
2020-05-14,ZMW,LKR,indicative,10.4646
2020-05-15,AED,LKR,indicative,51.1887
2020-05-15,AUD,LKR,indicative,121.3096
2020-05-15,BDT,LKR,indicative,2.2135
2020-05-15,BHD,LKR,indicative,497.7329
2020-05-15,BND,LKR,indicative,131.9614
2020-05-15,BRL,LKR,indicative,32.3556
2020-05-15,CAD,LKR,indicative,133.7782
2020-05-15,CHF,LKR,indicative,193.1169
2020-05-15,CNH,LKR,indicative,26.4244
2020-05-15,CNY,LKR,indicative,26.4757
2020-05-15,CZK,LKR,indicative,7.3504
2020-05-15,DKK,LKR,indicative,27.2358
2020-05-15,EGP,LKR,indicative,11.9453
2020-05-15,EUR,LKR,indicative,203.0601
2020-05-15,GBP,LKR,indicative,229.5425
2020-05-15,GHS,LKR,indicative,32.3891
2020-05-15,HKD,LKR,indicative,24.2559
2020-05-15,HUF,LKR,indicative,0.573
2020-05-15,IDR,LKR,indicative,0.0126
2020-05-15,INR,LKR,indicative,2.4919
2020-05-15,IRR,LKR,indicative,0.0045
2020-05-15,JOD,LKR,indicative,265.3194
2020-05-15,JPY,LKR,indicative,1.7517
2020-05-15,KES,LKR,indicative,1.7613
2020-05-15,KRW,LKR,indicative,0.1529
2020-05-15,KWD,LKR,indicative,608.376
2020-05-15,MMK,LKR,indicative,0.1333
2020-05-15,MOP,LKR,indicative,23.5332
2020-05-15,MUR,LKR,indicative,4.6946
2020-05-15,MVR,LKR,indicative,12.1774
2020-05-15,MYR,LKR,indicative,43.2525
2020-05-15,NGN,LKR,indicative,0.5215
2020-05-15,NOK,LKR,indicative,18.5127
2020-05-15,NPR,LKR,indicative,1.5551
2020-05-15,NZD,LKR,indicative,112.6231
2020-05-15,OMR,LKR,indicative,488.3917
2020-05-15,PGK,LKR,indicative,54.5254
2020-05-15,PHP,LKR,indicative,3.7202
2020-05-15,PKR,LKR,indicative,1.1744
2020-05-15,PLN,LKR,indicative,44.5368
2020-05-15,QAR,LKR,indicative,51.2606
2020-05-15,RON,LKR,indicative,41.9511
2020-05-15,RUB,LKR,indicative,2.5599
2020-05-15,SAR,LKR,indicative,50.0349
2020-05-15,SBD,LKR,indicative,22.7314
2020-05-15,SCR,LKR,indicative,10.4452
2020-05-15,SEK,LKR,indicative,19.1674
2020-05-15,SGD,LKR,indicative,131.9614
2020-05-15,THB,LKR,indicative,5.8591
2020-05-15,TWD,LKR,indicative,6.2819
2020-05-15,USD,LKR,indicative,188.0186
2020-05-15,VND,LKR,indicative,0.008
2020-05-15,XAU,LKR,indicative,325797.69
2020-05-15,ZAR,LKR,indicative,10.1815
2020-05-15,ZMW,LKR,indicative,10.3165
2020-05-18,AED,LKR,indicative,51.1786
2020-05-18,AUD,LKR,indicative,121.2703
2020-05-18,BDT,LKR,indicative,2.213
2020-05-18,BHD,LKR,indicative,497.8464
2020-05-18,BND,LKR,indicative,132.0549
2020-05-18,BRL,LKR,indicative,32.1125
2020-05-18,CAD,LKR,indicative,133.6272
2020-05-18,CHF,LKR,indicative,193.5315
2020-05-18,CNH,LKR,indicative,26.398
2020-05-18,CNY,LKR,indicative,26.4636
2020-05-18,CZK,LKR,indicative,7.3562
2020-05-18,DKK,LKR,indicative,27.2925
2020-05-18,EGP,LKR,indicative,11.9357
2020-05-18,EUR,LKR,indicative,203.4769
2020-05-18,GBP,LKR,indicative,227.699
2020-05-18,GHS,LKR,indicative,32.6366
2020-05-18,HKD,LKR,indicative,24.2509
2020-05-18,HUF,LKR,indicative,0.574
2020-05-18,IDR,LKR,indicative,0.0126
2020-05-18,INR,LKR,indicative,2.4791
2020-05-18,IRR,LKR,indicative,0.0045
2020-05-18,JOD,LKR,indicative,265.1436
2020-05-18,JPY,LKR,indicative,1.755
2020-05-18,KES,LKR,indicative,1.7552
2020-05-18,KRW,LKR,indicative,0.1529
2020-05-18,KWD,LKR,indicative,607.8797
2020-05-18,MMK,LKR,indicative,0.1338
2020-05-18,MOP,LKR,indicative,23.5322
2020-05-18,MUR,LKR,indicative,4.7174
2020-05-18,MVR,LKR,indicative,12.1596
2020-05-18,MYR,LKR,indicative,43.2154
2020-05-18,NGN,LKR,indicative,0.5215
2020-05-18,NOK,LKR,indicative,18.4521
2020-05-18,NPR,LKR,indicative,1.5548
2020-05-18,NZD,LKR,indicative,112.0401
2020-05-18,OMR,LKR,indicative,488.3091
2020-05-18,PGK,LKR,indicative,54.5162
2020-05-18,PHP,LKR,indicative,3.7086
2020-05-18,PKR,LKR,indicative,1.1746
2020-05-18,PLN,LKR,indicative,44.5672
2020-05-18,QAR,LKR,indicative,51.2519
2020-05-18,RON,LKR,indicative,42.0162
2020-05-18,RUB,LKR,indicative,2.5621
2020-05-18,SAR,LKR,indicative,50.0231
2020-05-18,SBD,LKR,indicative,22.7276
2020-05-18,SCR,LKR,indicative,10.5026
2020-05-18,SEK,LKR,indicative,19.0888
2020-05-18,SGD,LKR,indicative,132.0549
2020-05-18,THB,LKR,indicative,5.8654
2020-05-18,TWD,LKR,indicative,6.2845
2020-05-18,USD,LKR,indicative,187.9868
2020-05-18,VND,LKR,indicative,0.008
2020-05-18,XAU,LKR,indicative,331130.4862
2020-05-18,ZAR,LKR,indicative,10.1593
2020-05-18,ZMW,LKR,indicative,10.1568
2020-05-19,AED,LKR,indicative,51.0706
2020-05-19,AUD,LKR,indicative,122.515
2020-05-19,BDT,LKR,indicative,2.2084
2020-05-19,BHD,LKR,indicative,496.7956
2020-05-19,BND,LKR,indicative,132.2313
2020-05-19,BRL,LKR,indicative,32.7969
2020-05-19,CAD,LKR,indicative,134.4972
2020-05-19,CHF,LKR,indicative,193.0335
2020-05-19,CNH,LKR,indicative,26.3464
2020-05-19,CNY,LKR,indicative,26.3958
2020-05-19,CZK,LKR,indicative,7.4047
2020-05-19,DKK,LKR,indicative,27.4507
2020-05-19,EGP,LKR,indicative,11.8803
2020-05-19,EUR,LKR,indicative,204.6513
2020-05-19,GBP,LKR,indicative,228.9255
2020-05-19,GHS,LKR,indicative,32.455
2020-05-19,HKD,LKR,indicative,24.2019
2020-05-19,HUF,LKR,indicative,0.5793
2020-05-19,IDR,LKR,indicative,0.0127
2020-05-19,INR,LKR,indicative,2.4771
2020-05-19,IRR,LKR,indicative,0.0045
2020-05-19,JOD,LKR,indicative,264.5839
2020-05-19,JPY,LKR,indicative,1.7463
2020-05-19,KES,LKR,indicative,1.7565
2020-05-19,KRW,LKR,indicative,0.1533
2020-05-19,KWD,LKR,indicative,606.7928
2020-05-19,MMK,LKR,indicative,0.1336
2020-05-19,MOP,LKR,indicative,23.4957
2020-05-19,MUR,LKR,indicative,4.7015
2020-05-19,MVR,LKR,indicative,12.1339
2020-05-19,MYR,LKR,indicative,43.1241
2020-05-19,NGN,LKR,indicative,0.5204
2020-05-19,NOK,LKR,indicative,18.6738
2020-05-19,NPR,LKR,indicative,1.5445
2020-05-19,NZD,LKR,indicative,113.3982
2020-05-19,OMR,LKR,indicative,487.2784
2020-05-19,PGK,LKR,indicative,54.4011
2020-05-19,PHP,LKR,indicative,3.6928
2020-05-19,PKR,LKR,indicative,1.1684
2020-05-19,PLN,LKR,indicative,44.8635
2020-05-19,QAR,LKR,indicative,51.5216
2020-05-19,RON,LKR,indicative,42.291
2020-05-19,RUB,LKR,indicative,2.579
2020-05-19,SAR,LKR,indicative,49.9175
2020-05-19,SBD,LKR,indicative,22.6796
2020-05-19,SCR,LKR,indicative,10.4921
2020-05-19,SEK,LKR,indicative,19.3178
2020-05-19,SGD,LKR,indicative,132.2313
2020-05-19,THB,LKR,indicative,5.8723
2020-05-19,TWD,LKR,indicative,6.2657
2020-05-19,USD,LKR,indicative,187.59
2020-05-19,VND,LKR,indicative,0.008
2020-05-19,XAU,LKR,indicative,326418.3713
2020-05-19,ZAR,LKR,indicative,10.2168
2020-05-19,ZMW,LKR,indicative,10.209
2020-05-20,AED,LKR,indicative,51.078
2020-05-20,AUD,LKR,indicative,122.764
2020-05-20,BDT,LKR,indicative,2.2067
2020-05-20,BHD,LKR,indicative,496.8541
2020-05-20,BND,LKR,indicative,132.3822
2020-05-20,BRL,LKR,indicative,32.5947
2020-05-20,CAD,LKR,indicative,134.6966
2020-05-20,CHF,LKR,indicative,193.3846
2020-05-20,CNH,LKR,indicative,26.3709
2020-05-20,CNY,LKR,indicative,26.4116
2020-05-20,CZK,LKR,indicative,7.4776
2020-05-20,DKK,LKR,indicative,27.5291
2020-05-20,EGP,LKR,indicative,11.8817
2020-05-20,EUR,LKR,indicative,205.2289
2020-05-20,GBP,LKR,indicative,230.0969
2020-05-20,GHS,LKR,indicative,32.333
2020-05-20,HKD,LKR,indicative,24.2069
2020-05-20,HUF,LKR,indicative,0.5866
2020-05-20,IDR,LKR,indicative,0.0127
2020-05-20,INR,LKR,indicative,2.4804
2020-05-20,IRR,LKR,indicative,0.0045
2020-05-20,JOD,LKR,indicative,264.6151
2020-05-20,JPY,LKR,indicative,1.741
2020-05-20,KES,LKR,indicative,1.7567
2020-05-20,KRW,LKR,indicative,0.1528
2020-05-20,KWD,LKR,indicative,607.5521
2020-05-20,MMK,LKR,indicative,0.1333
2020-05-20,MOP,LKR,indicative,23.4853
2020-05-20,MUR,LKR,indicative,4.6554
2020-05-20,MVR,LKR,indicative,12.1353
2020-05-20,MYR,LKR,indicative,43.0698
2020-05-20,NGN,LKR,indicative,0.5204
2020-05-20,NOK,LKR,indicative,18.8332
2020-05-20,NPR,LKR,indicative,1.5502
2020-05-20,NZD,LKR,indicative,114.4059
2020-05-20,OMR,LKR,indicative,487.3358
2020-05-20,PGK,LKR,indicative,54.4075
2020-05-20,PHP,LKR,indicative,3.7019
2020-05-20,PKR,LKR,indicative,1.1686
2020-05-20,PLN,LKR,indicative,45.1446
2020-05-20,QAR,LKR,indicative,51.1219
2020-05-20,RON,LKR,indicative,42.403
2020-05-20,RUB,LKR,indicative,2.5933
2020-05-20,SAR,LKR,indicative,49.9433
2020-05-20,SBD,LKR,indicative,22.6635
2020-05-20,SCR,LKR,indicative,11.2072
2020-05-20,SEK,LKR,indicative,19.3935
2020-05-20,SGD,LKR,indicative,132.3822
2020-05-20,THB,LKR,indicative,5.8822
2020-05-20,TWD,LKR,indicative,6.2659
2020-05-20,USD,LKR,indicative,187.6121
2020-05-20,VND,LKR,indicative,0.0081
2020-05-20,XAU,LKR,indicative,328111.1902
2020-05-20,ZAR,LKR,indicative,10.2556
2020-05-20,ZMW,LKR,indicative,10.2942
2020-05-21,AED,LKR,indicative,50.9883
2020-05-21,AUD,LKR,indicative,122.8138
2020-05-21,BDT,LKR,indicative,2.2047
2020-05-21,BHD,LKR,indicative,495.9947
2020-05-21,BND,LKR,indicative,132.298
2020-05-21,BRL,LKR,indicative,32.8979
2020-05-21,CAD,LKR,indicative,134.4298
2020-05-21,CHF,LKR,indicative,193.8494
2020-05-21,CNH,LKR,indicative,26.3126
2020-05-21,CNY,LKR,indicative,26.3559
2020-05-21,CZK,LKR,indicative,7.5086
2020-05-21,DKK,LKR,indicative,27.5271
2020-05-21,EGP,LKR,indicative,11.8387
2020-05-21,EUR,LKR,indicative,205.2485
2020-05-21,GBP,LKR,indicative,228.3972
2020-05-21,GHS,LKR,indicative,32.4589
2020-05-21,HKD,LKR,indicative,24.1654
2020-05-21,HUF,LKR,indicative,0.5863
2020-05-21,IDR,LKR,indicative,0.0127
2020-05-21,INR,LKR,indicative,2.4793
2020-05-21,IRR,LKR,indicative,0.0045
2020-05-21,JOD,LKR,indicative,264.1574
2020-05-21,JPY,LKR,indicative,1.7399
2020-05-21,KES,LKR,indicative,1.752
2020-05-21,KRW,LKR,indicative,0.1519
2020-05-21,KWD,LKR,indicative,606.4031
2020-05-21,MMK,LKR,indicative,0.1333
2020-05-21,MOP,LKR,indicative,23.4403
2020-05-21,MUR,LKR,indicative,4.6992
2020-05-21,MVR,LKR,indicative,12.1143
2020-05-21,MYR,LKR,indicative,43.0151
2020-05-21,NGN,LKR,indicative,0.5195
2020-05-21,NOK,LKR,indicative,18.8348
2020-05-21,NPR,LKR,indicative,1.5443
2020-05-21,NZD,LKR,indicative,114.6013
2020-05-21,OMR,LKR,indicative,486.4929
2020-05-21,PGK,LKR,indicative,54.3134
2020-05-21,PHP,LKR,indicative,3.7035
2020-05-21,PKR,LKR,indicative,1.1664
2020-05-21,PLN,LKR,indicative,45.2571
2020-05-21,QAR,LKR,indicative,51.0473
2020-05-21,RON,LKR,indicative,42.3867
2020-05-21,RUB,LKR,indicative,2.6251
2020-05-21,SAR,LKR,indicative,49.8636
2020-05-21,SBD,LKR,indicative,22.6243
2020-05-21,SCR,LKR,indicative,10.6747
2020-05-21,SEK,LKR,indicative,19.4825
2020-05-21,SGD,LKR,indicative,132.298
2020-05-21,THB,LKR,indicative,5.8775
2020-05-21,TWD,LKR,indicative,6.2563
2020-05-21,USD,LKR,indicative,187.2876
2020-05-21,VND,LKR,indicative,0.008
2020-05-21,XAU,LKR,indicative,326725.3439
2020-05-21,ZAR,LKR,indicative,10.4036
2020-05-21,ZMW,LKR,indicative,10.29
2020-05-22,AED,LKR,indicative,50.8844
2020-05-22,AUD,LKR,indicative,122.3021
2020-05-22,BDT,LKR,indicative,2.1973
2020-05-22,BHD,LKR,indicative,494.9846
2020-05-22,BND,LKR,indicative,131.6751
2020-05-22,BRL,LKR,indicative,33.6547
2020-05-22,CAD,LKR,indicative,133.6859
2020-05-22,CHF,LKR,indicative,192.4289
2020-05-22,CNH,LKR,indicative,26.1929
2020-05-22,CNY,LKR,indicative,26.2512
2020-05-22,CZK,LKR,indicative,7.5268
2020-05-22,DKK,LKR,indicative,27.413
2020-05-22,EGP,LKR,indicative,11.7848
2020-05-22,EUR,LKR,indicative,204.4473
2020-05-22,GBP,LKR,indicative,228.1844
2020-05-22,GHS,LKR,indicative,32.5621
2020-05-22,HKD,LKR,indicative,24.1081
2020-05-22,HUF,LKR,indicative,0.5873
2020-05-22,IDR,LKR,indicative,0.0127
2020-05-22,INR,LKR,indicative,2.4697
2020-05-22,IRR,LKR,indicative,0.0045
2020-05-22,JOD,LKR,indicative,263.6195
2020-05-22,JPY,LKR,indicative,1.737
2020-05-22,KES,LKR,indicative,1.7492
2020-05-22,KRW,LKR,indicative,0.1513
2020-05-22,KWD,LKR,indicative,605.2662
2020-05-22,MMK,LKR,indicative,0.133
2020-05-22,MOP,LKR,indicative,23.394
2020-05-22,MUR,LKR,indicative,4.6897
2020-05-22,MVR,LKR,indicative,12.0897
2020-05-22,MYR,LKR,indicative,42.8684
2020-05-22,NGN,LKR,indicative,0.5185
2020-05-22,NOK,LKR,indicative,18.7153
2020-05-22,NPR,LKR,indicative,1.545
2020-05-22,NZD,LKR,indicative,114.1436
2020-05-22,OMR,LKR,indicative,485.5022
2020-05-22,PGK,LKR,indicative,54.2028
2020-05-22,PHP,LKR,indicative,3.6829
2020-05-22,PKR,LKR,indicative,1.1595
2020-05-22,PLN,LKR,indicative,45.2908
2020-05-22,QAR,LKR,indicative,50.9406
2020-05-22,RON,LKR,indicative,42.2325
2020-05-22,RUB,LKR,indicative,2.6315
2020-05-22,SAR,LKR,indicative,49.7581
2020-05-22,SBD,LKR,indicative,22.5783
2020-05-22,SCR,LKR,indicative,10.653
2020-05-22,SEK,LKR,indicative,19.3981
2020-05-22,SGD,LKR,indicative,131.6751
2020-05-22,THB,LKR,indicative,5.8646
2020-05-22,TWD,LKR,indicative,6.2412
2020-05-22,USD,LKR,indicative,186.9062
2020-05-22,VND,LKR,indicative,0.008
2020-05-22,XAU,LKR,indicative,322631.8753
2020-05-22,ZAR,LKR,indicative,10.6047
2020-05-22,ZMW,LKR,indicative,10.3693
2020-05-26,AED,LKR,indicative,50.5548
2020-05-26,AUD,LKR,indicative,121.8533
2020-05-26,BDT,LKR,indicative,2.1803
2020-05-26,BHD,LKR,indicative,491.7781
2020-05-26,BND,LKR,indicative,130.5416
2020-05-26,BRL,LKR,indicative,34.1151
2020-05-26,CAD,LKR,indicative,133.0482
2020-05-26,CHF,LKR,indicative,191.2316
2020-05-26,CNH,LKR,indicative,26.0008
2020-05-26,CNY,LKR,indicative,26.0408
2020-05-26,CZK,LKR,indicative,7.4391
2020-05-26,DKK,LKR,indicative,27.1737
2020-05-26,EGP,LKR,indicative,11.7084
2020-05-26,EUR,LKR,indicative,202.6123
2020-05-26,GBP,LKR,indicative,226.7155
2020-05-26,GHS,LKR,indicative,32.1272
2020-05-26,HKD,LKR,indicative,23.9516
2020-05-26,HUF,LKR,indicative,0.5772
2020-05-26,IDR,LKR,indicative,0.0126
2020-05-26,INR,LKR,indicative,2.4518
2020-05-26,IRR,LKR,indicative,0.0044
2020-05-26,JOD,LKR,indicative,261.9117
2020-05-26,JPY,LKR,indicative,1.7217
2020-05-26,KES,LKR,indicative,1.7355
2020-05-26,KRW,LKR,indicative,0.1501
2020-05-26,KWD,LKR,indicative,600.9171
2020-05-26,MMK,LKR,indicative,0.1322
2020-05-26,MOP,LKR,indicative,23.2424
2020-05-26,MUR,LKR,indicative,4.6482
2020-05-26,MVR,LKR,indicative,12.0113
2020-05-26,MYR,LKR,indicative,42.5565
2020-05-26,NGN,LKR,indicative,0.5151
2020-05-26,NOK,LKR,indicative,18.4772
2020-05-26,NPR,LKR,indicative,1.528
2020-05-26,NZD,LKR,indicative,113.692
2020-05-26,OMR,LKR,indicative,482.3445
2020-05-26,PGK,LKR,indicative,53.8517
2020-05-26,PHP,LKR,indicative,3.6662
2020-05-26,PKR,LKR,indicative,1.152
2020-05-26,PLN,LKR,indicative,45.0564
2020-05-26,QAR,LKR,indicative,51.0012
2020-05-26,RON,LKR,indicative,41.845
2020-05-26,RUB,LKR,indicative,2.5955
2020-05-26,SAR,LKR,indicative,49.4068
2020-05-26,SBD,LKR,indicative,22.432
2020-05-26,SCR,LKR,indicative,10.5569
2020-05-26,SEK,LKR,indicative,19.2241
2020-05-26,SGD,LKR,indicative,130.5416
2020-05-26,THB,LKR,indicative,5.8175
2020-05-26,TWD,LKR,indicative,6.189
2020-05-26,USD,LKR,indicative,185.6954
2020-05-26,VND,LKR,indicative,0.008
2020-05-26,XAU,LKR,indicative,321499.3205
2020-05-26,ZAR,LKR,indicative,10.5562
2020-05-26,ZMW,LKR,indicative,10.3021
2020-05-27,AED,LKR,indicative,50.6598
2020-05-27,AUD,LKR,indicative,123.5206
2020-05-27,BDT,LKR,indicative,2.1817
2020-05-27,BHD,LKR,indicative,492.7993
2020-05-27,BND,LKR,indicative,131.163
2020-05-27,BRL,LKR,indicative,34.8075
2020-05-27,CAD,LKR,indicative,134.9
2020-05-27,CHF,LKR,indicative,192.5507
2020-05-27,CNH,LKR,indicative,25.9668
2020-05-27,CNY,LKR,indicative,25.9966
2020-05-27,CZK,LKR,indicative,7.5336
2020-05-27,DKK,LKR,indicative,27.3445
2020-05-27,EGP,LKR,indicative,11.7327
2020-05-27,EUR,LKR,indicative,203.9727
2020-05-27,GBP,LKR,indicative,229.2146
2020-05-27,GHS,LKR,indicative,32.3057
2020-05-27,HKD,LKR,indicative,24.0022
2020-05-27,HUF,LKR,indicative,0.5859
2020-05-27,IDR,LKR,indicative,0.0126
2020-05-27,INR,LKR,indicative,2.466
2020-05-27,IRR,LKR,indicative,0.0044
2020-05-27,JOD,LKR,indicative,262.4556
2020-05-27,JPY,LKR,indicative,1.7317
2020-05-27,KES,LKR,indicative,1.7375
2020-05-27,KRW,LKR,indicative,0.1507
2020-05-27,KWD,LKR,indicative,602.7305
2020-05-27,MMK,LKR,indicative,0.1325
2020-05-27,MOP,LKR,indicative,23.2922
2020-05-27,MUR,LKR,indicative,4.652
2020-05-27,MVR,LKR,indicative,12.0363
2020-05-27,MYR,LKR,indicative,42.6987
2020-05-27,NGN,LKR,indicative,0.5162
2020-05-27,NOK,LKR,indicative,18.7485
2020-05-27,NPR,LKR,indicative,1.537
2020-05-27,NZD,LKR,indicative,115.1097
2020-05-27,OMR,LKR,indicative,483.3335
2020-05-27,PGK,LKR,indicative,53.9635
2020-05-27,PHP,LKR,indicative,3.676
2020-05-27,PKR,LKR,indicative,1.1543
2020-05-27,PLN,LKR,indicative,45.955
2020-05-27,QAR,LKR,indicative,51.1071
2020-05-27,RON,LKR,indicative,42.1131
2020-05-27,RUB,LKR,indicative,2.6251
2020-05-27,SAR,LKR,indicative,49.5291
2020-05-27,SBD,LKR,indicative,22.4786
2020-05-27,SCR,LKR,indicative,10.5788
2020-05-27,SEK,LKR,indicative,19.2985
2020-05-27,SGD,LKR,indicative,131.163
2020-05-27,THB,LKR,indicative,5.8342
2020-05-27,TWD,LKR,indicative,6.1993
2020-05-27,USD,LKR,indicative,186.081
2020-05-27,VND,LKR,indicative,0.008
2020-05-27,XAU,LKR,indicative,318387.987
2020-05-27,ZAR,LKR,indicative,10.6918
2020-05-27,ZMW,LKR,indicative,10.4687
2020-05-28,AED,LKR,indicative,50.6691
2020-05-28,AUD,LKR,indicative,123.2828
2020-05-28,BDT,LKR,indicative,2.191
2020-05-28,BHD,LKR,indicative,492.8901
2020-05-28,BND,LKR,indicative,131.2057
2020-05-28,BRL,LKR,indicative,35.2872
2020-05-28,CAD,LKR,indicative,135.3664
2020-05-28,CHF,LKR,indicative,192.1885
2020-05-28,CNH,LKR,indicative,25.9168
2020-05-28,CNY,LKR,indicative,25.9772
2020-05-28,CZK,LKR,indicative,7.5637
2020-05-28,DKK,LKR,indicative,27.5095
2020-05-28,EGP,LKR,indicative,11.7497
2020-05-28,EUR,LKR,indicative,205.1177
2020-05-28,GBP,LKR,indicative,228.289
2020-05-28,GHS,LKR,indicative,32.1443
2020-05-28,HKD,LKR,indicative,24.0064
2020-05-28,HUF,LKR,indicative,0.5884
2020-05-28,IDR,LKR,indicative,0.0126
2020-05-28,INR,LKR,indicative,2.4557
2020-05-28,IRR,LKR,indicative,0.0044
2020-05-28,JOD,LKR,indicative,262.5039
2020-05-28,JPY,LKR,indicative,1.7258
2020-05-28,KES,LKR,indicative,1.7386
2020-05-28,KRW,LKR,indicative,0.1503
2020-05-28,KWD,LKR,indicative,603.0956
2020-05-28,MMK,LKR,indicative,0.1324
2020-05-28,MOP,LKR,indicative,23.2935
2020-05-28,MUR,LKR,indicative,4.6651
2020-05-28,MVR,LKR,indicative,12.0385
2020-05-28,MYR,LKR,indicative,42.7458
2020-05-28,NGN,LKR,indicative,0.5163
2020-05-28,NOK,LKR,indicative,18.909
2020-05-28,NPR,LKR,indicative,1.5362
2020-05-28,NZD,LKR,indicative,115.1309
2020-05-28,OMR,LKR,indicative,483.4226
2020-05-28,PGK,LKR,indicative,53.9734
2020-05-28,PHP,LKR,indicative,3.6702
2020-05-28,PKR,LKR,indicative,1.1546
2020-05-28,PLN,LKR,indicative,46.3504
2020-05-28,QAR,LKR,indicative,50.732
2020-05-28,RON,LKR,indicative,42.3683
2020-05-28,RUB,LKR,indicative,2.6258
2020-05-28,SAR,LKR,indicative,49.5449
2020-05-28,SBD,LKR,indicative,22.4827
2020-05-28,SCR,LKR,indicative,10.5807
2020-05-28,SEK,LKR,indicative,19.4212
2020-05-28,SGD,LKR,indicative,131.2011
2020-05-28,THB,LKR,indicative,5.838
2020-05-28,TWD,LKR,indicative,6.1991
2020-05-28,USD,LKR,indicative,186.1153
2020-05-28,VND,LKR,indicative,0.008
2020-05-28,XAU,LKR,indicative,319135.9529
2020-05-28,ZAR,LKR,indicative,10.7442
2020-05-28,ZMW,LKR,indicative,10.3911
2020-05-29,AED,LKR,indicative,50.7157
2020-05-29,AUD,LKR,indicative,123.629
2020-05-29,BDT,LKR,indicative,2.1952
2020-05-29,BHD,LKR,indicative,493.3435
2020-05-29,BND,LKR,indicative,131.6652
2020-05-29,BRL,LKR,indicative,34.4665
2020-05-29,CAD,LKR,indicative,135.2401
2020-05-29,CHF,LKR,indicative,193.3435
2020-05-29,CNH,LKR,indicative,25.9805
2020-05-29,CNY,LKR,indicative,26.0449
2020-05-29,CZK,LKR,indicative,7.6457
2020-05-29,DKK,LKR,indicative,27.7053
2020-05-29,EGP,LKR,indicative,11.7605
2020-05-29,EUR,LKR,indicative,206.5079
2020-05-29,GBP,LKR,indicative,229.5515
2020-05-29,GHS,LKR,indicative,32.2574
2020-05-29,HKD,LKR,indicative,24.0284
2020-05-29,HUF,LKR,indicative,0.5912
2020-05-29,IDR,LKR,indicative,0.0127
2020-05-29,INR,LKR,indicative,2.4598
2020-05-29,IRR,LKR,indicative,0.0044
2020-05-29,JOD,LKR,indicative,262.7454
2020-05-29,JPY,LKR,indicative,1.7343
2020-05-29,KES,LKR,indicative,1.7418
2020-05-29,KRW,LKR,indicative,0.1505
2020-05-29,KWD,LKR,indicative,603.5526
2020-05-29,MMK,LKR,indicative,0.1331
2020-05-29,MOP,LKR,indicative,23.3179
2020-05-29,MUR,LKR,indicative,4.6694
2020-05-29,MVR,LKR,indicative,12.0496
2020-05-29,MYR,LKR,indicative,42.8442
2020-05-29,NGN,LKR,indicative,0.5167
2020-05-29,NOK,LKR,indicative,19.043
2020-05-29,NPR,LKR,indicative,1.537
2020-05-29,NZD,LKR,indicative,115.4511
2020-05-29,OMR,LKR,indicative,483.8673
2020-05-29,PGK,LKR,indicative,54.0231
2020-05-29,PHP,LKR,indicative,3.6819
2020-05-29,PKR,LKR,indicative,1.1581
2020-05-29,PLN,LKR,indicative,46.3595
2020-05-29,QAR,LKR,indicative,51.1636
2020-05-29,RON,LKR,indicative,42.6456
2020-05-29,RUB,LKR,indicative,2.6365
2020-05-29,SAR,LKR,indicative,49.5904
2020-05-29,SBD,LKR,indicative,22.5034
2020-05-29,SCR,LKR,indicative,10.5905
2020-05-29,SEK,LKR,indicative,19.5835
2020-05-29,SGD,LKR,indicative,131.6652
2020-05-29,THB,LKR,indicative,5.8516
2020-05-29,TWD,LKR,indicative,6.2085
2020-05-29,USD,LKR,indicative,186.2865
2020-05-29,VND,LKR,indicative,0.008
2020-05-29,XAU,LKR,indicative,320437.612
2020-05-29,ZAR,LKR,indicative,10.6587
2020-05-29,ZMW,LKR,indicative,10.1971
2020-06-01,AED,LKR,indicative,50.6774
2020-06-01,AUD,LKR,indicative,125.2108
2020-06-01,BDT,LKR,indicative,2.1914
2020-06-01,BHD,LKR,indicative,492.9703
2020-06-01,BND,LKR,indicative,132.1963
2020-06-01,BRL,LKR,indicative,34.8832
2020-06-01,CAD,LKR,indicative,135.7538
2020-06-01,CHF,LKR,indicative,193.8411
2020-06-01,CNH,LKR,indicative,26.1125
2020-06-01,CNY,LKR,indicative,26.1606
2020-06-01,CZK,LKR,indicative,7.7002
2020-06-01,DKK,LKR,indicative,27.8055
2020-06-01,EGP,LKR,indicative,11.7073
2020-06-01,EUR,LKR,indicative,207.2731
2020-06-01,GBP,LKR,indicative,230.9974
2020-06-01,GHS,LKR,indicative,32.1773
2020-06-01,HKD,LKR,indicative,24.0121
2020-06-01,HUF,LKR,indicative,0.5977
2020-06-01,IDR,LKR,indicative,0.0127
2020-06-01,INR,LKR,indicative,2.4702
2020-06-01,IRR,LKR,indicative,0.0044
2020-06-01,JOD,LKR,indicative,262.5467
2020-06-01,JPY,LKR,indicative,1.7288
2020-06-01,KES,LKR,indicative,1.7429
2020-06-01,KRW,LKR,indicative,0.1516
2020-06-01,KWD,LKR,indicative,603.8787
2020-06-01,MMK,LKR,indicative,0.1329
2020-06-01,MOP,LKR,indicative,23.3002
2020-06-01,MUR,LKR,indicative,4.6299
2020-06-01,MVR,LKR,indicative,12.0405
2020-06-01,MYR,LKR,indicative,42.9947
2020-06-01,NGN,LKR,indicative,0.5164
2020-06-01,NOK,LKR,indicative,19.2727
2020-06-01,NPR,LKR,indicative,1.5385
2020-06-01,NZD,LKR,indicative,116.1549
2020-06-01,OMR,LKR,indicative,483.5013
2020-06-01,PGK,LKR,indicative,53.9822
2020-06-01,PHP,LKR,indicative,3.6904
2020-06-01,PKR,LKR,indicative,1.1455
2020-06-01,PLN,LKR,indicative,46.7051
2020-06-01,QAR,LKR,indicative,51.1143
2020-06-01,RON,LKR,indicative,42.6582
2020-06-01,RUB,LKR,indicative,2.6495
2020-06-01,SAR,LKR,indicative,49.5661
2020-06-01,SBD,LKR,indicative,22.4864
2020-06-01,SCR,LKR,indicative,10.5825
2020-06-01,SEK,LKR,indicative,19.8306
2020-06-01,SGD,LKR,indicative,132.1963
2020-06-01,THB,LKR,indicative,5.8619
2020-06-01,TWD,LKR,indicative,6.216
2020-06-01,USD,LKR,indicative,186.1456
2020-06-01,VND,LKR,indicative,0.008
2020-06-01,XAU,LKR,indicative,323778.8645
2020-06-01,ZAR,LKR,indicative,10.6657
2020-06-01,ZMW,LKR,indicative,10.1588
2020-06-02,AED,LKR,indicative,50.6687
2020-06-02,AUD,LKR,indicative,126.1478
2020-06-02,BDT,LKR,indicative,2.1924
2020-06-02,BHD,LKR,indicative,492.8856
2020-06-02,BND,LKR,indicative,132.2722
2020-06-02,BRL,LKR,indicative,34.6774
2020-06-02,CAD,LKR,indicative,137.171
2020-06-02,CHF,LKR,indicative,193.5659
2020-06-02,CNH,LKR,indicative,26.0959
2020-06-02,CNY,LKR,indicative,26.1311
2020-06-02,CZK,LKR,indicative,7.7376
2020-06-02,DKK,LKR,indicative,27.761
2020-06-02,EGP,LKR,indicative,11.6832
2020-06-02,EUR,LKR,indicative,206.9769
2020-06-02,GBP,LKR,indicative,232.3628
2020-06-02,GHS,LKR,indicative,32.2554
2020-06-02,HKD,LKR,indicative,24.0114
2020-06-02,HUF,LKR,indicative,0.5999
2020-06-02,IDR,LKR,indicative,0.0129
2020-06-02,INR,LKR,indicative,2.4633
2020-06-02,IRR,LKR,indicative,0.0044
2020-06-02,JOD,LKR,indicative,262.5016
2020-06-02,JPY,LKR,indicative,1.7288
2020-06-02,KES,LKR,indicative,1.7426
2020-06-02,KRW,LKR,indicative,0.1519
2020-06-02,KWD,LKR,indicative,604.0688
2020-06-02,MMK,LKR,indicative,0.1331
2020-06-02,MOP,LKR,indicative,23.3006
2020-06-02,MUR,LKR,indicative,4.6239
2020-06-02,MVR,LKR,indicative,12.0384
2020-06-02,MYR,LKR,indicative,43.3326
2020-06-02,NGN,LKR,indicative,0.5163
2020-06-02,NOK,LKR,indicative,19.3074
2020-06-02,NPR,LKR,indicative,1.5398
2020-06-02,NZD,LKR,indicative,116.8049
2020-06-02,OMR,LKR,indicative,483.4433
2020-06-02,PGK,LKR,indicative,53.7868
2020-06-02,PHP,LKR,indicative,3.6938
2020-06-02,PKR,LKR,indicative,1.1374
2020-06-02,PLN,LKR,indicative,47.0085
2020-06-02,QAR,LKR,indicative,51.1161
2020-06-02,RON,LKR,indicative,42.6426
2020-06-02,RUB,LKR,indicative,2.6931
2020-06-02,SAR,LKR,indicative,49.5774
2020-06-02,SBD,LKR,indicative,22.5384
2020-06-02,SCR,LKR,indicative,10.5806
2020-06-02,SEK,LKR,indicative,19.8531
2020-06-02,SGD,LKR,indicative,132.2722
2020-06-02,THB,LKR,indicative,5.8859
2020-06-02,TWD,LKR,indicative,6.2212
2020-06-02,USD,LKR,indicative,186.1136
2020-06-02,VND,LKR,indicative,0.008
2020-06-02,XAU,LKR,indicative,323771.5192
2020-06-02,ZAR,LKR,indicative,10.6864
2020-06-02,ZMW,LKR,indicative,10.1303
2020-06-03,AED,LKR,indicative,50.6004
2020-06-03,AUD,LKR,indicative,128.775
2020-06-03,BDT,LKR,indicative,2.1891
2020-06-03,BHD,LKR,indicative,492.2214
2020-06-03,BND,LKR,indicative,132.8398
2020-06-03,BRL,LKR,indicative,35.7384
2020-06-03,CAD,LKR,indicative,137.5641
2020-06-03,CHF,LKR,indicative,193.2849
2020-06-03,CNH,LKR,indicative,26.1263
2020-06-03,CNY,LKR,indicative,26.1477
2020-06-03,CZK,LKR,indicative,7.8235
2020-06-03,DKK,LKR,indicative,27.886
2020-06-03,EGP,LKR,indicative,11.6128
2020-06-03,EUR,LKR,indicative,207.8968
2020-06-03,GBP,LKR,indicative,233.676
2020-06-03,GHS,LKR,indicative,32.184
2020-06-03,HKD,LKR,indicative,23.9806
2020-06-03,HUF,LKR,indicative,0.6022
2020-06-03,IDR,LKR,indicative,0.0131
2020-06-03,INR,LKR,indicative,2.4768
2020-06-03,IRR,LKR,indicative,0.0044
2020-06-03,JOD,LKR,indicative,262.1478
2020-06-03,JPY,LKR,indicative,1.7139
2020-06-03,KES,LKR,indicative,1.7468
2020-06-03,KRW,LKR,indicative,0.1526
2020-06-03,KWD,LKR,indicative,603.2548
2020-06-03,MMK,LKR,indicative,0.133
2020-06-03,MOP,LKR,indicative,23.2707
2020-06-03,MUR,LKR,indicative,4.6817
2020-06-03,MVR,LKR,indicative,12.0222
2020-06-03,MYR,LKR,indicative,43.5939
2020-06-03,NGN,LKR,indicative,0.5156
2020-06-03,NOK,LKR,indicative,19.5397
2020-06-03,NPR,LKR,indicative,1.5413
2020-06-03,NZD,LKR,indicative,118.9615
2020-06-03,OMR,LKR,indicative,482.7919
2020-06-03,PGK,LKR,indicative,53.7143
2020-06-03,PHP,LKR,indicative,3.7008
2020-06-03,PKR,LKR,indicative,1.1234
2020-06-03,PLN,LKR,indicative,47.4818
2020-06-03,QAR,LKR,indicative,51.0472
2020-06-03,RON,LKR,indicative,43.0293
2020-06-03,RUB,LKR,indicative,2.7089
2020-06-03,SAR,LKR,indicative,49.5172
2020-06-03,SBD,LKR,indicative,22.5823
2020-06-03,SCR,LKR,indicative,10.5664
2020-06-03,SEK,LKR,indicative,19.9767
2020-06-03,SGD,LKR,indicative,132.8398
2020-06-03,THB,LKR,indicative,5.8911
2020-06-03,TWD,LKR,indicative,6.2099
2020-06-03,USD,LKR,indicative,185.8628
2020-06-03,VND,LKR,indicative,0.008
2020-06-03,XAU,LKR,indicative,320945.1601
2020-06-03,ZAR,LKR,indicative,10.8638
2020-06-03,ZMW,LKR,indicative,10.3689
2020-06-04,AED,LKR,indicative,50.5816
2020-06-04,AUD,LKR,indicative,128.1885
2020-06-04,BDT,LKR,indicative,2.1879
2020-06-04,BHD,LKR,indicative,492.0389
2020-06-04,BND,LKR,indicative,132.6578
2020-06-04,BRL,LKR,indicative,36.6971
2020-06-04,CAD,LKR,indicative,137.5029
2020-06-04,CHF,LKR,indicative,193.153
2020-06-04,CNH,LKR,indicative,26.0529
2020-06-04,CNY,LKR,indicative,26.0655
2020-06-04,CZK,LKR,indicative,7.8269
2020-06-04,DKK,LKR,indicative,27.9614
2020-06-04,EGP,LKR,indicative,11.5543
2020-06-04,EUR,LKR,indicative,208.4422
2020-06-04,GBP,LKR,indicative,232.967
2020-06-04,GHS,LKR,indicative,32.2
2020-06-04,HKD,LKR,indicative,23.972
2020-06-04,HUF,LKR,indicative,0.6038
2020-06-04,IDR,LKR,indicative,0.0131
2020-06-04,INR,LKR,indicative,2.4619
2020-06-04,IRR,LKR,indicative,0.0044
2020-06-04,JOD,LKR,indicative,262.0506
2020-06-04,JPY,LKR,indicative,1.7056
2020-06-04,KES,LKR,indicative,1.7495
2020-06-04,KRW,LKR,indicative,0.1526
2020-06-04,KWD,LKR,indicative,603.0312
2020-06-04,MMK,LKR,indicative,0.1328
2020-06-04,MOP,LKR,indicative,23.262
2020-06-04,MUR,LKR,indicative,4.6799
2020-06-04,MVR,LKR,indicative,12.0177
2020-06-04,MYR,LKR,indicative,43.5013
2020-06-04,NGN,LKR,indicative,0.5154
2020-06-04,NOK,LKR,indicative,19.5977
2020-06-04,NPR,LKR,indicative,1.5387
2020-06-04,NZD,LKR,indicative,119.2611
2020-06-04,OMR,LKR,indicative,482.6129
2020-06-04,PGK,LKR,indicative,53.6944
2020-06-04,PHP,LKR,indicative,3.7174
2020-06-04,PKR,LKR,indicative,1.1329
2020-06-04,PLN,LKR,indicative,47.2548
2020-06-04,QAR,LKR,indicative,51.0178
2020-06-04,RON,LKR,indicative,43.1727
2020-06-04,RUB,LKR,indicative,2.714
2020-06-04,SAR,LKR,indicative,49.4922
2020-06-04,SBD,LKR,indicative,22.574
2020-06-04,SCR,LKR,indicative,10.5625
2020-06-04,SEK,LKR,indicative,19.9665
2020-06-04,SGD,LKR,indicative,132.6578
2020-06-04,THB,LKR,indicative,5.8666
2020-06-04,TWD,LKR,indicative,6.212
2020-06-04,USD,LKR,indicative,185.7939
2020-06-04,VND,LKR,indicative,0.008
2020-06-04,XAU,LKR,indicative,316738.3751
2020-06-04,ZAR,LKR,indicative,10.9553
2020-06-04,ZMW,LKR,indicative,10.3259
2020-06-08,AED,LKR,indicative,50.4964
2020-06-08,AUD,LKR,indicative,129.512
2020-06-08,BDT,LKR,indicative,2.1835
2020-06-08,BHD,LKR,indicative,491.2097
2020-06-08,BND,LKR,indicative,133.1855
2020-06-08,BRL,LKR,indicative,37.401
2020-06-08,CAD,LKR,indicative,138.1916
2020-06-08,CHF,LKR,indicative,192.7474
2020-06-08,CNH,LKR,indicative,26.1829
2020-06-08,CNY,LKR,indicative,26.1687
2020-06-08,CZK,LKR,indicative,7.8775
2020-06-08,DKK,LKR,indicative,28.101
2020-06-08,EGP,LKR,indicative,11.4353
2020-06-08,EUR,LKR,indicative,209.5284
2020-06-08,GBP,LKR,indicative,235.7275
2020-06-08,GHS,LKR,indicative,32.1457
2020-06-08,HKD,LKR,indicative,23.9325
2020-06-08,HUF,LKR,indicative,0.6094
2020-06-08,IDR,LKR,indicative,0.0134
2020-06-08,INR,LKR,indicative,2.4551
2020-06-08,IRR,LKR,indicative,0.0044
2020-06-08,JOD,LKR,indicative,261.609
2020-06-08,JPY,LKR,indicative,1.6941
2020-06-08,KES,LKR,indicative,1.7473
2020-06-08,KRW,LKR,indicative,0.1541
2020-06-08,KWD,LKR,indicative,602.8955
2020-06-08,MMK,LKR,indicative,0.1323
2020-06-08,MOP,LKR,indicative,23.2199
2020-06-08,MUR,LKR,indicative,4.6603
2020-06-08,MVR,LKR,indicative,11.9975
2020-06-08,MYR,LKR,indicative,43.4636
2020-06-08,NGN,LKR,indicative,0.5145
2020-06-08,NOK,LKR,indicative,19.967
2020-06-08,NPR,LKR,indicative,1.5337
2020-06-08,NZD,LKR,indicative,121.054
2020-06-08,OMR,LKR,indicative,481.7683
2020-06-08,PGK,LKR,indicative,53.604
2020-06-08,PHP,LKR,indicative,3.7208
2020-06-08,PKR,LKR,indicative,1.1358
2020-06-08,PLN,LKR,indicative,47.243
2020-06-08,QAR,LKR,indicative,50.9423
2020-06-08,RON,LKR,indicative,43.4026
2020-06-08,RUB,LKR,indicative,2.709
2020-06-08,SAR,LKR,indicative,49.3944
2020-06-08,SBD,LKR,indicative,22.2948
2020-06-08,SCR,LKR,indicative,10.5447
2020-06-08,SEK,LKR,indicative,20.2147
2020-06-08,SGD,LKR,indicative,133.1855
2020-06-08,THB,LKR,indicative,5.8892
2020-06-08,TWD,LKR,indicative,6.234
2020-06-08,USD,LKR,indicative,185.4808
2020-06-08,VND,LKR,indicative,0.008
2020-06-08,XAU,LKR,indicative,312995.6876
2020-06-08,ZAR,LKR,indicative,11.0355
2020-06-08,ZMW,LKR,indicative,10.1309
2020-06-09,AED,LKR,indicative,50.3849
2020-06-09,AUD,LKR,indicative,129.4297
2020-06-09,BDT,LKR,indicative,2.1771
2020-06-09,BHD,LKR,indicative,490.1255
2020-06-09,BND,LKR,indicative,133.1209
2020-06-09,BRL,LKR,indicative,38.3731
2020-06-09,CAD,LKR,indicative,138.2161
2020-06-09,CHF,LKR,indicative,193.1549
2020-06-09,CNH,LKR,indicative,26.1626
2020-06-09,CNY,LKR,indicative,26.1424
2020-06-09,CZK,LKR,indicative,7.8503
2020-06-09,DKK,LKR,indicative,28.0157
2020-06-09,EGP,LKR,indicative,11.4383
2020-06-09,EUR,LKR,indicative,208.8531
2020-06-09,GBP,LKR,indicative,235.2813
2020-06-09,GHS,LKR,indicative,31.9916
2020-06-09,HKD,LKR,indicative,23.8794
2020-06-09,HUF,LKR,indicative,0.6079
2020-06-09,IDR,LKR,indicative,0.0133
2020-06-09,INR,LKR,indicative,2.4513
2020-06-09,IRR,LKR,indicative,0.0044
2020-06-09,JOD,LKR,indicative,261.0316
2020-06-09,JPY,LKR,indicative,1.7112
2020-06-09,KES,LKR,indicative,1.741
2020-06-09,KRW,LKR,indicative,0.1544
2020-06-09,KWD,LKR,indicative,600.7836
2020-06-09,MMK,LKR,indicative,0.1317
2020-06-09,MOP,LKR,indicative,23.1687
2020-06-09,MUR,LKR,indicative,4.6147
2020-06-09,MVR,LKR,indicative,11.971
2020-06-09,MYR,LKR,indicative,43.444
2020-06-09,NGN,LKR,indicative,0.5134
2020-06-09,NOK,LKR,indicative,19.9578
2020-06-09,NPR,LKR,indicative,1.5312
2020-06-09,NZD,LKR,indicative,121.1662
2020-06-09,OMR,LKR,indicative,480.7049
2020-06-09,PGK,LKR,indicative,53.4856
2020-06-09,PHP,LKR,indicative,3.7059
2020-06-09,PKR,LKR,indicative,1.1333
2020-06-09,PLN,LKR,indicative,47.2037
2020-06-09,QAR,LKR,indicative,50.8298
2020-06-09,RON,LKR,indicative,43.2157
2020-06-09,RUB,LKR,indicative,2.7154
2020-06-09,SAR,LKR,indicative,49.3261
2020-06-09,SBD,LKR,indicative,22.2456
2020-06-09,SCR,LKR,indicative,10.5214
2020-06-09,SEK,LKR,indicative,20.0864
2020-06-09,SGD,LKR,indicative,133.1209
2020-06-09,THB,LKR,indicative,5.8968
2020-06-09,TWD,LKR,indicative,6.223
2020-06-09,USD,LKR,indicative,185.0714
2020-06-09,VND,LKR,indicative,0.008
2020-06-09,XAU,LKR,indicative,314088.2911
2020-06-09,ZAR,LKR,indicative,11.0603
2020-06-09,ZMW,LKR,indicative,10.0975
2020-06-10,AED,LKR,indicative,50.3888
2020-06-10,AUD,LKR,indicative,128.7826
2020-06-10,BDT,LKR,indicative,2.1795
2020-06-10,BHD,LKR,indicative,490.1631
2020-06-10,BND,LKR,indicative,133.2702
2020-06-10,BRL,LKR,indicative,37.7718
2020-06-10,CAD,LKR,indicative,138.0721
2020-06-10,CHF,LKR,indicative,194.5403
2020-06-10,CNH,LKR,indicative,26.179
2020-06-10,CNY,LKR,indicative,26.1723
2020-06-10,CZK,LKR,indicative,7.9063
2020-06-10,DKK,LKR,indicative,28.154
2020-06-10,EGP,LKR,indicative,11.4321
2020-06-10,EUR,LKR,indicative,209.8871
2020-06-10,GBP,LKR,indicative,235.5955
2020-06-10,GHS,LKR,indicative,32.0495
2020-06-10,HKD,LKR,indicative,23.8816
2020-06-10,HUF,LKR,indicative,0.6097
2020-06-10,IDR,LKR,indicative,0.0133
2020-06-10,INR,LKR,indicative,2.4533
2020-06-10,IRR,LKR,indicative,0.0044
2020-06-10,JOD,LKR,indicative,261.0516
2020-06-10,JPY,LKR,indicative,1.7178
2020-06-10,KES,LKR,indicative,1.7387
2020-06-10,KRW,LKR,indicative,0.1551
2020-06-10,KWD,LKR,indicative,601.181
2020-06-10,MMK,LKR,indicative,0.1323
2020-06-10,MOP,LKR,indicative,23.1705
2020-06-10,MUR,LKR,indicative,4.6557
2020-06-10,MVR,LKR,indicative,11.9719
2020-06-10,MYR,LKR,indicative,43.3456
2020-06-10,NGN,LKR,indicative,0.5134
2020-06-10,NOK,LKR,indicative,19.9581
2020-06-10,NPR,LKR,indicative,1.5298
2020-06-10,NZD,LKR,indicative,120.6018
2020-06-10,OMR,LKR,indicative,480.7418
2020-06-10,PGK,LKR,indicative,53.4897
2020-06-10,PHP,LKR,indicative,3.7054
2020-06-10,PKR,LKR,indicative,1.1286
2020-06-10,PLN,LKR,indicative,47.2103
2020-06-10,QAR,LKR,indicative,50.8337
2020-06-10,RON,LKR,indicative,43.4305
2020-06-10,RUB,LKR,indicative,2.6994
2020-06-10,SAR,LKR,indicative,49.3299
2020-06-10,SBD,LKR,indicative,22.2473
2020-06-10,SCR,LKR,indicative,10.5222
2020-06-10,SEK,LKR,indicative,20.1224
2020-06-10,SGD,LKR,indicative,133.2702
2020-06-10,THB,LKR,indicative,5.9208
2020-06-10,TWD,LKR,indicative,6.2262
2020-06-10,USD,LKR,indicative,185.0856
2020-06-10,VND,LKR,indicative,0.008
2020-06-10,XAU,LKR,indicative,317878.5953
2020-06-10,ZAR,LKR,indicative,11.1433
2020-06-10,ZMW,LKR,indicative,10.1564
2020-06-11,AED,LKR,indicative,50.3956
2020-06-11,AUD,LKR,indicative,129.1795
2020-06-11,BDT,LKR,indicative,2.1806
2020-06-11,BHD,LKR,indicative,490.2296
2020-06-11,BND,LKR,indicative,133.823
2020-06-11,BRL,LKR,indicative,37.2157
2020-06-11,CAD,LKR,indicative,137.9673
2020-06-11,CHF,LKR,indicative,196.2582
2020-06-11,CNH,LKR,indicative,26.2334
2020-06-11,CNY,LKR,indicative,26.212
2020-06-11,CZK,LKR,indicative,7.9314
2020-06-11,DKK,LKR,indicative,28.2808
2020-06-11,EGP,LKR,indicative,11.4336
2020-06-11,EUR,LKR,indicative,210.7948
2020-06-11,GBP,LKR,indicative,235.8495
2020-06-11,GHS,LKR,indicative,32.0261
2020-06-11,HKD,LKR,indicative,23.8836
2020-06-11,HUF,LKR,indicative,0.6134
2020-06-11,IDR,LKR,indicative,0.0133
2020-06-11,INR,LKR,indicative,2.4487
2020-06-11,IRR,LKR,indicative,0.0044
2020-06-11,JOD,LKR,indicative,261.087
2020-06-11,JPY,LKR,indicative,1.7299
2020-06-11,KES,LKR,indicative,1.7373
2020-06-11,KRW,LKR,indicative,0.1556
2020-06-11,KWD,LKR,indicative,601.986
2020-06-11,MMK,LKR,indicative,0.1324
2020-06-11,MOP,LKR,indicative,23.1765
2020-06-11,MUR,LKR,indicative,4.622
2020-06-11,MVR,LKR,indicative,11.9735
2020-06-11,MYR,LKR,indicative,43.6376
2020-06-11,NGN,LKR,indicative,0.5135
2020-06-11,NOK,LKR,indicative,19.8845
2020-06-11,NPR,LKR,indicative,1.5305
2020-06-11,NZD,LKR,indicative,120.9051
2020-06-11,OMR,LKR,indicative,480.8195
2020-06-11,PGK,LKR,indicative,53.497
2020-06-11,PHP,LKR,indicative,3.7119
2020-06-11,PKR,LKR,indicative,1.1244
2020-06-11,PLN,LKR,indicative,47.3399
2020-06-11,QAR,LKR,indicative,50.8406
2020-06-11,RON,LKR,indicative,43.6433
2020-06-11,RUB,LKR,indicative,2.705
2020-06-11,SAR,LKR,indicative,49.33
2020-06-11,SBD,LKR,indicative,22.2503
2020-06-11,SCR,LKR,indicative,10.5236
2020-06-11,SEK,LKR,indicative,20.1653
2020-06-11,SGD,LKR,indicative,133.823
2020-06-11,THB,LKR,indicative,5.9926
2020-06-11,TWD,LKR,indicative,6.2647
2020-06-11,USD,LKR,indicative,185.1107
2020-06-11,VND,LKR,indicative,0.008
2020-06-11,XAU,LKR,indicative,320732.4801
2020-06-11,ZAR,LKR,indicative,11.1956
2020-06-11,ZMW,LKR,indicative,10.1989
2020-06-12,AED,LKR,indicative,50.4111
2020-06-12,AUD,LKR,indicative,126.414
2020-06-12,BDT,LKR,indicative,2.1799
2020-06-12,BHD,LKR,indicative,490.3806
2020-06-12,BND,LKR,indicative,132.9416
2020-06-12,BRL,LKR,indicative,37.2084
2020-06-12,CAD,LKR,indicative,135.863
2020-06-12,CHF,LKR,indicative,196.1003
2020-06-12,CNH,LKR,indicative,26.142
2020-06-12,CNY,LKR,indicative,26.1302
2020-06-12,CZK,LKR,indicative,7.8237
2020-06-12,DKK,LKR,indicative,28.0523
2020-06-12,EGP,LKR,indicative,11.4442
2020-06-12,EUR,LKR,indicative,209.1099
2020-06-12,GBP,LKR,indicative,232.6632
2020-06-12,GHS,LKR,indicative,31.898
2020-06-12,HKD,LKR,indicative,23.8915
2020-06-12,HUF,LKR,indicative,0.604
2020-06-12,IDR,LKR,indicative,0.013
2020-06-12,INR,LKR,indicative,2.4295
2020-06-12,IRR,LKR,indicative,0.0044
2020-06-12,JOD,LKR,indicative,261.1674
2020-06-12,JPY,LKR,indicative,1.7332
2020-06-12,KES,LKR,indicative,1.7395
2020-06-12,KRW,LKR,indicative,0.1534
2020-06-12,KWD,LKR,indicative,602.1714
2020-06-12,MMK,LKR,indicative,0.1323
2020-06-12,MOP,LKR,indicative,23.1836
2020-06-12,MUR,LKR,indicative,4.6583
2020-06-12,MVR,LKR,indicative,11.9772
2020-06-12,MYR,LKR,indicative,43.3141
2020-06-12,NGN,LKR,indicative,0.5136
2020-06-12,NOK,LKR,indicative,19.1997
2020-06-12,NPR,LKR,indicative,1.5271
2020-06-12,NZD,LKR,indicative,118.8406
2020-06-12,OMR,LKR,indicative,480.9676
2020-06-12,PGK,LKR,indicative,53.5135
2020-06-12,PHP,LKR,indicative,3.6842
2020-06-12,PKR,LKR,indicative,1.126
2020-06-12,PLN,LKR,indicative,46.7306
2020-06-12,QAR,LKR,indicative,50.8563
2020-06-12,RON,LKR,indicative,43.2584
2020-06-12,RUB,LKR,indicative,2.6343
2020-06-12,SAR,LKR,indicative,49.3517
2020-06-12,SBD,LKR,indicative,22.2572
2020-06-12,SCR,LKR,indicative,10.5269
2020-06-12,SEK,LKR,indicative,19.8332
2020-06-12,SGD,LKR,indicative,132.9416
2020-06-12,THB,LKR,indicative,5.9453
2020-06-12,TWD,LKR,indicative,6.2386
2020-06-12,USD,LKR,indicative,185.1677
2020-06-12,VND,LKR,indicative,0.008
2020-06-12,XAU,LKR,indicative,319553.7878
2020-06-12,ZAR,LKR,indicative,10.7423
2020-06-12,ZMW,LKR,indicative,10.1378
2020-06-15,AED,LKR,indicative,50.4145
2020-06-15,AUD,LKR,indicative,126.6353
2020-06-15,BDT,LKR,indicative,2.18
2020-06-15,BHD,LKR,indicative,490.4129
2020-06-15,BND,LKR,indicative,132.8407
2020-06-15,BRL,LKR,indicative,36.6577
2020-06-15,CAD,LKR,indicative,135.9867
2020-06-15,CHF,LKR,indicative,194.5678
2020-06-15,CNH,LKR,indicative,26.1371
2020-06-15,CNY,LKR,indicative,26.1253
2020-06-15,CZK,LKR,indicative,7.7864
2020-06-15,DKK,LKR,indicative,27.9692
2020-06-15,EGP,LKR,indicative,11.4256
2020-06-15,EUR,LKR,indicative,208.5033
2020-06-15,GBP,LKR,indicative,231.8452
2020-06-15,GHS,LKR,indicative,32.0104
2020-06-15,HKD,LKR,indicative,23.8934
2020-06-15,HUF,LKR,indicative,0.601
2020-06-15,IDR,LKR,indicative,0.0132
2020-06-15,INR,LKR,indicative,2.4366
2020-06-15,IRR,LKR,indicative,0.0044
2020-06-15,JOD,LKR,indicative,261.1846
2020-06-15,JPY,LKR,indicative,1.7267
2020-06-15,KES,LKR,indicative,1.7396
2020-06-15,KRW,LKR,indicative,0.1533
2020-06-15,KWD,LKR,indicative,601.8685
2020-06-15,MMK,LKR,indicative,0.1323
2020-06-15,MOP,LKR,indicative,23.1852
2020-06-15,MUR,LKR,indicative,4.6645
2020-06-15,MVR,LKR,indicative,11.978
2020-06-15,MYR,LKR,indicative,43.3474
2020-06-15,NGN,LKR,indicative,0.5137
2020-06-15,NOK,LKR,indicative,19.1452
2020-06-15,NPR,LKR,indicative,1.526
2020-06-15,NZD,LKR,indicative,118.9966
2020-06-15,OMR,LKR,indicative,480.9992
2020-06-15,PGK,LKR,indicative,53.517
2020-06-15,PHP,LKR,indicative,3.6866
2020-06-15,PKR,LKR,indicative,1.1215
2020-06-15,PLN,LKR,indicative,46.8804
2020-06-15,QAR,LKR,indicative,50.8596
2020-06-15,RON,LKR,indicative,43.1202
2020-06-15,RUB,LKR,indicative,2.6521
2020-06-15,SAR,LKR,indicative,49.3418
2020-06-15,SBD,LKR,indicative,22.2586
2020-06-15,SCR,LKR,indicative,10.5276
2020-06-15,SEK,LKR,indicative,19.8192
2020-06-15,SGD,LKR,indicative,132.8407
2020-06-15,THB,LKR,indicative,5.9832
2020-06-15,TWD,LKR,indicative,6.2401
2020-06-15,USD,LKR,indicative,185.1799
2020-06-15,VND,LKR,indicative,0.008
2020-06-15,XAU,LKR,indicative,320777.0485
2020-06-15,ZAR,LKR,indicative,10.7812
2020-06-15,ZMW,LKR,indicative,10.1089
2020-06-16,AED,LKR,indicative,50.5448
2020-06-16,AUD,LKR,indicative,128.9398
2020-06-16,BDT,LKR,indicative,2.1858
2020-06-16,BHD,LKR,indicative,491.6803
2020-06-16,BND,LKR,indicative,133.6201
2020-06-16,BRL,LKR,indicative,36.0086
2020-06-16,CAD,LKR,indicative,137.1084
2020-06-16,CHF,LKR,indicative,195.7184
2020-06-16,CNH,LKR,indicative,26.2535
2020-06-16,CNY,LKR,indicative,26.2285
2020-06-16,CZK,LKR,indicative,7.9084
2020-06-16,DKK,LKR,indicative,28.2201
2020-06-16,EGP,LKR,indicative,11.4675
2020-06-16,EUR,LKR,indicative,210.4068
2020-06-16,GBP,LKR,indicative,234.7095
2020-06-16,GHS,LKR,indicative,32.0654
2020-06-16,HKD,LKR,indicative,23.9555
2020-06-16,HUF,LKR,indicative,0.6087
2020-06-16,IDR,LKR,indicative,0.0132
2020-06-16,INR,LKR,indicative,2.447
2020-06-16,IRR,LKR,indicative,0.0044
2020-06-16,JOD,LKR,indicative,261.8597
2020-06-16,JPY,LKR,indicative,1.7291
2020-06-16,KES,LKR,indicative,1.7408
2020-06-16,KRW,LKR,indicative,0.1538
2020-06-16,KWD,LKR,indicative,603.0223
2020-06-16,MMK,LKR,indicative,0.1326
2020-06-16,MOP,LKR,indicative,23.2451
2020-06-16,MUR,LKR,indicative,4.6707
2020-06-16,MVR,LKR,indicative,12.009
2020-06-16,MYR,LKR,indicative,43.5052
2020-06-16,NGN,LKR,indicative,0.515
2020-06-16,NOK,LKR,indicative,19.5348
2020-06-16,NPR,LKR,indicative,1.5263
2020-06-16,NZD,LKR,indicative,120.4367
2020-06-16,OMR,LKR,indicative,482.2424
2020-06-16,PGK,LKR,indicative,53.6553
2020-06-16,PHP,LKR,indicative,3.6999
2020-06-16,PKR,LKR,indicative,1.1249
2020-06-16,PLN,LKR,indicative,47.6561
2020-06-16,QAR,LKR,indicative,50.9911
2020-06-16,RON,LKR,indicative,43.5118
2020-06-16,RUB,LKR,indicative,2.6672
2020-06-16,SAR,LKR,indicative,49.4825
2020-06-16,SBD,LKR,indicative,22.3162
2020-06-16,SCR,LKR,indicative,10.5548
2020-06-16,SEK,LKR,indicative,20.0309
2020-06-16,SGD,LKR,indicative,133.6201
2020-06-16,THB,LKR,indicative,5.9851
2020-06-16,TWD,LKR,indicative,6.2672
2020-06-16,USD,LKR,indicative,185.6585
2020-06-16,VND,LKR,indicative,0.008
2020-06-16,XAU,LKR,indicative,321340.5167
2020-06-16,ZAR,LKR,indicative,10.8811
2020-06-16,ZMW,LKR,indicative,10.2898
2020-06-17,AED,LKR,indicative,50.6253
2020-06-17,AUD,LKR,indicative,127.5461
2020-06-17,BDT,LKR,indicative,2.1898
2020-06-17,BHD,LKR,indicative,492.464
2020-06-17,BND,LKR,indicative,133.2386
2020-06-17,BRL,LKR,indicative,35.457
2020-06-17,CAD,LKR,indicative,137.0991
2020-06-17,CHF,LKR,indicative,195.4534
2020-06-17,CNH,LKR,indicative,26.2292
2020-06-17,CNY,LKR,indicative,26.2076
2020-06-17,CZK,LKR,indicative,7.8693
2020-06-17,DKK,LKR,indicative,28.0777
2020-06-17,EGP,LKR,indicative,11.4929
2020-06-17,EUR,LKR,indicative,209.3661
2020-06-17,GBP,LKR,indicative,233.3728
2020-06-17,GHS,LKR,indicative,32.1026
2020-06-17,HKD,LKR,indicative,23.9933
2020-06-17,HUF,LKR,indicative,0.6065
2020-06-17,IDR,LKR,indicative,0.0132
2020-06-17,INR,LKR,indicative,2.4376
2020-06-17,IRR,LKR,indicative,0.0044
2020-06-17,JOD,LKR,indicative,262.277
2020-06-17,JPY,LKR,indicative,1.7334
2020-06-17,KES,LKR,indicative,1.7469
2020-06-17,KRW,LKR,indicative,0.1527
2020-06-17,KWD,LKR,indicative,604.5332
2020-06-17,MMK,LKR,indicative,0.1329
2020-06-17,MOP,LKR,indicative,23.2792
2020-06-17,MUR,LKR,indicative,4.6373
2020-06-17,MVR,LKR,indicative,12.0281
2020-06-17,MYR,LKR,indicative,43.4625
2020-06-17,NGN,LKR,indicative,0.5158
2020-06-17,NOK,LKR,indicative,19.3723
2020-06-17,NPR,LKR,indicative,1.5249
2020-06-17,NZD,LKR,indicative,119.6803
2020-06-17,OMR,LKR,indicative,482.9984
2020-06-17,PGK,LKR,indicative,53.7408
2020-06-17,PHP,LKR,indicative,3.7049
2020-06-17,PKR,LKR,indicative,1.1248
2020-06-17,PLN,LKR,indicative,46.9049
2020-06-17,QAR,LKR,indicative,51.0723
2020-06-17,RON,LKR,indicative,43.3031
2020-06-17,RUB,LKR,indicative,2.6694
2020-06-17,SAR,LKR,indicative,49.568
2020-06-17,SBD,LKR,indicative,22.3517
2020-06-17,SCR,LKR,indicative,10.5716
2020-06-17,SEK,LKR,indicative,19.7961
2020-06-17,SGD,LKR,indicative,133.2386
2020-06-17,THB,LKR,indicative,5.9639
2020-06-17,TWD,LKR,indicative,6.2741
2020-06-17,USD,LKR,indicative,185.9544
2020-06-17,VND,LKR,indicative,0.008
2020-06-17,XAU,LKR,indicative,320746.0316
2020-06-17,ZAR,LKR,indicative,10.7759
2020-06-17,ZMW,LKR,indicative,10.2358
2020-06-18,AED,LKR,indicative,50.8033
2020-06-18,AUD,LKR,indicative,127.8733
2020-06-18,BDT,LKR,indicative,2.1969
2020-06-18,BHD,LKR,indicative,494.1954
2020-06-18,BND,LKR,indicative,133.8173
2020-06-18,BRL,LKR,indicative,35.6865
2020-06-18,CAD,LKR,indicative,137.3331
2020-06-18,CHF,LKR,indicative,196.5745
2020-06-18,CNH,LKR,indicative,26.3552
2020-06-18,CNY,LKR,indicative,26.3338
2020-06-18,CZK,LKR,indicative,7.8774
2020-06-18,DKK,LKR,indicative,28.1242
2020-06-18,EGP,LKR,indicative,11.5333
2020-06-18,EUR,LKR,indicative,209.673
2020-06-18,GBP,LKR,indicative,233.8761
2020-06-18,GHS,LKR,indicative,32.2294
2020-06-18,HKD,LKR,indicative,24.0774
2020-06-18,HUF,LKR,indicative,0.608
2020-06-18,IDR,LKR,indicative,0.0133
2020-06-18,INR,LKR,indicative,2.4473
2020-06-18,IRR,LKR,indicative,0.0044
2020-06-18,JOD,LKR,indicative,263.1992
2020-06-18,JPY,LKR,indicative,1.7472
2020-06-18,KES,LKR,indicative,1.7555
2020-06-18,KRW,LKR,indicative,0.1536
2020-06-18,KWD,LKR,indicative,606.6784
2020-06-18,MMK,LKR,indicative,0.1335
2020-06-18,MOP,LKR,indicative,23.3611
2020-06-18,MUR,LKR,indicative,4.6945
2020-06-18,MVR,LKR,indicative,12.0704
2020-06-18,MYR,LKR,indicative,43.6153
2020-06-18,NGN,LKR,indicative,0.5176
2020-06-18,NOK,LKR,indicative,19.5187
2020-06-18,NPR,LKR,indicative,1.5315
2020-06-18,NZD,LKR,indicative,120.0637
2020-06-18,OMR,LKR,indicative,484.6966
2020-06-18,PGK,LKR,indicative,53.23
2020-06-18,PHP,LKR,indicative,3.7287
2020-06-18,PKR,LKR,indicative,1.1265
2020-06-18,PLN,LKR,indicative,46.9679
2020-06-18,QAR,LKR,indicative,51.2414
2020-06-18,RON,LKR,indicative,43.3509
2020-06-18,RUB,LKR,indicative,2.6726
2020-06-18,SAR,LKR,indicative,49.7449
2020-06-18,SBD,LKR,indicative,22.7195
2020-06-18,SCR,LKR,indicative,10.6088
2020-06-18,SEK,LKR,indicative,19.9696
2020-06-18,SGD,LKR,indicative,133.8173
2020-06-18,THB,LKR,indicative,5.9897
2020-06-18,TWD,LKR,indicative,6.3048
2020-06-18,USD,LKR,indicative,186.6082
2020-06-18,VND,LKR,indicative,0.008
2020-06-18,XAU,LKR,indicative,321891.5874
2020-06-18,ZAR,LKR,indicative,10.8182
2020-06-18,ZMW,LKR,indicative,10.2391
2020-06-19,AED,LKR,indicative,50.7919
2020-06-19,AUD,LKR,indicative,127.8223
2020-06-19,BDT,LKR,indicative,2.1977
2020-06-19,BHD,LKR,indicative,494.7258
2020-06-19,BND,LKR,indicative,133.7691
2020-06-19,BRL,LKR,indicative,34.6897
2020-06-19,CAD,LKR,indicative,137.1521
2020-06-19,CHF,LKR,indicative,196.1117
2020-06-19,CNH,LKR,indicative,26.3473
2020-06-19,CNY,LKR,indicative,26.3146
2020-06-19,CZK,LKR,indicative,7.8371
2020-06-19,DKK,LKR,indicative,28.0383
2020-06-19,EGP,LKR,indicative,11.5304
2020-06-19,EUR,LKR,indicative,209.0697
2020-06-19,GBP,LKR,indicative,231.6996
2020-06-19,GHS,LKR,indicative,32.1657
2020-06-19,HKD,LKR,indicative,24.0719
2020-06-19,HUF,LKR,indicative,0.6042
2020-06-19,IDR,LKR,indicative,0.0132
2020-06-19,INR,LKR,indicative,2.4437
2020-06-19,IRR,LKR,indicative,0.0044
2020-06-19,JOD,LKR,indicative,263.1327
2020-06-19,JPY,LKR,indicative,1.7446
2020-06-19,KES,LKR,indicative,1.755
2020-06-19,KRW,LKR,indicative,0.1538
2020-06-19,KWD,LKR,indicative,606.407
2020-06-19,MMK,LKR,indicative,0.1334
2020-06-19,MOP,LKR,indicative,23.3552
2020-06-19,MUR,LKR,indicative,4.664
2020-06-19,MVR,LKR,indicative,12.0673
2020-06-19,MYR,LKR,indicative,43.589
2020-06-19,NGN,LKR,indicative,0.5175
2020-06-19,NOK,LKR,indicative,19.5643
2020-06-19,NPR,LKR,indicative,1.5313
2020-06-19,NZD,LKR,indicative,119.6136
2020-06-19,OMR,LKR,indicative,484.5743
2020-06-19,PGK,LKR,indicative,53.9162
2020-06-19,PHP,LKR,indicative,3.7184
2020-06-19,PKR,LKR,indicative,1.1262
2020-06-19,PLN,LKR,indicative,46.9809
2020-06-19,QAR,LKR,indicative,51.239
2020-06-19,RON,LKR,indicative,43.1844
2020-06-19,RUB,LKR,indicative,2.6703
2020-06-19,SAR,LKR,indicative,49.7324
2020-06-19,SBD,LKR,indicative,22.4246
2020-06-19,SCR,LKR,indicative,10.6061
2020-06-19,SEK,LKR,indicative,19.792
2020-06-19,SGD,LKR,indicative,133.7691
2020-06-19,THB,LKR,indicative,5.9997
2020-06-19,TWD,LKR,indicative,6.3012
2020-06-19,USD,LKR,indicative,186.5611
2020-06-19,VND,LKR,indicative,0.008
2020-06-19,XAU,LKR,indicative,322063.8597
2020-06-19,ZAR,LKR,indicative,10.6746
2020-06-19,ZMW,LKR,indicative,10.2175
2020-06-22,AED,LKR,indicative,50.8003
2020-06-22,AUD,LKR,indicative,127.7724
2020-06-22,BDT,LKR,indicative,2.1967
2020-06-22,BHD,LKR,indicative,494.1663
2020-06-22,BND,LKR,indicative,133.656
2020-06-22,BRL,LKR,indicative,35.1265
2020-06-22,CAD,LKR,indicative,137.2694
2020-06-22,CHF,LKR,indicative,196.0055
2020-06-22,CNH,LKR,indicative,26.3743
2020-06-22,CNY,LKR,indicative,26.3615
2020-06-22,CZK,LKR,indicative,7.8354
2020-06-22,DKK,LKR,indicative,28.0123
2020-06-22,EGP,LKR,indicative,11.5219
2020-06-22,EUR,LKR,indicative,208.8676
2020-06-22,GBP,LKR,indicative,230.7927
2020-06-22,GHS,LKR,indicative,32.1719
2020-06-22,HKD,LKR,indicative,24.0763
2020-06-22,HUF,LKR,indicative,0.6036
2020-06-22,IDR,LKR,indicative,0.0132
2020-06-22,INR,LKR,indicative,2.4476
2020-06-22,IRR,LKR,indicative,0.0044
2020-06-22,JOD,LKR,indicative,263.1836
2020-06-22,JPY,LKR,indicative,1.7453
2020-06-22,KES,LKR,indicative,1.7554
2020-06-22,KRW,LKR,indicative,0.1538
2020-06-22,KWD,LKR,indicative,606.1303
2020-06-22,MMK,LKR,indicative,0.1341
2020-06-22,MOP,LKR,indicative,23.3597
2020-06-22,MUR,LKR,indicative,4.6649
2020-06-22,MVR,LKR,indicative,12.0697
2020-06-22,MYR,LKR,indicative,43.6459
2020-06-22,NGN,LKR,indicative,0.5176
2020-06-22,NOK,LKR,indicative,19.371
2020-06-22,NPR,LKR,indicative,1.5307
2020-06-22,NZD,LKR,indicative,119.7767
2020-06-22,OMR,LKR,indicative,484.6681
2020-06-22,PGK,LKR,indicative,53.9266
2020-06-22,PHP,LKR,indicative,3.7256
2020-06-22,PKR,LKR,indicative,1.1214
2020-06-22,PLN,LKR,indicative,46.7469
2020-06-22,QAR,LKR,indicative,51.2489
2020-06-22,RON,LKR,indicative,43.0791
2020-06-22,RUB,LKR,indicative,2.6838
2020-06-22,SAR,LKR,indicative,49.7327
2020-06-22,SBD,LKR,indicative,22.429
2020-06-22,SCR,LKR,indicative,10.4772
2020-06-22,SEK,LKR,indicative,19.7473
2020-06-22,SGD,LKR,indicative,133.656
2020-06-22,THB,LKR,indicative,6.0241
2020-06-22,TWD,LKR,indicative,6.3035
2020-06-22,USD,LKR,indicative,186.5972
2020-06-22,VND,LKR,indicative,0.008
2020-06-22,XAU,LKR,indicative,327483.0588
2020-06-22,ZAR,LKR,indicative,10.7606
2020-06-22,ZMW,LKR,indicative,10.2453
2020-06-23,AED,LKR,indicative,50.804
2020-06-23,AUD,LKR,indicative,129.1759
2020-06-23,BDT,LKR,indicative,2.1964
2020-06-23,BHD,LKR,indicative,494.8369
2020-06-23,BND,LKR,indicative,133.9528
2020-06-23,BRL,LKR,indicative,35.5184
2020-06-23,CAD,LKR,indicative,138.0608
2020-06-23,CHF,LKR,indicative,196.8386
2020-06-23,CNH,LKR,indicative,26.399
2020-06-23,CNY,LKR,indicative,26.3703
2020-06-23,CZK,LKR,indicative,7.8809
2020-06-23,DKK,LKR,indicative,28.1993
2020-06-23,EGP,LKR,indicative,11.5329
2020-06-23,EUR,LKR,indicative,210.2269
2020-06-23,GBP,LKR,indicative,232.9925
2020-06-23,GHS,LKR,indicative,32.1729
2020-06-23,HKD,LKR,indicative,24.077
2020-06-23,HUF,LKR,indicative,0.6057
2020-06-23,IDR,LKR,indicative,0.0131
2020-06-23,INR,LKR,indicative,2.4615
2020-06-23,IRR,LKR,indicative,0.0044
2020-06-23,JOD,LKR,indicative,263.1918
2020-06-23,JPY,LKR,indicative,1.7417
2020-06-23,KES,LKR,indicative,1.7538
2020-06-23,KRW,LKR,indicative,0.1543
2020-06-23,KWD,LKR,indicative,606.1491
2020-06-23,MMK,LKR,indicative,0.1339
2020-06-23,MOP,LKR,indicative,23.3604
2020-06-23,MUR,LKR,indicative,4.6361
2020-06-23,MVR,LKR,indicative,12.0701
2020-06-23,MYR,LKR,indicative,43.6396
2020-06-23,NGN,LKR,indicative,0.5176
2020-06-23,NOK,LKR,indicative,19.4524
2020-06-23,NPR,LKR,indicative,1.5341
2020-06-23,NZD,LKR,indicative,120.9001
2020-06-23,OMR,LKR,indicative,484.6831
2020-06-23,PGK,LKR,indicative,53.9283
2020-06-23,PHP,LKR,indicative,3.72
2020-06-23,PKR,LKR,indicative,1.1214
2020-06-23,PLN,LKR,indicative,47.3612
2020-06-23,QAR,LKR,indicative,51.2505
2020-06-23,RON,LKR,indicative,43.4193
2020-06-23,RUB,LKR,indicative,2.6983
2020-06-23,SAR,LKR,indicative,49.7343
2020-06-23,SBD,LKR,indicative,22.4297
2020-06-23,SCR,LKR,indicative,11.4985
2020-06-23,SEK,LKR,indicative,19.9343
2020-06-23,SGD,LKR,indicative,133.9528
2020-06-23,THB,LKR,indicative,6.0282
2020-06-23,TWD,LKR,indicative,6.3039
2020-06-23,USD,LKR,indicative,186.603
2020-06-23,VND,LKR,indicative,0.008
2020-06-23,XAU,LKR,indicative,326796.1545
2020-06-23,ZAR,LKR,indicative,10.7848
2020-06-23,ZMW,LKR,indicative,10.1958
2020-06-24,AED,LKR,indicative,50.82
2020-06-24,AUD,LKR,indicative,129.7725
2020-06-24,BDT,LKR,indicative,2.199
2020-06-24,BHD,LKR,indicative,494.3573
2020-06-24,BND,LKR,indicative,134.5219
2020-06-24,BRL,LKR,indicative,36.2289
2020-06-24,CAD,LKR,indicative,137.8244
2020-06-24,CHF,LKR,indicative,197.7324
2020-06-24,CNH,LKR,indicative,26.4582
2020-06-24,CNY,LKR,indicative,26.4273
2020-06-24,CZK,LKR,indicative,7.9446
2020-06-24,DKK,LKR,indicative,28.3591
2020-06-24,EGP,LKR,indicative,11.5442
2020-06-24,EUR,LKR,indicative,211.3656
2020-06-24,GBP,LKR,indicative,233.794
2020-06-24,GHS,LKR,indicative,32.1844
2020-06-24,HKD,LKR,indicative,24.0862
2020-06-24,HUF,LKR,indicative,0.6052
2020-06-24,IDR,LKR,indicative,0.0132
2020-06-24,INR,LKR,indicative,2.4708
2020-06-24,IRR,LKR,indicative,0.0044
2020-06-24,JOD,LKR,indicative,263.2853
2020-06-24,JPY,LKR,indicative,1.7532
2020-06-24,KES,LKR,indicative,1.7544
2020-06-24,KRW,LKR,indicative,0.1552
2020-06-24,KWD,LKR,indicative,606.7981
2020-06-24,MMK,LKR,indicative,0.1341
2020-06-24,MOP,LKR,indicative,23.3731
2020-06-24,MUR,LKR,indicative,4.6493
2020-06-24,MVR,LKR,indicative,12.0743
2020-06-24,MYR,LKR,indicative,43.65
2020-06-24,NGN,LKR,indicative,0.5178
2020-06-24,NOK,LKR,indicative,19.6631
2020-06-24,NPR,LKR,indicative,1.5422
2020-06-24,NZD,LKR,indicative,121.0644
2020-06-24,OMR,LKR,indicative,484.849
2020-06-24,PGK,LKR,indicative,54.3208
2020-06-24,PHP,LKR,indicative,3.7297
2020-06-24,PKR,LKR,indicative,1.1151
2020-06-24,PLN,LKR,indicative,47.5342
2020-06-24,QAR,LKR,indicative,51.2687
2020-06-24,RON,LKR,indicative,43.6434
2020-06-24,RUB,LKR,indicative,2.7153
2020-06-24,SAR,LKR,indicative,49.7519
2020-06-24,SBD,LKR,indicative,22.4376
2020-06-24,SCR,LKR,indicative,10.6122
2020-06-24,SEK,LKR,indicative,20.1493
2020-06-24,SGD,LKR,indicative,134.5219
2020-06-24,THB,LKR,indicative,6.0421
2020-06-24,TWD,LKR,indicative,6.3172
2020-06-24,USD,LKR,indicative,186.6693
2020-06-24,VND,LKR,indicative,0.008
2020-06-24,XAU,LKR,indicative,330195.4607
2020-06-24,ZAR,LKR,indicative,10.8496
2020-06-24,ZMW,LKR,indicative,10.2605
2020-06-25,AED,LKR,indicative,50.7995
2020-06-25,AUD,LKR,indicative,128.0036
2020-06-25,BDT,LKR,indicative,2.1986
2020-06-25,BHD,LKR,indicative,494.1584
2020-06-25,BND,LKR,indicative,134.0427
2020-06-25,BRL,LKR,indicative,34.8898
2020-06-25,CAD,LKR,indicative,136.7792
2020-06-25,CHF,LKR,indicative,196.7359
2020-06-25,CNH,LKR,indicative,26.3527
2020-06-25,CNY,LKR,indicative,26.3618
2020-06-25,CZK,LKR,indicative,7.8488
2020-06-25,DKK,LKR,indicative,28.1535
2020-06-25,EGP,LKR,indicative,11.5324
2020-06-25,EUR,LKR,indicative,209.8625
2020-06-25,GBP,LKR,indicative,231.6007
2020-06-25,GHS,LKR,indicative,32.227
2020-06-25,HKD,LKR,indicative,24.0756
2020-06-25,HUF,LKR,indicative,0.596
2020-06-25,IDR,LKR,indicative,0.0132
2020-06-25,INR,LKR,indicative,2.4644
2020-06-25,IRR,LKR,indicative,0.0044
2020-06-25,JOD,LKR,indicative,263.1794
2020-06-25,JPY,LKR,indicative,1.7422
2020-06-25,KES,LKR,indicative,1.7529
2020-06-25,KRW,LKR,indicative,0.1546
2020-06-25,KWD,LKR,indicative,606.9091
2020-06-25,MMK,LKR,indicative,0.1348
2020-06-25,MOP,LKR,indicative,23.3593
2020-06-25,MUR,LKR,indicative,4.6474
2020-06-25,MVR,LKR,indicative,12.0695
2020-06-25,MYR,LKR,indicative,43.607
2020-06-25,NGN,LKR,indicative,0.5176
2020-06-25,NOK,LKR,indicative,19.228
2020-06-25,NPR,LKR,indicative,1.5402
2020-06-25,NZD,LKR,indicative,119.6629
2020-06-25,OMR,LKR,indicative,484.6854
2020-06-25,PGK,LKR,indicative,53.9257
2020-06-25,PHP,LKR,indicative,3.7293
2020-06-25,PKR,LKR,indicative,1.112
2020-06-25,PLN,LKR,indicative,47.0698
2020-06-25,QAR,LKR,indicative,51.2375
2020-06-25,RON,LKR,indicative,43.3648
2020-06-25,RUB,LKR,indicative,2.6826
2020-06-25,SAR,LKR,indicative,49.7319
2020-06-25,SBD,LKR,indicative,22.4286
2020-06-25,SCR,LKR,indicative,10.608
2020-06-25,SEK,LKR,indicative,19.8979
2020-06-25,SGD,LKR,indicative,134.0427
2020-06-25,THB,LKR,indicative,6.0347
2020-06-25,TWD,LKR,indicative,6.3164
2020-06-25,USD,LKR,indicative,186.5942
2020-06-25,VND,LKR,indicative,0.008
2020-06-25,XAU,LKR,indicative,328619.2931
2020-06-25,ZAR,LKR,indicative,10.7004
2020-06-25,ZMW,LKR,indicative,10.3262
2020-06-26,AED,LKR,indicative,50.7575
2020-06-26,AUD,LKR,indicative,128.28
2020-06-26,BDT,LKR,indicative,2.1963
2020-06-26,BHD,LKR,indicative,493.75
2020-06-26,BND,LKR,indicative,134.0283
2020-06-26,BRL,LKR,indicative,34.7787
2020-06-26,CAD,LKR,indicative,136.6461
2020-06-26,CHF,LKR,indicative,196.5837
2020-06-26,CNH,LKR,indicative,26.3458
2020-06-26,CNY,LKR,indicative,26.34
2020-06-26,CZK,LKR,indicative,7.8326
2020-06-26,DKK,LKR,indicative,28.0601
2020-06-26,EGP,LKR,indicative,11.5371
2020-06-26,EUR,LKR,indicative,209.1577
2020-06-26,GBP,LKR,indicative,231.5119
2020-06-26,GHS,LKR,indicative,32.2003
2020-06-26,HKD,LKR,indicative,24.0557
2020-06-26,HUF,LKR,indicative,0.5903
2020-06-26,IDR,LKR,indicative,0.0132
2020-06-26,INR,LKR,indicative,2.4683
2020-06-26,IRR,LKR,indicative,0.0044
2020-06-26,JOD,LKR,indicative,262.9619
2020-06-26,JPY,LKR,indicative,1.7395
2020-06-26,KES,LKR,indicative,1.7523
2020-06-26,KRW,LKR,indicative,0.1556
2020-06-26,KWD,LKR,indicative,605.5999
2020-06-26,MMK,LKR,indicative,0.1343
2020-06-26,MOP,LKR,indicative,23.3429
2020-06-26,MUR,LKR,indicative,4.632
2020-06-26,MVR,LKR,indicative,12.0595
2020-06-26,MYR,LKR,indicative,43.5862
2020-06-26,NGN,LKR,indicative,0.5172
2020-06-26,NOK,LKR,indicative,19.308
2020-06-26,NPR,LKR,indicative,1.54
2020-06-26,NZD,LKR,indicative,119.8809
2020-06-26,OMR,LKR,indicative,484.2849
2020-06-26,PGK,LKR,indicative,53.8812
2020-06-26,PHP,LKR,indicative,3.7329
2020-06-26,PKR,LKR,indicative,1.1141
2020-06-26,PLN,LKR,indicative,46.9652
2020-06-26,QAR,LKR,indicative,51.2057
2020-06-26,RON,LKR,indicative,43.2094
2020-06-26,RUB,LKR,indicative,2.6991
2020-06-26,SAR,LKR,indicative,49.6975
2020-06-26,SBD,LKR,indicative,22.7457
2020-06-26,SCR,LKR,indicative,10.5932
2020-06-26,SEK,LKR,indicative,20.009
2020-06-26,SGD,LKR,indicative,134.0283
2020-06-26,THB,LKR,indicative,6.0327
2020-06-26,TWD,LKR,indicative,6.3191
2020-06-26,USD,LKR,indicative,186.44
2020-06-26,VND,LKR,indicative,0.008
2020-06-26,XAU,LKR,indicative,328481.3555
2020-06-26,ZAR,LKR,indicative,10.8659
2020-06-26,ZMW,LKR,indicative,10.3114
2020-06-29,AED,LKR,indicative,50.6698
2020-06-29,AUD,LKR,indicative,128.0956
2020-06-29,BDT,LKR,indicative,2.1936
2020-06-29,BHD,LKR,indicative,492.897
2020-06-29,BND,LKR,indicative,133.6478
2020-06-29,BRL,LKR,indicative,33.9275
2020-06-29,CAD,LKR,indicative,136.3102
2020-06-29,CHF,LKR,indicative,196.4616
2020-06-29,CNH,LKR,indicative,26.3049
2020-06-29,CNY,LKR,indicative,26.2901
2020-06-29,CZK,LKR,indicative,7.8198
2020-06-29,DKK,LKR,indicative,28.0676
2020-06-29,EGP,LKR,indicative,11.4888
2020-06-29,EUR,LKR,indicative,209.2058
2020-06-29,GBP,LKR,indicative,230.2092
2020-06-29,GHS,LKR,indicative,32.1447
2020-06-29,HKD,LKR,indicative,24.0141
2020-06-29,HUF,LKR,indicative,0.589
2020-06-29,IDR,LKR,indicative,0.0131
2020-06-29,INR,LKR,indicative,2.462
2020-06-29,IRR,LKR,indicative,0.0044
2020-06-29,JOD,LKR,indicative,262.5076
2020-06-29,JPY,LKR,indicative,1.7358
2020-06-29,KES,LKR,indicative,1.7476
2020-06-29,KRW,LKR,indicative,0.1551
2020-06-29,KWD,LKR,indicative,604.7698
2020-06-29,MMK,LKR,indicative,0.1345
2020-06-29,MOP,LKR,indicative,23.2997
2020-06-29,MUR,LKR,indicative,4.624
2020-06-29,MVR,LKR,indicative,12.0387
2020-06-29,MYR,LKR,indicative,43.3942
2020-06-29,NGN,LKR,indicative,0.5163
2020-06-29,NOK,LKR,indicative,19.2177
2020-06-29,NPR,LKR,indicative,1.5377
2020-06-29,NZD,LKR,indicative,119.7296
2020-06-29,OMR,LKR,indicative,483.4482
2020-06-29,PGK,LKR,indicative,53.7881
2020-06-29,PHP,LKR,indicative,3.7349
2020-06-29,PKR,LKR,indicative,1.1105
2020-06-29,PLN,LKR,indicative,46.8486
2020-06-29,QAR,LKR,indicative,50.6719
2020-06-29,RON,LKR,indicative,43.1188
2020-06-29,RUB,LKR,indicative,2.667
2020-06-29,SAR,LKR,indicative,49.6116
2020-06-29,SBD,LKR,indicative,22.7064
2020-06-29,SCR,LKR,indicative,10.5749
2020-06-29,SEK,LKR,indicative,20.0067
2020-06-29,SGD,LKR,indicative,133.6478
2020-06-29,THB,LKR,indicative,6.0252
2020-06-29,TWD,LKR,indicative,6.2995
2020-06-29,USD,LKR,indicative,186.1179
2020-06-29,VND,LKR,indicative,0.008
2020-06-29,XAU,LKR,indicative,329045.7733
2020-06-29,ZAR,LKR,indicative,10.7715
2020-06-29,ZMW,LKR,indicative,10.2212
2020-06-30,AED,LKR,indicative,50.7001
2020-06-30,AUD,LKR,indicative,128.1164
2020-06-30,BDT,LKR,indicative,2.1935
2020-06-30,BHD,LKR,indicative,493.1917
2020-06-30,BND,LKR,indicative,133.6701
2020-06-30,BRL,LKR,indicative,34.4633
2020-06-30,CAD,LKR,indicative,136.3218
2020-06-30,CHF,LKR,indicative,195.8349
2020-06-30,CNH,LKR,indicative,26.3559
2020-06-30,CNY,LKR,indicative,26.345
2020-06-30,CZK,LKR,indicative,7.8184
2020-06-30,DKK,LKR,indicative,28.1007
2020-06-30,EGP,LKR,indicative,11.5384
2020-06-30,EUR,LKR,indicative,209.4054
2020-06-30,GBP,LKR,indicative,229.183
2020-06-30,GHS,LKR,indicative,32.1639
2020-06-30,HKD,LKR,indicative,24.0282
2020-06-30,HUF,LKR,indicative,0.588
2020-06-30,IDR,LKR,indicative,0.0131
2020-06-30,INR,LKR,indicative,2.4674
2020-06-30,IRR,LKR,indicative,0.0044
2020-06-30,JOD,LKR,indicative,262.6646
2020-06-30,JPY,LKR,indicative,1.7293
2020-06-30,KES,LKR,indicative,1.7478
2020-06-30,KRW,LKR,indicative,0.1556
2020-06-30,KWD,LKR,indicative,605.0528
2020-06-30,MMK,LKR,indicative,0.1349
2020-06-30,MOP,LKR,indicative,23.3224
2020-06-30,MUR,LKR,indicative,4.6616
2020-06-30,MVR,LKR,indicative,12.0459
2020-06-30,MYR,LKR,indicative,43.4912
2020-06-30,NGN,LKR,indicative,0.5166
2020-06-30,NOK,LKR,indicative,19.2537
2020-06-30,NPR,LKR,indicative,1.5398
2020-06-30,NZD,LKR,indicative,119.6336
2020-06-30,OMR,LKR,indicative,483.7373
2020-06-30,PGK,LKR,indicative,53.8202
2020-06-30,PHP,LKR,indicative,3.7395
2020-06-30,PKR,LKR,indicative,1.1112
2020-06-30,PLN,LKR,indicative,47.0133
2020-06-30,QAR,LKR,indicative,51.1478
2020-06-30,RON,LKR,indicative,43.2342
2020-06-30,RUB,LKR,indicative,2.6562
2020-06-30,SAR,LKR,indicative,49.6479
2020-06-30,SBD,LKR,indicative,22.72
2020-06-30,SCR,LKR,indicative,10.5812
2020-06-30,SEK,LKR,indicative,19.9655
2020-06-30,SGD,LKR,indicative,133.6701
2020-06-30,THB,LKR,indicative,6.0317
2020-06-30,TWD,LKR,indicative,6.3278
2020-06-30,USD,LKR,indicative,186.2292
2020-06-30,VND,LKR,indicative,0.008
2020-06-30,XAU,LKR,indicative,329887.6247
2020-06-30,ZAR,LKR,indicative,10.7906
2020-06-30,ZMW,LKR,indicative,10.2634
2020-07-01,AED,LKR,indicative,50.694
2020-07-01,AUD,LKR,indicative,128.6595
2020-07-01,BDT,LKR,indicative,2.1943
2020-07-01,BHD,LKR,indicative,493.1322
2020-07-01,BND,LKR,indicative,133.6492
2020-07-01,BRL,LKR,indicative,34.0851
2020-07-01,CAD,LKR,indicative,137.2396
2020-07-01,CHF,LKR,indicative,196.7422
2020-07-01,CNH,LKR,indicative,26.3654
2020-07-01,CNY,LKR,indicative,26.3618
2020-07-01,CZK,LKR,indicative,7.8485
2020-07-01,DKK,LKR,indicative,28.0836
2020-07-01,EGP,LKR,indicative,11.5298
2020-07-01,EUR,LKR,indicative,209.3056
2020-07-01,GBP,LKR,indicative,230.6915
2020-07-01,GHS,LKR,indicative,32.1878
2020-07-01,HKD,LKR,indicative,24.0256
2020-07-01,HUF,LKR,indicative,0.5904
2020-07-01,IDR,LKR,indicative,0.013
2020-07-01,INR,LKR,indicative,2.4648
2020-07-01,IRR,LKR,indicative,0.0044
2020-07-01,JOD,LKR,indicative,262.6329
2020-07-01,JPY,LKR,indicative,1.7283
2020-07-01,KES,LKR,indicative,1.7476
2020-07-01,KRW,LKR,indicative,0.1552
2020-07-01,KWD,LKR,indicative,604.7636
2020-07-01,MMK,LKR,indicative,0.1358
2020-07-01,MOP,LKR,indicative,23.3254
2020-07-01,MUR,LKR,indicative,4.6378
2020-07-01,MVR,LKR,indicative,12.0444
2020-07-01,MYR,LKR,indicative,43.491
2020-07-01,NGN,LKR,indicative,0.5165
2020-07-01,NOK,LKR,indicative,19.4168
2020-07-01,NPR,LKR,indicative,1.5413
2020-07-01,NZD,LKR,indicative,120.364
2020-07-01,OMR,LKR,indicative,483.6789
2020-07-01,PGK,LKR,indicative,53.8137
2020-07-01,PHP,LKR,indicative,3.7389
2020-07-01,PKR,LKR,indicative,1.111
2020-07-01,PLN,LKR,indicative,47.1332
2020-07-01,QAR,LKR,indicative,51.1311
2020-07-01,RON,LKR,indicative,43.2767
2020-07-01,RUB,LKR,indicative,2.6151
2020-07-01,SAR,LKR,indicative,49.6419
2020-07-01,SBD,LKR,indicative,22.7172
2020-07-01,SCR,LKR,indicative,10.5799
2020-07-01,SEK,LKR,indicative,19.9825
2020-07-01,SGD,LKR,indicative,133.6492
2020-07-01,THB,LKR,indicative,6.0135
2020-07-01,TWD,LKR,indicative,6.3183
2020-07-01,USD,LKR,indicative,186.2067
2020-07-01,VND,LKR,indicative,0.008
2020-07-01,XAU,LKR,indicative,331816.8853
2020-07-01,ZAR,LKR,indicative,10.7413
2020-07-01,ZMW,LKR,indicative,10.2687
2020-07-02,AED,LKR,indicative,50.7053
2020-07-02,AUD,LKR,indicative,128.8372
2020-07-02,BDT,LKR,indicative,2.1948
2020-07-02,BHD,LKR,indicative,493.2421
2020-07-02,BND,LKR,indicative,133.6502
2020-07-02,BRL,LKR,indicative,35.0242
2020-07-02,CAD,LKR,indicative,136.9774
2020-07-02,CHF,LKR,indicative,196.8277
2020-07-02,CNH,LKR,indicative,26.3503
2020-07-02,CNY,LKR,indicative,26.3513
2020-07-02,CZK,LKR,indicative,7.8807
2020-07-02,DKK,LKR,indicative,28.1369
2020-07-02,EGP,LKR,indicative,11.5503
2020-07-02,EUR,LKR,indicative,209.6689
2020-07-02,GBP,LKR,indicative,232.3912
2020-07-02,GHS,LKR,indicative,32.2787
2020-07-02,HKD,LKR,indicative,24.0306
2020-07-02,HUF,LKR,indicative,0.5945
2020-07-02,IDR,LKR,indicative,0.013
2020-07-02,INR,LKR,indicative,2.4683
2020-07-02,IRR,LKR,indicative,0.0044
2020-07-02,JOD,LKR,indicative,262.6914
2020-07-02,JPY,LKR,indicative,1.7326
2020-07-02,KES,LKR,indicative,1.7496
2020-07-02,KRW,LKR,indicative,0.1551
2020-07-02,KWD,LKR,indicative,605.1932
2020-07-02,MMK,LKR,indicative,0.1368
2020-07-02,MOP,LKR,indicative,23.3306
2020-07-02,MUR,LKR,indicative,4.6388
2020-07-02,MVR,LKR,indicative,12.0471
2020-07-02,MYR,LKR,indicative,43.455
2020-07-02,NGN,LKR,indicative,0.5166
2020-07-02,NOK,LKR,indicative,19.5968
2020-07-02,NPR,LKR,indicative,1.5399
2020-07-02,NZD,LKR,indicative,120.8378
2020-07-02,OMR,LKR,indicative,483.7867
2020-07-02,PGK,LKR,indicative,53.8257
2020-07-02,PHP,LKR,indicative,3.7394
2020-07-02,PKR,LKR,indicative,1.1113
2020-07-02,PLN,LKR,indicative,46.8531
2020-07-02,QAR,LKR,indicative,50.7447
2020-07-02,RON,LKR,indicative,43.307
2020-07-02,RUB,LKR,indicative,2.6355
2020-07-02,SAR,LKR,indicative,49.6556
2020-07-02,SBD,LKR,indicative,22.7595
2020-07-02,SCR,LKR,indicative,10.5823
2020-07-02,SEK,LKR,indicative,20.0164
2020-07-02,SGD,LKR,indicative,133.6502
2020-07-02,THB,LKR,indicative,6.0041
2020-07-02,TWD,LKR,indicative,6.3191
2020-07-02,USD,LKR,indicative,186.2482
2020-07-02,VND,LKR,indicative,0.008
2020-07-02,XAU,LKR,indicative,329584.8147
2020-07-02,ZAR,LKR,indicative,10.9256
2020-07-02,ZMW,LKR,indicative,10.3127
2020-07-03,AED,LKR,indicative,50.6626
2020-07-03,AUD,LKR,indicative,128.8777
2020-07-03,BDT,LKR,indicative,2.1933
2020-07-03,BHD,LKR,indicative,492.8271
2020-07-03,BND,LKR,indicative,133.4228
2020-07-03,BRL,LKR,indicative,34.7192
2020-07-03,CAD,LKR,indicative,137.2356
2020-07-03,CHF,LKR,indicative,196.7973
2020-07-03,CNH,LKR,indicative,26.3259
2020-07-03,CNY,LKR,indicative,26.3362
2020-07-03,CZK,LKR,indicative,7.8687
2020-07-03,DKK,LKR,indicative,28.0836
2020-07-03,EGP,LKR,indicative,11.5441
2020-07-03,EUR,LKR,indicative,209.2785
2020-07-03,GBP,LKR,indicative,231.9444
2020-07-03,GHS,LKR,indicative,32.2516
2020-07-03,HKD,LKR,indicative,24.011
2020-07-03,HUF,LKR,indicative,0.5955
2020-07-03,IDR,LKR,indicative,0.0128
2020-07-03,INR,LKR,indicative,2.4895
2020-07-03,IRR,LKR,indicative,0.0044
2020-07-03,JOD,LKR,indicative,262.4704
2020-07-03,JPY,LKR,indicative,1.7307
2020-07-03,KES,LKR,indicative,1.7441
2020-07-03,KRW,LKR,indicative,0.155
2020-07-03,KWD,LKR,indicative,604.684
2020-07-03,MMK,LKR,indicative,0.137
2020-07-03,MOP,LKR,indicative,23.311
2020-07-03,MUR,LKR,indicative,4.6698
2020-07-03,MVR,LKR,indicative,12.037
2020-07-03,MYR,LKR,indicative,43.4083
2020-07-03,NGN,LKR,indicative,0.5162
2020-07-03,NOK,LKR,indicative,19.5442
2020-07-03,NPR,LKR,indicative,1.5504
2020-07-03,NZD,LKR,indicative,121.22
2020-07-03,OMR,LKR,indicative,483.3797
2020-07-03,PGK,LKR,indicative,53.7804
2020-07-03,PHP,LKR,indicative,3.7469
2020-07-03,PKR,LKR,indicative,1.1103
2020-07-03,PLN,LKR,indicative,46.9235
2020-07-03,QAR,LKR,indicative,51.11
2020-07-03,RON,LKR,indicative,43.2796
2020-07-03,RUB,LKR,indicative,2.6407
2020-07-03,SAR,LKR,indicative,49.6138
2020-07-03,SBD,LKR,indicative,22.7404
2020-07-03,SCR,LKR,indicative,10.9863
2020-07-03,SEK,LKR,indicative,19.9733
2020-07-03,SGD,LKR,indicative,133.4228
2020-07-03,THB,LKR,indicative,5.9798
2020-07-03,TWD,LKR,indicative,6.3189
2020-07-03,USD,LKR,indicative,186.0915
2020-07-03,VND,LKR,indicative,0.008
2020-07-03,XAU,LKR,indicative,330503.1284
2020-07-03,ZAR,LKR,indicative,10.9589
2020-07-03,ZMW,LKR,indicative,10.3528
2020-07-06,AED,LKR,indicative,50.6293
2020-07-06,AUD,LKR,indicative,129.3508
2020-07-06,BDT,LKR,indicative,2.1924
2020-07-06,BHD,LKR,indicative,492.5029
2020-07-06,BND,LKR,indicative,133.3112
2020-07-06,BRL,LKR,indicative,34.9924
2020-07-06,CAD,LKR,indicative,137.2466
2020-07-06,CHF,LKR,indicative,196.9699
2020-07-06,CNH,LKR,indicative,26.3513
2020-07-06,CNY,LKR,indicative,26.3476
2020-07-06,CZK,LKR,indicative,7.8621
2020-07-06,DKK,LKR,indicative,28.1351
2020-07-06,EGP,LKR,indicative,11.55
2020-07-06,EUR,LKR,indicative,209.6151
2020-07-06,GBP,LKR,indicative,232.0615
2020-07-06,GHS,LKR,indicative,31.9535
2020-07-06,HKD,LKR,indicative,23.9955
2020-07-06,HUF,LKR,indicative,0.5938
2020-07-06,IDR,LKR,indicative,0.0129
2020-07-06,INR,LKR,indicative,2.4917
2020-07-06,IRR,LKR,indicative,0.0044
2020-07-06,JOD,LKR,indicative,262.2977
2020-07-06,JPY,LKR,indicative,1.7261
2020-07-06,KES,LKR,indicative,1.7454
2020-07-06,KRW,LKR,indicative,0.1554
2020-07-06,KWD,LKR,indicative,604.1881
2020-07-06,MMK,LKR,indicative,0.136
2020-07-06,MOP,LKR,indicative,23.2956
2020-07-06,MUR,LKR,indicative,4.658
2020-07-06,MVR,LKR,indicative,12.029
2020-07-06,MYR,LKR,indicative,43.4254
2020-07-06,NGN,LKR,indicative,0.5159
2020-07-06,NOK,LKR,indicative,19.6886
2020-07-06,NPR,LKR,indicative,1.5573
2020-07-06,NZD,LKR,indicative,121.7726
2020-07-06,OMR,LKR,indicative,483.0617
2020-07-06,PGK,LKR,indicative,53.5591
2020-07-06,PHP,LKR,indicative,3.7582
2020-07-06,PKR,LKR,indicative,1.1123
2020-07-06,PLN,LKR,indicative,46.9791
2020-07-06,QAR,LKR,indicative,51.0764
2020-07-06,RON,LKR,indicative,43.2386
2020-07-06,RUB,LKR,indicative,2.6066
2020-07-06,SAR,LKR,indicative,49.5785
2020-07-06,SBD,LKR,indicative,22.7254
2020-07-06,SCR,LKR,indicative,10.5664
2020-07-06,SEK,LKR,indicative,20.0149
2020-07-06,SGD,LKR,indicative,133.5361
2020-07-06,THB,LKR,indicative,5.9759
2020-07-06,TWD,LKR,indicative,6.3122
2020-07-06,USD,LKR,indicative,185.9691
2020-07-06,VND,LKR,indicative,0.008
2020-07-06,XAU,LKR,indicative,329730.7739
2020-07-06,ZAR,LKR,indicative,10.9446
2020-07-06,ZMW,LKR,indicative,10.3748
2020-07-07,AED,LKR,indicative,50.602
2020-07-07,AUD,LKR,indicative,129.5504
2020-07-07,BDT,LKR,indicative,2.1885
2020-07-07,BHD,LKR,indicative,492.9548
2020-07-07,BND,LKR,indicative,133.2487
2020-07-07,BRL,LKR,indicative,34.7032
2020-07-07,CAD,LKR,indicative,137.223
2020-07-07,CHF,LKR,indicative,197.2081
2020-07-07,CNH,LKR,indicative,26.5191
2020-07-07,CNY,LKR,indicative,26.5165
2020-07-07,CZK,LKR,indicative,7.8795
2020-07-07,DKK,LKR,indicative,28.2222
2020-07-07,EGP,LKR,indicative,11.5734
2020-07-07,EUR,LKR,indicative,210.2917
2020-07-07,GBP,LKR,indicative,232.3265
2020-07-07,GHS,LKR,indicative,31.9912
2020-07-07,HKD,LKR,indicative,23.9829
2020-07-07,HUF,LKR,indicative,0.5969
2020-07-07,IDR,LKR,indicative,0.0129
2020-07-07,INR,LKR,indicative,2.4904
2020-07-07,IRR,LKR,indicative,0.0044
2020-07-07,JOD,LKR,indicative,262.156
2020-07-07,JPY,LKR,indicative,1.7312
2020-07-07,KES,LKR,indicative,1.7436
2020-07-07,KRW,LKR,indicative,0.1558
2020-07-07,KWD,LKR,indicative,603.8616
2020-07-07,MMK,LKR,indicative,0.1356
2020-07-07,MOP,LKR,indicative,23.2699
2020-07-07,MUR,LKR,indicative,4.6818
2020-07-07,MVR,LKR,indicative,12.0225
2020-07-07,MYR,LKR,indicative,43.5188
2020-07-07,NGN,LKR,indicative,0.5156
2020-07-07,NOK,LKR,indicative,19.7876
2020-07-07,NPR,LKR,indicative,1.5556
2020-07-07,NZD,LKR,indicative,121.874
2020-07-07,OMR,LKR,indicative,482.8007
2020-07-07,PGK,LKR,indicative,53.5302
2020-07-07,PHP,LKR,indicative,3.7628
2020-07-07,PKR,LKR,indicative,1.1172
2020-07-07,PLN,LKR,indicative,47.0851
2020-07-07,QAR,LKR,indicative,51.0488
2020-07-07,RON,LKR,indicative,43.4633
2020-07-07,RUB,LKR,indicative,2.5863
2020-07-07,SAR,LKR,indicative,49.5544
2020-07-07,SBD,LKR,indicative,22.7131
2020-07-07,SCR,LKR,indicative,10.5607
2020-07-07,SEK,LKR,indicative,20.1165
2020-07-07,SGD,LKR,indicative,133.5215
2020-07-07,THB,LKR,indicative,5.9823
2020-07-07,TWD,LKR,indicative,6.3259
2020-07-07,USD,LKR,indicative,185.8686
2020-07-07,VND,LKR,indicative,0.008
2020-07-07,XAU,LKR,indicative,331612.816
2020-07-07,ZAR,LKR,indicative,10.9511
2020-07-07,ZMW,LKR,indicative,10.3692
2020-07-08,AED,LKR,indicative,50.5959
2020-07-08,AUD,LKR,indicative,128.9216
2020-07-08,BDT,LKR,indicative,2.1917
2020-07-08,BHD,LKR,indicative,492.8959
2020-07-08,BND,LKR,indicative,133.2328
2020-07-08,BRL,LKR,indicative,34.5484
2020-07-08,CAD,LKR,indicative,136.6015
2020-07-08,CHF,LKR,indicative,197.1322
2020-07-08,CNH,LKR,indicative,26.4595
2020-07-08,CNY,LKR,indicative,26.4597
2020-07-08,CZK,LKR,indicative,7.841
2020-07-08,DKK,LKR,indicative,28.1193
2020-07-08,EGP,LKR,indicative,11.5937
2020-07-08,EUR,LKR,indicative,209.5232
2020-07-08,GBP,LKR,indicative,233.2372
2020-07-08,GHS,LKR,indicative,32.1812
2020-07-08,HKD,LKR,indicative,23.9799
2020-07-08,HUF,LKR,indicative,0.5911
2020-07-08,IDR,LKR,indicative,0.0129
2020-07-08,INR,LKR,indicative,2.4834
2020-07-08,IRR,LKR,indicative,0.0044
2020-07-08,JOD,LKR,indicative,262.1247
2020-07-08,JPY,LKR,indicative,1.7265
2020-07-08,KES,LKR,indicative,1.7409
2020-07-08,KRW,LKR,indicative,0.1553
2020-07-08,KWD,LKR,indicative,603.7895
2020-07-08,MMK,LKR,indicative,0.1359
2020-07-08,MOP,LKR,indicative,23.2788
2020-07-08,MUR,LKR,indicative,4.6636
2020-07-08,MVR,LKR,indicative,12.0211
2020-07-08,MYR,LKR,indicative,43.4221
2020-07-08,NGN,LKR,indicative,0.5155
2020-07-08,NOK,LKR,indicative,19.5943
2020-07-08,NPR,LKR,indicative,1.5499
2020-07-08,NZD,LKR,indicative,121.5993
2020-07-08,OMR,LKR,indicative,482.743
2020-07-08,PGK,LKR,indicative,53.5238
2020-07-08,PHP,LKR,indicative,3.7484
2020-07-08,PKR,LKR,indicative,1.1114
2020-07-08,PLN,LKR,indicative,46.8257
2020-07-08,QAR,LKR,indicative,51.0427
2020-07-08,RON,LKR,indicative,43.2961
2020-07-08,RUB,LKR,indicative,2.6004
2020-07-08,SAR,LKR,indicative,49.5485
2020-07-08,SBD,LKR,indicative,22.7104
2020-07-08,SCR,LKR,indicative,10.5595
2020-07-08,SEK,LKR,indicative,20.0679
2020-07-08,SGD,LKR,indicative,133.166
2020-07-08,THB,LKR,indicative,5.9366
2020-07-08,TWD,LKR,indicative,6.3139
2020-07-08,USD,LKR,indicative,185.8464
2020-07-08,VND,LKR,indicative,0.008
2020-07-08,XAU,LKR,indicative,333330.5534
2020-07-08,ZAR,LKR,indicative,10.8397
2020-07-08,ZMW,LKR,indicative,10.368
2020-07-09,AED,LKR,indicative,50.5909
2020-07-09,AUD,LKR,indicative,129.5963
2020-07-09,BDT,LKR,indicative,2.1896
2020-07-09,BHD,LKR,indicative,492.8466
2020-07-09,BND,LKR,indicative,133.2194
2020-07-09,BRL,LKR,indicative,34.7748
2020-07-09,CAD,LKR,indicative,137.5178
2020-07-09,CHF,LKR,indicative,198.174
2020-07-09,CNH,LKR,indicative,26.5675
2020-07-09,CNY,LKR,indicative,26.5711
2020-07-09,CZK,LKR,indicative,7.9071
2020-07-09,DKK,LKR,indicative,28.2957
2020-07-09,EGP,LKR,indicative,11.5997
2020-07-09,EUR,LKR,indicative,210.7659
2020-07-09,GBP,LKR,indicative,234.3289
2020-07-09,GHS,LKR,indicative,32.1501
2020-07-09,HKD,LKR,indicative,23.9773
2020-07-09,HUF,LKR,indicative,0.5939
2020-07-09,IDR,LKR,indicative,0.0129
2020-07-09,INR,LKR,indicative,2.4787
2020-07-09,IRR,LKR,indicative,0.0044
2020-07-09,JOD,LKR,indicative,262.0984
2020-07-09,JPY,LKR,indicative,1.7317
2020-07-09,KES,LKR,indicative,1.7375
2020-07-09,KRW,LKR,indicative,0.1556
2020-07-09,KWD,LKR,indicative,603.729
2020-07-09,MMK,LKR,indicative,0.1365
2020-07-09,MOP,LKR,indicative,23.2794
2020-07-09,MUR,LKR,indicative,4.6399
2020-07-09,MVR,LKR,indicative,12.0199
2020-07-09,MYR,LKR,indicative,43.5755
2020-07-09,NGN,LKR,indicative,0.4874
2020-07-09,NOK,LKR,indicative,19.8193
2020-07-09,NPR,LKR,indicative,1.5482
2020-07-09,NZD,LKR,indicative,122.1074
2020-07-09,OMR,LKR,indicative,482.6947
2020-07-09,PGK,LKR,indicative,53.5184
2020-07-09,PHP,LKR,indicative,3.7556
2020-07-09,PKR,LKR,indicative,1.1117
2020-07-09,PLN,LKR,indicative,47.0981
2020-07-09,QAR,LKR,indicative,51.0376
2020-07-09,RON,LKR,indicative,43.5602
2020-07-09,RUB,LKR,indicative,2.6057
2020-07-09,SAR,LKR,indicative,49.5435
2020-07-09,SBD,LKR,indicative,22.7267
2020-07-09,SCR,LKR,indicative,10.5494
2020-07-09,SEK,LKR,indicative,20.244
2020-07-09,SGD,LKR,indicative,133.5593
2020-07-09,THB,LKR,indicative,5.9608
2020-07-09,TWD,LKR,indicative,6.3125
2020-07-09,USD,LKR,indicative,185.8278
2020-07-09,VND,LKR,indicative,0.008
2020-07-09,XAU,LKR,indicative,336177.4029
2020-07-09,ZAR,LKR,indicative,10.9639
2020-07-09,ZMW,LKR,indicative,10.2992
2020-07-10,AED,LKR,indicative,50.5599
2020-07-10,AUD,LKR,indicative,128.8949
2020-07-10,BDT,LKR,indicative,2.1872
2020-07-10,BHD,LKR,indicative,492.5453
2020-07-10,BND,LKR,indicative,133.4154
2020-07-10,BRL,LKR,indicative,34.7848
2020-07-10,CAD,LKR,indicative,136.6048
2020-07-10,CHF,LKR,indicative,197.2116
2020-07-10,CNH,LKR,indicative,26.5075
2020-07-10,CNY,LKR,indicative,26.5196
2020-07-10,CZK,LKR,indicative,7.8531
2020-07-10,DKK,LKR,indicative,28.1027
2020-07-10,EGP,LKR,indicative,11.6144
2020-07-10,EUR,LKR,indicative,209.3278
2020-07-10,GBP,LKR,indicative,233.7492
2020-07-10,GHS,LKR,indicative,32.1862
2020-07-10,HKD,LKR,indicative,23.9627
2020-07-10,HUF,LKR,indicative,0.5926
2020-07-10,IDR,LKR,indicative,0.0129
2020-07-10,INR,LKR,indicative,2.4711
2020-07-10,IRR,LKR,indicative,0.0044
2020-07-10,JOD,LKR,indicative,261.9382
2020-07-10,JPY,LKR,indicative,1.7344
2020-07-10,KES,LKR,indicative,1.7365
2020-07-10,KRW,LKR,indicative,0.1545
2020-07-10,KWD,LKR,indicative,603.36
2020-07-10,MMK,LKR,indicative,0.1358
2020-07-10,MOP,LKR,indicative,23.2521
2020-07-10,MUR,LKR,indicative,4.6487
2020-07-10,MVR,LKR,indicative,12.0126
2020-07-10,MYR,LKR,indicative,43.4673
2020-07-10,NGN,LKR,indicative,0.4878
2020-07-10,NOK,LKR,indicative,19.5522
2020-07-10,NPR,LKR,indicative,1.5476
2020-07-10,NZD,LKR,indicative,121.6985
2020-07-10,OMR,LKR,indicative,482.3996
2020-07-10,PGK,LKR,indicative,53.6714
2020-07-10,PHP,LKR,indicative,3.7546
2020-07-10,PKR,LKR,indicative,1.1124
2020-07-10,PLN,LKR,indicative,46.7941
2020-07-10,QAR,LKR,indicative,50.9959
2020-07-10,RON,LKR,indicative,43.2522
2020-07-10,RUB,LKR,indicative,2.6177
2020-07-10,SAR,LKR,indicative,49.5132
2020-07-10,SBD,LKR,indicative,22.7128
2020-07-10,SCR,LKR,indicative,10.543
2020-07-10,SEK,LKR,indicative,20.0635
2020-07-10,SGD,LKR,indicative,133.2192
2020-07-10,THB,LKR,indicative,5.9334
2020-07-10,TWD,LKR,indicative,6.296
2020-07-10,USD,LKR,indicative,185.7142
2020-07-10,VND,LKR,indicative,0.008
2020-07-10,XAU,LKR,indicative,334636.7827
2020-07-10,ZAR,LKR,indicative,11.0103
2020-07-10,ZMW,LKR,indicative,10.2418
2020-07-13,AED,LKR,indicative,50.6014
2020-07-13,AUD,LKR,indicative,129.5396
2020-07-13,BDT,LKR,indicative,2.1919
2020-07-13,BHD,LKR,indicative,492.9489
2020-07-13,BND,LKR,indicative,133.6207
2020-07-13,BRL,LKR,indicative,34.9107
2020-07-13,CAD,LKR,indicative,136.9383
2020-07-13,CHF,LKR,indicative,197.7828
2020-07-13,CNH,LKR,indicative,26.5406
2020-07-13,CNY,LKR,indicative,26.54
2020-07-13,CZK,LKR,indicative,7.9015
2020-07-13,DKK,LKR,indicative,28.2631
2020-07-13,EGP,LKR,indicative,11.6276
2020-07-13,EUR,LKR,indicative,210.4937
2020-07-13,GBP,LKR,indicative,235.2046
2020-07-13,GHS,LKR,indicative,32.2125
2020-07-13,HKD,LKR,indicative,23.9804
2020-07-13,HUF,LKR,indicative,0.5962
2020-07-13,IDR,LKR,indicative,0.0129
2020-07-13,INR,LKR,indicative,2.4718
2020-07-13,IRR,LKR,indicative,0.0044
2020-07-13,JOD,LKR,indicative,262.1529
2020-07-13,JPY,LKR,indicative,1.7399
2020-07-13,KES,LKR,indicative,1.7354
2020-07-13,KRW,LKR,indicative,0.1548
2020-07-13,KWD,LKR,indicative,603.8545
2020-07-13,MMK,LKR,indicative,0.1363
2020-07-13,MOP,LKR,indicative,23.2711
2020-07-13,MUR,LKR,indicative,4.6525
2020-07-13,MVR,LKR,indicative,12.0224
2020-07-13,MYR,LKR,indicative,43.646
2020-07-13,NGN,LKR,indicative,0.4882
2020-07-13,NOK,LKR,indicative,19.7427
2020-07-13,NPR,LKR,indicative,1.5446
2020-07-13,NZD,LKR,indicative,122.2257
2020-07-13,OMR,LKR,indicative,482.795
2020-07-13,PGK,LKR,indicative,53.5295
2020-07-13,PHP,LKR,indicative,3.761
2020-07-13,PKR,LKR,indicative,1.1167
2020-07-13,PLN,LKR,indicative,47.1192
2020-07-13,QAR,LKR,indicative,51.0482
2020-07-13,RON,LKR,indicative,43.3771
2020-07-13,RUB,LKR,indicative,2.6241
2020-07-13,SAR,LKR,indicative,49.5538
2020-07-13,SBD,LKR,indicative,22.7315
2020-07-13,SCR,LKR,indicative,10.5516
2020-07-13,SEK,LKR,indicative,20.2564
2020-07-13,SGD,LKR,indicative,133.8324
2020-07-13,THB,LKR,indicative,5.942
2020-07-13,TWD,LKR,indicative,6.3138
2020-07-13,USD,LKR,indicative,185.8664
2020-07-13,VND,LKR,indicative,0.008
2020-07-13,XAU,LKR,indicative,335314.3327
2020-07-13,ZAR,LKR,indicative,11.0958
2020-07-13,ZMW,LKR,indicative,10.2445
2020-07-14,AED,LKR,indicative,50.6135
2020-07-14,AUD,LKR,indicative,128.9571
2020-07-14,BDT,LKR,indicative,2.1934
2020-07-14,BHD,LKR,indicative,493.067
2020-07-14,BND,LKR,indicative,133.6527
2020-07-14,BRL,LKR,indicative,34.4076
2020-07-14,CAD,LKR,indicative,136.4734
2020-07-14,CHF,LKR,indicative,197.3053
2020-07-14,CNH,LKR,indicative,26.5178
2020-07-14,CNY,LKR,indicative,26.5227
2020-07-14,CZK,LKR,indicative,7.9014
2020-07-14,DKK,LKR,indicative,28.3183
2020-07-14,EGP,LKR,indicative,11.6413
2020-07-14,EUR,LKR,indicative,210.823
2020-07-14,GBP,LKR,indicative,233.2066
2020-07-14,GHS,LKR,indicative,32.2203
2020-07-14,HKD,LKR,indicative,23.9857
2020-07-14,HUF,LKR,indicative,0.5929
2020-07-14,IDR,LKR,indicative,0.013
2020-07-14,INR,LKR,indicative,2.4718
2020-07-14,IRR,LKR,indicative,0.0044
2020-07-14,JOD,LKR,indicative,262.2157
2020-07-14,JPY,LKR,indicative,1.7338
2020-07-14,KES,LKR,indicative,1.7359
2020-07-14,KRW,LKR,indicative,0.154
2020-07-14,KWD,LKR,indicative,603.999
2020-07-14,MMK,LKR,indicative,0.1358
2020-07-14,MOP,LKR,indicative,23.2752
2020-07-14,MUR,LKR,indicative,4.653
2020-07-14,MVR,LKR,indicative,12.0253
2020-07-14,MYR,LKR,indicative,43.5363
2020-07-14,NGN,LKR,indicative,0.4883
2020-07-14,NOK,LKR,indicative,19.6469
2020-07-14,NPR,LKR,indicative,1.5453
2020-07-14,NZD,LKR,indicative,121.4091
2020-07-14,OMR,LKR,indicative,482.9105
2020-07-14,PGK,LKR,indicative,53.5423
2020-07-14,PHP,LKR,indicative,3.7516
2020-07-14,PKR,LKR,indicative,1.1129
2020-07-14,PLN,LKR,indicative,46.9407
2020-07-14,QAR,LKR,indicative,51.0499
2020-07-14,RON,LKR,indicative,43.5312
2020-07-14,RUB,LKR,indicative,2.6242
2020-07-14,SAR,LKR,indicative,49.5657
2020-07-14,SBD,LKR,indicative,22.7369
2020-07-14,SCR,LKR,indicative,10.5541
2020-07-14,SEK,LKR,indicative,20.2196
2020-07-14,SGD,LKR,indicative,133.4943
2020-07-14,THB,LKR,indicative,5.9047
2020-07-14,TWD,LKR,indicative,6.3089
2020-07-14,USD,LKR,indicative,185.9109
2020-07-14,VND,LKR,indicative,0.008
2020-07-14,XAU,LKR,indicative,334201.8742
2020-07-14,ZAR,LKR,indicative,11.0271
2020-07-14,ZMW,LKR,indicative,10.2662
2020-07-15,AED,LKR,indicative,50.5937
2020-07-15,AUD,LKR,indicative,130.1705
2020-07-15,BDT,LKR,indicative,2.192
2020-07-15,BHD,LKR,indicative,492.8747
2020-07-15,BND,LKR,indicative,133.3418
2020-07-15,BRL,LKR,indicative,34.6171
2020-07-15,CAD,LKR,indicative,136.7062
2020-07-15,CHF,LKR,indicative,197.6268
2020-07-15,CNH,LKR,indicative,26.5436
2020-07-15,CNY,LKR,indicative,26.5434
2020-07-15,CZK,LKR,indicative,7.9501
2020-07-15,DKK,LKR,indicative,28.4707
2020-07-15,EGP,LKR,indicative,11.644
2020-07-15,EUR,LKR,indicative,212.0323
2020-07-15,GBP,LKR,indicative,233.7847
2020-07-15,GHS,LKR,indicative,32.2916
2020-07-15,HKD,LKR,indicative,23.977
2020-07-15,HUF,LKR,indicative,0.5967
2020-07-15,IDR,LKR,indicative,0.0128
2020-07-15,INR,LKR,indicative,2.4645
2020-07-15,IRR,LKR,indicative,0.0044
2020-07-15,JOD,LKR,indicative,262.1134
2020-07-15,JPY,LKR,indicative,1.7327
2020-07-15,KES,LKR,indicative,1.732
2020-07-15,KRW,LKR,indicative,0.1547
2020-07-15,KWD,LKR,indicative,603.7635
2020-07-15,MMK,LKR,indicative,0.1353
2020-07-15,MOP,LKR,indicative,23.2647
2020-07-15,MUR,LKR,indicative,4.646
2020-07-15,MVR,LKR,indicative,12.0206
2020-07-15,MYR,LKR,indicative,43.5882
2020-07-15,NGN,LKR,indicative,0.4874
2020-07-15,NOK,LKR,indicative,19.8722
2020-07-15,NPR,LKR,indicative,1.5401
2020-07-15,NZD,LKR,indicative,121.8728
2020-07-15,OMR,LKR,indicative,482.7222
2020-07-15,PGK,LKR,indicative,53.5215
2020-07-15,PHP,LKR,indicative,3.7583
2020-07-15,PKR,LKR,indicative,1.112
2020-07-15,PLN,LKR,indicative,47.435
2020-07-15,QAR,LKR,indicative,51.03
2020-07-15,RON,LKR,indicative,43.7777
2020-07-15,RUB,LKR,indicative,2.625
2020-07-15,SAR,LKR,indicative,49.5463
2020-07-15,SBD,LKR,indicative,22.728
2020-07-15,SCR,LKR,indicative,10.55
2020-07-15,SEK,LKR,indicative,20.4752
2020-07-15,SGD,LKR,indicative,133.591
2020-07-15,THB,LKR,indicative,5.9024
2020-07-15,TWD,LKR,indicative,6.3079
2020-07-15,USD,LKR,indicative,185.8384
2020-07-15,VND,LKR,indicative,0.008
2020-07-15,XAU,LKR,indicative,336213.4811
2020-07-15,ZAR,LKR,indicative,11.1332
2020-07-15,ZMW,LKR,indicative,10.2385
2020-07-16,AED,LKR,indicative,50.5856
2020-07-16,AUD,LKR,indicative,129.7965
2020-07-16,BDT,LKR,indicative,2.1922
2020-07-16,BHD,LKR,indicative,492.7951
2020-07-16,BND,LKR,indicative,133.3202
2020-07-16,BRL,LKR,indicative,34.6005
2020-07-16,CAD,LKR,indicative,137.5034
2020-07-16,CHF,LKR,indicative,196.5602
2020-07-16,CNH,LKR,indicative,26.553
2020-07-16,CNY,LKR,indicative,26.5551
2020-07-16,CZK,LKR,indicative,7.9412
2020-07-16,DKK,LKR,indicative,28.4524
2020-07-16,EGP,LKR,indicative,11.6348
2020-07-16,EUR,LKR,indicative,211.8866
2020-07-16,GBP,LKR,indicative,233.4032
2020-07-16,GHS,LKR,indicative,32.3145
2020-07-16,HKD,LKR,indicative,23.966
2020-07-16,HUF,LKR,indicative,0.5991
2020-07-16,IDR,LKR,indicative,0.0128
2020-07-16,INR,LKR,indicative,2.4737
2020-07-16,IRR,LKR,indicative,0.0044
2020-07-16,JOD,LKR,indicative,262.0711
2020-07-16,JPY,LKR,indicative,1.7374
2020-07-16,KES,LKR,indicative,1.7301
2020-07-16,KRW,LKR,indicative,0.1542
2020-07-16,KWD,LKR,indicative,603.666
2020-07-16,MMK,LKR,indicative,0.1348
2020-07-16,MOP,LKR,indicative,23.2551
2020-07-16,MUR,LKR,indicative,4.6627
2020-07-16,MVR,LKR,indicative,12.0187
2020-07-16,MYR,LKR,indicative,43.5608
2020-07-16,NGN,LKR,indicative,0.488
2020-07-16,NOK,LKR,indicative,19.9256
2020-07-16,NPR,LKR,indicative,1.5453
2020-07-16,NZD,LKR,indicative,121.7788
2020-07-16,OMR,LKR,indicative,482.6443
2020-07-16,PGK,LKR,indicative,53.6986
2020-07-16,PHP,LKR,indicative,3.7499
2020-07-16,PKR,LKR,indicative,1.1118
2020-07-16,PLN,LKR,indicative,47.1613
2020-07-16,QAR,LKR,indicative,51.0217
2020-07-16,RON,LKR,indicative,43.7521
2020-07-16,RUB,LKR,indicative,2.615
2020-07-16,SAR,LKR,indicative,49.5397
2020-07-16,SBD,LKR,indicative,22.6222
2020-07-16,SCR,LKR,indicative,10.5304
2020-07-16,SEK,LKR,indicative,20.4362
2020-07-16,SGD,LKR,indicative,133.5022
2020-07-16,THB,LKR,indicative,5.8624
2020-07-16,TWD,LKR,indicative,6.302
2020-07-16,USD,LKR,indicative,185.8084
2020-07-16,VND,LKR,indicative,0.008
2020-07-16,XAU,LKR,indicative,336114.4912
2020-07-16,ZAR,LKR,indicative,11.1587
2020-07-16,ZMW,LKR,indicative,10.2154
2020-07-17,AED,LKR,indicative,50.5845
2020-07-17,AUD,LKR,indicative,129.84
2020-07-17,BDT,LKR,indicative,2.1919
2020-07-17,BHD,LKR,indicative,492.7842
2020-07-17,BND,LKR,indicative,133.3173
2020-07-17,BRL,LKR,indicative,34.8513
2020-07-17,CAD,LKR,indicative,136.9228
2020-07-17,CHF,LKR,indicative,196.5143
2020-07-17,CNH,LKR,indicative,26.5484
2020-07-17,CNY,LKR,indicative,26.5389
2020-07-17,CZK,LKR,indicative,7.9273
2020-07-17,DKK,LKR,indicative,28.4117
2020-07-17,EGP,LKR,indicative,11.6455
2020-07-17,EUR,LKR,indicative,211.5661
2020-07-17,GBP,LKR,indicative,233.5374
2020-07-17,GHS,LKR,indicative,32.2018
2020-07-17,HKD,LKR,indicative,23.9655
2020-07-17,HUF,LKR,indicative,0.5976
2020-07-17,IDR,LKR,indicative,0.0126
2020-07-17,INR,LKR,indicative,2.4715
2020-07-17,IRR,LKR,indicative,0.0044
2020-07-17,JOD,LKR,indicative,262.0653
2020-07-17,JPY,LKR,indicative,1.7325
2020-07-17,KES,LKR,indicative,1.7284
2020-07-17,KRW,LKR,indicative,0.1542
2020-07-17,KWD,LKR,indicative,603.6527
2020-07-17,MMK,LKR,indicative,0.135
2020-07-17,MOP,LKR,indicative,23.2488
2020-07-17,MUR,LKR,indicative,4.6509
2020-07-17,MVR,LKR,indicative,12.0184
2020-07-17,MYR,LKR,indicative,43.4884
2020-07-17,NGN,LKR,indicative,0.488
2020-07-17,NOK,LKR,indicative,19.9856
2020-07-17,NPR,LKR,indicative,1.5444
2020-07-17,NZD,LKR,indicative,121.6368
2020-07-17,OMR,LKR,indicative,482.6336
2020-07-17,PGK,LKR,indicative,53.5116
2020-07-17,PHP,LKR,indicative,3.7523
2020-07-17,PKR,LKR,indicative,1.1101
2020-07-17,PLN,LKR,indicative,47.1902
2020-07-17,QAR,LKR,indicative,51.0311
2020-07-17,RON,LKR,indicative,43.6755
2020-07-17,RUB,LKR,indicative,2.5926
2020-07-17,SAR,LKR,indicative,49.5412
2020-07-17,SBD,LKR,indicative,22.761
2020-07-17,SCR,LKR,indicative,10.5301
2020-07-17,SEK,LKR,indicative,20.4728
2020-07-17,SGD,LKR,indicative,133.5041
2020-07-17,THB,LKR,indicative,5.8632
2020-07-17,TWD,LKR,indicative,6.2995
2020-07-17,USD,LKR,indicative,185.8043
2020-07-17,VND,LKR,indicative,0.008
2020-07-17,XAU,LKR,indicative,334208.359
2020-07-17,ZAR,LKR,indicative,11.1014
2020-07-17,ZMW,LKR,indicative,10.156
2020-07-20,AED,LKR,indicative,50.5776
2020-07-20,AUD,LKR,indicative,129.6739
2020-07-20,BDT,LKR,indicative,2.1909
2020-07-20,BHD,LKR,indicative,492.7177
2020-07-20,BND,LKR,indicative,133.6108
2020-07-20,BRL,LKR,indicative,34.5026
2020-07-20,CAD,LKR,indicative,136.6526
2020-07-20,CHF,LKR,indicative,197.5849
2020-07-20,CNH,LKR,indicative,26.5482
2020-07-20,CNY,LKR,indicative,26.5406
2020-07-20,CZK,LKR,indicative,7.9556
2020-07-20,DKK,LKR,indicative,28.4874
2020-07-20,EGP,LKR,indicative,11.6203
2020-07-20,EUR,LKR,indicative,212.1134
2020-07-20,GBP,LKR,indicative,232.6141
2020-07-20,GHS,LKR,indicative,32.3375
2020-07-20,HKD,LKR,indicative,23.959
2020-07-20,HUF,LKR,indicative,0.6004
2020-07-20,IDR,LKR,indicative,0.0125
2020-07-20,INR,LKR,indicative,2.4804
2020-07-20,IRR,LKR,indicative,0.0044
2020-07-20,JOD,LKR,indicative,262.0299
2020-07-20,JPY,LKR,indicative,1.73
2020-07-20,KES,LKR,indicative,1.7298
2020-07-20,KRW,LKR,indicative,0.1543
2020-07-20,KWD,LKR,indicative,603.5712
2020-07-20,MMK,LKR,indicative,0.1353
2020-07-20,MOP,LKR,indicative,23.2456
2020-07-20,MUR,LKR,indicative,4.6503
2020-07-20,MVR,LKR,indicative,12.0168
2020-07-20,MYR,LKR,indicative,43.5437
2020-07-20,NGN,LKR,indicative,0.4886
2020-07-20,NOK,LKR,indicative,19.9467
2020-07-20,NPR,LKR,indicative,1.5478
2020-07-20,NZD,LKR,indicative,121.4996
2020-07-20,OMR,LKR,indicative,482.5684
2020-07-20,PGK,LKR,indicative,53.5044
2020-07-20,PHP,LKR,indicative,3.7531
2020-07-20,PKR,LKR,indicative,1.1098
2020-07-20,PLN,LKR,indicative,47.3522
2020-07-20,QAR,LKR,indicative,51.0137
2020-07-20,RON,LKR,indicative,43.8987
2020-07-20,RUB,LKR,indicative,2.5832
2020-07-20,SAR,LKR,indicative,49.5306
2020-07-20,SBD,LKR,indicative,22.758
2020-07-20,SCR,LKR,indicative,10.5287
2020-07-20,SEK,LKR,indicative,20.5329
2020-07-20,SGD,LKR,indicative,133.5868
2020-07-20,THB,LKR,indicative,5.8476
2020-07-20,TWD,LKR,indicative,6.2982
2020-07-20,USD,LKR,indicative,185.7792
2020-07-20,VND,LKR,indicative,0.008
2020-07-20,XAU,LKR,indicative,335783.2153
2020-07-20,ZAR,LKR,indicative,11.0953
2020-07-20,ZMW,LKR,indicative,10.1769
2020-07-21,AED,LKR,indicative,50.569
2020-07-21,AUD,LKR,indicative,130.497
2020-07-21,BDT,LKR,indicative,2.1904
2020-07-21,BHD,LKR,indicative,492.6341
2020-07-21,BND,LKR,indicative,133.7276
2020-07-21,BRL,LKR,indicative,34.8557
2020-07-21,CAD,LKR,indicative,137.4077
2020-07-21,CHF,LKR,indicative,197.9831
2020-07-21,CNH,LKR,indicative,26.5834
2020-07-21,CNY,LKR,indicative,26.5768
2020-07-21,CZK,LKR,indicative,7.9929
2020-07-21,DKK,LKR,indicative,28.5882
2020-07-21,EGP,LKR,indicative,11.631
2020-07-21,EUR,LKR,indicative,212.8483
2020-07-21,GBP,LKR,indicative,235.4259
2020-07-21,GHS,LKR,indicative,32.3039
2020-07-21,HKD,LKR,indicative,23.9642
2020-07-21,HUF,LKR,indicative,0.6043
2020-07-21,IDR,LKR,indicative,0.0126
2020-07-21,INR,LKR,indicative,2.4849
2020-07-21,IRR,LKR,indicative,0.0044
2020-07-21,JOD,LKR,indicative,261.9855
2020-07-21,JPY,LKR,indicative,1.7326
2020-07-21,KES,LKR,indicative,1.7255
2020-07-21,KRW,LKR,indicative,0.1551
2020-07-21,KWD,LKR,indicative,604.3524
2020-07-21,MMK,LKR,indicative,0.1353
2020-07-21,MOP,LKR,indicative,23.2548
2020-07-21,MUR,LKR,indicative,4.6379
2020-07-21,MVR,LKR,indicative,12.0147
2020-07-21,MYR,LKR,indicative,43.5823
2020-07-21,NGN,LKR,indicative,0.4878
2020-07-21,NOK,LKR,indicative,20.1766
2020-07-21,NPR,LKR,indicative,1.5494
2020-07-21,NZD,LKR,indicative,122.1105
2020-07-21,OMR,LKR,indicative,482.5054
2020-07-21,PGK,LKR,indicative,53.4953
2020-07-21,PHP,LKR,indicative,3.7693
2020-07-21,PKR,LKR,indicative,1.1032
2020-07-21,PLN,LKR,indicative,47.7679
2020-07-21,QAR,LKR,indicative,51.0051
2020-07-21,RON,LKR,indicative,43.9686
2020-07-21,RUB,LKR,indicative,2.5976
2020-07-21,SAR,LKR,indicative,49.5268
2020-07-21,SBD,LKR,indicative,22.7541
2020-07-21,SCR,LKR,indicative,10.5269
2020-07-21,SEK,LKR,indicative,20.7366
2020-07-21,SGD,LKR,indicative,133.694
2020-07-21,THB,LKR,indicative,5.8439
2020-07-21,TWD,LKR,indicative,6.3081
2020-07-21,USD,LKR,indicative,185.7477
2020-07-21,VND,LKR,indicative,0.008
2020-07-21,XAU,LKR,indicative,337487.643
2020-07-21,ZAR,LKR,indicative,11.1854
2020-07-21,ZMW,LKR,indicative,10.2538
2020-07-22,AED,LKR,indicative,50.5768
2020-07-22,AUD,LKR,indicative,132.5976
2020-07-22,BDT,LKR,indicative,2.1915
2020-07-22,BHD,LKR,indicative,492.7419
2020-07-22,BND,LKR,indicative,133.7673
2020-07-22,BRL,LKR,indicative,35.9286
2020-07-22,CAD,LKR,indicative,138.2056
2020-07-22,CHF,LKR,indicative,199.277
2020-07-22,CNH,LKR,indicative,26.6659
2020-07-22,CNY,LKR,indicative,26.6577
2020-07-22,CZK,LKR,indicative,8.1415
2020-07-22,DKK,LKR,indicative,28.8092
2020-07-22,EGP,LKR,indicative,11.6255
2020-07-22,EUR,LKR,indicative,214.3948
2020-07-22,GBP,LKR,indicative,236.4278
2020-07-22,GHS,LKR,indicative,32.2528
2020-07-22,HKD,LKR,indicative,23.9688
2020-07-22,HUF,LKR,indicative,0.6127
2020-07-22,IDR,LKR,indicative,0.0127
2020-07-22,INR,LKR,indicative,2.4923
2020-07-22,IRR,LKR,indicative,0.0044
2020-07-22,JOD,LKR,indicative,262.0254
2020-07-22,JPY,LKR,indicative,1.7404
2020-07-22,KES,LKR,indicative,1.7225
2020-07-22,KRW,LKR,indicative,0.1557
2020-07-22,KWD,LKR,indicative,604.838
2020-07-22,MMK,LKR,indicative,0.1337
2020-07-22,MOP,LKR,indicative,23.2598
2020-07-22,MUR,LKR,indicative,4.6041
2020-07-22,MVR,LKR,indicative,12.0166
2020-07-22,MYR,LKR,indicative,43.6606
2020-07-22,NGN,LKR,indicative,0.4886
2020-07-22,NOK,LKR,indicative,20.4339
2020-07-22,NPR,LKR,indicative,1.5532
2020-07-22,NZD,LKR,indicative,123.4482
2020-07-22,OMR,LKR,indicative,482.5601
2020-07-22,PGK,LKR,indicative,53.5035
2020-07-22,PHP,LKR,indicative,3.7667
2020-07-22,PKR,LKR,indicative,1.105
2020-07-22,PLN,LKR,indicative,48.3911
2020-07-22,QAR,LKR,indicative,51.0128
2020-07-22,RON,LKR,indicative,44.2899
2020-07-22,RUB,LKR,indicative,2.6275
2020-07-22,SAR,LKR,indicative,49.537
2020-07-22,SBD,LKR,indicative,22.7947
2020-07-22,SCR,LKR,indicative,10.5285
2020-07-22,SEK,LKR,indicative,20.9541
2020-07-22,SGD,LKR,indicative,134.304
2020-07-22,THB,LKR,indicative,5.8948
2020-07-22,TWD,LKR,indicative,6.3193
2020-07-22,USD,LKR,indicative,185.776
2020-07-22,VND,LKR,indicative,0.008
2020-07-22,XAU,LKR,indicative,345312.6634
2020-07-22,ZAR,LKR,indicative,11.3405
2020-07-22,ZMW,LKR,indicative,10.2576
2020-07-23,AED,LKR,indicative,50.5808
2020-07-23,AUD,LKR,indicative,132.6454
2020-07-23,BDT,LKR,indicative,2.1917
2020-07-23,BHD,LKR,indicative,492.7814
2020-07-23,BND,LKR,indicative,133.778
2020-07-23,BRL,LKR,indicative,36.2901
2020-07-23,CAD,LKR,indicative,138.5879
2020-07-23,CHF,LKR,indicative,199.9472
2020-07-23,CNH,LKR,indicative,26.5024
2020-07-23,CNY,LKR,indicative,26.5107
2020-07-23,CZK,LKR,indicative,8.1561
2020-07-23,DKK,LKR,indicative,28.8919
2020-07-23,EGP,LKR,indicative,11.6192
2020-07-23,EUR,LKR,indicative,215.0158
2020-07-23,GBP,LKR,indicative,236.549
2020-07-23,GHS,LKR,indicative,32.0329
2020-07-23,HKD,LKR,indicative,23.9692
2020-07-23,HUF,LKR,indicative,0.6178
2020-07-23,IDR,LKR,indicative,0.0127
2020-07-23,INR,LKR,indicative,2.4902
2020-07-23,IRR,LKR,indicative,0.0044
2020-07-23,JOD,LKR,indicative,262.0464
2020-07-23,JPY,LKR,indicative,1.7342
2020-07-23,KES,LKR,indicative,1.7203
2020-07-23,KRW,LKR,indicative,0.155
2020-07-23,KWD,LKR,indicative,605.4385
2020-07-23,MMK,LKR,indicative,0.134
2020-07-23,MOP,LKR,indicative,23.2588
2020-07-23,MUR,LKR,indicative,4.639
2020-07-23,MVR,LKR,indicative,12.0175
2020-07-23,MYR,LKR,indicative,43.7001
2020-07-23,NGN,LKR,indicative,0.488
2020-07-23,NOK,LKR,indicative,20.2731
2020-07-23,NPR,LKR,indicative,1.5532
2020-07-23,NZD,LKR,indicative,123.8668
2020-07-23,OMR,LKR,indicative,482.5988
2020-07-23,PGK,LKR,indicative,53.5078
2020-07-23,PHP,LKR,indicative,3.7603
2020-07-23,PKR,LKR,indicative,1.1051
2020-07-23,PLN,LKR,indicative,48.6351
2020-07-23,QAR,LKR,indicative,51.0274
2020-07-23,RON,LKR,indicative,44.4694
2020-07-23,RUB,LKR,indicative,2.6098
2020-07-23,SAR,LKR,indicative,49.539
2020-07-23,SBD,LKR,indicative,22.7965
2020-07-23,SCR,LKR,indicative,10.5294
2020-07-23,SEK,LKR,indicative,20.9402
2020-07-23,SGD,LKR,indicative,134.179
2020-07-23,THB,LKR,indicative,5.8757
2020-07-23,TWD,LKR,indicative,6.31
2020-07-23,USD,LKR,indicative,185.7909
2020-07-23,VND,LKR,indicative,0.008
2020-07-23,XAU,LKR,indicative,346620.7554
2020-07-23,ZAR,LKR,indicative,11.2768
2020-07-23,ZMW,LKR,indicative,10.2032
2020-07-24,AED,LKR,indicative,50.5695
2020-07-24,AUD,LKR,indicative,132.0865
2020-07-24,BDT,LKR,indicative,2.1904
2020-07-24,BHD,LKR,indicative,492.6716
2020-07-24,BND,LKR,indicative,133.7482
2020-07-24,BRL,LKR,indicative,35.6395
2020-07-24,CAD,LKR,indicative,138.6915
2020-07-24,CHF,LKR,indicative,200.8754
2020-07-24,CNH,LKR,indicative,26.4906
2020-07-24,CNY,LKR,indicative,26.5029
2020-07-24,CZK,LKR,indicative,8.2027
2020-07-24,DKK,LKR,indicative,28.9763
2020-07-24,EGP,LKR,indicative,11.6166
2020-07-24,EUR,LKR,indicative,215.683
2020-07-24,GBP,LKR,indicative,236.8306
2020-07-24,GHS,LKR,indicative,32.0258
2020-07-24,HKD,LKR,indicative,23.9627
2020-07-24,HUF,LKR,indicative,0.6223
2020-07-24,IDR,LKR,indicative,0.0128
2020-07-24,INR,LKR,indicative,2.4828
2020-07-24,IRR,LKR,indicative,0.0044
2020-07-24,JOD,LKR,indicative,261.988
2020-07-24,JPY,LKR,indicative,1.7431
2020-07-24,KES,LKR,indicative,1.7199
2020-07-24,KRW,LKR,indicative,0.1548
2020-07-24,KWD,LKR,indicative,605.9749
2020-07-24,MMK,LKR,indicative,0.1347
2020-07-24,MOP,LKR,indicative,23.2448
2020-07-24,MUR,LKR,indicative,4.6554
2020-07-24,MVR,LKR,indicative,12.0148
2020-07-24,MYR,LKR,indicative,43.6288
2020-07-24,NGN,LKR,indicative,0.4872
2020-07-24,NOK,LKR,indicative,20.1897
2020-07-24,NPR,LKR,indicative,1.5528
2020-07-24,NZD,LKR,indicative,123.3284
2020-07-24,OMR,LKR,indicative,482.46
2020-07-24,PGK,LKR,indicative,53.4959
2020-07-24,PHP,LKR,indicative,3.7654
2020-07-24,PKR,LKR,indicative,1.1048
2020-07-24,PLN,LKR,indicative,48.9284
2020-07-24,QAR,LKR,indicative,51.0056
2020-07-24,RON,LKR,indicative,44.6288
2020-07-24,RUB,LKR,indicative,2.6029
2020-07-24,SAR,LKR,indicative,49.5279
2020-07-24,SBD,LKR,indicative,22.7915
2020-07-24,SCR,LKR,indicative,10.1565
2020-07-24,SEK,LKR,indicative,20.9969
2020-07-24,SGD,LKR,indicative,134.1345
2020-07-24,THB,LKR,indicative,5.8568
2020-07-24,TWD,LKR,indicative,6.3107
2020-07-24,USD,LKR,indicative,185.7495
2020-07-24,VND,LKR,indicative,0.008
2020-07-24,XAU,LKR,indicative,350082.1012
2020-07-24,ZAR,LKR,indicative,11.1589
2020-07-24,ZMW,LKR,indicative,10.2347
2020-07-27,AED,LKR,indicative,50.5774
2020-07-27,AUD,LKR,indicative,132.3412
2020-07-27,BDT,LKR,indicative,2.1908
2020-07-27,BHD,LKR,indicative,492.6882
2020-07-27,BND,LKR,indicative,134.2498
2020-07-27,BRL,LKR,indicative,35.4983
2020-07-27,CAD,LKR,indicative,138.6847
2020-07-27,CHF,LKR,indicative,202.1966
2020-07-27,CNH,LKR,indicative,26.5205
2020-07-27,CNY,LKR,indicative,26.5266
2020-07-27,CZK,LKR,indicative,8.2777
2020-07-27,DKK,LKR,indicative,29.1834
2020-07-27,EGP,LKR,indicative,11.625
2020-07-27,EUR,LKR,indicative,217.2094
2020-07-27,GBP,LKR,indicative,238.2847
2020-07-27,GHS,LKR,indicative,32.0843
2020-07-27,HKD,LKR,indicative,23.9653
2020-07-27,HUF,LKR,indicative,0.6282
2020-07-27,IDR,LKR,indicative,0.0128
2020-07-27,INR,LKR,indicative,2.4849
2020-07-27,IRR,LKR,indicative,0.0044
2020-07-27,JOD,LKR,indicative,262.0142
2020-07-27,JPY,LKR,indicative,1.7589
2020-07-27,KES,LKR,indicative,1.7225
2020-07-27,KRW,LKR,indicative,0.1551
2020-07-27,KWD,LKR,indicative,605.8479
2020-07-27,MMK,LKR,indicative,0.1359
2020-07-27,MOP,LKR,indicative,23.2559
2020-07-27,MUR,LKR,indicative,4.6269
2020-07-27,MVR,LKR,indicative,12.016
2020-07-27,MYR,LKR,indicative,43.6536
2020-07-27,NGN,LKR,indicative,0.4879
2020-07-27,NOK,LKR,indicative,20.4069
2020-07-27,NPR,LKR,indicative,1.5515
2020-07-27,NZD,LKR,indicative,123.7959
2020-07-27,OMR,LKR,indicative,482.502
2020-07-27,PGK,LKR,indicative,53.5012
2020-07-27,PHP,LKR,indicative,3.7735
2020-07-27,PKR,LKR,indicative,1.1077
2020-07-27,PLN,LKR,indicative,49.3375
2020-07-27,QAR,LKR,indicative,51.0212
2020-07-27,RON,LKR,indicative,44.8266
2020-07-27,RUB,LKR,indicative,2.5921
2020-07-27,SAR,LKR,indicative,49.5302
2020-07-27,SBD,LKR,indicative,22.6173
2020-07-27,SCR,LKR,indicative,10.183
2020-07-27,SEK,LKR,indicative,21.1019
2020-07-27,SGD,LKR,indicative,134.5609
2020-07-27,THB,LKR,indicative,5.8843
2020-07-27,TWD,LKR,indicative,6.3193
2020-07-27,USD,LKR,indicative,185.7681
2020-07-27,VND,LKR,indicative,0.008
2020-07-27,XAU,LKR,indicative,356934.8181
2020-07-27,ZAR,LKR,indicative,11.1741
2020-07-27,ZMW,LKR,indicative,10.2467
2020-07-28,AED,LKR,indicative,50.5724
2020-07-28,AUD,LKR,indicative,133.2383
2020-07-28,BDT,LKR,indicative,2.1915
2020-07-28,BHD,LKR,indicative,492.6985
2020-07-28,BND,LKR,indicative,134.2365
2020-07-28,BRL,LKR,indicative,36.1044
2020-07-28,CAD,LKR,indicative,139.2323
2020-07-28,CHF,LKR,indicative,201.8471
2020-07-28,CNH,LKR,indicative,26.5754
2020-07-28,CNY,LKR,indicative,26.5778
2020-07-28,CZK,LKR,indicative,8.3462
2020-07-28,DKK,LKR,indicative,29.352
2020-07-28,EGP,LKR,indicative,11.6166
2020-07-28,EUR,LKR,indicative,218.4418
2020-07-28,GBP,LKR,indicative,239.4872
2020-07-28,GHS,LKR,indicative,32.1089
2020-07-28,HKD,LKR,indicative,23.9654
2020-07-28,HUF,LKR,indicative,0.631
2020-07-28,IDR,LKR,indicative,0.0128
2020-07-28,INR,LKR,indicative,2.4833
2020-07-28,IRR,LKR,indicative,0.0044
2020-07-28,JOD,LKR,indicative,261.9884
2020-07-28,JPY,LKR,indicative,1.7638
2020-07-28,KES,LKR,indicative,1.7231
2020-07-28,KRW,LKR,indicative,0.1558
2020-07-28,KWD,LKR,indicative,606.966
2020-07-28,MMK,LKR,indicative,0.1366
2020-07-28,MOP,LKR,indicative,23.2565
2020-07-28,MUR,LKR,indicative,4.6788
2020-07-28,MVR,LKR,indicative,12.0149
2020-07-28,MYR,LKR,indicative,43.7367
2020-07-28,NGN,LKR,indicative,0.4879
2020-07-28,NOK,LKR,indicative,20.469
2020-07-28,NPR,LKR,indicative,1.5513
2020-07-28,NZD,LKR,indicative,124.3502
2020-07-28,OMR,LKR,indicative,482.4545
2020-07-28,PGK,LKR,indicative,53.4959
2020-07-28,PHP,LKR,indicative,3.7764
2020-07-28,PKR,LKR,indicative,1.1131
2020-07-28,PLN,LKR,indicative,49.7429
2020-07-28,QAR,LKR,indicative,51.0056
2020-07-28,RON,LKR,indicative,45.27
2020-07-28,RUB,LKR,indicative,2.5945
2020-07-28,SAR,LKR,indicative,49.5293
2020-07-28,SBD,LKR,indicative,22.8287
2020-07-28,SCR,LKR,indicative,10.5271
2020-07-28,SEK,LKR,indicative,21.2955
2020-07-28,SGD,LKR,indicative,134.9534
2020-07-28,THB,LKR,indicative,5.9118
2020-07-28,TWD,LKR,indicative,6.3513
2020-07-28,USD,LKR,indicative,185.7498
2020-07-28,VND,LKR,indicative,0.008
2020-07-28,XAU,LKR,indicative,367184.4185
2020-07-28,ZAR,LKR,indicative,11.3442
2020-07-28,ZMW,LKR,indicative,10.2263
2020-07-29,AED,LKR,indicative,50.572
2020-07-29,AUD,LKR,indicative,133.0867
2020-07-29,BDT,LKR,indicative,2.1905
2020-07-29,BHD,LKR,indicative,492.7284
2020-07-29,BND,LKR,indicative,134.2429
2020-07-29,BRL,LKR,indicative,36.0444
2020-07-29,CAD,LKR,indicative,138.9057
2020-07-29,CHF,LKR,indicative,202.3184
2020-07-29,CNH,LKR,indicative,26.5203
2020-07-29,CNY,LKR,indicative,26.5254
2020-07-29,CZK,LKR,indicative,8.2848
2020-07-29,DKK,LKR,indicative,29.2582
2020-07-29,EGP,LKR,indicative,11.6244
2020-07-29,EUR,LKR,indicative,217.7741
2020-07-29,GBP,LKR,indicative,239.9815
2020-07-29,GHS,LKR,indicative,32.1521
2020-07-29,HKD,LKR,indicative,23.9678
2020-07-29,HUF,LKR,indicative,0.6272
2020-07-29,IDR,LKR,indicative,0.0128
2020-07-29,INR,LKR,indicative,2.4798
2020-07-29,IRR,LKR,indicative,0.0044
2020-07-29,JOD,LKR,indicative,262.0008
2020-07-29,JPY,LKR,indicative,1.7677
2020-07-29,KES,LKR,indicative,1.7232
2020-07-29,KRW,LKR,indicative,0.1554
2020-07-29,KWD,LKR,indicative,607.0741
2020-07-29,MMK,LKR,indicative,0.1365
2020-07-29,MOP,LKR,indicative,23.2547
2020-07-29,MUR,LKR,indicative,4.6266
2020-07-29,MVR,LKR,indicative,12.0154
2020-07-29,MYR,LKR,indicative,43.713
2020-07-29,NGN,LKR,indicative,0.4872
2020-07-29,NOK,LKR,indicative,20.3875
2020-07-29,NPR,LKR,indicative,1.5514
2020-07-29,NZD,LKR,indicative,123.6038
2020-07-29,OMR,LKR,indicative,482.4773
2020-07-29,PGK,LKR,indicative,53.4985
2020-07-29,PHP,LKR,indicative,3.7744
2020-07-29,PKR,LKR,indicative,1.1141
2020-07-29,PLN,LKR,indicative,49.3088
2020-07-29,QAR,LKR,indicative,51.0186
2020-07-29,RON,LKR,indicative,45.0553
2020-07-29,RUB,LKR,indicative,2.5609
2020-07-29,SAR,LKR,indicative,49.5231
2020-07-29,SBD,LKR,indicative,22.8297
2020-07-29,SCR,LKR,indicative,10.5186
2020-07-29,SEK,LKR,indicative,21.1614
2020-07-29,SGD,LKR,indicative,134.7542
2020-07-29,THB,LKR,indicative,5.8896
2020-07-29,TWD,LKR,indicative,6.3384
2020-07-29,USD,LKR,indicative,185.7586
2020-07-29,VND,LKR,indicative,0.008
2020-07-29,XAU,LKR,indicative,362747.3693
2020-07-29,ZAR,LKR,indicative,11.2623
2020-07-29,ZMW,LKR,indicative,10.2004
2020-07-30,AED,LKR,indicative,50.5622
2020-07-30,AUD,LKR,indicative,133.2372
2020-07-30,BDT,LKR,indicative,2.1865
2020-07-30,BHD,LKR,indicative,491.8496
2020-07-30,BND,LKR,indicative,133.1773
2020-07-30,BRL,LKR,indicative,35.5171
2020-07-30,CAD,LKR,indicative,139.17
2020-07-30,CHF,LKR,indicative,203.4199
2020-07-30,CNH,LKR,indicative,26.5382
2020-07-30,CNY,LKR,indicative,26.545
2020-07-30,CZK,LKR,indicative,8.3461
2020-07-30,DKK,LKR,indicative,29.3762
2020-07-30,EGP,LKR,indicative,11.4785
2020-07-30,EUR,LKR,indicative,218.6324
2020-07-30,GBP,LKR,indicative,241.0491
2020-07-30,GHS,LKR,indicative,32.0764
2020-07-30,HKD,LKR,indicative,23.964
2020-07-30,HUF,LKR,indicative,0.6331
2020-07-30,IDR,LKR,indicative,0.0127
2020-07-30,INR,LKR,indicative,2.4357
2020-07-30,IRR,LKR,indicative,0.0044
2020-07-30,JOD,LKR,indicative,261.9498
2020-07-30,JPY,LKR,indicative,1.7674
2020-07-30,KES,LKR,indicative,1.7472
2020-07-30,KRW,LKR,indicative,0.156
2020-07-30,KWD,LKR,indicative,603.7986
2020-07-30,MMK,LKR,indicative,0.1328
2020-07-30,MOP,LKR,indicative,23.2502
2020-07-30,MUR,LKR,indicative,4.6723
2020-07-30,MVR,LKR,indicative,12.0131
2020-07-30,MYR,LKR,indicative,43.4083
2020-07-30,NGN,LKR,indicative,0.5152
2020-07-30,NOK,LKR,indicative,20.5422
2020-07-30,NPR,LKR,indicative,1.5242
2020-07-30,NZD,LKR,indicative,123.4868
2020-07-30,OMR,LKR,indicative,482.3958
2020-07-30,PGK,LKR,indicative,52.9773
2020-07-30,PHP,LKR,indicative,3.7799
2020-07-30,PKR,LKR,indicative,1.1212
2020-07-30,PLN,LKR,indicative,49.614
2020-07-30,QAR,LKR,indicative,51.0086
2020-07-30,RON,LKR,indicative,45.2309
2020-07-30,RUB,LKR,indicative,2.5571
2020-07-30,SAR,LKR,indicative,49.5088
2020-07-30,SBD,LKR,indicative,22.6117
2020-07-30,SCR,LKR,indicative,10.4485
2020-07-30,SEK,LKR,indicative,21.2589
2020-07-30,SGD,LKR,indicative,135.0414
2020-07-30,THB,LKR,indicative,5.91
2020-07-30,TWD,LKR,indicative,6.3386
2020-07-30,USD,LKR,indicative,185.7224
2020-07-30,VND,LKR,indicative,0.008
2020-07-30,XAU,LKR,indicative,364649.5331
2020-07-30,ZAR,LKR,indicative,11.1993
2020-07-30,ZMW,LKR,indicative,10.1905
2020-07-31,AED,LKR,indicative,50.5498
2020-07-31,AUD,LKR,indicative,133.8638
2020-07-31,BDT,LKR,indicative,2.186
2020-07-31,BHD,LKR,indicative,491.7291
2020-07-31,BND,LKR,indicative,133.1447
2020-07-31,BRL,LKR,indicative,35.5084
2020-07-31,CAD,LKR,indicative,138.3583
2020-07-31,CHF,LKR,indicative,204.738
2020-07-31,CNH,LKR,indicative,26.5663
2020-07-31,CNY,LKR,indicative,26.5771
2020-07-31,CZK,LKR,indicative,8.4028
2020-07-31,DKK,LKR,indicative,29.6485
2020-07-31,EGP,LKR,indicative,11.4757
2020-07-31,EUR,LKR,indicative,220.7048
2020-07-31,GBP,LKR,indicative,243.8309
2020-07-31,GHS,LKR,indicative,32.0685
2020-07-31,HKD,LKR,indicative,23.9582
2020-07-31,HUF,LKR,indicative,0.6393
2020-07-31,IDR,LKR,indicative,0.0132
2020-07-31,INR,LKR,indicative,2.4351
2020-07-31,IRR,LKR,indicative,0.0044
2020-07-31,JOD,LKR,indicative,261.8856
2020-07-31,JPY,LKR,indicative,1.7815
2020-07-31,KES,LKR,indicative,1.7467
2020-07-31,KRW,LKR,indicative,0.1563
2020-07-31,KWD,LKR,indicative,603.6506
2020-07-31,MMK,LKR,indicative,0.1328
2020-07-31,MOP,LKR,indicative,23.2445
2020-07-31,MUR,LKR,indicative,4.6711
2020-07-31,MVR,LKR,indicative,12.0101
2020-07-31,MYR,LKR,indicative,43.3977
2020-07-31,NGN,LKR,indicative,0.5151
2020-07-31,NOK,LKR,indicative,20.5188
2020-07-31,NPR,LKR,indicative,1.5238
2020-07-31,NZD,LKR,indicative,124.2735
2020-07-31,OMR,LKR,indicative,482.2777
2020-07-31,PGK,LKR,indicative,52.9643
2020-07-31,PHP,LKR,indicative,3.7101
2020-07-31,PKR,LKR,indicative,1.1209
2020-07-31,PLN,LKR,indicative,50.0517
2020-07-31,QAR,LKR,indicative,50.9856
2020-07-31,RON,LKR,indicative,45.7287
2020-07-31,RUB,LKR,indicative,2.5312
2020-07-31,SAR,LKR,indicative,49.4967
2020-07-31,SBD,LKR,indicative,22.6062
2020-07-31,SCR,LKR,indicative,10.5558
2020-07-31,SEK,LKR,indicative,21.4351
2020-07-31,SGD,LKR,indicative,135.585
2020-07-31,THB,LKR,indicative,5.9464
2020-07-31,TWD,LKR,indicative,6.3354
2020-07-31,USD,LKR,indicative,185.6769
2020-07-31,VND,LKR,indicative,0.008
2020-07-31,XAU,LKR,indicative,365354.5794
2020-07-31,ZAR,LKR,indicative,11.1059
2020-07-31,ZMW,LKR,indicative,10.188
2020-08-04,AED,LKR,indicative,50.5326
2020-08-04,AUD,LKR,indicative,132.2312
2020-08-04,BDT,LKR,indicative,2.1891
2020-08-04,BHD,LKR,indicative,492.3767
2020-08-04,BND,LKR,indicative,134.8202
2020-08-04,BRL,LKR,indicative,34.8865
2020-08-04,CAD,LKR,indicative,138.6418
2020-08-04,CHF,LKR,indicative,202.2376
2020-08-04,CNH,LKR,indicative,26.5783
2020-08-04,CNY,LKR,indicative,26.5869
2020-08-04,CZK,LKR,indicative,8.3127
2020-08-04,DKK,LKR,indicative,29.3263
2020-08-04,EGP,LKR,indicative,11.6226
2020-08-04,EUR,LKR,indicative,218.3838
2020-08-04,GBP,LKR,indicative,242.7549
2020-08-04,GHS,LKR,indicative,32.1409
2020-08-04,HKD,LKR,indicative,23.9497
2020-08-04,HUF,LKR,indicative,0.6336
2020-08-04,IDR,LKR,indicative,0.0127
2020-08-04,INR,LKR,indicative,2.4688
2020-08-04,IRR,LKR,indicative,0.0044
2020-08-04,JOD,LKR,indicative,261.7965
2020-08-04,JPY,LKR,indicative,1.7487
2020-08-04,KES,LKR,indicative,1.721
2020-08-04,KRW,LKR,indicative,0.1555
2020-08-04,KWD,LKR,indicative,606.3231
2020-08-04,MMK,LKR,indicative,0.136
2020-08-04,MOP,LKR,indicative,23.254
2020-08-04,MUR,LKR,indicative,4.6754
2020-08-04,MVR,LKR,indicative,12.0061
2020-08-04,MYR,LKR,indicative,44.0104
2020-08-04,NGN,LKR,indicative,0.4872
2020-08-04,NOK,LKR,indicative,20.3419
2020-08-04,NPR,LKR,indicative,1.5464
2020-08-04,NZD,LKR,indicative,122.8484
2020-08-04,OMR,LKR,indicative,482.0947
2020-08-04,PGK,LKR,indicative,53.4567
2020-08-04,PHP,LKR,indicative,3.7811
2020-08-04,PKR,LKR,indicative,1.1103
2020-08-04,PLN,LKR,indicative,49.4963
2020-08-04,QAR,LKR,indicative,50.9788
2020-08-04,RON,LKR,indicative,45.1791
2020-08-04,RUB,LKR,indicative,2.5402
2020-08-04,SAR,LKR,indicative,49.4858
2020-08-04,SBD,LKR,indicative,22.8119
2020-08-04,SCR,LKR,indicative,10.419
2020-08-04,SEK,LKR,indicative,21.2326
2020-08-04,SGD,LKR,indicative,134.8594
2020-08-04,THB,LKR,indicative,5.9616
2020-08-04,TWD,LKR,indicative,6.3097
2020-08-04,USD,LKR,indicative,185.6137
2020-08-04,VND,LKR,indicative,0.008
2020-08-04,XAU,LKR,indicative,366878.2947
2020-08-04,ZAR,LKR,indicative,10.7897
2020-08-04,ZMW,LKR,indicative,10.1745
2020-08-05,AED,LKR,indicative,50.5161
2020-08-05,AUD,LKR,indicative,133.3014
2020-08-05,BDT,LKR,indicative,2.1894
2020-08-05,BHD,LKR,indicative,492.1966
2020-08-05,BND,LKR,indicative,134.7518
2020-08-05,BRL,LKR,indicative,35.0686
2020-08-05,CAD,LKR,indicative,139.5189
2020-08-05,CHF,LKR,indicative,203.2791
2020-08-05,CNH,LKR,indicative,26.6339
2020-08-05,CNY,LKR,indicative,26.6458
2020-08-05,CZK,LKR,indicative,8.39
2020-08-05,DKK,LKR,indicative,29.4223
2020-08-05,EGP,LKR,indicative,11.6043
2020-08-05,EUR,LKR,indicative,219.1754
2020-08-05,GBP,LKR,indicative,242.7036
2020-08-05,GHS,LKR,indicative,32.1304
2020-08-05,HKD,LKR,indicative,23.9419
2020-08-05,HUF,LKR,indicative,0.6331
2020-08-05,IDR,LKR,indicative,0.0127
2020-08-05,INR,LKR,indicative,2.472
2020-08-05,IRR,LKR,indicative,0.0044
2020-08-05,JOD,LKR,indicative,261.7111
2020-08-05,JPY,LKR,indicative,1.7579
2020-08-05,KES,LKR,indicative,1.72
2020-08-05,KRW,LKR,indicative,0.1558
2020-08-05,KWD,LKR,indicative,606.4821
2020-08-05,MMK,LKR,indicative,0.1363
2020-08-05,MOP,LKR,indicative,23.2435
2020-08-05,MUR,LKR,indicative,4.6739
2020-08-05,MVR,LKR,indicative,12.0021
2020-08-05,MYR,LKR,indicative,44.0849
2020-08-05,NGN,LKR,indicative,0.487
2020-08-05,NOK,LKR,indicative,20.436
2020-08-05,NPR,LKR,indicative,1.5451
2020-08-05,NZD,LKR,indicative,123.1888
2020-08-05,OMR,LKR,indicative,481.9376
2020-08-05,PGK,LKR,indicative,53.4393
2020-08-05,PHP,LKR,indicative,3.7814
2020-08-05,PKR,LKR,indicative,1.1035
2020-08-05,PLN,LKR,indicative,49.8451
2020-08-05,QAR,LKR,indicative,50.9622
2020-08-05,RON,LKR,indicative,45.347
2020-08-05,RUB,LKR,indicative,2.525
2020-08-05,SAR,LKR,indicative,49.4723
2020-08-05,SBD,LKR,indicative,22.8045
2020-08-05,SCR,LKR,indicative,10.4068
2020-08-05,SEK,LKR,indicative,21.3062
2020-08-05,SGD,LKR,indicative,135.2527
2020-08-05,THB,LKR,indicative,5.9817
2020-08-05,TWD,LKR,indicative,6.3211
2020-08-05,USD,LKR,indicative,185.5532
2020-08-05,VND,LKR,indicative,0.008
2020-08-05,XAU,LKR,indicative,373601.2648
2020-08-05,ZAR,LKR,indicative,10.6937
2020-08-05,ZMW,LKR,indicative,10.1645
2020-08-06,AED,LKR,indicative,50.5023
2020-08-06,AUD,LKR,indicative,133.3299
2020-08-06,BDT,LKR,indicative,2.1839
2020-08-06,BHD,LKR,indicative,491.2672
2020-08-06,BND,LKR,indicative,133.0196
2020-08-06,BRL,LKR,indicative,35.475
2020-08-06,CAD,LKR,indicative,139.7277
2020-08-06,CHF,LKR,indicative,204.163
2020-08-06,CNH,LKR,indicative,26.6933
2020-08-06,CNY,LKR,indicative,26.7029
2020-08-06,CZK,LKR,indicative,8.4406
2020-08-06,DKK,LKR,indicative,29.5464
2020-08-06,EGP,LKR,indicative,11.4649
2020-08-06,EUR,LKR,indicative,220.1544
2020-08-06,GBP,LKR,indicative,243.4628
2020-08-06,GHS,LKR,indicative,32.0384
2020-08-06,HKD,LKR,indicative,23.935
2020-08-06,HUF,LKR,indicative,0.6388
2020-08-06,IDR,LKR,indicative,0.0127
2020-08-06,INR,LKR,indicative,2.4328
2020-08-06,IRR,LKR,indicative,0.0044
2020-08-06,JOD,LKR,indicative,261.6396
2020-08-06,JPY,LKR,indicative,1.7572
2020-08-06,KES,LKR,indicative,1.7451
2020-08-06,KRW,LKR,indicative,0.1564
2020-08-06,KWD,LKR,indicative,603.0837
2020-08-06,MMK,LKR,indicative,0.1327
2020-08-06,MOP,LKR,indicative,23.2226
2020-08-06,MUR,LKR,indicative,4.6667
2020-08-06,MVR,LKR,indicative,11.9989
2020-08-06,MYR,LKR,indicative,44.2674
2020-08-06,NGN,LKR,indicative,0.5146
2020-08-06,NOK,LKR,indicative,20.717
2020-08-06,NPR,LKR,indicative,1.5224
2020-08-06,NZD,LKR,indicative,123.0067
2020-08-06,OMR,LKR,indicative,481.8247
2020-08-06,PGK,LKR,indicative,52.9146
2020-08-06,PHP,LKR,indicative,3.7819
2020-08-06,PKR,LKR,indicative,1.1198
2020-08-06,PLN,LKR,indicative,50.0209
2020-08-06,QAR,LKR,indicative,50.9377
2020-08-06,RON,LKR,indicative,45.5579
2020-08-06,RUB,LKR,indicative,2.5476
2020-08-06,SAR,LKR,indicative,49.4502
2020-08-06,SBD,LKR,indicative,22.5849
2020-08-06,SCR,LKR,indicative,10.5459
2020-08-06,SEK,LKR,indicative,21.4087
2020-08-06,SGD,LKR,indicative,135.3835
2020-08-06,THB,LKR,indicative,5.9695
2020-08-06,TWD,LKR,indicative,6.3214
2020-08-06,USD,LKR,indicative,185.5025
2020-08-06,VND,LKR,indicative,0.008
2020-08-06,XAU,LKR,indicative,378308.6044
2020-08-06,ZAR,LKR,indicative,10.7194
2020-08-06,ZMW,LKR,indicative,10.1785
2020-08-07,AED,LKR,indicative,50.4862
2020-08-07,AUD,LKR,indicative,133.7419
2020-08-07,BDT,LKR,indicative,2.1871
2020-08-07,BHD,LKR,indicative,491.9252
2020-08-07,BND,LKR,indicative,132.9773
2020-08-07,BRL,LKR,indicative,34.7745
2020-08-07,CAD,LKR,indicative,138.9714
2020-08-07,CHF,LKR,indicative,203.4041
2020-08-07,CNH,LKR,indicative,26.6084
2020-08-07,CNY,LKR,indicative,26.6224
2020-08-07,CZK,LKR,indicative,8.3439
2020-08-07,DKK,LKR,indicative,29.4952
2020-08-07,EGP,LKR,indicative,11.612
2020-08-07,EUR,LKR,indicative,219.7135
2020-08-07,GBP,LKR,indicative,243.2277
2020-08-07,GHS,LKR,indicative,32.1114
2020-08-07,HKD,LKR,indicative,23.9277
2020-08-07,HUF,LKR,indicative,0.6347
2020-08-07,IDR,LKR,indicative,0.0127
2020-08-07,INR,LKR,indicative,2.4759
2020-08-07,IRR,LKR,indicative,0.0044
2020-08-07,JOD,LKR,indicative,261.5564
2020-08-07,JPY,LKR,indicative,1.7563
2020-08-07,KES,LKR,indicative,1.7163
2020-08-07,KRW,LKR,indicative,0.1561
2020-08-07,KWD,LKR,indicative,607.1157
2020-08-07,MMK,LKR,indicative,0.1365
2020-08-07,MOP,LKR,indicative,23.2182
2020-08-07,MUR,LKR,indicative,4.6711
2020-08-07,MVR,LKR,indicative,11.9951
2020-08-07,MYR,LKR,indicative,44.2006
2020-08-07,NGN,LKR,indicative,0.4864
2020-08-07,NOK,LKR,indicative,20.5945
2020-08-07,NPR,LKR,indicative,1.5467
2020-08-07,NZD,LKR,indicative,123.7186
2020-08-07,OMR,LKR,indicative,481.6839
2020-08-07,PGK,LKR,indicative,53.4077
2020-08-07,PHP,LKR,indicative,3.7769
2020-08-07,PKR,LKR,indicative,1.1002
2020-08-07,PLN,LKR,indicative,49.7234
2020-08-07,QAR,LKR,indicative,50.932
2020-08-07,RON,LKR,indicative,45.4251
2020-08-07,RUB,LKR,indicative,2.5312
2020-08-07,SAR,LKR,indicative,49.4483
2020-08-07,SBD,LKR,indicative,22.5499
2020-08-07,SCR,LKR,indicative,10.4006
2020-08-07,SEK,LKR,indicative,21.2987
2020-08-07,SGD,LKR,indicative,135.2368
2020-08-07,THB,LKR,indicative,5.9456
2020-08-07,TWD,LKR,indicative,6.3102
2020-08-07,USD,LKR,indicative,185.4435
2020-08-07,VND,LKR,indicative,0.008
2020-08-07,XAU,LKR,indicative,382997.3043
2020-08-07,ZAR,LKR,indicative,10.5966
2020-08-07,ZMW,LKR,indicative,10.1194
2020-08-10,AED,LKR,indicative,50.4552
2020-08-10,AUD,LKR,indicative,132.8441
2020-08-10,BDT,LKR,indicative,2.1846
2020-08-10,BHD,LKR,indicative,491.616
2020-08-10,BND,LKR,indicative,134.5893
2020-08-10,BRL,LKR,indicative,34.0764
2020-08-10,CAD,LKR,indicative,138.5848
2020-08-10,CHF,LKR,indicative,203.0117
2020-08-10,CNH,LKR,indicative,26.5852
2020-08-10,CNY,LKR,indicative,26.5877
2020-08-10,CZK,LKR,indicative,8.3124
2020-08-10,DKK,LKR,indicative,29.3533
2020-08-10,EGP,LKR,indicative,11.5777
2020-08-10,EUR,LKR,indicative,218.6331
2020-08-10,GBP,LKR,indicative,242.2997
2020-08-10,GHS,LKR,indicative,32.0917
2020-08-10,HKD,LKR,indicative,23.9124
2020-08-10,HUF,LKR,indicative,0.6317
2020-08-10,IDR,LKR,indicative,0.0126
2020-08-10,INR,LKR,indicative,2.4702
2020-08-10,IRR,LKR,indicative,0.0044
2020-08-10,JOD,LKR,indicative,261.3955
2020-08-10,JPY,LKR,indicative,1.7519
2020-08-10,KES,LKR,indicative,1.716
2020-08-10,KRW,LKR,indicative,0.1561
2020-08-10,KWD,LKR,indicative,606.0081
2020-08-10,MMK,LKR,indicative,0.1367
2020-08-10,MOP,LKR,indicative,23.2039
2020-08-10,MUR,LKR,indicative,4.6706
2020-08-10,MVR,LKR,indicative,11.9877
2020-08-10,MYR,LKR,indicative,44.1628
2020-08-10,NGN,LKR,indicative,0.4861
2020-08-10,NOK,LKR,indicative,20.5153
2020-08-10,NPR,LKR,indicative,1.5458
2020-08-10,NZD,LKR,indicative,122.4471
2020-08-10,OMR,LKR,indicative,481.3751
2020-08-10,PGK,LKR,indicative,53.3749
2020-08-10,PHP,LKR,indicative,3.7778
2020-08-10,PKR,LKR,indicative,1.1005
2020-08-10,PLN,LKR,indicative,49.5182
2020-08-10,QAR,LKR,indicative,50.9007
2020-08-10,RON,LKR,indicative,45.1417
2020-08-10,RUB,LKR,indicative,2.5147
2020-08-10,SAR,LKR,indicative,49.408
2020-08-10,SBD,LKR,indicative,22.814
2020-08-10,SCR,LKR,indicative,10.3942
2020-08-10,SEK,LKR,indicative,21.1965
2020-08-10,SGD,LKR,indicative,135.0551
2020-08-10,THB,LKR,indicative,5.941
2020-08-10,TWD,LKR,indicative,6.3039
2020-08-10,USD,LKR,indicative,185.3294
2020-08-10,VND,LKR,indicative,0.008
2020-08-10,XAU,LKR,indicative,376263.402
2020-08-10,ZAR,LKR,indicative,10.5188
2020-08-10,ZMW,LKR,indicative,10.0586
2020-08-11,AED,LKR,indicative,50.3145
2020-08-11,AUD,LKR,indicative,132.6124
2020-08-11,BDT,LKR,indicative,2.1786
2020-08-11,BHD,LKR,indicative,490.2454
2020-08-11,BND,LKR,indicative,134.214
2020-08-11,BRL,LKR,indicative,33.7139
2020-08-11,CAD,LKR,indicative,138.6234
2020-08-11,CHF,LKR,indicative,201.9259
2020-08-11,CNH,LKR,indicative,26.6038
2020-08-11,CNY,LKR,indicative,26.5916
2020-08-11,CZK,LKR,indicative,8.2883
2020-08-11,DKK,LKR,indicative,29.1668
2020-08-11,EGP,LKR,indicative,11.5616
2020-08-11,EUR,LKR,indicative,217.1457
2020-08-11,GBP,LKR,indicative,242.003
2020-08-11,GHS,LKR,indicative,32.1134
2020-08-11,HKD,LKR,indicative,23.8463
2020-08-11,HUF,LKR,indicative,0.63
2020-08-11,IDR,LKR,indicative,0.0126
2020-08-11,INR,LKR,indicative,2.4683
2020-08-11,IRR,LKR,indicative,0.0044
2020-08-11,JOD,LKR,indicative,260.6667
2020-08-11,JPY,LKR,indicative,1.7438
2020-08-11,KES,LKR,indicative,1.7096
2020-08-11,KRW,LKR,indicative,0.1561
2020-08-11,KWD,LKR,indicative,604.1605
2020-08-11,MMK,LKR,indicative,0.1355
2020-08-11,MOP,LKR,indicative,23.1406
2020-08-11,MUR,LKR,indicative,4.6494
2020-08-11,MVR,LKR,indicative,11.9542
2020-08-11,MYR,LKR,indicative,43.9925
2020-08-11,NGN,LKR,indicative,0.4847
2020-08-11,NOK,LKR,indicative,20.542
2020-08-11,NPR,LKR,indicative,1.5422
2020-08-11,NZD,LKR,indicative,122.2536
2020-08-11,OMR,LKR,indicative,480.0455
2020-08-11,PGK,LKR,indicative,53.2261
2020-08-11,PHP,LKR,indicative,3.7734
2020-08-11,PKR,LKR,indicative,1.0968
2020-08-11,PLN,LKR,indicative,49.3822
2020-08-11,QAR,LKR,indicative,50.7588
2020-08-11,RON,LKR,indicative,44.9409
2020-08-11,RUB,LKR,indicative,2.5182
2020-08-11,SAR,LKR,indicative,49.2827
2020-08-11,SBD,LKR,indicative,22.7504
2020-08-11,SCR,LKR,indicative,10.3653
2020-08-11,SEK,LKR,indicative,21.1116
2020-08-11,SGD,LKR,indicative,134.6197
2020-08-11,THB,LKR,indicative,5.9435
2020-08-11,TWD,LKR,indicative,6.2881
2020-08-11,USD,LKR,indicative,184.8127
2020-08-11,VND,LKR,indicative,0.008
2020-08-11,XAU,LKR,indicative,373221.1713
2020-08-11,ZAR,LKR,indicative,10.4662
2020-08-11,ZMW,LKR,indicative,10.0485
2020-08-12,AED,LKR,indicative,50.1687
2020-08-12,AUD,LKR,indicative,131.2699
2020-08-12,BDT,LKR,indicative,2.1698
2020-08-12,BHD,LKR,indicative,488.8054
2020-08-12,BND,LKR,indicative,134.215
2020-08-12,BRL,LKR,indicative,34.2399
2020-08-12,CAD,LKR,indicative,138.2114
2020-08-12,CHF,LKR,indicative,200.5411
2020-08-12,CNH,LKR,indicative,26.504
2020-08-12,CNY,LKR,indicative,26.4915
2020-08-12,CZK,LKR,indicative,8.2554
2020-08-12,DKK,LKR,indicative,29.0132
2020-08-12,EGP,LKR,indicative,11.5317
2020-08-12,EUR,LKR,indicative,216.0742
2020-08-12,GBP,LKR,indicative,240.1685
2020-08-12,GHS,LKR,indicative,32.0204
2020-08-12,HKD,LKR,indicative,23.7772
2020-08-12,HUF,LKR,indicative,0.6262
2020-08-12,IDR,LKR,indicative,0.0126
2020-08-12,INR,LKR,indicative,2.4695
2020-08-12,IRR,LKR,indicative,0.0044
2020-08-12,JOD,LKR,indicative,259.9114
2020-08-12,JPY,LKR,indicative,1.7278
2020-08-12,KES,LKR,indicative,1.7015
2020-08-12,KRW,LKR,indicative,0.1554
2020-08-12,KWD,LKR,indicative,602.5281
2020-08-12,MMK,LKR,indicative,0.1347
2020-08-12,MOP,LKR,indicative,23.0721
2020-08-12,MUR,LKR,indicative,4.6359
2020-08-12,MVR,LKR,indicative,11.9196
2020-08-12,MYR,LKR,indicative,43.8494
2020-08-12,NGN,LKR,indicative,0.4837
2020-08-12,NOK,LKR,indicative,20.3907
2020-08-12,NPR,LKR,indicative,1.5403
2020-08-12,NZD,LKR,indicative,120.6647
2020-08-12,OMR,LKR,indicative,478.6545
2020-08-12,PGK,LKR,indicative,53.0718
2020-08-12,PHP,LKR,indicative,3.7628
2020-08-12,PKR,LKR,indicative,1.094
2020-08-12,PLN,LKR,indicative,49.0229
2020-08-12,QAR,LKR,indicative,50.6117
2020-08-12,RON,LKR,indicative,44.7041
2020-08-12,RUB,LKR,indicative,2.5154
2020-08-12,SAR,LKR,indicative,49.138
2020-08-12,SBD,LKR,indicative,22.4081
2020-08-12,SCR,LKR,indicative,10.3352
2020-08-12,SEK,LKR,indicative,20.9885
2020-08-12,SGD,LKR,indicative,134.0442
2020-08-12,THB,LKR,indicative,5.9139
2020-08-12,TWD,LKR,indicative,6.2643
2020-08-12,USD,LKR,indicative,184.2772
2020-08-12,VND,LKR,indicative,0.008
2020-08-12,XAU,LKR,indicative,347883.9436
2020-08-12,ZAR,LKR,indicative,10.4979
2020-08-12,ZMW,LKR,indicative,10.0596
2020-08-13,AED,LKR,indicative,49.9466
2020-08-13,AUD,LKR,indicative,131.5602
2020-08-13,BDT,LKR,indicative,2.1629
2020-08-13,BHD,LKR,indicative,486.6479
2020-08-13,BND,LKR,indicative,133.6695
2020-08-13,BRL,LKR,indicative,33.7481
2020-08-13,CAD,LKR,indicative,138.5765
2020-08-13,CHF,LKR,indicative,201.451
2020-08-13,CNH,LKR,indicative,26.4519
2020-08-13,CNY,LKR,indicative,26.4397
2020-08-13,CZK,LKR,indicative,8.2902
2020-08-13,DKK,LKR,indicative,29.0913
2020-08-13,EGP,LKR,indicative,11.4879
2020-08-13,EUR,LKR,indicative,216.6404
2020-08-13,GBP,LKR,indicative,239.6465
2020-08-13,GHS,LKR,indicative,31.8509
2020-08-13,HKD,LKR,indicative,23.6705
2020-08-13,HUF,LKR,indicative,0.6273
2020-08-13,IDR,LKR,indicative,0.0124
2020-08-13,INR,LKR,indicative,2.4529
2020-08-13,IRR,LKR,indicative,0.0044
2020-08-13,JOD,LKR,indicative,258.7608
2020-08-13,JPY,LKR,indicative,1.7188
2020-08-13,KES,LKR,indicative,1.6917
2020-08-13,KRW,LKR,indicative,0.155
2020-08-13,KWD,LKR,indicative,599.3512
2020-08-13,MMK,LKR,indicative,0.1338
2020-08-13,MOP,LKR,indicative,22.97
2020-08-13,MUR,LKR,indicative,4.5865
2020-08-13,MVR,LKR,indicative,11.8668
2020-08-13,MYR,LKR,indicative,43.8117
2020-08-13,NGN,LKR,indicative,0.4815
2020-08-13,NOK,LKR,indicative,20.5776
2020-08-13,NPR,LKR,indicative,1.5322
2020-08-13,NZD,LKR,indicative,120.6075
2020-08-13,OMR,LKR,indicative,476.5355
2020-08-13,PGK,LKR,indicative,52.8369
2020-08-13,PHP,LKR,indicative,3.752
2020-08-13,PKR,LKR,indicative,1.0904
2020-08-13,PLN,LKR,indicative,49.2071
2020-08-13,QAR,LKR,indicative,50.3773
2020-08-13,RON,LKR,indicative,44.821
2020-08-13,RUB,LKR,indicative,2.497
2020-08-13,SAR,LKR,indicative,48.9204
2020-08-13,SBD,LKR,indicative,22.3089
2020-08-13,SCR,LKR,indicative,10.2895
2020-08-13,SEK,LKR,indicative,21.151
2020-08-13,SGD,LKR,indicative,133.8011
2020-08-13,THB,LKR,indicative,5.9086
2020-08-13,TWD,LKR,indicative,6.2389
2020-08-13,USD,LKR,indicative,183.4614
2020-08-13,VND,LKR,indicative,0.0079
2020-08-13,XAU,LKR,indicative,355293.5396
2020-08-13,ZAR,LKR,indicative,10.5017
2020-08-13,ZMW,LKR,indicative,9.9824
2020-08-14,AED,LKR,indicative,49.7244
2020-08-14,AUD,LKR,indicative,130.4177
2020-08-14,BDT,LKR,indicative,2.1531
2020-08-14,BHD,LKR,indicative,484.5016
2020-08-14,BND,LKR,indicative,133.1426
2020-08-14,BRL,LKR,indicative,34.0232
2020-08-14,CAD,LKR,indicative,138.0954
2020-08-14,CHF,LKR,indicative,200.7308
2020-08-14,CNH,LKR,indicative,26.2904
2020-08-14,CNY,LKR,indicative,26.2812
2020-08-14,CZK,LKR,indicative,8.2522
2020-08-14,DKK,LKR,indicative,28.9658
2020-08-14,EGP,LKR,indicative,11.4655
2020-08-14,EUR,LKR,indicative,215.7403
2020-08-14,GBP,LKR,indicative,238.4978
2020-08-14,GHS,LKR,indicative,31.7092
2020-08-14,HKD,LKR,indicative,23.566
2020-08-14,HUF,LKR,indicative,0.6247
2020-08-14,IDR,LKR,indicative,0.0123
2020-08-14,INR,LKR,indicative,2.4414
2020-08-14,IRR,LKR,indicative,0.0043
2020-08-14,JOD,LKR,indicative,257.6093
2020-08-14,JPY,LKR,indicative,1.708
2020-08-14,KES,LKR,indicative,1.6865
2020-08-14,KRW,LKR,indicative,0.154
2020-08-14,KWD,LKR,indicative,597.2304
2020-08-14,MMK,LKR,indicative,0.1341
2020-08-14,MOP,LKR,indicative,22.8678
2020-08-14,MUR,LKR,indicative,4.6029
2020-08-14,MVR,LKR,indicative,11.814
2020-08-14,MYR,LKR,indicative,43.5128
2020-08-14,NGN,LKR,indicative,0.4793
2020-08-14,NOK,LKR,indicative,20.548
2020-08-14,NPR,LKR,indicative,1.5252
2020-08-14,NZD,LKR,indicative,119.4133
2020-08-14,OMR,LKR,indicative,474.4272
2020-08-14,PGK,LKR,indicative,52.6018
2020-08-14,PHP,LKR,indicative,3.7398
2020-08-14,PKR,LKR,indicative,1.0856
2020-08-14,PLN,LKR,indicative,49.0362
2020-08-14,QAR,LKR,indicative,50.1531
2020-08-14,RON,LKR,indicative,44.639
2020-08-14,RUB,LKR,indicative,2.5015
2020-08-14,SAR,LKR,indicative,48.7047
2020-08-14,SBD,LKR,indicative,22.4836
2020-08-14,SCR,LKR,indicative,10.2437
2020-08-14,SEK,LKR,indicative,21.0167
2020-08-14,SGD,LKR,indicative,132.9972
2020-08-14,THB,LKR,indicative,5.8832
2020-08-14,TWD,LKR,indicative,6.2078
2020-08-14,USD,LKR,indicative,182.645
2020-08-14,VND,LKR,indicative,0.0079
2020-08-14,XAU,LKR,indicative,356622.134
2020-08-14,ZAR,LKR,indicative,10.469
2020-08-14,ZMW,LKR,indicative,9.8949
2020-08-17,AED,LKR,indicative,49.7708
2020-08-17,AUD,LKR,indicative,131.4809
2020-08-17,BDT,LKR,indicative,2.1533
2020-08-17,BHD,LKR,indicative,484.9732
2020-08-17,BND,LKR,indicative,133.4468
2020-08-17,BRL,LKR,indicative,33.7195
2020-08-17,CAD,LKR,indicative,137.9583
2020-08-17,CHF,LKR,indicative,201.0619
2020-08-17,CNH,LKR,indicative,26.3503
2020-08-17,CNY,LKR,indicative,26.3317
2020-08-17,CZK,LKR,indicative,8.314
2020-08-17,DKK,LKR,indicative,29.1114
2020-08-17,EGP,LKR,indicative,11.4852
2020-08-17,EUR,LKR,indicative,216.8192
2020-08-17,GBP,LKR,indicative,239.5706
2020-08-17,GHS,LKR,indicative,31.7664
2020-08-17,HKD,LKR,indicative,23.5877
2020-08-17,HUF,LKR,indicative,0.626
2020-08-17,IDR,LKR,indicative,0.0124
2020-08-17,INR,LKR,indicative,2.4407
2020-08-17,IRR,LKR,indicative,0.0044
2020-08-17,JOD,LKR,indicative,257.8498
2020-08-17,JPY,LKR,indicative,1.7157
2020-08-17,KES,LKR,indicative,1.6873
2020-08-17,KRW,LKR,indicative,0.1544
2020-08-17,KWD,LKR,indicative,597.7293
2020-08-17,MMK,LKR,indicative,0.1344
2020-08-17,MOP,LKR,indicative,22.8891
2020-08-17,MUR,LKR,indicative,4.6107
2020-08-17,MVR,LKR,indicative,11.8251
2020-08-17,MYR,LKR,indicative,43.694
2020-08-17,NGN,LKR,indicative,0.4817
2020-08-17,NOK,LKR,indicative,20.604
2020-08-17,NPR,LKR,indicative,1.5254
2020-08-17,NZD,LKR,indicative,119.6527
2020-08-17,OMR,LKR,indicative,474.8578
2020-08-17,PGK,LKR,indicative,51.9653
2020-08-17,PHP,LKR,indicative,3.7571
2020-08-17,PKR,LKR,indicative,1.0874
2020-08-17,PLN,LKR,indicative,49.2957
2020-08-17,QAR,LKR,indicative,50.2013
2020-08-17,RON,LKR,indicative,44.8198
2020-08-17,RUB,LKR,indicative,2.5027
2020-08-17,SAR,LKR,indicative,48.7489
2020-08-17,SBD,LKR,indicative,22.2304
2020-08-17,SCR,LKR,indicative,10.033
2020-08-17,SEK,LKR,indicative,21.0787
2020-08-17,SGD,LKR,indicative,133.4468
2020-08-17,THB,LKR,indicative,5.8755
2020-08-17,TWD,LKR,indicative,6.2165
2020-08-17,USD,LKR,indicative,182.8155
2020-08-17,VND,LKR,indicative,0.0079
2020-08-17,XAU,LKR,indicative,354822.518
2020-08-17,ZAR,LKR,indicative,10.5238
2020-08-17,ZMW,LKR,indicative,9.8288
2020-08-18,AED,LKR,indicative,49.9041
2020-08-18,AUD,LKR,indicative,132.3464
2020-08-18,BDT,LKR,indicative,2.1609
2020-08-18,BHD,LKR,indicative,486.2723
2020-08-18,BND,LKR,indicative,134.1274
2020-08-18,BRL,LKR,indicative,33.2708
2020-08-18,CAD,LKR,indicative,138.9518
2020-08-18,CHF,LKR,indicative,202.5248
2020-08-18,CNH,LKR,indicative,26.4662
2020-08-18,CNY,LKR,indicative,26.4468
2020-08-18,CZK,LKR,indicative,8.3358
2020-08-18,DKK,LKR,indicative,29.2759
2020-08-18,EGP,LKR,indicative,11.5105
2020-08-18,EUR,LKR,indicative,218.0232
2020-08-18,GBP,LKR,indicative,240.753
2020-08-18,GHS,LKR,indicative,31.8515
2020-08-18,HKD,LKR,indicative,23.6515
2020-08-18,HUF,LKR,indicative,0.6245
2020-08-18,IDR,LKR,indicative,0.0124
2020-08-18,INR,LKR,indicative,2.4524
2020-08-18,IRR,LKR,indicative,0.0044
2020-08-18,JOD,LKR,indicative,258.5405
2020-08-18,JPY,LKR,indicative,1.7349
2020-08-18,KES,LKR,indicative,1.6926
2020-08-18,KRW,LKR,indicative,0.1546
2020-08-18,KWD,LKR,indicative,599.4872
2020-08-18,MMK,LKR,indicative,0.1346
2020-08-18,MOP,LKR,indicative,22.9504
2020-08-18,MUR,LKR,indicative,4.6254
2020-08-18,MVR,LKR,indicative,11.8567
2020-08-18,MYR,LKR,indicative,43.7744
2020-08-18,NGN,LKR,indicative,0.4805
2020-08-18,NOK,LKR,indicative,20.7636
2020-08-18,NPR,LKR,indicative,1.5298
2020-08-18,NZD,LKR,indicative,119.9458
2020-08-18,OMR,LKR,indicative,476.1298
2020-08-18,PGK,LKR,indicative,52.7919
2020-08-18,PHP,LKR,indicative,3.77
2020-08-18,PKR,LKR,indicative,1.0879
2020-08-18,PLN,LKR,indicative,49.5426
2020-08-18,QAR,LKR,indicative,50.3447
2020-08-18,RON,LKR,indicative,45.1085
2020-08-18,RUB,LKR,indicative,2.4894
2020-08-18,SAR,LKR,indicative,48.8794
2020-08-18,SBD,LKR,indicative,22.2807
2020-08-18,SCR,LKR,indicative,10.2807
2020-08-18,SEK,LKR,indicative,21.1454
2020-08-18,SGD,LKR,indicative,134.1274
2020-08-18,THB,LKR,indicative,5.8855
2020-08-18,TWD,LKR,indicative,6.234
2020-08-18,USD,LKR,indicative,183.3052
2020-08-18,VND,LKR,indicative,0.0079
2020-08-18,XAU,LKR,indicative,365571.0412
2020-08-18,ZAR,LKR,indicative,10.473
2020-08-18,ZMW,LKR,indicative,9.8171
2020-08-19,AED,LKR,indicative,50.1146
2020-08-19,AUD,LKR,indicative,133.2359
2020-08-19,BDT,LKR,indicative,2.1712
2020-08-19,BHD,LKR,indicative,488.3037
2020-08-19,BND,LKR,indicative,134.8411
2020-08-19,BRL,LKR,indicative,33.6687
2020-08-19,CAD,LKR,indicative,139.8346
2020-08-19,CHF,LKR,indicative,203.6828
2020-08-19,CNH,LKR,indicative,26.6248
2020-08-19,CNY,LKR,indicative,26.5973
2020-08-19,CZK,LKR,indicative,8.415
2020-08-19,DKK,LKR,indicative,29.5054
2020-08-19,EGP,LKR,indicative,11.5482
2020-08-19,EUR,LKR,indicative,219.6882
2020-08-19,GBP,LKR,indicative,243.7381
2020-08-19,GHS,LKR,indicative,31.9858
2020-08-19,HKD,LKR,indicative,23.7516
2020-08-19,HUF,LKR,indicative,0.6302
2020-08-19,IDR,LKR,indicative,0.0125
2020-08-19,INR,LKR,indicative,2.4684
2020-08-19,IRR,LKR,indicative,0.0044
2020-08-19,JOD,LKR,indicative,259.6309
2020-08-19,JPY,LKR,indicative,1.7461
2020-08-19,KES,LKR,indicative,1.6974
2020-08-19,KRW,LKR,indicative,0.1556
2020-08-19,KWD,LKR,indicative,602.6463
2020-08-19,MMK,LKR,indicative,0.1356
2020-08-19,MOP,LKR,indicative,23.0472
2020-08-19,MUR,LKR,indicative,4.6367
2020-08-19,MVR,LKR,indicative,11.9067
2020-08-19,MYR,LKR,indicative,44.0115
2020-08-19,NGN,LKR,indicative,0.4825
2020-08-19,NOK,LKR,indicative,20.8157
2020-08-19,NPR,LKR,indicative,1.5389
2020-08-19,NZD,LKR,indicative,121.5377
2020-08-19,OMR,LKR,indicative,478.1068
2020-08-19,PGK,LKR,indicative,53.0146
2020-08-19,PHP,LKR,indicative,3.7915
2020-08-19,PKR,LKR,indicative,1.0941
2020-08-19,PLN,LKR,indicative,50.1918
2020-08-19,QAR,LKR,indicative,50.2466
2020-08-19,RON,LKR,indicative,45.4139
2020-08-19,RUB,LKR,indicative,2.5165
2020-08-19,SAR,LKR,indicative,49.0797
2020-08-19,SBD,LKR,indicative,22.6969
2020-08-19,SCR,LKR,indicative,10.3241
2020-08-19,SEK,LKR,indicative,21.2973
2020-08-19,SGD,LKR,indicative,134.8411
2020-08-19,THB,LKR,indicative,5.8999
2020-08-19,TWD,LKR,indicative,6.2627
2020-08-19,USD,LKR,indicative,184.0783
2020-08-19,VND,LKR,indicative,0.0079
2020-08-19,XAU,LKR,indicative,367033.5751
2020-08-19,ZAR,LKR,indicative,10.6231
2020-08-19,ZMW,LKR,indicative,9.8498
2020-08-20,AED,LKR,indicative,50.4399
2020-08-20,AUD,LKR,indicative,132.9243
2020-08-20,BDT,LKR,indicative,2.1856
2020-08-20,BHD,LKR,indicative,491.4539
2020-08-20,BND,LKR,indicative,135.1915
2020-08-20,BRL,LKR,indicative,33.336
2020-08-20,CAD,LKR,indicative,140.072
2020-08-20,CHF,LKR,indicative,202.3627
2020-08-20,CNH,LKR,indicative,26.7767
2020-08-20,CNY,LKR,indicative,26.7589
2020-08-20,CZK,LKR,indicative,8.4058
2020-08-20,DKK,LKR,indicative,29.4559
2020-08-20,EGP,LKR,indicative,11.6305
2020-08-20,EUR,LKR,indicative,219.3357
2020-08-20,GBP,LKR,indicative,242.5597
2020-08-20,GHS,LKR,indicative,32.1097
2020-08-20,HKD,LKR,indicative,23.9061
2020-08-20,HUF,LKR,indicative,0.6272
2020-08-20,IDR,LKR,indicative,0.0125
2020-08-20,INR,LKR,indicative,2.4753
2020-08-20,IRR,LKR,indicative,0.0044
2020-08-20,JOD,LKR,indicative,261.3162
2020-08-20,JPY,LKR,indicative,1.7459
2020-08-20,KES,LKR,indicative,1.7076
2020-08-20,KRW,LKR,indicative,0.1561
2020-08-20,KWD,LKR,indicative,606.7568
2020-08-20,MMK,LKR,indicative,0.1361
2020-08-20,MOP,LKR,indicative,23.1983
2020-08-20,MUR,LKR,indicative,4.6668
2020-08-20,MVR,LKR,indicative,11.984
2020-08-20,MYR,LKR,indicative,44.4034
2020-08-20,NGN,LKR,indicative,0.4856
2020-08-20,NOK,LKR,indicative,20.7438
2020-08-20,NPR,LKR,indicative,1.5476
2020-08-20,NZD,LKR,indicative,121.4281
2020-08-20,OMR,LKR,indicative,481.2103
2020-08-20,PGK,LKR,indicative,53.1734
2020-08-20,PHP,LKR,indicative,3.8093
2020-08-20,PKR,LKR,indicative,1.1009
2020-08-20,PLN,LKR,indicative,49.818
2020-08-20,QAR,LKR,indicative,50.5693
2020-08-20,RON,LKR,indicative,45.319
2020-08-20,RUB,LKR,indicative,2.5267
2020-08-20,SAR,LKR,indicative,49.3996
2020-08-20,SBD,LKR,indicative,22.6033
2020-08-20,SCR,LKR,indicative,10.3911
2020-08-20,SEK,LKR,indicative,21.2736
2020-08-20,SGD,LKR,indicative,135.1915
2020-08-20,THB,LKR,indicative,5.9042
2020-08-20,TWD,LKR,indicative,6.3003
2020-08-20,USD,LKR,indicative,185.2732
2020-08-20,VND,LKR,indicative,0.008
2020-08-20,XAU,LKR,indicative,359550.1021
2020-08-20,ZAR,LKR,indicative,10.7167
2020-08-20,ZMW,LKR,indicative,9.8158
2020-08-21,AED,LKR,indicative,50.6552
2020-08-21,AUD,LKR,indicative,133.9569
2020-08-21,BDT,LKR,indicative,2.1952
2020-08-21,BHD,LKR,indicative,493.5521
2020-08-21,BND,LKR,indicative,136.0865
2020-08-21,BRL,LKR,indicative,33.4822
2020-08-21,CAD,LKR,indicative,141.252
2020-08-21,CHF,LKR,indicative,205.052
2020-08-21,CNH,LKR,indicative,26.9604
2020-08-21,CNY,LKR,indicative,26.9305
2020-08-21,CZK,LKR,indicative,8.4783
2020-08-21,DKK,LKR,indicative,29.6507
2020-08-21,EGP,LKR,indicative,11.6801
2020-08-21,EUR,LKR,indicative,220.7745
2020-08-21,GBP,LKR,indicative,246.1164
2020-08-21,GHS,LKR,indicative,32.2468
2020-08-21,HKD,LKR,indicative,24.0081
2020-08-21,HUF,LKR,indicative,0.6336
2020-08-21,IDR,LKR,indicative,0.0126
2020-08-21,INR,LKR,indicative,2.4804
2020-08-21,IRR,LKR,indicative,0.0044
2020-08-21,JOD,LKR,indicative,262.4319
2020-08-21,JPY,LKR,indicative,1.7611
2020-08-21,KES,LKR,indicative,1.722
2020-08-21,KRW,LKR,indicative,0.157
2020-08-21,KWD,LKR,indicative,608.2517
2020-08-21,MMK,LKR,indicative,0.1367
2020-08-21,MOP,LKR,indicative,23.2959
2020-08-21,MUR,LKR,indicative,4.6868
2020-08-21,MVR,LKR,indicative,12.0352
2020-08-21,MYR,LKR,indicative,44.5449
2020-08-21,NGN,LKR,indicative,0.4877
2020-08-21,NOK,LKR,indicative,20.8768
2020-08-21,NPR,LKR,indicative,1.5499
2020-08-21,NZD,LKR,indicative,121.6116
2020-08-21,OMR,LKR,indicative,483.2774
2020-08-21,PGK,LKR,indicative,53.4004
2020-08-21,PHP,LKR,indicative,3.8277
2020-08-21,PKR,LKR,indicative,1.1042
2020-08-21,PLN,LKR,indicative,50.3713
2020-08-21,QAR,LKR,indicative,50.7298
2020-08-21,RON,LKR,indicative,45.6269
2020-08-21,RUB,LKR,indicative,2.517
2020-08-21,SAR,LKR,indicative,49.6092
2020-08-21,SBD,LKR,indicative,22.6998
2020-08-21,SCR,LKR,indicative,10.4355
2020-08-21,SEK,LKR,indicative,21.3627
2020-08-21,SGD,LKR,indicative,136.0865
2020-08-21,THB,LKR,indicative,5.9209
2020-08-21,TWD,LKR,indicative,6.3338
2020-08-21,USD,LKR,indicative,186.0642
2020-08-21,VND,LKR,indicative,0.008
2020-08-21,XAU,LKR,indicative,362097.679
2020-08-21,ZAR,LKR,indicative,10.7929
2020-08-21,ZMW,LKR,indicative,9.7503
2020-08-24,AED,LKR,indicative,50.1263
2020-08-24,AUD,LKR,indicative,132.107
2020-08-24,BDT,LKR,indicative,2.1719
2020-08-24,BHD,LKR,indicative,488.3984
2020-08-24,BND,LKR,indicative,134.2432
2020-08-24,BRL,LKR,indicative,32.7644
2020-08-24,CAD,LKR,indicative,139.8036
2020-08-24,CHF,LKR,indicative,201.8763
2020-08-24,CNH,LKR,indicative,26.6327
2020-08-24,CNY,LKR,indicative,26.6156
2020-08-24,CZK,LKR,indicative,8.3351
2020-08-24,DKK,LKR,indicative,29.186
2020-08-24,EGP,LKR,indicative,11.5509
2020-08-24,EUR,LKR,indicative,217.3
2020-08-24,GBP,LKR,indicative,241.0792
2020-08-24,GHS,LKR,indicative,31.8549
2020-08-24,HKD,LKR,indicative,23.7568
2020-08-24,HUF,LKR,indicative,0.6191
2020-08-24,IDR,LKR,indicative,0.0125
2020-08-24,INR,LKR,indicative,2.4575
2020-08-24,IRR,LKR,indicative,0.0044
2020-08-24,JOD,LKR,indicative,259.6915
2020-08-24,JPY,LKR,indicative,1.7409
2020-08-24,KES,LKR,indicative,1.7048
2020-08-24,KRW,LKR,indicative,0.1548
2020-08-24,KWD,LKR,indicative,602.787
2020-08-24,MMK,LKR,indicative,0.1353
2020-08-24,MOP,LKR,indicative,23.044
2020-08-24,MUR,LKR,indicative,4.6378
2020-08-24,MVR,LKR,indicative,11.9095
2020-08-24,MYR,LKR,indicative,44.0429
2020-08-24,NGN,LKR,indicative,0.4826
2020-08-24,NOK,LKR,indicative,20.4816
2020-08-24,NPR,LKR,indicative,1.5375
2020-08-24,NZD,LKR,indicative,120.3417
2020-08-24,OMR,LKR,indicative,478.2309
2020-08-24,PGK,LKR,indicative,52.1524
2020-08-24,PHP,LKR,indicative,3.7854
2020-08-24,PKR,LKR,indicative,1.0934
2020-08-24,PLN,LKR,indicative,49.2
2020-08-24,QAR,LKR,indicative,50.5599
2020-08-24,RON,LKR,indicative,44.8808
2020-08-24,RUB,LKR,indicative,2.4625
2020-08-24,SAR,LKR,indicative,49.0912
2020-08-24,SBD,LKR,indicative,22.739
2020-08-24,SCR,LKR,indicative,10.3265
2020-08-24,SEK,LKR,indicative,20.9585
2020-08-24,SGD,LKR,indicative,134.2432
2020-08-24,THB,LKR,indicative,5.8331
2020-08-24,TWD,LKR,indicative,6.2641
2020-08-24,USD,LKR,indicative,184.1213
2020-08-24,VND,LKR,indicative,0.0079
2020-08-24,XAU,LKR,indicative,356025.2311
2020-08-24,ZAR,LKR,indicative,10.7533
2020-08-24,ZMW,LKR,indicative,9.6835
2020-08-25,AED,LKR,indicative,50.2904
2020-08-25,AUD,LKR,indicative,132.5488
2020-08-25,BDT,LKR,indicative,2.1763
2020-08-25,BHD,LKR,indicative,490.0041
2020-08-25,BND,LKR,indicative,134.909
2020-08-25,BRL,LKR,indicative,32.9206
2020-08-25,CAD,LKR,indicative,139.678
2020-08-25,CHF,LKR,indicative,202.7485
2020-08-25,CNH,LKR,indicative,26.7499
2020-08-25,CNY,LKR,indicative,26.7267
2020-08-25,CZK,LKR,indicative,8.3555
2020-08-25,DKK,LKR,indicative,29.2899
2020-08-25,EGP,LKR,indicative,11.6252
2020-08-25,EUR,LKR,indicative,217.9838
2020-08-25,GBP,LKR,indicative,241.9887
2020-08-25,GHS,LKR,indicative,31.9592
2020-08-25,HKD,LKR,indicative,23.8349
2020-08-25,HUF,LKR,indicative,0.6195
2020-08-25,IDR,LKR,indicative,0.0126
2020-08-25,INR,LKR,indicative,2.4906
2020-08-25,IRR,LKR,indicative,0.0044
2020-08-25,JOD,LKR,indicative,260.5419
2020-08-25,JPY,LKR,indicative,1.7442
2020-08-25,KES,LKR,indicative,1.7096
2020-08-25,KRW,LKR,indicative,0.1557
2020-08-25,KWD,LKR,indicative,604.1675
2020-08-25,MMK,LKR,indicative,0.1361
2020-08-25,MOP,LKR,indicative,23.1397
2020-08-25,MUR,LKR,indicative,4.653
2020-08-25,MVR,LKR,indicative,11.9485
2020-08-25,MYR,LKR,indicative,44.3037
2020-08-25,NGN,LKR,indicative,0.4842
2020-08-25,NOK,LKR,indicative,20.5643
2020-08-25,NPR,LKR,indicative,1.5535
2020-08-25,NZD,LKR,indicative,120.6434
2020-08-25,OMR,LKR,indicative,479.7907
2020-08-25,PGK,LKR,indicative,53.0158
2020-08-25,PHP,LKR,indicative,3.808
2020-08-25,PKR,LKR,indicative,1.0969
2020-08-25,PLN,LKR,indicative,49.6444
2020-08-25,QAR,LKR,indicative,50.724
2020-08-25,RON,LKR,indicative,45.0453
2020-08-25,RUB,LKR,indicative,2.4751
2020-08-25,SAR,LKR,indicative,49.2519
2020-08-25,SBD,LKR,indicative,22.8134
2020-08-25,SCR,LKR,indicative,10.3603
2020-08-25,SEK,LKR,indicative,21.0318
2020-08-25,SGD,LKR,indicative,134.909
2020-08-25,THB,LKR,indicative,5.8708
2020-08-25,TWD,LKR,indicative,6.2887
2020-08-25,USD,LKR,indicative,184.7242
2020-08-25,VND,LKR,indicative,0.008
2020-08-25,XAU,LKR,indicative,357435.7853
2020-08-25,ZAR,LKR,indicative,10.913
2020-08-25,ZMW,LKR,indicative,9.5712
2020-08-26,AED,LKR,indicative,50.6712
2020-08-26,AUD,LKR,indicative,133.9993
2020-08-26,BDT,LKR,indicative,2.1948
2020-08-26,BHD,LKR,indicative,493.728
2020-08-26,BND,LKR,indicative,136.0201
2020-08-26,BRL,LKR,indicative,33.7853
2020-08-26,CAD,LKR,indicative,141.3235
2020-08-26,CHF,LKR,indicative,204.8573
2020-08-26,CNH,LKR,indicative,26.9802
2020-08-26,CNY,LKR,indicative,26.9595
2020-08-26,CZK,LKR,indicative,8.4114
2020-08-26,DKK,LKR,indicative,29.5659
2020-08-26,EGP,LKR,indicative,11.7059
2020-08-26,EUR,LKR,indicative,220.072
2020-08-26,GBP,LKR,indicative,244.5844
2020-08-26,GHS,LKR,indicative,32.285
2020-08-26,HKD,LKR,indicative,24.0154
2020-08-26,HUF,LKR,indicative,0.6236
2020-08-26,IDR,LKR,indicative,0.0127
2020-08-26,INR,LKR,indicative,2.5076
2020-08-26,IRR,LKR,indicative,0.0044
2020-08-26,JOD,LKR,indicative,262.515
2020-08-26,JPY,LKR,indicative,1.7484
2020-08-26,KES,LKR,indicative,1.7226
2020-08-26,KRW,LKR,indicative,0.1569
2020-08-26,KWD,LKR,indicative,608.7428
2020-08-26,MMK,LKR,indicative,0.1376
2020-08-26,MOP,LKR,indicative,23.3091
2020-08-26,MUR,LKR,indicative,4.6531
2020-08-26,MVR,LKR,indicative,12.039
2020-08-26,MYR,LKR,indicative,44.6499
2020-08-26,NGN,LKR,indicative,0.4879
2020-08-26,NOK,LKR,indicative,20.7622
2020-08-26,NPR,LKR,indicative,1.5651
2020-08-26,NZD,LKR,indicative,122.013
2020-08-26,OMR,LKR,indicative,483.4241
2020-08-26,PGK,LKR,indicative,53.4173
2020-08-26,PHP,LKR,indicative,3.8358
2020-08-26,PKR,LKR,indicative,1.1046
2020-08-26,PLN,LKR,indicative,49.9887
2020-08-26,QAR,LKR,indicative,51.1081
2020-08-26,RON,LKR,indicative,45.4713
2020-08-26,RUB,LKR,indicative,2.4692
2020-08-26,SAR,LKR,indicative,49.6282
2020-08-26,SBD,LKR,indicative,22.707
2020-08-26,SCR,LKR,indicative,10.4096
2020-08-26,SEK,LKR,indicative,21.2454
2020-08-26,SGD,LKR,indicative,136.0201
2020-08-26,THB,LKR,indicative,5.9322
2020-08-26,TWD,LKR,indicative,6.3419
2020-08-26,USD,LKR,indicative,186.1231
2020-08-26,VND,LKR,indicative,0.008
2020-08-26,XAU,LKR,indicative,359077.4137
2020-08-26,ZAR,LKR,indicative,11.0822
2020-08-26,ZMW,LKR,indicative,9.6312
2020-08-27,AED,LKR,indicative,50.7263
2020-08-27,AUD,LKR,indicative,134.7411
2020-08-27,BDT,LKR,indicative,2.197
2020-08-27,BHD,LKR,indicative,494.2447
2020-08-27,BND,LKR,indicative,136.4321
2020-08-27,BRL,LKR,indicative,33.2243
2020-08-27,CAD,LKR,indicative,141.6599
2020-08-27,CHF,LKR,indicative,205.1363
2020-08-27,CNH,LKR,indicative,27.0629
2020-08-27,CNY,LKR,indicative,27.045
2020-08-27,CZK,LKR,indicative,8.3927
2020-08-27,DKK,LKR,indicative,29.6126
2020-08-27,EGP,LKR,indicative,11.7407
2020-08-27,EUR,LKR,indicative,220.4228
2020-08-27,GBP,LKR,indicative,245.9308
2020-08-27,GHS,LKR,indicative,32.2921
2020-08-27,HKD,LKR,indicative,24.0412
2020-08-27,HUF,LKR,indicative,0.6193
2020-08-27,IDR,LKR,indicative,0.0127
2020-08-27,INR,LKR,indicative,2.5104
2020-08-27,IRR,LKR,indicative,0.0044
2020-08-27,JOD,LKR,indicative,262.8001
2020-08-27,JPY,LKR,indicative,1.7574
2020-08-27,KES,LKR,indicative,1.7205
2020-08-27,KRW,LKR,indicative,0.1571
2020-08-27,KWD,LKR,indicative,609.4041
2020-08-27,MMK,LKR,indicative,0.1381
2020-08-27,MOP,LKR,indicative,23.3403
2020-08-27,MUR,LKR,indicative,4.6874
2020-08-27,MVR,LKR,indicative,12.0521
2020-08-27,MYR,LKR,indicative,44.6663
2020-08-27,NGN,LKR,indicative,0.4888
2020-08-27,NOK,LKR,indicative,20.9682
2020-08-27,NPR,LKR,indicative,1.5673
2020-08-27,NZD,LKR,indicative,123.4778
2020-08-27,OMR,LKR,indicative,483.9492
2020-08-27,PGK,LKR,indicative,53.4754
2020-08-27,PHP,LKR,indicative,3.8339
2020-08-27,PKR,LKR,indicative,1.1058
2020-08-27,PLN,LKR,indicative,49.8943
2020-08-27,QAR,LKR,indicative,51.1637
2020-08-27,RON,LKR,indicative,45.5485
2020-08-27,RUB,LKR,indicative,2.4647
2020-08-27,SAR,LKR,indicative,49.6788
2020-08-27,SBD,LKR,indicative,22.7317
2020-08-27,SCR,LKR,indicative,10.4209
2020-08-27,SEK,LKR,indicative,21.3573
2020-08-27,SGD,LKR,indicative,136.4321
2020-08-27,THB,LKR,indicative,5.9576
2020-08-27,TWD,LKR,indicative,6.3497
2020-08-27,USD,LKR,indicative,186.3253
2020-08-27,VND,LKR,indicative,0.008
2020-08-27,XAU,LKR,indicative,362176.1276
2020-08-27,ZAR,LKR,indicative,11.043
2020-08-27,ZMW,LKR,indicative,9.6173
2020-08-28,AED,LKR,indicative,50.7059
2020-08-28,AUD,LKR,indicative,135.4692
2020-08-28,BDT,LKR,indicative,2.1958
2020-08-28,BHD,LKR,indicative,494.0394
2020-08-28,BND,LKR,indicative,136.4122
2020-08-28,BRL,LKR,indicative,33.4378
2020-08-28,CAD,LKR,indicative,142.0295
2020-08-28,CHF,LKR,indicative,205.0087
2020-08-28,CNH,LKR,indicative,27.0811
2020-08-28,CNY,LKR,indicative,27.0658
2020-08-28,CZK,LKR,indicative,8.3866
2020-08-28,DKK,LKR,indicative,29.6106
2020-08-28,EGP,LKR,indicative,11.736
2020-08-28,EUR,LKR,indicative,220.4087
2020-08-28,GBP,LKR,indicative,246.2417
2020-08-28,GHS,LKR,indicative,32.2791
2020-08-28,HKD,LKR,indicative,24.0322
2020-08-28,HUF,LKR,indicative,0.619
2020-08-28,IDR,LKR,indicative,0.0127
2020-08-28,INR,LKR,indicative,2.5202
2020-08-28,IRR,LKR,indicative,0.0044
2020-08-28,JOD,LKR,indicative,262.6945
2020-08-28,JPY,LKR,indicative,1.744
2020-08-28,KES,LKR,indicative,1.7214
2020-08-28,KRW,LKR,indicative,0.1572
2020-08-28,KWD,LKR,indicative,608.9799
2020-08-28,MMK,LKR,indicative,0.1391
2020-08-28,MOP,LKR,indicative,23.328
2020-08-28,MUR,LKR,indicative,4.6855
2020-08-28,MVR,LKR,indicative,12.0472
2020-08-28,MYR,LKR,indicative,44.5895
2020-08-28,NGN,LKR,indicative,0.4886
2020-08-28,NOK,LKR,indicative,20.93
2020-08-28,NPR,LKR,indicative,1.577
2020-08-28,NZD,LKR,indicative,123.8193
2020-08-28,OMR,LKR,indicative,483.7547
2020-08-28,PGK,LKR,indicative,53.4539
2020-08-28,PHP,LKR,indicative,3.8432
2020-08-28,PKR,LKR,indicative,1.1127
2020-08-28,PLN,LKR,indicative,49.9706
2020-08-28,QAR,LKR,indicative,51.1431
2020-08-28,RON,LKR,indicative,45.5347
2020-08-28,RUB,LKR,indicative,2.4833
2020-08-28,SAR,LKR,indicative,49.6602
2020-08-28,SBD,LKR,indicative,23.0764
2020-08-28,SCR,LKR,indicative,10.4167
2020-08-28,SEK,LKR,indicative,21.3685
2020-08-28,SGD,LKR,indicative,136.4122
2020-08-28,THB,LKR,indicative,5.9591
2020-08-28,TWD,LKR,indicative,6.345
2020-08-28,USD,LKR,indicative,186.2504
2020-08-28,VND,LKR,indicative,0.008
2020-08-28,XAU,LKR,indicative,360306.9863
2020-08-28,ZAR,LKR,indicative,10.9618
2020-08-28,ZMW,LKR,indicative,9.602
2020-08-31,AED,LKR,indicative,50.6807
2020-08-31,AUD,LKR,indicative,137.1704
2020-08-31,BDT,LKR,indicative,2.1932
2020-08-31,BHD,LKR,indicative,493.8004
2020-08-31,BND,LKR,indicative,137.0823
2020-08-31,BRL,LKR,indicative,34.545
2020-08-31,CAD,LKR,indicative,142.3551
2020-08-31,CHF,LKR,indicative,205.8016
2020-08-31,CNH,LKR,indicative,27.168
2020-08-31,CNY,LKR,indicative,27.166
2020-08-31,CZK,LKR,indicative,8.4912
2020-08-31,DKK,LKR,indicative,29.7855
2020-08-31,EGP,LKR,indicative,11.7524
2020-08-31,EUR,LKR,indicative,221.6674
2020-08-31,GBP,LKR,indicative,248.4183
2020-08-31,GHS,LKR,indicative,32.1794
2020-08-31,HKD,LKR,indicative,24.019
2020-08-31,HUF,LKR,indicative,0.6265
2020-08-31,IDR,LKR,indicative,0.0128
2020-08-31,INR,LKR,indicative,2.5461
2020-08-31,IRR,LKR,indicative,0.0044
2020-08-31,JOD,LKR,indicative,262.5639
2020-08-31,JPY,LKR,indicative,1.7651
2020-08-31,KES,LKR,indicative,1.7213
2020-08-31,KRW,LKR,indicative,0.1574
2020-08-31,KWD,LKR,indicative,609.4044
2020-08-31,MMK,LKR,indicative,0.1391
2020-08-31,MOP,LKR,indicative,23.328
2020-08-31,MUR,LKR,indicative,4.6832
2020-08-31,MVR,LKR,indicative,12.0413
2020-08-31,MYR,LKR,indicative,44.6904
2020-08-31,NGN,LKR,indicative,0.4883
2020-08-31,NOK,LKR,indicative,21.1793
2020-08-31,NPR,LKR,indicative,1.5853
2020-08-31,NZD,LKR,indicative,125.489
2020-08-31,OMR,LKR,indicative,483.5142
2020-08-31,PGK,LKR,indicative,53.4273
2020-08-31,PHP,LKR,indicative,3.8462
2020-08-31,PKR,LKR,indicative,1.1122
2020-08-31,PLN,LKR,indicative,50.5246
2020-08-31,QAR,LKR,indicative,51.1177
2020-08-31,RON,LKR,indicative,45.7896
2020-08-31,RUB,LKR,indicative,2.5093
2020-08-31,SAR,LKR,indicative,49.6348
2020-08-31,SBD,LKR,indicative,23.065
2020-08-31,SCR,LKR,indicative,10.4057
2020-08-31,SEK,LKR,indicative,21.5883
2020-08-31,SGD,LKR,indicative,137.0823
2020-08-31,THB,LKR,indicative,5.9925
2020-08-31,TWD,LKR,indicative,6.342
2020-08-31,USD,LKR,indicative,186.1578
2020-08-31,VND,LKR,indicative,0.008
2020-08-31,XAU,LKR,indicative,366955.7725
2020-08-31,ZAR,LKR,indicative,11.244
2020-08-31,ZMW,LKR,indicative,9.5343
2020-09-02,AED,LKR,indicative,50.6651
2020-09-02,AUD,LKR,indicative,136.8303
2020-09-02,BDT,LKR,indicative,2.1943
2020-09-02,BHD,LKR,indicative,493.6547
2020-09-02,BND,LKR,indicative,136.7229
2020-09-02,BRL,LKR,indicative,34.471
2020-09-02,CAD,LKR,indicative,142.3983
2020-09-02,CHF,LKR,indicative,204.36
2020-09-02,CNH,LKR,indicative,27.2495
2020-09-02,CNY,LKR,indicative,27.2569
2020-09-02,CZK,LKR,indicative,8.4353
2020-09-02,DKK,LKR,indicative,29.767
2020-09-02,EGP,LKR,indicative,11.7266
2020-09-02,EUR,LKR,indicative,221.6084
2020-09-02,GBP,LKR,indicative,248.993
2020-09-02,GHS,LKR,indicative,32.1973
2020-09-02,HKD,LKR,indicative,24.0128
2020-09-02,HUF,LKR,indicative,0.6223
2020-09-02,IDR,LKR,indicative,0.0126
2020-09-02,INR,LKR,indicative,2.5492
2020-09-02,IRR,LKR,indicative,0.0044
2020-09-02,JOD,LKR,indicative,262.4829
2020-09-02,JPY,LKR,indicative,1.7551
2020-09-02,KES,LKR,indicative,1.7184
2020-09-02,KRW,LKR,indicative,0.1569
2020-09-02,KWD,LKR,indicative,609.5657
2020-09-02,MMK,LKR,indicative,0.1407
2020-09-02,MOP,LKR,indicative,23.3399
2020-09-02,MUR,LKR,indicative,4.6936
2020-09-02,MVR,LKR,indicative,12.0375
2020-09-02,MYR,LKR,indicative,44.8489
2020-09-02,NGN,LKR,indicative,0.4882
2020-09-02,NOK,LKR,indicative,21.2094
2020-09-02,NPR,LKR,indicative,1.5962
2020-09-02,NZD,LKR,indicative,126.2319
2020-09-02,OMR,LKR,indicative,483.3777
2020-09-02,PGK,LKR,indicative,53.4108
2020-09-02,PHP,LKR,indicative,3.8318
2020-09-02,PKR,LKR,indicative,1.1239
2020-09-02,PLN,LKR,indicative,50.4878
2020-09-02,QAR,LKR,indicative,51.1124
2020-09-02,RON,LKR,indicative,45.7761
2020-09-02,RUB,LKR,indicative,2.5265
2020-09-02,SAR,LKR,indicative,49.6175
2020-09-02,SBD,LKR,indicative,23.1323
2020-09-02,SCR,LKR,indicative,10.4025
2020-09-02,SEK,LKR,indicative,21.4119
2020-09-02,SGD,LKR,indicative,136.7229
2020-09-02,THB,LKR,indicative,5.9581
2020-09-02,TWD,LKR,indicative,6.3416
2020-09-02,USD,LKR,indicative,186.1004
2020-09-02,VND,LKR,indicative,0.008
2020-09-02,XAU,LKR,indicative,365896.6117
2020-09-02,ZAR,LKR,indicative,11.1862
2020-09-02,ZMW,LKR,indicative,9.5126
2020-09-03,AED,LKR,indicative,50.4795
2020-09-03,AUD,LKR,indicative,135.8472
2020-09-03,BDT,LKR,indicative,2.1868
2020-09-03,BHD,LKR,indicative,491.8599
2020-09-03,BND,LKR,indicative,136.0873
2020-09-03,BRL,LKR,indicative,34.7174
2020-09-03,CAD,LKR,indicative,142.0508
2020-09-03,CHF,LKR,indicative,203.3883
2020-09-03,CNH,LKR,indicative,27.1565
2020-09-03,CNY,LKR,indicative,27.1575
2020-09-03,CZK,LKR,indicative,8.3316
2020-09-03,DKK,LKR,indicative,29.488
2020-09-03,EGP,LKR,indicative,11.691
2020-09-03,EUR,LKR,indicative,219.4247
2020-09-03,GBP,LKR,indicative,247.3025
2020-09-03,GHS,LKR,indicative,32.0794
2020-09-03,HKD,LKR,indicative,23.9238
2020-09-03,HUF,LKR,indicative,0.6127
2020-09-03,IDR,LKR,indicative,0.0125
2020-09-03,INR,LKR,indicative,2.5306
2020-09-03,IRR,LKR,indicative,0.0044
2020-09-03,JOD,LKR,indicative,261.5217
2020-09-03,JPY,LKR,indicative,1.7452
2020-09-03,KES,LKR,indicative,1.7121
2020-09-03,KRW,LKR,indicative,0.1563
2020-09-03,KWD,LKR,indicative,606.7968
2020-09-03,MMK,LKR,indicative,0.1401
2020-09-03,MOP,LKR,indicative,23.2151
2020-09-03,MUR,LKR,indicative,4.7001
2020-09-03,MVR,LKR,indicative,11.9935
2020-09-03,MYR,LKR,indicative,44.8197
2020-09-03,NGN,LKR,indicative,0.4864
2020-09-03,NOK,LKR,indicative,20.9206
2020-09-03,NPR,LKR,indicative,1.5868
2020-09-03,NZD,LKR,indicative,125.5564
2020-09-03,OMR,LKR,indicative,481.6138
2020-09-03,PGK,LKR,indicative,52.5199
2020-09-03,PHP,LKR,indicative,3.8215
2020-09-03,PKR,LKR,indicative,1.121
2020-09-03,PLN,LKR,indicative,49.7195
2020-09-03,QAR,LKR,indicative,50.9148
2020-09-03,RON,LKR,indicative,45.3142
2020-09-03,RUB,LKR,indicative,2.4553
2020-09-03,SAR,LKR,indicative,49.4352
2020-09-03,SBD,LKR,indicative,22.7694
2020-09-03,SCR,LKR,indicative,10.3644
2020-09-03,SEK,LKR,indicative,21.2488
2020-09-03,SGD,LKR,indicative,136.0873
2020-09-03,THB,LKR,indicative,5.9249
2020-09-03,TWD,LKR,indicative,6.3192
2020-09-03,USD,LKR,indicative,185.4189
2020-09-03,VND,LKR,indicative,0.008
2020-09-03,XAU,LKR,indicative,361496.5905
2020-09-03,ZAR,LKR,indicative,11.0569
2020-09-03,ZMW,LKR,indicative,9.4361
2020-09-04,AED,LKR,indicative,50.4286
2020-09-04,AUD,LKR,indicative,134.7005
2020-09-04,BDT,LKR,indicative,2.183
2020-09-04,BHD,LKR,indicative,491.3634
2020-09-04,BND,LKR,indicative,135.7307
2020-09-04,BRL,LKR,indicative,35.0082
2020-09-04,CAD,LKR,indicative,141.1935
2020-09-04,CHF,LKR,indicative,203.6744
2020-09-04,CNH,LKR,indicative,27.0625
2020-09-04,CNY,LKR,indicative,27.0739
2020-09-04,CZK,LKR,indicative,8.3174
2020-09-04,DKK,LKR,indicative,29.5072
2020-09-04,EGP,LKR,indicative,11.7161
2020-09-04,EUR,LKR,indicative,219.5459
2020-09-04,GBP,LKR,indicative,246.1174
2020-09-04,GHS,LKR,indicative,32.1025
2020-09-04,HKD,LKR,indicative,23.9004
2020-09-04,HUF,LKR,indicative,0.6117
2020-09-04,IDR,LKR,indicative,0.0125
2020-09-04,INR,LKR,indicative,2.5239
2020-09-04,IRR,LKR,indicative,0.0044
2020-09-04,JOD,LKR,indicative,261.2577
2020-09-04,JPY,LKR,indicative,1.7449
2020-09-04,KES,LKR,indicative,1.7096
2020-09-04,KRW,LKR,indicative,0.1556
2020-09-04,KWD,LKR,indicative,605.6688
2020-09-04,MMK,LKR,indicative,0.1389
2020-09-04,MOP,LKR,indicative,23.1916
2020-09-04,MUR,LKR,indicative,4.6599
2020-09-04,MVR,LKR,indicative,11.9814
2020-09-04,MYR,LKR,indicative,44.661
2020-09-04,NGN,LKR,indicative,0.4859
2020-09-04,NOK,LKR,indicative,20.7915
2020-09-04,NPR,LKR,indicative,1.5756
2020-09-04,NZD,LKR,indicative,124.2164
2020-09-04,OMR,LKR,indicative,481.1275
2020-09-04,PGK,LKR,indicative,53.1615
2020-09-04,PHP,LKR,indicative,3.8118
2020-09-04,PKR,LKR,indicative,1.115
2020-09-04,PLN,LKR,indicative,49.4809
2020-09-04,QAR,LKR,indicative,50.8739
2020-09-04,RON,LKR,indicative,45.2773
2020-09-04,RUB,LKR,indicative,2.4583
2020-09-04,SAR,LKR,indicative,49.3872
2020-09-04,SBD,LKR,indicative,23.0243
2020-09-04,SCR,LKR,indicative,10.1239
2020-09-04,SEK,LKR,indicative,21.2239
2020-09-04,SGD,LKR,indicative,135.7307
2020-09-04,THB,LKR,indicative,5.8953
2020-09-04,TWD,LKR,indicative,6.3153
2020-09-04,USD,LKR,indicative,185.2317
2020-09-04,VND,LKR,indicative,0.008
2020-09-04,XAU,LKR,indicative,359288.566
2020-09-04,ZAR,LKR,indicative,11.0752
2020-09-04,ZMW,LKR,indicative,9.447
2020-09-07,AED,LKR,indicative,50.4233
2020-09-07,AUD,LKR,indicative,134.918
2020-09-07,BDT,LKR,indicative,2.1842
2020-09-07,BHD,LKR,indicative,491.2864
2020-09-07,BND,LKR,indicative,135.6719
2020-09-07,BRL,LKR,indicative,34.9474
2020-09-07,CAD,LKR,indicative,141.6214
2020-09-07,CHF,LKR,indicative,202.5841
2020-09-07,CNH,LKR,indicative,27.1074
2020-09-07,CNY,LKR,indicative,27.1137
2020-09-07,CZK,LKR,indicative,8.2769
2020-09-07,DKK,LKR,indicative,29.458
2020-09-07,EGP,LKR,indicative,11.7409
2020-09-07,EUR,LKR,indicative,219.1805
2020-09-07,GBP,LKR,indicative,245.2954
2020-09-07,GHS,LKR,indicative,31.9607
2020-09-07,HKD,LKR,indicative,23.8975
2020-09-07,HUF,LKR,indicative,0.6078
2020-09-07,IDR,LKR,indicative,0.0126
2020-09-07,INR,LKR,indicative,2.5271
2020-09-07,IRR,LKR,indicative,0.0044
2020-09-07,JOD,LKR,indicative,261.2306
2020-09-07,JPY,LKR,indicative,1.7429
2020-09-07,KES,LKR,indicative,1.7086
2020-09-07,KRW,LKR,indicative,0.156
2020-09-07,KWD,LKR,indicative,605.4081
2020-09-07,MMK,LKR,indicative,0.1391
2020-09-07,MOP,LKR,indicative,23.1907
2020-09-07,MUR,LKR,indicative,4.6536
2020-09-07,MVR,LKR,indicative,11.9801
2020-09-07,MYR,LKR,indicative,44.6295
2020-09-07,NGN,LKR,indicative,0.4859
2020-09-07,NOK,LKR,indicative,20.7592
2020-09-07,NPR,LKR,indicative,1.5827
2020-09-07,NZD,LKR,indicative,124.222
2020-09-07,OMR,LKR,indicative,481.0777
2020-09-07,PGK,LKR,indicative,52.4614
2020-09-07,PHP,LKR,indicative,3.811
2020-09-07,PKR,LKR,indicative,1.1157
2020-09-07,PLN,LKR,indicative,49.1619
2020-09-07,QAR,LKR,indicative,50.8686
2020-09-07,RON,LKR,indicative,45.1699
2020-09-07,RUB,LKR,indicative,2.4572
2020-09-07,SAR,LKR,indicative,49.3828
2020-09-07,SBD,LKR,indicative,22.6607
2020-09-07,SCR,LKR,indicative,10.3182
2020-09-07,SEK,LKR,indicative,21.1948
2020-09-07,SGD,LKR,indicative,135.6719
2020-09-07,THB,LKR,indicative,5.9098
2020-09-07,TWD,LKR,indicative,6.3152
2020-09-07,USD,LKR,indicative,185.2125
2020-09-07,VND,LKR,indicative,0.008
2020-09-07,XAU,LKR,indicative,359016.9101
2020-09-07,ZAR,LKR,indicative,11.1626
2020-09-07,ZMW,LKR,indicative,9.4441
2020-09-08,AED,LKR,indicative,50.306
2020-09-08,AUD,LKR,indicative,134.4654
2020-09-08,BDT,LKR,indicative,2.1789
2020-09-08,BHD,LKR,indicative,490.1038
2020-09-08,BND,LKR,indicative,135.084
2020-09-08,BRL,LKR,indicative,34.8661
2020-09-08,CAD,LKR,indicative,140.9899
2020-09-08,CHF,LKR,indicative,201.3747
2020-09-08,CNH,LKR,indicative,27.0219
2020-09-08,CNY,LKR,indicative,27.03
2020-09-08,CZK,LKR,indicative,8.2321
2020-09-08,DKK,LKR,indicative,29.3108
2020-09-08,EGP,LKR,indicative,11.695
2020-09-08,EUR,LKR,indicative,218.116
2020-09-08,GBP,LKR,indicative,242.9044
2020-09-08,GHS,LKR,indicative,31.9968
2020-09-08,HKD,LKR,indicative,23.8417
2020-09-08,HUF,LKR,indicative,0.6062
2020-09-08,IDR,LKR,indicative,0.0125
2020-09-08,INR,LKR,indicative,2.5158
2020-09-08,IRR,LKR,indicative,0.0044
2020-09-08,JOD,LKR,indicative,260.6226
2020-09-08,JPY,LKR,indicative,1.7385
2020-09-08,KES,LKR,indicative,1.7046
2020-09-08,KRW,LKR,indicative,0.1555
2020-09-08,KWD,LKR,indicative,604.0088
2020-09-08,MMK,LKR,indicative,0.1388
2020-09-08,MOP,LKR,indicative,23.1353
2020-09-08,MUR,LKR,indicative,4.6427
2020-09-08,MVR,LKR,indicative,11.9522
2020-09-08,MYR,LKR,indicative,44.3493
2020-09-08,NGN,LKR,indicative,0.4847
2020-09-08,NOK,LKR,indicative,20.6425
2020-09-08,NPR,LKR,indicative,1.5746
2020-09-08,NZD,LKR,indicative,123.5633
2020-09-08,OMR,LKR,indicative,479.9579
2020-09-08,PGK,LKR,indicative,53.0323
2020-09-08,PHP,LKR,indicative,3.7982
2020-09-08,PKR,LKR,indicative,1.1155
2020-09-08,PLN,LKR,indicative,49.1682
2020-09-08,QAR,LKR,indicative,50.7502
2020-09-08,RON,LKR,indicative,44.9535
2020-09-08,RUB,LKR,indicative,2.4365
2020-09-08,SAR,LKR,indicative,49.2658
2020-09-08,SBD,LKR,indicative,22.6912
2020-09-08,SCR,LKR,indicative,10.2942
2020-09-08,SEK,LKR,indicative,21.0335
2020-09-08,SGD,LKR,indicative,135.084
2020-09-08,THB,LKR,indicative,5.8829
2020-09-08,TWD,LKR,indicative,6.3057
2020-09-08,USD,LKR,indicative,184.7814
2020-09-08,VND,LKR,indicative,0.008
2020-09-08,XAU,LKR,indicative,355980.3416
2020-09-08,ZAR,LKR,indicative,11.0422
2020-09-08,ZMW,LKR,indicative,9.3917
2020-09-09,AED,LKR,indicative,50.201
2020-09-09,AUD,LKR,indicative,133.1062
2020-09-09,BDT,LKR,indicative,2.174
2020-09-09,BHD,LKR,indicative,489.1008
2020-09-09,BND,LKR,indicative,134.4827
2020-09-09,BRL,LKR,indicative,34.3894
2020-09-09,CAD,LKR,indicative,139.2823
2020-09-09,CHF,LKR,indicative,200.867
2020-09-09,CNH,LKR,indicative,26.8924
2020-09-09,CNY,LKR,indicative,26.9091
2020-09-09,CZK,LKR,indicative,8.1886
2020-09-09,DKK,LKR,indicative,29.1777
2020-09-09,EGP,LKR,indicative,11.6706
2020-09-09,EUR,LKR,indicative,217.1538
2020-09-09,GBP,LKR,indicative,238.9402
2020-09-09,GHS,LKR,indicative,31.9024
2020-09-09,HKD,LKR,indicative,23.7919
2020-09-09,HUF,LKR,indicative,0.6075
2020-09-09,IDR,LKR,indicative,0.0124
2020-09-09,INR,LKR,indicative,2.499
2020-09-09,IRR,LKR,indicative,0.0044
2020-09-09,JOD,LKR,indicative,260.0788
2020-09-09,JPY,LKR,indicative,1.7407
2020-09-09,KES,LKR,indicative,1.7011
2020-09-09,KRW,LKR,indicative,0.1549
2020-09-09,KWD,LKR,indicative,602.6995
2020-09-09,MMK,LKR,indicative,0.1383
2020-09-09,MOP,LKR,indicative,23.087
2020-09-09,MUR,LKR,indicative,4.6272
2020-09-09,MVR,LKR,indicative,11.9273
2020-09-09,MYR,LKR,indicative,44.1826
2020-09-09,NGN,LKR,indicative,0.4837
2020-09-09,NOK,LKR,indicative,20.1422
2020-09-09,NPR,LKR,indicative,1.5659
2020-09-09,NZD,LKR,indicative,122.1254
2020-09-09,OMR,LKR,indicative,478.9566
2020-09-09,PGK,LKR,indicative,52.9216
2020-09-09,PHP,LKR,indicative,3.7934
2020-09-09,PKR,LKR,indicative,1.1093
2020-09-09,PLN,LKR,indicative,48.7594
2020-09-09,QAR,LKR,indicative,50.0885
2020-09-09,RON,LKR,indicative,44.649
2020-09-09,RUB,LKR,indicative,2.4163
2020-09-09,SAR,LKR,indicative,49.1618
2020-09-09,SBD,LKR,indicative,22.9204
2020-09-09,SCR,LKR,indicative,10.2728
2020-09-09,SEK,LKR,indicative,20.8823
2020-09-09,SGD,LKR,indicative,134.4827
2020-09-09,THB,LKR,indicative,5.8715
2020-09-09,TWD,LKR,indicative,6.296
2020-09-09,USD,LKR,indicative,184.3959
2020-09-09,VND,LKR,indicative,0.008
2020-09-09,XAU,LKR,indicative,355512.5661
2020-09-09,ZAR,LKR,indicative,10.8618
2020-09-09,ZMW,LKR,indicative,9.3738
2020-09-10,AED,LKR,indicative,50.1894
2020-09-10,AUD,LKR,indicative,134.0155
2020-09-10,BDT,LKR,indicative,2.1745
2020-09-10,BHD,LKR,indicative,488.9289
2020-09-10,BND,LKR,indicative,134.8054
2020-09-10,BRL,LKR,indicative,34.721
2020-09-10,CAD,LKR,indicative,140.07
2020-09-10,CHF,LKR,indicative,202.2635
2020-09-10,CNH,LKR,indicative,26.9538
2020-09-10,CNY,LKR,indicative,26.9577
2020-09-10,CZK,LKR,indicative,8.2227
2020-09-10,DKK,LKR,indicative,29.2861
2020-09-10,EGP,LKR,indicative,11.6753
2020-09-10,EUR,LKR,indicative,217.8961
2020-09-10,GBP,LKR,indicative,239.447
2020-09-10,GHS,LKR,indicative,31.895
2020-09-10,HKD,LKR,indicative,23.7866
2020-09-10,HUF,LKR,indicative,0.61
2020-09-10,IDR,LKR,indicative,0.0124
2020-09-10,INR,LKR,indicative,2.5147
2020-09-10,IRR,LKR,indicative,0.0044
2020-09-10,JOD,LKR,indicative,260.0185
2020-09-10,JPY,LKR,indicative,1.7363
2020-09-10,KES,LKR,indicative,1.6999
2020-09-10,KRW,LKR,indicative,0.1554
2020-09-10,KWD,LKR,indicative,602.5103
2020-09-10,MMK,LKR,indicative,0.1383
2020-09-10,MOP,LKR,indicative,23.0831
2020-09-10,MUR,LKR,indicative,4.6378
2020-09-10,MVR,LKR,indicative,11.9245
2020-09-10,MYR,LKR,indicative,44.2359
2020-09-10,NGN,LKR,indicative,0.4836
2020-09-10,NOK,LKR,indicative,20.4383
2020-09-10,NPR,LKR,indicative,1.5669
2020-09-10,NZD,LKR,indicative,123.1294
2020-09-10,OMR,LKR,indicative,478.8206
2020-09-10,PGK,LKR,indicative,52.9093
2020-09-10,PHP,LKR,indicative,3.7941
2020-09-10,PKR,LKR,indicative,1.1079
2020-09-10,PLN,LKR,indicative,49.019
2020-09-10,QAR,LKR,indicative,50.6325
2020-09-10,RON,LKR,indicative,44.8624
2020-09-10,RUB,LKR,indicative,2.4449
2020-09-10,SAR,LKR,indicative,49.1477
2020-09-10,SBD,LKR,indicative,22.9151
2020-09-10,SCR,LKR,indicative,10.2704
2020-09-10,SEK,LKR,indicative,21.0841
2020-09-10,SGD,LKR,indicative,134.8054
2020-09-10,THB,LKR,indicative,5.8984
2020-09-10,TWD,LKR,indicative,6.2938
2020-09-10,USD,LKR,indicative,184.3531
2020-09-10,VND,LKR,indicative,0.008
2020-09-10,XAU,LKR,indicative,358691.2271
2020-09-10,ZAR,LKR,indicative,11.0623
2020-09-10,ZMW,LKR,indicative,9.3535
2020-09-11,AED,LKR,indicative,50.2936
2020-09-11,AUD,LKR,indicative,134.34
2020-09-11,BDT,LKR,indicative,2.1782
2020-09-11,BHD,LKR,indicative,489.9314
2020-09-11,BND,LKR,indicative,135.0508
2020-09-11,BRL,LKR,indicative,34.7134
2020-09-11,CAD,LKR,indicative,140.2118
2020-09-11,CHF,LKR,indicative,203.0512
2020-09-11,CNH,LKR,indicative,27.0196
2020-09-11,CNY,LKR,indicative,27.0206
2020-09-11,CZK,LKR,indicative,8.2247
2020-09-11,DKK,LKR,indicative,29.3882
2020-09-11,EGP,LKR,indicative,11.7218
2020-09-11,EUR,LKR,indicative,218.6812
2020-09-11,GBP,LKR,indicative,236.8038
2020-09-11,GHS,LKR,indicative,31.9612
2020-09-11,HKD,LKR,indicative,23.8361
2020-09-11,HUF,LKR,indicative,0.6114
2020-09-11,IDR,LKR,indicative,0.0124
2020-09-11,INR,LKR,indicative,2.5155
2020-09-11,IRR,LKR,indicative,0.0044
2020-09-11,JOD,LKR,indicative,260.5585
2020-09-11,JPY,LKR,indicative,1.7402
2020-09-11,KES,LKR,indicative,1.7034
2020-09-11,KRW,LKR,indicative,0.1554
2020-09-11,KWD,LKR,indicative,603.5743
2020-09-11,MMK,LKR,indicative,0.1385
2020-09-11,MOP,LKR,indicative,23.1252
2020-09-11,MUR,LKR,indicative,4.6474
2020-09-11,MVR,LKR,indicative,11.9493
2020-09-11,MYR,LKR,indicative,44.4451
2020-09-11,NGN,LKR,indicative,0.4846
2020-09-11,NOK,LKR,indicative,20.4234
2020-09-11,NPR,LKR,indicative,1.5718
2020-09-11,NZD,LKR,indicative,123.0434
2020-09-11,OMR,LKR,indicative,479.8151
2020-09-11,PGK,LKR,indicative,53.0192
2020-09-11,PHP,LKR,indicative,3.8062
2020-09-11,PKR,LKR,indicative,1.1109
2020-09-11,PLN,LKR,indicative,49.1326
2020-09-11,QAR,LKR,indicative,50.7377
2020-09-11,RON,LKR,indicative,45.0136
2020-09-11,RUB,LKR,indicative,2.4576
2020-09-11,SAR,LKR,indicative,49.2498
2020-09-11,SBD,LKR,indicative,22.9627
2020-09-11,SCR,LKR,indicative,10.0361
2020-09-11,SEK,LKR,indicative,21.1014
2020-09-11,SGD,LKR,indicative,135.0508
2020-09-11,THB,LKR,indicative,5.9031
2020-09-11,TWD,LKR,indicative,6.3078
2020-09-11,USD,LKR,indicative,184.736
2020-09-11,VND,LKR,indicative,0.008
2020-09-11,XAU,LKR,indicative,359424.209
2020-09-11,ZAR,LKR,indicative,10.9538
2020-09-11,ZMW,LKR,indicative,9.3419
2020-09-14,AED,LKR,indicative,50.2426
2020-09-14,AUD,LKR,indicative,134.4068
2020-09-14,BDT,LKR,indicative,2.1776
2020-09-14,BHD,LKR,indicative,489.4217
2020-09-14,BND,LKR,indicative,135.057
2020-09-14,BRL,LKR,indicative,34.6955
2020-09-14,CAD,LKR,indicative,140.2133
2020-09-14,CHF,LKR,indicative,203.0686
2020-09-14,CNH,LKR,indicative,27.0278
2020-09-14,CNY,LKR,indicative,27.0203
2020-09-14,CZK,LKR,indicative,8.2281
2020-09-14,DKK,LKR,indicative,29.3914
2020-09-14,EGP,LKR,indicative,11.736
2020-09-14,EUR,LKR,indicative,218.6902
2020-09-14,GBP,LKR,indicative,236.6191
2020-09-14,GHS,LKR,indicative,31.8737
2020-09-14,HKD,LKR,indicative,23.812
2020-09-14,HUF,LKR,indicative,0.6118
2020-09-14,IDR,LKR,indicative,0.0124
2020-09-14,INR,LKR,indicative,2.5116
2020-09-14,IRR,LKR,indicative,0.0044
2020-09-14,JOD,LKR,indicative,260.2944
2020-09-14,JPY,LKR,indicative,1.7389
2020-09-14,KES,LKR,indicative,1.7001
2020-09-14,KRW,LKR,indicative,0.1559
2020-09-14,KWD,LKR,indicative,603.2778
2020-09-14,MMK,LKR,indicative,0.1384
2020-09-14,MOP,LKR,indicative,23.1061
2020-09-14,MUR,LKR,indicative,4.6369
2020-09-14,MVR,LKR,indicative,11.9372
2020-09-14,MYR,LKR,indicative,44.4589
2020-09-14,NGN,LKR,indicative,0.4841
2020-09-14,NOK,LKR,indicative,20.4551
2020-09-14,NPR,LKR,indicative,1.5684
2020-09-14,NZD,LKR,indicative,123.4446
2020-09-14,OMR,LKR,indicative,479.341
2020-09-14,PGK,LKR,indicative,52.9655
2020-09-14,PHP,LKR,indicative,3.8042
2020-09-14,PKR,LKR,indicative,1.1102
2020-09-14,PLN,LKR,indicative,49.1704
2020-09-14,QAR,LKR,indicative,50.6863
2020-09-14,RON,LKR,indicative,45.0168
2020-09-14,RUB,LKR,indicative,2.4598
2020-09-14,SAR,LKR,indicative,49.1999
2020-09-14,SBD,LKR,indicative,22.6349
2020-09-14,SCR,LKR,indicative,10.2813
2020-09-14,SEK,LKR,indicative,21.0368
2020-09-14,SGD,LKR,indicative,135.057
2020-09-14,THB,LKR,indicative,5.9037
2020-09-14,TWD,LKR,indicative,6.3057
2020-09-14,USD,LKR,indicative,184.5487
2020-09-14,VND,LKR,indicative,0.008
2020-09-14,XAU,LKR,indicative,359767.4482
2020-09-14,ZAR,LKR,indicative,11.0448
2020-09-14,ZMW,LKR,indicative,9.2552
2020-09-15,AED,LKR,indicative,50.1501
2020-09-15,AUD,LKR,indicative,134.6473
2020-09-15,BDT,LKR,indicative,2.1707
2020-09-15,BHD,LKR,indicative,488.533
2020-09-15,BND,LKR,indicative,135.2288
2020-09-15,BRL,LKR,indicative,34.9555
2020-09-15,CAD,LKR,indicative,139.9869
2020-09-15,CHF,LKR,indicative,203.0184
2020-09-15,CNH,LKR,indicative,27.1304
2020-09-15,CNY,LKR,indicative,27.1214
2020-09-15,CZK,LKR,indicative,8.2121
2020-09-15,DKK,LKR,indicative,29.4146
2020-09-15,EGP,LKR,indicative,11.681
2020-09-15,EUR,LKR,indicative,218.8584
2020-09-15,GBP,LKR,indicative,236.5884
2020-09-15,GHS,LKR,indicative,31.7601
2020-09-15,HKD,LKR,indicative,23.7687
2020-09-15,HUF,LKR,indicative,0.6125
2020-09-15,IDR,LKR,indicative,0.0124
2020-09-15,INR,LKR,indicative,2.5103
2020-09-15,IRR,LKR,indicative,0.0044
2020-09-15,JOD,LKR,indicative,259.8148
2020-09-15,JPY,LKR,indicative,1.7437
2020-09-15,KES,LKR,indicative,1.6962
2020-09-15,KRW,LKR,indicative,0.156
2020-09-15,KWD,LKR,indicative,602.2845
2020-09-15,MMK,LKR,indicative,0.1388
2020-09-15,MOP,LKR,indicative,23.0592
2020-09-15,MUR,LKR,indicative,4.6342
2020-09-15,MVR,LKR,indicative,11.9152
2020-09-15,MYR,LKR,indicative,44.4895
2020-09-15,NGN,LKR,indicative,0.4832
2020-09-15,NOK,LKR,indicative,20.4293
2020-09-15,NPR,LKR,indicative,1.5668
2020-09-15,NZD,LKR,indicative,123.4935
2020-09-15,OMR,LKR,indicative,478.4579
2020-09-15,PGK,LKR,indicative,52.8679
2020-09-15,PHP,LKR,indicative,3.8034
2020-09-15,PKR,LKR,indicative,1.1097
2020-09-15,PLN,LKR,indicative,49.1728
2020-09-15,QAR,LKR,indicative,50.5929
2020-09-15,RON,LKR,indicative,45.0663
2020-09-15,RUB,LKR,indicative,2.4512
2020-09-15,SAR,LKR,indicative,49.1118
2020-09-15,SBD,LKR,indicative,22.8971
2020-09-15,SCR,LKR,indicative,10.2623
2020-09-15,SEK,LKR,indicative,21.0355
2020-09-15,SGD,LKR,indicative,135.2288
2020-09-15,THB,LKR,indicative,5.8966
2020-09-15,TWD,LKR,indicative,6.3023
2020-09-15,USD,LKR,indicative,184.2087
2020-09-15,VND,LKR,indicative,0.0079
2020-09-15,XAU,LKR,indicative,361951.2417
2020-09-15,ZAR,LKR,indicative,11.0782
2020-09-15,ZMW,LKR,indicative,9.2381
2020-09-16,AED,LKR,indicative,50.2051
2020-09-16,AUD,LKR,indicative,134.915
2020-09-16,BDT,LKR,indicative,2.1711
2020-09-16,BHD,LKR,indicative,488.3763
2020-09-16,BND,LKR,indicative,135.5315
2020-09-16,BRL,LKR,indicative,35.2663
2020-09-16,CAD,LKR,indicative,139.9703
2020-09-16,CHF,LKR,indicative,203.0398
2020-09-16,CNH,LKR,indicative,27.243
2020-09-16,CNY,LKR,indicative,27.2362
2020-09-16,CZK,LKR,indicative,8.1665
2020-09-16,DKK,LKR,indicative,29.3632
2020-09-16,EGP,LKR,indicative,11.3975
2020-09-16,EUR,LKR,indicative,218.4716
2020-09-16,GBP,LKR,indicative,237.9823
2020-09-16,GHS,LKR,indicative,31.8499
2020-09-16,HKD,LKR,indicative,23.7948
2020-09-16,HUF,LKR,indicative,0.6103
2020-09-16,IDR,LKR,indicative,0.0124
2020-09-16,INR,LKR,indicative,2.4185
2020-09-16,IRR,LKR,indicative,0.0044
2020-09-16,JOD,LKR,indicative,260.1
2020-09-16,JPY,LKR,indicative,1.7514
2020-09-16,KES,LKR,indicative,1.7348
2020-09-16,KRW,LKR,indicative,0.1565
2020-09-16,KWD,LKR,indicative,599.5348
2020-09-16,MMK,LKR,indicative,0.1319
2020-09-16,MOP,LKR,indicative,23.0903
2020-09-16,MUR,LKR,indicative,4.6393
2020-09-16,MVR,LKR,indicative,11.9283
2020-09-16,MYR,LKR,indicative,43.1018
2020-09-16,NGN,LKR,indicative,0.5115
2020-09-16,NOK,LKR,indicative,20.4458
2020-09-16,NPR,LKR,indicative,1.5134
2020-09-16,NZD,LKR,indicative,123.9979
2020-09-16,OMR,LKR,indicative,478.9894
2020-09-16,PGK,LKR,indicative,52.6032
2020-09-16,PHP,LKR,indicative,3.8133
2020-09-16,PKR,LKR,indicative,1.1133
2020-09-16,PLN,LKR,indicative,49.052
2020-09-16,QAR,LKR,indicative,50.638
2020-09-16,RON,LKR,indicative,44.9761
2020-09-16,RUB,LKR,indicative,2.4522
2020-09-16,SAR,LKR,indicative,49.1592
2020-09-16,SBD,LKR,indicative,22.452
2020-09-16,SCR,LKR,indicative,10.4838
2020-09-16,SEK,LKR,indicative,20.988
2020-09-16,SGD,LKR,indicative,135.5315
2020-09-16,THB,LKR,indicative,5.9087
2020-09-16,TWD,LKR,indicative,6.3085
2020-09-16,USD,LKR,indicative,184.4109
2020-09-16,VND,LKR,indicative,0.0079
2020-09-16,XAU,LKR,indicative,361131.4413
2020-09-16,ZAR,LKR,indicative,11.2252
2020-09-16,ZMW,LKR,indicative,10.1186
2020-09-17,AED,LKR,indicative,50.3352
2020-09-17,AUD,LKR,indicative,134.5713
2020-09-17,BDT,LKR,indicative,2.1805
2020-09-17,BHD,LKR,indicative,490.3497
2020-09-17,BND,LKR,indicative,135.8128
2020-09-17,BRL,LKR,indicative,35.2983
2020-09-17,CAD,LKR,indicative,139.8342
2020-09-17,CHF,LKR,indicative,202.6401
2020-09-17,CNH,LKR,indicative,27.3084
2020-09-17,CNY,LKR,indicative,27.3044
2020-09-17,CZK,LKR,indicative,8.134
2020-09-17,DKK,LKR,indicative,29.2428
2020-09-17,EGP,LKR,indicative,11.7315
2020-09-17,EUR,LKR,indicative,217.5587
2020-09-17,GBP,LKR,indicative,238.9595
2020-09-17,GHS,LKR,indicative,31.96
2020-09-17,HKD,LKR,indicative,23.8565
2020-09-17,HUF,LKR,indicative,0.6048
2020-09-17,IDR,LKR,indicative,0.0125
2020-09-17,INR,LKR,indicative,2.514
2020-09-17,IRR,LKR,indicative,0.0044
2020-09-17,JOD,LKR,indicative,260.774
2020-09-17,JPY,LKR,indicative,1.7596
2020-09-17,KES,LKR,indicative,1.7064
2020-09-17,KRW,LKR,indicative,0.1571
2020-09-17,KWD,LKR,indicative,605.0026
2020-09-17,MMK,LKR,indicative,0.14
2020-09-17,MOP,LKR,indicative,23.1458
2020-09-17,MUR,LKR,indicative,4.628
2020-09-17,MVR,LKR,indicative,11.9592
2020-09-17,MYR,LKR,indicative,44.6106
2020-09-17,NGN,LKR,indicative,0.485
2020-09-17,NOK,LKR,indicative,20.3449
2020-09-17,NPR,LKR,indicative,1.5716
2020-09-17,NZD,LKR,indicative,123.7646
2020-09-17,OMR,LKR,indicative,480.2369
2020-09-17,PGK,LKR,indicative,53.0631
2020-09-17,PHP,LKR,indicative,3.8162
2020-09-17,PKR,LKR,indicative,1.111
2020-09-17,PLN,LKR,indicative,48.8516
2020-09-17,QAR,LKR,indicative,50.7797
2020-09-17,RON,LKR,indicative,44.7846
2020-09-17,RUB,LKR,indicative,2.4637
2020-09-17,SAR,LKR,indicative,49.2905
2020-09-17,SBD,LKR,indicative,23.0002
2020-09-17,SCR,LKR,indicative,10.3002
2020-09-17,SEK,LKR,indicative,20.9069
2020-09-17,SGD,LKR,indicative,135.8128
2020-09-17,THB,LKR,indicative,5.9278
2020-09-17,TWD,LKR,indicative,6.3409
2020-09-17,USD,LKR,indicative,184.8888
2020-09-17,VND,LKR,indicative,0.008
2020-09-17,XAU,LKR,indicative,360234.7217
2020-09-17,ZAR,LKR,indicative,11.2921
2020-09-17,ZMW,LKR,indicative,9.2876
2020-09-18,AED,LKR,indicative,50.3552
2020-09-18,AUD,LKR,indicative,135.2813
2020-09-18,BDT,LKR,indicative,2.181
2020-09-18,BHD,LKR,indicative,490.5246
2020-09-18,BND,LKR,indicative,136.2972
2020-09-18,BRL,LKR,indicative,35.2995
2020-09-18,CAD,LKR,indicative,140.5167
2020-09-18,CHF,LKR,indicative,203.5234
2020-09-18,CNH,LKR,indicative,27.3797
2020-09-18,CNY,LKR,indicative,27.3643
2020-09-18,CZK,LKR,indicative,8.1998
2020-09-18,DKK,LKR,indicative,29.4526
2020-09-18,EGP,LKR,indicative,11.7362
2020-09-18,EUR,LKR,indicative,219.1154
2020-09-18,GBP,LKR,indicative,239.4797
2020-09-18,GHS,LKR,indicative,32.0004
2020-09-18,HKD,LKR,indicative,23.8659
2020-09-18,HUF,LKR,indicative,0.6076
2020-09-18,IDR,LKR,indicative,0.0125
2020-09-18,INR,LKR,indicative,2.5127
2020-09-18,IRR,LKR,indicative,0.0044
2020-09-18,JOD,LKR,indicative,260.8774
2020-09-18,JPY,LKR,indicative,1.7639
2020-09-18,KES,LKR,indicative,1.7063
2020-09-18,KRW,LKR,indicative,0.159
2020-09-18,KWD,LKR,indicative,604.8466
2020-09-18,MMK,LKR,indicative,0.14
2020-09-18,MOP,LKR,indicative,23.1593
2020-09-18,MUR,LKR,indicative,4.6415
2020-09-18,MVR,LKR,indicative,11.9639
2020-09-18,MYR,LKR,indicative,44.8067
2020-09-18,NGN,LKR,indicative,0.4852
2020-09-18,NOK,LKR,indicative,20.4344
2020-09-18,NPR,LKR,indicative,1.5695
2020-09-18,NZD,LKR,indicative,125.2933
2020-09-18,OMR,LKR,indicative,480.4273
2020-09-18,PGK,LKR,indicative,52.3905
2020-09-18,PHP,LKR,indicative,3.8208
2020-09-18,PKR,LKR,indicative,1.1117
2020-09-18,PLN,LKR,indicative,49.1979
2020-09-18,QAR,LKR,indicative,50.7998
2020-09-18,RON,LKR,indicative,45.1017
2020-09-18,RUB,LKR,indicative,2.4659
2020-09-18,SAR,LKR,indicative,49.312
2020-09-18,SBD,LKR,indicative,23.0093
2020-09-18,SCR,LKR,indicative,10.3043
2020-09-18,SEK,LKR,indicative,21.0843
2020-09-18,SGD,LKR,indicative,136.2972
2020-09-18,THB,LKR,indicative,5.9416
2020-09-18,TWD,LKR,indicative,6.3541
2020-09-18,USD,LKR,indicative,184.9621
2020-09-18,VND,LKR,indicative,0.008
2020-09-18,XAU,LKR,indicative,361065.172
2020-09-18,ZAR,LKR,indicative,11.4307
2020-09-18,ZMW,LKR,indicative,9.2913
2020-09-21,AED,LKR,indicative,50.4726
2020-09-21,AUD,LKR,indicative,135.6339
2020-09-21,BDT,LKR,indicative,2.1861
2020-09-21,BHD,LKR,indicative,491.6687
2020-09-21,BND,LKR,indicative,136.6957
2020-09-21,BRL,LKR,indicative,34.3971
2020-09-21,CAD,LKR,indicative,140.7001
2020-09-21,CHF,LKR,indicative,203.6955
2020-09-21,CNH,LKR,indicative,27.4218
2020-09-21,CNY,LKR,indicative,27.4176
2020-09-21,CZK,LKR,indicative,8.2253
2020-09-21,DKK,LKR,indicative,29.554
2020-09-21,EGP,LKR,indicative,11.7785
2020-09-21,EUR,LKR,indicative,219.9138
2020-09-21,GBP,LKR,indicative,240.1958
2020-09-21,GHS,LKR,indicative,32.075
2020-09-21,HKD,LKR,indicative,23.9217
2020-09-21,HUF,LKR,indicative,0.61
2020-09-21,IDR,LKR,indicative,0.0126
2020-09-21,INR,LKR,indicative,2.5212
2020-09-21,IRR,LKR,indicative,0.0044
2020-09-21,JOD,LKR,indicative,261.4859
2020-09-21,JPY,LKR,indicative,1.7767
2020-09-21,KES,LKR,indicative,1.7111
2020-09-21,KRW,LKR,indicative,0.1595
2020-09-21,KWD,LKR,indicative,606.3069
2020-09-21,MMK,LKR,indicative,0.1407
2020-09-21,MOP,LKR,indicative,23.209
2020-09-21,MUR,LKR,indicative,4.6634
2020-09-21,MVR,LKR,indicative,11.9918
2020-09-21,MYR,LKR,indicative,45.0805
2020-09-21,NGN,LKR,indicative,0.4865
2020-09-21,NOK,LKR,indicative,20.4367
2020-09-21,NPR,LKR,indicative,1.5775
2020-09-21,NZD,LKR,indicative,125.5485
2020-09-21,OMR,LKR,indicative,481.5478
2020-09-21,PGK,LKR,indicative,53.2079
2020-09-21,PHP,LKR,indicative,3.832
2020-09-21,PKR,LKR,indicative,1.1135
2020-09-21,PLN,LKR,indicative,49.3278
2020-09-21,QAR,LKR,indicative,50.9183
2020-09-21,RON,LKR,indicative,45.1937
2020-09-21,RUB,LKR,indicative,2.4536
2020-09-21,SAR,LKR,indicative,49.4271
2020-09-21,SBD,LKR,indicative,23.063
2020-09-21,SCR,LKR,indicative,10.3283
2020-09-21,SEK,LKR,indicative,21.1987
2020-09-21,SGD,LKR,indicative,136.6957
2020-09-21,THB,LKR,indicative,5.9862
2020-09-21,TWD,LKR,indicative,6.4006
2020-09-21,USD,LKR,indicative,185.3935
2020-09-21,VND,LKR,indicative,0.008
2020-09-21,XAU,LKR,indicative,362202.4838
2020-09-21,ZAR,LKR,indicative,11.3921
2020-09-21,ZMW,LKR,indicative,9.2697
2020-09-22,AED,LKR,indicative,50.5108
2020-09-22,AUD,LKR,indicative,133.8069
2020-09-22,BDT,LKR,indicative,2.1884
2020-09-22,BHD,LKR,indicative,492.0731
2020-09-22,BND,LKR,indicative,136.1565
2020-09-22,BRL,LKR,indicative,34.2651
2020-09-22,CAD,LKR,indicative,139.3471
2020-09-22,CHF,LKR,indicative,202.7248
2020-09-22,CNH,LKR,indicative,27.3121
2020-09-22,CNY,LKR,indicative,27.3173
2020-09-22,CZK,LKR,indicative,8.0422
2020-09-22,DKK,LKR,indicative,29.3269
2020-09-22,EGP,LKR,indicative,11.7949
2020-09-22,EUR,LKR,indicative,218.2155
2020-09-22,GBP,LKR,indicative,237.6408
2020-09-22,GHS,LKR,indicative,31.961
2020-09-22,HKD,LKR,indicative,23.9398
2020-09-22,HUF,LKR,indicative,0.6026
2020-09-22,IDR,LKR,indicative,0.0126
2020-09-22,INR,LKR,indicative,2.5215
2020-09-22,IRR,LKR,indicative,0.0044
2020-09-22,JOD,LKR,indicative,261.6836
2020-09-22,JPY,LKR,indicative,1.7754
2020-09-22,KES,LKR,indicative,1.7124
2020-09-22,KRW,LKR,indicative,0.1594
2020-09-22,KWD,LKR,indicative,606.8349
2020-09-22,MMK,LKR,indicative,0.1409
2020-09-22,MOP,LKR,indicative,23.2266
2020-09-22,MUR,LKR,indicative,4.6675
2020-09-22,MVR,LKR,indicative,12.0009
2020-09-22,MYR,LKR,indicative,44.8637
2020-09-22,NGN,LKR,indicative,0.4868
2020-09-22,NOK,LKR,indicative,19.9572
2020-09-22,NPR,LKR,indicative,1.5802
2020-09-22,NZD,LKR,indicative,123.7881
2020-09-22,OMR,LKR,indicative,481.912
2020-09-22,PGK,LKR,indicative,52.3669
2020-09-22,PHP,LKR,indicative,3.829
2020-09-22,PKR,LKR,indicative,1.1167
2020-09-22,PLN,LKR,indicative,48.5214
2020-09-22,QAR,LKR,indicative,50.9568
2020-09-22,RON,LKR,indicative,44.9028
2020-09-22,RUB,LKR,indicative,2.4358
2020-09-22,SAR,LKR,indicative,49.4671
2020-09-22,SBD,LKR,indicative,23.0804
2020-09-22,SCR,LKR,indicative,10.3246
2020-09-22,SEK,LKR,indicative,20.9527
2020-09-22,SGD,LKR,indicative,136.1565
2020-09-22,THB,LKR,indicative,5.9115
2020-09-22,TWD,LKR,indicative,6.3993
2020-09-22,USD,LKR,indicative,185.5337
2020-09-22,VND,LKR,indicative,0.008
2020-09-22,XAU,LKR,indicative,354121.8279
2020-09-22,ZAR,LKR,indicative,11.031
2020-09-22,ZMW,LKR,indicative,9.2967
2020-09-23,AED,LKR,indicative,50.4692
2020-09-23,AUD,LKR,indicative,132.2043
2020-09-23,BDT,LKR,indicative,2.1871
2020-09-23,BHD,LKR,indicative,491.5893
2020-09-23,BND,LKR,indicative,135.6461
2020-09-23,BRL,LKR,indicative,33.8787
2020-09-23,CAD,LKR,indicative,139.1904
2020-09-23,CHF,LKR,indicative,201.2165
2020-09-23,CNH,LKR,indicative,27.2709
2020-09-23,CNY,LKR,indicative,27.2779
2020-09-23,CZK,LKR,indicative,8.0446
2020-09-23,DKK,LKR,indicative,29.0976
2020-09-23,EGP,LKR,indicative,11.7702
2020-09-23,EUR,LKR,indicative,216.5619
2020-09-23,GBP,LKR,indicative,235.8136
2020-09-23,GHS,LKR,indicative,31.9347
2020-09-23,HKD,LKR,indicative,23.9195
2020-09-23,HUF,LKR,indicative,0.5962
2020-09-23,IDR,LKR,indicative,0.0125
2020-09-23,INR,LKR,indicative,2.5221
2020-09-23,IRR,LKR,indicative,0.0044
2020-09-23,JOD,LKR,indicative,261.468
2020-09-23,JPY,LKR,indicative,1.7633
2020-09-23,KES,LKR,indicative,1.7102
2020-09-23,KRW,LKR,indicative,0.1592
2020-09-23,KWD,LKR,indicative,606.0177
2020-09-23,MMK,LKR,indicative,0.141
2020-09-23,MOP,LKR,indicative,23.219
2020-09-23,MUR,LKR,indicative,4.6991
2020-09-23,MVR,LKR,indicative,11.991
2020-09-23,MYR,LKR,indicative,44.7672
2020-09-23,NGN,LKR,indicative,0.4864
2020-09-23,NOK,LKR,indicative,19.7514
2020-09-23,NPR,LKR,indicative,1.5746
2020-09-23,NZD,LKR,indicative,122.7221
2020-09-23,OMR,LKR,indicative,481.4961
2020-09-23,PGK,LKR,indicative,52.3237
2020-09-23,PHP,LKR,indicative,3.8228
2020-09-23,PKR,LKR,indicative,1.1137
2020-09-23,PLN,LKR,indicative,48.2857
2020-09-23,QAR,LKR,indicative,50.9043
2020-09-23,RON,LKR,indicative,44.5504
2020-09-23,RUB,LKR,indicative,2.4334
2020-09-23,SAR,LKR,indicative,49.4243
2020-09-23,SBD,LKR,indicative,23.0614
2020-09-23,SCR,LKR,indicative,10.3161
2020-09-23,SEK,LKR,indicative,20.7515
2020-09-23,SGD,LKR,indicative,135.6461
2020-09-23,THB,LKR,indicative,5.8973
2020-09-23,TWD,LKR,indicative,6.3817
2020-09-23,USD,LKR,indicative,185.3808
2020-09-23,VND,LKR,indicative,0.008
2020-09-23,XAU,LKR,indicative,352531.2521
2020-09-23,ZAR,LKR,indicative,11.0133
2020-09-23,ZMW,LKR,indicative,9.289
2020-09-24,AED,LKR,indicative,50.3916
2020-09-24,AUD,LKR,indicative,130.6314
2020-09-24,BDT,LKR,indicative,2.1825
2020-09-24,BHD,LKR,indicative,490.8208
2020-09-24,BND,LKR,indicative,134.7966
2020-09-24,BRL,LKR,indicative,33.0918
2020-09-24,CAD,LKR,indicative,138.2602
2020-09-24,CHF,LKR,indicative,200.559
2020-09-24,CNH,LKR,indicative,27.1272
2020-09-24,CNY,LKR,indicative,27.1473
2020-09-24,CZK,LKR,indicative,8.0083
2020-09-24,DKK,LKR,indicative,29.0026
2020-09-24,EGP,LKR,indicative,11.7521
2020-09-24,EUR,LKR,indicative,215.8866
2020-09-24,GBP,LKR,indicative,235.4142
2020-09-24,GHS,LKR,indicative,31.9682
2020-09-24,HKD,LKR,indicative,23.8827
2020-09-24,HUF,LKR,indicative,0.591
2020-09-24,IDR,LKR,indicative,0.0124
2020-09-24,INR,LKR,indicative,2.5156
2020-09-24,IRR,LKR,indicative,0.0044
2020-09-24,JOD,LKR,indicative,261.0661
2020-09-24,JPY,LKR,indicative,1.7555
2020-09-24,KES,LKR,indicative,1.7075
2020-09-24,KRW,LKR,indicative,0.1582
2020-09-24,KWD,LKR,indicative,604.454
2020-09-24,MMK,LKR,indicative,0.141
2020-09-24,MOP,LKR,indicative,23.1921
2020-09-24,MUR,LKR,indicative,4.6442
2020-09-24,MVR,LKR,indicative,11.9726
2020-09-24,MYR,LKR,indicative,44.3822
2020-09-24,NGN,LKR,indicative,0.4857
2020-09-24,NOK,LKR,indicative,19.4733
2020-09-24,NPR,LKR,indicative,1.5723
2020-09-24,NZD,LKR,indicative,120.9972
2020-09-24,OMR,LKR,indicative,480.7561
2020-09-24,PGK,LKR,indicative,52.9374
2020-09-24,PHP,LKR,indicative,3.8129
2020-09-24,PKR,LKR,indicative,1.1147
2020-09-24,PLN,LKR,indicative,47.8105
2020-09-24,QAR,LKR,indicative,50.8261
2020-09-24,RON,LKR,indicative,44.3264
2020-09-24,RUB,LKR,indicative,2.4087
2020-09-24,SAR,LKR,indicative,49.3477
2020-09-24,SBD,LKR,indicative,23.0259
2020-09-24,SCR,LKR,indicative,10.3003
2020-09-24,SEK,LKR,indicative,20.5323
2020-09-24,SGD,LKR,indicative,134.7966
2020-09-24,THB,LKR,indicative,5.8621
2020-09-24,TWD,LKR,indicative,6.342
2020-09-24,USD,LKR,indicative,185.0959
2020-09-24,VND,LKR,indicative,0.008
2020-09-24,XAU,LKR,indicative,344693.9143
2020-09-24,ZAR,LKR,indicative,10.8128
2020-09-24,ZMW,LKR,indicative,9.2715
2020-09-25,AED,LKR,indicative,50.3703
2020-09-25,AUD,LKR,indicative,130.5946
2020-09-25,BDT,LKR,indicative,2.1828
2020-09-25,BHD,LKR,indicative,490.5999
2020-09-25,BND,LKR,indicative,134.612
2020-09-25,BRL,LKR,indicative,33.5791
2020-09-25,CAD,LKR,indicative,138.5588
2020-09-25,CHF,LKR,indicative,199.6089
2020-09-25,CNH,LKR,indicative,27.1376
2020-09-25,CNY,LKR,indicative,27.1577
2020-09-25,CZK,LKR,indicative,7.9641
2020-09-25,DKK,LKR,indicative,29.0051
2020-09-25,EGP,LKR,indicative,11.7285
2020-09-25,EUR,LKR,indicative,215.9154
2020-09-25,GBP,LKR,indicative,235.9806
2020-09-25,GHS,LKR,indicative,31.9547
2020-09-25,HKD,LKR,indicative,23.8725
2020-09-25,HUF,LKR,indicative,0.5948
2020-09-25,IDR,LKR,indicative,0.0124
2020-09-25,INR,LKR,indicative,2.5033
2020-09-25,IRR,LKR,indicative,0.0044
2020-09-25,JOD,LKR,indicative,260.9556
2020-09-25,JPY,LKR,indicative,1.7538
2020-09-25,KES,LKR,indicative,1.7052
2020-09-25,KRW,LKR,indicative,0.1581
2020-09-25,KWD,LKR,indicative,603.981
2020-09-25,MMK,LKR,indicative,0.1413
2020-09-25,MOP,LKR,indicative,23.191
2020-09-25,MUR,LKR,indicative,4.637
2020-09-25,MVR,LKR,indicative,11.9675
2020-09-25,MYR,LKR,indicative,44.4006
2020-09-25,NGN,LKR,indicative,0.4855
2020-09-25,NOK,LKR,indicative,19.4893
2020-09-25,NPR,LKR,indicative,1.5648
2020-09-25,NZD,LKR,indicative,121.2975
2020-09-25,OMR,LKR,indicative,480.5525
2020-09-25,PGK,LKR,indicative,52.915
2020-09-25,PHP,LKR,indicative,3.8194
2020-09-25,PKR,LKR,indicative,1.1139
2020-09-25,PLN,LKR,indicative,47.444
2020-09-25,QAR,LKR,indicative,50.8046
2020-09-25,RON,LKR,indicative,44.2694
2020-09-25,RUB,LKR,indicative,2.3987
2020-09-25,SAR,LKR,indicative,49.3281
2020-09-25,SBD,LKR,indicative,23.0162
2020-09-25,SCR,LKR,indicative,10.2959
2020-09-25,SEK,LKR,indicative,20.3342
2020-09-25,SGD,LKR,indicative,134.612
2020-09-25,THB,LKR,indicative,5.8726
2020-09-25,TWD,LKR,indicative,6.318
2020-09-25,USD,LKR,indicative,185.0175
2020-09-25,VND,LKR,indicative,0.008
2020-09-25,XAU,LKR,indicative,345306.5693
2020-09-25,ZAR,LKR,indicative,10.9305
2020-09-25,ZMW,LKR,indicative,9.2676
2020-09-28,AED,LKR,indicative,50.4218
2020-09-28,AUD,LKR,indicative,130.7027
2020-09-28,BDT,LKR,indicative,2.1841
2020-09-28,BHD,LKR,indicative,491.0626
2020-09-28,BND,LKR,indicative,134.6397
2020-09-28,BRL,LKR,indicative,33.2935
2020-09-28,CAD,LKR,indicative,138.3925
2020-09-28,CHF,LKR,indicative,199.3723
2020-09-28,CNH,LKR,indicative,27.1339
2020-09-28,CNY,LKR,indicative,27.1562
2020-09-28,CZK,LKR,indicative,7.9453
2020-09-28,DKK,LKR,indicative,28.9361
2020-09-28,EGP,LKR,indicative,11.7304
2020-09-28,EUR,LKR,indicative,215.4581
2020-09-28,GBP,LKR,indicative,236.4316
2020-09-28,GHS,LKR,indicative,31.9856
2020-09-28,HKD,LKR,indicative,23.8958
2020-09-28,HUF,LKR,indicative,0.5929
2020-09-28,IDR,LKR,indicative,0.0124
2020-09-28,INR,LKR,indicative,2.5134
2020-09-28,IRR,LKR,indicative,0.0044
2020-09-28,JOD,LKR,indicative,261.2086
2020-09-28,JPY,LKR,indicative,1.7572
2020-09-28,KES,LKR,indicative,1.7069
2020-09-28,KRW,LKR,indicative,0.1578
2020-09-28,KWD,LKR,indicative,604.5272
2020-09-28,MMK,LKR,indicative,0.1416
2020-09-28,MOP,LKR,indicative,23.2134
2020-09-28,MUR,LKR,indicative,4.6415
2020-09-28,MVR,LKR,indicative,11.9791
2020-09-28,MYR,LKR,indicative,44.4384
2020-09-28,NGN,LKR,indicative,0.486
2020-09-28,NOK,LKR,indicative,19.3863
2020-09-28,NPR,LKR,indicative,1.5723
2020-09-28,NZD,LKR,indicative,121.4799
2020-09-28,OMR,LKR,indicative,481.0184
2020-09-28,PGK,LKR,indicative,53.1515
2020-09-28,PHP,LKR,indicative,3.8239
2020-09-28,PKR,LKR,indicative,1.1188
2020-09-28,PLN,LKR,indicative,47.3728
2020-09-28,QAR,LKR,indicative,50.8643
2020-09-28,RON,LKR,indicative,44.2478
2020-09-28,RUB,LKR,indicative,2.3669
2020-09-28,SAR,LKR,indicative,49.3753
2020-09-28,SBD,LKR,indicative,23.0385
2020-09-28,SCR,LKR,indicative,10.7807
2020-09-28,SEK,LKR,indicative,20.3007
2020-09-28,SGD,LKR,indicative,134.6397
2020-09-28,THB,LKR,indicative,5.8505
2020-09-28,TWD,LKR,indicative,6.36
2020-09-28,USD,LKR,indicative,185.1969
2020-09-28,VND,LKR,indicative,0.008
2020-09-28,XAU,LKR,indicative,344622.7254
2020-09-28,ZAR,LKR,indicative,10.8375
2020-09-28,ZMW,LKR,indicative,9.2733
2020-09-29,AED,LKR,indicative,50.4408
2020-09-29,AUD,LKR,indicative,131.2499
2020-09-29,BDT,LKR,indicative,2.1799
2020-09-29,BHD,LKR,indicative,491.2867
2020-09-29,BND,LKR,indicative,135.0855
2020-09-29,BRL,LKR,indicative,32.726
2020-09-29,CAD,LKR,indicative,138.5038
2020-09-29,CHF,LKR,indicative,200.494
2020-09-29,CNH,LKR,indicative,27.1451
2020-09-29,CNY,LKR,indicative,27.1497
2020-09-29,CZK,LKR,indicative,7.9463
2020-09-29,DKK,LKR,indicative,29.0461
2020-09-29,EGP,LKR,indicative,11.7561
2020-09-29,EUR,LKR,indicative,216.2455
2020-09-29,GBP,LKR,indicative,237.9691
2020-09-29,GHS,LKR,indicative,31.9994
2020-09-29,HKD,LKR,indicative,23.9065
2020-09-29,HUF,LKR,indicative,0.5904
2020-09-29,IDR,LKR,indicative,0.0124
2020-09-29,INR,LKR,indicative,2.5117
2020-09-29,IRR,LKR,indicative,0.0044
2020-09-29,JOD,LKR,indicative,261.3209
2020-09-29,JPY,LKR,indicative,1.7561
2020-09-29,KES,LKR,indicative,1.7076
2020-09-29,KRW,LKR,indicative,0.1585
2020-09-29,KWD,LKR,indicative,604.787
2020-09-29,MMK,LKR,indicative,0.1416
2020-09-29,MOP,LKR,indicative,23.1944
2020-09-29,MUR,LKR,indicative,4.6261
2020-09-29,MVR,LKR,indicative,11.9842
2020-09-29,MYR,LKR,indicative,44.4468
2020-09-29,NGN,LKR,indicative,0.4862
2020-09-29,NOK,LKR,indicative,19.5427
2020-09-29,NPR,LKR,indicative,1.5695
2020-09-29,NZD,LKR,indicative,121.6248
2020-09-29,OMR,LKR,indicative,481.2252
2020-09-29,PGK,LKR,indicative,52.2943
2020-09-29,PHP,LKR,indicative,3.8234
2020-09-29,PKR,LKR,indicative,1.1144
2020-09-29,PLN,LKR,indicative,47.095
2020-09-29,QAR,LKR,indicative,50.8757
2020-09-29,RON,LKR,indicative,44.3734
2020-09-29,RUB,LKR,indicative,2.3395
2020-09-29,SAR,LKR,indicative,49.3978
2020-09-29,SBD,LKR,indicative,23.0855
2020-09-29,SCR,LKR,indicative,10.3046
2020-09-29,SEK,LKR,indicative,20.5058
2020-09-29,SGD,LKR,indicative,135.0855
2020-09-29,THB,LKR,indicative,5.8447
2020-09-29,TWD,LKR,indicative,6.3838
2020-09-29,USD,LKR,indicative,185.2765
2020-09-29,VND,LKR,indicative,0.008
2020-09-29,XAU,LKR,indicative,349517.4288
2020-09-29,ZAR,LKR,indicative,10.8825
2020-09-29,ZMW,LKR,indicative,9.2407
2020-09-30,AED,LKR,indicative,50.5077
2020-09-30,AUD,LKR,indicative,132.4444
2020-09-30,BDT,LKR,indicative,2.1878
2020-09-30,BHD,LKR,indicative,491.9127
2020-09-30,BND,LKR,indicative,135.6555
2020-09-30,BRL,LKR,indicative,32.9399
2020-09-30,CAD,LKR,indicative,138.6513
2020-09-30,CHF,LKR,indicative,201.6329
2020-09-30,CNH,LKR,indicative,27.234
2020-09-30,CNY,LKR,indicative,27.237
2020-09-30,CZK,LKR,indicative,8.0226
2020-09-30,DKK,LKR,indicative,29.2712
2020-09-30,EGP,LKR,indicative,11.7717
2020-09-30,EUR,LKR,indicative,217.9703
2020-09-30,GBP,LKR,indicative,238.7302
2020-09-30,GHS,LKR,indicative,32.0973
2020-09-30,HKD,LKR,indicative,23.9384
2020-09-30,HUF,LKR,indicative,0.5969
2020-09-30,IDR,LKR,indicative,0.0125
2020-09-30,INR,LKR,indicative,2.5152
2020-09-30,IRR,LKR,indicative,0.0044
2020-09-30,JOD,LKR,indicative,261.6677
2020-09-30,JPY,LKR,indicative,1.7553
2020-09-30,KES,LKR,indicative,1.7099
2020-09-30,KRW,LKR,indicative,0.1589
2020-09-30,KWD,LKR,indicative,605.6885
2020-09-30,MMK,LKR,indicative,0.1419
2020-09-30,MOP,LKR,indicative,23.2237
2020-09-30,MUR,LKR,indicative,4.6497
2020-09-30,MVR,LKR,indicative,12.0002
2020-09-30,MYR,LKR,indicative,44.6504
2020-09-30,NGN,LKR,indicative,0.4868
2020-09-30,NOK,LKR,indicative,19.7282
2020-09-30,NPR,LKR,indicative,1.57
2020-09-30,NZD,LKR,indicative,122.621
2020-09-30,OMR,LKR,indicative,481.8638
2020-09-30,PGK,LKR,indicative,53.2449
2020-09-30,PHP,LKR,indicative,3.8324
2020-09-30,PKR,LKR,indicative,1.1206
2020-09-30,PLN,LKR,indicative,48.1757
2020-09-30,QAR,LKR,indicative,50.9537
2020-09-30,RON,LKR,indicative,44.7495
2020-09-30,RUB,LKR,indicative,2.3543
2020-09-30,SAR,LKR,indicative,49.4621
2020-09-30,SBD,LKR,indicative,22.8378
2020-09-30,SCR,LKR,indicative,10.3183
2020-09-30,SEK,LKR,indicative,20.7114
2020-09-30,SGD,LKR,indicative,135.6555
2020-09-30,THB,LKR,indicative,5.8626
2020-09-30,TWD,LKR,indicative,6.3993
2020-09-30,USD,LKR,indicative,185.5224
2020-09-30,VND,LKR,indicative,0.008
2020-09-30,XAU,LKR,indicative,351689.5727
2020-09-30,ZAR,LKR,indicative,10.9638
2020-09-30,ZMW,LKR,indicative,9.253
2020-10-02,AED,LKR,indicative,50.351
2020-10-02,AUD,LKR,indicative,132.5421
2020-10-02,BDT,LKR,indicative,2.1815
2020-10-02,BHD,LKR,indicative,490.3927
2020-10-02,BND,LKR,indicative,135.507
2020-10-02,BRL,LKR,indicative,32.7693
2020-10-02,CAD,LKR,indicative,139.0943
2020-10-02,CHF,LKR,indicative,201.0837
2020-10-02,CNH,LKR,indicative,27.3295
2020-10-02,CNY,LKR,indicative,27.2349
2020-10-02,CZK,LKR,indicative,8.077
2020-10-02,DKK,LKR,indicative,29.15
2020-10-02,EGP,LKR,indicative,11.7426
2020-10-02,EUR,LKR,indicative,216.9795
2020-10-02,GBP,LKR,indicative,238.0449
2020-10-02,GHS,LKR,indicative,31.8736
2020-10-02,HKD,LKR,indicative,23.8636
2020-10-02,HUF,LKR,indicative,0.6043
2020-10-02,IDR,LKR,indicative,0.0125
2020-10-02,INR,LKR,indicative,2.5252
2020-10-02,IRR,LKR,indicative,0.0044
2020-10-02,JOD,LKR,indicative,260.8557
2020-10-02,JPY,LKR,indicative,1.7514
2020-10-02,KES,LKR,indicative,1.7054
2020-10-02,KRW,LKR,indicative,0.1588
2020-10-02,KWD,LKR,indicative,603.809
2020-10-02,MMK,LKR,indicative,0.1415
2020-10-02,MOP,LKR,indicative,23.1516
2020-10-02,MUR,LKR,indicative,4.6411
2020-10-02,MVR,LKR,indicative,11.9629
2020-10-02,MYR,LKR,indicative,44.4423
2020-10-02,NGN,LKR,indicative,0.4853
2020-10-02,NOK,LKR,indicative,19.8116
2020-10-02,NPR,LKR,indicative,1.5802
2020-10-02,NZD,LKR,indicative,122.8786
2020-10-02,OMR,LKR,indicative,480.4122
2020-10-02,PGK,LKR,indicative,52.2012
2020-10-02,PHP,LKR,indicative,3.8179
2020-10-02,PKR,LKR,indicative,1.1206
2020-10-02,PLN,LKR,indicative,48.4059
2020-10-02,QAR,LKR,indicative,50.7956
2020-10-02,RON,LKR,indicative,44.4776
2020-10-02,RUB,LKR,indicative,2.3931
2020-10-02,SAR,LKR,indicative,49.3086
2020-10-02,SBD,LKR,indicative,23.0813
2020-10-02,SCR,LKR,indicative,10.5421
2020-10-02,SEK,LKR,indicative,20.7036
2020-10-02,SGD,LKR,indicative,135.507
2020-10-02,THB,LKR,indicative,5.8537
2020-10-02,TWD,LKR,indicative,6.3969
2020-10-02,USD,LKR,indicative,184.9467
2020-10-02,VND,LKR,indicative,0.008
2020-10-02,XAU,LKR,indicative,350942.1428
2020-10-02,ZAR,LKR,indicative,11.1192
2020-10-02,ZMW,LKR,indicative,9.2261
2020-10-05,AED,LKR,indicative,50.2477
2020-10-05,AUD,LKR,indicative,132.6302
2020-10-05,BDT,LKR,indicative,2.1766
2020-10-05,BHD,LKR,indicative,489.4067
2020-10-05,BND,LKR,indicative,135.4674
2020-10-05,BRL,LKR,indicative,32.4757
2020-10-05,CAD,LKR,indicative,139.0234
2020-10-05,CHF,LKR,indicative,201.3171
2020-10-05,CNH,LKR,indicative,27.3961
2020-10-05,CNY,LKR,indicative,27.1791
2020-10-05,CZK,LKR,indicative,7.9789
2020-10-05,DKK,LKR,indicative,29.0997
2020-10-05,EGP,LKR,indicative,11.7559
2020-10-05,EUR,LKR,indicative,216.553
2020-10-05,GBP,LKR,indicative,238.9595
2020-10-05,GHS,LKR,indicative,31.822
2020-10-05,HKD,LKR,indicative,23.8147
2020-10-05,HUF,LKR,indicative,0.6038
2020-10-05,IDR,LKR,indicative,0.0124
2020-10-05,INR,LKR,indicative,2.5181
2020-10-05,IRR,LKR,indicative,0.0044
2020-10-05,JOD,LKR,indicative,260.3209
2020-10-05,JPY,LKR,indicative,1.7489
2020-10-05,KES,LKR,indicative,1.7011
2020-10-05,KRW,LKR,indicative,0.1586
2020-10-05,KWD,LKR,indicative,602.7186
2020-10-05,MMK,LKR,indicative,0.1413
2020-10-05,MOP,LKR,indicative,23.0969
2020-10-05,MUR,LKR,indicative,4.6316
2020-10-05,MVR,LKR,indicative,11.9384
2020-10-05,MYR,LKR,indicative,44.3832
2020-10-05,NGN,LKR,indicative,0.4843
2020-10-05,NOK,LKR,indicative,19.8733
2020-10-05,NPR,LKR,indicative,1.577
2020-10-05,NZD,LKR,indicative,122.7005
2020-10-05,OMR,LKR,indicative,479.3961
2020-10-05,PGK,LKR,indicative,52.9709
2020-10-05,PHP,LKR,indicative,3.8116
2020-10-05,PKR,LKR,indicative,1.121
2020-10-05,PLN,LKR,indicative,48.1566
2020-10-05,QAR,LKR,indicative,50.6824
2020-10-05,RON,LKR,indicative,44.4714
2020-10-05,RUB,LKR,indicative,2.3613
2020-10-05,SAR,LKR,indicative,49.2062
2020-10-05,SBD,LKR,indicative,22.6741
2020-10-05,SCR,LKR,indicative,10.2652
2020-10-05,SEK,LKR,indicative,20.7173
2020-10-05,SGD,LKR,indicative,135.4674
2020-10-05,THB,LKR,indicative,5.8602
2020-10-05,TWD,LKR,indicative,6.3862
2020-10-05,USD,LKR,indicative,184.5675
2020-10-05,VND,LKR,indicative,0.008
2020-10-05,XAU,LKR,indicative,350354.334
2020-10-05,ZAR,LKR,indicative,11.2389
2020-10-05,ZMW,LKR,indicative,9.1957
2020-10-06,AED,LKR,indicative,50.301
2020-10-06,AUD,LKR,indicative,132.8816
2020-10-06,BDT,LKR,indicative,2.1791
2020-10-06,BHD,LKR,indicative,489.9773
2020-10-06,BND,LKR,indicative,135.9102
2020-10-06,BRL,LKR,indicative,33.142
2020-10-06,CAD,LKR,indicative,139.4018
2020-10-06,CHF,LKR,indicative,201.9379
2020-10-06,CNH,LKR,indicative,27.4569
2020-10-06,CNY,LKR,indicative,27.2079
2020-10-06,CZK,LKR,indicative,8.0475
2020-10-06,DKK,LKR,indicative,29.2773
2020-10-06,EGP,LKR,indicative,11.7459
2020-10-06,EUR,LKR,indicative,217.8449
2020-10-06,GBP,LKR,indicative,239.9703
2020-10-06,GHS,LKR,indicative,31.8283
2020-10-06,HKD,LKR,indicative,23.8402
2020-10-06,HUF,LKR,indicative,0.6038
2020-10-06,IDR,LKR,indicative,0.0126
2020-10-06,INR,LKR,indicative,2.5278
2020-10-06,IRR,LKR,indicative,0.0044
2020-10-06,JOD,LKR,indicative,260.5968
2020-10-06,JPY,LKR,indicative,1.7481
2020-10-06,KES,LKR,indicative,1.7029
2020-10-06,KRW,LKR,indicative,0.1592
2020-10-06,KWD,LKR,indicative,603.3573
2020-10-06,MMK,LKR,indicative,0.142
2020-10-06,MOP,LKR,indicative,23.162
2020-10-06,MUR,LKR,indicative,4.6365
2020-10-06,MVR,LKR,indicative,11.951
2020-10-06,MYR,LKR,indicative,44.5266
2020-10-06,NGN,LKR,indicative,0.4848
2020-10-06,NOK,LKR,indicative,20.0692
2020-10-06,NPR,LKR,indicative,1.5755
2020-10-06,NZD,LKR,indicative,122.8952
2020-10-06,OMR,LKR,indicative,479.9042
2020-10-06,PGK,LKR,indicative,52.8422
2020-10-06,PHP,LKR,indicative,3.8178
2020-10-06,PKR,LKR,indicative,1.1231
2020-10-06,PLN,LKR,indicative,48.4644
2020-10-06,QAR,LKR,indicative,50.7452
2020-10-06,RON,LKR,indicative,44.6903
2020-10-06,RUB,LKR,indicative,2.3624
2020-10-06,SAR,LKR,indicative,49.2583
2020-10-06,SBD,LKR,indicative,23.0954
2020-10-06,SCR,LKR,indicative,10.2703
2020-10-06,SEK,LKR,indicative,20.7816
2020-10-06,SGD,LKR,indicative,135.9102
2020-10-06,THB,LKR,indicative,5.902
2020-10-06,TWD,LKR,indicative,6.4212
2020-10-06,USD,LKR,indicative,184.7631
2020-10-06,VND,LKR,indicative,0.008
2020-10-06,XAU,LKR,indicative,352998.2169
2020-10-06,ZAR,LKR,indicative,11.1731
2020-10-06,ZMW,LKR,indicative,9.2036
2020-10-07,AED,LKR,indicative,50.2873
2020-10-07,AUD,LKR,indicative,131.4877
2020-10-07,BDT,LKR,indicative,2.178
2020-10-07,BHD,LKR,indicative,489.8567
2020-10-07,BND,LKR,indicative,135.6237
2020-10-07,BRL,LKR,indicative,33.0168
2020-10-07,CAD,LKR,indicative,138.6524
2020-10-07,CHF,LKR,indicative,201.2121
2020-10-07,CNH,LKR,indicative,27.379
2020-10-07,CNY,LKR,indicative,27.2004
2020-10-07,CZK,LKR,indicative,8.0155
2020-10-07,DKK,LKR,indicative,29.1262
2020-10-07,EGP,LKR,indicative,11.7502
2020-10-07,EUR,LKR,indicative,216.7326
2020-10-07,GBP,LKR,indicative,237.9838
2020-10-07,GHS,LKR,indicative,31.847
2020-10-07,HKD,LKR,indicative,23.8334
2020-10-07,HUF,LKR,indicative,0.6009
2020-10-07,IDR,LKR,indicative,0.0125
2020-10-07,INR,LKR,indicative,2.5151
2020-10-07,IRR,LKR,indicative,0.0044
2020-10-07,JOD,LKR,indicative,260.5257
2020-10-07,JPY,LKR,indicative,1.7479
2020-10-07,KES,LKR,indicative,1.7009
2020-10-07,KRW,LKR,indicative,0.1591
2020-10-07,KWD,LKR,indicative,603.1928
2020-10-07,MMK,LKR,indicative,0.1426
2020-10-07,MOP,LKR,indicative,23.1484
2020-10-07,MUR,LKR,indicative,4.6469
2020-10-07,MVR,LKR,indicative,11.9478
2020-10-07,MYR,LKR,indicative,44.4074
2020-10-07,NGN,LKR,indicative,0.4847
2020-10-07,NOK,LKR,indicative,19.7332
2020-10-07,NPR,LKR,indicative,1.5716
2020-10-07,NZD,LKR,indicative,121.6887
2020-10-07,OMR,LKR,indicative,479.7732
2020-10-07,PGK,LKR,indicative,52.8278
2020-10-07,PHP,LKR,indicative,3.812
2020-10-07,PKR,LKR,indicative,1.1237
2020-10-07,PLN,LKR,indicative,48.2821
2020-10-07,QAR,LKR,indicative,50.7313
2020-10-07,RON,LKR,indicative,44.4652
2020-10-07,RUB,LKR,indicative,2.3552
2020-10-07,SAR,LKR,indicative,49.2449
2020-10-07,SBD,LKR,indicative,23.0891
2020-10-07,SCR,LKR,indicative,10.2675
2020-10-07,SEK,LKR,indicative,20.6271
2020-10-07,SGD,LKR,indicative,135.6237
2020-10-07,THB,LKR,indicative,5.9004
2020-10-07,TWD,LKR,indicative,6.4223
2020-10-07,USD,LKR,indicative,184.7127
2020-10-07,VND,LKR,indicative,0.008
2020-10-07,XAU,LKR,indicative,347324.5254
2020-10-07,ZAR,LKR,indicative,11.0816
2020-10-07,ZMW,LKR,indicative,9.2011
2020-10-08,AED,LKR,indicative,50.2218
2020-10-08,AUD,LKR,indicative,131.6579
2020-10-08,BDT,LKR,indicative,2.1756
2020-10-08,BHD,LKR,indicative,489.2191
2020-10-08,BND,LKR,indicative,135.6663
2020-10-08,BRL,LKR,indicative,32.8681
2020-10-08,CAD,LKR,indicative,139.0984
2020-10-08,CHF,LKR,indicative,201.1474
2020-10-08,CNH,LKR,indicative,27.3527
2020-10-08,CNY,LKR,indicative,27.165
2020-10-08,CZK,LKR,indicative,8.0094
2020-10-08,DKK,LKR,indicative,29.1552
2020-10-08,EGP,LKR,indicative,11.7423
2020-10-08,EUR,LKR,indicative,217.0224
2020-10-08,GBP,LKR,indicative,238.4304
2020-10-08,GHS,LKR,indicative,31.5337
2020-10-08,HKD,LKR,indicative,23.8027
2020-10-08,HUF,LKR,indicative,0.6045
2020-10-08,IDR,LKR,indicative,0.0125
2020-10-08,INR,LKR,indicative,2.5155
2020-10-08,IRR,LKR,indicative,0.0044
2020-10-08,JOD,LKR,indicative,260.1866
2020-10-08,JPY,LKR,indicative,1.7401
2020-10-08,KES,LKR,indicative,1.7002
2020-10-08,KRW,LKR,indicative,0.1593
2020-10-08,KWD,LKR,indicative,602.0636
2020-10-08,MMK,LKR,indicative,0.1429
2020-10-08,MOP,LKR,indicative,23.1139
2020-10-08,MUR,LKR,indicative,4.6408
2020-10-08,MVR,LKR,indicative,11.9322
2020-10-08,MYR,LKR,indicative,44.3977
2020-10-08,NGN,LKR,indicative,0.4841
2020-10-08,NOK,LKR,indicative,19.8448
2020-10-08,NPR,LKR,indicative,1.5721
2020-10-08,NZD,LKR,indicative,121.1522
2020-10-08,OMR,LKR,indicative,479.1488
2020-10-08,PGK,LKR,indicative,52.7591
2020-10-08,PHP,LKR,indicative,3.8122
2020-10-08,PKR,LKR,indicative,1.1224
2020-10-08,PLN,LKR,indicative,48.4345
2020-10-08,QAR,LKR,indicative,50.6653
2020-10-08,RON,LKR,indicative,44.5171
2020-10-08,RUB,LKR,indicative,2.3634
2020-10-08,SAR,LKR,indicative,49.1795
2020-10-08,SBD,LKR,indicative,22.7823
2020-10-08,SCR,LKR,indicative,10.1918
2020-10-08,SEK,LKR,indicative,20.7732
2020-10-08,SGD,LKR,indicative,135.6663
2020-10-08,THB,LKR,indicative,5.905
2020-10-08,TWD,LKR,indicative,6.4222
2020-10-08,USD,LKR,indicative,184.4723
2020-10-08,VND,LKR,indicative,0.0079
2020-10-08,XAU,LKR,indicative,348061.4133
2020-10-08,ZAR,LKR,indicative,11.0825
2020-10-08,ZMW,LKR,indicative,9.1809
2020-10-09,AED,LKR,indicative,50.1454
2020-10-09,AUD,LKR,indicative,132.2404
2020-10-09,BDT,LKR,indicative,2.1736
2020-10-09,BHD,LKR,indicative,488.4618
2020-10-09,BND,LKR,indicative,135.7594
2020-10-09,BRL,LKR,indicative,32.8914
2020-10-09,CAD,LKR,indicative,139.6661
2020-10-09,CHF,LKR,indicative,201.1045
2020-10-09,CNH,LKR,indicative,27.4233
2020-10-09,CNY,LKR,indicative,27.3928
2020-10-09,CZK,LKR,indicative,7.9768
2020-10-09,DKK,LKR,indicative,29.1373
2020-10-09,EGP,LKR,indicative,11.7245
2020-10-09,EUR,LKR,indicative,216.858
2020-10-09,GBP,LKR,indicative,238.5834
2020-10-09,GHS,LKR,indicative,31.7572
2020-10-09,HKD,LKR,indicative,23.7665
2020-10-09,HUF,LKR,indicative,0.607
2020-10-09,IDR,LKR,indicative,0.0125
2020-10-09,INR,LKR,indicative,2.5128
2020-10-09,IRR,LKR,indicative,0.0044
2020-10-09,JOD,LKR,indicative,259.7907
2020-10-09,JPY,LKR,indicative,1.7397
2020-10-09,KES,LKR,indicative,1.6961
2020-10-09,KRW,LKR,indicative,0.1605
2020-10-09,KWD,LKR,indicative,601.1475
2020-10-09,MMK,LKR,indicative,0.1438
2020-10-09,MOP,LKR,indicative,23.0585
2020-10-09,MUR,LKR,indicative,4.6338
2020-10-09,MVR,LKR,indicative,11.9141
2020-10-09,MYR,LKR,indicative,44.3675
2020-10-09,NGN,LKR,indicative,0.4833
2020-10-09,NOK,LKR,indicative,19.9292
2020-10-09,NPR,LKR,indicative,1.5717
2020-10-09,NZD,LKR,indicative,121.6217
2020-10-09,OMR,LKR,indicative,478.4197
2020-10-09,PGK,LKR,indicative,52.6788
2020-10-09,PHP,LKR,indicative,3.8117
2020-10-09,PKR,LKR,indicative,1.1248
2020-10-09,PLN,LKR,indicative,48.3436
2020-10-09,QAR,LKR,indicative,50.5778
2020-10-09,RON,LKR,indicative,44.5187
2020-10-09,RUB,LKR,indicative,2.3809
2020-10-09,SAR,LKR,indicative,49.102
2020-10-09,SBD,LKR,indicative,23.024
2020-10-09,SCR,LKR,indicative,10.4455
2020-10-09,SEK,LKR,indicative,20.8101
2020-10-09,SGD,LKR,indicative,135.7594
2020-10-09,THB,LKR,indicative,5.9169
2020-10-09,TWD,LKR,indicative,6.4281
2020-10-09,USD,LKR,indicative,184.1916
2020-10-09,VND,LKR,indicative,0.0079
2020-10-09,XAU,LKR,indicative,351053.5794
2020-10-09,ZAR,LKR,indicative,11.1329
2020-10-09,ZMW,LKR,indicative,9.1711
2020-10-12,AED,LKR,indicative,50.1452
2020-10-12,AUD,LKR,indicative,133.0687
2020-10-12,BDT,LKR,indicative,2.1722
2020-10-12,BHD,LKR,indicative,488.4729
2020-10-12,BND,LKR,indicative,135.9744
2020-10-12,BRL,LKR,indicative,33.2976
2020-10-12,CAD,LKR,indicative,140.2665
2020-10-12,CHF,LKR,indicative,202.2853
2020-10-12,CNH,LKR,indicative,27.3949
2020-10-12,CNY,LKR,indicative,27.3855
2020-10-12,CZK,LKR,indicative,8.0482
2020-10-12,DKK,LKR,indicative,29.2441
2020-10-12,EGP,LKR,indicative,11.775
2020-10-12,EUR,LKR,indicative,217.6492
2020-10-12,GBP,LKR,indicative,239.9086
2020-10-12,GHS,LKR,indicative,31.6208
2020-10-12,HKD,LKR,indicative,23.7661
2020-10-12,HUF,LKR,indicative,0.6109
2020-10-12,IDR,LKR,indicative,0.0125
2020-10-12,INR,LKR,indicative,2.5226
2020-10-12,IRR,LKR,indicative,0.0044
2020-10-12,JOD,LKR,indicative,259.7897
2020-10-12,JPY,LKR,indicative,1.7448
2020-10-12,KES,LKR,indicative,1.696
2020-10-12,KRW,LKR,indicative,0.1603
2020-10-12,KWD,LKR,indicative,602.2263
2020-10-12,MMK,LKR,indicative,0.1441
2020-10-12,MOP,LKR,indicative,23.0902
2020-10-12,MUR,LKR,indicative,4.6337
2020-10-12,MVR,LKR,indicative,11.914
2020-10-12,MYR,LKR,indicative,44.5121
2020-10-12,NGN,LKR,indicative,0.4833
2020-10-12,NOK,LKR,indicative,20.1218
2020-10-12,NPR,LKR,indicative,1.5741
2020-10-12,NZD,LKR,indicative,122.6896
2020-10-12,OMR,LKR,indicative,478.4179
2020-10-12,PGK,LKR,indicative,52.6786
2020-10-12,PHP,LKR,indicative,3.808
2020-10-12,PKR,LKR,indicative,1.1248
2020-10-12,PLN,LKR,indicative,48.673
2020-10-12,QAR,LKR,indicative,50.588
2020-10-12,RON,LKR,indicative,44.6827
2020-10-12,RUB,LKR,indicative,2.3953
2020-10-12,SAR,LKR,indicative,49.1032
2020-10-12,SBD,LKR,indicative,23.0239
2020-10-12,SCR,LKR,indicative,10.1735
2020-10-12,SEK,LKR,indicative,20.9339
2020-10-12,SGD,LKR,indicative,135.9744
2020-10-12,THB,LKR,indicative,5.9292
2020-10-12,TWD,LKR,indicative,6.4268
2020-10-12,USD,LKR,indicative,184.1909
2020-10-12,VND,LKR,indicative,0.0079
2020-10-12,XAU,LKR,indicative,354776.8523
2020-10-12,ZAR,LKR,indicative,11.1643
2020-10-12,ZMW,LKR,indicative,9.166
2020-10-13,AED,LKR,indicative,50.1455
2020-10-13,AUD,LKR,indicative,131.9919
2020-10-13,BDT,LKR,indicative,2.1722
2020-10-13,BHD,LKR,indicative,488.4496
2020-10-13,BND,LKR,indicative,135.4502
2020-10-13,BRL,LKR,indicative,33.2978
2020-10-13,CAD,LKR,indicative,140.1765
2020-10-13,CHF,LKR,indicative,202.4421
2020-10-13,CNH,LKR,indicative,27.2536
2020-10-13,CNY,LKR,indicative,27.2473
2020-10-13,CZK,LKR,indicative,7.9906
2020-10-13,DKK,LKR,indicative,29.1879
2020-10-13,EGP,LKR,indicative,11.732
2020-10-13,EUR,LKR,indicative,217.1991
2020-10-13,GBP,LKR,indicative,240.1586
2020-10-13,GHS,LKR,indicative,31.7572
2020-10-13,HKD,LKR,indicative,23.7665
2020-10-13,HUF,LKR,indicative,0.6064
2020-10-13,IDR,LKR,indicative,0.0125
2020-10-13,INR,LKR,indicative,2.5112
2020-10-13,IRR,LKR,indicative,0.0044
2020-10-13,JOD,LKR,indicative,259.7911
2020-10-13,JPY,LKR,indicative,1.7478
2020-10-13,KES,LKR,indicative,1.6976
2020-10-13,KRW,LKR,indicative,0.1601
2020-10-13,KWD,LKR,indicative,602.1311
2020-10-13,MMK,LKR,indicative,0.1437
2020-10-13,MOP,LKR,indicative,23.0586
2020-10-13,MUR,LKR,indicative,4.6279
2020-10-13,MVR,LKR,indicative,11.9141
2020-10-13,MYR,LKR,indicative,44.3302
2020-10-13,NGN,LKR,indicative,0.4833
2020-10-13,NOK,LKR,indicative,20.0612
2020-10-13,NPR,LKR,indicative,1.5711
2020-10-13,NZD,LKR,indicative,122.1561
2020-10-13,OMR,LKR,indicative,478.4454
2020-10-13,PGK,LKR,indicative,52.6789
2020-10-13,PHP,LKR,indicative,3.7907
2020-10-13,PKR,LKR,indicative,1.1245
2020-10-13,PLN,LKR,indicative,48.7068
2020-10-13,QAR,LKR,indicative,50.5883
2020-10-13,RON,LKR,indicative,44.5796
2020-10-13,RUB,LKR,indicative,2.3886
2020-10-13,SAR,LKR,indicative,49.1028
2020-10-13,SBD,LKR,indicative,23.0424
2020-10-13,SCR,LKR,indicative,10.1735
2020-10-13,SEK,LKR,indicative,20.8717
2020-10-13,SGD,LKR,indicative,135.4502
2020-10-13,THB,LKR,indicative,5.896
2020-10-13,TWD,LKR,indicative,6.436
2020-10-13,USD,LKR,indicative,184.1919
2020-10-13,VND,LKR,indicative,0.0079
2020-10-13,XAU,LKR,indicative,352300.1725
2020-10-13,ZAR,LKR,indicative,11.1075
2020-10-13,ZMW,LKR,indicative,9.1661
2020-10-14,AED,LKR,indicative,50.1673
2020-10-14,AUD,LKR,indicative,132.0678
2020-10-14,BDT,LKR,indicative,2.1723
2020-10-14,BHD,LKR,indicative,488.6623
2020-10-14,BND,LKR,indicative,135.5091
2020-10-14,BRL,LKR,indicative,33.0827
2020-10-14,CAD,LKR,indicative,140.2002
2020-10-14,CHF,LKR,indicative,201.4013
2020-10-14,CNH,LKR,indicative,27.3401
2020-10-14,CNY,LKR,indicative,27.322
2020-10-14,CZK,LKR,indicative,7.9066
2020-10-14,DKK,LKR,indicative,29.0682
2020-10-14,EGP,LKR,indicative,11.7446
2020-10-14,EUR,LKR,indicative,216.3723
2020-10-14,GBP,LKR,indicative,238.3652
2020-10-14,GHS,LKR,indicative,31.7711
2020-10-14,HKD,LKR,indicative,23.7769
2020-10-14,HUF,LKR,indicative,0.598
2020-10-14,IDR,LKR,indicative,0.0125
2020-10-14,INR,LKR,indicative,2.5109
2020-10-14,IRR,LKR,indicative,0.0044
2020-10-14,JOD,LKR,indicative,259.9042
2020-10-14,JPY,LKR,indicative,1.749
2020-10-14,KES,LKR,indicative,1.696
2020-10-14,KRW,LKR,indicative,0.1608
2020-10-14,KWD,LKR,indicative,602.2948
2020-10-14,MMK,LKR,indicative,0.1424
2020-10-14,MOP,LKR,indicative,23.0975
2020-10-14,MUR,LKR,indicative,4.5953
2020-10-14,MVR,LKR,indicative,11.9193
2020-10-14,MYR,LKR,indicative,44.4458
2020-10-14,NGN,LKR,indicative,0.4835
2020-10-14,NOK,LKR,indicative,19.9403
2020-10-14,NPR,LKR,indicative,1.5699
2020-10-14,NZD,LKR,indicative,122.6976
2020-10-14,OMR,LKR,indicative,478.6599
2020-10-14,PGK,LKR,indicative,52.7018
2020-10-14,PHP,LKR,indicative,3.7889
2020-10-14,PKR,LKR,indicative,1.1246
2020-10-14,PLN,LKR,indicative,48.1172
2020-10-14,QAR,LKR,indicative,50.6103
2020-10-14,RON,LKR,indicative,44.374
2020-10-14,RUB,LKR,indicative,2.3904
2020-10-14,SAR,LKR,indicative,49.1222
2020-10-14,SBD,LKR,indicative,22.7207
2020-10-14,SCR,LKR,indicative,10.178
2020-10-14,SEK,LKR,indicative,20.8676
2020-10-14,SGD,LKR,indicative,135.5091
2020-10-14,THB,LKR,indicative,5.9052
2020-10-14,TWD,LKR,indicative,6.4184
2020-10-14,USD,LKR,indicative,184.2721
2020-10-14,VND,LKR,indicative,0.008
2020-10-14,XAU,LKR,indicative,348899.8728
2020-10-14,ZAR,LKR,indicative,11.1959
2020-10-14,ZMW,LKR,indicative,9.1596
2020-10-15,AED,LKR,indicative,50.2577
2020-10-15,AUD,LKR,indicative,131.6872
2020-10-15,BDT,LKR,indicative,2.1767
2020-10-15,BHD,LKR,indicative,489.5941
2020-10-15,BND,LKR,indicative,136.0132
2020-10-15,BRL,LKR,indicative,33.011
2020-10-15,CAD,LKR,indicative,140.3885
2020-10-15,CHF,LKR,indicative,202.0952
2020-10-15,CNH,LKR,indicative,27.506
2020-10-15,CNY,LKR,indicative,27.4812
2020-10-15,CZK,LKR,indicative,7.947
2020-10-15,DKK,LKR,indicative,29.1435
2020-10-15,EGP,LKR,indicative,11.7582
2020-10-15,EUR,LKR,indicative,216.9096
2020-10-15,GBP,LKR,indicative,240.2712
2020-10-15,GHS,LKR,indicative,31.8283
2020-10-15,HKD,LKR,indicative,23.8197
2020-10-15,HUF,LKR,indicative,0.5967
2020-10-15,IDR,LKR,indicative,0.0125
2020-10-15,INR,LKR,indicative,2.5183
2020-10-15,IRR,LKR,indicative,0.0044
2020-10-15,JOD,LKR,indicative,260.3722
2020-10-15,JPY,LKR,indicative,1.7545
2020-10-15,KES,LKR,indicative,1.7014
2020-10-15,KRW,LKR,indicative,0.1612
2020-10-15,KWD,LKR,indicative,603.2807
2020-10-15,MMK,LKR,indicative,0.1415
2020-10-15,MOP,LKR,indicative,23.1087
2020-10-15,MUR,LKR,indicative,4.65
2020-10-15,MVR,LKR,indicative,11.9407
2020-10-15,MYR,LKR,indicative,44.5097
2020-10-15,NGN,LKR,indicative,0.4844
2020-10-15,NOK,LKR,indicative,19.9597
2020-10-15,NPR,LKR,indicative,1.5739
2020-10-15,NZD,LKR,indicative,122.7616
2020-10-15,OMR,LKR,indicative,479.4906
2020-10-15,PGK,LKR,indicative,52.7967
2020-10-15,PHP,LKR,indicative,3.7982
2020-10-15,PKR,LKR,indicative,1.127
2020-10-15,PLN,LKR,indicative,48.0289
2020-10-15,QAR,LKR,indicative,50.7014
2020-10-15,RON,LKR,indicative,44.4845
2020-10-15,RUB,LKR,indicative,2.3672
2020-10-15,SAR,LKR,indicative,49.2133
2020-10-15,SBD,LKR,indicative,23.0386
2020-10-15,SCR,LKR,indicative,10.1935
2020-10-15,SEK,LKR,indicative,20.9107
2020-10-15,SGD,LKR,indicative,136.0132
2020-10-15,THB,LKR,indicative,5.9263
2020-10-15,TWD,LKR,indicative,6.4208
2020-10-15,USD,LKR,indicative,184.6039
2020-10-15,VND,LKR,indicative,0.008
2020-10-15,XAU,LKR,indicative,350298.5918
2020-10-15,ZAR,LKR,indicative,11.1492
2020-10-15,ZMW,LKR,indicative,9.1556
2020-10-16,AED,LKR,indicative,50.2822
2020-10-16,AUD,LKR,indicative,130.7727
2020-10-16,BDT,LKR,indicative,2.178
2020-10-16,BHD,LKR,indicative,489.8206
2020-10-16,BND,LKR,indicative,135.6799
2020-10-16,BRL,LKR,indicative,32.9079
2020-10-16,CAD,LKR,indicative,139.5709
2020-10-16,CHF,LKR,indicative,201.8185
2020-10-16,CNH,LKR,indicative,27.4894
2020-10-16,CNY,LKR,indicative,27.463
2020-10-16,CZK,LKR,indicative,7.9058
2020-10-16,DKK,LKR,indicative,29.045
2020-10-16,EGP,LKR,indicative,11.764
2020-10-16,EUR,LKR,indicative,216.1661
2020-10-16,GBP,LKR,indicative,238.0708
2020-10-16,GHS,LKR,indicative,31.8438
2020-10-16,HKD,LKR,indicative,23.8314
2020-10-16,HUF,LKR,indicative,0.5927
2020-10-16,IDR,LKR,indicative,0.0125
2020-10-16,INR,LKR,indicative,2.5151
2020-10-16,IRR,LKR,indicative,0.0044
2020-10-16,JOD,LKR,indicative,260.4996
2020-10-16,JPY,LKR,indicative,1.7547
2020-10-16,KES,LKR,indicative,1.6999
2020-10-16,KRW,LKR,indicative,0.1612
2020-10-16,KWD,LKR,indicative,603.5758
2020-10-16,MMK,LKR,indicative,0.1419
2020-10-16,MOP,LKR,indicative,23.12
2020-10-16,MUR,LKR,indicative,4.6347
2020-10-16,MVR,LKR,indicative,11.9466
2020-10-16,MYR,LKR,indicative,44.4564
2020-10-16,NGN,LKR,indicative,0.4846
2020-10-16,NOK,LKR,indicative,19.7079
2020-10-16,NPR,LKR,indicative,1.573
2020-10-16,NZD,LKR,indicative,121.8428
2020-10-16,OMR,LKR,indicative,479.7252
2020-10-16,PGK,LKR,indicative,52.8225
2020-10-16,PHP,LKR,indicative,3.797
2020-10-16,PKR,LKR,indicative,1.1321
2020-10-16,PLN,LKR,indicative,47.4524
2020-10-16,QAR,LKR,indicative,50.7262
2020-10-16,RON,LKR,indicative,44.3401
2020-10-16,RUB,LKR,indicative,2.3667
2020-10-16,SAR,LKR,indicative,49.2393
2020-10-16,SBD,LKR,indicative,23.0498
2020-10-16,SCR,LKR,indicative,10.176
2020-10-16,SEK,LKR,indicative,20.7901
2020-10-16,SGD,LKR,indicative,135.6799
2020-10-16,THB,LKR,indicative,5.9197
2020-10-16,TWD,LKR,indicative,6.4212
2020-10-16,USD,LKR,indicative,184.6942
2020-10-16,VND,LKR,indicative,0.008
2020-10-16,XAU,LKR,indicative,352266.3242
2020-10-16,ZAR,LKR,indicative,11.0859
2020-10-16,ZMW,LKR,indicative,9.1601
2020-10-19,AED,LKR,indicative,50.1804
2020-10-19,AUD,LKR,indicative,130.7753
2020-10-19,BDT,LKR,indicative,2.1737
2020-10-19,BHD,LKR,indicative,488.829
2020-10-19,BND,LKR,indicative,135.8493
2020-10-19,BRL,LKR,indicative,32.6444
2020-10-19,CAD,LKR,indicative,139.8538
2020-10-19,CHF,LKR,indicative,201.3659
2020-10-19,CNH,LKR,indicative,27.5384
2020-10-19,CNY,LKR,indicative,27.5185
2020-10-19,CZK,LKR,indicative,7.9209
2020-10-19,DKK,LKR,indicative,29.0088
2020-10-19,EGP,LKR,indicative,11.7439
2020-10-19,EUR,LKR,indicative,215.8852
2020-10-19,GBP,LKR,indicative,238.446
2020-10-19,GHS,LKR,indicative,31.6702
2020-10-19,HKD,LKR,indicative,23.7831
2020-10-19,HUF,LKR,indicative,0.5925
2020-10-19,IDR,LKR,indicative,0.0125
2020-10-19,INR,LKR,indicative,2.5097
2020-10-19,IRR,LKR,indicative,0.0044
2020-10-19,JOD,LKR,indicative,259.9722
2020-10-19,JPY,LKR,indicative,1.749
2020-10-19,KES,LKR,indicative,1.6972
2020-10-19,KRW,LKR,indicative,0.1613
2020-10-19,KWD,LKR,indicative,602.3539
2020-10-19,MMK,LKR,indicative,0.1421
2020-10-19,MOP,LKR,indicative,23.0732
2020-10-19,MUR,LKR,indicative,4.6254
2020-10-19,MVR,LKR,indicative,11.9224
2020-10-19,MYR,LKR,indicative,44.4627
2020-10-19,NGN,LKR,indicative,0.4837
2020-10-19,NOK,LKR,indicative,19.6829
2020-10-19,NPR,LKR,indicative,1.5707
2020-10-19,NZD,LKR,indicative,122.0753
2020-10-19,OMR,LKR,indicative,478.754
2020-10-19,PGK,LKR,indicative,52.7156
2020-10-19,PHP,LKR,indicative,3.7951
2020-10-19,PKR,LKR,indicative,1.1339
2020-10-19,PLN,LKR,indicative,47.5071
2020-10-19,QAR,LKR,indicative,50.6235
2020-10-19,RON,LKR,indicative,44.2758
2020-10-19,RUB,LKR,indicative,2.369
2020-10-19,SAR,LKR,indicative,49.1396
2020-10-19,SBD,LKR,indicative,23.0032
2020-10-19,SCR,LKR,indicative,9.8568
2020-10-19,SEK,LKR,indicative,20.8448
2020-10-19,SGD,LKR,indicative,135.8493
2020-10-19,THB,LKR,indicative,5.9086
2020-10-19,TWD,LKR,indicative,6.4138
2020-10-19,USD,LKR,indicative,184.3203
2020-10-19,VND,LKR,indicative,0.008
2020-10-19,XAU,LKR,indicative,350428.8328
2020-10-19,ZAR,LKR,indicative,11.1558
2020-10-19,ZMW,LKR,indicative,9.1254
2020-10-20,AED,LKR,indicative,50.1782
2020-10-20,AUD,LKR,indicative,129.8479
2020-10-20,BDT,LKR,indicative,2.1717
2020-10-20,BHD,LKR,indicative,488.8464
2020-10-20,BND,LKR,indicative,135.7583
2020-10-20,BRL,LKR,indicative,32.8727
2020-10-20,CAD,LKR,indicative,139.6992
2020-10-20,CHF,LKR,indicative,202.4408
2020-10-20,CNH,LKR,indicative,27.5956
2020-10-20,CNY,LKR,indicative,27.5621
2020-10-20,CZK,LKR,indicative,7.958
2020-10-20,DKK,LKR,indicative,29.1449
2020-10-20,EGP,LKR,indicative,11.7396
2020-10-20,EUR,LKR,indicative,216.9078
2020-10-20,GBP,LKR,indicative,238.5553
2020-10-20,GHS,LKR,indicative,31.7233
2020-10-20,HKD,LKR,indicative,23.7821
2020-10-20,HUF,LKR,indicative,0.5945
2020-10-20,IDR,LKR,indicative,0.0125
2020-10-20,INR,LKR,indicative,2.5123
2020-10-20,IRR,LKR,indicative,0.0044
2020-10-20,JOD,LKR,indicative,259.9608
2020-10-20,JPY,LKR,indicative,1.7462
2020-10-20,KES,LKR,indicative,1.6948
2020-10-20,KRW,LKR,indicative,0.1617
2020-10-20,KWD,LKR,indicative,602.5933
2020-10-20,MMK,LKR,indicative,0.1428
2020-10-20,MOP,LKR,indicative,23.0722
2020-10-20,MUR,LKR,indicative,4.6188
2020-10-20,MVR,LKR,indicative,11.9219
2020-10-20,MYR,LKR,indicative,44.4554
2020-10-20,NGN,LKR,indicative,0.4836
2020-10-20,NOK,LKR,indicative,19.7267
2020-10-20,NPR,LKR,indicative,1.57
2020-10-20,NZD,LKR,indicative,121.2959
2020-10-20,OMR,LKR,indicative,478.733
2020-10-20,PGK,LKR,indicative,52.7133
2020-10-20,PHP,LKR,indicative,3.7941
2020-10-20,PKR,LKR,indicative,1.1332
2020-10-20,PLN,LKR,indicative,47.4103
2020-10-20,QAR,LKR,indicative,50.6213
2020-10-20,RON,LKR,indicative,44.4865
2020-10-20,RUB,LKR,indicative,2.3714
2020-10-20,SAR,LKR,indicative,49.1434
2020-10-20,SBD,LKR,indicative,23.0022
2020-10-20,SCR,LKR,indicative,10.0662
2020-10-20,SEK,LKR,indicative,20.8677
2020-10-20,SGD,LKR,indicative,135.7583
2020-10-20,THB,LKR,indicative,5.8989
2020-10-20,TWD,LKR,indicative,6.4149
2020-10-20,USD,LKR,indicative,184.3122
2020-10-20,VND,LKR,indicative,0.008
2020-10-20,XAU,LKR,indicative,350177.5135
2020-10-20,ZAR,LKR,indicative,11.1399
2020-10-20,ZMW,LKR,indicative,9.125
2020-10-21,AED,LKR,indicative,50.2075
2020-10-21,AUD,LKR,indicative,130.5139
2020-10-21,BDT,LKR,indicative,2.1714
2020-10-21,BHD,LKR,indicative,489.1188
2020-10-21,BND,LKR,indicative,136.048
2020-10-21,BRL,LKR,indicative,32.8989
2020-10-21,CAD,LKR,indicative,140.7409
2020-10-21,CHF,LKR,indicative,203.5763
2020-10-21,CNH,LKR,indicative,27.7173
2020-10-21,CNY,LKR,indicative,27.6722
2020-10-21,CZK,LKR,indicative,8.0462
2020-10-21,DKK,LKR,indicative,29.3363
2020-10-21,EGP,LKR,indicative,11.7465
2020-10-21,EUR,LKR,indicative,218.3715
2020-10-21,GBP,LKR,indicative,239.2294
2020-10-21,GHS,LKR,indicative,31.6873
2020-10-21,HKD,LKR,indicative,23.7959
2020-10-21,HUF,LKR,indicative,0.601
2020-10-21,IDR,LKR,indicative,0.0126
2020-10-21,INR,LKR,indicative,2.5111
2020-10-21,IRR,LKR,indicative,0.0044
2020-10-21,JOD,LKR,indicative,260.1126
2020-10-21,JPY,LKR,indicative,1.75
2020-10-21,KES,LKR,indicative,1.6958
2020-10-21,KRW,LKR,indicative,0.1627
2020-10-21,KWD,LKR,indicative,602.7776
2020-10-21,MMK,LKR,indicative,0.1426
2020-10-21,MOP,LKR,indicative,23.0857
2020-10-21,MUR,LKR,indicative,4.6221
2020-10-21,MVR,LKR,indicative,11.9288
2020-10-21,MYR,LKR,indicative,44.476
2020-10-21,NGN,LKR,indicative,0.4839
2020-10-21,NOK,LKR,indicative,19.9472
2020-10-21,NPR,LKR,indicative,1.5689
2020-10-21,NZD,LKR,indicative,121.883
2020-10-21,OMR,LKR,indicative,479.0125
2020-10-21,PGK,LKR,indicative,52.7441
2020-10-21,PHP,LKR,indicative,3.797
2020-10-21,PKR,LKR,indicative,1.138
2020-10-21,PLN,LKR,indicative,47.864
2020-10-21,QAR,LKR,indicative,50.6404
2020-10-21,RON,LKR,indicative,44.7914
2020-10-21,RUB,LKR,indicative,2.3864
2020-10-21,SAR,LKR,indicative,49.1721
2020-10-21,SBD,LKR,indicative,22.9603
2020-10-21,SCR,LKR,indicative,10.0721
2020-10-21,SEK,LKR,indicative,21.1368
2020-10-21,SGD,LKR,indicative,136.048
2020-10-21,THB,LKR,indicative,5.9118
2020-10-21,TWD,LKR,indicative,6.4359
2020-10-21,USD,LKR,indicative,184.4198
2020-10-21,VND,LKR,indicative,0.008
2020-10-21,XAU,LKR,indicative,353882.2321
2020-10-21,ZAR,LKR,indicative,11.2241
2020-10-21,ZMW,LKR,indicative,9.1173
2020-10-22,AED,LKR,indicative,50.1889
2020-10-22,AUD,LKR,indicative,130.7881
2020-10-22,BDT,LKR,indicative,2.1732
2020-10-22,BHD,LKR,indicative,488.9179
2020-10-22,BND,LKR,indicative,135.9473
2020-10-22,BRL,LKR,indicative,32.8662
2020-10-22,CAD,LKR,indicative,139.957
2020-10-22,CHF,LKR,indicative,203.2764
2020-10-22,CNH,LKR,indicative,27.696
2020-10-22,CNY,LKR,indicative,27.6549
2020-10-22,CZK,LKR,indicative,8.0128
2020-10-22,DKK,LKR,indicative,29.3376
2020-10-22,EGP,LKR,indicative,11.7421
2020-10-22,EUR,LKR,indicative,218.3181
2020-10-22,GBP,LKR,indicative,242.035
2020-10-22,GHS,LKR,indicative,31.6755
2020-10-22,HKD,LKR,indicative,23.7871
2020-10-22,HUF,LKR,indicative,0.599
2020-10-22,IDR,LKR,indicative,0.0126
2020-10-22,INR,LKR,indicative,2.5027
2020-10-22,IRR,LKR,indicative,0.0044
2020-10-22,JOD,LKR,indicative,260.0161
2020-10-22,JPY,LKR,indicative,1.7607
2020-10-22,KES,LKR,indicative,1.696
2020-10-22,KRW,LKR,indicative,0.1624
2020-10-22,KWD,LKR,indicative,603.2046
2020-10-22,MMK,LKR,indicative,0.1425
2020-10-22,MOP,LKR,indicative,23.0757
2020-10-22,MUR,LKR,indicative,4.5973
2020-10-22,MVR,LKR,indicative,11.9244
2020-10-22,MYR,LKR,indicative,44.4274
2020-10-22,NGN,LKR,indicative,0.4837
2020-10-22,NOK,LKR,indicative,19.9218
2020-10-22,NPR,LKR,indicative,1.5658
2020-10-22,NZD,LKR,indicative,122.4278
2020-10-22,OMR,LKR,indicative,478.8472
2020-10-22,PGK,LKR,indicative,52.0332
2020-10-22,PHP,LKR,indicative,3.7948
2020-10-22,PKR,LKR,indicative,1.1377
2020-10-22,PLN,LKR,indicative,47.6779
2020-10-22,QAR,LKR,indicative,50.6321
2020-10-22,RON,LKR,indicative,44.7868
2020-10-22,RUB,LKR,indicative,2.3968
2020-10-22,SAR,LKR,indicative,49.1538
2020-10-22,SBD,LKR,indicative,22.6752
2020-10-22,SCR,LKR,indicative,9.8531
2020-10-22,SEK,LKR,indicative,21.064
2020-10-22,SGD,LKR,indicative,135.9473
2020-10-22,THB,LKR,indicative,5.9011
2020-10-22,TWD,LKR,indicative,6.4241
2020-10-22,USD,LKR,indicative,184.3514
2020-10-22,VND,LKR,indicative,0.008
2020-10-22,XAU,LKR,indicative,352742.5775
2020-10-22,ZAR,LKR,indicative,11.2538
2020-10-22,ZMW,LKR,indicative,9.1083
2020-10-23,AED,LKR,indicative,50.1752
2020-10-23,AUD,LKR,indicative,131.2593
2020-10-23,BDT,LKR,indicative,2.1729
2020-10-23,BHD,LKR,indicative,488.8302
2020-10-23,BND,LKR,indicative,135.7552
2020-10-23,BRL,LKR,indicative,32.953
2020-10-23,CAD,LKR,indicative,140.2276
2020-10-23,CHF,LKR,indicative,203.1091
2020-10-23,CNH,LKR,indicative,27.6012
2020-10-23,CNY,LKR,indicative,27.5665
2020-10-23,CZK,LKR,indicative,7.9926
2020-10-23,DKK,LKR,indicative,29.2324
2020-10-23,EGP,LKR,indicative,11.7315
2020-10-23,EUR,LKR,indicative,217.5031
2020-10-23,GBP,LKR,indicative,240.8725
2020-10-23,GHS,LKR,indicative,31.6669
2020-10-23,HKD,LKR,indicative,23.7806
2020-10-23,HUF,LKR,indicative,0.5968
2020-10-23,IDR,LKR,indicative,0.0125
2020-10-23,INR,LKR,indicative,2.5017
2020-10-23,IRR,LKR,indicative,0.0044
2020-10-23,JOD,LKR,indicative,259.9453
2020-10-23,JPY,LKR,indicative,1.7599
2020-10-23,KES,LKR,indicative,1.6932
2020-10-23,KRW,LKR,indicative,0.1624
2020-10-23,KWD,LKR,indicative,603.2773
2020-10-23,MMK,LKR,indicative,0.1427
2020-10-23,MOP,LKR,indicative,23.0708
2020-10-23,MUR,LKR,indicative,4.6075
2020-10-23,MVR,LKR,indicative,11.9212
2020-10-23,MYR,LKR,indicative,44.4474
2020-10-23,NGN,LKR,indicative,0.4836
2020-10-23,NOK,LKR,indicative,19.8913
2020-10-23,NPR,LKR,indicative,1.5665
2020-10-23,NZD,LKR,indicative,123.0211
2020-10-23,OMR,LKR,indicative,478.7168
2020-10-23,PGK,LKR,indicative,52.7101
2020-10-23,PHP,LKR,indicative,3.7906
2020-10-23,PKR,LKR,indicative,1.1387
2020-10-23,PLN,LKR,indicative,47.5254
2020-10-23,QAR,LKR,indicative,50.6183
2020-10-23,RON,LKR,indicative,44.6331
2020-10-23,RUB,LKR,indicative,2.404
2020-10-23,SAR,LKR,indicative,49.1417
2020-10-23,SBD,LKR,indicative,23.0008
2020-10-23,SCR,LKR,indicative,9.8242
2020-10-23,SEK,LKR,indicative,21.0001
2020-10-23,SGD,LKR,indicative,135.7552
2020-10-23,THB,LKR,indicative,5.8854
2020-10-23,TWD,LKR,indicative,6.4302
2020-10-23,USD,LKR,indicative,184.3012
2020-10-23,VND,LKR,indicative,0.008
2020-10-23,XAU,LKR,indicative,351277.1657
2020-10-23,ZAR,LKR,indicative,11.3572
2020-10-23,ZMW,LKR,indicative,9.0966
2020-10-26,AED,LKR,indicative,50.2402
2020-10-26,AUD,LKR,indicative,131.4661
2020-10-26,BDT,LKR,indicative,2.1763
2020-10-26,BHD,LKR,indicative,489.4693
2020-10-26,BND,LKR,indicative,135.8808
2020-10-26,BRL,LKR,indicative,32.84
2020-10-26,CAD,LKR,indicative,140.3611
2020-10-26,CHF,LKR,indicative,204.0127
2020-10-26,CNH,LKR,indicative,27.6518
2020-10-26,CNY,LKR,indicative,27.6147
2020-10-26,CZK,LKR,indicative,8.0292
2020-10-26,DKK,LKR,indicative,29.3687
2020-10-26,EGP,LKR,indicative,11.7466
2020-10-26,EUR,LKR,indicative,218.5596
2020-10-26,GBP,LKR,indicative,240.5752
2020-10-26,GHS,LKR,indicative,31.7215
2020-10-26,HKD,LKR,indicative,23.8114
2020-10-26,HUF,LKR,indicative,0.5982
2020-10-26,IDR,LKR,indicative,0.0126
2020-10-26,INR,LKR,indicative,2.4991
2020-10-26,IRR,LKR,indicative,0.0044
2020-10-26,JOD,LKR,indicative,260.2817
2020-10-26,JPY,LKR,indicative,1.7601
2020-10-26,KES,LKR,indicative,1.6954
2020-10-26,KRW,LKR,indicative,0.1635
2020-10-26,KWD,LKR,indicative,603.8603
2020-10-26,MMK,LKR,indicative,0.1434
2020-10-26,MOP,LKR,indicative,23.1007
2020-10-26,MUR,LKR,indicative,4.5957
2020-10-26,MVR,LKR,indicative,11.9366
2020-10-26,MYR,LKR,indicative,44.3605
2020-10-26,NGN,LKR,indicative,0.4841
2020-10-26,NOK,LKR,indicative,19.9212
2020-10-26,NPR,LKR,indicative,1.5666
2020-10-26,NZD,LKR,indicative,123.4294
2020-10-26,OMR,LKR,indicative,479.3301
2020-10-26,PGK,LKR,indicative,52.7784
2020-10-26,PHP,LKR,indicative,3.8141
2020-10-26,PKR,LKR,indicative,1.1423
2020-10-26,PLN,LKR,indicative,47.8764
2020-10-26,QAR,LKR,indicative,50.6838
2020-10-26,RON,LKR,indicative,44.9428
2020-10-26,RUB,LKR,indicative,2.4171
2020-10-26,SAR,LKR,indicative,49.2053
2020-10-26,SBD,LKR,indicative,22.7537
2020-10-26,SCR,LKR,indicative,9.5716
2020-10-26,SEK,LKR,indicative,21.0632
2020-10-26,SGD,LKR,indicative,135.8808
2020-10-26,THB,LKR,indicative,5.8921
2020-10-26,TWD,LKR,indicative,6.4437
2020-10-26,USD,LKR,indicative,184.5397
2020-10-26,VND,LKR,indicative,0.008
2020-10-26,XAU,LKR,indicative,350615.4279
2020-10-26,ZAR,LKR,indicative,11.366
2020-10-26,ZMW,LKR,indicative,9.0934
2020-10-27,AED,LKR,indicative,50.1835
2020-10-27,AUD,LKR,indicative,131.5113
2020-10-27,BDT,LKR,indicative,2.1751
2020-10-27,BHD,LKR,indicative,488.9105
2020-10-27,BND,LKR,indicative,135.6027
2020-10-27,BRL,LKR,indicative,32.7741
2020-10-27,CAD,LKR,indicative,139.7933
2020-10-27,CHF,LKR,indicative,203.3218
2020-10-27,CNH,LKR,indicative,27.5231
2020-10-27,CNY,LKR,indicative,27.4964
2020-10-27,CZK,LKR,indicative,7.9899
2020-10-27,DKK,LKR,indicative,29.2904
2020-10-27,EGP,LKR,indicative,11.7409
2020-10-27,EUR,LKR,indicative,217.9351
2020-10-27,GBP,LKR,indicative,240.313
2020-10-27,GHS,LKR,indicative,31.6313
2020-10-27,HKD,LKR,indicative,23.7846
2020-10-27,HUF,LKR,indicative,0.5971
2020-10-27,IDR,LKR,indicative,0.0126
2020-10-27,INR,LKR,indicative,2.492
2020-10-27,IRR,LKR,indicative,0.0044
2020-10-27,JOD,LKR,indicative,259.988
2020-10-27,JPY,LKR,indicative,1.7601
2020-10-27,KES,LKR,indicative,1.6934
2020-10-27,KRW,LKR,indicative,0.1634
2020-10-27,KWD,LKR,indicative,603.179
2020-10-27,MMK,LKR,indicative,0.1432
2020-10-27,MOP,LKR,indicative,23.0746
2020-10-27,MUR,LKR,indicative,4.6251
2020-10-27,MVR,LKR,indicative,11.9231
2020-10-27,MYR,LKR,indicative,44.2679
2020-10-27,NGN,LKR,indicative,0.4836
2020-10-27,NOK,LKR,indicative,19.9747
2020-10-27,NPR,LKR,indicative,1.5599
2020-10-27,NZD,LKR,indicative,123.3362
2020-10-27,OMR,LKR,indicative,478.7893
2020-10-27,PGK,LKR,indicative,52.0276
2020-10-27,PHP,LKR,indicative,3.8052
2020-10-27,PKR,LKR,indicative,1.1447
2020-10-27,PLN,LKR,indicative,47.5866
2020-10-27,QAR,LKR,indicative,50.6266
2020-10-27,RON,LKR,indicative,44.7233
2020-10-27,RUB,LKR,indicative,2.4124
2020-10-27,SAR,LKR,indicative,49.1498
2020-10-27,SBD,LKR,indicative,22.7649
2020-10-27,SCR,LKR,indicative,9.5608
2020-10-27,SEK,LKR,indicative,21.0977
2020-10-27,SGD,LKR,indicative,135.6027
2020-10-27,THB,LKR,indicative,5.8986
2020-10-27,TWD,LKR,indicative,6.4447
2020-10-27,USD,LKR,indicative,184.3315
2020-10-27,VND,LKR,indicative,0.008
2020-10-27,XAU,LKR,indicative,351997.5891
2020-10-27,ZAR,LKR,indicative,11.3971
2020-10-27,ZMW,LKR,indicative,9.0824
2020-10-28,AED,LKR,indicative,50.1745
2020-10-28,AUD,LKR,indicative,131.4231
2020-10-28,BDT,LKR,indicative,2.1763
2020-10-28,BHD,LKR,indicative,488.8225
2020-10-28,BND,LKR,indicative,135.4935
2020-10-28,BRL,LKR,indicative,32.2976
2020-10-28,CAD,LKR,indicative,139.7258
2020-10-28,CHF,LKR,indicative,202.7373
2020-10-28,CNH,LKR,indicative,27.4554
2020-10-28,CNY,LKR,indicative,27.4462
2020-10-28,CZK,LKR,indicative,7.9442
2020-10-28,DKK,LKR,indicative,29.1777
2020-10-28,EGP,LKR,indicative,11.7313
2020-10-28,EUR,LKR,indicative,217.1034
2020-10-28,GBP,LKR,indicative,240.2881
2020-10-28,GHS,LKR,indicative,31.6256
2020-10-28,HKD,LKR,indicative,23.7803
2020-10-28,HUF,LKR,indicative,0.5947
2020-10-28,IDR,LKR,indicative,0.0126
2020-10-28,INR,LKR,indicative,2.5033
2020-10-28,IRR,LKR,indicative,0.0044
2020-10-28,JOD,LKR,indicative,259.9412
2020-10-28,JPY,LKR,indicative,1.7659
2020-10-28,KES,LKR,indicative,1.6939
2020-10-28,KRW,LKR,indicative,0.1635
2020-10-28,KWD,LKR,indicative,603.0704
2020-10-28,MMK,LKR,indicative,0.1433
2020-10-28,MOP,LKR,indicative,23.0546
2020-10-28,MUR,LKR,indicative,4.6248
2020-10-28,MVR,LKR,indicative,11.921
2020-10-28,MYR,LKR,indicative,44.2068
2020-10-28,NGN,LKR,indicative,0.4835
2020-10-28,NOK,LKR,indicative,20.0433
2020-10-28,NPR,LKR,indicative,1.5627
2020-10-28,NZD,LKR,indicative,123.4799
2020-10-28,OMR,LKR,indicative,478.7031
2020-10-28,PGK,LKR,indicative,52.7093
2020-10-28,PHP,LKR,indicative,3.8114
2020-10-28,PKR,LKR,indicative,1.144
2020-10-28,PLN,LKR,indicative,47.3245
2020-10-28,QAR,LKR,indicative,50.6071
2020-10-28,RON,LKR,indicative,44.5299
2020-10-28,RUB,LKR,indicative,2.381
2020-10-28,SAR,LKR,indicative,49.1423
2020-10-28,SBD,LKR,indicative,22.724
2020-10-28,SCR,LKR,indicative,9.3566
2020-10-28,SEK,LKR,indicative,21.0917
2020-10-28,SGD,LKR,indicative,135.4935
2020-10-28,THB,LKR,indicative,5.907
2020-10-28,TWD,LKR,indicative,6.4496
2020-10-28,USD,LKR,indicative,184.2983
2020-10-28,VND,LKR,indicative,0.008
2020-10-28,XAU,LKR,indicative,351447.6432
2020-10-28,ZAR,LKR,indicative,11.3721
2020-10-28,ZMW,LKR,indicative,9.0453
2020-10-29,AED,LKR,indicative,50.1686
2020-10-29,AUD,LKR,indicative,130.1087
2020-10-29,BDT,LKR,indicative,2.1765
2020-10-29,BHD,LKR,indicative,488.7528
2020-10-29,BND,LKR,indicative,135.0311
2020-10-29,BRL,LKR,indicative,32.0671
2020-10-29,CAD,LKR,indicative,138.5072
2020-10-29,CHF,LKR,indicative,202.4465
2020-10-29,CNH,LKR,indicative,27.4177
2020-10-29,CNY,LKR,indicative,27.424
2020-10-29,CZK,LKR,indicative,7.8906
2020-10-29,DKK,LKR,indicative,29.0986
2020-10-29,EGP,LKR,indicative,11.7374
2020-10-29,EUR,LKR,indicative,216.6451
2020-10-29,GBP,LKR,indicative,239.4494
2020-10-29,GHS,LKR,indicative,31.6219
2020-10-29,HKD,LKR,indicative,23.7757
2020-10-29,HUF,LKR,indicative,0.5876
2020-10-29,IDR,LKR,indicative,0.0126
2020-10-29,INR,LKR,indicative,2.4825
2020-10-29,IRR,LKR,indicative,0.0044
2020-10-29,JOD,LKR,indicative,259.911
2020-10-29,JPY,LKR,indicative,1.7645
2020-10-29,KES,LKR,indicative,1.6937
2020-10-29,KRW,LKR,indicative,0.1624
2020-10-29,KWD,LKR,indicative,603.0003
2020-10-29,MMK,LKR,indicative,0.1432
2020-10-29,MOP,LKR,indicative,23.0663
2020-10-29,MUR,LKR,indicative,4.6179
2020-10-29,MVR,LKR,indicative,11.9196
2020-10-29,MYR,LKR,indicative,44.3346
2020-10-29,NGN,LKR,indicative,0.4834
2020-10-29,NOK,LKR,indicative,19.7157
2020-10-29,NPR,LKR,indicative,1.5589
2020-10-29,NZD,LKR,indicative,122.4151
2020-10-29,OMR,LKR,indicative,478.6475
2020-10-29,PGK,LKR,indicative,52.7032
2020-10-29,PHP,LKR,indicative,3.808
2020-10-29,PKR,LKR,indicative,1.1469
2020-10-29,PLN,LKR,indicative,46.8153
2020-10-29,QAR,LKR,indicative,50.6012
2020-10-29,RON,LKR,indicative,44.4249
2020-10-29,RUB,LKR,indicative,2.3283
2020-10-29,SAR,LKR,indicative,49.1366
2020-10-29,SBD,LKR,indicative,22.9978
2020-10-29,SCR,LKR,indicative,9.5604
2020-10-29,SEK,LKR,indicative,20.8563
2020-10-29,SGD,LKR,indicative,135.0311
2020-10-29,THB,LKR,indicative,5.8969
2020-10-29,TWD,LKR,indicative,6.4428
2020-10-29,USD,LKR,indicative,184.2769
2020-10-29,VND,LKR,indicative,0.008
2020-10-29,XAU,LKR,indicative,346177.056
2020-10-29,ZAR,LKR,indicative,11.256
2020-10-29,ZMW,LKR,indicative,8.9782
2020-11-02,AED,LKR,indicative,50.1732
2020-11-02,AUD,LKR,indicative,129.3282
2020-11-02,BDT,LKR,indicative,2.1697
2020-11-02,BHD,LKR,indicative,488.0662
2020-11-02,BND,LKR,indicative,134.831
2020-11-02,BRL,LKR,indicative,35.2439
2020-11-02,CAD,LKR,indicative,138.1927
2020-11-02,CHF,LKR,indicative,200.9528
2020-11-02,CNH,LKR,indicative,27.5602
2020-11-02,CNY,LKR,indicative,27.5625
2020-11-02,CZK,LKR,indicative,7.8734
2020-11-02,DKK,LKR,indicative,28.8171
2020-11-02,EGP,LKR,indicative,11.3902
2020-11-02,EUR,LKR,indicative,214.5733
2020-11-02,GBP,LKR,indicative,238.3472
2020-11-02,GHS,LKR,indicative,31.8297
2020-11-02,HKD,LKR,indicative,23.7674
2020-11-02,HUF,LKR,indicative,0.5853
2020-11-02,IDR,LKR,indicative,0.0125
2020-11-02,INR,LKR,indicative,2.417
2020-11-02,IRR,LKR,indicative,0.0044
2020-11-02,JOD,LKR,indicative,259.9348
2020-11-02,JPY,LKR,indicative,1.7613
2020-11-02,KES,LKR,indicative,1.7337
2020-11-02,KRW,LKR,indicative,0.1624
2020-11-02,KWD,LKR,indicative,599.1541
2020-11-02,MMK,LKR,indicative,0.1318
2020-11-02,MOP,LKR,indicative,23.0569
2020-11-02,MUR,LKR,indicative,4.6363
2020-11-02,MVR,LKR,indicative,11.9207
2020-11-02,MYR,LKR,indicative,44.36
2020-11-02,NGN,LKR,indicative,0.5112
2020-11-02,NOK,LKR,indicative,19.2784
2020-11-02,NPR,LKR,indicative,1.5125
2020-11-02,NZD,LKR,indicative,121.7813
2020-11-02,OMR,LKR,indicative,478.6852
2020-11-02,PGK,LKR,indicative,52.5698
2020-11-02,PHP,LKR,indicative,3.8014
2020-11-02,PKR,LKR,indicative,1.1125
2020-11-02,PLN,LKR,indicative,46.5388
2020-11-02,QAR,LKR,indicative,50.6058
2020-11-02,RON,LKR,indicative,42.8192
2020-11-02,RUB,LKR,indicative,2.3147
2020-11-02,SAR,LKR,indicative,49.128
2020-11-02,SBD,LKR,indicative,22.4378
2020-11-02,SCR,LKR,indicative,9.453
2020-11-02,SEK,LKR,indicative,20.7044
2020-11-02,SGD,LKR,indicative,134.831
2020-11-02,THB,LKR,indicative,5.9154
2020-11-02,TWD,LKR,indicative,6.4461
2020-11-02,USD,LKR,indicative,184.2938
2020-11-02,VND,LKR,indicative,0.0079
2020-11-02,XAU,LKR,indicative,346729.4339
2020-11-02,ZAR,LKR,indicative,11.3354
2020-11-02,ZMW,LKR,indicative,10.1121
2020-11-03,AED,LKR,indicative,50.2091
2020-11-03,AUD,LKR,indicative,130.103
2020-11-03,BDT,LKR,indicative,2.1792
2020-11-03,BHD,LKR,indicative,489.1277
2020-11-03,BND,LKR,indicative,135.2243
2020-11-03,BRL,LKR,indicative,32.1131
2020-11-03,CAD,LKR,indicative,139.5947
2020-11-03,CHF,LKR,indicative,200.6917
2020-11-03,CNH,LKR,indicative,27.5824
2020-11-03,CNY,LKR,indicative,27.5752
2020-11-03,CZK,LKR,indicative,7.9318
2020-11-03,DKK,LKR,indicative,28.8472
2020-11-03,EGP,LKR,indicative,11.7207
2020-11-03,EUR,LKR,indicative,214.8097
2020-11-03,GBP,LKR,indicative,238.5268
2020-11-03,GHS,LKR,indicative,31.7155
2020-11-03,HKD,LKR,indicative,23.793
2020-11-03,HUF,LKR,indicative,0.5865
2020-11-03,IDR,LKR,indicative,0.0126
2020-11-03,INR,LKR,indicative,2.4752
2020-11-03,IRR,LKR,indicative,0.0044
2020-11-03,JOD,LKR,indicative,260.1207
2020-11-03,JPY,LKR,indicative,1.761
2020-11-03,KES,LKR,indicative,1.6943
2020-11-03,KRW,LKR,indicative,0.1626
2020-11-03,KWD,LKR,indicative,602.3044
2020-11-03,MMK,LKR,indicative,0.1433
2020-11-03,MOP,LKR,indicative,23.0821
2020-11-03,MUR,LKR,indicative,4.5991
2020-11-03,MVR,LKR,indicative,11.9292
2020-11-03,MYR,LKR,indicative,44.4025
2020-11-03,NGN,LKR,indicative,0.4838
2020-11-03,NOK,LKR,indicative,19.2974
2020-11-03,NPR,LKR,indicative,1.5486
2020-11-03,NZD,LKR,indicative,122.4586
2020-11-03,OMR,LKR,indicative,479.0151
2020-11-03,PGK,LKR,indicative,52.423
2020-11-03,PHP,LKR,indicative,3.8123
2020-11-03,PKR,LKR,indicative,1.1519
2020-11-03,PLN,LKR,indicative,46.7036
2020-11-03,QAR,LKR,indicative,50.6525
2020-11-03,RON,LKR,indicative,44.1563
2020-11-03,RUB,LKR,indicative,2.2888
2020-11-03,SAR,LKR,indicative,49.1762
2020-11-03,SBD,LKR,indicative,22.7766
2020-11-03,SCR,LKR,indicative,9.5434
2020-11-03,SEK,LKR,indicative,20.7092
2020-11-03,SGD,LKR,indicative,135.2243
2020-11-03,THB,LKR,indicative,5.9329
2020-11-03,TWD,LKR,indicative,6.446
2020-11-03,USD,LKR,indicative,184.4256
2020-11-03,VND,LKR,indicative,0.008
2020-11-03,XAU,LKR,indicative,349605.4665
2020-11-03,ZAR,LKR,indicative,11.3874
2020-11-03,ZMW,LKR,indicative,9.0074
2020-11-04,AED,LKR,indicative,50.2106
2020-11-04,AUD,LKR,indicative,130.6694
2020-11-04,BDT,LKR,indicative,2.175
2020-11-04,BHD,LKR,indicative,489.1355
2020-11-04,BND,LKR,indicative,134.8426
2020-11-04,BRL,LKR,indicative,32.039
2020-11-04,CAD,LKR,indicative,139.3826
2020-11-04,CHF,LKR,indicative,201.0805
2020-11-04,CNH,LKR,indicative,27.3893
2020-11-04,CNY,LKR,indicative,27.4439
2020-11-04,CZK,LKR,indicative,8.0813
2020-11-04,DKK,LKR,indicative,28.8286
2020-11-04,EGP,LKR,indicative,11.7397
2020-11-04,EUR,LKR,indicative,214.6777
2020-11-04,GBP,LKR,indicative,239.4099
2020-11-04,GHS,LKR,indicative,31.5536
2020-11-04,HKD,LKR,indicative,23.7913
2020-11-04,HUF,LKR,indicative,0.5897
2020-11-04,IDR,LKR,indicative,0.0127
2020-11-04,INR,LKR,indicative,2.471
2020-11-04,IRR,LKR,indicative,0.0044
2020-11-04,JOD,LKR,indicative,260.1283
2020-11-04,JPY,LKR,indicative,1.7581
2020-11-04,KES,LKR,indicative,1.6944
2020-11-04,KRW,LKR,indicative,0.1619
2020-11-04,KWD,LKR,indicative,602.6172
2020-11-04,MMK,LKR,indicative,0.1437
2020-11-04,MOP,LKR,indicative,23.0813
2020-11-04,MUR,LKR,indicative,4.6223
2020-11-04,MVR,LKR,indicative,11.9296
2020-11-04,MYR,LKR,indicative,44.2281
2020-11-04,NGN,LKR,indicative,0.4838
2020-11-04,NOK,LKR,indicative,19.403
2020-11-04,NPR,LKR,indicative,1.5491
2020-11-04,NZD,LKR,indicative,122.5913
2020-11-04,OMR,LKR,indicative,479.0291
2020-11-04,PGK,LKR,indicative,52.4245
2020-11-04,PHP,LKR,indicative,3.8102
2020-11-04,PKR,LKR,indicative,1.1523
2020-11-04,PLN,LKR,indicative,47.098
2020-11-04,QAR,LKR,indicative,50.6539
2020-11-04,RON,LKR,indicative,44.127
2020-11-04,RUB,LKR,indicative,2.3279
2020-11-04,SAR,LKR,indicative,49.1744
2020-11-04,SBD,LKR,indicative,22.7772
2020-11-04,SCR,LKR,indicative,9.5215
2020-11-04,SEK,LKR,indicative,20.7086
2020-11-04,SGD,LKR,indicative,134.8426
2020-11-04,THB,LKR,indicative,5.9217
2020-11-04,TWD,LKR,indicative,6.4381
2020-11-04,USD,LKR,indicative,184.431
2020-11-04,VND,LKR,indicative,0.008
2020-11-04,XAU,LKR,indicative,349079.0088
2020-11-04,ZAR,LKR,indicative,11.3658
2020-11-04,ZMW,LKR,indicative,8.9682
2020-11-05,AED,LKR,indicative,50.1982
2020-11-05,AUD,LKR,indicative,131.937
2020-11-05,BDT,LKR,indicative,2.1776
2020-11-05,BHD,LKR,indicative,489.0149
2020-11-05,BND,LKR,indicative,135.6125
2020-11-05,BRL,LKR,indicative,32.5539
2020-11-05,CAD,LKR,indicative,140.0573
2020-11-05,CHF,LKR,indicative,202.1106
2020-11-05,CNH,LKR,indicative,27.7088
2020-11-05,CNY,LKR,indicative,27.7021
2020-11-05,CZK,LKR,indicative,8.0486
2020-11-05,DKK,LKR,indicative,29.0211
2020-11-05,EGP,LKR,indicative,11.7294
2020-11-05,EUR,LKR,indicative,216.0721
2020-11-05,GBP,LKR,indicative,238.8714
2020-11-05,GHS,LKR,indicative,31.5999
2020-11-05,HKD,LKR,indicative,23.7791
2020-11-05,HUF,LKR,indicative,0.5959
2020-11-05,IDR,LKR,indicative,0.0128
2020-11-05,INR,LKR,indicative,2.4805
2020-11-05,IRR,LKR,indicative,0.0044
2020-11-05,JOD,LKR,indicative,260.0642
2020-11-05,JPY,LKR,indicative,1.7674
2020-11-05,KES,LKR,indicative,1.6932
2020-11-05,KRW,LKR,indicative,0.1627
2020-11-05,KWD,LKR,indicative,602.0751
2020-11-05,MMK,LKR,indicative,0.1433
2020-11-05,MOP,LKR,indicative,23.077
2020-11-05,MUR,LKR,indicative,4.6091
2020-11-05,MVR,LKR,indicative,11.9266
2020-11-05,MYR,LKR,indicative,44.3608
2020-11-05,NGN,LKR,indicative,0.4837
2020-11-05,NOK,LKR,indicative,19.7168
2020-11-05,NPR,LKR,indicative,1.5418
2020-11-05,NZD,LKR,indicative,123.3539
2020-11-05,OMR,LKR,indicative,478.9109
2020-11-05,PGK,LKR,indicative,52.7343
2020-11-05,PHP,LKR,indicative,3.8112
2020-11-05,PKR,LKR,indicative,1.1523
2020-11-05,PLN,LKR,indicative,47.5913
2020-11-05,QAR,LKR,indicative,50.6414
2020-11-05,RON,LKR,indicative,44.4088
2020-11-05,RUB,LKR,indicative,2.3691
2020-11-05,SAR,LKR,indicative,49.1616
2020-11-05,SBD,LKR,indicative,22.9744
2020-11-05,SCR,LKR,indicative,9.5191
2020-11-05,SEK,LKR,indicative,20.9586
2020-11-05,SGD,LKR,indicative,135.6125
2020-11-05,THB,LKR,indicative,5.9412
2020-11-05,TWD,LKR,indicative,6.4459
2020-11-05,USD,LKR,indicative,184.3855
2020-11-05,VND,LKR,indicative,0.008
2020-11-05,XAU,LKR,indicative,351550.1411
2020-11-05,ZAR,LKR,indicative,11.5889
2020-11-05,ZMW,LKR,indicative,8.9841
2020-11-06,AED,LKR,indicative,50.2122
2020-11-06,AUD,LKR,indicative,133.9289
2020-11-06,BDT,LKR,indicative,2.1765
2020-11-06,BHD,LKR,indicative,489.1515
2020-11-06,BND,LKR,indicative,136.4785
2020-11-06,BRL,LKR,indicative,33.3804
2020-11-06,CAD,LKR,indicative,141.0177
2020-11-06,CHF,LKR,indicative,204.0007
2020-11-06,CNH,LKR,indicative,27.8295
2020-11-06,CNY,LKR,indicative,27.788
2020-11-06,CZK,LKR,indicative,8.1783
2020-11-06,DKK,LKR,indicative,29.266
2020-11-06,EGP,LKR,indicative,11.7551
2020-11-06,EUR,LKR,indicative,217.9861
2020-11-06,GBP,LKR,indicative,242.1104
2020-11-06,GHS,LKR,indicative,31.6223
2020-11-06,HKD,LKR,indicative,23.788
2020-11-06,HUF,LKR,indicative,0.6076
2020-11-06,IDR,LKR,indicative,0.0129
2020-11-06,INR,LKR,indicative,2.4914
2020-11-06,IRR,LKR,indicative,0.0044
2020-11-06,JOD,LKR,indicative,260.1368
2020-11-06,JPY,LKR,indicative,1.78
2020-11-06,KES,LKR,indicative,1.6936
2020-11-06,KRW,LKR,indicative,0.1638
2020-11-06,KWD,LKR,indicative,603.4847
2020-11-06,MMK,LKR,indicative,0.1431
2020-11-06,MOP,LKR,indicative,23.0777
2020-11-06,MUR,LKR,indicative,4.6109
2020-11-06,MVR,LKR,indicative,11.9299
2020-11-06,MYR,LKR,indicative,44.5231
2020-11-06,NGN,LKR,indicative,0.4838
2020-11-06,NOK,LKR,indicative,20.0418
2020-11-06,NPR,LKR,indicative,1.5495
2020-11-06,NZD,LKR,indicative,124.9837
2020-11-06,OMR,LKR,indicative,479.0447
2020-11-06,PGK,LKR,indicative,52.749
2020-11-06,PHP,LKR,indicative,3.819
2020-11-06,PKR,LKR,indicative,1.1563
2020-11-06,PLN,LKR,indicative,48.1446
2020-11-06,QAR,LKR,indicative,50.6556
2020-11-06,RON,LKR,indicative,44.8043
2020-11-06,RUB,LKR,indicative,2.398
2020-11-06,SAR,LKR,indicative,49.1766
2020-11-06,SBD,LKR,indicative,23.0362
2020-11-06,SCR,LKR,indicative,9.3103
2020-11-06,SEK,LKR,indicative,21.1855
2020-11-06,SGD,LKR,indicative,136.4785
2020-11-06,THB,LKR,indicative,6.0067
2020-11-06,TWD,LKR,indicative,6.4652
2020-11-06,USD,LKR,indicative,184.437
2020-11-06,VND,LKR,indicative,0.008
2020-11-06,XAU,LKR,indicative,358166.0304
2020-11-06,ZAR,LKR,indicative,11.7295
2020-11-06,ZMW,LKR,indicative,8.9424
2020-11-09,AED,LKR,indicative,50.2202
2020-11-09,AUD,LKR,indicative,134.3377
2020-11-09,BDT,LKR,indicative,2.1754
2020-11-09,BHD,LKR,indicative,489.2294
2020-11-09,BND,LKR,indicative,137.1344
2020-11-09,BRL,LKR,indicative,34.3833
2020-11-09,CAD,LKR,indicative,141.7282
2020-11-09,CHF,LKR,indicative,205.031
2020-11-09,CNH,LKR,indicative,28.0246
2020-11-09,CNY,LKR,indicative,27.9723
2020-11-09,CZK,LKR,indicative,8.2613
2020-11-09,DKK,LKR,indicative,29.4329
2020-11-09,EGP,LKR,indicative,11.7795
2020-11-09,EUR,LKR,indicative,219.3582
2020-11-09,GBP,LKR,indicative,243.2189
2020-11-09,GHS,LKR,indicative,31.6409
2020-11-09,HKD,LKR,indicative,23.7891
2020-11-09,HUF,LKR,indicative,0.6123
2020-11-09,IDR,LKR,indicative,0.013
2020-11-09,INR,LKR,indicative,2.4941
2020-11-09,IRR,LKR,indicative,0.0044
2020-11-09,JOD,LKR,indicative,260.2517
2020-11-09,JPY,LKR,indicative,1.785
2020-11-09,KES,LKR,indicative,1.6916
2020-11-09,KRW,LKR,indicative,0.1652
2020-11-09,KWD,LKR,indicative,603.818
2020-11-09,MMK,LKR,indicative,0.1432
2020-11-09,MOP,LKR,indicative,23.0785
2020-11-09,MUR,LKR,indicative,4.6174
2020-11-09,MVR,LKR,indicative,11.9318
2020-11-09,MYR,LKR,indicative,44.7897
2020-11-09,NGN,LKR,indicative,0.4839
2020-11-09,NOK,LKR,indicative,20.239
2020-11-09,NPR,LKR,indicative,1.5537
2020-11-09,NZD,LKR,indicative,125.6401
2020-11-09,OMR,LKR,indicative,479.1211
2020-11-09,PGK,LKR,indicative,52.7574
2020-11-09,PHP,LKR,indicative,3.8312
2020-11-09,PKR,LKR,indicative,1.1589
2020-11-09,PLN,LKR,indicative,48.7342
2020-11-09,QAR,LKR,indicative,50.6637
2020-11-09,RON,LKR,indicative,45.0335
2020-11-09,RUB,LKR,indicative,2.3809
2020-11-09,SAR,LKR,indicative,49.1845
2020-11-09,SBD,LKR,indicative,23.0583
2020-11-09,SCR,LKR,indicative,9.2977
2020-11-09,SEK,LKR,indicative,21.3965
2020-11-09,SGD,LKR,indicative,137.1344
2020-11-09,THB,LKR,indicative,6.0382
2020-11-09,TWD,LKR,indicative,6.4621
2020-11-09,USD,LKR,indicative,184.4664
2020-11-09,VND,LKR,indicative,0.008
2020-11-09,XAU,LKR,indicative,360728.6569
2020-11-09,ZAR,LKR,indicative,11.8579
2020-11-09,ZMW,LKR,indicative,8.9461
2020-11-10,AED,LKR,indicative,50.2597
2020-11-10,AUD,LKR,indicative,134.4709
2020-11-10,BDT,LKR,indicative,2.1783
2020-11-10,BHD,LKR,indicative,489.6137
2020-11-10,BND,LKR,indicative,137.13
2020-11-10,BRL,LKR,indicative,34.2755
2020-11-10,CAD,LKR,indicative,141.965
2020-11-10,CHF,LKR,indicative,202.4247
2020-11-10,CNH,LKR,indicative,27.9648
2020-11-10,CNY,LKR,indicative,27.9025
2020-11-10,CZK,LKR,indicative,8.237
2020-11-10,DKK,LKR,indicative,29.3418
2020-11-10,EGP,LKR,indicative,11.7812
2020-11-10,EUR,LKR,indicative,218.4875
2020-11-10,GBP,LKR,indicative,243.5208
2020-11-10,GHS,LKR,indicative,31.6522
2020-11-10,HKD,LKR,indicative,23.8111
2020-11-10,HUF,LKR,indicative,0.6084
2020-11-10,IDR,LKR,indicative,0.0132
2020-11-10,INR,LKR,indicative,2.4961
2020-11-10,IRR,LKR,indicative,0.0044
2020-11-10,JOD,LKR,indicative,260.3827
2020-11-10,JPY,LKR,indicative,1.7598
2020-11-10,KES,LKR,indicative,1.6952
2020-11-10,KRW,LKR,indicative,0.1656
2020-11-10,KWD,LKR,indicative,604.4902
2020-11-10,MMK,LKR,indicative,0.1433
2020-11-10,MOP,LKR,indicative,23.101
2020-11-10,MUR,LKR,indicative,4.6147
2020-11-10,MVR,LKR,indicative,11.9412
2020-11-10,MYR,LKR,indicative,44.8903
2020-11-10,NGN,LKR,indicative,0.4843
2020-11-10,NOK,LKR,indicative,20.4503
2020-11-10,NPR,LKR,indicative,1.5557
2020-11-10,NZD,LKR,indicative,126.2372
2020-11-10,OMR,LKR,indicative,479.4974
2020-11-10,PGK,LKR,indicative,52.4758
2020-11-10,PHP,LKR,indicative,3.8254
2020-11-10,PKR,LKR,indicative,1.1629
2020-11-10,PLN,LKR,indicative,48.7069
2020-11-10,QAR,LKR,indicative,50.7035
2020-11-10,RON,LKR,indicative,44.9307
2020-11-10,RUB,LKR,indicative,2.4198
2020-11-10,SAR,LKR,indicative,49.2231
2020-11-10,SBD,LKR,indicative,22.7995
2020-11-10,SCR,LKR,indicative,9.305
2020-11-10,SEK,LKR,indicative,21.4243
2020-11-10,SGD,LKR,indicative,137.13
2020-11-10,THB,LKR,indicative,6.0628
2020-11-10,TWD,LKR,indicative,6.4638
2020-11-10,USD,LKR,indicative,184.6113
2020-11-10,VND,LKR,indicative,0.008
2020-11-10,XAU,LKR,indicative,346220.9551
2020-11-10,ZAR,LKR,indicative,11.983
2020-11-10,ZMW,LKR,indicative,8.8881
2020-11-11,AED,LKR,indicative,50.2343
2020-11-11,AUD,LKR,indicative,134.6061
2020-11-11,BDT,LKR,indicative,2.1772
2020-11-11,BHD,LKR,indicative,489.3671
2020-11-11,BND,LKR,indicative,136.9948
2020-11-11,BRL,LKR,indicative,34.0757
2020-11-11,CAD,LKR,indicative,141.7954
2020-11-11,CHF,LKR,indicative,201.7696
2020-11-11,CNH,LKR,indicative,27.9836
2020-11-11,CNY,LKR,indicative,27.9539
2020-11-11,CZK,LKR,indicative,8.2553
2020-11-11,DKK,LKR,indicative,29.3103
2020-11-11,EGP,LKR,indicative,11.7903
2020-11-11,EUR,LKR,indicative,218.239
2020-11-11,GBP,LKR,indicative,244.9296
2020-11-11,GHS,LKR,indicative,31.7178
2020-11-11,HKD,LKR,indicative,23.7971
2020-11-11,HUF,LKR,indicative,0.6133
2020-11-11,IDR,LKR,indicative,0.0131
2020-11-11,INR,LKR,indicative,2.4838
2020-11-11,IRR,LKR,indicative,0.0044
2020-11-11,JOD,LKR,indicative,260.2515
2020-11-11,JPY,LKR,indicative,1.7552
2020-11-11,KES,LKR,indicative,1.6936
2020-11-11,KRW,LKR,indicative,0.1659
2020-11-11,KWD,LKR,indicative,604.1857
2020-11-11,MMK,LKR,indicative,0.1423
2020-11-11,MOP,LKR,indicative,23.0879
2020-11-11,MUR,LKR,indicative,4.6066
2020-11-11,MVR,LKR,indicative,11.9352
2020-11-11,MYR,LKR,indicative,44.7751
2020-11-11,NGN,LKR,indicative,0.484
2020-11-11,NOK,LKR,indicative,20.5231
2020-11-11,NPR,LKR,indicative,1.5546
2020-11-11,NZD,LKR,indicative,126.9855
2020-11-11,OMR,LKR,indicative,479.2559
2020-11-11,PGK,LKR,indicative,52.7722
2020-11-11,PHP,LKR,indicative,3.8203
2020-11-11,PKR,LKR,indicative,1.1579
2020-11-11,PLN,LKR,indicative,48.4694
2020-11-11,QAR,LKR,indicative,50.6675
2020-11-11,RON,LKR,indicative,44.8382
2020-11-11,RUB,LKR,indicative,2.4133
2020-11-11,SAR,LKR,indicative,49.1983
2020-11-11,SBD,LKR,indicative,23.0832
2020-11-11,SCR,LKR,indicative,9.0031
2020-11-11,SEK,LKR,indicative,21.4358
2020-11-11,SGD,LKR,indicative,136.9948
2020-11-11,THB,LKR,indicative,6.0947
2020-11-11,TWD,LKR,indicative,6.4619
2020-11-11,USD,LKR,indicative,184.5183
2020-11-11,VND,LKR,indicative,0.008
2020-11-11,XAU,LKR,indicative,347059.5479
2020-11-11,ZAR,LKR,indicative,11.854
2020-11-11,ZMW,LKR,indicative,8.8392
2020-11-12,AED,LKR,indicative,50.2562
2020-11-12,AUD,LKR,indicative,134.3877
2020-11-12,BDT,LKR,indicative,2.1769
2020-11-12,BHD,LKR,indicative,489.5798
2020-11-12,BND,LKR,indicative,136.8765
2020-11-12,BRL,LKR,indicative,34.2388
2020-11-12,CAD,LKR,indicative,141.2329
2020-11-12,CHF,LKR,indicative,201.5047
2020-11-12,CNH,LKR,indicative,27.9046
2020-11-12,CNY,LKR,indicative,27.8936
2020-11-12,CZK,LKR,indicative,8.2267
2020-11-12,DKK,LKR,indicative,29.2024
2020-11-12,EGP,LKR,indicative,11.7954
2020-11-12,EUR,LKR,indicative,217.4663
2020-11-12,GBP,LKR,indicative,244.0208
2020-11-12,GHS,LKR,indicative,31.65
2020-11-12,HKD,LKR,indicative,23.8067
2020-11-12,HUF,LKR,indicative,0.6123
2020-11-12,IDR,LKR,indicative,0.0131
2020-11-12,INR,LKR,indicative,2.4791
2020-11-12,IRR,LKR,indicative,0.0044
2020-11-12,JOD,LKR,indicative,260.3646
2020-11-12,JPY,LKR,indicative,1.753
2020-11-12,KES,LKR,indicative,1.6959
2020-11-12,KRW,LKR,indicative,0.1659
2020-11-12,KWD,LKR,indicative,604.4483
2020-11-12,MMK,LKR,indicative,0.1424
2020-11-12,MOP,LKR,indicative,23.0979
2020-11-12,MUR,LKR,indicative,4.6202
2020-11-12,MVR,LKR,indicative,11.9404
2020-11-12,MYR,LKR,indicative,44.6645
2020-11-12,NGN,LKR,indicative,0.4843
2020-11-12,NOK,LKR,indicative,20.337
2020-11-12,NPR,LKR,indicative,1.5511
2020-11-12,NZD,LKR,indicative,127.2437
2020-11-12,OMR,LKR,indicative,479.4642
2020-11-12,PGK,LKR,indicative,52.7952
2020-11-12,PHP,LKR,indicative,3.8073
2020-11-12,PKR,LKR,indicative,1.1658
2020-11-12,PLN,LKR,indicative,48.5013
2020-11-12,QAR,LKR,indicative,50.6895
2020-11-12,RON,LKR,indicative,44.677
2020-11-12,RUB,LKR,indicative,2.3996
2020-11-12,SAR,LKR,indicative,49.219
2020-11-12,SBD,LKR,indicative,23.0748
2020-11-12,SCR,LKR,indicative,9.007
2020-11-12,SEK,LKR,indicative,21.354
2020-11-12,SGD,LKR,indicative,136.8765
2020-11-12,THB,LKR,indicative,6.1135
2020-11-12,TWD,LKR,indicative,6.4694
2020-11-12,USD,LKR,indicative,184.5985
2020-11-12,VND,LKR,indicative,0.008
2020-11-12,XAU,LKR,indicative,344995.2137
2020-11-12,ZAR,LKR,indicative,11.8024
2020-11-12,ZMW,LKR,indicative,8.8423
2020-11-13,AED,LKR,indicative,50.2576
2020-11-13,AUD,LKR,indicative,133.3576
2020-11-13,BDT,LKR,indicative,2.176
2020-11-13,BHD,LKR,indicative,489.6647
2020-11-13,BND,LKR,indicative,136.7991
2020-11-13,BRL,LKR,indicative,33.8204
2020-11-13,CAD,LKR,indicative,140.3296
2020-11-13,CHF,LKR,indicative,201.8077
2020-11-13,CNH,LKR,indicative,27.8695
2020-11-13,CNY,LKR,indicative,27.8668
2020-11-13,CZK,LKR,indicative,8.2135
2020-11-13,DKK,LKR,indicative,29.2599
2020-11-13,EGP,LKR,indicative,11.8033
2020-11-13,EUR,LKR,indicative,217.8692
2020-11-13,GBP,LKR,indicative,242.0799
2020-11-13,GHS,LKR,indicative,31.6509
2020-11-13,HKD,LKR,indicative,23.8065
2020-11-13,HUF,LKR,indicative,0.614
2020-11-13,IDR,LKR,indicative,0.013
2020-11-13,INR,LKR,indicative,2.4718
2020-11-13,IRR,LKR,indicative,0.0044
2020-11-13,JOD,LKR,indicative,260.3718
2020-11-13,JPY,LKR,indicative,1.7596
2020-11-13,KES,LKR,indicative,1.6913
2020-11-13,KRW,LKR,indicative,0.1655
2020-11-13,KWD,LKR,indicative,604.465
2020-11-13,MMK,LKR,indicative,0.1426
2020-11-13,MOP,LKR,indicative,23.0957
2020-11-13,MUR,LKR,indicative,4.6325
2020-11-13,MVR,LKR,indicative,11.9407
2020-11-13,MYR,LKR,indicative,44.655
2020-11-13,NGN,LKR,indicative,0.4843
2020-11-13,NOK,LKR,indicative,20.0859
2020-11-13,NPR,LKR,indicative,1.5454
2020-11-13,NZD,LKR,indicative,125.9735
2020-11-13,OMR,LKR,indicative,479.4774
2020-11-13,PGK,LKR,indicative,52.5197
2020-11-13,PHP,LKR,indicative,3.8157
2020-11-13,PKR,LKR,indicative,1.1675
2020-11-13,PLN,LKR,indicative,48.4899
2020-11-13,QAR,LKR,indicative,50.6909
2020-11-13,RON,LKR,indicative,44.7681
2020-11-13,RUB,LKR,indicative,2.392
2020-11-13,SAR,LKR,indicative,49.2204
2020-11-13,SBD,LKR,indicative,22.6601
2020-11-13,SCR,LKR,indicative,8.9831
2020-11-13,SEK,LKR,indicative,21.3296
2020-11-13,SGD,LKR,indicative,136.7991
2020-11-13,THB,LKR,indicative,6.1006
2020-11-13,TWD,LKR,indicative,6.473
2020-11-13,USD,LKR,indicative,184.6036
2020-11-13,VND,LKR,indicative,0.008
2020-11-13,XAU,LKR,indicative,346823.0905
2020-11-13,ZAR,LKR,indicative,11.7878
2020-11-13,ZMW,LKR,indicative,8.8369
2020-11-16,AED,LKR,indicative,50.2595
2020-11-16,AUD,LKR,indicative,134.5904
2020-11-16,BDT,LKR,indicative,2.1771
2020-11-16,BHD,LKR,indicative,489.6119
2020-11-16,BND,LKR,indicative,137.1703
2020-11-16,BRL,LKR,indicative,33.8254
2020-11-16,CAD,LKR,indicative,140.8005
2020-11-16,CHF,LKR,indicative,202.4572
2020-11-16,CNH,LKR,indicative,28.0565
2020-11-16,CNY,LKR,indicative,28.0412
2020-11-16,CZK,LKR,indicative,8.2755
2020-11-16,DKK,LKR,indicative,29.3548
2020-11-16,EGP,LKR,indicative,11.8264
2020-11-16,EUR,LKR,indicative,218.6897
2020-11-16,GBP,LKR,indicative,244.0275
2020-11-16,GHS,LKR,indicative,31.72
2020-11-16,HKD,LKR,indicative,23.8104
2020-11-16,HUF,LKR,indicative,0.6106
2020-11-16,IDR,LKR,indicative,0.0131
2020-11-16,INR,LKR,indicative,2.4782
2020-11-16,IRR,LKR,indicative,0.0044
2020-11-16,JOD,LKR,indicative,260.3817
2020-11-16,JPY,LKR,indicative,1.7662
2020-11-16,KES,LKR,indicative,1.6906
2020-11-16,KRW,LKR,indicative,0.1665
2020-11-16,KWD,LKR,indicative,604.4879
2020-11-16,MMK,LKR,indicative,0.1426
2020-11-16,MOP,LKR,indicative,23.0994
2020-11-16,MUR,LKR,indicative,4.6326
2020-11-16,MVR,LKR,indicative,11.9412
2020-11-16,MYR,LKR,indicative,44.8247
2020-11-16,NGN,LKR,indicative,0.4843
2020-11-16,NOK,LKR,indicative,20.2136
2020-11-16,NPR,LKR,indicative,1.5465
2020-11-16,NZD,LKR,indicative,127.0121
2020-11-16,OMR,LKR,indicative,479.4956
2020-11-16,PGK,LKR,indicative,51.9217
2020-11-16,PHP,LKR,indicative,3.8337
2020-11-16,PKR,LKR,indicative,1.1678
2020-11-16,PLN,LKR,indicative,48.7582
2020-11-16,QAR,LKR,indicative,50.7033
2020-11-16,RON,LKR,indicative,44.8765
2020-11-16,RUB,LKR,indicative,2.3931
2020-11-16,SAR,LKR,indicative,49.2223
2020-11-16,SBD,LKR,indicative,22.661
2020-11-16,SCR,LKR,indicative,8.9835
2020-11-16,SEK,LKR,indicative,21.2962
2020-11-16,SGD,LKR,indicative,137.1703
2020-11-16,THB,LKR,indicative,6.121
2020-11-16,TWD,LKR,indicative,6.4728
2020-11-16,USD,LKR,indicative,184.6106
2020-11-16,VND,LKR,indicative,0.008
2020-11-16,XAU,LKR,indicative,350140.7714
2020-11-16,ZAR,LKR,indicative,11.9327
2020-11-16,ZMW,LKR,indicative,8.833
2020-11-17,AED,LKR,indicative,50.3682
2020-11-17,AUD,LKR,indicative,135.4642
2020-11-17,BDT,LKR,indicative,2.1833
2020-11-17,BHD,LKR,indicative,490.6706
2020-11-17,BND,LKR,indicative,137.5896
2020-11-17,BRL,LKR,indicative,34.1567
2020-11-17,CAD,LKR,indicative,141.5639
2020-11-17,CHF,LKR,indicative,202.895
2020-11-17,CNH,LKR,indicative,28.1892
2020-11-17,CNY,LKR,indicative,28.1675
2020-11-17,CZK,LKR,indicative,8.3042
2020-11-17,DKK,LKR,indicative,29.4658
2020-11-17,EGP,LKR,indicative,11.8217
2020-11-17,EUR,LKR,indicative,219.5141
2020-11-17,GBP,LKR,indicative,244.4812
2020-11-17,GHS,LKR,indicative,31.7886
2020-11-17,HKD,LKR,indicative,23.8624
2020-11-17,HUF,LKR,indicative,0.6114
2020-11-17,IDR,LKR,indicative,0.0132
2020-11-17,INR,LKR,indicative,2.4877
2020-11-17,IRR,LKR,indicative,0.0044
2020-11-17,JOD,LKR,indicative,260.9447
2020-11-17,JPY,LKR,indicative,1.7704
2020-11-17,KES,LKR,indicative,1.6935
2020-11-17,KRW,LKR,indicative,0.1671
2020-11-17,KWD,LKR,indicative,605.795
2020-11-17,MMK,LKR,indicative,0.1428
2020-11-17,MOP,LKR,indicative,23.1494
2020-11-17,MUR,LKR,indicative,4.6017
2020-11-17,MVR,LKR,indicative,11.967
2020-11-17,MYR,LKR,indicative,45.031
2020-11-17,NGN,LKR,indicative,0.4853
2020-11-17,NOK,LKR,indicative,20.4115
2020-11-17,NPR,LKR,indicative,1.5499
2020-11-17,NZD,LKR,indicative,127.8048
2020-11-17,OMR,LKR,indicative,480.5325
2020-11-17,PGK,LKR,indicative,52.7278
2020-11-17,PHP,LKR,indicative,3.8364
2020-11-17,PKR,LKR,indicative,1.1706
2020-11-17,PLN,LKR,indicative,48.9846
2020-11-17,QAR,LKR,indicative,50.8129
2020-11-17,RON,LKR,indicative,45.0584
2020-11-17,RUB,LKR,indicative,2.4172
2020-11-17,SAR,LKR,indicative,49.3287
2020-11-17,SBD,LKR,indicative,23.1262
2020-11-17,SCR,LKR,indicative,9.0029
2020-11-17,SEK,LKR,indicative,21.467
2020-11-17,SGD,LKR,indicative,137.5896
2020-11-17,THB,LKR,indicative,6.1322
2020-11-17,TWD,LKR,indicative,6.4888
2020-11-17,USD,LKR,indicative,185.0098
2020-11-17,VND,LKR,indicative,0.008
2020-11-17,XAU,LKR,indicative,349696.2735
2020-11-17,ZAR,LKR,indicative,12.0775
2020-11-17,ZMW,LKR,indicative,8.8459
2020-11-18,AED,LKR,indicative,50.3383
2020-11-18,AUD,LKR,indicative,134.6627
2020-11-18,BDT,LKR,indicative,2.1843
2020-11-18,BHD,LKR,indicative,490.3794
2020-11-18,BND,LKR,indicative,137.6512
2020-11-18,BRL,LKR,indicative,34.7002
2020-11-18,CAD,LKR,indicative,140.9997
2020-11-18,CHF,LKR,indicative,202.897
2020-11-18,CNH,LKR,indicative,28.2006
2020-11-18,CNY,LKR,indicative,28.1944
2020-11-18,CZK,LKR,indicative,8.2764
2020-11-18,DKK,LKR,indicative,29.4317
2020-11-18,EGP,LKR,indicative,11.8298
2020-11-18,EUR,LKR,indicative,219.2267
2020-11-18,GBP,LKR,indicative,245.011
2020-11-18,GHS,LKR,indicative,31.7425
2020-11-18,HKD,LKR,indicative,23.851
2020-11-18,HUF,LKR,indicative,0.6063
2020-11-18,IDR,LKR,indicative,0.0131
2020-11-18,INR,LKR,indicative,2.4824
2020-11-18,IRR,LKR,indicative,0.0044
2020-11-18,JOD,LKR,indicative,260.7898
2020-11-18,JPY,LKR,indicative,1.7759
2020-11-18,KES,LKR,indicative,1.6924
2020-11-18,KRW,LKR,indicative,0.1671
2020-11-18,KWD,LKR,indicative,605.4355
2020-11-18,MMK,LKR,indicative,0.1423
2020-11-18,MOP,LKR,indicative,23.1443
2020-11-18,MUR,LKR,indicative,4.6341
2020-11-18,MVR,LKR,indicative,11.9599
2020-11-18,MYR,LKR,indicative,45.0426
2020-11-18,NGN,LKR,indicative,0.485
2020-11-18,NOK,LKR,indicative,20.367
2020-11-18,NPR,LKR,indicative,1.5518
2020-11-18,NZD,LKR,indicative,127.2297
2020-11-18,OMR,LKR,indicative,480.2473
2020-11-18,PGK,LKR,indicative,52.6965
2020-11-18,PHP,LKR,indicative,3.8311
2020-11-18,PKR,LKR,indicative,1.1691
2020-11-18,PLN,LKR,indicative,48.8275
2020-11-18,QAR,LKR,indicative,50.7828
2020-11-18,RON,LKR,indicative,44.9928
2020-11-18,RUB,LKR,indicative,2.4251
2020-11-18,SAR,LKR,indicative,49.2994
2020-11-18,SBD,LKR,indicative,23.131
2020-11-18,SCR,LKR,indicative,8.9866
2020-11-18,SEK,LKR,indicative,21.4232
2020-11-18,SGD,LKR,indicative,137.6512
2020-11-18,THB,LKR,indicative,6.1175
2020-11-18,TWD,LKR,indicative,6.4857
2020-11-18,USD,LKR,indicative,184.9
2020-11-18,VND,LKR,indicative,0.008
2020-11-18,XAU,LKR,indicative,347507.5315
2020-11-18,ZAR,LKR,indicative,12.0019
2020-11-18,ZMW,LKR,indicative,8.834
2020-11-19,AED,LKR,indicative,50.347
2020-11-19,AUD,LKR,indicative,134.834
2020-11-19,BDT,LKR,indicative,2.1821
2020-11-19,BHD,LKR,indicative,490.4645
2020-11-19,BND,LKR,indicative,137.7059
2020-11-19,BRL,LKR,indicative,34.4807
2020-11-19,CAD,LKR,indicative,141.2504
2020-11-19,CHF,LKR,indicative,202.9099
2020-11-19,CNH,LKR,indicative,28.1812
2020-11-19,CNY,LKR,indicative,28.1668
2020-11-19,CZK,LKR,indicative,8.3125
2020-11-19,DKK,LKR,indicative,29.3963
2020-11-19,EGP,LKR,indicative,11.8394
2020-11-19,EUR,LKR,indicative,219.0798
2020-11-19,GBP,LKR,indicative,244.8501
2020-11-19,GHS,LKR,indicative,31.7072
2020-11-19,HKD,LKR,indicative,23.8561
2020-11-19,HUF,LKR,indicative,0.6075
2020-11-19,IDR,LKR,indicative,0.0131
2020-11-19,INR,LKR,indicative,2.495
2020-11-19,IRR,LKR,indicative,0.0044
2020-11-19,JOD,LKR,indicative,260.8351
2020-11-19,JPY,LKR,indicative,1.7814
2020-11-19,KES,LKR,indicative,1.6904
2020-11-19,KRW,LKR,indicative,0.1662
2020-11-19,KWD,LKR,indicative,605.5406
2020-11-19,MMK,LKR,indicative,0.1418
2020-11-19,MOP,LKR,indicative,23.1498
2020-11-19,MUR,LKR,indicative,4.6524
2020-11-19,MVR,LKR,indicative,11.962
2020-11-19,MYR,LKR,indicative,45.1715
2020-11-19,NGN,LKR,indicative,0.4851
2020-11-19,NOK,LKR,indicative,20.4848
2020-11-19,NPR,LKR,indicative,1.5577
2020-11-19,NZD,LKR,indicative,127.7326
2020-11-19,OMR,LKR,indicative,480.3306
2020-11-19,PGK,LKR,indicative,52.7056
2020-11-19,PHP,LKR,indicative,3.8323
2020-11-19,PKR,LKR,indicative,1.1642
2020-11-19,PLN,LKR,indicative,49.0666
2020-11-19,QAR,LKR,indicative,50.0459
2020-11-19,RON,LKR,indicative,44.9497
2020-11-19,RUB,LKR,indicative,2.4348
2020-11-19,SAR,LKR,indicative,49.308
2020-11-19,SBD,LKR,indicative,23.172
2020-11-19,SCR,LKR,indicative,8.906
2020-11-19,SEK,LKR,indicative,21.4921
2020-11-19,SGD,LKR,indicative,137.7059
2020-11-19,THB,LKR,indicative,6.0913
2020-11-19,TWD,LKR,indicative,6.4854
2020-11-19,USD,LKR,indicative,184.9321
2020-11-19,VND,LKR,indicative,0.008
2020-11-19,XAU,LKR,indicative,346081.0073
2020-11-19,ZAR,LKR,indicative,11.9413
2020-11-19,ZMW,LKR,indicative,8.8329
2020-11-20,AED,LKR,indicative,50.2676
2020-11-20,AUD,LKR,indicative,134.3998
2020-11-20,BDT,LKR,indicative,2.179
2020-11-20,BHD,LKR,indicative,489.6912
2020-11-20,BND,LKR,indicative,137.3456
2020-11-20,BRL,LKR,indicative,34.8004
2020-11-20,CAD,LKR,indicative,141.1409
2020-11-20,CHF,LKR,indicative,202.768
2020-11-20,CNH,LKR,indicative,28.0728
2020-11-20,CNY,LKR,indicative,28.0538
2020-11-20,CZK,LKR,indicative,8.3192
2020-11-20,DKK,LKR,indicative,29.4173
2020-11-20,EGP,LKR,indicative,11.8359
2020-11-20,EUR,LKR,indicative,219.2144
2020-11-20,GBP,LKR,indicative,244.7133
2020-11-20,GHS,LKR,indicative,31.6572
2020-11-20,HKD,LKR,indicative,23.8141
2020-11-20,HUF,LKR,indicative,0.6103
2020-11-20,IDR,LKR,indicative,0.013
2020-11-20,INR,LKR,indicative,2.4914
2020-11-20,IRR,LKR,indicative,0.0044
2020-11-20,JOD,LKR,indicative,260.4238
2020-11-20,JPY,LKR,indicative,1.7774
2020-11-20,KES,LKR,indicative,1.6885
2020-11-20,KRW,LKR,indicative,0.1656
2020-11-20,KWD,LKR,indicative,604.5858
2020-11-20,MMK,LKR,indicative,0.1412
2020-11-20,MOP,LKR,indicative,23.1032
2020-11-20,MUR,LKR,indicative,4.645
2020-11-20,MVR,LKR,indicative,11.9431
2020-11-20,MYR,LKR,indicative,45.1168
2020-11-20,NGN,LKR,indicative,0.4844
2020-11-20,NOK,LKR,indicative,20.5115
2020-11-20,NPR,LKR,indicative,1.5538
2020-11-20,NZD,LKR,indicative,127.605
2020-11-20,OMR,LKR,indicative,479.5733
2020-11-20,PGK,LKR,indicative,52.6225
2020-11-20,PHP,LKR,indicative,3.8246
2020-11-20,PKR,LKR,indicative,1.1508
2020-11-20,PLN,LKR,indicative,49.0094
2020-11-20,QAR,LKR,indicative,50.701
2020-11-20,RON,LKR,indicative,44.9816
2020-11-20,RUB,LKR,indicative,2.4185
2020-11-20,SAR,LKR,indicative,49.2302
2020-11-20,SBD,LKR,indicative,23.1355
2020-11-20,SCR,LKR,indicative,8.8919
2020-11-20,SEK,LKR,indicative,21.4652
2020-11-20,SGD,LKR,indicative,137.3456
2020-11-20,THB,LKR,indicative,6.0827
2020-11-20,TWD,LKR,indicative,6.4677
2020-11-20,USD,LKR,indicative,184.6405
2020-11-20,VND,LKR,indicative,0.008
2020-11-20,XAU,LKR,indicative,344095.1126
2020-11-20,ZAR,LKR,indicative,11.9669
2020-11-20,ZMW,LKR,indicative,8.8153
2020-11-23,AED,LKR,indicative,50.3975
2020-11-23,AUD,LKR,indicative,135.4967
2020-11-23,BDT,LKR,indicative,2.1831
2020-11-23,BHD,LKR,indicative,490.956
2020-11-23,BND,LKR,indicative,137.9363
2020-11-23,BRL,LKR,indicative,34.4043
2020-11-23,CAD,LKR,indicative,141.6299
2020-11-23,CHF,LKR,indicative,203.3698
2020-11-23,CNH,LKR,indicative,28.2592
2020-11-23,CNY,LKR,indicative,28.2243
2020-11-23,CZK,LKR,indicative,8.3458
2020-11-23,DKK,LKR,indicative,29.5149
2020-11-23,EGP,LKR,indicative,11.8751
2020-11-23,EUR,LKR,indicative,219.8177
2020-11-23,GBP,LKR,indicative,246.6227
2020-11-23,GHS,LKR,indicative,31.7526
2020-11-23,HKD,LKR,indicative,23.8769
2020-11-23,HUF,LKR,indicative,0.6105
2020-11-23,IDR,LKR,indicative,0.0131
2020-11-23,INR,LKR,indicative,2.4975
2020-11-23,IRR,LKR,indicative,0.0044
2020-11-23,JOD,LKR,indicative,261.0965
2020-11-23,JPY,LKR,indicative,1.7842
2020-11-23,KES,LKR,indicative,1.6906
2020-11-23,KRW,LKR,indicative,0.1664
2020-11-23,KWD,LKR,indicative,606.1473
2020-11-23,MMK,LKR,indicative,0.1416
2020-11-23,MOP,LKR,indicative,23.1643
2020-11-23,MUR,LKR,indicative,4.6454
2020-11-23,MVR,LKR,indicative,11.974
2020-11-23,MYR,LKR,indicative,45.272
2020-11-23,NGN,LKR,indicative,0.4856
2020-11-23,NOK,LKR,indicative,20.6041
2020-11-23,NPR,LKR,indicative,1.56
2020-11-23,NZD,LKR,indicative,128.7584
2020-11-23,OMR,LKR,indicative,480.8119
2020-11-23,PGK,LKR,indicative,52.7585
2020-11-23,PHP,LKR,indicative,3.8418
2020-11-23,PKR,LKR,indicative,1.1532
2020-11-23,PLN,LKR,indicative,49.1863
2020-11-23,QAR,LKR,indicative,50.832
2020-11-23,RON,LKR,indicative,45.0736
2020-11-23,RUB,LKR,indicative,2.4262
2020-11-23,SAR,LKR,indicative,49.3574
2020-11-23,SBD,LKR,indicative,23.2322
2020-11-23,SCR,LKR,indicative,8.9042
2020-11-23,SEK,LKR,indicative,21.5189
2020-11-23,SGD,LKR,indicative,137.9363
2020-11-23,THB,LKR,indicative,6.1145
2020-11-23,TWD,LKR,indicative,6.4872
2020-11-23,USD,LKR,indicative,185.1174
2020-11-23,VND,LKR,indicative,0.008
2020-11-23,XAU,LKR,indicative,346492.5679
2020-11-23,ZAR,LKR,indicative,12.0405
2020-11-23,ZMW,LKR,indicative,8.8204
2020-11-24,AED,LKR,indicative,50.4974
2020-11-24,AUD,LKR,indicative,135.5798
2020-11-24,BDT,LKR,indicative,2.1895
2020-11-24,BHD,LKR,indicative,491.9293
2020-11-24,BND,LKR,indicative,138.0657
2020-11-24,BRL,LKR,indicative,34.0904
2020-11-24,CAD,LKR,indicative,141.9976
2020-11-24,CHF,LKR,indicative,203.1815
2020-11-24,CNH,LKR,indicative,28.2015
2020-11-24,CNY,LKR,indicative,28.1825
2020-11-24,CZK,LKR,indicative,8.3525
2020-11-24,DKK,LKR,indicative,29.5066
2020-11-24,EGP,LKR,indicative,11.8596
2020-11-24,EUR,LKR,indicative,219.6692
2020-11-24,GBP,LKR,indicative,247.1116
2020-11-24,GHS,LKR,indicative,31.8019
2020-11-24,HKD,LKR,indicative,23.9278
2020-11-24,HUF,LKR,indicative,0.609
2020-11-24,IDR,LKR,indicative,0.0131
2020-11-24,INR,LKR,indicative,2.4983
2020-11-24,IRR,LKR,indicative,0.0044
2020-11-24,JOD,LKR,indicative,261.6141
2020-11-24,JPY,LKR,indicative,1.7737
2020-11-24,KES,LKR,indicative,1.6924
2020-11-24,KRW,LKR,indicative,0.1669
2020-11-24,KWD,LKR,indicative,607.3491
2020-11-24,MMK,LKR,indicative,0.142
2020-11-24,MOP,LKR,indicative,23.2146
2020-11-24,MUR,LKR,indicative,4.6487
2020-11-24,MVR,LKR,indicative,11.9977
2020-11-24,MYR,LKR,indicative,45.323
2020-11-24,NGN,LKR,indicative,0.4866
2020-11-24,NOK,LKR,indicative,20.563
2020-11-24,NPR,LKR,indicative,1.5643
2020-11-24,NZD,LKR,indicative,129.3661
2020-11-24,OMR,LKR,indicative,481.7651
2020-11-24,PGK,LKR,indicative,52.8631
2020-11-24,PHP,LKR,indicative,3.845
2020-11-24,PKR,LKR,indicative,1.1521
2020-11-24,PLN,LKR,indicative,49.1428
2020-11-24,QAR,LKR,indicative,50.9433
2020-11-24,RON,LKR,indicative,45.079
2020-11-24,RUB,LKR,indicative,2.4399
2020-11-24,SAR,LKR,indicative,49.4553
2020-11-24,SBD,LKR,indicative,23.2783
2020-11-24,SCR,LKR,indicative,8.9218
2020-11-24,SEK,LKR,indicative,21.5145
2020-11-24,SGD,LKR,indicative,138.0657
2020-11-24,THB,LKR,indicative,6.1065
2020-11-24,TWD,LKR,indicative,6.4948
2020-11-24,USD,LKR,indicative,185.4844
2020-11-24,VND,LKR,indicative,0.008
2020-11-24,XAU,LKR,indicative,338752.0146
2020-11-24,ZAR,LKR,indicative,12.0514
2020-11-24,ZMW,LKR,indicative,8.8368
2020-11-25,AED,LKR,indicative,50.4744
2020-11-25,AUD,LKR,indicative,136.3524
2020-11-25,BDT,LKR,indicative,2.1898
2020-11-25,BHD,LKR,indicative,491.7055
2020-11-25,BND,LKR,indicative,138.1675
2020-11-25,BRL,LKR,indicative,34.4994
2020-11-25,CAD,LKR,indicative,142.6318
2020-11-25,CHF,LKR,indicative,203.5015
2020-11-25,CNH,LKR,indicative,28.1926
2020-11-25,CNY,LKR,indicative,28.1716
2020-11-25,CZK,LKR,indicative,8.4434
2020-11-25,DKK,LKR,indicative,29.6424
2020-11-25,EGP,LKR,indicative,11.8466
2020-11-25,EUR,LKR,indicative,220.6445
2020-11-25,GBP,LKR,indicative,247.6666
2020-11-25,GHS,LKR,indicative,31.7874
2020-11-25,HKD,LKR,indicative,23.9178
2020-11-25,HUF,LKR,indicative,0.6119
2020-11-25,IDR,LKR,indicative,0.0131
2020-11-25,INR,LKR,indicative,2.5027
2020-11-25,IRR,LKR,indicative,0.0044
2020-11-25,JOD,LKR,indicative,261.4951
2020-11-25,JPY,LKR,indicative,1.7731
2020-11-25,KES,LKR,indicative,1.6885
2020-11-25,KRW,LKR,indicative,0.1675
2020-11-25,KWD,LKR,indicative,607.0727
2020-11-25,MMK,LKR,indicative,0.1413
2020-11-25,MOP,LKR,indicative,23.204
2020-11-25,MUR,LKR,indicative,4.6466
2020-11-25,MVR,LKR,indicative,11.9922
2020-11-25,MYR,LKR,indicative,45.3467
2020-11-25,NGN,LKR,indicative,0.4864
2020-11-25,NOK,LKR,indicative,20.8719
2020-11-25,NPR,LKR,indicative,1.5657
2020-11-25,NZD,LKR,indicative,129.3721
2020-11-25,OMR,LKR,indicative,481.5459
2020-11-25,PGK,LKR,indicative,52.839
2020-11-25,PHP,LKR,indicative,3.8543
2020-11-25,PKR,LKR,indicative,1.1542
2020-11-25,PLN,LKR,indicative,49.4446
2020-11-25,QAR,LKR,indicative,50.9096
2020-11-25,RON,LKR,indicative,45.298
2020-11-25,RUB,LKR,indicative,2.4563
2020-11-25,SAR,LKR,indicative,49.4341
2020-11-25,SBD,LKR,indicative,23.2677
2020-11-25,SCR,LKR,indicative,8.9092
2020-11-25,SEK,LKR,indicative,21.727
2020-11-25,SGD,LKR,indicative,138.1675
2020-11-25,THB,LKR,indicative,6.1107
2020-11-25,TWD,LKR,indicative,6.5037
2020-11-25,USD,LKR,indicative,185.4
2020-11-25,VND,LKR,indicative,0.008
2020-11-25,XAU,LKR,indicative,335601.81
2020-11-25,ZAR,LKR,indicative,12.198
2020-11-25,ZMW,LKR,indicative,8.8286
2020-11-26,AED,LKR,indicative,50.5035
2020-11-26,AUD,LKR,indicative,136.5425
2020-11-26,BDT,LKR,indicative,2.1911
2020-11-26,BHD,LKR,indicative,491.9895
2020-11-26,BND,LKR,indicative,138.5674
2020-11-26,BRL,LKR,indicative,34.8422
2020-11-26,CAD,LKR,indicative,142.7252
2020-11-26,CHF,LKR,indicative,204.4381
2020-11-26,CNH,LKR,indicative,28.2714
2020-11-26,CNY,LKR,indicative,28.2449
2020-11-26,CZK,LKR,indicative,8.467
2020-11-26,DKK,LKR,indicative,29.7142
2020-11-26,EGP,LKR,indicative,11.8459
2020-11-26,EUR,LKR,indicative,221.1801
2020-11-26,GBP,LKR,indicative,248.3662
2020-11-26,GHS,LKR,indicative,31.7106
2020-11-26,HKD,LKR,indicative,23.9332
2020-11-26,HUF,LKR,indicative,0.6125
2020-11-26,IDR,LKR,indicative,0.0131
2020-11-26,INR,LKR,indicative,2.5139
2020-11-26,IRR,LKR,indicative,0.0044
2020-11-26,JOD,LKR,indicative,261.6461
2020-11-26,JPY,LKR,indicative,1.7778
2020-11-26,KES,LKR,indicative,1.688
2020-11-26,KRW,LKR,indicative,0.1679
2020-11-26,KWD,LKR,indicative,607.4234
2020-11-26,MMK,LKR,indicative,0.1412
2020-11-26,MOP,LKR,indicative,23.2189
2020-11-26,MUR,LKR,indicative,4.6493
2020-11-26,MVR,LKR,indicative,11.9992
2020-11-26,MYR,LKR,indicative,45.4451
2020-11-26,NGN,LKR,indicative,0.4866
2020-11-26,NOK,LKR,indicative,21.0204
2020-11-26,NPR,LKR,indicative,1.5686
2020-11-26,NZD,LKR,indicative,129.8642
2020-11-26,OMR,LKR,indicative,481.8241
2020-11-26,PGK,LKR,indicative,52.8695
2020-11-26,PHP,LKR,indicative,3.8551
2020-11-26,PKR,LKR,indicative,1.1627
2020-11-26,PLN,LKR,indicative,49.5353
2020-11-26,QAR,LKR,indicative,50.9495
2020-11-26,RON,LKR,indicative,45.3946
2020-11-26,RUB,LKR,indicative,2.4534
2020-11-26,SAR,LKR,indicative,49.4613
2020-11-26,SBD,LKR,indicative,23.3182
2020-11-26,SCR,LKR,indicative,8.9143
2020-11-26,SEK,LKR,indicative,21.8362
2020-11-26,SGD,LKR,indicative,138.5674
2020-11-26,THB,LKR,indicative,6.1183
2020-11-26,TWD,LKR,indicative,6.5081
2020-11-26,USD,LKR,indicative,185.5071
2020-11-26,VND,LKR,indicative,0.008
2020-11-26,XAU,LKR,indicative,335906.0538
2020-11-26,ZAR,LKR,indicative,12.2561
2020-11-26,ZMW,LKR,indicative,8.8316
2020-11-27,AED,LKR,indicative,50.4252
2020-11-27,AUD,LKR,indicative,136.2843
2020-11-27,BDT,LKR,indicative,2.1843
2020-11-27,BHD,LKR,indicative,491.2259
2020-11-27,BND,LKR,indicative,138.3317
2020-11-27,BRL,LKR,indicative,34.7064
2020-11-27,CAD,LKR,indicative,142.2301
2020-11-27,CHF,LKR,indicative,204.3685
2020-11-27,CNH,LKR,indicative,28.1614
2020-11-27,CNY,LKR,indicative,28.1443
2020-11-27,CZK,LKR,indicative,8.4378
2020-11-27,DKK,LKR,indicative,29.6422
2020-11-27,EGP,LKR,indicative,11.8427
2020-11-27,EUR,LKR,indicative,220.6516
2020-11-27,GBP,LKR,indicative,247.4065
2020-11-27,GHS,LKR,indicative,31.6344
2020-11-27,HKD,LKR,indicative,23.8954
2020-11-27,HUF,LKR,indicative,0.6114
2020-11-27,IDR,LKR,indicative,0.0131
2020-11-27,INR,LKR,indicative,2.5092
2020-11-27,IRR,LKR,indicative,0.0044
2020-11-27,JOD,LKR,indicative,261.2401
2020-11-27,JPY,LKR,indicative,1.7799
2020-11-27,KES,LKR,indicative,1.6853
2020-11-27,KRW,LKR,indicative,0.1676
2020-11-27,KWD,LKR,indicative,606.4807
2020-11-27,MMK,LKR,indicative,0.1409
2020-11-27,MOP,LKR,indicative,23.1814
2020-11-27,MUR,LKR,indicative,4.6479
2020-11-27,MVR,LKR,indicative,11.9805
2020-11-27,MYR,LKR,indicative,45.4749
2020-11-27,NGN,LKR,indicative,0.4859
2020-11-27,NOK,LKR,indicative,20.8642
2020-11-27,NPR,LKR,indicative,1.5667
2020-11-27,NZD,LKR,indicative,129.8016
2020-11-27,OMR,LKR,indicative,481.0763
2020-11-27,PGK,LKR,indicative,52.6486
2020-11-27,PHP,LKR,indicative,3.8487
2020-11-27,PKR,LKR,indicative,1.1636
2020-11-27,PLN,LKR,indicative,49.2965
2020-11-27,QAR,LKR,indicative,50.8599
2020-11-27,RON,LKR,indicative,45.277
2020-11-27,RUB,LKR,indicative,2.447
2020-11-27,SAR,LKR,indicative,49.3845
2020-11-27,SBD,LKR,indicative,22.8746
2020-11-27,SCR,LKR,indicative,8.9005
2020-11-27,SEK,LKR,indicative,21.7216
2020-11-27,SGD,LKR,indicative,138.3317
2020-11-27,THB,LKR,indicative,6.1108
2020-11-27,TWD,LKR,indicative,6.4964
2020-11-27,USD,LKR,indicative,185.2192
2020-11-27,VND,LKR,indicative,0.008
2020-11-27,XAU,LKR,indicative,335171.7382
2020-11-27,ZAR,LKR,indicative,12.1742
2020-11-27,ZMW,LKR,indicative,8.8158
2020-11-30,AED,LKR,indicative,50.3546
2020-11-30,AUD,LKR,indicative,136.778
2020-11-30,BDT,LKR,indicative,2.1813
2020-11-30,BHD,LKR,indicative,490.5778
2020-11-30,BND,LKR,indicative,138.3138
2020-11-30,BRL,LKR,indicative,34.6101
2020-11-30,CAD,LKR,indicative,142.4249
2020-11-30,CHF,LKR,indicative,204.7151
2020-11-30,CNH,LKR,indicative,28.1265
2020-11-30,CNY,LKR,indicative,28.0949
2020-11-30,CZK,LKR,indicative,8.448
2020-11-30,DKK,LKR,indicative,29.749
2020-11-30,EGP,LKR,indicative,11.8185
2020-11-30,EUR,LKR,indicative,221.4157
2020-11-30,GBP,LKR,indicative,246.709
2020-11-30,GHS,LKR,indicative,31.6442
2020-11-30,HKD,LKR,indicative,23.8635
2020-11-30,HUF,LKR,indicative,0.6122
2020-11-30,IDR,LKR,indicative,0.0131
2020-11-30,INR,LKR,indicative,2.5017
2020-11-30,IRR,LKR,indicative,0.0044
2020-11-30,JOD,LKR,indicative,260.8746
2020-11-30,JPY,LKR,indicative,1.7806
2020-11-30,KES,LKR,indicative,1.6807
2020-11-30,KRW,LKR,indicative,0.1675
2020-11-30,KWD,LKR,indicative,605.6323
2020-11-30,MMK,LKR,indicative,0.1407
2020-11-30,MOP,LKR,indicative,23.1576
2020-11-30,MUR,LKR,indicative,4.6414
2020-11-30,MVR,LKR,indicative,11.9638
2020-11-30,MYR,LKR,indicative,45.4503
2020-11-30,NGN,LKR,indicative,0.4852
2020-11-30,NOK,LKR,indicative,20.9289
2020-11-30,NPR,LKR,indicative,1.561
2020-11-30,NZD,LKR,indicative,130.1009
2020-11-30,OMR,LKR,indicative,480.4034
2020-11-30,PGK,LKR,indicative,52.7136
2020-11-30,PHP,LKR,indicative,3.8437
2020-11-30,PKR,LKR,indicative,1.1615
2020-11-30,PLN,LKR,indicative,49.3444
2020-11-30,QAR,LKR,indicative,50.7888
2020-11-30,RON,LKR,indicative,45.4118
2020-11-30,RUB,LKR,indicative,2.4332
2020-11-30,SAR,LKR,indicative,49.3155
2020-11-30,SBD,LKR,indicative,23.2125
2020-11-30,SCR,LKR,indicative,8.888
2020-11-30,SEK,LKR,indicative,21.7751
2020-11-30,SGD,LKR,indicative,138.3138
2020-11-30,THB,LKR,indicative,6.1093
2020-11-30,TWD,LKR,indicative,6.4866
2020-11-30,USD,LKR,indicative,184.9601
2020-11-30,VND,LKR,indicative,0.008
2020-11-30,XAU,LKR,indicative,329385.2693
2020-11-30,ZAR,LKR,indicative,12.1348
2020-11-30,ZMW,LKR,indicative,8.8024
2020-12-01,AED,LKR,indicative,50.5833
2020-12-01,AUD,LKR,indicative,136.7024
2020-12-01,BDT,LKR,indicative,2.1874
2020-12-01,BHD,LKR,indicative,492.0551
2020-12-01,BND,LKR,indicative,138.7655
2020-12-01,BRL,LKR,indicative,35.5319
2020-12-01,CAD,LKR,indicative,143.1929
2020-12-01,CHF,LKR,indicative,204.8286
2020-12-01,CNH,LKR,indicative,28.2482
2020-12-01,CNY,LKR,indicative,28.2236
2020-12-01,CZK,LKR,indicative,8.4637
2020-12-01,DKK,LKR,indicative,29.8436
2020-12-01,EGP,LKR,indicative,11.4833
2020-12-01,EUR,LKR,indicative,222.1239
2020-12-01,GBP,LKR,indicative,248.0987
2020-12-01,GHS,LKR,indicative,32.0898
2020-12-01,HKD,LKR,indicative,23.9669
2020-12-01,HUF,LKR,indicative,0.6194
2020-12-01,IDR,LKR,indicative,0.0131
2020-12-01,INR,LKR,indicative,2.4367
2020-12-01,IRR,LKR,indicative,0.0044
2020-12-01,JOD,LKR,indicative,262.0592
2020-12-01,JPY,LKR,indicative,1.7803
2020-12-01,KES,LKR,indicative,1.7479
2020-12-01,KRW,LKR,indicative,0.1677
2020-12-01,KWD,LKR,indicative,604.0508
2020-12-01,MMK,LKR,indicative,0.1329
2020-12-01,MOP,LKR,indicative,23.2599
2020-12-01,MUR,LKR,indicative,4.6742
2020-12-01,MVR,LKR,indicative,12.0181
2020-12-01,MYR,LKR,indicative,44.4604
2020-12-01,NGN,LKR,indicative,0.5154
2020-12-01,NOK,LKR,indicative,20.9362
2020-12-01,NPR,LKR,indicative,1.5248
2020-12-01,NZD,LKR,indicative,130.5059
2020-12-01,OMR,LKR,indicative,482.5974
2020-12-01,PGK,LKR,indicative,52.9995
2020-12-01,PHP,LKR,indicative,3.7125
2020-12-01,PKR,LKR,indicative,1.1216
2020-12-01,PLN,LKR,indicative,49.591
2020-12-01,QAR,LKR,indicative,51.0194
2020-12-01,RON,LKR,indicative,43.1691
2020-12-01,RUB,LKR,indicative,2.4296
2020-12-01,SAR,LKR,indicative,49.5295
2020-12-01,SBD,LKR,indicative,22.6212
2020-12-01,SCR,LKR,indicative,10.5628
2020-12-01,SEK,LKR,indicative,21.7132
2020-12-01,SGD,LKR,indicative,138.7655
2020-12-01,THB,LKR,indicative,6.1401
2020-12-01,TWD,LKR,indicative,6.5113
2020-12-01,USD,LKR,indicative,185.8
2020-12-01,VND,LKR,indicative,0.008
2020-12-01,XAU,LKR,indicative,331029.641
2020-12-01,ZAR,LKR,indicative,12.0458
2020-12-01,ZMW,LKR,indicative,10.1948
2020-12-02,AED,LKR,indicative,50.5288
2020-12-02,AUD,LKR,indicative,136.9078
2020-12-02,BDT,LKR,indicative,2.1898
2020-12-02,BHD,LKR,indicative,492.2359
2020-12-02,BND,LKR,indicative,138.7923
2020-12-02,BRL,LKR,indicative,35.6477
2020-12-02,CAD,LKR,indicative,143.3703
2020-12-02,CHF,LKR,indicative,206.4746
2020-12-02,CNH,LKR,indicative,28.343
2020-12-02,CNY,LKR,indicative,28.3052
2020-12-02,CZK,LKR,indicative,8.5275
2020-12-02,DKK,LKR,indicative,30.1132
2020-12-02,EGP,LKR,indicative,11.8519
2020-12-02,EUR,LKR,indicative,224.1398
2020-12-02,GBP,LKR,indicative,249.0659
2020-12-02,GHS,LKR,indicative,31.6994
2020-12-02,HKD,LKR,indicative,23.9399
2020-12-02,HUF,LKR,indicative,0.6281
2020-12-02,IDR,LKR,indicative,0.0131
2020-12-02,INR,LKR,indicative,2.5248
2020-12-02,IRR,LKR,indicative,0.0044
2020-12-02,JOD,LKR,indicative,261.7772
2020-12-02,JPY,LKR,indicative,1.7779
2020-12-02,KES,LKR,indicative,1.6834
2020-12-02,KRW,LKR,indicative,0.1681
2020-12-02,KWD,LKR,indicative,607.7276
2020-12-02,MMK,LKR,indicative,0.1405
2020-12-02,MOP,LKR,indicative,23.2319
2020-12-02,MUR,LKR,indicative,4.6569
2020-12-02,MVR,LKR,indicative,12.0052
2020-12-02,MYR,LKR,indicative,45.574
2020-12-02,NGN,LKR,indicative,0.4869
2020-12-02,NOK,LKR,indicative,21.0694
2020-12-02,NPR,LKR,indicative,1.5743
2020-12-02,NZD,LKR,indicative,131.145
2020-12-02,OMR,LKR,indicative,482.0654
2020-12-02,PGK,LKR,indicative,52.896
2020-12-02,PHP,LKR,indicative,3.8628
2020-12-02,PKR,LKR,indicative,1.1637
2020-12-02,PLN,LKR,indicative,50.3821
2020-12-02,QAR,LKR,indicative,50.975
2020-12-02,RON,LKR,indicative,46.0146
2020-12-02,RUB,LKR,indicative,2.4433
2020-12-02,SAR,LKR,indicative,49.4854
2020-12-02,SBD,LKR,indicative,23.2928
2020-12-02,SCR,LKR,indicative,8.9188
2020-12-02,SEK,LKR,indicative,21.8869
2020-12-02,SGD,LKR,indicative,138.7923
2020-12-02,THB,LKR,indicative,6.1416
2020-12-02,TWD,LKR,indicative,6.51
2020-12-02,USD,LKR,indicative,185.6
2020-12-02,VND,LKR,indicative,0.008
2020-12-02,XAU,LKR,indicative,336530.848
2020-12-02,ZAR,LKR,indicative,12.1344
2020-12-02,ZMW,LKR,indicative,8.8297
2020-12-03,AED,LKR,indicative,50.8763
2020-12-03,AUD,LKR,indicative,138.4658
2020-12-03,BDT,LKR,indicative,2.2046
2020-12-03,BHD,LKR,indicative,495.6203
2020-12-03,BND,LKR,indicative,139.663
2020-12-03,BRL,LKR,indicative,35.8155
2020-12-03,CAD,LKR,indicative,144.5794
2020-12-03,CHF,LKR,indicative,208.9752
2020-12-03,CNH,LKR,indicative,28.5242
2020-12-03,CNY,LKR,indicative,28.4829
2020-12-03,CZK,LKR,indicative,8.5798
2020-12-03,DKK,LKR,indicative,30.4215
2020-12-03,EGP,LKR,indicative,11.9333
2020-12-03,EUR,LKR,indicative,226.4471
2020-12-03,GBP,LKR,indicative,249.872
2020-12-03,GHS,LKR,indicative,31.8901
2020-12-03,HKD,LKR,indicative,24.1067
2020-12-03,HUF,LKR,indicative,0.6299
2020-12-03,IDR,LKR,indicative,0.0132
2020-12-03,INR,LKR,indicative,2.5358
2020-12-03,IRR,LKR,indicative,0.0044
2020-12-03,JOD,LKR,indicative,263.577
2020-12-03,JPY,LKR,indicative,1.7891
2020-12-03,KES,LKR,indicative,1.6897
2020-12-03,KRW,LKR,indicative,0.1701
2020-12-03,KWD,LKR,indicative,611.906
2020-12-03,MMK,LKR,indicative,0.1413
2020-12-03,MOP,LKR,indicative,23.3873
2020-12-03,MUR,LKR,indicative,4.6954
2020-12-03,MVR,LKR,indicative,12.0877
2020-12-03,MYR,LKR,indicative,45.8592
2020-12-03,NGN,LKR,indicative,0.4902
2020-12-03,NOK,LKR,indicative,21.2429
2020-12-03,NPR,LKR,indicative,1.5825
2020-12-03,NZD,LKR,indicative,131.9345
2020-12-03,OMR,LKR,indicative,485.3799
2020-12-03,PGK,LKR,indicative,53.2597
2020-12-03,PHP,LKR,indicative,3.8892
2020-12-03,PKR,LKR,indicative,1.1658
2020-12-03,PLN,LKR,indicative,50.5946
2020-12-03,QAR,LKR,indicative,51.3255
2020-12-03,RON,LKR,indicative,46.4883
2020-12-03,RUB,LKR,indicative,2.4871
2020-12-03,SAR,LKR,indicative,49.8263
2020-12-03,SBD,LKR,indicative,23.4903
2020-12-03,SCR,LKR,indicative,8.8128
2020-12-03,SEK,LKR,indicative,22.075
2020-12-03,SGD,LKR,indicative,139.663
2020-12-03,THB,LKR,indicative,6.1849
2020-12-03,TWD,LKR,indicative,6.5561
2020-12-03,USD,LKR,indicative,186.8761
2020-12-03,VND,LKR,indicative,0.0081
2020-12-03,XAU,LKR,indicative,341606.7077
2020-12-03,ZAR,LKR,indicative,12.2209
2020-12-03,ZMW,LKR,indicative,8.8883
2020-12-04,AED,LKR,indicative,50.7815
2020-12-04,AUD,LKR,indicative,138.5809
2020-12-04,BDT,LKR,indicative,2.1999
2020-12-04,BHD,LKR,indicative,494.6837
2020-12-04,BND,LKR,indicative,139.8103
2020-12-04,BRL,LKR,indicative,36.2049
2020-12-04,CAD,LKR,indicative,145.0225
2020-12-04,CHF,LKR,indicative,209.3349
2020-12-04,CNH,LKR,indicative,28.5294
2020-12-04,CNY,LKR,indicative,28.4832
2020-12-04,CZK,LKR,indicative,8.5713
2020-12-04,DKK,LKR,indicative,30.4277
2020-12-04,EGP,LKR,indicative,11.9035
2020-12-04,EUR,LKR,indicative,226.5008
2020-12-04,GBP,LKR,indicative,250.964
2020-12-04,GHS,LKR,indicative,31.8307
2020-12-04,HKD,LKR,indicative,24.0631
2020-12-04,HUF,LKR,indicative,0.634
2020-12-04,IDR,LKR,indicative,0.0132
2020-12-04,INR,LKR,indicative,2.5253
2020-12-04,IRR,LKR,indicative,0.0044
2020-12-04,JOD,LKR,indicative,263.0859
2020-12-04,JPY,LKR,indicative,1.7964
2020-12-04,KES,LKR,indicative,1.6819
2020-12-04,KRW,LKR,indicative,0.1716
2020-12-04,KWD,LKR,indicative,610.7659
2020-12-04,MMK,LKR,indicative,0.141
2020-12-04,MOP,LKR,indicative,23.351
2020-12-04,MUR,LKR,indicative,4.64
2020-12-04,MVR,LKR,indicative,12.0652
2020-12-04,MYR,LKR,indicative,45.8468
2020-12-04,NGN,LKR,indicative,0.4893
2020-12-04,NOK,LKR,indicative,21.2834
2020-12-04,NPR,LKR,indicative,1.5774
2020-12-04,NZD,LKR,indicative,131.6887
2020-12-04,OMR,LKR,indicative,484.4755
2020-12-04,PGK,LKR,indicative,53.1605
2020-12-04,PHP,LKR,indicative,3.8832
2020-12-04,PKR,LKR,indicative,1.1632
2020-12-04,PLN,LKR,indicative,50.6897
2020-12-04,QAR,LKR,indicative,51.2299
2020-12-04,RON,LKR,indicative,46.4815
2020-12-04,RUB,LKR,indicative,2.502
2020-12-04,SAR,LKR,indicative,49.7335
2020-12-04,SBD,LKR,indicative,23.4839
2020-12-04,SCR,LKR,indicative,8.7964
2020-12-04,SEK,LKR,indicative,22.0815
2020-12-04,SGD,LKR,indicative,139.8103
2020-12-04,THB,LKR,indicative,6.1826
2020-12-04,TWD,LKR,indicative,6.5869
2020-12-04,USD,LKR,indicative,186.5279
2020-12-04,VND,LKR,indicative,0.0081
2020-12-04,XAU,LKR,indicative,343381.0764
2020-12-04,ZAR,LKR,indicative,12.2883
2020-12-04,ZMW,LKR,indicative,8.8696
2020-12-07,AED,LKR,indicative,50.4954
2020-12-07,AUD,LKR,indicative,137.8189
2020-12-07,BDT,LKR,indicative,2.1871
2020-12-07,BHD,LKR,indicative,491.9105
2020-12-07,BND,LKR,indicative,138.9707
2020-12-07,BRL,LKR,indicative,35.9731
2020-12-07,CAD,LKR,indicative,145.1025
2020-12-07,CHF,LKR,indicative,208.2961
2020-12-07,CNH,LKR,indicative,28.43
2020-12-07,CNY,LKR,indicative,28.37
2020-12-07,CZK,LKR,indicative,8.5029
2020-12-07,DKK,LKR,indicative,30.2415
2020-12-07,EGP,LKR,indicative,11.8138
2020-12-07,EUR,LKR,indicative,225.0953
2020-12-07,GBP,LKR,indicative,249.1517
2020-12-07,GHS,LKR,indicative,31.6514
2020-12-07,HKD,LKR,indicative,23.9299
2020-12-07,HUF,LKR,indicative,0.6274
2020-12-07,IDR,LKR,indicative,0.0131
2020-12-07,INR,LKR,indicative,2.5131
2020-12-07,IRR,LKR,indicative,0.0044
2020-12-07,JOD,LKR,indicative,261.8072
2020-12-07,JPY,LKR,indicative,1.7839
2020-12-07,KES,LKR,indicative,1.6725
2020-12-07,KRW,LKR,indicative,0.1713
2020-12-07,KWD,LKR,indicative,607.3258
2020-12-07,MMK,LKR,indicative,0.1402
2020-12-07,MOP,LKR,indicative,23.2224
2020-12-07,MUR,LKR,indicative,4.6602
2020-12-07,MVR,LKR,indicative,11.9972
2020-12-07,MYR,LKR,indicative,45.5327
2020-12-07,NGN,LKR,indicative,0.4866
2020-12-07,NOK,LKR,indicative,21.0606
2020-12-07,NPR,LKR,indicative,1.5707
2020-12-07,NZD,LKR,indicative,130.5946
2020-12-07,OMR,LKR,indicative,481.7467
2020-12-07,PGK,LKR,indicative,52.861
2020-12-07,PHP,LKR,indicative,3.8589
2020-12-07,PKR,LKR,indicative,1.1587
2020-12-07,PLN,LKR,indicative,50.3987
2020-12-07,QAR,LKR,indicative,50.9413
2020-12-07,RON,LKR,indicative,46.2237
2020-12-07,RUB,LKR,indicative,2.5034
2020-12-07,SAR,LKR,indicative,49.4534
2020-12-07,SBD,LKR,indicative,23.3516
2020-12-07,SCR,LKR,indicative,8.7469
2020-12-07,SEK,LKR,indicative,21.9579
2020-12-07,SGD,LKR,indicative,138.9707
2020-12-07,THB,LKR,indicative,6.1426
2020-12-07,TWD,LKR,indicative,6.5651
2020-12-07,USD,LKR,indicative,185.4773
2020-12-07,VND,LKR,indicative,0.008
2020-12-07,XAU,LKR,indicative,341026.9103
2020-12-07,ZAR,LKR,indicative,12.1888
2020-12-07,ZMW,LKR,indicative,8.8155
2020-12-08,AED,LKR,indicative,50.7017
2020-12-08,AUD,LKR,indicative,138.2142
2020-12-08,BDT,LKR,indicative,2.198
2020-12-08,BHD,LKR,indicative,493.9197
2020-12-08,BND,LKR,indicative,139.2723
2020-12-08,BRL,LKR,indicative,36.5202
2020-12-08,CAD,LKR,indicative,145.5244
2020-12-08,CHF,LKR,indicative,208.9592
2020-12-08,CNH,LKR,indicative,28.5352
2020-12-08,CNY,LKR,indicative,28.4909
2020-12-08,CZK,LKR,indicative,8.5085
2020-12-08,DKK,LKR,indicative,30.2934
2020-12-08,EGP,LKR,indicative,11.8772
2020-12-08,EUR,LKR,indicative,225.5025
2020-12-08,GBP,LKR,indicative,248.5957
2020-12-08,GHS,LKR,indicative,31.9991
2020-12-08,HKD,LKR,indicative,24.0274
2020-12-08,HUF,LKR,indicative,0.6259
2020-12-08,IDR,LKR,indicative,0.0132
2020-12-08,INR,LKR,indicative,2.5223
2020-12-08,IRR,LKR,indicative,0.0044
2020-12-08,JOD,LKR,indicative,262.6726
2020-12-08,JPY,LKR,indicative,1.7899
2020-12-08,KES,LKR,indicative,1.6718
2020-12-08,KRW,LKR,indicative,0.1717
2020-12-08,KWD,LKR,indicative,609.8065
2020-12-08,MMK,LKR,indicative,0.1402
2020-12-08,MOP,LKR,indicative,23.3114
2020-12-08,MUR,LKR,indicative,4.6852
2020-12-08,MVR,LKR,indicative,12.0462
2020-12-08,MYR,LKR,indicative,45.7805
2020-12-08,NGN,LKR,indicative,0.4885
2020-12-08,NOK,LKR,indicative,21.298
2020-12-08,NPR,LKR,indicative,1.5751
2020-12-08,NZD,LKR,indicative,131.0349
2020-12-08,OMR,LKR,indicative,483.7144
2020-12-08,PGK,LKR,indicative,53.0769
2020-12-08,PHP,LKR,indicative,3.8666
2020-12-08,PKR,LKR,indicative,1.1612
2020-12-08,PLN,LKR,indicative,50.4196
2020-12-08,QAR,LKR,indicative,51.1494
2020-12-08,RON,LKR,indicative,46.2839
2020-12-08,RUB,LKR,indicative,2.5216
2020-12-08,SAR,LKR,indicative,49.6554
2020-12-08,SBD,LKR,indicative,23.447
2020-12-08,SCR,LKR,indicative,8.7826
2020-12-08,SEK,LKR,indicative,22.162
2020-12-08,SGD,LKR,indicative,139.2723
2020-12-08,THB,LKR,indicative,6.178
2020-12-08,TWD,LKR,indicative,6.5884
2020-12-08,USD,LKR,indicative,186.2349
2020-12-08,VND,LKR,indicative,0.0081
2020-12-08,XAU,LKR,indicative,347420.2748
2020-12-08,ZAR,LKR,indicative,12.2846
2020-12-08,ZMW,LKR,indicative,8.8541
2020-12-09,AED,LKR,indicative,50.6838
2020-12-09,AUD,LKR,indicative,138.1003
2020-12-09,BDT,LKR,indicative,2.1975
2020-12-09,BHD,LKR,indicative,493.7455
2020-12-09,BND,LKR,indicative,139.27
2020-12-09,BRL,LKR,indicative,36.3569
2020-12-09,CAD,LKR,indicative,145.3141
2020-12-09,CHF,LKR,indicative,209.4731
2020-12-09,CNH,LKR,indicative,28.5628
2020-12-09,CNY,LKR,indicative,28.4972
2020-12-09,CZK,LKR,indicative,8.566
2020-12-09,DKK,LKR,indicative,30.3002
2020-12-09,EGP,LKR,indicative,11.873
2020-12-09,EUR,LKR,indicative,225.5347
2020-12-09,GBP,LKR,indicative,248.8431
2020-12-09,GHS,LKR,indicative,31.9056
2020-12-09,HKD,LKR,indicative,24.0175
2020-12-09,HUF,LKR,indicative,0.6285
2020-12-09,IDR,LKR,indicative,0.0132
2020-12-09,INR,LKR,indicative,2.5261
2020-12-09,IRR,LKR,indicative,0.0044
2020-12-09,JOD,LKR,indicative,262.58
2020-12-09,JPY,LKR,indicative,1.7874
2020-12-09,KES,LKR,indicative,1.6704
2020-12-09,KRW,LKR,indicative,0.1716
2020-12-09,KWD,LKR,indicative,609.5914
2020-12-09,MMK,LKR,indicative,0.1398
2020-12-09,MOP,LKR,indicative,23.3061
2020-12-09,MUR,LKR,indicative,4.7072
2020-12-09,MVR,LKR,indicative,12.042
2020-12-09,MYR,LKR,indicative,45.7362
2020-12-09,NGN,LKR,indicative,0.4884
2020-12-09,NOK,LKR,indicative,21.2739
2020-12-09,NPR,LKR,indicative,1.5825
2020-12-09,NZD,LKR,indicative,131.0352
2020-12-09,OMR,LKR,indicative,483.5438
2020-12-09,PGK,LKR,indicative,53.0582
2020-12-09,PHP,LKR,indicative,3.8709
2020-12-09,PKR,LKR,indicative,1.1607
2020-12-09,PLN,LKR,indicative,50.7045
2020-12-09,QAR,LKR,indicative,51.1208
2020-12-09,RON,LKR,indicative,46.3033
2020-12-09,RUB,LKR,indicative,2.5381
2020-12-09,SAR,LKR,indicative,49.6266
2020-12-09,SBD,LKR,indicative,23.4201
2020-12-09,SCR,LKR,indicative,8.7795
2020-12-09,SEK,LKR,indicative,22.0035
2020-12-09,SGD,LKR,indicative,139.27
2020-12-09,THB,LKR,indicative,6.2046
2020-12-09,TWD,LKR,indicative,6.5957
2020-12-09,USD,LKR,indicative,186.1692
2020-12-09,VND,LKR,indicative,0.008
2020-12-09,XAU,LKR,indicative,347670.0502
2020-12-09,ZAR,LKR,indicative,12.4365
2020-12-09,ZMW,LKR,indicative,8.8483
2020-12-10,AED,LKR,indicative,50.6168
2020-12-10,AUD,LKR,indicative,138.7172
2020-12-10,BDT,LKR,indicative,2.1943
2020-12-10,BHD,LKR,indicative,493.0928
2020-12-10,BND,LKR,indicative,139.0391
2020-12-10,BRL,LKR,indicative,35.9546
2020-12-10,CAD,LKR,indicative,145.1447
2020-12-10,CHF,LKR,indicative,209.1138
2020-12-10,CNH,LKR,indicative,28.4822
2020-12-10,CNY,LKR,indicative,28.4041
2020-12-10,CZK,LKR,indicative,8.5568
2020-12-10,DKK,LKR,indicative,30.1914
2020-12-10,EGP,LKR,indicative,11.8498
2020-12-10,EUR,LKR,indicative,224.7438
2020-12-10,GBP,LKR,indicative,248.5234
2020-12-10,GHS,LKR,indicative,31.7275
2020-12-10,HKD,LKR,indicative,23.9837
2020-12-10,HUF,LKR,indicative,0.6304
2020-12-10,IDR,LKR,indicative,0.0132
2020-12-10,INR,LKR,indicative,2.5218
2020-12-10,IRR,LKR,indicative,0.0044
2020-12-10,JOD,LKR,indicative,262.2329
2020-12-10,JPY,LKR,indicative,1.7818
2020-12-10,KES,LKR,indicative,1.669
2020-12-10,KRW,LKR,indicative,0.1711
2020-12-10,KWD,LKR,indicative,609.6839
2020-12-10,MMK,LKR,indicative,0.1396
2020-12-10,MOP,LKR,indicative,23.2738
2020-12-10,MUR,LKR,indicative,4.6597
2020-12-10,MVR,LKR,indicative,12.0261
2020-12-10,MYR,LKR,indicative,45.7657
2020-12-10,NGN,LKR,indicative,0.4877
2020-12-10,NOK,LKR,indicative,21.0887
2020-12-10,NPR,LKR,indicative,1.5796
2020-12-10,NZD,LKR,indicative,130.5831
2020-12-10,OMR,LKR,indicative,482.9046
2020-12-10,PGK,LKR,indicative,52.9881
2020-12-10,PHP,LKR,indicative,3.8678
2020-12-10,PKR,LKR,indicative,1.158
2020-12-10,PLN,LKR,indicative,50.7245
2020-12-10,QAR,LKR,indicative,51.0532
2020-12-10,RON,LKR,indicative,46.1938
2020-12-10,RUB,LKR,indicative,2.5232
2020-12-10,SAR,LKR,indicative,49.561
2020-12-10,SBD,LKR,indicative,23.4077
2020-12-10,SCR,LKR,indicative,8.7679
2020-12-10,SEK,LKR,indicative,21.9297
2020-12-10,SGD,LKR,indicative,139.0391
2020-12-10,THB,LKR,indicative,6.184
2020-12-10,TWD,LKR,indicative,6.5872
2020-12-10,USD,LKR,indicative,185.9231
2020-12-10,VND,LKR,indicative,0.008
2020-12-10,XAU,LKR,indicative,342385.7552
2020-12-10,ZAR,LKR,indicative,12.447
2020-12-10,ZMW,LKR,indicative,8.835
2020-12-11,AED,LKR,indicative,50.6129
2020-12-11,AUD,LKR,indicative,140.5842
2020-12-11,BDT,LKR,indicative,2.1945
2020-12-11,BHD,LKR,indicative,493.0546
2020-12-11,BND,LKR,indicative,139.3044
2020-12-11,BRL,LKR,indicative,36.9905
2020-12-11,CAD,LKR,indicative,146.0685
2020-12-11,CHF,LKR,indicative,209.9122
2020-12-11,CNH,LKR,indicative,28.4896
2020-12-11,CNY,LKR,indicative,28.4334
2020-12-11,CZK,LKR,indicative,8.5811
2020-12-11,DKK,LKR,indicative,30.3559
2020-12-11,EGP,LKR,indicative,11.8338
2020-12-11,EUR,LKR,indicative,225.972
2020-12-11,GBP,LKR,indicative,247.4631
2020-12-11,GHS,LKR,indicative,31.725
2020-12-11,HKD,LKR,indicative,23.9847
2020-12-11,HUF,LKR,indicative,0.6388
2020-12-11,IDR,LKR,indicative,0.0132
2020-12-11,INR,LKR,indicative,2.5228
2020-12-11,IRR,LKR,indicative,0.0044
2020-12-11,JOD,LKR,indicative,262.2126
2020-12-11,JPY,LKR,indicative,1.7878
2020-12-11,KES,LKR,indicative,1.6673
2020-12-11,KRW,LKR,indicative,0.1709
2020-12-11,KWD,LKR,indicative,608.7384
2020-12-11,MMK,LKR,indicative,0.1385
2020-12-11,MOP,LKR,indicative,23.2735
2020-12-11,MUR,LKR,indicative,4.6477
2020-12-11,MVR,LKR,indicative,12.0251
2020-12-11,MYR,LKR,indicative,45.8411
2020-12-11,NGN,LKR,indicative,0.4877
2020-12-11,NOK,LKR,indicative,21.2295
2020-12-11,NPR,LKR,indicative,1.5774
2020-12-11,NZD,LKR,indicative,132.0974
2020-12-11,OMR,LKR,indicative,482.8672
2020-12-11,PGK,LKR,indicative,52.984
2020-12-11,PHP,LKR,indicative,3.8677
2020-12-11,PKR,LKR,indicative,1.1583
2020-12-11,PLN,LKR,indicative,51.0248
2020-12-11,QAR,LKR,indicative,51.0493
2020-12-11,RON,LKR,indicative,46.4047
2020-12-11,RUB,LKR,indicative,2.5447
2020-12-11,SAR,LKR,indicative,49.5684
2020-12-11,SBD,LKR,indicative,23.4245
2020-12-11,SCR,LKR,indicative,8.7672
2020-12-11,SEK,LKR,indicative,22.0537
2020-12-11,SGD,LKR,indicative,139.3044
2020-12-11,THB,LKR,indicative,6.1939
2020-12-11,TWD,LKR,indicative,6.597
2020-12-11,USD,LKR,indicative,185.9087
2020-12-11,VND,LKR,indicative,0.008
2020-12-11,XAU,LKR,indicative,341764.3291
2020-12-11,ZAR,LKR,indicative,12.3884
2020-12-11,ZMW,LKR,indicative,8.8328
2020-12-14,AED,LKR,indicative,50.6432
2020-12-14,AUD,LKR,indicative,140.1754
2020-12-14,BDT,LKR,indicative,2.1938
2020-12-14,BHD,LKR,indicative,493.3498
2020-12-14,BND,LKR,indicative,139.3669
2020-12-14,BRL,LKR,indicative,36.7186
2020-12-14,CAD,LKR,indicative,145.7951
2020-12-14,CHF,LKR,indicative,209.3052
2020-12-14,CNH,LKR,indicative,28.5101
2020-12-14,CNY,LKR,indicative,28.4587
2020-12-14,CZK,LKR,indicative,8.5649
2020-12-14,DKK,LKR,indicative,30.3181
2020-12-14,EGP,LKR,indicative,11.8155
2020-12-14,EUR,LKR,indicative,225.6702
2020-12-14,GBP,LKR,indicative,247.6949
2020-12-14,GHS,LKR,indicative,31.7983
2020-12-14,HKD,LKR,indicative,23.9979
2020-12-14,HUF,LKR,indicative,0.6369
2020-12-14,IDR,LKR,indicative,0.0132
2020-12-14,INR,LKR,indicative,2.5227
2020-12-14,IRR,LKR,indicative,0.0044
2020-12-14,JOD,LKR,indicative,262.5732
2020-12-14,JPY,LKR,indicative,1.7886
2020-12-14,KES,LKR,indicative,1.6683
2020-12-14,KRW,LKR,indicative,0.1707
2020-12-14,KWD,LKR,indicative,611.2042
2020-12-14,MMK,LKR,indicative,0.1377
2020-12-14,MOP,LKR,indicative,23.2874
2020-12-14,MUR,LKR,indicative,4.6975
2020-12-14,MVR,LKR,indicative,12.0323
2020-12-14,MYR,LKR,indicative,45.9195
2020-12-14,NGN,LKR,indicative,0.488
2020-12-14,NOK,LKR,indicative,21.1651
2020-12-14,NPR,LKR,indicative,1.5784
2020-12-14,NZD,LKR,indicative,131.8882
2020-12-14,OMR,LKR,indicative,483.1563
2020-12-14,PGK,LKR,indicative,53.0529
2020-12-14,PHP,LKR,indicative,3.8704
2020-12-14,PKR,LKR,indicative,1.1615
2020-12-14,PLN,LKR,indicative,50.6894
2020-12-14,QAR,LKR,indicative,51.0812
2020-12-14,RON,LKR,indicative,46.3255
2020-12-14,RUB,LKR,indicative,2.5445
2020-12-14,SAR,LKR,indicative,49.5981
2020-12-14,SBD,LKR,indicative,23.4385
2020-12-14,SCR,LKR,indicative,8.7725
2020-12-14,SEK,LKR,indicative,22.0189
2020-12-14,SGD,LKR,indicative,139.3669
2020-12-14,THB,LKR,indicative,6.1811
2020-12-14,TWD,LKR,indicative,6.611
2020-12-14,USD,LKR,indicative,186.02
2020-12-14,VND,LKR,indicative,0.008
2020-12-14,XAU,LKR,indicative,341727.1109
2020-12-14,ZAR,LKR,indicative,12.3348
2020-12-14,ZMW,LKR,indicative,8.8269
2020-12-15,AED,LKR,indicative,50.8371
2020-12-15,AUD,LKR,indicative,140.6188
2020-12-15,BDT,LKR,indicative,2.204
2020-12-15,BHD,LKR,indicative,495.2389
2020-12-15,BND,LKR,indicative,139.7958
2020-12-15,BRL,LKR,indicative,36.4772
2020-12-15,CAD,LKR,indicative,146.3763
2020-12-15,CHF,LKR,indicative,210.6756
2020-12-15,CNH,LKR,indicative,28.5454
2020-12-15,CNY,LKR,indicative,28.4955
2020-12-15,CZK,LKR,indicative,8.6127
2020-12-15,DKK,LKR,indicative,30.5071
2020-12-15,EGP,LKR,indicative,11.8636
2020-12-15,EUR,LKR,indicative,227.0571
2020-12-15,GBP,LKR,indicative,249.1102
2020-12-15,GHS,LKR,indicative,31.8656
2020-12-15,HKD,LKR,indicative,24.0873
2020-12-15,HUF,LKR,indicative,0.6414
2020-12-15,IDR,LKR,indicative,0.0132
2020-12-15,INR,LKR,indicative,2.5357
2020-12-15,IRR,LKR,indicative,0.0044
2020-12-15,JOD,LKR,indicative,263.3742
2020-12-15,JPY,LKR,indicative,1.7942
2020-12-15,KES,LKR,indicative,1.6732
2020-12-15,KRW,LKR,indicative,0.1708
2020-12-15,KWD,LKR,indicative,611.4352
2020-12-15,MMK,LKR,indicative,0.1357
2020-12-15,MOP,LKR,indicative,23.3737
2020-12-15,MUR,LKR,indicative,4.7155
2020-12-15,MVR,LKR,indicative,12.0784
2020-12-15,MYR,LKR,indicative,45.9536
2020-12-15,NGN,LKR,indicative,0.4899
2020-12-15,NOK,LKR,indicative,21.3875
2020-12-15,NPR,LKR,indicative,1.5861
2020-12-15,NZD,LKR,indicative,132.2065
2020-12-15,OMR,LKR,indicative,485.0064
2020-12-15,PGK,LKR,indicative,53.2187
2020-12-15,PHP,LKR,indicative,3.8852
2020-12-15,PKR,LKR,indicative,1.1642
2020-12-15,PLN,LKR,indicative,51.2009
2020-12-15,QAR,LKR,indicative,51.286
2020-12-15,RON,LKR,indicative,46.6469
2020-12-15,RUB,LKR,indicative,2.5322
2020-12-15,SAR,LKR,indicative,49.788
2020-12-15,SBD,LKR,indicative,23.5283
2020-12-15,SCR,LKR,indicative,8.8061
2020-12-15,SEK,LKR,indicative,22.231
2020-12-15,SGD,LKR,indicative,139.7958
2020-12-15,THB,LKR,indicative,6.2089
2020-12-15,TWD,LKR,indicative,6.6349
2020-12-15,USD,LKR,indicative,186.7323
2020-12-15,VND,LKR,indicative,0.0081
2020-12-15,XAU,LKR,indicative,342144.925
2020-12-15,ZAR,LKR,indicative,12.4148
2020-12-15,ZMW,LKR,indicative,8.8592
2020-12-16,AED,LKR,indicative,51.1517
2020-12-16,AUD,LKR,indicative,141.827
2020-12-16,BDT,LKR,indicative,2.2155
2020-12-16,BHD,LKR,indicative,498.3032
2020-12-16,BND,LKR,indicative,140.9669
2020-12-16,BRL,LKR,indicative,36.9687
2020-12-16,CAD,LKR,indicative,147.9023
2020-12-16,CHF,LKR,indicative,212.0509
2020-12-16,CNH,LKR,indicative,28.7898
2020-12-16,CNY,LKR,indicative,28.7112
2020-12-16,CZK,LKR,indicative,8.6792
2020-12-16,DKK,LKR,indicative,30.6826
2020-12-16,EGP,LKR,indicative,11.9598
2020-12-16,EUR,LKR,indicative,228.3399
2020-12-16,GBP,LKR,indicative,252.6056
2020-12-16,GHS,LKR,indicative,32.0627
2020-12-16,HKD,LKR,indicative,24.2375
2020-12-16,HUF,LKR,indicative,0.6417
2020-12-16,IDR,LKR,indicative,0.0133
2020-12-16,INR,LKR,indicative,2.555
2020-12-16,IRR,LKR,indicative,0.0045
2020-12-16,JOD,LKR,indicative,265.0038
2020-12-16,JPY,LKR,indicative,1.8132
2020-12-16,KES,LKR,indicative,1.6836
2020-12-16,KRW,LKR,indicative,0.172
2020-12-16,KWD,LKR,indicative,615.2184
2020-12-16,MMK,LKR,indicative,0.1358
2020-12-16,MOP,LKR,indicative,23.5198
2020-12-16,MUR,LKR,indicative,4.7446
2020-12-16,MVR,LKR,indicative,12.1532
2020-12-16,MYR,LKR,indicative,46.3691
2020-12-16,NGN,LKR,indicative,0.4929
2020-12-16,NOK,LKR,indicative,21.5406
2020-12-16,NPR,LKR,indicative,1.5946
2020-12-16,NZD,LKR,indicative,133.2312
2020-12-16,OMR,LKR,indicative,488.0073
2020-12-16,PGK,LKR,indicative,53.548
2020-12-16,PHP,LKR,indicative,3.9098
2020-12-16,PKR,LKR,indicative,1.171
2020-12-16,PLN,LKR,indicative,51.4092
2020-12-16,QAR,LKR,indicative,51.6033
2020-12-16,RON,LKR,indicative,46.9086
2020-12-16,RUB,LKR,indicative,2.5614
2020-12-16,SAR,LKR,indicative,50.096
2020-12-16,SBD,LKR,indicative,23.6551
2020-12-16,SCR,LKR,indicative,8.8605
2020-12-16,SEK,LKR,indicative,22.4004
2020-12-16,SGD,LKR,indicative,140.9669
2020-12-16,THB,LKR,indicative,6.2567
2020-12-16,TWD,LKR,indicative,6.6789
2020-12-16,USD,LKR,indicative,187.8877
2020-12-16,VND,LKR,indicative,0.0081
2020-12-16,XAU,LKR,indicative,348446.1946
2020-12-16,ZAR,LKR,indicative,12.6017
2020-12-16,ZMW,LKR,indicative,8.911
2020-12-17,AED,LKR,indicative,51.2009
2020-12-17,AUD,LKR,indicative,142.5842
2020-12-17,BDT,LKR,indicative,2.2186
2020-12-17,BHD,LKR,indicative,498.7829
2020-12-17,BND,LKR,indicative,141.5913
2020-12-17,BRL,LKR,indicative,36.9912
2020-12-17,CAD,LKR,indicative,147.6264
2020-12-17,CHF,LKR,indicative,212.579
2020-12-17,CNH,LKR,indicative,28.8808
2020-12-17,CNY,LKR,indicative,28.7829
2020-12-17,CZK,LKR,indicative,8.7784
2020-12-17,DKK,LKR,indicative,30.8552
2020-12-17,EGP,LKR,indicative,11.9865
2020-12-17,EUR,LKR,indicative,229.6036
2020-12-17,GBP,LKR,indicative,254.5226
2020-12-17,GHS,LKR,indicative,32.0936
2020-12-17,HKD,LKR,indicative,24.2589
2020-12-17,HUF,LKR,indicative,0.6465
2020-12-17,IDR,LKR,indicative,0.0133
2020-12-17,INR,LKR,indicative,2.5557
2020-12-17,IRR,LKR,indicative,0.0045
2020-12-17,JOD,LKR,indicative,265.259
2020-12-17,JPY,LKR,indicative,1.8199
2020-12-17,KES,LKR,indicative,1.6852
2020-12-17,KRW,LKR,indicative,0.1719
2020-12-17,KWD,LKR,indicative,617.3268
2020-12-17,MMK,LKR,indicative,0.1382
2020-12-17,MOP,LKR,indicative,23.5409
2020-12-17,MUR,LKR,indicative,4.7794
2020-12-17,MVR,LKR,indicative,12.1649
2020-12-17,MYR,LKR,indicative,46.4654
2020-12-17,NGN,LKR,indicative,0.4934
2020-12-17,NOK,LKR,indicative,21.7295
2020-12-17,NPR,LKR,indicative,1.5976
2020-12-17,NZD,LKR,indicative,134.0271
2020-12-17,OMR,LKR,indicative,488.4772
2020-12-17,PGK,LKR,indicative,53.4585
2020-12-17,PHP,LKR,indicative,3.9132
2020-12-17,PKR,LKR,indicative,1.1719
2020-12-17,PLN,LKR,indicative,51.7468
2020-12-17,QAR,LKR,indicative,51.653
2020-12-17,RON,LKR,indicative,47.1604
2020-12-17,RUB,LKR,indicative,2.5671
2020-12-17,SAR,LKR,indicative,50.1329
2020-12-17,SBD,LKR,indicative,23.1795
2020-12-17,SCR,LKR,indicative,8.8691
2020-12-17,SEK,LKR,indicative,22.5428
2020-12-17,SGD,LKR,indicative,141.5913
2020-12-17,THB,LKR,indicative,6.2763
2020-12-17,TWD,LKR,indicative,6.6845
2020-12-17,USD,LKR,indicative,188.0686
2020-12-17,VND,LKR,indicative,0.0081
2020-12-17,XAU,LKR,indicative,350395.3104
2020-12-17,ZAR,LKR,indicative,12.7036
2020-12-17,ZMW,LKR,indicative,8.8963
2020-12-18,AED,LKR,indicative,51.149
2020-12-18,AUD,LKR,indicative,142.9939
2020-12-18,BDT,LKR,indicative,2.2146
2020-12-18,BHD,LKR,indicative,498.2774
2020-12-18,BND,LKR,indicative,141.6184
2020-12-18,BRL,LKR,indicative,37.1414
2020-12-18,CAD,LKR,indicative,147.4767
2020-12-18,CHF,LKR,indicative,212.3755
2020-12-18,CNH,LKR,indicative,28.8119
2020-12-18,CNY,LKR,indicative,28.7288
2020-12-18,CZK,LKR,indicative,8.8092
2020-12-18,DKK,LKR,indicative,30.9407
2020-12-18,EGP,LKR,indicative,11.9591
2020-12-18,EUR,LKR,indicative,230.2539
2020-12-18,GBP,LKR,indicative,254.5841
2020-12-18,GHS,LKR,indicative,32.0611
2020-12-18,HKD,LKR,indicative,24.2334
2020-12-18,HUF,LKR,indicative,0.6478
2020-12-18,IDR,LKR,indicative,0.0133
2020-12-18,INR,LKR,indicative,2.5551
2020-12-18,IRR,LKR,indicative,0.0045
2020-12-18,JOD,LKR,indicative,264.9901
2020-12-18,JPY,LKR,indicative,1.8188
2020-12-18,KES,LKR,indicative,1.6835
2020-12-18,KRW,LKR,indicative,0.1709
2020-12-18,KWD,LKR,indicative,617.2279
2020-12-18,MMK,LKR,indicative,0.1385
2020-12-18,MOP,LKR,indicative,23.5112
2020-12-18,MUR,LKR,indicative,4.7745
2020-12-18,MVR,LKR,indicative,12.1525
2020-12-18,MYR,LKR,indicative,46.5217
2020-12-18,NGN,LKR,indicative,0.4929
2020-12-18,NOK,LKR,indicative,21.8978
2020-12-18,NPR,LKR,indicative,1.5954
2020-12-18,NZD,LKR,indicative,134.2013
2020-12-18,OMR,LKR,indicative,487.9821
2020-12-18,PGK,LKR,indicative,53.4043
2020-12-18,PHP,LKR,indicative,3.9084
2020-12-18,PKR,LKR,indicative,1.1715
2020-12-18,PLN,LKR,indicative,51.89
2020-12-18,QAR,LKR,indicative,51.6007
2020-12-18,RON,LKR,indicative,47.2935
2020-12-18,RUB,LKR,indicative,2.5699
2020-12-18,SAR,LKR,indicative,50.0935
2020-12-18,SBD,LKR,indicative,23.156
2020-12-18,SCR,LKR,indicative,8.8601
2020-12-18,SEK,LKR,indicative,22.6603
2020-12-18,SGD,LKR,indicative,141.6184
2020-12-18,THB,LKR,indicative,6.2962
2020-12-18,TWD,LKR,indicative,6.6728
2020-12-18,USD,LKR,indicative,187.878
2020-12-18,VND,LKR,indicative,0.0081
2020-12-18,XAU,LKR,indicative,353176.4086
2020-12-18,ZAR,LKR,indicative,12.7949
2020-12-18,ZMW,LKR,indicative,8.8894
2020-12-21,AED,LKR,indicative,51.1441
2020-12-21,AUD,LKR,indicative,142.2476
2020-12-21,BDT,LKR,indicative,2.2155
2020-12-21,BHD,LKR,indicative,498.2297
2020-12-21,BND,LKR,indicative,141.0625
2020-12-21,BRL,LKR,indicative,36.8158
2020-12-21,CAD,LKR,indicative,146.2685
2020-12-21,CHF,LKR,indicative,212.0436
2020-12-21,CNH,LKR,indicative,28.7388
2020-12-21,CNY,LKR,indicative,28.6783
2020-12-21,CZK,LKR,indicative,8.7578
2020-12-21,DKK,LKR,indicative,30.7962
2020-12-21,EGP,LKR,indicative,12.0269
2020-12-21,EUR,LKR,indicative,229.1422
2020-12-21,GBP,LKR,indicative,250.7837
2020-12-21,GHS,LKR,indicative,32.058
2020-12-21,HKD,LKR,indicative,24.2314
2020-12-21,HUF,LKR,indicative,0.6403
2020-12-21,IDR,LKR,indicative,0.0133
2020-12-21,INR,LKR,indicative,2.5533
2020-12-21,IRR,LKR,indicative,0.0045
2020-12-21,JOD,LKR,indicative,265.264
2020-12-21,JPY,LKR,indicative,1.8173
2020-12-21,KES,LKR,indicative,1.6864
2020-12-21,KRW,LKR,indicative,0.1706
2020-12-21,KWD,LKR,indicative,618.7747
2020-12-21,MMK,LKR,indicative,0.1394
2020-12-21,MOP,LKR,indicative,23.5089
2020-12-21,MUR,LKR,indicative,4.7741
2020-12-21,MVR,LKR,indicative,12.1514
2020-12-21,MYR,LKR,indicative,46.4425
2020-12-21,NGN,LKR,indicative,0.4928
2020-12-21,NOK,LKR,indicative,21.6838
2020-12-21,NPR,LKR,indicative,1.5962
2020-12-21,NZD,LKR,indicative,133.2115
2020-12-21,OMR,LKR,indicative,487.9354
2020-12-21,PGK,LKR,indicative,53.5401
2020-12-21,PHP,LKR,indicative,3.9091
2020-12-21,PKR,LKR,indicative,1.1734
2020-12-21,PLN,LKR,indicative,51.1177
2020-12-21,QAR,LKR,indicative,51.5851
2020-12-21,RON,LKR,indicative,47.1743
2020-12-21,RUB,LKR,indicative,2.5363
2020-12-21,SAR,LKR,indicative,50.0887
2020-12-21,SBD,LKR,indicative,23.6704
2020-12-21,SCR,LKR,indicative,8.8592
2020-12-21,SEK,LKR,indicative,22.6171
2020-12-21,SGD,LKR,indicative,141.0625
2020-12-21,THB,LKR,indicative,6.2599
2020-12-21,TWD,LKR,indicative,6.6629
2020-12-21,USD,LKR,indicative,187.86
2020-12-21,VND,LKR,indicative,0.0081
2020-12-21,XAU,LKR,indicative,356078.2977
2020-12-21,ZAR,LKR,indicative,12.7475
2020-12-21,ZMW,LKR,indicative,8.8854
2020-12-22,AED,LKR,indicative,51.1006
2020-12-22,AUD,LKR,indicative,142.1077
2020-12-22,BDT,LKR,indicative,2.2098
2020-12-22,BHD,LKR,indicative,497.0869
2020-12-22,BND,LKR,indicative,140.7944
2020-12-22,BRL,LKR,indicative,35.8953
2020-12-22,CAD,LKR,indicative,146.0359
2020-12-22,CHF,LKR,indicative,211.8271
2020-12-22,CNH,LKR,indicative,28.7249
2020-12-22,CNY,LKR,indicative,28.6812
2020-12-22,CZK,LKR,indicative,8.7747
2020-12-22,DKK,LKR,indicative,30.8689
2020-12-22,EGP,LKR,indicative,11.6007
2020-12-22,EUR,LKR,indicative,229.6134
2020-12-22,GBP,LKR,indicative,251.8465
2020-12-22,GHS,LKR,indicative,32.418
2020-12-22,HKD,LKR,indicative,24.2089
2020-12-22,HUF,LKR,indicative,0.6367
2020-12-22,IDR,LKR,indicative,0.0134
2020-12-22,INR,LKR,indicative,2.4616
2020-12-22,IRR,LKR,indicative,0.0045
2020-12-22,JOD,LKR,indicative,264.7391
2020-12-22,JPY,LKR,indicative,1.8155
2020-12-22,KES,LKR,indicative,1.7658
2020-12-22,KRW,LKR,indicative,0.1696
2020-12-22,KWD,LKR,indicative,610.2279
2020-12-22,MMK,LKR,indicative,0.1343
2020-12-22,MOP,LKR,indicative,23.4977
2020-12-22,MUR,LKR,indicative,4.722
2020-12-22,MVR,LKR,indicative,12.141
2020-12-22,MYR,LKR,indicative,43.8705
2020-12-22,NGN,LKR,indicative,0.5207
2020-12-22,NOK,LKR,indicative,21.7233
2020-12-22,NPR,LKR,indicative,1.5404
2020-12-22,NZD,LKR,indicative,132.8353
2020-12-22,OMR,LKR,indicative,487.5325
2020-12-22,PGK,LKR,indicative,53.5414
2020-12-22,PHP,LKR,indicative,3.7505
2020-12-22,PKR,LKR,indicative,1.1331
2020-12-22,PLN,LKR,indicative,51.088
2020-12-22,QAR,LKR,indicative,51.5412
2020-12-22,RON,LKR,indicative,47.2082
2020-12-22,RUB,LKR,indicative,2.5075
2020-12-22,SAR,LKR,indicative,50.036
2020-12-22,SBD,LKR,indicative,22.8525
2020-12-22,SCR,LKR,indicative,10.6708
2020-12-22,SEK,LKR,indicative,22.7419
2020-12-22,SGD,LKR,indicative,140.7944
2020-12-22,THB,LKR,indicative,6.238
2020-12-22,TWD,LKR,indicative,6.6662
2020-12-22,USD,LKR,indicative,187.7
2020-12-22,VND,LKR,indicative,0.0081
2020-12-22,XAU,LKR,indicative,353068.3925
2020-12-22,ZAR,LKR,indicative,12.8302
2020-12-22,ZMW,LKR,indicative,10.299
2020-12-23,AED,LKR,indicative,51.5318
2020-12-23,AUD,LKR,indicative,142.7108
2020-12-23,BDT,LKR,indicative,2.2341
2020-12-23,BHD,LKR,indicative,502.0069
2020-12-23,BND,LKR,indicative,141.648
2020-12-23,BRL,LKR,indicative,36.6833
2020-12-23,CAD,LKR,indicative,146.7319
2020-12-23,CHF,LKR,indicative,213.0739
2020-12-23,CNH,LKR,indicative,28.9302
2020-12-23,CNY,LKR,indicative,28.8794
2020-12-23,CZK,LKR,indicative,8.747
2020-12-23,DKK,LKR,indicative,30.9698
2020-12-23,EGP,LKR,indicative,12.0794
2020-12-23,EUR,LKR,indicative,230.3778
2020-12-23,GBP,LKR,indicative,253.4515
2020-12-23,GHS,LKR,indicative,32.0821
2020-12-23,HKD,LKR,indicative,24.4164
2020-12-23,HUF,LKR,indicative,0.636
2020-12-23,IDR,LKR,indicative,0.0133
2020-12-23,INR,LKR,indicative,2.563
2020-12-23,IRR,LKR,indicative,0.0045
2020-12-23,JOD,LKR,indicative,266.9735
2020-12-23,JPY,LKR,indicative,1.8279
2020-12-23,KES,LKR,indicative,1.7318
2020-12-23,KRW,LKR,indicative,0.1707
2020-12-23,KWD,LKR,indicative,621.0112
2020-12-23,MMK,LKR,indicative,0.1423
2020-12-23,MOP,LKR,indicative,23.6872
2020-12-23,MUR,LKR,indicative,4.7981
2020-12-23,MVR,LKR,indicative,12.2435
2020-12-23,MYR,LKR,indicative,46.5644
2020-12-23,NGN,LKR,indicative,0.4965
2020-12-23,NOK,LKR,indicative,21.6312
2020-12-23,NPR,LKR,indicative,1.6021
2020-12-23,NZD,LKR,indicative,133.275
2020-12-23,OMR,LKR,indicative,491.6345
2020-12-23,PGK,LKR,indicative,53.946
2020-12-23,PHP,LKR,indicative,3.9381
2020-12-23,PKR,LKR,indicative,1.1783
2020-12-23,PLN,LKR,indicative,51.1185
2020-12-23,QAR,LKR,indicative,51.9869
2020-12-23,RON,LKR,indicative,47.3205
2020-12-23,RUB,LKR,indicative,2.4923
2020-12-23,SAR,LKR,indicative,50.4516
2020-12-23,SBD,LKR,indicative,23.5375
2020-12-23,SCR,LKR,indicative,8.9264
2020-12-23,SEK,LKR,indicative,22.7048
2020-12-23,SGD,LKR,indicative,141.648
2020-12-23,THB,LKR,indicative,6.2656
2020-12-23,TWD,LKR,indicative,6.7184
2020-12-23,USD,LKR,indicative,189.2842
2020-12-23,VND,LKR,indicative,0.0082
2020-12-23,XAU,LKR,indicative,352739.6245
2020-12-23,ZAR,LKR,indicative,12.881
2020-12-23,ZMW,LKR,indicative,8.9517
2020-12-24,AED,LKR,indicative,51.7863
2020-12-24,AUD,LKR,indicative,144.4141
2020-12-24,BDT,LKR,indicative,2.2438
2020-12-24,BHD,LKR,indicative,504.4856
2020-12-24,BND,LKR,indicative,142.941
2020-12-24,BRL,LKR,indicative,36.4627
2020-12-24,CAD,LKR,indicative,148.2378
2020-12-24,CHF,LKR,indicative,214.3794
2020-12-24,CNH,LKR,indicative,29.159
2020-12-24,CNY,LKR,indicative,29.1108
2020-12-24,CZK,LKR,indicative,8.831
2020-12-24,DKK,LKR,indicative,31.23
2020-12-24,EGP,LKR,indicative,12.1158
2020-12-24,EUR,LKR,indicative,232.3142
2020-12-24,GBP,LKR,indicative,257.8701
2020-12-24,GHS,LKR,indicative,32.3227
2020-12-24,HKD,LKR,indicative,24.536
2020-12-24,HUF,LKR,indicative,0.6415
2020-12-24,IDR,LKR,indicative,0.0134
2020-12-24,INR,LKR,indicative,2.5761
2020-12-24,IRR,LKR,indicative,0.0045
2020-12-24,JOD,LKR,indicative,268.2917
2020-12-24,JPY,LKR,indicative,1.837
2020-12-24,KES,LKR,indicative,1.7483
2020-12-24,KRW,LKR,indicative,0.1725
2020-12-24,KWD,LKR,indicative,622.8513
2020-12-24,MMK,LKR,indicative,0.1425
2020-12-24,MOP,LKR,indicative,23.8041
2020-12-24,MUR,LKR,indicative,4.8157
2020-12-24,MVR,LKR,indicative,12.3039
2020-12-24,MYR,LKR,indicative,46.875
2020-12-24,NGN,LKR,indicative,0.499
2020-12-24,NOK,LKR,indicative,22.0887
2020-12-24,NPR,LKR,indicative,1.6116
2020-12-24,NZD,LKR,indicative,135.1409
2020-12-24,OMR,LKR,indicative,494.062
2020-12-24,PGK,LKR,indicative,54.2124
2020-12-24,PHP,LKR,indicative,3.9588
2020-12-24,PKR,LKR,indicative,1.1841
2020-12-24,PLN,LKR,indicative,51.6009
2020-12-24,QAR,LKR,indicative,52.2328
2020-12-24,RON,LKR,indicative,47.6918
2020-12-24,RUB,LKR,indicative,2.5325
2020-12-24,SAR,LKR,indicative,50.7176
2020-12-24,SBD,LKR,indicative,23.6537
2020-12-24,SCR,LKR,indicative,8.9705
2020-12-24,SEK,LKR,indicative,22.998
2020-12-24,SGD,LKR,indicative,142.941
2020-12-24,THB,LKR,indicative,6.2924
2020-12-24,TWD,LKR,indicative,6.7624
2020-12-24,USD,LKR,indicative,190.2188
2020-12-24,VND,LKR,indicative,0.0082
2020-12-24,XAU,LKR,indicative,357381.1793
2020-12-24,ZAR,LKR,indicative,13.0436
2020-12-24,ZMW,LKR,indicative,8.9938
2020-12-28,AED,LKR,indicative,51.8042
2020-12-28,AUD,LKR,indicative,144.8351
2020-12-28,BDT,LKR,indicative,2.2441
2020-12-28,BHD,LKR,indicative,504.6801
2020-12-28,BND,LKR,indicative,143.3568
2020-12-28,BRL,LKR,indicative,36.4757
2020-12-28,CAD,LKR,indicative,148.1852
2020-12-28,CHF,LKR,indicative,213.851
2020-12-28,CNH,LKR,indicative,29.2033
2020-12-28,CNY,LKR,indicative,29.1365
2020-12-28,CZK,LKR,indicative,8.8694
2020-12-28,DKK,LKR,indicative,31.2341
2020-12-28,EGP,LKR,indicative,12.0931
2020-12-28,EUR,LKR,indicative,232.3375
2020-12-28,GBP,LKR,indicative,257.9117
2020-12-28,GHS,LKR,indicative,32.4372
2020-12-28,HKD,LKR,indicative,24.5441
2020-12-28,HUF,LKR,indicative,0.6402
2020-12-28,IDR,LKR,indicative,0.0134
2020-12-28,INR,LKR,indicative,2.5869
2020-12-28,IRR,LKR,indicative,0.0045
2020-12-28,JOD,LKR,indicative,268.4981
2020-12-28,JPY,LKR,indicative,1.8373
2020-12-28,KES,LKR,indicative,1.7505
2020-12-28,KRW,LKR,indicative,0.1737
2020-12-28,KWD,LKR,indicative,623.128
2020-12-28,MMK,LKR,indicative,0.142
2020-12-28,MOP,LKR,indicative,23.8124
2020-12-28,MUR,LKR,indicative,4.8137
2020-12-28,MVR,LKR,indicative,12.3082
2020-12-28,MYR,LKR,indicative,46.897
2020-12-28,NGN,LKR,indicative,0.4992
2020-12-28,NOK,LKR,indicative,22.0884
2020-12-28,NPR,LKR,indicative,1.617
2020-12-28,NZD,LKR,indicative,135.6063
2020-12-28,OMR,LKR,indicative,494.265
2020-12-28,PGK,LKR,indicative,54.2311
2020-12-28,PHP,LKR,indicative,3.9618
2020-12-28,PKR,LKR,indicative,1.1868
2020-12-28,PLN,LKR,indicative,51.5488
2020-12-28,QAR,LKR,indicative,52.2523
2020-12-28,RON,LKR,indicative,47.6164
2020-12-28,RUB,LKR,indicative,2.5629
2020-12-28,SAR,LKR,indicative,50.702
2020-12-28,SBD,LKR,indicative,23.6619
2020-12-28,SCR,LKR,indicative,8.9736
2020-12-28,SEK,LKR,indicative,23.0553
2020-12-28,SGD,LKR,indicative,143.3568
2020-12-28,THB,LKR,indicative,6.3238
2020-12-28,TWD,LKR,indicative,6.769
2020-12-28,USD,LKR,indicative,190.2846
2020-12-28,VND,LKR,indicative,0.0082
2020-12-28,XAU,LKR,indicative,361072.6209
2020-12-28,ZAR,LKR,indicative,13.0406
2020-12-28,ZMW,LKR,indicative,8.9948
2020-12-30,AED,LKR,indicative,51.1732
2020-12-30,AUD,LKR,indicative,143.5408
2020-12-30,BDT,LKR,indicative,2.2188
2020-12-30,BHD,LKR,indicative,498.5127
2020-12-30,BND,LKR,indicative,141.851
2020-12-30,BRL,LKR,indicative,36.076
2020-12-30,CAD,LKR,indicative,146.8834
2020-12-30,CHF,LKR,indicative,212.9452
2020-12-30,CNH,LKR,indicative,28.8647
2020-12-30,CNY,LKR,indicative,28.8045
2020-12-30,CZK,LKR,indicative,8.8175
2020-12-30,DKK,LKR,indicative,31.0437
2020-12-30,EGP,LKR,indicative,11.9496
2020-12-30,EUR,LKR,indicative,230.9453
2020-12-30,GBP,LKR,indicative,254.3377
2020-12-30,GHS,LKR,indicative,31.9943
2020-12-30,HKD,LKR,indicative,24.245
2020-12-30,HUF,LKR,indicative,0.6332
2020-12-30,IDR,LKR,indicative,0.0133
2020-12-30,INR,LKR,indicative,2.5623
2020-12-30,IRR,LKR,indicative,0.0045
2020-12-30,JOD,LKR,indicative,265.1152
2020-12-30,JPY,LKR,indicative,1.8186
2020-12-30,KES,LKR,indicative,1.7237
2020-12-30,KRW,LKR,indicative,0.1728
2020-12-30,KWD,LKR,indicative,615.4771
2020-12-30,MMK,LKR,indicative,0.1413
2020-12-30,MOP,LKR,indicative,23.5223
2020-12-30,MUR,LKR,indicative,4.7647
2020-12-30,MVR,LKR,indicative,12.1583
2020-12-30,MYR,LKR,indicative,46.5322
2020-12-30,NGN,LKR,indicative,0.4931
2020-12-30,NOK,LKR,indicative,21.9088
2020-12-30,NPR,LKR,indicative,1.5999
2020-12-30,NZD,LKR,indicative,134.8285
2020-12-30,OMR,LKR,indicative,488.2125
2020-12-30,PGK,LKR,indicative,53.5705
2020-12-30,PHP,LKR,indicative,3.9135
2020-12-30,PKR,LKR,indicative,1.1711
2020-12-30,PLN,LKR,indicative,50.8933
2020-12-30,QAR,LKR,indicative,51.6144
2020-12-30,RON,LKR,indicative,47.3724
2020-12-30,RUB,LKR,indicative,2.5533
2020-12-30,SAR,LKR,indicative,50.0884
2020-12-30,SBD,LKR,indicative,23.3737
2020-12-30,SCR,LKR,indicative,8.8643
2020-12-30,SEK,LKR,indicative,22.9844
2020-12-30,SGD,LKR,indicative,141.851
2020-12-30,THB,LKR,indicative,6.2624
2020-12-30,TWD,LKR,indicative,6.6866
2020-12-30,USD,LKR,indicative,187.9667
2020-12-30,VND,LKR,indicative,0.0081
2020-12-30,XAU,LKR,indicative,353921.5596
2020-12-30,ZAR,LKR,indicative,12.7935
2020-12-30,ZMW,LKR,indicative,8.8821
2020-12-31,AED,LKR,indicative,50.7489
2020-12-31,AUD,LKR,indicative,143.6648
2020-12-31,BDT,LKR,indicative,2.2021
2020-12-31,BHD,LKR,indicative,494.3793
2020-12-31,BND,LKR,indicative,141.0634
2020-12-31,BRL,LKR,indicative,35.8895
2020-12-31,CAD,LKR,indicative,146.3517
2020-12-31,CHF,LKR,indicative,211.6231
2020-12-31,CNH,LKR,indicative,28.6888
2020-12-31,CNY,LKR,indicative,28.5858
2020-12-31,CZK,LKR,indicative,8.7497
2020-12-31,DKK,LKR,indicative,30.8309
2020-12-31,EGP,LKR,indicative,11.8505
2020-12-31,EUR,LKR,indicative,229.4219
2020-12-31,GBP,LKR,indicative,254.354
2020-12-31,GHS,LKR,indicative,31.7021
2020-12-31,HKD,LKR,indicative,24.0458
2020-12-31,HUF,LKR,indicative,0.6284
2020-12-31,IDR,LKR,indicative,0.0133
2020-12-31,INR,LKR,indicative,2.5467
2020-12-31,IRR,LKR,indicative,0.0044
2020-12-31,JOD,LKR,indicative,262.9171
2020-12-31,JPY,LKR,indicative,1.8081
2020-12-31,KES,LKR,indicative,1.7063
2020-12-31,KRW,LKR,indicative,0.1719
2020-12-31,KWD,LKR,indicative,612.8825
2020-12-31,MMK,LKR,indicative,0.1404
2020-12-31,MOP,LKR,indicative,23.3273
2020-12-31,MUR,LKR,indicative,4.7192
2020-12-31,MVR,LKR,indicative,12.0575
2020-12-31,MYR,LKR,indicative,46.3241
2020-12-31,NGN,LKR,indicative,0.489
2020-12-31,NOK,LKR,indicative,21.8632
2020-12-31,NPR,LKR,indicative,1.5892
2020-12-31,NZD,LKR,indicative,134.6799
2020-12-31,OMR,LKR,indicative,484.1646
2020-12-31,PGK,LKR,indicative,53.1263
2020-12-31,PHP,LKR,indicative,3.8819
2020-12-31,PKR,LKR,indicative,1.1614
2020-12-31,PLN,LKR,indicative,50.1515
2020-12-31,QAR,LKR,indicative,51.197
2020-12-31,RON,LKR,indicative,47.1275
2020-12-31,RUB,LKR,indicative,2.5064
2020-12-31,SAR,LKR,indicative,49.7016
2020-12-31,SBD,LKR,indicative,23.4502
2020-12-31,SCR,LKR,indicative,8.7908
2020-12-31,SEK,LKR,indicative,22.7487
2020-12-31,SGD,LKR,indicative,141.0634
2020-12-31,THB,LKR,indicative,6.2344
2020-12-31,TWD,LKR,indicative,6.6314
2020-12-31,USD,LKR,indicative,186.4082
2020-12-31,VND,LKR,indicative,0.0081
2020-12-31,XAU,LKR,indicative,353596.7825
2020-12-31,ZAR,LKR,indicative,12.7436
2020-12-31,ZMW,LKR,indicative,8.8074
