date,base,quote,type,value
2024-01-02,AUD,ILS,reference,2.4634
2024-01-02,CAD,ILS,reference,2.73
2024-01-02,CHF,ILS,reference,4.263
2024-01-02,DKK,ILS,reference,0.5335
2024-01-02,EGP,ILS,reference,0.1169
2024-01-02,EUR,ILS,reference,3.9773
2024-01-02,GBP,ILS,reference,4.5849
2024-01-02,JOD,ILS,reference,5.1006
2024-01-02,JPY,ILS,reference,0.025536
2024-01-02,LBP,ILS,reference,0.00023999999999999998
2024-01-02,NOK,ILS,reference,0.3543
2024-01-02,SEK,ILS,reference,0.3582
2024-01-02,USD,ILS,reference,3.618
2024-01-02,ZAR,ILS,reference,0.197
2024-01-03,AUD,ILS,reference,2.4543
2024-01-03,CAD,ILS,reference,2.7344
2024-01-03,CHF,ILS,reference,4.2695
2024-01-03,DKK,ILS,reference,0.5341
2024-01-03,EGP,ILS,reference,0.118
2024-01-03,EUR,ILS,reference,3.9833
2024-01-03,GBP,ILS,reference,4.6048
2024-01-03,JOD,ILS,reference,5.1415
2024-01-03,JPY,ILS,reference,0.025518
2024-01-03,LBP,ILS,reference,0.00023999999999999998
2024-01-03,NOK,ILS,reference,0.3519
2024-01-03,SEK,ILS,reference,0.356
2024-01-03,USD,ILS,reference,3.647
2024-01-03,ZAR,ILS,reference,0.1939
2024-01-04,AUD,ILS,reference,2.4583
2024-01-04,CAD,ILS,reference,2.7384
2024-01-04,CHF,ILS,reference,4.2907
2024-01-04,DKK,ILS,reference,0.5357
2024-01-04,EGP,ILS,reference,0.1181
2024-01-04,EUR,ILS,reference,3.9961
2024-01-04,GBP,ILS,reference,4.6353
2024-01-04,JOD,ILS,reference,5.14
2024-01-04,JPY,ILS,reference,0.025297
2024-01-04,LBP,ILS,reference,0.00023999999999999998
2024-01-04,NOK,ILS,reference,0.3543
2024-01-04,SEK,ILS,reference,0.3568
2024-01-04,USD,ILS,reference,3.648
2024-01-04,ZAR,ILS,reference,0.1956
2024-01-05,AUD,ILS,reference,2.4482
2024-01-05,CAD,ILS,reference,2.7359
2024-01-05,CHF,ILS,reference,4.2917
2024-01-05,DKK,ILS,reference,0.5352
2024-01-05,EGP,ILS,reference,0.1187
2024-01-05,EUR,ILS,reference,3.9917
2024-01-05,GBP,ILS,reference,4.6362
2024-01-05,JOD,ILS,reference,5.1532
2024-01-05,JPY,ILS,reference,0.025223
2024-01-05,LBP,ILS,reference,0.00023999999999999998
2024-01-05,NOK,ILS,reference,0.3544
2024-01-05,SEK,ILS,reference,0.3565
2024-01-05,USD,ILS,reference,3.656
2024-01-05,ZAR,ILS,reference,0.1949
2024-01-08,AUD,ILS,reference,2.487
2024-01-08,CAD,ILS,reference,2.7774
2024-01-08,CHF,ILS,reference,4.3684
2024-01-08,DKK,ILS,reference,0.5454
2024-01-08,EGP,ILS,reference,0.1203
2024-01-08,EUR,ILS,reference,4.0681
2024-01-08,GBP,ILS,reference,4.7238
2024-01-08,JOD,ILS,reference,5.2403
2024-01-08,JPY,ILS,reference,0.025731
2024-01-08,LBP,ILS,reference,0.00025
2024-01-08,NOK,ILS,reference,0.358
2024-01-08,SEK,ILS,reference,0.3615
2024-01-08,USD,ILS,reference,3.718
2024-01-08,ZAR,ILS,reference,0.1987
2024-01-09,AUD,ILS,reference,2.4877
2024-01-09,CAD,ILS,reference,2.7802
2024-01-09,CHF,ILS,reference,4.3672
2024-01-09,DKK,ILS,reference,0.5449
2024-01-09,EGP,ILS,reference,0.1203
2024-01-09,EUR,ILS,reference,4.0639
2024-01-09,GBP,ILS,reference,4.7267
2024-01-09,JOD,ILS,reference,5.2402
2024-01-09,JPY,ILS,reference,0.025798
2024-01-09,LBP,ILS,reference,0.00025
2024-01-09,NOK,ILS,reference,0.3589
2024-01-09,SEK,ILS,reference,0.3625
2024-01-09,USD,ILS,reference,3.717
2024-01-09,ZAR,ILS,reference,0.1987
2024-01-10,AUD,ILS,reference,2.5193
2024-01-10,CAD,ILS,reference,2.8099
2024-01-10,CHF,ILS,reference,4.4071
2024-01-10,DKK,ILS,reference,0.5514
2024-01-10,EGP,ILS,reference,0.1216
2024-01-10,EUR,ILS,reference,4.1126
2024-01-10,GBP,ILS,reference,4.7804
2024-01-10,JOD,ILS,reference,5.2943
2024-01-10,JPY,ILS,reference,0.025897999999999997
2024-01-10,LBP,ILS,reference,0.00025
2024-01-10,NOK,ILS,reference,0.3639
2024-01-10,SEK,ILS,reference,0.3671
2024-01-10,USD,ILS,reference,3.758
2024-01-10,ZAR,ILS,reference,0.2017
2024-01-11,AUD,ILS,reference,2.5067
2024-01-11,CAD,ILS,reference,2.7962
2024-01-11,CHF,ILS,reference,4.3942
2024-01-11,DKK,ILS,reference,0.55
2024-01-11,EGP,ILS,reference,0.1209
2024-01-11,EUR,ILS,reference,4.1013
2024-01-11,GBP,ILS,reference,4.768
2024-01-11,JOD,ILS,reference,5.2644
2024-01-11,JPY,ILS,reference,0.025688
2024-01-11,LBP,ILS,reference,0.00025
2024-01-11,NOK,ILS,reference,0.3625
2024-01-11,SEK,ILS,reference,0.3661
2024-01-11,USD,ILS,reference,3.735
2024-01-11,ZAR,ILS,reference,0.2009
2024-01-12,AUD,ILS,reference,2.4979
2024-01-12,CAD,ILS,reference,2.7908
2024-01-12,CHF,ILS,reference,4.3676
2024-01-12,DKK,ILS,reference,0.5482
2024-01-12,EGP,ILS,reference,0.1207
2024-01-12,EUR,ILS,reference,4.0876
2024-01-12,GBP,ILS,reference,4.7546
2024-01-12,JOD,ILS,reference,5.2554
2024-01-12,JPY,ILS,reference,0.025688
2024-01-12,LBP,ILS,reference,0.00025
2024-01-12,NOK,ILS,reference,0.3626
2024-01-12,SEK,ILS,reference,0.3631
2024-01-12,USD,ILS,reference,3.728
2024-01-12,ZAR,ILS,reference,0.2002
2024-01-15,AUD,ILS,reference,2.5007
2024-01-15,CAD,ILS,reference,2.7973
2024-01-15,CHF,ILS,reference,4.3947
2024-01-15,DKK,ILS,reference,0.5509
2024-01-15,EGP,ILS,reference,0.1214
2024-01-15,EUR,ILS,reference,4.1087
2024-01-15,GBP,ILS,reference,4.7782
2024-01-15,JOD,ILS,reference,5.2876
2024-01-15,JPY,ILS,reference,0.025741999999999998
2024-01-15,LBP,ILS,reference,0.00025
2024-01-15,NOK,ILS,reference,0.3635
2024-01-15,SEK,ILS,reference,0.3645
2024-01-15,USD,ILS,reference,3.753
2024-01-15,ZAR,ILS,reference,0.2011
2024-01-16,AUD,ILS,reference,2.4889
2024-01-16,CAD,ILS,reference,2.7958
2024-01-16,CHF,ILS,reference,4.3799
2024-01-16,DKK,ILS,reference,0.5499
2024-01-16,EGP,ILS,reference,0.1219
2024-01-16,EUR,ILS,reference,4.1014
2024-01-16,GBP,ILS,reference,4.7645
2024-01-16,JOD,ILS,reference,5.311
2024-01-16,JPY,ILS,reference,0.02568
2024-01-16,LBP,ILS,reference,0.00025
2024-01-16,NOK,ILS,reference,0.3618
2024-01-16,SEK,ILS,reference,0.3622
2024-01-16,USD,ILS,reference,3.768
2024-01-16,ZAR,ILS,reference,0.1996
2024-01-17,AUD,ILS,reference,2.4812
2024-01-17,CAD,ILS,reference,2.7978
2024-01-17,CHF,ILS,reference,4.3791
2024-01-17,DKK,ILS,reference,0.5519
2024-01-17,EGP,ILS,reference,0.1224
2024-01-17,EUR,ILS,reference,4.1157
2024-01-17,GBP,ILS,reference,4.8009
2024-01-17,JOD,ILS,reference,5.3334
2024-01-17,JPY,ILS,reference,0.025626000000000003
2024-01-17,LBP,ILS,reference,0.00025
2024-01-17,NOK,ILS,reference,0.3607
2024-01-17,SEK,ILS,reference,0.3615
2024-01-17,USD,ILS,reference,3.784
2024-01-17,ZAR,ILS,reference,0.1986
2024-01-18,AUD,ILS,reference,2.4757
2024-01-18,CAD,ILS,reference,2.7926
2024-01-18,CHF,ILS,reference,4.3542
2024-01-18,DKK,ILS,reference,0.5499
2024-01-18,EGP,ILS,reference,0.1219
2024-01-18,EUR,ILS,reference,4.1016
2024-01-18,GBP,ILS,reference,4.7788
2024-01-18,JOD,ILS,reference,5.3093
2024-01-18,JPY,ILS,reference,0.025487000000000003
2024-01-18,LBP,ILS,reference,0.00025
2024-01-18,NOK,ILS,reference,0.3587
2024-01-18,SEK,ILS,reference,0.3608
2024-01-18,USD,ILS,reference,3.766
2024-01-18,ZAR,ILS,reference,0.1995
2024-01-19,AUD,ILS,reference,2.4688
2024-01-19,CAD,ILS,reference,2.7817
2024-01-19,CHF,ILS,reference,4.3169
2024-01-19,DKK,ILS,reference,0.5469
2024-01-19,EGP,ILS,reference,0.1214
2024-01-19,EUR,ILS,reference,4.0781
2024-01-19,GBP,ILS,reference,4.7541
2024-01-19,JOD,ILS,reference,5.2881
2024-01-19,JPY,ILS,reference,0.025311
2024-01-19,LBP,ILS,reference,0.00025
2024-01-19,NOK,ILS,reference,0.3567
2024-01-19,SEK,ILS,reference,0.3576
2024-01-19,USD,ILS,reference,3.751
2024-01-19,ZAR,ILS,reference,0.1976
2024-01-22,AUD,ILS,reference,2.4856
2024-01-22,CAD,ILS,reference,2.8093
2024-01-22,CHF,ILS,reference,4.3418
2024-01-22,DKK,ILS,reference,0.5503
2024-01-22,EGP,ILS,reference,0.1219
2024-01-22,EUR,ILS,reference,4.1044
2024-01-22,GBP,ILS,reference,4.7923
2024-01-22,JOD,ILS,reference,5.3167
2024-01-22,JPY,ILS,reference,0.025489
2024-01-22,LBP,ILS,reference,0.00025
2024-01-22,NOK,ILS,reference,0.3589
2024-01-22,SEK,ILS,reference,0.3612
2024-01-22,USD,ILS,reference,3.772
2024-01-22,ZAR,ILS,reference,0.1972
2024-01-23,AUD,ILS,reference,2.4822
2024-01-23,CAD,ILS,reference,2.7978
2024-01-23,CHF,ILS,reference,4.3365
2024-01-23,DKK,ILS,reference,0.5492
2024-01-23,EGP,ILS,reference,0.122
2024-01-23,EUR,ILS,reference,4.096
2024-01-23,GBP,ILS,reference,4.7898
2024-01-23,JOD,ILS,reference,5.3152
2024-01-23,JPY,ILS,reference,0.025452
2024-01-23,LBP,ILS,reference,0.00025
2024-01-23,NOK,ILS,reference,0.3585
2024-01-23,SEK,ILS,reference,0.3609
2024-01-23,USD,ILS,reference,3.771
2024-01-23,ZAR,ILS,reference,0.1978
2024-01-24,AUD,ILS,reference,2.4544
2024-01-24,CAD,ILS,reference,2.7653
2024-01-24,CHF,ILS,reference,4.2985
2024-01-24,DKK,ILS,reference,0.5434
2024-01-24,EGP,ILS,reference,0.1204
2024-01-24,EUR,ILS,reference,4.0521
2024-01-24,GBP,ILS,reference,4.7388
2024-01-24,JOD,ILS,reference,5.2437
2024-01-24,JPY,ILS,reference,0.025212
2024-01-24,LBP,ILS,reference,0.00025
2024-01-24,NOK,ILS,reference,0.3549
2024-01-24,SEK,ILS,reference,0.3563
2024-01-24,USD,ILS,reference,3.72
2024-01-24,ZAR,ILS,reference,0.1973
2024-01-25,AUD,ILS,reference,2.4387
2024-01-25,CAD,ILS,reference,2.74
2024-01-25,CHF,ILS,reference,4.2805
2024-01-25,DKK,ILS,reference,0.5408
2024-01-25,EGP,ILS,reference,0.1198
2024-01-25,EUR,ILS,reference,4.0324
2024-01-25,GBP,ILS,reference,4.7142
2024-01-25,JOD,ILS,reference,5.2182
2024-01-25,JPY,ILS,reference,0.025074
2024-01-25,LBP,ILS,reference,0.00025
2024-01-25,NOK,ILS,reference,0.354
2024-01-25,SEK,ILS,reference,0.3553
2024-01-25,USD,ILS,reference,3.702
2024-01-25,ZAR,ILS,reference,0.1959
2024-01-26,AUD,ILS,reference,2.4439
2024-01-26,CAD,ILS,reference,2.7553
2024-01-26,CHF,ILS,reference,4.2879
2024-01-26,DKK,ILS,reference,0.5394
2024-01-26,EGP,ILS,reference,0.12
2024-01-26,EUR,ILS,reference,4.0213
2024-01-26,GBP,ILS,reference,4.7153
2024-01-26,JOD,ILS,reference,5.226
2024-01-26,JPY,ILS,reference,0.025081000000000003
2024-01-26,LBP,ILS,reference,0.00025
2024-01-26,NOK,ILS,reference,0.3549
2024-01-26,SEK,ILS,reference,0.3553
2024-01-26,USD,ILS,reference,3.707
2024-01-26,ZAR,ILS,reference,0.1971
2024-01-29,AUD,ILS,reference,2.4335
2024-01-29,CAD,ILS,reference,2.7455
2024-01-29,CHF,ILS,reference,4.2718
2024-01-29,DKK,ILS,reference,0.5355
2024-01-29,EGP,ILS,reference,0.1193
2024-01-29,EUR,ILS,reference,3.9919
2024-01-29,GBP,ILS,reference,4.6831
2024-01-29,JOD,ILS,reference,5.1968
2024-01-29,JPY,ILS,reference,0.024929
2024-01-29,LBP,ILS,reference,0.00025
2024-01-29,NOK,ILS,reference,0.3536
2024-01-29,SEK,ILS,reference,0.3519
2024-01-29,USD,ILS,reference,3.687
2024-01-29,ZAR,ILS,reference,0.1965
2024-01-30,AUD,ILS,reference,2.4095
2024-01-30,CAD,ILS,reference,2.7234
2024-01-30,CHF,ILS,reference,4.2305
2024-01-30,DKK,ILS,reference,0.5311
2024-01-30,EGP,ILS,reference,0.118
2024-01-30,EUR,ILS,reference,3.9593
2024-01-30,GBP,ILS,reference,4.6301
2024-01-30,JOD,ILS,reference,5.1477
2024-01-30,JPY,ILS,reference,0.024789
2024-01-30,LBP,ILS,reference,0.00023999999999999998
2024-01-30,NOK,ILS,reference,0.3499
2024-01-30,SEK,ILS,reference,0.3507
2024-01-30,USD,ILS,reference,3.652
2024-01-30,ZAR,ILS,reference,0.1934
2024-01-31,AUD,ILS,reference,2.3916
2024-01-31,CAD,ILS,reference,2.7078
2024-01-31,CHF,ILS,reference,4.2089
2024-01-31,DKK,ILS,reference,0.5284
2024-01-31,EGP,ILS,reference,0.1176
2024-01-31,EUR,ILS,reference,3.9398
2024-01-31,GBP,ILS,reference,4.6094
2024-01-31,JOD,ILS,reference,5.1251
2024-01-31,JPY,ILS,reference,0.024601
2024-01-31,LBP,ILS,reference,0.00023999999999999998
2024-01-31,NOK,ILS,reference,0.3475
2024-01-31,SEK,ILS,reference,0.3494
2024-01-31,USD,ILS,reference,3.635
2024-01-31,ZAR,ILS,reference,0.1941
2024-02-01,AUD,ILS,reference,2.382
2024-02-01,CAD,ILS,reference,2.7168
2024-02-01,CHF,ILS,reference,4.2357
2024-02-01,DKK,ILS,reference,0.5299
2024-02-01,EGP,ILS,reference,0.1182
2024-02-01,EUR,ILS,reference,3.9499
2024-02-01,GBP,ILS,reference,4.6247
2024-02-01,JOD,ILS,reference,5.1506
2024-02-01,JPY,ILS,reference,0.024876999999999996
2024-02-01,LBP,ILS,reference,0.00023999999999999998
2024-02-01,NOK,ILS,reference,0.3478
2024-02-01,SEK,ILS,reference,0.3492
2024-02-01,USD,ILS,reference,3.653
2024-02-01,ZAR,ILS,reference,0.1949
2024-02-02,AUD,ILS,reference,2.4051
2024-02-02,CAD,ILS,reference,2.7252
2024-02-02,CHF,ILS,reference,4.2546
2024-02-02,DKK,ILS,reference,0.5323
2024-02-02,EGP,ILS,reference,0.1179
2024-02-02,EUR,ILS,reference,3.9675
2024-02-02,GBP,ILS,reference,4.6474
2024-02-02,JOD,ILS,reference,5.1369
2024-02-02,JPY,ILS,reference,0.024835
2024-02-02,LBP,ILS,reference,0.00023999999999999998
2024-02-02,NOK,ILS,reference,0.3486
2024-02-02,SEK,ILS,reference,0.3515
2024-02-02,USD,ILS,reference,3.644
2024-02-02,ZAR,ILS,reference,0.1954
2024-02-05,AUD,ILS,reference,2.3849
2024-02-05,CAD,ILS,reference,2.7221
2024-02-05,CHF,ILS,reference,4.2249
2024-02-05,DKK,ILS,reference,0.5297
2024-02-05,EGP,ILS,reference,0.1189
2024-02-05,EUR,ILS,reference,3.9493
2024-02-05,GBP,ILS,reference,4.6144
2024-02-05,JOD,ILS,reference,5.1809
2024-02-05,JPY,ILS,reference,0.024725
2024-02-05,LBP,ILS,reference,0.00023999999999999998
2024-02-05,NOK,ILS,reference,0.3445
2024-02-05,SEK,ILS,reference,0.3472
2024-02-05,USD,ILS,reference,3.675
2024-02-05,ZAR,ILS,reference,0.1934
2024-02-06,AUD,ILS,reference,2.3669
2024-02-06,CAD,ILS,reference,2.6928
2024-02-06,CHF,ILS,reference,4.1759
2024-02-06,DKK,ILS,reference,0.5244
2024-02-06,EGP,ILS,reference,0.118
2024-02-06,EUR,ILS,reference,3.9126
2024-02-06,GBP,ILS,reference,4.5734
2024-02-06,JOD,ILS,reference,5.1392
2024-02-06,JPY,ILS,reference,0.024508000000000002
2024-02-06,LBP,ILS,reference,0.00023999999999999998
2024-02-06,NOK,ILS,reference,0.3409
2024-02-06,SEK,ILS,reference,0.3434
2024-02-06,USD,ILS,reference,3.645
2024-02-06,ZAR,ILS,reference,0.1922
2024-02-07,AUD,ILS,reference,2.3793
2024-02-07,CAD,ILS,reference,2.7055
2024-02-07,CHF,ILS,reference,4.1791
2024-02-07,DKK,ILS,reference,0.5263
2024-02-07,EGP,ILS,reference,0.118
2024-02-07,EUR,ILS,reference,3.9269
2024-02-07,GBP,ILS,reference,4.6053
2024-02-07,JOD,ILS,reference,5.1431
2024-02-07,JPY,ILS,reference,0.024634
2024-02-07,LBP,ILS,reference,0.00023999999999999998
2024-02-07,NOK,ILS,reference,0.3439
2024-02-07,SEK,ILS,reference,0.3478
2024-02-07,USD,ILS,reference,3.648
2024-02-07,ZAR,ILS,reference,0.1929
2024-02-08,AUD,ILS,reference,2.3831
2024-02-08,CAD,ILS,reference,2.7208
2024-02-08,CHF,ILS,reference,4.1956
2024-02-08,DKK,ILS,reference,0.5296
2024-02-08,EGP,ILS,reference,0.1187
2024-02-08,EUR,ILS,reference,3.9487
2024-02-08,GBP,ILS,reference,4.6242
2024-02-08,JOD,ILS,reference,5.1712
2024-02-08,JPY,ILS,reference,0.024589
2024-02-08,LBP,ILS,reference,0.00023999999999999998
2024-02-08,NOK,ILS,reference,0.3454
2024-02-08,SEK,ILS,reference,0.3499
2024-02-08,USD,ILS,reference,3.667
2024-02-08,ZAR,ILS,reference,0.1933
2024-02-09,AUD,ILS,reference,2.3979
2024-02-09,CAD,ILS,reference,2.7373
2024-02-09,CHF,ILS,reference,4.2073
2024-02-09,DKK,ILS,reference,0.5323
2024-02-09,EGP,ILS,reference,0.1192
2024-02-09,EUR,ILS,reference,3.9676
2024-02-09,GBP,ILS,reference,4.6469
2024-02-09,JOD,ILS,reference,5.1944
2024-02-09,JPY,ILS,reference,0.024664000000000002
2024-02-09,LBP,ILS,reference,0.00025
2024-02-09,NOK,ILS,reference,0.3479
2024-02-09,SEK,ILS,reference,0.352
2024-02-09,USD,ILS,reference,3.684
2024-02-09,ZAR,ILS,reference,0.1934
2024-02-12,AUD,ILS,reference,2.4027
2024-02-12,CAD,ILS,reference,2.7351
2024-02-12,CHF,ILS,reference,4.2082
2024-02-12,DKK,ILS,reference,0.5321
2024-02-12,EGP,ILS,reference,0.1192
2024-02-12,EUR,ILS,reference,3.9667
2024-02-12,GBP,ILS,reference,4.647
2024-02-12,JOD,ILS,reference,5.1937
2024-02-12,JPY,ILS,reference,0.024723000000000002
2024-02-12,LBP,ILS,reference,0.00025
2024-02-12,NOK,ILS,reference,0.3502
2024-02-12,SEK,ILS,reference,0.3531
2024-02-12,USD,ILS,reference,3.683
2024-02-12,ZAR,ILS,reference,0.1937
2024-02-13,AUD,ILS,reference,2.3774
2024-02-13,CAD,ILS,reference,2.7102
2024-02-13,CHF,ILS,reference,4.1428
2024-02-13,DKK,ILS,reference,0.5269
2024-02-13,EGP,ILS,reference,0.1179
2024-02-13,EUR,ILS,reference,3.9285
2024-02-13,GBP,ILS,reference,4.6186
2024-02-13,JOD,ILS,reference,5.1369
2024-02-13,JPY,ILS,reference,0.024387
2024-02-13,LBP,ILS,reference,0.00023999999999999998
2024-02-13,NOK,ILS,reference,0.3474
2024-02-13,SEK,ILS,reference,0.3496
2024-02-13,USD,ILS,reference,3.644
2024-02-13,ZAR,ILS,reference,0.1938
2024-02-14,AUD,ILS,reference,2.3712
2024-02-14,CAD,ILS,reference,2.7046
2024-02-14,CHF,ILS,reference,4.126
2024-02-14,DKK,ILS,reference,0.5257
2024-02-14,EGP,ILS,reference,0.1185
2024-02-14,EUR,ILS,reference,3.9187
2024-02-14,GBP,ILS,reference,4.5964
2024-02-14,JOD,ILS,reference,5.1643
2024-02-14,JPY,ILS,reference,0.024302
2024-02-14,LBP,ILS,reference,0.00023999999999999998
2024-02-14,NOK,ILS,reference,0.3454
2024-02-14,SEK,ILS,reference,0.3462
2024-02-14,USD,ILS,reference,3.661
2024-02-14,ZAR,ILS,reference,0.1917
2024-02-15,AUD,ILS,reference,2.3597
2024-02-15,CAD,ILS,reference,2.6798
2024-02-15,CHF,ILS,reference,4.1112
2024-02-15,DKK,ILS,reference,0.5229
2024-02-15,EGP,ILS,reference,0.1172
2024-02-15,EUR,ILS,reference,3.8986
2024-02-15,GBP,ILS,reference,4.5543
2024-02-15,JOD,ILS,reference,5.1141
2024-02-15,JPY,ILS,reference,0.024175
2024-02-15,LBP,ILS,reference,0.00023999999999999998
2024-02-15,NOK,ILS,reference,0.3431
2024-02-15,SEK,ILS,reference,0.3462
2024-02-15,USD,ILS,reference,3.627
2024-02-15,ZAR,ILS,reference,0.1908
2024-02-16,AUD,ILS,reference,2.3536
2024-02-16,CAD,ILS,reference,2.6771
2024-02-16,CHF,ILS,reference,4.0944
2024-02-16,DKK,ILS,reference,0.5212
2024-02-16,EGP,ILS,reference,0.1168
2024-02-16,EUR,ILS,reference,3.8857
2024-02-16,GBP,ILS,reference,4.5422
2024-02-16,JOD,ILS,reference,5.0891
2024-02-16,JPY,ILS,reference,0.024016000000000003
2024-02-16,LBP,ILS,reference,0.00023999999999999998
2024-02-16,NOK,ILS,reference,0.3429
2024-02-16,SEK,ILS,reference,0.3453
2024-02-16,USD,ILS,reference,3.609
2024-02-16,ZAR,ILS,reference,0.1909
2024-02-19,AUD,ILS,reference,2.3682
2024-02-19,CAD,ILS,reference,2.6882
2024-02-19,CHF,ILS,reference,4.1141
2024-02-19,DKK,ILS,reference,0.5236
2024-02-19,EGP,ILS,reference,0.1176
2024-02-19,EUR,ILS,reference,3.9034
2024-02-19,GBP,ILS,reference,4.5683
2024-02-19,JOD,ILS,reference,5.1066
2024-02-19,JPY,ILS,reference,0.02415
2024-02-19,LBP,ILS,reference,0.00004
2024-02-19,NOK,ILS,reference,0.3451
2024-02-19,SEK,ILS,reference,0.3474
2024-02-19,USD,ILS,reference,3.622
2024-02-19,ZAR,ILS,reference,0.1912
2024-02-20,AUD,ILS,reference,2.3978
2024-02-20,CAD,ILS,reference,2.7114
2024-02-20,CHF,ILS,reference,4.1444
2024-02-20,DKK,ILS,reference,0.5296
2024-02-20,EGP,ILS,reference,0.1183
2024-02-20,EUR,ILS,reference,3.9475
2024-02-20,GBP,ILS,reference,4.6037
2024-02-20,JOD,ILS,reference,5.1548
2024-02-20,JPY,ILS,reference,0.024339
2024-02-20,LBP,ILS,reference,0.00004
2024-02-20,NOK,ILS,reference,0.3489
2024-02-20,SEK,ILS,reference,0.3518
2024-02-20,USD,ILS,reference,3.656
2024-02-20,ZAR,ILS,reference,0.1926
2024-02-21,AUD,ILS,reference,2.4103
2024-02-21,CAD,ILS,reference,2.7191
2024-02-21,CHF,ILS,reference,4.1784
2024-02-21,DKK,ILS,reference,0.5329
2024-02-21,EGP,ILS,reference,0.1189
2024-02-21,EUR,ILS,reference,3.9719
2024-02-21,GBP,ILS,reference,4.6396
2024-02-21,JOD,ILS,reference,5.1871
2024-02-21,JPY,ILS,reference,0.024516
2024-02-21,LBP,ILS,reference,0.00004
2024-02-21,NOK,ILS,reference,0.3508
2024-02-21,SEK,ILS,reference,0.3545
2024-02-21,USD,ILS,reference,3.679
2024-02-21,ZAR,ILS,reference,0.1953
2024-02-22,AUD,ILS,reference,2.3967
2024-02-22,CAD,ILS,reference,2.7067
2024-02-22,CHF,ILS,reference,4.1485
2024-02-22,DKK,ILS,reference,0.5304
2024-02-22,EGP,ILS,reference,0.1179
2024-02-22,EUR,ILS,reference,3.9538
2024-02-22,GBP,ILS,reference,4.6171
2024-02-22,JOD,ILS,reference,5.1359
2024-02-22,JPY,ILS,reference,0.024239999999999998
2024-02-22,LBP,ILS,reference,0.00004
2024-02-22,NOK,ILS,reference,0.3484
2024-02-22,SEK,ILS,reference,0.3536
2024-02-22,USD,ILS,reference,3.642
2024-02-22,ZAR,ILS,reference,0.1921
2024-02-23,AUD,ILS,reference,2.3835
2024-02-23,CAD,ILS,reference,2.6939
2024-02-23,CHF,ILS,reference,4.1241
2024-02-23,DKK,ILS,reference,0.5279
2024-02-23,EGP,ILS,reference,0.1177
2024-02-23,EUR,ILS,reference,3.9347
2024-02-23,GBP,ILS,reference,4.602
2024-02-23,JOD,ILS,reference,5.1272
2024-02-23,JPY,ILS,reference,0.024118
2024-02-23,LBP,ILS,reference,0.00004
2024-02-23,NOK,ILS,reference,0.3447
2024-02-23,SEK,ILS,reference,0.3514
2024-02-23,USD,ILS,reference,3.636
2024-02-23,ZAR,ILS,reference,0.1879
2024-02-26,AUD,ILS,reference,2.3912
2024-02-26,CAD,ILS,reference,2.6992
2024-02-26,CHF,ILS,reference,4.1484
2024-02-26,DKK,ILS,reference,0.5312
2024-02-26,EGP,ILS,reference,0.1181
2024-02-26,EUR,ILS,reference,3.9597
2024-02-26,GBP,ILS,reference,4.6325
2024-02-26,JOD,ILS,reference,5.146
2024-02-26,JPY,ILS,reference,0.024227
2024-02-26,LBP,ILS,reference,0.00004
2024-02-26,NOK,ILS,reference,0.3465
2024-02-26,SEK,ILS,reference,0.3548
2024-02-26,USD,ILS,reference,3.649
2024-02-26,ZAR,ILS,reference,0.1892
2024-02-28,AUD,ILS,reference,2.3454
2024-02-28,CAD,ILS,reference,2.6554
2024-02-28,CHF,ILS,reference,4.1001
2024-02-28,DKK,ILS,reference,0.5235
2024-02-28,EGP,ILS,reference,0.1168
2024-02-28,EUR,ILS,reference,3.9023
2024-02-28,GBP,ILS,reference,4.5635
2024-02-28,JOD,ILS,reference,5.0894
2024-02-28,JPY,ILS,reference,0.023955
2024-02-28,LBP,ILS,reference,0.00004
2024-02-28,NOK,ILS,reference,0.3405
2024-02-28,SEK,ILS,reference,0.3485
2024-02-28,USD,ILS,reference,3.609
2024-02-28,ZAR,ILS,reference,0.1875
2024-02-29,AUD,ILS,reference,2.329
2024-02-29,CAD,ILS,reference,2.6384
2024-02-29,CHF,ILS,reference,4.0743
2024-02-29,DKK,ILS,reference,0.5213
2024-02-29,EGP,ILS,reference,0.116
2024-02-29,EUR,ILS,reference,3.8856
2024-02-29,GBP,ILS,reference,4.5372
2024-02-29,JOD,ILS,reference,5.0546
2024-02-29,JPY,ILS,reference,0.023895
2024-02-29,LBP,ILS,reference,0.00004
2024-02-29,NOK,ILS,reference,0.3377
2024-02-29,SEK,ILS,reference,0.3466
2024-02-29,USD,ILS,reference,3.584
2024-02-29,ZAR,ILS,reference,0.1865
2024-03-01,AUD,ILS,reference,2.3161
2024-03-01,CAD,ILS,reference,2.6237
2024-03-01,CHF,ILS,reference,4.0232
2024-03-01,DKK,ILS,reference,0.5171
2024-03-01,EGP,ILS,reference,0.1154
2024-03-01,EUR,ILS,reference,3.8549
2024-03-01,GBP,ILS,reference,4.5049
2024-03-01,JOD,ILS,reference,5.0281
2024-03-01,JPY,ILS,reference,0.023666
2024-03-01,LBP,ILS,reference,0.00004
2024-03-01,NOK,ILS,reference,0.3359
2024-03-01,SEK,ILS,reference,0.3441
2024-03-01,USD,ILS,reference,3.565
2024-03-01,ZAR,ILS,reference,0.1854
2024-03-04,AUD,ILS,reference,2.3304
2024-03-04,CAD,ILS,reference,2.6346
2024-03-04,CHF,ILS,reference,4.0382
2024-03-04,DKK,ILS,reference,0.5202
2024-03-04,EGP,ILS,reference,0.1157
2024-03-04,EUR,ILS,reference,3.8779
2024-03-04,GBP,ILS,reference,4.5315
2024-03-04,JOD,ILS,reference,5.0422
2024-03-04,JPY,ILS,reference,0.023761
2024-03-04,LBP,ILS,reference,0.00004
2024-03-04,NOK,ILS,reference,0.3393
2024-03-04,SEK,ILS,reference,0.3449
2024-03-04,USD,ILS,reference,3.575
2024-03-04,ZAR,ILS,reference,0.1879
2024-03-05,AUD,ILS,reference,2.3321
2024-03-05,CAD,ILS,reference,2.6435
2024-03-05,CHF,ILS,reference,4.0528
2024-03-05,DKK,ILS,reference,0.5229
2024-03-05,EGP,ILS,reference,0.1162
2024-03-05,EUR,ILS,reference,3.8975
2024-03-05,GBP,ILS,reference,4.5554
2024-03-05,JOD,ILS,reference,5.0644
2024-03-05,JPY,ILS,reference,0.023874
2024-03-05,LBP,ILS,reference,0.00004
2024-03-05,NOK,ILS,reference,0.3397
2024-03-05,SEK,ILS,reference,0.3455
2024-03-05,USD,ILS,reference,3.591
2024-03-05,ZAR,ILS,reference,0.1894
2024-03-06,AUD,ILS,reference,2.354
2024-03-06,CAD,ILS,reference,2.6572
2024-03-06,CHF,ILS,reference,4.0775
2024-03-06,DKK,ILS,reference,0.5261
2024-03-06,EGP,ILS,reference,0.0721
2024-03-06,EUR,ILS,reference,3.9218
2024-03-06,GBP,ILS,reference,4.5871
2024-03-06,JOD,ILS,reference,5.0884
2024-03-06,JPY,ILS,reference,0.024118
2024-03-06,LBP,ILS,reference,0.00004
2024-03-06,NOK,ILS,reference,0.3417
2024-03-06,SEK,ILS,reference,0.3483
2024-03-06,USD,ILS,reference,3.608
2024-03-06,ZAR,ILS,reference,0.191
2024-03-07,AUD,ILS,reference,2.3707
2024-03-07,CAD,ILS,reference,2.6603
2024-03-07,CHF,ILS,reference,4.0841
2024-03-07,DKK,ILS,reference,0.5247
2024-03-07,EGP,ILS,reference,0.0728
2024-03-07,EUR,ILS,reference,3.9116
2024-03-07,GBP,ILS,reference,4.578
2024-03-07,JOD,ILS,reference,5.0632
2024-03-07,JPY,ILS,reference,0.024279000000000002
2024-03-07,LBP,ILS,reference,0.00004
2024-03-07,NOK,ILS,reference,0.3433
2024-03-07,SEK,ILS,reference,0.3495
2024-03-07,USD,ILS,reference,3.59
2024-03-07,ZAR,ILS,reference,0.1912
2024-03-08,AUD,ILS,reference,2.3779
2024-03-08,CAD,ILS,reference,2.6627
2024-03-08,CHF,ILS,reference,4.083
2024-03-08,DKK,ILS,reference,0.5249
2024-03-08,EGP,ILS,reference,0.0725
2024-03-08,EUR,ILS,reference,3.9128
2024-03-08,GBP,ILS,reference,4.5915
2024-03-08,JOD,ILS,reference,5.0457
2024-03-08,JPY,ILS,reference,0.024335
2024-03-08,LBP,ILS,reference,0.00004
2024-03-08,NOK,ILS,reference,0.3449
2024-03-08,SEK,ILS,reference,0.3505
2024-03-08,USD,ILS,reference,3.578
2024-03-08,ZAR,ILS,reference,0.1919
2024-03-11,AUD,ILS,reference,2.3867
2024-03-11,CAD,ILS,reference,2.6772
2024-03-11,CHF,ILS,reference,4.1168
2024-03-11,DKK,ILS,reference,0.5296
2024-03-11,EGP,ILS,reference,0.0736
2024-03-11,EUR,ILS,reference,3.9482
2024-03-11,GBP,ILS,reference,4.6359
2024-03-11,JOD,ILS,reference,5.0889
2024-03-11,JPY,ILS,reference,0.024602
2024-03-11,LBP,ILS,reference,0.00004
2024-03-11,NOK,ILS,reference,0.3456
2024-03-11,SEK,ILS,reference,0.353
2024-03-11,USD,ILS,reference,3.608
2024-03-11,ZAR,ILS,reference,0.193
2024-03-12,AUD,ILS,reference,2.4135
2024-03-12,CAD,ILS,reference,2.7059
2024-03-12,CHF,ILS,reference,4.1627
2024-03-12,DKK,ILS,reference,0.5349
2024-03-12,EGP,ILS,reference,0.0748
2024-03-12,EUR,ILS,reference,3.9894
2024-03-12,GBP,ILS,reference,4.6666
2024-03-12,JOD,ILS,reference,5.1461
2024-03-12,JPY,ILS,reference,0.024745
2024-03-12,LBP,ILS,reference,0.00004
2024-03-12,NOK,ILS,reference,0.3487
2024-03-12,SEK,ILS,reference,0.3577
2024-03-12,USD,ILS,reference,3.649
2024-03-12,ZAR,ILS,reference,0.1967
2024-03-13,AUD,ILS,reference,2.4183
2024-03-13,CAD,ILS,reference,2.7127
2024-03-13,CHF,ILS,reference,4.1702
2024-03-13,DKK,ILS,reference,0.5369
2024-03-13,EGP,ILS,reference,0.0755
2024-03-13,EUR,ILS,reference,4.0039
2024-03-13,GBP,ILS,reference,4.684
2024-03-13,JOD,ILS,reference,5.1625
2024-03-13,JPY,ILS,reference,0.024734
2024-03-13,LBP,ILS,reference,0.00004
2024-03-13,NOK,ILS,reference,0.3485
2024-03-13,SEK,ILS,reference,0.3576
2024-03-13,USD,ILS,reference,3.66
2024-03-13,ZAR,ILS,reference,0.1957
2024-03-14,AUD,ILS,reference,2.3998
2024-03-14,CAD,ILS,reference,2.6911
2024-03-14,CHF,ILS,reference,4.124
2024-03-14,DKK,ILS,reference,0.5316
2024-03-14,EGP,ILS,reference,0.0757
2024-03-14,EUR,ILS,reference,3.9639
2024-03-14,GBP,ILS,reference,4.6395
2024-03-14,JOD,ILS,reference,5.1159
2024-03-14,JPY,ILS,reference,0.024533999999999997
2024-03-14,LBP,ILS,reference,0.00004
2024-03-14,NOK,ILS,reference,0.3458
2024-03-14,SEK,ILS,reference,0.3534
2024-03-14,USD,ILS,reference,3.625
2024-03-14,ZAR,ILS,reference,0.1948
2024-03-15,AUD,ILS,reference,2.3951
2024-03-15,CAD,ILS,reference,2.6962
2024-03-15,CHF,ILS,reference,4.1275
2024-03-15,DKK,ILS,reference,0.533
2024-03-15,EGP,ILS,reference,0.0764
2024-03-15,EUR,ILS,reference,3.9746
2024-03-15,GBP,ILS,reference,4.6526
2024-03-15,JOD,ILS,reference,5.155
2024-03-15,JPY,ILS,reference,0.024562
2024-03-15,LBP,ILS,reference,0.00004
2024-03-15,NOK,ILS,reference,0.3447
2024-03-15,SEK,ILS,reference,0.3523
2024-03-15,USD,ILS,reference,3.653
2024-03-15,ZAR,ILS,reference,0.1947
2024-03-18,AUD,ILS,reference,2.399
2024-03-18,CAD,ILS,reference,2.6958
2024-03-18,CHF,ILS,reference,4.1366
2024-03-18,DKK,ILS,reference,0.5339
2024-03-18,EGP,ILS,reference,0.0774
2024-03-18,EUR,ILS,reference,3.9811
2024-03-18,GBP,ILS,reference,4.6508
2024-03-18,JOD,ILS,reference,5.1501
2024-03-18,JPY,ILS,reference,0.024489999999999998
2024-03-18,LBP,ILS,reference,0.00004
2024-03-18,NOK,ILS,reference,0.3451
2024-03-18,SEK,ILS,reference,0.3518
2024-03-18,USD,ILS,reference,3.651
2024-03-18,ZAR,ILS,reference,0.1937
2024-03-19,AUD,ILS,reference,2.3906
2024-03-19,CAD,ILS,reference,2.6956
2024-03-19,CHF,ILS,reference,4.1332
2024-03-19,DKK,ILS,reference,0.5338
2024-03-19,EGP,ILS,reference,0.0779
2024-03-19,EUR,ILS,reference,3.9807
2024-03-19,GBP,ILS,reference,4.6601
2024-03-19,JOD,ILS,reference,5.1738
2024-03-19,JPY,ILS,reference,0.024377
2024-03-19,LBP,ILS,reference,0.00004
2024-03-19,NOK,ILS,reference,0.3434
2024-03-19,SEK,ILS,reference,0.3509
2024-03-19,USD,ILS,reference,3.668
2024-03-19,ZAR,ILS,reference,0.1938
2024-03-20,AUD,ILS,reference,2.3999
2024-03-20,CAD,ILS,reference,2.7077
2024-03-20,CHF,ILS,reference,4.1325
2024-03-20,DKK,ILS,reference,0.5351
2024-03-20,EGP,ILS,reference,0.0784
2024-03-20,EUR,ILS,reference,3.9904
2024-03-20,GBP,ILS,reference,4.6717
2024-03-20,JOD,ILS,reference,5.1915
2024-03-20,JPY,ILS,reference,0.024264
2024-03-20,LBP,ILS,reference,0.00004
2024-03-20,NOK,ILS,reference,0.3444
2024-03-20,SEK,ILS,reference,0.3508
2024-03-20,USD,ILS,reference,3.681
2024-03-20,ZAR,ILS,reference,0.1948
2024-03-21,AUD,ILS,reference,2.3784
2024-03-21,CAD,ILS,reference,2.6683
2024-03-21,CHF,ILS,reference,4.0349
2024-03-21,DKK,ILS,reference,0.527
2024-03-21,EGP,ILS,reference,0.0772
2024-03-21,EUR,ILS,reference,3.9304
2024-03-21,GBP,ILS,reference,4.5935
2024-03-21,JOD,ILS,reference,5.0827
2024-03-21,JPY,ILS,reference,0.023839000000000003
2024-03-21,LBP,ILS,reference,0.00004
2024-03-21,NOK,ILS,reference,0.3405
2024-03-21,SEK,ILS,reference,0.3453
2024-03-21,USD,ILS,reference,3.604
2024-03-21,ZAR,ILS,reference,0.192
2024-03-22,AUD,ILS,reference,2.3594
2024-03-22,CAD,ILS,reference,2.6693
2024-03-22,CHF,ILS,reference,4.019
2024-03-22,DKK,ILS,reference,0.5252
2024-03-22,EGP,ILS,reference,0.0776
2024-03-22,EUR,ILS,reference,3.9167
2024-03-22,GBP,ILS,reference,4.5616
2024-03-22,JOD,ILS,reference,5.1079
2024-03-22,JPY,ILS,reference,0.023906999999999998
2024-03-22,LBP,ILS,reference,0.00004
2024-03-22,NOK,ILS,reference,0.3371
2024-03-22,SEK,ILS,reference,0.3436
2024-03-22,USD,ILS,reference,3.622
2024-03-22,ZAR,ILS,reference,0.1906
2024-03-26,AUD,ILS,reference,2.3959
2024-03-26,CAD,ILS,reference,2.6974
2024-03-26,CHF,ILS,reference,4.0526
2024-03-26,DKK,ILS,reference,0.5325
2024-03-26,EGP,ILS,reference,0.0766
2024-03-26,EUR,ILS,reference,3.9713
2024-03-26,GBP,ILS,reference,4.6271
2024-03-26,JOD,ILS,reference,5.1615
2024-03-26,JPY,ILS,reference,0.024162
2024-03-26,LBP,ILS,reference,0.00004
2024-03-26,NOK,ILS,reference,0.3415
2024-03-26,SEK,ILS,reference,0.3467
2024-03-26,USD,ILS,reference,3.66
2024-03-26,ZAR,ILS,reference,0.1933
2024-03-27,AUD,ILS,reference,2.3891
2024-03-27,CAD,ILS,reference,2.6928
2024-03-27,CHF,ILS,reference,4.041
2024-03-27,DKK,ILS,reference,0.5315
2024-03-27,EGP,ILS,reference,0.0774
2024-03-27,EUR,ILS,reference,3.9648
2024-03-27,GBP,ILS,reference,4.6248
2024-03-27,JOD,ILS,reference,5.1626
2024-03-27,JPY,ILS,reference,0.024224000000000002
2024-03-27,LBP,ILS,reference,0.00004
2024-03-27,NOK,ILS,reference,0.34
2024-03-27,SEK,ILS,reference,0.3454
2024-03-27,USD,ILS,reference,3.66
2024-03-27,ZAR,ILS,reference,0.1938
2024-03-28,AUD,ILS,reference,2.3962
2024-03-28,CAD,ILS,reference,2.7122
2024-03-28,CHF,ILS,reference,4.074
2024-03-28,DKK,ILS,reference,0.5335
2024-03-28,EGP,ILS,reference,0.0777
2024-03-28,EUR,ILS,reference,3.9791
2024-03-28,GBP,ILS,reference,4.6535
2024-03-28,JOD,ILS,reference,5.1922
2024-03-28,JPY,ILS,reference,0.024333999999999998
2024-03-28,LBP,ILS,reference,0.00004
2024-03-28,NOK,ILS,reference,0.34
2024-03-28,SEK,ILS,reference,0.3451
2024-03-28,USD,ILS,reference,3.681
2024-03-28,ZAR,ILS,reference,0.1939
2024-04-01,AUD,ILS,reference,2.3872
2024-04-01,CAD,ILS,reference,2.7041
2024-04-01,CHF,ILS,reference,4.0614
2024-04-01,DKK,ILS,reference,0.5296
2024-04-01,EGP,ILS,reference,0.0776
2024-04-01,EUR,ILS,reference,3.9502
2024-04-01,GBP,ILS,reference,4.6205
2024-04-01,JOD,ILS,reference,5.1664
2024-04-01,JPY,ILS,reference,0.024199000000000002
2024-04-01,LBP,ILS,reference,0.00004
2024-04-01,NOK,ILS,reference,0.3367
2024-04-01,SEK,ILS,reference,0.3421
2024-04-01,USD,ILS,reference,3.663
2024-04-01,ZAR,ILS,reference,0.1941
2024-04-02,AUD,ILS,reference,2.4029
2024-04-02,CAD,ILS,reference,2.7246
2024-04-02,CHF,ILS,reference,4.069
2024-04-02,DKK,ILS,reference,0.5325
2024-04-02,EGP,ILS,reference,0.0783
2024-04-02,EUR,ILS,reference,3.9717
2024-04-02,GBP,ILS,reference,4.6442
2024-04-02,JOD,ILS,reference,5.214
2024-04-02,JPY,ILS,reference,0.024367999999999997
2024-04-02,LBP,ILS,reference,0.00004
2024-04-02,NOK,ILS,reference,0.3392
2024-04-02,SEK,ILS,reference,0.3434
2024-04-02,USD,ILS,reference,3.697
2024-04-02,ZAR,ILS,reference,0.1966
2024-04-03,AUD,ILS,reference,2.4312
2024-04-03,CAD,ILS,reference,2.7496
2024-04-03,CHF,ILS,reference,4.1075
2024-04-03,DKK,ILS,reference,0.5393
2024-04-03,EGP,ILS,reference,0.0787
2024-04-03,EUR,ILS,reference,4.0231
2024-04-03,GBP,ILS,reference,4.6945
2024-04-03,JOD,ILS,reference,5.2633
2024-04-03,JPY,ILS,reference,0.024594
2024-04-03,LBP,ILS,reference,0.00004
2024-04-03,NOK,ILS,reference,0.3446
2024-04-03,SEK,ILS,reference,0.3474
2024-04-03,USD,ILS,reference,3.732
2024-04-03,ZAR,ILS,reference,0.1985
2024-04-04,AUD,ILS,reference,2.4546
2024-04-04,CAD,ILS,reference,2.752
2024-04-04,CHF,ILS,reference,4.0987
2024-04-04,DKK,ILS,reference,0.5409
2024-04-04,EGP,ILS,reference,0.0784
2024-04-04,EUR,ILS,reference,4.0348
2024-04-04,GBP,ILS,reference,4.703
2024-04-04,JOD,ILS,reference,5.2416
2024-04-04,JPY,ILS,reference,0.024495
2024-04-04,LBP,ILS,reference,0.00004
2024-04-04,NOK,ILS,reference,0.3481
2024-04-04,SEK,ILS,reference,0.3511
2024-04-04,USD,ILS,reference,3.716
2024-04-04,ZAR,ILS,reference,0.1992
2024-04-05,AUD,ILS,reference,2.467
2024-04-05,CAD,ILS,reference,2.7631
2024-04-05,CHF,ILS,reference,4.1457
2024-04-05,DKK,ILS,reference,0.5446
2024-04-05,EGP,ILS,reference,0.0792
2024-04-05,EUR,ILS,reference,4.0626
2024-04-05,GBP,ILS,reference,4.7327
2024-04-05,JOD,ILS,reference,5.2865
2024-04-05,JPY,ILS,reference,0.024777
2024-04-05,LBP,ILS,reference,0.00004
2024-04-05,NOK,ILS,reference,0.3497
2024-04-05,SEK,ILS,reference,0.3519
2024-04-05,USD,ILS,reference,3.748
2024-04-05,ZAR,ILS,reference,0.2009
2024-04-08,AUD,ILS,reference,2.4449
2024-04-08,CAD,ILS,reference,2.7298
2024-04-08,CHF,ILS,reference,4.0975
2024-04-08,DKK,ILS,reference,0.539
2024-04-08,EGP,ILS,reference,0.078
2024-04-08,EUR,ILS,reference,4.0204
2024-04-08,GBP,ILS,reference,4.6879
2024-04-08,JOD,ILS,reference,5.2404
2024-04-08,JPY,ILS,reference,0.024445
2024-04-08,LBP,ILS,reference,0.00004
2024-04-08,NOK,ILS,reference,0.3468
2024-04-08,SEK,ILS,reference,0.35
2024-04-08,USD,ILS,reference,3.712
2024-04-08,ZAR,ILS,reference,0.1997
2024-04-09,AUD,ILS,reference,2.4426
2024-04-09,CAD,ILS,reference,2.7172
2024-04-09,CHF,ILS,reference,4.084
2024-04-09,DKK,ILS,reference,0.5373
2024-04-09,EGP,ILS,reference,0.0775
2024-04-09,EUR,ILS,reference,4.0078
2024-04-09,GBP,ILS,reference,4.6777
2024-04-09,JOD,ILS,reference,5.2047
2024-04-09,JPY,ILS,reference,0.024291
2024-04-09,LBP,ILS,reference,0.00004
2024-04-09,NOK,ILS,reference,0.3454
2024-04-09,SEK,ILS,reference,0.3495
2024-04-09,USD,ILS,reference,3.687
2024-04-09,ZAR,ILS,reference,0.1993
2024-04-10,AUD,ILS,reference,2.4588
2024-04-10,CAD,ILS,reference,2.7383
2024-04-10,CHF,ILS,reference,4.1104
2024-04-10,DKK,ILS,reference,0.5405
2024-04-10,EGP,ILS,reference,0.0781
2024-04-10,EUR,ILS,reference,4.0318
2024-04-10,GBP,ILS,reference,4.7152
2024-04-10,JOD,ILS,reference,5.2386
2024-04-10,JPY,ILS,reference,0.024460000000000003
2024-04-10,LBP,ILS,reference,0.00004
2024-04-10,NOK,ILS,reference,0.3485
2024-04-10,SEK,ILS,reference,0.3524
2024-04-10,USD,ILS,reference,3.714
2024-04-10,ZAR,ILS,reference,0.2008
2024-04-11,AUD,ILS,reference,2.4526
2024-04-11,CAD,ILS,reference,2.7469
2024-04-11,CHF,ILS,reference,4.1213
2024-04-11,DKK,ILS,reference,0.5408
2024-04-11,EGP,ILS,reference,0.0791
2024-04-11,EUR,ILS,reference,4.0349
2024-04-11,GBP,ILS,reference,4.7138
2024-04-11,JOD,ILS,reference,5.3093
2024-04-11,JPY,ILS,reference,0.024557000000000002
2024-04-11,LBP,ILS,reference,0.00004
2024-04-11,NOK,ILS,reference,0.3475
2024-04-11,SEK,ILS,reference,0.3503
2024-04-11,USD,ILS,reference,3.761
2024-04-11,ZAR,ILS,reference,0.1999
2024-04-12,AUD,ILS,reference,2.4493
2024-04-12,CAD,ILS,reference,2.7377
2024-04-12,CHF,ILS,reference,4.1152
2024-04-12,DKK,ILS,reference,0.5377
2024-04-12,EGP,ILS,reference,0.079
2024-04-12,EUR,ILS,reference,4.0119
2024-04-12,GBP,ILS,reference,4.7029
2024-04-12,JOD,ILS,reference,5.2993
2024-04-12,JPY,ILS,reference,0.024517999999999998
2024-04-12,LBP,ILS,reference,0.00004
2024-04-12,NOK,ILS,reference,0.3464
2024-04-12,SEK,ILS,reference,0.3484
2024-04-12,USD,ILS,reference,3.757
2024-04-12,ZAR,ILS,reference,0.2011
2024-04-15,AUD,ILS,reference,2.4103
2024-04-15,CAD,ILS,reference,2.7045
2024-04-15,CHF,ILS,reference,4.0717
2024-04-15,DKK,ILS,reference,0.531
2024-04-15,EGP,ILS,reference,0.0767
2024-04-15,EUR,ILS,reference,3.9618
2024-04-15,GBP,ILS,reference,4.6423
2024-04-15,JOD,ILS,reference,5.2415
2024-04-15,JPY,ILS,reference,0.024144000000000002
2024-04-15,LBP,ILS,reference,0.00004
2024-04-15,NOK,ILS,reference,0.3409
2024-04-15,SEK,ILS,reference,0.3428
2024-04-15,USD,ILS,reference,3.716
2024-04-15,ZAR,ILS,reference,0.1962
2024-04-16,AUD,ILS,reference,2.4197
2024-04-16,CAD,ILS,reference,2.7334
2024-04-16,CHF,ILS,reference,4.129
2024-04-16,DKK,ILS,reference,0.5373
2024-04-16,EGP,ILS,reference,0.0777
2024-04-16,EUR,ILS,reference,4.0085
2024-04-16,GBP,ILS,reference,4.6943
2024-04-16,JOD,ILS,reference,5.3176
2024-04-16,JPY,ILS,reference,0.024375
2024-04-16,LBP,ILS,reference,0.00004
2024-04-16,NOK,ILS,reference,0.3431
2024-04-16,SEK,ILS,reference,0.3446
2024-04-16,USD,ILS,reference,3.77
2024-04-16,ZAR,ILS,reference,0.1983
2024-04-17,AUD,ILS,reference,2.4263
2024-04-17,CAD,ILS,reference,2.7342
2024-04-17,CHF,ILS,reference,4.1438
2024-04-17,DKK,ILS,reference,0.5382
2024-04-17,EGP,ILS,reference,0.0774
2024-04-17,EUR,ILS,reference,4.0154
2024-04-17,GBP,ILS,reference,4.7032
2024-04-17,JOD,ILS,reference,5.3276
2024-04-17,JPY,ILS,reference,0.024413
2024-04-17,LBP,ILS,reference,0.00004
2024-04-17,NOK,ILS,reference,0.3437
2024-04-17,SEK,ILS,reference,0.3442
2024-04-17,USD,ILS,reference,3.775
2024-04-17,ZAR,ILS,reference,0.198
2024-04-18,AUD,ILS,reference,2.437
2024-04-18,CAD,ILS,reference,2.749
2024-04-18,CHF,ILS,reference,4.1594
2024-04-18,DKK,ILS,reference,0.541
2024-04-18,EGP,ILS,reference,0.0781
2024-04-18,EUR,ILS,reference,4.0364
2024-04-18,GBP,ILS,reference,4.7149
2024-04-18,JOD,ILS,reference,5.3316
2024-04-18,JPY,ILS,reference,0.024483
2024-04-18,LBP,ILS,reference,0.00004
2024-04-18,NOK,ILS,reference,0.3438
2024-04-18,SEK,ILS,reference,0.3469
2024-04-18,USD,ILS,reference,3.78
2024-04-18,ZAR,ILS,reference,0.1985
2024-04-19,AUD,ILS,reference,2.4263
2024-04-19,CAD,ILS,reference,2.749
2024-04-19,CHF,ILS,reference,4.1663
2024-04-19,DKK,ILS,reference,0.5398
2024-04-19,EGP,ILS,reference,0.0783
2024-04-19,EUR,ILS,reference,4.0278
2024-04-19,GBP,ILS,reference,4.7065
2024-04-19,JOD,ILS,reference,5.3362
2024-04-19,JPY,ILS,reference,0.024509
2024-04-19,LBP,ILS,reference,0.00004
2024-04-19,NOK,ILS,reference,0.3423
2024-04-19,SEK,ILS,reference,0.3447
2024-04-19,USD,ILS,reference,3.783
2024-04-19,ZAR,ILS,reference,0.1966
2024-04-24,AUD,ILS,reference,2.4465
2024-04-24,CAD,ILS,reference,2.7484
2024-04-24,CHF,ILS,reference,4.1116
2024-04-24,DKK,ILS,reference,0.5388
2024-04-24,EGP,ILS,reference,0.0783
2024-04-24,EUR,ILS,reference,4.0182
2024-04-24,GBP,ILS,reference,4.6734
2024-04-24,JOD,ILS,reference,5.3021
2024-04-24,JPY,ILS,reference,0.024270999999999997
2024-04-24,LBP,ILS,reference,0.00004
2024-04-24,NOK,ILS,reference,0.3441
2024-04-24,SEK,ILS,reference,0.3463
2024-04-24,USD,ILS,reference,3.759
2024-04-24,ZAR,ILS,reference,0.1963
2024-04-25,AUD,ILS,reference,2.473
2024-04-25,CAD,ILS,reference,2.7727
2024-04-25,CHF,ILS,reference,4.152
2024-04-25,DKK,ILS,reference,0.5452
2024-04-25,EGP,ILS,reference,0.0792
2024-04-25,EUR,ILS,reference,4.0661
2024-04-25,GBP,ILS,reference,4.7419
2024-04-25,JOD,ILS,reference,5.3513
2024-04-25,JPY,ILS,reference,0.024380000000000002
2024-04-25,LBP,ILS,reference,0.00004
2024-04-25,NOK,ILS,reference,0.3457
2024-04-25,SEK,ILS,reference,0.3494
2024-04-25,USD,ILS,reference,3.794
2024-04-25,ZAR,ILS,reference,0.198
2024-04-26,AUD,ILS,reference,2.5015
2024-04-26,CAD,ILS,reference,2.799
2024-04-26,CHF,ILS,reference,4.1904
2024-04-26,DKK,ILS,reference,0.5503
2024-04-26,EGP,ILS,reference,0.0797
2024-04-26,EUR,ILS,reference,4.1042
2024-04-26,GBP,ILS,reference,4.7876
2024-04-26,JOD,ILS,reference,5.3864
2024-04-26,JPY,ILS,reference,0.024384000000000003
2024-04-26,LBP,ILS,reference,0.00004
2024-04-26,NOK,ILS,reference,0.3486
2024-04-26,SEK,ILS,reference,0.3519
2024-04-26,USD,ILS,reference,3.818
2024-04-26,ZAR,ILS,reference,0.2012
2024-04-30,AUD,ILS,reference,2.4437
2024-04-30,CAD,ILS,reference,2.7331
2024-04-30,CHF,ILS,reference,4.1059
2024-04-30,DKK,ILS,reference,0.538
2024-04-30,EGP,ILS,reference,0.0781
2024-04-30,EUR,ILS,reference,4.0132
2024-04-30,GBP,ILS,reference,4.694
2024-04-30,JOD,ILS,reference,5.2757
2024-04-30,JPY,ILS,reference,0.023843999999999997
2024-04-30,LBP,ILS,reference,0.00004
2024-04-30,NOK,ILS,reference,0.3397
2024-04-30,SEK,ILS,reference,0.3417
2024-04-30,USD,ILS,reference,3.741
2024-04-30,ZAR,ILS,reference,0.2001
2024-05-01,AUD,ILS,reference,2.4242
2024-05-01,CAD,ILS,reference,2.7171
2024-05-01,CHF,ILS,reference,4.063
2024-05-01,DKK,ILS,reference,0.5352
2024-05-01,EGP,ILS,reference,0.0781
2024-05-01,EUR,ILS,reference,3.9914
2024-05-01,GBP,ILS,reference,4.6676
2024-05-01,JOD,ILS,reference,5.2756
2024-05-01,JPY,ILS,reference,0.023689
2024-05-01,LBP,ILS,reference,0.00004
2024-05-01,NOK,ILS,reference,0.3373
2024-05-01,SEK,ILS,reference,0.3403
2024-05-01,USD,ILS,reference,3.74
2024-05-01,ZAR,ILS,reference,0.2005
2024-05-02,AUD,ILS,reference,2.4388
2024-05-02,CAD,ILS,reference,2.7232
2024-05-02,CHF,ILS,reference,4.0987
2024-05-02,DKK,ILS,reference,0.5364
2024-05-02,EGP,ILS,reference,0.0779
2024-05-02,EUR,ILS,reference,4.0011
2024-05-02,GBP,ILS,reference,4.6776
2024-05-02,JOD,ILS,reference,5.2717
2024-05-02,JPY,ILS,reference,0.024085000000000002
2024-05-02,LBP,ILS,reference,0.00004
2024-05-02,NOK,ILS,reference,0.3373
2024-05-02,SEK,ILS,reference,0.3422
2024-05-02,USD,ILS,reference,3.738
2024-05-02,ZAR,ILS,reference,0.2004
2024-05-03,AUD,ILS,reference,2.4473
2024-05-03,CAD,ILS,reference,2.7229
2024-05-03,CHF,ILS,reference,4.0976
2024-05-03,DKK,ILS,reference,0.5355
2024-05-03,EGP,ILS,reference,0.0776
2024-05-03,EUR,ILS,reference,3.9941
2024-05-03,GBP,ILS,reference,4.6705
2024-05-03,JOD,ILS,reference,5.2506
2024-05-03,JPY,ILS,reference,0.024297
2024-05-03,LBP,ILS,reference,0.00004
2024-05-03,NOK,ILS,reference,0.3391
2024-05-03,SEK,ILS,reference,0.3427
2024-05-03,USD,ILS,reference,3.723
2024-05-03,ZAR,ILS,reference,0.2004
2024-05-06,AUD,ILS,reference,2.4803
2024-05-06,CAD,ILS,reference,2.736
2024-05-06,CHF,ILS,reference,4.1332
2024-05-06,DKK,ILS,reference,0.5403
2024-05-06,EGP,ILS,reference,0.078
2024-05-06,EUR,ILS,reference,4.0302
2024-05-06,GBP,ILS,reference,4.7047
2024-05-06,JOD,ILS,reference,5.2764
2024-05-06,JPY,ILS,reference,0.024328
2024-05-06,LBP,ILS,reference,0.00004
2024-05-06,NOK,ILS,reference,0.3455
2024-05-06,SEK,ILS,reference,0.3469
2024-05-06,USD,ILS,reference,3.741
2024-05-06,ZAR,ILS,reference,0.2032
2024-05-07,AUD,ILS,reference,2.4588
2024-05-07,CAD,ILS,reference,2.7204
2024-05-07,CHF,ILS,reference,4.1017
2024-05-07,DKK,ILS,reference,0.5373
2024-05-07,EGP,ILS,reference,0.078
2024-05-07,EUR,ILS,reference,4.0073
2024-05-07,GBP,ILS,reference,4.6697
2024-05-07,JOD,ILS,reference,5.2489
2024-05-07,JPY,ILS,reference,0.024076
2024-05-07,LBP,ILS,reference,0.00004
2024-05-07,NOK,ILS,reference,0.3426
2024-05-07,SEK,ILS,reference,0.3431
2024-05-07,USD,ILS,reference,3.722
2024-05-07,ZAR,ILS,reference,0.2012
2024-05-08,AUD,ILS,reference,2.435
2024-05-08,CAD,ILS,reference,2.6978
2024-05-08,CHF,ILS,reference,4.0837
2024-05-08,DKK,ILS,reference,0.5347
2024-05-08,EGP,ILS,reference,0.0781
2024-05-08,EUR,ILS,reference,3.988
2024-05-08,GBP,ILS,reference,4.6325
2024-05-08,JOD,ILS,reference,5.2362
2024-05-08,JPY,ILS,reference,0.023860000000000003
2024-05-08,LBP,ILS,reference,0.00004
2024-05-08,NOK,ILS,reference,0.3392
2024-05-08,SEK,ILS,reference,0.3399
2024-05-08,USD,ILS,reference,3.713
2024-05-08,ZAR,ILS,reference,0.199
2024-05-09,AUD,ILS,reference,2.4631
2024-05-09,CAD,ILS,reference,2.7255
2024-05-09,CHF,ILS,reference,4.1127
2024-05-09,DKK,ILS,reference,0.5381
2024-05-09,EGP,ILS,reference,0.0791
2024-05-09,EUR,ILS,reference,4.0136
2024-05-09,GBP,ILS,reference,4.6655
2024-05-09,JOD,ILS,reference,5.2757
2024-05-09,JPY,ILS,reference,0.023995000000000002
2024-05-09,LBP,ILS,reference,0.00004
2024-05-09,NOK,ILS,reference,0.3424
2024-05-09,SEK,ILS,reference,0.3425
2024-05-09,USD,ILS,reference,3.741
2024-05-09,ZAR,ILS,reference,0.2019
2024-05-10,AUD,ILS,reference,2.4598
2024-05-10,CAD,ILS,reference,2.7193
2024-05-10,CHF,ILS,reference,4.1064
2024-05-10,DKK,ILS,reference,0.5377
2024-05-10,EGP,ILS,reference,0.0785
2024-05-10,EUR,ILS,reference,4.0114
2024-05-10,GBP,ILS,reference,4.6622
2024-05-10,JOD,ILS,reference,5.248
2024-05-10,JPY,ILS,reference,0.023895
2024-05-10,LBP,ILS,reference,0.00004
2024-05-10,NOK,ILS,reference,0.3436
2024-05-10,SEK,ILS,reference,0.3432
2024-05-10,USD,ILS,reference,3.721
2024-05-10,ZAR,ILS,reference,0.2022
2024-05-13,AUD,ILS,reference,2.4583
2024-05-13,CAD,ILS,reference,2.7225
2024-05-13,CHF,ILS,reference,4.1069
2024-05-13,DKK,ILS,reference,0.5379
2024-05-13,EGP,ILS,reference,0.0789
2024-05-13,EUR,ILS,reference,4.0123
2024-05-13,GBP,ILS,reference,4.6629
2024-05-13,JOD,ILS,reference,5.2526
2024-05-13,JPY,ILS,reference,0.023896
2024-05-13,LBP,ILS,reference,0.00004
2024-05-13,NOK,ILS,reference,0.3427
2024-05-13,SEK,ILS,reference,0.343
2024-05-13,USD,ILS,reference,3.724
2024-05-13,ZAR,ILS,reference,0.2028
2024-05-15,AUD,ILS,reference,2.4533
2024-05-15,CAD,ILS,reference,2.7096
2024-05-15,CHF,ILS,reference,4.0799
2024-05-15,DKK,ILS,reference,0.536
2024-05-15,EGP,ILS,reference,0.0789
2024-05-15,EUR,ILS,reference,3.9993
2024-05-15,GBP,ILS,reference,4.6595
2024-05-15,JOD,ILS,reference,5.2113
2024-05-15,JPY,ILS,reference,0.023736
2024-05-15,LBP,ILS,reference,0.00004
2024-05-15,NOK,ILS,reference,0.3433
2024-05-15,SEK,ILS,reference,0.3425
2024-05-15,USD,ILS,reference,3.695
2024-05-15,ZAR,ILS,reference,0.2008
2024-05-16,AUD,ILS,reference,2.4559
2024-05-16,CAD,ILS,reference,2.6998
2024-05-16,CHF,ILS,reference,4.074
2024-05-16,DKK,ILS,reference,0.5361
2024-05-16,EGP,ILS,reference,0.0785
2024-05-16,EUR,ILS,reference,3.9997
2024-05-16,GBP,ILS,reference,4.6611
2024-05-16,JOD,ILS,reference,5.1917
2024-05-16,JPY,ILS,reference,0.023767
2024-05-16,LBP,ILS,reference,0.00004
2024-05-16,NOK,ILS,reference,0.3437
2024-05-16,SEK,ILS,reference,0.3442
2024-05-16,USD,ILS,reference,3.681
2024-05-16,ZAR,ILS,reference,0.202
2024-05-17,AUD,ILS,reference,2.4752
2024-05-17,CAD,ILS,reference,2.7253
2024-05-17,CHF,ILS,reference,4.0892
2024-05-17,DKK,ILS,reference,0.5404
2024-05-17,EGP,ILS,reference,0.0792
2024-05-17,EUR,ILS,reference,4.0321
2024-05-17,GBP,ILS,reference,4.7014
2024-05-17,JOD,ILS,reference,5.241
2024-05-17,JPY,ILS,reference,0.023837
2024-05-17,LBP,ILS,reference,0.00004
2024-05-17,NOK,ILS,reference,0.3467
2024-05-17,SEK,ILS,reference,0.3459
2024-05-17,USD,ILS,reference,3.716
2024-05-17,ZAR,ILS,reference,0.2039
2024-05-20,AUD,ILS,reference,2.4761
2024-05-20,CAD,ILS,reference,2.7195
2024-05-20,CHF,ILS,reference,4.0737
2024-05-20,DKK,ILS,reference,0.5393
2024-05-20,EGP,ILS,reference,0.0795
2024-05-20,EUR,ILS,reference,4.0237
2024-05-20,GBP,ILS,reference,4.7033
2024-05-20,JOD,ILS,reference,5.2234
2024-05-20,JPY,ILS,reference,0.023780000000000003
2024-05-20,LBP,ILS,reference,0.00004
2024-05-20,NOK,ILS,reference,0.3468
2024-05-20,SEK,ILS,reference,0.3466
2024-05-20,USD,ILS,reference,3.703
2024-05-20,ZAR,ILS,reference,0.2033
2024-05-21,AUD,ILS,reference,2.4486
2024-05-21,CAD,ILS,reference,2.6936
2024-05-21,CHF,ILS,reference,4.0361
2024-05-21,DKK,ILS,reference,0.5346
2024-05-21,EGP,ILS,reference,0.0787
2024-05-21,EUR,ILS,reference,3.9892
2024-05-21,GBP,ILS,reference,4.6666
2024-05-21,JOD,ILS,reference,5.1786
2024-05-21,JPY,ILS,reference,0.023493
2024-05-21,LBP,ILS,reference,0.00004
2024-05-21,NOK,ILS,reference,0.3441
2024-05-21,SEK,ILS,reference,0.3443
2024-05-21,USD,ILS,reference,3.672
2024-05-21,ZAR,ILS,reference,0.2023
2024-05-22,AUD,ILS,reference,2.4463
2024-05-22,CAD,ILS,reference,2.6897
2024-05-22,CHF,ILS,reference,4.0153
2024-05-22,DKK,ILS,reference,0.5332
2024-05-22,EGP,ILS,reference,0.0785
2024-05-22,EUR,ILS,reference,3.9792
2024-05-22,GBP,ILS,reference,4.671
2024-05-22,JOD,ILS,reference,5.1814
2024-05-22,JPY,ILS,reference,0.023474
2024-05-22,LBP,ILS,reference,0.00004
2024-05-22,NOK,ILS,reference,0.3433
2024-05-22,SEK,ILS,reference,0.3421
2024-05-22,USD,ILS,reference,3.674
2024-05-22,ZAR,ILS,reference,0.2017
2024-05-23,AUD,ILS,reference,2.4385
2024-05-23,CAD,ILS,reference,2.6867
2024-05-23,CHF,ILS,reference,4.0193
2024-05-23,DKK,ILS,reference,0.5337
2024-05-23,EGP,ILS,reference,0.078
2024-05-23,EUR,ILS,reference,3.982
2024-05-23,GBP,ILS,reference,4.6764
2024-05-23,JOD,ILS,reference,5.1797
2024-05-23,JPY,ILS,reference,0.02344
2024-05-23,LBP,ILS,reference,0.00004
2024-05-23,NOK,ILS,reference,0.3453
2024-05-23,SEK,ILS,reference,0.3435
2024-05-23,USD,ILS,reference,3.672
2024-05-23,ZAR,ILS,reference,0.1997
2024-05-24,AUD,ILS,reference,2.4285
2024-05-24,CAD,ILS,reference,2.6765
2024-05-24,CHF,ILS,reference,4.0145
2024-05-24,DKK,ILS,reference,0.5329
2024-05-24,EGP,ILS,reference,0.0779
2024-05-24,EUR,ILS,reference,3.9759
2024-05-24,GBP,ILS,reference,4.6664
2024-05-24,JOD,ILS,reference,5.1804
2024-05-24,JPY,ILS,reference,0.023391000000000002
2024-05-24,LBP,ILS,reference,0.00004
2024-05-24,NOK,ILS,reference,0.3452
2024-05-24,SEK,ILS,reference,0.3424
2024-05-24,USD,ILS,reference,3.673
2024-05-24,ZAR,ILS,reference,0.1998
2024-05-28,AUD,ILS,reference,2.4472
2024-05-28,CAD,ILS,reference,2.6969
2024-05-28,CHF,ILS,reference,4.0349
2024-05-28,DKK,ILS,reference,0.5358
2024-05-28,EGP,ILS,reference,0.0775
2024-05-28,EUR,ILS,reference,3.998
2024-05-28,GBP,ILS,reference,4.6952
2024-05-28,JOD,ILS,reference,5.187
2024-05-28,JPY,ILS,reference,0.023422000000000002
2024-05-28,LBP,ILS,reference,0.00004
2024-05-28,NOK,ILS,reference,0.3506
2024-05-28,SEK,ILS,reference,0.3485
2024-05-28,USD,ILS,reference,3.675
2024-05-28,ZAR,ILS,reference,0.1997
2024-05-29,AUD,ILS,reference,2.4521
2024-05-29,CAD,ILS,reference,2.7027
2024-05-29,CHF,ILS,reference,4.0452
2024-05-29,DKK,ILS,reference,0.5369
2024-05-29,EGP,ILS,reference,0.078
2024-05-29,EUR,ILS,reference,4.0059
2024-05-29,GBP,ILS,reference,4.7111
2024-05-29,JOD,ILS,reference,5.2103
2024-05-29,JPY,ILS,reference,0.023493
2024-05-29,LBP,ILS,reference,0.00004
2024-05-29,NOK,ILS,reference,0.3511
2024-05-29,SEK,ILS,reference,0.3482
2024-05-29,USD,ILS,reference,3.694
2024-05-29,ZAR,ILS,reference,0.2022
2024-05-30,AUD,ILS,reference,2.4637
2024-05-30,CAD,ILS,reference,2.7145
2024-05-30,CHF,ILS,reference,4.1011
2024-05-30,DKK,ILS,reference,0.5396
2024-05-30,EGP,ILS,reference,0.0787
2024-05-30,EUR,ILS,reference,4.0252
2024-05-30,GBP,ILS,reference,4.7291
2024-05-30,JOD,ILS,reference,5.2475
2024-05-30,JPY,ILS,reference,0.023739
2024-05-30,LBP,ILS,reference,0.00004
2024-05-30,NOK,ILS,reference,0.3531
2024-05-30,SEK,ILS,reference,0.3503
2024-05-30,USD,ILS,reference,3.721
2024-05-30,ZAR,ILS,reference,0.2003
2024-05-31,AUD,ILS,reference,2.4674
2024-05-31,CAD,ILS,reference,2.7211
2024-05-31,CHF,ILS,reference,4.1092
2024-05-31,DKK,ILS,reference,0.5396
2024-05-31,EGP,ILS,reference,0.0787
2024-05-31,EUR,ILS,reference,4.0247
2024-05-31,GBP,ILS,reference,4.7254
2024-05-31,JOD,ILS,reference,5.2434
2024-05-31,JPY,ILS,reference,0.023666
2024-05-31,LBP,ILS,reference,0.00004
2024-05-31,NOK,ILS,reference,0.3528
2024-05-31,SEK,ILS,reference,0.3515
2024-05-31,USD,ILS,reference,3.718
2024-05-31,ZAR,ILS,reference,0.1973
2024-06-03,AUD,ILS,reference,2.4369
2024-06-03,CAD,ILS,reference,2.685
2024-06-03,CHF,ILS,reference,4.0617
2024-06-03,DKK,ILS,reference,0.5322
2024-06-03,EGP,ILS,reference,0.0777
2024-06-03,EUR,ILS,reference,3.9691
2024-06-03,GBP,ILS,reference,4.6603
2024-06-03,JOD,ILS,reference,5.1639
2024-06-03,JPY,ILS,reference,0.023337
2024-06-03,LBP,ILS,reference,0.00004
2024-06-03,NOK,ILS,reference,0.3486
2024-06-03,SEK,ILS,reference,0.3482
2024-06-03,USD,ILS,reference,3.661
2024-06-03,ZAR,ILS,reference,0.196
2024-06-04,AUD,ILS,reference,2.4467
2024-06-04,CAD,ILS,reference,2.6927
2024-06-04,CHF,ILS,reference,4.1271
2024-06-04,DKK,ILS,reference,0.5372
2024-06-04,EGP,ILS,reference,0.0777
2024-06-04,EUR,ILS,reference,4.0073
2024-06-04,GBP,ILS,reference,4.7046
2024-06-04,JOD,ILS,reference,5.2011
2024-06-04,JPY,ILS,reference,0.023799
2024-06-04,LBP,ILS,reference,0.00004
2024-06-04,NOK,ILS,reference,0.3488
2024-06-04,SEK,ILS,reference,0.3521
2024-06-04,USD,ILS,reference,3.688
2024-06-04,ZAR,ILS,reference,0.1972
2024-06-05,AUD,ILS,reference,2.4635
2024-06-05,CAD,ILS,reference,2.711
2024-06-05,CHF,ILS,reference,4.1561
2024-06-05,DKK,ILS,reference,0.5404
2024-06-05,EGP,ILS,reference,0.0779
2024-06-05,EUR,ILS,reference,4.0312
2024-06-05,GBP,ILS,reference,4.7363
2024-06-05,JOD,ILS,reference,5.2312
2024-06-05,JPY,ILS,reference,0.023763999999999997
2024-06-05,LBP,ILS,reference,0.00004
2024-06-05,NOK,ILS,reference,0.351
2024-06-05,SEK,ILS,reference,0.3554
2024-06-05,USD,ILS,reference,3.709
2024-06-05,ZAR,ILS,reference,0.1969
2024-06-06,AUD,ILS,reference,2.4752
2024-06-06,CAD,ILS,reference,2.7209
2024-06-06,CHF,ILS,reference,4.1785
2024-06-06,DKK,ILS,reference,0.5429
2024-06-06,EGP,ILS,reference,0.0783
2024-06-06,EUR,ILS,reference,4.0498
2024-06-06,GBP,ILS,reference,4.7593
2024-06-06,JOD,ILS,reference,5.2529
2024-06-06,JPY,ILS,reference,0.023855
2024-06-06,LBP,ILS,reference,0.00004
2024-06-06,NOK,ILS,reference,0.352
2024-06-06,SEK,ILS,reference,0.3584
2024-06-06,USD,ILS,reference,3.724
2024-06-06,ZAR,ILS,reference,0.1962
2024-06-07,AUD,ILS,reference,2.4886
2024-06-07,CAD,ILS,reference,2.729
2024-06-07,CHF,ILS,reference,4.1935
2024-06-07,DKK,ILS,reference,0.5448
2024-06-07,EGP,ILS,reference,0.0786
2024-06-07,EUR,ILS,reference,4.0647
2024-06-07,GBP,ILS,reference,4.7742
2024-06-07,JOD,ILS,reference,5.2663
2024-06-07,JPY,ILS,reference,0.024003999999999998
2024-06-07,LBP,ILS,reference,0.00004
2024-06-07,NOK,ILS,reference,0.3535
2024-06-07,SEK,ILS,reference,0.3599
2024-06-07,USD,ILS,reference,3.732
2024-06-07,ZAR,ILS,reference,0.1979
2024-06-10,AUD,ILS,reference,2.4717
2024-06-10,CAD,ILS,reference,2.7228
2024-06-10,CHF,ILS,reference,4.1831
2024-06-10,DKK,ILS,reference,0.5399
2024-06-10,EGP,ILS,reference,0.0786
2024-06-10,EUR,ILS,reference,4.0276
2024-06-10,GBP,ILS,reference,4.7614
2024-06-10,JOD,ILS,reference,5.2917
2024-06-10,JPY,ILS,reference,0.023919000000000003
2024-06-10,LBP,ILS,reference,0.00004
2024-06-10,NOK,ILS,reference,0.3495
2024-06-10,SEK,ILS,reference,0.3551
2024-06-10,USD,ILS,reference,3.752
2024-06-10,ZAR,ILS,reference,0.2002
2024-06-11,AUD,ILS,reference,2.4569
2024-06-11,CAD,ILS,reference,2.704
2024-06-11,CHF,ILS,reference,4.1501
2024-06-11,DKK,ILS,reference,0.5365
2024-06-11,EGP,ILS,reference,0.0782
2024-06-11,EUR,ILS,reference,4.0014
2024-06-11,GBP,ILS,reference,4.7374
2024-06-11,JOD,ILS,reference,5.2505
2024-06-11,JPY,ILS,reference,0.023663
2024-06-11,LBP,ILS,reference,0.00004
2024-06-11,NOK,ILS,reference,0.3491
2024-06-11,SEK,ILS,reference,0.3546
2024-06-11,USD,ILS,reference,3.723
2024-06-11,ZAR,ILS,reference,0.1992
2024-06-13,AUD,ILS,reference,2.4677
2024-06-13,CAD,ILS,reference,2.7018
2024-06-13,CHF,ILS,reference,4.144
2024-06-13,DKK,ILS,reference,0.537
2024-06-13,EGP,ILS,reference,0.0779
2024-06-13,EUR,ILS,reference,4.0056
2024-06-13,GBP,ILS,reference,4.7422
2024-06-13,JOD,ILS,reference,5.2394
2024-06-13,JPY,ILS,reference,0.023624999999999997
2024-06-13,LBP,ILS,reference,0.00004
2024-06-13,NOK,ILS,reference,0.3502
2024-06-13,SEK,ILS,reference,0.3571
2024-06-13,USD,ILS,reference,3.715
2024-06-13,ZAR,ILS,reference,0.2019
2024-06-14,AUD,ILS,reference,2.4625
2024-06-14,CAD,ILS,reference,2.7071
2024-06-14,CHF,ILS,reference,4.172
2024-06-14,DKK,ILS,reference,0.534
2024-06-14,EGP,ILS,reference,0.078
2024-06-14,EUR,ILS,reference,3.9841
2024-06-14,GBP,ILS,reference,4.7384
2024-06-14,JOD,ILS,reference,5.2512
2024-06-14,JPY,ILS,reference,0.023618
2024-06-14,LBP,ILS,reference,0.00004
2024-06-14,NOK,ILS,reference,0.3486
2024-06-14,SEK,ILS,reference,0.3541
2024-06-14,USD,ILS,reference,3.723
2024-06-14,ZAR,ILS,reference,0.2026
2024-06-17,AUD,ILS,reference,2.4658
2024-06-17,CAD,ILS,reference,2.7159
2024-06-17,CHF,ILS,reference,4.1829
2024-06-17,DKK,ILS,reference,0.5358
2024-06-17,EGP,ILS,reference,0.0782
2024-06-17,EUR,ILS,reference,3.9969
2024-06-17,GBP,ILS,reference,4.7279
2024-06-17,JOD,ILS,reference,5.2632
2024-06-17,JPY,ILS,reference,0.023672
2024-06-17,LBP,ILS,reference,0.00004
2024-06-17,NOK,ILS,reference,0.3482
2024-06-17,SEK,ILS,reference,0.354
2024-06-17,USD,ILS,reference,3.732
2024-06-17,ZAR,ILS,reference,0.2049
2024-06-18,AUD,ILS,reference,2.4629
2024-06-18,CAD,ILS,reference,2.7076
2024-06-18,CHF,ILS,reference,4.1925
2024-06-18,DKK,ILS,reference,0.5347
2024-06-18,EGP,ILS,reference,0.078
2024-06-18,EUR,ILS,reference,3.989
2024-06-18,GBP,ILS,reference,4.7226
2024-06-18,JOD,ILS,reference,5.2498
2024-06-18,JPY,ILS,reference,0.023537
2024-06-18,LBP,ILS,reference,0.00004
2024-06-18,NOK,ILS,reference,0.3484
2024-06-18,SEK,ILS,reference,0.3545
2024-06-18,USD,ILS,reference,3.722
2024-06-18,ZAR,ILS,reference,0.2053
2024-06-19,AUD,ILS,reference,2.4798
2024-06-19,CAD,ILS,reference,2.7107
2024-06-19,CHF,ILS,reference,4.2004
2024-06-19,DKK,ILS,reference,0.5354
2024-06-19,EGP,ILS,reference,0.0779
2024-06-19,EUR,ILS,reference,3.9941
2024-06-19,GBP,ILS,reference,4.7313
2024-06-19,JOD,ILS,reference,5.2413
2024-06-19,JPY,ILS,reference,0.023537
2024-06-19,LBP,ILS,reference,0.00004
2024-06-19,NOK,ILS,reference,0.352
2024-06-19,SEK,ILS,reference,0.3565
2024-06-19,USD,ILS,reference,3.716
2024-06-19,ZAR,ILS,reference,0.2063
2024-06-20,AUD,ILS,reference,2.4824
2024-06-20,CAD,ILS,reference,2.7128
2024-06-20,CHF,ILS,reference,4.1791
2024-06-20,DKK,ILS,reference,0.5349
2024-06-20,EGP,ILS,reference,0.078
2024-06-20,EUR,ILS,reference,3.9894
2024-06-20,GBP,ILS,reference,4.719
2024-06-20,JOD,ILS,reference,5.2454
2024-06-20,JPY,ILS,reference,0.023478
2024-06-20,LBP,ILS,reference,0.00004
2024-06-20,NOK,ILS,reference,0.3531
2024-06-20,SEK,ILS,reference,0.3564
2024-06-20,USD,ILS,reference,3.719
2024-06-20,ZAR,ILS,reference,0.2057
2024-06-21,AUD,ILS,reference,2.4873
2024-06-21,CAD,ILS,reference,2.7315
2024-06-21,CHF,ILS,reference,4.191
2024-06-21,DKK,ILS,reference,0.5361
2024-06-21,EGP,ILS,reference,0.0784
2024-06-21,EUR,ILS,reference,3.998
2024-06-21,GBP,ILS,reference,4.7312
2024-06-21,JOD,ILS,reference,5.2739
2024-06-21,JPY,ILS,reference,0.023540000000000002
2024-06-21,LBP,ILS,reference,0.00004
2024-06-21,NOK,ILS,reference,0.3545
2024-06-21,SEK,ILS,reference,0.3563
2024-06-21,USD,ILS,reference,3.739
2024-06-21,ZAR,ILS,reference,0.2088
2024-06-24,AUD,ILS,reference,2.4745
2024-06-24,CAD,ILS,reference,2.7221
2024-06-24,CHF,ILS,reference,4.1701
2024-06-24,DKK,ILS,reference,0.5356
2024-06-24,EGP,ILS,reference,0.0771
2024-06-24,EUR,ILS,reference,3.995
2024-06-24,GBP,ILS,reference,4.7152
2024-06-24,JOD,ILS,reference,5.2575
2024-06-24,JPY,ILS,reference,0.023344
2024-06-24,LBP,ILS,reference,0.00004
2024-06-24,NOK,ILS,reference,0.3524
2024-06-24,SEK,ILS,reference,0.3548
2024-06-24,USD,ILS,reference,3.724
2024-06-24,ZAR,ILS,reference,0.2053
2024-06-25,AUD,ILS,reference,2.4806
2024-06-25,CAD,ILS,reference,2.7268
2024-06-25,CHF,ILS,reference,4.17
2024-06-25,DKK,ILS,reference,0.5354
2024-06-25,EGP,ILS,reference,0.0769
2024-06-25,EUR,ILS,reference,3.9943
2024-06-25,GBP,ILS,reference,4.7284
2024-06-25,JOD,ILS,reference,5.2585
2024-06-25,JPY,ILS,reference,0.023351999999999998
2024-06-25,LBP,ILS,reference,0.00004
2024-06-25,NOK,ILS,reference,0.3527
2024-06-25,SEK,ILS,reference,0.356
2024-06-25,USD,ILS,reference,3.725
2024-06-25,ZAR,ILS,reference,0.2055
2024-06-26,AUD,ILS,reference,2.4957
2024-06-26,CAD,ILS,reference,2.7397
2024-06-26,CHF,ILS,reference,4.1784
2024-06-26,DKK,ILS,reference,0.5372
2024-06-26,EGP,ILS,reference,0.0781
2024-06-26,EUR,ILS,reference,4.0077
2024-06-26,GBP,ILS,reference,4.7419
2024-06-26,JOD,ILS,reference,5.2969
2024-06-26,JPY,ILS,reference,0.023403999999999998
2024-06-26,LBP,ILS,reference,0.00004
2024-06-26,NOK,ILS,reference,0.3521
2024-06-26,SEK,ILS,reference,0.355
2024-06-26,USD,ILS,reference,3.752
2024-06-26,ZAR,ILS,reference,0.2066
2024-06-27,AUD,ILS,reference,2.4988
2024-06-27,CAD,ILS,reference,2.7431
2024-06-27,CHF,ILS,reference,4.1841
2024-06-27,DKK,ILS,reference,0.5387
2024-06-27,EGP,ILS,reference,0.0782
2024-06-27,EUR,ILS,reference,4.018
2024-06-27,GBP,ILS,reference,4.7483
2024-06-27,JOD,ILS,reference,5.2959
2024-06-27,JPY,ILS,reference,0.023388
2024-06-27,LBP,ILS,reference,0.00004
2024-06-27,NOK,ILS,reference,0.3523
2024-06-27,SEK,ILS,reference,0.3543
2024-06-27,USD,ILS,reference,3.755
2024-06-27,ZAR,ILS,reference,0.2042
2024-06-28,AUD,ILS,reference,2.4931
2024-06-28,CAD,ILS,reference,2.7413
2024-06-28,CHF,ILS,reference,4.179
2024-06-28,DKK,ILS,reference,0.539
2024-06-28,EGP,ILS,reference,0.0783
2024-06-28,EUR,ILS,reference,4.0202
2024-06-28,GBP,ILS,reference,4.7505
2024-06-28,JOD,ILS,reference,5.305
2024-06-28,JPY,ILS,reference,0.023359
2024-06-28,LBP,ILS,reference,0.00004
2024-06-28,NOK,ILS,reference,0.3521
2024-06-28,SEK,ILS,reference,0.3528
2024-06-28,USD,ILS,reference,3.759
2024-06-28,ZAR,ILS,reference,0.2062
2024-07-01,AUD,ILS,reference,2.5052
2024-07-01,CAD,ILS,reference,2.7417
2024-07-01,CHF,ILS,reference,4.1636
2024-07-01,DKK,ILS,reference,0.5409
2024-07-01,EGP,ILS,reference,0.0777
2024-07-01,EUR,ILS,reference,4.0346
2024-07-01,GBP,ILS,reference,4.7552
2024-07-01,JOD,ILS,reference,5.2935
2024-07-01,JPY,ILS,reference,0.023292
2024-07-01,LBP,ILS,reference,0.00004
2024-07-01,NOK,ILS,reference,0.3528
2024-07-01,SEK,ILS,reference,0.355
2024-07-01,USD,ILS,reference,3.753
2024-07-01,ZAR,ILS,reference,0.2078
2024-07-02,AUD,ILS,reference,2.502
2024-07-02,CAD,ILS,reference,2.7408
2024-07-02,CHF,ILS,reference,4.1654
2024-07-02,DKK,ILS,reference,0.5409
2024-07-02,EGP,ILS,reference,0.0782
2024-07-02,EUR,ILS,reference,4.0343
2024-07-02,GBP,ILS,reference,4.7597
2024-07-02,JOD,ILS,reference,5.3136
2024-07-02,JPY,ILS,reference,0.023287
2024-07-02,LBP,ILS,reference,0.00004
2024-07-02,NOK,ILS,reference,0.3523
2024-07-02,SEK,ILS,reference,0.3532
2024-07-02,USD,ILS,reference,3.765
2024-07-02,ZAR,ILS,reference,0.2035
2024-07-03,AUD,ILS,reference,2.5101
2024-07-03,CAD,ILS,reference,2.7507
2024-07-03,CHF,ILS,reference,4.1662
2024-07-03,DKK,ILS,reference,0.5429
2024-07-03,EGP,ILS,reference,0.0782
2024-07-03,EUR,ILS,reference,4.0497
2024-07-03,GBP,ILS,reference,4.7794
2024-07-03,JOD,ILS,reference,5.3079
2024-07-03,JPY,ILS,reference,0.023239999999999997
2024-07-03,LBP,ILS,reference,0.00004
2024-07-03,NOK,ILS,reference,0.3534
2024-07-03,SEK,ILS,reference,0.3565
2024-07-03,USD,ILS,reference,3.763
2024-07-03,ZAR,ILS,reference,0.2036
2024-07-04,AUD,ILS,reference,2.5169
2024-07-04,CAD,ILS,reference,2.746
2024-07-04,CHF,ILS,reference,4.1561
2024-07-04,DKK,ILS,reference,0.5416
2024-07-04,EGP,ILS,reference,0.0779
2024-07-04,EUR,ILS,reference,4.0394
2024-07-04,GBP,ILS,reference,4.7719
2024-07-04,JOD,ILS,reference,5.2763
2024-07-04,JPY,ILS,reference,0.023225
2024-07-04,LBP,ILS,reference,0.00004
2024-07-04,NOK,ILS,reference,0.3544
2024-07-04,SEK,ILS,reference,0.3562
2024-07-04,USD,ILS,reference,3.741
2024-07-04,ZAR,ILS,reference,0.2038
2024-07-05,AUD,ILS,reference,2.5058
2024-07-05,CAD,ILS,reference,2.7341
2024-07-05,CHF,ILS,reference,4.1413
2024-07-05,DKK,ILS,reference,0.5401
2024-07-05,EGP,ILS,reference,0.0775
2024-07-05,EUR,ILS,reference,4.0286
2024-07-05,GBP,ILS,reference,4.7544
2024-07-05,JOD,ILS,reference,5.2475
2024-07-05,JPY,ILS,reference,0.02315
2024-07-05,LBP,ILS,reference,0.00004
2024-07-05,NOK,ILS,reference,0.3525
2024-07-05,SEK,ILS,reference,0.3547
2024-07-05,USD,ILS,reference,3.721
2024-07-05,ZAR,ILS,reference,0.2044
2024-07-08,AUD,ILS,reference,2.4847
2024-07-08,CAD,ILS,reference,2.7033
2024-07-08,CHF,ILS,reference,4.1132
2024-07-08,DKK,ILS,reference,0.5355
2024-07-08,EGP,ILS,reference,0.0768
2024-07-08,EUR,ILS,reference,3.9942
2024-07-08,GBP,ILS,reference,4.7258
2024-07-08,JOD,ILS,reference,5.198
2024-07-08,JPY,ILS,reference,0.022899
2024-07-08,LBP,ILS,reference,0.00004
2024-07-08,NOK,ILS,reference,0.3485
2024-07-08,SEK,ILS,reference,0.3512
2024-07-08,USD,ILS,reference,3.685
2024-07-08,ZAR,ILS,reference,0.2033
2024-07-09,AUD,ILS,reference,2.4763
2024-07-09,CAD,ILS,reference,2.6933
2024-07-09,CHF,ILS,reference,4.0896
2024-07-09,DKK,ILS,reference,0.5329
2024-07-09,EGP,ILS,reference,0.0763
2024-07-09,EUR,ILS,reference,3.9752
2024-07-09,GBP,ILS,reference,4.7068
2024-07-09,JOD,ILS,reference,5.1841
2024-07-09,JPY,ILS,reference,0.022812000000000002
2024-07-09,LBP,ILS,reference,0.00004
2024-07-09,NOK,ILS,reference,0.3457
2024-07-09,SEK,ILS,reference,0.3479
2024-07-09,USD,ILS,reference,3.673
2024-07-09,ZAR,ILS,reference,0.2027
2024-07-10,AUD,ILS,reference,2.4682
2024-07-10,CAD,ILS,reference,2.6861
2024-07-10,CHF,ILS,reference,4.0792
2024-07-10,DKK,ILS,reference,0.5313
2024-07-10,EGP,ILS,reference,0.0763
2024-07-10,EUR,ILS,reference,3.9638
2024-07-10,GBP,ILS,reference,4.6913
2024-07-10,JOD,ILS,reference,5.1666
2024-07-10,JPY,ILS,reference,0.02268
2024-07-10,LBP,ILS,reference,0.00004
2024-07-10,NOK,ILS,reference,0.3421
2024-07-10,SEK,ILS,reference,0.3473
2024-07-10,USD,ILS,reference,3.663
2024-07-10,ZAR,ILS,reference,0.2026
2024-07-11,AUD,ILS,reference,2.4596
2024-07-11,CAD,ILS,reference,2.6702
2024-07-11,CHF,ILS,reference,4.0537
2024-07-11,DKK,ILS,reference,0.5294
2024-07-11,EGP,ILS,reference,0.0758
2024-07-11,EUR,ILS,reference,3.9501
2024-07-11,GBP,ILS,reference,4.6865
2024-07-11,JOD,ILS,reference,5.1377
2024-07-11,JPY,ILS,reference,0.022532999999999997
2024-07-11,LBP,ILS,reference,0.00004
2024-07-11,NOK,ILS,reference,0.3371
2024-07-11,SEK,ILS,reference,0.3458
2024-07-11,USD,ILS,reference,3.641
2024-07-11,ZAR,ILS,reference,0.2012
2024-07-12,AUD,ILS,reference,2.4665
2024-07-12,CAD,ILS,reference,2.6734
2024-07-12,CHF,ILS,reference,4.0653
2024-07-12,DKK,ILS,reference,0.531
2024-07-12,EGP,ILS,reference,0.0759
2024-07-12,EUR,ILS,reference,3.9618
2024-07-12,GBP,ILS,reference,4.7087
2024-07-12,JOD,ILS,reference,5.1364
2024-07-12,JPY,ILS,reference,0.022873
2024-07-12,LBP,ILS,reference,0.00004
2024-07-12,NOK,ILS,reference,0.34
2024-07-12,SEK,ILS,reference,0.3458
2024-07-12,USD,ILS,reference,3.642
2024-07-12,ZAR,ILS,reference,0.2028
2024-07-15,AUD,ILS,reference,2.4478
2024-07-15,CAD,ILS,reference,2.648
2024-07-15,CHF,ILS,reference,4.0385
2024-07-15,DKK,ILS,reference,0.528
2024-07-15,EGP,ILS,reference,0.0753
2024-07-15,EUR,ILS,reference,3.9397
2024-07-15,GBP,ILS,reference,4.686
2024-07-15,JOD,ILS,reference,5.0951
2024-07-15,JPY,ILS,reference,0.022844000000000003
2024-07-15,LBP,ILS,reference,0.00004
2024-07-15,NOK,ILS,reference,0.3352
2024-07-15,SEK,ILS,reference,0.3413
2024-07-15,USD,ILS,reference,3.612
2024-07-15,ZAR,ILS,reference,0.1984
2024-07-16,AUD,ILS,reference,2.4532
2024-07-16,CAD,ILS,reference,2.6597
2024-07-16,CHF,ILS,reference,4.061
2024-07-16,DKK,ILS,reference,0.5314
2024-07-16,EGP,ILS,reference,0.0758
2024-07-16,EUR,ILS,reference,3.9651
2024-07-16,GBP,ILS,reference,4.7168
2024-07-16,JOD,ILS,reference,5.1351
2024-07-16,JPY,ILS,reference,0.022967
2024-07-16,LBP,ILS,reference,0.00004
2024-07-16,NOK,ILS,reference,0.3363
2024-07-16,SEK,ILS,reference,0.3428
2024-07-16,USD,ILS,reference,3.639
2024-07-16,ZAR,ILS,reference,0.201
2024-07-17,AUD,ILS,reference,2.4455
2024-07-17,CAD,ILS,reference,2.6534
2024-07-17,CHF,ILS,reference,4.091
2024-07-17,DKK,ILS,reference,0.5317
2024-07-17,EGP,ILS,reference,0.0752
2024-07-17,EUR,ILS,reference,3.9665
2024-07-17,GBP,ILS,reference,4.727
2024-07-17,JOD,ILS,reference,5.1152
2024-07-17,JPY,ILS,reference,0.023182
2024-07-17,LBP,ILS,reference,0.00004
2024-07-17,NOK,ILS,reference,0.3374
2024-07-17,SEK,ILS,reference,0.3449
2024-07-17,USD,ILS,reference,3.627
2024-07-17,ZAR,ILS,reference,0.1996
2024-07-18,AUD,ILS,reference,2.4483
2024-07-18,CAD,ILS,reference,2.6578
2024-07-18,CHF,ILS,reference,4.112
2024-07-18,DKK,ILS,reference,0.5327
2024-07-18,EGP,ILS,reference,0.0754
2024-07-18,EUR,ILS,reference,3.9744
2024-07-18,GBP,ILS,reference,4.7194
2024-07-18,JOD,ILS,reference,5.1323
2024-07-18,JPY,ILS,reference,0.023235000000000002
2024-07-18,LBP,ILS,reference,0.00004
2024-07-18,NOK,ILS,reference,0.3385
2024-07-18,SEK,ILS,reference,0.3447
2024-07-18,USD,ILS,reference,3.636
2024-07-18,ZAR,ILS,reference,0.1994
2024-07-19,AUD,ILS,reference,2.4507
2024-07-19,CAD,ILS,reference,2.6694
2024-07-19,CHF,ILS,reference,4.1202
2024-07-19,DKK,ILS,reference,0.534
2024-07-19,EGP,ILS,reference,0.0759
2024-07-19,EUR,ILS,reference,3.9842
2024-07-19,GBP,ILS,reference,4.7308
2024-07-19,JOD,ILS,reference,5.1645
2024-07-19,JPY,ILS,reference,0.023279
2024-07-19,LBP,ILS,reference,0.00004
2024-07-19,NOK,ILS,reference,0.337
2024-07-19,SEK,ILS,reference,0.3434
2024-07-19,USD,ILS,reference,3.662
2024-07-19,ZAR,ILS,reference,0.1996
2024-07-22,AUD,ILS,reference,2.4187
2024-07-22,CAD,ILS,reference,2.6416
2024-07-22,CHF,ILS,reference,4.0899
2024-07-22,DKK,ILS,reference,0.5298
2024-07-22,EGP,ILS,reference,0.075
2024-07-22,EUR,ILS,reference,3.9534
2024-07-22,GBP,ILS,reference,4.694
2024-07-22,JOD,ILS,reference,5.1243
2024-07-22,JPY,ILS,reference,0.023177
2024-07-22,LBP,ILS,reference,0.00004
2024-07-22,NOK,ILS,reference,0.3323
2024-07-22,SEK,ILS,reference,0.3404
2024-07-22,USD,ILS,reference,3.631
2024-07-22,ZAR,ILS,reference,0.1988
2024-07-23,AUD,ILS,reference,2.4022
2024-07-23,CAD,ILS,reference,2.6344
2024-07-23,CHF,ILS,reference,4.0691
2024-07-23,DKK,ILS,reference,0.5278
2024-07-23,EGP,ILS,reference,0.0749
2024-07-23,EUR,ILS,reference,3.9378
2024-07-23,GBP,ILS,reference,4.6743
2024-07-23,JOD,ILS,reference,5.1142
2024-07-23,JPY,ILS,reference,0.023232
2024-07-23,LBP,ILS,reference,0.00004
2024-07-23,NOK,ILS,reference,0.3294
2024-07-23,SEK,ILS,reference,0.3374
2024-07-23,USD,ILS,reference,3.626
2024-07-23,ZAR,ILS,reference,0.1978
2024-07-24,AUD,ILS,reference,2.3956
2024-07-24,CAD,ILS,reference,2.6312
2024-07-24,CHF,ILS,reference,4.0913
2024-07-24,DKK,ILS,reference,0.5271
2024-07-24,EGP,ILS,reference,0.075
2024-07-24,EUR,ILS,reference,3.9334
2024-07-24,GBP,ILS,reference,4.6841
2024-07-24,JOD,ILS,reference,5.1155
2024-07-24,JPY,ILS,reference,0.023535
2024-07-24,LBP,ILS,reference,0.00004
2024-07-24,NOK,ILS,reference,0.3291
2024-07-24,SEK,ILS,reference,0.3364
2024-07-24,USD,ILS,reference,3.627
2024-07-24,ZAR,ILS,reference,0.198
2024-07-25,AUD,ILS,reference,2.3832
2024-07-25,CAD,ILS,reference,2.6404
2024-07-25,CHF,ILS,reference,4.1578
2024-07-25,DKK,ILS,reference,0.5313
2024-07-25,EGP,ILS,reference,0.0756
2024-07-25,EUR,ILS,reference,3.9646
2024-07-25,GBP,ILS,reference,4.704
2024-07-25,JOD,ILS,reference,5.1523
2024-07-25,JPY,ILS,reference,0.023996
2024-07-25,LBP,ILS,reference,0.00004
2024-07-25,NOK,ILS,reference,0.3289
2024-07-25,SEK,ILS,reference,0.3372
2024-07-25,USD,ILS,reference,3.653
2024-07-25,ZAR,ILS,reference,0.1976
2024-07-26,AUD,ILS,reference,2.4135
2024-07-26,CAD,ILS,reference,2.6645
2024-07-26,CHF,ILS,reference,4.1696
2024-07-26,DKK,ILS,reference,0.5351
2024-07-26,EGP,ILS,reference,0.0761
2024-07-26,EUR,ILS,reference,3.9932
2024-07-26,GBP,ILS,reference,4.7354
2024-07-26,JOD,ILS,reference,5.19
2024-07-26,JPY,ILS,reference,0.023906999999999998
2024-07-26,LBP,ILS,reference,0.00004
2024-07-26,NOK,ILS,reference,0.3346
2024-07-26,SEK,ILS,reference,0.3405
2024-07-26,USD,ILS,reference,3.68
2024-07-26,ZAR,ILS,reference,0.2017
2024-07-29,AUD,ILS,reference,2.4445
2024-07-29,CAD,ILS,reference,2.6966
2024-07-29,CHF,ILS,reference,4.2195
2024-07-29,DKK,ILS,reference,0.5418
2024-07-29,EGP,ILS,reference,0.0772
2024-07-29,EUR,ILS,reference,4.0432
2024-07-29,GBP,ILS,reference,4.7938
2024-07-29,JOD,ILS,reference,5.2646
2024-07-29,JPY,ILS,reference,0.024281
2024-07-29,LBP,ILS,reference,0.00004
2024-07-29,NOK,ILS,reference,0.3394
2024-07-29,SEK,ILS,reference,0.3453
2024-07-29,USD,ILS,reference,3.733
2024-07-29,ZAR,ILS,reference,0.2031
2024-07-30,AUD,ILS,reference,2.442
2024-07-30,CAD,ILS,reference,2.6959
2024-07-30,CHF,ILS,reference,4.214
2024-07-30,DKK,ILS,reference,0.542
2024-07-30,EGP,ILS,reference,0.0771
2024-07-30,EUR,ILS,reference,4.0434
2024-07-30,GBP,ILS,reference,4.8
2024-07-30,JOD,ILS,reference,5.2679
2024-07-30,JPY,ILS,reference,0.024119
2024-07-30,LBP,ILS,reference,0.00004
2024-07-30,NOK,ILS,reference,0.3405
2024-07-30,SEK,ILS,reference,0.3457
2024-07-30,USD,ILS,reference,3.733
2024-07-30,ZAR,ILS,reference,0.204
2024-07-31,AUD,ILS,reference,2.4472
2024-07-31,CAD,ILS,reference,2.722
2024-07-31,CHF,ILS,reference,4.277
2024-07-31,DKK,ILS,reference,0.5469
2024-07-31,EGP,ILS,reference,0.0775
2024-07-31,EUR,ILS,reference,4.081
2024-07-31,GBP,ILS,reference,4.8363
2024-07-31,JOD,ILS,reference,5.3134
2024-07-31,JPY,ILS,reference,0.025045
2024-07-31,LBP,ILS,reference,0.00004
2024-07-31,NOK,ILS,reference,0.3451
2024-07-31,SEK,ILS,reference,0.3513
2024-07-31,USD,ILS,reference,3.767
2024-07-31,ZAR,ILS,reference,0.2068
2024-08-01,AUD,ILS,reference,2.4762
2024-08-01,CAD,ILS,reference,2.7423
2024-08-01,CHF,ILS,reference,4.3259
2024-08-01,DKK,ILS,reference,0.5481
2024-08-01,EGP,ILS,reference,0.0779
2024-08-01,EUR,ILS,reference,4.0902
2024-08-01,GBP,ILS,reference,4.8452
2024-08-01,JOD,ILS,reference,5.3515
2024-08-01,JPY,ILS,reference,0.025282
2024-08-01,LBP,ILS,reference,0.00004
2024-08-01,NOK,ILS,reference,0.3479
2024-08-01,SEK,ILS,reference,0.3547
2024-08-01,USD,ILS,reference,3.792
2024-08-01,ZAR,ILS,reference,0.2081
2024-08-02,AUD,ILS,reference,2.48
2024-08-02,CAD,ILS,reference,2.7449
2024-08-02,CHF,ILS,reference,4.3666
2024-08-02,DKK,ILS,reference,0.551
2024-08-02,EGP,ILS,reference,0.0782
2024-08-02,EUR,ILS,reference,4.1114
2024-08-02,GBP,ILS,reference,4.8401
2024-08-02,JOD,ILS,reference,5.3736
2024-08-02,JPY,ILS,reference,0.025558
2024-08-02,LBP,ILS,reference,0.00004
2024-08-02,NOK,ILS,reference,0.3474
2024-08-02,SEK,ILS,reference,0.3548
2024-08-02,USD,ILS,reference,3.807
2024-08-02,ZAR,ILS,reference,0.2087
2024-08-05,AUD,ILS,reference,2.4652
2024-08-05,CAD,ILS,reference,2.7579
2024-08-05,CHF,ILS,reference,4.5009
2024-08-05,DKK,ILS,reference,0.5612
2024-08-05,EGP,ILS,reference,0.0776
2024-08-05,EUR,ILS,reference,4.187
2024-08-05,GBP,ILS,reference,4.8757
2024-08-05,JOD,ILS,reference,5.3941
2024-08-05,JPY,ILS,reference,0.026835
2024-08-05,LBP,ILS,reference,0.00004
2024-08-05,NOK,ILS,reference,0.3462
2024-08-05,SEK,ILS,reference,0.3617
2024-08-05,USD,ILS,reference,3.824
2024-08-05,ZAR,ILS,reference,0.2058
2024-08-06,AUD,ILS,reference,2.4905
2024-08-06,CAD,ILS,reference,2.7768
2024-08-06,CHF,ILS,reference,4.4956
2024-08-06,DKK,ILS,reference,0.5616
2024-08-06,EGP,ILS,reference,0.0781
2024-08-06,EUR,ILS,reference,4.1915
2024-08-06,GBP,ILS,reference,4.8795
2024-08-06,JOD,ILS,reference,5.4207
2024-08-06,JPY,ILS,reference,0.026486999999999997
2024-08-06,LBP,ILS,reference,0.00004
2024-08-06,NOK,ILS,reference,0.3488
2024-08-06,SEK,ILS,reference,0.3629
2024-08-06,USD,ILS,reference,3.843
2024-08-06,ZAR,ILS,reference,0.2075
2024-08-07,AUD,ILS,reference,2.4866
2024-08-07,CAD,ILS,reference,2.7533
2024-08-07,CHF,ILS,reference,4.3865
2024-08-07,DKK,ILS,reference,0.5537
2024-08-07,EGP,ILS,reference,0.0768
2024-08-07,EUR,ILS,reference,4.1327
2024-08-07,GBP,ILS,reference,4.8131
2024-08-07,JOD,ILS,reference,5.3396
2024-08-07,JPY,ILS,reference,0.025703999999999998
2024-08-07,LBP,ILS,reference,0.00004
2024-08-07,NOK,ILS,reference,0.3516
2024-08-07,SEK,ILS,reference,0.3628
2024-08-07,USD,ILS,reference,3.784
2024-08-07,ZAR,ILS,reference,0.2065
2024-08-08,AUD,ILS,reference,2.4846
2024-08-08,CAD,ILS,reference,2.7579
2024-08-08,CHF,ILS,reference,4.4196
2024-08-08,DKK,ILS,reference,0.5552
2024-08-08,EGP,ILS,reference,0.0769
2024-08-08,EUR,ILS,reference,4.1431
2024-08-08,GBP,ILS,reference,4.8115
2024-08-08,JOD,ILS,reference,5.3478
2024-08-08,JPY,ILS,reference,0.025958000000000002
2024-08-08,LBP,ILS,reference,0.00004
2024-08-08,NOK,ILS,reference,0.3489
2024-08-08,SEK,ILS,reference,0.3609
2024-08-08,USD,ILS,reference,3.792
2024-08-08,ZAR,ILS,reference,0.2059
2024-08-09,AUD,ILS,reference,2.4697
2024-08-09,CAD,ILS,reference,2.7246
2024-08-09,CHF,ILS,reference,4.3199
2024-08-09,DKK,ILS,reference,0.5479
2024-08-09,EGP,ILS,reference,0.076
2024-08-09,EUR,ILS,reference,4.0888
2024-08-09,GBP,ILS,reference,4.778
2024-08-09,JOD,ILS,reference,5.2777
2024-08-09,JPY,ILS,reference,0.025451
2024-08-09,LBP,ILS,reference,0.00004
2024-08-09,NOK,ILS,reference,0.3464
2024-08-09,SEK,ILS,reference,0.3561
2024-08-09,USD,ILS,reference,3.742
2024-08-09,ZAR,ILS,reference,0.2046
2024-08-12,AUD,ILS,reference,2.4875
2024-08-12,CAD,ILS,reference,2.7463
2024-08-12,CHF,ILS,reference,4.3399
2024-08-12,DKK,ILS,reference,0.552
2024-08-12,EGP,ILS,reference,0.0764
2024-08-12,EUR,ILS,reference,4.1196
2024-08-12,GBP,ILS,reference,4.8152
2024-08-12,JOD,ILS,reference,5.3175
2024-08-12,JPY,ILS,reference,0.025554
2024-08-12,LBP,ILS,reference,0.00004
2024-08-12,NOK,ILS,reference,0.3498
2024-08-12,SEK,ILS,reference,0.3585
2024-08-12,USD,ILS,reference,3.77
2024-08-12,ZAR,ILS,reference,0.2068
2024-08-14,AUD,ILS,reference,2.4721
2024-08-14,CAD,ILS,reference,2.7215
2024-08-14,CHF,ILS,reference,4.3237
2024-08-14,DKK,ILS,reference,0.5511
2024-08-14,EGP,ILS,reference,0.076
2024-08-14,EUR,ILS,reference,4.1122
2024-08-14,GBP,ILS,reference,4.792
2024-08-14,JOD,ILS,reference,5.2659
2024-08-14,JPY,ILS,reference,0.025390000000000003
2024-08-14,LBP,ILS,reference,0.00004
2024-08-14,NOK,ILS,reference,0.3495
2024-08-14,SEK,ILS,reference,0.3584
2024-08-14,USD,ILS,reference,3.731
2024-08-14,ZAR,ILS,reference,0.2066
2024-08-15,AUD,ILS,reference,2.4617
2024-08-15,CAD,ILS,reference,2.71
2024-08-15,CHF,ILS,reference,4.2891
2024-08-15,DKK,ILS,reference,0.5482
2024-08-15,EGP,ILS,reference,0.076
2024-08-15,EUR,ILS,reference,4.0912
2024-08-15,GBP,ILS,reference,4.7759
2024-08-15,JOD,ILS,reference,5.2401
2024-08-15,JPY,ILS,reference,0.025238
2024-08-15,LBP,ILS,reference,0.00004
2024-08-15,NOK,ILS,reference,0.3479
2024-08-15,SEK,ILS,reference,0.3551
2024-08-15,USD,ILS,reference,3.715
2024-08-15,ZAR,ILS,reference,0.2064
2024-08-16,AUD,ILS,reference,2.4414
2024-08-16,CAD,ILS,reference,2.6834
2024-08-16,CHF,ILS,reference,4.2386
2024-08-16,DKK,ILS,reference,0.5424
2024-08-16,EGP,ILS,reference,0.0753
2024-08-16,EUR,ILS,reference,4.0475
2024-08-16,GBP,ILS,reference,4.7462
2024-08-16,JOD,ILS,reference,5.1945
2024-08-16,JPY,ILS,reference,0.024752
2024-08-16,LBP,ILS,reference,0.00004
2024-08-16,NOK,ILS,reference,0.3436
2024-08-16,SEK,ILS,reference,0.3503
2024-08-16,USD,ILS,reference,3.683
2024-08-16,ZAR,ILS,reference,0.2053
2024-08-19,AUD,ILS,reference,2.4767
2024-08-19,CAD,ILS,reference,2.7048
2024-08-19,CHF,ILS,reference,4.2786
2024-08-19,DKK,ILS,reference,0.5474
2024-08-19,EGP,ILS,reference,0.0758
2024-08-19,EUR,ILS,reference,4.0852
2024-08-19,GBP,ILS,reference,4.7954
2024-08-19,JOD,ILS,reference,5.22
2024-08-19,JPY,ILS,reference,0.025301999999999998
2024-08-19,LBP,ILS,reference,0.00004
2024-08-19,NOK,ILS,reference,0.3474
2024-08-19,SEK,ILS,reference,0.3552
2024-08-19,USD,ILS,reference,3.701
2024-08-19,ZAR,ILS,reference,0.2075
2024-08-20,AUD,ILS,reference,2.4864
2024-08-20,CAD,ILS,reference,2.7138
2024-08-20,CHF,ILS,reference,4.2963
2024-08-20,DKK,ILS,reference,0.5485
2024-08-20,EGP,ILS,reference,0.0755
2024-08-20,EUR,ILS,reference,4.0926
2024-08-20,GBP,ILS,reference,4.8037
2024-08-20,JOD,ILS,reference,5.2138
2024-08-20,JPY,ILS,reference,0.025230000000000002
2024-08-20,LBP,ILS,reference,0.00004
2024-08-20,NOK,ILS,reference,0.3504
2024-08-20,SEK,ILS,reference,0.3595
2024-08-20,USD,ILS,reference,3.694
2024-08-20,ZAR,ILS,reference,0.2077
2024-08-21,AUD,ILS,reference,2.5084
2024-08-21,CAD,ILS,reference,2.7363
2024-08-21,CHF,ILS,reference,4.3489
2024-08-21,DKK,ILS,reference,0.5545
2024-08-21,EGP,ILS,reference,0.0763
2024-08-21,EUR,ILS,reference,4.1376
2024-08-21,GBP,ILS,reference,4.8519
2024-08-21,JOD,ILS,reference,5.2499
2024-08-21,JPY,ILS,reference,0.025469
2024-08-21,LBP,ILS,reference,0.00004
2024-08-21,NOK,ILS,reference,0.3541
2024-08-21,SEK,ILS,reference,0.3632
2024-08-21,USD,ILS,reference,3.722
2024-08-21,ZAR,ILS,reference,0.2089
2024-08-22,AUD,ILS,reference,2.509
2024-08-22,CAD,ILS,reference,2.7418
2024-08-22,CHF,ILS,reference,4.374
2024-08-22,DKK,ILS,reference,0.5557
2024-08-22,EGP,ILS,reference,0.0763
2024-08-22,EUR,ILS,reference,4.1473
2024-08-22,GBP,ILS,reference,4.8831
2024-08-22,JOD,ILS,reference,5.2519
2024-08-22,JPY,ILS,reference,0.025543
2024-08-22,LBP,ILS,reference,0.00004
2024-08-22,NOK,ILS,reference,0.3531
2024-08-22,SEK,ILS,reference,0.3644
2024-08-22,USD,ILS,reference,3.724
2024-08-22,ZAR,ILS,reference,0.2072
2024-08-23,AUD,ILS,reference,2.4893
2024-08-23,CAD,ILS,reference,2.725
2024-08-23,CHF,ILS,reference,4.3497
2024-08-23,DKK,ILS,reference,0.552
2024-08-23,EGP,ILS,reference,0.0759
2024-08-23,EUR,ILS,reference,4.119
2024-08-23,GBP,ILS,reference,4.8594
2024-08-23,JOD,ILS,reference,5.224
2024-08-23,JPY,ILS,reference,0.025377999999999998
2024-08-23,LBP,ILS,reference,0.00004
2024-08-23,NOK,ILS,reference,0.3493
2024-08-23,SEK,ILS,reference,0.3606
2024-08-23,USD,ILS,reference,3.704
2024-08-23,ZAR,ILS,reference,0.2063
2024-08-26,AUD,ILS,reference,2.4815
2024-08-26,CAD,ILS,reference,2.7132
2024-08-26,CHF,ILS,reference,4.3251
2024-08-26,DKK,ILS,reference,0.5485
2024-08-26,EGP,ILS,reference,0.0752
2024-08-26,EUR,ILS,reference,4.0933
2024-08-26,GBP,ILS,reference,4.8333
2024-08-26,JOD,ILS,reference,5.17
2024-08-26,JPY,ILS,reference,0.025421999999999997
2024-08-26,LBP,ILS,reference,0.00004
2024-08-26,NOK,ILS,reference,0.3473
2024-08-26,SEK,ILS,reference,0.3587
2024-08-26,USD,ILS,reference,3.666
2024-08-26,ZAR,ILS,reference,0.2065
2024-08-27,AUD,ILS,reference,2.4977
2024-08-27,CAD,ILS,reference,2.7339
2024-08-27,CHF,ILS,reference,4.3555
2024-08-27,DKK,ILS,reference,0.5512
2024-08-27,EGP,ILS,reference,0.0757
2024-08-27,EUR,ILS,reference,4.112
2024-08-27,GBP,ILS,reference,4.8694
2024-08-27,JOD,ILS,reference,5.1959
2024-08-27,JPY,ILS,reference,0.025501999999999997
2024-08-27,LBP,ILS,reference,0.00004
2024-08-27,NOK,ILS,reference,0.3508
2024-08-27,SEK,ILS,reference,0.3615
2024-08-27,USD,ILS,reference,3.684
2024-08-27,ZAR,ILS,reference,0.2078
2024-08-28,AUD,ILS,reference,2.4901
2024-08-28,CAD,ILS,reference,2.7244
2024-08-28,CHF,ILS,reference,4.3506
2024-08-28,DKK,ILS,reference,0.5472
2024-08-28,EGP,ILS,reference,0.0754
2024-08-28,EUR,ILS,reference,4.0818
2024-08-28,GBP,ILS,reference,4.8489
2024-08-28,JOD,ILS,reference,5.174
2024-08-28,JPY,ILS,reference,0.025404
2024-08-28,LBP,ILS,reference,0.00004
2024-08-28,NOK,ILS,reference,0.3482
2024-08-28,SEK,ILS,reference,0.3601
2024-08-28,USD,ILS,reference,3.668
2024-08-28,ZAR,ILS,reference,0.2065
2024-08-29,AUD,ILS,reference,2.4997
2024-08-29,CAD,ILS,reference,2.724
2024-08-29,CHF,ILS,reference,4.3442
2024-08-29,DKK,ILS,reference,0.545
2024-08-29,EGP,ILS,reference,0.0753
2024-08-29,EUR,ILS,reference,4.0647
2024-08-29,GBP,ILS,reference,4.8326
2024-08-29,JOD,ILS,reference,5.1695
2024-08-29,JPY,ILS,reference,0.025371
2024-08-29,LBP,ILS,reference,0.00004
2024-08-29,NOK,ILS,reference,0.3496
2024-08-29,SEK,ILS,reference,0.3588
2024-08-29,USD,ILS,reference,3.665
2024-08-29,ZAR,ILS,reference,0.2071
2024-08-30,AUD,ILS,reference,2.492
2024-08-30,CAD,ILS,reference,2.7136
2024-08-30,CHF,ILS,reference,4.3102
2024-08-30,DKK,ILS,reference,0.5437
2024-08-30,EGP,ILS,reference,0.0752
2024-08-30,EUR,ILS,reference,4.0558
2024-08-30,GBP,ILS,reference,4.8245
2024-08-30,JOD,ILS,reference,5.1559
2024-08-30,JPY,ILS,reference,0.025216
2024-08-30,LBP,ILS,reference,0.00004
2024-08-30,NOK,ILS,reference,0.3483
2024-08-30,SEK,ILS,reference,0.358
2024-08-30,USD,ILS,reference,3.656
2024-08-30,ZAR,ILS,reference,0.2076
2024-09-02,AUD,ILS,reference,2.476
2024-09-02,CAD,ILS,reference,2.7067
2024-09-02,CHF,ILS,reference,4.2962
2024-09-02,DKK,ILS,reference,0.5421
2024-09-02,EGP,ILS,reference,0.0753
2024-09-02,EUR,ILS,reference,4.0433
2024-09-02,GBP,ILS,reference,4.7996
2024-09-02,JOD,ILS,reference,5.1567
2024-09-02,JPY,ILS,reference,0.024887000000000003
2024-09-02,LBP,ILS,reference,0.00004
2024-09-02,NOK,ILS,reference,0.3448
2024-09-02,SEK,ILS,reference,0.3561
2024-09-02,USD,ILS,reference,3.654
2024-09-02,ZAR,ILS,reference,0.2041
2024-09-03,AUD,ILS,reference,2.4714
2024-09-03,CAD,ILS,reference,2.7107
2024-09-03,CHF,ILS,reference,4.3097
2024-09-03,DKK,ILS,reference,0.5432
2024-09-03,EGP,ILS,reference,0.0757
2024-09-03,EUR,ILS,reference,4.0523
2024-09-03,GBP,ILS,reference,4.8184
2024-09-03,JOD,ILS,reference,5.1772
2024-09-03,JPY,ILS,reference,0.025127999999999998
2024-09-03,LBP,ILS,reference,0.00004
2024-09-03,NOK,ILS,reference,0.3438
2024-09-03,SEK,ILS,reference,0.3563
2024-09-03,USD,ILS,reference,3.671
2024-09-03,ZAR,ILS,reference,0.2042
2024-09-04,AUD,ILS,reference,2.499
2024-09-04,CAD,ILS,reference,2.7463
2024-09-04,CHF,ILS,reference,4.3788
2024-09-04,DKK,ILS,reference,0.5513
2024-09-04,EGP,ILS,reference,0.0767
2024-09-04,EUR,ILS,reference,4.113
2024-09-04,GBP,ILS,reference,4.8804
2024-09-04,JOD,ILS,reference,5.2489
2024-09-04,JPY,ILS,reference,0.025644999999999998
2024-09-04,LBP,ILS,reference,0.00004
2024-09-04,NOK,ILS,reference,0.3485
2024-09-04,SEK,ILS,reference,0.3608
2024-09-04,USD,ILS,reference,3.722
2024-09-04,ZAR,ILS,reference,0.2078
2024-09-05,AUD,ILS,reference,2.4834
2024-09-05,CAD,ILS,reference,2.7324
2024-09-05,CHF,ILS,reference,4.3642
2024-09-05,DKK,ILS,reference,0.5493
2024-09-05,EGP,ILS,reference,0.0763
2024-09-05,EUR,ILS,reference,4.0986
2024-09-05,GBP,ILS,reference,4.8609
2024-09-05,JOD,ILS,reference,5.2093
2024-09-05,JPY,ILS,reference,0.025737
2024-09-05,LBP,ILS,reference,0.00004
2024-09-05,NOK,ILS,reference,0.3475
2024-09-05,SEK,ILS,reference,0.3593
2024-09-05,USD,ILS,reference,3.693
2024-09-05,ZAR,ILS,reference,0.2073
2024-09-06,AUD,ILS,reference,2.4934
2024-09-06,CAD,ILS,reference,2.7442
2024-09-06,CHF,ILS,reference,4.4058
2024-09-06,DKK,ILS,reference,0.552
2024-09-06,EGP,ILS,reference,0.0765
2024-09-06,EUR,ILS,reference,4.1186
2024-09-06,GBP,ILS,reference,4.8843
2024-09-06,JOD,ILS,reference,5.2285
2024-09-06,JPY,ILS,reference,0.026044
2024-09-06,LBP,ILS,reference,0.00004
2024-09-06,NOK,ILS,reference,0.3489
2024-09-06,SEK,ILS,reference,0.3622
2024-09-06,USD,ILS,reference,3.704
2024-09-06,ZAR,ILS,reference,0.2093
2024-09-09,AUD,ILS,reference,2.4962
2024-09-09,CAD,ILS,reference,2.7657
2024-09-09,CHF,ILS,reference,4.4193
2024-09-09,DKK,ILS,reference,0.5552
2024-09-09,EGP,ILS,reference,0.0776
2024-09-09,EUR,ILS,reference,4.143
2024-09-09,GBP,ILS,reference,4.908
2024-09-09,JOD,ILS,reference,5.2957
2024-09-09,JPY,ILS,reference,0.026111
2024-09-09,LBP,ILS,reference,0.00004
2024-09-09,NOK,ILS,reference,0.3466
2024-09-09,SEK,ILS,reference,0.3615
2024-09-09,USD,ILS,reference,3.752
2024-09-09,ZAR,ILS,reference,0.2094
2024-09-10,AUD,ILS,reference,2.5103
2024-09-10,CAD,ILS,reference,2.7734
2024-09-10,CHF,ILS,reference,4.4401
2024-09-10,DKK,ILS,reference,0.5567
2024-09-10,EGP,ILS,reference,0.0778
2024-09-10,EUR,ILS,reference,4.1544
2024-09-10,GBP,ILS,reference,4.9288
2024-09-10,JOD,ILS,reference,5.3112
2024-09-10,JPY,ILS,reference,0.026309999999999997
2024-09-10,LBP,ILS,reference,0.00004
2024-09-10,NOK,ILS,reference,0.3488
2024-09-10,SEK,ILS,reference,0.3634
2024-09-10,USD,ILS,reference,3.763
2024-09-10,ZAR,ILS,reference,0.2103
2024-09-11,AUD,ILS,reference,2.5089
2024-09-11,CAD,ILS,reference,2.7732
2024-09-11,CHF,ILS,reference,4.4514
2024-09-11,DKK,ILS,reference,0.5576
2024-09-11,EGP,ILS,reference,0.0778
2024-09-11,EUR,ILS,reference,4.1607
2024-09-11,GBP,ILS,reference,4.9282
2024-09-11,JOD,ILS,reference,5.3171
2024-09-11,JPY,ILS,reference,0.026600000000000002
2024-09-11,LBP,ILS,reference,0.00004
2024-09-11,NOK,ILS,reference,0.3487
2024-09-11,SEK,ILS,reference,0.3636
2024-09-11,USD,ILS,reference,3.768
2024-09-11,ZAR,ILS,reference,0.211
2024-09-12,AUD,ILS,reference,2.5057
2024-09-12,CAD,ILS,reference,2.7624
2024-09-12,CHF,ILS,reference,4.3907
2024-09-12,DKK,ILS,reference,0.554
2024-09-12,EGP,ILS,reference,0.0775
2024-09-12,EUR,ILS,reference,4.134
2024-09-12,GBP,ILS,reference,4.8943
2024-09-12,JOD,ILS,reference,5.2929
2024-09-12,JPY,ILS,reference,0.026338
2024-09-12,LBP,ILS,reference,0.00004
2024-09-12,NOK,ILS,reference,0.3463
2024-09-12,SEK,ILS,reference,0.3621
2024-09-12,USD,ILS,reference,3.753
2024-09-12,ZAR,ILS,reference,0.2091
2024-09-13,AUD,ILS,reference,2.4912
2024-09-13,CAD,ILS,reference,2.7311
2024-09-13,CHF,ILS,reference,4.3676
2024-09-13,DKK,ILS,reference,0.5507
2024-09-13,EGP,ILS,reference,0.0766
2024-09-13,EUR,ILS,reference,4.1102
2024-09-13,GBP,ILS,reference,4.8727
2024-09-13,JOD,ILS,reference,5.2288
2024-09-13,JPY,ILS,reference,0.026279
2024-09-13,LBP,ILS,reference,0.00004
2024-09-13,NOK,ILS,reference,0.3472
2024-09-13,SEK,ILS,reference,0.3616
2024-09-13,USD,ILS,reference,3.707
2024-09-13,ZAR,ILS,reference,0.2087
2024-09-16,AUD,ILS,reference,2.5219
2024-09-16,CAD,ILS,reference,2.7555
2024-09-16,CHF,ILS,reference,4.4296
2024-09-16,DKK,ILS,reference,0.558
2024-09-16,EGP,ILS,reference,0.0772
2024-09-16,EUR,ILS,reference,4.1638
2024-09-16,GBP,ILS,reference,4.9398
2024-09-16,JOD,ILS,reference,5.2812
2024-09-16,JPY,ILS,reference,0.026703
2024-09-16,LBP,ILS,reference,0.00004
2024-09-16,NOK,ILS,reference,0.3535
2024-09-16,SEK,ILS,reference,0.3677
2024-09-16,USD,ILS,reference,3.742
2024-09-16,ZAR,ILS,reference,0.2119
2024-09-17,AUD,ILS,reference,2.5305
2024-09-17,CAD,ILS,reference,2.7547
2024-09-17,CHF,ILS,reference,4.433
2024-09-17,DKK,ILS,reference,0.5588
2024-09-17,EGP,ILS,reference,0.0774
2024-09-17,EUR,ILS,reference,4.1701
2024-09-17,GBP,ILS,reference,4.9475
2024-09-17,JOD,ILS,reference,5.2821
2024-09-17,JPY,ILS,reference,0.026627
2024-09-17,LBP,ILS,reference,0.00004
2024-09-17,NOK,ILS,reference,0.3536
2024-09-17,SEK,ILS,reference,0.3684
2024-09-17,USD,ILS,reference,3.745
2024-09-17,ZAR,ILS,reference,0.2124
2024-09-18,AUD,ILS,reference,2.5605
2024-09-18,CAD,ILS,reference,2.7765
2024-09-18,CHF,ILS,reference,4.4738
2024-09-18,DKK,ILS,reference,0.5627
2024-09-18,EGP,ILS,reference,0.0777
2024-09-18,EUR,ILS,reference,4.1988
2024-09-18,GBP,ILS,reference,4.9844
2024-09-18,JOD,ILS,reference,5.3256
2024-09-18,JPY,ILS,reference,0.026637
2024-09-18,LBP,ILS,reference,0.00004
2024-09-18,NOK,ILS,reference,0.3563
2024-09-18,SEK,ILS,reference,0.3708
2024-09-18,USD,ILS,reference,3.773
2024-09-18,ZAR,ILS,reference,0.2149
2024-09-19,AUD,ILS,reference,2.5653
2024-09-19,CAD,ILS,reference,2.7732
2024-09-19,CHF,ILS,reference,4.4342
2024-09-19,DKK,ILS,reference,0.5623
2024-09-19,EGP,ILS,reference,0.0774
2024-09-19,EUR,ILS,reference,4.1946
2024-09-19,GBP,ILS,reference,4.9965
2024-09-19,JOD,ILS,reference,5.3023
2024-09-19,JPY,ILS,reference,0.026253000000000002
2024-09-19,LBP,ILS,reference,0.00004
2024-09-19,NOK,ILS,reference,0.3592
2024-09-19,SEK,ILS,reference,0.3702
2024-09-19,USD,ILS,reference,3.759
2024-09-19,ZAR,ILS,reference,0.2158
2024-09-20,AUD,ILS,reference,2.5653
2024-09-20,CAD,ILS,reference,2.775
2024-09-20,CHF,ILS,reference,4.4438
2024-09-20,DKK,ILS,reference,0.5636
2024-09-20,EGP,ILS,reference,0.0776
2024-09-20,EUR,ILS,reference,4.2045
2024-09-20,GBP,ILS,reference,5.0083
2024-09-20,JOD,ILS,reference,5.31
2024-09-20,JPY,ILS,reference,0.026221
2024-09-20,LBP,ILS,reference,0.00004
2024-09-20,NOK,ILS,reference,0.3587
2024-09-20,SEK,ILS,reference,0.3703
2024-09-20,USD,ILS,reference,3.765
2024-09-20,ZAR,ILS,reference,0.2145
2024-09-23,AUD,ILS,reference,2.5793
2024-09-23,CAD,ILS,reference,2.7884
2024-09-23,CHF,ILS,reference,4.4496
2024-09-23,DKK,ILS,reference,0.5631
2024-09-23,EGP,ILS,reference,0.0777
2024-09-23,EUR,ILS,reference,4.1999
2024-09-23,GBP,ILS,reference,5.0267
2024-09-23,JOD,ILS,reference,5.3295
2024-09-23,JPY,ILS,reference,0.026362
2024-09-23,LBP,ILS,reference,0.00004
2024-09-23,NOK,ILS,reference,0.3594
2024-09-23,SEK,ILS,reference,0.3693
2024-09-23,USD,ILS,reference,3.779
2024-09-23,ZAR,ILS,reference,0.2174
2024-09-24,AUD,ILS,reference,2.5841
2024-09-24,CAD,ILS,reference,2.7927
2024-09-24,CHF,ILS,reference,4.4476
2024-09-24,DKK,ILS,reference,0.5635
2024-09-24,EGP,ILS,reference,0.0775
2024-09-24,EUR,ILS,reference,4.2023
2024-09-24,GBP,ILS,reference,5.0474
2024-09-24,JOD,ILS,reference,5.3214
2024-09-24,JPY,ILS,reference,0.026174
2024-09-24,LBP,ILS,reference,0.00004
2024-09-24,NOK,ILS,reference,0.3617
2024-09-24,SEK,ILS,reference,0.372
2024-09-24,USD,ILS,reference,3.773
2024-09-24,ZAR,ILS,reference,0.218
2024-09-25,AUD,ILS,reference,2.5841
2024-09-25,CAD,ILS,reference,2.7971
2024-09-25,CHF,ILS,reference,4.4251
2024-09-25,DKK,ILS,reference,0.5638
2024-09-25,EGP,ILS,reference,0.0774
2024-09-25,EUR,ILS,reference,4.2047
2024-09-25,GBP,ILS,reference,5.0262
2024-09-25,JOD,ILS,reference,5.3044
2024-09-25,JPY,ILS,reference,0.026042999999999997
2024-09-25,LBP,ILS,reference,0.00004
2024-09-25,NOK,ILS,reference,0.3605
2024-09-25,SEK,ILS,reference,0.3717
2024-09-25,USD,ILS,reference,3.758
2024-09-25,ZAR,ILS,reference,0.2185
2024-09-26,AUD,ILS,reference,2.5424
2024-09-26,CAD,ILS,reference,2.7426
2024-09-26,CHF,ILS,reference,4.3591
2024-09-26,DKK,ILS,reference,0.5526
2024-09-26,EGP,ILS,reference,0.0764
2024-09-26,EUR,ILS,reference,4.121
2024-09-26,GBP,ILS,reference,4.9415
2024-09-26,JOD,ILS,reference,5.2106
2024-09-26,JPY,ILS,reference,0.025618
2024-09-26,LBP,ILS,reference,0.00004
2024-09-26,NOK,ILS,reference,0.3497
2024-09-26,SEK,ILS,reference,0.3648
2024-09-26,USD,ILS,reference,3.694
2024-09-26,ZAR,ILS,reference,0.2145
2024-09-27,AUD,ILS,reference,2.548
2024-09-27,CAD,ILS,reference,2.7459
2024-09-27,CHF,ILS,reference,4.3788
2024-09-27,DKK,ILS,reference,0.5529
2024-09-27,EGP,ILS,reference,0.0766
2024-09-27,EUR,ILS,reference,4.1229
2024-09-27,GBP,ILS,reference,4.9522
2024-09-27,JOD,ILS,reference,5.2243
2024-09-27,JPY,ILS,reference,0.025873
2024-09-27,LBP,ILS,reference,0.00004
2024-09-27,NOK,ILS,reference,0.3504
2024-09-27,SEK,ILS,reference,0.3646
2024-09-27,USD,ILS,reference,3.704
2024-09-27,ZAR,ILS,reference,0.2152
2024-09-30,AUD,ILS,reference,2.5661
2024-09-30,CAD,ILS,reference,2.7435
2024-09-30,CHF,ILS,reference,4.3965
2024-09-30,DKK,ILS,reference,0.5569
2024-09-30,EGP,ILS,reference,0.0768
2024-09-30,EUR,ILS,reference,4.1524
2024-09-30,GBP,ILS,reference,4.9748
2024-09-30,JOD,ILS,reference,5.2361
2024-09-30,JPY,ILS,reference,0.026029
2024-09-30,LBP,ILS,reference,0.00004
2024-09-30,NOK,ILS,reference,0.3524
2024-09-30,SEK,ILS,reference,0.3672
2024-09-30,USD,ILS,reference,3.71
2024-09-30,ZAR,ILS,reference,0.216
2024-10-01,AUD,ILS,reference,2.57
2024-10-01,CAD,ILS,reference,2.7519
2024-10-01,CHF,ILS,reference,4.3963
2024-10-01,DKK,ILS,reference,0.5531
2024-10-01,EGP,ILS,reference,0.0772
2024-10-01,EUR,ILS,reference,4.1254
2024-10-01,GBP,ILS,reference,4.9579
2024-10-01,JOD,ILS,reference,5.2495
2024-10-01,JPY,ILS,reference,0.025914000000000003
2024-10-01,LBP,ILS,reference,0.00004
2024-10-01,NOK,ILS,reference,0.3515
2024-10-01,SEK,ILS,reference,0.3646
2024-10-01,USD,ILS,reference,3.722
2024-10-01,ZAR,ILS,reference,0.2151
2024-10-07,AUD,ILS,reference,2.572
2024-10-07,CAD,ILS,reference,2.7881
2024-10-07,CHF,ILS,reference,4.4273
2024-10-07,DKK,ILS,reference,0.5574
2024-10-07,EGP,ILS,reference,0.0782
2024-10-07,EUR,ILS,reference,4.1565
2024-10-07,GBP,ILS,reference,4.9554
2024-10-07,JOD,ILS,reference,5.3402
2024-10-07,JPY,ILS,reference,0.025550000000000003
2024-10-07,LBP,ILS,reference,0.00004
2024-10-07,NOK,ILS,reference,0.3566
2024-10-07,SEK,ILS,reference,0.3656
2024-10-07,USD,ILS,reference,3.786
2024-10-07,ZAR,ILS,reference,0.218
2024-10-08,AUD,ILS,reference,2.5398
2024-10-08,CAD,ILS,reference,2.7657
2024-10-08,CHF,ILS,reference,4.4061
2024-10-08,DKK,ILS,reference,0.5555
2024-10-08,EGP,ILS,reference,0.0777
2024-10-08,EUR,ILS,reference,4.1429
2024-10-08,GBP,ILS,reference,4.9396
2024-10-08,JOD,ILS,reference,5.3203
2024-10-08,JPY,ILS,reference,0.025507
2024-10-08,LBP,ILS,reference,0.00004
2024-10-08,NOK,ILS,reference,0.3545
2024-10-08,SEK,ILS,reference,0.3649
2024-10-08,USD,ILS,reference,3.772
2024-10-08,ZAR,ILS,reference,0.2161
2024-10-09,AUD,ILS,reference,2.5294
2024-10-09,CAD,ILS,reference,2.7486
2024-10-09,CHF,ILS,reference,4.3827
2024-10-09,DKK,ILS,reference,0.5523
2024-10-09,EGP,ILS,reference,0.0775
2024-10-09,EUR,ILS,reference,4.12
2024-10-09,GBP,ILS,reference,4.9193
2024-10-09,JOD,ILS,reference,5.3025
2024-10-09,JPY,ILS,reference,0.025282
2024-10-09,LBP,ILS,reference,0.00004
2024-10-09,NOK,ILS,reference,0.3492
2024-10-09,SEK,ILS,reference,0.3624
2024-10-09,USD,ILS,reference,3.76
2024-10-09,ZAR,ILS,reference,0.2131
2024-10-10,AUD,ILS,reference,2.5362
2024-10-10,CAD,ILS,reference,2.7454
2024-10-10,CHF,ILS,reference,4.3934
2024-10-10,DKK,ILS,reference,0.5534
2024-10-10,EGP,ILS,reference,0.0777
2024-10-10,EUR,ILS,reference,4.1275
2024-10-10,GBP,ILS,reference,4.9365
2024-10-10,JOD,ILS,reference,5.3223
2024-10-10,JPY,ILS,reference,0.025335
2024-10-10,LBP,ILS,reference,0.00004
2024-10-10,NOK,ILS,reference,0.3499
2024-10-10,SEK,ILS,reference,0.3628
2024-10-10,USD,ILS,reference,3.774
2024-10-10,ZAR,ILS,reference,0.2147
2024-10-14,AUD,ILS,reference,2.524
2024-10-14,CAD,ILS,reference,2.7235
2024-10-14,CHF,ILS,reference,4.3632
2024-10-14,DKK,ILS,reference,0.5499
2024-10-14,EGP,ILS,reference,0.0772
2024-10-14,EUR,ILS,reference,4.1033
2024-10-14,GBP,ILS,reference,4.9022
2024-10-14,JOD,ILS,reference,5.2999
2024-10-14,JPY,ILS,reference,0.025112000000000002
2024-10-14,LBP,ILS,reference,0.00004
2024-10-14,NOK,ILS,reference,0.3485
2024-10-14,SEK,ILS,reference,0.3606
2024-10-14,USD,ILS,reference,3.758
2024-10-14,ZAR,ILS,reference,0.2142
2024-10-15,AUD,ILS,reference,2.514
2024-10-15,CAD,ILS,reference,2.7132
2024-10-15,CHF,ILS,reference,4.348
2024-10-15,DKK,ILS,reference,0.5479
2024-10-15,EGP,ILS,reference,0.0772
2024-10-15,EUR,ILS,reference,4.088
2024-10-15,GBP,ILS,reference,4.9041
2024-10-15,JOD,ILS,reference,5.2845
2024-10-15,JPY,ILS,reference,0.025137999999999997
2024-10-15,LBP,ILS,reference,0.00004
2024-10-15,NOK,ILS,reference,0.3464
2024-10-15,SEK,ILS,reference,0.3612
2024-10-15,USD,ILS,reference,3.747
2024-10-15,ZAR,ILS,reference,0.2129
2024-10-16,AUD,ILS,reference,2.5186
2024-10-16,CAD,ILS,reference,2.7308
2024-10-16,CHF,ILS,reference,4.3649
2024-10-16,DKK,ILS,reference,0.5489
2024-10-16,EGP,ILS,reference,0.0775
2024-10-16,EUR,ILS,reference,4.0956
2024-10-16,GBP,ILS,reference,4.8904
2024-10-16,JOD,ILS,reference,5.3075
2024-10-16,JPY,ILS,reference,0.025214
2024-10-16,LBP,ILS,reference,0.00004
2024-10-16,NOK,ILS,reference,0.3478
2024-10-16,SEK,ILS,reference,0.3612
2024-10-16,USD,ILS,reference,3.763
2024-10-16,ZAR,ILS,reference,0.214
2024-10-18,AUD,ILS,reference,2.4929
2024-10-18,CAD,ILS,reference,2.6916
2024-10-18,CHF,ILS,reference,4.2855
2024-10-18,DKK,ILS,reference,0.5395
2024-10-18,EGP,ILS,reference,0.0764
2024-10-18,EUR,ILS,reference,4.023
2024-10-18,GBP,ILS,reference,4.841
2024-10-18,JOD,ILS,reference,5.237
2024-10-18,JPY,ILS,reference,0.024762
2024-10-18,LBP,ILS,reference,0.00004
2024-10-18,NOK,ILS,reference,0.341
2024-10-18,SEK,ILS,reference,0.3531
2024-10-18,USD,ILS,reference,3.713
2024-10-18,ZAR,ILS,reference,0.2108
2024-10-21,AUD,ILS,reference,2.4993
2024-10-21,CAD,ILS,reference,2.7034
2024-10-21,CHF,ILS,reference,4.3178
2024-10-21,DKK,ILS,reference,0.5436
2024-10-21,EGP,ILS,reference,0.0768
2024-10-21,EUR,ILS,reference,4.0548
2024-10-21,GBP,ILS,reference,4.8677
2024-10-21,JOD,ILS,reference,5.2691
2024-10-21,JPY,ILS,reference,0.024941
2024-10-21,LBP,ILS,reference,0.00004
2024-10-21,NOK,ILS,reference,0.3418
2024-10-21,SEK,ILS,reference,0.3546
2024-10-21,USD,ILS,reference,3.736
2024-10-21,ZAR,ILS,reference,0.2119
2024-10-22,AUD,ILS,reference,2.5257
2024-10-22,CAD,ILS,reference,2.7314
2024-10-22,CHF,ILS,reference,4.366
2024-10-22,DKK,ILS,reference,0.5483
2024-10-22,EGP,ILS,reference,0.0776
2024-10-22,EUR,ILS,reference,4.0894
2024-10-22,GBP,ILS,reference,4.9131
2024-10-22,JOD,ILS,reference,5.3272
2024-10-22,JPY,ILS,reference,0.025044
2024-10-22,LBP,ILS,reference,0.00004
2024-10-22,NOK,ILS,reference,0.3456
2024-10-22,SEK,ILS,reference,0.3584
2024-10-22,USD,ILS,reference,3.777
2024-10-22,ZAR,ILS,reference,0.2153
2024-10-23,AUD,ILS,reference,2.5239
2024-10-23,CAD,ILS,reference,2.7403
2024-10-23,CHF,ILS,reference,4.3707
2024-10-23,DKK,ILS,reference,0.548
2024-10-23,EGP,ILS,reference,0.0778
2024-10-23,EUR,ILS,reference,4.0874
2024-10-23,GBP,ILS,reference,4.9197
2024-10-23,JOD,ILS,reference,5.3434
2024-10-23,JPY,ILS,reference,0.024857999999999998
2024-10-23,LBP,ILS,reference,0.00004
2024-10-23,NOK,ILS,reference,0.3458
2024-10-23,SEK,ILS,reference,0.358
2024-10-23,USD,ILS,reference,3.789
2024-10-23,ZAR,ILS,reference,0.2151
2024-10-25,AUD,ILS,reference,2.5087
2024-10-25,CAD,ILS,reference,2.7329
2024-10-25,CHF,ILS,reference,4.3666
2024-10-25,DKK,ILS,reference,0.5491
2024-10-25,EGP,ILS,reference,0.0776
2024-10-25,EUR,ILS,reference,4.0969
2024-10-25,GBP,ILS,reference,4.9118
2024-10-25,JOD,ILS,reference,5.3385
2024-10-25,JPY,ILS,reference,0.024905
2024-10-25,LBP,ILS,reference,0.00004
2024-10-25,NOK,ILS,reference,0.3462
2024-10-25,SEK,ILS,reference,0.3578
2024-10-25,USD,ILS,reference,3.785
2024-10-25,ZAR,ILS,reference,0.2141
2024-10-28,AUD,ILS,reference,2.4627
2024-10-28,CAD,ILS,reference,2.6835
2024-10-28,CHF,ILS,reference,4.3027
2024-10-28,DKK,ILS,reference,0.5406
2024-10-28,EGP,ILS,reference,0.0766
2024-10-28,EUR,ILS,reference,4.0325
2024-10-28,GBP,ILS,reference,4.8388
2024-10-28,JOD,ILS,reference,5.258
2024-10-28,JPY,ILS,reference,0.02442
2024-10-28,LBP,ILS,reference,0.00004
2024-10-28,NOK,ILS,reference,0.3386
2024-10-28,SEK,ILS,reference,0.3515
2024-10-28,USD,ILS,reference,3.728
2024-10-28,ZAR,ILS,reference,0.2111
2024-10-29,AUD,ILS,reference,2.4547
2024-10-29,CAD,ILS,reference,2.6927
2024-10-29,CHF,ILS,reference,4.3055
2024-10-29,DKK,ILS,reference,0.5409
2024-10-29,EGP,ILS,reference,0.0769
2024-10-29,EUR,ILS,reference,4.0341
2024-10-29,GBP,ILS,reference,4.8566
2024-10-29,JOD,ILS,reference,5.2801
2024-10-29,JPY,ILS,reference,0.024340999999999998
2024-10-29,LBP,ILS,reference,0.00004
2024-10-29,NOK,ILS,reference,0.3404
2024-10-29,SEK,ILS,reference,0.3501
2024-10-29,USD,ILS,reference,3.744
2024-10-29,ZAR,ILS,reference,0.211
2024-10-30,AUD,ILS,reference,2.4395
2024-10-30,CAD,ILS,reference,2.6632
2024-10-30,CHF,ILS,reference,4.2759
2024-10-30,DKK,ILS,reference,0.5383
2024-10-30,EGP,ILS,reference,0.0761
2024-10-30,EUR,ILS,reference,4.0167
2024-10-30,GBP,ILS,reference,4.8099
2024-10-30,JOD,ILS,reference,5.2269
2024-10-30,JPY,ILS,reference,0.024258000000000002
2024-10-30,LBP,ILS,reference,0.00004
2024-10-30,NOK,ILS,reference,0.3388
2024-10-30,SEK,ILS,reference,0.3478
2024-10-30,USD,ILS,reference,3.709
2024-10-30,ZAR,ILS,reference,0.2109
2024-10-31,AUD,ILS,reference,2.442
2024-10-31,CAD,ILS,reference,2.6704
2024-10-31,CHF,ILS,reference,4.2926
2024-10-31,DKK,ILS,reference,0.5418
2024-10-31,EGP,ILS,reference,0.0759
2024-10-31,EUR,ILS,reference,4.0418
2024-10-31,GBP,ILS,reference,4.8194
2024-10-31,JOD,ILS,reference,5.234
2024-10-31,JPY,ILS,reference,0.024323
2024-10-31,LBP,ILS,reference,0.00004
2024-10-31,NOK,ILS,reference,0.3387
2024-10-31,SEK,ILS,reference,0.3476
2024-10-31,USD,ILS,reference,3.714
2024-10-31,ZAR,ILS,reference,0.2105
2024-11-01,AUD,ILS,reference,2.4679
2024-11-01,CAD,ILS,reference,2.6995
2024-11-01,CHF,ILS,reference,4.3338
2024-11-01,DKK,ILS,reference,0.5475
2024-11-01,EGP,ILS,reference,0.0768
2024-11-01,EUR,ILS,reference,4.0847
2024-11-01,GBP,ILS,reference,4.8542
2024-11-01,JOD,ILS,reference,5.3045
2024-11-01,JPY,ILS,reference,0.024637
2024-11-01,LBP,ILS,reference,0.00004
2024-11-01,NOK,ILS,reference,0.3422
2024-11-01,SEK,ILS,reference,0.3521
2024-11-01,USD,ILS,reference,3.761
2024-11-01,ZAR,ILS,reference,0.213
2024-11-04,AUD,ILS,reference,2.4741
2024-11-04,CAD,ILS,reference,2.6957
2024-11-04,CHF,ILS,reference,4.3418
2024-11-04,DKK,ILS,reference,0.5481
2024-11-04,EGP,ILS,reference,0.0764
2024-11-04,EUR,ILS,reference,4.088
2024-11-04,GBP,ILS,reference,4.8594
2024-11-04,JOD,ILS,reference,5.2836
2024-11-04,JPY,ILS,reference,0.024702
2024-11-04,LBP,ILS,reference,0.00004
2024-11-04,NOK,ILS,reference,0.3421
2024-11-04,SEK,ILS,reference,0.3511
2024-11-04,USD,ILS,reference,3.749
2024-11-04,ZAR,ILS,reference,0.2138
2024-11-05,AUD,ILS,reference,2.4827
2024-11-05,CAD,ILS,reference,2.6998
2024-11-05,CHF,ILS,reference,4.3431
2024-11-05,DKK,ILS,reference,0.5475
2024-11-05,EGP,ILS,reference,0.0763
2024-11-05,EUR,ILS,reference,4.0839
2024-11-05,GBP,ILS,reference,4.8662
2024-11-05,JOD,ILS,reference,5.282
2024-11-05,JPY,ILS,reference,0.024609000000000002
2024-11-05,LBP,ILS,reference,0.00004
2024-11-05,NOK,ILS,reference,0.3416
2024-11-05,SEK,ILS,reference,0.3501
2024-11-05,USD,ILS,reference,3.748
2024-11-05,ZAR,ILS,reference,0.2145
2024-11-06,AUD,ILS,reference,2.4555
2024-11-06,CAD,ILS,reference,2.6885
2024-11-06,CHF,ILS,reference,4.2651
2024-11-06,DKK,ILS,reference,0.5374
2024-11-06,EGP,ILS,reference,0.0759
2024-11-06,EUR,ILS,reference,4.0077
2024-11-06,GBP,ILS,reference,4.8131
2024-11-06,JOD,ILS,reference,5.2694
2024-11-06,JPY,ILS,reference,0.024258000000000002
2024-11-06,LBP,ILS,reference,0.00004
2024-11-06,NOK,ILS,reference,0.3368
2024-11-06,SEK,ILS,reference,0.3441
2024-11-06,USD,ILS,reference,3.739
2024-11-06,ZAR,ILS,reference,0.2108
2024-11-07,AUD,ILS,reference,2.4751
2024-11-07,CAD,ILS,reference,2.6824
2024-11-07,CHF,ILS,reference,4.2558
2024-11-07,DKK,ILS,reference,0.5382
2024-11-07,EGP,ILS,reference,0.0756
2024-11-07,EUR,ILS,reference,4.0137
2024-11-07,GBP,ILS,reference,4.8235
2024-11-07,JOD,ILS,reference,5.2514
2024-11-07,JPY,ILS,reference,0.024225
2024-11-07,LBP,ILS,reference,0.00004
2024-11-07,NOK,ILS,reference,0.3411
2024-11-07,SEK,ILS,reference,0.3456
2024-11-07,USD,ILS,reference,3.726
2024-11-07,ZAR,ILS,reference,0.2142
2024-11-08,AUD,ILS,reference,2.4731
2024-11-08,CAD,ILS,reference,2.6796
2024-11-08,CHF,ILS,reference,4.267
2024-11-08,DKK,ILS,reference,0.538
2024-11-08,EGP,ILS,reference,0.0755
2024-11-08,EUR,ILS,reference,4.012
2024-11-08,GBP,ILS,reference,4.8222
2024-11-08,JOD,ILS,reference,5.2492
2024-11-08,JPY,ILS,reference,0.024428000000000002
2024-11-08,LBP,ILS,reference,0.00004
2024-11-08,NOK,ILS,reference,0.3412
2024-11-08,SEK,ILS,reference,0.3469
2024-11-08,USD,ILS,reference,3.722
2024-11-08,ZAR,ILS,reference,0.2133
2024-11-11,AUD,ILS,reference,2.4582
2024-11-11,CAD,ILS,reference,2.68
2024-11-11,CHF,ILS,reference,4.2464
2024-11-11,DKK,ILS,reference,0.5339
2024-11-11,EGP,ILS,reference,0.0758
2024-11-11,EUR,ILS,reference,3.9816
2024-11-11,GBP,ILS,reference,4.8107
2024-11-11,JOD,ILS,reference,5.2629
2024-11-11,JPY,ILS,reference,0.024287
2024-11-11,LBP,ILS,reference,0.00004
2024-11-11,NOK,ILS,reference,0.3376
2024-11-11,SEK,ILS,reference,0.3434
2024-11-11,USD,ILS,reference,3.733
2024-11-11,ZAR,ILS,reference,0.2098
2024-11-12,AUD,ILS,reference,2.4551
2024-11-12,CAD,ILS,reference,2.6872
2024-11-12,CHF,ILS,reference,4.2563
2024-11-12,DKK,ILS,reference,0.5336
2024-11-12,EGP,ILS,reference,0.0762
2024-11-12,EUR,ILS,reference,3.9804
2024-11-12,GBP,ILS,reference,4.806
2024-11-12,JOD,ILS,reference,5.2883
2024-11-12,JPY,ILS,reference,0.024343
2024-11-12,LBP,ILS,reference,0.00004
2024-11-12,NOK,ILS,reference,0.3392
2024-11-12,SEK,ILS,reference,0.3447
2024-11-12,USD,ILS,reference,3.749
2024-11-12,ZAR,ILS,reference,0.2076
2024-11-13,AUD,ILS,reference,2.4414
2024-11-13,CAD,ILS,reference,2.6808
2024-11-13,CHF,ILS,reference,4.2392
2024-11-13,DKK,ILS,reference,0.5331
2024-11-13,EGP,ILS,reference,0.0759
2024-11-13,EUR,ILS,reference,3.9768
2024-11-13,GBP,ILS,reference,4.7695
2024-11-13,JOD,ILS,reference,5.2721
2024-11-13,JPY,ILS,reference,0.024157
2024-11-13,LBP,ILS,reference,0.00004
2024-11-13,NOK,ILS,reference,0.338
2024-11-13,SEK,ILS,reference,0.3432
2024-11-13,USD,ILS,reference,3.741
2024-11-13,ZAR,ILS,reference,0.2078
2024-11-14,AUD,ILS,reference,2.4205
2024-11-14,CAD,ILS,reference,2.6739
2024-11-14,CHF,ILS,reference,4.2079
2024-11-14,DKK,ILS,reference,0.5279
2024-11-14,EGP,ILS,reference,0.0759
2024-11-14,EUR,ILS,reference,3.9376
2024-11-14,GBP,ILS,reference,4.7356
2024-11-14,JOD,ILS,reference,5.2818
2024-11-14,JPY,ILS,reference,0.024014
2024-11-14,LBP,ILS,reference,0.00004
2024-11-14,NOK,ILS,reference,0.3352
2024-11-14,SEK,ILS,reference,0.3392
2024-11-14,USD,ILS,reference,3.748
2024-11-14,ZAR,ILS,reference,0.204
2024-11-15,AUD,ILS,reference,2.4179
2024-11-15,CAD,ILS,reference,2.6615
2024-11-15,CHF,ILS,reference,4.2145
2024-11-15,DKK,ILS,reference,0.5298
2024-11-15,EGP,ILS,reference,0.0758
2024-11-15,EUR,ILS,reference,3.9521
2024-11-15,GBP,ILS,reference,4.74
2024-11-15,JOD,ILS,reference,5.2791
2024-11-15,JPY,ILS,reference,0.024030999999999997
2024-11-15,LBP,ILS,reference,0.00004
2024-11-15,NOK,ILS,reference,0.3364
2024-11-15,SEK,ILS,reference,0.3409
2024-11-15,USD,ILS,reference,3.743
2024-11-15,ZAR,ILS,reference,0.205
2024-11-18,AUD,ILS,reference,2.4085
2024-11-18,CAD,ILS,reference,2.6476
2024-11-18,CHF,ILS,reference,4.2066
2024-11-18,DKK,ILS,reference,0.5275
2024-11-18,EGP,ILS,reference,0.0755
2024-11-18,EUR,ILS,reference,3.9345
2024-11-18,GBP,ILS,reference,4.7105
2024-11-18,JOD,ILS,reference,5.2591
2024-11-18,JPY,ILS,reference,0.024082
2024-11-18,LBP,ILS,reference,0.00004
2024-11-18,NOK,ILS,reference,0.3362
2024-11-18,SEK,ILS,reference,0.3391
2024-11-18,USD,ILS,reference,3.733
2024-11-18,ZAR,ILS,reference,0.2061
2024-11-19,AUD,ILS,reference,2.4305
2024-11-19,CAD,ILS,reference,2.6699
2024-11-19,CHF,ILS,reference,4.2387
2024-11-19,DKK,ILS,reference,0.5295
2024-11-19,EGP,ILS,reference,0.0756
2024-11-19,EUR,ILS,reference,3.9506
2024-11-19,GBP,ILS,reference,4.7292
2024-11-19,JOD,ILS,reference,5.2736
2024-11-19,JPY,ILS,reference,0.024329999999999997
2024-11-19,LBP,ILS,reference,0.00004
2024-11-19,NOK,ILS,reference,0.3389
2024-11-19,SEK,ILS,reference,0.3408
2024-11-19,USD,ILS,reference,3.743
2024-11-19,ZAR,ILS,reference,0.207
2024-11-20,AUD,ILS,reference,2.4311
2024-11-20,CAD,ILS,reference,2.6715
2024-11-20,CHF,ILS,reference,4.2224
2024-11-20,DKK,ILS,reference,0.5289
2024-11-20,EGP,ILS,reference,0.0752
2024-11-20,EUR,ILS,reference,3.9452
2024-11-20,GBP,ILS,reference,4.7318
2024-11-20,JOD,ILS,reference,5.267
2024-11-20,JPY,ILS,reference,0.023999000000000003
2024-11-20,LBP,ILS,reference,0.00004
2024-11-20,NOK,ILS,reference,0.3384
2024-11-20,SEK,ILS,reference,0.3399
2024-11-20,USD,ILS,reference,3.739
2024-11-20,ZAR,ILS,reference,0.2062
2024-11-21,AUD,ILS,reference,2.4341
2024-11-21,CAD,ILS,reference,2.6733
2024-11-21,CHF,ILS,reference,4.2246
2024-11-21,DKK,ILS,reference,0.5267
2024-11-21,EGP,ILS,reference,0.0751
2024-11-21,EUR,ILS,reference,3.9289
2024-11-21,GBP,ILS,reference,4.7189
2024-11-21,JOD,ILS,reference,5.2597
2024-11-21,JPY,ILS,reference,0.02414
2024-11-21,LBP,ILS,reference,0.00004
2024-11-21,NOK,ILS,reference,0.3384
2024-11-21,SEK,ILS,reference,0.3385
2024-11-21,USD,ILS,reference,3.733
2024-11-21,ZAR,ILS,reference,0.2061
2024-11-22,AUD,ILS,reference,2.4134
2024-11-22,CAD,ILS,reference,2.6596
2024-11-22,CHF,ILS,reference,4.1863
2024-11-22,DKK,ILS,reference,0.5168
2024-11-22,EGP,ILS,reference,0.075
2024-11-22,EUR,ILS,reference,3.8546
2024-11-22,GBP,ILS,reference,4.6614
2024-11-22,JOD,ILS,reference,5.258
2024-11-22,JPY,ILS,reference,0.024089
2024-11-22,LBP,ILS,reference,0.00004
2024-11-22,NOK,ILS,reference,0.333
2024-11-22,SEK,ILS,reference,0.3336
2024-11-22,USD,ILS,reference,3.728
2024-11-22,ZAR,ILS,reference,0.2058
2024-11-25,AUD,ILS,reference,2.3913
2024-11-25,CAD,ILS,reference,2.6303
2024-11-25,CHF,ILS,reference,4.1283
2024-11-25,DKK,ILS,reference,0.5164
2024-11-25,EGP,ILS,reference,0.0741
2024-11-25,EUR,ILS,reference,3.8516
2024-11-25,GBP,ILS,reference,4.6194
2024-11-25,JOD,ILS,reference,5.1758
2024-11-25,JPY,ILS,reference,0.023795
2024-11-25,LBP,ILS,reference,0.00004
2024-11-25,NOK,ILS,reference,0.3322
2024-11-25,SEK,ILS,reference,0.3343
2024-11-25,USD,ILS,reference,3.674
2024-11-25,ZAR,ILS,reference,0.2034
2024-11-26,AUD,ILS,reference,2.3642
2024-11-26,CAD,ILS,reference,2.5852
2024-11-26,CHF,ILS,reference,4.1124
2024-11-26,DKK,ILS,reference,0.5134
2024-11-26,EGP,ILS,reference,0.0734
2024-11-26,EUR,ILS,reference,3.8293
2024-11-26,GBP,ILS,reference,4.583
2024-11-26,JOD,ILS,reference,5.1321
2024-11-26,JPY,ILS,reference,0.023689
2024-11-26,LBP,ILS,reference,0.00004
2024-11-26,NOK,ILS,reference,0.3274
2024-11-26,SEK,ILS,reference,0.3322
2024-11-26,USD,ILS,reference,3.643
2024-11-26,ZAR,ILS,reference,0.2013
2024-11-27,AUD,ILS,reference,2.368
2024-11-27,CAD,ILS,reference,2.5995
2024-11-27,CHF,ILS,reference,4.1365
2024-11-27,DKK,ILS,reference,0.5158
2024-11-27,EGP,ILS,reference,0.0735
2024-11-27,EUR,ILS,reference,3.8475
2024-11-27,GBP,ILS,reference,4.6118
2024-11-27,JOD,ILS,reference,5.1476
2024-11-27,JPY,ILS,reference,0.024129
2024-11-27,LBP,ILS,reference,0.00004
2024-11-27,NOK,ILS,reference,0.3291
2024-11-27,SEK,ILS,reference,0.3338
2024-11-27,USD,ILS,reference,3.654
2024-11-27,ZAR,ILS,reference,0.2013
2024-11-28,AUD,ILS,reference,2.3683
2024-11-28,CAD,ILS,reference,2.6021
2024-11-28,CHF,ILS,reference,4.1223
2024-11-28,DKK,ILS,reference,0.5155
2024-11-28,EGP,ILS,reference,0.0735
2024-11-28,EUR,ILS,reference,3.8452
2024-11-28,GBP,ILS,reference,4.6174
2024-11-28,JOD,ILS,reference,5.1364
2024-11-28,JPY,ILS,reference,0.024007
2024-11-28,LBP,ILS,reference,0.00004
2024-11-28,NOK,ILS,reference,0.3297
2024-11-28,SEK,ILS,reference,0.3334
2024-11-28,USD,ILS,reference,3.646
2024-11-28,ZAR,ILS,reference,0.2005
2024-11-29,AUD,ILS,reference,2.3722
2024-11-29,CAD,ILS,reference,2.6001
2024-11-29,CHF,ILS,reference,4.1358
2024-11-29,DKK,ILS,reference,0.5165
2024-11-29,EGP,ILS,reference,0.0735
2024-11-29,EUR,ILS,reference,3.8519
2024-11-29,GBP,ILS,reference,4.63
2024-11-29,JOD,ILS,reference,5.1321
2024-11-29,JPY,ILS,reference,0.024260999999999998
2024-11-29,LBP,ILS,reference,0.00004
2024-11-29,NOK,ILS,reference,0.3298
2024-11-29,SEK,ILS,reference,0.3339
2024-11-29,USD,ILS,reference,3.643
2024-11-29,ZAR,ILS,reference,0.2017
2024-12-02,AUD,ILS,reference,2.3578
2024-12-02,CAD,ILS,reference,2.587
2024-12-02,CHF,ILS,reference,4.0999
2024-12-02,DKK,ILS,reference,0.5123
2024-12-02,EGP,ILS,reference,0.073
2024-12-02,EUR,ILS,reference,3.8209
2024-12-02,GBP,ILS,reference,4.6158
2024-12-02,JOD,ILS,reference,5.1136
2024-12-02,JPY,ILS,reference,0.024172
2024-12-02,LBP,ILS,reference,0.00004
2024-12-02,NOK,ILS,reference,0.3276
2024-12-02,SEK,ILS,reference,0.3312
2024-12-02,USD,ILS,reference,3.63
2024-12-02,ZAR,ILS,reference,0.2
2024-12-03,AUD,ILS,reference,2.3554
2024-12-03,CAD,ILS,reference,2.5893
2024-12-03,CHF,ILS,reference,4.1032
2024-12-03,DKK,ILS,reference,0.5121
2024-12-03,EGP,ILS,reference,0.0731
2024-12-03,EUR,ILS,reference,3.8202
2024-12-03,GBP,ILS,reference,4.5964
2024-12-03,JOD,ILS,reference,5.1195
2024-12-03,JPY,ILS,reference,0.02428
2024-12-03,LBP,ILS,reference,0.00004
2024-12-03,NOK,ILS,reference,0.3285
2024-12-03,SEK,ILS,reference,0.33
2024-12-03,USD,ILS,reference,3.634
2024-12-03,ZAR,ILS,reference,0.2007
2024-12-04,AUD,ILS,reference,2.3098
2024-12-04,CAD,ILS,reference,2.5614
2024-12-04,CHF,ILS,reference,4.0624
2024-12-04,DKK,ILS,reference,0.5072
2024-12-04,EGP,ILS,reference,0.0723
2024-12-04,EUR,ILS,reference,3.783
2024-12-04,GBP,ILS,reference,4.5631
2024-12-04,JOD,ILS,reference,5.0817
2024-12-04,JPY,ILS,reference,0.023856000000000002
2024-12-04,LBP,ILS,reference,0.00004
2024-12-04,NOK,ILS,reference,0.3254
2024-12-04,SEK,ILS,reference,0.327
2024-12-04,USD,ILS,reference,3.603
2024-12-04,ZAR,ILS,reference,0.1986
2024-12-05,AUD,ILS,reference,2.3171
2024-12-05,CAD,ILS,reference,2.5624
2024-12-05,CHF,ILS,reference,4.0763
2024-12-05,DKK,ILS,reference,0.5086
2024-12-05,EGP,ILS,reference,0.0721
2024-12-05,EUR,ILS,reference,3.7929
2024-12-05,GBP,ILS,reference,4.5816
2024-12-05,JOD,ILS,reference,5.0761
2024-12-05,JPY,ILS,reference,0.023959
2024-12-05,LBP,ILS,reference,0.00004
2024-12-05,NOK,ILS,reference,0.3252
2024-12-05,SEK,ILS,reference,0.3292
2024-12-05,USD,ILS,reference,3.603
2024-12-05,ZAR,ILS,reference,0.1995
2024-12-06,AUD,ILS,reference,2.311
2024-12-06,CAD,ILS,reference,2.5605
2024-12-06,CHF,ILS,reference,4.0895
2024-12-06,DKK,ILS,reference,0.51
2024-12-06,EGP,ILS,reference,0.0719
2024-12-06,EUR,ILS,reference,3.8043
2024-12-06,GBP,ILS,reference,4.5886
2024-12-06,JOD,ILS,reference,5.0701
2024-12-06,JPY,ILS,reference,0.023884
2024-12-06,LBP,ILS,reference,0.00004
2024-12-06,NOK,ILS,reference,0.3252
2024-12-06,SEK,ILS,reference,0.3313
2024-12-06,USD,ILS,reference,3.595
2024-12-06,ZAR,ILS,reference,0.1996
2024-12-09,AUD,ILS,reference,2.2982
2024-12-09,CAD,ILS,reference,2.5244
2024-12-09,CHF,ILS,reference,4.0526
2024-12-09,DKK,ILS,reference,0.5049
2024-12-09,EGP,ILS,reference,0.0705
2024-12-09,EUR,ILS,reference,3.7657
2024-12-09,GBP,ILS,reference,4.5478
2024-12-09,JOD,ILS,reference,5.0221
2024-12-09,JPY,ILS,reference,0.023643
2024-12-09,LBP,ILS,reference,0.00004
2024-12-09,NOK,ILS,reference,0.3206
2024-12-09,SEK,ILS,reference,0.3266
2024-12-09,USD,ILS,reference,3.565
2024-12-09,ZAR,ILS,reference,0.1998
2024-12-10,AUD,ILS,reference,2.2899
2024-12-10,CAD,ILS,reference,2.5265
2024-12-10,CHF,ILS,reference,4.0661
2024-12-10,DKK,ILS,reference,0.5054
2024-12-10,EGP,ILS,reference,0.0709
2024-12-10,EUR,ILS,reference,3.769
2024-12-10,GBP,ILS,reference,4.5652
2024-12-10,JOD,ILS,reference,5.0417
2024-12-10,JPY,ILS,reference,0.023586999999999997
2024-12-10,LBP,ILS,reference,0.00004
2024-12-10,NOK,ILS,reference,0.3214
2024-12-10,SEK,ILS,reference,0.3266
2024-12-10,USD,ILS,reference,3.579
2024-12-10,ZAR,ILS,reference,0.2001
2024-12-11,AUD,ILS,reference,2.2762
2024-12-11,CAD,ILS,reference,2.5266
2024-12-11,CHF,ILS,reference,4.056
2024-12-11,DKK,ILS,reference,0.5048
2024-12-11,EGP,ILS,reference,0.0708
2024-12-11,EUR,ILS,reference,3.7648
2024-12-11,GBP,ILS,reference,4.5647
2024-12-11,JOD,ILS,reference,5.0479
2024-12-11,JPY,ILS,reference,0.023483999999999998
2024-12-11,LBP,ILS,reference,0.00004
2024-12-11,NOK,ILS,reference,0.3213
2024-12-11,SEK,ILS,reference,0.3265
2024-12-11,USD,ILS,reference,3.584
2024-12-11,ZAR,ILS,reference,0.2011
2024-12-12,AUD,ILS,reference,2.2855
2024-12-12,CAD,ILS,reference,2.5237
2024-12-12,CHF,ILS,reference,4.0282
2024-12-12,DKK,ILS,reference,0.5027
2024-12-12,EGP,ILS,reference,0.0702
2024-12-12,EUR,ILS,reference,3.7491
2024-12-12,GBP,ILS,reference,4.5497
2024-12-12,JOD,ILS,reference,5.0304
2024-12-12,JPY,ILS,reference,0.023444
2024-12-12,LBP,ILS,reference,0.00004
2024-12-12,NOK,ILS,reference,0.3213
2024-12-12,SEK,ILS,reference,0.3256
2024-12-12,USD,ILS,reference,3.571
2024-12-12,ZAR,ILS,reference,0.2023
2024-12-13,AUD,ILS,reference,2.2889
2024-12-13,CAD,ILS,reference,2.5254
2024-12-13,CHF,ILS,reference,4.0223
2024-12-13,DKK,ILS,reference,0.5044
2024-12-13,EGP,ILS,reference,0.0707
2024-12-13,EUR,ILS,reference,3.7619
2024-12-13,GBP,ILS,reference,4.5383
2024-12-13,JOD,ILS,reference,5.0616
2024-12-13,JPY,ILS,reference,0.023500999999999998
2024-12-13,LBP,ILS,reference,0.00004
2024-12-13,NOK,ILS,reference,0.3224
2024-12-13,SEK,ILS,reference,0.3264
2024-12-13,USD,ILS,reference,3.593
2024-12-13,ZAR,ILS,reference,0.2015
2024-12-16,AUD,ILS,reference,2.2913
2024-12-16,CAD,ILS,reference,2.533
2024-12-16,CHF,ILS,reference,4.0437
2024-12-16,DKK,ILS,reference,0.5075
2024-12-16,EGP,ILS,reference,0.0709
2024-12-16,EUR,ILS,reference,3.7853
2024-12-16,GBP,ILS,reference,4.5635
2024-12-16,JOD,ILS,reference,5.0821
2024-12-16,JPY,ILS,reference,0.023452
2024-12-16,LBP,ILS,reference,0.00004
2024-12-16,NOK,ILS,reference,0.3224
2024-12-16,SEK,ILS,reference,0.3291
2024-12-16,USD,ILS,reference,3.608
2024-12-16,ZAR,ILS,reference,0.2015
2024-12-17,AUD,ILS,reference,2.2847
2024-12-17,CAD,ILS,reference,2.5209
2024-12-17,CHF,ILS,reference,4.0156
2024-12-17,DKK,ILS,reference,0.5067
2024-12-17,EGP,ILS,reference,0.0709
2024-12-17,EUR,ILS,reference,3.7794
2024-12-17,GBP,ILS,reference,4.5734
2024-12-17,JOD,ILS,reference,5.0723
2024-12-17,JPY,ILS,reference,0.023389000000000004
2024-12-17,LBP,ILS,reference,0.00004
2024-12-17,NOK,ILS,reference,0.3212
2024-12-17,SEK,ILS,reference,0.3294
2024-12-17,USD,ILS,reference,3.601
2024-12-17,ZAR,ILS,reference,0.1987
2024-12-18,AUD,ILS,reference,2.2666
2024-12-18,CAD,ILS,reference,2.5045
2024-12-18,CHF,ILS,reference,4.0103
2024-12-18,DKK,ILS,reference,0.5043
2024-12-18,EGP,ILS,reference,0.0705
2024-12-18,EUR,ILS,reference,3.7627
2024-12-18,GBP,ILS,reference,4.5593
2024-12-18,JOD,ILS,reference,5.051
2024-12-18,JPY,ILS,reference,0.023296
2024-12-18,LBP,ILS,reference,0.00004
2024-12-18,NOK,ILS,reference,0.3198
2024-12-18,SEK,ILS,reference,0.3275
2024-12-18,USD,ILS,reference,3.585
2024-12-18,ZAR,ILS,reference,0.1984
2024-12-19,AUD,ILS,reference,2.2605
2024-12-19,CAD,ILS,reference,2.5147
2024-12-19,CHF,ILS,reference,4.0369
2024-12-19,DKK,ILS,reference,0.5047
2024-12-19,EGP,ILS,reference,0.0711
2024-12-19,EUR,ILS,reference,3.7659
2024-12-19,GBP,ILS,reference,4.5734
2024-12-19,JOD,ILS,reference,5.0971
2024-12-19,JPY,ILS,reference,0.023049
2024-12-19,LBP,ILS,reference,0.00004
2024-12-19,NOK,ILS,reference,0.3192
2024-12-19,SEK,ILS,reference,0.3283
2024-12-19,USD,ILS,reference,3.618
2024-12-19,ZAR,ILS,reference,0.1983
2024-12-20,AUD,ILS,reference,2.2805
2024-12-20,CAD,ILS,reference,2.5392
2024-12-20,CHF,ILS,reference,4.0767
2024-12-20,DKK,ILS,reference,0.5087
2024-12-20,EGP,ILS,reference,0.0717
2024-12-20,EUR,ILS,reference,3.7944
2024-12-20,GBP,ILS,reference,4.566
2024-12-20,JOD,ILS,reference,5.148
2024-12-20,JPY,ILS,reference,0.023268
2024-12-20,LBP,ILS,reference,0.00004
2024-12-20,NOK,ILS,reference,0.3198
2024-12-20,SEK,ILS,reference,0.3309
2024-12-20,USD,ILS,reference,3.65
2024-12-20,ZAR,ILS,reference,0.1991
2024-12-23,AUD,ILS,reference,2.2764
2024-12-23,CAD,ILS,reference,2.5322
2024-12-23,CHF,ILS,reference,4.0677
2024-12-23,DKK,ILS,reference,0.5086
2024-12-23,EGP,ILS,reference,0.0714
2024-12-23,EUR,ILS,reference,3.7928
2024-12-23,GBP,ILS,reference,4.5711
2024-12-23,JOD,ILS,reference,5.1463
2024-12-23,JPY,ILS,reference,0.023251
2024-12-23,LBP,ILS,reference,0.00004
2024-12-23,NOK,ILS,reference,0.3214
2024-12-23,SEK,ILS,reference,0.3302
2024-12-23,USD,ILS,reference,3.649
2024-12-23,ZAR,ILS,reference,0.1979
2024-12-24,AUD,ILS,reference,2.2841
2024-12-24,CAD,ILS,reference,2.5446
2024-12-24,CHF,ILS,reference,4.0704
2024-12-24,DKK,ILS,reference,0.5108
2024-12-24,EGP,ILS,reference,0.0719
2024-12-24,EUR,ILS,reference,3.811
2024-12-24,GBP,ILS,reference,4.5932
2024-12-24,JOD,ILS,reference,5.1612
2024-12-24,JPY,ILS,reference,0.023323
2024-12-24,LBP,ILS,reference,0.00004
2024-12-24,NOK,ILS,reference,0.3215
2024-12-24,SEK,ILS,reference,0.331
2024-12-24,USD,ILS,reference,3.663
2024-12-24,ZAR,ILS,reference,0.1973
2024-12-26,AUD,ILS,reference,2.2862
2024-12-26,CAD,ILS,reference,2.55
2024-12-26,CHF,ILS,reference,4.077
2024-12-26,DKK,ILS,reference,0.5115
2024-12-26,EGP,ILS,reference,0.072
2024-12-26,EUR,ILS,reference,3.8156
2024-12-26,GBP,ILS,reference,4.5974
2024-12-26,JOD,ILS,reference,5.1742
2024-12-26,JPY,ILS,reference,0.023281
2024-12-26,LBP,ILS,reference,0.00004
2024-12-26,NOK,ILS,reference,0.3225
2024-12-26,SEK,ILS,reference,0.3317
2024-12-26,USD,ILS,reference,3.669
2024-12-26,ZAR,ILS,reference,0.197
2024-12-27,AUD,ILS,reference,2.2835
2024-12-27,CAD,ILS,reference,2.5538
2024-12-27,CHF,ILS,reference,4.0865
2024-12-27,DKK,ILS,reference,0.5136
2024-12-27,EGP,ILS,reference,0.0723
2024-12-27,EUR,ILS,reference,3.8309
2024-12-27,GBP,ILS,reference,4.6008
2024-12-27,JOD,ILS,reference,5.188
2024-12-27,JPY,ILS,reference,0.023302999999999997
2024-12-27,LBP,ILS,reference,0.00004
2024-12-27,NOK,ILS,reference,0.3237
2024-12-27,SEK,ILS,reference,0.3336
2024-12-27,USD,ILS,reference,3.678
2024-12-27,ZAR,ILS,reference,0.1959
2024-12-30,AUD,ILS,reference,2.2753
2024-12-30,CAD,ILS,reference,2.5355
2024-12-30,CHF,ILS,reference,4.0389
2024-12-30,DKK,ILS,reference,0.5108
2024-12-30,EGP,ILS,reference,0.0717
2024-12-30,EUR,ILS,reference,3.8097
2024-12-30,GBP,ILS,reference,4.5943
2024-12-30,JOD,ILS,reference,5.14
2024-12-30,JPY,ILS,reference,0.02313
2024-12-30,LBP,ILS,reference,0.00004
2024-12-30,NOK,ILS,reference,0.3214
2024-12-30,SEK,ILS,reference,0.3315
2024-12-30,USD,ILS,reference,3.646
2024-12-30,ZAR,ILS,reference,0.1942
2024-12-31,AUD,ILS,reference,2.2642
2024-12-31,CAD,ILS,reference,2.5354
2024-12-31,CHF,ILS,reference,4.0278
2024-12-31,DKK,ILS,reference,0.509
2024-12-31,EGP,ILS,reference,0.0718
2024-12-31,EUR,ILS,reference,3.7964
2024-12-31,GBP,ILS,reference,4.5743
2024-12-31,JOD,ILS,reference,5.1412
2024-12-31,JPY,ILS,reference,0.023285
2024-12-31,LBP,ILS,reference,0.00004
2024-12-31,NOK,ILS,reference,0.3222
2024-12-31,SEK,ILS,reference,0.3315
2024-12-31,USD,ILS,reference,3.647
2024-12-31,ZAR,ILS,reference,0.1934
