date,base,quote,type,value
2004-01-01,USD,TTD,buy,6.2234
2004-01-01,USD,TTD,sell,6.2999
2004-01-02,BBD,TTD,buy,2.895
2004-01-02,BBD,TTD,sell,3.2015
2004-01-02,CAD,TTD,buy,4.6074
2004-01-02,CAD,TTD,sell,4.9268
2004-01-02,CHF,TTD,buy,4.9626
2004-01-02,EUR,TTD,buy,7.6869
2004-01-02,EUR,TTD,sell,7.9762
2004-01-02,GBP,TTD,buy,10.6776
2004-01-02,GBP,TTD,sell,11.458
2004-01-02,GYD,TTD,buy,0.0311
2004-01-02,GYD,TTD,sell,0.0324
2004-01-02,JMD,TTD,buy,0.0997
2004-01-02,JMD,TTD,sell,0.1041
2004-01-02,JPY,TTD,buy,0.0574
2004-01-02,JPY,TTD,sell,0.0599
2004-01-02,USD,TTD,buy,6.2137
2004-01-02,USD,TTD,sell,6.2998
2004-01-02,XCD,TTD,buy,2.2113
2004-01-02,XCD,TTD,sell,2.3707
2004-01-05,BBD,TTD,buy,2.8504
2004-01-05,BBD,TTD,sell,3.2036
2004-01-05,CAD,TTD,buy,4.7957
2004-01-05,CAD,TTD,sell,4.9674
2004-01-05,EUR,TTD,buy,7.6009
2004-01-05,EUR,TTD,sell,8.0841
2004-01-05,GBP,TTD,buy,10.972
2004-01-05,GBP,TTD,sell,11.4452
2004-01-05,GYD,TTD,buy,0.0311
2004-01-05,GYD,TTD,sell,0.0324
2004-01-05,JMD,TTD,buy,0.0999
2004-01-05,JMD,TTD,sell,0.1042
2004-01-05,JPY,TTD,buy,0.0586
2004-01-05,JPY,TTD,sell,0.0594
2004-01-05,USD,TTD,buy,6.2217
2004-01-05,USD,TTD,sell,6.2997
2004-01-05,XCD,TTD,buy,2.1477
2004-01-05,XCD,TTD,sell,2.3325
2004-01-06,BBD,TTD,buy,2.8807
2004-01-06,BBD,TTD,sell,3.1901
2004-01-06,CAD,TTD,buy,4.7756
2004-01-06,CAD,TTD,sell,4.9524
2004-01-06,CHF,TTD,buy,4.9974
2004-01-06,EUR,TTD,buy,7.7836
2004-01-06,EUR,TTD,sell,8.0011
2004-01-06,GBP,TTD,buy,10.8589
2004-01-06,GBP,TTD,sell,11.5377
2004-01-06,GYD,TTD,buy,0.0312
2004-01-06,GYD,TTD,sell,0.0324
2004-01-06,JMD,TTD,buy,0.1004
2004-01-06,JMD,TTD,sell,0.1042
2004-01-06,JPY,TTD,buy,0.0589
2004-01-06,JPY,TTD,sell,0.0593
2004-01-06,USD,TTD,buy,6.2477
2004-01-06,USD,TTD,sell,6.2998
2004-01-06,XCD,TTD,buy,2.2454
2004-01-06,XCD,TTD,sell,2.3732
2004-01-07,BBD,TTD,buy,2.8864
2004-01-07,BBD,TTD,sell,3.1403
2004-01-07,CAD,TTD,buy,4.7229
2004-01-07,CAD,TTD,sell,4.9452
2004-01-07,CHF,TTD,buy,4.9482
2004-01-07,CHF,TTD,sell,5.1817
2004-01-07,EUR,TTD,buy,7.7743
2004-01-07,EUR,TTD,sell,8.0549
2004-01-07,GBP,TTD,buy,11.0229
2004-01-07,GBP,TTD,sell,11.5462
2004-01-07,GYD,TTD,buy,0.0313
2004-01-07,GYD,TTD,sell,0.0324
2004-01-07,JMD,TTD,buy,0.1006
2004-01-07,JMD,TTD,sell,0.1042
2004-01-07,JPY,TTD,buy,0.059
2004-01-07,JPY,TTD,sell,0.0593
2004-01-07,USD,TTD,buy,6.264
2004-01-07,USD,TTD,sell,6.2995
2004-01-07,XCD,TTD,buy,2.2769
2004-01-07,XCD,TTD,sell,2.3607
2004-01-08,BBD,TTD,buy,2.85
2004-01-08,BBD,TTD,sell,3.2005
2004-01-08,CAD,TTD,buy,4.6937
2004-01-08,CAD,TTD,sell,4.949
2004-01-08,CHF,TTD,buy,4.9275
2004-01-08,EUR,TTD,buy,7.7286
2004-01-08,EUR,TTD,sell,8.0866
2004-01-08,GBP,TTD,buy,11.0466
2004-01-08,GBP,TTD,sell,11.598
2004-01-08,GYD,TTD,buy,0.0312
2004-01-08,GYD,TTD,sell,0.0324
2004-01-08,JMD,TTD,buy,0.1003
2004-01-08,JMD,TTD,sell,0.1042
2004-01-08,JPY,TTD,buy,0.0589
2004-01-08,JPY,TTD,sell,0.0593
2004-01-08,USD,TTD,buy,6.2492
2004-01-08,USD,TTD,sell,6.2999
2004-01-08,XCD,TTD,buy,2.238
2004-01-08,XCD,TTD,sell,2.3606
2004-01-09,BBD,TTD,buy,2.85
2004-01-09,BBD,TTD,sell,3.1941
2004-01-09,CAD,TTD,buy,4.7146
2004-01-09,CAD,TTD,sell,4.998
2004-01-09,CHF,TTD,buy,4.9969
2004-01-09,EUR,TTD,buy,7.7603
2004-01-09,EUR,TTD,sell,7.9709
2004-01-09,GBP,TTD,buy,11.4184
2004-01-09,GBP,TTD,sell,11.6089
2004-01-09,GYD,TTD,buy,0.031
2004-01-09,GYD,TTD,sell,0.0324
2004-01-09,JMD,TTD,buy,0.0996
2004-01-09,JMD,TTD,sell,0.104
2004-01-09,JPY,TTD,buy,0.0584
2004-01-09,JPY,TTD,sell,0.0592
2004-01-09,USD,TTD,buy,6.2135
2004-01-09,USD,TTD,sell,6.2993
2004-01-09,XCD,TTD,buy,2.252
2004-01-09,XCD,TTD,sell,2.3826
2004-01-12,BBD,TTD,buy,2.9921
2004-01-12,BBD,TTD,sell,3.2016
2004-01-12,CAD,TTD,buy,4.7036
2004-01-12,CAD,TTD,sell,4.9804
2004-01-12,CHF,TTD,buy,5.1066
2004-01-12,EUR,TTD,buy,7.7498
2004-01-12,EUR,TTD,sell,8.2211
2004-01-12,GBP,TTD,buy,11.1515
2004-01-12,GBP,TTD,sell,11.845
2004-01-12,GYD,TTD,buy,0.0309
2004-01-12,GYD,TTD,sell,0.0324
2004-01-12,JMD,TTD,buy,0.0995
2004-01-12,JMD,TTD,sell,0.1043
2004-01-12,JPY,TTD,buy,0.0582
2004-01-12,JPY,TTD,sell,0.0592
2004-01-12,USD,TTD,buy,6.191
2004-01-12,USD,TTD,sell,6.2999
2004-01-12,XCD,TTD,buy,2.2412
2004-01-12,XCD,TTD,sell,2.3784
2004-01-13,BBD,TTD,buy,3.08
2004-01-13,BBD,TTD,sell,3.2018
2004-01-13,CAD,TTD,buy,4.8028
2004-01-13,CAD,TTD,sell,4.9775
2004-01-13,CHF,TTD,sell,5.2098
2004-01-13,EUR,TTD,buy,7.7209
2004-01-13,EUR,TTD,sell,8.0842
2004-01-13,GBP,TTD,buy,11.2028
2004-01-13,GBP,TTD,sell,11.6759
2004-01-13,GYD,TTD,buy,0.0312
2004-01-13,GYD,TTD,sell,0.0324
2004-01-13,JMD,TTD,buy,0.1003
2004-01-13,JMD,TTD,sell,0.1041
2004-01-13,JPY,TTD,buy,0.0589
2004-01-13,JPY,TTD,sell,0.0593
2004-01-13,USD,TTD,buy,6.257
2004-01-13,USD,TTD,sell,6.2998
2004-01-13,XCD,TTD,buy,2.2345
2004-01-13,XCD,TTD,sell,2.3668
2004-01-14,BBD,TTD,buy,2.8878
2004-01-14,BBD,TTD,sell,3.2016
2004-01-14,CAD,TTD,buy,4.7053
2004-01-14,CAD,TTD,sell,4.9978
2004-01-14,CHF,TTD,buy,4.9751
2004-01-14,EUR,TTD,buy,7.5964
2004-01-14,EUR,TTD,sell,8.0644
2004-01-14,GBP,TTD,buy,11.2923
2004-01-14,GBP,TTD,sell,11.6502
2004-01-14,GYD,TTD,buy,0.0313
2004-01-14,GYD,TTD,sell,0.0324
2004-01-14,JMD,TTD,buy,0.1003
2004-01-14,JMD,TTD,sell,0.1041
2004-01-14,JPY,TTD,buy,0.0589
2004-01-14,JPY,TTD,sell,0.0594
2004-01-14,USD,TTD,buy,6.2525
2004-01-14,USD,TTD,sell,6.2998
2004-01-14,XCD,TTD,buy,2.1829
2004-01-14,XCD,TTD,sell,2.3742
2004-01-15,BBD,TTD,buy,2.85
2004-01-15,BBD,TTD,sell,3.2003
2004-01-15,CAD,TTD,buy,4.7089
2004-01-15,CAD,TTD,sell,4.8961
2004-01-15,CHF,TTD,sell,5.1803
2004-01-15,EUR,TTD,buy,7.7444
2004-01-15,EUR,TTD,sell,8.1591
2004-01-15,GBP,TTD,buy,11.1816
2004-01-15,GBP,TTD,sell,11.7885
2004-01-15,GYD,TTD,buy,0.0313
2004-01-15,GYD,TTD,sell,0.0324
2004-01-15,JMD,TTD,buy,0.1002
2004-01-15,JMD,TTD,sell,0.1039
2004-01-15,JPY,TTD,buy,0.059
2004-01-15,JPY,TTD,sell,0.0593
2004-01-15,USD,TTD,buy,6.2586
2004-01-15,USD,TTD,sell,6.2998
2004-01-15,XCD,TTD,buy,2.2266
2004-01-15,XCD,TTD,sell,2.3646
2004-01-16,BBD,TTD,buy,3.0031
2004-01-16,BBD,TTD,sell,3.1899
2004-01-16,CAD,TTD,buy,4.6872
2004-01-16,CAD,TTD,sell,4.9058
2004-01-16,EUR,TTD,buy,7.667
2004-01-16,EUR,TTD,sell,7.9885
2004-01-16,GBP,TTD,buy,11.1756
2004-01-16,GBP,TTD,sell,11.5162
2004-01-16,GYD,TTD,buy,0.0312
2004-01-16,GYD,TTD,sell,0.0324
2004-01-16,JMD,TTD,buy,0.1001
2004-01-16,JMD,TTD,sell,0.1039
2004-01-16,JPY,TTD,buy,0.0585
2004-01-16,JPY,TTD,sell,0.0589
2004-01-16,USD,TTD,buy,6.252
2004-01-16,USD,TTD,sell,6.2997
2004-01-16,XCD,TTD,buy,2.2136
2004-01-16,XCD,TTD,sell,2.3606
2004-01-19,BBD,TTD,buy,2.8463
2004-01-19,BBD,TTD,sell,3.2015
2004-01-19,CAD,TTD,buy,4.6879
2004-01-19,CAD,TTD,sell,4.8855
2004-01-19,CHF,TTD,buy,4.55
2004-01-19,EUR,TTD,buy,7.5992
2004-01-19,EUR,TTD,sell,7.9348
2004-01-19,GBP,TTD,buy,10.9292
2004-01-19,GBP,TTD,sell,11.5154
2004-01-19,GYD,TTD,buy,0.031
2004-01-19,GYD,TTD,sell,0.0324
2004-01-19,JMD,TTD,buy,0.0993
2004-01-19,JMD,TTD,sell,0.1038
2004-01-19,JPY,TTD,buy,0.0579
2004-01-19,JPY,TTD,sell,0.0588
2004-01-19,USD,TTD,buy,6.2081
2004-01-19,USD,TTD,sell,6.2997
2004-01-19,XCD,TTD,buy,2.1944
2004-01-19,XCD,TTD,sell,2.328
2004-01-20,BBD,TTD,buy,2.8428
2004-01-20,BBD,TTD,sell,3.2151
2004-01-20,CAD,TTD,buy,4.683
2004-01-20,CAD,TTD,sell,4.8706
2004-01-20,CHF,TTD,sell,5.0946
2004-01-20,EUR,TTD,buy,7.6669
2004-01-20,EUR,TTD,sell,7.8447
2004-01-20,GBP,TTD,buy,10.9698
2004-01-20,GBP,TTD,sell,11.5149
2004-01-20,GYD,TTD,buy,0.0312
2004-01-20,GYD,TTD,sell,0.0324
2004-01-20,JMD,TTD,buy,0.1001
2004-01-20,JMD,TTD,sell,0.1039
2004-01-20,JPY,TTD,buy,0.0583
2004-01-20,JPY,TTD,sell,0.0587
2004-01-20,USD,TTD,buy,6.2512
2004-01-20,USD,TTD,sell,6.2998
2004-01-20,XCD,TTD,buy,2.2546
2004-01-20,XCD,TTD,sell,2.3608
2004-01-21,BBD,TTD,buy,2.8414
2004-01-21,BBD,TTD,sell,3.2062
2004-01-21,CAD,TTD,buy,4.7508
2004-01-21,CAD,TTD,sell,4.9365
2004-01-21,EUR,TTD,buy,7.6849
2004-01-21,EUR,TTD,sell,8.0394
2004-01-21,GBP,TTD,buy,11.1432
2004-01-21,GBP,TTD,sell,11.6205
2004-01-21,GYD,TTD,buy,0.031
2004-01-21,GYD,TTD,sell,0.0324
2004-01-21,JMD,TTD,buy,0.0994
2004-01-21,JMD,TTD,sell,0.1039
2004-01-21,JPY,TTD,buy,0.058
2004-01-21,JPY,TTD,sell,0.059
2004-01-21,USD,TTD,buy,6.2058
2004-01-21,USD,TTD,sell,6.2997
2004-01-21,XCD,TTD,buy,2.2446
2004-01-21,XCD,TTD,sell,2.3774
2004-01-22,BBD,TTD,buy,2.8499
2004-01-22,BBD,TTD,sell,3.2015
2004-01-22,CAD,TTD,buy,4.7261
2004-01-22,CAD,TTD,sell,4.9524
2004-01-22,EUR,TTD,buy,7.9621
2004-01-22,EUR,TTD,sell,8.1289
2004-01-22,GBP,TTD,buy,11.2602
2004-01-22,GBP,TTD,sell,11.6864
2004-01-22,GYD,TTD,buy,0.0312
2004-01-22,GYD,TTD,sell,0.0324
2004-01-22,JMD,TTD,buy,0.0998
2004-01-22,JMD,TTD,sell,0.1039
2004-01-22,JPY,TTD,buy,0.0587
2004-01-22,JPY,TTD,sell,0.0593
2004-01-22,USD,TTD,buy,6.2307
2004-01-22,USD,TTD,sell,6.2997
2004-01-22,XCD,TTD,buy,2.2341
2004-01-22,XCD,TTD,sell,2.3784
2004-01-23,BBD,TTD,buy,2.8409
2004-01-23,BBD,TTD,sell,3.2016
2004-01-23,CAD,TTD,buy,4.6205
2004-01-23,CAD,TTD,sell,4.8961
2004-01-23,EUR,TTD,buy,7.815
2004-01-23,EUR,TTD,sell,8.1144
2004-01-23,GBP,TTD,buy,11.2674
2004-01-23,GBP,TTD,sell,11.7642
2004-01-23,GYD,TTD,buy,0.0311
2004-01-23,GYD,TTD,sell,0.0324
2004-01-23,JMD,TTD,buy,0.0997
2004-01-23,JMD,TTD,sell,0.1038
2004-01-23,JPY,TTD,buy,0.0579
2004-01-23,JPY,TTD,sell,0.0604
2004-01-23,USD,TTD,buy,6.2344
2004-01-23,USD,TTD,sell,6.2995
2004-01-23,XCD,TTD,buy,2.2181
2004-01-23,XCD,TTD,sell,2.3719
2004-01-26,BBD,TTD,buy,2.85
2004-01-26,BBD,TTD,sell,3.2004
2004-01-26,CAD,TTD,buy,4.664
2004-01-26,CAD,TTD,sell,4.8564
2004-01-26,CHF,TTD,buy,4.9236
2004-01-26,CHF,TTD,sell,5.1287
2004-01-26,EUR,TTD,buy,7.7041
2004-01-26,EUR,TTD,sell,8.0063
2004-01-26,GBP,TTD,buy,11.1516
2004-01-26,GBP,TTD,sell,11.5893
2004-01-26,GYD,TTD,buy,0.0311
2004-01-26,GYD,TTD,sell,0.0324
2004-01-26,JMD,TTD,buy,0.0998
2004-01-26,JMD,TTD,sell,0.1039
2004-01-26,JPY,TTD,buy,0.0588
2004-01-26,JPY,TTD,sell,0.0594
2004-01-26,USD,TTD,buy,6.2369
2004-01-26,USD,TTD,sell,6.299
2004-01-26,XCD,TTD,buy,2.1804
2004-01-26,XCD,TTD,sell,2.3583
2004-01-27,BBD,TTD,buy,2.8448
2004-01-27,BBD,TTD,sell,3.209
2004-01-27,CAD,TTD,buy,4.6894
2004-01-27,CAD,TTD,sell,4.8574
2004-01-27,CHF,TTD,buy,4.8382
2004-01-27,CHF,TTD,sell,5.0987
2004-01-27,EUR,TTD,buy,7.638
2004-01-27,EUR,TTD,sell,7.9677
2004-01-27,GBP,TTD,buy,11.0452
2004-01-27,GBP,TTD,sell,11.5375
2004-01-27,GYD,TTD,buy,0.0311
2004-01-27,GYD,TTD,sell,0.0324
2004-01-27,JMD,TTD,buy,0.0999
2004-01-27,JMD,TTD,sell,0.1039
2004-01-27,JPY,TTD,buy,0.059
2004-01-27,JPY,TTD,sell,0.0596
2004-01-27,USD,TTD,buy,6.2347
2004-01-27,USD,TTD,sell,6.2998
2004-01-27,XCD,TTD,buy,2.2464
2004-01-27,XCD,TTD,sell,2.3764
2004-01-28,BBD,TTD,buy,2.8385
2004-01-28,BBD,TTD,sell,3.1957
2004-01-28,CAD,TTD,buy,4.673
2004-01-28,CAD,TTD,sell,4.8718
2004-01-28,CHF,TTD,buy,4.9359
2004-01-28,CHF,TTD,sell,5.134
2004-01-28,EUR,TTD,buy,7.7241
2004-01-28,EUR,TTD,sell,8.1313
2004-01-28,GBP,TTD,buy,11.1817
2004-01-28,GBP,TTD,sell,11.6196
2004-01-28,GYD,TTD,buy,0.0311
2004-01-28,GYD,TTD,sell,0.0324
2004-01-28,JMD,TTD,buy,0.0997
2004-01-28,JMD,TTD,sell,0.104
2004-01-28,JPY,TTD,buy,0.059
2004-01-28,JPY,TTD,sell,0.0597
2004-01-28,USD,TTD,buy,6.225
2004-01-28,USD,TTD,sell,6.2997
2004-01-28,XCD,TTD,buy,2.2341
2004-01-28,XCD,TTD,sell,2.3746
2004-01-29,BBD,TTD,buy,2.847
2004-01-29,BBD,TTD,sell,3.2014
2004-01-29,CAD,TTD,buy,4.6057
2004-01-29,CAD,TTD,sell,4.8039
2004-01-29,CHF,TTD,sell,5.0775
2004-01-29,EUR,TTD,buy,7.6673
2004-01-29,EUR,TTD,sell,7.9435
2004-01-29,GBP,TTD,buy,11.183
2004-01-29,GBP,TTD,sell,11.6241
2004-01-29,GYD,TTD,buy,0.0311
2004-01-29,GYD,TTD,sell,0.0324
2004-01-29,JMD,TTD,buy,0.0999
2004-01-29,JMD,TTD,sell,0.104
2004-01-29,JPY,TTD,buy,0.0588
2004-01-29,JPY,TTD,sell,0.0594
2004-01-29,USD,TTD,buy,6.2357
2004-01-29,USD,TTD,sell,6.2998
2004-01-29,XCD,TTD,buy,2.2339
2004-01-29,XCD,TTD,sell,2.3619
2004-01-30,BBD,TTD,buy,2.8337
2004-01-30,BBD,TTD,sell,3.1718
2004-01-30,CAD,TTD,buy,4.5716
2004-01-30,CAD,TTD,sell,4.8158
2004-01-30,CHF,TTD,buy,4.8712
2004-01-30,CHF,TTD,sell,5.0279
2004-01-30,EUR,TTD,buy,7.4866
2004-01-30,EUR,TTD,sell,7.9465
2004-01-30,GBP,TTD,buy,11.1117
2004-01-30,GBP,TTD,sell,11.7037
2004-01-30,GYD,TTD,buy,0.0311
2004-01-30,GYD,TTD,sell,0.0324
2004-01-30,JMD,TTD,buy,0.0998
2004-01-30,JMD,TTD,sell,0.1039
2004-01-30,JPY,TTD,buy,0.0589
2004-01-30,JPY,TTD,sell,0.0595
2004-01-30,USD,TTD,buy,6.2357
2004-01-30,USD,TTD,sell,6.2998
2004-01-30,XCD,TTD,buy,2.1999
2004-01-30,XCD,TTD,sell,2.3776
2004-02-02,BBD,TTD,buy,2.8355
2004-02-02,BBD,TTD,sell,3.2011
2004-02-02,CAD,TTD,buy,4.6026
2004-02-02,CAD,TTD,sell,4.7982
2004-02-02,CHF,TTD,buy,4.9343
2004-02-02,EUR,TTD,buy,7.6435
2004-02-02,EUR,TTD,sell,7.9104
2004-02-02,GBP,TTD,buy,11.1063
2004-02-02,GBP,TTD,sell,11.6247
2004-02-02,GYD,TTD,buy,0.0311
2004-02-02,GYD,TTD,sell,0.0324
2004-02-02,JMD,TTD,buy,0.0994
2004-02-02,JMD,TTD,sell,0.1039
2004-02-02,JPY,TTD,buy,0.0588
2004-02-02,JPY,TTD,sell,0.0597
2004-02-02,USD,TTD,buy,6.2072
2004-02-02,USD,TTD,sell,6.2998
2004-02-02,XCD,TTD,buy,2.2865
2004-02-02,XCD,TTD,sell,2.3642
2004-02-03,BBD,TTD,buy,2.8446
2004-02-03,BBD,TTD,sell,3.1997
2004-02-03,CAD,TTD,buy,4.598
2004-02-03,CAD,TTD,sell,4.8148
2004-02-03,EUR,TTD,buy,7.7011
2004-02-03,EUR,TTD,sell,8.0116
2004-02-03,GBP,TTD,buy,11.2128
2004-02-03,GBP,TTD,sell,11.7342
2004-02-03,GYD,TTD,buy,0.0312
2004-02-03,GYD,TTD,sell,0.0324
2004-02-03,JMD,TTD,buy,0.1004
2004-02-03,JMD,TTD,sell,0.104
2004-02-03,JPY,TTD,buy,0.0593
2004-02-03,JPY,TTD,sell,0.0596
2004-02-03,USD,TTD,buy,6.2644
2004-02-03,USD,TTD,sell,6.2998
2004-02-03,XCD,TTD,buy,2.2988
2004-02-03,XCD,TTD,sell,2.3757
2004-02-04,BBD,TTD,buy,2.8394
2004-02-04,BBD,TTD,sell,3.2002
2004-02-04,CAD,TTD,buy,4.6386
2004-02-04,CAD,TTD,sell,4.7709
2004-02-04,CHF,TTD,buy,4.9071
2004-02-04,CHF,TTD,sell,5.1184
2004-02-04,EUR,TTD,buy,7.6212
2004-02-04,EUR,TTD,sell,8.0681
2004-02-04,GBP,TTD,buy,11.2543
2004-02-04,GBP,TTD,sell,11.769
2004-02-04,GYD,TTD,buy,0.0311
2004-02-04,GYD,TTD,sell,0.0324
2004-02-04,JMD,TTD,buy,0.0997
2004-02-04,JMD,TTD,sell,0.104
2004-02-04,JPY,TTD,buy,0.0606
2004-02-04,JPY,TTD,sell,0.0603
2004-02-04,USD,TTD,buy,6.2217
2004-02-04,USD,TTD,sell,6.2997
2004-02-04,XCD,TTD,buy,2.2382
2004-02-04,XCD,TTD,sell,2.3681
2004-02-05,BBD,TTD,buy,2.85
2004-02-05,BBD,TTD,sell,3.192
2004-02-05,CAD,TTD,buy,4.5588
2004-02-05,CAD,TTD,sell,4.7679
2004-02-05,EUR,TTD,buy,7.7227
2004-02-05,EUR,TTD,sell,8.068
2004-02-05,GBP,TTD,buy,11.2138
2004-02-05,GBP,TTD,sell,11.7198
2004-02-05,GYD,TTD,buy,0.031
2004-02-05,GYD,TTD,sell,0.0324
2004-02-05,JMD,TTD,buy,0.0994
2004-02-05,JMD,TTD,sell,0.1039
2004-02-05,JPY,TTD,buy,0.0588
2004-02-05,JPY,TTD,sell,0.0596
2004-02-05,USD,TTD,buy,6.2098
2004-02-05,USD,TTD,sell,6.2996
2004-02-05,XCD,TTD,buy,2.2084
2004-02-05,XCD,TTD,sell,2.3606
2004-02-06,BBD,TTD,buy,2.8392
2004-02-06,BBD,TTD,sell,3.1988
2004-02-06,CAD,TTD,buy,4.5862
2004-02-06,CAD,TTD,sell,4.7826
2004-02-06,EUR,TTD,buy,7.6378
2004-02-06,EUR,TTD,sell,7.9368
2004-02-06,GBP,TTD,buy,11.2411
2004-02-06,GBP,TTD,sell,11.6572
2004-02-06,GYD,TTD,buy,0.0313
2004-02-06,GYD,TTD,sell,0.0324
2004-02-06,JMD,TTD,buy,0.1003
2004-02-06,JMD,TTD,sell,0.1038
2004-02-06,JPY,TTD,buy,0.0594
2004-02-06,JPY,TTD,sell,0.0598
2004-02-06,USD,TTD,buy,6.2634
2004-02-06,USD,TTD,sell,6.2998
2004-02-06,XCD,TTD,buy,2.2037
2004-02-06,XCD,TTD,sell,2.3617
2004-02-09,BBD,TTD,buy,2.9316
2004-02-09,BBD,TTD,sell,3.1911
2004-02-09,CAD,TTD,buy,4.6187
2004-02-09,CAD,TTD,sell,4.7894
2004-02-09,CHF,TTD,sell,5.15
2004-02-09,EUR,TTD,buy,7.8198
2004-02-09,EUR,TTD,sell,8.0667
2004-02-09,GBP,TTD,buy,11.3671
2004-02-09,GBP,TTD,sell,11.802
2004-02-09,GYD,TTD,buy,0.031
2004-02-09,GYD,TTD,sell,0.0323
2004-02-09,JMD,TTD,buy,0.0994
2004-02-09,JMD,TTD,sell,0.1038
2004-02-09,JPY,TTD,buy,0.0588
2004-02-09,JPY,TTD,sell,0.0596
2004-02-09,USD,TTD,buy,6.2152
2004-02-09,USD,TTD,sell,6.2999
2004-02-09,XCD,TTD,buy,2.1197
2004-02-09,XCD,TTD,sell,2.3677
2004-02-10,BBD,TTD,buy,2.818
2004-02-10,BBD,TTD,sell,3.2057
2004-02-10,CAD,TTD,buy,4.6031
2004-02-10,CAD,TTD,sell,4.8136
2004-02-10,EUR,TTD,buy,7.7593
2004-02-10,EUR,TTD,sell,8.1757
2004-02-10,GBP,TTD,buy,11.399
2004-02-10,GBP,TTD,sell,12.053
2004-02-10,GYD,TTD,buy,0.0311
2004-02-10,GYD,TTD,sell,0.0323
2004-02-10,JMD,TTD,buy,0.0999
2004-02-10,JMD,TTD,sell,0.1039
2004-02-10,JPY,TTD,buy,0.059
2004-02-10,JPY,TTD,sell,0.0596
2004-02-10,USD,TTD,buy,6.2379
2004-02-10,USD,TTD,sell,6.2997
2004-02-10,XCD,TTD,buy,2.2525
2004-02-10,XCD,TTD,sell,2.3548
2004-02-11,BBD,TTD,buy,2.8439
2004-02-11,BBD,TTD,sell,3.1925
2004-02-11,CAD,TTD,buy,4.6823
2004-02-11,CAD,TTD,sell,4.8067
2004-02-11,CHF,TTD,buy,4.9629
2004-02-11,CHF,TTD,sell,5.1619
2004-02-11,EUR,TTD,buy,7.7812
2004-02-11,EUR,TTD,sell,8.0769
2004-02-11,GBP,TTD,buy,11.4379
2004-02-11,GBP,TTD,sell,12.0009
2004-02-11,GYD,TTD,buy,0.031
2004-02-11,GYD,TTD,sell,0.0323
2004-02-11,JMD,TTD,buy,0.0996
2004-02-11,JMD,TTD,sell,0.1038
2004-02-11,JPY,TTD,buy,0.059
2004-02-11,JPY,TTD,sell,0.0598
2004-02-11,USD,TTD,buy,6.2242
2004-02-11,USD,TTD,sell,6.2998
2004-02-11,XCD,TTD,buy,2.2364
2004-02-11,XCD,TTD,sell,2.3598
2004-02-12,BBD,TTD,buy,2.85
2004-02-12,BBD,TTD,sell,3.1951
2004-02-12,CAD,TTD,buy,4.6271
2004-02-12,CAD,TTD,sell,4.8372
2004-02-12,CHF,TTD,buy,4.5
2004-02-12,EUR,TTD,buy,7.3696
2004-02-12,EUR,TTD,sell,8.1363
2004-02-12,GBP,TTD,buy,11.529
2004-02-12,GBP,TTD,sell,11.9612
2004-02-12,GYD,TTD,buy,0.0323
2004-02-12,GYD,TTD,sell,0.0318
2004-02-12,JMD,TTD,buy,0.0999
2004-02-12,JMD,TTD,sell,0.1038
2004-02-12,JPY,TTD,buy,0.0593
2004-02-12,JPY,TTD,sell,0.0598
2004-02-12,USD,TTD,buy,6.249
2004-02-12,USD,TTD,sell,6.2999
2004-02-12,XCD,TTD,buy,2.1235
2004-02-12,XCD,TTD,sell,2.3855
2004-02-13,BBD,TTD,buy,2.8406
2004-02-13,BBD,TTD,sell,3.2003
2004-02-13,CAD,TTD,buy,4.635
2004-02-13,CAD,TTD,sell,4.839
2004-02-13,EUR,TTD,buy,7.864
2004-02-13,EUR,TTD,sell,8.187
2004-02-13,GBP,TTD,buy,11.5013
2004-02-13,GBP,TTD,sell,12.0615
2004-02-13,GYD,TTD,buy,0.0312
2004-02-13,GYD,TTD,sell,0.0323
2004-02-13,JMD,TTD,buy,0.1001
2004-02-13,JMD,TTD,sell,0.1037
2004-02-13,JPY,TTD,buy,0.0594
2004-02-13,JPY,TTD,sell,0.0597
2004-02-13,USD,TTD,buy,6.2632
2004-02-13,USD,TTD,sell,6.2998
2004-02-13,XCD,TTD,buy,2.2483
2004-02-13,XCD,TTD,sell,2.3516
2004-02-16,BBD,TTD,buy,2.8251
2004-02-16,BBD,TTD,sell,3.1971
2004-02-16,CAD,TTD,buy,4.6346
2004-02-16,CAD,TTD,sell,4.8556
2004-02-16,CHF,TTD,buy,4.67
2004-02-16,EUR,TTD,buy,7.8218
2004-02-16,EUR,TTD,sell,8.3061
2004-02-16,GBP,TTD,buy,11.5555
2004-02-16,GBP,TTD,sell,12.0114
2004-02-16,GYD,TTD,buy,0.031
2004-02-16,GYD,TTD,sell,0.0323
2004-02-16,JMD,TTD,buy,0.0995
2004-02-16,JMD,TTD,sell,0.1037
2004-02-16,JPY,TTD,buy,0.0591
2004-02-16,JPY,TTD,sell,0.0597
2004-02-16,USD,TTD,buy,6.2254
2004-02-16,USD,TTD,sell,6.2998
2004-02-16,XCD,TTD,buy,2.24
2004-02-16,XCD,TTD,sell,2.3517
2004-02-17,BBD,TTD,buy,2.8419
2004-02-17,BBD,TTD,sell,3.2003
2004-02-17,CAD,TTD,buy,4.6315
2004-02-17,CAD,TTD,sell,4.8639
2004-02-17,EUR,TTD,buy,7.7948
2004-02-17,EUR,TTD,sell,8.2885
2004-02-17,GBP,TTD,buy,11.5561
2004-02-17,GBP,TTD,sell,12.1155
2004-02-17,GYD,TTD,buy,0.0312
2004-02-17,GYD,TTD,sell,0.323
2004-02-17,JMD,TTD,buy,0.0999
2004-02-17,JMD,TTD,sell,0.1037
2004-02-17,JPY,TTD,buy,0.0591
2004-02-17,JPY,TTD,sell,0.0596
2004-02-17,USD,TTD,buy,6.2505
2004-02-17,USD,TTD,sell,6.2998
2004-02-17,XCD,TTD,buy,2.2875
2004-02-17,XCD,TTD,sell,0.0596
2004-02-18,BBD,TTD,buy,2.8368
2004-02-18,BBD,TTD,sell,3.2005
2004-02-18,CAD,TTD,buy,4.6563
2004-02-18,CAD,TTD,sell,4.8702
2004-02-18,CHF,TTD,buy,4.9771
2004-02-18,EUR,TTD,buy,7.9346
2004-02-18,EUR,TTD,sell,8.2377
2004-02-18,GBP,TTD,buy,11.8295
2004-02-18,GBP,TTD,sell,12.2916
2004-02-18,GYD,TTD,buy,0.0309
2004-02-18,GYD,TTD,sell,0.0323
2004-02-18,JMD,TTD,buy,0.0992
2004-02-18,JMD,TTD,sell,0.1036
2004-02-18,JPY,TTD,buy,0.0584
2004-02-18,JPY,TTD,sell,0.0592
2004-02-18,USD,TTD,buy,6.2132
2004-02-18,USD,TTD,sell,6.2998
2004-02-18,XCD,TTD,buy,2.2413
2004-02-18,XCD,TTD,sell,0.0592
2004-02-19,BBD,TTD,buy,2.85
2004-02-19,BBD,TTD,sell,3.2276
2004-02-19,CAD,TTD,buy,4.547
2004-02-19,CAD,TTD,sell,4.8247
2004-02-19,CHF,TTD,buy,5.0005
2004-02-19,EUR,TTD,buy,7.8423
2004-02-19,EUR,TTD,sell,8.1327
2004-02-19,GBP,TTD,buy,11.483
2004-02-19,GBP,TTD,sell,12.0763
2004-02-19,GYD,TTD,buy,0.0309
2004-02-19,GYD,TTD,sell,0.0323
2004-02-19,JMD,TTD,buy,0.0989
2004-02-19,JMD,TTD,sell,0.1036
2004-02-19,JPY,TTD,buy,0.0579
2004-02-19,JPY,TTD,sell,0.0588
2004-02-19,USD,TTD,buy,6.1977
2004-02-19,USD,TTD,sell,6.2998
2004-02-19,XCD,TTD,buy,2.2326
2004-02-19,XCD,TTD,sell,0.0588
2004-02-20,BBD,TTD,buy,2.8308
2004-02-20,BBD,TTD,sell,2.9901
2004-02-20,CAD,TTD,buy,4.5604
2004-02-20,CAD,TTD,sell,4.7883
2004-02-20,CHF,TTD,buy,4.55
2004-02-20,EUR,TTD,buy,7.7312
2004-02-20,EUR,TTD,sell,8.1069
2004-02-20,GBP,TTD,buy,11.4453
2004-02-20,GBP,TTD,sell,12.0298
2004-02-20,GYD,TTD,buy,0.0311
2004-02-20,GYD,TTD,sell,0.0323
2004-02-20,JMD,TTD,buy,0.0997
2004-02-20,JMD,TTD,sell,0.1036
2004-02-20,JPY,TTD,buy,0.0572
2004-02-20,JPY,TTD,sell,0.0577
2004-02-20,USD,TTD,buy,6.2433
2004-02-20,USD,TTD,sell,6.2998
2004-02-20,XCD,TTD,buy,2.1059
2004-02-20,XCD,TTD,sell,0.0577
2004-02-25,BBD,TTD,buy,2.8387
2004-02-25,BBD,TTD,sell,3.1996
2004-02-25,CAD,TTD,buy,4.5673
2004-02-25,CAD,TTD,sell,4.8026
2004-02-25,EUR,TTD,buy,7.7521
2004-02-25,EUR,TTD,sell,8.1564
2004-02-25,GBP,TTD,buy,11.5078
2004-02-25,GBP,TTD,sell,12.0218
2004-02-25,GYD,TTD,buy,0.0311
2004-02-25,GYD,TTD,sell,0.0323
2004-02-25,JMD,TTD,buy,0.0996
2004-02-25,JMD,TTD,sell,0.1037
2004-02-25,JPY,TTD,buy,0.0574
2004-02-25,JPY,TTD,sell,0.0578
2004-02-25,USD,TTD,buy,6.2357
2004-02-25,USD,TTD,sell,6.2998
2004-02-25,XCD,TTD,buy,2.2986
2004-02-25,XCD,TTD,sell,2.3721
2004-02-26,BBD,TTD,buy,2.8467
2004-02-26,BBD,TTD,sell,3.1997
2004-02-26,CAD,TTD,buy,4.5496
2004-02-26,CAD,TTD,sell,4.7774
2004-02-26,CHF,TTD,sell,5.0482
2004-02-26,EUR,TTD,buy,7.6203
2004-02-26,EUR,TTD,sell,7.8473
2004-02-26,GBP,TTD,buy,11.3496
2004-02-26,GBP,TTD,sell,11.8799
2004-02-26,GYD,TTD,buy,0.0312
2004-02-26,GYD,TTD,sell,0.0323
2004-02-26,JMD,TTD,buy,0.0999
2004-02-26,JMD,TTD,sell,0.1036
2004-02-26,JPY,TTD,buy,0.0571
2004-02-26,JPY,TTD,sell,0.0575
2004-02-26,USD,TTD,buy,6.2562
2004-02-26,USD,TTD,sell,6.2999
2004-02-26,XCD,TTD,buy,2.2294
2004-02-26,XCD,TTD,sell,2.3406
2004-02-27,BBD,TTD,buy,2.85
2004-02-27,BBD,TTD,sell,3.1984
2004-02-27,CAD,TTD,buy,4.5581
2004-02-27,CAD,TTD,sell,4.732
2004-02-27,CHF,TTD,buy,4.8192
2004-02-27,EUR,TTD,buy,7.5938
2004-02-27,EUR,TTD,sell,7.8675
2004-02-27,GBP,TTD,buy,11.4131
2004-02-27,GBP,TTD,sell,11.8389
2004-02-27,GYD,TTD,buy,0.031
2004-02-27,GYD,TTD,sell,0.0323
2004-02-27,JMD,TTD,buy,0.0994
2004-02-27,JMD,TTD,sell,0.1036
2004-02-27,JPY,TTD,buy,0.057
2004-02-27,JPY,TTD,sell,0.0577
2004-02-27,USD,TTD,buy,6.2268
2004-02-27,USD,TTD,sell,6.2996
2004-02-27,XCD,TTD,buy,2.238
2004-02-27,XCD,TTD,sell,2.3742
2004-03-01,BBD,TTD,buy,2.85
2004-03-01,BBD,TTD,sell,3.1543
2004-03-01,CAD,TTD,buy,4.5576
2004-03-01,CAD,TTD,sell,4.7575
2004-03-01,CHF,TTD,buy,4.8614
2004-03-01,CHF,TTD,sell,5.0525
2004-03-01,EUR,TTD,buy,7.6571
2004-03-01,EUR,TTD,sell,7.849
2004-03-01,GBP,TTD,buy,11.2805
2004-03-01,GBP,TTD,sell,11.738
2004-03-01,GYD,TTD,buy,0.0312
2004-03-01,GYD,TTD,sell,0.0323
2004-03-01,JMD,TTD,buy,0.0999
2004-03-01,JMD,TTD,sell,0.1036
2004-03-01,JPY,TTD,buy,0.0575
2004-03-01,JPY,TTD,sell,0.0578
2004-03-01,USD,TTD,buy,6.261
2004-03-01,USD,TTD,sell,6.2998
2004-03-01,XCD,TTD,buy,2.253
2004-03-01,XCD,TTD,sell,2.3786
2004-03-02,BBD,TTD,buy,2.85
2004-03-02,BBD,TTD,sell,3.1978
2004-03-02,CAD,TTD,buy,4.526
2004-03-02,CAD,TTD,sell,4.7574
2004-03-02,EUR,TTD,buy,7.6029
2004-03-02,EUR,TTD,sell,7.8958
2004-03-02,GBP,TTD,buy,11.3912
2004-03-02,GBP,TTD,sell,11.8017
2004-03-02,GYD,TTD,buy,0.0311
2004-03-02,GYD,TTD,sell,0.0323
2004-03-02,JMD,TTD,buy,0.0994
2004-03-02,JMD,TTD,sell,0.1036
2004-03-02,JPY,TTD,buy,0.0565
2004-03-02,JPY,TTD,sell,0.0572
2004-03-02,USD,TTD,buy,6.2288
2004-03-02,USD,TTD,sell,6.2999
2004-03-02,XCD,TTD,buy,2.1085
2004-03-02,XCD,TTD,sell,2.3804
2004-03-03,BBD,TTD,buy,2.8191
2004-03-03,BBD,TTD,sell,3.1923
2004-03-03,CAD,TTD,buy,4.5419
2004-03-03,CAD,TTD,sell,4.7178
2004-03-03,CHF,TTD,buy,4.44
2004-03-03,EUR,TTD,buy,7.4406
2004-03-03,EUR,TTD,sell,7.7169
2004-03-03,GBP,TTD,buy,11.3291
2004-03-03,GBP,TTD,sell,11.78
2004-03-03,GYD,TTD,buy,0.031
2004-03-03,GYD,TTD,sell,0.0323
2004-03-03,JMD,TTD,buy,0.0994
2004-03-03,JMD,TTD,sell,0.1036
2004-03-03,JPY,TTD,buy,0.0566
2004-03-03,JPY,TTD,sell,0.0572
2004-03-03,USD,TTD,buy,6.2249
2004-03-03,USD,TTD,sell,6.2997
2004-03-03,XCD,TTD,buy,2.1918
2004-03-03,XCD,TTD,sell,2.3648
2004-03-04,BBD,TTD,buy,2.85
2004-03-04,BBD,TTD,sell,3.192
2004-03-04,CAD,TTD,buy,4.6037
2004-03-04,CAD,TTD,sell,4.7638
2004-03-04,CHF,TTD,buy,4.7064
2004-03-04,EUR,TTD,buy,7.4667
2004-03-04,EUR,TTD,sell,7.7861
2004-03-04,GBP,TTD,buy,11.2065
2004-03-04,GBP,TTD,sell,11.7204
2004-03-04,GYD,TTD,buy,0.031
2004-03-04,GYD,TTD,sell,0.0323
2004-03-04,JMD,TTD,buy,0.0994
2004-03-04,JMD,TTD,sell,0.1036
2004-03-04,JPY,TTD,buy,0.0561
2004-03-04,JPY,TTD,sell,0.0568
2004-03-04,USD,TTD,buy,6.2256
2004-03-04,USD,TTD,sell,6.2998
2004-03-04,XCD,TTD,buy,2.1887
2004-03-04,XCD,TTD,sell,2.3571
2004-03-05,BBD,TTD,buy,2.85
2004-03-05,BBD,TTD,sell,3.1951
2004-03-05,CAD,TTD,buy,4.5628
2004-03-05,CAD,TTD,sell,4.7868
2004-03-05,CHF,TTD,buy,4.7487
2004-03-05,CHF,TTD,sell,4.9771
2004-03-05,EUR,TTD,buy,7.7303
2004-03-05,EUR,TTD,sell,7.7758
2004-03-05,GBP,TTD,buy,11.3404
2004-03-05,GBP,TTD,sell,11.6219
2004-03-05,GYD,TTD,buy,0.031
2004-03-05,GYD,TTD,sell,0.0323
2004-03-05,JMD,TTD,buy,0.0992
2004-03-05,JMD,TTD,sell,0.1036
2004-03-05,JPY,TTD,buy,0.0557
2004-03-05,JPY,TTD,sell,0.0564
2004-03-05,USD,TTD,buy,6.2158
2004-03-05,USD,TTD,sell,6.2991
2004-03-05,XCD,TTD,buy,2.2781
2004-03-05,XCD,TTD,sell,2.3771
2004-03-08,BBD,TTD,buy,2.85
2004-03-08,BBD,TTD,sell,3.2015
2004-03-08,CAD,TTD,buy,4.617
2004-03-08,CAD,TTD,sell,4.8141
2004-03-08,CHF,TTD,buy,4.862
2004-03-08,CHF,TTD,sell,5.0008
2004-03-08,EUR,TTD,buy,7
2004-03-08,EUR,TTD,sell,7.8197
2004-03-08,GBP,TTD,buy,11.345
2004-03-08,GBP,TTD,sell,11.8226
2004-03-08,GYD,TTD,buy,0.031
2004-03-08,GYD,TTD,sell,0.0323
2004-03-08,JMD,TTD,buy,0.0994
2004-03-08,JMD,TTD,sell,0.1036
2004-03-08,JPY,TTD,buy,0.056
2004-03-08,JPY,TTD,sell,0.0567
2004-03-08,USD,TTD,buy,6.2234
2004-03-08,USD,TTD,sell,6.2999
2004-03-08,XCD,TTD,buy,2.2494
2004-03-08,XCD,TTD,sell,2.51
2004-03-09,BBD,TTD,buy,2.8332
2004-03-09,BBD,TTD,sell,3.1494
2004-03-09,CAD,TTD,buy,4.6058
2004-03-09,CAD,TTD,sell,4.8158
2004-03-09,CHF,TTD,buy,4.7948
2004-03-09,EUR,TTD,buy,7.4964
2004-03-09,EUR,TTD,sell,7.8554
2004-03-09,GBP,TTD,buy,11.262
2004-03-09,GBP,TTD,sell,11.7698
2004-03-09,GYD,TTD,buy,0.0312
2004-03-09,GYD,TTD,sell,0.0323
2004-03-09,JMD,TTD,buy,0.1001
2004-03-09,JMD,TTD,sell,0.1036
2004-03-09,JPY,TTD,buy,0.0564
2004-03-09,JPY,TTD,sell,0.0566
2004-03-09,USD,TTD,buy,6.2456
2004-03-09,USD,TTD,sell,6.2998
2004-03-09,XCD,TTD,buy,2.3071
2004-03-09,XCD,TTD,sell,2.3765
2004-03-10,BBD,TTD,buy,2.8411
2004-03-10,BBD,TTD,sell,3.19
2004-03-10,CAD,TTD,buy,4.6469
2004-03-10,CAD,TTD,sell,4.8055
2004-03-10,CHF,TTD,buy,4.52
2004-03-10,EUR,TTD,buy,7.5358
2004-03-10,EUR,TTD,sell,7.8658
2004-03-10,GBP,TTD,buy,11.1593
2004-03-10,GBP,TTD,sell,11.4697
2004-03-10,GYD,TTD,buy,0.0311
2004-03-10,GYD,TTD,sell,0.0323
2004-03-10,JMD,TTD,buy,0.0997
2004-03-10,JMD,TTD,sell,0.1036
2004-03-10,JPY,TTD,buy,0.0563
2004-03-10,JPY,TTD,sell,0.0568
2004-03-10,USD,TTD,buy,6.2431
2004-03-10,USD,TTD,sell,6.2998
2004-03-10,XCD,TTD,buy,2.2271
2004-03-10,XCD,TTD,sell,2.319
2004-03-11,BBD,TTD,buy,2.85
2004-03-11,BBD,TTD,sell,3.2054
2004-03-11,CAD,TTD,buy,4.6554
2004-03-11,CAD,TTD,sell,4.7607
2004-03-11,CHF,TTD,buy,4.8601
2004-03-11,EUR,TTD,buy,7.5073
2004-03-11,EUR,TTD,sell,7.7767
2004-03-11,GBP,TTD,buy,11.0753
2004-03-11,GBP,TTD,sell,11.4028
2004-03-11,GYD,TTD,buy,0.0311
2004-03-11,GYD,TTD,sell,0.0323
2004-03-11,JMD,TTD,buy,0.0994
2004-03-11,JMD,TTD,sell,0.1034
2004-03-11,JPY,TTD,buy,0.0562
2004-03-11,JPY,TTD,sell,0.0568
2004-03-11,USD,TTD,buy,6.2492
2004-03-11,USD,TTD,sell,6.2999
2004-03-11,XCD,TTD,buy,2.3541
2004-03-11,XCD,TTD,sell,2.4285
2004-03-12,BBD,TTD,buy,2.8779
2004-03-12,BBD,TTD,sell,3.2005
2004-03-12,CAD,TTD,buy,4.6037
2004-03-12,CAD,TTD,sell,4.8139
2004-03-12,CHF,TTD,sell,4.9821
2004-03-12,EUR,TTD,buy,7.4845
2004-03-12,EUR,TTD,sell,7.8027
2004-03-12,GBP,TTD,buy,11.0803
2004-03-12,GBP,TTD,sell,11.6654
2004-03-12,GYD,TTD,buy,0.0311
2004-03-12,GYD,TTD,sell,0.0323
2004-03-12,JMD,TTD,buy,0.0993
2004-03-12,JMD,TTD,sell,0.1033
2004-03-12,JPY,TTD,buy,0.0563
2004-03-12,JPY,TTD,sell,0.0568
2004-03-12,USD,TTD,buy,6.2387
2004-03-12,USD,TTD,sell,6.2997
2004-03-12,XCD,TTD,buy,2.2601
2004-03-12,XCD,TTD,sell,2.3802
2004-03-15,BBD,TTD,buy,2.8224
2004-03-15,BBD,TTD,sell,3.2007
2004-03-15,CAD,TTD,buy,4.601
2004-03-15,CAD,TTD,sell,4.7878
2004-03-15,CHF,TTD,sell,5.0259
2004-03-15,EUR,TTD,buy,7.4712
2004-03-15,EUR,TTD,sell,7.8225
2004-03-15,GBP,TTD,buy,11.033
2004-03-15,GBP,TTD,sell,11.5172
2004-03-15,GYD,TTD,buy,0.0312
2004-03-15,GYD,TTD,sell,0.0323
2004-03-15,JMD,TTD,buy,0.0997
2004-03-15,JMD,TTD,sell,0.1033
2004-03-15,JPY,TTD,buy,0.0555
2004-03-15,JPY,TTD,sell,0.0576
2004-03-15,USD,TTD,buy,6.2616
2004-03-15,USD,TTD,sell,6.2998
2004-03-15,XCD,TTD,buy,2.2289
2004-03-15,XCD,TTD,sell,2.3539
2004-03-16,BBD,TTD,buy,2.8256
2004-03-16,BBD,TTD,sell,3.2014
2004-03-16,CAD,TTD,buy,4.5827
2004-03-16,CAD,TTD,sell,4.8056
2004-03-16,CHF,TTD,sell,5.0012
2004-03-16,EUR,TTD,buy,7.5331
2004-03-16,EUR,TTD,sell,7.8442
2004-03-16,GBP,TTD,buy,11.111
2004-03-16,GBP,TTD,sell,11.4791
2004-03-16,GYD,TTD,buy,0.0312
2004-03-16,GYD,TTD,sell,0.0323
2004-03-16,JMD,TTD,buy,0.0996
2004-03-16,JMD,TTD,sell,0.1033
2004-03-16,JPY,TTD,buy,0.0575
2004-03-16,JPY,TTD,sell,0.0579
2004-03-16,USD,TTD,buy,6.2585
2004-03-16,USD,TTD,sell,6.2998
2004-03-16,XCD,TTD,buy,2.2863
2004-03-16,XCD,TTD,sell,2.3624
2004-03-17,BBD,TTD,buy,2.8599
2004-03-17,BBD,TTD,sell,3.2014
2004-03-17,CAD,TTD,buy,4.5815
2004-03-17,CAD,TTD,sell,4.7783
2004-03-17,CHF,TTD,sell,4.96
2004-03-17,EUR,TTD,buy,7.4784
2004-03-17,EUR,TTD,sell,7.8393
2004-03-17,GBP,TTD,buy,11.0245
2004-03-17,GBP,TTD,sell,11.6202
2004-03-17,GYD,TTD,buy,0.0311
2004-03-17,GYD,TTD,sell,0.0323
2004-03-17,JMD,TTD,buy,0.0993
2004-03-17,JMD,TTD,sell,0.1033
2004-03-17,JPY,TTD,buy,0.0577
2004-03-17,JPY,TTD,sell,0.0583
2004-03-17,USD,TTD,buy,6.2309
2004-03-17,USD,TTD,sell,6.2998
2004-03-17,XCD,TTD,buy,2.2089
2004-03-17,XCD,TTD,sell,3.2014
2004-03-18,BBD,TTD,buy,2.9444
2004-03-18,BBD,TTD,sell,3.1978
2004-03-18,CAD,TTD,buy,4.5708
2004-03-18,CAD,TTD,sell,4.7788
2004-03-18,EUR,TTD,buy,7.5147
2004-03-18,EUR,TTD,sell,7.89
2004-03-18,GBP,TTD,buy,11.1007
2004-03-18,GBP,TTD,sell,11.6521
2004-03-18,GYD,TTD,buy,0.0312
2004-03-18,GYD,TTD,sell,0.0323
2004-03-18,JMD,TTD,buy,0.0998
2004-03-18,JMD,TTD,sell,0.1034
2004-03-18,JPY,TTD,buy,0.0588
2004-03-18,JPY,TTD,sell,0.0591
2004-03-18,USD,TTD,buy,6.2616
2004-03-18,USD,TTD,sell,6.2996
2004-03-18,XCD,TTD,buy,2.2081
2004-03-18,XCD,TTD,sell,2.3688
2004-03-19,BBD,TTD,buy,2.8706
2004-03-19,BBD,TTD,sell,3.0243
2004-03-19,CAD,TTD,buy,4.6095
2004-03-19,CAD,TTD,sell,4.7915
2004-03-19,CHF,TTD,sell,5.0741
2004-03-19,EUR,TTD,buy,7.54
2004-03-19,EUR,TTD,sell,7.9079
2004-03-19,GBP,TTD,buy,11.2378
2004-03-19,GBP,TTD,sell,11.7158
2004-03-19,GYD,TTD,buy,0.0312
2004-03-19,GYD,TTD,sell,0.0323
2004-03-19,JMD,TTD,buy,0.0996
2004-03-19,JMD,TTD,sell,0.1034
2004-03-19,JPY,TTD,buy,0.0585
2004-03-19,JPY,TTD,sell,0.059
2004-03-19,USD,TTD,buy,6.2537
2004-03-19,USD,TTD,sell,6.2998
2004-03-19,XCD,TTD,buy,2.1775
2004-03-19,XCD,TTD,sell,2.3532
2004-03-22,BBD,TTD,buy,2.8481
2004-03-22,BBD,TTD,sell,3.1986
2004-03-22,CAD,TTD,buy,4.5621
2004-03-22,CAD,TTD,sell,4.803
2004-03-22,EUR,TTD,buy,7.5452
2004-03-22,EUR,TTD,sell,7.8983
2004-03-22,GBP,TTD,buy,11.3807
2004-03-22,GBP,TTD,sell,11.6811
2004-03-22,GYD,TTD,buy,0.0311
2004-03-22,GYD,TTD,sell,0.0322
2004-03-22,JMD,TTD,buy,0.0997
2004-03-22,JMD,TTD,sell,0.1034
2004-03-22,JPY,TTD,buy,0.0586
2004-03-22,JPY,TTD,sell,0.059
2004-03-22,USD,TTD,buy,6.2584
2004-03-22,USD,TTD,sell,6.2997
2004-03-22,XCD,TTD,buy,2.1216
2004-03-22,XCD,TTD,sell,2.2941
2004-03-23,BBD,TTD,buy,2.816
2004-03-23,BBD,TTD,sell,3.2026
2004-03-23,CAD,TTD,buy,4.5921
2004-03-23,CAD,TTD,sell,4.8149
2004-03-23,CHF,TTD,buy,4.5462
2004-03-23,EUR,TTD,buy,7.5267
2004-03-23,EUR,TTD,sell,7.859
2004-03-23,GBP,TTD,buy,11.216
2004-03-23,GBP,TTD,sell,11.8196
2004-03-23,GYD,TTD,buy,0.0309
2004-03-23,GYD,TTD,sell,0.0322
2004-03-23,JMD,TTD,buy,0.0993
2004-03-23,JMD,TTD,sell,0.1036
2004-03-23,JPY,TTD,buy,0.0583
2004-03-23,JPY,TTD,sell,0.059
2004-03-23,USD,TTD,buy,6.2249
2004-03-23,USD,TTD,sell,6.2999
2004-03-23,XCD,TTD,buy,2.24
2004-03-23,XCD,TTD,sell,2.3657
2004-03-24,BBD,TTD,buy,2.8218
2004-03-24,BBD,TTD,sell,3.2
2004-03-24,CAD,TTD,buy,4.5272
2004-03-24,CAD,TTD,sell,4.7896
2004-03-24,EUR,TTD,buy,7.4896
2004-03-24,EUR,TTD,sell,7.7361
2004-03-24,GBP,TTD,buy,11.2146
2004-03-24,GBP,TTD,sell,11.7027
2004-03-24,GYD,TTD,buy,0.0309
2004-03-24,GYD,TTD,sell,0.0322
2004-03-24,JMD,TTD,buy,0.0993
2004-03-24,JMD,TTD,sell,0.1035
2004-03-24,JPY,TTD,buy,0.0587
2004-03-24,JPY,TTD,sell,0.0593
2004-03-24,USD,TTD,buy,6.2293
2004-03-24,USD,TTD,sell,6.2998
2004-03-24,XCD,TTD,buy,2.2847
2004-03-24,XCD,TTD,sell,2.3495
2004-03-25,BBD,TTD,buy,2.8558
2004-03-25,BBD,TTD,sell,3.1193
2004-03-25,CAD,TTD,buy,4.5609
2004-03-25,CAD,TTD,sell,4.7769
2004-03-25,CHF,TTD,sell,5.0023
2004-03-25,EUR,TTD,buy,7.4657
2004-03-25,EUR,TTD,sell,7.7067
2004-03-25,GBP,TTD,buy,11.1023
2004-03-25,GBP,TTD,sell,11.6149
2004-03-25,GYD,TTD,buy,0.031
2004-03-25,GYD,TTD,sell,0.0322
2004-03-25,JMD,TTD,buy,0.0996
2004-03-25,JMD,TTD,sell,0.1035
2004-03-25,JPY,TTD,buy,0.059
2004-03-25,JPY,TTD,sell,0.0595
2004-03-25,USD,TTD,buy,6.2468
2004-03-25,USD,TTD,sell,6.2998
2004-03-25,XCD,TTD,buy,2.2894
2004-03-25,XCD,TTD,sell,2.3808
2004-03-26,BBD,TTD,buy,2.8311
2004-03-26,BBD,TTD,sell,3.2015
2004-03-26,CAD,TTD,buy,4.6174
2004-03-26,CAD,TTD,sell,4.8356
2004-03-26,CHF,TTD,buy,4.55
2004-03-26,EUR,TTD,buy,7.356
2004-03-26,EUR,TTD,sell,7.774
2004-03-26,GBP,TTD,buy,11.157
2004-03-26,GBP,TTD,sell,11.6684
2004-03-26,GYD,TTD,buy,0.0312
2004-03-26,GYD,TTD,sell,0.0322
2004-03-26,JMD,TTD,buy,0.1002
2004-03-26,JMD,TTD,sell,0.1034
2004-03-26,JPY,TTD,buy,0.0581
2004-03-26,JPY,TTD,sell,0.06
2004-03-26,USD,TTD,buy,6.2525
2004-03-26,USD,TTD,sell,6.2998
2004-03-26,XCD,TTD,buy,2.2334
2004-03-26,XCD,TTD,sell,2.3723
2004-03-29,BBD,TTD,buy,2.8102
2004-03-29,BBD,TTD,sell,3.02
2004-03-29,CAD,TTD,buy,4.6288
2004-03-29,CAD,TTD,sell,4.8357
2004-03-29,CHF,TTD,buy,4.7698
2004-03-29,CHF,TTD,sell,4.9413
2004-03-29,EUR,TTD,buy,7.3781
2004-03-29,EUR,TTD,sell,7.7477
2004-03-29,GBP,TTD,buy,11.2646
2004-03-29,GBP,TTD,sell,11.51
2004-03-29,GYD,TTD,buy,0.0311
2004-03-29,GYD,TTD,sell,0.0322
2004-03-29,JMD,TTD,buy,0.0998
2004-03-29,JMD,TTD,sell,0.1034
2004-03-29,JPY,TTD,buy,0.0594
2004-03-29,JPY,TTD,sell,0.0597
2004-03-29,USD,TTD,buy,6.2621
2004-03-29,USD,TTD,sell,6.2998
2004-03-29,XCD,TTD,buy,2.224
2004-03-29,XCD,TTD,sell,2.4782
2004-03-31,BBD,TTD,buy,2.8406
2004-03-31,BBD,TTD,sell,3.2019
2004-03-31,CAD,TTD,buy,4.6671
2004-03-31,CAD,TTD,sell,4.8557
2004-03-31,CHF,TTD,buy,4.8209
2004-03-31,EUR,TTD,buy,7.4684
2004-03-31,EUR,TTD,sell,7.7261
2004-03-31,GBP,TTD,buy,11.2386
2004-03-31,GBP,TTD,sell,11.6051
2004-03-31,GYD,TTD,buy,0.0312
2004-03-31,GYD,TTD,sell,0.0322
2004-03-31,JMD,TTD,buy,0.1001
2004-03-31,JMD,TTD,sell,0.1034
2004-03-31,JPY,TTD,buy,0.0591
2004-03-31,JPY,TTD,sell,0.0618
2004-03-31,USD,TTD,buy,6.2821
2004-03-31,USD,TTD,sell,6.2998
2004-03-31,XCD,TTD,buy,2.2126
2004-03-31,XCD,TTD,sell,2.3714
2004-04-01,BBD,TTD,buy,2.8311
2004-04-01,BBD,TTD,sell,3.1974
2004-04-01,CAD,TTD,buy,4.6374
2004-04-01,CAD,TTD,sell,4.8755
2004-04-01,CHF,TTD,buy,4.8554
2004-04-01,EUR,TTD,buy,7.5301
2004-04-01,EUR,TTD,sell,7.8348
2004-04-01,GBP,TTD,buy,11.3081
2004-04-01,GBP,TTD,sell,11.7966
2004-04-01,GYD,TTD,buy,0.031
2004-04-01,GYD,TTD,sell,0.0322
2004-04-01,JMD,TTD,buy,0.0996
2004-04-01,JMD,TTD,sell,0.1034
2004-04-01,JPY,TTD,buy,0.0602
2004-04-01,JPY,TTD,sell,0.0607
2004-04-01,USD,TTD,buy,6.2509
2004-04-01,USD,TTD,sell,6.2997
2004-04-01,XCD,TTD,buy,2.2408
2004-04-01,XCD,TTD,sell,2.3676
2004-04-02,BBD,TTD,buy,2.8137
2004-04-02,BBD,TTD,sell,3.2014
2004-04-02,CAD,TTD,buy,4.7331
2004-04-02,CAD,TTD,sell,4.8461
2004-04-02,CHF,TTD,buy,4.8363
2004-04-02,EUR,TTD,buy,7.5512
2004-04-02,EUR,TTD,sell,7.87
2004-04-02,GBP,TTD,buy,11.3002
2004-04-02,GBP,TTD,sell,11.7127
2004-04-02,GYD,TTD,buy,0.0311
2004-04-02,GYD,TTD,sell,0.0322
2004-04-02,JMD,TTD,buy,0.0997
2004-04-02,JMD,TTD,sell,0.1034
2004-04-02,JPY,TTD,buy,0.0599
2004-04-02,JPY,TTD,sell,0.0603
2004-04-02,USD,TTD,buy,6.2533
2004-04-02,USD,TTD,sell,6.2998
2004-04-02,XCD,TTD,buy,2.1997
2004-04-02,XCD,TTD,sell,2.3431
2004-04-05,BBD,TTD,buy,2.9024
2004-04-05,BBD,TTD,sell,3.1922
2004-04-05,CAD,TTD,buy,4.6676
2004-04-05,CAD,TTD,sell,4.872
2004-04-05,CHF,TTD,buy,4.7631
2004-04-05,CHF,TTD,sell,4.9009
2004-04-05,EUR,TTD,buy,7.6305
2004-04-05,EUR,TTD,sell,7.6941
2004-04-05,GBP,TTD,buy,11.1359
2004-04-05,GBP,TTD,sell,11.5422
2004-04-05,GYD,TTD,buy,0.0309
2004-04-05,GYD,TTD,sell,0.0321
2004-04-05,JMD,TTD,buy,0.0997
2004-04-05,JMD,TTD,sell,0.1036
2004-04-05,JPY,TTD,buy,0.0594
2004-04-05,JPY,TTD,sell,0.0599
2004-04-05,USD,TTD,buy,6.2436
2004-04-05,USD,TTD,sell,6.2997
2004-04-05,XCD,TTD,buy,2.2454
2004-04-05,XCD,TTD,sell,2.3288
2004-04-06,BBD,TTD,buy,2.9505
2004-04-06,BBD,TTD,sell,3.2013
2004-04-06,CAD,TTD,buy,4.6535
2004-04-06,CAD,TTD,sell,4.8491
2004-04-06,EUR,TTD,buy,7.3367
2004-04-06,EUR,TTD,sell,7.7424
2004-04-06,GBP,TTD,buy,11.179
2004-04-06,GBP,TTD,sell,11.6626
2004-04-06,GYD,TTD,buy,0.0308
2004-04-06,GYD,TTD,sell,0.0321
2004-04-06,JMD,TTD,buy,0.0308
2004-04-06,JMD,TTD,sell,0.0321
2004-04-06,JPY,TTD,buy,0.0589
2004-04-06,JPY,TTD,sell,0.0596
2004-04-06,USD,TTD,buy,6.2272
2004-04-06,USD,TTD,sell,6.2998
2004-04-06,XCD,TTD,buy,2.2626
2004-04-06,XCD,TTD,sell,2.3598
2004-04-07,BBD,TTD,buy,2.8481
2004-04-07,BBD,TTD,sell,3.1634
2004-04-07,CAD,TTD,buy,4.6755
2004-04-07,CAD,TTD,sell,4.8419
2004-04-07,CHF,TTD,buy,4.5
2004-04-07,CHF,TTD,sell,4.9739
2004-04-07,EUR,TTD,buy,7.4392
2004-04-07,EUR,TTD,sell,7.7089
2004-04-07,GBP,TTD,buy,11.1718
2004-04-07,GBP,TTD,sell,11.6963
2004-04-07,GYD,TTD,buy,0.0309
2004-04-07,GYD,TTD,sell,0.0321
2004-04-07,JMD,TTD,buy,0.0997
2004-04-07,JMD,TTD,sell,0.1037
2004-04-07,JPY,TTD,buy,0.0593
2004-04-07,JPY,TTD,sell,0.0598
2004-04-07,USD,TTD,buy,6.2426
2004-04-07,USD,TTD,sell,6.2998
2004-04-07,XCD,TTD,buy,2.1935
2004-04-07,XCD,TTD,sell,2.3622
2004-04-08,BBD,TTD,buy,2.8138
2004-04-08,BBD,TTD,sell,3.1932
2004-04-08,CAD,TTD,buy,4.6033
2004-04-08,CAD,TTD,sell,4.8334
2004-04-08,EUR,TTD,buy,7.4174
2004-04-08,EUR,TTD,sell,7.7633
2004-04-08,GBP,TTD,buy,11.2146
2004-04-08,GBP,TTD,sell,11.8813
2004-04-08,GYD,TTD,buy,0.0308
2004-04-08,GYD,TTD,sell,0.0321
2004-04-08,JMD,TTD,buy,0.0994
2004-04-08,JMD,TTD,sell,0.1037
2004-04-08,JPY,TTD,buy,0.0585
2004-04-08,JPY,TTD,sell,0.0593
2004-04-08,USD,TTD,buy,6.2211
2004-04-08,USD,TTD,sell,6.2998
2004-04-08,XCD,TTD,buy,2.3015
2004-04-08,XCD,TTD,sell,2.3805
2004-04-13,BBD,TTD,buy,2.8136
2004-04-13,BBD,TTD,sell,3.2004
2004-04-13,CAD,TTD,buy,4.6189
2004-04-13,CAD,TTD,sell,4.7617
2004-04-13,CHF,TTD,buy,4.46
2004-04-13,CHF,TTD,sell,4.955
2004-04-13,EUR,TTD,buy,7.3494
2004-04-13,EUR,TTD,sell,7.6164
2004-04-13,GBP,TTD,buy,11.206
2004-04-13,GBP,TTD,sell,11.6708
2004-04-13,GYD,TTD,buy,0.031
2004-04-13,GYD,TTD,sell,0.1037
2004-04-13,JMD,TTD,buy,0.0999
2004-04-13,JMD,TTD,sell,0.1037
2004-04-13,JPY,TTD,buy,0.0586
2004-04-13,JPY,TTD,sell,0.059
2004-04-13,USD,TTD,buy,6.2528
2004-04-13,USD,TTD,sell,6.2998
2004-04-13,XCD,TTD,buy,2.2271
2004-04-13,XCD,TTD,sell,2.3505
2004-04-14,BBD,TTD,buy,2.8346
2004-04-14,BBD,TTD,sell,3.2015
2004-04-14,CAD,TTD,buy,4.5634
2004-04-14,CAD,TTD,sell,4.7554
2004-04-14,CHF,TTD,buy,4.6778
2004-04-14,CHF,TTD,sell,4.8801
2004-04-14,EUR,TTD,buy,7.4293
2004-04-14,EUR,TTD,sell,7.4596
2004-04-14,GBP,TTD,buy,11.0232
2004-04-14,GBP,TTD,sell,11.5645
2004-04-14,GYD,TTD,buy,0.031
2004-04-14,GYD,TTD,sell,0.0321
2004-04-14,JMD,TTD,buy,0.1002
2004-04-14,JMD,TTD,sell,0.1039
2004-04-14,JPY,TTD,buy,0.0575
2004-04-14,JPY,TTD,sell,0.0579
2004-04-14,USD,TTD,buy,6.2534
2004-04-14,USD,TTD,sell,6.2953
2004-04-14,XCD,TTD,buy,2.2484
2004-04-14,XCD,TTD,sell,2.3601
2004-04-15,BBD,TTD,buy,2.8456
2004-04-15,BBD,TTD,sell,3.1961
2004-04-15,CAD,TTD,buy,4.5681
2004-04-15,CAD,TTD,sell,4.7403
2004-04-15,CHF,TTD,buy,4.707
2004-04-15,EUR,TTD,buy,7.1266
2004-04-15,EUR,TTD,sell,7.735
2004-04-15,GBP,TTD,buy,10.8476
2004-04-15,GBP,TTD,sell,11.3747
2004-04-15,GYD,TTD,buy,0.031
2004-04-15,GYD,TTD,sell,0.0321
2004-04-15,JMD,TTD,buy,0.1003
2004-04-15,JMD,TTD,sell,0.1039
2004-04-15,JPY,TTD,buy,0.0577
2004-04-15,JPY,TTD,sell,0.058
2004-04-15,USD,TTD,buy,6.2596
2004-04-15,USD,TTD,sell,6.2936
2004-04-15,XCD,TTD,buy,2.2273
2004-04-15,XCD,TTD,sell,2.3604
2004-04-16,BBD,TTD,buy,2.8245
2004-04-16,BBD,TTD,sell,3.1975
2004-04-16,CAD,TTD,buy,4.5173
2004-04-16,CAD,TTD,sell,4.6954
2004-04-16,CHF,TTD,sell,4.9046
2004-04-16,EUR,TTD,buy,7.2931
2004-04-16,EUR,TTD,sell,7.6505
2004-04-16,GBP,TTD,buy,10.9013
2004-04-16,GBP,TTD,sell,11.4431
2004-04-16,GYD,TTD,buy,0.0309
2004-04-16,GYD,TTD,sell,0.0321
2004-04-16,JMD,TTD,buy,0.1
2004-04-16,JMD,TTD,sell,0.1038
2004-04-16,JPY,TTD,buy,0.0578
2004-04-16,JPY,TTD,sell,0.0582
2004-04-16,USD,TTD,buy,6.2433
2004-04-16,USD,TTD,sell,6.2901
2004-04-16,XCD,TTD,buy,2.2019
2004-04-16,XCD,TTD,sell,2.3613
2004-04-19,BBD,TTD,buy,2.8388
2004-04-19,BBD,TTD,sell,3.192
2004-04-19,CAD,TTD,buy,4.4915
2004-04-19,CAD,TTD,sell,4.7203
2004-04-19,CHF,TTD,buy,4.49
2004-04-19,CHF,TTD,sell,4.9778
2004-04-19,EUR,TTD,buy,7.2329
2004-04-19,EUR,TTD,sell,7.7057
2004-04-19,GBP,TTD,buy,11.0078
2004-04-19,GBP,TTD,sell,11.5009
2004-04-19,GYD,TTD,buy,0.031
2004-04-19,GYD,TTD,sell,0.0321
2004-04-19,JMD,TTD,buy,0.1001
2004-04-19,JMD,TTD,sell,0.1038
2004-04-19,JPY,TTD,buy,0.0576
2004-04-19,JPY,TTD,sell,0.058
2004-04-19,USD,TTD,buy,6.2493
2004-04-19,USD,TTD,sell,6.2893
2004-04-19,XCD,TTD,buy,2.2478
2004-04-19,XCD,TTD,sell,2.3587
2004-04-20,BBD,TTD,buy,2.9084
2004-04-20,BBD,TTD,sell,3.1914
2004-04-20,CAD,TTD,buy,4.4985
2004-04-20,CAD,TTD,sell,4.708
2004-04-20,CHF,TTD,buy,4.6534
2004-04-20,EUR,TTD,buy,7.115
2004-04-20,EUR,TTD,sell,7.5223
2004-04-20,GBP,TTD,buy,11.0275
2004-04-20,GBP,TTD,sell,11.4517
2004-04-20,GYD,TTD,buy,0.0309
2004-04-20,GYD,TTD,sell,0.0321
2004-04-20,JMD,TTD,buy,0.0999
2004-04-20,JMD,TTD,sell,0.1038
2004-04-20,JPY,TTD,buy,0.0576
2004-04-20,JPY,TTD,sell,0.0581
2004-04-20,USD,TTD,buy,6.2346
2004-04-20,USD,TTD,sell,6.29
2004-04-20,XCD,TTD,buy,2.2885
2004-04-20,XCD,TTD,sell,2.487
2004-04-21,BBD,TTD,buy,2.8312
2004-04-21,BBD,TTD,sell,3.2015
2004-04-21,CAD,TTD,buy,4.5174
2004-04-21,CAD,TTD,sell,4.6827
2004-04-21,CHF,TTD,buy,4.39
2004-04-21,EUR,TTD,buy,7.2634
2004-04-21,EUR,TTD,sell,7.5958
2004-04-21,GBP,TTD,buy,10.7747
2004-04-21,GBP,TTD,sell,11.2872
2004-04-21,GYD,TTD,buy,0.031
2004-04-21,GYD,TTD,sell,0.0321
2004-04-21,JMD,TTD,buy,0.1003
2004-04-21,JMD,TTD,sell,0.1038
2004-04-21,JPY,TTD,buy,0.0572
2004-04-21,JPY,TTD,sell,0.0575
2004-04-21,USD,TTD,buy,6.2546
2004-04-21,USD,TTD,sell,6.2904
2004-04-21,XCD,TTD,buy,2.2564
2004-04-21,XCD,TTD,sell,2.3699
2004-04-22,BBD,TTD,buy,2.9683
2004-04-22,BBD,TTD,sell,3.2013
2004-04-22,CAD,TTD,buy,4.5059
2004-04-22,CAD,TTD,sell,4.6626
2004-04-22,EUR,TTD,buy,7.2709
2004-04-22,EUR,TTD,sell,7.6525
2004-04-22,GBP,TTD,buy,10.7023
2004-04-22,GBP,TTD,sell,11.2796
2004-04-22,GYD,TTD,buy,0.0309
2004-04-22,GYD,TTD,sell,0.0321
2004-04-22,JMD,TTD,buy,0.0999
2004-04-22,JMD,TTD,sell,0.1039
2004-04-22,JPY,TTD,buy,0.0572
2004-04-22,JPY,TTD,sell,0.0579
2004-04-22,USD,TTD,buy,6.2322
2004-04-22,USD,TTD,sell,6.2932
2004-04-22,XCD,TTD,buy,2.2185
2004-04-22,XCD,TTD,sell,2.3684
2004-04-23,BBD,TTD,buy,2.8425
2004-04-23,BBD,TTD,sell,3.1473
2004-04-23,CAD,TTD,buy,4.49
2004-04-23,CAD,TTD,sell,4.6843
2004-04-23,CHF,TTD,sell,4.8786
2004-04-23,EUR,TTD,buy,7.3106
2004-04-23,EUR,TTD,sell,7.5501
2004-04-23,GBP,TTD,buy,10.8453
2004-04-23,GBP,TTD,sell,11.146
2004-04-23,GYD,TTD,buy,0.0309
2004-04-23,GYD,TTD,sell,0.0321
2004-04-23,JMD,TTD,buy,0.1001
2004-04-23,JMD,TTD,sell,0.1038
2004-04-23,JPY,TTD,buy,0.0563
2004-04-23,JPY,TTD,sell,0.0584
2004-04-23,USD,TTD,buy,6.2462
2004-04-23,USD,TTD,sell,6.2888
2004-04-23,XCD,TTD,buy,2.2998
2004-04-23,XCD,TTD,sell,2.3601
2004-04-26,BBD,TTD,buy,2.8263
2004-04-26,BBD,TTD,sell,3.2318
2004-04-26,CAD,TTD,buy,4.5411
2004-04-26,CAD,TTD,sell,4.6979
2004-04-26,CHF,TTD,buy,4.731
2004-04-26,EUR,TTD,buy,7.2371
2004-04-26,EUR,TTD,sell,7.5414
2004-04-26,GBP,TTD,buy,10.8678
2004-04-26,GBP,TTD,sell,11.3007
2004-04-26,GYD,TTD,buy,0.031
2004-04-26,GYD,TTD,sell,0.0321
2004-04-26,JMD,TTD,buy,0.1003
2004-04-26,JMD,TTD,sell,0.1039
2004-04-26,JPY,TTD,buy,0.0575
2004-04-26,JPY,TTD,sell,0.0579
2004-04-26,USD,TTD,buy,6.2534
2004-04-26,USD,TTD,sell,6.2922
2004-04-26,XCD,TTD,buy,2.2193
2004-04-26,XCD,TTD,sell,2.3474
2004-04-27,BBD,TTD,buy,2.8373
2004-04-27,BBD,TTD,sell,3.2248
2004-04-27,CAD,TTD,buy,4.4978
2004-04-27,CAD,TTD,sell,4.658
2004-04-27,EUR,TTD,buy,7.2748
2004-04-27,EUR,TTD,sell,7.5973
2004-04-27,GBP,TTD,buy,10.9096
2004-04-27,GBP,TTD,sell,11.4366
2004-04-27,GYD,TTD,buy,0.0309
2004-04-27,GYD,TTD,sell,0.0321
2004-04-27,JMD,TTD,buy,0.1002
2004-04-27,JMD,TTD,sell,0.1039
2004-04-27,JPY,TTD,buy,0.0571
2004-04-27,JPY,TTD,sell,0.0575
2004-04-27,USD,TTD,buy,6.2501
2004-04-27,USD,TTD,sell,6.2921
2004-04-27,XCD,TTD,buy,2.2378
2004-04-27,XCD,TTD,sell,2.3612
2004-04-28,BBD,TTD,buy,2.8347
2004-04-28,BBD,TTD,sell,3.1962
2004-04-28,CAD,TTD,buy,4.5302
2004-04-28,CAD,TTD,sell,4.6932
2004-04-28,CHF,TTD,buy,4.7282
2004-04-28,CHF,TTD,sell,4.9242
2004-04-28,EUR,TTD,buy,7.248
2004-04-28,EUR,TTD,sell,7.595
2004-04-28,GBP,TTD,buy,10.9016
2004-04-28,GBP,TTD,sell,11.2926
2004-04-28,GYD,TTD,buy,0.031
2004-04-28,GYD,TTD,sell,0.0321
2004-04-28,JMD,TTD,buy,0.1003
2004-04-28,JMD,TTD,sell,0.1039
2004-04-28,JPY,TTD,buy,0.0583
2004-04-28,JPY,TTD,sell,0.0585
2004-04-28,USD,TTD,buy,6.2589
2004-04-28,USD,TTD,sell,6.2941
2004-04-28,XCD,TTD,buy,2.2605
2004-04-28,XCD,TTD,sell,2.368
2004-04-29,BBD,TTD,buy,2.9149
2004-04-29,BBD,TTD,sell,3.1975
2004-04-29,CAD,TTD,buy,4.4491
2004-04-29,CAD,TTD,sell,4.6088
2004-04-29,CHF,TTD,sell,4.8799
2004-04-29,EUR,TTD,buy,7.2667
2004-04-29,EUR,TTD,sell,7.6168
2004-04-29,GBP,TTD,buy,10.7513
2004-04-29,GBP,TTD,sell,11.2592
2004-04-29,GYD,TTD,buy,0.0309
2004-04-29,GYD,TTD,sell,0.0321
2004-04-29,JMD,TTD,buy,0.0999
2004-04-29,JMD,TTD,sell,0.1039
2004-04-29,JPY,TTD,buy,0.0566
2004-04-29,JPY,TTD,sell,0.0571
2004-04-29,USD,TTD,buy,6.2337
2004-04-29,USD,TTD,sell,6.2912
2004-04-29,XCD,TTD,buy,2.272
2004-04-29,XCD,TTD,sell,2.3552
2004-04-30,BBD,TTD,buy,2.9348
2004-04-30,BBD,TTD,sell,3.1976
2004-04-30,CAD,TTD,buy,4.4161
2004-04-30,CAD,TTD,sell,4.6485
2004-04-30,CHF,TTD,buy,4.7253
2004-04-30,CHF,TTD,sell,4.934
2004-04-30,EUR,TTD,buy,7.3141
2004-04-30,EUR,TTD,sell,7.6699
2004-04-30,GBP,TTD,buy,10.8642
2004-04-30,GBP,TTD,sell,11.3234
2004-04-30,GYD,TTD,buy,0.031
2004-04-30,GYD,TTD,sell,0.0321
2004-04-30,JMD,TTD,buy,0.1003
2004-04-30,JMD,TTD,sell,0.1039
2004-04-30,JPY,TTD,buy,0.0556
2004-04-30,JPY,TTD,sell,0.0575
2004-04-30,USD,TTD,buy,6.2534
2004-04-30,USD,TTD,sell,6.2947
2004-04-30,XCD,TTD,buy,2.2512
2004-04-30,XCD,TTD,sell,2.3249
2004-05-03,BBD,TTD,buy,2.835
2004-05-03,BBD,TTD,sell,3.2015
2004-05-03,CAD,TTD,buy,4.2999
2004-05-03,CAD,TTD,sell,4.6417
2004-05-03,CHF,TTD,sell,4.9249
2004-05-03,EUR,TTD,buy,7.3369
2004-05-03,EUR,TTD,sell,7.6238
2004-05-03,GBP,TTD,buy,10.7901
2004-05-03,GBP,TTD,sell,11.2885
2004-05-03,GYD,TTD,buy,0.031
2004-05-03,GYD,TTD,sell,0.0322
2004-05-03,JMD,TTD,buy,0.1002
2004-05-03,JMD,TTD,sell,0.1039
2004-05-03,JPY,TTD,buy,0.0567
2004-05-03,JPY,TTD,sell,0.0571
2004-05-03,USD,TTD,buy,6.2525
2004-05-03,USD,TTD,sell,6.2968
2004-05-03,XCD,TTD,buy,2.2392
2004-05-03,XCD,TTD,sell,2.3807
2004-05-04,BBD,TTD,buy,2.8395
2004-05-04,BBD,TTD,sell,3.1938
2004-05-04,CAD,TTD,buy,4.4856
2004-05-04,CAD,TTD,sell,4.7228
2004-05-04,CHF,TTD,buy,4.7705
2004-05-04,EUR,TTD,buy,7.4155
2004-05-04,EUR,TTD,sell,7.7069
2004-05-04,GBP,TTD,buy,10.9388
2004-05-04,GBP,TTD,sell,11.3457
2004-05-04,GYD,TTD,buy,0.0309
2004-05-04,GYD,TTD,sell,0.0322
2004-05-04,JMD,TTD,buy,0.0998
2004-05-04,JMD,TTD,sell,0.104
2004-05-04,JPY,TTD,buy,0.0569
2004-05-04,JPY,TTD,sell,0.0575
2004-05-04,USD,TTD,buy,6.2288
2004-05-04,USD,TTD,sell,6.2994
2004-05-04,XCD,TTD,buy,2.2844
2004-05-04,XCD,TTD,sell,2.3664
2004-05-05,BBD,TTD,buy,2.8248
2004-05-05,BBD,TTD,sell,3.1917
2004-05-05,CAD,TTD,buy,4.4749
2004-05-05,CAD,TTD,sell,4.6304
2004-05-05,EUR,TTD,buy,7.4534
2004-05-05,EUR,TTD,sell,7.7856
2004-05-05,GBP,TTD,buy,10.9401
2004-05-05,GBP,TTD,sell,11.4371
2004-05-05,GYD,TTD,buy,0.0309
2004-05-05,GYD,TTD,sell,0.0322
2004-05-05,JMD,TTD,buy,0.0999
2004-05-05,JMD,TTD,sell,0.104
2004-05-05,JPY,TTD,buy,0.0574
2004-05-05,JPY,TTD,sell,0.058
2004-05-05,USD,TTD,buy,6.2323
2004-05-05,USD,TTD,sell,6.2997
2004-05-05,XCD,TTD,buy,2.2332
2004-05-05,XCD,TTD,sell,2.3547
2004-05-06,BBD,TTD,buy,2.8317
2004-05-06,BBD,TTD,sell,3.1776
2004-05-06,CAD,TTD,buy,4.4481
2004-05-06,CAD,TTD,sell,4.6586
2004-05-06,CHF,TTD,sell,5.0015
2004-05-06,EUR,TTD,buy,7.4484
2004-05-06,EUR,TTD,sell,7.7523
2004-05-06,GBP,TTD,buy,10.9958
2004-05-06,GBP,TTD,sell,11.424
2004-05-06,GYD,TTD,buy,0.031
2004-05-06,GYD,TTD,sell,0.0322
2004-05-06,JMD,TTD,buy,0.1006
2004-05-06,JMD,TTD,sell,0.1043
2004-05-06,JPY,TTD,buy,0.057
2004-05-06,JPY,TTD,sell,0.0574
2004-05-06,USD,TTD,buy,6.2534
2004-05-06,USD,TTD,sell,6.2996
2004-05-06,XCD,TTD,buy,2.3001
2004-05-06,XCD,TTD,sell,2.3537
2004-05-07,BBD,TTD,buy,2.919
2004-05-07,BBD,TTD,sell,3.188
2004-05-07,CAD,TTD,buy,4.4255
2004-05-07,CAD,TTD,sell,4.6263
2004-05-07,CHF,TTD,buy,4.8201
2004-05-07,CHF,TTD,sell,4.9902
2004-05-07,EUR,TTD,buy,7.4147
2004-05-07,EUR,TTD,sell,7.7068
2004-05-07,GBP,TTD,buy,11.0929
2004-05-07,GBP,TTD,sell,11.4805
2004-05-07,GYD,TTD,buy,0.0308
2004-05-07,GYD,TTD,sell,0.0322
2004-05-07,JMD,TTD,buy,0.1002
2004-05-07,JMD,TTD,sell,0.1047
2004-05-07,JPY,TTD,buy,0.0553
2004-05-07,JPY,TTD,sell,0.056
2004-05-07,USD,TTD,buy,6.2111
2004-05-07,USD,TTD,sell,6.2998
2004-05-07,XCD,TTD,buy,2.3023
2004-05-07,XCD,TTD,sell,2.3805
2004-05-10,BBD,TTD,buy,2.8892
2004-05-10,BBD,TTD,sell,3.1898
2004-05-10,CAD,TTD,buy,4.4032
2004-05-10,CAD,TTD,sell,4.5908
2004-05-10,CHF,TTD,buy,4.7123
2004-05-10,CHF,TTD,sell,4.8248
2004-05-10,EUR,TTD,buy,7.2813
2004-05-10,EUR,TTD,sell,7.6093
2004-05-10,GBP,TTD,buy,10.8747
2004-05-10,GBP,TTD,sell,11.4261
2004-05-10,GYD,TTD,buy,0.031
2004-05-10,GYD,TTD,sell,0.0322
2004-05-10,JMD,TTD,buy,0.1008
2004-05-10,JMD,TTD,sell,0.1045
2004-05-10,JPY,TTD,buy,0.0551
2004-05-10,JPY,TTD,sell,0.054
2004-05-10,USD,TTD,buy,6.2583
2004-05-10,USD,TTD,sell,6.2997
2004-05-10,XCD,TTD,buy,2.2463
2004-05-10,XCD,TTD,sell,2.3679
2004-05-11,BBD,TTD,buy,2.8309
2004-05-11,BBD,TTD,sell,3.2015
2004-05-11,CAD,TTD,buy,4.4078
2004-05-11,CAD,TTD,sell,4.5814
2004-05-11,CHF,TTD,buy,4.7622
2004-05-11,EUR,TTD,buy,7.2478
2004-05-11,EUR,TTD,sell,7.5521
2004-05-11,GBP,TTD,buy,10.8043
2004-05-11,GBP,TTD,sell,11.1541
2004-05-11,GYD,TTD,buy,0.0309
2004-05-11,GYD,TTD,sell,0.0322
2004-05-11,JMD,TTD,buy,0.1003
2004-05-11,JMD,TTD,sell,0.1044
2004-05-11,JPY,TTD,buy,0.0548
2004-05-11,JPY,TTD,sell,0.054
2004-05-11,USD,TTD,buy,6.2321
2004-05-11,USD,TTD,sell,6.2997
2004-05-11,XCD,TTD,buy,2.2888
2004-05-11,XCD,TTD,sell,2.5121
2004-05-12,BBD,TTD,buy,3.002
2004-05-12,BBD,TTD,sell,3.1902
2004-05-12,CAD,TTD,buy,4.4014
2004-05-12,CAD,TTD,sell,4.6135
2004-05-12,CHF,TTD,sell,4.9322
2004-05-12,EUR,TTD,buy,7.0438
2004-05-12,EUR,TTD,sell,7.5925
2004-05-12,GBP,TTD,buy,10.8572
2004-05-12,GBP,TTD,sell,11.282
2004-05-12,GYD,TTD,buy,0.0307
2004-05-12,GYD,TTD,sell,0.0322
2004-05-12,JMD,TTD,buy,0.0997
2004-05-12,JMD,TTD,sell,0.1045
2004-05-12,JPY,TTD,buy,0.0547
2004-05-12,JPY,TTD,sell,0.0556
2004-05-12,USD,TTD,buy,6.1918
2004-05-12,USD,TTD,sell,6.2996
2004-05-12,XCD,TTD,buy,2.2584
2004-05-12,XCD,TTD,sell,2.3721
2004-05-13,BBD,TTD,buy,2.8247
2004-05-13,BBD,TTD,sell,3.1918
2004-05-13,CAD,TTD,buy,4.4196
2004-05-13,CAD,TTD,sell,4.5961
2004-05-13,EUR,TTD,buy,7.2629
2004-05-13,EUR,TTD,sell,7.551
2004-05-13,GBP,TTD,buy,10.7668
2004-05-13,GBP,TTD,sell,11.2795
2004-05-13,GYD,TTD,buy,0.0308
2004-05-13,GYD,TTD,sell,0.0322
2004-05-13,JMD,TTD,buy,0.1001
2004-05-13,JMD,TTD,sell,0.1044
2004-05-13,JPY,TTD,buy,0.0543
2004-05-13,JPY,TTD,sell,0.055
2004-05-13,USD,TTD,buy,6.2152
2004-05-13,USD,TTD,sell,6.2998
2004-05-13,XCD,TTD,buy,2.2389
2004-05-13,XCD,TTD,sell,2.3706
2004-05-14,BBD,TTD,buy,2.8385
2004-05-14,BBD,TTD,sell,3.1974
2004-05-14,CAD,TTD,buy,4.4463
2004-05-14,CAD,TTD,sell,4.5689
2004-05-14,CHF,TTD,sell,4.9045
2004-05-14,EUR,TTD,buy,7.241
2004-05-14,EUR,TTD,sell,7.5447
2004-05-14,GBP,TTD,buy,10.6871
2004-05-14,GBP,TTD,sell,11.2031
2004-05-14,GYD,TTD,buy,0.031
2004-05-14,GYD,TTD,sell,0.0322
2004-05-14,JMD,TTD,buy,0.1005
2004-05-14,JMD,TTD,sell,0.1043
2004-05-14,JPY,TTD,buy,0.0547
2004-05-14,JPY,TTD,sell,0.0551
2004-05-14,USD,TTD,buy,6.253
2004-05-14,USD,TTD,sell,6.2995
2004-05-14,XCD,TTD,buy,2.2581
2004-05-14,XCD,TTD,sell,2.3678
2004-05-17,BBD,TTD,buy,2.9679
2004-05-17,BBD,TTD,sell,3.1465
2004-05-17,CAD,TTD,buy,4.4866
2004-05-17,CAD,TTD,sell,4.5931
2004-05-17,CHF,TTD,sell,5.0039
2004-05-17,EUR,TTD,buy,7.1383
2004-05-17,EUR,TTD,sell,7.5612
2004-05-17,GBP,TTD,buy,10.7572
2004-05-17,GBP,TTD,sell,11.2358
2004-05-17,GYD,TTD,buy,0.0309
2004-05-17,GYD,TTD,sell,0.0322
2004-05-17,JMD,TTD,buy,0.1002
2004-05-17,JMD,TTD,sell,0.1042
2004-05-17,JPY,TTD,buy,0.0546
2004-05-17,JPY,TTD,sell,0.0551
2004-05-17,USD,TTD,buy,6.2382
2004-05-17,USD,TTD,sell,6.2998
2004-05-17,XCD,TTD,buy,2.2476
2004-05-17,XCD,TTD,sell,2.3559
2004-05-18,BBD,TTD,buy,2.85
2004-05-18,BBD,TTD,sell,3.2
2004-05-18,CAD,TTD,buy,4.3887
2004-05-18,CAD,TTD,sell,4.5681
2004-05-18,CHF,TTD,sell,5.0074
2004-05-18,EUR,TTD,buy,7.3309
2004-05-18,EUR,TTD,sell,7.6721
2004-05-18,GBP,TTD,buy,10.8191
2004-05-18,GBP,TTD,sell,11.274
2004-05-18,GYD,TTD,buy,0.031
2004-05-18,GYD,TTD,sell,0.0322
2004-05-18,JMD,TTD,buy,0.1005
2004-05-18,JMD,TTD,sell,0.1044
2004-05-18,JPY,TTD,buy,0.0548
2004-05-18,JPY,TTD,sell,0.0552
2004-05-18,USD,TTD,buy,6.2499
2004-05-18,USD,TTD,sell,6.2998
2004-05-18,XCD,TTD,buy,2.2412
2004-05-18,XCD,TTD,sell,2.3471
2004-05-19,BBD,TTD,buy,2.835
2004-05-19,BBD,TTD,sell,3.1928
2004-05-19,CAD,TTD,buy,4.4269
2004-05-19,CAD,TTD,sell,4.5975
2004-05-19,CHF,TTD,buy,4.7832
2004-05-19,CHF,TTD,sell,4.9825
2004-05-19,EUR,TTD,buy,7.3541
2004-05-19,EUR,TTD,sell,7.6187
2004-05-19,GBP,TTD,buy,10.8842
2004-05-19,GBP,TTD,sell,11.4312
2004-05-19,GYD,TTD,buy,0.0309
2004-05-19,GYD,TTD,sell,0.0322
2004-05-19,JMD,TTD,buy,0.1002
2004-05-19,JMD,TTD,sell,0.1043
2004-05-19,JPY,TTD,buy,0.0545
2004-05-19,JPY,TTD,sell,0.056
2004-05-19,USD,TTD,buy,6.2331
2004-05-19,USD,TTD,sell,6.2998
2004-05-19,XCD,TTD,buy,2.2423
2004-05-19,XCD,TTD,sell,2.3844
2004-05-20,BBD,TTD,buy,2.8385
2004-05-20,BBD,TTD,sell,3.1405
2004-05-20,CAD,TTD,buy,4.473
2004-05-20,CAD,TTD,sell,4.5769
2004-05-20,EUR,TTD,buy,7.3311
2004-05-20,EUR,TTD,sell,7.6165
2004-05-20,GBP,TTD,buy,10.774
2004-05-20,GBP,TTD,sell,11.2945
2004-05-20,GYD,TTD,buy,0.0309
2004-05-20,GYD,TTD,sell,0.0322
2004-05-20,JMD,TTD,buy,0.1004
2004-05-20,JMD,TTD,sell,0.1043
2004-05-20,JPY,TTD,buy,0.0554
2004-05-20,JPY,TTD,sell,0.0558
2004-05-20,USD,TTD,buy,6.2486
2004-05-20,USD,TTD,sell,6.2998
2004-05-20,XCD,TTD,buy,2.2885
2004-05-20,XCD,TTD,sell,2.3468
2004-05-21,BBD,TTD,buy,2.8614
2004-05-21,BBD,TTD,sell,3.1979
2004-05-21,CAD,TTD,buy,4.4549
2004-05-21,CAD,TTD,sell,4.6347
2004-05-21,CHF,TTD,sell,5.0161
2004-05-21,EUR,TTD,buy,7.3838
2004-05-21,EUR,TTD,sell,7.601
2004-05-21,GBP,TTD,buy,10.9404
2004-05-21,GBP,TTD,sell,11.2912
2004-05-21,GYD,TTD,buy,0.031
2004-05-21,GYD,TTD,sell,0.0322
2004-05-21,JMD,TTD,buy,0.1003
2004-05-21,JMD,TTD,sell,0.104
2004-05-21,JPY,TTD,buy,0.0558
2004-05-21,JPY,TTD,sell,0.0562
2004-05-21,USD,TTD,buy,6.2529
2004-05-21,USD,TTD,sell,6.2999
2004-05-21,XCD,TTD,buy,2.1836
2004-05-21,XCD,TTD,sell,2.3823
2004-05-24,BBD,TTD,buy,2.8311
2004-05-24,BBD,TTD,sell,3.2015
2004-05-24,CAD,TTD,buy,4.455
2004-05-24,CAD,TTD,sell,4.6793
2004-05-24,CHF,TTD,buy,4.7802
2004-05-24,EUR,TTD,buy,7.3465
2004-05-24,EUR,TTD,sell,7.566
2004-05-24,GBP,TTD,buy,10.9335
2004-05-24,GBP,TTD,sell,11.4174
2004-05-24,GYD,TTD,buy,0.031
2004-05-24,GYD,TTD,sell,0.0322
2004-05-24,JMD,TTD,buy,0.1002
2004-05-24,JMD,TTD,sell,0.104
2004-05-24,JPY,TTD,buy,0.0554
2004-05-24,JPY,TTD,sell,0.0558
2004-05-24,USD,TTD,buy,6.2533
2004-05-24,USD,TTD,sell,6.2994
2004-05-24,XCD,TTD,buy,2.2146
2004-05-24,XCD,TTD,sell,2.358
2004-05-25,BBD,TTD,buy,2.9528
2004-05-25,BBD,TTD,sell,3.2455
2004-05-25,CAD,TTD,buy,4.5553
2004-05-25,CAD,TTD,sell,4.6312
2004-05-25,CHF,TTD,buy,4.53
2004-05-25,EUR,TTD,buy,7.4143
2004-05-25,EUR,TTD,sell,7.6751
2004-05-25,GBP,TTD,buy,11.0346
2004-05-25,GBP,TTD,sell,11.4664
2004-05-25,GYD,TTD,buy,0.0309
2004-05-25,GYD,TTD,sell,0.0322
2004-05-25,JMD,TTD,buy,0.1005
2004-05-25,JMD,TTD,sell,0.104
2004-05-25,JPY,TTD,buy,0.0561
2004-05-25,JPY,TTD,sell,0.0563
2004-05-25,USD,TTD,buy,6.2691
2004-05-25,USD,TTD,sell,6.299
2004-05-25,XCD,TTD,buy,2.239
2004-05-25,XCD,TTD,sell,2.3585
2004-05-26,BBD,TTD,buy,2.8468
2004-05-26,BBD,TTD,sell,3.2638
2004-05-26,CAD,TTD,buy,4.4848
2004-05-26,CAD,TTD,sell,4.6683
2004-05-26,CHF,TTD,sell,4.97
2004-05-26,EUR,TTD,buy,7.4393
2004-05-26,EUR,TTD,sell,7.6949
2004-05-26,GBP,TTD,buy,11.14
2004-05-26,GBP,TTD,sell,11.5826
2004-05-26,GYD,TTD,buy,0.0309
2004-05-26,GYD,TTD,sell,0.0322
2004-05-26,JMD,TTD,buy,0.0998
2004-05-26,JMD,TTD,sell,0.1041
2004-05-26,JPY,TTD,buy,0.0557
2004-05-26,JPY,TTD,sell,0.0564
2004-05-26,USD,TTD,buy,6.2222
2004-05-26,USD,TTD,sell,6.2999
2004-05-26,XCD,TTD,buy,2.2565
2004-05-26,XCD,TTD,sell,2.4296
2004-05-27,BBD,TTD,buy,2.8234
2004-05-27,BBD,TTD,sell,3.1993
2004-05-27,CAD,TTD,buy,4.4878
2004-05-27,CAD,TTD,sell,4.6697
2004-05-27,CHF,TTD,buy,4.862
2004-05-27,CHF,TTD,sell,5.1432
2004-05-27,EUR,TTD,buy,7.4121
2004-05-27,EUR,TTD,sell,7.7237
2004-05-27,GBP,TTD,buy,11.1901
2004-05-27,GBP,TTD,sell,11.6249
2004-05-27,GYD,TTD,buy,0.0308
2004-05-27,GYD,TTD,sell,0.0322
2004-05-27,JMD,TTD,buy,0.0998
2004-05-27,JMD,TTD,sell,0.1042
2004-05-27,JPY,TTD,buy,0.056
2004-05-27,JPY,TTD,sell,0.0568
2004-05-27,USD,TTD,buy,6.2176
2004-05-27,USD,TTD,sell,6.2998
2004-05-27,XCD,TTD,buy,2.2448
2004-05-27,XCD,TTD,sell,2.3795
2004-05-28,BBD,TTD,buy,2.9117
2004-05-28,BBD,TTD,sell,3.1927
2004-05-28,CAD,TTD,buy,4.4627
2004-05-28,CAD,TTD,sell,4.6837
2004-05-28,CHF,TTD,buy,4.7517
2004-05-28,CHF,TTD,sell,5.1193
2004-05-28,EUR,TTD,buy,7.4375
2004-05-28,EUR,TTD,sell,7.8981
2004-05-28,GBP,TTD,buy,11.2241
2004-05-28,GBP,TTD,sell,11.6652
2004-05-28,GYD,TTD,buy,0.031
2004-05-28,GYD,TTD,sell,0.0322
2004-05-28,JMD,TTD,buy,0.0999
2004-05-28,JMD,TTD,sell,0.1038
2004-05-28,JPY,TTD,buy,0.0552
2004-05-28,JPY,TTD,sell,0.0576
2004-05-28,USD,TTD,buy,6.2477
2004-05-28,USD,TTD,sell,6.2998
2004-05-28,XCD,TTD,buy,2.337
2004-05-28,XCD,TTD,sell,2.3534
2004-06-01,BBD,TTD,buy,2.8315
2004-06-01,BBD,TTD,sell,3.205
2004-06-01,CAD,TTD,buy,4.5035
2004-06-01,CAD,TTD,sell,4.6733
2004-06-01,CHF,TTD,buy,4.62
2004-06-01,EUR,TTD,buy,7.4973
2004-06-01,EUR,TTD,sell,7.8408
2004-06-01,GBP,TTD,buy,11.2262
2004-06-01,GBP,TTD,sell,11.7105
2004-06-01,GYD,TTD,buy,0.0311
2004-06-01,GYD,TTD,sell,0.0322
2004-06-01,JMD,TTD,buy,0.1005
2004-06-01,JMD,TTD,sell,0.1039
2004-06-01,JPY,TTD,buy,0.0567
2004-06-01,JPY,TTD,sell,0.0569
2004-06-01,USD,TTD,buy,6.277
2004-06-01,USD,TTD,sell,6.2997
2004-06-01,XCD,TTD,buy,2.1881
2004-06-01,XCD,TTD,sell,2.3624
2004-06-02,BBD,TTD,buy,2.8309
2004-06-02,BBD,TTD,sell,3.1859
2004-06-02,CAD,TTD,buy,4.4915
2004-06-02,CAD,TTD,sell,4.6849
2004-06-02,CHF,TTD,buy,4.9782
2004-06-02,CHF,TTD,sell,5.1457
2004-06-02,EUR,TTD,buy,7.2987
2004-06-02,EUR,TTD,sell,7.8154
2004-06-02,GBP,TTD,buy,11.297
2004-06-02,GBP,TTD,sell,11.7072
2004-06-02,GYD,TTD,buy,0.0311
2004-06-02,GYD,TTD,sell,0.0322
2004-06-02,JMD,TTD,buy,0.1002
2004-06-02,JMD,TTD,sell,0.1038
2004-06-02,JPY,TTD,buy,0.0569
2004-06-02,JPY,TTD,sell,0.0571
2004-06-02,USD,TTD,buy,6.2621
2004-06-02,USD,TTD,sell,6.2998
2004-06-02,XCD,TTD,buy,2.2951
2004-06-02,XCD,TTD,sell,2.3511
2004-06-03,BBD,TTD,buy,2.8154
2004-06-03,BBD,TTD,sell,3.1996
2004-06-03,CAD,TTD,buy,4.5277
2004-06-03,CAD,TTD,sell,4.6681
2004-06-03,CHF,TTD,buy,4.9236
2004-06-03,CHF,TTD,sell,5.1262
2004-06-03,EUR,TTD,buy,7.4395
2004-06-03,EUR,TTD,sell,7.7774
2004-06-03,GBP,TTD,buy,11.1691
2004-06-03,GBP,TTD,sell,11.7093
2004-06-03,GYD,TTD,buy,0.0309
2004-06-03,GYD,TTD,sell,0.0322
2004-06-03,JMD,TTD,buy,0.0995
2004-06-03,JMD,TTD,sell,0.1038
2004-06-03,JPY,TTD,buy,0.0546
2004-06-03,JPY,TTD,sell,0.0573
2004-06-03,USD,TTD,buy,6.2235
2004-06-03,USD,TTD,sell,6.2998
2004-06-03,XCD,TTD,buy,2.2416
2004-06-03,XCD,TTD,sell,2.3619
2004-06-04,BBD,TTD,buy,2.844
2004-06-04,BBD,TTD,sell,3.1927
2004-06-04,CAD,TTD,buy,4.5037
2004-06-04,CAD,TTD,sell,4.7045
2004-06-04,CHF,TTD,buy,4.9055
2004-06-04,EUR,TTD,buy,7.5003
2004-06-04,EUR,TTD,sell,7.7761
2004-06-04,GBP,TTD,buy,11.2537
2004-06-04,GBP,TTD,sell,11.7003
2004-06-04,GYD,TTD,buy,0.031
2004-06-04,GYD,TTD,sell,0.0322
2004-06-04,JMD,TTD,buy,0.0998
2004-06-04,JMD,TTD,sell,0.1035
2004-06-04,JPY,TTD,buy,0.0563
2004-06-04,JPY,TTD,sell,0.0567
2004-06-04,USD,TTD,buy,6.2551
2004-06-04,USD,TTD,sell,6.2996
2004-06-04,XCD,TTD,buy,2.2395
2004-06-04,XCD,TTD,sell,2.3781
2004-06-07,BBD,TTD,buy,2.8382
2004-06-07,BBD,TTD,sell,3.142
2004-06-07,CAD,TTD,buy,4.5462
2004-06-07,CAD,TTD,sell,4.7423
2004-06-07,CHF,TTD,sell,5.1702
2004-06-07,EUR,TTD,buy,7.5623
2004-06-07,EUR,TTD,sell,7.7912
2004-06-07,GBP,TTD,buy,11.3529
2004-06-07,GBP,TTD,sell,11.7859
2004-06-07,GYD,TTD,buy,0.0309
2004-06-07,GYD,TTD,sell,0.0322
2004-06-07,JMD,TTD,buy,0.0996
2004-06-07,JMD,TTD,sell,0.1036
2004-06-07,JPY,TTD,buy,0.0569
2004-06-07,JPY,TTD,sell,0.0574
2004-06-07,USD,TTD,buy,6.2396
2004-06-07,USD,TTD,sell,6.2998
2004-06-07,XCD,TTD,buy,2.2289
2004-06-07,XCD,TTD,sell,2.354
2004-06-08,BBD,TTD,buy,2.8338
2004-06-08,BBD,TTD,sell,3.1996
2004-06-08,CAD,TTD,buy,4.5895
2004-06-08,CAD,TTD,sell,4.7477
2004-06-08,CHF,TTD,buy,4.66
2004-06-08,EUR,TTD,buy,7.5653
2004-06-08,EUR,TTD,sell,7.8325
2004-06-08,GBP,TTD,buy,11.2756
2004-06-08,GBP,TTD,sell,11.6869
2004-06-08,GYD,TTD,buy,0.0311
2004-06-08,GYD,TTD,sell,0.0317
2004-06-08,JMD,TTD,buy,0.0996
2004-06-08,JMD,TTD,sell,0.1035
2004-06-08,JPY,TTD,buy,0.057
2004-06-08,JPY,TTD,sell,0.0574
2004-06-08,USD,TTD,buy,6.2463
2004-06-08,USD,TTD,sell,6.2998
2004-06-08,XCD,TTD,buy,2.2326
2004-06-08,XCD,TTD,sell,2.3567
2004-06-09,BBD,TTD,buy,2.9411
2004-06-09,BBD,TTD,sell,3.2018
2004-06-09,CAD,TTD,buy,4.5426
2004-06-09,CAD,TTD,sell,4.6702
2004-06-09,CHF,TTD,buy,4.9145
2004-06-09,EUR,TTD,buy,7.4628
2004-06-09,EUR,TTD,sell,7.7649
2004-06-09,GBP,TTD,buy,11.2263
2004-06-09,GBP,TTD,sell,11.7201
2004-06-09,GYD,TTD,buy,0.0311
2004-06-09,GYD,TTD,sell,0.0323
2004-06-09,JMD,TTD,buy,0.0996
2004-06-09,JMD,TTD,sell,0.1035
2004-06-09,JPY,TTD,buy,0.0565
2004-06-09,JPY,TTD,sell,0.057
2004-06-09,USD,TTD,buy,6.2427
2004-06-09,USD,TTD,sell,6.2997
2004-06-09,XCD,TTD,buy,2.3019
2004-06-09,XCD,TTD,sell,2.364
2004-06-11,BBD,TTD,buy,2.8202
2004-06-11,BBD,TTD,sell,3.2051
2004-06-11,CAD,TTD,buy,4.4347
2004-06-11,CAD,TTD,sell,4.6769
2004-06-11,CHF,TTD,buy,4.8902
2004-06-11,EUR,TTD,buy,7.35
2004-06-11,EUR,TTD,sell,7.6869
2004-06-11,GBP,TTD,buy,11.1714
2004-06-11,GBP,TTD,sell,11.5337
2004-06-11,GYD,TTD,buy,0.0309
2004-06-11,GYD,TTD,sell,0.0323
2004-06-11,JMD,TTD,buy,0.0988
2004-06-11,JMD,TTD,sell,0.1033
2004-06-11,JPY,TTD,buy,0.0564
2004-06-11,JPY,TTD,sell,0.0572
2004-06-11,USD,TTD,buy,6.205
2004-06-11,USD,TTD,sell,6.2991
2004-06-11,XCD,TTD,buy,2.2286
2004-06-11,XCD,TTD,sell,2.3321
2004-06-14,BBD,TTD,buy,2.8369
2004-06-14,BBD,TTD,sell,3.1984
2004-06-14,CAD,TTD,buy,4.4723
2004-06-14,CAD,TTD,sell,4.6777
2004-06-14,CHF,TTD,buy,4.7309
2004-06-14,CHF,TTD,sell,5.0682
2004-06-14,EUR,TTD,buy,7.334
2004-06-14,EUR,TTD,sell,7.5785
2004-06-14,GBP,TTD,buy,11.0834
2004-06-14,GBP,TTD,sell,11.5454
2004-06-14,GYD,TTD,buy,0.0311
2004-06-14,GYD,TTD,sell,0.0323
2004-06-14,JMD,TTD,buy,0.0993
2004-06-14,JMD,TTD,sell,0.1033
2004-06-14,JPY,TTD,buy,0.056
2004-06-14,JPY,TTD,sell,0.0565
2004-06-14,USD,TTD,buy,6.2399
2004-06-14,USD,TTD,sell,6.2997
2004-06-14,XCD,TTD,buy,2.2348
2004-06-14,XCD,TTD,sell,2.3548
2004-06-15,BBD,TTD,buy,2.83
2004-06-15,BBD,TTD,sell,3.1777
2004-06-15,CAD,TTD,buy,4.456
2004-06-15,CAD,TTD,sell,4.6366
2004-06-15,EUR,TTD,buy,7.3884
2004-06-15,EUR,TTD,sell,7.7043
2004-06-15,GBP,TTD,buy,11.0934
2004-06-15,GBP,TTD,sell,11.5582
2004-06-15,GYD,TTD,buy,0.0312
2004-06-15,GYD,TTD,sell,0.0323
2004-06-15,JMD,TTD,buy,0.0996
2004-06-15,JMD,TTD,sell,0.1033
2004-06-15,JPY,TTD,buy,0.0573
2004-06-15,JPY,TTD,sell,0.0576
2004-06-15,USD,TTD,buy,6.2604
2004-06-15,USD,TTD,sell,6.2998
2004-06-15,XCD,TTD,buy,2.2306
2004-06-15,XCD,TTD,sell,2.3701
2004-06-16,BBD,TTD,buy,2.2158
2004-06-16,BBD,TTD,sell,3.1959
2004-06-16,CAD,TTD,buy,4.4579
2004-06-16,CAD,TTD,sell,4.6416
2004-06-16,CHF,TTD,buy,4.9169
2004-06-16,CHF,TTD,sell,5.0654
2004-06-16,EUR,TTD,buy,7.3691
2004-06-16,EUR,TTD,sell,7.6972
2004-06-16,GBP,TTD,buy,11.1476
2004-06-16,GBP,TTD,sell,11.5863
2004-06-16,GYD,TTD,buy,0.0312
2004-06-16,GYD,TTD,sell,0.0323
2004-06-16,JMD,TTD,buy,0.0996
2004-06-16,JMD,TTD,sell,0.1033
2004-06-16,JPY,TTD,buy,0.0568
2004-06-16,JPY,TTD,sell,0.0572
2004-06-16,USD,TTD,buy,6.2561
2004-06-16,USD,TTD,sell,6.2989
2004-06-16,XCD,TTD,buy,2.2133
2004-06-16,XCD,TTD,sell,2.4396
2004-06-17,BBD,TTD,buy,2.8445
2004-06-17,BBD,TTD,sell,3.1962
2004-06-17,CAD,TTD,buy,4.4795
2004-06-17,CAD,TTD,sell,4.648
2004-06-17,CHF,TTD,buy,4.884
2004-06-17,EUR,TTD,buy,7.298
2004-06-17,EUR,TTD,sell,7.6791
2004-06-17,GBP,TTD,buy,11.2352
2004-06-17,GBP,TTD,sell,11.6814
2004-06-17,GYD,TTD,buy,0.0311
2004-06-17,GYD,TTD,sell,0.0323
2004-06-17,JMD,TTD,buy,0.0995
2004-06-17,JMD,TTD,sell,0.1035
2004-06-17,JPY,TTD,buy,0.057
2004-06-17,JPY,TTD,sell,0.0575
2004-06-17,USD,TTD,buy,6.2402
2004-06-17,USD,TTD,sell,6.2996
2004-06-17,XCD,TTD,buy,2.2421
2004-06-17,XCD,TTD,sell,2.3556
2004-06-18,BBD,TTD,buy,2.8199
2004-06-18,BBD,TTD,sell,3.2061
2004-06-18,CAD,TTD,buy,4.4359
2004-06-18,CAD,TTD,sell,4.6164
2004-06-18,CHF,TTD,buy,4.6
2004-06-18,CHF,TTD,sell,5.0685
2004-06-18,EUR,TTD,buy,7.3851
2004-06-18,EUR,TTD,sell,7.6827
2004-06-18,GBP,TTD,buy,11.2681
2004-06-18,GBP,TTD,sell,11.8005
2004-06-18,GYD,TTD,buy,0.0311
2004-06-18,GYD,TTD,sell,0.0323
2004-06-18,JMD,TTD,buy,0.0997
2004-06-18,JMD,TTD,sell,0.1035
2004-06-18,JPY,TTD,buy,0.0574
2004-06-18,JPY,TTD,sell,0.0579
2004-06-18,USD,TTD,buy,6.2481
2004-06-18,USD,TTD,sell,6.2997
2004-06-18,XCD,TTD,buy,2.2765
2004-06-18,XCD,TTD,sell,2.3648
2004-06-21,BBD,TTD,buy,2.8177
2004-06-21,BBD,TTD,sell,3.1413
2004-06-21,CAD,TTD,buy,4.4607
2004-06-21,CAD,TTD,sell,4.6739
2004-06-21,CHF,TTD,buy,4.62
2004-06-21,CHF,TTD,sell,5.1226
2004-06-21,EUR,TTD,buy,7.3317
2004-06-21,EUR,TTD,sell,7.7005
2004-06-21,GBP,TTD,buy,11.2338
2004-06-21,GBP,TTD,sell,11.6314
2004-06-21,GYD,TTD,buy,0.0311
2004-06-21,GYD,TTD,sell,0.0323
2004-06-21,JMD,TTD,buy,0.0996
2004-06-21,JMD,TTD,sell,0.1034
2004-06-21,JPY,TTD,buy,0.0574
2004-06-21,JPY,TTD,sell,0.0579
2004-06-21,USD,TTD,buy,6.2477
2004-06-21,USD,TTD,sell,6.2993
2004-06-21,XCD,TTD,buy,2.2875
2004-06-21,XCD,TTD,sell,2.3706
2004-06-22,BBD,TTD,buy,2.8444
2004-06-22,BBD,TTD,sell,3.1954
2004-06-22,CAD,TTD,buy,4.4119
2004-06-22,CAD,TTD,sell,4.695
2004-06-22,EUR,TTD,buy,7.5185
2004-06-22,EUR,TTD,sell,7.7343
2004-06-22,GBP,TTD,buy,11.3157
2004-06-22,GBP,TTD,sell,11.6187
2004-06-22,GYD,TTD,buy,0.0312
2004-06-22,GYD,TTD,sell,0.0323
2004-06-22,JMD,TTD,buy,0.0999
2004-06-22,JMD,TTD,sell,0.1035
2004-06-22,JPY,TTD,buy,0.0573
2004-06-22,JPY,TTD,sell,0.0576
2004-06-22,USD,TTD,buy,6.2657
2004-06-22,USD,TTD,sell,6.2969
2004-06-22,XCD,TTD,buy,2.3027
2004-06-22,XCD,TTD,sell,2.3611
2004-06-23,BBD,TTD,buy,2.84
2004-06-23,BBD,TTD,sell,3.1949
2004-06-23,CAD,TTD,buy,4.4917
2004-06-23,CAD,TTD,sell,4.7069
2004-06-23,CHF,TTD,buy,4.8675
2004-06-23,CHF,TTD,sell,5.0944
2004-06-23,EUR,TTD,buy,7.3939
2004-06-23,EUR,TTD,sell,7.6749
2004-06-23,GBP,TTD,buy,11.1092
2004-06-23,GBP,TTD,sell,11.6265
2004-06-23,GYD,TTD,buy,0.0312
2004-06-23,GYD,TTD,sell,0.0323
2004-06-23,JMD,TTD,buy,0.0998
2004-06-23,JMD,TTD,sell,0.1034
2004-06-23,JPY,TTD,buy,0.0577
2004-06-23,JPY,TTD,sell,0.058
2004-06-23,USD,TTD,buy,6.2612
2004-06-23,USD,TTD,sell,6.2992
2004-06-23,XCD,TTD,buy,2.289
2004-06-23,XCD,TTD,sell,2.3707
2004-06-24,BBD,TTD,buy,2.8497
2004-06-24,BBD,TTD,sell,3.2007
2004-06-24,CAD,TTD,buy,4.534
2004-06-24,CAD,TTD,sell,4.7362
2004-06-24,CHF,TTD,sell,5.1317
2004-06-24,EUR,TTD,buy,7.2784
2004-06-24,EUR,TTD,sell,7.8206
2004-06-24,GBP,TTD,buy,11.1003
2004-06-24,GBP,TTD,sell,11.5272
2004-06-24,GYD,TTD,buy,0.0312
2004-06-24,GYD,TTD,sell,0.0323
2004-06-24,JMD,TTD,buy,0.0998
2004-06-24,JMD,TTD,sell,0.1035
2004-06-24,JPY,TTD,buy,0.0584
2004-06-24,JPY,TTD,sell,0.0588
2004-06-24,USD,TTD,buy,6.2616
2004-06-24,USD,TTD,sell,6.2996
2004-06-24,XCD,TTD,buy,2.1852
2004-06-24,XCD,TTD,sell,2.3573
2004-06-25,BBD,TTD,buy,2.8255
2004-06-25,BBD,TTD,sell,3.1941
2004-06-25,CAD,TTD,buy,4.4981
2004-06-25,CAD,TTD,sell,4.7092
2004-06-25,EUR,TTD,buy,7.423
2004-06-25,EUR,TTD,sell,7.6848
2004-06-25,GBP,TTD,buy,11.1624
2004-06-25,GBP,TTD,sell,11.6301
2004-06-25,GYD,TTD,buy,0.0313
2004-06-25,GYD,TTD,sell,0.0323
2004-06-25,JMD,TTD,buy,0.1003
2004-06-25,JMD,TTD,sell,0.1038
2004-06-25,JPY,TTD,buy,0.0582
2004-06-25,JPY,TTD,sell,0.0584
2004-06-25,USD,TTD,buy,6.2703
2004-06-25,USD,TTD,sell,6.2991
2004-06-25,XCD,TTD,buy,2.3061
2004-06-25,XCD,TTD,sell,2.3718
2004-06-28,BBD,TTD,buy,2.8275
2004-06-28,BBD,TTD,sell,3.2006
2004-06-28,CAD,TTD,buy,4.5562
2004-06-28,CAD,TTD,sell,4.7303
2004-06-28,CHF,TTD,buy,4.9782
2004-06-28,CHF,TTD,sell,5.1119
2004-06-28,EUR,TTD,buy,7.3363
2004-06-28,EUR,TTD,sell,7.7329
2004-06-28,GBP,TTD,buy,11.2519
2004-06-28,GBP,TTD,sell,11.6735
2004-06-28,GYD,TTD,buy,0.0312
2004-06-28,GYD,TTD,sell,0.0323
2004-06-28,JMD,TTD,buy,0.1003
2004-06-28,JMD,TTD,sell,0.1038
2004-06-28,JPY,TTD,buy,0.058
2004-06-28,JPY,TTD,sell,0.0583
2004-06-28,USD,TTD,buy,6.2644
2004-06-28,USD,TTD,sell,6.2994
2004-06-28,XCD,TTD,buy,2.3106
2004-06-28,XCD,TTD,sell,2.3723
2004-06-29,BBD,TTD,buy,2.8352
2004-06-29,BBD,TTD,sell,3.2003
2004-06-29,CAD,TTD,buy,4.5802
2004-06-29,CAD,TTD,sell,4.7368
2004-06-29,CHF,TTD,buy,4.9095
2004-06-29,EUR,TTD,buy,7.4685
2004-06-29,EUR,TTD,sell,7.7541
2004-06-29,GBP,TTD,buy,11.1539
2004-06-29,GBP,TTD,sell,11.5667
2004-06-29,GYD,TTD,buy,0.0312
2004-06-29,GYD,TTD,sell,0.0323
2004-06-29,JMD,TTD,buy,0.0998
2004-06-29,JMD,TTD,sell,0.1038
2004-06-29,JPY,TTD,buy,0.0578
2004-06-29,JPY,TTD,sell,0.0582
2004-06-29,USD,TTD,buy,6.2552
2004-06-29,USD,TTD,sell,6.299
2004-06-29,XCD,TTD,buy,2.2419
2004-06-29,XCD,TTD,sell,2.393
2004-06-30,BBD,TTD,buy,2.8356
2004-06-30,BBD,TTD,sell,3.1588
2004-06-30,CAD,TTD,buy,4.5541
2004-06-30,CAD,TTD,sell,4.7334
2004-06-30,CHF,TTD,buy,4.957
2004-06-30,CHF,TTD,sell,5.1
2004-06-30,EUR,TTD,buy,7.4295
2004-06-30,EUR,TTD,sell,7.7428
2004-06-30,GBP,TTD,buy,11.1244
2004-06-30,GBP,TTD,sell,11.5535
2004-06-30,GYD,TTD,buy,0.0311
2004-06-30,GYD,TTD,sell,0.0323
2004-06-30,JMD,TTD,buy,0.0998
2004-06-30,JMD,TTD,sell,0.1038
2004-06-30,JPY,TTD,buy,0.0575
2004-06-30,JPY,TTD,sell,0.0579
2004-06-30,USD,TTD,buy,6.2558
2004-06-30,USD,TTD,sell,6.2976
2004-06-30,XCD,TTD,buy,2.2337
2004-06-30,XCD,TTD,sell,2.3646
2004-07-01,BBD,TTD,buy,2.846
2004-07-01,BBD,TTD,sell,3.2009
2004-07-01,CAD,TTD,buy,4.6252
2004-07-01,CAD,TTD,sell,4.761
2004-07-01,CHF,TTD,buy,4.9032
2004-07-01,EUR,TTD,buy,7.4534
2004-07-01,EUR,TTD,sell,7.7375
2004-07-01,GBP,TTD,buy,11.0695
2004-07-01,GBP,TTD,sell,11.6587
2004-07-01,GYD,TTD,buy,0.0311
2004-07-01,GYD,TTD,sell,0.0322
2004-07-01,JMD,TTD,buy,0.0998
2004-07-01,JMD,TTD,sell,0.1036
2004-07-01,JPY,TTD,buy,0.0567
2004-07-01,JPY,TTD,sell,0.0587
2004-07-01,USD,TTD,buy,6.2601
2004-07-01,USD,TTD,sell,6.2974
2004-07-01,XCD,TTD,buy,2.222
2004-07-01,XCD,TTD,sell,2.367
2004-07-02,BBD,TTD,buy,2.9898
2004-07-02,BBD,TTD,sell,3.201
2004-07-02,CAD,TTD,buy,4.5983
2004-07-02,CAD,TTD,sell,4.7864
2004-07-02,CHF,TTD,buy,4.9722
2004-07-02,EUR,TTD,buy,7.4414
2004-07-02,EUR,TTD,sell,7.851
2004-07-02,GBP,TTD,buy,11.1693
2004-07-02,GBP,TTD,sell,11.5935
2004-07-02,GYD,TTD,buy,0.0311
2004-07-02,GYD,TTD,sell,0.0322
2004-07-02,JMD,TTD,buy,0.0998
2004-07-02,JMD,TTD,sell,0.1036
2004-07-02,JPY,TTD,buy,0.0578
2004-07-02,JPY,TTD,sell,0.0581
2004-07-02,USD,TTD,buy,6.2643
2004-07-02,USD,TTD,sell,6.2985
2004-07-02,XCD,TTD,buy,2.2666
2004-07-02,XCD,TTD,sell,2.3715
2004-07-05,BBD,TTD,buy,2.8481
2004-07-05,BBD,TTD,sell,3.1502
2004-07-05,CAD,TTD,buy,4.6086
2004-07-05,CAD,TTD,sell,4.8191
2004-07-05,CHF,TTD,buy,4.9698
2004-07-05,EUR,TTD,buy,7.5187
2004-07-05,EUR,TTD,sell,7.8584
2004-07-05,GBP,TTD,buy,11.1723
2004-07-05,GBP,TTD,sell,11.6326
2004-07-05,GYD,TTD,buy,0.0309
2004-07-05,GYD,TTD,sell,0.0322
2004-07-05,JMD,TTD,buy,0.0998
2004-07-05,JMD,TTD,sell,0.1036
2004-07-05,JPY,TTD,buy,0.057
2004-07-05,JPY,TTD,sell,0.0578
2004-07-05,USD,TTD,buy,6.2163
2004-07-05,USD,TTD,sell,6.2995
2004-07-05,XCD,TTD,buy,2.3062
2004-07-05,XCD,TTD,sell,2.3593
2004-07-06,BBD,TTD,buy,2.8347
2004-07-06,BBD,TTD,sell,3.2009
2004-07-06,CAD,TTD,buy,4.6192
2004-07-06,CAD,TTD,sell,4.8138
2004-07-06,CHF,TTD,buy,5.0121
2004-07-06,EUR,TTD,buy,7.5534
2004-07-06,EUR,TTD,sell,7.796
2004-07-06,GBP,TTD,buy,10.7861
2004-07-06,GBP,TTD,sell,11.6988
2004-07-06,GYD,TTD,buy,0.0311
2004-07-06,GYD,TTD,sell,0.0322
2004-07-06,JMD,TTD,buy,0.0998
2004-07-06,JMD,TTD,sell,0.1036
2004-07-06,JPY,TTD,buy,0.0572
2004-07-06,JPY,TTD,sell,0.0575
2004-07-06,USD,TTD,buy,6.264
2004-07-06,USD,TTD,sell,6.2967
2004-07-06,XCD,TTD,buy,2.1948
2004-07-06,XCD,TTD,sell,2.361
2004-07-07,BBD,TTD,buy,2.8274
2004-07-07,BBD,TTD,sell,3.1937
2004-07-07,CAD,TTD,buy,4.635
2004-07-07,CAD,TTD,sell,4.8416
2004-07-07,CHF,TTD,buy,4.9982
2004-07-07,EUR,TTD,buy,7.5767
2004-07-07,EUR,TTD,sell,7.8377
2004-07-07,GBP,TTD,buy,11.3507
2004-07-07,GBP,TTD,sell,11.7712
2004-07-07,GYD,TTD,buy,0.031
2004-07-07,GYD,TTD,sell,0.0322
2004-07-07,JMD,TTD,buy,0.0998
2004-07-07,JMD,TTD,sell,0.1036
2004-07-07,JPY,TTD,buy,0.0577
2004-07-07,JPY,TTD,sell,0.0581
2004-07-07,USD,TTD,buy,6.2581
2004-07-07,USD,TTD,sell,6.2989
2004-07-07,XCD,TTD,buy,2.2683
2004-07-07,XCD,TTD,sell,2.359
2004-07-08,BBD,TTD,buy,3.0385
2004-07-08,BBD,TTD,sell,3.1355
2004-07-08,CAD,TTD,buy,4.6294
2004-07-08,CAD,TTD,sell,4.7941
2004-07-08,EUR,TTD,buy,7.5541
2004-07-08,EUR,TTD,sell,7.9008
2004-07-08,GBP,TTD,buy,11.3029
2004-07-08,GBP,TTD,sell,11.8579
2004-07-08,GYD,TTD,buy,0.0309
2004-07-08,GYD,TTD,sell,0.0322
2004-07-08,JMD,TTD,buy,0.0998
2004-07-08,JMD,TTD,sell,0.1036
2004-07-08,JPY,TTD,buy,0.0573
2004-07-08,JPY,TTD,sell,0.0579
2004-07-08,USD,TTD,buy,6.235
2004-07-08,USD,TTD,sell,6.2991
2004-07-08,XCD,TTD,buy,2.2621
2004-07-08,XCD,TTD,sell,2.3576
2004-07-09,BBD,TTD,buy,2.8426
2004-07-09,BBD,TTD,sell,3.2011
2004-07-09,CAD,TTD,buy,4.7037
2004-07-09,CAD,TTD,sell,4.8593
2004-07-09,CHF,TTD,buy,4.6
2004-07-09,EUR,TTD,buy,7.5126
2004-07-09,EUR,TTD,sell,7.8737
2004-07-09,GBP,TTD,buy,11.31
2004-07-09,GBP,TTD,sell,11.8349
2004-07-09,GYD,TTD,buy,0.0309
2004-07-09,GYD,TTD,sell,0.0322
2004-07-09,JMD,TTD,buy,0.0998
2004-07-09,JMD,TTD,sell,0.1036
2004-07-09,JPY,TTD,buy,0.0576
2004-07-09,JPY,TTD,sell,0.0582
2004-07-09,USD,TTD,buy,6.2385
2004-07-09,USD,TTD,sell,6.299
2004-07-09,XCD,TTD,buy,2.1716
2004-07-09,XCD,TTD,sell,2.3936
2004-07-12,BBD,TTD,buy,2.8139
2004-07-12,BBD,TTD,sell,3.1974
2004-07-12,CAD,TTD,buy,4.6512
2004-07-12,CAD,TTD,sell,4.8245
2004-07-12,CHF,TTD,buy,5.0242
2004-07-12,EUR,TTD,buy,7.5927
2004-07-12,EUR,TTD,sell,7.9056
2004-07-12,GBP,TTD,buy,11.4275
2004-07-12,GBP,TTD,sell,11.8343
2004-07-12,GYD,TTD,buy,0.0311
2004-07-12,GYD,TTD,sell,0.0322
2004-07-12,JMD,TTD,buy,0.0995
2004-07-12,JMD,TTD,sell,0.1029
2004-07-12,JPY,TTD,buy,0.0579
2004-07-12,JPY,TTD,sell,0.0582
2004-07-12,USD,TTD,buy,6.269
2004-07-12,USD,TTD,sell,6.2967
2004-07-12,XCD,TTD,buy,2.3034
2004-07-12,XCD,TTD,sell,2.3589
2004-07-13,BBD,TTD,buy,2.8409
2004-07-13,BBD,TTD,sell,3.0951
2004-07-13,CAD,TTD,buy,4.6651
2004-07-13,CAD,TTD,sell,4.8264
2004-07-13,EUR,TTD,buy,7.6215
2004-07-13,EUR,TTD,sell,7.8748
2004-07-13,GBP,TTD,buy,11.3469
2004-07-13,GBP,TTD,sell,11.8512
2004-07-13,GYD,TTD,buy,0.031
2004-07-13,GYD,TTD,sell,0.0322
2004-07-13,JMD,TTD,buy,0.0991
2004-07-13,JMD,TTD,sell,0.103
2004-07-13,JPY,TTD,buy,0.0574
2004-07-13,JPY,TTD,sell,0.0579
2004-07-13,USD,TTD,buy,6.2408
2004-07-13,USD,TTD,sell,6.2984
2004-07-13,XCD,TTD,buy,2.1907
2004-07-13,XCD,TTD,sell,2.3808
2004-07-14,BBD,TTD,buy,2.8423
2004-07-14,BBD,TTD,sell,3.1982
2004-07-14,CAD,TTD,buy,4.6093
2004-07-14,CAD,TTD,sell,4.8059
2004-07-14,EUR,TTD,buy,7.5256
2004-07-14,EUR,TTD,sell,7.9772
2004-07-14,GBP,TTD,buy,11.3914
2004-07-14,GBP,TTD,sell,11.8397
2004-07-14,GYD,TTD,buy,0.0308
2004-07-14,GYD,TTD,sell,0.0322
2004-07-14,JMD,TTD,buy,0.0985
2004-07-14,JMD,TTD,sell,0.1029
2004-07-14,JPY,TTD,buy,0.0567
2004-07-14,JPY,TTD,sell,0.059
2004-07-14,USD,TTD,buy,6.2088
2004-07-14,USD,TTD,sell,6.2978
2004-07-14,XCD,TTD,buy,2.2417
2004-07-14,XCD,TTD,sell,2.3686
2004-07-15,BBD,TTD,buy,2.8454
2004-07-15,BBD,TTD,sell,3.1929
2004-07-15,CAD,TTD,buy,4.6119
2004-07-15,CAD,TTD,sell,4.8346
2004-07-15,CHF,TTD,buy,4.9678
2004-07-15,CHF,TTD,sell,5.1748
2004-07-15,EUR,TTD,buy,7.5904
2004-07-15,EUR,TTD,sell,7.8586
2004-07-15,GBP,TTD,buy,11.3455
2004-07-15,GBP,TTD,sell,11.755
2004-07-15,GYD,TTD,buy,0.0309
2004-07-15,GYD,TTD,sell,0.0322
2004-07-15,JMD,TTD,buy,0.099
2004-07-15,JMD,TTD,sell,0.102
2004-07-15,JPY,TTD,buy,0.0569
2004-07-15,JPY,TTD,sell,0.0574
2004-07-15,USD,TTD,buy,6.2391
2004-07-15,USD,TTD,sell,6.2978
2004-07-15,XCD,TTD,buy,2.1663
2004-07-15,XCD,TTD,sell,2.3608
2004-07-16,BBD,TTD,buy,2.9846
2004-07-16,BBD,TTD,sell,3.1939
2004-07-16,CAD,TTD,buy,4.6312
2004-07-16,CAD,TTD,sell,4.8134
2004-07-16,CHF,TTD,buy,4.71
2004-07-16,EUR,TTD,buy,7.5614
2004-07-16,EUR,TTD,sell,8.0576
2004-07-16,GBP,TTD,buy,11.3733
2004-07-16,GBP,TTD,sell,11.8203
2004-07-16,GYD,TTD,buy,0.031
2004-07-16,GYD,TTD,sell,0.0322
2004-07-16,JMD,TTD,buy,0.0991
2004-07-16,JMD,TTD,sell,0.1027
2004-07-16,JPY,TTD,buy,0.0576
2004-07-16,JPY,TTD,sell,0.0579
2004-07-16,USD,TTD,buy,6.2564
2004-07-16,USD,TTD,sell,6.2959
2004-07-16,XCD,TTD,buy,2.2957
2004-07-16,XCD,TTD,sell,2.3625
2004-07-19,BBD,TTD,buy,2.8214
2004-07-19,BBD,TTD,sell,3.1513
2004-07-19,CAD,TTD,buy,4.8041
2004-07-19,CAD,TTD,sell,4.825
2004-07-19,EUR,TTD,buy,7.4346
2004-07-19,EUR,TTD,sell,7.8279
2004-07-19,GBP,TTD,buy,11.4124
2004-07-19,GBP,TTD,sell,11.7435
2004-07-19,GYD,TTD,buy,0.0309
2004-07-19,GYD,TTD,sell,0.0321
2004-07-19,JMD,TTD,buy,0.0985
2004-07-19,JMD,TTD,sell,0.1026
2004-07-19,JPY,TTD,buy,0.0575
2004-07-19,JPY,TTD,sell,0.0582
2004-07-19,USD,TTD,buy,6.2297
2004-07-19,USD,TTD,sell,6.2976
2004-07-19,XCD,TTD,buy,2.239
2004-07-19,XCD,TTD,sell,2.3546
2004-07-20,BBD,TTD,buy,2.8469
2004-07-20,BBD,TTD,sell,3.193
2004-07-20,CAD,TTD,buy,4.6875
2004-07-20,CAD,TTD,sell,4.8786
2004-07-20,EUR,TTD,buy,7.6024
2004-07-20,EUR,TTD,sell,7.865
2004-07-20,GBP,TTD,buy,11.3573
2004-07-20,GBP,TTD,sell,11.8404
2004-07-20,GYD,TTD,buy,0.0309
2004-07-20,GYD,TTD,sell,0.0321
2004-07-20,JMD,TTD,buy,0.0998
2004-07-20,JMD,TTD,sell,0.1027
2004-07-20,JPY,TTD,buy,0.0574
2004-07-20,JPY,TTD,sell,0.058
2004-07-20,USD,TTD,buy,6.236
2004-07-20,USD,TTD,sell,6.2977
2004-07-20,XCD,TTD,buy,2.2142
2004-07-20,XCD,TTD,sell,2.3679
2004-07-21,BBD,TTD,buy,2.8453
2004-07-21,BBD,TTD,sell,3.205
2004-07-21,CAD,TTD,buy,4.6521
2004-07-21,CAD,TTD,sell,4.8409
2004-07-21,CHF,TTD,buy,4.9863
2004-07-21,EUR,TTD,buy,7.5352
2004-07-21,EUR,TTD,sell,7.8606
2004-07-21,GBP,TTD,buy,11.2783
2004-07-21,GBP,TTD,sell,11.7856
2004-07-21,GYD,TTD,buy,0.031
2004-07-21,GYD,TTD,sell,0.0321
2004-07-21,JMD,TTD,buy,0.0993
2004-07-21,JMD,TTD,sell,0.1028
2004-07-21,JPY,TTD,buy,0.057
2004-07-21,JPY,TTD,sell,0.0573
2004-07-21,USD,TTD,buy,6.2666
2004-07-21,USD,TTD,sell,6.2969
2004-07-21,XCD,TTD,buy,2.1608
2004-07-21,XCD,TTD,sell,2.3368
2004-07-22,BBD,TTD,buy,2.8218
2004-07-22,BBD,TTD,sell,3.2003
2004-07-22,CAD,TTD,buy,4.5976
2004-07-22,CAD,TTD,sell,4.7673
2004-07-22,CHF,TTD,sell,5.1276
2004-07-22,EUR,TTD,buy,7.452
2004-07-22,EUR,TTD,sell,7.8495
2004-07-22,GBP,TTD,buy,11.2733
2004-07-22,GBP,TTD,sell,11.7149
2004-07-22,GYD,TTD,buy,0.031
2004-07-22,GYD,TTD,sell,0.0321
2004-07-22,JMD,TTD,buy,0.0993
2004-07-22,JMD,TTD,sell,0.1029
2004-07-22,JPY,TTD,buy,0.0571
2004-07-22,JPY,TTD,sell,0.0574
2004-07-22,USD,TTD,buy,6.2586
2004-07-22,USD,TTD,sell,6.2979
2004-07-22,XCD,TTD,buy,2.2029
2004-07-22,XCD,TTD,sell,2.3667
2004-07-23,BBD,TTD,buy,2.8483
2004-07-23,BBD,TTD,sell,3.196
2004-07-23,CAD,TTD,buy,4.6414
2004-07-23,CAD,TTD,sell,4.8332
2004-07-23,CHF,TTD,buy,4.9111
2004-07-23,EUR,TTD,buy,7.4805
2004-07-23,EUR,TTD,sell,7.8069
2004-07-23,GBP,TTD,buy,11.1961
2004-07-23,GBP,TTD,sell,11.7192
2004-07-23,GYD,TTD,buy,0.0309
2004-07-23,GYD,TTD,sell,0.0321
2004-07-23,JMD,TTD,buy,0.0989
2004-07-23,JMD,TTD,sell,0.1026
2004-07-23,JPY,TTD,buy,0.0568
2004-07-23,JPY,TTD,sell,0.0572
2004-07-23,USD,TTD,buy,6.2478
2004-07-23,USD,TTD,sell,6.2946
2004-07-23,XCD,TTD,buy,2.1823
2004-07-23,XCD,TTD,sell,2.3657
2004-07-26,BBD,TTD,buy,2.8494
2004-07-26,BBD,TTD,sell,3.1942
2004-07-26,CAD,TTD,buy,4.6542
2004-07-26,CAD,TTD,sell,4.8463
2004-07-26,EUR,TTD,buy,7.2624
2004-07-26,EUR,TTD,sell,7.7326
2004-07-26,GBP,TTD,buy,11.3134
2004-07-26,GBP,TTD,sell,11.6686
2004-07-26,GYD,TTD,buy,0.0309
2004-07-26,GYD,TTD,sell,0.0321
2004-07-26,JMD,TTD,buy,0.0989
2004-07-26,JMD,TTD,sell,0.1026
2004-07-26,JPY,TTD,buy,0.0566
2004-07-26,JPY,TTD,sell,0.0573
2004-07-26,USD,TTD,buy,6.2183
2004-07-26,USD,TTD,sell,6.2977
2004-07-26,XCD,TTD,buy,2.2096
2004-07-26,XCD,TTD,sell,2.3682
2004-07-27,BBD,TTD,buy,2.8313
2004-07-27,BBD,TTD,sell,3.1197
2004-07-27,CAD,TTD,buy,4.6515
2004-07-27,CAD,TTD,sell,4.7899
2004-07-27,CHF,TTD,sell,5.0638
2004-07-27,EUR,TTD,buy,7.4465
2004-07-27,EUR,TTD,sell,7.7655
2004-07-27,GBP,TTD,buy,11.2544
2004-07-27,GBP,TTD,sell,11.72
2004-07-27,GYD,TTD,buy,0.0309
2004-07-27,GYD,TTD,sell,0.0321
2004-07-27,JMD,TTD,buy,0.0987
2004-07-27,JMD,TTD,sell,0.1025
2004-07-27,JPY,TTD,buy,0.0562
2004-07-27,JPY,TTD,sell,0.0567
2004-07-27,USD,TTD,buy,6.2449
2004-07-27,USD,TTD,sell,6.2977
2004-07-27,XCD,TTD,buy,2.2394
2004-07-27,XCD,TTD,sell,2.3396
2004-07-28,BBD,TTD,buy,2.817
2004-07-28,BBD,TTD,sell,3.1968
2004-07-28,CAD,TTD,buy,4.596
2004-07-28,CAD,TTD,sell,4.7651
2004-07-28,EUR,TTD,buy,7.3427
2004-07-28,EUR,TTD,sell,7.688
2004-07-28,GBP,TTD,buy,11.1217
2004-07-28,GBP,TTD,sell,11.6541
2004-07-28,GYD,TTD,buy,0.031
2004-07-28,GYD,TTD,sell,0.0321
2004-07-28,JMD,TTD,buy,0.0988
2004-07-28,JMD,TTD,sell,0.1025
2004-07-28,JPY,TTD,buy,0.056
2004-07-28,JPY,TTD,sell,0.0564
2004-07-28,USD,TTD,buy,6.2581
2004-07-28,USD,TTD,sell,6.2985
2004-07-28,XCD,TTD,buy,2.3062
2004-07-28,XCD,TTD,sell,2.3563
2004-07-29,BBD,TTD,buy,2.813
2004-07-29,BBD,TTD,sell,3.1988
2004-07-29,CAD,TTD,buy,4.6159
2004-07-29,CAD,TTD,sell,4.7798
2004-07-29,CHF,TTD,buy,4.8563
2004-07-29,EUR,TTD,buy,7.3624
2004-07-29,EUR,TTD,sell,7.5997
2004-07-29,GBP,TTD,buy,11.1441
2004-07-29,GBP,TTD,sell,11.5483
2004-07-29,GYD,TTD,buy,0.0309
2004-07-29,GYD,TTD,sell,0.0321
2004-07-29,JMD,TTD,buy,0.0985
2004-07-29,JMD,TTD,sell,0.1025
2004-07-29,JPY,TTD,buy,0.0556
2004-07-29,JPY,TTD,sell,0.0561
2004-07-29,USD,TTD,buy,6.2337
2004-07-29,USD,TTD,sell,6.298
2004-07-29,XCD,TTD,buy,2.2248
2004-07-29,XCD,TTD,sell,2.3512
2004-07-30,BBD,TTD,buy,2.8403
2004-07-30,BBD,TTD,sell,3.1974
2004-07-30,CAD,TTD,buy,4.6276
2004-07-30,CAD,TTD,sell,4.8225
2004-07-30,CHF,TTD,buy,4.8601
2004-07-30,CHF,TTD,sell,4.9983
2004-07-30,EUR,TTD,buy,7.3749
2004-07-30,EUR,TTD,sell,7.7411
2004-07-30,GBP,TTD,buy,10.9688
2004-07-30,GBP,TTD,sell,11.6165
2004-07-30,GYD,TTD,buy,0.031
2004-07-30,GYD,TTD,sell,0.0321
2004-07-30,JMD,TTD,buy,0.0986
2004-07-30,JMD,TTD,sell,0.1024
2004-07-30,JPY,TTD,buy,0.0562
2004-07-30,JPY,TTD,sell,0.0566
2004-07-30,USD,TTD,buy,6.2497
2004-07-30,USD,TTD,sell,6.2976
2004-07-30,XCD,TTD,buy,2.2921
2004-07-30,XCD,TTD,sell,2.3604
2004-08-03,BBD,TTD,buy,2.8184
2004-08-03,BBD,TTD,sell,3.1139
2004-08-03,CAD,TTD,buy,4.5956
2004-08-03,CAD,TTD,sell,4.7811
2004-08-03,CHF,TTD,buy,4.7766
2004-08-03,EUR,TTD,buy,7.262
2004-08-03,EUR,TTD,sell,7.6399
2004-08-03,GBP,TTD,buy,11.1422
2004-08-03,GBP,TTD,sell,11.5931
2004-08-03,GYD,TTD,buy,0.0311
2004-08-03,GYD,TTD,sell,0.0322
2004-08-03,JMD,TTD,buy,0.0987
2004-08-03,JMD,TTD,sell,0.1023
2004-08-03,JPY,TTD,buy,0.0554
2004-08-03,JPY,TTD,sell,0.0573
2004-08-03,USD,TTD,buy,6.2616
2004-08-03,USD,TTD,sell,6.2979
2004-08-03,XCD,TTD,buy,2.2512
2004-08-03,XCD,TTD,sell,2.3155
2004-08-04,BBD,TTD,buy,2.8284
2004-08-04,BBD,TTD,sell,3.2004
2004-08-04,CAD,TTD,buy,4.5952
2004-08-04,CAD,TTD,sell,4.8137
2004-08-04,CHF,TTD,buy,4.7873
2004-08-04,CHF,TTD,sell,4.998
2004-08-04,EUR,TTD,buy,7.396
2004-08-04,EUR,TTD,sell,7.6529
2004-08-04,GBP,TTD,buy,11.1128
2004-08-04,GBP,TTD,sell,11.5757
2004-08-04,GYD,TTD,buy,0.0309
2004-08-04,GYD,TTD,sell,0.0321
2004-08-04,JMD,TTD,buy,0.0983
2004-08-04,JMD,TTD,sell,0.1022
2004-08-04,JPY,TTD,buy,0.0569
2004-08-04,JPY,TTD,sell,0.0574
2004-08-04,USD,TTD,buy,6.2347
2004-08-04,USD,TTD,sell,6.2984
2004-08-04,XCD,TTD,buy,2.2385
2004-08-04,XCD,TTD,sell,2.3552
2004-08-05,BBD,TTD,buy,2.8359
2004-08-05,BBD,TTD,sell,3.193
2004-08-05,CAD,TTD,buy,4.6555
2004-08-05,CAD,TTD,sell,4.8389
2004-08-05,CHF,TTD,buy,4.8717
2004-08-05,EUR,TTD,buy,7.3769
2004-08-05,EUR,TTD,sell,7.6605
2004-08-05,GBP,TTD,buy,11.1287
2004-08-05,GBP,TTD,sell,11.6362
2004-08-05,GYD,TTD,buy,0.0311
2004-08-05,GYD,TTD,sell,0.0322
2004-08-05,JMD,TTD,buy,0.0989
2004-08-05,JMD,TTD,sell,0.1023
2004-08-05,JPY,TTD,buy,0.0561
2004-08-05,JPY,TTD,sell,0.0564
2004-08-05,USD,TTD,buy,6.2687
2004-08-05,USD,TTD,sell,6.2989
2004-08-05,XCD,TTD,buy,2.3113
2004-08-05,XCD,TTD,sell,2.3846
2004-08-06,BBD,TTD,buy,2.8402
2004-08-06,BBD,TTD,sell,3.1101
2004-08-06,CAD,TTD,buy,4.6327
2004-08-06,CAD,TTD,sell,4.8395
2004-08-06,CHF,TTD,sell,5.0086
2004-08-06,EUR,TTD,buy,7.3552
2004-08-06,EUR,TTD,sell,7.6851
2004-08-06,GBP,TTD,buy,11.2005
2004-08-06,GBP,TTD,sell,11.6209
2004-08-06,GYD,TTD,buy,0.0308
2004-08-06,GYD,TTD,sell,0.0322
2004-08-06,JMD,TTD,buy,0.0979
2004-08-06,JMD,TTD,sell,0.1023
2004-08-06,JPY,TTD,buy,0.0563
2004-08-06,JPY,TTD,sell,0.0571
2004-08-06,USD,TTD,buy,6.209
2004-08-06,USD,TTD,sell,6.2989
2004-08-06,XCD,TTD,buy,2.3063
2004-08-06,XCD,TTD,sell,2.3626
2004-08-09,BBD,TTD,buy,2.8555
2004-08-09,BBD,TTD,sell,3.1988
2004-08-09,CAD,TTD,buy,4.6474
2004-08-09,CAD,TTD,sell,4.8479
2004-08-09,EUR,TTD,buy,7.5152
2004-08-09,EUR,TTD,sell,7.9025
2004-08-09,GBP,TTD,buy,11.2448
2004-08-09,GBP,TTD,sell,11.6247
2004-08-09,GYD,TTD,buy,0.031
2004-08-09,GYD,TTD,sell,0.0322
2004-08-09,JMD,TTD,buy,0.0985
2004-08-09,JMD,TTD,sell,0.1023
2004-08-09,JPY,TTD,buy,0.0565
2004-08-09,JPY,TTD,sell,0.057
2004-08-09,USD,TTD,buy,6.2519
2004-08-09,USD,TTD,sell,6.2992
2004-08-09,XCD,TTD,buy,2.2876
2004-08-09,XCD,TTD,sell,2.3543
2004-08-10,BBD,TTD,buy,2.8175
2004-08-10,BBD,TTD,sell,3.1994
2004-08-10,CAD,TTD,buy,4.6283
2004-08-10,CAD,TTD,sell,4.8457
2004-08-10,CHF,TTD,buy,4.9012
2004-08-10,EUR,TTD,buy,7.5504
2004-08-10,EUR,TTD,sell,7.7628
2004-08-10,GBP,TTD,buy,11.1935
2004-08-10,GBP,TTD,sell,11.6941
2004-08-10,GYD,TTD,buy,0.031
2004-08-10,GYD,TTD,sell,0.0322
2004-08-10,JMD,TTD,buy,0.0984
2004-08-10,JMD,TTD,sell,0.1022
2004-08-10,JPY,TTD,buy,0.0562
2004-08-10,JPY,TTD,sell,0.0567
2004-08-10,USD,TTD,buy,6.2437
2004-08-10,USD,TTD,sell,6.2993
2004-08-10,XCD,TTD,buy,2.2257
2004-08-10,XCD,TTD,sell,2.355
2004-08-11,BBD,TTD,buy,3.0638
2004-08-11,BBD,TTD,sell,3.0818
2004-08-11,CAD,TTD,buy,4.6628
2004-08-11,CAD,TTD,sell,4.8033
2004-08-11,CHF,TTD,buy,4.9343
2004-08-11,EUR,TTD,buy,7.4731
2004-08-11,EUR,TTD,sell,7.7083
2004-08-11,GBP,TTD,buy,11.1699
2004-08-11,GBP,TTD,sell,11.6759
2004-08-11,GYD,TTD,buy,0.0309
2004-08-11,GYD,TTD,sell,0.0322
2004-08-11,JMD,TTD,buy,0.0983
2004-08-11,JMD,TTD,sell,0.1023
2004-08-11,JPY,TTD,buy,0.0563
2004-08-11,JPY,TTD,sell,0.0569
2004-08-11,USD,TTD,buy,6.231
2004-08-11,USD,TTD,sell,6.2984
2004-08-11,XCD,TTD,buy,2.2088
2004-08-11,XCD,TTD,sell,2.3439
2004-08-12,BBD,TTD,buy,2.8486
2004-08-12,BBD,TTD,sell,3.2026
2004-08-12,CAD,TTD,buy,4.6201
2004-08-12,CAD,TTD,sell,4.811
2004-08-12,EUR,TTD,buy,7.5192
2004-08-12,EUR,TTD,sell,7.7617
2004-08-12,GBP,TTD,buy,11.1821
2004-08-12,GBP,TTD,sell,11.6311
2004-08-12,GYD,TTD,buy,0.0309
2004-08-12,GYD,TTD,sell,0.0322
2004-08-12,JMD,TTD,buy,0.0983
2004-08-12,JMD,TTD,sell,0.1023
2004-08-12,JPY,TTD,buy,0.0563
2004-08-12,JPY,TTD,sell,0.0568
2004-08-12,USD,TTD,buy,6.2347
2004-08-12,USD,TTD,sell,6.2984
2004-08-12,XCD,TTD,buy,2.2245
2004-08-12,XCD,TTD,sell,2.3696
2004-08-13,BBD,TTD,buy,2.8407
2004-08-13,BBD,TTD,sell,3.1997
2004-08-13,CAD,TTD,buy,4.5808
2004-08-13,CAD,TTD,sell,4.7921
2004-08-13,CHF,TTD,buy,4.891
2004-08-13,CHF,TTD,sell,5.0998
2004-08-13,EUR,TTD,buy,7.4899
2004-08-13,EUR,TTD,sell,7.8259
2004-08-13,GBP,TTD,buy,11.0894
2004-08-13,GBP,TTD,sell,11.6
2004-08-13,GYD,TTD,buy,0.031
2004-08-13,GYD,TTD,sell,0.0322
2004-08-13,JMD,TTD,buy,0.0987
2004-08-13,JMD,TTD,sell,0.1022
2004-08-13,JPY,TTD,buy,0.0566
2004-08-13,JPY,TTD,sell,0.0569
2004-08-13,USD,TTD,buy,6.2599
2004-08-13,USD,TTD,sell,6.2972
2004-08-13,XCD,TTD,buy,2.226
2004-08-13,XCD,TTD,sell,2.3787
2004-08-16,BBD,TTD,buy,2.8284
2004-08-16,BBD,TTD,sell,3.198
2004-08-16,CAD,TTD,buy,4.6798
2004-08-16,CAD,TTD,sell,4.856
2004-08-16,EUR,TTD,buy,7.5668
2004-08-16,EUR,TTD,sell,7.8059
2004-08-16,GBP,TTD,buy,11.2526
2004-08-16,GBP,TTD,sell,11.7532
2004-08-16,GYD,TTD,buy,0.0311
2004-08-16,GYD,TTD,sell,0.0322
2004-08-16,JMD,TTD,buy,0.0986
2004-08-16,JMD,TTD,sell,0.1022
2004-08-16,JPY,TTD,buy,0.0566
2004-08-16,JPY,TTD,sell,0.057
2004-08-16,USD,TTD,buy,6.2547
2004-08-16,USD,TTD,sell,6.2991
2004-08-16,XCD,TTD,buy,2.3058
2004-08-16,XCD,TTD,sell,2.37
2004-08-17,BBD,TTD,buy,2.8213
2004-08-17,BBD,TTD,sell,3.1978
2004-08-17,CAD,TTD,buy,4.6965
2004-08-17,CAD,TTD,sell,4.8806
2004-08-17,CHF,TTD,sell,5.0938
2004-08-17,EUR,TTD,buy,7.6048
2004-08-17,EUR,TTD,sell,7.8489
2004-08-17,GBP,TTD,buy,11.2244
2004-08-17,GBP,TTD,sell,11.7467
2004-08-17,GYD,TTD,buy,0.0309
2004-08-17,GYD,TTD,sell,0.0322
2004-08-17,JMD,TTD,buy,0.0981
2004-08-17,JMD,TTD,sell,0.1023
2004-08-17,JPY,TTD,buy,0.0566
2004-08-17,JPY,TTD,sell,0.0572
2004-08-17,USD,TTD,buy,6.2264
2004-08-17,USD,TTD,sell,6.299
2004-08-17,XCD,TTD,buy,2.2164
2004-08-17,XCD,TTD,sell,2.3709
2004-08-18,BBD,TTD,buy,2.849
2004-08-18,BBD,TTD,sell,3.196
2004-08-18,CAD,TTD,buy,4.7002
2004-08-18,CAD,TTD,sell,4.856
2004-08-18,CHF,TTD,buy,4.9944
2004-08-18,EUR,TTD,buy,7.5451
2004-08-18,EUR,TTD,sell,7.8529
2004-08-18,GBP,TTD,buy,11.0746
2004-08-18,GBP,TTD,sell,11.6828
2004-08-18,GYD,TTD,buy,0.031
2004-08-18,GYD,TTD,sell,0.0322
2004-08-18,JMD,TTD,buy,0.0982
2004-08-18,JMD,TTD,sell,0.1022
2004-08-18,JPY,TTD,buy,0.057
2004-08-18,JPY,TTD,sell,0.0576
2004-08-18,USD,TTD,buy,6.2335
2004-08-18,USD,TTD,sell,6.299
2004-08-18,XCD,TTD,buy,2.3198
2004-08-18,XCD,TTD,sell,2.3591
2004-08-19,BBD,TTD,buy,2.8181
2004-08-19,BBD,TTD,sell,3.126
2004-08-19,CAD,TTD,buy,4.6867
2004-08-19,CAD,TTD,sell,4.8901
2004-08-19,EUR,TTD,buy,7.4237
2004-08-19,EUR,TTD,sell,7.8528
2004-08-19,GBP,TTD,buy,11.2051
2004-08-19,GBP,TTD,sell,11.5522
2004-08-19,GYD,TTD,buy,0.031
2004-08-19,GYD,TTD,sell,0.0322
2004-08-19,JMD,TTD,buy,0.0984
2004-08-19,JMD,TTD,sell,0.1022
2004-08-19,JPY,TTD,buy,0.0571
2004-08-19,JPY,TTD,sell,0.0576
2004-08-19,USD,TTD,buy,6.2456
2004-08-19,USD,TTD,sell,6.2994
2004-08-19,XCD,TTD,buy,2.2284
2004-08-19,XCD,TTD,sell,2.3611
2004-08-20,BBD,TTD,buy,2.8484
2004-08-20,BBD,TTD,sell,3.2041
2004-08-20,CAD,TTD,buy,4.7167
2004-08-20,CAD,TTD,sell,4.9133
2004-08-20,CHF,TTD,buy,4.9702
2004-08-20,CHF,TTD,sell,5.1349
2004-08-20,EUR,TTD,buy,7.5413
2004-08-20,EUR,TTD,sell,7.8382
2004-08-20,GBP,TTD,buy,11.1188
2004-08-20,GBP,TTD,sell,11.6265
2004-08-20,GYD,TTD,buy,0.0311
2004-08-20,GYD,TTD,sell,0.0322
2004-08-20,JMD,TTD,buy,0.0986
2004-08-20,JMD,TTD,sell,0.1022
2004-08-20,JPY,TTD,buy,0.0573
2004-08-20,JPY,TTD,sell,0.0576
2004-08-20,USD,TTD,buy,6.262
2004-08-20,USD,TTD,sell,6.299
2004-08-20,XCD,TTD,buy,2.2848
2004-08-20,XCD,TTD,sell,2.375
2004-08-23,BBD,TTD,buy,2.8734
2004-08-23,BBD,TTD,sell,3.1971
2004-08-23,CAD,TTD,buy,4.7204
2004-08-23,CAD,TTD,sell,4.9122
2004-08-23,CHF,TTD,buy,4.8809
2004-08-23,CHF,TTD,sell,5.0077
2004-08-23,EUR,TTD,buy,7.5088
2004-08-23,EUR,TTD,sell,7.7633
2004-08-23,GBP,TTD,buy,11.1303
2004-08-23,GBP,TTD,sell,11.5641
2004-08-23,GYD,TTD,buy,0.0309
2004-08-23,GYD,TTD,sell,0.0323
2004-08-23,JMD,TTD,buy,0.0979
2004-08-23,JMD,TTD,sell,0.1022
2004-08-23,JPY,TTD,buy,0.0566
2004-08-23,JPY,TTD,sell,0.0573
2004-08-23,USD,TTD,buy,6.217
2004-08-23,USD,TTD,sell,6.2994
2004-08-23,XCD,TTD,buy,2.2333
2004-08-23,XCD,TTD,sell,2.3321
2004-08-24,BBD,TTD,buy,2.8376
2004-08-24,BBD,TTD,sell,3.1979
2004-08-24,CAD,TTD,buy,4.712
2004-08-24,CAD,TTD,sell,4.9001
2004-08-24,CHF,TTD,buy,4.8378
2004-08-24,CHF,TTD,sell,5.0398
2004-08-24,EUR,TTD,buy,7.447
2004-08-24,EUR,TTD,sell,7.7511
2004-08-24,GBP,TTD,buy,10.9787
2004-08-24,GBP,TTD,sell,11.5134
2004-08-24,GYD,TTD,buy,0.031
2004-08-24,GYD,TTD,sell,0.0323
2004-08-24,JMD,TTD,buy,0.0983
2004-08-24,JMD,TTD,sell,0.1022
2004-08-24,JPY,TTD,buy,0.0553
2004-08-24,JPY,TTD,sell,0.0582
2004-08-24,USD,TTD,buy,6.2434
2004-08-24,USD,TTD,sell,6.299
2004-08-24,XCD,TTD,buy,2.2502
2004-08-24,XCD,TTD,sell,2.3598
2004-08-25,BBD,TTD,buy,2.8845
2004-08-25,BBD,TTD,sell,3.1631
2004-08-25,CAD,TTD,buy,4.7032
2004-08-25,CAD,TTD,sell,4.8749
2004-08-25,EUR,TTD,buy,7.3939
2004-08-25,EUR,TTD,sell,7.7343
2004-08-25,GBP,TTD,buy,10.979
2004-08-25,GBP,TTD,sell,11.4631
2004-08-25,GYD,TTD,buy,0.0311
2004-08-25,GYD,TTD,sell,0.0323
2004-08-25,JMD,TTD,buy,0.0984
2004-08-25,JMD,TTD,sell,0.1022
2004-08-25,JPY,TTD,buy,0.0567
2004-08-25,JPY,TTD,sell,0.0572
2004-08-25,USD,TTD,buy,6.2482
2004-08-25,USD,TTD,sell,6.2996
2004-08-25,XCD,TTD,buy,2.2157
2004-08-25,XCD,TTD,sell,2.3509
2004-08-26,BBD,TTD,buy,2.8279
2004-08-26,BBD,TTD,sell,3.2005
2004-08-26,CAD,TTD,buy,4.5827
2004-08-26,CAD,TTD,sell,4.7931
2004-08-26,CHF,TTD,sell,5.0153
2004-08-26,EUR,TTD,buy,7.4613
2004-08-26,EUR,TTD,sell,7.6839
2004-08-26,GBP,TTD,buy,10.9757
2004-08-26,GBP,TTD,sell,11.4432
2004-08-26,GYD,TTD,buy,0.0311
2004-08-26,GYD,TTD,sell,0.0323
2004-08-26,JMD,TTD,buy,0.0981
2004-08-26,JMD,TTD,sell,0.1022
2004-08-26,JPY,TTD,buy,0.0569
2004-08-26,JPY,TTD,sell,0.0575
2004-08-26,USD,TTD,buy,6.2443
2004-08-26,USD,TTD,sell,6.2996
2004-08-26,XCD,TTD,buy,2.2282
2004-08-26,XCD,TTD,sell,2.3662
2004-08-27,BBD,TTD,buy,2.8357
2004-08-27,BBD,TTD,sell,3.1986
2004-08-27,CAD,TTD,buy,4.7107
2004-08-27,CAD,TTD,sell,4.8779
2004-08-27,CHF,TTD,buy,4.8185
2004-08-27,EUR,TTD,buy,7.4215
2004-08-27,EUR,TTD,sell,7.7246
2004-08-27,GBP,TTD,buy,10.9509
2004-08-27,GBP,TTD,sell,11.5112
2004-08-27,GYD,TTD,buy,0.0311
2004-08-27,GYD,TTD,sell,0.0323
2004-08-27,JMD,TTD,buy,0.0984
2004-08-27,JMD,TTD,sell,0.1022
2004-08-27,JPY,TTD,buy,0.057
2004-08-27,JPY,TTD,sell,0.0574
2004-08-27,USD,TTD,buy,6.2469
2004-08-27,USD,TTD,sell,6.2996
2004-08-27,XCD,TTD,buy,2.1872
2004-08-27,XCD,TTD,sell,2.3682
2004-08-30,BBD,TTD,buy,2.8275
2004-08-30,BBD,TTD,sell,3.1951
2004-08-30,CAD,TTD,buy,4.6662
2004-08-30,CAD,TTD,sell,4.8588
2004-08-30,CHF,TTD,buy,4.8221
2004-08-30,EUR,TTD,buy,7.3923
2004-08-30,EUR,TTD,sell,7.6603
2004-08-30,GBP,TTD,buy,10.9513
2004-08-30,GBP,TTD,sell,11.4449
2004-08-30,GYD,TTD,buy,0.031
2004-08-30,GYD,TTD,sell,0.0323
2004-08-30,JMD,TTD,buy,0.098
2004-08-30,JMD,TTD,sell,0.1022
2004-08-30,JPY,TTD,buy,0.0566
2004-08-30,JPY,TTD,sell,0.0573
2004-08-30,USD,TTD,buy,6.2213
2004-08-30,USD,TTD,sell,6.2998
2004-08-30,XCD,TTD,buy,2.2698
2004-08-30,XCD,TTD,sell,2.362
2004-09-01,BBD,TTD,buy,2.8468
2004-09-01,BBD,TTD,sell,3.217
2004-09-01,CAD,TTD,buy,4.663
2004-09-01,CAD,TTD,sell,4.8368
2004-09-01,CHF,TTD,buy,4.8585
2004-09-01,EUR,TTD,buy,7.469
2004-09-01,EUR,TTD,sell,7.6956
2004-09-01,GBP,TTD,buy,10.9726
2004-09-01,GBP,TTD,sell,11.4186
2004-09-01,GYD,TTD,buy,0.0313
2004-09-01,GYD,TTD,sell,0.0323
2004-09-01,JMD,TTD,buy,0.0988
2004-09-01,JMD,TTD,sell,0.1021
2004-09-01,JPY,TTD,buy,0.0574
2004-09-01,JPY,TTD,sell,0.0576
2004-09-01,USD,TTD,buy,6.28
2004-09-01,USD,TTD,sell,6.2997
2004-09-01,XCD,TTD,buy,2.1971
2004-09-01,XCD,TTD,sell,2.3638
2004-09-02,BBD,TTD,buy,2.8235
2004-09-02,BBD,TTD,sell,3.2005
2004-09-02,CAD,TTD,buy,4.685
2004-09-02,CAD,TTD,sell,4.8907
2004-09-02,CHF,TTD,buy,4.6049
2004-09-02,EUR,TTD,buy,7.4395
2004-09-02,EUR,TTD,sell,7.7882
2004-09-02,GBP,TTD,buy,10.9385
2004-09-02,GBP,TTD,sell,11.4233
2004-09-02,GYD,TTD,buy,0.0313
2004-09-02,GYD,TTD,sell,0.0323
2004-09-02,JMD,TTD,buy,0.0987
2004-09-02,JMD,TTD,sell,0.1021
2004-09-02,JPY,TTD,buy,0.0555
2004-09-02,JPY,TTD,sell,0.0581
2004-09-02,USD,TTD,buy,6.2732
2004-09-02,USD,TTD,sell,6.2998
2004-09-02,XCD,TTD,buy,2.2224
2004-09-02,XCD,TTD,sell,2.3713
2004-09-03,BBD,TTD,buy,2.8311
2004-09-03,BBD,TTD,sell,3.1989
2004-09-03,CAD,TTD,buy,4.7388
2004-09-03,CAD,TTD,sell,4.9019
2004-09-03,CHF,TTD,buy,4.8712
2004-09-03,EUR,TTD,buy,7.6839
2004-09-03,EUR,TTD,sell,7.6839
2004-09-03,GBP,TTD,buy,10.9296
2004-09-03,GBP,TTD,sell,11.4012
2004-09-03,GYD,TTD,buy,0.031
2004-09-03,GYD,TTD,sell,0.0323
2004-09-03,JMD,TTD,buy,0.0978
2004-09-03,JMD,TTD,sell,0.102
2004-09-03,JPY,TTD,buy,0.0562
2004-09-03,JPY,TTD,sell,0.0569
2004-09-03,USD,TTD,buy,6.2218
2004-09-03,USD,TTD,sell,6.2998
2004-09-03,XCD,TTD,buy,2.2283
2004-09-03,XCD,TTD,sell,2.3588
2004-09-06,BBD,TTD,buy,2.8232
2004-09-06,BBD,TTD,sell,3.1934
2004-09-06,CAD,TTD,buy,4.701
2004-09-06,CAD,TTD,sell,4.8946
2004-09-06,EUR,TTD,buy,7.3631
2004-09-06,EUR,TTD,sell,7.6482
2004-09-06,GBP,TTD,buy,10.8533
2004-09-06,GBP,TTD,sell,11.3196
2004-09-06,GYD,TTD,buy,0.031
2004-09-06,GYD,TTD,sell,0.0323
2004-09-06,JMD,TTD,buy,0.098
2004-09-06,JMD,TTD,sell,0.1022
2004-09-06,JPY,TTD,buy,0.0565
2004-09-06,JPY,TTD,sell,0.0572
2004-09-06,USD,TTD,buy,6.222
2004-09-06,USD,TTD,sell,6.2993
2004-09-06,XCD,TTD,buy,2.2911
2004-09-06,XCD,TTD,sell,2.3713
2004-09-08,BBD,TTD,buy,2.8162
2004-09-08,BBD,TTD,sell,3.1965
2004-09-08,CAD,TTD,buy,4.7418
2004-09-08,CAD,TTD,sell,4.9321
2004-09-08,CHF,TTD,buy,4.8678
2004-09-08,EUR,TTD,buy,7.4048
2004-09-08,EUR,TTD,sell,7.7221
2004-09-08,GBP,TTD,buy,10.8623
2004-09-08,GBP,TTD,sell,11.285
2004-09-08,GYD,TTD,buy,0.0312
2004-09-08,GYD,TTD,sell,0.0323
2004-09-08,JMD,TTD,buy,0.0985
2004-09-08,JMD,TTD,sell,0.102
2004-09-08,JPY,TTD,buy,0.0574
2004-09-08,JPY,TTD,sell,0.0577
2004-09-08,USD,TTD,buy,6.2692
2004-09-08,USD,TTD,sell,6.2998
2004-09-08,XCD,TTD,buy,2.2872
2004-09-08,XCD,TTD,sell,2.3801
2004-09-09,BBD,TTD,buy,2.8368
2004-09-09,BBD,TTD,sell,3.1993
2004-09-09,CAD,TTD,buy,4.7329
2004-09-09,CAD,TTD,sell,4.9473
2004-09-09,CHF,TTD,buy,4.7598
2004-09-09,EUR,TTD,buy,7.46
2004-09-09,EUR,TTD,sell,7.7928
2004-09-09,GBP,TTD,buy,10.8421
2004-09-09,GBP,TTD,sell,11.3682
2004-09-09,GYD,TTD,buy,0.0309
2004-09-09,GYD,TTD,sell,0.0323
2004-09-09,JMD,TTD,buy,0.0974
2004-09-09,JMD,TTD,sell,0.1017
2004-09-09,JPY,TTD,buy,0.006
2004-09-09,JPY,TTD,sell,0.0578
2004-09-09,USD,TTD,buy,6.2142
2004-09-09,USD,TTD,sell,6.2997
2004-09-09,XCD,TTD,buy,2.2409
2004-09-09,XCD,TTD,sell,2.3683
2004-09-10,BBD,TTD,buy,2.8352
2004-09-10,BBD,TTD,sell,3.1358
2004-09-10,CAD,TTD,buy,4.6708
2004-09-10,CAD,TTD,sell,4.948
2004-09-10,CHF,TTD,sell,5.09
2004-09-10,EUR,TTD,buy,7.612
2004-09-10,EUR,TTD,sell,7.7698
2004-09-10,GBP,TTD,buy,10.8787
2004-09-10,GBP,TTD,sell,11.3685
2004-09-10,GYD,TTD,buy,0.0311
2004-09-10,GYD,TTD,sell,0.0323
2004-09-10,JMD,TTD,buy,0.0986
2004-09-10,JMD,TTD,sell,0.1024
2004-09-10,JPY,TTD,buy,0.0571
2004-09-10,JPY,TTD,sell,0.0576
2004-09-10,USD,TTD,buy,6.2481
2004-09-10,USD,TTD,sell,6.2999
2004-09-10,XCD,TTD,buy,2.223
2004-09-10,XCD,TTD,sell,2.377
2004-09-13,BBD,TTD,buy,2.8275
2004-09-13,BBD,TTD,sell,3.1253
2004-09-13,CAD,TTD,buy,4.7491
2004-09-13,CAD,TTD,sell,4.9356
2004-09-13,CHF,TTD,buy,4.9343
2004-09-13,EUR,TTD,buy,7.4873
2004-09-13,EUR,TTD,sell,7.7765
2004-09-13,GBP,TTD,buy,11.0413
2004-09-13,GBP,TTD,sell,11.4449
2004-09-13,GYD,TTD,buy,0.0311
2004-09-13,GYD,TTD,sell,0.0322
2004-09-13,JMD,TTD,buy,0.099
2004-09-13,JMD,TTD,sell,0.1024
2004-09-13,JPY,TTD,buy,0.0569
2004-09-13,JPY,TTD,sell,0.0572
2004-09-13,USD,TTD,buy,6.2692
2004-09-13,USD,TTD,sell,6.2997
2004-09-13,XCD,TTD,buy,2.2388
2004-09-13,XCD,TTD,sell,2.3716
2004-09-14,BBD,TTD,buy,2.8421
2004-09-14,BBD,TTD,sell,3.1996
2004-09-14,CAD,TTD,buy,4.7365
2004-09-14,CAD,TTD,sell,4.9009
2004-09-14,CHF,TTD,buy,4.9303
2004-09-14,EUR,TTD,buy,7.4838
2004-09-14,EUR,TTD,sell,7.8192
2004-09-14,GBP,TTD,buy,10.9935
2004-09-14,GBP,TTD,sell,11.4489
2004-09-14,GYD,TTD,buy,0.031
2004-09-14,GYD,TTD,sell,0.0322
2004-09-14,JMD,TTD,buy,0.098
2004-09-14,JMD,TTD,sell,0.102
2004-09-14,JPY,TTD,buy,0.0569
2004-09-14,JPY,TTD,sell,0.0575
2004-09-14,USD,TTD,buy,6.2348
2004-09-14,USD,TTD,sell,6.2998
2004-09-14,XCD,TTD,buy,2.2688
2004-09-14,XCD,TTD,sell,2.3671
2004-09-15,BBD,TTD,buy,3.0796
2004-09-15,BBD,TTD,sell,3.1945
2004-09-15,CAD,TTD,buy,4.7
2004-09-15,CAD,TTD,sell,4.9144
2004-09-15,CHF,TTD,sell,5.0726
2004-09-15,EUR,TTD,buy,7.2767
2004-09-15,EUR,TTD,sell,7.7952
2004-09-15,GBP,TTD,buy,10.8921
2004-09-15,GBP,TTD,sell,11.4042
2004-09-15,GYD,TTD,buy,0.0311
2004-09-15,GYD,TTD,sell,0.0322
2004-09-15,JMD,TTD,buy,0.0984
2004-09-15,JMD,TTD,sell,0.102
2004-09-15,JPY,TTD,buy,0.0569
2004-09-15,JPY,TTD,sell,0.0572
2004-09-15,USD,TTD,buy,6.2619
2004-09-15,USD,TTD,sell,6.2985
2004-09-15,XCD,TTD,buy,2.2886
2004-09-15,XCD,TTD,sell,2.3483
2004-09-16,BBD,TTD,buy,2.8451
2004-09-16,BBD,TTD,sell,3.1931
2004-09-16,CAD,TTD,buy,4.7396
2004-09-16,CAD,TTD,sell,4.9351
2004-09-16,EUR,TTD,buy,7.4053
2004-09-16,EUR,TTD,sell,7.7759
2004-09-16,GBP,TTD,buy,10.8795
2004-09-16,GBP,TTD,sell,11.4086
2004-09-16,GYD,TTD,buy,0.0311
2004-09-16,GYD,TTD,sell,0.0322
2004-09-16,JMD,TTD,buy,0.0982
2004-09-16,JMD,TTD,sell,0.1016
2004-09-16,JPY,TTD,buy,0.0572
2004-09-16,JPY,TTD,sell,0.0575
2004-09-16,USD,TTD,buy,6.2685
2004-09-16,USD,TTD,sell,6.2997
2004-09-16,XCD,TTD,buy,2.1373
2004-09-16,XCD,TTD,sell,2.3559
2004-09-17,BBD,TTD,buy,2.8396
2004-09-17,BBD,TTD,sell,3.1934
2004-09-17,CAD,TTD,buy,4.725
2004-09-17,CAD,TTD,sell,4.9287
2004-09-17,CHF,TTD,buy,4.9098
2004-09-17,EUR,TTD,buy,7.4817
2004-09-17,EUR,TTD,sell,7.7583
2004-09-17,GBP,TTD,buy,10.9346
2004-09-17,GBP,TTD,sell,11.3966
2004-09-17,GYD,TTD,buy,0.031
2004-09-17,GYD,TTD,sell,0.0322
2004-09-17,JMD,TTD,buy,0.0997
2004-09-17,JMD,TTD,sell,0.1016
2004-09-17,JPY,TTD,buy,0.0567
2004-09-17,JPY,TTD,sell,0.0572
2004-09-17,USD,TTD,buy,6.2373
2004-09-17,USD,TTD,sell,6.2995
2004-09-17,XCD,TTD,buy,2.26
2004-09-17,XCD,TTD,sell,2.3708
2004-09-20,BBD,TTD,buy,2.9917
2004-09-20,BBD,TTD,sell,3.1309
2004-09-20,CAD,TTD,buy,4.7373
2004-09-20,CAD,TTD,sell,4.9238
2004-09-20,CHF,TTD,buy,4.8794
2004-09-20,CHF,TTD,sell,5.0188
2004-09-20,EUR,TTD,buy,7.4094
2004-09-20,EUR,TTD,sell,7.8645
2004-09-20,GBP,TTD,buy,10.962
2004-09-20,GBP,TTD,sell,11.3741
2004-09-20,GYD,TTD,buy,0.0311
2004-09-20,GYD,TTD,sell,0.0322
2004-09-20,JMD,TTD,buy,0.0982
2004-09-20,JMD,TTD,sell,0.1018
2004-09-20,JPY,TTD,buy,0.057
2004-09-20,JPY,TTD,sell,0.0573
2004-09-20,USD,TTD,buy,6.2614
2004-09-20,USD,TTD,sell,6.2996
2004-09-20,XCD,TTD,buy,2.1753
2004-09-20,XCD,TTD,sell,2.3562
2004-09-21,BBD,TTD,buy,2.8245
2004-09-21,BBD,TTD,sell,3.1993
2004-09-21,CAD,TTD,buy,4.7279
2004-09-21,CAD,TTD,sell,4.9461
2004-09-21,CHF,TTD,sell,5.0688
2004-09-21,EUR,TTD,buy,7.506
2004-09-21,EUR,TTD,sell,7.7685
2004-09-21,GBP,TTD,buy,10.9595
2004-09-21,GBP,TTD,sell,11.3288
2004-09-21,GYD,TTD,buy,0.0311
2004-09-21,GYD,TTD,sell,0.0322
2004-09-21,JMD,TTD,buy,0.0985
2004-09-21,JMD,TTD,sell,0.1019
2004-09-21,JPY,TTD,buy,0.0571
2004-09-21,JPY,TTD,sell,0.0574
2004-09-21,USD,TTD,buy,6.2687
2004-09-21,USD,TTD,sell,6.2992
2004-09-21,XCD,TTD,buy,2.2194
2004-09-21,XCD,TTD,sell,2.3834
2004-09-22,BBD,TTD,buy,2.8451
2004-09-22,BBD,TTD,sell,3.1946
2004-09-22,CAD,TTD,buy,4.773
2004-09-22,CAD,TTD,sell,4.9525
2004-09-22,EUR,TTD,buy,7.5022
2004-09-22,EUR,TTD,sell,7.7989
2004-09-22,GBP,TTD,buy,10.9523
2004-09-22,GBP,TTD,sell,11.4287
2004-09-22,GYD,TTD,buy,0.0311
2004-09-22,GYD,TTD,sell,0.0322
2004-09-22,JMD,TTD,buy,0.0984
2004-09-22,JMD,TTD,sell,0.102
2004-09-22,JPY,TTD,buy,0.0567
2004-09-22,JPY,TTD,sell,0.057
2004-09-22,USD,TTD,buy,6.2642
2004-09-22,USD,TTD,sell,6.2998
2004-09-22,XCD,TTD,buy,2.199
2004-09-22,XCD,TTD,sell,2.328
2004-09-23,BBD,TTD,buy,2.8319
2004-09-23,BBD,TTD,sell,3.1951
2004-09-23,CAD,TTD,buy,4.8068
2004-09-23,CAD,TTD,sell,4.9628
2004-09-23,CHF,TTD,sell,5.0895
2004-09-23,EUR,TTD,buy,7.5533
2004-09-23,EUR,TTD,sell,7.8688
2004-09-23,GBP,TTD,buy,11.0959
2004-09-23,GBP,TTD,sell,11.4831
2004-09-23,GYD,TTD,buy,0.031
2004-09-23,GYD,TTD,sell,0.0322
2004-09-23,JMD,TTD,buy,0.0979
2004-09-23,JMD,TTD,sell,0.1019
2004-09-23,JPY,TTD,buy,0.0564
2004-09-23,JPY,TTD,sell,0.057
2004-09-23,USD,TTD,buy,6.2366
2004-09-23,USD,TTD,sell,6.2998
2004-09-23,XCD,TTD,buy,2.2081
2004-09-23,XCD,TTD,sell,2.3572
2004-09-27,BBD,TTD,buy,2.8485
2004-09-27,BBD,TTD,sell,3.1977
2004-09-27,CAD,TTD,buy,4.745
2004-09-27,CAD,TTD,sell,4.9845
2004-09-27,CHF,TTD,sell,5.0574
2004-09-27,EUR,TTD,buy,7.3218
2004-09-27,EUR,TTD,sell,7.6865
2004-09-27,GBP,TTD,buy,11.0219
2004-09-27,GBP,TTD,sell,11.4992
2004-09-27,GYD,TTD,buy,0.0311
2004-09-27,GYD,TTD,sell,0.0322
2004-09-27,JMD,TTD,buy,0.0983
2004-09-27,JMD,TTD,sell,0.1019
2004-09-27,JPY,TTD,buy,0.0562
2004-09-27,JPY,TTD,sell,0.0566
2004-09-27,USD,TTD,buy,6.2612
2004-09-27,USD,TTD,sell,6.2999
2004-09-27,XCD,TTD,buy,2.2878
2004-09-27,XCD,TTD,sell,2.3586
2004-09-28,BBD,TTD,buy,2.8738
2004-09-28,BBD,TTD,sell,3.2023
2004-09-28,CAD,TTD,buy,4.814
2004-09-28,CAD,TTD,sell,5.0056
2004-09-28,CHF,TTD,buy,4.8844
2004-09-28,CHF,TTD,sell,5.0884
2004-09-28,EUR,TTD,buy,7.6437
2004-09-28,EUR,TTD,sell,7.7377
2004-09-28,GBP,TTD,buy,11.0698
2004-09-28,GBP,TTD,sell,11.4589
2004-09-28,GYD,TTD,buy,0.0311
2004-09-28,GYD,TTD,sell,0.0322
2004-09-28,JMD,TTD,buy,0.0985
2004-09-28,JMD,TTD,sell,0.102
2004-09-28,JPY,TTD,buy,0.0563
2004-09-28,JPY,TTD,sell,0.0566
2004-09-28,USD,TTD,buy,6.2636
2004-09-28,USD,TTD,sell,6.2999
2004-09-28,XCD,TTD,buy,2.2166
2004-09-28,XCD,TTD,sell,2.3684
2004-09-29,BBD,TTD,buy,2.822
2004-09-29,BBD,TTD,sell,3.2006
2004-09-29,CAD,TTD,buy,4.8234
2004-09-29,CAD,TTD,sell,5.011
2004-09-29,CHF,TTD,buy,4.59
2004-09-29,EUR,TTD,buy,7.6997
2004-09-29,EUR,TTD,sell,7.8484
2004-09-29,GBP,TTD,buy,11.0781
2004-09-29,GBP,TTD,sell,11.4443
2004-09-29,GYD,TTD,buy,0.031
2004-09-29,GYD,TTD,sell,0.0322
2004-09-29,JMD,TTD,buy,0.098
2004-09-29,JMD,TTD,sell,0.1021
2004-09-29,JPY,TTD,buy,0.0562
2004-09-29,JPY,TTD,sell,0.0568
2004-09-29,USD,TTD,buy,6.2323
2004-09-29,USD,TTD,sell,6.2994
2004-09-29,XCD,TTD,buy,2.2934
2004-09-29,XCD,TTD,sell,2.376
2004-09-30,BBD,TTD,buy,2.8277
2004-09-30,BBD,TTD,sell,3.2019
2004-09-30,CAD,TTD,buy,4.8109
2004-09-30,CAD,TTD,sell,5.0075
2004-09-30,EUR,TTD,buy,7.7039
2004-09-30,EUR,TTD,sell,7.7728
2004-09-30,GBP,TTD,buy,11.0937
2004-09-30,GBP,TTD,sell,11.5076
2004-09-30,GYD,TTD,buy,0.0311
2004-09-30,GYD,TTD,sell,0.0322
2004-09-30,JMD,TTD,buy,0.0984
2004-09-30,JMD,TTD,sell,0.1021
2004-09-30,JPY,TTD,buy,0.0555
2004-09-30,JPY,TTD,sell,0.0578
2004-09-30,USD,TTD,buy,6.258
2004-09-30,USD,TTD,sell,6.2995
2004-09-30,XCD,TTD,buy,2.2668
2004-09-30,XCD,TTD,sell,2.3721
2004-10-01,BBD,TTD,buy,2.9042
2004-10-01,BBD,TTD,sell,3.202
2004-10-01,CAD,TTD,buy,4.8485
2004-10-01,CAD,TTD,sell,4.9982
2004-10-01,CHF,TTD,buy,4.9782
2004-10-01,EUR,TTD,buy,7.5117
2004-10-01,EUR,TTD,sell,7.9249
2004-10-01,GBP,TTD,buy,10.988
2004-10-01,GBP,TTD,sell,11.4554
2004-10-01,GYD,TTD,buy,0.0312
2004-10-01,GYD,TTD,sell,0.0322
2004-10-01,JMD,TTD,buy,0.0986
2004-10-01,JMD,TTD,sell,0.102
2004-10-01,JPY,TTD,buy,0.0568
2004-10-01,JPY,TTD,sell,0.057
2004-10-01,USD,TTD,buy,6.2745
2004-10-01,USD,TTD,sell,6.2998
2004-10-01,XCD,TTD,buy,2.2416
2004-10-01,XCD,TTD,sell,2.3151
2004-10-04,BBD,TTD,buy,2.8184
2004-10-04,BBD,TTD,sell,3.1975
2004-10-04,CAD,TTD,buy,4.8434
2004-10-04,CAD,TTD,sell,5.0467
2004-10-04,CHF,TTD,buy,4.8616
2004-10-04,EUR,TTD,buy,7.6438
2004-10-04,EUR,TTD,sell,7.8172
2004-10-04,GBP,TTD,buy,10.911
2004-10-04,GBP,TTD,sell,11.367
2004-10-04,GYD,TTD,buy,0.031
2004-10-04,GYD,TTD,sell,0.0322
2004-10-04,JMD,TTD,buy,0.0983
2004-10-04,JMD,TTD,sell,0.1021
2004-10-04,JPY,TTD,buy,0.0568
2004-10-04,JPY,TTD,sell,0.0568
2004-10-04,USD,TTD,buy,6.2493
2004-10-04,USD,TTD,sell,6.2996
2004-10-04,XCD,TTD,buy,2.2335
2004-10-04,XCD,TTD,sell,2.3772
2004-10-05,BBD,TTD,buy,3.0773
2004-10-05,BBD,TTD,sell,3.2022
2004-10-05,CAD,TTD,buy,4.8085
2004-10-05,CAD,TTD,sell,5.0498
2004-10-05,CHF,TTD,buy,4.9185
2004-10-05,EUR,TTD,buy,7.3161
2004-10-05,EUR,TTD,sell,7.8444
2004-10-05,GBP,TTD,buy,10.8403
2004-10-05,GBP,TTD,sell,11.3029
2004-10-05,GYD,TTD,buy,0.0309
2004-10-05,GYD,TTD,sell,0.0322
2004-10-05,JMD,TTD,buy,0.0978
2004-10-05,JMD,TTD,sell,0.1021
2004-10-05,JPY,TTD,buy,0.0565
2004-10-05,JPY,TTD,sell,0.0567
2004-10-05,USD,TTD,buy,6.2151
2004-10-05,USD,TTD,sell,6.2997
2004-10-05,XCD,TTD,buy,2.2257
2004-10-05,XCD,TTD,sell,2.3692
2004-10-06,BBD,TTD,buy,2.8146
2004-10-06,BBD,TTD,sell,3.1992
2004-10-06,CAD,TTD,buy,4.841
2004-10-06,CAD,TTD,sell,5.0387
2004-10-06,CHF,TTD,buy,4.8387
2004-10-06,EUR,TTD,buy,7.5438
2004-10-06,EUR,TTD,sell,7.7897
2004-10-06,GBP,TTD,buy,10.8669
2004-10-06,GBP,TTD,sell,11.2663
2004-10-06,GYD,TTD,buy,0.031
2004-10-06,GYD,TTD,sell,0.0322
2004-10-06,JMD,TTD,buy,0.0983
2004-10-06,JMD,TTD,sell,0.1022
2004-10-06,JPY,TTD,buy,0.0561
2004-10-06,JPY,TTD,sell,0.0566
2004-10-06,USD,TTD,buy,6.2428
2004-10-06,USD,TTD,sell,6.2998
2004-10-06,XCD,TTD,buy,2.2639
2004-10-06,XCD,TTD,sell,2.3551
2004-10-07,BBD,TTD,buy,2.824
2004-10-07,BBD,TTD,sell,3.1949
2004-10-07,CAD,TTD,buy,4.8858
2004-10-07,CAD,TTD,sell,5.0913
2004-10-07,CHF,TTD,buy,4.7899
2004-10-07,CHF,TTD,sell,5.0581
2004-10-07,EUR,TTD,buy,7.7178
2004-10-07,EUR,TTD,sell,7.8406
2004-10-07,GBP,TTD,buy,10.9022
2004-10-07,GBP,TTD,sell,11.3337
2004-10-07,GYD,TTD,buy,0.0309
2004-10-07,GYD,TTD,sell,0.0322
2004-10-07,JMD,TTD,buy,0.0978
2004-10-07,JMD,TTD,sell,0.102
2004-10-07,JPY,TTD,buy,0.0559
2004-10-07,JPY,TTD,sell,0.0571
2004-10-07,USD,TTD,buy,6.2208
2004-10-07,USD,TTD,sell,6.2996
2004-10-07,XCD,TTD,buy,2.1915
2004-10-07,XCD,TTD,sell,2.375
2004-10-08,BBD,TTD,buy,2.8258
2004-10-08,BBD,TTD,sell,3.1928
2004-10-08,CAD,TTD,buy,4.8805
2004-10-08,CAD,TTD,sell,5.0854
2004-10-08,CHF,TTD,buy,4.58
2004-10-08,EUR,TTD,buy,7.5708
2004-10-08,EUR,TTD,sell,7.8197
2004-10-08,GBP,TTD,buy,10.9692
2004-10-08,GBP,TTD,sell,11.3859
2004-10-08,GYD,TTD,buy,0.0309
2004-10-08,GYD,TTD,sell,0.0322
2004-10-08,JMD,TTD,buy,0.0977
2004-10-08,JMD,TTD,sell,0.1019
2004-10-08,JPY,TTD,buy,0.0568
2004-10-08,JPY,TTD,sell,0.0576
2004-10-08,USD,TTD,buy,6.221
2004-10-08,USD,TTD,sell,6.2998
2004-10-08,XCD,TTD,buy,2.378
2004-10-08,XCD,TTD,sell,2.3617
2004-10-11,BBD,TTD,buy,2.8539
2004-10-11,BBD,TTD,sell,3.198
2004-10-11,CAD,TTD,buy,4.8879
2004-10-11,CAD,TTD,sell,5.0779
2004-10-11,CHF,TTD,buy,4.9782
2004-10-11,EUR,TTD,buy,7.3134
2004-10-11,EUR,TTD,sell,7.8809
2004-10-11,GBP,TTD,buy,11.0005
2004-10-11,GBP,TTD,sell,11.4075
2004-10-11,GYD,TTD,buy,0.0309
2004-10-11,GYD,TTD,sell,0.0321
2004-10-11,JMD,TTD,buy,0.0978
2004-10-11,JMD,TTD,sell,0.1019
2004-10-11,JPY,TTD,buy,0.057
2004-10-11,JPY,TTD,sell,0.0576
2004-10-11,USD,TTD,buy,6.2296
2004-10-11,USD,TTD,sell,6.2997
2004-10-11,XCD,TTD,buy,2.2692
2004-10-11,XCD,TTD,sell,2.3621
2004-10-12,BBD,TTD,buy,2.8241
2004-10-12,BBD,TTD,sell,3.1991
2004-10-12,CAD,TTD,buy,4.9002
2004-10-12,CAD,TTD,sell,5.0948
2004-10-12,CHF,TTD,buy,4.9462
2004-10-12,CHF,TTD,sell,5.0669
2004-10-12,EUR,TTD,buy,7.5746
2004-10-12,EUR,TTD,sell,7.9562
2004-10-12,GBP,TTD,buy,10.8804
2004-10-12,GBP,TTD,sell,11.4523
2004-10-12,GYD,TTD,buy,0.0309
2004-10-12,GYD,TTD,sell,0.0321
2004-10-12,JMD,TTD,buy,0.0979
2004-10-12,JMD,TTD,sell,0.1019
2004-10-12,JPY,TTD,buy,0.0553
2004-10-12,JPY,TTD,sell,0.0583
2004-10-12,USD,TTD,buy,6.2347
2004-10-12,USD,TTD,sell,6.2999
2004-10-12,XCD,TTD,buy,2.2285
2004-10-12,XCD,TTD,sell,2.3786
2004-10-13,BBD,TTD,buy,2.8139
2004-10-13,BBD,TTD,sell,3.1954
2004-10-13,CAD,TTD,buy,4.7979
2004-10-13,CAD,TTD,sell,5.0542
2004-10-13,EUR,TTD,buy,7.5274
2004-10-13,EUR,TTD,sell,7.7498
2004-10-13,GBP,TTD,buy,10.9811
2004-10-13,GBP,TTD,sell,11.4568
2004-10-13,GYD,TTD,buy,0.0309
2004-10-13,GYD,TTD,sell,0.0321
2004-10-13,JMD,TTD,buy,0.0981
2004-10-13,JMD,TTD,sell,0.1021
2004-10-13,JPY,TTD,buy,0.0568
2004-10-13,JPY,TTD,sell,0.0574
2004-10-13,USD,TTD,buy,6.2358
2004-10-13,USD,TTD,sell,6.2998
2004-10-13,XCD,TTD,buy,2.2021
2004-10-13,XCD,TTD,sell,2.3593
2004-10-14,BBD,TTD,buy,2.8363
2004-10-14,BBD,TTD,sell,3.1592
2004-10-14,CAD,TTD,buy,4.8642
2004-10-14,CAD,TTD,sell,5.0675
2004-10-14,CHF,TTD,buy,4.9891
2004-10-14,EUR,TTD,buy,7.5968
2004-10-14,EUR,TTD,sell,7.8728
2004-10-14,GBP,TTD,buy,11.0706
2004-10-14,GBP,TTD,sell,11.45
2004-10-14,GYD,TTD,buy,0.031
2004-10-14,GYD,TTD,sell,0.0321
2004-10-14,JMD,TTD,buy,0.0984
2004-10-14,JMD,TTD,sell,0.1022
2004-10-14,JPY,TTD,buy,0.057
2004-10-14,JPY,TTD,sell,0.0547
2004-10-14,USD,TTD,buy,6.2522
2004-10-14,USD,TTD,sell,6.2996
2004-10-14,XCD,TTD,buy,2.2367
2004-10-14,XCD,TTD,sell,2.3685
2004-10-15,BBD,TTD,buy,2.8403
2004-10-15,BBD,TTD,sell,3.201
2004-10-15,CAD,TTD,buy,4.8498
2004-10-15,CAD,TTD,sell,5.0663
2004-10-15,CHF,TTD,buy,4.9422
2004-10-15,EUR,TTD,buy,7.5936
2004-10-15,EUR,TTD,sell,7.8662
2004-10-15,GBP,TTD,buy,11.1766
2004-10-15,GBP,TTD,sell,11.4539
2004-10-15,GYD,TTD,buy,0.031
2004-10-15,GYD,TTD,sell,0.0321
2004-10-15,JMD,TTD,buy,0.0986
2004-10-15,JMD,TTD,sell,0.1021
2004-10-15,JPY,TTD,buy,0.0573
2004-10-15,JPY,TTD,sell,0.0576
2004-10-15,USD,TTD,buy,6.2658
2004-10-15,USD,TTD,sell,6.2997
2004-10-15,XCD,TTD,buy,2.1721
2004-10-15,XCD,TTD,sell,2.3662
2004-10-18,BBD,TTD,buy,2.8171
2004-10-18,BBD,TTD,sell,3.1903
2004-10-18,CAD,TTD,buy,4.8786
2004-10-18,CAD,TTD,sell,5.0445
2004-10-18,EUR,TTD,buy,7.6595
2004-10-18,EUR,TTD,sell,7.8715
2004-10-18,GBP,TTD,buy,11.0262
2004-10-18,GBP,TTD,sell,11.4744
2004-10-18,GYD,TTD,buy,0.031
2004-10-18,GYD,TTD,sell,0.0321
2004-10-18,JMD,TTD,buy,0.0985
2004-10-18,JMD,TTD,sell,0.1019
2004-10-18,JPY,TTD,buy,0.0574
2004-10-18,JPY,TTD,sell,0.0576
2004-10-18,USD,TTD,buy,6.2697
2004-10-18,USD,TTD,sell,6.2997
2004-10-18,XCD,TTD,buy,2.2689
2004-10-18,XCD,TTD,sell,2.3296
2004-10-19,BBD,TTD,buy,2.8225
2004-10-19,BBD,TTD,sell,3.192
2004-10-19,CAD,TTD,buy,4.8708
2004-10-19,CAD,TTD,sell,5.0197
2004-10-19,EUR,TTD,buy,7.4217
2004-10-19,EUR,TTD,sell,8.0002
2004-10-19,GBP,TTD,buy,10.9854
2004-10-19,GBP,TTD,sell,11.4112
2004-10-19,GYD,TTD,buy,0.0306
2004-10-19,GYD,TTD,sell,0.0321
2004-10-19,JMD,TTD,buy,0.0975
2004-10-19,JMD,TTD,sell,0.1021
2004-10-19,JPY,TTD,buy,0.0571
2004-10-19,JPY,TTD,sell,0.0581
2004-10-19,USD,TTD,buy,6.1948
2004-10-19,USD,TTD,sell,6.2998
2004-10-19,XCD,TTD,buy,2.2276
2004-10-19,XCD,TTD,sell,2.3799
2004-10-20,BBD,TTD,buy,3.0743
2004-10-20,BBD,TTD,sell,3.2007
2004-10-20,CAD,TTD,buy,4.894
2004-10-20,CAD,TTD,sell,5.0972
2004-10-20,CHF,TTD,buy,4.8377
2004-10-20,EUR,TTD,buy,7.7198
2004-10-20,EUR,TTD,sell,8.0382
2004-10-20,GBP,TTD,buy,11.0164
2004-10-20,GBP,TTD,sell,11.477
2004-10-20,GYD,TTD,buy,0.031
2004-10-20,GYD,TTD,sell,0.0321
2004-10-20,JMD,TTD,buy,0.0986
2004-10-20,JMD,TTD,sell,0.1023
2004-10-20,JPY,TTD,buy,0.0578
2004-10-20,JPY,TTD,sell,0.0582
2004-10-20,USD,TTD,buy,6.2569
2004-10-20,USD,TTD,sell,6.2997
2004-10-20,XCD,TTD,buy,2.2295
2004-10-20,XCD,TTD,sell,2.3625
2004-10-21,BBD,TTD,buy,2.8223
2004-10-21,BBD,TTD,sell,3.0999
2004-10-21,CAD,TTD,buy,4.8992
2004-10-21,CAD,TTD,sell,5.1333
2004-10-21,CHF,TTD,sell,5.2581
2004-10-21,EUR,TTD,buy,7.7089
2004-10-21,EUR,TTD,sell,8.0749
2004-10-21,GBP,TTD,buy,11.1468
2004-10-21,GBP,TTD,sell,11.6566
2004-10-21,GYD,TTD,buy,0.0309
2004-10-21,GYD,TTD,sell,0.0323
2004-10-21,JMD,TTD,buy,0.0984
2004-10-21,JMD,TTD,sell,0.1022
2004-10-21,JPY,TTD,buy,0.0582
2004-10-21,JPY,TTD,sell,0.0586
2004-10-21,USD,TTD,buy,6.2471
2004-10-21,USD,TTD,sell,6.2998
2004-10-21,XCD,TTD,buy,2.1858
2004-10-21,XCD,TTD,sell,2.5082
2004-10-22,BBD,TTD,buy,2.8205
2004-10-22,BBD,TTD,sell,3.205
2004-10-22,CAD,TTD,buy,4.8767
2004-10-22,CAD,TTD,sell,5.1625
2004-10-22,CHF,TTD,buy,5.0433
2004-10-22,EUR,TTD,buy,7.7878
2004-10-22,EUR,TTD,sell,8.0347
2004-10-22,GBP,TTD,buy,11.1544
2004-10-22,GBP,TTD,sell,11.6384
2004-10-22,GYD,TTD,buy,0.0309
2004-10-22,GYD,TTD,sell,0.0321
2004-10-22,JMD,TTD,buy,0.099
2004-10-22,JMD,TTD,sell,0.1022
2004-10-22,JPY,TTD,buy,0.0583
2004-10-22,JPY,TTD,sell,0.0587
2004-10-22,USD,TTD,buy,6.2504
2004-10-22,USD,TTD,sell,6.2999
2004-10-22,XCD,TTD,buy,2.2789
2004-10-22,XCD,TTD,sell,2.3684
2004-10-25,BBD,TTD,buy,2.8317
2004-10-25,BBD,TTD,sell,3.2006
2004-10-25,CAD,TTD,buy,4.9866
2004-10-25,CAD,TTD,sell,5.2088
2004-10-25,CHF,TTD,sell,5.3368
2004-10-25,EUR,TTD,buy,7.8475
2004-10-25,EUR,TTD,sell,8.0763
2004-10-25,GBP,TTD,buy,11.2089
2004-10-25,GBP,TTD,sell,11.6855
2004-10-25,GYD,TTD,buy,0.0309
2004-10-25,GYD,TTD,sell,0.0321
2004-10-25,JMD,TTD,buy,0.0986
2004-10-25,JMD,TTD,sell,0.1022
2004-10-25,JPY,TTD,buy,0.0586
2004-10-25,JPY,TTD,sell,0.059
2004-10-25,USD,TTD,buy,6.259
2004-10-25,USD,TTD,sell,6.2998
2004-10-25,XCD,TTD,buy,2.1604
2004-10-25,XCD,TTD,sell,2.3607
2004-10-26,BBD,TTD,buy,2.8173
2004-10-26,BBD,TTD,sell,3.1942
2004-10-26,CAD,TTD,buy,4.9946
2004-10-26,CAD,TTD,sell,5.2169
2004-10-26,CHF,TTD,buy,4.82
2004-10-26,CHF,TTD,sell,5.341
2004-10-26,EUR,TTD,buy,7.8425
2004-10-26,EUR,TTD,sell,8.1682
2004-10-26,GBP,TTD,buy,11.1642
2004-10-26,GBP,TTD,sell,11.7663
2004-10-26,GYD,TTD,buy,0.0308
2004-10-26,GYD,TTD,sell,0.0321
2004-10-26,JMD,TTD,buy,0.0982
2004-10-26,JMD,TTD,sell,0.1022
2004-10-26,JPY,TTD,buy,0.0585
2004-10-26,JPY,TTD,sell,0.0591
2004-10-26,USD,TTD,buy,6.2395
2004-10-26,USD,TTD,sell,6.2998
2004-10-26,XCD,TTD,buy,2.2861
2004-10-26,XCD,TTD,sell,2.346
2004-10-27,BBD,TTD,buy,2.8282
2004-10-27,BBD,TTD,sell,3.2017
2004-10-27,CAD,TTD,buy,5.046
2004-10-27,CAD,TTD,sell,5.2062
2004-10-27,CHF,TTD,buy,4.82
2004-10-27,CHF,TTD,sell,5.3429
2004-10-27,EUR,TTD,buy,7.8117
2004-10-27,EUR,TTD,sell,8.154
2004-10-27,GBP,TTD,buy,11.1856
2004-10-27,GBP,TTD,sell,11.7262
2004-10-27,GYD,TTD,buy,0.0307
2004-10-27,GYD,TTD,sell,0.0321
2004-10-27,JMD,TTD,buy,0.098
2004-10-27,JMD,TTD,sell,0.1022
2004-10-27,JPY,TTD,buy,0.0583
2004-10-27,JPY,TTD,sell,0.0593
2004-10-27,USD,TTD,buy,6.2234
2004-10-27,USD,TTD,sell,6.2997
2004-10-27,XCD,TTD,buy,2.1814
2004-10-27,XCD,TTD,sell,2.3659
2004-10-28,BBD,TTD,buy,2.8392
2004-10-28,BBD,TTD,sell,3.1962
2004-10-28,CAD,TTD,buy,4.9712
2004-10-28,CAD,TTD,sell,5.2259
2004-10-28,CHF,TTD,buy,5.0822
2004-10-28,CHF,TTD,sell,5.3186
2004-10-28,EUR,TTD,buy,7.757
2004-10-28,EUR,TTD,sell,8.0367
2004-10-28,GBP,TTD,buy,11.2541
2004-10-28,GBP,TTD,sell,11.6022
2004-10-28,GYD,TTD,buy,0.0309
2004-10-28,GYD,TTD,sell,0.0321
2004-10-28,JMD,TTD,buy,0.0984
2004-10-28,JMD,TTD,sell,0.1022
2004-10-28,JPY,TTD,buy,0.0588
2004-10-28,JPY,TTD,sell,0.0593
2004-10-28,USD,TTD,buy,6.2455
2004-10-28,USD,TTD,sell,6.2997
2004-10-28,XCD,TTD,buy,2.2076
2004-10-28,XCD,TTD,sell,2.3329
2004-10-29,BBD,TTD,buy,2.8432
2004-10-29,BBD,TTD,sell,3.2023
2004-10-29,CAD,TTD,buy,5.0067
2004-10-29,CAD,TTD,sell,5.1957
2004-10-29,CHF,TTD,buy,5.1576
2004-10-29,EUR,TTD,buy,7.8264
2004-10-29,EUR,TTD,sell,8.1934
2004-10-29,GBP,TTD,buy,11.1761
2004-10-29,GBP,TTD,sell,11.6456
2004-10-29,GYD,TTD,buy,0.0309
2004-10-29,GYD,TTD,sell,0.0321
2004-10-29,JMD,TTD,buy,0.0983
2004-10-29,JMD,TTD,sell,0.1021
2004-10-29,JPY,TTD,buy,0.0579
2004-10-29,JPY,TTD,sell,0.0604
2004-10-29,USD,TTD,buy,6.253
2004-10-29,USD,TTD,sell,6.2998
2004-10-29,XCD,TTD,buy,2.3091
2004-10-29,XCD,TTD,sell,2.3641
2004-11-01,BBD,TTD,buy,2.8266
2004-11-01,BBD,TTD,sell,3.1952
2004-11-01,CAD,TTD,buy,5.0261
2004-11-01,CAD,TTD,sell,5.231
2004-11-01,CHF,TTD,buy,4.8
2004-11-01,CHF,TTD,sell,5.3217
2004-11-01,EUR,TTD,buy,7.5811
2004-11-01,EUR,TTD,sell,8.1366
2004-11-01,GBP,TTD,buy,11.3726
2004-11-01,GBP,TTD,sell,11.6887
2004-11-01,GYD,TTD,buy,0.0308
2004-11-01,GYD,TTD,sell,0.032
2004-11-01,JMD,TTD,buy,0.0981
2004-11-01,JMD,TTD,sell,0.1021
2004-11-01,JPY,TTD,buy,0.0586
2004-11-01,JPY,TTD,sell,0.0592
2004-11-01,USD,TTD,buy,6.2381
2004-11-01,USD,TTD,sell,6.2997
2004-11-01,XCD,TTD,buy,2.2182
2004-11-01,XCD,TTD,sell,2.3291
2004-11-02,BBD,TTD,buy,2.8599
2004-11-02,BBD,TTD,sell,3.1588
2004-11-02,CAD,TTD,buy,4.9924
2004-11-02,CAD,TTD,sell,5.1802
2004-11-02,EUR,TTD,buy,7.697
2004-11-02,EUR,TTD,sell,8.0457
2004-11-02,GBP,TTD,buy,11.3661
2004-11-02,GBP,TTD,sell,11.6931
2004-11-02,GYD,TTD,buy,0.0308
2004-11-02,GYD,TTD,sell,0.032
2004-11-02,JMD,TTD,buy,0.0982
2004-11-02,JMD,TTD,sell,0.1019
2004-11-02,JPY,TTD,buy,0.0587
2004-11-02,JPY,TTD,sell,0.0592
2004-11-02,USD,TTD,buy,6.2419
2004-11-02,USD,TTD,sell,6.2998
2004-11-02,XCD,TTD,buy,2.3157
2004-11-02,XCD,TTD,sell,2.3576
2004-11-03,BBD,TTD,buy,3.0054
2004-11-03,BBD,TTD,sell,3.2049
2004-11-03,CAD,TTD,buy,5.0144
2004-11-03,CAD,TTD,sell,5.2176
2004-11-03,EUR,TTD,buy,7.7683
2004-11-03,EUR,TTD,sell,8.0973
2004-11-03,GBP,TTD,buy,10.9332
2004-11-03,GBP,TTD,sell,11.6895
2004-11-03,GYD,TTD,buy,0.0307
2004-11-03,GYD,TTD,sell,0.032
2004-11-03,JMD,TTD,buy,0.0978
2004-11-03,JMD,TTD,sell,0.1021
2004-11-03,JPY,TTD,buy,0.0585
2004-11-03,JPY,TTD,sell,0.0593
2004-11-03,USD,TTD,buy,6.2114
2004-11-03,USD,TTD,sell,6.2987
2004-11-03,XCD,TTD,buy,2.2303
2004-11-03,XCD,TTD,sell,2.4665
2004-11-04,BBD,TTD,buy,2.8366
2004-11-04,BBD,TTD,sell,3.1939
2004-11-04,CAD,TTD,buy,5.0822
2004-11-04,CAD,TTD,sell,5.2807
2004-11-04,CHF,TTD,buy,5.1322
2004-11-04,CHF,TTD,sell,5.4045
2004-11-04,EUR,TTD,buy,7.8528
2004-11-04,EUR,TTD,sell,8.1474
2004-11-04,GBP,TTD,buy,11.2873
2004-11-04,GBP,TTD,sell,11.8243
2004-11-04,GYD,TTD,buy,0.0308
2004-11-04,GYD,TTD,sell,0.032
2004-11-04,JMD,TTD,buy,0.0983
2004-11-04,JMD,TTD,sell,0.1021
2004-11-04,JPY,TTD,buy,0.0588
2004-11-04,JPY,TTD,sell,0.0593
2004-11-04,USD,TTD,buy,6.2432
2004-11-04,USD,TTD,sell,6.2997
2004-11-04,XCD,TTD,buy,2.2899
2004-11-04,XCD,TTD,sell,2.4865
2004-11-05,BBD,TTD,buy,2.8145
2004-11-05,BBD,TTD,sell,3.2007
2004-11-05,CAD,TTD,buy,5.1005
2004-11-05,CAD,TTD,sell,5.318
2004-11-05,CHF,TTD,sell,5.3816
2004-11-05,EUR,TTD,buy,7.9063
2004-11-05,EUR,TTD,sell,8.2114
2004-11-05,GBP,TTD,buy,11.3159
2004-11-05,GBP,TTD,sell,11.7558
2004-11-05,GYD,TTD,buy,0.0309
2004-11-05,GYD,TTD,sell,0.032
2004-11-05,JMD,TTD,buy,0.0984
2004-11-05,JMD,TTD,sell,0.1021
2004-11-05,JPY,TTD,buy,0.0591
2004-11-05,JPY,TTD,sell,0.0596
2004-11-05,USD,TTD,buy,6.2521
2004-11-05,USD,TTD,sell,6.2998
2004-11-05,XCD,TTD,buy,2.3037
2004-11-05,XCD,TTD,sell,2.3773
2004-11-08,BBD,TTD,buy,2.8272
2004-11-08,BBD,TTD,sell,3.2016
2004-11-08,CAD,TTD,buy,5.1168
2004-11-08,CAD,TTD,sell,5.313
2004-11-08,CHF,TTD,buy,5.2127
2004-11-08,EUR,TTD,buy,7.9499
2004-11-08,EUR,TTD,sell,8.1519
2004-11-08,GBP,TTD,buy,11.343
2004-11-08,GBP,TTD,sell,11.7226
2004-11-08,GYD,TTD,buy,0.0308
2004-11-08,GYD,TTD,sell,0.032
2004-11-08,JMD,TTD,buy,0.0985
2004-11-08,JMD,TTD,sell,0.1021
2004-11-08,JPY,TTD,buy,0.0593
2004-11-08,JPY,TTD,sell,0.0597
2004-11-08,USD,TTD,buy,6.2568
2004-11-08,USD,TTD,sell,6.2999
2004-11-08,XCD,TTD,buy,2.3036
2004-11-08,XCD,TTD,sell,2.3617
2004-11-09,BBD,TTD,buy,2.8223
2004-11-09,BBD,TTD,sell,3.198
2004-11-09,CAD,TTD,buy,5.1388
2004-11-09,CAD,TTD,sell,5.3503
2004-11-09,CHF,TTD,sell,5.4166
2004-11-09,EUR,TTD,buy,7.8193
2004-11-09,EUR,TTD,sell,8.2078
2004-11-09,GBP,TTD,buy,11.3272
2004-11-09,GBP,TTD,sell,11.8467
2004-11-09,GYD,TTD,buy,0.0307
2004-11-09,GYD,TTD,sell,0.032
2004-11-09,JMD,TTD,buy,0.098
2004-11-09,JMD,TTD,sell,0.102
2004-11-09,JPY,TTD,buy,0.059
2004-11-09,JPY,TTD,sell,0.0596
2004-11-09,USD,TTD,buy,6.2369
2004-11-09,USD,TTD,sell,6.2999
2004-11-09,XCD,TTD,buy,2.2251
2004-11-09,XCD,TTD,sell,2.3643
2004-11-10,BBD,TTD,buy,2.816
2004-11-10,BBD,TTD,sell,3.2041
2004-11-10,CAD,TTD,buy,5.1204
2004-11-10,CAD,TTD,sell,5.2741
2004-11-10,CHF,TTD,buy,4.92
2004-11-10,EUR,TTD,buy,7.9312
2004-11-10,EUR,TTD,sell,8.2775
2004-11-10,GBP,TTD,buy,11.3669
2004-11-10,GBP,TTD,sell,11.846
2004-11-10,GYD,TTD,buy,0.0307
2004-11-10,GYD,TTD,sell,0.032
2004-11-10,JMD,TTD,buy,0.0979
2004-11-10,JMD,TTD,sell,0.102
2004-11-10,JPY,TTD,buy,0.058
2004-11-10,JPY,TTD,sell,0.0587
2004-11-10,USD,TTD,buy,6.2245
2004-11-10,USD,TTD,sell,6.2998
2004-11-10,XCD,TTD,buy,2.2723
2004-11-10,XCD,TTD,sell,2.3344
2004-11-12,BBD,TTD,buy,2.8548
2004-11-12,BBD,TTD,sell,3.2043
2004-11-12,CAD,TTD,buy,5.1255
2004-11-12,CAD,TTD,sell,5.3234
2004-11-12,CHF,TTD,buy,5.2866
2004-11-12,CHF,TTD,sell,5.4291
2004-11-12,EUR,TTD,buy,7.9247
2004-11-12,EUR,TTD,sell,8.2042
2004-11-12,GBP,TTD,buy,11.4231
2004-11-12,GBP,TTD,sell,11.7867
2004-11-12,GYD,TTD,buy,0.0307
2004-11-12,GYD,TTD,sell,0.032
2004-11-12,JMD,TTD,buy,0.0981
2004-11-12,JMD,TTD,sell,0.1021
2004-11-12,JPY,TTD,buy,0.0591
2004-11-12,JPY,TTD,sell,0.0597
2004-11-12,USD,TTD,buy,6.2562
2004-11-12,USD,TTD,sell,6.2999
2004-11-12,XCD,TTD,buy,2.2231
2004-11-12,XCD,TTD,sell,2.3571
2004-11-16,BBD,TTD,buy,2.8244
2004-11-16,BBD,TTD,sell,3.2036
2004-11-16,CAD,TTD,buy,5.1243
2004-11-16,CAD,TTD,sell,5.3442
2004-11-16,CHF,TTD,buy,5.2253
2004-11-16,EUR,TTD,buy,7.9666
2004-11-16,EUR,TTD,sell,8.2369
2004-11-16,GBP,TTD,buy,11.3591
2004-11-16,GBP,TTD,sell,11.8164
2004-11-16,GYD,TTD,buy,0.0307
2004-11-16,GYD,TTD,sell,0.0319
2004-11-16,JMD,TTD,buy,0.098
2004-11-16,JMD,TTD,sell,0.1019
2004-11-16,JPY,TTD,buy,0.0592
2004-11-16,JPY,TTD,sell,0.0598
2004-11-16,USD,TTD,buy,6.2381
2004-11-16,USD,TTD,sell,6.2999
2004-11-16,XCD,TTD,buy,2.2962
2004-11-16,XCD,TTD,sell,2.3304
2004-11-17,BBD,TTD,buy,2.8622
2004-11-17,BBD,TTD,sell,3.1383
2004-11-17,CAD,TTD,buy,5.1443
2004-11-17,CAD,TTD,sell,5.3731
2004-11-17,EUR,TTD,buy,8.0004
2004-11-17,EUR,TTD,sell,8.2825
2004-11-17,GBP,TTD,buy,11.4069
2004-11-17,GBP,TTD,sell,11.8163
2004-11-17,GYD,TTD,buy,0.0306
2004-11-17,GYD,TTD,sell,0.0319
2004-11-17,JMD,TTD,buy,0.0979
2004-11-17,JMD,TTD,sell,0.1019
2004-11-17,JPY,TTD,buy,0.0599
2004-11-17,JPY,TTD,sell,0.0607
2004-11-17,USD,TTD,buy,6.2167
2004-11-17,USD,TTD,sell,6.2999
2004-11-17,XCD,TTD,buy,2.2979
2004-11-17,XCD,TTD,sell,2.3565
2004-11-18,BBD,TTD,buy,2.8194
2004-11-18,BBD,TTD,sell,3.2022
2004-11-18,CAD,TTD,buy,5.1524
2004-11-18,CAD,TTD,sell,5.3187
2004-11-18,CHF,TTD,buy,5.3487
2004-11-18,EUR,TTD,buy,8.0743
2004-11-18,EUR,TTD,sell,8.2382
2004-11-18,GBP,TTD,buy,11.2668
2004-11-18,GBP,TTD,sell,11.847
2004-11-18,GYD,TTD,buy,0.0308
2004-11-18,GYD,TTD,sell,0.0319
2004-11-18,JMD,TTD,buy,0.0983
2004-11-18,JMD,TTD,sell,0.1019
2004-11-18,JPY,TTD,buy,0.0601
2004-11-18,JPY,TTD,sell,0.0605
2004-11-18,USD,TTD,buy,6.2597
2004-11-18,USD,TTD,sell,6.2999
2004-11-18,XCD,TTD,buy,2.1895
2004-11-18,XCD,TTD,sell,2.3604
2004-11-19,BBD,TTD,buy,2.8355
2004-11-19,BBD,TTD,sell,2.979
2004-11-19,CAD,TTD,buy,5.1632
2004-11-19,CAD,TTD,sell,5.2834
2004-11-19,EUR,TTD,buy,7.8239
2004-11-19,EUR,TTD,sell,8.2706
2004-11-19,GBP,TTD,buy,11.2176
2004-11-19,GBP,TTD,sell,11.8044
2004-11-19,GYD,TTD,buy,0.0308
2004-11-19,GYD,TTD,sell,0.0319
2004-11-19,JMD,TTD,buy,0.0983
2004-11-19,JMD,TTD,sell,0.1018
2004-11-19,JPY,TTD,buy,0.0608
2004-11-19,JPY,TTD,sell,0.0611
2004-11-19,USD,TTD,buy,6.2562
2004-11-19,USD,TTD,sell,6.2999
2004-11-19,XCD,TTD,buy,2.3058
2004-11-19,XCD,TTD,sell,2.3568
2004-11-22,BBD,TTD,buy,2.8163
2004-11-22,BBD,TTD,sell,3.1668
2004-11-22,CAD,TTD,buy,5.1139
2004-11-22,CAD,TTD,sell,5.3666
2004-11-22,CHF,TTD,buy,5.2828
2004-11-22,EUR,TTD,buy,8.018
2004-11-22,EUR,TTD,sell,8.2874
2004-11-22,GBP,TTD,buy,11.31
2004-11-22,GBP,TTD,sell,11.8217
2004-11-22,GYD,TTD,buy,0.0306
2004-11-22,GYD,TTD,sell,0.0319
2004-11-22,JMD,TTD,buy,0.0978
2004-11-22,JMD,TTD,sell,0.1018
2004-11-22,JPY,TTD,buy,0.0603
2004-11-22,JPY,TTD,sell,0.061
2004-11-22,USD,TTD,buy,6.23
2004-11-22,USD,TTD,sell,6.2999
2004-11-22,XCD,TTD,buy,2.238
2004-11-22,XCD,TTD,sell,2.3772
2004-11-23,BBD,TTD,buy,2.8468
2004-11-23,BBD,TTD,sell,3.1831
2004-11-23,CAD,TTD,buy,5.1494
2004-11-23,CAD,TTD,sell,5.3973
2004-11-23,EUR,TTD,buy,8.0071
2004-11-23,EUR,TTD,sell,8.2958
2004-11-23,GBP,TTD,buy,11.457
2004-11-23,GBP,TTD,sell,11.8788
2004-11-23,GYD,TTD,buy,0.0307
2004-11-23,GYD,TTD,sell,0.0319
2004-11-23,JMD,TTD,buy,0.0981
2004-11-23,JMD,TTD,sell,0.1019
2004-11-23,JPY,TTD,buy,0.0605
2004-11-23,JPY,TTD,sell,0.0609
2004-11-23,USD,TTD,buy,6.2514
2004-11-23,USD,TTD,sell,6.2999
2004-11-23,XCD,TTD,buy,2.2362
2004-11-23,XCD,TTD,sell,2.329
2004-11-24,BBD,TTD,buy,2.8293
2004-11-24,BBD,TTD,sell,3.2001
2004-11-24,CAD,TTD,buy,5.2055
2004-11-24,CAD,TTD,sell,5.4319
2004-11-24,CHF,TTD,buy,5.4028
2004-11-24,CHF,TTD,sell,5.5583
2004-11-24,EUR,TTD,buy,8.046
2004-11-24,EUR,TTD,sell,8.3697
2004-11-24,GBP,TTD,buy,11.4445
2004-11-24,GBP,TTD,sell,11.99
2004-11-24,GYD,TTD,buy,0.0307
2004-11-24,GYD,TTD,sell,0.0319
2004-11-24,JMD,TTD,buy,0.0982
2004-11-24,JMD,TTD,sell,0.1019
2004-11-24,JPY,TTD,buy,0.0608
2004-11-24,JPY,TTD,sell,0.0613
2004-11-24,USD,TTD,buy,6.2527
2004-11-24,USD,TTD,sell,6.2999
2004-11-24,XCD,TTD,buy,2.2699
2004-11-24,XCD,TTD,sell,2.3707
2004-11-25,BBD,TTD,buy,2.8266
2004-11-25,BBD,TTD,sell,3.2011
2004-11-25,CAD,TTD,buy,5.2188
2004-11-25,CAD,TTD,sell,5.4305
2004-11-25,EUR,TTD,buy,8.0114
2004-11-25,EUR,TTD,sell,8.2425
2004-11-25,GBP,TTD,buy,11.1815
2004-11-25,GBP,TTD,sell,11.9442
2004-11-25,GYD,TTD,buy,0.0308
2004-11-25,GYD,TTD,sell,0.0319
2004-11-25,JMD,TTD,buy,0.0983
2004-11-25,JMD,TTD,sell,0.1019
2004-11-25,JPY,TTD,buy,0.0611
2004-11-25,JPY,TTD,sell,0.0614
2004-11-25,USD,TTD,buy,6.2639
2004-11-25,USD,TTD,sell,6.2999
2004-11-25,XCD,TTD,buy,2.2964
2004-11-25,XCD,TTD,sell,2.3451
2004-11-26,BBD,TTD,buy,2.8284
2004-11-26,BBD,TTD,sell,3.1999
2004-11-26,CAD,TTD,buy,5.2168
2004-11-26,CAD,TTD,sell,5.4156
2004-11-26,CHF,TTD,sell,5.6105
2004-11-26,EUR,TTD,buy,8.0171
2004-11-26,EUR,TTD,sell,8.3837
2004-11-26,GBP,TTD,buy,11.5947
2004-11-26,GBP,TTD,sell,12.0772
2004-11-26,GYD,TTD,buy,0.0307
2004-11-26,GYD,TTD,sell,0.0319
2004-11-26,JMD,TTD,buy,0.0981
2004-11-26,JMD,TTD,sell,0.1018
2004-11-26,JPY,TTD,buy,0.0597
2004-11-26,JPY,TTD,sell,0.0619
2004-11-26,USD,TTD,buy,6.2529
2004-11-26,USD,TTD,sell,6.2999
2004-11-26,XCD,TTD,buy,2.2791
2004-11-26,XCD,TTD,sell,2.3127
2004-11-29,BBD,TTD,buy,2.823
2004-11-29,BBD,TTD,sell,3.1977
2004-11-29,CAD,TTD,buy,5.1869
2004-11-29,CAD,TTD,sell,5.4255
2004-11-29,EUR,TTD,buy,8.1337
2004-11-29,EUR,TTD,sell,8.4165
2004-11-29,GBP,TTD,buy,11.5757
2004-11-29,GBP,TTD,sell,12.1325
2004-11-29,GYD,TTD,buy,0.0307
2004-11-29,GYD,TTD,sell,0.0319
2004-11-29,JMD,TTD,buy,0.0979
2004-11-29,JMD,TTD,sell,0.1019
2004-11-29,JPY,TTD,buy,0.0597
2004-11-29,JPY,TTD,sell,0.0621
2004-11-29,USD,TTD,buy,6.235
2004-11-29,USD,TTD,sell,6.2999
2004-11-29,XCD,TTD,buy,2.2385
2004-11-29,XCD,TTD,sell,2.3409
2004-11-30,BBD,TTD,buy,2.842
2004-11-30,BBD,TTD,sell,3.2061
2004-11-30,CAD,TTD,buy,5.196
2004-11-30,CAD,TTD,sell,5.3837
2004-11-30,CHF,TTD,buy,5.4798
2004-11-30,CHF,TTD,sell,5.6406
2004-11-30,EUR,TTD,buy,8.0815
2004-11-30,EUR,TTD,sell,8.4386
2004-11-30,GBP,TTD,buy,11.6361
2004-11-30,GBP,TTD,sell,12.109
2004-11-30,GYD,TTD,buy,0.0308
2004-11-30,GYD,TTD,sell,0.0319
2004-11-30,JMD,TTD,buy,0.0982
2004-11-30,JMD,TTD,sell,0.1019
2004-11-30,JPY,TTD,buy,0.0608
2004-11-30,JPY,TTD,sell,0.0612
2004-11-30,USD,TTD,buy,6.2583
2004-11-30,USD,TTD,sell,6.2999
2004-11-30,XCD,TTD,buy,2.2149
2004-11-30,XCD,TTD,sell,2.3626
2004-12-01,BBD,TTD,buy,2.8206
2004-12-01,BBD,TTD,sell,3.1989
2004-12-01,CAD,TTD,buy,5.1708
2004-12-01,CAD,TTD,sell,5.3676
2004-12-01,CHF,TTD,buy,5.3934
2004-12-01,EUR,TTD,buy,8.1455
2004-12-01,EUR,TTD,sell,8.4988
2004-12-01,GBP,TTD,buy,11.469
2004-12-01,GBP,TTD,sell,12.1767
2004-12-01,GYD,TTD,buy,0.0309
2004-12-01,GYD,TTD,sell,0.0319
2004-12-01,JMD,TTD,buy,0.0986
2004-12-01,JMD,TTD,sell,0.1019
2004-12-01,JPY,TTD,buy,0.0597
2004-12-01,JPY,TTD,sell,0.0621
2004-12-01,USD,TTD,buy,6.2812
2004-12-01,USD,TTD,sell,6.2999
2004-12-01,XCD,TTD,buy,2.2285
2004-12-01,XCD,TTD,sell,2.3589
2004-12-02,BBD,TTD,buy,2.8273
2004-12-02,BBD,TTD,sell,3.2007
2004-12-02,CAD,TTD,buy,5.1713
2004-12-02,CAD,TTD,sell,5.3655
2004-12-02,EUR,TTD,buy,8.1695
2004-12-02,EUR,TTD,sell,8.6204
2004-12-02,GBP,TTD,buy,11.8558
2004-12-02,GBP,TTD,sell,12.2325
2004-12-02,GYD,TTD,buy,0.0308
2004-12-02,GYD,TTD,sell,0.0319
2004-12-02,JMD,TTD,buy,0.0985
2004-12-02,JMD,TTD,sell,0.1019
2004-12-02,JPY,TTD,buy,0.0606
2004-12-02,JPY,TTD,sell,0.0613
2004-12-02,USD,TTD,buy,6.2686
2004-12-02,USD,TTD,sell,6.2999
2004-12-02,XCD,TTD,buy,2.3048
2004-12-02,XCD,TTD,sell,2.3335
2004-12-03,BBD,TTD,buy,2.8366
2004-12-03,BBD,TTD,sell,3.2427
2004-12-03,CAD,TTD,buy,5.1993
2004-12-03,CAD,TTD,sell,5.3395
2004-12-03,EUR,TTD,buy,8.1596
2004-12-03,EUR,TTD,sell,8.454
2004-12-03,GBP,TTD,buy,11.7404
2004-12-03,GBP,TTD,sell,12.3273
2004-12-03,GYD,TTD,buy,0.0307
2004-12-03,GYD,TTD,sell,0.0319
2004-12-03,JMD,TTD,buy,0.098
2004-12-03,JMD,TTD,sell,0.1018
2004-12-03,JPY,TTD,buy,0.0613
2004-12-03,JPY,TTD,sell,0.062
2004-12-03,USD,TTD,buy,6.2418
2004-12-03,USD,TTD,sell,6.2995
2004-12-03,XCD,TTD,buy,2.2177
2004-12-03,XCD,TTD,sell,2.3579
2004-12-06,BBD,TTD,buy,2.8202
2004-12-06,BBD,TTD,sell,3.1909
2004-12-06,CAD,TTD,buy,5.142
2004-12-06,CAD,TTD,sell,5.3378
2004-12-06,CHF,TTD,sell,5.4896
2004-12-06,EUR,TTD,buy,8.3552
2004-12-06,EUR,TTD,sell,8.5101
2004-12-06,GBP,TTD,buy,11.8278
2004-12-06,GBP,TTD,sell,12.2941
2004-12-06,GYD,TTD,buy,0.0309
2004-12-06,GYD,TTD,sell,0.0319
2004-12-06,JMD,TTD,buy,0.0985
2004-12-06,JMD,TTD,sell,0.1018
2004-12-06,JPY,TTD,buy,0.0611
2004-12-06,JPY,TTD,sell,0.0613
2004-12-06,USD,TTD,buy,6.2794
2004-12-06,USD,TTD,sell,6.2999
2004-12-06,XCD,TTD,buy,2.2755
2004-12-06,XCD,TTD,sell,2.3697
2004-12-07,BBD,TTD,buy,2.8352
2004-12-07,BBD,TTD,sell,3.2002
2004-12-07,CAD,TTD,buy,5.1272
2004-12-07,CAD,TTD,sell,5.3113
2004-12-07,CHF,TTD,buy,5.4023
2004-12-07,EUR,TTD,buy,8.2776
2004-12-07,EUR,TTD,sell,8.5402
2004-12-07,GBP,TTD,buy,11.9249
2004-12-07,GBP,TTD,sell,12.3973
2004-12-07,GYD,TTD,buy,0.0306
2004-12-07,GYD,TTD,sell,0.0319
2004-12-07,JMD,TTD,buy,0.0975
2004-12-07,JMD,TTD,sell,0.1018
2004-12-07,JPY,TTD,buy,0.0605
2004-12-07,JPY,TTD,sell,0.0613
2004-12-07,USD,TTD,buy,6.2164
2004-12-07,USD,TTD,sell,6.2999
2004-12-07,XCD,TTD,buy,2.2927
2004-12-07,XCD,TTD,sell,2.3461
2004-12-08,BBD,TTD,buy,2.8284
2004-12-08,BBD,TTD,sell,3.1777
2004-12-08,CAD,TTD,buy,5.0507
2004-12-08,CAD,TTD,sell,5.2031
2004-12-08,CHF,TTD,buy,5.4075
2004-12-08,CHF,TTD,sell,5.557
2004-12-08,EUR,TTD,buy,7.9874
2004-12-08,EUR,TTD,sell,8.5294
2004-12-08,GBP,TTD,buy,11.85
2004-12-08,GBP,TTD,sell,12.3186
2004-12-08,GYD,TTD,buy,0.0307
2004-12-08,GYD,TTD,sell,0.0319
2004-12-08,JMD,TTD,buy,0.0981
2004-12-08,JMD,TTD,sell,0.1019
2004-12-08,JPY,TTD,buy,0.0598
2004-12-08,JPY,TTD,sell,0.0603
2004-12-08,USD,TTD,buy,6.2454
2004-12-08,USD,TTD,sell,6.2998
2004-12-08,XCD,TTD,buy,2.1758
2004-12-08,XCD,TTD,sell,2.3627
2004-12-09,BBD,TTD,buy,3.0897
2004-12-09,BBD,TTD,sell,3.1088
2004-12-09,CAD,TTD,buy,5.0128
2004-12-09,CAD,TTD,sell,5.1973
2004-12-09,CHF,TTD,buy,5.3087
2004-12-09,CHF,TTD,sell,5.4224
2004-12-09,EUR,TTD,buy,8.1306
2004-12-09,EUR,TTD,sell,8.4083
2004-12-09,GBP,TTD,buy,11.7331
2004-12-09,GBP,TTD,sell,12.2345
2004-12-09,GYD,TTD,buy,0.0306
2004-12-09,GYD,TTD,sell,0.0319
2004-12-09,JMD,TTD,buy,0.0979
2004-12-09,JMD,TTD,sell,0.1019
2004-12-09,JPY,TTD,buy,0.0597
2004-12-09,JPY,TTD,sell,0.0603
2004-12-09,USD,TTD,buy,6.2334
2004-12-09,USD,TTD,sell,6.2999
2004-12-09,XCD,TTD,buy,2.2262
2004-12-09,XCD,TTD,sell,2.3489
2004-12-10,BBD,TTD,buy,2.8361
2004-12-10,BBD,TTD,sell,3.192
2004-12-10,CAD,TTD,buy,5.0218
2004-12-10,CAD,TTD,sell,5.2002
2004-12-10,CHF,TTD,buy,5.3386
2004-12-10,EUR,TTD,buy,7.8961
2004-12-10,EUR,TTD,sell,8.4392
2004-12-10,GBP,TTD,buy,11.6124
2004-12-10,GBP,TTD,sell,12.2306
2004-12-10,GYD,TTD,buy,0.0308
2004-12-10,GYD,TTD,sell,0.0319
2004-12-10,JMD,TTD,buy,0.0982
2004-12-10,JMD,TTD,sell,0.1018
2004-12-10,JPY,TTD,buy,0.0595
2004-12-10,JPY,TTD,sell,0.0599
2004-12-10,USD,TTD,buy,6.2581
2004-12-10,USD,TTD,sell,6.2997
2004-12-10,XCD,TTD,buy,2.2861
2004-12-10,XCD,TTD,sell,2.3785
2004-12-13,BBD,TTD,buy,2.8188
2004-12-13,BBD,TTD,sell,3.1998
2004-12-13,CAD,TTD,buy,4.9876
2004-12-13,CAD,TTD,sell,5.195
2004-12-13,CHF,TTD,buy,5.3201
2004-12-13,CHF,TTD,sell,5.4025
2004-12-13,EUR,TTD,buy,8.1289
2004-12-13,EUR,TTD,sell,8.3967
2004-12-13,GBP,TTD,buy,11.6897
2004-12-13,GBP,TTD,sell,12.1772
2004-12-13,GYD,TTD,buy,0.0308
2004-12-13,GYD,TTD,sell,0.0319
2004-12-13,JMD,TTD,buy,0.0982
2004-12-13,JMD,TTD,sell,0.1018
2004-12-13,JPY,TTD,buy,0.0598
2004-12-13,JPY,TTD,sell,0.0601
2004-12-13,USD,TTD,buy,6.2594
2004-12-13,USD,TTD,sell,6.2999
2004-12-13,XCD,TTD,buy,2.2647
2004-12-13,XCD,TTD,sell,2.3552
2004-12-14,BBD,TTD,buy,2.823
2004-12-14,BBD,TTD,sell,3.2021
2004-12-14,CAD,TTD,buy,5.0477
2004-12-14,CAD,TTD,sell,5.2173
2004-12-14,CHF,TTD,buy,5.301
2004-12-14,CHF,TTD,sell,5.4456
2004-12-14,EUR,TTD,buy,8.0581
2004-12-14,EUR,TTD,sell,8.5161
2004-12-14,GBP,TTD,buy,11.8275
2004-12-14,GBP,TTD,sell,12.2189
2004-12-14,GYD,TTD,buy,0.0307
2004-12-14,GYD,TTD,sell,0.0319
2004-12-14,JMD,TTD,buy,0.0981
2004-12-14,JMD,TTD,sell,0.1018
2004-12-14,JPY,TTD,buy,0.0597
2004-12-14,JPY,TTD,sell,0.0602
2004-12-14,USD,TTD,buy,6.2516
2004-12-14,USD,TTD,sell,6.2999
2004-12-14,XCD,TTD,buy,2.2295
2004-12-14,XCD,TTD,sell,2.368
2004-12-15,BBD,TTD,buy,2.8228
2004-12-15,BBD,TTD,sell,3.2004
2004-12-15,CAD,TTD,buy,4.9598
2004-12-15,CAD,TTD,sell,5.197
2004-12-15,CHF,TTD,sell,5.5944
2004-12-15,EUR,TTD,buy,8.2455
2004-12-15,EUR,TTD,sell,8.6713
2004-12-15,GBP,TTD,buy,11.8299
2004-12-15,GBP,TTD,sell,12.3842
2004-12-15,GYD,TTD,buy,0.0308
2004-12-15,GYD,TTD,sell,0.0319
2004-12-15,JMD,TTD,buy,0.0983
2004-12-15,JMD,TTD,sell,0.1018
2004-12-15,JPY,TTD,buy,0.0598
2004-12-15,JPY,TTD,sell,0.0602
2004-12-15,USD,TTD,buy,6.264
2004-12-15,USD,TTD,sell,6.2999
2004-12-15,XCD,TTD,buy,2.2515
2004-12-15,XCD,TTD,sell,2.3634
2004-12-16,BBD,TTD,buy,2.8417
2004-12-16,BBD,TTD,sell,3.1927
2004-12-16,CAD,TTD,buy,5.0012
2004-12-16,CAD,TTD,sell,5.1981
2004-12-16,CHF,TTD,buy,5.3566
2004-12-16,EUR,TTD,buy,8.1321
2004-12-16,EUR,TTD,sell,8.4025
2004-12-16,GBP,TTD,buy,11.7369
2004-12-16,GBP,TTD,sell,12.394
2004-12-16,GYD,TTD,buy,0.0308
2004-12-16,GYD,TTD,sell,0.0319
2004-12-16,JMD,TTD,buy,0.0984
2004-12-16,JMD,TTD,sell,0.1019
2004-12-16,JPY,TTD,buy,0.06
2004-12-16,JPY,TTD,sell,0.0603
2004-12-16,USD,TTD,buy,6.2663
2004-12-16,USD,TTD,sell,6.2999
2004-12-16,XCD,TTD,buy,2.2887
2004-12-16,XCD,TTD,sell,2.3831
2004-12-17,BBD,TTD,buy,2.8178
2004-12-17,BBD,TTD,sell,3.1329
2004-12-17,CAD,TTD,buy,4.9854
2004-12-17,CAD,TTD,sell,5.1913
2004-12-17,CHF,TTD,buy,5.3122
2004-12-17,EUR,TTD,buy,8.1296
2004-12-17,EUR,TTD,sell,8.414
2004-12-17,GBP,TTD,buy,11.8011
2004-12-17,GBP,TTD,sell,12.2943
2004-12-17,GYD,TTD,buy,0.0308
2004-12-17,GYD,TTD,sell,0.0319
2004-12-17,JMD,TTD,buy,0.0983
2004-12-17,JMD,TTD,sell,0.1019
2004-12-17,JPY,TTD,buy,0.0599
2004-12-17,JPY,TTD,sell,0.0603
2004-12-17,USD,TTD,buy,6.2626
2004-12-17,USD,TTD,sell,6.2998
2004-12-17,XCD,TTD,buy,2.1893
2004-12-17,XCD,TTD,sell,2.3782
2004-12-20,BBD,TTD,buy,2.825
2004-12-20,BBD,TTD,sell,3.181
2004-12-20,CAD,TTD,buy,4.9978
2004-12-20,CAD,TTD,sell,5.1799
2004-12-20,EUR,TTD,buy,7.9253
2004-12-20,EUR,TTD,sell,8.5696
2004-12-20,GBP,TTD,buy,11.8166
2004-12-20,GBP,TTD,sell,12.3498
2004-12-20,GYD,TTD,buy,0.0307
2004-12-20,GYD,TTD,sell,0.0319
2004-12-20,JMD,TTD,buy,0.0982
2004-12-20,JMD,TTD,sell,0.102
2004-12-20,JPY,TTD,buy,0.0601
2004-12-20,JPY,TTD,sell,0.0605
2004-12-20,USD,TTD,buy,6.2513
2004-12-20,USD,TTD,sell,6.2999
2004-12-20,XCD,TTD,buy,2.3146
2004-12-20,XCD,TTD,sell,2.3727
2004-12-21,BBD,TTD,buy,2.9247
2004-12-21,BBD,TTD,sell,3.197
2004-12-21,CAD,TTD,buy,5.0096
2004-12-21,CAD,TTD,sell,5.114
2004-12-21,CHF,TTD,buy,5.4129
2004-12-21,CHF,TTD,sell,5.5724
2004-12-21,EUR,TTD,buy,8.2164
2004-12-21,EUR,TTD,sell,8.5445
2004-12-21,GBP,TTD,buy,11.849
2004-12-21,GBP,TTD,sell,12.397
2004-12-21,GYD,TTD,buy,0.0306
2004-12-21,GYD,TTD,sell,0.0319
2004-12-21,JMD,TTD,buy,0.098
2004-12-21,JMD,TTD,sell,0.1021
2004-12-21,JPY,TTD,buy,0.0597
2004-12-21,JPY,TTD,sell,0.0604
2004-12-21,USD,TTD,buy,6.2289
2004-12-21,USD,TTD,sell,6.2998
2004-12-21,XCD,TTD,buy,2.2109
2004-12-21,XCD,TTD,sell,2.3706
2004-12-22,BBD,TTD,buy,2.8692
2004-12-22,BBD,TTD,sell,3.2035
2004-12-22,CAD,TTD,buy,5.0193
2004-12-22,CAD,TTD,sell,5.1928
2004-12-22,CHF,TTD,buy,5
2004-12-22,CHF,TTD,sell,5.4961
2004-12-22,EUR,TTD,buy,7.8871
2004-12-22,EUR,TTD,sell,8.4893
2004-12-22,GBP,TTD,buy,11.6968
2004-12-22,GBP,TTD,sell,12.2519
2004-12-22,GYD,TTD,buy,0.0308
2004-12-22,GYD,TTD,sell,0.0319
2004-12-22,JMD,TTD,buy,0.0988
2004-12-22,JMD,TTD,sell,0.1023
2004-12-22,JPY,TTD,buy,0.0603
2004-12-22,JPY,TTD,sell,0.0605
2004-12-22,USD,TTD,buy,6.2716
2004-12-22,USD,TTD,sell,6.2999
2004-12-22,XCD,TTD,buy,2.3083
2004-12-22,XCD,TTD,sell,2.3562
2004-12-23,BBD,TTD,buy,2.8263
2004-12-23,BBD,TTD,sell,3.1395
2004-12-23,CAD,TTD,buy,4.9371
2004-12-23,CAD,TTD,sell,5.1866
2004-12-23,CHF,TTD,buy,5.03
2004-12-23,CHF,TTD,sell,5.5224
2004-12-23,EUR,TTD,buy,8.1877
2004-12-23,EUR,TTD,sell,8.431
2004-12-23,GBP,TTD,buy,11.7199
2004-12-23,GBP,TTD,sell,12.1983
2004-12-23,GYD,TTD,buy,0.0307
2004-12-23,GYD,TTD,sell,0.0319
2004-12-23,JMD,TTD,buy,0.0984
2004-12-23,JMD,TTD,sell,0.1022
2004-12-23,JPY,TTD,buy,0.0602
2004-12-23,JPY,TTD,sell,0.0607
2004-12-23,USD,TTD,buy,6.2481
2004-12-23,USD,TTD,sell,6.2999
2004-12-23,XCD,TTD,buy,2.2813
2004-12-23,XCD,TTD,sell,2.5858
2004-12-24,BBD,TTD,buy,2.8208
2004-12-24,BBD,TTD,sell,3.199
2004-12-24,CAD,TTD,buy,4.9438
2004-12-24,CAD,TTD,sell,5.1591
2004-12-24,EUR,TTD,buy,8.2908
2004-12-24,EUR,TTD,sell,8.534
2004-12-24,GBP,TTD,buy,11.419
2004-12-24,GBP,TTD,sell,12.2593
2004-12-24,GYD,TTD,buy,0.0306
2004-12-24,GYD,TTD,sell,0.0319
2004-12-24,JMD,TTD,buy,0.098
2004-12-24,JMD,TTD,sell,0.1023
2004-12-24,JPY,TTD,buy,0.0593
2004-12-24,JPY,TTD,sell,0.0614
2004-12-24,USD,TTD,buy,6.2149
2004-12-24,USD,TTD,sell,6.2998
2004-12-24,XCD,TTD,buy,2.2292
2004-12-24,XCD,TTD,sell,2.3572
2004-12-28,BBD,TTD,buy,2.8308
2004-12-28,BBD,TTD,sell,3.1922
2004-12-28,CAD,TTD,buy,5.0787
2004-12-28,CAD,TTD,sell,5.2243
2004-12-28,CHF,TTD,buy,5.3982
2004-12-28,CHF,TTD,sell,5.6443
2004-12-28,EUR,TTD,buy,8.3665
2004-12-28,EUR,TTD,sell,8.6797
2004-12-28,GBP,TTD,buy,11.847
2004-12-28,GBP,TTD,sell,12.2535
2004-12-28,GYD,TTD,buy,0.0308
2004-12-28,GYD,TTD,sell,0.0319
2004-12-28,JMD,TTD,buy,0.0987
2004-12-28,JMD,TTD,sell,0.1024
2004-12-28,JPY,TTD,buy,0.0606
2004-12-28,JPY,TTD,sell,0.0611
2004-12-28,USD,TTD,buy,6.256
2004-12-28,USD,TTD,sell,6.2999
2004-12-28,XCD,TTD,buy,2.2282
2004-12-28,XCD,TTD,sell,2.338
2004-12-29,BBD,TTD,buy,2.8212
2004-12-29,BBD,TTD,sell,3.1027
2004-12-29,CAD,TTD,buy,4.9593
2004-12-29,CAD,TTD,sell,5.2145
2004-12-29,EUR,TTD,buy,8.3072
2004-12-29,EUR,TTD,sell,8.6811
2004-12-29,GBP,TTD,buy,11.6239
2004-12-29,GBP,TTD,sell,12.2747
2004-12-29,GYD,TTD,buy,0.0308
2004-12-29,GYD,TTD,sell,0.0319
2004-12-29,JMD,TTD,buy,0.0989
2004-12-29,JMD,TTD,sell,0.1024
2004-12-29,JPY,TTD,buy,0.0602
2004-12-29,JPY,TTD,sell,0.0617
2004-12-29,USD,TTD,buy,6.2683
2004-12-29,USD,TTD,sell,6.2992
2004-12-29,XCD,TTD,buy,2.1773
2004-12-29,XCD,TTD,sell,2.3614
2004-12-30,BBD,TTD,buy,2.82
2004-12-30,BBD,TTD,sell,3.1963
2004-12-30,CAD,TTD,buy,5.024
2004-12-30,CAD,TTD,sell,5.2512
2004-12-30,EUR,TTD,buy,8.3198
2004-12-30,EUR,TTD,sell,8.6956
2004-12-30,GBP,TTD,buy,11.7943
2004-12-30,GBP,TTD,sell,12.1551
2004-12-30,GYD,TTD,buy,0.0307
2004-12-30,GYD,TTD,sell,0.0319
2004-12-30,JMD,TTD,buy,0.0987
2004-12-30,JMD,TTD,sell,0.1025
2004-12-30,JPY,TTD,buy,0.0592
2004-12-30,JPY,TTD,sell,0.0618
2004-12-30,USD,TTD,buy,6.2479
2004-12-30,USD,TTD,sell,6.2992
2004-12-30,XCD,TTD,buy,2.18
2004-12-30,XCD,TTD,sell,2.3596
2004-12-31,BBD,TTD,buy,2.9261
2004-12-31,BBD,TTD,sell,3.1925
2004-12-31,CAD,TTD,buy,5.0885
2004-12-31,CAD,TTD,sell,5.2758
2004-12-31,CHF,TTD,buy,5.4379
2004-12-31,EUR,TTD,buy,8.3432
2004-12-31,EUR,TTD,sell,8.7287
2004-12-31,GBP,TTD,buy,11.7419
2004-12-31,GBP,TTD,sell,12.2126
2004-12-31,GYD,TTD,buy,0.0309
2004-12-31,GYD,TTD,sell,0.0319
2004-12-31,JMD,TTD,buy,0.0991
2004-12-31,JMD,TTD,sell,0.1024
2004-12-31,JPY,TTD,buy,0.0612
2004-12-31,JPY,TTD,sell,0.0614
2004-12-31,USD,TTD,buy,6.2775
2004-12-31,USD,TTD,sell,6.2999
2004-12-31,XCD,TTD,buy,2.2006
2004-12-31,XCD,TTD,sell,2.3604
