date,base,quote,type,value
2009-01-02,AUD,MOP,middle,5.6165
2009-01-02,CAD,MOP,middle,6.5387
2009-01-02,CHF,MOP,middle,7.5093
2009-01-02,CNY,MOP,middle,1.168
2009-01-02,DKK,MOP,middle,1.5024
2009-01-02,EUR,MOP,middle,11.1903
2009-01-02,GBP,MOP,middle,11.7751
2009-01-02,HKD,MOP,middle,1.03
2009-01-02,JPY,MOP,middle,0.087972
2009-01-02,KRW,MOP,middle,0.0060999999999999995
2009-01-02,MYR,MOP,middle,2.3073
2009-01-02,NOK,MOP,middle,1.1509
2009-01-02,NZD,MOP,middle,4.6494
2009-01-02,SEK,MOP,middle,1.0251
2009-01-02,SGD,MOP,middle,5.5423
2009-01-02,TWD,MOP,middle,0.2433
2009-01-02,USD,MOP,middle,7.9831
2009-01-05,AUD,MOP,middle,5.7014
2009-01-05,CAD,MOP,middle,6.5977
2009-01-05,CHF,MOP,middle,7.4345
2009-01-05,CNY,MOP,middle,1.1681
2009-01-05,DKK,MOP,middle,1.4949
2009-01-05,EUR,MOP,middle,11.1358
2009-01-05,GBP,MOP,middle,11.5633
2009-01-05,HKD,MOP,middle,1.03
2009-01-05,JPY,MOP,middle,0.08672
2009-01-05,KRW,MOP,middle,0.0060999999999999995
2009-01-05,MYR,MOP,middle,2.3024
2009-01-05,NOK,MOP,middle,1.1633
2009-01-05,NZD,MOP,middle,4.7139
2009-01-05,SEK,MOP,middle,1.0391
2009-01-05,SGD,MOP,middle,5.5023
2009-01-05,TWD,MOP,middle,0.2416
2009-01-05,USD,MOP,middle,7.9835
2009-01-06,AUD,MOP,middle,5.6874
2009-01-06,CAD,MOP,middle,6.7097
2009-01-06,CHF,MOP,middle,7.1883
2009-01-06,CNY,MOP,middle,1.1681
2009-01-06,DKK,MOP,middle,1.4572
2009-01-06,EUR,MOP,middle,10.8524
2009-01-06,GBP,MOP,middle,11.7178
2009-01-06,HKD,MOP,middle,1.03
2009-01-06,JPY,MOP,middle,0.085725
2009-01-06,KRW,MOP,middle,0.0060999999999999995
2009-01-06,MYR,MOP,middle,2.2749
2009-01-06,NOK,MOP,middle,1.1473
2009-01-06,NZD,MOP,middle,4.6951
2009-01-06,SEK,MOP,middle,1.013
2009-01-06,SGD,MOP,middle,5.4199
2009-01-06,TWD,MOP,middle,0.241
2009-01-06,USD,MOP,middle,7.9862
2009-01-07,AUD,MOP,middle,5.7609
2009-01-07,CAD,MOP,middle,6.7401
2009-01-07,CHF,MOP,middle,7.1421
2009-01-07,CNY,MOP,middle,1.1679
2009-01-07,DKK,MOP,middle,1.4449
2009-01-07,EUR,MOP,middle,10.7679
2009-01-07,GBP,MOP,middle,11.894
2009-01-07,HKD,MOP,middle,1.03
2009-01-07,JPY,MOP,middle,0.085046
2009-01-07,KRW,MOP,middle,0.0062
2009-01-07,MYR,MOP,middle,2.2769
2009-01-07,NOK,MOP,middle,1.1432
2009-01-07,NZD,MOP,middle,4.7686
2009-01-07,SEK,MOP,middle,1.0144
2009-01-07,SGD,MOP,middle,5.4161
2009-01-07,TWD,MOP,middle,0.2422
2009-01-07,USD,MOP,middle,7.9863
2009-01-08,AUD,MOP,middle,5.6483
2009-01-08,CAD,MOP,middle,6.6635
2009-01-08,CHF,MOP,middle,7.2179
2009-01-08,CNY,MOP,middle,1.1676
2009-01-08,DKK,MOP,middle,1.4549
2009-01-08,EUR,MOP,middle,10.8407
2009-01-08,GBP,MOP,middle,12.0189
2009-01-08,HKD,MOP,middle,1.03
2009-01-08,JPY,MOP,middle,0.086075
2009-01-08,KRW,MOP,middle,0.0060999999999999995
2009-01-08,MYR,MOP,middle,2.2643
2009-01-08,NOK,MOP,middle,1.1498
2009-01-08,NZD,MOP,middle,4.6825
2009-01-08,SEK,MOP,middle,1.014
2009-01-08,SGD,MOP,middle,5.3901
2009-01-08,TWD,MOP,middle,0.2411
2009-01-08,USD,MOP,middle,7.9852
2009-01-09,AUD,MOP,middle,5.6752
2009-01-09,CAD,MOP,middle,6.7536
2009-01-09,CHF,MOP,middle,7.2866
2009-01-09,CNY,MOP,middle,1.1685
2009-01-09,DKK,MOP,middle,1.4656
2009-01-09,EUR,MOP,middle,10.9249
2009-01-09,GBP,MOP,middle,12.1397
2009-01-09,HKD,MOP,middle,1.03
2009-01-09,JPY,MOP,middle,0.08759299999999999
2009-01-09,KRW,MOP,middle,0.006
2009-01-09,MYR,MOP,middle,2.2605
2009-01-09,NOK,MOP,middle,1.1399
2009-01-09,NZD,MOP,middle,4.7419
2009-01-09,SEK,MOP,middle,1.0235
2009-01-09,SGD,MOP,middle,5.3996
2009-01-09,TWD,MOP,middle,0.2413
2009-01-09,USD,MOP,middle,7.9898
2009-01-12,AUD,MOP,middle,5.575
2009-01-12,CAD,MOP,middle,6.7099
2009-01-12,CHF,MOP,middle,7.1648
2009-01-12,CNY,MOP,middle,1.1688
2009-01-12,DKK,MOP,middle,1.4372
2009-01-12,EUR,MOP,middle,10.7133
2009-01-12,GBP,MOP,middle,12.0569
2009-01-12,HKD,MOP,middle,1.03
2009-01-12,JPY,MOP,middle,0.088689
2009-01-12,KRW,MOP,middle,0.0059
2009-01-12,MYR,MOP,middle,2.2404
2009-01-12,NOK,MOP,middle,1.1382
2009-01-12,NZD,MOP,middle,4.6964
2009-01-12,SEK,MOP,middle,1.0043
2009-01-12,SGD,MOP,middle,5.3768
2009-01-12,TWD,MOP,middle,0.2408
2009-01-12,USD,MOP,middle,7.9905
2009-01-13,AUD,MOP,middle,5.3946
2009-01-13,CAD,MOP,middle,6.5449
2009-01-13,CHF,MOP,middle,7.1427
2009-01-13,CNY,MOP,middle,1.1682
2009-01-13,DKK,MOP,middle,1.4266
2009-01-13,EUR,MOP,middle,10.6326
2009-01-13,GBP,MOP,middle,11.7885
2009-01-13,HKD,MOP,middle,1.03
2009-01-13,JPY,MOP,middle,0.08928000000000001
2009-01-13,KRW,MOP,middle,0.0058
2009-01-13,MYR,MOP,middle,2.2277
2009-01-13,NOK,MOP,middle,1.1304
2009-01-13,NZD,MOP,middle,4.5039
2009-01-13,SEK,MOP,middle,0.9883
2009-01-13,SGD,MOP,middle,5.356
2009-01-13,TWD,MOP,middle,0.2401
2009-01-13,USD,MOP,middle,7.9884
2009-01-14,AUD,MOP,middle,5.3464
2009-01-14,CAD,MOP,middle,6.5322
2009-01-14,CHF,MOP,middle,7.1481
2009-01-14,CNY,MOP,middle,1.1682
2009-01-14,DKK,MOP,middle,1.4168
2009-01-14,EUR,MOP,middle,10.5581
2009-01-14,GBP,MOP,middle,11.6052
2009-01-14,HKD,MOP,middle,1.03
2009-01-14,JPY,MOP,middle,0.089441
2009-01-14,KRW,MOP,middle,0.006
2009-01-14,MYR,MOP,middle,2.2434
2009-01-14,NOK,MOP,middle,1.1217
2009-01-14,NZD,MOP,middle,4.4144
2009-01-14,SEK,MOP,middle,0.9654
2009-01-14,SGD,MOP,middle,5.3823
2009-01-14,TWD,MOP,middle,0.2402
2009-01-14,USD,MOP,middle,7.9898
2009-01-15,AUD,MOP,middle,5.2677
2009-01-15,CAD,MOP,middle,6.4164
2009-01-15,CHF,MOP,middle,7.156
2009-01-15,CNY,MOP,middle,1.1682
2009-01-15,DKK,MOP,middle,1.4128
2009-01-15,EUR,MOP,middle,10.527
2009-01-15,GBP,MOP,middle,11.6632
2009-01-15,HKD,MOP,middle,1.03
2009-01-15,JPY,MOP,middle,0.089598
2009-01-15,KRW,MOP,middle,0.0058
2009-01-15,MYR,MOP,middle,2.2245
2009-01-15,NOK,MOP,middle,1.1109
2009-01-15,NZD,MOP,middle,4.298
2009-01-15,SEK,MOP,middle,0.9525
2009-01-15,SGD,MOP,middle,5.344
2009-01-15,TWD,MOP,middle,0.24
2009-01-15,USD,MOP,middle,7.9904
2009-01-16,AUD,MOP,middle,5.3241
2009-01-16,CAD,MOP,middle,6.3852
2009-01-16,CHF,MOP,middle,7.1147
2009-01-16,CNY,MOP,middle,1.1686
2009-01-16,DKK,MOP,middle,1.4103
2009-01-16,EUR,MOP,middle,10.5103
2009-01-16,GBP,MOP,middle,11.7275
2009-01-16,HKD,MOP,middle,1.03
2009-01-16,JPY,MOP,middle,0.088719
2009-01-16,KRW,MOP,middle,0.0058
2009-01-16,MYR,MOP,middle,2.2284
2009-01-16,NOK,MOP,middle,1.1216
2009-01-16,NZD,MOP,middle,4.3102
2009-01-16,SEK,MOP,middle,0.9676
2009-01-16,SGD,MOP,middle,5.3514
2009-01-16,TWD,MOP,middle,0.2395
2009-01-16,USD,MOP,middle,7.9923
2009-01-19,AUD,MOP,middle,5.4244
2009-01-19,CAD,MOP,middle,6.4262
2009-01-19,CHF,MOP,middle,7.1468
2009-01-19,CNY,MOP,middle,1.1688
2009-01-19,DKK,MOP,middle,1.4295
2009-01-19,EUR,MOP,middle,10.6521
2009-01-19,GBP,MOP,middle,11.849
2009-01-19,HKD,MOP,middle,1.03
2009-01-19,JPY,MOP,middle,0.087808
2009-01-19,KRW,MOP,middle,0.0059
2009-01-19,MYR,MOP,middle,2.2403
2009-01-19,NOK,MOP,middle,1.1639
2009-01-19,NZD,MOP,middle,4.4046
2009-01-19,SEK,MOP,middle,0.9878
2009-01-19,SGD,MOP,middle,5.3849
2009-01-19,TWD,MOP,middle,0.2394
2009-01-19,USD,MOP,middle,7.9923
2009-01-20,AUD,MOP,middle,5.2948
2009-01-20,CAD,MOP,middle,6.3542
2009-01-20,CHF,MOP,middle,7.0248
2009-01-20,CNY,MOP,middle,1.1689
2009-01-20,DKK,MOP,middle,1.3946
2009-01-20,EUR,MOP,middle,10.3927
2009-01-20,GBP,MOP,middle,11.4047
2009-01-20,HKD,MOP,middle,1.03
2009-01-20,JPY,MOP,middle,0.088345
2009-01-20,KRW,MOP,middle,0.0058
2009-01-20,MYR,MOP,middle,2.2168
2009-01-20,NOK,MOP,middle,1.1338
2009-01-20,NZD,MOP,middle,4.2485
2009-01-20,SEK,MOP,middle,0.9539
2009-01-20,SGD,MOP,middle,5.3202
2009-01-20,TWD,MOP,middle,0.2376
2009-01-20,USD,MOP,middle,7.9904
2009-01-21,AUD,MOP,middle,5.1878
2009-01-21,CAD,MOP,middle,6.3111
2009-01-21,CHF,MOP,middle,6.9617
2009-01-21,CNY,MOP,middle,1.1686
2009-01-21,DKK,MOP,middle,1.382
2009-01-21,EUR,MOP,middle,10.2969
2009-01-21,GBP,MOP,middle,11.0965
2009-01-21,HKD,MOP,middle,1.03
2009-01-21,JPY,MOP,middle,0.0889
2009-01-21,KRW,MOP,middle,0.0058
2009-01-21,MYR,MOP,middle,2.2141
2009-01-21,NOK,MOP,middle,1.1174
2009-01-21,NZD,MOP,middle,4.1589
2009-01-21,SEK,MOP,middle,0.9464
2009-01-21,SGD,MOP,middle,5.3127
2009-01-21,TWD,MOP,middle,0.2373
2009-01-21,USD,MOP,middle,7.9917
2009-01-22,AUD,MOP,middle,5.2303
2009-01-22,CAD,MOP,middle,6.3393
2009-01-22,CHF,MOP,middle,6.9176
2009-01-22,CNY,MOP,middle,1.1685
2009-01-22,DKK,MOP,middle,1.392
2009-01-22,EUR,MOP,middle,10.3731
2009-01-22,GBP,MOP,middle,11.0984
2009-01-22,HKD,MOP,middle,1.03
2009-01-22,JPY,MOP,middle,0.089917
2009-01-22,KRW,MOP,middle,0.0058
2009-01-22,MYR,MOP,middle,2.2092
2009-01-22,NOK,MOP,middle,1.1542
2009-01-22,NZD,MOP,middle,4.2057
2009-01-22,SEK,MOP,middle,0.974
2009-01-22,SGD,MOP,middle,5.3365
2009-01-22,TWD,MOP,middle,0.2381
2009-01-22,USD,MOP,middle,7.9919
2009-01-23,AUD,MOP,middle,5.2336
2009-01-23,CAD,MOP,middle,6.3743
2009-01-23,CHF,MOP,middle,6.919
2009-01-23,CNY,MOP,middle,1.1689
2009-01-23,DKK,MOP,middle,1.3932
2009-01-23,EUR,MOP,middle,10.3825
2009-01-23,GBP,MOP,middle,11.0687
2009-01-23,HKD,MOP,middle,1.03
2009-01-23,JPY,MOP,middle,0.089672
2009-01-23,KRW,MOP,middle,0.005699999999999999
2009-01-23,MYR,MOP,middle,2.2105
2009-01-23,NOK,MOP,middle,1.1499
2009-01-23,NZD,MOP,middle,4.2206
2009-01-23,SEK,MOP,middle,0.9692
2009-01-23,SGD,MOP,middle,5.3252
2009-01-23,TWD,MOP,middle,0.238
2009-01-23,USD,MOP,middle,7.9921
2009-01-29,AUD,MOP,middle,5.2952
2009-01-29,CAD,MOP,middle,6.5691
2009-01-29,CHF,MOP,middle,6.9231
2009-01-29,CNY,MOP,middle,1.1686
2009-01-29,DKK,MOP,middle,1.4075
2009-01-29,EUR,MOP,middle,10.4882
2009-01-29,GBP,MOP,middle,11.3456
2009-01-29,HKD,MOP,middle,1.03
2009-01-29,JPY,MOP,middle,0.08835599999999999
2009-01-29,KRW,MOP,middle,0.0058
2009-01-29,MYR,MOP,middle,2.22
2009-01-29,NOK,MOP,middle,1.1821
2009-01-29,NZD,MOP,middle,4.1553
2009-01-29,SEK,MOP,middle,0.9888
2009-01-29,SGD,MOP,middle,5.3176
2009-01-29,TWD,MOP,middle,0.2371
2009-01-29,USD,MOP,middle,7.991
2009-01-30,AUD,MOP,middle,5.1711
2009-01-30,CAD,MOP,middle,6.5015
2009-01-30,CHF,MOP,middle,6.9277
2009-01-30,CNY,MOP,middle,1.1683
2009-01-30,DKK,MOP,middle,1.3825
2009-01-30,EUR,MOP,middle,10.3026
2009-01-30,GBP,MOP,middle,11.3575
2009-01-30,HKD,MOP,middle,1.03
2009-01-30,JPY,MOP,middle,0.08910399999999999
2009-01-30,KRW,MOP,middle,0.0058
2009-01-30,MYR,MOP,middle,2.2126
2009-01-30,NOK,MOP,middle,1.1553
2009-01-30,NZD,MOP,middle,4.0706
2009-01-30,SEK,MOP,middle,0.9694
2009-01-30,SGD,MOP,middle,5.2975
2009-01-30,TWD,MOP,middle,0.2372
2009-01-30,USD,MOP,middle,7.9887
2009-02-02,AUD,MOP,middle,5.0781
2009-02-02,CAD,MOP,middle,6.4963
2009-02-02,CHF,MOP,middle,6.8636
2009-02-02,CNY,MOP,middle,1.1681
2009-02-02,DKK,MOP,middle,1.3653
2009-02-02,EUR,MOP,middle,10.1769
2009-02-02,GBP,MOP,middle,11.5156
2009-02-02,HKD,MOP,middle,1.03
2009-02-02,JPY,MOP,middle,0.089012
2009-02-02,KRW,MOP,middle,0.005699999999999999
2009-02-02,MYR,MOP,middle,2.2098
2009-02-02,NOK,MOP,middle,1.1496
2009-02-02,NZD,MOP,middle,4.0577
2009-02-02,SEK,MOP,middle,0.9527
2009-02-02,SGD,MOP,middle,5.2833
2009-02-02,TWD,MOP,middle,0.2363
2009-02-02,USD,MOP,middle,7.9875
2009-02-03,AUD,MOP,middle,5.051
2009-02-03,CAD,MOP,middle,6.4145
2009-02-03,CHF,MOP,middle,6.8833
2009-02-03,CNY,MOP,middle,1.1677
2009-02-03,DKK,MOP,middle,1.3752
2009-02-03,EUR,MOP,middle,10.2513
2009-02-03,GBP,MOP,middle,11.3527
2009-02-03,HKD,MOP,middle,1.03
2009-02-03,JPY,MOP,middle,0.08929500000000001
2009-02-03,KRW,MOP,middle,0.005699999999999999
2009-02-03,MYR,MOP,middle,2.2067
2009-02-03,NOK,MOP,middle,1.1352
2009-02-03,NZD,MOP,middle,4.0414
2009-02-03,SEK,MOP,middle,0.9544
2009-02-03,SGD,MOP,middle,5.2845
2009-02-03,TWD,MOP,middle,0.2369
2009-02-03,USD,MOP,middle,7.987
2009-02-04,AUD,MOP,middle,5.1648
2009-02-04,CAD,MOP,middle,6.4678
2009-02-04,CHF,MOP,middle,6.9656
2009-02-04,CNY,MOP,middle,1.1676
2009-02-04,DKK,MOP,middle,1.3894
2009-02-04,EUR,MOP,middle,10.354
2009-02-04,GBP,MOP,middle,11.4908
2009-02-04,HKD,MOP,middle,1.03
2009-02-04,JPY,MOP,middle,0.089293
2009-02-04,KRW,MOP,middle,0.0058
2009-02-04,MYR,MOP,middle,2.2105
2009-02-04,NOK,MOP,middle,1.152
2009-02-04,NZD,MOP,middle,4.0591
2009-02-04,SEK,MOP,middle,0.9678
2009-02-04,SGD,MOP,middle,5.2944
2009-02-04,TWD,MOP,middle,0.2375
2009-02-04,USD,MOP,middle,7.9864
2009-02-05,AUD,MOP,middle,5.1287
2009-02-05,CAD,MOP,middle,6.4773
2009-02-05,CHF,MOP,middle,6.8786
2009-02-05,CNY,MOP,middle,1.1685
2009-02-05,DKK,MOP,middle,1.3736
2009-02-05,EUR,MOP,middle,10.2335
2009-02-05,GBP,MOP,middle,11.5214
2009-02-05,HKD,MOP,middle,1.03
2009-02-05,JPY,MOP,middle,0.089337
2009-02-05,KRW,MOP,middle,0.0058
2009-02-05,MYR,MOP,middle,2.2036
2009-02-05,NOK,MOP,middle,1.1533
2009-02-05,NZD,MOP,middle,4.0709
2009-02-05,SEK,MOP,middle,0.9609
2009-02-05,SGD,MOP,middle,5.2875
2009-02-05,TWD,MOP,middle,0.2372
2009-02-05,USD,MOP,middle,7.9868
2009-02-06,AUD,MOP,middle,5.1871
2009-02-06,CAD,MOP,middle,6.4795
2009-02-06,CHF,MOP,middle,6.8171
2009-02-06,CNY,MOP,middle,1.1684
2009-02-06,DKK,MOP,middle,1.3704
2009-02-06,EUR,MOP,middle,10.2101
2009-02-06,GBP,MOP,middle,11.6745
2009-02-06,HKD,MOP,middle,1.03
2009-02-06,JPY,MOP,middle,0.08785
2009-02-06,KRW,MOP,middle,0.0058
2009-02-06,MYR,MOP,middle,2.2152
2009-02-06,NOK,MOP,middle,1.1653
2009-02-06,NZD,MOP,middle,4.0965
2009-02-06,SEK,MOP,middle,0.9656
2009-02-06,SGD,MOP,middle,5.3089
2009-02-06,TWD,MOP,middle,0.2374
2009-02-06,USD,MOP,middle,7.9869
2009-02-09,AUD,MOP,middle,5.3745
2009-02-09,CAD,MOP,middle,6.573
2009-02-09,CHF,MOP,middle,6.8912
2009-02-09,CNY,MOP,middle,1.1681
2009-02-09,DKK,MOP,middle,1.3908
2009-02-09,EUR,MOP,middle,10.3637
2009-02-09,GBP,MOP,middle,11.8484
2009-02-09,HKD,MOP,middle,1.03
2009-02-09,JPY,MOP,middle,0.086946
2009-02-09,KRW,MOP,middle,0.0058
2009-02-09,MYR,MOP,middle,2.2191
2009-02-09,NOK,MOP,middle,1.1877
2009-02-09,NZD,MOP,middle,4.2324
2009-02-09,SEK,MOP,middle,0.989
2009-02-09,SGD,MOP,middle,5.347
2009-02-09,TWD,MOP,middle,0.237
2009-02-09,USD,MOP,middle,7.9865
2009-02-10,AUD,MOP,middle,5.3601
2009-02-10,CAD,MOP,middle,6.516
2009-02-10,CHF,MOP,middle,6.83
2009-02-10,CNY,MOP,middle,1.1684
2009-02-10,DKK,MOP,middle,1.3825
2009-02-10,EUR,MOP,middle,10.299
2009-02-10,GBP,MOP,middle,11.827
2009-02-10,HKD,MOP,middle,1.03
2009-02-10,JPY,MOP,middle,0.087615
2009-02-10,KRW,MOP,middle,0.005699999999999999
2009-02-10,MYR,MOP,middle,2.224
2009-02-10,NOK,MOP,middle,1.1886
2009-02-10,NZD,MOP,middle,4.2546
2009-02-10,SEK,MOP,middle,0.9836
2009-02-10,SGD,MOP,middle,5.3278
2009-02-10,TWD,MOP,middle,0.2354
2009-02-10,USD,MOP,middle,7.9853
2009-02-11,AUD,MOP,middle,5.2426
2009-02-11,CAD,MOP,middle,6.4266
2009-02-11,CHF,MOP,middle,6.8857
2009-02-11,CNY,MOP,middle,1.1686
2009-02-11,DKK,MOP,middle,1.3804
2009-02-11,EUR,MOP,middle,10.2851
2009-02-11,GBP,MOP,middle,11.5663
2009-02-11,HKD,MOP,middle,1.03
2009-02-11,JPY,MOP,middle,0.08829000000000001
2009-02-11,KRW,MOP,middle,0.005699999999999999
2009-02-11,MYR,MOP,middle,2.2119
2009-02-11,NOK,MOP,middle,1.1794
2009-02-11,NZD,MOP,middle,4.1865
2009-02-11,SEK,MOP,middle,0.9649
2009-02-11,SGD,MOP,middle,5.2979
2009-02-11,TWD,MOP,middle,0.2354
2009-02-11,USD,MOP,middle,7.985
2009-02-12,AUD,MOP,middle,5.244
2009-02-12,CAD,MOP,middle,6.4331
2009-02-12,CHF,MOP,middle,6.8935
2009-02-12,CNY,MOP,middle,1.1683
2009-02-12,DKK,MOP,middle,1.3813
2009-02-12,EUR,MOP,middle,10.2935
2009-02-12,GBP,MOP,middle,11.4688
2009-02-12,HKD,MOP,middle,1.03
2009-02-12,JPY,MOP,middle,0.088476
2009-02-12,KRW,MOP,middle,0.005699999999999999
2009-02-12,MYR,MOP,middle,2.215
2009-02-12,NOK,MOP,middle,1.1812
2009-02-12,NZD,MOP,middle,4.1849
2009-02-12,SEK,MOP,middle,0.9552
2009-02-12,SGD,MOP,middle,5.3026
2009-02-12,TWD,MOP,middle,0.235
2009-02-12,USD,MOP,middle,7.9841
2009-02-13,AUD,MOP,middle,5.228
2009-02-13,CAD,MOP,middle,6.4233
2009-02-13,CHF,MOP,middle,6.8757
2009-02-13,CNY,MOP,middle,1.1686
2009-02-13,DKK,MOP,middle,1.3802
2009-02-13,EUR,MOP,middle,10.2864
2009-02-13,GBP,MOP,middle,11.4111
2009-02-13,HKD,MOP,middle,1.03
2009-02-13,JPY,MOP,middle,0.08802
2009-02-13,KRW,MOP,middle,0.005699999999999999
2009-02-13,MYR,MOP,middle,2.21
2009-02-13,NOK,MOP,middle,1.1655
2009-02-13,NZD,MOP,middle,4.1665
2009-02-13,SEK,MOP,middle,0.9515
2009-02-13,SGD,MOP,middle,5.2932
2009-02-13,TWD,MOP,middle,0.2345
2009-02-13,USD,MOP,middle,7.9848
2009-02-16,AUD,MOP,middle,5.2103
2009-02-16,CAD,MOP,middle,6.4293
2009-02-16,CHF,MOP,middle,6.8474
2009-02-16,CNY,MOP,middle,1.1686
2009-02-16,DKK,MOP,middle,1.3674
2009-02-16,EUR,MOP,middle,10.1903
2009-02-16,GBP,MOP,middle,11.359
2009-02-16,HKD,MOP,middle,1.03
2009-02-16,JPY,MOP,middle,0.08710000000000001
2009-02-16,KRW,MOP,middle,0.005699999999999999
2009-02-16,MYR,MOP,middle,2.206
2009-02-16,NOK,MOP,middle,1.1627
2009-02-16,NZD,MOP,middle,4.1618
2009-02-16,SEK,MOP,middle,0.9443
2009-02-16,SGD,MOP,middle,5.2739
2009-02-16,TWD,MOP,middle,0.2345
2009-02-16,USD,MOP,middle,7.9858
2009-02-17,AUD,MOP,middle,5.1925
2009-02-17,CAD,MOP,middle,6.4222
2009-02-17,CHF,MOP,middle,6.8696
2009-02-17,CNY,MOP,middle,1.1686
2009-02-17,DKK,MOP,middle,1.3681
2009-02-17,EUR,MOP,middle,10.1945
2009-02-17,GBP,MOP,middle,11.3885
2009-02-17,HKD,MOP,middle,1.03
2009-02-17,JPY,MOP,middle,0.086966
2009-02-17,KRW,MOP,middle,0.0055000000000000005
2009-02-17,MYR,MOP,middle,2.2035
2009-02-17,NOK,MOP,middle,1.1563
2009-02-17,NZD,MOP,middle,4.1367
2009-02-17,SEK,MOP,middle,0.9287
2009-02-17,SGD,MOP,middle,5.2566
2009-02-17,TWD,MOP,middle,0.2328
2009-02-17,USD,MOP,middle,7.9866
2009-02-18,AUD,MOP,middle,5.0908
2009-02-18,CAD,MOP,middle,6.3219
2009-02-18,CHF,MOP,middle,6.8338
2009-02-18,CNY,MOP,middle,1.1686
2009-02-18,DKK,MOP,middle,1.3487
2009-02-18,EUR,MOP,middle,10.0501
2009-02-18,GBP,MOP,middle,11.3677
2009-02-18,HKD,MOP,middle,1.03
2009-02-18,JPY,MOP,middle,0.08656000000000001
2009-02-18,KRW,MOP,middle,0.0055000000000000005
2009-02-18,MYR,MOP,middle,2.1847
2009-02-18,NOK,MOP,middle,1.14
2009-02-18,NZD,MOP,middle,4.0596
2009-02-18,SEK,MOP,middle,0.9038
2009-02-18,SGD,MOP,middle,5.2215
2009-02-18,TWD,MOP,middle,0.2304
2009-02-18,USD,MOP,middle,7.9874
2009-02-19,AUD,MOP,middle,5.124
2009-02-19,CAD,MOP,middle,6.3484
2009-02-19,CHF,MOP,middle,6.804
2009-02-19,CNY,MOP,middle,1.1685
2009-02-19,DKK,MOP,middle,1.3485
2009-02-19,EUR,MOP,middle,10.0472
2009-02-19,GBP,MOP,middle,11.3992
2009-02-19,HKD,MOP,middle,1.03
2009-02-19,JPY,MOP,middle,0.08526600000000001
2009-02-19,KRW,MOP,middle,0.0054
2009-02-19,MYR,MOP,middle,2.1856
2009-02-19,NOK,MOP,middle,1.1376
2009-02-19,NZD,MOP,middle,4.0868
2009-02-19,SEK,MOP,middle,0.9142
2009-02-19,SGD,MOP,middle,5.2233
2009-02-19,TWD,MOP,middle,0.2306
2009-02-19,USD,MOP,middle,7.9882
2009-02-20,AUD,MOP,middle,5.1435
2009-02-20,CAD,MOP,middle,6.3508
2009-02-20,CHF,MOP,middle,6.7866
2009-02-20,CNY,MOP,middle,1.1682
2009-02-20,DKK,MOP,middle,1.3545
2009-02-20,EUR,MOP,middle,10.0897
2009-02-20,GBP,MOP,middle,11.3644
2009-02-20,HKD,MOP,middle,1.03
2009-02-20,JPY,MOP,middle,0.084875
2009-02-20,KRW,MOP,middle,0.0053
2009-02-20,MYR,MOP,middle,2.1795
2009-02-20,NOK,MOP,middle,1.1581
2009-02-20,NZD,MOP,middle,4.0613
2009-02-20,SEK,MOP,middle,0.9146
2009-02-20,SGD,MOP,middle,5.2184
2009-02-20,TWD,MOP,middle,0.2302
2009-02-20,USD,MOP,middle,7.9868
2009-02-23,AUD,MOP,middle,5.1301
2009-02-23,CAD,MOP,middle,6.3632
2009-02-23,CHF,MOP,middle,6.8962
2009-02-23,CNY,MOP,middle,1.1684
2009-02-23,DKK,MOP,middle,1.3708
2009-02-23,EUR,MOP,middle,10.2131
2009-02-23,GBP,MOP,middle,11.479
2009-02-23,HKD,MOP,middle,1.03
2009-02-23,JPY,MOP,middle,0.085682
2009-02-23,KRW,MOP,middle,0.0053
2009-02-23,MYR,MOP,middle,2.1753
2009-02-23,NOK,MOP,middle,1.1696
2009-02-23,NZD,MOP,middle,4.0472
2009-02-23,SEK,MOP,middle,0.9074
2009-02-23,SGD,MOP,middle,5.2162
2009-02-23,TWD,MOP,middle,0.2294
2009-02-23,USD,MOP,middle,7.9865
2009-02-24,AUD,MOP,middle,5.12
2009-02-24,CAD,MOP,middle,6.3765
2009-02-24,CHF,MOP,middle,6.8326
2009-02-24,CNY,MOP,middle,1.1686
2009-02-24,DKK,MOP,middle,1.3586
2009-02-24,EUR,MOP,middle,10.1289
2009-02-24,GBP,MOP,middle,11.5691
2009-02-24,HKD,MOP,middle,1.03
2009-02-24,JPY,MOP,middle,0.084642
2009-02-24,KRW,MOP,middle,0.0053
2009-02-24,MYR,MOP,middle,2.175
2009-02-24,NOK,MOP,middle,1.1617
2009-02-24,NZD,MOP,middle,4.0463
2009-02-24,SEK,MOP,middle,0.8987
2009-02-24,SGD,MOP,middle,5.2066
2009-02-24,TWD,MOP,middle,0.2299
2009-02-24,USD,MOP,middle,7.9856
2009-02-25,AUD,MOP,middle,5.1968
2009-02-25,CAD,MOP,middle,6.4249
2009-02-25,CHF,MOP,middle,6.8858
2009-02-25,CNY,MOP,middle,1.1682
2009-02-25,DKK,MOP,middle,1.3772
2009-02-25,EUR,MOP,middle,10.2626
2009-02-25,GBP,MOP,middle,11.5986
2009-02-25,HKD,MOP,middle,1.03
2009-02-25,JPY,MOP,middle,0.08264300000000001
2009-02-25,KRW,MOP,middle,0.0053
2009-02-25,MYR,MOP,middle,2.1834
2009-02-25,NOK,MOP,middle,1.1721
2009-02-25,NZD,MOP,middle,4.0975
2009-02-25,SEK,MOP,middle,0.9101
2009-02-25,SGD,MOP,middle,5.238
2009-02-25,TWD,MOP,middle,0.2301
2009-02-25,USD,MOP,middle,7.9858
2009-02-26,AUD,MOP,middle,5.193
2009-02-26,CAD,MOP,middle,6.3655
2009-02-26,CHF,MOP,middle,6.833
2009-02-26,CNY,MOP,middle,1.1683
2009-02-26,DKK,MOP,middle,1.3647
2009-02-26,EUR,MOP,middle,10.1788
2009-02-26,GBP,MOP,middle,11.3876
2009-02-26,HKD,MOP,middle,1.03
2009-02-26,JPY,MOP,middle,0.08184
2009-02-26,KRW,MOP,middle,0.0053
2009-02-26,MYR,MOP,middle,2.1756
2009-02-26,NOK,MOP,middle,1.1595
2009-02-26,NZD,MOP,middle,4.0749
2009-02-26,SEK,MOP,middle,0.8939
2009-02-26,SGD,MOP,middle,5.2116
2009-02-26,TWD,MOP,middle,0.2299
2009-02-26,USD,MOP,middle,7.9868
2009-02-27,AUD,MOP,middle,5.1532
2009-02-27,CAD,MOP,middle,6.3657
2009-02-27,CHF,MOP,middle,6.8446
2009-02-27,CNY,MOP,middle,1.1682
2009-02-27,DKK,MOP,middle,1.3644
2009-02-27,EUR,MOP,middle,10.1455
2009-02-27,GBP,MOP,middle,11.3959
2009-02-27,HKD,MOP,middle,1.03
2009-02-27,JPY,MOP,middle,0.081712
2009-02-27,KRW,MOP,middle,0.0053
2009-02-27,MYR,MOP,middle,2.166
2009-02-27,NOK,MOP,middle,1.147
2009-02-27,NZD,MOP,middle,4.037
2009-02-27,SEK,MOP,middle,0.8872
2009-02-27,SGD,MOP,middle,5.1773
2009-02-27,TWD,MOP,middle,0.2292
2009-02-27,USD,MOP,middle,7.987
2009-03-02,AUD,MOP,middle,5.0402
2009-03-02,CAD,MOP,middle,6.2409
2009-03-02,CHF,MOP,middle,6.8066
2009-03-02,CNY,MOP,middle,1.1684
2009-03-02,DKK,MOP,middle,1.3519
2009-03-02,EUR,MOP,middle,10.0445
2009-03-02,GBP,MOP,middle,11.3612
2009-03-02,HKD,MOP,middle,1.03
2009-03-02,JPY,MOP,middle,0.08226900000000001
2009-03-02,KRW,MOP,middle,0.0051
2009-03-02,MYR,MOP,middle,2.1469
2009-03-02,NOK,MOP,middle,1.132
2009-03-02,NZD,MOP,middle,3.9357
2009-03-02,SEK,MOP,middle,0.8791
2009-03-02,SGD,MOP,middle,5.1476
2009-03-02,TWD,MOP,middle,0.2278
2009-03-02,USD,MOP,middle,7.9896
2009-03-03,AUD,MOP,middle,5.0453
2009-03-03,CAD,MOP,middle,6.1936
2009-03-03,CHF,MOP,middle,6.7936
2009-03-03,CNY,MOP,middle,1.1683
2009-03-03,DKK,MOP,middle,1.3478
2009-03-03,EUR,MOP,middle,10.0442
2009-03-03,GBP,MOP,middle,11.2084
2009-03-03,HKD,MOP,middle,1.03
2009-03-03,JPY,MOP,middle,0.082155
2009-03-03,KRW,MOP,middle,0.005
2009-03-03,MYR,MOP,middle,2.1421
2009-03-03,NOK,MOP,middle,1.1088
2009-03-03,NZD,MOP,middle,3.9415
2009-03-03,SEK,MOP,middle,0.8643
2009-03-03,SGD,MOP,middle,5.133
2009-03-03,TWD,MOP,middle,0.2267
2009-03-03,USD,MOP,middle,7.99
2009-03-04,AUD,MOP,middle,5.0315
2009-03-04,CAD,MOP,middle,6.1649
2009-03-04,CHF,MOP,middle,6.7634
2009-03-04,CNY,MOP,middle,1.1684
2009-03-04,DKK,MOP,middle,1.3377
2009-03-04,EUR,MOP,middle,9.967
2009-03-04,GBP,MOP,middle,11.1913
2009-03-04,HKD,MOP,middle,1.03
2009-03-04,JPY,MOP,middle,0.081191
2009-03-04,KRW,MOP,middle,0.0051
2009-03-04,MYR,MOP,middle,2.1429
2009-03-04,NOK,MOP,middle,1.1012
2009-03-04,NZD,MOP,middle,3.9283
2009-03-04,SEK,MOP,middle,0.8589
2009-03-04,SGD,MOP,middle,5.1303
2009-03-04,TWD,MOP,middle,0.2272
2009-03-04,USD,MOP,middle,7.9909
2009-03-05,AUD,MOP,middle,5.1681
2009-03-05,CAD,MOP,middle,6.2632
2009-03-05,CHF,MOP,middle,6.8169
2009-03-05,CNY,MOP,middle,1.1685
2009-03-05,DKK,MOP,middle,1.352
2009-03-05,EUR,MOP,middle,10.0752
2009-03-05,GBP,MOP,middle,11.304
2009-03-05,HKD,MOP,middle,1.03
2009-03-05,JPY,MOP,middle,0.0805
2009-03-05,KRW,MOP,middle,0.0052
2009-03-05,MYR,MOP,middle,2.153
2009-03-05,NOK,MOP,middle,1.1336
2009-03-05,NZD,MOP,middle,4.028
2009-03-05,SEK,MOP,middle,0.8841
2009-03-05,SGD,MOP,middle,5.1517
2009-03-05,TWD,MOP,middle,0.2287
2009-03-05,USD,MOP,middle,7.9921
2009-03-06,AUD,MOP,middle,5.1233
2009-03-06,CAD,MOP,middle,6.2098
2009-03-06,CHF,MOP,middle,6.8295
2009-03-06,CNY,MOP,middle,1.1688
2009-03-06,DKK,MOP,middle,1.3465
2009-03-06,EUR,MOP,middle,10.0329
2009-03-06,GBP,MOP,middle,11.3153
2009-03-06,HKD,MOP,middle,1.03
2009-03-06,JPY,MOP,middle,0.081159
2009-03-06,KRW,MOP,middle,0.0051
2009-03-06,MYR,MOP,middle,2.143
2009-03-06,NOK,MOP,middle,1.1249
2009-03-06,NZD,MOP,middle,4.0003
2009-03-06,SEK,MOP,middle,0.8578
2009-03-06,SGD,MOP,middle,5.1422
2009-03-06,TWD,MOP,middle,0.2285
2009-03-06,USD,MOP,middle,7.9902
2009-03-09,AUD,MOP,middle,5.1414
2009-03-09,CAD,MOP,middle,6.223
2009-03-09,CHF,MOP,middle,6.9159
2009-03-09,CNY,MOP,middle,1.1684
2009-03-09,DKK,MOP,middle,1.3621
2009-03-09,EUR,MOP,middle,10.1494
2009-03-09,GBP,MOP,middle,11.3081
2009-03-09,HKD,MOP,middle,1.03
2009-03-09,JPY,MOP,middle,0.081332
2009-03-09,KRW,MOP,middle,0.0052
2009-03-09,MYR,MOP,middle,2.1489
2009-03-09,NOK,MOP,middle,1.1365
2009-03-09,NZD,MOP,middle,4.0342
2009-03-09,SEK,MOP,middle,0.8783
2009-03-09,SGD,MOP,middle,5.1799
2009-03-09,TWD,MOP,middle,0.2302
2009-03-09,USD,MOP,middle,7.9885
2009-03-10,AUD,MOP,middle,5.0789
2009-03-10,CAD,MOP,middle,6.1568
2009-03-10,CHF,MOP,middle,6.894
2009-03-10,CNY,MOP,middle,1.1687
2009-03-10,DKK,MOP,middle,1.3545
2009-03-10,EUR,MOP,middle,10.0923
2009-03-10,GBP,MOP,middle,11.0413
2009-03-10,HKD,MOP,middle,1.03
2009-03-10,JPY,MOP,middle,0.080674
2009-03-10,KRW,MOP,middle,0.0052
2009-03-10,MYR,MOP,middle,2.1498
2009-03-10,NOK,MOP,middle,1.1185
2009-03-10,NZD,MOP,middle,3.9557
2009-03-10,SEK,MOP,middle,0.8702
2009-03-10,SGD,MOP,middle,5.1571
2009-03-10,TWD,MOP,middle,0.2294
2009-03-10,USD,MOP,middle,7.9888
2009-03-11,AUD,MOP,middle,5.1758
2009-03-11,CAD,MOP,middle,6.2396
2009-03-11,CHF,MOP,middle,6.8959
2009-03-11,CNY,MOP,middle,1.1687
2009-03-11,DKK,MOP,middle,1.3645
2009-03-11,EUR,MOP,middle,10.1663
2009-03-11,GBP,MOP,middle,11.0111
2009-03-11,HKD,MOP,middle,1.03
2009-03-11,JPY,MOP,middle,0.08096
2009-03-11,KRW,MOP,middle,0.0054
2009-03-11,MYR,MOP,middle,2.1725
2009-03-11,NOK,MOP,middle,1.1478
2009-03-11,NZD,MOP,middle,4.0278
2009-03-11,SEK,MOP,middle,0.9035
2009-03-11,SGD,MOP,middle,5.2105
2009-03-11,TWD,MOP,middle,0.2325
2009-03-11,USD,MOP,middle,7.9892
2009-03-12,AUD,MOP,middle,5.2022
2009-03-12,CAD,MOP,middle,6.2093
2009-03-12,CHF,MOP,middle,6.9304
2009-03-12,CNY,MOP,middle,1.1687
2009-03-12,DKK,MOP,middle,1.3772
2009-03-12,EUR,MOP,middle,10.2598
2009-03-12,GBP,MOP,middle,11.0849
2009-03-12,HKD,MOP,middle,1.03
2009-03-12,JPY,MOP,middle,0.082219
2009-03-12,KRW,MOP,middle,0.0054
2009-03-12,MYR,MOP,middle,2.1724
2009-03-12,NOK,MOP,middle,1.1583
2009-03-12,NZD,MOP,middle,4.1074
2009-03-12,SEK,MOP,middle,0.9134
2009-03-12,SGD,MOP,middle,5.2236
2009-03-12,TWD,MOP,middle,0.2316
2009-03-12,USD,MOP,middle,7.988
2009-03-13,AUD,MOP,middle,5.2408
2009-03-13,CAD,MOP,middle,6.2505
2009-03-13,CHF,MOP,middle,6.7355
2009-03-13,CNY,MOP,middle,1.1687
2009-03-13,DKK,MOP,middle,1.3853
2009-03-13,EUR,MOP,middle,10.3259
2009-03-13,GBP,MOP,middle,11.1381
2009-03-13,HKD,MOP,middle,1.03
2009-03-13,JPY,MOP,middle,0.08184200000000001
2009-03-13,KRW,MOP,middle,0.0054
2009-03-13,MYR,MOP,middle,2.1706
2009-03-13,NOK,MOP,middle,1.1658
2009-03-13,NZD,MOP,middle,4.1654
2009-03-13,SEK,MOP,middle,0.9318
2009-03-13,SGD,MOP,middle,5.2185
2009-03-13,TWD,MOP,middle,0.2321
2009-03-13,USD,MOP,middle,7.9866
2009-03-16,AUD,MOP,middle,5.2402
2009-03-16,CAD,MOP,middle,6.2596
2009-03-16,CHF,MOP,middle,6.7073
2009-03-16,CNY,MOP,middle,1.1685
2009-03-16,DKK,MOP,middle,1.3797
2009-03-16,EUR,MOP,middle,10.2856
2009-03-16,GBP,MOP,middle,11.1528
2009-03-16,HKD,MOP,middle,1.03
2009-03-16,JPY,MOP,middle,0.081137
2009-03-16,KRW,MOP,middle,0.0054
2009-03-16,MYR,MOP,middle,2.1567
2009-03-16,NOK,MOP,middle,1.166
2009-03-16,NZD,MOP,middle,4.181
2009-03-16,SEK,MOP,middle,0.9203
2009-03-16,SGD,MOP,middle,5.1823
2009-03-16,TWD,MOP,middle,0.2318
2009-03-16,USD,MOP,middle,7.9851
2009-03-17,AUD,MOP,middle,5.2698
2009-03-17,CAD,MOP,middle,6.282
2009-03-17,CHF,MOP,middle,6.7388
2009-03-17,CNY,MOP,middle,1.1683
2009-03-17,DKK,MOP,middle,1.39
2009-03-17,EUR,MOP,middle,10.3631
2009-03-17,GBP,MOP,middle,11.2414
2009-03-17,HKD,MOP,middle,1.03
2009-03-17,JPY,MOP,middle,0.081149
2009-03-17,KRW,MOP,middle,0.005600000000000001
2009-03-17,MYR,MOP,middle,2.1737
2009-03-17,NOK,MOP,middle,1.1666
2009-03-17,NZD,MOP,middle,4.2389
2009-03-17,SEK,MOP,middle,0.9354
2009-03-17,SGD,MOP,middle,5.2044
2009-03-17,TWD,MOP,middle,0.2327
2009-03-17,USD,MOP,middle,7.9851
2009-03-18,AUD,MOP,middle,5.2774
2009-03-18,CAD,MOP,middle,6.2872
2009-03-18,CHF,MOP,middle,6.7544
2009-03-18,CNY,MOP,middle,1.1687
2009-03-18,DKK,MOP,middle,1.3939
2009-03-18,EUR,MOP,middle,10.3906
2009-03-18,GBP,MOP,middle,11.2143
2009-03-18,HKD,MOP,middle,1.03
2009-03-18,JPY,MOP,middle,0.080874
2009-03-18,KRW,MOP,middle,0.005600000000000001
2009-03-18,MYR,MOP,middle,2.1784
2009-03-18,NOK,MOP,middle,1.1848
2009-03-18,NZD,MOP,middle,4.2157
2009-03-18,SEK,MOP,middle,0.948
2009-03-18,SGD,MOP,middle,5.2214
2009-03-18,TWD,MOP,middle,0.2331
2009-03-18,USD,MOP,middle,7.9851
2009-03-19,AUD,MOP,middle,5.3937
2009-03-19,CAD,MOP,middle,6.3937
2009-03-19,CHF,MOP,middle,6.9932
2009-03-19,CNY,MOP,middle,1.1688
2009-03-19,DKK,MOP,middle,1.4415
2009-03-19,EUR,MOP,middle,10.742
2009-03-19,GBP,MOP,middle,11.372
2009-03-19,HKD,MOP,middle,1.03
2009-03-19,JPY,MOP,middle,0.082838
2009-03-19,KRW,MOP,middle,0.005699999999999999
2009-03-19,MYR,MOP,middle,2.184
2009-03-19,NOK,MOP,middle,1.2231
2009-03-19,NZD,MOP,middle,4.3318
2009-03-19,SEK,MOP,middle,0.9873
2009-03-19,SGD,MOP,middle,5.2689
2009-03-19,TWD,MOP,middle,0.2353
2009-03-19,USD,MOP,middle,7.9848
2009-03-20,AUD,MOP,middle,5.4915
2009-03-20,CAD,MOP,middle,6.4384
2009-03-20,CHF,MOP,middle,7.1027
2009-03-20,CNY,MOP,middle,1.169
2009-03-20,DKK,MOP,middle,1.4635
2009-03-20,EUR,MOP,middle,10.9048
2009-03-20,GBP,MOP,middle,11.5731
2009-03-20,HKD,MOP,middle,1.03
2009-03-20,JPY,MOP,middle,0.08435000000000001
2009-03-20,KRW,MOP,middle,0.0058
2009-03-20,MYR,MOP,middle,2.1944
2009-03-20,NOK,MOP,middle,1.26
2009-03-20,NZD,MOP,middle,4.4504
2009-03-20,SEK,MOP,middle,1.0003
2009-03-20,SGD,MOP,middle,5.2867
2009-03-20,TWD,MOP,middle,0.2371
2009-03-20,USD,MOP,middle,7.9842
2009-03-23,AUD,MOP,middle,5.5299
2009-03-23,CAD,MOP,middle,6.4469
2009-03-23,CHF,MOP,middle,7.0912
2009-03-23,CNY,MOP,middle,1.1689
2009-03-23,DKK,MOP,middle,1.4607
2009-03-23,EUR,MOP,middle,10.8831
2009-03-23,GBP,MOP,middle,11.574
2009-03-23,HKD,MOP,middle,1.03
2009-03-23,JPY,MOP,middle,0.083056
2009-03-23,KRW,MOP,middle,0.005699999999999999
2009-03-23,MYR,MOP,middle,2.1867
2009-03-23,NOK,MOP,middle,1.2576
2009-03-23,NZD,MOP,middle,4.479
2009-03-23,SEK,MOP,middle,0.9848
2009-03-23,SGD,MOP,middle,5.2765
2009-03-23,TWD,MOP,middle,0.2362
2009-03-23,USD,MOP,middle,7.9826
2009-03-24,AUD,MOP,middle,5.6577
2009-03-24,CAD,MOP,middle,6.5384
2009-03-24,CHF,MOP,middle,7.1068
2009-03-24,CNY,MOP,middle,1.1687
2009-03-24,DKK,MOP,middle,1.4641
2009-03-24,EUR,MOP,middle,10.9084
2009-03-24,GBP,MOP,middle,11.7198
2009-03-24,HKD,MOP,middle,1.03
2009-03-24,JPY,MOP,middle,0.08176399999999999
2009-03-24,KRW,MOP,middle,0.0058
2009-03-24,MYR,MOP,middle,2.2018
2009-03-24,NOK,MOP,middle,1.2746
2009-03-24,NZD,MOP,middle,4.5797
2009-03-24,SEK,MOP,middle,1.0043
2009-03-24,SGD,MOP,middle,5.3022
2009-03-24,TWD,MOP,middle,0.2366
2009-03-24,USD,MOP,middle,7.9827
2009-03-25,AUD,MOP,middle,5.5503
2009-03-25,CAD,MOP,middle,6.481
2009-03-25,CHF,MOP,middle,7.0536
2009-03-25,CNY,MOP,middle,1.1687
2009-03-25,DKK,MOP,middle,1.4421
2009-03-25,EUR,MOP,middle,10.7338
2009-03-25,GBP,MOP,middle,11.7073
2009-03-25,HKD,MOP,middle,1.03
2009-03-25,JPY,MOP,middle,0.08165900000000001
2009-03-25,KRW,MOP,middle,0.0058
2009-03-25,MYR,MOP,middle,2.1945
2009-03-25,NOK,MOP,middle,1.2479
2009-03-25,NZD,MOP,middle,4.4766
2009-03-25,SEK,MOP,middle,0.9791
2009-03-25,SGD,MOP,middle,5.2718
2009-03-25,TWD,MOP,middle,0.2359
2009-03-25,USD,MOP,middle,7.9826
2009-03-26,AUD,MOP,middle,5.5766
2009-03-26,CAD,MOP,middle,6.4854
2009-03-26,CHF,MOP,middle,7.1254
2009-03-26,CNY,MOP,middle,1.1683
2009-03-26,DKK,MOP,middle,1.4567
2009-03-26,EUR,MOP,middle,10.8499
2009-03-26,GBP,MOP,middle,11.6406
2009-03-26,HKD,MOP,middle,1.03
2009-03-26,JPY,MOP,middle,0.081675
2009-03-26,KRW,MOP,middle,0.0059
2009-03-26,MYR,MOP,middle,2.2015
2009-03-26,NOK,MOP,middle,1.2267
2009-03-26,NZD,MOP,middle,4.5369
2009-03-26,SEK,MOP,middle,0.9893
2009-03-26,SGD,MOP,middle,5.2914
2009-03-26,TWD,MOP,middle,0.2357
2009-03-26,USD,MOP,middle,7.9826
2009-03-27,AUD,MOP,middle,5.6032
2009-03-27,CAD,MOP,middle,6.5059
2009-03-27,CHF,MOP,middle,7.0986
2009-03-27,CNY,MOP,middle,1.1684
2009-03-27,DKK,MOP,middle,1.4533
2009-03-27,EUR,MOP,middle,10.8249
2009-03-27,GBP,MOP,middle,11.5529
2009-03-27,HKD,MOP,middle,1.03
2009-03-27,JPY,MOP,middle,0.081047
2009-03-27,KRW,MOP,middle,0.0060999999999999995
2009-03-27,MYR,MOP,middle,2.2087
2009-03-27,NOK,MOP,middle,1.23
2009-03-27,NZD,MOP,middle,4.613
2009-03-27,SEK,MOP,middle,0.9989
2009-03-27,SGD,MOP,middle,5.3041
2009-03-27,TWD,MOP,middle,0.2366
2009-03-27,USD,MOP,middle,7.9824
2009-03-30,AUD,MOP,middle,5.5117
2009-03-30,CAD,MOP,middle,6.4377
2009-03-30,CHF,MOP,middle,6.963
2009-03-30,CNY,MOP,middle,1.1685
2009-03-30,DKK,MOP,middle,1.4204
2009-03-30,EUR,MOP,middle,10.5807
2009-03-30,GBP,MOP,middle,11.3857
2009-03-30,HKD,MOP,middle,1.03
2009-03-30,JPY,MOP,middle,0.08130599999999999
2009-03-30,KRW,MOP,middle,0.0058
2009-03-30,MYR,MOP,middle,2.1973
2009-03-30,NOK,MOP,middle,1.2028
2009-03-30,NZD,MOP,middle,4.5282
2009-03-30,SEK,MOP,middle,0.9672
2009-03-30,SGD,MOP,middle,5.2554
2009-03-30,TWD,MOP,middle,0.2354
2009-03-30,USD,MOP,middle,7.9827
2009-03-31,AUD,MOP,middle,5.4493
2009-03-31,CAD,MOP,middle,6.3301
2009-03-31,CHF,MOP,middle,6.9502
2009-03-31,CNY,MOP,middle,1.1681
2009-03-31,DKK,MOP,middle,1.4158
2009-03-31,EUR,MOP,middle,10.5458
2009-03-31,GBP,MOP,middle,11.396
2009-03-31,HKD,MOP,middle,1.03
2009-03-31,JPY,MOP,middle,0.081442
2009-03-31,KRW,MOP,middle,0.005699999999999999
2009-03-31,MYR,MOP,middle,2.1858
2009-03-31,NOK,MOP,middle,1.1734
2009-03-31,NZD,MOP,middle,4.4998
2009-03-31,SEK,MOP,middle,0.959
2009-03-31,SGD,MOP,middle,5.2548
2009-03-31,TWD,MOP,middle,0.2338
2009-03-31,USD,MOP,middle,7.9826
2009-04-01,AUD,MOP,middle,5.4857
2009-04-01,CAD,MOP,middle,6.2947
2009-04-01,CHF,MOP,middle,6.985
2009-04-01,CNY,MOP,middle,1.1678
2009-04-01,DKK,MOP,middle,1.4127
2009-04-01,EUR,MOP,middle,10.5227
2009-04-01,GBP,MOP,middle,11.4016
2009-04-01,HKD,MOP,middle,1.03
2009-04-01,JPY,MOP,middle,0.080801
2009-04-01,KRW,MOP,middle,0.0058
2009-04-01,MYR,MOP,middle,2.1839
2009-04-01,NOK,MOP,middle,1.1783
2009-04-01,NZD,MOP,middle,4.4379
2009-04-01,SEK,MOP,middle,0.9624
2009-04-01,SGD,MOP,middle,5.2378
2009-04-01,TWD,MOP,middle,0.2354
2009-04-01,USD,MOP,middle,7.9832
2009-04-02,AUD,MOP,middle,5.5916
2009-04-02,CAD,MOP,middle,6.3497
2009-04-02,CHF,MOP,middle,6.9781
2009-04-02,CNY,MOP,middle,1.168
2009-04-02,DKK,MOP,middle,1.4213
2009-04-02,EUR,MOP,middle,10.5861
2009-04-02,GBP,MOP,middle,11.5652
2009-04-02,HKD,MOP,middle,1.03
2009-04-02,JPY,MOP,middle,0.08096199999999999
2009-04-02,KRW,MOP,middle,0.0059
2009-04-02,MYR,MOP,middle,2.1982
2009-04-02,NOK,MOP,middle,1.1905
2009-04-02,NZD,MOP,middle,4.5163
2009-04-02,SEK,MOP,middle,0.9762
2009-04-02,SGD,MOP,middle,5.2606
2009-04-02,TWD,MOP,middle,0.2366
2009-04-02,USD,MOP,middle,7.9829
2009-04-03,AUD,MOP,middle,5.7368
2009-04-03,CAD,MOP,middle,6.445
2009-04-03,CHF,MOP,middle,7.0386
2009-04-03,CNY,MOP,middle,1.1681
2009-04-03,DKK,MOP,middle,1.4427
2009-04-03,EUR,MOP,middle,10.7444
2009-04-03,GBP,MOP,middle,11.7623
2009-04-03,HKD,MOP,middle,1.03
2009-04-03,JPY,MOP,middle,0.079887
2009-04-03,KRW,MOP,middle,0.006
2009-04-03,MYR,MOP,middle,2.2311
2009-04-03,NOK,MOP,middle,1.2171
2009-04-03,NZD,MOP,middle,4.6995
2009-04-03,SEK,MOP,middle,0.9944
2009-04-03,SGD,MOP,middle,5.3238
2009-04-03,TWD,MOP,middle,0.2402
2009-04-03,USD,MOP,middle,7.9828
2009-04-06,AUD,MOP,middle,5.7364
2009-04-06,CAD,MOP,middle,6.5113
2009-04-06,CHF,MOP,middle,7.0807
2009-04-06,CNY,MOP,middle,1.1684
2009-04-06,DKK,MOP,middle,1.4516
2009-04-06,EUR,MOP,middle,10.8119
2009-04-06,GBP,MOP,middle,11.8856
2009-04-06,HKD,MOP,middle,1.03
2009-04-06,JPY,MOP,middle,0.07919
2009-04-06,KRW,MOP,middle,0.006
2009-04-06,MYR,MOP,middle,2.2345
2009-04-06,NOK,MOP,middle,1.2271
2009-04-06,NZD,MOP,middle,4.7402
2009-04-06,SEK,MOP,middle,1.0079
2009-04-06,SGD,MOP,middle,5.3148
2009-04-06,TWD,MOP,middle,0.2406
2009-04-06,USD,MOP,middle,7.9828
2009-04-07,AUD,MOP,middle,5.6471
2009-04-07,CAD,MOP,middle,6.4109
2009-04-07,CHF,MOP,middle,7.0225
2009-04-07,CNY,MOP,middle,1.1685
2009-04-07,DKK,MOP,middle,1.4304
2009-04-07,EUR,MOP,middle,10.652
2009-04-07,GBP,MOP,middle,11.7126
2009-04-07,HKD,MOP,middle,1.03
2009-04-07,JPY,MOP,middle,0.079386
2009-04-07,KRW,MOP,middle,0.006
2009-04-07,MYR,MOP,middle,2.2297
2009-04-07,NOK,MOP,middle,1.2091
2009-04-07,NZD,MOP,middle,4.6376
2009-04-07,SEK,MOP,middle,0.9866
2009-04-07,SGD,MOP,middle,5.2867
2009-04-07,TWD,MOP,middle,0.2398
2009-04-07,USD,MOP,middle,7.9835
2009-04-08,AUD,MOP,middle,5.6468
2009-04-08,CAD,MOP,middle,6.4363
2009-04-08,CHF,MOP,middle,6.9614
2009-04-08,CNY,MOP,middle,1.1681
2009-04-08,DKK,MOP,middle,1.4149
2009-04-08,EUR,MOP,middle,10.5404
2009-04-08,GBP,MOP,middle,11.727
2009-04-08,HKD,MOP,middle,1.03
2009-04-08,JPY,MOP,middle,0.07944
2009-04-08,KRW,MOP,middle,0.006
2009-04-08,MYR,MOP,middle,2.2019
2009-04-08,NOK,MOP,middle,1.185
2009-04-08,NZD,MOP,middle,4.5771
2009-04-08,SEK,MOP,middle,0.9704
2009-04-08,SGD,MOP,middle,5.2618
2009-04-08,TWD,MOP,middle,0.2375
2009-04-08,USD,MOP,middle,7.983
2009-04-09,AUD,MOP,middle,5.6651
2009-04-09,CAD,MOP,middle,6.4459
2009-04-09,CHF,MOP,middle,6.9453
2009-04-09,CNY,MOP,middle,1.1676
2009-04-09,DKK,MOP,middle,1.419
2009-04-09,EUR,MOP,middle,10.5726
2009-04-09,GBP,MOP,middle,11.7217
2009-04-09,HKD,MOP,middle,1.03
2009-04-09,JPY,MOP,middle,0.079968
2009-04-09,KRW,MOP,middle,0.0059
2009-04-09,MYR,MOP,middle,2.2067
2009-04-09,NOK,MOP,middle,1.1921
2009-04-09,NZD,MOP,middle,4.6277
2009-04-09,SEK,MOP,middle,0.9643
2009-04-09,SGD,MOP,middle,5.2663
2009-04-09,TWD,MOP,middle,0.2359
2009-04-09,USD,MOP,middle,7.9829
2009-04-14,AUD,MOP,middle,5.8194
2009-04-14,CAD,MOP,middle,6.5292
2009-04-14,CHF,MOP,middle,7.0238
2009-04-14,CNY,MOP,middle,1.1683
2009-04-14,DKK,MOP,middle,1.4281
2009-04-14,EUR,MOP,middle,10.6385
2009-04-14,GBP,MOP,middle,11.856
2009-04-14,HKD,MOP,middle,1.03
2009-04-14,JPY,MOP,middle,0.079653
2009-04-14,KRW,MOP,middle,0.006
2009-04-14,MYR,MOP,middle,2.2191
2009-04-14,NOK,MOP,middle,1.212
2009-04-14,NZD,MOP,middle,4.7141
2009-04-14,SEK,MOP,middle,0.9744
2009-04-14,SGD,MOP,middle,5.3107
2009-04-14,TWD,MOP,middle,0.2374
2009-04-14,USD,MOP,middle,7.9833
2009-04-15,AUD,MOP,middle,5.7408
2009-04-15,CAD,MOP,middle,6.5618
2009-04-15,CHF,MOP,middle,7.0083
2009-04-15,CNY,MOP,middle,1.1689
2009-04-15,DKK,MOP,middle,1.4196
2009-04-15,EUR,MOP,middle,10.5728
2009-04-15,GBP,MOP,middle,11.8836
2009-04-15,HKD,MOP,middle,1.03
2009-04-15,JPY,MOP,middle,0.08083
2009-04-15,KRW,MOP,middle,0.006
2009-04-15,MYR,MOP,middle,2.2134
2009-04-15,NOK,MOP,middle,1.2018
2009-04-15,NZD,MOP,middle,4.6216
2009-04-15,SEK,MOP,middle,0.9732
2009-04-15,SGD,MOP,middle,5.3104
2009-04-15,TWD,MOP,middle,0.2369
2009-04-15,USD,MOP,middle,7.9828
2009-04-16,AUD,MOP,middle,5.8386
2009-04-16,CAD,MOP,middle,6.6493
2009-04-16,CHF,MOP,middle,7.0018
2009-04-16,CNY,MOP,middle,1.1689
2009-04-16,DKK,MOP,middle,1.4214
2009-04-16,EUR,MOP,middle,10.5888
2009-04-16,GBP,MOP,middle,12.0237
2009-04-16,HKD,MOP,middle,1.03
2009-04-16,JPY,MOP,middle,0.080269
2009-04-16,KRW,MOP,middle,0.0060999999999999995
2009-04-16,MYR,MOP,middle,2.2277
2009-04-16,NOK,MOP,middle,1.1991
2009-04-16,NZD,MOP,middle,4.622
2009-04-16,SEK,MOP,middle,0.9709
2009-04-16,SGD,MOP,middle,5.3356
2009-04-16,TWD,MOP,middle,0.2368
2009-04-16,USD,MOP,middle,7.9828
2009-04-17,AUD,MOP,middle,5.7523
2009-04-17,CAD,MOP,middle,6.597
2009-04-17,CHF,MOP,middle,6.9466
2009-04-17,CNY,MOP,middle,1.1688
2009-04-17,DKK,MOP,middle,1.4099
2009-04-17,EUR,MOP,middle,10.502
2009-04-17,GBP,MOP,middle,11.897
2009-04-17,HKD,MOP,middle,1.03
2009-04-17,JPY,MOP,middle,0.080107
2009-04-17,KRW,MOP,middle,0.006
2009-04-17,MYR,MOP,middle,2.218
2009-04-17,NOK,MOP,middle,1.1935
2009-04-17,NZD,MOP,middle,4.5749
2009-04-17,SEK,MOP,middle,0.9599
2009-04-17,SGD,MOP,middle,5.33
2009-04-17,TWD,MOP,middle,0.2364
2009-04-17,USD,MOP,middle,7.9827
2009-04-20,AUD,MOP,middle,5.7263
2009-04-20,CAD,MOP,middle,6.5625
2009-04-20,CHF,MOP,middle,6.8195
2009-04-20,CNY,MOP,middle,1.1686
2009-04-20,DKK,MOP,middle,1.3918
2009-04-20,EUR,MOP,middle,10.3694
2009-04-20,GBP,MOP,middle,11.7648
2009-04-20,HKD,MOP,middle,1.03
2009-04-20,JPY,MOP,middle,0.080502
2009-04-20,KRW,MOP,middle,0.0059
2009-04-20,MYR,MOP,middle,2.1948
2009-04-20,NOK,MOP,middle,1.1873
2009-04-20,NZD,MOP,middle,4.5162
2009-04-20,SEK,MOP,middle,0.9421
2009-04-20,SGD,MOP,middle,5.2977
2009-04-20,TWD,MOP,middle,0.2357
2009-04-20,USD,MOP,middle,7.9826
2009-04-21,AUD,MOP,middle,5.5916
2009-04-21,CAD,MOP,middle,6.4406
2009-04-21,CHF,MOP,middle,6.8229
2009-04-21,CNY,MOP,middle,1.1683
2009-04-21,DKK,MOP,middle,1.3839
2009-04-21,EUR,MOP,middle,10.309
2009-04-21,GBP,MOP,middle,11.5886
2009-04-21,HKD,MOP,middle,1.03
2009-04-21,JPY,MOP,middle,0.081386
2009-04-21,KRW,MOP,middle,0.0059
2009-04-21,MYR,MOP,middle,2.185
2009-04-21,NOK,MOP,middle,1.1681
2009-04-21,NZD,MOP,middle,4.4161
2009-04-21,SEK,MOP,middle,0.9176
2009-04-21,SGD,MOP,middle,5.2812
2009-04-21,TWD,MOP,middle,0.2354
2009-04-21,USD,MOP,middle,7.9828
2009-04-22,AUD,MOP,middle,5.6433
2009-04-22,CAD,MOP,middle,6.445
2009-04-22,CHF,MOP,middle,6.8281
2009-04-22,CNY,MOP,middle,1.1682
2009-04-22,DKK,MOP,middle,1.385
2009-04-22,EUR,MOP,middle,10.3181
2009-04-22,GBP,MOP,middle,11.7045
2009-04-22,HKD,MOP,middle,1.03
2009-04-22,JPY,MOP,middle,0.080978
2009-04-22,KRW,MOP,middle,0.0059
2009-04-22,MYR,MOP,middle,2.19
2009-04-22,NOK,MOP,middle,1.1764
2009-04-22,NZD,MOP,middle,4.4649
2009-04-22,SEK,MOP,middle,0.9332
2009-04-22,SGD,MOP,middle,5.2941
2009-04-22,TWD,MOP,middle,0.236
2009-04-22,USD,MOP,middle,7.9837
2009-04-23,AUD,MOP,middle,5.6217
2009-04-23,CAD,MOP,middle,6.4337
2009-04-23,CHF,MOP,middle,6.8532
2009-04-23,CNY,MOP,middle,1.1687
2009-04-23,DKK,MOP,middle,1.392
2009-04-23,EUR,MOP,middle,10.369
2009-04-23,GBP,MOP,middle,11.5416
2009-04-23,HKD,MOP,middle,1.03
2009-04-23,JPY,MOP,middle,0.081634
2009-04-23,KRW,MOP,middle,0.0059
2009-04-23,MYR,MOP,middle,2.1933
2009-04-23,NOK,MOP,middle,1.1866
2009-04-23,NZD,MOP,middle,4.424
2009-04-23,SEK,MOP,middle,0.946
2009-04-23,SGD,MOP,middle,5.3011
2009-04-23,TWD,MOP,middle,0.2358
2009-04-23,USD,MOP,middle,7.9826
2009-04-24,AUD,MOP,middle,5.6839
2009-04-24,CAD,MOP,middle,6.5115
2009-04-24,CHF,MOP,middle,6.9323
2009-04-24,CNY,MOP,middle,1.1688
2009-04-24,DKK,MOP,middle,1.407
2009-04-24,EUR,MOP,middle,10.4806
2009-04-24,GBP,MOP,middle,11.6996
2009-04-24,HKD,MOP,middle,1.03
2009-04-24,JPY,MOP,middle,0.08164500000000001
2009-04-24,KRW,MOP,middle,0.006
2009-04-24,MYR,MOP,middle,2.2152
2009-04-24,NOK,MOP,middle,1.2054
2009-04-24,NZD,MOP,middle,4.4758
2009-04-24,SEK,MOP,middle,0.9663
2009-04-24,SGD,MOP,middle,5.3311
2009-04-24,TWD,MOP,middle,0.2361
2009-04-24,USD,MOP,middle,7.9825
2009-04-27,AUD,MOP,middle,5.7252
2009-04-27,CAD,MOP,middle,6.5734
2009-04-27,CHF,MOP,middle,6.9922
2009-04-27,CNY,MOP,middle,1.1692
2009-04-27,DKK,MOP,middle,1.414
2009-04-27,EUR,MOP,middle,10.5352
2009-04-27,GBP,MOP,middle,11.6759
2009-04-27,HKD,MOP,middle,1.03
2009-04-27,JPY,MOP,middle,0.082376
2009-04-27,KRW,MOP,middle,0.006
2009-04-27,MYR,MOP,middle,2.2233
2009-04-27,NOK,MOP,middle,1.2117
2009-04-27,NZD,MOP,middle,4.5226
2009-04-27,SEK,MOP,middle,0.978
2009-04-27,SGD,MOP,middle,5.3482
2009-04-27,TWD,MOP,middle,0.2372
2009-04-27,USD,MOP,middle,7.9827
2009-04-28,AUD,MOP,middle,5.6405
2009-04-28,CAD,MOP,middle,6.5571
2009-04-28,CHF,MOP,middle,6.9051
2009-04-28,CNY,MOP,middle,1.1696
2009-04-28,DKK,MOP,middle,1.3958
2009-04-28,EUR,MOP,middle,10.3969
2009-04-28,GBP,MOP,middle,11.6634
2009-04-28,HKD,MOP,middle,1.03
2009-04-28,JPY,MOP,middle,0.082691
2009-04-28,KRW,MOP,middle,0.0059
2009-04-28,MYR,MOP,middle,2.2067
2009-04-28,NOK,MOP,middle,1.1835
2009-04-28,NZD,MOP,middle,4.4794
2009-04-28,SEK,MOP,middle,0.9776
2009-04-28,SGD,MOP,middle,5.3175
2009-04-28,TWD,MOP,middle,0.2365
2009-04-28,USD,MOP,middle,7.9826
2009-04-29,AUD,MOP,middle,5.6749
2009-04-29,CAD,MOP,middle,6.5562
2009-04-29,CHF,MOP,middle,6.9847
2009-04-29,CNY,MOP,middle,1.1693
2009-04-29,DKK,MOP,middle,1.4097
2009-04-29,EUR,MOP,middle,10.4999
2009-04-29,GBP,MOP,middle,11.7046
2009-04-29,HKD,MOP,middle,1.03
2009-04-29,JPY,MOP,middle,0.082385
2009-04-29,KRW,MOP,middle,0.0059
2009-04-29,MYR,MOP,middle,2.2102
2009-04-29,NOK,MOP,middle,1.1982
2009-04-29,NZD,MOP,middle,4.4921
2009-04-29,SEK,MOP,middle,0.9809
2009-04-29,SGD,MOP,middle,5.3376
2009-04-29,TWD,MOP,middle,0.2366
2009-04-29,USD,MOP,middle,7.9832
2009-04-30,AUD,MOP,middle,5.8104
2009-04-30,CAD,MOP,middle,6.6521
2009-04-30,CHF,MOP,middle,7.0427
2009-04-30,CNY,MOP,middle,1.1694
2009-04-30,DKK,MOP,middle,1.425
2009-04-30,EUR,MOP,middle,10.6141
2009-04-30,GBP,MOP,middle,11.8147
2009-04-30,HKD,MOP,middle,1.03
2009-04-30,JPY,MOP,middle,0.081666
2009-04-30,KRW,MOP,middle,0.006
2009-04-30,MYR,MOP,middle,2.2389
2009-04-30,NOK,MOP,middle,1.2137
2009-04-30,NZD,MOP,middle,4.5207
2009-04-30,SEK,MOP,middle,0.9927
2009-04-30,SGD,MOP,middle,5.375
2009-04-30,TWD,MOP,middle,0.2378
2009-04-30,USD,MOP,middle,7.9829
2009-05-04,AUD,MOP,middle,5.874
2009-05-04,CAD,MOP,middle,6.7552
2009-05-04,CHF,MOP,middle,7.0409
2009-05-04,CNY,MOP,middle,1.1696
2009-05-04,DKK,MOP,middle,1.4274
2009-05-04,EUR,MOP,middle,10.632
2009-05-04,GBP,MOP,middle,11.9436
2009-05-04,HKD,MOP,middle,1.03
2009-05-04,JPY,MOP,middle,0.080364
2009-05-04,KRW,MOP,middle,0.0063
2009-05-04,MYR,MOP,middle,2.2502
2009-05-04,NOK,MOP,middle,1.2235
2009-05-04,NZD,MOP,middle,4.5884
2009-05-04,SEK,MOP,middle,0.9989
2009-05-04,SGD,MOP,middle,5.4063
2009-05-04,TWD,MOP,middle,0.2406
2009-05-04,USD,MOP,middle,7.9826
2009-05-05,AUD,MOP,middle,5.9044
2009-05-05,CAD,MOP,middle,6.7978
2009-05-05,CHF,MOP,middle,7.0778
2009-05-05,CNY,MOP,middle,1.1701
2009-05-05,DKK,MOP,middle,1.4349
2009-05-05,EUR,MOP,middle,10.6884
2009-05-05,GBP,MOP,middle,11.9792
2009-05-05,HKD,MOP,middle,1.03
2009-05-05,JPY,MOP,middle,0.08077999999999999
2009-05-05,KRW,MOP,middle,0.0063
2009-05-05,MYR,MOP,middle,2.2727
2009-05-05,NOK,MOP,middle,1.2307
2009-05-05,NZD,MOP,middle,4.5968
2009-05-05,SEK,MOP,middle,1.0109
2009-05-05,SGD,MOP,middle,5.4199
2009-05-05,TWD,MOP,middle,0.2415
2009-05-05,USD,MOP,middle,7.9827
2009-05-06,AUD,MOP,middle,5.9011
2009-05-06,CAD,MOP,middle,6.7832
2009-05-06,CHF,MOP,middle,7.0368
2009-05-06,CNY,MOP,middle,1.1704
2009-05-06,DKK,MOP,middle,1.426
2009-05-06,EUR,MOP,middle,10.6211
2009-05-06,GBP,MOP,middle,12.0077
2009-05-06,HKD,MOP,middle,1.03
2009-05-06,JPY,MOP,middle,0.080892
2009-05-06,KRW,MOP,middle,0.0063
2009-05-06,MYR,MOP,middle,2.2626
2009-05-06,NOK,MOP,middle,1.216
2009-05-06,NZD,MOP,middle,4.6231
2009-05-06,SEK,MOP,middle,1.0013
2009-05-06,SGD,MOP,middle,5.4071
2009-05-06,TWD,MOP,middle,0.241
2009-05-06,USD,MOP,middle,7.9825
2009-05-07,AUD,MOP,middle,5.9612
2009-05-07,CAD,MOP,middle,6.834
2009-05-07,CHF,MOP,middle,7.0318
2009-05-07,CNY,MOP,middle,1.1699
2009-05-07,DKK,MOP,middle,1.4239
2009-05-07,EUR,MOP,middle,10.6055
2009-05-07,GBP,MOP,middle,12.0612
2009-05-07,HKD,MOP,middle,1.03
2009-05-07,JPY,MOP,middle,0.080957
2009-05-07,KRW,MOP,middle,0.0063
2009-05-07,MYR,MOP,middle,2.2621
2009-05-07,NOK,MOP,middle,1.2197
2009-05-07,NZD,MOP,middle,4.6835
2009-05-07,SEK,MOP,middle,1.005
2009-05-07,SGD,MOP,middle,5.4163
2009-05-07,TWD,MOP,middle,0.2412
2009-05-07,USD,MOP,middle,7.9828
2009-05-08,AUD,MOP,middle,6.0162
2009-05-08,CAD,MOP,middle,6.8165
2009-05-08,CHF,MOP,middle,7.0507
2009-05-08,CNY,MOP,middle,1.17
2009-05-08,DKK,MOP,middle,1.432
2009-05-08,EUR,MOP,middle,10.6682
2009-05-08,GBP,MOP,middle,11.9786
2009-05-08,HKD,MOP,middle,1.03
2009-05-08,JPY,MOP,middle,0.08041000000000001
2009-05-08,KRW,MOP,middle,0.0063
2009-05-08,MYR,MOP,middle,2.2598
2009-05-08,NOK,MOP,middle,1.232
2009-05-08,NZD,MOP,middle,4.727
2009-05-08,SEK,MOP,middle,1.0134
2009-05-08,SGD,MOP,middle,5.4281
2009-05-08,TWD,MOP,middle,0.241
2009-05-08,USD,MOP,middle,7.9828
2009-05-11,AUD,MOP,middle,6.1251
2009-05-11,CAD,MOP,middle,6.9379
2009-05-11,CHF,MOP,middle,7.2193
2009-05-11,CNY,MOP,middle,1.1701
2009-05-11,DKK,MOP,middle,1.4609
2009-05-11,EUR,MOP,middle,10.8812
2009-05-11,GBP,MOP,middle,12.1437
2009-05-11,HKD,MOP,middle,1.03
2009-05-11,JPY,MOP,middle,0.081054
2009-05-11,KRW,MOP,middle,0.0064
2009-05-11,MYR,MOP,middle,2.2791
2009-05-11,NOK,MOP,middle,1.2584
2009-05-11,NZD,MOP,middle,4.8415
2009-05-11,SEK,MOP,middle,1.0435
2009-05-11,SGD,MOP,middle,5.465
2009-05-11,TWD,MOP,middle,0.2425
2009-05-11,USD,MOP,middle,7.9827
2009-05-12,AUD,MOP,middle,6.0592
2009-05-12,CAD,MOP,middle,6.8503
2009-05-12,CHF,MOP,middle,7.1948
2009-05-12,CNY,MOP,middle,1.1701
2009-05-12,DKK,MOP,middle,1.4557
2009-05-12,EUR,MOP,middle,10.8424
2009-05-12,GBP,MOP,middle,12.0793
2009-05-12,HKD,MOP,middle,1.03
2009-05-12,JPY,MOP,middle,0.081914
2009-05-12,KRW,MOP,middle,0.0064
2009-05-12,MYR,MOP,middle,2.263
2009-05-12,NOK,MOP,middle,1.2351
2009-05-12,NZD,MOP,middle,4.7824
2009-05-12,SEK,MOP,middle,1.0164
2009-05-12,SGD,MOP,middle,5.4509
2009-05-12,TWD,MOP,middle,0.2425
2009-05-12,USD,MOP,middle,7.9826
2009-05-13,AUD,MOP,middle,6.1323
2009-05-13,CAD,MOP,middle,6.8894
2009-05-13,CHF,MOP,middle,7.253
2009-05-13,CNY,MOP,middle,1.1698
2009-05-13,DKK,MOP,middle,1.4674
2009-05-13,EUR,MOP,middle,10.9299
2009-05-13,GBP,MOP,middle,12.2115
2009-05-13,HKD,MOP,middle,1.03
2009-05-13,JPY,MOP,middle,0.0833
2009-05-13,KRW,MOP,middle,0.006500000000000001
2009-05-13,MYR,MOP,middle,2.2762
2009-05-13,NOK,MOP,middle,1.2446
2009-05-13,NZD,MOP,middle,4.8563
2009-05-13,SEK,MOP,middle,1.0266
2009-05-13,SGD,MOP,middle,5.487
2009-05-13,TWD,MOP,middle,0.2432
2009-05-13,USD,MOP,middle,7.9827
2009-05-14,AUD,MOP,middle,6.0204
2009-05-14,CAD,MOP,middle,6.8082
2009-05-14,CHF,MOP,middle,7.1958
2009-05-14,CNY,MOP,middle,1.1699
2009-05-14,DKK,MOP,middle,1.4536
2009-05-14,EUR,MOP,middle,10.8261
2009-05-14,GBP,MOP,middle,12.0847
2009-05-14,HKD,MOP,middle,1.03
2009-05-14,JPY,MOP,middle,0.083648
2009-05-14,KRW,MOP,middle,0.0064
2009-05-14,MYR,MOP,middle,2.257
2009-05-14,NOK,MOP,middle,1.2195
2009-05-14,NZD,MOP,middle,4.7399
2009-05-14,SEK,MOP,middle,1.0014
2009-05-14,SGD,MOP,middle,5.4577
2009-05-14,TWD,MOP,middle,0.2424
2009-05-14,USD,MOP,middle,7.983
2009-05-15,AUD,MOP,middle,6.0566
2009-05-15,CAD,MOP,middle,6.8172
2009-05-15,CHF,MOP,middle,7.227
2009-05-15,CNY,MOP,middle,1.1697
2009-05-15,DKK,MOP,middle,1.4615
2009-05-15,EUR,MOP,middle,10.8839
2009-05-15,GBP,MOP,middle,12.1568
2009-05-15,HKD,MOP,middle,1.03
2009-05-15,JPY,MOP,middle,0.083211
2009-05-15,KRW,MOP,middle,0.0063
2009-05-15,MYR,MOP,middle,2.2535
2009-05-15,NOK,MOP,middle,1.2363
2009-05-15,NZD,MOP,middle,4.7331
2009-05-15,SEK,MOP,middle,1.0158
2009-05-15,SGD,MOP,middle,5.4485
2009-05-15,TWD,MOP,middle,0.2427
2009-05-15,USD,MOP,middle,7.9829
2009-05-18,AUD,MOP,middle,5.9594
2009-05-18,CAD,MOP,middle,6.7721
2009-05-18,CHF,MOP,middle,7.1003
2009-05-18,CNY,MOP,middle,1.1698
2009-05-18,DKK,MOP,middle,1.442
2009-05-18,EUR,MOP,middle,10.7351
2009-05-18,GBP,MOP,middle,12.0856
2009-05-18,HKD,MOP,middle,1.03
2009-05-18,JPY,MOP,middle,0.084148
2009-05-18,KRW,MOP,middle,0.0063
2009-05-18,MYR,MOP,middle,2.2438
2009-05-18,NOK,MOP,middle,1.2168
2009-05-18,NZD,MOP,middle,4.6624
2009-05-18,SEK,MOP,middle,1.0036
2009-05-18,SGD,MOP,middle,5.4196
2009-05-18,TWD,MOP,middle,0.2419
2009-05-18,USD,MOP,middle,7.9836
2009-05-19,AUD,MOP,middle,6.0949
2009-05-19,CAD,MOP,middle,6.8513
2009-05-19,CHF,MOP,middle,7.1555
2009-05-19,CNY,MOP,middle,1.1697
2009-05-19,DKK,MOP,middle,1.4517
2009-05-19,EUR,MOP,middle,10.808
2009-05-19,GBP,MOP,middle,12.2206
2009-05-19,HKD,MOP,middle,1.03
2009-05-19,JPY,MOP,middle,0.08303
2009-05-19,KRW,MOP,middle,0.0064
2009-05-19,MYR,MOP,middle,2.2517
2009-05-19,NOK,MOP,middle,1.2314
2009-05-19,NZD,MOP,middle,4.7434
2009-05-19,SEK,MOP,middle,1.0349
2009-05-19,SGD,MOP,middle,5.4455
2009-05-19,TWD,MOP,middle,0.2429
2009-05-19,USD,MOP,middle,7.9855
2009-05-20,AUD,MOP,middle,6.1539
2009-05-20,CAD,MOP,middle,6.905
2009-05-20,CHF,MOP,middle,7.1905
2009-05-20,CNY,MOP,middle,1.1697
2009-05-20,DKK,MOP,middle,1.4597
2009-05-20,EUR,MOP,middle,10.8686
2009-05-20,GBP,MOP,middle,12.3521
2009-05-20,HKD,MOP,middle,1.03
2009-05-20,JPY,MOP,middle,0.083321
2009-05-20,KRW,MOP,middle,0.0064
2009-05-20,MYR,MOP,middle,2.2526
2009-05-20,NOK,MOP,middle,1.2412
2009-05-20,NZD,MOP,middle,4.7906
2009-05-20,SEK,MOP,middle,1.0387
2009-05-20,SGD,MOP,middle,5.4471
2009-05-20,TWD,MOP,middle,0.243
2009-05-20,USD,MOP,middle,7.9843
2009-05-21,AUD,MOP,middle,6.1707
2009-05-21,CAD,MOP,middle,6.9914
2009-05-21,CHF,MOP,middle,7.2564
2009-05-21,CNY,MOP,middle,1.1699
2009-05-21,DKK,MOP,middle,1.4768
2009-05-21,EUR,MOP,middle,10.9968
2009-05-21,GBP,MOP,middle,12.5666
2009-05-21,HKD,MOP,middle,1.03
2009-05-21,JPY,MOP,middle,0.08457200000000001
2009-05-21,KRW,MOP,middle,0.0064
2009-05-21,MYR,MOP,middle,2.2591
2009-05-21,NOK,MOP,middle,1.2443
2009-05-21,NZD,MOP,middle,4.8396
2009-05-21,SEK,MOP,middle,1.0503
2009-05-21,SGD,MOP,middle,5.4708
2009-05-21,TWD,MOP,middle,0.2438
2009-05-21,USD,MOP,middle,7.9849
2009-05-22,AUD,MOP,middle,6.2406
2009-05-22,CAD,MOP,middle,7.0457
2009-05-22,CHF,MOP,middle,7.3293
2009-05-22,CNY,MOP,middle,1.17
2009-05-22,DKK,MOP,middle,1.4964
2009-05-22,EUR,MOP,middle,11.1409
2009-05-22,GBP,MOP,middle,12.6928
2009-05-22,HKD,MOP,middle,1.03
2009-05-22,JPY,MOP,middle,0.08483700000000001
2009-05-22,KRW,MOP,middle,0.0064
2009-05-22,MYR,MOP,middle,2.2843
2009-05-22,NOK,MOP,middle,1.2577
2009-05-22,NZD,MOP,middle,4.9215
2009-05-22,SEK,MOP,middle,1.0707
2009-05-22,SGD,MOP,middle,5.5224
2009-05-22,TWD,MOP,middle,0.2445
2009-05-22,USD,MOP,middle,7.9849
2009-05-25,AUD,MOP,middle,6.2327
2009-05-25,CAD,MOP,middle,7.1093
2009-05-25,CHF,MOP,middle,7.3566
2009-05-25,CNY,MOP,middle,1.1701
2009-05-25,DKK,MOP,middle,1.5017
2009-05-25,EUR,MOP,middle,11.1811
2009-05-25,GBP,MOP,middle,12.6834
2009-05-25,HKD,MOP,middle,1.03
2009-05-25,JPY,MOP,middle,0.08446
2009-05-25,KRW,MOP,middle,0.0064
2009-05-25,MYR,MOP,middle,2.2967
2009-05-25,NOK,MOP,middle,1.2616
2009-05-25,NZD,MOP,middle,4.928
2009-05-25,SEK,MOP,middle,1.071
2009-05-25,SGD,MOP,middle,5.5308
2009-05-25,TWD,MOP,middle,0.2449
2009-05-25,USD,MOP,middle,7.9845
2009-05-26,AUD,MOP,middle,6.214
2009-05-26,CAD,MOP,middle,7.0915
2009-05-26,CHF,MOP,middle,7.3575
2009-05-26,CNY,MOP,middle,1.17
2009-05-26,DKK,MOP,middle,1.4996
2009-05-26,EUR,MOP,middle,11.1671
2009-05-26,GBP,MOP,middle,12.6879
2009-05-26,HKD,MOP,middle,1.03
2009-05-26,JPY,MOP,middle,0.084206
2009-05-26,KRW,MOP,middle,0.0063
2009-05-26,MYR,MOP,middle,2.2902
2009-05-26,NOK,MOP,middle,1.2577
2009-05-26,NZD,MOP,middle,4.9387
2009-05-26,SEK,MOP,middle,1.0647
2009-05-26,SGD,MOP,middle,5.5168
2009-05-26,TWD,MOP,middle,0.2447
2009-05-26,USD,MOP,middle,7.9836
2009-05-27,AUD,MOP,middle,6.2775
2009-05-27,CAD,MOP,middle,7.159
2009-05-27,CHF,MOP,middle,7.3646
2009-05-27,CNY,MOP,middle,1.1694
2009-05-27,DKK,MOP,middle,1.4999
2009-05-27,EUR,MOP,middle,11.1672
2009-05-27,GBP,MOP,middle,12.7518
2009-05-27,HKD,MOP,middle,1.03
2009-05-27,JPY,MOP,middle,0.08390700000000001
2009-05-27,KRW,MOP,middle,0.0063
2009-05-27,MYR,MOP,middle,2.2821
2009-05-27,NOK,MOP,middle,1.2492
2009-05-27,NZD,MOP,middle,4.9635
2009-05-27,SEK,MOP,middle,1.0581
2009-05-27,SGD,MOP,middle,5.5155
2009-05-27,TWD,MOP,middle,0.2449
2009-05-27,USD,MOP,middle,7.9851
2009-05-29,AUD,MOP,middle,6.2737
2009-05-29,CAD,MOP,middle,7.1691
2009-05-29,CHF,MOP,middle,7.3699
2009-05-29,CNY,MOP,middle,1.1687
2009-05-29,DKK,MOP,middle,1.4961
2009-05-29,EUR,MOP,middle,11.1395
2009-05-29,GBP,MOP,middle,12.727
2009-05-29,HKD,MOP,middle,1.03
2009-05-29,JPY,MOP,middle,0.082744
2009-05-29,KRW,MOP,middle,0.0063
2009-05-29,MYR,MOP,middle,2.276
2009-05-29,NOK,MOP,middle,1.2437
2009-05-29,NZD,MOP,middle,4.9888
2009-05-29,SEK,MOP,middle,1.0398
2009-05-29,SGD,MOP,middle,5.4974
2009-05-29,TWD,MOP,middle,0.245
2009-05-29,USD,MOP,middle,7.9853
2009-06-01,AUD,MOP,middle,6.4061
2009-06-01,CAD,MOP,middle,7.3203
2009-06-01,CHF,MOP,middle,7.4804
2009-06-01,CNY,MOP,middle,1.1686
2009-06-01,DKK,MOP,middle,1.5158
2009-06-01,EUR,MOP,middle,11.2865
2009-06-01,GBP,MOP,middle,12.9364
2009-06-01,HKD,MOP,middle,1.03
2009-06-01,JPY,MOP,middle,0.084101
2009-06-01,KRW,MOP,middle,0.0064
2009-06-01,MYR,MOP,middle,2.2907
2009-06-01,NOK,MOP,middle,1.2672
2009-06-01,NZD,MOP,middle,5.1119
2009-06-01,SEK,MOP,middle,1.055
2009-06-01,SGD,MOP,middle,5.5402
2009-06-01,TWD,MOP,middle,0.2454
2009-06-01,USD,MOP,middle,7.9842
2009-06-02,AUD,MOP,middle,6.4511
2009-06-02,CAD,MOP,middle,7.3093
2009-06-02,CHF,MOP,middle,7.4634
2009-06-02,CNY,MOP,middle,1.1687
2009-06-02,DKK,MOP,middle,1.5182
2009-06-02,EUR,MOP,middle,11.3037
2009-06-02,GBP,MOP,middle,13.1193
2009-06-02,HKD,MOP,middle,1.03
2009-06-02,JPY,MOP,middle,0.082838
2009-06-02,KRW,MOP,middle,0.006500000000000001
2009-06-02,MYR,MOP,middle,2.2926
2009-06-02,NOK,MOP,middle,1.2918
2009-06-02,NZD,MOP,middle,5.1664
2009-06-02,SEK,MOP,middle,1.0733
2009-06-02,SGD,MOP,middle,5.5443
2009-06-02,TWD,MOP,middle,0.247
2009-06-02,USD,MOP,middle,7.984
2009-06-03,AUD,MOP,middle,6.5351
2009-06-03,CAD,MOP,middle,7.3697
2009-06-03,CHF,MOP,middle,7.5139
2009-06-03,CNY,MOP,middle,1.1689
2009-06-03,DKK,MOP,middle,1.5324
2009-06-03,EUR,MOP,middle,11.4108
2009-06-03,GBP,MOP,middle,13.2232
2009-06-03,HKD,MOP,middle,1.03
2009-06-03,JPY,MOP,middle,0.08345599999999999
2009-06-03,KRW,MOP,middle,0.0064
2009-06-03,MYR,MOP,middle,2.2943
2009-06-03,NOK,MOP,middle,1.2902
2009-06-03,NZD,MOP,middle,5.2197
2009-06-03,SEK,MOP,middle,1.0647
2009-06-03,SGD,MOP,middle,5.5499
2009-06-03,TWD,MOP,middle,0.246
2009-06-03,USD,MOP,middle,7.9843
2009-06-04,AUD,MOP,middle,6.4133
2009-06-04,CAD,MOP,middle,7.1959
2009-06-04,CHF,MOP,middle,7.4661
2009-06-04,CNY,MOP,middle,1.169
2009-06-04,DKK,MOP,middle,1.5194
2009-06-04,EUR,MOP,middle,11.3144
2009-06-04,GBP,MOP,middle,13.0246
2009-06-04,HKD,MOP,middle,1.03
2009-06-04,JPY,MOP,middle,0.082991
2009-06-04,KRW,MOP,middle,0.0064
2009-06-04,MYR,MOP,middle,2.2832
2009-06-04,NOK,MOP,middle,1.2596
2009-06-04,NZD,MOP,middle,5.0776
2009-06-04,SEK,MOP,middle,1.0408
2009-06-04,SGD,MOP,middle,5.5269
2009-06-04,TWD,MOP,middle,0.2446
2009-06-04,USD,MOP,middle,7.9842
2009-06-05,AUD,MOP,middle,6.4078
2009-06-05,CAD,MOP,middle,7.2651
2009-06-05,CHF,MOP,middle,7.4738
2009-06-05,CNY,MOP,middle,1.1686
2009-06-05,DKK,MOP,middle,1.5211
2009-06-05,EUR,MOP,middle,11.3285
2009-06-05,GBP,MOP,middle,12.8811
2009-06-05,HKD,MOP,middle,1.03
2009-06-05,JPY,MOP,middle,0.082644
2009-06-05,KRW,MOP,middle,0.0064
2009-06-05,MYR,MOP,middle,2.2829
2009-06-05,NOK,MOP,middle,1.2695
2009-06-05,NZD,MOP,middle,5.0545
2009-06-05,SEK,MOP,middle,1.0448
2009-06-05,SGD,MOP,middle,5.5211
2009-06-05,TWD,MOP,middle,0.2452
2009-06-05,USD,MOP,middle,7.9843
2009-06-08,AUD,MOP,middle,6.3638
2009-06-08,CAD,MOP,middle,7.1512
2009-06-08,CHF,MOP,middle,7.3568
2009-06-08,CNY,MOP,middle,1.1685
2009-06-08,DKK,MOP,middle,1.4982
2009-06-08,EUR,MOP,middle,11.1566
2009-06-08,GBP,MOP,middle,12.7512
2009-06-08,HKD,MOP,middle,1.03
2009-06-08,JPY,MOP,middle,0.08097599999999999
2009-06-08,KRW,MOP,middle,0.0064
2009-06-08,MYR,MOP,middle,2.2748
2009-06-08,NOK,MOP,middle,1.2449
2009-06-08,NZD,MOP,middle,5.0092
2009-06-08,SEK,MOP,middle,1.0246
2009-06-08,SGD,MOP,middle,5.4878
2009-06-08,TWD,MOP,middle,0.2442
2009-06-08,USD,MOP,middle,7.9847
2009-06-09,AUD,MOP,middle,6.3233
2009-06-09,CAD,MOP,middle,7.1618
2009-06-09,CHF,MOP,middle,7.3207
2009-06-09,CNY,MOP,middle,1.1678
2009-06-09,DKK,MOP,middle,1.4926
2009-06-09,EUR,MOP,middle,11.1157
2009-06-09,GBP,MOP,middle,12.8279
2009-06-09,HKD,MOP,middle,1.03
2009-06-09,JPY,MOP,middle,0.081142
2009-06-09,KRW,MOP,middle,0.0064
2009-06-09,MYR,MOP,middle,2.2756
2009-06-09,NOK,MOP,middle,1.2391
2009-06-09,NZD,MOP,middle,4.97
2009-06-09,SEK,MOP,middle,1.0197
2009-06-09,SGD,MOP,middle,5.4875
2009-06-09,TWD,MOP,middle,0.243
2009-06-09,USD,MOP,middle,7.984
2009-06-10,AUD,MOP,middle,6.4101
2009-06-10,CAD,MOP,middle,7.234
2009-06-10,CHF,MOP,middle,7.4079
2009-06-10,CNY,MOP,middle,1.1679
2009-06-10,DKK,MOP,middle,1.5092
2009-06-10,EUR,MOP,middle,11.2362
2009-06-10,GBP,MOP,middle,13.0286
2009-06-10,HKD,MOP,middle,1.03
2009-06-10,JPY,MOP,middle,0.08215
2009-06-10,KRW,MOP,middle,0.0064
2009-06-10,MYR,MOP,middle,2.2724
2009-06-10,NOK,MOP,middle,1.2635
2009-06-10,NZD,MOP,middle,5.0157
2009-06-10,SEK,MOP,middle,1.0433
2009-06-10,SGD,MOP,middle,5.5062
2009-06-10,TWD,MOP,middle,0.2439
2009-06-10,USD,MOP,middle,7.9842
2009-06-11,AUD,MOP,middle,6.4319
2009-06-11,CAD,MOP,middle,7.2149
2009-06-11,CHF,MOP,middle,7.3981
2009-06-11,CNY,MOP,middle,1.1683
2009-06-11,DKK,MOP,middle,1.5013
2009-06-11,EUR,MOP,middle,11.1816
2009-06-11,GBP,MOP,middle,13.0674
2009-06-11,HKD,MOP,middle,1.03
2009-06-11,JPY,MOP,middle,0.081311
2009-06-11,KRW,MOP,middle,0.0064
2009-06-11,MYR,MOP,middle,2.2785
2009-06-11,NOK,MOP,middle,1.2543
2009-06-11,NZD,MOP,middle,5.0654
2009-06-11,SEK,MOP,middle,1.0364
2009-06-11,SGD,MOP,middle,5.4996
2009-06-11,TWD,MOP,middle,0.2437
2009-06-11,USD,MOP,middle,7.984
2009-06-12,AUD,MOP,middle,6.5274
2009-06-12,CAD,MOP,middle,7.2394
2009-06-12,CHF,MOP,middle,7.4585
2009-06-12,CNY,MOP,middle,1.1681
2009-06-12,DKK,MOP,middle,1.5128
2009-06-12,EUR,MOP,middle,11.2665
2009-06-12,GBP,MOP,middle,13.2264
2009-06-12,HKD,MOP,middle,1.03
2009-06-12,JPY,MOP,middle,0.081736
2009-06-12,KRW,MOP,middle,0.0064
2009-06-12,MYR,MOP,middle,2.2781
2009-06-12,NOK,MOP,middle,1.2671
2009-06-12,NZD,MOP,middle,5.1402
2009-06-12,SEK,MOP,middle,1.0505
2009-06-12,SGD,MOP,middle,5.5116
2009-06-12,TWD,MOP,middle,0.244
2009-06-12,USD,MOP,middle,7.9836
2009-06-15,AUD,MOP,middle,6.4449
2009-06-15,CAD,MOP,middle,7.1281
2009-06-15,CHF,MOP,middle,7.3901
2009-06-15,CNY,MOP,middle,1.1684
2009-06-15,DKK,MOP,middle,1.4985
2009-06-15,EUR,MOP,middle,11.1572
2009-06-15,GBP,MOP,middle,13.103
2009-06-15,HKD,MOP,middle,1.03
2009-06-15,JPY,MOP,middle,0.081299
2009-06-15,KRW,MOP,middle,0.0063
2009-06-15,MYR,MOP,middle,2.272
2009-06-15,NOK,MOP,middle,1.2497
2009-06-15,NZD,MOP,middle,5.0922
2009-06-15,SEK,MOP,middle,1.0331
2009-06-15,SGD,MOP,middle,5.4863
2009-06-15,TWD,MOP,middle,0.2429
2009-06-15,USD,MOP,middle,7.9828
2009-06-16,AUD,MOP,middle,6.3136
2009-06-16,CAD,MOP,middle,7.0313
2009-06-16,CHF,MOP,middle,7.2967
2009-06-16,CNY,MOP,middle,1.1681
2009-06-16,DKK,MOP,middle,1.476
2009-06-16,EUR,MOP,middle,10.9878
2009-06-16,GBP,MOP,middle,12.9517
2009-06-16,HKD,MOP,middle,1.03
2009-06-16,JPY,MOP,middle,0.082052
2009-06-16,KRW,MOP,middle,0.0063
2009-06-16,MYR,MOP,middle,2.2561
2009-06-16,NOK,MOP,middle,1.2274
2009-06-16,NZD,MOP,middle,4.9975
2009-06-16,SEK,MOP,middle,1.0129
2009-06-16,SGD,MOP,middle,5.4628
2009-06-16,TWD,MOP,middle,0.2423
2009-06-16,USD,MOP,middle,7.9833
2009-06-17,AUD,MOP,middle,6.3171
2009-06-17,CAD,MOP,middle,7.0351
2009-06-17,CHF,MOP,middle,7.3313
2009-06-17,CNY,MOP,middle,1.1676
2009-06-17,DKK,MOP,middle,1.4834
2009-06-17,EUR,MOP,middle,11.0433
2009-06-17,GBP,MOP,middle,13.0645
2009-06-17,HKD,MOP,middle,1.03
2009-06-17,JPY,MOP,middle,0.08278600000000001
2009-06-17,KRW,MOP,middle,0.0063
2009-06-17,MYR,MOP,middle,2.2601
2009-06-17,NOK,MOP,middle,1.2437
2009-06-17,NZD,MOP,middle,5.0291
2009-06-17,SEK,MOP,middle,1.0183
2009-06-17,SGD,MOP,middle,5.4676
2009-06-17,TWD,MOP,middle,0.2428
2009-06-17,USD,MOP,middle,7.9827
2009-06-18,AUD,MOP,middle,6.3524
2009-06-18,CAD,MOP,middle,7.057
2009-06-18,CHF,MOP,middle,7.3882
2009-06-18,CNY,MOP,middle,1.1681
2009-06-18,DKK,MOP,middle,1.496
2009-06-18,EUR,MOP,middle,11.1369
2009-06-18,GBP,MOP,middle,13.0884
2009-06-18,HKD,MOP,middle,1.03
2009-06-18,JPY,MOP,middle,0.083394
2009-06-18,KRW,MOP,middle,0.0063
2009-06-18,MYR,MOP,middle,2.2647
2009-06-18,NOK,MOP,middle,1.2558
2009-06-18,NZD,MOP,middle,5.0496
2009-06-18,SEK,MOP,middle,1.0175
2009-06-18,SGD,MOP,middle,5.4922
2009-06-18,TWD,MOP,middle,0.2429
2009-06-18,USD,MOP,middle,7.9829
2009-06-19,AUD,MOP,middle,6.4007
2009-06-19,CAD,MOP,middle,7.0511
2009-06-19,CHF,MOP,middle,7.3548
2009-06-19,CNY,MOP,middle,1.1684
2009-06-19,DKK,MOP,middle,1.4924
2009-06-19,EUR,MOP,middle,11.109
2009-06-19,GBP,MOP,middle,13.0512
2009-06-19,HKD,MOP,middle,1.03
2009-06-19,JPY,MOP,middle,0.08259499999999999
2009-06-19,KRW,MOP,middle,0.0063
2009-06-19,MYR,MOP,middle,2.2598
2009-06-19,NOK,MOP,middle,1.2491
2009-06-19,NZD,MOP,middle,5.1103
2009-06-19,SEK,MOP,middle,1.0104
2009-06-19,SGD,MOP,middle,5.4909
2009-06-19,TWD,MOP,middle,0.2425
2009-06-19,USD,MOP,middle,7.9829
2009-06-22,AUD,MOP,middle,6.3874
2009-06-22,CAD,MOP,middle,7.0167
2009-06-22,CHF,MOP,middle,7.3697
2009-06-22,CNY,MOP,middle,1.1682
2009-06-22,DKK,MOP,middle,1.491
2009-06-22,EUR,MOP,middle,11.0994
2009-06-22,GBP,MOP,middle,13.1475
2009-06-22,HKD,MOP,middle,1.03
2009-06-22,JPY,MOP,middle,0.08305799999999999
2009-06-22,KRW,MOP,middle,0.0063
2009-06-22,MYR,MOP,middle,2.2567
2009-06-22,NOK,MOP,middle,1.2434
2009-06-22,NZD,MOP,middle,5.1077
2009-06-22,SEK,MOP,middle,1.005
2009-06-22,SGD,MOP,middle,5.4753
2009-06-22,TWD,MOP,middle,0.2429
2009-06-22,USD,MOP,middle,7.9832
2009-06-23,AUD,MOP,middle,6.2533
2009-06-23,CAD,MOP,middle,6.91
2009-06-23,CHF,MOP,middle,7.3401
2009-06-23,CNY,MOP,middle,1.1685
2009-06-23,DKK,MOP,middle,1.4846
2009-06-23,EUR,MOP,middle,11.0504
2009-06-23,GBP,MOP,middle,13.0252
2009-06-23,HKD,MOP,middle,1.03
2009-06-23,JPY,MOP,middle,0.083709
2009-06-23,KRW,MOP,middle,0.0062
2009-06-23,MYR,MOP,middle,2.2486
2009-06-23,NOK,MOP,middle,1.2125
2009-06-23,NZD,MOP,middle,5.0126
2009-06-23,SEK,MOP,middle,0.9946
2009-06-23,SGD,MOP,middle,5.4633
2009-06-23,TWD,MOP,middle,0.242
2009-06-23,USD,MOP,middle,7.9838
2009-06-24,AUD,MOP,middle,6.3427
2009-06-24,CAD,MOP,middle,6.9515
2009-06-24,CHF,MOP,middle,7.4805
2009-06-24,CNY,MOP,middle,1.1681
2009-06-24,DKK,MOP,middle,1.5094
2009-06-24,EUR,MOP,middle,11.2362
2009-06-24,GBP,MOP,middle,13.1253
2009-06-24,HKD,MOP,middle,1.03
2009-06-24,JPY,MOP,middle,0.083694
2009-06-24,KRW,MOP,middle,0.0062
2009-06-24,MYR,MOP,middle,2.2589
2009-06-24,NOK,MOP,middle,1.2326
2009-06-24,NZD,MOP,middle,5.0994
2009-06-24,SEK,MOP,middle,1.0114
2009-06-24,SGD,MOP,middle,5.488
2009-06-24,TWD,MOP,middle,0.2429
2009-06-24,USD,MOP,middle,7.9828
2009-06-25,AUD,MOP,middle,6.3839
2009-06-25,CAD,MOP,middle,6.9154
2009-06-25,CHF,MOP,middle,7.2842
2009-06-25,CNY,MOP,middle,1.1685
2009-06-25,DKK,MOP,middle,1.4971
2009-06-25,EUR,MOP,middle,11.145
2009-06-25,GBP,MOP,middle,13.137
2009-06-25,HKD,MOP,middle,1.03
2009-06-25,JPY,MOP,middle,0.08314500000000001
2009-06-25,KRW,MOP,middle,0.0062
2009-06-25,MYR,MOP,middle,2.2571
2009-06-25,NOK,MOP,middle,1.2316
2009-06-25,NZD,MOP,middle,5.1119
2009-06-25,SEK,MOP,middle,1.0104
2009-06-25,SGD,MOP,middle,5.4773
2009-06-25,TWD,MOP,middle,0.2429
2009-06-25,USD,MOP,middle,7.9824
2009-06-26,AUD,MOP,middle,6.4297
2009-06-26,CAD,MOP,middle,6.9205
2009-06-26,CHF,MOP,middle,7.3186
2009-06-26,CNY,MOP,middle,1.1683
2009-06-26,DKK,MOP,middle,1.5042
2009-06-26,EUR,MOP,middle,11.2007
2009-06-26,GBP,MOP,middle,13.1149
2009-06-26,HKD,MOP,middle,1.03
2009-06-26,JPY,MOP,middle,0.08336199999999999
2009-06-26,KRW,MOP,middle,0.0062
2009-06-26,MYR,MOP,middle,2.263
2009-06-26,NOK,MOP,middle,1.2363
2009-06-26,NZD,MOP,middle,5.1349
2009-06-26,SEK,MOP,middle,1.0136
2009-06-26,SGD,MOP,middle,5.4859
2009-06-26,TWD,MOP,middle,0.2425
2009-06-26,USD,MOP,middle,7.9828
2009-06-29,AUD,MOP,middle,6.4179
2009-06-29,CAD,MOP,middle,6.915
2009-06-29,CHF,MOP,middle,7.3498
2009-06-29,CNY,MOP,middle,1.1683
2009-06-29,DKK,MOP,middle,1.5042
2009-06-29,EUR,MOP,middle,11.2005
2009-06-29,GBP,MOP,middle,13.1588
2009-06-29,HKD,MOP,middle,1.03
2009-06-29,JPY,MOP,middle,0.083749
2009-06-29,KRW,MOP,middle,0.0062
2009-06-29,MYR,MOP,middle,2.2602
2009-06-29,NOK,MOP,middle,1.2366
2009-06-29,NZD,MOP,middle,5.1482
2009-06-29,SEK,MOP,middle,1.0253
2009-06-29,SGD,MOP,middle,5.4898
2009-06-29,TWD,MOP,middle,0.2426
2009-06-29,USD,MOP,middle,7.983
2009-06-30,AUD,MOP,middle,6.4721
2009-06-30,CAD,MOP,middle,6.9082
2009-06-30,CHF,MOP,middle,7.3867
2009-06-30,CNY,MOP,middle,1.1685
2009-06-30,DKK,MOP,middle,1.5136
2009-06-30,EUR,MOP,middle,11.2705
2009-06-30,GBP,MOP,middle,13.2602
2009-06-30,HKD,MOP,middle,1.03
2009-06-30,JPY,MOP,middle,0.08317500000000001
2009-06-30,KRW,MOP,middle,0.0062
2009-06-30,MYR,MOP,middle,2.2637
2009-06-30,NOK,MOP,middle,1.2491
2009-06-30,NZD,MOP,middle,5.2132
2009-06-30,SEK,MOP,middle,1.043
2009-06-30,SGD,MOP,middle,5.5044
2009-06-30,TWD,MOP,middle,0.2428
2009-06-30,USD,MOP,middle,7.9828
2009-07-01,AUD,MOP,middle,6.4352
2009-07-01,CAD,MOP,middle,6.8635
2009-07-01,CHF,MOP,middle,7.3447
2009-07-01,CNY,MOP,middle,1.1684
2009-07-01,DKK,MOP,middle,1.5034
2009-07-01,EUR,MOP,middle,11.196
2009-07-01,GBP,MOP,middle,13.1146
2009-07-01,HKD,MOP,middle,1.03
2009-07-01,JPY,MOP,middle,0.082785
2009-07-01,KRW,MOP,middle,0.0063
2009-07-01,MYR,MOP,middle,2.2678
2009-07-01,NOK,MOP,middle,1.2393
2009-07-01,NZD,MOP,middle,5.1536
2009-07-01,SEK,MOP,middle,1.0343
2009-07-01,SGD,MOP,middle,5.5075
2009-07-01,TWD,MOP,middle,0.2436
2009-07-01,USD,MOP,middle,7.9826
2009-07-02,AUD,MOP,middle,6.4409
2009-07-02,CAD,MOP,middle,6.9437
2009-07-02,CHF,MOP,middle,7.4141
2009-07-02,CNY,MOP,middle,1.1684
2009-07-02,DKK,MOP,middle,1.5137
2009-07-02,EUR,MOP,middle,11.2713
2009-07-02,GBP,MOP,middle,13.1477
2009-07-02,HKD,MOP,middle,1.03
2009-07-02,JPY,MOP,middle,0.082667
2009-07-02,KRW,MOP,middle,0.0063
2009-07-02,MYR,MOP,middle,2.274
2009-07-02,NOK,MOP,middle,1.2564
2009-07-02,NZD,MOP,middle,5.101
2009-07-02,SEK,MOP,middle,1.051
2009-07-02,SGD,MOP,middle,5.5204
2009-07-02,TWD,MOP,middle,0.2442
2009-07-02,USD,MOP,middle,7.9828
2009-07-03,AUD,MOP,middle,6.3383
2009-07-03,CAD,MOP,middle,6.8714
2009-07-03,CHF,MOP,middle,7.3446
2009-07-03,CNY,MOP,middle,1.1686
2009-07-03,DKK,MOP,middle,1.4976
2009-07-03,EUR,MOP,middle,11.1504
2009-07-03,GBP,MOP,middle,13.0678
2009-07-03,HKD,MOP,middle,1.03
2009-07-03,JPY,MOP,middle,0.08333600000000001
2009-07-03,KRW,MOP,middle,0.0063
2009-07-03,MYR,MOP,middle,2.2617
2009-07-03,NOK,MOP,middle,1.2442
2009-07-03,NZD,MOP,middle,5.0152
2009-07-03,SEK,MOP,middle,1.0234
2009-07-03,SGD,MOP,middle,5.4948
2009-07-03,TWD,MOP,middle,0.2424
2009-07-03,USD,MOP,middle,7.9828
2009-07-06,AUD,MOP,middle,6.3493
2009-07-06,CAD,MOP,middle,6.8769
2009-07-06,CHF,MOP,middle,7.3427
2009-07-06,CNY,MOP,middle,1.1682
2009-07-06,DKK,MOP,middle,1.4976
2009-07-06,EUR,MOP,middle,11.1523
2009-07-06,GBP,MOP,middle,13.0163
2009-07-06,HKD,MOP,middle,1.03
2009-07-06,JPY,MOP,middle,0.08338200000000001
2009-07-06,KRW,MOP,middle,0.0063
2009-07-06,MYR,MOP,middle,2.2631
2009-07-06,NOK,MOP,middle,1.2436
2009-07-06,NZD,MOP,middle,5.0197
2009-07-06,SEK,MOP,middle,1.0257
2009-07-06,SGD,MOP,middle,5.4907
2009-07-06,TWD,MOP,middle,0.2428
2009-07-06,USD,MOP,middle,7.983
2009-07-07,AUD,MOP,middle,6.3578
2009-07-07,CAD,MOP,middle,6.8787
2009-07-07,CHF,MOP,middle,7.357
2009-07-07,CNY,MOP,middle,1.1683
2009-07-07,DKK,MOP,middle,1.498
2009-07-07,EUR,MOP,middle,11.1546
2009-07-07,GBP,MOP,middle,12.9835
2009-07-07,HKD,MOP,middle,1.03
2009-07-07,JPY,MOP,middle,0.08382099999999999
2009-07-07,KRW,MOP,middle,0.0063
2009-07-07,MYR,MOP,middle,2.2563
2009-07-07,NOK,MOP,middle,1.2342
2009-07-07,NZD,MOP,middle,5.0798
2009-07-07,SEK,MOP,middle,1.0198
2009-07-07,SGD,MOP,middle,5.4815
2009-07-07,TWD,MOP,middle,0.2422
2009-07-07,USD,MOP,middle,7.9827
2009-07-08,AUD,MOP,middle,6.2781
2009-07-08,CAD,MOP,middle,6.8501
2009-07-08,CHF,MOP,middle,7.3233
2009-07-08,CNY,MOP,middle,1.1683
2009-07-08,DKK,MOP,middle,1.49
2009-07-08,EUR,MOP,middle,11.0973
2009-07-08,GBP,MOP,middle,12.8455
2009-07-08,HKD,MOP,middle,1.03
2009-07-08,JPY,MOP,middle,0.084411
2009-07-08,KRW,MOP,middle,0.0062
2009-07-08,MYR,MOP,middle,2.2414
2009-07-08,NOK,MOP,middle,1.2209
2009-07-08,NZD,MOP,middle,5.018
2009-07-08,SEK,MOP,middle,1.0024
2009-07-08,SGD,MOP,middle,5.4611
2009-07-08,TWD,MOP,middle,0.2418
2009-07-08,USD,MOP,middle,7.9828
2009-07-09,AUD,MOP,middle,6.2197
2009-07-09,CAD,MOP,middle,6.8593
2009-07-09,CHF,MOP,middle,7.3257
2009-07-09,CNY,MOP,middle,1.1682
2009-07-09,DKK,MOP,middle,1.4887
2009-07-09,EUR,MOP,middle,11.0867
2009-07-09,GBP,MOP,middle,12.837
2009-07-09,HKD,MOP,middle,1.03
2009-07-09,JPY,MOP,middle,0.085882
2009-07-09,KRW,MOP,middle,0.0062
2009-07-09,MYR,MOP,middle,2.2303
2009-07-09,NOK,MOP,middle,1.2177
2009-07-09,NZD,MOP,middle,5.0015
2009-07-09,SEK,MOP,middle,1.0015
2009-07-09,SGD,MOP,middle,5.4541
2009-07-09,TWD,MOP,middle,0.2414
2009-07-09,USD,MOP,middle,7.9832
2009-07-10,AUD,MOP,middle,6.2567
2009-07-10,CAD,MOP,middle,6.8698
2009-07-10,CHF,MOP,middle,7.3865
2009-07-10,CNY,MOP,middle,1.1684
2009-07-10,DKK,MOP,middle,1.5001
2009-07-10,EUR,MOP,middle,11.1718
2009-07-10,GBP,MOP,middle,13.0075
2009-07-10,HKD,MOP,middle,1.03
2009-07-10,JPY,MOP,middle,0.085695
2009-07-10,KRW,MOP,middle,0.0063
2009-07-10,MYR,MOP,middle,2.239
2009-07-10,NOK,MOP,middle,1.2288
2009-07-10,NZD,MOP,middle,5.0465
2009-07-10,SEK,MOP,middle,1.0172
2009-07-10,SGD,MOP,middle,5.4764
2009-07-10,TWD,MOP,middle,0.2423
2009-07-10,USD,MOP,middle,7.983
2009-07-13,AUD,MOP,middle,6.2392
2009-07-13,CAD,MOP,middle,6.8781
2009-07-13,CHF,MOP,middle,7.3604
2009-07-13,CNY,MOP,middle,1.1686
2009-07-13,DKK,MOP,middle,1.4979
2009-07-13,EUR,MOP,middle,11.1552
2009-07-13,GBP,MOP,middle,12.9446
2009-07-13,HKD,MOP,middle,1.03
2009-07-13,JPY,MOP,middle,0.08597300000000001
2009-07-13,KRW,MOP,middle,0.0062
2009-07-13,MYR,MOP,middle,2.2312
2009-07-13,NOK,MOP,middle,1.2282
2009-07-13,NZD,MOP,middle,5.0174
2009-07-13,SEK,MOP,middle,1.0086
2009-07-13,SGD,MOP,middle,5.4671
2009-07-13,TWD,MOP,middle,0.2419
2009-07-13,USD,MOP,middle,7.9831
2009-07-14,AUD,MOP,middle,6.2491
2009-07-14,CAD,MOP,middle,6.936
2009-07-14,CHF,MOP,middle,7.3726
2009-07-14,CNY,MOP,middle,1.1685
2009-07-14,DKK,MOP,middle,1.4989
2009-07-14,EUR,MOP,middle,11.1594
2009-07-14,GBP,MOP,middle,12.978
2009-07-14,HKD,MOP,middle,1.03
2009-07-14,JPY,MOP,middle,0.085834
2009-07-14,KRW,MOP,middle,0.0062
2009-07-14,MYR,MOP,middle,2.2268
2009-07-14,NOK,MOP,middle,1.2298
2009-07-14,NZD,MOP,middle,5.0548
2009-07-14,SEK,MOP,middle,1.0127
2009-07-14,SGD,MOP,middle,5.4663
2009-07-14,TWD,MOP,middle,0.2411
2009-07-14,USD,MOP,middle,7.983
2009-07-15,AUD,MOP,middle,6.3403
2009-07-15,CAD,MOP,middle,7.0373
2009-07-15,CHF,MOP,middle,7.3378
2009-07-15,CNY,MOP,middle,1.1682
2009-07-15,DKK,MOP,middle,1.4992
2009-07-15,EUR,MOP,middle,11.162
2009-07-15,GBP,MOP,middle,13.0363
2009-07-15,HKD,MOP,middle,1.03
2009-07-15,JPY,MOP,middle,0.085281
2009-07-15,KRW,MOP,middle,0.0062
2009-07-15,MYR,MOP,middle,2.2342
2009-07-15,NOK,MOP,middle,1.2375
2009-07-15,NZD,MOP,middle,5.1138
2009-07-15,SEK,MOP,middle,1.0139
2009-07-15,SGD,MOP,middle,5.4831
2009-07-15,TWD,MOP,middle,0.2417
2009-07-15,USD,MOP,middle,7.9828
2009-07-16,AUD,MOP,middle,6.3894
2009-07-16,CAD,MOP,middle,7.1342
2009-07-16,CHF,MOP,middle,7.4107
2009-07-16,CNY,MOP,middle,1.1683
2009-07-16,DKK,MOP,middle,1.5087
2009-07-16,EUR,MOP,middle,11.2326
2009-07-16,GBP,MOP,middle,13.085
2009-07-16,HKD,MOP,middle,1.03
2009-07-16,JPY,MOP,middle,0.084648
2009-07-16,KRW,MOP,middle,0.0063
2009-07-16,MYR,MOP,middle,2.2389
2009-07-16,NOK,MOP,middle,1.2467
2009-07-16,NZD,MOP,middle,5.1721
2009-07-16,SEK,MOP,middle,1.0252
2009-07-16,SGD,MOP,middle,5.4967
2009-07-16,TWD,MOP,middle,0.2427
2009-07-16,USD,MOP,middle,7.9828
2009-07-17,AUD,MOP,middle,6.4002
2009-07-17,CAD,MOP,middle,7.1387
2009-07-17,CHF,MOP,middle,7.4238
2009-07-17,CNY,MOP,middle,1.1685
2009-07-17,DKK,MOP,middle,1.5136
2009-07-17,EUR,MOP,middle,11.2697
2009-07-17,GBP,MOP,middle,13.0758
2009-07-17,HKD,MOP,middle,1.03
2009-07-17,JPY,MOP,middle,0.08510400000000001
2009-07-17,KRW,MOP,middle,0.0063
2009-07-17,MYR,MOP,middle,2.2389
2009-07-17,NOK,MOP,middle,1.2512
2009-07-17,NZD,MOP,middle,5.1561
2009-07-17,SEK,MOP,middle,1.0213
2009-07-17,SGD,MOP,middle,5.4951
2009-07-17,TWD,MOP,middle,0.2425
2009-07-17,USD,MOP,middle,7.9828
2009-07-20,AUD,MOP,middle,6.4305
2009-07-20,CAD,MOP,middle,7.1765
2009-07-20,CHF,MOP,middle,7.4321
2009-07-20,CNY,MOP,middle,1.1685
2009-07-20,DKK,MOP,middle,1.5171
2009-07-20,EUR,MOP,middle,11.2949
2009-07-20,GBP,MOP,middle,13.0738
2009-07-20,HKD,MOP,middle,1.03
2009-07-20,JPY,MOP,middle,0.084527
2009-07-20,KRW,MOP,middle,0.0063
2009-07-20,MYR,MOP,middle,2.2389
2009-07-20,NOK,MOP,middle,1.2484
2009-07-20,NZD,MOP,middle,5.1709
2009-07-20,SEK,MOP,middle,1.0239
2009-07-20,SGD,MOP,middle,5.5141
2009-07-20,TWD,MOP,middle,0.2427
2009-07-20,USD,MOP,middle,7.9828
2009-07-21,AUD,MOP,middle,6.4856
2009-07-21,CAD,MOP,middle,7.2044
2009-07-21,CHF,MOP,middle,7.4647
2009-07-21,CNY,MOP,middle,1.1684
2009-07-21,DKK,MOP,middle,1.5229
2009-07-21,EUR,MOP,middle,11.34
2009-07-21,GBP,MOP,middle,13.178
2009-07-21,HKD,MOP,middle,1.03
2009-07-21,JPY,MOP,middle,0.084982
2009-07-21,KRW,MOP,middle,0.0064
2009-07-21,MYR,MOP,middle,2.2525
2009-07-21,NOK,MOP,middle,1.2653
2009-07-21,NZD,MOP,middle,5.2255
2009-07-21,SEK,MOP,middle,1.0332
2009-07-21,SGD,MOP,middle,5.5332
2009-07-21,TWD,MOP,middle,0.2437
2009-07-21,USD,MOP,middle,7.9828
2009-07-22,AUD,MOP,middle,6.5056
2009-07-22,CAD,MOP,middle,7.2092
2009-07-22,CHF,MOP,middle,7.4703
2009-07-22,CNY,MOP,middle,1.1686
2009-07-22,DKK,MOP,middle,1.5209
2009-07-22,EUR,MOP,middle,11.3248
2009-07-22,GBP,MOP,middle,13.097
2009-07-22,HKD,MOP,middle,1.03
2009-07-22,JPY,MOP,middle,0.085318
2009-07-22,KRW,MOP,middle,0.0064
2009-07-22,MYR,MOP,middle,2.2468
2009-07-22,NOK,MOP,middle,1.2672
2009-07-22,NZD,MOP,middle,5.2287
2009-07-22,SEK,MOP,middle,1.0443
2009-07-22,SGD,MOP,middle,5.5271
2009-07-22,TWD,MOP,middle,0.2434
2009-07-22,USD,MOP,middle,7.9828
2009-07-23,AUD,MOP,middle,6.5215
2009-07-23,CAD,MOP,middle,7.2537
2009-07-23,CHF,MOP,middle,7.4899
2009-07-23,CNY,MOP,middle,1.1686
2009-07-23,DKK,MOP,middle,1.5252
2009-07-23,EUR,MOP,middle,11.3558
2009-07-23,GBP,MOP,middle,13.1355
2009-07-23,HKD,MOP,middle,1.03
2009-07-23,JPY,MOP,middle,0.085171
2009-07-23,KRW,MOP,middle,0.0064
2009-07-23,MYR,MOP,middle,2.255
2009-07-23,NOK,MOP,middle,1.2666
2009-07-23,NZD,MOP,middle,5.2662
2009-07-23,SEK,MOP,middle,1.0518
2009-07-23,SGD,MOP,middle,5.5366
2009-07-23,TWD,MOP,middle,0.2429
2009-07-23,USD,MOP,middle,7.9827
2009-07-24,AUD,MOP,middle,6.4927
2009-07-24,CAD,MOP,middle,7.3152
2009-07-24,CHF,MOP,middle,7.4261
2009-07-24,CNY,MOP,middle,1.1687
2009-07-24,DKK,MOP,middle,1.5169
2009-07-24,EUR,MOP,middle,11.2923
2009-07-24,GBP,MOP,middle,13.1591
2009-07-24,HKD,MOP,middle,1.03
2009-07-24,JPY,MOP,middle,0.084236
2009-07-24,KRW,MOP,middle,0.0064
2009-07-24,MYR,MOP,middle,2.2531
2009-07-24,NOK,MOP,middle,1.2695
2009-07-24,NZD,MOP,middle,5.2271
2009-07-24,SEK,MOP,middle,1.0613
2009-07-24,SGD,MOP,middle,5.5301
2009-07-24,TWD,MOP,middle,0.2436
2009-07-24,USD,MOP,middle,7.9827
2009-07-27,AUD,MOP,middle,6.5334
2009-07-27,CAD,MOP,middle,7.3472
2009-07-27,CHF,MOP,middle,7.4438
2009-07-27,CNY,MOP,middle,1.1685
2009-07-27,DKK,MOP,middle,1.523
2009-07-27,EUR,MOP,middle,11.337
2009-07-27,GBP,MOP,middle,13.1108
2009-07-27,HKD,MOP,middle,1.03
2009-07-27,JPY,MOP,middle,0.08417899999999999
2009-07-27,KRW,MOP,middle,0.0064
2009-07-27,MYR,MOP,middle,2.2609
2009-07-27,NOK,MOP,middle,1.2792
2009-07-27,NZD,MOP,middle,5.2327
2009-07-27,SEK,MOP,middle,1.0679
2009-07-27,SGD,MOP,middle,5.5395
2009-07-27,TWD,MOP,middle,0.242
2009-07-27,USD,MOP,middle,7.9827
2009-07-28,AUD,MOP,middle,6.5578
2009-07-28,CAD,MOP,middle,7.3784
2009-07-28,CHF,MOP,middle,7.4556
2009-07-28,CNY,MOP,middle,1.1685
2009-07-28,DKK,MOP,middle,1.5264
2009-07-28,EUR,MOP,middle,11.3646
2009-07-28,GBP,MOP,middle,13.1483
2009-07-28,HKD,MOP,middle,1.03
2009-07-28,JPY,MOP,middle,0.083988
2009-07-28,KRW,MOP,middle,0.0064
2009-07-28,MYR,MOP,middle,2.2668
2009-07-28,NOK,MOP,middle,1.291
2009-07-28,NZD,MOP,middle,5.2307
2009-07-28,SEK,MOP,middle,1.0793
2009-07-28,SGD,MOP,middle,5.5374
2009-07-28,TWD,MOP,middle,0.2432
2009-07-28,USD,MOP,middle,7.9827
2009-07-29,AUD,MOP,middle,6.6045
2009-07-29,CAD,MOP,middle,7.389
2009-07-29,CHF,MOP,middle,7.4344
2009-07-29,CNY,MOP,middle,1.1686
2009-07-29,DKK,MOP,middle,1.5211
2009-07-29,EUR,MOP,middle,11.3243
2009-07-29,GBP,MOP,middle,13.1327
2009-07-29,HKD,MOP,middle,1.03
2009-07-29,JPY,MOP,middle,0.084414
2009-07-29,KRW,MOP,middle,0.006500000000000001
2009-07-29,MYR,MOP,middle,2.2714
2009-07-29,NOK,MOP,middle,1.2896
2009-07-29,NZD,MOP,middle,5.2518
2009-07-29,SEK,MOP,middle,1.0688
2009-07-29,SGD,MOP,middle,5.5401
2009-07-29,TWD,MOP,middle,0.2443
2009-07-29,USD,MOP,middle,7.9827
2009-07-30,AUD,MOP,middle,6.5298
2009-07-30,CAD,MOP,middle,7.3242
2009-07-30,CHF,MOP,middle,7.3478
2009-07-30,CNY,MOP,middle,1.1685
2009-07-30,DKK,MOP,middle,1.5071
2009-07-30,EUR,MOP,middle,11.2207
2009-07-30,GBP,MOP,middle,13.0851
2009-07-30,HKD,MOP,middle,1.03
2009-07-30,JPY,MOP,middle,0.083925
2009-07-30,KRW,MOP,middle,0.0064
2009-07-30,MYR,MOP,middle,2.2575
2009-07-30,NOK,MOP,middle,1.2796
2009-07-30,NZD,MOP,middle,5.1911
2009-07-30,SEK,MOP,middle,1.0651
2009-07-30,SGD,MOP,middle,5.5247
2009-07-30,TWD,MOP,middle,0.2428
2009-07-30,USD,MOP,middle,7.9826
2009-07-31,AUD,MOP,middle,6.6007
2009-07-31,CAD,MOP,middle,7.3769
2009-07-31,CHF,MOP,middle,7.3446
2009-07-31,CNY,MOP,middle,1.1681
2009-07-31,DKK,MOP,middle,1.5107
2009-07-31,EUR,MOP,middle,11.2481
2009-07-31,GBP,MOP,middle,13.1811
2009-07-31,HKD,MOP,middle,1.03
2009-07-31,JPY,MOP,middle,0.083551
2009-07-31,KRW,MOP,middle,0.006500000000000001
2009-07-31,MYR,MOP,middle,2.2665
2009-07-31,NOK,MOP,middle,1.2836
2009-07-31,NZD,MOP,middle,5.215
2009-07-31,SEK,MOP,middle,1.0783
2009-07-31,SGD,MOP,middle,5.5359
2009-07-31,TWD,MOP,middle,0.2434
2009-07-31,USD,MOP,middle,7.9825
2009-08-03,AUD,MOP,middle,6.6781
2009-08-03,CAD,MOP,middle,7.4108
2009-08-03,CHF,MOP,middle,7.4509
2009-08-03,CNY,MOP,middle,1.1684
2009-08-03,DKK,MOP,middle,1.5272
2009-08-03,EUR,MOP,middle,11.372
2009-08-03,GBP,MOP,middle,13.3494
2009-08-03,HKD,MOP,middle,1.03
2009-08-03,JPY,MOP,middle,0.084274
2009-08-03,KRW,MOP,middle,0.006500000000000001
2009-08-03,MYR,MOP,middle,2.2734
2009-08-03,NOK,MOP,middle,1.3042
2009-08-03,NZD,MOP,middle,5.2919
2009-08-03,SEK,MOP,middle,1.1095
2009-08-03,SGD,MOP,middle,5.5556
2009-08-03,TWD,MOP,middle,0.2439
2009-08-03,USD,MOP,middle,7.9829
2009-08-04,AUD,MOP,middle,6.7345
2009-08-04,CAD,MOP,middle,7.4852
2009-08-04,CHF,MOP,middle,7.5233
2009-08-04,CNY,MOP,middle,1.1686
2009-08-04,DKK,MOP,middle,1.5437
2009-08-04,EUR,MOP,middle,11.4922
2009-08-04,GBP,MOP,middle,13.5217
2009-08-04,HKD,MOP,middle,1.03
2009-08-04,JPY,MOP,middle,0.083802
2009-08-04,KRW,MOP,middle,0.0066
2009-08-04,MYR,MOP,middle,2.287
2009-08-04,NOK,MOP,middle,1.325
2009-08-04,NZD,MOP,middle,5.3336
2009-08-04,SEK,MOP,middle,1.1278
2009-08-04,SGD,MOP,middle,5.5709
2009-08-04,TWD,MOP,middle,0.2443
2009-08-04,USD,MOP,middle,7.9826
2009-08-05,AUD,MOP,middle,6.7381
2009-08-05,CAD,MOP,middle,7.4503
2009-08-05,CHF,MOP,middle,7.5357
2009-08-05,CNY,MOP,middle,1.1687
2009-08-05,DKK,MOP,middle,1.5455
2009-08-05,EUR,MOP,middle,11.5065
2009-08-05,GBP,MOP,middle,13.5257
2009-08-05,HKD,MOP,middle,1.03
2009-08-05,JPY,MOP,middle,0.083802
2009-08-05,KRW,MOP,middle,0.006500000000000001
2009-08-05,MYR,MOP,middle,2.2879
2009-08-05,NOK,MOP,middle,1.3205
2009-08-05,NZD,MOP,middle,5.3739
2009-08-05,SEK,MOP,middle,1.1199
2009-08-05,SGD,MOP,middle,5.5709
2009-08-05,TWD,MOP,middle,0.2443
2009-08-05,USD,MOP,middle,7.9826
2009-08-06,AUD,MOP,middle,6.7185
2009-08-06,CAD,MOP,middle,7.4554
2009-08-06,CHF,MOP,middle,7.5197
2009-08-06,CNY,MOP,middle,1.1686
2009-08-06,DKK,MOP,middle,1.5453
2009-08-06,EUR,MOP,middle,11.5032
2009-08-06,GBP,MOP,middle,13.5675
2009-08-06,HKD,MOP,middle,1.03
2009-08-06,JPY,MOP,middle,0.084035
2009-08-06,KRW,MOP,middle,0.006500000000000001
2009-08-06,MYR,MOP,middle,2.2853
2009-08-06,NOK,MOP,middle,1.3281
2009-08-06,NZD,MOP,middle,5.3626
2009-08-06,SEK,MOP,middle,1.119
2009-08-06,SGD,MOP,middle,5.5685
2009-08-06,TWD,MOP,middle,0.2441
2009-08-06,USD,MOP,middle,7.9825
2009-08-07,AUD,MOP,middle,6.7064
2009-08-07,CAD,MOP,middle,7.4132
2009-08-07,CHF,MOP,middle,7.4999
2009-08-07,CNY,MOP,middle,1.1687
2009-08-07,DKK,MOP,middle,1.5401
2009-08-07,EUR,MOP,middle,11.4654
2009-08-07,GBP,MOP,middle,13.3985
2009-08-07,HKD,MOP,middle,1.03
2009-08-07,JPY,MOP,middle,0.083625
2009-08-07,KRW,MOP,middle,0.006500000000000001
2009-08-07,MYR,MOP,middle,2.2815
2009-08-07,NOK,MOP,middle,1.3157
2009-08-07,NZD,MOP,middle,5.3541
2009-08-07,SEK,MOP,middle,1.1158
2009-08-07,SGD,MOP,middle,5.5583
2009-08-07,TWD,MOP,middle,0.2438
2009-08-07,USD,MOP,middle,7.9829
2009-08-10,AUD,MOP,middle,6.6917
2009-08-10,CAD,MOP,middle,7.3739
2009-08-10,CHF,MOP,middle,7.3862
2009-08-10,CNY,MOP,middle,1.1685
2009-08-10,DKK,MOP,middle,1.5229
2009-08-10,EUR,MOP,middle,11.3383
2009-08-10,GBP,MOP,middle,13.3268
2009-08-10,HKD,MOP,middle,1.03
2009-08-10,JPY,MOP,middle,0.08211600000000001
2009-08-10,KRW,MOP,middle,0.006500000000000001
2009-08-10,MYR,MOP,middle,2.2779
2009-08-10,NOK,MOP,middle,1.3061
2009-08-10,NZD,MOP,middle,5.3734
2009-08-10,SEK,MOP,middle,1.1135
2009-08-10,SGD,MOP,middle,5.548
2009-08-10,TWD,MOP,middle,0.2437
2009-08-10,USD,MOP,middle,7.983
2009-08-11,AUD,MOP,middle,6.6823
2009-08-11,CAD,MOP,middle,7.3441
2009-08-11,CHF,MOP,middle,7.3604
2009-08-11,CNY,MOP,middle,1.168
2009-08-11,DKK,MOP,middle,1.517
2009-08-11,EUR,MOP,middle,11.2951
2009-08-11,GBP,MOP,middle,13.1826
2009-08-11,HKD,MOP,middle,1.03
2009-08-11,JPY,MOP,middle,0.082325
2009-08-11,KRW,MOP,middle,0.006500000000000001
2009-08-11,MYR,MOP,middle,2.2727
2009-08-11,NOK,MOP,middle,1.2859
2009-08-11,NZD,MOP,middle,5.4023
2009-08-11,SEK,MOP,middle,1.1012
2009-08-11,SGD,MOP,middle,5.5263
2009-08-11,TWD,MOP,middle,0.2429
2009-08-11,USD,MOP,middle,7.9827
2009-08-12,AUD,MOP,middle,6.6246
2009-08-12,CAD,MOP,middle,7.2588
2009-08-12,CHF,MOP,middle,7.3837
2009-08-12,CNY,MOP,middle,1.1679
2009-08-12,DKK,MOP,middle,1.5186
2009-08-12,EUR,MOP,middle,11.3058
2009-08-12,GBP,MOP,middle,13.1734
2009-08-12,HKD,MOP,middle,1.03
2009-08-12,JPY,MOP,middle,0.083207
2009-08-12,KRW,MOP,middle,0.0064
2009-08-12,MYR,MOP,middle,2.2714
2009-08-12,NOK,MOP,middle,1.2831
2009-08-12,NZD,MOP,middle,5.3286
2009-08-12,SEK,MOP,middle,1.0922
2009-08-12,SGD,MOP,middle,5.518
2009-08-12,TWD,MOP,middle,0.2427
2009-08-12,USD,MOP,middle,7.9829
2009-08-13,AUD,MOP,middle,6.6636
2009-08-13,CAD,MOP,middle,7.3237
2009-08-13,CHF,MOP,middle,7.4197
2009-08-13,CNY,MOP,middle,1.168
2009-08-13,DKK,MOP,middle,1.5248
2009-08-13,EUR,MOP,middle,11.3509
2009-08-13,GBP,MOP,middle,13.1687
2009-08-13,HKD,MOP,middle,1.03
2009-08-13,JPY,MOP,middle,0.083123
2009-08-13,KRW,MOP,middle,0.006500000000000001
2009-08-13,MYR,MOP,middle,2.2692
2009-08-13,NOK,MOP,middle,1.3126
2009-08-13,NZD,MOP,middle,5.3639
2009-08-13,SEK,MOP,middle,1.1084
2009-08-13,SGD,MOP,middle,5.5339
2009-08-13,TWD,MOP,middle,0.2429
2009-08-13,USD,MOP,middle,7.9832
2009-08-14,AUD,MOP,middle,6.7551
2009-08-14,CAD,MOP,middle,7.3548
2009-08-14,CHF,MOP,middle,7.4624
2009-08-14,CNY,MOP,middle,1.1681
2009-08-14,DKK,MOP,middle,1.5328
2009-08-14,EUR,MOP,middle,11.4113
2009-08-14,GBP,MOP,middle,13.2491
2009-08-14,HKD,MOP,middle,1.03
2009-08-14,JPY,MOP,middle,0.083743
2009-08-14,KRW,MOP,middle,0.006500000000000001
2009-08-14,MYR,MOP,middle,2.2744
2009-08-14,NOK,MOP,middle,1.3236
2009-08-14,NZD,MOP,middle,5.4382
2009-08-14,SEK,MOP,middle,1.1166
2009-08-14,SGD,MOP,middle,5.5405
2009-08-14,TWD,MOP,middle,0.243
2009-08-14,USD,MOP,middle,7.9833
2009-08-17,AUD,MOP,middle,6.5907
2009-08-17,CAD,MOP,middle,7.2345
2009-08-17,CHF,MOP,middle,7.4215
2009-08-17,CNY,MOP,middle,1.1683
2009-08-17,DKK,MOP,middle,1.518
2009-08-17,EUR,MOP,middle,11.2994
2009-08-17,GBP,MOP,middle,13.1375
2009-08-17,HKD,MOP,middle,1.03
2009-08-17,JPY,MOP,middle,0.08439
2009-08-17,KRW,MOP,middle,0.0064
2009-08-17,MYR,MOP,middle,2.2576
2009-08-17,NOK,MOP,middle,1.3066
2009-08-17,NZD,MOP,middle,5.3749
2009-08-17,SEK,MOP,middle,1.1037
2009-08-17,SGD,MOP,middle,5.5172
2009-08-17,TWD,MOP,middle,0.2422
2009-08-17,USD,MOP,middle,7.9829
2009-08-18,AUD,MOP,middle,6.5811
2009-08-18,CAD,MOP,middle,7.215
2009-08-18,CHF,MOP,middle,7.4171
2009-08-18,CNY,MOP,middle,1.1683
2009-08-18,DKK,MOP,middle,1.513
2009-08-18,EUR,MOP,middle,11.2606
2009-08-18,GBP,MOP,middle,13.0676
2009-08-18,HKD,MOP,middle,1.03
2009-08-18,JPY,MOP,middle,0.084284
2009-08-18,KRW,MOP,middle,0.0064
2009-08-18,MYR,MOP,middle,2.2565
2009-08-18,NOK,MOP,middle,1.2962
2009-08-18,NZD,MOP,middle,5.3505
2009-08-18,SEK,MOP,middle,1.0976
2009-08-18,SGD,MOP,middle,5.51
2009-08-18,TWD,MOP,middle,0.242
2009-08-18,USD,MOP,middle,7.9834
2009-08-19,AUD,MOP,middle,6.6133
2009-08-19,CAD,MOP,middle,7.2486
2009-08-19,CHF,MOP,middle,7.4328
2009-08-19,CNY,MOP,middle,1.1684
2009-08-19,DKK,MOP,middle,1.5184
2009-08-19,EUR,MOP,middle,11.3027
2009-08-19,GBP,MOP,middle,13.2139
2009-08-19,HKD,MOP,middle,1.03
2009-08-19,JPY,MOP,middle,0.084284
2009-08-19,KRW,MOP,middle,0.0064
2009-08-19,MYR,MOP,middle,2.2584
2009-08-19,NOK,MOP,middle,1.3078
2009-08-19,NZD,MOP,middle,5.3925
2009-08-19,SEK,MOP,middle,1.1049
2009-08-19,SGD,MOP,middle,5.5132
2009-08-19,TWD,MOP,middle,0.2424
2009-08-19,USD,MOP,middle,7.9847
2009-08-20,AUD,MOP,middle,6.6217
2009-08-20,CAD,MOP,middle,7.2865
2009-08-20,CHF,MOP,middle,7.486
2009-08-20,CNY,MOP,middle,1.1685
2009-08-20,DKK,MOP,middle,1.5257
2009-08-20,EUR,MOP,middle,11.3551
2009-08-20,GBP,MOP,middle,13.1991
2009-08-20,HKD,MOP,middle,1.03
2009-08-20,JPY,MOP,middle,0.084717
2009-08-20,KRW,MOP,middle,0.0064
2009-08-20,MYR,MOP,middle,2.2599
2009-08-20,NOK,MOP,middle,1.3175
2009-08-20,NZD,MOP,middle,5.3853
2009-08-20,SEK,MOP,middle,1.1113
2009-08-20,SGD,MOP,middle,5.5172
2009-08-20,TWD,MOP,middle,0.2421
2009-08-20,USD,MOP,middle,7.9842
2009-08-21,AUD,MOP,middle,6.6159
2009-08-21,CAD,MOP,middle,7.3305
2009-08-21,CHF,MOP,middle,7.5052
2009-08-21,CNY,MOP,middle,1.1687
2009-08-21,DKK,MOP,middle,1.5276
2009-08-21,EUR,MOP,middle,11.3712
2009-08-21,GBP,MOP,middle,13.1652
2009-08-21,HKD,MOP,middle,1.03
2009-08-21,JPY,MOP,middle,0.084913
2009-08-21,KRW,MOP,middle,0.0064
2009-08-21,MYR,MOP,middle,2.2659
2009-08-21,NOK,MOP,middle,1.3264
2009-08-21,NZD,MOP,middle,5.3956
2009-08-21,SEK,MOP,middle,1.1152
2009-08-21,SGD,MOP,middle,5.5379
2009-08-21,TWD,MOP,middle,0.2423
2009-08-21,USD,MOP,middle,7.984
2009-08-24,AUD,MOP,middle,6.7086
2009-08-24,CAD,MOP,middle,7.3967
2009-08-24,CHF,MOP,middle,7.5456
2009-08-24,CNY,MOP,middle,1.1687
2009-08-24,DKK,MOP,middle,1.5389
2009-08-24,EUR,MOP,middle,11.4537
2009-08-24,GBP,MOP,middle,13.2009
2009-08-24,HKD,MOP,middle,1.03
2009-08-24,JPY,MOP,middle,0.08434799999999999
2009-08-24,KRW,MOP,middle,0.0064
2009-08-24,MYR,MOP,middle,2.2752
2009-08-24,NOK,MOP,middle,1.3355
2009-08-24,NZD,MOP,middle,5.4795
2009-08-24,SEK,MOP,middle,1.1398
2009-08-24,SGD,MOP,middle,5.5511
2009-08-24,TWD,MOP,middle,0.243
2009-08-24,USD,MOP,middle,7.9836
2009-08-25,AUD,MOP,middle,6.6766
2009-08-25,CAD,MOP,middle,7.4064
2009-08-25,CHF,MOP,middle,7.5138
2009-08-25,CNY,MOP,middle,1.1687
2009-08-25,DKK,MOP,middle,1.5321
2009-08-25,EUR,MOP,middle,11.4021
2009-08-25,GBP,MOP,middle,13.0913
2009-08-25,HKD,MOP,middle,1.03
2009-08-25,JPY,MOP,middle,0.084776
2009-08-25,KRW,MOP,middle,0.0064
2009-08-25,MYR,MOP,middle,2.2705
2009-08-25,NOK,MOP,middle,1.3288
2009-08-25,NZD,MOP,middle,5.4668
2009-08-25,SEK,MOP,middle,1.1307
2009-08-25,SGD,MOP,middle,5.5269
2009-08-25,TWD,MOP,middle,0.243
2009-08-25,USD,MOP,middle,7.983
2009-08-26,AUD,MOP,middle,6.6597
2009-08-26,CAD,MOP,middle,7.3435
2009-08-26,CHF,MOP,middle,7.5161
2009-08-26,CNY,MOP,middle,1.1686
2009-08-26,DKK,MOP,middle,1.5326
2009-08-26,EUR,MOP,middle,11.4078
2009-08-26,GBP,MOP,middle,13.0307
2009-08-26,HKD,MOP,middle,1.03
2009-08-26,JPY,MOP,middle,0.084909
2009-08-26,KRW,MOP,middle,0.0064
2009-08-26,MYR,MOP,middle,2.2646
2009-08-26,NOK,MOP,middle,1.3199
2009-08-26,NZD,MOP,middle,5.4638
2009-08-26,SEK,MOP,middle,1.1306
2009-08-26,SGD,MOP,middle,5.5309
2009-08-26,TWD,MOP,middle,0.2426
2009-08-26,USD,MOP,middle,7.9828
2009-08-27,AUD,MOP,middle,6.5903
2009-08-27,CAD,MOP,middle,7.2659
2009-08-27,CHF,MOP,middle,7.4639
2009-08-27,CNY,MOP,middle,1.1687
2009-08-27,DKK,MOP,middle,1.5259
2009-08-27,EUR,MOP,middle,11.3584
2009-08-27,GBP,MOP,middle,12.9479
2009-08-27,HKD,MOP,middle,1.03
2009-08-27,JPY,MOP,middle,0.084993
2009-08-27,KRW,MOP,middle,0.0064
2009-08-27,MYR,MOP,middle,2.2581
2009-08-27,NOK,MOP,middle,1.3147
2009-08-27,NZD,MOP,middle,5.4227
2009-08-27,SEK,MOP,middle,1.1167
2009-08-27,SGD,MOP,middle,5.5203
2009-08-27,TWD,MOP,middle,0.2423
2009-08-27,USD,MOP,middle,7.9834
2009-08-28,AUD,MOP,middle,6.71
2009-08-28,CAD,MOP,middle,7.3435
2009-08-28,CHF,MOP,middle,7.5468
2009-08-28,CNY,MOP,middle,1.1686
2009-08-28,DKK,MOP,middle,1.5409
2009-08-28,EUR,MOP,middle,11.4703
2009-08-28,GBP,MOP,middle,13.0056
2009-08-28,HKD,MOP,middle,1.03
2009-08-28,JPY,MOP,middle,0.08514200000000001
2009-08-28,KRW,MOP,middle,0.0064
2009-08-28,MYR,MOP,middle,2.2662
2009-08-28,NOK,MOP,middle,1.3257
2009-08-28,NZD,MOP,middle,5.4945
2009-08-28,SEK,MOP,middle,1.1241
2009-08-28,SGD,MOP,middle,5.5358
2009-08-28,TWD,MOP,middle,0.2429
2009-08-28,USD,MOP,middle,7.9838
2009-08-31,AUD,MOP,middle,6.7322
2009-08-31,CAD,MOP,middle,7.3066
2009-08-31,CHF,MOP,middle,7.536
2009-08-31,CNY,MOP,middle,1.1687
2009-08-31,DKK,MOP,middle,1.5342
2009-08-31,EUR,MOP,middle,11.4185
2009-08-31,GBP,MOP,middle,13.0069
2009-08-31,HKD,MOP,middle,1.03
2009-08-31,JPY,MOP,middle,0.086002
2009-08-31,KRW,MOP,middle,0.0064
2009-08-31,MYR,MOP,middle,2.2671
2009-08-31,NOK,MOP,middle,1.3226
2009-08-31,NZD,MOP,middle,5.4632
2009-08-31,SEK,MOP,middle,1.121
2009-08-31,SGD,MOP,middle,5.5434
2009-08-31,TWD,MOP,middle,0.2429
2009-08-31,USD,MOP,middle,7.9836
2009-09-01,AUD,MOP,middle,6.7327
2009-09-01,CAD,MOP,middle,7.2967
2009-09-01,CHF,MOP,middle,7.5346
2009-09-01,CNY,MOP,middle,1.1687
2009-09-01,DKK,MOP,middle,1.5365
2009-09-01,EUR,MOP,middle,11.4365
2009-09-01,GBP,MOP,middle,12.98
2009-09-01,HKD,MOP,middle,1.03
2009-09-01,JPY,MOP,middle,0.08574
2009-09-01,KRW,MOP,middle,0.0064
2009-09-01,MYR,MOP,middle,2.2606
2009-09-01,NOK,MOP,middle,1.3288
2009-09-01,NZD,MOP,middle,5.4781
2009-09-01,SEK,MOP,middle,1.1207
2009-09-01,SGD,MOP,middle,5.5351
2009-09-01,TWD,MOP,middle,0.2425
2009-09-01,USD,MOP,middle,7.9833
2009-09-02,AUD,MOP,middle,6.5947
2009-09-02,CAD,MOP,middle,7.2359
2009-09-02,CHF,MOP,middle,7.4786
2009-09-02,CNY,MOP,middle,1.1687
2009-09-02,DKK,MOP,middle,1.523
2009-09-02,EUR,MOP,middle,11.3344
2009-09-02,GBP,MOP,middle,12.8776
2009-09-02,HKD,MOP,middle,1.03
2009-09-02,JPY,MOP,middle,0.085995
2009-09-02,KRW,MOP,middle,0.0064
2009-09-02,MYR,MOP,middle,2.2536
2009-09-02,NOK,MOP,middle,1.3091
2009-09-02,NZD,MOP,middle,5.3872
2009-09-02,SEK,MOP,middle,1.0952
2009-09-02,SGD,MOP,middle,5.522
2009-09-02,TWD,MOP,middle,0.2425
2009-09-02,USD,MOP,middle,7.9834
2009-09-03,AUD,MOP,middle,6.6492
2009-09-03,CAD,MOP,middle,7.2208
2009-09-03,CHF,MOP,middle,7.5219
2009-09-03,CNY,MOP,middle,1.1686
2009-09-03,DKK,MOP,middle,1.5292
2009-09-03,EUR,MOP,middle,11.3828
2009-09-03,GBP,MOP,middle,12.9691
2009-09-03,HKD,MOP,middle,1.03
2009-09-03,JPY,MOP,middle,0.086671
2009-09-03,KRW,MOP,middle,0.0064
2009-09-03,MYR,MOP,middle,2.2569
2009-09-03,NOK,MOP,middle,1.311
2009-09-03,NZD,MOP,middle,5.3698
2009-09-03,SEK,MOP,middle,1.1039
2009-09-03,SGD,MOP,middle,5.5335
2009-09-03,TWD,MOP,middle,0.2427
2009-09-03,USD,MOP,middle,7.9837
2009-09-04,AUD,MOP,middle,6.6977
2009-09-04,CAD,MOP,middle,7.2409
2009-09-04,CHF,MOP,middle,7.5131
2009-09-04,CNY,MOP,middle,1.1688
2009-09-04,DKK,MOP,middle,1.5284
2009-09-04,EUR,MOP,middle,11.3767
2009-09-04,GBP,MOP,middle,13.0257
2009-09-04,HKD,MOP,middle,1.03
2009-09-04,JPY,MOP,middle,0.086134
2009-09-04,KRW,MOP,middle,0.0064
2009-09-04,MYR,MOP,middle,2.2629
2009-09-04,NOK,MOP,middle,1.3194
2009-09-04,NZD,MOP,middle,5.4127
2009-09-04,SEK,MOP,middle,1.1036
2009-09-04,SGD,MOP,middle,5.5379
2009-09-04,TWD,MOP,middle,0.2428
2009-09-04,USD,MOP,middle,7.9834
2009-09-07,AUD,MOP,middle,6.8076
2009-09-07,CAD,MOP,middle,7.3536
2009-09-07,CHF,MOP,middle,7.5344
2009-09-07,CNY,MOP,middle,1.1687
2009-09-07,DKK,MOP,middle,1.5365
2009-09-07,EUR,MOP,middle,11.437
2009-09-07,GBP,MOP,middle,13.0899
2009-09-07,HKD,MOP,middle,1.03
2009-09-07,JPY,MOP,middle,0.085756
2009-09-07,KRW,MOP,middle,0.006500000000000001
2009-09-07,MYR,MOP,middle,2.2689
2009-09-07,NOK,MOP,middle,1.3309
2009-09-07,NZD,MOP,middle,5.4984
2009-09-07,SEK,MOP,middle,1.1167
2009-09-07,SGD,MOP,middle,5.5608
2009-09-07,TWD,MOP,middle,0.2431
2009-09-07,USD,MOP,middle,7.9831
2009-09-08,AUD,MOP,middle,6.8236
2009-09-08,CAD,MOP,middle,7.4072
2009-09-08,CHF,MOP,middle,7.5355
2009-09-08,CNY,MOP,middle,1.1687
2009-09-08,DKK,MOP,middle,1.5382
2009-09-08,EUR,MOP,middle,11.449
2009-09-08,GBP,MOP,middle,13.0472
2009-09-08,HKD,MOP,middle,1.03
2009-09-08,JPY,MOP,middle,0.085936
2009-09-08,KRW,MOP,middle,0.006500000000000001
2009-09-08,MYR,MOP,middle,2.2741
2009-09-08,NOK,MOP,middle,1.3333
2009-09-08,NZD,MOP,middle,5.5243
2009-09-08,SEK,MOP,middle,1.1212
2009-09-08,SGD,MOP,middle,5.5763
2009-09-08,TWD,MOP,middle,0.2432
2009-09-08,USD,MOP,middle,7.9831
2009-09-09,AUD,MOP,middle,6.9062
2009-09-09,CAD,MOP,middle,7.4109
2009-09-09,CHF,MOP,middle,7.6342
2009-09-09,CNY,MOP,middle,1.1688
2009-09-09,DKK,MOP,middle,1.5557
2009-09-09,EUR,MOP,middle,11.5801
2009-09-09,GBP,MOP,middle,13.189
2009-09-09,HKD,MOP,middle,1.03
2009-09-09,JPY,MOP,middle,0.086425
2009-09-09,KRW,MOP,middle,0.006500000000000001
2009-09-09,MYR,MOP,middle,2.2876
2009-09-09,NOK,MOP,middle,1.3472
2009-09-09,NZD,MOP,middle,5.5755
2009-09-09,SEK,MOP,middle,1.135
2009-09-09,SGD,MOP,middle,5.6019
2009-09-09,TWD,MOP,middle,0.2441
2009-09-09,USD,MOP,middle,7.9827
2009-09-10,AUD,MOP,middle,6.8945
2009-09-10,CAD,MOP,middle,7.4016
2009-09-10,CHF,MOP,middle,7.666
2009-09-10,CNY,MOP,middle,1.169
2009-09-10,DKK,MOP,middle,1.5611
2009-09-10,EUR,MOP,middle,11.6205
2009-09-10,GBP,MOP,middle,13.2087
2009-09-10,HKD,MOP,middle,1.03
2009-09-10,JPY,MOP,middle,0.086578
2009-09-10,KRW,MOP,middle,0.006500000000000001
2009-09-10,MYR,MOP,middle,2.2861
2009-09-10,NOK,MOP,middle,1.3528
2009-09-10,NZD,MOP,middle,5.5829
2009-09-10,SEK,MOP,middle,1.1389
2009-09-10,SGD,MOP,middle,5.6045
2009-09-10,TWD,MOP,middle,0.2443
2009-09-10,USD,MOP,middle,7.983
2009-09-11,AUD,MOP,middle,6.8754
2009-09-11,CAD,MOP,middle,7.4033
2009-09-11,CHF,MOP,middle,7.6841
2009-09-11,CNY,MOP,middle,1.169
2009-09-11,DKK,MOP,middle,1.5631
2009-09-11,EUR,MOP,middle,11.6348
2009-09-11,GBP,MOP,middle,13.2893
2009-09-11,HKD,MOP,middle,1.03
2009-09-11,JPY,MOP,middle,0.087098
2009-09-11,KRW,MOP,middle,0.006500000000000001
2009-09-11,MYR,MOP,middle,2.2854
2009-09-11,NOK,MOP,middle,1.3421
2009-09-11,NZD,MOP,middle,5.6017
2009-09-11,SEK,MOP,middle,1.1408
2009-09-11,SGD,MOP,middle,5.6056
2009-09-11,TWD,MOP,middle,0.2448
2009-09-11,USD,MOP,middle,7.983
2009-09-14,AUD,MOP,middle,6.8362
2009-09-14,CAD,MOP,middle,7.3664
2009-09-14,CHF,MOP,middle,7.6808
2009-09-14,CNY,MOP,middle,1.1691
2009-09-14,DKK,MOP,middle,1.5595
2009-09-14,EUR,MOP,middle,11.6073
2009-09-14,GBP,MOP,middle,13.2677
2009-09-14,HKD,MOP,middle,1.03
2009-09-14,JPY,MOP,middle,0.088112
2009-09-14,KRW,MOP,middle,0.006500000000000001
2009-09-14,MYR,MOP,middle,2.2805
2009-09-14,NOK,MOP,middle,1.3398
2009-09-14,NZD,MOP,middle,5.5897
2009-09-14,SEK,MOP,middle,1.1344
2009-09-14,SGD,MOP,middle,5.6005
2009-09-14,TWD,MOP,middle,0.2448
2009-09-14,USD,MOP,middle,7.983
2009-09-15,AUD,MOP,middle,6.8843
2009-09-15,CAD,MOP,middle,7.3842
2009-09-15,CHF,MOP,middle,7.7206
2009-09-15,CNY,MOP,middle,1.169
2009-09-15,DKK,MOP,middle,1.5695
2009-09-15,EUR,MOP,middle,11.6819
2009-09-15,GBP,MOP,middle,13.2884
2009-09-15,HKD,MOP,middle,1.03
2009-09-15,JPY,MOP,middle,0.087702
2009-09-15,KRW,MOP,middle,0.0066
2009-09-15,MYR,MOP,middle,2.2811
2009-09-15,NOK,MOP,middle,1.3534
2009-09-15,NZD,MOP,middle,5.615
2009-09-15,SEK,MOP,middle,1.1445
2009-09-15,SGD,MOP,middle,5.6143
2009-09-15,TWD,MOP,middle,0.2447
2009-09-15,USD,MOP,middle,7.9827
2009-09-16,AUD,MOP,middle,6.9098
2009-09-16,CAD,MOP,middle,7.4441
2009-09-16,CHF,MOP,middle,7.7251
2009-09-16,CNY,MOP,middle,1.169
2009-09-16,DKK,MOP,middle,1.5744
2009-09-16,EUR,MOP,middle,11.7186
2009-09-16,GBP,MOP,middle,13.1707
2009-09-16,HKD,MOP,middle,1.03
2009-09-16,JPY,MOP,middle,0.087837
2009-09-16,KRW,MOP,middle,0.0066
2009-09-16,MYR,MOP,middle,2.2876
2009-09-16,NOK,MOP,middle,1.3598
2009-09-16,NZD,MOP,middle,5.6398
2009-09-16,SEK,MOP,middle,1.1512
2009-09-16,SGD,MOP,middle,5.6264
2009-09-16,TWD,MOP,middle,0.2449
2009-09-16,USD,MOP,middle,7.9827
2009-09-17,AUD,MOP,middle,6.9769
2009-09-17,CAD,MOP,middle,7.4793
2009-09-17,CHF,MOP,middle,7.7329
2009-09-17,CNY,MOP,middle,1.1691
2009-09-17,DKK,MOP,middle,1.5782
2009-09-17,EUR,MOP,middle,11.7433
2009-09-17,GBP,MOP,middle,13.1547
2009-09-17,HKD,MOP,middle,1.03
2009-09-17,JPY,MOP,middle,0.087592
2009-09-17,KRW,MOP,middle,0.0066
2009-09-17,MYR,MOP,middle,2.2995
2009-09-17,NOK,MOP,middle,1.3649
2009-09-17,NZD,MOP,middle,5.7012
2009-09-17,SEK,MOP,middle,1.161
2009-09-17,SGD,MOP,middle,5.6485
2009-09-17,TWD,MOP,middle,0.2459
2009-09-17,USD,MOP,middle,7.9827
2009-09-18,AUD,MOP,middle,6.951
2009-09-18,CAD,MOP,middle,7.4854
2009-09-18,CHF,MOP,middle,7.7533
2009-09-18,CNY,MOP,middle,1.1693
2009-09-18,DKK,MOP,middle,1.5799
2009-09-18,EUR,MOP,middle,11.7563
2009-09-18,GBP,MOP,middle,13.1161
2009-09-18,HKD,MOP,middle,1.03
2009-09-18,JPY,MOP,middle,0.087535
2009-09-18,KRW,MOP,middle,0.0066
2009-09-18,MYR,MOP,middle,2.2932
2009-09-18,NOK,MOP,middle,1.3635
2009-09-18,NZD,MOP,middle,5.6686
2009-09-18,SEK,MOP,middle,1.16
2009-09-18,SGD,MOP,middle,5.6344
2009-09-18,TWD,MOP,middle,0.2462
2009-09-18,USD,MOP,middle,7.9828
2009-09-21,AUD,MOP,middle,6.928
2009-09-21,CAD,MOP,middle,7.4723
2009-09-21,CHF,MOP,middle,7.7497
2009-09-21,CNY,MOP,middle,1.1693
2009-09-21,DKK,MOP,middle,1.5778
2009-09-21,EUR,MOP,middle,11.7382
2009-09-21,GBP,MOP,middle,12.974
2009-09-21,HKD,MOP,middle,1.03
2009-09-21,JPY,MOP,middle,0.087269
2009-09-21,KRW,MOP,middle,0.0066
2009-09-21,MYR,MOP,middle,2.294
2009-09-21,NOK,MOP,middle,1.3587
2009-09-21,NZD,MOP,middle,5.6599
2009-09-21,SEK,MOP,middle,1.1602
2009-09-21,SGD,MOP,middle,5.6365
2009-09-21,TWD,MOP,middle,0.2462
2009-09-21,USD,MOP,middle,7.983
2009-09-22,AUD,MOP,middle,6.9087
2009-09-22,CAD,MOP,middle,7.4152
2009-09-22,CHF,MOP,middle,7.7454
2009-09-22,CNY,MOP,middle,1.1692
2009-09-22,DKK,MOP,middle,1.5773
2009-09-22,EUR,MOP,middle,11.7365
2009-09-22,GBP,MOP,middle,12.9615
2009-09-22,HKD,MOP,middle,1.03
2009-09-22,JPY,MOP,middle,0.086891
2009-09-22,KRW,MOP,middle,0.0066
2009-09-22,MYR,MOP,middle,2.294
2009-09-22,NOK,MOP,middle,1.3525
2009-09-22,NZD,MOP,middle,5.7048
2009-09-22,SEK,MOP,middle,1.1597
2009-09-22,SGD,MOP,middle,5.6388
2009-09-22,TWD,MOP,middle,0.2465
2009-09-22,USD,MOP,middle,7.9832
2009-09-23,AUD,MOP,middle,6.9888
2009-09-23,CAD,MOP,middle,7.4654
2009-09-23,CHF,MOP,middle,7.7998
2009-09-23,CNY,MOP,middle,1.169
2009-09-23,DKK,MOP,middle,1.5872
2009-09-23,EUR,MOP,middle,11.8114
2009-09-23,GBP,MOP,middle,13.0675
2009-09-23,HKD,MOP,middle,1.03
2009-09-23,JPY,MOP,middle,0.087798
2009-09-23,KRW,MOP,middle,0.0067
2009-09-23,MYR,MOP,middle,2.3046
2009-09-23,NOK,MOP,middle,1.3666
2009-09-23,NZD,MOP,middle,5.8005
2009-09-23,SEK,MOP,middle,1.1725
2009-09-23,SGD,MOP,middle,5.6594
2009-09-23,TWD,MOP,middle,0.2469
2009-09-23,USD,MOP,middle,7.9831
2009-09-24,AUD,MOP,middle,6.9554
2009-09-24,CAD,MOP,middle,7.4342
2009-09-24,CHF,MOP,middle,7.7862
2009-09-24,CNY,MOP,middle,1.1693
2009-09-24,DKK,MOP,middle,1.5823
2009-09-24,EUR,MOP,middle,11.776
2009-09-24,GBP,MOP,middle,13.0665
2009-09-24,HKD,MOP,middle,1.03
2009-09-24,JPY,MOP,middle,0.087501
2009-09-24,KRW,MOP,middle,0.0067
2009-09-24,MYR,MOP,middle,2.2963
2009-09-24,NOK,MOP,middle,1.3791
2009-09-24,NZD,MOP,middle,5.7535
2009-09-24,SEK,MOP,middle,1.1659
2009-09-24,SGD,MOP,middle,5.6404
2009-09-24,TWD,MOP,middle,0.2465
2009-09-24,USD,MOP,middle,7.9832
2009-09-25,AUD,MOP,middle,6.8829
2009-09-25,CAD,MOP,middle,7.3147
2009-09-25,CHF,MOP,middle,7.7417
2009-09-25,CNY,MOP,middle,1.1691
2009-09-25,DKK,MOP,middle,1.5691
2009-09-25,EUR,MOP,middle,11.6758
2009-09-25,GBP,MOP,middle,12.7184
2009-09-25,HKD,MOP,middle,1.03
2009-09-25,JPY,MOP,middle,0.087873
2009-09-25,KRW,MOP,middle,0.0067
2009-09-25,MYR,MOP,middle,2.2936
2009-09-25,NOK,MOP,middle,1.3663
2009-09-25,NZD,MOP,middle,5.6854
2009-09-25,SEK,MOP,middle,1.1483
2009-09-25,SGD,MOP,middle,5.6239
2009-09-25,TWD,MOP,middle,0.2459
2009-09-25,USD,MOP,middle,7.9829
2009-09-28,AUD,MOP,middle,6.8878
2009-09-28,CAD,MOP,middle,7.2922
2009-09-28,CHF,MOP,middle,7.7438
2009-09-28,CNY,MOP,middle,1.1691
2009-09-28,DKK,MOP,middle,1.571
2009-09-28,EUR,MOP,middle,11.6912
2009-09-28,GBP,MOP,middle,12.6249
2009-09-28,HKD,MOP,middle,1.03
2009-09-28,JPY,MOP,middle,0.089909
2009-09-28,KRW,MOP,middle,0.0067
2009-09-28,MYR,MOP,middle,2.298
2009-09-28,NOK,MOP,middle,1.3697
2009-09-28,NZD,MOP,middle,5.7211
2009-09-28,SEK,MOP,middle,1.1441
2009-09-28,SGD,MOP,middle,5.6296
2009-09-28,TWD,MOP,middle,0.2465
2009-09-28,USD,MOP,middle,7.9831
2009-09-29,AUD,MOP,middle,6.9702
2009-09-29,CAD,MOP,middle,7.3442
2009-09-29,CHF,MOP,middle,7.7166
2009-09-29,CNY,MOP,middle,1.1691
2009-09-29,DKK,MOP,middle,1.5655
2009-09-29,EUR,MOP,middle,11.6521
2009-09-29,GBP,MOP,middle,12.6851
2009-09-29,HKD,MOP,middle,1.03
2009-09-29,JPY,MOP,middle,0.08853
2009-09-29,KRW,MOP,middle,0.0067
2009-09-29,MYR,MOP,middle,2.2893
2009-09-29,NOK,MOP,middle,1.3683
2009-09-29,NZD,MOP,middle,5.7289
2009-09-29,SEK,MOP,middle,1.1407
2009-09-29,SGD,MOP,middle,5.6207
2009-09-29,TWD,MOP,middle,0.2459
2009-09-29,USD,MOP,middle,7.9828
2009-09-30,AUD,MOP,middle,6.9869
2009-09-30,CAD,MOP,middle,7.37
2009-09-30,CHF,MOP,middle,7.7073
2009-09-30,CNY,MOP,middle,1.169
2009-09-30,DKK,MOP,middle,1.5657
2009-09-30,EUR,MOP,middle,11.6541
2009-09-30,GBP,MOP,middle,12.7549
2009-09-30,HKD,MOP,middle,1.03
2009-09-30,JPY,MOP,middle,0.088594
2009-09-30,KRW,MOP,middle,0.0067
2009-09-30,MYR,MOP,middle,2.2909
2009-09-30,NOK,MOP,middle,1.3677
2009-09-30,NZD,MOP,middle,5.7269
2009-09-30,SEK,MOP,middle,1.1398
2009-09-30,SGD,MOP,middle,5.634
2009-09-30,TWD,MOP,middle,0.2467
2009-09-30,USD,MOP,middle,7.9828
2009-10-05,AUD,MOP,middle,6.963
2009-10-05,CAD,MOP,middle,7.4152
2009-10-05,CHF,MOP,middle,7.7293
2009-10-05,CNY,MOP,middle,1.169
2009-10-05,DKK,MOP,middle,1.5683
2009-10-05,EUR,MOP,middle,11.6756
2009-10-05,GBP,MOP,middle,12.7581
2009-10-05,HKD,MOP,middle,1.03
2009-10-05,JPY,MOP,middle,0.088821
2009-10-05,KRW,MOP,middle,0.0068000000000000005
2009-10-05,MYR,MOP,middle,2.3038
2009-10-05,NOK,MOP,middle,1.3812
2009-10-05,NZD,MOP,middle,5.7372
2009-10-05,SEK,MOP,middle,1.1369
2009-10-05,SGD,MOP,middle,5.6511
2009-10-05,TWD,MOP,middle,0.2472
2009-10-05,USD,MOP,middle,7.9828
2009-10-06,AUD,MOP,middle,7.0002
2009-10-06,CAD,MOP,middle,7.4547
2009-10-06,CHF,MOP,middle,7.7395
2009-10-06,CNY,MOP,middle,1.169
2009-10-06,DKK,MOP,middle,1.5724
2009-10-06,EUR,MOP,middle,11.7041
2009-10-06,GBP,MOP,middle,12.7271
2009-10-06,HKD,MOP,middle,1.03
2009-10-06,JPY,MOP,middle,0.089274
2009-10-06,KRW,MOP,middle,0.0068000000000000005
2009-10-06,MYR,MOP,middle,2.3135
2009-10-06,NOK,MOP,middle,1.3926
2009-10-06,NZD,MOP,middle,5.8299
2009-10-06,SEK,MOP,middle,1.1399
2009-10-06,SGD,MOP,middle,5.6675
2009-10-06,TWD,MOP,middle,0.2479
2009-10-06,USD,MOP,middle,7.9829
2009-10-07,AUD,MOP,middle,7.0972
2009-10-07,CAD,MOP,middle,7.5342
2009-10-07,CHF,MOP,middle,7.7655
2009-10-07,CNY,MOP,middle,1.169
2009-10-07,DKK,MOP,middle,1.5771
2009-10-07,EUR,MOP,middle,11.7401
2009-10-07,GBP,MOP,middle,12.704
2009-10-07,HKD,MOP,middle,1.03
2009-10-07,JPY,MOP,middle,0.08976100000000001
2009-10-07,KRW,MOP,middle,0.0068000000000000005
2009-10-07,MYR,MOP,middle,2.325
2009-10-07,NOK,MOP,middle,1.4023
2009-10-07,NZD,MOP,middle,5.8646
2009-10-07,SEK,MOP,middle,1.151
2009-10-07,SGD,MOP,middle,5.6903
2009-10-07,TWD,MOP,middle,0.2484
2009-10-07,USD,MOP,middle,7.9829
2009-10-08,AUD,MOP,middle,7.1827
2009-10-08,CAD,MOP,middle,7.5502
2009-10-08,CHF,MOP,middle,7.7462
2009-10-08,CNY,MOP,middle,1.1689
2009-10-08,DKK,MOP,middle,1.5792
2009-10-08,EUR,MOP,middle,11.7542
2009-10-08,GBP,MOP,middle,12.7608
2009-10-08,HKD,MOP,middle,1.03
2009-10-08,JPY,MOP,middle,0.090192
2009-10-08,KRW,MOP,middle,0.0068000000000000005
2009-10-08,MYR,MOP,middle,2.3426
2009-10-08,NOK,MOP,middle,1.4088
2009-10-08,NZD,MOP,middle,5.9071
2009-10-08,SEK,MOP,middle,1.145
2009-10-08,SGD,MOP,middle,5.7124
2009-10-08,TWD,MOP,middle,0.2486
2009-10-08,USD,MOP,middle,7.9825
2009-10-09,AUD,MOP,middle,7.2196
2009-10-09,CAD,MOP,middle,7.578
2009-10-09,CHF,MOP,middle,7.7641
2009-10-09,CNY,MOP,middle,1.1689
2009-10-09,DKK,MOP,middle,1.5833
2009-10-09,EUR,MOP,middle,11.7869
2009-10-09,GBP,MOP,middle,12.8054
2009-10-09,HKD,MOP,middle,1.03
2009-10-09,JPY,MOP,middle,0.08994999999999999
2009-10-09,KRW,MOP,middle,0.0068000000000000005
2009-10-09,MYR,MOP,middle,2.3558
2009-10-09,NOK,MOP,middle,1.4125
2009-10-09,NZD,MOP,middle,5.9144
2009-10-09,SEK,MOP,middle,1.1451
2009-10-09,SGD,MOP,middle,5.7394
2009-10-09,TWD,MOP,middle,0.2484
2009-10-09,USD,MOP,middle,7.9827
2009-10-12,AUD,MOP,middle,7.2043
2009-10-12,CAD,MOP,middle,7.6466
2009-10-12,CHF,MOP,middle,7.7209
2009-10-12,CNY,MOP,middle,1.1693
2009-10-12,DKK,MOP,middle,1.5758
2009-10-12,EUR,MOP,middle,11.7298
2009-10-12,GBP,MOP,middle,12.6259
2009-10-12,HKD,MOP,middle,1.03
2009-10-12,JPY,MOP,middle,0.088635
2009-10-12,KRW,MOP,middle,0.0068000000000000005
2009-10-12,MYR,MOP,middle,2.3441
2009-10-12,NOK,MOP,middle,1.4125
2009-10-12,NZD,MOP,middle,5.832
2009-10-12,SEK,MOP,middle,1.1362
2009-10-12,SGD,MOP,middle,5.7044
2009-10-12,TWD,MOP,middle,0.2475
2009-10-12,USD,MOP,middle,7.983
2009-10-13,AUD,MOP,middle,7.2415
2009-10-13,CAD,MOP,middle,7.7191
2009-10-13,CHF,MOP,middle,7.7736
2009-10-13,CNY,MOP,middle,1.1692
2009-10-13,DKK,MOP,middle,1.5844
2009-10-13,EUR,MOP,middle,11.7944
2009-10-13,GBP,MOP,middle,12.6191
2009-10-13,HKD,MOP,middle,1.03
2009-10-13,JPY,MOP,middle,0.088889
2009-10-13,KRW,MOP,middle,0.0068000000000000005
2009-10-13,MYR,MOP,middle,2.3534
2009-10-13,NOK,MOP,middle,1.4174
2009-10-13,NZD,MOP,middle,5.8876
2009-10-13,SEK,MOP,middle,1.1445
2009-10-13,SGD,MOP,middle,5.7134
2009-10-13,TWD,MOP,middle,0.2473
2009-10-13,USD,MOP,middle,7.9827
2009-10-14,AUD,MOP,middle,7.2443
2009-10-14,CAD,MOP,middle,7.7359
2009-10-14,CHF,MOP,middle,7.8074
2009-10-14,CNY,MOP,middle,1.1693
2009-10-14,DKK,MOP,middle,1.5921
2009-10-14,EUR,MOP,middle,11.8503
2009-10-14,GBP,MOP,middle,12.6989
2009-10-14,HKD,MOP,middle,1.03
2009-10-14,JPY,MOP,middle,0.088943
2009-10-14,KRW,MOP,middle,0.0068000000000000005
2009-10-14,MYR,MOP,middle,2.3569
2009-10-14,NOK,MOP,middle,1.4227
2009-10-14,NZD,MOP,middle,5.8884
2009-10-14,SEK,MOP,middle,1.1452
2009-10-14,SGD,MOP,middle,5.7123
2009-10-14,TWD,MOP,middle,0.2474
2009-10-14,USD,MOP,middle,7.9827
2009-10-15,AUD,MOP,middle,7.3368
2009-10-15,CAD,MOP,middle,7.8111
2009-10-15,CHF,MOP,middle,7.879
2009-10-15,CNY,MOP,middle,1.1693
2009-10-15,DKK,MOP,middle,1.603
2009-10-15,EUR,MOP,middle,11.9332
2009-10-15,GBP,MOP,middle,12.8105
2009-10-15,HKD,MOP,middle,1.03
2009-10-15,JPY,MOP,middle,0.089215
2009-10-15,KRW,MOP,middle,0.0069
2009-10-15,MYR,MOP,middle,2.3822
2009-10-15,NOK,MOP,middle,1.4445
2009-10-15,NZD,MOP,middle,5.9574
2009-10-15,SEK,MOP,middle,1.1583
2009-10-15,SGD,MOP,middle,5.7534
2009-10-15,TWD,MOP,middle,0.2477
2009-10-15,USD,MOP,middle,7.9826
2009-10-16,AUD,MOP,middle,7.3977
2009-10-16,CAD,MOP,middle,7.7548
2009-10-16,CHF,MOP,middle,7.8796
2009-10-16,CNY,MOP,middle,1.1693
2009-10-16,DKK,MOP,middle,1.605
2009-10-16,EUR,MOP,middle,11.9461
2009-10-16,GBP,MOP,middle,13.05
2009-10-16,HKD,MOP,middle,1.03
2009-10-16,JPY,MOP,middle,0.087945
2009-10-16,KRW,MOP,middle,0.0069
2009-10-16,MYR,MOP,middle,2.3793
2009-10-16,NOK,MOP,middle,1.4393
2009-10-16,NZD,MOP,middle,5.9772
2009-10-16,SEK,MOP,middle,1.1525
2009-10-16,SGD,MOP,middle,5.7512
2009-10-16,TWD,MOP,middle,0.2478
2009-10-16,USD,MOP,middle,7.9824
2009-10-19,AUD,MOP,middle,7.286
2009-10-19,CAD,MOP,middle,7.667
2009-10-19,CHF,MOP,middle,7.8091
2009-10-19,CNY,MOP,middle,1.1693
2009-10-19,DKK,MOP,middle,1.5918
2009-10-19,EUR,MOP,middle,11.8502
2009-10-19,GBP,MOP,middle,13.0169
2009-10-19,HKD,MOP,middle,1.03
2009-10-19,JPY,MOP,middle,0.08776199999999999
2009-10-19,KRW,MOP,middle,0.0068000000000000005
2009-10-19,MYR,MOP,middle,2.3576
2009-10-19,NOK,MOP,middle,1.4099
2009-10-19,NZD,MOP,middle,5.8962
2009-10-19,SEK,MOP,middle,1.1435
2009-10-19,SGD,MOP,middle,5.7117
2009-10-19,TWD,MOP,middle,0.2468
2009-10-19,USD,MOP,middle,7.9829
2009-10-20,AUD,MOP,middle,7.411
2009-10-20,CAD,MOP,middle,7.7618
2009-10-20,CHF,MOP,middle,7.8957
2009-10-20,CNY,MOP,middle,1.1692
2009-10-20,DKK,MOP,middle,1.6059
2009-10-20,EUR,MOP,middle,11.9539
2009-10-20,GBP,MOP,middle,13.0763
2009-10-20,HKD,MOP,middle,1.03
2009-10-20,JPY,MOP,middle,0.088122
2009-10-20,KRW,MOP,middle,0.0068000000000000005
2009-10-20,MYR,MOP,middle,2.3719
2009-10-20,NOK,MOP,middle,1.4369
2009-10-20,NZD,MOP,middle,6.0261
2009-10-20,SEK,MOP,middle,1.1537
2009-10-20,SGD,MOP,middle,5.7402
2009-10-20,TWD,MOP,middle,0.2474
2009-10-20,USD,MOP,middle,7.9826
2009-10-21,AUD,MOP,middle,7.3628
2009-10-21,CAD,MOP,middle,7.6044
2009-10-21,CHF,MOP,middle,7.8814
2009-10-21,CNY,MOP,middle,1.1692
2009-10-21,DKK,MOP,middle,1.6007
2009-10-21,EUR,MOP,middle,11.9146
2009-10-21,GBP,MOP,middle,13.0765
2009-10-21,HKD,MOP,middle,1.03
2009-10-21,JPY,MOP,middle,0.08792
2009-10-21,KRW,MOP,middle,0.0068000000000000005
2009-10-21,MYR,MOP,middle,2.3572
2009-10-21,NOK,MOP,middle,1.4261
2009-10-21,NZD,MOP,middle,5.985
2009-10-21,SEK,MOP,middle,1.1472
2009-10-21,SGD,MOP,middle,5.7222
2009-10-21,TWD,MOP,middle,0.2467
2009-10-21,USD,MOP,middle,7.9827
2009-10-22,AUD,MOP,middle,7.416
2009-10-22,CAD,MOP,middle,7.646
2009-10-22,CHF,MOP,middle,7.9379
2009-10-22,CNY,MOP,middle,1.1691
2009-10-22,DKK,MOP,middle,1.6108
2009-10-22,EUR,MOP,middle,11.99
2009-10-22,GBP,MOP,middle,13.2747
2009-10-22,HKD,MOP,middle,1.03
2009-10-22,JPY,MOP,middle,0.08763199999999999
2009-10-22,KRW,MOP,middle,0.0068000000000000005
2009-10-22,MYR,MOP,middle,2.369
2009-10-22,NOK,MOP,middle,1.4389
2009-10-22,NZD,MOP,middle,6.0531
2009-10-22,SEK,MOP,middle,1.166
2009-10-22,SGD,MOP,middle,5.7384
2009-10-22,TWD,MOP,middle,0.2469
2009-10-22,USD,MOP,middle,7.9824
2009-10-23,AUD,MOP,middle,7.3992
2009-10-23,CAD,MOP,middle,7.6178
2009-10-23,CHF,MOP,middle,7.943
2009-10-23,CNY,MOP,middle,1.1692
2009-10-23,DKK,MOP,middle,1.6125
2009-10-23,EUR,MOP,middle,12.002
2009-10-23,GBP,MOP,middle,13.2904
2009-10-23,HKD,MOP,middle,1.03
2009-10-23,JPY,MOP,middle,0.087247
2009-10-23,KRW,MOP,middle,0.0067
2009-10-23,MYR,MOP,middle,2.3572
2009-10-23,NOK,MOP,middle,1.4449
2009-10-23,NZD,MOP,middle,6.0405
2009-10-23,SEK,MOP,middle,1.1761
2009-10-23,SGD,MOP,middle,5.7273
2009-10-23,TWD,MOP,middle,0.2465
2009-10-23,USD,MOP,middle,7.9827
2009-10-27,AUD,MOP,middle,7.3223
2009-10-27,CAD,MOP,middle,7.468
2009-10-27,CHF,MOP,middle,7.8375
2009-10-27,CNY,MOP,middle,1.1691
2009-10-27,DKK,MOP,middle,1.5945
2009-10-27,EUR,MOP,middle,11.869
2009-10-27,GBP,MOP,middle,13.0305
2009-10-27,HKD,MOP,middle,1.03
2009-10-27,JPY,MOP,middle,0.086676
2009-10-27,KRW,MOP,middle,0.0067
2009-10-27,MYR,MOP,middle,2.3462
2009-10-27,NOK,MOP,middle,1.4167
2009-10-27,NZD,MOP,middle,5.9656
2009-10-27,SEK,MOP,middle,1.1628
2009-10-27,SGD,MOP,middle,5.7088
2009-10-27,TWD,MOP,middle,0.2459
2009-10-27,USD,MOP,middle,7.9829
2009-10-28,AUD,MOP,middle,7.2978
2009-10-28,CAD,MOP,middle,7.4895
2009-10-28,CHF,MOP,middle,7.8112
2009-10-28,CNY,MOP,middle,1.169
2009-10-28,DKK,MOP,middle,1.5875
2009-10-28,EUR,MOP,middle,11.8168
2009-10-28,GBP,MOP,middle,13.0525
2009-10-28,HKD,MOP,middle,1.03
2009-10-28,JPY,MOP,middle,0.08718500000000001
2009-10-28,KRW,MOP,middle,0.0067
2009-10-28,MYR,MOP,middle,2.3403
2009-10-28,NOK,MOP,middle,1.4111
2009-10-28,NZD,MOP,middle,5.9264
2009-10-28,SEK,MOP,middle,1.1437
2009-10-28,SGD,MOP,middle,5.6977
2009-10-28,TWD,MOP,middle,0.2456
2009-10-28,USD,MOP,middle,7.9827
2009-10-29,AUD,MOP,middle,7.1589
2009-10-29,CAD,MOP,middle,7.3828
2009-10-29,CHF,MOP,middle,7.7709
2009-10-29,CNY,MOP,middle,1.1691
2009-10-29,DKK,MOP,middle,1.5768
2009-10-29,EUR,MOP,middle,11.7366
2009-10-29,GBP,MOP,middle,13.0597
2009-10-29,HKD,MOP,middle,1.03
2009-10-29,JPY,MOP,middle,0.088182
2009-10-29,KRW,MOP,middle,0.0066
2009-10-29,MYR,MOP,middle,2.3175
2009-10-29,NOK,MOP,middle,1.3898
2009-10-29,NZD,MOP,middle,5.738
2009-10-29,SEK,MOP,middle,1.1286
2009-10-29,SGD,MOP,middle,5.6857
2009-10-29,TWD,MOP,middle,0.245
2009-10-29,USD,MOP,middle,7.9827
2009-10-30,AUD,MOP,middle,7.2982
2009-10-30,CAD,MOP,middle,7.4727
2009-10-30,CHF,MOP,middle,7.8362
2009-10-30,CNY,MOP,middle,1.169
2009-10-30,DKK,MOP,middle,1.5905
2009-10-30,EUR,MOP,middle,11.8387
2009-10-30,GBP,MOP,middle,13.2114
2009-10-30,HKD,MOP,middle,1.03
2009-10-30,JPY,MOP,middle,0.087338
2009-10-30,KRW,MOP,middle,0.0067
2009-10-30,MYR,MOP,middle,2.3393
2009-10-30,NOK,MOP,middle,1.4145
2009-10-30,NZD,MOP,middle,5.829
2009-10-30,SEK,MOP,middle,1.1443
2009-10-30,SGD,MOP,middle,5.7119
2009-10-30,TWD,MOP,middle,0.2456
2009-10-30,USD,MOP,middle,7.9827
2009-11-03,AUD,MOP,middle,7.2471
2009-11-03,CAD,MOP,middle,7.4127
2009-11-03,CHF,MOP,middle,7.8197
2009-11-03,CNY,MOP,middle,1.1691
2009-11-03,DKK,MOP,middle,1.5868
2009-11-03,EUR,MOP,middle,11.8096
2009-11-03,GBP,MOP,middle,13.086
2009-11-03,HKD,MOP,middle,1.03
2009-11-03,JPY,MOP,middle,0.08835699999999999
2009-11-03,KRW,MOP,middle,0.0068000000000000005
2009-11-03,MYR,MOP,middle,2.3369
2009-11-03,NOK,MOP,middle,1.3889
2009-11-03,NZD,MOP,middle,5.7691
2009-11-03,SEK,MOP,middle,1.1337
2009-11-03,SGD,MOP,middle,5.7093
2009-11-03,TWD,MOP,middle,0.2455
2009-11-03,USD,MOP,middle,7.9827
2009-11-04,AUD,MOP,middle,7.1833
2009-11-04,CAD,MOP,middle,7.4805
2009-11-04,CHF,MOP,middle,7.7726
2009-11-04,CNY,MOP,middle,1.1691
2009-11-04,DKK,MOP,middle,1.5785
2009-11-04,EUR,MOP,middle,11.7471
2009-11-04,GBP,MOP,middle,13.105
2009-11-04,HKD,MOP,middle,1.03
2009-11-04,JPY,MOP,middle,0.088574
2009-11-04,KRW,MOP,middle,0.0068000000000000005
2009-11-04,MYR,MOP,middle,2.3294
2009-11-04,NOK,MOP,middle,1.3821
2009-11-04,NZD,MOP,middle,5.7376
2009-11-04,SEK,MOP,middle,1.1181
2009-11-04,SGD,MOP,middle,5.703
2009-11-04,TWD,MOP,middle,0.2453
2009-11-04,USD,MOP,middle,7.9828
2009-11-05,AUD,MOP,middle,7.2525
2009-11-05,CAD,MOP,middle,7.4932
2009-11-05,CHF,MOP,middle,7.8456
2009-11-05,CNY,MOP,middle,1.1691
2009-11-05,DKK,MOP,middle,1.5915
2009-11-05,EUR,MOP,middle,11.8424
2009-11-05,GBP,MOP,middle,13.1887
2009-11-05,HKD,MOP,middle,1.03
2009-11-05,JPY,MOP,middle,0.088131
2009-11-05,KRW,MOP,middle,0.0068000000000000005
2009-11-05,MYR,MOP,middle,2.3351
2009-11-05,NOK,MOP,middle,1.4029
2009-11-05,NZD,MOP,middle,5.7506
2009-11-05,SEK,MOP,middle,1.1327
2009-11-05,SGD,MOP,middle,5.7163
2009-11-05,TWD,MOP,middle,0.2455
2009-11-05,USD,MOP,middle,7.9825
2009-11-06,AUD,MOP,middle,7.2773
2009-11-06,CAD,MOP,middle,7.4887
2009-11-06,CHF,MOP,middle,7.8519
2009-11-06,CNY,MOP,middle,1.1691
2009-11-06,DKK,MOP,middle,1.5948
2009-11-06,EUR,MOP,middle,11.8681
2009-11-06,GBP,MOP,middle,13.2371
2009-11-06,HKD,MOP,middle,1.03
2009-11-06,JPY,MOP,middle,0.08796699999999999
2009-11-06,KRW,MOP,middle,0.0068000000000000005
2009-11-06,MYR,MOP,middle,2.3379
2009-11-06,NOK,MOP,middle,1.4052
2009-11-06,NZD,MOP,middle,5.7499
2009-11-06,SEK,MOP,middle,1.142
2009-11-06,SGD,MOP,middle,5.7204
2009-11-06,TWD,MOP,middle,0.2457
2009-11-06,USD,MOP,middle,7.9826
2009-11-09,AUD,MOP,middle,7.3862
2009-11-09,CAD,MOP,middle,7.4547
2009-11-09,CHF,MOP,middle,7.8665
2009-11-09,CNY,MOP,middle,1.1692
2009-11-09,DKK,MOP,middle,1.598
2009-11-09,EUR,MOP,middle,11.8925
2009-11-09,GBP,MOP,middle,13.3127
2009-11-09,HKD,MOP,middle,1.03
2009-11-09,JPY,MOP,middle,0.08876200000000001
2009-11-09,KRW,MOP,middle,0.0069
2009-11-09,MYR,MOP,middle,2.3559
2009-11-09,NOK,MOP,middle,1.4068
2009-11-09,NZD,MOP,middle,5.8674
2009-11-09,SEK,MOP,middle,1.147
2009-11-09,SGD,MOP,middle,5.7414
2009-11-09,TWD,MOP,middle,0.2461
2009-11-09,USD,MOP,middle,7.9829
2009-11-10,AUD,MOP,middle,7.4259
2009-11-10,CAD,MOP,middle,7.5572
2009-11-10,CHF,MOP,middle,7.9166
2009-11-10,CNY,MOP,middle,1.1692
2009-11-10,DKK,MOP,middle,1.608
2009-11-10,EUR,MOP,middle,11.9653
2009-11-10,GBP,MOP,middle,13.3822
2009-11-10,HKD,MOP,middle,1.03
2009-11-10,JPY,MOP,middle,0.088711
2009-11-10,KRW,MOP,middle,0.0069
2009-11-10,MYR,MOP,middle,2.3677
2009-11-10,NOK,MOP,middle,1.4289
2009-11-10,NZD,MOP,middle,5.9232
2009-11-10,SEK,MOP,middle,1.1642
2009-11-10,SGD,MOP,middle,5.7562
2009-11-10,TWD,MOP,middle,0.247
2009-11-10,USD,MOP,middle,7.9827
2009-11-11,AUD,MOP,middle,7.4346
2009-11-11,CAD,MOP,middle,7.6148
2009-11-11,CHF,MOP,middle,7.9318
2009-11-11,CNY,MOP,middle,1.1693
2009-11-11,DKK,MOP,middle,1.6097
2009-11-11,EUR,MOP,middle,11.9779
2009-11-11,GBP,MOP,middle,13.3633
2009-11-11,HKD,MOP,middle,1.03
2009-11-11,JPY,MOP,middle,0.08918100000000001
2009-11-11,KRW,MOP,middle,0.0069
2009-11-11,MYR,MOP,middle,2.3614
2009-11-11,NOK,MOP,middle,1.4315
2009-11-11,NZD,MOP,middle,5.9295
2009-11-11,SEK,MOP,middle,1.1707
2009-11-11,SGD,MOP,middle,5.7568
2009-11-11,TWD,MOP,middle,0.2467
2009-11-11,USD,MOP,middle,7.9826
2009-11-12,AUD,MOP,middle,7.4689
2009-11-12,CAD,MOP,middle,7.6539
2009-11-12,CHF,MOP,middle,7.9244
2009-11-12,CNY,MOP,middle,1.1693
2009-11-12,DKK,MOP,middle,1.6098
2009-11-12,EUR,MOP,middle,11.9795
2009-11-12,GBP,MOP,middle,13.2579
2009-11-12,HKD,MOP,middle,1.03
2009-11-12,JPY,MOP,middle,0.088809
2009-11-12,KRW,MOP,middle,0.0069
2009-11-12,MYR,MOP,middle,2.3666
2009-11-12,NOK,MOP,middle,1.4291
2009-11-12,NZD,MOP,middle,5.9279
2009-11-12,SEK,MOP,middle,1.1727
2009-11-12,SGD,MOP,middle,5.7644
2009-11-12,TWD,MOP,middle,0.2472
2009-11-12,USD,MOP,middle,7.9826
2009-11-13,AUD,MOP,middle,7.3874
2009-11-13,CAD,MOP,middle,7.5638
2009-11-13,CHF,MOP,middle,7.8541
2009-11-13,CNY,MOP,middle,1.1693
2009-11-13,DKK,MOP,middle,1.5947
2009-11-13,EUR,MOP,middle,11.8652
2009-11-13,GBP,MOP,middle,13.243
2009-11-13,HKD,MOP,middle,1.03
2009-11-13,JPY,MOP,middle,0.088409
2009-11-13,KRW,MOP,middle,0.0069
2009-11-13,MYR,MOP,middle,2.3565
2009-11-13,NOK,MOP,middle,1.4112
2009-11-13,NZD,MOP,middle,5.8544
2009-11-13,SEK,MOP,middle,1.1597
2009-11-13,SGD,MOP,middle,5.744
2009-11-13,TWD,MOP,middle,0.2467
2009-11-13,USD,MOP,middle,7.9825
2009-11-16,AUD,MOP,middle,7.4409
2009-11-16,CAD,MOP,middle,7.5948
2009-11-16,CHF,MOP,middle,7.905
2009-11-16,CNY,MOP,middle,1.1693
2009-11-16,DKK,MOP,middle,1.6038
2009-11-16,EUR,MOP,middle,11.9332
2009-11-16,GBP,MOP,middle,13.3354
2009-11-16,HKD,MOP,middle,1.03
2009-11-16,JPY,MOP,middle,0.089249
2009-11-16,KRW,MOP,middle,0.0069
2009-11-16,MYR,MOP,middle,2.3723
2009-11-16,NOK,MOP,middle,1.4266
2009-11-16,NZD,MOP,middle,5.9105
2009-11-16,SEK,MOP,middle,1.1715
2009-11-16,SGD,MOP,middle,5.762
2009-11-16,TWD,MOP,middle,0.2475
2009-11-16,USD,MOP,middle,7.9829
2009-11-17,AUD,MOP,middle,7.4785
2009-11-17,CAD,MOP,middle,7.6254
2009-11-17,CHF,MOP,middle,7.9259
2009-11-17,CNY,MOP,middle,1.1692
2009-11-17,DKK,MOP,middle,1.6075
2009-11-17,EUR,MOP,middle,11.9599
2009-11-17,GBP,MOP,middle,13.4367
2009-11-17,HKD,MOP,middle,1.03
2009-11-17,JPY,MOP,middle,0.089601
2009-11-17,KRW,MOP,middle,0.0069
2009-11-17,MYR,MOP,middle,2.3779
2009-11-17,NOK,MOP,middle,1.4369
2009-11-17,NZD,MOP,middle,5.987
2009-11-17,SEK,MOP,middle,1.1746
2009-11-17,SGD,MOP,middle,5.7697
2009-11-17,TWD,MOP,middle,0.249
2009-11-17,USD,MOP,middle,7.9826
2009-11-18,AUD,MOP,middle,7.4274
2009-11-18,CAD,MOP,middle,7.5992
2009-11-18,CHF,MOP,middle,7.8604
2009-11-18,CNY,MOP,middle,1.1693
2009-11-18,DKK,MOP,middle,1.5972
2009-11-18,EUR,MOP,middle,11.8849
2009-11-18,GBP,MOP,middle,13.4188
2009-11-18,HKD,MOP,middle,1.03
2009-11-18,JPY,MOP,middle,0.08944
2009-11-18,KRW,MOP,middle,0.0069
2009-11-18,MYR,MOP,middle,2.3719
2009-11-18,NOK,MOP,middle,1.4223
2009-11-18,NZD,MOP,middle,5.953
2009-11-18,SEK,MOP,middle,1.1613
2009-11-18,SGD,MOP,middle,5.763
2009-11-18,TWD,MOP,middle,0.2484
2009-11-18,USD,MOP,middle,7.9826
2009-11-19,AUD,MOP,middle,7.4003
2009-11-19,CAD,MOP,middle,7.555
2009-11-19,CHF,MOP,middle,7.8969
2009-11-19,CNY,MOP,middle,1.1692
2009-11-19,DKK,MOP,middle,1.6036
2009-11-19,EUR,MOP,middle,11.9316
2009-11-19,GBP,MOP,middle,13.3521
2009-11-19,HKD,MOP,middle,1.03
2009-11-19,JPY,MOP,middle,0.08935
2009-11-19,KRW,MOP,middle,0.0069
2009-11-19,MYR,MOP,middle,2.367
2009-11-19,NOK,MOP,middle,1.4268
2009-11-19,NZD,MOP,middle,5.9279
2009-11-19,SEK,MOP,middle,1.1682
2009-11-19,SGD,MOP,middle,5.7619
2009-11-19,TWD,MOP,middle,0.2486
2009-11-19,USD,MOP,middle,7.9826
2009-11-20,AUD,MOP,middle,7.346
2009-11-20,CAD,MOP,middle,7.5067
2009-11-20,CHF,MOP,middle,7.8751
2009-11-20,CNY,MOP,middle,1.1692
2009-11-20,DKK,MOP,middle,1.6
2009-11-20,EUR,MOP,middle,11.9064
2009-11-20,GBP,MOP,middle,13.2926
2009-11-20,HKD,MOP,middle,1.03
2009-11-20,JPY,MOP,middle,0.089677
2009-11-20,KRW,MOP,middle,0.0069
2009-11-20,MYR,MOP,middle,2.3534
2009-11-20,NOK,MOP,middle,1.4175
2009-11-20,NZD,MOP,middle,5.8345
2009-11-20,SEK,MOP,middle,1.1583
2009-11-20,SGD,MOP,middle,5.7456
2009-11-20,TWD,MOP,middle,0.2472
2009-11-20,USD,MOP,middle,7.9826
2009-11-23,AUD,MOP,middle,7.3294
2009-11-23,CAD,MOP,middle,7.4759
2009-11-23,CHF,MOP,middle,7.8656
2009-11-23,CNY,MOP,middle,1.1692
2009-11-23,DKK,MOP,middle,1.5984
2009-11-23,EUR,MOP,middle,11.894
2009-11-23,GBP,MOP,middle,13.1876
2009-11-23,HKD,MOP,middle,1.03
2009-11-23,JPY,MOP,middle,0.08974399999999999
2009-11-23,KRW,MOP,middle,0.0069
2009-11-23,MYR,MOP,middle,2.3662
2009-11-23,NOK,MOP,middle,1.4146
2009-11-23,NZD,MOP,middle,5.7919
2009-11-23,SEK,MOP,middle,1.1536
2009-11-23,SGD,MOP,middle,5.7569
2009-11-23,TWD,MOP,middle,0.2469
2009-11-23,USD,MOP,middle,7.9828
2009-11-24,AUD,MOP,middle,7.3564
2009-11-24,CAD,MOP,middle,7.5379
2009-11-24,CHF,MOP,middle,7.8969
2009-11-24,CNY,MOP,middle,1.1691
2009-11-24,DKK,MOP,middle,1.6035
2009-11-24,EUR,MOP,middle,11.932
2009-11-24,GBP,MOP,middle,13.2264
2009-11-24,HKD,MOP,middle,1.03
2009-11-24,JPY,MOP,middle,0.089848
2009-11-24,KRW,MOP,middle,0.0069
2009-11-24,MYR,MOP,middle,2.3614
2009-11-24,NOK,MOP,middle,1.4245
2009-11-24,NZD,MOP,middle,5.8161
2009-11-24,SEK,MOP,middle,1.157
2009-11-24,SGD,MOP,middle,5.7584
2009-11-24,TWD,MOP,middle,0.2475
2009-11-24,USD,MOP,middle,7.9826
2009-11-25,AUD,MOP,middle,7.3667
2009-11-25,CAD,MOP,middle,7.545
2009-11-25,CHF,MOP,middle,7.911
2009-11-25,CNY,MOP,middle,1.1692
2009-11-25,DKK,MOP,middle,1.6052
2009-11-25,EUR,MOP,middle,11.9452
2009-11-25,GBP,MOP,middle,13.2491
2009-11-25,HKD,MOP,middle,1.03
2009-11-25,JPY,MOP,middle,0.090239
2009-11-25,KRW,MOP,middle,0.0069
2009-11-25,MYR,MOP,middle,2.3624
2009-11-25,NOK,MOP,middle,1.4188
2009-11-25,NZD,MOP,middle,5.7978
2009-11-25,SEK,MOP,middle,1.1548
2009-11-25,SGD,MOP,middle,5.7626
2009-11-25,TWD,MOP,middle,0.2471
2009-11-25,USD,MOP,middle,7.9826
2009-11-26,AUD,MOP,middle,7.409
2009-11-26,CAD,MOP,middle,7.6267
2009-11-26,CHF,MOP,middle,8.0077
2009-11-26,CNY,MOP,middle,1.1692
2009-11-26,DKK,MOP,middle,1.6227
2009-11-26,EUR,MOP,middle,12.0751
2009-11-26,GBP,MOP,middle,13.3511
2009-11-26,HKD,MOP,middle,1.03
2009-11-26,JPY,MOP,middle,0.091343
2009-11-26,KRW,MOP,middle,0.0069
2009-11-26,MYR,MOP,middle,2.3712
2009-11-26,NOK,MOP,middle,1.4336
2009-11-26,NZD,MOP,middle,5.8176
2009-11-26,SEK,MOP,middle,1.1656
2009-11-26,SGD,MOP,middle,5.7865
2009-11-26,TWD,MOP,middle,0.2481
2009-11-26,USD,MOP,middle,7.9825
2009-11-27,AUD,MOP,middle,7.2374
2009-11-27,CAD,MOP,middle,7.5201
2009-11-27,CHF,MOP,middle,7.9208
2009-11-27,CNY,MOP,middle,1.1693
2009-11-27,DKK,MOP,middle,1.6038
2009-11-27,EUR,MOP,middle,11.9352
2009-11-27,GBP,MOP,middle,13.121
2009-11-27,HKD,MOP,middle,1.03
2009-11-27,JPY,MOP,middle,0.0926
2009-11-27,KRW,MOP,middle,0.0069
2009-11-27,MYR,MOP,middle,2.3541
2009-11-27,NOK,MOP,middle,1.4025
2009-11-27,NZD,MOP,middle,5.6772
2009-11-27,SEK,MOP,middle,1.1367
2009-11-27,SGD,MOP,middle,5.7586
2009-11-27,TWD,MOP,middle,0.247
2009-11-27,USD,MOP,middle,7.9826
2009-11-30,AUD,MOP,middle,7.3093
2009-11-30,CAD,MOP,middle,7.545
2009-11-30,CHF,MOP,middle,7.9508
2009-11-30,CNY,MOP,middle,1.1693
2009-11-30,DKK,MOP,middle,1.6119
2009-11-30,EUR,MOP,middle,11.9963
2009-11-30,GBP,MOP,middle,13.2064
2009-11-30,HKD,MOP,middle,1.03
2009-11-30,JPY,MOP,middle,0.09193799999999999
2009-11-30,KRW,MOP,middle,0.0069
2009-11-30,MYR,MOP,middle,2.3523
2009-11-30,NOK,MOP,middle,1.4122
2009-11-30,NZD,MOP,middle,5.7267
2009-11-30,SEK,MOP,middle,1.147
2009-11-30,SGD,MOP,middle,5.7715
2009-11-30,TWD,MOP,middle,0.2474
2009-11-30,USD,MOP,middle,7.9826
2009-12-01,AUD,MOP,middle,7.3134
2009-12-01,CAD,MOP,middle,7.5588
2009-12-01,CHF,MOP,middle,7.9447
2009-12-01,CNY,MOP,middle,1.1693
2009-12-01,DKK,MOP,middle,1.6105
2009-12-01,EUR,MOP,middle,11.9846
2009-12-01,GBP,MOP,middle,13.1193
2009-12-01,HKD,MOP,middle,1.03
2009-12-01,JPY,MOP,middle,0.092436
2009-12-01,KRW,MOP,middle,0.0069
2009-12-01,MYR,MOP,middle,2.3524
2009-12-01,NOK,MOP,middle,1.4051
2009-12-01,NZD,MOP,middle,5.7153
2009-12-01,SEK,MOP,middle,1.1451
2009-12-01,SGD,MOP,middle,5.7706
2009-12-01,TWD,MOP,middle,0.248
2009-12-01,USD,MOP,middle,7.9828
2009-12-02,AUD,MOP,middle,7.4012
2009-12-02,CAD,MOP,middle,7.6342
2009-12-02,CHF,MOP,middle,7.9939
2009-12-02,CNY,MOP,middle,1.1693
2009-12-02,DKK,MOP,middle,1.6187
2009-12-02,EUR,MOP,middle,12.0459
2009-12-02,GBP,MOP,middle,13.2593
2009-12-02,HKD,MOP,middle,1.03
2009-12-02,JPY,MOP,middle,0.091998
2009-12-02,KRW,MOP,middle,0.0069
2009-12-02,MYR,MOP,middle,2.367
2009-12-02,NOK,MOP,middle,1.4226
2009-12-02,NZD,MOP,middle,5.8066
2009-12-02,SEK,MOP,middle,1.1575
2009-12-02,SGD,MOP,middle,5.7848
2009-12-02,TWD,MOP,middle,0.2485
2009-12-02,USD,MOP,middle,7.9827
2009-12-03,AUD,MOP,middle,7.4138
2009-12-03,CAD,MOP,middle,7.6083
2009-12-03,CHF,MOP,middle,7.9874
2009-12-03,CNY,MOP,middle,1.1693
2009-12-03,DKK,MOP,middle,1.6176
2009-12-03,EUR,MOP,middle,12.039
2009-12-03,GBP,MOP,middle,13.2982
2009-12-03,HKD,MOP,middle,1.03
2009-12-03,JPY,MOP,middle,0.091
2009-12-03,KRW,MOP,middle,0.0069
2009-12-03,MYR,MOP,middle,2.3642
2009-12-03,NOK,MOP,middle,1.4253
2009-12-03,NZD,MOP,middle,5.7922
2009-12-03,SEK,MOP,middle,1.164
2009-12-03,SGD,MOP,middle,5.7814
2009-12-03,TWD,MOP,middle,0.2483
2009-12-03,USD,MOP,middle,7.9826
2009-12-04,AUD,MOP,middle,7.358
2009-12-04,CAD,MOP,middle,7.55
2009-12-04,CHF,MOP,middle,7.9754
2009-12-04,CNY,MOP,middle,1.1693
2009-12-04,DKK,MOP,middle,1.6141
2009-12-04,EUR,MOP,middle,12.0118
2009-12-04,GBP,MOP,middle,13.1944
2009-12-04,HKD,MOP,middle,1.03
2009-12-04,JPY,MOP,middle,0.09062300000000001
2009-12-04,KRW,MOP,middle,0.0069
2009-12-04,MYR,MOP,middle,2.3596
2009-12-04,NOK,MOP,middle,1.4184
2009-12-04,NZD,MOP,middle,5.7523
2009-12-04,SEK,MOP,middle,1.1604
2009-12-04,SGD,MOP,middle,5.7699
2009-12-04,TWD,MOP,middle,0.2479
2009-12-04,USD,MOP,middle,7.9826
2009-12-07,AUD,MOP,middle,7.3082
2009-12-07,CAD,MOP,middle,7.5622
2009-12-07,CHF,MOP,middle,7.8601
2009-12-07,CNY,MOP,middle,1.1692
2009-12-07,DKK,MOP,middle,1.5963
2009-12-07,EUR,MOP,middle,11.8795
2009-12-07,GBP,MOP,middle,13.1647
2009-12-07,HKD,MOP,middle,1.03
2009-12-07,JPY,MOP,middle,0.088573
2009-12-07,KRW,MOP,middle,0.0069
2009-12-07,MYR,MOP,middle,2.3548
2009-12-07,NOK,MOP,middle,1.4067
2009-12-07,NZD,MOP,middle,5.7308
2009-12-07,SEK,MOP,middle,1.145
2009-12-07,SGD,MOP,middle,5.7502
2009-12-07,TWD,MOP,middle,0.2475
2009-12-07,USD,MOP,middle,7.9827
2009-12-09,AUD,MOP,middle,7.2232
2009-12-09,CAD,MOP,middle,7.5051
2009-12-09,CHF,MOP,middle,7.7752
2009-12-09,CNY,MOP,middle,1.1692
2009-12-09,DKK,MOP,middle,1.5779
2009-12-09,EUR,MOP,middle,11.7425
2009-12-09,GBP,MOP,middle,12.9823
2009-12-09,HKD,MOP,middle,1.03
2009-12-09,JPY,MOP,middle,0.09018000000000001
2009-12-09,KRW,MOP,middle,0.0069
2009-12-09,MYR,MOP,middle,2.3456
2009-12-09,NOK,MOP,middle,1.3809
2009-12-09,NZD,MOP,middle,5.6513
2009-12-09,SEK,MOP,middle,1.1173
2009-12-09,SGD,MOP,middle,5.7268
2009-12-09,TWD,MOP,middle,0.247
2009-12-09,USD,MOP,middle,7.9832
2009-12-10,AUD,MOP,middle,7.3048
2009-12-10,CAD,MOP,middle,7.5783
2009-12-10,CHF,MOP,middle,7.783
2009-12-10,CNY,MOP,middle,1.1692
2009-12-10,DKK,MOP,middle,1.5817
2009-12-10,EUR,MOP,middle,11.7685
2009-12-10,GBP,MOP,middle,13.0107
2009-12-10,HKD,MOP,middle,1.03
2009-12-10,JPY,MOP,middle,0.090489
2009-12-10,KRW,MOP,middle,0.0069
2009-12-10,MYR,MOP,middle,2.3511
2009-12-10,NOK,MOP,middle,1.3935
2009-12-10,NZD,MOP,middle,5.7797
2009-12-10,SEK,MOP,middle,1.1271
2009-12-10,SGD,MOP,middle,5.7473
2009-12-10,TWD,MOP,middle,0.2473
2009-12-10,USD,MOP,middle,7.983
2009-12-11,AUD,MOP,middle,7.308
2009-12-11,CAD,MOP,middle,7.5938
2009-12-11,CHF,MOP,middle,7.7792
2009-12-11,CNY,MOP,middle,1.1692
2009-12-11,DKK,MOP,middle,1.5801
2009-12-11,EUR,MOP,middle,11.757
2009-12-11,GBP,MOP,middle,12.9899
2009-12-11,HKD,MOP,middle,1.03
2009-12-11,JPY,MOP,middle,0.090346
2009-12-11,KRW,MOP,middle,0.0069
2009-12-11,MYR,MOP,middle,2.3483
2009-12-11,NOK,MOP,middle,1.3925
2009-12-11,NZD,MOP,middle,5.8092
2009-12-11,SEK,MOP,middle,1.1247
2009-12-11,SGD,MOP,middle,5.7465
2009-12-11,TWD,MOP,middle,0.2475
2009-12-11,USD,MOP,middle,7.983
2009-12-14,AUD,MOP,middle,7.2529
2009-12-14,CAD,MOP,middle,7.5272
2009-12-14,CHF,MOP,middle,7.7153
2009-12-14,CNY,MOP,middle,1.1693
2009-12-14,DKK,MOP,middle,1.5679
2009-12-14,EUR,MOP,middle,11.6689
2009-12-14,GBP,MOP,middle,12.9499
2009-12-14,HKD,MOP,middle,1.03
2009-12-14,JPY,MOP,middle,0.089908
2009-12-14,KRW,MOP,middle,0.0068000000000000005
2009-12-14,MYR,MOP,middle,2.345
2009-12-14,NOK,MOP,middle,1.3819
2009-12-14,NZD,MOP,middle,5.7808
2009-12-14,SEK,MOP,middle,1.1195
2009-12-14,SGD,MOP,middle,5.7311
2009-12-14,TWD,MOP,middle,0.2474
2009-12-14,USD,MOP,middle,7.9834
2009-12-15,AUD,MOP,middle,7.3021
2009-12-15,CAD,MOP,middle,7.5378
2009-12-15,CHF,MOP,middle,7.7383
2009-12-15,CNY,MOP,middle,1.1694
2009-12-15,DKK,MOP,middle,1.5719
2009-12-15,EUR,MOP,middle,11.6995
2009-12-15,GBP,MOP,middle,13.007
2009-12-15,HKD,MOP,middle,1.03
2009-12-15,JPY,MOP,middle,0.090025
2009-12-15,KRW,MOP,middle,0.0069
2009-12-15,MYR,MOP,middle,2.3442
2009-12-15,NOK,MOP,middle,1.3813
2009-12-15,NZD,MOP,middle,5.8071
2009-12-15,SEK,MOP,middle,1.1224
2009-12-15,SGD,MOP,middle,5.7392
2009-12-15,TWD,MOP,middle,0.2474
2009-12-15,USD,MOP,middle,7.9844
2009-12-16,AUD,MOP,middle,7.2146
2009-12-16,CAD,MOP,middle,7.5259
2009-12-16,CHF,MOP,middle,7.6723
2009-12-16,CNY,MOP,middle,1.1697
2009-12-16,DKK,MOP,middle,1.5597
2009-12-16,EUR,MOP,middle,11.6072
2009-12-16,GBP,MOP,middle,12.9749
2009-12-16,HKD,MOP,middle,1.03
2009-12-16,JPY,MOP,middle,0.08911
2009-12-16,KRW,MOP,middle,0.0069
2009-12-16,MYR,MOP,middle,2.3363
2009-12-16,NOK,MOP,middle,1.3696
2009-12-16,NZD,MOP,middle,5.7583
2009-12-16,SEK,MOP,middle,1.1091
2009-12-16,SGD,MOP,middle,5.7226
2009-12-16,TWD,MOP,middle,0.2472
2009-12-16,USD,MOP,middle,7.9865
2009-12-17,AUD,MOP,middle,7.1882
2009-12-17,CAD,MOP,middle,7.5178
2009-12-17,CHF,MOP,middle,7.6856
2009-12-17,CNY,MOP,middle,1.1697
2009-12-17,DKK,MOP,middle,1.5586
2009-12-17,EUR,MOP,middle,11.5996
2009-12-17,GBP,MOP,middle,13.0352
2009-12-17,HKD,MOP,middle,1.03
2009-12-17,JPY,MOP,middle,0.088783
2009-12-17,KRW,MOP,middle,0.0068000000000000005
2009-12-17,MYR,MOP,middle,2.3335
2009-12-17,NOK,MOP,middle,1.3832
2009-12-17,NZD,MOP,middle,5.7463
2009-12-17,SEK,MOP,middle,1.111
2009-12-17,SGD,MOP,middle,5.7144
2009-12-17,TWD,MOP,middle,0.2471
2009-12-17,USD,MOP,middle,7.9865
2009-12-18,AUD,MOP,middle,7.0841
2009-12-18,CAD,MOP,middle,7.4697
2009-12-18,CHF,MOP,middle,7.6609
2009-12-18,CNY,MOP,middle,1.17
2009-12-18,DKK,MOP,middle,1.5398
2009-12-18,EUR,MOP,middle,11.4603
2009-12-18,GBP,MOP,middle,12.9147
2009-12-18,HKD,MOP,middle,1.03
2009-12-18,JPY,MOP,middle,0.089395
2009-12-18,KRW,MOP,middle,0.0068000000000000005
2009-12-18,MYR,MOP,middle,2.324
2009-12-18,NOK,MOP,middle,1.3606
2009-12-18,NZD,MOP,middle,5.6716
2009-12-18,SEK,MOP,middle,1.097
2009-12-18,SGD,MOP,middle,5.6917
2009-12-18,TWD,MOP,middle,0.2468
2009-12-18,USD,MOP,middle,7.9888
2009-12-21,AUD,MOP,middle,7.1013
2009-12-21,CAD,MOP,middle,7.4832
2009-12-21,CHF,MOP,middle,7.6685
2009-12-21,CNY,MOP,middle,1.1701
2009-12-21,DKK,MOP,middle,1.5385
2009-12-21,EUR,MOP,middle,11.449
2009-12-21,GBP,MOP,middle,12.8879
2009-12-21,HKD,MOP,middle,1.03
2009-12-21,JPY,MOP,middle,0.08827
2009-12-21,KRW,MOP,middle,0.0068000000000000005
2009-12-21,MYR,MOP,middle,2.3243
2009-12-21,NOK,MOP,middle,1.3665
2009-12-21,NZD,MOP,middle,5.672
2009-12-21,SEK,MOP,middle,1.103
2009-12-21,SGD,MOP,middle,5.6928
2009-12-21,TWD,MOP,middle,0.2469
2009-12-21,USD,MOP,middle,7.9898
2009-12-22,AUD,MOP,middle,7.0292
2009-12-22,CAD,MOP,middle,7.5226
2009-12-22,CHF,MOP,middle,7.6413
2009-12-22,CNY,MOP,middle,1.1699
2009-12-22,DKK,MOP,middle,1.5342
2009-12-22,EUR,MOP,middle,11.4171
2009-12-22,GBP,MOP,middle,12.8298
2009-12-22,HKD,MOP,middle,1.03
2009-12-22,JPY,MOP,middle,0.087604
2009-12-22,KRW,MOP,middle,0.0067
2009-12-22,MYR,MOP,middle,2.3215
2009-12-22,NOK,MOP,middle,1.3625
2009-12-22,NZD,MOP,middle,5.6261
2009-12-22,SEK,MOP,middle,1.0967
2009-12-22,SGD,MOP,middle,5.6799
2009-12-22,TWD,MOP,middle,0.2467
2009-12-22,USD,MOP,middle,7.9882
2009-12-23,AUD,MOP,middle,7.0053
2009-12-23,CAD,MOP,middle,7.5642
2009-12-23,CHF,MOP,middle,7.6187
2009-12-23,CNY,MOP,middle,1.1698
2009-12-23,DKK,MOP,middle,1.5303
2009-12-23,EUR,MOP,middle,11.3894
2009-12-23,GBP,MOP,middle,12.7581
2009-12-23,HKD,MOP,middle,1.03
2009-12-23,JPY,MOP,middle,0.087079
2009-12-23,KRW,MOP,middle,0.0067
2009-12-23,MYR,MOP,middle,2.321
2009-12-23,NOK,MOP,middle,1.3599
2009-12-23,NZD,MOP,middle,5.5891
2009-12-23,SEK,MOP,middle,1.0915
2009-12-23,SGD,MOP,middle,5.6693
2009-12-23,TWD,MOP,middle,0.2469
2009-12-23,USD,MOP,middle,7.9878
2009-12-28,AUD,MOP,middle,7.0578
2009-12-28,CAD,MOP,middle,7.6075
2009-12-28,CHF,MOP,middle,7.6925
2009-12-28,CNY,MOP,middle,1.1698
2009-12-28,DKK,MOP,middle,1.5411
2009-12-28,EUR,MOP,middle,11.4712
2009-12-28,GBP,MOP,middle,12.7337
2009-12-28,HKD,MOP,middle,1.03
2009-12-28,JPY,MOP,middle,0.087156
2009-12-28,KRW,MOP,middle,0.0068000000000000005
2009-12-28,MYR,MOP,middle,2.3318
2009-12-28,NOK,MOP,middle,1.3805
2009-12-28,NZD,MOP,middle,5.6404
2009-12-28,SEK,MOP,middle,1.0972
2009-12-28,SGD,MOP,middle,5.6798
2009-12-28,TWD,MOP,middle,0.2477
2009-12-28,USD,MOP,middle,7.9875
2009-12-29,AUD,MOP,middle,7.0837
2009-12-29,CAD,MOP,middle,7.6625
2009-12-29,CHF,MOP,middle,7.7128
2009-12-29,CNY,MOP,middle,1.17
2009-12-29,DKK,MOP,middle,1.5416
2009-12-29,EUR,MOP,middle,11.4742
2009-12-29,GBP,MOP,middle,12.7817
2009-12-29,HKD,MOP,middle,1.03
2009-12-29,JPY,MOP,middle,0.087105
2009-12-29,KRW,MOP,middle,0.0068000000000000005
2009-12-29,MYR,MOP,middle,2.3275
2009-12-29,NOK,MOP,middle,1.3766
2009-12-29,NZD,MOP,middle,5.6532
2009-12-29,SEK,MOP,middle,1.1057
2009-12-29,SGD,MOP,middle,5.6801
2009-12-29,TWD,MOP,middle,0.2479
2009-12-29,USD,MOP,middle,7.9893
2009-12-30,AUD,MOP,middle,7.1318
2009-12-30,CAD,MOP,middle,7.639
2009-12-30,CHF,MOP,middle,7.6875
2009-12-30,CNY,MOP,middle,1.1699
2009-12-30,DKK,MOP,middle,1.5378
2009-12-30,EUR,MOP,middle,11.4446
2009-12-30,GBP,MOP,middle,12.7015
2009-12-30,HKD,MOP,middle,1.03
2009-12-30,JPY,MOP,middle,0.08677
2009-12-30,KRW,MOP,middle,0.0068000000000000005
2009-12-30,MYR,MOP,middle,2.3248
2009-12-30,NOK,MOP,middle,1.373
2009-12-30,NZD,MOP,middle,5.7179
2009-12-30,SEK,MOP,middle,1.1075
2009-12-30,SGD,MOP,middle,5.6826
2009-12-30,TWD,MOP,middle,0.2474
2009-12-30,USD,MOP,middle,7.9881
2009-12-31,AUD,MOP,middle,7.1671
2009-12-31,CAD,MOP,middle,7.5814
2009-12-31,CHF,MOP,middle,7.7128
2009-12-31,CNY,MOP,middle,1.1698
2009-12-31,DKK,MOP,middle,1.5407
2009-12-31,EUR,MOP,middle,11.4645
2009-12-31,GBP,MOP,middle,12.8428
2009-12-31,HKD,MOP,middle,1.03
2009-12-31,JPY,MOP,middle,0.08635899999999999
2009-12-31,KRW,MOP,middle,0.0069
2009-12-31,MYR,MOP,middle,2.3342
2009-12-31,NOK,MOP,middle,1.3789
2009-12-31,NZD,MOP,middle,5.792
2009-12-31,SEK,MOP,middle,1.1163
2009-12-31,SGD,MOP,middle,5.6938
2009-12-31,TWD,MOP,middle,0.2483
2009-12-31,USD,MOP,middle,7.9878
