date,base,quote,type,value
2025-01-03,AED,XAF,buy,172.8488
2025-01-03,AED,XAF,sell,174.5999
2025-01-03,CAD,XAF,buy,441.1919
2025-01-03,CAD,XAF,sell,445.6742
2025-01-03,CHF,XAF,buy,697.4016
2025-01-03,CHF,XAF,sell,704.4633
2025-01-03,CNY,XAF,buy,86.9668
2025-01-03,CNY,XAF,sell,87.8491
2025-01-03,DKK,XAF,buy,87.4949
2025-01-03,DKK,XAF,sell,88.3802
2025-01-03,EUR,XAF,buy,655.957
2025-01-03,EUR,XAF,sell,655.957
2025-01-03,GBP,XAF,buy,787.2591
2025-01-03,GBP,XAF,sell,795.2193
2025-01-03,JPY,XAF,buy,4.0424
2025-01-03,JPY,XAF,sell,4.0835
2025-01-03,MAD,XAF,buy,62.6369
2025-01-03,MAD,XAF,sell,63.295
2025-01-03,SAR,XAF,buy,169.0173
2025-01-03,SAR,XAF,sell,170.7778
2025-01-03,SEK,XAF,buy,57.0413
2025-01-03,SEK,XAF,sell,57.6311
2025-01-03,USD,XAF,buy,628.1724
2025-01-03,USD,XAF,sell,630.6794
2025-01-03,ZAR,XAF,buy,33.5306
2025-01-03,ZAR,XAF,sell,33.8875
2025-01-10,AED,XAF,buy,172.7436
2025-01-10,AED,XAF,sell,174.489
2025-01-10,CAD,XAF,buy,440.2633
2025-01-10,CAD,XAF,sell,444.7391
2025-01-10,CHF,XAF,buy,695.151
2025-01-10,CHF,XAF,sell,702.2122
2025-01-10,CNY,XAF,buy,86.5275
2025-01-10,CNY,XAF,sell,87.4065
2025-01-10,DKK,XAF,buy,87.4785
2025-01-10,DKK,XAF,sell,88.3636
2025-01-10,EUR,XAF,buy,655.957
2025-01-10,EUR,XAF,sell,655.957
2025-01-10,GBP,XAF,buy,779.4464
2025-01-10,GBP,XAF,sell,787.3364
2025-01-10,JPY,XAF,buy,4.0074
2025-01-10,JPY,XAF,sell,4.0481
2025-01-10,MAD,XAF,buy,63.0161
2025-01-10,MAD,XAF,sell,63.6784
2025-01-10,SAR,XAF,buy,169.0129
2025-01-10,SAR,XAF,sell,170.7469
2025-01-10,SEK,XAF,buy,56.8286
2025-01-10,SEK,XAF,sell,57.4198
2025-01-10,USD,XAF,buy,633.4891
2025-01-10,USD,XAF,sell,638.0718
2025-01-10,ZAR,XAF,buy,33.4663
2025-01-10,ZAR,XAF,sell,33.8211
2025-01-13,AED,XAF,buy,173.8711
2025-01-13,AED,XAF,sell,175.6185
2025-01-13,CAD,XAF,buy,442.3431
2025-01-13,CAD,XAF,sell,446.8311
2025-01-13,CHF,XAF,buy,696.4268
2025-01-13,CHF,XAF,sell,703.4936
2025-01-13,CNY,XAF,buy,87.0956
2025-01-13,CNY,XAF,sell,87.9803
2025-01-13,DKK,XAF,buy,87.4926
2025-01-13,DKK,XAF,sell,88.379
2025-01-13,EUR,XAF,buy,655.957
2025-01-13,EUR,XAF,sell,655.957
2025-01-13,GBP,XAF,buy,775.8975
2025-01-13,GBP,XAF,sell,783.7607
2025-01-13,JPY,XAF,buy,4.0574
2025-01-13,JPY,XAF,sell,4.0987
2025-01-13,MAD,XAF,buy,63.2758
2025-01-13,MAD,XAF,sell,63.9378
2025-01-13,SAR,XAF,buy,170.1009
2025-01-13,SAR,XAF,sell,171.8463
2025-01-13,SEK,XAF,buy,56.7062
2025-01-13,SEK,XAF,sell,57.3244
2025-01-13,USD,XAF,buy,631.1506
2025-01-13,USD,XAF,sell,637.0989
2025-01-13,ZAR,XAF,buy,33.3698
2025-01-13,ZAR,XAF,sell,33.7237
2025-01-14,AED,XAF,buy,173.2618
2025-01-14,AED,XAF,sell,175.0078
2025-01-14,CAD,XAF,buy,442.6011
2025-01-14,CAD,XAF,sell,447.0948
2025-01-14,CHF,XAF,buy,695.151
2025-01-14,CHF,XAF,sell,702.2047
2025-01-14,CNY,XAF,buy,86.8072
2025-01-14,CNY,XAF,sell,87.7029
2025-01-14,DKK,XAF,buy,87.4856
2025-01-14,DKK,XAF,sell,88.3708
2025-01-14,EUR,XAF,buy,655.957
2025-01-14,EUR,XAF,sell,655.957
2025-01-14,GBP,XAF,buy,777.2373
2025-01-14,GBP,XAF,sell,785.0954
2025-01-14,JPY,XAF,buy,4.0434
2025-01-14,JPY,XAF,sell,4.0845
2025-01-14,MAD,XAF,buy,63.1765
2025-01-14,MAD,XAF,sell,63.8332
2025-01-14,SAR,XAF,buy,169.5265
2025-01-14,SAR,XAF,sell,171.2481
2025-01-14,SEK,XAF,buy,56.6535
2025-01-14,SEK,XAF,sell,57.2364
2025-01-14,USD,XAF,buy,635.3572
2025-01-14,USD,XAF,sell,637.2165
2025-01-14,ZAR,XAF,buy,33.5344
2025-01-14,ZAR,XAF,sell,33.8918
2025-01-16,AED,XAF,buy,172.5472
2025-01-16,AED,XAF,sell,174.2906
2025-01-16,CAD,XAF,buy,441.5321
2025-01-16,CAD,XAF,sell,446.0119
2025-01-16,CHF,XAF,buy,695.0399
2025-01-16,CHF,XAF,sell,702.0925
2025-01-16,CNY,XAF,buy,86.437
2025-01-16,CNY,XAF,sell,87.315
2025-01-16,DKK,XAF,buy,87.482
2025-01-16,DKK,XAF,sell,88.366
2025-01-16,EUR,XAF,buy,655.957
2025-01-16,EUR,XAF,sell,655.957
2025-01-16,GBP,XAF,buy,774.1489
2025-01-16,GBP,XAF,sell,781.985
2025-01-16,JPY,XAF,buy,4.0592
2025-01-16,JPY,XAF,sell,4.1005
2025-01-16,MAD,XAF,buy,62.8989
2025-01-16,MAD,XAF,sell,63.5611
2025-01-16,SAR,XAF,buy,168.8817
2025-01-16,SAR,XAF,sell,170.6187
2025-01-16,SEK,XAF,buy,56.8089
2025-01-16,SEK,XAF,sell,57.3964
2025-01-16,USD,XAF,buy,633.7902
2025-01-16,USD,XAF,sell,640.9103
2025-01-16,ZAR,XAF,buy,33.799
2025-01-16,ZAR,XAF,sell,34.1582
2025-01-17,AED,XAF,buy,172.8076
2025-01-17,AED,XAF,sell,174.5444
2025-01-17,CAD,XAF,buy,440.5903
2025-01-17,CAD,XAF,sell,445.0633
2025-01-17,CHF,XAF,buy,695.5213
2025-01-17,CHF,XAF,sell,702.5714
2025-01-17,CNY,XAF,buy,86.6056
2025-01-17,CNY,XAF,sell,87.4772
2025-01-17,DKK,XAF,buy,87.4832
2025-01-17,DKK,XAF,sell,88.3671
2025-01-17,EUR,XAF,buy,655.957
2025-01-17,EUR,XAF,sell,655.957
2025-01-17,GBP,XAF,buy,773.131
2025-01-17,GBP,XAF,sell,780.9567
2025-01-17,JPY,XAF,buy,4.0795
2025-01-17,JPY,XAF,sell,4.1207
2025-01-17,MAD,XAF,buy,63.0905
2025-01-17,MAD,XAF,sell,63.7517
2025-01-17,SAR,XAF,buy,169.1443
2025-01-17,SAR,XAF,sell,170.8575
2025-01-17,SEK,XAF,buy,56.8238
2025-01-17,SEK,XAF,sell,57.4133
2025-01-17,USD,XAF,buy,634.6531
2025-01-17,USD,XAF,sell,637.5695
2025-01-17,ZAR,XAF,buy,33.7508
2025-01-17,ZAR,XAF,sell,34.1068
2025-01-20,AED,XAF,buy,172.3832
2025-01-20,AED,XAF,sell,174.1203
2025-01-20,CAD,XAF,buy,438.1267
2025-01-20,CAD,XAF,sell,442.5775
2025-01-20,CHF,XAF,buy,693.4522
2025-01-20,CHF,XAF,sell,700.4811
2025-01-20,CNY,XAF,buy,86.5195
2025-01-20,CNY,XAF,sell,87.3902
2025-01-20,DKK,XAF,buy,87.4809
2025-01-20,DKK,XAF,sell,88.3648
2025-01-20,EUR,XAF,buy,655.957
2025-01-20,EUR,XAF,sell,655.957
2025-01-20,GBP,XAF,buy,773.0395
2025-01-20,GBP,XAF,sell,780.8457
2025-01-20,JPY,XAF,buy,4.0521
2025-01-20,JPY,XAF,sell,4.0934
2025-01-20,MAD,XAF,buy,62.9913
2025-01-20,MAD,XAF,sell,63.6477
2025-01-20,SAR,XAF,buy,168.7551
2025-01-20,SAR,XAF,sell,170.4511
2025-01-20,SEK,XAF,buy,56.7531
2025-01-20,SEK,XAF,sell,57.3409
2025-01-20,USD,XAF,buy,633.0196
2025-01-20,USD,XAF,sell,639.539
2025-01-20,ZAR,XAF,buy,33.8469
2025-01-20,ZAR,XAF,sell,34.2059
2025-01-21,AED,XAF,buy,171.2659
2025-01-21,AED,XAF,sell,172.9963
2025-01-21,CAD,XAF,buy,435.6264
2025-01-21,CAD,XAF,sell,440.0604
2025-01-21,CHF,XAF,buy,692.3488
2025-01-21,CHF,XAF,sell,699.3813
2025-01-21,CNY,XAF,buy,86.4381
2025-01-21,CNY,XAF,sell,87.3184
2025-01-21,DKK,XAF,buy,87.4714
2025-01-21,DKK,XAF,sell,88.3554
2025-01-21,EUR,XAF,buy,655.957
2025-01-21,EUR,XAF,sell,655.957
2025-01-21,GBP,XAF,buy,772.0793
2025-01-21,GBP,XAF,sell,779.9034
2025-01-21,JPY,XAF,buy,4.0449
2025-01-21,JPY,XAF,sell,4.086
2025-01-21,MAD,XAF,buy,62.717
2025-01-21,MAD,XAF,sell,63.3766
2025-01-21,SAR,XAF,buy,167.6497
2025-01-21,SAR,XAF,sell,169.352
2025-01-21,SEK,XAF,buy,56.8108
2025-01-21,SEK,XAF,sell,57.4008
2025-01-21,USD,XAF,buy,629.3116
2025-01-21,USD,XAF,sell,637.8733
2025-01-21,ZAR,XAF,buy,33.7801
2025-01-21,ZAR,XAF,sell,34.1471
2025-01-22,AED,XAF,buy,170.6658
2025-01-22,AED,XAF,sell,172.381
2025-01-22,CAD,XAF,buy,436.9709
2025-01-22,CAD,XAF,sell,441.4069
2025-01-22,CHF,XAF,buy,691.4173
2025-01-22,CHF,XAF,sell,698.4402
2025-01-22,CNY,XAF,buy,86.079
2025-01-22,CNY,XAF,sell,86.9533
2025-01-22,DKK,XAF,buy,87.4726
2025-01-22,DKK,XAF,sell,88.3577
2025-01-22,EUR,XAF,buy,655.957
2025-01-22,EUR,XAF,sell,655.957
2025-01-22,GBP,XAF,buy,772.1798
2025-01-22,GBP,XAF,sell,779.9773
2025-01-22,JPY,XAF,buy,4.0227
2025-01-22,JPY,XAF,sell,4.0633
2025-01-22,MAD,XAF,buy,62.5829
2025-01-22,MAD,XAF,sell,63.2416
2025-01-22,SAR,XAF,buy,167.0319
2025-01-22,SAR,XAF,sell,170.5083
2025-01-22,SEK,XAF,buy,56.9755
2025-01-22,SEK,XAF,sell,57.5652
2025-01-22,USD,XAF,buy,626.869
2025-01-22,USD,XAF,sell,636.0487
2025-01-22,ZAR,XAF,buy,33.7465
2025-01-22,ZAR,XAF,sell,34.1061
2025-01-23,AED,XAF,buy,170.9205
2025-01-23,AED,XAF,sell,172.6428
2025-01-23,CAD,XAF,buy,436.095
2025-01-23,CAD,XAF,sell,440.519
2025-01-23,CHF,XAF,buy,692.246
2025-01-23,CHF,XAF,sell,699.2626
2025-01-23,CNY,XAF,buy,86.1723
2025-01-23,CNY,XAF,sell,87.0487
2025-01-23,DKK,XAF,buy,87.4797
2025-01-23,DKK,XAF,sell,88.3636
2025-01-23,EUR,XAF,buy,655.957
2025-01-23,EUR,XAF,sell,655.957
2025-01-23,GBP,XAF,buy,772.2803
2025-01-23,GBP,XAF,sell,780.0973
2025-01-23,JPY,XAF,buy,4.0094
2025-01-23,JPY,XAF,sell,4.0502
2025-01-23,MAD,XAF,buy,62.72
2025-01-23,MAD,XAF,sell,63.3766
2025-01-23,SAR,XAF,buy,167.336
2025-01-23,SAR,XAF,sell,169.048
2025-01-23,SEK,XAF,buy,56.9437
2025-01-23,SEK,XAF,sell,57.532
2025-01-23,USD,XAF,buy,627.9491
2025-01-23,USD,XAF,sell,634.7561
2025-01-23,ZAR,XAF,buy,33.8791
2025-01-23,ZAR,XAF,sell,34.237
2025-01-24,AED,XAF,buy,170.0832
2025-01-24,AED,XAF,sell,171.7881
2025-01-24,CAD,XAF,buy,435.6526
2025-01-24,CAD,XAF,sell,440.0779
2025-01-24,CHF,XAF,buy,689.6421
2025-01-24,CHF,XAF,sell,696.6467
2025-01-24,CNY,XAF,buy,86.0995
2025-01-24,CNY,XAF,sell,86.9751
2025-01-24,DKK,XAF,buy,87.4844
2025-01-24,DKK,XAF,sell,88.3671
2025-01-24,EUR,XAF,buy,655.957
2025-01-24,EUR,XAF,sell,655.957
2025-01-24,GBP,XAF,buy,773.7543
2025-01-24,GBP,XAF,sell,781.5955
2025-01-24,JPY,XAF,buy,4.016
2025-01-24,JPY,XAF,sell,4.0569
2025-01-24,MAD,XAF,buy,62.5266
2025-01-24,MAD,XAF,sell,63.1865
2025-01-24,SAR,XAF,buy,166.5291
2025-01-24,SAR,XAF,sell,168.2241
2025-01-24,SEK,XAF,buy,56.973
2025-01-24,SEK,XAF,sell,57.5607
2025-01-24,USD,XAF,buy,622.9546
2025-01-24,USD,XAF,sell,629.1429
2025-01-24,ZAR,XAF,buy,33.9462
2025-01-24,ZAR,XAF,sell,34.3083
2025-01-27,AED,XAF,buy,169.9591
2025-01-27,AED,XAF,sell,171.6673
2025-01-27,CAD,XAF,buy,433.8109
2025-01-27,CAD,XAF,sell,438.2175
2025-01-27,CHF,XAF,buy,688.2603
2025-01-27,CHF,XAF,sell,695.2581
2025-01-27,CNY,XAF,buy,85.8605
2025-01-27,CNY,XAF,sell,86.7348
2025-01-27,DKK,XAF,buy,87.4621
2025-01-27,DKK,XAF,sell,88.3458
2025-01-27,EUR,XAF,buy,655.957
2025-01-27,EUR,XAF,sell,655.957
2025-01-27,GBP,XAF,buy,776.9042
2025-01-27,GBP,XAF,sell,784.7683
2025-01-27,JPY,XAF,buy,4.0064
2025-01-27,JPY,XAF,sell,4.0471
2025-01-27,MAD,XAF,buy,62.3903
2025-01-27,MAD,XAF,sell,63.03
2025-01-27,SAR,XAF,buy,166.3847
2025-01-27,SAR,XAF,sell,168.0912
2025-01-27,SEK,XAF,buy,56.8356
2025-01-27,SEK,XAF,sell,57.4218
2025-01-27,USD,XAF,buy,624.0785
2025-01-27,USD,XAF,sell,631.2031
2025-01-27,ZAR,XAF,buy,33.6944
2025-01-27,ZAR,XAF,sell,34.0504
2025-01-28,AED,XAF,buy,170.1985
2025-01-28,AED,XAF,sell,171.9225
2025-01-28,CAD,XAF,buy,434.2756
2025-01-28,CAD,XAF,sell,438.7015
2025-01-28,CHF,XAF,buy,690.5103
2025-01-28,CHF,XAF,sell,692.8702
2025-01-28,CNY,XAF,buy,86.2338
2025-01-28,CNY,XAF,sell,87.1638
2025-01-28,DKK,XAF,buy,87.4668
2025-01-28,DKK,XAF,sell,88.3506
2025-01-28,EUR,XAF,buy,655.957
2025-01-28,EUR,XAF,sell,655.957
2025-01-28,GBP,XAF,buy,778.0433
2025-01-28,GBP,XAF,sell,785.9004
2025-01-28,JPY,XAF,buy,4.0152
2025-01-28,JPY,XAF,sell,4.0559
2025-01-28,MAD,XAF,buy,62.3039
2025-01-28,MAD,XAF,sell,62.9553
2025-01-28,SAR,XAF,buy,166.6566
2025-01-28,SAR,XAF,sell,167.984
2025-01-28,SEK,XAF,buy,56.8479
2025-01-28,SEK,XAF,sell,57.4338
2025-01-28,USD,XAF,buy,625.1697
2025-01-28,USD,XAF,sell,626.3578
2025-01-28,ZAR,XAF,buy,33.17
2025-01-28,ZAR,XAF,sell,33.521
2025-01-30,AED,XAF,buy,170.6525
2025-01-30,AED,XAF,sell,172.3765
2025-01-30,CAD,XAF,buy,434.3537
2025-01-30,CAD,XAF,sell,438.7687
2025-01-30,CHF,XAF,buy,691.2196
2025-01-30,CHF,XAF,sell,698.2257
2025-01-30,CNY,XAF,buy,86.5069
2025-01-30,CNY,XAF,sell,87.3775
2025-01-30,DKK,XAF,buy,87.4621
2025-01-30,DKK,XAF,sell,88.3446
2025-01-30,EUR,XAF,buy,655.957
2025-01-30,EUR,XAF,sell,655.957
2025-01-30,GBP,XAF,buy,779.6419
2025-01-30,GBP,XAF,sell,787.4963
2025-01-30,JPY,XAF,buy,4.0569
2025-01-30,JPY,XAF,sell,4.0982
2025-01-30,MAD,XAF,buy,62.6713
2025-01-30,MAD,XAF,sell,63.3285
2025-01-30,SAR,XAF,buy,167.0832
2025-01-30,SAR,XAF,sell,168.7754
2025-01-30,SEK,XAF,buy,56.9481
2025-01-30,SEK,XAF,sell,57.5325
2025-01-30,USD,XAF,buy,628.1322
2025-01-30,USD,XAF,sell,633.5591
2025-01-30,ZAR,XAF,buy,33.8062
2025-01-30,ZAR,XAF,sell,33.8605
2025-01-31,AED,XAF,buy,170.8848
2025-01-31,AED,XAF,sell,172.6158
2025-01-31,CAD,XAF,buy,434.3537
2025-01-31,CAD,XAF,sell,438.7687
2025-01-31,CHF,XAF,buy,689.6055
2025-01-31,CHF,XAF,sell,696.6026
2025-01-31,CNY,XAF,buy,86.6275
2025-01-31,CNY,XAF,sell,87.5074
2025-01-31,DKK,XAF,buy,87.4656
2025-01-31,DKK,XAF,sell,88.3506
2025-01-31,EUR,XAF,buy,655.957
2025-01-31,EUR,XAF,sell,655.957
2025-01-31,GBP,XAF,buy,780.397
2025-01-31,GBP,XAF,sell,788.2968
2025-01-31,JPY,XAF,buy,4.0579
2025-01-31,JPY,XAF,sell,4.0992
2025-01-31,MAD,XAF,buy,62.7411
2025-01-31,MAD,XAF,sell,63.2501
2025-01-31,SAR,XAF,buy,167.3188
2025-01-31,SAR,XAF,sell,169.0307
2025-01-31,SEK,XAF,buy,56.8727
2025-01-31,SEK,XAF,sell,57.4629
2025-01-31,USD,XAF,buy,627.7473
2025-01-31,USD,XAF,sell,633.1708
2025-01-31,ZAR,XAF,buy,33.8091
2025-01-31,ZAR,XAF,sell,34.1699
2025-02-07,AED,XAF,buy,171.248
2025-02-07,AED,XAF,sell,172.9781
2025-02-07,CAD,XAF,buy,439.4748
2025-02-07,CAD,XAF,sell,443.9455
2025-02-07,CHF,XAF,buy,693.7987
2025-02-07,CHF,XAF,sell,700.8311
2025-02-07,CNY,XAF,buy,86.301
2025-02-07,CNY,XAF,sell,87.173
2025-02-07,DKK,XAF,buy,87.4714
2025-02-07,DKK,XAF,sell,88.353
2025-02-07,EUR,XAF,buy,655.957
2025-02-07,EUR,XAF,sell,655.957
2025-02-07,GBP,XAF,buy,781.9209
2025-02-07,GBP,XAF,sell,789.8172
2025-02-07,JPY,XAF,buy,4.1416
2025-02-07,JPY,XAF,sell,4.1835
2025-02-07,MAD,XAF,buy,62.8088
2025-02-07,MAD,XAF,sell,63.4706
2025-02-07,SAR,XAF,buy,167.6971
2025-02-07,SAR,XAF,sell,169.3869
2025-02-07,SEK,XAF,buy,57.6901
2025-02-07,SEK,XAF,sell,58.2828
2025-02-07,USD,XAF,buy,629.3965
2025-02-07,USD,XAF,sell,635.1056
2025-02-07,ZAR,XAF,buy,34.0778
2025-02-07,ZAR,XAF,sell,34.4371
2025-02-13,AED,XAF,buy,170.3318
2025-02-13,AED,XAF,sell,172.0526
2025-02-13,CAD,XAF,buy,438.7569
2025-02-13,CAD,XAF,sell,443.2231
2025-02-13,CHF,XAF,buy,686.5156
2025-02-13,CHF,XAF,sell,693.4589
2025-02-13,CNY,XAF,buy,85.812
2025-02-13,CNY,XAF,sell,86.6881
2025-02-13,DKK,XAF,buy,87.5008
2025-02-13,DKK,XAF,sell,88.3849
2025-02-13,EUR,XAF,buy,655.957
2025-02-13,EUR,XAF,sell,655.957
2025-02-13,GBP,XAF,buy,782.6523
2025-02-13,GBP,XAF,sell,787.2228
2025-02-13,JPY,XAF,buy,4.0592
2025-02-13,JPY,XAF,sell,4.1005
2025-02-13,MAD,XAF,buy,62.7568
2025-02-13,MAD,XAF,sell,63.418
2025-02-13,SAR,XAF,buy,166.7887
2025-02-13,SAR,XAF,sell,168.495
2025-02-13,SEK,XAF,buy,57.8143
2025-02-13,SEK,XAF,sell,58.4114
2025-02-13,USD,XAF,buy,632.2506
2025-02-13,USD,XAF,sell,637.7135
2025-02-13,ZAR,XAF,buy,33.882
2025-02-13,ZAR,XAF,sell,34.2401
2025-02-14,AED,XAF,buy,169.7205
2025-02-14,AED,XAF,sell,171.4263
2025-02-14,CAD,XAF,buy,439.8865
2025-02-14,CAD,XAF,sell,444.3554
2025-02-14,CHF,XAF,buy,689.7149
2025-02-14,CHF,XAF,sell,696.6983
2025-02-14,CNY,XAF,buy,85.6926
2025-02-14,CNY,XAF,sell,86.5731
2025-02-14,DKK,XAF,buy,87.4949
2025-02-14,DKK,XAF,sell,88.3778
2025-02-14,EUR,XAF,buy,655.957
2025-02-14,EUR,XAF,sell,655.957
2025-02-14,GBP,XAF,buy,783.5261
2025-02-14,GBP,XAF,sell,791.4483
2025-02-14,JPY,XAF,buy,4.0856
2025-02-14,JPY,XAF,sell,4.1272
2025-02-14,MAD,XAF,buy,62.529
2025-02-14,MAD,XAF,sell,63.1877
2025-02-14,SAR,XAF,buy,166.1813
2025-02-14,SAR,XAF,sell,167.8814
2025-02-14,SEK,XAF,buy,58.1423
2025-02-14,SEK,XAF,sell,58.7425
2025-02-14,USD,XAF,buy,627.9891
2025-02-14,USD,XAF,sell,633.4148
2025-02-14,ZAR,XAF,buy,33.7914
2025-02-14,ZAR,XAF,sell,34.1489
2025-02-18,AED,XAF,buy,169.7646
2025-02-18,AED,XAF,sell,171.4797
2025-02-18,CAD,XAF,buy,439.5932
2025-02-18,CAD,XAF,sell,444.0561
2025-02-18,CHF,XAF,buy,691.5126
2025-02-18,CHF,XAF,sell,696.512
2025-02-18,CNY,XAF,buy,85.6599
2025-02-18,CNY,XAF,sell,86.5322
2025-02-18,DKK,XAF,buy,87.4996
2025-02-18,DKK,XAF,sell,88.3837
2025-02-18,EUR,XAF,buy,655.957
2025-02-18,EUR,XAF,sell,655.957
2025-02-18,GBP,XAF,buy,786.889
2025-02-18,GBP,XAF,sell,794.8454
2025-02-18,JPY,XAF,buy,4.1065
2025-02-18,JPY,XAF,sell,4.1482
2025-02-18,MAD,XAF,buy,62.5175
2025-02-18,MAD,XAF,sell,63.1761
2025-02-18,SAR,XAF,buy,166.2448
2025-02-18,SAR,XAF,sell,167.9413
2025-02-18,SEK,XAF,buy,58.1901
2025-02-18,SEK,XAF,sell,58.7891
2025-02-18,USD,XAF,buy,623.3
2025-02-18,USD,XAF,sell,631.7606
2025-02-18,ZAR,XAF,buy,33.7729
2025-02-18,ZAR,XAF,sell,34.1294
2025-02-19,AED,XAF,buy,169.9946
2025-02-19,AED,XAF,sell,171.7076
2025-02-19,CAD,XAF,buy,440.2455
2025-02-19,CAD,XAF,sell,444.7181
2025-02-19,CHF,XAF,buy,691.1904
2025-02-19,CHF,XAF,sell,698.2035
2025-02-19,CNY,XAF,buy,85.7206
2025-02-19,CNY,XAF,sell,86.5935
2025-02-19,DKK,XAF,buy,87.502
2025-02-19,DKK,XAF,sell,88.3861
2025-02-19,EUR,XAF,buy,655.957
2025-02-19,EUR,XAF,sell,655.957
2025-02-19,GBP,XAF,buy,787.7248
2025-02-19,GBP,XAF,sell,789.0964
2025-02-19,JPY,XAF,buy,4.1147
2025-02-19,JPY,XAF,sell,4.1566
2025-02-19,MAD,XAF,buy,62.5397
2025-02-19,MAD,XAF,sell,63.2028
2025-02-19,SAR,XAF,buy,166.4356
2025-02-19,SAR,XAF,sell,168.1383
2025-02-19,SEK,XAF,buy,58.2717
2025-02-19,SEK,XAF,sell,58.8704
2025-02-19,USD,XAF,buy,623.8121
2025-02-19,USD,XAF,sell,629.2012
2025-02-19,ZAR,XAF,buy,33.9092
2025-02-19,ZAR,XAF,sell,34.2669
2025-02-20,AED,XAF,buy,170.4118
2025-02-20,AED,XAF,sell,172.138
2025-02-20,CAD,XAF,buy,440.1298
2025-02-20,CAD,XAF,sell,444.5981
2025-02-20,CHF,XAF,buy,693.4669
2025-02-20,CHF,XAF,sell,700.4885
2025-02-20,CNY,XAF,buy,86.0779
2025-02-20,CNY,XAF,sell,86.9568
2025-02-20,DKK,XAF,buy,87.5043
2025-02-20,DKK,XAF,sell,88.3885
2025-02-20,EUR,XAF,buy,655.957
2025-02-20,EUR,XAF,sell,655.957
2025-02-20,GBP,XAF,buy,788.3432
2025-02-20,GBP,XAF,sell,796.3239
2025-02-20,JPY,XAF,buy,4.1723
2025-02-20,JPY,XAF,sell,4.2148
2025-02-20,MAD,XAF,buy,62.649
2025-02-20,MAD,XAF,sell,63.3772
2025-02-20,SAR,XAF,buy,166.8697
2025-02-20,SAR,XAF,sell,168.5769
2025-02-20,SEK,XAF,buy,58.4506
2025-02-20,SEK,XAF,sell,59.0524
2025-02-20,USD,XAF,buy,625.8101
2025-02-20,USD,XAF,sell,631.2167
2025-02-20,ZAR,XAF,buy,33.8508
2025-02-20,ZAR,XAF,sell,34.2089
2025-02-21,AED,XAF,buy,169.3067
2025-02-21,AED,XAF,sell,171.0216
2025-02-21,CAD,XAF,buy,438.4945
2025-02-21,CAD,XAF,sell,442.9491
2025-02-21,CHF,XAF,buy,691.9084
2025-02-21,CHF,XAF,sell,698.9364
2025-02-21,CNY,XAF,buy,85.7951
2025-02-21,CNY,XAF,sell,86.6744
2025-02-21,DKK,XAF,buy,87.5125
2025-02-21,DKK,XAF,sell,88.3968
2025-02-21,EUR,XAF,buy,655.957
2025-02-21,EUR,XAF,sell,655.957
2025-02-21,GBP,XAF,buy,788.0672
2025-02-21,GBP,XAF,sell,792.8342
2025-02-21,JPY,XAF,buy,4.134
2025-02-21,JPY,XAF,sell,4.1758
2025-02-21,MAD,XAF,buy,62.4524
2025-02-21,MAD,XAF,sell,63.0638
2025-02-21,SAR,XAF,buy,165.8098
2025-02-21,SAR,XAF,sell,167.4975
2025-02-21,SEK,XAF,buy,58.4438
2025-02-21,SEK,XAF,sell,59.0455
2025-02-21,USD,XAF,buy,624.8796
2025-02-21,USD,XAF,sell,630.2782
2025-02-21,ZAR,XAF,buy,33.8699
2025-02-21,ZAR,XAF,sell,34.229
2025-02-25,AED,XAF,buy,169.7161
2025-02-25,AED,XAF,sell,171.4307
2025-02-25,CAD,XAF,buy,437.0821
2025-02-25,CAD,XAF,sell,441.5222
2025-02-25,CHF,XAF,buy,695.0029
2025-02-25,CHF,XAF,sell,702.0477
2025-02-25,CNY,XAF,buy,85.8334
2025-02-25,CNY,XAF,sell,86.7143
2025-02-25,DKK,XAF,buy,87.4984
2025-02-25,DKK,XAF,sell,88.3826
2025-02-25,EUR,XAF,buy,655.957
2025-02-25,EUR,XAF,sell,655.957
2025-02-25,GBP,XAF,buy,787.0788
2025-02-25,GBP,XAF,sell,795.0275
2025-02-25,JPY,XAF,buy,4.1668
2025-02-25,JPY,XAF,sell,4.2091
2025-02-25,MAD,XAF,buy,62.6112
2025-02-25,MAD,XAF,sell,63.3175
2025-02-25,SAR,XAF,buy,166.2151
2025-02-25,SAR,XAF,sell,167.9114
2025-02-25,SEK,XAF,buy,58.4952
2025-02-25,SEK,XAF,sell,59.0963
2025-02-25,USD,XAF,buy,623.5264
2025-02-25,USD,XAF,sell,628.9131
2025-02-25,ZAR,XAF,buy,33.9092
2025-02-25,ZAR,XAF,sell,34.2678
2025-02-26,AED,XAF,buy,169.2671
2025-02-26,AED,XAF,sell,170.9728
2025-02-26,CAD,XAF,buy,434.1543
2025-02-26,CAD,XAF,sell,438.5643
2025-02-26,CHF,XAF,buy,694.9511
2025-02-26,CHF,XAF,sell,702.0028
2025-02-26,CNY,XAF,buy,85.6318
2025-02-26,CNY,XAF,sell,86.5151
2025-02-26,DKK,XAF,buy,87.4961
2025-02-26,DKK,XAF,sell,88.3802
2025-02-26,EUR,XAF,buy,655.957
2025-02-26,EUR,XAF,sell,655.957
2025-02-26,GBP,XAF,buy,786.6898
2025-02-26,GBP,XAF,sell,794.6442
2025-02-26,JPY,XAF,buy,4.1598
2025-02-26,JPY,XAF,sell,4.2022
2025-02-26,MAD,XAF,buy,62.6124
2025-02-26,MAD,XAF,sell,63.272
2025-02-26,SAR,XAF,buy,165.7382
2025-02-26,SAR,XAF,sell,167.4295
2025-02-26,SEK,XAF,buy,58.5418
2025-02-26,SEK,XAF,sell,59.1429
2025-02-26,USD,XAF,buy,621.6725
2025-02-26,USD,XAF,sell,627.6019
2025-02-26,ZAR,XAF,buy,33.7863
2025-02-26,ZAR,XAF,sell,34.1448
2025-02-27,AED,XAF,buy,169.7426
2025-02-27,AED,XAF,sell,171.4486
2025-02-27,CAD,XAF,buy,434.4722
2025-02-27,CAD,XAF,sell,438.8884
2025-02-27,CHF,XAF,buy,695.7438
2025-02-27,CHF,XAF,sell,700.3667
2025-02-27,CNY,XAF,buy,85.7601
2025-02-27,CNY,XAF,sell,86.6322
2025-02-27,DKK,XAF,buy,87.5043
2025-02-27,DKK,XAF,sell,88.3885
2025-02-27,EUR,XAF,buy,655.957
2025-02-27,EUR,XAF,sell,655.957
2025-02-27,GBP,XAF,buy,789.1534
2025-02-27,GBP,XAF,sell,792.0862
2025-02-27,JPY,XAF,buy,4.1758
2025-02-27,JPY,XAF,sell,4.2181
2025-02-27,MAD,XAF,buy,62.7508
2025-02-27,MAD,XAF,sell,63.4083
2025-02-27,SAR,XAF,buy,166.2025
2025-02-27,SAR,XAF,sell,167.8857
2025-02-27,SEK,XAF,buy,58.4926
2025-02-27,SEK,XAF,sell,59.0947
2025-02-27,USD,XAF,buy,622.4741
2025-02-27,USD,XAF,sell,627.8516
2025-02-27,ZAR,XAF,buy,33.7928
2025-02-27,ZAR,XAF,sell,34.148
2025-02-28,AED,XAF,buy,171.0505
2025-02-28,AED,XAF,sell,172.7741
2025-02-28,CAD,XAF,buy,434.8543
2025-02-28,CAD,XAF,sell,439.2686
2025-02-28,CHF,XAF,buy,697.8863
2025-02-28,CHF,XAF,sell,704.9681
2025-02-28,CNY,XAF,buy,86.179
2025-02-28,CNY,XAF,sell,87.0705
2025-02-28,DKK,XAF,buy,87.5055
2025-02-28,DKK,XAF,sell,88.3896
2025-02-28,EUR,XAF,buy,655.957
2025-02-28,EUR,XAF,sell,655.957
2025-02-28,GBP,XAF,buy,790.2522
2025-02-28,GBP,XAF,sell,798.2622
2025-02-28,JPY,XAF,buy,4.1887
2025-02-28,JPY,XAF,sell,4.2311
2025-02-28,MAD,XAF,buy,62.9936
2025-02-28,MAD,XAF,sell,63.6538
2025-02-28,SAR,XAF,buy,167.482
2025-02-28,SAR,XAF,sell,169.1826
2025-02-28,SEK,XAF,buy,58.3305
2025-02-28,SEK,XAF,sell,58.9341
2025-02-28,USD,XAF,buy,622.8228
2025-02-28,USD,XAF,sell,628.2034
2025-02-28,ZAR,XAF,buy,33.9805
2025-02-28,ZAR,XAF,sell,34.3375
2025-03-03,AED,XAF,buy,170.8043
2025-03-03,AED,XAF,sell,172.5344
2025-03-03,CAD,XAF,buy,434.1197
2025-03-03,CAD,XAF,sell,438.5293
2025-03-03,CHF,XAF,buy,694.9289
2025-03-03,CHF,XAF,sell,701.9729
2025-03-03,CNY,XAF,buy,86.0042
2025-03-03,CNY,XAF,sell,86.8869
2025-03-03,DKK,XAF,buy,87.5137
2025-03-03,DKK,XAF,sell,88.398
2025-03-03,EUR,XAF,buy,655.957
2025-03-03,EUR,XAF,sell,655.957
2025-03-03,GBP,XAF,buy,789.9461
2025-03-03,GBP,XAF,sell,797.9336
2025-03-03,JPY,XAF,buy,4.1712
2025-03-03,JPY,XAF,sell,4.2135
2025-03-03,MAD,XAF,buy,62.9797
2025-03-03,MAD,XAF,sell,63.6402
2025-03-03,SAR,XAF,buy,167.246
2025-03-03,SAR,XAF,sell,168.9355
2025-03-03,SEK,XAF,buy,58.491
2025-03-03,SEK,XAF,sell,59.0957
2025-03-03,USD,XAF,buy,625.7937
2025-03-03,USD,XAF,sell,632.6861
2025-03-03,ZAR,XAF,buy,33.6349
2025-03-03,ZAR,XAF,sell,33.9893
2025-03-04,AED,XAF,buy,169.3726
2025-03-04,AED,XAF,sell,171.0881
2025-03-04,CAD,XAF,buy,429.4494
2025-03-04,CAD,XAF,sell,433.8226
2025-03-04,CHF,XAF,buy,695.4768
2025-03-04,CHF,XAF,sell,702.5265
2025-03-04,CNY,XAF,buy,85.4055
2025-03-04,CNY,XAF,sell,86.2797
2025-03-04,DKK,XAF,buy,87.5091
2025-03-04,DKK,XAF,sell,88.3921
2025-03-04,EUR,XAF,buy,655.957
2025-03-04,EUR,XAF,sell,655.957
2025-03-04,GBP,XAF,buy,790.2044
2025-03-04,GBP,XAF,sell,798.1848
2025-03-04,JPY,XAF,buy,4.1686
2025-03-04,JPY,XAF,sell,4.2111
2025-03-04,MAD,XAF,buy,62.7212
2025-03-04,MAD,XAF,sell,63.379
2025-03-04,SAR,XAF,buy,165.8478
2025-03-04,SAR,XAF,sell,167.5401
2025-03-04,SEK,XAF,buy,59.1059
2025-03-04,SEK,XAF,sell,59.7162
2025-03-04,USD,XAF,buy,623.5075
2025-03-04,USD,XAF,sell,631.645
2025-03-04,ZAR,XAF,buy,33.3702
2025-03-04,ZAR,XAF,sell,33.7221
2025-03-05,AED,XAF,buy,167.1388
2025-03-05,AED,XAF,sell,168.8229
2025-03-05,CAD,XAF,buy,425.8461
2025-03-05,CAD,XAF,sell,430.1765
2025-03-05,CHF,XAF,buy,690.1817
2025-03-05,CHF,XAF,sell,697.1771
2025-03-05,CNY,XAF,buy,84.4922
2025-03-05,CNY,XAF,sell,85.3679
2025-03-05,DKK,XAF,buy,87.4973
2025-03-05,DKK,XAF,sell,88.3814
2025-03-05,EUR,XAF,buy,655.957
2025-03-05,EUR,XAF,sell,655.957
2025-03-05,GBP,XAF,buy,785.6955
2025-03-05,GBP,XAF,sell,793.6397
2025-03-05,JPY,XAF,buy,4.1031
2025-03-05,JPY,XAF,sell,4.1446
2025-03-05,MAD,XAF,buy,62.3813
2025-03-05,MAD,XAF,sell,63.0366
2025-03-05,SAR,XAF,buy,163.6357
2025-03-05,SAR,XAF,sell,165.3051
2025-03-05,SEK,XAF,buy,58.8878
2025-03-05,SEK,XAF,sell,59.4952
2025-03-05,USD,XAF,buy,618.5319
2025-03-05,USD,XAF,sell,628.037
2025-03-05,ZAR,XAF,buy,33.2585
2025-03-05,ZAR,XAF,sell,33.8859
2025-03-06,AED,XAF,buy,164.4727
2025-03-06,AED,XAF,sell,166.1299
2025-03-06,CAD,XAF,buy,421.4029
2025-03-06,CAD,XAF,sell,425.6931
2025-03-06,CHF,XAF,buy,678.5683
2025-03-06,CHF,XAF,sell,685.598
2025-03-06,CNY,XAF,buy,83.4732
2025-03-06,CNY,XAF,sell,84.3283
2025-03-06,DKK,XAF,buy,87.502
2025-03-06,DKK,XAF,sell,88.3849
2025-03-06,EUR,XAF,buy,655.957
2025-03-06,EUR,XAF,sell,655.957
2025-03-06,GBP,XAF,buy,779.7071
2025-03-06,GBP,XAF,sell,787.5904
2025-03-06,JPY,XAF,buy,4.0668
2025-03-06,JPY,XAF,sell,4.1081
2025-03-06,MAD,XAF,buy,61.9015
2025-03-06,MAD,XAF,sell,62.5533
2025-03-06,SAR,XAF,buy,161.0396
2025-03-06,SAR,XAF,sell,162.6781
2025-03-06,SEK,XAF,buy,59.5895
2025-03-06,SEK,XAF,sell,60.2164
2025-03-06,USD,XAF,buy,610.5886
2025-03-06,USD,XAF,sell,624.0731
2025-03-06,ZAR,XAF,buy,33.017
2025-03-06,ZAR,XAF,sell,33.3646
2025-03-07,AED,XAF,buy,164.1625
2025-03-07,AED,XAF,sell,165.8166
2025-03-07,CAD,XAF,buy,421.4628
2025-03-07,CAD,XAF,sell,425.7453
2025-03-07,CHF,XAF,buy,684.2843
2025-03-07,CHF,XAF,sell,691.2195
2025-03-07,CNY,XAF,buy,83.1817
2025-03-07,CNY,XAF,sell,84.0263
2025-03-07,DKK,XAF,buy,87.4984
2025-03-07,DKK,XAF,sell,88.3826
2025-03-07,EUR,XAF,buy,655.957
2025-03-07,EUR,XAF,sell,655.957
2025-03-07,GBP,XAF,buy,777.6632
2025-03-07,GBP,XAF,sell,789.6322
2025-03-07,JPY,XAF,buy,4.0849
2025-03-07,JPY,XAF,sell,4.1264
2025-03-07,MAD,XAF,buy,61.8827
2025-03-07,MAD,XAF,sell,62.529
2025-03-07,SAR,XAF,buy,160.7144
2025-03-07,SAR,XAF,sell,162.3377
2025-03-07,SEK,XAF,buy,59.5107
2025-03-07,SEK,XAF,sell,60.1246
2025-03-07,USD,XAF,buy,604.5085
2025-03-07,USD,XAF,sell,615.0154
2025-03-07,ZAR,XAF,buy,33.193
2025-03-07,ZAR,XAF,sell,33.5425
2025-03-11,AED,XAF,buy,163.4472
2025-03-11,AED,XAF,sell,165.0981
2025-03-11,CAD,XAF,buy,416.0917
2025-03-11,CAD,XAF,sell,420.3218
2025-03-11,CHF,XAF,buy,682.1317
2025-03-11,CHF,XAF,sell,689.0593
2025-03-11,CNY,XAF,buy,82.8881
2025-03-11,CNY,XAF,sell,83.7381
2025-03-11,DKK,XAF,buy,87.5079
2025-03-11,DKK,XAF,sell,88.3909
2025-03-11,EUR,XAF,buy,655.957
2025-03-11,EUR,XAF,sell,655.957
2025-03-11,GBP,XAF,buy,774.6359
2025-03-11,GBP,XAF,sell,782.4862
2025-03-11,JPY,XAF,buy,4.0797
2025-03-11,JPY,XAF,sell,4.121
2025-03-11,MAD,XAF,buy,61.7481
2025-03-11,MAD,XAF,sell,62.3722
2025-03-11,SAR,XAF,buy,160.0326
2025-03-11,SAR,XAF,sell,161.6648
2025-03-11,SEK,XAF,buy,59.6031
2025-03-11,SEK,XAF,sell,60.2164
2025-03-11,USD,XAF,buy,601.501
2025-03-11,USD,XAF,sell,606.6953
2025-03-11,ZAR,XAF,buy,32.8082
2025-03-11,ZAR,XAF,sell,33.1539
2025-03-13,AED,XAF,buy,163.3122
2025-03-13,AED,XAF,sell,164.9577
2025-03-13,CAD,XAF,buy,416.6761
2025-03-13,CAD,XAF,sell,420.9121
2025-03-13,CHF,XAF,buy,680.425
2025-03-13,CHF,XAF,sell,684.0893
2025-03-13,CNY,XAF,buy,82.8407
2025-03-13,CNY,XAF,sell,83.6935
2025-03-13,DKK,XAF,buy,87.4903
2025-03-13,DKK,XAF,sell,88.3743
2025-03-13,EUR,XAF,buy,655.957
2025-03-13,EUR,XAF,sell,655.957
2025-03-13,GBP,XAF,buy,777.0615
2025-03-13,GBP,XAF,sell,784.9179
2025-03-13,JPY,XAF,buy,4.0584
2025-03-13,JPY,XAF,sell,4.0997
2025-03-13,MAD,XAF,buy,61.8833
2025-03-13,MAD,XAF,sell,62.5243
2025-03-13,SAR,XAF,buy,159.9072
2025-03-13,SAR,XAF,sell,161.5341
2025-03-13,SEK,XAF,buy,59.4364
2025-03-13,SEK,XAF,sell,60.0491
2025-03-13,USD,XAF,buy,599.7917
2025-03-13,USD,XAF,sell,604.9711
2025-03-13,ZAR,XAF,buy,32.6649
2025-03-13,ZAR,XAF,sell,33.3677
2025-03-14,AED,XAF,buy,163.8698
2025-03-14,AED,XAF,sell,165.5168
2025-03-14,CAD,XAF,buy,417.3448
2025-03-14,CAD,XAF,sell,418.4228
2025-03-14,CHF,XAF,buy,680.6591
2025-03-14,CHF,XAF,sell,687.5644
2025-03-14,CNY,XAF,buy,83.1796
2025-03-14,CNY,XAF,sell,84.0392
2025-03-14,DKK,XAF,buy,87.4809
2025-03-14,DKK,XAF,sell,88.3648
2025-03-14,EUR,XAF,buy,655.957
2025-03-14,EUR,XAF,sell,655.957
2025-03-14,GBP,XAF,buy,778.331
2025-03-14,GBP,XAF,sell,786.2002
2025-03-14,JPY,XAF,buy,4.0471
2025-03-14,JPY,XAF,sell,4.0519
2025-03-14,MAD,XAF,buy,61.9944
2025-03-14,MAD,XAF,sell,62.6353
2025-03-14,SAR,XAF,buy,160.4457
2025-03-14,SAR,XAF,sell,162.0862
2025-03-14,SEK,XAF,buy,58.9458
2025-03-14,SEK,XAF,sell,59.5549
2025-03-14,USD,XAF,buy,601.4643
2025-03-14,USD,XAF,sell,607.9493
2025-03-14,ZAR,XAF,buy,32.9473
2025-03-14,ZAR,XAF,sell,33.2949
2025-03-17,AED,XAF,buy,163.3326
2025-03-17,AED,XAF,sell,164.9742
2025-03-17,CAD,XAF,buy,417.6065
2025-03-17,CAD,XAF,sell,421.8522
2025-03-17,CHF,XAF,buy,678.3106
2025-03-17,CHF,XAF,sell,685.1918
2025-03-17,CNY,XAF,buy,82.8492
2025-03-17,CNY,XAF,sell,83.6967
2025-03-17,DKK,XAF,buy,87.4797
2025-03-17,DKK,XAF,sell,88.3612
2025-03-17,EUR,XAF,buy,655.957
2025-03-17,EUR,XAF,sell,655.957
2025-03-17,GBP,XAF,buy,775.8513
2025-03-17,GBP,XAF,sell,783.6955
2025-03-17,JPY,XAF,buy,4.0277
2025-03-17,JPY,XAF,sell,4.0686
2025-03-17,MAD,XAF,buy,61.8862
2025-03-17,MAD,XAF,sell,62.5486
2025-03-17,SAR,XAF,buy,159.919
2025-03-17,SAR,XAF,sell,161.5421
2025-03-17,SEK,XAF,buy,59.2277
2025-03-17,SEK,XAF,sell,59.8398
2025-03-17,USD,XAF,buy,599.2188
2025-03-17,USD,XAF,sell,605.2045
2025-03-17,ZAR,XAF,buy,32.958
2025-03-17,ZAR,XAF,sell,33.304
2025-03-21,AED,XAF,buy,163.981
2025-03-21,AED,XAF,sell,165.6332
2025-03-21,CAD,XAF,buy,420.599
2025-03-21,CAD,XAF,sell,424.8836
2025-03-21,CHF,XAF,buy,681.6757
2025-03-21,CHF,XAF,sell,688.5914
2025-03-21,CNY,XAF,buy,83.0907
2025-03-21,CNY,XAF,sell,83.9407
2025-03-21,DKK,XAF,buy,87.4984
2025-03-21,DKK,XAF,sell,88.3814
2025-03-21,EUR,XAF,buy,655.957
2025-03-21,EUR,XAF,sell,655.957
2025-03-21,GBP,XAF,buy,779.5116
2025-03-21,GBP,XAF,sell,787.3929
2025-03-21,JPY,XAF,buy,4.0313
2025-03-21,JPY,XAF,sell,4.0724
2025-03-21,MAD,XAF,buy,62.3628
2025-03-21,MAD,XAF,sell,63.0161
2025-03-21,SAR,XAF,buy,160.5523
2025-03-21,SAR,XAF,sell,162.1779
2025-03-21,SEK,XAF,buy,59.3268
2025-03-21,SEK,XAF,sell,59.9377
2025-03-21,USD,XAF,buy,602.1454
2025-03-21,USD,XAF,sell,607.3454
2025-03-21,ZAR,XAF,buy,33.1023
2025-03-21,ZAR,XAF,sell,33.4532
2025-03-24,AED,XAF,buy,163.8328
2025-03-24,AED,XAF,sell,165.4877
2025-03-24,CAD,XAF,buy,419.9199
2025-03-24,CAD,XAF,sell,424.1893
2025-03-24,CHF,XAF,buy,681.7469
2025-03-24,CHF,XAF,sell,688.6705
2025-03-24,CNY,XAF,buy,82.9292
2025-03-24,CNY,XAF,sell,83.7807
2025-03-24,DKK,XAF,buy,87.4832
2025-03-24,DKK,XAF,sell,88.3671
2025-03-24,EUR,XAF,buy,655.957
2025-03-24,EUR,XAF,sell,655.957
2025-03-24,GBP,XAF,buy,779.0277
2025-03-24,GBP,XAF,sell,786.9135
2025-03-24,JPY,XAF,buy,4.017
2025-03-24,JPY,XAF,sell,4.0576
2025-03-24,MAD,XAF,buy,62.6159
2025-03-24,MAD,XAF,sell,63.3041
2025-03-24,SAR,XAF,buy,160.4142
2025-03-24,SAR,XAF,sell,162.0423
2025-03-24,SEK,XAF,buy,59.5584
2025-03-24,SEK,XAF,sell,60.1763
2025-03-24,USD,XAF,buy,601.2566
2025-03-24,USD,XAF,sell,606.4489
2025-03-24,ZAR,XAF,buy,33.1451
2025-03-24,ZAR,XAF,sell,33.4161
2025-03-27,AED,XAF,buy,164.9592
2025-03-27,AED,XAF,sell,166.6296
2025-03-27,CAD,XAF,buy,424.4282
2025-03-27,CAD,XAF,sell,428.7412
2025-03-27,CHF,XAF,buy,685.4989
2025-03-27,CHF,XAF,sell,692.4465
2025-03-27,CNY,XAF,buy,83.4028
2025-03-27,CNY,XAF,sell,84.2626
2025-03-27,DKK,XAF,buy,87.4762
2025-03-27,DKK,XAF,sell,88.3601
2025-03-27,EUR,XAF,buy,655.957
2025-03-27,EUR,XAF,sell,655.957
2025-03-27,GBP,XAF,buy,782.6711
2025-03-27,GBP,XAF,sell,786.569
2025-03-27,JPY,XAF,buy,4.0279
2025-03-27,JPY,XAF,sell,4.0688
2025-03-27,MAD,XAF,buy,62.9269
2025-03-27,MAD,XAF,sell,63.593
2025-03-27,SAR,XAF,buy,161.4779
2025-03-27,SAR,XAF,sell,163.129
2025-03-27,SEK,XAF,buy,60.38
2025-03-27,SEK,XAF,sell,61.0093
2025-03-27,USD,XAF,buy,605.0315
2025-03-27,USD,XAF,sell,610.2567
2025-03-27,ZAR,XAF,buy,33.2314
2025-03-27,ZAR,XAF,sell,33.5838
2025-03-28,AED,XAF,buy,164.6761
2025-03-28,AED,XAF,sell,166.3311
2025-03-28,CAD,XAF,buy,422.2371
2025-03-28,CAD,XAF,sell,426.5332
2025-03-28,CHF,XAF,buy,685.7438
2025-03-28,CHF,XAF,sell,692.6939
2025-03-28,CNY,XAF,buy,83.2528
2025-03-28,CNY,XAF,sell,84.1121
2025-03-28,DKK,XAF,buy,87.4738
2025-03-28,DKK,XAF,sell,88.3577
2025-03-28,EUR,XAF,buy,655.957
2025-03-28,EUR,XAF,sell,655.957
2025-03-28,GBP,XAF,buy,783.7142
2025-03-28,GBP,XAF,sell,791.6477
2025-03-28,JPY,XAF,buy,4.0172
2025-03-28,JPY,XAF,sell,4.0579
2025-03-28,MAD,XAF,buy,62.717
2025-03-28,MAD,XAF,sell,63.3814
2025-03-28,SAR,XAF,buy,161.2225
2025-03-28,SAR,XAF,sell,162.871
2025-03-28,SEK,XAF,buy,60.4219
2025-03-28,SEK,XAF,sell,61.0472
2025-03-28,USD,XAF,buy,604.6209
2025-03-28,USD,XAF,sell,609.8425
2025-03-28,ZAR,XAF,buy,33.1661
2025-03-28,ZAR,XAF,sell,33.5183
2025-04-01,AED,XAF,buy,164.4727
2025-04-01,AED,XAF,sell,166.1383
2025-04-01,CAD,XAF,buy,419.7254
2025-04-01,CAD,XAF,sell,423.9901
2025-04-01,CHF,XAF,buy,683.5104
2025-04-01,CHF,XAF,sell,690.4448
2025-04-01,CNY,XAF,buy,83.1012
2025-04-01,CNY,XAF,sell,83.9546
2025-04-01,DKK,XAF,buy,87.4762
2025-04-01,DKK,XAF,sell,88.3601
2025-04-01,EUR,XAF,buy,655.957
2025-04-01,EUR,XAF,sell,655.957
2025-04-01,GBP,XAF,buy,780.2664
2025-04-01,GBP,XAF,sell,788.1459
2025-04-01,JPY,XAF,buy,4.0321
2025-04-01,JPY,XAF,sell,4.0729
2025-04-01,MAD,XAF,buy,62.5445
2025-04-01,MAD,XAF,sell,63.2289
2025-04-01,SAR,XAF,buy,161.0197
2025-04-01,SAR,XAF,sell,162.6621
2025-04-01,SEK,XAF,buy,60.1059
2025-04-01,SEK,XAF,sell,60.7256
2025-04-01,USD,XAF,buy,602.8048
2025-04-01,USD,XAF,sell,609.6538
2025-04-01,ZAR,XAF,buy,32.9215
2025-04-01,ZAR,XAF,sell,33.7604
2025-04-04,AED,XAF,buy,160.6155
2025-04-04,AED,XAF,sell,162.2337
2025-04-04,CAD,XAF,buy,417.8659
2025-04-04,CAD,XAF,sell,422.1115
2025-04-04,CHF,XAF,buy,690.7806
2025-04-04,CHF,XAF,sell,697.7749
2025-04-04,CNY,XAF,buy,80.9804
2025-04-04,CNY,XAF,sell,81.8389
2025-04-04,DKK,XAF,buy,87.4668
2025-04-04,DKK,XAF,sell,88.3494
2025-04-04,EUR,XAF,buy,655.957
2025-04-04,EUR,XAF,sell,655.957
2025-04-04,GBP,XAF,buy,770.5934
2025-04-04,GBP,XAF,sell,778.3841
2025-04-04,JPY,XAF,buy,4.0451
2025-04-04,JPY,XAF,sell,4.086
2025-04-04,MAD,XAF,buy,62.0032
2025-04-04,MAD,XAF,sell,62.6597
2025-04-04,SAR,XAF,buy,157.2148
2025-04-04,SAR,XAF,sell,158.8217
2025-04-04,SEK,XAF,buy,60.0467
2025-04-04,SEK,XAF,sell,60.6674
2025-04-04,USD,XAF,buy,588.3096
2025-04-04,USD,XAF,sell,608.7994
2025-04-04,ZAR,XAF,buy,31.0954
2025-04-04,ZAR,XAF,sell,31.4245
2025-04-08,AED,XAF,buy,161.8783
2025-04-08,AED,XAF,sell,163.5134
2025-04-08,CAD,XAF,buy,419.982
2025-04-08,CAD,XAF,sell,424.2575
2025-04-08,CHF,XAF,buy,695.151
2025-04-08,CHF,XAF,sell,700.5833
2025-04-08,CNY,XAF,buy,81.0769
2025-04-08,CNY,XAF,sell,81.904
2025-04-08,DKK,XAF,buy,87.4305
2025-04-08,DKK,XAF,sell,88.3139
2025-04-08,EUR,XAF,buy,655.957
2025-04-08,EUR,XAF,sell,655.957
2025-04-08,GBP,XAF,buy,759.8636
2025-04-08,GBP,XAF,sell,767.5361
2025-04-08,JPY,XAF,buy,4.0429
2025-04-08,JPY,XAF,sell,4.0837
2025-04-08,MAD,XAF,buy,62.3813
2025-04-08,MAD,XAF,sell,63.033
2025-04-08,SAR,XAF,buy,158.3476
2025-04-08,SAR,XAF,sell,159.9701
2025-04-08,SEK,XAF,buy,59.6259
2025-04-08,SEK,XAF,sell,60.2511
2025-04-08,USD,XAF,buy,592.0777
2025-04-08,USD,XAF,sell,601.5861
2025-04-08,ZAR,XAF,buy,30.5173
2025-04-08,ZAR,XAF,sell,30.8387
2025-04-10,AED,XAF,buy,161.8543
2025-04-10,AED,XAF,sell,163.4809
2025-04-10,CAD,XAF,buy,422.954
2025-04-10,CAD,XAF,sell,427.2684
2025-04-10,CHF,XAF,buy,695.5954
2025-04-10,CHF,XAF,sell,702.6688
2025-04-10,CNY,XAF,buy,80.9301
2025-04-10,CNY,XAF,sell,81.7698
2025-04-10,DKK,XAF,buy,87.4188
2025-04-10,DKK,XAF,sell,88.3009
2025-04-10,EUR,XAF,buy,655.957
2025-04-10,EUR,XAF,sell,655.957
2025-04-10,GBP,XAF,buy,763.9281
2025-04-10,GBP,XAF,sell,771.6599
2025-04-10,JPY,XAF,buy,4.0479
2025-04-10,JPY,XAF,sell,4.089
2025-04-10,MAD,XAF,buy,62.3915
2025-04-10,MAD,XAF,sell,63.0493
2025-04-10,SAR,XAF,buy,158.3207
2025-04-10,SAR,XAF,sell,159.9623
2025-04-10,SEK,XAF,buy,59.5786
2025-04-10,SEK,XAF,sell,60.2075
2025-04-10,USD,XAF,buy,591.1948
2025-04-10,USD,XAF,sell,600.7097
2025-04-10,ZAR,XAF,buy,30.7421
2025-04-10,ZAR,XAF,sell,31.0734
2025-04-11,AED,XAF,buy,156.7805
2025-04-11,AED,XAF,sell,158.3638
2025-04-11,CAD,XAF,buy,413.1993
2025-04-11,CAD,XAF,sell,417.4419
2025-04-11,CHF,XAF,buy,703.9456
2025-04-11,CHF,XAF,sell,711.1355
2025-04-11,CNY,XAF,buy,78.6225
2025-04-11,CNY,XAF,sell,79.4309
2025-04-11,DKK,XAF,buy,87.4083
2025-04-11,DKK,XAF,sell,88.2926
2025-04-11,EUR,XAF,buy,655.957
2025-04-11,EUR,XAF,sell,655.957
2025-04-11,GBP,XAF,buy,751.0497
2025-04-11,GBP,XAF,sell,758.6416
2025-04-11,JPY,XAF,buy,4.0197
2025-04-11,JPY,XAF,sell,4.0606
2025-04-11,MAD,XAF,buy,61.5622
2025-04-11,MAD,XAF,sell,62.2198
2025-04-11,SAR,XAF,buy,153.3654
2025-04-11,SAR,XAF,sell,154.9432
2025-04-11,SEK,XAF,buy,58.6676
2025-04-11,SEK,XAF,sell,59.2956
2025-04-11,USD,XAF,buy,589.3116
2025-04-11,USD,XAF,sell,594.6703
2025-04-11,ZAR,XAF,buy,29.7539
2025-04-11,ZAR,XAF,sell,30.073
2025-04-14,AED,XAF,buy,155.7442
2025-04-14,AED,XAF,sell,157.317
2025-04-14,CAD,XAF,buy,413.1052
2025-04-14,CAD,XAF,sell,417.3256
2025-04-14,CHF,XAF,buy,702.4681
2025-04-14,CHF,XAF,sell,709.635
2025-04-14,CNY,XAF,buy,78.3075
2025-04-14,CNY,XAF,sell,79.1116
2025-04-14,DKK,XAF,buy,87.4152
2025-04-14,DKK,XAF,sell,88.2997
2025-04-14,EUR,XAF,buy,655.957
2025-04-14,EUR,XAF,sell,655.957
2025-04-14,GBP,XAF,buy,752.9559
2025-04-14,GBP,XAF,sell,760.5408
2025-04-14,JPY,XAF,buy,4.0147
2025-04-14,JPY,XAF,sell,4.0746
2025-04-14,MAD,XAF,buy,61.5896
2025-04-14,MAD,XAF,sell,62.2338
2025-04-14,SAR,XAF,buy,152.3808
2025-04-14,SAR,XAF,sell,153.9446
2025-04-14,SEK,XAF,buy,58.8347
2025-04-14,SEK,XAF,sell,59.4566
2025-04-14,USD,XAF,buy,575.7698
2025-04-14,USD,XAF,sell,593.6477
2025-04-14,ZAR,XAF,buy,30.0868
2025-04-14,ZAR,XAF,sell,30.4117
2025-04-17,AED,XAF,buy,156.3523
2025-04-17,AED,XAF,sell,157.9427
2025-04-17,CAD,XAF,buy,413.6891
2025-04-17,CAD,XAF,sell,417.9023
2025-04-17,CHF,XAF,buy,701.5922
2025-04-17,CHF,XAF,sell,708.7044
2025-04-17,CNY,XAF,buy,78.6084
2025-04-17,CNY,XAF,sell,79.4262
2025-04-17,DKK,XAF,buy,87.4036
2025-04-17,DKK,XAF,sell,88.2867
2025-04-17,EUR,XAF,buy,655.957
2025-04-17,EUR,XAF,sell,655.957
2025-04-17,GBP,XAF,buy,759.9078
2025-04-17,GBP,XAF,sell,767.5987
2025-04-17,JPY,XAF,buy,4.0257
2025-04-17,JPY,XAF,sell,4.0666
2025-04-17,MAD,XAF,buy,61.8359
2025-04-17,MAD,XAF,sell,62.4857
2025-04-17,SAR,XAF,buy,153.0203
2025-04-17,SAR,XAF,sell,154.5871
2025-04-17,SEK,XAF,buy,58.5913
2025-04-17,SEK,XAF,sell,59.204
2025-04-17,USD,XAF,buy,574.7431
2025-04-17,USD,XAF,sell,579.7168
2025-04-17,ZAR,XAF,buy,30.399
2025-04-17,ZAR,XAF,sell,30.7259
2025-04-21,AED,XAF,buy,154.2899
2025-04-21,AED,XAF,sell,155.8442
2025-04-21,CAD,XAF,buy,410.6051
2025-04-21,CAD,XAF,sell,414.7891
2025-04-21,CHF,XAF,buy,701.1174
2025-04-21,CHF,XAF,sell,708.2475
2025-04-21,CNY,XAF,buy,77.7422
2025-04-21,CNY,XAF,sell,78.5329
2025-04-21,DKK,XAF,buy,87.4106
2025-04-21,DKK,XAF,sell,88.2938
2025-04-21,EUR,XAF,buy,655.957
2025-04-21,EUR,XAF,sell,655.957
2025-04-21,GBP,XAF,buy,758.4772
2025-04-21,GBP,XAF,sell,766.1357
2025-04-21,JPY,XAF,buy,4.0282
2025-04-21,JPY,XAF,sell,4.0691
2025-04-21,MAD,XAF,buy,61.5397
2025-04-21,MAD,XAF,sell,62.1921
2025-04-21,SAR,XAF,buy,151.0337
2025-04-21,SAR,XAF,sell,152.5622
2025-04-21,SEK,XAF,buy,59.464
2025-04-21,SEK,XAF,sell,60.1
2025-04-21,USD,XAF,buy,566.7076
2025-04-21,USD,XAF,sell,572.4032
2025-04-21,ZAR,XAF,buy,30.2595
2025-04-21,ZAR,XAF,sell,30.5805
2025-04-22,AED,XAF,buy,154.553
2025-04-22,AED,XAF,sell,156.11
2025-04-22,CAD,XAF,buy,410.9773
2025-04-22,CAD,XAF,sell,415.1601
2025-04-22,CHF,XAF,buy,700.2223
2025-04-22,CHF,XAF,sell,707.3356
2025-04-22,CNY,XAF,buy,77.6322
2025-04-22,CNY,XAF,sell,78.4283
2025-04-22,DKK,XAF,buy,87.4024
2025-04-22,DKK,XAF,sell,88.2855
2025-04-22,EUR,XAF,buy,655.957
2025-04-22,EUR,XAF,sell,655.957
2025-04-22,GBP,XAF,buy,760.2885
2025-04-22,GBP,XAF,sell,767.9922
2025-04-22,JPY,XAF,buy,4.0446
2025-04-22,JPY,XAF,sell,4.0857
2025-04-22,MAD,XAF,buy,61.5594
2025-04-22,MAD,XAF,sell,62.2027
2025-04-22,SAR,XAF,buy,151.3034
2025-04-22,SAR,XAF,sell,152.8487
2025-04-22,SEK,XAF,buy,59.5498
2025-04-22,SEK,XAF,sell,60.1763
2025-04-22,USD,XAF,buy,565.9826
2025-04-22,USD,XAF,sell,577.6761
2025-04-22,ZAR,XAF,buy,30.4069
2025-04-22,ZAR,XAF,sell,30.7305
2025-04-23,AED,XAF,buy,156.0085
2025-04-23,AED,XAF,sell,157.584
2025-04-23,CAD,XAF,buy,414.759
2025-04-23,CAD,XAF,sell,419.058
2025-04-23,CHF,XAF,buy,697.7445
2025-04-23,CHF,XAF,sell,705.051
2025-04-23,CNY,XAF,buy,78.5156
2025-04-23,CNY,XAF,sell,79.3449
2025-04-23,DKK,XAF,buy,87.4211
2025-04-23,DKK,XAF,sell,88.3079
2025-04-23,EUR,XAF,buy,655.957
2025-04-23,EUR,XAF,sell,655.957
2025-04-23,GBP,XAF,buy,763.2758
2025-04-23,GBP,XAF,sell,771.2446
2025-04-23,JPY,XAF,buy,4.0482
2025-04-23,JPY,XAF,sell,4.0909
2025-04-23,MAD,XAF,buy,61.8365
2025-04-23,MAD,XAF,sell,62.4816
2025-04-23,SAR,XAF,buy,152.6766
2025-04-23,SAR,XAF,sell,154.2904
2025-04-23,SEK,XAF,buy,59.8183
2025-04-23,SEK,XAF,sell,60.4755
2025-04-23,USD,XAF,buy,568.7808
2025-04-23,USD,XAF,sell,577.7473
2025-04-23,ZAR,XAF,buy,30.5315
2025-04-23,ZAR,XAF,sell,30.8638
2025-04-24,AED,XAF,buy,156.3599
2025-04-24,AED,XAF,sell,157.9464
2025-04-24,CAD,XAF,buy,414.7353
2025-04-24,CAD,XAF,sell,418.9514
2025-04-24,CHF,XAF,buy,694.6404
2025-04-24,CHF,XAF,sell,701.7114
2025-04-24,CNY,XAF,buy,78.7145
2025-04-24,CNY,XAF,sell,79.5181
2025-04-24,DKK,XAF,buy,87.4106
2025-04-24,DKK,XAF,sell,88.2938
2025-04-24,EUR,XAF,buy,655.957
2025-04-24,EUR,XAF,sell,655.957
2025-04-24,GBP,XAF,buy,763.1153
2025-04-24,GBP,XAF,sell,770.8479
2025-04-24,JPY,XAF,buy,4.0264
2025-04-24,JPY,XAF,sell,4.0671
2025-04-24,MAD,XAF,buy,61.799
2025-04-24,MAD,XAF,sell,62.4473
2025-04-24,SAR,XAF,buy,153.0848
2025-04-24,SAR,XAF,sell,154.6488
2025-04-24,SEK,XAF,buy,59.5096
2025-04-24,SEK,XAF,sell,60.1284
2025-04-24,USD,XAF,buy,572.0715
2025-04-24,USD,XAF,sell,577.0149
2025-04-24,ZAR,XAF,buy,30.9118
2025-04-24,ZAR,XAF,sell,31.2405
2025-04-28,AED,XAF,buy,156.6638
2025-04-28,AED,XAF,sell,158.2384
2025-04-28,CAD,XAF,buy,414.6536
2025-04-28,CAD,XAF,sell,418.8662
2025-04-28,CHF,XAF,buy,693.2312
2025-04-28,CHF,XAF,sell,700.2727
2025-04-28,CNY,XAF,buy,78.8191
2025-04-28,CNY,XAF,sell,79.6343
2025-04-28,DKK,XAF,buy,87.4258
2025-04-28,DKK,XAF,sell,88.3079
2025-04-28,EUR,XAF,buy,655.957
2025-04-28,EUR,XAF,sell,655.957
2025-04-28,GBP,XAF,buy,765.5589
2025-04-28,GBP,XAF,sell,773.2983
2025-04-28,JPY,XAF,buy,4.0012
2025-04-28,JPY,XAF,sell,4.0505
2025-04-28,MAD,XAF,buy,62.1
2025-04-28,MAD,XAF,sell,62.7468
2025-04-28,SAR,XAF,buy,153.3798
2025-04-28,SAR,XAF,sell,154.9432
2025-04-28,SEK,XAF,buy,59.282
2025-04-28,SEK,XAF,sell,59.899
2025-04-28,USD,XAF,buy,574.5907
2025-04-28,USD,XAF,sell,579.5503
2025-04-28,ZAR,XAF,buy,30.7449
2025-04-28,ZAR,XAF,sell,31.0703
2025-04-29,AED,XAF,buy,155.8744
2025-04-29,AED,XAF,sell,157.4372
2025-04-29,CAD,XAF,buy,413.8779
2025-04-29,CAD,XAF,sell,418.0852
2025-04-29,CHF,XAF,buy,695.388
2025-04-29,CHF,XAF,sell,702.4516
2025-04-29,CNY,XAF,buy,78.744
2025-04-29,CNY,XAF,sell,79.5546
2025-04-29,DKK,XAF,buy,87.4398
2025-04-29,DKK,XAF,sell,88.3222
2025-04-29,EUR,XAF,buy,655.957
2025-04-29,EUR,XAF,sell,655.957
2025-04-29,GBP,XAF,buy,768.199
2025-04-29,GBP,XAF,sell,769.7041
2025-04-29,JPY,XAF,buy,4.0204
2025-04-29,JPY,XAF,sell,4.0611
2025-04-29,MAD,XAF,buy,61.8259
2025-04-29,MAD,XAF,sell,62.478
2025-04-29,SAR,XAF,buy,152.5803
2025-04-29,SAR,XAF,sell,154.1426
2025-04-29,SEK,XAF,buy,59.5036
2025-04-29,SEK,XAF,sell,60.1284
2025-04-29,USD,XAF,buy,574.4032
2025-04-29,USD,XAF,sell,579.3594
2025-04-29,ZAR,XAF,buy,30.8606
2025-04-29,ZAR,XAF,sell,31.1904
2025-05-02,AED,XAF,buy,156.9012
2025-05-02,AED,XAF,sell,158.4856
2025-05-02,CAD,XAF,buy,417.2328
2025-05-02,CAD,XAF,sell,421.4908
2025-05-02,CHF,XAF,buy,696.2633
2025-05-02,CHF,XAF,sell,703.3434
2025-05-02,CNY,XAF,buy,79.2469
2025-05-02,CNY,XAF,sell,80.0511
2025-05-02,DKK,XAF,buy,87.4598
2025-05-02,DKK,XAF,sell,88.3435
2025-05-02,EUR,XAF,buy,655.957
2025-05-02,EUR,XAF,sell,655.957
2025-05-02,GBP,XAF,buy,767.2147
2025-05-02,GBP,XAF,sell,774.9892
2025-05-02,JPY,XAF,buy,3.9687
2025-05-02,JPY,XAF,sell,4.0089
2025-05-02,MAD,XAF,buy,62.1218
2025-05-02,MAD,XAF,sell,62.7648
2025-05-02,SAR,XAF,buy,153.6507
2025-05-02,SAR,XAF,sell,155.2241
2025-05-02,SEK,XAF,buy,59.3348
2025-05-02,SEK,XAF,sell,59.9535
2025-05-02,USD,XAF,buy,573.8359
2025-05-02,USD,XAF,sell,578.8
2025-05-02,ZAR,XAF,buy,31.2519
2025-05-02,ZAR,XAF,sell,31.5889
2025-05-05,AED,XAF,buy,156.8974
2025-05-05,AED,XAF,sell,158.4742
2025-05-05,CAD,XAF,buy,417.2167
2025-05-05,CAD,XAF,sell,421.4611
2025-05-05,CHF,XAF,buy,697.0291
2025-05-05,CHF,XAF,sell,704.1247
2025-05-05,CNY,XAF,buy,79.245
2025-05-05,CNY,XAF,sell,80.0481
2025-05-05,DKK,XAF,buy,87.4562
2025-05-05,DKK,XAF,sell,88.3399
2025-05-05,EUR,XAF,buy,655.957
2025-05-05,EUR,XAF,sell,655.957
2025-05-05,GBP,XAF,buy,765.6218
2025-05-05,GBP,XAF,sell,773.3527
2025-05-05,JPY,XAF,buy,3.9931
2025-05-05,JPY,XAF,sell,4.0338
2025-05-05,MAD,XAF,buy,62.1668
2025-05-05,MAD,XAF,sell,62.8252
2025-05-05,SAR,XAF,buy,153.6434
2025-05-05,SAR,XAF,sell,155.2095
2025-05-05,SEK,XAF,buy,59.6935
2025-05-05,SEK,XAF,sell,60.315
2025-05-05,USD,XAF,buy,576.4469
2025-05-05,USD,XAF,sell,581.4429
2025-05-05,ZAR,XAF,buy,31.3632
2025-05-05,ZAR,XAF,sell,31.6996
2025-05-06,AED,XAF,buy,156.8747
2025-05-06,AED,XAF,sell,158.459
2025-05-06,CAD,XAF,buy,416.9369
2025-05-06,CAD,XAF,sell,421.1837
2025-05-06,CHF,XAF,buy,698.7604
2025-05-06,CHF,XAF,sell,705.8663
2025-05-06,CNY,XAF,buy,79.8704
2025-05-06,CNY,XAF,sell,80.5096
2025-05-06,DKK,XAF,buy,87.4645
2025-05-06,DKK,XAF,sell,88.3482
2025-05-06,EUR,XAF,buy,655.957
2025-05-06,EUR,XAF,sell,655.957
2025-05-06,GBP,XAF,buy,766.692
2025-05-06,GBP,XAF,sell,774.443
2025-05-06,JPY,XAF,buy,4.011
2025-05-06,JPY,XAF,sell,4.0519
2025-05-06,MAD,XAF,buy,62.3927
2025-05-06,MAD,XAF,sell,63.0499
2025-05-06,SAR,XAF,buy,153.6036
2025-05-06,SAR,XAF,sell,156.1701
2025-05-06,SEK,XAF,buy,59.6166
2025-05-06,SEK,XAF,sell,60.2444
2025-05-06,USD,XAF,buy,574.8174
2025-05-06,USD,XAF,sell,579.7029
2025-05-06,ZAR,XAF,buy,31.5371
2025-05-06,ZAR,XAF,sell,31.8791
2025-05-07,AED,XAF,buy,156.3149
2025-05-07,AED,XAF,sell,157.8897
2025-05-07,CAD,XAF,buy,416.288
2025-05-07,CAD,XAF,sell,420.5201
2025-05-07,CHF,XAF,buy,697.1856
2025-05-07,CHF,XAF,sell,704.2451
2025-05-07,CNY,XAF,buy,79.3914
2025-05-07,CNY,XAF,sell,80.203
2025-05-07,DKK,XAF,buy,87.4704
2025-05-07,DKK,XAF,sell,88.353
2025-05-07,EUR,XAF,buy,655.957
2025-05-07,EUR,XAF,sell,655.957
2025-05-07,GBP,XAF,buy,766.8451
2025-05-07,GBP,XAF,sell,770.6704
2025-05-07,JPY,XAF,buy,4.0142
2025-05-07,JPY,XAF,sell,4.0549
2025-05-07,MAD,XAF,buy,62.3879
2025-05-07,MAD,XAF,sell,63.0197
2025-05-07,SAR,XAF,buy,153.0167
2025-05-07,SAR,XAF,sell,154.5907
2025-05-07,SEK,XAF,buy,59.8188
2025-05-07,SEK,XAF,sell,60.4383
2025-05-07,USD,XAF,buy,574.1355
2025-05-07,USD,XAF,sell,579.9567
2025-05-07,ZAR,XAF,buy,31.4478
2025-05-07,ZAR,XAF,sell,31.7807
2025-05-09,AED,XAF,buy,157.995
2025-05-09,AED,XAF,sell,159.5868
2025-05-09,CAD,XAF,buy,416.889
2025-05-09,CAD,XAF,sell,421.13
2025-05-09,CHF,XAF,buy,699.0972
2025-05-09,CHF,XAF,sell,706.1915
2025-05-09,CNY,XAF,buy,80.0959
2025-05-09,CNY,XAF,sell,80.9148
2025-05-09,DKK,XAF,buy,87.4738
2025-05-09,DKK,XAF,sell,88.3565
2025-05-09,EUR,XAF,buy,655.957
2025-05-09,EUR,XAF,sell,655.957
2025-05-09,GBP,XAF,buy,768.9774
2025-05-09,GBP,XAF,sell,776.7515
2025-05-09,JPY,XAF,buy,3.9965
2025-05-09,JPY,XAF,sell,4.0372
2025-05-09,MAD,XAF,buy,62.6532
2025-05-09,MAD,XAF,sell,63.3133
2025-05-09,SAR,XAF,buy,154.7105
2025-05-09,SAR,XAF,sell,156.2877
2025-05-09,SEK,XAF,buy,59.9039
2025-05-09,SEK,XAF,sell,60.5232
2025-05-09,USD,XAF,buy,577.3471
2025-05-09,USD,XAF,sell,582.3292
2025-05-09,ZAR,XAF,buy,31.8326
2025-05-09,ZAR,XAF,sell,32.1708
2025-05-14,AED,XAF,buy,158.9067
2025-05-14,AED,XAF,sell,160.5075
2025-05-14,CAD,XAF,buy,418.9442
2025-05-14,CAD,XAF,sell,423.2062
2025-05-14,CHF,XAF,buy,695.077
2025-05-14,CHF,XAF,sell,702.1374
2025-05-14,CNY,XAF,buy,80.907
2025-05-14,CNY,XAF,sell,81.7364
2025-05-14,DKK,XAF,buy,87.4996
2025-05-14,DKK,XAF,sell,88.3826
2025-05-14,EUR,XAF,buy,655.957
2025-05-14,EUR,XAF,sell,655.957
2025-05-14,GBP,XAF,buy,776.479
2025-05-14,GBP,XAF,sell,784.3295
2025-05-14,JPY,XAF,buy,3.9655
2025-05-14,JPY,XAF,sell,4.0055
2025-05-14,MAD,XAF,buy,62.7381
2025-05-14,MAD,XAF,sell,63.4027
2025-05-14,SAR,XAF,buy,155.5697
2025-05-14,SAR,XAF,sell,157.1557
2025-05-14,SEK,XAF,buy,60.0942
2025-05-14,SEK,XAF,sell,60.7166
2025-05-14,USD,XAF,buy,587.5827
2025-05-14,USD,XAF,sell,592.6457
2025-05-14,ZAR,XAF,buy,31.9245
2025-05-14,ZAR,XAF,sell,32.2635
2025-05-15,AED,XAF,buy,158.4014
2025-05-15,AED,XAF,sell,160.0011
2025-05-15,CAD,XAF,buy,416.2934
2025-05-15,CAD,XAF,sell,420.5282
2025-05-15,CHF,XAF,buy,694.6404
2025-05-15,CHF,XAF,sell,701.674
2025-05-15,CNY,XAF,buy,80.699
2025-05-15,CNY,XAF,sell,81.5241
2025-05-15,DKK,XAF,buy,87.4785
2025-05-15,DKK,XAF,sell,88.3612
2025-05-15,EUR,XAF,buy,655.957
2025-05-15,EUR,XAF,sell,655.957
2025-05-15,GBP,XAF,buy,773.3234
2025-05-15,GBP,XAF,sell,781.151
2025-05-15,JPY,XAF,buy,3.9941
2025-05-15,JPY,XAF,sell,4.0345
2025-05-15,MAD,XAF,buy,62.6496
2025-05-15,MAD,XAF,sell,63.306
2025-05-15,SAR,XAF,buy,155.0781
2025-05-15,SAR,XAF,sell,156.6516
2025-05-15,SEK,XAF,buy,59.8528
2025-05-15,SEK,XAF,sell,60.4744
2025-05-15,USD,XAF,buy,582.0081
2025-05-15,USD,XAF,sell,591.1546
2025-05-15,ZAR,XAF,buy,31.9168
2025-05-15,ZAR,XAF,sell,32.2548
2025-05-16,AED,XAF,buy,158.463
2025-05-16,AED,XAF,sell,160.0633
2025-05-16,CAD,XAF,buy,417.1448
2025-05-16,CAD,XAF,sell,421.3856
2025-05-16,CHF,XAF,buy,698.3417
2025-05-16,CHF,XAF,sell,705.4282
2025-05-16,CNY,XAF,buy,80.8159
2025-05-16,CNY,XAF,sell,81.6403
2025-05-16,DKK,XAF,buy,87.4832
2025-05-16,DKK,XAF,sell,88.3671
2025-05-16,EUR,XAF,buy,655.957
2025-05-16,EUR,XAF,sell,655.957
2025-05-16,GBP,XAF,buy,775.455
2025-05-16,GBP,XAF,sell,783.3043
2025-05-16,JPY,XAF,buy,3.9618
2025-05-16,JPY,XAF,sell,4.0046
2025-05-16,MAD,XAF,buy,62.7032
2025-05-16,MAD,XAF,sell,63.3637
2025-05-16,SAR,XAF,buy,155.1592
2025-05-16,SAR,XAF,sell,156.7409
2025-05-16,SEK,XAF,buy,59.933
2025-05-16,SEK,XAF,sell,60.5549
2025-05-16,USD,XAF,buy,583.5102
2025-05-16,USD,XAF,sell,588.5496
2025-05-16,ZAR,XAF,buy,32.237
2025-05-16,ZAR,XAF,sell,32.5807
2025-05-19,AED,XAF,buy,158.4322
2025-05-19,AED,XAF,sell,160.0323
2025-05-19,CAD,XAF,buy,416.881
2025-05-19,CAD,XAF,sell,421.1191
2025-05-19,CHF,XAF,buy,697.6774
2025-05-19,CHF,XAF,sell,704.7571
2025-05-19,CNY,XAF,buy,80.672
2025-05-19,CNY,XAF,sell,81.4929
2025-05-19,DKK,XAF,buy,87.4773
2025-05-19,DKK,XAF,sell,88.3612
2025-05-19,EUR,XAF,buy,655.957
2025-05-19,EUR,XAF,sell,655.957
2025-05-19,GBP,XAF,buy,775.8975
2025-05-19,GBP,XAF,sell,783.742
2025-05-19,JPY,XAF,buy,4.013
2025-05-19,JPY,XAF,sell,4.0539
2025-05-19,MAD,XAF,buy,62.7267
2025-05-19,MAD,XAF,sell,63.3297
2025-05-19,SAR,XAF,buy,155.1408
2025-05-19,SAR,XAF,sell,156.7074
2025-05-19,SEK,XAF,buy,59.7591
2025-05-19,SEK,XAF,sell,60.3796
2025-05-19,USD,XAF,buy,582.8082
2025-05-19,USD,XAF,sell,587.8378
2025-05-19,ZAR,XAF,buy,32.26
2025-05-19,ZAR,XAF,sell,32.6019
2025-05-21,AED,XAF,buy,156.9804
2025-05-21,AED,XAF,sell,158.5657
2025-05-21,CAD,XAF,buy,415.0518
2025-05-21,CAD,XAF,sell,419.2711
2025-05-21,CHF,XAF,buy,699.7119
2025-05-21,CHF,XAF,sell,706.8047
2025-05-21,CNY,XAF,buy,80.0084
2025-05-21,CNY,XAF,sell,80.8264
2025-05-21,DKK,XAF,buy,87.5032
2025-05-21,DKK,XAF,sell,88.3861
2025-05-21,EUR,XAF,buy,655.957
2025-05-21,EUR,XAF,sell,655.957
2025-05-21,GBP,XAF,buy,774.1398
2025-05-21,GBP,XAF,sell,781.9664
2025-05-21,JPY,XAF,buy,4.0081
2025-05-21,JPY,XAF,sell,4.0486
2025-05-21,MAD,XAF,buy,62.5158
2025-05-21,MAD,XAF,sell,63.1743
2025-05-21,SAR,XAF,buy,153.6795
2025-05-21,SAR,XAF,sell,155.2461
2025-05-21,SEK,XAF,buy,60.0141
2025-05-21,SEK,XAF,sell,60.6357
2025-05-21,USD,XAF,buy,580.1503
2025-05-21,USD,XAF,sell,585.1545
2025-05-21,ZAR,XAF,buy,32.0724
2025-05-21,ZAR,XAF,sell,32.4136
2025-05-26,AED,XAF,buy,155.9265
2025-05-26,AED,XAF,sell,157.5049
2025-05-26,CAD,XAF,buy,417.9221
2025-05-26,CAD,XAF,sell,422.1737
2025-05-26,CHF,XAF,buy,697.7371
2025-05-26,CHF,XAF,sell,704.8174
2025-05-26,CNY,XAF,buy,79.766
2025-05-26,CNY,XAF,sell,80.5814
2025-05-26,DKK,XAF,buy,87.4949
2025-05-26,DKK,XAF,sell,88.3778
2025-05-26,EUR,XAF,buy,655.957
2025-05-26,EUR,XAF,sell,655.957
2025-05-26,GBP,XAF,buy,777.1448
2025-05-26,GBP,XAF,sell,785.002
2025-05-26,JPY,XAF,buy,4.0103
2025-05-26,JPY,XAF,sell,4.0509
2025-05-26,MAD,XAF,buy,62.3604
2025-05-26,MAD,XAF,sell,63.0209
2025-05-26,SAR,XAF,buy,152.6802
2025-05-26,SAR,XAF,sell,154.2399
2025-05-26,SEK,XAF,buy,60.4035
2025-05-26,SEK,XAF,sell,61.0325
2025-05-26,USD,XAF,buy,575.9102
2025-05-26,USD,XAF,sell,580.8781
2025-05-26,ZAR,XAF,buy,32.0592
2025-05-26,ZAR,XAF,sell,32.4024
2025-05-27,AED,XAF,buy,156.3224
2025-05-27,AED,XAF,sell,157.8973
2025-05-27,CAD,XAF,buy,417.8712
2025-05-27,CAD,XAF,sell,422.1115
2025-05-27,CHF,XAF,buy,698.2746
2025-05-27,CHF,XAF,sell,705.3376
2025-05-27,CNY,XAF,buy,79.8636
2025-05-27,CNY,XAF,sell,80.684
2025-05-27,DKK,XAF,buy,87.502
2025-05-27,DKK,XAF,sell,88.3849
2025-05-27,EUR,XAF,buy,655.957
2025-05-27,EUR,XAF,sell,655.957
2025-05-27,GBP,XAF,buy,778.3402
2025-05-27,GBP,XAF,sell,786.2002
2025-05-27,JPY,XAF,buy,4.0044
2025-05-27,JPY,XAF,sell,4.0449
2025-05-27,MAD,XAF,buy,62.3646
2025-05-27,MAD,XAF,sell,63.0113
2025-05-27,SAR,XAF,buy,153.0812
2025-05-27,SAR,XAF,sell,154.6416
2025-05-27,SEK,XAF,buy,60.2162
2025-05-27,SEK,XAF,sell,60.8388
2025-05-27,USD,XAF,buy,573.7453
2025-05-27,USD,XAF,sell,578.6939
2025-05-27,ZAR,XAF,buy,32.1139
2025-05-27,ZAR,XAF,sell,32.4551
2025-05-28,AED,XAF,buy,156.9728
2025-05-28,AED,XAF,sell,158.5657
2025-05-28,CAD,XAF,buy,417.1661
2025-05-28,CAD,XAF,sell,421.4018
2025-05-28,CHF,XAF,buy,697.4462
2025-05-28,CHF,XAF,sell,704.4934
2025-05-28,CNY,XAF,buy,80.1529
2025-05-28,CNY,XAF,sell,80.9714
2025-05-28,DKK,XAF,buy,87.5055
2025-05-28,DKK,XAF,sell,88.3885
2025-05-28,EUR,XAF,buy,655.957
2025-05-28,EUR,XAF,sell,655.957
2025-05-28,GBP,XAF,buy,778.1454
2025-05-28,GBP,XAF,sell,783.0998
2025-05-28,JPY,XAF,buy,3.998
2025-05-28,JPY,XAF,sell,4.0385
2025-05-28,MAD,XAF,buy,62.3229
2025-05-28,MAD,XAF,sell,62.9806
2025-05-28,SAR,XAF,buy,153.6579
2025-05-28,SAR,XAF,sell,155.2241
2025-05-28,SEK,XAF,buy,59.8616
2025-05-28,SEK,XAF,sell,60.4832
2025-05-28,USD,XAF,buy,575.2376
2025-05-28,USD,XAF,sell,580.1946
2025-05-28,ZAR,XAF,buy,32.0721
2025-05-28,ZAR,XAF,sell,32.4141
2025-05-30,AED,XAF,buy,156.7768
2025-05-30,AED,XAF,sell,158.3638
2025-05-30,CAD,XAF,buy,416.5112
2025-05-30,CAD,XAF,sell,420.7375
2025-05-30,CHF,XAF,buy,698.7006
2025-05-30,CHF,XAF,sell,705.7907
2025-05-30,CNY,XAF,buy,80.033
2025-05-30,CNY,XAF,sell,80.8502
2025-05-30,DKK,XAF,buy,87.4961
2025-05-30,DKK,XAF,sell,88.3802
2025-05-30,EUR,XAF,buy,655.957
2025-05-30,EUR,XAF,sell,655.957
2025-05-30,GBP,XAF,buy,775.0958
2025-05-30,GBP,XAF,sell,782.9323
2025-05-30,JPY,XAF,buy,3.9985
2025-05-30,JPY,XAF,sell,4.039
2025-05-30,MAD,XAF,buy,62.3093
2025-05-30,MAD,XAF,sell,62.9638
2025-05-30,SAR,XAF,buy,153.4736
2025-05-30,SAR,XAF,sell,155.0489
2025-05-30,SEK,XAF,buy,60.0146
2025-05-30,SEK,XAF,sell,60.6368
2025-05-30,USD,XAF,buy,578.3433
2025-05-30,USD,XAF,sell,583.3237
2025-05-30,ZAR,XAF,buy,32.204
2025-05-30,ZAR,XAF,sell,32.5475
2025-06-02,AED,XAF,buy,156.7768
2025-06-02,AED,XAF,sell,158.3638
2025-06-02,CAD,XAF,buy,416.5112
2025-06-02,CAD,XAF,sell,420.7375
2025-06-02,CHF,XAF,buy,698.7006
2025-06-02,CHF,XAF,sell,705.7907
2025-06-02,CNY,XAF,buy,80.033
2025-06-02,CNY,XAF,sell,80.8502
2025-06-02,DKK,XAF,buy,87.4961
2025-06-02,DKK,XAF,sell,88.3802
2025-06-02,EUR,XAF,buy,655.957
2025-06-02,EUR,XAF,sell,655.957
2025-06-02,GBP,XAF,buy,775.0958
2025-06-02,GBP,XAF,sell,782.9323
2025-06-02,JPY,XAF,buy,3.9985
2025-06-02,JPY,XAF,sell,4.039
2025-06-02,MAD,XAF,buy,62.3093
2025-06-02,MAD,XAF,sell,62.9638
2025-06-02,SAR,XAF,buy,153.4736
2025-06-02,SAR,XAF,sell,155.0489
2025-06-02,SEK,XAF,buy,60.0146
2025-06-02,SEK,XAF,sell,60.6368
2025-06-02,USD,XAF,buy,576.0103
2025-06-02,USD,XAF,sell,583.3237
2025-06-02,ZAR,XAF,buy,32.204
2025-06-02,ZAR,XAF,sell,32.5475
2025-06-04,AED,XAF,buy,156.0868
2025-06-04,AED,XAF,sell,157.6594
2025-06-04,CAD,XAF,buy,417.8846
2025-06-04,CAD,XAF,sell,422.1439
2025-06-04,CHF,XAF,buy,696.6646
2025-06-04,CHF,XAF,sell,703.7414
2025-06-04,CNY,XAF,buy,79.7494
2025-06-04,CNY,XAF,sell,80.5676
2025-06-04,DKK,XAF,buy,87.4949
2025-06-04,DKK,XAF,sell,88.3778
2025-06-04,EUR,XAF,buy,655.957
2025-06-04,EUR,XAF,sell,655.957
2025-06-04,GBP,XAF,buy,775.5932
2025-06-04,GBP,XAF,sell,783.4253
2025-06-04,JPY,XAF,buy,3.9854
2025-06-04,JPY,XAF,sell,4.0258
2025-06-04,MAD,XAF,buy,62.2837
2025-06-04,MAD,XAF,sell,62.9427
2025-06-04,SAR,XAF,buy,152.8124
2025-06-04,SAR,XAF,sell,154.3771
2025-06-04,SEK,XAF,buy,59.7045
2025-06-04,SEK,XAF,sell,60.3249
2025-06-04,USD,XAF,buy,573.9959
2025-06-04,USD,XAF,sell,578.9426
2025-06-04,ZAR,XAF,buy,32.126
2025-06-04,ZAR,XAF,sell,32.4763
2025-06-05,AED,XAF,buy,155.6217
2025-06-05,AED,XAF,sell,157.1857
2025-06-05,CAD,XAF,buy,418.4177
2025-06-05,CAD,XAF,sell,422.6689
2025-06-05,CHF,XAF,buy,697.6103
2025-06-05,CHF,XAF,sell,704.6817
2025-06-05,CNY,XAF,buy,79.5734
2025-06-05,CNY,XAF,sell,80.3909
2025-06-05,DKK,XAF,buy,87.4937
2025-06-05,DKK,XAF,sell,88.3767
2025-06-05,EUR,XAF,buy,655.957
2025-06-05,EUR,XAF,sell,655.957
2025-06-05,GBP,XAF,buy,775.059
2025-06-05,GBP,XAF,sell,782.8858
2025-06-05,JPY,XAF,buy,3.9919
2025-06-05,JPY,XAF,sell,4.0326
2025-06-05,MAD,XAF,buy,62.3135
2025-06-05,MAD,XAF,sell,62.9692
2025-06-05,SAR,XAF,buy,152.3665
2025-06-05,SAR,XAF,sell,153.9266
2025-06-05,SEK,XAF,buy,59.5661
2025-06-05,SEK,XAF,sell,60.1795
2025-06-05,USD,XAF,buy,572.2403
2025-06-05,USD,XAF,sell,577.1702
2025-06-05,ZAR,XAF,buy,32.0651
2025-06-05,ZAR,XAF,sell,32.4057
2025-06-09,AED,XAF,buy,155.5846
2025-06-09,AED,XAF,sell,157.1557
2025-06-09,CAD,XAF,buy,417.7054
2025-06-09,CAD,XAF,sell,421.9494
2025-06-09,CHF,XAF,buy,696.3673
2025-06-09,CHF,XAF,sell,703.411
2025-06-09,CNY,XAF,buy,79.5201
2025-06-09,CNY,XAF,sell,80.329
2025-06-09,DKK,XAF,buy,87.4832
2025-06-09,DKK,XAF,sell,88.366
2025-06-09,EUR,XAF,buy,655.957
2025-06-09,EUR,XAF,sell,655.957
2025-06-09,GBP,XAF,buy,774.8934
2025-06-09,GBP,XAF,sell,782.7278
2025-06-09,JPY,XAF,buy,3.9619
2025-06-09,JPY,XAF,sell,4.0019
2025-06-09,MAD,XAF,buy,62.3202
2025-06-09,MAD,XAF,sell,62.9778
2025-06-09,SAR,XAF,buy,152.3594
2025-06-09,SAR,XAF,sell,153.905
2025-06-09,SEK,XAF,buy,59.4852
2025-06-09,SEK,XAF,sell,60.1005
2025-06-09,USD,XAF,buy,573.2812
2025-06-09,USD,XAF,sell,574.6347
2025-06-09,ZAR,XAF,buy,32.2295
2025-06-09,ZAR,XAF,sell,32.5873
2025-06-11,AED,XAF,buy,155.7925
2025-06-11,AED,XAF,sell,157.3658
2025-06-11,CAD,XAF,buy,418.2702
2025-06-11,CAD,XAF,sell,422.5173
2025-06-11,CHF,XAF,buy,694.9363
2025-06-11,CHF,XAF,sell,701.9803
2025-06-11,CNY,XAF,buy,79.6006
2025-06-11,CNY,XAF,sell,80.4202
2025-06-11,DKK,XAF,buy,87.4937
2025-06-11,DKK,XAF,sell,88.3767
2025-06-11,EUR,XAF,buy,655.957
2025-06-11,EUR,XAF,sell,655.957
2025-06-11,GBP,XAF,buy,770.5661
2025-06-11,GBP,XAF,sell,780.818
2025-06-11,JPY,XAF,buy,3.9413
2025-06-11,JPY,XAF,sell,3.9849
2025-06-11,MAD,XAF,buy,62.4297
2025-06-11,MAD,XAF,sell,63.0873
2025-06-11,SAR,XAF,buy,152.5197
2025-06-11,SAR,XAF,sell,154.074
2025-06-11,SEK,XAF,buy,59.5031
2025-06-11,SEK,XAF,sell,60.1148
2025-06-11,USD,XAF,buy,570.4139
2025-06-11,USD,XAF,sell,575.571
2025-06-11,ZAR,XAF,buy,32.3146
2025-06-11,ZAR,XAF,sell,32.6556
2025-06-13,AED,XAF,buy,153.8063
2025-06-13,AED,XAF,sell,155.3705
2025-06-13,CAD,XAF,buy,414.4719
2025-06-13,CAD,XAF,sell,418.6853
2025-06-13,CHF,XAF,buy,696.6349
2025-06-13,CHF,XAF,sell,703.7114
2025-06-13,CNY,XAF,buy,78.6539
2025-06-13,CNY,XAF,sell,79.4625
2025-06-13,DKK,XAF,buy,87.5043
2025-06-13,DKK,XAF,sell,88.3873
2025-06-13,EUR,XAF,buy,655.957
2025-06-13,EUR,XAF,sell,655.957
2025-06-13,GBP,XAF,buy,765.1191
2025-06-13,GBP,XAF,sell,772.845
2025-06-13,JPY,XAF,buy,3.9313
2025-06-13,JPY,XAF,sell,3.9711
2025-06-13,MAD,XAF,buy,61.9662
2025-06-13,MAD,XAF,sell,62.6139
2025-06-13,SAR,XAF,buy,150.4176
2025-06-13,SAR,XAF,sell,152.01
2025-06-13,SEK,XAF,buy,59.5074
2025-06-13,SEK,XAF,sell,60.1219
2025-06-13,USD,XAF,buy,562.9999
2025-06-13,USD,XAF,sell,574.0262
2025-06-13,ZAR,XAF,buy,31.3269
2025-06-13,ZAR,XAF,sell,31.6634
2025-06-17,AED,XAF,buy,153.7846
2025-06-17,AED,XAF,sell,155.3449
2025-06-17,CAD,XAF,buy,415.9246
2025-06-17,CAD,XAF,sell,420.1476
2025-06-17,CHF,XAF,buy,694.8253
2025-06-17,CHF,XAF,sell,701.8607
2025-06-17,CNY,XAF,buy,78.634
2025-06-17,CNY,XAF,sell,79.4347
2025-06-17,DKK,XAF,buy,87.5043
2025-06-17,DKK,XAF,sell,88.3873
2025-06-17,EUR,XAF,buy,655.957
2025-06-17,EUR,XAF,sell,655.957
2025-06-17,GBP,XAF,buy,765.8733
2025-06-17,GBP,XAF,sell,773.6159
2025-06-17,JPY,XAF,buy,3.9005
2025-06-17,JPY,XAF,sell,3.9402
2025-06-17,MAD,XAF,buy,61.8751
2025-06-17,MAD,XAF,sell,62.5296
2025-06-17,SAR,XAF,buy,150.4939
2025-06-17,SAR,XAF,sell,152.0239
2025-06-17,SEK,XAF,buy,59.5063
2025-06-17,SEK,XAF,sell,60.1208
2025-06-17,USD,XAF,buy,563.761
2025-06-17,USD,XAF,sell,571.1225
2025-06-17,ZAR,XAF,buy,31.673
2025-06-17,ZAR,XAF,sell,32.0084
2025-06-18,AED,XAF,buy,154.2789
2025-06-18,AED,XAF,sell,155.8332
2025-06-18,CAD,XAF,buy,414.8697
2025-06-18,CAD,XAF,sell,419.0766
2025-06-18,CHF,XAF,buy,694.116
2025-06-18,CHF,XAF,sell,701.1891
2025-06-18,CNY,XAF,buy,78.8629
2025-06-18,CNY,XAF,sell,79.6651
2025-06-18,DKK,XAF,buy,87.5067
2025-06-18,DKK,XAF,sell,88.3885
2025-06-18,EUR,XAF,buy,655.957
2025-06-18,EUR,XAF,sell,655.957
2025-06-18,GBP,XAF,buy,763.0885
2025-06-18,GBP,XAF,sell,770.8027
2025-06-18,JPY,XAF,buy,3.9099
2025-06-18,JPY,XAF,sell,3.937
2025-06-18,MAD,XAF,buy,62.0191
2025-06-18,MAD,XAF,sell,62.6663
2025-06-18,SAR,XAF,buy,150.9813
2025-06-18,SAR,XAF,sell,152.5269
2025-06-18,SEK,XAF,buy,59.3996
2025-06-18,SEK,XAF,sell,60.0185
2025-06-18,USD,XAF,buy,564.3318
2025-06-18,USD,XAF,sell,569.2035
2025-06-18,ZAR,XAF,buy,31.4739
2025-06-18,ZAR,XAF,sell,31.9934
2025-06-19,AED,XAF,buy,155.0118
2025-06-19,AED,XAF,sell,156.5809
2025-06-19,CAD,XAF,buy,414.9146
2025-06-19,CAD,XAF,sell,419.1272
2025-06-19,CHF,XAF,buy,693.2828
2025-06-19,CHF,XAF,sell,700.3099
2025-06-19,CNY,XAF,buy,79.1719
2025-06-19,CNY,XAF,sell,79.9802
2025-06-19,DKK,XAF,buy,87.4973
2025-06-19,DKK,XAF,sell,88.3802
2025-06-19,EUR,XAF,buy,655.957
2025-06-19,EUR,XAF,sell,655.957
2025-06-19,GBP,XAF,buy,763.1063
2025-06-19,GBP,XAF,sell,770.8118
2025-06-19,JPY,XAF,buy,3.9169
2025-06-19,JPY,XAF,sell,3.9568
2025-06-19,MAD,XAF,buy,62.0451
2025-06-19,MAD,XAF,sell,62.7027
2025-06-19,SAR,XAF,buy,151.7113
2025-06-19,SAR,XAF,sell,153.2574
2025-06-19,SEK,XAF,buy,58.8905
2025-06-19,SEK,XAF,sell,59.4984
2025-06-19,USD,XAF,buy,567.7496
2025-06-19,USD,XAF,sell,572.6495
2025-06-19,ZAR,XAF,buy,31.4106
2025-06-19,ZAR,XAF,sell,32.2102
2025-06-20,AED,XAF,buy,154.3301
2025-06-20,AED,XAF,sell,155.8922
2025-06-20,CAD,XAF,buy,413.4767
2025-06-20,CAD,XAF,sell,417.6747
2025-06-20,CHF,XAF,buy,694.6109
2025-06-20,CHF,XAF,sell,699.2922
2025-06-20,CNY,XAF,buy,78.8915
2025-06-20,CNY,XAF,sell,79.6911
2025-06-20,DKK,XAF,buy,87.4937
2025-06-20,DKK,XAF,sell,88.3767
2025-06-20,EUR,XAF,buy,655.957
2025-06-20,EUR,XAF,sell,655.957
2025-06-20,GBP,XAF,buy,763.7135
2025-06-20,GBP,XAF,sell,771.4342
2025-06-20,JPY,XAF,buy,3.8991
2025-06-20,JPY,XAF,sell,3.9386
2025-06-20,MAD,XAF,buy,61.9856
2025-06-20,MAD,XAF,sell,62.6412
2025-06-20,SAR,XAF,buy,151.0127
2025-06-20,SAR,XAF,sell,152.5481
2025-06-20,SEK,XAF,buy,58.9692
2025-06-20,SEK,XAF,sell,59.5769
2025-06-20,USD,XAF,buy,570.2486
2025-06-20,USD,XAF,sell,572.6495
2025-06-20,ZAR,XAF,buy,31.4059
2025-06-20,ZAR,XAF,sell,31.7385
2025-06-24,AED,XAF,buy,153.1315
2025-06-24,AED,XAF,sell,154.6705
2025-06-24,CAD,XAF,buy,409.9448
2025-06-24,CAD,XAF,sell,414.109
2025-06-24,CHF,XAF,buy,692.7824
2025-06-24,CHF,XAF,sell,699.797
2025-06-24,CNY,XAF,buy,78.3301
2025-06-24,CNY,XAF,sell,79.1278
2025-06-24,DKK,XAF,buy,87.4868
2025-06-24,DKK,XAF,sell,88.3695
2025-06-24,EUR,XAF,buy,655.957
2025-06-24,EUR,XAF,sell,655.957
2025-06-24,GBP,XAF,buy,763.7046
2025-06-24,GBP,XAF,sell,771.4161
2025-06-24,JPY,XAF,buy,3.8764
2025-06-24,JPY,XAF,sell,3.9159
2025-06-24,MAD,XAF,buy,61.6705
2025-06-24,MAD,XAF,sell,62.3062
2025-06-24,SAR,XAF,buy,149.8616
2025-06-24,SAR,XAF,sell,151.3955
2025-06-24,SEK,XAF,buy,58.8268
2025-06-24,SEK,XAF,sell,59.4389
2025-06-24,USD,XAF,buy,569.4194
2025-06-24,USD,XAF,sell,574.3321
2025-06-24,ZAR,XAF,buy,31.6875
2025-06-24,ZAR,XAF,sell,32.0234
2025-06-25,AED,XAF,buy,153.1351
2025-06-25,AED,XAF,sell,154.6778
2025-06-25,CAD,XAF,buy,409.631
2025-06-25,CAD,XAF,sell,413.7894
2025-06-25,CHF,XAF,buy,698.4763
2025-06-25,CHF,XAF,sell,705.549
2025-06-25,CNY,XAF,buy,78.4373
2025-06-25,CNY,XAF,sell,79.2371
2025-06-25,DKK,XAF,buy,87.4868
2025-06-25,DKK,XAF,sell,88.3695
2025-06-25,EUR,XAF,buy,655.957
2025-06-25,EUR,XAF,sell,655.957
2025-06-25,GBP,XAF,buy,766.0981
2025-06-25,GBP,XAF,sell,773.8338
2025-06-25,JPY,XAF,buy,3.8703
2025-06-25,JPY,XAF,sell,3.9093
2025-06-25,MAD,XAF,buy,61.7913
2025-06-25,MAD,XAF,sell,62.4219
2025-06-25,SAR,XAF,buy,149.9305
2025-06-25,SAR,XAF,sell,151.4652
2025-06-25,SEK,XAF,buy,59.022
2025-06-25,SEK,XAF,sell,59.6298
2025-06-25,USD,XAF,buy,562.2182
2025-06-25,USD,XAF,sell,572.9232
2025-06-25,ZAR,XAF,buy,31.7042
2025-06-25,ZAR,XAF,sell,31.7974
2025-06-26,AED,XAF,buy,151.902
2025-06-26,AED,XAF,sell,153.4286
2025-06-26,CAD,XAF,buy,407.0202
2025-06-26,CAD,XAF,sell,411.1544
2025-06-26,CHF,XAF,buy,695.8402
2025-06-26,CHF,XAF,sell,702.871
2025-06-26,CNY,XAF,buy,77.8238
2025-06-26,CNY,XAF,sell,78.6172
2025-06-26,DKK,XAF,buy,87.4809
2025-06-26,DKK,XAF,sell,88.3636
2025-06-26,EUR,XAF,buy,655.957
2025-06-26,EUR,XAF,sell,655.957
2025-06-26,GBP,XAF,buy,765.9542
2025-06-26,GBP,XAF,sell,773.6885
2025-06-26,JPY,XAF,buy,3.8696
2025-06-26,JPY,XAF,sell,3.9089
2025-06-26,MAD,XAF,buy,61.5698
2025-06-26,MAD,XAF,sell,62.2156
2025-06-26,SAR,XAF,buy,148.7143
2025-06-26,SAR,XAF,sell,150.2328
2025-06-26,SEK,XAF,buy,59.1322
2025-06-26,SEK,XAF,sell,59.7416
2025-06-26,USD,XAF,buy,562.5987
2025-06-26,USD,XAF,sell,567.4419
2025-06-26,ZAR,XAF,buy,31.6281
2025-06-26,ZAR,XAF,sell,31.9651
2025-06-27,AED,XAF,buy,151.5845
2025-06-27,AED,XAF,sell,153.1114
2025-06-27,CAD,XAF,buy,408.3725
2025-06-27,CAD,XAF,sell,412.5232
2025-06-27,CHF,XAF,buy,696.3004
2025-06-27,CHF,XAF,sell,703.336
2025-06-27,CNY,XAF,buy,77.6516
2025-06-27,CNY,XAF,sell,78.4385
2025-06-27,DKK,XAF,buy,87.4762
2025-06-27,DKK,XAF,sell,88.3589
2025-06-27,EUR,XAF,buy,655.957
2025-06-27,EUR,XAF,sell,655.957
2025-06-27,GBP,XAF,buy,765.2267
2025-06-27,GBP,XAF,sell,772.9447
2025-06-27,JPY,XAF,buy,3.8567
2025-06-27,JPY,XAF,sell,3.896
2025-06-27,MAD,XAF,buy,61.6611
2025-06-27,MAD,XAF,sell,62.2932
2025-06-27,SAR,XAF,buy,148.3998
2025-06-27,SAR,XAF,sell,149.9049
2025-06-27,SEK,XAF,buy,58.6397
2025-06-27,SEK,XAF,sell,59.2428
2025-06-27,USD,XAF,buy,558.0398
2025-06-27,USD,XAF,sell,565.9632
2025-06-27,ZAR,XAF,buy,31.29
2025-06-27,ZAR,XAF,sell,31.6206
2025-06-30,AED,XAF,buy,151.4016
2025-06-30,AED,XAF,sell,152.9268
2025-06-30,CAD,XAF,buy,407.1624
2025-06-30,CAD,XAF,sell,411.2981
2025-06-30,CHF,XAF,buy,696.925
2025-06-30,CHF,XAF,sell,704.0044
2025-06-30,CNY,XAF,buy,77.6165
2025-06-30,CNY,XAF,sell,78.4068
2025-06-30,DKK,XAF,buy,87.4809
2025-06-30,DKK,XAF,sell,88.3636
2025-06-30,EUR,XAF,buy,655.957
2025-06-30,EUR,XAF,sell,655.957
2025-06-30,GBP,XAF,buy,762.8387
2025-06-30,GBP,XAF,sell,770.6973
2025-06-30,JPY,XAF,buy,3.8661
2025-06-30,JPY,XAF,sell,3.9052
2025-06-30,MAD,XAF,buy,61.6117
2025-06-30,MAD,XAF,sell,62.2367
2025-06-30,SAR,XAF,buy,148.2481
2025-06-30,SAR,XAF,sell,149.7653
2025-06-30,SEK,XAF,buy,58.7537
2025-06-30,SEK,XAF,sell,59.3581
2025-06-30,USD,XAF,buy,555.9597
2025-06-30,USD,XAF,sell,560.7584
2025-06-30,ZAR,XAF,buy,31.3336
2025-06-30,ZAR,XAF,sell,31.9534
2025-07-02,AED,XAF,buy,150.8104
2025-07-02,AED,XAF,sell,152.3296
2025-07-02,CAD,XAF,buy,405.9216
2025-07-02,CAD,XAF,sell,410.0394
2025-07-02,CHF,XAF,buy,699.0373
2025-07-02,CHF,XAF,sell,702.3902
2025-07-02,CNY,XAF,buy,77.293
2025-07-02,CNY,XAF,sell,78.0734
2025-07-02,DKK,XAF,buy,87.4726
2025-07-02,DKK,XAF,sell,88.3554
2025-07-02,EUR,XAF,buy,655.957
2025-07-02,EUR,XAF,sell,655.957
2025-07-02,GBP,XAF,buy,760.2353
2025-07-02,GBP,XAF,sell,767.9117
2025-07-02,JPY,XAF,buy,3.8507
2025-07-02,JPY,XAF,sell,3.8896
2025-07-02,MAD,XAF,buy,61.6565
2025-07-02,MAD,XAF,sell,62.3056
2025-07-02,SAR,XAF,buy,147.6979
2025-07-02,SAR,XAF,sell,150.2983
2025-07-02,SEK,XAF,buy,58.3487
2025-07-02,SEK,XAF,sell,58.9525
2025-07-02,USD,XAF,buy,552.6028
2025-07-02,USD,XAF,sell,557.3637
2025-07-02,ZAR,XAF,buy,31.3706
2025-07-02,ZAR,XAF,sell,31.7027
2025-07-04,AED,XAF,buy,150.8975
2025-07-04,AED,XAF,sell,152.4141
2025-07-04,CAD,XAF,buy,408.209
2025-07-04,CAD,XAF,sell,412.358
2025-07-04,CHF,XAF,buy,698.424
2025-07-04,CHF,XAF,sell,705.4961
2025-07-04,CNY,XAF,buy,77.3662
2025-07-04,CNY,XAF,sell,78.154
2025-07-04,DKK,XAF,buy,87.4797
2025-07-04,DKK,XAF,sell,88.3624
2025-07-04,EUR,XAF,buy,655.957
2025-07-04,EUR,XAF,sell,655.957
2025-07-04,GBP,XAF,buy,757.4913
2025-07-04,GBP,XAF,sell,765.1398
2025-07-04,JPY,XAF,buy,3.8379
2025-07-04,JPY,XAF,sell,3.877
2025-07-04,MAD,XAF,buy,61.6344
2025-07-04,MAD,XAF,sell,62.2815
2025-07-04,SAR,XAF,buy,147.7816
2025-07-04,SAR,XAF,sell,149.2871
2025-07-04,SEK,XAF,buy,57.939
2025-07-04,SEK,XAF,sell,58.5353
2025-07-04,USD,XAF,buy,553.3977
2025-07-04,USD,XAF,sell,558.1607
2025-07-04,ZAR,XAF,buy,31.5465
2025-07-04,ZAR,XAF,sell,31.8829
2025-07-08,AED,XAF,buy,151.1877
2025-07-08,AED,XAF,sell,152.7071
2025-07-08,CAD,XAF,buy,406.7843
2025-07-08,CAD,XAF,sell,410.9109
2025-07-08,CHF,XAF,buy,697.655
2025-07-08,CHF,XAF,sell,704.7269
2025-07-08,CNY,XAF,buy,77.4314
2025-07-08,CNY,XAF,sell,78.2227
2025-07-08,DKK,XAF,buy,87.4832
2025-07-08,DKK,XAF,sell,88.366
2025-07-08,EUR,XAF,buy,655.957
2025-07-08,EUR,XAF,sell,655.957
2025-07-08,GBP,XAF,buy,757.4737
2025-07-08,GBP,XAF,sell,765.1131
2025-07-08,JPY,XAF,buy,3.8008
2025-07-08,JPY,XAF,sell,3.8395
2025-07-08,MAD,XAF,buy,61.6332
2025-07-08,MAD,XAF,sell,62.2803
2025-07-08,SAR,XAF,buy,148.0463
2025-07-08,SAR,XAF,sell,149.5547
2025-07-08,SEK,XAF,buy,58.4737
2025-07-08,SEK,XAF,sell,59.0783
2025-07-08,USD,XAF,buy,556.8004
2025-07-08,USD,XAF,sell,561.5889
2025-07-08,ZAR,XAF,buy,31.288
2025-07-08,ZAR,XAF,sell,31.6191
2025-07-10,AED,XAF,buy,151.4297
2025-07-10,AED,XAF,sell,152.9658
2025-07-10,CAD,XAF,buy,406.9668
2025-07-10,CAD,XAF,sell,411.0981
2025-07-10,CHF,XAF,buy,699.9219
2025-07-10,CHF,XAF,sell,707.0095
2025-07-10,CNY,XAF,buy,77.5022
2025-07-10,CNY,XAF,sell,78.2858
2025-07-10,DKK,XAF,buy,87.4738
2025-07-10,DKK,XAF,sell,88.3565
2025-07-10,EUR,XAF,buy,655.957
2025-07-10,EUR,XAF,sell,655.957
2025-07-10,GBP,XAF,buy,757.4297
2025-07-10,GBP,XAF,sell,765.0777
2025-07-10,JPY,XAF,buy,3.8035
2025-07-10,JPY,XAF,sell,3.8419
2025-07-10,MAD,XAF,buy,61.7762
2025-07-10,MAD,XAF,sell,62.4213
2025-07-10,SAR,XAF,buy,148.2851
2025-07-10,SAR,XAF,sell,149.7857
2025-07-10,SEK,XAF,buy,58.5203
2025-07-10,SEK,XAF,sell,59.1222
2025-07-10,USD,XAF,buy,557.6556
2025-07-10,USD,XAF,sell,562.458
2025-07-10,ZAR,XAF,buy,31.3254
2025-07-10,ZAR,XAF,sell,31.6586
2025-07-11,AED,XAF,buy,152.0754
2025-07-11,AED,XAF,sell,153.6361
2025-07-11,CAD,XAF,buy,407.6965
2025-07-11,CAD,XAF,sell,411.8325
2025-07-11,CHF,XAF,buy,700.6357
2025-07-11,CHF,XAF,sell,707.7229
2025-07-11,CNY,XAF,buy,77.8888
2025-07-11,CNY,XAF,sell,78.682
2025-07-11,DKK,XAF,buy,87.4714
2025-07-11,DKK,XAF,sell,88.3542
2025-07-11,EUR,XAF,buy,655.957
2025-07-11,EUR,XAF,sell,655.957
2025-07-11,GBP,XAF,buy,756.131
2025-07-11,GBP,XAF,sell,763.7657
2025-07-11,JPY,XAF,buy,3.8022
2025-07-11,JPY,XAF,sell,3.8406
2025-07-11,MAD,XAF,buy,61.9456
2025-07-11,MAD,XAF,sell,62.5966
2025-07-11,SAR,XAF,buy,148.8975
2025-07-11,SAR,XAF,sell,150.4179
2025-07-11,SEK,XAF,buy,58.598
2025-07-11,SEK,XAF,sell,59.1992
2025-07-11,USD,XAF,buy,556.9228
2025-07-11,USD,XAF,sell,561.7095
2025-07-11,ZAR,XAF,buy,31.2763
2025-07-11,ZAR,XAF,sell,31.608
2025-07-14,AED,XAF,buy,152.2456
2025-07-14,AED,XAF,sell,153.7758
2025-07-14,CAD,XAF,buy,408.4593
2025-07-14,CAD,XAF,sell,412.6006
2025-07-14,CHF,XAF,buy,701.125
2025-07-14,CHF,XAF,sell,708.2323
2025-07-14,CNY,XAF,buy,77.9922
2025-07-14,CNY,XAF,sell,78.7873
2025-07-14,DKK,XAF,buy,87.468
2025-07-14,DKK,XAF,sell,88.3506
2025-07-14,EUR,XAF,buy,655.957
2025-07-14,EUR,XAF,sell,655.957
2025-07-14,GBP,XAF,buy,752.7214
2025-07-14,GBP,XAF,sell,760.3391
2025-07-14,JPY,XAF,buy,3.797
2025-07-14,JPY,XAF,sell,3.8357
2025-07-14,MAD,XAF,buy,61.9791
2025-07-14,MAD,XAF,sell,62.6395
2025-07-14,SAR,XAF,buy,149.0811
2025-07-14,SAR,XAF,sell,150.6001
2025-07-14,SEK,XAF,buy,58.2722
2025-07-14,SEK,XAF,sell,58.872
2025-07-14,USD,XAF,buy,558.3233
2025-07-14,USD,XAF,sell,563.1273
2025-07-14,ZAR,XAF,buy,31.2187
2025-07-14,ZAR,XAF,sell,31.5475
2025-07-15,AED,XAF,buy,152.196
2025-07-15,AED,XAF,sell,153.7291
2025-07-15,CAD,XAF,buy,407.9998
2025-07-15,CAD,XAF,sell,412.1337
2025-07-15,CHF,XAF,buy,701.8563
2025-07-15,CHF,XAF,sell,708.9482
2025-07-15,CNY,XAF,buy,77.9074
2025-07-15,CNY,XAF,sell,78.6998
2025-07-15,DKK,XAF,buy,87.4457
2025-07-15,DKK,XAF,sell,88.3269
2025-07-15,EUR,XAF,buy,655.957
2025-07-15,EUR,XAF,sell,655.957
2025-07-15,GBP,XAF,buy,750.7128
2025-07-15,GBP,XAF,sell,758.2839
2025-07-15,JPY,XAF,buy,3.783
2025-07-15,JPY,XAF,sell,3.8212
2025-07-15,MAD,XAF,buy,61.9591
2025-07-15,MAD,XAF,sell,62.6133
2025-07-15,SAR,XAF,buy,149.0369
2025-07-15,SAR,XAF,sell,150.5553
2025-07-15,SEK,XAF,buy,58.0772
2025-07-15,SEK,XAF,sell,58.6744
2025-07-15,USD,XAF,buy,558.3545
2025-07-15,USD,XAF,sell,563.1469
2025-07-15,ZAR,XAF,buy,31.3543
2025-07-15,ZAR,XAF,sell,31.6852
2025-07-16,AED,XAF,buy,152.8661
2025-07-16,AED,XAF,sell,154.4097
2025-07-16,CAD,XAF,buy,409.4228
2025-07-16,CAD,XAF,sell,413.5739
2025-07-16,CHF,XAF,buy,701.2078
2025-07-16,CHF,XAF,sell,708.3084
2025-07-16,CNY,XAF,buy,78.2221
2025-07-16,CNY,XAF,sell,79.0186
2025-07-16,DKK,XAF,buy,87.455
2025-07-16,DKK,XAF,sell,88.3376
2025-07-16,EUR,XAF,buy,655.957
2025-07-16,EUR,XAF,sell,655.957
2025-07-16,GBP,XAF,buy,752.6519
2025-07-16,GBP,XAF,sell,760.2339
2025-07-16,JPY,XAF,buy,3.7759
2025-07-16,JPY,XAF,sell,3.8144
2025-07-16,MAD,XAF,buy,62.0717
2025-07-16,MAD,XAF,sell,62.7277
2025-07-16,SAR,XAF,buy,149.6588
2025-07-16,SAR,XAF,sell,151.1873
2025-07-16,SEK,XAF,buy,57.7734
2025-07-16,SEK,XAF,sell,58.3669
2025-07-16,USD,XAF,buy,559.3775
2025-07-16,USD,XAF,sell,564.1941
2025-07-16,ZAR,XAF,buy,31.3567
2025-07-16,ZAR,XAF,sell,31.6888
2025-07-17,AED,XAF,buy,153.3438
2025-07-17,AED,XAF,sell,154.8886
2025-07-17,CAD,XAF,buy,410.1689
2025-07-17,CAD,XAF,sell,414.3381
2025-07-17,CHF,XAF,buy,700.0345
2025-07-17,CHF,XAF,sell,707.1383
2025-07-17,CNY,XAF,buy,78.4289
2025-07-17,CNY,XAF,sell,79.2276
2025-07-17,DKK,XAF,buy,87.4481
2025-07-17,DKK,XAF,sell,88.3305
2025-07-17,EUR,XAF,buy,655.957
2025-07-17,EUR,XAF,sell,655.957
2025-07-17,GBP,XAF,buy,754.514
2025-07-17,GBP,XAF,sell,762.1323
2025-07-17,JPY,XAF,buy,3.7901
2025-07-17,JPY,XAF,sell,3.8283
2025-07-17,MAD,XAF,buy,62.1408
2025-07-17,MAD,XAF,sell,62.7958
2025-07-17,SAR,XAF,buy,150.134
2025-07-17,SAR,XAF,sell,151.6637
2025-07-17,SEK,XAF,buy,57.6988
2025-07-17,SEK,XAF,sell,58.2921
2025-07-17,USD,XAF,buy,561.1122
2025-07-17,USD,XAF,sell,567.4618
2025-07-17,ZAR,XAF,buy,31.4096
2025-07-17,ZAR,XAF,sell,31.743
2025-07-18,AED,XAF,buy,152.8625
2025-07-18,AED,XAF,sell,154.4061
2025-07-18,CAD,XAF,buy,408.6051
2025-07-18,CAD,XAF,sell,412.7453
2025-07-18,CHF,XAF,buy,699.3969
2025-07-18,CHF,XAF,sell,706.4639
2025-07-18,CNY,XAF,buy,78.2043
2025-07-18,CNY,XAF,sell,78.9931
2025-07-18,DKK,XAF,buy,87.4527
2025-07-18,DKK,XAF,sell,88.3352
2025-07-18,EUR,XAF,buy,655.957
2025-07-18,EUR,XAF,sell,655.957
2025-07-18,GBP,XAF,buy,754.1042
2025-07-18,GBP,XAF,sell,761.7008
2025-07-18,JPY,XAF,buy,3.7742
2025-07-18,JPY,XAF,sell,3.8124
2025-07-18,MAD,XAF,buy,61.9662
2025-07-18,MAD,XAF,sell,62.621
2025-07-18,SAR,XAF,buy,149.6794
2025-07-18,SAR,XAF,sell,151.2081
2025-07-18,SEK,XAF,buy,57.7892
2025-07-18,SEK,XAF,sell,58.3835
2025-07-18,USD,XAF,buy,563.3327
2025-07-18,USD,XAF,sell,568.1852
2025-07-18,ZAR,XAF,buy,31.5962
2025-07-18,ZAR,XAF,sell,31.9314
2025-07-21,AED,XAF,buy,152.6231
2025-07-21,AED,XAF,sell,154.1642
2025-07-21,CAD,XAF,buy,408.5284
2025-07-21,CAD,XAF,sell,412.6704
2025-07-21,CHF,XAF,buy,700.1848
2025-07-21,CHF,XAF,sell,707.2825
2025-07-21,CNY,XAF,buy,78.1135
2025-07-21,CNY,XAF,sell,78.9033
2025-07-21,DKK,XAF,buy,87.4375
2025-07-21,DKK,XAF,sell,88.3198
2025-07-21,EUR,XAF,buy,655.957
2025-07-21,EUR,XAF,sell,655.957
2025-07-21,GBP,XAF,buy,753.7385
2025-07-21,GBP,XAF,sell,761.3401
2025-07-21,JPY,XAF,buy,3.7852
2025-07-21,JPY,XAF,sell,3.8236
2025-07-21,MAD,XAF,buy,61.9591
2025-07-21,MAD,XAF,sell,62.6038
2025-07-21,SAR,XAF,buy,149.4395
2025-07-21,SAR,XAF,sell,150.9657
2025-07-21,SEK,XAF,buy,58.007
2025-07-21,SEK,XAF,sell,58.6041
2025-07-21,USD,XAF,buy,560.6253
2025-07-21,USD,XAF,sell,566.8386
2025-07-21,ZAR,XAF,buy,31.6708
2025-07-21,ZAR,XAF,sell,32.0044
2025-07-22,AED,XAF,buy,152.0506
2025-07-22,AED,XAF,sell,153.5788
2025-07-22,CAD,XAF,buy,407.9487
2025-07-22,CAD,XAF,sell,412.0848
2025-07-22,CHF,XAF,buy,699.4419
2025-07-22,CHF,XAF,sell,706.5244
2025-07-22,CNY,XAF,buy,77.8395
2025-07-22,CNY,XAF,sell,78.6322
2025-07-22,DKK,XAF,buy,87.427
2025-07-22,DKK,XAF,sell,88.3091
2025-07-22,EUR,XAF,buy,655.957
2025-07-22,EUR,XAF,sell,655.957
2025-07-22,GBP,XAF,buy,752.2616
2025-07-22,GBP,XAF,sell,759.471
2025-07-22,JPY,XAF,buy,3.7753
2025-07-22,JPY,XAF,sell,3.8135
2025-07-22,MAD,XAF,buy,61.8487
2025-07-22,MAD,XAF,sell,62.4846
2025-07-22,SAR,XAF,buy,148.8499
2025-07-22,SAR,XAF,sell,150.3699
2025-07-22,SEK,XAF,buy,58.1937
2025-07-22,SEK,XAF,sell,58.7911
2025-07-22,USD,XAF,buy,559.6877
2025-07-22,USD,XAF,sell,564.5018
2025-07-22,ZAR,XAF,buy,31.6517
2025-07-22,ZAR,XAF,sell,31.9865
2025-07-23,AED,XAF,buy,151.2683
2025-07-23,AED,XAF,sell,152.7957
2025-07-23,CAD,XAF,buy,408.6051
2025-07-23,CAD,XAF,sell,412.7582
2025-07-23,CHF,XAF,buy,701.5319
2025-07-23,CHF,XAF,sell,708.6282
2025-07-23,CNY,XAF,buy,77.5427
2025-07-23,CNY,XAF,sell,78.3369
2025-07-23,DKK,XAF,buy,87.4328
2025-07-23,DKK,XAF,sell,88.3151
2025-07-23,EUR,XAF,buy,655.957
2025-07-23,EUR,XAF,sell,655.957
2025-07-23,GBP,XAF,buy,752.0709
2025-07-23,GBP,XAF,sell,759.6557
2025-07-23,JPY,XAF,buy,3.7863
2025-07-23,JPY,XAF,sell,3.8247
2025-07-23,MAD,XAF,buy,61.7154
2025-07-23,MAD,XAF,sell,62.3551
2025-07-23,SAR,XAF,buy,148.0497
2025-07-23,SAR,XAF,sell,149.558
2025-07-23,SEK,XAF,buy,58.5308
2025-07-23,SEK,XAF,sell,59.1339
2025-07-23,USD,XAF,buy,557.8943
2025-07-23,USD,XAF,sell,563.876
2025-07-23,ZAR,XAF,buy,31.5905
2025-07-23,ZAR,XAF,sell,31.925
2025-07-24,AED,XAF,buy,151.0198
2025-07-24,AED,XAF,sell,152.5481
2025-07-24,CAD,XAF,buy,407.5437
2025-07-24,CAD,XAF,sell,411.7579
2025-07-24,CHF,XAF,buy,699.5618
2025-07-24,CHF,XAF,sell,706.729
2025-07-24,CNY,XAF,buy,77.5529
2025-07-24,CNY,XAF,sell,78.3444
2025-07-24,DKK,XAF,buy,87.4445
2025-07-24,DKK,XAF,sell,88.3281
2025-07-24,EUR,XAF,buy,655.957
2025-07-24,EUR,XAF,sell,655.957
2025-07-24,GBP,XAF,buy,752.4264
2025-07-24,GBP,XAF,sell,760.0936
2025-07-24,JPY,XAF,buy,3.7942
2025-07-24,JPY,XAF,sell,3.8335
2025-07-24,MAD,XAF,buy,61.6921
2025-07-24,MAD,XAF,sell,62.3385
2025-07-24,SAR,XAF,buy,147.8385
2025-07-24,SAR,XAF,sell,150.4698
2025-07-24,SEK,XAF,buy,58.3889
2025-07-24,SEK,XAF,sell,59.0038
2025-07-24,USD,XAF,buy,556.7999
2025-07-24,USD,XAF,sell,561.5884
2025-07-24,ZAR,XAF,buy,31.5388
2025-07-24,ZAR,XAF,sell,31.8844
2025-07-25,AED,XAF,buy,151.1597
2025-07-25,AED,XAF,sell,152.6789
2025-07-25,CAD,XAF,buy,406.4372
2025-07-25,CAD,XAF,sell,410.5578
2025-07-25,CHF,XAF,buy,698.1999
2025-07-25,CHF,XAF,sell,705.2697
2025-07-25,CNY,XAF,buy,77.4856
2025-07-25,CNY,XAF,sell,78.2765
2025-07-25,DKK,XAF,buy,87.4363
2025-07-25,DKK,XAF,sell,88.3175
2025-07-25,EUR,XAF,buy,655.957
2025-07-25,EUR,XAF,sell,655.957
2025-07-25,GBP,XAF,buy,748.9211
2025-07-25,GBP,XAF,sell,756.474
2025-07-25,JPY,XAF,buy,3.7742
2025-07-25,JPY,XAF,sell,3.8126
2025-07-25,MAD,XAF,buy,61.8171
2025-07-25,MAD,XAF,sell,62.4627
2025-07-25,SAR,XAF,buy,147.986
2025-07-25,SAR,XAF,sell,149.4902
2025-07-25,SEK,XAF,buy,58.2238
2025-07-25,SEK,XAF,sell,58.8215
2025-07-25,USD,XAF,buy,556.3399
2025-07-25,USD,XAF,sell,561.1284
2025-07-25,ZAR,XAF,buy,31.3732
2025-07-25,ZAR,XAF,sell,31.7049
2025-07-28,AED,XAF,buy,151.669
2025-07-28,AED,XAF,sell,153.1969
2025-07-28,CAD,XAF,buy,406.2955
2025-07-28,CAD,XAF,sell,410.4147
2025-07-28,CHF,XAF,buy,699.9219
2025-07-28,CHF,XAF,sell,707.0018
2025-07-28,CNY,XAF,buy,77.696
2025-07-28,CNY,XAF,sell,78.4881
2025-07-28,DKK,XAF,buy,87.4457
2025-07-28,DKK,XAF,sell,88.3281
2025-07-28,EUR,XAF,buy,655.957
2025-07-28,EUR,XAF,sell,655.957
2025-07-28,GBP,XAF,buy,747.8913
2025-07-28,GBP,XAF,sell,755.4424
2025-07-28,JPY,XAF,buy,3.7671
2025-07-28,JPY,XAF,sell,3.8053
2025-07-28,MAD,XAF,buy,61.857
2025-07-28,MAD,XAF,sell,62.5047
2025-07-28,SAR,XAF,buy,148.4944
2025-07-28,SAR,XAF,sell,149.997
2025-07-28,SEK,XAF,buy,58.4669
2025-07-28,SEK,XAF,sell,59.0672
2025-07-28,USD,XAF,buy,556.7886
2025-07-28,USD,XAF,sell,561.5698
2025-07-28,ZAR,XAF,buy,31.3564
2025-07-28,ZAR,XAF,sell,31.6908
2025-07-29,AED,XAF,buy,154.1078
2025-07-29,AED,XAF,sell,155.6602
2025-07-29,CAD,XAF,buy,411.5708
2025-07-29,CAD,XAF,sell,415.7439
2025-07-29,CHF,XAF,buy,701.3585
2025-07-29,CHF,XAF,sell,708.453
2025-07-29,CNY,XAF,buy,78.8381
2025-07-29,CNY,XAF,sell,79.6429
2025-07-29,DKK,XAF,buy,87.4527
2025-07-29,DKK,XAF,sell,88.3364
2025-07-29,EUR,XAF,buy,655.957
2025-07-29,EUR,XAF,sell,655.957
2025-07-29,GBP,XAF,buy,754.1914
2025-07-29,GBP,XAF,sell,761.8152
2025-07-29,JPY,XAF,buy,3.7517
2025-07-29,JPY,XAF,sell,3.7903
2025-07-29,MAD,XAF,buy,62.2546
2025-07-29,MAD,XAF,sell,62.9031
2025-07-29,SAR,XAF,buy,150.8592
2025-07-29,SAR,XAF,sell,152.3895
2025-07-29,SEK,XAF,buy,58.5272
2025-07-29,SEK,XAF,sell,59.1281
2025-07-29,USD,XAF,buy,559.0701
2025-07-29,USD,XAF,sell,564.2392
2025-07-29,ZAR,XAF,buy,31.515
2025-07-29,ZAR,XAF,sell,31.8514
2025-07-30,AED,XAF,buy,153.7013
2025-07-30,AED,XAF,sell,155.2497
2025-07-30,CAD,XAF,buy,410.0993
2025-07-30,CAD,XAF,sell,414.2522
2025-07-30,CHF,XAF,buy,701.4038
2025-07-30,CHF,XAF,sell,708.5139
2025-07-30,CNY,XAF,buy,78.6604
2025-07-30,CNY,XAF,sell,79.4654
2025-07-30,DKK,XAF,buy,87.4493
2025-07-30,DKK,XAF,sell,88.3317
2025-07-30,EUR,XAF,buy,655.957
2025-07-30,EUR,XAF,sell,655.957
2025-07-30,GBP,XAF,buy,754.3657
2025-07-30,GBP,XAF,sell,761.9913
2025-07-30,JPY,XAF,buy,3.8166
2025-07-30,JPY,XAF,sell,3.8552
2025-07-30,MAD,XAF,buy,62.1118
2025-07-30,MAD,XAF,sell,62.736
2025-07-30,SAR,XAF,buy,150.4766
2025-07-30,SAR,XAF,sell,151.6451
2025-07-30,SEK,XAF,buy,58.4485
2025-07-30,SEK,XAF,sell,59.0497
2025-07-30,USD,XAF,buy,563.9327
2025-07-30,USD,XAF,sell,568.7815
2025-07-30,ZAR,XAF,buy,31.5948
2025-07-30,ZAR,XAF,sell,31.9293
2025-07-31,AED,XAF,buy,155.1076
2025-07-31,AED,XAF,sell,156.6702
2025-07-31,CAD,XAF,buy,412.205
2025-07-31,CAD,XAF,sell,416.3873
2025-07-31,CHF,XAF,buy,701.6978
2025-07-31,CHF,XAF,sell,708.8034
2025-07-31,CNY,XAF,buy,79.1988
2025-07-31,CNY,XAF,sell,80.0161
2025-07-31,DKK,XAF,buy,87.4633
2025-07-31,DKK,XAF,sell,88.3458
2025-07-31,EUR,XAF,buy,655.957
2025-07-31,EUR,XAF,sell,655.957
2025-07-31,GBP,XAF,buy,756.28
2025-07-31,GBP,XAF,sell,763.8896
2025-07-31,JPY,XAF,buy,3.8233
2025-07-31,JPY,XAF,sell,3.8234
2025-07-31,MAD,XAF,buy,62.4595
2025-07-31,MAD,XAF,sell,63.1266
2025-07-31,SAR,XAF,buy,151.8525
2025-07-31,SAR,XAF,sell,153.4001
2025-07-31,SEK,XAF,buy,58.4857
2025-07-31,SEK,XAF,sell,59.0857
2025-07-31,USD,XAF,buy,566.0584
2025-07-31,USD,XAF,sell,570.9327
2025-07-31,ZAR,XAF,buy,31.6926
2025-07-31,ZAR,XAF,sell,32.0289
2025-08-01,AED,XAF,buy,155.5289
2025-08-01,AED,XAF,sell,157.0995
2025-08-01,CAD,XAF,buy,412.0749
2025-08-01,CAD,XAF,sell,416.2637
2025-08-01,CHF,XAF,buy,701.7205
2025-08-01,CHF,XAF,sell,708.8415
2025-08-01,CNY,XAF,buy,79.2353
2025-08-01,CNY,XAF,sell,80.0521
2025-08-01,DKK,XAF,buy,87.455
2025-08-01,DKK,XAF,sell,88.3399
2025-08-01,EUR,XAF,buy,655.957
2025-08-01,EUR,XAF,sell,655.957
2025-08-01,GBP,XAF,buy,753.8952
2025-08-01,GBP,XAF,sell,761.5248
2025-08-01,JPY,XAF,buy,3.7942
2025-08-01,JPY,XAF,sell,3.8328
2025-08-01,MAD,XAF,buy,62.3795
2025-08-01,MAD,XAF,sell,63.0318
2025-08-01,SAR,XAF,buy,152.2705
2025-08-01,SAR,XAF,sell,153.8224
2025-08-01,SEK,XAF,buy,58.3263
2025-08-01,SEK,XAF,sell,58.9273
2025-08-01,USD,XAF,buy,570.8054
2025-08-01,USD,XAF,sell,575.7304
2025-08-01,ZAR,XAF,buy,31.3512
2025-08-01,ZAR,XAF,sell,32.0502
2025-08-05,AED,XAF,buy,153.7846
2025-08-05,AED,XAF,sell,155.3375
2025-08-05,CAD,XAF,buy,409.8547
2025-08-05,CAD,XAF,sell,414.018
2025-08-05,CHF,XAF,buy,698.2222
2025-08-05,CHF,XAF,sell,705.3
2025-08-05,CNY,XAF,buy,78.5988
2025-08-05,CNY,XAF,sell,79.4022
2025-08-05,DKK,XAF,buy,87.4574
2025-08-05,DKK,XAF,sell,88.3399
2025-08-05,EUR,XAF,buy,655.957
2025-08-05,EUR,XAF,sell,655.957
2025-08-05,GBP,XAF,buy,750.3935
2025-08-05,GBP,XAF,sell,757.9874
2025-08-05,JPY,XAF,buy,3.8368
2025-08-05,JPY,XAF,sell,3.8758
2025-08-05,MAD,XAF,buy,62.203
2025-08-05,MAD,XAF,sell,62.8323
2025-08-05,SAR,XAF,buy,150.5322
2025-08-05,SAR,XAF,sell,152.066
2025-08-05,SEK,XAF,buy,58.3487
2025-08-05,SEK,XAF,sell,58.952
2025-08-05,USD,XAF,buy,563.9933
2025-08-05,USD,XAF,sell,568.8456
2025-08-05,ZAR,XAF,buy,31.4366
2025-08-05,ZAR,XAF,sell,31.7711
2025-08-06,AED,XAF,buy,153.5133
2025-08-06,AED,XAF,sell,155.0598
2025-08-06,CAD,XAF,buy,409.4356
2025-08-06,CAD,XAF,sell,413.5842
2025-08-06,CHF,XAF,buy,697.5357
2025-08-06,CHF,XAF,sell,704.5913
2025-08-06,CNY,XAF,buy,78.4157
2025-08-06,CNY,XAF,sell,79.2171
2025-08-06,DKK,XAF,buy,87.4621
2025-08-06,DKK,XAF,sell,88.3435
2025-08-06,EUR,XAF,buy,655.957
2025-08-06,EUR,XAF,sell,655.957
2025-08-06,GBP,XAF,buy,749.6781
2025-08-06,GBP,XAF,sell,757.2473
2025-08-06,JPY,XAF,buy,3.8186
2025-08-06,JPY,XAF,sell,3.8575
2025-08-06,MAD,XAF,buy,62.0174
2025-08-06,MAD,XAF,sell,62.6681
2025-08-06,SAR,XAF,buy,150.2203
2025-08-06,SAR,XAF,sell,151.744
2025-08-06,SEK,XAF,buy,58.3096
2025-08-06,SEK,XAF,sell,58.9078
2025-08-06,USD,XAF,buy,551.0039
2025-08-06,USD,XAF,sell,570.6509
2025-08-06,ZAR,XAF,buy,31.5454
2025-08-06,ZAR,XAF,sell,31.8798
2025-08-07,AED,XAF,buy,152.2031
2025-08-07,AED,XAF,sell,153.7471
2025-08-07,CAD,XAF,buy,407.1674
2025-08-07,CAD,XAF,sell,411.2929
2025-08-07,CHF,XAF,buy,694.2267
2025-08-07,CHF,XAF,sell,701.2412
2025-08-07,CNY,XAF,buy,77.859
2025-08-07,CNY,XAF,sell,78.6614
2025-08-07,DKK,XAF,buy,87.455
2025-08-07,DKK,XAF,sell,88.3376
2025-08-07,EUR,XAF,buy,655.957
2025-08-07,EUR,XAF,sell,655.957
2025-08-07,GBP,XAF,buy,747.5058
2025-08-07,GBP,XAF,sell,755.053
2025-08-07,JPY,XAF,buy,3.8044
2025-08-07,JPY,XAF,sell,3.8548
2025-08-07,MAD,XAF,buy,61.7178
2025-08-07,MAD,XAF,sell,62.3557
2025-08-07,SAR,XAF,buy,148.9349
2025-08-07,SAR,XAF,sell,150.4557
2025-08-07,SEK,XAF,buy,58.2446
2025-08-07,SEK,XAF,sell,58.8415
2025-08-07,USD,XAF,buy,562.738
2025-08-07,USD,XAF,sell,567.5661
2025-08-07,ZAR,XAF,buy,31.5381
2025-08-07,ZAR,XAF,sell,31.8745
2025-08-08,AED,XAF,buy,152.5018
2025-08-08,AED,XAF,sell,154.0453
2025-08-08,CAD,XAF,buy,407.7321
2025-08-08,CAD,XAF,sell,411.866
2025-08-08,CHF,XAF,buy,693.5258
2025-08-08,CHF,XAF,sell,700.5332
2025-08-08,CNY,XAF,buy,77.9726
2025-08-08,CNY,XAF,sell,78.775
2025-08-08,DKK,XAF,buy,87.4387
2025-08-08,DKK,XAF,sell,88.3198
2025-08-08,EUR,XAF,buy,655.957
2025-08-08,EUR,XAF,sell,655.957
2025-08-08,GBP,XAF,buy,752.7474
2025-08-08,GBP,XAF,sell,760.3391
2025-08-08,JPY,XAF,buy,3.8042
2025-08-08,JPY,XAF,sell,3.8426
2025-08-08,MAD,XAF,buy,61.9438
2025-08-08,MAD,XAF,sell,62.5931
2025-08-08,SAR,XAF,buy,149.2208
2025-08-08,SAR,XAF,sell,150.7482
2025-08-08,SEK,XAF,buy,58.4789
2025-08-08,SEK,XAF,sell,59.0783
2025-08-08,USD,XAF,buy,559.9775
2025-08-08,USD,XAF,sell,564.7925
2025-08-08,ZAR,XAF,buy,31.6345
2025-08-08,ZAR,XAF,sell,31.9696
2025-08-13,AED,XAF,buy,151.7748
2025-08-13,AED,XAF,sell,153.3287
2025-08-13,CAD,XAF,buy,405.148
2025-08-13,CAD,XAF,sell,409.2554
2025-08-13,CHF,XAF,buy,692.7236
2025-08-13,CHF,XAF,sell,699.7376
2025-08-13,CNY,XAF,buy,77.6682
2025-08-13,CNY,XAF,sell,78.4629
2025-08-13,DKK,XAF,buy,87.4598
2025-08-13,DKK,XAF,sell,88.3435
2025-08-13,EUR,XAF,buy,655.957
2025-08-13,EUR,XAF,sell,655.957
2025-08-13,GBP,XAF,buy,754.7408
2025-08-13,GBP,XAF,sell,762.3438
2025-08-13,JPY,XAF,buy,3.7773
2025-08-13,JPY,XAF,sell,3.8155
2025-08-13,MAD,XAF,buy,61.6891
2025-08-13,MAD,XAF,sell,62.338
2025-08-13,SAR,XAF,buy,148.4876
2025-08-13,SAR,XAF,sell,149.9868
2025-08-13,SEK,XAF,buy,58.5519
2025-08-13,SEK,XAF,sell,59.153
2025-08-13,USD,XAF,buy,562.4852
2025-08-13,USD,XAF,sell,567.3345
2025-08-13,ZAR,XAF,buy,31.7622
2025-08-13,ZAR,XAF,sell,32.0967
2025-08-14,AED,XAF,buy,152.0223
2025-08-14,AED,XAF,sell,153.5537
2025-08-14,CAD,XAF,buy,405.6264
2025-08-14,CAD,XAF,sell,409.7387
2025-08-14,CHF,XAF,buy,692.3708
2025-08-14,CHF,XAF,sell,699.3813
2025-08-14,CNY,XAF,buy,77.8433
2025-08-14,CNY,XAF,sell,78.6387
2025-08-14,DKK,XAF,buy,87.4515
2025-08-14,DKK,XAF,sell,88.334
2025-08-14,EUR,XAF,buy,655.957
2025-08-14,EUR,XAF,sell,655.957
2025-08-14,GBP,XAF,buy,758.7064
2025-08-14,GBP,XAF,sell,761.8161
2025-08-14,JPY,XAF,buy,3.8146
2025-08-14,JPY,XAF,sell,3.8534
2025-08-14,MAD,XAF,buy,62.028
2025-08-14,MAD,XAF,sell,62.6591
2025-08-14,SAR,XAF,buy,148.7854
2025-08-14,SAR,XAF,sell,150.3014
2025-08-14,SEK,XAF,buy,58.3858
2025-08-14,SEK,XAF,sell,58.9848
2025-08-14,USD,XAF,buy,557.0754
2025-08-14,USD,XAF,sell,561.8668
2025-08-14,ZAR,XAF,buy,31.7915
2025-08-14,ZAR,XAF,sell,32.1296
2025-08-15,AED,XAF,buy,152.2031
2025-08-15,AED,XAF,sell,153.7615
2025-08-15,CAD,XAF,buy,405.2336
2025-08-15,CAD,XAF,sell,409.3469
2025-08-15,CHF,XAF,buy,693.5407
2025-08-15,CHF,XAF,sell,700.5704
2025-08-15,CNY,XAF,buy,77.809
2025-08-15,CNY,XAF,sell,78.6144
2025-08-15,DKK,XAF,buy,87.4493
2025-08-15,DKK,XAF,sell,88.3329
2025-08-15,EUR,XAF,buy,655.957
2025-08-15,EUR,XAF,sell,655.957
2025-08-15,GBP,XAF,buy,757.6935
2025-08-15,GBP,XAF,sell,760.7302
2025-08-15,JPY,XAF,buy,3.8004
2025-08-15,JPY,XAF,sell,3.839
2025-08-15,MAD,XAF,buy,61.9638
2025-08-15,MAD,XAF,sell,62.6145
2025-08-15,SAR,XAF,buy,148.9519
2025-08-15,SAR,XAF,sell,150.4763
2025-08-15,SEK,XAF,buy,58.4485
2025-08-15,SEK,XAF,sell,59.0492
2025-08-15,USD,XAF,buy,558.2932
2025-08-15,USD,XAF,sell,563.0999
2025-08-15,ZAR,XAF,buy,31.8304
2025-08-15,ZAR,XAF,sell,32.1699
2025-08-19,AED,XAF,buy,152.2137
2025-08-19,AED,XAF,sell,153.7542
2025-08-19,CAD,XAF,buy,404.952
2025-08-19,CAD,XAF,sell,409.0523
2025-08-19,CHF,XAF,buy,693.5922
2025-08-19,CHF,XAF,sell,700.6151
2025-08-19,CNY,XAF,buy,77.8303
2025-08-19,CNY,XAF,sell,78.6341
2025-08-19,DKK,XAF,buy,87.4351
2025-08-19,DKK,XAF,sell,88.3175
2025-08-19,EUR,XAF,buy,655.957
2025-08-19,EUR,XAF,sell,655.957
2025-08-19,GBP,XAF,buy,755.7371
2025-08-19,GBP,XAF,sell,763.3589
2025-08-19,JPY,XAF,buy,3.7863
2025-08-19,JPY,XAF,sell,3.8245
2025-08-19,MAD,XAF,buy,61.9832
2025-08-19,MAD,XAF,sell,62.6151
2025-08-19,SAR,XAF,buy,148.9688
2025-08-19,SAR,XAF,sell,150.4763
2025-08-19,SEK,XAF,buy,58.6002
2025-08-19,SEK,XAF,sell,59.2008
2025-08-19,USD,XAF,buy,558.6062
2025-08-19,USD,XAF,sell,561.4628
2025-08-19,ZAR,XAF,buy,31.7031
2025-08-19,ZAR,XAF,sell,32.0391
2025-08-20,AED,XAF,buy,152.6837
2025-08-20,AED,XAF,sell,154.2327
2025-08-20,CAD,XAF,buy,404.2547
2025-08-20,CAD,XAF,sell,408.3479
2025-08-20,CHF,XAF,buy,693.7249
2025-08-20,CHF,XAF,sell,700.7492
2025-08-20,CNY,XAF,buy,78.0826
2025-08-20,CNY,XAF,sell,78.8815
2025-08-20,DKK,XAF,buy,87.4328
2025-08-20,DKK,XAF,sell,88.3151
2025-08-20,EUR,XAF,buy,655.957
2025-08-20,EUR,XAF,sell,655.957
2025-08-20,GBP,XAF,buy,756.5517
2025-08-20,GBP,XAF,sell,764.1731
2025-08-20,JPY,XAF,buy,3.8051
2025-08-20,JPY,XAF,sell,3.8435
2025-08-20,MAD,XAF,buy,62.1461
2025-08-20,MAD,XAF,sell,62.7964
2025-08-20,SAR,XAF,buy,149.3814
2025-08-20,SAR,XAF,sell,150.9035
2025-08-20,SEK,XAF,buy,58.3023
2025-08-20,SEK,XAF,sell,58.9009
2025-08-20,USD,XAF,buy,558.3232
2025-08-20,USD,XAF,sell,563.1301
2025-08-20,ZAR,XAF,buy,31.6897
2025-08-20,ZAR,XAF,sell,32.138
2025-08-21,AED,XAF,buy,152.7445
2025-08-21,AED,XAF,sell,154.294
2025-08-21,CAD,XAF,buy,403.8694
2025-08-21,CAD,XAF,sell,408.0623
2025-08-21,CHF,XAF,buy,695.8476
2025-08-21,CHF,XAF,sell,703.0584
2025-08-21,CNY,XAF,buy,78.1462
2025-08-21,CNY,XAF,sell,78.9552
2025-08-21,DKK,XAF,buy,87.4434
2025-08-21,DKK,XAF,sell,88.3305
2025-08-21,EUR,XAF,buy,655.957
2025-08-21,EUR,XAF,sell,655.957
2025-08-21,GBP,XAF,buy,753.8864
2025-08-21,GBP,XAF,sell,761.6567
2025-08-21,JPY,XAF,buy,3.7988
2025-08-21,JPY,XAF,sell,3.8384
2025-08-21,MAD,XAF,buy,62.028
2025-08-21,MAD,XAF,sell,62.6842
2025-08-21,SAR,XAF,buy,149.4567
2025-08-21,SAR,XAF,sell,150.983
2025-08-21,SEK,XAF,buy,58.3837
2025-08-21,SEK,XAF,sell,58.9989
2025-08-21,USD,XAF,buy,560.3894
2025-08-21,USD,XAF,sell,565.2116
2025-08-21,ZAR,XAF,buy,31.5582
2025-08-21,ZAR,XAF,sell,32.1339
2025-08-22,AED,XAF,buy,153.2214
2025-08-22,AED,XAF,sell,154.765
2025-08-22,CAD,XAF,buy,404.4626
2025-08-22,CAD,XAF,sell,408.563
2025-08-22,CHF,XAF,buy,695.3583
2025-08-22,CHF,XAF,sell,702.3842
2025-08-22,CNY,XAF,buy,78.3743
2025-08-22,CNY,XAF,sell,79.1837
2025-08-22,DKK,XAF,buy,87.4363
2025-08-22,DKK,XAF,sell,88.3175
2025-08-22,EUR,XAF,buy,655.957
2025-08-22,EUR,XAF,sell,655.957
2025-08-22,GBP,XAF,buy,754.5576
2025-08-22,GBP,XAF,sell,762.1763
2025-08-22,JPY,XAF,buy,3.7901
2025-08-22,JPY,XAF,sell,3.8283
2025-08-22,MAD,XAF,buy,62.2855
2025-08-22,MAD,XAF,sell,62.9517
2025-08-22,SAR,XAF,buy,149.9614
2025-08-22,SAR,XAF,sell,151.486
2025-08-22,SEK,XAF,buy,58.4083
2025-08-22,SEK,XAF,sell,59.0074
2025-08-22,USD,XAF,buy,560.8298
2025-08-22,USD,XAF,sell,565.6542
2025-08-22,ZAR,XAF,buy,31.7802
2025-08-22,ZAR,XAF,sell,32.1208
2025-08-25,AED,XAF,buy,151.7007
2025-08-25,AED,XAF,sell,153.2361
2025-08-25,CAD,XAF,buy,402.8226
2025-08-25,CAD,XAF,sell,406.9086
2025-08-25,CHF,XAF,buy,694.5296
2025-08-25,CHF,XAF,sell,701.5545
2025-08-25,CNY,XAF,buy,77.8898
2025-08-25,CNY,XAF,sell,78.696
2025-08-25,DKK,XAF,buy,87.4375
2025-08-25,DKK,XAF,sell,88.321
2025-08-25,EUR,XAF,buy,655.957
2025-08-25,EUR,XAF,sell,655.957
2025-08-25,GBP,XAF,buy,752.7822
2025-08-25,GBP,XAF,sell,760.3654
2025-08-25,JPY,XAF,buy,3.7845
2025-08-25,JPY,XAF,sell,3.823
2025-08-25,MAD,XAF,buy,61.9274
2025-08-25,MAD,XAF,sell,62.5819
2025-08-25,SAR,XAF,buy,148.4944
2025-08-25,SAR,XAF,sell,149.997
2025-08-25,SEK,XAF,buy,58.545
2025-08-25,SEK,XAF,sell,59.1451
2025-08-25,USD,XAF,buy,562.8983
2025-08-25,USD,XAF,sell,567.7401
2025-08-25,ZAR,XAF,buy,31.8388
2025-08-25,ZAR,XAF,sell,32.0451
2025-08-26,AED,XAF,buy,153.0525
2025-08-26,AED,XAF,sell,154.598
2025-08-26,CAD,XAF,buy,405.5331
2025-08-26,CAD,XAF,sell,409.6445
2025-08-26,CHF,XAF,buy,696.6795
2025-08-26,CHF,XAF,sell,703.7263
2025-08-26,CNY,XAF,buy,78.5053
2025-08-26,CNY,XAF,sell,79.3143
2025-08-26,DKK,XAF,buy,87.4387
2025-08-26,DKK,XAF,sell,88.321
2025-08-26,EUR,XAF,buy,655.957
2025-08-26,EUR,XAF,sell,655.957
2025-08-26,GBP,XAF,buy,755.7109
2025-08-26,GBP,XAF,sell,763.3412
2025-08-26,JPY,XAF,buy,3.8024
2025-08-26,JPY,XAF,sell,3.841
2025-08-26,MAD,XAF,buy,62.1822
2025-08-26,MAD,XAF,sell,62.8102
2025-08-26,SAR,XAF,buy,149.81
2025-08-26,SAR,XAF,sell,151.3364
2025-08-26,SEK,XAF,buy,58.5376
2025-08-26,SEK,XAF,sell,59.1376
2025-08-26,USD,XAF,buy,558.4771
2025-08-26,USD,XAF,sell,563.2838
2025-08-26,ZAR,XAF,buy,31.8002
2025-08-26,ZAR,XAF,sell,32.1417
2025-08-29,AED,XAF,buy,152.2669
2025-08-29,AED,XAF,sell,153.8009
2025-08-29,CAD,XAF,buy,406.7082
2025-08-29,CAD,XAF,sell,410.8239
2025-08-29,CHF,XAF,buy,697.5357
2025-08-29,CHF,XAF,sell,704.6139
2025-08-29,CNY,XAF,buy,78.3959
2025-08-29,CNY,XAF,sell,79.1952
2025-08-29,DKK,XAF,buy,87.4328
2025-08-29,DKK,XAF,sell,88.3175
2025-08-29,EUR,XAF,buy,655.957
2025-08-29,EUR,XAF,sell,655.957
2025-08-29,GBP,XAF,buy,754.6361
2025-08-29,GBP,XAF,sell,762.2292
2025-08-29,JPY,XAF,buy,3.801
2025-08-29,JPY,XAF,sell,3.8395
2025-08-29,MAD,XAF,buy,62.0209
2025-08-29,MAD,XAF,sell,62.6705
2025-08-29,SAR,XAF,buy,149.0437
2025-08-29,SAR,XAF,sell,150.5588
2025-08-29,SEK,XAF,buy,58.9698
2025-08-29,SEK,XAF,sell,59.5737
2025-08-29,USD,XAF,buy,559.3291
2025-08-29,USD,XAF,sell,564.1391
2025-08-29,ZAR,XAF,buy,31.5302
2025-08-29,ZAR,XAF,sell,31.8649
2025-09-01,AED,XAF,buy,151.6408
2025-09-01,AED,XAF,sell,153.1684
2025-09-01,CAD,XAF,buy,404.9922
2025-09-01,CAD,XAF,sell,409.1107
2025-09-01,CHF,XAF,buy,696.3524
2025-09-01,CHF,XAF,sell,703.4185
2025-09-01,CNY,XAF,buy,78.0798
2025-09-01,CNY,XAF,sell,78.8768
2025-09-01,DKK,XAF,buy,87.4328
2025-09-01,DKK,XAF,sell,88.3163
2025-09-01,EUR,XAF,buy,655.957
2025-09-01,EUR,XAF,sell,655.957
2025-09-01,GBP,XAF,buy,753.1296
2025-09-01,GBP,XAF,sell,760.7427
2025-09-01,JPY,XAF,buy,3.7865
2025-09-01,JPY,XAF,sell,3.8247
2025-09-01,MAD,XAF,buy,61.7451
2025-09-01,MAD,XAF,sell,62.4059
2025-09-01,SAR,XAF,buy,148.3964
2025-09-01,SAR,XAF,sell,149.9151
2025-09-01,SEK,XAF,buy,58.9336
2025-09-01,SEK,XAF,sell,59.5409
2025-09-01,USD,XAF,buy,559.3081
2025-09-01,USD,XAF,sell,564.1087
2025-09-01,ZAR,XAF,buy,31.6206
2025-09-01,ZAR,XAF,sell,31.9577
2025-09-03,AED,XAF,buy,152.7695
2025-09-03,AED,XAF,sell,154.323
2025-09-03,CAD,XAF,buy,406.7969
2025-09-03,CAD,XAF,sell,410.934
2025-09-03,CHF,XAF,buy,696.6052
2025-09-03,CHF,XAF,sell,703.6662
2025-09-03,CNY,XAF,buy,78.5091
2025-09-03,CNY,XAF,sell,79.3134
2025-09-03,DKK,XAF,buy,87.4562
2025-09-03,DKK,XAF,sell,88.3388
2025-09-03,EUR,XAF,buy,655.957
2025-09-03,EUR,XAF,sell,655.957
2025-09-03,GBP,XAF,buy,749.9623
2025-09-03,GBP,XAF,sell,757.5258
2025-09-03,JPY,XAF,buy,3.7722
2025-09-03,JPY,XAF,sell,3.8104
2025-09-03,MAD,XAF,buy,61.9027
2025-09-03,MAD,XAF,sell,62.5474
2025-09-03,SAR,XAF,buy,149.5149
2025-09-03,SAR,XAF,sell,151.0487
2025-09-03,SEK,XAF,buy,59.3607
2025-09-03,SEK,XAF,sell,59.9699
2025-09-03,USD,XAF,buy,561.5426
2025-09-03,USD,XAF,sell,566.3732
2025-09-03,ZAR,XAF,buy,31.6337
2025-09-03,ZAR,XAF,sell,31.9706
2025-09-04,AED,XAF,buy,152.4839
2025-09-04,AED,XAF,sell,154.0237
2025-09-04,CAD,XAF,buy,405.5483
2025-09-04,CAD,XAF,sell,409.6598
2025-09-04,CHF,XAF,buy,695.9737
2025-09-04,CHF,XAF,sell,702.8114
2025-09-04,CNY,XAF,buy,78.4289
2025-09-04,CNY,XAF,sell,79.2237
2025-09-04,DKK,XAF,buy,87.4398
2025-09-04,DKK,XAF,sell,88.3222
2025-09-04,EUR,XAF,buy,655.957
2025-09-04,EUR,XAF,sell,655.957
2025-09-04,GBP,XAF,buy,752.2963
2025-09-04,GBP,XAF,sell,759.9008
2025-09-04,JPY,XAF,buy,3.7786
2025-09-04,JPY,XAF,sell,3.817
2025-09-04,MAD,XAF,buy,61.6309
2025-09-04,MAD,XAF,sell,62.272
2025-09-04,SAR,XAF,buy,149.2618
2025-09-04,SAR,XAF,sell,150.7827
2025-09-04,SEK,XAF,buy,59.317
2025-09-04,SEK,XAF,sell,59.9251
2025-09-04,USD,XAF,buy,559.9337
2025-09-04,USD,XAF,sell,564.7389
2025-09-04,ZAR,XAF,buy,31.5854
2025-09-04,ZAR,XAF,sell,31.9198
2025-09-05,AED,XAF,buy,152.2635
2025-09-05,AED,XAF,sell,153.8045
2025-09-05,CAD,XAF,buy,405.2637
2025-09-05,CAD,XAF,sell,409.3698
2025-09-05,CHF,XAF,buy,695.3583
2025-09-05,CHF,XAF,sell,702.3917
2025-09-05,CNY,XAF,buy,78.3517
2025-09-05,CNY,XAF,sell,79.1543
2025-09-05,DKK,XAF,buy,87.4305
2025-09-05,DKK,XAF,sell,88.3128
2025-09-05,EUR,XAF,buy,655.957
2025-09-05,EUR,XAF,sell,655.957
2025-09-05,GBP,XAF,buy,752.3136
2025-09-05,GBP,XAF,sell,759.9008
2025-09-05,JPY,XAF,buy,3.7722
2025-09-05,JPY,XAF,sell,3.8104
2025-09-05,MAD,XAF,buy,61.5222
2025-09-05,MAD,XAF,sell,62.1575
2025-09-05,SAR,XAF,buy,149.0403
2025-09-05,SAR,XAF,sell,150.5623
2025-09-05,SEK,XAF,buy,59.2239
2025-09-05,SEK,XAF,sell,59.8317
2025-09-05,USD,XAF,buy,560.5346
2025-09-05,USD,XAF,sell,565.3626
2025-09-05,ZAR,XAF,buy,31.5803
2025-09-05,ZAR,XAF,sell,31.9118
2025-09-08,AED,XAF,buy,151.5352
2025-09-08,AED,XAF,sell,153.0582
2025-09-08,CAD,XAF,buy,402.733
2025-09-08,CAD,XAF,sell,406.8107
2025-09-08,CHF,XAF,buy,698.6483
2025-09-08,CHF,XAF,sell,705.7228
2025-09-08,CNY,XAF,buy,78.0248
2025-09-08,CNY,XAF,sell,78.8278
2025-09-08,DKK,XAF,buy,87.4152
2025-09-08,DKK,XAF,sell,88.2974
2025-09-08,EUR,XAF,buy,655.957
2025-09-08,EUR,XAF,sell,655.957
2025-09-08,GBP,XAF,buy,752.3309
2025-09-08,GBP,XAF,sell,759.9184
2025-09-08,JPY,XAF,buy,3.7677
2025-09-08,JPY,XAF,sell,3.8057
2025-09-08,MAD,XAF,buy,61.4777
2025-09-08,MAD,XAF,sell,62.1277
2025-09-08,SAR,XAF,buy,148.329
2025-09-08,SAR,XAF,sell,149.8436
2025-09-08,SEK,XAF,buy,59.3737
2025-09-08,SEK,XAF,sell,59.9824
2025-09-08,USD,XAF,buy,558.8532
2025-09-08,USD,XAF,sell,563.6709
2025-09-08,ZAR,XAF,buy,31.7508
2025-09-08,ZAR,XAF,sell,32.087
2025-09-09,AED,XAF,buy,151.0337
2025-09-09,AED,XAF,sell,152.5517
2025-09-09,CAD,XAF,buy,401.8998
2025-09-09,CAD,XAF,sell,405.9765
2025-09-09,CHF,XAF,buy,700.5906
2025-09-09,CHF,XAF,sell,707.6925
2025-09-09,CNY,XAF,buy,77.8395
2025-09-09,CNY,XAF,sell,78.6359
2025-09-09,DKK,XAF,buy,87.4012
2025-09-09,DKK,XAF,sell,88.2831
2025-09-09,EUR,XAF,buy,655.957
2025-09-09,EUR,XAF,sell,655.957
2025-09-09,GBP,XAF,buy,752.8604
2025-09-09,GBP,XAF,sell,760.453
2025-09-09,JPY,XAF,buy,3.7731
2025-09-09,JPY,XAF,sell,3.8113
2025-09-09,MAD,XAF,buy,61.5948
2025-09-09,MAD,XAF,sell,62.2433
2025-09-09,SAR,XAF,buy,147.8452
2025-09-09,SAR,XAF,sell,149.3548
2025-09-09,SEK,XAF,buy,59.3326
2025-09-09,SEK,XAF,sell,59.9404
2025-09-09,USD,XAF,buy,556.3222
2025-09-09,USD,XAF,sell,561.9554
2025-09-09,ZAR,XAF,buy,31.7264
2025-09-09,ZAR,XAF,sell,32.0617
2025-09-10,AED,XAF,buy,151.909
2025-09-10,AED,XAF,sell,153.4358
2025-09-10,CAD,XAF,buy,402.738
2025-09-10,CAD,XAF,sell,406.8183
2025-09-10,CHF,XAF,buy,699.322
2025-09-10,CHF,XAF,sell,706.4185
2025-09-10,CNY,XAF,buy,78.3366
2025-09-10,CNY,XAF,sell,79.1468
2025-09-10,DKK,XAF,buy,87.4199
2025-09-10,DKK,XAF,sell,88.3009
2025-09-10,EUR,XAF,buy,655.957
2025-09-10,EUR,XAF,sell,655.957
2025-09-10,GBP,XAF,buy,754.7582
2025-09-10,GBP,XAF,sell,762.379
2025-09-10,JPY,XAF,buy,3.7834
2025-09-10,JPY,XAF,sell,3.8216
2025-09-10,MAD,XAF,buy,61.7081
2025-09-10,MAD,XAF,sell,62.4674
2025-09-10,SAR,XAF,buy,148.6601
2025-09-10,SAR,XAF,sell,150.1815
2025-09-10,SEK,XAF,buy,59.4553
2025-09-10,SEK,XAF,sell,60.0655
2025-09-10,USD,XAF,buy,555.8826
2025-09-10,USD,XAF,sell,560.656
2025-09-10,ZAR,XAF,buy,31.792
2025-09-10,ZAR,XAF,sell,32.1284
2025-09-12,AED,XAF,buy,151.3103
2025-09-12,AED,XAF,sell,152.8487
2025-09-12,CAD,XAF,buy,401.6796
2025-09-12,CAD,XAF,sell,405.7541
2025-09-12,CHF,XAF,buy,698.3268
2025-09-12,CHF,XAF,sell,705.3905
2025-09-12,CNY,XAF,buy,78.0443
2025-09-12,CNY,XAF,sell,78.8429
2025-09-12,DKK,XAF,buy,87.4351
2025-09-12,DKK,XAF,sell,88.3175
2025-09-12,EUR,XAF,buy,655.957
2025-09-12,EUR,XAF,sell,655.957
2025-09-12,GBP,XAF,buy,754.0432
2025-09-12,GBP,XAF,sell,761.6567
2025-09-12,JPY,XAF,buy,3.7716
2025-09-12,JPY,XAF,sell,3.8098
2025-09-12,MAD,XAF,buy,61.7487
2025-09-12,MAD,XAF,sell,62.3911
2025-09-12,SAR,XAF,buy,148.1471
2025-09-12,SAR,XAF,sell,149.6429
2025-09-12,SEK,XAF,buy,59.6832
2025-09-12,SEK,XAF,sell,60.2957
2025-09-12,USD,XAF,buy,557.8053
2025-09-12,USD,XAF,sell,562.608
2025-09-12,ZAR,XAF,buy,31.9977
2025-09-12,ZAR,XAF,sell,32.3346
2025-09-15,AED,XAF,buy,151.4473
2025-09-15,AED,XAF,sell,152.973
2025-09-15,CAD,XAF,buy,402.0508
2025-09-15,CAD,XAF,sell,406.129
2025-09-15,CHF,XAF,buy,698.2521
2025-09-15,CHF,XAF,sell,705.2924
2025-09-15,CNY,XAF,buy,78.0789
2025-09-15,CNY,XAF,sell,78.8777
2025-09-15,DKK,XAF,buy,87.4398
2025-09-15,DKK,XAF,sell,88.3222
2025-09-15,EUR,XAF,buy,655.957
2025-09-15,EUR,XAF,sell,655.957
2025-09-15,GBP,XAF,buy,755.1599
2025-09-15,GBP,XAF,sell,762.776
2025-09-15,JPY,XAF,buy,3.7713
2025-09-15,JPY,XAF,sell,3.8096
2025-09-15,MAD,XAF,buy,61.7037
2025-09-15,MAD,XAF,sell,62.3598
2025-09-15,SAR,XAF,buy,148.2616
2025-09-15,SAR,XAF,sell,149.7653
2025-09-15,SEK,XAF,buy,59.6782
2025-09-15,SEK,XAF,sell,60.2908
2025-09-15,USD,XAF,buy,556.5176
2025-09-15,USD,XAF,sell,561.3008
2025-09-15,ZAR,XAF,buy,32.0078
2025-09-15,ZAR,XAF,sell,32.3482
2025-09-23,AED,XAF,buy,150.7407
2025-09-23,AED,XAF,sell,152.2557
2025-09-23,CAD,XAF,buy,400.3148
2025-09-23,CAD,XAF,sell,404.4348
2025-09-23,CHF,XAF,buy,698.2446
2025-09-23,CHF,XAF,sell,705.5264
2025-09-23,CNY,XAF,buy,77.8201
2025-09-23,CNY,XAF,sell,78.6238
2025-09-23,DKK,XAF,buy,87.4445
2025-09-23,DKK,XAF,sell,88.3281
2025-09-23,EUR,XAF,buy,655.957
2025-09-23,EUR,XAF,sell,655.957
2025-09-23,GBP,XAF,buy,748.1999
2025-09-23,GBP,XAF,sell,755.8668
2025-09-23,JPY,XAF,buy,3.747
2025-09-23,JPY,XAF,sell,3.7865
2025-09-23,MAD,XAF,buy,61.339
2025-09-23,MAD,XAF,sell,61.9834
2025-09-23,SAR,XAF,buy,147.591
2025-09-23,SAR,XAF,sell,149.0947
2025-09-23,SEK,XAF,buy,59.0258
2025-09-23,SEK,XAF,sell,59.6794
2025-09-23,USD,XAF,buy,554.1269
2025-09-23,USD,XAF,sell,558.8866
2025-09-23,ZAR,XAF,buy,31.879
2025-09-23,ZAR,XAF,sell,32.404
2025-10-01,AED,XAF,buy,150.8801
2025-10-01,AED,XAF,sell,152.4
2025-10-01,CAD,XAF,buy,398.3577
2025-10-01,CAD,XAF,sell,402.4055
2025-10-01,CHF,XAF,buy,698.723
2025-10-01,CHF,XAF,sell,705.8134
2025-10-01,CNY,XAF,buy,77.7663
2025-10-01,CNY,XAF,sell,78.5788
2025-10-01,DKK,XAF,buy,87.4305
2025-10-01,DKK,XAF,sell,88.3139
2025-10-01,EUR,XAF,buy,655.957
2025-10-01,EUR,XAF,sell,655.957
2025-10-01,GBP,XAF,buy,746.7788
2025-10-01,GBP,XAF,sell,754.3618
2025-10-01,JPY,XAF,buy,3.7686
2025-10-01,JPY,XAF,sell,3.8068
2025-10-01,MAD,XAF,buy,61.0544
2025-10-01,MAD,XAF,sell,61.6933
2025-10-01,SAR,XAF,buy,147.7247
2025-10-01,SAR,XAF,sell,149.2229
2025-10-01,SEK,XAF,buy,59.1022
2025-10-01,SEK,XAF,sell,59.7103
2025-10-01,USD,XAF,buy,555.8607
2025-10-01,USD,XAF,sell,560.6401
2025-10-01,ZAR,XAF,buy,32.1522
2025-10-01,ZAR,XAF,sell,32.4981
2025-10-03,AED,XAF,buy,151.5774
2025-10-03,AED,XAF,sell,153.1079
2025-10-03,CAD,XAF,buy,398.7105
2025-10-03,CAD,XAF,sell,402.7595
2025-10-03,CHF,XAF,buy,697.8042
2025-10-03,CHF,XAF,sell,703.1652
2025-10-03,CNY,XAF,buy,78.1649
2025-10-03,CNY,XAF,sell,78.9581
2025-10-03,DKK,XAF,buy,87.414
2025-10-03,DKK,XAF,sell,88.2962
2025-10-03,EUR,XAF,buy,655.957
2025-10-03,EUR,XAF,sell,655.957
2025-10-03,GBP,XAF,buy,748.2686
2025-10-03,GBP,XAF,sell,755.8322
2025-10-03,JPY,XAF,buy,3.7708
2025-10-03,JPY,XAF,sell,3.8091
2025-10-03,MAD,XAF,buy,61.0452
2025-10-03,MAD,XAF,sell,61.6887
2025-10-03,SAR,XAF,buy,148.447
2025-10-03,SAR,XAF,sell,149.9629
2025-10-03,SEK,XAF,buy,59.1949
2025-10-03,SEK,XAF,sell,59.8061
2025-10-03,USD,XAF,buy,556.3239
2025-10-03,USD,XAF,sell,561.1068
2025-10-03,ZAR,XAF,buy,32.2111
2025-10-03,ZAR,XAF,sell,32.5541
2025-10-06,AED,XAF,buy,151.8313
2025-10-06,AED,XAF,sell,153.3573
2025-10-06,CAD,XAF,buy,399.8195
2025-10-06,CAD,XAF,sell,403.8699
2025-10-06,CHF,XAF,buy,699.1048
2025-10-06,CHF,XAF,sell,706.1839
2025-10-06,CNY,XAF,buy,78.6254
2025-10-06,CNY,XAF,sell,79.4625
2025-10-06,DKK,XAF,buy,87.4164
2025-10-06,DKK,XAF,sell,88.2985
2025-10-06,EUR,XAF,buy,655.957
2025-10-06,EUR,XAF,sell,655.957
2025-10-06,GBP,XAF,buy,750.1951
2025-10-06,GBP,XAF,sell,757.7521
2025-10-06,JPY,XAF,buy,3.7155
2025-10-06,JPY,XAF,sell,3.7532
2025-10-06,MAD,XAF,buy,61.1848
2025-10-06,MAD,XAF,sell,61.8299
2025-10-06,SAR,XAF,buy,148.6871
2025-10-06,SAR,XAF,sell,150.1952
2025-10-06,SEK,XAF,buy,59.3996
2025-10-06,SEK,XAF,sell,60.0125
2025-10-06,USD,XAF,buy,556.0678
2025-10-06,USD,XAF,sell,560.8443
2025-10-06,ZAR,XAF,buy,32.3141
2025-10-06,ZAR,XAF,sell,32.6569
2025-10-07,AED,XAF,buy,152.1251
2025-10-07,AED,XAF,sell,153.6539
2025-10-07,CAD,XAF,buy,400.219
2025-10-07,CAD,XAF,sell,404.2711
2025-10-07,CHF,XAF,buy,700.9669
2025-10-07,CHF,XAF,sell,708.0574
2025-10-07,CNY,XAF,buy,78.4562
2025-10-07,CNY,XAF,sell,79.2514
2025-10-07,DKK,XAF,buy,87.4235
2025-10-07,DKK,XAF,sell,88.3044
2025-10-07,EUR,XAF,buy,655.957
2025-10-07,EUR,XAF,sell,655.957
2025-10-07,GBP,XAF,buy,750.6351
2025-10-07,GBP,XAF,sell,758.2228
2025-10-07,JPY,XAF,buy,3.7093
2025-10-07,JPY,XAF,sell,3.7467
2025-10-07,MAD,XAF,buy,61.2319
2025-10-07,MAD,XAF,sell,61.8769
2025-10-07,SAR,XAF,buy,148.9654
2025-10-07,SAR,XAF,sell,150.4695
2025-10-07,SEK,XAF,buy,59.4949
2025-10-07,SEK,XAF,sell,60.1038
2025-10-07,USD,XAF,buy,558.7606
2025-10-07,USD,XAF,sell,563.8072
2025-10-07,ZAR,XAF,buy,32.4316
2025-10-07,ZAR,XAF,sell,32.777
2025-10-08,AED,XAF,buy,152.9843
2025-10-08,AED,XAF,sell,154.5291
2025-10-08,CAD,XAF,buy,402.435
2025-10-08,CAD,XAF,sell,406.5122
2025-10-08,CHF,XAF,buy,701.1626
2025-10-08,CHF,XAF,sell,708.2552
2025-10-08,CNY,XAF,buy,78.9001
2025-10-08,CNY,XAF,sell,79.6998
2025-10-08,DKK,XAF,buy,87.4188
2025-10-08,DKK,XAF,sell,88.3009
2025-10-08,EUR,XAF,buy,655.957
2025-10-08,EUR,XAF,sell,655.957
2025-10-08,GBP,XAF,buy,752.9993
2025-10-08,GBP,XAF,sell,760.611
2025-10-08,JPY,XAF,buy,3.6858
2025-10-08,JPY,XAF,sell,3.723
2025-10-08,MAD,XAF,buy,61.4377
2025-10-08,MAD,XAF,sell,62.0867
2025-10-08,SAR,XAF,buy,149.7516
2025-10-08,SAR,XAF,sell,151.2774
2025-10-08,SEK,XAF,buy,59.4885
2025-10-08,SEK,XAF,sell,60.1027
2025-10-08,USD,XAF,buy,559.666
2025-10-08,USD,XAF,sell,564.4764
2025-10-08,ZAR,XAF,buy,32.5988
2025-10-08,ZAR,XAF,sell,32.9449
2025-10-10,AED,XAF,buy,153.517
2025-10-10,AED,XAF,sell,155.0671
2025-10-10,CAD,XAF,buy,402.0236
2025-10-10,CAD,XAF,sell,406.1015
2025-10-10,CHF,XAF,buy,700.1998
2025-10-10,CHF,XAF,sell,707.2825
2025-10-10,CNY,XAF,buy,79.1124
2025-10-10,CNY,XAF,sell,79.923
2025-10-10,DKK,XAF,buy,87.4071
2025-10-10,DKK,XAF,sell,88.289
2025-10-10,EUR,XAF,buy,655.957
2025-10-10,EUR,XAF,sell,655.957
2025-10-10,GBP,XAF,buy,749.351
2025-10-10,GBP,XAF,sell,756.8996
2025-10-10,JPY,XAF,buy,3.692
2025-10-10,JPY,XAF,sell,3.7294
2025-10-10,MAD,XAF,buy,61.5606
2025-10-10,MAD,XAF,sell,62.2057
2025-10-10,SAR,XAF,buy,150.3171
2025-10-10,SAR,XAF,sell,151.8489
2025-10-10,SEK,XAF,buy,59.1885
2025-10-10,SEK,XAF,sell,59.7947
2025-10-10,USD,XAF,buy,561.9396
2025-10-10,USD,XAF,sell,566.7697
2025-10-10,ZAR,XAF,buy,32.6808
2025-10-10,ZAR,XAF,sell,33.1221
2025-10-13,AED,XAF,buy,153.1531
2025-10-13,AED,XAF,sell,154.6959
2025-10-13,CAD,XAF,buy,401.7044
2025-10-13,CAD,XAF,sell,405.7766
2025-10-13,CHF,XAF,buy,701.2832
2025-10-13,CHF,XAF,sell,708.3769
2025-10-13,CNY,XAF,buy,78.8525
2025-10-13,CNY,XAF,sell,79.668
2025-10-13,DKK,XAF,buy,87.3953
2025-10-13,DKK,XAF,sell,88.2773
2025-10-13,EUR,XAF,buy,655.957
2025-10-13,EUR,XAF,sell,655.957
2025-10-13,GBP,XAF,buy,749.9537
2025-10-13,GBP,XAF,sell,757.517
2025-10-13,JPY,XAF,buy,3.6945
2025-10-13,JPY,XAF,sell,3.7319
2025-10-13,MAD,XAF,buy,61.4614
2025-10-13,MAD,XAF,sell,62.113
2025-10-13,SAR,XAF,buy,149.9684
2025-10-13,SAR,XAF,sell,151.4895
2025-10-13,SEK,XAF,buy,59.0503
2025-10-13,SEK,XAF,sell,59.6557
2025-10-13,USD,XAF,buy,564.0291
2025-10-13,USD,XAF,sell,568.8751
2025-10-13,ZAR,XAF,buy,32.4623
2025-10-13,ZAR,XAF,sell,32.8053
2025-10-14,AED,XAF,buy,153.6326
2025-10-14,AED,XAF,sell,155.184
2025-10-14,CAD,XAF,buy,401.5462
2025-10-14,CAD,XAF,sell,405.6143
2025-10-14,CHF,XAF,buy,702.3321
2025-10-14,CHF,XAF,sell,709.4365
2025-10-14,CNY,XAF,buy,79.0386
2025-10-14,CNY,XAF,sell,79.8562
2025-10-14,DKK,XAF,buy,87.3977
2025-10-14,DKK,XAF,sell,88.2796
2025-10-14,EUR,XAF,buy,655.957
2025-10-14,EUR,XAF,sell,655.957
2025-10-14,GBP,XAF,buy,748.9984
2025-10-14,GBP,XAF,sell,756.552
2025-10-14,JPY,XAF,buy,3.716
2025-10-14,JPY,XAF,sell,3.7536
2025-10-14,MAD,XAF,buy,61.3707
2025-10-14,MAD,XAF,sell,62.0166
2025-10-14,SAR,XAF,buy,150.4384
2025-10-14,SAR,XAF,sell,151.5873
2025-10-14,SEK,XAF,buy,59.2014
2025-10-14,SEK,XAF,sell,59.8105
2025-10-14,USD,XAF,buy,563.9312
2025-10-14,USD,XAF,sell,568.774
2025-10-14,ZAR,XAF,buy,32.3254
2025-10-14,ZAR,XAF,sell,32.6693
2025-10-16,AED,XAF,buy,152.5303
2025-10-16,AED,XAF,sell,154.0777
2025-10-16,CAD,XAF,buy,399.1348
2025-10-16,CAD,XAF,sell,403.1808
2025-10-16,CHF,XAF,buy,703.4069
2025-10-16,CHF,XAF,sell,710.53
2025-10-16,CNY,XAF,buy,78.615
2025-10-16,CNY,XAF,sell,79.4204
2025-10-16,DKK,XAF,buy,87.3848
2025-10-16,DKK,XAF,sell,88.2666
2025-10-16,EUR,XAF,buy,655.957
2025-10-16,EUR,XAF,sell,655.957
2025-10-16,GBP,XAF,buy,751.4042
2025-10-16,GBP,XAF,sell,758.991
2025-10-16,JPY,XAF,buy,3.708
2025-10-16,JPY,XAF,sell,3.7454
2025-10-16,MAD,XAF,buy,61.0772
2025-10-16,MAD,XAF,sell,61.698
2025-10-16,SAR,XAF,buy,149.3472
2025-10-16,SAR,XAF,sell,150.8724
2025-10-16,SEK,XAF,buy,59.1247
2025-10-16,SEK,XAF,sell,59.7308
2025-10-16,USD,XAF,buy,561.592
2025-10-16,USD,XAF,sell,566.4288
2025-10-16,ZAR,XAF,buy,32.3162
2025-10-16,ZAR,XAF,sell,32.6596
2025-10-17,AED,XAF,buy,151.7572
2025-10-17,AED,XAF,sell,153.2895
2025-10-17,CAD,XAF,buy,396.5256
2025-10-17,CAD,XAF,sell,400.5498
2025-10-17,CHF,XAF,buy,707.2791
2025-10-17,CHF,XAF,sell,714.434
2025-10-17,CNY,XAF,buy,78.208
2025-10-17,CNY,XAF,sell,79.012
2025-10-17,DKK,XAF,buy,87.3801
2025-10-17,DKK,XAF,sell,88.2607
2025-10-17,EUR,XAF,buy,655.957
2025-10-17,EUR,XAF,sell,655.957
2025-10-17,GBP,XAF,buy,749.4801
2025-10-17,GBP,XAF,sell,757.0473
2025-10-17,JPY,XAF,buy,3.7286
2025-10-17,JPY,XAF,sell,3.7317
2025-10-17,MAD,XAF,buy,60.7775
2025-10-17,MAD,XAF,sell,61.4272
2025-10-17,SAR,XAF,buy,148.6195
2025-10-17,SAR,XAF,sell,150.1268
2025-10-17,SEK,XAF,buy,59.0439
2025-10-17,SEK,XAF,sell,59.6487
2025-10-17,USD,XAF,buy,560.1791
2025-10-17,USD,XAF,sell,564.9888
2025-10-17,ZAR,XAF,buy,31.9871
2025-10-17,ZAR,XAF,sell,32.3256
2025-10-20,AED,XAF,buy,152.3772
2025-10-20,AED,XAF,sell,153.9122
2025-10-20,CAD,XAF,buy,399.0372
2025-10-20,CAD,XAF,sell,403.0772
2025-10-20,CHF,XAF,buy,704.9873
2025-10-20,CHF,XAF,sell,712.1033
2025-10-20,CNY,XAF,buy,78.5459
2025-10-20,CNY,XAF,sell,79.5393
2025-10-20,DKK,XAF,buy,87.393
2025-10-20,DKK,XAF,sell,88.2749
2025-10-20,EUR,XAF,buy,655.957
2025-10-20,EUR,XAF,sell,655.957
2025-10-20,GBP,XAF,buy,750.6869
2025-10-20,GBP,XAF,sell,758.2576
2025-10-20,JPY,XAF,buy,3.7117
2025-10-20,JPY,XAF,sell,3.7495
2025-10-20,MAD,XAF,buy,61.0509
2025-10-20,MAD,XAF,sell,61.6933
2025-10-20,SAR,XAF,buy,149.2208
2025-10-20,SAR,XAF,sell,150.7275
2025-10-20,SEK,XAF,buy,59.3829
2025-10-20,SEK,XAF,sell,59.9944
2025-10-20,USD,XAF,buy,558.0109
2025-10-20,USD,XAF,sell,562.8094
2025-10-20,ZAR,XAF,buy,32.309
2025-10-20,ZAR,XAF,sell,32.6502
2025-10-21,AED,XAF,buy,152.8625
2025-10-21,AED,XAF,sell,154.4061
2025-10-21,CAD,XAF,buy,399.3351
2025-10-21,CAD,XAF,sell,403.3806
2025-10-21,CHF,XAF,buy,708.2078
2025-10-21,CHF,XAF,sell,715.3875
2025-10-21,CNY,XAF,buy,78.8686
2025-10-21,CNY,XAF,sell,79.6795
2025-10-21,DKK,XAF,buy,87.3895
2025-10-21,DKK,XAF,sell,88.2702
2025-10-21,EUR,XAF,buy,655.957
2025-10-21,EUR,XAF,sell,655.957
2025-10-21,GBP,XAF,buy,751.4215
2025-10-21,GBP,XAF,sell,759.0085
2025-10-21,JPY,XAF,buy,3.7145
2025-10-21,JPY,XAF,sell,3.7521
2025-10-21,MAD,XAF,buy,60.9023
2025-10-21,MAD,XAF,sell,61.5385
2025-10-21,SAR,XAF,buy,149.6932
2025-10-21,SAR,XAF,sell,151.0351
2025-10-21,SEK,XAF,buy,59.5302
2025-10-21,SEK,XAF,sell,60.1416
2025-10-21,USD,XAF,buy,560.0533
2025-10-21,USD,XAF,sell,564.8641
2025-10-21,ZAR,XAF,buy,32.4725
2025-10-21,ZAR,XAF,sell,32.8147
2025-10-23,AED,XAF,buy,153.2574
2025-10-23,AED,XAF,sell,154.805
2025-10-23,CAD,XAF,buy,402.4028
2025-10-23,CAD,XAF,sell,406.4771
2025-10-23,CHF,XAF,buy,705.8106
2025-10-23,CHF,XAF,sell,712.9582
2025-10-23,CNY,XAF,buy,79.0252
2025-10-23,CNY,XAF,sell,79.8272
2025-10-23,DKK,XAF,buy,87.379
2025-10-23,DKK,XAF,sell,88.2607
2025-10-23,EUR,XAF,buy,655.957
2025-10-23,EUR,XAF,sell,655.957
2025-10-23,GBP,XAF,buy,751.6292
2025-10-23,GBP,XAF,sell,759.2007
2025-10-23,JPY,XAF,buy,3.6896
2025-10-23,JPY,XAF,sell,3.727
2025-10-23,MAD,XAF,buy,60.7712
2025-10-23,MAD,XAF,sell,61.4134
2025-10-23,SAR,XAF,buy,150.0718
2025-10-23,SAR,XAF,sell,151.5871
2025-10-23,SEK,XAF,buy,59.8085
2025-10-23,SEK,XAF,sell,60.4233
2025-10-23,USD,XAF,buy,563.3827
2025-10-23,USD,XAF,sell,568.2231
2025-10-23,ZAR,XAF,buy,32.3943
2025-10-23,ZAR,XAF,sell,32.7357
2025-10-24,AED,XAF,buy,153.0848
2025-10-24,AED,XAF,sell,154.6342
2025-10-24,CAD,XAF,buy,401.1759
2025-10-24,CAD,XAF,sell,405.3699
2025-10-24,CHF,XAF,buy,706.8885
2025-10-24,CHF,XAF,sell,714.1476
2025-10-24,CNY,XAF,buy,78.9163
2025-10-24,CNY,XAF,sell,79.7258
2025-10-24,DKK,XAF,buy,87.3743
2025-10-24,DKK,XAF,sell,88.2583
2025-10-24,EUR,XAF,buy,655.957
2025-10-24,EUR,XAF,sell,655.957
2025-10-24,GBP,XAF,buy,749.2564
2025-10-24,GBP,XAF,sell,756.9082
2025-10-24,JPY,XAF,buy,3.6783
2025-10-24,JPY,XAF,sell,3.7174
2025-10-24,MAD,XAF,buy,60.8506
2025-10-24,MAD,XAF,sell,61.4936
2025-10-24,SAR,XAF,buy,149.8857
2025-10-24,SAR,XAF,sell,151.4025
2025-10-24,SEK,XAF,buy,59.9463
2025-10-24,SEK,XAF,sell,60.5727
2025-10-24,USD,XAF,buy,563.3324
2025-10-24,USD,XAF,sell,568.1739
2025-10-24,ZAR,XAF,buy,32.446
2025-10-24,ZAR,XAF,sell,32.7163
2025-10-27,AED,XAF,buy,152.9091
2025-10-27,AED,XAF,sell,154.4531
2025-10-27,CAD,XAF,buy,401.6944
2025-10-27,CAD,XAF,sell,405.7716
2025-10-27,CHF,XAF,buy,704.7741
2025-10-27,CHF,XAF,sell,711.9188
2025-10-27,CNY,XAF,buy,78.9621
2025-10-27,CNY,XAF,sell,79.776
2025-10-27,DKK,XAF,buy,87.3778
2025-10-27,DKK,XAF,sell,88.2607
2025-10-27,EUR,XAF,buy,655.957
2025-10-27,EUR,XAF,sell,655.957
2025-10-27,GBP,XAF,buy,747.8398
2025-10-27,GBP,XAF,sell,755.3905
2025-10-27,JPY,XAF,buy,3.6723
2025-10-27,JPY,XAF,sell,3.7097
2025-10-27,MAD,XAF,buy,60.7928
2025-10-27,MAD,XAF,sell,61.4209
2025-10-27,SAR,XAF,buy,149.7447
2025-10-27,SAR,XAF,sell,151.274
2025-10-27,SEK,XAF,buy,59.8303
2025-10-27,SEK,XAF,sell,60.4471
2025-10-27,USD,XAF,buy,562.1887
2025-10-27,USD,XAF,sell,567.026
2025-10-27,ZAR,XAF,buy,32.6006
2025-10-27,ZAR,XAF,sell,32.9467
2025-10-28,AED,XAF,buy,152.4555
2025-10-28,AED,XAF,sell,153.9913
2025-10-28,CAD,XAF,buy,399.9591
2025-10-28,CAD,XAF,sell,404.0134
2025-10-28,CHF,XAF,buy,704.8807
2025-10-28,CHF,XAF,sell,712.0264
2025-10-28,CNY,XAF,buy,78.8515
2025-10-28,CNY,XAF,sell,79.6671
2025-10-28,DKK,XAF,buy,87.3848
2025-10-28,DKK,XAF,sell,88.2677
2025-10-28,EUR,XAF,buy,655.957
2025-10-28,EUR,XAF,sell,655.957
2025-10-28,GBP,XAF,buy,747.6428
2025-10-28,GBP,XAF,sell,755.1914
2025-10-28,JPY,XAF,buy,3.6802
2025-10-28,JPY,XAF,sell,3.7176
2025-10-28,MAD,XAF,buy,60.7334
2025-10-28,MAD,XAF,sell,61.3723
2025-10-28,SAR,XAF,buy,149.3131
2025-10-28,SAR,XAF,sell,150.8344
2025-10-28,SEK,XAF,buy,59.7181
2025-10-28,SEK,XAF,sell,60.3321
2025-10-28,USD,XAF,buy,560.8121
2025-10-28,USD,XAF,sell,565.6359
2025-10-28,ZAR,XAF,buy,32.443
2025-10-28,ZAR,XAF,sell,32.7898
2025-10-30,AED,XAF,buy,152.9808
2025-10-30,AED,XAF,sell,154.5219
2025-10-30,CAD,XAF,buy,403.136
2025-10-30,CAD,XAF,sell,407.2304
2025-10-30,CHF,XAF,buy,703.1038
2025-10-30,CHF,XAF,sell,710.2314
2025-10-30,CNY,XAF,buy,79.0492
2025-10-30,CNY,XAF,sell,79.861
2025-10-30,DKK,XAF,buy,87.3941
2025-10-30,DKK,XAF,sell,88.2773
2025-10-30,EUR,XAF,buy,655.957
2025-10-30,EUR,XAF,sell,655.957
2025-10-30,GBP,XAF,buy,741.2828
2025-10-30,GBP,XAF,sell,748.7668
2025-10-30,JPY,XAF,buy,3.6614
2025-10-30,JPY,XAF,sell,3.6986
2025-10-30,MAD,XAF,buy,60.8171
2025-10-30,MAD,XAF,sell,61.457
2025-10-30,SAR,XAF,buy,149.7928
2025-10-30,SAR,XAF,sell,151.3225
2025-10-30,SEK,XAF,buy,59.7514
2025-10-30,SEK,XAF,sell,60.3685
2025-10-30,USD,XAF,buy,560.3452
2025-10-30,USD,XAF,sell,565.1587
2025-10-30,ZAR,XAF,buy,32.6675
2025-10-30,ZAR,XAF,sell,33.016
2025-10-31,AED,XAF,buy,153.7701
2025-10-31,AED,XAF,sell,155.3302
2025-10-31,CAD,XAF,buy,403.0987
2025-10-31,CAD,XAF,sell,407.1851
2025-10-31,CHF,XAF,buy,703.2478
2025-10-31,CHF,XAF,sell,710.3845
2025-10-31,CNY,XAF,buy,79.3586
2025-10-31,CNY,XAF,sell,80.1786
2025-10-31,DKK,XAF,buy,87.3941
2025-10-31,DKK,XAF,sell,88.2796
2025-10-31,EUR,XAF,buy,655.957
2025-10-31,EUR,XAF,sell,655.957
2025-10-31,GBP,XAF,buy,741.4428
2025-10-31,GBP,XAF,sell,748.92
2025-10-31,JPY,XAF,buy,3.6599
2025-10-31,JPY,XAF,sell,3.6969
2025-10-31,MAD,XAF,buy,60.8443
2025-10-31,MAD,XAF,sell,61.4839
2025-10-31,SAR,XAF,buy,150.5842
2025-10-31,SAR,XAF,sell,152.1082
2025-10-31,SEK,XAF,buy,59.6935
2025-10-31,SEK,XAF,sell,60.3083
2025-10-31,USD,XAF,buy,562.8699
2025-10-31,USD,XAF,sell,567.7095
2025-10-31,ZAR,XAF,buy,32.5822
2025-10-31,ZAR,XAF,sell,32.9305
2025-11-03,AED,XAF,buy,154.0314
2025-11-03,AED,XAF,sell,155.5868
2025-11-03,CAD,XAF,buy,403.792
2025-11-03,CAD,XAF,sell,407.888
2025-11-03,CHF,XAF,buy,703.4448
2025-11-03,CHF,XAF,sell,710.5759
2025-11-03,CNY,XAF,buy,79.5182
2025-11-03,CNY,XAF,sell,80.329
2025-11-03,DKK,XAF,buy,87.3989
2025-11-03,DKK,XAF,sell,88.2831
2025-11-03,EUR,XAF,buy,655.957
2025-11-03,EUR,XAF,sell,655.957
2025-11-03,GBP,XAF,buy,743.6137
2025-11-03,GBP,XAF,sell,751.1129
2025-11-03,JPY,XAF,buy,3.6676
2025-11-03,JPY,XAF,sell,3.7046
2025-11-03,MAD,XAF,buy,60.9415
2025-11-03,MAD,XAF,sell,61.5816
2025-11-03,SAR,XAF,buy,150.8488
2025-11-03,SAR,XAF,sell,152.3789
2025-11-03,SEK,XAF,buy,59.6515
2025-11-03,SEK,XAF,sell,60.2659
2025-11-03,USD,XAF,buy,564.803
2025-11-03,USD,XAF,sell,569.6549
2025-11-03,ZAR,XAF,buy,32.6924
2025-11-03,ZAR,XAF,sell,33.0415
2025-11-04,AED,XAF,buy,154.1405
2025-11-04,AED,XAF,sell,155.6934
2025-11-04,CAD,XAF,buy,402.4772
2025-11-04,CAD,XAF,sell,406.5599
2025-11-04,CHF,XAF,buy,701.4263
2025-11-04,CHF,XAF,sell,708.5291
2025-11-04,CNY,XAF,buy,79.4649
2025-11-04,CNY,XAF,sell,80.2821
2025-11-04,DKK,XAF,buy,87.4235
2025-11-04,DKK,XAF,sell,88.3044
2025-11-04,EUR,XAF,buy,655.957
2025-11-04,EUR,XAF,sell,655.957
2025-11-04,GBP,XAF,buy,743.0211
2025-11-04,GBP,XAF,sell,750.5314
2025-11-04,JPY,XAF,buy,3.6873
2025-11-04,JPY,XAF,sell,3.7247
2025-11-04,MAD,XAF,buy,60.7882
2025-11-04,MAD,XAF,sell,61.4318
2025-11-04,SAR,XAF,buy,150.9394
2025-11-04,SAR,XAF,sell,152.4776
2025-11-04,SEK,XAF,buy,59.6434
2025-11-04,SEK,XAF,sell,60.2571
2025-11-04,USD,XAF,buy,566.7647
2025-11-04,USD,XAF,sell,571.6313
2025-11-04,ZAR,XAF,buy,32.4962
2025-11-04,ZAR,XAF,sell,32.8439
2025-11-05,AED,XAF,buy,154.6702
2025-11-05,AED,XAF,sell,156.2321
2025-11-05,CAD,XAF,buy,402.4053
2025-11-05,CAD,XAF,sell,406.4871
2025-11-05,CHF,XAF,buy,702.1885
2025-11-05,CHF,XAF,sell,709.3144
2025-11-05,CNY,XAF,buy,79.6813
2025-11-05,CNY,XAF,sell,80.4929
2025-11-05,DKK,XAF,buy,87.4223
2025-11-05,DKK,XAF,sell,88.3056
2025-11-05,EUR,XAF,buy,655.957
2025-11-05,EUR,XAF,sell,655.957
2025-11-05,GBP,XAF,buy,740.0053
2025-11-05,GBP,XAF,sell,747.4678
2025-11-05,JPY,XAF,buy,3.6998
2025-11-05,JPY,XAF,sell,3.7374
2025-11-05,MAD,XAF,buy,60.9887
2025-11-05,MAD,XAF,sell,61.6311
2025-11-05,SAR,XAF,buy,151.4438
2025-11-05,SAR,XAF,sell,152.98
2025-11-05,SEK,XAF,buy,59.3143
2025-11-05,SEK,XAF,sell,59.9246
2025-11-05,USD,XAF,buy,568.1599
2025-11-05,USD,XAF,sell,573.0307
2025-11-05,ZAR,XAF,buy,32.4376
2025-11-05,ZAR,XAF,sell,33.1596
2025-11-07,AED,XAF,buy,154.1005
2025-11-07,AED,XAF,sell,155.6566
2025-11-07,CAD,XAF,buy,400.9
2025-11-07,CAD,XAF,sell,404.9639
2025-11-07,CHF,XAF,buy,700.5229
2025-11-07,CHF,XAF,sell,707.6165
2025-11-07,CNY,XAF,buy,79.4505
2025-11-07,CNY,XAF,sell,80.2587
2025-11-07,DKK,XAF,buy,87.4117
2025-11-07,DKK,XAF,sell,88.2938
2025-11-07,EUR,XAF,buy,655.957
2025-11-07,EUR,XAF,sell,655.957
2025-11-07,GBP,XAF,buy,742.3789
2025-11-07,GBP,XAF,sell,749.8656
2025-11-07,JPY,XAF,buy,3.6883
2025-11-07,JPY,XAF,sell,3.7257
2025-11-07,MAD,XAF,buy,60.9205
2025-11-07,MAD,XAF,sell,61.5545
2025-11-07,SAR,XAF,buy,150.894
2025-11-07,SAR,XAF,sell,152.4176
2025-11-07,SEK,XAF,buy,59.0781
2025-11-07,SEK,XAF,sell,59.6876
2025-11-07,USD,XAF,buy,566.3923
2025-11-07,USD,XAF,sell,571.2594
2025-11-07,ZAR,XAF,buy,32.5787
2025-11-07,ZAR,XAF,sell,32.9238
2025-11-12,AED,XAF,buy,153.3726
2025-11-12,AED,XAF,sell,154.9432
2025-11-12,CAD,XAF,buy,402.259
2025-11-12,CAD,XAF,sell,406.3368
2025-11-12,CHF,XAF,buy,704.257
2025-11-12,CHF,XAF,sell,711.3886
2025-11-12,CNY,XAF,buy,79.1402
2025-11-12,CNY,XAF,sell,79.9502
2025-11-12,DKK,XAF,buy,87.3918
2025-11-12,DKK,XAF,sell,88.2749
2025-11-12,EUR,XAF,buy,655.957
2025-11-12,EUR,XAF,sell,655.957
2025-11-12,GBP,XAF,buy,740.4754
2025-11-12,GBP,XAF,sell,747.9513
2025-11-12,JPY,XAF,buy,3.6444
2025-11-12,JPY,XAF,sell,3.6814
2025-11-12,MAD,XAF,buy,60.7125
2025-11-12,MAD,XAF,sell,61.3558
2025-11-12,SAR,XAF,buy,150.172
2025-11-12,SAR,XAF,sell,151.7091
2025-11-12,SEK,XAF,buy,59.578
2025-11-12,SEK,XAF,sell,60.1895
2025-11-12,USD,XAF,buy,563.9604
2025-11-12,USD,XAF,sell,568.8012
2025-11-12,ZAR,XAF,buy,32.881
2025-11-12,ZAR,XAF,sell,33.2293
2025-11-14,AED,XAF,buy,152.6373
2025-11-14,AED,XAF,sell,154.1749
2025-11-14,CAD,XAF,buy,399.5991
2025-11-14,CAD,XAF,sell,403.6522
2025-11-14,CHF,XAF,buy,708.2462
2025-11-14,CHF,XAF,sell,715.4109
2025-11-14,CNY,XAF,buy,78.9612
2025-11-14,CNY,XAF,sell,79.776
2025-11-14,DKK,XAF,buy,87.3941
2025-11-14,DKK,XAF,sell,88.2784
2025-11-14,EUR,XAF,buy,655.957
2025-11-14,EUR,XAF,sell,655.957
2025-11-14,GBP,XAF,buy,737.2968
2025-11-14,GBP,XAF,sell,744.732
2025-11-14,JPY,XAF,buy,3.628
2025-11-14,JPY,XAF,sell,3.6648
2025-11-14,MAD,XAF,buy,60.6261
2025-11-14,MAD,XAF,sell,61.2668
2025-11-14,SAR,XAF,buy,149.484
2025-11-14,SAR,XAF,sell,151.0072
2025-11-14,SEK,XAF,buy,59.6096
2025-11-14,SEK,XAF,sell,60.223
2025-11-14,USD,XAF,buy,561.9559
2025-11-14,USD,XAF,sell,566.7864
2025-11-14,ZAR,XAF,buy,32.7907
2025-11-14,ZAR,XAF,sell,33.1378
2025-11-17,AED,XAF,buy,153.0884
2025-11-17,AED,XAF,sell,154.6378
2025-11-17,CAD,XAF,buy,400.8754
2025-11-17,CAD,XAF,sell,404.944
2025-11-17,CHF,XAF,buy,707.701
2025-11-17,CHF,XAF,sell,714.8678
2025-11-17,CNY,XAF,buy,79.1392
2025-11-17,CNY,XAF,sell,79.9492
2025-11-17,DKK,XAF,buy,87.4012
2025-11-17,DKK,XAF,sell,88.2831
2025-11-17,EUR,XAF,buy,655.957
2025-11-17,EUR,XAF,sell,655.957
2025-11-17,GBP,XAF,buy,739.6866
2025-11-17,GBP,XAF,sell,747.1375
2025-11-17,JPY,XAF,buy,3.6336
2025-11-17,JPY,XAF,sell,3.6704
2025-11-17,MAD,XAF,buy,60.9056
2025-11-17,MAD,XAF,sell,61.5482
2025-11-17,SAR,XAF,buy,149.927
2025-11-17,SAR,XAF,sell,151.6326
2025-11-17,SEK,XAF,buy,59.3958
2025-11-17,SEK,XAF,sell,60.0069
2025-11-17,USD,XAF,buy,561.2376
2025-11-17,USD,XAF,sell,566.0631
2025-11-17,ZAR,XAF,buy,32.9108
2025-11-17,ZAR,XAF,sell,33.2595
2025-11-18,AED,XAF,buy,153.2286
2025-11-18,AED,XAF,sell,154.7686
2025-11-18,CAD,XAF,buy,400.4597
2025-11-18,CAD,XAF,sell,404.5242
2025-11-18,CHF,XAF,buy,708.7615
2025-11-18,CHF,XAF,sell,715.9392
2025-11-18,CNY,XAF,buy,79.1047
2025-11-18,CNY,XAF,sell,79.9133
2025-11-18,DKK,XAF,buy,87.3884
2025-11-18,DKK,XAF,sell,88.2702
2025-11-18,EUR,XAF,buy,655.957
2025-11-18,EUR,XAF,sell,655.957
2025-11-18,GBP,XAF,buy,740.4921
2025-11-18,GBP,XAF,sell,742.968
2025-11-18,JPY,XAF,buy,3.6305
2025-11-18,JPY,XAF,sell,3.6673
2025-11-18,MAD,XAF,buy,60.9312
2025-11-18,MAD,XAF,sell,61.562
2025-11-18,SAR,XAF,buy,150.0649
2025-11-18,SAR,XAF,sell,151.58
2025-11-18,SEK,XAF,buy,59.337
2025-11-18,SEK,XAF,sell,59.9486
2025-11-18,USD,XAF,buy,562.6295
2025-11-18,USD,XAF,sell,567.4611
2025-11-18,ZAR,XAF,buy,32.6276
2025-11-18,ZAR,XAF,sell,32.9749
2025-11-19,AED,XAF,buy,153.387
2025-11-19,AED,XAF,sell,154.9323
2025-11-19,CAD,XAF,buy,402.5642
2025-11-19,CAD,XAF,sell,406.6426
2025-11-19,CHF,XAF,buy,704.4166
2025-11-19,CHF,XAF,sell,711.5422
2025-11-19,CNY,XAF,buy,79.2343
2025-11-19,CNY,XAF,sell,80.0414
2025-11-19,DKK,XAF,buy,87.386
2025-11-19,DKK,XAF,sell,88.2677
2025-11-19,EUR,XAF,buy,655.957
2025-11-19,EUR,XAF,sell,655.957
2025-11-19,GBP,XAF,buy,740.5006
2025-11-19,GBP,XAF,sell,747.9682
2025-11-19,JPY,XAF,buy,3.6228
2025-11-19,JPY,XAF,sell,3.6596
2025-11-19,MAD,XAF,buy,60.8421
2025-11-19,MAD,XAF,sell,61.4828
2025-11-19,SAR,XAF,buy,150.1892
2025-11-19,SAR,XAF,sell,151.7091
2025-11-19,SEK,XAF,buy,59.4435
2025-11-19,SEK,XAF,sell,60.0562
2025-11-19,USD,XAF,buy,563.4695
2025-11-19,USD,XAF,sell,568.3061
2025-11-19,ZAR,XAF,buy,32.8087
2025-11-19,ZAR,XAF,sell,33.1568
2025-11-20,AED,XAF,buy,154.2571
2025-11-20,AED,XAF,sell,155.8111
2025-11-20,CAD,XAF,buy,403.039
2025-11-20,CAD,XAF,sell,407.1298
2025-11-20,CHF,XAF,buy,702.6194
2025-11-20,CHF,XAF,sell,709.7497
2025-11-20,CNY,XAF,buy,79.623
2025-11-20,CNY,XAF,sell,80.4389
2025-11-20,DKK,XAF,buy,87.3872
2025-11-20,DKK,XAF,sell,88.2702
2025-11-20,EUR,XAF,buy,655.957
2025-11-20,EUR,XAF,sell,655.957
2025-11-20,GBP,XAF,buy,740.064
2025-11-20,GBP,XAF,sell,747.5357
2025-11-20,JPY,XAF,buy,3.5928
2025-11-20,JPY,XAF,sell,3.6292
2025-11-20,MAD,XAF,buy,61.0749
2025-11-20,MAD,XAF,sell,61.7078
2025-11-20,SAR,XAF,buy,151.0547
2025-11-20,SAR,XAF,sell,152.5941
2025-11-20,SEK,XAF,buy,59.3106
2025-11-20,SEK,XAF,sell,59.9219
2025-11-20,USD,XAF,buy,563.2715
2025-11-20,USD,XAF,sell,568.1024
2025-11-20,ZAR,XAF,buy,32.9211
2025-11-20,ZAR,XAF,sell,33.2714
2025-11-21,AED,XAF,buy,153.9187
2025-11-21,AED,XAF,sell,155.4657
2025-11-21,CAD,XAF,buy,401.1686
2025-11-21,CAD,XAF,sell,405.2328
2025-11-21,CHF,XAF,buy,702.9826
2025-11-21,CHF,XAF,sell,710.1013
2025-11-21,CNY,XAF,buy,79.4736
2025-11-21,CNY,XAF,sell,80.2812
2025-11-21,DKK,XAF,buy,87.386
2025-11-21,DKK,XAF,sell,88.2702
2025-11-21,EUR,XAF,buy,655.957
2025-11-21,EUR,XAF,sell,655.957
2025-11-21,GBP,XAF,buy,739.8124
2025-11-21,GBP,XAF,sell,747.2645
2025-11-21,JPY,XAF,buy,3.5978
2025-11-21,JPY,XAF,sell,3.6344
2025-11-21,MAD,XAF,buy,60.9347
2025-11-21,MAD,XAF,sell,61.5609
2025-11-21,SAR,XAF,buy,150.7268
2025-11-21,SAR,XAF,sell,152.2557
2025-11-21,SEK,XAF,buy,59.2578
2025-11-21,SEK,XAF,sell,59.8681
2025-11-21,USD,XAF,buy,566.3558
2025-11-21,USD,XAF,sell,571.2212
2025-11-21,ZAR,XAF,buy,32.7398
2025-11-21,ZAR,XAF,sell,33.0899
2025-11-25,AED,XAF,buy,154.2134
2025-11-25,AED,XAF,sell,155.7706
2025-11-25,CAD,XAF,buy,401.1759
2025-11-25,CAD,XAF,sell,405.2478
2025-11-25,CHF,XAF,buy,700.0045
2025-11-25,CHF,XAF,sell,707.1004
2025-11-25,CNY,XAF,buy,79.807
2025-11-25,CNY,XAF,sell,80.6199
2025-11-25,DKK,XAF,buy,87.386
2025-11-25,DKK,XAF,sell,88.2677
2025-11-25,EUR,XAF,buy,655.957
2025-11-25,EUR,XAF,sell,655.957
2025-11-25,GBP,XAF,buy,742.7337
2025-11-25,GBP,XAF,sell,745.7035
2025-11-25,JPY,XAF,buy,3.6159
2025-11-25,JPY,XAF,sell,3.6525
2025-11-25,MAD,XAF,buy,60.9962
2025-11-25,MAD,XAF,sell,61.6398
2025-11-25,SAR,XAF,buy,150.9848
2025-11-25,SAR,XAF,sell,152.5234
2025-11-25,SEK,XAF,buy,59.261
2025-11-25,SEK,XAF,sell,59.8702
2025-11-25,USD,XAF,buy,565.2118
2025-11-25,USD,XAF,sell,570.0641
2025-11-25,ZAR,XAF,buy,32.7648
2025-11-25,ZAR,XAF,sell,33.1116
2025-11-27,AED,XAF,buy,153.3258
2025-11-27,AED,XAF,sell,154.8704
2025-11-27,CAD,XAF,buy,401.3215
2025-11-27,CAD,XAF,sell,405.3923
2025-11-27,CHF,XAF,buy,699.8994
2025-11-27,CHF,XAF,sell,706.9866
2025-11-27,CNY,XAF,buy,79.5191
2025-11-27,CNY,XAF,sell,80.3418
2025-11-27,DKK,XAF,buy,87.386
2025-11-27,DKK,XAF,sell,88.2689
2025-11-27,EUR,XAF,buy,655.957
2025-11-27,EUR,XAF,sell,655.957
2025-11-27,GBP,XAF,buy,745.8998
2025-11-27,GBP,XAF,sell,753.4479
2025-11-27,JPY,XAF,buy,3.6052
2025-11-27,JPY,XAF,sell,3.6416
2025-11-27,MAD,XAF,buy,60.9301
2025-11-27,MAD,XAF,sell,61.57
2025-11-27,SAR,XAF,buy,150.1478
2025-11-27,SAR,XAF,sell,153.5961
2025-11-27,SEK,XAF,buy,59.3084
2025-11-27,SEK,XAF,sell,59.9192
2025-11-27,USD,XAF,buy,563.9313
2025-11-27,USD,XAF,sell,568.779
2025-11-27,ZAR,XAF,buy,32.8668
2025-11-27,ZAR,XAF,sell,33.2172
2025-11-28,AED,XAF,buy,153.3726
2025-11-28,AED,XAF,sell,154.9395
2025-11-28,CAD,XAF,buy,401.2573
2025-11-28,CAD,XAF,sell,405.4047
2025-11-28,CHF,XAF,buy,699.6818
2025-11-28,CHF,XAF,sell,704.8386
2025-11-28,CNY,XAF,buy,79.5763
2025-11-28,CNY,XAF,sell,80.3987
2025-11-28,DKK,XAF,buy,87.3825
2025-11-28,DKK,XAF,sell,88.2666
2025-11-28,EUR,XAF,buy,655.957
2025-11-28,EUR,XAF,sell,655.957
2025-11-28,GBP,XAF,buy,744.5808
2025-11-28,GBP,XAF,sell,752.167
2025-11-28,JPY,XAF,buy,3.6022
2025-11-28,JPY,XAF,sell,3.6422
2025-11-28,MAD,XAF,buy,60.8443
2025-11-28,MAD,XAF,sell,61.469
2025-11-28,SAR,XAF,buy,150.1581
2025-11-28,SAR,XAF,sell,151.7057
2025-11-28,SEK,XAF,buy,59.3958
2025-11-28,SEK,XAF,sell,60.0136
2025-11-28,USD,XAF,buy,563.9313
2025-11-28,USD,XAF,sell,568.779
2025-11-28,ZAR,XAF,buy,32.8059
2025-11-28,ZAR,XAF,sell,33.3615
2025-12-02,AED,XAF,buy,153.0059
2025-12-02,AED,XAF,sell,154.5509
2025-12-02,CAD,XAF,buy,401.5289
2025-12-02,CAD,XAF,sell,405.6068
2025-12-02,CHF,XAF,buy,698.97
2025-12-02,CHF,XAF,sell,706.0402
2025-12-02,CNY,XAF,buy,79.4611
2025-12-02,CNY,XAF,sell,80.2743
2025-12-02,DKK,XAF,buy,87.3895
2025-12-02,DKK,XAF,sell,88.2737
2025-12-02,EUR,XAF,buy,655.957
2025-12-02,EUR,XAF,sell,655.957
2025-12-02,GBP,XAF,buy,742.8435
2025-12-02,GBP,XAF,sell,750.352
2025-12-02,JPY,XAF,buy,3.607
2025-12-02,JPY,XAF,sell,3.6434
2025-12-02,MAD,XAF,buy,60.6667
2025-12-02,MAD,XAF,sell,61.3078
2025-12-02,SAR,XAF,buy,149.6863
2025-12-02,SAR,XAF,sell,151.2289
2025-12-02,SEK,XAF,buy,59.4581
2025-12-02,SEK,XAF,sell,60.0699
2025-12-02,USD,XAF,buy,561.338
2025-12-02,USD,XAF,sell,567.8102
2025-12-02,ZAR,XAF,buy,32.8665
2025-12-02,ZAR,XAF,sell,33.2146
2025-12-03,AED,XAF,buy,152.5197
2025-12-03,AED,XAF,sell,154.0525
2025-12-03,CAD,XAF,buy,401.2154
2025-12-03,CAD,XAF,sell,405.2901
2025-12-03,CHF,XAF,buy,699.322
2025-12-03,CHF,XAF,sell,706.3958
2025-12-03,CNY,XAF,buy,79.2969
2025-12-03,CNY,XAF,sell,80.1173
2025-12-03,DKK,XAF,buy,87.386
2025-12-03,DKK,XAF,sell,88.2677
2025-12-03,EUR,XAF,buy,655.957
2025-12-03,EUR,XAF,sell,655.957
2025-12-03,GBP,XAF,buy,742.2776
2025-12-03,GBP,XAF,sell,749.7803
2025-12-03,JPY,XAF,buy,3.6018
2025-12-03,JPY,XAF,sell,3.6382
2025-12-03,MAD,XAF,buy,60.66
2025-12-03,MAD,XAF,sell,61.2776
2025-12-03,SAR,XAF,buy,149.2072
2025-12-03,SAR,XAF,sell,150.7413
2025-12-03,SEK,XAF,buy,59.6096
2025-12-03,SEK,XAF,sell,60.2246
2025-12-03,USD,XAF,buy,562.1943
2025-12-03,USD,XAF,sell,567.0305
2025-12-03,ZAR,XAF,buy,32.7799
2025-12-03,ZAR,XAF,sell,33.1285
2025-12-04,AED,XAF,buy,152.4448
2025-12-04,AED,XAF,sell,153.9841
2025-12-04,CAD,XAF,buy,400.9517
2025-12-04,CAD,XAF,sell,405.0187
2025-12-04,CHF,XAF,buy,698.9775
2025-12-04,CHF,XAF,sell,706.0553
2025-12-04,CNY,XAF,buy,79.2084
2025-12-04,CNY,XAF,sell,80.0161
2025-12-04,DKK,XAF,buy,87.3872
2025-12-04,DKK,XAF,sell,88.2714
2025-12-04,EUR,XAF,buy,655.957
2025-12-04,EUR,XAF,sell,655.957
2025-12-04,GBP,XAF,buy,746.6507
2025-12-04,GBP,XAF,sell,754.1805
2025-12-04,JPY,XAF,buy,3.6048
2025-12-04,JPY,XAF,sell,3.6272
2025-12-04,MAD,XAF,buy,60.6984
2025-12-04,MAD,XAF,sell,61.3358
2025-12-04,SAR,XAF,buy,149.1697
2025-12-04,SAR,XAF,sell,150.6862
2025-12-04,SEK,XAF,buy,59.6123
2025-12-04,SEK,XAF,sell,60.2268
2025-12-04,USD,XAF,buy,559.7593
2025-12-04,USD,XAF,sell,564.5693
2025-12-04,ZAR,XAF,buy,32.8196
2025-12-04,ZAR,XAF,sell,33.1658
2025-12-05,AED,XAF,buy,152.3381
2025-12-05,AED,XAF,sell,153.8727
2025-12-05,CAD,XAF,buy,401.2228
2025-12-05,CAD,XAF,sell,405.2951
2025-12-05,CHF,XAF,buy,697.3718
2025-12-05,CHF,XAF,sell,704.4332
2025-12-05,CNY,XAF,buy,79.146
2025-12-05,CNY,XAF,sell,79.9569
2025-12-05,DKK,XAF,buy,87.3848
2025-12-05,DKK,XAF,sell,88.2689
2025-12-05,EUR,XAF,buy,655.957
2025-12-05,EUR,XAF,sell,655.957
2025-12-05,GBP,XAF,buy,747.1207
2025-12-05,GBP,XAF,sell,754.6554
2025-12-05,JPY,XAF,buy,3.6207
2025-12-05,JPY,XAF,sell,3.6574
2025-12-05,MAD,XAF,buy,60.6284
2025-12-05,MAD,XAF,sell,61.256
2025-12-05,SAR,XAF,buy,149.0743
2025-12-05,SAR,XAF,sell,150.5932
2025-12-05,SEK,XAF,buy,59.4608
2025-12-05,SEK,XAF,sell,60.0732
2025-12-05,USD,XAF,buy,559.1854
2025-12-05,USD,XAF,sell,563.9941
2025-12-05,ZAR,XAF,buy,32.9982
2025-12-05,ZAR,XAF,sell,33.349
2025-12-09,AED,XAF,buy,152.6659
2025-12-09,AED,XAF,sell,154.2074
2025-12-09,CAD,XAF,buy,404.6481
2025-12-09,CAD,XAF,sell,408.753
2025-12-09,CHF,XAF,buy,695.4175
2025-12-09,CHF,XAF,sell,702.4591
2025-12-09,CNY,XAF,buy,79.2883
2025-12-09,CNY,XAF,sell,80.1055
2025-12-09,DKK,XAF,buy,87.386
2025-12-09,DKK,XAF,sell,88.2677
2025-12-09,EUR,XAF,buy,655.957
2025-12-09,EUR,XAF,sell,655.957
2025-12-09,GBP,XAF,buy,747.1464
2025-12-09,GBP,XAF,sell,754.69
2025-12-09,JPY,XAF,buy,3.5919
2025-12-09,JPY,XAF,sell,3.6282
2025-12-09,MAD,XAF,buy,60.5862
2025-12-09,MAD,XAF,sell,61.2269
2025-12-09,SAR,XAF,buy,149.3882
2025-12-09,SAR,XAF,sell,150.9242
2025-12-09,SEK,XAF,buy,59.6777
2025-12-09,SEK,XAF,sell,60.2908
2025-12-09,USD,XAF,buy,560.3372
2025-12-09,USD,XAF,sell,565.1534
2025-12-09,ZAR,XAF,buy,32.8802
2025-12-09,ZAR,XAF,sell,33.231
2025-12-10,AED,XAF,buy,152.7123
2025-12-10,AED,XAF,sell,154.258
2025-12-10,CAD,XAF,buy,405.0424
2025-12-10,CAD,XAF,sell,409.1488
2025-12-10,CHF,XAF,buy,696.1891
2025-12-10,CHF,XAF,sell,703.2384
2025-12-10,CNY,XAF,buy,79.3963
2025-12-10,CNY,XAF,sell,80.2157
2025-12-10,DKK,XAF,buy,87.3872
2025-12-10,DKK,XAF,sell,88.2689
2025-12-10,EUR,XAF,buy,655.957
2025-12-10,EUR,XAF,sell,655.957
2025-12-10,GBP,XAF,buy,747.0695
2025-12-10,GBP,XAF,sell,754.6122
2025-12-10,JPY,XAF,buy,3.5798
2025-12-10,JPY,XAF,sell,3.616
2025-12-10,MAD,XAF,buy,60.6656
2025-12-10,MAD,XAF,sell,61.3067
2025-12-10,SAR,XAF,buy,149.4156
2025-12-10,SAR,XAF,sell,150.9449
2025-12-10,SEK,XAF,buy,59.9204
2025-12-10,SEK,XAF,sell,60.5354
2025-12-10,USD,XAF,buy,559.9961
2025-12-10,USD,XAF,sell,564.8097
2025-12-10,ZAR,XAF,buy,32.9472
2025-12-10,ZAR,XAF,sell,33.2984
2025-12-11,AED,XAF,buy,151.9868
2025-12-11,AED,XAF,sell,153.5215
2025-12-11,CAD,XAF,buy,404.0945
2025-12-11,CAD,XAF,sell,408.1911
2025-12-11,CHF,XAF,buy,698.1625
2025-12-11,CHF,XAF,sell,705.2245
2025-12-11,CNY,XAF,buy,79.0453
2025-12-11,CNY,XAF,sell,79.861
2025-12-11,DKK,XAF,buy,87.3813
2025-12-11,DKK,XAF,sell,88.2642
2025-12-11,EUR,XAF,buy,655.957
2025-12-11,EUR,XAF,sell,655.957
2025-12-11,GBP,XAF,buy,746.4372
2025-12-11,GBP,XAF,sell,753.965
2025-12-11,JPY,XAF,buy,3.5794
2025-12-11,JPY,XAF,sell,3.6158
2025-12-11,MAD,XAF,buy,60.5245
2025-12-11,MAD,XAF,sell,61.1628
2025-12-11,SAR,XAF,buy,148.7346
2025-12-11,SAR,XAF,sell,150.25
2025-12-11,SEK,XAF,buy,60.1745
2025-12-11,SEK,XAF,sell,60.7916
2025-12-11,USD,XAF,buy,560.9956
2025-12-11,USD,XAF,sell,565.816
2025-12-11,ZAR,XAF,buy,32.9391
2025-12-11,ZAR,XAF,sell,33.2901
2025-12-12,AED,XAF,buy,151.3806
2025-12-12,AED,XAF,sell,152.9055
2025-12-12,CAD,XAF,buy,403.737
2025-12-12,CAD,XAF,sell,407.8325
2025-12-12,CHF,XAF,buy,699.5469
2025-12-12,CHF,XAF,sell,706.6381
2025-12-12,CNY,XAF,buy,78.7934
2025-12-12,CNY,XAF,sell,79.5987
2025-12-12,DKK,XAF,buy,87.3801
2025-12-12,DKK,XAF,sell,88.263
2025-12-12,EUR,XAF,buy,655.957
2025-12-12,EUR,XAF,sell,655.957
2025-12-12,GBP,XAF,buy,744.2073
2025-12-12,GBP,XAF,sell,752.3735
2025-12-12,JPY,XAF,buy,3.5722
2025-12-12,JPY,XAF,sell,3.6084
2025-12-12,MAD,XAF,buy,60.5542
2025-12-12,MAD,XAF,sell,61.186
2025-12-12,SAR,XAF,buy,148.1573
2025-12-12,SAR,XAF,sell,149.6633
2025-12-12,SEK,XAF,buy,60.1424
2025-12-12,SEK,XAF,sell,60.7608
2025-12-12,USD,XAF,buy,557.274
2025-12-12,USD,XAF,sell,562.0631
2025-12-12,ZAR,XAF,buy,32.9967
2025-12-12,ZAR,XAF,sell,33.3458
2025-12-18,AED,XAF,buy,151.3244
2025-12-18,AED,XAF,sell,152.8594
2025-12-18,CAD,XAF,buy,403.6397
2025-12-18,CAD,XAF,sell,407.7291
2025-12-18,CHF,XAF,buy,698.8727
2025-12-18,CHF,XAF,sell,705.9495
2025-12-18,CNY,XAF,buy,78.9191
2025-12-18,CNY,XAF,sell,79.7258
2025-12-18,DKK,XAF,buy,87.352
2025-12-18,DKK,XAF,sell,88.2347
2025-12-18,EUR,XAF,buy,655.957
2025-12-18,EUR,XAF,sell,655.957
2025-12-18,GBP,XAF,buy,742.9619
2025-12-18,GBP,XAF,sell,750.463
2025-12-18,JPY,XAF,buy,3.5646
2025-12-18,JPY,XAF,sell,3.6006
2025-12-18,MAD,XAF,buy,60.7271
2025-12-18,MAD,XAF,sell,61.37
2025-12-18,SAR,XAF,buy,148.1505
2025-12-18,SAR,XAF,sell,149.653
2025-12-18,SEK,XAF,buy,59.8297
2025-12-18,SEK,XAF,sell,60.4449
2025-12-18,USD,XAF,buy,557.1188
2025-12-18,USD,XAF,sell,561.9081
2025-12-18,ZAR,XAF,buy,33.1952
2025-12-18,ZAR,XAF,sell,33.5279
2025-12-19,AED,XAF,buy,151.6901
2025-12-19,AED,XAF,sell,153.2681
2025-12-19,CAD,XAF,buy,404.057
2025-12-19,CAD,XAF,sell,408.1557
2025-12-19,CHF,XAF,buy,700.4928
2025-12-19,CHF,XAF,sell,707.5633
2025-12-19,CNY,XAF,buy,79.1268
2025-12-19,CNY,XAF,sell,79.9414
2025-12-19,DKK,XAF,buy,87.3579
2025-12-19,DKK,XAF,sell,88.2383
2025-12-19,EUR,XAF,buy,655.957
2025-12-19,EUR,XAF,sell,655.957
2025-12-19,GBP,XAF,buy,745.4994
2025-12-19,GBP,XAF,sell,753.0262
2025-12-19,JPY,XAF,buy,3.565
2025-12-19,JPY,XAF,sell,3.6012
2025-12-19,MAD,XAF,buy,60.7497
2025-12-19,MAD,XAF,sell,61.3923
2025-12-19,SAR,XAF,buy,148.5349
2025-12-19,SAR,XAF,sell,150.055
2025-12-19,SEK,XAF,buy,59.9039
2025-12-19,SEK,XAF,sell,60.521
2025-12-19,USD,XAF,buy,556.7968
2025-12-19,USD,XAF,sell,561.5728
2025-12-19,ZAR,XAF,buy,33.2496
2025-12-19,ZAR,XAF,sell,33.6051
2025-12-23,AED,XAF,buy,150.9569
2025-12-23,AED,XAF,sell,152.4987
2025-12-23,CAD,XAF,buy,403.6122
2025-12-23,CAD,XAF,sell,407.7139
2025-12-23,CHF,XAF,buy,701.2832
2025-12-23,CHF,XAF,sell,708.3997
2025-12-23,CNY,XAF,buy,78.8791
2025-12-23,CNY,XAF,sell,79.6921
2025-12-23,DKK,XAF,buy,87.3673
2025-12-23,DKK,XAF,sell,88.2488
2025-12-23,EUR,XAF,buy,655.957
2025-12-23,EUR,XAF,sell,655.957
2025-12-23,GBP,XAF,buy,747.5915
2025-12-23,GBP,XAF,sell,755.1482
2025-12-23,JPY,XAF,buy,3.5513
2025-12-23,JPY,XAF,sell,3.5872
2025-12-23,MAD,XAF,buy,60.7181
2025-12-23,MAD,XAF,sell,61.3575
2025-12-23,SAR,XAF,buy,147.8083
2025-12-23,SAR,XAF,sell,149.3142
2025-12-23,SEK,XAF,buy,60.0892
2025-12-23,SEK,XAF,sell,60.7122
2025-12-23,USD,XAF,buy,556.1163
2025-12-23,USD,XAF,sell,560.896
2025-12-23,ZAR,XAF,buy,33.1888
2025-12-23,ZAR,XAF,sell,33.545
2025-12-24,AED,XAF,buy,150.6642
2025-12-24,AED,XAF,sell,152.1854
2025-12-24,CAD,XAF,buy,404.4902
2025-12-24,CAD,XAF,sell,408.5959
2025-12-24,CHF,XAF,buy,702.9221
2025-12-24,CHF,XAF,sell,710.0708
2025-12-24,CNY,XAF,buy,78.8438
2025-12-24,CNY,XAF,sell,79.6536
2025-12-24,DKK,XAF,buy,87.3754
2025-12-24,DKK,XAF,sell,88.2595
2025-12-24,EUR,XAF,buy,655.957
2025-12-24,EUR,XAF,sell,655.957
2025-12-24,GBP,XAF,buy,747.9598
2025-12-24,GBP,XAF,sell,755.4856
2025-12-24,JPY,XAF,buy,3.5529
2025-12-24,JPY,XAF,sell,3.5891
2025-12-24,MAD,XAF,buy,60.6798
2025-12-24,MAD,XAF,sell,61.3175
2025-12-24,SAR,XAF,buy,147.481
2025-12-24,SAR,XAF,sell,148.9969
2025-12-24,SEK,XAF,buy,60.3866
2025-12-24,SEK,XAF,sell,61.0088
2025-12-24,USD,XAF,buy,553.3218
2025-12-24,USD,XAF,sell,558.0731
2025-12-24,ZAR,XAF,buy,33.2046
2025-12-24,ZAR,XAF,sell,33.5599
2025-12-26,AED,XAF,buy,150.9116
2025-12-26,AED,XAF,sell,152.4494
2025-12-26,CAD,XAF,buy,405.5533
2025-12-26,CAD,XAF,sell,409.6954
2025-12-26,CHF,XAF,buy,702.5059
2025-12-26,CHF,XAF,sell,709.6733
2025-12-26,CNY,XAF,buy,79.0807
2025-12-26,CNY,XAF,sell,79.8968
2025-12-26,DKK,XAF,buy,87.3719
2025-12-26,DKK,XAF,sell,88.2548
2025-12-26,EUR,XAF,buy,655.957
2025-12-26,EUR,XAF,sell,655.957
2025-12-26,GBP,XAF,buy,747.5058
2025-12-26,GBP,XAF,sell,755.053
2025-12-26,JPY,XAF,buy,3.547
2025-12-26,JPY,XAF,sell,3.583
2025-12-26,MAD,XAF,buy,60.8132
2025-12-26,MAD,XAF,sell,61.4489
2025-12-26,SAR,XAF,buy,147.7681
2025-12-26,SAR,XAF,sell,149.277
2025-12-26,SEK,XAF,buy,60.356
2025-12-26,SEK,XAF,sell,60.9896
2025-12-26,USD,XAF,buy,553.1893
2025-12-26,USD,XAF,sell,557.9369
2025-12-26,ZAR,XAF,buy,33.2535
2025-12-26,ZAR,XAF,sell,33.6237
2025-12-30,AED,XAF,buy,150.929
2025-12-30,AED,XAF,sell,152.4564
2025-12-30,CAD,XAF,buy,405.0851
2025-12-30,CAD,XAF,sell,409.202
2025-12-30,CHF,XAF,buy,702.8767
2025-12-30,CHF,XAF,sell,706.0926
2025-12-30,CNY,XAF,buy,79.2526
2025-12-30,CNY,XAF,sell,80.0656
2025-12-30,DKK,XAF,buy,87.3754
2025-12-30,DKK,XAF,sell,88.2583
2025-12-30,EUR,XAF,buy,655.957
2025-12-30,EUR,XAF,sell,655.957
2025-12-30,GBP,XAF,buy,748.8523
2025-12-30,GBP,XAF,sell,753.0289
2025-12-30,JPY,XAF,buy,3.5525
2025-12-30,JPY,XAF,sell,3.5887
2025-12-30,MAD,XAF,buy,60.8784
2025-12-30,MAD,XAF,sell,61.5201
2025-12-30,SAR,XAF,buy,147.7782
2025-12-30,SAR,XAF,sell,149.277
2025-12-30,SEK,XAF,buy,60.3655
2025-12-30,SEK,XAF,sell,60.9873
2025-12-30,USD,XAF,buy,554.9606
2025-12-30,USD,XAF,sell,559.7414
2025-12-30,ZAR,XAF,buy,33.264
2025-12-30,ZAR,XAF,sell,33.6185
2025-12-31,AED,XAF,buy,151.4438
2025-12-31,AED,XAF,sell,152.98
2025-12-31,CAD,XAF,buy,405.7928
2025-12-31,CAD,XAF,sell,409.9324
2025-12-31,CHF,XAF,buy,701.1551
2025-12-31,CHF,XAF,sell,708.2475
2025-12-31,CNY,XAF,buy,79.4824
2025-12-31,CNY,XAF,sell,80.2978
2025-12-31,DKK,XAF,buy,87.3872
2025-12-31,DKK,XAF,sell,88.2714
2025-12-31,EUR,XAF,buy,655.957
2025-12-31,EUR,XAF,sell,655.957
2025-12-31,GBP,XAF,buy,748.2513
2025-12-31,GBP,XAF,sell,753.0289
2025-12-31,JPY,XAF,buy,3.5509
2025-12-31,JPY,XAF,sell,3.5869
2025-12-31,MAD,XAF,buy,60.9415
2025-12-31,MAD,XAF,sell,61.581
2025-12-31,SAR,XAF,buy,148.3121
2025-12-31,SAR,XAF,sell,149.8129
2025-12-31,SEK,XAF,buy,60.3163
2025-12-31,SEK,XAF,sell,60.9395
2025-12-31,USD,XAF,buy,554.7618
2025-12-31,USD,XAF,sell,559.5341
2025-12-31,ZAR,XAF,buy,33.4523
2025-12-31,ZAR,XAF,sell,33.8113
