date,base,quote,type,value
2015-01-05,CHF,NGN,buy,165.6089
2015-01-05,CHF,NGN,middle,166.1047
2015-01-05,CHF,NGN,sell,166.6006
2015-01-05,CNY,NGN,buy,26.8432
2015-01-05,CNY,NGN,middle,26.924
2015-01-05,CNY,NGN,sell,27.0049
2015-01-05,DKK,NGN,buy,26.738
2015-01-05,DKK,NGN,middle,26.818
2015-01-05,DKK,NGN,sell,26.8981
2015-01-05,EUR,NGN,buy,198.9972
2015-01-05,EUR,NGN,middle,199.593
2015-01-05,EUR,NGN,sell,200.1888
2015-01-05,GBP,NGN,buy,254.6416
2015-01-05,GBP,NGN,middle,255.404
2015-01-05,GBP,NGN,sell,256.1664
2015-01-05,JPY,NGN,buy,1.3903
2015-01-05,JPY,NGN,middle,1.3944
2015-01-05,JPY,NGN,sell,1.3986
2015-01-05,SAR,NGN,buy,44.5013
2015-01-05,SAR,NGN,middle,44.6345
2015-01-05,SAR,NGN,sell,44.7678
2015-01-05,USD,NGN,buy,167
2015-01-05,USD,NGN,middle,167.5
2015-01-05,USD,NGN,sell,168
2015-01-05,XDR,NGN,buy,239.3945
2015-01-05,XDR,NGN,middle,240.1113
2015-01-05,XDR,NGN,sell,240.828
2015-01-05,XOF,NGN,buy,0.2935
2015-01-05,XOF,NGN,middle,0.3035
2015-01-05,XOF,NGN,sell,0.3135
2015-01-05,XUA,NGN,buy,242.0204
2015-01-05,XUA,NGN,middle,242.745
2015-01-05,XUA,NGN,sell,243.4696
2015-01-06,CHF,NGN,buy,165.3302
2015-01-06,CHF,NGN,middle,165.8252
2015-01-06,CHF,NGN,sell,166.3202
2015-01-06,CNY,NGN,buy,26.8761
2015-01-06,CNY,NGN,middle,26.957
2015-01-06,CNY,NGN,sell,27.0379
2015-01-06,DKK,NGN,buy,26.6948
2015-01-06,DKK,NGN,middle,26.7747
2015-01-06,DKK,NGN,sell,26.8546
2015-01-06,EUR,NGN,buy,198.6632
2015-01-06,EUR,NGN,middle,199.258
2015-01-06,EUR,NGN,sell,199.8528
2015-01-06,GBP,NGN,buy,253.8066
2015-01-06,GBP,NGN,middle,254.5665
2015-01-06,GBP,NGN,sell,255.3264
2015-01-06,JPY,NGN,buy,1.3996
2015-01-06,JPY,NGN,middle,1.4038
2015-01-06,JPY,NGN,sell,1.408
2015-01-06,SAR,NGN,buy,44.4883
2015-01-06,SAR,NGN,middle,44.6215
2015-01-06,SAR,NGN,sell,44.7546
2015-01-06,USD,NGN,buy,167
2015-01-06,USD,NGN,middle,167.5
2015-01-06,USD,NGN,sell,168
2015-01-06,XDR,NGN,buy,239.3945
2015-01-06,XDR,NGN,middle,240.1113
2015-01-06,XDR,NGN,sell,240.828
2015-01-06,XOF,NGN,buy,0.2935
2015-01-06,XOF,NGN,middle,0.3035
2015-01-06,XOF,NGN,sell,0.3135
2015-01-06,XUA,NGN,buy,242.0204
2015-01-06,XUA,NGN,middle,242.745
2015-01-06,XUA,NGN,sell,243.4696
2015-01-07,CHF,NGN,buy,164.4834
2015-01-07,CHF,NGN,middle,164.9759
2015-01-07,CHF,NGN,sell,165.4683
2015-01-07,CNY,NGN,buy,26.8774
2015-01-07,CNY,NGN,middle,26.9583
2015-01-07,CNY,NGN,sell,27.0392
2015-01-07,DKK,NGN,buy,26.5459
2015-01-07,DKK,NGN,middle,26.6253
2015-01-07,DKK,NGN,sell,26.7048
2015-01-07,EUR,NGN,buy,197.5944
2015-01-07,EUR,NGN,middle,198.186
2015-01-07,EUR,NGN,sell,198.7776
2015-01-07,GBP,NGN,buy,252.7211
2015-01-07,GBP,NGN,middle,253.4778
2015-01-07,GBP,NGN,sell,254.2344
2015-01-07,JPY,NGN,buy,1.4011
2015-01-07,JPY,NGN,middle,1.4053
2015-01-07,JPY,NGN,sell,1.4095
2015-01-07,SAR,NGN,buy,44.4847
2015-01-07,SAR,NGN,middle,44.6179
2015-01-07,SAR,NGN,sell,44.7511
2015-01-07,USD,NGN,buy,167
2015-01-07,USD,NGN,middle,167.5
2015-01-07,USD,NGN,sell,168
2015-01-07,XDR,NGN,buy,238.7098
2015-01-07,XDR,NGN,middle,239.4245
2015-01-07,XDR,NGN,sell,240.1392
2015-01-07,XOF,NGN,buy,0.2842
2015-01-07,XOF,NGN,middle,0.2942
2015-01-07,XOF,NGN,sell,0.3042
2015-01-07,XUA,NGN,buy,238.6054
2015-01-07,XUA,NGN,middle,239.3198
2015-01-07,XUA,NGN,sell,240.0342
2015-01-08,CHF,NGN,buy,163.5812
2015-01-08,CHF,NGN,middle,164.0709
2015-01-08,CHF,NGN,sell,164.5607
2015-01-08,CNY,NGN,buy,26.8704
2015-01-08,CNY,NGN,middle,26.9513
2015-01-08,CNY,NGN,sell,27.0322
2015-01-08,DKK,NGN,buy,26.4132
2015-01-08,DKK,NGN,middle,26.4923
2015-01-08,DKK,NGN,sell,26.5713
2015-01-08,EUR,NGN,buy,196.5256
2015-01-08,EUR,NGN,middle,197.114
2015-01-08,EUR,NGN,sell,197.7024
2015-01-08,GBP,NGN,buy,251.5855
2015-01-08,GBP,NGN,middle,252.3388
2015-01-08,GBP,NGN,sell,253.092
2015-01-08,JPY,NGN,buy,1.3936
2015-01-08,JPY,NGN,middle,1.3978
2015-01-08,JPY,NGN,sell,1.402
2015-01-08,SAR,NGN,buy,44.4681
2015-01-08,SAR,NGN,middle,44.6013
2015-01-08,SAR,NGN,sell,44.7344
2015-01-08,USD,NGN,buy,167
2015-01-08,USD,NGN,middle,167.5
2015-01-08,USD,NGN,sell,168
2015-01-08,XDR,NGN,buy,238.7098
2015-01-08,XDR,NGN,middle,239.4245
2015-01-08,XDR,NGN,sell,240.1392
2015-01-08,XOF,NGN,buy,0.2842
2015-01-08,XOF,NGN,middle,0.2942
2015-01-08,XOF,NGN,sell,0.3042
2015-01-08,XUA,NGN,buy,238.6054
2015-01-08,XUA,NGN,middle,239.3198
2015-01-08,XUA,NGN,sell,240.0342
2015-01-09,CHF,NGN,buy,164.2569
2015-01-09,CHF,NGN,middle,164.7487
2015-01-09,CHF,NGN,sell,165.2405
2015-01-09,CNY,NGN,buy,26.8955
2015-01-09,CNY,NGN,middle,26.9765
2015-01-09,CNY,NGN,sell,27.0575
2015-01-09,DKK,NGN,buy,26.5151
2015-01-09,DKK,NGN,middle,26.5945
2015-01-09,DKK,NGN,sell,26.6739
2015-01-09,EUR,NGN,buy,197.2771
2015-01-09,EUR,NGN,middle,197.8678
2015-01-09,EUR,NGN,sell,198.4584
2015-01-09,GBP,NGN,buy,252.9215
2015-01-09,GBP,NGN,middle,253.6788
2015-01-09,GBP,NGN,sell,254.436
2015-01-09,JPY,NGN,buy,1.4003
2015-01-09,JPY,NGN,middle,1.4045
2015-01-09,JPY,NGN,sell,1.4087
2015-01-09,SAR,NGN,buy,44.48
2015-01-09,SAR,NGN,middle,44.6131
2015-01-09,SAR,NGN,sell,44.7463
2015-01-09,USD,NGN,buy,167
2015-01-09,USD,NGN,middle,167.5
2015-01-09,USD,NGN,sell,168
2015-01-09,XDR,NGN,buy,238.1754
2015-01-09,XDR,NGN,middle,238.8885
2015-01-09,XDR,NGN,sell,239.6016
2015-01-09,XOF,NGN,buy,0.2805
2015-01-09,XOF,NGN,middle,0.2905
2015-01-09,XOF,NGN,sell,0.3005
2015-01-09,XUA,NGN,buy,237.4699
2015-01-09,XUA,NGN,middle,238.1809
2015-01-09,XUA,NGN,sell,238.8919
2015-01-12,CHF,NGN,buy,164.0472
2015-01-12,CHF,NGN,middle,164.5383
2015-01-12,CHF,NGN,sell,165.0295
2015-01-12,CNY,NGN,buy,26.9185
2015-01-12,CNY,NGN,middle,26.9996
2015-01-12,CNY,NGN,sell,27.0806
2015-01-12,DKK,NGN,buy,26.4861
2015-01-12,DKK,NGN,middle,26.5654
2015-01-12,DKK,NGN,sell,26.6447
2015-01-12,EUR,NGN,buy,197.0767
2015-01-12,EUR,NGN,middle,197.6668
2015-01-12,EUR,NGN,sell,198.2568
2015-01-12,GBP,NGN,buy,252.9549
2015-01-12,GBP,NGN,middle,253.7123
2015-01-12,GBP,NGN,sell,254.4696
2015-01-12,JPY,NGN,buy,1.4011
2015-01-12,JPY,NGN,middle,1.4053
2015-01-12,JPY,NGN,sell,1.4095
2015-01-12,SAR,NGN,buy,44.4717
2015-01-12,SAR,NGN,middle,44.6048
2015-01-12,SAR,NGN,sell,44.738
2015-01-12,USD,NGN,buy,167
2015-01-12,USD,NGN,middle,167.5
2015-01-12,USD,NGN,sell,168
2015-01-12,XDR,NGN,buy,238.5762
2015-01-12,XDR,NGN,middle,239.2905
2015-01-12,XDR,NGN,sell,240.0048
2015-01-12,XOF,NGN,buy,0.2816
2015-01-12,XOF,NGN,middle,0.2916
2015-01-12,XOF,NGN,sell,0.3016
2015-01-12,XUA,NGN,buy,237.9644
2015-01-12,XUA,NGN,middle,238.6768
2015-01-12,XUA,NGN,sell,239.3893
2015-01-13,CHF,NGN,buy,163.9183
2015-01-13,CHF,NGN,middle,164.4091
2015-01-13,CHF,NGN,sell,164.8999
2015-01-13,CNY,NGN,buy,26.9433
2015-01-13,CNY,NGN,middle,27.0244
2015-01-13,CNY,NGN,sell,27.1055
2015-01-13,DKK,NGN,buy,26.4672
2015-01-13,DKK,NGN,middle,26.5464
2015-01-13,DKK,NGN,sell,26.6257
2015-01-13,EUR,NGN,buy,196.9264
2015-01-13,EUR,NGN,middle,197.516
2015-01-13,EUR,NGN,sell,198.1056
2015-01-13,GBP,NGN,buy,253.0885
2015-01-13,GBP,NGN,middle,253.8463
2015-01-13,GBP,NGN,sell,254.604
2015-01-13,JPY,NGN,buy,1.4083
2015-01-13,JPY,NGN,middle,1.4125
2015-01-13,JPY,NGN,sell,1.4168
2015-01-13,SAR,NGN,buy,44.48
2015-01-13,SAR,NGN,middle,44.6131
2015-01-13,SAR,NGN,sell,44.7463
2015-01-13,USD,NGN,buy,167
2015-01-13,USD,NGN,middle,167.5
2015-01-13,USD,NGN,sell,168
2015-01-13,XDR,NGN,buy,238.6263
2015-01-13,XDR,NGN,middle,239.3408
2015-01-13,XDR,NGN,sell,240.0552
2015-01-13,XOF,NGN,buy,0.2814
2015-01-13,XOF,NGN,middle,0.2914
2015-01-13,XOF,NGN,sell,0.3014
2015-01-13,XUA,NGN,buy,237.8728
2015-01-13,XUA,NGN,middle,238.585
2015-01-13,XUA,NGN,sell,239.2972
2015-01-14,CHF,NGN,buy,163.4211
2015-01-14,CHF,NGN,middle,163.9104
2015-01-14,CHF,NGN,sell,164.3996
2015-01-14,CNY,NGN,buy,26.9511
2015-01-14,CNY,NGN,middle,27.0322
2015-01-14,CNY,NGN,sell,27.1134
2015-01-14,DKK,NGN,buy,26.3869
2015-01-14,DKK,NGN,middle,26.4659
2015-01-14,DKK,NGN,sell,26.5449
2015-01-14,EUR,NGN,buy,196.3085
2015-01-14,EUR,NGN,middle,196.8963
2015-01-14,EUR,NGN,sell,197.484
2015-01-14,GBP,NGN,buy,253.7064
2015-01-14,GBP,NGN,middle,254.466
2015-01-14,GBP,NGN,sell,255.2256
2015-01-14,JPY,NGN,buy,1.4284
2015-01-14,JPY,NGN,middle,1.4327
2015-01-14,JPY,NGN,sell,1.437
2015-01-14,SAR,NGN,buy,44.4859
2015-01-14,SAR,NGN,middle,44.6191
2015-01-14,SAR,NGN,sell,44.7523
2015-01-14,USD,NGN,buy,167
2015-01-14,USD,NGN,middle,167.5
2015-01-14,USD,NGN,sell,168
2015-01-14,XDR,NGN,buy,238.7098
2015-01-14,XDR,NGN,middle,239.4245
2015-01-14,XDR,NGN,sell,240.1392
2015-01-14,XOF,NGN,buy,0.2809
2015-01-14,XOF,NGN,middle,0.2909
2015-01-14,XOF,NGN,sell,0.3009
2015-01-14,XUA,NGN,buy,237.9194
2015-01-14,XUA,NGN,middle,238.6318
2015-01-14,XUA,NGN,sell,239.3441
2015-01-15,CHF,NGN,buy,190.2483
2015-01-15,CHF,NGN,middle,190.818
2015-01-15,CHF,NGN,sell,191.3876
2015-01-15,CNY,NGN,buy,26.9868
2015-01-15,CNY,NGN,middle,27.0681
2015-01-15,CNY,NGN,sell,27.1493
2015-01-15,DKK,NGN,buy,26.2793
2015-01-15,DKK,NGN,middle,26.358
2015-01-15,DKK,NGN,sell,26.4367
2015-01-15,EUR,NGN,buy,195.4401
2015-01-15,EUR,NGN,middle,196.0253
2015-01-15,EUR,NGN,sell,196.6104
2015-01-15,GBP,NGN,buy,254.5581
2015-01-15,GBP,NGN,middle,255.3203
2015-01-15,GBP,NGN,sell,256.0824
2015-01-15,JPY,NGN,buy,1.4334
2015-01-15,JPY,NGN,middle,1.4376
2015-01-15,JPY,NGN,sell,1.4419
2015-01-15,SAR,NGN,buy,44.4918
2015-01-15,SAR,NGN,middle,44.625
2015-01-15,SAR,NGN,sell,44.7582
2015-01-15,USD,NGN,buy,167
2015-01-15,USD,NGN,middle,167.5
2015-01-15,USD,NGN,sell,168
2015-01-15,XDR,NGN,buy,238.3925
2015-01-15,XDR,NGN,middle,239.1063
2015-01-15,XDR,NGN,sell,239.82
2015-01-15,XOF,NGN,buy,0.2807
2015-01-15,XOF,NGN,middle,0.2907
2015-01-15,XOF,NGN,sell,0.3007
2015-01-15,XUA,NGN,buy,237.9927
2015-01-15,XUA,NGN,middle,238.7052
2015-01-15,XUA,NGN,sell,239.4178
2015-01-16,CHF,NGN,buy,190.9663
2015-01-16,CHF,NGN,middle,191.538
2015-01-16,CHF,NGN,sell,192.1098
2015-01-16,CNY,NGN,buy,26.902
2015-01-16,CNY,NGN,middle,26.983
2015-01-16,CNY,NGN,sell,27.064
2015-01-16,DKK,NGN,buy,26.0242
2015-01-16,DKK,NGN,middle,26.1021
2015-01-16,DKK,NGN,sell,26.1801
2015-01-16,EUR,NGN,buy,193.4862
2015-01-16,EUR,NGN,middle,194.0655
2015-01-16,EUR,NGN,sell,194.6448
2015-01-16,GBP,NGN,buy,253.8233
2015-01-16,GBP,NGN,middle,254.5833
2015-01-16,GBP,NGN,sell,255.3432
2015-01-16,JPY,NGN,buy,1.4304
2015-01-16,JPY,NGN,middle,1.4347
2015-01-16,JPY,NGN,sell,1.439
2015-01-16,SAR,NGN,buy,44.4776
2015-01-16,SAR,NGN,middle,44.6108
2015-01-16,SAR,NGN,sell,44.7439
2015-01-16,USD,NGN,buy,167
2015-01-16,USD,NGN,middle,167.5
2015-01-16,USD,NGN,sell,168
2015-01-16,XDR,NGN,buy,238.3925
2015-01-16,XDR,NGN,middle,239.1063
2015-01-16,XDR,NGN,sell,239.82
2015-01-16,XOF,NGN,buy,0.279
2015-01-16,XOF,NGN,middle,0.289
2015-01-16,XOF,NGN,sell,0.299
2015-01-16,XUA,NGN,buy,237.6897
2015-01-16,XUA,NGN,middle,238.4014
2015-01-16,XUA,NGN,sell,239.113
2015-01-19,CHF,NGN,buy,191.0537
2015-01-19,CHF,NGN,middle,191.6257
2015-01-19,CHF,NGN,sell,192.1977
2015-01-19,CNY,NGN,buy,26.848
2015-01-19,CNY,NGN,middle,26.9288
2015-01-19,CNY,NGN,sell,27.0096
2015-01-19,DKK,NGN,buy,26.0526
2015-01-19,DKK,NGN,middle,26.1306
2015-01-19,DKK,NGN,sell,26.2086
2015-01-19,EUR,NGN,buy,193.7367
2015-01-19,EUR,NGN,middle,194.3168
2015-01-19,EUR,NGN,sell,194.8968
2015-01-19,GBP,NGN,buy,253.2555
2015-01-19,GBP,NGN,middle,254.0138
2015-01-19,GBP,NGN,sell,254.772
2015-01-19,JPY,NGN,buy,1.4222
2015-01-19,JPY,NGN,middle,1.4265
2015-01-19,JPY,NGN,sell,1.4308
2015-01-19,SAR,NGN,buy,44.4681
2015-01-19,SAR,NGN,middle,44.6013
2015-01-19,SAR,NGN,sell,44.7344
2015-01-19,USD,NGN,buy,167
2015-01-19,USD,NGN,middle,167.5
2015-01-19,USD,NGN,sell,168
2015-01-19,XDR,NGN,buy,237.5575
2015-01-19,XDR,NGN,middle,238.2688
2015-01-19,XDR,NGN,sell,238.98
2015-01-19,XOF,NGN,buy,0.2759
2015-01-19,XOF,NGN,middle,0.2859
2015-01-19,XOF,NGN,sell,0.2959
2015-01-19,XUA,NGN,buy,236.8538
2015-01-19,XUA,NGN,middle,237.563
2015-01-19,XUA,NGN,sell,238.2721
2015-01-20,CHF,NGN,buy,191.0537
2015-01-20,CHF,NGN,middle,191.6257
2015-01-20,CHF,NGN,sell,192.1977
2015-01-20,CNY,NGN,buy,26.8726
2015-01-20,CNY,NGN,middle,26.9535
2015-01-20,CNY,NGN,sell,27.0344
2015-01-20,DKK,NGN,buy,26.0157
2015-01-20,DKK,NGN,middle,26.0936
2015-01-20,DKK,NGN,sell,26.1715
2015-01-20,EUR,NGN,buy,193.4528
2015-01-20,EUR,NGN,middle,194.032
2015-01-20,EUR,NGN,sell,194.6112
2015-01-20,GBP,NGN,buy,252.8881
2015-01-20,GBP,NGN,middle,253.6453
2015-01-20,GBP,NGN,sell,254.4024
2015-01-20,JPY,NGN,buy,1.4067
2015-01-20,JPY,NGN,middle,1.4109
2015-01-20,JPY,NGN,sell,1.4151
2015-01-20,SAR,NGN,buy,44.4622
2015-01-20,SAR,NGN,middle,44.5953
2015-01-20,SAR,NGN,sell,44.7284
2015-01-20,USD,NGN,buy,167
2015-01-20,USD,NGN,middle,167.5
2015-01-20,USD,NGN,sell,168
2015-01-20,XDR,NGN,buy,237.1233
2015-01-20,XDR,NGN,middle,237.8333
2015-01-20,XDR,NGN,sell,238.5432
2015-01-20,XOF,NGN,buy,0.2759
2015-01-20,XOF,NGN,middle,0.2859
2015-01-20,XOF,NGN,sell,0.2959
2015-01-20,XUA,NGN,buy,236.8538
2015-01-20,XUA,NGN,middle,237.563
2015-01-20,XUA,NGN,sell,238.2721
2015-01-21,CHF,NGN,buy,192.9521
2015-01-21,CHF,NGN,middle,193.5298
2015-01-21,CHF,NGN,sell,194.1075
2015-01-21,CNY,NGN,buy,26.4633
2015-01-21,CNY,NGN,middle,26.543
2015-01-21,CNY,NGN,sell,26.6227
2015-01-21,DKK,NGN,buy,29.7063
2015-01-21,DKK,NGN,middle,29.7953
2015-01-21,DKK,NGN,sell,29.8842
2015-01-21,EUR,NGN,buy,193.3192
2015-01-21,EUR,NGN,middle,193.898
2015-01-21,EUR,NGN,sell,194.4768
2015-01-21,GBP,NGN,buy,252.4539
2015-01-21,GBP,NGN,middle,253.2098
2015-01-21,GBP,NGN,sell,253.9656
2015-01-21,JPY,NGN,buy,1.4203
2015-01-21,JPY,NGN,middle,1.4246
2015-01-21,JPY,NGN,sell,1.4288
2015-01-21,SAR,NGN,buy,44.4527
2015-01-21,SAR,NGN,middle,44.5858
2015-01-21,SAR,NGN,sell,44.7189
2015-01-21,USD,NGN,buy,167
2015-01-21,USD,NGN,middle,167.5
2015-01-21,USD,NGN,sell,168
2015-01-21,XDR,NGN,buy,237.2235
2015-01-21,XDR,NGN,middle,237.9338
2015-01-21,XDR,NGN,sell,238.644
2015-01-21,XOF,NGN,buy,0.2757
2015-01-21,XOF,NGN,middle,0.2857
2015-01-21,XOF,NGN,sell,0.2957
2015-01-21,XUA,NGN,buy,236.4325
2015-01-21,XUA,NGN,middle,237.1404
2015-01-21,XUA,NGN,sell,237.8483
2015-01-22,CHF,NGN,buy,195.0935
2015-01-22,CHF,NGN,middle,195.6776
2015-01-22,CHF,NGN,sell,196.2617
2015-01-22,CNY,NGN,buy,26.8955
2015-01-22,CNY,NGN,middle,26.9765
2015-01-22,CNY,NGN,sell,27.0575
2015-01-22,DKK,NGN,buy,26.1003
2015-01-22,DKK,NGN,middle,26.1784
2015-01-22,DKK,NGN,sell,26.2566
2015-01-22,EUR,NGN,buy,194.3212
2015-01-22,EUR,NGN,middle,194.903
2015-01-22,EUR,NGN,sell,195.4848
2015-01-22,GBP,NGN,buy,253.6229
2015-01-22,GBP,NGN,middle,254.3823
2015-01-22,GBP,NGN,sell,255.1416
2015-01-22,JPY,NGN,buy,1.4193
2015-01-22,JPY,NGN,middle,1.4236
2015-01-22,JPY,NGN,sell,1.4278
2015-01-22,SAR,NGN,buy,44.4456
2015-01-22,SAR,NGN,middle,44.5787
2015-01-22,SAR,NGN,sell,44.7118
2015-01-22,USD,NGN,buy,167
2015-01-22,USD,NGN,middle,167.5
2015-01-22,USD,NGN,sell,168
2015-01-22,XDR,NGN,buy,237.2235
2015-01-22,XDR,NGN,middle,237.9338
2015-01-22,XDR,NGN,sell,238.644
2015-01-22,XOF,NGN,buy,0.276
2015-01-22,XOF,NGN,middle,0.286
2015-01-22,XOF,NGN,sell,0.296
2015-01-22,XUA,NGN,buy,236.5109
2015-01-22,XUA,NGN,middle,237.219
2015-01-22,XUA,NGN,sell,237.9271
2015-01-23,CHF,NGN,buy,190.4653
2015-01-23,CHF,NGN,middle,191.0356
2015-01-23,CHF,NGN,sell,191.6058
2015-01-23,CNY,NGN,buy,26.8092
2015-01-23,CNY,NGN,middle,26.8899
2015-01-23,CNY,NGN,sell,26.9706
2015-01-23,DKK,NGN,buy,25.0928
2015-01-23,DKK,NGN,middle,25.1679
2015-01-23,DKK,NGN,sell,25.243
2015-01-23,EUR,NGN,buy,186.8062
2015-01-23,EUR,NGN,middle,187.3655
2015-01-23,EUR,NGN,sell,187.9248
2015-01-23,GBP,NGN,buy,250.0992
2015-01-23,GBP,NGN,middle,250.848
2015-01-23,GBP,NGN,sell,251.5968
2015-01-23,JPY,NGN,buy,1.416
2015-01-23,JPY,NGN,middle,1.4202
2015-01-23,JPY,NGN,sell,1.4245
2015-01-23,SAR,NGN,buy,44.4504
2015-01-23,SAR,NGN,middle,44.5834
2015-01-23,SAR,NGN,sell,44.7165
2015-01-23,USD,NGN,buy,167
2015-01-23,USD,NGN,middle,167.5
2015-01-23,USD,NGN,sell,168
2015-01-23,XDR,NGN,buy,237.6744
2015-01-23,XDR,NGN,middle,238.386
2015-01-23,XDR,NGN,sell,239.0976
2015-01-23,XOF,NGN,buy,0.2767
2015-01-23,XOF,NGN,middle,0.2867
2015-01-23,XOF,NGN,sell,0.2967
2015-01-23,XUA,NGN,buy,236.9587
2015-01-23,XUA,NGN,middle,237.6681
2015-01-23,XUA,NGN,sell,238.3776
2015-01-26,CHF,NGN,buy,187.3878
2015-01-26,CHF,NGN,middle,187.9488
2015-01-26,CHF,NGN,sell,188.5099
2015-01-26,CNY,NGN,buy,26.6999
2015-01-26,CNY,NGN,middle,26.7803
2015-01-26,CNY,NGN,sell,26.8607
2015-01-26,DKK,NGN,buy,25.184
2015-01-26,DKK,NGN,middle,25.2594
2015-01-26,DKK,NGN,sell,25.3348
2015-01-26,EUR,NGN,buy,187.541
2015-01-26,EUR,NGN,middle,188.1025
2015-01-26,EUR,NGN,sell,188.664
2015-01-26,GBP,NGN,buy,250.7338
2015-01-26,GBP,NGN,middle,251.4845
2015-01-26,GBP,NGN,sell,252.2352
2015-01-26,JPY,NGN,buy,1.4126
2015-01-26,JPY,NGN,middle,1.4168
2015-01-26,JPY,NGN,sell,1.4211
2015-01-26,SAR,NGN,buy,44.4338
2015-01-26,SAR,NGN,middle,44.5668
2015-01-26,SAR,NGN,sell,44.6999
2015-01-26,USD,NGN,buy,167
2015-01-26,USD,NGN,middle,167.5
2015-01-26,USD,NGN,sell,168
2015-01-26,XDR,NGN,buy,234.4346
2015-01-26,XDR,NGN,middle,235.1365
2015-01-26,XDR,NGN,sell,235.8384
2015-01-26,XOF,NGN,buy,0.2659
2015-01-26,XOF,NGN,middle,0.2759
2015-01-26,XOF,NGN,sell,0.2859
2015-01-26,XUA,NGN,buy,233.3106
2015-01-26,XUA,NGN,middle,234.0092
2015-01-26,XUA,NGN,sell,234.7077
2015-01-27,CHF,NGN,buy,185.2057
2015-01-27,CHF,NGN,middle,185.7602
2015-01-27,CHF,NGN,sell,186.3147
2015-01-27,CNY,NGN,buy,26.7448
2015-01-27,CNY,NGN,middle,26.8253
2015-01-27,CNY,NGN,sell,26.9058
2015-01-27,DKK,NGN,buy,25.2873
2015-01-27,DKK,NGN,middle,25.363
2015-01-27,DKK,NGN,sell,25.4387
2015-01-27,EUR,NGN,buy,188.3593
2015-01-27,EUR,NGN,middle,188.9233
2015-01-27,EUR,NGN,sell,189.4872
2015-01-27,GBP,NGN,buy,251.9863
2015-01-27,GBP,NGN,middle,252.7408
2015-01-27,GBP,NGN,sell,253.4952
2015-01-27,JPY,NGN,buy,1.416
2015-01-27,JPY,NGN,middle,1.4202
2015-01-27,JPY,NGN,sell,1.4245
2015-01-27,SAR,NGN,buy,44.4149
2015-01-27,SAR,NGN,middle,44.5479
2015-01-27,SAR,NGN,sell,44.6809
2015-01-27,USD,NGN,buy,167
2015-01-27,USD,NGN,middle,167.5
2015-01-27,USD,NGN,sell,168
2015-01-27,XDR,NGN,buy,234.4346
2015-01-27,XDR,NGN,middle,235.1365
2015-01-27,XDR,NGN,sell,235.8384
2015-01-27,XOF,NGN,buy,0.2659
2015-01-27,XOF,NGN,middle,0.2759
2015-01-27,XOF,NGN,sell,0.2859
2015-01-27,XUA,NGN,buy,233.3106
2015-01-27,XUA,NGN,middle,234.0092
2015-01-27,XUA,NGN,sell,234.7077
2015-01-28,CHF,NGN,buy,185.2057
2015-01-28,CHF,NGN,middle,185.7602
2015-01-28,CHF,NGN,sell,186.3147
2015-01-28,CNY,NGN,buy,26.7255
2015-01-28,CNY,NGN,middle,26.806
2015-01-28,CNY,NGN,sell,26.8865
2015-01-28,DKK,NGN,buy,25.4923
2015-01-28,DKK,NGN,middle,25.5686
2015-01-28,DKK,NGN,sell,25.6449
2015-01-28,EUR,NGN,buy,189.7955
2015-01-28,EUR,NGN,middle,190.3638
2015-01-28,EUR,NGN,sell,190.932
2015-01-28,GBP,NGN,buy,253.9569
2015-01-28,GBP,NGN,middle,254.7173
2015-01-28,GBP,NGN,sell,255.4776
2015-01-28,JPY,NGN,buy,1.4178
2015-01-28,JPY,NGN,middle,1.422
2015-01-28,JPY,NGN,sell,1.4263
2015-01-28,SAR,NGN,buy,44.4149
2015-01-28,SAR,NGN,middle,44.5479
2015-01-28,SAR,NGN,sell,44.6809
2015-01-28,USD,NGN,buy,167
2015-01-28,USD,NGN,middle,167.5
2015-01-28,USD,NGN,sell,168
2015-01-28,XDR,NGN,buy,234.9356
2015-01-28,XDR,NGN,middle,235.639
2015-01-28,XDR,NGN,sell,236.3424
2015-01-28,XOF,NGN,buy,0.2687
2015-01-28,XOF,NGN,middle,0.2787
2015-01-28,XOF,NGN,sell,0.2887
2015-01-28,XUA,NGN,buy,234.2364
2015-01-28,XUA,NGN,middle,234.9377
2015-01-28,XUA,NGN,sell,235.639
2015-01-29,CHF,NGN,buy,181.5217
2015-01-29,CHF,NGN,middle,182.0652
2015-01-29,CHF,NGN,sell,182.6087
2015-01-29,CNY,NGN,buy,26.7328
2015-01-29,CNY,NGN,middle,26.8133
2015-01-29,CNY,NGN,sell,26.8938
2015-01-29,DKK,NGN,buy,25.3587
2015-01-29,DKK,NGN,middle,25.4347
2015-01-29,DKK,NGN,sell,25.5106
2015-01-29,EUR,NGN,buy,188.8102
2015-01-29,EUR,NGN,middle,189.3755
2015-01-29,EUR,NGN,sell,189.9408
2015-01-29,GBP,NGN,buy,252.6877
2015-01-29,GBP,NGN,middle,253.4443
2015-01-29,GBP,NGN,sell,254.2008
2015-01-29,JPY,NGN,buy,1.4137
2015-01-29,JPY,NGN,middle,1.4179
2015-01-29,JPY,NGN,sell,1.4222
2015-01-29,SAR,NGN,buy,44.3972
2015-01-29,SAR,NGN,middle,44.5301
2015-01-29,SAR,NGN,sell,44.663
2015-01-29,USD,NGN,buy,167
2015-01-29,USD,NGN,middle,167.5
2015-01-29,USD,NGN,sell,168
2015-01-29,XDR,NGN,buy,235.7706
2015-01-29,XDR,NGN,middle,236.4765
2015-01-29,XDR,NGN,sell,237.1824
2015-01-29,XOF,NGN,buy,0.2687
2015-01-29,XOF,NGN,middle,0.2787
2015-01-29,XOF,NGN,sell,0.2887
2015-01-29,XUA,NGN,buy,234.2364
2015-01-29,XUA,NGN,middle,234.9377
2015-01-29,XUA,NGN,sell,235.639
2015-01-30,CHF,NGN,buy,180.5796
2015-01-30,CHF,NGN,middle,181.1202
2015-01-30,CHF,NGN,sell,181.6609
2015-01-30,CNY,NGN,buy,26.717
2015-01-30,CNY,NGN,middle,26.7974
2015-01-30,CNY,NGN,sell,26.8778
2015-01-30,DKK,NGN,buy,25.4569
2015-01-30,DKK,NGN,middle,25.5331
2015-01-30,DKK,NGN,sell,25.6094
2015-01-30,EUR,NGN,buy,189.4448
2015-01-30,EUR,NGN,middle,190.012
2015-01-30,EUR,NGN,sell,190.5792
2015-01-30,GBP,NGN,buy,251.9529
2015-01-30,GBP,NGN,middle,252.7073
2015-01-30,GBP,NGN,sell,253.4616
2015-01-30,JPY,NGN,buy,1.4192
2015-01-30,JPY,NGN,middle,1.4235
2015-01-30,JPY,NGN,sell,1.4277
2015-01-30,SAR,NGN,buy,44.3972
2015-01-30,SAR,NGN,middle,44.5301
2015-01-30,SAR,NGN,sell,44.663
2015-01-30,USD,NGN,buy,167
2015-01-30,USD,NGN,middle,167.5
2015-01-30,USD,NGN,sell,168
2015-01-30,XDR,NGN,buy,235.2863
2015-01-30,XDR,NGN,middle,235.9908
2015-01-30,XDR,NGN,sell,236.6952
2015-01-30,XOF,NGN,buy,0.2689
2015-01-30,XOF,NGN,middle,0.2789
2015-01-30,XOF,NGN,sell,0.2889
2015-01-30,XUA,NGN,buy,234.5928
2015-01-30,XUA,NGN,middle,235.2951
2015-01-30,XUA,NGN,sell,235.9975
2015-02-02,CHF,NGN,buy,179.1845
2015-02-02,CHF,NGN,middle,179.721
2015-02-02,CHF,NGN,sell,180.2575
2015-02-02,CNY,NGN,buy,26.6768
2015-02-02,CNY,NGN,middle,26.7572
2015-02-02,CNY,NGN,sell,26.8375
2015-02-02,DKK,NGN,buy,25.39
2015-02-02,DKK,NGN,middle,25.466
2015-02-02,DKK,NGN,sell,25.542
2015-02-02,EUR,NGN,buy,189.0273
2015-02-02,EUR,NGN,middle,189.5933
2015-02-02,EUR,NGN,sell,190.1592
2015-02-02,GBP,NGN,buy,250.8006
2015-02-02,GBP,NGN,middle,251.5515
2015-02-02,GBP,NGN,sell,252.3024
2015-02-02,JPY,NGN,buy,1.4197
2015-02-02,JPY,NGN,middle,1.424
2015-02-02,JPY,NGN,sell,1.4282
2015-02-02,SAR,NGN,buy,44.4444
2015-02-02,SAR,NGN,middle,44.5775
2015-02-02,SAR,NGN,sell,44.7106
2015-02-02,USD,NGN,buy,167
2015-02-02,USD,NGN,middle,167.5
2015-02-02,USD,NGN,sell,168
2015-02-02,XDR,NGN,buy,235.2863
2015-02-02,XDR,NGN,middle,235.9908
2015-02-02,XDR,NGN,sell,236.6952
2015-02-02,XOF,NGN,buy,0.2689
2015-02-02,XOF,NGN,middle,0.2789
2015-02-02,XOF,NGN,sell,0.2889
2015-02-02,XUA,NGN,buy,234.5928
2015-02-02,XUA,NGN,middle,235.2951
2015-02-02,XUA,NGN,sell,235.9975
2015-02-03,CHF,NGN,buy,180.1122
2015-02-03,CHF,NGN,middle,180.6514
2015-02-03,CHF,NGN,sell,181.1907
2015-02-03,CNY,NGN,buy,26.6837
2015-02-03,CNY,NGN,middle,26.764
2015-02-03,CNY,NGN,sell,26.8444
2015-02-03,DKK,NGN,buy,25.4608
2015-02-03,DKK,NGN,middle,25.537
2015-02-03,DKK,NGN,sell,25.6133
2015-02-03,EUR,NGN,buy,189.5617
2015-02-03,EUR,NGN,middle,190.1293
2015-02-03,EUR,NGN,sell,190.6968
2015-02-03,GBP,NGN,buy,251.7525
2015-02-03,GBP,NGN,middle,252.5063
2015-02-03,GBP,NGN,sell,253.26
2015-02-03,JPY,NGN,buy,1.4231
2015-02-03,JPY,NGN,middle,1.4274
2015-02-03,JPY,NGN,sell,1.4316
2015-02-03,SAR,NGN,buy,44.4918
2015-02-03,SAR,NGN,middle,44.625
2015-02-03,SAR,NGN,sell,44.7582
2015-02-03,USD,NGN,buy,167
2015-02-03,USD,NGN,middle,167.5
2015-02-03,USD,NGN,sell,168
2015-02-03,XDR,NGN,buy,235.2863
2015-02-03,XDR,NGN,middle,235.9908
2015-02-03,XDR,NGN,sell,236.6952
2015-02-03,XOF,NGN,buy,0.2689
2015-02-03,XOF,NGN,middle,0.2789
2015-02-03,XOF,NGN,sell,0.2889
2015-02-03,XUA,NGN,buy,234.5928
2015-02-03,XUA,NGN,middle,235.2951
2015-02-03,XUA,NGN,sell,235.9975
2015-02-04,CHF,NGN,buy,180.1316
2015-02-04,CHF,NGN,middle,180.6709
2015-02-04,CHF,NGN,sell,181.2102
2015-02-04,CNY,NGN,buy,26.7268
2015-02-04,CNY,NGN,middle,26.8073
2015-02-04,CNY,NGN,sell,26.8877
2015-02-04,DKK,NGN,buy,25.6864
2015-02-04,DKK,NGN,middle,25.7633
2015-02-04,DKK,NGN,sell,25.8402
2015-02-04,EUR,NGN,buy,191.1983
2015-02-04,EUR,NGN,middle,191.7708
2015-02-04,EUR,NGN,sell,192.3432
2015-02-04,GBP,NGN,buy,254.1072
2015-02-04,GBP,NGN,middle,254.868
2015-02-04,GBP,NGN,sell,255.6288
2015-02-04,JPY,NGN,buy,1.4216
2015-02-04,JPY,NGN,middle,1.4259
2015-02-04,JPY,NGN,sell,1.4302
2015-02-04,SAR,NGN,buy,44.5037
2015-02-04,SAR,NGN,middle,44.6369
2015-02-04,SAR,NGN,sell,44.7702
2015-02-04,USD,NGN,buy,167
2015-02-04,USD,NGN,middle,167.5
2015-02-04,USD,NGN,sell,168
2015-02-04,XDR,NGN,buy,236.5388
2015-02-04,XDR,NGN,middle,237.247
2015-02-04,XDR,NGN,sell,237.9552
2015-02-04,XOF,NGN,buy,0.2689
2015-02-04,XOF,NGN,middle,0.2789
2015-02-04,XOF,NGN,sell,0.2889
2015-02-04,XUA,NGN,buy,234.5928
2015-02-04,XUA,NGN,middle,235.2951
2015-02-04,XUA,NGN,sell,235.9975
2015-02-05,CHF,NGN,buy,179.9957
2015-02-05,CHF,NGN,middle,180.5346
2015-02-05,CHF,NGN,sell,181.0735
2015-02-05,CNY,NGN,buy,26.4633
2015-02-05,CNY,NGN,middle,26.543
2015-02-05,CNY,NGN,sell,26.6227
2015-02-05,DKK,NGN,buy,25.6265
2015-02-05,DKK,NGN,middle,25.7032
2015-02-05,DKK,NGN,sell,25.7799
2015-02-05,EUR,NGN,buy,190.8476
2015-02-05,EUR,NGN,middle,191.419
2015-02-05,EUR,NGN,sell,191.9904
2015-02-05,GBP,NGN,buy,254.675
2015-02-05,GBP,NGN,middle,255.4375
2015-02-05,GBP,NGN,sell,256.2
2015-02-05,JPY,NGN,buy,1.4224
2015-02-05,JPY,NGN,middle,1.4266
2015-02-05,JPY,NGN,sell,1.4309
2015-02-05,SAR,NGN,buy,44.4918
2015-02-05,SAR,NGN,middle,44.625
2015-02-05,SAR,NGN,sell,44.7582
2015-02-05,USD,NGN,buy,167
2015-02-05,USD,NGN,middle,167.5
2015-02-05,USD,NGN,sell,168
2015-02-05,XDR,NGN,buy,236.4052
2015-02-05,XDR,NGN,middle,237.113
2015-02-05,XDR,NGN,sell,237.8208
2015-02-05,XOF,NGN,buy,0.2731
2015-02-05,XOF,NGN,middle,0.2831
2015-02-05,XOF,NGN,sell,0.2931
2015-02-05,XUA,NGN,buy,236.5388
2015-02-05,XUA,NGN,middle,237.247
2015-02-05,XUA,NGN,sell,237.9552
2015-02-06,CHF,NGN,buy,181.1673
2015-02-06,CHF,NGN,middle,181.7097
2015-02-06,CHF,NGN,sell,182.2521
2015-02-06,CNY,NGN,buy,26.7426
2015-02-06,CNY,NGN,middle,26.8232
2015-02-06,CNY,NGN,sell,26.9037
2015-02-06,DKK,NGN,buy,25.6816
2015-02-06,DKK,NGN,middle,25.7585
2015-02-06,DKK,NGN,sell,25.8354
2015-02-06,EUR,NGN,buy,191.2317
2015-02-06,EUR,NGN,middle,191.8043
2015-02-06,EUR,NGN,sell,192.3768
2015-02-06,GBP,NGN,buy,256.2114
2015-02-06,GBP,NGN,middle,256.9785
2015-02-06,GBP,NGN,sell,257.7456
2015-02-06,JPY,NGN,buy,1.4233
2015-02-06,JPY,NGN,middle,1.4276
2015-02-06,JPY,NGN,sell,1.4319
2015-02-06,SAR,NGN,buy,44.4954
2015-02-06,SAR,NGN,middle,44.6286
2015-02-06,SAR,NGN,sell,44.7618
2015-02-06,USD,NGN,buy,167
2015-02-06,USD,NGN,middle,167.5
2015-02-06,USD,NGN,sell,168
2015-02-06,XDR,NGN,buy,236.6891
2015-02-06,XDR,NGN,middle,237.3978
2015-02-06,XDR,NGN,sell,238.1064
2015-02-06,XOF,NGN,buy,0.2722
2015-02-06,XOF,NGN,middle,0.2822
2015-02-06,XOF,NGN,sell,0.2922
2015-02-06,XUA,NGN,buy,236.4102
2015-02-06,XUA,NGN,middle,237.118
2015-02-06,XUA,NGN,sell,237.8258
2015-02-09,CHF,NGN,buy,180.3066
2015-02-09,CHF,NGN,middle,180.8465
2015-02-09,CHF,NGN,sell,181.3863
2015-02-09,CNY,NGN,buy,26.7311
2015-02-09,CNY,NGN,middle,26.8116
2015-02-09,CNY,NGN,sell,26.892
2015-02-09,DKK,NGN,buy,25.3857
2015-02-09,DKK,NGN,middle,25.4617
2015-02-09,DKK,NGN,sell,25.5377
2015-02-09,EUR,NGN,buy,189.044
2015-02-09,EUR,NGN,middle,189.61
2015-02-09,EUR,NGN,sell,190.176
2015-02-09,GBP,NGN,buy,254.2575
2015-02-09,GBP,NGN,middle,255.0188
2015-02-09,GBP,NGN,sell,255.78
2015-02-09,JPY,NGN,buy,1.4093
2015-02-09,JPY,NGN,middle,1.4135
2015-02-09,JPY,NGN,sell,1.4177
2015-02-09,SAR,NGN,buy,44.5049
2015-02-09,SAR,NGN,middle,44.6381
2015-02-09,SAR,NGN,sell,44.7713
2015-02-09,USD,NGN,buy,167
2015-02-09,USD,NGN,middle,167.5
2015-02-09,USD,NGN,sell,168
2015-02-09,XDR,NGN,buy,235.3865
2015-02-09,XDR,NGN,middle,236.0913
2015-02-09,XDR,NGN,sell,236.796
2015-02-09,XOF,NGN,buy,0.2732
2015-02-09,XOF,NGN,middle,0.2832
2015-02-09,XOF,NGN,sell,0.2932
2015-02-09,XUA,NGN,buy,236.6941
2015-02-09,XUA,NGN,middle,237.4027
2015-02-09,XUA,NGN,sell,238.1114
2015-02-10,CHF,NGN,buy,180.4235
2015-02-10,CHF,NGN,middle,180.9637
2015-02-10,CHF,NGN,sell,181.5039
2015-02-10,CNY,NGN,buy,26.7555
2015-02-10,CNY,NGN,middle,26.836
2015-02-10,CNY,NGN,sell,26.9166
2015-02-10,DKK,NGN,buy,25.2969
2015-02-10,DKK,NGN,middle,25.3726
2015-02-10,DKK,NGN,sell,25.4484
2015-02-10,EUR,NGN,buy,188.3593
2015-02-10,EUR,NGN,middle,188.9233
2015-02-10,EUR,NGN,sell,189.4872
2015-02-10,GBP,NGN,buy,254.0404
2015-02-10,GBP,NGN,middle,254.801
2015-02-10,GBP,NGN,sell,255.5616
2015-02-10,JPY,NGN,buy,1.4035
2015-02-10,JPY,NGN,middle,1.4077
2015-02-10,JPY,NGN,sell,1.4119
2015-02-10,SAR,NGN,buy,44.5072
2015-02-10,SAR,NGN,middle,44.6405
2015-02-10,SAR,NGN,sell,44.7737
2015-02-10,USD,NGN,buy,167
2015-02-10,USD,NGN,middle,167.5
2015-02-10,USD,NGN,sell,168
2015-02-10,XDR,NGN,buy,235.0692
2015-02-10,XDR,NGN,middle,235.773
2015-02-10,XDR,NGN,sell,236.4768
2015-02-10,XOF,NGN,buy,0.2688
2015-02-10,XOF,NGN,middle,0.2788
2015-02-10,XOF,NGN,sell,0.2888
2015-02-10,XUA,NGN,buy,235.3882
2015-02-10,XUA,NGN,middle,236.0929
2015-02-10,XUA,NGN,sell,236.7977
2015-02-11,CHF,NGN,buy,180.2872
2015-02-11,CHF,NGN,middle,180.8269
2015-02-11,CHF,NGN,sell,181.3667
2015-02-11,CNY,NGN,buy,26.7482
2015-02-11,CNY,NGN,middle,26.8287
2015-02-11,CNY,NGN,sell,26.9093
2015-02-11,DKK,NGN,buy,25.3846
2015-02-11,DKK,NGN,middle,25.4606
2015-02-11,DKK,NGN,sell,25.5366
2015-02-11,EUR,NGN,buy,188.9772
2015-02-11,EUR,NGN,middle,189.543
2015-02-11,EUR,NGN,sell,190.1088
2015-02-11,GBP,NGN,buy,255.4432
2015-02-11,GBP,NGN,middle,256.208
2015-02-11,GBP,NGN,sell,256.9728
2015-02-11,JPY,NGN,buy,1.3946
2015-02-11,JPY,NGN,middle,1.3987
2015-02-11,JPY,NGN,sell,1.4029
2015-02-11,SAR,NGN,buy,44.5037
2015-02-11,SAR,NGN,middle,44.6369
2015-02-11,SAR,NGN,sell,44.7702
2015-02-11,USD,NGN,buy,167
2015-02-11,USD,NGN,middle,167.5
2015-02-11,USD,NGN,sell,168
2015-02-11,XDR,NGN,buy,235.2863
2015-02-11,XDR,NGN,middle,235.9908
2015-02-11,XDR,NGN,sell,236.6952
2015-02-11,XOF,NGN,buy,0.2693
2015-02-11,XOF,NGN,middle,0.2793
2015-02-11,XOF,NGN,sell,0.2893
2015-02-11,XUA,NGN,buy,235.0726
2015-02-11,XUA,NGN,middle,235.7764
2015-02-11,XUA,NGN,sell,236.4802
2015-02-12,CHF,NGN,buy,179.4541
2015-02-12,CHF,NGN,middle,179.9914
2015-02-12,CHF,NGN,sell,180.5287
2015-02-12,CNY,NGN,buy,26.7405
2015-02-12,CNY,NGN,middle,26.821
2015-02-12,CNY,NGN,sell,26.9015
2015-02-12,DKK,NGN,buy,25.4422
2015-02-12,DKK,NGN,middle,25.5184
2015-02-12,DKK,NGN,sell,25.5945
2015-02-12,EUR,NGN,buy,189.4615
2015-02-12,EUR,NGN,middle,190.0288
2015-02-12,EUR,NGN,sell,190.5987
2015-02-12,GBP,NGN,buy,256.2448
2015-02-12,GBP,NGN,middle,257.012
2015-02-12,GBP,NGN,sell,257.7792
2015-02-12,JPY,NGN,buy,1.3949
2015-02-12,JPY,NGN,middle,1.3991
2015-02-12,JPY,NGN,sell,1.4033
2015-02-12,SAR,NGN,buy,44.5096
2015-02-12,SAR,NGN,middle,44.6429
2015-02-12,SAR,NGN,sell,44.7761
2015-02-12,USD,NGN,buy,167
2015-02-12,USD,NGN,middle,167.5
2015-02-12,USD,NGN,sell,168
2015-02-12,XDR,NGN,buy,235.637
2015-02-12,XDR,NGN,middle,236.3425
2015-02-12,XDR,NGN,sell,237.048
2015-02-12,XOF,NGN,buy,0.2698
2015-02-12,XOF,NGN,middle,0.2798
2015-02-12,XOF,NGN,sell,0.2898
2015-02-12,XUA,NGN,buy,235.2813
2015-02-12,XUA,NGN,middle,235.9858
2015-02-12,XUA,NGN,sell,236.6902
2015-02-13,CHF,NGN,buy,179.6472
2015-02-13,CHF,NGN,middle,180.185
2015-02-13,CHF,NGN,sell,180.7229
2015-02-13,CNY,NGN,buy,26.7589
2015-02-13,CNY,NGN,middle,26.8395
2015-02-13,CNY,NGN,sell,26.9201
2015-02-13,DKK,NGN,buy,25.6033
2015-02-13,DKK,NGN,middle,25.6799
2015-02-13,DKK,NGN,sell,25.7566
2015-02-13,EUR,NGN,buy,190.6305
2015-02-13,EUR,NGN,middle,191.2013
2015-02-13,EUR,NGN,sell,191.772
2015-02-13,GBP,NGN,buy,256.9629
2015-02-13,GBP,NGN,middle,257.7323
2015-02-13,GBP,NGN,sell,258.5016
2015-02-13,JPY,NGN,buy,1.4047
2015-02-13,JPY,NGN,middle,1.4089
2015-02-13,JPY,NGN,sell,1.4131
2015-02-13,SAR,NGN,buy,44.5072
2015-02-13,SAR,NGN,middle,44.6405
2015-02-13,SAR,NGN,sell,44.7737
2015-02-13,USD,NGN,buy,167
2015-02-13,USD,NGN,middle,167.5
2015-02-13,USD,NGN,sell,168
2015-02-13,XDR,NGN,buy,236.3885
2015-02-13,XDR,NGN,middle,237.0963
2015-02-13,XDR,NGN,sell,237.804
2015-02-13,XOF,NGN,buy,0.2698
2015-02-13,XOF,NGN,middle,0.2798
2015-02-13,XOF,NGN,sell,0.2898
2015-02-13,XUA,NGN,buy,235.2813
2015-02-13,XUA,NGN,middle,235.9858
2015-02-13,XUA,NGN,sell,236.6902
2015-02-16,CHF,NGN,buy,179.3
2015-02-16,CHF,NGN,middle,179.8368
2015-02-16,CHF,NGN,sell,180.3736
2015-02-16,CNY,NGN,buy,26.7242
2015-02-16,CNY,NGN,middle,26.8047
2015-02-16,CNY,NGN,sell,26.8852
2015-02-16,DKK,NGN,buy,25.6084
2015-02-16,DKK,NGN,middle,25.6851
2015-02-16,DKK,NGN,sell,25.7617
2015-02-16,EUR,NGN,buy,190.6806
2015-02-16,EUR,NGN,middle,191.2515
2015-02-16,EUR,NGN,sell,191.8224
2015-02-16,GBP,NGN,buy,256.8293
2015-02-16,GBP,NGN,middle,257.5983
2015-02-16,GBP,NGN,sell,258.3672
2015-02-16,JPY,NGN,buy,1.4081
2015-02-16,JPY,NGN,middle,1.4123
2015-02-16,JPY,NGN,sell,1.4165
2015-02-16,SAR,NGN,buy,44.5108
2015-02-16,SAR,NGN,middle,44.644
2015-02-16,SAR,NGN,sell,44.7773
2015-02-16,USD,NGN,buy,167
2015-02-16,USD,NGN,middle,167.5
2015-02-16,USD,NGN,sell,168
2015-02-16,XDR,NGN,buy,236.3885
2015-02-16,XDR,NGN,middle,237.0963
2015-02-16,XDR,NGN,sell,237.804
2015-02-16,XOF,NGN,buy,0.2715
2015-02-16,XOF,NGN,middle,0.2815
2015-02-16,XOF,NGN,sell,0.2915
2015-02-16,XUA,NGN,buy,236.3885
2015-02-16,XUA,NGN,middle,237.0963
2015-02-16,XUA,NGN,sell,237.804
2015-02-17,CHF,NGN,buy,179.4348
2015-02-17,CHF,NGN,middle,179.9721
2015-02-17,CHF,NGN,sell,180.5093
2015-02-17,CNY,NGN,buy,26.6952
2015-02-17,CNY,NGN,middle,26.7756
2015-02-17,CNY,NGN,sell,26.8559
2015-02-17,DKK,NGN,buy,25.6362
2015-02-17,DKK,NGN,middle,25.7131
2015-02-17,DKK,NGN,sell,25.7898
2015-02-17,EUR,NGN,buy,190.8643
2015-02-17,EUR,NGN,middle,191.4358
2015-02-17,EUR,NGN,sell,192.0072
2015-02-17,GBP,NGN,buy,256.9128
2015-02-17,GBP,NGN,middle,257.682
2015-02-17,GBP,NGN,sell,258.4512
2015-02-17,JPY,NGN,buy,1.4056
2015-02-17,JPY,NGN,middle,1.4098
2015-02-17,JPY,NGN,sell,1.414
2015-02-17,SAR,NGN,buy,44.5143
2015-02-17,SAR,NGN,middle,44.6476
2015-02-17,SAR,NGN,sell,44.7809
2015-02-17,USD,NGN,buy,167
2015-02-17,USD,NGN,middle,167.5
2015-02-17,USD,NGN,sell,168
2015-02-17,XDR,NGN,buy,236.5555
2015-02-17,XDR,NGN,middle,237.2638
2015-02-17,XDR,NGN,sell,237.972
2015-02-17,XOF,NGN,buy,0.2715
2015-02-17,XOF,NGN,middle,0.2815
2015-02-17,XOF,NGN,sell,0.2915
2015-02-17,XUA,NGN,buy,236.3885
2015-02-17,XUA,NGN,middle,237.0963
2015-02-17,XUA,NGN,sell,237.804
2015-02-18,CHF,NGN,buy,177.584
2015-02-18,CHF,NGN,middle,178.1157
2015-02-18,CHF,NGN,sell,178.6474
2015-02-18,CNY,NGN,buy,26.6952
2015-02-18,CNY,NGN,middle,26.7756
2015-02-18,CNY,NGN,sell,26.8559
2015-02-18,DKK,NGN,buy,25.5098
2015-02-18,DKK,NGN,middle,25.5862
2015-02-18,DKK,NGN,sell,25.6626
2015-02-18,EUR,NGN,buy,189.9291
2015-02-18,EUR,NGN,middle,190.4978
2015-02-18,EUR,NGN,sell,191.0664
2015-02-18,GBP,NGN,buy,257.6309
2015-02-18,GBP,NGN,middle,258.4023
2015-02-18,GBP,NGN,sell,259.1736
2015-02-18,JPY,NGN,buy,1.3991
2015-02-18,JPY,NGN,middle,1.4033
2015-02-18,JPY,NGN,sell,1.4075
2015-02-18,SAR,NGN,buy,44.5132
2015-02-18,SAR,NGN,middle,44.6464
2015-02-18,SAR,NGN,sell,44.7797
2015-02-18,USD,NGN,buy,167
2015-02-18,USD,NGN,middle,167.5
2015-02-18,USD,NGN,sell,168
2015-02-18,XDR,NGN,buy,236.0712
2015-02-18,XDR,NGN,middle,236.778
2015-02-18,XDR,NGN,sell,237.4848
2015-02-18,XOF,NGN,buy,0.2715
2015-02-18,XOF,NGN,middle,0.2815
2015-02-18,XOF,NGN,sell,0.2915
2015-02-18,XUA,NGN,buy,236.3885
2015-02-18,XUA,NGN,middle,237.0963
2015-02-18,XUA,NGN,sell,237.804
2015-02-19,CHF,NGN,buy,208.9489
2015-02-19,CHF,NGN,middle,209.4766
2015-02-19,CHF,NGN,sell,210.0042
2015-02-19,CNY,NGN,buy,31.6507
2015-02-19,CNY,NGN,middle,31.7311
2015-02-19,CNY,NGN,sell,31.8115
2015-02-19,DKK,NGN,buy,30.2965
2015-02-19,DKK,NGN,middle,30.373
2015-02-19,DKK,NGN,sell,30.4496
2015-02-19,EUR,NGN,buy,225.5616
2015-02-19,EUR,NGN,middle,226.1312
2015-02-19,EUR,NGN,sell,226.7008
2015-02-19,GBP,NGN,buy,306.0486
2015-02-19,GBP,NGN,middle,306.8215
2015-02-19,GBP,NGN,sell,307.5943
2015-02-19,JPY,NGN,buy,1.6636
2015-02-19,JPY,NGN,middle,1.6678
2015-02-19,JPY,NGN,sell,1.672
2015-02-19,SAR,NGN,buy,52.7775
2015-02-19,SAR,NGN,middle,52.9108
2015-02-19,SAR,NGN,sell,53.044
2015-02-19,USD,NGN,buy,198
2015-02-19,USD,NGN,middle,198.5
2015-02-19,USD,NGN,sell,199
2015-02-19,XDR,NGN,buy,279.8928
2015-02-19,XDR,NGN,middle,280.5996
2015-02-19,XDR,NGN,sell,281.3064
2015-02-19,XOF,NGN,buy,0.2713
2015-02-19,XOF,NGN,middle,0.2813
2015-02-19,XOF,NGN,sell,0.2913
2015-02-19,XUA,NGN,buy,236.288
2015-02-19,XUA,NGN,middle,236.8847
2015-02-19,XUA,NGN,sell,237.4814
2015-02-20,CHF,NGN,buy,207.8958
2015-02-20,CHF,NGN,middle,208.4208
2015-02-20,CHF,NGN,sell,208.9458
2015-02-20,CNY,NGN,buy,31.6507
2015-02-20,CNY,NGN,middle,31.7311
2015-02-20,CNY,NGN,sell,31.8115
2015-02-20,DKK,NGN,buy,30.0862
2015-02-20,DKK,NGN,middle,30.1621
2015-02-20,DKK,NGN,sell,30.2381
2015-02-20,EUR,NGN,buy,224.1558
2015-02-20,EUR,NGN,middle,224.7119
2015-02-20,EUR,NGN,sell,225.2879
2015-02-20,GBP,NGN,buy,304.2468
2015-02-20,GBP,NGN,middle,305.0151
2015-02-20,GBP,NGN,sell,305.7834
2015-02-20,JPY,NGN,buy,1.6669
2015-02-20,JPY,NGN,middle,1.6712
2015-02-20,JPY,NGN,sell,1.6754
2015-02-20,SAR,NGN,buy,52.7775
2015-02-20,SAR,NGN,middle,52.9108
2015-02-20,SAR,NGN,sell,53.044
2015-02-20,USD,NGN,buy,198
2015-02-20,USD,NGN,middle,198.5
2015-02-20,USD,NGN,sell,199
2015-02-20,XDR,NGN,buy,280.2294
2015-02-20,XDR,NGN,middle,280.9371
2015-02-20,XDR,NGN,sell,281.6447
2015-02-20,XOF,NGN,buy,0.3255
2015-02-20,XOF,NGN,middle,0.3355
2015-02-20,XOF,NGN,sell,0.3455
2015-02-20,XUA,NGN,buy,280.2334
2015-02-20,XUA,NGN,middle,280.941
2015-02-20,XUA,NGN,sell,281.6487
2015-02-23,CHF,NGN,buy,208.5088
2015-02-23,CHF,NGN,middle,209.0354
2015-02-23,CHF,NGN,sell,209.5619
2015-02-23,CNY,NGN,buy,31.6507
2015-02-23,CNY,NGN,middle,31.7311
2015-02-23,CNY,NGN,sell,31.8115
2015-02-23,DKK,NGN,buy,30.0323
2015-02-23,DKK,NGN,middle,30.1081
2015-02-23,DKK,NGN,sell,30.184
2015-02-23,EUR,NGN,buy,223.9776
2015-02-23,EUR,NGN,middle,224.5432
2015-02-23,EUR,NGN,sell,225.1088
2015-02-23,GBP,NGN,buy,304.0686
2015-02-23,GBP,NGN,middle,304.8365
2015-02-23,GBP,NGN,sell,305.6043
2015-02-23,JPY,NGN,buy,1.6632
2015-02-23,JPY,NGN,middle,1.6674
2015-02-23,JPY,NGN,sell,1.6716
2015-02-23,SAR,NGN,buy,52.7831
2015-02-23,SAR,NGN,middle,52.9164
2015-02-23,SAR,NGN,sell,53.0497
2015-02-23,USD,NGN,buy,198
2015-02-23,USD,NGN,middle,198.5
2015-02-23,USD,NGN,sell,199
2015-02-23,XDR,NGN,buy,306.7812
2015-02-23,XDR,NGN,middle,307.5559
2015-02-23,XDR,NGN,sell,308.3306
2015-02-23,XOF,NGN,buy,0.3228
2015-02-23,XOF,NGN,middle,0.3328
2015-02-23,XOF,NGN,sell,0.3428
2015-02-23,XUA,NGN,buy,279.4473
2015-02-23,XUA,NGN,middle,280.1529
2015-02-23,XUA,NGN,sell,280.8586
2015-02-24,CHF,NGN,buy,216.8648
2015-02-24,CHF,NGN,middle,217.4152
2015-02-24,CHF,NGN,sell,217.9657
2015-02-24,CNY,NGN,buy,31.2174
2015-02-24,CNY,NGN,middle,31.2971
2015-02-24,CNY,NGN,sell,31.3768
2015-02-24,DKK,NGN,buy,35.0428
2015-02-24,DKK,NGN,middle,35.1317
2015-02-24,DKK,NGN,sell,35.2207
2015-02-24,EUR,NGN,buy,260.7295
2015-02-24,EUR,NGN,middle,261.3913
2015-02-24,EUR,NGN,sell,262.053
2015-02-24,GBP,NGN,buy,319.7507
2015-02-24,GBP,NGN,middle,320.5623
2015-02-24,GBP,NGN,sell,321.3738
2015-02-24,JPY,NGN,buy,2.4393
2015-02-24,JPY,NGN,middle,2.4455
2015-02-24,JPY,NGN,sell,2.4517
2015-02-24,SAR,NGN,buy,52.5263
2015-02-24,SAR,NGN,middle,52.6596
2015-02-24,SAR,NGN,sell,52.793
2015-02-24,USD,NGN,buy,197
2015-02-24,USD,NGN,middle,197.5
2015-02-24,USD,NGN,sell,198
2015-02-24,XDR,NGN,buy,278.0852
2015-02-24,XDR,NGN,middle,278.791
2015-02-24,XDR,NGN,sell,279.4968
2015-02-24,XOF,NGN,buy,0.3228
2015-02-24,XOF,NGN,middle,0.3328
2015-02-24,XOF,NGN,sell,0.3428
2015-02-24,XUA,NGN,buy,279.2976
2015-02-24,XUA,NGN,middle,280.0065
2015-02-24,XUA,NGN,sell,280.7154
2015-02-25,CHF,NGN,buy,207.4339
2015-02-25,CHF,NGN,middle,207.9604
2015-02-25,CHF,NGN,sell,208.4869
2015-02-25,CNY,NGN,buy,31.4708
2015-02-25,CNY,NGN,middle,31.5511
2015-02-25,CNY,NGN,sell,31.6314
2015-02-25,DKK,NGN,buy,29.9388
2015-02-25,DKK,NGN,middle,30.0147
2015-02-25,DKK,NGN,sell,30.0907
2015-02-25,EUR,NGN,buy,223.5556
2015-02-25,EUR,NGN,middle,224.123
2015-02-25,EUR,NGN,sell,224.6904
2015-02-25,GBP,NGN,buy,305.1924
2015-02-25,GBP,NGN,middle,305.967
2015-02-25,GBP,NGN,sell,306.7416
2015-02-25,JPY,NGN,buy,1.6576
2015-02-25,JPY,NGN,middle,1.6618
2015-02-25,JPY,NGN,sell,1.666
2015-02-25,SAR,NGN,buy,52.5221
2015-02-25,SAR,NGN,middle,52.6554
2015-02-25,SAR,NGN,sell,52.7887
2015-02-25,USD,NGN,buy,197
2015-02-25,USD,NGN,middle,197.5
2015-02-25,USD,NGN,sell,198
2015-02-25,XDR,NGN,buy,278.4989
2015-02-25,XDR,NGN,middle,279.2058
2015-02-25,XDR,NGN,sell,279.9126
2015-02-25,XOF,NGN,buy,0.3237
2015-02-25,XOF,NGN,middle,0.3337
2015-02-25,XOF,NGN,sell,0.3437
2015-02-25,XUA,NGN,buy,279.4818
2015-02-25,XUA,NGN,middle,280.1912
2015-02-25,XUA,NGN,sell,280.9005
2015-02-26,CHF,NGN,buy,207.9814
2015-02-26,CHF,NGN,middle,208.5093
2015-02-26,CHF,NGN,sell,209.0372
2015-02-26,CNY,NGN,buy,31.4718
2015-02-26,CNY,NGN,middle,31.5521
2015-02-26,CNY,NGN,sell,31.6324
2015-02-26,DKK,NGN,buy,29.9419
2015-02-26,DKK,NGN,middle,30.0179
2015-02-26,DKK,NGN,sell,30.0939
2015-02-26,EUR,NGN,buy,223.6344
2015-02-26,EUR,NGN,middle,224.202
2015-02-26,EUR,NGN,sell,224.7696
2015-02-26,GBP,NGN,buy,305.744
2015-02-26,GBP,NGN,middle,306.52
2015-02-26,GBP,NGN,sell,307.296
2015-02-26,JPY,NGN,buy,1.6585
2015-02-26,JPY,NGN,middle,1.6627
2015-02-26,JPY,NGN,sell,1.6669
2015-02-26,SAR,NGN,buy,52.5249
2015-02-26,SAR,NGN,middle,52.6582
2015-02-26,SAR,NGN,sell,52.7916
2015-02-26,USD,NGN,buy,197
2015-02-26,USD,NGN,middle,197.5
2015-02-26,USD,NGN,sell,198
2015-02-26,XDR,NGN,buy,278.5974
2015-02-26,XDR,NGN,middle,279.3045
2015-02-26,XDR,NGN,sell,280.0116
2015-02-26,XOF,NGN,buy,0.3242
2015-02-26,XOF,NGN,middle,0.3342
2015-02-26,XOF,NGN,sell,0.3442
2015-02-26,XUA,NGN,buy,279.8995
2015-02-26,XUA,NGN,middle,280.6099
2015-02-26,XUA,NGN,sell,281.3203
2015-02-27,CHF,NGN,buy,207.5651
2015-02-27,CHF,NGN,middle,208.0919
2015-02-27,CHF,NGN,sell,208.6187
2015-02-27,CNY,NGN,buy,31.4201
2015-02-27,CNY,NGN,middle,31.5003
2015-02-27,CNY,NGN,sell,31.5805
2015-02-27,DKK,NGN,buy,29.6227
2015-02-27,DKK,NGN,middle,29.6979
2015-02-27,DKK,NGN,sell,29.7731
2015-02-27,EUR,NGN,buy,221.2113
2015-02-27,EUR,NGN,middle,221.7728
2015-02-27,EUR,NGN,sell,222.3342
2015-02-27,GBP,NGN,buy,304.1483
2015-02-27,GBP,NGN,middle,304.9203
2015-02-27,GBP,NGN,sell,305.6922
2015-02-27,JPY,NGN,buy,1.6505
2015-02-27,JPY,NGN,middle,1.6547
2015-02-27,JPY,NGN,sell,1.6588
2015-02-27,SAR,NGN,buy,52.5263
2015-02-27,SAR,NGN,middle,52.6596
2015-02-27,SAR,NGN,sell,52.793
2015-02-27,USD,NGN,buy,197
2015-02-27,USD,NGN,middle,197.5
2015-02-27,USD,NGN,sell,198
2015-02-27,XDR,NGN,buy,278.5974
2015-02-27,XDR,NGN,middle,279.3045
2015-02-27,XDR,NGN,sell,280.0116
2015-02-27,XOF,NGN,buy,0.3216
2015-02-27,XOF,NGN,middle,0.3316
2015-02-27,XOF,NGN,sell,0.3416
2015-02-27,XUA,NGN,buy,278.5934
2015-02-27,XUA,NGN,middle,279.3005
2015-02-27,XUA,NGN,sell,280.0076
2015-03-02,CHF,NGN,buy,205.7286
2015-03-02,CHF,NGN,middle,206.2513
2015-03-02,CHF,NGN,sell,206.774
2015-03-02,CNY,NGN,buy,31.3716
2015-03-02,CNY,NGN,middle,31.4518
2015-03-02,CNY,NGN,sell,31.532
2015-03-02,DKK,NGN,buy,29.5931
2015-03-02,DKK,NGN,middle,29.6683
2015-03-02,DKK,NGN,sell,29.7435
2015-03-02,EUR,NGN,buy,220.908
2015-03-02,EUR,NGN,middle,221.4693
2015-03-02,EUR,NGN,sell,222.0305
2015-03-02,GBP,NGN,buy,303.0523
2015-03-02,GBP,NGN,middle,303.8223
2015-03-02,GBP,NGN,sell,304.5922
2015-03-02,JPY,NGN,buy,1.6429
2015-03-02,JPY,NGN,middle,1.647
2015-03-02,JPY,NGN,sell,1.6512
2015-03-02,SAR,NGN,buy,52.4744
2015-03-02,SAR,NGN,middle,52.6077
2015-03-02,SAR,NGN,sell,52.741
2015-03-02,USD,NGN,buy,196.8
2015-03-02,USD,NGN,middle,197.3
2015-03-02,USD,NGN,sell,197.8
2015-03-02,XDR,NGN,buy,276.9763
2015-03-02,XDR,NGN,middle,277.68
2015-03-02,XDR,NGN,sell,278.3837
2015-03-02,XOF,NGN,buy,0.267
2015-03-02,XOF,NGN,middle,0.277
2015-03-02,XOF,NGN,sell,0.287
2015-03-02,XUA,NGN,buy,234.546
2015-03-02,XUA,NGN,middle,235.1419
2015-03-02,XUA,NGN,sell,235.7378
2015-03-03,CHF,NGN,buy,204.6376
2015-03-03,CHF,NGN,middle,205.1575
2015-03-03,CHF,NGN,sell,205.6774
2015-03-03,CNY,NGN,buy,31.3636
2015-03-03,CNY,NGN,middle,31.4438
2015-03-03,CNY,NGN,sell,31.5239
2015-03-03,DKK,NGN,buy,29.4876
2015-03-03,DKK,NGN,middle,29.5625
2015-03-03,DKK,NGN,sell,29.6374
2015-03-03,EUR,NGN,buy,219.8256
2015-03-03,EUR,NGN,middle,220.3841
2015-03-03,EUR,NGN,sell,220.9426
2015-03-03,GBP,NGN,buy,302.1864
2015-03-03,GBP,NGN,middle,302.9542
2015-03-03,GBP,NGN,sell,303.7219
2015-03-03,JPY,NGN,buy,1.6437
2015-03-03,JPY,NGN,middle,1.6479
2015-03-03,JPY,NGN,sell,1.6521
2015-03-03,SAR,NGN,buy,52.4744
2015-03-03,SAR,NGN,middle,52.6077
2015-03-03,SAR,NGN,sell,52.741
2015-03-03,USD,NGN,buy,196.8
2015-03-03,USD,NGN,middle,197.3
2015-03-03,USD,NGN,sell,197.8
2015-03-03,XDR,NGN,buy,276.2088
2015-03-03,XDR,NGN,middle,276.9106
2015-03-03,XDR,NGN,sell,277.6123
2015-03-03,XOF,NGN,buy,0.318
2015-03-03,XOF,NGN,middle,0.328
2015-03-03,XOF,NGN,sell,0.338
2015-03-03,XUA,NGN,buy,276.4403
2015-03-03,XUA,NGN,middle,277.1427
2015-03-03,XUA,NGN,sell,277.845
2015-03-04,CHF,NGN,buy,203.8058
2015-03-04,CHF,NGN,middle,204.3257
2015-03-04,CHF,NGN,sell,204.8456
2015-03-04,CNY,NGN,buy,31.2536
2015-03-04,CNY,NGN,middle,31.3338
2015-03-04,CNY,NGN,sell,31.4139
2015-03-04,DKK,NGN,buy,29.2376
2015-03-04,DKK,NGN,middle,29.3122
2015-03-04,DKK,NGN,sell,29.3868
2015-03-04,EUR,NGN,buy,218.0696
2015-03-04,EUR,NGN,middle,218.6259
2015-03-04,EUR,NGN,sell,219.1822
2015-03-04,GBP,NGN,buy,300.664
2015-03-04,GBP,NGN,middle,301.431
2015-03-04,GBP,NGN,sell,302.198
2015-03-04,JPY,NGN,buy,1.6388
2015-03-04,JPY,NGN,middle,1.643
2015-03-04,JPY,NGN,sell,1.6472
2015-03-04,SAR,NGN,buy,52.2625
2015-03-04,SAR,NGN,middle,52.3958
2015-03-04,SAR,NGN,sell,52.5291
2015-03-04,USD,NGN,buy,196
2015-03-04,USD,NGN,middle,196.5
2015-03-04,USD,NGN,sell,197
2015-03-04,XDR,NGN,buy,275.086
2015-03-04,XDR,NGN,middle,275.7878
2015-03-04,XDR,NGN,sell,276.4895
2015-03-04,XOF,NGN,buy,0.3163
2015-03-04,XOF,NGN,middle,0.3263
2015-03-04,XOF,NGN,sell,0.3363
2015-03-04,XUA,NGN,buy,275.7861
2015-03-04,XUA,NGN,middle,276.4897
2015-03-04,XUA,NGN,sell,277.1932
2015-03-05,CHF,NGN,buy,202.1661
2015-03-05,CHF,NGN,middle,202.6818
2015-03-05,CHF,NGN,sell,203.1975
2015-03-05,CNY,NGN,buy,31.2775
2015-03-05,CNY,NGN,middle,31.3578
2015-03-05,CNY,NGN,sell,31.438
2015-03-05,DKK,NGN,buy,28.9637
2015-03-05,DKK,NGN,middle,29.0375
2015-03-05,DKK,NGN,sell,29.1114
2015-03-05,EUR,NGN,buy,215.9332
2015-03-05,EUR,NGN,middle,216.4841
2015-03-05,EUR,NGN,sell,217.0349
2015-03-05,GBP,NGN,buy,298.6648
2015-03-05,GBP,NGN,middle,299.4267
2015-03-05,GBP,NGN,sell,300.1886
2015-03-05,JPY,NGN,buy,1.6317
2015-03-05,JPY,NGN,middle,1.6359
2015-03-05,JPY,NGN,sell,1.64
2015-03-05,SAR,NGN,buy,52.2611
2015-03-05,SAR,NGN,middle,52.3944
2015-03-05,SAR,NGN,sell,52.5277
2015-03-05,USD,NGN,buy,196
2015-03-05,USD,NGN,middle,196.5
2015-03-05,USD,NGN,sell,197
2015-03-05,XDR,NGN,buy,273.8708
2015-03-05,XDR,NGN,middle,274.5695
2015-03-05,XDR,NGN,sell,275.2681
2015-03-05,XOF,NGN,buy,0.3132
2015-03-05,XOF,NGN,middle,0.3232
2015-03-05,XOF,NGN,sell,0.3332
2015-03-05,XUA,NGN,buy,274.1239
2015-03-05,XUA,NGN,middle,274.8232
2015-03-05,XUA,NGN,sell,275.5225
2015-03-06,CHF,NGN,buy,200.409
2015-03-06,CHF,NGN,middle,200.9202
2015-03-06,CHF,NGN,sell,201.4315
2015-03-06,CNY,NGN,buy,31.294
2015-03-06,CNY,NGN,middle,31.3743
2015-03-06,CNY,NGN,sell,31.4546
2015-03-06,DKK,NGN,buy,28.7964
2015-03-06,DKK,NGN,middle,28.8699
2015-03-06,DKK,NGN,sell,28.9433
2015-03-06,EUR,NGN,buy,214.6004
2015-03-06,EUR,NGN,middle,215.1479
2015-03-06,EUR,NGN,sell,215.6953
2015-03-06,GBP,NGN,buy,297.5672
2015-03-06,GBP,NGN,middle,298.3263
2015-03-06,GBP,NGN,sell,299.0854
2015-03-06,JPY,NGN,buy,1.6329
2015-03-06,JPY,NGN,middle,1.6371
2015-03-06,JPY,NGN,sell,1.6413
2015-03-06,SAR,NGN,buy,52.2611
2015-03-06,SAR,NGN,middle,52.3944
2015-03-06,SAR,NGN,sell,52.5277
2015-03-06,USD,NGN,buy,196
2015-03-06,USD,NGN,middle,196.5
2015-03-06,USD,NGN,sell,197
2015-03-06,XDR,NGN,buy,273.8708
2015-03-06,XDR,NGN,middle,274.5695
2015-03-06,XDR,NGN,sell,275.2681
2015-03-06,XOF,NGN,buy,0.3116
2015-03-06,XOF,NGN,middle,0.3216
2015-03-06,XOF,NGN,sell,0.3316
2015-03-06,XUA,NGN,buy,273.1776
2015-03-06,XUA,NGN,middle,273.8745
2015-03-06,XUA,NGN,sell,274.5714
2015-03-09,CHF,NGN,buy,199.0858
2015-03-09,CHF,NGN,middle,199.5937
2015-03-09,CHF,NGN,sell,200.1016
2015-03-09,CNY,NGN,buy,31.2865
2015-03-09,CNY,NGN,middle,31.3668
2015-03-09,CNY,NGN,sell,31.447
2015-03-09,DKK,NGN,buy,28.5831
2015-03-09,DKK,NGN,middle,28.656
2015-03-09,DKK,NGN,sell,28.7289
2015-03-09,EUR,NGN,buy,213.0128
2015-03-09,EUR,NGN,middle,213.5562
2015-03-09,EUR,NGN,sell,214.0996
2015-03-09,GBP,NGN,buy,296.1168
2015-03-09,GBP,NGN,middle,296.8722
2015-03-09,GBP,NGN,sell,297.6276
2015-03-09,JPY,NGN,buy,1.6204
2015-03-09,JPY,NGN,middle,1.6245
2015-03-09,JPY,NGN,sell,1.6286
2015-03-09,SAR,NGN,buy,52.2625
2015-03-09,SAR,NGN,middle,52.3958
2015-03-09,SAR,NGN,sell,52.5291
2015-03-09,USD,NGN,buy,196
2015-03-09,USD,NGN,middle,196.5
2015-03-09,USD,NGN,sell,197
2015-03-09,XDR,NGN,buy,271.852
2015-03-09,XDR,NGN,middle,272.5455
2015-03-09,XDR,NGN,sell,273.239
2015-03-09,XOF,NGN,buy,0.3116
2015-03-09,XOF,NGN,middle,0.3216
2015-03-09,XOF,NGN,sell,0.3316
2015-03-09,XUA,NGN,buy,273.1776
2015-03-09,XUA,NGN,middle,273.8745
2015-03-09,XUA,NGN,sell,274.5714
2015-03-10,CHF,NGN,buy,197.084
2015-03-10,CHF,NGN,middle,197.5867
2015-03-10,CHF,NGN,sell,198.0895
2015-03-10,CNY,NGN,buy,31.2965
2015-03-10,CNY,NGN,middle,31.3768
2015-03-10,CNY,NGN,sell,31.4571
2015-03-10,DKK,NGN,buy,28.2437
2015-03-10,DKK,NGN,middle,28.3158
2015-03-10,DKK,NGN,sell,28.3878
2015-03-10,EUR,NGN,buy,210.5432
2015-03-10,EUR,NGN,middle,211.0803
2015-03-10,EUR,NGN,sell,211.6174
2015-03-10,GBP,NGN,buy,294.9212
2015-03-10,GBP,NGN,middle,295.6736
2015-03-10,GBP,NGN,sell,296.4259
2015-03-10,JPY,NGN,buy,2.1386
2015-03-10,JPY,NGN,middle,2.144
2015-03-10,JPY,NGN,sell,2.1495
2015-03-10,SAR,NGN,buy,52.2597
2015-03-10,SAR,NGN,middle,52.393
2015-03-10,SAR,NGN,sell,52.5263
2015-03-10,USD,NGN,buy,196
2015-03-10,USD,NGN,middle,196.5
2015-03-10,USD,NGN,sell,197
2015-03-10,XDR,NGN,buy,270.5976
2015-03-10,XDR,NGN,middle,271.2879
2015-03-10,XDR,NGN,sell,271.9782
2015-03-10,XOF,NGN,buy,0.3084
2015-03-10,XOF,NGN,middle,0.3184
2015-03-10,XOF,NGN,sell,0.3284
2015-03-10,XUA,NGN,buy,272.1317
2015-03-10,XUA,NGN,middle,272.8259
2015-03-10,XUA,NGN,sell,273.5201
2015-03-11,CHF,NGN,buy,194.9279
2015-03-11,CHF,NGN,middle,195.4252
2015-03-11,CHF,NGN,sell,195.9224
2015-03-11,CNY,NGN,buy,31.2925
2015-03-11,CNY,NGN,middle,31.3728
2015-03-11,CNY,NGN,sell,31.4531
2015-03-11,DKK,NGN,buy,27.8694
2015-03-11,DKK,NGN,middle,27.9405
2015-03-11,DKK,NGN,sell,28.0116
2015-03-11,EUR,NGN,buy,207.8776
2015-03-11,EUR,NGN,middle,208.4079
2015-03-11,EUR,NGN,sell,208.9382
2015-03-11,GBP,NGN,buy,295.1564
2015-03-11,GBP,NGN,middle,295.9094
2015-03-11,GBP,NGN,sell,296.6623
2015-03-11,JPY,NGN,buy,1.6137
2015-03-11,JPY,NGN,middle,1.6178
2015-03-11,JPY,NGN,sell,1.6219
2015-03-11,SAR,NGN,buy,52.2583
2015-03-11,SAR,NGN,middle,52.3916
2015-03-11,SAR,NGN,sell,52.5249
2015-03-11,USD,NGN,buy,196
2015-03-11,USD,NGN,middle,196.5
2015-03-11,USD,NGN,sell,197
2015-03-11,XDR,NGN,buy,269.5392
2015-03-11,XDR,NGN,middle,270.2268
2015-03-11,XDR,NGN,sell,270.9144
2015-03-11,XOF,NGN,buy,0.3017
2015-03-11,XOF,NGN,middle,0.3117
2015-03-11,XOF,NGN,sell,0.3217
2015-03-11,XUA,NGN,buy,269.9128
2015-03-11,XUA,NGN,middle,270.6013
2015-03-11,XUA,NGN,sell,271.2899
2015-03-12,CHF,NGN,buy,195.6088
2015-03-12,CHF,NGN,middle,196.1078
2015-03-12,CHF,NGN,sell,196.6068
2015-03-12,CNY,NGN,buy,31.292
2015-03-12,CNY,NGN,middle,31.3723
2015-03-12,CNY,NGN,sell,31.4526
2015-03-12,DKK,NGN,buy,27.9445
2015-03-12,DKK,NGN,middle,28.0158
2015-03-12,DKK,NGN,sell,28.0871
2015-03-12,EUR,NGN,buy,208.4852
2015-03-12,EUR,NGN,middle,209.0171
2015-03-12,EUR,NGN,sell,209.5489
2015-03-12,GBP,NGN,buy,293.7452
2015-03-12,GBP,NGN,middle,294.4946
2015-03-12,GBP,NGN,sell,295.2439
2015-03-12,JPY,NGN,buy,1.619
2015-03-12,JPY,NGN,middle,1.6232
2015-03-12,JPY,NGN,sell,1.6273
2015-03-12,SAR,NGN,buy,52.2583
2015-03-12,SAR,NGN,middle,52.3916
2015-03-12,SAR,NGN,sell,52.5249
2015-03-12,USD,NGN,buy,196
2015-03-12,USD,NGN,middle,196.5
2015-03-12,USD,NGN,sell,197
2015-03-12,XDR,NGN,buy,269.7744
2015-03-12,XDR,NGN,middle,270.4626
2015-03-12,XDR,NGN,sell,271.1508
2015-03-12,XOF,NGN,buy,0.2969
2015-03-12,XOF,NGN,middle,0.3069
2015-03-12,XOF,NGN,sell,0.3169
2015-03-12,XUA,NGN,buy,268.8512
2015-03-12,XUA,NGN,middle,269.5371
2015-03-12,XUA,NGN,sell,270.2229
2015-03-13,CHF,NGN,buy,194.5023
2015-03-13,CHF,NGN,middle,194.9985
2015-03-13,CHF,NGN,sell,195.4947
2015-03-13,CNY,NGN,buy,31.3065
2015-03-13,CNY,NGN,middle,31.3868
2015-03-13,CNY,NGN,sell,31.4671
2015-03-13,DKK,NGN,buy,27.8065
2015-03-13,DKK,NGN,middle,27.8775
2015-03-13,DKK,NGN,sell,27.9484
2015-03-13,EUR,NGN,buy,207.3876
2015-03-13,EUR,NGN,middle,207.9167
2015-03-13,EUR,NGN,sell,208.4457
2015-03-13,GBP,NGN,buy,289.982
2015-03-13,GBP,NGN,middle,290.7218
2015-03-13,GBP,NGN,sell,291.4615
2015-03-13,JPY,NGN,buy,1.6138
2015-03-13,JPY,NGN,middle,1.6179
2015-03-13,JPY,NGN,sell,1.6221
2015-03-13,SAR,NGN,buy,52.2583
2015-03-13,SAR,NGN,middle,52.3916
2015-03-13,SAR,NGN,sell,52.5249
2015-03-13,USD,NGN,buy,196
2015-03-13,USD,NGN,middle,196.5
2015-03-13,USD,NGN,sell,197
2015-03-13,XDR,NGN,buy,268.6964
2015-03-13,XDR,NGN,middle,269.3819
2015-03-13,XDR,NGN,sell,270.0673
2015-03-13,XOF,NGN,buy,0.2979
2015-03-13,XOF,NGN,middle,0.3079
2015-03-13,XOF,NGN,sell,0.3179
2015-03-13,XUA,NGN,buy,269.0838
2015-03-13,XUA,NGN,middle,269.7703
2015-03-13,XUA,NGN,sell,270.4567
2015-03-16,CHF,NGN,buy,195.0055
2015-03-16,CHF,NGN,middle,195.5029
2015-03-16,CHF,NGN,sell,196.0004
2015-03-16,CNY,NGN,buy,31.294
2015-03-16,CNY,NGN,middle,31.3743
2015-03-16,CNY,NGN,sell,31.4546
2015-03-16,DKK,NGN,buy,27.6754
2015-03-16,DKK,NGN,middle,27.746
2015-03-16,DKK,NGN,sell,27.8166
2015-03-16,EUR,NGN,buy,206.5644
2015-03-16,EUR,NGN,middle,207.0914
2015-03-16,EUR,NGN,sell,207.6183
2015-03-16,GBP,NGN,buy,289.9624
2015-03-16,GBP,NGN,middle,290.7021
2015-03-16,GBP,NGN,sell,291.4418
2015-03-16,JPY,NGN,buy,1.6158
2015-03-16,JPY,NGN,middle,1.62
2015-03-16,JPY,NGN,sell,1.6241
2015-03-16,SAR,NGN,buy,52.2499
2015-03-16,SAR,NGN,middle,52.3832
2015-03-16,SAR,NGN,sell,52.5165
2015-03-16,USD,NGN,buy,196
2015-03-16,USD,NGN,middle,196.5
2015-03-16,USD,NGN,sell,197
2015-03-16,XDR,NGN,buy,268.3632
2015-03-16,XDR,NGN,middle,269.0478
2015-03-16,XDR,NGN,sell,269.7324
2015-03-16,XOF,NGN,buy,0.2967
2015-03-16,XOF,NGN,middle,0.3067
2015-03-16,XOF,NGN,sell,0.3167
2015-03-16,XUA,NGN,buy,268.0164
2015-03-16,XUA,NGN,middle,268.7001
2015-03-16,XUA,NGN,sell,269.3838
2015-03-17,CHF,NGN,buy,195.6478
2015-03-17,CHF,NGN,middle,196.1469
2015-03-17,CHF,NGN,sell,196.646
2015-03-17,CNY,NGN,buy,31.3591
2015-03-17,CNY,NGN,middle,31.4396
2015-03-17,CNY,NGN,sell,31.52
2015-03-17,DKK,NGN,buy,27.9019
2015-03-17,DKK,NGN,middle,27.9731
2015-03-17,DKK,NGN,sell,28.0443
2015-03-17,EUR,NGN,buy,208.25
2015-03-17,EUR,NGN,middle,208.7813
2015-03-17,EUR,NGN,sell,209.3125
2015-03-17,GBP,NGN,buy,289.2176
2015-03-17,GBP,NGN,middle,289.9554
2015-03-17,GBP,NGN,sell,290.6932
2015-03-17,JPY,NGN,buy,1.6166
2015-03-17,JPY,NGN,middle,1.6208
2015-03-17,JPY,NGN,sell,1.6249
2015-03-17,SAR,NGN,buy,52.2541
2015-03-17,SAR,NGN,middle,52.3874
2015-03-17,SAR,NGN,sell,52.5207
2015-03-17,USD,NGN,buy,196
2015-03-17,USD,NGN,middle,196.5
2015-03-17,USD,NGN,sell,197
2015-03-17,XDR,NGN,buy,269.01
2015-03-17,XDR,NGN,middle,269.6963
2015-03-17,XDR,NGN,sell,270.3825
2015-03-17,XOF,NGN,buy,0.2963
2015-03-17,XOF,NGN,middle,0.3063
2015-03-17,XOF,NGN,sell,0.3163
2015-03-17,XUA,NGN,buy,267.6821
2015-03-17,XUA,NGN,middle,268.3649
2015-03-17,XUA,NGN,sell,269.0478
2015-03-18,CHF,NGN,buy,195.2775
2015-03-18,CHF,NGN,middle,195.7756
2015-03-18,CHF,NGN,sell,196.2738
2015-03-18,CNY,NGN,buy,31.4603
2015-03-18,CNY,NGN,middle,31.541
2015-03-18,CNY,NGN,sell,31.6217
2015-03-18,DKK,NGN,buy,27.8698
2015-03-18,DKK,NGN,middle,27.9409
2015-03-18,DKK,NGN,sell,28.012
2015-03-18,EUR,NGN,buy,207.8972
2015-03-18,EUR,NGN,middle,208.4276
2015-03-18,EUR,NGN,sell,208.9579
2015-03-18,GBP,NGN,buy,289.9244
2015-03-18,GBP,NGN,middle,287.6564
2015-03-18,GBP,NGN,sell,288.3883
2015-03-18,JPY,NGN,buy,1.6176
2015-03-18,JPY,NGN,middle,1.6217
2015-03-18,JPY,NGN,sell,1.6258
2015-03-18,SAR,NGN,buy,52.2569
2015-03-18,SAR,NGN,middle,52.3902
2015-03-18,SAR,NGN,sell,52.5235
2015-03-18,USD,NGN,buy,196
2015-03-18,USD,NGN,middle,196.5
2015-03-18,USD,NGN,sell,197
2015-03-18,XDR,NGN,buy,268.6572
2015-03-18,XDR,NGN,middle,269.3426
2015-03-18,XDR,NGN,sell,270.0279
2015-03-18,XOF,NGN,buy,0.2986
2015-03-18,XOF,NGN,middle,0.3086
2015-03-18,XOF,NGN,sell,0.3186
2015-03-18,XUA,NGN,buy,268.3312
2015-03-18,XUA,NGN,middle,269.0157
2015-03-18,XUA,NGN,sell,269.7002
2015-03-19,CHF,NGN,buy,197.9598
2015-03-19,CHF,NGN,middle,198.4648
2015-03-19,CHF,NGN,sell,198.9698
2015-03-19,CNY,NGN,buy,31.6299
2015-03-19,CNY,NGN,middle,31.711
2015-03-19,CNY,NGN,sell,31.7921
2015-03-19,DKK,NGN,buy,28.1225
2015-03-19,DKK,NGN,middle,28.1943
2015-03-19,DKK,NGN,sell,28.266
2015-03-19,EUR,NGN,buy,209.6416
2015-03-19,EUR,NGN,middle,210.1764
2015-03-19,EUR,NGN,sell,210.7112
2015-03-19,GBP,NGN,buy,291.844
2015-03-19,GBP,NGN,middle,292.5885
2015-03-19,GBP,NGN,sell,293.333
2015-03-19,JPY,NGN,buy,1.6241
2015-03-19,JPY,NGN,middle,1.6283
2015-03-19,JPY,NGN,sell,1.6324
2015-03-19,SAR,NGN,buy,52.2499
2015-03-19,SAR,NGN,middle,52.3832
2015-03-19,SAR,NGN,sell,52.5165
2015-03-19,USD,NGN,buy,196
2015-03-19,USD,NGN,middle,196.5
2015-03-19,USD,NGN,sell,197
2015-03-19,XDR,NGN,buy,270.1272
2015-03-19,XDR,NGN,middle,270.8163
2015-03-19,XDR,NGN,sell,271.5054
2015-03-19,XOF,NGN,buy,0.2973
2015-03-19,XOF,NGN,middle,0.3073
2015-03-19,XOF,NGN,sell,0.3173
2015-03-19,XUA,NGN,buy,267.9754
2015-03-19,XUA,NGN,middle,268.659
2015-03-19,XUA,NGN,sell,269.3426
2015-03-20,CHF,NGN,buy,198.9444
2015-03-20,CHF,NGN,middle,199.4519
2015-03-20,CHF,NGN,sell,199.9594
2015-03-20,CNY,NGN,buy,31.5779
2015-03-20,CNY,NGN,middle,31.6589
2015-03-20,CNY,NGN,sell,31.7399
2015-03-20,DKK,NGN,buy,28.1978
2015-03-20,DKK,NGN,middle,28.2697
2015-03-20,DKK,NGN,sell,28.3417
2015-03-20,EUR,NGN,buy,210.1904
2015-03-20,EUR,NGN,middle,210.7266
2015-03-20,EUR,NGN,sell,211.2628
2015-03-20,GBP,NGN,buy,289.8448
2015-03-20,GBP,NGN,middle,290.5842
2015-03-20,GBP,NGN,sell,291.3236
2015-03-20,JPY,NGN,buy,1.6194
2015-03-20,JPY,NGN,middle,1.6236
2015-03-20,JPY,NGN,sell,1.6277
2015-03-20,SAR,NGN,buy,52.2611
2015-03-20,SAR,NGN,middle,52.3944
2015-03-20,SAR,NGN,sell,52.5277
2015-03-20,USD,NGN,buy,196
2015-03-20,USD,NGN,middle,196.5
2015-03-20,USD,NGN,sell,197
2015-03-20,XDR,NGN,buy,269.9312
2015-03-20,XDR,NGN,middle,270.6198
2015-03-20,XDR,NGN,sell,271.3084
2015-03-20,XOF,NGN,buy,0.2998
2015-03-20,XOF,NGN,middle,0.3098
2015-03-20,XOF,NGN,sell,0.3198
2015-03-20,XUA,NGN,buy,269.4377
2015-03-20,XUA,NGN,middle,270.1251
2015-03-20,XUA,NGN,sell,270.8124
2015-03-23,CHF,NGN,buy,201.8122
2015-03-23,CHF,NGN,middle,202.327
2015-03-23,CHF,NGN,sell,202.8418
2015-03-23,CNY,NGN,buy,31.5382
2015-03-23,CNY,NGN,middle,31.6191
2015-03-23,CNY,NGN,sell,31.7001
2015-03-23,DKK,NGN,buy,28.6424
2015-03-23,DKK,NGN,middle,28.7155
2015-03-23,DKK,NGN,sell,28.7885
2015-03-23,EUR,NGN,buy,213.5812
2015-03-23,EUR,NGN,middle,214.1261
2015-03-23,EUR,NGN,sell,214.6709
2015-03-23,GBP,NGN,buy,292.04
2015-03-23,GBP,NGN,middle,292.785
2015-03-23,GBP,NGN,sell,293.53
2015-03-23,JPY,NGN,buy,1.6363
2015-03-23,JPY,NGN,middle,1.6405
2015-03-23,JPY,NGN,sell,1.6447
2015-03-23,SAR,NGN,buy,52.2541
2015-03-23,SAR,NGN,middle,52.3874
2015-03-23,SAR,NGN,sell,52.5207
2015-03-23,USD,NGN,buy,196
2015-03-23,USD,NGN,middle,196.5
2015-03-23,USD,NGN,sell,197
2015-03-23,XDR,NGN,buy,271.9304
2015-03-23,XDR,NGN,middle,272.6241
2015-03-23,XDR,NGN,sell,273.3178
2015-03-23,XOF,NGN,buy,0.3028
2015-03-23,XOF,NGN,middle,0.3128
2015-03-23,XOF,NGN,sell,0.3228
2015-03-23,XUA,NGN,buy,269.2441
2015-03-23,XUA,NGN,middle,269.931
2015-03-23,XUA,NGN,sell,270.6178
2015-03-24,CHF,NGN,buy,205.0209
2015-03-24,CHF,NGN,middle,205.5439
2015-03-24,CHF,NGN,sell,206.0669
2015-03-24,CNY,NGN,buy,31.5835
2015-03-24,CNY,NGN,middle,31.6645
2015-03-24,CNY,NGN,sell,31.7455
2015-03-24,DKK,NGN,buy,28.8626
2015-03-24,DKK,NGN,middle,28.9362
2015-03-24,DKK,NGN,sell,29.0098
2015-03-24,EUR,NGN,buy,215.404
2015-03-24,EUR,NGN,middle,215.9535
2015-03-24,EUR,NGN,sell,216.503
2015-03-24,GBP,NGN,buy,292.6868
2015-03-24,GBP,NGN,middle,293.4335
2015-03-24,GBP,NGN,sell,294.1801
2015-03-24,JPY,NGN,buy,1.642
2015-03-24,JPY,NGN,middle,1.6461
2015-03-24,JPY,NGN,sell,1.6503
2015-03-24,SAR,NGN,buy,52.2583
2015-03-24,SAR,NGN,middle,52.3916
2015-03-24,SAR,NGN,sell,52.5249
2015-03-24,USD,NGN,buy,196
2015-03-24,USD,NGN,middle,196.5
2015-03-24,USD,NGN,sell,197
2015-03-24,XDR,NGN,buy,272.7144
2015-03-24,XDR,NGN,middle,273.4101
2015-03-24,XDR,NGN,sell,274.1058
2015-03-24,XOF,NGN,buy,0.3069
2015-03-24,XOF,NGN,middle,0.3169
2015-03-24,XOF,NGN,sell,0.3269
2015-03-24,XUA,NGN,buy,271.2363
2015-03-24,XUA,NGN,middle,271.9283
2015-03-24,XUA,NGN,sell,272.6202
2015-03-25,CHF,NGN,buy,204.9566
2015-03-25,CHF,NGN,middle,205.4795
2015-03-25,CHF,NGN,sell,206.0023
2015-03-25,CNY,NGN,buy,31.5479
2015-03-25,CNY,NGN,middle,31.6288
2015-03-25,CNY,NGN,sell,31.7098
2015-03-25,DKK,NGN,buy,28.8473
2015-03-25,DKK,NGN,middle,28.9209
2015-03-25,DKK,NGN,sell,28.9945
2015-03-25,EUR,NGN,buy,215.502
2015-03-25,EUR,NGN,middle,216.0518
2015-03-25,EUR,NGN,sell,216.6015
2015-03-25,GBP,NGN,buy,292.4712
2015-03-25,GBP,NGN,middle,293.2173
2015-03-25,GBP,NGN,sell,293.9634
2015-03-25,JPY,NGN,buy,1.6404
2015-03-25,JPY,NGN,middle,1.6446
2015-03-25,JPY,NGN,sell,1.6488
2015-03-25,SAR,NGN,buy,52.2583
2015-03-25,SAR,NGN,middle,52.3916
2015-03-25,SAR,NGN,sell,52.5249
2015-03-25,USD,NGN,buy,196
2015-03-25,USD,NGN,middle,196.5
2015-03-25,USD,NGN,sell,197
2015-03-25,XDR,NGN,buy,272.7144
2015-03-25,XDR,NGN,middle,273.4101
2015-03-25,XDR,NGN,sell,274.1058
2015-03-25,XOF,NGN,buy,0.308
2015-03-25,XOF,NGN,middle,0.318
2015-03-25,XOF,NGN,sell,0.328
2015-03-25,XUA,NGN,buy,272.0184
2015-03-25,XUA,NGN,middle,272.7123
2015-03-25,XUA,NGN,sell,273.4062
2015-03-26,CHF,NGN,buy,205.5585
2015-03-26,CHF,NGN,middle,206.0829
2015-03-26,CHF,NGN,sell,206.6072
2015-03-26,CNY,NGN,buy,31.5545
2015-03-26,CNY,NGN,middle,31.6354
2015-03-26,CNY,NGN,sell,31.7164
2015-03-26,DKK,NGN,buy,28.9056
2015-03-26,DKK,NGN,middle,28.9793
2015-03-26,DKK,NGN,sell,29.053
2015-03-26,EUR,NGN,buy,215.9136
2015-03-26,EUR,NGN,middle,216.4644
2015-03-26,EUR,NGN,sell,217.0152
2015-03-26,GBP,NGN,buy,292.7456
2015-03-26,GBP,NGN,middle,293.4924
2015-03-26,GBP,NGN,sell,294.2392
2015-03-26,JPY,NGN,buy,1.6512
2015-03-26,JPY,NGN,middle,1.6554
2015-03-26,JPY,NGN,sell,1.6596
2015-03-26,SAR,NGN,buy,52.243
2015-03-26,SAR,NGN,middle,52.3763
2015-03-26,SAR,NGN,sell,52.5095
2015-03-26,USD,NGN,buy,196
2015-03-26,USD,NGN,middle,196.5
2015-03-26,USD,NGN,sell,197
2015-03-26,XDR,NGN,buy,272.7732
2015-03-26,XDR,NGN,middle,273.4691
2015-03-26,XDR,NGN,sell,274.1649
2015-03-26,XOF,NGN,buy,0.3091
2015-03-26,XOF,NGN,middle,0.3191
2015-03-26,XOF,NGN,sell,0.3291
2015-03-26,XUA,NGN,buy,272.0731
2015-03-26,XUA,NGN,middle,272.7671
2015-03-26,XUA,NGN,sell,273.4612
2015-03-27,CHF,NGN,buy,203.7846
2015-03-27,CHF,NGN,middle,204.3044
2015-03-27,CHF,NGN,sell,204.8243
2015-03-27,CNY,NGN,buy,31.5332
2015-03-27,CNY,NGN,middle,31.6141
2015-03-27,CNY,NGN,sell,31.695
2015-03-27,DKK,NGN,buy,28.5777
2015-03-27,DKK,NGN,middle,28.6506
2015-03-27,DKK,NGN,sell,28.7235
2015-03-27,EUR,NGN,buy,213.4244
2015-03-27,EUR,NGN,middle,213.9689
2015-03-27,EUR,NGN,sell,214.5133
2015-03-27,GBP,NGN,buy,292.1184
2015-03-27,GBP,NGN,middle,292.8636
2015-03-27,GBP,NGN,sell,293.6088
2015-03-27,JPY,NGN,buy,1.6453
2015-03-27,JPY,NGN,middle,1.6495
2015-03-27,JPY,NGN,sell,1.6537
2015-03-27,SAR,NGN,buy,52.2444
2015-03-27,SAR,NGN,middle,52.3777
2015-03-27,SAR,NGN,sell,52.5109
2015-03-27,USD,NGN,buy,196
2015-03-27,USD,NGN,middle,196.5
2015-03-27,USD,NGN,sell,197
2015-03-27,XDR,NGN,buy,271.7148
2015-03-27,XDR,NGN,middle,272.408
2015-03-27,XDR,NGN,sell,273.1011
2015-03-27,XOF,NGN,buy,0.3091
2015-03-27,XOF,NGN,middle,0.3191
2015-03-27,XOF,NGN,sell,0.3291
2015-03-27,XUA,NGN,buy,272.0731
2015-03-27,XUA,NGN,middle,272.7671
2015-03-27,XUA,NGN,sell,273.4612
2015-03-30,CHF,NGN,buy,203.4884
2015-03-30,CHF,NGN,middle,204.0075
2015-03-30,CHF,NGN,sell,204.5266
2015-03-30,CNY,NGN,buy,31.5738
2015-03-30,CNY,NGN,middle,31.6548
2015-03-30,CNY,NGN,sell,31.7358
2015-03-30,DKK,NGN,buy,28.4685
2015-03-30,DKK,NGN,middle,28.5411
2015-03-30,DKK,NGN,sell,28.6138
2015-03-30,EUR,NGN,buy,212.6404
2015-03-30,EUR,NGN,middle,213.1829
2015-03-30,EUR,NGN,sell,213.7253
2015-03-30,GBP,NGN,buy,290.0408
2015-03-30,GBP,NGN,middle,290.7807
2015-03-30,GBP,NGN,sell,291.5206
2015-03-30,JPY,NGN,buy,1.6351
2015-03-30,JPY,NGN,middle,1.6393
2015-03-30,JPY,NGN,sell,1.6434
2015-03-30,SAR,NGN,buy,52.2458
2015-03-30,SAR,NGN,middle,52.379
2015-03-30,SAR,NGN,sell,52.5123
2015-03-30,USD,NGN,buy,196
2015-03-30,USD,NGN,middle,196.5
2015-03-30,USD,NGN,sell,197
2015-03-30,XDR,NGN,buy,271.166
2015-03-30,XDR,NGN,middle,271.8578
2015-03-30,XDR,NGN,sell,272.5495
2015-03-30,XOF,NGN,buy,0.3052
2015-03-30,XOF,NGN,middle,0.3152
2015-03-30,XOF,NGN,sell,0.3252
2015-03-30,XUA,NGN,buy,271.0154
2015-03-30,XUA,NGN,middle,271.7067
2015-03-30,XUA,NGN,sell,272.3981
2015-03-31,CHF,NGN,buy,201.3147
2015-03-31,CHF,NGN,middle,201.8283
2015-03-31,CHF,NGN,sell,202.3418
2015-03-31,CNY,NGN,buy,31.612
2015-03-31,CNY,NGN,middle,31.6931
2015-03-31,CNY,NGN,sell,31.7742
2015-03-31,DKK,NGN,buy,28.1913
2015-03-31,DKK,NGN,middle,28.2632
2015-03-31,DKK,NGN,sell,28.3351
2015-03-31,EUR,NGN,buy,210.5824
2015-03-31,EUR,NGN,middle,211.1196
2015-03-31,EUR,NGN,sell,211.6568
2015-03-31,GBP,NGN,buy,289.492
2015-03-31,GBP,NGN,middle,290.2305
2015-03-31,GBP,NGN,sell,290.969
2015-03-31,JPY,NGN,buy,1.6339
2015-03-31,JPY,NGN,middle,1.638
2015-03-31,JPY,NGN,sell,1.6422
2015-03-31,SAR,NGN,buy,52.2486
2015-03-31,SAR,NGN,middle,52.3818
2015-03-31,SAR,NGN,sell,52.5151
2015-03-31,USD,NGN,buy,196
2015-03-31,USD,NGN,middle,196.5
2015-03-31,USD,NGN,sell,197
2015-03-31,XDR,NGN,buy,270.382
2015-03-31,XDR,NGN,middle,271.0718
2015-03-31,XDR,NGN,sell,271.7615
2015-03-31,XOF,NGN,buy,0.3049
2015-03-31,XOF,NGN,middle,0.3149
2015-03-31,XOF,NGN,sell,0.3249
2015-03-31,XUA,NGN,buy,270.4778
2015-03-31,XUA,NGN,middle,271.1678
2015-03-31,XUA,NGN,sell,271.8578
2015-04-01,CHF,NGN,buy,202.1244
2015-04-01,CHF,NGN,middle,202.64
2015-04-01,CHF,NGN,sell,203.1556
2015-04-01,CNY,NGN,buy,31.6156
2015-04-01,CNY,NGN,middle,31.6967
2015-04-01,CNY,NGN,sell,31.7778
2015-04-01,DKK,NGN,buy,28.2055
2015-04-01,DKK,NGN,middle,28.2774
2015-04-01,DKK,NGN,sell,28.3494
2015-04-01,EUR,NGN,buy,210.7392
2015-04-01,EUR,NGN,middle,211.2768
2015-04-01,EUR,NGN,sell,211.8144
2015-04-01,GBP,NGN,buy,289.5116
2015-04-01,GBP,NGN,middle,290.2502
2015-04-01,GBP,NGN,sell,290.9887
2015-04-01,JPY,NGN,buy,1.6313
2015-04-01,JPY,NGN,middle,1.6355
2015-04-01,JPY,NGN,sell,1.6396
2015-04-01,SAR,NGN,buy,52.2513
2015-04-01,SAR,NGN,middle,52.3846
2015-04-01,SAR,NGN,sell,52.5179
2015-04-01,USD,NGN,buy,196
2015-04-01,USD,NGN,middle,196.5
2015-04-01,USD,NGN,sell,197
2015-04-01,XDR,NGN,buy,270.4408
2015-04-01,XDR,NGN,middle,271.1307
2015-04-01,XDR,NGN,sell,271.8206
2015-04-01,XOF,NGN,buy,0.3049
2015-04-01,XOF,NGN,middle,0.3149
2015-04-01,XOF,NGN,sell,0.3249
2015-04-01,XUA,NGN,buy,270.4778
2015-04-01,XUA,NGN,middle,271.1678
2015-04-01,XUA,NGN,sell,271.8578
2015-04-02,CHF,NGN,buy,203.8906
2015-04-02,CHF,NGN,middle,204.4107
2015-04-02,CHF,NGN,sell,204.9308
2015-04-02,CNY,NGN,buy,31.6263
2015-04-02,CNY,NGN,middle,31.7074
2015-04-02,CNY,NGN,sell,31.7885
2015-04-02,DKK,NGN,buy,28.4161
2015-04-02,DKK,NGN,middle,28.4886
2015-04-02,DKK,NGN,sell,28.5611
2015-04-02,EUR,NGN,buy,212.3268
2015-04-02,EUR,NGN,middle,212.8685
2015-04-02,EUR,NGN,sell,213.4101
2015-04-02,GBP,NGN,buy,290.4132
2015-04-02,GBP,NGN,middle,291.1541
2015-04-02,GBP,NGN,sell,291.8949
2015-04-02,JPY,NGN,buy,1.6378
2015-04-02,JPY,NGN,middle,1.642
2015-04-02,JPY,NGN,sell,1.6462
2015-04-02,SAR,NGN,buy,52.2472
2015-04-02,SAR,NGN,middle,52.3804
2015-04-02,SAR,NGN,sell,52.5137
2015-04-02,USD,NGN,buy,196
2015-04-02,USD,NGN,middle,196.5
2015-04-02,USD,NGN,sell,197
2015-04-02,XDR,NGN,buy,271.0484
2015-04-02,XDR,NGN,middle,271.7399
2015-04-02,XDR,NGN,sell,272.4313
2015-04-02,XOF,NGN,buy,3022
2015-04-02,XOF,NGN,middle,0.3122
2015-04-02,XOF,NGN,sell,0.3222
2015-04-02,XUA,NGN,buy,269.7465
2015-04-02,XUA,NGN,middle,270.4347
2015-04-02,XUA,NGN,sell,271.1228
2015-04-07,CHF,NGN,buy,203.6364
2015-04-07,CHF,NGN,middle,204.1558
2015-04-07,CHF,NGN,sell,204.6753
2015-04-07,CNY,NGN,buy,31.6299
2015-04-07,CNY,NGN,middle,31.711
2015-04-07,CNY,NGN,sell,31.7921
2015-04-07,DKK,NGN,buy,28.4578
2015-04-07,DKK,NGN,middle,28.5304
2015-04-07,DKK,NGN,sell,28.603
2015-04-07,EUR,NGN,buy,212.66
2015-04-07,EUR,NGN,middle,213.2025
2015-04-07,EUR,NGN,sell,213.745
2015-04-07,GBP,NGN,buy,291.8048
2015-04-07,GBP,NGN,middle,292.5492
2015-04-07,GBP,NGN,sell,293.2936
2015-04-07,JPY,NGN,buy,1.6309
2015-04-07,JPY,NGN,middle,1.635
2015-04-07,JPY,NGN,sell,1.6392
2015-04-07,SAR,NGN,buy,52.2472
2015-04-07,SAR,NGN,middle,52.3804
2015-04-07,SAR,NGN,sell,52.5137
2015-04-07,USD,NGN,buy,196
2015-04-07,USD,NGN,middle,196.5
2015-04-07,USD,NGN,sell,197
2015-04-07,XDR,NGN,buy,271.558
2015-04-07,XDR,NGN,middle,272.2508
2015-04-07,XDR,NGN,sell,272.9435
2015-04-07,XOF,NGN,buy,0.3069
2015-04-07,XOF,NGN,middle,0.3169
2015-04-07,XOF,NGN,sell,0.3269
2015-04-07,XUA,NGN,buy,272.3859
2015-04-07,XUA,NGN,middle,273.0807
2015-04-07,XUA,NGN,sell,273.7756
2015-04-08,CHF,NGN,buy,203.9118
2015-04-08,CHF,NGN,middle,204.432
2015-04-08,CHF,NGN,sell,204.9521
2015-04-08,CNY,NGN,buy,31.5967
2015-04-08,CNY,NGN,middle,31.6778
2015-04-08,CNY,NGN,sell,31.7588
2015-04-08,DKK,NGN,buy,28.4896
2015-04-08,DKK,NGN,middle,28.5623
2015-04-08,DKK,NGN,sell,28.635
2015-04-08,EUR,NGN,buy,212.8952
2015-04-08,EUR,NGN,middle,213.4383
2015-04-08,EUR,NGN,sell,213.9814
2015-04-08,GBP,NGN,buy,293.1376
2015-04-08,GBP,NGN,middle,293.8854
2015-04-08,GBP,NGN,sell,294.6332
2015-04-08,JPY,NGN,buy,1.6362
2015-04-08,JPY,NGN,middle,1.6404
2015-04-08,JPY,NGN,sell,1.6445
2015-04-08,SAR,NGN,buy,52.2499
2015-04-08,SAR,NGN,middle,52.3832
2015-04-08,SAR,NGN,sell,52.5165
2015-04-08,USD,NGN,buy,196
2015-04-08,USD,NGN,middle,196.5
2015-04-08,USD,NGN,sell,197
2015-04-08,XDR,NGN,buy,271.8324
2015-04-08,XDR,NGN,middle,272.5259
2015-04-08,XDR,NGN,sell,273.2193
2015-04-08,XOF,NGN,buy,0.3049
2015-04-08,XOF,NGN,middle,0.3149
2015-04-08,XOF,NGN,sell,0.3249
2015-04-08,XUA,NGN,buy,270.8628
2015-04-08,XUA,NGN,middle,271.5538
2015-04-08,XUA,NGN,sell,272.2448
2015-04-09,CHF,NGN,buy,203.2984
2015-04-09,CHF,NGN,middle,203.817
2015-04-09,CHF,NGN,sell,204.3356
2015-04-09,CNY,NGN,buy,31.9986
2015-04-09,CNY,NGN,middle,32.0807
2015-04-09,CNY,NGN,sell,32.1627
2015-04-09,DKK,NGN,buy,28.4111
2015-04-09,DKK,NGN,middle,28.4836
2015-04-09,DKK,NGN,sell,28.5561
2015-04-09,EUR,NGN,buy,212.3268
2015-04-09,EUR,NGN,middle,212.8685
2015-04-09,EUR,NGN,sell,213.4101
2015-04-09,GBP,NGN,buy,291.648
2015-04-09,GBP,NGN,middle,292.392
2015-04-09,GBP,NGN,sell,293.136
2015-04-09,JPY,NGN,buy,1.6332
2015-04-09,JPY,NGN,middle,1.6374
2015-04-09,JPY,NGN,sell,1.6415
2015-04-09,SAR,NGN,buy,52.2291
2015-04-09,SAR,NGN,middle,52.3623
2015-04-09,SAR,NGN,sell,52.4955
2015-04-09,USD,NGN,buy,196
2015-04-09,USD,NGN,middle,196.5
2015-04-09,USD,NGN,sell,197
2015-04-09,XDR,NGN,buy,270.6172
2015-04-09,XDR,NGN,middle,271.3076
2015-04-09,XDR,NGN,sell,271.9979
2015-04-09,XOF,NGN,buy,0.3054
2015-04-09,XOF,NGN,middle,0.3154
2015-04-09,XOF,NGN,sell,0.3254
2015-04-09,XUA,NGN,buy,271.1366
2015-04-09,XUA,NGN,middle,271.8283
2015-04-09,XUA,NGN,sell,272.52
2015-04-10,CHF,NGN,buy,199.9184
2015-04-10,CHF,NGN,middle,200.4284
2015-04-10,CHF,NGN,sell,200.9384
2015-04-10,CNY,NGN,buy,31.5662
2015-04-10,CNY,NGN,middle,31.6472
2015-04-10,CNY,NGN,sell,31.7281
2015-04-10,DKK,NGN,buy,27.8429
2015-04-10,DKK,NGN,middle,27.9139
2015-04-10,DKK,NGN,sell,27.9849
2015-04-10,EUR,NGN,buy,208.0736
2015-04-10,EUR,NGN,middle,208.6044
2015-04-10,EUR,NGN,sell,209.1352
2015-04-10,GBP,NGN,buy,287.14
2015-04-10,GBP,NGN,middle,287.8725
2015-04-10,GBP,NGN,sell,288.605
2015-04-10,JPY,NGN,buy,1.6317
2015-04-10,JPY,NGN,middle,1.6359
2015-04-10,JPY,NGN,sell,1.64
2015-04-10,SAR,NGN,buy,52.2513
2015-04-10,SAR,NGN,middle,52.3846
2015-04-10,SAR,NGN,sell,52.5179
2015-04-10,USD,NGN,buy,196
2015-04-10,USD,NGN,middle,196.5
2015-04-10,USD,NGN,sell,197
2015-04-10,XDR,NGN,buy,268.6376
2015-04-10,XDR,NGN,middle,269.3229
2015-04-10,XDR,NGN,sell,270.0082
2015-04-10,XOF,NGN,buy,0.3027
2015-04-10,XOF,NGN,middle,0.3127
2015-04-10,XOF,NGN,sell,0.3227
2015-04-10,XUA,NGN,buy,269.9304
2015-04-10,XUA,NGN,middle,270.619
2015-04-10,XUA,NGN,sell,271.3076
2015-04-13,CHF,NGN,buy,199.2883
2015-04-13,CHF,NGN,middle,199.7966
2015-04-13,CHF,NGN,sell,200.305
2015-04-13,CNY,NGN,buy,31.5195
2015-04-13,CNY,NGN,middle,31.6003
2015-04-13,CNY,NGN,sell,31.6812
2015-04-13,DKK,NGN,buy,27.6731
2015-04-13,DKK,NGN,middle,27.7437
2015-04-13,DKK,NGN,sell,27.8143
2015-04-13,EUR,NGN,buy,206.78
2015-04-13,EUR,NGN,middle,207.3075
2015-04-13,EUR,NGN,sell,207.835
2015-04-13,GBP,NGN,buy,286.4736
2015-04-13,GBP,NGN,middle,287.2044
2015-04-13,GBP,NGN,sell,287.9352
2015-04-13,JPY,NGN,buy,1.6263
2015-04-13,JPY,NGN,middle,1.6304
2015-04-13,JPY,NGN,sell,1.6346
2015-04-13,SAR,NGN,buy,52.2541
2015-04-13,SAR,NGN,middle,52.3874
2015-04-13,SAR,NGN,sell,52.5207
2015-04-13,USD,NGN,buy,196
2015-04-13,USD,NGN,middle,196.5
2015-04-13,USD,NGN,sell,197
2015-04-13,XDR,NGN,buy,268.0496
2015-04-13,XDR,NGN,middle,268.7334
2015-04-13,XDR,NGN,sell,269.4172
2015-04-13,XOF,NGN,buy,0.2966
2015-04-13,XOF,NGN,middle,0.3066
2015-04-13,XOF,NGN,sell,0.3166
2015-04-13,XUA,NGN,buy,267.9636
2015-04-13,XUA,NGN,middle,268.6472
2015-04-13,XUA,NGN,sell,269.3308
2015-04-14,CHF,NGN,buy,200.1838
2015-04-14,CHF,NGN,middle,200.6945
2015-04-14,CHF,NGN,sell,201.2052
2015-04-14,CNY,NGN,buy,31.552
2015-04-14,CNY,NGN,middle,31.6329
2015-04-14,CNY,NGN,sell,31.7138
2015-04-14,DKK,NGN,buy,27.7169
2015-04-14,DKK,NGN,middle,27.7876
2015-04-14,DKK,NGN,sell,27.8583
2015-04-14,EUR,NGN,buy,207.0544
2015-04-14,EUR,NGN,middle,207.5826
2015-04-14,EUR,NGN,sell,208.1108
2015-04-14,GBP,NGN,buy,287.0224
2015-04-14,GBP,NGN,middle,287.7546
2015-04-14,GBP,NGN,sell,288.4868
2015-04-14,JPY,NGN,buy,1.6336
2015-04-14,JPY,NGN,middle,1.6378
2015-04-14,JPY,NGN,sell,1.6419
2015-04-14,SAR,NGN,buy,52.2555
2015-04-14,SAR,NGN,middle,52.3888
2015-04-14,SAR,NGN,sell,52.5221
2015-04-14,USD,NGN,buy,196
2015-04-14,USD,NGN,middle,196.5
2015-04-14,USD,NGN,sell,197
2015-04-14,XDR,NGN,buy,268.6964
2015-04-14,XDR,NGN,middle,269.3819
2015-04-14,XDR,NGN,sell,270.0673
2015-04-14,XOF,NGN,buy,0.2961
2015-04-14,XOF,NGN,middle,0.3061
2015-04-14,XOF,NGN,sell,0.3161
2015-04-14,XUA,NGN,buy,267.3673
2015-04-14,XUA,NGN,middle,268.0493
2015-04-14,XUA,NGN,sell,268.7314
2015-04-15,CHF,NGN,buy,200.8608
2015-04-15,CHF,NGN,middle,201.3732
2015-04-15,CHF,NGN,sell,201.8856
2015-04-15,CNY,NGN,buy,31.5779
2015-04-15,CNY,NGN,middle,31.6589
2015-04-15,CNY,NGN,sell,31.7399
2015-04-15,DKK,NGN,buy,27.777
2015-04-15,DKK,NGN,middle,27.8479
2015-04-15,DKK,NGN,sell,27.9187
2015-04-15,EUR,NGN,buy,207.466
2015-04-15,EUR,NGN,middle,207.9953
2015-04-15,EUR,NGN,sell,208.5245
2015-04-15,GBP,NGN,buy,289.3548
2015-04-15,GBP,NGN,middle,290.093
2015-04-15,GBP,NGN,sell,290.8311
2015-04-15,JPY,NGN,buy,1.6395
2015-04-15,JPY,NGN,middle,1.6437
2015-04-15,JPY,NGN,sell,1.6478
2015-04-15,SAR,NGN,buy,52.2569
2015-04-15,SAR,NGN,middle,52.3902
2015-04-15,SAR,NGN,sell,52.5235
2015-04-15,USD,NGN,buy,196
2015-04-15,USD,NGN,middle,196.5
2015-04-15,USD,NGN,sell,197
2015-04-15,XDR,NGN,buy,269.0296
2015-04-15,XDR,NGN,middle,269.7159
2015-04-15,XDR,NGN,sell,270.4022
2015-04-15,XOF,NGN,buy,0.2965
2015-04-15,XOF,NGN,middle,0.3065
2015-04-15,XOF,NGN,sell,0.3165
2015-04-15,XUA,NGN,buy,268.0281
2015-04-15,XUA,NGN,middle,268.7119
2015-04-15,XUA,NGN,sell,269.3956
2015-04-16,CHF,NGN,buy,203.4884
2015-04-16,CHF,NGN,middle,204.0075
2015-04-16,CHF,NGN,sell,204.5266
2015-04-16,CNY,NGN,buy,31.6237
2015-04-16,CNY,NGN,middle,31.7049
2015-04-16,CNY,NGN,sell,31.786
2015-04-16,DKK,NGN,buy,28.1633
2015-04-16,DKK,NGN,middle,28.2352
2015-04-16,DKK,NGN,sell,28.307
2015-04-16,EUR,NGN,buy,210.2492
2015-04-16,EUR,NGN,middle,210.7856
2015-04-16,EUR,NGN,sell,211.3219
2015-04-16,GBP,NGN,buy,292.3536
2015-04-16,GBP,NGN,middle,293.0994
2015-04-16,GBP,NGN,sell,293.8452
2015-04-16,JPY,NGN,buy,1.6453
2015-04-16,JPY,NGN,middle,1.6495
2015-04-16,JPY,NGN,sell,1.6537
2015-04-16,SAR,NGN,buy,52.2569
2015-04-16,SAR,NGN,middle,52.3902
2015-04-16,SAR,NGN,sell,52.5235
2015-04-16,USD,NGN,buy,196
2015-04-16,USD,NGN,middle,196.5
2015-04-16,USD,NGN,sell,197
2015-04-16,XDR,NGN,buy,270.5388
2015-04-16,XDR,NGN,middle,271.229
2015-04-16,XDR,NGN,sell,271.9191
2015-04-16,XOF,NGN,buy,0.2969
2015-04-16,XOF,NGN,middle,0.3069
2015-04-16,XOF,NGN,sell,0.3169
2015-04-16,XUA,NGN,buy,268.3488
2015-04-16,XUA,NGN,middle,269.0333
2015-04-16,XUA,NGN,sell,269.7179
2015-04-20,CHF,NGN,buy,204.5502
2015-04-20,CHF,NGN,middle,205.072
2015-04-20,CHF,NGN,sell,205.5938
2015-04-20,CNY,NGN,buy,31.6044
2015-04-20,CNY,NGN,middle,31.6854
2015-04-20,CNY,NGN,sell,31.7665
2015-04-20,DKK,NGN,buy,28.1954
2015-04-20,DKK,NGN,middle,28.2673
2015-04-20,DKK,NGN,sell,28.3392
2015-04-20,EUR,NGN,buy,210.3864
2015-04-20,EUR,NGN,middle,210.9231
2015-04-20,EUR,NGN,sell,211.4598
2015-04-20,GBP,NGN,buy,292.4516
2015-04-20,GBP,NGN,middle,293.1977
2015-04-20,GBP,NGN,sell,293.9437
2015-04-20,JPY,NGN,buy,1.6465
2015-04-20,JPY,NGN,middle,1.6507
2015-04-20,JPY,NGN,sell,1.6549
2015-04-20,SAR,NGN,buy,52.2597
2015-04-20,SAR,NGN,middle,52.393
2015-04-20,SAR,NGN,sell,52.5263
2015-04-20,USD,NGN,buy,196
2015-04-20,USD,NGN,middle,196.5
2015-04-20,USD,NGN,sell,197
2015-04-20,XDR,NGN,buy,270.6564
2015-04-20,XDR,NGN,middle,271.3469
2015-04-20,XDR,NGN,sell,272.0373
2015-04-20,XOF,NGN,buy,0.3039
2015-04-20,XOF,NGN,middle,0.3139
2015-04-20,XOF,NGN,sell,0.3239
2015-04-20,XUA,NGN,buy,271.0486
2015-04-20,XUA,NGN,middle,271.74
2015-04-20,XUA,NGN,sell,272.4315
2015-04-21,CHF,NGN,buy,204.6143
2015-04-21,CHF,NGN,middle,205.1362
2015-04-21,CHF,NGN,sell,205.6582
2015-04-21,CNY,NGN,buy,31.6044
2015-04-21,CNY,NGN,middle,31.6854
2015-04-21,CNY,NGN,sell,31.7665
2015-04-21,DKK,NGN,buy,28.1141
2015-04-21,DKK,NGN,middle,28.1858
2015-04-21,DKK,NGN,sell,28.2575
2015-04-21,EUR,NGN,buy,209.7984
2015-04-21,EUR,NGN,middle,210.3336
2015-04-21,EUR,NGN,sell,210.8688
2015-04-21,GBP,NGN,buy,291.9616
2015-04-21,GBP,NGN,middle,292.7064
2015-04-21,GBP,NGN,sell,293.4512
2015-04-21,JPY,NGN,buy,1.6417
2015-04-21,JPY,NGN,middle,1.6459
2015-04-21,JPY,NGN,sell,1.6501
2015-04-21,SAR,NGN,buy,52.2611
2015-04-21,SAR,NGN,middle,52.3944
2015-04-21,SAR,NGN,sell,52.5277
2015-04-21,USD,NGN,buy,196
2015-04-21,USD,NGN,middle,196.5
2015-04-21,USD,NGN,sell,197
2015-04-21,XDR,NGN,buy,270.1468
2015-04-21,XDR,NGN,middle,270.836
2015-04-21,XDR,NGN,sell,271.5251
2015-04-21,XOF,NGN,buy,0.3039
2015-04-21,XOF,NGN,middle,0.3139
2015-04-21,XOF,NGN,sell,0.3239
2015-04-21,XUA,NGN,buy,271.0486
2015-04-21,XUA,NGN,middle,271.74
2015-04-21,XUA,NGN,sell,272.4315
2015-04-22,CHF,NGN,buy,204.2944
2015-04-22,CHF,NGN,middle,204.8155
2015-04-22,CHF,NGN,sell,205.3367
2015-04-22,CNY,NGN,buy,31.6401
2015-04-22,CNY,NGN,middle,31.7212
2015-04-22,CNY,NGN,sell,31.8024
2015-04-22,DKK,NGN,buy,28.2547
2015-04-22,DKK,NGN,middle,28.3268
2015-04-22,DKK,NGN,sell,28.3989
2015-04-22,EUR,NGN,buy,210.8568
2015-04-22,EUR,NGN,middle,211.3947
2015-04-22,EUR,NGN,sell,211.9326
2015-04-22,GBP,NGN,buy,295.5092
2015-04-22,GBP,NGN,middle,296.2631
2015-04-22,GBP,NGN,sell,297.0169
2015-04-22,JPY,NGN,buy,1.6389
2015-04-22,JPY,NGN,middle,1.6431
2015-04-22,JPY,NGN,sell,1.6473
2015-04-22,SAR,NGN,buy,52.2597
2015-04-22,SAR,NGN,middle,52.393
2015-04-22,SAR,NGN,sell,52.5263
2015-04-22,USD,NGN,buy,196
2015-04-22,USD,NGN,middle,196.5
2015-04-22,USD,NGN,sell,197
2015-04-22,XDR,NGN,buy,271.2248
2015-04-22,XDR,NGN,middle,271.9167
2015-04-22,XDR,NGN,sell,272.6086
2015-04-22,XOF,NGN,buy,0.3005
2015-04-22,XOF,NGN,middle,0.3105
2015-04-22,XOF,NGN,sell,0.3205
2015-04-22,XUA,NGN,buy,269.4631
2015-04-22,XUA,NGN,middle,270.1505
2015-04-22,XUA,NGN,sell,270.8379
2015-04-23,CHF,NGN,buy,203.1509
2015-04-23,CHF,NGN,middle,203.6692
2015-04-23,CHF,NGN,sell,204.1874
2015-04-23,CNY,NGN,buy,31.6248
2015-04-23,CNY,NGN,middle,31.7059
2015-04-23,CNY,NGN,sell,31.787
2015-04-23,DKK,NGN,buy,28.2971
2015-04-23,DKK,NGN,middle,28.3693
2015-04-23,DKK,NGN,sell,28.4415
2015-04-23,EUR,NGN,buy,211.1508
2015-04-23,EUR,NGN,middle,211.6895
2015-04-23,EUR,NGN,sell,212.2281
2015-04-23,GBP,NGN,buy,294.4508
2015-04-23,GBP,NGN,middle,295.202
2015-04-23,GBP,NGN,sell,295.9531
2015-04-23,JPY,NGN,buy,1.6327
2015-04-23,JPY,NGN,middle,1.6368
2015-04-23,JPY,NGN,sell,1.641
2015-04-23,SAR,NGN,buy,52.2583
2015-04-23,SAR,NGN,middle,52.3916
2015-04-23,SAR,NGN,sell,52.5249
2015-04-23,USD,NGN,buy,196
2015-04-23,USD,NGN,middle,196.5
2015-04-23,USD,NGN,sell,197
2015-04-23,XDR,NGN,buy,270.8132
2015-04-23,XDR,NGN,middle,271.5041
2015-04-23,XDR,NGN,sell,272.1949
2015-04-23,XOF,NGN,buy,0.3018
2015-04-23,XOF,NGN,middle,0.3118
2015-04-23,XOF,NGN,sell,0.3218
2015-04-23,XUA,NGN,buy,270.5286
2015-04-23,XUA,NGN,middle,271.2187
2015-04-23,XUA,NGN,sell,271.9088
2015-04-24,CHF,NGN,buy,205.3431
2015-04-24,CHF,NGN,middle,205.8669
2015-04-24,CHF,NGN,sell,206.3908
2015-04-24,CNY,NGN,buy,31.6426
2015-04-24,CNY,NGN,middle,31.7238
2015-04-24,CNY,NGN,sell,31.805
2015-04-24,DKK,NGN,buy,28.4971
2015-04-24,DKK,NGN,middle,28.5698
2015-04-24,DKK,NGN,sell,28.6425
2015-04-24,EUR,NGN,buy,212.5816
2015-04-24,EUR,NGN,middle,213.1239
2015-04-24,EUR,NGN,sell,213.6662
2015-04-24,GBP,NGN,buy,297.0576
2015-04-24,GBP,NGN,middle,297.8154
2015-04-24,GBP,NGN,sell,298.5732
2015-04-24,JPY,NGN,buy,1.6422
2015-04-24,JPY,NGN,middle,1.6464
2015-04-24,JPY,NGN,sell,1.6506
2015-04-24,SAR,NGN,buy,52.2611
2015-04-24,SAR,NGN,middle,52.3944
2015-04-24,SAR,NGN,sell,52.5277
2015-04-24,USD,NGN,buy,196
2015-04-24,USD,NGN,middle,196.5
2015-04-24,USD,NGN,sell,197
2015-04-24,XDR,NGN,buy,271.754
2015-04-24,XDR,NGN,middle,272.4473
2015-04-24,XDR,NGN,sell,273.1405
2015-04-24,XOF,NGN,buy,0.3027
2015-04-24,XOF,NGN,middle,0.3127
2015-04-24,XOF,NGN,sell,0.3227
2015-04-24,XUA,NGN,buy,270.1357
2015-04-24,XUA,NGN,middle,270.8248
2015-04-24,XUA,NGN,sell,271.5139
2015-04-27,CHF,NGN,buy,204.5715
2015-04-27,CHF,NGN,middle,205.0934
2015-04-27,CHF,NGN,sell,205.6153
2015-04-27,CNY,NGN,buy,31.5129
2015-04-27,CNY,NGN,middle,31.5937
2015-04-27,CNY,NGN,sell,31.6746
2015-04-27,DKK,NGN,buy,28.454
2015-04-27,DKK,NGN,middle,28.5266
2015-04-27,DKK,NGN,sell,28.5992
2015-04-27,EUR,NGN,buy,212.3072
2015-04-27,EUR,NGN,middle,212.8488
2015-04-27,EUR,NGN,sell,213.3904
2015-04-27,GBP,NGN,buy,296.2736
2015-04-27,GBP,NGN,middle,297.0294
2015-04-27,GBP,NGN,sell,297.7852
2015-04-27,JPY,NGN,buy,1.642
2015-04-27,JPY,NGN,middle,1.6461
2015-04-27,JPY,NGN,sell,1.6503
2015-04-27,SAR,NGN,buy,52.2569
2015-04-27,SAR,NGN,middle,52.3902
2015-04-27,SAR,NGN,sell,52.5235
2015-04-27,USD,NGN,buy,196
2015-04-27,USD,NGN,middle,196.5
2015-04-27,USD,NGN,sell,197
2015-04-27,XDR,NGN,buy,272.0872
2015-04-27,XDR,NGN,middle,272.7813
2015-04-27,XDR,NGN,sell,273.4754
2015-04-27,XOF,NGN,buy,0.3027
2015-04-27,XOF,NGN,middle,0.3127
2015-04-27,XOF,NGN,sell,0.3227
2015-04-27,XUA,NGN,buy,270.1357
2015-04-27,XUA,NGN,middle,270.8248
2015-04-27,XUA,NGN,sell,271.5139
2015-04-28,CHF,NGN,buy,204.7639
2015-04-28,CHF,NGN,middle,205.2863
2015-04-28,CHF,NGN,sell,205.8086
2015-04-28,CNY,NGN,buy,31.5891
2015-04-28,CNY,NGN,middle,31.6701
2015-04-28,CNY,NGN,sell,31.7511
2015-04-28,DKK,NGN,buy,28.7323
2015-04-28,DKK,NGN,middle,28.8056
2015-04-28,DKK,NGN,sell,28.8789
2015-04-28,EUR,NGN,buy,214.3848
2015-04-28,EUR,NGN,middle,214.9317
2015-04-28,EUR,NGN,sell,215.4786
2015-04-28,GBP,NGN,buy,299.8016
2015-04-28,GBP,NGN,middle,300.5664
2015-04-28,GBP,NGN,sell,301.3312
2015-04-28,JPY,NGN,buy,1.6472
2015-04-28,JPY,NGN,middle,1.6514
2015-04-28,JPY,NGN,sell,1.6556
2015-04-28,SAR,NGN,buy,52.2639
2015-04-28,SAR,NGN,middle,52.3972
2015-04-28,SAR,NGN,sell,52.5305
2015-04-28,USD,NGN,buy,196
2015-04-28,USD,NGN,middle,196.5
2015-04-28,USD,NGN,sell,197
2015-04-28,XDR,NGN,buy,273.2828
2015-04-28,XDR,NGN,middle,273.98
2015-04-28,XDR,NGN,sell,274.6771
2015-04-28,XOF,NGN,buy,0.3042
2015-04-28,XOF,NGN,middle,0.3142
2015-04-28,XOF,NGN,sell,0.3242
2015-04-28,XUA,NGN,buy,271.3927
2015-04-28,XUA,NGN,middle,272.0851
2015-04-28,XUA,NGN,sell,272.7774
2015-04-29,CHF,NGN,buy,205.3216
2015-04-29,CHF,NGN,middle,205.8454
2015-04-29,CHF,NGN,sell,206.3692
2015-04-29,CNY,NGN,buy,31.6135
2015-04-29,CNY,NGN,middle,31.6946
2015-04-29,CNY,NGN,sell,31.7757
2015-04-29,DKK,NGN,buy,28.8724
2015-04-29,DKK,NGN,middle,28.946
2015-04-29,DKK,NGN,sell,29.0197
2015-04-29,EUR,NGN,buy,215.4824
2015-04-29,EUR,NGN,middle,216.0321
2015-04-29,EUR,NGN,sell,216.5818
2015-04-29,GBP,NGN,buy,301.0364
2015-04-29,GBP,NGN,middle,301.8044
2015-04-29,GBP,NGN,sell,302.5723
2015-04-29,JPY,NGN,buy,1.6426
2015-04-29,JPY,NGN,middle,1.6468
2015-04-29,JPY,NGN,sell,1.651
2015-04-29,SAR,NGN,buy,52.2639
2015-04-29,SAR,NGN,middle,52.3972
2015-04-29,SAR,NGN,sell,52.5305
2015-04-29,USD,NGN,buy,196
2015-04-29,USD,NGN,middle,196.5
2015-04-29,USD,NGN,sell,197
2015-04-29,XDR,NGN,buy,273.812
2015-04-29,XDR,NGN,middle,274.5105
2015-04-29,XDR,NGN,sell,275.209
2015-04-29,XOF,NGN,buy,0.3073
2015-04-29,XOF,NGN,middle,0.3173
2015-04-29,XOF,NGN,sell,0.3273
2015-04-29,XUA,NGN,buy,272.5891
2015-04-29,XUA,NGN,middle,273.2845
2015-04-29,XUA,NGN,sell,273.9799
2015-04-30,CHF,NGN,buy,209.4465
2015-04-30,CHF,NGN,middle,209.9808
2015-04-30,CHF,NGN,sell,210.5151
2015-04-30,CNY,NGN,buy,31.5926
2015-04-30,CNY,NGN,middle,31.6737
2015-04-30,CNY,NGN,sell,31.7547
2015-04-30,DKK,NGN,buy,29.4021
2015-04-30,DKK,NGN,middle,29.4771
2015-04-30,DKK,NGN,sell,29.5521
2015-04-30,EUR,NGN,buy,219.5004
2015-04-30,EUR,NGN,middle,220.0604
2015-04-30,EUR,NGN,sell,220.6203
2015-04-30,GBP,NGN,buy,302.4476
2015-04-30,GBP,NGN,middle,303.2192
2015-04-30,GBP,NGN,sell,303.9907
2015-04-30,JPY,NGN,buy,1.6484
2015-04-30,JPY,NGN,middle,1.6526
2015-04-30,JPY,NGN,sell,1.6569
2015-04-30,SAR,NGN,buy,52.2639
2015-04-30,SAR,NGN,middle,52.3972
2015-04-30,SAR,NGN,sell,52.5305
2015-04-30,USD,NGN,buy,196
2015-04-30,USD,NGN,middle,196.5
2015-04-30,USD,NGN,sell,197
2015-04-30,XDR,NGN,buy,275.6544
2015-04-30,XDR,NGN,middle,276.3576
2015-04-30,XDR,NGN,sell,277.0608
2015-04-30,XOF,NGN,buy,0.3096
2015-04-30,XOF,NGN,middle,0.3196
2015-04-30,XOF,NGN,sell,0.3296
2015-04-30,XUA,NGN,buy,273.1249
2015-04-30,XUA,NGN,middle,273.8217
2015-04-30,XUA,NGN,sell,274.5184
2015-05-04,CHF,NGN,buy,209.3793
2015-05-04,CHF,NGN,middle,209.9135
2015-05-04,CHF,NGN,sell,210.4476
2015-05-04,CNY,NGN,buy,31.5636
2015-05-04,CNY,NGN,middle,31.6446
2015-05-04,CNY,NGN,sell,31.7256
2015-05-04,DKK,NGN,buy,29.2328
2015-05-04,DKK,NGN,middle,29.3074
2015-05-04,DKK,NGN,sell,29.3819
2015-05-04,EUR,NGN,buy,218.246
2015-05-04,EUR,NGN,middle,218.8028
2015-05-04,EUR,NGN,sell,219.3595
2015-05-04,GBP,NGN,buy,295.8424
2015-05-04,GBP,NGN,middle,296.5971
2015-05-04,GBP,NGN,sell,297.3518
2015-05-04,JPY,NGN,buy,1.6295
2015-05-04,JPY,NGN,middle,1.6337
2015-05-04,JPY,NGN,sell,1.6378
2015-05-04,SAR,NGN,buy,52.2653
2015-05-04,SAR,NGN,middle,52.3986
2015-05-04,SAR,NGN,sell,52.5319
2015-05-04,USD,NGN,buy,196
2015-05-04,USD,NGN,middle,196.5
2015-05-04,USD,NGN,sell,197
2015-05-04,XDR,NGN,buy,275.8308
2015-05-04,XDR,NGN,middle,276.5345
2015-05-04,XDR,NGN,sell,277.2381
2015-05-04,XOF,NGN,buy,0.3162
2015-05-04,XOF,NGN,middle,0.3262
2015-05-04,XOF,NGN,sell,0.3362
2015-05-04,XUA,NGN,buy,275.1249
2015-05-04,XUA,NGN,middle,275.8268
2015-05-04,XUA,NGN,sell,276.5286
2015-05-05,CHF,NGN,buy,209.8052
2015-05-05,CHF,NGN,middle,210.3404
2015-05-05,CHF,NGN,sell,210.8756
2015-05-05,CNY,NGN,buy,31.5799
2015-05-05,CNY,NGN,middle,31.6609
2015-05-05,CNY,NGN,sell,31.7419
2015-05-05,DKK,NGN,buy,29.1901
2015-05-05,DKK,NGN,middle,29.2646
2015-05-05,DKK,NGN,sell,29.3391
2015-05-05,EUR,NGN,buy,217.9324
2015-05-05,EUR,NGN,middle,218.4884
2015-05-05,EUR,NGN,sell,219.0443
2015-05-05,GBP,NGN,buy,296.45
2015-05-05,GBP,NGN,middle,297.2063
2015-05-05,GBP,NGN,sell,297.9625
2015-05-05,JPY,NGN,buy,1.6274
2015-05-05,JPY,NGN,middle,1.6315
2015-05-05,JPY,NGN,sell,1.6357
2015-05-05,SAR,NGN,buy,52.2625
2015-05-05,SAR,NGN,middle,52.3958
2015-05-05,SAR,NGN,sell,52.5291
2015-05-05,USD,NGN,buy,196
2015-05-05,USD,NGN,middle,196.5
2015-05-05,USD,NGN,sell,197
2015-05-05,XDR,NGN,buy,274.2236
2015-05-05,XDR,NGN,middle,274.9232
2015-05-05,XDR,NGN,sell,275.6227
2015-05-05,XOF,NGN,buy,0.3141
2015-05-05,XOF,NGN,middle,0.3241
2015-05-05,XOF,NGN,sell,0.3341
2015-05-05,XUA,NGN,buy,273.6742
2015-05-05,XUA,NGN,middle,274.3724
2015-05-05,XUA,NGN,sell,275.0705
2015-05-06,CHF,NGN,buy,212.0753
2015-05-06,CHF,NGN,middle,212.6163
2015-05-06,CHF,NGN,sell,213.1573
2015-05-06,CNY,NGN,buy,31.6089
2015-05-06,CNY,NGN,middle,31.69
2015-05-06,CNY,NGN,sell,31.7711
2015-05-06,DKK,NGN,buy,29.4848
2015-05-06,DKK,NGN,middle,29.56
2015-05-06,DKK,NGN,sell,29.6352
2015-05-06,EUR,NGN,buy,220.1276
2015-05-06,EUR,NGN,middle,220.6892
2015-05-06,EUR,NGN,sell,221.2507
2015-05-06,GBP,NGN,buy,298.5472
2015-05-06,GBP,NGN,middle,299.3088
2015-05-06,GBP,NGN,sell,300.0704
2015-05-06,JPY,NGN,buy,1.6357
2015-05-06,JPY,NGN,middle,1.6398
2015-05-06,JPY,NGN,sell,1.644
2015-05-06,SAR,NGN,buy,52.2569
2015-05-06,SAR,NGN,middle,52.3902
2015-05-06,SAR,NGN,sell,52.5235
2015-05-06,USD,NGN,buy,196
2015-05-06,USD,NGN,middle,196.5
2015-05-06,USD,NGN,sell,197
2015-05-06,XDR,NGN,buy,275.38
2015-05-06,XDR,NGN,middle,276.0825
2015-05-06,XDR,NGN,sell,276.785
2015-05-06,XOF,NGN,buy,0.3141
2015-05-06,XOF,NGN,middle,0.3241
2015-05-06,XOF,NGN,sell,0.3341
2015-05-06,XUA,NGN,buy,273.6742
2015-05-06,XUA,NGN,middle,274.3724
2015-05-06,XUA,NGN,sell,275.0705
2015-05-07,CHF,NGN,buy,214.2779
2015-05-07,CHF,NGN,middle,214.8245
2015-05-07,CHF,NGN,sell,215.3712
2015-05-07,CNY,NGN,buy,31.5774
2015-05-07,CNY,NGN,middle,31.6584
2015-05-07,CNY,NGN,sell,31.7394
2015-05-07,DKK,NGN,buy,29.6812
2015-05-07,DKK,NGN,middle,29.7569
2015-05-07,DKK,NGN,sell,29.8327
2015-05-07,EUR,NGN,buy,221.5388
2015-05-07,EUR,NGN,middle,222.104
2015-05-07,EUR,NGN,sell,222.6691
2015-05-07,GBP,NGN,buy,298.1944
2015-05-07,GBP,NGN,middle,298.9551
2015-05-07,GBP,NGN,sell,299.7158
2015-05-07,JPY,NGN,buy,1.6448
2015-05-07,JPY,NGN,middle,1.649
2015-05-07,JPY,NGN,sell,1.6532
2015-05-07,SAR,NGN,buy,52.2639
2015-05-07,SAR,NGN,middle,52.3972
2015-05-07,SAR,NGN,sell,52.5305
2015-05-07,USD,NGN,buy,196
2015-05-07,USD,NGN,middle,196.5
2015-05-07,USD,NGN,sell,197
2015-05-07,XDR,NGN,buy,276.4384
2015-05-07,XDR,NGN,middle,277.1436
2015-05-07,XDR,NGN,sell,277.8488
2015-05-07,XOF,NGN,buy,0.3164
2015-05-07,XOF,NGN,middle,0.3264
2015-05-07,XOF,NGN,sell,0.3364
2015-05-07,XUA,NGN,buy,274.6889
2015-05-07,XUA,NGN,middle,275.3897
2015-05-07,XUA,NGN,sell,276.0904
2015-05-08,CHF,NGN,buy,211.8232
2015-05-08,CHF,NGN,middle,212.3636
2015-05-08,CHF,NGN,sell,212.9039
2015-05-08,CNY,NGN,buy,31.5591
2015-05-08,CNY,NGN,middle,31.64
2015-05-08,CNY,NGN,sell,31.721
2015-05-08,DKK,NGN,buy,29.4524
2015-05-08,DKK,NGN,middle,29.5276
2015-05-08,DKK,NGN,sell,29.6027
2015-05-08,EUR,NGN,buy,219.8924
2015-05-08,EUR,NGN,middle,220.4534
2015-05-08,EUR,NGN,sell,221.0143
2015-05-08,GBP,NGN,buy,302.0752
2015-05-08,GBP,NGN,middle,302.8458
2015-05-08,GBP,NGN,sell,303.6164
2015-05-08,JPY,NGN,buy,1.6305
2015-05-08,JPY,NGN,middle,1.6346
2015-05-08,JPY,NGN,sell,1.6388
2015-05-08,SAR,NGN,buy,52.2639
2015-05-08,SAR,NGN,middle,52.3972
2015-05-08,SAR,NGN,sell,52.5305
2015-05-08,USD,NGN,buy,196
2015-05-08,USD,NGN,middle,196.5
2015-05-08,USD,NGN,sell,197
2015-05-08,XDR,NGN,buy,275.6348
2015-05-08,XDR,NGN,middle,276.338
2015-05-08,XDR,NGN,sell,277.0411
2015-05-08,XOF,NGN,buy,0.3187
2015-05-08,XOF,NGN,middle,0.3287
2015-05-08,XOF,NGN,sell,0.3387
2015-05-08,XUA,NGN,buy,275.7426
2015-05-08,XUA,NGN,middle,276.4461
2015-05-08,XUA,NGN,sell,277.1495
2015-05-11,CHF,NGN,buy,209.8276
2015-05-11,CHF,NGN,middle,210.3629
2015-05-11,CHF,NGN,sell,210.8982
2015-05-11,CNY,NGN,buy,31.558
2015-05-11,CNY,NGN,middle,31.639
2015-05-11,CNY,NGN,sell,31.72
2015-05-11,DKK,NGN,buy,29.2546
2015-05-11,DKK,NGN,middle,29.3292
2015-05-11,DKK,NGN,sell,29.4039
2015-05-11,EUR,NGN,buy,218.344
2015-05-11,EUR,NGN,middle,218.901
2015-05-11,EUR,NGN,sell,219.458
2015-05-11,GBP,NGN,buy,303.7608
2015-05-11,GBP,NGN,middle,304.5357
2015-05-11,GBP,NGN,sell,305.3106
2015-05-11,JPY,NGN,buy,1.6344
2015-05-11,JPY,NGN,middle,1.6386
2015-05-11,JPY,NGN,sell,1.6428
2015-05-11,SAR,NGN,buy,52.2639
2015-05-11,SAR,NGN,middle,52.3972
2015-05-11,SAR,NGN,sell,52.5305
2015-05-11,USD,NGN,buy,196
2015-05-11,USD,NGN,middle,196.5
2015-05-11,USD,NGN,sell,197
2015-05-11,XDR,NGN,buy,275.3016
2015-05-11,XDR,NGN,middle,276.0039
2015-05-11,XDR,NGN,sell,276.7062
2015-05-11,XOF,NGN,buy,0.3161
2015-05-11,XOF,NGN,middle,0.3261
2015-05-11,XOF,NGN,sell,0.3361
2015-05-11,XUA,NGN,buy,274.941
2015-05-11,XUA,NGN,middle,275.6424
2015-05-11,XUA,NGN,sell,276.3438
2015-05-12,CHF,NGN,buy,211.869
2015-05-12,CHF,NGN,middle,212.4095
2015-05-12,CHF,NGN,sell,212.95
2015-05-12,CNY,NGN,buy,31.5652
2015-05-12,CNY,NGN,middle,31.6461
2015-05-12,CNY,NGN,sell,31.7271
2015-05-12,DKK,NGN,buy,29.5012
2015-05-12,DKK,NGN,middle,29.5764
2015-05-12,DKK,NGN,sell,29.6517
2015-05-12,EUR,NGN,buy,220.206
2015-05-12,EUR,NGN,middle,220.7678
2015-05-12,EUR,NGN,sell,221.3295
2015-05-12,GBP,NGN,buy,307.4848
2015-05-12,GBP,NGN,middle,308.2692
2015-05-12,GBP,NGN,sell,309.0536
2015-05-12,JPY,NGN,buy,1.6329
2015-05-12,JPY,NGN,middle,1.6371
2015-05-12,JPY,NGN,sell,1.6413
2015-05-12,SAR,NGN,buy,52.2639
2015-05-12,SAR,NGN,middle,52.3972
2015-05-12,SAR,NGN,sell,52.5305
2015-05-12,USD,NGN,buy,196
2015-05-12,USD,NGN,middle,196.5
2015-05-12,USD,NGN,sell,197
2015-05-12,XDR,NGN,buy,276.5364
2015-05-12,XDR,NGN,middle,277.2419
2015-05-12,XDR,NGN,sell,277.9473
2015-05-12,XOF,NGN,buy,0.3138
2015-05-12,XOF,NGN,middle,0.3238
2015-05-12,XOF,NGN,sell,0.3338
2015-05-12,XUA,NGN,buy,274.6009
2015-05-12,XUA,NGN,middle,275.3014
2015-05-12,XUA,NGN,sell,276.0019
2015-05-13,CHF,NGN,buy,211.1159
2015-05-13,CHF,NGN,middle,211.6545
2015-05-13,CHF,NGN,sell,212.193
2015-05-13,CNY,NGN,buy,31.587
2015-05-13,CNY,NGN,middle,31.6681
2015-05-13,CNY,NGN,sell,31.7491
2015-05-13,DKK,NGN,buy,29.4905
2015-05-13,DKK,NGN,middle,29.5658
2015-05-13,DKK,NGN,sell,29.641
2015-05-13,EUR,NGN,buy,220.0884
2015-05-13,EUR,NGN,middle,220.6499
2015-05-13,EUR,NGN,sell,221.2113
2015-05-13,GBP,NGN,buy,306.6812
2015-05-13,GBP,NGN,middle,307.4636
2015-05-13,GBP,NGN,sell,308.2459
2015-05-13,JPY,NGN,buy,1.6369
2015-05-13,JPY,NGN,middle,1.6411
2015-05-13,JPY,NGN,sell,1.6452
2015-05-13,SAR,NGN,buy,52.2639
2015-05-13,SAR,NGN,middle,52.3972
2015-05-13,SAR,NGN,sell,52.5305
2015-05-13,USD,NGN,buy,196
2015-05-13,USD,NGN,middle,196.5
2015-05-13,USD,NGN,sell,197
2015-05-13,XDR,NGN,buy,276.3404
2015-05-13,XDR,NGN,middle,277.0454
2015-05-13,XDR,NGN,sell,277.7503
2015-05-13,XOF,NGN,buy,0.3167
2015-05-13,XOF,NGN,middle,0.3267
2015-05-13,XOF,NGN,sell,0.3367
2015-05-13,XUA,NGN,buy,275.8306
2015-05-13,XUA,NGN,middle,276.5343
2015-05-13,XUA,NGN,sell,277.2379
2015-05-14,CHF,NGN,buy,215.5741
2015-05-14,CHF,NGN,middle,216.1241
2015-05-14,CHF,NGN,sell,216.674
2015-05-14,CNY,NGN,buy,31.6028
2015-05-14,CNY,NGN,middle,31.6839
2015-05-14,CNY,NGN,sell,31.765
2015-05-14,DKK,NGN,buy,29.9992
2015-05-14,DKK,NGN,middle,30.0758
2015-05-14,DKK,NGN,sell,30.1523
2015-05-14,EUR,NGN,buy,223.9692
2015-05-14,EUR,NGN,middle,224.5406
2015-05-14,EUR,NGN,sell,225.1119
2015-05-14,GBP,NGN,buy,309.8368
2015-05-14,GBP,NGN,middle,310.6272
2015-05-14,GBP,NGN,sell,311.4176
2015-05-14,JPY,NGN,buy,1.6437
2015-05-14,JPY,NGN,middle,1.6479
2015-05-14,JPY,NGN,sell,1.6521
2015-05-14,SAR,NGN,buy,52.2639
2015-05-14,SAR,NGN,middle,52.3972
2015-05-14,SAR,NGN,sell,52.5305
2015-05-14,USD,NGN,buy,196
2015-05-14,USD,NGN,middle,196.5
2015-05-14,USD,NGN,sell,197
2015-05-14,XDR,NGN,buy,278.418
2015-05-14,XDR,NGN,middle,279.1283
2015-05-14,XDR,NGN,sell,279.8385
2015-05-14,XOF,NGN,buy,0.3161
2015-05-14,XOF,NGN,middle,0.3261
2015-05-14,XOF,NGN,sell,0.3361
2015-05-14,XUA,NGN,buy,275.641
2015-05-14,XUA,NGN,middle,276.3441
2015-05-14,XUA,NGN,sell,277.0473
2015-05-15,CHF,NGN,buy,212.2131
2015-05-15,CHF,NGN,middle,212.7544
2015-05-15,CHF,NGN,sell,213.2958
2015-05-15,CNY,NGN,buy,31.5758
2015-05-15,CNY,NGN,middle,31.6568
2015-05-15,CNY,NGN,sell,31.7378
2015-05-15,DKK,NGN,buy,29.752
2015-05-15,DKK,NGN,middle,29.8279
2015-05-15,DKK,NGN,sell,29.9038
2015-05-15,EUR,NGN,buy,222.1268
2015-05-15,EUR,NGN,middle,222.6935
2015-05-15,EUR,NGN,sell,223.2601
2015-05-15,GBP,NGN,buy,307.8572
2015-05-15,GBP,NGN,middle,308.6426
2015-05-15,GBP,NGN,sell,309.4279
2015-05-15,JPY,NGN,buy,1.6346
2015-05-15,JPY,NGN,middle,1.6387
2015-05-15,JPY,NGN,sell,1.6429
2015-05-15,SAR,NGN,buy,52.2625
2015-05-15,SAR,NGN,middle,52.3958
2015-05-15,SAR,NGN,sell,52.5291
2015-05-15,USD,NGN,buy,196
2015-05-15,USD,NGN,middle,196.5
2015-05-15,USD,NGN,sell,197
2015-05-15,XDR,NGN,buy,277.5164
2015-05-15,XDR,NGN,middle,278.2244
2015-05-15,XDR,NGN,sell,278.9323
2015-05-15,XOF,NGN,buy,0.3221
2015-05-15,XOF,NGN,middle,0.3321
2015-05-15,XOF,NGN,sell,0.3421
2015-05-15,XUA,NGN,buy,277.7113
2015-05-15,XUA,NGN,middle,278.4198
2015-05-15,XUA,NGN,sell,279.1282
2015-05-18,CHF,NGN,buy,212.9509
2015-05-18,CHF,NGN,middle,213.4941
2015-05-18,CHF,NGN,sell,214.0374
2015-05-18,CNY,NGN,buy,31.5896
2015-05-18,CNY,NGN,middle,31.6706
2015-05-18,CNY,NGN,sell,31.7517
2015-05-18,DKK,NGN,buy,29.9246
2015-05-18,DKK,NGN,middle,30.0009
2015-05-18,DKK,NGN,sell,30.0773
2015-05-18,EUR,NGN,buy,223.3812
2015-05-18,EUR,NGN,middle,223.9511
2015-05-18,EUR,NGN,sell,224.5209
2015-05-18,GBP,NGN,buy,307.132
2015-05-18,GBP,NGN,middle,307.9155
2015-05-18,GBP,NGN,sell,308.699
2015-05-18,JPY,NGN,buy,1.6374
2015-05-18,JPY,NGN,middle,1.6416
2015-05-18,JPY,NGN,sell,1.6458
2015-05-18,SAR,NGN,buy,52.2639
2015-05-18,SAR,NGN,middle,52.3972
2015-05-18,SAR,NGN,sell,52.5305
2015-05-18,USD,NGN,buy,196
2015-05-18,USD,NGN,middle,196.5
2015-05-18,USD,NGN,sell,197
2015-05-18,XDR,NGN,buy,277.9476
2015-05-18,XDR,NGN,middle,278.6567
2015-05-18,XDR,NGN,sell,279.3657
2015-05-18,XOF,NGN,buy,0.3193
2015-05-18,XOF,NGN,middle,0.3293
2015-05-18,XOF,NGN,sell,0.3393
2015-05-18,XUA,NGN,buy,276.8277
2015-05-18,XUA,NGN,middle,277.5339
2015-05-18,XUA,NGN,sell,278.2401
2015-05-19,CHF,NGN,buy,210.1201
2015-05-19,CHF,NGN,middle,210.6561
2015-05-19,CHF,NGN,sell,211.1921
2015-05-19,CNY,NGN,buy,31.5769
2015-05-19,CNY,NGN,middle,31.6579
2015-05-19,CNY,NGN,sell,31.7389
2015-05-19,DKK,NGN,buy,29.373
2015-05-19,DKK,NGN,middle,29.4479
2015-05-19,DKK,NGN,sell,29.5228
2015-05-19,EUR,NGN,buy,219.0888
2015-05-19,EUR,NGN,middle,219.6477
2015-05-19,EUR,NGN,sell,220.2066
2015-05-19,GBP,NGN,buy,303.5452
2015-05-19,GBP,NGN,middle,304.3196
2015-05-19,GBP,NGN,sell,305.0939
2015-05-19,JPY,NGN,buy,1.6309
2015-05-19,JPY,NGN,middle,1.635
2015-05-19,JPY,NGN,sell,1.6392
2015-05-19,SAR,NGN,buy,52.2639
2015-05-19,SAR,NGN,middle,52.3972
2015-05-19,SAR,NGN,sell,52.5305
2015-05-19,USD,NGN,buy,196
2015-05-19,USD,NGN,middle,196.5
2015-05-19,USD,NGN,sell,197
2015-05-19,XDR,NGN,buy,275.8504
2015-05-19,XDR,NGN,middle,276.5541
2015-05-19,XDR,NGN,sell,277.2578
2015-05-19,XOF,NGN,buy,0.3212
2015-05-19,XOF,NGN,middle,0.3312
2015-05-19,XOF,NGN,sell,0.3412
2015-05-19,XUA,NGN,buy,277.248
2015-05-19,XUA,NGN,middle,277.9552
2015-05-19,XUA,NGN,sell,278.6625
2015-05-20,CHF,NGN,buy,208.7105
2015-05-20,CHF,NGN,middle,209.2429
2015-05-20,CHF,NGN,sell,209.7753
2015-05-20,CNY,NGN,buy,31.5926
2015-05-20,CNY,NGN,middle,31.6737
2015-05-20,CNY,NGN,sell,31.7547
2015-05-20,DKK,NGN,buy,29.2036
2015-05-20,DKK,NGN,middle,29.2781
2015-05-20,DKK,NGN,sell,29.3526
2015-05-20,EUR,NGN,buy,217.9128
2015-05-20,EUR,NGN,middle,218.4687
2015-05-20,EUR,NGN,sell,219.0246
2015-05-20,GBP,NGN,buy,304.4076
2015-05-20,GBP,NGN,middle,305.1842
2015-05-20,GBP,NGN,sell,305.9607
2015-05-20,JPY,NGN,buy,1.621
2015-05-20,JPY,NGN,middle,1.6252
2015-05-20,JPY,NGN,sell,1.6293
2015-05-20,SAR,NGN,buy,52.2625
2015-05-20,SAR,NGN,middle,52.3958
2015-05-20,SAR,NGN,sell,52.5291
2015-05-20,USD,NGN,buy,196
2015-05-20,USD,NGN,middle,196.5
2015-05-20,USD,NGN,sell,197
2015-05-20,XDR,NGN,buy,274.694
2015-05-20,XDR,NGN,middle,275.3948
2015-05-20,XDR,NGN,sell,276.0955
2015-05-20,XOF,NGN,buy,0.3149
2015-05-20,XOF,NGN,middle,0.3249
2015-05-20,XOF,NGN,sell,0.3349
2015-05-20,XUA,NGN,buy,275.16
2015-05-20,XUA,NGN,middle,275.862
2015-05-20,XUA,NGN,sell,276.5639
2015-05-21,CHF,NGN,buy,209.8276
2015-05-21,CHF,NGN,middle,210.3629
2015-05-21,CHF,NGN,sell,210.8982
2015-05-21,CNY,NGN,buy,31.6232
2015-05-21,CNY,NGN,middle,31.7043
2015-05-21,CNY,NGN,sell,31.7855
2015-05-21,DKK,NGN,buy,29.2756
2015-05-21,DKK,NGN,middle,29.3503
2015-05-21,DKK,NGN,sell,29.4249
2015-05-21,EUR,NGN,buy,218.344
2015-05-21,EUR,NGN,middle,218.901
2015-05-21,EUR,NGN,sell,219.458
2015-05-21,GBP,NGN,buy,307.4064
2015-05-21,GBP,NGN,middle,308.1906
2015-05-21,GBP,NGN,sell,308.9748
2015-05-21,JPY,NGN,buy,1.6182
2015-05-21,JPY,NGN,middle,1.6224
2015-05-21,JPY,NGN,sell,1.6265
2015-05-21,SAR,NGN,buy,52.2625
2015-05-21,SAR,NGN,middle,52.3958
2015-05-21,SAR,NGN,sell,52.5291
2015-05-21,USD,NGN,buy,196
2015-05-21,USD,NGN,middle,196.5
2015-05-21,USD,NGN,sell,197
2015-05-21,XDR,NGN,buy,275.6544
2015-05-21,XDR,NGN,middle,276.3576
2015-05-21,XDR,NGN,sell,277.0608
2015-05-21,XOF,NGN,buy,0.3131
2015-05-21,XOF,NGN,middle,0.3231
2015-05-21,XOF,NGN,sell,0.3331
2015-05-21,XUA,NGN,buy,274.0007
2015-05-21,XUA,NGN,middle,274.6997
2015-05-21,XUA,NGN,sell,275.3987
2015-05-22,CHF,NGN,buy,210.03
2015-05-22,CHF,NGN,middle,210.5658
2015-05-22,CHF,NGN,sell,211.1016
2015-05-22,CNY,NGN,buy,31.6242
2015-05-22,CNY,NGN,middle,31.7054
2015-05-22,CNY,NGN,sell,31.7865
2015-05-22,DKK,NGN,buy,29.3514
2015-05-22,DKK,NGN,middle,29.4263
2015-05-22,DKK,NGN,sell,29.5012
2015-05-22,EUR,NGN,buy,218.8732
2015-05-22,EUR,NGN,middle,219.4316
2015-05-22,EUR,NGN,sell,219.9899
2015-05-22,GBP,NGN,buy,306.544
2015-05-22,GBP,NGN,middle,307.326
2015-05-22,GBP,NGN,sell,308.108
2015-05-22,JPY,NGN,buy,1.6208
2015-05-22,JPY,NGN,middle,1.6249
2015-05-22,JPY,NGN,sell,1.629
2015-05-22,SAR,NGN,buy,52.2597
2015-05-22,SAR,NGN,middle,52.393
2015-05-22,SAR,NGN,sell,52.5263
2015-05-22,USD,NGN,buy,196
2015-05-22,USD,NGN,middle,196.5
2015-05-22,USD,NGN,sell,197
2015-05-22,XDR,NGN,buy,275.7524
2015-05-22,XDR,NGN,middle,276.4559
2015-05-22,XDR,NGN,sell,277.1593
2015-05-22,XOF,NGN,buy,0.3135
2015-05-22,XOF,NGN,middle,0.3235
2015-05-22,XOF,NGN,sell,0.3335
2015-05-22,XUA,NGN,buy,274.9586
2015-05-22,XUA,NGN,middle,275.6601
2015-05-22,XUA,NGN,sell,276.3615
2015-05-25,CHF,NGN,buy,207.7812
2015-05-25,CHF,NGN,middle,208.3112
2015-05-25,CHF,NGN,sell,208.8413
2015-05-25,CNY,NGN,buy,31.5967
2015-05-25,CNY,NGN,middle,31.6778
2015-05-25,CNY,NGN,sell,31.7588
2015-05-25,DKK,NGN,buy,28.8579
2015-05-25,DKK,NGN,middle,28.9315
2015-05-25,DKK,NGN,sell,29.0051
2015-05-25,EUR,NGN,buy,215.1688
2015-05-25,EUR,NGN,middle,215.7177
2015-05-25,EUR,NGN,sell,216.2666
2015-05-25,GBP,NGN,buy,302.9964
2015-05-25,GBP,NGN,middle,303.7694
2015-05-25,GBP,NGN,sell,304.5423
2015-05-25,JPY,NGN,buy,1.613
2015-05-25,JPY,NGN,middle,1.6172
2015-05-25,JPY,NGN,sell,1.6213
2015-05-25,SAR,NGN,buy,52.2639
2015-05-25,SAR,NGN,middle,52.3972
2015-05-25,SAR,NGN,sell,52.5305
2015-05-25,USD,NGN,buy,196
2015-05-25,USD,NGN,middle,196.5
2015-05-25,USD,NGN,sell,197
2015-05-25,XDR,NGN,buy,275.7524
2015-05-25,XDR,NGN,middle,276.4559
2015-05-25,XDR,NGN,sell,277.1593
2015-05-25,XOF,NGN,buy,0.3144
2015-05-25,XOF,NGN,middle,0.3244
2015-05-25,XOF,NGN,sell,0.3344
2015-05-25,XUA,NGN,buy,275.0583
2015-05-25,XUA,NGN,middle,275.76
2015-05-25,XUA,NGN,sell,276.4617
2015-05-26,CHF,NGN,buy,206.882
2015-05-26,CHF,NGN,middle,207.4098
2015-05-26,CHF,NGN,sell,207.9375
2015-05-26,CNY,NGN,buy,31.5916
2015-05-26,CNY,NGN,middle,31.6727
2015-05-26,CNY,NGN,sell,31.7537
2015-05-26,DKK,NGN,buy,28.7411
2015-05-26,DKK,NGN,middle,28.8144
2015-05-26,DKK,NGN,sell,28.8877
2015-05-26,EUR,NGN,buy,214.2868
2015-05-26,EUR,NGN,middle,214.8335
2015-05-26,EUR,NGN,sell,215.3801
2015-05-26,GBP,NGN,buy,302.0556
2015-05-26,GBP,NGN,middle,302.8262
2015-05-26,GBP,NGN,sell,303.5967
2015-05-26,JPY,NGN,buy,1.5977
2015-05-26,JPY,NGN,middle,1.6017
2015-05-26,JPY,NGN,sell,1.6058
2015-05-26,SAR,NGN,buy,52.2639
2015-05-26,SAR,NGN,middle,52.3972
2015-05-26,SAR,NGN,sell,52.5305
2015-05-26,USD,NGN,buy,196
2015-05-26,USD,NGN,middle,196.5
2015-05-26,USD,NGN,sell,197
2015-05-26,XDR,NGN,buy,272.6556
2015-05-26,XDR,NGN,middle,273.3512
2015-05-26,XDR,NGN,sell,274.0467
2015-05-26,XOF,NGN,buy,0.3144
2015-05-26,XOF,NGN,middle,0.3244
2015-05-26,XOF,NGN,sell,0.3344
2015-05-26,XUA,NGN,buy,275.0583
2015-05-26,XUA,NGN,middle,275.76
2015-05-26,XUA,NGN,sell,276.4617
2015-05-27,CHF,NGN,buy,206.2073
2015-05-27,CHF,NGN,middle,206.7333
2015-05-27,CHF,NGN,sell,207.2593
2015-05-27,CNY,NGN,buy,31.6044
2015-05-27,CNY,NGN,middle,31.6854
2015-05-27,CNY,NGN,sell,31.7665
2015-05-27,DKK,NGN,buy,28.5743
2015-05-27,DKK,NGN,middle,28.6472
2015-05-27,DKK,NGN,sell,28.7201
2015-05-27,EUR,NGN,buy,213.052
2015-05-27,EUR,NGN,middle,213.5955
2015-05-27,EUR,NGN,sell,214.139
2015-05-27,GBP,NGN,buy,301.3108
2015-05-27,GBP,NGN,middle,302.0795
2015-05-27,GBP,NGN,sell,302.8481
2015-05-27,JPY,NGN,buy,1.5851
2015-05-27,JPY,NGN,middle,1.5892
2015-05-27,JPY,NGN,sell,1.5932
2015-05-27,SAR,NGN,buy,52.2625
2015-05-27,SAR,NGN,middle,52.3958
2015-05-27,SAR,NGN,sell,52.5291
2015-05-27,USD,NGN,buy,196
2015-05-27,USD,NGN,middle,196.5
2015-05-27,USD,NGN,sell,197
2015-05-27,XDR,NGN,buy,272.2244
2015-05-27,XDR,NGN,middle,272.9189
2015-05-27,XDR,NGN,sell,273.6133
2015-05-27,XOF,NGN,buy,0.3073
2015-05-27,XOF,NGN,middle,0.3173
2015-05-27,XOF,NGN,sell,0.3273
2015-05-27,XUA,NGN,buy,271.9734
2015-05-27,XUA,NGN,middle,272.6672
2015-05-27,XUA,NGN,sell,273.361
2015-05-28,CHF,NGN,buy,206.3592
2015-05-28,CHF,NGN,middle,206.8857
2015-05-28,CHF,NGN,sell,207.4121
2015-05-28,CNY,NGN,buy,31.6008
2015-05-28,CNY,NGN,middle,31.6819
2015-05-28,CNY,NGN,sell,31.7629
2015-05-28,DKK,NGN,buy,28.5977
2015-05-28,DKK,NGN,middle,28.6706
2015-05-28,DKK,NGN,sell,28.7436
2015-05-28,EUR,NGN,buy,213.3852
2015-05-28,EUR,NGN,middle,213.9296
2015-05-28,EUR,NGN,sell,214.4739
2015-05-28,GBP,NGN,buy,299.4488
2015-05-28,GBP,NGN,middle,300.2127
2015-05-28,GBP,NGN,sell,300.9766
2015-05-28,JPY,NGN,buy,1.5771
2015-05-28,JPY,NGN,middle,1.5811
2015-05-28,JPY,NGN,sell,1.5851
2015-05-28,SAR,NGN,buy,52.2639
2015-05-28,SAR,NGN,middle,52.3972
2015-05-28,SAR,NGN,sell,52.5305
2015-05-28,USD,NGN,buy,196
2015-05-28,USD,NGN,middle,196.5
2015-05-28,USD,NGN,sell,197
2015-05-28,XDR,NGN,buy,272.3616
2015-05-28,XDR,NGN,middle,273.0564
2015-05-28,XDR,NGN,sell,273.7512
2015-05-28,XOF,NGN,buy,0.3054
2015-05-28,XOF,NGN,middle,0.3154
2015-05-28,XOF,NGN,sell,0.3254
2015-05-28,XUA,NGN,buy,271.551
2015-05-28,XUA,NGN,middle,272.2438
2015-05-28,XUA,NGN,sell,272.9365
2015-06-01,CHF,NGN,buy,207.3764
2015-06-01,CHF,NGN,middle,207.9056
2015-06-01,CHF,NGN,sell,208.4348
2015-06-01,CNY,NGN,buy,31.6014
2015-06-01,CNY,NGN,middle,31.6825
2015-06-01,CNY,NGN,sell,31.7636
2015-06-01,DKK,NGN,buy,28.7174
2015-06-01,DKK,NGN,middle,28.7906
2015-06-01,DKK,NGN,sell,28.8639
2015-06-01,EUR,NGN,buy,214.1929
2015-06-01,EUR,NGN,middle,214.7395
2015-06-01,EUR,NGN,sell,215.286
2015-06-01,GBP,NGN,buy,298.04
2015-06-01,GBP,NGN,middle,298.8005
2015-06-01,GBP,NGN,sell,299.561
2015-06-01,JPY,NGN,buy,1.579
2015-06-01,JPY,NGN,middle,1.583
2015-06-01,JPY,NGN,sell,1.587
2015-06-01,SAR,NGN,buy,52.2505
2015-06-01,SAR,NGN,middle,52.3839
2015-06-01,SAR,NGN,sell,52.5172
2015-06-01,USD,NGN,buy,195.95
2015-06-01,USD,NGN,middle,196.45
2015-06-01,USD,NGN,sell,196.95
2015-06-01,XDR,NGN,buy,272.057
2015-06-01,XDR,NGN,middle,272.7512
2015-06-01,XDR,NGN,sell,273.4454
2015-06-01,XOF,NGN,buy,0.3086
2015-06-01,XOF,NGN,middle,0.3186
2015-06-01,XOF,NGN,sell,0.3286
2015-06-01,XUA,NGN,buy,271.8459
2015-06-01,XUA,NGN,middle,272.5395
2015-06-01,XUA,NGN,sell,273.2332
2015-06-02,CHF,NGN,buy,207.9266
2015-06-02,CHF,NGN,middle,208.4571
2015-06-02,CHF,NGN,sell,208.9877
2015-06-02,CNY,NGN,buy,31.6126
2015-06-02,CNY,NGN,middle,31.6937
2015-06-02,CNY,NGN,sell,31.7748
2015-06-02,DKK,NGN,buy,28.9683
2015-06-02,DKK,NGN,middle,29.0422
2015-06-02,DKK,NGN,sell,29.1161
2015-06-02,EUR,NGN,buy,216.0741
2015-06-02,EUR,NGN,middle,216.6254
2015-06-02,EUR,NGN,sell,217.1768
2015-06-02,GBP,NGN,buy,298.3339
2015-06-02,GBP,NGN,middle,299.0951
2015-06-02,GBP,NGN,sell,299.8564
2015-06-02,JPY,NGN,buy,1.5712
2015-06-02,JPY,NGN,middle,1.5753
2015-06-02,JPY,NGN,sell,1.5793
2015-06-02,SAR,NGN,buy,52.2478
2015-06-02,SAR,NGN,middle,52.3811
2015-06-02,SAR,NGN,sell,52.5144
2015-06-02,USD,NGN,buy,195.95
2015-06-02,USD,NGN,middle,196.45
2015-06-02,USD,NGN,sell,196.95
2015-06-02,XDR,NGN,buy,272.8016
2015-06-02,XDR,NGN,middle,273.4977
2015-06-02,XDR,NGN,sell,274.1938
2015-06-02,XOF,NGN,buy,0.3078
2015-06-02,XOF,NGN,middle,0.3178
2015-06-02,XOF,NGN,sell,0.3278
2015-06-02,XUA,NGN,buy,271.4275
2015-06-02,XUA,NGN,middle,272.1201
2015-06-02,XUA,NGN,sell,272.8127
2015-06-03,CHF,NGN,buy,208.9688
2015-06-03,CHF,NGN,middle,209.502
2015-06-03,CHF,NGN,sell,210.0352
2015-06-03,CNY,NGN,buy,31.6141
2015-06-03,CNY,NGN,middle,31.6953
2015-06-03,CNY,NGN,sell,31.7764
2015-06-03,DKK,NGN,buy,29.2027
2015-06-03,DKK,NGN,middle,29.2772
2015-06-03,DKK,NGN,sell,29.3517
2015-06-03,EUR,NGN,buy,217.9356
2015-06-03,EUR,NGN,middle,218.4917
2015-06-03,EUR,NGN,sell,219.0478
2015-06-03,GBP,NGN,buy,299.588
2015-06-03,GBP,NGN,middle,300.3524
2015-06-03,GBP,NGN,sell,301.1169
2015-06-03,JPY,NGN,buy,1.5749
2015-06-03,JPY,NGN,middle,1.5789
2015-06-03,JPY,NGN,sell,1.5829
2015-06-03,SAR,NGN,buy,52.2505
2015-06-03,SAR,NGN,middle,52.3839
2015-06-03,SAR,NGN,sell,52.5172
2015-06-03,USD,NGN,buy,195.95
2015-06-03,USD,NGN,middle,196.45
2015-06-03,USD,NGN,sell,196.95
2015-06-03,XDR,NGN,buy,273.8009
2015-06-03,XDR,NGN,middle,274.4996
2015-06-03,XDR,NGN,sell,275.1982
2015-06-03,XOF,NGN,buy,0.3104
2015-06-03,XOF,NGN,middle,0.3204
2015-06-03,XOF,NGN,sell,0.3304
2015-06-03,XUA,NGN,buy,272.1803
2015-06-03,XUA,NGN,middle,272.8748
2015-06-03,XUA,NGN,sell,273.5693
2015-06-04,CHF,NGN,buy,210.1115
2015-06-04,CHF,NGN,middle,210.6477
2015-06-04,CHF,NGN,sell,211.1838
2015-06-04,CNY,NGN,buy,31.5963
2015-06-04,CNY,NGN,middle,31.6774
2015-06-04,CNY,NGN,sell,31.7584
2015-06-04,DKK,NGN,buy,29.7205
2015-06-04,DKK,NGN,middle,29.7963
2015-06-04,DKK,NGN,sell,29.8721
2015-06-04,EUR,NGN,buy,221.737
2015-06-04,EUR,NGN,middle,222.3028
2015-06-04,EUR,NGN,sell,222.8686
2015-06-04,GBP,NGN,buy,301.6062
2015-06-04,GBP,NGN,middle,302.3758
2015-06-04,GBP,NGN,sell,303.1454
2015-06-04,JPY,NGN,buy,1.5786
2015-06-04,JPY,NGN,middle,1.5826
2015-06-04,JPY,NGN,sell,1.5866
2015-06-04,SAR,NGN,buy,52.2505
2015-06-04,SAR,NGN,middle,52.3839
2015-06-04,SAR,NGN,sell,52.5172
2015-06-04,USD,NGN,buy,195.95
2015-06-04,USD,NGN,middle,196.45
2015-06-04,USD,NGN,sell,196.95
2015-06-04,XDR,NGN,buy,276.1523
2015-06-04,XDR,NGN,middle,276.857
2015-06-04,XDR,NGN,sell,277.5616
2015-06-04,XOF,NGN,buy,0.3135
2015-06-04,XOF,NGN,middle,0.3235
2015-06-04,XOF,NGN,sell,0.3335
2015-06-04,XUA,NGN,buy,273.1734
2015-06-04,XUA,NGN,middle,273.8705
2015-06-04,XUA,NGN,sell,274.5675
2015-06-05,CHF,NGN,buy,209.9089
2015-06-05,CHF,NGN,middle,210.4446
2015-06-05,CHF,NGN,sell,210.9802
2015-06-05,CNY,NGN,buy,31.5815
2015-06-05,CNY,NGN,middle,31.6626
2015-06-05,CNY,NGN,sell,31.7436
2015-06-05,DKK,NGN,buy,29.4932
2015-06-05,DKK,NGN,middle,29.5685
2015-06-05,DKK,NGN,sell,29.6437
2015-06-05,EUR,NGN,buy,220.0519
2015-06-05,EUR,NGN,middle,220.6134
2015-06-05,EUR,NGN,sell,221.1749
2015-06-05,GBP,NGN,buy,300.4893
2015-06-05,GBP,NGN,middle,301.2561
2015-06-05,GBP,NGN,sell,302.0228
2015-06-05,JPY,NGN,buy,1.5704
2015-06-05,JPY,NGN,middle,1.5744
2015-06-05,JPY,NGN,sell,1.5784
2015-06-05,SAR,NGN,buy,52.2505
2015-06-05,SAR,NGN,middle,52.3839
2015-06-05,SAR,NGN,sell,52.5172
2015-06-05,USD,NGN,buy,195.95
2015-06-05,USD,NGN,middle,196.45
2015-06-05,USD,NGN,sell,196.95
2015-06-05,XDR,NGN,buy,274.6043
2015-06-05,XDR,NGN,middle,275.305
2015-06-05,XDR,NGN,sell,276.0057
2015-06-05,XOF,NGN,buy,0.3189
2015-06-05,XOF,NGN,middle,0.3289
2015-06-05,XOF,NGN,sell,0.3389
2015-06-05,XUA,NGN,buy,275.4552
2015-06-05,XUA,NGN,middle,276.158
2015-06-05,XUA,NGN,sell,276.8609
2015-06-08,CHF,NGN,buy,208.8486
2015-06-08,CHF,NGN,middle,209.3817
2015-06-08,CHF,NGN,sell,209.9147
2015-06-08,CNY,NGN,buy,31.5663
2015-06-08,CNY,NGN,middle,31.6474
2015-06-08,CNY,NGN,sell,31.7284
2015-06-08,DKK,NGN,buy,29.3193
2015-06-08,DKK,NGN,middle,29.3942
2015-06-08,DKK,NGN,sell,29.469
2015-06-08,EUR,NGN,buy,218.7615
2015-06-08,EUR,NGN,middle,219.3199
2015-06-08,EUR,NGN,sell,219.8782
2015-06-08,GBP,NGN,buy,298.963
2015-06-08,GBP,NGN,middle,299.726
2015-06-08,GBP,NGN,sell,300.4891
2015-06-08,JPY,NGN,buy,1.5634
2015-06-08,JPY,NGN,middle,1.5674
2015-06-08,JPY,NGN,sell,1.5714
2015-06-08,SAR,NGN,buy,52.2372
2015-06-08,SAR,NGN,middle,52.3705
2015-06-08,SAR,NGN,sell,52.5039
2015-06-08,USD,NGN,buy,195.9
2015-06-08,USD,NGN,middle,196.4
2015-06-08,USD,NGN,sell,196.9
2015-06-08,XDR,NGN,buy,273.5744
2015-06-08,XDR,NGN,middle,274.2726
2015-06-08,XDR,NGN,sell,274.9709
2015-06-08,XOF,NGN,buy,0.3189
2015-06-08,XOF,NGN,middle,0.3289
2015-06-08,XOF,NGN,sell,0.3389
2015-06-08,XUA,NGN,buy,275.4548
2015-06-08,XUA,NGN,middle,276.1579
2015-06-08,XUA,NGN,sell,276.8609
2015-06-09,CHF,NGN,buy,210.148
2015-06-09,CHF,NGN,middle,210.6844
2015-06-09,CHF,NGN,sell,211.2208
2015-06-09,CNY,NGN,buy,31.5618
2015-06-09,CNY,NGN,middle,31.6428
2015-06-09,CNY,NGN,sell,31.7238
2015-06-09,DKK,NGN,buy,29.4759
2015-06-09,DKK,NGN,middle,29.5512
2015-06-09,DKK,NGN,sell,29.6264
2015-06-09,EUR,NGN,buy,219.9565
2015-06-09,EUR,NGN,middle,220.5179
2015-06-09,EUR,NGN,sell,221.0793
2015-06-09,GBP,NGN,buy,299.5899
2015-06-09,GBP,NGN,middle,300.3545
2015-06-09,GBP,NGN,sell,301.1192
2015-06-09,JPY,NGN,buy,1.5758
2015-06-09,JPY,NGN,middle,1.5798
2015-06-09,JPY,NGN,sell,1.5838
2015-06-09,SAR,NGN,buy,52.2261
2015-06-09,SAR,NGN,middle,52.3594
2015-06-09,SAR,NGN,sell,52.4927
2015-06-09,USD,NGN,buy,195.9
2015-06-09,USD,NGN,middle,196.4
2015-06-09,USD,NGN,sell,196.9
2015-06-09,XDR,NGN,buy,275.0044
2015-06-09,XDR,NGN,middle,275.7063
2015-06-09,XDR,NGN,sell,276.4082
2015-06-09,XOF,NGN,buy,0.3143
2015-06-09,XOF,NGN,middle,0.3243
2015-06-09,XOF,NGN,sell,0.3343
2015-06-09,XUA,NGN,buy,272.955
2015-06-09,XUA,NGN,middle,273.6516
2015-06-09,XUA,NGN,sell,274.3483
2015-06-10,CHF,NGN,buy,210.6452
2015-06-10,CHF,NGN,middle,211.1828
2015-06-10,CHF,NGN,sell,211.7204
2015-06-10,CNY,NGN,buy,31.5653
2015-06-10,CNY,NGN,middle,31.6463
2015-06-10,CNY,NGN,sell,31.7274
2015-06-10,DKK,NGN,buy,29.6253
2015-06-10,DKK,NGN,middle,29.7009
2015-06-10,DKK,NGN,sell,29.7765
2015-06-10,EUR,NGN,buy,221.0927
2015-06-10,EUR,NGN,middle,221.657
2015-06-10,EUR,NGN,sell,222.2213
2015-06-10,GBP,NGN,buy,303.4491
2015-06-10,GBP,NGN,middle,304.2236
2015-06-10,GBP,NGN,sell,304.9981
2015-06-10,JPY,NGN,buy,1.5936
2015-06-10,JPY,NGN,middle,1.5977
2015-06-10,JPY,NGN,sell,1.6017
2015-06-10,SAR,NGN,buy,52.2372
2015-06-10,SAR,NGN,middle,52.3705
2015-06-10,SAR,NGN,sell,52.5039
2015-06-10,USD,NGN,buy,195.9
2015-06-10,USD,NGN,middle,196.4
2015-06-10,USD,NGN,sell,196.9
2015-06-10,XDR,NGN,buy,275.7684
2015-06-10,XDR,NGN,middle,276.4723
2015-06-10,XDR,NGN,sell,277.1761
2015-06-10,XOF,NGN,buy,0.3143
2015-06-10,XOF,NGN,middle,0.3243
2015-06-10,XOF,NGN,sell,0.3343
2015-06-10,XUA,NGN,buy,272.955
2015-06-10,XUA,NGN,middle,273.6516
2015-06-10,XUA,NGN,sell,274.3483
2015-06-11,CHF,NGN,buy,209.0715
2015-06-11,CHF,NGN,middle,209.6051
2015-06-11,CHF,NGN,sell,210.1387
2015-06-11,CNY,NGN,buy,31.5618
2015-06-11,CNY,NGN,middle,31.6428
2015-06-11,CNY,NGN,sell,31.7238
2015-06-11,DKK,NGN,buy,29.4782
2015-06-11,DKK,NGN,middle,29.5534
2015-06-11,DKK,NGN,sell,29.6286
2015-06-11,EUR,NGN,buy,219.9957
2015-06-11,EUR,NGN,middle,220.5572
2015-06-11,EUR,NGN,sell,221.1187
2015-06-11,GBP,NGN,buy,302.6067
2015-06-11,GBP,NGN,middle,303.3791
2015-06-11,GBP,NGN,sell,304.1514
2015-06-11,JPY,NGN,buy,1.5829
2015-06-11,JPY,NGN,middle,1.5869
2015-06-11,JPY,NGN,sell,1.591
2015-06-11,SAR,NGN,buy,52.233
2015-06-11,SAR,NGN,middle,52.3664
2015-06-11,SAR,NGN,sell,52.4997
2015-06-11,USD,NGN,buy,195.9
2015-06-11,USD,NGN,middle,196.4
2015-06-11,USD,NGN,sell,196.9
2015-06-11,XDR,NGN,buy,275.7684
2015-06-11,XDR,NGN,middle,276.4723
2015-06-11,XDR,NGN,sell,277.1761
2015-06-11,XOF,NGN,buy,0.3143
2015-06-11,XOF,NGN,middle,0.3243
2015-06-11,XOF,NGN,sell,0.3343
2015-06-11,XUA,NGN,buy,272.955
2015-06-11,XUA,NGN,middle,273.6516
2015-06-11,XUA,NGN,sell,274.3483
2015-06-12,CHF,NGN,buy,209.743
2015-06-12,CHF,NGN,middle,210.2784
2015-06-12,CHF,NGN,sell,210.8137
2015-06-12,CNY,NGN,buy,31.5618
2015-06-12,CNY,NGN,middle,31.6428
2015-06-12,CNY,NGN,sell,31.7238
2015-06-12,DKK,NGN,buy,29.406
2015-06-12,DKK,NGN,middle,29.4811
2015-06-12,DKK,NGN,sell,29.5561
2015-06-12,EUR,NGN,buy,219.4668
2015-06-12,EUR,NGN,middle,220.0269
2015-06-12,EUR,NGN,sell,220.5871
2015-06-12,GBP,NGN,buy,303.4099
2015-06-12,GBP,NGN,middle,304.1843
2015-06-12,GBP,NGN,sell,304.9587
2015-06-12,JPY,NGN,buy,1.5844
2015-06-12,JPY,NGN,middle,1.5885
2015-06-12,JPY,NGN,sell,1.5925
2015-06-12,SAR,NGN,buy,52.2372
2015-06-12,SAR,NGN,middle,52.3705
2015-06-12,SAR,NGN,sell,52.5039
2015-06-12,USD,NGN,buy,195.9
2015-06-12,USD,NGN,middle,196.4
2015-06-12,USD,NGN,sell,196.9
2015-06-12,XDR,NGN,buy,274.8281
2015-06-12,XDR,NGN,middle,275.5296
2015-06-12,XDR,NGN,sell,276.231
2015-06-12,XOF,NGN,buy,0.3143
2015-06-12,XOF,NGN,middle,0.3243
2015-06-12,XOF,NGN,sell,0.3343
2015-06-12,XUA,NGN,buy,272.955
2015-06-12,XUA,NGN,middle,273.6516
2015-06-12,XUA,NGN,sell,274.3483
2015-06-15,CHF,NGN,buy,209.0269
2015-06-15,CHF,NGN,middle,209.5604
2015-06-15,CHF,NGN,sell,210.0939
2015-06-15,CNY,NGN,buy,31.545
2015-06-15,CNY,NGN,middle,31.626
2015-06-15,CNY,NGN,sell,31.7069
2015-06-15,DKK,NGN,buy,29.433
2015-06-15,DKK,NGN,middle,29.5081
2015-06-15,DKK,NGN,sell,29.5832
2015-06-15,EUR,NGN,buy,219.6235
2015-06-15,EUR,NGN,middle,220.184
2015-06-15,EUR,NGN,sell,220.7446
2015-06-15,GBP,NGN,buy,303.7625
2015-06-15,GBP,NGN,middle,304.5378
2015-06-15,GBP,NGN,sell,305.3131
2015-06-15,JPY,NGN,buy,1.5857
2015-06-15,JPY,NGN,middle,1.5898
2015-06-15,JPY,NGN,sell,1.5938
2015-06-15,SAR,NGN,buy,52.233
2015-06-15,SAR,NGN,middle,52.3664
2015-06-15,SAR,NGN,sell,52.4997
2015-06-15,USD,NGN,buy,195.9
2015-06-15,USD,NGN,middle,196.4
2015-06-15,USD,NGN,sell,196.9
2015-06-15,XDR,NGN,buy,275.122
2015-06-15,XDR,NGN,middle,275.8242
2015-06-15,XDR,NGN,sell,276.5264
2015-06-15,XOF,NGN,buy,0.3159
2015-06-15,XOF,NGN,middle,0.3259
2015-06-15,XOF,NGN,sell,0.3359
2015-06-15,XUA,NGN,buy,274.1361
2015-06-15,XUA,NGN,middle,274.8358
2015-06-15,XUA,NGN,sell,275.5355
2015-06-16,CHF,NGN,buy,209.9678
2015-06-16,CHF,NGN,middle,210.5038
2015-06-16,CHF,NGN,sell,211.0397
2015-06-16,CNY,NGN,buy,31.5521
2015-06-16,CNY,NGN,middle,31.6331
2015-06-16,CNY,NGN,sell,31.7141
2015-06-16,DKK,NGN,buy,29.4542
2015-06-16,DKK,NGN,middle,29.5294
2015-06-16,DKK,NGN,sell,29.6046
2015-06-16,EUR,NGN,buy,219.6823
2015-06-16,EUR,NGN,middle,220.243
2015-06-16,EUR,NGN,sell,220.8037
2015-06-16,GBP,NGN,buy,305.9762
2015-06-16,GBP,NGN,middle,306.7572
2015-06-16,GBP,NGN,sell,307.5381
2015-06-16,JPY,NGN,buy,1.5875
2015-06-16,JPY,NGN,middle,1.5916
2015-06-16,JPY,NGN,sell,1.5956
2015-06-16,SAR,NGN,buy,52.2372
2015-06-16,SAR,NGN,middle,52.3705
2015-06-16,SAR,NGN,sell,52.5039
2015-06-16,USD,NGN,buy,195.9
2015-06-16,USD,NGN,middle,196.4
2015-06-16,USD,NGN,sell,196.9
2015-06-16,XDR,NGN,buy,275.5921
2015-06-16,XDR,NGN,middle,276.2955
2015-06-16,XDR,NGN,sell,276.9989
2015-06-16,XOF,NGN,buy,0.3159
2015-06-16,XOF,NGN,middle,0.3259
2015-06-16,XOF,NGN,sell,0.3359
2015-06-16,XUA,NGN,buy,274.4234
2015-06-16,XUA,NGN,middle,275.1238
2015-06-16,XUA,NGN,sell,275.8242
2015-06-17,CHF,NGN,buy,211.0537
2015-06-17,CHF,NGN,middle,211.5923
2015-06-17,CHF,NGN,sell,212.131
2015-06-17,CNY,NGN,buy,31.5419
2015-06-17,CNY,NGN,middle,31.6229
2015-06-17,CNY,NGN,sell,31.7039
2015-06-17,DKK,NGN,buy,29.5921
2015-06-17,DKK,NGN,middle,29.6677
2015-06-17,DKK,NGN,sell,29.7432
2015-06-17,EUR,NGN,buy,220.7009
2015-06-17,EUR,NGN,middle,221.2642
2015-06-17,EUR,NGN,sell,221.8275
2015-06-17,GBP,NGN,buy,308.1507
2015-06-17,GBP,NGN,middle,308.9372
2015-06-17,GBP,NGN,sell,309.7237
2015-06-17,JPY,NGN,buy,1.581
2015-06-17,JPY,NGN,middle,1.585
2015-06-17,JPY,NGN,sell,1.5891
2015-06-17,SAR,NGN,buy,52.2233
2015-06-17,SAR,NGN,middle,52.3566
2015-06-17,SAR,NGN,sell,52.4899
2015-06-17,USD,NGN,buy,195.9
2015-06-17,USD,NGN,middle,196.4
2015-06-17,USD,NGN,sell,196.9
2015-06-17,XDR,NGN,buy,275.9056
2015-06-17,XDR,NGN,middle,276.6098
2015-06-17,XDR,NGN,sell,277.314
2015-06-17,XOF,NGN,buy,0.3158
2015-06-17,XOF,NGN,middle,0.3258
2015-06-17,XOF,NGN,sell,0.3358
2015-06-17,XUA,NGN,buy,274.8923
2015-06-17,XUA,NGN,middle,275.5939
2015-06-17,XUA,NGN,sell,276.2955
2015-06-18,CHF,NGN,buy,213.5615
2015-06-18,CHF,NGN,middle,214.1066
2015-06-18,CHF,NGN,sell,214.6517
2015-06-18,CNY,NGN,buy,31.5541
2015-06-18,CNY,NGN,middle,31.6351
2015-06-18,CNY,NGN,sell,31.7161
2015-06-18,DKK,NGN,buy,29.9436
2015-06-18,DKK,NGN,middle,30.02
2015-06-18,DKK,NGN,sell,30.0964
2015-06-18,EUR,NGN,buy,223.4435
2015-06-18,EUR,NGN,middle,224.0138
2015-06-18,EUR,NGN,sell,224.5841
2015-06-18,GBP,NGN,buy,311.6769
2015-06-18,GBP,NGN,middle,312.4724
2015-06-18,GBP,NGN,sell,313.2679
2015-06-18,JPY,NGN,buy,1.5966
2015-06-18,JPY,NGN,middle,1.6007
2015-06-18,JPY,NGN,sell,1.6047
2015-06-18,SAR,NGN,buy,52.2316
2015-06-18,SAR,NGN,middle,52.365
2015-06-18,SAR,NGN,sell,52.4983
2015-06-18,USD,NGN,buy,195.9
2015-06-18,USD,NGN,middle,196.4
2015-06-18,USD,NGN,sell,196.9
2015-06-18,XDR,NGN,buy,277.6295
2015-06-18,XDR,NGN,middle,278.3381
2015-06-18,XDR,NGN,sell,279.0467
2015-06-18,XOF,NGN,buy,0.3177
2015-06-18,XOF,NGN,middle,0.3277
2015-06-18,XOF,NGN,sell,0.3377
2015-06-18,XUA,NGN,buy,275.203
2015-06-18,XUA,NGN,middle,275.9054
2015-06-18,XUA,NGN,sell,276.6078
2015-06-19,CHF,NGN,buy,211.6694
2015-06-19,CHF,NGN,middle,212.2096
2015-06-19,CHF,NGN,sell,212.7499
2015-06-19,CNY,NGN,buy,31.5425
2015-06-19,CNY,NGN,middle,31.6234
2015-06-19,CNY,NGN,sell,31.7044
2015-06-19,DKK,NGN,buy,29.6733
2015-06-19,DKK,NGN,middle,29.749
2015-06-19,DKK,NGN,sell,29.8247
2015-06-19,EUR,NGN,buy,221.4454
2015-06-19,EUR,NGN,middle,222.0106
2015-06-19,EUR,NGN,sell,222.5758
2015-06-19,GBP,NGN,buy,310.4036
2015-06-19,GBP,NGN,middle,311.1958
2015-06-19,GBP,NGN,sell,311.9881
2015-06-19,JPY,NGN,buy,1.5904
2015-06-19,JPY,NGN,middle,1.5944
2015-06-19,JPY,NGN,sell,1.5985
2015-06-19,SAR,NGN,buy,52.2372
2015-06-19,SAR,NGN,middle,52.3705
2015-06-19,SAR,NGN,sell,52.5039
2015-06-19,USD,NGN,buy,195.9
2015-06-19,USD,NGN,middle,196.4
2015-06-19,USD,NGN,sell,196.9
2015-06-19,XDR,NGN,buy,276.6304
2015-06-19,XDR,NGN,middle,277.3364
2015-06-19,XDR,NGN,sell,278.0425
2015-06-19,XOF,NGN,buy,0.3177
2015-06-19,XOF,NGN,middle,0.3277
2015-06-19,XOF,NGN,sell,0.3377
2015-06-19,XUA,NGN,buy,275.203
2015-06-19,XUA,NGN,middle,275.9054
2015-06-19,XUA,NGN,sell,276.6078
2015-06-22,CHF,NGN,buy,212.2197
2015-06-22,CHF,NGN,middle,212.7613
2015-06-22,CHF,NGN,sell,213.303
2015-06-22,CNY,NGN,buy,31.5425
2015-06-22,CNY,NGN,middle,31.6234
2015-06-22,CNY,NGN,sell,31.7044
2015-06-22,DKK,NGN,buy,29.7788
2015-06-22,DKK,NGN,middle,29.8548
2015-06-22,DKK,NGN,sell,29.9308
2015-06-22,EUR,NGN,buy,222.229
2015-06-22,EUR,NGN,middle,222.7962
2015-06-22,EUR,NGN,sell,223.3634
2015-06-22,GBP,NGN,buy,309.8746
2015-06-22,GBP,NGN,middle,310.6655
2015-06-22,GBP,NGN,sell,311.4564
2015-06-22,JPY,NGN,buy,1.5889
2015-06-22,JPY,NGN,middle,1.593
2015-06-22,JPY,NGN,sell,1.597
2015-06-22,SAR,NGN,buy,52.2316
2015-06-22,SAR,NGN,middle,52.365
2015-06-22,SAR,NGN,sell,52.4983
2015-06-22,USD,NGN,buy,195.9
2015-06-22,USD,NGN,middle,196.4
2015-06-22,USD,NGN,sell,196.9
2015-06-22,XDR,NGN,buy,276.9242
2015-06-22,XDR,NGN,middle,277.631
2015-06-22,XDR,NGN,sell,278.3378
2015-06-22,XOF,NGN,buy,0.3183
2015-06-22,XOF,NGN,middle,0.3283
2015-06-22,XOF,NGN,sell,0.3383
2015-06-22,XUA,NGN,buy,275.9279
2015-06-22,XUA,NGN,middle,276.6321
2015-06-22,XUA,NGN,sell,277.3364
2015-06-23,CHF,NGN,buy,209.8779
2015-06-23,CHF,NGN,middle,210.4135
2015-06-23,CHF,NGN,sell,210.9492
2015-06-23,CNY,NGN,buy,31.5602
2015-06-23,CNY,NGN,middle,31.6412
2015-06-23,CNY,NGN,sell,31.7222
2015-06-23,DKK,NGN,buy,29.4073
2015-06-23,DKK,NGN,middle,29.4824
2015-06-23,DKK,NGN,sell,29.5575
2015-06-23,EUR,NGN,buy,219.4864
2015-06-23,EUR,NGN,middle,220.0466
2015-06-23,EUR,NGN,sell,220.6068
2015-06-23,GBP,NGN,buy,309.1106
2015-06-23,GBP,NGN,middle,309.8996
2015-06-23,GBP,NGN,sell,310.6885
2015-06-23,JPY,NGN,buy,1.5821
2015-06-23,JPY,NGN,middle,1.5852
2015-06-23,JPY,NGN,sell,1.5902
2015-06-23,SAR,NGN,buy,52.233
2015-06-23,SAR,NGN,middle,52.3664
2015-06-23,SAR,NGN,sell,52.4997
2015-06-23,USD,NGN,buy,195.9
2015-06-23,USD,NGN,middle,196.4
2015-06-23,USD,NGN,sell,196.9
2015-06-23,XDR,NGN,buy,275.7293
2015-06-23,XDR,NGN,middle,276.433
2015-06-23,XDR,NGN,sell,277.1368
2015-06-23,XOF,NGN,buy,0.3197
2015-06-23,XOF,NGN,middle,0.3297
2015-06-23,XOF,NGN,sell,0.3397
2015-06-23,XUA,NGN,buy,276.2171
2015-06-23,XUA,NGN,middle,276.9221
2015-06-23,XUA,NGN,sell,277.6271
2015-06-24,CHF,NGN,buy,210.148
2015-06-24,CHF,NGN,middle,210.6844
2015-06-24,CHF,NGN,sell,211.2208
2015-06-24,CNY,NGN,buy,31.5546
2015-06-24,CNY,NGN,middle,31.6356
2015-06-24,CNY,NGN,sell,31.7166
2015-06-24,DKK,NGN,buy,29.4352
2015-06-24,DKK,NGN,middle,29.5103
2015-06-24,DKK,NGN,sell,29.5854
2015-06-24,EUR,NGN,buy,219.6627
2015-06-24,EUR,NGN,middle,220.2233
2015-06-24,EUR,NGN,sell,220.784
2015-06-24,GBP,NGN,buy,308.6992
2015-06-24,GBP,NGN,middle,309.4871
2015-06-24,GBP,NGN,sell,310.275
2015-06-24,JPY,NGN,buy,1.5809
2015-06-24,JPY,NGN,middle,1.5849
2015-06-24,JPY,NGN,sell,1.5889
2015-06-24,SAR,NGN,buy,52.2372
2015-06-24,SAR,NGN,middle,52.3705
2015-06-24,SAR,NGN,sell,52.5039
2015-06-24,USD,NGN,buy,195.9
2015-06-24,USD,NGN,middle,196.4
2015-06-24,USD,NGN,sell,196.9
2015-06-24,XDR,NGN,buy,275.5138
2015-06-24,XDR,NGN,middle,276.217
2015-06-24,XDR,NGN,sell,276.9202
2015-06-24,XOF,NGN,buy,0.3155
2015-06-24,XOF,NGN,middle,0.3255
2015-06-24,XOF,NGN,sell,0.3355
2015-06-24,XUA,NGN,buy,275.0427
2015-06-24,XUA,NGN,middle,275.7447
2015-06-24,XUA,NGN,sell,276.4467
2015-06-25,CHF,NGN,buy,208.6706
2015-06-25,CHF,NGN,middle,209.2032
2015-06-25,CHF,NGN,sell,209.7358
2015-06-25,CNY,NGN,buy,31.543
2015-06-25,CNY,NGN,middle,31.6239
2015-06-25,CNY,NGN,sell,31.7049
2015-06-25,DKK,NGN,buy,29.4153
2015-06-25,DKK,NGN,middle,29.4904
2015-06-25,DKK,NGN,sell,29.5655
2015-06-25,EUR,NGN,buy,219.4668
2015-06-25,EUR,NGN,middle,220.0269
2015-06-25,EUR,NGN,sell,220.5871
2015-06-25,GBP,NGN,buy,308.1115
2015-06-25,GBP,NGN,middle,308.8979
2015-06-25,GBP,NGN,sell,309.6843
2015-06-25,JPY,NGN,buy,1.5846
2015-06-25,JPY,NGN,middle,1.5886
2015-06-25,JPY,NGN,sell,1.5927
2015-06-25,SAR,NGN,buy,52.2372
2015-06-25,SAR,NGN,middle,52.3705
2015-06-25,SAR,NGN,sell,52.5039
2015-06-25,USD,NGN,buy,195.9
2015-06-25,USD,NGN,middle,196.4
2015-06-25,USD,NGN,sell,196.9
2015-06-25,XDR,NGN,buy,275.4158
2015-06-25,XDR,NGN,middle,276.1188
2015-06-25,XDR,NGN,sell,276.8217
2015-06-25,XOF,NGN,buy,0.3157
2015-06-25,XOF,NGN,middle,0.3257
2015-06-25,XOF,NGN,sell,0.3357
2015-06-25,XUA,NGN,buy,274.8102
2015-06-25,XUA,NGN,middle,275.5116
2015-06-25,XUA,NGN,sell,276.213
2015-06-26,CHF,NGN,buy,209.9228
2015-06-26,CHF,NGN,middle,210.4586
2015-06-26,CHF,NGN,sell,210.9944
2015-06-26,CNY,NGN,buy,31.545
2015-06-26,CNY,NGN,middle,31.626
2015-06-26,CNY,NGN,sell,31.7069
2015-06-26,DKK,NGN,buy,29.4051
2015-06-26,DKK,NGN,middle,29.4802
2015-06-26,DKK,NGN,sell,29.5552
2015-06-26,EUR,NGN,buy,219.408
2015-06-26,EUR,NGN,middle,219.968
2015-06-26,EUR,NGN,sell,220.528
2015-06-26,GBP,NGN,buy,308.1899
2015-06-26,GBP,NGN,middle,308.9765
2015-06-26,GBP,NGN,sell,309.7631
2015-06-26,JPY,NGN,buy,1.5844
2015-06-26,JPY,NGN,middle,1.5885
2015-06-26,JPY,NGN,sell,1.5925
2015-06-26,SAR,NGN,buy,52.2316
2015-06-26,SAR,NGN,middle,52.365
2015-06-26,SAR,NGN,sell,52.4983
2015-06-26,USD,NGN,buy,195.9
2015-06-26,USD,NGN,middle,196.4
2015-06-26,USD,NGN,sell,196.9
2015-06-26,XDR,NGN,buy,275.5725
2015-06-26,XDR,NGN,middle,276.2759
2015-06-26,XDR,NGN,sell,276.9792
2015-06-26,XOF,NGN,buy,0.3155
2015-06-26,XOF,NGN,middle,0.3255
2015-06-26,XOF,NGN,sell,0.3355
2015-06-26,XUA,NGN,buy,274.7184
2015-06-26,XUA,NGN,middle,275.4196
2015-06-26,XUA,NGN,sell,276.1207
2015-06-29,CHF,NGN,buy,210.1791
2015-06-29,CHF,NGN,middle,210.7154
2015-06-29,CHF,NGN,sell,211.2517
2015-06-29,CNY,NGN,buy,31.5581
2015-06-29,CNY,NGN,middle,31.6391
2015-06-29,CNY,NGN,sell,31.7201
2015-06-29,DKK,NGN,buy,29.2458
2015-06-29,DKK,NGN,middle,29.3205
2015-06-29,DKK,NGN,sell,29.3951
2015-06-29,EUR,NGN,buy,218.2295
2015-06-29,EUR,NGN,middle,218.7864
2015-06-29,EUR,NGN,sell,219.3432
2015-06-29,GBP,NGN,buy,307.955
2015-06-29,GBP,NGN,middle,308.7408
2015-06-29,GBP,NGN,sell,309.5266
2015-06-29,JPY,NGN,buy,1.5946
2015-06-29,JPY,NGN,middle,1.5987
2015-06-29,JPY,NGN,sell,1.6028
2015-06-29,SAR,NGN,buy,52.2505
2015-06-29,SAR,NGN,middle,52.3839
2015-06-29,SAR,NGN,sell,52.5172
2015-06-29,USD,NGN,buy,195.9
2015-06-29,USD,NGN,middle,196.45
2015-06-29,USD,NGN,sell,196.95
2015-06-29,XDR,NGN,buy,274.957
2015-06-29,XDR,NGN,middle,275.6586
2015-06-29,XDR,NGN,sell,276.3602
2015-06-29,XOF,NGN,buy,0.3154
2015-06-29,XOF,NGN,middle,0.3254
2015-06-29,XOF,NGN,sell,0.3354
2015-06-29,XUA,NGN,buy,274.8653
2015-06-29,XUA,NGN,middle,275.5666
2015-06-29,XUA,NGN,sell,276.268
2015-06-30,CHF,NGN,buy,210.2017
2015-06-30,CHF,NGN,middle,210.738
2015-06-30,CHF,NGN,sell,211.2744
2015-06-30,CNY,NGN,buy,31.5937
2015-06-30,CNY,NGN,middle,31.6748
2015-06-30,CNY,NGN,sell,31.7559
2015-06-30,DKK,NGN,buy,29.3409
2015-06-30,DKK,NGN,middle,29.4157
2015-06-30,DKK,NGN,sell,29.4906
2015-06-30,EUR,NGN,buy,218.9349
2015-06-30,EUR,NGN,middle,219.4936
2015-06-30,EUR,NGN,sell,220.0522
2015-06-30,GBP,NGN,buy,307.9354
2015-06-30,GBP,NGN,middle,308.7212
2015-06-30,GBP,NGN,sell,309.5069
2015-06-30,JPY,NGN,buy,1.5985
2015-06-30,JPY,NGN,middle,1.6026
2015-06-30,JPY,NGN,sell,1.6067
2015-06-30,SAR,NGN,buy,52.2338
2015-06-30,SAR,NGN,middle,52.3671
2015-06-30,SAR,NGN,sell,52.5004
2015-06-30,USD,NGN,buy,195.95
2015-06-30,USD,NGN,middle,196.45
2015-06-30,USD,NGN,sell,196.95
2015-06-30,XDR,NGN,buy,275.5841
2015-06-30,XDR,NGN,middle,276.2873
2015-06-30,XDR,NGN,sell,276.9905
2015-06-30,XOF,NGN,buy,0.3134
2015-06-30,XOF,NGN,middle,0.3234
2015-06-30,XOF,NGN,sell,0.3334
2015-06-30,XUA,NGN,buy,274.2648
2015-06-30,XUA,NGN,middle,274.9647
2015-06-30,XUA,NGN,sell,275.6645
2015-07-01,CHF,NGN,buy,208.1253
2015-07-01,CHF,NGN,middle,208.6564
2015-07-01,CHF,NGN,sell,209.1875
2015-07-01,CNY,NGN,buy,31.5932
2015-07-01,CNY,NGN,middle,31.6743
2015-07-01,CNY,NGN,sell,31.7554
2015-07-01,DKK,NGN,buy,29.1605
2015-07-01,DKK,NGN,middle,29.2349
2015-07-01,DKK,NGN,sell,29.3093
2015-07-01,EUR,NGN,buy,217.6025
2015-07-01,EUR,NGN,middle,218.1577
2015-07-01,EUR,NGN,sell,218.713
2015-07-01,GBP,NGN,buy,306.7401
2015-07-01,GBP,NGN,middle,307.5228
2015-07-01,GBP,NGN,sell,308.3055
2015-07-01,JPY,NGN,buy,1.5936
2015-07-01,JPY,NGN,middle,1.5977
2015-07-01,JPY,NGN,sell,1.6017
2015-07-01,SAR,NGN,buy,52.2464
2015-07-01,SAR,NGN,middle,52.3797
2015-07-01,SAR,NGN,sell,52.513
2015-07-01,USD,NGN,buy,195.95
2015-07-01,USD,NGN,middle,196.45
2015-07-01,USD,NGN,sell,196.95
2015-07-01,XDR,NGN,buy,274.7611
2015-07-01,XDR,NGN,middle,275.4622
2015-07-01,XDR,NGN,sell,276.1633
2015-07-01,XOF,NGN,buy,0.3151
2015-07-01,XOF,NGN,middle,0.3251
2015-07-01,XOF,NGN,sell,0.3351
2015-07-01,XUA,NGN,buy,274.8825
2015-07-01,XUA,NGN,middle,275.5839
2015-07-01,XUA,NGN,sell,276.2853
2015-07-02,CHF,NGN,buy,206.3066
2015-07-02,CHF,NGN,middle,206.833
2015-07-02,CHF,NGN,sell,207.3594
2015-07-02,CNY,NGN,buy,31.5785
2015-07-02,CNY,NGN,middle,31.6595
2015-07-02,CNY,NGN,sell,31.7405
2015-07-02,DKK,NGN,buy,29.0757
2015-07-02,DKK,NGN,middle,29.1499
2015-07-02,DKK,NGN,sell,29.2241
2015-07-02,EUR,NGN,buy,216.9558
2015-07-02,EUR,NGN,middle,217.5094
2015-07-02,EUR,NGN,sell,218.063
2015-07-02,GBP,NGN,buy,305.2313
2015-07-02,GBP,NGN,middle,306.0102
2015-07-02,GBP,NGN,sell,306.789
2015-07-02,JPY,NGN,buy,1.5851
2015-07-02,JPY,NGN,middle,1.5891
2015-07-02,JPY,NGN,sell,1.5932
2015-07-02,SAR,NGN,buy,52.2505
2015-07-02,SAR,NGN,middle,52.3839
2015-07-02,SAR,NGN,sell,52.5172
2015-07-02,USD,NGN,buy,195.95
2015-07-02,USD,NGN,middle,196.45
2015-07-02,USD,NGN,sell,196.95
2015-07-02,XDR,NGN,buy,274.1928
2015-07-02,XDR,NGN,middle,274.8925
2015-07-02,XDR,NGN,sell,275.5921
2015-07-02,XOF,NGN,buy,0.3124
2015-07-02,XOF,NGN,middle,0.3224
2015-07-02,XOF,NGN,sell,0.3324
2015-07-02,XUA,NGN,buy,274.0557
2015-07-02,XUA,NGN,middle,274.755
2015-07-02,XUA,NGN,sell,275.4543
2015-07-03,CHF,NGN,buy,207.8384
2015-07-03,CHF,NGN,middle,208.3687
2015-07-03,CHF,NGN,sell,208.899
2015-07-03,CNY,NGN,buy,31.5698
2015-07-03,CNY,NGN,middle,31.6508
2015-07-03,CNY,NGN,sell,31.7318
2015-07-03,DKK,NGN,buy,29.1497
2015-07-03,DKK,NGN,middle,29.2241
2015-07-03,DKK,NGN,sell,29.2984
2015-07-03,EUR,NGN,buy,217.5045
2015-07-03,EUR,NGN,middle,218.0595
2015-07-03,EUR,NGN,sell,218.6145
2015-07-03,GBP,NGN,buy,306.2894
2015-07-03,GBP,NGN,middle,307.071
2015-07-03,GBP,NGN,sell,307.8525
2015-07-03,JPY,NGN,buy,1.5945
2015-07-03,JPY,NGN,middle,1.5986
2015-07-03,JPY,NGN,sell,1.6027
2015-07-03,SAR,NGN,buy,52.245
2015-07-03,SAR,NGN,middle,52.3783
2015-07-03,SAR,NGN,sell,52.5116
2015-07-03,USD,NGN,buy,195.95
2015-07-03,USD,NGN,middle,196.45
2015-07-03,USD,NGN,sell,196.95
2015-07-03,XDR,NGN,buy,274.1928
2015-07-03,XDR,NGN,middle,274.8925
2015-07-03,XDR,NGN,sell,275.5921
2015-07-03,XOF,NGN,buy,0.3114
2015-07-03,XOF,NGN,middle,0.3214
2015-07-03,XOF,NGN,sell,0.3314
2015-07-03,XUA,NGN,buy,273.5045
2015-07-03,XUA,NGN,middle,274.2024
2015-07-03,XUA,NGN,sell,274.9003
2015-07-06,CHF,NGN,buy,206.9821
2015-07-06,CHF,NGN,middle,207.5103
2015-07-06,CHF,NGN,sell,208.0384
2015-07-06,CNY,NGN,buy,31.5561
2015-07-06,CNY,NGN,middle,31.6371
2015-07-06,CNY,NGN,sell,31.718
2015-07-06,DKK,NGN,buy,28.9281
2015-07-06,DKK,NGN,middle,29.0019
2015-07-06,DKK,NGN,sell,29.0757
2015-07-06,EUR,NGN,buy,215.8389
2015-07-06,EUR,NGN,middle,216.3897
2015-07-06,EUR,NGN,sell,216.9404
2015-07-06,GBP,NGN,buy,304.8002
2015-07-06,GBP,NGN,middle,305.578
2015-07-06,GBP,NGN,sell,306.3557
2015-07-06,JPY,NGN,buy,1.5961
2015-07-06,JPY,NGN,middle,1.6001
2015-07-06,JPY,NGN,sell,1.6042
2015-07-06,SAR,NGN,buy,52.2464
2015-07-06,SAR,NGN,middle,52.3797
2015-07-06,SAR,NGN,sell,52.513
2015-07-06,USD,NGN,buy,195.95
2015-07-06,USD,NGN,middle,196.45
2015-07-06,USD,NGN,sell,196.95
2015-07-06,XDR,NGN,buy,273.8989
2015-07-06,XDR,NGN,middle,274.5978
2015-07-06,XDR,NGN,sell,275.2967
2015-07-06,XOF,NGN,buy,0.3114
2015-07-06,XOF,NGN,middle,0.3214
2015-07-06,XOF,NGN,sell,0.3314
2015-07-06,XUA,NGN,buy,273.5045
2015-07-06,XUA,NGN,middle,274.2024
2015-07-06,XUA,NGN,sell,274.9003
2015-07-07,CHF,NGN,buy,206.198
2015-07-07,CHF,NGN,middle,206.7242
2015-07-07,CHF,NGN,sell,207.2503
2015-07-07,CNY,NGN,buy,31.552
2015-07-07,CNY,NGN,middle,31.633
2015-07-07,CNY,NGN,sell,31.714
2015-07-07,DKK,NGN,buy,28.6799
2015-07-07,DKK,NGN,middle,28.7531
2015-07-07,DKK,NGN,sell,28.8263
2015-07-07,EUR,NGN,buy,214.0362
2015-07-07,EUR,NGN,middle,214.5823
2015-07-07,EUR,NGN,sell,215.1285
2015-07-07,GBP,NGN,buy,302.488
2015-07-07,GBP,NGN,middle,303.2599
2015-07-07,GBP,NGN,sell,304.0317
2015-07-07,JPY,NGN,buy,1.6005
2015-07-07,JPY,NGN,middle,1.6046
2015-07-07,JPY,NGN,sell,1.6087
2015-07-07,SAR,NGN,buy,52.2492
2015-07-07,SAR,NGN,middle,52.3825
2015-07-07,SAR,NGN,sell,52.5158
2015-07-07,USD,NGN,buy,195.95
2015-07-07,USD,NGN,middle,196.45
2015-07-07,USD,NGN,sell,196.95
2015-07-07,XDR,NGN,buy,273.3307
2015-07-07,XDR,NGN,middle,274.0281
2015-07-07,XDR,NGN,sell,274.7256
2015-07-07,XOF,NGN,buy,0.3097
2015-07-07,XOF,NGN,middle,0.3197
2015-07-07,XOF,NGN,sell,0.3297
2015-07-07,XUA,NGN,buy,273.2231
2015-07-07,XUA,NGN,middle,273.9203
2015-07-07,XUA,NGN,sell,274.6175
2015-07-08,CHF,NGN,buy,206.2849
2015-07-08,CHF,NGN,middle,206.8112
2015-07-08,CHF,NGN,sell,207.3376
2015-07-08,CNY,NGN,buy,31.5571
2015-07-08,CNY,NGN,middle,31.6381
2015-07-08,CNY,NGN,sell,31.7191
2015-07-08,DKK,NGN,buy,28.9499
2015-07-08,DKK,NGN,middle,29.0237
2015-07-08,DKK,NGN,sell,29.0976
2015-07-08,EUR,NGN,buy,216.0741
2015-07-08,EUR,NGN,middle,216.6254
2015-07-08,EUR,NGN,sell,217.1768
2015-07-08,GBP,NGN,buy,301.3319
2015-07-08,GBP,NGN,middle,302.1008
2015-07-08,GBP,NGN,sell,302.8697
2015-07-08,JPY,NGN,buy,1.6132
2015-07-08,JPY,NGN,middle,1.6173
2015-07-08,JPY,NGN,sell,1.6214
2015-07-08,SAR,NGN,buy,52.2492
2015-07-08,SAR,NGN,middle,52.3825
2015-07-08,SAR,NGN,sell,52.5158
2015-07-08,USD,NGN,buy,195.95
2015-07-08,USD,NGN,middle,196.45
2015-07-08,USD,NGN,sell,196.95
2015-07-08,XDR,NGN,buy,273.507
2015-07-08,XDR,NGN,middle,274.2049
2015-07-08,XDR,NGN,sell,274.9028
2015-07-08,XOF,NGN,buy,0.3074
2015-07-08,XOF,NGN,middle,0.3174
2015-07-08,XOF,NGN,sell,0.3274
2015-07-08,XUA,NGN,buy,272.6445
2015-07-08,XUA,NGN,middle,273.3402
2015-07-08,XUA,NGN,sell,274.0359
2015-07-09,CHF,NGN,buy,206.3066
2015-07-09,CHF,NGN,middle,206.833
2015-07-09,CHF,NGN,sell,207.3594
2015-07-09,CNY,NGN,buy,31.5541
2015-07-09,CNY,NGN,middle,31.635
2015-07-09,CNY,NGN,sell,31.716
2015-07-09,DKK,NGN,buy,29.027
2015-07-09,DKK,NGN,middle,29.1011
2015-07-09,DKK,NGN,sell,29.1752
2015-07-09,EUR,NGN,buy,216.6031
2015-07-09,EUR,NGN,middle,217.1558
2015-07-09,EUR,NGN,sell,217.7085
2015-07-09,GBP,NGN,buy,301.861
2015-07-09,GBP,NGN,middle,302.6312
2015-07-09,GBP,NGN,sell,303.4015
2015-07-09,JPY,NGN,buy,1.613
2015-07-09,JPY,NGN,middle,1.6171
2015-07-09,JPY,NGN,sell,1.6213
2015-07-09,SAR,NGN,buy,52.2505
2015-07-09,SAR,NGN,middle,52.3839
2015-07-09,SAR,NGN,sell,52.5172
2015-07-09,USD,NGN,buy,195.95
2015-07-09,USD,NGN,middle,196.45
2015-07-09,USD,NGN,sell,196.95
2015-07-09,XDR,NGN,buy,273.8205
2015-07-09,XDR,NGN,middle,274.5192
2015-07-09,XDR,NGN,sell,275.2179
2015-07-09,XOF,NGN,buy,0.3102
2015-07-09,XOF,NGN,middle,0.3202
2015-07-09,XOF,NGN,sell,0.3302
2015-07-09,XUA,NGN,buy,272.8185
2015-07-09,XUA,NGN,middle,273.5147
2015-07-09,XUA,NGN,sell,274.2108
2015-07-10,CHF,NGN,buy,209.3707
2015-07-10,CHF,NGN,middle,209.9049
2015-07-10,CHF,NGN,sell,210.4391
2015-07-10,CNY,NGN,buy,31.5566
2015-07-10,CNY,NGN,middle,31.6376
2015-07-10,CNY,NGN,sell,31.7186
2015-07-10,DKK,NGN,buy,29.3813
2015-07-10,DKK,NGN,middle,29.4563
2015-07-10,DKK,NGN,sell,29.5313
2015-07-10,EUR,NGN,buy,219.2876
2015-07-10,EUR,NGN,middle,219.8472
2015-07-10,EUR,NGN,sell,220.4067
2015-07-10,GBP,NGN,buy,304.4083
2015-07-10,GBP,NGN,middle,305.1851
2015-07-10,GBP,NGN,sell,305.9618
2015-07-10,JPY,NGN,buy,1.6021
2015-07-10,JPY,NGN,middle,1.6062
2015-07-10,JPY,NGN,sell,1.6103
2015-07-10,SAR,NGN,buy,52.245
2015-07-10,SAR,NGN,middle,52.3783
2015-07-10,SAR,NGN,sell,52.5116
2015-07-10,USD,NGN,buy,195.95
2015-07-10,USD,NGN,middle,196.45
2015-07-10,USD,NGN,sell,196.95
2015-07-10,XDR,NGN,buy,273.8205
2015-07-10,XDR,NGN,middle,274.5192
2015-07-10,XDR,NGN,sell,275.2179
2015-07-10,XOF,NGN,buy,0.3111
2015-07-10,XOF,NGN,middle,0.3211
2015-07-10,XOF,NGN,sell,0.3311
2015-07-10,XUA,NGN,buy,273.1371
2015-07-10,XUA,NGN,middle,273.834
2015-07-10,XUA,NGN,sell,274.531
2015-07-13,CHF,NGN,buy,206.524
2015-07-13,CHF,NGN,middle,207.051
2015-07-13,CHF,NGN,sell,207.578
2015-07-13,CNY,NGN,buy,31.5597
2015-07-13,CNY,NGN,middle,31.6406
2015-07-13,CNY,NGN,sell,31.7216
2015-07-13,DKK,NGN,buy,28.9935
2015-07-13,DKK,NGN,middle,29.0675
2015-07-13,DKK,NGN,sell,29.1415
2015-07-13,EUR,NGN,buy,216.4072
2015-07-13,EUR,NGN,middle,216.9594
2015-07-13,EUR,NGN,sell,217.5116
2015-07-13,GBP,NGN,buy,304.2516
2015-07-13,GBP,NGN,middle,305.0279
2015-07-13,GBP,NGN,sell,305.8043
2015-07-13,JPY,NGN,buy,1.5881
2015-07-13,JPY,NGN,middle,1.5921
2015-07-13,JPY,NGN,sell,1.5962
2015-07-13,SAR,NGN,buy,52.2436
2015-07-13,SAR,NGN,middle,52.3769
2015-07-13,SAR,NGN,sell,52.5102
2015-07-13,USD,NGN,buy,195.95
2015-07-13,USD,NGN,middle,196.45
2015-07-13,USD,NGN,sell,196.95
2015-07-13,XDR,NGN,buy,275.2314
2015-07-13,XDR,NGN,middle,275.9337
2015-07-13,XDR,NGN,sell,276.636
2015-07-13,XOF,NGN,buy,0.3111
2015-07-13,XOF,NGN,middle,0.3211
2015-07-13,XOF,NGN,sell,0.3311
2015-07-13,XUA,NGN,buy,273.1371
2015-07-13,XUA,NGN,middle,273.834
2015-07-13,XUA,NGN,sell,274.531
2015-07-14,CHF,NGN,buy,207.4203
2015-07-14,CHF,NGN,middle,207.9496
2015-07-14,CHF,NGN,sell,208.4789
2015-07-14,CNY,NGN,buy,31.5581
2015-07-14,CNY,NGN,middle,31.6391
2015-07-14,CNY,NGN,sell,31.7201
2015-07-14,DKK,NGN,buy,28.9751
2015-07-14,DKK,NGN,middle,29.049
2015-07-14,DKK,NGN,sell,29.123
2015-07-14,EUR,NGN,buy,216.27
2015-07-14,EUR,NGN,middle,216.8219
2015-07-14,EUR,NGN,sell,217.3737
2015-07-14,GBP,NGN,buy,305.1333
2015-07-14,GBP,NGN,middle,305.9119
2015-07-14,GBP,NGN,sell,306.6905
2015-07-14,JPY,NGN,buy,1.5896
2015-07-14,JPY,NGN,middle,1.5937
2015-07-14,JPY,NGN,sell,1.5977
2015-07-14,SAR,NGN,buy,52.245
2015-07-14,SAR,NGN,middle,52.3783
2015-07-14,SAR,NGN,sell,52.5116
2015-07-14,USD,NGN,buy,195.95
2015-07-14,USD,NGN,middle,196.45
2015-07-14,USD,NGN,sell,196.95
2015-07-14,XDR,NGN,buy,273.7617
2015-07-14,XDR,NGN,middle,274.4603
2015-07-14,XDR,NGN,sell,275.1588
2015-07-14,XOF,NGN,buy,0.3109
2015-07-14,XOF,NGN,middle,0.3209
2015-07-14,XOF,NGN,sell,0.3309
2015-07-14,XUA,NGN,buy,273.4205
2015-07-14,XUA,NGN,middle,274.1182
2015-07-14,XUA,NGN,sell,274.8159
2015-07-15,CHF,NGN,buy,206.3935
2015-07-15,CHF,NGN,middle,206.9202
2015-07-15,CHF,NGN,sell,207.4468
2015-07-15,CNY,NGN,buy,31.552
2015-07-15,CNY,NGN,middle,31.633
2015-07-15,CNY,NGN,sell,31.714
2015-07-15,DKK,NGN,buy,28.8884
2015-07-15,DKK,NGN,middle,28.9621
2015-07-15,DKK,NGN,sell,29.0358
2015-07-15,EUR,NGN,buy,215.643
2015-07-15,EUR,NGN,middle,216.1932
2015-07-15,EUR,NGN,sell,216.7435
2015-07-15,GBP,NGN,buy,306.1719
2015-07-15,GBP,NGN,middle,306.9531
2015-07-15,GBP,NGN,sell,307.7344
2015-07-15,JPY,NGN,buy,1.5859
2015-07-15,JPY,NGN,middle,1.5899
2015-07-15,JPY,NGN,sell,1.594
2015-07-15,SAR,NGN,buy,52.245
2015-07-15,SAR,NGN,middle,52.3783
2015-07-15,SAR,NGN,sell,52.5116
2015-07-15,USD,NGN,buy,195.95
2015-07-15,USD,NGN,middle,196.45
2015-07-15,USD,NGN,sell,196.95
2015-07-15,XDR,NGN,buy,273.8597
2015-07-15,XDR,NGN,middle,274.5585
2015-07-15,XDR,NGN,sell,275.2573
2015-07-15,XOF,NGN,buy,0.3104
2015-07-15,XOF,NGN,middle,0.3204
2015-07-15,XOF,NGN,sell,0.3304
2015-07-15,XUA,NGN,buy,273.0745
2015-07-15,XUA,NGN,middle,273.7713
2015-07-15,XUA,NGN,sell,274.4681
2015-07-16,CHF,NGN,buy,204.5407
2015-07-16,CHF,NGN,middle,205.0626
2015-07-16,CHF,NGN,sell,205.5846
2015-07-16,CNY,NGN,buy,31.5551
2015-07-16,CNY,NGN,middle,31.636
2015-07-16,CNY,NGN,sell,31.717
2015-07-16,DKK,NGN,buy,28.545
2015-07-16,DKK,NGN,middle,28.6178
2015-07-16,DKK,NGN,sell,28.6907
2015-07-16,EUR,NGN,buy,213.0564
2015-07-16,EUR,NGN,middle,213.6001
2015-07-16,EUR,NGN,sell,214.1437
2015-07-16,GBP,NGN,buy,304.957
2015-07-16,GBP,NGN,middle,305.7351
2015-07-16,GBP,NGN,sell,306.5133
2015-07-16,JPY,NGN,buy,1.5783
2015-07-16,JPY,NGN,middle,1.5824
2015-07-16,JPY,NGN,sell,1.5864
2015-07-16,SAR,NGN,buy,52.2464
2015-07-16,SAR,NGN,middle,52.3797
2015-07-16,SAR,NGN,sell,52.513
2015-07-16,USD,NGN,buy,195.95
2015-07-16,USD,NGN,middle,196.45
2015-07-16,USD,NGN,sell,196.95
2015-07-16,XDR,NGN,buy,272.6252
2015-07-16,XDR,NGN,middle,273.3209
2015-07-16,XDR,NGN,sell,274.0165
2015-07-16,XOF,NGN,buy,0.3097
2015-07-16,XOF,NGN,middle,0.3197
2015-07-16,XOF,NGN,sell,0.3297
2015-07-16,XUA,NGN,buy,273.1683
2015-07-16,XUA,NGN,middle,273.8654
2015-07-16,XUA,NGN,sell,274.5624
2015-07-21,CHF,NGN,buy,203.7846
2015-07-21,CHF,NGN,middle,204.3044
2015-07-21,CHF,NGN,sell,204.8243
2015-07-21,CNY,NGN,buy,31.5631
2015-07-21,CNY,NGN,middle,31.6441
2015-07-21,CNY,NGN,sell,31.7251
2015-07-21,DKK,NGN,buy,28.5141
2015-07-21,DKK,NGN,middle,28.5868
2015-07-21,DKK,NGN,sell,28.6595
2015-07-21,EUR,NGN,buy,212.8168
2015-07-21,EUR,NGN,middle,213.3597
2015-07-21,EUR,NGN,sell,213.9026
2015-07-21,GBP,NGN,buy,304.7604
2015-07-21,GBP,NGN,middle,305.5379
2015-07-21,GBP,NGN,sell,306.3153
2015-07-21,JPY,NGN,buy,1.5757
2015-07-21,JPY,NGN,middle,1.5797
2015-07-21,JPY,NGN,sell,1.5837
2015-07-21,SAR,NGN,buy,52.2611
2015-07-21,SAR,NGN,middle,52.3944
2015-07-21,SAR,NGN,sell,52.5277
2015-07-21,USD,NGN,buy,196
2015-07-21,USD,NGN,middle,196.5
2015-07-21,USD,NGN,sell,197
2015-07-21,XDR,NGN,buy,272.2636
2015-07-21,XDR,NGN,middle,272.9582
2015-07-21,XDR,NGN,sell,273.6527
2015-07-21,XOF,NGN,buy,0.305
2015-07-21,XOF,NGN,middle,0.315
2015-07-21,XOF,NGN,sell,0.325
2015-07-21,XUA,NGN,buy,271.3999
2015-07-21,XUA,NGN,middle,272.0923
2015-07-21,XUA,NGN,sell,272.7846
2015-07-22,CHF,NGN,buy,204.0179
2015-07-22,CHF,NGN,middle,204.5384
2015-07-22,CHF,NGN,sell,205.0588
2015-07-22,CNY,NGN,buy,31.5636
2015-07-22,CNY,NGN,middle,31.6446
2015-07-22,CNY,NGN,sell,31.7256
2015-07-22,DKK,NGN,buy,28.6646
2015-07-22,DKK,NGN,middle,28.7377
2015-07-22,DKK,NGN,sell,28.8109
2015-07-22,EUR,NGN,buy,213.9536
2015-07-22,EUR,NGN,middle,214.4994
2015-07-22,EUR,NGN,sell,215.0452
2015-07-22,GBP,NGN,buy,306.3088
2015-07-22,GBP,NGN,middle,307.0902
2015-07-22,GBP,NGN,sell,307.8716
2015-07-22,JPY,NGN,buy,1.5826
2015-07-22,JPY,NGN,middle,1.5866
2015-07-22,JPY,NGN,sell,1.5906
2015-07-22,SAR,NGN,buy,52.2597
2015-07-22,SAR,NGN,middle,52.393
2015-07-22,SAR,NGN,sell,52.5263
2015-07-22,USD,NGN,buy,196
2015-07-22,USD,NGN,middle,196.5
2015-07-22,USD,NGN,sell,197
2015-07-22,XDR,NGN,buy,273.028
2015-07-22,XDR,NGN,middle,273.7245
2015-07-22,XDR,NGN,sell,274.421
2015-07-22,XOF,NGN,buy,0.3055
2015-07-22,XOF,NGN,middle,0.3155
2015-07-22,XOF,NGN,sell,0.3255
2015-07-22,XUA,NGN,buy,271.5843
2015-07-22,XUA,NGN,middle,272.2771
2015-07-22,XUA,NGN,sell,272.9699
2015-07-23,CHF,NGN,buy,204.978
2015-07-23,CHF,NGN,middle,205.5009
2015-07-23,CHF,NGN,sell,206.0238
2015-07-23,CNY,NGN,buy,31.5616
2015-07-23,CNY,NGN,middle,31.6426
2015-07-23,CNY,NGN,sell,31.7235
2015-07-23,DKK,NGN,buy,28.889
2015-07-23,DKK,NGN,middle,28.9627
2015-07-23,DKK,NGN,sell,29.0363
2015-07-23,EUR,NGN,buy,215.6
2015-07-23,EUR,NGN,middle,216.15
2015-07-23,EUR,NGN,sell,216.7
2015-07-23,GBP,NGN,buy,305.9364
2015-07-23,GBP,NGN,middle,306.7169
2015-07-23,GBP,NGN,sell,307.4973
2015-07-23,JPY,NGN,buy,1.5829
2015-07-23,JPY,NGN,middle,1.587
2015-07-23,JPY,NGN,sell,1.591
2015-07-23,SAR,NGN,buy,52.2611
2015-07-23,SAR,NGN,middle,52.3944
2015-07-23,SAR,NGN,sell,52.5277
2015-07-23,USD,NGN,buy,196
2015-07-23,USD,NGN,middle,196.5
2015-07-23,USD,NGN,sell,197
2015-07-23,XDR,NGN,buy,273.5964
2015-07-23,XDR,NGN,middle,274.2944
2015-07-23,XDR,NGN,sell,274.9923
2015-07-23,XOF,NGN,buy,0.3055
2015-07-23,XOF,NGN,middle,0.3155
2015-07-23,XOF,NGN,sell,0.3255
2015-07-23,XUA,NGN,buy,271.5843
2015-07-23,XUA,NGN,middle,272.2771
2015-07-23,XUA,NGN,sell,272.9699
2015-07-24,CHF,NGN,buy,203.8482
2015-07-24,CHF,NGN,middle,204.3682
2015-07-24,CHF,NGN,sell,204.8882
2015-07-24,CNY,NGN,buy,31.5631
2015-07-24,CNY,NGN,middle,31.6441
2015-07-24,CNY,NGN,sell,31.7251
2015-07-24,DKK,NGN,buy,28.7369
2015-07-24,DKK,NGN,middle,28.8102
2015-07-24,DKK,NGN,sell,28.8835
2015-07-24,EUR,NGN,buy,214.4632
2015-07-24,EUR,NGN,middle,215.0103
2015-07-24,EUR,NGN,sell,215.5574
2015-07-24,GBP,NGN,buy,303.3296
2015-07-24,GBP,NGN,middle,304.1034
2015-07-24,GBP,NGN,sell,304.8772
2015-07-24,JPY,NGN,buy,1.5798
2015-07-24,JPY,NGN,middle,1.5838
2015-07-24,JPY,NGN,sell,1.5878
2015-07-24,SAR,NGN,buy,52.2625
2015-07-24,SAR,NGN,middle,52.3958
2015-07-24,SAR,NGN,sell,52.5291
2015-07-24,USD,NGN,buy,196
2015-07-24,USD,NGN,middle,196.5
2015-07-24,USD,NGN,sell,197
2015-07-24,XDR,NGN,buy,273.0084
2015-07-24,XDR,NGN,middle,273.7049
2015-07-24,XDR,NGN,sell,274.4013
2015-07-24,XOF,NGN,buy,0.3095
2015-07-24,XOF,NGN,middle,0.3195
2015-07-24,XOF,NGN,sell,0.3295
2015-07-24,XUA,NGN,buy,272.9157
2015-07-24,XUA,NGN,middle,273.6119
2015-07-24,XUA,NGN,sell,274.3081
2015-07-27,CHF,NGN,buy,204.6356
2015-07-27,CHF,NGN,middle,205.1577
2015-07-27,CHF,NGN,sell,205.6797
2015-07-27,CNY,NGN,buy,31.5616
2015-07-27,CNY,NGN,middle,31.6426
2015-07-27,CNY,NGN,sell,31.7235
2015-07-27,DKK,NGN,buy,29.04
2015-07-27,DKK,NGN,middle,29.1141
2015-07-27,DKK,NGN,sell,29.1882
2015-07-27,EUR,NGN,buy,216.7368
2015-07-27,EUR,NGN,middle,217.2897
2015-07-27,EUR,NGN,sell,217.8426
2015-07-27,GBP,NGN,buy,304.2312
2015-07-27,GBP,NGN,middle,305.0073
2015-07-27,GBP,NGN,sell,305.7834
2015-07-27,JPY,NGN,buy,1.5905
2015-07-27,JPY,NGN,middle,1.5946
2015-07-27,JPY,NGN,sell,1.5986
2015-07-27,SAR,NGN,buy,52.2639
2015-07-27,SAR,NGN,middle,52.3972
2015-07-27,SAR,NGN,sell,52.5305
2015-07-27,USD,NGN,buy,196
2015-07-27,USD,NGN,middle,196.5
2015-07-27,USD,NGN,sell,197
2015-07-27,XDR,NGN,buy,274.0864
2015-07-27,XDR,NGN,middle,274.7856
2015-07-27,XDR,NGN,sell,275.4848
2015-07-27,XOF,NGN,buy,0.3077
2015-07-27,XOF,NGN,middle,0.3177
2015-07-27,XOF,NGN,sell,0.3277
2015-07-27,XUA,NGN,buy,272.3292
2015-07-27,XUA,NGN,middle,273.0239
2015-07-27,XUA,NGN,sell,273.7186
2015-07-28,CHF,NGN,buy,202.7307
2015-07-28,CHF,NGN,middle,203.2478
2015-07-28,CHF,NGN,sell,203.765
2015-07-28,CNY,NGN,buy,31.5591
2015-07-28,CNY,NGN,middle,31.64
2015-07-28,CNY,NGN,sell,31.721
2015-07-28,DKK,NGN,buy,28.9679
2015-07-28,DKK,NGN,middle,29.0418
2015-07-28,DKK,NGN,sell,29.1157
2015-07-28,EUR,NGN,buy,216.2076
2015-07-28,EUR,NGN,middle,216.7592
2015-07-28,EUR,NGN,sell,217.3107
2015-07-28,GBP,NGN,buy,305.4072
2015-07-28,GBP,NGN,middle,306.1863
2015-07-28,GBP,NGN,sell,306.9654
2015-07-28,JPY,NGN,buy,1.5833
2015-07-28,JPY,NGN,middle,1.5874
2015-07-28,JPY,NGN,sell,1.5914
2015-07-28,SAR,NGN,buy,52.2653
2015-07-28,SAR,NGN,middle,52.3986
2015-07-28,SAR,NGN,sell,52.5319
2015-07-28,USD,NGN,buy,196
2015-07-28,USD,NGN,middle,196.5
2015-07-28,USD,NGN,sell,197
2015-07-28,XDR,NGN,buy,273.8708
2015-07-28,XDR,NGN,middle,274.5695
2015-07-28,XDR,NGN,sell,275.2681
2015-07-28,XOF,NGN,buy,0.3113
2015-07-28,XOF,NGN,middle,0.3213
2015-07-28,XOF,NGN,sell,0.3313
2015-07-28,XUA,NGN,buy,273.3986
2015-07-28,XUA,NGN,middle,274.0961
2015-07-28,XUA,NGN,sell,274.7935
2015-07-29,CHF,NGN,buy,203.3828
2015-07-29,CHF,NGN,middle,203.9016
2015-07-29,CHF,NGN,sell,204.4205
2015-07-29,CNY,NGN,buy,31.5657
2015-07-29,CNY,NGN,middle,31.6466
2015-07-29,CNY,NGN,sell,31.7276
2015-07-29,DKK,NGN,buy,28.9924
2015-07-29,DKK,NGN,middle,29.0663
2015-07-29,DKK,NGN,sell,29.1403
2015-07-29,EUR,NGN,buy,216.3644
2015-07-29,EUR,NGN,middle,216.9164
2015-07-29,EUR,NGN,sell,217.4683
2015-07-29,GBP,NGN,buy,306.6224
2015-07-29,GBP,NGN,middle,307.4046
2015-07-29,GBP,NGN,sell,308.1868
2015-07-29,JPY,NGN,buy,1.5841
2015-07-29,JPY,NGN,middle,1.5881
2015-07-29,JPY,NGN,sell,1.5922
2015-07-29,SAR,NGN,buy,52.2625
2015-07-29,SAR,NGN,middle,52.3958
2015-07-29,SAR,NGN,sell,52.5291
2015-07-29,USD,NGN,buy,196
2015-07-29,USD,NGN,middle,196.5
2015-07-29,USD,NGN,sell,197
2015-07-29,XDR,NGN,buy,274.1844
2015-07-29,XDR,NGN,middle,274.8839
2015-07-29,XDR,NGN,sell,275.5833
2015-07-29,XOF,NGN,buy,0.3103
2015-07-29,XOF,NGN,middle,0.3203
2015-07-29,XOF,NGN,sell,0.3303
2015-07-29,XUA,NGN,buy,273.1914
2015-07-29,XUA,NGN,middle,273.8883
2015-07-29,XUA,NGN,sell,274.5852
2015-07-30,CHF,NGN,buy,201.9161
2015-07-30,CHF,NGN,middle,202.4312
2015-07-30,CHF,NGN,sell,202.9463
2015-07-30,CNY,NGN,buy,31.5626
2015-07-30,CNY,NGN,middle,31.6436
2015-07-30,CNY,NGN,sell,31.7246
2015-07-30,DKK,NGN,buy,28.788
2015-07-30,DKK,NGN,middle,28.8614
2015-07-30,DKK,NGN,sell,28.9348
2015-07-30,EUR,NGN,buy,214.8356
2015-07-30,EUR,NGN,middle,215.3837
2015-07-30,EUR,NGN,sell,215.9317
2015-07-30,GBP,NGN,buy,306.4656
2015-07-30,GBP,NGN,middle,307.2474
2015-07-30,GBP,NGN,sell,308.0292
2015-07-30,JPY,NGN,buy,1.5757
2015-07-30,JPY,NGN,middle,1.5797
2015-07-30,JPY,NGN,sell,1.5837
2015-07-30,SAR,NGN,buy,52.2625
2015-07-30,SAR,NGN,middle,52.3958
2015-07-30,SAR,NGN,sell,52.5291
2015-07-30,USD,NGN,buy,196
2015-07-30,USD,NGN,middle,196.5
2015-07-30,USD,NGN,sell,197
2015-07-30,XDR,NGN,buy,273.2828
2015-07-30,XDR,NGN,middle,273.98
2015-07-30,XDR,NGN,sell,274.6771
2015-07-30,XOF,NGN,buy,0.3104
2015-07-30,XOF,NGN,middle,0.3204
2015-07-30,XOF,NGN,sell,0.3304
2015-07-30,XUA,NGN,buy,273.5081
2015-07-30,XUA,NGN,middle,274.2058
2015-07-30,XUA,NGN,sell,274.9035
2015-07-31,CHF,NGN,buy,203.3828
2015-07-31,CHF,NGN,middle,203.9016
2015-07-31,CHF,NGN,sell,204.4205
2015-07-31,CNY,NGN,buy,31.5621
2015-07-31,CNY,NGN,middle,31.6431
2015-07-31,CNY,NGN,sell,31.724
2015-07-31,DKK,NGN,buy,28.8028
2015-07-31,DKK,NGN,middle,28.8763
2015-07-31,DKK,NGN,sell,28.9497
2015-07-31,EUR,NGN,buy,214.9728
2015-07-31,EUR,NGN,middle,215.5212
2015-07-31,EUR,NGN,sell,216.0696
2015-07-31,GBP,NGN,buy,305.1328
2015-07-31,GBP,NGN,middle,305.9112
2015-07-31,GBP,NGN,sell,306.6896
2015-07-31,JPY,NGN,buy,1.5762
2015-07-31,JPY,NGN,middle,1.5802
2015-07-31,JPY,NGN,sell,1.5842
2015-07-31,SAR,NGN,buy,52.2625
2015-07-31,SAR,NGN,middle,52.3958
2015-07-31,SAR,NGN,sell,52.5291
2015-07-31,USD,NGN,buy,196
2015-07-31,USD,NGN,middle,196.5
2015-07-31,USD,NGN,sell,197
2015-07-31,XDR,NGN,buy,273.3612
2015-07-31,XDR,NGN,middle,274.0586
2015-07-31,XDR,NGN,sell,274.7559
2015-07-31,XOF,NGN,buy,0.3082
2015-07-31,XOF,NGN,middle,0.3182
2015-07-31,XOF,NGN,sell,0.3282
2015-07-31,XUA,NGN,buy,272.6029
2015-07-31,XUA,NGN,middle,273.2983
2015-07-31,XUA,NGN,sell,273.9937
2015-08-03,CHF,NGN,buy,202.5212
2015-08-03,CHF,NGN,middle,203.0378
2015-08-03,CHF,NGN,sell,203.5545
2015-08-03,CNY,NGN,buy,31.5575
2015-08-03,CNY,NGN,middle,31.6385
2015-08-03,CNY,NGN,sell,31.7195
2015-08-03,DKK,NGN,buy,28.7706
2015-08-03,DKK,NGN,middle,28.844
2015-08-03,DKK,NGN,sell,28.9174
2015-08-03,EUR,NGN,buy,214.6984
2015-08-03,EUR,NGN,middle,215.2461
2015-08-03,EUR,NGN,sell,215.7938
2015-08-03,GBP,NGN,buy,305.2896
2015-08-03,GBP,NGN,middle,306.0684
2015-08-03,GBP,NGN,sell,306.8472
2015-08-03,JPY,NGN,buy,1.5773
2015-08-03,JPY,NGN,middle,1.5814
2015-08-03,JPY,NGN,sell,1.5854
2015-08-03,SAR,NGN,buy,52.2625
2015-08-03,SAR,NGN,middle,52.3958
2015-08-03,SAR,NGN,sell,52.5291
2015-08-03,USD,NGN,buy,196
2015-08-03,USD,NGN,middle,196.5
2015-08-03,USD,NGN,sell,197
2015-08-03,XDR,NGN,buy,273.2828
2015-08-03,XDR,NGN,middle,273.98
2015-08-03,XDR,NGN,sell,274.6771
2015-08-03,XOF,NGN,buy,0.3085
2015-08-03,XOF,NGN,middle,0.3185
2015-08-03,XOF,NGN,sell,0.3285
2015-08-03,XUA,NGN,buy,272.6674
2015-08-03,XUA,NGN,middle,273.363
2015-08-03,XUA,NGN,sell,274.0586
2015-08-04,CHF,NGN,buy,202.1035
2015-08-04,CHF,NGN,middle,202.6191
2015-08-04,CHF,NGN,sell,203.1347
2015-08-04,CNY,NGN,buy,31.558
2015-08-04,CNY,NGN,middle,31.639
2015-08-04,CNY,NGN,sell,31.72
2015-08-04,DKK,NGN,buy,28.8286
2015-08-04,DKK,NGN,middle,28.9022
2015-08-04,DKK,NGN,sell,28.9757
2015-08-04,EUR,NGN,buy,215.1492
2015-08-04,EUR,NGN,middle,215.6981
2015-08-04,EUR,NGN,sell,216.2469
2015-08-04,GBP,NGN,buy,306.1324
2015-08-04,GBP,NGN,middle,306.9134
2015-08-04,GBP,NGN,sell,307.6943
2015-08-04,JPY,NGN,buy,1.581
2015-08-04,JPY,NGN,middle,1.5851
2015-08-04,JPY,NGN,sell,1.5891
2015-08-04,SAR,NGN,buy,52.2639
2015-08-04,SAR,NGN,middle,52.3972
2015-08-04,SAR,NGN,sell,52.5305
2015-08-04,USD,NGN,buy,196
2015-08-04,USD,NGN,middle,196.5
2015-08-04,USD,NGN,sell,197
2015-08-04,XDR,NGN,buy,273.42
2015-08-04,XDR,NGN,middle,274.1175
2015-08-04,XDR,NGN,sell,274.815
2015-08-04,XOF,NGN,buy,0.308
2015-08-04,XOF,NGN,middle,0.318
2015-08-04,XOF,NGN,sell,0.328
2015-08-04,XUA,NGN,buy,272.5891
2015-08-04,XUA,NGN,middle,273.2845
2015-08-04,XUA,NGN,sell,273.9799
2015-08-05,CHF,NGN,buy,200.2043
2015-08-05,CHF,NGN,middle,200.715
2015-08-05,CHF,NGN,sell,201.2257
2015-08-05,CNY,NGN,buy,31.5626
2015-08-05,CNY,NGN,middle,31.6436
2015-08-05,CNY,NGN,sell,31.7246
2015-08-05,DKK,NGN,buy,28.5835
2015-08-05,DKK,NGN,middle,28.6564
2015-08-05,DKK,NGN,sell,28.7293
2015-08-05,EUR,NGN,buy,213.3068
2015-08-05,EUR,NGN,middle,213.851
2015-08-05,EUR,NGN,sell,214.3951
2015-08-05,GBP,NGN,buy,306.3872
2015-08-05,GBP,NGN,middle,307.1688
2015-08-05,GBP,NGN,sell,307.9504
2015-08-05,JPY,NGN,buy,1.5772
2015-08-05,JPY,NGN,middle,1.5812
2015-08-05,JPY,NGN,sell,1.5853
2015-08-05,SAR,NGN,buy,52.2639
2015-08-05,SAR,NGN,middle,52.3972
2015-08-05,SAR,NGN,sell,52.5305
2015-08-05,USD,NGN,buy,196
2015-08-05,USD,NGN,middle,196.5
2015-08-05,USD,NGN,sell,197
2015-08-05,XDR,NGN,buy,272.44
2015-08-05,XDR,NGN,middle,273.135
2015-08-05,XDR,NGN,sell,273.83
2015-08-05,XOF,NGN,buy,0.3087
2015-08-05,XOF,NGN,middle,0.3187
2015-08-05,XOF,NGN,sell,0.3287
2015-08-05,XUA,NGN,buy,272.7319
2015-08-05,XUA,NGN,middle,273.4277
2015-08-05,XUA,NGN,sell,274.1234
2015-08-06,CHF,NGN,buy,199.187
2015-08-06,CHF,NGN,middle,199.6951
2015-08-06,CHF,NGN,sell,200.2033
2015-08-06,CNY,NGN,buy,31.5621
2015-08-06,CNY,NGN,middle,31.6431
2015-08-06,CNY,NGN,sell,31.724
2015-08-06,DKK,NGN,buy,28.6278
2015-08-06,DKK,NGN,middle,28.7008
2015-08-06,DKK,NGN,sell,28.7738
2015-08-06,EUR,NGN,buy,213.64
2015-08-06,EUR,NGN,middle,214.185
2015-08-06,EUR,NGN,sell,214.73
2015-08-06,GBP,NGN,buy,303.6432
2015-08-06,GBP,NGN,middle,304.4178
2015-08-06,GBP,NGN,sell,305.1924
2015-08-06,JPY,NGN,buy,1.5698
2015-08-06,JPY,NGN,middle,1.5738
2015-08-06,JPY,NGN,sell,1.5778
2015-08-06,SAR,NGN,buy,52.2611
2015-08-06,SAR,NGN,middle,52.3944
2015-08-06,SAR,NGN,sell,52.5277
2015-08-06,USD,NGN,buy,196
2015-08-06,USD,NGN,middle,196.5
2015-08-06,USD,NGN,sell,197
2015-08-06,XDR,NGN,buy,272.6948
2015-08-06,XDR,NGN,middle,273.3905
2015-08-06,XDR,NGN,sell,274.0861
2015-08-06,XOF,NGN,buy,0.3087
2015-08-06,XOF,NGN,middle,0.3187
2015-08-06,XOF,NGN,sell,0.3287
2015-08-06,XUA,NGN,buy,272.7319
2015-08-06,XUA,NGN,middle,273.4277
2015-08-06,XUA,NGN,sell,274.1234
2015-08-07,CHF,NGN,buy,199.3896
2015-08-07,CHF,NGN,middle,199.8983
2015-08-07,CHF,NGN,sell,200.4069
2015-08-07,CNY,NGN,buy,31.5575
2015-08-07,CNY,NGN,middle,31.6385
2015-08-07,CNY,NGN,sell,31.7195
2015-08-07,DKK,NGN,buy,28.7142
2015-08-07,DKK,NGN,middle,28.7874
2015-08-07,DKK,NGN,sell,28.8607
2015-08-07,EUR,NGN,buy,214.326
2015-08-07,EUR,NGN,middle,214.8728
2015-08-07,EUR,NGN,sell,215.4195
2015-08-07,GBP,NGN,buy,304.1136
2015-08-07,GBP,NGN,middle,304.8894
2015-08-07,GBP,NGN,sell,305.6652
2015-08-07,JPY,NGN,buy,1.5715
2015-08-07,JPY,NGN,middle,1.5755
2015-08-07,JPY,NGN,sell,1.5795
2015-08-07,SAR,NGN,buy,52.2611
2015-08-07,SAR,NGN,middle,52.3944
2015-08-07,SAR,NGN,sell,52.5277
2015-08-07,USD,NGN,buy,196
2015-08-07,USD,NGN,middle,196.5
2015-08-07,USD,NGN,sell,197
2015-08-07,XDR,NGN,buy,272.7144
2015-08-07,XDR,NGN,middle,273.4101
2015-08-07,XDR,NGN,sell,274.1058
2015-08-07,XOF,NGN,buy,0.3087
2015-08-07,XOF,NGN,middle,0.3187
2015-08-07,XOF,NGN,sell,0.3287
2015-08-07,XUA,NGN,buy,272.7319
2015-08-07,XUA,NGN,middle,273.4277
2015-08-07,XUA,NGN,sell,274.1234
2015-08-10,CHF,NGN,buy,199.0454
2015-08-10,CHF,NGN,middle,199.5532
2015-08-10,CHF,NGN,sell,200.0609
2015-08-10,CNY,NGN,buy,31.5616
2015-08-10,CNY,NGN,middle,31.6426
2015-08-10,CNY,NGN,sell,31.7235
2015-08-10,DKK,NGN,buy,28.7816
2015-08-10,DKK,NGN,middle,28.855
2015-08-10,DKK,NGN,sell,28.9285
2015-08-10,EUR,NGN,buy,214.816
2015-08-10,EUR,NGN,middle,215.364
2015-08-10,EUR,NGN,sell,215.912
2015-08-10,GBP,NGN,buy,303.8392
2015-08-10,GBP,NGN,middle,304.6143
2015-08-10,GBP,NGN,sell,305.3894
2015-08-10,JPY,NGN,buy,1.5722
2015-08-10,JPY,NGN,middle,1.5762
2015-08-10,JPY,NGN,sell,1.5802
2015-08-10,SAR,NGN,buy,52.2625
2015-08-10,SAR,NGN,middle,52.3958
2015-08-10,SAR,NGN,sell,52.5291
2015-08-10,USD,NGN,buy,196
2015-08-10,USD,NGN,middle,196.5
2015-08-10,USD,NGN,sell,197
2015-08-10,XDR,NGN,buy,272.6556
2015-08-10,XDR,NGN,middle,273.3512
2015-08-10,XDR,NGN,sell,274.0467
2015-08-10,XOF,NGN,buy,0.3078
2015-08-10,XOF,NGN,middle,0.3178
2015-08-10,XOF,NGN,sell,0.3278
2015-08-10,XUA,NGN,buy,272.0261
2015-08-10,XUA,NGN,middle,272.7201
2015-08-10,XUA,NGN,sell,273.414
2015-08-11,CHF,NGN,buy,199.1465
2015-08-11,CHF,NGN,middle,199.6545
2015-08-11,CHF,NGN,sell,200.1626
2015-08-11,CNY,NGN,buy,30.9799
2015-08-11,CNY,NGN,middle,31.0594
2015-08-11,CNY,NGN,sell,31.1389
2015-08-11,DKK,NGN,buy,28.9902
2015-08-11,DKK,NGN,middle,29.0642
2015-08-11,DKK,NGN,sell,29.1381
2015-08-11,EUR,NGN,buy,216.4036
2015-08-11,EUR,NGN,middle,216.9557
2015-08-11,EUR,NGN,sell,217.5077
2015-08-11,GBP,NGN,buy,305.662
2015-08-11,GBP,NGN,middle,306.4418
2015-08-11,GBP,NGN,sell,307.2215
2015-08-11,JPY,NGN,buy,1.569
2015-08-11,JPY,NGN,middle,1.573
2015-08-11,JPY,NGN,sell,1.577
2015-08-11,SAR,NGN,buy,52.2597
2015-08-11,SAR,NGN,middle,52.393
2015-08-11,SAR,NGN,sell,52.5263
2015-08-11,USD,NGN,buy,196
2015-08-11,USD,NGN,middle,196.5
2015-08-11,USD,NGN,sell,197
2015-08-11,XDR,NGN,buy,273.714
2015-08-11,XDR,NGN,middle,274.4123
2015-08-11,XDR,NGN,sell,275.1105
2015-08-11,XOF,NGN,buy,0.3083
2015-08-11,XOF,NGN,middle,0.3183
2015-08-11,XOF,NGN,sell,0.3283
2015-08-11,XUA,NGN,buy,271.9734
2015-08-11,XUA,NGN,middle,272.6672
2015-08-11,XUA,NGN,sell,273.361
2015-08-12,CHF,NGN,buy,201.0463
2015-08-12,CHF,NGN,middle,201.5591
2015-08-12,CHF,NGN,sell,202.072
2015-08-12,CNY,NGN,buy,30.6744
2015-08-12,CNY,NGN,middle,30.7531
2015-08-12,CNY,NGN,sell,30.8318
2015-08-12,DKK,NGN,buy,29.2826
2015-08-12,DKK,NGN,middle,29.3573
2015-08-12,DKK,NGN,sell,29.432
2015-08-12,EUR,NGN,buy,218.5596
2015-08-12,EUR,NGN,middle,219.1172
2015-08-12,EUR,NGN,sell,219.6747
2015-08-12,GBP,NGN,buy,305.7404
2015-08-12,GBP,NGN,middle,306.5204
2015-08-12,GBP,NGN,sell,307.3003
2015-08-12,JPY,NGN,buy,1.5794
2015-08-12,JPY,NGN,middle,1.5834
2015-08-12,JPY,NGN,sell,1.5874
2015-08-12,SAR,NGN,buy,52.2541
2015-08-12,SAR,NGN,middle,52.3874
2015-08-12,SAR,NGN,sell,52.5207
2015-08-12,USD,NGN,buy,196
2015-08-12,USD,NGN,middle,196.5
2015-08-12,USD,NGN,sell,197
2015-08-12,XDR,NGN,buy,274.7332
2015-08-12,XDR,NGN,middle,275.4341
2015-08-12,XDR,NGN,sell,276.1349
2015-08-12,XOF,NGN,buy,0.3083
2015-08-12,XOF,NGN,middle,0.3183
2015-08-12,XOF,NGN,sell,0.3283
2015-08-12,XUA,NGN,buy,271.9734
2015-08-12,XUA,NGN,middle,272.6672
2015-08-12,XUA,NGN,sell,273.361
2015-08-13,CHF,NGN,buy,200.6757
2015-08-13,CHF,NGN,middle,201.1877
2015-08-13,CHF,NGN,sell,201.6996
2015-08-13,CNY,NGN,buy,30.6265
2015-08-13,CNY,NGN,middle,30.7051
2015-08-13,CNY,NGN,sell,30.7837
2015-08-13,DKK,NGN,buy,29.194
2015-08-13,DKK,NGN,middle,29.2685
2015-08-13,DKK,NGN,sell,29.343
2015-08-13,EUR,NGN,buy,217.9128
2015-08-13,EUR,NGN,middle,218.4687
2015-08-13,EUR,NGN,sell,219.0246
2015-08-13,GBP,NGN,buy,306.348
2015-08-13,GBP,NGN,middle,307.1295
2015-08-13,GBP,NGN,sell,207.911
2015-08-13,JPY,NGN,buy,1.5754
2015-08-13,JPY,NGN,middle,1.5795
2015-08-13,JPY,NGN,sell,1.5835
2015-08-13,SAR,NGN,buy,52.236
2015-08-13,SAR,NGN,middle,52.3693
2015-08-13,SAR,NGN,sell,52.5025
2015-08-13,USD,NGN,buy,196
2015-08-13,USD,NGN,middle,196.5
2015-08-13,USD,NGN,sell,197
2015-08-13,XDR,NGN,buy,274.5372
2015-08-13,XDR,NGN,middle,275.2376
2015-08-13,XDR,NGN,sell,275.9379
2015-08-13,XOF,NGN,buy,0.3142
2015-08-13,XOF,NGN,middle,0.3242
2015-08-13,XOF,NGN,sell,0.3342
2015-08-13,XUA,NGN,buy,274.036
2015-08-13,XUA,NGN,middle,274.735
2015-08-13,XUA,NGN,sell,275.4341
2015-08-14,CHF,NGN,buy,201.2734
2015-08-14,CHF,NGN,middle,201.7868
2015-08-14,CHF,NGN,sell,202.3003
2015-08-14,CNY,NGN,buy,30.6586
2015-08-14,CNY,NGN,middle,30.7373
2015-08-14,CNY,NGN,sell,30.8159
2015-08-14,DKK,NGN,buy,29.3352
2015-08-14,DKK,NGN,middle,29.41
2015-08-14,DKK,NGN,sell,29.4848
2015-08-14,EUR,NGN,buy,218.9712
2015-08-14,EUR,NGN,middle,219.5298
2015-08-14,EUR,NGN,sell,220.0884
2015-08-14,GBP,NGN,buy,306.4264
2015-08-14,GBP,NGN,middle,307.2081
2015-08-14,GBP,NGN,sell,307.9898
2015-08-14,JPY,NGN,buy,1.5786
2015-08-14,JPY,NGN,middle,1.5826
2015-08-14,JPY,NGN,sell,1.5867
2015-08-14,SAR,NGN,buy,52.2472
2015-08-14,SAR,NGN,middle,52.3804
2015-08-14,SAR,NGN,sell,52.5137
2015-08-14,USD,NGN,buy,196
2015-08-14,USD,NGN,middle,196.5
2015-08-14,USD,NGN,sell,197
2015-08-14,XDR,NGN,buy,275.1056
2015-08-14,XDR,NGN,middle,275.8074
2015-08-14,XDR,NGN,sell,276.5092
2015-08-14,XOF,NGN,buy,0.3128
2015-08-14,XOF,NGN,middle,0.3228
2015-08-14,XOF,NGN,sell,0.3328
2015-08-14,XUA,NGN,buy,273.8482
2015-08-14,XUA,NGN,middle,274.5468
2015-08-14,XUA,NGN,sell,275.2454
2015-08-17,CHF,NGN,buy,200.45
2015-08-17,CHF,NGN,middle,200.9613
2015-08-17,CHF,NGN,sell,201.4727
2015-08-17,CNY,NGN,buy,30.6447
2015-08-17,CNY,NGN,middle,30.7233
2015-08-17,CNY,NGN,sell,30.8019
2015-08-17,DKK,NGN,buy,29.1406
2015-08-17,DKK,NGN,middle,29.215
2015-08-17,DKK,NGN,sell,29.2893
2015-08-17,EUR,NGN,buy,215.404
2015-08-17,EUR,NGN,middle,215.9535
2015-08-17,EUR,NGN,sell,216.503
2015-08-17,GBP,NGN,buy,306.3088
2015-08-17,GBP,NGN,middle,307.0902
2015-08-17,GBP,NGN,sell,307.8716
2015-08-17,JPY,NGN,buy,1.5738
2015-08-17,JPY,NGN,middle,1.5778
2015-08-17,JPY,NGN,sell,1.5818
2015-08-17,SAR,NGN,buy,52.2388
2015-08-17,SAR,NGN,middle,52.3721
2015-08-17,SAR,NGN,sell,52.5053
2015-08-17,USD,NGN,buy,196
2015-08-17,USD,NGN,middle,196.5
2015-08-17,USD,NGN,sell,197
2015-08-17,XDR,NGN,buy,275.1056
2015-08-17,XDR,NGN,middle,275.8074
2015-08-17,XDR,NGN,sell,276.5092
2015-08-17,XOF,NGN,buy,0.3146
2015-08-17,XOF,NGN,middle,0.3246
2015-08-17,XOF,NGN,sell,0.3346
2015-08-17,XUA,NGN,buy,274.4151
2015-08-17,XUA,NGN,middle,275.1152
2015-08-17,XUA,NGN,sell,275.8152
2015-08-18,CHF,NGN,buy,200.5936
2015-08-18,CHF,NGN,middle,201.1053
2015-08-18,CHF,NGN,sell,201.617
2015-08-18,CNY,NGN,buy,30.649
2015-08-18,CNY,NGN,middle,30.7276
2015-08-18,CNY,NGN,sell,30.8063
2015-08-18,DKK,NGN,buy,29.0482
2015-08-18,DKK,NGN,middle,29.1223
2015-08-18,DKK,NGN,sell,29.1964
2015-08-18,EUR,NGN,buy,216.8152
2015-08-18,EUR,NGN,middle,217.3683
2015-08-18,EUR,NGN,sell,217.9214
2015-08-18,GBP,NGN,buy,307.6024
2015-08-18,GBP,NGN,middle,308.3871
2015-08-18,GBP,NGN,sell,309.1718
2015-08-18,JPY,NGN,buy,1.5772
2015-08-18,JPY,NGN,middle,1.5812
2015-08-18,JPY,NGN,sell,1.5853
2015-08-18,SAR,NGN,buy,52.2388
2015-08-18,SAR,NGN,middle,52.3721
2015-08-18,SAR,NGN,sell,52.5053
2015-08-18,USD,NGN,buy,196
2015-08-18,USD,NGN,middle,196.5
2015-08-18,USD,NGN,sell,197
2015-08-18,XDR,NGN,buy,274.3216
2015-08-18,XDR,NGN,middle,275.0214
2015-08-18,XDR,NGN,sell,275.7212
2015-08-18,XOF,NGN,buy,0.3125
2015-08-18,XOF,NGN,middle,0.3225
2015-08-18,XOF,NGN,sell,0.3325
2015-08-18,XUA,NGN,buy,273.6292
2015-08-18,XUA,NGN,middle,274.3273
2015-08-18,XUA,NGN,sell,275.0253
2015-08-19,CHF,NGN,buy,201.2114
2015-08-19,CHF,NGN,middle,201.7247
2015-08-19,CHF,NGN,sell,202.238
2015-08-19,CNY,NGN,buy,30.6433
2015-08-19,CNY,NGN,middle,30.7219
2015-08-19,CNY,NGN,sell,30.8005
2015-08-19,DKK,NGN,buy,28.9902
2015-08-19,DKK,NGN,middle,29.0642
2015-08-19,DKK,NGN,sell,29.1381
2015-08-19,EUR,NGN,buy,216.4232
2015-08-19,EUR,NGN,middle,216.9753
2015-08-19,EUR,NGN,sell,217.5274
2015-08-19,GBP,NGN,buy,307.0732
2015-08-19,GBP,NGN,middle,307.8566
2015-08-19,GBP,NGN,sell,308.6399
2015-08-19,JPY,NGN,buy,1.5761
2015-08-19,JPY,NGN,middle,1.5801
2015-08-19,JPY,NGN,sell,1.5841
2015-08-19,SAR,NGN,buy,52.2402
2015-08-19,SAR,NGN,middle,52.3735
2015-08-19,SAR,NGN,sell,52.5067
2015-08-19,USD,NGN,buy,196
2015-08-19,USD,NGN,middle,196.5
2015-08-19,USD,NGN,sell,197
2015-08-19,XDR,NGN,buy,274.0472
2015-08-19,XDR,NGN,middle,274.7463
2015-08-19,XDR,NGN,sell,275.4454
2015-08-19,XOF,NGN,buy,0.3113
2015-08-19,XOF,NGN,middle,0.3213
2015-08-19,XOF,NGN,sell,0.3313
2015-08-19,XUA,NGN,buy,273.6312
2015-08-19,XUA,NGN,middle,274.3293
2015-08-19,XUA,NGN,sell,275.0273
2015-08-20,CHF,NGN,buy,203.2526
2015-08-20,CHF,NGN,middle,203.7748
2015-08-20,CHF,NGN,sell,204.2933
2015-08-20,CNY,NGN,buy,30.6696
2015-08-20,CNY,NGN,middle,30.7483
2015-08-20,CNY,NGN,sell,30.827
2015-08-20,DKK,NGN,buy,29.3677
2015-08-20,DKK,NGN,middle,29.4426
2015-08-20,DKK,NGN,sell,29.5175
2015-08-20,EUR,NGN,buy,219.1868
2015-08-20,EUR,NGN,middle,219.746
2015-08-20,EUR,NGN,sell,220.3051
2015-08-20,GBP,NGN,buy,306.9948
2015-08-20,GBP,NGN,middle,307.778
2015-08-20,GBP,NGN,sell,308.5611
2015-08-20,JPY,NGN,buy,1.5812
2015-08-20,JPY,NGN,middle,1.5852
2015-08-20,JPY,NGN,sell,1.5892
2015-08-20,SAR,NGN,buy,52.2499
2015-08-20,SAR,NGN,middle,52.3832
2015-08-20,SAR,NGN,sell,52.5165
2015-08-20,USD,NGN,buy,196
2015-08-20,USD,NGN,middle,196.5
2015-08-20,USD,NGN,sell,197
2015-08-20,XDR,NGN,buy,275.2036
2015-08-20,XDR,NGN,middle,275.9057
2015-08-20,XDR,NGN,sell,276.6077
2015-08-20,XOF,NGN,buy,0.3107
2015-08-20,XOF,NGN,middle,0.3207
2015-08-20,XOF,NGN,sell,0.3307
2015-08-20,XUA,NGN,buy,273.3478
2015-08-20,XUA,NGN,middle,274.0451
2015-08-20,XUA,NGN,sell,274.7424
2015-08-21,CHF,NGN,buy,205.3216
2015-08-21,CHF,NGN,middle,205.8454
2015-08-21,CHF,NGN,sell,206.3692
2015-08-21,CNY,NGN,buy,30.6768
2015-08-21,CNY,NGN,middle,30.7555
2015-08-21,CNY,NGN,sell,30.8342
2015-08-21,DKK,NGN,buy,29.6108
2015-08-21,DKK,NGN,middle,29.6864
2015-08-21,DKK,NGN,sell,29.7619
2015-08-21,EUR,NGN,buy,221.0292
2015-08-21,EUR,NGN,middle,221.5931
2015-08-21,EUR,NGN,sell,222.1569
2015-08-21,GBP,NGN,buy,307.1516
2015-08-21,GBP,NGN,middle,307.9352
2015-08-21,GBP,NGN,sell,308.7187
2015-08-21,JPY,NGN,buy,1.5966
2015-08-21,JPY,NGN,middle,1.6007
2015-08-21,JPY,NGN,sell,1.6048
2015-08-21,SAR,NGN,buy,52.2569
2015-08-21,SAR,NGN,middle,52.3902
2015-08-21,SAR,NGN,sell,52.5235
2015-08-21,USD,NGN,buy,196
2015-08-21,USD,NGN,middle,196.5
2015-08-21,USD,NGN,sell,197
2015-08-21,XDR,NGN,buy,276.458
2015-08-21,XDR,NGN,middle,277.1633
2015-08-21,XDR,NGN,sell,277.8685
2015-08-21,XOF,NGN,buy,0.3107
2015-08-21,XOF,NGN,middle,0.3207
2015-08-21,XOF,NGN,sell,0.3307
2015-08-21,XUA,NGN,buy,273.3478
2015-08-21,XUA,NGN,middle,274.0451
2015-08-21,XUA,NGN,sell,274.7424
2015-08-24,CHF,NGN,buy,209.2676
2015-08-24,CHF,NGN,middle,209.8014
2015-08-24,CHF,NGN,sell,210.3353
2015-08-24,CNY,NGN,buy,30.5959
2015-08-24,CNY,NGN,middle,30.6744
2015-08-24,CNY,NGN,sell,30.7529
2015-08-24,DKK,NGN,buy,30.2054
2015-08-24,DKK,NGN,middle,30.2825
2015-08-24,DKK,NGN,sell,30.3595
2015-08-24,EUR,NGN,buy,225.4784
2015-08-24,EUR,NGN,middle,226.0536
2015-08-24,EUR,NGN,sell,226.6288
2015-08-24,GBP,NGN,buy,308.6412
2015-08-24,GBP,NGN,middle,309.4286
2015-08-24,GBP,NGN,sell,310.2159
2015-08-24,JPY,NGN,buy,1.6363
2015-08-24,JPY,NGN,middle,1.6405
2015-08-24,JPY,NGN,sell,1.6447
2015-08-24,SAR,NGN,buy,52.236
2015-08-24,SAR,NGN,middle,52.3693
2015-08-24,SAR,NGN,sell,52.5025
2015-08-24,USD,NGN,buy,196
2015-08-24,USD,NGN,middle,196.5
2015-08-24,USD,NGN,sell,197
2015-08-24,XDR,NGN,buy,278.5748
2015-08-24,XDR,NGN,middle,279.2855
2015-08-24,XDR,NGN,sell,279.9961
2015-08-24,XOF,NGN,buy,0.315
2015-08-24,XOF,NGN,middle,0.325
2015-08-24,XOF,NGN,sell,0.335
2015-08-24,XUA,NGN,buy,274.5032
2015-08-24,XUA,NGN,middle,275.2034
2015-08-24,XUA,NGN,sell,275.9037
2015-08-25,CHF,NGN,buy,207.9134
2015-08-25,CHF,NGN,middle,208.4438
2015-08-25,CHF,NGN,sell,208.9742
2015-08-25,CNY,NGN,buy,30.5553
2015-08-25,CNY,NGN,middle,30.6337
2015-08-25,CNY,NGN,sell,30.7121
2015-08-25,DKK,NGN,buy,30.2003
2015-08-25,DKK,NGN,middle,30.2773
2015-08-25,DKK,NGN,sell,30.3544
2015-08-25,EUR,NGN,buy,225.4196
2015-08-25,EUR,NGN,middle,225.9947
2015-08-25,EUR,NGN,sell,226.5697
2015-08-25,GBP,NGN,buy,309.4448
2015-08-25,GBP,NGN,middle,310.2342
2015-08-25,GBP,NGN,sell,311.0236
2015-08-25,JPY,NGN,buy,1.6324
2015-08-25,JPY,NGN,middle,1.6365
2015-08-25,JPY,NGN,sell,1.6407
2015-08-25,SAR,NGN,buy,52.2388
2015-08-25,SAR,NGN,middle,52.3721
2015-08-25,SAR,NGN,sell,52.5053
2015-08-25,USD,NGN,buy,196
2015-08-25,USD,NGN,middle,196.5
2015-08-25,USD,NGN,sell,197
2015-08-25,XDR,NGN,buy,278.7708
2015-08-25,XDR,NGN,middle,279.482
2015-08-25,XDR,NGN,sell,280.1931
2015-08-25,XOF,NGN,buy,0.315
2015-08-25,XOF,NGN,middle,0.325
2015-08-25,XOF,NGN,sell,0.335
2015-08-25,XUA,NGN,buy,274.5032
2015-08-25,XUA,NGN,middle,275.2034
2015-08-25,XUA,NGN,sell,275.9037
2015-08-26,CHF,NGN,buy,206.8165
2015-08-26,CHF,NGN,middle,207.3441
2015-08-26,CHF,NGN,sell,207.8717
2015-08-26,CNY,NGN,buy,30.5644
2015-08-26,CNY,NGN,middle,30.6428
2015-08-26,CNY,NGN,sell,30.7212
2015-08-26,DKK,NGN,buy,29.8608
2015-08-26,DKK,NGN,middle,29.9369
2015-08-26,DKK,NGN,sell,30.0131
2015-08-26,EUR,NGN,buy,222.95
2015-08-26,EUR,NGN,middle,223.5188
2015-08-26,EUR,NGN,sell,224.0875
2015-08-26,GBP,NGN,buy,305.3876
2015-08-26,GBP,NGN,middle,306.1667
2015-08-26,GBP,NGN,sell,306.9457
2015-08-26,JPY,NGN,buy,1.6357
2015-08-26,JPY,NGN,middle,1.6398
2015-08-26,JPY,NGN,sell,1.644
2015-08-26,SAR,NGN,buy,52.2541
2015-08-26,SAR,NGN,middle,52.3874
2015-08-26,SAR,NGN,sell,52.5207
2015-08-26,USD,NGN,buy,196
2015-08-26,USD,NGN,middle,196.5
2015-08-26,USD,NGN,sell,197
2015-08-26,XDR,NGN,buy,277.8888
2015-08-26,XDR,NGN,middle,278.5977
2015-08-26,XDR,NGN,sell,279.3066
2015-08-26,XOF,NGN,buy,0.3247
2015-08-26,XOF,NGN,middle,0.3347
2015-08-26,XOF,NGN,sell,0.3447
2015-08-26,XUA,NGN,buy,278.0593
2015-08-26,XUA,NGN,middle,278.7687
2015-08-26,XUA,NGN,sell,279.478
2015-08-27,CHF,NGN,buy,205.1926
2015-08-27,CHF,NGN,middle,205.7161
2015-08-27,CHF,NGN,sell,206.2395
2015-08-27,CNY,NGN,buy,30.5916
2015-08-27,CNY,NGN,middle,30.6701
2015-08-27,CNY,NGN,sell,30.7486
2015-08-27,DKK,NGN,buy,29.6736
2015-08-27,DKK,NGN,middle,29.7493
2015-08-27,DKK,NGN,sell,29.825
2015-08-27,EUR,NGN,buy,221.4604
2015-08-27,EUR,NGN,middle,222.0254
2015-08-27,EUR,NGN,sell,222.5903
2015-08-27,GBP,NGN,buy,302.8788
2015-08-27,GBP,NGN,middle,303.6515
2015-08-27,GBP,NGN,sell,304.4241
2015-08-27,JPY,NGN,buy,1.6301
2015-08-27,JPY,NGN,middle,1.6342
2015-08-27,JPY,NGN,sell,1.6384
2015-08-27,SAR,NGN,buy,52.236
2015-08-27,SAR,NGN,middle,52.3693
2015-08-27,SAR,NGN,sell,52.5025
2015-08-27,USD,NGN,buy,196
2015-08-27,USD,NGN,middle,196.5
2015-08-27,USD,NGN,sell,197
2015-08-27,XDR,NGN,buy,276.262
2015-08-27,XDR,NGN,middle,276.9668
2015-08-27,XDR,NGN,sell,277.6715
2015-08-27,XOF,NGN,buy,0.3216
2015-08-27,XOF,NGN,middle,0.3316
2015-08-27,XOF,NGN,sell,0.3416
2015-08-27,XUA,NGN,buy,277.1776
2015-08-27,XUA,NGN,middle,277.8847
2015-08-27,XUA,NGN,sell,278.5918
2015-08-28,CHF,NGN,buy,204.2518
2015-08-28,CHF,NGN,middle,204.7728
2015-08-28,CHF,NGN,sell,205.2939
2015-08-28,CNY,NGN,buy,30.6696
2015-08-28,CNY,NGN,middle,30.7483
2015-08-28,CNY,NGN,sell,30.827
2015-08-28,DKK,NGN,buy,29.6064
2015-08-28,DKK,NGN,middle,29.6819
2015-08-28,DKK,NGN,sell,29.7574
2015-08-28,EUR,NGN,buy,220.99
2015-08-28,EUR,NGN,middle,221.5538
2015-08-28,EUR,NGN,sell,222.1175
2015-08-28,GBP,NGN,buy,301.546
2015-08-28,GBP,NGN,middle,302.3153
2015-08-28,GBP,NGN,sell,303.0845
2015-08-28,JPY,NGN,buy,1.6221
2015-08-28,JPY,NGN,middle,1.6263
2015-08-28,JPY,NGN,sell,1.6304
2015-08-28,SAR,NGN,buy,52.2388
2015-08-28,SAR,NGN,middle,52.3721
2015-08-28,SAR,NGN,sell,52.5053
2015-08-28,USD,NGN,buy,196
2015-08-28,USD,NGN,middle,196.5
2015-08-28,USD,NGN,sell,197
2015-08-28,XDR,NGN,buy,275.9876
2015-08-28,XDR,NGN,middle,276.6917
2015-08-28,XDR,NGN,sell,277.3957
2015-08-28,XOF,NGN,buy,0.318
2015-08-28,XOF,NGN,middle,0.328
2015-08-28,XOF,NGN,sell,0.338
2015-08-28,XUA,NGN,buy,275.5765
2015-08-28,XUA,NGN,middle,276.2795
2015-08-28,XUA,NGN,sell,276.9825
2015-08-31,CHF,NGN,buy,202.8986
2015-08-31,CHF,NGN,middle,203.4161
2015-08-31,CHF,NGN,sell,203.9337
2015-08-31,CNY,NGN,buy,30.7355
2015-08-31,CNY,NGN,middle,30.8144
2015-08-31,CNY,NGN,sell,30.8932
2015-08-31,DKK,NGN,buy,29.4246
2015-08-31,DKK,NGN,middle,29.4996
2015-08-31,DKK,NGN,sell,29.5747
2015-08-31,EUR,NGN,buy,219.6376
2015-08-31,EUR,NGN,middle,220.1979
2015-08-31,EUR,NGN,sell,220.7582
2015-08-31,GBP,NGN,buy,301.9968
2015-08-31,GBP,NGN,middle,302.7672
2015-08-31,GBP,NGN,sell,303.5376
2015-08-31,JPY,NGN,buy,1.6153
2015-08-31,JPY,NGN,middle,1.6194
2015-08-31,JPY,NGN,sell,1.6235
2015-08-31,SAR,NGN,buy,52.2388
2015-08-31,SAR,NGN,middle,52.3721
2015-08-31,SAR,NGN,sell,52.5053
2015-08-31,USD,NGN,buy,196
2015-08-31,USD,NGN,middle,196.5
2015-08-31,USD,NGN,sell,197
2015-08-31,XDR,NGN,buy,275.9876
2015-08-31,XDR,NGN,middle,276.6917
2015-08-31,XDR,NGN,sell,277.3957
2015-08-31,XOF,NGN,buy,0.3175
2015-08-31,XOF,NGN,middle,0.3275
2015-08-31,XOF,NGN,sell,0.3375
2015-08-31,XUA,NGN,buy,275.2852
2015-08-31,XUA,NGN,middle,275.9874
2015-08-31,XUA,NGN,sell,276.6897
2015-09-01,CHF,NGN,buy,203.3828
2015-09-01,CHF,NGN,middle,203.9016
2015-09-01,CHF,NGN,sell,204.4205
2015-09-01,CNY,NGN,buy,30.7877
2015-09-01,CNY,NGN,middle,30.8667
2015-09-01,CNY,NGN,sell,30.9456
2015-09-01,DKK,NGN,buy,29.5239
2015-09-01,DKK,NGN,middle,29.5992
2015-09-01,DKK,NGN,sell,29.6745
2015-09-01,EUR,NGN,buy,220.3824
2015-09-01,EUR,NGN,middle,220.9446
2015-09-01,EUR,NGN,sell,221.5068
2015-09-01,GBP,NGN,buy,300.664
2015-09-01,GBP,NGN,middle,301.431
2015-09-01,GBP,NGN,sell,302.198
2015-09-01,JPY,NGN,buy,1.6327
2015-09-01,JPY,NGN,middle,1.6368
2015-09-01,JPY,NGN,sell,1.641
2015-09-01,SAR,NGN,buy,52.236
2015-09-01,SAR,NGN,middle,52.3693
2015-09-01,SAR,NGN,sell,52.5025
2015-09-01,USD,NGN,buy,196
2015-09-01,USD,NGN,middle,196.5
2015-09-01,USD,NGN,sell,197
2015-09-01,XDR,NGN,buy,275.9288
2015-09-01,XDR,NGN,middle,276.6327
2015-09-01,XDR,NGN,sell,277.3366
2015-09-01,XOF,NGN,buy,0.316
2015-09-01,XOF,NGN,middle,0.326
2015-09-01,XOF,NGN,sell,0.336
2015-09-01,XUA,NGN,buy,274.4465
2015-09-01,XUA,NGN,middle,275.1466
2015-09-01,XUA,NGN,sell,275.8467
2015-09-02,CHF,NGN,buy,203.0667
2015-09-02,CHF,NGN,middle,203.5847
2015-09-02,CHF,NGN,sell,204.1028
2015-09-02,CNY,NGN,buy,30.8293
2015-09-02,CNY,NGN,middle,30.9084
2015-09-02,CNY,NGN,sell,30.9875
2015-09-02,DKK,NGN,buy,29.5746
2015-09-02,DKK,NGN,middle,29.6501
2015-09-02,DKK,NGN,sell,29.7255
2015-09-02,EUR,NGN,buy,220.7744
2015-09-02,EUR,NGN,middle,221.3376
2015-09-02,EUR,NGN,sell,221.9008
2015-09-02,GBP,NGN,buy,299.3704
2015-09-02,GBP,NGN,middle,300.1341
2015-09-02,GBP,NGN,sell,300.8978
2015-09-02,JPY,NGN,buy,1.6317
2015-09-02,JPY,NGN,middle,1.6359
2015-09-02,JPY,NGN,sell,1.64
2015-09-02,SAR,NGN,buy,52.2541
2015-09-02,SAR,NGN,middle,52.3874
2015-09-02,SAR,NGN,sell,52.5207
2015-09-02,USD,NGN,buy,196
2015-09-02,USD,NGN,middle,196.5
2015-09-02,USD,NGN,sell,197
2015-09-02,XDR,NGN,buy,275.772
2015-09-02,XDR,NGN,middle,276.4755
2015-09-02,XDR,NGN,sell,277.179
2015-09-02,XOF,NGN,buy,0.3166
2015-09-02,XOF,NGN,middle,0.3266
2015-09-02,XOF,NGN,sell,0.3366
2015-09-02,XUA,NGN,buy,275.2402
2015-09-02,XUA,NGN,middle,275.9424
2015-09-02,XUA,NGN,sell,276.6445
2015-09-03,CHF,NGN,buy,201.9994
2015-09-03,CHF,NGN,middle,202.5147
2015-09-03,CHF,NGN,sell,203.03
2015-09-03,CNY,NGN,buy,30.8317
2015-09-03,CNY,NGN,middle,30.9108
2015-09-03,CNY,NGN,sell,30.9899
2015-09-03,DKK,NGN,buy,29.5079
2015-09-03,DKK,NGN,middle,29.5831
2015-09-03,DKK,NGN,sell,29.6584
2015-09-03,EUR,NGN,buy,220.2648
2015-09-03,EUR,NGN,middle,220.8267
2015-09-03,EUR,NGN,sell,221.3886
2015-09-03,GBP,NGN,buy,299.488
2015-09-03,GBP,NGN,middle,300.252
2015-09-03,GBP,NGN,sell,301.016
2015-09-03,JPY,NGN,buy,1.6308
2015-09-03,JPY,NGN,middle,1.6349
2015-09-03,JPY,NGN,sell,1.6391
2015-09-03,SAR,NGN,buy,52.2555
2015-09-03,SAR,NGN,middle,52.3888
2015-09-03,SAR,NGN,sell,52.5221
2015-09-03,USD,NGN,buy,196
2015-09-03,USD,NGN,middle,196.5
2015-09-03,USD,NGN,sell,197
2015-09-03,XDR,NGN,buy,275.3604
2015-09-03,XDR,NGN,middle,276.0629
2015-09-03,XDR,NGN,sell,276.7653
2015-09-03,XOF,NGN,buy,0.3172
2015-09-03,XOF,NGN,middle,0.3272
2015-09-03,XOF,NGN,sell,0.3372
2015-09-03,XUA,NGN,buy,275.0779
2015-09-03,XUA,NGN,middle,275.7797
2015-09-03,XUA,NGN,sell,276.4814
2015-09-04,CHF,NGN,buy,201.1494
2015-09-04,CHF,NGN,middle,201.6626
2015-09-04,CHF,NGN,sell,202.1757
2015-09-04,CNY,NGN,buy,30.8317
2015-09-04,CNY,NGN,middle,30.9108
2015-09-04,CNY,NGN,sell,30.9899
2015-09-04,DKK,NGN,buy,29.2874
2015-09-04,DKK,NGN,middle,29.3621
2015-09-04,DKK,NGN,sell,29.4368
2015-09-04,EUR,NGN,buy,218.5596
2015-09-04,EUR,NGN,middle,219.1172
2015-09-04,EUR,NGN,sell,219.6747
2015-09-04,GBP,NGN,buy,298.5472
2015-09-04,GBP,NGN,middle,299.3088
2015-09-04,GBP,NGN,sell,300.0704
2015-09-04,JPY,NGN,buy,1.6454
2015-09-04,JPY,NGN,middle,1.6496
2015-09-04,JPY,NGN,sell,1.6538
2015-09-04,SAR,NGN,buy,52.236
2015-09-04,SAR,NGN,middle,52.3693
2015-09-04,SAR,NGN,sell,52.5025
2015-09-04,USD,NGN,buy,196
2015-09-04,USD,NGN,middle,196.5
2015-09-04,USD,NGN,sell,197
2015-09-04,XDR,NGN,buy,274.7136
2015-09-04,XDR,NGN,middle,275.4144
2015-09-04,XDR,NGN,sell,276.1152
2015-09-04,XOF,NGN,buy,0.3164
2015-09-04,XOF,NGN,middle,0.3264
2015-09-04,XOF,NGN,sell,0.3364
2015-09-04,XUA,NGN,buy,274.6791
2015-09-04,XUA,NGN,middle,275.3798
2015-09-04,XUA,NGN,sell,276.0805
2015-09-07,CHF,NGN,buy,201.0256
2015-09-07,CHF,NGN,middle,201.5385
2015-09-07,CHF,NGN,sell,202.0513
2015-09-07,CNY,NGN,buy,30.7809
2015-09-07,CNY,NGN,middle,30.8599
2015-09-07,CNY,NGN,sell,30.9388
2015-09-07,DKK,NGN,buy,29.2813
2015-09-07,DKK,NGN,middle,29.356
2015-09-07,DKK,NGN,sell,29.4307
2015-09-07,EUR,NGN,buy,218.5204
2015-09-07,EUR,NGN,middle,219.0779
2015-09-07,EUR,NGN,sell,219.6353
2015-09-07,GBP,NGN,buy,298.998
2015-09-07,GBP,NGN,middle,299.7608
2015-09-07,GBP,NGN,sell,300.5235
2015-09-07,JPY,NGN,buy,1.6415
2015-09-07,JPY,NGN,middle,1.6457
2015-09-07,JPY,NGN,sell,1.6499
2015-09-07,SAR,NGN,buy,52.2569
2015-09-07,SAR,NGN,middle,52.3902
2015-09-07,SAR,NGN,sell,52.5235
2015-09-07,USD,NGN,buy,196
2015-09-07,USD,NGN,middle,196.5
2015-09-07,USD,NGN,sell,197
2015-09-07,XDR,NGN,buy,274.7136
2015-09-07,XDR,NGN,middle,275.4144
2015-09-07,XDR,NGN,sell,276.1152
2015-09-07,XOF,NGN,buy,0.3137
2015-09-07,XOF,NGN,middle,0.3237
2015-09-07,XOF,NGN,sell,0.3337
2015-09-07,XUA,NGN,buy,274.0281
2015-09-07,XUA,NGN,middle,274.7271
2015-09-07,XUA,NGN,sell,275.4262
2015-09-08,CHF,NGN,buy,200.3066
2015-09-08,CHF,NGN,middle,200.8176
2015-09-08,CHF,NGN,sell,201.3286
2015-09-08,CNY,NGN,buy,30.7746
2015-09-08,CNY,NGN,middle,30.8536
2015-09-08,CNY,NGN,sell,30.9325
2015-09-08,DKK,NGN,buy,29.3268
2015-09-08,DKK,NGN,middle,29.4016
2015-09-08,DKK,NGN,sell,29.4765
2015-09-08,EUR,NGN,buy,218.8928
2015-09-08,EUR,NGN,middle,219.4512
2015-09-08,EUR,NGN,sell,220.0096
2015-09-08,GBP,NGN,buy,302.0948
2015-09-08,GBP,NGN,middle,302.8655
2015-09-08,GBP,NGN,sell,303.6361
2015-09-08,JPY,NGN,buy,1.6342
2015-09-08,JPY,NGN,middle,1.6383
2015-09-08,JPY,NGN,sell,1.6425
2015-09-08,SAR,NGN,buy,52.2569
2015-09-08,SAR,NGN,middle,52.3902
2015-09-08,SAR,NGN,sell,52.5235
2015-09-08,USD,NGN,buy,196
2015-09-08,USD,NGN,middle,196.5
2015-09-08,USD,NGN,sell,197
2015-09-08,XDR,NGN,buy,275.0664
2015-09-08,XDR,NGN,middle,275.7681
2015-09-08,XDR,NGN,sell,276.4698
2015-09-08,XOF,NGN,buy,0.3137
2015-09-08,XOF,NGN,middle,0.3237
2015-09-08,XOF,NGN,sell,0.3337
2015-09-08,XUA,NGN,buy,274.0281
2015-09-08,XUA,NGN,middle,274.7271
2015-09-08,XUA,NGN,sell,275.4262
2015-09-09,CHF,NGN,buy,200.3885
2015-09-09,CHF,NGN,middle,200.8997
2015-09-09,CHF,NGN,sell,201.4109
2015-09-09,CNY,NGN,buy,30.7259
2015-09-09,CNY,NGN,middle,30.8047
2015-09-09,CNY,NGN,sell,30.8836
2015-09-09,DKK,NGN,buy,29.259
2015-09-09,DKK,NGN,middle,29.3336
2015-09-09,DKK,NGN,sell,29.4083
2015-09-09,EUR,NGN,buy,218.3636
2015-09-09,EUR,NGN,middle,218.9207
2015-09-09,EUR,NGN,sell,219.4777
2015-09-09,GBP,NGN,buy,300.958
2015-09-09,GBP,NGN,middle,301.7258
2015-09-09,GBP,NGN,sell,302.4935
2015-09-09,JPY,NGN,buy,1.6209
2015-09-09,JPY,NGN,middle,1.625
2015-09-09,JPY,NGN,sell,1.6292
2015-09-09,SAR,NGN,buy,52.2388
2015-09-09,SAR,NGN,middle,52.3721
2015-09-09,SAR,NGN,sell,52.5053
2015-09-09,USD,NGN,buy,196
2015-09-09,USD,NGN,middle,196.5
2015-09-09,USD,NGN,sell,197
2015-09-09,XDR,NGN,buy,274.89
2015-09-09,XDR,NGN,middle,275.5913
2015-09-09,XDR,NGN,sell,276.2925
2015-09-09,XOF,NGN,buy,0.3144
2015-09-09,XOF,NGN,middle,0.3244
2015-09-09,XOF,NGN,sell,0.3344
2015-09-09,XUA,NGN,buy,274.3605
2015-09-09,XUA,NGN,middle,275.0604
2015-09-09,XUA,NGN,sell,275.7603
2015-09-10,CHF,NGN,buy,200.6347
2015-09-10,CHF,NGN,middle,201.1465
2015-09-10,CHF,NGN,sell,201.6583
2015-09-10,CNY,NGN,buy,30.7326
2015-09-10,CNY,NGN,middle,30.8115
2015-09-10,CNY,NGN,sell,30.8903
2015-09-10,DKK,NGN,buy,29.4038
2015-09-10,DKK,NGN,middle,29.4788
2015-09-10,DKK,NGN,sell,29.5538
2015-09-10,EUR,NGN,buy,219.4416
2015-09-10,EUR,NGN,middle,220.0014
2015-09-10,EUR,NGN,sell,220.5612
2015-09-10,GBP,NGN,buy,301.7812
2015-09-10,GBP,NGN,middle,302.5511
2015-09-10,GBP,NGN,sell,303.3209
2015-09-10,JPY,NGN,buy,1.6186
2015-09-10,JPY,NGN,middle,1.6228
2015-09-10,JPY,NGN,sell,1.6269
2015-09-10,SAR,NGN,buy,52.2346
2015-09-10,SAR,NGN,middle,52.3679
2015-09-10,SAR,NGN,sell,52.5011
2015-09-10,USD,NGN,buy,196
2015-09-10,USD,NGN,middle,196.5
2015-09-10,USD,NGN,sell,197
2015-09-10,XDR,NGN,buy,275.184
2015-09-10,XDR,NGN,middle,275.886
2015-09-10,XDR,NGN,sell,276.588
2015-09-10,XOF,NGN,buy,0.3137
2015-09-10,XOF,NGN,middle,0.3237
2015-09-10,XOF,NGN,sell,0.3337
2015-09-10,XUA,NGN,buy,274.1845
2015-09-10,XUA,NGN,middle,274.8839
2015-09-10,XUA,NGN,sell,275.5834
2015-09-11,CHF,NGN,buy,200.491
2015-09-11,CHF,NGN,middle,201.0025
2015-09-11,CHF,NGN,sell,201.5139
2015-09-11,CNY,NGN,buy,30.737
2015-09-11,CNY,NGN,middle,30.8158
2015-09-11,CNY,NGN,sell,30.8947
2015-09-11,DKK,NGN,buy,29.6005
2015-09-11,DKK,NGN,middle,29.6761
2015-09-11,DKK,NGN,sell,29.7516
2015-09-11,EUR,NGN,buy,220.892
2015-09-11,EUR,NGN,middle,221.4555
2015-09-11,EUR,NGN,sell,222.019
2015-09-11,GBP,NGN,buy,302.134
2015-09-11,GBP,NGN,middle,302.9048
2015-09-11,GBP,NGN,sell,303.6755
2015-09-11,JPY,NGN,buy,1.6239
2015-09-11,JPY,NGN,middle,1.628
2015-09-11,JPY,NGN,sell,1.6321
2015-09-11,SAR,NGN,buy,52.2569
2015-09-11,SAR,NGN,middle,52.3902
2015-09-11,SAR,NGN,sell,52.5235
2015-09-11,USD,NGN,buy,196
2015-09-11,USD,NGN,middle,196.5
2015-09-11,USD,NGN,sell,197
2015-09-11,XDR,NGN,buy,275.9876
2015-09-11,XDR,NGN,middle,276.6917
2015-09-11,XDR,NGN,sell,277.3957
2015-09-11,XOF,NGN,buy,0.3151
2015-09-11,XOF,NGN,middle,0.3251
2015-09-11,XOF,NGN,sell,0.3351
2015-09-11,XUA,NGN,buy,274.4777
2015-09-11,XUA,NGN,middle,275.1779
2015-09-11,XUA,NGN,sell,275.8781
2015-09-14,CHF,NGN,buy,201.9369
2015-09-14,CHF,NGN,middle,202.4521
2015-09-14,CHF,NGN,sell,202.9672
2015-09-14,CNY,NGN,buy,30.7712
2015-09-14,CNY,NGN,middle,30.8502
2015-09-14,CNY,NGN,sell,30.9291
2015-09-14,DKK,NGN,buy,29.7389
2015-09-14,DKK,NGN,middle,29.8147
2015-09-14,DKK,NGN,sell,29.8906
2015-09-14,EUR,NGN,buy,221.9308
2015-09-14,EUR,NGN,middle,222.497
2015-09-14,EUR,NGN,sell,223.0631
2015-09-14,GBP,NGN,buy,301.9968
2015-09-14,GBP,NGN,middle,302.7672
2015-09-14,GBP,NGN,sell,303.5376
2015-09-14,JPY,NGN,buy,1.628
2015-09-14,JPY,NGN,middle,1.6322
2015-09-14,JPY,NGN,sell,1.6363
2015-09-14,SAR,NGN,buy,52.2458
2015-09-14,SAR,NGN,middle,52.379
2015-09-14,SAR,NGN,sell,52.5123
2015-09-14,USD,NGN,buy,196
2015-09-14,USD,NGN,middle,196.5
2015-09-14,USD,NGN,sell,197
2015-09-14,XDR,NGN,buy,276.4972
2015-09-14,XDR,NGN,middle,277.2026
2015-09-14,XDR,NGN,sell,277.9079
2015-09-14,XOF,NGN,buy,0.3175
2015-09-14,XOF,NGN,middle,0.3275
2015-09-14,XOF,NGN,sell,0.3375
2015-09-14,XUA,NGN,buy,275.2969
2015-09-14,XUA,NGN,middle,275.9992
2015-09-14,XUA,NGN,sell,276.7015
2015-09-15,CHF,NGN,buy,202.2286
2015-09-15,CHF,NGN,middle,202.7445
2015-09-15,CHF,NGN,sell,203.2604
2015-09-15,CNY,NGN,buy,30.7611
2015-09-15,CNY,NGN,middle,30.84
2015-09-15,CNY,NGN,sell,30.9189
2015-09-15,DKK,NGN,buy,29.7348
2015-09-15,DKK,NGN,middle,29.8107
2015-09-15,DKK,NGN,sell,29.8865
2015-09-15,EUR,NGN,buy,221.8916
2015-09-15,EUR,NGN,middle,222.4577
2015-09-15,EUR,NGN,sell,223.0237
2015-09-15,GBP,NGN,buy,302.1144
2015-09-15,GBP,NGN,middle,302.8851
2015-09-15,GBP,NGN,sell,303.6558
2015-09-15,JPY,NGN,buy,1.6384
2015-09-15,JPY,NGN,middle,1.6426
2015-09-15,JPY,NGN,sell,1.6467
2015-09-15,SAR,NGN,buy,52.2444
2015-09-15,SAR,NGN,middle,52.3777
2015-09-15,SAR,NGN,sell,52.5109
2015-09-15,USD,NGN,buy,196
2015-09-15,USD,NGN,middle,196.5
2015-09-15,USD,NGN,sell,197
2015-09-15,XDR,NGN,buy,276.458
2015-09-15,XDR,NGN,middle,277.1633
2015-09-15,XDR,NGN,sell,277.8685
2015-09-15,XOF,NGN,buy,0.3187
2015-09-15,XOF,NGN,middle,0.3287
2015-09-15,XOF,NGN,sell,0.3387
2015-09-15,XUA,NGN,buy,275.8032
2015-09-15,XUA,NGN,middle,276.5068
2015-09-15,XUA,NGN,sell,277.2104
2015-09-16,CHF,NGN,buy,201.0256
2015-09-16,CHF,NGN,middle,201.5385
2015-09-16,CHF,NGN,sell,202.0513
2015-09-16,CNY,NGN,buy,30.7567
2015-09-16,CNY,NGN,middle,30.8357
2015-09-16,CNY,NGN,sell,30.9146
2015-09-16,DKK,NGN,buy,29.4834
2015-09-16,DKK,NGN,middle,29.5587
2015-09-16,DKK,NGN,sell,29.6339
2015-09-16,EUR,NGN,buy,220.01
2015-09-16,EUR,NGN,middle,220.5713
2015-09-16,EUR,NGN,sell,221.1325
2015-09-16,GBP,NGN,buy,302.6828
2015-09-16,GBP,NGN,middle,303.455
2015-09-16,GBP,NGN,sell,304.2271
2015-09-16,JPY,NGN,buy,1.6256
2015-09-16,JPY,NGN,middle,1.6298
2015-09-16,JPY,NGN,sell,1.6339
2015-09-16,SAR,NGN,buy,52.243
2015-09-16,SAR,NGN,middle,52.3763
2015-09-16,SAR,NGN,sell,52.5095
2015-09-16,USD,NGN,buy,196
2015-09-16,USD,NGN,middle,196.5
2015-09-16,USD,NGN,sell,197
2015-09-16,XDR,NGN,buy,275.6544
2015-09-16,XDR,NGN,middle,276.3576
2015-09-16,XDR,NGN,sell,277.0608
2015-09-16,XOF,NGN,buy,0.3187
2015-09-16,XOF,NGN,middle,0.3287
2015-09-16,XOF,NGN,sell,0.3387
2015-09-16,XUA,NGN,buy,275.8032
2015-09-16,XUA,NGN,middle,276.5068
2015-09-16,XUA,NGN,sell,277.2104
2015-09-17,CHF,NGN,buy,202.3121
2015-09-17,CHF,NGN,middle,202.8282
2015-09-17,CHF,NGN,sell,203.3443
2015-09-17,CNY,NGN,buy,30.7804
2015-09-17,CNY,NGN,middle,30.8594
2015-09-17,CNY,NGN,sell,30.9384
2015-09-17,DKK,NGN,buy,29.7195
2015-09-17,DKK,NGN,middle,29.7953
2015-09-17,DKK,NGN,sell,29.8711
2015-09-17,EUR,NGN,buy,221.8328
2015-09-17,EUR,NGN,middle,222.3987
2015-09-17,EUR,NGN,sell,222.9646
2015-09-17,GBP,NGN,buy,304.2312
2015-09-17,GBP,NGN,middle,305.0073
2015-09-17,GBP,NGN,sell,305.7834
2015-09-17,JPY,NGN,buy,1.6212
2015-09-17,JPY,NGN,middle,1.6253
2015-09-17,JPY,NGN,sell,1.6294
2015-09-17,SAR,NGN,buy,52.2597
2015-09-17,SAR,NGN,middle,52.393
2015-09-17,SAR,NGN,sell,52.5263
2015-09-17,USD,NGN,buy,196
2015-09-17,USD,NGN,middle,196.5
2015-09-17,USD,NGN,sell,197
2015-09-17,XDR,NGN,buy,276.654
2015-09-17,XDR,NGN,middle,277.3598
2015-09-17,XDR,NGN,sell,278.0655
2015-09-17,XOF,NGN,buy,0.3187
2015-09-17,XOF,NGN,middle,0.3287
2015-09-17,XOF,NGN,sell,0.3387
2015-09-17,XUA,NGN,buy,275.8032
2015-09-17,XUA,NGN,middle,276.5068
2015-09-17,XUA,NGN,sell,277.2104
2015-09-18,CHF,NGN,buy,205.2141
2015-09-18,CHF,NGN,middle,205.7376
2015-09-18,CHF,NGN,sell,206.2611
2015-09-18,CNY,NGN,buy,30.7886
2015-09-18,CNY,NGN,middle,30.8676
2015-09-18,CNY,NGN,sell,30.9466
2015-09-18,DKK,NGN,buy,30.019
2015-09-18,DKK,NGN,middle,30.0956
2015-09-18,DKK,NGN,sell,30.1721
2015-09-18,EUR,NGN,buy,224.0084
2015-09-18,EUR,NGN,middle,224.5799
2015-09-18,EUR,NGN,sell,225.1513
2015-09-18,GBP,NGN,buy,306.3872
2015-09-18,GBP,NGN,middle,307.1688
2015-09-18,GBP,NGN,sell,307.9504
2015-09-18,JPY,NGN,buy,1.6436
2015-09-18,JPY,NGN,middle,1.6478
2015-09-18,JPY,NGN,sell,1.652
2015-09-18,SAR,NGN,buy,52.243
2015-09-18,SAR,NGN,middle,52.3763
2015-09-18,SAR,NGN,sell,52.5095
2015-09-18,USD,NGN,buy,196
2015-09-18,USD,NGN,middle,196.5
2015-09-18,USD,NGN,sell,197
2015-09-18,XDR,NGN,buy,277.9868
2015-09-18,XDR,NGN,middle,278.696
2015-09-18,XDR,NGN,sell,279.4051
2015-09-18,XOF,NGN,buy,0.3189
2015-09-18,XOF,NGN,middle,0.3289
2015-09-18,XOF,NGN,sell,0.3389
2015-09-18,XUA,NGN,buy,275.946
2015-09-18,XUA,NGN,middle,276.65
2015-09-18,XUA,NGN,sell,277.3539
2015-09-21,CHF,NGN,buy,201.9786
2015-09-21,CHF,NGN,middle,202.4938
2015-09-21,CHF,NGN,sell,203.0091
2015-09-21,CNY,NGN,buy,30.7654
2015-09-21,CNY,NGN,middle,30.8444
2015-09-21,CNY,NGN,sell,30.9233
2015-09-21,DKK,NGN,buy,29.5403
2015-09-21,DKK,NGN,middle,29.6157
2015-09-21,DKK,NGN,sell,29.691
2015-09-21,EUR,NGN,buy,220.4608
2015-09-21,EUR,NGN,middle,221.0232
2015-09-21,EUR,NGN,sell,221.5856
2015-09-21,GBP,NGN,buy,304.3292
2015-09-21,GBP,NGN,middle,305.1056
2015-09-21,GBP,NGN,sell,305.8819
2015-09-21,JPY,NGN,buy,1.627
2015-09-21,JPY,NGN,middle,1.6311
2015-09-21,JPY,NGN,sell,1.6353
2015-09-21,SAR,NGN,buy,52.2569
2015-09-21,SAR,NGN,middle,52.3902
2015-09-21,SAR,NGN,sell,52.5235
2015-09-21,USD,NGN,buy,196
2015-09-21,USD,NGN,middle,196.5
2015-09-21,USD,NGN,sell,197
2015-09-21,XDR,NGN,buy,276.3992
2015-09-21,XDR,NGN,middle,277.1043
2015-09-21,XDR,NGN,sell,277.8094
2015-09-21,XOF,NGN,buy,0.3221
2015-09-21,XOF,NGN,middle,0.3321
2015-09-21,XOF,NGN,sell,0.3421
2015-09-21,XUA,NGN,buy,277.2773
2015-09-21,XUA,NGN,middle,277.9847
2015-09-21,XUA,NGN,sell,278.692
2015-09-22,CHF,NGN,buy,201.3561
2015-09-22,CHF,NGN,middle,201.8697
2015-09-22,CHF,NGN,sell,202.3834
2015-09-22,CNY,NGN,buy,30.7346
2015-09-22,CNY,NGN,middle,30.8134
2015-09-22,CNY,NGN,sell,30.8923
2015-09-22,DKK,NGN,buy,29.3058
2015-09-22,DKK,NGN,middle,29.3805
2015-09-22,DKK,NGN,sell,29.4553
2015-09-22,EUR,NGN,buy,218.6576
2015-09-22,EUR,NGN,middle,219.2154
2015-09-22,EUR,NGN,sell,219.7732
2015-09-22,GBP,NGN,buy,302.6044
2015-09-22,GBP,NGN,middle,303.3764
2015-09-22,GBP,NGN,sell,304.1483
2015-09-22,JPY,NGN,buy,1.6344
2015-09-22,JPY,NGN,middle,1.6386
2015-09-22,JPY,NGN,sell,1.6428
2015-09-22,SAR,NGN,buy,52.2569
2015-09-22,SAR,NGN,middle,52.3902
2015-09-22,SAR,NGN,sell,52.5235
2015-09-22,USD,NGN,buy,196
2015-09-22,USD,NGN,middle,196.5
2015-09-22,USD,NGN,sell,197
2015-09-22,XDR,NGN,buy,275.2428
2015-09-22,XDR,NGN,middle,275.945
2015-09-22,XDR,NGN,sell,276.6471
2015-09-22,XOF,NGN,buy,0.317
2015-09-22,XOF,NGN,middle,0.327
2015-09-22,XOF,NGN,sell,0.337
2015-09-22,XUA,NGN,buy,275.6977
2015-09-22,XUA,NGN,middle,276.401
2015-09-22,XUA,NGN,sell,277.1043
2015-09-23,CHF,NGN,buy,200.7991
2015-09-23,CHF,NGN,middle,201.3113
2015-09-23,CHF,NGN,sell,201.8236
2015-09-23,CNY,NGN,buy,30.7018
2015-09-23,CNY,NGN,middle,30.7806
2015-09-23,CNY,NGN,sell,30.8594
2015-09-23,DKK,NGN,buy,29.3207
2015-09-23,DKK,NGN,middle,29.3955
2015-09-23,DKK,NGN,sell,29.4703
2015-09-23,EUR,NGN,buy,218.7752
2015-09-23,EUR,NGN,middle,219.3333
2015-09-23,EUR,NGN,sell,219.8914
2015-09-23,GBP,NGN,buy,299.8996
2015-09-23,GBP,NGN,middle,300.6647
2015-09-23,GBP,NGN,sell,301.4297
2015-09-23,JPY,NGN,buy,1.6308
2015-09-23,JPY,NGN,middle,1.6349
2015-09-23,JPY,NGN,sell,1.6391
2015-09-23,SAR,NGN,buy,52.2597
2015-09-23,SAR,NGN,middle,52.393
2015-09-23,SAR,NGN,sell,52.5263
2015-09-23,USD,NGN,buy,196
2015-09-23,USD,NGN,middle,196.5
2015-09-23,USD,NGN,sell,197
2015-09-23,XDR,NGN,buy,274.9292
2015-09-23,XDR,NGN,middle,275.6306
2015-09-23,XDR,NGN,sell,276.3319
2015-09-23,XOF,NGN,buy,0.3142
2015-09-23,XOF,NGN,middle,0.3242
2015-09-23,XOF,NGN,sell,0.3342
2015-09-23,XUA,NGN,buy,274.5442
2015-09-23,XUA,NGN,middle,275.2445
2015-09-23,XUA,NGN,sell,275.9449
2015-09-28,CHF,NGN,buy,200.1225
2015-09-28,CHF,NGN,middle,200.633
2015-09-28,CHF,NGN,sell,201.1436
2015-09-28,CNY,NGN,buy,30.7732
2015-09-28,CNY,NGN,middle,30.8521
2015-09-28,CNY,NGN,sell,30.9311
2015-09-28,DKK,NGN,buy,29.3453
2015-09-28,DKK,NGN,middle,29.4201
2015-09-28,DKK,NGN,sell,29.495
2015-09-28,EUR,NGN,buy,218.932
2015-09-28,EUR,NGN,middle,219.4905
2015-09-28,EUR,NGN,sell,220.049
2015-09-28,GBP,NGN,buy,297.6456
2015-09-28,GBP,NGN,middle,298.4049
2015-09-28,GBP,NGN,sell,299.1642
2015-09-28,JPY,NGN,buy,1.6322
2015-09-28,JPY,NGN,middle,1.6364
2015-09-28,JPY,NGN,sell,1.6406
2015-09-28,SAR,NGN,buy,52.2597
2015-09-28,SAR,NGN,middle,52.393
2015-09-28,SAR,NGN,sell,52.5263
2015-09-28,USD,NGN,buy,196
2015-09-28,USD,NGN,middle,196.5
2015-09-28,USD,NGN,sell,197
2015-09-28,XDR,NGN,buy,274.8312
2015-09-28,XDR,NGN,middle,275.5323
2015-09-28,XDR,NGN,sell,276.2334
2015-09-28,XOF,NGN,buy,0.314
2015-09-28,XOF,NGN,middle,0.324
2015-09-28,XOF,NGN,sell,0.334
2015-09-28,XUA,NGN,buy,274.0086
2015-09-28,XUA,NGN,middle,274.7076
2015-09-28,XUA,NGN,sell,275.4066
2015-09-29,CHF,NGN,buy,201.3354
2015-09-29,CHF,NGN,middle,201.849
2015-09-29,CHF,NGN,sell,202.3626
2015-09-29,CNY,NGN,buy,30.792
2015-09-29,CNY,NGN,middle,30.871
2015-09-29,CNY,NGN,sell,30.95
2015-09-29,DKK,NGN,buy,29.4453
2015-09-29,DKK,NGN,middle,29.5205
2015-09-29,DKK,NGN,sell,29.5956
2015-09-29,EUR,NGN,buy,219.7552
2015-09-29,EUR,NGN,middle,220.3158
2015-09-29,EUR,NGN,sell,220.8764
2015-09-29,GBP,NGN,buy,296.9596
2015-09-29,GBP,NGN,middle,297.7172
2015-09-29,GBP,NGN,sell,298.4747
2015-09-29,JPY,NGN,buy,1.634
2015-09-29,JPY,NGN,middle,1.6382
2015-09-29,JPY,NGN,sell,1.6424
2015-09-29,SAR,NGN,buy,52.243
2015-09-29,SAR,NGN,middle,52.3763
2015-09-29,SAR,NGN,sell,52.5095
2015-09-29,USD,NGN,buy,196
2015-09-29,USD,NGN,middle,196.5
2015-09-29,USD,NGN,sell,197
2015-09-29,XDR,NGN,buy,275.3212
2015-09-29,XDR,NGN,middle,276.0236
2015-09-29,XDR,NGN,sell,276.7259
2015-09-29,XOF,NGN,buy,0.3146
2015-09-29,XOF,NGN,middle,0.3246
2015-09-29,XOF,NGN,sell,0.3346
2015-09-29,XUA,NGN,buy,274.1356
2015-09-29,XUA,NGN,middle,274.835
2015-09-29,XUA,NGN,sell,275.5343
2015-09-30,CHF,NGN,buy,201.0775
2015-09-30,CHF,NGN,middle,201.5906
2015-09-30,CHF,NGN,sell,202.1036
2015-09-30,CNY,NGN,buy,30.8156
2015-09-30,CNY,NGN,middle,30.8947
2015-09-30,CNY,NGN,sell,30.9738
2015-09-30,DKK,NGN,buy,29.4374
2015-09-30,DKK,NGN,middle,29.5125
2015-09-30,DKK,NGN,sell,29.5876
2015-09-30,EUR,NGN,buy,219.6404
2015-09-30,EUR,NGN,middle,220.2008
2015-09-30,EUR,NGN,sell,220.7613
2015-09-30,GBP,NGN,buy,297.4129
2015-09-30,GBP,NGN,middle,298.1718
2015-09-30,GBP,NGN,sell,298.9307
2015-09-30,JPY,NGN,buy,1.6294
2015-09-30,JPY,NGN,middle,1.6335
2015-09-30,JPY,NGN,sell,1.6377
2015-09-30,SAR,NGN,buy,52.2464
2015-09-30,SAR,NGN,middle,52.3797
2015-09-30,SAR,NGN,sell,52.513
2015-09-30,USD,NGN,buy,195.95
2015-09-30,USD,NGN,middle,196.45
2015-09-30,USD,NGN,sell,196.95
2015-09-30,XDR,NGN,buy,275.055
2015-09-30,XDR,NGN,middle,275.7569
2015-09-30,XDR,NGN,sell,276.4587
2015-09-30,XOF,NGN,buy,0.3156
2015-09-30,XOF,NGN,middle,0.3256
2015-09-30,XOF,NGN,sell,0.3356
2015-09-30,XUA,NGN,buy,274.6319
2015-09-30,XUA,NGN,middle,275.3326
2015-09-30,XUA,NGN,sell,276.0334
2015-10-02,CHF,NGN,buy,200.1532
2015-10-02,CHF,NGN,middle,200.6639
2015-10-02,CHF,NGN,sell,201.1747
2015-10-02,CNY,NGN,buy,30.8273
2015-10-02,CNY,NGN,middle,30.9064
2015-10-02,CNY,NGN,sell,30.9855
2015-10-02,DKK,NGN,buy,29.2974
2015-10-02,DKK,NGN,middle,29.3722
2015-10-02,DKK,NGN,sell,29.4469
2015-10-02,EUR,NGN,buy,218.6018
2015-10-02,EUR,NGN,middle,219.1596
2015-10-02,EUR,NGN,sell,219.7174
2015-10-02,GBP,NGN,buy,297.0602
2015-10-02,GBP,NGN,middle,297.8182
2015-10-02,GBP,NGN,sell,298.5762
2015-10-02,JPY,NGN,buy,1.6287
2015-10-02,JPY,NGN,middle,1.6329
2015-10-02,JPY,NGN,sell,1.637
2015-10-02,SAR,NGN,buy,52.2464
2015-10-02,SAR,NGN,middle,52.3797
2015-10-02,SAR,NGN,sell,52.513
2015-10-02,USD,NGN,buy,195.95
2015-10-02,USD,NGN,middle,196.45
2015-10-02,USD,NGN,sell,196.95
2015-10-02,XDR,NGN,buy,274.5064
2015-10-02,XDR,NGN,middle,275.2068
2015-10-02,XDR,NGN,sell,275.9073
2015-10-02,XOF,NGN,buy,0.3141
2015-10-02,XOF,NGN,middle,0.3241
2015-10-02,XOF,NGN,sell,0.3341
2015-10-02,XUA,NGN,buy,273.7638
2015-10-02,XUA,NGN,middle,274.4623
2015-10-02,XUA,NGN,sell,275.1609
2015-10-05,CHF,NGN,buy,201.1288
2015-10-05,CHF,NGN,middle,201.6419
2015-10-05,CHF,NGN,sell,202.155
2015-10-05,CNY,NGN,buy,30.8351
2015-10-05,CNY,NGN,middle,30.9142
2015-10-05,CNY,NGN,sell,30.9934
2015-10-05,DKK,NGN,buy,29.5065
2015-10-05,DKK,NGN,middle,29.5818
2015-10-05,DKK,NGN,sell,29.6571
2015-10-05,EUR,NGN,buy,220.1668
2015-10-05,EUR,NGN,middle,220.7285
2015-10-05,EUR,NGN,sell,221.2901
2015-10-05,GBP,NGN,buy,297.6848
2015-10-05,GBP,NGN,middle,298.4442
2015-10-05,GBP,NGN,sell,299.2036
2015-10-05,JPY,NGN,buy,1.6298
2015-10-05,JPY,NGN,middle,1.634
2015-10-05,JPY,NGN,sell,1.6381
2015-10-05,SAR,NGN,buy,52.2611
2015-10-05,SAR,NGN,middle,52.3944
2015-10-05,SAR,NGN,sell,52.5277
2015-10-05,USD,NGN,buy,196
2015-10-05,USD,NGN,middle,196.5
2015-10-05,USD,NGN,sell,197
2015-10-05,XDR,NGN,buy,275.3408
2015-10-05,XDR,NGN,middle,276.0432
2015-10-05,XDR,NGN,sell,276.7456
2015-10-05,XOF,NGN,buy,0.3143
2015-10-05,XOF,NGN,middle,0.3243
2015-10-05,XOF,NGN,sell,0.3343
2015-10-05,XUA,NGN,buy,273.8912
2015-10-05,XUA,NGN,middle,274.5899
2015-10-05,XUA,NGN,sell,275.2886
2015-10-06,CHF,NGN,buy,201.1494
2015-10-06,CHF,NGN,middle,201.6626
2015-10-06,CHF,NGN,sell,202.1757
2015-10-06,CNY,NGN,buy,30.8351
2015-10-06,CNY,NGN,middle,30.9142
2015-10-06,CNY,NGN,sell,30.9934
2015-10-06,DKK,NGN,buy,29.483
2015-10-06,DKK,NGN,middle,29.5582
2015-10-06,DKK,NGN,sell,29.6334
2015-10-06,EUR,NGN,buy,220.01
2015-10-06,EUR,NGN,middle,220.5713
2015-10-06,EUR,NGN,sell,221.1325
2015-10-06,GBP,NGN,buy,297.4104
2015-10-06,GBP,NGN,middle,298.1691
2015-10-06,GBP,NGN,sell,298.9278
2015-10-06,JPY,NGN,buy,1.6287
2015-10-06,JPY,NGN,middle,1.6329
2015-10-06,JPY,NGN,sell,1.637
2015-10-06,SAR,NGN,buy,52.2611
2015-10-06,SAR,NGN,middle,52.3944
2015-10-06,SAR,NGN,sell,52.5277
2015-10-06,USD,NGN,buy,196
2015-10-06,USD,NGN,middle,196.5
2015-10-06,USD,NGN,sell,197
2015-10-06,XDR,NGN,buy,275.0468
2015-10-06,XDR,NGN,middle,275.7485
2015-10-06,XDR,NGN,sell,276.4501
2015-10-06,XOF,NGN,buy,0.3166
2015-10-06,XOF,NGN,middle,0.3266
2015-10-06,XOF,NGN,sell,0.3366
2015-10-06,XUA,NGN,buy,274.6556
2015-10-06,XUA,NGN,middle,275.3562
2015-10-06,XUA,NGN,sell,276.0569
2015-10-07,CHF,NGN,buy,202.8146
2015-10-07,CHF,NGN,middle,203.332
2015-10-07,CHF,NGN,sell,203.8493
2015-10-07,CNY,NGN,buy,30.8351
2015-10-07,CNY,NGN,middle,30.9142
2015-10-07,CNY,NGN,sell,30.9934
2015-10-07,DKK,NGN,buy,29.5858
2015-10-07,DKK,NGN,middle,29.6613
2015-10-07,DKK,NGN,sell,29.7367
2015-10-07,EUR,NGN,buy,220.8136
2015-10-07,EUR,NGN,middle,221.3769
2015-10-07,EUR,NGN,sell,221.9402
2015-10-07,GBP,NGN,buy,300.0368
2015-10-07,GBP,NGN,middle,300.8022
2015-10-07,GBP,NGN,sell,301.5676
2015-10-07,JPY,NGN,buy,1.6313
2015-10-07,JPY,NGN,middle,1.6355
2015-10-07,JPY,NGN,sell,1.6396
2015-10-07,SAR,NGN,buy,52.2625
2015-10-07,SAR,NGN,middle,52.3958
2015-10-07,SAR,NGN,sell,52.5291
2015-10-07,USD,NGN,buy,196
2015-10-07,USD,NGN,middle,196.5
2015-10-07,USD,NGN,sell,197
2015-10-07,XDR,NGN,buy,275.7328
2015-10-07,XDR,NGN,middle,276.4362
2015-10-07,XDR,NGN,sell,277.1396
2015-10-07,XOF,NGN,buy,0.3162
2015-10-07,XOF,NGN,middle,0.3262
2015-10-07,XOF,NGN,sell,0.3362
2015-10-07,XUA,NGN,buy,274.3448
2015-10-07,XUA,NGN,middle,275.0446
2015-10-07,XUA,NGN,sell,275.7445
2015-10-08,CHF,NGN,buy,202.0202
2015-10-08,CHF,NGN,middle,202.5356
2015-10-08,CHF,NGN,sell,203.0509
2015-10-08,CNY,NGN,buy,30.8458
2015-10-08,CNY,NGN,middle,30.925
2015-10-08,CNY,NGN,sell,31.0041
2015-10-08,DKK,NGN,buy,29.6207
2015-10-08,DKK,NGN,middle,29.6962
2015-10-08,DKK,NGN,sell,29.7718
2015-10-08,EUR,NGN,buy,221.0488
2015-10-08,EUR,NGN,middle,221.6127
2015-10-08,EUR,NGN,sell,222.1966
2015-10-08,GBP,NGN,buy,299.6644
2015-10-08,GBP,NGN,middle,300.4289
2015-10-08,GBP,NGN,sell,301.1933
2015-10-08,JPY,NGN,buy,1.6351
2015-10-08,JPY,NGN,middle,1.6393
2015-10-08,JPY,NGN,sell,1.6434
2015-10-08,SAR,NGN,buy,52.2625
2015-10-08,SAR,NGN,middle,52.3958
2015-10-08,SAR,NGN,sell,52.5291
2015-10-08,USD,NGN,buy,196
2015-10-08,USD,NGN,middle,196.5
2015-10-08,USD,NGN,sell,197
2015-10-08,XDR,NGN,buy,276.164
2015-10-08,XDR,NGN,middle,276.8685
2015-10-08,XDR,NGN,sell,277.573
2015-10-08,XOF,NGN,buy,0.3175
2015-10-08,XOF,NGN,middle,0.3275
2015-10-08,XOF,NGN,sell,0.3375
2015-10-08,XUA,NGN,buy,275.0506
2015-10-08,XUA,NGN,middle,275.7522
2015-10-08,XUA,NGN,sell,276.4539
2015-10-09,CHF,NGN,buy,203.9542
2015-10-09,CHF,NGN,middle,204.4745
2015-10-09,CHF,NGN,sell,204.9948
2015-10-09,CNY,NGN,buy,30.8871
2015-10-09,CNY,NGN,middle,30.9664
2015-10-09,CNY,NGN,sell,31.0456
2015-10-09,DKK,NGN,buy,29.8503
2015-10-09,DKK,NGN,middle,29.9264
2015-10-09,DKK,NGN,sell,30.0026
2015-10-09,EUR,NGN,buy,222.7148
2015-10-09,EUR,NGN,middle,223.283
2015-10-09,EUR,NGN,sell,223.8511
2015-10-09,GBP,NGN,buy,300.664
2015-10-09,GBP,NGN,middle,301.431
2015-10-09,GBP,NGN,sell,302.198
2015-10-09,JPY,NGN,buy,1.6289
2015-10-09,JPY,NGN,middle,1.633
2015-10-09,JPY,NGN,sell,1.6372
2015-10-09,SAR,NGN,buy,52.2611
2015-10-09,SAR,NGN,middle,52.3944
2015-10-09,SAR,NGN,sell,52.5277
2015-10-09,USD,NGN,buy,196
2015-10-09,USD,NGN,middle,196.5
2015-10-09,USD,NGN,sell,197
2015-10-09,XDR,NGN,buy,276.7128
2015-10-09,XDR,NGN,middle,277.4187
2015-10-09,XDR,NGN,sell,278.1246
2015-10-09,XOF,NGN,buy,0.3171
2015-10-09,XOF,NGN,middle,0.3271
2015-10-09,XOF,NGN,sell,0.3371
2015-10-09,XUA,NGN,buy,275.4689
2015-10-09,XUA,NGN,middle,276.1717
2015-10-09,XUA,NGN,sell,276.8744
2015-10-12,CHF,NGN,buy,204.0183
2015-10-12,CHF,NGN,middle,204.5388
2015-10-12,CHF,NGN,sell,205.0593
2015-10-12,CNY,NGN,buy,30.9841
2015-10-12,CNY,NGN,middle,31.0636
2015-10-12,CNY,NGN,sell,31.1431
2015-10-12,DKK,NGN,buy,29.8832
2015-10-12,DKK,NGN,middle,29.9594
2015-10-12,DKK,NGN,sell,30.0357
2015-10-12,EUR,NGN,buy,222.9468
2015-10-12,EUR,NGN,middle,223.5156
2015-10-12,EUR,NGN,sell,224.0844
2015-10-12,GBP,NGN,buy,301.2213
2015-10-12,GBP,NGN,middle,301.9898
2015-10-12,GBP,NGN,sell,302.7583
2015-10-12,JPY,NGN,buy,1.6314
2015-10-12,JPY,NGN,middle,1.6356
2015-10-12,JPY,NGN,sell,1.6397
2015-10-12,SAR,NGN,buy,52.2404
2015-10-12,SAR,NGN,middle,52.3737
2015-10-12,SAR,NGN,sell,52.507
2015-10-12,USD,NGN,buy,195.98
2015-10-12,USD,NGN,middle,196.48
2015-10-12,USD,NGN,sell,196.98
2015-10-12,XDR,NGN,buy,276.6258
2015-10-12,XDR,NGN,middle,277.3315
2015-10-12,XDR,NGN,sell,278.0373
2015-10-12,XOF,NGN,buy,0.3204
2015-10-12,XOF,NGN,middle,0.3304
2015-10-12,XOF,NGN,sell,0.3404
2015-10-12,XUA,NGN,buy,275.9459
2015-10-12,XUA,NGN,middle,276.6499
2015-10-12,XUA,NGN,sell,277.3539
2015-10-13,CHF,NGN,buy,204.1458
2015-10-13,CHF,NGN,middle,204.6667
2015-10-13,CHF,NGN,sell,205.1875
2015-10-13,CNY,NGN,buy,30.8966
2015-10-13,CNY,NGN,middle,30.9759
2015-10-13,CNY,NGN,sell,31.0552
2015-10-13,DKK,NGN,buy,29.8768
2015-10-13,DKK,NGN,middle,29.953
2015-10-13,DKK,NGN,sell,30.0293
2015-10-13,EUR,NGN,buy,222.9664
2015-10-13,EUR,NGN,middle,223.5353
2015-10-13,EUR,NGN,sell,224.1041
2015-10-13,GBP,NGN,buy,298.2228
2015-10-13,GBP,NGN,middle,298.9836
2015-10-13,GBP,NGN,sell,299.7445
2015-10-13,JPY,NGN,buy,1.6368
2015-10-13,JPY,NGN,middle,1.641
2015-10-13,JPY,NGN,sell,1.6452
2015-10-13,SAR,NGN,buy,52.239
2015-10-13,SAR,NGN,middle,52.3723
2015-10-13,SAR,NGN,sell,52.5056
2015-10-13,USD,NGN,buy,195.98
2015-10-13,USD,NGN,middle,196.48
2015-10-13,USD,NGN,sell,196.98
2015-10-13,XDR,NGN,buy,276.6454
2015-10-13,XDR,NGN,middle,277.3512
2015-10-13,XDR,NGN,sell,278.057
2015-10-13,XOF,NGN,buy,0.3203
2015-10-13,XOF,NGN,middle,0.3303
2015-10-13,XOF,NGN,sell,0.3403
2015-10-13,XUA,NGN,buy,275.9177
2015-10-13,XUA,NGN,middle,276.6217
2015-10-13,XUA,NGN,sell,277.3256
2015-10-14,CHF,NGN,buy,205
2015-10-14,CHF,NGN,middle,205.523
2015-10-14,CHF,NGN,sell,206.046
2015-10-14,CNY,NGN,buy,30.866
2015-10-14,CNY,NGN,middle,30.9452
2015-10-14,CNY,NGN,sell,31.0244
2015-10-14,DKK,NGN,buy,29.9632
2015-10-14,DKK,NGN,middle,30.0396
2015-10-14,DKK,NGN,sell,30.116
2015-10-14,EUR,NGN,buy,223.574
2015-10-14,EUR,NGN,middle,224.1444
2015-10-14,EUR,NGN,sell,224.7148
2015-10-14,GBP,NGN,buy,301.378
2015-10-14,GBP,NGN,middle,302.1469
2015-10-14,GBP,NGN,sell,302.9158
2015-10-14,JPY,NGN,buy,1.6388
2015-10-14,JPY,NGN,middle,1.6429
2015-10-14,JPY,NGN,sell,1.6471
2015-10-14,SAR,NGN,buy,52.2432
2015-10-14,SAR,NGN,middle,52.3765
2015-10-14,SAR,NGN,sell,52.5098
2015-10-14,USD,NGN,buy,195.98
2015-10-14,USD,NGN,middle,196.48
2015-10-14,USD,NGN,sell,196.98
2015-10-14,XDR,NGN,buy,277.1549
2015-10-14,XDR,NGN,middle,277.862
2015-10-14,XDR,NGN,sell,278.5691
2015-10-14,XOF,NGN,buy,0.3207
2015-10-14,XOF,NGN,middle,0.3307
2015-10-14,XOF,NGN,sell,0.3407
2015-10-14,XUA,NGN,buy,275.9471
2015-10-14,XUA,NGN,middle,276.6511
2015-10-14,XUA,NGN,sell,277.3551
2015-10-15,CHF,NGN,buy,206.1856
2015-10-15,CHF,NGN,middle,206.7116
2015-10-15,CHF,NGN,sell,207.2375
2015-10-15,CNY,NGN,buy,30.8823
2015-10-15,CNY,NGN,middle,30.9615
2015-10-15,CNY,NGN,sell,31.0407
2015-10-15,DKK,NGN,buy,30.0452
2015-10-15,DKK,NGN,middle,30.1219
2015-10-15,DKK,NGN,sell,30.1985
2015-10-15,EUR,NGN,buy,224.1652
2015-10-15,EUR,NGN,middle,224.7371
2015-10-15,EUR,NGN,sell,225.3089
2015-10-15,GBP,NGN,buy,303.3688
2015-10-15,GBP,NGN,middle,304.1427
2015-10-15,GBP,NGN,sell,304.9166
2015-10-15,JPY,NGN,buy,1.6579
2015-10-15,JPY,NGN,middle,1.6622
2015-10-15,JPY,NGN,sell,1.6664
2015-10-15,SAR,NGN,buy,52.243
2015-10-15,SAR,NGN,middle,52.3763
2015-10-15,SAR,NGN,sell,52.5095
2015-10-15,USD,NGN,buy,196
2015-10-15,USD,NGN,middle,196.5
2015-10-15,USD,NGN,sell,197
2015-10-15,XDR,NGN,buy,277.9084
2015-10-15,XDR,NGN,middle,278.6174
2015-10-15,XDR,NGN,sell,279.3263
2015-10-15,XOF,NGN,buy,0.3218
2015-10-15,XOF,NGN,middle,0.3318
2015-10-15,XOF,NGN,sell,0.3418
2015-10-15,XUA,NGN,buy,276.4495
2015-10-15,XUA,NGN,middle,277.1548
2015-10-15,XUA,NGN,sell,277.86
2015-10-16,CHF,NGN,buy,205.8824
2015-10-16,CHF,NGN,middle,206.4076
2015-10-16,CHF,NGN,sell,206.9328
2015-10-16,CNY,NGN,buy,30.8516
2015-10-16,CNY,NGN,middle,30.9308
2015-10-16,CNY,NGN,sell,31.0099
2015-10-16,DKK,NGN,buy,29.8271
2015-10-16,DKK,NGN,middle,29.9032
2015-10-16,DKK,NGN,sell,29.9793
2015-10-16,EUR,NGN,buy,222.4992
2015-10-16,EUR,NGN,middle,223.0668
2015-10-16,EUR,NGN,sell,223.6344
2015-10-16,GBP,NGN,buy,302.6828
2015-10-16,GBP,NGN,middle,303.455
2015-10-16,GBP,NGN,sell,304.2271
2015-10-16,JPY,NGN,buy,1.6468
2015-10-16,JPY,NGN,middle,1.651
2015-10-16,JPY,NGN,sell,1.6552
2015-10-16,SAR,NGN,buy,52.2611
2015-10-16,SAR,NGN,middle,52.3944
2015-10-16,SAR,NGN,sell,52.5277
2015-10-16,USD,NGN,buy,196
2015-10-16,USD,NGN,middle,196.5
2015-10-16,USD,NGN,sell,197
2015-10-16,XDR,NGN,buy,276.9284
2015-10-16,XDR,NGN,middle,277.6349
2015-10-16,XDR,NGN,sell,278.3413
2015-10-16,XOF,NGN,buy,0.3218
2015-10-16,XOF,NGN,middle,0.3318
2015-10-16,XOF,NGN,sell,0.3418
2015-10-16,XUA,NGN,buy,276.4495
2015-10-16,XUA,NGN,middle,277.1548
2015-10-16,XUA,NGN,sell,277.86
2015-10-19,CHF,NGN,buy,205.1497
2015-10-19,CHF,NGN,middle,205.673
2015-10-19,CHF,NGN,sell,206.1964
2015-10-19,CNY,NGN,buy,30.8114
2015-10-19,CNY,NGN,middle,30.8904
2015-10-19,CNY,NGN,sell,30.9695
2015-10-19,DKK,NGN,buy,29.7768
2015-10-19,DKK,NGN,middle,29.8528
2015-10-19,DKK,NGN,sell,29.9287
2015-10-19,EUR,NGN,buy,222.1464
2015-10-19,EUR,NGN,middle,222.7131
2015-10-19,EUR,NGN,sell,223.2798
2015-10-19,GBP,NGN,buy,303.5256
2015-10-19,GBP,NGN,middle,304.2999
2015-10-19,GBP,NGN,sell,305.0742
2015-10-19,JPY,NGN,buy,1.6417
2015-10-19,JPY,NGN,middle,1.6459
2015-10-19,JPY,NGN,sell,1.6501
2015-10-19,SAR,NGN,buy,52.2513
2015-10-19,SAR,NGN,middle,52.3846
2015-10-19,SAR,NGN,sell,52.5179
2015-10-19,USD,NGN,buy,196
2015-10-19,USD,NGN,middle,196.5
2015-10-19,USD,NGN,sell,197
2015-10-19,XDR,NGN,buy,276.7912
2015-10-19,XDR,NGN,middle,277.4973
2015-10-19,XDR,NGN,sell,278.2034
2015-10-19,XOF,NGN,buy,0.3203
2015-10-19,XOF,NGN,middle,0.3303
2015-10-19,XOF,NGN,sell,0.3403
2015-10-19,XUA,NGN,buy,276.2072
2015-10-19,XUA,NGN,middle,276.9118
2015-10-19,XUA,NGN,sell,277.6164
2015-10-20,CHF,NGN,buy,205.8613
2015-10-20,CHF,NGN,middle,206.3866
2015-10-20,CHF,NGN,sell,206.9118
2015-10-20,CNY,NGN,buy,30.8679
2015-10-20,CNY,NGN,middle,30.9471
2015-10-20,CNY,NGN,sell,31.0263
2015-10-20,DKK,NGN,buy,29.8623
2015-10-20,DKK,NGN,middle,29.9384
2015-10-20,DKK,NGN,sell,30.0146
2015-10-20,EUR,NGN,buy,222.8097
2015-10-20,EUR,NGN,middle,223.3781
2015-10-20,EUR,NGN,sell,223.9466
2015-10-20,GBP,NGN,buy,303.2007
2015-10-20,GBP,NGN,middle,303.9742
2015-10-20,GBP,NGN,sell,304.7478
2015-10-20,JPY,NGN,buy,1.6368
2015-10-20,JPY,NGN,middle,1.641
2015-10-20,JPY,NGN,sell,1.6452
2015-10-20,SAR,NGN,buy,52.239
2015-10-20,SAR,NGN,middle,52.3723
2015-10-20,SAR,NGN,sell,52.5056
2015-10-20,USD,NGN,buy,195.98
2015-10-20,USD,NGN,middle,196.48
2015-10-20,USD,NGN,sell,196.98
2015-10-20,XDR,NGN,buy,277.1941
2015-10-20,XDR,NGN,middle,277.9013
2015-10-20,XDR,NGN,sell,278.6085
2015-10-20,XOF,NGN,buy,0.3195
2015-10-20,XOF,NGN,middle,0.3295
2015-10-20,XOF,NGN,sell,0.3395
2015-10-20,XUA,NGN,buy,276.0565
2015-10-20,XUA,NGN,middle,276.7608
2015-10-20,XUA,NGN,sell,277.4651
2015-10-21,CHF,NGN,buy,204.6575
2015-10-21,CHF,NGN,middle,205.1796
2015-10-21,CHF,NGN,sell,205.7018
2015-10-21,CNY,NGN,buy,30.8626
2015-10-21,CNY,NGN,middle,30.9418
2015-10-21,CNY,NGN,sell,31.021
2015-10-21,DKK,NGN,buy,29.8218
2015-10-21,DKK,NGN,middle,29.8979
2015-10-21,DKK,NGN,sell,29.974
2015-10-21,EUR,NGN,buy,222.5157
2015-10-21,EUR,NGN,middle,223.0834
2015-10-21,EUR,NGN,sell,223.6511
2015-10-21,GBP,NGN,buy,302.8479
2015-10-21,GBP,NGN,middle,303.6205
2015-10-21,GBP,NGN,sell,304.3932
2015-10-21,JPY,NGN,buy,1.6322
2015-10-21,JPY,NGN,middle,1.6364
2015-10-21,JPY,NGN,sell,1.6405
2015-10-21,SAR,NGN,buy,52.2599
2015-10-21,SAR,NGN,middle,52.3933
2015-10-21,SAR,NGN,sell,52.5266
2015-10-21,USD,NGN,buy,195.98
2015-10-21,USD,NGN,middle,196.48
2015-10-21,USD,NGN,sell,196.98
2015-10-21,XDR,NGN,buy,276.8805
2015-10-21,XDR,NGN,middle,277.5869
2015-10-21,XDR,NGN,sell,278.2933
2015-10-21,XOF,NGN,buy,0.3207
2015-10-21,XOF,NGN,middle,0.3307
2015-10-21,XOF,NGN,sell,0.3407
2015-10-21,XUA,NGN,buy,276.4944
2015-10-21,XUA,NGN,middle,277.1998
2015-10-21,XUA,NGN,sell,277.9052
2015-10-22,CHF,NGN,buy,203.6364
2015-10-22,CHF,NGN,middle,204.1558
2015-10-22,CHF,NGN,sell,204.6753
2015-10-22,CNY,NGN,buy,30.8249
2015-10-22,CNY,NGN,middle,30.904
2015-10-22,CNY,NGN,sell,30.9831
2015-10-22,DKK,NGN,buy,29.7479
2015-10-22,DKK,NGN,middle,29.8238
2015-10-22,DKK,NGN,sell,29.8997
2015-10-22,EUR,NGN,buy,221.97
2015-10-22,EUR,NGN,middle,222.5363
2015-10-22,EUR,NGN,sell,223.1025
2015-10-22,GBP,NGN,buy,303.1924
2015-10-22,GBP,NGN,middle,303.9659
2015-10-22,GBP,NGN,sell,304.7393
2015-10-22,JPY,NGN,buy,1.6363
2015-10-22,JPY,NGN,middle,1.6405
2015-10-22,JPY,NGN,sell,1.6447
2015-10-22,SAR,NGN,buy,52.2625
2015-10-22,SAR,NGN,middle,52.3958
2015-10-22,SAR,NGN,sell,52.5291
2015-10-22,USD,NGN,buy,196
2015-10-22,USD,NGN,middle,196.5
2015-10-22,USD,NGN,sell,197
2015-10-22,XDR,NGN,buy,276.654
2015-10-22,XDR,NGN,middle,277.3598
2015-10-22,XDR,NGN,sell,278.0655
2015-10-22,XOF,NGN,buy,0.3201
2015-10-22,XOF,NGN,middle,0.3301
2015-10-22,XOF,NGN,sell,0.3401
2015-10-22,XUA,NGN,buy,276.1837
2015-10-22,XUA,NGN,middle,276.8882
2015-10-22,XUA,NGN,sell,277.5928
2015-10-23,CHF,NGN,buy,201.1701
2015-10-23,CHF,NGN,middle,201.6833
2015-10-23,CHF,NGN,sell,202.1964
2015-10-23,CNY,NGN,buy,30.8686
2015-10-23,CNY,NGN,middle,30.9478
2015-10-23,CNY,NGN,sell,31.027
2015-10-23,DKK,NGN,buy,29.1389
2015-10-23,DKK,NGN,middle,29.2132
2015-10-23,DKK,NGN,sell,29.2876
2015-10-23,EUR,NGN,buy,217.4228
2015-10-23,EUR,NGN,middle,217.9775
2015-10-23,EUR,NGN,sell,218.5321
2015-10-23,GBP,NGN,buy,302.1144
2015-10-23,GBP,NGN,middle,302.8851
2015-10-23,GBP,NGN,sell,303.6558
2015-10-23,JPY,NGN,buy,1.6236
2015-10-23,JPY,NGN,middle,1.6277
2015-10-23,JPY,NGN,sell,1.6319
2015-10-23,SAR,NGN,buy,52.2625
2015-10-23,SAR,NGN,middle,52.3958
2015-10-23,SAR,NGN,sell,52.5291
2015-10-23,USD,NGN,buy,196
2015-10-23,USD,NGN,middle,196.5
2015-10-23,USD,NGN,sell,197
2015-10-23,XDR,NGN,buy,274.4784
2015-10-23,XDR,NGN,middle,275.1786
2015-10-23,XDR,NGN,sell,275.8788
2015-10-23,XOF,NGN,buy,0.3189
2015-10-23,XOF,NGN,middle,0.3289
2015-10-23,XOF,NGN,sell,0.3389
2015-10-23,XUA,NGN,buy,275.9237
2015-10-23,XUA,NGN,middle,276.6276
2015-10-23,XUA,NGN,sell,277.3315
2015-10-26,CHF,NGN,buy,199.5824
2015-10-26,CHF,NGN,middle,200.0917
2015-10-26,CHF,NGN,sell,200.6009
2015-10-26,CNY,NGN,buy,30.8377
2015-10-26,CNY,NGN,middle,30.9168
2015-10-26,CNY,NGN,sell,30.996
2015-10-26,DKK,NGN,buy,28.9515
2015-10-26,DKK,NGN,middle,29.0254
2015-10-26,DKK,NGN,sell,29.0993
2015-10-26,EUR,NGN,buy,216.0177
2015-10-26,EUR,NGN,middle,216.5689
2015-10-26,EUR,NGN,sell,217.12
2015-10-26,GBP,NGN,buy,300.7748
2015-10-26,GBP,NGN,middle,301.5422
2015-10-26,GBP,NGN,sell,302.3096
2015-10-26,JPY,NGN,buy,1.62
2015-10-26,JPY,NGN,middle,1.6241
2015-10-26,JPY,NGN,sell,1.6283
2015-10-26,SAR,NGN,buy,52.2447
2015-10-26,SAR,NGN,middle,52.378
2015-10-26,SAR,NGN,sell,52.5113
2015-10-26,USD,NGN,buy,195.97
2015-10-26,USD,NGN,middle,196.47
2015-10-26,USD,NGN,sell,196.97
2015-10-26,XDR,NGN,buy,273.6721
2015-10-26,XDR,NGN,middle,274.3704
2015-10-26,XDR,NGN,sell,275.0686
2015-10-26,XOF,NGN,buy,0.312
2015-10-26,XOF,NGN,middle,0.322
2015-10-26,XOF,NGN,sell,0.332
2015-10-26,XUA,NGN,buy,273.7537
2015-10-26,XUA,NGN,middle,274.4521
2015-10-26,XUA,NGN,sell,275.1506
2015-10-27,CHF,NGN,buy,199.0756
2015-10-27,CHF,NGN,middle,199.5835
2015-10-27,CHF,NGN,sell,200.0914
2015-10-27,CNY,NGN,buy,30.8377
2015-10-27,CNY,NGN,middle,30.9168
2015-10-27,CNY,NGN,sell,30.996
2015-10-27,DKK,NGN,buy,29.0468
2015-10-27,DKK,NGN,middle,29.1209
2015-10-27,DKK,NGN,sell,29.195
2015-10-27,EUR,NGN,buy,216.7036
2015-10-27,EUR,NGN,middle,217.2565
2015-10-27,EUR,NGN,sell,217.8094
2015-10-27,GBP,NGN,buy,300.5592
2015-10-27,GBP,NGN,middle,301.326
2015-10-27,GBP,NGN,sell,302.0929
2015-10-27,JPY,NGN,buy,1.6279
2015-10-27,JPY,NGN,middle,1.6321
2015-10-27,JPY,NGN,sell,1.6362
2015-10-27,SAR,NGN,buy,52.2531
2015-10-27,SAR,NGN,middle,52.3864
2015-10-27,SAR,NGN,sell,52.5197
2015-10-27,USD,NGN,buy,195.97
2015-10-27,USD,NGN,middle,196.47
2015-10-27,USD,NGN,sell,196.97
2015-10-27,XDR,NGN,buy,274.1228
2015-10-27,XDR,NGN,middle,274.8222
2015-10-27,XDR,NGN,sell,275.5216
2015-10-27,XOF,NGN,buy,0.3098
2015-10-27,XOF,NGN,middle,0.3198
2015-10-27,XOF,NGN,sell,0.3298
2015-10-27,XUA,NGN,buy,273.001
2015-10-27,XUA,NGN,middle,273.6976
2015-10-27,XUA,NGN,sell,274.3941
2015-10-28,CHF,NGN,buy,199.1363
2015-10-28,CHF,NGN,middle,199.6443
2015-10-28,CHF,NGN,sell,200.1524
2015-10-28,CNY,NGN,buy,30.8134
2015-10-28,CNY,NGN,middle,30.8925
2015-10-28,CNY,NGN,sell,30.9716
2015-10-28,DKK,NGN,buy,29.0649
2015-10-28,DKK,NGN,middle,29.139
2015-10-28,DKK,NGN,sell,29.2132
2015-10-28,EUR,NGN,buy,216.8604
2015-10-28,EUR,NGN,middle,217.4137
2015-10-28,EUR,NGN,sell,217.967
2015-10-28,GBP,NGN,buy,299.5401
2015-10-28,GBP,NGN,middle,300.3044
2015-10-28,GBP,NGN,sell,301.0686
2015-10-28,JPY,NGN,buy,1.6278
2015-10-28,JPY,NGN,middle,1.6319
2015-10-28,JPY,NGN,sell,1.6361
2015-10-28,SAR,NGN,buy,52.2489
2015-10-28,SAR,NGN,middle,52.3822
2015-10-28,SAR,NGN,sell,52.5155
2015-10-28,USD,NGN,buy,195.97
2015-10-28,USD,NGN,middle,196.47
2015-10-28,USD,NGN,sell,196.97
2015-10-28,XDR,NGN,buy,274.0444
2015-10-28,XDR,NGN,middle,274.7436
2015-10-28,XDR,NGN,sell,275.4428
2015-10-28,XOF,NGN,buy,0.3113
2015-10-28,XOF,NGN,middle,0.3213
2015-10-28,XOF,NGN,sell,0.3313
2015-10-28,XUA,NGN,buy,273.437
2015-10-28,XUA,NGN,middle,274.1346
2015-10-28,XUA,NGN,sell,274.8323
2015-10-29,CHF,NGN,buy,197.9598
2015-10-29,CHF,NGN,middle,198.4648
2015-10-29,CHF,NGN,sell,198.9698
2015-10-29,CNY,NGN,buy,30.8254
2015-10-29,CNY,NGN,middle,30.9045
2015-10-29,CNY,NGN,sell,30.9836
2015-10-29,DKK,NGN,buy,28.799
2015-10-29,DKK,NGN,middle,28.8724
2015-10-29,DKK,NGN,sell,28.9459
2015-10-29,EUR,NGN,buy,214.7964
2015-10-29,EUR,NGN,middle,215.3444
2015-10-29,EUR,NGN,sell,215.8923
2015-10-29,GBP,NGN,buy,299.1744
2015-10-29,GBP,NGN,middle,299.9376
2015-10-29,GBP,NGN,sell,300.7008
2015-10-29,JPY,NGN,buy,1.6205
2015-10-29,JPY,NGN,middle,1.6246
2015-10-29,JPY,NGN,sell,1.6288
2015-10-29,SAR,NGN,buy,52.2513
2015-10-29,SAR,NGN,middle,52.3846
2015-10-29,SAR,NGN,sell,52.5179
2015-10-29,USD,NGN,buy,196
2015-10-29,USD,NGN,middle,196.5
2015-10-29,USD,NGN,sell,197
2015-10-29,XDR,NGN,buy,273.0476
2015-10-29,XDR,NGN,middle,273.7442
2015-10-29,XDR,NGN,sell,274.4407
2015-10-29,XOF,NGN,buy,0.312
2015-10-29,XOF,NGN,middle,0.322
2015-10-29,XOF,NGN,sell,0.332
2015-10-29,XUA,NGN,buy,273.3568
2015-10-29,XUA,NGN,middle,274.0542
2015-10-29,XUA,NGN,sell,274.7515
2015-10-30,CHF,NGN,buy,198.18
2015-10-30,CHF,NGN,middle,198.6855
2015-10-30,CHF,NGN,sell,199.1911
2015-10-30,CNY,NGN,buy,31.0206
2015-10-30,CNY,NGN,middle,31.1002
2015-10-30,CNY,NGN,sell,31.1798
2015-10-30,DKK,NGN,buy,28.9658
2015-10-30,DKK,NGN,middle,29.0397
2015-10-30,DKK,NGN,sell,29.1136
2015-10-30,EUR,NGN,buy,216.0508
2015-10-30,EUR,NGN,middle,216.602
2015-10-30,EUR,NGN,sell,217.1531
2015-10-30,GBP,NGN,buy,300.958
2015-10-30,GBP,NGN,middle,301.7258
2015-10-30,GBP,NGN,sell,302.4935
2015-10-30,JPY,NGN,buy,1.6263
2015-10-30,JPY,NGN,middle,1.6304
2015-10-30,JPY,NGN,sell,1.6346
2015-10-30,SAR,NGN,buy,52.2346
2015-10-30,SAR,NGN,middle,52.3679
2015-10-30,SAR,NGN,sell,52.5011
2015-10-30,USD,NGN,buy,196
2015-10-30,USD,NGN,middle,196.5
2015-10-30,USD,NGN,sell,197
2015-10-30,XDR,NGN,buy,273.7924
2015-10-30,XDR,NGN,middle,274.4909
2015-10-30,XDR,NGN,sell,275.1893
2015-10-30,XOF,NGN,buy,0.3074
2015-10-30,XOF,NGN,middle,0.3174
2015-10-30,XOF,NGN,sell,0.3274
2015-10-30,XUA,NGN,buy,272.3644
2015-10-30,XUA,NGN,middle,273.0592
2015-10-30,XUA,NGN,sell,273.754
2015-11-02,CHF,NGN,buy,198.5211
2015-11-02,CHF,NGN,middle,199.0276
2015-11-02,CHF,NGN,sell,199.534
2015-11-02,CNY,NGN,buy,30.9225
2015-11-02,CNY,NGN,middle,31.0018
2015-11-02,CNY,NGN,sell,31.0812
2015-11-02,DKK,NGN,buy,28.9359
2015-11-02,DKK,NGN,middle,29.0097
2015-11-02,DKK,NGN,sell,29.0836
2015-11-02,EUR,NGN,buy,215.872
2015-11-02,EUR,NGN,middle,216.4227
2015-11-02,EUR,NGN,sell,216.9735
2015-11-02,GBP,NGN,buy,303.1811
2015-11-02,GBP,NGN,middle,303.9546
2015-11-02,GBP,NGN,sell,304.7281
2015-11-02,JPY,NGN,buy,1.6242
2015-11-02,JPY,NGN,middle,1.6284
2015-11-02,JPY,NGN,sell,1.6325
2015-11-02,SAR,NGN,buy,52.2502
2015-11-02,SAR,NGN,middle,52.3835
2015-11-02,SAR,NGN,sell,52.5168
2015-11-02,USD,NGN,buy,195.98
2015-11-02,USD,NGN,middle,196.48
2015-11-02,USD,NGN,sell,196.98
2015-11-02,XDR,NGN,buy,273.9408
2015-11-02,XDR,NGN,middle,274.6397
2015-11-02,XDR,NGN,sell,275.3386
2015-11-02,XOF,NGN,buy,0.31
2015-11-02,XOF,NGN,middle,0.32
2015-11-02,XOF,NGN,sell,0.33
2015-11-02,XUA,NGN,buy,273.0915
2015-11-02,XUA,NGN,middle,273.7883
2015-11-02,XUA,NGN,sell,274.485
2015-11-03,CHF,NGN,buy,197.8597
2015-11-03,CHF,NGN,middle,198.3645
2015-11-03,CHF,NGN,sell,198.8693
2015-11-03,CNY,NGN,buy,30.9283
2015-11-03,CNY,NGN,middle,31.0077
2015-11-03,CNY,NGN,sell,31.0871
2015-11-03,DKK,NGN,buy,28.8253
2015-11-03,DKK,NGN,middle,28.8988
2015-11-03,DKK,NGN,sell,28.9723
2015-11-03,EUR,NGN,buy,215.0685
2015-11-03,EUR,NGN,middle,215.6172
2015-11-03,EUR,NGN,sell,216.1659
2015-11-03,GBP,NGN,buy,301.7112
2015-11-03,GBP,NGN,middle,302.481
2015-11-03,GBP,NGN,sell,303.2507
2015-11-03,JPY,NGN,buy,1.621
2015-11-03,JPY,NGN,middle,1.6251
2015-11-03,JPY,NGN,sell,1.6293
2015-11-03,SAR,NGN,buy,52.2558
2015-11-03,SAR,NGN,middle,52.3891
2015-11-03,SAR,NGN,sell,52.5224
2015-11-03,USD,NGN,buy,195.98
2015-11-03,USD,NGN,middle,196.48
2015-11-03,USD,NGN,sell,196.98
2015-11-03,XDR,NGN,buy,273.9408
2015-11-03,XDR,NGN,middle,274.6397
2015-11-03,XDR,NGN,sell,275.3386
2015-11-03,XOF,NGN,buy,0.3104
2015-11-03,XOF,NGN,middle,0.3204
2015-11-03,XOF,NGN,sell,0.3304
2015-11-03,XUA,NGN,buy,273.2454
2015-11-03,XUA,NGN,middle,273.9426
2015-11-03,XUA,NGN,sell,274.6397
2015-11-04,CHF,NGN,buy,197.8397
2015-11-04,CHF,NGN,middle,198.3444
2015-11-04,CHF,NGN,sell,198.8492
2015-11-04,CNY,NGN,buy,30.9298
2015-11-04,CNY,NGN,middle,31.0092
2015-11-04,CNY,NGN,sell,31.0885
2015-11-04,DKK,NGN,buy,28.7087
2015-11-04,DKK,NGN,middle,28.782
2015-11-04,DKK,NGN,sell,28.8552
2015-11-04,EUR,NGN,buy,214.1865
2015-11-04,EUR,NGN,middle,214.733
2015-11-04,EUR,NGN,sell,215.2794
2015-11-04,GBP,NGN,buy,302.2208
2015-11-04,GBP,NGN,middle,302.9918
2015-11-04,GBP,NGN,sell,303.7629
2015-11-04,JPY,NGN,buy,1.6166
2015-11-04,JPY,NGN,middle,1.6207
2015-11-04,JPY,NGN,sell,1.6248
2015-11-04,SAR,NGN,buy,52.2404
2015-11-04,SAR,NGN,middle,52.3737
2015-11-04,SAR,NGN,sell,52.507
2015-11-04,USD,NGN,buy,195.98
2015-11-04,USD,NGN,middle,196.48
2015-11-04,USD,NGN,sell,196.98
2015-11-04,XDR,NGN,buy,273.0589
2015-11-04,XDR,NGN,middle,273.7556
2015-11-04,XDR,NGN,sell,274.4522
2015-11-04,XOF,NGN,buy,0.3088
2015-11-04,XOF,NGN,middle,0.3188
2015-11-04,XOF,NGN,sell,0.3288
2015-11-04,XUA,NGN,buy,272.7294
2015-11-04,XUA,NGN,middle,273.4252
2015-11-04,XUA,NGN,sell,274.121
2015-11-05,CHF,NGN,buy,196.7081
2015-11-05,CHF,NGN,middle,197.21
2015-11-05,CHF,NGN,sell,197.7118
2015-11-05,CNY,NGN,buy,30.8828
2015-11-05,CNY,NGN,middle,30.962
2015-11-05,CNY,NGN,sell,31.0412
2015-11-05,DKK,NGN,buy,28.5856
2015-11-05,DKK,NGN,middle,28.6585
2015-11-05,DKK,NGN,sell,28.7314
2015-11-05,EUR,NGN,buy,213.2284
2015-11-05,EUR,NGN,middle,213.7724
2015-11-05,EUR,NGN,sell,214.3163
2015-11-05,GBP,NGN,buy,300.5464
2015-11-05,GBP,NGN,middle,301.3131
2015-11-05,GBP,NGN,sell,302.0798
2015-11-05,JPY,NGN,buy,1.607
2015-11-05,JPY,NGN,middle,1.6111
2015-11-05,JPY,NGN,sell,1.6152
2015-11-05,SAR,NGN,buy,52.2625
2015-11-05,SAR,NGN,middle,52.3958
2015-11-05,SAR,NGN,sell,52.5291
2015-11-05,USD,NGN,buy,196
2015-11-05,USD,NGN,middle,196.5
2015-11-05,USD,NGN,sell,197
2015-11-05,XDR,NGN,buy,272.4204
2015-11-05,XDR,NGN,middle,273.1154
2015-11-05,XDR,NGN,sell,273.8103
2015-11-05,XOF,NGN,buy,0.3075
2015-11-05,XOF,NGN,middle,0.3175
2015-11-05,XOF,NGN,sell,0.3275
2015-11-05,XUA,NGN,buy,272.364
2015-11-05,XUA,NGN,middle,273.0588
2015-11-05,XUA,NGN,sell,273.7536
2015-11-06,CHF,NGN,buy,196.7674
2015-11-06,CHF,NGN,middle,197.2694
2015-11-06,CHF,NGN,sell,197.7713
2015-11-06,CNY,NGN,buy,30.8492
2015-11-06,CNY,NGN,middle,30.9284
2015-11-06,CNY,NGN,sell,31.0075
2015-11-06,DKK,NGN,buy,28.5793
2015-11-06,DKK,NGN,middle,28.6523
2015-11-06,DKK,NGN,sell,28.7252
2015-11-06,EUR,NGN,buy,213.2284
2015-11-06,EUR,NGN,middle,213.7724
2015-11-06,EUR,NGN,sell,214.3163
2015-11-06,GBP,NGN,buy,296.4892
2015-11-06,GBP,NGN,middle,297.2456
2015-11-06,GBP,NGN,sell,298.0019
2015-11-06,JPY,NGN,buy,1.6075
2015-11-06,JPY,NGN,middle,1.6116
2015-11-06,JPY,NGN,sell,1.6157
2015-11-06,SAR,NGN,buy,52.2625
2015-11-06,SAR,NGN,middle,52.3958
2015-11-06,SAR,NGN,sell,52.5291
2015-11-06,USD,NGN,buy,196
2015-11-06,USD,NGN,middle,196.5
2015-11-06,USD,NGN,sell,197
2015-11-06,XDR,NGN,buy,271.9304
2015-11-06,XDR,NGN,middle,272.6241
2015-11-06,XDR,NGN,sell,273.3178
2015-11-06,XOF,NGN,buy,0.306
2015-11-06,XOF,NGN,middle,0.316
2015-11-06,XOF,NGN,sell,0.326
2015-11-06,XUA,NGN,buy,271.7465
2015-11-06,XUA,NGN,middle,272.4398
2015-11-06,XUA,NGN,sell,273.133
2015-11-09,CHF,NGN,buy,195.4523
2015-11-09,CHF,NGN,middle,195.9509
2015-11-09,CHF,NGN,sell,196.4496
2015-11-09,CNY,NGN,buy,30.8019
2015-11-09,CNY,NGN,middle,30.881
2015-11-09,CNY,NGN,sell,30.96
2015-11-09,DKK,NGN,buy,28.3163
2015-11-09,DKK,NGN,middle,28.3886
2015-11-09,DKK,NGN,sell,28.4608
2015-11-09,EUR,NGN,buy,211.2664
2015-11-09,EUR,NGN,middle,211.8054
2015-11-09,EUR,NGN,sell,212.3444
2015-11-09,GBP,NGN,buy,296.0082
2015-11-09,GBP,NGN,middle,296.7634
2015-11-09,GBP,NGN,sell,297.5186
2015-11-09,JPY,NGN,buy,1.587
2015-11-09,JPY,NGN,middle,1.5911
2015-11-09,JPY,NGN,sell,1.5951
2015-11-09,SAR,NGN,buy,52.2585
2015-11-09,SAR,NGN,middle,52.3919
2015-11-09,SAR,NGN,sell,52.5252
2015-11-09,USD,NGN,buy,195.98
2015-11-09,USD,NGN,middle,196.48
2015-11-09,USD,NGN,sell,196.98
2015-11-09,XDR,NGN,buy,270.7856
2015-11-09,XDR,NGN,middle,271.4764
2015-11-09,XDR,NGN,sell,272.1673
2015-11-09,XOF,NGN,buy,0.3054
2015-11-09,XOF,NGN,middle,0.3154
2015-11-09,XOF,NGN,sell,0.3254
2015-11-09,XUA,NGN,buy,271.2362
2015-11-09,XUA,NGN,middle,271.9282
2015-11-09,XUA,NGN,sell,272.6202
2015-11-10,CHF,NGN,buy,194.9468
2015-11-10,CHF,NGN,middle,195.4441
2015-11-10,CHF,NGN,sell,195.9415
2015-11-10,CNY,NGN,buy,30.7976
2015-11-10,CNY,NGN,middle,30.8766
2015-11-10,CNY,NGN,sell,30.9556
2015-11-10,DKK,NGN,buy,28.186
2015-11-10,DKK,NGN,middle,28.2579
2015-11-10,DKK,NGN,sell,28.3298
2015-11-10,EUR,NGN,buy,210.3257
2015-11-10,EUR,NGN,middle,210.8623
2015-11-10,EUR,NGN,sell,211.3989
2015-11-10,GBP,NGN,buy,296.4198
2015-11-10,GBP,NGN,middle,297.176
2015-11-10,GBP,NGN,sell,297.9323
2015-11-10,JPY,NGN,buy,1.5906
2015-11-10,JPY,NGN,middle,1.5947
2015-11-10,JPY,NGN,sell,1.5987
2015-11-10,SAR,NGN,buy,52.2585
2015-11-10,SAR,NGN,middle,52.3919
2015-11-10,SAR,NGN,sell,52.5252
2015-11-10,USD,NGN,buy,195.98
2015-11-10,USD,NGN,middle,196.48
2015-11-10,USD,NGN,sell,196.98
2015-11-10,XDR,NGN,buy,270.3936
2015-11-10,XDR,NGN,middle,271.0835
2015-11-10,XDR,NGN,sell,271.7733
2015-11-10,XOF,NGN,buy,0.3028
2015-11-10,XOF,NGN,middle,0.3128
2015-11-10,XOF,NGN,sell,0.3228
2015-11-10,XUA,NGN,buy,270.0885
2015-11-10,XUA,NGN,middle,270.7775
2015-11-10,XUA,NGN,sell,271.4666
2015-11-11,CHF,NGN,buy,194.695
2015-11-11,CHF,NGN,middle,195.1917
2015-11-11,CHF,NGN,sell,195.6885
2015-11-11,CNY,NGN,buy,30.7763
2015-11-11,CNY,NGN,middle,30.8553
2015-11-11,CNY,NGN,sell,30.9342
2015-11-11,DKK,NGN,buy,28.1516
2015-11-11,DKK,NGN,middle,28.2234
2015-11-11,DKK,NGN,sell,28.2952
2015-11-11,EUR,NGN,buy,210.0514
2015-11-11,EUR,NGN,middle,210.5873
2015-11-11,EUR,NGN,sell,211.1232
2015-11-11,GBP,NGN,buy,297.7132
2015-11-11,GBP,NGN,middle,298.4728
2015-11-11,GBP,NGN,sell,299.2323
2015-11-11,JPY,NGN,buy,1.5918
2015-11-11,JPY,NGN,middle,1.5958
2015-11-11,JPY,NGN,sell,1.5999
2015-11-11,SAR,NGN,buy,52.2572
2015-11-11,SAR,NGN,middle,52.3905
2015-11-11,SAR,NGN,sell,52.5238
2015-11-11,USD,NGN,buy,195.98
2015-11-11,USD,NGN,middle,196.48
2015-11-11,USD,NGN,sell,196.98
2015-11-11,XDR,NGN,buy,270.3936
2015-11-11,XDR,NGN,middle,271.0835
2015-11-11,XDR,NGN,sell,271.7733
2015-11-11,XOF,NGN,buy,0.3008
2015-11-11,XOF,NGN,middle,0.3108
2015-11-11,XOF,NGN,sell,0.3208
2015-11-11,XUA,NGN,buy,269.7092
2015-11-11,XUA,NGN,middle,270.3973
2015-11-11,XUA,NGN,sell,271.0854
2015-11-12,CHF,NGN,buy,194.831
2015-11-12,CHF,NGN,middle,195.328
2015-11-12,CHF,NGN,sell,195.825
2015-11-12,CNY,NGN,buy,30.7707
2015-11-12,CNY,NGN,middle,30.8497
2015-11-12,CNY,NGN,sell,30.9286
2015-11-12,DKK,NGN,buy,28.1621
2015-11-12,DKK,NGN,middle,28.234
2015-11-12,DKK,NGN,sell,28.3058
2015-11-12,EUR,NGN,buy,210.1708
2015-11-12,EUR,NGN,middle,210.707
2015-11-12,EUR,NGN,sell,211.2431
2015-11-12,GBP,NGN,buy,297.7436
2015-11-12,GBP,NGN,middle,298.5032
2015-11-12,GBP,NGN,sell,299.2627
2015-11-12,JPY,NGN,buy,1.5931
2015-11-12,JPY,NGN,middle,1.5972
2015-11-12,JPY,NGN,sell,1.6012
2015-11-12,SAR,NGN,buy,52.2625
2015-11-12,SAR,NGN,middle,52.3958
2015-11-12,SAR,NGN,sell,52.5291
2015-11-12,USD,NGN,buy,196
2015-11-12,USD,NGN,middle,196.5
2015-11-12,USD,NGN,sell,197
2015-11-12,XDR,NGN,buy,270.4604
2015-11-12,XDR,NGN,middle,271.1504
2015-11-12,XDR,NGN,sell,271.8403
2015-11-12,XOF,NGN,buy,0.3009
2015-11-12,XOF,NGN,middle,0.3109
2015-11-12,XOF,NGN,sell,0.3209
2015-11-12,XUA,NGN,buy,269.7093
2015-11-12,XUA,NGN,middle,270.3974
2015-11-12,XUA,NGN,sell,271.0854
2015-11-13,CHF,NGN,buy,195.6674
2015-11-13,CHF,NGN,middle,196.1665
2015-11-13,CHF,NGN,sell,196.6657
2015-11-13,CNY,NGN,buy,30.749
2015-11-13,CNY,NGN,middle,30.8279
2015-11-13,CNY,NGN,sell,30.9068
2015-11-13,DKK,NGN,buy,28.3384
2015-11-13,DKK,NGN,middle,28.4107
2015-11-13,DKK,NGN,sell,28.483
2015-11-13,EUR,NGN,buy,211.484
2015-11-13,EUR,NGN,middle,212.0235
2015-11-13,EUR,NGN,sell,212.563
2015-11-13,GBP,NGN,buy,298.3316
2015-11-13,GBP,NGN,middle,299.0927
2015-11-13,GBP,NGN,sell,299.8537
2015-11-13,JPY,NGN,buy,1.5984
2015-11-13,JPY,NGN,middle,1.6025
2015-11-13,JPY,NGN,sell,1.6066
2015-11-13,SAR,NGN,buy,52.2625
2015-11-13,SAR,NGN,middle,52.3958
2015-11-13,SAR,NGN,sell,52.5291
2015-11-13,USD,NGN,buy,196
2015-11-13,USD,NGN,middle,196.5
2015-11-13,USD,NGN,sell,197
2015-11-13,XDR,NGN,buy,270.4996
2015-11-13,XDR,NGN,middle,271.1897
2015-11-13,XDR,NGN,sell,271.8797
2015-11-13,XOF,NGN,buy,0.3013
2015-11-13,XOF,NGN,middle,0.3113
2015-11-13,XOF,NGN,sell,0.3213
2015-11-13,XUA,NGN,buy,269.7934
2015-11-13,XUA,NGN,middle,270.4817
2015-11-13,XUA,NGN,sell,271.1699
2015-11-16,CHF,NGN,buy,194.7729
2015-11-16,CHF,NGN,middle,195.2698
2015-11-16,CHF,NGN,sell,195.7667
2015-11-16,CNY,NGN,buy,30.7572
2015-11-16,CNY,NGN,middle,30.8361
2015-11-16,CNY,NGN,sell,30.9151
2015-11-16,DKK,NGN,buy,28.1962
2015-11-16,DKK,NGN,middle,28.2681
2015-11-16,DKK,NGN,sell,28.34
2015-11-16,EUR,NGN,buy,210.3864
2015-11-16,EUR,NGN,middle,210.9231
2015-11-16,EUR,NGN,sell,211.4598
2015-11-16,GBP,NGN,buy,297.9004
2015-11-16,GBP,NGN,middle,298.6604
2015-11-16,GBP,NGN,sell,299.4203
2015-11-16,JPY,NGN,buy,1.5925
2015-11-16,JPY,NGN,middle,1.5965
2015-11-16,JPY,NGN,sell,1.6006
2015-11-16,SAR,NGN,buy,52.2625
2015-11-16,SAR,NGN,middle,52.3958
2015-11-16,SAR,NGN,sell,52.5291
2015-11-16,USD,NGN,buy,196
2015-11-16,USD,NGN,middle,196.5
2015-11-16,USD,NGN,sell,197
2015-11-16,XDR,NGN,buy,270.7348
2015-11-16,XDR,NGN,middle,271.4255
2015-11-16,XDR,NGN,sell,272.1161
2015-11-16,XOF,NGN,buy,0.3024
2015-11-16,XOF,NGN,middle,0.3124
2015-11-16,XOF,NGN,sell,0.3224
2015-11-16,XUA,NGN,buy,270.5911
2015-11-16,XUA,NGN,middle,271.2814
2015-11-16,XUA,NGN,sell,271.9717
2015-11-17,CHF,NGN,buy,193.4551
2015-11-17,CHF,NGN,middle,193.9487
2015-11-17,CHF,NGN,sell,194.4423
2015-11-17,CNY,NGN,buy,30.7149
2015-11-17,CNY,NGN,middle,30.7937
2015-11-17,CNY,NGN,sell,30.8726
2015-11-17,DKK,NGN,buy,28.0029
2015-11-17,DKK,NGN,middle,28.0744
2015-11-17,DKK,NGN,sell,28.1458
2015-11-17,EUR,NGN,buy,208.9824
2015-11-17,EUR,NGN,middle,209.5156
2015-11-17,EUR,NGN,sell,210.0488
2015-11-17,GBP,NGN,buy,297.9724
2015-11-17,GBP,NGN,middle,298.7326
2015-11-17,GBP,NGN,sell,299.4929
2015-11-17,JPY,NGN,buy,1.5898
2015-11-17,JPY,NGN,middle,1.5938
2015-11-17,JPY,NGN,sell,1.5979
2015-11-17,SAR,NGN,buy,52.2545
2015-11-17,SAR,NGN,middle,52.3878
2015-11-17,SAR,NGN,sell,52.5211
2015-11-17,USD,NGN,buy,195.97
2015-11-17,USD,NGN,middle,196.47
2015-11-17,USD,NGN,sell,196.97
2015-11-17,XDR,NGN,buy,270.0271
2015-11-17,XDR,NGN,middle,270.716
2015-11-17,XDR,NGN,sell,271.405
2015-11-17,XOF,NGN,buy,0.3012
2015-11-17,XOF,NGN,middle,0.3112
2015-11-17,XOF,NGN,sell,0.3212
2015-11-17,XUA,NGN,buy,270.0396
2015-11-17,XUA,NGN,middle,270.7286
2015-11-17,XUA,NGN,sell,271.4176
2015-11-18,CHF,NGN,buy,193.1119
2015-11-18,CHF,NGN,middle,193.6047
2015-11-18,CHF,NGN,sell,194.0974
2015-11-18,CNY,NGN,buy,30.6846
2015-11-18,CNY,NGN,middle,30.7634
2015-11-18,CNY,NGN,sell,30.8421
2015-11-18,DKK,NGN,buy,28.0089
2015-11-18,DKK,NGN,middle,28.0804
2015-11-18,DKK,NGN,sell,28.1518
2015-11-18,EUR,NGN,buy,209.002
2015-11-18,EUR,NGN,middle,209.5353
2015-11-18,EUR,NGN,sell,210.0685
2015-11-18,GBP,NGN,buy,298.0704
2015-11-18,GBP,NGN,middle,298.8309
2015-11-18,GBP,NGN,sell,299.5914
2015-11-18,JPY,NGN,buy,1.5883
2015-11-18,JPY,NGN,middle,1.5924
2015-11-18,JPY,NGN,sell,1.5964
2015-11-18,SAR,NGN,buy,52.2545
2015-11-18,SAR,NGN,middle,52.3878
2015-11-18,SAR,NGN,sell,52.5211
2015-11-18,USD,NGN,buy,195.97
2015-11-18,USD,NGN,middle,196.47
2015-11-18,USD,NGN,sell,196.97
2015-11-18,XDR,NGN,buy,270.0467
2015-11-18,XDR,NGN,middle,270.7357
2015-11-18,XDR,NGN,sell,271.4247
2015-11-18,XOF,NGN,buy,0.2996
2015-11-18,XOF,NGN,middle,0.3096
2015-11-18,XOF,NGN,sell,0.3196
2015-11-18,XUA,NGN,buy,269.3905
2015-11-18,XUA,NGN,middle,270.0779
2015-11-18,XUA,NGN,sell,270.7652
2015-11-19,CHF,NGN,buy,192.4399
2015-11-19,CHF,NGN,middle,192.9308
2015-11-19,CHF,NGN,sell,193.4217
2015-11-19,CNY,NGN,buy,30.7033
2015-11-19,CNY,NGN,middle,30.782
2015-11-19,CNY,NGN,sell,30.8608
2015-11-19,DKK,NGN,buy,28.0875
2015-11-19,DKK,NGN,middle,28.1591
2015-11-19,DKK,NGN,sell,28.2308
2015-11-19,EUR,NGN,buy,209.622
2015-11-19,EUR,NGN,middle,210.1568
2015-11-19,EUR,NGN,sell,210.6915
2015-11-19,GBP,NGN,buy,299.1352
2015-11-19,GBP,NGN,middle,299.8983
2015-11-19,GBP,NGN,sell,300.6614
2015-11-19,JPY,NGN,buy,1.5917
2015-11-19,JPY,NGN,middle,1.5957
2015-11-19,JPY,NGN,sell,1.5998
2015-11-19,SAR,NGN,buy,52.2625
2015-11-19,SAR,NGN,middle,52.3958
2015-11-19,SAR,NGN,sell,52.5291
2015-11-19,USD,NGN,buy,196
2015-11-19,USD,NGN,middle,196.5
2015-11-19,USD,NGN,sell,197
2015-11-19,XDR,NGN,buy,270.6368
2015-11-19,XDR,NGN,middle,271.3272
2015-11-19,XDR,NGN,sell,272.0176
2015-11-19,XOF,NGN,buy,0.2995
2015-11-19,XOF,NGN,middle,0.3095
2015-11-19,XOF,NGN,sell,0.3195
2015-11-19,XUA,NGN,buy,269.4045
2015-11-19,XUA,NGN,middle,270.0917
2015-11-19,XUA,NGN,sell,270.779
2015-11-20,CHF,NGN,buy,192.7995
2015-11-20,CHF,NGN,middle,193.2914
2015-11-20,CHF,NGN,sell,193.7832
2015-11-20,CNY,NGN,buy,30.6888
2015-11-20,CNY,NGN,middle,30.7676
2015-11-20,CNY,NGN,sell,30.8463
2015-11-20,DKK,NGN,buy,28.0533
2015-11-20,DKK,NGN,middle,28.1249
2015-11-20,DKK,NGN,sell,28.1964
2015-11-20,EUR,NGN,buy,209.328
2015-11-20,EUR,NGN,middle,209.862
2015-11-20,EUR,NGN,sell,210.396
2015-11-20,GBP,NGN,buy,298.8608
2015-11-20,GBP,NGN,middle,299.6232
2015-11-20,GBP,NGN,sell,300.3856
2015-11-20,JPY,NGN,buy,1.5945
2015-11-20,JPY,NGN,middle,1.5986
2015-11-20,JPY,NGN,sell,1.6027
2015-11-20,SAR,NGN,buy,52.2583
2015-11-20,SAR,NGN,middle,52.3916
2015-11-20,SAR,NGN,sell,52.5249
2015-11-20,USD,NGN,buy,196
2015-11-20,USD,NGN,middle,196.5
2015-11-20,USD,NGN,sell,197
2015-11-20,XDR,NGN,buy,270.4408
2015-11-20,XDR,NGN,middle,271.1307
2015-11-20,XDR,NGN,sell,271.8206
2015-11-20,XOF,NGN,buy,0.3001
2015-11-20,XOF,NGN,middle,0.3101
2015-11-20,XOF,NGN,sell,0.3201
2015-11-20,XUA,NGN,buy,269.9635
2015-11-20,XUA,NGN,middle,270.6522
2015-11-20,XUA,NGN,sell,271.3409
2015-11-23,CHF,NGN,buy,191.7996
2015-11-23,CHF,NGN,middle,192.2889
2015-11-23,CHF,NGN,sell,192.7782
2015-11-23,CNY,NGN,buy,30.6744
2015-11-23,CNY,NGN,middle,30.7531
2015-11-23,CNY,NGN,sell,30.8318
2015-11-23,DKK,NGN,buy,27.8996
2015-11-23,DKK,NGN,middle,27.9707
2015-11-23,DKK,NGN,sell,28.0419
2015-11-23,EUR,NGN,buy,208.1716
2015-11-23,EUR,NGN,middle,208.7027
2015-11-23,EUR,NGN,sell,209.2337
2015-11-23,GBP,NGN,buy,296.5676
2015-11-23,GBP,NGN,middle,297.3242
2015-11-23,GBP,NGN,sell,298.0807
2015-11-23,JPY,NGN,buy,1.5908
2015-11-23,JPY,NGN,middle,1.5948
2015-11-23,JPY,NGN,sell,1.5989
2015-11-23,SAR,NGN,buy,52.2527
2015-11-23,SAR,NGN,middle,52.386
2015-11-23,SAR,NGN,sell,52.5193
2015-11-23,USD,NGN,buy,196
2015-11-23,USD,NGN,middle,196.5
2015-11-23,USD,NGN,sell,197
2015-11-23,XDR,NGN,buy,269.598
2015-11-23,XDR,NGN,middle,270.2858
2015-11-23,XDR,NGN,sell,270.9735
2015-11-23,XOF,NGN,buy,0.3002
2015-11-23,XOF,NGN,middle,0.3102
2015-11-23,XOF,NGN,sell,0.3202
2015-11-23,XUA,NGN,buy,269.7603
2015-11-23,XUA,NGN,middle,270.4484
2015-11-23,XUA,NGN,sell,271.1366
2015-11-24,CHF,NGN,buy,192.5722
2015-11-24,CHF,NGN,middle,193.0635
2015-11-24,CHF,NGN,sell,193.5547
2015-11-24,CNY,NGN,buy,30.6658
2015-11-24,CNY,NGN,middle,30.7445
2015-11-24,CNY,NGN,sell,30.8232
2015-11-24,DKK,NGN,buy,27.9636
2015-11-24,DKK,NGN,middle,28.035
2015-11-24,DKK,NGN,sell,28.1063
2015-11-24,EUR,NGN,buy,208.7008
2015-11-24,EUR,NGN,middle,209.2332
2015-11-24,EUR,NGN,sell,209.7656
2015-11-24,GBP,NGN,buy,296.156
2015-11-24,GBP,NGN,middle,296.9115
2015-11-24,GBP,NGN,sell,297.667
2015-11-24,JPY,NGN,buy,1.5986
2015-11-24,JPY,NGN,middle,1.6026
2015-11-24,JPY,NGN,sell,1.6067
2015-11-24,SAR,NGN,buy,52.1901
2015-11-24,SAR,NGN,middle,52.3233
2015-11-24,SAR,NGN,sell,52.4564
2015-11-24,USD,NGN,buy,196
2015-11-24,USD,NGN,middle,196.5
2015-11-24,USD,NGN,sell,197
2015-11-24,XDR,NGN,buy,269.8332
2015-11-24,XDR,NGN,middle,270.5216
2015-11-24,XDR,NGN,sell,271.2099
2015-11-24,XOF,NGN,buy,0.2985
2015-11-24,XOF,NGN,middle,0.3085
2015-11-24,XOF,NGN,sell,0.3185
2015-11-24,XUA,NGN,buy,268.9254
2015-11-24,XUA,NGN,middle,269.6115
2015-11-24,XUA,NGN,sell,270.2975
2015-11-25,CHF,NGN,buy,191.8371
2015-11-25,CHF,NGN,middle,192.3265
2015-11-25,CHF,NGN,sell,192.8159
2015-11-25,CNY,NGN,buy,30.6687
2015-11-25,CNY,NGN,middle,30.7474
2015-11-25,CNY,NGN,sell,30.826
2015-11-25,DKK,NGN,buy,27.8215
2015-11-25,DKK,NGN,middle,27.8925
2015-11-25,DKK,NGN,sell,27.9635
2015-11-25,EUR,NGN,buy,207.6228
2015-11-25,EUR,NGN,middle,208.1525
2015-11-25,EUR,NGN,sell,208.6821
2015-11-25,GBP,NGN,buy,295.3328
2015-11-25,GBP,NGN,middle,296.0862
2015-11-25,GBP,NGN,sell,296.8396
2015-11-25,JPY,NGN,buy,1.5974
2015-11-25,JPY,NGN,middle,1.6015
2015-11-25,JPY,NGN,sell,1.6055
2015-11-25,SAR,NGN,buy,52.1846
2015-11-25,SAR,NGN,middle,52.3177
2015-11-25,SAR,NGN,sell,52.4508
2015-11-25,USD,NGN,buy,196
2015-11-25,USD,NGN,middle,196.5
2015-11-25,USD,NGN,sell,197
2015-11-25,XDR,NGN,buy,269.206
2015-11-25,XDR,NGN,middle,269.8928
2015-11-25,XDR,NGN,sell,270.5795
2015-11-25,XOF,NGN,buy,0.2991
2015-11-25,XOF,NGN,middle,0.3091
2015-11-25,XOF,NGN,sell,0.3191
2015-11-25,XUA,NGN,buy,269.1523
2015-11-25,XUA,NGN,middle,269.8389
2015-11-25,XUA,NGN,sell,270.5255
2015-11-26,CHF,NGN,buy,191.481
2015-11-26,CHF,NGN,middle,191.9695
2015-11-26,CHF,NGN,sell,192.458
2015-11-26,CNY,NGN,buy,30.6739
2015-11-26,CNY,NGN,middle,30.7526
2015-11-26,CNY,NGN,sell,30.8314
2015-11-26,DKK,NGN,buy,27.8952
2015-11-26,DKK,NGN,middle,27.9664
2015-11-26,DKK,NGN,sell,28.0375
2015-11-26,EUR,NGN,buy,208.152
2015-11-26,EUR,NGN,middle,208.683
2015-11-26,EUR,NGN,sell,209.214
2015-11-26,GBP,NGN,buy,295.666
2015-11-26,GBP,NGN,middle,296.4203
2015-11-26,GBP,NGN,sell,297.1745
2015-11-26,JPY,NGN,buy,1.5988
2015-11-26,JPY,NGN,middle,1.6029
2015-11-26,JPY,NGN,sell,1.607
2015-11-26,SAR,NGN,buy,52.1971
2015-11-26,SAR,NGN,middle,52.3302
2015-11-26,SAR,NGN,sell,52.4634
2015-11-26,USD,NGN,buy,196
2015-11-26,USD,NGN,middle,196.5
2015-11-26,USD,NGN,sell,197
2015-11-26,XDR,NGN,buy,269.206
2015-11-26,XDR,NGN,middle,269.8928
2015-11-26,XDR,NGN,sell,270.5795
2015-11-26,XOF,NGN,buy,0.2971
2015-11-26,XOF,NGN,middle,0.3071
2015-11-26,XOF,NGN,sell,0.3171
2015-11-26,XUA,NGN,buy,268.5344
2015-11-26,XUA,NGN,middle,269.2195
2015-11-26,XUA,NGN,sell,269.9045
2015-11-27,CHF,NGN,buy,190.3837
2015-11-27,CHF,NGN,middle,190.8694
2015-11-27,CHF,NGN,sell,191.355
2015-11-27,CNY,NGN,buy,30.6461
2015-11-27,CNY,NGN,middle,30.7248
2015-11-27,CNY,NGN,sell,30.8034
2015-11-27,DKK,NGN,buy,27.8042
2015-11-27,DKK,NGN,middle,27.8751
2015-11-27,DKK,NGN,sell,27.946
2015-11-27,EUR,NGN,buy,207.4856
2015-11-27,EUR,NGN,middle,208.0149
2015-11-27,EUR,NGN,sell,208.5442
2015-11-27,GBP,NGN,buy,294.98
2015-11-27,GBP,NGN,middle,295.7325
2015-11-27,GBP,NGN,sell,296.485
2015-11-27,JPY,NGN,buy,1.5984
2015-11-27,JPY,NGN,middle,1.6025
2015-11-27,JPY,NGN,sell,1.6066
2015-11-27,SAR,NGN,buy,52.2026
2015-11-27,SAR,NGN,middle,52.3358
2015-11-27,SAR,NGN,sell,52.469
2015-11-27,USD,NGN,buy,196
2015-11-27,USD,NGN,middle,196.5
2015-11-27,USD,NGN,sell,197
2015-11-27,XDR,NGN,buy,269.206
2015-11-27,XDR,NGN,middle,269.8928
2015-11-27,XDR,NGN,sell,270.5795
2015-11-27,XOF,NGN,buy,0.2971
2015-11-27,XOF,NGN,middle,0.3071
2015-11-27,XOF,NGN,sell,0.3171
2015-11-27,XUA,NGN,buy,268.5344
2015-11-27,XUA,NGN,middle,269.2195
2015-11-27,XUA,NGN,sell,269.9045
2015-11-30,CHF,NGN,buy,190.1436
2015-11-30,CHF,NGN,middle,190.6286
2015-11-30,CHF,NGN,sell,191.1137
2015-11-30,CNY,NGN,buy,30.6327
2015-11-30,CNY,NGN,middle,30.7113
2015-11-30,CNY,NGN,sell,30.7899
2015-11-30,DKK,NGN,buy,27.7794
2015-11-30,DKK,NGN,middle,27.8502
2015-11-30,DKK,NGN,sell,27.9211
2015-11-30,EUR,NGN,buy,207.2896
2015-11-30,EUR,NGN,middle,207.8184
2015-11-30,EUR,NGN,sell,208.3472
2015-11-30,GBP,NGN,buy,294.098
2015-11-30,GBP,NGN,middle,294.8483
2015-11-30,GBP,NGN,sell,295.5985
2015-11-30,JPY,NGN,buy,1.5926
2015-11-30,JPY,NGN,middle,1.5967
2015-11-30,JPY,NGN,sell,1.6007
2015-11-30,SAR,NGN,buy,52.1971
2015-11-30,SAR,NGN,middle,52.3302
2015-11-30,SAR,NGN,sell,52.4634
2015-11-30,USD,NGN,buy,196
2015-11-30,USD,NGN,middle,196.5
2015-11-30,USD,NGN,sell,197
2015-11-30,XDR,NGN,buy,268.9512
2015-11-30,XDR,NGN,middle,269.6373
2015-11-30,XDR,NGN,sell,270.3234
2015-11-30,XOF,NGN,buy,0.2971
2015-11-30,XOF,NGN,middle,0.3071
2015-11-30,XOF,NGN,sell,0.3171
2015-11-30,XUA,NGN,buy,268.5344
2015-11-30,XUA,NGN,middle,269.2195
2015-11-30,XUA,NGN,sell,269.9045
2015-12-01,CHF,NGN,buy,190.447
2015-12-01,CHF,NGN,middle,190.9329
2015-12-01,CHF,NGN,sell,191.4189
2015-12-01,CNY,NGN,buy,30.6242
2015-12-01,CNY,NGN,middle,30.7028
2015-12-01,CNY,NGN,sell,30.7814
2015-12-01,DKK,NGN,buy,27.824
2015-12-01,DKK,NGN,middle,27.895
2015-12-01,DKK,NGN,sell,27.966
2015-12-01,EUR,NGN,buy,207.6694
2015-12-01,EUR,NGN,middle,208.1993
2015-12-01,EUR,NGN,sell,208.7291
2015-12-01,GBP,NGN,buy,295.5032
2015-12-01,GBP,NGN,middle,296.2571
2015-12-01,GBP,NGN,sell,297.0111
2015-12-01,JPY,NGN,buy,1.5914
2015-12-01,JPY,NGN,middle,1.5955
2015-12-01,JPY,NGN,sell,1.5996
2015-12-01,SAR,NGN,buy,52.1891
2015-12-01,SAR,NGN,middle,52.3222
2015-12-01,SAR,NGN,sell,52.4554
2015-12-01,USD,NGN,buy,195.97
2015-12-01,USD,NGN,middle,196.47
2015-12-01,USD,NGN,sell,196.97
2015-12-01,XDR,NGN,buy,269.2432
2015-12-01,XDR,NGN,middle,269.9301
2015-12-01,XDR,NGN,sell,270.6171
2015-12-01,XOF,NGN,buy,0.2969
2015-12-01,XOF,NGN,middle,0.3069
2015-12-01,XOF,NGN,sell,0.3169
2015-12-01,XUA,NGN,buy,268.2625
2015-12-01,XUA,NGN,middle,268.947
2015-12-01,XUA,NGN,sell,269.6314
2015-12-02,CHF,NGN,buy,190.9667
2015-12-02,CHF,NGN,middle,191.4539
2015-12-02,CHF,NGN,sell,191.9411
2015-12-02,CNY,NGN,buy,30.6252
2015-12-02,CNY,NGN,middle,30.7037
2015-12-02,CNY,NGN,sell,30.7823
2015-12-02,DKK,NGN,buy,27.8339
2015-12-02,DKK,NGN,middle,27.9049
2015-12-02,DKK,NGN,sell,27.9759
2015-12-02,EUR,NGN,buy,207.689
2015-12-02,EUR,NGN,middle,208.2189
2015-12-02,EUR,NGN,sell,208.7488
2015-12-02,GBP,NGN,buy,294.7193
2015-12-02,GBP,NGN,middle,295.4712
2015-12-02,GBP,NGN,sell,296.2232
2015-12-02,JPY,NGN,buy,1.5916
2015-12-02,JPY,NGN,middle,1.5956
2015-12-02,JPY,NGN,sell,1.5997
2015-12-02,SAR,NGN,buy,52.2169
2015-12-02,SAR,NGN,middle,52.3501
2015-12-02,SAR,NGN,sell,52.4833
2015-12-02,USD,NGN,buy,195.97
2015-12-02,USD,NGN,middle,196.47
2015-12-02,USD,NGN,sell,196.97
2015-12-02,XDR,NGN,buy,269.1256
2015-12-02,XDR,NGN,middle,269.8123
2015-12-02,XDR,NGN,sell,270.4989
2015-12-02,XOF,NGN,buy,0.2975
2015-12-02,XOF,NGN,middle,0.3075
2015-12-02,XOF,NGN,sell,0.3175
2015-12-02,XUA,NGN,buy,268.6047
2015-12-02,XUA,NGN,middle,269.29
2015-12-02,XUA,NGN,sell,269.9753
2015-12-03,CHF,NGN,buy,191.1636
2015-12-03,CHF,NGN,middle,191.6512
2015-12-03,CHF,NGN,sell,192.1389
2015-12-03,CNY,NGN,buy,30.6351
2015-12-03,CNY,NGN,middle,30.7137
2015-12-03,CNY,NGN,sell,30.7923
2015-12-03,DKK,NGN,buy,27.7114
2015-12-03,DKK,NGN,middle,27.7821
2015-12-03,DKK,NGN,sell,27.8528
2015-12-03,EUR,NGN,buy,206.7408
2015-12-03,EUR,NGN,middle,207.2682
2015-12-03,EUR,NGN,sell,207.7956
2015-12-03,GBP,NGN,buy,292.7456
2015-12-03,GBP,NGN,middle,293.4924
2015-12-03,GBP,NGN,sell,294.2392
2015-12-03,JPY,NGN,buy,1.5872
2015-12-03,JPY,NGN,middle,1.5912
2015-12-03,JPY,NGN,sell,1.5953
2015-12-03,SAR,NGN,buy,52.2291
2015-12-03,SAR,NGN,middle,52.3623
2015-12-03,SAR,NGN,sell,52.4955
2015-12-03,USD,NGN,buy,196
2015-12-03,USD,NGN,middle,196.5
2015-12-03,USD,NGN,sell,197
2015-12-03,XDR,NGN,buy,268.5004
2015-12-03,XDR,NGN,middle,269.1854
2015-12-03,XDR,NGN,sell,269.8703
2015-12-03,XOF,NGN,buy,0.2979
2015-12-03,XOF,NGN,middle,0.3079
2015-12-03,XOF,NGN,sell,0.3179
2015-12-03,XUA,NGN,buy,268.4934
2015-12-03,XUA,NGN,middle,269.1784
2015-12-03,XUA,NGN,sell,269.8633
2015-12-04,CHF,NGN,buy,196.2447
2015-12-04,CHF,NGN,middle,196.7454
2015-12-04,CHF,NGN,sell,197.2461
2015-12-04,CNY,NGN,buy,30.6132
2015-12-04,CNY,NGN,middle,30.6918
2015-12-04,CNY,NGN,sell,30.7703
2015-12-04,DKK,NGN,buy,28.6129
2015-12-04,DKK,NGN,middle,28.6859
2015-12-04,DKK,NGN,sell,28.7589
2015-12-04,EUR,NGN,buy,213.4897
2015-12-04,EUR,NGN,middle,214.0344
2015-12-04,EUR,NGN,sell,214.5791
2015-12-04,GBP,NGN,buy,296.4046
2015-12-04,GBP,NGN,middle,297.1609
2015-12-04,GBP,NGN,sell,297.9171
2015-12-04,JPY,NGN,buy,1.5955
2015-12-04,JPY,NGN,middle,1.5995
2015-12-04,JPY,NGN,sell,1.6036
2015-12-04,SAR,NGN,buy,52.1905
2015-12-04,SAR,NGN,middle,52.3236
2015-12-04,SAR,NGN,sell,52.4568
2015-12-04,USD,NGN,buy,195.97
2015-12-04,USD,NGN,middle,196.47
2015-12-04,USD,NGN,sell,196.97
2015-12-04,XDR,NGN,buy,271.7516
2015-12-04,XDR,NGN,middle,272.4449
2015-12-04,XDR,NGN,sell,273.1383
2015-12-04,XOF,NGN,buy,0.2997
2015-12-04,XOF,NGN,middle,0.3097
2015-12-04,XOF,NGN,sell,0.3197
2015-12-04,XUA,NGN,buy,267.8186
2015-12-04,XUA,NGN,middle,268.5001
2015-12-04,XUA,NGN,sell,269.1834
2015-12-07,CHF,NGN,buy,195.7064
2015-12-07,CHF,NGN,middle,196.2057
2015-12-07,CHF,NGN,sell,196.7049
2015-12-07,CNY,NGN,buy,30.5844
2015-12-07,CNY,NGN,middle,30.6629
2015-12-07,CNY,NGN,sell,30.7414
2015-12-07,DKK,NGN,buy,28.3976
2015-12-07,DKK,NGN,middle,28.47
2015-12-07,DKK,NGN,sell,28.5425
2015-12-07,EUR,NGN,buy,211.9348
2015-12-07,EUR,NGN,middle,212.4755
2015-12-07,EUR,NGN,sell,213.0161
2015-12-07,GBP,NGN,buy,295.2936
2015-12-07,GBP,NGN,middle,296.0469
2015-12-07,GBP,NGN,sell,296.8002
2015-12-07,JPY,NGN,buy,1.5873
2015-12-07,JPY,NGN,middle,1.5914
2015-12-07,JPY,NGN,sell,1.5954
2015-12-07,SAR,NGN,buy,52.2291
2015-12-07,SAR,NGN,middle,52.3623
2015-12-07,SAR,NGN,sell,52.4955
2015-12-07,USD,NGN,buy,196
2015-12-07,USD,NGN,middle,196.5
2015-12-07,USD,NGN,sell,197
2015-12-07,XDR,NGN,buy,270.9504
2015-12-07,XDR,NGN,middle,271.6416
2015-12-07,XDR,NGN,sell,272.3328
2015-12-07,XOF,NGN,buy,0.3066
2015-12-07,XOF,NGN,middle,0.3166
2015-12-07,XOF,NGN,sell,0.3266
2015-12-07,XUA,NGN,buy,271.1073
2015-12-07,XUA,NGN,middle,271.7989
2015-12-07,XUA,NGN,sell,272.4905
2015-12-08,CHF,NGN,buy,196.4021
2015-12-08,CHF,NGN,middle,196.9032
2015-12-08,CHF,NGN,sell,197.4043
2015-12-08,CNY,NGN,buy,30.5326
2015-12-08,CNY,NGN,middle,30.6109
2015-12-08,CNY,NGN,sell,30.6893
2015-12-08,DKK,NGN,buy,28.5255
2015-12-08,DKK,NGN,middle,28.5983
2015-12-08,DKK,NGN,sell,28.671
2015-12-08,EUR,NGN,buy,212.8626
2015-12-08,EUR,NGN,middle,213.4057
2015-12-08,EUR,NGN,sell,213.9488
2015-12-08,GBP,NGN,buy,293.8962
2015-12-08,GBP,NGN,middle,294.6461
2015-12-08,GBP,NGN,sell,295.3959
2015-12-08,JPY,NGN,buy,1.592
2015-12-08,JPY,NGN,middle,1.596
2015-12-08,JPY,NGN,sell,1.6001
2015-12-08,SAR,NGN,buy,52.2211
2015-12-08,SAR,NGN,middle,52.3543
2015-12-08,SAR,NGN,sell,52.4875
2015-12-08,USD,NGN,buy,195.97
2015-12-08,USD,NGN,middle,196.47
2015-12-08,USD,NGN,sell,196.97
2015-12-08,XDR,NGN,buy,271.2421
2015-12-08,XDR,NGN,middle,271.9341
2015-12-08,XDR,NGN,sell,272.6262
2015-12-08,XOF,NGN,buy,0.3038
2015-12-08,XOF,NGN,middle,0.3138
2015-12-08,XOF,NGN,sell,0.3238
2015-12-08,XUA,NGN,buy,270.2605
2015-12-08,XUA,NGN,middle,270.9501
2015-12-08,XUA,NGN,sell,271.6396
2015-12-09,CHF,NGN,buy,197.6102
2015-12-09,CHF,NGN,middle,198.1143
2015-12-09,CHF,NGN,sell,198.6185
2015-12-09,CNY,NGN,buy,30.4813
2015-12-09,CNY,NGN,middle,30.5595
2015-12-09,CNY,NGN,sell,30.6377
2015-12-09,DKK,NGN,buy,28.6904
2015-12-09,DKK,NGN,middle,28.7636
2015-12-09,DKK,NGN,sell,28.8368
2015-12-09,EUR,NGN,buy,214.058
2015-12-09,EUR,NGN,middle,214.6042
2015-12-09,EUR,NGN,sell,215.1503
2015-12-09,GBP,NGN,buy,295.4444
2015-12-09,GBP,NGN,middle,296.1982
2015-12-09,GBP,NGN,sell,296.952
2015-12-09,JPY,NGN,buy,1.5982
2015-12-09,JPY,NGN,middle,1.6023
2015-12-09,JPY,NGN,sell,1.6063
2015-12-09,SAR,NGN,buy,52.2197
2015-12-09,SAR,NGN,middle,52.3529
2015-12-09,SAR,NGN,sell,52.4861
2015-12-09,USD,NGN,buy,195.97
2015-12-09,USD,NGN,middle,196.47
2015-12-09,USD,NGN,sell,196.97
2015-12-09,XDR,NGN,buy,272.026
2015-12-09,XDR,NGN,middle,272.72
2015-12-09,XDR,NGN,sell,273.4141
2015-12-09,XOF,NGN,buy,0.3057
2015-12-09,XOF,NGN,middle,0.3157
2015-12-09,XOF,NGN,sell,0.3257
2015-12-09,XUA,NGN,buy,270.5555
2015-12-09,XUA,NGN,middle,271.2458
2015-12-09,XUA,NGN,sell,271.9361
2015-12-10,CHF,NGN,buy,198.6518
2015-12-10,CHF,NGN,middle,199.1586
2015-12-10,CHF,NGN,sell,199.6655
2015-12-10,CNY,NGN,buy,30.4325
2015-12-10,CNY,NGN,middle,30.5106
2015-12-10,CNY,NGN,sell,30.5887
2015-12-10,DKK,NGN,buy,28.7608
2015-12-10,DKK,NGN,middle,28.8341
2015-12-10,DKK,NGN,sell,28.9075
2015-12-10,EUR,NGN,buy,214.6459
2015-12-10,EUR,NGN,middle,215.1936
2015-12-10,EUR,NGN,sell,215.7412
2015-12-10,GBP,NGN,buy,297.0905
2015-12-10,GBP,NGN,middle,297.8485
2015-12-10,GBP,NGN,sell,298.6065
2015-12-10,JPY,NGN,buy,1.6141
2015-12-10,JPY,NGN,middle,1.6182
2015-12-10,JPY,NGN,sell,1.6224
2015-12-10,SAR,NGN,buy,52.2211
2015-12-10,SAR,NGN,middle,52.3543
2015-12-10,SAR,NGN,sell,52.4875
2015-12-10,USD,NGN,buy,195.97
2015-12-10,USD,NGN,middle,196.47
2015-12-10,USD,NGN,sell,196.97
2015-12-10,XDR,NGN,buy,272.026
2015-12-10,XDR,NGN,middle,272.72
2015-12-10,XDR,NGN,sell,273.4141
2015-12-10,XOF,NGN,buy,0.3077
2015-12-10,XOF,NGN,middle,0.3177
2015-12-10,XOF,NGN,sell,0.3277
2015-12-10,XUA,NGN,buy,271.3257
2015-12-10,XUA,NGN,middle,272.0179
2015-12-10,XUA,NGN,sell,272.7102
2015-12-11,CHF,NGN,buy,198.5011
2015-12-11,CHF,NGN,middle,199.0075
2015-12-11,CHF,NGN,sell,199.5139
2015-12-11,CNY,NGN,buy,30.3547
2015-12-11,CNY,NGN,middle,30.4326
2015-12-11,CNY,NGN,sell,30.5105
2015-12-11,DKK,NGN,buy,28.8151
2015-12-11,DKK,NGN,middle,28.8886
2015-12-11,DKK,NGN,sell,28.9621
2015-12-11,EUR,NGN,buy,215.0316
2015-12-11,EUR,NGN,middle,215.5802
2015-12-11,EUR,NGN,sell,216.1287
2015-12-11,GBP,NGN,buy,296.9204
2015-12-11,GBP,NGN,middle,297.6779
2015-12-11,GBP,NGN,sell,298.4353
2015-12-11,JPY,NGN,buy,1.6138
2015-12-11,JPY,NGN,middle,1.6179
2015-12-11,JPY,NGN,sell,1.6221
2015-12-11,SAR,NGN,buy,52.2416
2015-12-11,SAR,NGN,middle,52.3749
2015-12-11,SAR,NGN,sell,52.5081
2015-12-11,USD,NGN,buy,196
2015-12-11,USD,NGN,middle,196.5
2015-12-11,USD,NGN,sell,197
2015-12-11,XDR,NGN,buy,272.8124
2015-12-11,XDR,NGN,middle,273.5084
2015-12-11,XDR,NGN,sell,274.2043
2015-12-11,XOF,NGN,buy,0.3078
2015-12-11,XOF,NGN,middle,0.3178
2015-12-11,XOF,NGN,sell,0.3278
2015-12-11,XUA,NGN,buy,271.969
2015-12-11,XUA,NGN,middle,272.6628
2015-12-11,XUA,NGN,sell,273.3566
2015-12-14,CHF,NGN,buy,199.4505
2015-12-14,CHF,NGN,middle,199.9593
2015-12-14,CHF,NGN,sell,200.4681
2015-12-14,CNY,NGN,buy,30.3439
2015-12-14,CNY,NGN,middle,30.4217
2015-12-14,CNY,NGN,sell,30.4996
2015-12-14,DKK,NGN,buy,28.8282
2015-12-14,DKK,NGN,middle,28.9017
2015-12-14,DKK,NGN,sell,28.9753
2015-12-14,EUR,NGN,buy,215.1296
2015-12-14,EUR,NGN,middle,215.6784
2015-12-14,EUR,NGN,sell,216.2272
2015-12-14,GBP,NGN,buy,296.5088
2015-12-14,GBP,NGN,middle,297.2652
2015-12-14,GBP,NGN,sell,298.0216
2015-12-14,JPY,NGN,buy,1.6209
2015-12-14,JPY,NGN,middle,1.625
2015-12-14,JPY,NGN,sell,1.6292
2015-12-14,SAR,NGN,buy,52.2318
2015-12-14,SAR,NGN,middle,52.3651
2015-12-14,SAR,NGN,sell,52.4983
2015-12-14,USD,NGN,buy,196
2015-12-14,USD,NGN,middle,196.5
2015-12-14,USD,NGN,sell,197
2015-12-14,XDR,NGN,buy,272.8712
2015-12-14,XDR,NGN,middle,273.5673
2015-12-14,XDR,NGN,sell,274.2634
2015-12-14,XOF,NGN,buy,0.308
2015-12-14,XOF,NGN,middle,0.318
2015-12-14,XOF,NGN,sell,0.328
2015-12-14,XUA,NGN,buy,272.1375
2015-12-14,XUA,NGN,middle,272.8318
2015-12-14,XUA,NGN,sell,273.526
2015-12-15,CHF,NGN,buy,198.9947
2015-12-15,CHF,NGN,middle,199.5024
2015-12-15,CHF,NGN,sell,200.0102
2015-12-15,CNY,NGN,buy,30.3256
2015-12-15,CNY,NGN,middle,30.4034
2015-12-15,CNY,NGN,sell,30.4813
2015-12-15,DKK,NGN,buy,28.905
2015-12-15,DKK,NGN,middle,28.9787
2015-12-15,DKK,NGN,sell,29.0525
2015-12-15,EUR,NGN,buy,215.7238
2015-12-15,EUR,NGN,middle,216.2742
2015-12-15,EUR,NGN,sell,216.8246
2015-12-15,GBP,NGN,buy,297.0317
2015-12-15,GBP,NGN,middle,297.7896
2015-12-15,GBP,NGN,sell,298.5474
2015-12-15,JPY,NGN,buy,1.6174
2015-12-15,JPY,NGN,middle,1.6216
2015-12-15,JPY,NGN,sell,1.6257
2015-12-15,SAR,NGN,buy,52.2252
2015-12-15,SAR,NGN,middle,52.3585
2015-12-15,SAR,NGN,sell,52.4917
2015-12-15,USD,NGN,buy,195.97
2015-12-15,USD,NGN,middle,196.47
2015-12-15,USD,NGN,sell,196.97
2015-12-15,XDR,NGN,buy,273.143
2015-12-15,XDR,NGN,middle,273.8399
2015-12-15,XDR,NGN,sell,274.5368
2015-12-15,XOF,NGN,buy,0.309
2015-12-15,XOF,NGN,middle,0.319
2015-12-15,XOF,NGN,sell,0.329
2015-12-15,XUA,NGN,buy,272.1863
2015-12-15,XUA,NGN,middle,272.8807
2015-12-15,XUA,NGN,sell,273.5752
2015-12-16,CHF,NGN,buy,197.8296
2015-12-16,CHF,NGN,middle,198.3343
2015-12-16,CHF,NGN,sell,198.8391
2015-12-16,CNY,NGN,buy,30.268
2015-12-16,CNY,NGN,middle,30.3457
2015-12-16,CNY,NGN,sell,30.4234
2015-12-16,DKK,NGN,buy,28.6841
2015-12-16,DKK,NGN,middle,28.7573
2015-12-16,DKK,NGN,sell,28.8305
2015-12-16,EUR,NGN,buy,214.058
2015-12-16,EUR,NGN,middle,214.6042
2015-12-16,EUR,NGN,sell,215.1503
2015-12-16,GBP,NGN,buy,294.5233
2015-12-16,GBP,NGN,middle,295.2748
2015-12-16,GBP,NGN,sell,296.0262
2015-12-16,JPY,NGN,buy,1.6074
2015-12-16,JPY,NGN,middle,1.6115
2015-12-16,JPY,NGN,sell,1.6156
2015-12-16,SAR,NGN,buy,52.2252
2015-12-16,SAR,NGN,middle,52.3585
2015-12-16,SAR,NGN,sell,52.4917
2015-12-16,USD,NGN,buy,195.97
2015-12-16,USD,NGN,middle,196.47
2015-12-16,USD,NGN,sell,196.97
2015-12-16,XDR,NGN,buy,272.0456
2015-12-16,XDR,NGN,middle,272.7397
2015-12-16,XDR,NGN,sell,273.4338
2015-12-16,XOF,NGN,buy,0.3092
2015-12-16,XOF,NGN,middle,0.3192
2015-12-16,XOF,NGN,sell,0.3292
2015-12-16,XUA,NGN,buy,272.4555
2015-12-16,XUA,NGN,middle,273.1507
2015-12-16,XUA,NGN,sell,273.8458
2015-12-17,CHF,NGN,buy,196.4218
2015-12-17,CHF,NGN,middle,196.9229
2015-12-17,CHF,NGN,sell,197.4241
2015-12-17,CNY,NGN,buy,30.2171
2015-12-17,CNY,NGN,middle,30.2947
2015-12-17,CNY,NGN,sell,30.3722
2015-12-17,DKK,NGN,buy,28.4704
2015-12-17,DKK,NGN,middle,28.543
2015-12-17,DKK,NGN,sell,28.6156
2015-12-17,EUR,NGN,buy,212.5099
2015-12-17,EUR,NGN,middle,213.0521
2015-12-17,EUR,NGN,sell,213.5943
2015-12-17,GBP,NGN,buy,292.348
2015-12-17,GBP,NGN,middle,293.0939
2015-12-17,GBP,NGN,sell,293.8398
2015-12-17,JPY,NGN,buy,1.5994
2015-12-17,JPY,NGN,middle,1.6034
2015-12-17,JPY,NGN,sell,1.6075
2015-12-17,SAR,NGN,buy,52.2419
2015-12-17,SAR,NGN,middle,52.3752
2015-12-17,SAR,NGN,sell,52.5085
2015-12-17,USD,NGN,buy,195.97
2015-12-17,USD,NGN,middle,196.47
2015-12-17,USD,NGN,sell,196.97
2015-12-17,XDR,NGN,buy,271.0069
2015-12-17,XDR,NGN,middle,271.6984
2015-12-17,XDR,NGN,sell,272.3898
2015-12-17,XOF,NGN,buy,0.3075
2015-12-17,XOF,NGN,middle,0.3175
2015-12-17,XOF,NGN,sell,0.3275
2015-12-17,XUA,NGN,buy,271.3492
2015-12-17,XUA,NGN,middle,272.0415
2015-12-17,XUA,NGN,sell,272.7338
2015-12-18,CHF,NGN,buy,197.0443
2015-12-18,CHF,NGN,middle,197.547
2015-12-18,CHF,NGN,sell,198.0497
2015-12-18,CNY,NGN,buy,30.232
2015-12-18,CNY,NGN,middle,30.3096
2015-12-18,CNY,NGN,sell,30.3872
2015-12-18,DKK,NGN,buy,28.4561
2015-12-18,DKK,NGN,middle,28.5287
2015-12-18,DKK,NGN,sell,28.6013
2015-12-18,EUR,NGN,buy,212.366
2015-12-18,EUR,NGN,middle,212.9078
2015-12-18,EUR,NGN,sell,213.4495
2015-12-18,GBP,NGN,buy,292.4516
2015-12-18,GBP,NGN,middle,293.1977
2015-12-18,GBP,NGN,sell,293.9437
2015-12-18,JPY,NGN,buy,1.6174
2015-12-18,JPY,NGN,middle,1.6216
2015-12-18,JPY,NGN,sell,1.6257
2015-12-18,SAR,NGN,buy,52.2318
2015-12-18,SAR,NGN,middle,52.3651
2015-12-18,SAR,NGN,sell,52.4983
2015-12-18,USD,NGN,buy,196
2015-12-18,USD,NGN,middle,196.5
2015-12-18,USD,NGN,sell,197
2015-12-18,XDR,NGN,buy,271.1856
2015-12-18,XDR,NGN,middle,271.8774
2015-12-18,XDR,NGN,sell,272.5692
2015-12-18,XOF,NGN,buy,0.3047
2015-12-18,XOF,NGN,middle,0.3147
2015-12-18,XOF,NGN,sell,0.3247
2015-12-18,XUA,NGN,buy,270.329
2015-12-18,XUA,NGN,middle,271.0186
2015-12-18,XUA,NGN,sell,271.7082
2015-12-21,CHF,NGN,buy,196.9651
2015-12-21,CHF,NGN,middle,197.4676
2015-12-21,CHF,NGN,sell,197.9701
2015-12-21,CNY,NGN,buy,30.2353
2015-12-21,CNY,NGN,middle,30.3129
2015-12-21,CNY,NGN,sell,30.3904
2015-12-21,DKK,NGN,buy,28.5423
2015-12-21,DKK,NGN,middle,28.6151
2015-12-21,DKK,NGN,sell,28.6879
2015-12-21,EUR,NGN,buy,213.0128
2015-12-21,EUR,NGN,middle,213.5562
2015-12-21,EUR,NGN,sell,214.0996
2015-12-21,GBP,NGN,buy,292.0792
2015-12-21,GBP,NGN,middle,292.8243
2015-12-21,GBP,NGN,sell,293.5694
2015-12-21,JPY,NGN,buy,1.6145
2015-12-21,JPY,NGN,middle,1.6186
2015-12-21,JPY,NGN,sell,1.6227
2015-12-21,SAR,NGN,buy,52.2165
2015-12-21,SAR,NGN,middle,52.3497
2015-12-21,SAR,NGN,sell,52.4829
2015-12-21,USD,NGN,buy,196
2015-12-21,USD,NGN,middle,196.5
2015-12-21,USD,NGN,sell,197
2015-12-21,XDR,NGN,buy,271.3816
2015-12-21,XDR,NGN,middle,272.0739
2015-12-21,XDR,NGN,sell,272.7662
2015-12-21,XOF,NGN,buy,0.3046
2015-12-21,XOF,NGN,middle,0.3146
2015-12-21,XOF,NGN,sell,0.3246
2015-12-21,XUA,NGN,buy,270.456
2015-12-21,XUA,NGN,middle,271.146
2015-12-21,XUA,NGN,sell,271.8359
2015-12-22,CHF,NGN,buy,197.8
2015-12-22,CHF,NGN,middle,198.3046
2015-12-22,CHF,NGN,sell,198.8092
2015-12-22,CNY,NGN,buy,30.2469
2015-12-22,CNY,NGN,middle,30.3246
2015-12-22,CNY,NGN,sell,30.4022
2015-12-22,DKK,NGN,buy,28.7356
2015-12-22,DKK,NGN,middle,28.8089
2015-12-22,DKK,NGN,sell,28.8822
2015-12-22,EUR,NGN,buy,214.4632
2015-12-22,EUR,NGN,middle,215.0103
2015-12-22,EUR,NGN,sell,215.5574
2015-12-22,GBP,NGN,buy,291.5108
2015-12-22,GBP,NGN,middle,292.2545
2015-12-22,GBP,NGN,sell,292.9981
2015-12-22,JPY,NGN,buy,1.6205
2015-12-22,JPY,NGN,middle,1.6246
2015-12-22,JPY,NGN,sell,1.6288
2015-12-22,SAR,NGN,buy,52.2165
2015-12-22,SAR,NGN,middle,52.3497
2015-12-22,SAR,NGN,sell,52.4829
2015-12-22,USD,NGN,buy,196
2015-12-22,USD,NGN,middle,196.5
2015-12-22,USD,NGN,sell,197
2015-12-22,XDR,NGN,buy,271.4012
2015-12-22,XDR,NGN,middle,272.0936
2015-12-22,XDR,NGN,sell,272.7859
2015-12-22,XOF,NGN,buy,0.3046
2015-12-22,XOF,NGN,middle,0.3146
2015-12-22,XOF,NGN,sell,0.3246
2015-12-22,XUA,NGN,buy,270.456
2015-12-22,XUA,NGN,middle,271.146
2015-12-22,XUA,NGN,sell,271.8359
2015-12-23,CHF,NGN,buy,198.0398
2015-12-23,CHF,NGN,middle,198.545
2015-12-23,CHF,NGN,sell,199.0502
2015-12-23,CNY,NGN,buy,30.2493
2015-12-23,CNY,NGN,middle,30.3269
2015-12-23,CNY,NGN,sell,30.4045
2015-12-23,DKK,NGN,buy,28.6973
2015-12-23,DKK,NGN,middle,28.7706
2015-12-23,DKK,NGN,sell,28.8438
2015-12-23,EUR,NGN,buy,214.13
2015-12-23,EUR,NGN,middle,214.6763
2015-12-23,EUR,NGN,sell,215.2225
2015-12-23,GBP,NGN,buy,291.9028
2015-12-23,GBP,NGN,middle,292.6475
2015-12-23,GBP,NGN,sell,293.3921
2015-12-23,JPY,NGN,buy,1.6216
2015-12-23,JPY,NGN,middle,1.6257
2015-12-23,JPY,NGN,sell,1.6299
2015-12-23,SAR,NGN,buy,52.211
2015-12-23,SAR,NGN,middle,52.3442
2015-12-23,SAR,NGN,sell,52.4774
2015-12-23,USD,NGN,buy,196
2015-12-23,USD,NGN,middle,196.5
2015-12-23,USD,NGN,sell,197
2015-12-23,XDR,NGN,buy,272.0284
2015-12-23,XDR,NGN,middle,272.7224
2015-12-23,XDR,NGN,sell,273.4163
2015-12-23,XOF,NGN,buy,0.3056
2015-12-23,XOF,NGN,middle,0.3156
2015-12-23,XOF,NGN,sell,0.3256
2015-12-23,XUA,NGN,buy,270.7026
2015-12-23,XUA,NGN,middle,271.3931
2015-12-23,XUA,NGN,sell,272.0837
2015-12-29,CHF,NGN,buy,198.3203
2015-12-29,CHF,NGN,middle,198.8263
2015-12-29,CHF,NGN,sell,199.3322
2015-12-29,CNY,NGN,buy,30.2166
2015-12-29,CNY,NGN,middle,30.2942
2015-12-29,CNY,NGN,sell,30.3717
2015-12-29,DKK,NGN,buy,28.8151
2015-12-29,DKK,NGN,middle,28.8886
2015-12-29,DKK,NGN,sell,28.9621
2015-12-29,EUR,NGN,buy,215.0512
2015-12-29,EUR,NGN,middle,215.5998
2015-12-29,EUR,NGN,sell,216.1484
2015-12-29,GBP,NGN,buy,290.7268
2015-12-29,GBP,NGN,middle,291.4685
2015-12-29,GBP,NGN,sell,292.2101
2015-12-29,JPY,NGN,buy,1.6274
2015-12-29,JPY,NGN,middle,1.6315
2015-12-29,JPY,NGN,sell,1.6357
2015-12-29,SAR,NGN,buy,52.2597
2015-12-29,SAR,NGN,middle,52.393
2015-12-29,SAR,NGN,sell,52.5263
2015-12-29,USD,NGN,buy,196
2015-12-29,USD,NGN,middle,196.5
2015-12-29,USD,NGN,sell,197
2015-12-29,XDR,NGN,buy,272.244
2015-12-29,XDR,NGN,middle,272.9385
2015-12-29,XDR,NGN,sell,273.633
2015-12-29,XOF,NGN,buy,0.3056
2015-12-29,XOF,NGN,middle,0.3156
2015-12-29,XOF,NGN,sell,0.3256
2015-12-29,XUA,NGN,buy,270.7026
2015-12-29,XUA,NGN,middle,271.3931
2015-12-29,XUA,NGN,sell,272.0837
2015-12-30,CHF,NGN,buy,197.6404
2015-12-30,CHF,NGN,middle,198.1446
2015-12-30,CHF,NGN,sell,198.6488
2015-12-30,CNY,NGN,buy,30.1868
2015-12-30,CNY,NGN,middle,30.2643
2015-12-30,CNY,NGN,sell,30.3418
2015-12-30,DKK,NGN,buy,28.6948
2015-12-30,DKK,NGN,middle,28.768
2015-12-30,DKK,NGN,sell,28.8412
2015-12-30,EUR,NGN,buy,214.1692
2015-12-30,EUR,NGN,middle,214.7156
2015-12-30,EUR,NGN,sell,215.2619
2015-12-30,GBP,NGN,buy,290.2368
2015-12-30,GBP,NGN,middle,290.9772
2015-12-30,GBP,NGN,sell,291.7176
2015-12-30,JPY,NGN,buy,1.6267
2015-12-30,JPY,NGN,middle,1.6308
2015-12-30,JPY,NGN,sell,1.635
2015-12-30,SAR,NGN,buy,52.1971
2015-12-30,SAR,NGN,middle,52.3302
2015-12-30,SAR,NGN,sell,52.4634
2015-12-30,USD,NGN,buy,196
2015-12-30,USD,NGN,middle,196.5
2015-12-30,USD,NGN,sell,197
2015-12-30,XDR,NGN,buy,271.8128
2015-12-30,XDR,NGN,middle,272.5062
2015-12-30,XDR,NGN,sell,273.1996
2015-12-30,XOF,NGN,buy,0.3056
2015-12-30,XOF,NGN,middle,0.3156
2015-12-30,XOF,NGN,sell,0.3256
2015-12-30,XUA,NGN,buy,270.7026
2015-12-30,XUA,NGN,middle,271.3931
2015-12-30,XUA,NGN,sell,272.0837
2015-12-31,CHF,NGN,buy,197.2228
2015-12-31,CHF,NGN,middle,197.7259
2015-12-31,CHF,NGN,sell,198.229
2015-12-31,CNY,NGN,buy,30.1752
2015-12-31,CNY,NGN,middle,30.2527
2015-12-31,CNY,NGN,sell,30.3301
2015-12-31,DKK,NGN,buy,28.6106
2015-12-31,DKK,NGN,middle,28.6836
2015-12-31,DKK,NGN,sell,28.7566
2015-12-31,EUR,NGN,buy,213.5616
2015-12-31,EUR,NGN,middle,214.1064
2015-12-31,EUR,NGN,sell,214.6512
2015-12-31,GBP,NGN,buy,290.4524
2015-12-31,GBP,NGN,middle,291.1934
2015-12-31,GBP,NGN,sell,291.9343
2015-12-31,JPY,NGN,buy,1.6279
2015-12-31,JPY,NGN,middle,1.6321
2015-12-31,JPY,NGN,sell,1.6362
2015-12-31,SAR,NGN,buy,52.2026
2015-12-31,SAR,NGN,middle,52.3358
2015-12-31,SAR,NGN,sell,52.469
2015-12-31,USD,NGN,buy,196
2015-12-31,USD,NGN,middle,196.5
2015-12-31,USD,NGN,sell,197
2015-12-31,XDR,NGN,buy,271.8128
2015-12-31,XDR,NGN,middle,272.5062
2015-12-31,XDR,NGN,sell,273.1996
2015-12-31,XOF,NGN,buy,0.3056
2015-12-31,XOF,NGN,middle,0.3156
2015-12-31,XOF,NGN,sell,0.3256
2015-12-31,XUA,NGN,buy,270.7026
2015-12-31,XUA,NGN,middle,271.3931
2015-12-31,XUA,NGN,sell,272.0837
