date,base,quote,type,value
1984-01-04,AED,KRW,reference,216.92
1984-01-04,ATS,KRW,reference,40.88
1984-01-04,AUD,KRW,reference,716.48
1984-01-04,BEF,KRW,reference,14.11
1984-01-04,BHD,KRW,reference,2113.3
1984-01-04,CAD,KRW,reference,638.56
1984-01-04,CHF,KRW,reference,358.18
1984-01-04,DEM,KRW,reference,287.47
1984-01-04,DKK,KRW,reference,79.67
1984-01-04,FRF,KRW,reference,94.27
1984-01-04,GBP,KRW,reference,1131.43
1984-01-04,HKD,KRW,reference,102.19
1984-01-04,ITL,KRW,reference,0.4747
1984-01-04,JPY,KRW,reference,3.4075
1984-01-04,KWD,KRW,reference,2721.69
1984-01-04,MYR,KRW,reference,341.48
1984-01-04,NLG,KRW,reference,256.53
1984-01-04,NOK,KRW,reference,102.15
1984-01-04,SAR,KRW,reference,227.54
1984-01-04,SEK,KRW,reference,98.62
1984-01-04,SGD,KRW,reference,375.27
1984-01-04,USD,KRW,reference,796.5
1984-01-05,AED,KRW,reference,217.19
1984-01-05,ATS,KRW,reference,40.63
1984-01-05,AUD,KRW,reference,716.18
1984-01-05,BEF,KRW,reference,14.04
1984-01-05,BHD,KRW,reference,2115.95
1984-01-05,CAD,KRW,reference,638.85
1984-01-05,CHF,KRW,reference,356.71
1984-01-05,DEM,KRW,reference,285.74
1984-01-05,DKK,KRW,reference,79.22
1984-01-05,FRF,KRW,reference,93.61
1984-01-05,GBP,KRW,reference,1128.47
1984-01-05,HKD,KRW,reference,102.18
1984-01-05,ITL,KRW,reference,0.4721
1984-01-05,JPY,KRW,reference,3.4219999999999997
1984-01-05,KWD,KRW,reference,2719.99
1984-01-05,MYR,KRW,reference,340.82
1984-01-05,NLG,KRW,reference,254.86
1984-01-05,NOK,KRW,reference,101.89
1984-01-05,SAR,KRW,reference,227.8
1984-01-05,SEK,KRW,reference,98.1
1984-01-05,SGD,KRW,reference,375.74
1984-01-05,USD,KRW,reference,797.5
1984-01-06,AED,KRW,reference,217.3
1984-01-06,ATS,KRW,reference,40.39
1984-01-06,AUD,KRW,reference,718.15
1984-01-06,BEF,KRW,reference,13.98
1984-01-06,BHD,KRW,reference,2117.01
1984-01-06,CAD,KRW,reference,638.2
1984-01-06,CHF,KRW,reference,356.89
1984-01-06,DEM,KRW,reference,284.44
1984-01-06,DKK,KRW,reference,78.77
1984-01-06,FRF,KRW,reference,93.24
1984-01-06,GBP,KRW,reference,1125.44
1984-01-06,HKD,KRW,reference,102.43
1984-01-06,ITL,KRW,reference,0.4697
1984-01-06,JPY,KRW,reference,3.423
1984-01-06,KWD,KRW,reference,2722.28
1984-01-06,MYR,KRW,reference,340.62
1984-01-06,NLG,KRW,reference,253.65
1984-01-06,NOK,KRW,reference,101.52
1984-01-06,SAR,KRW,reference,227.91
1984-01-06,SEK,KRW,reference,97.67
1984-01-06,SGD,KRW,reference,374.17
1984-01-06,USD,KRW,reference,797.9
1984-01-07,AED,KRW,reference,217.35
1984-01-07,ATS,KRW,reference,40.32
1984-01-07,AUD,KRW,reference,718.3
1984-01-07,BEF,KRW,reference,13.92
1984-01-07,BHD,KRW,reference,2117.54
1984-01-07,CAD,KRW,reference,638.41
1984-01-07,CHF,KRW,reference,355.78
1984-01-07,DEM,KRW,reference,283.09
1984-01-07,DKK,KRW,reference,78.54
1984-01-07,FRF,KRW,reference,92.81
1984-01-07,GBP,KRW,reference,1121.93
1984-01-07,HKD,KRW,reference,102.26
1984-01-07,ITL,KRW,reference,0.4681
1984-01-07,JPY,KRW,reference,3.4282999999999997
1984-01-07,KWD,KRW,reference,2722.97
1984-01-07,MYR,KRW,reference,339.41
1984-01-07,NLG,KRW,reference,252.95
1984-01-07,NOK,KRW,reference,101.35
1984-01-07,SAR,KRW,reference,227.81
1984-01-07,SEK,KRW,reference,97.57
1984-01-07,SGD,KRW,reference,374.96
1984-01-07,USD,KRW,reference,798.1
1984-01-09,AED,KRW,reference,217.35
1984-01-09,ATS,KRW,reference,40.32
1984-01-09,AUD,KRW,reference,718.3
1984-01-09,BEF,KRW,reference,13.92
1984-01-09,BHD,KRW,reference,2117.54
1984-01-09,CAD,KRW,reference,638.41
1984-01-09,CHF,KRW,reference,355.78
1984-01-09,DEM,KRW,reference,283.09
1984-01-09,DKK,KRW,reference,78.54
1984-01-09,FRF,KRW,reference,92.81
1984-01-09,GBP,KRW,reference,1121.93
1984-01-09,HKD,KRW,reference,102.26
1984-01-09,ITL,KRW,reference,0.4681
1984-01-09,JPY,KRW,reference,3.4282999999999997
1984-01-09,KWD,KRW,reference,2722.97
1984-01-09,MYR,KRW,reference,339.41
1984-01-09,NLG,KRW,reference,252.95
1984-01-09,NOK,KRW,reference,101.35
1984-01-09,SAR,KRW,reference,227.81
1984-01-09,SEK,KRW,reference,97.57
1984-01-09,SGD,KRW,reference,374.96
1984-01-09,USD,KRW,reference,798.1
1984-01-10,AED,KRW,reference,217.62
1984-01-10,ATS,KRW,reference,39.84
1984-01-10,AUD,KRW,reference,726.59
1984-01-10,BEF,KRW,reference,13.8
1984-01-10,BHD,KRW,reference,2120.2
1984-01-10,CAD,KRW,reference,637.47
1984-01-10,CHF,KRW,reference,353
1984-01-10,DEM,KRW,reference,281.01
1984-01-10,DKK,KRW,reference,77.74
1984-01-10,FRF,KRW,reference,92.15
1984-01-10,GBP,KRW,reference,1112.75
1984-01-10,HKD,KRW,reference,102.43
1984-01-10,ITL,KRW,reference,0.46380000000000005
1984-01-10,JPY,KRW,reference,3.4194
1984-01-10,KWD,KRW,reference,2716.42
1984-01-10,MYR,KRW,reference,341.14
1984-01-10,NLG,KRW,reference,250.53
1984-01-10,NOK,KRW,reference,100.33
1984-01-10,SAR,KRW,reference,227.6
1984-01-10,SEK,KRW,reference,96.92
1984-01-10,SGD,KRW,reference,375.17
1984-01-10,USD,KRW,reference,799.1
1984-01-11,AED,KRW,reference,217.6
1984-01-11,ATS,KRW,reference,40.21
1984-01-11,AUD,KRW,reference,727.09
1984-01-11,BEF,KRW,reference,13.88
1984-01-11,BHD,KRW,reference,2119.93
1984-01-11,CAD,KRW,reference,638.11
1984-01-11,CHF,KRW,reference,355.43
1984-01-11,DEM,KRW,reference,282.61
1984-01-11,DKK,KRW,reference,78.45
1984-01-11,FRF,KRW,reference,92.52
1984-01-11,GBP,KRW,reference,1117.41
1984-01-11,HKD,KRW,reference,102.45
1984-01-11,ITL,KRW,reference,0.46619999999999995
1984-01-11,JPY,KRW,reference,3.4189999999999996
1984-01-11,KWD,KRW,reference,2716.08
1984-01-11,MYR,KRW,reference,341.46
1984-01-11,NLG,KRW,reference,251.62
1984-01-11,NOK,KRW,reference,100.54
1984-01-11,SAR,KRW,reference,227.54
1984-01-11,SEK,KRW,reference,97.41
1984-01-11,SGD,KRW,reference,375.12
1984-01-11,USD,KRW,reference,799
1984-01-12,AED,KRW,reference,217.41
1984-01-12,ATS,KRW,reference,39.85
1984-01-12,AUD,KRW,reference,720.49
1984-01-12,BEF,KRW,reference,13.82
1984-01-12,BHD,KRW,reference,2119.17
1984-01-12,CAD,KRW,reference,638.31
1984-01-12,CHF,KRW,reference,355.48
1984-01-12,DEM,KRW,reference,281.57
1984-01-12,DKK,KRW,reference,77.87
1984-01-12,FRF,KRW,reference,92.16
1984-01-12,GBP,KRW,reference,1116.03
1984-01-12,HKD,KRW,reference,102.38
1984-01-12,ITL,KRW,reference,0.46549999999999997
1984-01-12,JPY,KRW,reference,3.4043
1984-01-12,KWD,KRW,reference,2714.16
1984-01-12,MYR,KRW,reference,341.16
1984-01-12,NLG,KRW,reference,250.83
1984-01-12,NOK,KRW,reference,100.52
1984-01-12,SAR,KRW,reference,227.31
1984-01-12,SEK,KRW,reference,96.92
1984-01-12,SGD,KRW,reference,374.79
1984-01-12,USD,KRW,reference,798.3
1984-01-13,AED,KRW,reference,217.68
1984-01-13,ATS,KRW,reference,40.02
1984-01-13,AUD,KRW,reference,720.13
1984-01-13,BEF,KRW,reference,13.87
1984-01-13,BHD,KRW,reference,2121.82
1984-01-13,CAD,KRW,reference,639.52
1984-01-13,CHF,KRW,reference,356.76
1984-01-13,DEM,KRW,reference,282.37
1984-01-13,DKK,KRW,reference,78.02
1984-01-13,FRF,KRW,reference,92.3
1984-01-13,GBP,KRW,reference,1120.22
1984-01-13,HKD,KRW,reference,102.5
1984-01-13,ITL,KRW,reference,0.4667
1984-01-13,JPY,KRW,reference,3.4057
1984-01-13,KWD,KRW,reference,2717.63
1984-01-13,MYR,KRW,reference,341.59
1984-01-13,NLG,KRW,reference,251.32
1984-01-13,NOK,KRW,reference,100.7
1984-01-13,SAR,KRW,reference,227.6
1984-01-13,SEK,KRW,reference,97.1
1984-01-13,SGD,KRW,reference,375.26
1984-01-13,USD,KRW,reference,799.3
1984-01-14,AED,KRW,reference,217.43
1984-01-14,ATS,KRW,reference,40.3
1984-01-14,AUD,KRW,reference,726.19
1984-01-14,BEF,KRW,reference,13.99
1984-01-14,BHD,KRW,reference,2118.34
1984-01-14,CAD,KRW,reference,640.29
1984-01-14,CHF,KRW,reference,359.32
1984-01-14,DEM,KRW,reference,285.25
1984-01-14,DKK,KRW,reference,78.63
1984-01-14,FRF,KRW,reference,93.33
1984-01-14,GBP,KRW,reference,1128.14
1984-01-14,HKD,KRW,reference,102.4
1984-01-14,ITL,KRW,reference,0.47
1984-01-14,JPY,KRW,reference,3.4200999999999997
1984-01-14,KWD,KRW,reference,2713.57
1984-01-14,MYR,KRW,reference,341.57
1984-01-14,NLG,KRW,reference,253.67
1984-01-14,NOK,KRW,reference,101.39
1984-01-14,SAR,KRW,reference,227.24
1984-01-14,SEK,KRW,reference,97.67
1984-01-14,SGD,KRW,reference,375.28
1984-01-14,USD,KRW,reference,798.4
1984-01-16,AED,KRW,reference,217.43
1984-01-16,ATS,KRW,reference,40.3
1984-01-16,AUD,KRW,reference,726.19
1984-01-16,BEF,KRW,reference,13.99
1984-01-16,BHD,KRW,reference,2118.34
1984-01-16,CAD,KRW,reference,640.29
1984-01-16,CHF,KRW,reference,359.32
1984-01-16,DEM,KRW,reference,285.25
1984-01-16,DKK,KRW,reference,78.63
1984-01-16,FRF,KRW,reference,93.33
1984-01-16,GBP,KRW,reference,1128.14
1984-01-16,HKD,KRW,reference,102.4
1984-01-16,ITL,KRW,reference,0.47
1984-01-16,JPY,KRW,reference,3.4200999999999997
1984-01-16,KWD,KRW,reference,2713.57
1984-01-16,MYR,KRW,reference,341.57
1984-01-16,NLG,KRW,reference,253.67
1984-01-16,NOK,KRW,reference,101.39
1984-01-16,SAR,KRW,reference,227.24
1984-01-16,SEK,KRW,reference,97.67
1984-01-16,SGD,KRW,reference,375.28
1984-01-16,USD,KRW,reference,798.4
1984-01-17,AED,KRW,reference,217.16
1984-01-17,ATS,KRW,reference,40.33
1984-01-17,AUD,KRW,reference,721.7
1984-01-17,BEF,KRW,reference,13.99
1984-01-17,BHD,KRW,reference,2119.62
1984-01-17,CAD,KRW,reference,639.95
1984-01-17,CHF,KRW,reference,359.11
1984-01-17,DEM,KRW,reference,285.68
1984-01-17,DKK,KRW,reference,78.9
1984-01-17,FRF,KRW,reference,93.42
1984-01-17,GBP,KRW,reference,1134.71
1984-01-17,HKD,KRW,reference,102.29
1984-01-17,ITL,KRW,reference,0.47130000000000005
1984-01-17,JPY,KRW,reference,3.4187
1984-01-17,KWD,KRW,reference,2710.41
1984-01-17,MYR,KRW,reference,340.77
1984-01-17,NLG,KRW,reference,254.01
1984-01-17,NOK,KRW,reference,101.78
1984-01-17,SAR,KRW,reference,227.15
1984-01-17,SEK,KRW,reference,97.79
1984-01-17,SGD,KRW,reference,374.81
1984-01-17,USD,KRW,reference,797.4
1984-01-18,AED,KRW,reference,217.05
1984-01-18,ATS,KRW,reference,40.17
1984-01-18,AUD,KRW,reference,721.31
1984-01-18,BEF,KRW,reference,13.9
1984-01-18,BHD,KRW,reference,2115.72
1984-01-18,CAD,KRW,reference,638.5
1984-01-18,CHF,KRW,reference,356.01
1984-01-18,DEM,KRW,reference,283.56
1984-01-18,DKK,KRW,reference,78.35
1984-01-18,FRF,KRW,reference,92.73
1984-01-18,GBP,KRW,reference,1122.58
1984-01-18,HKD,KRW,reference,102.22
1984-01-18,ITL,KRW,reference,0.467
1984-01-18,JPY,KRW,reference,3.4049
1984-01-18,KWD,KRW,reference,2711.81
1984-01-18,MYR,KRW,reference,340.6
1984-01-18,NLG,KRW,reference,252.26
1984-01-18,NOK,KRW,reference,101.37
1984-01-18,SAR,KRW,reference,227.04
1984-01-18,SEK,KRW,reference,97.35
1984-01-18,SGD,KRW,reference,374.18
1984-01-18,USD,KRW,reference,797
1984-01-19,AED,KRW,reference,217.33
1984-01-19,ATS,KRW,reference,40.18
1984-01-19,AUD,KRW,reference,719.41
1984-01-19,BEF,KRW,reference,13.96
1984-01-19,BHD,KRW,reference,2117.28
1984-01-19,CAD,KRW,reference,639.76
1984-01-19,CHF,KRW,reference,357.49
1984-01-19,DEM,KRW,reference,284.83
1984-01-19,DKK,KRW,reference,78.66
1984-01-19,FRF,KRW,reference,93.12
1984-01-19,GBP,KRW,reference,1126.98
1984-01-19,HKD,KRW,reference,102.32
1984-01-19,ITL,KRW,reference,0.4692
1984-01-19,JPY,KRW,reference,3.415
1984-01-19,KWD,KRW,reference,2711.52
1984-01-19,MYR,KRW,reference,341.03
1984-01-19,NLG,KRW,reference,252.46
1984-01-19,NOK,KRW,reference,101.66
1984-01-19,SAR,KRW,reference,227.26
1984-01-19,SEK,KRW,reference,97.56
1984-01-19,SGD,KRW,reference,374.65
1984-01-19,USD,KRW,reference,798
1984-01-20,AED,KRW,reference,216.96
1984-01-20,ATS,KRW,reference,40.51
1984-01-20,AUD,KRW,reference,718.93
1984-01-20,BEF,KRW,reference,14
1984-01-20,BHD,KRW,reference,2114.62
1984-01-20,CAD,KRW,reference,639.73
1984-01-20,CHF,KRW,reference,358.77
1984-01-20,DEM,KRW,reference,285.64
1984-01-20,DKK,KRW,reference,78.66
1984-01-20,FRF,KRW,reference,93.39
1984-01-20,GBP,KRW,reference,1129.75
1984-01-20,HKD,KRW,reference,102.18
1984-01-20,ITL,KRW,reference,0.4696
1984-01-20,JPY,KRW,reference,3.4162
1984-01-20,KWD,KRW,reference,2711.81
1984-01-20,MYR,KRW,reference,340.6
1984-01-20,NLG,KRW,reference,253.83
1984-01-20,NOK,KRW,reference,101.86
1984-01-20,SAR,KRW,reference,227.04
1984-01-20,SEK,KRW,reference,97.74
1984-01-20,SGD,KRW,reference,374.18
1984-01-20,USD,KRW,reference,797
1984-01-21,AED,KRW,reference,217.24
1984-01-21,ATS,KRW,reference,40.18
1984-01-21,AUD,KRW,reference,720.22
1984-01-21,BEF,KRW,reference,13.89
1984-01-21,BHD,KRW,reference,2118.37
1984-01-21,CAD,KRW,reference,640.12
1984-01-21,CHF,KRW,reference,356.18
1984-01-21,DEM,KRW,reference,283.06
1984-01-21,DKK,KRW,reference,78.09
1984-01-21,FRF,KRW,reference,92.54
1984-01-21,GBP,KRW,reference,1119
1984-01-21,HKD,KRW,reference,102.32
1984-01-21,ITL,KRW,reference,0.4656
1984-01-21,JPY,KRW,reference,3.4063
1984-01-21,KWD,KRW,reference,2715.21
1984-01-21,MYR,KRW,reference,340.67
1984-01-21,NLG,KRW,reference,251.68
1984-01-21,NOK,KRW,reference,101.47
1984-01-21,SAR,KRW,reference,227.36
1984-01-21,SEK,KRW,reference,97.62
1984-01-21,SGD,KRW,reference,374.21
1984-01-21,USD,KRW,reference,798
1984-01-23,AED,KRW,reference,217.24
1984-01-23,ATS,KRW,reference,40.18
1984-01-23,AUD,KRW,reference,720.22
1984-01-23,BEF,KRW,reference,13.89
1984-01-23,BHD,KRW,reference,2118.37
1984-01-23,CAD,KRW,reference,640.12
1984-01-23,CHF,KRW,reference,356.18
1984-01-23,DEM,KRW,reference,283.06
1984-01-23,DKK,KRW,reference,78.09
1984-01-23,FRF,KRW,reference,92.54
1984-01-23,GBP,KRW,reference,1119
1984-01-23,HKD,KRW,reference,102.32
1984-01-23,ITL,KRW,reference,0.4656
1984-01-23,JPY,KRW,reference,3.4063
1984-01-23,KWD,KRW,reference,2715.21
1984-01-23,MYR,KRW,reference,340.67
1984-01-23,NLG,KRW,reference,251.68
1984-01-23,NOK,KRW,reference,101.47
1984-01-23,SAR,KRW,reference,227.36
1984-01-23,SEK,KRW,reference,97.62
1984-01-23,SGD,KRW,reference,374.21
1984-01-23,USD,KRW,reference,798
1984-01-24,AED,KRW,reference,217.5
1984-01-24,ATS,KRW,reference,40.2
1984-01-24,AUD,KRW,reference,720.58
1984-01-24,BEF,KRW,reference,13.91
1984-01-24,BHD,KRW,reference,2124.44
1984-01-24,CAD,KRW,reference,640.76
1984-01-24,CHF,KRW,reference,356.1
1984-01-24,DEM,KRW,reference,283.09
1984-01-24,DKK,KRW,reference,78.18
1984-01-24,FRF,KRW,reference,92.62
1984-01-24,GBP,KRW,reference,1119.92
1984-01-24,HKD,KRW,reference,102.44
1984-01-24,ITL,KRW,reference,0.4658
1984-01-24,JPY,KRW,reference,3.4123
1984-01-24,KWD,KRW,reference,2711.25
1984-01-24,MYR,KRW,reference,341.74
1984-01-24,NLG,KRW,reference,251.91
1984-01-24,NOK,KRW,reference,101.47
1984-01-24,SAR,KRW,reference,227.55
1984-01-24,SEK,KRW,reference,97.9
1984-01-24,SGD,KRW,reference,375.47
1984-01-24,USD,KRW,reference,798.8
1984-01-25,AED,KRW,reference,217.72
1984-01-25,ATS,KRW,reference,40.16
1984-01-25,AUD,KRW,reference,724.05
1984-01-25,BEF,KRW,reference,13.86
1984-01-25,BHD,KRW,reference,2120.96
1984-01-25,CAD,KRW,reference,640.48
1984-01-25,CHF,KRW,reference,355.86
1984-01-25,DEM,KRW,reference,282.9
1984-01-25,DKK,KRW,reference,78.07
1984-01-25,FRF,KRW,reference,92.62
1984-01-25,GBP,KRW,reference,1121.04
1984-01-25,HKD,KRW,reference,102.56
1984-01-25,ITL,KRW,reference,0.466
1984-01-25,JPY,KRW,reference,3.4128
1984-01-25,KWD,KRW,reference,2712.58
1984-01-25,MYR,KRW,reference,342.08
1984-01-25,NLG,KRW,reference,251.51
1984-01-25,NOK,KRW,reference,101.32
1984-01-25,SAR,KRW,reference,227.75
1984-01-25,SEK,KRW,reference,97.79
1984-01-25,SGD,KRW,reference,375.85
1984-01-25,USD,KRW,reference,799.6
1984-01-26,AED,KRW,reference,217.63
1984-01-26,ATS,KRW,reference,40.24
1984-01-26,AUD,KRW,reference,727.4
1984-01-26,BEF,KRW,reference,13.92
1984-01-26,BHD,KRW,reference,2120.16
1984-01-26,CAD,KRW,reference,641.01
1984-01-26,CHF,KRW,reference,357.19
1984-01-26,DEM,KRW,reference,284.15
1984-01-26,DKK,KRW,reference,78.35
1984-01-26,FRF,KRW,reference,92.92
1984-01-26,GBP,KRW,reference,1124.62
1984-01-26,HKD,KRW,reference,102.51
1984-01-26,ITL,KRW,reference,0.46759999999999996
1984-01-26,JPY,KRW,reference,3.4166000000000003
1984-01-26,KWD,KRW,reference,2712.48
1984-01-26,MYR,KRW,reference,341.95
1984-01-26,NLG,KRW,reference,252.47
1984-01-26,NOK,KRW,reference,101.6
1984-01-26,SAR,KRW,reference,227.66
1984-01-26,SEK,KRW,reference,98.11
1984-01-26,SGD,KRW,reference,375.7
1984-01-26,USD,KRW,reference,799.3
1984-01-27,AED,KRW,reference,217.47
1984-01-27,ATS,KRW,reference,40.33
1984-01-27,AUD,KRW,reference,725.24
1984-01-27,BEF,KRW,reference,13.88
1984-01-27,BHD,KRW,reference,2118.57
1984-01-27,CAD,KRW,reference,640.22
1984-01-27,CHF,KRW,reference,355.58
1984-01-27,DEM,KRW,reference,283.38
1984-01-27,DKK,KRW,reference,78.25
1984-01-27,FRF,KRW,reference,92.74
1984-01-27,GBP,KRW,reference,1120.58
1984-01-27,HKD,KRW,reference,102.49
1984-01-27,ITL,KRW,reference,0.46659999999999996
1984-01-27,JPY,KRW,reference,3.4097000000000004
1984-01-27,KWD,KRW,reference,2713.67
1984-01-27,MYR,KRW,reference,341.69
1984-01-27,NLG,KRW,reference,252.2
1984-01-27,NOK,KRW,reference,101.4
1984-01-27,SAR,KRW,reference,227.52
1984-01-27,SEK,KRW,reference,97.97
1984-01-27,SGD,KRW,reference,375.42
1984-01-27,USD,KRW,reference,798.7
1984-01-28,AED,KRW,reference,217.5
1984-01-28,ATS,KRW,reference,40.3
1984-01-28,AUD,KRW,reference,732.61
1984-01-28,BEF,KRW,reference,13.89
1984-01-28,BHD,KRW,reference,2119.19
1984-01-28,CAD,KRW,reference,640.15
1984-01-28,CHF,KRW,reference,356.26
1984-01-28,DEM,KRW,reference,283.96
1984-01-28,DKK,KRW,reference,78.19
1984-01-28,FRF,KRW,reference,92.74
1984-01-28,GBP,KRW,reference,1123.66
1984-01-28,HKD,KRW,reference,102.45
1984-01-28,ITL,KRW,reference,0.466
1984-01-28,JPY,KRW,reference,3.4133999999999998
1984-01-28,KWD,KRW,reference,2714.81
1984-01-28,MYR,KRW,reference,341.78
1984-01-28,NLG,KRW,reference,251.94
1984-01-28,NOK,KRW,reference,101.42
1984-01-28,SAR,KRW,reference,227.58
1984-01-28,SEK,KRW,reference,97.88
1984-01-28,SGD,KRW,reference,375.52
1984-01-28,USD,KRW,reference,798.9
1984-01-30,AED,KRW,reference,217.5
1984-01-30,ATS,KRW,reference,40.3
1984-01-30,AUD,KRW,reference,732.61
1984-01-30,BEF,KRW,reference,13.89
1984-01-30,BHD,KRW,reference,2119.19
1984-01-30,CAD,KRW,reference,640.15
1984-01-30,CHF,KRW,reference,356.26
1984-01-30,DEM,KRW,reference,283.96
1984-01-30,DKK,KRW,reference,78.19
1984-01-30,FRF,KRW,reference,92.74
1984-01-30,GBP,KRW,reference,1123.66
1984-01-30,HKD,KRW,reference,102.45
1984-01-30,ITL,KRW,reference,0.466
1984-01-30,JPY,KRW,reference,3.4133999999999998
1984-01-30,KWD,KRW,reference,2714.81
1984-01-30,MYR,KRW,reference,341.78
1984-01-30,NLG,KRW,reference,251.94
1984-01-30,NOK,KRW,reference,101.42
1984-01-30,SAR,KRW,reference,227.58
1984-01-30,SEK,KRW,reference,97.88
1984-01-30,SGD,KRW,reference,375.52
1984-01-30,USD,KRW,reference,798.9
1984-01-31,AED,KRW,reference,217.63
1984-01-31,ATS,KRW,reference,40.28
1984-01-31,AUD,KRW,reference,734.59
1984-01-31,BEF,KRW,reference,13.91
1984-01-31,BHD,KRW,reference,2120.16
1984-01-31,CAD,KRW,reference,639.83
1984-01-31,CHF,KRW,reference,355.84
1984-01-31,DEM,KRW,reference,283.8
1984-01-31,DKK,KRW,reference,78.23
1984-01-31,FRF,KRW,reference,92.82
1984-01-31,GBP,KRW,reference,1123.42
1984-01-31,HKD,KRW,reference,102.39
1984-01-31,ITL,KRW,reference,0.46630000000000005
1984-01-31,JPY,KRW,reference,3.4052999999999995
1984-01-31,KWD,KRW,reference,2714.79
1984-01-31,MYR,KRW,reference,341.95
1984-01-31,NLG,KRW,reference,252.21
1984-01-31,NOK,KRW,reference,101.6
1984-01-31,SAR,KRW,reference,227.69
1984-01-31,SEK,KRW,reference,97.6
1984-01-31,SGD,KRW,reference,375.7
1984-01-31,USD,KRW,reference,799.3
1984-02-01,AED,KRW,reference,217.63
1984-02-01,ATS,KRW,reference,40.3
1984-02-01,AUD,KRW,reference,734.35
1984-02-01,BEF,KRW,reference,13.92
1984-02-01,BHD,KRW,reference,2120.16
1984-02-01,CAD,KRW,reference,640.34
1984-02-01,CHF,KRW,reference,355.88
1984-02-01,DEM,KRW,reference,284.4
1984-02-01,DKK,KRW,reference,78.35
1984-02-01,FRF,KRW,reference,92.95
1984-02-01,GBP,KRW,reference,1122.22
1984-02-01,HKD,KRW,reference,102.45
1984-02-01,ITL,KRW,reference,0.4669
1984-02-01,JPY,KRW,reference,3.4071
1984-02-01,KWD,KRW,reference,2714.79
1984-02-01,MYR,KRW,reference,341.59
1984-02-01,NLG,KRW,reference,252.47
1984-02-01,NOK,KRW,reference,101.54
1984-02-01,SAR,KRW,reference,227.69
1984-02-01,SEK,KRW,reference,97.69
1984-02-01,SGD,KRW,reference,375.09
1984-02-01,USD,KRW,reference,799.3
1984-02-02,AED,KRW,reference,217.44
1984-02-02,ATS,KRW,reference,40.64
1984-02-02,AUD,KRW,reference,735.36
1984-02-02,BEF,KRW,reference,14.01
1984-02-02,BHD,KRW,reference,2118.31
1984-02-02,CAD,KRW,reference,640.24
1984-02-02,CHF,KRW,reference,357.44
1984-02-02,DEM,KRW,reference,286.45
1984-02-02,DKK,KRW,reference,78.82
1984-02-02,FRF,KRW,reference,93.52
1984-02-02,GBP,KRW,reference,1125.23
1984-02-02,HKD,KRW,reference,102.46
1984-02-02,ITL,KRW,reference,0.4694
1984-02-02,JPY,KRW,reference,3.4092000000000002
1984-02-02,KWD,KRW,reference,2713.79
1984-02-02,MYR,KRW,reference,342.75
1984-02-02,NLG,KRW,reference,254.21
1984-02-02,NOK,KRW,reference,101.83
1984-02-02,SAR,KRW,reference,227.43
1984-02-02,SEK,KRW,reference,98.08
1984-02-02,SGD,KRW,reference,374.93
1984-02-02,USD,KRW,reference,798.6
1984-02-03,AED,KRW,reference,217.17
1984-02-03,ATS,KRW,reference,41.07
1984-02-03,AUD,KRW,reference,736.41
1984-02-03,BEF,KRW,reference,14.17
1984-02-03,BHD,KRW,reference,2115.65
1984-02-03,CAD,KRW,reference,640.52
1984-02-03,CHF,KRW,reference,361.93
1984-02-03,DEM,KRW,reference,290.52
1984-02-03,DKK,KRW,reference,79.82
1984-02-03,FRF,KRW,reference,94.42
1984-02-03,GBP,KRW,reference,1139.38
1984-02-03,HKD,KRW,reference,102.33
1984-02-03,ITL,KRW,reference,0.47240000000000004
1984-02-03,JPY,KRW,reference,3.4166000000000003
1984-02-03,KWD,KRW,reference,2711.32
1984-02-03,MYR,KRW,reference,341.22
1984-02-03,NLG,KRW,reference,257.34
1984-02-03,NOK,KRW,reference,102.2
1984-02-03,SAR,KRW,reference,227.18
1984-02-03,SEK,KRW,reference,98.47
1984-02-03,SGD,KRW,reference,374.91
1984-02-03,USD,KRW,reference,797.6
1984-02-04,AED,KRW,reference,216.9
1984-02-04,ATS,KRW,reference,41.23
1984-02-04,AUD,KRW,reference,734.88
1984-02-04,BEF,KRW,reference,14.24
1984-02-04,BHD,KRW,reference,2113
1984-02-04,CAD,KRW,reference,639.95
1984-02-04,CHF,KRW,reference,363
1984-02-04,DEM,KRW,reference,291.48
1984-02-04,DKK,KRW,reference,80.19
1984-02-04,FRF,KRW,reference,94.84
1984-02-04,GBP,KRW,reference,1141.73
1984-02-04,HKD,KRW,reference,102.2
1984-02-04,ITL,KRW,reference,0.47490000000000004
1984-02-04,JPY,KRW,reference,3.4233
1984-02-04,KWD,KRW,reference,2707.92
1984-02-04,MYR,KRW,reference,340.8
1984-02-04,NLG,KRW,reference,258.31
1984-02-04,NOK,KRW,reference,102.46
1984-02-04,SAR,KRW,reference,226.89
1984-02-04,SEK,KRW,reference,98.66
1984-02-04,SGD,KRW,reference,374.44
1984-02-04,USD,KRW,reference,796.6
1984-02-06,AED,KRW,reference,216.9
1984-02-06,ATS,KRW,reference,41.23
1984-02-06,AUD,KRW,reference,734.88
1984-02-06,BEF,KRW,reference,14.24
1984-02-06,BHD,KRW,reference,2113
1984-02-06,CAD,KRW,reference,639.95
1984-02-06,CHF,KRW,reference,363
1984-02-06,DEM,KRW,reference,291.48
1984-02-06,DKK,KRW,reference,80.19
1984-02-06,FRF,KRW,reference,94.84
1984-02-06,GBP,KRW,reference,1141.73
1984-02-06,HKD,KRW,reference,102.2
1984-02-06,ITL,KRW,reference,0.47490000000000004
1984-02-06,JPY,KRW,reference,3.4233
1984-02-06,KWD,KRW,reference,2707.92
1984-02-06,MYR,KRW,reference,340.8
1984-02-06,NLG,KRW,reference,258.31
1984-02-06,NOK,KRW,reference,102.46
1984-02-06,SAR,KRW,reference,226.89
1984-02-06,SEK,KRW,reference,98.66
1984-02-06,SGD,KRW,reference,374.44
1984-02-06,USD,KRW,reference,796.6
1984-02-07,AED,KRW,reference,217.09
1984-02-07,ATS,KRW,reference,41.05
1984-02-07,AUD,KRW,reference,735.15
1984-02-07,BEF,KRW,reference,14.12
1984-02-07,BHD,KRW,reference,2114.86
1984-02-07,CAD,KRW,reference,639.69
1984-02-07,CHF,KRW,reference,358.3
1984-02-07,DEM,KRW,reference,288.86
1984-02-07,DKK,KRW,reference,79.56
1984-02-07,FRF,KRW,reference,94.19
1984-02-07,GBP,KRW,reference,1129.78
1984-02-07,HKD,KRW,reference,102.23
1984-02-07,ITL,KRW,reference,0.4697
1984-02-07,JPY,KRW,reference,3.4131
1984-02-07,KWD,KRW,reference,2716.76
1984-02-07,MYR,KRW,reference,341.1
1984-02-07,NLG,KRW,reference,256.1
1984-02-07,NOK,KRW,reference,101.93
1984-02-07,SAR,KRW,reference,227.12
1984-02-07,SEK,KRW,reference,98.04
1984-02-07,SGD,KRW,reference,374.76
1984-02-07,USD,KRW,reference,797.3
1984-02-08,AED,KRW,reference,217.36
1984-02-08,ATS,KRW,reference,41.02
1984-02-08,AUD,KRW,reference,736.48
1984-02-08,BEF,KRW,reference,14.14
1984-02-08,BHD,KRW,reference,2117.51
1984-02-08,CAD,KRW,reference,640.46
1984-02-08,CHF,KRW,reference,357.99
1984-02-08,DEM,KRW,reference,289.61
1984-02-08,DKK,KRW,reference,79.48
1984-02-08,FRF,KRW,reference,94.34
1984-02-08,GBP,KRW,reference,1126.81
1984-02-08,HKD,KRW,reference,102.38
1984-02-08,ITL,KRW,reference,0.4705
1984-02-08,JPY,KRW,reference,3.4079
1984-02-08,KWD,KRW,reference,2717.39
1984-02-08,MYR,KRW,reference,341.52
1984-02-08,NLG,KRW,reference,256.43
1984-02-08,NOK,KRW,reference,102.42
1984-02-08,SAR,KRW,reference,227.41
1984-02-08,SEK,KRW,reference,98.2
1984-02-08,SGD,KRW,reference,374.79
1984-02-08,USD,KRW,reference,798.3
1984-02-09,AED,KRW,reference,217.09
1984-02-09,ATS,KRW,reference,41.16
1984-02-09,AUD,KRW,reference,740.34
1984-02-09,BEF,KRW,reference,14.18
1984-02-09,BHD,KRW,reference,2114.86
1984-02-09,CAD,KRW,reference,640.23
1984-02-09,CHF,KRW,reference,358.06
1984-02-09,DEM,KRW,reference,290.67
1984-02-09,DKK,KRW,reference,79.52
1984-02-09,FRF,KRW,reference,94.5
1984-02-09,GBP,KRW,reference,1132.97
1984-02-09,HKD,KRW,reference,102.29
1984-02-09,ITL,KRW,reference,0.47200000000000003
1984-02-09,JPY,KRW,reference,3.4101999999999997
1984-02-09,KWD,KRW,reference,2712.6
1984-02-09,MYR,KRW,reference,341.1
1984-02-09,NLG,KRW,reference,257.36
1984-02-09,NOK,KRW,reference,102.58
1984-02-09,SAR,KRW,reference,227.09
1984-02-09,SEK,KRW,reference,98.29
1984-02-09,SGD,KRW,reference,374.32
1984-02-09,USD,KRW,reference,797.3
1984-02-10,AED,KRW,reference,216.95
1984-02-10,ATS,KRW,reference,41.4
1984-02-10,AUD,KRW,reference,742.46
1984-02-10,BEF,KRW,reference,14.21
1984-02-10,BHD,KRW,reference,2113.53
1984-02-10,CAD,KRW,reference,639.62
1984-02-10,CHF,KRW,reference,356.99
1984-02-10,DEM,KRW,reference,290.89
1984-02-10,DKK,KRW,reference,79.88
1984-02-10,FRF,KRW,reference,94.58
1984-02-10,GBP,KRW,reference,1128.67
1984-02-10,HKD,KRW,reference,102.18
1984-02-10,ITL,KRW,reference,0.47240000000000004
1984-02-10,JPY,KRW,reference,3.4045
1984-02-10,KWD,KRW,reference,2713.21
1984-02-10,MYR,KRW,reference,340.52
1984-02-10,NLG,KRW,reference,257.76
1984-02-10,NOK,KRW,reference,102.59
1984-02-10,SAR,KRW,reference,226.95
1984-02-10,SEK,KRW,reference,98.56
1984-02-10,SGD,KRW,reference,374.09
1984-02-10,USD,KRW,reference,796.8
1984-02-11,AED,KRW,reference,217.2
1984-02-11,ATS,KRW,reference,41.18
1984-02-11,AUD,KRW,reference,734.54
1984-02-11,BEF,KRW,reference,14.19
1984-02-11,BHD,KRW,reference,2115.92
1984-02-11,CAD,KRW,reference,639.91
1984-02-11,CHF,KRW,reference,357.4
1984-02-11,DEM,KRW,reference,290.92
1984-02-11,DKK,KRW,reference,79.83
1984-02-11,FRF,KRW,reference,94.55
1984-02-11,GBP,KRW,reference,1130.74
1984-02-11,HKD,KRW,reference,102.31
1984-02-11,ITL,KRW,reference,0.4725
1984-02-11,JPY,KRW,reference,3.4068
1984-02-11,KWD,KRW,reference,2717.52
1984-02-11,MYR,KRW,reference,340.9
1984-02-11,NLG,KRW,reference,258.1
1984-02-11,NOK,KRW,reference,102.64
1984-02-11,SAR,KRW,reference,227.24
1984-02-11,SEK,KRW,reference,98.52
1984-02-11,SGD,KRW,reference,374.07
1984-02-11,USD,KRW,reference,797.7
1984-02-13,AED,KRW,reference,217.2
1984-02-13,ATS,KRW,reference,41.18
1984-02-13,AUD,KRW,reference,734.54
1984-02-13,BEF,KRW,reference,14.19
1984-02-13,BHD,KRW,reference,2115.92
1984-02-13,CAD,KRW,reference,639.91
1984-02-13,CHF,KRW,reference,357.4
1984-02-13,DEM,KRW,reference,290.92
1984-02-13,DKK,KRW,reference,79.83
1984-02-13,FRF,KRW,reference,94.55
1984-02-13,GBP,KRW,reference,1130.74
1984-02-13,HKD,KRW,reference,102.31
1984-02-13,ITL,KRW,reference,0.4725
1984-02-13,JPY,KRW,reference,3.4068
1984-02-13,KWD,KRW,reference,2717.52
1984-02-13,MYR,KRW,reference,340.9
1984-02-13,NLG,KRW,reference,258.1
1984-02-13,NOK,KRW,reference,102.64
1984-02-13,SAR,KRW,reference,227.24
1984-02-13,SEK,KRW,reference,98.52
1984-02-13,SGD,KRW,reference,374.07
1984-02-13,USD,KRW,reference,797.7
1984-02-14,AED,KRW,reference,217.09
1984-02-14,ATS,KRW,reference,41.33
1984-02-14,AUD,KRW,reference,743.09
1984-02-14,BEF,KRW,reference,14.23
1984-02-14,BHD,KRW,reference,2114.86
1984-02-14,CAD,KRW,reference,639.79
1984-02-14,CHF,KRW,reference,356.62
1984-02-14,DEM,KRW,reference,291.33
1984-02-14,DKK,KRW,reference,80.01
1984-02-14,FRF,KRW,reference,94.67
1984-02-14,GBP,KRW,reference,1132.01
1984-02-14,HKD,KRW,reference,102.4
1984-02-14,ITL,KRW,reference,0.4732
1984-02-14,JPY,KRW,reference,3.4027
1984-02-14,KWD,KRW,reference,2714.91
1984-02-14,MYR,KRW,reference,341.1
1984-02-14,NLG,KRW,reference,258.35
1984-02-14,NOK,KRW,reference,102.73
1984-02-14,SAR,KRW,reference,227.12
1984-02-14,SEK,KRW,reference,98.38
1984-02-14,SGD,KRW,reference,374.32
1984-02-14,USD,KRW,reference,797.3
1984-02-15,AED,KRW,reference,216.98
1984-02-15,ATS,KRW,reference,41.78
1984-02-15,AUD,KRW,reference,746.34
1984-02-15,BEF,KRW,reference,14.41
1984-02-15,BHD,KRW,reference,2113.8
1984-02-15,CAD,KRW,reference,639.96
1984-02-15,CHF,KRW,reference,362.23
1984-02-15,DEM,KRW,reference,295.56
1984-02-15,DKK,KRW,reference,81.01
1984-02-15,FRF,KRW,reference,95.7
1984-02-15,GBP,KRW,reference,1146.54
1984-02-15,HKD,KRW,reference,102.46
1984-02-15,ITL,KRW,reference,0.47840000000000005
1984-02-15,JPY,KRW,reference,3.4122000000000003
1984-02-15,KWD,KRW,reference,2713.09
1984-02-15,MYR,KRW,reference,340.56
1984-02-15,NLG,KRW,reference,261.54
1984-02-15,NOK,KRW,reference,103.57
1984-02-15,SAR,KRW,reference,227.01
1984-02-15,SEK,KRW,reference,99.37
1984-02-15,SGD,KRW,reference,373.87
1984-02-15,USD,KRW,reference,796.9
1984-02-16,AED,KRW,reference,216.71
1984-02-16,ATS,KRW,reference,41.84
1984-02-16,AUD,KRW,reference,747.79
1984-02-16,BEF,KRW,reference,14.44
1984-02-16,BHD,KRW,reference,2111.15
1984-02-16,CAD,KRW,reference,638.28
1984-02-16,CHF,KRW,reference,360.14
1984-02-16,DEM,KRW,reference,296.18
1984-02-16,DKK,KRW,reference,81.3
1984-02-16,FRF,KRW,reference,96.1
1984-02-16,GBP,KRW,reference,1144.11
1984-02-16,HKD,KRW,reference,102.27
1984-02-16,ITL,KRW,reference,0.4789
1984-02-16,JPY,KRW,reference,3.4057
1984-02-16,KWD,KRW,reference,2716.39
1984-02-16,MYR,KRW,reference,340.86
1984-02-16,NLG,KRW,reference,262.42
1984-02-16,NOK,KRW,reference,103.71
1984-02-16,SAR,KRW,reference,226.82
1984-02-16,SEK,KRW,reference,99.55
1984-02-16,SGD,KRW,reference,374.11
1984-02-16,USD,KRW,reference,795.9
1984-02-17,AED,KRW,reference,216.44
1984-02-17,ATS,KRW,reference,42.14
1984-02-17,AUD,KRW,reference,753.21
1984-02-17,BEF,KRW,reference,14.5
1984-02-17,BHD,KRW,reference,2108.49
1984-02-17,CAD,KRW,reference,637.48
1984-02-17,CHF,KRW,reference,363.14
1984-02-17,DEM,KRW,reference,296.94
1984-02-17,DKK,KRW,reference,81.32
1984-02-17,FRF,KRW,reference,96.53
1984-02-17,GBP,KRW,reference,1150.23
1984-02-17,HKD,KRW,reference,102.08
1984-02-17,ITL,KRW,reference,0.47979999999999995
1984-02-17,JPY,KRW,reference,3.4131
1984-02-17,KWD,KRW,reference,2710.89
1984-02-17,MYR,KRW,reference,340.51
1984-02-17,NLG,KRW,reference,263.26
1984-02-17,NOK,KRW,reference,103.95
1984-02-17,SAR,KRW,reference,227.09
1984-02-17,SEK,KRW,reference,99.71
1984-02-17,SGD,KRW,reference,374.14
1984-02-17,USD,KRW,reference,794.9
1984-02-18,AED,KRW,reference,216.6
1984-02-18,ATS,KRW,reference,42.04
1984-02-18,AUD,KRW,reference,752.18
1984-02-18,BEF,KRW,reference,14.48
1984-02-18,BHD,KRW,reference,2110.08
1984-02-18,CAD,KRW,reference,637.3
1984-02-18,CHF,KRW,reference,362.58
1984-02-18,DEM,KRW,reference,296.53
1984-02-18,DKK,KRW,reference,81.28
1984-02-18,FRF,KRW,reference,96.28
1984-02-18,GBP,KRW,reference,1153.68
1984-02-18,HKD,KRW,reference,102.25
1984-02-18,ITL,KRW,reference,0.479
1984-02-18,JPY,KRW,reference,3.412
1984-02-18,KWD,KRW,reference,2716.18
1984-02-18,MYR,KRW,reference,340.76
1984-02-18,NLG,KRW,reference,262.55
1984-02-18,NOK,KRW,reference,103.89
1984-02-18,SAR,KRW,reference,227.16
1984-02-18,SEK,KRW,reference,99.75
1984-02-18,SGD,KRW,reference,374.36
1984-02-18,USD,KRW,reference,795.5
1984-02-20,AED,KRW,reference,216.6
1984-02-20,ATS,KRW,reference,42.04
1984-02-20,AUD,KRW,reference,752.18
1984-02-20,BEF,KRW,reference,14.48
1984-02-20,BHD,KRW,reference,2110.08
1984-02-20,CAD,KRW,reference,637.3
1984-02-20,CHF,KRW,reference,362.58
1984-02-20,DEM,KRW,reference,296.53
1984-02-20,DKK,KRW,reference,81.28
1984-02-20,FRF,KRW,reference,96.28
1984-02-20,GBP,KRW,reference,1153.68
1984-02-20,HKD,KRW,reference,102.25
1984-02-20,ITL,KRW,reference,0.479
1984-02-20,JPY,KRW,reference,3.412
1984-02-20,KWD,KRW,reference,2716.18
1984-02-20,MYR,KRW,reference,340.76
1984-02-20,NLG,KRW,reference,262.55
1984-02-20,NOK,KRW,reference,103.89
1984-02-20,SAR,KRW,reference,227.16
1984-02-20,SEK,KRW,reference,99.75
1984-02-20,SGD,KRW,reference,374.36
1984-02-20,USD,KRW,reference,795.5
1984-02-21,AED,KRW,reference,216.65
1984-02-21,ATS,KRW,reference,42.02
1984-02-21,AUD,KRW,reference,743.39
1984-02-21,BEF,KRW,reference,14.46
1984-02-21,BHD,KRW,reference,2110.62
1984-02-21,CAD,KRW,reference,637.43
1984-02-21,CHF,KRW,reference,360.83
1984-02-21,DEM,KRW,reference,296.3
1984-02-21,DKK,KRW,reference,81.14
1984-02-21,FRF,KRW,reference,96.08
1984-02-21,GBP,KRW,reference,1150.99
1984-02-21,HKD,KRW,reference,102.14
1984-02-21,ITL,KRW,reference,0.47850000000000004
1984-02-21,JPY,KRW,reference,3.4107
1984-02-21,KWD,KRW,reference,2714.55
1984-02-21,MYR,KRW,reference,340.85
1984-02-21,NLG,KRW,reference,262.51
1984-02-21,NOK,KRW,reference,103.74
1984-02-21,SAR,KRW,reference,226.73
1984-02-21,SEK,KRW,reference,99.77
1984-02-21,SGD,KRW,reference,374.45
1984-02-21,USD,KRW,reference,795.7
1984-02-22,AED,KRW,reference,216.93
1984-02-22,ATS,KRW,reference,41.88
1984-02-22,AUD,KRW,reference,750.3
1984-02-22,BEF,KRW,reference,14.48
1984-02-22,BHD,KRW,reference,2113.27
1984-02-22,CAD,KRW,reference,638.51
1984-02-22,CHF,KRW,reference,361.32
1984-02-22,DEM,KRW,reference,296.67
1984-02-22,DKK,KRW,reference,81.24
1984-02-22,FRF,KRW,reference,96.17
1984-02-22,GBP,KRW,reference,1152.03
1984-02-22,HKD,KRW,reference,102.17
1984-02-22,ITL,KRW,reference,0.48009999999999997
1984-02-22,JPY,KRW,reference,3.4091000000000005
1984-02-22,KWD,KRW,reference,2717.96
1984-02-22,MYR,KRW,reference,340.84
1984-02-22,NLG,KRW,reference,262.94
1984-02-22,NOK,KRW,reference,103.98
1984-02-22,SAR,KRW,reference,226.95
1984-02-22,SEK,KRW,reference,100
1984-02-22,SGD,KRW,reference,374.31
1984-02-22,USD,KRW,reference,796.7
1984-02-23,AED,KRW,reference,216.67
1984-02-23,ATS,KRW,reference,42.39
1984-02-23,AUD,KRW,reference,749.78
1984-02-23,BEF,KRW,reference,14.6
1984-02-23,BHD,KRW,reference,2111.18
1984-02-23,CAD,KRW,reference,636.9
1984-02-23,CHF,KRW,reference,362.51
1984-02-23,DEM,KRW,reference,298.92
1984-02-23,DKK,KRW,reference,81.68
1984-02-23,FRF,KRW,reference,96.87
1984-02-23,GBP,KRW,reference,1154.96
1984-02-23,HKD,KRW,reference,102.05
1984-02-23,ITL,KRW,reference,0.4829
1984-02-23,JPY,KRW,reference,3.4092000000000002
1984-02-23,KWD,KRW,reference,2716.86
1984-02-23,MYR,KRW,reference,340.78
1984-02-23,NLG,KRW,reference,264.84
1984-02-23,NOK,KRW,reference,104.26
1984-02-23,SAR,KRW,reference,226.73
1984-02-23,SEK,KRW,reference,100.5
1984-02-23,SGD,KRW,reference,374.01
1984-02-23,USD,KRW,reference,795.7
1984-02-24,AED,KRW,reference,216.51
1984-02-24,ATS,KRW,reference,42.4
1984-02-24,AUD,KRW,reference,752.58
1984-02-24,BEF,KRW,reference,14.65
1984-02-24,BHD,KRW,reference,2109.58
1984-02-24,CAD,KRW,reference,636.31
1984-02-24,CHF,KRW,reference,364.15
1984-02-24,DEM,KRW,reference,300.13
1984-02-24,DKK,KRW,reference,81.91
1984-02-24,FRF,KRW,reference,97.41
1984-02-24,GBP,KRW,reference,1163.04
1984-02-24,HKD,KRW,reference,102.19
1984-02-24,ITL,KRW,reference,0.4844
1984-02-24,JPY,KRW,reference,3.4074
1984-02-24,KWD,KRW,reference,2716.44
1984-02-24,MYR,KRW,reference,340.52
1984-02-24,NLG,KRW,reference,265.66
1984-02-24,NOK,KRW,reference,104.73
1984-02-24,SAR,KRW,reference,226.63
1984-02-24,SEK,KRW,reference,100.87
1984-02-24,SGD,KRW,reference,374.17
1984-02-24,USD,KRW,reference,795.1
1984-02-25,AED,KRW,reference,216.23
1984-02-25,ATS,KRW,reference,42.99
1984-02-25,AUD,KRW,reference,749.97
1984-02-25,BEF,KRW,reference,14.76
1984-02-25,BHD,KRW,reference,2106.93
1984-02-25,CAD,KRW,reference,634.65
1984-02-25,CHF,KRW,reference,365.53
1984-02-25,DEM,KRW,reference,302.15
1984-02-25,DKK,KRW,reference,82.27
1984-02-25,FRF,KRW,reference,97.98
1984-02-25,GBP,KRW,reference,1168.52
1984-02-25,HKD,KRW,reference,102.04
1984-02-25,ITL,KRW,reference,0.4874
1984-02-25,JPY,KRW,reference,3.4046
1984-02-25,KWD,KRW,reference,2716.73
1984-02-25,MYR,KRW,reference,340.46
1984-02-25,NLG,KRW,reference,267.74
1984-02-25,NOK,KRW,reference,104.94
1984-02-25,SAR,KRW,reference,226.66
1984-02-25,SEK,KRW,reference,101.13
1984-02-25,SGD,KRW,reference,373.7
1984-02-25,USD,KRW,reference,794.1
1984-02-27,AED,KRW,reference,216.23
1984-02-27,ATS,KRW,reference,42.99
1984-02-27,AUD,KRW,reference,749.97
1984-02-27,BEF,KRW,reference,14.76
1984-02-27,BHD,KRW,reference,2106.93
1984-02-27,CAD,KRW,reference,634.65
1984-02-27,CHF,KRW,reference,365.53
1984-02-27,DEM,KRW,reference,302.15
1984-02-27,DKK,KRW,reference,82.27
1984-02-27,FRF,KRW,reference,97.98
1984-02-27,GBP,KRW,reference,1168.52
1984-02-27,HKD,KRW,reference,102.04
1984-02-27,ITL,KRW,reference,0.4874
1984-02-27,JPY,KRW,reference,3.4046
1984-02-27,KWD,KRW,reference,2716.73
1984-02-27,MYR,KRW,reference,340.46
1984-02-27,NLG,KRW,reference,267.74
1984-02-27,NOK,KRW,reference,104.94
1984-02-27,SAR,KRW,reference,226.66
1984-02-27,SEK,KRW,reference,101.13
1984-02-27,SGD,KRW,reference,373.7
1984-02-27,USD,KRW,reference,794.1
1984-02-28,AED,KRW,reference,216.29
1984-02-28,ATS,KRW,reference,43.35
1984-02-28,AUD,KRW,reference,749.84
1984-02-28,BEF,KRW,reference,14.89
1984-02-28,BHD,KRW,reference,2106.9
1984-02-28,CAD,KRW,reference,634.81
1984-02-28,CHF,KRW,reference,366.89
1984-02-28,DEM,KRW,reference,304.71
1984-02-28,DKK,KRW,reference,82.36
1984-02-28,FRF,KRW,reference,99.01
1984-02-28,GBP,KRW,reference,1179.74
1984-02-28,HKD,KRW,reference,102.11
1984-02-28,ITL,KRW,reference,0.4905
1984-02-28,JPY,KRW,reference,3.4054
1984-02-28,KWD,KRW,reference,2714.4
1984-02-28,MYR,KRW,reference,340.54
1984-02-28,NLG,KRW,reference,269.79
1984-02-28,NOK,KRW,reference,105.28
1984-02-28,SAR,KRW,reference,226.33
1984-02-28,SEK,KRW,reference,101.38
1984-02-28,SGD,KRW,reference,373.79
1984-02-28,USD,KRW,reference,794.3
1984-02-29,AED,KRW,reference,216.02
1984-02-29,ATS,KRW,reference,43.08
1984-02-29,AUD,KRW,reference,749.28
1984-02-29,BEF,KRW,reference,14.87
1984-02-29,BHD,KRW,reference,2104.81
1984-02-29,CAD,KRW,reference,633.81
1984-02-29,CHF,KRW,reference,365.41
1984-02-29,DEM,KRW,reference,303.92
1984-02-29,DKK,KRW,reference,82.96
1984-02-29,FRF,KRW,reference,98.74
1984-02-29,GBP,KRW,reference,1180.63
1984-02-29,HKD,KRW,reference,101.97
1984-02-29,ITL,KRW,reference,0.49
1984-02-29,JPY,KRW,reference,3.3981
1984-02-29,KWD,KRW,reference,2714.23
1984-02-29,MYR,KRW,reference,340.48
1984-02-29,NLG,KRW,reference,269.56
1984-02-29,NOK,KRW,reference,105.67
1984-02-29,SAR,KRW,reference,226.26
1984-02-29,SEK,KRW,reference,102
1984-02-29,SGD,KRW,reference,373.76
1984-02-29,USD,KRW,reference,793.3
1984-03-02,AED,KRW,reference,216.04
1984-03-02,ATS,KRW,reference,43.21
1984-03-02,AUD,KRW,reference,750.16
1984-03-02,BEF,KRW,reference,14.96
1984-03-02,BHD,KRW,reference,2105.07
1984-03-02,CAD,KRW,reference,634.24
1984-03-02,CHF,KRW,reference,366.64
1984-03-02,DEM,KRW,reference,306.69
1984-03-02,DKK,KRW,reference,82.92
1984-03-02,FRF,KRW,reference,99.4
1984-03-02,GBP,KRW,reference,1179.39
1984-03-02,HKD,KRW,reference,101.94
1984-03-02,ITL,KRW,reference,0.49219999999999997
1984-03-02,JPY,KRW,reference,3.3997
1984-03-02,KWD,KRW,reference,2712.25
1984-03-02,MYR,KRW,reference,339.79
1984-03-02,NLG,KRW,reference,271.72
1984-03-02,NOK,KRW,reference,106.04
1984-03-02,SAR,KRW,reference,226.14
1984-03-02,SEK,KRW,reference,102.51
1984-03-02,SGD,KRW,reference,373.37
1984-03-02,USD,KRW,reference,793.4
1984-03-03,AED,KRW,reference,215.77
1984-03-03,ATS,KRW,reference,43.13
1984-03-03,AUD,KRW,reference,751.99
1984-03-03,BEF,KRW,reference,14.93
1984-03-03,BHD,KRW,reference,2102.42
1984-03-03,CAD,KRW,reference,632.94
1984-03-03,CHF,KRW,reference,367.2
1984-03-03,DEM,KRW,reference,306.13
1984-03-03,DKK,KRW,reference,83.39
1984-03-03,FRF,KRW,reference,99.15
1984-03-03,GBP,KRW,reference,1175.53
1984-03-03,HKD,KRW,reference,101.84
1984-03-03,ITL,KRW,reference,0.4925
1984-03-03,JPY,KRW,reference,3.4778
1984-03-03,KWD,KRW,reference,2711.15
1984-03-03,MYR,KRW,reference,341.56
1984-03-03,NLG,KRW,reference,270.91
1984-03-03,NOK,KRW,reference,105.76
1984-03-03,SAR,KRW,reference,226.24
1984-03-03,SEK,KRW,reference,101.82
1984-03-03,SGD,KRW,reference,374.66
1984-03-03,USD,KRW,reference,792.4
1984-03-05,AED,KRW,reference,215.77
1984-03-05,ATS,KRW,reference,43.13
1984-03-05,AUD,KRW,reference,751.99
1984-03-05,BEF,KRW,reference,14.93
1984-03-05,BHD,KRW,reference,2102.42
1984-03-05,CAD,KRW,reference,632.94
1984-03-05,CHF,KRW,reference,367.2
1984-03-05,DEM,KRW,reference,306.13
1984-03-05,DKK,KRW,reference,83.39
1984-03-05,FRF,KRW,reference,99.15
1984-03-05,GBP,KRW,reference,1175.53
1984-03-05,HKD,KRW,reference,101.84
1984-03-05,ITL,KRW,reference,0.4925
1984-03-05,JPY,KRW,reference,3.4778
1984-03-05,KWD,KRW,reference,2711.15
1984-03-05,MYR,KRW,reference,341.56
1984-03-05,NLG,KRW,reference,270.91
1984-03-05,NOK,KRW,reference,105.76
1984-03-05,SAR,KRW,reference,226.24
1984-03-05,SEK,KRW,reference,101.82
1984-03-05,SGD,KRW,reference,374.66
1984-03-05,USD,KRW,reference,792.4
1984-03-06,AED,KRW,reference,215.5
1984-03-06,ATS,KRW,reference,43.64
1984-03-06,AUD,KRW,reference,757
1984-03-06,BEF,KRW,reference,15.04
1984-03-06,BHD,KRW,reference,2099.77
1984-03-06,CAD,KRW,reference,631.18
1984-03-06,CHF,KRW,reference,373.66
1984-03-06,DEM,KRW,reference,307.61
1984-03-06,DKK,KRW,reference,83.86
1984-03-06,FRF,KRW,reference,99.9
1984-03-06,GBP,KRW,reference,1173.85
1984-03-06,HKD,KRW,reference,101.69
1984-03-06,ITL,KRW,reference,0.493
1984-03-06,JPY,KRW,reference,3.5425999999999997
1984-03-06,KWD,KRW,reference,2717.72
1984-03-06,MYR,KRW,reference,347.11
1984-03-06,NLG,KRW,reference,270.78
1984-03-06,NOK,KRW,reference,106.41
1984-03-06,SAR,KRW,reference,225.67
1984-03-06,SEK,KRW,reference,101.83
1984-03-06,SGD,KRW,reference,381.4
1984-03-06,USD,KRW,reference,791.4
1984-03-07,AED,KRW,reference,215.23
1984-03-07,ATS,KRW,reference,43.98
1984-03-07,AUD,KRW,reference,755.25
1984-03-07,BEF,KRW,reference,15.22
1984-03-07,BHD,KRW,reference,2097.39
1984-03-07,CAD,KRW,reference,629.08
1984-03-07,CHF,KRW,reference,376.21
1984-03-07,DEM,KRW,reference,311.43
1984-03-07,DKK,KRW,reference,84.74
1984-03-07,FRF,KRW,reference,100.95
1984-03-07,GBP,KRW,reference,1172.96
1984-03-07,HKD,KRW,reference,101.65
1984-03-07,ITL,KRW,reference,0.4997
1984-03-07,JPY,KRW,reference,3.5512
1984-03-07,KWD,KRW,reference,2715.46
1984-03-07,MYR,KRW,reference,346.67
1984-03-07,NLG,KRW,reference,275.77
1984-03-07,NOK,KRW,reference,107.14
1984-03-07,SAR,KRW,reference,225.33
1984-03-07,SEK,KRW,reference,103.8
1984-03-07,SGD,KRW,reference,380.92
1984-03-07,USD,KRW,reference,790.4
1984-03-08,AED,KRW,reference,215.23
1984-03-08,ATS,KRW,reference,43.86
1984-03-08,AUD,KRW,reference,754.06
1984-03-08,BEF,KRW,reference,15.05
1984-03-08,BHD,KRW,reference,2097.11
1984-03-08,CAD,KRW,reference,626.06
1984-03-08,CHF,KRW,reference,370.91
1984-03-08,DEM,KRW,reference,307.34
1984-03-08,DKK,KRW,reference,84.16
1984-03-08,FRF,KRW,reference,99.77
1984-03-08,GBP,KRW,reference,1160.71
1984-03-08,HKD,KRW,reference,101.63
1984-03-08,ITL,KRW,reference,0.495
1984-03-08,JPY,KRW,reference,3.5219
1984-03-08,KWD,KRW,reference,2717.79
1984-03-08,MYR,KRW,reference,345.91
1984-03-08,NLG,KRW,reference,272.56
1984-03-08,NOK,KRW,reference,106.56
1984-03-08,SAR,KRW,reference,225.24
1984-03-08,SEK,KRW,reference,103.29
1984-03-08,SGD,KRW,reference,379.09
1984-03-08,USD,KRW,reference,790.4
1984-03-09,AED,KRW,reference,215.47
1984-03-09,ATS,KRW,reference,43.91
1984-03-09,AUD,KRW,reference,754.13
1984-03-09,BEF,KRW,reference,15.07
1984-03-09,BHD,KRW,reference,2099.5
1984-03-09,CAD,KRW,reference,624.63
1984-03-09,CHF,KRW,reference,373.35
1984-03-09,DEM,KRW,reference,308.56
1984-03-09,DKK,KRW,reference,84.25
1984-03-09,FRF,KRW,reference,100.23
1984-03-09,GBP,KRW,reference,1160.84
1984-03-09,HKD,KRW,reference,101.72
1984-03-09,ITL,KRW,reference,0.496
1984-03-09,JPY,KRW,reference,3.5564999999999998
1984-03-09,KWD,KRW,reference,2712.96
1984-03-09,MYR,KRW,reference,345.32
1984-03-09,NLG,KRW,reference,273.34
1984-03-09,NOK,KRW,reference,106.26
1984-03-09,SAR,KRW,reference,225.48
1984-03-09,SEK,KRW,reference,103.27
1984-03-09,SGD,KRW,reference,377.71
1984-03-09,USD,KRW,reference,791.3
1984-03-12,AED,KRW,reference,215.74
1984-03-12,ATS,KRW,reference,43.36
1984-03-12,AUD,KRW,reference,756.27
1984-03-12,BEF,KRW,reference,14.98
1984-03-12,BHD,KRW,reference,2102.15
1984-03-12,CAD,KRW,reference,622.56
1984-03-12,CHF,KRW,reference,371.11
1984-03-12,DEM,KRW,reference,306.59
1984-03-12,DKK,KRW,reference,83.96
1984-03-12,FRF,KRW,reference,100.77
1984-03-12,GBP,KRW,reference,1159.14
1984-03-12,HKD,KRW,reference,101.82
1984-03-12,ITL,KRW,reference,0.494
1984-03-12,JPY,KRW,reference,3.5261
1984-03-12,KWD,KRW,reference,2719.18
1984-03-12,MYR,KRW,reference,345.99
1984-03-12,NLG,KRW,reference,272.09
1984-03-12,NOK,KRW,reference,106.14
1984-03-12,SAR,KRW,reference,225.89
1984-03-12,SEK,KRW,reference,103.03
1984-03-12,SGD,KRW,reference,380
1984-03-12,USD,KRW,reference,792.3
1984-03-13,AED,KRW,reference,216.02
1984-03-13,ATS,KRW,reference,43.15
1984-03-13,AUD,KRW,reference,758.02
1984-03-13,BEF,KRW,reference,14.95
1984-03-13,BHD,KRW,reference,2104.25
1984-03-13,CAD,KRW,reference,628.14
1984-03-13,CHF,KRW,reference,369.5
1984-03-13,DEM,KRW,reference,305.62
1984-03-13,DKK,KRW,reference,83.66
1984-03-13,FRF,KRW,reference,99.26
1984-03-13,GBP,KRW,reference,1155.84
1984-03-13,HKD,KRW,reference,101.71
1984-03-13,ITL,KRW,reference,0.49219999999999997
1984-03-13,JPY,KRW,reference,3.5345
1984-03-13,KWD,KRW,reference,2716.09
1984-03-13,MYR,KRW,reference,345.67
1984-03-13,NLG,KRW,reference,270.99
1984-03-13,NOK,KRW,reference,105.88
1984-03-13,SAR,KRW,reference,225.98
1984-03-13,SEK,KRW,reference,102.53
1984-03-13,SGD,KRW,reference,379.57
1984-03-13,USD,KRW,reference,793.3
1984-03-14,AED,KRW,reference,215.74
1984-03-14,ATS,KRW,reference,43.9
1984-03-14,AUD,KRW,reference,764.18
1984-03-14,BEF,KRW,reference,15.06
1984-03-14,BHD,KRW,reference,2102.15
1984-03-14,CAD,KRW,reference,622.91
1984-03-14,CHF,KRW,reference,372.68
1984-03-14,DEM,KRW,reference,308.17
1984-03-14,DKK,KRW,reference,84.23
1984-03-14,FRF,KRW,reference,100.02
1984-03-14,GBP,KRW,reference,1166.27
1984-03-14,HKD,KRW,reference,101.58
1984-03-14,ITL,KRW,reference,0.4959
1984-03-14,JPY,KRW,reference,3.549
1984-03-14,KWD,KRW,reference,2712.66
1984-03-14,MYR,KRW,reference,346.74
1984-03-14,NLG,KRW,reference,273.02
1984-03-14,NOK,KRW,reference,106.35
1984-03-14,SAR,KRW,reference,225.7
1984-03-14,SEK,KRW,reference,103.14
1984-03-14,SGD,KRW,reference,380
1984-03-14,USD,KRW,reference,792.3
1984-03-15,AED,KRW,reference,215.47
1984-03-15,ATS,KRW,reference,43.78
1984-03-15,AUD,KRW,reference,762.41
1984-03-15,BEF,KRW,reference,14.98
1984-03-15,BHD,KRW,reference,2099.5
1984-03-15,CAD,KRW,reference,622.56
1984-03-15,CHF,KRW,reference,369.25
1984-03-15,DEM,KRW,reference,306.21
1984-03-15,DKK,KRW,reference,83.59
1984-03-15,FRF,KRW,reference,99.35
1984-03-15,GBP,KRW,reference,1155.7
1984-03-15,HKD,KRW,reference,101.48
1984-03-15,ITL,KRW,reference,0.49340000000000006
1984-03-15,JPY,KRW,reference,3.5232
1984-03-15,KWD,KRW,reference,2701.84
1984-03-15,MYR,KRW,reference,347.07
1984-03-15,NLG,KRW,reference,271.37
1984-03-15,NOK,KRW,reference,106.11
1984-03-15,SAR,KRW,reference,225.41
1984-03-15,SEK,KRW,reference,102.94
1984-03-15,SGD,KRW,reference,380.44
1984-03-15,USD,KRW,reference,791.3
1984-03-16,AED,KRW,reference,215.74
1984-03-16,ATS,KRW,reference,43.32
1984-03-16,AUD,KRW,reference,763.82
1984-03-16,BEF,KRW,reference,14.91
1984-03-16,BHD,KRW,reference,2102.15
1984-03-16,CAD,KRW,reference,623.99
1984-03-16,CHF,KRW,reference,369.46
1984-03-16,DEM,KRW,reference,305.56
1984-03-16,DKK,KRW,reference,83.38
1984-03-16,FRF,KRW,reference,98.83
1984-03-16,GBP,KRW,reference,1154.58
1984-03-16,HKD,KRW,reference,101.59
1984-03-16,ITL,KRW,reference,0.49060000000000004
1984-03-16,JPY,KRW,reference,3.5347000000000004
1984-03-16,KWD,KRW,reference,2703.87
1984-03-16,MYR,KRW,reference,347.5
1984-03-16,NLG,KRW,reference,270.32
1984-03-16,NOK,KRW,reference,105.82
1984-03-16,SAR,KRW,reference,225.73
1984-03-16,SEK,KRW,reference,102.57
1984-03-16,SGD,KRW,reference,380.92
1984-03-16,USD,KRW,reference,792.3
1984-03-17,AED,KRW,reference,216.05
1984-03-17,ATS,KRW,reference,42.83
1984-03-17,AUD,KRW,reference,764.37
1984-03-17,BEF,KRW,reference,14.74
1984-03-17,BHD,KRW,reference,2104.81
1984-03-17,CAD,KRW,reference,623.86
1984-03-17,CHF,KRW,reference,367.27
1984-03-17,DEM,KRW,reference,301.55
1984-03-17,DKK,KRW,reference,82.47
1984-03-17,FRF,KRW,reference,97.82
1984-03-17,GBP,KRW,reference,1147.91
1984-03-17,HKD,KRW,reference,101.74
1984-03-17,ITL,KRW,reference,0.4864
1984-03-17,JPY,KRW,reference,3.5056
1984-03-17,KWD,KRW,reference,2713.53
1984-03-17,MYR,KRW,reference,346.42
1984-03-17,NLG,KRW,reference,267.2
1984-03-17,NOK,KRW,reference,105.04
1984-03-17,SAR,KRW,reference,226.13
1984-03-17,SEK,KRW,reference,101.94
1984-03-17,SGD,KRW,reference,379.57
1984-03-17,USD,KRW,reference,793.3
1984-03-19,AED,KRW,reference,216.05
1984-03-19,ATS,KRW,reference,42.83
1984-03-19,AUD,KRW,reference,764.37
1984-03-19,BEF,KRW,reference,14.74
1984-03-19,BHD,KRW,reference,2104.81
1984-03-19,CAD,KRW,reference,623.86
1984-03-19,CHF,KRW,reference,367.27
1984-03-19,DEM,KRW,reference,301.55
1984-03-19,DKK,KRW,reference,82.47
1984-03-19,FRF,KRW,reference,97.82
1984-03-19,GBP,KRW,reference,1147.91
1984-03-19,HKD,KRW,reference,101.74
1984-03-19,ITL,KRW,reference,0.4864
1984-03-19,JPY,KRW,reference,3.5056
1984-03-19,KWD,KRW,reference,2713.53
1984-03-19,MYR,KRW,reference,346.42
1984-03-19,NLG,KRW,reference,267.2
1984-03-19,NOK,KRW,reference,105.04
1984-03-19,SAR,KRW,reference,226.13
1984-03-19,SEK,KRW,reference,101.94
1984-03-19,SGD,KRW,reference,379.57
1984-03-19,USD,KRW,reference,793.3
1984-03-20,AED,KRW,reference,216.29
1984-03-20,ATS,KRW,reference,42.77
1984-03-20,AUD,KRW,reference,759.34
1984-03-20,BEF,KRW,reference,14.8
1984-03-20,BHD,KRW,reference,2107.46
1984-03-20,CAD,KRW,reference,621.91
1984-03-20,CHF,KRW,reference,367.23
1984-03-20,DEM,KRW,reference,302.45
1984-03-20,DKK,KRW,reference,82.42
1984-03-20,FRF,KRW,reference,98.16
1984-03-20,GBP,KRW,reference,1144.19
1984-03-20,HKD,KRW,reference,101.81
1984-03-20,ITL,KRW,reference,0.4879
1984-03-20,JPY,KRW,reference,3.5154
1984-03-20,KWD,KRW,reference,2706.54
1984-03-20,MYR,KRW,reference,345.73
1984-03-20,NLG,KRW,reference,267.69
1984-03-20,NOK,KRW,reference,104.9
1984-03-20,SAR,KRW,reference,225.69
1984-03-20,SEK,KRW,reference,101.94
1984-03-20,SGD,KRW,reference,379.15
1984-03-20,USD,KRW,reference,794.3
1984-03-21,AED,KRW,reference,216.12
1984-03-21,ATS,KRW,reference,42.85
1984-03-21,AUD,KRW,reference,760.22
1984-03-21,BEF,KRW,reference,14.72
1984-03-21,BHD,KRW,reference,2105.87
1984-03-21,CAD,KRW,reference,622
1984-03-21,CHF,KRW,reference,366.1
1984-03-21,DEM,KRW,reference,300.91
1984-03-21,DKK,KRW,reference,82.25
1984-03-21,FRF,KRW,reference,97.57
1984-03-21,GBP,KRW,reference,1141.35
1984-03-21,HKD,KRW,reference,101.77
1984-03-21,ITL,KRW,reference,0.4861
1984-03-21,JPY,KRW,reference,3.5104
1984-03-21,KWD,KRW,reference,2707.72
1984-03-21,MYR,KRW,reference,345.84
1984-03-21,NLG,KRW,reference,266.73
1984-03-21,NOK,KRW,reference,104.58
1984-03-21,SAR,KRW,reference,225.42
1984-03-21,SEK,KRW,reference,101.6
1984-03-21,SGD,KRW,reference,378.86
1984-03-21,USD,KRW,reference,793.7
1984-03-22,AED,KRW,reference,216.4
1984-03-22,ATS,KRW,reference,42.9
1984-03-22,AUD,KRW,reference,756.57
1984-03-22,BEF,KRW,reference,14.8
1984-03-22,BHD,KRW,reference,2108.52
1984-03-22,CAD,KRW,reference,623.52
1984-03-22,CHF,KRW,reference,366.73
1984-03-22,DEM,KRW,reference,302.09
1984-03-22,DKK,KRW,reference,82.46
1984-03-22,FRF,KRW,reference,98.15
1984-03-22,GBP,KRW,reference,1138.41
1984-03-22,HKD,KRW,reference,101.95
1984-03-22,ITL,KRW,reference,0.4876
1984-03-22,JPY,KRW,reference,3.5156
1984-03-22,KWD,KRW,reference,2706.98
1984-03-22,MYR,KRW,reference,346.28
1984-03-22,NLG,KRW,reference,267.31
1984-03-22,NOK,KRW,reference,104.74
1984-03-22,SAR,KRW,reference,225.66
1984-03-22,SEK,KRW,reference,101.82
1984-03-22,SGD,KRW,reference,379.34
1984-03-22,USD,KRW,reference,794.7
1984-03-23,AED,KRW,reference,216.4
1984-03-23,ATS,KRW,reference,42.63
1984-03-23,AUD,KRW,reference,747.72
1984-03-23,BEF,KRW,reference,14.72
1984-03-23,BHD,KRW,reference,2107.98
1984-03-23,CAD,KRW,reference,622.66
1984-03-23,CHF,KRW,reference,364.33
1984-03-23,DEM,KRW,reference,300.62
1984-03-23,DKK,KRW,reference,82.07
1984-03-23,FRF,KRW,reference,97.71
1984-03-23,GBP,KRW,reference,1135.29
1984-03-23,HKD,KRW,reference,101.86
1984-03-23,ITL,KRW,reference,0.4816
1984-03-23,JPY,KRW,reference,3.5047
1984-03-23,KWD,KRW,reference,2708.48
1984-03-23,MYR,KRW,reference,346.24
1984-03-23,NLG,KRW,reference,266.65
1984-03-23,NOK,KRW,reference,104.66
1984-03-23,SAR,KRW,reference,225.66
1984-03-23,SEK,KRW,reference,101.71
1984-03-23,SGD,KRW,reference,379.29
1984-03-23,USD,KRW,reference,794.6
1984-03-24,AED,KRW,reference,216.13
1984-03-24,ATS,KRW,reference,42.96
1984-03-24,AUD,KRW,reference,746.78
1984-03-24,BEF,KRW,reference,14.8
1984-03-24,BHD,KRW,reference,2105.32
1984-03-24,CAD,KRW,reference,621.73
1984-03-24,CHF,KRW,reference,365.47
1984-03-24,DEM,KRW,reference,302.65
1984-03-24,DKK,KRW,reference,82.54
1984-03-24,FRF,KRW,reference,98.13
1984-03-24,GBP,KRW,reference,1139.22
1984-03-24,HKD,KRW,reference,101.76
1984-03-24,ITL,KRW,reference,0.4886
1984-03-24,JPY,KRW,reference,3.5197000000000003
1984-03-24,KWD,KRW,reference,2703.23
1984-03-24,MYR,KRW,reference,345.8
1984-03-24,NLG,KRW,reference,268.2
1984-03-24,NOK,KRW,reference,104.91
1984-03-24,SAR,KRW,reference,225.43
1984-03-24,SEK,KRW,reference,101.88
1984-03-24,SGD,KRW,reference,380.63
1984-03-24,USD,KRW,reference,793.6
1984-03-26,AED,KRW,reference,216.13
1984-03-26,ATS,KRW,reference,42.96
1984-03-26,AUD,KRW,reference,746.78
1984-03-26,BEF,KRW,reference,14.8
1984-03-26,BHD,KRW,reference,2105.32
1984-03-26,CAD,KRW,reference,621.73
1984-03-26,CHF,KRW,reference,365.47
1984-03-26,DEM,KRW,reference,302.65
1984-03-26,DKK,KRW,reference,82.54
1984-03-26,FRF,KRW,reference,98.13
1984-03-26,GBP,KRW,reference,1139.22
1984-03-26,HKD,KRW,reference,101.76
1984-03-26,ITL,KRW,reference,0.4886
1984-03-26,JPY,KRW,reference,3.5197000000000003
1984-03-26,KWD,KRW,reference,2703.23
1984-03-26,MYR,KRW,reference,345.8
1984-03-26,NLG,KRW,reference,268.2
1984-03-26,NOK,KRW,reference,104.91
1984-03-26,SAR,KRW,reference,225.43
1984-03-26,SEK,KRW,reference,101.88
1984-03-26,SGD,KRW,reference,380.63
1984-03-26,USD,KRW,reference,793.6
1984-03-27,AED,KRW,reference,215.85
1984-03-27,ATS,KRW,reference,43.38
1984-03-27,AUD,KRW,reference,755.37
1984-03-27,BEF,KRW,reference,14.96
1984-03-27,BHD,KRW,reference,2102.67
1984-03-27,CAD,KRW,reference,619.44
1984-03-27,CHF,KRW,reference,368.01
1984-03-27,DEM,KRW,reference,306.18
1984-03-27,DKK,KRW,reference,83.15
1984-03-27,FRF,KRW,reference,99.24
1984-03-27,GBP,KRW,reference,1144.92
1984-03-27,HKD,KRW,reference,101.69
1984-03-27,ITL,KRW,reference,0.4914
1984-03-27,JPY,KRW,reference,3.529
1984-03-27,KWD,KRW,reference,2705.82
1984-03-27,MYR,KRW,reference,345.36
1984-03-27,NLG,KRW,reference,270.96
1984-03-27,NOK,KRW,reference,105.44
1984-03-27,SAR,KRW,reference,225.11
1984-03-27,SEK,KRW,reference,102.38
1984-03-27,SGD,KRW,reference,380.15
1984-03-27,USD,KRW,reference,792.6
1984-03-28,AED,KRW,reference,215.58
1984-03-28,ATS,KRW,reference,43.44
1984-03-28,AUD,KRW,reference,750.44
1984-03-28,BEF,KRW,reference,14.94
1984-03-28,BHD,KRW,reference,2100.02
1984-03-28,CAD,KRW,reference,618.66
1984-03-28,CHF,KRW,reference,367.64
1984-03-28,DEM,KRW,reference,305.23
1984-03-28,DKK,KRW,reference,83.18
1984-03-28,FRF,KRW,reference,99.14
1984-03-28,GBP,KRW,reference,1143.87
1984-03-28,HKD,KRW,reference,101.52
1984-03-28,ITL,KRW,reference,0.4911
1984-03-28,JPY,KRW,reference,3.5214
1984-03-28,KWD,KRW,reference,2707.02
1984-03-28,MYR,KRW,reference,346.44
1984-03-28,NLG,KRW,reference,270.61
1984-03-28,NOK,KRW,reference,105.59
1984-03-28,SAR,KRW,reference,224.83
1984-03-28,SEK,KRW,reference,102.78
1984-03-28,SGD,KRW,reference,379.67
1984-03-28,USD,KRW,reference,791.6
1984-03-29,AED,KRW,reference,215.66
1984-03-29,ATS,KRW,reference,43.58
1984-03-29,AUD,KRW,reference,745.01
1984-03-29,BEF,KRW,reference,15.05
1984-03-29,BHD,KRW,reference,2100.81
1984-03-29,CAD,KRW,reference,618.75
1984-03-29,CHF,KRW,reference,369.53
1984-03-29,DEM,KRW,reference,307.93
1984-03-29,DKK,KRW,reference,83.78
1984-03-29,FRF,KRW,reference,99.96
1984-03-29,GBP,KRW,reference,1149.45
1984-03-29,HKD,KRW,reference,101.54
1984-03-29,ITL,KRW,reference,0.4938
1984-03-29,JPY,KRW,reference,3.5393
1984-03-29,KWD,KRW,reference,2702.97
1984-03-29,MYR,KRW,reference,345.06
1984-03-29,NLG,KRW,reference,272.7
1984-03-29,NOK,KRW,reference,105.98
1984-03-29,SAR,KRW,reference,224.88
1984-03-29,SEK,KRW,reference,103.22
1984-03-29,SGD,KRW,reference,379.81
1984-03-29,USD,KRW,reference,791.9
1984-03-30,AED,KRW,reference,215.39
1984-03-30,ATS,KRW,reference,43.4
1984-03-30,AUD,KRW,reference,743.47
1984-03-30,BEF,KRW,reference,14.95
1984-03-30,BHD,KRW,reference,2098.16
1984-03-30,CAD,KRW,reference,618.69
1984-03-30,CHF,KRW,reference,368.55
1984-03-30,DEM,KRW,reference,305.25
1984-03-30,DKK,KRW,reference,83.32
1984-03-30,FRF,KRW,reference,99.08
1984-03-30,GBP,KRW,reference,1144.83
1984-03-30,HKD,KRW,reference,101.36
1984-03-30,ITL,KRW,reference,0.4889
1984-03-30,JPY,KRW,reference,3.5285
1984-03-30,KWD,KRW,reference,2701.86
1984-03-30,MYR,KRW,reference,345
1984-03-30,NLG,KRW,reference,270.49
1984-03-30,NOK,KRW,reference,105.63
1984-03-30,SAR,KRW,reference,224.74
1984-03-30,SEK,KRW,reference,102.62
1984-03-30,SGD,KRW,reference,379.33
1984-03-30,USD,KRW,reference,790.9
1984-03-31,AED,KRW,reference,215.64
1984-03-31,ATS,KRW,reference,43.33
1984-03-31,AUD,KRW,reference,741.15
1984-03-31,BEF,KRW,reference,14.98
1984-03-31,BHD,KRW,reference,2100.55
1984-03-31,CAD,KRW,reference,620.42
1984-03-31,CHF,KRW,reference,369.31
1984-03-31,DEM,KRW,reference,306.46
1984-03-31,DKK,KRW,reference,83.55
1984-03-31,FRF,KRW,reference,99.51
1984-03-31,GBP,KRW,reference,1141.38
1984-03-31,HKD,KRW,reference,101.5
1984-03-31,ITL,KRW,reference,0.4919
1984-03-31,JPY,KRW,reference,3.5277999999999996
1984-03-31,KWD,KRW,reference,2703.55
1984-03-31,MYR,KRW,reference,345.77
1984-03-31,NLG,KRW,reference,271.73
1984-03-31,NOK,KRW,reference,105.83
1984-03-31,SAR,KRW,reference,225.01
1984-03-31,SEK,KRW,reference,102.8
1984-03-31,SGD,KRW,reference,379.77
1984-03-31,USD,KRW,reference,791.8
1984-04-02,AED,KRW,reference,215.64
1984-04-02,ATS,KRW,reference,43.33
1984-04-02,AUD,KRW,reference,741.15
1984-04-02,BEF,KRW,reference,14.98
1984-04-02,BHD,KRW,reference,2100.55
1984-04-02,CAD,KRW,reference,620.42
1984-04-02,CHF,KRW,reference,369.31
1984-04-02,DEM,KRW,reference,306.46
1984-04-02,DKK,KRW,reference,83.55
1984-04-02,FRF,KRW,reference,99.51
1984-04-02,GBP,KRW,reference,1141.38
1984-04-02,HKD,KRW,reference,101.5
1984-04-02,ITL,KRW,reference,0.4919
1984-04-02,JPY,KRW,reference,3.5277999999999996
1984-04-02,KWD,KRW,reference,2703.55
1984-04-02,MYR,KRW,reference,345.77
1984-04-02,NLG,KRW,reference,271.73
1984-04-02,NOK,KRW,reference,105.83
1984-04-02,SAR,KRW,reference,225.01
1984-04-02,SEK,KRW,reference,102.8
1984-04-02,SGD,KRW,reference,379.77
1984-04-02,USD,KRW,reference,791.8
1984-04-03,AED,KRW,reference,215.8
1984-04-03,ATS,KRW,reference,43.05
1984-04-03,AUD,KRW,reference,743.48
1984-04-03,BEF,KRW,reference,14.78
1984-04-03,BHD,KRW,reference,2102.14
1984-04-03,CAD,KRW,reference,620.35
1984-04-03,CHF,KRW,reference,365.84
1984-04-03,DEM,KRW,reference,302.19
1984-04-03,DKK,KRW,reference,82.31
1984-04-03,FRF,KRW,reference,98.07
1984-04-03,GBP,KRW,reference,1128.78
1984-04-03,HKD,KRW,reference,101.49
1984-04-03,ITL,KRW,reference,0.48960000000000004
1984-04-03,JPY,KRW,reference,3.5167
1984-04-03,KWD,KRW,reference,2705.13
1984-04-03,MYR,KRW,reference,345.8
1984-04-03,NLG,KRW,reference,267.8
1984-04-03,NOK,KRW,reference,105.31
1984-04-03,SAR,KRW,reference,225.05
1984-04-03,SEK,KRW,reference,102.22
1984-04-03,SGD,KRW,reference,380.14
1984-04-03,USD,KRW,reference,792.4
1984-04-04,AED,KRW,reference,216.07
1984-04-04,ATS,KRW,reference,42.97
1984-04-04,AUD,KRW,reference,745.51
1984-04-04,BEF,KRW,reference,14.84
1984-04-04,BHD,KRW,reference,2104.79
1984-04-04,CAD,KRW,reference,620.89
1984-04-04,CHF,KRW,reference,366.64
1984-04-04,DEM,KRW,reference,303.73
1984-04-04,DKK,KRW,reference,82.39
1984-04-04,FRF,KRW,reference,98.69
1984-04-04,GBP,KRW,reference,1129.01
1984-04-04,HKD,KRW,reference,101.58
1984-04-04,ITL,KRW,reference,0.48950000000000005
1984-04-04,JPY,KRW,reference,3.5263
1984-04-04,KWD,KRW,reference,2703.93
1984-04-04,MYR,KRW,reference,345.71
1984-04-04,NLG,KRW,reference,269.05
1984-04-04,NOK,KRW,reference,105.34
1984-04-04,SAR,KRW,reference,225.31
1984-04-04,SEK,KRW,reference,102.21
1984-04-04,SGD,KRW,reference,380.53
1984-04-04,USD,KRW,reference,793.4
1984-04-06,AED,KRW,reference,216.07
1984-04-06,ATS,KRW,reference,42.91
1984-04-06,AUD,KRW,reference,737.16
1984-04-06,BEF,KRW,reference,14.71
1984-04-06,BHD,KRW,reference,2104.79
1984-04-06,CAD,KRW,reference,619.24
1984-04-06,CHF,KRW,reference,362.87
1984-04-06,DEM,KRW,reference,300.99
1984-04-06,DKK,KRW,reference,81.99
1984-04-06,FRF,KRW,reference,97.83
1984-04-06,GBP,KRW,reference,1123.66
1984-04-06,HKD,KRW,reference,101.68
1984-04-06,ITL,KRW,reference,0.48560000000000003
1984-04-06,JPY,KRW,reference,3.5153
1984-04-06,KWD,KRW,reference,2703.93
1984-04-06,MYR,KRW,reference,345.71
1984-04-06,NLG,KRW,reference,266.83
1984-04-06,NOK,KRW,reference,104.71
1984-04-06,SAR,KRW,reference,225.31
1984-04-06,SEK,KRW,reference,101.82
1984-04-06,SGD,KRW,reference,380.53
1984-04-06,USD,KRW,reference,793.4
1984-04-07,AED,KRW,reference,216.32
1984-04-07,ATS,KRW,reference,42.99
1984-04-07,AUD,KRW,reference,731.57
1984-04-07,BEF,KRW,reference,14.82
1984-04-07,BHD,KRW,reference,2107.18
1984-04-07,CAD,KRW,reference,621.89
1984-04-07,CHF,KRW,reference,365.87
1984-04-07,DEM,KRW,reference,303.43
1984-04-07,DKK,KRW,reference,82.47
1984-04-07,FRF,KRW,reference,98.52
1984-04-07,GBP,KRW,reference,1136.25
1984-04-07,HKD,KRW,reference,101.86
1984-04-07,ITL,KRW,reference,0.48950000000000005
1984-04-07,JPY,KRW,reference,3.5263999999999998
1984-04-07,KWD,KRW,reference,2706.31
1984-04-07,MYR,KRW,reference,346.11
1984-04-07,NLG,KRW,reference,268.89
1984-04-07,NOK,KRW,reference,104.92
1984-04-07,SAR,KRW,reference,225.59
1984-04-07,SEK,KRW,reference,102
1984-04-07,SGD,KRW,reference,380.05
1984-04-07,USD,KRW,reference,794.3
1984-04-09,AED,KRW,reference,216.32
1984-04-09,ATS,KRW,reference,42.99
1984-04-09,AUD,KRW,reference,731.57
1984-04-09,BEF,KRW,reference,14.82
1984-04-09,BHD,KRW,reference,2107.18
1984-04-09,CAD,KRW,reference,621.89
1984-04-09,CHF,KRW,reference,365.87
1984-04-09,DEM,KRW,reference,303.43
1984-04-09,DKK,KRW,reference,82.47
1984-04-09,FRF,KRW,reference,98.52
1984-04-09,GBP,KRW,reference,1136.25
1984-04-09,HKD,KRW,reference,101.86
1984-04-09,ITL,KRW,reference,0.48950000000000005
1984-04-09,JPY,KRW,reference,3.5263999999999998
1984-04-09,KWD,KRW,reference,2706.31
1984-04-09,MYR,KRW,reference,346.11
1984-04-09,NLG,KRW,reference,268.89
1984-04-09,NOK,KRW,reference,104.92
1984-04-09,SAR,KRW,reference,225.59
1984-04-09,SEK,KRW,reference,102
1984-04-09,SGD,KRW,reference,380.05
1984-04-09,USD,KRW,reference,794.3
1984-04-10,AED,KRW,reference,216.07
1984-04-10,ATS,KRW,reference,42.91
1984-04-10,AUD,KRW,reference,724.8
1984-04-10,BEF,KRW,reference,14.78
1984-04-10,BHD,KRW,reference,2104.79
1984-04-10,CAD,KRW,reference,619.82
1984-04-10,CHF,KRW,reference,365
1984-04-10,DEM,KRW,reference,302.08
1984-04-10,DKK,KRW,reference,82.23
1984-04-10,FRF,KRW,reference,98.17
1984-04-10,GBP,KRW,reference,1133.38
1984-04-10,HKD,KRW,reference,101.98
1984-04-10,ITL,KRW,reference,0.488
1984-04-10,JPY,KRW,reference,3.5204000000000004
1984-04-10,KWD,KRW,reference,2703.24
1984-04-10,MYR,KRW,reference,346.09
1984-04-10,NLG,KRW,reference,267.71
1984-04-10,NOK,KRW,reference,104.88
1984-04-10,SAR,KRW,reference,225.34
1984-04-10,SEK,KRW,reference,101.74
1984-04-10,SGD,KRW,reference,379.62
1984-04-10,USD,KRW,reference,793.4
1984-04-11,AED,KRW,reference,216.21
1984-04-11,ATS,KRW,reference,43.07
1984-04-11,AUD,KRW,reference,729.02
1984-04-11,BEF,KRW,reference,14.82
1984-04-11,BHD,KRW,reference,2106.12
1984-04-11,CAD,KRW,reference,620.99
1984-04-11,CHF,KRW,reference,365.52
1984-04-11,DEM,KRW,reference,302.82
1984-04-11,DKK,KRW,reference,82.36
1984-04-11,FRF,KRW,reference,98.49
1984-04-11,GBP,KRW,reference,1139.65
1984-04-11,HKD,KRW,reference,101.77
1984-04-11,ITL,KRW,reference,0.48979999999999996
1984-04-11,JPY,KRW,reference,3.5246
1984-04-11,KWD,KRW,reference,2701.49
1984-04-11,MYR,KRW,reference,345.93
1984-04-11,NLG,KRW,reference,268.4
1984-04-11,NOK,KRW,reference,104.98
1984-04-11,SAR,KRW,reference,225.48
1984-04-11,SEK,KRW,reference,101.92
1984-04-11,SGD,KRW,reference,380.32
1984-04-11,USD,KRW,reference,793.9
1984-04-12,AED,KRW,reference,215.94
1984-04-12,ATS,KRW,reference,43.14
1984-04-12,AUD,KRW,reference,734.44
1984-04-12,BEF,KRW,reference,14.82
1984-04-12,BHD,KRW,reference,2103.47
1984-04-12,CAD,KRW,reference,620.74
1984-04-12,CHF,KRW,reference,365.4
1984-04-12,DEM,KRW,reference,303.45
1984-04-12,DKK,KRW,reference,82.34
1984-04-12,FRF,KRW,reference,98.5
1984-04-12,GBP,KRW,reference,1135.83
1984-04-12,HKD,KRW,reference,101.64
1984-04-12,ITL,KRW,reference,0.4904
1984-04-12,JPY,KRW,reference,3.5549
1984-04-12,KWD,KRW,reference,2695.8
1984-04-12,MYR,KRW,reference,347.01
1984-04-12,NLG,KRW,reference,269.06
1984-04-12,NOK,KRW,reference,104.99
1984-04-12,SAR,KRW,reference,225.2
1984-04-12,SEK,KRW,reference,101.95
1984-04-12,SGD,KRW,reference,380.75
1984-04-12,USD,KRW,reference,792.9
1984-04-13,AED,KRW,reference,216.02
1984-04-13,ATS,KRW,reference,42.93
1984-04-13,AUD,KRW,reference,732.69
1984-04-13,BEF,KRW,reference,14.8
1984-04-13,BHD,KRW,reference,2104.26
1984-04-13,CAD,KRW,reference,621.08
1984-04-13,CHF,KRW,reference,364.53
1984-04-13,DEM,KRW,reference,302.61
1984-04-13,DKK,KRW,reference,82.31
1984-04-13,FRF,KRW,reference,98.42
1984-04-13,GBP,KRW,reference,1135.47
1984-04-13,HKD,KRW,reference,101.64
1984-04-13,ITL,KRW,reference,0.4882
1984-04-13,JPY,KRW,reference,3.5388
1984-04-13,KWD,KRW,reference,2695.9
1984-04-13,MYR,KRW,reference,346.38
1984-04-13,NLG,KRW,reference,268.16
1984-04-13,NOK,KRW,reference,105.03
1984-04-13,SAR,KRW,reference,225.38
1984-04-13,SEK,KRW,reference,101.8
1984-04-13,SGD,KRW,reference,380.44
1984-04-13,USD,KRW,reference,793.2
1984-04-14,AED,KRW,reference,216.24
1984-04-14,ATS,KRW,reference,43.04
1984-04-14,AUD,KRW,reference,728.51
1984-04-14,BEF,KRW,reference,14.73
1984-04-14,BHD,KRW,reference,2106.39
1984-04-14,CAD,KRW,reference,620.44
1984-04-14,CHF,KRW,reference,363.56
1984-04-14,DEM,KRW,reference,300.91
1984-04-14,DKK,KRW,reference,82.24
1984-04-14,FRF,KRW,reference,97.88
1984-04-14,GBP,KRW,reference,1131.06
1984-04-14,HKD,KRW,reference,101.73
1984-04-14,ITL,KRW,reference,0.4869
1984-04-14,JPY,KRW,reference,3.5238
1984-04-14,KWD,KRW,reference,2699.31
1984-04-14,MYR,KRW,reference,347.49
1984-04-14,NLG,KRW,reference,267.17
1984-04-14,NOK,KRW,reference,104.96
1984-04-14,SAR,KRW,reference,225.65
1984-04-14,SEK,KRW,reference,101.73
1984-04-14,SGD,KRW,reference,380.82
1984-04-14,USD,KRW,reference,794
1984-04-16,AED,KRW,reference,216.24
1984-04-16,ATS,KRW,reference,43.04
1984-04-16,AUD,KRW,reference,728.51
1984-04-16,BEF,KRW,reference,14.73
1984-04-16,BHD,KRW,reference,2106.39
1984-04-16,CAD,KRW,reference,620.44
1984-04-16,CHF,KRW,reference,363.56
1984-04-16,DEM,KRW,reference,300.91
1984-04-16,DKK,KRW,reference,82.24
1984-04-16,FRF,KRW,reference,97.88
1984-04-16,GBP,KRW,reference,1131.06
1984-04-16,HKD,KRW,reference,101.73
1984-04-16,ITL,KRW,reference,0.4869
1984-04-16,JPY,KRW,reference,3.5238
1984-04-16,KWD,KRW,reference,2699.31
1984-04-16,MYR,KRW,reference,347.49
1984-04-16,NLG,KRW,reference,267.17
1984-04-16,NOK,KRW,reference,104.96
1984-04-16,SAR,KRW,reference,225.65
1984-04-16,SEK,KRW,reference,101.73
1984-04-16,SGD,KRW,reference,380.82
1984-04-16,USD,KRW,reference,794
1984-04-17,AED,KRW,reference,216.51
1984-04-17,ATS,KRW,reference,42.82
1984-04-17,AUD,KRW,reference,729.43
1984-04-17,BEF,KRW,reference,14.74
1984-04-17,BHD,KRW,reference,2109.04
1984-04-17,CAD,KRW,reference,621.03
1984-04-17,CHF,KRW,reference,363.14
1984-04-17,DEM,KRW,reference,301.43
1984-04-17,DKK,KRW,reference,82.03
1984-04-17,FRF,KRW,reference,97.79
1984-04-17,GBP,KRW,reference,1129.7
1984-04-17,HKD,KRW,reference,101.8
1984-04-17,ITL,KRW,reference,0.4866
1984-04-17,JPY,KRW,reference,3.5263
1984-04-17,KWD,KRW,reference,2701.56
1984-04-17,MYR,KRW,reference,348.15
1984-04-17,NLG,KRW,reference,266.94
1984-04-17,NOK,KRW,reference,104.82
1984-04-17,SAR,KRW,reference,225.86
1984-04-17,SEK,KRW,reference,101.46
1984-04-17,SGD,KRW,reference,381.3
1984-04-17,USD,KRW,reference,795
1984-04-18,AED,KRW,reference,216.24
1984-04-18,ATS,KRW,reference,42.79
1984-04-18,AUD,KRW,reference,731.47
1984-04-18,BEF,KRW,reference,14.75
1984-04-18,BHD,KRW,reference,2106.39
1984-04-18,CAD,KRW,reference,620.54
1984-04-18,CHF,KRW,reference,362.98
1984-04-18,DEM,KRW,reference,301.5
1984-04-18,DKK,KRW,reference,81.97
1984-04-18,FRF,KRW,reference,97.94
1984-04-18,GBP,KRW,reference,1130.66
1984-04-18,HKD,KRW,reference,101.67
1984-04-18,ITL,KRW,reference,0.4869
1984-04-18,JPY,KRW,reference,3.5351999999999997
1984-04-18,KWD,KRW,reference,2696.1
1984-04-18,MYR,KRW,reference,346.73
1984-04-18,NLG,KRW,reference,267.14
1984-04-18,NOK,KRW,reference,104.65
1984-04-18,SAR,KRW,reference,225.48
1984-04-18,SEK,KRW,reference,101.44
1984-04-18,SGD,KRW,reference,380.82
1984-04-18,USD,KRW,reference,794
1984-04-19,AED,KRW,reference,216.34
1984-04-19,ATS,KRW,reference,42.81
1984-04-19,AUD,KRW,reference,733.25
1984-04-19,BEF,KRW,reference,14.74
1984-04-19,BHD,KRW,reference,2107.45
1984-04-19,CAD,KRW,reference,620.46
1984-04-19,CHF,KRW,reference,363.08
1984-04-19,DEM,KRW,reference,300.6
1984-04-19,DKK,KRW,reference,81.71
1984-04-19,FRF,KRW,reference,97.69
1984-04-19,GBP,KRW,reference,1128.45
1984-04-19,HKD,KRW,reference,101.76
1984-04-19,ITL,KRW,reference,0.48710000000000003
1984-04-19,JPY,KRW,reference,3.5362
1984-04-19,KWD,KRW,reference,2697.23
1984-04-19,MYR,KRW,reference,346.9
1984-04-19,NLG,KRW,reference,266.58
1984-04-19,NOK,KRW,reference,104.84
1984-04-19,SAR,KRW,reference,225.65
1984-04-19,SEK,KRW,reference,101.72
1984-04-19,SGD,KRW,reference,381.01
1984-04-19,USD,KRW,reference,794.4
1984-04-20,AED,KRW,reference,216.56
1984-04-20,ATS,KRW,reference,42.3
1984-04-20,AUD,KRW,reference,734.19
1984-04-20,BEF,KRW,reference,14.61
1984-04-20,BHD,KRW,reference,2109.57
1984-04-20,CAD,KRW,reference,620.94
1984-04-20,CHF,KRW,reference,360.97
1984-04-20,DEM,KRW,reference,298.31
1984-04-20,DKK,KRW,reference,81.07
1984-04-20,FRF,KRW,reference,96.98
1984-04-20,GBP,KRW,reference,1126.41
1984-04-20,HKD,KRW,reference,101.86
1984-04-20,ITL,KRW,reference,0.48219999999999996
1984-04-20,JPY,KRW,reference,3.5296
1984-04-20,KWD,KRW,reference,2699.26
1984-04-20,MYR,KRW,reference,347.25
1984-04-20,NLG,KRW,reference,264.19
1984-04-20,NOK,KRW,reference,104.16
1984-04-20,SAR,KRW,reference,225.88
1984-04-20,SEK,KRW,reference,100.73
1984-04-20,SGD,KRW,reference,381.4
1984-04-20,USD,KRW,reference,795.2
1984-04-21,AED,KRW,reference,216.67
1984-04-21,ATS,KRW,reference,42.44
1984-04-21,AUD,KRW,reference,734.97
1984-04-21,BEF,KRW,reference,14.62
1984-04-21,BHD,KRW,reference,2110.63
1984-04-21,CAD,KRW,reference,621.2
1984-04-21,CHF,KRW,reference,361.64
1984-04-21,DEM,KRW,reference,298.6
1984-04-21,DKK,KRW,reference,81.31
1984-04-21,FRF,KRW,reference,97.09
1984-04-21,GBP,KRW,reference,1127.37
1984-04-21,HKD,KRW,reference,101.94
1984-04-21,ITL,KRW,reference,0.48340000000000005
1984-04-21,JPY,KRW,reference,3.5353
1984-04-21,KWD,KRW,reference,2702.31
1984-04-21,MYR,KRW,reference,347.43
1984-04-21,NLG,KRW,reference,264.7
1984-04-21,NOK,KRW,reference,104.69
1984-04-21,SAR,KRW,reference,225.99
1984-04-21,SEK,KRW,reference,101.1
1984-04-21,SGD,KRW,reference,382.5
1984-04-21,USD,KRW,reference,795.6
1984-04-23,AED,KRW,reference,216.67
1984-04-23,ATS,KRW,reference,42.44
1984-04-23,AUD,KRW,reference,734.97
1984-04-23,BEF,KRW,reference,14.62
1984-04-23,BHD,KRW,reference,2110.63
1984-04-23,CAD,KRW,reference,621.2
1984-04-23,CHF,KRW,reference,361.64
1984-04-23,DEM,KRW,reference,298.6
1984-04-23,DKK,KRW,reference,81.31
1984-04-23,FRF,KRW,reference,97.09
1984-04-23,GBP,KRW,reference,1127.37
1984-04-23,HKD,KRW,reference,101.94
1984-04-23,ITL,KRW,reference,0.48340000000000005
1984-04-23,JPY,KRW,reference,3.5353
1984-04-23,KWD,KRW,reference,2702.31
1984-04-23,MYR,KRW,reference,347.43
1984-04-23,NLG,KRW,reference,264.7
1984-04-23,NOK,KRW,reference,104.69
1984-04-23,SAR,KRW,reference,225.99
1984-04-23,SEK,KRW,reference,101.1
1984-04-23,SGD,KRW,reference,382.5
1984-04-23,USD,KRW,reference,795.6
1984-04-24,AED,KRW,reference,216.59
1984-04-24,ATS,KRW,reference,42.43
1984-04-24,AUD,KRW,reference,734.45
1984-04-24,BEF,KRW,reference,14.66
1984-04-24,BHD,KRW,reference,2110.24
1984-04-24,CAD,KRW,reference,620.9
1984-04-24,CHF,KRW,reference,361.96
1984-04-24,DEM,KRW,reference,298.49
1984-04-24,DKK,KRW,reference,81.25
1984-04-24,FRF,KRW,reference,97.09
1984-04-24,GBP,KRW,reference,1125.89
1984-04-24,HKD,KRW,reference,101.91
1984-04-24,ITL,KRW,reference,0.483
1984-04-24,JPY,KRW,reference,3.5383
1984-04-24,KWD,KRW,reference,2700.4
1984-04-24,MYR,KRW,reference,347.34
1984-04-24,NLG,KRW,reference,264.3
1984-04-24,NOK,KRW,reference,104.46
1984-04-24,SAR,KRW,reference,225.93
1984-04-24,SEK,KRW,reference,101.14
1984-04-24,SGD,KRW,reference,380.58
1984-04-24,USD,KRW,reference,795.4
1984-04-25,AED,KRW,reference,216.86
1984-04-25,ATS,KRW,reference,42.12
1984-04-25,AUD,KRW,reference,731.92
1984-04-25,BEF,KRW,reference,14.54
1984-04-25,BHD,KRW,reference,2112.89
1984-04-25,CAD,KRW,reference,622.41
1984-04-25,CHF,KRW,reference,358.86
1984-04-25,DEM,KRW,reference,296.78
1984-04-25,DKK,KRW,reference,80.76
1984-04-25,FRF,KRW,reference,96.59
1984-04-25,GBP,KRW,reference,1121.73
1984-04-25,HKD,KRW,reference,101.94
1984-04-25,ITL,KRW,reference,0.4804
1984-04-25,JPY,KRW,reference,3.5247
1984-04-25,KWD,KRW,reference,2703.33
1984-04-25,MYR,KRW,reference,347.78
1984-04-25,NLG,KRW,reference,263.08
1984-04-25,NOK,KRW,reference,103.91
1984-04-25,SAR,KRW,reference,226.19
1984-04-25,SEK,KRW,reference,100.5
1984-04-25,SGD,KRW,reference,381.97
1984-04-25,USD,KRW,reference,796.4
1984-04-26,AED,KRW,reference,216.89
1984-04-26,ATS,KRW,reference,42.28
1984-04-26,AUD,KRW,reference,732.95
1984-04-26,BEF,KRW,reference,14.6
1984-04-26,BHD,KRW,reference,2112.75
1984-04-26,CAD,KRW,reference,622.95
1984-04-26,CHF,KRW,reference,359.84
1984-04-26,DEM,KRW,reference,297.56
1984-04-26,DKK,KRW,reference,81.02
1984-04-26,FRF,KRW,reference,96.86
1984-04-26,GBP,KRW,reference,1124.92
1984-04-26,HKD,KRW,reference,101.94
1984-04-26,ITL,KRW,reference,0.4815
1984-04-26,JPY,KRW,reference,3.5325
1984-04-26,KWD,KRW,reference,2701.27
1984-04-26,MYR,KRW,reference,348.54
1984-04-26,NLG,KRW,reference,263.74
1984-04-26,NOK,KRW,reference,104.28
1984-04-26,SAR,KRW,reference,226.16
1984-04-26,SEK,KRW,reference,100.66
1984-04-26,SGD,KRW,reference,381.97
1984-04-26,USD,KRW,reference,796.4
1984-04-27,AED,KRW,reference,216.94
1984-04-27,ATS,KRW,reference,41.98
1984-04-27,AUD,KRW,reference,732.71
1984-04-27,BEF,KRW,reference,14.48
1984-04-27,BHD,KRW,reference,2113.28
1984-04-27,CAD,KRW,reference,622.42
1984-04-27,CHF,KRW,reference,356.9
1984-04-27,DEM,KRW,reference,294.8
1984-04-27,DKK,KRW,reference,80.33
1984-04-27,FRF,KRW,reference,96.13
1984-04-27,GBP,KRW,reference,1116.84
1984-04-27,HKD,KRW,reference,101.98
1984-04-27,ITL,KRW,reference,0.47729999999999995
1984-04-27,JPY,KRW,reference,3.5299
1984-04-27,KWD,KRW,reference,2701.95
1984-04-27,MYR,KRW,reference,347.87
1984-04-27,NLG,KRW,reference,261.79
1984-04-27,NOK,KRW,reference,103.49
1984-04-27,SAR,KRW,reference,226.28
1984-04-27,SEK,KRW,reference,100.17
1984-04-27,SGD,KRW,reference,382.07
1984-04-27,USD,KRW,reference,796.6
1984-04-28,AED,KRW,reference,217.22
1984-04-28,ATS,KRW,reference,41.94
1984-04-28,AUD,KRW,reference,733.5
1984-04-28,BEF,KRW,reference,14.43
1984-04-28,BHD,KRW,reference,2115.94
1984-04-28,CAD,KRW,reference,622.42
1984-04-28,CHF,KRW,reference,356.39
1984-04-28,DEM,KRW,reference,294.49
1984-04-28,DKK,KRW,reference,80.39
1984-04-28,FRF,KRW,reference,95.99
1984-04-28,GBP,KRW,reference,1117.84
1984-04-28,HKD,KRW,reference,102.13
1984-04-28,ITL,KRW,reference,0.4758
1984-04-28,JPY,KRW,reference,3.516
1984-04-28,KWD,KRW,reference,2700.3
1984-04-28,MYR,KRW,reference,349.06
1984-04-28,NLG,KRW,reference,261.06
1984-04-28,NOK,KRW,reference,103.49
1984-04-28,SAR,KRW,reference,226.44
1984-04-28,SEK,KRW,reference,100.17
1984-04-28,SGD,KRW,reference,382.55
1984-04-28,USD,KRW,reference,797.6
1984-04-30,AED,KRW,reference,217.22
1984-04-30,ATS,KRW,reference,41.94
1984-04-30,AUD,KRW,reference,733.5
1984-04-30,BEF,KRW,reference,14.43
1984-04-30,BHD,KRW,reference,2115.94
1984-04-30,CAD,KRW,reference,622.42
1984-04-30,CHF,KRW,reference,356.39
1984-04-30,DEM,KRW,reference,294.49
1984-04-30,DKK,KRW,reference,80.39
1984-04-30,FRF,KRW,reference,95.99
1984-04-30,GBP,KRW,reference,1117.84
1984-04-30,HKD,KRW,reference,102.13
1984-04-30,ITL,KRW,reference,0.4758
1984-04-30,JPY,KRW,reference,3.516
1984-04-30,KWD,KRW,reference,2700.3
1984-04-30,MYR,KRW,reference,349.06
1984-04-30,NLG,KRW,reference,261.06
1984-04-30,NOK,KRW,reference,103.49
1984-04-30,SAR,KRW,reference,226.44
1984-04-30,SEK,KRW,reference,100.17
1984-04-30,SGD,KRW,reference,382.55
1984-04-30,USD,KRW,reference,797.6
1984-05-01,AED,KRW,reference,217.49
1984-05-01,ATS,KRW,reference,41.82
1984-05-01,AUD,KRW,reference,734.55
1984-05-01,BEF,KRW,reference,14.42
1984-05-01,BHD,KRW,reference,2118.59
1984-05-01,CAD,KRW,reference,620.16
1984-05-01,CHF,KRW,reference,355.61
1984-05-01,DEM,KRW,reference,293.88
1984-05-01,DKK,KRW,reference,80.09
1984-05-01,FRF,KRW,reference,95.8
1984-05-01,GBP,KRW,reference,1117.65
1984-05-01,HKD,KRW,reference,102.16
1984-05-01,ITL,KRW,reference,0.47600000000000003
1984-05-01,JPY,KRW,reference,3.5243
1984-05-01,KWD,KRW,reference,2708.27
1984-05-01,MYR,KRW,reference,349.5
1984-05-01,NLG,KRW,reference,260.47
1984-05-01,NOK,KRW,reference,103.32
1984-05-01,SAR,KRW,reference,226.82
1984-05-01,SEK,KRW,reference,100.05
1984-05-01,SGD,KRW,reference,383.03
1984-05-01,USD,KRW,reference,798.6
1984-05-02,AED,KRW,reference,217.71
1984-05-02,ATS,KRW,reference,41.64
1984-05-02,AUD,KRW,reference,738.69
1984-05-02,BEF,KRW,reference,14.35
1984-05-02,BHD,KRW,reference,2120.71
1984-05-02,CAD,KRW,reference,617.37
1984-05-02,CHF,KRW,reference,355.37
1984-05-02,DEM,KRW,reference,292.21
1984-05-02,DKK,KRW,reference,79.81
1984-05-02,FRF,KRW,reference,95.31
1984-05-02,GBP,KRW,reference,1117.97
1984-05-02,HKD,KRW,reference,102.23
1984-05-02,ITL,KRW,reference,0.4733
1984-05-02,JPY,KRW,reference,3.5185000000000004
1984-05-02,KWD,KRW,reference,2711.44
1984-05-02,MYR,KRW,reference,349.09
1984-05-02,NLG,KRW,reference,259.36
1984-05-02,NOK,KRW,reference,102.99
1984-05-02,SAR,KRW,reference,227.04
1984-05-02,SEK,KRW,reference,99.65
1984-05-02,SGD,KRW,reference,382.95
1984-05-02,USD,KRW,reference,799.4
1984-05-03,AED,KRW,reference,217.68
1984-05-03,ATS,KRW,reference,41.79
1984-05-03,AUD,KRW,reference,742.78
1984-05-03,BEF,KRW,reference,14.42
1984-05-03,BHD,KRW,reference,2120.45
1984-05-03,CAD,KRW,reference,617.96
1984-05-03,CHF,KRW,reference,356.32
1984-05-03,DEM,KRW,reference,293.97
1984-05-03,DKK,KRW,reference,80.12
1984-05-03,FRF,KRW,reference,95.84
1984-05-03,GBP,KRW,reference,1121.42
1984-05-03,HKD,KRW,reference,102.27
1984-05-03,ITL,KRW,reference,0.4747
1984-05-03,JPY,KRW,reference,3.522
1984-05-03,KWD,KRW,reference,2711.1
1984-05-03,MYR,KRW,reference,349.04
1984-05-03,NLG,KRW,reference,260.58
1984-05-03,NOK,KRW,reference,103.24
1984-05-03,SAR,KRW,reference,227.01
1984-05-03,SEK,KRW,reference,99.95
1984-05-03,SGD,KRW,reference,383.36
1984-05-03,USD,KRW,reference,799.3
1984-05-04,AED,KRW,reference,217.41
1984-05-04,ATS,KRW,reference,41.93
1984-05-04,AUD,KRW,reference,746.05
1984-05-04,BEF,KRW,reference,14.47
1984-05-04,BHD,KRW,reference,2117.79
1984-05-04,CAD,KRW,reference,620.16
1984-05-04,CHF,KRW,reference,357.03
1984-05-04,DEM,KRW,reference,295.64
1984-05-04,DKK,KRW,reference,80.62
1984-05-04,FRF,KRW,reference,96.27
1984-05-04,GBP,KRW,reference,1132.79
1984-05-04,HKD,KRW,reference,102.15
1984-05-04,ITL,KRW,reference,0.4775
1984-05-04,JPY,KRW,reference,3.5316
1984-05-04,KWD,KRW,reference,2708.17
1984-05-04,MYR,KRW,reference,348.61
1984-05-04,NLG,KRW,reference,262.11
1984-05-04,NOK,KRW,reference,103.61
1984-05-04,SAR,KRW,reference,226.67
1984-05-04,SEK,KRW,reference,100.11
1984-05-04,SGD,KRW,reference,382.88
1984-05-04,USD,KRW,reference,798.3
1984-05-07,AED,KRW,reference,217.41
1984-05-07,ATS,KRW,reference,41.75
1984-05-07,AUD,KRW,reference,739.65
1984-05-07,BEF,KRW,reference,14.31
1984-05-07,BHD,KRW,reference,2117.79
1984-05-07,CAD,KRW,reference,617.53
1984-05-07,CHF,KRW,reference,353.24
1984-05-07,DEM,KRW,reference,291.25
1984-05-07,DKK,KRW,reference,79.7
1984-05-07,FRF,KRW,reference,95.01
1984-05-07,GBP,KRW,reference,1119.22
1984-05-07,HKD,KRW,reference,102.22
1984-05-07,ITL,KRW,reference,0.4707
1984-05-07,JPY,KRW,reference,3.5145
1984-05-07,KWD,KRW,reference,2709.32
1984-05-07,MYR,KRW,reference,348.61
1984-05-07,NLG,KRW,reference,259.07
1984-05-07,NOK,KRW,reference,102.85
1984-05-07,SAR,KRW,reference,226.6
1984-05-07,SEK,KRW,reference,99.27
1984-05-07,SGD,KRW,reference,382.88
1984-05-07,USD,KRW,reference,798.3
1984-05-09,AED,KRW,reference,217.68
1984-05-09,ATS,KRW,reference,40.99
1984-05-09,AUD,KRW,reference,730.39
1984-05-09,BEF,KRW,reference,14.18
1984-05-09,BHD,KRW,reference,2120.45
1984-05-09,CAD,KRW,reference,617.54
1984-05-09,CHF,KRW,reference,350.73
1984-05-09,DEM,KRW,reference,288.07
1984-05-09,DKK,KRW,reference,78.89
1984-05-09,FRF,KRW,reference,93.92
1984-05-09,GBP,KRW,reference,1106.64
1984-05-09,HKD,KRW,reference,102.26
1984-05-09,ITL,KRW,reference,0.4664
1984-05-09,JPY,KRW,reference,3.492
1984-05-09,KWD,KRW,reference,2709.5
1984-05-09,MYR,KRW,reference,348.13
1984-05-09,NLG,KRW,reference,256.13
1984-05-09,NOK,KRW,reference,102.02
1984-05-09,SAR,KRW,reference,226.95
1984-05-09,SEK,KRW,reference,98.41
1984-05-09,SGD,KRW,reference,381.35
1984-05-09,USD,KRW,reference,799.3
1984-05-10,AED,KRW,reference,217.87
1984-05-10,ATS,KRW,reference,40.88
1984-05-10,AUD,KRW,reference,727.64
1984-05-10,BEF,KRW,reference,14.12
1984-05-10,BHD,KRW,reference,2122.3
1984-05-10,CAD,KRW,reference,616.74
1984-05-10,CHF,KRW,reference,349.54
1984-05-10,DEM,KRW,reference,287.03
1984-05-10,DKK,KRW,reference,78.65
1984-05-10,FRF,KRW,reference,93.53
1984-05-10,GBP,KRW,reference,1105.2
1984-05-10,HKD,KRW,reference,102.36
1984-05-10,ITL,KRW,reference,0.4657
1984-05-10,JPY,KRW,reference,3.4821
1984-05-10,KWD,KRW,reference,2711.18
1984-05-10,MYR,KRW,reference,348.36
1984-05-10,NLG,KRW,reference,255.39
1984-05-10,NOK,KRW,reference,101.75
1984-05-10,SAR,KRW,reference,227.18
1984-05-10,SEK,KRW,reference,98.19
1984-05-10,SGD,KRW,reference,381.59
1984-05-10,USD,KRW,reference,800
1984-05-11,AED,KRW,reference,217.98
1984-05-11,ATS,KRW,reference,41.03
1984-05-11,AUD,KRW,reference,723.4
1984-05-11,BEF,KRW,reference,14.2
1984-05-11,BHD,KRW,reference,2123.36
1984-05-11,CAD,KRW,reference,617.43
1984-05-11,CHF,KRW,reference,349.68
1984-05-11,DEM,KRW,reference,288.15
1984-05-11,DKK,KRW,reference,78.9
1984-05-11,FRF,KRW,reference,93.95
1984-05-11,GBP,KRW,reference,1107.76
1984-05-11,HKD,KRW,reference,102.38
1984-05-11,ITL,KRW,reference,0.4678
1984-05-11,JPY,KRW,reference,3.4869
1984-05-11,KWD,KRW,reference,2713.46
1984-05-11,MYR,KRW,reference,358.53
1984-05-11,NLG,KRW,reference,256.87
1984-05-11,NOK,KRW,reference,101.74
1984-05-11,SAR,KRW,reference,227.29
1984-05-11,SEK,KRW,reference,98.33
1984-05-11,SGD,KRW,reference,380.69
1984-05-11,USD,KRW,reference,800.4
1984-05-12,AED,KRW,reference,218.03
1984-05-12,ATS,KRW,reference,41.17
1984-05-12,AUD,KRW,reference,722.76
1984-05-12,BEF,KRW,reference,14.13
1984-05-12,BHD,KRW,reference,2123.89
1984-05-12,CAD,KRW,reference,618.16
1984-05-12,CHF,KRW,reference,349
1984-05-12,DEM,KRW,reference,288.22
1984-05-12,DKK,KRW,reference,78.9
1984-05-12,FRF,KRW,reference,93.88
1984-05-12,GBP,KRW,reference,1105.23
1984-05-12,HKD,KRW,reference,102.42
1984-05-12,ITL,KRW,reference,0.4682
1984-05-12,JPY,KRW,reference,3.4753
1984-05-12,KWD,KRW,reference,2713.9
1984-05-12,MYR,KRW,reference,348.09
1984-05-12,NLG,KRW,reference,255.36
1984-05-12,NOK,KRW,reference,102.02
1984-05-12,SAR,KRW,reference,227.35
1984-05-12,SEK,KRW,reference,98.45
1984-05-12,SGD,KRW,reference,384.91
1984-05-12,USD,KRW,reference,800.6
1984-05-14,AED,KRW,reference,218.03
1984-05-14,ATS,KRW,reference,41.17
1984-05-14,AUD,KRW,reference,722.76
1984-05-14,BEF,KRW,reference,14.13
1984-05-14,BHD,KRW,reference,2123.89
1984-05-14,CAD,KRW,reference,618.16
1984-05-14,CHF,KRW,reference,349
1984-05-14,DEM,KRW,reference,288.22
1984-05-14,DKK,KRW,reference,78.9
1984-05-14,FRF,KRW,reference,93.88
1984-05-14,GBP,KRW,reference,1105.23
1984-05-14,HKD,KRW,reference,102.42
1984-05-14,ITL,KRW,reference,0.4682
1984-05-14,JPY,KRW,reference,3.4753
1984-05-14,KWD,KRW,reference,2713.9
1984-05-14,MYR,KRW,reference,348.09
1984-05-14,NLG,KRW,reference,255.36
1984-05-14,NOK,KRW,reference,102.02
1984-05-14,SAR,KRW,reference,227.35
1984-05-14,SEK,KRW,reference,98.45
1984-05-14,SGD,KRW,reference,384.91
1984-05-14,USD,KRW,reference,800.6
1984-05-15,AED,KRW,reference,218.14
1984-05-15,ATS,KRW,reference,41.27
1984-05-15,AUD,KRW,reference,720.52
1984-05-15,BEF,KRW,reference,14.3
1984-05-15,BHD,KRW,reference,2124.96
1984-05-15,CAD,KRW,reference,619.14
1984-05-15,CHF,KRW,reference,351.67
1984-05-15,DEM,KRW,reference,291.41
1984-05-15,DKK,KRW,reference,79.53
1984-05-15,FRF,KRW,reference,94.8
1984-05-15,GBP,KRW,reference,1112.99
1984-05-15,HKD,KRW,reference,102.44
1984-05-15,ITL,KRW,reference,0.4729
1984-05-15,JPY,KRW,reference,3.4638
1984-05-15,KWD,KRW,reference,2714.57
1984-05-15,MYR,KRW,reference,347.51
1984-05-15,NLG,KRW,reference,258.68
1984-05-15,NOK,KRW,reference,102.21
1984-05-15,SAR,KRW,reference,227.46
1984-05-15,SEK,KRW,reference,98.74
1984-05-15,SGD,KRW,reference,380.53
1984-05-15,USD,KRW,reference,801
1984-05-16,AED,KRW,reference,217.9
1984-05-16,ATS,KRW,reference,41.6
1984-05-16,AUD,KRW,reference,721.3
1984-05-16,BEF,KRW,reference,14.38
1984-05-16,BHD,KRW,reference,2122.57
1984-05-16,CAD,KRW,reference,619.21
1984-05-16,CHF,KRW,reference,353.87
1984-05-16,DEM,KRW,reference,292.65
1984-05-16,DKK,KRW,reference,79.92
1984-05-16,FRF,KRW,reference,95.4
1984-05-16,GBP,KRW,reference,1112.94
1984-05-16,HKD,KRW,reference,102.34
1984-05-16,ITL,KRW,reference,0.47490000000000004
1984-05-16,JPY,KRW,reference,3.4652
1984-05-16,KWD,KRW,reference,2711.98
1984-05-16,MYR,KRW,reference,347.5
1984-05-16,NLG,KRW,reference,260.12
1984-05-16,NOK,KRW,reference,102.48
1984-05-16,SAR,KRW,reference,227.21
1984-05-16,SEK,KRW,reference,99.06
1984-05-16,SGD,KRW,reference,380.1
1984-05-16,USD,KRW,reference,800.1
1984-05-17,AED,KRW,reference,217.62
1984-05-17,ATS,KRW,reference,41.57
1984-05-17,AUD,KRW,reference,721.64
1984-05-17,BEF,KRW,reference,14.33
1984-05-17,BHD,KRW,reference,2119.91
1984-05-17,CAD,KRW,reference,618.34
1984-05-17,CHF,KRW,reference,352.81
1984-05-17,DEM,KRW,reference,291.17
1984-05-17,DKK,KRW,reference,79.9
1984-05-17,FRF,KRW,reference,94.91
1984-05-17,GBP,KRW,reference,1114.75
1984-05-17,HKD,KRW,reference,102.27
1984-05-17,ITL,KRW,reference,0.4718
1984-05-17,JPY,KRW,reference,3.4564
1984-05-17,KWD,KRW,reference,2708.13
1984-05-17,MYR,KRW,reference,346.69
1984-05-17,NLG,KRW,reference,259.07
1984-05-17,NOK,KRW,reference,102.55
1984-05-17,SAR,KRW,reference,226.89
1984-05-17,SEK,KRW,reference,99.36
1984-05-17,SGD,KRW,reference,379.62
1984-05-17,USD,KRW,reference,799.1
1984-05-18,AED,KRW,reference,217.85
1984-05-18,ATS,KRW,reference,41.2
1984-05-18,AUD,KRW,reference,719.49
1984-05-18,BEF,KRW,reference,14.23
1984-05-18,BHD,KRW,reference,2122.57
1984-05-18,CAD,KRW,reference,617.68
1984-05-18,CHF,KRW,reference,350.77
1984-05-18,DEM,KRW,reference,288.69
1984-05-18,DKK,KRW,reference,79.01
1984-05-18,FRF,KRW,reference,94.08
1984-05-18,GBP,KRW,reference,1112.54
1984-05-18,HKD,KRW,reference,102.37
1984-05-18,ITL,KRW,reference,0.46990000000000004
1984-05-18,JPY,KRW,reference,3.4351
1984-05-18,KWD,KRW,reference,2711.29
1984-05-18,MYR,KRW,reference,347.12
1984-05-18,NLG,KRW,reference,257.19
1984-05-18,NOK,KRW,reference,102.03
1984-05-18,SAR,KRW,reference,227.18
1984-05-18,SEK,KRW,reference,98.81
1984-05-18,SGD,KRW,reference,380.1
1984-05-18,USD,KRW,reference,800.1
1984-05-19,AED,KRW,reference,218.12
1984-05-19,ATS,KRW,reference,41.15
1984-05-19,AUD,KRW,reference,716.23
1984-05-19,BEF,KRW,reference,14.23
1984-05-19,BHD,KRW,reference,2125.22
1984-05-19,CAD,KRW,reference,618.69
1984-05-19,CHF,KRW,reference,352.14
1984-05-19,DEM,KRW,reference,288.9
1984-05-19,DKK,KRW,reference,78.95
1984-05-19,FRF,KRW,reference,94.09
1984-05-19,GBP,KRW,reference,1111.93
1984-05-19,HKD,KRW,reference,102.48
1984-05-19,ITL,KRW,reference,0.46909999999999996
1984-05-19,JPY,KRW,reference,3.4360000000000004
1984-05-19,KWD,KRW,reference,2711.92
1984-05-19,MYR,KRW,reference,346.8
1984-05-19,NLG,KRW,reference,257.1
1984-05-19,NOK,KRW,reference,101.73
1984-05-19,SAR,KRW,reference,227.43
1984-05-19,SEK,KRW,reference,98.72
1984-05-19,SGD,KRW,reference,380.58
1984-05-19,USD,KRW,reference,801.1
1984-05-21,AED,KRW,reference,218.12
1984-05-21,ATS,KRW,reference,41.15
1984-05-21,AUD,KRW,reference,716.23
1984-05-21,BEF,KRW,reference,14.23
1984-05-21,BHD,KRW,reference,2125.22
1984-05-21,CAD,KRW,reference,618.69
1984-05-21,CHF,KRW,reference,352.14
1984-05-21,DEM,KRW,reference,288.9
1984-05-21,DKK,KRW,reference,78.95
1984-05-21,FRF,KRW,reference,94.09
1984-05-21,GBP,KRW,reference,1111.93
1984-05-21,HKD,KRW,reference,102.48
1984-05-21,ITL,KRW,reference,0.46909999999999996
1984-05-21,JPY,KRW,reference,3.4360000000000004
1984-05-21,KWD,KRW,reference,2711.92
1984-05-21,MYR,KRW,reference,346.8
1984-05-21,NLG,KRW,reference,257.1
1984-05-21,NOK,KRW,reference,101.73
1984-05-21,SAR,KRW,reference,227.43
1984-05-21,SEK,KRW,reference,98.72
1984-05-21,SGD,KRW,reference,380.58
1984-05-21,USD,KRW,reference,801.1
1984-05-22,AED,KRW,reference,218.12
1984-05-22,ATS,KRW,reference,41.38
1984-05-22,AUD,KRW,reference,716.58
1984-05-22,BEF,KRW,reference,14.3
1984-05-22,BHD,KRW,reference,2125.22
1984-05-22,CAD,KRW,reference,618.97
1984-05-22,CHF,KRW,reference,351.75
1984-05-22,DEM,KRW,reference,290.42
1984-05-22,DKK,KRW,reference,79.22
1984-05-22,FRF,KRW,reference,94.47
1984-05-22,GBP,KRW,reference,1113.93
1984-05-22,HKD,KRW,reference,102.49
1984-05-22,ITL,KRW,reference,0.4707
1984-05-22,JPY,KRW,reference,3.4272000000000005
1984-05-22,KWD,KRW,reference,2711.92
1984-05-22,MYR,KRW,reference,346.05
1984-05-22,NLG,KRW,reference,258.03
1984-05-22,NOK,KRW,reference,102.28
1984-05-22,SAR,KRW,reference,227.62
1984-05-22,SEK,KRW,reference,98.94
1984-05-22,SGD,KRW,reference,378.78
1984-05-22,USD,KRW,reference,801.1
1984-05-23,AED,KRW,reference,217.85
1984-05-23,ATS,KRW,reference,41.6
1984-05-23,AUD,KRW,reference,721.3
1984-05-23,BEF,KRW,reference,14.4
1984-05-23,BHD,KRW,reference,2122.57
1984-05-23,CAD,KRW,reference,618.63
1984-05-23,CHF,KRW,reference,353.68
1984-05-23,DEM,KRW,reference,292.71
1984-05-23,DKK,KRW,reference,79.72
1984-05-23,FRF,KRW,reference,95.17
1984-05-23,GBP,KRW,reference,1111.34
1984-05-23,HKD,KRW,reference,102.35
1984-05-23,ITL,KRW,reference,0.4746
1984-05-23,JPY,KRW,reference,3.4354
1984-05-23,KWD,KRW,reference,2706.47
1984-05-23,MYR,KRW,reference,345.99
1984-05-23,NLG,KRW,reference,259.93
1984-05-23,NOK,KRW,reference,102.65
1984-05-23,SAR,KRW,reference,227.27
1984-05-23,SEK,KRW,reference,99.24
1984-05-23,SGD,KRW,reference,379.65
1984-05-23,USD,KRW,reference,800.1
1984-05-24,AED,KRW,reference,217.61
1984-05-24,ATS,KRW,reference,41.2
1984-05-24,AUD,KRW,reference,720.49
1984-05-24,BEF,KRW,reference,14.23
1984-05-24,BHD,KRW,reference,2120.18
1984-05-24,CAD,KRW,reference,616.51
1984-05-24,CHF,KRW,reference,350.42
1984-05-24,DEM,KRW,reference,288.6
1984-05-24,DKK,KRW,reference,78.96
1984-05-24,FRF,KRW,reference,93.84
1984-05-24,GBP,KRW,reference,1097.31
1984-05-24,HKD,KRW,reference,102.24
1984-05-24,ITL,KRW,reference,0.46880000000000005
1984-05-24,JPY,KRW,reference,3.4386
1984-05-24,KWD,KRW,reference,2703.43
1984-05-24,MYR,KRW,reference,347.48
1984-05-24,NLG,KRW,reference,256.73
1984-05-24,NOK,KRW,reference,101.78
1984-05-24,SAR,KRW,reference,226.95
1984-05-24,SEK,KRW,reference,98.46
1984-05-24,SGD,KRW,reference,380.58
1984-05-24,USD,KRW,reference,799.2
1984-05-25,AED,KRW,reference,217.61
1984-05-25,ATS,KRW,reference,41.92
1984-05-25,AUD,KRW,reference,723.69
1984-05-25,BEF,KRW,reference,14.51
1984-05-25,BHD,KRW,reference,2120.18
1984-05-25,CAD,KRW,reference,617.03
1984-05-25,CHF,KRW,reference,356
1984-05-25,DEM,KRW,reference,294.97
1984-05-25,DKK,KRW,reference,80.37
1984-05-25,FRF,KRW,reference,95.75
1984-05-25,GBP,KRW,reference,1105.9
1984-05-25,HKD,KRW,reference,102.24
1984-05-25,ITL,KRW,reference,0.4769
1984-05-25,JPY,KRW,reference,3.4673000000000003
1984-05-25,KWD,KRW,reference,2701.15
1984-05-25,MYR,KRW,reference,345.23
1984-05-25,NLG,KRW,reference,261.69
1984-05-25,NOK,KRW,reference,103.33
1984-05-25,SAR,KRW,reference,226.99
1984-05-25,SEK,KRW,reference,99.84
1984-05-25,SGD,KRW,reference,378.77
1984-05-25,USD,KRW,reference,799.2
1984-05-26,AED,KRW,reference,217.36
1984-05-26,ATS,KRW,reference,41.8
1984-05-26,AUD,KRW,reference,718.81
1984-05-26,BEF,KRW,reference,14.36
1984-05-26,BHD,KRW,reference,2117.53
1984-05-26,CAD,KRW,reference,616.69
1984-05-26,CHF,KRW,reference,356.11
1984-05-26,DEM,KRW,reference,293.57
1984-05-26,DKK,KRW,reference,80.23
1984-05-26,FRF,KRW,reference,95.33
1984-05-26,GBP,KRW,reference,1104.31
1984-05-26,HKD,KRW,reference,102.13
1984-05-26,ITL,KRW,reference,0.4732
1984-05-26,JPY,KRW,reference,3.4435000000000002
1984-05-26,KWD,KRW,reference,2698.91
1984-05-26,MYR,KRW,reference,345.55
1984-05-26,NLG,KRW,reference,261.54
1984-05-26,NOK,KRW,reference,102.7
1984-05-26,SAR,KRW,reference,226.69
1984-05-26,SEK,KRW,reference,99.28
1984-05-26,SGD,KRW,reference,379.2
1984-05-26,USD,KRW,reference,798.2
1984-05-29,AED,KRW,reference,217.36
1984-05-29,ATS,KRW,reference,41.8
1984-05-29,AUD,KRW,reference,718.81
1984-05-29,BEF,KRW,reference,14.36
1984-05-29,BHD,KRW,reference,2117.53
1984-05-29,CAD,KRW,reference,616.69
1984-05-29,CHF,KRW,reference,356.11
1984-05-29,DEM,KRW,reference,293.57
1984-05-29,DKK,KRW,reference,80.23
1984-05-29,FRF,KRW,reference,95.33
1984-05-29,GBP,KRW,reference,1104.31
1984-05-29,HKD,KRW,reference,102.13
1984-05-29,ITL,KRW,reference,0.4732
1984-05-29,JPY,KRW,reference,3.4435000000000002
1984-05-29,KWD,KRW,reference,2698.91
1984-05-29,MYR,KRW,reference,345.55
1984-05-29,NLG,KRW,reference,261.54
1984-05-29,NOK,KRW,reference,102.7
1984-05-29,SAR,KRW,reference,226.69
1984-05-29,SEK,KRW,reference,99.28
1984-05-29,SGD,KRW,reference,379.2
1984-05-29,USD,KRW,reference,798.2
1984-05-30,AED,KRW,reference,217.61
1984-05-30,ATS,KRW,reference,41.57
1984-05-30,AUD,KRW,reference,717.61
1984-05-30,BEF,KRW,reference,14.33
1984-05-30,BHD,KRW,reference,2120.18
1984-05-30,CAD,KRW,reference,616.98
1984-05-30,CHF,KRW,reference,352.54
1984-05-30,DEM,KRW,reference,290.86
1984-05-30,DKK,KRW,reference,79.53
1984-05-30,FRF,KRW,reference,94.65
1984-05-30,GBP,KRW,reference,1106.5
1984-05-30,HKD,KRW,reference,102.26
1984-05-30,ITL,KRW,reference,0.47130000000000005
1984-05-30,JPY,KRW,reference,3.4404000000000003
1984-05-30,KWD,KRW,reference,2699.09
1984-05-30,MYR,KRW,reference,345.98
1984-05-30,NLG,KRW,reference,258.54
1984-05-30,NOK,KRW,reference,102.5
1984-05-30,SAR,KRW,reference,227.05
1984-05-30,SEK,KRW,reference,98.89
1984-05-30,SGD,KRW,reference,379.67
1984-05-30,USD,KRW,reference,799.2
1984-05-31,AED,KRW,reference,217.36
1984-05-31,ATS,KRW,reference,41.54
1984-05-31,AUD,KRW,reference,718.71
1984-05-31,BEF,KRW,reference,14.32
1984-05-31,BHD,KRW,reference,2117.79
1984-05-31,CAD,KRW,reference,616.81
1984-05-31,CHF,KRW,reference,353.67
1984-05-31,DEM,KRW,reference,292.07
1984-05-31,DKK,KRW,reference,79.4
1984-05-31,FRF,KRW,reference,95.07
1984-05-31,GBP,KRW,reference,1105.65
1984-05-31,HKD,KRW,reference,102.16
1984-05-31,ITL,KRW,reference,0.47240000000000004
1984-05-31,JPY,KRW,reference,3.4507
1984-05-31,KWD,KRW,reference,2697.88
1984-05-31,MYR,KRW,reference,345.22
1984-05-31,NLG,KRW,reference,259
1984-05-31,NOK,KRW,reference,102.42
1984-05-31,SAR,KRW,reference,226.76
1984-05-31,SEK,KRW,reference,98.77
1984-05-31,SGD,KRW,reference,379.24
1984-05-31,USD,KRW,reference,798.3
1984-06-01,AED,KRW,reference,217.42
1984-06-01,ATS,KRW,reference,41.64
1984-06-01,AUD,KRW,reference,718.47
1984-06-01,BEF,KRW,reference,14.41
1984-06-01,BHD,KRW,reference,2118.32
1984-06-01,CAD,KRW,reference,616.68
1984-06-01,CHF,KRW,reference,354.42
1984-06-01,DEM,KRW,reference,293.41
1984-06-01,DKK,KRW,reference,79.5
1984-06-01,FRF,KRW,reference,95.61
1984-06-01,GBP,KRW,reference,1107.52
1984-06-01,HKD,KRW,reference,102.19
1984-06-01,ITL,KRW,reference,0.47450000000000003
1984-06-01,JPY,KRW,reference,3.45
1984-06-01,KWD,KRW,reference,2696.27
1984-06-01,MYR,KRW,reference,345.3
1984-06-01,NLG,KRW,reference,259.74
1984-06-01,NOK,KRW,reference,102.48
1984-06-01,SAR,KRW,reference,226.85
1984-06-01,SEK,KRW,reference,98.83
1984-06-01,SGD,KRW,reference,379.34
1984-06-01,USD,KRW,reference,798.5
1984-06-02,AED,KRW,reference,217.14
1984-06-02,ATS,KRW,reference,42.13
1984-06-02,AUD,KRW,reference,720.36
1984-06-02,BEF,KRW,reference,14.57
1984-06-02,BHD,KRW,reference,2115.67
1984-06-02,CAD,KRW,reference,615.48
1984-06-02,CHF,KRW,reference,357.63
1984-06-02,DEM,KRW,reference,297.55
1984-06-02,DKK,KRW,reference,80.93
1984-06-02,FRF,KRW,reference,96.72
1984-06-02,GBP,KRW,reference,1119.5
1984-06-02,HKD,KRW,reference,102.06
1984-06-02,ITL,KRW,reference,0.4799
1984-06-02,JPY,KRW,reference,3.4688999999999997
1984-06-02,KWD,KRW,reference,2692.9
1984-06-02,MYR,KRW,reference,345.24
1984-06-02,NLG,KRW,reference,263.64
1984-06-02,NOK,KRW,reference,103.38
1984-06-02,SAR,KRW,reference,226.57
1984-06-02,SEK,KRW,reference,102.25
1984-06-02,SGD,KRW,reference,380.22
1984-06-02,USD,KRW,reference,797.5
1984-06-04,AED,KRW,reference,217.14
1984-06-04,ATS,KRW,reference,42.13
1984-06-04,AUD,KRW,reference,720.36
1984-06-04,BEF,KRW,reference,14.57
1984-06-04,BHD,KRW,reference,2115.67
1984-06-04,CAD,KRW,reference,615.48
1984-06-04,CHF,KRW,reference,357.63
1984-06-04,DEM,KRW,reference,297.55
1984-06-04,DKK,KRW,reference,80.93
1984-06-04,FRF,KRW,reference,96.72
1984-06-04,GBP,KRW,reference,1119.5
1984-06-04,HKD,KRW,reference,102.66
1984-06-04,ITL,KRW,reference,0.4799
1984-06-04,JPY,KRW,reference,3.4688999999999997
1984-06-04,KWD,KRW,reference,2692.9
1984-06-04,MYR,KRW,reference,345.24
1984-06-04,NLG,KRW,reference,263.64
1984-06-04,NOK,KRW,reference,103.38
1984-06-04,SAR,KRW,reference,226.57
1984-06-04,SEK,KRW,reference,102.25
1984-06-04,SGD,KRW,reference,380.22
1984-06-04,USD,KRW,reference,797.5
1984-06-05,AED,KRW,reference,216.87
1984-06-05,ATS,KRW,reference,42.55
1984-06-05,AUD,KRW,reference,719.26
1984-06-05,BEF,KRW,reference,14.63
1984-06-05,BHD,KRW,reference,2113.02
1984-06-05,CAD,KRW,reference,614.09
1984-06-05,CHF,KRW,reference,357.82
1984-06-05,DEM,KRW,reference,298.63
1984-06-05,DKK,KRW,reference,81.22
1984-06-05,FRF,KRW,reference,97.11
1984-06-05,GBP,KRW,reference,1117.1
1984-06-05,HKD,KRW,reference,101.99
1984-06-05,ITL,KRW,reference,0.4816
1984-06-05,JPY,KRW,reference,3.4706
1984-06-05,KWD,KRW,reference,2698.86
1984-06-05,MYR,KRW,reference,346.31
1984-06-05,NLG,KRW,reference,264.56
1984-06-05,NOK,KRW,reference,104.05
1984-06-05,SAR,KRW,reference,226.27
1984-06-05,SEK,KRW,reference,100.07
1984-06-05,SGD,KRW,reference,380.2
1984-06-05,USD,KRW,reference,796.5
1984-06-07,AED,KRW,reference,217.14
1984-06-07,ATS,KRW,reference,42.22
1984-06-07,AUD,KRW,reference,715.38
1984-06-07,BEF,KRW,reference,14.52
1984-06-07,BHD,KRW,reference,2115.67
1984-06-07,CAD,KRW,reference,613.21
1984-06-07,CHF,KRW,reference,355.67
1984-06-07,DEM,KRW,reference,296.28
1984-06-07,DKK,KRW,reference,80.95
1984-06-07,FRF,KRW,reference,96.35
1984-06-07,GBP,KRW,reference,1112.92
1984-06-07,HKD,KRW,reference,102.12
1984-06-07,ITL,KRW,reference,0.4782
1984-06-07,JPY,KRW,reference,3.4501999999999997
1984-06-07,KWD,KRW,reference,2703.39
1984-06-07,MYR,KRW,reference,345.62
1984-06-07,NLG,KRW,reference,262.77
1984-06-07,NOK,KRW,reference,103.57
1984-06-07,SAR,KRW,reference,227.12
1984-06-07,SEK,KRW,reference,99.62
1984-06-07,SGD,KRW,reference,378.86
1984-06-07,USD,KRW,reference,797.5
1984-06-08,AED,KRW,reference,217.31
1984-06-08,ATS,KRW,reference,42.08
1984-06-08,AUD,KRW,reference,715.92
1984-06-08,BEF,KRW,reference,14.48
1984-06-08,BHD,KRW,reference,2117.26
1984-06-08,CAD,KRW,reference,614.05
1984-06-08,CHF,KRW,reference,354.4
1984-06-08,DEM,KRW,reference,295.71
1984-06-08,DKK,KRW,reference,80.56
1984-06-08,FRF,KRW,reference,96.07
1984-06-08,GBP,KRW,reference,1114.55
1984-06-08,HKD,KRW,reference,102.26
1984-06-08,ITL,KRW,reference,0.47600000000000003
1984-06-08,JPY,KRW,reference,3.4491
1984-06-08,KWD,KRW,reference,2691.74
1984-06-08,MYR,KRW,reference,346.25
1984-06-08,NLG,KRW,reference,261.76
1984-06-08,NOK,KRW,reference,103.35
1984-06-08,SAR,KRW,reference,227.55
1984-06-08,SEK,KRW,reference,99.43
1984-06-08,SGD,KRW,reference,379.15
1984-06-08,USD,KRW,reference,798.1
1984-06-09,AED,KRW,reference,217.42
1984-06-09,ATS,KRW,reference,42.29
1984-06-09,AUD,KRW,reference,717.85
1984-06-09,BEF,KRW,reference,14.55
1984-06-09,BHD,KRW,reference,2118.32
1984-06-09,CAD,KRW,reference,614.16
1984-06-09,CHF,KRW,reference,355.76
1984-06-09,DEM,KRW,reference,296.93
1984-06-09,DKK,KRW,reference,80.69
1984-06-09,FRF,KRW,reference,96.47
1984-06-09,GBP,KRW,reference,1113.91
1984-06-09,HKD,KRW,reference,102.32
1984-06-09,ITL,KRW,reference,0.47759999999999997
1984-06-09,JPY,KRW,reference,3.4477999999999995
1984-06-09,KWD,KRW,reference,2691.96
1984-06-09,MYR,KRW,reference,346.43
1984-06-09,NLG,KRW,reference,263.19
1984-06-09,NOK,KRW,reference,103.64
1984-06-09,SAR,KRW,reference,227.66
1984-06-09,SEK,KRW,reference,99.6
1984-06-09,SGD,KRW,reference,379.34
1984-06-09,USD,KRW,reference,798.5
1984-06-11,AED,KRW,reference,217.42
1984-06-11,ATS,KRW,reference,42.29
1984-06-11,AUD,KRW,reference,717.85
1984-06-11,BEF,KRW,reference,14.55
1984-06-11,BHD,KRW,reference,2118.32
1984-06-11,CAD,KRW,reference,614.16
1984-06-11,CHF,KRW,reference,355.76
1984-06-11,DEM,KRW,reference,296.93
1984-06-11,DKK,KRW,reference,80.69
1984-06-11,FRF,KRW,reference,96.47
1984-06-11,GBP,KRW,reference,1113.91
1984-06-11,HKD,KRW,reference,102.32
1984-06-11,ITL,KRW,reference,0.47759999999999997
1984-06-11,JPY,KRW,reference,3.4477999999999995
1984-06-11,KWD,KRW,reference,2691.96
1984-06-11,MYR,KRW,reference,346.43
1984-06-11,NLG,KRW,reference,263.19
1984-06-11,NOK,KRW,reference,103.64
1984-06-11,SAR,KRW,reference,227.66
1984-06-11,SEK,KRW,reference,99.6
1984-06-11,SGD,KRW,reference,379.34
1984-06-11,USD,KRW,reference,798.5
1984-06-12,AED,KRW,reference,217.46
1984-06-12,ATS,KRW,reference,42.26
1984-06-12,AUD,KRW,reference,716.14
1984-06-12,BEF,KRW,reference,14.44
1984-06-12,BHD,KRW,reference,2118.59
1984-06-12,CAD,KRW,reference,613.91
1984-06-12,CHF,KRW,reference,353.06
1984-06-12,DEM,KRW,reference,294.15
1984-06-12,DKK,KRW,reference,80
1984-06-12,FRF,KRW,reference,95.67
1984-06-12,GBP,KRW,reference,1107.66
1984-06-12,HKD,KRW,reference,102.34
1984-06-12,ITL,KRW,reference,0.4746
1984-06-12,JPY,KRW,reference,3.443
1984-06-12,KWD,KRW,reference,2691.16
1984-06-12,MYR,KRW,reference,346.47
1984-06-12,NLG,KRW,reference,260.92
1984-06-12,NOK,KRW,reference,103.08
1984-06-12,SAR,KRW,reference,227.59
1984-06-12,SEK,KRW,reference,99.24
1984-06-12,SGD,KRW,reference,379.84
1984-06-12,USD,KRW,reference,798.6
1984-06-13,AED,KRW,reference,217.73
1984-06-13,ATS,KRW,reference,41.9
1984-06-13,AUD,KRW,reference,716.88
1984-06-13,BEF,KRW,reference,14.42
1984-06-13,BHD,KRW,reference,2121.24
1984-06-13,CAD,KRW,reference,614.44
1984-06-13,CHF,KRW,reference,352.1
1984-06-13,DEM,KRW,reference,294.25
1984-06-13,DKK,KRW,reference,80
1984-06-13,FRF,KRW,reference,95.66
1984-06-13,GBP,KRW,reference,1106.65
1984-06-13,HKD,KRW,reference,102.43
1984-06-13,ITL,KRW,reference,0.4746
1984-06-13,JPY,KRW,reference,3.4407
1984-06-13,KWD,KRW,reference,2694.08
1984-06-13,MYR,KRW,reference,345.78
1984-06-13,NLG,KRW,reference,260.97
1984-06-13,NOK,KRW,reference,102.91
1984-06-13,SAR,KRW,reference,227.76
1984-06-13,SEK,KRW,reference,99.03
1984-06-13,SGD,KRW,reference,378.51
1984-06-13,USD,KRW,reference,799.6
1984-06-14,AED,KRW,reference,217.68
1984-06-14,ATS,KRW,reference,41.95
1984-06-14,AUD,KRW,reference,713.88
1984-06-14,BEF,KRW,reference,14.42
1984-06-14,BHD,KRW,reference,2120.71
1984-06-14,CAD,KRW,reference,614.62
1984-06-14,CHF,KRW,reference,352.44
1984-06-14,DEM,KRW,reference,294.06
1984-06-14,DKK,KRW,reference,80.17
1984-06-14,FRF,KRW,reference,95.66
1984-06-14,GBP,KRW,reference,1107.57
1984-06-14,HKD,KRW,reference,102.36
1984-06-14,ITL,KRW,reference,0.4736
1984-06-14,JPY,KRW,reference,3.4435000000000002
1984-06-14,KWD,KRW,reference,2693.4
1984-06-14,MYR,KRW,reference,346.82
1984-06-14,NLG,KRW,reference,260.91
1984-06-14,NOK,KRW,reference,102.84
1984-06-14,SAR,KRW,reference,227.69
1984-06-14,SEK,KRW,reference,98.88
1984-06-14,SGD,KRW,reference,379.32
1984-06-14,USD,KRW,reference,799.4
1984-06-15,AED,KRW,reference,217.49
1984-06-15,ATS,KRW,reference,41.92
1984-06-15,AUD,KRW,reference,714.15
1984-06-15,BEF,KRW,reference,14.39
1984-06-15,BHD,KRW,reference,2118.85
1984-06-15,CAD,KRW,reference,614.32
1984-06-15,CHF,KRW,reference,351.04
1984-06-15,DEM,KRW,reference,293.21
1984-06-15,DKK,KRW,reference,79.87
1984-06-15,FRF,KRW,reference,95.27
1984-06-15,GBP,KRW,reference,1104.21
1984-06-15,HKD,KRW,reference,102.23
1984-06-15,ITL,KRW,reference,0.4721
1984-06-15,JPY,KRW,reference,3.4412000000000003
1984-06-15,KWD,KRW,reference,2691.5
1984-06-15,MYR,KRW,reference,346.89
1984-06-15,NLG,KRW,reference,259.98
1984-06-15,NOK,KRW,reference,102.83
1984-06-15,SAR,KRW,reference,227.49
1984-06-15,SEK,KRW,reference,98.74
1984-06-15,SGD,KRW,reference,379.43
1984-06-15,USD,KRW,reference,798.7
1984-06-16,AED,KRW,reference,217.76
1984-06-16,ATS,KRW,reference,41.55
1984-06-16,AUD,KRW,reference,710.2
1984-06-16,BEF,KRW,reference,14.31
1984-06-16,BHD,KRW,reference,2121.51
1984-06-16,CAD,KRW,reference,614.95
1984-06-16,CHF,KRW,reference,350.1
1984-06-16,DEM,KRW,reference,290.99
1984-06-16,DKK,KRW,reference,79.36
1984-06-16,FRF,KRW,reference,94.73
1984-06-16,GBP,KRW,reference,1101.59
1984-06-16,HKD,KRW,reference,102.33
1984-06-16,ITL,KRW,reference,0.4702
1984-06-16,JPY,KRW,reference,3.43
1984-06-16,KWD,KRW,reference,2694.87
1984-06-16,MYR,KRW,reference,346.95
1984-06-16,NLG,KRW,reference,258.54
1984-06-16,NOK,KRW,reference,102.5
1984-06-16,SAR,KRW,reference,227.77
1984-06-16,SEK,KRW,reference,98.46
1984-06-16,SGD,KRW,reference,379.91
1984-06-16,USD,KRW,reference,799.7
1984-06-18,AED,KRW,reference,217.76
1984-06-18,ATS,KRW,reference,41.55
1984-06-18,AUD,KRW,reference,710.2
1984-06-18,BEF,KRW,reference,14.31
1984-06-18,BHD,KRW,reference,2121.51
1984-06-18,CAD,KRW,reference,614.95
1984-06-18,CHF,KRW,reference,350.1
1984-06-18,DEM,KRW,reference,290.99
1984-06-18,DKK,KRW,reference,79.36
1984-06-18,FRF,KRW,reference,94.73
1984-06-18,GBP,KRW,reference,1101.59
1984-06-18,HKD,KRW,reference,102.33
1984-06-18,ITL,KRW,reference,0.4702
1984-06-18,JPY,KRW,reference,3.43
1984-06-18,KWD,KRW,reference,2694.87
1984-06-18,MYR,KRW,reference,346.95
1984-06-18,NLG,KRW,reference,258.54
1984-06-18,NOK,KRW,reference,102.5
1984-06-18,SAR,KRW,reference,227.77
1984-06-18,SEK,KRW,reference,98.46
1984-06-18,SGD,KRW,reference,379.91
1984-06-18,USD,KRW,reference,799.7
1984-06-19,AED,KRW,reference,217.92
1984-06-19,ATS,KRW,reference,41.34
1984-06-19,AUD,KRW,reference,707.92
1984-06-19,BEF,KRW,reference,14.26
1984-06-19,BHD,KRW,reference,2123.1
1984-06-19,CAD,KRW,reference,615.41
1984-06-19,CHF,KRW,reference,349.56
1984-06-19,DEM,KRW,reference,290.23
1984-06-19,DKK,KRW,reference,79.28
1984-06-19,FRF,KRW,reference,94.51
1984-06-19,GBP,KRW,reference,1101.62
1984-06-19,HKD,KRW,reference,102.48
1984-06-19,ITL,KRW,reference,0.4694
1984-06-19,JPY,KRW,reference,3.4282
1984-06-19,KWD,KRW,reference,2692.13
1984-06-19,MYR,KRW,reference,346.46
1984-06-19,NLG,KRW,reference,257.69
1984-06-19,NOK,KRW,reference,102.31
1984-06-19,SAR,KRW,reference,228.01
1984-06-19,SEK,KRW,reference,98.38
1984-06-19,SGD,KRW,reference,379.29
1984-06-19,USD,KRW,reference,800.3
1984-06-20,AED,KRW,reference,218
1984-06-20,ATS,KRW,reference,41.29
1984-06-20,AUD,KRW,reference,707.37
1984-06-20,BEF,KRW,reference,14.23
1984-06-20,BHD,KRW,reference,2123.89
1984-06-20,CAD,KRW,reference,615.64
1984-06-20,CHF,KRW,reference,349.76
1984-06-20,DEM,KRW,reference,289.71
1984-06-20,DKK,KRW,reference,79.14
1984-06-20,FRF,KRW,reference,94.3
1984-06-20,GBP,KRW,reference,1102.03
1984-06-20,HKD,KRW,reference,102.41
1984-06-20,ITL,KRW,reference,0.4702
1984-06-20,JPY,KRW,reference,3.4361
1984-06-20,KWD,KRW,reference,2692.68
1984-06-20,MYR,KRW,reference,346.29
1984-06-20,NLG,KRW,reference,257.12
1984-06-20,NOK,KRW,reference,102.45
1984-06-20,SAR,KRW,reference,228.1
1984-06-20,SEK,KRW,reference,98.49
1984-06-20,SGD,KRW,reference,379.44
1984-06-20,USD,KRW,reference,800.6
1984-06-21,AED,KRW,reference,218.28
1984-06-21,ATS,KRW,reference,41.27
1984-06-21,AUD,KRW,reference,702.24
1984-06-21,BEF,KRW,reference,14.19
1984-06-21,BHD,KRW,reference,2126.55
1984-06-21,CAD,KRW,reference,616
1984-06-21,CHF,KRW,reference,347.54
1984-06-21,DEM,KRW,reference,288.71
1984-06-21,DKK,KRW,reference,78.73
1984-06-21,FRF,KRW,reference,94.06
1984-06-21,GBP,KRW,reference,1094.59
1984-06-21,HKD,KRW,reference,102.54
1984-06-21,ITL,KRW,reference,0.46799999999999997
1984-06-21,JPY,KRW,reference,3.425
1984-06-21,KWD,KRW,reference,2696.04
1984-06-21,MYR,KRW,reference,347.02
1984-06-21,NLG,KRW,reference,256.17
1984-06-21,NOK,KRW,reference,101.92
1984-06-21,SAR,KRW,reference,228.38
1984-06-21,SEK,KRW,reference,98.09
1984-06-21,SGD,KRW,reference,379.91
1984-06-21,USD,KRW,reference,801.6
1984-06-22,AED,KRW,reference,218.58
1984-06-22,ATS,KRW,reference,41.01
1984-06-22,AUD,KRW,reference,699.07
1984-06-22,BEF,KRW,reference,14.18
1984-06-22,BHD,KRW,reference,2129.2
1984-06-22,CAD,KRW,reference,614.91
1984-06-22,CHF,KRW,reference,347.23
1984-06-22,DEM,KRW,reference,288.66
1984-06-22,DKK,KRW,reference,78.58
1984-06-22,FRF,KRW,reference,94.04
1984-06-22,GBP,KRW,reference,1095.96
1984-06-22,HKD,KRW,reference,102.65
1984-06-22,ITL,KRW,reference,0.4682
1984-06-22,JPY,KRW,reference,3.4219
1984-06-22,KWD,KRW,reference,2682.94
1984-06-22,MYR,KRW,reference,346.7
1984-06-22,NLG,KRW,reference,256.3
1984-06-22,NOK,KRW,reference,101.66
1984-06-22,SAR,KRW,reference,228.62
1984-06-22,SEK,KRW,reference,98.09
1984-06-22,SGD,KRW,reference,379.48
1984-06-22,USD,KRW,reference,802.6
1984-06-23,AED,KRW,reference,218.77
1984-06-23,ATS,KRW,reference,41.19
1984-06-23,AUD,KRW,reference,697.89
1984-06-23,BEF,KRW,reference,14.15
1984-06-23,BHD,KRW,reference,2131.06
1984-06-23,CAD,KRW,reference,614.22
1984-06-23,CHF,KRW,reference,346.33
1984-06-23,DEM,KRW,reference,287.59
1984-06-23,DKK,KRW,reference,78.84
1984-06-23,FRF,KRW,reference,93.74
1984-06-23,GBP,KRW,reference,1093.9
1984-06-23,HKD,KRW,reference,102.73
1984-06-23,ITL,KRW,reference,0.46759999999999996
1984-06-23,JPY,KRW,reference,3.3985000000000003
1984-06-23,KWD,KRW,reference,2696.55
1984-06-23,MYR,KRW,reference,347
1984-06-23,NLG,KRW,reference,255.75
1984-06-23,NOK,KRW,reference,101.79
1984-06-23,SAR,KRW,reference,228.82
1984-06-23,SEK,KRW,reference,98.24
1984-06-23,SGD,KRW,reference,379.82
1984-06-23,USD,KRW,reference,803.3
1984-06-25,AED,KRW,reference,218.77
1984-06-25,ATS,KRW,reference,41.19
1984-06-25,AUD,KRW,reference,697.89
1984-06-25,BEF,KRW,reference,14.15
1984-06-25,BHD,KRW,reference,2131.06
1984-06-25,CAD,KRW,reference,614.22
1984-06-25,CHF,KRW,reference,346.33
1984-06-25,DEM,KRW,reference,287.59
1984-06-25,DKK,KRW,reference,78.84
1984-06-25,FRF,KRW,reference,93.74
1984-06-25,GBP,KRW,reference,1093.9
1984-06-25,HKD,KRW,reference,102.73
1984-06-25,ITL,KRW,reference,0.46759999999999996
1984-06-25,JPY,KRW,reference,3.3985000000000003
1984-06-25,KWD,KRW,reference,2696.55
1984-06-25,MYR,KRW,reference,347
1984-06-25,NLG,KRW,reference,255.75
1984-06-25,NOK,KRW,reference,101.79
1984-06-25,SAR,KRW,reference,228.82
1984-06-25,SEK,KRW,reference,98.24
1984-06-25,SGD,KRW,reference,379.82
1984-06-25,USD,KRW,reference,803.3
1984-06-26,AED,KRW,reference,219.04
1984-06-26,ATS,KRW,reference,40.87
1984-06-26,AUD,KRW,reference,686.94
1984-06-26,BEF,KRW,reference,14.01
1984-06-26,BHD,KRW,reference,2133.71
1984-06-26,CAD,KRW,reference,612.41
1984-06-26,CHF,KRW,reference,344.53
1984-06-26,DEM,KRW,reference,287.1
1984-06-26,DKK,KRW,reference,78.38
1984-06-26,FRF,KRW,reference,93.59
1984-06-26,GBP,KRW,reference,1085.41
1984-06-26,HKD,KRW,reference,102.86
1984-06-26,ITL,KRW,reference,0.466
1984-06-26,JPY,KRW,reference,3.378
1984-06-26,KWD,KRW,reference,2699.9
1984-06-26,MYR,KRW,reference,345.94
1984-06-26,NLG,KRW,reference,254.91
1984-06-26,NOK,KRW,reference,101.4
1984-06-26,SAR,KRW,reference,229.02
1984-06-26,SEK,KRW,reference,98.06
1984-06-26,SGD,KRW,reference,378.05
1984-06-26,USD,KRW,reference,804.3
1984-06-27,AED,KRW,reference,218.77
1984-06-27,ATS,KRW,reference,41.28
1984-06-27,AUD,KRW,reference,692.56
1984-06-27,BEF,KRW,reference,14.21
1984-06-27,BHD,KRW,reference,2131.06
1984-06-27,CAD,KRW,reference,611.51
1984-06-27,CHF,KRW,reference,347.04
1984-06-27,DEM,KRW,reference,289.87
1984-06-27,DKK,KRW,reference,79.13
1984-06-27,FRF,KRW,reference,94.42
1984-06-27,GBP,KRW,reference,1090.48
1984-06-27,HKD,KRW,reference,102.77
1984-06-27,ITL,KRW,reference,0.4704
1984-06-27,JPY,KRW,reference,3.3967
1984-06-27,KWD,KRW,reference,2696.55
1984-06-27,MYR,KRW,reference,347
1984-06-27,NLG,KRW,reference,257.29
1984-06-27,NOK,KRW,reference,101.08
1984-06-27,SAR,KRW,reference,228.7
1984-06-27,SEK,KRW,reference,98.72
1984-06-27,SGD,KRW,reference,378.03
1984-06-27,USD,KRW,reference,803.3
1984-06-28,AED,KRW,reference,218.77
1984-06-28,ATS,KRW,reference,40.96
1984-06-28,AUD,KRW,reference,692.83
1984-06-28,BEF,KRW,reference,14.13
1984-06-28,BHD,KRW,reference,2131.06
1984-06-28,CAD,KRW,reference,610.86
1984-06-28,CHF,KRW,reference,344.21
1984-06-28,DEM,KRW,reference,287.46
1984-06-28,DKK,KRW,reference,78.43
1984-06-28,FRF,KRW,reference,93.63
1984-06-28,GBP,KRW,reference,1082.45
1984-06-28,HKD,KRW,reference,102.77
1984-06-28,ITL,KRW,reference,0.46649999999999997
1984-06-28,JPY,KRW,reference,3.3794999999999997
1984-06-28,KWD,KRW,reference,2696.55
1984-06-28,MYR,KRW,reference,346.25
1984-06-28,NLG,KRW,reference,255.2
1984-06-28,NOK,KRW,reference,100.57
1984-06-28,SAR,KRW,reference,228.78
1984-06-28,SEK,KRW,reference,98
1984-06-28,SGD,KRW,reference,377.14
1984-06-28,USD,KRW,reference,803.3
1984-06-29,AED,KRW,reference,219.04
1984-06-29,ATS,KRW,reference,41.15
1984-06-29,AUD,KRW,reference,698.55
1984-06-29,BEF,KRW,reference,14.22
1984-06-29,BHD,KRW,reference,2133.71
1984-06-29,CAD,KRW,reference,610.64
1984-06-29,CHF,KRW,reference,346.31
1984-06-29,DEM,KRW,reference,289.56
1984-06-29,DKK,KRW,reference,78.73
1984-06-29,FRF,KRW,reference,94.38
1984-06-29,GBP,KRW,reference,1089.03
1984-06-29,HKD,KRW,reference,102.89
1984-06-29,ITL,KRW,reference,0.4704
1984-06-29,JPY,KRW,reference,3.3930000000000002
1984-06-29,KWD,KRW,reference,2699.9
1984-06-29,MYR,KRW,reference,346.31
1984-06-29,NLG,KRW,reference,256.38
1984-06-29,NOK,KRW,reference,100.67
1984-06-29,SAR,KRW,reference,229.07
1984-06-29,SEK,KRW,reference,98.26
1984-06-29,SGD,KRW,reference,377.17
1984-06-29,USD,KRW,reference,804.3
1984-06-30,AED,KRW,reference,218.8
1984-06-30,ATS,KRW,reference,41.1
1984-06-30,AUD,KRW,reference,691.34
1984-06-30,BEF,KRW,reference,14.19
1984-06-30,BHD,KRW,reference,2131.32
1984-06-30,CAD,KRW,reference,609.91
1984-06-30,CHF,KRW,reference,344.41
1984-06-30,DEM,KRW,reference,288.63
1984-06-30,DKK,KRW,reference,78.44
1984-06-30,FRF,KRW,reference,94.08
1984-06-30,GBP,KRW,reference,1090.62
1984-06-30,HKD,KRW,reference,102.75
1984-06-30,ITL,KRW,reference,0.46880000000000005
1984-06-30,JPY,KRW,reference,3.3856
1984-06-30,KWD,KRW,reference,2696.88
1984-06-30,MYR,KRW,reference,346.52
1984-06-30,NLG,KRW,reference,256.21
1984-06-30,NOK,KRW,reference,100.47
1984-06-30,SAR,KRW,reference,228.7
1984-06-30,SEK,KRW,reference,98.07
1984-06-30,SGD,KRW,reference,376.92
1984-06-30,USD,KRW,reference,803.4
1984-07-02,AED,KRW,reference,218.8
1984-07-02,ATS,KRW,reference,41.1
1984-07-02,AUD,KRW,reference,691.34
1984-07-02,BEF,KRW,reference,14.19
1984-07-02,BHD,KRW,reference,2131.32
1984-07-02,CAD,KRW,reference,609.91
1984-07-02,CHF,KRW,reference,344.41
1984-07-02,DEM,KRW,reference,288.63
1984-07-02,DKK,KRW,reference,78.44
1984-07-02,FRF,KRW,reference,94.08
1984-07-02,GBP,KRW,reference,1090.62
1984-07-02,HKD,KRW,reference,102.75
1984-07-02,ITL,KRW,reference,0.46880000000000005
1984-07-02,JPY,KRW,reference,3.3856
1984-07-02,KWD,KRW,reference,2696.88
1984-07-02,MYR,KRW,reference,346.52
1984-07-02,NLG,KRW,reference,256.21
1984-07-02,NOK,KRW,reference,100.47
1984-07-02,SAR,KRW,reference,228.7
1984-07-02,SEK,KRW,reference,98.07
1984-07-02,SGD,KRW,reference,376.92
1984-07-02,USD,KRW,reference,803.4
1984-07-03,AED,KRW,reference,219.07
1984-07-03,ATS,KRW,reference,40.89
1984-07-03,AUD,KRW,reference,691.43
1984-07-03,BEF,KRW,reference,14.16
1984-07-03,BHD,KRW,reference,2133.98
1984-07-03,CAD,KRW,reference,610.72
1984-07-03,CHF,KRW,reference,343.14
1984-07-03,DEM,KRW,reference,287.65
1984-07-03,DKK,KRW,reference,78.46
1984-07-03,FRF,KRW,reference,93.84
1984-07-03,GBP,KRW,reference,1085.54
1984-07-03,HKD,KRW,reference,102.89
1984-07-03,ITL,KRW,reference,0.46799999999999997
1984-07-03,JPY,KRW,reference,3.3693
1984-07-03,KWD,KRW,reference,2700.24
1984-07-03,MYR,KRW,reference,346.36
1984-07-03,NLG,KRW,reference,255.29
1984-07-03,NOK,KRW,reference,100.4
1984-07-03,SAR,KRW,reference,228.98
1984-07-03,SEK,KRW,reference,98.13
1984-07-03,SGD,KRW,reference,376.77
1984-07-03,USD,KRW,reference,804.4
1984-07-04,AED,KRW,reference,219.34
1984-07-04,ATS,KRW,reference,40.73
1984-07-04,AUD,KRW,reference,685.8
1984-07-04,BEF,KRW,reference,14.04
1984-07-04,BHD,KRW,reference,2136.63
1984-07-04,CAD,KRW,reference,609.81
1984-07-04,CHF,KRW,reference,340.73
1984-07-04,DEM,KRW,reference,285.66
1984-07-04,DKK,KRW,reference,77.88
1984-07-04,FRF,KRW,reference,93.1
1984-07-04,GBP,KRW,reference,1074.41
1984-07-04,HKD,KRW,reference,103.01
1984-07-04,ITL,KRW,reference,0.46590000000000004
1984-07-04,JPY,KRW,reference,3.3594
1984-07-04,KWD,KRW,reference,2703.6
1984-07-04,MYR,KRW,reference,346.41
1984-07-04,NLG,KRW,reference,253.36
1984-07-04,NOK,KRW,reference,99.65
1984-07-04,SAR,KRW,reference,229.27
1984-07-04,SEK,KRW,reference,97.72
1984-07-04,SGD,KRW,reference,376.36
1984-07-04,USD,KRW,reference,805.4
1984-07-05,AED,KRW,reference,219.34
1984-07-05,ATS,KRW,reference,40.76
1984-07-05,AUD,KRW,reference,687.74
1984-07-05,BEF,KRW,reference,14.07
1984-07-05,BHD,KRW,reference,2136.89
1984-07-05,CAD,KRW,reference,609.08
1984-07-05,CHF,KRW,reference,340.74
1984-07-05,DEM,KRW,reference,285.95
1984-07-05,DKK,KRW,reference,78
1984-07-05,FRF,KRW,reference,93.26
1984-07-05,GBP,KRW,reference,1075.91
1984-07-05,HKD,KRW,reference,103.02
1984-07-05,ITL,KRW,reference,0.4656
1984-07-05,JPY,KRW,reference,3.3593
1984-07-05,KWD,KRW,reference,2703.93
1984-07-05,MYR,KRW,reference,346.46
1984-07-05,NLG,KRW,reference,253.33
1984-07-05,NOK,KRW,reference,99.7
1984-07-05,SAR,KRW,reference,229.35
1984-07-05,SEK,KRW,reference,97.88
1984-07-05,SGD,KRW,reference,376.41
1984-07-05,USD,KRW,reference,805.5
1984-07-06,AED,KRW,reference,219.61
1984-07-06,ATS,KRW,reference,40.48
1984-07-06,AUD,KRW,reference,684.8
1984-07-06,BEF,KRW,reference,14
1984-07-06,BHD,KRW,reference,2139.55
1984-07-06,CAD,KRW,reference,607.65
1984-07-06,CHF,KRW,reference,338.76
1984-07-06,DEM,KRW,reference,284.53
1984-07-06,DKK,KRW,reference,77.63
1984-07-06,FRF,KRW,reference,92.74
1984-07-06,GBP,KRW,reference,1059.34
1984-07-06,HKD,KRW,reference,103.11
1984-07-06,ITL,KRW,reference,0.4636
1984-07-06,JPY,KRW,reference,3.3514
1984-07-06,KWD,KRW,reference,2700.26
1984-07-06,MYR,KRW,reference,346.89
1984-07-06,NLG,KRW,reference,252.35
1984-07-06,NOK,KRW,reference,98.98
1984-07-06,SAR,KRW,reference,229.65
1984-07-06,SEK,KRW,reference,97.41
1984-07-06,SGD,KRW,reference,376
1984-07-06,USD,KRW,reference,806.5
1984-07-07,AED,KRW,reference,219.83
1984-07-07,ATS,KRW,reference,40.62
1984-07-07,AUD,KRW,reference,681.3
1984-07-07,BEF,KRW,reference,14.01
1984-07-07,BHD,KRW,reference,2141.4
1984-07-07,CAD,KRW,reference,609.14
1984-07-07,CHF,KRW,reference,338.17
1984-07-07,DEM,KRW,reference,284.53
1984-07-07,DKK,KRW,reference,77.68
1984-07-07,FRF,KRW,reference,92.73
1984-07-07,GBP,KRW,reference,1062.68
1984-07-07,HKD,KRW,reference,103.21
1984-07-07,ITL,KRW,reference,0.4636
1984-07-07,JPY,KRW,reference,3.3438999999999997
1984-07-07,KWD,KRW,reference,2709.64
1984-07-07,MYR,KRW,reference,347.19
1984-07-07,NLG,KRW,reference,252.33
1984-07-07,NOK,KRW,reference,99.08
1984-07-07,SAR,KRW,reference,229.83
1984-07-07,SEK,KRW,reference,97.46
1984-07-07,SGD,KRW,reference,376.76
1984-07-07,USD,KRW,reference,807.2
1984-07-09,AED,KRW,reference,219.83
1984-07-09,ATS,KRW,reference,40.62
1984-07-09,AUD,KRW,reference,681.3
1984-07-09,BEF,KRW,reference,14.01
1984-07-09,BHD,KRW,reference,2141.4
1984-07-09,CAD,KRW,reference,609.14
1984-07-09,CHF,KRW,reference,338.17
1984-07-09,DEM,KRW,reference,284.53
1984-07-09,DKK,KRW,reference,77.68
1984-07-09,FRF,KRW,reference,92.73
1984-07-09,GBP,KRW,reference,1062.68
1984-07-09,HKD,KRW,reference,103.21
1984-07-09,ITL,KRW,reference,0.4636
1984-07-09,JPY,KRW,reference,3.3438999999999997
1984-07-09,KWD,KRW,reference,2709.64
1984-07-09,MYR,KRW,reference,347.19
1984-07-09,NLG,KRW,reference,252.33
1984-07-09,NOK,KRW,reference,99.08
1984-07-09,SAR,KRW,reference,229.83
1984-07-09,SEK,KRW,reference,97.46
1984-07-09,SGD,KRW,reference,376.76
1984-07-09,USD,KRW,reference,807.2
1984-07-10,AED,KRW,reference,220.1
1984-07-10,ATS,KRW,reference,40.58
1984-07-10,AUD,KRW,reference,674.69
1984-07-10,BEF,KRW,reference,14.16
1984-07-10,BHD,KRW,reference,2144.06
1984-07-10,CAD,KRW,reference,608.84
1984-07-10,CHF,KRW,reference,340.95
1984-07-10,DEM,KRW,reference,287.47
1984-07-10,DKK,KRW,reference,78.64
1984-07-10,FRF,KRW,reference,93.68
1984-07-10,GBP,KRW,reference,1062.79
1984-07-10,HKD,KRW,reference,102.76
1984-07-10,ITL,KRW,reference,0.4683
1984-07-10,JPY,KRW,reference,3.3522000000000003
1984-07-10,KWD,KRW,reference,2713
1984-07-10,MYR,KRW,reference,347.62
1984-07-10,NLG,KRW,reference,254.84
1984-07-10,NOK,KRW,reference,99.45
1984-07-10,SAR,KRW,reference,230.11
1984-07-10,SEK,KRW,reference,98.18
1984-07-10,SGD,KRW,reference,376.79
1984-07-10,USD,KRW,reference,808.2
1984-07-11,AED,KRW,reference,220.05
1984-07-11,ATS,KRW,reference,40.66
1984-07-11,AUD,KRW,reference,670.48
1984-07-11,BEF,KRW,reference,14.02
1984-07-11,BHD,KRW,reference,2143.53
1984-07-11,CAD,KRW,reference,607.32
1984-07-11,CHF,KRW,reference,337.16
1984-07-11,DEM,KRW,reference,284.44
1984-07-11,DKK,KRW,reference,77.92
1984-07-11,FRF,KRW,reference,92.85
1984-07-11,GBP,KRW,reference,1052.63
1984-07-11,HKD,KRW,reference,102.93
1984-07-11,ITL,KRW,reference,0.4642
1984-07-11,JPY,KRW,reference,3.3354000000000004
1984-07-11,KWD,KRW,reference,2704.61
1984-07-11,MYR,KRW,reference,346.79
1984-07-11,NLG,KRW,reference,252.47
1984-07-11,NOK,KRW,reference,98.99
1984-07-11,SAR,KRW,reference,230.19
1984-07-11,SEK,KRW,reference,97.62
1984-07-11,SGD,KRW,reference,376.69
1984-07-11,USD,KRW,reference,808
1984-07-12,AED,KRW,reference,220.32
1984-07-12,ATS,KRW,reference,40.65
1984-07-12,AUD,KRW,reference,665.85
1984-07-12,BEF,KRW,reference,14
1984-07-12,BHD,KRW,reference,2146.18
1984-07-12,CAD,KRW,reference,605.61
1984-07-12,CHF,KRW,reference,335.86
1984-07-12,DEM,KRW,reference,284.01
1984-07-12,DKK,KRW,reference,77.77
1984-07-12,FRF,KRW,reference,92.73
1984-07-12,GBP,KRW,reference,1057.37
1984-07-12,HKD,KRW,reference,103.15
1984-07-12,ITL,KRW,reference,0.46340000000000003
1984-07-12,JPY,KRW,reference,3.3341000000000003
1984-07-12,KWD,KRW,reference,2707.95
1984-07-12,MYR,KRW,reference,346.47
1984-07-12,NLG,KRW,reference,251.81
1984-07-12,NOK,KRW,reference,98.75
1984-07-12,SAR,KRW,reference,230.33
1984-07-12,SEK,KRW,reference,97.39
1984-07-12,SGD,KRW,reference,377.16
1984-07-12,USD,KRW,reference,809
1984-07-13,AED,KRW,reference,220.51
1984-07-13,ATS,KRW,reference,40.52
1984-07-13,AUD,KRW,reference,666.42
1984-07-13,BEF,KRW,reference,13.99
1984-07-13,BHD,KRW,reference,2148.04
1984-07-13,CAD,KRW,reference,608.18
1984-07-13,CHF,KRW,reference,335.11
1984-07-13,DEM,KRW,reference,283.74
1984-07-13,DKK,KRW,reference,77.59
1984-07-13,FRF,KRW,reference,92.41
1984-07-13,GBP,KRW,reference,1058.69
1984-07-13,HKD,KRW,reference,103.12
1984-07-13,ITL,KRW,reference,0.4617
1984-07-13,JPY,KRW,reference,3.3376
1984-07-13,KWD,KRW,reference,2706.67
1984-07-13,MYR,KRW,reference,346.03
1984-07-13,NLG,KRW,reference,251.41
1984-07-13,NOK,KRW,reference,98.42
1984-07-13,SAR,KRW,reference,230.57
1984-07-13,SEK,KRW,reference,97.24
1984-07-13,SGD,KRW,reference,377.49
1984-07-13,USD,KRW,reference,809.7
1984-07-14,AED,KRW,reference,220.24
1984-07-14,ATS,KRW,reference,40.64
1984-07-14,AUD,KRW,reference,677.73
1984-07-14,BEF,KRW,reference,14.08
1984-07-14,BHD,KRW,reference,2145.38
1984-07-14,CAD,KRW,reference,609.22
1984-07-14,CHF,KRW,reference,337.07
1984-07-14,DEM,KRW,reference,285.56
1984-07-14,DKK,KRW,reference,78.2
1984-07-14,FRF,KRW,reference,93.15
1984-07-14,GBP,KRW,reference,1067.08
1984-07-14,HKD,KRW,reference,102.86
1984-07-14,ITL,KRW,reference,0.4646
1984-07-14,JPY,KRW,reference,3.3480000000000003
1984-07-14,KWD,KRW,reference,2714.67
1984-07-14,MYR,KRW,reference,345.6
1984-07-14,NLG,KRW,reference,253.36
1984-07-14,NOK,KRW,reference,98.9
1984-07-14,SAR,KRW,reference,230.34
1984-07-14,SEK,KRW,reference,97.64
1984-07-14,SGD,KRW,reference,377.9
1984-07-14,USD,KRW,reference,808.7
1984-07-16,AED,KRW,reference,220.24
1984-07-16,ATS,KRW,reference,40.64
1984-07-16,AUD,KRW,reference,677.73
1984-07-16,BEF,KRW,reference,14.08
1984-07-16,BHD,KRW,reference,2145.38
1984-07-16,CAD,KRW,reference,609.22
1984-07-16,CHF,KRW,reference,337.07
1984-07-16,DEM,KRW,reference,285.56
1984-07-16,DKK,KRW,reference,78.2
1984-07-16,FRF,KRW,reference,93.15
1984-07-16,GBP,KRW,reference,1067.08
1984-07-16,HKD,KRW,reference,102.86
1984-07-16,ITL,KRW,reference,0.4646
1984-07-16,JPY,KRW,reference,3.3480000000000003
1984-07-16,KWD,KRW,reference,2714.67
1984-07-16,MYR,KRW,reference,345.6
1984-07-16,NLG,KRW,reference,253.36
1984-07-16,NOK,KRW,reference,98.9
1984-07-16,SAR,KRW,reference,230.34
1984-07-16,SEK,KRW,reference,97.64
1984-07-16,SGD,KRW,reference,377.9
1984-07-16,USD,KRW,reference,808.7
1984-07-18,AED,KRW,reference,220.35
1984-07-18,ATS,KRW,reference,40.45
1984-07-18,AUD,KRW,reference,670.02
1984-07-18,BEF,KRW,reference,14.02
1984-07-18,BHD,KRW,reference,2146.44
1984-07-18,CAD,KRW,reference,608.31
1984-07-18,CHF,KRW,reference,335.35
1984-07-18,DEM,KRW,reference,283.6
1984-07-18,DKK,KRW,reference,77.69
1984-07-18,FRF,KRW,reference,92.24
1984-07-18,GBP,KRW,reference,1065.19
1984-07-18,HKD,KRW,reference,103.36
1984-07-18,ITL,KRW,reference,0.4619
1984-07-18,JPY,KRW,reference,3.3324000000000003
1984-07-18,KWD,KRW,reference,2716.02
1984-07-18,MYR,KRW,reference,345.04
1984-07-18,NLG,KRW,reference,251.34
1984-07-18,NOK,KRW,reference,98.35
1984-07-18,SAR,KRW,reference,230.47
1984-07-18,SEK,KRW,reference,97.34
1984-07-18,SGD,KRW,reference,377.21
1984-07-18,USD,KRW,reference,809.1
1984-07-19,AED,KRW,reference,220.62
1984-07-19,ATS,KRW,reference,40.41
1984-07-19,AUD,KRW,reference,672.82
1984-07-19,BEF,KRW,reference,14.03
1984-07-19,BHD,KRW,reference,2149.1
1984-07-19,CAD,KRW,reference,609.35
1984-07-19,CHF,KRW,reference,335.21
1984-07-19,DEM,KRW,reference,283.31
1984-07-19,DKK,KRW,reference,77.58
1984-07-19,FRF,KRW,reference,92.35
1984-07-19,GBP,KRW,reference,1066.91
1984-07-19,HKD,KRW,reference,103.44
1984-07-19,ITL,KRW,reference,0.4619
1984-07-19,JPY,KRW,reference,3.3235
1984-07-19,KWD,KRW,reference,2719.37
1984-07-19,MYR,KRW,reference,345.46
1984-07-19,NLG,KRW,reference,251.06
1984-07-19,NOK,KRW,reference,97.84
1984-07-19,SAR,KRW,reference,230.74
1984-07-19,SEK,KRW,reference,97.29
1984-07-19,SGD,KRW,reference,376.8
1984-07-19,USD,KRW,reference,810.1
1984-07-20,AED,KRW,reference,220.62
1984-07-20,ATS,KRW,reference,40.49
1984-07-20,AUD,KRW,reference,674.02
1984-07-20,BEF,KRW,reference,14.08
1984-07-20,BHD,KRW,reference,2149.1
1984-07-20,CAD,KRW,reference,609.68
1984-07-20,CHF,KRW,reference,336.18
1984-07-20,DEM,KRW,reference,284.35
1984-07-20,DKK,KRW,reference,77.82
1984-07-20,FRF,KRW,reference,92.68
1984-07-20,GBP,KRW,reference,1074.2
1984-07-20,HKD,KRW,reference,103.38
1984-07-20,ITL,KRW,reference,0.46270000000000006
1984-07-20,JPY,KRW,reference,3.3304
1984-07-20,KWD,KRW,reference,2709.82
1984-07-20,MYR,KRW,reference,344.73
1984-07-20,NLG,KRW,reference,252.14
1984-07-20,NOK,KRW,reference,98.41
1984-07-20,SAR,KRW,reference,230.74
1984-07-20,SEK,KRW,reference,97.75
1984-07-20,SGD,KRW,reference,376.8
1984-07-20,USD,KRW,reference,810.1
1984-07-21,AED,KRW,reference,220.89
1984-07-21,ATS,KRW,reference,40.5
1984-07-21,AUD,KRW,reference,669.17
1984-07-21,BEF,KRW,reference,14.01
1984-07-21,BHD,KRW,reference,2151.75
1984-07-21,CAD,KRW,reference,611.07
1984-07-21,CHF,KRW,reference,334.62
1984-07-21,DEM,KRW,reference,283.51
1984-07-21,DKK,KRW,reference,77.68
1984-07-21,FRF,KRW,reference,92.41
1984-07-21,GBP,KRW,reference,1073.5
1984-07-21,HKD,KRW,reference,103.52
1984-07-21,ITL,KRW,reference,0.4617
1984-07-21,JPY,KRW,reference,3.3045999999999998
1984-07-21,KWD,KRW,reference,2712.71
1984-07-21,MYR,KRW,reference,344.42
1984-07-21,NLG,KRW,reference,251.26
1984-07-21,NOK,KRW,reference,98.17
1984-07-21,SAR,KRW,reference,231.02
1984-07-21,SEK,KRW,reference,97.58
1984-07-21,SGD,KRW,reference,376.39
1984-07-21,USD,KRW,reference,811.1
1984-07-23,AED,KRW,reference,220.89
1984-07-23,ATS,KRW,reference,40.5
1984-07-23,AUD,KRW,reference,669.17
1984-07-23,BEF,KRW,reference,14.01
1984-07-23,BHD,KRW,reference,2151.75
1984-07-23,CAD,KRW,reference,611.07
1984-07-23,CHF,KRW,reference,334.62
1984-07-23,DEM,KRW,reference,283.51
1984-07-23,DKK,KRW,reference,77.68
1984-07-23,FRF,KRW,reference,92.41
1984-07-23,GBP,KRW,reference,1073.5
1984-07-23,HKD,KRW,reference,103.52
1984-07-23,ITL,KRW,reference,0.4617
1984-07-23,JPY,KRW,reference,3.3045999999999998
1984-07-23,KWD,KRW,reference,2712.71
1984-07-23,MYR,KRW,reference,344.42
1984-07-23,NLG,KRW,reference,251.26
1984-07-23,NOK,KRW,reference,98.17
1984-07-23,SAR,KRW,reference,231.02
1984-07-23,SEK,KRW,reference,97.58
1984-07-23,SGD,KRW,reference,376.39
1984-07-23,USD,KRW,reference,811.1
1984-07-24,AED,KRW,reference,221.17
1984-07-24,ATS,KRW,reference,40.26
1984-07-24,AUD,KRW,reference,667.96
1984-07-24,BEF,KRW,reference,13.96
1984-07-24,BHD,KRW,reference,2154.4
1984-07-24,CAD,KRW,reference,614.95
1984-07-24,CHF,KRW,reference,332.76
1984-07-24,DEM,KRW,reference,282.38
1984-07-24,DKK,KRW,reference,77.37
1984-07-24,FRF,KRW,reference,92.02
1984-07-24,GBP,KRW,reference,1072.38
1984-07-24,HKD,KRW,reference,103.6
1984-07-24,ITL,KRW,reference,0.46
1984-07-24,JPY,KRW,reference,3.2851999999999997
1984-07-24,KWD,KRW,reference,2723.8
1984-07-24,MYR,KRW,reference,344.85
1984-07-24,NLG,KRW,reference,250.31
1984-07-24,NOK,KRW,reference,98
1984-07-24,SAR,KRW,reference,231.32
1984-07-24,SEK,KRW,reference,97.35
1984-07-24,SGD,KRW,reference,375.98
1984-07-24,USD,KRW,reference,812.1
1984-07-25,AED,KRW,reference,221.06
1984-07-25,ATS,KRW,reference,40.31
1984-07-25,AUD,KRW,reference,670.06
1984-07-25,BEF,KRW,reference,14
1984-07-25,BHD,KRW,reference,2153.34
1984-07-25,CAD,KRW,reference,615.09
1984-07-25,CHF,KRW,reference,332.53
1984-07-25,DEM,KRW,reference,283.02
1984-07-25,DKK,KRW,reference,77.4
1984-07-25,FRF,KRW,reference,92.24
1984-07-25,GBP,KRW,reference,1074.7
1984-07-25,HKD,KRW,reference,103.42
1984-07-25,ITL,KRW,reference,0.4607
1984-07-25,JPY,KRW,reference,3.301
1984-07-25,KWD,KRW,reference,2722.46
1984-07-25,MYR,KRW,reference,344.68
1984-07-25,NLG,KRW,reference,250.39
1984-07-25,NOK,KRW,reference,98.01
1984-07-25,SAR,KRW,reference,231.21
1984-07-25,SEK,KRW,reference,97.39
1984-07-25,SGD,KRW,reference,376.66
1984-07-25,USD,KRW,reference,811.7
1984-07-26,AED,KRW,reference,220.78
1984-07-26,ATS,KRW,reference,40.62
1984-07-26,AUD,KRW,reference,674.13
1984-07-26,BEF,KRW,reference,14.1
1984-07-26,BHD,KRW,reference,2150.69
1984-07-26,CAD,KRW,reference,618.03
1984-07-26,CHF,KRW,reference,334.04
1984-07-26,DEM,KRW,reference,285.36
1984-07-26,DKK,KRW,reference,78.01
1984-07-26,FRF,KRW,reference,92.99
1984-07-26,GBP,KRW,reference,1083.1
1984-07-26,HKD,KRW,reference,103.22
1984-07-26,ITL,KRW,reference,0.46490000000000004
1984-07-26,JPY,KRW,reference,3.3219
1984-07-26,KWD,KRW,reference,2719.11
1984-07-26,MYR,KRW,reference,345.72
1984-07-26,NLG,KRW,reference,252.76
1984-07-26,NOK,KRW,reference,98.54
1984-07-26,SAR,KRW,reference,230.86
1984-07-26,SEK,KRW,reference,97.84
1984-07-26,SGD,KRW,reference,376.2
1984-07-26,USD,KRW,reference,810.7
1984-07-27,AED,KRW,reference,220.51
1984-07-27,ATS,KRW,reference,40.21
1984-07-27,AUD,KRW,reference,678.57
1984-07-27,BEF,KRW,reference,14
1984-07-27,BHD,KRW,reference,2148.04
1984-07-27,CAD,KRW,reference,616.8
1984-07-27,CHF,KRW,reference,330.9
1984-07-27,DEM,KRW,reference,282.77
1984-07-27,DKK,KRW,reference,77.28
1984-07-27,FRF,KRW,reference,92.14
1984-07-27,GBP,KRW,reference,1066.38
1984-07-27,HKD,KRW,reference,103.35
1984-07-27,ITL,KRW,reference,0.4604
1984-07-27,JPY,KRW,reference,3.3104
1984-07-27,KWD,KRW,reference,2726.27
1984-07-27,MYR,KRW,reference,348.26
1984-07-27,NLG,KRW,reference,250.36
1984-07-27,NOK,KRW,reference,97.88
1984-07-27,SAR,KRW,reference,230.61
1984-07-27,SEK,KRW,reference,97.21
1984-07-27,SGD,KRW,reference,378.37
1984-07-27,USD,KRW,reference,809.7
1984-07-28,AED,KRW,reference,220.78
1984-07-28,ATS,KRW,reference,40.02
1984-07-28,AUD,KRW,reference,679.01
1984-07-28,BEF,KRW,reference,13.9
1984-07-28,BHD,KRW,reference,2150.69
1984-07-28,CAD,KRW,reference,616.34
1984-07-28,CHF,KRW,reference,329.96
1984-07-28,DEM,KRW,reference,280.91
1984-07-28,DKK,KRW,reference,76.83
1984-07-28,FRF,KRW,reference,91.51
1984-07-28,GBP,KRW,reference,1065.67
1984-07-28,HKD,KRW,reference,103.34
1984-07-28,ITL,KRW,reference,0.45630000000000004
1984-07-28,JPY,KRW,reference,3.2801
1984-07-28,KWD,KRW,reference,2728.26
1984-07-28,MYR,KRW,reference,347.94
1984-07-28,NLG,KRW,reference,248.61
1984-07-28,NOK,KRW,reference,97.65
1984-07-28,SAR,KRW,reference,230.89
1984-07-28,SEK,KRW,reference,96.78
1984-07-28,SGD,KRW,reference,377.07
1984-07-28,USD,KRW,reference,810.7
1984-07-30,AED,KRW,reference,220.78
1984-07-30,ATS,KRW,reference,40.02
1984-07-30,AUD,KRW,reference,679.01
1984-07-30,BEF,KRW,reference,13.9
1984-07-30,BHD,KRW,reference,2150.69
1984-07-30,CAD,KRW,reference,616.34
1984-07-30,CHF,KRW,reference,329.96
1984-07-30,DEM,KRW,reference,280.91
1984-07-30,DKK,KRW,reference,76.83
1984-07-30,FRF,KRW,reference,91.51
1984-07-30,GBP,KRW,reference,1065.67
1984-07-30,HKD,KRW,reference,103.34
1984-07-30,ITL,KRW,reference,0.45630000000000004
1984-07-30,JPY,KRW,reference,3.2801
1984-07-30,KWD,KRW,reference,2728.26
1984-07-30,MYR,KRW,reference,347.94
1984-07-30,NLG,KRW,reference,248.61
1984-07-30,NOK,KRW,reference,97.65
1984-07-30,SAR,KRW,reference,230.89
1984-07-30,SEK,KRW,reference,96.78
1984-07-30,SGD,KRW,reference,377.07
1984-07-30,USD,KRW,reference,810.7
1984-07-31,AED,KRW,reference,220.97
1984-07-31,ATS,KRW,reference,39.92
1984-07-31,AUD,KRW,reference,673.48
1984-07-31,BEF,KRW,reference,13.88
1984-07-31,BHD,KRW,reference,2152.55
1984-07-31,CAD,KRW,reference,617.53
1984-07-31,CHF,KRW,reference,330.55
1984-07-31,DEM,KRW,reference,280.77
1984-07-31,DKK,KRW,reference,76.73
1984-07-31,FRF,KRW,reference,91.46
1984-07-31,GBP,KRW,reference,1061.32
1984-07-31,HKD,KRW,reference,103.34
1984-07-31,ITL,KRW,reference,0.45630000000000004
1984-07-31,JPY,KRW,reference,3.3024
1984-07-31,KWD,KRW,reference,2722.82
1984-07-31,MYR,KRW,reference,346.02
1984-07-31,NLG,KRW,reference,248.35
1984-07-31,NOK,KRW,reference,97.41
1984-07-31,SAR,KRW,reference,231.11
1984-07-31,SEK,KRW,reference,96.69
1984-07-31,SGD,KRW,reference,376.52
1984-07-31,USD,KRW,reference,811.4
1984-08-01,AED,KRW,reference,221.14
1984-08-01,ATS,KRW,reference,39.67
1984-08-01,AUD,KRW,reference,669.92
1984-08-01,BEF,KRW,reference,13.77
1984-08-01,BHD,KRW,reference,2154.14
1984-08-01,CAD,KRW,reference,620.07
1984-08-01,CHF,KRW,reference,327.95
1984-08-01,DEM,KRW,reference,278.18
1984-08-01,DKK,KRW,reference,76.23
1984-08-01,FRF,KRW,reference,90.68
1984-08-01,GBP,KRW,reference,1054.39
1984-08-01,HKD,KRW,reference,103.51
1984-08-01,ITL,KRW,reference,0.45289999999999997
1984-08-01,JPY,KRW,reference,3.2888
1984-08-01,KWD,KRW,reference,2724.84
1984-08-01,MYR,KRW,reference,344.8
1984-08-01,NLG,KRW,reference,246.2
1984-08-01,NOK,KRW,reference,96.87
1984-08-01,SAR,KRW,reference,231.28
1984-08-01,SEK,KRW,reference,96.3
1984-08-01,SGD,KRW,reference,375.93
1984-08-01,USD,KRW,reference,812
1984-08-02,AED,KRW,reference,223
1984-08-02,ATS,KRW,reference,39.73
1984-08-02,AUD,KRW,reference,675.77
1984-08-02,BEF,KRW,reference,13.84
1984-08-02,BHD,KRW,reference,2153.34
1984-08-02,CAD,KRW,reference,621.74
1984-08-02,CHF,KRW,reference,331.18
1984-08-02,DEM,KRW,reference,280.24
1984-08-02,DKK,KRW,reference,76.4
1984-08-02,FRF,KRW,reference,91.35
1984-08-02,GBP,KRW,reference,1066.58
1984-08-02,HKD,KRW,reference,103.62
1984-08-02,ITL,KRW,reference,0.45630000000000004
1984-08-02,JPY,KRW,reference,3.3294
1984-08-02,KWD,KRW,reference,2714.72
1984-08-02,MYR,KRW,reference,345.41
1984-08-02,NLG,KRW,reference,247.85
1984-08-02,NOK,KRW,reference,97.19
1984-08-02,SAR,KRW,reference,231.18
1984-08-02,SEK,KRW,reference,96.44
1984-08-02,SGD,KRW,reference,375.79
1984-08-02,USD,KRW,reference,811.7
1984-08-03,AED,KRW,reference,222.78
1984-08-03,ATS,KRW,reference,39.97
1984-08-03,AUD,KRW,reference,669.81
1984-08-03,BEF,KRW,reference,13.87
1984-08-03,BHD,KRW,reference,2151.22
1984-08-03,CAD,KRW,reference,618.19
1984-08-03,CHF,KRW,reference,332.2
1984-08-03,DEM,KRW,reference,280.4
1984-08-03,DKK,KRW,reference,76.85
1984-08-03,FRF,KRW,reference,91.4
1984-08-03,GBP,KRW,reference,1064.31
1984-08-03,HKD,KRW,reference,103.53
1984-08-03,ITL,KRW,reference,0.4569
1984-08-03,JPY,KRW,reference,3.3163
1984-08-03,KWD,KRW,reference,2721.15
1984-08-03,MYR,KRW,reference,345.95
1984-08-03,NLG,KRW,reference,248.33
1984-08-03,NOK,KRW,reference,97.5
1984-08-03,SAR,KRW,reference,231
1984-08-03,SEK,KRW,reference,96.74
1984-08-03,SGD,KRW,reference,376.64
1984-08-03,USD,KRW,reference,810.9
1984-08-04,AED,KRW,reference,220.57
1984-08-04,ATS,KRW,reference,40.28
1984-08-04,AUD,KRW,reference,686.01
1984-08-04,BEF,KRW,reference,13.97
1984-08-04,BHD,KRW,reference,2148.57
1984-08-04,CAD,KRW,reference,619.74
1984-08-04,CHF,KRW,reference,337.11
1984-08-04,DEM,KRW,reference,283.16
1984-08-04,DKK,KRW,reference,77.47
1984-08-04,FRF,KRW,reference,92.21
1984-08-04,GBP,KRW,reference,1076.77
1984-08-04,HKD,KRW,reference,103.39
1984-08-04,ITL,KRW,reference,0.46049999999999996
1984-08-04,JPY,KRW,reference,3.3561
1984-08-04,KWD,KRW,reference,2717.79
1984-08-04,MYR,KRW,reference,346.86
1984-08-04,NLG,KRW,reference,250.81
1984-08-04,NOK,KRW,reference,98.14
1984-08-04,SAR,KRW,reference,230.65
1984-08-04,SEK,KRW,reference,97.32
1984-08-04,SGD,KRW,reference,377.58
1984-08-04,USD,KRW,reference,809.9
1984-08-06,AED,KRW,reference,220.57
1984-08-06,ATS,KRW,reference,40.28
1984-08-06,AUD,KRW,reference,686.01
1984-08-06,BEF,KRW,reference,13.97
1984-08-06,BHD,KRW,reference,2148.57
1984-08-06,CAD,KRW,reference,619.74
1984-08-06,CHF,KRW,reference,337.11
1984-08-06,DEM,KRW,reference,283.16
1984-08-06,DKK,KRW,reference,77.47
1984-08-06,FRF,KRW,reference,92.21
1984-08-06,GBP,KRW,reference,1076.77
1984-08-06,HKD,KRW,reference,103.39
1984-08-06,ITL,KRW,reference,0.46049999999999996
1984-08-06,JPY,KRW,reference,3.3561
1984-08-06,KWD,KRW,reference,2717.79
1984-08-06,MYR,KRW,reference,346.86
1984-08-06,NLG,KRW,reference,250.81
1984-08-06,NOK,KRW,reference,98.14
1984-08-06,SAR,KRW,reference,230.65
1984-08-06,SEK,KRW,reference,97.32
1984-08-06,SGD,KRW,reference,377.58
1984-08-06,USD,KRW,reference,809.9
1984-08-07,AED,KRW,reference,220.65
1984-08-07,ATS,KRW,reference,39.98
1984-08-07,AUD,KRW,reference,685.05
1984-08-07,BEF,KRW,reference,13.91
1984-08-07,BHD,KRW,reference,2149.65
1984-08-07,CAD,KRW,reference,619.54
1984-08-07,CHF,KRW,reference,334.07
1984-08-07,DEM,KRW,reference,280.84
1984-08-07,DKK,KRW,reference,76.94
1984-08-07,FRF,KRW,reference,91.52
1984-08-07,GBP,KRW,reference,1067.44
1984-08-07,HKD,KRW,reference,103.45
1984-08-07,ITL,KRW,reference,0.457
1984-08-07,JPY,KRW,reference,3.3363
1984-08-07,KWD,KRW,reference,2721.99
1984-08-07,MYR,KRW,reference,346.61
1984-08-07,NLG,KRW,reference,248.88
1984-08-07,NOK,KRW,reference,97.74
1984-08-07,SAR,KRW,reference,230.81
1984-08-07,SEK,KRW,reference,96.96
1984-08-07,SGD,KRW,reference,376.84
1984-08-07,USD,KRW,reference,810.2
1984-08-08,AED,KRW,reference,220.92
1984-08-08,ATS,KRW,reference,39.42
1984-08-08,AUD,KRW,reference,681.43
1984-08-08,BEF,KRW,reference,13.76
1984-08-08,BHD,KRW,reference,2152.01
1984-08-08,CAD,KRW,reference,622.5
1984-08-08,CHF,KRW,reference,328.69
1984-08-08,DEM,KRW,reference,277.48
1984-08-08,DKK,KRW,reference,76.35
1984-08-08,FRF,KRW,reference,90.37
1984-08-08,GBP,KRW,reference,1060.24
1984-08-08,HKD,KRW,reference,103.57
1984-08-08,ITL,KRW,reference,0.4517
1984-08-08,JPY,KRW,reference,3.3131
1984-08-08,KWD,KRW,reference,2728.56
1984-08-08,MYR,KRW,reference,346.67
1984-08-08,NLG,KRW,reference,243.77
1984-08-08,NOK,KRW,reference,96.55
1984-08-08,SAR,KRW,reference,231.07
1984-08-08,SEK,KRW,reference,96.09
1984-08-08,SGD,KRW,reference,376.21
1984-08-08,USD,KRW,reference,811.2
1984-08-09,AED,KRW,reference,220.65
1984-08-09,ATS,KRW,reference,39.66
1984-08-09,AUD,KRW,reference,682.19
1984-08-09,BEF,KRW,reference,13.81
1984-08-09,BHD,KRW,reference,2149.36
1984-08-09,CAD,KRW,reference,620.04
1984-08-09,CHF,KRW,reference,331.1
1984-08-09,DEM,KRW,reference,278.9
1984-08-09,DKK,KRW,reference,76.38
1984-08-09,FRF,KRW,reference,90.89
1984-08-09,GBP,KRW,reference,1065.01
1984-08-09,HKD,KRW,reference,103.28
1984-08-09,ITL,KRW,reference,0.4545
1984-08-09,JPY,KRW,reference,3.3276999999999997
1984-08-09,KWD,KRW,reference,2718.8
1984-08-09,MYR,KRW,reference,346.61
1984-08-09,NLG,KRW,reference,247.24
1984-08-09,NOK,KRW,reference,97.12
1984-08-09,SAR,KRW,reference,230.75
1984-08-09,SEK,KRW,reference,96.43
1984-08-09,SGD,KRW,reference,377.06
1984-08-09,USD,KRW,reference,810.2
1984-08-10,AED,KRW,reference,220.38
1984-08-10,ATS,KRW,reference,39.77
1984-08-10,AUD,KRW,reference,680.66
1984-08-10,BEF,KRW,reference,13.88
1984-08-10,BHD,KRW,reference,2146.71
1984-08-10,CAD,KRW,reference,618.92
1984-08-10,CHF,KRW,reference,334.25
1984-08-10,DEM,KRW,reference,281.25
1984-08-10,DKK,KRW,reference,76.87
1984-08-10,FRF,KRW,reference,91.62
1984-08-10,GBP,KRW,reference,1068.96
1984-08-10,HKD,KRW,reference,103.21
1984-08-10,ITL,KRW,reference,0.4562
1984-08-10,JPY,KRW,reference,3.3480000000000003
1984-08-10,KWD,KRW,reference,2720.46
1984-08-10,MYR,KRW,reference,348.05
1984-08-10,NLG,KRW,reference,249.12
1984-08-10,NOK,KRW,reference,97.53
1984-08-10,SAR,KRW,reference,230.48
1984-08-10,SEK,KRW,reference,96.6
1984-08-10,SGD,KRW,reference,379.02
1984-08-10,USD,KRW,reference,809.2
1984-08-11,AED,KRW,reference,220.1
1984-08-11,ATS,KRW,reference,39.68
1984-08-11,AUD,KRW,reference,680.51
1984-08-11,BEF,KRW,reference,13.75
1984-08-11,BHD,KRW,reference,2144.06
1984-08-11,CAD,KRW,reference,616.98
1984-08-11,CHF,KRW,reference,329.34
1984-08-11,DEM,KRW,reference,277.38
1984-08-11,DKK,KRW,reference,76.43
1984-08-11,FRF,KRW,reference,90.48
1984-08-11,GBP,KRW,reference,1055.72
1984-08-11,HKD,KRW,reference,103.11
1984-08-11,ITL,KRW,reference,0.4518
1984-08-11,JPY,KRW,reference,3.3198000000000003
1984-08-11,KWD,KRW,reference,2718.01
1984-08-11,MYR,KRW,reference,346.13
1984-08-11,NLG,KRW,reference,246.35
1984-08-11,NOK,KRW,reference,96.94
1984-08-11,SAR,KRW,reference,230.25
1984-08-11,SEK,KRW,reference,96.13
1984-08-11,SGD,KRW,reference,376.79
1984-08-11,USD,KRW,reference,808.2
1984-08-13,AED,KRW,reference,220.1
1984-08-13,ATS,KRW,reference,39.68
1984-08-13,AUD,KRW,reference,680.51
1984-08-13,BEF,KRW,reference,13.75
1984-08-13,BHD,KRW,reference,2144.06
1984-08-13,CAD,KRW,reference,616.98
1984-08-13,CHF,KRW,reference,329.34
1984-08-13,DEM,KRW,reference,277.38
1984-08-13,DKK,KRW,reference,76.43
1984-08-13,FRF,KRW,reference,90.48
1984-08-13,GBP,KRW,reference,1055.72
1984-08-13,HKD,KRW,reference,103.11
1984-08-13,ITL,KRW,reference,0.4518
1984-08-13,JPY,KRW,reference,3.3198000000000003
1984-08-13,KWD,KRW,reference,2718.01
1984-08-13,MYR,KRW,reference,346.13
1984-08-13,NLG,KRW,reference,246.35
1984-08-13,NOK,KRW,reference,96.94
1984-08-13,SAR,KRW,reference,230.25
1984-08-13,SEK,KRW,reference,96.13
1984-08-13,SGD,KRW,reference,376.79
1984-08-13,USD,KRW,reference,808.2
1984-08-14,AED,KRW,reference,220.38
1984-08-14,ATS,KRW,reference,39.95
1984-08-14,AUD,KRW,reference,682.33
1984-08-14,BEF,KRW,reference,13.85
1984-08-14,BHD,KRW,reference,2146.71
1984-08-14,CAD,KRW,reference,620.68
1984-08-14,CHF,KRW,reference,333.01
1984-08-14,DEM,KRW,reference,280.56
1984-08-14,DKK,KRW,reference,77.2
1984-08-14,FRF,KRW,reference,91.41
1984-08-14,GBP,KRW,reference,1067.34
1984-08-14,HKD,KRW,reference,103.17
1984-08-14,ITL,KRW,reference,0.45530000000000004
1984-08-14,JPY,KRW,reference,3.3407
1984-08-14,KWD,KRW,reference,2720
1984-08-14,MYR,KRW,reference,346.56
1984-08-14,NLG,KRW,reference,248.78
1984-08-14,NOK,KRW,reference,97.65
1984-08-14,SAR,KRW,reference,229.19
1984-08-14,SEK,KRW,reference,96.65
1984-08-14,SGD,KRW,reference,377.25
1984-08-14,USD,KRW,reference,809.2
1984-08-16,AED,KRW,reference,220.1
1984-08-16,ATS,KRW,reference,40.24
1984-08-16,AUD,KRW,reference,683.36
1984-08-16,BEF,KRW,reference,14.03
1984-08-16,BHD,KRW,reference,2144.06
1984-08-16,CAD,KRW,reference,619.39
1984-08-16,CHF,KRW,reference,338.16
1984-08-16,DEM,KRW,reference,283.19
1984-08-16,DKK,KRW,reference,77.92
1984-08-16,FRF,KRW,reference,92.29
1984-08-16,GBP,KRW,reference,1072.69
1984-08-16,HKD,KRW,reference,103.29
1984-08-16,ITL,KRW,reference,0.45899999999999996
1984-08-16,JPY,KRW,reference,3.3605
1984-08-16,KWD,KRW,reference,2739.67
1984-08-16,MYR,KRW,reference,347.62
1984-08-16,NLG,KRW,reference,251.68
1984-08-16,NOK,KRW,reference,98.6
1984-08-16,SAR,KRW,reference,228.86
1984-08-16,SEK,KRW,reference,97.82
1984-08-16,SGD,KRW,reference,376.79
1984-08-16,USD,KRW,reference,808.2
1984-08-17,AED,KRW,reference,220.02
1984-08-17,ATS,KRW,reference,40.29
1984-08-17,AUD,KRW,reference,683.51
1984-08-17,BEF,KRW,reference,14
1984-08-17,BHD,KRW,reference,2143.26
1984-08-17,CAD,KRW,reference,619.63
1984-08-17,CHF,KRW,reference,339.32
1984-08-17,DEM,KRW,reference,282.56
1984-08-17,DKK,KRW,reference,77.3
1984-08-17,FRF,KRW,reference,92.1
1984-08-17,GBP,KRW,reference,1070.07
1984-08-17,HKD,KRW,reference,103.13
1984-08-17,ITL,KRW,reference,0.4575
1984-08-17,JPY,KRW,reference,3.3478
1984-08-17,KWD,KRW,reference,2738.18
1984-08-17,MYR,KRW,reference,347.15
1984-08-17,NLG,KRW,reference,250.77
1984-08-17,NOK,KRW,reference,98.14
1984-08-17,SAR,KRW,reference,228.84
1984-08-17,SEK,KRW,reference,97.17
1984-08-17,SGD,KRW,reference,377.53
1984-08-17,USD,KRW,reference,807.9
1984-08-18,AED,KRW,reference,219.97
1984-08-18,ATS,KRW,reference,40.26
1984-08-18,AUD,KRW,reference,688.99
1984-08-18,BEF,KRW,reference,13.99
1984-08-18,BHD,KRW,reference,2142.73
1984-08-18,CAD,KRW,reference,620.33
1984-08-18,CHF,KRW,reference,339.09
1984-08-18,DEM,KRW,reference,282.47
1984-08-18,DKK,KRW,reference,77.41
1984-08-18,FRF,KRW,reference,92
1984-08-18,GBP,KRW,reference,1068.59
1984-08-18,HKD,KRW,reference,103.04
1984-08-18,ITL,KRW,reference,0.4572
1984-08-18,JPY,KRW,reference,3.3522000000000003
1984-08-18,KWD,KRW,reference,2737.97
1984-08-18,MYR,KRW,reference,346.66
1984-08-18,NLG,KRW,reference,250.59
1984-08-18,NOK,KRW,reference,97.82
1984-08-18,SAR,KRW,reference,228.78
1984-08-18,SEK,KRW,reference,97.23
1984-08-18,SGD,KRW,reference,377.66
1984-08-18,USD,KRW,reference,807.7
1984-08-20,AED,KRW,reference,219.97
1984-08-20,ATS,KRW,reference,40.26
1984-08-20,AUD,KRW,reference,688.99
1984-08-20,BEF,KRW,reference,13.99
1984-08-20,BHD,KRW,reference,2142.73
1984-08-20,CAD,KRW,reference,620.33
1984-08-20,CHF,KRW,reference,339.09
1984-08-20,DEM,KRW,reference,282.47
1984-08-20,DKK,KRW,reference,77.41
1984-08-20,FRF,KRW,reference,92
1984-08-20,GBP,KRW,reference,1068.59
1984-08-20,HKD,KRW,reference,103.04
1984-08-20,ITL,KRW,reference,0.4572
1984-08-20,JPY,KRW,reference,3.3522000000000003
1984-08-20,KWD,KRW,reference,2737.97
1984-08-20,MYR,KRW,reference,346.66
1984-08-20,NLG,KRW,reference,250.59
1984-08-20,NOK,KRW,reference,97.82
1984-08-20,SAR,KRW,reference,228.78
1984-08-20,SEK,KRW,reference,97.23
1984-08-20,SGD,KRW,reference,377.66
1984-08-20,USD,KRW,reference,807.7
1984-08-21,AED,KRW,reference,220.21
1984-08-21,ATS,KRW,reference,40
1984-08-21,AUD,KRW,reference,692.18
1984-08-21,BEF,KRW,reference,13.93
1984-08-21,BHD,KRW,reference,2145.12
1984-08-21,CAD,KRW,reference,621.22
1984-08-21,CHF,KRW,reference,336.22
1984-08-21,DEM,KRW,reference,281.01
1984-08-21,DKK,KRW,reference,77.11
1984-08-21,FRF,KRW,reference,91.58
1984-08-21,GBP,KRW,reference,1064.93
1984-08-21,HKD,KRW,reference,103.08
1984-08-21,ITL,KRW,reference,0.4546
1984-08-21,JPY,KRW,reference,3.3489999999999998
1984-08-21,KWD,KRW,reference,2738.7
1984-08-21,MYR,KRW,reference,346.3
1984-08-21,NLG,KRW,reference,249.28
1984-08-21,NOK,KRW,reference,97.72
1984-08-21,SAR,KRW,reference,229.02
1984-08-21,SEK,KRW,reference,96.93
1984-08-21,SGD,KRW,reference,376.97
1984-08-21,USD,KRW,reference,808.6
1984-08-22,AED,KRW,reference,220.48
1984-08-22,ATS,KRW,reference,39.92
1984-08-22,AUD,KRW,reference,689.79
1984-08-22,BEF,KRW,reference,13.89
1984-08-22,BHD,KRW,reference,2147.77
1984-08-22,CAD,KRW,reference,622.13
1984-08-22,CHF,KRW,reference,334.76
1984-08-22,DEM,KRW,reference,279.56
1984-08-22,DKK,KRW,reference,76.78
1984-08-22,FRF,KRW,reference,91.09
1984-08-22,GBP,KRW,reference,1060.18
1984-08-22,HKD,KRW,reference,103.2
1984-08-22,ITL,KRW,reference,0.4518
1984-08-22,JPY,KRW,reference,3.3379000000000003
1984-08-22,KWD,KRW,reference,2740.7
1984-08-22,MYR,KRW,reference,346.73
1984-08-22,NLG,KRW,reference,248.25
1984-08-22,NOK,KRW,reference,97.49
1984-08-22,SAR,KRW,reference,229.32
1984-08-22,SEK,KRW,reference,96.79
1984-08-22,SGD,KRW,reference,377.44
1984-08-22,USD,KRW,reference,809.6
1984-08-23,AED,KRW,reference,220.29
1984-08-23,ATS,KRW,reference,40.1
1984-08-23,AUD,KRW,reference,691.61
1984-08-23,BEF,KRW,reference,13.94
1984-08-23,BHD,KRW,reference,2145.91
1984-08-23,CAD,KRW,reference,622.38
1984-08-23,CHF,KRW,reference,338.21
1984-08-23,DEM,KRW,reference,281.63
1984-08-23,DKK,KRW,reference,77.36
1984-08-23,FRF,KRW,reference,91.83
1984-08-23,GBP,KRW,reference,1063.71
1984-08-23,HKD,KRW,reference,103.11
1984-08-23,ITL,KRW,reference,0.4568
1984-08-23,JPY,KRW,reference,3.3558
1984-08-23,KWD,KRW,reference,2735.09
1984-08-23,MYR,KRW,reference,347.17
1984-08-23,NLG,KRW,reference,249.97
1984-08-23,NOK,KRW,reference,97.67
1984-08-23,SAR,KRW,reference,229.06
1984-08-23,SEK,KRW,reference,97.43
1984-08-23,SGD,KRW,reference,377.11
1984-08-23,USD,KRW,reference,808.9
1984-08-24,AED,KRW,reference,220.13
1984-08-24,ATS,KRW,reference,40.27
1984-08-24,AUD,KRW,reference,692.72
1984-08-24,BEF,KRW,reference,13.93
1984-08-24,BHD,KRW,reference,2144.32
1984-08-24,CAD,KRW,reference,621.99
1984-08-24,CHF,KRW,reference,338.63
1984-08-24,DEM,KRW,reference,281.45
1984-08-24,DKK,KRW,reference,77.09
1984-08-24,FRF,KRW,reference,91.7
1984-08-24,GBP,KRW,reference,1060.7
1984-08-24,HKD,KRW,reference,103.09
1984-08-24,ITL,KRW,reference,0.4547
1984-08-24,JPY,KRW,reference,3.3547000000000002
1984-08-24,KWD,KRW,reference,2735.83
1984-08-24,MYR,KRW,reference,346.99
1984-08-24,NLG,KRW,reference,249.38
1984-08-24,NOK,KRW,reference,97.66
1984-08-24,SAR,KRW,reference,228.95
1984-08-24,SEK,KRW,reference,97.3
1984-08-24,SGD,KRW,reference,377.54
1984-08-24,USD,KRW,reference,808.3
1984-08-25,AED,KRW,reference,220.08
1984-08-25,ATS,KRW,reference,40.15
1984-08-25,AUD,KRW,reference,690.95
1984-08-25,BEF,KRW,reference,13.97
1984-08-25,BHD,KRW,reference,2143.79
1984-08-25,CAD,KRW,reference,622.17
1984-08-25,CHF,KRW,reference,339.4
1984-08-25,DEM,KRW,reference,281.84
1984-08-25,DKK,KRW,reference,77.07
1984-08-25,FRF,KRW,reference,91.81
1984-08-25,GBP,KRW,reference,1056.19
1984-08-25,HKD,KRW,reference,103.06
1984-08-25,ITL,KRW,reference,0.4543
1984-08-25,JPY,KRW,reference,3.3566000000000003
1984-08-25,KWD,KRW,reference,2736.78
1984-08-25,MYR,KRW,reference,347.57
1984-08-25,NLG,KRW,reference,249.84
1984-08-25,NOK,KRW,reference,97.63
1984-08-25,SAR,KRW,reference,228.9
1984-08-25,SEK,KRW,reference,97.28
1984-08-25,SGD,KRW,reference,376.74
1984-08-25,USD,KRW,reference,808.1
1984-08-27,AED,KRW,reference,220.08
1984-08-27,ATS,KRW,reference,40.15
1984-08-27,AUD,KRW,reference,690.95
1984-08-27,BEF,KRW,reference,13.97
1984-08-27,BHD,KRW,reference,2143.79
1984-08-27,CAD,KRW,reference,622.17
1984-08-27,CHF,KRW,reference,339.4
1984-08-27,DEM,KRW,reference,281.84
1984-08-27,DKK,KRW,reference,77.07
1984-08-27,FRF,KRW,reference,91.81
1984-08-27,GBP,KRW,reference,1056.19
1984-08-27,HKD,KRW,reference,103.06
1984-08-27,ITL,KRW,reference,0.4543
1984-08-27,JPY,KRW,reference,3.3566000000000003
1984-08-27,KWD,KRW,reference,2736.78
1984-08-27,MYR,KRW,reference,347.57
1984-08-27,NLG,KRW,reference,249.84
1984-08-27,NOK,KRW,reference,97.63
1984-08-27,SAR,KRW,reference,228.9
1984-08-27,SEK,KRW,reference,97.28
1984-08-27,SGD,KRW,reference,376.74
1984-08-27,USD,KRW,reference,808.1
1984-08-28,AED,KRW,reference,220.3
1984-08-28,ATS,KRW,reference,40.01
1984-08-28,AUD,KRW,reference,688.54
1984-08-28,BEF,KRW,reference,13.9
1984-08-28,BHD,KRW,reference,2146.44
1984-08-28,CAD,KRW,reference,622.75
1984-08-28,CHF,KRW,reference,336.15
1984-08-28,DEM,KRW,reference,280.12
1984-08-28,DKK,KRW,reference,77.03
1984-08-28,FRF,KRW,reference,91.24
1984-08-28,GBP,KRW,reference,1057.5
1984-08-28,HKD,KRW,reference,103.21
1984-08-28,ITL,KRW,reference,0.4526
1984-08-28,JPY,KRW,reference,3.3454
1984-08-28,KWD,KRW,reference,2738.08
1984-08-28,MYR,KRW,reference,347.26
1984-08-28,NLG,KRW,reference,248.29
1984-08-28,NOK,KRW,reference,97.58
1984-08-28,SAR,KRW,reference,229.18
1984-08-28,SEK,KRW,reference,97.14
1984-08-28,SGD,KRW,reference,376.99
1984-08-28,USD,KRW,reference,809.1
1984-08-29,AED,KRW,reference,220.38
1984-08-29,ATS,KRW,reference,39.92
1984-08-29,AUD,KRW,reference,688.63
1984-08-29,BEF,KRW,reference,13.93
1984-08-29,BHD,KRW,reference,2146.71
1984-08-29,CAD,KRW,reference,622.59
1984-08-29,CHF,KRW,reference,337.88
1984-08-29,DEM,KRW,reference,281.03
1984-08-29,DKK,KRW,reference,77.24
1984-08-29,FRF,KRW,reference,91.62
1984-08-29,GBP,KRW,reference,1060.87
1984-08-29,HKD,KRW,reference,103.16
1984-08-29,ITL,KRW,reference,0.45409999999999995
1984-08-29,JPY,KRW,reference,3.3514999999999997
1984-08-29,KWD,KRW,reference,2735.17
1984-08-29,MYR,KRW,reference,347.49
1984-08-29,NLG,KRW,reference,249.3
1984-08-29,NOK,KRW,reference,97.79
1984-08-29,SAR,KRW,reference,229.21
1984-08-29,SEK,KRW,reference,97.41
1984-08-29,SGD,KRW,reference,377.03
1984-08-29,USD,KRW,reference,809.2
1984-08-30,AED,KRW,reference,220.1
1984-08-30,ATS,KRW,reference,39.87
1984-08-30,AUD,KRW,reference,690.72
1984-08-30,BEF,KRW,reference,13.92
1984-08-30,BHD,KRW,reference,2144.06
1984-08-30,CAD,KRW,reference,622.2
1984-08-30,CHF,KRW,reference,337.39
1984-08-30,DEM,KRW,reference,280.29
1984-08-30,DKK,KRW,reference,77.22
1984-08-30,FRF,KRW,reference,91.33
1984-08-30,GBP,KRW,reference,1060.36
1984-08-30,HKD,KRW,reference,103.07
1984-08-30,ITL,KRW,reference,0.4524
1984-08-30,JPY,KRW,reference,3.3514999999999997
1984-08-30,KWD,KRW,reference,2721.22
1984-08-30,MYR,KRW,reference,347.24
1984-08-30,NLG,KRW,reference,248.49
1984-08-30,NOK,KRW,reference,97.7
1984-08-30,SAR,KRW,reference,228.94
1984-08-30,SEK,KRW,reference,97.41
1984-08-30,SGD,KRW,reference,376.26
1984-08-30,USD,KRW,reference,808.2
1984-08-31,AED,KRW,reference,220.24
1984-08-31,ATS,KRW,reference,39.92
1984-08-31,AUD,KRW,reference,687.41
1984-08-31,BEF,KRW,reference,13.91
1984-08-31,BHD,KRW,reference,2145.38
1984-08-31,CAD,KRW,reference,623.02
1984-08-31,CHF,KRW,reference,336.75
1984-08-31,DEM,KRW,reference,280.27
1984-08-31,DKK,KRW,reference,77.01
1984-08-31,FRF,KRW,reference,91.31
1984-08-31,GBP,KRW,reference,1059
1984-08-31,HKD,KRW,reference,103.11
1984-08-31,ITL,KRW,reference,0.4517
1984-08-31,JPY,KRW,reference,3.3522000000000003
1984-08-31,KWD,KRW,reference,2732.1
1984-08-31,MYR,KRW,reference,346.79
1984-08-31,NLG,KRW,reference,248.36
1984-08-31,NOK,KRW,reference,97.63
1984-08-31,SAR,KRW,reference,229.1
1984-08-31,SEK,KRW,reference,97.61
1984-08-31,SGD,KRW,reference,375.27
1984-08-31,USD,KRW,reference,808.7
1984-09-01,AED,KRW,reference,220.32
1984-09-01,ATS,KRW,reference,39.82
1984-09-01,AUD,KRW,reference,687.84
1984-09-01,BEF,KRW,reference,13.9
1984-09-01,BHD,KRW,reference,2146.71
1984-09-01,CAD,KRW,reference,624.27
1984-09-01,CHF,KRW,reference,335.98
1984-09-01,DEM,KRW,reference,280.1
1984-09-01,DKK,KRW,reference,76.87
1984-09-01,FRF,KRW,reference,91.25
1984-09-01,GBP,KRW,reference,1058.84
1984-09-01,HKD,KRW,reference,103.2
1984-09-01,ITL,KRW,reference,0.4526
1984-09-01,JPY,KRW,reference,3.3445
1984-09-01,KWD,KRW,reference,2737.49
1984-09-01,MYR,KRW,reference,346.85
1984-09-01,NLG,KRW,reference,248.45
1984-09-01,NOK,KRW,reference,97.65
1984-09-01,SAR,KRW,reference,229.22
1984-09-01,SEK,KRW,reference,97.29
1984-09-01,SGD,KRW,reference,375.33
1984-09-01,USD,KRW,reference,809.2
1984-09-03,AED,KRW,reference,220.32
1984-09-03,ATS,KRW,reference,39.82
1984-09-03,AUD,KRW,reference,687.84
1984-09-03,BEF,KRW,reference,13.9
1984-09-03,BHD,KRW,reference,2146.71
1984-09-03,CAD,KRW,reference,624.27
1984-09-03,CHF,KRW,reference,335.98
1984-09-03,DEM,KRW,reference,280.1
1984-09-03,DKK,KRW,reference,76.87
1984-09-03,FRF,KRW,reference,91.25
1984-09-03,GBP,KRW,reference,1058.84
1984-09-03,HKD,KRW,reference,103.2
1984-09-03,ITL,KRW,reference,0.4526
1984-09-03,JPY,KRW,reference,3.3445
1984-09-03,KWD,KRW,reference,2737.49
1984-09-03,MYR,KRW,reference,346.85
1984-09-03,NLG,KRW,reference,248.45
1984-09-03,NOK,KRW,reference,97.65
1984-09-03,SAR,KRW,reference,229.22
1984-09-03,SEK,KRW,reference,97.29
1984-09-03,SGD,KRW,reference,375.33
1984-09-03,USD,KRW,reference,809.2
1984-09-04,AED,KRW,reference,220.54
1984-09-04,ATS,KRW,reference,39.59
1984-09-04,AUD,KRW,reference,681.57
1984-09-04,BEF,KRW,reference,13.81
1984-09-04,BHD,KRW,reference,2148.3
1984-09-04,CAD,KRW,reference,624.97
1984-09-04,CHF,KRW,reference,333.56
1984-09-04,DEM,KRW,reference,278.1
1984-09-04,DKK,KRW,reference,76.53
1984-09-04,FRF,KRW,reference,90.69
1984-09-04,GBP,KRW,reference,1054.77
1984-09-04,HKD,KRW,reference,103.29
1984-09-04,ITL,KRW,reference,0.45030000000000003
1984-09-04,JPY,KRW,reference,3.3377
1984-09-04,KWD,KRW,reference,2734.43
1984-09-04,MYR,KRW,reference,347.11
1984-09-04,NLG,KRW,reference,246.69
1984-09-04,NOK,KRW,reference,97.13
1984-09-04,SAR,KRW,reference,229.39
1984-09-04,SEK,KRW,reference,96.76
1984-09-04,SGD,KRW,reference,375.61
1984-09-04,USD,KRW,reference,809.8
1984-09-05,AED,KRW,reference,220.81
1984-09-05,ATS,KRW,reference,39.41
1984-09-05,AUD,KRW,reference,680.41
1984-09-05,BEF,KRW,reference,13.71
1984-09-05,BHD,KRW,reference,2150.95
1984-09-05,CAD,KRW,reference,624.25
1984-09-05,CHF,KRW,reference,330.27
1984-09-05,DEM,KRW,reference,276.05
1984-09-05,DKK,KRW,reference,76.05
1984-09-05,FRF,KRW,reference,89.97
1984-09-05,GBP,KRW,reference,1043.91
1984-09-05,HKD,KRW,reference,103.37
1984-09-05,ITL,KRW,reference,0.4481
1984-09-05,JPY,KRW,reference,3.3188999999999997
1984-09-05,KWD,KRW,reference,2734.57
1984-09-05,MYR,KRW,reference,347.02
1984-09-05,NLG,KRW,reference,244.59
1984-09-05,NOK,KRW,reference,96.53
1984-09-05,SAR,KRW,reference,229.66
1984-09-05,SEK,KRW,reference,96.24
1984-09-05,SGD,KRW,reference,375.29
1984-09-05,USD,KRW,reference,810.8
1984-09-06,AED,KRW,reference,221.08
1984-09-06,ATS,KRW,reference,39.27
1984-09-06,AUD,KRW,reference,673.56
1984-09-06,BEF,KRW,reference,13.67
1984-09-06,BHD,KRW,reference,2153.61
1984-09-06,CAD,KRW,reference,621.86
1984-09-06,CHF,KRW,reference,329.34
1984-09-06,DEM,KRW,reference,274.77
1984-09-06,DKK,KRW,reference,75.75
1984-09-06,FRF,KRW,reference,89.56
1984-09-06,GBP,KRW,reference,1041.54
1984-09-06,HKD,KRW,reference,103.39
1984-09-06,ITL,KRW,reference,0.44670000000000004
1984-09-06,JPY,KRW,reference,3.3149
1984-09-06,KWD,KRW,reference,2733.34
1984-09-06,MYR,KRW,reference,347.15
1984-09-06,NLG,KRW,reference,243.5
1984-09-06,NOK,KRW,reference,96.45
1984-09-06,SAR,KRW,reference,229.88
1984-09-06,SEK,KRW,reference,96.19
1984-09-06,SGD,KRW,reference,375.66
1984-09-06,USD,KRW,reference,811.8
1984-09-07,AED,KRW,reference,221.03
1984-09-07,ATS,KRW,reference,39.07
1984-09-07,AUD,KRW,reference,676.87
1984-09-07,BEF,KRW,reference,13.65
1984-09-07,BHD,KRW,reference,2153.08
1984-09-07,CAD,KRW,reference,620.95
1984-09-07,CHF,KRW,reference,328.99
1984-09-07,DEM,KRW,reference,274.75
1984-09-07,DKK,KRW,reference,75.77
1984-09-07,FRF,KRW,reference,89.52
1984-09-07,GBP,KRW,reference,1042.1
1984-09-07,HKD,KRW,reference,103.38
1984-09-07,ITL,KRW,reference,0.4454
1984-09-07,JPY,KRW,reference,3.3225
1984-09-07,KWD,KRW,reference,2732.2
1984-09-07,MYR,KRW,reference,346.99
1984-09-07,NLG,KRW,reference,243.8
1984-09-07,NOK,KRW,reference,96.37
1984-09-07,SAR,KRW,reference,229.87
1984-09-07,SEK,KRW,reference,96.19
1984-09-07,SGD,KRW,reference,375.57
1984-09-07,USD,KRW,reference,811.6
1984-09-08,AED,KRW,reference,221.3
1984-09-08,ATS,KRW,reference,38.84
1984-09-08,AUD,KRW,reference,672.44
1984-09-08,BEF,KRW,reference,13.5
1984-09-08,BHD,KRW,reference,2155.73
1984-09-08,CAD,KRW,reference,616.66
1984-09-08,CHF,KRW,reference,325.7
1984-09-08,DEM,KRW,reference,271.51
1984-09-08,DKK,KRW,reference,74.95
1984-09-08,FRF,KRW,reference,88.45
1984-09-08,GBP,KRW,reference,1032.82
1984-09-08,HKD,KRW,reference,103.48
1984-09-08,ITL,KRW,reference,0.44189999999999996
1984-09-08,JPY,KRW,reference,3.304
1984-09-08,KWD,KRW,reference,2727.99
1984-09-08,MYR,KRW,reference,346.09
1984-09-08,NLG,KRW,reference,240.67
1984-09-08,NOK,KRW,reference,95.55
1984-09-08,SAR,KRW,reference,230.02
1984-09-08,SEK,KRW,reference,95.35
1984-09-08,SGD,KRW,reference,375.51
1984-09-08,USD,KRW,reference,812.6
1984-09-11,AED,KRW,reference,221.55
1984-09-11,ATS,KRW,reference,38.73
1984-09-11,AUD,KRW,reference,674.41
1984-09-11,BEF,KRW,reference,13.49
1984-09-11,BHD,KRW,reference,2158.12
1984-09-11,CAD,KRW,reference,617.67
1984-09-11,CHF,KRW,reference,324.98
1984-09-11,DEM,KRW,reference,269.58
1984-09-11,DKK,KRW,reference,74.64
1984-09-11,FRF,KRW,reference,87.88
1984-09-11,GBP,KRW,reference,1034.37
1984-09-11,HKD,KRW,reference,103.37
1984-09-11,ITL,KRW,reference,0.4393
1984-09-11,JPY,KRW,reference,3.3009
1984-09-11,KWD,KRW,reference,2728.5
1984-09-11,MYR,KRW,reference,346.62
1984-09-11,NLG,KRW,reference,239.16
1984-09-11,NOK,KRW,reference,95.35
1984-09-11,SAR,KRW,reference,229.77
1984-09-11,SEK,KRW,reference,95.12
1984-09-11,SGD,KRW,reference,376.63
1984-09-11,USD,KRW,reference,813.5
1984-09-12,AED,KRW,reference,221.52
1984-09-12,ATS,KRW,reference,38.64
1984-09-12,AUD,KRW,reference,677.98
1984-09-12,BEF,KRW,reference,13.48
1984-09-12,BHD,KRW,reference,2157.85
1984-09-12,CAD,KRW,reference,618.4
1984-09-12,CHF,KRW,reference,327.16
1984-09-12,DEM,KRW,reference,271.39
1984-09-12,DKK,KRW,reference,74.96
1984-09-12,FRF,KRW,reference,88.47
1984-09-12,GBP,KRW,reference,1039.53
1984-09-12,HKD,KRW,reference,103.43
1984-09-12,ITL,KRW,reference,0.4412
1984-09-12,JPY,KRW,reference,3.3194
1984-09-12,KWD,KRW,reference,2727.25
1984-09-12,MYR,KRW,reference,346.87
1984-09-12,NLG,KRW,reference,240.62
1984-09-12,NOK,KRW,reference,95.78
1984-09-12,SAR,KRW,reference,229.75
1984-09-12,SEK,KRW,reference,95.61
1984-09-12,SGD,KRW,reference,377.45
1984-09-12,USD,KRW,reference,813.4
1984-09-13,AED,KRW,reference,221.44
1984-09-13,ATS,KRW,reference,38.62
1984-09-13,AUD,KRW,reference,676.69
1984-09-13,BEF,KRW,reference,13.48
1984-09-13,BHD,KRW,reference,2157.06
1984-09-13,CAD,KRW,reference,618.03
1984-09-13,CHF,KRW,reference,325.51
1984-09-13,DEM,KRW,reference,269.89
1984-09-13,DKK,KRW,reference,74.55
1984-09-13,FRF,KRW,reference,87.96
1984-09-13,GBP,KRW,reference,1035.49
1984-09-13,HKD,KRW,reference,103.47
1984-09-13,ITL,KRW,reference,0.4396
1984-09-13,JPY,KRW,reference,3.3133999999999997
1984-09-13,KWD,KRW,reference,2727.38
1984-09-13,MYR,KRW,reference,346.48
1984-09-13,NLG,KRW,reference,239.22
1984-09-13,NOK,KRW,reference,95.36
1984-09-13,SAR,KRW,reference,229.61
1984-09-13,SEK,KRW,reference,95.24
1984-09-13,SGD,KRW,reference,376
1984-09-13,USD,KRW,reference,813.1
1984-09-14,AED,KRW,reference,221.71
1984-09-14,ATS,KRW,reference,38.21
1984-09-14,AUD,KRW,reference,676.96
1984-09-14,BEF,KRW,reference,13.35
1984-09-14,BHD,KRW,reference,2159.71
1984-09-14,CAD,KRW,reference,619.02
1984-09-14,CHF,KRW,reference,324.9
1984-09-14,DEM,KRW,reference,269.06
1984-09-14,DKK,KRW,reference,74.1
1984-09-14,FRF,KRW,reference,87.57
1984-09-14,GBP,KRW,reference,1033.91
1984-09-14,HKD,KRW,reference,103.47
1984-09-14,ITL,KRW,reference,0.4361
1984-09-14,JPY,KRW,reference,3.3175
1984-09-14,KWD,KRW,reference,2730.74
1984-09-14,MYR,KRW,reference,346.43
1984-09-14,NLG,KRW,reference,238.19
1984-09-14,NOK,KRW,reference,95.03
1984-09-14,SAR,KRW,reference,229.9
1984-09-14,SEK,KRW,reference,94.92
1984-09-14,SGD,KRW,reference,376.03
1984-09-14,USD,KRW,reference,814.1
1984-09-15,AED,KRW,reference,221.71
1984-09-15,ATS,KRW,reference,38.42
1984-09-15,AUD,KRW,reference,676.93
1984-09-15,BEF,KRW,reference,13.33
1984-09-15,BHD,KRW,reference,2159.71
1984-09-15,CAD,KRW,reference,619.63
1984-09-15,CHF,KRW,reference,324.44
1984-09-15,DEM,KRW,reference,268.09
1984-09-15,DKK,KRW,reference,74.03
1984-09-15,FRF,KRW,reference,87.35
1984-09-15,GBP,KRW,reference,1028.21
1984-09-15,HKD,KRW,reference,103.59
1984-09-15,ITL,KRW,reference,0.43560000000000004
1984-09-15,JPY,KRW,reference,3.3106999999999998
1984-09-15,KWD,KRW,reference,2727.77
1984-09-15,MYR,KRW,reference,346.32
1984-09-15,NLG,KRW,reference,238.1
1984-09-15,NOK,KRW,reference,94.92
1984-09-15,SAR,KRW,reference,229.68
1984-09-15,SEK,KRW,reference,95.38
1984-09-15,SGD,KRW,reference,376.25
1984-09-15,USD,KRW,reference,814.1
1984-09-17,AED,KRW,reference,221.71
1984-09-17,ATS,KRW,reference,38.42
1984-09-17,AUD,KRW,reference,676.93
1984-09-17,BEF,KRW,reference,13.33
1984-09-17,BHD,KRW,reference,2159.71
1984-09-17,CAD,KRW,reference,619.63
1984-09-17,CHF,KRW,reference,324.44
1984-09-17,DEM,KRW,reference,268.09
1984-09-17,DKK,KRW,reference,74.03
1984-09-17,FRF,KRW,reference,87.35
1984-09-17,GBP,KRW,reference,1028.21
1984-09-17,HKD,KRW,reference,103.59
1984-09-17,ITL,KRW,reference,0.43560000000000004
1984-09-17,JPY,KRW,reference,3.3106999999999998
1984-09-17,KWD,KRW,reference,2727.77
1984-09-17,MYR,KRW,reference,346.32
1984-09-17,NLG,KRW,reference,238.1
1984-09-17,NOK,KRW,reference,94.92
1984-09-17,SAR,KRW,reference,229.68
1984-09-17,SEK,KRW,reference,95.38
1984-09-17,SGD,KRW,reference,376.25
1984-09-17,USD,KRW,reference,814.1
1984-09-18,AED,KRW,reference,221.79
1984-09-18,ATS,KRW,reference,37.69
1984-09-18,AUD,KRW,reference,674.32
1984-09-18,BEF,KRW,reference,13.12
1984-09-18,BHD,KRW,reference,2160.5
1984-09-18,CAD,KRW,reference,617.89
1984-09-18,CHF,KRW,reference,320.63
1984-09-18,DEM,KRW,reference,264.27
1984-09-18,DKK,KRW,reference,72.78
1984-09-18,FRF,KRW,reference,86.12
1984-09-18,GBP,KRW,reference,1007.01
1984-09-18,HKD,KRW,reference,103.64
1984-09-18,ITL,KRW,reference,0.4294
1984-09-18,JPY,KRW,reference,3.2886
1984-09-18,KWD,KRW,reference,2726.71
1984-09-18,MYR,KRW,reference,346.19
1984-09-18,NLG,KRW,reference,234.31
1984-09-18,NOK,KRW,reference,93.69
1984-09-18,SAR,KRW,reference,229.96
1984-09-18,SEK,KRW,reference,93.69
1984-09-18,SGD,KRW,reference,374.87
1984-09-18,USD,KRW,reference,814.4
1984-09-19,AED,KRW,reference,222.06
1984-09-19,ATS,KRW,reference,37.56
1984-09-19,AUD,KRW,reference,675.14
1984-09-19,BEF,KRW,reference,13.12
1984-09-19,BHD,KRW,reference,2163.16
1984-09-19,CAD,KRW,reference,619.3
1984-09-19,CHF,KRW,reference,322.17
1984-09-19,DEM,KRW,reference,264.66
1984-09-19,DKK,KRW,reference,72.89
1984-09-19,FRF,KRW,reference,86.25
1984-09-19,GBP,KRW,reference,1012.32
1984-09-19,HKD,KRW,reference,103.7
1984-09-19,ITL,KRW,reference,0.429
1984-09-19,JPY,KRW,reference,3.3275
1984-09-19,KWD,KRW,reference,2720.27
1984-09-19,MYR,KRW,reference,345.66
1984-09-19,NLG,KRW,reference,234.4
1984-09-19,NOK,KRW,reference,93.54
1984-09-19,SAR,KRW,reference,228.97
1984-09-19,SEK,KRW,reference,93.7
1984-09-19,SGD,KRW,reference,375.72
1984-09-19,USD,KRW,reference,815.4
1984-09-20,AED,KRW,reference,221.9
1984-09-20,ATS,KRW,reference,37.46
1984-09-20,AUD,KRW,reference,677.93
1984-09-20,BEF,KRW,reference,13.03
1984-09-20,BHD,KRW,reference,2161.56
1984-09-20,CAD,KRW,reference,618.66
1984-09-20,CHF,KRW,reference,321.3
1984-09-20,DEM,KRW,reference,262.95
1984-09-20,DKK,KRW,reference,73.26
1984-09-20,FRF,KRW,reference,85.66
1984-09-20,GBP,KRW,reference,1007.91
1984-09-20,HKD,KRW,reference,103.7
1984-09-20,ITL,KRW,reference,0.4275
1984-09-20,JPY,KRW,reference,3.3163
1984-09-20,KWD,KRW,reference,2722.81
1984-09-20,MYR,KRW,reference,345.55
1984-09-20,NLG,KRW,reference,233.32
1984-09-20,NOK,KRW,reference,93.42
1984-09-20,SAR,KRW,reference,228.74
1984-09-20,SEK,KRW,reference,93.58
1984-09-20,SGD,KRW,reference,376.7
1984-09-20,USD,KRW,reference,814.8
1984-09-21,AED,KRW,reference,222.17
1984-09-21,ATS,KRW,reference,37.1
1984-09-21,AUD,KRW,reference,674.69
1984-09-21,BEF,KRW,reference,12.93
1984-09-21,BHD,KRW,reference,2164.22
1984-09-21,CAD,KRW,reference,617.59
1984-09-21,CHF,KRW,reference,317.81
1984-09-21,DEM,KRW,reference,259.75
1984-09-21,DKK,KRW,reference,71.93
1984-09-21,FRF,KRW,reference,84.74
1984-09-21,GBP,KRW,reference,992.83
1984-09-21,HKD,KRW,reference,104.06
1984-09-21,ITL,KRW,reference,0.4214
1984-09-21,JPY,KRW,reference,3.2942
1984-09-21,KWD,KRW,reference,2725.7
1984-09-21,MYR,KRW,reference,345.1
1984-09-21,NLG,KRW,reference,231.04
1984-09-21,NOK,KRW,reference,92.68
1984-09-21,SAR,KRW,reference,229.11
1984-09-21,SEK,KRW,reference,92.74
1984-09-21,SGD,KRW,reference,376.12
1984-09-21,USD,KRW,reference,815.8
1984-09-22,AED,KRW,reference,222.31
1984-09-22,ATS,KRW,reference,37.41
1984-09-22,AUD,KRW,reference,681.16
1984-09-22,BEF,KRW,reference,13.31
1984-09-22,BHD,KRW,reference,2165.54
1984-09-22,CAD,KRW,reference,620.65
1984-09-22,CHF,KRW,reference,326.2
1984-09-22,DEM,KRW,reference,268.08
1984-09-22,DKK,KRW,reference,73.84
1984-09-22,FRF,KRW,reference,87.45
1984-09-22,GBP,KRW,reference,1021.4
1984-09-22,HKD,KRW,reference,104.09
1984-09-22,ITL,KRW,reference,0.433
1984-09-22,JPY,KRW,reference,3.3407
1984-09-22,KWD,KRW,reference,2718.74
1984-09-22,MYR,KRW,reference,347.37
1984-09-22,NLG,KRW,reference,237.82
1984-09-22,NOK,KRW,reference,94.65
1984-09-22,SAR,KRW,reference,228.9
1984-09-22,SEK,KRW,reference,94.76
1984-09-22,SGD,KRW,reference,379.06
1984-09-22,USD,KRW,reference,816.3
1984-09-24,AED,KRW,reference,222.31
1984-09-24,ATS,KRW,reference,37.41
1984-09-24,AUD,KRW,reference,681.16
1984-09-24,BEF,KRW,reference,13.31
1984-09-24,BHD,KRW,reference,2165.54
1984-09-24,CAD,KRW,reference,620.65
1984-09-24,CHF,KRW,reference,326.2
1984-09-24,DEM,KRW,reference,268.08
1984-09-24,DKK,KRW,reference,73.84
1984-09-24,FRF,KRW,reference,87.45
1984-09-24,GBP,KRW,reference,1021.4
1984-09-24,HKD,KRW,reference,104.09
1984-09-24,ITL,KRW,reference,0.433
1984-09-24,JPY,KRW,reference,3.3407
1984-09-24,KWD,KRW,reference,2718.74
1984-09-24,MYR,KRW,reference,347.37
1984-09-24,NLG,KRW,reference,237.82
1984-09-24,NOK,KRW,reference,94.65
1984-09-24,SAR,KRW,reference,228.9
1984-09-24,SEK,KRW,reference,94.76
1984-09-24,SGD,KRW,reference,379.06
1984-09-24,USD,KRW,reference,816.3
1984-09-25,AED,KRW,reference,222.04
1984-09-25,ATS,KRW,reference,38.43
1984-09-25,AUD,KRW,reference,679.17
1984-09-25,BEF,KRW,reference,13.35
1984-09-25,BHD,KRW,reference,2162.75
1984-09-25,CAD,KRW,reference,619.37
1984-09-25,CHF,KRW,reference,325.99
1984-09-25,DEM,KRW,reference,268.86
1984-09-25,DKK,KRW,reference,74.22
1984-09-25,FRF,KRW,reference,87.67
1984-09-25,GBP,KRW,reference,1015.26
1984-09-25,HKD,KRW,reference,104.36
1984-09-25,ITL,KRW,reference,0.4337
1984-09-25,JPY,KRW,reference,3.3339
1984-09-25,KWD,KRW,reference,2729.04
1984-09-25,MYR,KRW,reference,346.2
1984-09-25,NLG,KRW,reference,238.4
1984-09-25,NOK,KRW,reference,93.66
1984-09-25,SAR,KRW,reference,229.18
1984-09-25,SEK,KRW,reference,94.86
1984-09-25,SGD,KRW,reference,378.33
1984-09-25,USD,KRW,reference,815.3
1984-09-26,AED,KRW,reference,221.76
1984-09-26,ATS,KRW,reference,37.74
1984-09-26,AUD,KRW,reference,675.49
1984-09-26,BEF,KRW,reference,13.11
1984-09-26,BHD,KRW,reference,2160.1
1984-09-26,CAD,KRW,reference,618.14
1984-09-26,CHF,KRW,reference,323.4
1984-09-26,DEM,KRW,reference,265.06
1984-09-26,DKK,KRW,reference,73.27
1984-09-26,FRF,KRW,reference,86.38
1984-09-26,GBP,KRW,reference,1006.07
1984-09-26,HKD,KRW,reference,104.25
1984-09-26,ITL,KRW,reference,0.4268
1984-09-26,JPY,KRW,reference,3.3108999999999997
1984-09-26,KWD,KRW,reference,2722.28
1984-09-26,MYR,KRW,reference,344.9
1984-09-26,NLG,KRW,reference,235.25
1984-09-26,NOK,KRW,reference,92.2
1984-09-26,SAR,KRW,reference,228.81
1984-09-26,SEK,KRW,reference,93.87
1984-09-26,SGD,KRW,reference,375.86
1984-09-26,USD,KRW,reference,814.3
1984-09-27,AED,KRW,reference,222.04
1984-09-27,ATS,KRW,reference,37.65
1984-09-27,AUD,KRW,reference,679.17
1984-09-27,BEF,KRW,reference,13.29
1984-09-27,BHD,KRW,reference,2162.75
1984-09-27,CAD,KRW,reference,618.81
1984-09-27,CHF,KRW,reference,324.5
1984-09-27,DEM,KRW,reference,267.98
1984-09-27,DKK,KRW,reference,74.22
1984-09-27,FRF,KRW,reference,87.25
1984-09-27,GBP,KRW,reference,1011.59
1984-09-27,HKD,KRW,reference,104.28
1984-09-27,ITL,KRW,reference,0.43090000000000006
1984-09-27,JPY,KRW,reference,3.3207
1984-09-27,KWD,KRW,reference,2724.71
1984-09-27,MYR,KRW,reference,345.98
1984-09-27,NLG,KRW,reference,237.53
1984-09-27,NOK,KRW,reference,92.94
1984-09-27,SAR,KRW,reference,229.01
1984-09-27,SEK,KRW,reference,95.06
1984-09-27,SGD,KRW,reference,376.24
1984-09-27,USD,KRW,reference,815.3
1984-09-28,AED,KRW,reference,221.76
1984-09-28,ATS,KRW,reference,38.24
1984-09-28,AUD,KRW,reference,679.13
1984-09-28,BEF,KRW,reference,13.28
1984-09-28,BHD,KRW,reference,2160.24
1984-09-28,CAD,KRW,reference,618.47
1984-09-28,CHF,KRW,reference,325.53
1984-09-28,DEM,KRW,reference,268.84
1984-09-28,DKK,KRW,reference,74.17
1984-09-28,FRF,KRW,reference,87.56
1984-09-28,GBP,KRW,reference,1014.83
1984-09-28,HKD,KRW,reference,104.36
1984-09-28,ITL,KRW,reference,0.4318
1984-09-28,JPY,KRW,reference,3.323
1984-09-28,KWD,KRW,reference,2724.78
1984-09-28,MYR,KRW,reference,344.61
1984-09-28,NLG,KRW,reference,238.45
1984-09-28,NOK,KRW,reference,92.96
1984-09-28,SAR,KRW,reference,228.87
1984-09-28,SEK,KRW,reference,94.8
1984-09-28,SGD,KRW,reference,375.73
1984-09-28,USD,KRW,reference,814.3
1984-09-29,AED,KRW,reference,222.01
1984-09-29,ATS,KRW,reference,37.92
1984-09-29,AUD,KRW,reference,677.05
1984-09-29,BEF,KRW,reference,13.1
1984-09-29,BHD,KRW,reference,2162.48
1984-09-29,CAD,KRW,reference,618.87
1984-09-29,CHF,KRW,reference,321.9
1984-09-29,DEM,KRW,reference,265.54
1984-09-29,DKK,KRW,reference,73.36
1984-09-29,FRF,KRW,reference,86.5
1984-09-29,GBP,KRW,reference,1007.39
1984-09-29,HKD,KRW,reference,104.42
1984-09-29,ITL,KRW,reference,0.4279
1984-09-29,JPY,KRW,reference,3.3045
1984-09-29,KWD,KRW,reference,2728.71
1984-09-29,MYR,KRW,reference,344.01
1984-09-29,NLG,KRW,reference,235.31
1984-09-29,NOK,KRW,reference,92.59
1984-09-29,SAR,KRW,reference,229.15
1984-09-29,SEK,KRW,reference,94.25
1984-09-29,SGD,KRW,reference,376.71
1984-09-29,USD,KRW,reference,815.2
1984-10-02,AED,KRW,reference,222.28
1984-10-02,ATS,KRW,reference,38.17
1984-10-02,AUD,KRW,reference,679.92
1984-10-02,BEF,KRW,reference,13.19
1984-10-02,BHD,KRW,reference,2165.28
1984-10-02,CAD,KRW,reference,620.05
1984-10-02,CHF,KRW,reference,324.41
1984-10-02,DEM,KRW,reference,267.09
1984-10-02,DKK,KRW,reference,73.9
1984-10-02,FRF,KRW,reference,87.11
1984-10-02,GBP,KRW,reference,1011.28
1984-10-02,HKD,KRW,reference,104.48
1984-10-02,ITL,KRW,reference,0.43189999999999995
1984-10-02,JPY,KRW,reference,3.3132
1984-10-02,KWD,KRW,reference,2721.13
1984-10-02,MYR,KRW,reference,344.25
1984-10-02,NLG,KRW,reference,237.27
1984-10-02,NOK,KRW,reference,92.54
1984-10-02,SAR,KRW,reference,229.34
1984-10-02,SEK,KRW,reference,94.64
1984-10-02,SGD,KRW,reference,377.35
1984-10-02,USD,KRW,reference,816.2
1984-10-04,AED,KRW,reference,222.01
1984-10-04,ATS,KRW,reference,38.55
1984-10-04,AUD,KRW,reference,678.05
1984-10-04,BEF,KRW,reference,13.24
1984-10-04,BHD,KRW,reference,2162.63
1984-10-04,CAD,KRW,reference,620.8
1984-10-04,CHF,KRW,reference,324.4
1984-10-04,DEM,KRW,reference,267.9
1984-10-04,DKK,KRW,reference,74.08
1984-10-04,FRF,KRW,reference,87.36
1984-10-04,GBP,KRW,reference,1011.06
1984-10-04,HKD,KRW,reference,104.34
1984-10-04,ITL,KRW,reference,0.43310000000000004
1984-10-04,JPY,KRW,reference,3.3051
1984-10-04,KWD,KRW,reference,2719.15
1984-10-04,MYR,KRW,reference,342.96
1984-10-04,NLG,KRW,reference,238.19
1984-10-04,NOK,KRW,reference,92.8
1984-10-04,SAR,KRW,reference,229.06
1984-10-04,SEK,KRW,reference,94.52
1984-10-04,SGD,KRW,reference,376.89
1984-10-04,USD,KRW,reference,815.2
1984-10-05,AED,KRW,reference,222.28
1984-10-05,ATS,KRW,reference,38.24
1984-10-05,AUD,KRW,reference,680.51
1984-10-05,BEF,KRW,reference,13.35
1984-10-05,BHD,KRW,reference,2165.28
1984-10-05,CAD,KRW,reference,620.81
1984-10-05,CHF,KRW,reference,326.75
1984-10-05,DEM,KRW,reference,270.31
1984-10-05,DKK,KRW,reference,74.58
1984-10-05,FRF,KRW,reference,88.08
1984-10-05,GBP,KRW,reference,1020.87
1984-10-05,HKD,KRW,reference,104.39
1984-10-05,ITL,KRW,reference,0.43579999999999997
1984-10-05,JPY,KRW,reference,3.3206
1984-10-05,KWD,KRW,reference,2723.85
1984-10-05,MYR,KRW,reference,339.03
1984-10-05,NLG,KRW,reference,239.98
1984-10-05,NOK,KRW,reference,93.28
1984-10-05,SAR,KRW,reference,229.32
1984-10-05,SEK,KRW,reference,95.02
1984-10-05,SGD,KRW,reference,376.39
1984-10-05,USD,KRW,reference,816.2
1984-10-06,AED,KRW,reference,222.42
1984-10-06,ATS,KRW,reference,38.47
1984-10-06,AUD,KRW,reference,680.73
1984-10-06,BEF,KRW,reference,13.25
1984-10-06,BHD,KRW,reference,2166.61
1984-10-06,CAD,KRW,reference,619.44
1984-10-06,CHF,KRW,reference,324.8
1984-10-06,DEM,KRW,reference,267.62
1984-10-06,DKK,KRW,reference,74.01
1984-10-06,FRF,KRW,reference,87.28
1984-10-06,GBP,KRW,reference,1011.69
1984-10-06,HKD,KRW,reference,104.46
1984-10-06,ITL,KRW,reference,0.43310000000000004
1984-10-06,JPY,KRW,reference,3.3092
1984-10-06,KWD,KRW,reference,2724.61
1984-10-06,MYR,KRW,reference,336.1
1984-10-06,NLG,KRW,reference,237.69
1984-10-06,NOK,KRW,reference,92.79
1984-10-06,SAR,KRW,reference,229.5
1984-10-06,SEK,KRW,reference,94.5
1984-10-06,SGD,KRW,reference,377.23
1984-10-06,USD,KRW,reference,816.7
1984-10-08,AED,KRW,reference,222.42
1984-10-08,ATS,KRW,reference,38.47
1984-10-08,AUD,KRW,reference,680.73
1984-10-08,BEF,KRW,reference,13.25
1984-10-08,BHD,KRW,reference,2166.61
1984-10-08,CAD,KRW,reference,619.44
1984-10-08,CHF,KRW,reference,324.8
1984-10-08,DEM,KRW,reference,267.62
1984-10-08,DKK,KRW,reference,74.01
1984-10-08,FRF,KRW,reference,87.28
1984-10-08,GBP,KRW,reference,1011.69
1984-10-08,HKD,KRW,reference,104.46
1984-10-08,ITL,KRW,reference,0.43310000000000004
1984-10-08,JPY,KRW,reference,3.3092
1984-10-08,KWD,KRW,reference,2724.61
1984-10-08,MYR,KRW,reference,336.1
1984-10-08,NLG,KRW,reference,237.69
1984-10-08,NOK,KRW,reference,92.79
1984-10-08,SAR,KRW,reference,229.5
1984-10-08,SEK,KRW,reference,94.5
1984-10-08,SGD,KRW,reference,377.23
1984-10-08,USD,KRW,reference,816.7
1984-10-10,AED,KRW,reference,222.69
1984-10-10,ATS,KRW,reference,37.83
1984-10-10,AUD,KRW,reference,681.17
1984-10-10,BEF,KRW,reference,13.1
1984-10-10,BHD,KRW,reference,2169.26
1984-10-10,CAD,KRW,reference,620.53
1984-10-10,CHF,KRW,reference,322.25
1984-10-10,DEM,KRW,reference,264.89
1984-10-10,DKK,KRW,reference,73.21
1984-10-10,FRF,KRW,reference,86.37
1984-10-10,GBP,KRW,reference,1003.73
1984-10-10,HKD,KRW,reference,104.52
1984-10-10,ITL,KRW,reference,0.4286
1984-10-10,JPY,KRW,reference,3.3051999999999997
1984-10-10,KWD,KRW,reference,2724.54
1984-10-10,MYR,KRW,reference,338.6
1984-10-10,NLG,KRW,reference,235.04
1984-10-10,NOK,KRW,reference,92.01
1984-10-10,SAR,KRW,reference,229.66
1984-10-10,SEK,KRW,reference,93.94
1984-10-10,SGD,KRW,reference,377.7
1984-10-10,USD,KRW,reference,817.7
1984-10-11,AED,KRW,reference,222.96
1984-10-11,ATS,KRW,reference,37.63
1984-10-11,AUD,KRW,reference,681.18
1984-10-11,BEF,KRW,reference,13.13
1984-10-11,BHD,KRW,reference,2171.91
1984-10-11,CAD,KRW,reference,621.53
1984-10-11,CHF,KRW,reference,321.38
1984-10-11,DEM,KRW,reference,264.4
1984-10-11,DKK,KRW,reference,73.32
1984-10-11,FRF,KRW,reference,86.3
1984-10-11,GBP,KRW,reference,1004.14
1984-10-11,HKD,KRW,reference,104.54
1984-10-11,ITL,KRW,reference,0.4291
1984-10-11,JPY,KRW,reference,3.3073
1984-10-11,KWD,KRW,reference,2724.24
1984-10-11,MYR,KRW,reference,338.66
1984-10-11,NLG,KRW,reference,234.83
1984-10-11,NOK,KRW,reference,92.36
1984-10-11,SAR,KRW,reference,229.88
1984-10-11,SEK,KRW,reference,94.22
1984-10-11,SGD,KRW,reference,377.9
1984-10-11,USD,KRW,reference,818.7
1984-10-12,AED,KRW,reference,223.23
1984-10-12,ATS,KRW,reference,37.74
1984-10-12,AUD,KRW,reference,681.19
1984-10-12,BEF,KRW,reference,13.05
1984-10-12,BHD,KRW,reference,2174.56
1984-10-12,CAD,KRW,reference,621.15
1984-10-12,CHF,KRW,reference,320.76
1984-10-12,DEM,KRW,reference,262.9
1984-10-12,DKK,KRW,reference,72.82
1984-10-12,FRF,KRW,reference,85.77
1984-10-12,GBP,KRW,reference,1001.68
1984-10-12,HKD,KRW,reference,104.68
1984-10-12,ITL,KRW,reference,0.42619999999999997
1984-10-12,JPY,KRW,reference,3.298
1984-10-12,KWD,KRW,reference,2726.66
1984-10-12,MYR,KRW,reference,340.13
1984-10-12,NLG,KRW,reference,233.44
1984-10-12,NOK,KRW,reference,91.9
1984-10-12,SAR,KRW,reference,230.13
1984-10-12,SEK,KRW,reference,93.85
1984-10-12,SGD,KRW,reference,378.62
1984-10-12,USD,KRW,reference,819.7
1984-10-13,AED,KRW,reference,223.04
1984-10-13,ATS,KRW,reference,37.56
1984-10-13,AUD,KRW,reference,681
1984-10-13,BEF,KRW,reference,13.01
1984-10-13,BHD,KRW,reference,2172.71
1984-10-13,CAD,KRW,reference,620.58
1984-10-13,CHF,KRW,reference,319.99
1984-10-13,DEM,KRW,reference,262.84
1984-10-13,DKK,KRW,reference,72.69
1984-10-13,FRF,KRW,reference,85.74
1984-10-13,GBP,KRW,reference,1002.46
1984-10-13,HKD,KRW,reference,104.56
1984-10-13,ITL,KRW,reference,0.4264
1984-10-13,JPY,KRW,reference,3.3057999999999996
1984-10-13,KWD,KRW,reference,2723.2
1984-10-13,MYR,KRW,reference,341.25
1984-10-13,NLG,KRW,reference,233.44
1984-10-13,NOK,KRW,reference,91.8
1984-10-13,SAR,KRW,reference,229.93
1984-10-13,SEK,KRW,reference,93.74
1984-10-13,SGD,KRW,reference,378.12
1984-10-13,USD,KRW,reference,819
1984-10-15,AED,KRW,reference,223.04
1984-10-15,ATS,KRW,reference,37.56
1984-10-15,AUD,KRW,reference,681
1984-10-15,BEF,KRW,reference,13.01
1984-10-15,BHD,KRW,reference,2172.71
1984-10-15,CAD,KRW,reference,620.58
1984-10-15,CHF,KRW,reference,319.99
1984-10-15,DEM,KRW,reference,262.84
1984-10-15,DKK,KRW,reference,72.69
1984-10-15,FRF,KRW,reference,85.74
1984-10-15,GBP,KRW,reference,1002.46
1984-10-15,HKD,KRW,reference,104.56
1984-10-15,ITL,KRW,reference,0.4264
1984-10-15,JPY,KRW,reference,3.3057999999999996
1984-10-15,KWD,KRW,reference,2723.2
1984-10-15,MYR,KRW,reference,341.25
1984-10-15,NLG,KRW,reference,233.44
1984-10-15,NOK,KRW,reference,91.8
1984-10-15,SAR,KRW,reference,229.93
1984-10-15,SEK,KRW,reference,93.74
1984-10-15,SGD,KRW,reference,378.12
1984-10-15,USD,KRW,reference,819
1984-10-16,AED,KRW,reference,223.32
1984-10-16,ATS,KRW,reference,37.13
1984-10-16,AUD,KRW,reference,680.64
1984-10-16,BEF,KRW,reference,12.92
1984-10-16,BHD,KRW,reference,2175.36
1984-10-16,CAD,KRW,reference,618.48
1984-10-16,CHF,KRW,reference,317.96
1984-10-16,DEM,KRW,reference,260.26
1984-10-16,DKK,KRW,reference,72.36
1984-10-16,FRF,KRW,reference,85
1984-10-16,GBP,KRW,reference,988.51
1984-10-16,HKD,KRW,reference,104.69
1984-10-16,ITL,KRW,reference,0.4232
1984-10-16,JPY,KRW,reference,3.2912
1984-10-16,KWD,KRW,reference,2723.13
1984-10-16,MYR,KRW,reference,340.47
1984-10-16,NLG,KRW,reference,231.06
1984-10-16,NOK,KRW,reference,91.19
1984-10-16,SAR,KRW,reference,230.25
1984-10-16,SEK,KRW,reference,93.27
1984-10-16,SGD,KRW,reference,377.71
1984-10-16,USD,KRW,reference,820
1984-10-17,AED,KRW,reference,223.48
1984-10-17,ATS,KRW,reference,37.2
1984-10-17,AUD,KRW,reference,681.54
1984-10-17,BEF,KRW,reference,12.92
1984-10-17,BHD,KRW,reference,2176.95
1984-10-17,CAD,KRW,reference,618.42
1984-10-17,CHF,KRW,reference,319.18
1984-10-17,DEM,KRW,reference,260.8
1984-10-17,DKK,KRW,reference,72.43
1984-10-17,FRF,KRW,reference,85.14
1984-10-17,GBP,KRW,reference,984.31
1984-10-17,HKD,KRW,reference,104.77
1984-10-17,ITL,KRW,reference,0.4241
1984-10-17,JPY,KRW,reference,3.201
1984-10-17,KWD,KRW,reference,2724.21
1984-10-17,MYR,KRW,reference,339.87
1984-10-17,NLG,KRW,reference,231.57
1984-10-17,NOK,KRW,reference,90.93
1984-10-17,SAR,KRW,reference,230.45
1984-10-17,SEK,KRW,reference,93.12
1984-10-17,SGD,KRW,reference,378.12
1984-10-17,USD,KRW,reference,820.6
1984-10-18,AED,KRW,reference,223.21
1984-10-18,ATS,KRW,reference,37.42
1984-10-18,AUD,KRW,reference,680.71
1984-10-18,BEF,KRW,reference,12.95
1984-10-18,BHD,KRW,reference,2174.3
1984-10-18,CAD,KRW,reference,616.78
1984-10-18,CHF,KRW,reference,319.23
1984-10-18,DEM,KRW,reference,261.48
1984-10-18,DKK,KRW,reference,72.6
1984-10-18,FRF,KRW,reference,85.42
1984-10-18,GBP,KRW,reference,976.56
1984-10-18,HKD,KRW,reference,104.66
1984-10-18,ITL,KRW,reference,0.42469999999999997
1984-10-18,JPY,KRW,reference,3.2857
1984-10-18,KWD,KRW,reference,2722.48
1984-10-18,MYR,KRW,reference,340.37
1984-10-18,NLG,KRW,reference,231.79
1984-10-18,NOK,KRW,reference,90.97
1984-10-18,SAR,KRW,reference,230.13
1984-10-18,SEK,KRW,reference,93.3
1984-10-18,SGD,KRW,reference,378.22
1984-10-18,USD,KRW,reference,819.6
1984-10-19,AED,KRW,reference,223.37
1984-10-19,ATS,KRW,reference,37.47
1984-10-19,AUD,KRW,reference,682.65
1984-10-19,BEF,KRW,reference,13.03
1984-10-19,BHD,KRW,reference,2175.89
1984-10-19,CAD,KRW,reference,618.81
1984-10-19,CHF,KRW,reference,323.11
1984-10-19,DEM,KRW,reference,264.8
1984-10-19,DKK,KRW,reference,73.2
1984-10-19,FRF,KRW,reference,86.43
1984-10-19,GBP,KRW,reference,974.4
1984-10-19,HKD,KRW,reference,104.8
1984-10-19,ITL,KRW,reference,0.42950000000000005
1984-10-19,JPY,KRW,reference,3.3026
1984-10-19,KWD,KRW,reference,2721.31
1984-10-19,MYR,KRW,reference,340.27
1984-10-19,NLG,KRW,reference,234.6
1984-10-19,NOK,KRW,reference,91.42
1984-10-19,SAR,KRW,reference,230.37
1984-10-19,SEK,KRW,reference,93.45
1984-10-19,SGD,KRW,reference,378.5
1984-10-19,USD,KRW,reference,820.2
1984-10-20,AED,KRW,reference,223.1
1984-10-20,ATS,KRW,reference,37.9
1984-10-20,AUD,KRW,reference,683.21
1984-10-20,BEF,KRW,reference,13.18
1984-10-20,BHD,KRW,reference,2173.24
1984-10-20,CAD,KRW,reference,619.65
1984-10-20,CHF,KRW,reference,323.61
1984-10-20,DEM,KRW,reference,266.95
1984-10-20,DKK,KRW,reference,73.91
1984-10-20,FRF,KRW,reference,86.99
1984-10-20,GBP,KRW,reference,978.54
1984-10-20,HKD,KRW,reference,104.66
1984-10-20,ITL,KRW,reference,0.43170000000000003
1984-10-20,JPY,KRW,reference,3.312
1984-10-20,KWD,KRW,reference,2721.6
1984-10-20,MYR,KRW,reference,339.92
1984-10-20,NLG,KRW,reference,236.63
1984-10-20,NOK,KRW,reference,92.1
1984-10-20,SAR,KRW,reference,230.09
1984-10-20,SEK,KRW,reference,94
1984-10-20,SGD,KRW,reference,378.65
1984-10-20,USD,KRW,reference,819.2
1984-10-22,AED,KRW,reference,223.1
1984-10-22,ATS,KRW,reference,37.9
1984-10-22,AUD,KRW,reference,683.21
1984-10-22,BEF,KRW,reference,13.18
1984-10-22,BHD,KRW,reference,2173.24
1984-10-22,CAD,KRW,reference,619.65
1984-10-22,CHF,KRW,reference,323.61
1984-10-22,DEM,KRW,reference,266.95
1984-10-22,DKK,KRW,reference,73.91
1984-10-22,FRF,KRW,reference,86.99
1984-10-22,GBP,KRW,reference,978.54
1984-10-22,HKD,KRW,reference,104.66
1984-10-22,ITL,KRW,reference,0.43170000000000003
1984-10-22,JPY,KRW,reference,3.312
1984-10-22,KWD,KRW,reference,2721.6
1984-10-22,MYR,KRW,reference,339.92
1984-10-22,NLG,KRW,reference,236.63
1984-10-22,NOK,KRW,reference,92.1
1984-10-22,SAR,KRW,reference,230.09
1984-10-22,SEK,KRW,reference,94
1984-10-22,SGD,KRW,reference,378.65
1984-10-22,USD,KRW,reference,819.2
1984-10-23,AED,KRW,reference,223.1
1984-10-23,ATS,KRW,reference,37.89
1984-10-23,AUD,KRW,reference,683.64
1984-10-23,BEF,KRW,reference,13.19
1984-10-23,BHD,KRW,reference,2173.24
1984-10-23,CAD,KRW,reference,620.56
1984-10-23,CHF,KRW,reference,323.86
1984-10-23,DEM,KRW,reference,266.61
1984-10-23,DKK,KRW,reference,73.64
1984-10-23,FRF,KRW,reference,86.92
1984-10-23,GBP,KRW,reference,984.07
1984-10-23,HKD,KRW,reference,104.65
1984-10-23,ITL,KRW,reference,0.4305
1984-10-23,JPY,KRW,reference,3.3133
1984-10-23,KWD,KRW,reference,2722.28
1984-10-23,MYR,KRW,reference,339.22
1984-10-23,NLG,KRW,reference,235.95
1984-10-23,NOK,KRW,reference,92
1984-10-23,SAR,KRW,reference,230.09
1984-10-23,SEK,KRW,reference,94.03
1984-10-23,SGD,KRW,reference,377.73
1984-10-23,USD,KRW,reference,819.2
1984-10-24,AED,KRW,reference,222.83
1984-10-24,ATS,KRW,reference,38.33
1984-10-24,AUD,KRW,reference,688.15
1984-10-24,BEF,KRW,reference,13.33
1984-10-24,BHD,KRW,reference,2170.58
1984-10-24,CAD,KRW,reference,622.75
1984-10-24,CHF,KRW,reference,328.6
1984-10-24,DEM,KRW,reference,270.26
1984-10-24,DKK,KRW,reference,74.65
1984-10-24,FRF,KRW,reference,88.01
1984-10-24,GBP,KRW,reference,995.35
1984-10-24,HKD,KRW,reference,104.53
1984-10-24,ITL,KRW,reference,0.4353
1984-10-24,JPY,KRW,reference,3.3554000000000004
1984-10-24,KWD,KRW,reference,2719.41
1984-10-24,MYR,KRW,reference,339.86
1984-10-24,NLG,KRW,reference,239.28
1984-10-24,NOK,KRW,reference,92.87
1984-10-24,SAR,KRW,reference,229.8
1984-10-24,SEK,KRW,reference,94.92
1984-10-24,SGD,KRW,reference,377.93
1984-10-24,USD,KRW,reference,818.2
1984-10-25,AED,KRW,reference,222.55
1984-10-25,ATS,KRW,reference,38.42
1984-10-25,AUD,KRW,reference,686.87
1984-10-25,BEF,KRW,reference,13.35
1984-10-25,BHD,KRW,reference,2167.64
1984-10-25,CAD,KRW,reference,622.42
1984-10-25,CHF,KRW,reference,329.39
1984-10-25,DEM,KRW,reference,270.53
1984-10-25,DKK,KRW,reference,74.72
1984-10-25,FRF,KRW,reference,88.18
1984-10-25,GBP,KRW,reference,1002.51
1984-10-25,HKD,KRW,reference,104.44
1984-10-25,ITL,KRW,reference,0.4366
1984-10-25,JPY,KRW,reference,3.3503
1984-10-25,KWD,KRW,reference,2720.6
1984-10-25,MYR,KRW,reference,339.94
1984-10-25,NLG,KRW,reference,239.76
1984-10-25,NOK,KRW,reference,92.87
1984-10-25,SAR,KRW,reference,229.52
1984-10-25,SEK,KRW,reference,94.84
1984-10-25,SGD,KRW,reference,377.46
1984-10-25,USD,KRW,reference,817.2
1984-10-26,AED,KRW,reference,222.34
1984-10-26,ATS,KRW,reference,38.57
1984-10-26,AUD,KRW,reference,693.74
1984-10-26,BEF,KRW,reference,13.39
1984-10-26,BHD,KRW,reference,2165.52
1984-10-26,CAD,KRW,reference,620.91
1984-10-26,CHF,KRW,reference,329.8
1984-10-26,DEM,KRW,reference,270.69
1984-10-26,DKK,KRW,reference,74.9
1984-10-26,FRF,KRW,reference,88.18
1984-10-26,GBP,KRW,reference,1000.5
1984-10-26,HKD,KRW,reference,104.36
1984-10-26,ITL,KRW,reference,0.43520000000000003
1984-10-26,JPY,KRW,reference,3.3446
1984-10-26,KWD,KRW,reference,2717.94
1984-10-26,MYR,KRW,reference,340.03
1984-10-26,NLG,KRW,reference,239.49
1984-10-26,NOK,KRW,reference,93.1
1984-10-26,SAR,KRW,reference,229.35
1984-10-26,SEK,KRW,reference,95.02
1984-10-26,SGD,KRW,reference,377.97
1984-10-26,USD,KRW,reference,816.4
1984-10-27,AED,KRW,reference,222.61
1984-10-27,ATS,KRW,reference,38.32
1984-10-27,AUD,KRW,reference,694.01
1984-10-27,BEF,KRW,reference,13.55
1984-10-27,BHD,KRW,reference,2168.17
1984-10-27,CAD,KRW,reference,620.3
1984-10-27,CHF,KRW,reference,326.9
1984-10-27,DEM,KRW,reference,268.53
1984-10-27,DKK,KRW,reference,74.31
1984-10-27,FRF,KRW,reference,87.55
1984-10-27,GBP,KRW,reference,998.05
1984-10-27,HKD,KRW,reference,104.56
1984-10-27,ITL,KRW,reference,0.4328
1984-10-27,JPY,KRW,reference,3.3215
1984-10-27,KWD,KRW,reference,2720.14
1984-10-27,MYR,KRW,reference,340.59
1984-10-27,NLG,KRW,reference,238.24
1984-10-27,NOK,KRW,reference,92.84
1984-10-27,SAR,KRW,reference,229.66
1984-10-27,SEK,KRW,reference,94.56
1984-10-27,SGD,KRW,reference,377.56
1984-10-27,USD,KRW,reference,817.4
1984-10-29,AED,KRW,reference,222.61
1984-10-29,ATS,KRW,reference,38.32
1984-10-29,AUD,KRW,reference,694.01
1984-10-29,BEF,KRW,reference,13.55
1984-10-29,BHD,KRW,reference,2168.17
1984-10-29,CAD,KRW,reference,620.3
1984-10-29,CHF,KRW,reference,326.9
1984-10-29,DEM,KRW,reference,268.53
1984-10-29,DKK,KRW,reference,74.31
1984-10-29,FRF,KRW,reference,87.55
1984-10-29,GBP,KRW,reference,998.05
1984-10-29,HKD,KRW,reference,104.56
1984-10-29,ITL,KRW,reference,0.4328
1984-10-29,JPY,KRW,reference,3.3215
1984-10-29,KWD,KRW,reference,2720.14
1984-10-29,MYR,KRW,reference,340.59
1984-10-29,NLG,KRW,reference,238.24
1984-10-29,NOK,KRW,reference,92.84
1984-10-29,SAR,KRW,reference,229.66
1984-10-29,SEK,KRW,reference,94.56
1984-10-29,SGD,KRW,reference,377.56
1984-10-29,USD,KRW,reference,817.4
1984-10-30,AED,KRW,reference,222.88
1984-10-30,ATS,KRW,reference,37.89
1984-10-30,AUD,KRW,reference,687.88
1984-10-30,BEF,KRW,reference,13.22
1984-10-30,BHD,KRW,reference,2170.83
1984-10-30,CAD,KRW,reference,620.64
1984-10-30,CHF,KRW,reference,325.15
1984-10-30,DEM,KRW,reference,266.82
1984-10-30,DKK,KRW,reference,73.85
1984-10-30,FRF,KRW,reference,87
1984-10-30,GBP,KRW,reference,986.59
1984-10-30,HKD,KRW,reference,104.63
1984-10-30,ITL,KRW,reference,0.4304
1984-10-30,JPY,KRW,reference,3.3194999999999997
1984-10-30,KWD,KRW,reference,2723.47
1984-10-30,MYR,KRW,reference,340.15
1984-10-30,NLG,KRW,reference,236.49
1984-10-30,NOK,KRW,reference,92.25
1984-10-30,SAR,KRW,reference,229.86
1984-10-30,SEK,KRW,reference,93.94
1984-10-30,SGD,KRW,reference,378.02
1984-10-30,USD,KRW,reference,818.4
1984-10-31,AED,KRW,reference,222.61
1984-10-31,ATS,KRW,reference,38.27
1984-10-31,AUD,KRW,reference,692.36
1984-10-31,BEF,KRW,reference,13.33
1984-10-31,BHD,KRW,reference,2168.17
1984-10-31,CAD,KRW,reference,620.16
1984-10-31,CHF,KRW,reference,327.75
1984-10-31,DEM,KRW,reference,269.66
1984-10-31,DKK,KRW,reference,74.4
1984-10-31,FRF,KRW,reference,87.87
1984-10-31,GBP,KRW,reference,994.37
1984-10-31,HKD,KRW,reference,104.49
1984-10-31,ITL,KRW,reference,0.43479999999999996
1984-10-31,JPY,KRW,reference,3.3342
1984-10-31,KWD,KRW,reference,2714.72
1984-10-31,MYR,KRW,reference,340.02
1984-10-31,NLG,KRW,reference,238.42
1984-10-31,NOK,KRW,reference,92.58
1984-10-31,SAR,KRW,reference,229.58
1984-10-31,SEK,KRW,reference,94.07
1984-10-31,SGD,KRW,reference,377.91
1984-10-31,USD,KRW,reference,817.4
1984-11-01,AED,KRW,reference,222.34
1984-11-01,ATS,KRW,reference,38.55
1984-11-01,AUD,KRW,reference,694.78
1984-11-01,BEF,KRW,reference,13.39
1984-11-01,BHD,KRW,reference,2165.52
1984-11-01,CAD,KRW,reference,621.05
1984-11-01,CHF,KRW,reference,328.47
1984-11-01,DEM,KRW,reference,270.47
1984-11-01,DKK,KRW,reference,74.92
1984-11-01,FRF,KRW,reference,88.25
1984-11-01,GBP,KRW,reference,996.83
1984-11-01,HKD,KRW,reference,104.36
1984-11-01,ITL,KRW,reference,0.4357
1984-11-01,JPY,KRW,reference,3.3303
1984-11-01,KWD,KRW,reference,2716.81
1984-11-01,MYR,KRW,reference,339.54
1984-11-01,NLG,KRW,reference,240.05
1984-11-01,NOK,KRW,reference,93.07
1984-11-01,SAR,KRW,reference,229.27
1984-11-01,SEK,KRW,reference,94.8
1984-11-01,SGD,KRW,reference,377.97
1984-11-01,USD,KRW,reference,816.4
1984-11-02,AED,KRW,reference,222.06
1984-11-02,ATS,KRW,reference,38.93
1984-11-02,AUD,KRW,reference,698.81
1984-11-02,BEF,KRW,reference,13.5
1984-11-02,BHD,KRW,reference,2163.44
1984-11-02,CAD,KRW,reference,621.76
1984-11-02,CHF,KRW,reference,333.16
1984-11-02,DEM,KRW,reference,274.46
1984-11-02,DKK,KRW,reference,75.61
1984-11-02,FRF,KRW,reference,89.27
1984-11-02,GBP,KRW,reference,1012.12
1984-11-02,HKD,KRW,reference,104.09
1984-11-02,ITL,KRW,reference,0.4416
1984-11-02,JPY,KRW,reference,3.3412
1984-11-02,KWD,KRW,reference,2713.48
1984-11-02,MYR,KRW,reference,339.97
1984-11-02,NLG,KRW,reference,242.58
1984-11-02,NOK,KRW,reference,93.76
1984-11-02,SAR,KRW,reference,228.99
1984-11-02,SEK,KRW,reference,95.29
1984-11-02,SGD,KRW,reference,378.03
1984-11-02,USD,KRW,reference,815.4
1984-11-03,AED,KRW,reference,221.79
1984-11-03,ATS,KRW,reference,39.33
1984-11-03,AUD,KRW,reference,699.18
1984-11-03,BEF,KRW,reference,13.73
1984-11-03,BHD,KRW,reference,2159.64
1984-11-03,CAD,KRW,reference,621.66
1984-11-03,CHF,KRW,reference,337.16
1984-11-03,DEM,KRW,reference,277.34
1984-11-03,DKK,KRW,reference,76.24
1984-11-03,FRF,KRW,reference,90.32
1984-11-03,GBP,KRW,reference,1025.74
1984-11-03,HKD,KRW,reference,104.13
1984-11-03,ITL,KRW,reference,0.44329999999999997
1984-11-03,JPY,KRW,reference,3.3681
1984-11-03,KWD,KRW,reference,2716.48
1984-11-03,MYR,KRW,reference,340.97
1984-11-03,NLG,KRW,reference,245.71
1984-11-03,NOK,KRW,reference,94.65
1984-11-03,SAR,KRW,reference,229.01
1984-11-03,SEK,KRW,reference,95.99
1984-11-03,SGD,KRW,reference,378.44
1984-11-03,USD,KRW,reference,814.4
1984-11-05,AED,KRW,reference,221.79
1984-11-05,ATS,KRW,reference,39.33
1984-11-05,AUD,KRW,reference,699.18
1984-11-05,BEF,KRW,reference,13.73
1984-11-05,BHD,KRW,reference,2159.64
1984-11-05,CAD,KRW,reference,621.66
1984-11-05,CHF,KRW,reference,337.16
1984-11-05,DEM,KRW,reference,277.34
1984-11-05,DKK,KRW,reference,76.24
1984-11-05,FRF,KRW,reference,90.32
1984-11-05,GBP,KRW,reference,1025.74
1984-11-05,HKD,KRW,reference,104.13
1984-11-05,ITL,KRW,reference,0.44329999999999997
1984-11-05,JPY,KRW,reference,3.3681
1984-11-05,KWD,KRW,reference,2716.48
1984-11-05,MYR,KRW,reference,340.97
1984-11-05,NLG,KRW,reference,245.71
1984-11-05,NOK,KRW,reference,94.65
1984-11-05,SAR,KRW,reference,229.01
1984-11-05,SEK,KRW,reference,95.99
1984-11-05,SGD,KRW,reference,378.44
1984-11-05,USD,KRW,reference,814.4
1984-11-06,AED,KRW,reference,221.57
1984-11-06,ATS,KRW,reference,39.4
1984-11-06,AUD,KRW,reference,701.32
1984-11-06,BEF,KRW,reference,13.7
1984-11-06,BHD,KRW,reference,2158.24
1984-11-06,CAD,KRW,reference,621.52
1984-11-06,CHF,KRW,reference,337.81
1984-11-06,DEM,KRW,reference,277.42
1984-11-06,DKK,KRW,reference,76.6
1984-11-06,FRF,KRW,reference,90.3
1984-11-06,GBP,KRW,reference,1032.06
1984-11-06,HKD,KRW,reference,104.04
1984-11-06,ITL,KRW,reference,0.44420000000000004
1984-11-06,JPY,KRW,reference,3.3627
1984-11-06,KWD,KRW,reference,2710.88
1984-11-06,MYR,KRW,reference,340.28
1984-11-06,NLG,KRW,reference,245.92
1984-11-06,NOK,KRW,reference,94.69
1984-11-06,SAR,KRW,reference,228.54
1984-11-06,SEK,KRW,reference,96.03
1984-11-06,SGD,KRW,reference,378.41
1984-11-06,USD,KRW,reference,813.6
1984-11-07,AED,KRW,reference,221.68
1984-11-07,ATS,KRW,reference,39.27
1984-11-07,AUD,KRW,reference,701.67
1984-11-07,BEF,KRW,reference,13.61
1984-11-07,BHD,KRW,reference,2159.3
1984-11-07,CAD,KRW,reference,621.17
1984-11-07,CHF,KRW,reference,336.02
1984-11-07,DEM,KRW,reference,275.84
1984-11-07,DKK,KRW,reference,76.28
1984-11-07,FRF,KRW,reference,89.9
1984-11-07,GBP,KRW,reference,1026.26
1984-11-07,HKD,KRW,reference,104.08
1984-11-07,ITL,KRW,reference,0.4434
1984-11-07,JPY,KRW,reference,3.3654
1984-11-07,KWD,KRW,reference,2712.21
1984-11-07,MYR,KRW,reference,340.45
1984-11-07,NLG,KRW,reference,244.82
1984-11-07,NOK,KRW,reference,94.57
1984-11-07,SAR,KRW,reference,228.66
1984-11-07,SEK,KRW,reference,96
1984-11-07,SGD,KRW,reference,378.59
1984-11-07,USD,KRW,reference,814
1984-11-08,AED,KRW,reference,221.41
1984-11-08,ATS,KRW,reference,39.65
1984-11-08,AUD,KRW,reference,704.48
1984-11-08,BEF,KRW,reference,13.83
1984-11-08,BHD,KRW,reference,2156.07
1984-11-08,CAD,KRW,reference,619.83
1984-11-08,CHF,KRW,reference,338.54
1984-11-08,DEM,KRW,reference,278.81
1984-11-08,DKK,KRW,reference,77.16
1984-11-08,FRF,KRW,reference,90.92
1984-11-08,GBP,KRW,reference,1040.64
1984-11-08,HKD,KRW,reference,103.95
1984-11-08,ITL,KRW,reference,0.44659999999999994
1984-11-08,JPY,KRW,reference,3.3918
1984-11-08,KWD,KRW,reference,2711.13
1984-11-08,MYR,KRW,reference,339.89
1984-11-08,NLG,KRW,reference,247.61
1984-11-08,NOK,KRW,reference,95.34
1984-11-08,SAR,KRW,reference,228.34
1984-11-08,SEK,KRW,reference,96.47
1984-11-08,SGD,KRW,reference,378.58
1984-11-08,USD,KRW,reference,813
1984-11-09,AED,KRW,reference,221.68
1984-11-09,ATS,KRW,reference,39.37
1984-11-09,AUD,KRW,reference,703.73
1984-11-09,BEF,KRW,reference,13.69
1984-11-09,BHD,KRW,reference,2159.3
1984-11-09,CAD,KRW,reference,618.38
1984-11-09,CHF,KRW,reference,336.86
1984-11-09,DEM,KRW,reference,276.81
1984-11-09,DKK,KRW,reference,76.6
1984-11-09,FRF,KRW,reference,90.22
1984-11-09,GBP,KRW,reference,1033.38
1984-11-09,HKD,KRW,reference,104.08
1984-11-09,ITL,KRW,reference,0.4439
1984-11-09,JPY,KRW,reference,3.3812
1984-11-09,KWD,KRW,reference,2712.21
1984-11-09,MYR,KRW,reference,340.31
1984-11-09,NLG,KRW,reference,245.46
1984-11-09,NOK,KRW,reference,94.77
1984-11-09,SAR,KRW,reference,228.69
1984-11-09,SEK,KRW,reference,96
1984-11-09,SGD,KRW,reference,378.96
1984-11-09,USD,KRW,reference,814
1984-11-10,AED,KRW,reference,221.95
1984-11-10,ATS,KRW,reference,39.28
1984-11-10,AUD,KRW,reference,700.9
1984-11-10,BEF,KRW,reference,13.66
1984-11-10,BHD,KRW,reference,2161.95
1984-11-10,CAD,KRW,reference,618.62
1984-11-10,CHF,KRW,reference,335.81
1984-11-10,DEM,KRW,reference,276.46
1984-11-10,DKK,KRW,reference,76.37
1984-11-10,FRF,KRW,reference,89.94
1984-11-10,GBP,KRW,reference,1027.72
1984-11-10,HKD,KRW,reference,104.22
1984-11-10,ITL,KRW,reference,0.44409999999999994
1984-11-10,JPY,KRW,reference,3.3838999999999997
1984-11-10,KWD,KRW,reference,2703.16
1984-11-10,MYR,KRW,reference,340.3
1984-11-10,NLG,KRW,reference,245.15
1984-11-10,NOK,KRW,reference,94.74
1984-11-10,SAR,KRW,reference,228.94
1984-11-10,SEK,KRW,reference,96.09
1984-11-10,SGD,KRW,reference,379.6
1984-11-10,USD,KRW,reference,815
1984-11-12,AED,KRW,reference,221.95
1984-11-12,ATS,KRW,reference,39.28
1984-11-12,AUD,KRW,reference,700.9
1984-11-12,BEF,KRW,reference,13.66
1984-11-12,BHD,KRW,reference,2161.95
1984-11-12,CAD,KRW,reference,618.62
1984-11-12,CHF,KRW,reference,335.81
1984-11-12,DEM,KRW,reference,276.46
1984-11-12,DKK,KRW,reference,76.37
1984-11-12,FRF,KRW,reference,89.94
1984-11-12,GBP,KRW,reference,1027.72
1984-11-12,HKD,KRW,reference,104.22
1984-11-12,ITL,KRW,reference,0.44409999999999994
1984-11-12,JPY,KRW,reference,3.3838999999999997
1984-11-12,KWD,KRW,reference,2703.16
1984-11-12,MYR,KRW,reference,340.3
1984-11-12,NLG,KRW,reference,245.15
1984-11-12,NOK,KRW,reference,94.74
1984-11-12,SAR,KRW,reference,228.94
1984-11-12,SEK,KRW,reference,96.09
1984-11-12,SGD,KRW,reference,379.6
1984-11-12,USD,KRW,reference,815
1984-11-13,AED,KRW,reference,221.9
1984-11-13,ATS,KRW,reference,39.32
1984-11-13,AUD,KRW,reference,702.48
1984-11-13,BEF,KRW,reference,13.63
1984-11-13,BHD,KRW,reference,2161.42
1984-11-13,CAD,KRW,reference,618.94
1984-11-13,CHF,KRW,reference,337.4
1984-11-13,DEM,KRW,reference,276.68
1984-11-13,DKK,KRW,reference,76.55
1984-11-13,FRF,KRW,reference,90.14
1984-11-13,GBP,KRW,reference,1034.39
1984-11-13,HKD,KRW,reference,104.22
1984-11-13,ITL,KRW,reference,0.4446
1984-11-13,JPY,KRW,reference,3.3827
1984-11-13,KWD,KRW,reference,2711.26
1984-11-13,MYR,KRW,reference,340.36
1984-11-13,NLG,KRW,reference,245.28
1984-11-13,NOK,KRW,reference,94.86
1984-11-13,SAR,KRW,reference,228.87
1984-11-13,SEK,KRW,reference,96.17
1984-11-13,SGD,KRW,reference,379.6
1984-11-13,USD,KRW,reference,814.8
1984-11-14,AED,KRW,reference,221.79
1984-11-14,ATS,KRW,reference,39.33
1984-11-14,AUD,KRW,reference,700.81
1984-11-14,BEF,KRW,reference,13.59
1984-11-14,BHD,KRW,reference,2160.36
1984-11-14,CAD,KRW,reference,618.97
1984-11-14,CHF,KRW,reference,333.91
1984-11-14,DEM,KRW,reference,274.19
1984-11-14,DKK,KRW,reference,76.12
1984-11-14,FRF,KRW,reference,89.34
1984-11-14,GBP,KRW,reference,1027.78
1984-11-14,HKD,KRW,reference,104.11
1984-11-14,ITL,KRW,reference,0.4416
1984-11-14,JPY,KRW,reference,3.3716000000000004
1984-11-14,KWD,KRW,reference,2711.73
1984-11-14,MYR,KRW,reference,340.05
1984-11-14,NLG,KRW,reference,243.51
1984-11-14,NOK,KRW,reference,94.68
1984-11-14,SAR,KRW,reference,228.77
1984-11-14,SEK,KRW,reference,95.9
1984-11-14,SGD,KRW,reference,379.68
1984-11-14,USD,KRW,reference,814.4
1984-11-15,AED,KRW,reference,221.9
1984-11-15,ATS,KRW,reference,39.16
1984-11-15,AUD,KRW,reference,701.48
1984-11-15,BEF,KRW,reference,13.61
1984-11-15,BHD,KRW,reference,2160.85
1984-11-15,CAD,KRW,reference,619.13
1984-11-15,CHF,KRW,reference,333.87
1984-11-15,DEM,KRW,reference,275.32
1984-11-15,DKK,KRW,reference,76.17
1984-11-15,FRF,KRW,reference,89.72
1984-11-15,GBP,KRW,reference,1029.1
1984-11-15,HKD,KRW,reference,104.13
1984-11-15,ITL,KRW,reference,0.4429
1984-11-15,JPY,KRW,reference,3.3649
1984-11-15,KWD,KRW,reference,2709.46
1984-11-15,MYR,KRW,reference,340
1984-11-15,NLG,KRW,reference,244.07
1984-11-15,NOK,KRW,reference,94.56
1984-11-15,SAR,KRW,reference,228.82
1984-11-15,SEK,KRW,reference,95.72
1984-11-15,SGD,KRW,reference,379.56
1984-11-15,USD,KRW,reference,814.8
1984-11-16,AED,KRW,reference,222.17
1984-11-16,ATS,KRW,reference,39.14
1984-11-16,AUD,KRW,reference,699.93
1984-11-16,BEF,KRW,reference,13.6
1984-11-16,BHD,KRW,reference,2164.07
1984-11-16,CAD,KRW,reference,619.61
1984-11-16,CHF,KRW,reference,332.92
1984-11-16,DEM,KRW,reference,274.71
1984-11-16,DKK,KRW,reference,76.05
1984-11-16,FRF,KRW,reference,89.43
1984-11-16,GBP,KRW,reference,1023.43
1984-11-16,HKD,KRW,reference,104.29
1984-11-16,ITL,KRW,reference,0.442
1984-11-16,JPY,KRW,reference,3.3566000000000003
1984-11-16,KWD,KRW,reference,2712.78
1984-11-16,MYR,KRW,reference,340.35
1984-11-16,NLG,KRW,reference,243.67
1984-11-16,NOK,KRW,reference,94.43
1984-11-16,SAR,KRW,reference,229.13
1984-11-16,SEK,KRW,reference,95.59
1984-11-16,SGD,KRW,reference,380.15
1984-11-16,USD,KRW,reference,815.8
1984-11-17,AED,KRW,reference,222.2
1984-11-17,ATS,KRW,reference,39.04
1984-11-17,AUD,KRW,reference,701.67
1984-11-17,BEF,KRW,reference,13.61
1984-11-17,BHD,KRW,reference,2164.63
1984-11-17,CAD,KRW,reference,620.06
1984-11-17,CHF,KRW,reference,333.03
1984-11-17,DEM,KRW,reference,274.9
1984-11-17,DKK,KRW,reference,76.01
1984-11-17,FRF,KRW,reference,89.54
1984-11-17,GBP,KRW,reference,1024.78
1984-11-17,HKD,KRW,reference,104.3
1984-11-17,ITL,KRW,reference,0.442
1984-11-17,JPY,KRW,reference,3.3597
1984-11-17,KWD,KRW,reference,2712.89
1984-11-17,MYR,KRW,reference,340.39
1984-11-17,NLG,KRW,reference,243.45
1984-11-17,NOK,KRW,reference,94.44
1984-11-17,SAR,KRW,reference,229.17
1984-11-17,SEK,KRW,reference,95.63
1984-11-17,SGD,KRW,reference,379.85
1984-11-17,USD,KRW,reference,815.9
1984-11-19,AED,KRW,reference,222.2
1984-11-19,ATS,KRW,reference,39.04
1984-11-19,AUD,KRW,reference,701.67
1984-11-19,BEF,KRW,reference,13.61
1984-11-19,BHD,KRW,reference,2164.63
1984-11-19,CAD,KRW,reference,620.06
1984-11-19,CHF,KRW,reference,333.03
1984-11-19,DEM,KRW,reference,274.9
1984-11-19,DKK,KRW,reference,76.01
1984-11-19,FRF,KRW,reference,89.54
1984-11-19,GBP,KRW,reference,1024.78
1984-11-19,HKD,KRW,reference,104.3
1984-11-19,ITL,KRW,reference,0.442
1984-11-19,JPY,KRW,reference,3.3597
1984-11-19,KWD,KRW,reference,2712.89
1984-11-19,MYR,KRW,reference,340.39
1984-11-19,NLG,KRW,reference,243.45
1984-11-19,NOK,KRW,reference,94.44
1984-11-19,SAR,KRW,reference,229.17
1984-11-19,SEK,KRW,reference,95.63
1984-11-19,SGD,KRW,reference,379.85
1984-11-19,USD,KRW,reference,815.9
1984-11-20,AED,KRW,reference,222.47
1984-11-20,ATS,KRW,reference,38.97
1984-11-20,AUD,KRW,reference,700.54
1984-11-20,BEF,KRW,reference,13.52
1984-11-20,BHD,KRW,reference,2166.99
1984-11-20,CAD,KRW,reference,620.63
1984-11-20,CHF,KRW,reference,329.8
1984-11-20,DEM,KRW,reference,272.99
1984-11-20,DKK,KRW,reference,75.59
1984-11-20,FRF,KRW,reference,88.92
1984-11-20,GBP,KRW,reference,1019.09
1984-11-20,HKD,KRW,reference,104.38
1984-11-20,ITL,KRW,reference,0.44020000000000004
1984-11-20,JPY,KRW,reference,3.3501
1984-11-20,KWD,KRW,reference,2712.38
1984-11-20,MYR,KRW,reference,340.73
1984-11-20,NLG,KRW,reference,241.94
1984-11-20,NOK,KRW,reference,94.06
1984-11-20,SAR,KRW,reference,229.44
1984-11-20,SEK,KRW,reference,95.13
1984-11-20,SGD,KRW,reference,380.4
1984-11-20,USD,KRW,reference,816.9
1984-11-21,AED,KRW,reference,222.74
1984-11-21,ATS,KRW,reference,39.02
1984-11-21,AUD,KRW,reference,700.14
1984-11-21,BEF,KRW,reference,13.52
1984-11-21,BHD,KRW,reference,2168.78
1984-11-21,CAD,KRW,reference,620.97
1984-11-21,CHF,KRW,reference,328.61
1984-11-21,DEM,KRW,reference,272.18
1984-11-21,DKK,KRW,reference,75.37
1984-11-21,FRF,KRW,reference,88.79
1984-11-21,GBP,KRW,reference,1013.79
1984-11-21,HKD,KRW,reference,104.56
1984-11-21,ITL,KRW,reference,0.4386
1984-11-21,JPY,KRW,reference,3.3405
1984-11-21,KWD,KRW,reference,2714.35
1984-11-21,MYR,KRW,reference,340.37
1984-11-21,NLG,KRW,reference,241.38
1984-11-21,NOK,KRW,reference,93.77
1984-11-21,SAR,KRW,reference,229.69
1984-11-21,SEK,KRW,reference,95.08
1984-11-21,SGD,KRW,reference,379.72
1984-11-21,USD,KRW,reference,817.9
1984-11-22,AED,KRW,reference,223.02
1984-11-22,ATS,KRW,reference,38.95
1984-11-22,AUD,KRW,reference,698.96
1984-11-22,BEF,KRW,reference,13.58
1984-11-22,BHD,KRW,reference,2172.01
1984-11-22,CAD,KRW,reference,622.1
1984-11-22,CHF,KRW,reference,329.74
1984-11-22,DEM,KRW,reference,273.98
1984-11-22,DKK,KRW,reference,75.5
1984-11-22,FRF,KRW,reference,89.43
1984-11-22,GBP,KRW,reference,1014.62
1984-11-22,HKD,KRW,reference,104.63
1984-11-22,ITL,KRW,reference,0.44060000000000005
1984-11-22,JPY,KRW,reference,3.3555
1984-11-22,KWD,KRW,reference,2714.07
1984-11-22,MYR,KRW,reference,341.07
1984-11-22,NLG,KRW,reference,241.85
1984-11-22,NOK,KRW,reference,93.67
1984-11-22,SAR,KRW,reference,229.97
1984-11-22,SEK,KRW,reference,94.81
1984-11-22,SGD,KRW,reference,380.89
1984-11-22,USD,KRW,reference,818.9
1984-11-23,AED,KRW,reference,222.96
1984-11-23,ATS,KRW,reference,38.74
1984-11-23,AUD,KRW,reference,702.57
1984-11-23,BEF,KRW,reference,13.5
1984-11-23,BHD,KRW,reference,2171.91
1984-11-23,CAD,KRW,reference,622.05
1984-11-23,CHF,KRW,reference,328.73
1984-11-23,DEM,KRW,reference,272
1984-11-23,DKK,KRW,reference,75.5
1984-11-23,FRF,KRW,reference,88.8
1984-11-23,GBP,KRW,reference,1005.57
1984-11-23,HKD,KRW,reference,104.64
1984-11-23,ITL,KRW,reference,0.4388
1984-11-23,JPY,KRW,reference,3.3526
1984-11-23,KWD,KRW,reference,2716.55
1984-11-23,MYR,KRW,reference,341.13
1984-11-23,NLG,KRW,reference,241.69
1984-11-23,NOK,KRW,reference,93.89
1984-11-23,SAR,KRW,reference,229.94
1984-11-23,SEK,KRW,reference,95.15
1984-11-23,SGD,KRW,reference,380.35
1984-11-23,USD,KRW,reference,818.7
1984-11-24,AED,KRW,reference,223.23
1984-11-24,ATS,KRW,reference,38.53
1984-11-24,AUD,KRW,reference,701.46
1984-11-24,BEF,KRW,reference,13.4
1984-11-24,BHD,KRW,reference,2174.42
1984-11-24,CAD,KRW,reference,621.58
1984-11-24,CHF,KRW,reference,327.49
1984-11-24,DEM,KRW,reference,269.8
1984-11-24,DKK,KRW,reference,74.81
1984-11-24,FRF,KRW,reference,88.14
1984-11-24,GBP,KRW,reference,993.48
1984-11-24,HKD,KRW,reference,104.77
1984-11-24,ITL,KRW,reference,0.43560000000000004
1984-11-24,JPY,KRW,reference,3.3383
1984-11-24,KWD,KRW,reference,2716.49
1984-11-24,MYR,KRW,reference,340.84
1984-11-24,NLG,KRW,reference,239.54
1984-11-24,NOK,KRW,reference,93.13
1984-11-24,SAR,KRW,reference,230.23
1984-11-24,SEK,KRW,reference,94.41
1984-11-24,SGD,KRW,reference,379.41
1984-11-24,USD,KRW,reference,819.7
1984-11-27,AED,KRW,reference,223.51
1984-11-27,ATS,KRW,reference,38.19
1984-11-27,AUD,KRW,reference,700.08
1984-11-27,BEF,KRW,reference,13.3
1984-11-27,BHD,KRW,reference,2177.07
1984-11-27,CAD,KRW,reference,621.91
1984-11-27,CHF,KRW,reference,324.91
1984-11-27,DEM,KRW,reference,268.27
1984-11-27,DKK,KRW,reference,74.48
1984-11-27,FRF,KRW,reference,87.58
1984-11-27,GBP,KRW,reference,987.72
1984-11-27,HKD,KRW,reference,104.86
1984-11-27,ITL,KRW,reference,0.43310000000000004
1984-11-27,JPY,KRW,reference,3.3376
1984-11-27,KWD,KRW,reference,2712.84
1984-11-27,MYR,KRW,reference,340.4
1984-11-27,NLG,KRW,reference,237.94
1984-11-27,NOK,KRW,reference,92.5
1984-11-27,SAR,KRW,reference,230.47
1984-11-27,SEK,KRW,reference,93.91
1984-11-27,SGD,KRW,reference,378.38
1984-11-27,USD,KRW,reference,820.7
1984-11-28,AED,KRW,reference,223.3
1984-11-28,ATS,KRW,reference,38.01
1984-11-28,AUD,KRW,reference,701.94
1984-11-28,BEF,KRW,reference,13.26
1984-11-28,BHD,KRW,reference,2175.22
1984-11-28,CAD,KRW,reference,620.02
1984-11-28,CHF,KRW,reference,323.99
1984-11-28,DEM,KRW,reference,267.26
1984-11-28,DKK,KRW,reference,74.2
1984-11-28,FRF,KRW,reference,87.22
1984-11-28,GBP,KRW,reference,984
1984-11-28,HKD,KRW,reference,104.77
1984-11-28,ITL,KRW,reference,0.43189999999999995
1984-11-28,JPY,KRW,reference,3.3408999999999995
1984-11-28,KWD,KRW,reference,2710.08
1984-11-28,MYR,KRW,reference,340.11
1984-11-28,NLG,KRW,reference,236.79
1984-11-28,NOK,KRW,reference,92.27
1984-11-28,SAR,KRW,reference,230.31
1984-11-28,SEK,KRW,reference,93.64
1984-11-28,SGD,KRW,reference,378.23
1984-11-28,USD,KRW,reference,820
1984-11-29,AED,KRW,reference,223.56
1984-11-29,ATS,KRW,reference,38.01
1984-11-29,AUD,KRW,reference,705.27
1984-11-29,BEF,KRW,reference,13.25
1984-11-29,BHD,KRW,reference,2177.29
1984-11-29,CAD,KRW,reference,620.47
1984-11-29,CHF,KRW,reference,324.61
1984-11-29,DEM,KRW,reference,266.59
1984-11-29,DKK,KRW,reference,73.97
1984-11-29,FRF,KRW,reference,87.07
1984-11-29,GBP,KRW,reference,985.2
1984-11-29,HKD,KRW,reference,104.88
1984-11-29,ITL,KRW,reference,0.43079999999999996
1984-11-29,JPY,KRW,reference,3.3429
1984-11-29,KWD,KRW,reference,2712.93
1984-11-29,MYR,KRW,reference,340.81
1984-11-29,NLG,KRW,reference,236.26
1984-11-29,NOK,KRW,reference,92.05
1984-11-29,SAR,KRW,reference,230.59
1984-11-29,SEK,KRW,reference,93.46
1984-11-29,SGD,KRW,reference,378.7
1984-11-29,USD,KRW,reference,821
1984-11-30,AED,KRW,reference,223.59
1984-11-30,ATS,KRW,reference,37.97
1984-11-30,AUD,KRW,reference,707.79
1984-11-30,BEF,KRW,reference,13.25
1984-11-30,BHD,KRW,reference,2178.13
1984-11-30,CAD,KRW,reference,621.06
1984-11-30,CHF,KRW,reference,324.17
1984-11-30,DEM,KRW,reference,266.53
1984-11-30,DKK,KRW,reference,74.01
1984-11-30,FRF,KRW,reference,87.01
1984-11-30,GBP,KRW,reference,986.55
1984-11-30,HKD,KRW,reference,104.88
1984-11-30,ITL,KRW,reference,0.43079999999999996
1984-11-30,JPY,KRW,reference,3.3345
1984-11-30,KWD,KRW,reference,2711.02
1984-11-30,MYR,KRW,reference,340.71
1984-11-30,NLG,KRW,reference,236.26
1984-11-30,NOK,KRW,reference,92.19
1984-11-30,SAR,KRW,reference,230.62
1984-11-30,SEK,KRW,reference,93.52
1984-11-30,SGD,KRW,reference,380.58
1984-11-30,USD,KRW,reference,821.1
1984-12-01,AED,KRW,reference,223.84
1984-12-01,ATS,KRW,reference,37.8
1984-12-01,AUD,KRW,reference,704.55
1984-12-01,BEF,KRW,reference,13.17
1984-12-01,BHD,KRW,reference,2180.64
1984-12-01,CAD,KRW,reference,620.53
1984-12-01,CHF,KRW,reference,321.2
1984-12-01,DEM,KRW,reference,264.07
1984-12-01,DKK,KRW,reference,73.41
1984-12-01,FRF,KRW,reference,86.22
1984-12-01,GBP,KRW,reference,983.65
1984-12-01,HKD,KRW,reference,105
1984-12-01,ITL,KRW,reference,0.428
1984-12-01,JPY,KRW,reference,3.321
1984-12-01,KWD,KRW,reference,2710.52
1984-12-01,MYR,KRW,reference,340.84
1984-12-01,NLG,KRW,reference,234.32
1984-12-01,NOK,KRW,reference,91.96
1984-12-01,SAR,KRW,reference,230.87
1984-12-01,SEK,KRW,reference,93.03
1984-12-01,SGD,KRW,reference,379.2
1984-12-01,USD,KRW,reference,822.1
1984-12-02,AED,KRW,reference,223.84
1984-12-02,ATS,KRW,reference,37.8
1984-12-02,AUD,KRW,reference,704.55
1984-12-02,BEF,KRW,reference,13.17
1984-12-02,BHD,KRW,reference,2180.64
1984-12-02,CAD,KRW,reference,620.53
1984-12-02,CHF,KRW,reference,321.2
1984-12-02,DEM,KRW,reference,264.07
1984-12-02,DKK,KRW,reference,73.41
1984-12-02,FRF,KRW,reference,86.22
1984-12-02,GBP,KRW,reference,983.65
1984-12-02,HKD,KRW,reference,105
1984-12-02,ITL,KRW,reference,0.428
1984-12-02,JPY,KRW,reference,3.321
1984-12-02,KWD,KRW,reference,2710.52
1984-12-02,MYR,KRW,reference,340.84
1984-12-02,NLG,KRW,reference,234.32
1984-12-02,NOK,KRW,reference,91.96
1984-12-02,SAR,KRW,reference,230.87
1984-12-02,SEK,KRW,reference,93.03
1984-12-02,SGD,KRW,reference,379.2
1984-12-02,USD,KRW,reference,822.1
1984-12-04,AED,KRW,reference,224.13
1984-12-04,ATS,KRW,reference,37.87
1984-12-04,AUD,KRW,reference,705.02
1984-12-04,BEF,KRW,reference,13.12
1984-12-04,BHD,KRW,reference,2183.15
1984-12-04,CAD,KRW,reference,622.08
1984-12-04,CHF,KRW,reference,322.66
1984-12-04,DEM,KRW,reference,266.4
1984-12-04,DKK,KRW,reference,73.94
1984-12-04,FRF,KRW,reference,86.99
1984-12-04,GBP,KRW,reference,990.19
1984-12-04,HKD,KRW,reference,105.11
1984-12-04,ITL,KRW,reference,0.4301
1984-12-04,JPY,KRW,reference,3.3276999999999997
1984-12-04,KWD,KRW,reference,2711.58
1984-12-04,MYR,KRW,reference,341.19
1984-12-04,NLG,KRW,reference,235.95
1984-12-04,NOK,KRW,reference,92.15
1984-12-04,SAR,KRW,reference,231.18
1984-12-04,SEK,KRW,reference,93.57
1984-12-04,SGD,KRW,reference,378.88
1984-12-04,USD,KRW,reference,823.1
1984-12-05,AED,KRW,reference,223.86
1984-12-05,ATS,KRW,reference,38.24
1984-12-05,AUD,KRW,reference,703.74
1984-12-05,BEF,KRW,reference,13.34
1984-12-05,BHD,KRW,reference,2180.5
1984-12-05,CAD,KRW,reference,622.83
1984-12-05,CHF,KRW,reference,324.43
1984-12-05,DEM,KRW,reference,268.31
1984-12-05,DKK,KRW,reference,74.45
1984-12-05,FRF,KRW,reference,87.63
1984-12-05,GBP,KRW,reference,995.16
1984-12-05,HKD,KRW,reference,104.98
1984-12-05,ITL,KRW,reference,0.4343
1984-12-05,JPY,KRW,reference,3.3372
1984-12-05,KWD,KRW,reference,2709.41
1984-12-05,MYR,KRW,reference,340.98
1984-12-05,NLG,KRW,reference,237.5
1984-12-05,NOK,KRW,reference,92.61
1984-12-05,SAR,KRW,reference,230.87
1984-12-05,SEK,KRW,reference,94.01
1984-12-05,SGD,KRW,reference,379.73
1984-12-05,USD,KRW,reference,822.1
1984-12-06,AED,KRW,reference,223.69
1984-12-06,ATS,KRW,reference,37.84
1984-12-06,AUD,KRW,reference,701.6
1984-12-06,BEF,KRW,reference,13.19
1984-12-06,BHD,KRW,reference,2179.77
1984-12-06,CAD,KRW,reference,621.11
1984-12-06,CHF,KRW,reference,320.65
1984-12-06,DEM,KRW,reference,265.33
1984-12-06,DKK,KRW,reference,73.81
1984-12-06,FRF,KRW,reference,86.64
1984-12-06,GBP,KRW,reference,984.57
1984-12-06,HKD,KRW,reference,104.98
1984-12-06,ITL,KRW,reference,0.4299
1984-12-06,JPY,KRW,reference,3.3206
1984-12-06,KWD,KRW,reference,2712.79
1984-12-06,MYR,KRW,reference,340.52
1984-12-06,NLG,KRW,reference,235.29
1984-12-06,NOK,KRW,reference,91.87
1984-12-06,SAR,KRW,reference,230.67
1984-12-06,SEK,KRW,reference,93.22
1984-12-06,SGD,KRW,reference,379.01
1984-12-06,USD,KRW,reference,821.5
1984-12-07,AED,KRW,reference,223.69
1984-12-07,ATS,KRW,reference,38.13
1984-12-07,AUD,KRW,reference,700.25
1984-12-07,BEF,KRW,reference,13.33
1984-12-07,BHD,KRW,reference,2180.04
1984-12-07,CAD,KRW,reference,622.31
1984-12-07,CHF,KRW,reference,325.33
1984-12-07,DEM,KRW,reference,268.06
1984-12-07,DKK,KRW,reference,74.59
1984-12-07,FRF,KRW,reference,87.53
1984-12-07,GBP,KRW,reference,991.68
1984-12-07,HKD,KRW,reference,104.95
1984-12-07,ITL,KRW,reference,0.434
1984-12-07,JPY,KRW,reference,3.3331
1984-12-07,KWD,KRW,reference,2711.11
1984-12-07,MYR,KRW,reference,340.64
1984-12-07,NLG,KRW,reference,237.63
1984-12-07,NOK,KRW,reference,92.37
1984-12-07,SAR,KRW,reference,230.76
1984-12-07,SEK,KRW,reference,93.69
1984-12-07,SGD,KRW,reference,379.5
1984-12-07,USD,KRW,reference,821.6
1984-12-08,AED,KRW,reference,223.87
1984-12-08,ATS,KRW,reference,37.89
1984-12-08,AUD,KRW,reference,698.39
1984-12-08,BEF,KRW,reference,13.22
1984-12-08,BHD,KRW,reference,2180.93
1984-12-08,CAD,KRW,reference,622.5
1984-12-08,CHF,KRW,reference,322.59
1984-12-08,DEM,KRW,reference,265.93
1984-12-08,DKK,KRW,reference,74.17
1984-12-08,FRF,KRW,reference,86.84
1984-12-08,GBP,KRW,reference,989.4
1984-12-08,HKD,KRW,reference,105
1984-12-08,ITL,KRW,reference,0.4314
1984-12-08,JPY,KRW,reference,3.321
1984-12-08,KWD,KRW,reference,2713.21
1984-12-08,MYR,KRW,reference,340.98
1984-12-08,NLG,KRW,reference,235.99
1984-12-08,NOK,KRW,reference,92.22
1984-12-08,SAR,KRW,reference,230.92
1984-12-08,SEK,KRW,reference,93.59
1984-12-08,SGD,KRW,reference,378.42
1984-12-08,USD,KRW,reference,822.1
1984-12-10,AED,KRW,reference,223.87
1984-12-10,ATS,KRW,reference,37.89
1984-12-10,AUD,KRW,reference,698.39
1984-12-10,BEF,KRW,reference,13.22
1984-12-10,BHD,KRW,reference,2180.93
1984-12-10,CAD,KRW,reference,622.5
1984-12-10,CHF,KRW,reference,322.59
1984-12-10,DEM,KRW,reference,265.93
1984-12-10,DKK,KRW,reference,74.17
1984-12-10,FRF,KRW,reference,86.84
1984-12-10,GBP,KRW,reference,989.4
1984-12-10,HKD,KRW,reference,105
1984-12-10,ITL,KRW,reference,0.4314
1984-12-10,JPY,KRW,reference,3.321
1984-12-10,KWD,KRW,reference,2713.21
1984-12-10,MYR,KRW,reference,340.98
1984-12-10,NLG,KRW,reference,235.99
1984-12-10,NOK,KRW,reference,92.22
1984-12-10,SAR,KRW,reference,230.92
1984-12-10,SEK,KRW,reference,93.59
1984-12-10,SGD,KRW,reference,378.42
1984-12-10,USD,KRW,reference,822.1
1984-12-11,AED,KRW,reference,224.02
1984-12-11,ATS,KRW,reference,37.85
1984-12-11,AUD,KRW,reference,693.56
1984-12-11,BEF,KRW,reference,13.22
1984-12-11,BHD,KRW,reference,2182.38
1984-12-11,CAD,KRW,reference,623.1
1984-12-11,CHF,KRW,reference,321.75
1984-12-11,DEM,KRW,reference,265.93
1984-12-11,DKK,KRW,reference,74.08
1984-12-11,FRF,KRW,reference,86.81
1984-12-11,GBP,KRW,reference,988.48
1984-12-11,HKD,KRW,reference,104.98
1984-12-11,ITL,KRW,reference,0.43119999999999997
1984-12-11,JPY,KRW,reference,3.3287999999999998
1984-12-11,KWD,KRW,reference,2712.28
1984-12-11,MYR,KRW,reference,341.02
1984-12-11,NLG,KRW,reference,235.67
1984-12-11,NOK,KRW,reference,92.13
1984-12-11,SAR,KRW,reference,231.07
1984-12-11,SEK,KRW,reference,93.31
1984-12-11,SGD,KRW,reference,379.57
1984-12-11,USD,KRW,reference,822.7
1984-12-12,AED,KRW,reference,223.94
1984-12-12,ATS,KRW,reference,37.87
1984-12-12,AUD,KRW,reference,694.63
1984-12-12,BEF,KRW,reference,13.23
1984-12-12,BHD,KRW,reference,2182.14
1984-12-12,CAD,KRW,reference,622.95
1984-12-12,CHF,KRW,reference,321.67
1984-12-12,DEM,KRW,reference,266.12
1984-12-12,DKK,KRW,reference,74.2
1984-12-12,FRF,KRW,reference,86.79
1984-12-12,GBP,KRW,reference,986.59
1984-12-12,HKD,KRW,reference,104.94
1984-12-12,ITL,KRW,reference,0.43200000000000005
1984-12-12,JPY,KRW,reference,3.3280000000000003
1984-12-12,KWD,KRW,reference,2712.07
1984-12-12,MYR,KRW,reference,340.83
1984-12-12,NLG,KRW,reference,235.24
1984-12-12,NOK,KRW,reference,91.88
1984-12-12,SAR,KRW,reference,231.01
1984-12-12,SEK,KRW,reference,93.34
1984-12-12,SGD,KRW,reference,379.3
1984-12-12,USD,KRW,reference,822.5
1984-12-13,AED,KRW,reference,224.02
1984-12-13,ATS,KRW,reference,37.93
1984-12-13,AUD,KRW,reference,697.77
1984-12-13,BEF,KRW,reference,13.24
1984-12-13,BHD,KRW,reference,2182.35
1984-12-13,CAD,KRW,reference,623.03
1984-12-13,CHF,KRW,reference,321.6
1984-12-13,DEM,KRW,reference,266.33
1984-12-13,DKK,KRW,reference,74.7
1984-12-13,FRF,KRW,reference,86.87
1984-12-13,GBP,KRW,reference,984.49
1984-12-13,HKD,KRW,reference,105.04
1984-12-13,ITL,KRW,reference,0.4321
1984-12-13,JPY,KRW,reference,3.3279
1984-12-13,KWD,KRW,reference,2713.05
1984-12-13,MYR,KRW,reference,341.06
1984-12-13,NLG,KRW,reference,236.59
1984-12-13,NOK,KRW,reference,92.17
1984-12-13,SAR,KRW,reference,231.1
1984-12-13,SEK,KRW,reference,93.32
1984-12-13,SGD,KRW,reference,379.18
1984-12-13,USD,KRW,reference,822.8
1984-12-14,AED,KRW,reference,224.1
1984-12-14,ATS,KRW,reference,37.78
1984-12-14,AUD,KRW,reference,696.78
1984-12-14,BEF,KRW,reference,13.21
1984-12-14,BHD,KRW,reference,2183.44
1984-12-14,CAD,KRW,reference,622.69
1984-12-14,CHF,KRW,reference,321.34
1984-12-14,DEM,KRW,reference,265.01
1984-12-14,DKK,KRW,reference,73.97
1984-12-14,FRF,KRW,reference,86.31
1984-12-14,GBP,KRW,reference,979.91
1984-12-14,HKD,KRW,reference,105.09
1984-12-14,ITL,KRW,reference,0.4294
1984-12-14,JPY,KRW,reference,3.3247000000000004
1984-12-14,KWD,KRW,reference,2714.04
1984-12-14,MYR,KRW,reference,341.19
1984-12-14,NLG,KRW,reference,234.61
1984-12-14,NOK,KRW,reference,91.87
1984-12-14,SAR,KRW,reference,231.31
1984-12-14,SEK,KRW,reference,92.96
1984-12-14,SGD,KRW,reference,379.31
1984-12-14,USD,KRW,reference,823.1
1984-12-15,AED,KRW,reference,224.26
1984-12-15,ATS,KRW,reference,38.05
1984-12-15,AUD,KRW,reference,692.74
1984-12-15,BEF,KRW,reference,13.3
1984-12-15,BHD,KRW,reference,2185.03
1984-12-15,CAD,KRW,reference,624.04
1984-12-15,CHF,KRW,reference,323.34
1984-12-15,DEM,KRW,reference,266.45
1984-12-15,DKK,KRW,reference,74.65
1984-12-15,FRF,KRW,reference,87.01
1984-12-15,GBP,KRW,reference,984.33
1984-12-15,HKD,KRW,reference,105.18
1984-12-15,ITL,KRW,reference,0.4338
1984-12-15,JPY,KRW,reference,3.3268
1984-12-15,KWD,KRW,reference,2715.13
1984-12-15,MYR,KRW,reference,341.08
1984-12-15,NLG,KRW,reference,236.84
1984-12-15,NOK,KRW,reference,92.27
1984-12-15,SAR,KRW,reference,231.48
1984-12-15,SEK,KRW,reference,92.4
1984-12-15,SGD,KRW,reference,378.72
1984-12-15,USD,KRW,reference,823.7
1984-12-17,AED,KRW,reference,224.26
1984-12-17,ATS,KRW,reference,38.05
1984-12-17,AUD,KRW,reference,692.74
1984-12-17,BEF,KRW,reference,13.3
1984-12-17,BHD,KRW,reference,2185.03
1984-12-17,CAD,KRW,reference,624.04
1984-12-17,CHF,KRW,reference,323.34
1984-12-17,DEM,KRW,reference,266.45
1984-12-17,DKK,KRW,reference,74.65
1984-12-17,FRF,KRW,reference,87.01
1984-12-17,GBP,KRW,reference,984.33
1984-12-17,HKD,KRW,reference,105.18
1984-12-17,ITL,KRW,reference,0.4338
1984-12-17,JPY,KRW,reference,3.3268
1984-12-17,KWD,KRW,reference,2715.13
1984-12-17,MYR,KRW,reference,341.08
1984-12-17,NLG,KRW,reference,236.84
1984-12-17,NOK,KRW,reference,92.27
1984-12-17,SAR,KRW,reference,231.48
1984-12-17,SEK,KRW,reference,92.4
1984-12-17,SGD,KRW,reference,378.72
1984-12-17,USD,KRW,reference,823.7
1984-12-18,AED,KRW,reference,224.22
1984-12-18,ATS,KRW,reference,37.88
1984-12-18,AUD,KRW,reference,690.92
1984-12-18,BEF,KRW,reference,13.27
1984-12-18,BHD,KRW,reference,2184.79
1984-12-18,CAD,KRW,reference,623.89
1984-12-18,CHF,KRW,reference,322.95
1984-12-18,DEM,KRW,reference,266.55
1984-12-18,DKK,KRW,reference,74.43
1984-12-18,FRF,KRW,reference,86.98
1984-12-18,GBP,KRW,reference,977.5
1984-12-18,HKD,KRW,reference,105.14
1984-12-18,ITL,KRW,reference,0.433
1984-12-18,JPY,KRW,reference,3.3267
1984-12-18,KWD,KRW,reference,2714.02
1984-12-18,MYR,KRW,reference,341.18
1984-12-18,NLG,KRW,reference,236.3
1984-12-18,NOK,KRW,reference,92.17
1984-12-18,SAR,KRW,reference,231.33
1984-12-18,SEK,KRW,reference,93.21
1984-12-18,SGD,KRW,reference,378.84
1984-12-18,USD,KRW,reference,823.5
1984-12-19,AED,KRW,reference,224.11
1984-12-19,ATS,KRW,reference,37.99
1984-12-19,AUD,KRW,reference,687.96
1984-12-19,BEF,KRW,reference,13.3
1984-12-19,BHD,KRW,reference,2183.2
1984-12-19,CAD,KRW,reference,625.1
1984-12-19,CHF,KRW,reference,323.73
1984-12-19,DEM,KRW,reference,267.03
1984-12-19,DKK,KRW,reference,74.43
1984-12-19,FRF,KRW,reference,87.15
1984-12-19,GBP,KRW,reference,977.2
1984-12-19,HKD,KRW,reference,105.08
1984-12-19,ITL,KRW,reference,0.4334
1984-12-19,JPY,KRW,reference,3.335
1984-12-19,KWD,KRW,reference,2712.94
1984-12-19,MYR,KRW,reference,341.1
1984-12-19,NLG,KRW,reference,236.54
1984-12-19,NOK,KRW,reference,91.97
1984-12-19,SAR,KRW,reference,231.16
1984-12-19,SEK,KRW,reference,93.17
1984-12-19,SGD,KRW,reference,378.79
1984-12-19,USD,KRW,reference,822.9
1984-12-20,AED,KRW,reference,224.29
1984-12-20,ATS,KRW,reference,37.93
1984-12-20,AUD,KRW,reference,687.05
1984-12-20,BEF,KRW,reference,13.22
1984-12-20,BHD,KRW,reference,2185.01
1984-12-20,CAD,KRW,reference,623.93
1984-12-20,CHF,KRW,reference,320.67
1984-12-20,DEM,KRW,reference,264.98
1984-12-20,DKK,KRW,reference,74.05
1984-12-20,FRF,KRW,reference,86.61
1984-12-20,GBP,KRW,reference,962.62
1984-12-20,HKD,KRW,reference,105.27
1984-12-20,ITL,KRW,reference,0.4314
1984-12-20,JPY,KRW,reference,3.3238
1984-12-20,KWD,KRW,reference,2716.8
1984-12-20,MYR,KRW,reference,341.48
1984-12-20,NLG,KRW,reference,234.91
1984-12-20,NOK,KRW,reference,91.56
1984-12-20,SAR,KRW,reference,231.38
1984-12-20,SEK,KRW,reference,92.78
1984-12-20,SGD,KRW,reference,379.2
1984-12-20,USD,KRW,reference,823.8
1984-12-21,AED,KRW,reference,224.58
1984-12-21,ATS,KRW,reference,37.68
1984-12-21,AUD,KRW,reference,686.68
1984-12-21,BEF,KRW,reference,13.16
1984-12-21,BHD,KRW,reference,2187.95
1984-12-21,CAD,KRW,reference,625.83
1984-12-21,CHF,KRW,reference,320.63
1984-12-21,DEM,KRW,reference,263.81
1984-12-21,DKK,KRW,reference,73.73
1984-12-21,FRF,KRW,reference,86.19
1984-12-21,GBP,KRW,reference,964.61
1984-12-21,HKD,KRW,reference,105.35
1984-12-21,ITL,KRW,reference,0.4299
1984-12-21,JPY,KRW,reference,3.3251
1984-12-21,KWD,KRW,reference,2716.51
1984-12-21,MYR,KRW,reference,341.89
1984-12-21,NLG,KRW,reference,233.69
1984-12-21,NOK,KRW,reference,91.19
1984-12-21,SAR,KRW,reference,231.64
1984-12-21,SEK,KRW,reference,92.42
1984-12-21,SGD,KRW,reference,379.44
1984-12-21,USD,KRW,reference,824.8
1984-12-22,AED,KRW,reference,224.66
1984-12-22,ATS,KRW,reference,37.73
1984-12-22,AUD,KRW,reference,687.85
1984-12-22,BEF,KRW,reference,13.22
1984-12-22,BHD,KRW,reference,2188.48
1984-12-22,CAD,KRW,reference,627.5
1984-12-22,CHF,KRW,reference,321.83
1984-12-22,DEM,KRW,reference,265.28
1984-12-22,DKK,KRW,reference,74.06
1984-12-22,FRF,KRW,reference,86.62
1984-12-22,GBP,KRW,reference,967.32
1984-12-22,HKD,KRW,reference,105.4
1984-12-22,ITL,KRW,reference,0.43189999999999995
1984-12-22,JPY,KRW,reference,3.3287
1984-12-22,KWD,KRW,reference,2716.28
1984-12-22,MYR,KRW,reference,341.97
1984-12-22,NLG,KRW,reference,234.75
1984-12-22,NOK,KRW,reference,91.42
1984-12-22,SAR,KRW,reference,231.58
1984-12-22,SEK,KRW,reference,92.75
1984-12-22,SGD,KRW,reference,379.75
1984-12-22,USD,KRW,reference,825
1984-12-24,AED,KRW,reference,224.66
1984-12-24,ATS,KRW,reference,37.73
1984-12-24,AUD,KRW,reference,687.85
1984-12-24,BEF,KRW,reference,13.22
1984-12-24,BHD,KRW,reference,2188.48
1984-12-24,CAD,KRW,reference,627.5
1984-12-24,CHF,KRW,reference,321.83
1984-12-24,DEM,KRW,reference,265.28
1984-12-24,DKK,KRW,reference,74.06
1984-12-24,FRF,KRW,reference,86.62
1984-12-24,GBP,KRW,reference,967.32
1984-12-24,HKD,KRW,reference,105.4
1984-12-24,ITL,KRW,reference,0.43189999999999995
1984-12-24,JPY,KRW,reference,3.3287
1984-12-24,KWD,KRW,reference,2716.28
1984-12-24,MYR,KRW,reference,341.97
1984-12-24,NLG,KRW,reference,234.75
1984-12-24,NOK,KRW,reference,91.42
1984-12-24,SAR,KRW,reference,231.58
1984-12-24,SEK,KRW,reference,92.75
1984-12-24,SGD,KRW,reference,379.75
1984-12-24,USD,KRW,reference,825
1984-12-26,AED,KRW,reference,224.66
1984-12-26,ATS,KRW,reference,37.67
1984-12-26,AUD,KRW,reference,689.31
1984-12-26,BEF,KRW,reference,13.16
1984-12-26,BHD,KRW,reference,2188.48
1984-12-26,CAD,KRW,reference,626.55
1984-12-26,CHF,KRW,reference,320.83
1984-12-26,DEM,KRW,reference,264.26
1984-12-26,DKK,KRW,reference,73.91
1984-12-26,FRF,KRW,reference,86.37
1984-12-26,GBP,KRW,reference,964.22
1984-12-26,HKD,KRW,reference,105.47
1984-12-26,ITL,KRW,reference,0.42950000000000005
1984-12-26,JPY,KRW,reference,3.3273
1984-12-26,KWD,KRW,reference,2715.34
1984-12-26,MYR,KRW,reference,341.27
1984-12-26,NLG,KRW,reference,233.85
1984-12-26,NOK,KRW,reference,91.37
1984-12-26,SAR,KRW,reference,231.69
1984-12-26,SEK,KRW,reference,92.55
1984-12-26,SGD,KRW,reference,379.32
1984-12-26,USD,KRW,reference,825
1984-12-27,AED,KRW,reference,224.92
1984-12-27,ATS,KRW,reference,37.64
1984-12-27,AUD,KRW,reference,689.31
1984-12-27,BEF,KRW,reference,13.18
1984-12-27,BHD,KRW,reference,2191.13
1984-12-27,CAD,KRW,reference,626.88
1984-12-27,CHF,KRW,reference,320.47
1984-12-27,DEM,KRW,reference,263.82
1984-12-27,DKK,KRW,reference,73.95
1984-12-27,FRF,KRW,reference,86.29
1984-12-27,GBP,KRW,reference,963.95
1984-12-27,HKD,KRW,reference,105.56
1984-12-27,ITL,KRW,reference,0.4296
1984-12-27,JPY,KRW,reference,3.3093
1984-12-27,KWD,KRW,reference,2716.22
1984-12-27,MYR,KRW,reference,342.03
1984-12-27,NLG,KRW,reference,233.93
1984-12-27,NOK,KRW,reference,91.43
1984-12-27,SAR,KRW,reference,231.64
1984-12-27,SEK,KRW,reference,92.55
1984-12-27,SGD,KRW,reference,379.78
1984-12-27,USD,KRW,reference,826
1984-12-28,AED,KRW,reference,225.22
1984-12-28,ATS,KRW,reference,37.5
1984-12-28,AUD,KRW,reference,684.55
1984-12-28,BEF,KRW,reference,13.1
1984-12-28,BHD,KRW,reference,2193.06
1984-12-28,CAD,KRW,reference,625.97
1984-12-28,CHF,KRW,reference,318.23
1984-12-28,DEM,KRW,reference,262.38
1984-12-28,DKK,KRW,reference,73.48
1984-12-28,FRF,KRW,reference,85.75
1984-12-28,GBP,KRW,reference,959.32
1984-12-28,HKD,KRW,reference,105.89
1984-12-28,ITL,KRW,reference,0.4264
1984-12-28,JPY,KRW,reference,3.3045999999999998
1984-12-28,KWD,KRW,reference,2718.16
1984-12-28,MYR,KRW,reference,341.04
1984-12-28,NLG,KRW,reference,232.24
1984-12-28,NOK,KRW,reference,91.06
1984-12-28,SAR,KRW,reference,231.01
1984-12-28,SEK,KRW,reference,92.25
1984-12-28,SGD,KRW,reference,380.23
1984-12-28,USD,KRW,reference,827
1984-12-29,AED,KRW,reference,225.36
1984-12-29,ATS,KRW,reference,37.66
1984-12-29,AUD,KRW,reference,687.59
1984-12-29,BEF,KRW,reference,13.15
1984-12-29,BHD,KRW,reference,2195.14
1984-12-29,CAD,KRW,reference,627.08
1984-12-29,CHF,KRW,reference,319.99
1984-12-29,DEM,KRW,reference,263.87
1984-12-29,DKK,KRW,reference,73.72
1984-12-29,FRF,KRW,reference,86.26
1984-12-29,GBP,KRW,reference,964.34
1984-12-29,HKD,KRW,reference,105.78
1984-12-29,ITL,KRW,reference,0.43119999999999997
1984-12-29,JPY,KRW,reference,3.3057
1984-12-29,KWD,KRW,reference,2719.48
1984-12-29,MYR,KRW,reference,341.2
1984-12-29,NLG,KRW,reference,233.57
1984-12-29,NOK,KRW,reference,91.43
1984-12-29,SAR,KRW,reference,231.07
1984-12-29,SEK,KRW,reference,92.5
1984-12-29,SGD,KRW,reference,380.42
1984-12-29,USD,KRW,reference,827.4
1984-12-31,AED,KRW,reference,225.36
1984-12-31,ATS,KRW,reference,37.66
1984-12-31,AUD,KRW,reference,687.59
1984-12-31,BEF,KRW,reference,13.15
1984-12-31,BHD,KRW,reference,2195.14
1984-12-31,CAD,KRW,reference,627.08
1984-12-31,CHF,KRW,reference,319.99
1984-12-31,DEM,KRW,reference,263.87
1984-12-31,DKK,KRW,reference,73.72
1984-12-31,FRF,KRW,reference,86.26
1984-12-31,GBP,KRW,reference,964.34
1984-12-31,HKD,KRW,reference,105.78
1984-12-31,ITL,KRW,reference,0.43119999999999997
1984-12-31,JPY,KRW,reference,3.3057
1984-12-31,KWD,KRW,reference,2719.48
1984-12-31,MYR,KRW,reference,341.2
1984-12-31,NLG,KRW,reference,233.57
1984-12-31,NOK,KRW,reference,91.43
1984-12-31,SAR,KRW,reference,231.07
1984-12-31,SEK,KRW,reference,92.5
1984-12-31,SGD,KRW,reference,380.42
1984-12-31,USD,KRW,reference,827.4
