date,base,quote,type,value
2002-01-02,AED,KRW,reference,357.92
2002-01-02,ATS,KRW,reference,84.95
2002-01-02,AUD,KRW,reference,669.99
2002-01-02,BEF,KRW,reference,28.98
2002-01-02,BHD,KRW,reference,3486.82
2002-01-02,CAD,KRW,reference,825.49
2002-01-02,CHF,KRW,reference,790.45
2002-01-02,CNY,KRW,reference,158.83
2002-01-02,DKK,KRW,reference,157.22
2002-01-02,ESP,KRW,reference,7.0251
2002-01-02,EUR,KRW,reference,1168.88
2002-01-02,FIM,KRW,reference,196.59
2002-01-02,FRF,KRW,reference,178.19
2002-01-02,GBP,KRW,reference,1910.31
2002-01-02,HKD,KRW,reference,168.58
2002-01-02,IDR,KRW,reference,0.1264
2002-01-02,ITL,KRW,reference,0.6037
2002-01-02,JPY,KRW,reference,9.9738
2002-01-02,KWD,KRW,reference,4279.99
2002-01-02,MYR,KRW,reference,345.95
2002-01-02,NLG,KRW,reference,530.41
2002-01-02,NOK,KRW,reference,146.48
2002-01-02,NZD,KRW,reference,547.53
2002-01-02,SAR,KRW,reference,350.52
2002-01-02,SEK,KRW,reference,125.67
2002-01-02,SGD,KRW,reference,711.65
2002-01-02,THB,KRW,reference,29.72
2002-01-02,USD,KRW,reference,1314.6
2002-01-03,AED,KRW,reference,359.49
2002-01-03,ATS,KRW,reference,86.72
2002-01-03,AUD,KRW,reference,681.39
2002-01-03,BEF,KRW,reference,29.58
2002-01-03,BHD,KRW,reference,3501.92
2002-01-03,CAD,KRW,reference,826.41
2002-01-03,CHF,KRW,reference,803.16
2002-01-03,CNY,KRW,reference,159.53
2002-01-03,DKK,KRW,reference,160.31
2002-01-03,ESP,KRW,reference,7.171900000000001
2002-01-03,EUR,KRW,reference,1193.31
2002-01-03,FIM,KRW,reference,200.7
2002-01-03,FRF,KRW,reference,181.92
2002-01-03,GBP,KRW,reference,1909.69
2002-01-03,HKD,KRW,reference,169.32
2002-01-03,IDR,KRW,reference,0.12710000000000002
2002-01-03,ITL,KRW,reference,0.6163000000000001
2002-01-03,JPY,KRW,reference,9.9921
2002-01-03,KWD,KRW,reference,4301.68
2002-01-03,MYR,KRW,reference,347.47
2002-01-03,NLG,KRW,reference,541.5
2002-01-03,NOK,KRW,reference,148.55
2002-01-03,NZD,KRW,reference,557.67
2002-01-03,SAR,KRW,reference,352.08
2002-01-03,SEK,KRW,reference,128.61
2002-01-03,SGD,KRW,reference,712.96
2002-01-03,THB,KRW,reference,29.89
2002-01-03,USD,KRW,reference,1320.4
2002-01-04,AED,KRW,reference,358.62
2002-01-04,ATS,KRW,reference,86.09
2002-01-04,AUD,KRW,reference,680
2002-01-04,BEF,KRW,reference,29.36
2002-01-04,BHD,KRW,reference,3493.44
2002-01-04,CAD,KRW,reference,824.28
2002-01-04,CHF,KRW,reference,798.35
2002-01-04,CNY,KRW,reference,159.15
2002-01-04,DKK,KRW,reference,159.01
2002-01-04,ESP,KRW,reference,7.119299999999999
2002-01-04,EUR,KRW,reference,1184.56
2002-01-04,FIM,KRW,reference,199.23
2002-01-04,FRF,KRW,reference,180.59
2002-01-04,GBP,KRW,reference,1895.85
2002-01-04,HKD,KRW,reference,168.92
2002-01-04,IDR,KRW,reference,0.12710000000000002
2002-01-04,ITL,KRW,reference,0.6118
2002-01-04,JPY,KRW,reference,9.995800000000001
2002-01-04,KWD,KRW,reference,4291.25
2002-01-04,MYR,KRW,reference,346.63
2002-01-04,NLG,KRW,reference,537.53
2002-01-04,NOK,KRW,reference,148.06
2002-01-04,NZD,KRW,reference,560.01
2002-01-04,SAR,KRW,reference,351.23
2002-01-04,SEK,KRW,reference,128.21
2002-01-04,SGD,KRW,reference,712.46
2002-01-04,THB,KRW,reference,29.92
2002-01-04,USD,KRW,reference,1317.2
2002-01-07,AED,KRW,reference,356.03
2002-01-07,ATS,KRW,reference,85.11
2002-01-07,AUD,KRW,reference,680.33
2002-01-07,BEF,KRW,reference,29.03
2002-01-07,BHD,KRW,reference,3468.24
2002-01-07,CAD,KRW,reference,819.57
2002-01-07,CHF,KRW,reference,792.79
2002-01-07,CNY,KRW,reference,158
2002-01-07,DKK,KRW,reference,157.12
2002-01-07,ESP,KRW,reference,7.0385
2002-01-07,EUR,KRW,reference,1171.11
2002-01-07,FIM,KRW,reference,196.97
2002-01-07,FRF,KRW,reference,178.53
2002-01-07,GBP,KRW,reference,1892.44
2002-01-07,HKD,KRW,reference,167.69
2002-01-07,IDR,KRW,reference,0.1257
2002-01-07,ITL,KRW,reference,0.6048
2002-01-07,JPY,KRW,reference,10.0015
2002-01-07,KWD,KRW,reference,4260.3
2002-01-07,MYR,KRW,reference,344.13
2002-01-07,NLG,KRW,reference,531.43
2002-01-07,NOK,KRW,reference,146.66
2002-01-07,NZD,KRW,reference,561.53
2002-01-07,SAR,KRW,reference,348.69
2002-01-07,SEK,KRW,reference,126.73
2002-01-07,SGD,KRW,reference,709.36
2002-01-07,THB,KRW,reference,29.78
2002-01-07,USD,KRW,reference,1307.7
2002-01-08,AED,KRW,reference,354.72
2002-01-08,ATS,KRW,reference,84.57
2002-01-08,AUD,KRW,reference,676.53
2002-01-08,BEF,KRW,reference,28.85
2002-01-08,BHD,KRW,reference,3455.51
2002-01-08,CAD,KRW,reference,814.52
2002-01-08,CHF,KRW,reference,790.07
2002-01-08,CNY,KRW,reference,157.42
2002-01-08,DKK,KRW,reference,156.53
2002-01-08,ESP,KRW,reference,6.9939
2002-01-08,EUR,KRW,reference,1163.69
2002-01-08,FIM,KRW,reference,195.72
2002-01-08,FRF,KRW,reference,177.4
2002-01-08,GBP,KRW,reference,1876.89
2002-01-08,HKD,KRW,reference,167.06
2002-01-08,IDR,KRW,reference,0.1257
2002-01-08,ITL,KRW,reference,0.601
2002-01-08,JPY,KRW,reference,9.9325
2002-01-08,KWD,KRW,reference,4243.28
2002-01-08,MYR,KRW,reference,342.87
2002-01-08,NLG,KRW,reference,528.06
2002-01-08,NOK,KRW,reference,146.14
2002-01-08,NZD,KRW,reference,556.66
2002-01-08,SAR,KRW,reference,347.41
2002-01-08,SEK,KRW,reference,126.13
2002-01-08,SGD,KRW,reference,706.47
2002-01-08,THB,KRW,reference,29.7
2002-01-08,USD,KRW,reference,1302.9
2002-01-09,AED,KRW,reference,356.52
2002-01-09,ATS,KRW,reference,85.16
2002-01-09,AUD,KRW,reference,686.11
2002-01-09,BEF,KRW,reference,29.05
2002-01-09,BHD,KRW,reference,3473.01
2002-01-09,CAD,KRW,reference,820.44
2002-01-09,CHF,KRW,reference,791.86
2002-01-09,CNY,KRW,reference,158.22
2002-01-09,DKK,KRW,reference,157.21
2002-01-09,ESP,KRW,reference,7.0427
2002-01-09,EUR,KRW,reference,1171.81
2002-01-09,FIM,KRW,reference,197.08
2002-01-09,FRF,KRW,reference,178.64
2002-01-09,GBP,KRW,reference,1886.07
2002-01-09,HKD,KRW,reference,167.91
2002-01-09,IDR,KRW,reference,0.1257
2002-01-09,ITL,KRW,reference,0.6052000000000001
2002-01-09,JPY,KRW,reference,9.8496
2002-01-09,KWD,KRW,reference,4260.89
2002-01-09,MYR,KRW,reference,344.61
2002-01-09,NLG,KRW,reference,531.74
2002-01-09,NOK,KRW,reference,146.7
2002-01-09,NZD,KRW,reference,563.28
2002-01-09,SAR,KRW,reference,349.17
2002-01-09,SEK,KRW,reference,126.08
2002-01-09,SGD,KRW,reference,708.41
2002-01-09,THB,KRW,reference,29.74
2002-01-09,USD,KRW,reference,1309.5
2002-01-10,AED,KRW,reference,357.83
2002-01-10,ATS,KRW,reference,85.18
2002-01-10,AUD,KRW,reference,688.5
2002-01-10,BEF,KRW,reference,29.06
2002-01-10,BHD,KRW,reference,3485.74
2002-01-10,CAD,KRW,reference,823.34
2002-01-10,CHF,KRW,reference,793.32
2002-01-10,CNY,KRW,reference,158.8
2002-01-10,DKK,KRW,reference,157.49
2002-01-10,ESP,KRW,reference,7.0448
2002-01-10,EUR,KRW,reference,1172.16
2002-01-10,FIM,KRW,reference,197.14
2002-01-10,FRF,KRW,reference,178.69
2002-01-10,GBP,KRW,reference,1890.75
2002-01-10,HKD,KRW,reference,168.53
2002-01-10,IDR,KRW,reference,0.1263
2002-01-10,ITL,KRW,reference,0.6053999999999999
2002-01-10,JPY,KRW,reference,9.8786
2002-01-10,KWD,KRW,reference,4274.84
2002-01-10,MYR,KRW,reference,345.87
2002-01-10,NLG,KRW,reference,531.9
2002-01-10,NOK,KRW,reference,147.29
2002-01-10,NZD,KRW,reference,563.11
2002-01-10,SAR,KRW,reference,350.45
2002-01-10,SEK,KRW,reference,126.63
2002-01-10,SGD,KRW,reference,710.89
2002-01-10,THB,KRW,reference,29.85
2002-01-10,USD,KRW,reference,1314.3
2002-01-11,AED,KRW,reference,357.8
2002-01-11,ATS,KRW,reference,85.17
2002-01-11,AUD,KRW,reference,687.92
2002-01-11,BEF,KRW,reference,29.05
2002-01-11,BHD,KRW,reference,3485.48
2002-01-11,CAD,KRW,reference,822.15
2002-01-11,CHF,KRW,reference,791.31
2002-01-11,CNY,KRW,reference,158.79
2002-01-11,DKK,KRW,reference,157.62
2002-01-11,ESP,KRW,reference,7.0439
2002-01-11,EUR,KRW,reference,1172
2002-01-11,FIM,KRW,reference,197.12
2002-01-11,FRF,KRW,reference,178.67
2002-01-11,GBP,KRW,reference,1891.59
2002-01-11,HKD,KRW,reference,168.52
2002-01-11,IDR,KRW,reference,0.1261
2002-01-11,ITL,KRW,reference,0.6053000000000001
2002-01-11,JPY,KRW,reference,9.9459
2002-01-11,KWD,KRW,reference,4276.88
2002-01-11,MYR,KRW,reference,345.84
2002-01-11,NLG,KRW,reference,531.83
2002-01-11,NOK,KRW,reference,147.09
2002-01-11,NZD,KRW,reference,560.05
2002-01-11,SAR,KRW,reference,350.43
2002-01-11,SEK,KRW,reference,127.79
2002-01-11,SGD,KRW,reference,712.69
2002-01-11,THB,KRW,reference,29.82
2002-01-11,USD,KRW,reference,1314.2
2002-01-14,AED,KRW,reference,357.04
2002-01-14,ATS,KRW,reference,85.23
2002-01-14,AUD,KRW,reference,680.16
2002-01-14,BEF,KRW,reference,29.07
2002-01-14,BHD,KRW,reference,3478.05
2002-01-14,CAD,KRW,reference,821.32
2002-01-14,CHF,KRW,reference,793.18
2002-01-14,CNY,KRW,reference,158.44
2002-01-14,DKK,KRW,reference,157.45
2002-01-14,ESP,KRW,reference,7.0489999999999995
2002-01-14,EUR,KRW,reference,1172.85
2002-01-14,FIM,KRW,reference,197.26
2002-01-14,FRF,KRW,reference,178.8
2002-01-14,GBP,KRW,reference,1900.74
2002-01-14,HKD,KRW,reference,168.16
2002-01-14,IDR,KRW,reference,0.1258
2002-01-14,ITL,KRW,reference,0.6057
2002-01-14,JPY,KRW,reference,9.9367
2002-01-14,KWD,KRW,reference,4270.69
2002-01-14,MYR,KRW,reference,345.11
2002-01-14,NLG,KRW,reference,532.22
2002-01-14,NOK,KRW,reference,147.24
2002-01-14,NZD,KRW,reference,554.72
2002-01-14,SAR,KRW,reference,349.68
2002-01-14,SEK,KRW,reference,127.7
2002-01-14,SGD,KRW,reference,712.06
2002-01-14,THB,KRW,reference,29.85
2002-01-14,USD,KRW,reference,1311.4
2002-01-15,AED,KRW,reference,357.09
2002-01-15,ATS,KRW,reference,85.22
2002-01-15,AUD,KRW,reference,679.34
2002-01-15,BEF,KRW,reference,29.07
2002-01-15,BHD,KRW,reference,3478.58
2002-01-15,CAD,KRW,reference,822.37
2002-01-15,CHF,KRW,reference,792.03
2002-01-15,CNY,KRW,reference,158.47
2002-01-15,DKK,KRW,reference,157.81
2002-01-15,ESP,KRW,reference,7.0477
2002-01-15,EUR,KRW,reference,1172.64
2002-01-15,FIM,KRW,reference,197.22
2002-01-15,FRF,KRW,reference,178.77
2002-01-15,GBP,KRW,reference,1901.36
2002-01-15,HKD,KRW,reference,168.18
2002-01-15,IDR,KRW,reference,0.1261
2002-01-15,ITL,KRW,reference,0.6056
2002-01-15,JPY,KRW,reference,9.9635
2002-01-15,KWD,KRW,reference,4270.92
2002-01-15,MYR,KRW,reference,345.16
2002-01-15,NLG,KRW,reference,532.12
2002-01-15,NOK,KRW,reference,147.45
2002-01-15,NZD,KRW,reference,553.95
2002-01-15,SAR,KRW,reference,349.73
2002-01-15,SEK,KRW,reference,126.83
2002-01-15,SGD,KRW,reference,714.96
2002-01-15,THB,KRW,reference,29.89
2002-01-15,USD,KRW,reference,1311.6
2002-01-16,AED,KRW,reference,358.45
2002-01-16,ATS,KRW,reference,84.61
2002-01-16,AUD,KRW,reference,681.54
2002-01-16,BEF,KRW,reference,28.86
2002-01-16,BHD,KRW,reference,3491.84
2002-01-16,CAD,KRW,reference,828.42
2002-01-16,CHF,KRW,reference,791.56
2002-01-16,CNY,KRW,reference,159.07
2002-01-16,DKK,KRW,reference,156.32
2002-01-16,ESP,KRW,reference,6.997000000000001
2002-01-16,EUR,KRW,reference,1164.2
2002-01-16,FIM,KRW,reference,195.8
2002-01-16,FRF,KRW,reference,177.48
2002-01-16,GBP,KRW,reference,1897.42
2002-01-16,HKD,KRW,reference,168.82
2002-01-16,IDR,KRW,reference,0.1268
2002-01-16,ITL,KRW,reference,0.6013000000000001
2002-01-16,JPY,KRW,reference,10.0351
2002-01-16,KWD,KRW,reference,4287.2
2002-01-16,MYR,KRW,reference,346.47
2002-01-16,NLG,KRW,reference,528.29
2002-01-16,NOK,KRW,reference,146.9
2002-01-16,NZD,KRW,reference,556.07
2002-01-16,SAR,KRW,reference,351.07
2002-01-16,SEK,KRW,reference,126.23
2002-01-16,SGD,KRW,reference,720.75
2002-01-16,THB,KRW,reference,30.06
2002-01-16,USD,KRW,reference,1316.6
2002-01-17,AED,KRW,reference,358.78
2002-01-17,ATS,KRW,reference,84.68
2002-01-17,AUD,KRW,reference,679.13
2002-01-17,BEF,KRW,reference,28.89
2002-01-17,BHD,KRW,reference,3495.03
2002-01-17,CAD,KRW,reference,824.24
2002-01-17,CHF,KRW,reference,794.45
2002-01-17,CNY,KRW,reference,159.22
2002-01-17,DKK,KRW,reference,156.52
2002-01-17,ESP,KRW,reference,7.0034
2002-01-17,EUR,KRW,reference,1165.26
2002-01-17,FIM,KRW,reference,195.98
2002-01-17,FRF,KRW,reference,177.64
2002-01-17,GBP,KRW,reference,1894.34
2002-01-17,HKD,KRW,reference,168.97
2002-01-17,IDR,KRW,reference,0.127
2002-01-17,ITL,KRW,reference,0.6018
2002-01-17,JPY,KRW,reference,9.9686
2002-01-17,KWD,KRW,reference,4285.81
2002-01-17,MYR,KRW,reference,346.79
2002-01-17,NLG,KRW,reference,528.77
2002-01-17,NOK,KRW,reference,147.11
2002-01-17,NZD,KRW,reference,554.33
2002-01-17,SAR,KRW,reference,351.39
2002-01-17,SEK,KRW,reference,125.69
2002-01-17,SGD,KRW,reference,719.52
2002-01-17,THB,KRW,reference,30.05
2002-01-17,USD,KRW,reference,1317.8
2002-01-18,AED,KRW,reference,359.35
2002-01-18,ATS,KRW,reference,84.54
2002-01-18,AUD,KRW,reference,678.89
2002-01-18,BEF,KRW,reference,28.84
2002-01-18,BHD,KRW,reference,3500.6
2002-01-18,CAD,KRW,reference,819.25
2002-01-18,CHF,KRW,reference,792.4
2002-01-18,CNY,KRW,reference,159.47
2002-01-18,DKK,KRW,reference,156.48
2002-01-18,ESP,KRW,reference,6.991499999999999
2002-01-18,EUR,KRW,reference,1163.29
2002-01-18,FIM,KRW,reference,195.65
2002-01-18,FRF,KRW,reference,177.34
2002-01-18,GBP,KRW,reference,1895.18
2002-01-18,HKD,KRW,reference,169.25
2002-01-18,IDR,KRW,reference,0.12710000000000002
2002-01-18,ITL,KRW,reference,0.6008
2002-01-18,JPY,KRW,reference,9.963799999999999
2002-01-18,KWD,KRW,reference,4292.64
2002-01-18,MYR,KRW,reference,347.34
2002-01-18,NLG,KRW,reference,527.88
2002-01-18,NOK,KRW,reference,147.37
2002-01-18,NZD,KRW,reference,557.06
2002-01-18,SAR,KRW,reference,351.95
2002-01-18,SEK,KRW,reference,125.85
2002-01-18,SGD,KRW,reference,719.59
2002-01-18,THB,KRW,reference,30.09
2002-01-18,USD,KRW,reference,1319.9
2002-01-21,AED,KRW,reference,359.38
2002-01-21,ATS,KRW,reference,84.86
2002-01-21,AUD,KRW,reference,679.21
2002-01-21,BEF,KRW,reference,28.95
2002-01-21,BHD,KRW,reference,3500.86
2002-01-21,CAD,KRW,reference,817.49
2002-01-21,CHF,KRW,reference,794.75
2002-01-21,CNY,KRW,reference,159.48
2002-01-21,DKK,KRW,reference,157.1
2002-01-21,ESP,KRW,reference,7.0183
2002-01-21,EUR,KRW,reference,1167.74
2002-01-21,FIM,KRW,reference,196.4
2002-01-21,FRF,KRW,reference,178.02
2002-01-21,GBP,KRW,reference,1896.84
2002-01-21,HKD,KRW,reference,169.26
2002-01-21,IDR,KRW,reference,0.127
2002-01-21,ITL,KRW,reference,0.6031
2002-01-21,JPY,KRW,reference,9.9548
2002-01-21,KWD,KRW,reference,4293.94
2002-01-21,MYR,KRW,reference,347.37
2002-01-21,NLG,KRW,reference,529.9
2002-01-21,NOK,KRW,reference,147.5
2002-01-21,NZD,KRW,reference,558.82
2002-01-21,SAR,KRW,reference,351.97
2002-01-21,SEK,KRW,reference,126.3
2002-01-21,SGD,KRW,reference,719.54
2002-01-21,THB,KRW,reference,30.03
2002-01-21,USD,KRW,reference,1320
2002-01-22,AED,KRW,reference,359.6
2002-01-22,ATS,KRW,reference,84.78
2002-01-22,AUD,KRW,reference,684.11
2002-01-22,BEF,KRW,reference,28.92
2002-01-22,BHD,KRW,reference,3502.98
2002-01-22,CAD,KRW,reference,819.51
2002-01-22,CHF,KRW,reference,794.8
2002-01-22,CNY,KRW,reference,159.58
2002-01-22,DKK,KRW,reference,157.1
2002-01-22,ESP,KRW,reference,7.0114
2002-01-22,EUR,KRW,reference,1166.6
2002-01-22,FIM,KRW,reference,196.21
2002-01-22,FRF,KRW,reference,177.85
2002-01-22,GBP,KRW,reference,1895.88
2002-01-22,HKD,KRW,reference,169.36
2002-01-22,IDR,KRW,reference,0.12710000000000002
2002-01-22,ITL,KRW,reference,0.6025
2002-01-22,JPY,KRW,reference,9.9327
2002-01-22,KWD,KRW,reference,4294.31
2002-01-22,MYR,KRW,reference,347.58
2002-01-22,NLG,KRW,reference,529.38
2002-01-22,NOK,KRW,reference,147.62
2002-01-22,NZD,KRW,reference,568.14
2002-01-22,SAR,KRW,reference,352.19
2002-01-22,SEK,KRW,reference,126.54
2002-01-22,SGD,KRW,reference,720.23
2002-01-22,THB,KRW,reference,30.05
2002-01-22,USD,KRW,reference,1320.8
2002-01-23,AED,KRW,reference,361.18
2002-01-23,ATS,KRW,reference,85.6
2002-01-23,AUD,KRW,reference,690.03
2002-01-23,BEF,KRW,reference,29.2
2002-01-23,BHD,KRW,reference,3518.37
2002-01-23,CAD,KRW,reference,824.59
2002-01-23,CHF,KRW,reference,799.06
2002-01-23,CNY,KRW,reference,160.28
2002-01-23,DKK,KRW,reference,158.22
2002-01-23,ESP,KRW,reference,7.0788
2002-01-23,EUR,KRW,reference,1177.82
2002-01-23,FIM,KRW,reference,198.1
2002-01-23,FRF,KRW,reference,179.56
2002-01-23,GBP,KRW,reference,1896.37
2002-01-23,HKD,KRW,reference,170.1
2002-01-23,IDR,KRW,reference,0.1277
2002-01-23,ITL,KRW,reference,0.6083
2002-01-23,JPY,KRW,reference,9.9159
2002-01-23,KWD,KRW,reference,4312.6
2002-01-23,MYR,KRW,reference,349.11
2002-01-23,NLG,KRW,reference,534.47
2002-01-23,NOK,KRW,reference,148.5
2002-01-23,NZD,KRW,reference,569.58
2002-01-23,SAR,KRW,reference,353.73
2002-01-23,SEK,KRW,reference,126.71
2002-01-23,SGD,KRW,reference,720.9
2002-01-23,THB,KRW,reference,30.05
2002-01-23,USD,KRW,reference,1326.6
2002-01-24,AED,KRW,reference,362.73
2002-01-24,ATS,KRW,reference,85.02
2002-01-24,AUD,KRW,reference,690.73
2002-01-24,BEF,KRW,reference,29
2002-01-24,BHD,KRW,reference,3533.48
2002-01-24,CAD,KRW,reference,831.78
2002-01-24,CHF,KRW,reference,798.07
2002-01-24,CNY,KRW,reference,160.97
2002-01-24,DKK,KRW,reference,157.47
2002-01-24,ESP,KRW,reference,7.0316
2002-01-24,EUR,KRW,reference,1169.96
2002-01-24,FIM,KRW,reference,196.77
2002-01-24,FRF,KRW,reference,178.36
2002-01-24,GBP,KRW,reference,1898.06
2002-01-24,HKD,KRW,reference,170.83
2002-01-24,IDR,KRW,reference,0.1282
2002-01-24,ITL,KRW,reference,0.6042000000000001
2002-01-24,JPY,KRW,reference,9.906699999999999
2002-01-24,KWD,KRW,reference,4324.81
2002-01-24,MYR,KRW,reference,350.61
2002-01-24,NLG,KRW,reference,530.9
2002-01-24,NOK,KRW,reference,148.26
2002-01-24,NZD,KRW,reference,568.43
2002-01-24,SAR,KRW,reference,355.25
2002-01-24,SEK,KRW,reference,126.58
2002-01-24,SGD,KRW,reference,723.88
2002-01-24,THB,KRW,reference,30.18
2002-01-24,USD,KRW,reference,1332.3
2002-01-25,AED,KRW,reference,362.62
2002-01-25,ATS,KRW,reference,84.94
2002-01-25,AUD,KRW,reference,692.65
2002-01-25,BEF,KRW,reference,28.97
2002-01-25,BHD,KRW,reference,3532.42
2002-01-25,CAD,KRW,reference,830.83
2002-01-25,CHF,KRW,reference,795.76
2002-01-25,CNY,KRW,reference,160.92
2002-01-25,DKK,KRW,reference,157.23
2002-01-25,ESP,KRW,reference,7.0247
2002-01-25,EUR,KRW,reference,1168.81
2002-01-25,FIM,KRW,reference,196.58
2002-01-25,FRF,KRW,reference,178.18
2002-01-25,GBP,KRW,reference,1897.89
2002-01-25,HKD,KRW,reference,170.77
2002-01-25,IDR,KRW,reference,0.1283
2002-01-25,ITL,KRW,reference,0.6036
2002-01-25,JPY,KRW,reference,9.8758
2002-01-25,KWD,KRW,reference,4323.79
2002-01-25,MYR,KRW,reference,350.5
2002-01-25,NLG,KRW,reference,530.38
2002-01-25,NOK,KRW,reference,148.23
2002-01-25,NZD,KRW,reference,569.19
2002-01-25,SAR,KRW,reference,355.14
2002-01-25,SEK,KRW,reference,126.39
2002-01-25,SGD,KRW,reference,724.06
2002-01-25,THB,KRW,reference,30.17
2002-01-25,USD,KRW,reference,1331.9
2002-01-28,AED,KRW,reference,361.72
2002-01-28,ATS,KRW,reference,83.48
2002-01-28,AUD,KRW,reference,686.42
2002-01-28,BEF,KRW,reference,28.48
2002-01-28,BHD,KRW,reference,3523.67
2002-01-28,CAD,KRW,reference,824.81
2002-01-28,CHF,KRW,reference,779.49
2002-01-28,CNY,KRW,reference,160.53
2002-01-28,DKK,KRW,reference,154.59
2002-01-28,ESP,KRW,reference,6.9041999999999994
2002-01-28,EUR,KRW,reference,1148.77
2002-01-28,FIM,KRW,reference,193.21
2002-01-28,FRF,KRW,reference,175.13
2002-01-28,GBP,KRW,reference,1872.4
2002-01-28,HKD,KRW,reference,170.35
2002-01-28,IDR,KRW,reference,0.1274
2002-01-28,ITL,KRW,reference,0.5932999999999999
2002-01-28,JPY,KRW,reference,9.8521
2002-01-28,KWD,KRW,reference,4310.56
2002-01-28,MYR,KRW,reference,349.63
2002-01-28,NLG,KRW,reference,521.29
2002-01-28,NOK,KRW,reference,146.48
2002-01-28,NZD,KRW,reference,564.12
2002-01-28,SAR,KRW,reference,354.26
2002-01-28,SEK,KRW,reference,124.55
2002-01-28,SGD,KRW,reference,724.7
2002-01-28,THB,KRW,reference,30.16
2002-01-28,USD,KRW,reference,1328.6
2002-01-29,AED,KRW,reference,360.01
2002-01-29,ATS,KRW,reference,82.73
2002-01-29,AUD,KRW,reference,680.65
2002-01-29,BEF,KRW,reference,28.22
2002-01-29,BHD,KRW,reference,3506.96
2002-01-29,CAD,KRW,reference,826.64
2002-01-29,CHF,KRW,reference,774.41
2002-01-29,CNY,KRW,reference,159.76
2002-01-29,DKK,KRW,reference,153.34
2002-01-29,ESP,KRW,reference,6.8421
2002-01-29,EUR,KRW,reference,1138.43
2002-01-29,FIM,KRW,reference,191.47
2002-01-29,FRF,KRW,reference,173.55
2002-01-29,GBP,KRW,reference,1863.72
2002-01-29,HKD,KRW,reference,169.54
2002-01-29,IDR,KRW,reference,0.1275
2002-01-29,ITL,KRW,reference,0.588
2002-01-29,JPY,KRW,reference,9.9008
2002-01-29,KWD,KRW,reference,4290.26
2002-01-29,MYR,KRW,reference,347.97
2002-01-29,NOK,KRW,reference,145.44
2002-01-29,NZD,KRW,reference,558.34
2002-01-29,SAR,KRW,reference,352.59
2002-01-29,SEK,KRW,reference,123.36
2002-01-29,SGD,KRW,reference,721.19
2002-01-29,THB,KRW,reference,30.02
2002-01-29,USD,KRW,reference,1322.3
2002-01-30,AED,KRW,reference,357.91
2002-01-30,ATS,KRW,reference,82.63
2002-01-30,AUD,KRW,reference,669.07
2002-01-30,BEF,KRW,reference,28.19
2002-01-30,BHD,KRW,reference,3486.54
2002-01-30,CAD,KRW,reference,824.36
2002-01-30,CHF,KRW,reference,773.52
2002-01-30,CNY,KRW,reference,158.83
2002-01-30,DKK,KRW,reference,153.05
2002-01-30,ESP,KRW,reference,6.8339
2002-01-30,EUR,KRW,reference,1137.06
2002-01-30,FIM,KRW,reference,191.24
2002-01-30,FRF,KRW,reference,173.34
2002-01-30,GBP,KRW,reference,1858.58
2002-01-30,HKD,KRW,reference,168.55
2002-01-30,IDR,KRW,reference,0.1278
2002-01-30,ITL,KRW,reference,0.5871999999999999
2002-01-30,JPY,KRW,reference,9.8535
2002-01-30,KWD,KRW,reference,4266.38
2002-01-30,MYR,KRW,reference,345.95
2002-01-30,NOK,KRW,reference,145.08
2002-01-30,NZD,KRW,reference,551.41
2002-01-30,SAR,KRW,reference,350.53
2002-01-30,SEK,KRW,reference,123.15
2002-01-30,SGD,KRW,reference,716.79
2002-01-30,THB,KRW,reference,29.85
2002-01-30,USD,KRW,reference,1314.6
2002-01-31,AED,KRW,reference,357.96
2002-01-31,ATS,KRW,reference,82.36
2002-01-31,AUD,KRW,reference,666.54
2002-01-31,BEF,KRW,reference,28.09
2002-01-31,BHD,KRW,reference,3487.07
2002-01-31,CAD,KRW,reference,828.22
2002-01-31,CHF,KRW,reference,769.52
2002-01-31,CNY,KRW,reference,158.86
2002-01-31,DKK,KRW,reference,152.54
2002-01-31,ESP,KRW,reference,6.8112
2002-01-31,EUR,KRW,reference,1133.29
2002-01-31,FIM,KRW,reference,190.61
2002-01-31,FRF,KRW,reference,172.77
2002-01-31,GBP,KRW,reference,1860.31
2002-01-31,HKD,KRW,reference,168.57
2002-01-31,IDR,KRW,reference,0.1275
2002-01-31,ITL,KRW,reference,0.5853
2002-01-31,JPY,KRW,reference,9.8965
2002-01-31,KWD,KRW,reference,4267.86
2002-01-31,MYR,KRW,reference,346
2002-01-31,NOK,KRW,reference,144.72
2002-01-31,NZD,KRW,reference,547.02
2002-01-31,SAR,KRW,reference,350.59
2002-01-31,SEK,KRW,reference,123.09
2002-01-31,SGD,KRW,reference,716.65
2002-01-31,THB,KRW,reference,29.93
2002-01-31,USD,KRW,reference,1314.8
2002-02-01,AED,KRW,reference,356.25
2002-02-01,ATS,KRW,reference,81.65
2002-02-01,AUD,KRW,reference,664.52
2002-02-01,BEF,KRW,reference,27.85
2002-02-01,BHD,KRW,reference,3470.36
2002-02-01,CAD,KRW,reference,825.86
2002-02-01,CHF,KRW,reference,760.53
2002-02-01,CNY,KRW,reference,158.1
2002-02-01,DKK,KRW,reference,151.45
2002-02-01,ESP,KRW,reference,6.7526
2002-02-01,EUR,KRW,reference,1123.54
2002-02-01,FIM,KRW,reference,188.97
2002-02-01,FRF,KRW,reference,171.28
2002-02-01,GBP,KRW,reference,1844.72
2002-02-01,HKD,KRW,reference,167.77
2002-02-01,IDR,KRW,reference,0.127
2002-02-01,ITL,KRW,reference,0.5803
2002-02-01,JPY,KRW,reference,9.704500000000001
2002-02-01,KWD,KRW,reference,4245.21
2002-02-01,MYR,KRW,reference,344.34
2002-02-01,NOK,KRW,reference,143.45
2002-02-01,NZD,KRW,reference,545.45
2002-02-01,SAR,KRW,reference,348.92
2002-02-01,SEK,KRW,reference,122.79
2002-02-01,SGD,KRW,reference,713.33
2002-02-01,THB,KRW,reference,29.74
2002-02-01,USD,KRW,reference,1308.5
2002-02-04,AED,KRW,reference,359.27
2002-02-04,ATS,KRW,reference,82.65
2002-02-04,AUD,KRW,reference,672.4
2002-02-04,BEF,KRW,reference,28.19
2002-02-04,BHD,KRW,reference,3499.8
2002-02-04,CAD,KRW,reference,830.46
2002-02-04,CHF,KRW,reference,770.03
2002-02-04,CNY,KRW,reference,159.44
2002-02-04,DKK,KRW,reference,153.25
2002-02-04,ESP,KRW,reference,6.8353
2002-02-04,EUR,KRW,reference,1137.3
2002-02-04,FIM,KRW,reference,191.28
2002-02-04,FRF,KRW,reference,173.38
2002-02-04,GBP,KRW,reference,1868.49
2002-02-04,HKD,KRW,reference,169.19
2002-02-04,IDR,KRW,reference,0.12789999999999999
2002-02-04,ITL,KRW,reference,0.5874
2002-02-04,JPY,KRW,reference,9.9244
2002-02-04,KWD,KRW,reference,4286.78
2002-02-04,MYR,KRW,reference,347.26
2002-02-04,NOK,KRW,reference,145.2
2002-02-04,NZD,KRW,reference,551.39
2002-02-04,SAR,KRW,reference,351.91
2002-02-04,SEK,KRW,reference,123.71
2002-02-04,SGD,KRW,reference,718.6
2002-02-04,THB,KRW,reference,29.97
2002-02-04,USD,KRW,reference,1319.6
2002-02-05,AED,KRW,reference,357.58
2002-02-05,ATS,KRW,reference,83.02
2002-02-05,AUD,KRW,reference,670.82
2002-02-05,BEF,KRW,reference,28.32
2002-02-05,BHD,KRW,reference,3483.36
2002-02-05,CAD,KRW,reference,822.16
2002-02-05,CHF,KRW,reference,773.32
2002-02-05,CNY,KRW,reference,158.69
2002-02-05,DKK,KRW,reference,154
2002-02-05,ESP,KRW,reference,6.8660000000000005
2002-02-05,EUR,KRW,reference,1142.4
2002-02-05,FIM,KRW,reference,192.14
2002-02-05,FRF,KRW,reference,174.16
2002-02-05,GBP,KRW,reference,1868.57
2002-02-05,HKD,KRW,reference,168.39
2002-02-05,IDR,KRW,reference,0.1274
2002-02-05,ITL,KRW,reference,0.59
2002-02-05,JPY,KRW,reference,9.9462
2002-02-05,KWD,KRW,reference,4264.63
2002-02-05,MYR,KRW,reference,345.63
2002-02-05,NOK,KRW,reference,145.57
2002-02-05,NZD,KRW,reference,548.15
2002-02-05,SAR,KRW,reference,350.26
2002-02-05,SEK,KRW,reference,123.66
2002-02-05,SGD,KRW,reference,716.94
2002-02-05,THB,KRW,reference,29.86
2002-02-05,USD,KRW,reference,1313.4
2002-02-06,AED,KRW,reference,357.94
2002-02-06,ATS,KRW,reference,82.91
2002-02-06,AUD,KRW,reference,670.04
2002-02-06,BEF,KRW,reference,28.28
2002-02-06,BHD,KRW,reference,3486.81
2002-02-06,CAD,KRW,reference,823.08
2002-02-06,CHF,KRW,reference,774.26
2002-02-06,CNY,KRW,reference,158.85
2002-02-06,DKK,KRW,reference,153.56
2002-02-06,ESP,KRW,reference,6.8569
2002-02-06,EUR,KRW,reference,1140.9
2002-02-06,FIM,KRW,reference,191.89
2002-02-06,FRF,KRW,reference,173.93
2002-02-06,GBP,KRW,reference,1860.96
2002-02-06,HKD,KRW,reference,168.56
2002-02-06,IDR,KRW,reference,0.1276
2002-02-06,ITL,KRW,reference,0.5892000000000001
2002-02-06,JPY,KRW,reference,9.8207
2002-02-06,KWD,KRW,reference,4268.78
2002-02-06,MYR,KRW,reference,345.97
2002-02-06,NOK,KRW,reference,145.17
2002-02-06,NZD,KRW,reference,547.38
2002-02-06,SAR,KRW,reference,350.61
2002-02-06,SEK,KRW,reference,123.57
2002-02-06,SGD,KRW,reference,716.52
2002-02-06,THB,KRW,reference,29.9
2002-02-06,USD,KRW,reference,1314.7
2002-02-07,AED,KRW,reference,358.78
2002-02-07,ATS,KRW,reference,83.1
2002-02-07,AUD,KRW,reference,670.56
2002-02-07,BEF,KRW,reference,28.35
2002-02-07,BHD,KRW,reference,3495.03
2002-02-07,CAD,KRW,reference,821.01
2002-02-07,CHF,KRW,reference,776.94
2002-02-07,CNY,KRW,reference,159.22
2002-02-07,DKK,KRW,reference,153.96
2002-02-07,ESP,KRW,reference,6.8723
2002-02-07,EUR,KRW,reference,1143.46
2002-02-07,FIM,KRW,reference,192.32
2002-02-07,FRF,KRW,reference,174.32
2002-02-07,GBP,KRW,reference,1861.46
2002-02-07,HKD,KRW,reference,168.96
2002-02-07,IDR,KRW,reference,0.1278
2002-02-07,ITL,KRW,reference,0.5905
2002-02-07,JPY,KRW,reference,9.859
2002-02-07,KWD,KRW,reference,4280.24
2002-02-07,MYR,KRW,reference,346.79
2002-02-07,NOK,KRW,reference,146.22
2002-02-07,NZD,KRW,reference,549.32
2002-02-07,SAR,KRW,reference,351.43
2002-02-07,SEK,KRW,reference,124.13
2002-02-07,SGD,KRW,reference,719.32
2002-02-07,THB,KRW,reference,29.99
2002-02-07,USD,KRW,reference,1317.8
2002-02-08,AED,KRW,reference,359.03
2002-02-08,ATS,KRW,reference,83.42
2002-02-08,AUD,KRW,reference,672.47
2002-02-08,BEF,KRW,reference,28.45
2002-02-08,BHD,KRW,reference,3497.41
2002-02-08,CAD,KRW,reference,824.42
2002-02-08,CHF,KRW,reference,779.65
2002-02-08,CNY,KRW,reference,159.33
2002-02-08,DKK,KRW,reference,154.68
2002-02-08,ESP,KRW,reference,6.8988
2002-02-08,EUR,KRW,reference,1147.86
2002-02-08,FIM,KRW,reference,193.06
2002-02-08,FRF,KRW,reference,174.99
2002-02-08,GBP,KRW,reference,1865.17
2002-02-08,HKD,KRW,reference,169.08
2002-02-08,IDR,KRW,reference,0.1285
2002-02-08,ITL,KRW,reference,0.5928
2002-02-08,JPY,KRW,reference,9.8444
2002-02-08,KWD,KRW,reference,4283.16
2002-02-08,MYR,KRW,reference,347.03
2002-02-08,NOK,KRW,reference,146.89
2002-02-08,NZD,KRW,reference,549.7
2002-02-08,SAR,KRW,reference,351.67
2002-02-08,SEK,KRW,reference,124.27
2002-02-08,SGD,KRW,reference,720.5
2002-02-08,THB,KRW,reference,30.09
2002-02-08,USD,KRW,reference,1318.7
2002-02-14,AED,KRW,reference,359.05
2002-02-14,ATS,KRW,reference,83.53
2002-02-14,AUD,KRW,reference,672.26
2002-02-14,BEF,KRW,reference,28.49
2002-02-14,BHD,KRW,reference,3497.68
2002-02-14,CAD,KRW,reference,829.17
2002-02-14,CHF,KRW,reference,775.83
2002-02-14,CNY,KRW,reference,159.34
2002-02-14,DKK,KRW,reference,154.57
2002-02-14,ESP,KRW,reference,6.9075999999999995
2002-02-14,EUR,KRW,reference,1149.33
2002-02-14,FIM,KRW,reference,193.3
2002-02-14,FRF,KRW,reference,175.21
2002-02-14,GBP,KRW,reference,1883.97
2002-02-14,HKD,KRW,reference,169.09
2002-02-14,IDR,KRW,reference,0.1295
2002-02-14,ITL,KRW,reference,0.5936
2002-02-14,JPY,KRW,reference,9.905
2002-02-14,KWD,KRW,reference,4286.55
2002-02-14,MYR,KRW,reference,347.05
2002-02-14,NOK,KRW,reference,146.99
2002-02-14,NZD,KRW,reference,551.39
2002-02-14,SAR,KRW,reference,351.7
2002-02-14,SEK,KRW,reference,124.46
2002-02-14,SGD,KRW,reference,720.46
2002-02-14,THB,KRW,reference,30.13
2002-02-14,USD,KRW,reference,1318.8
2002-02-15,AED,KRW,reference,358.29
2002-02-15,ATS,KRW,reference,83.58
2002-02-15,AUD,KRW,reference,678.86
2002-02-15,BEF,KRW,reference,28.51
2002-02-15,BHD,KRW,reference,3490.25
2002-02-15,CAD,KRW,reference,826.63
2002-02-15,CHF,KRW,reference,775.26
2002-02-15,CNY,KRW,reference,159
2002-02-15,DKK,KRW,reference,154.85
2002-02-15,ESP,KRW,reference,6.9124
2002-02-15,EUR,KRW,reference,1150.12
2002-02-15,FIM,KRW,reference,193.44
2002-02-15,FRF,KRW,reference,175.33
2002-02-15,GBP,KRW,reference,1881.95
2002-02-15,HKD,KRW,reference,168.73
2002-02-15,IDR,KRW,reference,0.1288
2002-02-15,ITL,KRW,reference,0.594
2002-02-15,JPY,KRW,reference,9.975
2002-02-15,KWD,KRW,reference,4282.04
2002-02-15,MYR,KRW,reference,346.32
2002-02-15,NOK,KRW,reference,147.81
2002-02-15,NZD,KRW,reference,554.69
2002-02-15,SAR,KRW,reference,350.95
2002-02-15,SEK,KRW,reference,124.83
2002-02-15,SGD,KRW,reference,724.07
2002-02-15,THB,KRW,reference,30.19
2002-02-15,USD,KRW,reference,1316
2002-02-18,AED,KRW,reference,358.15
2002-02-18,ATS,KRW,reference,83.48
2002-02-18,AUD,KRW,reference,680.71
2002-02-18,BEF,KRW,reference,28.48
2002-02-18,BHD,KRW,reference,3488.93
2002-02-18,CAD,KRW,reference,827.62
2002-02-18,CHF,KRW,reference,774.87
2002-02-18,CNY,KRW,reference,158.94
2002-02-18,DKK,KRW,reference,154.36
2002-02-18,ESP,KRW,reference,6.9038
2002-02-18,EUR,KRW,reference,1148.69
2002-02-18,FIM,KRW,reference,193.2
2002-02-18,GBP,KRW,reference,1883.93
2002-02-18,HKD,KRW,reference,168.67
2002-02-18,IDR,KRW,reference,0.1285
2002-02-18,ITL,KRW,reference,0.5932
2002-02-18,JPY,KRW,reference,9.9156
2002-02-18,KWD,KRW,reference,4279.02
2002-02-18,MYR,KRW,reference,346.18
2002-02-18,NOK,KRW,reference,148.14
2002-02-18,NZD,KRW,reference,556.32
2002-02-18,SAR,KRW,reference,350.82
2002-02-18,SEK,KRW,reference,125.14
2002-02-18,SGD,KRW,reference,721.02
2002-02-18,THB,KRW,reference,30.19
2002-02-18,USD,KRW,reference,1315.5
2002-02-19,AED,KRW,reference,358.29
2002-02-19,ATS,KRW,reference,83.27
2002-02-19,AUD,KRW,reference,681.75
2002-02-19,BEF,KRW,reference,28.4
2002-02-19,BHD,KRW,reference,3490.62
2002-02-19,CAD,KRW,reference,826.37
2002-02-19,CHF,KRW,reference,774.21
2002-02-19,CNY,KRW,reference,158.99
2002-02-19,DKK,KRW,reference,154.22
2002-02-19,ESP,KRW,reference,6.8863
2002-02-19,EUR,KRW,reference,1145.78
2002-02-19,FIM,KRW,reference,192.71
2002-02-19,GBP,KRW,reference,1879.64
2002-02-19,HKD,KRW,reference,168.74
2002-02-19,IDR,KRW,reference,0.1286
2002-02-19,ITL,KRW,reference,0.5917
2002-02-19,JPY,KRW,reference,9.919
2002-02-19,KWD,KRW,reference,4278.14
2002-02-19,MYR,KRW,reference,346.32
2002-02-19,NOK,KRW,reference,147.98
2002-02-19,NZD,KRW,reference,554.96
2002-02-19,SAR,KRW,reference,350.91
2002-02-19,SEK,KRW,reference,124.64
2002-02-19,SGD,KRW,reference,719.36
2002-02-19,THB,KRW,reference,30.17
2002-02-19,USD,KRW,reference,1316
2002-02-20,AED,KRW,reference,359.32
2002-02-20,ATS,KRW,reference,84.07
2002-02-20,AUD,KRW,reference,684.25
2002-02-20,BEF,KRW,reference,28.68
2002-02-20,BHD,KRW,reference,3500.33
2002-02-20,CAD,KRW,reference,830.27
2002-02-20,CHF,KRW,reference,781.92
2002-02-20,CNY,KRW,reference,159.45
2002-02-20,DKK,KRW,reference,155.65
2002-02-20,ESP,KRW,reference,6.9525
2002-02-20,EUR,KRW,reference,1156.8
2002-02-20,FIM,KRW,reference,194.56
2002-02-20,GBP,KRW,reference,1889.69
2002-02-20,HKD,KRW,reference,169.22
2002-02-20,IDR,KRW,reference,0.1298
2002-02-20,ITL,KRW,reference,0.5974
2002-02-20,JPY,KRW,reference,9.8865
2002-02-20,KWD,KRW,reference,4291.75
2002-02-20,MYR,KRW,reference,347.32
2002-02-20,NOK,KRW,reference,148.72
2002-02-20,NZD,KRW,reference,556.69
2002-02-20,SAR,KRW,reference,351.97
2002-02-20,SEK,KRW,reference,125.63
2002-02-20,SGD,KRW,reference,721.5
2002-02-20,THB,KRW,reference,30.19
2002-02-20,USD,KRW,reference,1319.8
2002-02-21,AED,KRW,reference,359.71
2002-02-21,ATS,KRW,reference,83.56
2002-02-21,AUD,KRW,reference,683.26
2002-02-21,BEF,KRW,reference,28.5
2002-02-21,BHD,KRW,reference,3504.04
2002-02-21,CAD,KRW,reference,831.36
2002-02-21,CHF,KRW,reference,777.22
2002-02-21,CNY,KRW,reference,159.63
2002-02-21,DKK,KRW,reference,154.55
2002-02-21,ESP,KRW,reference,6.910299999999999
2002-02-21,EUR,KRW,reference,1149.77
2002-02-21,FIM,KRW,reference,193.38
2002-02-21,GBP,KRW,reference,1886.08
2002-02-21,HKD,KRW,reference,169.4
2002-02-21,IDR,KRW,reference,0.1298
2002-02-21,ITL,KRW,reference,0.5938
2002-02-21,JPY,KRW,reference,9.8711
2002-02-21,KWD,KRW,reference,4294.35
2002-02-21,MYR,KRW,reference,347.68
2002-02-21,NOK,KRW,reference,148.04
2002-02-21,NZD,KRW,reference,554.77
2002-02-21,SAR,KRW,reference,352.34
2002-02-21,SEK,KRW,reference,124.99
2002-02-21,SGD,KRW,reference,722.52
2002-02-21,THB,KRW,reference,30.2
2002-02-21,USD,KRW,reference,1321.2
2002-02-22,AED,KRW,reference,359.68
2002-02-22,ATS,KRW,reference,83.55
2002-02-22,AUD,KRW,reference,682.41
2002-02-22,BEF,KRW,reference,28.5
2002-02-22,BHD,KRW,reference,3503.78
2002-02-22,CAD,KRW,reference,830.51
2002-02-22,CHF,KRW,reference,777.3
2002-02-22,CNY,KRW,reference,159.62
2002-02-22,DKK,KRW,reference,154.47
2002-02-22,ESP,KRW,reference,6.909400000000001
2002-02-22,EUR,KRW,reference,1149.62
2002-02-22,FIM,KRW,reference,193.35
2002-02-22,GBP,KRW,reference,1884.28
2002-02-22,HKD,KRW,reference,169.39
2002-02-22,IDR,KRW,reference,0.12960000000000002
2002-02-22,ITL,KRW,reference,0.5937
2002-02-22,JPY,KRW,reference,9.8421
2002-02-22,KWD,KRW,reference,4293.19
2002-02-22,MYR,KRW,reference,347.66
2002-02-22,NOK,KRW,reference,148.31
2002-02-22,NZD,KRW,reference,553.41
2002-02-22,SAR,KRW,reference,352.31
2002-02-22,SEK,KRW,reference,125.6
2002-02-22,SGD,KRW,reference,721.72
2002-02-22,THB,KRW,reference,30.16
2002-02-22,USD,KRW,reference,1321.1
2002-02-25,AED,KRW,reference,359.87
2002-02-25,ATS,KRW,reference,84.08
2002-02-25,AUD,KRW,reference,679.21
2002-02-25,BEF,KRW,reference,28.68
2002-02-25,BHD,KRW,reference,3505.64
2002-02-25,CAD,KRW,reference,827.88
2002-02-25,CHF,KRW,reference,782.25
2002-02-25,CNY,KRW,reference,159.71
2002-02-25,DKK,KRW,reference,155.73
2002-02-25,ESP,KRW,reference,6.953200000000001
2002-02-25,EUR,KRW,reference,1156.91
2002-02-25,FIM,KRW,reference,194.58
2002-02-25,GBP,KRW,reference,1892.75
2002-02-25,HKD,KRW,reference,169.48
2002-02-25,IDR,KRW,reference,0.1297
2002-02-25,ITL,KRW,reference,0.5975
2002-02-25,JPY,KRW,reference,9.8587
2002-02-25,KWD,KRW,reference,4299.24
2002-02-25,MYR,KRW,reference,347.84
2002-02-25,NOK,KRW,reference,148.92
2002-02-25,NZD,KRW,reference,552.58
2002-02-25,SAR,KRW,reference,352.5
2002-02-25,SEK,KRW,reference,126.42
2002-02-25,SGD,KRW,reference,721.51
2002-02-25,THB,KRW,reference,30.14
2002-02-25,USD,KRW,reference,1321.8
2002-02-26,AED,KRW,reference,360.17
2002-02-26,ATS,KRW,reference,83.59
2002-02-26,AUD,KRW,reference,680.57
2002-02-26,BEF,KRW,reference,28.51
2002-02-26,BHD,KRW,reference,3508.55
2002-02-26,CAD,KRW,reference,826.3
2002-02-26,CHF,KRW,reference,779.18
2002-02-26,CNY,KRW,reference,159.84
2002-02-26,DKK,KRW,reference,154.68
2002-02-26,ESP,KRW,reference,6.9128
2002-02-26,EUR,KRW,reference,1150.2
2002-02-26,FIM,KRW,reference,193.45
2002-02-26,GBP,KRW,reference,1886.06
2002-02-26,HKD,KRW,reference,169.62
2002-02-26,IDR,KRW,reference,0.1301
2002-02-26,ITL,KRW,reference,0.594
2002-02-26,JPY,KRW,reference,9.886000000000001
2002-02-26,KWD,KRW,reference,4299.18
2002-02-26,MYR,KRW,reference,348.13
2002-02-26,NOK,KRW,reference,148.65
2002-02-26,NZD,KRW,reference,551.65
2002-02-26,SAR,KRW,reference,352.79
2002-02-26,SEK,KRW,reference,126.5
2002-02-26,SGD,KRW,reference,722.66
2002-02-26,THB,KRW,reference,30.2
2002-02-26,USD,KRW,reference,1322.9
2002-02-27,AED,KRW,reference,360.44
2002-02-27,ATS,KRW,reference,83.09
2002-02-27,AUD,KRW,reference,678.83
2002-02-27,BEF,KRW,reference,28.34
2002-02-27,BHD,KRW,reference,3511.21
2002-02-27,CAD,KRW,reference,822.3
2002-02-27,CHF,KRW,reference,774.62
2002-02-27,CNY,KRW,reference,159.96
2002-02-27,DKK,KRW,reference,153.88
2002-02-27,ESP,KRW,reference,6.8715
2002-02-27,EUR,KRW,reference,1143.32
2002-02-27,FIM,KRW,reference,192.29
2002-02-27,GBP,KRW,reference,1874.84
2002-02-27,HKD,KRW,reference,169.75
2002-02-27,IDR,KRW,reference,0.13019999999999998
2002-02-27,ITL,KRW,reference,0.5905
2002-02-27,JPY,KRW,reference,9.838
2002-02-27,KWD,KRW,reference,4297.96
2002-02-27,MYR,KRW,reference,348.39
2002-02-27,NOK,KRW,reference,148.03
2002-02-27,NZD,KRW,reference,552.6
2002-02-27,SAR,KRW,reference,353.06
2002-02-27,SEK,KRW,reference,126.03
2002-02-27,SGD,KRW,reference,721.86
2002-02-27,THB,KRW,reference,30.22
2002-02-27,USD,KRW,reference,1323.9
2002-02-28,AED,KRW,reference,361.48
2002-02-28,ATS,KRW,reference,83.54
2002-02-28,AUD,KRW,reference,684.63
2002-02-28,BEF,KRW,reference,28.5
2002-02-28,BHD,KRW,reference,3521.28
2002-02-28,CAD,KRW,reference,825.32
2002-02-28,CHF,KRW,reference,778.71
2002-02-28,CNY,KRW,reference,160.42
2002-02-28,DKK,KRW,reference,154.67
2002-02-28,ESP,KRW,reference,6.909199999999999
2002-02-28,EUR,KRW,reference,1149.59
2002-02-28,FIM,KRW,reference,193.35
2002-02-28,GBP,KRW,reference,1883.74
2002-02-28,HKD,KRW,reference,170.24
2002-02-28,IDR,KRW,reference,0.1304
2002-02-28,ITL,KRW,reference,0.5937
2002-02-28,JPY,KRW,reference,9.8835
2002-02-28,KWD,KRW,reference,4313.38
2002-02-28,MYR,KRW,reference,349.39
2002-02-28,NOK,KRW,reference,149.11
2002-02-28,NZD,KRW,reference,556.97
2002-02-28,SAR,KRW,reference,354.07
2002-02-28,SEK,KRW,reference,126.44
2002-02-28,SGD,KRW,reference,723.15
2002-02-28,THB,KRW,reference,30.33
2002-02-28,USD,KRW,reference,1327.7
2002-03-04,AED,KRW,reference,361.01
2002-03-04,AUD,KRW,reference,690.51
2002-03-04,BHD,KRW,reference,3516.77
2002-03-04,CAD,KRW,reference,832.44
2002-03-04,CHF,KRW,reference,775.98
2002-03-04,CNY,KRW,reference,160.21
2002-03-04,DKK,KRW,reference,154.37
2002-03-04,EUR,KRW,reference,1147.45
2002-03-04,GBP,KRW,reference,1881.13
2002-03-04,HKD,KRW,reference,170.01
2002-03-04,IDR,KRW,reference,0.1315
2002-03-04,JPY,KRW,reference,9.933
2002-03-04,KWD,KRW,reference,4307.29
2002-03-04,MYR,KRW,reference,348.95
2002-03-04,NOK,KRW,reference,148.99
2002-03-04,NZD,KRW,reference,562.03
2002-03-04,SAR,KRW,reference,353.62
2002-03-04,SEK,KRW,reference,126.24
2002-03-04,SGD,KRW,reference,723.6
2002-03-04,THB,KRW,reference,30.37
2002-03-04,USD,KRW,reference,1326
2002-03-05,AED,KRW,reference,359.24
2002-03-05,AUD,KRW,reference,685.81
2002-03-05,BHD,KRW,reference,3499.54
2002-03-05,CAD,KRW,reference,829.35
2002-03-05,CHF,KRW,reference,776.36
2002-03-05,CNY,KRW,reference,159.42
2002-03-05,DKK,KRW,reference,154.43
2002-03-05,EUR,KRW,reference,1147.64
2002-03-05,GBP,KRW,reference,1877.65
2002-03-05,HKD,KRW,reference,169.18
2002-03-05,IDR,KRW,reference,0.1311
2002-03-05,JPY,KRW,reference,9.9875
2002-03-05,KWD,KRW,reference,4290.22
2002-03-05,MYR,KRW,reference,347.24
2002-03-05,NOK,KRW,reference,149.45
2002-03-05,NZD,KRW,reference,561.05
2002-03-05,SAR,KRW,reference,351.89
2002-03-05,SEK,KRW,reference,127.05
2002-03-05,SGD,KRW,reference,722.42
2002-03-05,THB,KRW,reference,30.28
2002-03-05,USD,KRW,reference,1319.5
2002-03-06,AED,KRW,reference,358.18
2002-03-06,AUD,KRW,reference,684.05
2002-03-06,BHD,KRW,reference,3489.19
2002-03-06,CAD,KRW,reference,828.62
2002-03-06,CHF,KRW,reference,776.17
2002-03-06,CNY,KRW,reference,158.96
2002-03-06,DKK,KRW,reference,154.4
2002-03-06,EUR,KRW,reference,1146.35
2002-03-06,GBP,KRW,reference,1873.02
2002-03-06,HKD,KRW,reference,168.68
2002-03-06,IDR,KRW,reference,0.1319
2002-03-06,JPY,KRW,reference,9.9459
2002-03-06,KWD,KRW,reference,4278.93
2002-03-06,MYR,KRW,reference,346.21
2002-03-06,NOK,KRW,reference,149
2002-03-06,NZD,KRW,reference,559.39
2002-03-06,SAR,KRW,reference,350.85
2002-03-06,SEK,KRW,reference,127.21
2002-03-06,SGD,KRW,reference,721.07
2002-03-06,THB,KRW,reference,30.2
2002-03-06,USD,KRW,reference,1315.6
2002-03-07,AED,KRW,reference,358.05
2002-03-07,AUD,KRW,reference,687.34
2002-03-07,BHD,KRW,reference,3487.87
2002-03-07,CAD,KRW,reference,831.66
2002-03-07,CHF,KRW,reference,782.19
2002-03-07,CNY,KRW,reference,158.89
2002-03-07,DKK,KRW,reference,155.14
2002-03-07,EUR,KRW,reference,1153.01
2002-03-07,GBP,KRW,reference,1871.85
2002-03-07,HKD,KRW,reference,168.62
2002-03-07,IDR,KRW,reference,0.1322
2002-03-07,JPY,KRW,reference,10.067
2002-03-07,KWD,KRW,reference,4279.39
2002-03-07,MYR,KRW,reference,346.08
2002-03-07,NOK,KRW,reference,149.47
2002-03-07,NZD,KRW,reference,563.65
2002-03-07,SAR,KRW,reference,350.71
2002-03-07,SEK,KRW,reference,127.4
2002-03-07,SGD,KRW,reference,721.29
2002-03-07,THB,KRW,reference,30.24
2002-03-07,USD,KRW,reference,1315.1
2002-03-08,AED,KRW,reference,356.96
2002-03-08,AUD,KRW,reference,687.74
2002-03-08,BHD,KRW,reference,3477.26
2002-03-08,CAD,KRW,reference,827.98
2002-03-08,CHF,KRW,reference,785.14
2002-03-08,CNY,KRW,reference,158.4
2002-03-08,DKK,KRW,reference,155.68
2002-03-08,EUR,KRW,reference,1155.54
2002-03-08,GBP,KRW,reference,1870.22
2002-03-08,HKD,KRW,reference,168.1
2002-03-08,IDR,KRW,reference,0.132
2002-03-08,JPY,KRW,reference,10.267000000000001
2002-03-08,KWD,KRW,reference,4273.75
2002-03-08,MYR,KRW,reference,345.03
2002-03-08,NOK,KRW,reference,149.81
2002-03-08,NZD,KRW,reference,564.95
2002-03-08,SAR,KRW,reference,349.65
2002-03-08,SEK,KRW,reference,127.55
2002-03-08,SGD,KRW,reference,721.45
2002-03-08,THB,KRW,reference,30.33
2002-03-08,USD,KRW,reference,1311.1
2002-03-11,AED,KRW,reference,356.82
2002-03-11,AUD,KRW,reference,681.84
2002-03-11,BHD,KRW,reference,3475.93
2002-03-11,CAD,KRW,reference,826.1
2002-03-11,CHF,KRW,reference,776.84
2002-03-11,CNY,KRW,reference,158.34
2002-03-11,DKK,KRW,reference,154.11
2002-03-11,EUR,KRW,reference,1145.01
2002-03-11,GBP,KRW,reference,1862.36
2002-03-11,HKD,KRW,reference,168.03
2002-03-11,IDR,KRW,reference,0.131
2002-03-11,JPY,KRW,reference,10.2052
2002-03-11,KWD,KRW,reference,4265.17
2002-03-11,MYR,KRW,reference,344.89
2002-03-11,NOK,KRW,reference,148.72
2002-03-11,NZD,KRW,reference,564.87
2002-03-11,SAR,KRW,reference,349.51
2002-03-11,SEK,KRW,reference,126.14
2002-03-11,SGD,KRW,reference,719.2
2002-03-11,THB,KRW,reference,30.25
2002-03-11,USD,KRW,reference,1310.6
2002-03-12,AED,KRW,reference,358.45
2002-03-12,AUD,KRW,reference,686.54
2002-03-12,BHD,KRW,reference,3491.84
2002-03-12,CAD,KRW,reference,831.87
2002-03-12,CHF,KRW,reference,784.13
2002-03-12,CNY,KRW,reference,159.07
2002-03-12,DKK,KRW,reference,155.26
2002-03-12,EUR,KRW,reference,1153.08
2002-03-12,GBP,KRW,reference,1869.77
2002-03-12,HKD,KRW,reference,168.81
2002-03-12,IDR,KRW,reference,0.1326
2002-03-12,JPY,KRW,reference,10.2763
2002-03-12,KWD,KRW,reference,4288.04
2002-03-12,MYR,KRW,reference,346.47
2002-03-12,NOK,KRW,reference,149.47
2002-03-12,NZD,KRW,reference,563.64
2002-03-12,SAR,KRW,reference,351.11
2002-03-12,SEK,KRW,reference,127.13
2002-03-12,SGD,KRW,reference,723.65
2002-03-12,THB,KRW,reference,30.43
2002-03-12,USD,KRW,reference,1316.6
2002-03-13,AED,KRW,reference,359.22
2002-03-13,AUD,KRW,reference,685.76
2002-03-13,BHD,KRW,reference,3499.27
2002-03-13,CAD,KRW,reference,831.64
2002-03-13,CHF,KRW,reference,785.75
2002-03-13,CNY,KRW,reference,159.41
2002-03-13,DKK,KRW,reference,155.54
2002-03-13,EUR,KRW,reference,1154.15
2002-03-13,GBP,KRW,reference,1865.57
2002-03-13,HKD,KRW,reference,169.16
2002-03-13,IDR,KRW,reference,0.1324
2002-03-13,JPY,KRW,reference,10.2212
2002-03-13,KWD,KRW,reference,4294.36
2002-03-13,MYR,KRW,reference,347.21
2002-03-13,NOK,KRW,reference,149.63
2002-03-13,NZD,KRW,reference,566.68
2002-03-13,SAR,KRW,reference,351.86
2002-03-13,SEK,KRW,reference,127.11
2002-03-13,SGD,KRW,reference,724.75
2002-03-13,THB,KRW,reference,30.53
2002-03-13,USD,KRW,reference,1319.4
2002-03-14,AED,KRW,reference,359.46
2002-03-14,AUD,KRW,reference,686.75
2002-03-14,BHD,KRW,reference,3501.66
2002-03-14,CAD,KRW,reference,827.57
2002-03-14,CHF,KRW,reference,787.72
2002-03-14,CNY,KRW,reference,159.51
2002-03-14,DKK,KRW,reference,155.61
2002-03-14,EUR,KRW,reference,1155.92
2002-03-14,GBP,KRW,reference,1868.42
2002-03-14,HKD,KRW,reference,169.27
2002-03-14,IDR,KRW,reference,0.1325
2002-03-14,JPY,KRW,reference,10.1977
2002-03-14,KWD,KRW,reference,4296.73
2002-03-14,MYR,KRW,reference,347.45
2002-03-14,NOK,KRW,reference,149.07
2002-03-14,NZD,KRW,reference,566.41
2002-03-14,SAR,KRW,reference,352.1
2002-03-14,SEK,KRW,reference,126.79
2002-03-14,SGD,KRW,reference,723.65
2002-03-14,THB,KRW,reference,30.5
2002-03-14,USD,KRW,reference,1320.3
2002-03-15,AED,KRW,reference,360.11
2002-03-15,AUD,KRW,reference,692.63
2002-03-15,BHD,KRW,reference,3508.02
2002-03-15,CAD,KRW,reference,831.63
2002-03-15,CHF,KRW,reference,798.64
2002-03-15,CNY,KRW,reference,159.8
2002-03-15,DKK,KRW,reference,157.17
2002-03-15,EUR,KRW,reference,1167.28
2002-03-15,GBP,KRW,reference,1878.5
2002-03-15,HKD,KRW,reference,169.58
2002-03-15,IDR,KRW,reference,0.13269999999999998
2002-03-15,JPY,KRW,reference,10.2376
2002-03-15,KWD,KRW,reference,4304.54
2002-03-15,MYR,KRW,reference,348.08
2002-03-15,NOK,KRW,reference,150.76
2002-03-15,NZD,KRW,reference,570.61
2002-03-15,SAR,KRW,reference,352.74
2002-03-15,SEK,KRW,reference,127.95
2002-03-15,SGD,KRW,reference,726.32
2002-03-15,THB,KRW,reference,30.63
2002-03-15,USD,KRW,reference,1322.7
2002-03-18,AED,KRW,reference,360.03
2002-03-18,AUD,KRW,reference,695.91
2002-03-18,BHD,KRW,reference,3507.23
2002-03-18,CAD,KRW,reference,834.95
2002-03-18,CHF,KRW,reference,797.11
2002-03-18,CNY,KRW,reference,159.76
2002-03-18,DKK,KRW,reference,157.05
2002-03-18,EUR,KRW,reference,1165.5
2002-03-18,GBP,KRW,reference,1882.44
2002-03-18,HKD,KRW,reference,169.55
2002-03-18,IDR,KRW,reference,0.13269999999999998
2002-03-18,JPY,KRW,reference,10.2238
2002-03-18,KWD,KRW,reference,4303.57
2002-03-18,MYR,KRW,reference,348
2002-03-18,NOK,KRW,reference,150.24
2002-03-18,NZD,KRW,reference,578.55
2002-03-18,SAR,KRW,reference,352.66
2002-03-18,SEK,KRW,reference,127.85
2002-03-18,SGD,KRW,reference,726.19
2002-03-18,THB,KRW,reference,30.59
2002-03-18,USD,KRW,reference,1322.4
2002-03-19,AED,KRW,reference,360.5
2002-03-19,AUD,KRW,reference,694.03
2002-03-19,BHD,KRW,reference,3511.74
2002-03-19,CAD,KRW,reference,836.03
2002-03-19,CHF,KRW,reference,798.25
2002-03-19,CNY,KRW,reference,159.97
2002-03-19,DKK,KRW,reference,157.21
2002-03-19,EUR,KRW,reference,1168.32
2002-03-19,GBP,KRW,reference,1888.56
2002-03-19,HKD,KRW,reference,169.77
2002-03-19,IDR,KRW,reference,0.1329
2002-03-19,JPY,KRW,reference,10.0884
2002-03-19,KWD,KRW,reference,4309.1
2002-03-19,MYR,KRW,reference,348.45
2002-03-19,NOK,KRW,reference,150.89
2002-03-19,NZD,KRW,reference,577.04
2002-03-19,SAR,KRW,reference,353.11
2002-03-19,SEK,KRW,reference,128.86
2002-03-19,SGD,KRW,reference,724.74
2002-03-19,THB,KRW,reference,30.51
2002-03-19,USD,KRW,reference,1324.1
2002-03-20,AED,KRW,reference,361.37
2002-03-20,AUD,KRW,reference,694.38
2002-03-20,BHD,KRW,reference,3520.22
2002-03-20,CAD,KRW,reference,837.68
2002-03-20,CHF,KRW,reference,798.71
2002-03-20,CNY,KRW,reference,160.35
2002-03-20,DKK,KRW,reference,157.66
2002-03-20,EUR,KRW,reference,1169.55
2002-03-20,GBP,KRW,reference,1888.68
2002-03-20,HKD,KRW,reference,170.18
2002-03-20,IDR,KRW,reference,0.1333
2002-03-20,JPY,KRW,reference,10.037799999999999
2002-03-20,KWD,KRW,reference,4321.62
2002-03-20,MYR,KRW,reference,349.29
2002-03-20,NOK,KRW,reference,151.29
2002-03-20,NZD,KRW,reference,574.32
2002-03-20,SAR,KRW,reference,353.97
2002-03-20,SEK,KRW,reference,129.55
2002-03-20,SGD,KRW,reference,725.9
2002-03-20,THB,KRW,reference,30.55
2002-03-20,USD,KRW,reference,1327.3
2002-03-21,AED,KRW,reference,361.2
2002-03-21,AUD,KRW,reference,703.88
2002-03-21,BHD,KRW,reference,3518.63
2002-03-21,CAD,KRW,reference,839.52
2002-03-21,CHF,KRW,reference,802.55
2002-03-21,CNY,KRW,reference,160.28
2002-03-21,DKK,KRW,reference,157.87
2002-03-21,EUR,KRW,reference,1174.99
2002-03-21,GBP,KRW,reference,1898.04
2002-03-21,HKD,KRW,reference,170.1
2002-03-21,IDR,KRW,reference,0.1343
2002-03-21,JPY,KRW,reference,10.1005
2002-03-21,KWD,KRW,reference,4322.91
2002-03-21,MYR,KRW,reference,349.13
2002-03-21,NOK,KRW,reference,152.08
2002-03-21,NZD,KRW,reference,584.28
2002-03-21,SAR,KRW,reference,353.81
2002-03-21,SEK,KRW,reference,130.26
2002-03-21,SGD,KRW,reference,725.96
2002-03-21,THB,KRW,reference,30.63
2002-03-21,USD,KRW,reference,1326.7
2002-03-22,AED,KRW,reference,361.2
2002-03-22,AUD,KRW,reference,702.82
2002-03-22,BHD,KRW,reference,3518.63
2002-03-22,CAD,KRW,reference,840.91
2002-03-22,CHF,KRW,reference,800.42
2002-03-22,CNY,KRW,reference,160.28
2002-03-22,DKK,KRW,reference,157.43
2002-03-22,EUR,KRW,reference,1170.88
2002-03-22,GBP,KRW,reference,1892.6
2002-03-22,HKD,KRW,reference,170.1
2002-03-22,IDR,KRW,reference,0.1346
2002-03-22,JPY,KRW,reference,10.047
2002-03-22,KWD,KRW,reference,4318.68
2002-03-22,MYR,KRW,reference,349.13
2002-03-22,NOK,KRW,reference,151.89
2002-03-22,NZD,KRW,reference,582.02
2002-03-22,SAR,KRW,reference,353.81
2002-03-22,SEK,KRW,reference,129.84
2002-03-22,SGD,KRW,reference,725.57
2002-03-22,THB,KRW,reference,30.65
2002-03-22,USD,KRW,reference,1326.7
2002-03-25,AED,KRW,reference,361.67
2002-03-25,AUD,KRW,reference,705.45
2002-03-25,BHD,KRW,reference,3523.14
2002-03-25,CAD,KRW,reference,842.25
2002-03-25,CHF,KRW,reference,796.64
2002-03-25,CNY,KRW,reference,160.49
2002-03-25,DKK,KRW,reference,156.79
2002-03-25,EUR,KRW,reference,1164.74
2002-03-25,GBP,KRW,reference,1892.37
2002-03-25,HKD,KRW,reference,170.32
2002-03-25,IDR,KRW,reference,0.1353
2002-03-25,JPY,KRW,reference,10.003400000000001
2002-03-25,KWD,KRW,reference,4324.22
2002-03-25,MYR,KRW,reference,349.58
2002-03-25,NOK,KRW,reference,151.35
2002-03-25,NZD,KRW,reference,581.97
2002-03-25,SAR,KRW,reference,354.26
2002-03-25,SEK,KRW,reference,129.32
2002-03-25,SGD,KRW,reference,724.52
2002-03-25,THB,KRW,reference,30.63
2002-03-25,USD,KRW,reference,1328.4
2002-03-26,AED,KRW,reference,362.16
2002-03-26,AUD,KRW,reference,704.67
2002-03-26,BHD,KRW,reference,3527.91
2002-03-26,CAD,KRW,reference,839.98
2002-03-26,CHF,KRW,reference,799.16
2002-03-26,CNY,KRW,reference,160.71
2002-03-26,DKK,KRW,reference,157.01
2002-03-26,EUR,KRW,reference,1166.45
2002-03-26,GBP,KRW,reference,1896.53
2002-03-26,HKD,KRW,reference,170.55
2002-03-26,IDR,KRW,reference,0.1373
2002-03-26,JPY,KRW,reference,9.9764
2002-03-26,KWD,KRW,reference,4330.08
2002-03-26,MYR,KRW,reference,350.05
2002-03-26,NOK,KRW,reference,151.34
2002-03-26,NZD,KRW,reference,581.56
2002-03-26,SAR,KRW,reference,354.74
2002-03-26,SEK,KRW,reference,129.53
2002-03-26,SGD,KRW,reference,723.33
2002-03-26,THB,KRW,reference,30.68
2002-03-26,USD,KRW,reference,1330.2
2002-03-27,AED,KRW,reference,362.54
2002-03-27,AUD,KRW,reference,702.35
2002-03-27,BHD,KRW,reference,3531.63
2002-03-27,CAD,KRW,reference,836.75
2002-03-27,CHF,KRW,reference,797.94
2002-03-27,CNY,KRW,reference,160.88
2002-03-27,DKK,KRW,reference,157.06
2002-03-27,EUR,KRW,reference,1167.08
2002-03-27,GBP,KRW,reference,1899.06
2002-03-27,HKD,KRW,reference,170.74
2002-03-27,IDR,KRW,reference,0.1393
2002-03-27,JPY,KRW,reference,9.9992
2002-03-27,KWD,KRW,reference,4331.67
2002-03-27,MYR,KRW,reference,350.42
2002-03-27,NOK,KRW,reference,151.38
2002-03-27,NZD,KRW,reference,580.18
2002-03-27,SAR,KRW,reference,355.11
2002-03-27,SEK,KRW,reference,129.33
2002-03-27,SGD,KRW,reference,719.78
2002-03-27,THB,KRW,reference,30.75
2002-03-27,USD,KRW,reference,1331.6
2002-03-28,AED,KRW,reference,361.45
2002-03-28,AUD,KRW,reference,701.84
2002-03-28,BHD,KRW,reference,3521.02
2002-03-28,CAD,KRW,reference,832.25
2002-03-28,CHF,KRW,reference,790.94
2002-03-28,CNY,KRW,reference,160.39
2002-03-28,DKK,KRW,reference,155.86
2002-03-28,EUR,KRW,reference,1158.26
2002-03-28,GBP,KRW,reference,1890.9
2002-03-28,HKD,KRW,reference,170.21
2002-03-28,IDR,KRW,reference,0.1378
2002-03-28,JPY,KRW,reference,10.0075
2002-03-28,KWD,KRW,reference,4317.4
2002-03-28,MYR,KRW,reference,349.37
2002-03-28,NOK,KRW,reference,150.43
2002-03-28,NZD,KRW,reference,578.17
2002-03-28,SAR,KRW,reference,354.05
2002-03-28,SEK,KRW,reference,128.31
2002-03-28,SGD,KRW,reference,719.96
2002-03-28,THB,KRW,reference,30.63
2002-03-28,USD,KRW,reference,1327.6
2002-03-29,AED,KRW,reference,361.29
2002-03-29,AUD,KRW,reference,707.09
2002-03-29,BHD,KRW,reference,3519.43
2002-03-29,CAD,KRW,reference,833.28
2002-03-29,CHF,KRW,reference,788.43
2002-03-29,CNY,KRW,reference,160.32
2002-03-29,DKK,KRW,reference,155.47
2002-03-29,EUR,KRW,reference,1156.41
2002-03-29,GBP,KRW,reference,1891.37
2002-03-29,HKD,KRW,reference,170.14
2002-03-29,IDR,KRW,reference,0.1354
2002-03-29,JPY,KRW,reference,9.994
2002-03-29,KWD,KRW,reference,4315.45
2002-03-29,MYR,KRW,reference,349.21
2002-03-29,NOK,KRW,reference,149.97
2002-03-29,NZD,KRW,reference,585.07
2002-03-29,SAR,KRW,reference,353.89
2002-03-29,SEK,KRW,reference,127.93
2002-03-29,SGD,KRW,reference,719.92
2002-03-29,THB,KRW,reference,30.51
2002-03-29,USD,KRW,reference,1327
2002-04-01,AED,KRW,reference,361.12
2002-04-01,AUD,KRW,reference,707.3
2002-04-01,BHD,KRW,reference,3518.02
2002-04-01,CAD,KRW,reference,831.34
2002-04-01,CHF,KRW,reference,788.89
2002-04-01,CNY,KRW,reference,160.24
2002-04-01,DKK,KRW,reference,155.56
2002-04-01,EUR,KRW,reference,1156.09
2002-04-01,GBP,KRW,reference,1891.11
2002-04-01,HKD,KRW,reference,170.06
2002-04-01,IDR,KRW,reference,0.1353
2002-04-01,JPY,KRW,reference,9.9658
2002-04-01,KWD,KRW,reference,4313.08
2002-04-01,MYR,KRW,reference,349.05
2002-04-01,NOK,KRW,reference,149.98
2002-04-01,NZD,KRW,reference,584.81
2002-04-01,SAR,KRW,reference,353.66
2002-04-01,SEK,KRW,reference,127.99
2002-04-01,SGD,KRW,reference,720.09
2002-04-01,THB,KRW,reference,30.49
2002-04-01,USD,KRW,reference,1326.4
2002-04-02,AED,KRW,reference,360.82
2002-04-02,AUD,KRW,reference,707.91
2002-04-02,BHD,KRW,reference,3515.29
2002-04-02,CAD,KRW,reference,829.14
2002-04-02,CHF,KRW,reference,796.93
2002-04-02,CNY,KRW,reference,160.11
2002-04-02,DKK,KRW,reference,156.16
2002-04-02,EUR,KRW,reference,1165.4
2002-04-02,GBP,KRW,reference,1908.17
2002-04-02,HKD,KRW,reference,169.92
2002-04-02,IDR,KRW,reference,0.1361
2002-04-02,JPY,KRW,reference,9.9448
2002-04-02,KWD,KRW,reference,4317.64
2002-04-02,MYR,KRW,reference,348.76
2002-04-02,NOK,KRW,reference,151.53
2002-04-02,NZD,KRW,reference,585.12
2002-04-02,SAR,KRW,reference,353.37
2002-04-02,SEK,KRW,reference,129.45
2002-04-02,SGD,KRW,reference,717.35
2002-04-02,THB,KRW,reference,30.41
2002-04-02,USD,KRW,reference,1325.3
2002-04-03,AED,KRW,reference,361.78
2002-04-03,AUD,KRW,reference,710.18
2002-04-03,BHD,KRW,reference,3524.2
2002-04-03,CAD,KRW,reference,833.94
2002-04-03,CHF,KRW,reference,799.18
2002-04-03,CNY,KRW,reference,160.54
2002-04-03,DKK,KRW,reference,157.18
2002-04-03,EUR,KRW,reference,1168.75
2002-04-03,GBP,KRW,reference,1908.49
2002-04-03,HKD,KRW,reference,170.37
2002-04-03,IDR,KRW,reference,0.1364
2002-04-03,JPY,KRW,reference,9.979700000000001
2002-04-03,KWD,KRW,reference,4331.87
2002-04-03,MYR,KRW,reference,349.68
2002-04-03,NOK,KRW,reference,152.03
2002-04-03,NZD,KRW,reference,586.67
2002-04-03,SAR,KRW,reference,354.37
2002-04-03,SEK,KRW,reference,129.35
2002-04-03,SGD,KRW,reference,719.5
2002-04-03,THB,KRW,reference,30.38
2002-04-03,USD,KRW,reference,1328.8
2002-04-04,AED,KRW,reference,361.67
2002-04-04,AUD,KRW,reference,706.64
2002-04-04,BHD,KRW,reference,3523.14
2002-04-04,CAD,KRW,reference,835.42
2002-04-04,CHF,KRW,reference,800.92
2002-04-04,CNY,KRW,reference,160.49
2002-04-04,DKK,KRW,reference,157.39
2002-04-04,EUR,KRW,reference,1170.39
2002-04-04,GBP,KRW,reference,1907.58
2002-04-04,HKD,KRW,reference,170.32
2002-04-04,IDR,KRW,reference,0.1358
2002-04-04,JPY,KRW,reference,10.0075
2002-04-04,KWD,KRW,reference,4325.63
2002-04-04,MYR,KRW,reference,349.58
2002-04-04,NOK,KRW,reference,153.02
2002-04-04,NZD,KRW,reference,584.23
2002-04-04,SAR,KRW,reference,354.26
2002-04-04,SEK,KRW,reference,129.01
2002-04-04,SGD,KRW,reference,721.23
2002-04-04,THB,KRW,reference,30.44
2002-04-04,USD,KRW,reference,1328.4
2002-04-08,AED,KRW,reference,362.07
2002-04-08,AUD,KRW,reference,704.78
2002-04-08,BHD,KRW,reference,3527.12
2002-04-08,CAD,KRW,reference,836.47
2002-04-08,CHF,KRW,reference,798.31
2002-04-08,CNY,KRW,reference,160.67
2002-04-08,DKK,KRW,reference,157.25
2002-04-08,EUR,KRW,reference,1168.52
2002-04-08,GBP,KRW,reference,1904.28
2002-04-08,HKD,KRW,reference,170.51
2002-04-08,IDR,KRW,reference,0.1396
2002-04-08,JPY,KRW,reference,10.098700000000001
2002-04-08,KWD,KRW,reference,4329.81
2002-04-08,MYR,KRW,reference,349.97
2002-04-08,NOK,KRW,reference,152.74
2002-04-08,NZD,KRW,reference,581.83
2002-04-08,SAR,KRW,reference,354.66
2002-04-08,SEK,KRW,reference,129.51
2002-04-08,SGD,KRW,reference,724.56
2002-04-08,THB,KRW,reference,30.55
2002-04-08,USD,KRW,reference,1329.9
2002-04-09,AED,KRW,reference,361.75
2002-04-09,AUD,KRW,reference,701.75
2002-04-09,BHD,KRW,reference,3523.94
2002-04-09,CAD,KRW,reference,833.2
2002-04-09,CHF,KRW,reference,792.78
2002-04-09,CNY,KRW,reference,160.53
2002-04-09,DKK,KRW,reference,156.28
2002-04-09,EUR,KRW,reference,1161.88
2002-04-09,GBP,KRW,reference,1901.1
2002-04-09,HKD,KRW,reference,170.36
2002-04-09,IDR,KRW,reference,0.1393
2002-04-09,JPY,KRW,reference,10.1
2002-04-09,KWD,KRW,reference,4325.9
2002-04-09,MYR,KRW,reference,349.66
2002-04-09,NOK,KRW,reference,152.22
2002-04-09,NZD,KRW,reference,577.32
2002-04-09,SAR,KRW,reference,354.34
2002-04-09,SEK,KRW,reference,128.06
2002-04-09,SGD,KRW,reference,724.15
2002-04-09,THB,KRW,reference,30.54
2002-04-09,USD,KRW,reference,1328.7
2002-04-10,AED,KRW,reference,361.86
2002-04-10,AUD,KRW,reference,705.95
2002-04-10,BHD,KRW,reference,3525
2002-04-10,CAD,KRW,reference,832.56
2002-04-10,CHF,KRW,reference,798.21
2002-04-10,CNY,KRW,reference,160.58
2002-04-10,DKK,KRW,reference,157.49
2002-04-10,EUR,KRW,reference,1171.14
2002-04-10,GBP,KRW,reference,1909.72
2002-04-10,HKD,KRW,reference,170.4
2002-04-10,IDR,KRW,reference,0.138
2002-04-10,JPY,KRW,reference,10.1671
2002-04-10,KWD,KRW,reference,4327.2
2002-04-10,MYR,KRW,reference,349.76
2002-04-10,NOK,KRW,reference,153.03
2002-04-10,NZD,KRW,reference,578.82
2002-04-10,SAR,KRW,reference,354.45
2002-04-10,SEK,KRW,reference,128.45
2002-04-10,SGD,KRW,reference,723.97
2002-04-10,THB,KRW,reference,30.56
2002-04-10,USD,KRW,reference,1329.1
2002-04-11,AED,KRW,reference,361.8
2002-04-11,AUD,KRW,reference,706.91
2002-04-11,BHD,KRW,reference,3524.47
2002-04-11,CAD,KRW,reference,834.84
2002-04-11,CHF,KRW,reference,796.94
2002-04-11,CNY,KRW,reference,160.55
2002-04-11,DKK,KRW,reference,157.33
2002-04-11,EUR,KRW,reference,1170.03
2002-04-11,GBP,KRW,reference,1908.83
2002-04-11,HKD,KRW,reference,170.38
2002-04-11,IDR,KRW,reference,0.139
2002-04-11,JPY,KRW,reference,10.1555
2002-04-11,KWD,KRW,reference,4326.55
2002-04-11,MYR,KRW,reference,349.71
2002-04-11,NOK,KRW,reference,152.98
2002-04-11,NZD,KRW,reference,584.05
2002-04-11,SAR,KRW,reference,354.39
2002-04-11,SEK,KRW,reference,128.57
2002-04-11,SGD,KRW,reference,724.33
2002-04-11,THB,KRW,reference,30.58
2002-04-11,USD,KRW,reference,1328.9
2002-04-12,AED,KRW,reference,362.13
2002-04-12,AUD,KRW,reference,711.8
2002-04-12,BHD,KRW,reference,3527.65
2002-04-12,CAD,KRW,reference,837.28
2002-04-12,CHF,KRW,reference,800.78
2002-04-12,CNY,KRW,reference,160.7
2002-04-12,DKK,KRW,reference,157.97
2002-04-12,EUR,KRW,reference,1172.28
2002-04-12,GBP,KRW,reference,1912.02
2002-04-12,HKD,KRW,reference,170.53
2002-04-12,IDR,KRW,reference,0.13949999999999999
2002-04-12,JPY,KRW,reference,10.116
2002-04-12,KWD,KRW,reference,4330.46
2002-04-12,MYR,KRW,reference,350.03
2002-04-12,NOK,KRW,reference,153.98
2002-04-12,NZD,KRW,reference,588.57
2002-04-12,SAR,KRW,reference,354.71
2002-04-12,SEK,KRW,reference,129.07
2002-04-12,SGD,KRW,reference,724.14
2002-04-12,THB,KRW,reference,30.61
2002-04-12,USD,KRW,reference,1330.1
2002-04-15,AED,KRW,reference,362.62
2002-04-15,AUD,KRW,reference,710.77
2002-04-15,BHD,KRW,reference,3532.42
2002-04-15,CAD,KRW,reference,839.89
2002-04-15,CHF,KRW,reference,799.46
2002-04-15,CNY,KRW,reference,160.91
2002-04-15,DKK,KRW,reference,157.52
2002-04-15,EUR,KRW,reference,1171.47
2002-04-15,GBP,KRW,reference,1913.21
2002-04-15,HKD,KRW,reference,170.77
2002-04-15,IDR,KRW,reference,0.1398
2002-04-15,JPY,KRW,reference,10.0825
2002-04-15,KWD,KRW,reference,4336.32
2002-04-15,MYR,KRW,reference,350.5
2002-04-15,NOK,KRW,reference,153.9
2002-04-15,NZD,KRW,reference,588.83
2002-04-15,SAR,KRW,reference,355.19
2002-04-15,SEK,KRW,reference,129.12
2002-04-15,SGD,KRW,reference,725.16
2002-04-15,THB,KRW,reference,30.6
2002-04-15,USD,KRW,reference,1331.9
2002-04-16,AED,KRW,reference,362.02
2002-04-16,AUD,KRW,reference,706.94
2002-04-16,BHD,KRW,reference,3526.59
2002-04-16,CAD,KRW,reference,837.87
2002-04-16,CHF,KRW,reference,797.09
2002-04-16,CNY,KRW,reference,160.65
2002-04-16,DKK,KRW,reference,157.32
2002-04-16,EUR,KRW,reference,1169.54
2002-04-16,GBP,KRW,reference,1910.45
2002-04-16,HKD,KRW,reference,170.48
2002-04-16,IDR,KRW,reference,0.1418
2002-04-16,JPY,KRW,reference,10.0647
2002-04-16,KWD,KRW,reference,4329.16
2002-04-16,MYR,KRW,reference,349.92
2002-04-16,NOK,KRW,reference,153.39
2002-04-16,NZD,KRW,reference,583.47
2002-04-16,SAR,KRW,reference,354.61
2002-04-16,SEK,KRW,reference,128.4
2002-04-16,SGD,KRW,reference,724.36
2002-04-16,THB,KRW,reference,30.6
2002-04-16,USD,KRW,reference,1329.7
2002-04-17,AED,KRW,reference,361.18
2002-04-17,AUD,KRW,reference,708.6
2002-04-17,BHD,KRW,reference,3518.37
2002-04-17,CAD,KRW,reference,838.51
2002-04-17,CHF,KRW,reference,797
2002-04-17,CNY,KRW,reference,160.27
2002-04-17,DKK,KRW,reference,157.43
2002-04-17,EUR,KRW,reference,1170.26
2002-04-17,GBP,KRW,reference,1910.11
2002-04-17,HKD,KRW,reference,170.08
2002-04-17,IDR,KRW,reference,0.1405
2002-04-17,JPY,KRW,reference,10.117799999999999
2002-04-17,KWD,KRW,reference,4319.06
2002-04-17,MYR,KRW,reference,349.11
2002-04-17,NOK,KRW,reference,153.35
2002-04-17,NZD,KRW,reference,585.16
2002-04-17,SAR,KRW,reference,353.78
2002-04-17,SEK,KRW,reference,127.74
2002-04-17,SGD,KRW,reference,723.53
2002-04-17,THB,KRW,reference,30.54
2002-04-17,USD,KRW,reference,1326.6
2002-04-18,AED,KRW,reference,359.57
2002-04-18,AUD,KRW,reference,710.6
2002-04-18,BHD,KRW,reference,3502.72
2002-04-18,CAD,KRW,reference,838.43
2002-04-18,CHF,KRW,reference,800.72
2002-04-18,CNY,KRW,reference,159.56
2002-04-18,DKK,KRW,reference,157.97
2002-04-18,EUR,KRW,reference,1176.15
2002-04-18,GBP,KRW,reference,1911.05
2002-04-18,HKD,KRW,reference,169.33
2002-04-18,IDR,KRW,reference,0.1402
2002-04-18,JPY,KRW,reference,10.1029
2002-04-18,KWD,KRW,reference,4306.44
2002-04-18,MYR,KRW,reference,347.55
2002-04-18,NOK,KRW,reference,153.65
2002-04-18,NZD,KRW,reference,588.64
2002-04-18,SAR,KRW,reference,352.21
2002-04-18,SEK,KRW,reference,128.55
2002-04-18,SGD,KRW,reference,722.29
2002-04-18,THB,KRW,reference,30.49
2002-04-18,USD,KRW,reference,1320.7
2002-04-19,AED,KRW,reference,357.88
2002-04-19,AUD,KRW,reference,710.55
2002-04-19,BHD,KRW,reference,3486.28
2002-04-19,CAD,KRW,reference,834.44
2002-04-19,CHF,KRW,reference,798.17
2002-04-19,CNY,KRW,reference,158.81
2002-04-19,DKK,KRW,reference,157.56
2002-04-19,EUR,KRW,reference,1171.02
2002-04-19,GBP,KRW,reference,1903.53
2002-04-19,HKD,KRW,reference,168.54
2002-04-19,IDR,KRW,reference,0.1401
2002-04-19,JPY,KRW,reference,10.1166
2002-04-19,KWD,KRW,reference,4288.04
2002-04-19,MYR,KRW,reference,345.92
2002-04-19,NOK,KRW,reference,153.53
2002-04-19,NZD,KRW,reference,588.11
2002-04-19,SAR,KRW,reference,350.55
2002-04-19,SEK,KRW,reference,127.46
2002-04-19,SGD,KRW,reference,720.75
2002-04-19,THB,KRW,reference,30.41
2002-04-19,USD,KRW,reference,1314.5
2002-04-22,AED,KRW,reference,356.87
2002-04-22,AUD,KRW,reference,708.55
2002-04-22,BHD,KRW,reference,3476.46
2002-04-22,CAD,KRW,reference,834.11
2002-04-22,CHF,KRW,reference,795.73
2002-04-22,CNY,KRW,reference,158.36
2002-04-22,DKK,KRW,reference,157.22
2002-04-22,EUR,KRW,reference,1166.81
2002-04-22,GBP,KRW,reference,1896.86
2002-04-22,HKD,KRW,reference,168.07
2002-04-22,IDR,KRW,reference,0.1404
2002-04-22,JPY,KRW,reference,10.0464
2002-04-22,KWD,KRW,reference,4276.67
2002-04-22,MYR,KRW,reference,344.95
2002-04-22,NOK,KRW,reference,153.59
2002-04-22,NZD,KRW,reference,587.17
2002-04-22,SAR,KRW,reference,349.57
2002-04-22,SEK,KRW,reference,127.65
2002-04-22,SGD,KRW,reference,719.82
2002-04-22,THB,KRW,reference,30.29
2002-04-22,USD,KRW,reference,1310.8
2002-04-23,AED,KRW,reference,356.36
2002-04-23,AUD,KRW,reference,708.44
2002-04-23,BHD,KRW,reference,3471.42
2002-04-23,CAD,KRW,reference,833.16
2002-04-23,CHF,KRW,reference,792.62
2002-04-23,CNY,KRW,reference,158.13
2002-04-23,DKK,KRW,reference,156.65
2002-04-23,EUR,KRW,reference,1163.81
2002-04-23,GBP,KRW,reference,1898.1
2002-04-23,HKD,KRW,reference,167.82
2002-04-23,IDR,KRW,reference,0.1402
2002-04-23,JPY,KRW,reference,10.0588
2002-04-23,KWD,KRW,reference,4270.33
2002-04-23,MYR,KRW,reference,344.45
2002-04-23,NOK,KRW,reference,152.92
2002-04-23,NZD,KRW,reference,586.39
2002-04-23,SAR,KRW,reference,349.06
2002-04-23,SEK,KRW,reference,126.62
2002-04-23,SGD,KRW,reference,720.56
2002-04-23,THB,KRW,reference,30.28
2002-04-23,USD,KRW,reference,1308.9
2002-04-24,AED,KRW,reference,355.62
2002-04-24,AUD,KRW,reference,702.54
2002-04-24,BHD,KRW,reference,3464.26
2002-04-24,CAD,KRW,reference,829.81
2002-04-24,CHF,KRW,reference,791.47
2002-04-24,CNY,KRW,reference,157.81
2002-04-24,DKK,KRW,reference,156.18
2002-04-24,EUR,KRW,reference,1160.62
2002-04-24,GBP,KRW,reference,1890.53
2002-04-24,HKD,KRW,reference,167.48
2002-04-24,IDR,KRW,reference,0.1387
2002-04-24,JPY,KRW,reference,10.0319
2002-04-24,KWD,KRW,reference,4261.66
2002-04-24,MYR,KRW,reference,343.74
2002-04-24,NOK,KRW,reference,152.78
2002-04-24,NZD,KRW,reference,581
2002-04-24,SAR,KRW,reference,348.34
2002-04-24,SEK,KRW,reference,126.4
2002-04-24,SGD,KRW,reference,718.09
2002-04-24,THB,KRW,reference,30.17
2002-04-24,USD,KRW,reference,1306.2
2002-04-25,AED,KRW,reference,356.19
2002-04-25,AUD,KRW,reference,710.86
2002-04-25,BHD,KRW,reference,3469.83
2002-04-25,CAD,KRW,reference,834.37
2002-04-25,CHF,KRW,reference,796.53
2002-04-25,CNY,KRW,reference,158.06
2002-04-25,DKK,KRW,reference,157.05
2002-04-25,EUR,KRW,reference,1167.85
2002-04-25,GBP,KRW,reference,1896.38
2002-04-25,HKD,KRW,reference,167.74
2002-04-25,IDR,KRW,reference,0.1405
2002-04-25,JPY,KRW,reference,10.0988
2002-04-25,KWD,KRW,reference,4268.52
2002-04-25,MYR,KRW,reference,344.29
2002-04-25,NOK,KRW,reference,153.29
2002-04-25,NZD,KRW,reference,587.56
2002-04-25,SAR,KRW,reference,348.9
2002-04-25,SEK,KRW,reference,126.93
2002-04-25,SGD,KRW,reference,720.23
2002-04-25,THB,KRW,reference,30.24
2002-04-25,USD,KRW,reference,1308.3
2002-04-26,AED,KRW,reference,353.8
2002-04-26,AUD,KRW,reference,706.6
2002-04-26,BHD,KRW,reference,3446.49
2002-04-26,CAD,KRW,reference,829.98
2002-04-26,CHF,KRW,reference,797.48
2002-04-26,CNY,KRW,reference,156.99
2002-04-26,DKK,KRW,reference,157.08
2002-04-26,EUR,KRW,reference,1166.76
2002-04-26,GBP,KRW,reference,1890.45
2002-04-26,HKD,KRW,reference,166.62
2002-04-26,IDR,KRW,reference,0.1388
2002-04-26,JPY,KRW,reference,10.0959
2002-04-26,KWD,KRW,reference,4243.27
2002-04-26,MYR,KRW,reference,341.97
2002-04-26,NOK,KRW,reference,153.81
2002-04-26,NZD,KRW,reference,582.44
2002-04-26,SAR,KRW,reference,346.55
2002-04-26,SEK,KRW,reference,126.34
2002-04-26,SGD,KRW,reference,717.56
2002-04-26,THB,KRW,reference,30.08
2002-04-26,USD,KRW,reference,1299.5
2002-04-29,AED,KRW,reference,353.36
2002-04-29,AUD,KRW,reference,706.64
2002-04-29,BHD,KRW,reference,3442.25
2002-04-29,CAD,KRW,reference,830.98
2002-04-29,CHF,KRW,reference,799.1
2002-04-29,CNY,KRW,reference,156.8
2002-04-29,DKK,KRW,reference,157.43
2002-04-29,EUR,KRW,reference,1170.12
2002-04-29,GBP,KRW,reference,1891.82
2002-04-29,HKD,KRW,reference,166.41
2002-04-29,IDR,KRW,reference,0.13970000000000002
2002-04-29,JPY,KRW,reference,10.1573
2002-04-29,KWD,KRW,reference,4238.04
2002-04-29,MYR,KRW,reference,341.55
2002-04-29,NOK,KRW,reference,154.68
2002-04-29,NZD,KRW,reference,585.29
2002-04-29,SAR,KRW,reference,346.13
2002-04-29,SEK,KRW,reference,126.87
2002-04-29,SGD,KRW,reference,719.46
2002-04-29,THB,KRW,reference,30.04
2002-04-29,USD,KRW,reference,1297.9
2002-04-30,AED,KRW,reference,351.81
2002-04-30,AUD,KRW,reference,697.46
2002-04-30,BHD,KRW,reference,3427.13
2002-04-30,CAD,KRW,reference,824.63
2002-04-30,CHF,KRW,reference,797.53
2002-04-30,CNY,KRW,reference,156.12
2002-04-30,DKK,KRW,reference,157.1
2002-04-30,EUR,KRW,reference,1167.31
2002-04-30,GBP,KRW,reference,1884.03
2002-04-30,HKD,KRW,reference,165.68
2002-04-30,IDR,KRW,reference,0.1387
2002-04-30,JPY,KRW,reference,10.0831
2002-04-30,KWD,KRW,reference,4223.57
2002-04-30,MYR,KRW,reference,340.05
2002-04-30,NOK,KRW,reference,154.03
2002-04-30,NZD,KRW,reference,578.26
2002-04-30,SAR,KRW,reference,344.61
2002-04-30,SEK,KRW,reference,126.53
2002-04-30,SGD,KRW,reference,714.71
2002-04-30,THB,KRW,reference,29.91
2002-04-30,USD,KRW,reference,1292.2
2002-05-02,AED,KRW,reference,352.22
2002-05-02,AUD,KRW,reference,697.89
2002-05-02,BHD,KRW,reference,3431.11
2002-05-02,CAD,KRW,reference,829.29
2002-05-02,CHF,KRW,reference,806.6
2002-05-02,CNY,KRW,reference,156.29
2002-05-02,DKK,KRW,reference,157.86
2002-05-02,EUR,KRW,reference,1173.06
2002-05-02,GBP,KRW,reference,1895.66
2002-05-02,HKD,KRW,reference,165.88
2002-05-02,IDR,KRW,reference,0.1388
2002-05-02,JPY,KRW,reference,10.167
2002-05-02,KWD,KRW,reference,4228.47
2002-05-02,MYR,KRW,reference,340.45
2002-05-02,NOK,KRW,reference,154.8
2002-05-02,NZD,KRW,reference,581.13
2002-05-02,SAR,KRW,reference,345.01
2002-05-02,SEK,KRW,reference,126.6
2002-05-02,SGD,KRW,reference,716.43
2002-05-02,THB,KRW,reference,29.95
2002-05-02,USD,KRW,reference,1293.7
2002-05-03,AED,KRW,reference,350.64
2002-05-03,AUD,KRW,reference,689.61
2002-05-03,BHD,KRW,reference,3415.73
2002-05-03,CAD,KRW,reference,824.26
2002-05-03,CHF,KRW,reference,800.41
2002-05-03,CNY,KRW,reference,155.59
2002-05-03,DKK,KRW,reference,156.54
2002-05-03,EUR,KRW,reference,1162.91
2002-05-03,GBP,KRW,reference,1883.88
2002-05-03,HKD,KRW,reference,165.13
2002-05-03,IDR,KRW,reference,0.138
2002-05-03,JPY,KRW,reference,10.0716
2002-05-03,KWD,KRW,reference,4213.64
2002-05-03,MYR,KRW,reference,338.92
2002-05-03,NOK,KRW,reference,153.77
2002-05-03,NZD,KRW,reference,573.76
2002-05-03,SAR,KRW,reference,343.46
2002-05-03,SEK,KRW,reference,125.58
2002-05-03,SGD,KRW,reference,710.96
2002-05-03,THB,KRW,reference,29.86
2002-05-03,USD,KRW,reference,1287.9
2002-05-06,AED,KRW,reference,350.72
2002-05-06,AUD,KRW,reference,695.95
2002-05-06,BHD,KRW,reference,3416.52
2002-05-06,CAD,KRW,reference,823.76
2002-05-06,CHF,KRW,reference,811.26
2002-05-06,CNY,KRW,reference,155.63
2002-05-06,DKK,KRW,reference,159.07
2002-05-06,EUR,KRW,reference,1180.96
2002-05-06,GBP,KRW,reference,1891.85
2002-05-06,HKD,KRW,reference,165.17
2002-05-06,IDR,KRW,reference,0.1386
2002-05-06,JPY,KRW,reference,10.1469
2002-05-06,KWD,KRW,reference,4218.35
2002-05-06,MYR,KRW,reference,339
2002-05-06,NOK,KRW,reference,156.04
2002-05-06,NZD,KRW,reference,578.47
2002-05-06,SAR,KRW,reference,343.54
2002-05-06,SEK,KRW,reference,127.37
2002-05-06,SGD,KRW,reference,713.96
2002-05-06,THB,KRW,reference,29.92
2002-05-06,USD,KRW,reference,1288.2
2002-05-07,AED,KRW,reference,348.52
2002-05-07,AUD,KRW,reference,691.06
2002-05-07,BHD,KRW,reference,3395.04
2002-05-07,CAD,KRW,reference,815.97
2002-05-07,CHF,KRW,reference,807.63
2002-05-07,CNY,KRW,reference,154.65
2002-05-07,DKK,KRW,reference,158.16
2002-05-07,EUR,KRW,reference,1174.94
2002-05-07,GBP,KRW,reference,1879.83
2002-05-07,HKD,KRW,reference,164.13
2002-05-07,IDR,KRW,reference,0.138
2002-05-07,JPY,KRW,reference,10.068
2002-05-07,KWD,KRW,reference,4196.64
2002-05-07,MYR,KRW,reference,336.87
2002-05-07,NOK,KRW,reference,154.9
2002-05-07,NZD,KRW,reference,574.12
2002-05-07,SAR,KRW,reference,341.38
2002-05-07,SEK,KRW,reference,126.55
2002-05-07,SGD,KRW,reference,710.77
2002-05-07,THB,KRW,reference,29.83
2002-05-07,USD,KRW,reference,1280.1
2002-05-08,AED,KRW,reference,348.3
2002-05-08,AUD,KRW,reference,690.25
2002-05-08,BHD,KRW,reference,3392.92
2002-05-08,CAD,KRW,reference,816.3
2002-05-08,CHF,KRW,reference,802.7
2002-05-08,CNY,KRW,reference,154.56
2002-05-08,DKK,KRW,reference,157.56
2002-05-08,EUR,KRW,reference,1167.81
2002-05-08,GBP,KRW,reference,1874.75
2002-05-08,HKD,KRW,reference,164.03
2002-05-08,IDR,KRW,reference,0.1378
2002-05-08,JPY,KRW,reference,9.9809
2002-05-08,KWD,KRW,reference,4191.4
2002-05-08,MYR,KRW,reference,336.66
2002-05-08,NOK,KRW,reference,153.58
2002-05-08,NZD,KRW,reference,574.02
2002-05-08,SAR,KRW,reference,341.16
2002-05-08,SEK,KRW,reference,124.92
2002-05-08,SGD,KRW,reference,707.77
2002-05-08,THB,KRW,reference,29.81
2002-05-08,USD,KRW,reference,1279.3
2002-05-09,AED,KRW,reference,349.47
2002-05-09,AUD,KRW,reference,694.62
2002-05-09,BHD,KRW,reference,3404.32
2002-05-09,CAD,KRW,reference,817.22
2002-05-09,CHF,KRW,reference,797.37
2002-05-09,CNY,KRW,reference,155.07
2002-05-09,DKK,KRW,reference,156.16
2002-05-09,EUR,KRW,reference,1160.7
2002-05-09,GBP,KRW,reference,1868.79
2002-05-09,HKD,KRW,reference,164.58
2002-05-09,IDR,KRW,reference,0.1383
2002-05-09,JPY,KRW,reference,9.9461
2002-05-09,KWD,KRW,reference,4197.79
2002-05-09,MYR,KRW,reference,337.79
2002-05-09,NOK,KRW,reference,153.34
2002-05-09,NZD,KRW,reference,574.8
2002-05-09,SAR,KRW,reference,342.31
2002-05-09,SEK,KRW,reference,124.89
2002-05-09,SGD,KRW,reference,709.17
2002-05-09,THB,KRW,reference,29.92
2002-05-09,USD,KRW,reference,1283.6
2002-05-10,AED,KRW,reference,349.8
2002-05-10,AUD,KRW,reference,697.58
2002-05-10,BHD,KRW,reference,3407.51
2002-05-10,CAD,KRW,reference,820.59
2002-05-10,CHF,KRW,reference,803.5
2002-05-10,CNY,KRW,reference,155.22
2002-05-10,DKK,KRW,reference,157.01
2002-05-10,EUR,KRW,reference,1168.08
2002-05-10,GBP,KRW,reference,1875.23
2002-05-10,HKD,KRW,reference,164.73
2002-05-10,IDR,KRW,reference,0.1386
2002-05-10,JPY,KRW,reference,10.0051
2002-05-10,KWD,KRW,reference,4207.22
2002-05-10,MYR,KRW,reference,338.11
2002-05-10,NOK,KRW,reference,154.51
2002-05-10,NZD,KRW,reference,580.34
2002-05-10,SAR,KRW,reference,342.63
2002-05-10,SEK,KRW,reference,125.38
2002-05-10,SGD,KRW,reference,710.27
2002-05-10,THB,KRW,reference,29.95
2002-05-10,USD,KRW,reference,1284.8
2002-05-13,AED,KRW,reference,348.52
2002-05-13,AUD,KRW,reference,696.82
2002-05-13,BHD,KRW,reference,3395.04
2002-05-13,CAD,KRW,reference,821.47
2002-05-13,CHF,KRW,reference,804.34
2002-05-13,CNY,KRW,reference,154.66
2002-05-13,DKK,KRW,reference,157.27
2002-05-13,EUR,KRW,reference,1168.54
2002-05-13,GBP,KRW,reference,1872.4
2002-05-13,HKD,KRW,reference,164.13
2002-05-13,IDR,KRW,reference,0.1379
2002-05-13,JPY,KRW,reference,10.0298
2002-05-13,KWD,KRW,reference,4191.83
2002-05-13,MYR,KRW,reference,336.87
2002-05-13,NOK,KRW,reference,154.72
2002-05-13,NZD,KRW,reference,580.53
2002-05-13,SAR,KRW,reference,341.33
2002-05-13,SEK,KRW,reference,125.28
2002-05-13,SGD,KRW,reference,709.92
2002-05-13,THB,KRW,reference,29.84
2002-05-13,USD,KRW,reference,1280.1
2002-05-14,AED,KRW,reference,347.05
2002-05-14,AUD,KRW,reference,697.13
2002-05-14,BHD,KRW,reference,3380.72
2002-05-14,CAD,KRW,reference,819.58
2002-05-14,CHF,KRW,reference,798.68
2002-05-14,CNY,KRW,reference,154
2002-05-14,DKK,KRW,reference,156.28
2002-05-14,EUR,KRW,reference,1162.14
2002-05-14,GBP,KRW,reference,1858.26
2002-05-14,HKD,KRW,reference,163.44
2002-05-14,IDR,KRW,reference,0.1375
2002-05-14,JPY,KRW,reference,9.9789
2002-05-14,KWD,KRW,reference,4174.14
2002-05-14,MYR,KRW,reference,335.45
2002-05-14,NOK,KRW,reference,154.03
2002-05-14,NZD,KRW,reference,581.14
2002-05-14,SAR,KRW,reference,339.89
2002-05-14,SEK,KRW,reference,124.36
2002-05-14,SGD,KRW,reference,707.11
2002-05-14,THB,KRW,reference,29.79
2002-05-14,USD,KRW,reference,1274.7
2002-05-15,AED,KRW,reference,348.05
2002-05-15,AUD,KRW,reference,700.24
2002-05-15,BHD,KRW,reference,3390.53
2002-05-15,CAD,KRW,reference,820.12
2002-05-15,CHF,KRW,reference,792.17
2002-05-15,CNY,KRW,reference,154.45
2002-05-15,DKK,KRW,reference,155.22
2002-05-15,EUR,KRW,reference,1152.48
2002-05-15,GBP,KRW,reference,1852.08
2002-05-15,HKD,KRW,reference,163.92
2002-05-15,IDR,KRW,reference,0.138
2002-05-15,JPY,KRW,reference,9.9486
2002-05-15,KWD,KRW,reference,4183.25
2002-05-15,MYR,KRW,reference,336.42
2002-05-15,NOK,KRW,reference,152.79
2002-05-15,NZD,KRW,reference,585.76
2002-05-15,SAR,KRW,reference,340.88
2002-05-15,SEK,KRW,reference,124.82
2002-05-15,SGD,KRW,reference,706.88
2002-05-15,THB,KRW,reference,29.83
2002-05-15,USD,KRW,reference,1278.4
2002-05-16,AED,KRW,reference,348.19
2002-05-16,AUD,KRW,reference,701.8
2002-05-16,BHD,KRW,reference,3391.86
2002-05-16,CAD,KRW,reference,821.39
2002-05-16,CHF,KRW,reference,800.86
2002-05-16,CNY,KRW,reference,154.51
2002-05-16,DKK,KRW,reference,156.81
2002-05-16,EUR,KRW,reference,1166.04
2002-05-16,GBP,KRW,reference,1867.64
2002-05-16,HKD,KRW,reference,163.98
2002-05-16,IDR,KRW,reference,0.1386
2002-05-16,JPY,KRW,reference,10.0157
2002-05-16,KWD,KRW,reference,4182.83
2002-05-16,MYR,KRW,reference,336.55
2002-05-16,NOK,KRW,reference,154.5
2002-05-16,NZD,KRW,reference,586.76
2002-05-16,SAR,KRW,reference,341.01
2002-05-16,SEK,KRW,reference,126.23
2002-05-16,SGD,KRW,reference,709.12
2002-05-16,THB,KRW,reference,29.84
2002-05-16,USD,KRW,reference,1278.9
2002-05-17,AED,KRW,reference,346.39
2002-05-17,AUD,KRW,reference,697.28
2002-05-17,BHD,KRW,reference,3374.35
2002-05-17,CAD,KRW,reference,818.73
2002-05-17,CHF,KRW,reference,797.26
2002-05-17,CNY,KRW,reference,153.72
2002-05-17,DKK,KRW,reference,155.95
2002-05-17,EUR,KRW,reference,1160.27
2002-05-17,GBP,KRW,reference,1852.21
2002-05-17,HKD,KRW,reference,163.14
2002-05-17,IDR,KRW,reference,0.1392
2002-05-17,JPY,KRW,reference,9.9406
2002-05-17,KWD,KRW,reference,4164.65
2002-05-17,MYR,KRW,reference,334.82
2002-05-17,NOK,KRW,reference,153.5
2002-05-17,NZD,KRW,reference,585.51
2002-05-17,SAR,KRW,reference,339.25
2002-05-17,SEK,KRW,reference,125.77
2002-05-17,SGD,KRW,reference,704.76
2002-05-17,THB,KRW,reference,29.71
2002-05-17,USD,KRW,reference,1272.3
2002-05-20,AED,KRW,reference,344.65
2002-05-20,AUD,KRW,reference,698.33
2002-05-20,BHD,KRW,reference,3357.38
2002-05-20,CAD,KRW,reference,818.61
2002-05-20,CHF,KRW,reference,801.71
2002-05-20,CNY,KRW,reference,152.95
2002-05-20,DKK,KRW,reference,156.74
2002-05-20,EUR,KRW,reference,1165.2
2002-05-20,GBP,KRW,reference,1847.45
2002-05-20,HKD,KRW,reference,162.32
2002-05-20,IDR,KRW,reference,0.1394
2002-05-20,JPY,KRW,reference,10.0337
2002-05-20,KWD,KRW,reference,4150.49
2002-05-20,MYR,KRW,reference,333.13
2002-05-20,NOK,KRW,reference,154.31
2002-05-20,NZD,KRW,reference,588.01
2002-05-20,SAR,KRW,reference,337.55
2002-05-20,SEK,KRW,reference,126.49
2002-05-20,SGD,KRW,reference,704.84
2002-05-20,THB,KRW,reference,29.73
2002-05-20,USD,KRW,reference,1265.9
2002-05-21,AED,KRW,reference,341.22
2002-05-21,AUD,KRW,reference,695.52
2002-05-21,BHD,KRW,reference,3323.96
2002-05-21,CAD,KRW,reference,812.72
2002-05-21,CHF,KRW,reference,794.54
2002-05-21,CNY,KRW,reference,151.42
2002-05-21,DKK,KRW,reference,155.23
2002-05-21,EUR,KRW,reference,1154.35
2002-05-21,GBP,KRW,reference,1829.38
2002-05-21,HKD,KRW,reference,160.71
2002-05-21,IDR,KRW,reference,0.1388
2002-05-21,JPY,KRW,reference,9.992
2002-05-21,KWD,KRW,reference,4110.53
2002-05-21,MYR,KRW,reference,329.82
2002-05-21,NOK,KRW,reference,153.32
2002-05-21,NZD,KRW,reference,584.16
2002-05-21,SAR,KRW,reference,334.19
2002-05-21,SEK,KRW,reference,125.42
2002-05-21,SGD,KRW,reference,700.56
2002-05-21,THB,KRW,reference,29.43
2002-05-21,USD,KRW,reference,1253.3
2002-05-22,AED,KRW,reference,342.06
2002-05-22,AUD,KRW,reference,697.74
2002-05-22,BHD,KRW,reference,3332.18
2002-05-22,CAD,KRW,reference,817.12
2002-05-22,CHF,KRW,reference,795.27
2002-05-22,CNY,KRW,reference,151.8
2002-05-22,DKK,KRW,reference,155.27
2002-05-22,EUR,KRW,reference,1154.32
2002-05-22,GBP,KRW,reference,1832.9
2002-05-22,HKD,KRW,reference,161.09
2002-05-22,IDR,KRW,reference,0.1393
2002-05-22,JPY,KRW,reference,10.1115
2002-05-22,KWD,KRW,reference,4121.37
2002-05-22,MYR,KRW,reference,330.63
2002-05-22,NOK,KRW,reference,153.38
2002-05-22,NZD,KRW,reference,586.11
2002-05-22,SAR,KRW,reference,335.01
2002-05-22,SEK,KRW,reference,125.85
2002-05-22,SGD,KRW,reference,701.9
2002-05-22,THB,KRW,reference,29.53
2002-05-22,USD,KRW,reference,1256.4
2002-05-23,AED,KRW,reference,339.04
2002-05-23,AUD,KRW,reference,695.44
2002-05-23,BHD,KRW,reference,3302.74
2002-05-23,CAD,KRW,reference,812.43
2002-05-23,CHF,KRW,reference,793.59
2002-05-23,CNY,KRW,reference,150.45
2002-05-23,DKK,KRW,reference,154.82
2002-05-23,EUR,KRW,reference,1152.59
2002-05-23,GBP,KRW,reference,1818.76
2002-05-23,HKD,KRW,reference,159.66
2002-05-23,IDR,KRW,reference,0.1375
2002-05-23,JPY,KRW,reference,10.0141
2002-05-23,KWD,KRW,reference,4086.3
2002-05-23,MYR,KRW,reference,327.71
2002-05-23,NOK,KRW,reference,154.18
2002-05-23,NZD,KRW,reference,588.4
2002-05-23,SAR,KRW,reference,332.05
2002-05-23,SEK,KRW,reference,126.14
2002-05-23,SGD,KRW,reference,694.79
2002-05-23,THB,KRW,reference,29.11
2002-05-23,USD,KRW,reference,1245.3
2002-05-24,AED,KRW,reference,339.7
2002-05-24,AUD,KRW,reference,691.16
2002-05-24,BHD,KRW,reference,3309.11
2002-05-24,CAD,KRW,reference,813.2
2002-05-24,CHF,KRW,reference,789.93
2002-05-24,CNY,KRW,reference,150.74
2002-05-24,DKK,KRW,reference,154.73
2002-05-24,EUR,KRW,reference,1148.94
2002-05-24,GBP,KRW,reference,1813.78
2002-05-24,HKD,KRW,reference,159.96
2002-05-24,IDR,KRW,reference,0.1396
2002-05-24,JPY,KRW,reference,9.983600000000001
2002-05-24,KWD,KRW,reference,4091.49
2002-05-24,MYR,KRW,reference,328.34
2002-05-24,NOK,KRW,reference,154.22
2002-05-24,NZD,KRW,reference,583.17
2002-05-24,SAR,KRW,reference,332.69
2002-05-24,SEK,KRW,reference,126
2002-05-24,SGD,KRW,reference,692.78
2002-05-24,THB,KRW,reference,29.1
2002-05-24,USD,KRW,reference,1247.7
2002-05-27,AED,KRW,reference,339.7
2002-05-27,AUD,KRW,reference,694.28
2002-05-27,BHD,KRW,reference,3309.11
2002-05-27,CAD,KRW,reference,813.79
2002-05-27,CHF,KRW,reference,788.46
2002-05-27,CNY,KRW,reference,150.74
2002-05-27,DKK,KRW,reference,154.62
2002-05-27,EUR,KRW,reference,1148.7
2002-05-27,GBP,KRW,reference,1817.84
2002-05-27,HKD,KRW,reference,159.96
2002-05-27,IDR,KRW,reference,0.13949999999999999
2002-05-27,JPY,KRW,reference,9.994
2002-05-27,KWD,KRW,reference,4093.24
2002-05-27,MYR,KRW,reference,328.34
2002-05-27,NOK,KRW,reference,154.49
2002-05-27,NZD,KRW,reference,587.42
2002-05-27,SAR,KRW,reference,332.69
2002-05-27,SEK,KRW,reference,125.9
2002-05-27,SGD,KRW,reference,693.74
2002-05-27,THB,KRW,reference,29.12
2002-05-27,USD,KRW,reference,1247.7
2002-05-28,AED,KRW,reference,336.92
2002-05-28,AUD,KRW,reference,690.83
2002-05-28,BHD,KRW,reference,3282.49
2002-05-28,CAD,KRW,reference,807.08
2002-05-28,CHF,KRW,reference,781.87
2002-05-28,CNY,KRW,reference,149.51
2002-05-28,DKK,KRW,reference,153.34
2002-05-28,EUR,KRW,reference,1139.43
2002-05-28,GBP,KRW,reference,1801.61
2002-05-28,HKD,KRW,reference,158.66
2002-05-28,IDR,KRW,reference,0.139
2002-05-28,JPY,KRW,reference,9.9163
2002-05-28,KWD,KRW,reference,4059.37
2002-05-28,MYR,KRW,reference,325.66
2002-05-28,NOK,KRW,reference,153.43
2002-05-28,NZD,KRW,reference,585.46
2002-05-28,SAR,KRW,reference,329.97
2002-05-28,SEK,KRW,reference,124.7
2002-05-28,SGD,KRW,reference,689.42
2002-05-28,THB,KRW,reference,28.93
2002-05-28,USD,KRW,reference,1237.5
2002-05-29,AED,KRW,reference,335.04
2002-05-29,AUD,KRW,reference,691.17
2002-05-29,BHD,KRW,reference,3263.76
2002-05-29,CAD,KRW,reference,803.79
2002-05-29,CHF,KRW,reference,782.23
2002-05-29,CNY,KRW,reference,148.68
2002-05-29,DKK,KRW,reference,153.69
2002-05-29,EUR,KRW,reference,1143.29
2002-05-29,GBP,KRW,reference,1795.88
2002-05-29,HKD,KRW,reference,157.77
2002-05-29,IDR,KRW,reference,0.139
2002-05-29,JPY,KRW,reference,9.8863
2002-05-29,KWD,KRW,reference,4036.74
2002-05-29,MYR,KRW,reference,323.84
2002-05-29,NOK,KRW,reference,154.8
2002-05-29,NZD,KRW,reference,585.52
2002-05-29,SAR,KRW,reference,328.13
2002-05-29,SEK,KRW,reference,124.78
2002-05-29,SGD,KRW,reference,686.05
2002-05-29,THB,KRW,reference,28.92
2002-05-29,USD,KRW,reference,1230.6
2002-05-30,AED,KRW,reference,336.48
2002-05-30,AUD,KRW,reference,696.86
2002-05-30,BHD,KRW,reference,3277.81
2002-05-30,CAD,KRW,reference,805.46
2002-05-30,CHF,KRW,reference,788.1
2002-05-30,CNY,KRW,reference,149.32
2002-05-30,DKK,KRW,reference,155.47
2002-05-30,EUR,KRW,reference,1155.94
2002-05-30,GBP,KRW,reference,1807.07
2002-05-30,HKD,KRW,reference,158.45
2002-05-30,IDR,KRW,reference,0.1399
2002-05-30,JPY,KRW,reference,9.9481
2002-05-30,KWD,KRW,reference,4060.25
2002-05-30,MYR,KRW,reference,325.24
2002-05-30,NOK,KRW,reference,156.1
2002-05-30,NZD,KRW,reference,589.52
2002-05-30,SAR,KRW,reference,329.55
2002-05-30,SEK,KRW,reference,126.24
2002-05-30,SGD,KRW,reference,689.1
2002-05-30,THB,KRW,reference,29.11
2002-05-30,USD,KRW,reference,1235.9
2002-05-31,AED,KRW,reference,335.77
2002-05-31,AUD,KRW,reference,694.16
2002-05-31,BHD,KRW,reference,3270.92
2002-05-31,CAD,KRW,reference,803.87
2002-05-31,CHF,KRW,reference,788.76
2002-05-31,CNY,KRW,reference,149.01
2002-05-31,DKK,KRW,reference,155.87
2002-05-31,EUR,KRW,reference,1155.05
2002-05-31,GBP,KRW,reference,1805.98
2002-05-31,HKD,KRW,reference,158.12
2002-05-31,IDR,KRW,reference,0.1396
2002-05-31,JPY,KRW,reference,9.985
2002-05-31,KWD,KRW,reference,4053.97
2002-05-31,MYR,KRW,reference,324.55
2002-05-31,NOK,KRW,reference,155.35
2002-05-31,NZD,KRW,reference,585.2
2002-05-31,SAR,KRW,reference,328.85
2002-05-31,SEK,KRW,reference,126.66
2002-05-31,SGD,KRW,reference,690.65
2002-05-31,THB,KRW,reference,29.09
2002-05-31,USD,KRW,reference,1233.3
2002-06-03,AED,KRW,reference,333.84
2002-06-03,AUD,KRW,reference,694.34
2002-06-03,BHD,KRW,reference,3252.09
2002-06-03,CAD,KRW,reference,802.49
2002-06-03,CHF,KRW,reference,780.52
2002-06-03,CNY,KRW,reference,148.15
2002-06-03,DKK,KRW,reference,153.66
2002-06-03,EUR,KRW,reference,1143.25
2002-06-03,GBP,KRW,reference,1785.53
2002-06-03,HKD,KRW,reference,157.21
2002-06-03,IDR,KRW,reference,0.1412
2002-06-03,JPY,KRW,reference,9.8633
2002-06-03,KWD,KRW,reference,4026.66
2002-06-03,MYR,KRW,reference,322.68
2002-06-03,NOK,KRW,reference,153.06
2002-06-03,NZD,KRW,reference,589.37
2002-06-03,SAR,KRW,reference,326.98
2002-06-03,SEK,KRW,reference,125.74
2002-06-03,SGD,KRW,reference,685.43
2002-06-03,THB,KRW,reference,28.97
2002-06-03,USD,KRW,reference,1226.2
2002-06-04,AED,KRW,reference,334.49
2002-06-04,AUD,KRW,reference,704.79
2002-06-04,BHD,KRW,reference,3259.32
2002-06-04,CAD,KRW,reference,804.79
2002-06-04,CHF,KRW,reference,787.08
2002-06-04,CNY,KRW,reference,148.44
2002-06-04,DKK,KRW,reference,155.38
2002-06-04,EUR,KRW,reference,1156.36
2002-06-04,GBP,KRW,reference,1797.75
2002-06-04,HKD,KRW,reference,157.52
2002-06-04,IDR,KRW,reference,0.1439
2002-06-04,JPY,KRW,reference,9.936900000000001
2002-06-04,KWD,KRW,reference,4040.65
2002-06-04,MYR,KRW,reference,323.32
2002-06-04,NOK,KRW,reference,155.16
2002-06-04,NZD,KRW,reference,597.71
2002-06-04,SAR,KRW,reference,327.62
2002-06-04,SEK,KRW,reference,126.81
2002-06-04,SGD,KRW,reference,687.71
2002-06-04,THB,KRW,reference,29
2002-06-04,USD,KRW,reference,1228.6
2002-06-05,AED,KRW,reference,332.73
2002-06-05,AUD,KRW,reference,702.04
2002-06-05,BHD,KRW,reference,3242.07
2002-06-05,CAD,KRW,reference,797.82
2002-06-05,CHF,KRW,reference,781.32
2002-06-05,CNY,KRW,reference,147.65
2002-06-05,DKK,KRW,reference,154.87
2002-06-05,EUR,KRW,reference,1148.65
2002-06-05,GBP,KRW,reference,1783.35
2002-06-05,HKD,KRW,reference,156.68
2002-06-05,IDR,KRW,reference,0.1417
2002-06-05,JPY,KRW,reference,9.8457
2002-06-05,KWD,KRW,reference,4015.71
2002-06-05,MYR,KRW,reference,321.61
2002-06-05,NOK,KRW,reference,154.52
2002-06-05,NZD,KRW,reference,597.85
2002-06-05,SAR,KRW,reference,325.88
2002-06-05,SEK,KRW,reference,125.8
2002-06-05,SGD,KRW,reference,683.69
2002-06-05,THB,KRW,reference,28.88
2002-06-05,USD,KRW,reference,1222.1
2002-06-07,AED,KRW,reference,332.59
2002-06-07,AUD,KRW,reference,702.24
2002-06-07,BHD,KRW,reference,3240.75
2002-06-07,CAD,KRW,reference,796.87
2002-06-07,CHF,KRW,reference,784.18
2002-06-07,CNY,KRW,reference,147.59
2002-06-07,DKK,KRW,reference,155.48
2002-06-07,EUR,KRW,reference,1156.18
2002-06-07,GBP,KRW,reference,1782.74
2002-06-07,HKD,KRW,reference,156.62
2002-06-07,IDR,KRW,reference,0.1354
2002-06-07,JPY,KRW,reference,9.8457
2002-06-07,KWD,KRW,reference,4015.12
2002-06-07,MYR,KRW,reference,321.47
2002-06-07,NOK,KRW,reference,155.71
2002-06-07,NZD,KRW,reference,600.54
2002-06-07,SAR,KRW,reference,325.75
2002-06-07,SEK,KRW,reference,126.09
2002-06-07,SGD,KRW,reference,680.18
2002-06-07,THB,KRW,reference,28.76
2002-06-07,USD,KRW,reference,1221.6
2002-06-10,AED,KRW,reference,334.44
2002-06-10,AUD,KRW,reference,701.35
2002-06-10,BHD,KRW,reference,3257.92
2002-06-10,CAD,KRW,reference,801.36
2002-06-10,CHF,KRW,reference,788.37
2002-06-10,CNY,KRW,reference,148.41
2002-06-10,DKK,KRW,reference,156.05
2002-06-10,EUR,KRW,reference,1158.93
2002-06-10,GBP,KRW,reference,1792.67
2002-06-10,HKD,KRW,reference,157.49
2002-06-10,IDR,KRW,reference,0.1384
2002-06-10,JPY,KRW,reference,9.8572
2002-06-10,KWD,KRW,reference,4040.12
2002-06-10,MYR,KRW,reference,323.26
2002-06-10,NOK,KRW,reference,156.1
2002-06-10,NZD,KRW,reference,599.58
2002-06-10,SAR,KRW,reference,327.56
2002-06-10,SEK,KRW,reference,125.73
2002-06-10,SGD,KRW,reference,685.61
2002-06-10,THB,KRW,reference,28.98
2002-06-10,USD,KRW,reference,1228.4
2002-06-11,AED,KRW,reference,334.74
2002-06-11,AUD,KRW,reference,699.03
2002-06-11,BHD,KRW,reference,3260.84
2002-06-11,CAD,KRW,reference,798.53
2002-06-11,CHF,KRW,reference,787.89
2002-06-11,CNY,KRW,reference,148.54
2002-06-11,DKK,KRW,reference,156.15
2002-06-11,EUR,KRW,reference,1159.79
2002-06-11,GBP,KRW,reference,1794.76
2002-06-11,HKD,KRW,reference,157.63
2002-06-11,IDR,KRW,reference,0.1411
2002-06-11,JPY,KRW,reference,9.854099999999999
2002-06-11,KWD,KRW,reference,4039.76
2002-06-11,MYR,KRW,reference,323.55
2002-06-11,NOK,KRW,reference,156.11
2002-06-11,NZD,KRW,reference,598.52
2002-06-11,SAR,KRW,reference,327.86
2002-06-11,SEK,KRW,reference,126.53
2002-06-11,SGD,KRW,reference,686.7
2002-06-11,THB,KRW,reference,29.02
2002-06-11,USD,KRW,reference,1229.5
2002-06-12,AED,KRW,reference,334.2
2002-06-12,AUD,KRW,reference,698.02
2002-06-12,BHD,KRW,reference,3255.54
2002-06-12,CAD,KRW,reference,799.15
2002-06-12,CHF,KRW,reference,788.78
2002-06-12,CNY,KRW,reference,148.31
2002-06-12,DKK,KRW,reference,156.48
2002-06-12,EUR,KRW,reference,1163.85
2002-06-12,GBP,KRW,reference,1806.51
2002-06-12,HKD,KRW,reference,157.38
2002-06-12,IDR,KRW,reference,0.14
2002-06-12,JPY,KRW,reference,9.7996
2002-06-12,KWD,KRW,reference,4034.51
2002-06-12,MYR,KRW,reference,323.03
2002-06-12,NOK,KRW,reference,156.62
2002-06-12,NZD,KRW,reference,600.62
2002-06-12,SAR,KRW,reference,327.32
2002-06-12,SEK,KRW,reference,127.11
2002-06-12,SGD,KRW,reference,685.37
2002-06-12,THB,KRW,reference,29.01
2002-06-12,USD,KRW,reference,1227.5
2002-06-14,AED,KRW,reference,335.09
2002-06-14,AUD,KRW,reference,696.82
2002-06-14,BHD,KRW,reference,3264.29
2002-06-14,CAD,KRW,reference,799.53
2002-06-14,CHF,KRW,reference,786.76
2002-06-14,CNY,KRW,reference,148.7
2002-06-14,DKK,KRW,reference,156.02
2002-06-14,EUR,KRW,reference,1160.09
2002-06-14,GBP,KRW,reference,1811.12
2002-06-14,HKD,KRW,reference,157.79
2002-06-14,IDR,KRW,reference,0.1408
2002-06-14,JPY,KRW,reference,9.840499999999999
2002-06-14,KWD,KRW,reference,4048.55
2002-06-14,MYR,KRW,reference,323.89
2002-06-14,NOK,KRW,reference,156.54
2002-06-14,NZD,KRW,reference,600.02
2002-06-14,SAR,KRW,reference,328.19
2002-06-14,SEK,KRW,reference,126.91
2002-06-14,SGD,KRW,reference,688.94
2002-06-14,THB,KRW,reference,29.17
2002-06-14,USD,KRW,reference,1230.8
2002-06-17,AED,KRW,reference,335.34
2002-06-17,AUD,KRW,reference,690.8
2002-06-17,BHD,KRW,reference,3266.68
2002-06-17,CAD,KRW,reference,796.96
2002-06-17,CHF,KRW,reference,788.24
2002-06-17,CNY,KRW,reference,148.81
2002-06-17,DKK,KRW,reference,156.62
2002-06-17,EUR,KRW,reference,1163.4
2002-06-17,GBP,KRW,reference,1818.48
2002-06-17,HKD,KRW,reference,157.91
2002-06-17,IDR,KRW,reference,0.1424
2002-06-17,JPY,KRW,reference,9.9051
2002-06-17,KWD,KRW,reference,4050.31
2002-06-17,MYR,KRW,reference,324.13
2002-06-17,NOK,KRW,reference,156.62
2002-06-17,NZD,KRW,reference,596.02
2002-06-17,SAR,KRW,reference,328.43
2002-06-17,SEK,KRW,reference,127.66
2002-06-17,SGD,KRW,reference,688.79
2002-06-17,THB,KRW,reference,29.22
2002-06-17,USD,KRW,reference,1231.7
2002-06-18,AED,KRW,reference,336.59
2002-06-18,AUD,KRW,reference,689.92
2002-06-18,BHD,KRW,reference,3278.88
2002-06-18,CAD,KRW,reference,799.26
2002-06-18,CHF,KRW,reference,791.18
2002-06-18,CNY,KRW,reference,149.36
2002-06-18,DKK,KRW,reference,156.98
2002-06-18,EUR,KRW,reference,1167.87
2002-06-18,GBP,KRW,reference,1828.98
2002-06-18,HKD,KRW,reference,158.5
2002-06-18,IDR,KRW,reference,0.1424
2002-06-18,JPY,KRW,reference,9.9489
2002-06-18,KWD,KRW,reference,4065.44
2002-06-18,MYR,KRW,reference,325.34
2002-06-18,NOK,KRW,reference,157.53
2002-06-18,NZD,KRW,reference,598.12
2002-06-18,SAR,KRW,reference,329.65
2002-06-18,SEK,KRW,reference,129.12
2002-06-18,SGD,KRW,reference,691.06
2002-06-18,THB,KRW,reference,29.33
2002-06-18,USD,KRW,reference,1236.3
2002-06-19,AED,KRW,reference,335.72
2002-06-19,AUD,KRW,reference,697.13
2002-06-19,BHD,KRW,reference,3270.39
2002-06-19,CAD,KRW,reference,798.12
2002-06-19,CHF,KRW,reference,796.96
2002-06-19,CNY,KRW,reference,148.97
2002-06-19,DKK,KRW,reference,157.88
2002-06-19,EUR,KRW,reference,1175.45
2002-06-19,GBP,KRW,reference,1840.34
2002-06-19,HKD,KRW,reference,158.1
2002-06-19,IDR,KRW,reference,0.1426
2002-06-19,JPY,KRW,reference,9.9255
2002-06-19,KWD,KRW,reference,4054.92
2002-06-19,MYR,KRW,reference,324.5
2002-06-19,NOK,KRW,reference,158.29
2002-06-19,NZD,KRW,reference,601.51
2002-06-19,SAR,KRW,reference,328.8
2002-06-19,SEK,KRW,reference,129.28
2002-06-19,SGD,KRW,reference,687.73
2002-06-19,THB,KRW,reference,29.23
2002-06-19,USD,KRW,reference,1233.1
2002-06-20,AED,KRW,reference,335.07
2002-06-20,AUD,KRW,reference,695.65
2002-06-20,BHD,KRW,reference,3264.02
2002-06-20,CAD,KRW,reference,798.9
2002-06-20,CHF,KRW,reference,801.24
2002-06-20,CNY,KRW,reference,148.68
2002-06-20,DKK,KRW,reference,158.51
2002-06-20,EUR,KRW,reference,1177.16
2002-06-20,GBP,KRW,reference,1835.59
2002-06-20,HKD,KRW,reference,157.78
2002-06-20,IDR,KRW,reference,0.14279999999999998
2002-06-20,JPY,KRW,reference,9.921
2002-06-20,KWD,KRW,reference,4055.69
2002-06-20,MYR,KRW,reference,323.87
2002-06-20,NOK,KRW,reference,160.03
2002-06-20,NZD,KRW,reference,599.1
2002-06-20,SAR,KRW,reference,328.16
2002-06-20,SEK,KRW,reference,129.71
2002-06-20,SGD,KRW,reference,689.39
2002-06-20,THB,KRW,reference,29.23
2002-06-20,USD,KRW,reference,1230.7
2002-06-21,AED,KRW,reference,333.92
2002-06-21,AUD,KRW,reference,701.5
2002-06-21,BHD,KRW,reference,3252.88
2002-06-21,CAD,KRW,reference,802.79
2002-06-21,CHF,KRW,reference,804.84
2002-06-21,CNY,KRW,reference,148.18
2002-06-21,DKK,KRW,reference,159.46
2002-06-21,EUR,KRW,reference,1183.2
2002-06-21,GBP,KRW,reference,1838.34
2002-06-21,HKD,KRW,reference,157.24
2002-06-21,IDR,KRW,reference,0.14300000000000002
2002-06-21,JPY,KRW,reference,9.927200000000001
2002-06-21,KWD,KRW,reference,4044.52
2002-06-21,MYR,KRW,reference,322.76
2002-06-21,NOK,KRW,reference,160.61
2002-06-21,NZD,KRW,reference,603.81
2002-06-21,SAR,KRW,reference,327.04
2002-06-21,SEK,KRW,reference,130.86
2002-06-21,SGD,KRW,reference,689.63
2002-06-21,THB,KRW,reference,29.18
2002-06-21,USD,KRW,reference,1226.5
2002-06-24,AED,KRW,reference,332.21
2002-06-24,AUD,KRW,reference,700.09
2002-06-24,BHD,KRW,reference,3236.18
2002-06-24,CAD,KRW,reference,803.13
2002-06-24,CHF,KRW,reference,807.06
2002-06-24,CNY,KRW,reference,147.42
2002-06-24,DKK,KRW,reference,159.42
2002-06-24,EUR,KRW,reference,1183.53
2002-06-24,GBP,KRW,reference,1824.93
2002-06-24,HKD,KRW,reference,156.44
2002-06-24,IDR,KRW,reference,0.14150000000000001
2002-06-24,JPY,KRW,reference,10.0304
2002-06-24,KWD,KRW,reference,4029.19
2002-06-24,MYR,KRW,reference,321.11
2002-06-24,NOK,KRW,reference,160.26
2002-06-24,NZD,KRW,reference,608.15
2002-06-24,SAR,KRW,reference,325.36
2002-06-24,SEK,KRW,reference,130.89
2002-06-24,SGD,KRW,reference,688.79
2002-06-24,THB,KRW,reference,29.05
2002-06-24,USD,KRW,reference,1220.2
2002-06-25,AED,KRW,reference,330.06
2002-06-25,AUD,KRW,reference,694.95
2002-06-25,BHD,KRW,reference,3216.08
2002-06-25,CAD,KRW,reference,797.15
2002-06-25,CHF,KRW,reference,801.81
2002-06-25,CNY,KRW,reference,146.47
2002-06-25,DKK,KRW,reference,158.43
2002-06-25,EUR,KRW,reference,1176.96
2002-06-25,GBP,KRW,reference,1819.9
2002-06-25,HKD,KRW,reference,155.42
2002-06-25,IDR,KRW,reference,0.1414
2002-06-25,JPY,KRW,reference,9.9667
2002-06-25,KWD,KRW,reference,4002.58
2002-06-25,MYR,KRW,reference,319.03
2002-06-25,NOK,KRW,reference,159.61
2002-06-25,NZD,KRW,reference,597.91
2002-06-25,SAR,KRW,reference,323.24
2002-06-25,SEK,KRW,reference,130.14
2002-06-25,SGD,KRW,reference,686.25
2002-06-25,THB,KRW,reference,29.02
2002-06-25,USD,KRW,reference,1212.3
2002-06-26,AED,KRW,reference,330.25
2002-06-26,AUD,KRW,reference,697.17
2002-06-26,BHD,KRW,reference,3217.93
2002-06-26,CAD,KRW,reference,800.5
2002-06-26,CHF,KRW,reference,814.56
2002-06-26,CNY,KRW,reference,146.55
2002-06-26,DKK,KRW,reference,159.06
2002-06-26,EUR,KRW,reference,1195.59
2002-06-26,GBP,KRW,reference,1834.97
2002-06-26,HKD,KRW,reference,155.51
2002-06-26,IDR,KRW,reference,0.1402
2002-06-26,JPY,KRW,reference,10.026
2002-06-26,KWD,KRW,reference,4004.89
2002-06-26,MYR,KRW,reference,319.21
2002-06-26,NOK,KRW,reference,161.06
2002-06-26,NZD,KRW,reference,599.59
2002-06-26,SAR,KRW,reference,323.42
2002-06-26,SEK,KRW,reference,130.88
2002-06-26,SGD,KRW,reference,685.89
2002-06-26,THB,KRW,reference,28.96
2002-06-26,USD,KRW,reference,1213
2002-06-27,AED,KRW,reference,328.94
2002-06-27,AUD,KRW,reference,680.28
2002-06-27,BHD,KRW,reference,3205.2
2002-06-27,CAD,KRW,reference,795.23
2002-06-27,CHF,KRW,reference,808.08
2002-06-27,CNY,KRW,reference,145.97
2002-06-27,DKK,KRW,reference,161.14
2002-06-27,EUR,KRW,reference,1187
2002-06-27,GBP,KRW,reference,1841.84
2002-06-27,HKD,KRW,reference,154.9
2002-06-27,IDR,KRW,reference,0.1394
2002-06-27,JPY,KRW,reference,10.0688
2002-06-27,KWD,KRW,reference,4000
2002-06-27,MYR,KRW,reference,317.95
2002-06-27,NOK,KRW,reference,160.64
2002-06-27,NZD,KRW,reference,591.41
2002-06-27,SAR,KRW,reference,322.14
2002-06-27,SEK,KRW,reference,130.55
2002-06-27,SGD,KRW,reference,683.84
2002-06-27,THB,KRW,reference,28.97
2002-06-27,USD,KRW,reference,1208.2
2002-06-28,AED,KRW,reference,328.02
2002-06-28,AUD,KRW,reference,682.46
2002-06-28,BHD,KRW,reference,3196.18
2002-06-28,CAD,KRW,reference,796.72
2002-06-28,CHF,KRW,reference,809.76
2002-06-28,CNY,KRW,reference,145.56
2002-06-28,DKK,KRW,reference,160.24
2002-06-28,EUR,KRW,reference,1194.56
2002-06-28,GBP,KRW,reference,1842.86
2002-06-28,HKD,KRW,reference,154.46
2002-06-28,IDR,KRW,reference,0.1396
2002-06-28,JPY,KRW,reference,10.075700000000001
2002-06-28,KWD,KRW,reference,3988.74
2002-06-28,MYR,KRW,reference,317.05
2002-06-28,NOK,KRW,reference,160.81
2002-06-28,NZD,KRW,reference,591.2
2002-06-28,SAR,KRW,reference,321.24
2002-06-28,SEK,KRW,reference,130.96
2002-06-28,SGD,KRW,reference,681.56
2002-06-28,THB,KRW,reference,28.98
2002-06-28,USD,KRW,reference,1204.8
2002-07-02,AED,KRW,reference,327.2
2002-07-02,AUD,KRW,reference,675.11
2002-07-02,BHD,KRW,reference,3188.22
2002-07-02,CAD,KRW,reference,792.01
2002-07-02,CHF,KRW,reference,811.15
2002-07-02,CNY,KRW,reference,145.2
2002-07-02,DKK,KRW,reference,159.97
2002-07-02,EUR,KRW,reference,1191.95
2002-07-02,GBP,KRW,reference,1842.06
2002-07-02,HKD,KRW,reference,154.08
2002-07-02,IDR,KRW,reference,0.1382
2002-07-02,JPY,KRW,reference,10.038400000000001
2002-07-02,KWD,KRW,reference,3984.09
2002-07-02,MYR,KRW,reference,316.26
2002-07-02,NOK,KRW,reference,161
2002-07-02,NZD,KRW,reference,587.08
2002-07-02,SAR,KRW,reference,320.44
2002-07-02,SEK,KRW,reference,131.04
2002-07-02,SGD,KRW,reference,679.37
2002-07-02,THB,KRW,reference,28.92
2002-07-02,USD,KRW,reference,1201.8
2002-07-03,AED,KRW,reference,327.61
2002-07-03,AUD,KRW,reference,675.35
2002-07-03,BHD,KRW,reference,3192.2
2002-07-03,CAD,KRW,reference,788.74
2002-07-03,CHF,KRW,reference,807.85
2002-07-03,CNY,KRW,reference,145.38
2002-07-03,DKK,KRW,reference,159.45
2002-07-03,EUR,KRW,reference,1183.81
2002-07-03,GBP,KRW,reference,1843.03
2002-07-03,HKD,KRW,reference,154.27
2002-07-03,IDR,KRW,reference,0.1369
2002-07-03,JPY,KRW,reference,10.0246
2002-07-03,KWD,KRW,reference,3988.8
2002-07-03,MYR,KRW,reference,316.66
2002-07-03,NOK,KRW,reference,161.24
2002-07-03,NZD,KRW,reference,588.77
2002-07-03,SAR,KRW,reference,320.84
2002-07-03,SEK,KRW,reference,130.85
2002-07-03,SGD,KRW,reference,680.41
2002-07-03,THB,KRW,reference,29
2002-07-03,USD,KRW,reference,1203.3
2002-07-04,AED,KRW,reference,328.23
2002-07-04,AUD,KRW,reference,673.33
2002-07-04,BHD,KRW,reference,3198.3
2002-07-04,CAD,KRW,reference,786.89
2002-07-04,CHF,KRW,reference,807.12
2002-07-04,CNY,KRW,reference,145.66
2002-07-04,DKK,KRW,reference,159.1
2002-07-04,EUR,KRW,reference,1181.91
2002-07-04,GBP,KRW,reference,1840.95
2002-07-04,HKD,KRW,reference,154.57
2002-07-04,IDR,KRW,reference,0.1346
2002-07-04,JPY,KRW,reference,10.0509
2002-07-04,KWD,KRW,reference,3992.71
2002-07-04,MYR,KRW,reference,317.26
2002-07-04,NOK,KRW,reference,161.12
2002-07-04,NZD,KRW,reference,588.45
2002-07-04,SAR,KRW,reference,321.45
2002-07-04,SEK,KRW,reference,129.82
2002-07-04,SGD,KRW,reference,681.73
2002-07-04,THB,KRW,reference,29.02
2002-07-04,USD,KRW,reference,1205.6
2002-07-05,AED,KRW,reference,327.02
2002-07-05,AUD,KRW,reference,665.95
2002-07-05,BHD,KRW,reference,3185.94
2002-07-05,CAD,KRW,reference,785.44
2002-07-05,CHF,KRW,reference,800.97
2002-07-05,CNY,KRW,reference,145.12
2002-07-05,DKK,KRW,reference,158.17
2002-07-05,EUR,KRW,reference,1173.41
2002-07-05,GBP,KRW,reference,1831.62
2002-07-05,HKD,KRW,reference,153.99
2002-07-05,IDR,KRW,reference,0.1354
2002-07-05,JPY,KRW,reference,10
2002-07-05,KWD,KRW,reference,3975.18
2002-07-05,MYR,KRW,reference,316.08
2002-07-05,NOK,KRW,reference,160.48
2002-07-05,NZD,KRW,reference,580.01
2002-07-05,SAR,KRW,reference,320.26
2002-07-05,SEK,KRW,reference,128.86
2002-07-05,SGD,KRW,reference,679.11
2002-07-05,THB,KRW,reference,28.9
2002-07-05,USD,KRW,reference,1201.1
2002-07-08,AED,KRW,reference,327.17
2002-07-08,AUD,KRW,reference,669.29
2002-07-08,BHD,KRW,reference,3187.96
2002-07-08,CAD,KRW,reference,789.4
2002-07-08,CHF,KRW,reference,798.37
2002-07-08,CNY,KRW,reference,145.19
2002-07-08,DKK,KRW,reference,157.46
2002-07-08,EUR,KRW,reference,1171
2002-07-08,GBP,KRW,reference,1831.15
2002-07-08,HKD,KRW,reference,154.07
2002-07-08,IDR,KRW,reference,0.1359
2002-07-08,JPY,KRW,reference,10.0025
2002-07-08,KWD,KRW,reference,3974.93
2002-07-08,MYR,KRW,reference,316.24
2002-07-08,NOK,KRW,reference,160.08
2002-07-08,NZD,KRW,reference,583.67
2002-07-08,SAR,KRW,reference,320.44
2002-07-08,SEK,KRW,reference,128.02
2002-07-08,SGD,KRW,reference,678.35
2002-07-08,THB,KRW,reference,28.88
2002-07-08,USD,KRW,reference,1201.7
2002-07-09,AED,KRW,reference,325.5
2002-07-09,AUD,KRW,reference,673.65
2002-07-09,BHD,KRW,reference,3172.3
2002-07-09,CAD,KRW,reference,785.21
2002-07-09,CHF,KRW,reference,805.33
2002-07-09,CNY,KRW,reference,144.48
2002-07-09,DKK,KRW,reference,159.04
2002-07-09,EUR,KRW,reference,1183.42
2002-07-09,GBP,KRW,reference,1843.62
2002-07-09,HKD,KRW,reference,153.31
2002-07-09,IDR,KRW,reference,0.13449999999999998
2002-07-09,JPY,KRW,reference,10.0741
2002-07-09,KWD,KRW,reference,3962.88
2002-07-09,MYR,KRW,reference,314.68
2002-07-09,NOK,KRW,reference,161.82
2002-07-09,NZD,KRW,reference,587.14
2002-07-09,SAR,KRW,reference,318.87
2002-07-09,SEK,KRW,reference,128.78
2002-07-09,SGD,KRW,reference,679.43
2002-07-09,THB,KRW,reference,28.88
2002-07-09,USD,KRW,reference,1195.8
2002-07-10,AED,KRW,reference,322.98
2002-07-10,AUD,KRW,reference,672.57
2002-07-10,BHD,KRW,reference,3147.1
2002-07-10,CAD,KRW,reference,784.54
2002-07-10,CHF,KRW,reference,799.39
2002-07-10,CNY,KRW,reference,143.33
2002-07-10,DKK,KRW,reference,158.71
2002-07-10,EUR,KRW,reference,1175.98
2002-07-10,GBP,KRW,reference,1833.43
2002-07-10,HKD,KRW,reference,152.09
2002-07-10,IDR,KRW,reference,0.1333
2002-07-10,JPY,KRW,reference,10.0406
2002-07-10,KWD,KRW,reference,3936.62
2002-07-10,MYR,KRW,reference,312.18
2002-07-10,NOK,KRW,reference,161.32
2002-07-10,NZD,KRW,reference,583.66
2002-07-10,SAR,KRW,reference,316.34
2002-07-10,SEK,KRW,reference,127.61
2002-07-10,SGD,KRW,reference,675.76
2002-07-10,THB,KRW,reference,28.77
2002-07-10,USD,KRW,reference,1186.3
2002-07-11,AED,KRW,reference,321.51
2002-07-11,AUD,KRW,reference,667.86
2002-07-11,BHD,KRW,reference,3132.78
2002-07-11,CAD,KRW,reference,776.7
2002-07-11,CHF,KRW,reference,794.39
2002-07-11,CNY,KRW,reference,142.68
2002-07-11,DKK,KRW,reference,157.18
2002-07-11,EUR,KRW,reference,1168.21
2002-07-11,GBP,KRW,reference,1828.8
2002-07-11,HKD,KRW,reference,151.4
2002-07-11,IDR,KRW,reference,0.13269999999999998
2002-07-11,JPY,KRW,reference,10.0182
2002-07-11,KWD,KRW,reference,3918.7
2002-07-11,MYR,KRW,reference,310.76
2002-07-11,NOK,KRW,reference,160.17
2002-07-11,NZD,KRW,reference,576.75
2002-07-11,SAR,KRW,reference,314.9
2002-07-11,SEK,KRW,reference,125.49
2002-07-11,SGD,KRW,reference,674.41
2002-07-11,THB,KRW,reference,28.68
2002-07-11,USD,KRW,reference,1180.9
2002-07-12,AED,KRW,reference,320.72
2002-07-12,AUD,KRW,reference,657.5
2002-07-12,BHD,KRW,reference,3125.08
2002-07-12,CAD,KRW,reference,773.22
2002-07-12,CHF,KRW,reference,792.15
2002-07-12,CNY,KRW,reference,142.33
2002-07-12,DKK,KRW,reference,156.86
2002-07-12,EUR,KRW,reference,1161.68
2002-07-12,GBP,KRW,reference,1826.72
2002-07-12,HKD,KRW,reference,151.03
2002-07-12,IDR,KRW,reference,0.1293
2002-07-12,JPY,KRW,reference,10.0551
2002-07-12,KWD,KRW,reference,3909.08
2002-07-12,MYR,KRW,reference,310
2002-07-12,NOK,KRW,reference,159.8
2002-07-12,NZD,KRW,reference,569.56
2002-07-12,SAR,KRW,reference,314.12
2002-07-12,SEK,KRW,reference,125.47
2002-07-12,SGD,KRW,reference,674.11
2002-07-12,THB,KRW,reference,28.63
2002-07-12,USD,KRW,reference,1178
2002-07-15,AED,KRW,reference,322.16
2002-07-15,AUD,KRW,reference,662.94
2002-07-15,BHD,KRW,reference,3139.14
2002-07-15,CAD,KRW,reference,771.63
2002-07-15,CHF,KRW,reference,798.31
2002-07-15,CNY,KRW,reference,142.97
2002-07-15,DKK,KRW,reference,157.88
2002-07-15,EUR,KRW,reference,1175.43
2002-07-15,GBP,KRW,reference,1836.95
2002-07-15,HKD,KRW,reference,151.71
2002-07-15,IDR,KRW,reference,0.1305
2002-07-15,JPY,KRW,reference,10.1262
2002-07-15,KWD,KRW,reference,3926.66
2002-07-15,MYR,KRW,reference,311.39
2002-07-15,NOK,KRW,reference,160.02
2002-07-15,NZD,KRW,reference,573.72
2002-07-15,SAR,KRW,reference,315.54
2002-07-15,SEK,KRW,reference,127.16
2002-07-15,SGD,KRW,reference,677.91
2002-07-15,THB,KRW,reference,28.84
2002-07-15,USD,KRW,reference,1183.3
2002-07-16,AED,KRW,reference,320.66
2002-07-16,AUD,KRW,reference,659.86
2002-07-16,BHD,KRW,reference,3124.55
2002-07-16,CAD,KRW,reference,765.45
2002-07-16,CHF,KRW,reference,806.19
2002-07-16,CNY,KRW,reference,142.3
2002-07-16,DKK,KRW,reference,159.57
2002-07-16,EUR,KRW,reference,1182.86
2002-07-16,GBP,KRW,reference,1848.14
2002-07-16,HKD,KRW,reference,151
2002-07-16,IDR,KRW,reference,0.1303
2002-07-16,JPY,KRW,reference,10.1329
2002-07-16,KWD,KRW,reference,3917.51
2002-07-16,MYR,KRW,reference,309.95
2002-07-16,NOK,KRW,reference,160.25
2002-07-16,NZD,KRW,reference,571.47
2002-07-16,SAR,KRW,reference,314.07
2002-07-16,SEK,KRW,reference,127.67
2002-07-16,SGD,KRW,reference,677.09
2002-07-16,THB,KRW,reference,28.95
2002-07-16,USD,KRW,reference,1177.8
2002-07-18,AED,KRW,reference,319.41
2002-07-18,AUD,KRW,reference,645.91
2002-07-18,BHD,KRW,reference,3112.35
2002-07-18,CAD,KRW,reference,761.92
2002-07-18,CHF,KRW,reference,806.02
2002-07-18,CNY,KRW,reference,141.74
2002-07-18,DKK,KRW,reference,159.02
2002-07-18,EUR,KRW,reference,1180.88
2002-07-18,GBP,KRW,reference,1841.57
2002-07-18,HKD,KRW,reference,150.41
2002-07-18,IDR,KRW,reference,0.1311
2002-07-18,JPY,KRW,reference,10.079500000000001
2002-07-18,KWD,KRW,reference,3905.2
2002-07-18,MYR,KRW,reference,308.74
2002-07-18,NOK,KRW,reference,159.84
2002-07-18,NZD,KRW,reference,565.95
2002-07-18,SAR,KRW,reference,312.84
2002-07-18,SEK,KRW,reference,127.13
2002-07-18,SGD,KRW,reference,674.45
2002-07-18,THB,KRW,reference,28.96
2002-07-18,USD,KRW,reference,1173.2
2002-07-19,AED,KRW,reference,319.44
2002-07-19,AUD,KRW,reference,650.3
2002-07-19,BHD,KRW,reference,3112.61
2002-07-19,CAD,KRW,reference,759.61
2002-07-19,CHF,KRW,reference,810.6
2002-07-19,CNY,KRW,reference,141.76
2002-07-19,DKK,KRW,reference,159.42
2002-07-19,EUR,KRW,reference,1186.15
2002-07-19,GBP,KRW,reference,1845.6
2002-07-19,HKD,KRW,reference,150.42
2002-07-19,IDR,KRW,reference,0.1332
2002-07-19,JPY,KRW,reference,10.0626
2002-07-19,KWD,KRW,reference,3906.18
2002-07-19,MYR,KRW,reference,308.76
2002-07-19,NOK,KRW,reference,160.21
2002-07-19,NZD,KRW,reference,566.12
2002-07-19,SAR,KRW,reference,312.85
2002-07-19,SEK,KRW,reference,127.33
2002-07-19,SGD,KRW,reference,675.28
2002-07-19,THB,KRW,reference,28.93
2002-07-19,USD,KRW,reference,1173.3
2002-07-22,AED,KRW,reference,318.89
2002-07-22,AUD,KRW,reference,651.77
2002-07-22,BHD,KRW,reference,3107.31
2002-07-22,CAD,KRW,reference,759.01
2002-07-22,CHF,KRW,reference,812.08
2002-07-22,CNY,KRW,reference,141.51
2002-07-22,DKK,KRW,reference,159.7
2002-07-22,EUR,KRW,reference,1184.95
2002-07-22,GBP,KRW,reference,1845.68
2002-07-22,HKD,KRW,reference,150.17
2002-07-22,IDR,KRW,reference,0.13390000000000002
2002-07-22,JPY,KRW,reference,10.1109
2002-07-22,KWD,KRW,reference,3901.34
2002-07-22,MYR,KRW,reference,308.24
2002-07-22,NOK,KRW,reference,158.99
2002-07-22,NZD,KRW,reference,572.12
2002-07-22,SAR,KRW,reference,312.32
2002-07-22,SEK,KRW,reference,126.11
2002-07-22,SGD,KRW,reference,676.27
2002-07-22,THB,KRW,reference,28.98
2002-07-22,USD,KRW,reference,1171.3
2002-07-23,AED,KRW,reference,317.45
2002-07-23,AUD,KRW,reference,637.04
2002-07-23,BHD,KRW,reference,3092.43
2002-07-23,CAD,KRW,reference,745.05
2002-07-23,CHF,KRW,reference,805.25
2002-07-23,CNY,KRW,reference,140.87
2002-07-23,DKK,KRW,reference,158.03
2002-07-23,EUR,KRW,reference,1170.96
2002-07-23,GBP,KRW,reference,1836.8
2002-07-23,HKD,KRW,reference,149.49
2002-07-23,IDR,KRW,reference,0.1324
2002-07-23,JPY,KRW,reference,9.9979
2002-07-23,KWD,KRW,reference,3881.75
2002-07-23,MYR,KRW,reference,306.84
2002-07-23,NOK,KRW,reference,155.43
2002-07-23,NZD,KRW,reference,559.68
2002-07-23,SAR,KRW,reference,310.93
2002-07-23,SEK,KRW,reference,123.29
2002-07-23,SGD,KRW,reference,672.71
2002-07-23,THB,KRW,reference,28.85
2002-07-23,USD,KRW,reference,1166
2002-07-24,AED,KRW,reference,318.84
2002-07-24,AUD,KRW,reference,633.97
2002-07-24,BHD,KRW,reference,3105.95
2002-07-24,CAD,KRW,reference,739.14
2002-07-24,CHF,KRW,reference,798.27
2002-07-24,CNY,KRW,reference,141.49
2002-07-24,DKK,KRW,reference,155.46
2002-07-24,EUR,KRW,reference,1160.27
2002-07-24,GBP,KRW,reference,1834.76
2002-07-24,HKD,KRW,reference,150.14
2002-07-24,IDR,KRW,reference,0.13019999999999998
2002-07-24,JPY,KRW,reference,9.9795
2002-07-24,KWD,KRW,reference,3891.6
2002-07-24,MYR,KRW,reference,308.18
2002-07-24,NOK,KRW,reference,152.8
2002-07-24,NZD,KRW,reference,555.1
2002-07-24,SAR,KRW,reference,312.29
2002-07-24,SEK,KRW,reference,122.07
2002-07-24,SGD,KRW,reference,670.54
2002-07-24,THB,KRW,reference,28.61
2002-07-24,USD,KRW,reference,1171.1
2002-07-25,AED,KRW,reference,319.3
2002-07-25,AUD,KRW,reference,636.54
2002-07-25,BHD,KRW,reference,3110.46
2002-07-25,CAD,KRW,reference,750.88
2002-07-25,CHF,KRW,reference,803.84
2002-07-25,CNY,KRW,reference,141.7
2002-07-25,DKK,KRW,reference,157.04
2002-07-25,EUR,KRW,reference,1166.53
2002-07-25,GBP,KRW,reference,1843.17
2002-07-25,HKD,KRW,reference,150.36
2002-07-25,IDR,KRW,reference,0.12960000000000002
2002-07-25,JPY,KRW,reference,10.0501
2002-07-25,KWD,KRW,reference,3899.58
2002-07-25,MYR,KRW,reference,308.63
2002-07-25,NOK,KRW,reference,153.84
2002-07-25,NZD,KRW,reference,554.62
2002-07-25,SAR,KRW,reference,312.74
2002-07-25,SEK,KRW,reference,123.36
2002-07-25,SGD,KRW,reference,672.86
2002-07-25,THB,KRW,reference,28.49
2002-07-25,USD,KRW,reference,1172.8
2002-07-26,AED,KRW,reference,318.19
2002-07-26,AUD,KRW,reference,632.09
2002-07-26,BHD,KRW,reference,3099.59
2002-07-26,CAD,KRW,reference,743.73
2002-07-26,CHF,KRW,reference,811.94
2002-07-26,CNY,KRW,reference,141.2
2002-07-26,DKK,KRW,reference,157.65
2002-07-26,EUR,KRW,reference,1175.07
2002-07-26,GBP,KRW,reference,1850.64
2002-07-26,HKD,KRW,reference,149.83
2002-07-26,IDR,KRW,reference,0.12990000000000002
2002-07-26,JPY,KRW,reference,10.0348
2002-07-26,KWD,KRW,reference,3888.54
2002-07-26,MYR,KRW,reference,307.55
2002-07-26,NOK,KRW,reference,154.47
2002-07-26,NZD,KRW,reference,548.12
2002-07-26,SAR,KRW,reference,311.65
2002-07-26,SEK,KRW,reference,124.2
2002-07-26,SGD,KRW,reference,670.91
2002-07-26,THB,KRW,reference,28.46
2002-07-26,USD,KRW,reference,1168.7
2002-07-29,AED,KRW,reference,321.26
2002-07-29,AUD,KRW,reference,633.84
2002-07-29,BHD,KRW,reference,3129.56
2002-07-29,CAD,KRW,reference,743.12
2002-07-29,CHF,KRW,reference,803.49
2002-07-29,CNY,KRW,reference,142.57
2002-07-29,DKK,KRW,reference,156.79
2002-07-29,EUR,KRW,reference,1164.01
2002-07-29,GBP,KRW,reference,1847.17
2002-07-29,HKD,KRW,reference,151.28
2002-07-29,IDR,KRW,reference,0.1292
2002-07-29,JPY,KRW,reference,9.9327
2002-07-29,KWD,KRW,reference,3920.27
2002-07-29,MYR,KRW,reference,310.53
2002-07-29,NOK,KRW,reference,153.55
2002-07-29,NZD,KRW,reference,546.05
2002-07-29,SAR,KRW,reference,314.66
2002-07-29,SEK,KRW,reference,125.18
2002-07-29,SGD,KRW,reference,669.5
2002-07-29,THB,KRW,reference,28.1
2002-07-29,USD,KRW,reference,1180
2002-07-30,AED,KRW,reference,327.47
2002-07-30,AUD,KRW,reference,651.26
2002-07-30,BHD,KRW,reference,3190.03
2002-07-30,CAD,KRW,reference,765.48
2002-07-30,CHF,KRW,reference,809.53
2002-07-30,CNY,KRW,reference,145.32
2002-07-30,DKK,KRW,reference,158.51
2002-07-30,EUR,KRW,reference,1180.13
2002-07-30,GBP,KRW,reference,1880.58
2002-07-30,HKD,KRW,reference,154.21
2002-07-30,IDR,KRW,reference,0.1304
2002-07-30,JPY,KRW,reference,10.0506
2002-07-30,KWD,KRW,reference,3989.39
2002-07-30,MYR,KRW,reference,316.53
2002-07-30,NOK,KRW,reference,156.41
2002-07-30,NZD,KRW,reference,563.51
2002-07-30,SAR,KRW,reference,320.74
2002-07-30,SEK,KRW,reference,127.16
2002-07-30,SGD,KRW,reference,680.43
2002-07-30,THB,KRW,reference,28.33
2002-07-30,USD,KRW,reference,1202.8
2002-07-31,AED,KRW,reference,325.89
2002-07-31,AUD,KRW,reference,651.47
2002-07-31,BHD,KRW,reference,3174.65
2002-07-31,CAD,KRW,reference,760.24
2002-07-31,CHF,KRW,reference,807.88
2002-07-31,CNY,KRW,reference,144.62
2002-07-31,DKK,KRW,reference,158.53
2002-07-31,EUR,KRW,reference,1177.07
2002-07-31,GBP,KRW,reference,1879.83
2002-07-31,HKD,KRW,reference,153.46
2002-07-31,IDR,KRW,reference,0.1315
2002-07-31,JPY,KRW,reference,9.9435
2002-07-31,KWD,KRW,reference,3968.57
2002-07-31,MYR,KRW,reference,315
2002-07-31,NOK,KRW,reference,157.98
2002-07-31,NZD,KRW,reference,559.96
2002-07-31,SAR,KRW,reference,319.17
2002-07-31,SEK,KRW,reference,127.31
2002-07-31,SGD,KRW,reference,678.57
2002-07-31,THB,KRW,reference,28.5
2002-07-31,USD,KRW,reference,1197
2002-08-01,AED,KRW,reference,324.12
2002-08-01,AUD,KRW,reference,643.88
2002-08-01,BHD,KRW,reference,3158.24
2002-08-01,CAD,KRW,reference,751.63
2002-08-01,CHF,KRW,reference,801.66
2002-08-01,CNY,KRW,reference,143.84
2002-08-01,DKK,KRW,reference,156.74
2002-08-01,EUR,KRW,reference,1164.25
2002-08-01,GBP,KRW,reference,1861.41
2002-08-01,HKD,KRW,reference,152.63
2002-08-01,IDR,KRW,reference,0.1315
2002-08-01,JPY,KRW,reference,9.9482
2002-08-01,KWD,KRW,reference,3946.37
2002-08-01,MYR,KRW,reference,313.29
2002-08-01,NOK,KRW,reference,155.86
2002-08-01,NZD,KRW,reference,553.46
2002-08-01,SAR,KRW,reference,317.44
2002-08-01,SEK,KRW,reference,125.63
2002-08-01,SGD,KRW,reference,675
2002-08-01,THB,KRW,reference,28.35
2002-08-01,USD,KRW,reference,1190.5
2002-08-02,AED,KRW,reference,321.81
2002-08-02,AUD,KRW,reference,636.8
2002-08-02,BHD,KRW,reference,3135.69
2002-08-02,CAD,KRW,reference,742.6
2002-08-02,CHF,KRW,reference,804.63
2002-08-02,CNY,KRW,reference,142.81
2002-08-02,DKK,KRW,reference,156.67
2002-08-02,EUR,KRW,reference,1166.34
2002-08-02,GBP,KRW,reference,1847.17
2002-08-02,HKD,KRW,reference,151.54
2002-08-02,IDR,KRW,reference,0.1292
2002-08-02,JPY,KRW,reference,9.926499999999999
2002-08-02,KWD,KRW,reference,3920.14
2002-08-02,MYR,KRW,reference,311.05
2002-08-02,NOK,KRW,reference,155.09
2002-08-02,NZD,KRW,reference,545.97
2002-08-02,SAR,KRW,reference,315.17
2002-08-02,SEK,KRW,reference,123.28
2002-08-02,SGD,KRW,reference,672.32
2002-08-02,THB,KRW,reference,28.08
2002-08-02,USD,KRW,reference,1182
2002-08-05,AED,KRW,reference,321.59
2002-08-05,AUD,KRW,reference,636.96
2002-08-05,BHD,KRW,reference,3133.57
2002-08-05,CAD,KRW,reference,745.14
2002-08-05,CHF,KRW,reference,803.15
2002-08-05,CNY,KRW,reference,142.71
2002-08-05,DKK,KRW,reference,156.98
2002-08-05,EUR,KRW,reference,1164.6
2002-08-05,GBP,KRW,reference,1852.71
2002-08-05,HKD,KRW,reference,151.44
2002-08-05,IDR,KRW,reference,0.1304
2002-08-05,JPY,KRW,reference,9.939
2002-08-05,KWD,KRW,reference,3921.26
2002-08-05,MYR,KRW,reference,310.84
2002-08-05,NOK,KRW,reference,154.43
2002-08-05,NZD,KRW,reference,548.08
2002-08-05,SAR,KRW,reference,314.98
2002-08-05,SEK,KRW,reference,123.18
2002-08-05,SGD,KRW,reference,674.97
2002-08-05,THB,KRW,reference,28.06
2002-08-05,USD,KRW,reference,1181.2
2002-08-06,AED,KRW,reference,323.52
2002-08-06,AUD,KRW,reference,627.84
2002-08-06,BHD,KRW,reference,3152.41
2002-08-06,CAD,KRW,reference,744.36
2002-08-06,CHF,KRW,reference,799.96
2002-08-06,CNY,KRW,reference,143.57
2002-08-06,DKK,KRW,reference,156.99
2002-08-06,EUR,KRW,reference,1162.81
2002-08-06,GBP,KRW,reference,1851.91
2002-08-06,HKD,KRW,reference,152.35
2002-08-06,IDR,KRW,reference,0.1309
2002-08-06,JPY,KRW,reference,9.9244
2002-08-06,KWD,KRW,reference,3942.08
2002-08-06,MYR,KRW,reference,312.71
2002-08-06,NOK,KRW,reference,155.18
2002-08-06,NZD,KRW,reference,543.65
2002-08-06,SAR,KRW,reference,316.87
2002-08-06,SEK,KRW,reference,123.29
2002-08-06,SGD,KRW,reference,676.02
2002-08-06,THB,KRW,reference,28.23
2002-08-06,USD,KRW,reference,1188.3
2002-08-07,AED,KRW,reference,328.97
2002-08-07,AUD,KRW,reference,640.94
2002-08-07,BHD,KRW,reference,3205.46
2002-08-07,CAD,KRW,reference,762.43
2002-08-07,CHF,KRW,reference,801.92
2002-08-07,CNY,KRW,reference,145.99
2002-08-07,DKK,KRW,reference,157.25
2002-08-07,EUR,KRW,reference,1168.97
2002-08-07,GBP,KRW,reference,1859.63
2002-08-07,HKD,KRW,reference,154.91
2002-08-07,IDR,KRW,reference,0.1331
2002-08-07,JPY,KRW,reference,9.990499999999999
2002-08-07,KWD,KRW,reference,3999.67
2002-08-07,MYR,KRW,reference,317.97
2002-08-07,NOK,KRW,reference,154.81
2002-08-07,NZD,KRW,reference,547
2002-08-07,SAR,KRW,reference,322.2
2002-08-07,SEK,KRW,reference,124.92
2002-08-07,SGD,KRW,reference,682.23
2002-08-07,THB,KRW,reference,28.38
2002-08-07,USD,KRW,reference,1208.3
2002-08-08,AED,KRW,reference,328.67
2002-08-08,AUD,KRW,reference,647.24
2002-08-08,BHD,KRW,reference,3202.55
2002-08-08,CAD,KRW,reference,765.21
2002-08-08,CHF,KRW,reference,808.09
2002-08-08,CNY,KRW,reference,145.85
2002-08-08,DKK,KRW,reference,158.39
2002-08-08,EUR,KRW,reference,1178.41
2002-08-08,GBP,KRW,reference,1860.3
2002-08-08,HKD,KRW,reference,154.77
2002-08-08,IDR,KRW,reference,0.1334
2002-08-08,JPY,KRW,reference,10.0546
2002-08-08,KWD,KRW,reference,3992.72
2002-08-08,MYR,KRW,reference,317.68
2002-08-08,NOK,KRW,reference,156.56
2002-08-08,NZD,KRW,reference,549.03
2002-08-08,SAR,KRW,reference,321.91
2002-08-08,SEK,KRW,reference,126.29
2002-08-08,SGD,KRW,reference,684.74
2002-08-08,THB,KRW,reference,28.49
2002-08-08,USD,KRW,reference,1207.2
2002-08-09,AED,KRW,reference,327.66
2002-08-09,AUD,KRW,reference,642.73
2002-08-09,BHD,KRW,reference,3192.73
2002-08-09,CAD,KRW,reference,761.71
2002-08-09,CHF,KRW,reference,795.7
2002-08-09,CNY,KRW,reference,145.41
2002-08-09,DKK,KRW,reference,156.63
2002-08-09,EUR,KRW,reference,1164.69
2002-08-09,GBP,KRW,reference,1845.21
2002-08-09,HKD,KRW,reference,154.3
2002-08-09,IDR,KRW,reference,0.13419999999999999
2002-08-09,JPY,KRW,reference,9.945
2002-08-09,KWD,KRW,reference,3980.49
2002-08-09,MYR,KRW,reference,316.71
2002-08-09,NOK,KRW,reference,155.5
2002-08-09,NZD,KRW,reference,547.83
2002-08-09,SAR,KRW,reference,320.92
2002-08-09,SEK,KRW,reference,125.36
2002-08-09,SGD,KRW,reference,679.75
2002-08-09,THB,KRW,reference,28.37
2002-08-09,USD,KRW,reference,1203.5
2002-08-12,AED,KRW,reference,328.64
2002-08-12,AUD,KRW,reference,645.26
2002-08-12,BHD,KRW,reference,3202.28
2002-08-12,CAD,KRW,reference,766.56
2002-08-12,CHF,KRW,reference,803.13
2002-08-12,CNY,KRW,reference,145.84
2002-08-12,DKK,KRW,reference,157.66
2002-08-12,EUR,KRW,reference,1171.91
2002-08-12,GBP,KRW,reference,1839.5
2002-08-12,HKD,KRW,reference,154.76
2002-08-12,IDR,KRW,reference,0.135
2002-08-12,JPY,KRW,reference,10.084
2002-08-12,KWD,KRW,reference,3992.39
2002-08-12,MYR,KRW,reference,317.66
2002-08-12,NOK,KRW,reference,156.89
2002-08-12,NZD,KRW,reference,553.03
2002-08-12,SAR,KRW,reference,321.88
2002-08-12,SEK,KRW,reference,126.08
2002-08-12,SGD,KRW,reference,684.37
2002-08-12,THB,KRW,reference,28.5
2002-08-12,USD,KRW,reference,1207.1
2002-08-13,AED,KRW,reference,326.57
2002-08-13,AUD,KRW,reference,648.15
2002-08-13,BHD,KRW,reference,3182.12
2002-08-13,CAD,KRW,reference,762.12
2002-08-13,CHF,KRW,reference,803.39
2002-08-13,CNY,KRW,reference,144.92
2002-08-13,DKK,KRW,reference,158.01
2002-08-13,EUR,KRW,reference,1173.83
2002-08-13,GBP,KRW,reference,1837.51
2002-08-13,HKD,KRW,reference,153.78
2002-08-13,IDR,KRW,reference,0.1356
2002-08-13,JPY,KRW,reference,10.0845
2002-08-13,KWD,KRW,reference,3971.2
2002-08-13,MYR,KRW,reference,315.66
2002-08-13,NOK,KRW,reference,157.34
2002-08-13,NZD,KRW,reference,557.17
2002-08-13,SAR,KRW,reference,319.86
2002-08-13,SEK,KRW,reference,126.75
2002-08-13,SGD,KRW,reference,681.57
2002-08-13,THB,KRW,reference,28.48
2002-08-13,USD,KRW,reference,1199.5
2002-08-14,AED,KRW,reference,325.78
2002-08-14,AUD,KRW,reference,639.88
2002-08-14,BHD,KRW,reference,3174.43
2002-08-14,CAD,KRW,reference,764.84
2002-08-14,CHF,KRW,reference,805.11
2002-08-14,CNY,KRW,reference,144.57
2002-08-14,DKK,KRW,reference,158.33
2002-08-14,EUR,KRW,reference,1177.16
2002-08-14,GBP,KRW,reference,1839.71
2002-08-14,HKD,KRW,reference,153.41
2002-08-14,IDR,KRW,reference,0.1349
2002-08-14,JPY,KRW,reference,10.1167
2002-08-14,KWD,KRW,reference,3965.4
2002-08-14,MYR,KRW,reference,314.89
2002-08-14,NOK,KRW,reference,158.03
2002-08-14,NZD,KRW,reference,550.56
2002-08-14,SAR,KRW,reference,319.08
2002-08-14,SEK,KRW,reference,127.04
2002-08-14,SGD,KRW,reference,680.99
2002-08-14,THB,KRW,reference,28.42
2002-08-14,USD,KRW,reference,1196.6
2002-08-16,AED,KRW,reference,323.96
2002-08-16,AUD,KRW,reference,646.41
2002-08-16,BHD,KRW,reference,3156.65
2002-08-16,CAD,KRW,reference,763.05
2002-08-16,CHF,KRW,reference,798.38
2002-08-16,CNY,KRW,reference,143.76
2002-08-16,DKK,KRW,reference,157.24
2002-08-16,EUR,KRW,reference,1167.59
2002-08-16,GBP,KRW,reference,1826.97
2002-08-16,HKD,KRW,reference,152.55
2002-08-16,IDR,KRW,reference,0.13449999999999998
2002-08-16,JPY,KRW,reference,10.129
2002-08-16,KWD,KRW,reference,3942.02
2002-08-16,MYR,KRW,reference,313.13
2002-08-16,NOK,KRW,reference,157.29
2002-08-16,NZD,KRW,reference,554.37
2002-08-16,SAR,KRW,reference,317.3
2002-08-16,SEK,KRW,reference,126.27
2002-08-16,SGD,KRW,reference,681.31
2002-08-16,THB,KRW,reference,28.47
2002-08-16,USD,KRW,reference,1189.9
2002-08-19,AED,KRW,reference,323.74
2002-08-19,AUD,KRW,reference,649.19
2002-08-19,BHD,KRW,reference,3154.53
2002-08-19,CAD,KRW,reference,762.44
2002-08-19,CHF,KRW,reference,798.59
2002-08-19,CNY,KRW,reference,143.67
2002-08-19,DKK,KRW,reference,157.65
2002-08-19,EUR,KRW,reference,1170.25
2002-08-19,GBP,KRW,reference,1829.49
2002-08-19,HKD,KRW,reference,152.45
2002-08-19,IDR,KRW,reference,0.135
2002-08-19,JPY,KRW,reference,10.0959
2002-08-19,KWD,KRW,reference,3943.29
2002-08-19,MYR,KRW,reference,312.92
2002-08-19,NOK,KRW,reference,158.42
2002-08-19,NZD,KRW,reference,556.38
2002-08-19,SAR,KRW,reference,317.08
2002-08-19,SEK,KRW,reference,127.03
2002-08-19,SGD,KRW,reference,680.65
2002-08-19,THB,KRW,reference,28.45
2002-08-19,USD,KRW,reference,1189.1
2002-08-20,AED,KRW,reference,324.53
2002-08-20,AUD,KRW,reference,646.84
2002-08-20,BHD,KRW,reference,3162.22
2002-08-20,CAD,KRW,reference,757.98
2002-08-20,CHF,KRW,reference,793.11
2002-08-20,CNY,KRW,reference,144.02
2002-08-20,DKK,KRW,reference,156.73
2002-08-20,EUR,KRW,reference,1164.17
2002-08-20,GBP,KRW,reference,1819.89
2002-08-20,HKD,KRW,reference,152.82
2002-08-20,IDR,KRW,reference,0.1348
2002-08-20,JPY,KRW,reference,10.055299999999999
2002-08-20,KWD,KRW,reference,3947.28
2002-08-20,MYR,KRW,reference,313.68
2002-08-20,NOK,KRW,reference,157.9
2002-08-20,NZD,KRW,reference,556.84
2002-08-20,SAR,KRW,reference,317.86
2002-08-20,SEK,KRW,reference,126.09
2002-08-20,SGD,KRW,reference,680.64
2002-08-20,THB,KRW,reference,28.36
2002-08-20,USD,KRW,reference,1192
2002-08-21,AED,KRW,reference,325.78
2002-08-21,AUD,KRW,reference,655.32
2002-08-21,BHD,KRW,reference,3174.43
2002-08-21,CAD,KRW,reference,763.87
2002-08-21,CHF,KRW,reference,798.05
2002-08-21,CNY,KRW,reference,144.57
2002-08-21,DKK,KRW,reference,157.8
2002-08-21,EUR,KRW,reference,1172.13
2002-08-21,GBP,KRW,reference,1830.2
2002-08-21,HKD,KRW,reference,153.41
2002-08-21,IDR,KRW,reference,0.1354
2002-08-21,JPY,KRW,reference,10.0826
2002-08-21,KWD,KRW,reference,3961.2
2002-08-21,MYR,KRW,reference,314.89
2002-08-21,NOK,KRW,reference,159.66
2002-08-21,NZD,KRW,reference,562.04
2002-08-21,SAR,KRW,reference,319.08
2002-08-21,SEK,KRW,reference,127.64
2002-08-21,SGD,KRW,reference,684.16
2002-08-21,THB,KRW,reference,28.54
2002-08-21,USD,KRW,reference,1196.6
2002-08-22,AED,KRW,reference,324.58
2002-08-22,AUD,KRW,reference,648.14
2002-08-22,BHD,KRW,reference,3162.75
2002-08-22,CAD,KRW,reference,766.05
2002-08-22,CHF,KRW,reference,795.25
2002-08-22,CNY,KRW,reference,144.04
2002-08-22,DKK,KRW,reference,157.31
2002-08-22,EUR,KRW,reference,1167.58
2002-08-22,GBP,KRW,reference,1824.54
2002-08-22,HKD,KRW,reference,152.85
2002-08-22,IDR,KRW,reference,0.13470000000000001
2002-08-22,JPY,KRW,reference,10.043
2002-08-22,KWD,KRW,reference,3950.3
2002-08-22,MYR,KRW,reference,313.74
2002-08-22,NOK,KRW,reference,158.06
2002-08-22,NZD,KRW,reference,557
2002-08-22,SAR,KRW,reference,317.91
2002-08-22,SEK,KRW,reference,127.47
2002-08-22,SGD,KRW,reference,681.47
2002-08-22,THB,KRW,reference,28.36
2002-08-22,USD,KRW,reference,1192.2
2002-08-23,AED,KRW,reference,324.97
2002-08-23,AUD,KRW,reference,646.63
2002-08-23,BHD,KRW,reference,3166.47
2002-08-23,CAD,KRW,reference,764.88
2002-08-23,CHF,KRW,reference,786.27
2002-08-23,CNY,KRW,reference,144.21
2002-08-23,DKK,KRW,reference,155.7
2002-08-23,EUR,KRW,reference,1156.54
2002-08-23,GBP,KRW,reference,1814.81
2002-08-23,HKD,KRW,reference,153.03
2002-08-23,IDR,KRW,reference,0.135
2002-08-23,JPY,KRW,reference,9.9612
2002-08-23,KWD,KRW,reference,3947.74
2002-08-23,MYR,KRW,reference,314.11
2002-08-23,NOK,KRW,reference,156.25
2002-08-23,NZD,KRW,reference,558.01
2002-08-23,SAR,KRW,reference,318.28
2002-08-23,SEK,KRW,reference,125.75
2002-08-23,SGD,KRW,reference,678.72
2002-08-23,THB,KRW,reference,28.26
2002-08-23,USD,KRW,reference,1193.6
2002-08-26,AED,KRW,reference,327.39
2002-08-26,AUD,KRW,reference,653.38
2002-08-26,BHD,KRW,reference,3190.08
2002-08-26,CAD,KRW,reference,772.42
2002-08-26,CHF,KRW,reference,795.09
2002-08-26,CNY,KRW,reference,145.29
2002-08-26,DKK,KRW,reference,157.51
2002-08-26,EUR,KRW,reference,1170.63
2002-08-26,GBP,KRW,reference,1830.81
2002-08-26,HKD,KRW,reference,154.17
2002-08-26,IDR,KRW,reference,0.1354
2002-08-26,JPY,KRW,reference,10.0666
2002-08-26,KWD,KRW,reference,3980.47
2002-08-26,MYR,KRW,reference,316.45
2002-08-26,NOK,KRW,reference,157.71
2002-08-26,NZD,KRW,reference,560.49
2002-08-26,SAR,KRW,reference,320.66
2002-08-26,SEK,KRW,reference,127.13
2002-08-26,SGD,KRW,reference,685.09
2002-08-26,THB,KRW,reference,28.45
2002-08-26,USD,KRW,reference,1202.5
2002-08-27,AED,KRW,reference,327.01
2002-08-27,AUD,KRW,reference,656.1
2002-08-27,BHD,KRW,reference,3185.69
2002-08-27,CAD,KRW,reference,772.31
2002-08-27,CHF,KRW,reference,792.41
2002-08-27,CNY,KRW,reference,145.12
2002-08-27,DKK,KRW,reference,157.29
2002-08-27,EUR,KRW,reference,1166.03
2002-08-27,GBP,KRW,reference,1825.73
2002-08-27,HKD,KRW,reference,153.99
2002-08-27,IDR,KRW,reference,0.13470000000000001
2002-08-27,JPY,KRW,reference,10.0267
2002-08-27,KWD,KRW,reference,3973.99
2002-08-27,MYR,KRW,reference,316.08
2002-08-27,NOK,KRW,reference,157.93
2002-08-27,NZD,KRW,reference,563.44
2002-08-27,SAR,KRW,reference,320.25
2002-08-27,SEK,KRW,reference,127.9
2002-08-27,SGD,KRW,reference,683.03
2002-08-27,THB,KRW,reference,28.36
2002-08-27,USD,KRW,reference,1201.1
2002-08-28,AED,KRW,reference,327.06
2002-08-28,AUD,KRW,reference,663.9
2002-08-28,BHD,KRW,reference,3186.05
2002-08-28,CAD,KRW,reference,773.19
2002-08-28,CHF,KRW,reference,804.27
2002-08-28,CNY,KRW,reference,145.14
2002-08-28,DKK,KRW,reference,159.03
2002-08-28,EUR,KRW,reference,1179.8
2002-08-28,GBP,KRW,reference,1841.53
2002-08-28,HKD,KRW,reference,154.01
2002-08-28,IDR,KRW,reference,0.1354
2002-08-28,JPY,KRW,reference,10.1543
2002-08-28,KWD,KRW,reference,3980.85
2002-08-28,MYR,KRW,reference,316.13
2002-08-28,NOK,KRW,reference,159.87
2002-08-28,NZD,KRW,reference,569.42
2002-08-28,SAR,KRW,reference,320.32
2002-08-28,SEK,KRW,reference,129.4
2002-08-28,SGD,KRW,reference,687.36
2002-08-28,THB,KRW,reference,28.49
2002-08-28,USD,KRW,reference,1201.3
2002-08-29,AED,KRW,reference,326.08
2002-08-29,AUD,KRW,reference,660.35
2002-08-29,BHD,KRW,reference,3176.5
2002-08-29,CAD,KRW,reference,767.85
2002-08-29,CHF,KRW,reference,797.24
2002-08-29,CNY,KRW,reference,144.71
2002-08-29,DKK,KRW,reference,158.01
2002-08-29,EUR,KRW,reference,1171.53
2002-08-29,GBP,KRW,reference,1836.07
2002-08-29,HKD,KRW,reference,153.55
2002-08-29,IDR,KRW,reference,0.1349
2002-08-29,JPY,KRW,reference,10.070599999999999
2002-08-29,KWD,KRW,reference,3968.13
2002-08-29,MYR,KRW,reference,315.18
2002-08-29,NOK,KRW,reference,158.96
2002-08-29,NZD,KRW,reference,562.32
2002-08-29,SAR,KRW,reference,319.36
2002-08-29,SEK,KRW,reference,128.45
2002-08-29,SGD,KRW,reference,684.6
2002-08-29,THB,KRW,reference,28.38
2002-08-29,USD,KRW,reference,1197.7
2002-08-30,AED,KRW,reference,328.04
2002-08-30,AUD,KRW,reference,665.65
2002-08-30,BHD,KRW,reference,3195.6
2002-08-30,CAD,KRW,reference,773.36
2002-08-30,CHF,KRW,reference,805.55
2002-08-30,CNY,KRW,reference,145.58
2002-08-30,DKK,KRW,reference,159.72
2002-08-30,EUR,KRW,reference,1185.44
2002-08-30,GBP,KRW,reference,1862.84
2002-08-30,HKD,KRW,reference,154.48
2002-08-30,IDR,KRW,reference,0.136
2002-08-30,JPY,KRW,reference,10.1873
2002-08-30,KWD,KRW,reference,3994.1
2002-08-30,MYR,KRW,reference,317.08
2002-08-30,NOK,KRW,reference,160.45
2002-08-30,NZD,KRW,reference,564.98
2002-08-30,SAR,KRW,reference,321.28
2002-08-30,SEK,KRW,reference,129.43
2002-08-30,SGD,KRW,reference,688.36
2002-08-30,THB,KRW,reference,28.56
2002-08-30,USD,KRW,reference,1204.9
2002-09-02,AED,KRW,reference,326.84
2002-09-02,AUD,KRW,reference,660.88
2002-09-02,BHD,KRW,reference,3183.93
2002-09-02,CAD,KRW,reference,770.14
2002-09-02,CHF,KRW,reference,801.13
2002-09-02,CNY,KRW,reference,145.04
2002-09-02,DKK,KRW,reference,158.81
2002-09-02,EUR,KRW,reference,1179.07
2002-09-02,GBP,KRW,reference,1863
2002-09-02,HKD,KRW,reference,153.91
2002-09-02,IDR,KRW,reference,0.1356
2002-09-02,JPY,KRW,reference,10.1368
2002-09-02,KWD,KRW,reference,3978.2
2002-09-02,MYR,KRW,reference,315.92
2002-09-02,NOK,KRW,reference,159.33
2002-09-02,NZD,KRW,reference,563.27
2002-09-02,SAR,KRW,reference,320.11
2002-09-02,SEK,KRW,reference,127.93
2002-09-02,SGD,KRW,reference,686.18
2002-09-02,THB,KRW,reference,28.47
2002-09-02,USD,KRW,reference,1200.5
2002-09-03,AED,KRW,reference,327.96
2002-09-03,AUD,KRW,reference,664.16
2002-09-03,BHD,KRW,reference,3194.8
2002-09-03,CAD,KRW,reference,773.97
2002-09-03,CHF,KRW,reference,805.54
2002-09-03,CNY,KRW,reference,145.54
2002-09-03,DKK,KRW,reference,159.82
2002-09-03,EUR,KRW,reference,1185.63
2002-09-03,GBP,KRW,reference,1867.91
2002-09-03,HKD,KRW,reference,154.44
2002-09-03,IDR,KRW,reference,0.1362
2002-09-03,JPY,KRW,reference,10.2089
2002-09-03,KWD,KRW,reference,3992.97
2002-09-03,MYR,KRW,reference,317
2002-09-03,NOK,KRW,reference,160.09
2002-09-03,NZD,KRW,reference,565.56
2002-09-03,SAR,KRW,reference,321.2
2002-09-03,SEK,KRW,reference,128.2
2002-09-03,SGD,KRW,reference,689.01
2002-09-03,THB,KRW,reference,28.52
2002-09-03,USD,KRW,reference,1204.6
2002-09-04,AED,KRW,reference,326.68
2002-09-04,AUD,KRW,reference,654.31
2002-09-04,BHD,KRW,reference,3182.34
2002-09-04,CAD,KRW,reference,772.38
2002-09-04,CHF,KRW,reference,815.7
2002-09-04,CNY,KRW,reference,144.97
2002-09-04,DKK,KRW,reference,161.06
2002-09-04,EUR,KRW,reference,1195.52
2002-09-04,GBP,KRW,reference,1876.82
2002-09-04,HKD,KRW,reference,153.83
2002-09-04,IDR,KRW,reference,0.13570000000000002
2002-09-04,JPY,KRW,reference,10.251600000000002
2002-09-04,KWD,KRW,reference,3984.66
2002-09-04,MYR,KRW,reference,315.76
2002-09-04,NOK,KRW,reference,160.48
2002-09-04,NZD,KRW,reference,558.67
2002-09-04,SAR,KRW,reference,319.95
2002-09-04,SEK,KRW,reference,128.14
2002-09-04,SGD,KRW,reference,687.23
2002-09-04,THB,KRW,reference,28.47
2002-09-04,USD,KRW,reference,1199.9
2002-09-05,AED,KRW,reference,325.37
2002-09-05,AUD,KRW,reference,651.87
2002-09-05,BHD,KRW,reference,3169.61
2002-09-05,CAD,KRW,reference,762.57
2002-09-05,CHF,KRW,reference,809.44
2002-09-05,CNY,KRW,reference,144.39
2002-09-05,DKK,KRW,reference,159.51
2002-09-05,EUR,KRW,reference,1184.88
2002-09-05,GBP,KRW,reference,1868.6
2002-09-05,HKD,KRW,reference,153.22
2002-09-05,IDR,KRW,reference,0.135
2002-09-05,JPY,KRW,reference,10.1318
2002-09-05,KWD,KRW,reference,3965.82
2002-09-05,MYR,KRW,reference,314.5
2002-09-05,NOK,KRW,reference,160.21
2002-09-05,NZD,KRW,reference,557.16
2002-09-05,SAR,KRW,reference,318.67
2002-09-05,SEK,KRW,reference,127.81
2002-09-05,SGD,KRW,reference,683.87
2002-09-05,THB,KRW,reference,28.33
2002-09-05,USD,KRW,reference,1195.1
2002-09-06,AED,KRW,reference,325.05
2002-09-06,AUD,KRW,reference,647.75
2002-09-06,BHD,KRW,reference,3166.42
2002-09-06,CAD,KRW,reference,759.29
2002-09-06,CHF,KRW,reference,810.52
2002-09-06,CNY,KRW,reference,144.24
2002-09-06,DKK,KRW,reference,159.55
2002-09-06,EUR,KRW,reference,1183.69
2002-09-06,GBP,KRW,reference,1868.51
2002-09-06,HKD,KRW,reference,153.07
2002-09-06,IDR,KRW,reference,0.1348
2002-09-06,JPY,KRW,reference,10.094299999999999
2002-09-06,KWD,KRW,reference,3963.15
2002-09-06,MYR,KRW,reference,314.18
2002-09-06,NOK,KRW,reference,160.5
2002-09-06,NZD,KRW,reference,555.52
2002-09-06,SAR,KRW,reference,318.35
2002-09-06,SEK,KRW,reference,128.02
2002-09-06,SGD,KRW,reference,683.4
2002-09-06,THB,KRW,reference,28.33
2002-09-06,USD,KRW,reference,1193.9
2002-09-09,AED,KRW,reference,325.24
2002-09-09,AUD,KRW,reference,653.03
2002-09-09,BHD,KRW,reference,3168.28
2002-09-09,CAD,KRW,reference,766.06
2002-09-09,CHF,KRW,reference,804.53
2002-09-09,CNY,KRW,reference,144.33
2002-09-09,DKK,KRW,reference,157.92
2002-09-09,EUR,KRW,reference,1173.28
2002-09-09,GBP,KRW,reference,1861.84
2002-09-09,HKD,KRW,reference,153.15
2002-09-09,IDR,KRW,reference,0.1349
2002-09-09,JPY,KRW,reference,10.0772
2002-09-09,KWD,KRW,reference,3961.66
2002-09-09,MYR,KRW,reference,314.37
2002-09-09,NOK,KRW,reference,159.17
2002-09-09,NZD,KRW,reference,561.82
2002-09-09,SAR,KRW,reference,318.53
2002-09-09,SEK,KRW,reference,127.47
2002-09-09,SGD,KRW,reference,682.43
2002-09-09,THB,KRW,reference,28.26
2002-09-09,USD,KRW,reference,1194.6
2002-09-10,AED,KRW,reference,325.62
2002-09-10,AUD,KRW,reference,654.51
2002-09-10,BHD,KRW,reference,3171.99
2002-09-10,CAD,KRW,reference,764.9
2002-09-10,CHF,KRW,reference,802.25
2002-09-10,CNY,KRW,reference,144.5
2002-09-10,DKK,KRW,reference,157.75
2002-09-10,EUR,KRW,reference,1170.94
2002-09-10,GBP,KRW,reference,1858.64
2002-09-10,HKD,KRW,reference,153.33
2002-09-10,IDR,KRW,reference,0.1359
2002-09-10,JPY,KRW,reference,10.0458
2002-09-10,KWD,KRW,reference,3963.55
2002-09-10,MYR,KRW,reference,314.74
2002-09-10,NOK,KRW,reference,159.04
2002-09-10,NZD,KRW,reference,561.04
2002-09-10,SAR,KRW,reference,318.91
2002-09-10,SEK,KRW,reference,127.48
2002-09-10,SGD,KRW,reference,683.62
2002-09-10,THB,KRW,reference,28.21
2002-09-10,USD,KRW,reference,1196
2002-09-11,AED,KRW,reference,326.35
2002-09-11,AUD,KRW,reference,656.47
2002-09-11,BHD,KRW,reference,3179.15
2002-09-11,CAD,KRW,reference,762.34
2002-09-11,CHF,KRW,reference,800.57
2002-09-11,CNY,KRW,reference,144.82
2002-09-11,DKK,KRW,reference,157.48
2002-09-11,EUR,KRW,reference,1169.15
2002-09-11,GBP,KRW,reference,1865.54
2002-09-11,HKD,KRW,reference,153.68
2002-09-11,IDR,KRW,reference,0.1352
2002-09-11,JPY,KRW,reference,10.0017
2002-09-11,KWD,KRW,reference,3969.86
2002-09-11,MYR,KRW,reference,315.45
2002-09-11,NOK,KRW,reference,158.14
2002-09-11,NZD,KRW,reference,562.43
2002-09-11,SAR,KRW,reference,319.63
2002-09-11,SEK,KRW,reference,127.35
2002-09-11,SGD,KRW,reference,681.58
2002-09-11,THB,KRW,reference,28.22
2002-09-11,USD,KRW,reference,1198.7
2002-09-12,AED,KRW,reference,327.47
2002-09-12,AUD,KRW,reference,659.92
2002-09-12,BHD,KRW,reference,3190.03
2002-09-12,CAD,KRW,reference,761.51
2002-09-12,CHF,KRW,reference,801.09
2002-09-12,CNY,KRW,reference,145.32
2002-09-12,DKK,KRW,reference,157.94
2002-09-12,EUR,KRW,reference,1174.11
2002-09-12,GBP,KRW,reference,1868.73
2002-09-12,HKD,KRW,reference,154.21
2002-09-12,IDR,KRW,reference,0.1353
2002-09-12,JPY,KRW,reference,10.0054
2002-09-12,KWD,KRW,reference,3982.12
2002-09-12,MYR,KRW,reference,316.53
2002-09-12,NOK,KRW,reference,158.76
2002-09-12,NZD,KRW,reference,568.32
2002-09-12,SAR,KRW,reference,320.72
2002-09-12,SEK,KRW,reference,128.04
2002-09-12,SGD,KRW,reference,684.19
2002-09-12,THB,KRW,reference,28.32
2002-09-12,USD,KRW,reference,1202.8
2002-09-13,AED,KRW,reference,327.5
2002-09-13,AUD,KRW,reference,663.7
2002-09-13,BHD,KRW,reference,3190.29
2002-09-13,CAD,KRW,reference,757.92
2002-09-13,CHF,KRW,reference,804.37
2002-09-13,CNY,KRW,reference,145.33
2002-09-13,DKK,KRW,reference,159.09
2002-09-13,EUR,KRW,reference,1181.19
2002-09-13,GBP,KRW,reference,1876.58
2002-09-13,HKD,KRW,reference,154.22
2002-09-13,IDR,KRW,reference,0.1349
2002-09-13,JPY,KRW,reference,10.0296
2002-09-13,KWD,KRW,reference,3982.45
2002-09-13,MYR,KRW,reference,316.55
2002-09-13,NOK,KRW,reference,160.65
2002-09-13,NZD,KRW,reference,570.78
2002-09-13,SAR,KRW,reference,320.75
2002-09-13,SEK,KRW,reference,128.2
2002-09-13,SGD,KRW,reference,683.35
2002-09-13,THB,KRW,reference,28.34
2002-09-13,USD,KRW,reference,1202.9
2002-09-16,AED,KRW,reference,327.09
2002-09-16,AUD,KRW,reference,660.71
2002-09-16,BHD,KRW,reference,3186.31
2002-09-16,CAD,KRW,reference,760.62
2002-09-16,CHF,KRW,reference,795.87
2002-09-16,CNY,KRW,reference,145.15
2002-09-16,DKK,KRW,reference,157.07
2002-09-16,EUR,KRW,reference,1167.94
2002-09-16,GBP,KRW,reference,1864.03
2002-09-16,HKD,KRW,reference,154.03
2002-09-16,IDR,KRW,reference,0.13390000000000002
2002-09-16,JPY,KRW,reference,9.8698
2002-09-16,KWD,KRW,reference,3977.49
2002-09-16,MYR,KRW,reference,316.16
2002-09-16,NOK,KRW,reference,158.9
2002-09-16,NZD,KRW,reference,569.46
2002-09-16,SAR,KRW,reference,320.35
2002-09-16,SEK,KRW,reference,126.49
2002-09-16,SGD,KRW,reference,677.61
2002-09-16,THB,KRW,reference,28.08
2002-09-16,USD,KRW,reference,1201.4
2002-09-17,AED,KRW,reference,331.42
2002-09-17,AUD,KRW,reference,669.82
2002-09-17,BHD,KRW,reference,3228.48
2002-09-17,CAD,KRW,reference,769.57
2002-09-17,CHF,KRW,reference,801.78
2002-09-17,CNY,KRW,reference,147.07
2002-09-17,DKK,KRW,reference,158.94
2002-09-17,EUR,KRW,reference,1177.92
2002-09-17,GBP,KRW,reference,1875.55
2002-09-17,HKD,KRW,reference,156.08
2002-09-17,IDR,KRW,reference,0.1353
2002-09-17,JPY,KRW,reference,9.9681
2002-09-17,KWD,KRW,reference,4022.54
2002-09-17,MYR,KRW,reference,320.34
2002-09-17,NOK,KRW,reference,160.69
2002-09-17,NZD,KRW,reference,573.59
2002-09-17,SAR,KRW,reference,324.59
2002-09-17,SEK,KRW,reference,129.68
2002-09-17,SGD,KRW,reference,683.76
2002-09-17,THB,KRW,reference,28.15
2002-09-17,USD,KRW,reference,1217.3
2002-09-18,AED,KRW,reference,331.88
2002-09-18,AUD,KRW,reference,667.1
2002-09-18,BHD,KRW,reference,3232.99
2002-09-18,CAD,KRW,reference,770.54
2002-09-18,CHF,KRW,reference,807.07
2002-09-18,CNY,KRW,reference,147.28
2002-09-18,DKK,KRW,reference,159.73
2002-09-18,EUR,KRW,reference,1186.94
2002-09-18,GBP,KRW,reference,1878.78
2002-09-18,HKD,KRW,reference,156.29
2002-09-18,IDR,KRW,reference,0.1346
2002-09-18,JPY,KRW,reference,9.991
2002-09-18,KWD,KRW,reference,4031.22
2002-09-18,MYR,KRW,reference,320.79
2002-09-18,NOK,KRW,reference,161.54
2002-09-18,NZD,KRW,reference,571.83
2002-09-18,SAR,KRW,reference,325.04
2002-09-18,SEK,KRW,reference,130.01
2002-09-18,SGD,KRW,reference,686.63
2002-09-18,THB,KRW,reference,28.36
2002-09-18,USD,KRW,reference,1219
2002-09-19,AED,KRW,reference,330.19
2002-09-19,AUD,KRW,reference,664.8
2002-09-19,BHD,KRW,reference,3216.55
2002-09-19,CAD,KRW,reference,768.3
2002-09-19,CHF,KRW,reference,807
2002-09-19,CNY,KRW,reference,146.53
2002-09-19,DKK,KRW,reference,159.51
2002-09-19,EUR,KRW,reference,1184.84
2002-09-19,GBP,KRW,reference,1879.11
2002-09-19,HKD,KRW,reference,155.49
2002-09-19,IDR,KRW,reference,0.1349
2002-09-19,JPY,KRW,reference,9.9872
2002-09-19,KWD,KRW,reference,4012.84
2002-09-19,MYR,KRW,reference,319.16
2002-09-19,NOK,KRW,reference,161.42
2002-09-19,NZD,KRW,reference,571.47
2002-09-19,SAR,KRW,reference,323.39
2002-09-19,SEK,KRW,reference,130.21
2002-09-19,SGD,KRW,reference,683.85
2002-09-19,THB,KRW,reference,28.27
2002-09-19,USD,KRW,reference,1212.8
2002-09-23,AED,KRW,reference,329.62
2002-09-23,AUD,KRW,reference,661.22
2002-09-23,BHD,KRW,reference,3210.98
2002-09-23,CAD,KRW,reference,769.53
2002-09-23,CHF,KRW,reference,811.05
2002-09-23,CNY,KRW,reference,146.27
2002-09-23,DKK,KRW,reference,159.92
2002-09-23,EUR,KRW,reference,1186.67
2002-09-23,GBP,KRW,reference,1881
2002-09-23,HKD,KRW,reference,155.22
2002-09-23,IDR,KRW,reference,0.1341
2002-09-23,JPY,KRW,reference,9.8028
2002-09-23,KWD,KRW,reference,4004.3
2002-09-23,MYR,KRW,reference,318.61
2002-09-23,NOK,KRW,reference,161.16
2002-09-23,NZD,KRW,reference,568.18
2002-09-23,SAR,KRW,reference,322.83
2002-09-23,SEK,KRW,reference,131.61
2002-09-23,SGD,KRW,reference,680.97
2002-09-23,THB,KRW,reference,27.95
2002-09-23,USD,KRW,reference,1210.7
2002-09-24,AED,KRW,reference,332.51
2002-09-24,AUD,KRW,reference,662.86
2002-09-24,BHD,KRW,reference,3239.09
2002-09-24,CAD,KRW,reference,772
2002-09-24,CHF,KRW,reference,814.77
2002-09-24,CNY,KRW,reference,147.55
2002-09-24,DKK,KRW,reference,160.49
2002-09-24,EUR,KRW,reference,1193.03
2002-09-24,GBP,KRW,reference,1891.98
2002-09-24,HKD,KRW,reference,156.58
2002-09-24,IDR,KRW,reference,0.13470000000000001
2002-09-24,JPY,KRW,reference,9.8599
2002-09-24,KWD,KRW,reference,4038.42
2002-09-24,MYR,KRW,reference,321.39
2002-09-24,NOK,KRW,reference,162.64
2002-09-24,NZD,KRW,reference,572.42
2002-09-24,SAR,KRW,reference,325.65
2002-09-24,SEK,KRW,reference,131.53
2002-09-24,SGD,KRW,reference,685.74
2002-09-24,THB,KRW,reference,28.15
2002-09-24,USD,KRW,reference,1221.3
2002-09-25,AED,KRW,reference,333.73
2002-09-25,AUD,KRW,reference,669.1
2002-09-25,BHD,KRW,reference,3251.03
2002-09-25,CAD,KRW,reference,772.21
2002-09-25,CHF,KRW,reference,822.82
2002-09-25,CNY,KRW,reference,148.1
2002-09-25,DKK,KRW,reference,161.83
2002-09-25,EUR,KRW,reference,1204.04
2002-09-25,GBP,KRW,reference,1915.07
2002-09-25,HKD,KRW,reference,157.16
2002-09-25,IDR,KRW,reference,0.13570000000000002
2002-09-25,JPY,KRW,reference,9.9436
2002-09-25,KWD,KRW,reference,4056.79
2002-09-25,MYR,KRW,reference,322.58
2002-09-25,NOK,KRW,reference,164.4
2002-09-25,NZD,KRW,reference,576.13
2002-09-25,SAR,KRW,reference,326.85
2002-09-25,SEK,KRW,reference,132.22
2002-09-25,SGD,KRW,reference,688.4
2002-09-25,THB,KRW,reference,28.25
2002-09-25,USD,KRW,reference,1225.8
2002-09-26,AED,KRW,reference,333.24
2002-09-26,AUD,KRW,reference,668.49
2002-09-26,BHD,KRW,reference,3246.25
2002-09-26,CAD,KRW,reference,774.59
2002-09-26,CHF,KRW,reference,816.98
2002-09-26,CNY,KRW,reference,147.88
2002-09-26,DKK,KRW,reference,161
2002-09-26,EUR,KRW,reference,1195.79
2002-09-26,GBP,KRW,reference,1906.62
2002-09-26,HKD,KRW,reference,156.93
2002-09-26,IDR,KRW,reference,0.1361
2002-09-26,JPY,KRW,reference,9.9808
2002-09-26,KWD,KRW,reference,4049.63
2002-09-26,MYR,KRW,reference,322.11
2002-09-26,NOK,KRW,reference,163.3
2002-09-26,NZD,KRW,reference,579.32
2002-09-26,SAR,KRW,reference,326.33
2002-09-26,SEK,KRW,reference,130.52
2002-09-26,SGD,KRW,reference,686.1
2002-09-26,THB,KRW,reference,28.19
2002-09-26,USD,KRW,reference,1224
2002-09-27,AED,KRW,reference,334.14
2002-09-27,AUD,KRW,reference,668.57
2002-09-27,BHD,KRW,reference,3255.01
2002-09-27,CAD,KRW,reference,779.58
2002-09-27,CHF,KRW,reference,817.36
2002-09-27,CNY,KRW,reference,148.28
2002-09-27,DKK,KRW,reference,161.46
2002-09-27,EUR,KRW,reference,1199.01
2002-09-27,GBP,KRW,reference,1911.95
2002-09-27,HKD,KRW,reference,157.35
2002-09-27,IDR,KRW,reference,0.1363
2002-09-27,JPY,KRW,reference,10.0438
2002-09-27,KWD,KRW,reference,4060.55
2002-09-27,MYR,KRW,reference,322.97
2002-09-27,NOK,KRW,reference,163.97
2002-09-27,NZD,KRW,reference,576.89
2002-09-27,SAR,KRW,reference,327.25
2002-09-27,SEK,KRW,reference,131.04
2002-09-27,SGD,KRW,reference,689.11
2002-09-27,THB,KRW,reference,28.21
2002-09-27,USD,KRW,reference,1227.3
2002-09-30,AED,KRW,reference,333.65
2002-09-30,AUD,KRW,reference,666.49
2002-09-30,BHD,KRW,reference,3250.23
2002-09-30,CAD,KRW,reference,776.32
2002-09-30,CHF,KRW,reference,820.94
2002-09-30,CNY,KRW,reference,148.06
2002-09-30,DKK,KRW,reference,161.63
2002-09-30,EUR,KRW,reference,1202.34
2002-09-30,GBP,KRW,reference,1913.07
2002-09-30,HKD,KRW,reference,157.12
2002-09-30,IDR,KRW,reference,0.1359
2002-09-30,JPY,KRW,reference,9.9837
2002-09-30,KWD,KRW,reference,4054.59
2002-09-30,MYR,KRW,reference,322.5
2002-09-30,NOK,KRW,reference,164
2002-09-30,NZD,KRW,reference,576.72
2002-09-30,SAR,KRW,reference,327.23
2002-09-30,SEK,KRW,reference,132.16
2002-09-30,SGD,KRW,reference,689.06
2002-09-30,THB,KRW,reference,28.22
2002-09-30,USD,KRW,reference,1225.5
2002-10-01,AED,KRW,reference,334.71
2002-10-01,AUD,KRW,reference,667.75
2002-10-01,BHD,KRW,reference,3260.58
2002-10-01,CAD,KRW,reference,775.01
2002-10-01,CHF,KRW,reference,832.64
2002-10-01,CNY,KRW,reference,148.53
2002-10-01,DKK,KRW,reference,163.46
2002-10-01,EUR,KRW,reference,1212.56
2002-10-01,GBP,KRW,reference,1929.36
2002-10-01,HKD,KRW,reference,157.62
2002-10-01,IDR,KRW,reference,0.1368
2002-10-01,JPY,KRW,reference,10.0775
2002-10-01,KWD,KRW,reference,4075.58
2002-10-01,MYR,KRW,reference,323.53
2002-10-01,NOK,KRW,reference,166.08
2002-10-01,NZD,KRW,reference,577.45
2002-10-01,SAR,KRW,reference,327.81
2002-10-01,SEK,KRW,reference,132.55
2002-10-01,SGD,KRW,reference,690.95
2002-10-01,THB,KRW,reference,28.42
2002-10-01,USD,KRW,reference,1229.4
2002-10-02,AED,KRW,reference,334.49
2002-10-02,AUD,KRW,reference,668.42
2002-10-02,BHD,KRW,reference,3258.45
2002-10-02,CAD,KRW,reference,776.71
2002-10-02,CHF,KRW,reference,825.06
2002-10-02,CNY,KRW,reference,148.43
2002-10-02,DKK,KRW,reference,162.58
2002-10-02,EUR,KRW,reference,1206.67
2002-10-02,GBP,KRW,reference,1919.2
2002-10-02,HKD,KRW,reference,157.52
2002-10-02,IDR,KRW,reference,0.1366
2002-10-02,JPY,KRW,reference,10.0134
2002-10-02,KWD,KRW,reference,4065.65
2002-10-02,MYR,KRW,reference,323.32
2002-10-02,NOK,KRW,reference,165.25
2002-10-02,NZD,KRW,reference,582.85
2002-10-02,SAR,KRW,reference,327.6
2002-10-02,SEK,KRW,reference,133.36
2002-10-02,SGD,KRW,reference,687.14
2002-10-02,THB,KRW,reference,28.29
2002-10-02,USD,KRW,reference,1228.6
2002-10-04,AED,KRW,reference,335.01
2002-10-04,AUD,KRW,reference,672.28
2002-10-04,BHD,KRW,reference,3263.49
2002-10-04,CAD,KRW,reference,773.07
2002-10-04,CHF,KRW,reference,833.11
2002-10-04,CNY,KRW,reference,148.66
2002-10-04,DKK,KRW,reference,163.53
2002-10-04,EUR,KRW,reference,1215.8
2002-10-04,GBP,KRW,reference,1931.89
2002-10-04,HKD,KRW,reference,157.76
2002-10-04,IDR,KRW,reference,0.1366
2002-10-04,JPY,KRW,reference,10.0494
2002-10-04,KWD,KRW,reference,4075.18
2002-10-04,MYR,KRW,reference,323.82
2002-10-04,NOK,KRW,reference,166.1
2002-10-04,NZD,KRW,reference,587.44
2002-10-04,SAR,KRW,reference,328.11
2002-10-04,SEK,KRW,reference,133.61
2002-10-04,SGD,KRW,reference,690.32
2002-10-04,THB,KRW,reference,28.27
2002-10-04,USD,KRW,reference,1230.5
2002-10-07,AED,KRW,reference,335.2
2002-10-07,AUD,KRW,reference,673.04
2002-10-07,BHD,KRW,reference,3265.35
2002-10-07,CAD,KRW,reference,772.88
2002-10-07,CHF,KRW,reference,825.09
2002-10-07,CNY,KRW,reference,148.75
2002-10-07,DKK,KRW,reference,162.25
2002-10-07,EUR,KRW,reference,1205.65
2002-10-07,GBP,KRW,reference,1926.34
2002-10-07,HKD,KRW,reference,157.85
2002-10-07,IDR,KRW,reference,0.1365
2002-10-07,JPY,KRW,reference,9.991900000000001
2002-10-07,KWD,KRW,reference,4077.5
2002-10-07,MYR,KRW,reference,324
2002-10-07,NOK,KRW,reference,165.41
2002-10-07,NZD,KRW,reference,589.38
2002-10-07,SAR,KRW,reference,328.29
2002-10-07,SEK,KRW,reference,132.71
2002-10-07,SGD,KRW,reference,690.52
2002-10-07,THB,KRW,reference,28.3
2002-10-07,USD,KRW,reference,1231.2
2002-10-08,AED,KRW,reference,336.89
2002-10-08,AUD,KRW,reference,681.13
2002-10-08,BHD,KRW,reference,3281.79
2002-10-08,CAD,KRW,reference,775.7
2002-10-08,CHF,KRW,reference,831.25
2002-10-08,CNY,KRW,reference,149.49
2002-10-08,DKK,KRW,reference,163.8
2002-10-08,EUR,KRW,reference,1216.18
2002-10-08,GBP,KRW,reference,1938.2
2002-10-08,HKD,KRW,reference,158.65
2002-10-08,IDR,KRW,reference,0.1373
2002-10-08,JPY,KRW,reference,9.9561
2002-10-08,KWD,KRW,reference,4093.96
2002-10-08,MYR,KRW,reference,325.63
2002-10-08,NOK,KRW,reference,167.02
2002-10-08,NZD,KRW,reference,597.79
2002-10-08,SAR,KRW,reference,329.95
2002-10-08,SEK,KRW,reference,133.89
2002-10-08,SGD,KRW,reference,690.9
2002-10-08,THB,KRW,reference,28.23
2002-10-08,USD,KRW,reference,1237.4
2002-10-09,AED,KRW,reference,338.52
2002-10-09,AUD,KRW,reference,680.33
2002-10-09,BHD,KRW,reference,3297.71
2002-10-09,CAD,KRW,reference,778.24
2002-10-09,CHF,KRW,reference,830.87
2002-10-09,CNY,KRW,reference,150.22
2002-10-09,DKK,KRW,reference,163.85
2002-10-09,EUR,KRW,reference,1218.35
2002-10-09,GBP,KRW,reference,1929.88
2002-10-09,HKD,KRW,reference,159.42
2002-10-09,IDR,KRW,reference,0.1382
2002-10-09,JPY,KRW,reference,10.0238
2002-10-09,KWD,KRW,reference,4111.77
2002-10-09,MYR,KRW,reference,327.21
2002-10-09,NOK,KRW,reference,167.32
2002-10-09,NZD,KRW,reference,598.08
2002-10-09,SAR,KRW,reference,331.55
2002-10-09,SEK,KRW,reference,132.69
2002-10-09,SGD,KRW,reference,695.55
2002-10-09,THB,KRW,reference,28.43
2002-10-09,USD,KRW,reference,1243.4
2002-10-10,AED,KRW,reference,338.99
2002-10-10,AUD,KRW,reference,682.5
2002-10-10,BHD,KRW,reference,3302.21
2002-10-10,CAD,KRW,reference,779.26
2002-10-10,CHF,KRW,reference,842.02
2002-10-10,CNY,KRW,reference,150.43
2002-10-10,DKK,KRW,reference,165.93
2002-10-10,EUR,KRW,reference,1232.71
2002-10-10,GBP,KRW,reference,1947.83
2002-10-10,HKD,KRW,reference,159.64
2002-10-10,IDR,KRW,reference,0.1384
2002-10-10,JPY,KRW,reference,10.1059
2002-10-10,KWD,KRW,reference,4119.44
2002-10-10,MYR,KRW,reference,327.66
2002-10-10,NOK,KRW,reference,169.12
2002-10-10,NZD,KRW,reference,597.9
2002-10-10,SAR,KRW,reference,332
2002-10-10,SEK,KRW,reference,134.24
2002-10-10,SGD,KRW,reference,697.07
2002-10-10,THB,KRW,reference,28.52
2002-10-10,USD,KRW,reference,1245.1
2002-10-11,AED,KRW,reference,341.22
2002-10-11,AUD,KRW,reference,687
2002-10-11,BHD,KRW,reference,3323.96
2002-10-11,CAD,KRW,reference,788.39
2002-10-11,CHF,KRW,reference,844.03
2002-10-11,CNY,KRW,reference,151.42
2002-10-11,DKK,KRW,reference,166.26
2002-10-11,EUR,KRW,reference,1235.06
2002-10-11,GBP,KRW,reference,1960.16
2002-10-11,HKD,KRW,reference,160.69
2002-10-11,IDR,KRW,reference,0.1393
2002-10-11,JPY,KRW,reference,10.1486
2002-10-11,KWD,KRW,reference,4146.57
2002-10-11,MYR,KRW,reference,329.82
2002-10-11,NOK,KRW,reference,169.57
2002-10-11,NZD,KRW,reference,600.71
2002-10-11,SAR,KRW,reference,334.19
2002-10-11,SEK,KRW,reference,135.18
2002-10-11,SGD,KRW,reference,698.96
2002-10-11,THB,KRW,reference,28.65
2002-10-11,USD,KRW,reference,1253.3
2002-10-14,AED,KRW,reference,343.34
2002-10-14,AUD,KRW,reference,690.64
2002-10-14,BHD,KRW,reference,3344.65
2002-10-14,CAD,KRW,reference,794.79
2002-10-14,CHF,KRW,reference,852.9
2002-10-14,CNY,KRW,reference,152.36
2002-10-14,DKK,KRW,reference,167.62
2002-10-14,EUR,KRW,reference,1245.65
2002-10-14,GBP,KRW,reference,1970.22
2002-10-14,HKD,KRW,reference,161.68
2002-10-14,IDR,KRW,reference,0.1401
2002-10-14,JPY,KRW,reference,10.1665
2002-10-14,KWD,KRW,reference,4172.37
2002-10-14,MYR,KRW,reference,331.87
2002-10-14,NOK,KRW,reference,171.08
2002-10-14,NZD,KRW,reference,607.09
2002-10-14,SAR,KRW,reference,336.27
2002-10-14,SEK,KRW,reference,136.55
2002-10-14,SGD,KRW,reference,703.46
2002-10-14,THB,KRW,reference,28.75
2002-10-14,USD,KRW,reference,1261.1
2002-10-15,AED,KRW,reference,343.02
2002-10-15,AUD,KRW,reference,687.97
2002-10-15,BHD,KRW,reference,3341.47
2002-10-15,CAD,KRW,reference,794.69
2002-10-15,CHF,KRW,reference,850.22
2002-10-15,CNY,KRW,reference,152.22
2002-10-15,DKK,KRW,reference,167.33
2002-10-15,EUR,KRW,reference,1243.33
2002-10-15,GBP,KRW,reference,1961.35
2002-10-15,HKD,KRW,reference,161.53
2002-10-15,IDR,KRW,reference,0.135
2002-10-15,JPY,KRW,reference,10.1323
2002-10-15,KWD,KRW,reference,4169.37
2002-10-15,MYR,KRW,reference,331.55
2002-10-15,NOK,KRW,reference,170.64
2002-10-15,NZD,KRW,reference,602.48
2002-10-15,SAR,KRW,reference,335.95
2002-10-15,SEK,KRW,reference,136.63
2002-10-15,SGD,KRW,reference,699.34
2002-10-15,THB,KRW,reference,28.6
2002-10-15,USD,KRW,reference,1259.9
2002-10-16,AED,KRW,reference,343.81
2002-10-16,AUD,KRW,reference,690.18
2002-10-16,BHD,KRW,reference,3349.16
2002-10-16,CAD,KRW,reference,796.12
2002-10-16,CHF,KRW,reference,845.28
2002-10-16,CNY,KRW,reference,152.57
2002-10-16,DKK,KRW,reference,166.87
2002-10-16,EUR,KRW,reference,1239.5
2002-10-16,GBP,KRW,reference,1961.32
2002-10-16,HKD,KRW,reference,161.91
2002-10-16,IDR,KRW,reference,0.1361
2002-10-16,JPY,KRW,reference,10.1186
2002-10-16,KWD,KRW,reference,4175.37
2002-10-16,MYR,KRW,reference,332.32
2002-10-16,NOK,KRW,reference,169.65
2002-10-16,NZD,KRW,reference,605.01
2002-10-16,SAR,KRW,reference,336.72
2002-10-16,SEK,KRW,reference,136.63
2002-10-16,SGD,KRW,reference,700.23
2002-10-16,THB,KRW,reference,28.6
2002-10-16,USD,KRW,reference,1262.8
2002-10-17,AED,KRW,reference,342.5
2002-10-17,AUD,KRW,reference,690.33
2002-10-17,BHD,KRW,reference,3336.43
2002-10-17,CAD,KRW,reference,794.24
2002-10-17,CHF,KRW,reference,841.11
2002-10-17,CNY,KRW,reference,151.99
2002-10-17,DKK,KRW,reference,166.19
2002-10-17,EUR,KRW,reference,1233.53
2002-10-17,GBP,KRW,reference,1953.36
2002-10-17,HKD,KRW,reference,161.29
2002-10-17,IDR,KRW,reference,0.1369
2002-10-17,JPY,KRW,reference,10.0959
2002-10-17,KWD,KRW,reference,4162.12
2002-10-17,MYR,KRW,reference,331.05
2002-10-17,NOK,KRW,reference,167.75
2002-10-17,NZD,KRW,reference,603.59
2002-10-17,SAR,KRW,reference,335.44
2002-10-17,SEK,KRW,reference,135.88
2002-10-17,SGD,KRW,reference,702.6
2002-10-17,THB,KRW,reference,28.73
2002-10-17,USD,KRW,reference,1258
2002-10-18,AED,KRW,reference,339.23
2002-10-18,AUD,KRW,reference,685.86
2002-10-18,BHD,KRW,reference,3304.6
2002-10-18,CAD,KRW,reference,793.25
2002-10-18,CHF,KRW,reference,823.53
2002-10-18,CNY,KRW,reference,150.54
2002-10-18,DKK,KRW,reference,162.81
2002-10-18,EUR,KRW,reference,1209.43
2002-10-18,GBP,KRW,reference,1930.3
2002-10-18,HKD,KRW,reference,159.75
2002-10-18,IDR,KRW,reference,0.1354
2002-10-18,JPY,KRW,reference,9.946900000000001
2002-10-18,KWD,KRW,reference,4119.01
2002-10-18,MYR,KRW,reference,327.89
2002-10-18,NOK,KRW,reference,162.85
2002-10-18,NZD,KRW,reference,600.45
2002-10-18,SAR,KRW,reference,332.24
2002-10-18,SEK,KRW,reference,132.53
2002-10-18,SGD,KRW,reference,697.34
2002-10-18,THB,KRW,reference,28.55
2002-10-18,USD,KRW,reference,1246
2002-10-21,AED,KRW,reference,338.2
2002-10-21,AUD,KRW,reference,682.78
2002-10-21,BHD,KRW,reference,3294.52
2002-10-21,CAD,KRW,reference,789.3
2002-10-21,CHF,KRW,reference,821.15
2002-10-21,CNY,KRW,reference,150.08
2002-10-21,DKK,KRW,reference,162.49
2002-10-21,EUR,KRW,reference,1206.8
2002-10-21,GBP,KRW,reference,1919.63
2002-10-21,HKD,KRW,reference,159.27
2002-10-21,IDR,KRW,reference,0.1349
2002-10-21,JPY,KRW,reference,9.8925
2002-10-21,KWD,KRW,reference,4101.7
2002-10-21,MYR,KRW,reference,326.89
2002-10-21,NOK,KRW,reference,162.84
2002-10-21,NZD,KRW,reference,598
2002-10-21,SAR,KRW,reference,331.23
2002-10-21,SEK,KRW,reference,132.84
2002-10-21,SGD,KRW,reference,693.39
2002-10-21,THB,KRW,reference,28.39
2002-10-21,USD,KRW,reference,1242.2
2002-10-22,AED,KRW,reference,338.71
2002-10-22,AUD,KRW,reference,691.16
2002-10-22,BHD,KRW,reference,3299.56
2002-10-22,CAD,KRW,reference,795.56
2002-10-22,CHF,KRW,reference,823.91
2002-10-22,CNY,KRW,reference,150.31
2002-10-22,DKK,KRW,reference,163.03
2002-10-22,EUR,KRW,reference,1211.57
2002-10-22,GBP,KRW,reference,1920.21
2002-10-22,HKD,KRW,reference,159.52
2002-10-22,IDR,KRW,reference,0.1354
2002-10-22,JPY,KRW,reference,9.966000000000001
2002-10-22,KWD,KRW,reference,4107.97
2002-10-22,MYR,KRW,reference,327.39
2002-10-22,NOK,KRW,reference,163.57
2002-10-22,NZD,KRW,reference,602.14
2002-10-22,SAR,KRW,reference,331.73
2002-10-22,SEK,KRW,reference,133.48
2002-10-22,SGD,KRW,reference,697.09
2002-10-22,THB,KRW,reference,28.56
2002-10-22,USD,KRW,reference,1244.1
2002-10-23,AED,KRW,reference,338.22
2002-10-23,AUD,KRW,reference,686.93
2002-10-23,BHD,KRW,reference,3294.79
2002-10-23,CAD,KRW,reference,792.08
2002-10-23,CHF,KRW,reference,826.22
2002-10-23,CNY,KRW,reference,150.09
2002-10-23,DKK,KRW,reference,163.46
2002-10-23,EUR,KRW,reference,1213.42
2002-10-23,GBP,KRW,reference,1917.8
2002-10-23,HKD,KRW,reference,159.29
2002-10-23,IDR,KRW,reference,0.1352
2002-10-23,JPY,KRW,reference,9.9261
2002-10-23,KWD,KRW,reference,4102.03
2002-10-23,MYR,KRW,reference,326.92
2002-10-23,NOK,KRW,reference,163.62
2002-10-23,NZD,KRW,reference,599.29
2002-10-23,SAR,KRW,reference,331.25
2002-10-23,SEK,KRW,reference,132.74
2002-10-23,SGD,KRW,reference,696.81
2002-10-23,THB,KRW,reference,28.49
2002-10-23,USD,KRW,reference,1242.3
2002-10-24,AED,KRW,reference,336.89
2002-10-24,AUD,KRW,reference,684.72
2002-10-24,BHD,KRW,reference,3281.79
2002-10-24,CAD,KRW,reference,790.17
2002-10-24,CHF,KRW,reference,821.65
2002-10-24,CNY,KRW,reference,149.5
2002-10-24,DKK,KRW,reference,162.61
2002-10-24,EUR,KRW,reference,1206.16
2002-10-24,GBP,KRW,reference,1914.2
2002-10-24,HKD,KRW,reference,158.66
2002-10-24,IDR,KRW,reference,0.1344
2002-10-24,JPY,KRW,reference,9.933
2002-10-24,KWD,KRW,reference,4088.69
2002-10-24,MYR,KRW,reference,325.63
2002-10-24,NOK,KRW,reference,163.84
2002-10-24,NZD,KRW,reference,599.03
2002-10-24,SAR,KRW,reference,329.95
2002-10-24,SEK,KRW,reference,132.39
2002-10-24,SGD,KRW,reference,694.27
2002-10-24,THB,KRW,reference,28.38
2002-10-24,USD,KRW,reference,1237.4
2002-10-25,AED,KRW,reference,334.33
2002-10-25,AUD,KRW,reference,680.99
2002-10-25,BHD,KRW,reference,3256.86
2002-10-25,CAD,KRW,reference,784.36
2002-10-25,CHF,KRW,reference,818.58
2002-10-25,CNY,KRW,reference,148.36
2002-10-25,DKK,KRW,reference,161.58
2002-10-25,EUR,KRW,reference,1201.29
2002-10-25,GBP,KRW,reference,1909.17
2002-10-25,HKD,KRW,reference,157.46
2002-10-25,IDR,KRW,reference,0.1333
2002-10-25,JPY,KRW,reference,9.8694
2002-10-25,KWD,KRW,reference,4058.03
2002-10-25,MYR,KRW,reference,323.16
2002-10-25,NOK,KRW,reference,162.63
2002-10-25,NZD,KRW,reference,597.42
2002-10-25,SAR,KRW,reference,327.44
2002-10-25,SEK,KRW,reference,131.55
2002-10-25,SGD,KRW,reference,689.38
2002-10-25,THB,KRW,reference,28.2
2002-10-25,USD,KRW,reference,1228
2002-10-28,AED,KRW,reference,335.04
2002-10-28,AUD,KRW,reference,683.91
2002-10-28,BHD,KRW,reference,3263.76
2002-10-28,CAD,KRW,reference,785.27
2002-10-28,CHF,KRW,reference,819.03
2002-10-28,CNY,KRW,reference,148.68
2002-10-28,DKK,KRW,reference,161.65
2002-10-28,EUR,KRW,reference,1201.74
2002-10-28,GBP,KRW,reference,1905.95
2002-10-28,HKD,KRW,reference,157.79
2002-10-28,IDR,KRW,reference,0.1338
2002-10-28,JPY,KRW,reference,9.9046
2002-10-28,KWD,KRW,reference,4065.41
2002-10-28,MYR,KRW,reference,323.84
2002-10-28,NOK,KRW,reference,162.94
2002-10-28,NZD,KRW,reference,599.3
2002-10-28,SAR,KRW,reference,328.13
2002-10-28,SEK,KRW,reference,131.96
2002-10-28,SGD,KRW,reference,693.3
2002-10-28,THB,KRW,reference,28.34
2002-10-28,USD,KRW,reference,1230.6
2002-10-29,AED,KRW,reference,335.53
2002-10-29,AUD,KRW,reference,689.34
2002-10-29,BHD,KRW,reference,3268.53
2002-10-29,CAD,KRW,reference,791.06
2002-10-29,CHF,KRW,reference,827.95
2002-10-29,CNY,KRW,reference,148.89
2002-10-29,DKK,KRW,reference,163.24
2002-10-29,EUR,KRW,reference,1213.42
2002-10-29,GBP,KRW,reference,1923.16
2002-10-29,HKD,KRW,reference,158.02
2002-10-29,IDR,KRW,reference,0.13369999999999999
2002-10-29,JPY,KRW,reference,9.9818
2002-10-29,KWD,KRW,reference,4075.4
2002-10-29,MYR,KRW,reference,324.32
2002-10-29,NOK,KRW,reference,164.2
2002-10-29,NZD,KRW,reference,602.52
2002-10-29,SAR,KRW,reference,328.61
2002-10-29,SEK,KRW,reference,133.37
2002-10-29,SGD,KRW,reference,694.51
2002-10-29,THB,KRW,reference,28.38
2002-10-29,USD,KRW,reference,1232.4
2002-10-30,AED,KRW,reference,334.09
2002-10-30,AUD,KRW,reference,682.94
2002-10-30,BHD,KRW,reference,3254.48
2002-10-30,CAD,KRW,reference,784.79
2002-10-30,CHF,KRW,reference,822.95
2002-10-30,CNY,KRW,reference,148.25
2002-10-30,DKK,KRW,reference,162.31
2002-10-30,EUR,KRW,reference,1206.18
2002-10-30,GBP,KRW,reference,1910.04
2002-10-30,HKD,KRW,reference,157.34
2002-10-30,IDR,KRW,reference,0.1333
2002-10-30,JPY,KRW,reference,9.9748
2002-10-30,KWD,KRW,reference,4057.87
2002-10-30,MYR,KRW,reference,322.92
2002-10-30,NOK,KRW,reference,163.17
2002-10-30,NZD,KRW,reference,596.92
2002-10-30,SAR,KRW,reference,327.2
2002-10-30,SEK,KRW,reference,132.7
2002-10-30,SGD,KRW,reference,693.08
2002-10-30,THB,KRW,reference,28.35
2002-10-30,USD,KRW,reference,1227.1
2002-10-31,AED,KRW,reference,335.8
2002-10-31,AUD,KRW,reference,681.89
2002-10-31,BHD,KRW,reference,3271.18
2002-10-31,CAD,KRW,reference,787.71
2002-10-31,CHF,KRW,reference,828.79
2002-10-31,CNY,KRW,reference,149.01
2002-10-31,DKK,KRW,reference,163.43
2002-10-31,EUR,KRW,reference,1213.97
2002-10-31,GBP,KRW,reference,1919.48
2002-10-31,HKD,KRW,reference,158.14
2002-10-31,IDR,KRW,reference,0.13369999999999999
2002-10-31,JPY,KRW,reference,10.0354
2002-10-31,KWD,KRW,reference,4081
2002-10-31,MYR,KRW,reference,324.58
2002-10-31,NOK,KRW,reference,164.52
2002-10-31,NZD,KRW,reference,595.24
2002-10-31,SAR,KRW,reference,328.88
2002-10-31,SEK,KRW,reference,133.92
2002-10-31,SGD,KRW,reference,696.05
2002-10-31,THB,KRW,reference,28.42
2002-10-31,USD,KRW,reference,1233.4
2002-11-01,AED,KRW,reference,333.49
2002-11-01,AUD,KRW,reference,680.13
2002-11-01,BHD,KRW,reference,3248.64
2002-11-01,CAD,KRW,reference,785.9
2002-11-01,CHF,KRW,reference,829.68
2002-11-01,CNY,KRW,reference,147.99
2002-11-01,DKK,KRW,reference,163.27
2002-11-01,EUR,KRW,reference,1213.57
2002-11-01,GBP,KRW,reference,1918.19
2002-11-01,HKD,KRW,reference,157.05
2002-11-01,IDR,KRW,reference,0.13269999999999998
2002-11-01,JPY,KRW,reference,9.9992
2002-11-01,KWD,KRW,reference,4057.3
2002-11-01,MYR,KRW,reference,322.34
2002-11-01,NOK,KRW,reference,164.87
2002-11-01,NZD,KRW,reference,595.42
2002-11-01,SAR,KRW,reference,326.61
2002-11-01,SEK,KRW,reference,133.95
2002-11-01,SGD,KRW,reference,692.82
2002-11-01,THB,KRW,reference,28.3
2002-11-01,USD,KRW,reference,1224.9
2002-11-04,AED,KRW,reference,333.24
2002-11-04,AUD,KRW,reference,686.6
2002-11-04,BHD,KRW,reference,3246.25
2002-11-04,CAD,KRW,reference,785.52
2002-11-04,CHF,KRW,reference,834.75
2002-11-04,CNY,KRW,reference,147.88
2002-11-04,DKK,KRW,reference,164.17
2002-11-04,EUR,KRW,reference,1220.39
2002-11-04,GBP,KRW,reference,1915.13
2002-11-04,HKD,KRW,reference,156.94
2002-11-04,IDR,KRW,reference,0.1328
2002-11-04,JPY,KRW,reference,10.0184
2002-11-04,KWD,KRW,reference,4057.14
2002-11-04,MYR,KRW,reference,322.11
2002-11-04,NOK,KRW,reference,165.77
2002-11-04,NZD,KRW,reference,601.84
2002-11-04,SAR,KRW,reference,326.37
2002-11-04,SEK,KRW,reference,134.38
2002-11-04,SGD,KRW,reference,694.27
2002-11-04,THB,KRW,reference,28.29
2002-11-04,USD,KRW,reference,1224
2002-11-05,AED,KRW,reference,332.07
2002-11-05,AUD,KRW,reference,684.07
2002-11-05,BHD,KRW,reference,3234.85
2002-11-05,CAD,KRW,reference,784.27
2002-11-05,CHF,KRW,reference,832.28
2002-11-05,CNY,KRW,reference,147.36
2002-11-05,DKK,KRW,reference,163.72
2002-11-05,EUR,KRW,reference,1216.35
2002-11-05,GBP,KRW,reference,1898.65
2002-11-05,HKD,KRW,reference,156.39
2002-11-05,IDR,KRW,reference,0.1324
2002-11-05,JPY,KRW,reference,9.9808
2002-11-05,KWD,KRW,reference,4041.95
2002-11-05,MYR,KRW,reference,320.97
2002-11-05,NOK,KRW,reference,165.39
2002-11-05,NZD,KRW,reference,607.17
2002-11-05,SAR,KRW,reference,325.23
2002-11-05,SEK,KRW,reference,133.53
2002-11-05,SGD,KRW,reference,692.22
2002-11-05,THB,KRW,reference,28.2
2002-11-05,USD,KRW,reference,1219.7
2002-11-06,AED,KRW,reference,331.01
2002-11-06,AUD,KRW,reference,681.64
2002-11-06,BHD,KRW,reference,3224.51
2002-11-06,CAD,KRW,reference,780.66
2002-11-06,CHF,KRW,reference,830.15
2002-11-06,CNY,KRW,reference,146.89
2002-11-06,DKK,KRW,reference,163.57
2002-11-06,EUR,KRW,reference,1214.04
2002-11-06,GBP,KRW,reference,1897.56
2002-11-06,HKD,KRW,reference,155.89
2002-11-06,IDR,KRW,reference,0.1322
2002-11-06,JPY,KRW,reference,9.9619
2002-11-06,KWD,KRW,reference,4031.43
2002-11-06,MYR,KRW,reference,319.95
2002-11-06,NOK,KRW,reference,165.19
2002-11-06,NZD,KRW,reference,601.94
2002-11-06,SAR,KRW,reference,324.19
2002-11-06,SEK,KRW,reference,132.79
2002-11-06,SGD,KRW,reference,691.72
2002-11-06,THB,KRW,reference,28.13
2002-11-06,USD,KRW,reference,1215.8
2002-11-07,AED,KRW,reference,332.15
2002-11-07,AUD,KRW,reference,690.22
2002-11-07,BHD,KRW,reference,3235.65
2002-11-07,CAD,KRW,reference,785.78
2002-11-07,CHF,KRW,reference,838.2
2002-11-07,CNY,KRW,reference,147.39
2002-11-07,DKK,KRW,reference,164.71
2002-11-07,EUR,KRW,reference,1226.77
2002-11-07,GBP,KRW,reference,1909.91
2002-11-07,HKD,KRW,reference,156.42
2002-11-07,IDR,KRW,reference,0.1325
2002-11-07,JPY,KRW,reference,10.0329
2002-11-07,KWD,KRW,reference,4047.64
2002-11-07,MYR,KRW,reference,321.05
2002-11-07,NOK,KRW,reference,166.15
2002-11-07,NZD,KRW,reference,607.68
2002-11-07,SAR,KRW,reference,325.31
2002-11-07,SEK,KRW,reference,134.04
2002-11-07,SGD,KRW,reference,690.83
2002-11-07,THB,KRW,reference,28.23
2002-11-07,USD,KRW,reference,1220
2002-11-08,AED,KRW,reference,331.31
2002-11-08,AUD,KRW,reference,688.58
2002-11-08,BHD,KRW,reference,3227.42
2002-11-08,CAD,KRW,reference,781.87
2002-11-08,CHF,KRW,reference,838.72
2002-11-08,CNY,KRW,reference,147.02
2002-11-08,DKK,KRW,reference,165.31
2002-11-08,EUR,KRW,reference,1227.18
2002-11-08,GBP,KRW,reference,1922.22
2002-11-08,HKD,KRW,reference,156.04
2002-11-08,IDR,KRW,reference,0.1323
2002-11-08,JPY,KRW,reference,10.0458
2002-11-08,KWD,KRW,reference,4037.76
2002-11-08,MYR,KRW,reference,320.24
2002-11-08,NOK,KRW,reference,167.48
2002-11-08,NZD,KRW,reference,609.06
2002-11-08,SAR,KRW,reference,324.48
2002-11-08,SEK,KRW,reference,134.54
2002-11-08,SGD,KRW,reference,690.44
2002-11-08,THB,KRW,reference,28.18
2002-11-08,USD,KRW,reference,1216.9
2002-11-11,AED,KRW,reference,329.54
2002-11-11,AUD,KRW,reference,682.61
2002-11-11,BHD,KRW,reference,3210.18
2002-11-11,CAD,KRW,reference,773.47
2002-11-11,CHF,KRW,reference,838.46
2002-11-11,CNY,KRW,reference,146.23
2002-11-11,DKK,KRW,reference,165
2002-11-11,EUR,KRW,reference,1226.07
2002-11-11,GBP,KRW,reference,1925.08
2002-11-11,HKD,KRW,reference,155.2
2002-11-11,IDR,KRW,reference,0.1317
2002-11-11,JPY,KRW,reference,10.0951
2002-11-11,KWD,KRW,reference,4021.26
2002-11-11,MYR,KRW,reference,318.53
2002-11-11,NOK,KRW,reference,167.33
2002-11-11,NZD,KRW,reference,600.78
2002-11-11,SAR,KRW,reference,322.75
2002-11-11,SEK,KRW,reference,134.82
2002-11-11,SGD,KRW,reference,687.92
2002-11-11,THB,KRW,reference,28.16
2002-11-11,USD,KRW,reference,1210.4
2002-11-12,AED,KRW,reference,326.68
2002-11-12,AUD,KRW,reference,673.32
2002-11-12,BHD,KRW,reference,3182.34
2002-11-12,CAD,KRW,reference,764.27
2002-11-12,CHF,KRW,reference,828.2
2002-11-12,CNY,KRW,reference,144.97
2002-11-12,DKK,KRW,reference,163.21
2002-11-12,EUR,KRW,reference,1211.72
2002-11-12,GBP,KRW,reference,1903.76
2002-11-12,HKD,KRW,reference,153.84
2002-11-12,IDR,KRW,reference,0.1313
2002-11-12,JPY,KRW,reference,10.0121
2002-11-12,KWD,KRW,reference,3989.43
2002-11-12,MYR,KRW,reference,315.76
2002-11-12,NOK,KRW,reference,166.31
2002-11-12,NZD,KRW,reference,592.15
2002-11-12,SAR,KRW,reference,319.95
2002-11-12,SEK,KRW,reference,133.46
2002-11-12,SGD,KRW,reference,681.37
2002-11-12,THB,KRW,reference,27.94
2002-11-12,USD,KRW,reference,1199.9
2002-11-13,AED,KRW,reference,327.66
2002-11-13,AUD,KRW,reference,674.62
2002-11-13,BHD,KRW,reference,3191.88
2002-11-13,CAD,KRW,reference,762.63
2002-11-13,CHF,KRW,reference,833.19
2002-11-13,CNY,KRW,reference,145.4
2002-11-13,DKK,KRW,reference,164.05
2002-11-13,EUR,KRW,reference,1218.6
2002-11-13,GBP,KRW,reference,1913.38
2002-11-13,HKD,KRW,reference,154.3
2002-11-13,IDR,KRW,reference,0.1328
2002-11-13,JPY,KRW,reference,10.0564
2002-11-13,KWD,KRW,reference,4001.4
2002-11-13,MYR,KRW,reference,316.71
2002-11-13,NOK,KRW,reference,166.71
2002-11-13,NZD,KRW,reference,593.93
2002-11-13,SAR,KRW,reference,320.92
2002-11-13,SEK,KRW,reference,134.16
2002-11-13,SGD,KRW,reference,682.26
2002-11-13,THB,KRW,reference,27.89
2002-11-13,USD,KRW,reference,1203.5
2002-11-14,AED,KRW,reference,327.55
2002-11-14,AUD,KRW,reference,674.04
2002-11-14,BHD,KRW,reference,3190.82
2002-11-14,CAD,KRW,reference,763.58
2002-11-14,CHF,KRW,reference,827.13
2002-11-14,CNY,KRW,reference,145.35
2002-11-14,DKK,KRW,reference,163.29
2002-11-14,EUR,KRW,reference,1213.15
2002-11-14,GBP,KRW,reference,1908.66
2002-11-14,HKD,KRW,reference,154.25
2002-11-14,IDR,KRW,reference,0.1331
2002-11-14,JPY,KRW,reference,10.0162
2002-11-14,KWD,KRW,reference,3997.01
2002-11-14,MYR,KRW,reference,316.61
2002-11-14,NOK,KRW,reference,165.67
2002-11-14,NZD,KRW,reference,598.42
2002-11-14,SAR,KRW,reference,320.82
2002-11-14,SEK,KRW,reference,133.74
2002-11-14,SGD,KRW,reference,681.26
2002-11-14,THB,KRW,reference,27.79
2002-11-14,USD,KRW,reference,1203.1
2002-11-15,AED,KRW,reference,328.89
2002-11-15,AUD,KRW,reference,680.41
2002-11-15,BHD,KRW,reference,3203.82
2002-11-15,CAD,KRW,reference,766.79
2002-11-15,CHF,KRW,reference,826.92
2002-11-15,CNY,KRW,reference,145.94
2002-11-15,DKK,KRW,reference,163.41
2002-11-15,EUR,KRW,reference,1212.71
2002-11-15,GBP,KRW,reference,1907.43
2002-11-15,HKD,KRW,reference,154.88
2002-11-15,IDR,KRW,reference,0.134
2002-11-15,JPY,KRW,reference,10.0162
2002-11-15,KWD,KRW,reference,4013.29
2002-11-15,MYR,KRW,reference,317.89
2002-11-15,NOK,KRW,reference,165.83
2002-11-15,NZD,KRW,reference,604.36
2002-11-15,SAR,KRW,reference,322.12
2002-11-15,SEK,KRW,reference,133.47
2002-11-15,SGD,KRW,reference,685.97
2002-11-15,THB,KRW,reference,27.88
2002-11-15,USD,KRW,reference,1208
2002-11-18,AED,KRW,reference,329.1
2002-11-18,AUD,KRW,reference,681.1
2002-11-18,BHD,KRW,reference,3205.94
2002-11-18,CAD,KRW,reference,763.08
2002-11-18,CHF,KRW,reference,832.74
2002-11-18,CNY,KRW,reference,146.04
2002-11-18,DKK,KRW,reference,164.3
2002-11-18,EUR,KRW,reference,1220.59
2002-11-18,GBP,KRW,reference,1911.17
2002-11-18,HKD,KRW,reference,154.99
2002-11-18,IDR,KRW,reference,0.134
2002-11-18,JPY,KRW,reference,10.0336
2002-11-18,KWD,KRW,reference,4015.55
2002-11-18,MYR,KRW,reference,318.11
2002-11-18,NOK,KRW,reference,166.87
2002-11-18,NZD,KRW,reference,603.8
2002-11-18,SAR,KRW,reference,322.34
2002-11-18,SEK,KRW,reference,134.73
2002-11-18,SGD,KRW,reference,685.84
2002-11-18,THB,KRW,reference,27.79
2002-11-18,USD,KRW,reference,1208.8
2002-11-19,AED,KRW,reference,328.42
2002-11-19,AUD,KRW,reference,677.76
2002-11-19,BHD,KRW,reference,3199.31
2002-11-19,CAD,KRW,reference,758.7
2002-11-19,CHF,KRW,reference,829.93
2002-11-19,CNY,KRW,reference,145.74
2002-11-19,DKK,KRW,reference,163.84
2002-11-19,EUR,KRW,reference,1217.46
2002-11-19,GBP,KRW,reference,1907.7
2002-11-19,HKD,KRW,reference,154.67
2002-11-19,IDR,KRW,reference,0.13419999999999999
2002-11-19,JPY,KRW,reference,9.9665
2002-11-19,KWD,KRW,reference,4007.24
2002-11-19,MYR,KRW,reference,317.45
2002-11-19,NOK,KRW,reference,166.37
2002-11-19,NZD,KRW,reference,599.65
2002-11-19,SAR,KRW,reference,321.67
2002-11-19,SEK,KRW,reference,134.19
2002-11-19,SGD,KRW,reference,684.43
2002-11-19,THB,KRW,reference,27.81
2002-11-19,USD,KRW,reference,1206.3
2002-11-20,AED,KRW,reference,329.08
2002-11-20,AUD,KRW,reference,675.24
2002-11-20,BHD,KRW,reference,3205.68
2002-11-20,CAD,KRW,reference,763.12
2002-11-20,CHF,KRW,reference,826.01
2002-11-20,CNY,KRW,reference,146.03
2002-11-20,DKK,KRW,reference,163.34
2002-11-20,EUR,KRW,reference,1212.75
2002-11-20,GBP,KRW,reference,1909.75
2002-11-20,HKD,KRW,reference,154.97
2002-11-20,IDR,KRW,reference,0.1349
2002-11-20,JPY,KRW,reference,9.8924
2002-11-20,KWD,KRW,reference,4012.15
2002-11-20,MYR,KRW,reference,318.08
2002-11-20,NOK,KRW,reference,164.84
2002-11-20,NZD,KRW,reference,600.12
2002-11-20,SAR,KRW,reference,322.31
2002-11-20,SEK,KRW,reference,133.74
2002-11-20,SGD,KRW,reference,683.65
2002-11-20,THB,KRW,reference,27.89
2002-11-20,USD,KRW,reference,1208.7
2002-11-21,AED,KRW,reference,331.15
2002-11-21,AUD,KRW,reference,682.04
2002-11-21,BHD,KRW,reference,3225.83
2002-11-21,CAD,KRW,reference,766.8
2002-11-21,CHF,KRW,reference,828.91
2002-11-21,CNY,KRW,reference,146.95
2002-11-21,DKK,KRW,reference,164.01
2002-11-21,EUR,KRW,reference,1217.58
2002-11-21,GBP,KRW,reference,1911.84
2002-11-21,HKD,KRW,reference,155.95
2002-11-21,IDR,KRW,reference,0.13570000000000002
2002-11-21,JPY,KRW,reference,9.912799999999999
2002-11-21,KWD,KRW,reference,4033.49
2002-11-21,MYR,KRW,reference,320.08
2002-11-21,NOK,KRW,reference,166.22
2002-11-21,NZD,KRW,reference,607.18
2002-11-21,SAR,KRW,reference,324.34
2002-11-21,SEK,KRW,reference,134.33
2002-11-21,SGD,KRW,reference,687.02
2002-11-21,THB,KRW,reference,28.01
2002-11-21,USD,KRW,reference,1216.3
2002-11-22,AED,KRW,reference,330.6
2002-11-22,AUD,KRW,reference,683.23
2002-11-22,BHD,KRW,reference,3220.53
2002-11-22,CAD,KRW,reference,769.71
2002-11-22,CHF,KRW,reference,828.14
2002-11-22,CNY,KRW,reference,146.71
2002-11-22,DKK,KRW,reference,163.77
2002-11-22,EUR,KRW,reference,1217.15
2002-11-22,GBP,KRW,reference,1919.81
2002-11-22,HKD,KRW,reference,155.69
2002-11-22,IDR,KRW,reference,0.13470000000000001
2002-11-22,JPY,KRW,reference,9.8993
2002-11-22,KWD,KRW,reference,4028.87
2002-11-22,MYR,KRW,reference,319.55
2002-11-22,NOK,KRW,reference,166.56
2002-11-22,NZD,KRW,reference,611.16
2002-11-22,SAR,KRW,reference,323.8
2002-11-22,SEK,KRW,reference,135.3
2002-11-22,SGD,KRW,reference,686.24
2002-11-22,THB,KRW,reference,27.97
2002-11-22,USD,KRW,reference,1214.3
2002-11-25,AED,KRW,reference,330.38
2002-11-25,AUD,KRW,reference,685.08
2002-11-25,BHD,KRW,reference,3218.41
2002-11-25,CAD,KRW,reference,768.87
2002-11-25,CHF,KRW,reference,821.32
2002-11-25,CNY,KRW,reference,146.61
2002-11-25,DKK,KRW,reference,162.96
2002-11-25,EUR,KRW,reference,1209.19
2002-11-25,GBP,KRW,reference,1914.9
2002-11-25,HKD,KRW,reference,155.6
2002-11-25,IDR,KRW,reference,0.1352
2002-11-25,JPY,KRW,reference,9.8562
2002-11-25,KWD,KRW,reference,4025.54
2002-11-25,MYR,KRW,reference,319.34
2002-11-25,NOK,KRW,reference,165.79
2002-11-25,NZD,KRW,reference,610.03
2002-11-25,SAR,KRW,reference,323.59
2002-11-25,SEK,KRW,reference,134.62
2002-11-25,SGD,KRW,reference,686.06
2002-11-25,THB,KRW,reference,27.99
2002-11-25,USD,KRW,reference,1213.5
2002-11-26,AED,KRW,reference,330.36
2002-11-26,AUD,KRW,reference,679.2
2002-11-26,BHD,KRW,reference,3218.14
2002-11-26,CAD,KRW,reference,771.39
2002-11-26,CHF,KRW,reference,816.36
2002-11-26,CNY,KRW,reference,146.6
2002-11-26,DKK,KRW,reference,161.92
2002-11-26,EUR,KRW,reference,1203.27
2002-11-26,GBP,KRW,reference,1899.03
2002-11-26,HKD,KRW,reference,155.59
2002-11-26,IDR,KRW,reference,0.1353
2002-11-26,JPY,KRW,reference,9.939400000000001
2002-11-26,KWD,KRW,reference,4021.88
2002-11-26,MYR,KRW,reference,319.32
2002-11-26,NOK,KRW,reference,164.84
2002-11-26,NZD,KRW,reference,606.09
2002-11-26,SAR,KRW,reference,323.56
2002-11-26,SEK,KRW,reference,133.46
2002-11-26,SGD,KRW,reference,684.76
2002-11-26,THB,KRW,reference,27.96
2002-11-26,USD,KRW,reference,1213.4
2002-11-27,AED,KRW,reference,328.18
2002-11-27,AUD,KRW,reference,674.48
2002-11-27,BHD,KRW,reference,3196.92
2002-11-27,CAD,KRW,reference,765.14
2002-11-27,CHF,KRW,reference,813.06
2002-11-27,CNY,KRW,reference,145.63
2002-11-27,DKK,KRW,reference,161.13
2002-11-27,EUR,KRW,reference,1197.93
2002-11-27,GBP,KRW,reference,1871.93
2002-11-27,HKD,KRW,reference,154.57
2002-11-27,IDR,KRW,reference,0.1341
2002-11-27,JPY,KRW,reference,9.917300000000001
2002-11-27,KWD,KRW,reference,3994.7
2002-11-27,MYR,KRW,reference,317.21
2002-11-27,NOK,KRW,reference,164.57
2002-11-27,NZD,KRW,reference,597.76
2002-11-27,SAR,KRW,reference,321.43
2002-11-27,SEK,KRW,reference,131.91
2002-11-27,SGD,KRW,reference,683.72
2002-11-27,THB,KRW,reference,27.8
2002-11-27,USD,KRW,reference,1205.4
2002-11-28,AED,KRW,reference,327.91
2002-11-28,AUD,KRW,reference,669.95
2002-11-28,BHD,KRW,reference,3194.27
2002-11-28,CAD,KRW,reference,765.82
2002-11-28,CHF,KRW,reference,808.92
2002-11-28,CNY,KRW,reference,145.51
2002-11-28,DKK,KRW,reference,160.63
2002-11-28,EUR,KRW,reference,1193.08
2002-11-28,GBP,KRW,reference,1863.57
2002-11-28,HKD,KRW,reference,154.44
2002-11-28,IDR,KRW,reference,0.1349
2002-11-28,JPY,KRW,reference,9.839500000000001
2002-11-28,KWD,KRW,reference,3989.53
2002-11-28,MYR,KRW,reference,316.95
2002-11-28,NOK,KRW,reference,163.84
2002-11-28,NZD,KRW,reference,594.13
2002-11-28,SAR,KRW,reference,321.16
2002-11-28,SEK,KRW,reference,131.43
2002-11-28,SGD,KRW,reference,682.21
2002-11-28,THB,KRW,reference,27.77
2002-11-28,USD,KRW,reference,1204.4
2002-11-29,AED,KRW,reference,328.8
2002-11-29,AUD,KRW,reference,679.15
2002-11-29,BHD,KRW,reference,3203.02
2002-11-29,CAD,KRW,reference,768.11
2002-11-29,CHF,KRW,reference,813.81
2002-11-29,CNY,KRW,reference,145.91
2002-11-29,DKK,KRW,reference,161.79
2002-11-29,EUR,KRW,reference,1200.39
2002-11-29,GBP,KRW,reference,1871.69
2002-11-29,HKD,KRW,reference,154.86
2002-11-29,IDR,KRW,reference,0.1346
2002-11-29,JPY,KRW,reference,9.8818
2002-11-29,KWD,KRW,reference,4001.66
2002-11-29,MYR,KRW,reference,317.82
2002-11-29,NOK,KRW,reference,164.61
2002-11-29,NZD,KRW,reference,598.54
2002-11-29,SAR,KRW,reference,322.04
2002-11-29,SEK,KRW,reference,132.09
2002-11-29,SGD,KRW,reference,684.99
2002-11-29,THB,KRW,reference,27.82
2002-11-29,USD,KRW,reference,1207.7
2002-12-02,AED,KRW,reference,328.89
2002-12-02,AUD,KRW,reference,677.51
2002-12-02,BHD,KRW,reference,3203.82
2002-12-02,CAD,KRW,reference,771.93
2002-12-02,CHF,KRW,reference,814.35
2002-12-02,CNY,KRW,reference,145.94
2002-12-02,DKK,KRW,reference,161.77
2002-12-02,EUR,KRW,reference,1201.11
2002-12-02,GBP,KRW,reference,1880.19
2002-12-02,HKD,KRW,reference,154.9
2002-12-02,IDR,KRW,reference,0.13470000000000001
2002-12-02,JPY,KRW,reference,9.847999999999999
2002-12-02,KWD,KRW,reference,4001.59
2002-12-02,MYR,KRW,reference,317.89
2002-12-02,NOK,KRW,reference,165.02
2002-12-02,NZD,KRW,reference,602.01
2002-12-02,SAR,KRW,reference,322.12
2002-12-02,SEK,KRW,reference,133.5
2002-12-02,SGD,KRW,reference,685.12
2002-12-02,THB,KRW,reference,27.78
2002-12-02,USD,KRW,reference,1208
2002-12-03,AED,KRW,reference,329.78
2002-12-03,AUD,KRW,reference,677.18
2002-12-03,BHD,KRW,reference,3212.57
2002-12-03,CAD,KRW,reference,778.27
2002-12-03,CHF,KRW,reference,819.61
2002-12-03,CNY,KRW,reference,146.34
2002-12-03,DKK,KRW,reference,162.58
2002-12-03,EUR,KRW,reference,1207
2002-12-03,GBP,KRW,reference,1886.48
2002-12-03,HKD,KRW,reference,155.32
2002-12-03,IDR,KRW,reference,0.135
2002-12-03,JPY,KRW,reference,9.7321
2002-12-03,KWD,KRW,reference,4007.61
2002-12-03,MYR,KRW,reference,318.76
2002-12-03,NOK,KRW,reference,165.82
2002-12-03,NZD,KRW,reference,603.47
2002-12-03,SAR,KRW,reference,323
2002-12-03,SEK,KRW,reference,133.97
2002-12-03,SGD,KRW,reference,683.58
2002-12-03,THB,KRW,reference,27.73
2002-12-03,USD,KRW,reference,1211.3
2002-12-04,AED,KRW,reference,331.36
2002-12-04,AUD,KRW,reference,680.66
2002-12-04,BHD,KRW,reference,3227.95
2002-12-04,CAD,KRW,reference,781.75
2002-12-04,CHF,KRW,reference,824.43
2002-12-04,CNY,KRW,reference,147.04
2002-12-04,DKK,KRW,reference,163.34
2002-12-04,EUR,KRW,reference,1213.02
2002-12-04,GBP,KRW,reference,1910.18
2002-12-04,HKD,KRW,reference,156.07
2002-12-04,IDR,KRW,reference,0.1356
2002-12-04,JPY,KRW,reference,9.7936
2002-12-04,KWD,KRW,reference,4032
2002-12-04,MYR,KRW,reference,320.29
2002-12-04,NOK,KRW,reference,167.02
2002-12-04,NZD,KRW,reference,605.87
2002-12-04,SAR,KRW,reference,324.55
2002-12-04,SEK,KRW,reference,134.17
2002-12-04,SGD,KRW,reference,687.24
2002-12-04,THB,KRW,reference,27.9
2002-12-04,USD,KRW,reference,1217.1
2002-12-05,AED,KRW,reference,331.15
2002-12-05,AUD,KRW,reference,683.13
2002-12-05,BHD,KRW,reference,3225.83
2002-12-05,CAD,KRW,reference,779.38
2002-12-05,CHF,KRW,reference,827.02
2002-12-05,CNY,KRW,reference,146.95
2002-12-05,DKK,KRW,reference,163.85
2002-12-05,EUR,KRW,reference,1218.06
2002-12-05,GBP,KRW,reference,1910.44
2002-12-05,HKD,KRW,reference,155.97
2002-12-05,IDR,KRW,reference,0.1354
2002-12-05,JPY,KRW,reference,9.7754
2002-12-05,KWD,KRW,reference,4028.82
2002-12-05,MYR,KRW,reference,320.08
2002-12-05,NOK,KRW,reference,167.33
2002-12-05,NZD,KRW,reference,610.1
2002-12-05,SAR,KRW,reference,324.34
2002-12-05,SEK,KRW,reference,134.19
2002-12-05,SGD,KRW,reference,687.06
2002-12-05,THB,KRW,reference,27.85
2002-12-05,USD,KRW,reference,1216.3
2002-12-06,AED,KRW,reference,332.92
2002-12-06,AUD,KRW,reference,686.42
2002-12-06,BHD,KRW,reference,3243.07
2002-12-06,CAD,KRW,reference,782.49
2002-12-06,CHF,KRW,reference,831.47
2002-12-06,CNY,KRW,reference,147.73
2002-12-06,DKK,KRW,reference,164.78
2002-12-06,EUR,KRW,reference,1223.59
2002-12-06,GBP,KRW,reference,1921.45
2002-12-06,HKD,KRW,reference,156.8
2002-12-06,IDR,KRW,reference,0.1361
2002-12-06,JPY,KRW,reference,9.8063
2002-12-06,KWD,KRW,reference,4050.35
2002-12-06,MYR,KRW,reference,321.79
2002-12-06,NOK,KRW,reference,168.09
2002-12-06,NZD,KRW,reference,614.46
2002-12-06,SAR,KRW,reference,326.07
2002-12-06,SEK,KRW,reference,135.14
2002-12-06,SGD,KRW,reference,689.1
2002-12-06,THB,KRW,reference,27.92
2002-12-06,USD,KRW,reference,1222.8
2002-12-09,AED,KRW,reference,334.33
2002-12-09,AUD,KRW,reference,692.04
2002-12-09,BHD,KRW,reference,3256.86
2002-12-09,CAD,KRW,reference,784.92
2002-12-09,CHF,KRW,reference,843.38
2002-12-09,CNY,KRW,reference,148.36
2002-12-09,DKK,KRW,reference,166.98
2002-12-09,EUR,KRW,reference,1240.83
2002-12-09,GBP,KRW,reference,1936.99
2002-12-09,HKD,KRW,reference,157.47
2002-12-09,IDR,KRW,reference,0.1367
2002-12-09,JPY,KRW,reference,9.9615
2002-12-09,KWD,KRW,reference,4069.59
2002-12-09,MYR,KRW,reference,323.16
2002-12-09,NOK,KRW,reference,170.2
2002-12-09,NZD,KRW,reference,616.52
2002-12-09,SAR,KRW,reference,327.46
2002-12-09,SEK,KRW,reference,137
2002-12-09,SGD,KRW,reference,695.75
2002-12-09,THB,KRW,reference,28.19
2002-12-09,USD,KRW,reference,1228
2002-12-10,AED,KRW,reference,329.98
2002-12-10,AUD,KRW,reference,682.66
2002-12-10,BHD,KRW,reference,3214.43
2002-12-10,CAD,KRW,reference,775.78
2002-12-10,CHF,KRW,reference,831.68
2002-12-10,CNY,KRW,reference,146.42
2002-12-10,DKK,KRW,reference,164.89
2002-12-10,EUR,KRW,reference,1225.57
2002-12-10,GBP,KRW,reference,1916.96
2002-12-10,HKD,KRW,reference,155.41
2002-12-10,IDR,KRW,reference,0.1352
2002-12-10,JPY,KRW,reference,9.8285
2002-12-10,KWD,KRW,reference,4023.24
2002-12-10,MYR,KRW,reference,318.95
2002-12-10,NOK,KRW,reference,167.44
2002-12-10,NZD,KRW,reference,610.12
2002-12-10,SAR,KRW,reference,323.19
2002-12-10,SEK,KRW,reference,134.83
2002-12-10,SGD,KRW,reference,687.23
2002-12-10,THB,KRW,reference,27.95
2002-12-10,USD,KRW,reference,1212
2002-12-11,AED,KRW,reference,331.09
2002-12-11,AUD,KRW,reference,680.35
2002-12-11,BHD,KRW,reference,3225.3
2002-12-11,CAD,KRW,reference,779.45
2002-12-11,CHF,KRW,reference,831.52
2002-12-11,CNY,KRW,reference,146.93
2002-12-11,DKK,KRW,reference,165.07
2002-12-11,EUR,KRW,reference,1225.22
2002-12-11,GBP,KRW,reference,1909.4
2002-12-11,HKD,KRW,reference,155.93
2002-12-11,IDR,KRW,reference,0.1356
2002-12-11,JPY,KRW,reference,9.8128
2002-12-11,KWD,KRW,reference,4033.1
2002-12-11,MYR,KRW,reference,320.03
2002-12-11,NOK,KRW,reference,167.28
2002-12-11,NZD,KRW,reference,609.51
2002-12-11,SAR,KRW,reference,324.28
2002-12-11,SEK,KRW,reference,135.06
2002-12-11,SGD,KRW,reference,688.54
2002-12-11,THB,KRW,reference,28.05
2002-12-11,USD,KRW,reference,1216.1
2002-12-12,AED,KRW,reference,331.01
2002-12-12,AUD,KRW,reference,681.64
2002-12-12,BHD,KRW,reference,3224.51
2002-12-12,CAD,KRW,reference,781.26
2002-12-12,CHF,KRW,reference,831.69
2002-12-12,CNY,KRW,reference,146.89
2002-12-12,DKK,KRW,reference,165.16
2002-12-12,EUR,KRW,reference,1225.83
2002-12-12,GBP,KRW,reference,1915.61
2002-12-12,HKD,KRW,reference,155.89
2002-12-12,IDR,KRW,reference,0.1369
2002-12-12,JPY,KRW,reference,9.8298
2002-12-12,KWD,KRW,reference,4035.85
2002-12-12,MYR,KRW,reference,319.95
2002-12-12,NOK,KRW,reference,166.71
2002-12-12,NZD,KRW,reference,611.3
2002-12-12,SAR,KRW,reference,324.2
2002-12-12,SEK,KRW,reference,135
2002-12-12,SGD,KRW,reference,689.62
2002-12-12,THB,KRW,reference,28.04
2002-12-12,USD,KRW,reference,1215.8
2002-12-13,AED,KRW,reference,330
2002-12-13,AUD,KRW,reference,685.5
2002-12-13,BHD,KRW,reference,3214.69
2002-12-13,CAD,KRW,reference,779.84
2002-12-13,CHF,KRW,reference,835.87
2002-12-13,CNY,KRW,reference,146.44
2002-12-13,DKK,KRW,reference,166.22
2002-12-13,EUR,KRW,reference,1234.46
2002-12-13,GBP,KRW,reference,1916.15
2002-12-13,HKD,KRW,reference,155.42
2002-12-13,IDR,KRW,reference,0.1367
2002-12-13,JPY,KRW,reference,9.883
2002-12-13,KWD,KRW,reference,4023.57
2002-12-13,MYR,KRW,reference,318.97
2002-12-13,NOK,KRW,reference,168.22
2002-12-13,NZD,KRW,reference,615.87
2002-12-13,SAR,KRW,reference,323.22
2002-12-13,SEK,KRW,reference,135.42
2002-12-13,SGD,KRW,reference,688.48
2002-12-13,THB,KRW,reference,27.97
2002-12-13,USD,KRW,reference,1212.1
2002-12-16,AED,KRW,reference,329.16
2002-12-16,AUD,KRW,reference,683.93
2002-12-16,BHD,KRW,reference,3206.47
2002-12-16,CAD,KRW,reference,774.7
2002-12-16,CHF,KRW,reference,837.72
2002-12-16,CNY,KRW,reference,146.07
2002-12-16,DKK,KRW,reference,166.62
2002-12-16,EUR,KRW,reference,1237.59
2002-12-16,GBP,KRW,reference,1921.52
2002-12-16,HKD,KRW,reference,155.03
2002-12-16,IDR,KRW,reference,0.1363
2002-12-16,JPY,KRW,reference,10.017000000000001
2002-12-16,KWD,KRW,reference,4021.55
2002-12-16,MYR,KRW,reference,318.16
2002-12-16,NOK,KRW,reference,168.8
2002-12-16,NZD,KRW,reference,621.79
2002-12-16,SAR,KRW,reference,322.39
2002-12-16,SEK,KRW,reference,135.55
2002-12-16,SGD,KRW,reference,693
2002-12-16,THB,KRW,reference,27.97
2002-12-16,USD,KRW,reference,1209
2002-12-17,AED,KRW,reference,327.31
2002-12-17,AUD,KRW,reference,680.14
2002-12-17,BHD,KRW,reference,3188.44
2002-12-17,CAD,KRW,reference,769.8
2002-12-17,CHF,KRW,reference,832.35
2002-12-17,CNY,KRW,reference,145.24
2002-12-17,DKK,KRW,reference,165.49
2002-12-17,EUR,KRW,reference,1228.05
2002-12-17,GBP,KRW,reference,1911.44
2002-12-17,HKD,KRW,reference,154.16
2002-12-17,IDR,KRW,reference,0.1365
2002-12-17,JPY,KRW,reference,9.9016
2002-12-17,KWD,KRW,reference,3999.07
2002-12-17,MYR,KRW,reference,316.37
2002-12-17,NOK,KRW,reference,168.56
2002-12-17,NZD,KRW,reference,617.57
2002-12-17,SAR,KRW,reference,320.58
2002-12-17,SEK,KRW,reference,135.33
2002-12-17,SGD,KRW,reference,687.93
2002-12-17,THB,KRW,reference,27.85
2002-12-17,USD,KRW,reference,1202.2
2002-12-18,AED,KRW,reference,326.9
2002-12-18,AUD,KRW,reference,678.94
2002-12-18,BHD,KRW,reference,3184.46
2002-12-18,CAD,KRW,reference,775.55
2002-12-18,CHF,KRW,reference,839.86
2002-12-18,CNY,KRW,reference,145.06
2002-12-18,DKK,KRW,reference,166.26
2002-12-18,EUR,KRW,reference,1232.94
2002-12-18,GBP,KRW,reference,1918.12
2002-12-18,HKD,KRW,reference,153.97
2002-12-18,IDR,KRW,reference,0.1353
2002-12-18,JPY,KRW,reference,9.8742
2002-12-18,KWD,KRW,reference,3993.95
2002-12-18,MYR,KRW,reference,315.97
2002-12-18,NOK,KRW,reference,169.26
2002-12-18,NZD,KRW,reference,621.12
2002-12-18,SAR,KRW,reference,320.18
2002-12-18,SEK,KRW,reference,135.82
2002-12-18,SGD,KRW,reference,687.1
2002-12-18,THB,KRW,reference,27.87
2002-12-18,USD,KRW,reference,1200.7
2002-12-20,AED,KRW,reference,326.74
2002-12-20,AUD,KRW,reference,679.32
2002-12-20,BHD,KRW,reference,3182.87
2002-12-20,CAD,KRW,reference,773.04
2002-12-20,CHF,KRW,reference,842.74
2002-12-20,CNY,KRW,reference,144.99
2002-12-20,DKK,KRW,reference,166.07
2002-12-20,EUR,KRW,reference,1232.2
2002-12-20,GBP,KRW,reference,1924.18
2002-12-20,HKD,KRW,reference,153.9
2002-12-20,IDR,KRW,reference,0.135
2002-12-20,JPY,KRW,reference,9.9536
2002-12-20,KWD,KRW,reference,3996.74
2002-12-20,MYR,KRW,reference,315.82
2002-12-20,NOK,KRW,reference,169.16
2002-12-20,NZD,KRW,reference,620.21
2002-12-20,SAR,KRW,reference,320.02
2002-12-20,SEK,KRW,reference,135.19
2002-12-20,SGD,KRW,reference,688.53
2002-12-20,THB,KRW,reference,27.94
2002-12-20,USD,KRW,reference,1200.1
2002-12-23,AED,KRW,reference,327.58
2002-12-23,AUD,KRW,reference,678.18
2002-12-23,BHD,KRW,reference,3191.09
2002-12-23,CAD,KRW,reference,775.86
2002-12-23,CHF,KRW,reference,844.68
2002-12-23,CNY,KRW,reference,145.36
2002-12-23,DKK,KRW,reference,166.41
2002-12-23,EUR,KRW,reference,1235.51
2002-12-23,GBP,KRW,reference,1927.35
2002-12-23,HKD,KRW,reference,154.3
2002-12-23,IDR,KRW,reference,0.1354
2002-12-23,JPY,KRW,reference,9.989600000000001
2002-12-23,KWD,KRW,reference,4007.46
2002-12-23,MYR,KRW,reference,316.63
2002-12-23,NOK,KRW,reference,169.56
2002-12-23,NZD,KRW,reference,621.45
2002-12-23,SAR,KRW,reference,320.84
2002-12-23,SEK,KRW,reference,135.89
2002-12-23,SGD,KRW,reference,690.19
2002-12-23,THB,KRW,reference,27.95
2002-12-23,USD,KRW,reference,1203.2
2002-12-24,AED,KRW,reference,327.44
2002-12-24,AUD,KRW,reference,675.86
2002-12-24,BHD,KRW,reference,3189.76
2002-12-24,CAD,KRW,reference,774.94
2002-12-24,CHF,KRW,reference,847.96
2002-12-24,CNY,KRW,reference,145.3
2002-12-24,DKK,KRW,reference,166.26
2002-12-24,EUR,KRW,reference,1234.51
2002-12-24,GBP,KRW,reference,1917.34
2002-12-24,HKD,KRW,reference,154.22
2002-12-24,IDR,KRW,reference,0.1355
2002-12-24,JPY,KRW,reference,9.9888
2002-12-24,KWD,KRW,reference,4003.93
2002-12-24,MYR,KRW,reference,316.5
2002-12-24,NOK,KRW,reference,169.92
2002-12-24,NZD,KRW,reference,620.83
2002-12-24,SAR,KRW,reference,320.71
2002-12-24,SEK,KRW,reference,135.22
2002-12-24,SGD,KRW,reference,690.93
2002-12-24,THB,KRW,reference,27.98
2002-12-24,USD,KRW,reference,1202.7
2002-12-26,AED,KRW,reference,327.01
2002-12-26,AUD,KRW,reference,676.64
2002-12-26,BHD,KRW,reference,3185.52
2002-12-26,CAD,KRW,reference,776
2002-12-26,CHF,KRW,reference,854.6
2002-12-26,CNY,KRW,reference,145.11
2002-12-26,DKK,KRW,reference,166.9
2002-12-26,EUR,KRW,reference,1240.08
2002-12-26,GBP,KRW,reference,1917.44
2002-12-26,HKD,KRW,reference,154.01
2002-12-26,IDR,KRW,reference,0.1352
2002-12-26,JPY,KRW,reference,9.9813
2002-12-26,KWD,KRW,reference,3998.6
2002-12-26,MYR,KRW,reference,316.08
2002-12-26,NOK,KRW,reference,170.39
2002-12-26,NZD,KRW,reference,620.97
2002-12-26,SAR,KRW,reference,320.28
2002-12-26,SEK,KRW,reference,135.76
2002-12-26,SGD,KRW,reference,690.98
2002-12-26,THB,KRW,reference,27.94
2002-12-26,USD,KRW,reference,1201.1
2002-12-27,AED,KRW,reference,326.79
2002-12-27,AUD,KRW,reference,676.43
2002-12-27,BHD,KRW,reference,3183.4
2002-12-27,CAD,KRW,reference,770.26
2002-12-27,CHF,KRW,reference,855.98
2002-12-27,CNY,KRW,reference,145.01
2002-12-27,DKK,KRW,reference,167.73
2002-12-27,EUR,KRW,reference,1244.77
2002-12-27,GBP,KRW,reference,1921.5
2002-12-27,HKD,KRW,reference,153.91
2002-12-27,IDR,KRW,reference,0.1351
2002-12-27,JPY,KRW,reference,10.0012
2002-12-27,KWD,KRW,reference,3995.94
2002-12-27,MYR,KRW,reference,315.87
2002-12-27,NOK,KRW,reference,170.97
2002-12-27,NZD,KRW,reference,622
2002-12-27,SAR,KRW,reference,320.07
2002-12-27,SEK,KRW,reference,136.51
2002-12-27,SGD,KRW,reference,690.3
2002-12-27,THB,KRW,reference,27.91
2002-12-27,USD,KRW,reference,1200.3
2002-12-30,AED,KRW,reference,325.95
2002-12-30,AUD,KRW,reference,672.89
2002-12-30,BHD,KRW,reference,3175.18
2002-12-30,CAD,KRW,reference,763.16
2002-12-30,CHF,KRW,reference,859.53
2002-12-30,CNY,KRW,reference,144.64
2002-12-30,DKK,KRW,reference,168.08
2002-12-30,EUR,KRW,reference,1248.14
2002-12-30,GBP,KRW,reference,1919.29
2002-12-30,HKD,KRW,reference,153.51
2002-12-30,IDR,KRW,reference,0.1344
2002-12-30,JPY,KRW,reference,9.9854
2002-12-30,KWD,KRW,reference,3985.62
2002-12-30,MYR,KRW,reference,315.05
2002-12-30,NOK,KRW,reference,171.54
2002-12-30,NZD,KRW,reference,622.36
2002-12-30,SAR,KRW,reference,319.24
2002-12-30,SEK,KRW,reference,136.15
2002-12-30,SGD,KRW,reference,689.63
2002-12-30,THB,KRW,reference,27.67
2002-12-30,USD,KRW,reference,1197.2
2002-12-31,AED,KRW,reference,326.82
2002-12-31,AUD,KRW,reference,679.73
2002-12-31,BHD,KRW,reference,3183.66
2002-12-31,CAD,KRW,reference,761.19
2002-12-31,CHF,KRW,reference,864.81
2002-12-31,CNY,KRW,reference,145.02
2002-12-31,DKK,KRW,reference,169.43
2002-12-31,EUR,KRW,reference,1257.36
2002-12-31,GBP,KRW,reference,1925.02
2002-12-31,HKD,KRW,reference,153.92
2002-12-31,IDR,KRW,reference,0.1343
2002-12-31,JPY,KRW,reference,10.1287
2002-12-31,KWD,KRW,reference,4003.34
2002-12-31,MYR,KRW,reference,315.89
2002-12-31,NOK,KRW,reference,172.67
2002-12-31,NZD,KRW,reference,632.13
2002-12-31,SAR,KRW,reference,320.1
2002-12-31,SEK,KRW,reference,137.4
2002-12-31,SGD,KRW,reference,691.83
2002-12-31,THB,KRW,reference,27.78
2002-12-31,USD,KRW,reference,1200.4
