date,base,quote,type,value
2004-01-02,AED,KRW,reference,325.16
2004-01-02,AUD,KRW,reference,897.82
2004-01-02,BHD,KRW,reference,3167.9
2004-01-02,CAD,KRW,reference,921.24
2004-01-02,CHF,KRW,reference,961.44
2004-01-02,CNY,KRW,reference,144.3
2004-01-02,DKK,KRW,reference,201.38
2004-01-02,EUR,KRW,reference,1500.7
2004-01-02,GBP,KRW,reference,2130.81
2004-01-02,HKD,KRW,reference,153.84
2004-01-02,IDR,KRW,reference,0.142
2004-01-02,JPY,KRW,reference,11.128900000000002
2004-01-02,KWD,KRW,reference,4056.04
2004-01-02,MYR,KRW,reference,314.29
2004-01-02,NOK,KRW,reference,178.23
2004-01-02,NZD,KRW,reference,782.03
2004-01-02,SAR,KRW,reference,318.45
2004-01-02,SEK,KRW,reference,165.27
2004-01-02,SGD,KRW,reference,703.05
2004-01-02,THB,KRW,reference,30.17
2004-01-02,USD,KRW,reference,1194.3
2004-01-05,AED,KRW,reference,325.48
2004-01-05,AUD,KRW,reference,907.68
2004-01-05,BHD,KRW,reference,3171.09
2004-01-05,CAD,KRW,reference,927.9
2004-01-05,CHF,KRW,reference,967.74
2004-01-05,CNY,KRW,reference,144.44
2004-01-05,DKK,KRW,reference,202.15
2004-01-05,EUR,KRW,reference,1508.96
2004-01-05,GBP,KRW,reference,2144.91
2004-01-05,HKD,KRW,reference,153.98
2004-01-05,IDR,KRW,reference,0.1416
2004-01-05,JPY,KRW,reference,11.1776
2004-01-05,KWD,KRW,reference,4060.11
2004-01-05,MYR,KRW,reference,314.61
2004-01-05,NOK,KRW,reference,179.45
2004-01-05,NZD,KRW,reference,787.83
2004-01-05,SAR,KRW,reference,318.77
2004-01-05,SEK,KRW,reference,166.3
2004-01-05,SGD,KRW,reference,702.39
2004-01-05,THB,KRW,reference,30.26
2004-01-05,USD,KRW,reference,1195.5
2004-01-06,AED,KRW,reference,325.01
2004-01-06,AUD,KRW,reference,916.51
2004-01-06,BHD,KRW,reference,3166.05
2004-01-06,CAD,KRW,reference,931.7
2004-01-06,CHF,KRW,reference,968.56
2004-01-06,CNY,KRW,reference,144.21
2004-01-06,DKK,KRW,reference,202.97
2004-01-06,EUR,KRW,reference,1514.14
2004-01-06,GBP,KRW,reference,2157.49
2004-01-06,HKD,KRW,reference,153.75
2004-01-06,IDR,KRW,reference,0.1424
2004-01-06,JPY,KRW,reference,11.2281
2004-01-06,KWD,KRW,reference,4053.66
2004-01-06,MYR,KRW,reference,314.11
2004-01-06,NOK,KRW,reference,179.07
2004-01-06,NZD,KRW,reference,800.19
2004-01-06,SAR,KRW,reference,318.27
2004-01-06,SEK,KRW,reference,166.54
2004-01-06,SGD,KRW,reference,702.9
2004-01-06,THB,KRW,reference,30.38
2004-01-06,USD,KRW,reference,1193.6
2004-01-07,AED,KRW,reference,323.46
2004-01-07,AUD,KRW,reference,912.13
2004-01-07,BHD,KRW,reference,3150.93
2004-01-07,CAD,KRW,reference,923.61
2004-01-07,CHF,KRW,reference,963.31
2004-01-07,CNY,KRW,reference,143.52
2004-01-07,DKK,KRW,reference,203
2004-01-07,EUR,KRW,reference,1510.89
2004-01-07,GBP,KRW,reference,2162.51
2004-01-07,HKD,KRW,reference,153.02
2004-01-07,IDR,KRW,reference,0.1426
2004-01-07,JPY,KRW,reference,11.183900000000001
2004-01-07,KWD,KRW,reference,4028.96
2004-01-07,MYR,KRW,reference,312.61
2004-01-07,NOK,KRW,reference,176.95
2004-01-07,NZD,KRW,reference,797.67
2004-01-07,SAR,KRW,reference,316.75
2004-01-07,SEK,KRW,reference,166.02
2004-01-07,SGD,KRW,reference,699.94
2004-01-07,THB,KRW,reference,30.37
2004-01-07,USD,KRW,reference,1187.9
2004-01-08,AED,KRW,reference,323.32
2004-01-08,AUD,KRW,reference,912.1
2004-01-08,BHD,KRW,reference,3149.6
2004-01-08,CAD,KRW,reference,921.54
2004-01-08,CHF,KRW,reference,958.16
2004-01-08,CNY,KRW,reference,143.45
2004-01-08,DKK,KRW,reference,201.56
2004-01-08,EUR,KRW,reference,1501.65
2004-01-08,GBP,KRW,reference,2159.11
2004-01-08,HKD,KRW,reference,152.96
2004-01-08,IDR,KRW,reference,0.1421
2004-01-08,JPY,KRW,reference,11.179200000000002
2004-01-08,KWD,KRW,reference,4032.6
2004-01-08,MYR,KRW,reference,312.47
2004-01-08,NOK,KRW,reference,174.29
2004-01-08,NZD,KRW,reference,796.03
2004-01-08,SAR,KRW,reference,316.61
2004-01-08,SEK,KRW,reference,165.19
2004-01-08,SGD,KRW,reference,700.37
2004-01-08,THB,KRW,reference,30.49
2004-01-08,USD,KRW,reference,1187.4
2004-01-09,AED,KRW,reference,322.21
2004-01-09,AUD,KRW,reference,917.47
2004-01-09,BHD,KRW,reference,3138.73
2004-01-09,CAD,KRW,reference,924.96
2004-01-09,CHF,KRW,reference,965.92
2004-01-09,CNY,KRW,reference,142.96
2004-01-09,DKK,KRW,reference,202.74
2004-01-09,EUR,KRW,reference,1512.2
2004-01-09,GBP,KRW,reference,2171.36
2004-01-09,HKD,KRW,reference,152.42
2004-01-09,IDR,KRW,reference,0.1419
2004-01-09,JPY,KRW,reference,11.1438
2004-01-09,KWD,KRW,reference,4019.36
2004-01-09,MYR,KRW,reference,311.39
2004-01-09,NOK,KRW,reference,174.64
2004-01-09,NZD,KRW,reference,800.68
2004-01-09,SAR,KRW,reference,315.52
2004-01-09,SEK,KRW,reference,165.96
2004-01-09,SGD,KRW,reference,698.22
2004-01-09,THB,KRW,reference,30.4
2004-01-09,USD,KRW,reference,1183.3
2004-01-12,AED,KRW,reference,322.1
2004-01-12,AUD,KRW,reference,919.05
2004-01-12,BHD,KRW,reference,3137.67
2004-01-12,CAD,KRW,reference,930.68
2004-01-12,CHF,KRW,reference,969.79
2004-01-12,CNY,KRW,reference,142.91
2004-01-12,DKK,KRW,reference,203.86
2004-01-12,EUR,KRW,reference,1519.38
2004-01-12,GBP,KRW,reference,2185.17
2004-01-12,HKD,KRW,reference,152.38
2004-01-12,IDR,KRW,reference,0.1422
2004-01-12,JPY,KRW,reference,11.094000000000001
2004-01-12,KWD,KRW,reference,4018.28
2004-01-12,MYR,KRW,reference,311.29
2004-01-12,NOK,KRW,reference,175.65
2004-01-12,NZD,KRW,reference,806.86
2004-01-12,SAR,KRW,reference,315.41
2004-01-12,SEK,KRW,reference,166.58
2004-01-12,SGD,KRW,reference,699.26
2004-01-12,THB,KRW,reference,30.38
2004-01-12,USD,KRW,reference,1182.9
2004-01-13,AED,KRW,reference,320.9
2004-01-13,AUD,KRW,reference,915.05
2004-01-13,BHD,KRW,reference,3125.99
2004-01-13,CAD,KRW,reference,923.59
2004-01-13,CHF,KRW,reference,959.42
2004-01-13,CNY,KRW,reference,142.38
2004-01-13,DKK,KRW,reference,201.64
2004-01-13,EUR,KRW,reference,1501.11
2004-01-13,GBP,KRW,reference,2174.51
2004-01-13,HKD,KRW,reference,151.81
2004-01-13,IDR,KRW,reference,0.142
2004-01-13,JPY,KRW,reference,11.056400000000002
2004-01-13,KWD,KRW,reference,4000.34
2004-01-13,MYR,KRW,reference,310.13
2004-01-13,NOK,KRW,reference,174.43
2004-01-13,NZD,KRW,reference,803.38
2004-01-13,SAR,KRW,reference,314.24
2004-01-13,SEK,KRW,reference,164.62
2004-01-13,SGD,KRW,reference,696.39
2004-01-13,THB,KRW,reference,30.35
2004-01-13,USD,KRW,reference,1178.5
2004-01-14,AED,KRW,reference,321.28
2004-01-14,AUD,KRW,reference,918.97
2004-01-14,BHD,KRW,reference,3129.71
2004-01-14,CAD,KRW,reference,928.25
2004-01-14,CHF,KRW,reference,966.06
2004-01-14,CNY,KRW,reference,142.56
2004-01-14,DKK,KRW,reference,202.24
2004-01-14,EUR,KRW,reference,1506.67
2004-01-14,GBP,KRW,reference,2180.28
2004-01-14,HKD,KRW,reference,151.96
2004-01-14,IDR,KRW,reference,0.1417
2004-01-14,JPY,KRW,reference,11.103399999999999
2004-01-14,KWD,KRW,reference,4005.09
2004-01-14,MYR,KRW,reference,310.5
2004-01-14,NOK,KRW,reference,175.78
2004-01-14,NZD,KRW,reference,805.75
2004-01-14,SAR,KRW,reference,314.61
2004-01-14,SEK,KRW,reference,164.76
2004-01-14,SGD,KRW,reference,696.21
2004-01-14,THB,KRW,reference,30.36
2004-01-14,USD,KRW,reference,1179.9
2004-01-15,AED,KRW,reference,321.36
2004-01-15,AUD,KRW,reference,912.71
2004-01-15,BHD,KRW,reference,3130.5
2004-01-15,CAD,KRW,reference,915.03
2004-01-15,CHF,KRW,reference,956.6
2004-01-15,CNY,KRW,reference,142.59
2004-01-15,DKK,KRW,reference,200.39
2004-01-15,EUR,KRW,reference,1492.19
2004-01-15,GBP,KRW,reference,2160.06
2004-01-15,HKD,KRW,reference,152
2004-01-15,IDR,KRW,reference,0.14150000000000001
2004-01-15,JPY,KRW,reference,11.1031
2004-01-15,KWD,KRW,reference,4004.75
2004-01-15,MYR,KRW,reference,310.58
2004-01-15,NOK,KRW,reference,175.03
2004-01-15,NZD,KRW,reference,802.42
2004-01-15,SAR,KRW,reference,314.69
2004-01-15,SEK,KRW,reference,162.68
2004-01-15,SGD,KRW,reference,696.65
2004-01-15,THB,KRW,reference,30.29
2004-01-15,USD,KRW,reference,1180.2
2004-01-16,AED,KRW,reference,323.32
2004-01-16,AUD,KRW,reference,916.02
2004-01-16,BHD,KRW,reference,3149.6
2004-01-16,CAD,KRW,reference,917.12
2004-01-16,CHF,KRW,reference,954.69
2004-01-16,CNY,KRW,reference,143.46
2004-01-16,DKK,KRW,reference,200.49
2004-01-16,EUR,KRW,reference,1495.59
2004-01-16,GBP,KRW,reference,2166.11
2004-01-16,HKD,KRW,reference,152.95
2004-01-16,IDR,KRW,reference,0.142
2004-01-16,JPY,KRW,reference,11.1697
2004-01-16,KWD,KRW,reference,4029.18
2004-01-16,MYR,KRW,reference,312.47
2004-01-16,NOK,KRW,reference,174.04
2004-01-16,NZD,KRW,reference,798.41
2004-01-16,SAR,KRW,reference,316.61
2004-01-16,SEK,KRW,reference,162.87
2004-01-16,SGD,KRW,reference,699.58
2004-01-16,THB,KRW,reference,30.43
2004-01-16,USD,KRW,reference,1187.4
2004-01-19,AED,KRW,reference,323.24
2004-01-19,AUD,KRW,reference,905.58
2004-01-19,BHD,KRW,reference,3148.81
2004-01-19,CAD,KRW,reference,913.79
2004-01-19,CHF,KRW,reference,937.12
2004-01-19,CNY,KRW,reference,143.43
2004-01-19,DKK,KRW,reference,197.4
2004-01-19,EUR,KRW,reference,1470.05
2004-01-19,GBP,KRW,reference,2134.82
2004-01-19,HKD,KRW,reference,152.87
2004-01-19,IDR,KRW,reference,0.1423
2004-01-19,JPY,KRW,reference,11.123
2004-01-19,KWD,KRW,reference,4022.7
2004-01-19,MYR,KRW,reference,312.39
2004-01-19,NOK,KRW,reference,171.01
2004-01-19,NZD,KRW,reference,789.6
2004-01-19,SAR,KRW,reference,316.53
2004-01-19,SEK,KRW,reference,160.12
2004-01-19,SGD,KRW,reference,697.21
2004-01-19,THB,KRW,reference,30.44
2004-01-19,USD,KRW,reference,1187.1
2004-01-20,AED,KRW,reference,322.86
2004-01-20,AUD,KRW,reference,894.31
2004-01-20,BHD,KRW,reference,3145.09
2004-01-20,CAD,KRW,reference,910.92
2004-01-20,CHF,KRW,reference,933.29
2004-01-20,CNY,KRW,reference,143.26
2004-01-20,DKK,KRW,reference,196.71
2004-01-20,EUR,KRW,reference,1464.87
2004-01-20,GBP,KRW,reference,2114.99
2004-01-20,HKD,KRW,reference,152.68
2004-01-20,IDR,KRW,reference,0.1416
2004-01-20,JPY,KRW,reference,11.0519
2004-01-20,KWD,KRW,reference,4018.1
2004-01-20,MYR,KRW,reference,312.03
2004-01-20,NOK,KRW,reference,170.12
2004-01-20,NZD,KRW,reference,777.58
2004-01-20,SAR,KRW,reference,316.16
2004-01-20,SEK,KRW,reference,159.92
2004-01-20,SGD,KRW,reference,693.92
2004-01-20,THB,KRW,reference,30.36
2004-01-20,USD,KRW,reference,1185.7
2004-01-26,AED,KRW,reference,323.65
2004-01-26,AUD,KRW,reference,917.3
2004-01-26,BHD,KRW,reference,3152.79
2004-01-26,CAD,KRW,reference,905.15
2004-01-26,CHF,KRW,reference,956.89
2004-01-26,CNY,KRW,reference,143.6
2004-01-26,DKK,KRW,reference,200.81
2004-01-26,EUR,KRW,reference,1495.91
2004-01-26,GBP,KRW,reference,2169.85
2004-01-26,HKD,KRW,reference,153.02
2004-01-26,IDR,KRW,reference,0.14150000000000001
2004-01-26,JPY,KRW,reference,11.1653
2004-01-26,KWD,KRW,reference,4034.62
2004-01-26,MYR,KRW,reference,312.79
2004-01-26,NOK,KRW,reference,173.61
2004-01-26,NZD,KRW,reference,799.81
2004-01-26,SAR,KRW,reference,316.93
2004-01-26,SEK,KRW,reference,163.66
2004-01-26,SGD,KRW,reference,701.59
2004-01-26,THB,KRW,reference,30.35
2004-01-26,USD,KRW,reference,1188.6
2004-01-27,AED,KRW,reference,321.74
2004-01-27,AUD,KRW,reference,908.12
2004-01-27,BHD,KRW,reference,3134.22
2004-01-27,CAD,KRW,reference,899.27
2004-01-27,CHF,KRW,reference,941.33
2004-01-27,CNY,KRW,reference,142.76
2004-01-27,DKK,KRW,reference,197.88
2004-01-27,EUR,KRW,reference,1475.05
2004-01-27,GBP,KRW,reference,2144.19
2004-01-27,HKD,KRW,reference,152.12
2004-01-27,IDR,KRW,reference,0.1398
2004-01-27,JPY,KRW,reference,11.1105
2004-01-27,KWD,KRW,reference,4008.82
2004-01-27,MYR,KRW,reference,310.95
2004-01-27,NOK,KRW,reference,170.78
2004-01-27,NZD,KRW,reference,791.55
2004-01-27,SAR,KRW,reference,315.07
2004-01-27,SEK,KRW,reference,160.58
2004-01-27,SGD,KRW,reference,696.55
2004-01-27,THB,KRW,reference,30.08
2004-01-27,USD,KRW,reference,1181.6
2004-01-28,AED,KRW,reference,320.54
2004-01-28,AUD,KRW,reference,917.45
2004-01-28,BHD,KRW,reference,3122.55
2004-01-28,CAD,KRW,reference,901.79
2004-01-28,CHF,KRW,reference,949.47
2004-01-28,CNY,KRW,reference,142.22
2004-01-28,DKK,KRW,reference,199.81
2004-01-28,EUR,KRW,reference,1487.69
2004-01-28,GBP,KRW,reference,2150.33
2004-01-28,HKD,KRW,reference,151.6
2004-01-28,IDR,KRW,reference,0.13970000000000002
2004-01-28,JPY,KRW,reference,11.1451
2004-01-28,KWD,KRW,reference,3992.54
2004-01-28,MYR,KRW,reference,309.79
2004-01-28,NOK,KRW,reference,172.79
2004-01-28,NZD,KRW,reference,798.14
2004-01-28,SAR,KRW,reference,313.89
2004-01-28,SEK,KRW,reference,162.78
2004-01-28,SGD,KRW,reference,694.31
2004-01-28,THB,KRW,reference,30.12
2004-01-28,USD,KRW,reference,1177.2
2004-01-29,AED,KRW,reference,319.4
2004-01-29,AUD,KRW,reference,902.1
2004-01-29,BHD,KRW,reference,3111.41
2004-01-29,CAD,KRW,reference,885.05
2004-01-29,CHF,KRW,reference,931.95
2004-01-29,CNY,KRW,reference,141.72
2004-01-29,DKK,KRW,reference,196.5
2004-01-29,EUR,KRW,reference,1458.92
2004-01-29,GBP,KRW,reference,2128.47
2004-01-29,HKD,KRW,reference,150.99
2004-01-29,IDR,KRW,reference,0.1394
2004-01-29,JPY,KRW,reference,11.0395
2004-01-29,KWD,KRW,reference,3980.32
2004-01-29,MYR,KRW,reference,308.68
2004-01-29,NOK,KRW,reference,168.23
2004-01-29,NZD,KRW,reference,794.59
2004-01-29,SAR,KRW,reference,312.77
2004-01-29,SEK,KRW,reference,160.48
2004-01-29,SGD,KRW,reference,692.36
2004-01-29,THB,KRW,reference,30.04
2004-01-29,USD,KRW,reference,1173
2004-01-30,AED,KRW,reference,319.56
2004-01-30,AUD,KRW,reference,893.05
2004-01-30,BHD,KRW,reference,3113
2004-01-30,CAD,KRW,reference,882.87
2004-01-30,CHF,KRW,reference,932.39
2004-01-30,CNY,KRW,reference,141.79
2004-01-30,DKK,KRW,reference,195.51
2004-01-30,EUR,KRW,reference,1456.67
2004-01-30,GBP,KRW,reference,2132.26
2004-01-30,HKD,KRW,reference,150.97
2004-01-30,IDR,KRW,reference,0.1393
2004-01-30,JPY,KRW,reference,11.078499999999998
2004-01-30,KWD,KRW,reference,3982.35
2004-01-30,MYR,KRW,reference,308.84
2004-01-30,NOK,KRW,reference,166.36
2004-01-30,NZD,KRW,reference,786.08
2004-01-30,SAR,KRW,reference,312.93
2004-01-30,SEK,KRW,reference,158.91
2004-01-30,SGD,KRW,reference,688.83
2004-01-30,THB,KRW,reference,29.92
2004-01-30,USD,KRW,reference,1173.6
2004-02-02,AED,KRW,reference,319.92
2004-02-02,AUD,KRW,reference,898.03
2004-02-02,BHD,KRW,reference,3116.45
2004-02-02,CAD,KRW,reference,887.32
2004-02-02,CHF,KRW,reference,935.24
2004-02-02,CNY,KRW,reference,141.95
2004-02-02,DKK,KRW,reference,196.66
2004-02-02,EUR,KRW,reference,1466.57
2004-02-02,GBP,KRW,reference,2143.9
2004-02-02,HKD,KRW,reference,151.08
2004-02-02,IDR,KRW,reference,0.1389
2004-02-02,JPY,KRW,reference,11.1181
2004-02-02,KWD,KRW,reference,3986.77
2004-02-02,MYR,KRW,reference,309.18
2004-02-02,NOK,KRW,reference,167.51
2004-02-02,NZD,KRW,reference,792.12
2004-02-02,SAR,KRW,reference,313.28
2004-02-02,SEK,KRW,reference,159.11
2004-02-02,SGD,KRW,reference,693.67
2004-02-02,THB,KRW,reference,29.95
2004-02-02,USD,KRW,reference,1174.9
2004-02-03,AED,KRW,reference,318.77
2004-02-03,AUD,KRW,reference,889.44
2004-02-03,BHD,KRW,reference,3105.31
2004-02-03,CAD,KRW,reference,875.42
2004-02-03,CHF,KRW,reference,929.68
2004-02-03,CNY,KRW,reference,141.44
2004-02-03,DKK,KRW,reference,195.27
2004-02-03,EUR,KRW,reference,1456.99
2004-02-03,GBP,KRW,reference,2134.65
2004-02-03,HKD,KRW,reference,150.54
2004-02-03,IDR,KRW,reference,0.1384
2004-02-03,JPY,KRW,reference,11.0898
2004-02-03,KWD,KRW,reference,3972.51
2004-02-03,MYR,KRW,reference,308.08
2004-02-03,NOK,KRW,reference,167.44
2004-02-03,NZD,KRW,reference,788.23
2004-02-03,SAR,KRW,reference,312.16
2004-02-03,SEK,KRW,reference,158.39
2004-02-03,SGD,KRW,reference,690.86
2004-02-03,THB,KRW,reference,29.86
2004-02-03,USD,KRW,reference,1170.7
2004-02-04,AED,KRW,reference,317.55
2004-02-04,AUD,KRW,reference,891.27
2004-02-04,BHD,KRW,reference,3093.37
2004-02-04,CAD,KRW,reference,871.5
2004-02-04,CHF,KRW,reference,934.34
2004-02-04,CNY,KRW,reference,140.89
2004-02-04,DKK,KRW,reference,196.12
2004-02-04,EUR,KRW,reference,1463.76
2004-02-04,GBP,KRW,reference,2143.77
2004-02-04,HKD,KRW,reference,149.98
2004-02-04,IDR,KRW,reference,0.1381
2004-02-04,JPY,KRW,reference,11.059800000000001
2004-02-04,KWD,KRW,reference,3957.24
2004-02-04,MYR,KRW,reference,306.89
2004-02-04,NOK,KRW,reference,167.13
2004-02-04,NZD,KRW,reference,794.77
2004-02-04,SAR,KRW,reference,310.96
2004-02-04,SEK,KRW,reference,158.87
2004-02-04,SGD,KRW,reference,688.84
2004-02-04,THB,KRW,reference,29.86
2004-02-04,USD,KRW,reference,1166.2
2004-02-05,AED,KRW,reference,318.12
2004-02-05,AUD,KRW,reference,890.42
2004-02-05,BHD,KRW,reference,3098.94
2004-02-05,CAD,KRW,reference,876.44
2004-02-05,CHF,KRW,reference,934.38
2004-02-05,CNY,KRW,reference,141.15
2004-02-05,DKK,KRW,reference,196.53
2004-02-05,EUR,KRW,reference,1465.11
2004-02-05,GBP,KRW,reference,2140.5
2004-02-05,HKD,KRW,reference,150.22
2004-02-05,IDR,KRW,reference,0.1383
2004-02-05,JPY,KRW,reference,11.0802
2004-02-05,KWD,KRW,reference,3964.37
2004-02-05,MYR,KRW,reference,307.45
2004-02-05,NOK,KRW,reference,167.5
2004-02-05,NZD,KRW,reference,797.01
2004-02-05,SAR,KRW,reference,311.52
2004-02-05,SEK,KRW,reference,159.39
2004-02-05,SGD,KRW,reference,689.79
2004-02-05,THB,KRW,reference,29.94
2004-02-05,USD,KRW,reference,1168.3
2004-02-06,AED,KRW,reference,317.82
2004-02-06,AUD,KRW,reference,888.88
2004-02-06,BHD,KRW,reference,3096.02
2004-02-06,CAD,KRW,reference,872.8
2004-02-06,CHF,KRW,reference,934.84
2004-02-06,CNY,KRW,reference,141.01
2004-02-06,DKK,KRW,reference,196.49
2004-02-06,EUR,KRW,reference,1466.41
2004-02-06,GBP,KRW,reference,2142.1
2004-02-06,HKD,KRW,reference,150.14
2004-02-06,IDR,KRW,reference,0.1382
2004-02-06,JPY,KRW,reference,11.038900000000002
2004-02-06,KWD,KRW,reference,3960.64
2004-02-06,MYR,KRW,reference,307.16
2004-02-06,NOK,KRW,reference,167.35
2004-02-06,NZD,KRW,reference,801.92
2004-02-06,SAR,KRW,reference,311.23
2004-02-06,SEK,KRW,reference,159.1
2004-02-06,SGD,KRW,reference,689.63
2004-02-06,THB,KRW,reference,29.94
2004-02-06,USD,KRW,reference,1167.2
2004-02-09,AED,KRW,reference,318.37
2004-02-09,AUD,KRW,reference,894.85
2004-02-09,BHD,KRW,reference,3101.33
2004-02-09,CAD,KRW,reference,882.15
2004-02-09,CHF,KRW,reference,943.06
2004-02-09,CNY,KRW,reference,141.25
2004-02-09,DKK,KRW,reference,199.42
2004-02-09,EUR,KRW,reference,1474.54
2004-02-09,GBP,KRW,reference,2154.19
2004-02-09,HKD,KRW,reference,150.39
2004-02-09,IDR,KRW,reference,0.1383
2004-02-09,JPY,KRW,reference,11.0537
2004-02-09,KWD,KRW,reference,3967.42
2004-02-09,MYR,KRW,reference,307.68
2004-02-09,NOK,KRW,reference,169.77
2004-02-09,NZD,KRW,reference,811.25
2004-02-09,SAR,KRW,reference,311.76
2004-02-09,SEK,KRW,reference,162.85
2004-02-09,SGD,KRW,reference,694.11
2004-02-09,THB,KRW,reference,29.96
2004-02-09,USD,KRW,reference,1169.2
2004-02-10,AED,KRW,reference,317.88
2004-02-10,AUD,KRW,reference,906.66
2004-02-10,BHD,KRW,reference,3096.55
2004-02-10,CAD,KRW,reference,879.2
2004-02-10,CHF,KRW,reference,944.57
2004-02-10,CNY,KRW,reference,141.04
2004-02-10,DKK,KRW,reference,198.92
2004-02-10,EUR,KRW,reference,1481.72
2004-02-10,GBP,KRW,reference,2171.66
2004-02-10,HKD,KRW,reference,150.27
2004-02-10,IDR,KRW,reference,0.1384
2004-02-10,JPY,KRW,reference,11.038699999999999
2004-02-10,KWD,KRW,reference,3961.32
2004-02-10,MYR,KRW,reference,307.21
2004-02-10,NOK,KRW,reference,170.6
2004-02-10,NZD,KRW,reference,812.98
2004-02-10,SAR,KRW,reference,311.28
2004-02-10,SEK,KRW,reference,162.54
2004-02-10,SGD,KRW,reference,693.85
2004-02-10,THB,KRW,reference,29.93
2004-02-10,USD,KRW,reference,1167.4
2004-02-11,AED,KRW,reference,316.65
2004-02-11,AUD,KRW,reference,907.59
2004-02-11,BHD,KRW,reference,3084.62
2004-02-11,CAD,KRW,reference,873.77
2004-02-11,CHF,KRW,reference,939.3
2004-02-11,CNY,KRW,reference,140.49
2004-02-11,DKK,KRW,reference,198.15
2004-02-11,EUR,KRW,reference,1473.69
2004-02-11,GBP,KRW,reference,2171.77
2004-02-11,HKD,KRW,reference,149.7
2004-02-11,IDR,KRW,reference,0.1386
2004-02-11,JPY,KRW,reference,11.0102
2004-02-11,KWD,KRW,reference,3946.05
2004-02-11,MYR,KRW,reference,306.03
2004-02-11,NOK,KRW,reference,167.63
2004-02-11,NZD,KRW,reference,812.75
2004-02-11,SAR,KRW,reference,310.08
2004-02-11,SEK,KRW,reference,162.08
2004-02-11,SGD,KRW,reference,693.85
2004-02-11,THB,KRW,reference,29.88
2004-02-11,USD,KRW,reference,1162.9
2004-02-12,AED,KRW,reference,316.13
2004-02-12,AUD,KRW,reference,914.58
2004-02-12,BHD,KRW,reference,3079.58
2004-02-12,CAD,KRW,reference,884.5
2004-02-12,CHF,KRW,reference,944.9
2004-02-12,CNY,KRW,reference,140.27
2004-02-12,DKK,KRW,reference,199.92
2004-02-12,EUR,KRW,reference,1490.43
2004-02-12,GBP,KRW,reference,2197.83
2004-02-12,HKD,KRW,reference,149.43
2004-02-12,IDR,KRW,reference,0.138
2004-02-12,JPY,KRW,reference,11.0147
2004-02-12,KWD,KRW,reference,3938.93
2004-02-12,MYR,KRW,reference,305.53
2004-02-12,NOK,KRW,reference,168.06
2004-02-12,NZD,KRW,reference,814.67
2004-02-12,SAR,KRW,reference,309.58
2004-02-12,SEK,KRW,reference,163.11
2004-02-12,SGD,KRW,reference,694.9
2004-02-12,THB,KRW,reference,29.84
2004-02-12,USD,KRW,reference,1161
2004-02-13,AED,KRW,reference,316.05
2004-02-13,AUD,KRW,reference,917.36
2004-02-13,BHD,KRW,reference,3078.78
2004-02-13,CAD,KRW,reference,879.75
2004-02-13,CHF,KRW,reference,944.31
2004-02-13,CNY,KRW,reference,140.23
2004-02-13,DKK,KRW,reference,199.41
2004-02-13,EUR,KRW,reference,1487.73
2004-02-13,GBP,KRW,reference,2197.5
2004-02-13,HKD,KRW,reference,149.39
2004-02-13,IDR,KRW,reference,0.1381
2004-02-13,JPY,KRW,reference,11.017000000000001
2004-02-13,KWD,KRW,reference,3937.91
2004-02-13,MYR,KRW,reference,305.45
2004-02-13,NOK,KRW,reference,167.86
2004-02-13,NZD,KRW,reference,811.68
2004-02-13,SAR,KRW,reference,309.5
2004-02-13,SEK,KRW,reference,162.36
2004-02-13,SGD,KRW,reference,693.31
2004-02-13,THB,KRW,reference,29.91
2004-02-13,USD,KRW,reference,1160.7
2004-02-16,AED,KRW,reference,316.08
2004-02-16,AUD,KRW,reference,916.39
2004-02-16,BHD,KRW,reference,3079.05
2004-02-16,CAD,KRW,reference,881.56
2004-02-16,CHF,KRW,reference,937.07
2004-02-16,CNY,KRW,reference,140.24
2004-02-16,DKK,KRW,reference,198.45
2004-02-16,EUR,KRW,reference,1477.47
2004-02-16,GBP,KRW,reference,2187.3
2004-02-16,HKD,KRW,reference,149.39
2004-02-16,IDR,KRW,reference,0.1382
2004-02-16,JPY,KRW,reference,11.0028
2004-02-16,KWD,KRW,reference,3938.25
2004-02-16,MYR,KRW,reference,305.47
2004-02-16,NOK,KRW,reference,167.52
2004-02-16,NZD,KRW,reference,812.79
2004-02-16,SAR,KRW,reference,309.52
2004-02-16,SEK,KRW,reference,161.83
2004-02-16,SGD,KRW,reference,692.87
2004-02-16,THB,KRW,reference,29.83
2004-02-16,USD,KRW,reference,1160.8
2004-02-17,AED,KRW,reference,315.45
2004-02-17,AUD,KRW,reference,917.36
2004-02-17,BHD,KRW,reference,3072.94
2004-02-17,CAD,KRW,reference,880.82
2004-02-17,CHF,KRW,reference,938.55
2004-02-17,CNY,KRW,reference,139.96
2004-02-17,DKK,KRW,reference,198.65
2004-02-17,EUR,KRW,reference,1478.77
2004-02-17,GBP,KRW,reference,2187.89
2004-02-17,HKD,KRW,reference,149.11
2004-02-17,IDR,KRW,reference,0.1381
2004-02-17,JPY,KRW,reference,10.9836
2004-02-17,KWD,KRW,reference,3930.45
2004-02-17,MYR,KRW,reference,304.87
2004-02-17,NOK,KRW,reference,167.23
2004-02-17,NZD,KRW,reference,818.71
2004-02-17,SAR,KRW,reference,308.91
2004-02-17,SEK,KRW,reference,160.96
2004-02-17,SGD,KRW,reference,692.05
2004-02-17,THB,KRW,reference,29.76
2004-02-17,USD,KRW,reference,1158.5
2004-02-18,AED,KRW,reference,315.37
2004-02-18,AUD,KRW,reference,923.84
2004-02-18,BHD,KRW,reference,3072.15
2004-02-18,CAD,KRW,reference,884.26
2004-02-18,CHF,KRW,reference,944.89
2004-02-18,CNY,KRW,reference,139.93
2004-02-18,DKK,KRW,reference,199.53
2004-02-18,EUR,KRW,reference,1488.69
2004-02-18,GBP,KRW,reference,2206.43
2004-02-18,HKD,KRW,reference,149.05
2004-02-18,IDR,KRW,reference,0.1379
2004-02-18,JPY,KRW,reference,10.963099999999999
2004-02-18,KWD,KRW,reference,3929.43
2004-02-18,MYR,KRW,reference,304.79
2004-02-18,NOK,KRW,reference,168.91
2004-02-18,NZD,KRW,reference,821.63
2004-02-18,SAR,KRW,reference,308.83
2004-02-18,SEK,KRW,reference,161.85
2004-02-18,SGD,KRW,reference,691.73
2004-02-18,THB,KRW,reference,29.7
2004-02-18,USD,KRW,reference,1158.2
2004-02-19,AED,KRW,reference,314.39
2004-02-19,AUD,KRW,reference,911.5
2004-02-19,BHD,KRW,reference,3062.6
2004-02-19,CAD,KRW,reference,872.35
2004-02-19,CHF,KRW,reference,929.7
2004-02-19,CNY,KRW,reference,139.49
2004-02-19,DKK,KRW,reference,196.54
2004-02-19,EUR,KRW,reference,1464.73
2004-02-19,GBP,KRW,reference,2180.17
2004-02-19,HKD,KRW,reference,148.58
2004-02-19,IDR,KRW,reference,0.1375
2004-02-19,JPY,KRW,reference,10.8276
2004-02-19,KWD,KRW,reference,3917.22
2004-02-19,MYR,KRW,reference,303.84
2004-02-19,NOK,KRW,reference,166.31
2004-02-19,NZD,KRW,reference,808.91
2004-02-19,SAR,KRW,reference,307.87
2004-02-19,SEK,KRW,reference,159.52
2004-02-19,SGD,KRW,reference,687.06
2004-02-19,THB,KRW,reference,29.61
2004-02-19,USD,KRW,reference,1154.6
2004-02-20,AED,KRW,reference,316.28
2004-02-20,AUD,KRW,reference,920.82
2004-02-20,BHD,KRW,reference,3081.02
2004-02-20,CAD,KRW,reference,873.06
2004-02-20,CHF,KRW,reference,939.39
2004-02-20,CNY,KRW,reference,140.35
2004-02-20,DKK,KRW,reference,198.14
2004-02-20,EUR,KRW,reference,1479.72
2004-02-20,GBP,KRW,reference,2203.45
2004-02-20,HKD,KRW,reference,149.43
2004-02-20,IDR,KRW,reference,0.1378
2004-02-20,JPY,KRW,reference,10.8575
2004-02-20,KWD,KRW,reference,3941.84
2004-02-20,MYR,KRW,reference,305.71
2004-02-20,NOK,KRW,reference,167.51
2004-02-20,NZD,KRW,reference,814.35
2004-02-20,SAR,KRW,reference,309.78
2004-02-20,SEK,KRW,reference,160.79
2004-02-20,SGD,KRW,reference,689.54
2004-02-20,THB,KRW,reference,29.66
2004-02-20,USD,KRW,reference,1161.7
2004-02-23,AED,KRW,reference,317.7
2004-02-23,AUD,KRW,reference,898.22
2004-02-23,BHD,KRW,reference,3095.64
2004-02-23,CAD,KRW,reference,873
2004-02-23,CHF,KRW,reference,925.38
2004-02-23,CNY,KRW,reference,140.98
2004-02-23,DKK,KRW,reference,196.17
2004-02-23,EUR,KRW,reference,1459.85
2004-02-23,GBP,KRW,reference,2170.61
2004-02-23,HKD,KRW,reference,150.1
2004-02-23,IDR,KRW,reference,0.1383
2004-02-23,JPY,KRW,reference,10.7129
2004-02-23,KWD,KRW,reference,3959.62
2004-02-23,MYR,KRW,reference,307.08
2004-02-23,NOK,KRW,reference,166.24
2004-02-23,NZD,KRW,reference,797.4
2004-02-23,SAR,KRW,reference,311.17
2004-02-23,SEK,KRW,reference,159.16
2004-02-23,SGD,KRW,reference,688.44
2004-02-23,THB,KRW,reference,29.8
2004-02-23,USD,KRW,reference,1166.9
2004-02-24,AED,KRW,reference,321.84
2004-02-24,AUD,KRW,reference,914.18
2004-02-24,BHD,KRW,reference,3135.96
2004-02-24,CAD,KRW,reference,884.34
2004-02-24,CHF,KRW,reference,941.76
2004-02-24,CNY,KRW,reference,142.81
2004-02-24,DKK,KRW,reference,199.12
2004-02-24,EUR,KRW,reference,1485.25
2004-02-24,GBP,KRW,reference,2207.75
2004-02-24,HKD,KRW,reference,151.99
2004-02-24,IDR,KRW,reference,0.1401
2004-02-24,JPY,KRW,reference,10.913499999999999
2004-02-24,KWD,KRW,reference,4011.61
2004-02-24,MYR,KRW,reference,311.08
2004-02-24,NOK,KRW,reference,168.69
2004-02-24,NZD,KRW,reference,806.25
2004-02-24,SAR,KRW,reference,315.22
2004-02-24,SEK,KRW,reference,161.2
2004-02-24,SGD,KRW,reference,696.79
2004-02-24,THB,KRW,reference,30.12
2004-02-24,USD,KRW,reference,1182.1
2004-02-25,AED,KRW,reference,320.39
2004-02-25,AUD,KRW,reference,917.26
2004-02-25,BHD,KRW,reference,3121.9
2004-02-25,CAD,KRW,reference,885.58
2004-02-25,CHF,KRW,reference,947.54
2004-02-25,CNY,KRW,reference,142.18
2004-02-25,DKK,KRW,reference,200.3
2004-02-25,EUR,KRW,reference,1491.77
2004-02-25,GBP,KRW,reference,2223.74
2004-02-25,HKD,KRW,reference,151.28
2004-02-25,IDR,KRW,reference,0.1393
2004-02-25,JPY,KRW,reference,10.8736
2004-02-25,KWD,KRW,reference,3994.16
2004-02-25,MYR,KRW,reference,309.68
2004-02-25,NOK,KRW,reference,169.2
2004-02-25,NZD,KRW,reference,813.4
2004-02-25,SAR,KRW,reference,313.8
2004-02-25,SEK,KRW,reference,161.89
2004-02-25,SGD,KRW,reference,697.34
2004-02-25,THB,KRW,reference,30.05
2004-02-25,USD,KRW,reference,1176.8
2004-02-26,AED,KRW,reference,318.84
2004-02-26,AUD,KRW,reference,903.8
2004-02-26,BHD,KRW,reference,3106.78
2004-02-26,CAD,KRW,reference,877.66
2004-02-26,CHF,KRW,reference,929.78
2004-02-26,CNY,KRW,reference,141.49
2004-02-26,DKK,KRW,reference,196.4
2004-02-26,EUR,KRW,reference,1463.23
2004-02-26,GBP,KRW,reference,2191.95
2004-02-26,HKD,KRW,reference,150.47
2004-02-26,IDR,KRW,reference,0.1388
2004-02-26,JPY,KRW,reference,10.750399999999999
2004-02-26,KWD,KRW,reference,3972.79
2004-02-26,MYR,KRW,reference,308.18
2004-02-26,NOK,KRW,reference,165.86
2004-02-26,NZD,KRW,reference,805.6
2004-02-26,SAR,KRW,reference,312.29
2004-02-26,SEK,KRW,reference,158.44
2004-02-26,SGD,KRW,reference,691.32
2004-02-26,THB,KRW,reference,29.84
2004-02-26,USD,KRW,reference,1171.1
2004-02-27,AED,KRW,reference,319.77
2004-02-27,AUD,KRW,reference,905.95
2004-02-27,BHD,KRW,reference,3115.8
2004-02-27,CAD,KRW,reference,875.15
2004-02-27,CHF,KRW,reference,926.74
2004-02-27,CNY,KRW,reference,141.9
2004-02-27,DKK,KRW,reference,196.04
2004-02-27,EUR,KRW,reference,1461.02
2004-02-27,GBP,KRW,reference,2187.33
2004-02-27,HKD,KRW,reference,150.87
2004-02-27,IDR,KRW,reference,0.1387
2004-02-27,JPY,KRW,reference,10.7246
2004-02-27,KWD,KRW,reference,3985.81
2004-02-27,MYR,KRW,reference,309.08
2004-02-27,NOK,KRW,reference,166.49
2004-02-27,NZD,KRW,reference,807.12
2004-02-27,SAR,KRW,reference,313.17
2004-02-27,SEK,KRW,reference,158.26
2004-02-27,SGD,KRW,reference,689.52
2004-02-27,THB,KRW,reference,29.89
2004-02-27,USD,KRW,reference,1174.5
2004-03-02,AED,KRW,reference,320.31
2004-03-02,AUD,KRW,reference,909.02
2004-03-02,BHD,KRW,reference,3120.28
2004-03-02,CAD,KRW,reference,879.72
2004-03-02,CHF,KRW,reference,928.21
2004-03-02,CNY,KRW,reference,142.14
2004-03-02,DKK,KRW,reference,196.67
2004-03-02,EUR,KRW,reference,1465.62
2004-03-02,GBP,KRW,reference,2199.64
2004-03-02,HKD,KRW,reference,151.15
2004-03-02,IDR,KRW,reference,0.1391
2004-03-02,JPY,KRW,reference,10.7951
2004-03-02,KWD,KRW,reference,3992.87
2004-03-02,MYR,KRW,reference,309.61
2004-03-02,NOK,KRW,reference,168.99
2004-03-02,NZD,KRW,reference,811.08
2004-03-02,SAR,KRW,reference,313.72
2004-03-02,SEK,KRW,reference,158.54
2004-03-02,SGD,KRW,reference,690.94
2004-03-02,THB,KRW,reference,29.97
2004-03-02,USD,KRW,reference,1176.5
2004-03-03,AED,KRW,reference,319.47
2004-03-03,AUD,KRW,reference,890.67
2004-03-03,BHD,KRW,reference,3112.05
2004-03-03,CAD,KRW,reference,874.33
2004-03-03,CHF,KRW,reference,904.7
2004-03-03,CNY,KRW,reference,141.77
2004-03-03,DKK,KRW,reference,192.38
2004-03-03,EUR,KRW,reference,1431.61
2004-03-03,GBP,KRW,reference,2157.35
2004-03-03,HKD,KRW,reference,150.7
2004-03-03,IDR,KRW,reference,0.1383
2004-03-03,JPY,KRW,reference,10.6436
2004-03-03,KWD,KRW,reference,3982.35
2004-03-03,MYR,KRW,reference,308.79
2004-03-03,NOK,KRW,reference,164.42
2004-03-03,NZD,KRW,reference,798.38
2004-03-03,SAR,KRW,reference,312.95
2004-03-03,SEK,KRW,reference,154.87
2004-03-03,SGD,KRW,reference,686.74
2004-03-03,THB,KRW,reference,29.83
2004-03-03,USD,KRW,reference,1173.4
2004-03-04,AED,KRW,reference,320.91
2004-03-04,AUD,KRW,reference,882.2
2004-03-04,BHD,KRW,reference,3126.11
2004-03-04,CAD,KRW,reference,880.25
2004-03-04,CHF,KRW,reference,910.93
2004-03-04,CNY,KRW,reference,142.41
2004-03-04,DKK,KRW,reference,193.16
2004-03-04,EUR,KRW,reference,1437.37
2004-03-04,GBP,KRW,reference,2156.49
2004-03-04,HKD,KRW,reference,151.29
2004-03-04,IDR,KRW,reference,0.1377
2004-03-04,JPY,KRW,reference,10.7072
2004-03-04,KWD,KRW,reference,4000.34
2004-03-04,MYR,KRW,reference,310.18
2004-03-04,NOK,KRW,reference,166.43
2004-03-04,NZD,KRW,reference,791.73
2004-03-04,SAR,KRW,reference,314.36
2004-03-04,SEK,KRW,reference,155.87
2004-03-04,SGD,KRW,reference,688.23
2004-03-04,THB,KRW,reference,29.84
2004-03-04,USD,KRW,reference,1178.7
2004-03-05,AED,KRW,reference,319.06
2004-03-05,AUD,KRW,reference,879.22
2004-03-05,BHD,KRW,reference,3108.08
2004-03-05,CAD,KRW,reference,878.95
2004-03-05,CHF,KRW,reference,905.57
2004-03-05,CNY,KRW,reference,141.59
2004-03-05,DKK,KRW,reference,191.76
2004-03-05,EUR,KRW,reference,1428.49
2004-03-05,GBP,KRW,reference,2134.09
2004-03-05,HKD,KRW,reference,150.37
2004-03-05,IDR,KRW,reference,0.1371
2004-03-05,JPY,KRW,reference,10.539100000000001
2004-03-05,KWD,KRW,reference,3977.26
2004-03-05,MYR,KRW,reference,308.39
2004-03-05,NOK,KRW,reference,164.96
2004-03-05,NZD,KRW,reference,782.24
2004-03-05,SAR,KRW,reference,312.55
2004-03-05,SEK,KRW,reference,155.07
2004-03-05,SGD,KRW,reference,683.04
2004-03-05,THB,KRW,reference,29.67
2004-03-05,USD,KRW,reference,1171.9
2004-03-08,AED,KRW,reference,319.71
2004-03-08,AUD,KRW,reference,890.3
2004-03-08,BHD,KRW,reference,3114.44
2004-03-08,CAD,KRW,reference,888.14
2004-03-08,CHF,KRW,reference,919.9
2004-03-08,CNY,KRW,reference,141.87
2004-03-08,DKK,KRW,reference,195.05
2004-03-08,EUR,KRW,reference,1452.55
2004-03-08,GBP,KRW,reference,2167.7
2004-03-08,HKD,KRW,reference,150.76
2004-03-08,IDR,KRW,reference,0.1366
2004-03-08,JPY,KRW,reference,10.4703
2004-03-08,KWD,KRW,reference,3985.41
2004-03-08,MYR,KRW,reference,309.03
2004-03-08,NOK,KRW,reference,167.56
2004-03-08,NZD,KRW,reference,791.95
2004-03-08,SAR,KRW,reference,313.19
2004-03-08,SEK,KRW,reference,158.48
2004-03-08,SGD,KRW,reference,685.58
2004-03-08,THB,KRW,reference,29.84
2004-03-08,USD,KRW,reference,1174.3
2004-03-09,AED,KRW,reference,319.47
2004-03-09,AUD,KRW,reference,892.08
2004-03-09,BHD,KRW,reference,3112.05
2004-03-09,CAD,KRW,reference,888.74
2004-03-09,CHF,KRW,reference,920.93
2004-03-09,CNY,KRW,reference,141.76
2004-03-09,DKK,KRW,reference,195.3
2004-03-09,EUR,KRW,reference,1455.31
2004-03-09,GBP,KRW,reference,2171.08
2004-03-09,HKD,KRW,reference,150.62
2004-03-09,IDR,KRW,reference,0.1367
2004-03-09,JPY,KRW,reference,10.541300000000001
2004-03-09,KWD,KRW,reference,3982.35
2004-03-09,MYR,KRW,reference,308.79
2004-03-09,NOK,KRW,reference,168.07
2004-03-09,NZD,KRW,reference,793.81
2004-03-09,SAR,KRW,reference,312.95
2004-03-09,SEK,KRW,reference,159.02
2004-03-09,SGD,KRW,reference,688.01
2004-03-09,THB,KRW,reference,29.79
2004-03-09,USD,KRW,reference,1173.4
2004-03-10,AED,KRW,reference,318.7
2004-03-10,AUD,KRW,reference,887.84
2004-03-10,BHD,KRW,reference,3104.63
2004-03-10,CAD,KRW,reference,883.74
2004-03-10,CHF,KRW,reference,912.78
2004-03-10,CNY,KRW,reference,141.43
2004-03-10,DKK,KRW,reference,193.55
2004-03-10,EUR,KRW,reference,1441.18
2004-03-10,GBP,KRW,reference,2135.58
2004-03-10,HKD,KRW,reference,150.24
2004-03-10,IDR,KRW,reference,0.13699999999999998
2004-03-10,JPY,KRW,reference,10.5057
2004-03-10,KWD,KRW,reference,3972.85
2004-03-10,MYR,KRW,reference,308.05
2004-03-10,NOK,KRW,reference,167.74
2004-03-10,NZD,KRW,reference,790.74
2004-03-10,SAR,KRW,reference,312.2
2004-03-10,SEK,KRW,reference,157.49
2004-03-10,SGD,KRW,reference,685.36
2004-03-10,THB,KRW,reference,29.72
2004-03-10,USD,KRW,reference,1170.6
2004-03-11,AED,KRW,reference,319.11
2004-03-11,AUD,KRW,reference,877.26
2004-03-11,BHD,KRW,reference,3108.61
2004-03-11,CAD,KRW,reference,884.7
2004-03-11,CHF,KRW,reference,909.84
2004-03-11,CNY,KRW,reference,141.61
2004-03-11,DKK,KRW,reference,192.41
2004-03-11,EUR,KRW,reference,1432.95
2004-03-11,GBP,KRW,reference,2113.35
2004-03-11,HKD,KRW,reference,150.4
2004-03-11,IDR,KRW,reference,0.1366
2004-03-11,JPY,KRW,reference,10.560899999999998
2004-03-11,KWD,KRW,reference,3975.92
2004-03-11,MYR,KRW,reference,308.45
2004-03-11,NOK,KRW,reference,164.86
2004-03-11,NZD,KRW,reference,769.01
2004-03-11,SAR,KRW,reference,312.6
2004-03-11,SEK,KRW,reference,156.17
2004-03-11,SGD,KRW,reference,684.32
2004-03-11,THB,KRW,reference,29.76
2004-03-11,USD,KRW,reference,1172.1
2004-03-12,AED,KRW,reference,318.16
2004-03-12,AUD,KRW,reference,858.51
2004-03-12,BHD,KRW,reference,3100.15
2004-03-12,CAD,KRW,reference,885.5
2004-03-12,CHF,KRW,reference,923.54
2004-03-12,CNY,KRW,reference,141.18
2004-03-12,DKK,KRW,reference,193.85
2004-03-12,EUR,KRW,reference,1443.63
2004-03-12,GBP,KRW,reference,2116.39
2004-03-12,HKD,KRW,reference,149.89
2004-03-12,IDR,KRW,reference,0.1355
2004-03-12,JPY,KRW,reference,10.5426
2004-03-12,KWD,KRW,reference,3968.89
2004-03-12,MYR,KRW,reference,307.53
2004-03-12,NOK,KRW,reference,168.88
2004-03-12,NZD,KRW,reference,760.06
2004-03-12,SAR,KRW,reference,311.67
2004-03-12,SEK,KRW,reference,157.09
2004-03-12,SGD,KRW,reference,683.39
2004-03-12,THB,KRW,reference,29.67
2004-03-12,USD,KRW,reference,1168.6
2004-03-15,AED,KRW,reference,319.96
2004-03-15,AUD,KRW,reference,859.01
2004-03-15,BHD,KRW,reference,3117.65
2004-03-15,CAD,KRW,reference,880.96
2004-03-15,CHF,KRW,reference,917.23
2004-03-15,CNY,KRW,reference,141.98
2004-03-15,DKK,KRW,reference,192.73
2004-03-15,EUR,KRW,reference,1434.1
2004-03-15,GBP,KRW,reference,2113.77
2004-03-15,HKD,KRW,reference,150.77
2004-03-15,IDR,KRW,reference,0.1358
2004-03-15,JPY,KRW,reference,10.6098
2004-03-15,KWD,KRW,reference,3988.19
2004-03-15,MYR,KRW,reference,309.26
2004-03-15,NOK,KRW,reference,169.15
2004-03-15,NZD,KRW,reference,758.71
2004-03-15,SAR,KRW,reference,313.43
2004-03-15,SEK,KRW,reference,154.94
2004-03-15,SGD,KRW,reference,685.57
2004-03-15,THB,KRW,reference,29.77
2004-03-15,USD,KRW,reference,1175.2
2004-03-16,AED,KRW,reference,320.45
2004-03-16,AUD,KRW,reference,865.39
2004-03-16,BHD,KRW,reference,3122.43
2004-03-16,CAD,KRW,reference,882.74
2004-03-16,CHF,KRW,reference,923.03
2004-03-16,CNY,KRW,reference,142.2
2004-03-16,DKK,KRW,reference,193.79
2004-03-16,EUR,KRW,reference,1444
2004-03-16,GBP,KRW,reference,2123.6
2004-03-16,HKD,KRW,reference,151.04
2004-03-16,IDR,KRW,reference,0.1363
2004-03-16,JPY,KRW,reference,10.669400000000001
2004-03-16,KWD,KRW,reference,3991.86
2004-03-16,MYR,KRW,reference,309.74
2004-03-16,NOK,KRW,reference,170.35
2004-03-16,NZD,KRW,reference,760.64
2004-03-16,SAR,KRW,reference,313.91
2004-03-16,SEK,KRW,reference,156.33
2004-03-16,SGD,KRW,reference,689.68
2004-03-16,THB,KRW,reference,29.83
2004-03-16,USD,KRW,reference,1177
2004-03-17,AED,KRW,reference,318.87
2004-03-17,AUD,KRW,reference,869.21
2004-03-17,BHD,KRW,reference,3107.04
2004-03-17,CAD,KRW,reference,878.45
2004-03-17,CHF,KRW,reference,917.33
2004-03-17,CNY,KRW,reference,141.5
2004-03-17,DKK,KRW,reference,192.8
2004-03-17,EUR,KRW,reference,1437.18
2004-03-17,GBP,KRW,reference,2124.03
2004-03-17,HKD,KRW,reference,150.32
2004-03-17,IDR,KRW,reference,0.1361
2004-03-17,JPY,KRW,reference,10.7622
2004-03-17,KWD,KRW,reference,3972.19
2004-03-17,MYR,KRW,reference,308.21
2004-03-17,NOK,KRW,reference,169.72
2004-03-17,NZD,KRW,reference,761.92
2004-03-17,SAR,KRW,reference,312.36
2004-03-17,SEK,KRW,reference,155.31
2004-03-17,SGD,KRW,reference,687.69
2004-03-17,THB,KRW,reference,29.69
2004-03-17,USD,KRW,reference,1171.2
2004-03-18,AED,KRW,reference,317.51
2004-03-18,AUD,KRW,reference,863.4
2004-03-18,BHD,KRW,reference,3093.78
2004-03-18,CAD,KRW,reference,871.44
2004-03-18,CHF,KRW,reference,912.7
2004-03-18,CNY,KRW,reference,140.89
2004-03-18,DKK,KRW,reference,191.62
2004-03-18,EUR,KRW,reference,1426.55
2004-03-18,GBP,KRW,reference,2118.58
2004-03-18,HKD,KRW,reference,149.69
2004-03-18,IDR,KRW,reference,0.1362
2004-03-18,JPY,KRW,reference,10.7707
2004-03-18,KWD,KRW,reference,3957.24
2004-03-18,MYR,KRW,reference,306.89
2004-03-18,NOK,KRW,reference,168.59
2004-03-18,NZD,KRW,reference,759.66
2004-03-18,SAR,KRW,reference,311.03
2004-03-18,SEK,KRW,reference,154.31
2004-03-18,SGD,KRW,reference,686.42
2004-03-18,THB,KRW,reference,29.55
2004-03-18,USD,KRW,reference,1166.2
2004-03-19,AED,KRW,reference,315.71
2004-03-19,AUD,KRW,reference,872.31
2004-03-19,BHD,KRW,reference,3076.27
2004-03-19,CAD,KRW,reference,872.63
2004-03-19,CHF,KRW,reference,922.7
2004-03-19,CNY,KRW,reference,140.09
2004-03-19,DKK,KRW,reference,192.96
2004-03-19,EUR,KRW,reference,1436.45
2004-03-19,GBP,KRW,reference,2128.39
2004-03-19,HKD,KRW,reference,148.82
2004-03-19,IDR,KRW,reference,0.1359
2004-03-19,JPY,KRW,reference,10.851600000000001
2004-03-19,KWD,KRW,reference,3934.85
2004-03-19,MYR,KRW,reference,305.16
2004-03-19,NOK,KRW,reference,168.8
2004-03-19,NZD,KRW,reference,765.1
2004-03-19,SAR,KRW,reference,309.27
2004-03-19,SEK,KRW,reference,155.34
2004-03-19,SGD,KRW,reference,686.72
2004-03-19,THB,KRW,reference,29.47
2004-03-19,USD,KRW,reference,1159.6
2004-03-22,AED,KRW,reference,315.44
2004-03-22,AUD,KRW,reference,866
2004-03-22,BHD,KRW,reference,3073.62
2004-03-22,CAD,KRW,reference,869.07
2004-03-22,CHF,KRW,reference,911.46
2004-03-22,CNY,KRW,reference,139.97
2004-03-22,DKK,KRW,reference,190.99
2004-03-22,EUR,KRW,reference,1422.3
2004-03-22,GBP,KRW,reference,2124.18
2004-03-22,HKD,KRW,reference,148.67
2004-03-22,IDR,KRW,reference,0.1354
2004-03-22,JPY,KRW,reference,10.8407
2004-03-22,KWD,KRW,reference,3931.46
2004-03-22,MYR,KRW,reference,304.89
2004-03-22,NOK,KRW,reference,167.82
2004-03-22,NZD,KRW,reference,759.29
2004-03-22,SAR,KRW,reference,309
2004-03-22,SEK,KRW,reference,153.95
2004-03-22,SGD,KRW,reference,684.31
2004-03-22,THB,KRW,reference,29.42
2004-03-22,USD,KRW,reference,1158.6
2004-03-23,AED,KRW,reference,315.68
2004-03-23,AUD,KRW,reference,873.74
2004-03-23,BHD,KRW,reference,3076
2004-03-23,CAD,KRW,reference,869.42
2004-03-23,CHF,KRW,reference,922.54
2004-03-23,CNY,KRW,reference,140.08
2004-03-23,DKK,KRW,reference,192.07
2004-03-23,EUR,KRW,reference,1430.53
2004-03-23,GBP,KRW,reference,2141.89
2004-03-23,HKD,KRW,reference,148.75
2004-03-23,IDR,KRW,reference,0.1355
2004-03-23,JPY,KRW,reference,10.8501
2004-03-23,KWD,KRW,reference,3933.18
2004-03-23,MYR,KRW,reference,305.13
2004-03-23,NOK,KRW,reference,169.61
2004-03-23,NZD,KRW,reference,766.78
2004-03-23,SAR,KRW,reference,309.24
2004-03-23,SEK,KRW,reference,155.16
2004-03-23,SGD,KRW,reference,686.54
2004-03-23,THB,KRW,reference,29.41
2004-03-23,USD,KRW,reference,1159.5
2004-03-24,AED,KRW,reference,315.08
2004-03-24,AUD,KRW,reference,872.55
2004-03-24,BHD,KRW,reference,3070.17
2004-03-24,CAD,KRW,reference,868.55
2004-03-24,CHF,KRW,reference,921.01
2004-03-24,CNY,KRW,reference,139.81
2004-03-24,DKK,KRW,reference,191.59
2004-03-24,EUR,KRW,reference,1429.21
2004-03-24,GBP,KRW,reference,2143.96
2004-03-24,HKD,KRW,reference,148.48
2004-03-24,IDR,KRW,reference,0.1348
2004-03-24,JPY,KRW,reference,10.8407
2004-03-24,KWD,KRW,reference,3925.71
2004-03-24,MYR,KRW,reference,304.55
2004-03-24,NOK,KRW,reference,168.94
2004-03-24,NZD,KRW,reference,764.22
2004-03-24,SAR,KRW,reference,308.65
2004-03-24,SEK,KRW,reference,154.62
2004-03-24,SGD,KRW,reference,685.91
2004-03-24,THB,KRW,reference,29.31
2004-03-24,USD,KRW,reference,1157.3
2004-03-25,AED,KRW,reference,314.32
2004-03-25,AUD,KRW,reference,858.54
2004-03-25,BHD,KRW,reference,3062.74
2004-03-25,CAD,KRW,reference,860.38
2004-03-25,CHF,KRW,reference,903.54
2004-03-25,CNY,KRW,reference,139.48
2004-03-25,DKK,KRW,reference,187.91
2004-03-25,EUR,KRW,reference,1399.2
2004-03-25,GBP,KRW,reference,2105.87
2004-03-25,HKD,KRW,reference,148.08
2004-03-25,IDR,KRW,reference,0.13470000000000001
2004-03-25,JPY,KRW,reference,10.8654
2004-03-25,KWD,KRW,reference,3916.21
2004-03-25,MYR,KRW,reference,303.82
2004-03-25,NOK,KRW,reference,166.33
2004-03-25,NZD,KRW,reference,751.93
2004-03-25,SAR,KRW,reference,307.91
2004-03-25,SEK,KRW,reference,150.93
2004-03-25,SGD,KRW,reference,681.91
2004-03-25,THB,KRW,reference,29.25
2004-03-25,USD,KRW,reference,1154.5
2004-03-26,AED,KRW,reference,314.48
2004-03-26,AUD,KRW,reference,855.41
2004-03-26,BHD,KRW,reference,3064.33
2004-03-26,CAD,KRW,reference,868.59
2004-03-26,CHF,KRW,reference,901.82
2004-03-26,CNY,KRW,reference,139.55
2004-03-26,DKK,KRW,reference,188.17
2004-03-26,EUR,KRW,reference,1400.96
2004-03-26,GBP,KRW,reference,2086.75
2004-03-26,HKD,KRW,reference,148.14
2004-03-26,IDR,KRW,reference,0.1341
2004-03-26,JPY,KRW,reference,10.883299999999998
2004-03-26,KWD,KRW,reference,3918.25
2004-03-26,MYR,KRW,reference,303.97
2004-03-26,NOK,KRW,reference,166.17
2004-03-26,NZD,KRW,reference,745.21
2004-03-26,SAR,KRW,reference,308.07
2004-03-26,SEK,KRW,reference,151.17
2004-03-26,SGD,KRW,reference,683.9
2004-03-26,THB,KRW,reference,29.22
2004-03-26,USD,KRW,reference,1155.1
2004-03-29,AED,KRW,reference,315.03
2004-03-29,AUD,KRW,reference,862.1
2004-03-29,BHD,KRW,reference,3069.64
2004-03-29,CAD,KRW,reference,877.36
2004-03-29,CHF,KRW,reference,900.5
2004-03-29,CNY,KRW,reference,139.8
2004-03-29,DKK,KRW,reference,188.54
2004-03-29,EUR,KRW,reference,1402.29
2004-03-29,GBP,KRW,reference,2098.63
2004-03-29,HKD,KRW,reference,148.41
2004-03-29,IDR,KRW,reference,0.1343
2004-03-29,JPY,KRW,reference,10.971400000000001
2004-03-29,KWD,KRW,reference,3925.03
2004-03-29,MYR,KRW,reference,304.5
2004-03-29,NOK,KRW,reference,166.38
2004-03-29,NZD,KRW,reference,753.68
2004-03-29,SAR,KRW,reference,308.6
2004-03-29,SEK,KRW,reference,151.56
2004-03-29,SGD,KRW,reference,683.99
2004-03-29,THB,KRW,reference,29.29
2004-03-29,USD,KRW,reference,1157.1
2004-03-30,AED,KRW,reference,314.48
2004-03-30,AUD,KRW,reference,863.61
2004-03-30,BHD,KRW,reference,3064.33
2004-03-30,CAD,KRW,reference,882.56
2004-03-30,CHF,KRW,reference,899.09
2004-03-30,CNY,KRW,reference,139.55
2004-03-30,DKK,KRW,reference,188.66
2004-03-30,EUR,KRW,reference,1403.97
2004-03-30,GBP,KRW,reference,2101.01
2004-03-30,HKD,KRW,reference,148.15
2004-03-30,IDR,KRW,reference,0.13419999999999999
2004-03-30,JPY,KRW,reference,10.951400000000001
2004-03-30,KWD,KRW,reference,3918.25
2004-03-30,MYR,KRW,reference,303.97
2004-03-30,NOK,KRW,reference,166.76
2004-03-30,NZD,KRW,reference,752.55
2004-03-30,SAR,KRW,reference,308.07
2004-03-30,SEK,KRW,reference,151.49
2004-03-30,SGD,KRW,reference,683.67
2004-03-30,THB,KRW,reference,29.2
2004-03-30,USD,KRW,reference,1155.1
2004-03-31,AED,KRW,reference,314.08
2004-03-31,AUD,KRW,reference,870.45
2004-03-31,BHD,KRW,reference,3060.35
2004-03-31,CAD,KRW,reference,882.87
2004-03-31,CHF,KRW,reference,900.37
2004-03-31,CNY,KRW,reference,139.37
2004-03-31,DKK,KRW,reference,188.53
2004-03-31,EUR,KRW,reference,1404.8
2004-03-31,GBP,KRW,reference,2106.76
2004-03-31,HKD,KRW,reference,147.97
2004-03-31,IDR,KRW,reference,0.1341
2004-03-31,JPY,KRW,reference,10.9
2004-03-31,KWD,KRW,reference,3913.16
2004-03-31,MYR,KRW,reference,303.58
2004-03-31,NOK,KRW,reference,166.92
2004-03-31,NZD,KRW,reference,757.34
2004-03-31,SAR,KRW,reference,307.67
2004-03-31,SEK,KRW,reference,151.4
2004-03-31,SGD,KRW,reference,685.24
2004-03-31,THB,KRW,reference,29.17
2004-03-31,USD,KRW,reference,1153.6
2004-04-01,AED,KRW,reference,313.1
2004-04-01,AUD,KRW,reference,880.15
2004-04-01,BHD,KRW,reference,3050.8
2004-04-01,CAD,KRW,reference,877.63
2004-04-01,CHF,KRW,reference,908.09
2004-04-01,CNY,KRW,reference,138.94
2004-04-01,DKK,KRW,reference,190.18
2004-04-01,EUR,KRW,reference,1415.13
2004-04-01,GBP,KRW,reference,2119.85
2004-04-01,HKD,KRW,reference,147.57
2004-04-01,IDR,KRW,reference,0.1343
2004-04-01,JPY,KRW,reference,11.0402
2004-04-01,KWD,KRW,reference,3904.26
2004-04-01,MYR,KRW,reference,302.63
2004-04-01,NOK,KRW,reference,167.93
2004-04-01,NZD,KRW,reference,768.55
2004-04-01,SAR,KRW,reference,306.71
2004-04-01,SEK,KRW,reference,152.51
2004-04-01,SGD,KRW,reference,686.9
2004-04-01,THB,KRW,reference,29.32
2004-04-01,USD,KRW,reference,1150
2004-04-02,AED,KRW,reference,311.08
2004-04-02,AUD,KRW,reference,875.52
2004-04-02,BHD,KRW,reference,3031.17
2004-04-02,CAD,KRW,reference,874.85
2004-04-02,CHF,KRW,reference,903.92
2004-04-02,CNY,KRW,reference,138.05
2004-04-02,DKK,KRW,reference,189.7
2004-04-02,EUR,KRW,reference,1411.74
2004-04-02,GBP,KRW,reference,2119.92
2004-04-02,HKD,KRW,reference,146.75
2004-04-02,IDR,KRW,reference,0.1332
2004-04-02,JPY,KRW,reference,11.009300000000001
2004-04-02,KWD,KRW,reference,3879.14
2004-04-02,MYR,KRW,reference,300.68
2004-04-02,NOK,KRW,reference,167.56
2004-04-02,NZD,KRW,reference,764.06
2004-04-02,SAR,KRW,reference,304.73
2004-04-02,SEK,KRW,reference,153.07
2004-04-02,SGD,KRW,reference,683.86
2004-04-02,THB,KRW,reference,29.2
2004-04-02,USD,KRW,reference,1142.6
2004-04-06,AED,KRW,reference,310.7
2004-04-06,AUD,KRW,reference,860.18
2004-04-06,BHD,KRW,reference,3027.46
2004-04-06,CAD,KRW,reference,868.72
2004-04-06,CHF,KRW,reference,874.99
2004-04-06,CNY,KRW,reference,137.88
2004-04-06,DKK,KRW,reference,184.16
2004-04-06,EUR,KRW,reference,1370.92
2004-04-06,GBP,KRW,reference,2080.92
2004-04-06,HKD,KRW,reference,146.53
2004-04-06,IDR,KRW,reference,0.1329
2004-04-06,JPY,KRW,reference,10.867
2004-04-06,KWD,KRW,reference,3871.76
2004-04-06,MYR,KRW,reference,300.32
2004-04-06,NOK,KRW,reference,163.98
2004-04-06,NZD,KRW,reference,742.69
2004-04-06,SAR,KRW,reference,304.36
2004-04-06,SEK,KRW,reference,149.12
2004-04-06,SGD,KRW,reference,679.39
2004-04-06,THB,KRW,reference,29.2
2004-04-06,USD,KRW,reference,1141.2
2004-04-07,AED,KRW,reference,312.66
2004-04-07,AUD,KRW,reference,874.56
2004-04-07,BHD,KRW,reference,3046.56
2004-04-07,CAD,KRW,reference,877.75
2004-04-07,CHF,KRW,reference,892.34
2004-04-07,CNY,KRW,reference,138.75
2004-04-07,DKK,KRW,reference,186.71
2004-04-07,EUR,KRW,reference,1392.32
2004-04-07,GBP,KRW,reference,2115.75
2004-04-07,HKD,KRW,reference,147.31
2004-04-07,IDR,KRW,reference,0.13390000000000002
2004-04-07,JPY,KRW,reference,10.8498
2004-04-07,KWD,KRW,reference,3896.18
2004-04-07,MYR,KRW,reference,302.21
2004-04-07,NOK,KRW,reference,165.79
2004-04-07,NZD,KRW,reference,753.98
2004-04-07,SAR,KRW,reference,306.28
2004-04-07,SEK,KRW,reference,151.06
2004-04-07,SGD,KRW,reference,682.11
2004-04-07,THB,KRW,reference,29.37
2004-04-07,USD,KRW,reference,1148.4
2004-04-08,AED,KRW,reference,311.52
2004-04-08,AUD,KRW,reference,875.48
2004-04-08,BHD,KRW,reference,3035.42
2004-04-08,CAD,KRW,reference,873.87
2004-04-08,CHF,KRW,reference,895.34
2004-04-08,CNY,KRW,reference,138.24
2004-04-08,DKK,KRW,reference,187.13
2004-04-08,EUR,KRW,reference,1391.46
2004-04-08,GBP,KRW,reference,2104.81
2004-04-08,HKD,KRW,reference,146.8
2004-04-08,IDR,KRW,reference,0.1334
2004-04-08,JPY,KRW,reference,10.8671
2004-04-08,KWD,KRW,reference,3881.93
2004-04-08,MYR,KRW,reference,301.11
2004-04-08,NOK,KRW,reference,166.65
2004-04-08,NZD,KRW,reference,755.23
2004-04-08,SAR,KRW,reference,305.16
2004-04-08,SEK,KRW,reference,151.77
2004-04-08,SGD,KRW,reference,683.19
2004-04-08,THB,KRW,reference,29.32
2004-04-08,USD,KRW,reference,1144.2
2004-04-09,AED,KRW,reference,310.54
2004-04-09,AUD,KRW,reference,868.85
2004-04-09,BHD,KRW,reference,3025.87
2004-04-09,CAD,KRW,reference,859.34
2004-04-09,CHF,KRW,reference,888.56
2004-04-09,CNY,KRW,reference,137.81
2004-04-09,DKK,KRW,reference,185.2
2004-04-09,EUR,KRW,reference,1377.22
2004-04-09,GBP,KRW,reference,2087.64
2004-04-09,HKD,KRW,reference,146.3
2004-04-09,IDR,KRW,reference,0.1329
2004-04-09,JPY,KRW,reference,10.7124
2004-04-09,KWD,KRW,reference,3864.74
2004-04-09,MYR,KRW,reference,300.16
2004-04-09,NOK,KRW,reference,164.7
2004-04-09,NZD,KRW,reference,751.83
2004-04-09,SAR,KRW,reference,304.2
2004-04-09,SEK,KRW,reference,150.4
2004-04-09,SGD,KRW,reference,679.84
2004-04-09,THB,KRW,reference,29.17
2004-04-09,USD,KRW,reference,1140.6
2004-04-12,AED,KRW,reference,311.03
2004-04-12,AUD,KRW,reference,871.37
2004-04-12,BHD,KRW,reference,3030.64
2004-04-12,CAD,KRW,reference,859.5
2004-04-12,CHF,KRW,reference,890.62
2004-04-12,CNY,KRW,reference,138.02
2004-04-12,DKK,KRW,reference,185.64
2004-04-12,EUR,KRW,reference,1380.36
2004-04-12,GBP,KRW,reference,2093.73
2004-04-12,HKD,KRW,reference,146.53
2004-04-12,IDR,KRW,reference,0.1331
2004-04-12,JPY,KRW,reference,10.7424
2004-04-12,KWD,KRW,reference,3875.83
2004-04-12,MYR,KRW,reference,300.63
2004-04-12,NOK,KRW,reference,164.77
2004-04-12,NZD,KRW,reference,754.67
2004-04-12,SAR,KRW,reference,304.68
2004-04-12,SEK,KRW,reference,150.72
2004-04-12,SGD,KRW,reference,681.05
2004-04-12,THB,KRW,reference,29.22
2004-04-12,USD,KRW,reference,1142.4
2004-04-13,AED,KRW,reference,310.97
2004-04-13,AUD,KRW,reference,875.55
2004-04-13,BHD,KRW,reference,3030.11
2004-04-13,CAD,KRW,reference,855
2004-04-13,CHF,KRW,reference,889.88
2004-04-13,CNY,KRW,reference,138
2004-04-13,DKK,KRW,reference,185.21
2004-04-13,EUR,KRW,reference,1378.35
2004-04-13,GBP,KRW,reference,2099.08
2004-04-13,HKD,KRW,reference,146.52
2004-04-13,IDR,KRW,reference,0.133
2004-04-13,JPY,KRW,reference,10.840399999999999
2004-04-13,KWD,KRW,reference,3875.15
2004-04-13,MYR,KRW,reference,300.58
2004-04-13,NOK,KRW,reference,164.03
2004-04-13,NZD,KRW,reference,757.85
2004-04-13,SAR,KRW,reference,304.63
2004-04-13,SEK,KRW,reference,150.29
2004-04-13,SGD,KRW,reference,685.78
2004-04-13,THB,KRW,reference,29.15
2004-04-13,USD,KRW,reference,1142.2
2004-04-14,AED,KRW,reference,310.54
2004-04-14,AUD,KRW,reference,859.39
2004-04-14,BHD,KRW,reference,3025.87
2004-04-14,CAD,KRW,reference,854.22
2004-04-14,CHF,KRW,reference,877.08
2004-04-14,CNY,KRW,reference,137.81
2004-04-14,DKK,KRW,reference,183.04
2004-04-14,EUR,KRW,reference,1361.25
2004-04-14,GBP,KRW,reference,2073.33
2004-04-14,HKD,KRW,reference,146.3
2004-04-14,IDR,KRW,reference,0.1328
2004-04-14,JPY,KRW,reference,10.6633
2004-04-14,KWD,KRW,reference,3869.72
2004-04-14,MYR,KRW,reference,300.16
2004-04-14,NOK,KRW,reference,164.13
2004-04-14,NZD,KRW,reference,746.12
2004-04-14,SAR,KRW,reference,304.2
2004-04-14,SEK,KRW,reference,148.55
2004-04-14,SGD,KRW,reference,682.77
2004-04-14,THB,KRW,reference,29.11
2004-04-14,USD,KRW,reference,1140.6
2004-04-16,AED,KRW,reference,312.77
2004-04-16,AUD,KRW,reference,851.55
2004-04-16,BHD,KRW,reference,3047.62
2004-04-16,CAD,KRW,reference,855.56
2004-04-16,CHF,KRW,reference,887.04
2004-04-16,CNY,KRW,reference,138.79
2004-04-16,DKK,KRW,reference,184.88
2004-04-16,EUR,KRW,reference,1377.12
2004-04-16,GBP,KRW,reference,2057.33
2004-04-16,HKD,KRW,reference,147.3
2004-04-16,IDR,KRW,reference,0.1331
2004-04-16,JPY,KRW,reference,10.6184
2004-04-16,KWD,KRW,reference,3898.2
2004-04-16,MYR,KRW,reference,302.32
2004-04-16,NOK,KRW,reference,166.14
2004-04-16,NZD,KRW,reference,734.08
2004-04-16,SAR,KRW,reference,306.39
2004-04-16,SEK,KRW,reference,149.61
2004-04-16,SGD,KRW,reference,684.11
2004-04-16,THB,KRW,reference,29.04
2004-04-16,USD,KRW,reference,1148.8
2004-04-19,AED,KRW,reference,315.9
2004-04-19,AUD,KRW,reference,864.83
2004-04-19,BHD,KRW,reference,3078.13
2004-04-19,CAD,KRW,reference,862.26
2004-04-19,CHF,KRW,reference,897.27
2004-04-19,CNY,KRW,reference,140.19
2004-04-19,DKK,KRW,reference,186.94
2004-04-19,EUR,KRW,reference,1394.27
2004-04-19,GBP,KRW,reference,2086.74
2004-04-19,HKD,KRW,reference,148.78
2004-04-19,IDR,KRW,reference,0.13470000000000001
2004-04-19,JPY,KRW,reference,10.762
2004-04-19,KWD,KRW,reference,3937.22
2004-04-19,MYR,KRW,reference,305.34
2004-04-19,NOK,KRW,reference,168.23
2004-04-19,NZD,KRW,reference,742.59
2004-04-19,SAR,KRW,reference,309.45
2004-04-19,SEK,KRW,reference,151.35
2004-04-19,SGD,KRW,reference,692.03
2004-04-19,THB,KRW,reference,29.48
2004-04-19,USD,KRW,reference,1160.3
2004-04-20,AED,KRW,reference,314.67
2004-04-20,AUD,KRW,reference,861.48
2004-04-20,BHD,KRW,reference,3066.19
2004-04-20,CAD,KRW,reference,859.43
2004-04-20,CHF,KRW,reference,894.44
2004-04-20,CNY,KRW,reference,139.64
2004-04-20,DKK,KRW,reference,186.57
2004-04-20,EUR,KRW,reference,1387.19
2004-04-20,GBP,KRW,reference,2087.43
2004-04-20,HKD,KRW,reference,148.19
2004-04-20,IDR,KRW,reference,0.1344
2004-04-20,JPY,KRW,reference,10.6496
2004-04-20,KWD,KRW,reference,3921.95
2004-04-20,MYR,KRW,reference,304.16
2004-04-20,NOK,KRW,reference,167.84
2004-04-20,NZD,KRW,reference,743.93
2004-04-20,SAR,KRW,reference,308.25
2004-04-20,SEK,KRW,reference,150.89
2004-04-20,SGD,KRW,reference,687.71
2004-04-20,THB,KRW,reference,29.38
2004-04-20,USD,KRW,reference,1155.8
2004-04-21,AED,KRW,reference,314.32
2004-04-21,AUD,KRW,reference,846.19
2004-04-21,BHD,KRW,reference,3062.74
2004-04-21,CAD,KRW,reference,850.71
2004-04-21,CHF,KRW,reference,878.38
2004-04-21,CNY,KRW,reference,139.49
2004-04-21,DKK,KRW,reference,183.83
2004-04-21,EUR,KRW,reference,1366.58
2004-04-21,GBP,KRW,reference,2058.82
2004-04-21,HKD,KRW,reference,148.04
2004-04-21,IDR,KRW,reference,0.134
2004-04-21,JPY,KRW,reference,10.5951
2004-04-21,KWD,KRW,reference,3917.54
2004-04-21,MYR,KRW,reference,303.82
2004-04-21,NOK,KRW,reference,165.16
2004-04-21,NZD,KRW,reference,725.89
2004-04-21,SAR,KRW,reference,307.91
2004-04-21,SEK,KRW,reference,149.11
2004-04-21,SGD,KRW,reference,686.18
2004-04-21,THB,KRW,reference,29.37
2004-04-21,USD,KRW,reference,1154.5
2004-04-22,AED,KRW,reference,314.73
2004-04-22,AUD,KRW,reference,841.28
2004-04-22,BHD,KRW,reference,3066.72
2004-04-22,CAD,KRW,reference,850.69
2004-04-22,CHF,KRW,reference,877.85
2004-04-22,CNY,KRW,reference,139.67
2004-04-22,DKK,KRW,reference,183.87
2004-04-22,EUR,KRW,reference,1363.27
2004-04-22,GBP,KRW,reference,2045.72
2004-04-22,HKD,KRW,reference,148.21
2004-04-22,IDR,KRW,reference,0.13369999999999999
2004-04-22,JPY,KRW,reference,10.558
2004-04-22,KWD,KRW,reference,3922.63
2004-04-22,MYR,KRW,reference,304.21
2004-04-22,NOK,KRW,reference,165.41
2004-04-22,NZD,KRW,reference,717.36
2004-04-22,SAR,KRW,reference,308.31
2004-04-22,SEK,KRW,reference,149.36
2004-04-22,SGD,KRW,reference,683.98
2004-04-22,THB,KRW,reference,29.19
2004-04-22,USD,KRW,reference,1156
2004-04-23,AED,KRW,reference,315.65
2004-04-23,AUD,KRW,reference,850.94
2004-04-23,BHD,KRW,reference,3075.74
2004-04-23,CAD,KRW,reference,855.9
2004-04-23,CHF,KRW,reference,886.76
2004-04-23,CNY,KRW,reference,140.07
2004-04-23,DKK,KRW,reference,185.61
2004-04-23,EUR,KRW,reference,1382.35
2004-04-23,GBP,KRW,reference,2057.99
2004-04-23,HKD,KRW,reference,148.65
2004-04-23,IDR,KRW,reference,0.134
2004-04-23,JPY,KRW,reference,10.5891
2004-04-23,KWD,KRW,reference,3933.5
2004-04-23,MYR,KRW,reference,305.11
2004-04-23,NOK,KRW,reference,167.61
2004-04-23,NZD,KRW,reference,728.97
2004-04-23,SAR,KRW,reference,309.21
2004-04-23,SEK,KRW,reference,151.02
2004-04-23,SGD,KRW,reference,683.51
2004-04-23,THB,KRW,reference,29.25
2004-04-23,USD,KRW,reference,1159.4
2004-04-26,AED,KRW,reference,315.46
2004-04-26,AUD,KRW,reference,845.33
2004-04-26,BHD,KRW,reference,3073.88
2004-04-26,CAD,KRW,reference,851.2
2004-04-26,CHF,KRW,reference,878.34
2004-04-26,CNY,KRW,reference,139.99
2004-04-26,DKK,KRW,reference,184.42
2004-04-26,EUR,KRW,reference,1366.69
2004-04-26,GBP,KRW,reference,2050.73
2004-04-26,HKD,KRW,reference,148.56
2004-04-26,IDR,KRW,reference,0.13449999999999998
2004-04-26,JPY,KRW,reference,10.619100000000001
2004-04-26,KWD,KRW,reference,3931.13
2004-04-26,MYR,KRW,reference,304.92
2004-04-26,NOK,KRW,reference,166.23
2004-04-26,NZD,KRW,reference,727.84
2004-04-26,SAR,KRW,reference,309.03
2004-04-26,SEK,KRW,reference,150.03
2004-04-26,SGD,KRW,reference,684.1
2004-04-26,THB,KRW,reference,29.3
2004-04-26,USD,KRW,reference,1158.7
2004-04-27,AED,KRW,reference,314.43
2004-04-27,AUD,KRW,reference,847.18
2004-04-27,BHD,KRW,reference,3062.99
2004-04-27,CAD,KRW,reference,856.4
2004-04-27,CHF,KRW,reference,883.05
2004-04-27,CNY,KRW,reference,139.53
2004-04-27,DKK,KRW,reference,184.26
2004-04-27,EUR,KRW,reference,1369.42
2004-04-27,GBP,KRW,reference,2061.96
2004-04-27,HKD,KRW,reference,148.08
2004-04-27,IDR,KRW,reference,0.13390000000000002
2004-04-27,JPY,KRW,reference,10.6325
2004-04-27,KWD,KRW,reference,3917.57
2004-04-27,MYR,KRW,reference,303.92
2004-04-27,NOK,KRW,reference,166.38
2004-04-27,NZD,KRW,reference,728.16
2004-04-27,SAR,KRW,reference,307.95
2004-04-27,SEK,KRW,reference,150.28
2004-04-27,SGD,KRW,reference,681.16
2004-04-27,THB,KRW,reference,29.15
2004-04-27,USD,KRW,reference,1154.9
2004-04-28,AED,KRW,reference,313.86
2004-04-28,AUD,KRW,reference,847.94
2004-04-28,BHD,KRW,reference,3057.42
2004-04-28,CAD,KRW,reference,853.2
2004-04-28,CHF,KRW,reference,888.24
2004-04-28,CNY,KRW,reference,139.28
2004-04-28,DKK,KRW,reference,184.83
2004-04-28,EUR,KRW,reference,1375.46
2004-04-28,GBP,KRW,reference,2065.41
2004-04-28,HKD,KRW,reference,147.8
2004-04-28,IDR,KRW,reference,0.13369999999999999
2004-04-28,JPY,KRW,reference,10.518699999999999
2004-04-28,KWD,KRW,reference,3910.32
2004-04-28,MYR,KRW,reference,303.37
2004-04-28,NOK,KRW,reference,167.07
2004-04-28,NZD,KRW,reference,727.19
2004-04-28,SAR,KRW,reference,307.39
2004-04-28,SEK,KRW,reference,150.85
2004-04-28,SGD,KRW,reference,679.7
2004-04-28,THB,KRW,reference,29.07
2004-04-28,USD,KRW,reference,1152.8
2004-04-29,AED,KRW,reference,314.67
2004-04-29,AUD,KRW,reference,833.85
2004-04-29,BHD,KRW,reference,3065.38
2004-04-29,CAD,KRW,reference,840.15
2004-04-29,CHF,KRW,reference,884.82
2004-04-29,CNY,KRW,reference,139.64
2004-04-29,DKK,KRW,reference,183.84
2004-04-29,EUR,KRW,reference,1368.35
2004-04-29,GBP,KRW,reference,2046.86
2004-04-29,HKD,KRW,reference,148.19
2004-04-29,IDR,KRW,reference,0.1338
2004-04-29,JPY,KRW,reference,10.490599999999999
2004-04-29,KWD,KRW,reference,3920.49
2004-04-29,MYR,KRW,reference,304.16
2004-04-29,NOK,KRW,reference,167.2
2004-04-29,NZD,KRW,reference,718.33
2004-04-29,SAR,KRW,reference,308.19
2004-04-29,SEK,KRW,reference,150.18
2004-04-29,SGD,KRW,reference,680.22
2004-04-29,THB,KRW,reference,29.06
2004-04-29,USD,KRW,reference,1155.8
2004-04-30,AED,KRW,reference,317.91
2004-04-30,AUD,KRW,reference,840.8
2004-04-30,BHD,KRW,reference,3097.76
2004-04-30,CAD,KRW,reference,852.15
2004-04-30,CHF,KRW,reference,903.93
2004-04-30,CNY,KRW,reference,141.08
2004-04-30,DKK,KRW,reference,187.98
2004-04-30,EUR,KRW,reference,1396.22
2004-04-30,GBP,KRW,reference,2070.04
2004-04-30,HKD,KRW,reference,149.71
2004-04-30,IDR,KRW,reference,0.1343
2004-04-30,JPY,KRW,reference,10.6208
2004-04-30,KWD,KRW,reference,3960.99
2004-04-30,MYR,KRW,reference,307.29
2004-04-30,NOK,KRW,reference,170.63
2004-04-30,NZD,KRW,reference,727.24
2004-04-30,SAR,KRW,reference,311.36
2004-04-30,SEK,KRW,reference,153.1
2004-04-30,SGD,KRW,reference,685.27
2004-04-30,THB,KRW,reference,29.2
2004-04-30,USD,KRW,reference,1167.7
2004-05-03,AED,KRW,reference,319.96
2004-05-03,AUD,KRW,reference,849.14
2004-05-03,BHD,KRW,reference,3117.65
2004-05-03,CAD,KRW,reference,857
2004-05-03,CHF,KRW,reference,907.6
2004-05-03,CNY,KRW,reference,141.98
2004-05-03,DKK,KRW,reference,189.17
2004-05-03,EUR,KRW,reference,1409.3
2004-05-03,GBP,KRW,reference,2090.8
2004-05-03,HKD,KRW,reference,150.67
2004-05-03,IDR,KRW,reference,0.1352
2004-05-03,JPY,KRW,reference,10.648800000000001
2004-05-03,KWD,KRW,reference,3986.43
2004-05-03,MYR,KRW,reference,309.26
2004-05-03,NOK,KRW,reference,171.21
2004-05-03,NZD,KRW,reference,735.62
2004-05-03,SAR,KRW,reference,313.36
2004-05-03,SEK,KRW,reference,153.76
2004-05-03,SGD,KRW,reference,690.08
2004-05-03,THB,KRW,reference,29.39
2004-05-03,USD,KRW,reference,1175.2
2004-05-04,AED,KRW,reference,319.3
2004-05-04,AUD,KRW,reference,845.88
2004-05-04,BHD,KRW,reference,3110.63
2004-05-04,CAD,KRW,reference,853.41
2004-05-04,CHF,KRW,reference,901.15
2004-05-04,CNY,KRW,reference,141.69
2004-05-04,DKK,KRW,reference,188.1
2004-05-04,EUR,KRW,reference,1399.5
2004-05-04,GBP,KRW,reference,2077.91
2004-05-04,HKD,KRW,reference,150.36
2004-05-04,IDR,KRW,reference,0.1348
2004-05-04,JPY,KRW,reference,10.640999999999998
2004-05-04,KWD,KRW,reference,3978.29
2004-05-04,MYR,KRW,reference,308.63
2004-05-04,NOK,KRW,reference,169.95
2004-05-04,NZD,KRW,reference,733.53
2004-05-04,SAR,KRW,reference,312.71
2004-05-04,SEK,KRW,reference,152.93
2004-05-04,SGD,KRW,reference,688.04
2004-05-04,THB,KRW,reference,29.36
2004-05-04,USD,KRW,reference,1172.8
2004-05-06,AED,KRW,reference,318.19
2004-05-06,AUD,KRW,reference,856.48
2004-05-06,BHD,KRW,reference,3100.41
2004-05-06,CAD,KRW,reference,850.24
2004-05-06,CHF,KRW,reference,916.41
2004-05-06,CNY,KRW,reference,141.2
2004-05-06,DKK,KRW,reference,191.12
2004-05-06,EUR,KRW,reference,1421.43
2004-05-06,GBP,KRW,reference,2093.78
2004-05-06,HKD,KRW,reference,149.84
2004-05-06,IDR,KRW,reference,0.13449999999999998
2004-05-06,JPY,KRW,reference,10.7378
2004-05-06,KWD,KRW,reference,3966.54
2004-05-06,MYR,KRW,reference,307.55
2004-05-06,NOK,KRW,reference,173.79
2004-05-06,NZD,KRW,reference,742.71
2004-05-06,SAR,KRW,reference,311.63
2004-05-06,SEK,KRW,reference,155.88
2004-05-06,SGD,KRW,reference,693.32
2004-05-06,THB,KRW,reference,29.39
2004-05-06,USD,KRW,reference,1168.7
2004-05-07,AED,KRW,reference,317.51
2004-05-07,AUD,KRW,reference,842.52
2004-05-07,BHD,KRW,reference,3092.96
2004-05-07,CAD,KRW,reference,846.45
2004-05-07,CHF,KRW,reference,907.73
2004-05-07,CNY,KRW,reference,140.89
2004-05-07,DKK,KRW,reference,189.3
2004-05-07,EUR,KRW,reference,1408.07
2004-05-07,GBP,KRW,reference,2092.1
2004-05-07,HKD,KRW,reference,149.52
2004-05-07,IDR,KRW,reference,0.134
2004-05-07,JPY,KRW,reference,10.626900000000001
2004-05-07,KWD,KRW,reference,3954.29
2004-05-07,MYR,KRW,reference,306.89
2004-05-07,NOK,KRW,reference,172.95
2004-05-07,NZD,KRW,reference,735.41
2004-05-07,SAR,KRW,reference,310.96
2004-05-07,SEK,KRW,reference,154.56
2004-05-07,SGD,KRW,reference,690.53
2004-05-07,THB,KRW,reference,29.24
2004-05-07,USD,KRW,reference,1166.2
2004-05-10,AED,KRW,reference,318.68
2004-05-10,AUD,KRW,reference,823.39
2004-05-10,BHD,KRW,reference,3104.36
2004-05-10,CAD,KRW,reference,845.98
2004-05-10,CHF,KRW,reference,899.11
2004-05-10,CNY,KRW,reference,141.41
2004-05-10,DKK,KRW,reference,187.01
2004-05-10,EUR,KRW,reference,1390.85
2004-05-10,GBP,KRW,reference,2089.28
2004-05-10,HKD,KRW,reference,150.07
2004-05-10,IDR,KRW,reference,0.134
2004-05-10,JPY,KRW,reference,10.4207
2004-05-10,KWD,KRW,reference,3960.01
2004-05-10,MYR,KRW,reference,308.03
2004-05-10,NOK,KRW,reference,171.66
2004-05-10,NZD,KRW,reference,722.78
2004-05-10,SAR,KRW,reference,312.11
2004-05-10,SEK,KRW,reference,153.02
2004-05-10,SGD,KRW,reference,687.52
2004-05-10,THB,KRW,reference,29.15
2004-05-10,USD,KRW,reference,1170.5
2004-05-11,AED,KRW,reference,322.11
2004-05-11,AUD,KRW,reference,822.43
2004-05-11,BHD,KRW,reference,3137.78
2004-05-11,CAD,KRW,reference,850.6
2004-05-11,CHF,KRW,reference,911.16
2004-05-11,CNY,KRW,reference,142.94
2004-05-11,DKK,KRW,reference,188.45
2004-05-11,EUR,KRW,reference,1402.86
2004-05-11,GBP,KRW,reference,2102.31
2004-05-11,HKD,KRW,reference,151.68
2004-05-11,IDR,KRW,reference,0.132
2004-05-11,JPY,KRW,reference,10.4109
2004-05-11,KWD,KRW,reference,4012.55
2004-05-11,MYR,KRW,reference,311.34
2004-05-11,NOK,KRW,reference,171.79
2004-05-11,NZD,KRW,reference,719.03
2004-05-11,SAR,KRW,reference,315.47
2004-05-11,SEK,KRW,reference,152.8
2004-05-11,SGD,KRW,reference,685.66
2004-05-11,THB,KRW,reference,29.14
2004-05-11,USD,KRW,reference,1183.1
2004-05-12,AED,KRW,reference,323.55
2004-05-12,AUD,KRW,reference,830.28
2004-05-12,BHD,KRW,reference,3151.84
2004-05-12,CAD,KRW,reference,856.91
2004-05-12,CHF,KRW,reference,917.44
2004-05-12,CNY,KRW,reference,143.57
2004-05-12,DKK,KRW,reference,189.53
2004-05-12,EUR,KRW,reference,1411.52
2004-05-12,GBP,KRW,reference,2092.24
2004-05-12,HKD,KRW,reference,152.36
2004-05-12,IDR,KRW,reference,0.1323
2004-05-12,JPY,KRW,reference,10.5145
2004-05-12,KWD,KRW,reference,4030.52
2004-05-12,MYR,KRW,reference,312.74
2004-05-12,NOK,KRW,reference,171.41
2004-05-12,NZD,KRW,reference,718.98
2004-05-12,SAR,KRW,reference,316.88
2004-05-12,SEK,KRW,reference,153.54
2004-05-12,SGD,KRW,reference,690.93
2004-05-12,THB,KRW,reference,29.26
2004-05-12,USD,KRW,reference,1188.4
2004-05-13,AED,KRW,reference,321.84
2004-05-13,AUD,KRW,reference,825.05
2004-05-13,BHD,KRW,reference,3135.13
2004-05-13,CAD,KRW,reference,852.27
2004-05-13,CHF,KRW,reference,913.63
2004-05-13,CNY,KRW,reference,142.81
2004-05-13,DKK,KRW,reference,189.08
2004-05-13,EUR,KRW,reference,1406.99
2004-05-13,GBP,KRW,reference,2094.8
2004-05-13,HKD,KRW,reference,151.55
2004-05-13,IDR,KRW,reference,0.1322
2004-05-13,JPY,KRW,reference,10.4638
2004-05-13,KWD,KRW,reference,4010.52
2004-05-13,MYR,KRW,reference,311.08
2004-05-13,NOK,KRW,reference,171.8
2004-05-13,NZD,KRW,reference,725.22
2004-05-13,SAR,KRW,reference,315.2
2004-05-13,SEK,KRW,reference,153.69
2004-05-13,SGD,KRW,reference,686.95
2004-05-13,THB,KRW,reference,29.18
2004-05-13,USD,KRW,reference,1182.1
2004-05-14,AED,KRW,reference,322.38
2004-05-14,AUD,KRW,reference,815.43
2004-05-14,BHD,KRW,reference,3140.43
2004-05-14,CAD,KRW,reference,849.94
2004-05-14,CHF,KRW,reference,907.91
2004-05-14,CNY,KRW,reference,143.06
2004-05-14,DKK,KRW,reference,188
2004-05-14,EUR,KRW,reference,1397.95
2004-05-14,GBP,KRW,reference,2084.08
2004-05-14,HKD,KRW,reference,151.81
2004-05-14,IDR,KRW,reference,0.1319
2004-05-14,JPY,KRW,reference,10.3307
2004-05-14,KWD,KRW,reference,4017.3
2004-05-14,MYR,KRW,reference,311.61
2004-05-14,NOK,KRW,reference,171.14
2004-05-14,NZD,KRW,reference,709.22
2004-05-14,SAR,KRW,reference,315.73
2004-05-14,SEK,KRW,reference,153.01
2004-05-14,SGD,KRW,reference,685.6
2004-05-14,THB,KRW,reference,29.05
2004-05-14,USD,KRW,reference,1184.1
2004-05-17,AED,KRW,reference,323.41
2004-05-17,AUD,KRW,reference,820.42
2004-05-17,BHD,KRW,reference,3150.51
2004-05-17,CAD,KRW,reference,854.54
2004-05-17,CHF,KRW,reference,915.99
2004-05-17,CNY,KRW,reference,143.51
2004-05-17,DKK,KRW,reference,189.73
2004-05-17,EUR,KRW,reference,1411.58
2004-05-17,GBP,KRW,reference,2088.8
2004-05-17,HKD,KRW,reference,152.3
2004-05-17,IDR,KRW,reference,0.1315
2004-05-17,JPY,KRW,reference,10.378800000000002
2004-05-17,KWD,KRW,reference,4029.37
2004-05-17,MYR,KRW,reference,312.61
2004-05-17,NOK,KRW,reference,171.65
2004-05-17,NZD,KRW,reference,717.55
2004-05-17,SAR,KRW,reference,316.75
2004-05-17,SEK,KRW,reference,153.89
2004-05-17,SGD,KRW,reference,688.84
2004-05-17,THB,KRW,reference,29.09
2004-05-17,USD,KRW,reference,1187.9
2004-05-18,AED,KRW,reference,322.41
2004-05-18,AUD,KRW,reference,806.26
2004-05-18,BHD,KRW,reference,3140.7
2004-05-18,CAD,KRW,reference,848.71
2004-05-18,CHF,KRW,reference,928.31
2004-05-18,CNY,KRW,reference,143.07
2004-05-18,DKK,KRW,reference,191.46
2004-05-18,EUR,KRW,reference,1423.17
2004-05-18,GBP,KRW,reference,2095.38
2004-05-18,HKD,KRW,reference,151.82
2004-05-18,IDR,KRW,reference,0.1317
2004-05-18,JPY,KRW,reference,10.3424
2004-05-18,KWD,KRW,reference,4017.64
2004-05-18,MYR,KRW,reference,311.63
2004-05-18,NOK,KRW,reference,172.34
2004-05-18,NZD,KRW,reference,706.61
2004-05-18,SAR,KRW,reference,315.76
2004-05-18,SEK,KRW,reference,155.03
2004-05-18,SGD,KRW,reference,685.82
2004-05-18,THB,KRW,reference,28.97
2004-05-18,USD,KRW,reference,1184.2
2004-05-19,AED,KRW,reference,322.41
2004-05-19,AUD,KRW,reference,814.91
2004-05-19,BHD,KRW,reference,3140.7
2004-05-19,CAD,KRW,reference,851.82
2004-05-19,CHF,KRW,reference,923.71
2004-05-19,CNY,KRW,reference,143.07
2004-05-19,DKK,KRW,reference,190.2
2004-05-19,EUR,KRW,reference,1415.71
2004-05-19,GBP,KRW,reference,2093.01
2004-05-19,HKD,KRW,reference,151.82
2004-05-19,IDR,KRW,reference,0.1308
2004-05-19,JPY,KRW,reference,10.394100000000002
2004-05-19,KWD,KRW,reference,4017.64
2004-05-19,MYR,KRW,reference,311.63
2004-05-19,NOK,KRW,reference,171.05
2004-05-19,NZD,KRW,reference,709.57
2004-05-19,SAR,KRW,reference,315.76
2004-05-19,SEK,KRW,reference,154.82
2004-05-19,SGD,KRW,reference,685.9
2004-05-19,THB,KRW,reference,28.99
2004-05-19,USD,KRW,reference,1184.2
2004-05-20,AED,KRW,reference,320.66
2004-05-20,AUD,KRW,reference,818.98
2004-05-20,BHD,KRW,reference,3123.72
2004-05-20,CAD,KRW,reference,856.36
2004-05-20,CHF,KRW,reference,920.16
2004-05-20,CNY,KRW,reference,142.3
2004-05-20,DKK,KRW,reference,190.15
2004-05-20,EUR,KRW,reference,1412.48
2004-05-20,GBP,KRW,reference,2097.9
2004-05-20,HKD,KRW,reference,151.25
2004-05-20,IDR,KRW,reference,0.1303
2004-05-20,JPY,KRW,reference,10.4207
2004-05-20,KWD,KRW,reference,3995.93
2004-05-20,MYR,KRW,reference,309.95
2004-05-20,NOK,KRW,reference,171.42
2004-05-20,NZD,KRW,reference,714.34
2004-05-20,SAR,KRW,reference,314.05
2004-05-20,SEK,KRW,reference,155.51
2004-05-20,SGD,KRW,reference,686.52
2004-05-20,THB,KRW,reference,28.93
2004-05-20,USD,KRW,reference,1177.8
2004-05-21,AED,KRW,reference,320.31
2004-05-21,AUD,KRW,reference,819.14
2004-05-21,BHD,KRW,reference,3120.28
2004-05-21,CAD,KRW,reference,860.42
2004-05-21,CHF,KRW,reference,915.64
2004-05-21,CNY,KRW,reference,142.14
2004-05-21,DKK,KRW,reference,188.85
2004-05-21,EUR,KRW,reference,1407.51
2004-05-21,GBP,KRW,reference,2089.7
2004-05-21,HKD,KRW,reference,151
2004-05-21,IDR,KRW,reference,0.13019999999999998
2004-05-21,JPY,KRW,reference,10.436900000000001
2004-05-21,KWD,KRW,reference,3991.52
2004-05-21,MYR,KRW,reference,309.61
2004-05-21,NOK,KRW,reference,170.18
2004-05-21,NZD,KRW,reference,714.84
2004-05-21,SAR,KRW,reference,313.71
2004-05-21,SEK,KRW,reference,154.89
2004-05-21,SGD,KRW,reference,684.51
2004-05-21,THB,KRW,reference,28.81
2004-05-21,USD,KRW,reference,1176.5
2004-05-24,AED,KRW,reference,320.47
2004-05-24,AUD,KRW,reference,821.91
2004-05-24,BHD,KRW,reference,3121.87
2004-05-24,CAD,KRW,reference,857.29
2004-05-24,CHF,KRW,reference,918.96
2004-05-24,CNY,KRW,reference,142.21
2004-05-24,DKK,KRW,reference,189.75
2004-05-24,EUR,KRW,reference,1412.17
2004-05-24,GBP,KRW,reference,2104.24
2004-05-24,HKD,KRW,reference,151.11
2004-05-24,IDR,KRW,reference,0.12990000000000002
2004-05-24,JPY,KRW,reference,10.4682
2004-05-24,KWD,KRW,reference,3993.55
2004-05-24,MYR,KRW,reference,309.76
2004-05-24,NOK,KRW,reference,171.32
2004-05-24,NZD,KRW,reference,716.27
2004-05-24,SAR,KRW,reference,313.87
2004-05-24,SEK,KRW,reference,155.32
2004-05-24,SGD,KRW,reference,687.16
2004-05-24,THB,KRW,reference,28.92
2004-05-24,USD,KRW,reference,1177.1
2004-05-25,AED,KRW,reference,320.26
2004-05-25,AUD,KRW,reference,819.94
2004-05-25,BHD,KRW,reference,3119.75
2004-05-25,CAD,KRW,reference,858.05
2004-05-25,CHF,KRW,reference,918.59
2004-05-25,CNY,KRW,reference,142.11
2004-05-25,DKK,KRW,reference,189.85
2004-05-25,EUR,KRW,reference,1410.56
2004-05-25,GBP,KRW,reference,2105.58
2004-05-25,HKD,KRW,reference,150.91
2004-05-25,IDR,KRW,reference,0.1291
2004-05-25,JPY,KRW,reference,10.3955
2004-05-25,KWD,KRW,reference,3990.84
2004-05-25,MYR,KRW,reference,309.55
2004-05-25,NOK,KRW,reference,171.3
2004-05-25,NZD,KRW,reference,715.07
2004-05-25,SAR,KRW,reference,313.65
2004-05-25,SEK,KRW,reference,154.98
2004-05-25,SGD,KRW,reference,685.53
2004-05-25,THB,KRW,reference,28.87
2004-05-25,USD,KRW,reference,1176.3
2004-05-27,AED,KRW,reference,320.72
2004-05-27,AUD,KRW,reference,832.9
2004-05-27,BHD,KRW,reference,3124.25
2004-05-27,CAD,KRW,reference,859.57
2004-05-27,CHF,KRW,reference,926.14
2004-05-27,CNY,KRW,reference,142.32
2004-05-27,DKK,KRW,reference,191.67
2004-05-27,EUR,KRW,reference,1426.15
2004-05-27,GBP,KRW,reference,2136.72
2004-05-27,HKD,KRW,reference,151.13
2004-05-27,IDR,KRW,reference,0.1274
2004-05-27,JPY,KRW,reference,10.5301
2004-05-27,KWD,KRW,reference,3995.79
2004-05-27,MYR,KRW,reference,310
2004-05-27,NOK,KRW,reference,173.75
2004-05-27,NZD,KRW,reference,731.18
2004-05-27,SAR,KRW,reference,314.11
2004-05-27,SEK,KRW,reference,156.77
2004-05-27,SGD,KRW,reference,688.06
2004-05-27,THB,KRW,reference,28.91
2004-05-27,USD,KRW,reference,1178
2004-05-28,AED,KRW,reference,318.89
2004-05-28,AUD,KRW,reference,839.53
2004-05-28,BHD,KRW,reference,3106.48
2004-05-28,CAD,KRW,reference,862.3
2004-05-28,CHF,KRW,reference,940.69
2004-05-28,CNY,KRW,reference,141.52
2004-05-28,DKK,KRW,reference,193.28
2004-05-28,EUR,KRW,reference,1436.78
2004-05-28,GBP,KRW,reference,2150.86
2004-05-28,HKD,KRW,reference,150.28
2004-05-28,IDR,KRW,reference,0.1267
2004-05-28,JPY,KRW,reference,10.5594
2004-05-28,KWD,KRW,reference,3972.12
2004-05-28,MYR,KRW,reference,308.24
2004-05-28,NOK,KRW,reference,174.68
2004-05-28,NZD,KRW,reference,743.42
2004-05-28,SAR,KRW,reference,312.32
2004-05-28,SEK,KRW,reference,157.85
2004-05-28,SGD,KRW,reference,688.94
2004-05-28,THB,KRW,reference,28.84
2004-05-28,USD,KRW,reference,1171.3
2004-05-31,AED,KRW,reference,317.37
2004-05-31,AUD,KRW,reference,832.13
2004-05-31,BHD,KRW,reference,3091.63
2004-05-31,CAD,KRW,reference,855.81
2004-05-31,CHF,KRW,reference,933.16
2004-05-31,CNY,KRW,reference,140.84
2004-05-31,DKK,KRW,reference,191.57
2004-05-31,EUR,KRW,reference,1426.7
2004-05-31,GBP,KRW,reference,2139.76
2004-05-31,HKD,KRW,reference,149.55
2004-05-31,IDR,KRW,reference,0.1258
2004-05-31,JPY,KRW,reference,10.5617
2004-05-31,KWD,KRW,reference,3953.54
2004-05-31,MYR,KRW,reference,306.76
2004-05-31,NOK,KRW,reference,173.44
2004-05-31,NZD,KRW,reference,736.37
2004-05-31,SAR,KRW,reference,310.83
2004-05-31,SEK,KRW,reference,156.64
2004-05-31,SGD,KRW,reference,686.07
2004-05-31,THB,KRW,reference,28.78
2004-05-31,USD,KRW,reference,1165.7
2004-06-01,AED,KRW,reference,316.69
2004-06-01,AUD,KRW,reference,832.56
2004-06-01,BHD,KRW,reference,3085
2004-06-01,CAD,KRW,reference,853.94
2004-06-01,CHF,KRW,reference,928.52
2004-06-01,CNY,KRW,reference,140.54
2004-06-01,DKK,KRW,reference,190.55
2004-06-01,EUR,KRW,reference,1419.57
2004-06-01,GBP,KRW,reference,2132.2
2004-06-01,HKD,KRW,reference,149.24
2004-06-01,IDR,KRW,reference,0.1255
2004-06-01,JPY,KRW,reference,10.6253
2004-06-01,KWD,KRW,reference,3945.06
2004-06-01,MYR,KRW,reference,306.11
2004-06-01,NOK,KRW,reference,172.6
2004-06-01,NZD,KRW,reference,734.79
2004-06-01,SAR,KRW,reference,310.16
2004-06-01,SEK,KRW,reference,155.69
2004-06-01,SGD,KRW,reference,685.24
2004-06-01,THB,KRW,reference,28.69
2004-06-01,USD,KRW,reference,1163.2
2004-06-02,AED,KRW,reference,316.25
2004-06-02,AUD,KRW,reference,821.89
2004-06-02,BHD,KRW,reference,3080.76
2004-06-02,CAD,KRW,reference,849.46
2004-06-02,CHF,KRW,reference,931.1
2004-06-02,CNY,KRW,reference,140.35
2004-06-02,DKK,KRW,reference,191.27
2004-06-02,EUR,KRW,reference,1421.16
2004-06-02,GBP,KRW,reference,2136.59
2004-06-02,HKD,KRW,reference,148.99
2004-06-02,IDR,KRW,reference,0.124
2004-06-02,JPY,KRW,reference,10.5022
2004-06-02,KWD,KRW,reference,3939.63
2004-06-02,MYR,KRW,reference,305.68
2004-06-02,NOK,KRW,reference,173.65
2004-06-02,NZD,KRW,reference,730.01
2004-06-02,SAR,KRW,reference,309.74
2004-06-02,SEK,KRW,reference,156.12
2004-06-02,SGD,KRW,reference,681.09
2004-06-02,THB,KRW,reference,28.58
2004-06-02,USD,KRW,reference,1161.6
2004-06-03,AED,KRW,reference,317.23
2004-06-03,AUD,KRW,reference,812.32
2004-06-03,BHD,KRW,reference,3090.31
2004-06-03,CAD,KRW,reference,855.16
2004-06-03,CHF,KRW,reference,931.9
2004-06-03,CNY,KRW,reference,140.78
2004-06-03,DKK,KRW,reference,191.35
2004-06-03,EUR,KRW,reference,1423.47
2004-06-03,GBP,KRW,reference,2137.04
2004-06-03,HKD,KRW,reference,149.45
2004-06-03,IDR,KRW,reference,0.12359999999999999
2004-06-03,JPY,KRW,reference,10.5913
2004-06-03,KWD,KRW,reference,3951.84
2004-06-03,MYR,KRW,reference,306.63
2004-06-03,NOK,KRW,reference,173.26
2004-06-03,NZD,KRW,reference,724.06
2004-06-03,SAR,KRW,reference,310.7
2004-06-03,SEK,KRW,reference,155.92
2004-06-03,SGD,KRW,reference,683.58
2004-06-03,THB,KRW,reference,28.73
2004-06-03,USD,KRW,reference,1165.2
2004-06-04,AED,KRW,reference,316.53
2004-06-04,AUD,KRW,reference,801.79
2004-06-04,BHD,KRW,reference,3083.41
2004-06-04,CAD,KRW,reference,853.44
2004-06-04,CHF,KRW,reference,929.6
2004-06-04,CNY,KRW,reference,140.46
2004-06-04,DKK,KRW,reference,191.21
2004-06-04,EUR,KRW,reference,1419.77
2004-06-04,GBP,KRW,reference,2137.27
2004-06-04,HKD,KRW,reference,149.12
2004-06-04,IDR,KRW,reference,0.1232
2004-06-04,JPY,KRW,reference,10.4663
2004-06-04,KWD,KRW,reference,3943.02
2004-06-04,MYR,KRW,reference,305.95
2004-06-04,NOK,KRW,reference,173.46
2004-06-04,NZD,KRW,reference,719.65
2004-06-04,SAR,KRW,reference,310
2004-06-04,SEK,KRW,reference,155.41
2004-06-04,SGD,KRW,reference,680.08
2004-06-04,THB,KRW,reference,28.59
2004-06-04,USD,KRW,reference,1162.6
2004-06-07,AED,KRW,reference,316.93
2004-06-07,AUD,KRW,reference,813.53
2004-06-07,BHD,KRW,reference,3087.39
2004-06-07,CAD,KRW,reference,861.72
2004-06-07,CHF,KRW,reference,942.02
2004-06-07,CNY,KRW,reference,140.65
2004-06-07,DKK,KRW,reference,192.39
2004-06-07,EUR,KRW,reference,1434.11
2004-06-07,GBP,KRW,reference,2146.19
2004-06-07,HKD,KRW,reference,149.31
2004-06-07,IDR,KRW,reference,0.1233
2004-06-07,JPY,KRW,reference,10.5077
2004-06-07,KWD,KRW,reference,3948.11
2004-06-07,MYR,KRW,reference,306.34
2004-06-07,NOK,KRW,reference,174.6
2004-06-07,NZD,KRW,reference,724.07
2004-06-07,SAR,KRW,reference,310.4
2004-06-07,SEK,KRW,reference,156.63
2004-06-07,SGD,KRW,reference,680.76
2004-06-07,THB,KRW,reference,28.62
2004-06-07,USD,KRW,reference,1164.1
2004-06-08,AED,KRW,reference,315.55
2004-06-08,AUD,KRW,reference,818.2
2004-06-08,BHD,KRW,reference,3073.86
2004-06-08,CAD,KRW,reference,860.81
2004-06-08,CHF,KRW,reference,937.36
2004-06-08,CNY,KRW,reference,140.03
2004-06-08,DKK,KRW,reference,192.08
2004-06-08,EUR,KRW,reference,1427.95
2004-06-08,GBP,KRW,reference,2133.66
2004-06-08,HKD,KRW,reference,148.69
2004-06-08,IDR,KRW,reference,0.1246
2004-06-08,JPY,KRW,reference,10.5753
2004-06-08,KWD,KRW,reference,3930.81
2004-06-08,MYR,KRW,reference,305
2004-06-08,NOK,KRW,reference,174.44
2004-06-08,NZD,KRW,reference,734.23
2004-06-08,SAR,KRW,reference,309.04
2004-06-08,SEK,KRW,reference,156.68
2004-06-08,SGD,KRW,reference,680.18
2004-06-08,THB,KRW,reference,28.62
2004-06-08,USD,KRW,reference,1159
2004-06-09,AED,KRW,reference,315.27
2004-06-09,AUD,KRW,reference,811.24
2004-06-09,BHD,KRW,reference,3071.21
2004-06-09,CAD,KRW,reference,859.08
2004-06-09,CHF,KRW,reference,935.38
2004-06-09,CNY,KRW,reference,139.91
2004-06-09,DKK,KRW,reference,190.99
2004-06-09,EUR,KRW,reference,1419.94
2004-06-09,GBP,KRW,reference,2130.14
2004-06-09,HKD,KRW,reference,148.58
2004-06-09,IDR,KRW,reference,0.1253
2004-06-09,JPY,KRW,reference,10.5753
2004-06-09,KWD,KRW,reference,3927.42
2004-06-09,MYR,KRW,reference,304.74
2004-06-09,NOK,KRW,reference,173.22
2004-06-09,NZD,KRW,reference,727.22
2004-06-09,SAR,KRW,reference,308.78
2004-06-09,SEK,KRW,reference,156.2
2004-06-09,SGD,KRW,reference,678.32
2004-06-09,THB,KRW,reference,28.54
2004-06-09,USD,KRW,reference,1158
2004-06-10,AED,KRW,reference,314.38
2004-06-10,AUD,KRW,reference,797.26
2004-06-10,BHD,KRW,reference,3062.46
2004-06-10,CAD,KRW,reference,849.54
2004-06-10,CHF,KRW,reference,919.6
2004-06-10,CNY,KRW,reference,139.51
2004-06-10,DKK,KRW,reference,186.99
2004-06-10,EUR,KRW,reference,1390.49
2004-06-10,GBP,KRW,reference,2111.72
2004-06-10,HKD,KRW,reference,148.12
2004-06-10,IDR,KRW,reference,0.1244
2004-06-10,JPY,KRW,reference,10.4531
2004-06-10,KWD,KRW,reference,3916.23
2004-06-10,MYR,KRW,reference,303.87
2004-06-10,NOK,KRW,reference,170.25
2004-06-10,NZD,KRW,reference,712.05
2004-06-10,SAR,KRW,reference,307.9
2004-06-10,SEK,KRW,reference,152.68
2004-06-10,SGD,KRW,reference,673.55
2004-06-10,THB,KRW,reference,28.46
2004-06-10,USD,KRW,reference,1154.7
2004-06-11,AED,KRW,reference,315.65
2004-06-11,AUD,KRW,reference,807.93
2004-06-11,BHD,KRW,reference,3074.92
2004-06-11,CAD,KRW,reference,852.41
2004-06-11,CHF,KRW,reference,931.06
2004-06-11,CNY,KRW,reference,140.08
2004-06-11,DKK,KRW,reference,188.86
2004-06-11,EUR,KRW,reference,1403.69
2004-06-11,GBP,KRW,reference,2134.86
2004-06-11,HKD,KRW,reference,148.68
2004-06-11,IDR,KRW,reference,0.1241
2004-06-11,JPY,KRW,reference,10.609000000000002
2004-06-11,KWD,KRW,reference,3932.17
2004-06-11,MYR,KRW,reference,305.11
2004-06-11,NOK,KRW,reference,169.91
2004-06-11,NZD,KRW,reference,734.48
2004-06-11,SAR,KRW,reference,309.15
2004-06-11,SEK,KRW,reference,153.49
2004-06-11,SGD,KRW,reference,676.94
2004-06-11,THB,KRW,reference,28.53
2004-06-11,USD,KRW,reference,1159.4
2004-06-14,AED,KRW,reference,315.38
2004-06-14,AUD,KRW,reference,797.62
2004-06-14,BHD,KRW,reference,3072.27
2004-06-14,CAD,KRW,reference,848.74
2004-06-14,CHF,KRW,reference,917.33
2004-06-14,CNY,KRW,reference,139.96
2004-06-14,DKK,KRW,reference,187.25
2004-06-14,EUR,KRW,reference,1386.95
2004-06-14,GBP,KRW,reference,2105.97
2004-06-14,HKD,KRW,reference,148.61
2004-06-14,IDR,KRW,reference,0.12359999999999999
2004-06-14,JPY,KRW,reference,10.5066
2004-06-14,KWD,KRW,reference,3928.78
2004-06-14,MYR,KRW,reference,304.84
2004-06-14,NOK,KRW,reference,167.84
2004-06-14,NZD,KRW,reference,728.63
2004-06-14,SAR,KRW,reference,308.88
2004-06-14,SEK,KRW,reference,152.01
2004-06-14,SGD,KRW,reference,674.84
2004-06-14,THB,KRW,reference,28.48
2004-06-14,USD,KRW,reference,1158.4
2004-06-15,AED,KRW,reference,316.66
2004-06-15,AUD,KRW,reference,800.5
2004-06-15,BHD,KRW,reference,3084.74
2004-06-15,CAD,KRW,reference,846.44
2004-06-15,CHF,KRW,reference,926.37
2004-06-15,CNY,KRW,reference,140.53
2004-06-15,DKK,KRW,reference,188.71
2004-06-15,EUR,KRW,reference,1402.23
2004-06-15,GBP,KRW,reference,2109.69
2004-06-15,HKD,KRW,reference,149.16
2004-06-15,IDR,KRW,reference,0.1241
2004-06-15,JPY,KRW,reference,10.471300000000001
2004-06-15,KWD,KRW,reference,3944.72
2004-06-15,MYR,KRW,reference,306.08
2004-06-15,NOK,KRW,reference,168.42
2004-06-15,NZD,KRW,reference,725.72
2004-06-15,SAR,KRW,reference,310.14
2004-06-15,SEK,KRW,reference,152.88
2004-06-15,SGD,KRW,reference,676.42
2004-06-15,THB,KRW,reference,28.38
2004-06-15,USD,KRW,reference,1163.1
2004-06-16,AED,KRW,reference,316.77
2004-06-16,AUD,KRW,reference,809.62
2004-06-16,BHD,KRW,reference,3085.8
2004-06-16,CAD,KRW,reference,850.48
2004-06-16,CHF,KRW,reference,930.99
2004-06-16,CNY,KRW,reference,140.58
2004-06-16,DKK,KRW,reference,190.45
2004-06-16,EUR,KRW,reference,1413.94
2004-06-16,GBP,KRW,reference,2130.95
2004-06-16,HKD,KRW,reference,149.2
2004-06-16,IDR,KRW,reference,0.12359999999999999
2004-06-16,JPY,KRW,reference,10.628499999999999
2004-06-16,KWD,KRW,reference,3946.07
2004-06-16,MYR,KRW,reference,306.18
2004-06-16,NOK,KRW,reference,170.71
2004-06-16,NZD,KRW,reference,743.01
2004-06-16,SAR,KRW,reference,310.24
2004-06-16,SEK,KRW,reference,154.65
2004-06-16,SGD,KRW,reference,678.94
2004-06-16,THB,KRW,reference,28.47
2004-06-16,USD,KRW,reference,1163.5
2004-06-17,AED,KRW,reference,315
2004-06-17,AUD,KRW,reference,795.61
2004-06-17,BHD,KRW,reference,3068.56
2004-06-17,CAD,KRW,reference,841.98
2004-06-17,CHF,KRW,reference,912.93
2004-06-17,CNY,KRW,reference,139.79
2004-06-17,DKK,KRW,reference,186.92
2004-06-17,EUR,KRW,reference,1389.38
2004-06-17,GBP,KRW,reference,2112.28
2004-06-17,HKD,KRW,reference,148.36
2004-06-17,IDR,KRW,reference,0.1231
2004-06-17,JPY,KRW,reference,10.511500000000002
2004-06-17,KWD,KRW,reference,3924.03
2004-06-17,MYR,KRW,reference,304.47
2004-06-17,NOK,KRW,reference,167.09
2004-06-17,NZD,KRW,reference,727
2004-06-17,SAR,KRW,reference,308.51
2004-06-17,SEK,KRW,reference,151.68
2004-06-17,SGD,KRW,reference,672.87
2004-06-17,THB,KRW,reference,28.27
2004-06-17,USD,KRW,reference,1157
2004-06-18,AED,KRW,reference,315.19
2004-06-18,AUD,KRW,reference,787.99
2004-06-18,BHD,KRW,reference,3070.42
2004-06-18,CAD,KRW,reference,844.2
2004-06-18,CHF,KRW,reference,922.43
2004-06-18,CNY,KRW,reference,139.88
2004-06-18,DKK,KRW,reference,187.88
2004-06-18,EUR,KRW,reference,1392.77
2004-06-18,GBP,KRW,reference,2123.28
2004-06-18,HKD,KRW,reference,148.46
2004-06-18,IDR,KRW,reference,0.1233
2004-06-18,JPY,KRW,reference,10.5581
2004-06-18,KWD,KRW,reference,3926.4
2004-06-18,MYR,KRW,reference,304.66
2004-06-18,NOK,KRW,reference,167.21
2004-06-18,NZD,KRW,reference,720.49
2004-06-18,SAR,KRW,reference,308.7
2004-06-18,SEK,KRW,reference,152.57
2004-06-18,SGD,KRW,reference,673.96
2004-06-18,THB,KRW,reference,28.34
2004-06-18,USD,KRW,reference,1157.7
2004-06-21,AED,KRW,reference,315.36
2004-06-21,AUD,KRW,reference,799.98
2004-06-21,BHD,KRW,reference,3072.01
2004-06-21,CAD,KRW,reference,850.03
2004-06-21,CHF,KRW,reference,930.7
2004-06-21,CNY,KRW,reference,139.95
2004-06-21,DKK,KRW,reference,189.28
2004-06-21,EUR,KRW,reference,1405.54
2004-06-21,GBP,KRW,reference,2129.48
2004-06-21,HKD,KRW,reference,148.52
2004-06-21,IDR,KRW,reference,0.1234
2004-06-21,JPY,KRW,reference,10.6535
2004-06-21,KWD,KRW,reference,3928.44
2004-06-21,MYR,KRW,reference,304.82
2004-06-21,NOK,KRW,reference,168.69
2004-06-21,NZD,KRW,reference,725.96
2004-06-21,SAR,KRW,reference,308.86
2004-06-21,SEK,KRW,reference,153.69
2004-06-21,SGD,KRW,reference,675.2
2004-06-21,THB,KRW,reference,28.31
2004-06-21,USD,KRW,reference,1158.3
2004-06-22,AED,KRW,reference,314.84
2004-06-22,AUD,KRW,reference,798.67
2004-06-22,BHD,KRW,reference,3066.97
2004-06-22,CAD,KRW,reference,847.15
2004-06-22,CHF,KRW,reference,928.13
2004-06-22,CNY,KRW,reference,139.72
2004-06-22,DKK,KRW,reference,188.42
2004-06-22,EUR,KRW,reference,1401.61
2004-06-22,GBP,KRW,reference,2121.24
2004-06-22,HKD,KRW,reference,148.28
2004-06-22,IDR,KRW,reference,0.1231
2004-06-22,JPY,KRW,reference,10.632100000000001
2004-06-22,KWD,KRW,reference,3921.99
2004-06-22,MYR,KRW,reference,304.32
2004-06-22,NOK,KRW,reference,167.39
2004-06-22,NZD,KRW,reference,727.38
2004-06-22,SAR,KRW,reference,308.35
2004-06-22,SEK,KRW,reference,152.99
2004-06-22,SGD,KRW,reference,671.82
2004-06-22,THB,KRW,reference,28.29
2004-06-22,USD,KRW,reference,1156.4
2004-06-23,AED,KRW,reference,315.06
2004-06-23,AUD,KRW,reference,795.86
2004-06-23,BHD,KRW,reference,3069.09
2004-06-23,CAD,KRW,reference,852.42
2004-06-23,CHF,KRW,reference,927.02
2004-06-23,CNY,KRW,reference,139.82
2004-06-23,DKK,KRW,reference,188.39
2004-06-23,EUR,KRW,reference,1402.01
2004-06-23,GBP,KRW,reference,2106.39
2004-06-23,HKD,KRW,reference,148.38
2004-06-23,IDR,KRW,reference,0.1231
2004-06-23,JPY,KRW,reference,10.604800000000001
2004-06-23,KWD,KRW,reference,3924.71
2004-06-23,MYR,KRW,reference,304.53
2004-06-23,NOK,KRW,reference,168.02
2004-06-23,NZD,KRW,reference,726.72
2004-06-23,SAR,KRW,reference,308.56
2004-06-23,SEK,KRW,reference,152.89
2004-06-23,SGD,KRW,reference,671.6
2004-06-23,THB,KRW,reference,28.25
2004-06-23,USD,KRW,reference,1157.2
2004-06-24,AED,KRW,reference,315.87
2004-06-24,AUD,KRW,reference,797.93
2004-06-24,BHD,KRW,reference,3077.05
2004-06-24,CAD,KRW,reference,852.93
2004-06-24,CHF,KRW,reference,925.35
2004-06-24,CNY,KRW,reference,140.18
2004-06-24,DKK,KRW,reference,188.7
2004-06-24,EUR,KRW,reference,1401.81
2004-06-24,GBP,KRW,reference,2107.45
2004-06-24,HKD,KRW,reference,148.77
2004-06-24,IDR,KRW,reference,0.1232
2004-06-24,JPY,KRW,reference,10.7272
2004-06-24,KWD,KRW,reference,3934.88
2004-06-24,MYR,KRW,reference,305.32
2004-06-24,NOK,KRW,reference,167.2
2004-06-24,NZD,KRW,reference,724.54
2004-06-24,SAR,KRW,reference,309.36
2004-06-24,SEK,KRW,reference,152.93
2004-06-24,SGD,KRW,reference,674.52
2004-06-24,THB,KRW,reference,28.33
2004-06-24,USD,KRW,reference,1160.2
2004-06-25,AED,KRW,reference,314.87
2004-06-25,AUD,KRW,reference,810.53
2004-06-25,BHD,KRW,reference,3067.23
2004-06-25,CAD,KRW,reference,859.76
2004-06-25,CHF,KRW,reference,929.14
2004-06-25,CNY,KRW,reference,139.73
2004-06-25,DKK,KRW,reference,189.47
2004-06-25,EUR,KRW,reference,1407.69
2004-06-25,GBP,KRW,reference,2109.51
2004-06-25,HKD,KRW,reference,148.29
2004-06-25,IDR,KRW,reference,0.1229
2004-06-25,JPY,KRW,reference,10.7802
2004-06-25,KWD,KRW,reference,3922.33
2004-06-25,MYR,KRW,reference,304.34
2004-06-25,NOK,KRW,reference,168.39
2004-06-25,NZD,KRW,reference,735.3
2004-06-25,SAR,KRW,reference,308.38
2004-06-25,SEK,KRW,reference,153.62
2004-06-25,SGD,KRW,reference,675.74
2004-06-25,THB,KRW,reference,28.33
2004-06-25,USD,KRW,reference,1156.5
2004-06-28,AED,KRW,reference,313.37
2004-06-28,AUD,KRW,reference,804.26
2004-06-28,BHD,KRW,reference,3052.65
2004-06-28,CAD,KRW,reference,852.62
2004-06-28,CHF,KRW,reference,922.76
2004-06-28,CNY,KRW,reference,139.07
2004-06-28,DKK,KRW,reference,188.48
2004-06-28,EUR,KRW,reference,1401.17
2004-06-28,GBP,KRW,reference,2101.67
2004-06-28,HKD,KRW,reference,147.61
2004-06-28,IDR,KRW,reference,0.1222
2004-06-28,JPY,KRW,reference,10.7095
2004-06-28,KWD,KRW,reference,3904.34
2004-06-28,MYR,KRW,reference,302.89
2004-06-28,NOK,KRW,reference,168.77
2004-06-28,NZD,KRW,reference,732.09
2004-06-28,SAR,KRW,reference,306.91
2004-06-28,SEK,KRW,reference,152.97
2004-06-28,SGD,KRW,reference,673.79
2004-06-28,THB,KRW,reference,28.19
2004-06-28,USD,KRW,reference,1151
2004-06-29,AED,KRW,reference,313.29
2004-06-29,AUD,KRW,reference,805.43
2004-06-29,BHD,KRW,reference,3051.85
2004-06-29,CAD,KRW,reference,853.86
2004-06-29,CHF,KRW,reference,920.93
2004-06-29,CNY,KRW,reference,139.03
2004-06-29,DKK,KRW,reference,188.67
2004-06-29,EUR,KRW,reference,1401.96
2004-06-29,GBP,KRW,reference,2105.38
2004-06-29,HKD,KRW,reference,147.56
2004-06-29,IDR,KRW,reference,0.1222
2004-06-29,JPY,KRW,reference,10.6546
2004-06-29,KWD,KRW,reference,3903.32
2004-06-29,MYR,KRW,reference,302.82
2004-06-29,NOK,KRW,reference,168.14
2004-06-29,NZD,KRW,reference,737.31
2004-06-29,SAR,KRW,reference,306.83
2004-06-29,SEK,KRW,reference,153.38
2004-06-29,SGD,KRW,reference,672.53
2004-06-29,THB,KRW,reference,28.16
2004-06-29,USD,KRW,reference,1150.7
2004-06-30,AED,KRW,reference,313.78
2004-06-30,AUD,KRW,reference,796.44
2004-06-30,BHD,KRW,reference,3056.62
2004-06-30,CAD,KRW,reference,856.97
2004-06-30,CHF,KRW,reference,911.39
2004-06-30,CNY,KRW,reference,139.25
2004-06-30,DKK,KRW,reference,187.43
2004-06-30,EUR,KRW,reference,1393.66
2004-06-30,GBP,KRW,reference,2083.89
2004-06-30,HKD,KRW,reference,147.76
2004-06-30,IDR,KRW,reference,0.1225
2004-06-30,JPY,KRW,reference,10.6403
2004-06-30,KWD,KRW,reference,3909.43
2004-06-30,MYR,KRW,reference,303.29
2004-06-30,NOK,KRW,reference,166.79
2004-06-30,NZD,KRW,reference,728.15
2004-06-30,SAR,KRW,reference,307.31
2004-06-30,SEK,KRW,reference,152.63
2004-06-30,SGD,KRW,reference,671.39
2004-06-30,THB,KRW,reference,28.19
2004-06-30,USD,KRW,reference,1152.5
2004-07-01,AED,KRW,reference,313.78
2004-07-01,AUD,KRW,reference,803
2004-07-01,BHD,KRW,reference,3056.62
2004-07-01,CAD,KRW,reference,864.36
2004-07-01,CHF,KRW,reference,921.15
2004-07-01,CNY,KRW,reference,139.25
2004-07-01,DKK,KRW,reference,189.16
2004-07-01,EUR,KRW,reference,1403.92
2004-07-01,GBP,KRW,reference,2097.26
2004-07-01,HKD,KRW,reference,147.76
2004-07-01,IDR,KRW,reference,0.1226
2004-07-01,JPY,KRW,reference,10.5943
2004-07-01,KWD,KRW,reference,3909.43
2004-07-01,MYR,KRW,reference,303.29
2004-07-01,NOK,KRW,reference,166.48
2004-07-01,NZD,KRW,reference,732.7
2004-07-01,SAR,KRW,reference,307.31
2004-07-01,SEK,KRW,reference,153.41
2004-07-01,SGD,KRW,reference,670.88
2004-07-01,THB,KRW,reference,28.2
2004-07-01,USD,KRW,reference,1152.5
2004-07-02,AED,KRW,reference,314.05
2004-07-02,AUD,KRW,reference,814.31
2004-07-02,BHD,KRW,reference,3059.28
2004-07-02,CAD,KRW,reference,865.08
2004-07-02,CHF,KRW,reference,923.65
2004-07-02,CNY,KRW,reference,139.37
2004-07-02,DKK,KRW,reference,188.78
2004-07-02,EUR,KRW,reference,1403.12
2004-07-02,GBP,KRW,reference,2099.66
2004-07-02,HKD,KRW,reference,147.89
2004-07-02,IDR,KRW,reference,0.1242
2004-07-02,JPY,KRW,reference,10.640699999999999
2004-07-02,KWD,KRW,reference,3912.82
2004-07-02,MYR,KRW,reference,303.55
2004-07-02,NOK,KRW,reference,165.7
2004-07-02,NZD,KRW,reference,739.28
2004-07-02,SAR,KRW,reference,307.58
2004-07-02,SEK,KRW,reference,153.04
2004-07-02,SGD,KRW,reference,672.99
2004-07-02,THB,KRW,reference,28.31
2004-07-02,USD,KRW,reference,1153.5
2004-07-05,AED,KRW,reference,314.67
2004-07-05,AUD,KRW,reference,823.68
2004-07-05,BHD,KRW,reference,3065.38
2004-07-05,CAD,KRW,reference,873.06
2004-07-05,CHF,KRW,reference,939.9
2004-07-05,CNY,KRW,reference,139.65
2004-07-05,DKK,KRW,reference,191.59
2004-07-05,EUR,KRW,reference,1423.6
2004-07-05,GBP,KRW,reference,2119.04
2004-07-05,HKD,KRW,reference,148.18
2004-07-05,IDR,KRW,reference,0.1264
2004-07-05,JPY,KRW,reference,10.6599
2004-07-05,KWD,KRW,reference,3920.62
2004-07-05,MYR,KRW,reference,304.16
2004-07-05,NOK,KRW,reference,167.47
2004-07-05,NZD,KRW,reference,748.03
2004-07-05,SAR,KRW,reference,308.19
2004-07-05,SEK,KRW,reference,155
2004-07-05,SGD,KRW,reference,675.29
2004-07-05,THB,KRW,reference,28.42
2004-07-05,USD,KRW,reference,1155.8
2004-07-06,AED,KRW,reference,313.86
2004-07-06,AUD,KRW,reference,822.58
2004-07-06,BHD,KRW,reference,3058.23
2004-07-06,CAD,KRW,reference,869.05
2004-07-06,CHF,KRW,reference,933.71
2004-07-06,CNY,KRW,reference,139.28
2004-07-06,DKK,KRW,reference,190.61
2004-07-06,EUR,KRW,reference,1417.6
2004-07-06,GBP,KRW,reference,2110.95
2004-07-06,HKD,KRW,reference,147.8
2004-07-06,IDR,KRW,reference,0.1261
2004-07-06,JPY,KRW,reference,10.5669
2004-07-06,KWD,KRW,reference,3910.45
2004-07-06,MYR,KRW,reference,303.37
2004-07-06,NOK,KRW,reference,166.88
2004-07-06,NZD,KRW,reference,746.09
2004-07-06,SAR,KRW,reference,307.39
2004-07-06,SEK,KRW,reference,153.92
2004-07-06,SGD,KRW,reference,671.36
2004-07-06,THB,KRW,reference,28.28
2004-07-06,USD,KRW,reference,1152.8
2004-07-07,AED,KRW,reference,314.4
2004-07-07,AUD,KRW,reference,824.82
2004-07-07,BHD,KRW,reference,3063.54
2004-07-07,CAD,KRW,reference,870.2
2004-07-07,CHF,KRW,reference,934.12
2004-07-07,CNY,KRW,reference,139.52
2004-07-07,DKK,KRW,reference,190.9
2004-07-07,EUR,KRW,reference,1418.38
2004-07-07,GBP,KRW,reference,2125.18
2004-07-07,HKD,KRW,reference,148.06
2004-07-07,IDR,KRW,reference,0.1285
2004-07-07,JPY,KRW,reference,10.5524
2004-07-07,KWD,KRW,reference,3917.1
2004-07-07,MYR,KRW,reference,303.89
2004-07-07,NOK,KRW,reference,167.66
2004-07-07,NZD,KRW,reference,750.04
2004-07-07,SAR,KRW,reference,307.92
2004-07-07,SEK,KRW,reference,154.43
2004-07-07,SGD,KRW,reference,672.96
2004-07-07,THB,KRW,reference,28.32
2004-07-07,USD,KRW,reference,1154.8
2004-07-08,AED,KRW,reference,314.13
2004-07-08,AUD,KRW,reference,834.37
2004-07-08,BHD,KRW,reference,3060.88
2004-07-08,CAD,KRW,reference,873.73
2004-07-08,CHF,KRW,reference,940.84
2004-07-08,CNY,KRW,reference,139.4
2004-07-08,DKK,KRW,reference,192.02
2004-07-08,EUR,KRW,reference,1427.54
2004-07-08,GBP,KRW,reference,2139.9
2004-07-08,HKD,KRW,reference,147.93
2004-07-08,IDR,KRW,reference,0.1282
2004-07-08,JPY,KRW,reference,10.6307
2004-07-08,KWD,KRW,reference,3914.5
2004-07-08,MYR,KRW,reference,303.63
2004-07-08,NOK,KRW,reference,169.39
2004-07-08,NZD,KRW,reference,758.16
2004-07-08,SAR,KRW,reference,307.66
2004-07-08,SEK,KRW,reference,155.44
2004-07-08,SGD,KRW,reference,675.67
2004-07-08,THB,KRW,reference,28.31
2004-07-08,USD,KRW,reference,1153.8
2004-07-09,AED,KRW,reference,313.15
2004-07-09,AUD,KRW,reference,830.16
2004-07-09,BHD,KRW,reference,3051.33
2004-07-09,CAD,KRW,reference,873.05
2004-07-09,CHF,KRW,reference,939.28
2004-07-09,CNY,KRW,reference,138.97
2004-07-09,DKK,KRW,reference,191.7
2004-07-09,EUR,KRW,reference,1425.39
2004-07-09,GBP,KRW,reference,2129.31
2004-07-09,HKD,KRW,reference,147.48
2004-07-09,IDR,KRW,reference,0.1281
2004-07-09,JPY,KRW,reference,10.5654
2004-07-09,KWD,KRW,reference,3902.29
2004-07-09,MYR,KRW,reference,302.68
2004-07-09,NOK,KRW,reference,168.27
2004-07-09,NZD,KRW,reference,754.3
2004-07-09,SAR,KRW,reference,306.7
2004-07-09,SEK,KRW,reference,155.16
2004-07-09,SGD,KRW,reference,674.21
2004-07-09,THB,KRW,reference,28.21
2004-07-09,USD,KRW,reference,1150.2
2004-07-12,AED,KRW,reference,313.29
2004-07-12,AUD,KRW,reference,834.78
2004-07-12,BHD,KRW,reference,3052.66
2004-07-12,CAD,KRW,reference,872.83
2004-07-12,CHF,KRW,reference,940.92
2004-07-12,CNY,KRW,reference,139.03
2004-07-12,DKK,KRW,reference,192.11
2004-07-12,EUR,KRW,reference,1427.79
2004-07-12,GBP,KRW,reference,2141.97
2004-07-12,HKD,KRW,reference,147.54
2004-07-12,IDR,KRW,reference,0.1292
2004-07-12,JPY,KRW,reference,10.6927
2004-07-12,KWD,KRW,reference,3903.32
2004-07-12,MYR,KRW,reference,302.82
2004-07-12,NOK,KRW,reference,168.88
2004-07-12,NZD,KRW,reference,756.41
2004-07-12,SAR,KRW,reference,306.83
2004-07-12,SEK,KRW,reference,155.44
2004-07-12,SGD,KRW,reference,676.07
2004-07-12,THB,KRW,reference,28.26
2004-07-12,USD,KRW,reference,1150.7
2004-07-13,AED,KRW,reference,312.39
2004-07-13,AUD,KRW,reference,834.45
2004-07-13,BHD,KRW,reference,3043.1
2004-07-13,CAD,KRW,reference,870.76
2004-07-13,CHF,KRW,reference,936.35
2004-07-13,CNY,KRW,reference,138.63
2004-07-13,DKK,KRW,reference,191.49
2004-07-13,EUR,KRW,reference,1423.46
2004-07-13,GBP,KRW,reference,2135.71
2004-07-13,HKD,KRW,reference,147.11
2004-07-13,IDR,KRW,reference,0.1304
2004-07-13,JPY,KRW,reference,10.5927
2004-07-13,KWD,KRW,reference,3892.79
2004-07-13,MYR,KRW,reference,301.95
2004-07-13,NOK,KRW,reference,168.22
2004-07-13,NZD,KRW,reference,758.78
2004-07-13,SAR,KRW,reference,305.93
2004-07-13,SEK,KRW,reference,154.59
2004-07-13,SGD,KRW,reference,676.63
2004-07-13,THB,KRW,reference,28.22
2004-07-13,USD,KRW,reference,1147.4
2004-07-14,AED,KRW,reference,313.01
2004-07-14,AUD,KRW,reference,832.56
2004-07-14,BHD,KRW,reference,3049.2
2004-07-14,CAD,KRW,reference,871.48
2004-07-14,CHF,KRW,reference,930.1
2004-07-14,CNY,KRW,reference,138.91
2004-07-14,DKK,KRW,reference,190.65
2004-07-14,EUR,KRW,reference,1417.81
2004-07-14,GBP,KRW,reference,2136.43
2004-07-14,HKD,KRW,reference,147.4
2004-07-14,IDR,KRW,reference,0.1288
2004-07-14,JPY,KRW,reference,10.5997
2004-07-14,KWD,KRW,reference,3899.8
2004-07-14,MYR,KRW,reference,302.55
2004-07-14,NOK,KRW,reference,166.8
2004-07-14,NZD,KRW,reference,755.7
2004-07-14,SAR,KRW,reference,306.55
2004-07-14,SEK,KRW,reference,153.88
2004-07-14,SGD,KRW,reference,676.08
2004-07-14,THB,KRW,reference,28.23
2004-07-14,USD,KRW,reference,1149.7
2004-07-15,AED,KRW,reference,313.34
2004-07-15,AUD,KRW,reference,834.69
2004-07-15,BHD,KRW,reference,3053.19
2004-07-15,CAD,KRW,reference,869.98
2004-07-15,CHF,KRW,reference,935.84
2004-07-15,CNY,KRW,reference,139.05
2004-07-15,DKK,KRW,reference,191.69
2004-07-15,EUR,KRW,reference,1424.87
2004-07-15,GBP,KRW,reference,2135.9
2004-07-15,HKD,KRW,reference,147.55
2004-07-15,IDR,KRW,reference,0.1285
2004-07-15,JPY,KRW,reference,10.540799999999999
2004-07-15,KWD,KRW,reference,3904
2004-07-15,MYR,KRW,reference,302.87
2004-07-15,NOK,KRW,reference,167.19
2004-07-15,NZD,KRW,reference,751.08
2004-07-15,SAR,KRW,reference,306.88
2004-07-15,SEK,KRW,reference,154.93
2004-07-15,SGD,KRW,reference,675.99
2004-07-15,THB,KRW,reference,28.24
2004-07-15,USD,KRW,reference,1150.9
2004-07-16,AED,KRW,reference,315.46
2004-07-16,AUD,KRW,reference,836.29
2004-07-16,BHD,KRW,reference,3073.07
2004-07-16,CAD,KRW,reference,875.18
2004-07-16,CHF,KRW,reference,936.89
2004-07-16,CNY,KRW,reference,140
2004-07-16,DKK,KRW,reference,192.55
2004-07-16,EUR,KRW,reference,1431.52
2004-07-16,GBP,KRW,reference,2146.32
2004-07-16,HKD,KRW,reference,148.55
2004-07-16,IDR,KRW,reference,0.1292
2004-07-16,JPY,KRW,reference,10.5581
2004-07-16,KWD,KRW,reference,3930.33
2004-07-16,MYR,KRW,reference,304.92
2004-07-16,NOK,KRW,reference,168.82
2004-07-16,NZD,KRW,reference,753.68
2004-07-16,SAR,KRW,reference,308.96
2004-07-16,SEK,KRW,reference,155.7
2004-07-16,SGD,KRW,reference,678.85
2004-07-16,THB,KRW,reference,28.39
2004-07-16,USD,KRW,reference,1158.7
2004-07-19,AED,KRW,reference,317.67
2004-07-19,AUD,KRW,reference,856.49
2004-07-19,BHD,KRW,reference,3095.37
2004-07-19,CAD,KRW,reference,890.01
2004-07-19,CHF,KRW,reference,953.07
2004-07-19,CNY,KRW,reference,140.98
2004-07-19,DKK,KRW,reference,195.41
2004-07-19,EUR,KRW,reference,1453.83
2004-07-19,GBP,KRW,reference,2189.21
2004-07-19,HKD,KRW,reference,149.61
2004-07-19,IDR,KRW,reference,0.131
2004-07-19,JPY,KRW,reference,10.7282
2004-07-19,KWD,KRW,reference,3957.94
2004-07-19,MYR,KRW,reference,307.05
2004-07-19,NOK,KRW,reference,171.05
2004-07-19,NZD,KRW,reference,768.34
2004-07-19,SAR,KRW,reference,311.12
2004-07-19,SEK,KRW,reference,158.01
2004-07-19,SGD,KRW,reference,686.41
2004-07-19,THB,KRW,reference,28.61
2004-07-19,USD,KRW,reference,1166.8
2004-07-20,AED,KRW,reference,315.33
2004-07-20,AUD,KRW,reference,849.83
2004-07-20,BHD,KRW,reference,3072.56
2004-07-20,CAD,KRW,reference,885.91
2004-07-20,CHF,KRW,reference,942.01
2004-07-20,CNY,KRW,reference,139.94
2004-07-20,DKK,KRW,reference,193.77
2004-07-20,EUR,KRW,reference,1440.28
2004-07-20,GBP,KRW,reference,2162.88
2004-07-20,HKD,KRW,reference,148.49
2004-07-20,IDR,KRW,reference,0.1292
2004-07-20,JPY,KRW,reference,10.689400000000001
2004-07-20,KWD,KRW,reference,3930.1
2004-07-20,MYR,KRW,reference,304.79
2004-07-20,NOK,KRW,reference,169.52
2004-07-20,NZD,KRW,reference,759.14
2004-07-20,SAR,KRW,reference,308.83
2004-07-20,SEK,KRW,reference,156.63
2004-07-20,SGD,KRW,reference,681.39
2004-07-20,THB,KRW,reference,28.41
2004-07-20,USD,KRW,reference,1158.2
2004-07-21,AED,KRW,reference,316.39
2004-07-21,AUD,KRW,reference,847.11
2004-07-21,BHD,KRW,reference,3082.9
2004-07-21,CAD,KRW,reference,884.77
2004-07-21,CHF,KRW,reference,934.35
2004-07-21,CNY,KRW,reference,140.41
2004-07-21,DKK,KRW,reference,192.73
2004-07-21,EUR,KRW,reference,1433.16
2004-07-21,GBP,KRW,reference,2152.96
2004-07-21,HKD,KRW,reference,148.99
2004-07-21,IDR,KRW,reference,0.1295
2004-07-21,JPY,KRW,reference,10.7027
2004-07-21,KWD,KRW,reference,3939.86
2004-07-21,MYR,KRW,reference,305.82
2004-07-21,NOK,KRW,reference,168.92
2004-07-21,NZD,KRW,reference,758.62
2004-07-21,SAR,KRW,reference,309.87
2004-07-21,SEK,KRW,reference,155.76
2004-07-21,SGD,KRW,reference,681.18
2004-07-21,THB,KRW,reference,28.45
2004-07-21,USD,KRW,reference,1162.1
2004-07-22,AED,KRW,reference,315.55
2004-07-22,AUD,KRW,reference,827.82
2004-07-22,BHD,KRW,reference,3074.68
2004-07-22,CAD,KRW,reference,876.54
2004-07-22,CHF,KRW,reference,927.27
2004-07-22,CNY,KRW,reference,140.03
2004-07-22,DKK,KRW,reference,191.07
2004-07-22,EUR,KRW,reference,1420.76
2004-07-22,GBP,KRW,reference,2131.34
2004-07-22,HKD,KRW,reference,148.59
2004-07-22,IDR,KRW,reference,0.1285
2004-07-22,JPY,KRW,reference,10.5464
2004-07-22,KWD,KRW,reference,3931.48
2004-07-22,MYR,KRW,reference,305
2004-07-22,NOK,KRW,reference,167.27
2004-07-22,NZD,KRW,reference,742.92
2004-07-22,SAR,KRW,reference,309.04
2004-07-22,SEK,KRW,reference,154.44
2004-07-22,SGD,KRW,reference,676.1
2004-07-22,THB,KRW,reference,28.22
2004-07-22,USD,KRW,reference,1159
2004-07-23,AED,KRW,reference,316.96
2004-07-23,AUD,KRW,reference,833.28
2004-07-23,BHD,KRW,reference,3087.65
2004-07-23,CAD,KRW,reference,884.08
2004-07-23,CHF,KRW,reference,932.37
2004-07-23,CNY,KRW,reference,140.66
2004-07-23,DKK,KRW,reference,191.84
2004-07-23,EUR,KRW,reference,1426.84
2004-07-23,GBP,KRW,reference,2147.25
2004-07-23,HKD,KRW,reference,149.26
2004-07-23,IDR,KRW,reference,0.12869999999999998
2004-07-23,JPY,KRW,reference,10.6174
2004-07-23,KWD,KRW,reference,3949.12
2004-07-23,MYR,KRW,reference,306.37
2004-07-23,NOK,KRW,reference,168.03
2004-07-23,NZD,KRW,reference,747.65
2004-07-23,SAR,KRW,reference,310.43
2004-07-23,SEK,KRW,reference,155.29
2004-07-23,SGD,KRW,reference,678.42
2004-07-23,THB,KRW,reference,28.42
2004-07-23,USD,KRW,reference,1164.2
2004-07-26,AED,KRW,reference,317.07
2004-07-26,AUD,KRW,reference,824.83
2004-07-26,BHD,KRW,reference,3088.72
2004-07-26,CAD,KRW,reference,881.67
2004-07-26,CHF,KRW,reference,919.91
2004-07-26,CNY,KRW,reference,140.71
2004-07-26,DKK,KRW,reference,189.54
2004-07-26,EUR,KRW,reference,1410.45
2004-07-26,GBP,KRW,reference,2134.83
2004-07-26,HKD,KRW,reference,149.31
2004-07-26,IDR,KRW,reference,0.1283
2004-07-26,JPY,KRW,reference,10.5738
2004-07-26,KWD,KRW,reference,3950.34
2004-07-26,MYR,KRW,reference,306.47
2004-07-26,NOK,KRW,reference,165.5
2004-07-26,NZD,KRW,reference,740.39
2004-07-26,SAR,KRW,reference,310.54
2004-07-26,SEK,KRW,reference,153.18
2004-07-26,SGD,KRW,reference,675.33
2004-07-26,THB,KRW,reference,28.37
2004-07-26,USD,KRW,reference,1164.6
2004-07-27,AED,KRW,reference,316.5
2004-07-27,AUD,KRW,reference,825.55
2004-07-27,BHD,KRW,reference,3083.15
2004-07-27,CAD,KRW,reference,872.88
2004-07-27,CHF,KRW,reference,918.57
2004-07-27,CNY,KRW,reference,140.45
2004-07-27,DKK,KRW,reference,189.87
2004-07-27,EUR,KRW,reference,1410.23
2004-07-27,GBP,KRW,reference,2138.83
2004-07-27,HKD,KRW,reference,149.04
2004-07-27,IDR,KRW,reference,0.1273
2004-07-27,JPY,KRW,reference,10.573900000000002
2004-07-27,KWD,KRW,reference,3943.35
2004-07-27,MYR,KRW,reference,305.92
2004-07-27,NOK,KRW,reference,166.41
2004-07-27,NZD,KRW,reference,739.64
2004-07-27,SAR,KRW,reference,309.98
2004-07-27,SEK,KRW,reference,153.39
2004-07-27,SGD,KRW,reference,674.79
2004-07-27,THB,KRW,reference,28.2
2004-07-27,USD,KRW,reference,1162.5
2004-07-28,AED,KRW,reference,316.88
2004-07-28,AUD,KRW,reference,815.37
2004-07-28,BHD,KRW,reference,3086.86
2004-07-28,CAD,KRW,reference,874.03
2004-07-28,CHF,KRW,reference,912.5
2004-07-28,CNY,KRW,reference,140.62
2004-07-28,DKK,KRW,reference,188.76
2004-07-28,EUR,KRW,reference,1403.43
2004-07-28,GBP,KRW,reference,2121.03
2004-07-28,HKD,KRW,reference,149.22
2004-07-28,IDR,KRW,reference,0.1283
2004-07-28,JPY,KRW,reference,10.4979
2004-07-28,KWD,KRW,reference,3948.1
2004-07-28,MYR,KRW,reference,306.29
2004-07-28,NOK,KRW,reference,165.21
2004-07-28,NZD,KRW,reference,731.16
2004-07-28,SAR,KRW,reference,310.35
2004-07-28,SEK,KRW,reference,152.34
2004-07-28,SGD,KRW,reference,674.72
2004-07-28,THB,KRW,reference,28.2
2004-07-28,USD,KRW,reference,1163.9
2004-07-29,AED,KRW,reference,318.05
2004-07-29,AUD,KRW,reference,814.06
2004-07-29,BHD,KRW,reference,3098.26
2004-07-29,CAD,KRW,reference,877.95
2004-07-29,CHF,KRW,reference,914.55
2004-07-29,CNY,KRW,reference,141.14
2004-07-29,DKK,KRW,reference,189.31
2004-07-29,EUR,KRW,reference,1406.69
2004-07-29,GBP,KRW,reference,2129.34
2004-07-29,HKD,KRW,reference,149.77
2004-07-29,IDR,KRW,reference,0.1282
2004-07-29,JPY,KRW,reference,10.4504
2004-07-29,KWD,KRW,reference,3962.69
2004-07-29,MYR,KRW,reference,307.42
2004-07-29,NOK,KRW,reference,166.68
2004-07-29,NZD,KRW,reference,734.68
2004-07-29,SAR,KRW,reference,311.5
2004-07-29,SEK,KRW,reference,152.62
2004-07-29,SGD,KRW,reference,675.92
2004-07-29,THB,KRW,reference,28.18
2004-07-29,USD,KRW,reference,1168.2
2004-07-30,AED,KRW,reference,318.08
2004-07-30,AUD,KRW,reference,816.12
2004-07-30,BHD,KRW,reference,3098.53
2004-07-30,CAD,KRW,reference,881.84
2004-07-30,CHF,KRW,reference,911.7
2004-07-30,CNY,KRW,reference,141.15
2004-07-30,DKK,KRW,reference,189.17
2004-07-30,EUR,KRW,reference,1405.76
2004-07-30,GBP,KRW,reference,2123.44
2004-07-30,HKD,KRW,reference,149.79
2004-07-30,IDR,KRW,reference,0.1273
2004-07-30,JPY,KRW,reference,10.415899999999999
2004-07-30,KWD,KRW,reference,3963.03
2004-07-30,MYR,KRW,reference,307.45
2004-07-30,NOK,KRW,reference,166.35
2004-07-30,NZD,KRW,reference,741.05
2004-07-30,SAR,KRW,reference,311.52
2004-07-30,SEK,KRW,reference,152.17
2004-07-30,SGD,KRW,reference,677.49
2004-07-30,THB,KRW,reference,28.25
2004-07-30,USD,KRW,reference,1168.3
2004-08-02,AED,KRW,reference,318.89
2004-08-02,AUD,KRW,reference,823.95
2004-08-02,BHD,KRW,reference,3106.48
2004-08-02,CAD,KRW,reference,880.84
2004-08-02,CHF,KRW,reference,917.95
2004-08-02,CNY,KRW,reference,141.51
2004-08-02,DKK,KRW,reference,189.38
2004-08-02,EUR,KRW,reference,1411.77
2004-08-02,GBP,KRW,reference,2133.7
2004-08-02,HKD,KRW,reference,150.17
2004-08-02,IDR,KRW,reference,0.1283
2004-08-02,JPY,KRW,reference,10.5366
2004-08-02,KWD,KRW,reference,3973.2
2004-08-02,MYR,KRW,reference,308.24
2004-08-02,NOK,KRW,reference,166.89
2004-08-02,NZD,KRW,reference,745.36
2004-08-02,SAR,KRW,reference,312.32
2004-08-02,SEK,KRW,reference,152.6
2004-08-02,SGD,KRW,reference,681.64
2004-08-02,THB,KRW,reference,28.36
2004-08-02,USD,KRW,reference,1171.3
2004-08-03,AED,KRW,reference,317.56
2004-08-03,AUD,KRW,reference,818.11
2004-08-03,BHD,KRW,reference,3093.49
2004-08-03,CAD,KRW,reference,875.64
2004-08-03,CHF,KRW,reference,911.14
2004-08-03,CNY,KRW,reference,140.92
2004-08-03,DKK,KRW,reference,188.75
2004-08-03,EUR,KRW,reference,1401.95
2004-08-03,GBP,KRW,reference,2127.34
2004-08-03,HKD,KRW,reference,149.55
2004-08-03,IDR,KRW,reference,0.1278
2004-08-03,JPY,KRW,reference,10.5204
2004-08-03,KWD,KRW,reference,3956.58
2004-08-03,MYR,KRW,reference,306.95
2004-08-03,NOK,KRW,reference,166.41
2004-08-03,NZD,KRW,reference,747.31
2004-08-03,SAR,KRW,reference,311.02
2004-08-03,SEK,KRW,reference,152.2
2004-08-03,SGD,KRW,reference,679.62
2004-08-03,THB,KRW,reference,28.25
2004-08-03,USD,KRW,reference,1166.4
2004-08-04,AED,KRW,reference,316.74
2004-08-04,AUD,KRW,reference,821.19
2004-08-04,BHD,KRW,reference,3085.53
2004-08-04,CAD,KRW,reference,882.73
2004-08-04,CHF,KRW,reference,909.44
2004-08-04,CNY,KRW,reference,140.56
2004-08-04,DKK,KRW,reference,188.55
2004-08-04,EUR,KRW,reference,1402.13
2004-08-04,GBP,KRW,reference,2122.33
2004-08-04,HKD,KRW,reference,149.16
2004-08-04,IDR,KRW,reference,0.1268
2004-08-04,JPY,KRW,reference,10.513800000000002
2004-08-04,KWD,KRW,reference,3946.4
2004-08-04,MYR,KRW,reference,306.16
2004-08-04,NOK,KRW,reference,166.32
2004-08-04,NZD,KRW,reference,753.24
2004-08-04,SAR,KRW,reference,310.22
2004-08-04,SEK,KRW,reference,152.33
2004-08-04,SGD,KRW,reference,676.61
2004-08-04,THB,KRW,reference,28.15
2004-08-04,USD,KRW,reference,1163.4
2004-08-05,AED,KRW,reference,317.23
2004-08-05,AUD,KRW,reference,821.87
2004-08-05,BHD,KRW,reference,3090.31
2004-08-05,CAD,KRW,reference,886.05
2004-08-05,CHF,KRW,reference,913.7
2004-08-05,CNY,KRW,reference,140.78
2004-08-05,DKK,KRW,reference,188.77
2004-08-05,EUR,KRW,reference,1404.82
2004-08-05,GBP,KRW,reference,2127.01
2004-08-05,HKD,KRW,reference,149.39
2004-08-05,IDR,KRW,reference,0.1266
2004-08-05,JPY,KRW,reference,10.495899999999999
2004-08-05,KWD,KRW,reference,3952.51
2004-08-05,MYR,KRW,reference,306.63
2004-08-05,NOK,KRW,reference,167.12
2004-08-05,NZD,KRW,reference,751.55
2004-08-05,SAR,KRW,reference,310.7
2004-08-05,SEK,KRW,reference,152.3
2004-08-05,SGD,KRW,reference,676.56
2004-08-05,THB,KRW,reference,28.12
2004-08-05,USD,KRW,reference,1165.2
2004-08-06,AED,KRW,reference,316.99
2004-08-06,AUD,KRW,reference,817.22
2004-08-06,BHD,KRW,reference,3087.92
2004-08-06,CAD,KRW,reference,883.48
2004-08-06,CHF,KRW,reference,913.14
2004-08-06,CNY,KRW,reference,140.67
2004-08-06,DKK,KRW,reference,188.98
2004-08-06,EUR,KRW,reference,1403.8
2004-08-06,GBP,KRW,reference,2123.86
2004-08-06,HKD,KRW,reference,149.28
2004-08-06,IDR,KRW,reference,0.1268
2004-08-06,JPY,KRW,reference,10.4211
2004-08-06,KWD,KRW,reference,3949.46
2004-08-06,MYR,KRW,reference,306.39
2004-08-06,NOK,KRW,reference,168.34
2004-08-06,NZD,KRW,reference,750.16
2004-08-06,SAR,KRW,reference,310.46
2004-08-06,SEK,KRW,reference,152.82
2004-08-06,SGD,KRW,reference,675.45
2004-08-06,THB,KRW,reference,28.1
2004-08-06,USD,KRW,reference,1164.3
2004-08-09,AED,KRW,reference,317.42
2004-08-09,AUD,KRW,reference,830.65
2004-08-09,BHD,KRW,reference,3092.16
2004-08-09,CAD,KRW,reference,888.07
2004-08-09,CHF,KRW,reference,931.12
2004-08-09,CNY,KRW,reference,140.86
2004-08-09,DKK,KRW,reference,192.57
2004-08-09,EUR,KRW,reference,1430.85
2004-08-09,GBP,KRW,reference,2147.3
2004-08-09,HKD,KRW,reference,149.55
2004-08-09,IDR,KRW,reference,0.1272
2004-08-09,JPY,KRW,reference,10.5459
2004-08-09,KWD,KRW,reference,3954.88
2004-08-09,MYR,KRW,reference,306.82
2004-08-09,NOK,KRW,reference,171.55
2004-08-09,NZD,KRW,reference,760.52
2004-08-09,SAR,KRW,reference,310.88
2004-08-09,SEK,KRW,reference,155.89
2004-08-09,SGD,KRW,reference,678.7
2004-08-09,THB,KRW,reference,28.21
2004-08-09,USD,KRW,reference,1165.9
2004-08-10,AED,KRW,reference,315
2004-08-10,AUD,KRW,reference,827.31
2004-08-10,BHD,KRW,reference,3068.56
2004-08-10,CAD,KRW,reference,878.21
2004-08-10,CHF,KRW,reference,923.13
2004-08-10,CNY,KRW,reference,139.79
2004-08-10,DKK,KRW,reference,191.01
2004-08-10,EUR,KRW,reference,1419.87
2004-08-10,GBP,KRW,reference,2129.4
2004-08-10,HKD,KRW,reference,148.36
2004-08-10,IDR,KRW,reference,0.1261
2004-08-10,JPY,KRW,reference,10.4559
2004-08-10,KWD,KRW,reference,3924.69
2004-08-10,MYR,KRW,reference,304.47
2004-08-10,NOK,KRW,reference,171.19
2004-08-10,NZD,KRW,reference,755.52
2004-08-10,SAR,KRW,reference,308.51
2004-08-10,SEK,KRW,reference,154.57
2004-08-10,SGD,KRW,reference,674.14
2004-08-10,THB,KRW,reference,27.95
2004-08-10,USD,KRW,reference,1157
2004-08-11,AED,KRW,reference,314.65
2004-08-11,AUD,KRW,reference,823.55
2004-08-11,BHD,KRW,reference,3065.11
2004-08-11,CAD,KRW,reference,874.4
2004-08-11,CHF,KRW,reference,915.77
2004-08-11,CNY,KRW,reference,139.63
2004-08-11,DKK,KRW,reference,190.13
2004-08-11,EUR,KRW,reference,1413.88
2004-08-11,GBP,KRW,reference,2112.5
2004-08-11,HKD,KRW,reference,148.2
2004-08-11,IDR,KRW,reference,0.12560000000000002
2004-08-11,JPY,KRW,reference,10.3878
2004-08-11,KWD,KRW,reference,3920.28
2004-08-11,MYR,KRW,reference,304.13
2004-08-11,NOK,KRW,reference,169.55
2004-08-11,NZD,KRW,reference,753.75
2004-08-11,SAR,KRW,reference,308.16
2004-08-11,SEK,KRW,reference,153.74
2004-08-11,SGD,KRW,reference,674.02
2004-08-11,THB,KRW,reference,27.91
2004-08-11,USD,KRW,reference,1155.7
2004-08-12,AED,KRW,reference,315.33
2004-08-12,AUD,KRW,reference,826.55
2004-08-12,BHD,KRW,reference,3071.74
2004-08-12,CAD,KRW,reference,873.88
2004-08-12,CHF,KRW,reference,917.9
2004-08-12,CNY,KRW,reference,139.93
2004-08-12,DKK,KRW,reference,190.27
2004-08-12,EUR,KRW,reference,1415.15
2004-08-12,GBP,KRW,reference,2120.9
2004-08-12,HKD,KRW,reference,148.51
2004-08-12,IDR,KRW,reference,0.125
2004-08-12,JPY,KRW,reference,10.4488
2004-08-12,KWD,KRW,reference,3928.77
2004-08-12,MYR,KRW,reference,304.79
2004-08-12,NOK,KRW,reference,170.21
2004-08-12,NZD,KRW,reference,758.27
2004-08-12,SAR,KRW,reference,308.83
2004-08-12,SEK,KRW,reference,153.7
2004-08-12,SGD,KRW,reference,676.42
2004-08-12,THB,KRW,reference,27.9
2004-08-12,USD,KRW,reference,1158.2
2004-08-13,AED,KRW,reference,315.49
2004-08-13,AUD,KRW,reference,827.56
2004-08-13,BHD,KRW,reference,3073.33
2004-08-13,CAD,KRW,reference,870.39
2004-08-13,CHF,KRW,reference,922.39
2004-08-13,CNY,KRW,reference,140
2004-08-13,DKK,KRW,reference,190.87
2004-08-13,EUR,KRW,reference,1419.12
2004-08-13,GBP,KRW,reference,2113.36
2004-08-13,HKD,KRW,reference,148.59
2004-08-13,IDR,KRW,reference,0.1255
2004-08-13,JPY,KRW,reference,10.451400000000001
2004-08-13,KWD,KRW,reference,3930.8
2004-08-13,MYR,KRW,reference,304.95
2004-08-13,NOK,KRW,reference,170.93
2004-08-13,NZD,KRW,reference,762.61
2004-08-13,SAR,KRW,reference,308.99
2004-08-13,SEK,KRW,reference,154.19
2004-08-13,SGD,KRW,reference,675.51
2004-08-13,THB,KRW,reference,27.92
2004-08-13,USD,KRW,reference,1158.8
2004-08-16,AED,KRW,reference,316.42
2004-08-16,AUD,KRW,reference,833.59
2004-08-16,BHD,KRW,reference,3082.35
2004-08-16,CAD,KRW,reference,887.68
2004-08-16,CHF,KRW,reference,938.43
2004-08-16,CNY,KRW,reference,140.42
2004-08-16,DKK,KRW,reference,193.35
2004-08-16,EUR,KRW,reference,1438.22
2004-08-16,GBP,KRW,reference,2142.17
2004-08-16,HKD,KRW,reference,149.02
2004-08-16,IDR,KRW,reference,0.1258
2004-08-16,JPY,KRW,reference,10.5067
2004-08-16,KWD,KRW,reference,3942.33
2004-08-16,MYR,KRW,reference,305.84
2004-08-16,NOK,KRW,reference,173.75
2004-08-16,NZD,KRW,reference,773.91
2004-08-16,SAR,KRW,reference,309.9
2004-08-16,SEK,KRW,reference,155.84
2004-08-16,SGD,KRW,reference,678.42
2004-08-16,THB,KRW,reference,27.99
2004-08-16,USD,KRW,reference,1162.2
2004-08-17,AED,KRW,reference,315.16
2004-08-17,AUD,KRW,reference,831.21
2004-08-17,BHD,KRW,reference,3070.15
2004-08-17,CAD,KRW,reference,885.66
2004-08-17,CHF,KRW,reference,932.98
2004-08-17,CNY,KRW,reference,139.86
2004-08-17,DKK,KRW,reference,192.39
2004-08-17,EUR,KRW,reference,1430.62
2004-08-17,GBP,KRW,reference,2131.43
2004-08-17,HKD,KRW,reference,148.42
2004-08-17,IDR,KRW,reference,0.12480000000000001
2004-08-17,JPY,KRW,reference,10.4822
2004-08-17,KWD,KRW,reference,3926.73
2004-08-17,MYR,KRW,reference,304.63
2004-08-17,NOK,KRW,reference,173.04
2004-08-17,NZD,KRW,reference,771.08
2004-08-17,SAR,KRW,reference,308.67
2004-08-17,SEK,KRW,reference,155.04
2004-08-17,SGD,KRW,reference,675.22
2004-08-17,THB,KRW,reference,27.88
2004-08-17,USD,KRW,reference,1157.6
2004-08-18,AED,KRW,reference,315.22
2004-08-18,AUD,KRW,reference,828.23
2004-08-18,BHD,KRW,reference,3070.68
2004-08-18,CAD,KRW,reference,885.64
2004-08-18,CHF,KRW,reference,930.22
2004-08-18,CNY,KRW,reference,139.89
2004-08-18,DKK,KRW,reference,192.39
2004-08-18,EUR,KRW,reference,1429.13
2004-08-18,GBP,KRW,reference,2116.23
2004-08-18,HKD,KRW,reference,148.44
2004-08-18,IDR,KRW,reference,0.12480000000000001
2004-08-18,JPY,KRW,reference,10.5278
2004-08-18,KWD,KRW,reference,3927.41
2004-08-18,MYR,KRW,reference,304.68
2004-08-18,NOK,KRW,reference,172.62
2004-08-18,NZD,KRW,reference,768.66
2004-08-18,SAR,KRW,reference,308.72
2004-08-18,SEK,KRW,reference,155.1
2004-08-18,SGD,KRW,reference,675.99
2004-08-18,THB,KRW,reference,27.91
2004-08-18,USD,KRW,reference,1157.8
2004-08-19,AED,KRW,reference,315.19
2004-08-19,AUD,KRW,reference,828.62
2004-08-19,BHD,KRW,reference,3070.42
2004-08-19,CAD,KRW,reference,888.83
2004-08-19,CHF,KRW,reference,930.1
2004-08-19,CNY,KRW,reference,139.87
2004-08-19,DKK,KRW,reference,192.11
2004-08-19,EUR,KRW,reference,1428.31
2004-08-19,GBP,KRW,reference,2110.54
2004-08-19,HKD,KRW,reference,148.43
2004-08-19,IDR,KRW,reference,0.1249
2004-08-19,JPY,KRW,reference,10.5798
2004-08-19,KWD,KRW,reference,3926.94
2004-08-19,MYR,KRW,reference,304.66
2004-08-19,NOK,KRW,reference,171.73
2004-08-19,NZD,KRW,reference,768.71
2004-08-19,SAR,KRW,reference,308.7
2004-08-19,SEK,KRW,reference,154.86
2004-08-19,SGD,KRW,reference,676.21
2004-08-19,THB,KRW,reference,27.9
2004-08-19,USD,KRW,reference,1157.7
2004-08-20,AED,KRW,reference,314.7
2004-08-20,AUD,KRW,reference,837.62
2004-08-20,BHD,KRW,reference,3065.64
2004-08-20,CAD,KRW,reference,891.04
2004-08-20,CHF,KRW,reference,929.67
2004-08-20,CNY,KRW,reference,139.66
2004-08-20,DKK,KRW,reference,192.3
2004-08-20,EUR,KRW,reference,1429.73
2004-08-20,GBP,KRW,reference,2117.55
2004-08-20,HKD,KRW,reference,148.2
2004-08-20,IDR,KRW,reference,0.125
2004-08-20,JPY,KRW,reference,10.5692
2004-08-20,KWD,KRW,reference,3920.96
2004-08-20,MYR,KRW,reference,304.18
2004-08-20,NOK,KRW,reference,172.98
2004-08-20,NZD,KRW,reference,777.17
2004-08-20,SAR,KRW,reference,308.22
2004-08-20,SEK,KRW,reference,155.28
2004-08-20,SGD,KRW,reference,676.06
2004-08-20,THB,KRW,reference,27.9
2004-08-20,USD,KRW,reference,1155.9
2004-08-23,AED,KRW,reference,314.35
2004-08-23,AUD,KRW,reference,834.26
2004-08-23,BHD,KRW,reference,3062.19
2004-08-23,CAD,KRW,reference,889.11
2004-08-23,CHF,KRW,reference,922.57
2004-08-23,CNY,KRW,reference,139.5
2004-08-23,DKK,KRW,reference,191.12
2004-08-23,EUR,KRW,reference,1421.66
2004-08-23,GBP,KRW,reference,2099.64
2004-08-23,HKD,KRW,reference,148.03
2004-08-23,IDR,KRW,reference,0.1252
2004-08-23,JPY,KRW,reference,10.5704
2004-08-23,KWD,KRW,reference,3920.14
2004-08-23,MYR,KRW,reference,303.84
2004-08-23,NOK,KRW,reference,171.91
2004-08-23,NZD,KRW,reference,775.78
2004-08-23,SAR,KRW,reference,307.87
2004-08-23,SEK,KRW,reference,154.63
2004-08-23,SGD,KRW,reference,676.23
2004-08-23,THB,KRW,reference,27.86
2004-08-23,USD,KRW,reference,1154.6
2004-08-24,AED,KRW,reference,313.86
2004-08-24,AUD,KRW,reference,821.54
2004-08-24,BHD,KRW,reference,3057.42
2004-08-24,CAD,KRW,reference,881.88
2004-08-24,CHF,KRW,reference,908.47
2004-08-24,CNY,KRW,reference,139.28
2004-08-24,DKK,KRW,reference,188.23
2004-08-24,EUR,KRW,reference,1400.13
2004-08-24,GBP,KRW,reference,2084.09
2004-08-24,HKD,KRW,reference,147.8
2004-08-24,IDR,KRW,reference,0.1243
2004-08-24,JPY,KRW,reference,10.492899999999999
2004-08-24,KWD,KRW,reference,3911.38
2004-08-24,MYR,KRW,reference,303.37
2004-08-24,NOK,KRW,reference,169.33
2004-08-24,NZD,KRW,reference,763.61
2004-08-24,SAR,KRW,reference,307.37
2004-08-24,SEK,KRW,reference,152.61
2004-08-24,SGD,KRW,reference,673.58
2004-08-24,THB,KRW,reference,27.8
2004-08-24,USD,KRW,reference,1152.8
2004-08-25,AED,KRW,reference,314.38
2004-08-25,AUD,KRW,reference,814.81
2004-08-25,BHD,KRW,reference,3062.46
2004-08-25,CAD,KRW,reference,883.95
2004-08-25,CHF,KRW,reference,907.82
2004-08-25,CNY,KRW,reference,139.51
2004-08-25,DKK,KRW,reference,187.6
2004-08-25,EUR,KRW,reference,1394.76
2004-08-25,GBP,KRW,reference,2069.11
2004-08-25,HKD,KRW,reference,148.04
2004-08-25,IDR,KRW,reference,0.12480000000000001
2004-08-25,JPY,KRW,reference,10.5255
2004-08-25,KWD,KRW,reference,3917.29
2004-08-25,MYR,KRW,reference,303.87
2004-08-25,NOK,KRW,reference,168.03
2004-08-25,NZD,KRW,reference,747.21
2004-08-25,SAR,KRW,reference,307.88
2004-08-25,SEK,KRW,reference,152.23
2004-08-25,SGD,KRW,reference,674.22
2004-08-25,THB,KRW,reference,27.86
2004-08-25,USD,KRW,reference,1154.7
2004-08-26,AED,KRW,reference,314.87
2004-08-26,AUD,KRW,reference,815.51
2004-08-26,BHD,KRW,reference,3067.23
2004-08-26,CAD,KRW,reference,885.94
2004-08-26,CHF,KRW,reference,907.84
2004-08-26,CNY,KRW,reference,139.73
2004-08-26,DKK,KRW,reference,188.03
2004-08-26,EUR,KRW,reference,1396.99
2004-08-26,GBP,KRW,reference,2075.63
2004-08-26,HKD,KRW,reference,148.27
2004-08-26,IDR,KRW,reference,0.12480000000000001
2004-08-26,JPY,KRW,reference,10.509300000000001
2004-08-26,KWD,KRW,reference,3923
2004-08-26,MYR,KRW,reference,304.34
2004-08-26,NOK,KRW,reference,167.84
2004-08-26,NZD,KRW,reference,751.9
2004-08-26,SAR,KRW,reference,308.38
2004-08-26,SEK,KRW,reference,152.62
2004-08-26,SGD,KRW,reference,675.92
2004-08-26,THB,KRW,reference,27.77
2004-08-26,USD,KRW,reference,1156.5
2004-08-27,AED,KRW,reference,314.67
2004-08-27,AUD,KRW,reference,813.05
2004-08-27,BHD,KRW,reference,3065.38
2004-08-27,CAD,KRW,reference,883.54
2004-08-27,CHF,KRW,reference,908.18
2004-08-27,CNY,KRW,reference,139.65
2004-08-27,DKK,KRW,reference,188.14
2004-08-27,EUR,KRW,reference,1398.58
2004-08-27,GBP,KRW,reference,2075.64
2004-08-27,HKD,KRW,reference,148.18
2004-08-27,IDR,KRW,reference,0.1243
2004-08-27,JPY,KRW,reference,10.5394
2004-08-27,KWD,KRW,reference,3921.02
2004-08-27,MYR,KRW,reference,304.16
2004-08-27,NOK,KRW,reference,167.58
2004-08-27,NZD,KRW,reference,753
2004-08-27,SAR,KRW,reference,308.19
2004-08-27,SEK,KRW,reference,153.09
2004-08-27,SGD,KRW,reference,674.43
2004-08-27,THB,KRW,reference,27.76
2004-08-27,USD,KRW,reference,1155.8
2004-08-30,AED,KRW,reference,313.72
2004-08-30,AUD,KRW,reference,809.78
2004-08-30,BHD,KRW,reference,3056.09
2004-08-30,CAD,KRW,reference,878.14
2004-08-30,CHF,KRW,reference,898.87
2004-08-30,CNY,KRW,reference,139.22
2004-08-30,DKK,KRW,reference,186.15
2004-08-30,EUR,KRW,reference,1384.26
2004-08-30,GBP,KRW,reference,2062.96
2004-08-30,HKD,KRW,reference,147.74
2004-08-30,IDR,KRW,reference,0.12380000000000001
2004-08-30,JPY,KRW,reference,10.505999999999998
2004-08-30,KWD,KRW,reference,3908.62
2004-08-30,MYR,KRW,reference,303.24
2004-08-30,NOK,KRW,reference,165.59
2004-08-30,NZD,KRW,reference,753.37
2004-08-30,SAR,KRW,reference,307.26
2004-08-30,SEK,KRW,reference,151.76
2004-08-30,SGD,KRW,reference,673.41
2004-08-30,THB,KRW,reference,27.72
2004-08-30,USD,KRW,reference,1152.3
2004-08-31,AED,KRW,reference,314.13
2004-08-31,AUD,KRW,reference,806.33
2004-08-31,BHD,KRW,reference,3060.07
2004-08-31,CAD,KRW,reference,875.12
2004-08-31,CHF,KRW,reference,901.27
2004-08-31,CNY,KRW,reference,139.4
2004-08-31,DKK,KRW,reference,187.07
2004-08-31,EUR,KRW,reference,1389.81
2004-08-31,GBP,KRW,reference,2070.67
2004-08-31,HKD,KRW,reference,147.92
2004-08-31,IDR,KRW,reference,0.12359999999999999
2004-08-31,JPY,KRW,reference,10.4848
2004-08-31,KWD,KRW,reference,3913.71
2004-08-31,MYR,KRW,reference,303.63
2004-08-31,NOK,KRW,reference,165.99
2004-08-31,NZD,KRW,reference,750.89
2004-08-31,SAR,KRW,reference,307.66
2004-08-31,SEK,KRW,reference,152.47
2004-08-31,SGD,KRW,reference,672.91
2004-08-31,THB,KRW,reference,27.71
2004-08-31,USD,KRW,reference,1153.8
2004-09-01,AED,KRW,reference,314.1
2004-09-01,AUD,KRW,reference,813.65
2004-09-01,BHD,KRW,reference,3059.81
2004-09-01,CAD,KRW,reference,878.91
2004-09-01,CHF,KRW,reference,911.3
2004-09-01,CNY,KRW,reference,139.39
2004-09-01,DKK,KRW,reference,188.93
2004-09-01,EUR,KRW,reference,1405.78
2004-09-01,GBP,KRW,reference,2079.89
2004-09-01,HKD,KRW,reference,147.91
2004-09-01,IDR,KRW,reference,0.1231
2004-09-01,JPY,KRW,reference,10.5834
2004-09-01,KWD,KRW,reference,3913.37
2004-09-01,MYR,KRW,reference,303.61
2004-09-01,NOK,KRW,reference,167.69
2004-09-01,NZD,KRW,reference,756.83
2004-09-01,SAR,KRW,reference,307.63
2004-09-01,SEK,KRW,reference,153.86
2004-09-01,SGD,KRW,reference,674.52
2004-09-01,THB,KRW,reference,27.75
2004-09-01,USD,KRW,reference,1153.7
2004-09-02,AED,KRW,reference,313.42
2004-09-02,AUD,KRW,reference,809.12
2004-09-02,BHD,KRW,reference,3053.99
2004-09-02,CAD,KRW,reference,880.69
2004-09-02,CHF,KRW,reference,913.47
2004-09-02,CNY,KRW,reference,139.09
2004-09-02,DKK,KRW,reference,188.61
2004-09-02,EUR,KRW,reference,1403.49
2004-09-02,GBP,KRW,reference,2064.91
2004-09-02,HKD,KRW,reference,147.59
2004-09-02,IDR,KRW,reference,0.12359999999999999
2004-09-02,JPY,KRW,reference,10.5262
2004-09-02,KWD,KRW,reference,3904.89
2004-09-02,MYR,KRW,reference,302.95
2004-09-02,NOK,KRW,reference,168.07
2004-09-02,NZD,KRW,reference,754.38
2004-09-02,SAR,KRW,reference,306.96
2004-09-02,SEK,KRW,reference,153.72
2004-09-02,SGD,KRW,reference,674.6
2004-09-02,THB,KRW,reference,27.69
2004-09-02,USD,KRW,reference,1151.2
2004-09-03,AED,KRW,reference,313.5
2004-09-03,AUD,KRW,reference,802.08
2004-09-03,BHD,KRW,reference,3053.97
2004-09-03,CAD,KRW,reference,886.01
2004-09-03,CHF,KRW,reference,912.91
2004-09-03,CNY,KRW,reference,139.13
2004-09-03,DKK,KRW,reference,188.43
2004-09-03,EUR,KRW,reference,1401.09
2004-09-03,GBP,KRW,reference,2063.2
2004-09-03,HKD,KRW,reference,147.69
2004-09-03,IDR,KRW,reference,0.1242
2004-09-03,JPY,KRW,reference,10.519300000000001
2004-09-03,KWD,KRW,reference,3906.7
2004-09-03,MYR,KRW,reference,303.03
2004-09-03,NOK,KRW,reference,168.52
2004-09-03,NZD,KRW,reference,747.32
2004-09-03,SAR,KRW,reference,307.04
2004-09-03,SEK,KRW,reference,153.64
2004-09-03,SGD,KRW,reference,676.42
2004-09-03,THB,KRW,reference,27.73
2004-09-03,USD,KRW,reference,1151.5
2004-09-06,AED,KRW,reference,312.77
2004-09-06,AUD,KRW,reference,793.88
2004-09-06,BHD,KRW,reference,3046.81
2004-09-06,CAD,KRW,reference,883.62
2004-09-06,CHF,KRW,reference,904.53
2004-09-06,CNY,KRW,reference,138.8
2004-09-06,DKK,KRW,reference,186.32
2004-09-06,EUR,KRW,reference,1386.08
2004-09-06,GBP,KRW,reference,2040.27
2004-09-06,HKD,KRW,reference,147.3
2004-09-06,IDR,KRW,reference,0.124
2004-09-06,JPY,KRW,reference,10.395
2004-09-06,KWD,KRW,reference,3896.88
2004-09-06,MYR,KRW,reference,302.32
2004-09-06,NOK,KRW,reference,166.47
2004-09-06,NZD,KRW,reference,742.7
2004-09-06,SAR,KRW,reference,306.32
2004-09-06,SEK,KRW,reference,151.75
2004-09-06,SGD,KRW,reference,674.06
2004-09-06,THB,KRW,reference,27.66
2004-09-06,USD,KRW,reference,1148.8
2004-09-07,AED,KRW,reference,313.86
2004-09-07,AUD,KRW,reference,798.6
2004-09-07,BHD,KRW,reference,3057.42
2004-09-07,CAD,KRW,reference,887.45
2004-09-07,CHF,KRW,reference,906.97
2004-09-07,CNY,KRW,reference,139.28
2004-09-07,DKK,KRW,reference,187.24
2004-09-07,EUR,KRW,reference,1390.57
2004-09-07,GBP,KRW,reference,2051.81
2004-09-07,HKD,KRW,reference,147.8
2004-09-07,IDR,KRW,reference,0.1243
2004-09-07,JPY,KRW,reference,10.4724
2004-09-07,KWD,KRW,reference,3910.85
2004-09-07,MYR,KRW,reference,303.37
2004-09-07,NOK,KRW,reference,167.03
2004-09-07,NZD,KRW,reference,747.48
2004-09-07,SAR,KRW,reference,307.37
2004-09-07,SEK,KRW,reference,152.45
2004-09-07,SGD,KRW,reference,676.21
2004-09-07,THB,KRW,reference,27.7
2004-09-07,USD,KRW,reference,1152.8
2004-09-08,AED,KRW,reference,313.67
2004-09-08,AUD,KRW,reference,798.46
2004-09-08,BHD,KRW,reference,3055.56
2004-09-08,CAD,KRW,reference,894.66
2004-09-08,CHF,KRW,reference,907.77
2004-09-08,CNY,KRW,reference,139.2
2004-09-08,DKK,KRW,reference,187.52
2004-09-08,EUR,KRW,reference,1393.18
2004-09-08,GBP,KRW,reference,2044.98
2004-09-08,HKD,KRW,reference,147.72
2004-09-08,IDR,KRW,reference,0.1243
2004-09-08,JPY,KRW,reference,10.5277
2004-09-08,KWD,KRW,reference,3907.94
2004-09-08,MYR,KRW,reference,303.18
2004-09-08,NOK,KRW,reference,167.14
2004-09-08,NZD,KRW,reference,746.16
2004-09-08,SAR,KRW,reference,307.2
2004-09-08,SEK,KRW,reference,153.14
2004-09-08,SGD,KRW,reference,678.24
2004-09-08,THB,KRW,reference,27.67
2004-09-08,USD,KRW,reference,1152.1
2004-09-09,AED,KRW,reference,312.9
2004-09-09,AUD,KRW,reference,800.54
2004-09-09,BHD,KRW,reference,3048.95
2004-09-09,CAD,KRW,reference,890.55
2004-09-09,CHF,KRW,reference,912
2004-09-09,CNY,KRW,reference,138.86
2004-09-09,DKK,KRW,reference,188.25
2004-09-09,EUR,KRW,reference,1400.31
2004-09-09,GBP,KRW,reference,2053.86
2004-09-09,HKD,KRW,reference,147.36
2004-09-09,IDR,KRW,reference,0.12359999999999999
2004-09-09,JPY,KRW,reference,10.5223
2004-09-09,KWD,KRW,reference,3898.58
2004-09-09,MYR,KRW,reference,302.45
2004-09-09,NOK,KRW,reference,167.97
2004-09-09,NZD,KRW,reference,745.9
2004-09-09,SAR,KRW,reference,306.46
2004-09-09,SEK,KRW,reference,153.62
2004-09-09,SGD,KRW,reference,677.39
2004-09-09,THB,KRW,reference,27.63
2004-09-09,USD,KRW,reference,1149.3
2004-09-10,AED,KRW,reference,312.2
2004-09-10,AUD,KRW,reference,791.05
2004-09-10,BHD,KRW,reference,3041.24
2004-09-10,CAD,KRW,reference,890.02
2004-09-10,CHF,KRW,reference,911.78
2004-09-10,CNY,KRW,reference,138.54
2004-09-10,DKK,KRW,reference,188.07
2004-09-10,EUR,KRW,reference,1404.02
2004-09-10,GBP,KRW,reference,2052.42
2004-09-10,HKD,KRW,reference,147.04
2004-09-10,IDR,KRW,reference,0.1234
2004-09-10,JPY,KRW,reference,10.4803
2004-09-10,KWD,KRW,reference,3889.62
2004-09-10,MYR,KRW,reference,301.76
2004-09-10,NOK,KRW,reference,168.71
2004-09-10,NZD,KRW,reference,747.02
2004-09-10,SAR,KRW,reference,305.76
2004-09-10,SEK,KRW,reference,153.6
2004-09-10,SGD,KRW,reference,674.75
2004-09-10,THB,KRW,reference,27.58
2004-09-10,USD,KRW,reference,1146.7
2004-09-13,AED,KRW,reference,311.98
2004-09-13,AUD,KRW,reference,798.06
2004-09-13,BHD,KRW,reference,3039.12
2004-09-13,CAD,KRW,reference,888.64
2004-09-13,CHF,KRW,reference,912.38
2004-09-13,CNY,KRW,reference,138.45
2004-09-13,DKK,KRW,reference,188.95
2004-09-13,EUR,KRW,reference,1407.11
2004-09-13,GBP,KRW,reference,2060.16
2004-09-13,HKD,KRW,reference,146.91
2004-09-13,IDR,KRW,reference,0.12359999999999999
2004-09-13,JPY,KRW,reference,10.472999999999999
2004-09-13,KWD,KRW,reference,3886.91
2004-09-13,MYR,KRW,reference,301.55
2004-09-13,NOK,KRW,reference,168.17
2004-09-13,NZD,KRW,reference,750.68
2004-09-13,SAR,KRW,reference,305.55
2004-09-13,SEK,KRW,reference,154.48
2004-09-13,SGD,KRW,reference,673.84
2004-09-13,THB,KRW,reference,27.6
2004-09-13,USD,KRW,reference,1145.9
2004-09-14,AED,KRW,reference,311.73
2004-09-14,AUD,KRW,reference,798.35
2004-09-14,BHD,KRW,reference,3036.73
2004-09-14,CAD,KRW,reference,879.65
2004-09-14,CHF,KRW,reference,910.1
2004-09-14,CNY,KRW,reference,138.34
2004-09-14,DKK,KRW,reference,188.67
2004-09-14,EUR,KRW,reference,1404.63
2004-09-14,GBP,KRW,reference,2059.34
2004-09-14,HKD,KRW,reference,146.8
2004-09-14,IDR,KRW,reference,0.1241
2004-09-14,JPY,KRW,reference,10.4058
2004-09-14,KWD,KRW,reference,3883.99
2004-09-14,MYR,KRW,reference,301.32
2004-09-14,NOK,KRW,reference,167.97
2004-09-14,NZD,KRW,reference,752.09
2004-09-14,SAR,KRW,reference,305.31
2004-09-14,SEK,KRW,reference,154.41
2004-09-14,SGD,KRW,reference,674.78
2004-09-14,THB,KRW,reference,27.6
2004-09-14,USD,KRW,reference,1145
2004-09-15,AED,KRW,reference,311.84
2004-09-15,AUD,KRW,reference,805.39
2004-09-15,BHD,KRW,reference,3037.79
2004-09-15,CAD,KRW,reference,885.4
2004-09-15,CHF,KRW,reference,910.6
2004-09-15,CNY,KRW,reference,138.39
2004-09-15,DKK,KRW,reference,188.55
2004-09-15,EUR,KRW,reference,1404.09
2004-09-15,GBP,KRW,reference,2059.03
2004-09-15,HKD,KRW,reference,146.89
2004-09-15,IDR,KRW,reference,0.1259
2004-09-15,JPY,KRW,reference,10.4531
2004-09-15,KWD,KRW,reference,3885.21
2004-09-15,MYR,KRW,reference,301.42
2004-09-15,NOK,KRW,reference,167.25
2004-09-15,NZD,KRW,reference,758.14
2004-09-15,SAR,KRW,reference,305.42
2004-09-15,SEK,KRW,reference,154.18
2004-09-15,SGD,KRW,reference,677.33
2004-09-15,THB,KRW,reference,27.77
2004-09-15,USD,KRW,reference,1145.4
2004-09-16,AED,KRW,reference,311.57
2004-09-16,AUD,KRW,reference,796.45
2004-09-16,BHD,KRW,reference,3035.14
2004-09-16,CAD,KRW,reference,882.51
2004-09-16,CHF,KRW,reference,901.42
2004-09-16,CNY,KRW,reference,138.27
2004-09-16,DKK,KRW,reference,187.03
2004-09-16,EUR,KRW,reference,1390.96
2004-09-16,GBP,KRW,reference,2033.54
2004-09-16,HKD,KRW,reference,146.72
2004-09-16,IDR,KRW,reference,0.12560000000000002
2004-09-16,JPY,KRW,reference,10.4013
2004-09-16,KWD,KRW,reference,3881.95
2004-09-16,MYR,KRW,reference,301.16
2004-09-16,NOK,KRW,reference,165.56
2004-09-16,NZD,KRW,reference,751.87
2004-09-16,SAR,KRW,reference,305.15
2004-09-16,SEK,KRW,reference,152.36
2004-09-16,SGD,KRW,reference,676.34
2004-09-16,THB,KRW,reference,27.71
2004-09-16,USD,KRW,reference,1144.4
2004-09-17,AED,KRW,reference,312.09
2004-09-17,AUD,KRW,reference,800.4
2004-09-17,BHD,KRW,reference,3040.18
2004-09-17,CAD,KRW,reference,888.57
2004-09-17,CHF,KRW,reference,903.67
2004-09-17,CNY,KRW,reference,138.5
2004-09-17,DKK,KRW,reference,187.87
2004-09-17,EUR,KRW,reference,1397.34
2004-09-17,GBP,KRW,reference,2056.18
2004-09-17,HKD,KRW,reference,146.97
2004-09-17,IDR,KRW,reference,0.1274
2004-09-17,JPY,KRW,reference,10.453199999999999
2004-09-17,KWD,KRW,reference,3888.4
2004-09-17,MYR,KRW,reference,301.66
2004-09-17,NOK,KRW,reference,165.62
2004-09-17,NZD,KRW,reference,757.59
2004-09-17,SAR,KRW,reference,305.66
2004-09-17,SEK,KRW,reference,153.31
2004-09-17,SGD,KRW,reference,678.91
2004-09-17,THB,KRW,reference,27.82
2004-09-17,USD,KRW,reference,1146.3
2004-09-20,AED,KRW,reference,311.84
2004-09-20,AUD,KRW,reference,799.32
2004-09-20,BHD,KRW,reference,3037.79
2004-09-20,CAD,KRW,reference,882.91
2004-09-20,CHF,KRW,reference,900.86
2004-09-20,CNY,KRW,reference,138.39
2004-09-20,DKK,KRW,reference,187.59
2004-09-20,EUR,KRW,reference,1392.98
2004-09-20,GBP,KRW,reference,2051.01
2004-09-20,HKD,KRW,reference,146.85
2004-09-20,IDR,KRW,reference,0.1268
2004-09-20,JPY,KRW,reference,10.4075
2004-09-20,KWD,KRW,reference,3885.21
2004-09-20,MYR,KRW,reference,301.42
2004-09-20,NOK,KRW,reference,165.58
2004-09-20,NZD,KRW,reference,755.79
2004-09-20,SAR,KRW,reference,305.42
2004-09-20,SEK,KRW,reference,153.41
2004-09-20,SGD,KRW,reference,677.73
2004-09-20,THB,KRW,reference,27.75
2004-09-20,USD,KRW,reference,1145.4
2004-09-21,AED,KRW,reference,312.31
2004-09-21,AUD,KRW,reference,803.72
2004-09-21,BHD,KRW,reference,3042.3
2004-09-21,CAD,KRW,reference,886.58
2004-09-21,CHF,KRW,reference,901.77
2004-09-21,CNY,KRW,reference,138.59
2004-09-21,DKK,KRW,reference,187.78
2004-09-21,EUR,KRW,reference,1396.31
2004-09-21,GBP,KRW,reference,2048.15
2004-09-21,HKD,KRW,reference,147.07
2004-09-21,IDR,KRW,reference,0.127
2004-09-21,JPY,KRW,reference,10.4324
2004-09-21,KWD,KRW,reference,3890.98
2004-09-21,MYR,KRW,reference,301.87
2004-09-21,NOK,KRW,reference,166.44
2004-09-21,NZD,KRW,reference,758.12
2004-09-21,SAR,KRW,reference,305.87
2004-09-21,SEK,KRW,reference,154.12
2004-09-21,SGD,KRW,reference,679.02
2004-09-21,THB,KRW,reference,27.79
2004-09-21,USD,KRW,reference,1147.1
2004-09-22,AED,KRW,reference,311.98
2004-09-22,AUD,KRW,reference,806.43
2004-09-22,BHD,KRW,reference,3039.12
2004-09-22,CAD,KRW,reference,889.98
2004-09-22,CHF,KRW,reference,913.47
2004-09-22,CNY,KRW,reference,138.45
2004-09-22,DKK,KRW,reference,190.04
2004-09-22,EUR,KRW,reference,1412.32
2004-09-22,GBP,KRW,reference,2057.81
2004-09-22,HKD,KRW,reference,146.91
2004-09-22,IDR,KRW,reference,0.127
2004-09-22,JPY,KRW,reference,10.4353
2004-09-22,KWD,KRW,reference,3888.23
2004-09-22,MYR,KRW,reference,301.55
2004-09-22,NOK,KRW,reference,167.75
2004-09-22,NZD,KRW,reference,760.42
2004-09-22,SAR,KRW,reference,305.55
2004-09-22,SEK,KRW,reference,156.22
2004-09-22,SGD,KRW,reference,678.53
2004-09-22,THB,KRW,reference,27.76
2004-09-22,USD,KRW,reference,1145.9
2004-09-23,AED,KRW,reference,311.68
2004-09-23,AUD,KRW,reference,809.09
2004-09-23,BHD,KRW,reference,3036.2
2004-09-23,CAD,KRW,reference,891.83
2004-09-23,CHF,KRW,reference,908.75
2004-09-23,CNY,KRW,reference,138.32
2004-09-23,DKK,KRW,reference,188.73
2004-09-23,EUR,KRW,reference,1404.27
2004-09-23,GBP,KRW,reference,2053.37
2004-09-23,HKD,KRW,reference,146.77
2004-09-23,IDR,KRW,reference,0.125
2004-09-23,JPY,KRW,reference,10.351300000000002
2004-09-23,KWD,KRW,reference,3884.5
2004-09-23,MYR,KRW,reference,301.26
2004-09-23,NOK,KRW,reference,167.78
2004-09-23,NZD,KRW,reference,759.06
2004-09-23,SAR,KRW,reference,305.26
2004-09-23,SEK,KRW,reference,155.23
2004-09-23,SGD,KRW,reference,675.62
2004-09-23,THB,KRW,reference,27.67
2004-09-23,USD,KRW,reference,1144.8
2004-09-24,AED,KRW,reference,312.36
2004-09-24,AUD,KRW,reference,818.77
2004-09-24,BHD,KRW,reference,3042.83
2004-09-24,CAD,KRW,reference,896.68
2004-09-24,CHF,KRW,reference,910.37
2004-09-24,CNY,KRW,reference,138.62
2004-09-24,DKK,KRW,reference,189.23
2004-09-24,EUR,KRW,reference,1408.02
2004-09-24,GBP,KRW,reference,2062.56
2004-09-24,HKD,KRW,reference,147.1
2004-09-24,IDR,KRW,reference,0.1258
2004-09-24,JPY,KRW,reference,10.3617
2004-09-24,KWD,KRW,reference,3892.98
2004-09-24,MYR,KRW,reference,301.92
2004-09-24,NOK,KRW,reference,168.92
2004-09-24,NZD,KRW,reference,764.1
2004-09-24,SAR,KRW,reference,305.92
2004-09-24,SEK,KRW,reference,155.97
2004-09-24,SGD,KRW,reference,676.85
2004-09-24,THB,KRW,reference,27.75
2004-09-24,USD,KRW,reference,1147.3
2004-09-30,AED,KRW,reference,312.52
2004-09-30,AUD,KRW,reference,822.53
2004-09-30,BHD,KRW,reference,3044.42
2004-09-30,CAD,KRW,reference,904.11
2004-09-30,CHF,KRW,reference,912.15
2004-09-30,CNY,KRW,reference,138.69
2004-09-30,DKK,KRW,reference,190.18
2004-09-30,EUR,KRW,reference,1416.34
2004-09-30,GBP,KRW,reference,2066.39
2004-09-30,HKD,KRW,reference,147.19
2004-09-30,IDR,KRW,reference,0.125
2004-09-30,JPY,KRW,reference,10.3345
2004-09-30,KWD,KRW,reference,3895.02
2004-09-30,MYR,KRW,reference,302.08
2004-09-30,NOK,KRW,reference,169.48
2004-09-30,NZD,KRW,reference,768.98
2004-09-30,SAR,KRW,reference,306.08
2004-09-30,SEK,KRW,reference,156.23
2004-09-30,SGD,KRW,reference,678.93
2004-09-30,THB,KRW,reference,27.67
2004-09-30,USD,KRW,reference,1147.9
2004-10-01,AED,KRW,reference,313.83
2004-10-01,AUD,KRW,reference,837.15
2004-10-01,BHD,KRW,reference,3057.15
2004-10-01,CAD,KRW,reference,913.75
2004-10-01,CHF,KRW,reference,925.08
2004-10-01,CNY,KRW,reference,139.27
2004-10-01,DKK,KRW,reference,192.62
2004-10-01,EUR,KRW,reference,1432.69
2004-10-01,GBP,KRW,reference,2089.21
2004-10-01,HKD,KRW,reference,147.84
2004-10-01,IDR,KRW,reference,0.126
2004-10-01,JPY,KRW,reference,10.470999999999998
2004-10-01,KWD,KRW,reference,3911.3
2004-10-01,MYR,KRW,reference,303.34
2004-10-01,NOK,KRW,reference,171.69
2004-10-01,NZD,KRW,reference,781.53
2004-10-01,SAR,KRW,reference,307.36
2004-10-01,SEK,KRW,reference,158.31
2004-10-01,SGD,KRW,reference,684.3
2004-10-01,THB,KRW,reference,27.85
2004-10-01,USD,KRW,reference,1152.7
2004-10-04,AED,KRW,reference,312.55
2004-10-04,AUD,KRW,reference,831.84
2004-10-04,BHD,KRW,reference,3044.69
2004-10-04,CAD,KRW,reference,909.78
2004-10-04,CHF,KRW,reference,917.63
2004-10-04,CNY,KRW,reference,138.7
2004-10-04,DKK,KRW,reference,191.36
2004-10-04,EUR,KRW,reference,1422.66
2004-10-04,GBP,KRW,reference,2063.01
2004-10-04,HKD,KRW,reference,147.25
2004-10-04,IDR,KRW,reference,0.12560000000000002
2004-10-04,JPY,KRW,reference,10.3671
2004-10-04,KWD,KRW,reference,3895.49
2004-10-04,MYR,KRW,reference,302.11
2004-10-04,NOK,KRW,reference,171.54
2004-10-04,NZD,KRW,reference,775.36
2004-10-04,SAR,KRW,reference,306.11
2004-10-04,SEK,KRW,reference,157.86
2004-10-04,SGD,KRW,reference,683.03
2004-10-04,THB,KRW,reference,27.77
2004-10-04,USD,KRW,reference,1148
2004-10-05,AED,KRW,reference,313.04
2004-10-05,AUD,KRW,reference,828.89
2004-10-05,BHD,KRW,reference,3049.46
2004-10-05,CAD,KRW,reference,903.72
2004-10-05,CHF,KRW,reference,909.11
2004-10-05,CNY,KRW,reference,138.92
2004-10-05,DKK,KRW,reference,189.84
2004-10-05,EUR,KRW,reference,1412.59
2004-10-05,GBP,KRW,reference,2051.65
2004-10-05,HKD,KRW,reference,147.45
2004-10-05,IDR,KRW,reference,0.1265
2004-10-05,JPY,KRW,reference,10.367
2004-10-05,KWD,KRW,reference,3901.59
2004-10-05,MYR,KRW,reference,302.58
2004-10-05,NOK,KRW,reference,170.29
2004-10-05,NZD,KRW,reference,770.14
2004-10-05,SAR,KRW,reference,306.59
2004-10-05,SEK,KRW,reference,155.99
2004-10-05,SGD,KRW,reference,681.54
2004-10-05,THB,KRW,reference,27.78
2004-10-05,USD,KRW,reference,1149.8
2004-10-06,AED,KRW,reference,312.61
2004-10-06,AUD,KRW,reference,830.78
2004-10-06,BHD,KRW,reference,3045.22
2004-10-06,CAD,KRW,reference,910.19
2004-10-06,CHF,KRW,reference,910.08
2004-10-06,CNY,KRW,reference,138.73
2004-10-06,DKK,KRW,reference,190.1
2004-10-06,EUR,KRW,reference,1414.18
2004-10-06,GBP,KRW,reference,2047.99
2004-10-06,HKD,KRW,reference,147.25
2004-10-06,IDR,KRW,reference,0.1263
2004-10-06,JPY,KRW,reference,10.3334
2004-10-06,KWD,KRW,reference,3896.03
2004-10-06,MYR,KRW,reference,302.16
2004-10-06,NOK,KRW,reference,171
2004-10-06,NZD,KRW,reference,773.77
2004-10-06,SAR,KRW,reference,306.16
2004-10-06,SEK,KRW,reference,156.38
2004-10-06,SGD,KRW,reference,681
2004-10-06,THB,KRW,reference,27.73
2004-10-06,USD,KRW,reference,1148.2
2004-10-07,AED,KRW,reference,313.23
2004-10-07,AUD,KRW,reference,830.49
2004-10-07,BHD,KRW,reference,3051.32
2004-10-07,CAD,KRW,reference,913.46
2004-10-07,CHF,KRW,reference,909.41
2004-10-07,CNY,KRW,reference,139.01
2004-10-07,DKK,KRW,reference,189.94
2004-10-07,EUR,KRW,reference,1413.45
2004-10-07,GBP,KRW,reference,2047.14
2004-10-07,HKD,KRW,reference,147.54
2004-10-07,IDR,KRW,reference,0.1265
2004-10-07,JPY,KRW,reference,10.336500000000001
2004-10-07,KWD,KRW,reference,3903.84
2004-10-07,MYR,KRW,reference,302.76
2004-10-07,NOK,KRW,reference,170.98
2004-10-07,NZD,KRW,reference,776.88
2004-10-07,SAR,KRW,reference,306.78
2004-10-07,SEK,KRW,reference,156.52
2004-10-07,SGD,KRW,reference,680.15
2004-10-07,THB,KRW,reference,27.78
2004-10-07,USD,KRW,reference,1150.5
2004-10-08,AED,KRW,reference,313.59
2004-10-08,AUD,KRW,reference,837.99
2004-10-08,BHD,KRW,reference,3054.77
2004-10-08,CAD,KRW,reference,913.58
2004-10-08,CHF,KRW,reference,912.28
2004-10-08,CNY,KRW,reference,139.16
2004-10-08,DKK,KRW,reference,190.22
2004-10-08,EUR,KRW,reference,1416.31
2004-10-08,GBP,KRW,reference,2052.97
2004-10-08,HKD,KRW,reference,147.74
2004-10-08,IDR,KRW,reference,0.1267
2004-10-08,JPY,KRW,reference,10.359300000000001
2004-10-08,KWD,KRW,reference,3908.38
2004-10-08,MYR,KRW,reference,303.11
2004-10-08,NOK,KRW,reference,170.9
2004-10-08,NZD,KRW,reference,779.14
2004-10-08,SAR,KRW,reference,307.12
2004-10-08,SEK,KRW,reference,156.53
2004-10-08,SGD,KRW,reference,681.4
2004-10-08,THB,KRW,reference,27.84
2004-10-08,USD,KRW,reference,1151.8
2004-10-11,AED,KRW,reference,313.07
2004-10-11,AUD,KRW,reference,847.53
2004-10-11,BHD,KRW,reference,3049.73
2004-10-11,CAD,KRW,reference,918.16
2004-10-11,CHF,KRW,reference,920.18
2004-10-11,CNY,KRW,reference,138.93
2004-10-11,DKK,KRW,reference,191.79
2004-10-11,EUR,KRW,reference,1427.08
2004-10-11,GBP,KRW,reference,2063.21
2004-10-11,HKD,KRW,reference,147.79
2004-10-11,IDR,KRW,reference,0.1266
2004-10-11,JPY,KRW,reference,10.4971
2004-10-11,KWD,KRW,reference,3901.93
2004-10-11,MYR,KRW,reference,302.61
2004-10-11,NOK,KRW,reference,172.06
2004-10-11,NZD,KRW,reference,787.91
2004-10-11,SAR,KRW,reference,306.62
2004-10-11,SEK,KRW,reference,157.42
2004-10-11,SGD,KRW,reference,683.83
2004-10-11,THB,KRW,reference,27.87
2004-10-11,USD,KRW,reference,1149.9
2004-10-12,AED,KRW,reference,312.01
2004-10-12,AUD,KRW,reference,841.22
2004-10-12,BHD,KRW,reference,3039.38
2004-10-12,CAD,KRW,reference,912.67
2004-10-12,CHF,KRW,reference,916.32
2004-10-12,CNY,KRW,reference,138.46
2004-10-12,DKK,KRW,reference,190.73
2004-10-12,EUR,KRW,reference,1419.03
2004-10-12,GBP,KRW,reference,2061.25
2004-10-12,HKD,KRW,reference,147.08
2004-10-12,IDR,KRW,reference,0.12619999999999998
2004-10-12,JPY,KRW,reference,10.4777
2004-10-12,KWD,KRW,reference,3887.78
2004-10-12,MYR,KRW,reference,301.58
2004-10-12,NOK,KRW,reference,172.43
2004-10-12,NZD,KRW,reference,781.57
2004-10-12,SAR,KRW,reference,305.58
2004-10-12,SEK,KRW,reference,156.9
2004-10-12,SGD,KRW,reference,681.84
2004-10-12,THB,KRW,reference,27.77
2004-10-12,USD,KRW,reference,1146
2004-10-13,AED,KRW,reference,312.44
2004-10-13,AUD,KRW,reference,837.46
2004-10-13,BHD,KRW,reference,3043.63
2004-10-13,CAD,KRW,reference,913.59
2004-10-13,CHF,KRW,reference,913.44
2004-10-13,CNY,KRW,reference,138.66
2004-10-13,DKK,KRW,reference,189.86
2004-10-13,EUR,KRW,reference,1413.67
2004-10-13,GBP,KRW,reference,2055.52
2004-10-13,HKD,KRW,reference,147.29
2004-10-13,IDR,KRW,reference,0.1257
2004-10-13,JPY,KRW,reference,10.471300000000001
2004-10-13,KWD,KRW,reference,3892.15
2004-10-13,MYR,KRW,reference,302
2004-10-13,NOK,KRW,reference,172
2004-10-13,NZD,KRW,reference,778.42
2004-10-13,SAR,KRW,reference,306
2004-10-13,SEK,KRW,reference,155.97
2004-10-13,SGD,KRW,reference,680.87
2004-10-13,THB,KRW,reference,27.76
2004-10-13,USD,KRW,reference,1147.6
2004-10-14,AED,KRW,reference,312.06
2004-10-14,AUD,KRW,reference,831.4
2004-10-14,BHD,KRW,reference,3039.92
2004-10-14,CAD,KRW,reference,912.58
2004-10-14,CHF,KRW,reference,914.91
2004-10-14,CNY,KRW,reference,138.49
2004-10-14,DKK,KRW,reference,190.32
2004-10-14,EUR,KRW,reference,1414.47
2004-10-14,GBP,KRW,reference,2055.42
2004-10-14,HKD,KRW,reference,147.11
2004-10-14,IDR,KRW,reference,0.12560000000000002
2004-10-14,JPY,KRW,reference,10.4452
2004-10-14,KWD,KRW,reference,3889.38
2004-10-14,MYR,KRW,reference,301.63
2004-10-14,NOK,KRW,reference,172.65
2004-10-14,NZD,KRW,reference,776.26
2004-10-14,SAR,KRW,reference,305.63
2004-10-14,SEK,KRW,reference,156.35
2004-10-14,SGD,KRW,reference,680.44
2004-10-14,THB,KRW,reference,27.69
2004-10-14,USD,KRW,reference,1146.2
2004-10-15,AED,KRW,reference,312.41
2004-10-15,AUD,KRW,reference,836.7
2004-10-15,BHD,KRW,reference,3043.36
2004-10-15,CAD,KRW,reference,913.36
2004-10-15,CHF,KRW,reference,921.72
2004-10-15,CNY,KRW,reference,138.65
2004-10-15,DKK,KRW,reference,191.17
2004-10-15,EUR,KRW,reference,1421.18
2004-10-15,GBP,KRW,reference,2061.02
2004-10-15,HKD,KRW,reference,147.28
2004-10-15,IDR,KRW,reference,0.12619999999999998
2004-10-15,JPY,KRW,reference,10.4704
2004-10-15,KWD,KRW,reference,3893.66
2004-10-15,MYR,KRW,reference,301.97
2004-10-15,NOK,KRW,reference,173.72
2004-10-15,NZD,KRW,reference,780.87
2004-10-15,SAR,KRW,reference,305.98
2004-10-15,SEK,KRW,reference,156.36
2004-10-15,SGD,KRW,reference,681.51
2004-10-15,THB,KRW,reference,27.71
2004-10-15,USD,KRW,reference,1147.5
2004-10-18,AED,KRW,reference,311.84
2004-10-18,AUD,KRW,reference,837.46
2004-10-18,BHD,KRW,reference,3037.79
2004-10-18,CAD,KRW,reference,914.82
2004-10-18,CHF,KRW,reference,929.14
2004-10-18,CNY,KRW,reference,138.39
2004-10-18,DKK,KRW,reference,192.05
2004-10-18,EUR,KRW,reference,1429.69
2004-10-18,GBP,KRW,reference,2066.7
2004-10-18,HKD,KRW,reference,147.08
2004-10-18,IDR,KRW,reference,0.1261
2004-10-18,JPY,KRW,reference,10.4828
2004-10-18,KWD,KRW,reference,3886.53
2004-10-18,MYR,KRW,reference,301.42
2004-10-18,NOK,KRW,reference,173.99
2004-10-18,NZD,KRW,reference,787.12
2004-10-18,SAR,KRW,reference,305.42
2004-10-18,SEK,KRW,reference,157
2004-10-18,SGD,KRW,reference,682.33
2004-10-18,THB,KRW,reference,27.64
2004-10-18,USD,KRW,reference,1145.4
2004-10-19,AED,KRW,reference,311.43
2004-10-19,AUD,KRW,reference,828.81
2004-10-19,BHD,KRW,reference,3033.82
2004-10-19,CAD,KRW,reference,909.48
2004-10-19,CHF,KRW,reference,928
2004-10-19,CNY,KRW,reference,138.21
2004-10-19,DKK,KRW,reference,192.23
2004-10-19,EUR,KRW,reference,1427.82
2004-10-19,GBP,KRW,reference,2055.76
2004-10-19,HKD,KRW,reference,146.85
2004-10-19,IDR,KRW,reference,0.1257
2004-10-19,JPY,KRW,reference,10.458499999999999
2004-10-19,KWD,KRW,reference,3881.57
2004-10-19,MYR,KRW,reference,301.03
2004-10-19,NOK,KRW,reference,173.92
2004-10-19,NZD,KRW,reference,783.57
2004-10-19,SAR,KRW,reference,305.02
2004-10-19,SEK,KRW,reference,157.54
2004-10-19,SGD,KRW,reference,681.68
2004-10-19,THB,KRW,reference,27.6
2004-10-19,USD,KRW,reference,1143.9
2004-10-20,AED,KRW,reference,311.65
2004-10-20,AUD,KRW,reference,833.4
2004-10-20,BHD,KRW,reference,3035.94
2004-10-20,CAD,KRW,reference,910.08
2004-10-20,CHF,KRW,reference,931.03
2004-10-20,CNY,KRW,reference,138.31
2004-10-20,DKK,KRW,reference,192.65
2004-10-20,EUR,KRW,reference,1432.88
2004-10-20,GBP,KRW,reference,2064.64
2004-10-20,HKD,KRW,reference,146.95
2004-10-20,IDR,KRW,reference,0.1261
2004-10-20,JPY,KRW,reference,10.560899999999998
2004-10-20,KWD,KRW,reference,3883.63
2004-10-20,MYR,KRW,reference,301.24
2004-10-20,NOK,KRW,reference,173.66
2004-10-20,NZD,KRW,reference,785.72
2004-10-20,SAR,KRW,reference,305.23
2004-10-20,SEK,KRW,reference,157.81
2004-10-20,SGD,KRW,reference,683.79
2004-10-20,THB,KRW,reference,27.71
2004-10-20,USD,KRW,reference,1144.7
2004-10-21,AED,KRW,reference,311.11
2004-10-21,AUD,KRW,reference,839.37
2004-10-21,BHD,KRW,reference,3030.63
2004-10-21,CAD,KRW,reference,917.54
2004-10-21,CHF,KRW,reference,934.84
2004-10-21,CNY,KRW,reference,138.07
2004-10-21,DKK,KRW,reference,193.37
2004-10-21,EUR,KRW,reference,1437
2004-10-21,GBP,KRW,reference,2074.86
2004-10-21,HKD,KRW,reference,146.74
2004-10-21,IDR,KRW,reference,0.1259
2004-10-21,JPY,KRW,reference,10.5478
2004-10-21,KWD,KRW,reference,3876.84
2004-10-21,MYR,KRW,reference,300.71
2004-10-21,NOK,KRW,reference,174.73
2004-10-21,NZD,KRW,reference,789.38
2004-10-21,SAR,KRW,reference,304.7
2004-10-21,SEK,KRW,reference,158.75
2004-10-21,SGD,KRW,reference,683.11
2004-10-21,THB,KRW,reference,27.67
2004-10-21,USD,KRW,reference,1142.7
2004-10-22,AED,KRW,reference,310.89
2004-10-22,AUD,KRW,reference,842.44
2004-10-22,BHD,KRW,reference,3028.51
2004-10-22,CAD,KRW,reference,918.85
2004-10-22,CHF,KRW,reference,937.6
2004-10-22,CNY,KRW,reference,137.97
2004-10-22,DKK,KRW,reference,193.75
2004-10-22,EUR,KRW,reference,1440.68
2004-10-22,GBP,KRW,reference,2085.97
2004-10-22,HKD,KRW,reference,146.62
2004-10-22,IDR,KRW,reference,0.1255
2004-10-22,JPY,KRW,reference,10.623800000000001
2004-10-22,KWD,KRW,reference,3874.13
2004-10-22,MYR,KRW,reference,300.5
2004-10-22,NOK,KRW,reference,174.92
2004-10-22,NZD,KRW,reference,791.28
2004-10-22,SAR,KRW,reference,304.48
2004-10-22,SEK,KRW,reference,158.54
2004-10-22,SGD,KRW,reference,682.53
2004-10-22,THB,KRW,reference,27.64
2004-10-22,USD,KRW,reference,1141.9
2004-10-25,AED,KRW,reference,310.67
2004-10-25,AUD,KRW,reference,846.53
2004-10-25,BHD,KRW,reference,3026.39
2004-10-25,CAD,KRW,reference,925.28
2004-10-25,CHF,KRW,reference,946.38
2004-10-25,CNY,KRW,reference,137.87
2004-10-25,DKK,KRW,reference,194.54
2004-10-25,EUR,KRW,reference,1452.28
2004-10-25,GBP,KRW,reference,2089.18
2004-10-25,HKD,KRW,reference,146.56
2004-10-25,IDR,KRW,reference,0.1257
2004-10-25,JPY,KRW,reference,10.652000000000001
2004-10-25,KWD,KRW,reference,3871.42
2004-10-25,MYR,KRW,reference,300.29
2004-10-25,NOK,KRW,reference,176.23
2004-10-25,NZD,KRW,reference,794.83
2004-10-25,SAR,KRW,reference,304.27
2004-10-25,SEK,KRW,reference,159.05
2004-10-25,SGD,KRW,reference,684.63
2004-10-25,THB,KRW,reference,27.65
2004-10-25,USD,KRW,reference,1141.1
2004-10-26,AED,KRW,reference,309.28
2004-10-26,AUD,KRW,reference,851.49
2004-10-26,BHD,KRW,reference,3012.86
2004-10-26,CAD,KRW,reference,930.65
2004-10-26,CHF,KRW,reference,949.87
2004-10-26,CNY,KRW,reference,137.26
2004-10-26,DKK,KRW,reference,195.68
2004-10-26,EUR,KRW,reference,1455.1
2004-10-26,GBP,KRW,reference,2092.23
2004-10-26,HKD,KRW,reference,146.05
2004-10-26,IDR,KRW,reference,0.1253
2004-10-26,JPY,KRW,reference,10.649700000000001
2004-10-26,KWD,KRW,reference,3854.11
2004-10-26,MYR,KRW,reference,298.95
2004-10-26,NOK,KRW,reference,176.66
2004-10-26,NZD,KRW,reference,795.26
2004-10-26,SAR,KRW,reference,302.91
2004-10-26,SEK,KRW,reference,160.35
2004-10-26,SGD,KRW,reference,683.12
2004-10-26,THB,KRW,reference,27.67
2004-10-26,USD,KRW,reference,1136
2004-10-27,AED,KRW,reference,308.82
2004-10-27,AUD,KRW,reference,846.47
2004-10-27,BHD,KRW,reference,3008.35
2004-10-27,CAD,KRW,reference,925.58
2004-10-27,CHF,KRW,reference,944.19
2004-10-27,CNY,KRW,reference,137.05
2004-10-27,DKK,KRW,reference,194.85
2004-10-27,EUR,KRW,reference,1447.88
2004-10-27,GBP,KRW,reference,2082.18
2004-10-27,HKD,KRW,reference,145.76
2004-10-27,IDR,KRW,reference,0.12480000000000001
2004-10-27,JPY,KRW,reference,10.6317
2004-10-27,KWD,KRW,reference,3848.35
2004-10-27,MYR,KRW,reference,298.5
2004-10-27,NOK,KRW,reference,176.87
2004-10-27,NZD,KRW,reference,790.1
2004-10-27,SAR,KRW,reference,302.46
2004-10-27,SEK,KRW,reference,160.67
2004-10-27,SGD,KRW,reference,682.43
2004-10-27,THB,KRW,reference,27.66
2004-10-27,USD,KRW,reference,1134.3
2004-10-28,AED,KRW,reference,307.84
2004-10-28,AUD,KRW,reference,841.86
2004-10-28,BHD,KRW,reference,2998.81
2004-10-28,CAD,KRW,reference,922.79
2004-10-28,CHF,KRW,reference,936.44
2004-10-28,CNY,KRW,reference,136.62
2004-10-28,DKK,KRW,reference,193.32
2004-10-28,EUR,KRW,reference,1436.22
2004-10-28,GBP,KRW,reference,2066.75
2004-10-28,HKD,KRW,reference,145.4
2004-10-28,IDR,KRW,reference,0.1242
2004-10-28,JPY,KRW,reference,10.602
2004-10-28,KWD,KRW,reference,3836.13
2004-10-28,MYR,KRW,reference,297.55
2004-10-28,NOK,KRW,reference,175.57
2004-10-28,NZD,KRW,reference,777.13
2004-10-28,SAR,KRW,reference,301.5
2004-10-28,SEK,KRW,reference,159.18
2004-10-28,SGD,KRW,reference,680.02
2004-10-28,THB,KRW,reference,27.54
2004-10-28,USD,KRW,reference,1130.7
2004-10-29,AED,KRW,reference,306.56
2004-10-29,AUD,KRW,reference,839.26
2004-10-29,BHD,KRW,reference,2986.34
2004-10-29,CAD,KRW,reference,920.39
2004-10-29,CHF,KRW,reference,937.98
2004-10-29,CNY,KRW,reference,136.05
2004-10-29,DKK,KRW,reference,192.96
2004-10-29,EUR,KRW,reference,1434.81
2004-10-29,GBP,KRW,reference,2059.96
2004-10-29,HKD,KRW,reference,144.72
2004-10-29,IDR,KRW,reference,0.12390000000000001
2004-10-29,JPY,KRW,reference,10.5922
2004-10-29,KWD,KRW,reference,3820.83
2004-10-29,MYR,KRW,reference,296.32
2004-10-29,NOK,KRW,reference,175.67
2004-10-29,NZD,KRW,reference,768.95
2004-10-29,SAR,KRW,reference,300.24
2004-10-29,SEK,KRW,reference,158.7
2004-10-29,SGD,KRW,reference,677.19
2004-10-29,THB,KRW,reference,27.42
2004-10-29,USD,KRW,reference,1126
2004-11-01,AED,KRW,reference,305.55
2004-11-01,AUD,KRW,reference,841.28
2004-11-01,BHD,KRW,reference,2976.53
2004-11-01,CAD,KRW,reference,921.09
2004-11-01,CHF,KRW,reference,941.33
2004-11-01,CNY,KRW,reference,135.6
2004-11-01,DKK,KRW,reference,193.17
2004-11-01,EUR,KRW,reference,1439.52
2004-11-01,GBP,KRW,reference,2065.2
2004-11-01,HKD,KRW,reference,144.21
2004-11-01,IDR,KRW,reference,0.1235
2004-11-01,JPY,KRW,reference,10.6118
2004-11-01,KWD,KRW,reference,3807.63
2004-11-01,MYR,KRW,reference,295.34
2004-11-01,NOK,KRW,reference,176.42
2004-11-01,NZD,KRW,reference,768.49
2004-11-01,SAR,KRW,reference,299.26
2004-11-01,SEK,KRW,reference,158.62
2004-11-01,SGD,KRW,reference,675.05
2004-11-01,THB,KRW,reference,27.35
2004-11-01,USD,KRW,reference,1122.3
2004-11-02,AED,KRW,reference,304.22
2004-11-02,AUD,KRW,reference,832.13
2004-11-02,BHD,KRW,reference,2963.53
2004-11-02,CAD,KRW,reference,913.51
2004-11-02,CHF,KRW,reference,929.27
2004-11-02,CNY,KRW,reference,135.01
2004-11-02,DKK,KRW,reference,191.7
2004-11-02,EUR,KRW,reference,1424.18
2004-11-02,GBP,KRW,reference,2047.69
2004-11-02,HKD,KRW,reference,143.63
2004-11-02,IDR,KRW,reference,0.1231
2004-11-02,JPY,KRW,reference,10.4876
2004-11-02,KWD,KRW,reference,3791.65
2004-11-02,MYR,KRW,reference,294.05
2004-11-02,NOK,KRW,reference,174.65
2004-11-02,NZD,KRW,reference,763.52
2004-11-02,SAR,KRW,reference,297.95
2004-11-02,SEK,KRW,reference,157.44
2004-11-02,SGD,KRW,reference,670.19
2004-11-02,THB,KRW,reference,27.22
2004-11-02,USD,KRW,reference,1117.4
2004-11-03,AED,KRW,reference,304.27
2004-11-03,AUD,KRW,reference,836.02
2004-11-03,BHD,KRW,reference,2964.06
2004-11-03,CAD,KRW,reference,912.07
2004-11-03,CHF,KRW,reference,927.35
2004-11-03,CNY,KRW,reference,135.03
2004-11-03,DKK,KRW,reference,191.35
2004-11-03,EUR,KRW,reference,1422.03
2004-11-03,GBP,KRW,reference,2056.89
2004-11-03,HKD,KRW,reference,143.61
2004-11-03,IDR,KRW,reference,0.1229
2004-11-03,JPY,KRW,reference,10.533
2004-11-03,KWD,KRW,reference,3792.33
2004-11-03,MYR,KRW,reference,294.11
2004-11-03,NOK,KRW,reference,173.79
2004-11-03,NZD,KRW,reference,766.84
2004-11-03,SAR,KRW,reference,298
2004-11-03,SEK,KRW,reference,157.18
2004-11-03,SGD,KRW,reference,670.02
2004-11-03,THB,KRW,reference,27.23
2004-11-03,USD,KRW,reference,1117.6
2004-11-04,AED,KRW,reference,304.03
2004-11-04,AUD,KRW,reference,844.39
2004-11-04,BHD,KRW,reference,2961.68
2004-11-04,CAD,KRW,reference,923.96
2004-11-04,CHF,KRW,reference,935.53
2004-11-04,CNY,KRW,reference,134.92
2004-11-04,DKK,KRW,reference,192.65
2004-11-04,EUR,KRW,reference,1432.34
2004-11-04,GBP,KRW,reference,2064.78
2004-11-04,HKD,KRW,reference,143.5
2004-11-04,IDR,KRW,reference,0.1225
2004-11-04,JPY,KRW,reference,10.5255
2004-11-04,KWD,KRW,reference,3789.15
2004-11-04,MYR,KRW,reference,293.87
2004-11-04,NOK,KRW,reference,175.48
2004-11-04,NZD,KRW,reference,771.3
2004-11-04,SAR,KRW,reference,297.76
2004-11-04,SEK,KRW,reference,158.04
2004-11-04,SGD,KRW,reference,670.41
2004-11-04,THB,KRW,reference,27.15
2004-11-04,USD,KRW,reference,1116.7
2004-11-05,AED,KRW,reference,303.46
2004-11-05,AUD,KRW,reference,843.7
2004-11-05,BHD,KRW,reference,2956.11
2004-11-05,CAD,KRW,reference,923.22
2004-11-05,CHF,KRW,reference,938.22
2004-11-05,CNY,KRW,reference,134.67
2004-11-05,DKK,KRW,reference,193
2004-11-05,EUR,KRW,reference,1434.6
2004-11-05,GBP,KRW,reference,2055.16
2004-11-05,HKD,KRW,reference,143.29
2004-11-05,IDR,KRW,reference,0.1229
2004-11-05,JPY,KRW,reference,10.5096
2004-11-05,KWD,KRW,reference,3786.65
2004-11-05,MYR,KRW,reference,293.32
2004-11-05,NOK,KRW,reference,175.47
2004-11-05,NZD,KRW,reference,769.85
2004-11-05,SAR,KRW,reference,297.2
2004-11-05,SEK,KRW,reference,157.76
2004-11-05,SGD,KRW,reference,673.09
2004-11-05,THB,KRW,reference,27.21
2004-11-05,USD,KRW,reference,1114.6
2004-11-08,AED,KRW,reference,302.45
2004-11-08,AUD,KRW,reference,848.45
2004-11-08,BHD,KRW,reference,2946.29
2004-11-08,CAD,KRW,reference,927.49
2004-11-08,CHF,KRW,reference,943.88
2004-11-08,CNY,KRW,reference,134.22
2004-11-08,DKK,KRW,reference,193.88
2004-11-08,EUR,KRW,reference,1441
2004-11-08,GBP,KRW,reference,2062.33
2004-11-08,HKD,KRW,reference,142.94
2004-11-08,IDR,KRW,reference,0.1226
2004-11-08,JPY,KRW,reference,10.5418
2004-11-08,KWD,KRW,reference,3769.21
2004-11-08,MYR,KRW,reference,292.34
2004-11-08,NOK,KRW,reference,176.08
2004-11-08,NZD,KRW,reference,772.41
2004-11-08,SAR,KRW,reference,296.22
2004-11-08,SEK,KRW,reference,158.54
2004-11-08,SGD,KRW,reference,671.73
2004-11-08,THB,KRW,reference,27.2
2004-11-08,USD,KRW,reference,1110.9
2004-11-09,AED,KRW,reference,301.09
2004-11-09,AUD,KRW,reference,837.44
2004-11-09,BHD,KRW,reference,2933.03
2004-11-09,CAD,KRW,reference,925.9
2004-11-09,CHF,KRW,reference,935.82
2004-11-09,CNY,KRW,reference,133.62
2004-11-09,DKK,KRW,reference,192.26
2004-11-09,EUR,KRW,reference,1427.88
2004-11-09,GBP,KRW,reference,2052.72
2004-11-09,HKD,KRW,reference,142.26
2004-11-09,IDR,KRW,reference,0.124
2004-11-09,JPY,KRW,reference,10.479000000000001
2004-11-09,KWD,KRW,reference,3752.63
2004-11-09,MYR,KRW,reference,291.03
2004-11-09,NOK,KRW,reference,173.56
2004-11-09,NZD,KRW,reference,764.56
2004-11-09,SAR,KRW,reference,294.88
2004-11-09,SEK,KRW,reference,157.13
2004-11-09,SGD,KRW,reference,670.26
2004-11-09,THB,KRW,reference,27.19
2004-11-09,USD,KRW,reference,1105.9
2004-11-10,AED,KRW,reference,300.68
2004-11-10,AUD,KRW,reference,838.63
2004-11-10,BHD,KRW,reference,2929.05
2004-11-10,CAD,KRW,reference,921.64
2004-11-10,CHF,KRW,reference,933.16
2004-11-10,CNY,KRW,reference,133.44
2004-11-10,DKK,KRW,reference,191.68
2004-11-10,EUR,KRW,reference,1424.29
2004-11-10,GBP,KRW,reference,2050.26
2004-11-10,HKD,KRW,reference,142.05
2004-11-10,IDR,KRW,reference,0.1231
2004-11-10,JPY,KRW,reference,10.4494
2004-11-10,KWD,KRW,reference,3747.41
2004-11-10,MYR,KRW,reference,290.63
2004-11-10,NOK,KRW,reference,173.24
2004-11-10,NZD,KRW,reference,760.88
2004-11-10,SAR,KRW,reference,294.48
2004-11-10,SEK,KRW,reference,156.49
2004-11-10,SGD,KRW,reference,667.43
2004-11-10,THB,KRW,reference,27.23
2004-11-10,USD,KRW,reference,1104.4
2004-11-11,AED,KRW,reference,301.93
2004-11-11,AUD,KRW,reference,841.45
2004-11-11,BHD,KRW,reference,2941.25
2004-11-11,CAD,KRW,reference,928.77
2004-11-11,CHF,KRW,reference,937.96
2004-11-11,CNY,KRW,reference,133.99
2004-11-11,DKK,KRW,reference,192.36
2004-11-11,EUR,KRW,reference,1429.22
2004-11-11,GBP,KRW,reference,2047.82
2004-11-11,HKD,KRW,reference,142.54
2004-11-11,IDR,KRW,reference,0.1226
2004-11-11,JPY,KRW,reference,10.363
2004-11-11,KWD,KRW,reference,3762.51
2004-11-11,MYR,KRW,reference,291.84
2004-11-11,NOK,KRW,reference,175.12
2004-11-11,NZD,KRW,reference,758.22
2004-11-11,SAR,KRW,reference,295.71
2004-11-11,SEK,KRW,reference,157.83
2004-11-11,SGD,KRW,reference,668.68
2004-11-11,THB,KRW,reference,27.24
2004-11-11,USD,KRW,reference,1109
2004-11-12,AED,KRW,reference,302.9
2004-11-12,AUD,KRW,reference,850.71
2004-11-12,BHD,KRW,reference,2950.27
2004-11-12,CAD,KRW,reference,930.22
2004-11-12,CHF,KRW,reference,944.91
2004-11-12,CNY,KRW,reference,134.4
2004-11-12,DKK,KRW,reference,193.14
2004-11-12,EUR,KRW,reference,1436.89
2004-11-12,GBP,KRW,reference,2051.43
2004-11-12,HKD,KRW,reference,143.02
2004-11-12,IDR,KRW,reference,0.12279999999999999
2004-11-12,JPY,KRW,reference,10.4495
2004-11-12,KWD,KRW,reference,3770.34
2004-11-12,MYR,KRW,reference,292.74
2004-11-12,NOK,KRW,reference,176.21
2004-11-12,NZD,KRW,reference,765
2004-11-12,SAR,KRW,reference,296.62
2004-11-12,SEK,KRW,reference,159.4
2004-11-12,SGD,KRW,reference,671.52
2004-11-12,THB,KRW,reference,27.38
2004-11-12,USD,KRW,reference,1112.4
2004-11-15,AED,KRW,reference,301.7
2004-11-15,AUD,KRW,reference,852.11
2004-11-15,BHD,KRW,reference,2938.6
2004-11-15,CAD,KRW,reference,929.41
2004-11-15,CHF,KRW,reference,946.16
2004-11-15,CNY,KRW,reference,133.87
2004-11-15,DKK,KRW,reference,193.44
2004-11-15,EUR,KRW,reference,1438.52
2004-11-15,GBP,KRW,reference,2056.61
2004-11-15,HKD,KRW,reference,142.58
2004-11-15,IDR,KRW,reference,0.1233
2004-11-15,JPY,KRW,reference,10.4979
2004-11-15,KWD,KRW,reference,3759.12
2004-11-15,MYR,KRW,reference,291.58
2004-11-15,NOK,KRW,reference,177.13
2004-11-15,NZD,KRW,reference,768.4
2004-11-15,SAR,KRW,reference,295.43
2004-11-15,SEK,KRW,reference,160.37
2004-11-15,SGD,KRW,reference,671.21
2004-11-15,THB,KRW,reference,27.49
2004-11-15,USD,KRW,reference,1108
2004-11-16,AED,KRW,reference,298.64
2004-11-16,AUD,KRW,reference,846.86
2004-11-16,BHD,KRW,reference,2909.94
2004-11-16,CAD,KRW,reference,913.89
2004-11-16,CHF,KRW,reference,930.48
2004-11-16,CNY,KRW,reference,132.53
2004-11-16,DKK,KRW,reference,191.09
2004-11-16,EUR,KRW,reference,1419.99
2004-11-16,GBP,KRW,reference,2026.8
2004-11-16,HKD,KRW,reference,141.11
2004-11-16,IDR,KRW,reference,0.12210000000000001
2004-11-16,JPY,KRW,reference,10.4125
2004-11-16,KWD,KRW,reference,3721.96
2004-11-16,MYR,KRW,reference,288.66
2004-11-16,NOK,KRW,reference,175.16
2004-11-16,NZD,KRW,reference,768.27
2004-11-16,SAR,KRW,reference,292.5
2004-11-16,SEK,KRW,reference,158.68
2004-11-16,SGD,KRW,reference,664.32
2004-11-16,THB,KRW,reference,27.18
2004-11-16,USD,KRW,reference,1096.9
2004-11-17,AED,KRW,reference,297.6
2004-11-17,AUD,KRW,reference,844.37
2004-11-17,BHD,KRW,reference,2899.85
2004-11-17,CAD,KRW,reference,913.96
2004-11-17,CHF,KRW,reference,929.78
2004-11-17,CNY,KRW,reference,132.07
2004-11-17,DKK,KRW,reference,190.56
2004-11-17,EUR,KRW,reference,1416.49
2004-11-17,GBP,KRW,reference,2026.44
2004-11-17,HKD,KRW,reference,140.61
2004-11-17,IDR,KRW,reference,0.1217
2004-11-17,JPY,KRW,reference,10.3784
2004-11-17,KWD,KRW,reference,3707.31
2004-11-17,MYR,KRW,reference,287.66
2004-11-17,NOK,KRW,reference,174.85
2004-11-17,NZD,KRW,reference,764.46
2004-11-17,SAR,KRW,reference,291.49
2004-11-17,SEK,KRW,reference,158.07
2004-11-17,SGD,KRW,reference,662.38
2004-11-17,THB,KRW,reference,27.14
2004-11-17,USD,KRW,reference,1093.1
2004-11-18,AED,KRW,reference,296.27
2004-11-18,AUD,KRW,reference,850.75
2004-11-18,BHD,KRW,reference,2886.86
2004-11-18,CAD,KRW,reference,910.89
2004-11-18,CHF,KRW,reference,935.48
2004-11-18,CNY,KRW,reference,131.48
2004-11-18,DKK,KRW,reference,190.82
2004-11-18,EUR,KRW,reference,1418.36
2004-11-18,GBP,KRW,reference,2023.34
2004-11-18,HKD,KRW,reference,139.98
2004-11-18,IDR,KRW,reference,0.121
2004-11-18,JPY,KRW,reference,10.4559
2004-11-18,KWD,KRW,reference,3691.94
2004-11-18,MYR,KRW,reference,286.37
2004-11-18,NOK,KRW,reference,174.62
2004-11-18,NZD,KRW,reference,770.12
2004-11-18,SAR,KRW,reference,290.18
2004-11-18,SEK,KRW,reference,157.91
2004-11-18,SGD,KRW,reference,661.1
2004-11-18,THB,KRW,reference,27.11
2004-11-18,USD,KRW,reference,1088.2
2004-11-19,AED,KRW,reference,291.18
2004-11-19,AUD,KRW,reference,831.7
2004-11-19,BHD,KRW,reference,2837.25
2004-11-19,CAD,KRW,reference,886.6
2004-11-19,CHF,KRW,reference,913.36
2004-11-19,CNY,KRW,reference,129.22
2004-11-19,DKK,KRW,reference,186.49
2004-11-19,EUR,KRW,reference,1385.7
2004-11-19,GBP,KRW,reference,1977.45
2004-11-19,HKD,KRW,reference,137.54
2004-11-19,IDR,KRW,reference,0.1189
2004-11-19,JPY,KRW,reference,10.255999999999998
2004-11-19,KWD,KRW,reference,3629.11
2004-11-19,MYR,KRW,reference,281.45
2004-11-19,NOK,KRW,reference,170.51
2004-11-19,NZD,KRW,reference,755.28
2004-11-19,SAR,KRW,reference,285.19
2004-11-19,SEK,KRW,reference,154.5
2004-11-19,SGD,KRW,reference,646.91
2004-11-19,THB,KRW,reference,26.64
2004-11-19,USD,KRW,reference,1069.5
2004-11-22,AED,KRW,reference,290.93
2004-11-22,AUD,KRW,reference,838.48
2004-11-22,BHD,KRW,reference,2834.86
2004-11-22,CAD,KRW,reference,895.39
2004-11-22,CHF,KRW,reference,919.98
2004-11-22,CNY,KRW,reference,129.11
2004-11-22,DKK,KRW,reference,187.27
2004-11-22,EUR,KRW,reference,1392.23
2004-11-22,GBP,KRW,reference,1985.08
2004-11-22,HKD,KRW,reference,137.5
2004-11-22,IDR,KRW,reference,0.11939999999999999
2004-11-22,JPY,KRW,reference,10.3531
2004-11-22,KWD,KRW,reference,3625.94
2004-11-22,MYR,KRW,reference,281.21
2004-11-22,NOK,KRW,reference,170.72
2004-11-22,NZD,KRW,reference,757.42
2004-11-22,SAR,KRW,reference,284.95
2004-11-22,SEK,KRW,reference,155.27
2004-11-22,SGD,KRW,reference,649.19
2004-11-22,THB,KRW,reference,26.77
2004-11-22,USD,KRW,reference,1068.6
2004-11-23,AED,KRW,reference,289.6
2004-11-23,AUD,KRW,reference,832.5
2004-11-23,BHD,KRW,reference,2821.86
2004-11-23,CAD,KRW,reference,896.65
2004-11-23,CHF,KRW,reference,914.42
2004-11-23,CNY,KRW,reference,128.52
2004-11-23,DKK,KRW,reference,186.74
2004-11-23,EUR,KRW,reference,1387.01
2004-11-23,GBP,KRW,reference,1978.43
2004-11-23,HKD,KRW,reference,136.85
2004-11-23,IDR,KRW,reference,0.1183
2004-11-23,JPY,KRW,reference,10.3127
2004-11-23,KWD,KRW,reference,3608.82
2004-11-23,MYR,KRW,reference,279.92
2004-11-23,NOK,KRW,reference,170.14
2004-11-23,NZD,KRW,reference,754.54
2004-11-23,SAR,KRW,reference,283.65
2004-11-23,SEK,KRW,reference,154.65
2004-11-23,SGD,KRW,reference,646.72
2004-11-23,THB,KRW,reference,26.71
2004-11-23,USD,KRW,reference,1063.7
2004-11-24,AED,KRW,reference,289.82
2004-11-24,AUD,KRW,reference,837.07
2004-11-24,BHD,KRW,reference,2823.98
2004-11-24,CAD,KRW,reference,898.05
2004-11-24,CHF,KRW,reference,918.82
2004-11-24,CNY,KRW,reference,128.62
2004-11-24,DKK,KRW,reference,187.41
2004-11-24,EUR,KRW,reference,1393.06
2004-11-24,GBP,KRW,reference,1988.75
2004-11-24,HKD,KRW,reference,136.92
2004-11-24,IDR,KRW,reference,0.1183
2004-11-24,JPY,KRW,reference,10.2975
2004-11-24,KWD,KRW,reference,3612.03
2004-11-24,MYR,KRW,reference,280.13
2004-11-24,NOK,KRW,reference,170.81
2004-11-24,NZD,KRW,reference,758.46
2004-11-24,SAR,KRW,reference,283.86
2004-11-24,SEK,KRW,reference,155.38
2004-11-24,SGD,KRW,reference,647.82
2004-11-24,THB,KRW,reference,26.72
2004-11-24,USD,KRW,reference,1064.5
2004-11-25,AED,KRW,reference,290.06
2004-11-25,AUD,KRW,reference,838.52
2004-11-25,BHD,KRW,reference,2826.37
2004-11-25,CAD,KRW,reference,902.88
2004-11-25,CHF,KRW,reference,930.44
2004-11-25,CNY,KRW,reference,128.73
2004-11-25,DKK,KRW,reference,189.01
2004-11-25,EUR,KRW,reference,1404.36
2004-11-25,GBP,KRW,reference,2004.6
2004-11-25,HKD,KRW,reference,137.06
2004-11-25,IDR,KRW,reference,0.1188
2004-11-25,JPY,KRW,reference,10.3542
2004-11-25,KWD,KRW,reference,3615.08
2004-11-25,MYR,KRW,reference,280.37
2004-11-25,NOK,KRW,reference,172.22
2004-11-25,NZD,KRW,reference,756.81
2004-11-25,SAR,KRW,reference,284.1
2004-11-25,SEK,KRW,reference,157.19
2004-11-25,SGD,KRW,reference,649.1
2004-11-25,THB,KRW,reference,26.86
2004-11-25,USD,KRW,reference,1065.4
2004-11-26,AED,KRW,reference,288.67
2004-11-26,AUD,KRW,reference,840.02
2004-11-26,BHD,KRW,reference,2812.84
2004-11-26,CAD,KRW,reference,900.35
2004-11-26,CHF,KRW,reference,930.78
2004-11-26,CNY,KRW,reference,128.11
2004-11-26,DKK,KRW,reference,189.05
2004-11-26,EUR,KRW,reference,1406.7
2004-11-26,GBP,KRW,reference,2005.98
2004-11-26,HKD,KRW,reference,136.43
2004-11-26,IDR,KRW,reference,0.1184
2004-11-26,JPY,KRW,reference,10.349400000000001
2004-11-26,KWD,KRW,reference,3597.77
2004-11-26,MYR,KRW,reference,279.03
2004-11-26,NOK,KRW,reference,173.05
2004-11-26,NZD,KRW,reference,758.7
2004-11-26,SAR,KRW,reference,282.74
2004-11-26,SEK,KRW,reference,157.37
2004-11-26,SGD,KRW,reference,646.5
2004-11-26,THB,KRW,reference,26.85
2004-11-26,USD,KRW,reference,1060.3
2004-11-29,AED,KRW,reference,285.57
2004-11-29,AUD,KRW,reference,830.2
2004-11-29,BHD,KRW,reference,2782.6
2004-11-29,CAD,KRW,reference,891.96
2004-11-29,CHF,KRW,reference,919.85
2004-11-29,CNY,KRW,reference,126.73
2004-11-29,DKK,KRW,reference,187.68
2004-11-29,EUR,KRW,reference,1393.1
2004-11-29,GBP,KRW,reference,1984.78
2004-11-29,HKD,KRW,reference,134.94
2004-11-29,IDR,KRW,reference,0.1166
2004-11-29,JPY,KRW,reference,10.2167
2004-11-29,KWD,KRW,reference,3558.61
2004-11-29,MYR,KRW,reference,276.03
2004-11-29,NOK,KRW,reference,171.95
2004-11-29,NZD,KRW,reference,752.69
2004-11-29,SAR,KRW,reference,279.7
2004-11-29,SEK,KRW,reference,156.18
2004-11-29,SGD,KRW,reference,641.04
2004-11-29,THB,KRW,reference,26.62
2004-11-29,USD,KRW,reference,1048.9
2004-11-30,AED,KRW,reference,285.3
2004-11-30,AUD,KRW,reference,820.24
2004-11-30,BHD,KRW,reference,2779.94
2004-11-30,CAD,KRW,reference,883.3
2004-11-30,CHF,KRW,reference,917.32
2004-11-30,CNY,KRW,reference,126.61
2004-11-30,DKK,KRW,reference,187.24
2004-11-30,EUR,KRW,reference,1390.77
2004-11-30,GBP,KRW,reference,1984.41
2004-11-30,HKD,KRW,reference,134.77
2004-11-30,IDR,KRW,reference,0.1164
2004-11-30,JPY,KRW,reference,10.183200000000001
2004-11-30,KWD,KRW,reference,3555.7
2004-11-30,MYR,KRW,reference,275.76
2004-11-30,NOK,KRW,reference,171.54
2004-11-30,NZD,KRW,reference,749.46
2004-11-30,SAR,KRW,reference,279.43
2004-11-30,SEK,KRW,reference,156.2
2004-11-30,SGD,KRW,reference,640.13
2004-11-30,THB,KRW,reference,26.56
2004-11-30,USD,KRW,reference,1047.9
2004-12-01,AED,KRW,reference,285.35
2004-12-01,AUD,KRW,reference,811.28
2004-12-01,BHD,KRW,reference,2780.47
2004-12-01,CAD,KRW,reference,883.69
2004-12-01,CHF,KRW,reference,919.67
2004-12-01,CNY,KRW,reference,126.64
2004-12-01,DKK,KRW,reference,187.51
2004-12-01,EUR,KRW,reference,1393.55
2004-12-01,GBP,KRW,reference,2002.4
2004-12-01,HKD,KRW,reference,134.8
2004-12-01,IDR,KRW,reference,0.1165
2004-12-01,JPY,KRW,reference,10.1817
2004-12-01,KWD,KRW,reference,3556.5
2004-12-01,MYR,KRW,reference,275.82
2004-12-01,NOK,KRW,reference,170.88
2004-12-01,NZD,KRW,reference,748.13
2004-12-01,SAR,KRW,reference,279.49
2004-12-01,SEK,KRW,reference,156.01
2004-12-01,SGD,KRW,reference,640.04
2004-12-01,THB,KRW,reference,26.61
2004-12-01,USD,KRW,reference,1048.1
2004-12-02,AED,KRW,reference,285.08
2004-12-02,AUD,KRW,reference,814.54
2004-12-02,BHD,KRW,reference,2777.82
2004-12-02,CAD,KRW,reference,885.16
2004-12-02,CHF,KRW,reference,917.66
2004-12-02,CNY,KRW,reference,126.51
2004-12-02,DKK,KRW,reference,188.16
2004-12-02,EUR,KRW,reference,1396.83
2004-12-02,GBP,KRW,reference,2024.72
2004-12-02,HKD,KRW,reference,134.71
2004-12-02,IDR,KRW,reference,0.11630000000000001
2004-12-02,JPY,KRW,reference,10.2022
2004-12-02,KWD,KRW,reference,3552.5
2004-12-02,MYR,KRW,reference,275.55
2004-12-02,NOK,KRW,reference,171.03
2004-12-02,NZD,KRW,reference,752.34
2004-12-02,SAR,KRW,reference,279.22
2004-12-02,SEK,KRW,reference,155.93
2004-12-02,SGD,KRW,reference,641.64
2004-12-02,THB,KRW,reference,26.66
2004-12-02,USD,KRW,reference,1047.1
2004-12-03,AED,KRW,reference,283.72
2004-12-03,AUD,KRW,reference,807.99
2004-12-03,BHD,KRW,reference,2764.56
2004-12-03,CAD,KRW,reference,874.06
2004-12-03,CHF,KRW,reference,904.33
2004-12-03,CNY,KRW,reference,125.91
2004-12-03,DKK,KRW,reference,186.14
2004-12-03,EUR,KRW,reference,1382.4
2004-12-03,GBP,KRW,reference,2004.9
2004-12-03,HKD,KRW,reference,134.05
2004-12-03,IDR,KRW,reference,0.1155
2004-12-03,JPY,KRW,reference,10.1062
2004-12-03,KWD,KRW,reference,3535.54
2004-12-03,MYR,KRW,reference,274.24
2004-12-03,NOK,KRW,reference,168.76
2004-12-03,NZD,KRW,reference,745.99
2004-12-03,SAR,KRW,reference,277.89
2004-12-03,SEK,KRW,reference,154.04
2004-12-03,SGD,KRW,reference,635.64
2004-12-03,THB,KRW,reference,26.52
2004-12-03,USD,KRW,reference,1042.1
2004-12-06,AED,KRW,reference,284.48
2004-12-06,AUD,KRW,reference,815.6
2004-12-06,BHD,KRW,reference,2771.99
2004-12-06,CAD,KRW,reference,877.33
2004-12-06,CHF,KRW,reference,923.95
2004-12-06,CNY,KRW,reference,126.25
2004-12-06,DKK,KRW,reference,189.24
2004-12-06,EUR,KRW,reference,1405.55
2004-12-06,GBP,KRW,reference,2030.97
2004-12-06,HKD,KRW,reference,134.47
2004-12-06,IDR,KRW,reference,0.11560000000000001
2004-12-06,JPY,KRW,reference,10.243599999999999
2004-12-06,KWD,KRW,reference,3545.04
2004-12-06,MYR,KRW,reference,274.97
2004-12-06,NOK,KRW,reference,172.41
2004-12-06,NZD,KRW,reference,753.53
2004-12-06,SAR,KRW,reference,278.63
2004-12-06,SEK,KRW,reference,158.13
2004-12-06,SGD,KRW,reference,639.2
2004-12-06,THB,KRW,reference,26.74
2004-12-06,USD,KRW,reference,1044.9
2004-12-07,AED,KRW,reference,282.68
2004-12-07,AUD,KRW,reference,802.35
2004-12-07,BHD,KRW,reference,2754.48
2004-12-07,CAD,KRW,reference,864.96
2004-12-07,CHF,KRW,reference,909.11
2004-12-07,CNY,KRW,reference,125.45
2004-12-07,DKK,KRW,reference,187.35
2004-12-07,EUR,KRW,reference,1390.65
2004-12-07,GBP,KRW,reference,2010.62
2004-12-07,HKD,KRW,reference,133.61
2004-12-07,IDR,KRW,reference,0.11470000000000001
2004-12-07,JPY,KRW,reference,10.0508
2004-12-07,KWD,KRW,reference,3522.65
2004-12-07,MYR,KRW,reference,273.24
2004-12-07,NOK,KRW,reference,170.86
2004-12-07,NZD,KRW,reference,746.64
2004-12-07,SAR,KRW,reference,276.87
2004-12-07,SEK,KRW,reference,156.47
2004-12-07,SGD,KRW,reference,633.26
2004-12-07,THB,KRW,reference,26.54
2004-12-07,USD,KRW,reference,1038.3
2004-12-08,AED,KRW,reference,283.72
2004-12-08,AUD,KRW,reference,808.1
2004-12-08,BHD,KRW,reference,2764.56
2004-12-08,CAD,KRW,reference,862.59
2004-12-08,CHF,KRW,reference,913
2004-12-08,CNY,KRW,reference,125.91
2004-12-08,DKK,KRW,reference,188.36
2004-12-08,EUR,KRW,reference,1398.81
2004-12-08,GBP,KRW,reference,2026.52
2004-12-08,HKD,KRW,reference,134.11
2004-12-08,IDR,KRW,reference,0.1148
2004-12-08,JPY,KRW,reference,10.1337
2004-12-08,KWD,KRW,reference,3535.54
2004-12-08,MYR,KRW,reference,274.24
2004-12-08,NOK,KRW,reference,171.01
2004-12-08,NZD,KRW,reference,747.86
2004-12-08,SAR,KRW,reference,277.89
2004-12-08,SEK,KRW,reference,157.08
2004-12-08,SGD,KRW,reference,636.96
2004-12-08,THB,KRW,reference,26.62
2004-12-08,USD,KRW,reference,1042.1
2004-12-09,AED,KRW,reference,286.47
2004-12-09,AUD,KRW,reference,798.36
2004-12-09,BHD,KRW,reference,2791.35
2004-12-09,CAD,KRW,reference,866.4
2004-12-09,CHF,KRW,reference,917.07
2004-12-09,CNY,KRW,reference,127.13
2004-12-09,DKK,KRW,reference,188.94
2004-12-09,EUR,KRW,reference,1405.16
2004-12-09,GBP,KRW,reference,2039.16
2004-12-09,HKD,KRW,reference,135.42
2004-12-09,IDR,KRW,reference,0.11470000000000001
2004-12-09,JPY,KRW,reference,10.1295
2004-12-09,KWD,KRW,reference,3569.8
2004-12-09,MYR,KRW,reference,276.89
2004-12-09,NOK,KRW,reference,170.98
2004-12-09,NZD,KRW,reference,752.74
2004-12-09,SAR,KRW,reference,280.58
2004-12-09,SEK,KRW,reference,156.36
2004-12-09,SGD,KRW,reference,639.52
2004-12-09,THB,KRW,reference,26.66
2004-12-09,USD,KRW,reference,1052.2
2004-12-10,AED,KRW,reference,287.72
2004-12-10,AUD,KRW,reference,798.68
2004-12-10,BHD,KRW,reference,2803.55
2004-12-10,CAD,KRW,reference,864.28
2004-12-10,CHF,KRW,reference,919
2004-12-10,CNY,KRW,reference,127.69
2004-12-10,DKK,KRW,reference,189.34
2004-12-10,EUR,KRW,reference,1407.5
2004-12-10,GBP,KRW,reference,2035.19
2004-12-10,HKD,KRW,reference,135.92
2004-12-10,IDR,KRW,reference,0.11539999999999999
2004-12-10,JPY,KRW,reference,10.0999
2004-12-10,KWD,KRW,reference,3585.41
2004-12-10,MYR,KRW,reference,278.11
2004-12-10,NOK,KRW,reference,170.45
2004-12-10,NZD,KRW,reference,749.91
2004-12-10,SAR,KRW,reference,281.81
2004-12-10,SEK,KRW,reference,156.67
2004-12-10,SGD,KRW,reference,641.57
2004-12-10,THB,KRW,reference,26.64
2004-12-10,USD,KRW,reference,1056.8
2004-12-13,AED,KRW,reference,289.35
2004-12-13,AUD,KRW,reference,797.15
2004-12-13,BHD,KRW,reference,2819.47
2004-12-13,CAD,KRW,reference,867.49
2004-12-13,CHF,KRW,reference,914.04
2004-12-13,CNY,KRW,reference,128.41
2004-12-13,DKK,KRW,reference,189.15
2004-12-13,EUR,KRW,reference,1404.17
2004-12-13,GBP,KRW,reference,2029.84
2004-12-13,HKD,KRW,reference,136.69
2004-12-13,IDR,KRW,reference,0.1149
2004-12-13,JPY,KRW,reference,10.069600000000001
2004-12-13,KWD,KRW,reference,3606.26
2004-12-13,MYR,KRW,reference,279.68
2004-12-13,NOK,KRW,reference,171.3
2004-12-13,NZD,KRW,reference,749.27
2004-12-13,SAR,KRW,reference,283.41
2004-12-13,SEK,KRW,reference,156.67
2004-12-13,SGD,KRW,reference,642.49
2004-12-13,THB,KRW,reference,26.78
2004-12-13,USD,KRW,reference,1062.8
2004-12-14,AED,KRW,reference,288.89
2004-12-14,AUD,KRW,reference,807.23
2004-12-14,BHD,KRW,reference,2814.96
2004-12-14,CAD,KRW,reference,864.51
2004-12-14,CHF,KRW,reference,920.1
2004-12-14,CNY,KRW,reference,128.21
2004-12-14,DKK,KRW,reference,190.14
2004-12-14,EUR,KRW,reference,1413.23
2004-12-14,GBP,KRW,reference,2042.3
2004-12-14,HKD,KRW,reference,136.47
2004-12-14,IDR,KRW,reference,0.1144
2004-12-14,JPY,KRW,reference,10.1385
2004-12-14,KWD,KRW,reference,3600
2004-12-14,MYR,KRW,reference,279.24
2004-12-14,NOK,KRW,reference,172.19
2004-12-14,NZD,KRW,reference,753.38
2004-12-14,SAR,KRW,reference,282.95
2004-12-14,SEK,KRW,reference,157.88
2004-12-14,SGD,KRW,reference,644.36
2004-12-14,THB,KRW,reference,26.97
2004-12-14,USD,KRW,reference,1061.1
2004-12-15,AED,KRW,reference,287.53
2004-12-15,AUD,KRW,reference,799.2
2004-12-15,BHD,KRW,reference,2801.7
2004-12-15,CAD,KRW,reference,854.62
2004-12-15,CHF,KRW,reference,914.17
2004-12-15,CNY,KRW,reference,127.6
2004-12-15,DKK,KRW,reference,188.96
2004-12-15,EUR,KRW,reference,1403.93
2004-12-15,GBP,KRW,reference,2036.27
2004-12-15,HKD,KRW,reference,135.85
2004-12-15,IDR,KRW,reference,0.11349999999999999
2004-12-15,JPY,KRW,reference,10.009500000000001
2004-12-15,KWD,KRW,reference,3583.04
2004-12-15,MYR,KRW,reference,277.92
2004-12-15,NOK,KRW,reference,170.61
2004-12-15,NZD,KRW,reference,749.2
2004-12-15,SAR,KRW,reference,281.62
2004-12-15,SEK,KRW,reference,156.59
2004-12-15,SGD,KRW,reference,639.94
2004-12-15,THB,KRW,reference,26.72
2004-12-15,USD,KRW,reference,1056.1
2004-12-16,AED,KRW,reference,288.78
2004-12-16,AUD,KRW,reference,810.11
2004-12-16,BHD,KRW,reference,2813.9
2004-12-16,CAD,KRW,reference,866.27
2004-12-16,CHF,KRW,reference,929.01
2004-12-16,CNY,KRW,reference,128.16
2004-12-16,DKK,KRW,reference,191.17
2004-12-16,EUR,KRW,reference,1421.71
2004-12-16,GBP,KRW,reference,2060.2
2004-12-16,HKD,KRW,reference,136.41
2004-12-16,IDR,KRW,reference,0.11470000000000001
2004-12-16,JPY,KRW,reference,10.1687
2004-12-16,KWD,KRW,reference,3598.64
2004-12-16,MYR,KRW,reference,279.13
2004-12-16,NOK,KRW,reference,173.16
2004-12-16,NZD,KRW,reference,761.32
2004-12-16,SAR,KRW,reference,282.85
2004-12-16,SEK,KRW,reference,158.49
2004-12-16,SGD,KRW,reference,647.36
2004-12-16,THB,KRW,reference,27.02
2004-12-16,USD,KRW,reference,1060.7
2004-12-17,AED,KRW,reference,287.39
2004-12-17,AUD,KRW,reference,799.04
2004-12-17,BHD,KRW,reference,2800.37
2004-12-17,CAD,KRW,reference,854.05
2004-12-17,CHF,KRW,reference,910.24
2004-12-17,CNY,KRW,reference,127.54
2004-12-17,DKK,KRW,reference,188.09
2004-12-17,EUR,KRW,reference,1398.3
2004-12-17,GBP,KRW,reference,2038.79
2004-12-17,HKD,KRW,reference,135.77
2004-12-17,IDR,KRW,reference,0.11380000000000001
2004-12-17,JPY,KRW,reference,10.0884
2004-12-17,KWD,KRW,reference,3581.34
2004-12-17,MYR,KRW,reference,277.79
2004-12-17,NOK,KRW,reference,170.41
2004-12-17,NZD,KRW,reference,749.79
2004-12-17,SAR,KRW,reference,281.49
2004-12-17,SEK,KRW,reference,155.51
2004-12-17,SGD,KRW,reference,640.44
2004-12-17,THB,KRW,reference,26.95
2004-12-17,USD,KRW,reference,1055.6
2004-12-20,AED,KRW,reference,288.27
2004-12-20,AUD,KRW,reference,809.08
2004-12-20,BHD,KRW,reference,2808.86
2004-12-20,CAD,KRW,reference,862.46
2004-12-20,CHF,KRW,reference,916.15
2004-12-20,CNY,KRW,reference,127.93
2004-12-20,DKK,KRW,reference,189.64
2004-12-20,EUR,KRW,reference,1410.37
2004-12-20,GBP,KRW,reference,2057.09
2004-12-20,HKD,KRW,reference,136.09
2004-12-20,IDR,KRW,reference,0.1139
2004-12-20,JPY,KRW,reference,10.1661
2004-12-20,KWD,KRW,reference,3592.2
2004-12-20,MYR,KRW,reference,278.63
2004-12-20,NOK,KRW,reference,171.51
2004-12-20,NZD,KRW,reference,756.78
2004-12-20,SAR,KRW,reference,282.34
2004-12-20,SEK,KRW,reference,157.01
2004-12-20,SGD,KRW,reference,643.45
2004-12-20,THB,KRW,reference,27.01
2004-12-20,USD,KRW,reference,1058.8
2004-12-21,AED,KRW,reference,288.08
2004-12-21,AUD,KRW,reference,808.44
2004-12-21,BHD,KRW,reference,2807
2004-12-21,CAD,KRW,reference,861.96
2004-12-21,CHF,KRW,reference,920.77
2004-12-21,CNY,KRW,reference,127.84
2004-12-21,DKK,KRW,reference,190.73
2004-12-21,EUR,KRW,reference,1417.59
2004-12-21,GBP,KRW,reference,2061.13
2004-12-21,HKD,KRW,reference,136.01
2004-12-21,IDR,KRW,reference,0.11380000000000001
2004-12-21,JPY,KRW,reference,10.1613
2004-12-21,KWD,KRW,reference,3589.82
2004-12-21,MYR,KRW,reference,278.45
2004-12-21,NOK,KRW,reference,171.55
2004-12-21,NZD,KRW,reference,758.13
2004-12-21,SAR,KRW,reference,282.15
2004-12-21,SEK,KRW,reference,158.46
2004-12-21,SGD,KRW,reference,644.63
2004-12-21,THB,KRW,reference,27.1
2004-12-21,USD,KRW,reference,1058.1
2004-12-22,AED,KRW,reference,287.34
2004-12-22,AUD,KRW,reference,808.7
2004-12-22,BHD,KRW,reference,2799.84
2004-12-22,CAD,KRW,reference,856.48
2004-12-22,CHF,KRW,reference,914.56
2004-12-22,CNY,KRW,reference,127.52
2004-12-22,DKK,KRW,reference,189.78
2004-12-22,EUR,KRW,reference,1410.12
2004-12-22,GBP,KRW,reference,2035.29
2004-12-22,HKD,KRW,reference,135.65
2004-12-22,IDR,KRW,reference,0.1133
2004-12-22,JPY,KRW,reference,10.1058
2004-12-22,KWD,KRW,reference,3580.66
2004-12-22,MYR,KRW,reference,277.74
2004-12-22,NOK,KRW,reference,170.66
2004-12-22,NZD,KRW,reference,749.49
2004-12-22,SAR,KRW,reference,281.43
2004-12-22,SEK,KRW,reference,156.9
2004-12-22,SGD,KRW,reference,643.38
2004-12-22,THB,KRW,reference,27.07
2004-12-22,USD,KRW,reference,1055.4
2004-12-23,AED,KRW,reference,287.64
2004-12-23,AUD,KRW,reference,806.69
2004-12-23,BHD,KRW,reference,2802.76
2004-12-23,CAD,KRW,reference,851.09
2004-12-23,CHF,KRW,reference,916.66
2004-12-23,CNY,KRW,reference,127.65
2004-12-23,DKK,KRW,reference,190.22
2004-12-23,EUR,KRW,reference,1414.44
2004-12-23,GBP,KRW,reference,2023.3
2004-12-23,HKD,KRW,reference,135.76
2004-12-23,IDR,KRW,reference,0.1134
2004-12-23,JPY,KRW,reference,10.135299999999999
2004-12-23,KWD,KRW,reference,3584.39
2004-12-23,MYR,KRW,reference,278.03
2004-12-23,NOK,KRW,reference,170.55
2004-12-23,NZD,KRW,reference,752.02
2004-12-23,SAR,KRW,reference,281.73
2004-12-23,SEK,KRW,reference,156.65
2004-12-23,SGD,KRW,reference,644.21
2004-12-23,THB,KRW,reference,27.06
2004-12-23,USD,KRW,reference,1056.5
2004-12-24,AED,KRW,reference,286.14
2004-12-24,AUD,KRW,reference,805.85
2004-12-24,BHD,KRW,reference,2788.17
2004-12-24,CAD,KRW,reference,853.08
2004-12-24,CHF,KRW,reference,918.75
2004-12-24,CNY,KRW,reference,126.99
2004-12-24,DKK,KRW,reference,190.81
2004-12-24,EUR,KRW,reference,1419.43
2004-12-24,GBP,KRW,reference,2021.7
2004-12-24,HKD,KRW,reference,135.06
2004-12-24,IDR,KRW,reference,0.1133
2004-12-24,JPY,KRW,reference,10.1423
2004-12-24,KWD,KRW,reference,3565.73
2004-12-24,MYR,KRW,reference,276.58
2004-12-24,NOK,KRW,reference,171.44
2004-12-24,NZD,KRW,reference,749.26
2004-12-24,SAR,KRW,reference,280.26
2004-12-24,SEK,KRW,reference,157.24
2004-12-24,SGD,KRW,reference,641.71
2004-12-24,THB,KRW,reference,26.93
2004-12-24,USD,KRW,reference,1051
2004-12-27,AED,KRW,reference,284.84
2004-12-27,AUD,KRW,reference,804.58
2004-12-27,BHD,KRW,reference,2775.43
2004-12-27,CAD,KRW,reference,850.85
2004-12-27,CHF,KRW,reference,915.11
2004-12-27,CNY,KRW,reference,126.41
2004-12-27,DKK,KRW,reference,190.23
2004-12-27,EUR,KRW,reference,1415.14
2004-12-27,GBP,KRW,reference,2011.84
2004-12-27,HKD,KRW,reference,134.43
2004-12-27,IDR,KRW,reference,0.113
2004-12-27,JPY,KRW,reference,10.083400000000001
2004-12-27,KWD,KRW,reference,3549.45
2004-12-27,MYR,KRW,reference,275.32
2004-12-27,NOK,KRW,reference,170.82
2004-12-27,NZD,KRW,reference,750.18
2004-12-27,SAR,KRW,reference,278.98
2004-12-27,SEK,KRW,reference,156.65
2004-12-27,SGD,KRW,reference,637.85
2004-12-27,THB,KRW,reference,26.89
2004-12-27,USD,KRW,reference,1046.2
2004-12-28,AED,KRW,reference,285.24
2004-12-28,AUD,KRW,reference,814.95
2004-12-28,BHD,KRW,reference,2779.41
2004-12-28,CAD,KRW,reference,859.44
2004-12-28,CHF,KRW,reference,922.56
2004-12-28,CNY,KRW,reference,126.59
2004-12-28,DKK,KRW,reference,191.74
2004-12-28,EUR,KRW,reference,1426.86
2004-12-28,GBP,KRW,reference,2025.73
2004-12-28,HKD,KRW,reference,134.61
2004-12-28,IDR,KRW,reference,0.11289999999999999
2004-12-28,JPY,KRW,reference,10.1684
2004-12-28,KWD,KRW,reference,3554.54
2004-12-28,MYR,KRW,reference,275.71
2004-12-28,NOK,KRW,reference,172.36
2004-12-28,NZD,KRW,reference,757.17
2004-12-28,SAR,KRW,reference,279.38
2004-12-28,SEK,KRW,reference,158.38
2004-12-28,SGD,KRW,reference,639.7
2004-12-28,THB,KRW,reference,26.85
2004-12-28,USD,KRW,reference,1047.7
2004-12-29,AED,KRW,reference,283.8
2004-12-29,AUD,KRW,reference,811.46
2004-12-29,BHD,KRW,reference,2765.35
2004-12-29,CAD,KRW,reference,856.15
2004-12-29,CHF,KRW,reference,919.59
2004-12-29,CNY,KRW,reference,125.95
2004-12-29,DKK,KRW,reference,190.7
2004-12-29,EUR,KRW,reference,1419.28
2004-12-29,GBP,KRW,reference,2010.69
2004-12-29,HKD,KRW,reference,134.06
2004-12-29,IDR,KRW,reference,0.1119
2004-12-29,JPY,KRW,reference,10.113
2004-12-29,KWD,KRW,reference,3536.56
2004-12-29,MYR,KRW,reference,274.32
2004-12-29,NOK,KRW,reference,171.47
2004-12-29,NZD,KRW,reference,751.47
2004-12-29,SAR,KRW,reference,277.97
2004-12-29,SEK,KRW,reference,157.92
2004-12-29,SGD,KRW,reference,637.34
2004-12-29,THB,KRW,reference,26.7
2004-12-29,USD,KRW,reference,1042.4
2004-12-30,AED,KRW,reference,284.02
2004-12-30,AUD,KRW,reference,807.18
2004-12-30,BHD,KRW,reference,2767.48
2004-12-30,CAD,KRW,reference,861.29
2004-12-30,CHF,KRW,reference,920.46
2004-12-30,CNY,KRW,reference,126.04
2004-12-30,DKK,KRW,reference,190.89
2004-12-30,EUR,KRW,reference,1419.69
2004-12-30,GBP,KRW,reference,2001.59
2004-12-30,HKD,KRW,reference,134.11
2004-12-30,IDR,KRW,reference,0.1119
2004-12-30,JPY,KRW,reference,10.0491
2004-12-30,KWD,KRW,reference,3539.27
2004-12-30,MYR,KRW,reference,274.53
2004-12-30,NOK,KRW,reference,171.41
2004-12-30,NZD,KRW,reference,744.79
2004-12-30,SAR,KRW,reference,278.18
2004-12-30,SEK,KRW,reference,157.65
2004-12-30,SGD,KRW,reference,636.84
2004-12-30,THB,KRW,reference,26.68
2004-12-30,USD,KRW,reference,1043.2
2004-12-31,AED,KRW,reference,284.18
2004-12-31,AUD,KRW,reference,812.96
2004-12-31,BHD,KRW,reference,2769.07
2004-12-31,CAD,KRW,reference,866.87
2004-12-31,CHF,KRW,reference,921.72
2004-12-31,CNY,KRW,reference,126.12
2004-12-31,DKK,KRW,reference,191.42
2004-12-31,EUR,KRW,reference,1422.96
2004-12-31,GBP,KRW,reference,2009
2004-12-31,HKD,KRW,reference,134.23
2004-12-31,IDR,KRW,reference,0.11199999999999999
2004-12-31,JPY,KRW,reference,10.120700000000001
2004-12-31,KWD,KRW,reference,3541.31
2004-12-31,MYR,KRW,reference,274.68
2004-12-31,NOK,KRW,reference,172.56
2004-12-31,NZD,KRW,reference,749.87
2004-12-31,SAR,KRW,reference,278.34
2004-12-31,SEK,KRW,reference,157.8
2004-12-31,SGD,KRW,reference,637.42
2004-12-31,THB,KRW,reference,26.79
2004-12-31,USD,KRW,reference,1043.8
