date,base,quote,type,value
2000-01-01,AUD,NPR,buy,44.64
2000-01-01,AUD,NPR,sell,45.06
2000-01-01,CAD,NPR,buy,47.12
2000-01-01,CAD,NPR,sell,47.56
2000-01-01,CHF,NPR,buy,42.81
2000-01-01,CHF,NPR,sell,43.22
2000-01-01,DKK,NPR,buy,9.24
2000-01-01,EUR,NPR,buy,68.72
2000-01-01,EUR,NPR,sell,69.37
2000-01-01,GBP,NPR,buy,110.7
2000-01-01,GBP,NPR,sell,111.75
2000-01-01,HKD,NPR,buy,8.8
2000-01-01,INR,NPR,buy,1.6
2000-01-01,INR,NPR,sell,1.6015000000000001
2000-01-01,JPY,NPR,buy,0.669
2000-01-01,JPY,NPR,sell,0.6759999999999999
2000-01-01,SAR,NPR,buy,18.24
2000-01-01,SEK,NPR,buy,8.02
2000-01-01,SGD,NPR,buy,41.06
2000-01-01,SGD,NPR,sell,41.45
2000-01-01,USD,NPR,buy,68.4
2000-01-01,USD,NPR,sell,69.05
2000-01-02,AUD,NPR,buy,44.64
2000-01-02,AUD,NPR,sell,45.06
2000-01-02,CAD,NPR,buy,47.12
2000-01-02,CAD,NPR,sell,47.56
2000-01-02,CHF,NPR,buy,42.81
2000-01-02,CHF,NPR,sell,43.22
2000-01-02,DKK,NPR,buy,9.24
2000-01-02,EUR,NPR,buy,68.72
2000-01-02,EUR,NPR,sell,69.37
2000-01-02,GBP,NPR,buy,110.7
2000-01-02,GBP,NPR,sell,111.75
2000-01-02,HKD,NPR,buy,8.8
2000-01-02,INR,NPR,buy,1.6
2000-01-02,INR,NPR,sell,1.6015000000000001
2000-01-02,JPY,NPR,buy,0.669
2000-01-02,JPY,NPR,sell,0.6759999999999999
2000-01-02,SAR,NPR,buy,18.24
2000-01-02,SEK,NPR,buy,8.02
2000-01-02,SGD,NPR,buy,41.06
2000-01-02,SGD,NPR,sell,41.45
2000-01-02,USD,NPR,buy,68.4
2000-01-02,USD,NPR,sell,69.05
2000-01-03,AUD,NPR,buy,44.64
2000-01-03,AUD,NPR,sell,45.06
2000-01-03,CAD,NPR,buy,47.12
2000-01-03,CAD,NPR,sell,47.56
2000-01-03,CHF,NPR,buy,42.81
2000-01-03,CHF,NPR,sell,43.22
2000-01-03,DKK,NPR,buy,9.24
2000-01-03,EUR,NPR,buy,68.72
2000-01-03,EUR,NPR,sell,69.37
2000-01-03,GBP,NPR,buy,110.7
2000-01-03,GBP,NPR,sell,111.75
2000-01-03,HKD,NPR,buy,8.8
2000-01-03,INR,NPR,buy,1.6
2000-01-03,INR,NPR,sell,1.6015000000000001
2000-01-03,JPY,NPR,buy,0.669
2000-01-03,JPY,NPR,sell,0.6759999999999999
2000-01-03,SAR,NPR,buy,18.24
2000-01-03,SEK,NPR,buy,8.02
2000-01-03,SGD,NPR,buy,41.06
2000-01-03,SGD,NPR,sell,41.45
2000-01-03,USD,NPR,buy,68.4
2000-01-03,USD,NPR,sell,69.05
2000-01-04,AUD,NPR,buy,44.64
2000-01-04,AUD,NPR,sell,45.06
2000-01-04,CAD,NPR,buy,47.12
2000-01-04,CAD,NPR,sell,47.56
2000-01-04,CHF,NPR,buy,42.81
2000-01-04,CHF,NPR,sell,43.22
2000-01-04,DKK,NPR,buy,9.24
2000-01-04,EUR,NPR,buy,68.72
2000-01-04,EUR,NPR,sell,69.37
2000-01-04,GBP,NPR,buy,110.7
2000-01-04,GBP,NPR,sell,111.75
2000-01-04,HKD,NPR,buy,8.8
2000-01-04,INR,NPR,buy,1.6
2000-01-04,INR,NPR,sell,1.6015000000000001
2000-01-04,JPY,NPR,buy,0.669
2000-01-04,JPY,NPR,sell,0.6759999999999999
2000-01-04,SAR,NPR,buy,18.24
2000-01-04,SEK,NPR,buy,8.02
2000-01-04,SGD,NPR,buy,41.06
2000-01-04,SGD,NPR,sell,41.45
2000-01-04,USD,NPR,buy,68.4
2000-01-04,USD,NPR,sell,69.05
2000-01-05,AUD,NPR,buy,45
2000-01-05,AUD,NPR,sell,45.43
2000-01-05,CAD,NPR,buy,47.26
2000-01-05,CAD,NPR,sell,47.7
2000-01-05,CHF,NPR,buy,43.77
2000-01-05,CHF,NPR,sell,44.18
2000-01-05,DKK,NPR,buy,9.42
2000-01-05,EUR,NPR,buy,70.14
2000-01-05,EUR,NPR,sell,70.81
2000-01-05,GBP,NPR,buy,111.85
2000-01-05,GBP,NPR,sell,112.91
2000-01-05,HKD,NPR,buy,8.79
2000-01-05,INR,NPR,buy,1.6
2000-01-05,INR,NPR,sell,1.6015000000000001
2000-01-05,JPY,NPR,buy,0.6639999999999999
2000-01-05,JPY,NPR,sell,0.671
2000-01-05,SAR,NPR,buy,18.24
2000-01-05,SEK,NPR,buy,8.16
2000-01-05,SGD,NPR,buy,41.45
2000-01-05,SGD,NPR,sell,41.85
2000-01-05,USD,NPR,buy,68.4
2000-01-05,USD,NPR,sell,69.05
2000-01-06,AUD,NPR,buy,44.9
2000-01-06,AUD,NPR,sell,45.33
2000-01-06,CAD,NPR,buy,47.04
2000-01-06,CAD,NPR,sell,47.49
2000-01-06,CHF,NPR,buy,44.25
2000-01-06,CHF,NPR,sell,44.67
2000-01-06,DKK,NPR,buy,9.54
2000-01-06,EUR,NPR,buy,71.01
2000-01-06,EUR,NPR,sell,71.69
2000-01-06,GBP,NPR,buy,112.37
2000-01-06,GBP,NPR,sell,113.44
2000-01-06,HKD,NPR,buy,8.79
2000-01-06,INR,NPR,buy,1.6
2000-01-06,INR,NPR,sell,1.6015000000000001
2000-01-06,JPY,NPR,buy,0.662
2000-01-06,JPY,NPR,sell,0.669
2000-01-06,SAR,NPR,buy,18.24
2000-01-06,SEK,NPR,buy,8.2
2000-01-06,SGD,NPR,buy,41.27
2000-01-06,SGD,NPR,sell,41.67
2000-01-06,USD,NPR,buy,68.4
2000-01-06,USD,NPR,sell,69.05
2000-01-07,AUD,NPR,buy,44.86
2000-01-07,AUD,NPR,sell,45.28
2000-01-07,CAD,NPR,buy,47.08
2000-01-07,CAD,NPR,sell,47.53
2000-01-07,CHF,NPR,buy,44.08
2000-01-07,CHF,NPR,sell,44.5
2000-01-07,DKK,NPR,buy,9.5
2000-01-07,EUR,NPR,buy,70.71
2000-01-07,EUR,NPR,sell,71.38
2000-01-07,GBP,NPR,buy,112.42
2000-01-07,GBP,NPR,sell,113.49
2000-01-07,HKD,NPR,buy,8.79
2000-01-07,INR,NPR,buy,1.6
2000-01-07,INR,NPR,sell,1.6015000000000001
2000-01-07,JPY,NPR,buy,0.6559999999999999
2000-01-07,JPY,NPR,sell,0.662
2000-01-07,SAR,NPR,buy,18.24
2000-01-07,SEK,NPR,buy,8.18
2000-01-07,SGD,NPR,buy,41.16
2000-01-07,SGD,NPR,sell,41.55
2000-01-07,USD,NPR,buy,68.4
2000-01-07,USD,NPR,sell,69.05
2000-01-08,AUD,NPR,buy,44.75
2000-01-08,AUD,NPR,sell,45.18
2000-01-08,CAD,NPR,buy,46.88
2000-01-08,CAD,NPR,sell,47.32
2000-01-08,CHF,NPR,buy,43.87
2000-01-08,CHF,NPR,sell,44.29
2000-01-08,DKK,NPR,buy,9.47
2000-01-08,EUR,NPR,buy,70.48
2000-01-08,EUR,NPR,sell,71.15
2000-01-08,GBP,NPR,buy,112.57
2000-01-08,GBP,NPR,sell,113.64
2000-01-08,HKD,NPR,buy,8.79
2000-01-08,INR,NPR,buy,1.6
2000-01-08,INR,NPR,sell,1.6015000000000001
2000-01-08,JPY,NPR,buy,0.649
2000-01-08,JPY,NPR,sell,0.655
2000-01-08,SAR,NPR,buy,18.24
2000-01-08,SEK,NPR,buy,8.17
2000-01-08,SGD,NPR,buy,41.14
2000-01-08,SGD,NPR,sell,41.53
2000-01-08,USD,NPR,buy,68.4
2000-01-08,USD,NPR,sell,69.05
2000-01-09,AUD,NPR,buy,44.75
2000-01-09,AUD,NPR,sell,45.18
2000-01-09,CAD,NPR,buy,46.88
2000-01-09,CAD,NPR,sell,47.32
2000-01-09,CHF,NPR,buy,43.87
2000-01-09,CHF,NPR,sell,44.29
2000-01-09,DKK,NPR,buy,9.47
2000-01-09,EUR,NPR,buy,70.48
2000-01-09,EUR,NPR,sell,71.15
2000-01-09,GBP,NPR,buy,112.57
2000-01-09,GBP,NPR,sell,113.64
2000-01-09,HKD,NPR,buy,8.79
2000-01-09,INR,NPR,buy,1.6
2000-01-09,INR,NPR,sell,1.6015000000000001
2000-01-09,JPY,NPR,buy,0.649
2000-01-09,JPY,NPR,sell,0.655
2000-01-09,SAR,NPR,buy,18.24
2000-01-09,SEK,NPR,buy,8.17
2000-01-09,SGD,NPR,buy,41.14
2000-01-09,SGD,NPR,sell,41.53
2000-01-09,USD,NPR,buy,68.4
2000-01-09,USD,NPR,sell,69.05
2000-01-10,AUD,NPR,buy,44.75
2000-01-10,AUD,NPR,sell,45.18
2000-01-10,CAD,NPR,buy,46.88
2000-01-10,CAD,NPR,sell,47.32
2000-01-10,CHF,NPR,buy,43.87
2000-01-10,CHF,NPR,sell,44.29
2000-01-10,DKK,NPR,buy,9.47
2000-01-10,EUR,NPR,buy,70.48
2000-01-10,EUR,NPR,sell,71.15
2000-01-10,GBP,NPR,buy,112.57
2000-01-10,GBP,NPR,sell,113.64
2000-01-10,HKD,NPR,buy,8.79
2000-01-10,INR,NPR,buy,1.6
2000-01-10,INR,NPR,sell,1.6015000000000001
2000-01-10,JPY,NPR,buy,0.649
2000-01-10,JPY,NPR,sell,0.655
2000-01-10,SAR,NPR,buy,18.24
2000-01-10,SEK,NPR,buy,8.17
2000-01-10,SGD,NPR,buy,41.14
2000-01-10,SGD,NPR,sell,41.53
2000-01-10,USD,NPR,buy,68.4
2000-01-10,USD,NPR,sell,69.05
2000-01-11,AUD,NPR,buy,44.87
2000-01-11,AUD,NPR,sell,45.3
2000-01-11,CAD,NPR,buy,46.98
2000-01-11,CAD,NPR,sell,47.43
2000-01-11,CHF,NPR,buy,43.63
2000-01-11,CHF,NPR,sell,44.04
2000-01-11,DKK,NPR,buy,9.43
2000-01-11,EUR,NPR,buy,70.22
2000-01-11,EUR,NPR,sell,70.89
2000-01-11,GBP,NPR,buy,111.74
2000-01-11,GBP,NPR,sell,112.8
2000-01-11,HKD,NPR,buy,8.79
2000-01-11,INR,NPR,buy,1.6
2000-01-11,INR,NPR,sell,1.6015000000000001
2000-01-11,JPY,NPR,buy,65.4
2000-01-11,JPY,NPR,sell,0.6599999999999999
2000-01-11,SAR,NPR,buy,18.24
2000-01-11,SEK,NPR,buy,8.12
2000-01-11,SGD,NPR,buy,41.21
2000-01-11,SGD,NPR,sell,41.6
2000-01-11,USD,NPR,buy,68.4
2000-01-11,USD,NPR,sell,69.05
2000-01-12,AUD,NPR,buy,44.84
2000-01-12,AUD,NPR,sell,45.26
2000-01-12,CAD,NPR,buy,46.98
2000-01-12,CAD,NPR,sell,47.43
2000-01-12,CHF,NPR,buy,43.71
2000-01-12,CHF,NPR,sell,44.12
2000-01-12,DKK,NPR,buy,9.45
2000-01-12,EUR,NPR,buy,70.36
2000-01-12,EUR,NPR,sell,71.03
2000-01-12,GBP,NPR,buy,112.2
2000-01-12,GBP,NPR,sell,113.27
2000-01-12,HKD,NPR,buy,8.79
2000-01-12,INR,NPR,buy,1.6
2000-01-12,INR,NPR,sell,1.6015000000000001
2000-01-12,JPY,NPR,buy,0.647
2000-01-12,JPY,NPR,sell,0.653
2000-01-12,SAR,NPR,buy,18.24
2000-01-12,SEK,NPR,buy,8.13
2000-01-12,SGD,NPR,buy,40.98
2000-01-12,SGD,NPR,sell,41.37
2000-01-12,USD,NPR,buy,68.4
2000-01-12,USD,NPR,sell,69.05
2000-01-13,AUD,NPR,buy,45.06
2000-01-13,AUD,NPR,sell,45.49
2000-01-13,CAD,NPR,buy,46.98
2000-01-13,CAD,NPR,sell,47.43
2000-01-13,CHF,NPR,buy,44.01
2000-01-13,CHF,NPR,sell,44.43
2000-01-13,DKK,NPR,buy,9.52
2000-01-13,EUR,NPR,buy,70.85
2000-01-13,EUR,NPR,sell,71.52
2000-01-13,GBP,NPR,buy,112.88
2000-01-13,GBP,NPR,sell,113.95
2000-01-13,HKD,NPR,buy,8.79
2000-01-13,INR,NPR,buy,1.6
2000-01-13,INR,NPR,sell,1.6015000000000001
2000-01-13,JPY,NPR,buy,0.647
2000-01-13,JPY,NPR,sell,0.653
2000-01-13,SAR,NPR,buy,18.24
2000-01-13,SEK,NPR,buy,8.17
2000-01-13,SGD,NPR,buy,41.01
2000-01-13,SGD,NPR,sell,41.4
2000-01-13,USD,NPR,buy,68.4
2000-01-13,USD,NPR,sell,69.05
2000-01-14,AUD,NPR,buy,45.4
2000-01-14,AUD,NPR,sell,45.84
2000-01-14,CAD,NPR,buy,47.1
2000-01-14,CAD,NPR,sell,47.55
2000-01-14,CHF,NPR,buy,43.73
2000-01-14,CHF,NPR,sell,44.15
2000-01-14,DKK,NPR,buy,9.46
2000-01-14,EUR,NPR,buy,70.41
2000-01-14,EUR,NPR,sell,71.08
2000-01-14,GBP,NPR,buy,112.55
2000-01-14,GBP,NPR,sell,113.62
2000-01-14,HKD,NPR,buy,8.79
2000-01-14,INR,NPR,buy,1.6
2000-01-14,INR,NPR,sell,1.6015000000000001
2000-01-14,JPY,NPR,buy,0.647
2000-01-14,JPY,NPR,sell,0.653
2000-01-14,SAR,NPR,buy,18.24
2000-01-14,SEK,NPR,buy,8.14
2000-01-14,SGD,NPR,buy,40.98
2000-01-14,SGD,NPR,sell,41.37
2000-01-14,USD,NPR,buy,68.4
2000-01-14,USD,NPR,sell,69.05
2000-01-15,AUD,NPR,buy,45.52
2000-01-15,AUD,NPR,sell,45.95
2000-01-15,CAD,NPR,buy,47.14
2000-01-15,CAD,NPR,sell,47.59
2000-01-15,CHF,NPR,buy,43.43
2000-01-15,CHF,NPR,sell,43.84
2000-01-15,DKK,NPR,buy,9.4
2000-01-15,EUR,NPR,buy,69.99
2000-01-15,EUR,NPR,sell,70.66
2000-01-15,GBP,NPR,buy,112.56
2000-01-15,GBP,NPR,sell,113.63
2000-01-15,HKD,NPR,buy,8.79
2000-01-15,INR,NPR,buy,1.6
2000-01-15,INR,NPR,sell,1.6015000000000001
2000-01-15,JPY,NPR,buy,0.648
2000-01-15,JPY,NPR,sell,0.654
2000-01-15,SAR,NPR,buy,18.24
2000-01-15,SEK,NPR,buy,8.11
2000-01-15,SGD,NPR,buy,40.87
2000-01-15,SGD,NPR,sell,41.26
2000-01-15,USD,NPR,buy,68.4
2000-01-15,USD,NPR,sell,69.05
2000-01-16,AUD,NPR,buy,45.52
2000-01-16,AUD,NPR,sell,45.95
2000-01-16,CAD,NPR,buy,47.14
2000-01-16,CAD,NPR,sell,47.59
2000-01-16,CHF,NPR,buy,43.43
2000-01-16,CHF,NPR,sell,43.84
2000-01-16,DKK,NPR,buy,9.4
2000-01-16,EUR,NPR,buy,69.99
2000-01-16,EUR,NPR,sell,70.66
2000-01-16,GBP,NPR,buy,112.56
2000-01-16,GBP,NPR,sell,113.63
2000-01-16,HKD,NPR,buy,8.79
2000-01-16,INR,NPR,buy,1.6
2000-01-16,INR,NPR,sell,1.6015000000000001
2000-01-16,JPY,NPR,buy,0.648
2000-01-16,JPY,NPR,sell,0.654
2000-01-16,SAR,NPR,buy,18.24
2000-01-16,SEK,NPR,buy,8.11
2000-01-16,SGD,NPR,buy,40.87
2000-01-16,SGD,NPR,sell,41.26
2000-01-16,USD,NPR,buy,68.4
2000-01-16,USD,NPR,sell,69.05
2000-01-17,AUD,NPR,buy,45.52
2000-01-17,AUD,NPR,sell,45.95
2000-01-17,CAD,NPR,buy,47.14
2000-01-17,CAD,NPR,sell,47.59
2000-01-17,CHF,NPR,buy,43.43
2000-01-17,CHF,NPR,sell,43.84
2000-01-17,DKK,NPR,buy,9.4
2000-01-17,EUR,NPR,buy,69.99
2000-01-17,EUR,NPR,sell,70.66
2000-01-17,GBP,NPR,buy,112.56
2000-01-17,GBP,NPR,sell,113.63
2000-01-17,HKD,NPR,buy,8.79
2000-01-17,INR,NPR,buy,1.6
2000-01-17,INR,NPR,sell,1.6015000000000001
2000-01-17,JPY,NPR,buy,0.648
2000-01-17,JPY,NPR,sell,0.654
2000-01-17,SAR,NPR,buy,18.24
2000-01-17,SEK,NPR,buy,8.11
2000-01-17,SGD,NPR,buy,40.87
2000-01-17,SGD,NPR,sell,41.26
2000-01-17,USD,NPR,buy,68.4
2000-01-17,USD,NPR,sell,69.05
2000-01-18,AUD,NPR,buy,45.42
2000-01-18,AUD,NPR,sell,45.86
2000-01-18,CAD,NPR,buy,47.12
2000-01-18,CAD,NPR,sell,47.56
2000-01-18,CHF,NPR,buy,43.87
2000-01-18,CHF,NPR,sell,43.28
2000-01-18,DKK,NPR,buy,9.29
2000-01-18,EUR,NPR,buy,69.17
2000-01-18,EUR,NPR,sell,69.83
2000-01-18,GBP,NPR,buy,111.95
2000-01-18,GBP,NPR,sell,113.01
2000-01-18,HKD,NPR,buy,8.79
2000-01-18,INR,NPR,buy,1.6
2000-01-18,INR,NPR,sell,1.6015000000000001
2000-01-18,JPY,NPR,buy,0.65
2000-01-18,JPY,NPR,sell,0.6559999999999999
2000-01-18,SAR,NPR,buy,18.24
2000-01-18,SEK,NPR,buy,8.07
2000-01-18,SGD,NPR,buy,40.84
2000-01-18,SGD,NPR,sell,41.23
2000-01-18,USD,NPR,buy,68.4
2000-01-18,USD,NPR,sell,69.05
2000-01-19,AUD,NPR,buy,40.93
2000-01-19,AUD,NPR,sell,41.32
2000-01-19,CAD,NPR,buy,48.74
2000-01-19,CAD,NPR,sell,49.2
2000-01-19,CHF,NPR,buy,44.97
2000-01-19,CHF,NPR,sell,45.4
2000-01-19,DKK,NPR,buy,9.25
2000-01-19,EUR,NPR,buy,69.1
2000-01-19,EUR,NPR,sell,69.76
2000-01-19,GBP,NPR,buy,108.46
2000-01-19,GBP,NPR,sell,109.49
2000-01-19,HKD,NPR,buy,9.44
2000-01-19,INR,NPR,buy,1.6
2000-01-19,INR,NPR,sell,1.6015000000000001
2000-01-19,JPY,NPR,buy,0.619
2000-01-19,JPY,NPR,sell,0.624
2000-01-19,SAR,NPR,buy,19.64
2000-01-19,SEK,NPR,buy,7.78
2000-01-19,SGD,NPR,buy,42.38
2000-01-19,SGD,NPR,sell,42.78
2000-01-19,USD,NPR,buy,73.65
2000-01-19,USD,NPR,sell,74.35
2000-01-20,AUD,NPR,buy,41.33
2000-01-20,AUD,NPR,sell,41.72
2000-01-20,CAD,NPR,buy,48.75
2000-01-20,CAD,NPR,sell,49.22
2000-01-20,CHF,NPR,buy,45.59
2000-01-20,CHF,NPR,sell,46.03
2000-01-20,DKK,NPR,buy,9.34
2000-01-20,EUR,NPR,buy,69.75
2000-01-20,EUR,NPR,sell,70.41
2000-01-20,GBP,NPR,buy,108.6
2000-01-20,GBP,NPR,sell,109.63
2000-01-20,HKD,NPR,buy,9.44
2000-01-20,INR,NPR,buy,1.6
2000-01-20,INR,NPR,sell,1.6015000000000001
2000-01-20,JPY,NPR,buy,0.625
2000-01-20,JPY,NPR,sell,0.631
2000-01-20,SAR,NPR,buy,19.64
2000-01-20,SEK,NPR,buy,7.84
2000-01-20,SGD,NPR,buy,42.34
2000-01-20,SGD,NPR,sell,42.75
2000-01-20,USD,NPR,buy,73.65
2000-01-20,USD,NPR,sell,74.35
2000-01-21,AUD,NPR,buy,45.35
2000-01-21,AUD,NPR,sell,45.78
2000-01-21,CAD,NPR,buy,47.11
2000-01-21,CAD,NPR,sell,47.55
2000-01-21,CHF,NPR,buy,42.9
2000-01-21,CHF,NPR,sell,43.31
2000-01-21,DKK,NPR,buy,9.31
2000-01-21,EUR,NPR,buy,69.31
2000-01-21,EUR,NPR,sell,69.97
2000-01-21,GBP,NPR,buy,112.5
2000-01-21,GBP,NPR,sell,113.57
2000-01-21,HKD,NPR,buy,8.79
2000-01-21,INR,NPR,buy,1.6
2000-01-21,INR,NPR,sell,1.6015000000000001
2000-01-21,JPY,NPR,buy,64.8
2000-01-21,JPY,NPR,sell,0.654
2000-01-21,SAR,NPR,buy,18.24
2000-01-21,SEK,NPR,buy,8.05
2000-01-21,SGD,NPR,buy,40.82
2000-01-21,SGD,NPR,sell,41.2
2000-01-21,USD,NPR,buy,68.4
2000-01-21,USD,NPR,sell,69.05
2000-01-22,AUD,NPR,buy,45.49
2000-01-22,AUD,NPR,sell,45.93
2000-01-22,CAD,NPR,buy,47.28
2000-01-22,CAD,NPR,sell,47.73
2000-01-22,CHF,NPR,buy,43.19
2000-01-22,CHF,NPR,sell,43.6
2000-01-22,DKK,NPR,buy,9.34
2000-01-22,EUR,NPR,buy,69.52
2000-01-22,EUR,NPR,sell,70.18
2000-01-22,GBP,NPR,buy,113.33
2000-01-22,GBP,NPR,sell,114.4
2000-01-22,HKD,NPR,buy,8.79
2000-01-22,INR,NPR,buy,1.6
2000-01-22,INR,NPR,sell,1.6015000000000001
2000-01-22,JPY,NPR,buy,0.6519999999999999
2000-01-22,JPY,NPR,sell,0.659
2000-01-22,SAR,NPR,buy,18.24
2000-01-22,SEK,NPR,buy,8.1
2000-01-22,SGD,NPR,buy,40.82
2000-01-22,SGD,NPR,sell,41.2
2000-01-22,USD,NPR,buy,68.4
2000-01-22,USD,NPR,sell,69.05
2000-01-23,AUD,NPR,buy,45.49
2000-01-23,AUD,NPR,sell,45.93
2000-01-23,CAD,NPR,buy,47.28
2000-01-23,CAD,NPR,sell,47.73
2000-01-23,CHF,NPR,buy,43.19
2000-01-23,CHF,NPR,sell,43.6
2000-01-23,DKK,NPR,buy,9.34
2000-01-23,EUR,NPR,buy,69.52
2000-01-23,EUR,NPR,sell,70.18
2000-01-23,GBP,NPR,buy,113.33
2000-01-23,GBP,NPR,sell,114.4
2000-01-23,HKD,NPR,buy,8.79
2000-01-23,INR,NPR,buy,1.6
2000-01-23,INR,NPR,sell,1.6015000000000001
2000-01-23,JPY,NPR,buy,0.6519999999999999
2000-01-23,JPY,NPR,sell,0.659
2000-01-23,SAR,NPR,buy,18.24
2000-01-23,SEK,NPR,buy,8.1
2000-01-23,SGD,NPR,buy,40.82
2000-01-23,SGD,NPR,sell,41.2
2000-01-23,USD,NPR,buy,68.4
2000-01-23,USD,NPR,sell,69.05
2000-01-24,AUD,NPR,buy,45.49
2000-01-24,AUD,NPR,sell,45.93
2000-01-24,CAD,NPR,buy,47.28
2000-01-24,CAD,NPR,sell,47.73
2000-01-24,CHF,NPR,buy,43.19
2000-01-24,CHF,NPR,sell,43.6
2000-01-24,DKK,NPR,buy,9.34
2000-01-24,EUR,NPR,buy,69.52
2000-01-24,EUR,NPR,sell,70.18
2000-01-24,GBP,NPR,buy,113.33
2000-01-24,GBP,NPR,sell,114.4
2000-01-24,HKD,NPR,buy,8.79
2000-01-24,INR,NPR,buy,1.6
2000-01-24,INR,NPR,sell,1.6015000000000001
2000-01-24,JPY,NPR,buy,0.6519999999999999
2000-01-24,JPY,NPR,sell,0.659
2000-01-24,SAR,NPR,buy,18.24
2000-01-24,SEK,NPR,buy,8.1
2000-01-24,SGD,NPR,buy,40.82
2000-01-24,SGD,NPR,sell,41.2
2000-01-24,USD,NPR,buy,68.4
2000-01-24,USD,NPR,sell,69.05
2000-01-25,AUD,NPR,buy,44.94
2000-01-25,AUD,NPR,sell,45.37
2000-01-25,CAD,NPR,buy,47.48
2000-01-25,CAD,NPR,sell,47.93
2000-01-25,CHF,NPR,buy,42.61
2000-01-25,CHF,NPR,sell,43.01
2000-01-25,DKK,NPR,buy,9.23
2000-01-25,EUR,NPR,buy,68.69
2000-01-25,EUR,NPR,sell,69.35
2000-01-25,GBP,NPR,buy,112.9
2000-01-25,GBP,NPR,sell,113.97
2000-01-25,HKD,NPR,buy,8.79
2000-01-25,INR,NPR,buy,1.6
2000-01-25,INR,NPR,sell,1.6015000000000001
2000-01-25,JPY,NPR,buy,0.6519999999999999
2000-01-25,JPY,NPR,sell,0.658
2000-01-25,SAR,NPR,buy,18.24
2000-01-25,SEK,NPR,buy,8.01
2000-01-25,SGD,NPR,buy,40.65
2000-01-25,SGD,NPR,sell,41.04
2000-01-25,USD,NPR,buy,68.4
2000-01-25,USD,NPR,sell,69.05
2000-01-26,AUD,NPR,buy,45.07
2000-01-26,AUD,NPR,sell,45.5
2000-01-26,CAD,NPR,buy,47.58
2000-01-26,CAD,NPR,sell,48.03
2000-01-26,CHF,NPR,buy,42.9
2000-01-26,CHF,NPR,sell,43.31
2000-01-26,DKK,NPR,buy,9.28
2000-01-26,EUR,NPR,buy,68.08
2000-01-26,EUR,NPR,sell,69.74
2000-01-26,GBP,NPR,buy,113.33
2000-01-26,GBP,NPR,sell,114.41
2000-01-26,HKD,NPR,buy,8.82
2000-01-26,INR,NPR,buy,1.6
2000-01-26,INR,NPR,sell,1.6015000000000001
2000-01-26,JPY,NPR,buy,0.648
2000-01-26,JPY,NPR,sell,0.654
2000-01-26,SAR,NPR,buy,18.3
2000-01-26,SEK,NPR,buy,8.11
2000-01-26,SGD,NPR,buy,40.73
2000-01-26,SGD,NPR,sell,41.12
2000-01-26,USD,NPR,buy,68.65
2000-01-26,USD,NPR,sell,69.3
2000-01-27,AUD,NPR,buy,44.9
2000-01-27,AUD,NPR,sell,45.32
2000-01-27,CAD,NPR,buy,47.73
2000-01-27,CAD,NPR,sell,48.19
2000-01-27,CHF,NPR,buy,42.64
2000-01-27,CHF,NPR,sell,43.04
2000-01-27,DKK,NPR,buy,9.24
2000-01-27,EUR,NPR,buy,68.77
2000-01-27,EUR,NPR,sell,69.42
2000-01-27,GBP,NPR,buy,112.85
2000-01-27,GBP,NPR,sell,113.92
2000-01-27,HKD,NPR,buy,8.82
2000-01-27,INR,NPR,buy,1.6
2000-01-27,INR,NPR,sell,1.6015000000000001
2000-01-27,JPY,NPR,buy,0.648
2000-01-27,JPY,NPR,sell,0.654
2000-01-27,SAR,NPR,buy,18.3
2000-01-27,SEK,NPR,buy,8.07
2000-01-27,SGD,NPR,buy,40.63
2000-01-27,SGD,NPR,sell,41.02
2000-01-27,USD,NPR,buy,68.65
2000-01-27,USD,NPR,sell,69.3
2000-01-28,AUD,NPR,buy,44.78
2000-01-28,AUD,NPR,sell,45.2
2000-01-28,CAD,NPR,buy,47.7
2000-01-28,CAD,NPR,sell,48.15
2000-01-28,CHF,NPR,buy,42.66
2000-01-28,CHF,NPR,sell,43.06
2000-01-28,DKK,NPR,buy,9.23
2000-01-28,EUR,NPR,buy,68.73
2000-01-28,EUR,NPR,sell,69.38
2000-01-28,GBP,NPR,buy,112.5
2000-01-28,GBP,NPR,sell,113.57
2000-01-28,HKD,NPR,buy,8.82
2000-01-28,INR,NPR,buy,1.6
2000-01-28,INR,NPR,sell,1.6015000000000001
2000-01-28,JPY,NPR,buy,0.649
2000-01-28,JPY,NPR,sell,0.655
2000-01-28,SAR,NPR,buy,18.3
2000-01-28,SEK,NPR,buy,8.05
2000-01-28,SGD,NPR,buy,40.63
2000-01-28,SGD,NPR,sell,41.02
2000-01-28,USD,NPR,buy,68.65
2000-01-28,USD,NPR,sell,69.3
2000-01-29,AUD,NPR,buy,44.68
2000-01-29,AUD,NPR,sell,45.1
2000-01-29,CAD,NPR,buy,47.85
2000-01-29,CAD,NPR,sell,48.31
2000-01-29,CHF,NPR,buy,41.89
2000-01-29,CHF,NPR,sell,42.29
2000-01-29,DKK,NPR,buy,9.07
2000-01-29,EUR,NPR,buy,67.54
2000-01-29,EUR,NPR,sell,68.18
2000-01-29,GBP,NPR,buy,111.58
2000-01-29,GBP,NPR,sell,112.63
2000-01-29,HKD,NPR,buy,8.82
2000-01-29,INR,NPR,buy,1.6
2000-01-29,INR,NPR,sell,1.6015000000000001
2000-01-29,JPY,NPR,buy,0.654
2000-01-29,JPY,NPR,sell,0.661
2000-01-29,SAR,NPR,buy,18.3
2000-01-29,SEK,NPR,buy,7.93
2000-01-29,SGD,NPR,buy,40.33
2000-01-29,SGD,NPR,sell,40.71
2000-01-29,USD,NPR,buy,68.65
2000-01-29,USD,NPR,sell,69.3
2000-01-30,AUD,NPR,buy,44.68
2000-01-30,AUD,NPR,sell,45.1
2000-01-30,CAD,NPR,buy,47.85
2000-01-30,CAD,NPR,sell,48.31
2000-01-30,CHF,NPR,buy,41.89
2000-01-30,CHF,NPR,sell,42.29
2000-01-30,DKK,NPR,buy,9.07
2000-01-30,EUR,NPR,buy,67.54
2000-01-30,EUR,NPR,sell,68.18
2000-01-30,GBP,NPR,buy,11.58
2000-01-30,GBP,NPR,sell,112.63
2000-01-30,HKD,NPR,buy,8.82
2000-01-30,INR,NPR,buy,1.6
2000-01-30,INR,NPR,sell,1.6015000000000001
2000-01-30,JPY,NPR,buy,0.554
2000-01-30,JPY,NPR,sell,0.661
2000-01-30,SAR,NPR,buy,18.3
2000-01-30,SEK,NPR,buy,7.93
2000-01-30,SGD,NPR,buy,40.33
2000-01-30,SGD,NPR,sell,40.71
2000-01-30,USD,NPR,buy,68.65
2000-01-30,USD,NPR,sell,69.3
2000-01-31,AUD,NPR,buy,44.68
2000-01-31,AUD,NPR,sell,45.1
2000-01-31,CAD,NPR,buy,47.85
2000-01-31,CAD,NPR,sell,48.31
2000-01-31,CHF,NPR,buy,41.89
2000-01-31,CHF,NPR,sell,42.29
2000-01-31,DKK,NPR,buy,9.07
2000-01-31,EUR,NPR,buy,67.54
2000-01-31,EUR,NPR,sell,68.18
2000-01-31,GBP,NPR,buy,111.58
2000-01-31,GBP,NPR,sell,112.63
2000-01-31,HKD,NPR,buy,8.82
2000-01-31,INR,NPR,buy,1.6
2000-01-31,INR,NPR,sell,1.6015000000000001
2000-01-31,JPY,NPR,buy,0.654
2000-01-31,JPY,NPR,sell,0.661
2000-01-31,SAR,NPR,buy,18.3
2000-01-31,SEK,NPR,buy,7.93
2000-01-31,SGD,NPR,buy,40.33
2000-01-31,SGD,NPR,sell,40.71
2000-01-31,USD,NPR,buy,68.65
2000-01-31,USD,NPR,sell,69.3
2000-02-01,AUD,NPR,buy,43.72
2000-02-01,AUD,NPR,sell,44.13
2000-02-01,CAD,NPR,buy,47.48
2000-02-01,CAD,NPR,sell,47.93
2000-02-01,CHF,NPR,buy,41.77
2000-02-01,CHF,NPR,sell,42.16
2000-02-01,DKK,NPR,buy,9.04
2000-02-01,EUR,NPR,buy,67.27
2000-02-01,EUR,NPR,sell,67.91
2000-02-01,GBP,NPR,buy,111.38
2000-02-01,GBP,NPR,sell,112.43
2000-02-01,HKD,NPR,buy,8.82
2000-02-01,INR,NPR,buy,1.6
2000-02-01,INR,NPR,sell,1.6015000000000001
2000-02-01,JPY,NPR,buy,0.644
2000-02-01,JPY,NPR,sell,0.65
2000-02-01,SAR,NPR,buy,18.3
2000-02-01,SEK,NPR,buy,7.84
2000-02-01,SGD,NPR,buy,40.35
2000-02-01,SGD,NPR,sell,40.73
2000-02-01,USD,NPR,buy,68.65
2000-02-01,USD,NPR,sell,69.3
2000-02-02,AUD,NPR,buy,43.72
2000-02-02,AUD,NPR,sell,44.13
2000-02-02,CAD,NPR,buy,47.42
2000-02-02,CAD,NPR,sell,47.86
2000-02-02,CHF,NPR,buy,41.42
2000-02-02,CHF,NPR,sell,41.81
2000-02-02,DKK,NPR,buy,8.95
2000-02-02,EUR,NPR,buy,66.57
2000-02-02,EUR,NPR,sell,67.2
2000-02-02,GBP,NPR,buy,111
2000-02-02,GBP,NPR,sell,112.05
2000-02-02,HKD,NPR,buy,8.82
2000-02-02,INR,NPR,buy,1.6
2000-02-02,INR,NPR,sell,1.6015000000000001
2000-02-02,JPY,NPR,buy,0.64
2000-02-02,JPY,NPR,sell,0.646
2000-02-02,SAR,NPR,buy,18.3
2000-02-02,SEK,NPR,buy,7.76
2000-02-02,SGD,NPR,buy,40.47
2000-02-02,SGD,NPR,sell,40.85
2000-02-02,USD,NPR,buy,68.65
2000-02-02,USD,NPR,sell,69.3
2000-02-03,AUD,NPR,buy,43.7
2000-02-03,AUD,NPR,sell,44.11
2000-02-03,CAD,NPR,buy,47.31
2000-02-03,CAD,NPR,sell,47.76
2000-02-03,CHF,NPR,buy,41.46
2000-02-03,CHF,NPR,sell,41.85
2000-02-03,DKK,NPR,buy,8.96
2000-02-03,EUR,NPR,buy,66.71
2000-02-03,EUR,NPR,sell,67.35
2000-02-03,GBP,NPR,buy,110.64
2000-02-03,GBP,NPR,sell,111.69
2000-02-03,HKD,NPR,buy,8.82
2000-02-03,INR,NPR,buy,1.6
2000-02-03,INR,NPR,sell,1.6015000000000001
2000-02-03,JPY,NPR,buy,0.633
2000-02-03,JPY,NPR,sell,0.639
2000-02-03,SAR,NPR,buy,18.3
2000-02-03,SEK,NPR,buy,7.81
2000-02-03,SGD,NPR,buy,40.4
2000-02-03,SGD,NPR,sell,40.78
2000-02-03,USD,NPR,buy,68.65
2000-02-03,USD,NPR,sell,69.3
2000-02-04,AUD,NPR,buy,43.42
2000-02-04,AUD,NPR,sell,43.83
2000-02-04,CAD,NPR,buy,47.68
2000-02-04,CAD,NPR,sell,48.13
2000-02-04,CHF,NPR,buy,41.51
2000-02-04,CHF,NPR,sell,41.9
2000-02-04,DKK,NPR,buy,8.99
2000-02-04,EUR,NPR,buy,66.89
2000-02-04,EUR,NPR,sell,67.52
2000-02-04,GBP,NPR,buy,110.11
2000-02-04,GBP,NPR,sell,111.15
2000-02-04,HKD,NPR,buy,8.82
2000-02-04,INR,NPR,buy,1.6
2000-02-04,INR,NPR,sell,1.6015000000000001
2000-02-04,JPY,NPR,buy,0.635
2000-02-04,JPY,NPR,sell,0.641
2000-02-04,SAR,NPR,buy,18.3
2000-02-04,SEK,NPR,buy,7.88
2000-02-04,SGD,NPR,buy,40.5
2000-02-04,SGD,NPR,sell,40.88
2000-02-04,USD,NPR,buy,68.65
2000-02-04,USD,NPR,sell,69.3
2000-02-05,AUD,NPR,buy,43.59
2000-02-05,AUD,NPR,sell,44.01
2000-02-05,CAD,NPR,buy,47.61
2000-02-05,CAD,NPR,sell,48.06
2000-02-05,CHF,NPR,buy,42.42
2000-02-05,CHF,NPR,sell,42.82
2000-02-05,DKK,NPR,buy,9.16
2000-02-05,EUR,NPR,buy,68.2
2000-02-05,EUR,NPR,sell,68.85
2000-02-05,GBP,NPR,buy,109.36
2000-02-05,GBP,NPR,sell,110.39
2000-02-05,HKD,NPR,buy,8.82
2000-02-05,INR,NPR,buy,1.6
2000-02-05,INR,NPR,sell,1.6015000000000001
2000-02-05,JPY,NPR,buy,0.639
2000-02-05,JPY,NPR,sell,0.646
2000-02-05,SAR,NPR,buy,18.3
2000-02-05,SEK,NPR,buy,8.03
2000-02-05,SGD,NPR,buy,40.72
2000-02-05,SGD,NPR,sell,41.1
2000-02-05,USD,NPR,buy,68.65
2000-02-05,USD,NPR,sell,69.3
2000-02-06,AUD,NPR,buy,43.59
2000-02-06,AUD,NPR,sell,44.01
2000-02-06,CAD,NPR,buy,47.61
2000-02-06,CAD,NPR,sell,48.06
2000-02-06,CHF,NPR,buy,42.42
2000-02-06,CHF,NPR,sell,42.82
2000-02-06,DKK,NPR,buy,9.16
2000-02-06,EUR,NPR,buy,68.2
2000-02-06,EUR,NPR,sell,68.85
2000-02-06,GBP,NPR,buy,109.36
2000-02-06,GBP,NPR,sell,110.39
2000-02-06,HKD,NPR,buy,8.82
2000-02-06,INR,NPR,buy,1.6
2000-02-06,INR,NPR,sell,1.6015000000000001
2000-02-06,JPY,NPR,buy,0.639
2000-02-06,JPY,NPR,sell,0.646
2000-02-06,SAR,NPR,buy,18.3
2000-02-06,SEK,NPR,buy,8.03
2000-02-06,SGD,NPR,buy,40.72
2000-02-06,SGD,NPR,sell,41.1
2000-02-06,USD,NPR,buy,68.65
2000-02-06,USD,NPR,sell,69.3
2000-02-07,AUD,NPR,buy,43.59
2000-02-07,AUD,NPR,sell,44.01
2000-02-07,CAD,NPR,buy,47.61
2000-02-07,CAD,NPR,sell,48.06
2000-02-07,CHF,NPR,buy,42.42
2000-02-07,CHF,NPR,sell,42.82
2000-02-07,DKK,NPR,buy,9.16
2000-02-07,EUR,NPR,buy,68.2
2000-02-07,EUR,NPR,sell,68.85
2000-02-07,GBP,NPR,buy,109.36
2000-02-07,GBP,NPR,sell,110.39
2000-02-07,HKD,NPR,buy,8.82
2000-02-07,INR,NPR,buy,1.6
2000-02-07,INR,NPR,sell,1.6015000000000001
2000-02-07,JPY,NPR,buy,0.639
2000-02-07,JPY,NPR,sell,0.646
2000-02-07,SAR,NPR,buy,18.3
2000-02-07,SEK,NPR,buy,8.03
2000-02-07,SGD,NPR,buy,40.72
2000-02-07,SGD,NPR,sell,41.1
2000-02-07,USD,NPR,buy,68.65
2000-02-07,USD,NPR,sell,69.3
2000-02-08,AUD,NPR,buy,43.87
2000-02-08,AUD,NPR,sell,44.28
2000-02-08,CAD,NPR,buy,47.69
2000-02-08,CAD,NPR,sell,48.14
2000-02-08,CHF,NPR,buy,41.93
2000-02-08,CHF,NPR,sell,42.32
2000-02-08,DKK,NPR,buy,9.05
2000-02-08,EUR,NPR,buy,67.36
2000-02-08,EUR,NPR,sell,68
2000-02-08,GBP,NPR,buy,109.38
2000-02-08,GBP,NPR,sell,110.42
2000-02-08,HKD,NPR,buy,8.82
2000-02-08,INR,NPR,buy,1.6
2000-02-08,INR,NPR,sell,1.6015000000000001
2000-02-08,JPY,NPR,buy,0.637
2000-02-08,JPY,NPR,sell,0.643
2000-02-08,SAR,NPR,buy,18.3
2000-02-08,SEK,NPR,buy,7.95
2000-02-08,SGD,NPR,buy,40.59
2000-02-08,SGD,NPR,sell,40.97
2000-02-08,USD,NPR,buy,68.65
2000-02-08,USD,NPR,sell,69.3
2000-02-10,AUD,NPR,buy,43.48
2000-02-10,AUD,NPR,sell,43.89
2000-02-10,CAD,NPR,buy,47.43
2000-02-10,CAD,NPR,sell,47.88
2000-02-10,CHF,NPR,buy,42.35
2000-02-10,CHF,NPR,sell,42.75
2000-02-10,DKK,NPR,buy,9.15
2000-02-10,EUR,NPR,buy,68.14
2000-02-10,EUR,NPR,sell,68.79
2000-02-10,GBP,NPR,buy,110.68
2000-02-10,GBP,NPR,sell,111.73
2000-02-10,HKD,NPR,buy,8.82
2000-02-10,INR,NPR,buy,1.6
2000-02-10,INR,NPR,sell,1.6015000000000001
2000-02-10,JPY,NPR,buy,0.631
2000-02-10,JPY,NPR,sell,0.637
2000-02-10,SAR,NPR,buy,18.3
2000-02-10,SEK,NPR,buy,8.01
2000-02-10,SGD,NPR,buy,40.58
2000-02-10,SGD,NPR,sell,40.96
2000-02-10,USD,NPR,buy,68.65
2000-02-10,USD,NPR,sell,69.3
2000-02-11,AUD,NPR,buy,43.46
2000-02-11,AUD,NPR,sell,43.87
2000-02-11,CAD,NPR,buy,47.45
2000-02-11,CAD,NPR,sell,47.9
2000-02-11,CHF,NPR,buy,42.44
2000-02-11,CHF,NPR,sell,42.85
2000-02-11,DKK,NPR,buy,9.16
2000-02-11,EUR,NPR,buy,68.18
2000-02-11,EUR,NPR,sell,68.83
2000-02-11,GBP,NPR,buy,110.74
2000-02-11,GBP,NPR,sell,111.79
2000-02-11,HKD,NPR,buy,8.82
2000-02-11,INR,NPR,buy,1.6
2000-02-11,INR,NPR,sell,1.6015000000000001
2000-02-11,JPY,NPR,buy,0.632
2000-02-11,JPY,NPR,sell,0.638
2000-02-11,SAR,NPR,buy,18.3
2000-02-11,SEK,NPR,buy,8.04
2000-02-11,SGD,NPR,buy,40.57
2000-02-11,SGD,NPR,sell,40.96
2000-02-11,USD,NPR,buy,68.65
2000-02-11,USD,NPR,sell,69.3
2000-02-12,AUD,NPR,buy,42.26
2000-02-12,AUD,NPR,sell,43.67
2000-02-12,CAD,NPR,buy,47.39
2000-02-12,CAD,NPR,sell,47.83
2000-02-12,CHF,NPR,buy,42.19
2000-02-12,CHF,NPR,sell,42.59
2000-02-12,DKK,NPR,buy,9.1
2000-02-12,EUR,NPR,buy,67.75
2000-02-12,EUR,NPR,sell,68.39
2000-02-12,GBP,NPR,buy,110.33
2000-02-12,GBP,NPR,sell,111.38
2000-02-12,HKD,NPR,buy,8.82
2000-02-12,INR,NPR,buy,1.6
2000-02-12,INR,NPR,sell,1.6015000000000001
2000-02-12,JPY,NPR,buy,0.629
2000-02-12,JPY,NPR,sell,0.635
2000-02-12,SAR,NPR,buy,18.3
2000-02-12,SEK,NPR,buy,8.01
2000-02-12,SGD,NPR,buy,40.54
2000-02-12,SGD,NPR,sell,40.92
2000-02-12,USD,NPR,buy,68.65
2000-02-12,USD,NPR,sell,69.3
2000-02-13,AUD,NPR,buy,42.26
2000-02-13,AUD,NPR,sell,43.67
2000-02-13,CAD,NPR,buy,47.39
2000-02-13,CAD,NPR,sell,47.83
2000-02-13,CHF,NPR,buy,42.19
2000-02-13,CHF,NPR,sell,42.59
2000-02-13,DKK,NPR,buy,9.1
2000-02-13,EUR,NPR,buy,67.75
2000-02-13,EUR,NPR,sell,68.39
2000-02-13,GBP,NPR,buy,110.33
2000-02-13,GBP,NPR,sell,111.38
2000-02-13,HKD,NPR,buy,8.82
2000-02-13,INR,NPR,buy,1.6
2000-02-13,INR,NPR,sell,1.6015000000000001
2000-02-13,JPY,NPR,buy,0.629
2000-02-13,JPY,NPR,sell,0.635
2000-02-13,SAR,NPR,buy,18.3
2000-02-13,SEK,NPR,buy,8.01
2000-02-13,SGD,NPR,buy,40.54
2000-02-13,SGD,NPR,sell,40.92
2000-02-13,USD,NPR,buy,68.65
2000-02-13,USD,NPR,sell,69.3
2000-02-14,AUD,NPR,buy,42.26
2000-02-14,AUD,NPR,sell,43.67
2000-02-14,CAD,NPR,buy,47.39
2000-02-14,CAD,NPR,sell,47.83
2000-02-14,CHF,NPR,buy,42.19
2000-02-14,CHF,NPR,sell,42.59
2000-02-14,DKK,NPR,buy,9.1
2000-02-14,EUR,NPR,buy,67.75
2000-02-14,EUR,NPR,sell,68.39
2000-02-14,GBP,NPR,buy,110.33
2000-02-14,GBP,NPR,sell,111.38
2000-02-14,HKD,NPR,buy,8.82
2000-02-14,INR,NPR,buy,1.6
2000-02-14,INR,NPR,sell,1.6015000000000001
2000-02-14,JPY,NPR,buy,0.629
2000-02-14,JPY,NPR,sell,0.635
2000-02-14,SAR,NPR,buy,18.3
2000-02-14,SEK,NPR,buy,8.01
2000-02-14,SGD,NPR,buy,40.54
2000-02-14,SGD,NPR,sell,40.92
2000-02-14,USD,NPR,buy,68.65
2000-02-14,USD,NPR,sell,69.3
2000-02-15,AUD,NPR,buy,43.42
2000-02-15,AUD,NPR,sell,43.83
2000-02-15,CAD,NPR,buy,47.27
2000-02-15,CAD,NPR,sell,47.72
2000-02-15,CHF,NPR,buy,42.31
2000-02-15,CHF,NPR,sell,42.71
2000-02-15,DKK,NPR,buy,9.12
2000-02-15,EUR,NPR,buy,67.88
2000-02-15,EUR,NPR,sell,68.52
2000-02-15,GBP,NPR,buy,109.39
2000-02-15,GBP,NPR,sell,110.43
2000-02-15,HKD,NPR,buy,8.82
2000-02-15,INR,NPR,buy,1.6
2000-02-15,INR,NPR,sell,1.6015000000000001
2000-02-15,JPY,NPR,buy,0.634
2000-02-15,JPY,NPR,sell,0.64
2000-02-15,SAR,NPR,buy,18.3
2000-02-15,SEK,NPR,buy,8
2000-02-15,SGD,NPR,buy,40.52
2000-02-15,SGD,NPR,sell,40.9
2000-02-15,USD,NPR,buy,68.65
2000-02-15,USD,NPR,sell,69.3
2000-02-16,AUD,NPR,buy,43.05
2000-02-16,AUD,NPR,sell,43.46
2000-02-16,CAD,NPR,buy,47.14
2000-02-16,CAD,NPR,sell,47.58
2000-02-16,CHF,NPR,buy,41.88
2000-02-16,CHF,NPR,sell,42.28
2000-02-16,DKK,NPR,buy,9.04
2000-02-16,EUR,NPR,buy,67.31
2000-02-16,EUR,NPR,sell,67.95
2000-02-16,GBP,NPR,buy,108.94
2000-02-16,GBP,NPR,sell,109.97
2000-02-16,HKD,NPR,buy,8.82
2000-02-16,INR,NPR,buy,1.6
2000-02-16,INR,NPR,sell,1.6015000000000001
2000-02-16,JPY,NPR,buy,0.629
2000-02-16,JPY,NPR,sell,0.635
2000-02-16,SAR,NPR,buy,18.3
2000-02-16,SEK,NPR,buy,7.95
2000-02-16,SGD,NPR,buy,40.49
2000-02-16,SGD,NPR,sell,40.88
2000-02-16,USD,NPR,buy,68.65
2000-02-16,USD,NPR,sell,69.3
2000-02-17,AUD,NPR,buy,43.38
2000-02-17,AUD,NPR,sell,43.79
2000-02-17,CAD,NPR,buy,47.18
2000-02-17,CAD,NPR,sell,47.63
2000-02-17,CHF,NPR,buy,41.94
2000-02-17,CHF,NPR,sell,42.34
2000-02-17,DKK,NPR,buy,9.04
2000-02-17,EUR,NPR,buy,67.32
2000-02-17,EUR,NPR,sell,67.96
2000-02-17,GBP,NPR,buy,109.54
2000-02-17,GBP,NPR,sell,110.58
2000-02-17,HKD,NPR,buy,8.82
2000-02-17,INR,NPR,buy,1.6
2000-02-17,INR,NPR,sell,1.6015000000000001
2000-02-17,JPY,NPR,buy,0.629
2000-02-17,JPY,NPR,sell,0.635
2000-02-17,SAR,NPR,buy,18.3
2000-02-17,SEK,NPR,buy,7.9
2000-02-17,SGD,NPR,buy,40.32
2000-02-17,SGD,NPR,sell,40.7
2000-02-17,USD,NPR,buy,68.65
2000-02-17,USD,NPR,sell,69.3
2000-02-18,AUD,NPR,buy,43.41
2000-02-18,AUD,NPR,sell,43.83
2000-02-18,CAD,NPR,buy,47.26
2000-02-18,CAD,NPR,sell,47.71
2000-02-18,CHF,NPR,buy,42.23
2000-02-18,CHF,NPR,sell,42.63
2000-02-18,DKK,NPR,buy,9.1
2000-02-18,EUR,NPR,buy,67.79
2000-02-18,EUR,NPR,sell,68.43
2000-02-18,GBP,NPR,buy,110.26
2000-02-18,GBP,NPR,sell,111.3
2000-02-18,HKD,NPR,buy,8.82
2000-02-18,INR,NPR,buy,1.6
2000-02-18,INR,NPR,sell,1.6015000000000001
2000-02-18,JPY,NPR,buy,0.624
2000-02-18,JPY,NPR,sell,0.629
2000-02-18,SAR,NPR,buy,18.3
2000-02-18,SEK,NPR,buy,7.95
2000-02-18,SGD,NPR,buy,40.26
2000-02-18,SGD,NPR,sell,40.64
2000-02-18,USD,NPR,buy,68.65
2000-02-18,USD,NPR,sell,69.3
2000-02-19,AUD,NPR,buy,43.49
2000-02-19,AUD,NPR,sell,43.9
2000-02-19,CAD,NPR,buy,47.37
2000-02-19,CAD,NPR,sell,47.81
2000-02-19,CHF,NPR,buy,42.28
2000-02-19,CHF,NPR,sell,42.68
2000-02-19,DKK,NPR,buy,9.11
2000-02-19,EUR,NPR,buy,67.82
2000-02-19,EUR,NPR,sell,68.46
2000-02-19,GBP,NPR,buy,110.25
2000-02-19,GBP,NPR,sell,111.3
2000-02-19,HKD,NPR,buy,8.82
2000-02-19,INR,NPR,buy,1.6
2000-02-19,INR,NPR,sell,1.6015000000000001
2000-02-19,JPY,NPR,buy,0.62
2000-02-19,JPY,NPR,sell,0.626
2000-02-19,SAR,NPR,buy,18.3
2000-02-19,SEK,NPR,buy,7.95
2000-02-19,SGD,NPR,buy,40.28
2000-02-19,SGD,NPR,sell,40.66
2000-02-19,USD,NPR,buy,68.65
2000-02-19,USD,NPR,sell,69.3
2000-02-20,AUD,NPR,buy,43.49
2000-02-20,AUD,NPR,sell,43.9
2000-02-20,CAD,NPR,buy,47.37
2000-02-20,CAD,NPR,sell,47.81
2000-02-20,CHF,NPR,buy,42.28
2000-02-20,CHF,NPR,sell,42.68
2000-02-20,DKK,NPR,buy,9.11
2000-02-20,EUR,NPR,buy,67.82
2000-02-20,EUR,NPR,sell,68.46
2000-02-20,GBP,NPR,buy,110.25
2000-02-20,GBP,NPR,sell,111.3
2000-02-20,HKD,NPR,buy,8.82
2000-02-20,INR,NPR,buy,1.6
2000-02-20,INR,NPR,sell,1.6015000000000001
2000-02-20,JPY,NPR,buy,0.62
2000-02-20,JPY,NPR,sell,0.626
2000-02-20,SAR,NPR,buy,18.3
2000-02-20,SEK,NPR,buy,7.95
2000-02-20,SGD,NPR,buy,40.28
2000-02-20,SGD,NPR,sell,40.66
2000-02-20,USD,NPR,buy,68.65
2000-02-20,USD,NPR,sell,69.3
2000-02-21,AUD,NPR,buy,43.49
2000-02-21,AUD,NPR,sell,43.9
2000-02-21,CAD,NPR,buy,47.37
2000-02-21,CAD,NPR,sell,47.81
2000-02-21,CHF,NPR,buy,42.28
2000-02-21,CHF,NPR,sell,42.68
2000-02-21,DKK,NPR,buy,9.11
2000-02-21,EUR,NPR,buy,67.82
2000-02-21,EUR,NPR,sell,68.46
2000-02-21,GBP,NPR,buy,110.25
2000-02-21,GBP,NPR,sell,111.3
2000-02-21,HKD,NPR,buy,8.82
2000-02-21,INR,NPR,buy,1.6
2000-02-21,INR,NPR,sell,1.6015000000000001
2000-02-21,JPY,NPR,buy,0.62
2000-02-21,JPY,NPR,sell,0.626
2000-02-21,SAR,NPR,buy,18.3
2000-02-21,SEK,NPR,buy,7.95
2000-02-21,SGD,NPR,buy,40.28
2000-02-21,SGD,NPR,sell,40.66
2000-02-21,USD,NPR,buy,68.65
2000-02-21,USD,NPR,sell,69.3
2000-02-22,AUD,NPR,buy,43.08
2000-02-22,AUD,NPR,sell,43.49
2000-02-22,CAD,NPR,buy,47.36
2000-02-22,CAD,NPR,sell,47.81
2000-02-22,CHF,NPR,buy,42.28
2000-02-22,CHF,NPR,sell,42.68
2000-02-22,DKK,NPR,buy,9.11
2000-02-22,EUR,NPR,buy,67.81
2000-02-22,EUR,NPR,sell,68.45
2000-02-22,GBP,NPR,buy,109.86
2000-02-22,GBP,NPR,sell,110.9
2000-02-22,HKD,NPR,buy,8.82
2000-02-22,INR,NPR,buy,1.6
2000-02-22,INR,NPR,sell,1.6015000000000001
2000-02-22,JPY,NPR,buy,0.62
2000-02-22,JPY,NPR,sell,0.626
2000-02-22,SAR,NPR,buy,18.3
2000-02-22,SEK,NPR,buy,7.92
2000-02-22,SGD,NPR,buy,40.2
2000-02-22,SGD,NPR,sell,40.58
2000-02-22,USD,NPR,buy,68.65
2000-02-22,USD,NPR,sell,69.3
2000-02-23,AUD,NPR,buy,42.94
2000-02-23,AUD,NPR,sell,43.35
2000-02-23,CAD,NPR,buy,47.12
2000-02-23,CAD,NPR,sell,47.56
2000-02-23,CHF,NPR,buy,42.65
2000-02-23,CHF,NPR,sell,43.05
2000-02-23,DKK,NPR,buy,9.19
2000-02-23,EUR,NPR,buy,68.45
2000-02-23,EUR,NPR,sell,69.1
2000-02-23,GBP,NPR,buy,110.4
2000-02-23,GBP,NPR,sell,111.45
2000-02-23,HKD,NPR,buy,8.82
2000-02-23,INR,NPR,buy,1.6
2000-02-23,INR,NPR,sell,1.6015000000000001
2000-02-23,JPY,NPR,buy,0.617
2000-02-23,JPY,NPR,sell,0.623
2000-02-23,SAR,NPR,buy,18.3
2000-02-23,SEK,NPR,buy,7.97
2000-02-23,SGD,NPR,buy,40.24
2000-02-23,SGD,NPR,sell,40.62
2000-02-23,USD,NPR,buy,68.65
2000-02-23,USD,NPR,sell,69.3
2000-02-24,AUD,NPR,buy,42.67
2000-02-24,AUD,NPR,sell,43.07
2000-02-24,CAD,NPR,buy,46.88
2000-02-24,CAD,NPR,sell,47.33
2000-02-24,CHF,NPR,buy,42.86
2000-02-24,CHF,NPR,sell,43.27
2000-02-24,DKK,NPR,buy,9.26
2000-02-24,EUR,NPR,buy,68.97
2000-02-24,EUR,NPR,sell,69.62
2000-02-24,GBP,NPR,buy,110.73
2000-02-24,GBP,NPR,sell,111.77
2000-02-24,HKD,NPR,buy,8.82
2000-02-24,INR,NPR,buy,1.6
2000-02-24,INR,NPR,sell,1.6015000000000001
2000-02-24,JPY,NPR,buy,0.621
2000-02-24,JPY,NPR,sell,0.626
2000-02-24,SAR,NPR,buy,18.3
2000-02-24,SEK,NPR,buy,8.03
2000-02-24,SGD,NPR,buy,40.21
2000-02-24,SGD,NPR,sell,40.59
2000-02-24,USD,NPR,buy,68.65
2000-02-24,USD,NPR,sell,69.3
2000-02-25,AUD,NPR,buy,42.59
2000-02-25,AUD,NPR,sell,42.99
2000-02-25,CAD,NPR,buy,47.01
2000-02-25,CAD,NPR,sell,47.45
2000-02-25,CHF,NPR,buy,42.56
2000-02-25,CHF,NPR,sell,42.96
2000-02-25,DKK,NPR,buy,9.21
2000-02-25,EUR,NPR,buy,68.57
2000-02-25,EUR,NPR,sell,69.22
2000-02-25,GBP,NPR,buy,109.93
2000-02-25,GBP,NPR,sell,110.97
2000-02-25,HKD,NPR,buy,8.82
2000-02-25,INR,NPR,buy,1.6
2000-02-25,INR,NPR,sell,1.6015000000000001
2000-02-25,JPY,NPR,buy,0.618
2000-02-25,JPY,NPR,sell,0.624
2000-02-25,SAR,NPR,buy,18.3
2000-02-25,SEK,NPR,buy,8.01
2000-02-25,SGD,NPR,buy,40.05
2000-02-25,SGD,NPR,sell,40.42
2000-02-25,USD,NPR,buy,68.65
2000-02-25,USD,NPR,sell,69.3
2000-02-26,AUD,NPR,buy,42.36
2000-02-26,AUD,NPR,sell,42.76
2000-02-26,CAD,NPR,buy,47.17
2000-02-26,CAD,NPR,sell,47.62
2000-02-26,CHF,NPR,buy,42.14
2000-02-26,CHF,NPR,sell,42.54
2000-02-26,DKK,NPR,buy,9.11
2000-02-26,EUR,NPR,buy,67.82
2000-02-26,EUR,NPR,sell,68.46
2000-02-26,GBP,NPR,buy,109.58
2000-02-26,GBP,NPR,sell,110.62
2000-02-26,HKD,NPR,buy,8.82
2000-02-26,INR,NPR,buy,1.6
2000-02-26,INR,NPR,sell,1.6015000000000001
2000-02-26,JPY,NPR,buy,0.619
2000-02-26,JPY,NPR,sell,0.625
2000-02-26,SAR,NPR,buy,18.3
2000-02-26,SEK,NPR,buy,7.95
2000-02-26,SGD,NPR,buy,40.15
2000-02-26,SGD,NPR,sell,40.53
2000-02-26,USD,NPR,buy,68.65
2000-02-26,USD,NPR,sell,69.3
2000-02-27,AUD,NPR,buy,42.36
2000-02-27,AUD,NPR,sell,42.76
2000-02-27,CAD,NPR,buy,47.17
2000-02-27,CAD,NPR,sell,47.62
2000-02-27,CHF,NPR,buy,42.14
2000-02-27,CHF,NPR,sell,42.54
2000-02-27,DKK,NPR,buy,9.11
2000-02-27,EUR,NPR,buy,67.82
2000-02-27,EUR,NPR,sell,68.46
2000-02-27,GBP,NPR,buy,109.58
2000-02-27,GBP,NPR,sell,110.62
2000-02-27,HKD,NPR,buy,8.82
2000-02-27,INR,NPR,buy,1.6
2000-02-27,INR,NPR,sell,1.6015000000000001
2000-02-27,JPY,NPR,buy,0.619
2000-02-27,JPY,NPR,sell,0.625
2000-02-27,SAR,NPR,buy,18.3
2000-02-27,SEK,NPR,buy,7.95
2000-02-27,SGD,NPR,buy,40.15
2000-02-27,SGD,NPR,sell,40.53
2000-02-27,USD,NPR,buy,68.65
2000-02-27,USD,NPR,sell,69.3
2000-02-28,AUD,NPR,buy,42.36
2000-02-28,AUD,NPR,sell,42.76
2000-02-28,CAD,NPR,buy,47.17
2000-02-28,CAD,NPR,sell,47.62
2000-02-28,CHF,NPR,buy,42.14
2000-02-28,CHF,NPR,sell,42.54
2000-02-28,DKK,NPR,buy,9.11
2000-02-28,EUR,NPR,buy,67.82
2000-02-28,EUR,NPR,sell,68.46
2000-02-28,GBP,NPR,buy,109.58
2000-02-28,GBP,NPR,sell,110.62
2000-02-28,HKD,NPR,buy,8.82
2000-02-28,INR,NPR,buy,1.6
2000-02-28,INR,NPR,sell,1.6015000000000001
2000-02-28,JPY,NPR,buy,0.619
2000-02-28,JPY,NPR,sell,0.625
2000-02-28,SAR,NPR,buy,18.3
2000-02-28,SEK,NPR,buy,7.95
2000-02-28,SGD,NPR,buy,40.15
2000-02-28,SGD,NPR,sell,40.53
2000-02-28,USD,NPR,buy,68.65
2000-02-28,USD,NPR,sell,69.3
2000-02-29,AUD,NPR,buy,42.21
2000-02-29,AUD,NPR,sell,42.61
2000-02-29,CAD,NPR,buy,47.33
2000-02-29,CAD,NPR,sell,47.77
2000-02-29,CHF,NPR,buy,41.17
2000-02-29,CHF,NPR,sell,41.56
2000-02-29,DKK,NPR,buy,8.87
2000-02-29,EUR,NPR,buy,66.07
2000-02-29,EUR,NPR,sell,66.69
2000-02-29,GBP,NPR,buy,109.24
2000-02-29,GBP,NPR,sell,110.27
2000-02-29,HKD,NPR,buy,8.82
2000-02-29,INR,NPR,buy,1.6
2000-02-29,INR,NPR,sell,1.6015000000000001
2000-02-29,JPY,NPR,buy,0.63
2000-02-29,JPY,NPR,sell,0.636
2000-02-29,SAR,NPR,buy,18.3
2000-02-29,SEK,NPR,buy,7.82
2000-02-29,SGD,NPR,buy,40.09
2000-02-29,SGD,NPR,sell,40.47
2000-02-29,USD,NPR,buy,68.65
2000-02-29,USD,NPR,sell,69.3
2000-03-01,AUD,NPR,buy,42.19
2000-03-01,AUD,NPR,sell,42.58
2000-03-01,CAD,NPR,buy,47.22
2000-03-01,CAD,NPR,sell,47.67
2000-03-01,CHF,NPR,buy,41.3
2000-03-01,CHF,NPR,sell,41.69
2000-03-01,DKK,NPR,buy,8.91
2000-03-01,EUR,NPR,buy,66.3
2000-03-01,EUR,NPR,sell,66.96
2000-03-01,GBP,NPR,buy,109.28
2000-03-01,GBP,NPR,sell,110.31
2000-03-01,HKD,NPR,buy,8.82
2000-03-01,INR,NPR,buy,1.6
2000-03-01,INR,NPR,sell,1.6015000000000001
2000-03-01,JPY,NPR,buy,0.624
2000-03-01,JPY,NPR,sell,0.63
2000-03-01,SAR,NPR,buy,18.3
2000-03-01,SEK,NPR,buy,7.88
2000-03-01,SGD,NPR,buy,39.94
2000-03-01,SGD,NPR,sell,40.31
2000-03-01,USD,NPR,buy,68.65
2000-03-01,USD,NPR,sell,69.3
2000-03-02,AUD,NPR,buy,41.64
2000-03-02,AUD,NPR,sell,42.04
2000-03-02,CAD,NPR,buy,47.22
2000-03-02,CAD,NPR,sell,47.68
2000-03-02,CHF,NPR,buy,41.34
2000-03-02,CHF,NPR,sell,41.73
2000-03-02,DKK,NPR,buy,8.92
2000-03-02,EUR,NPR,buy,66.43
2000-03-02,EUR,NPR,sell,67.05
2000-03-02,GBP,NPR,buy,108.58
2000-03-02,GBP,NPR,sell,109.61
2000-03-02,HKD,NPR,buy,8.82
2000-03-02,INR,NPR,buy,1.6
2000-03-02,INR,NPR,sell,1.6015000000000001
2000-03-02,JPY,NPR,buy,0.629
2000-03-02,JPY,NPR,sell,0.635
2000-03-02,SAR,NPR,buy,18.3
2000-03-02,SEK,NPR,buy,7.88
2000-03-02,SGD,NPR,buy,39.81
2000-03-02,SGD,NPR,sell,40.19
2000-03-02,USD,NPR,buy,68.65
2000-03-02,USD,NPR,sell,69.3
2000-03-03,AUD,NPR,buy,41.9
2000-03-03,AUD,NPR,sell,42.29
2000-03-03,CAD,NPR,buy,47.39
2000-03-03,CAD,NPR,sell,47.83
2000-03-03,CHF,NPR,buy,41.69
2000-03-03,CHF,NPR,sell,42.09
2000-03-03,DKK,NPR,buy,9
2000-03-03,EUR,NPR,buy,67.04
2000-03-03,EUR,NPR,sell,67.68
2000-03-03,GBP,NPR,buy,108.87
2000-03-03,GBP,NPR,sell,109.9
2000-03-03,HKD,NPR,buy,8.82
2000-03-03,INR,NPR,buy,1.6
2000-03-03,INR,NPR,sell,1.6015000000000001
2000-03-03,JPY,NPR,buy,0.639
2000-03-03,JPY,NPR,sell,0.645
2000-03-03,SAR,NPR,buy,18.3
2000-03-03,SEK,NPR,buy,7.94
2000-03-03,SGD,NPR,buy,39.99
2000-03-03,SGD,NPR,sell,40.37
2000-03-03,USD,NPR,buy,68.65
2000-03-03,USD,NPR,sell,69.3
2000-03-04,AUD,NPR,buy,41.74
2000-03-04,AUD,NPR,sell,42.13
2000-03-04,CAD,NPR,buy,47.15
2000-03-04,CAD,NPR,sell,47.59
2000-03-04,CHF,NPR,buy,41.34
2000-03-04,CHF,NPR,sell,41.73
2000-03-04,DKK,NPR,buy,8.92
2000-03-04,EUR,NPR,buy,66.41
2000-03-04,EUR,NPR,sell,67.04
2000-03-04,GBP,NPR,buy,108.27
2000-03-04,GBP,NPR,sell,109.29
2000-03-04,HKD,NPR,buy,8.82
2000-03-04,INR,NPR,buy,1.6
2000-03-04,INR,NPR,sell,1.6015000000000001
2000-03-04,JPY,NPR,buy,0.637
2000-03-04,JPY,NPR,sell,0.643
2000-03-04,SAR,NPR,buy,18.3
2000-03-04,SEK,NPR,buy,7.83
2000-03-04,SGD,NPR,buy,39.86
2000-03-04,SGD,NPR,sell,40.24
2000-03-04,USD,NPR,buy,68.65
2000-03-04,USD,NPR,sell,69.3
2000-03-05,AUD,NPR,buy,41.74
2000-03-05,AUD,NPR,sell,42.13
2000-03-05,CAD,NPR,buy,47.15
2000-03-05,CAD,NPR,sell,47.59
2000-03-05,CHF,NPR,buy,41.34
2000-03-05,CHF,NPR,sell,41.73
2000-03-05,DKK,NPR,buy,8.92
2000-03-05,EUR,NPR,buy,66.41
2000-03-05,EUR,NPR,sell,67.04
2000-03-05,GBP,NPR,buy,108.27
2000-03-05,GBP,NPR,sell,109.29
2000-03-05,HKD,NPR,buy,8.82
2000-03-05,INR,NPR,buy,1.6
2000-03-05,INR,NPR,sell,1.6015000000000001
2000-03-05,JPY,NPR,buy,0.637
2000-03-05,JPY,NPR,sell,0.643
2000-03-05,SAR,NPR,buy,18.3
2000-03-05,SEK,NPR,buy,7.83
2000-03-05,SGD,NPR,buy,39.86
2000-03-05,SGD,NPR,sell,40.24
2000-03-05,USD,NPR,buy,68.65
2000-03-05,USD,NPR,sell,69.3
2000-03-06,AUD,NPR,buy,41.74
2000-03-06,AUD,NPR,sell,42.13
2000-03-06,CAD,NPR,buy,47.15
2000-03-06,CAD,NPR,sell,47.59
2000-03-06,CHF,NPR,buy,41.34
2000-03-06,CHF,NPR,sell,41.73
2000-03-06,DKK,NPR,buy,8.92
2000-03-06,EUR,NPR,buy,66.41
2000-03-06,EUR,NPR,sell,67.04
2000-03-06,GBP,NPR,buy,108.27
2000-03-06,GBP,NPR,sell,109.29
2000-03-06,HKD,NPR,buy,8.82
2000-03-06,INR,NPR,buy,1.6
2000-03-06,INR,NPR,sell,1.6015000000000001
2000-03-06,JPY,NPR,buy,0.637
2000-03-06,JPY,NPR,sell,0.643
2000-03-06,SAR,NPR,buy,18.3
2000-03-06,SEK,NPR,buy,7.83
2000-03-06,SGD,NPR,buy,39.86
2000-03-06,SGD,NPR,sell,40.24
2000-03-06,USD,NPR,buy,68.65
2000-03-06,USD,NPR,sell,69.3
2000-03-07,AUD,NPR,buy,41.49
2000-03-07,AUD,NPR,sell,41.88
2000-03-07,CAD,NPR,buy,47.24
2000-03-07,CAD,NPR,sell,47.68
2000-03-07,CHF,NPR,buy,41.04
2000-03-07,CHF,NPR,sell,41.43
2000-03-07,DKK,NPR,buy,8.86
2000-03-07,EUR,NPR,buy,65.96
2000-03-07,EUR,NPR,sell,66.58
2000-03-07,GBP,NPR,buy,108.55
2000-03-07,GBP,NPR,sell,109.58
2000-03-07,HKD,NPR,buy,8.82
2000-03-07,INR,NPR,buy,1.6
2000-03-07,INR,NPR,sell,1.6015000000000001
2000-03-07,JPY,NPR,buy,0.639
2000-03-07,JPY,NPR,sell,0.645
2000-03-07,SAR,NPR,buy,18.3
2000-03-07,SEK,NPR,buy,7.81
2000-03-07,SGD,NPR,buy,39.79
2000-03-07,SGD,NPR,sell,40.16
2000-03-07,USD,NPR,buy,68.65
2000-03-07,USD,NPR,sell,69.3
2000-03-08,AUD,NPR,buy,41.42
2000-03-08,AUD,NPR,sell,41.82
2000-03-08,CAD,NPR,buy,47.25
2000-03-08,CAD,NPR,sell,47.7
2000-03-08,CHF,NPR,buy,40.93
2000-03-08,CHF,NPR,sell,41.31
2000-03-08,DKK,NPR,buy,8.83
2000-03-08,EUR,NPR,buy,65.78
2000-03-08,EUR,NPR,sell,66.4
2000-03-08,GBP,NPR,buy,107.95
2000-03-08,GBP,NPR,sell,108.97
2000-03-08,HKD,NPR,buy,8.82
2000-03-08,INR,NPR,buy,1.6
2000-03-08,INR,NPR,sell,1.6015000000000001
2000-03-08,JPY,NPR,buy,0.638
2000-03-08,JPY,NPR,sell,0.644
2000-03-08,SAR,NPR,buy,18.3
2000-03-08,SEK,NPR,buy,7.8
2000-03-08,SGD,NPR,buy,39.88
2000-03-08,SGD,NPR,sell,40.26
2000-03-08,USD,NPR,buy,68.65
2000-03-08,USD,NPR,sell,69.3
2000-03-09,AUD,NPR,buy,41.66
2000-03-09,AUD,NPR,sell,42.05
2000-03-09,CAD,NPR,buy,47.15
2000-03-09,CAD,NPR,sell,47.59
2000-03-09,CHF,NPR,buy,41.05
2000-03-09,CHF,NPR,sell,41.44
2000-03-09,DKK,NPR,buy,8.86
2000-03-09,EUR,NPR,buy,65.95
2000-03-09,EUR,NPR,sell,66.58
2000-03-09,GBP,NPR,buy,108.56
2000-03-09,GBP,NPR,sell,109.59
2000-03-09,HKD,NPR,buy,8.82
2000-03-09,INR,NPR,buy,1.6
2000-03-09,INR,NPR,sell,1.6015000000000001
2000-03-09,JPY,NPR,buy,0.64
2000-03-09,JPY,NPR,sell,0.646
2000-03-09,SAR,NPR,buy,18.3
2000-03-09,SEK,NPR,buy,7.83
2000-03-09,SGD,NPR,buy,39.96
2000-03-09,SGD,NPR,sell,40.34
2000-03-09,USD,NPR,buy,68.65
2000-03-09,USD,NPR,sell,69.3
2000-03-10,AUD,NPR,buy,42.1
2000-03-10,AUD,NPR,sell,42.49
2000-03-10,CAD,NPR,buy,47.14
2000-03-10,CAD,NPR,sell,47.59
2000-03-10,CHF,NPR,buy,41.19
2000-03-10,CHF,NPR,sell,41.58
2000-03-10,DKK,NPR,buy,8.88
2000-03-10,EUR,NPR,buy,65.14
2000-03-10,EUR,NPR,sell,66.77
2000-03-10,GBP,NPR,buy,108.56
2000-03-10,GBP,NPR,sell,109.59
2000-03-10,HKD,NPR,buy,8.82
2000-03-10,INR,NPR,buy,1.6
2000-03-10,INR,NPR,sell,1.6015000000000001
2000-03-10,JPY,NPR,buy,0.643
2000-03-10,JPY,NPR,sell,0.649
2000-03-10,SAR,NPR,buy,18.3
2000-03-10,SEK,NPR,buy,7.82
2000-03-10,SGD,NPR,buy,40.15
2000-03-10,SGD,NPR,sell,40.53
2000-03-10,USD,NPR,buy,68.65
2000-03-10,USD,NPR,sell,69.3
2000-03-11,AUD,NPR,buy,42.24
2000-03-11,AUD,NPR,sell,42.64
2000-03-11,CAD,NPR,buy,47.14
2000-03-11,CAD,NPR,sell,47.59
2000-03-11,CHF,NPR,buy,41.33
2000-03-11,CHF,NPR,sell,41.72
2000-03-11,DKK,NPR,buy,8.92
2000-03-11,EUR,NPR,buy,65.41
2000-03-11,EUR,NPR,sell,67.03
2000-03-11,GBP,NPR,buy,108.52
2000-03-11,GBP,NPR,sell,109.65
2000-03-11,HKD,NPR,buy,8.82
2000-03-11,INR,NPR,buy,1.6
2000-03-11,INR,NPR,sell,1.6015000000000001
2000-03-11,JPY,NPR,buy,0.646
2000-03-11,JPY,NPR,sell,0.6519999999999999
2000-03-11,SAR,NPR,buy,18.3
2000-03-11,SEK,NPR,buy,7.87
2000-03-11,SGD,NPR,buy,40.22
2000-03-11,SGD,NPR,sell,40.6
2000-03-11,USD,NPR,buy,68.65
2000-03-11,USD,NPR,sell,69.3
2000-03-12,AUD,NPR,buy,42.24
2000-03-12,AUD,NPR,sell,42.64
2000-03-12,CAD,NPR,buy,47.14
2000-03-12,CAD,NPR,sell,47.59
2000-03-12,CHF,NPR,buy,41.33
2000-03-12,CHF,NPR,sell,41.72
2000-03-12,DKK,NPR,buy,8.92
2000-03-12,EUR,NPR,buy,65.41
2000-03-12,EUR,NPR,sell,67.03
2000-03-12,GBP,NPR,buy,108.52
2000-03-12,GBP,NPR,sell,109.65
2000-03-12,HKD,NPR,buy,8.82
2000-03-12,INR,NPR,buy,1.6
2000-03-12,INR,NPR,sell,1.6015000000000001
2000-03-12,JPY,NPR,buy,0.646
2000-03-12,JPY,NPR,sell,0.6519999999999999
2000-03-12,SAR,NPR,buy,18.3
2000-03-12,SEK,NPR,buy,7.87
2000-03-12,SGD,NPR,buy,40.22
2000-03-12,SGD,NPR,sell,40.6
2000-03-12,USD,NPR,buy,68.65
2000-03-12,USD,NPR,sell,69.3
2000-03-13,AUD,NPR,buy,42.24
2000-03-13,AUD,NPR,sell,42.64
2000-03-13,CAD,NPR,buy,47.14
2000-03-13,CAD,NPR,sell,47.59
2000-03-13,CHF,NPR,buy,41.33
2000-03-13,CHF,NPR,sell,41.72
2000-03-13,DKK,NPR,buy,8.92
2000-03-13,EUR,NPR,buy,65.41
2000-03-13,EUR,NPR,sell,67.03
2000-03-13,GBP,NPR,buy,108.52
2000-03-13,GBP,NPR,sell,109.65
2000-03-13,HKD,NPR,buy,8.82
2000-03-13,INR,NPR,buy,1.6
2000-03-13,INR,NPR,sell,1.6015000000000001
2000-03-13,JPY,NPR,buy,0.646
2000-03-13,JPY,NPR,sell,0.6519999999999999
2000-03-13,SAR,NPR,buy,18.3
2000-03-13,SEK,NPR,buy,7.87
2000-03-13,SGD,NPR,buy,40.22
2000-03-13,SGD,NPR,sell,40.6
2000-03-13,USD,NPR,buy,68.65
2000-03-13,USD,NPR,sell,69.3
2000-03-14,AUD,NPR,buy,42.14
2000-03-14,AUD,NPR,sell,42.54
2000-03-14,CAD,NPR,buy,47.08
2000-03-14,CAD,NPR,sell,47.53
2000-03-14,CHF,NPR,buy,41.29
2000-03-14,CHF,NPR,sell,41.68
2000-03-14,DKK,NPR,buy,8.93
2000-03-14,EUR,NPR,buy,66.49
2000-03-14,EUR,NPR,sell,67.12
2000-03-14,GBP,NPR,buy,108.46
2000-03-14,GBP,NPR,sell,109.49
2000-03-14,HKD,NPR,buy,8.82
2000-03-14,INR,NPR,buy,1.6
2000-03-14,INR,NPR,sell,1.6015000000000001
2000-03-14,JPY,NPR,buy,0.649
2000-03-14,JPY,NPR,sell,0.655
2000-03-14,SAR,NPR,buy,18.3
2000-03-14,SEK,NPR,buy,7.89
2000-03-14,SGD,NPR,buy,40.25
2000-03-14,SGD,NPR,sell,40.63
2000-03-14,USD,NPR,buy,68.65
2000-03-14,USD,NPR,sell,69.3
2000-03-15,AUD,NPR,buy,42.38
2000-03-15,AUD,NPR,sell,42.78
2000-03-15,CAD,NPR,buy,46.99
2000-03-15,CAD,NPR,sell,47.43
2000-03-15,CHF,NPR,buy,41.05
2000-03-15,CHF,NPR,sell,41.44
2000-03-15,DKK,NPR,buy,8.88
2000-03-15,EUR,NPR,buy,66.12
2000-03-15,EUR,NPR,sell,66.75
2000-03-15,GBP,NPR,buy,107.82
2000-03-15,GBP,NPR,sell,108.84
2000-03-15,HKD,NPR,buy,8.82
2000-03-15,INR,NPR,buy,1.6
2000-03-15,INR,NPR,sell,1.6015000000000001
2000-03-15,JPY,NPR,buy,0.654
2000-03-15,JPY,NPR,sell,0.6599999999999999
2000-03-15,SAR,NPR,buy,18.3
2000-03-15,SEK,NPR,buy,7.87
2000-03-15,SGD,NPR,buy,40.22
2000-03-15,SGD,NPR,sell,40.6
2000-03-15,USD,NPR,buy,68.65
2000-03-15,USD,NPR,sell,69.3
2000-03-16,AUD,NPR,buy,42.1
2000-03-16,AUD,NPR,sell,42.5
2000-03-16,CAD,NPR,buy,46.91
2000-03-16,CAD,NPR,sell,47.36
2000-03-16,CHF,NPR,buy,41.24
2000-03-16,CHF,NPR,sell,41.63
2000-03-16,DKK,NPR,buy,8.92
2000-03-16,EUR,NPR,buy,66.46
2000-03-16,EUR,NPR,sell,67.09
2000-03-16,GBP,NPR,buy,108.06
2000-03-16,GBP,NPR,sell,109.09
2000-03-16,HKD,NPR,buy,8.82
2000-03-16,INR,NPR,buy,1.6
2000-03-16,INR,NPR,sell,1.6015000000000001
2000-03-16,JPY,NPR,buy,0.648
2000-03-16,JPY,NPR,sell,0.655
2000-03-16,SAR,NPR,buy,18.3
2000-03-16,SEK,NPR,buy,7.89
2000-03-16,SGD,NPR,buy,40.13
2000-03-16,SGD,NPR,sell,40.51
2000-03-16,USD,NPR,buy,68.65
2000-03-16,USD,NPR,sell,69.3
2000-03-17,AUD,NPR,buy,42.11
2000-03-17,AUD,NPR,sell,42.51
2000-03-17,CAD,NPR,buy,46.81
2000-03-17,CAD,NPR,sell,47.26
2000-03-17,CHF,NPR,buy,41.27
2000-03-17,CHF,NPR,sell,41.66
2000-03-17,DKK,NPR,buy,8.93
2000-03-17,EUR,NPR,buy,66.54
2000-03-17,EUR,NPR,sell,67.17
2000-03-17,GBP,NPR,buy,108.01
2000-03-17,GBP,NPR,sell,109.03
2000-03-17,HKD,NPR,buy,8.82
2000-03-17,INR,NPR,buy,1.6
2000-03-17,INR,NPR,sell,1.6015000000000001
2000-03-17,JPY,NPR,buy,0.651
2000-03-17,JPY,NPR,sell,0.657
2000-03-17,SAR,NPR,buy,18.3
2000-03-17,SEK,NPR,buy,7.89
2000-03-17,SGD,NPR,buy,40.05
2000-03-17,SGD,NPR,sell,40.43
2000-03-17,USD,NPR,buy,68.65
2000-03-17,USD,NPR,sell,69.3
2000-03-18,AUD,NPR,buy,42.06
2000-03-18,AUD,NPR,sell,42.46
2000-03-18,CAD,NPR,buy,46.65
2000-03-18,CAD,NPR,sell,47.1
2000-03-18,CHF,NPR,buy,41.3
2000-03-18,CHF,NPR,sell,41.69
2000-03-18,DKK,NPR,buy,8.94
2000-03-18,EUR,NPR,buy,66.54
2000-03-18,EUR,NPR,sell,67.17
2000-03-18,GBP,NPR,buy,108
2000-03-18,GBP,NPR,sell,109.02
2000-03-18,HKD,NPR,buy,8.82
2000-03-18,INR,NPR,buy,1.6
2000-03-18,INR,NPR,sell,1.6015000000000001
2000-03-18,JPY,NPR,buy,0.648
2000-03-18,JPY,NPR,sell,0.654
2000-03-18,SAR,NPR,buy,18.3
2000-03-18,SEK,NPR,buy,7.91
2000-03-18,SGD,NPR,buy,40.04
2000-03-18,SGD,NPR,sell,40.42
2000-03-18,USD,NPR,buy,68.65
2000-03-18,USD,NPR,sell,69.3
2000-03-19,AUD,NPR,buy,42.06
2000-03-19,AUD,NPR,sell,42.46
2000-03-19,CAD,NPR,buy,46.65
2000-03-19,CAD,NPR,sell,47.1
2000-03-19,CHF,NPR,buy,41.3
2000-03-19,CHF,NPR,sell,41.69
2000-03-19,DKK,NPR,buy,8.94
2000-03-19,EUR,NPR,buy,66.54
2000-03-19,EUR,NPR,sell,67.17
2000-03-19,GBP,NPR,buy,108
2000-03-19,GBP,NPR,sell,109.02
2000-03-19,HKD,NPR,buy,8.82
2000-03-19,INR,NPR,buy,1.6
2000-03-19,INR,NPR,sell,1.6015000000000001
2000-03-19,JPY,NPR,buy,0.648
2000-03-19,JPY,NPR,sell,0.654
2000-03-19,SAR,NPR,buy,18.3
2000-03-19,SEK,NPR,buy,7.91
2000-03-19,SGD,NPR,buy,40.04
2000-03-19,SGD,NPR,sell,40.42
2000-03-19,USD,NPR,buy,68.65
2000-03-19,USD,NPR,sell,69.3
2000-03-20,AUD,NPR,buy,42.06
2000-03-20,AUD,NPR,sell,42.46
2000-03-20,CAD,NPR,buy,46.65
2000-03-20,CAD,NPR,sell,47.1
2000-03-20,CHF,NPR,buy,41.3
2000-03-20,CHF,NPR,sell,41.69
2000-03-20,DKK,NPR,buy,8.94
2000-03-20,EUR,NPR,buy,66.54
2000-03-20,EUR,NPR,sell,67.17
2000-03-20,GBP,NPR,buy,108
2000-03-20,GBP,NPR,sell,109.02
2000-03-20,HKD,NPR,buy,8.82
2000-03-20,INR,NPR,buy,1.6
2000-03-20,INR,NPR,sell,1.6015000000000001
2000-03-20,JPY,NPR,buy,0.648
2000-03-20,JPY,NPR,sell,0.654
2000-03-20,SAR,NPR,buy,18.3
2000-03-20,SEK,NPR,buy,7.91
2000-03-20,SGD,NPR,buy,40.04
2000-03-20,SGD,NPR,sell,40.42
2000-03-20,USD,NPR,buy,68.65
2000-03-20,USD,NPR,sell,69.3
2000-03-21,AUD,NPR,buy,41.6
2000-03-21,AUD,NPR,sell,42
2000-03-21,CAD,NPR,buy,46.72
2000-03-21,CAD,NPR,sell,47.16
2000-03-21,CHF,NPR,buy,41.43
2000-03-21,CHF,NPR,sell,41.82
2000-03-21,DKK,NPR,buy,8.97
2000-03-21,EUR,NPR,buy,66.78
2000-03-21,EUR,NPR,sell,67.42
2000-03-21,GBP,NPR,buy,107.84
2000-03-21,GBP,NPR,sell,108.86
2000-03-21,HKD,NPR,buy,8.82
2000-03-21,INR,NPR,buy,1.6
2000-03-21,INR,NPR,sell,1.6015000000000001
2000-03-21,JPY,NPR,buy,0.644
2000-03-21,JPY,NPR,sell,0.65
2000-03-21,SAR,NPR,buy,18.3
2000-03-21,SEK,NPR,buy,7.93
2000-03-21,SGD,NPR,buy,39.95
2000-03-21,SGD,NPR,sell,40.33
2000-03-21,USD,NPR,buy,68.65
2000-03-21,USD,NPR,sell,69.3
2000-03-22,AUD,NPR,buy,41.85
2000-03-22,AUD,NPR,sell,42.25
2000-03-22,CAD,NPR,buy,46.75
2000-03-22,CAD,NPR,sell,47.19
2000-03-22,CHF,NPR,buy,41.4
2000-03-22,CHF,NPR,sell,41.79
2000-03-22,DKK,NPR,buy,8.96
2000-03-22,EUR,NPR,buy,66.71
2000-03-22,EUR,NPR,sell,67.34
2000-03-22,GBP,NPR,buy,107.69
2000-03-22,GBP,NPR,sell,108.71
2000-03-22,HKD,NPR,buy,8.82
2000-03-22,INR,NPR,buy,1.6
2000-03-22,INR,NPR,sell,1.6015000000000001
2000-03-22,JPY,NPR,buy,0.644
2000-03-22,JPY,NPR,sell,0.65
2000-03-22,SAR,NPR,buy,18.3
2000-03-22,SEK,NPR,buy,7.93
2000-03-22,SGD,NPR,buy,39.91
2000-03-22,SGD,NPR,sell,40.29
2000-03-22,USD,NPR,buy,68.65
2000-03-22,USD,NPR,sell,69.3
2000-03-23,AUD,NPR,buy,41.67
2000-03-23,AUD,NPR,sell,42.07
2000-03-23,CAD,NPR,buy,46.71
2000-03-23,CAD,NPR,sell,47.15
2000-03-23,CHF,NPR,buy,40.94
2000-03-23,CHF,NPR,sell,41.33
2000-03-23,DKK,NPR,buy,8.86
2000-03-23,EUR,NPR,buy,65.97
2000-03-23,EUR,NPR,sell,66.59
2000-03-23,GBP,NPR,buy,107.71
2000-03-23,GBP,NPR,sell,108.73
2000-03-23,HKD,NPR,buy,8.82
2000-03-23,INR,NPR,buy,1.6
2000-03-23,INR,NPR,sell,1.6015000000000001
2000-03-23,JPY,NPR,buy,0.644
2000-03-23,JPY,NPR,sell,0.65
2000-03-23,SAR,NPR,buy,18.3
2000-03-23,SEK,NPR,buy,7.88
2000-03-23,SGD,NPR,buy,40.02
2000-03-23,SGD,NPR,sell,40.4
2000-03-23,USD,NPR,buy,68.65
2000-03-23,USD,NPR,sell,69.3
2000-03-24,AUD,NPR,buy,41.39
2000-03-24,AUD,NPR,sell,41.78
2000-03-24,CAD,NPR,buy,46.7
2000-03-24,CAD,NPR,sell,47.14
2000-03-24,CHF,NPR,buy,41.01
2000-03-24,CHF,NPR,sell,41.4
2000-03-24,DKK,NPR,buy,8.86
2000-03-24,EUR,NPR,buy,65.97
2000-03-24,EUR,NPR,sell,66.6
2000-03-24,GBP,NPR,buy,108.23
2000-03-24,GBP,NPR,sell,109.25
2000-03-24,HKD,NPR,buy,8.82
2000-03-24,INR,NPR,buy,1.6
2000-03-24,INR,NPR,sell,1.6015000000000001
2000-03-24,JPY,NPR,buy,0.639
2000-03-24,JPY,NPR,sell,0.645
2000-03-24,SAR,NPR,buy,18.3
2000-03-24,SEK,NPR,buy,7.89
2000-03-24,SGD,NPR,buy,40.1
2000-03-24,SGD,NPR,sell,40.48
2000-03-24,USD,NPR,buy,68.65
2000-03-24,USD,NPR,sell,69.3
2000-03-25,AUD,NPR,buy,41.66
2000-03-25,AUD,NPR,sell,42.05
2000-03-25,CAD,NPR,buy,46.74
2000-03-25,CAD,NPR,sell,47.19
2000-03-25,CHF,NPR,buy,41.76
2000-03-25,CHF,NPR,sell,42.15
2000-03-25,DKK,NPR,buy,8.96
2000-03-25,EUR,NPR,buy,66.73
2000-03-25,EUR,NPR,sell,67.36
2000-03-25,GBP,NPR,buy,109.06
2000-03-25,GBP,NPR,sell,110.09
2000-03-25,HKD,NPR,buy,8.82
2000-03-25,INR,NPR,buy,1.6
2000-03-25,INR,NPR,sell,1.6015000000000001
2000-03-25,JPY,NPR,buy,0.642
2000-03-25,JPY,NPR,sell,0.649
2000-03-25,SAR,NPR,buy,18.3
2000-03-25,SEK,NPR,buy,7.95
2000-03-25,SGD,NPR,buy,40.03
2000-03-25,SGD,NPR,sell,40.41
2000-03-25,USD,NPR,buy,68.65
2000-03-25,USD,NPR,sell,69.3
2000-03-26,AUD,NPR,buy,41.66
2000-03-26,AUD,NPR,sell,42.05
2000-03-26,CAD,NPR,buy,46.74
2000-03-26,CAD,NPR,sell,47.19
2000-03-26,CHF,NPR,buy,41.76
2000-03-26,CHF,NPR,sell,42.15
2000-03-26,DKK,NPR,buy,8.96
2000-03-26,EUR,NPR,buy,66.73
2000-03-26,EUR,NPR,sell,67.36
2000-03-26,GBP,NPR,buy,109.06
2000-03-26,GBP,NPR,sell,110.09
2000-03-26,HKD,NPR,buy,8.82
2000-03-26,INR,NPR,buy,1.6
2000-03-26,INR,NPR,sell,1.6015000000000001
2000-03-26,JPY,NPR,buy,0.642
2000-03-26,JPY,NPR,sell,0.649
2000-03-26,SAR,NPR,buy,18.3
2000-03-26,SEK,NPR,buy,7.95
2000-03-26,SGD,NPR,buy,40.03
2000-03-26,SGD,NPR,sell,40.41
2000-03-26,USD,NPR,buy,68.65
2000-03-26,USD,NPR,sell,69.3
2000-03-27,AUD,NPR,buy,41.66
2000-03-27,AUD,NPR,sell,42.05
2000-03-27,CAD,NPR,buy,46.74
2000-03-27,CAD,NPR,sell,47.19
2000-03-27,CHF,NPR,buy,41.76
2000-03-27,CHF,NPR,sell,42.15
2000-03-27,DKK,NPR,buy,8.96
2000-03-27,EUR,NPR,buy,66.73
2000-03-27,EUR,NPR,sell,67.36
2000-03-27,GBP,NPR,buy,109.06
2000-03-27,GBP,NPR,sell,110.09
2000-03-27,HKD,NPR,buy,8.82
2000-03-27,INR,NPR,buy,1.6
2000-03-27,INR,NPR,sell,1.6015000000000001
2000-03-27,JPY,NPR,buy,0.642
2000-03-27,JPY,NPR,sell,0.649
2000-03-27,SAR,NPR,buy,18.3
2000-03-27,SEK,NPR,buy,7.95
2000-03-27,SGD,NPR,buy,40.03
2000-03-27,SGD,NPR,sell,40.41
2000-03-27,USD,NPR,buy,68.65
2000-03-27,USD,NPR,sell,69.3
2000-03-28,AUD,NPR,buy,42.04
2000-03-28,AUD,NPR,sell,42.44
2000-03-28,CAD,NPR,buy,46.95
2000-03-28,CAD,NPR,sell,47.4
2000-03-28,CHF,NPR,buy,42.18
2000-03-28,CHF,NPR,sell,42.58
2000-03-28,DKK,NPR,buy,9.01
2000-03-28,EUR,NPR,buy,67.07
2000-03-28,EUR,NPR,sell,67.71
2000-03-28,GBP,NPR,buy,109.53
2000-03-28,GBP,NPR,sell,110.57
2000-03-28,HKD,NPR,buy,8.82
2000-03-28,INR,NPR,buy,1.6
2000-03-28,INR,NPR,sell,1.6015000000000001
2000-03-28,JPY,NPR,buy,0.642
2000-03-28,JPY,NPR,sell,0.648
2000-03-28,SAR,NPR,buy,18.3
2000-03-28,SEK,NPR,buy,8.05
2000-03-28,SGD,NPR,buy,40.02
2000-03-28,SGD,NPR,sell,40.39
2000-03-28,USD,NPR,buy,68.65
2000-03-28,USD,NPR,sell,69.3
2000-03-29,AUD,NPR,buy,42.15
2000-03-29,AUD,NPR,sell,42.55
2000-03-29,CAD,NPR,buy,47.14
2000-03-29,CAD,NPR,sell,47.59
2000-03-29,CHF,NPR,buy,41.73
2000-03-29,CHF,NPR,sell,42.13
2000-03-29,DKK,NPR,buy,8.91
2000-03-29,EUR,NPR,buy,66.34
2000-03-29,EUR,NPR,sell,66.96
2000-03-29,GBP,NPR,buy,108.98
2000-03-29,GBP,NPR,sell,110.01
2000-03-29,HKD,NPR,buy,8.82
2000-03-29,INR,NPR,buy,1.6
2000-03-29,INR,NPR,sell,1.6015000000000001
2000-03-29,JPY,NPR,buy,0.645
2000-03-29,JPY,NPR,sell,0.651
2000-03-29,SAR,NPR,buy,18.3
2000-03-29,SEK,NPR,buy,7.95
2000-03-29,SGD,NPR,buy,39.99
2000-03-29,SGD,NPR,sell,40.37
2000-03-29,USD,NPR,buy,68.65
2000-03-29,USD,NPR,sell,69.3
2000-03-30,AUD,NPR,buy,42.03
2000-03-30,AUD,NPR,sell,42.43
2000-03-30,CAD,NPR,buy,47.15
2000-03-30,CAD,NPR,sell,47.6
2000-03-30,CHF,NPR,buy,41.33
2000-03-30,CHF,NPR,sell,41.72
2000-03-30,DKK,NPR,buy,8.82
2000-03-30,EUR,NPR,buy,65.68
2000-03-30,EUR,NPR,sell,66.3
2000-03-30,GBP,NPR,buy,109.13
2000-03-30,GBP,NPR,sell,110.16
2000-03-30,HKD,NPR,buy,8.82
2000-03-30,INR,NPR,buy,1.6
2000-03-30,INR,NPR,sell,1.6015000000000001
2000-03-30,JPY,NPR,buy,0.648
2000-03-30,JPY,NPR,sell,0.654
2000-03-30,SAR,NPR,buy,18.3
2000-03-30,SEK,NPR,buy,7.98
2000-03-30,SGD,NPR,buy,39.99
2000-03-30,SGD,NPR,sell,40.37
2000-03-30,USD,NPR,buy,68.65
2000-03-30,USD,NPR,sell,69.3
2000-03-31,AUD,NPR,buy,41.93
2000-03-31,AUD,NPR,sell,42.33
2000-03-31,CAD,NPR,buy,47.07
2000-03-31,CAD,NPR,sell,47.52
2000-03-31,CHF,NPR,buy,41.13
2000-03-31,CHF,NPR,sell,41.52
2000-03-31,DKK,NPR,buy,8.8
2000-03-31,EUR,NPR,buy,65.51
2000-03-31,EUR,NPR,sell,66.13
2000-03-31,GBP,NPR,buy,109.27
2000-03-31,GBP,NPR,sell,110.3
2000-03-31,HKD,NPR,buy,8.82
2000-03-31,INR,NPR,buy,1.6
2000-03-31,INR,NPR,sell,1.6015000000000001
2000-03-31,JPY,NPR,buy,0.651
2000-03-31,JPY,NPR,sell,0.657
2000-03-31,SAR,NPR,buy,18.3
2000-03-31,SEK,NPR,buy,7.92
2000-03-31,SGD,NPR,buy,39.91
2000-03-31,SGD,NPR,sell,40.29
2000-03-31,USD,NPR,buy,68.65
2000-03-31,USD,NPR,sell,69.3
2000-04-01,AUD,NPR,buy,41.49
2000-04-01,AUD,NPR,sell,41.88
2000-04-01,CAD,NPR,buy,47.13
2000-04-01,CAD,NPR,sell,47.57
2000-04-01,CHF,NPR,buy,41.26
2000-04-01,CHF,NPR,sell,41.65
2000-04-01,DKK,NPR,buy,8.82
2000-04-01,EUR,NPR,buy,65.7
2000-04-01,EUR,NPR,sell,66.33
2000-04-01,GBP,NPR,buy,109.46
2000-04-01,GBP,NPR,sell,110.5
2000-04-01,HKD,NPR,buy,8.82
2000-04-01,INR,NPR,buy,1.6
2000-04-01,INR,NPR,sell,1.6015000000000001
2000-04-01,JPY,NPR,buy,0.653
2000-04-01,JPY,NPR,sell,0.659
2000-04-01,SAR,NPR,buy,18.3
2000-04-01,SEK,NPR,buy,7.92
2000-04-01,SGD,NPR,buy,39.95
2000-04-01,SGD,NPR,sell,40.33
2000-04-01,USD,NPR,buy,68.65
2000-04-01,USD,NPR,sell,69.3
2000-04-02,AUD,NPR,buy,41.49
2000-04-02,AUD,NPR,sell,41.88
2000-04-02,CAD,NPR,buy,47.13
2000-04-02,CAD,NPR,sell,47.57
2000-04-02,CHF,NPR,buy,41.26
2000-04-02,CHF,NPR,sell,41.65
2000-04-02,DKK,NPR,buy,8.82
2000-04-02,EUR,NPR,buy,65.7
2000-04-02,EUR,NPR,sell,66.33
2000-04-02,GBP,NPR,buy,109.46
2000-04-02,GBP,NPR,sell,110.5
2000-04-02,HKD,NPR,buy,8.82
2000-04-02,INR,NPR,buy,1.6
2000-04-02,INR,NPR,sell,1.6015000000000001
2000-04-02,JPY,NPR,buy,0.653
2000-04-02,JPY,NPR,sell,0.659
2000-04-02,SAR,NPR,buy,18.3
2000-04-02,SEK,NPR,buy,7.92
2000-04-02,SGD,NPR,buy,39.95
2000-04-02,SGD,NPR,sell,40.33
2000-04-02,USD,NPR,buy,68.65
2000-04-02,USD,NPR,sell,69.3
2000-04-03,AUD,NPR,buy,41.49
2000-04-03,AUD,NPR,sell,41.88
2000-04-03,CAD,NPR,buy,47.13
2000-04-03,CAD,NPR,sell,47.57
2000-04-03,CHF,NPR,buy,41.26
2000-04-03,CHF,NPR,sell,41.65
2000-04-03,DKK,NPR,buy,8.82
2000-04-03,EUR,NPR,buy,65.7
2000-04-03,EUR,NPR,sell,66.33
2000-04-03,GBP,NPR,buy,109.46
2000-04-03,GBP,NPR,sell,110.5
2000-04-03,HKD,NPR,buy,8.82
2000-04-03,INR,NPR,buy,1.6
2000-04-03,INR,NPR,sell,1.6015000000000001
2000-04-03,JPY,NPR,buy,0.653
2000-04-03,JPY,NPR,sell,0.659
2000-04-03,SAR,NPR,buy,18.3
2000-04-03,SEK,NPR,buy,7.92
2000-04-03,SGD,NPR,buy,39.95
2000-04-03,SGD,NPR,sell,40.33
2000-04-03,USD,NPR,buy,68.65
2000-04-03,USD,NPR,sell,69.3
2000-04-04,AUD,NPR,buy,41.7
2000-04-04,AUD,NPR,sell,42.1
2000-04-04,CAD,NPR,buy,47.3
2000-04-04,CAD,NPR,sell,47.75
2000-04-04,CHF,NPR,buy,41.16
2000-04-04,CHF,NPR,sell,41.55
2000-04-04,DKK,NPR,buy,8.78
2000-04-04,EUR,NPR,buy,65.38
2000-04-04,EUR,NPR,sell,65.99
2000-04-04,GBP,NPR,buy,109
2000-04-04,GBP,NPR,sell,110.03
2000-04-04,HKD,NPR,buy,8.82
2000-04-04,INR,NPR,buy,1.6
2000-04-04,INR,NPR,sell,1.6015000000000001
2000-04-04,JPY,NPR,buy,0.655
2000-04-04,JPY,NPR,sell,0.661
2000-04-04,SAR,NPR,buy,18.3
2000-04-04,SEK,NPR,buy,7.91
2000-04-04,SGD,NPR,buy,40.03
2000-04-04,SGD,NPR,sell,40.41
2000-04-04,USD,NPR,buy,68.65
2000-04-04,USD,NPR,sell,69.3
2000-04-05,AUD,NPR,buy,41.32
2000-04-05,AUD,NPR,sell,41.71
2000-04-05,CAD,NPR,buy,47.29
2000-04-05,CAD,NPR,sell,47.74
2000-04-05,CHF,NPR,buy,41.53
2000-04-05,CHF,NPR,sell,41.92
2000-04-05,DKK,NPR,buy,8.81
2000-04-05,EUR,NPR,buy,65.61
2000-04-05,EUR,NPR,sell,66.23
2000-04-05,GBP,NPR,buy,109.68
2000-04-05,GBP,NPR,sell,110.71
2000-04-05,HKD,NPR,buy,8.82
2000-04-05,INR,NPR,buy,1.6
2000-04-05,INR,NPR,sell,1.6015000000000001
2000-04-05,JPY,NPR,buy,0.654
2000-04-05,JPY,NPR,sell,0.6599999999999999
2000-04-05,SAR,NPR,buy,18.3
2000-04-05,SEK,NPR,buy,7.9
2000-04-05,SGD,NPR,buy,39.96
2000-04-05,SGD,NPR,sell,40.34
2000-04-05,USD,NPR,buy,68.65
2000-04-05,USD,NPR,sell,69.3
2000-04-06,AUD,NPR,buy,41.51
2000-04-06,AUD,NPR,sell,41.9
2000-04-06,CAD,NPR,buy,47.26
2000-04-06,CAD,NPR,sell,47.71
2000-04-06,CHF,NPR,buy,41.87
2000-04-06,CHF,NPR,sell,42.87
2000-04-06,DKK,NPR,buy,8.87
2000-04-06,EUR,NPR,buy,66.06
2000-04-06,EUR,NPR,sell,66.68
2000-04-06,GBP,NPR,buy,109.57
2000-04-06,GBP,NPR,sell,110.6
2000-04-06,HKD,NPR,buy,8.82
2000-04-06,INR,NPR,buy,1.6
2000-04-06,INR,NPR,sell,1.6015000000000001
2000-04-06,JPY,NPR,buy,0.6519999999999999
2000-04-06,JPY,NPR,sell,0.659
2000-04-06,SAR,NPR,buy,18.3
2000-04-06,SEK,NPR,buy,7.96
2000-04-06,SGD,NPR,buy,39.96
2000-04-06,SGD,NPR,sell,40.34
2000-04-06,USD,NPR,buy,68.65
2000-04-06,USD,NPR,sell,69.3
2000-04-07,AUD,NPR,buy,41.49
2000-04-07,AUD,NPR,sell,41.88
2000-04-07,CAD,NPR,buy,47.32
2000-04-07,CAD,NPR,sell,47.77
2000-04-07,CHF,NPR,buy,41.92
2000-04-07,CHF,NPR,sell,42.32
2000-04-07,DKK,NPR,buy,8.87
2000-04-07,EUR,NPR,buy,66.03
2000-04-07,EUR,NPR,sell,66.66
2000-04-07,GBP,NPR,buy,108.78
2000-04-07,GBP,NPR,sell,109.81
2000-04-07,HKD,NPR,buy,8.82
2000-04-07,INR,NPR,buy,1.6
2000-04-07,INR,NPR,sell,1.6015000000000001
2000-04-07,JPY,NPR,buy,0.655
2000-04-07,JPY,NPR,sell,0.661
2000-04-07,SAR,NPR,buy,18.3
2000-04-07,SEK,NPR,buy,7.95
2000-04-07,SGD,NPR,buy,40
2000-04-07,SGD,NPR,sell,40.38
2000-04-07,USD,NPR,buy,68.65
2000-04-07,USD,NPR,sell,69.3
2000-04-08,AUD,NPR,buy,41.15
2000-04-08,AUD,NPR,sell,41.54
2000-04-08,CAD,NPR,buy,47.25
2000-04-08,CAD,NPR,sell,47.7
2000-04-08,CHF,NPR,buy,41.95
2000-04-08,CHF,NPR,sell,42.34
2000-04-08,DKK,NPR,buy,8.84
2000-04-08,EUR,NPR,buy,65.83
2000-04-08,EUR,NPR,sell,66.45
2000-04-08,GBP,NPR,buy,108.64
2000-04-08,GBP,NPR,sell,109.67
2000-04-08,HKD,NPR,buy,8.82
2000-04-08,INR,NPR,buy,1.6
2000-04-08,INR,NPR,sell,1.6015000000000001
2000-04-08,JPY,NPR,buy,0.654
2000-04-08,JPY,NPR,sell,0.6599999999999999
2000-04-08,SAR,NPR,buy,18.3
2000-04-08,SEK,NPR,buy,7.95
2000-04-08,SGD,NPR,buy,40.08
2000-04-08,SGD,NPR,sell,40.46
2000-04-08,USD,NPR,buy,68.65
2000-04-08,USD,NPR,sell,69.3
2000-04-09,AUD,NPR,buy,41.15
2000-04-09,AUD,NPR,sell,41.54
2000-04-09,CAD,NPR,buy,47.25
2000-04-09,CAD,NPR,sell,47.7
2000-04-09,CHF,NPR,buy,41.95
2000-04-09,CHF,NPR,sell,42.34
2000-04-09,DKK,NPR,buy,8.84
2000-04-09,EUR,NPR,buy,65.83
2000-04-09,EUR,NPR,sell,66.45
2000-04-09,GBP,NPR,buy,108.64
2000-04-09,GBP,NPR,sell,109.67
2000-04-09,HKD,NPR,buy,8.82
2000-04-09,INR,NPR,buy,1.6
2000-04-09,INR,NPR,sell,1.6015000000000001
2000-04-09,JPY,NPR,buy,0.654
2000-04-09,JPY,NPR,sell,0.6599999999999999
2000-04-09,SAR,NPR,buy,18.3
2000-04-09,SEK,NPR,buy,7.95
2000-04-09,SGD,NPR,buy,40.08
2000-04-09,SGD,NPR,sell,40.46
2000-04-09,USD,NPR,buy,68.65
2000-04-09,USD,NPR,sell,69.3
2000-04-10,AUD,NPR,buy,41.15
2000-04-10,AUD,NPR,sell,41.54
2000-04-10,CAD,NPR,buy,47.25
2000-04-10,CAD,NPR,sell,47.7
2000-04-10,CHF,NPR,buy,41.95
2000-04-10,CHF,NPR,sell,42.34
2000-04-10,DKK,NPR,buy,8.84
2000-04-10,EUR,NPR,buy,65.83
2000-04-10,EUR,NPR,sell,66.45
2000-04-10,GBP,NPR,buy,108.64
2000-04-10,GBP,NPR,sell,109.67
2000-04-10,HKD,NPR,buy,8.82
2000-04-10,INR,NPR,buy,1.6
2000-04-10,INR,NPR,sell,1.6015000000000001
2000-04-10,JPY,NPR,buy,0.654
2000-04-10,JPY,NPR,sell,0.6599999999999999
2000-04-10,SAR,NPR,buy,18.3
2000-04-10,SEK,NPR,buy,7.95
2000-04-10,SGD,NPR,buy,40.08
2000-04-10,SGD,NPR,sell,40.46
2000-04-10,USD,NPR,buy,68.65
2000-04-10,USD,NPR,sell,69.3
2000-04-11,AUD,NPR,buy,41.05
2000-04-11,AUD,NPR,sell,41.44
2000-04-11,CAD,NPR,buy,47.08
2000-04-11,CAD,NPR,sell,47.53
2000-04-11,CHF,NPR,buy,41.81
2000-04-11,CHF,NPR,sell,42.2
2000-04-11,DKK,NPR,buy,8.81
2000-04-11,EUR,NPR,buy,65.65
2000-04-11,EUR,NPR,sell,66.27
2000-04-11,GBP,NPR,buy,108.52
2000-04-11,GBP,NPR,sell,109.55
2000-04-11,HKD,NPR,buy,8.82
2000-04-11,INR,NPR,buy,1.6
2000-04-11,INR,NPR,sell,1.6015000000000001
2000-04-11,JPY,NPR,buy,0.648
2000-04-11,JPY,NPR,sell,0.654
2000-04-11,SAR,NPR,buy,18.3
2000-04-11,SEK,NPR,buy,7.93
2000-04-11,SGD,NPR,buy,39.98
2000-04-11,SGD,NPR,sell,40.36
2000-04-11,USD,NPR,buy,68.65
2000-04-11,USD,NPR,sell,69.3
2000-04-12,AUD,NPR,buy,40.85
2000-04-12,AUD,NPR,sell,41.24
2000-04-12,CAD,NPR,buy,46.94
2000-04-12,CAD,NPR,sell,47.39
2000-04-12,CHF,NPR,buy,42.02
2000-04-12,CHF,NPR,sell,42.42
2000-04-12,DKK,NPR,buy,8.87
2000-04-12,EUR,NPR,buy,66.08
2000-04-12,EUR,NPR,sell,66.7
2000-04-12,GBP,NPR,buy,108.79
2000-04-12,GBP,NPR,sell,109.82
2000-04-12,HKD,NPR,buy,8.82
2000-04-12,INR,NPR,buy,1.6
2000-04-12,INR,NPR,sell,1.6015000000000001
2000-04-12,JPY,NPR,buy,0.642
2000-04-12,JPY,NPR,sell,0.649
2000-04-12,SAR,NPR,buy,18.3
2000-04-12,SEK,NPR,buy,7.98
2000-04-12,SGD,NPR,buy,39.91
2000-04-12,SGD,NPR,sell,40.29
2000-04-12,USD,NPR,buy,68.65
2000-04-12,USD,NPR,sell,69.3
2000-04-13,AUD,NPR,buy,40.92
2000-04-13,AUD,NPR,sell,41.31
2000-04-13,CAD,NPR,buy,46.88
2000-04-13,CAD,NPR,sell,47.33
2000-04-13,CHF,NPR,buy,41.77
2000-04-13,CHF,NPR,sell,42.16
2000-04-13,DKK,NPR,buy,8.84
2000-04-13,EUR,NPR,buy,65.85
2000-04-13,EUR,NPR,sell,66.47
2000-04-13,GBP,NPR,buy,108.88
2000-04-13,GBP,NPR,sell,109.91
2000-04-13,HKD,NPR,buy,8.81
2000-04-13,INR,NPR,buy,1.6
2000-04-13,INR,NPR,sell,1.6015000000000001
2000-04-13,JPY,NPR,buy,0.65
2000-04-13,JPY,NPR,sell,0.6559999999999999
2000-04-13,SAR,NPR,buy,18.3
2000-04-13,SEK,NPR,buy,7.95
2000-04-13,SGD,NPR,buy,39.93
2000-04-13,SGD,NPR,sell,40.3
2000-04-13,USD,NPR,buy,68.65
2000-04-13,USD,NPR,sell,69.3
2000-04-14,AUD,NPR,buy,41.12
2000-04-14,AUD,NPR,sell,41.51
2000-04-14,CAD,NPR,buy,46.93
2000-04-14,CAD,NPR,sell,47.38
2000-04-14,CHF,NPR,buy,41.78
2000-04-14,CHF,NPR,sell,42.18
2000-04-14,DKK,NPR,buy,8.83
2000-04-14,EUR,NPR,buy,65.77
2000-04-14,EUR,NPR,sell,66.39
2000-04-14,GBP,NPR,buy,109.14
2000-04-14,GBP,NPR,sell,110.17
2000-04-14,HKD,NPR,buy,8.81
2000-04-14,INR,NPR,buy,1.6
2000-04-14,INR,NPR,sell,1.6015000000000001
2000-04-14,JPY,NPR,buy,0.649
2000-04-14,JPY,NPR,sell,0.655
2000-04-14,SAR,NPR,buy,18.3
2000-04-14,SEK,NPR,buy,7.91
2000-04-14,SGD,NPR,buy,39.95
2000-04-14,SGD,NPR,sell,40.33
2000-04-14,USD,NPR,buy,68.65
2000-04-14,USD,NPR,sell,69.3
2000-04-15,AUD,NPR,buy,41
2000-04-15,AUD,NPR,sell,41.39
2000-04-15,CAD,NPR,buy,46.67
2000-04-15,CAD,NPR,sell,47.11
2000-04-15,CHF,NPR,buy,41.65
2000-04-15,CHF,NPR,sell,42.05
2000-04-15,DKK,NPR,buy,8.8
2000-04-15,EUR,NPR,buy,65.53
2000-04-15,EUR,NPR,sell,66.15
2000-04-15,GBP,NPR,buy,108.87
2000-04-15,GBP,NPR,sell,109.9
2000-04-15,HKD,NPR,buy,8.81
2000-04-15,INR,NPR,buy,1.6
2000-04-15,INR,NPR,sell,1.6015000000000001
2000-04-15,JPY,NPR,buy,0.648
2000-04-15,JPY,NPR,sell,0.655
2000-04-15,SAR,NPR,buy,18.3
2000-04-15,SEK,NPR,buy,7.88
2000-04-15,SGD,NPR,buy,40.1
2000-04-15,SGD,NPR,sell,40.48
2000-04-15,USD,NPR,buy,68.65
2000-04-15,USD,NPR,sell,69.3
2000-04-16,AUD,NPR,buy,41
2000-04-16,AUD,NPR,sell,41.39
2000-04-16,CAD,NPR,buy,46.67
2000-04-16,CAD,NPR,sell,47.11
2000-04-16,CHF,NPR,buy,41.65
2000-04-16,CHF,NPR,sell,42.05
2000-04-16,DKK,NPR,buy,8.8
2000-04-16,EUR,NPR,buy,65.53
2000-04-16,EUR,NPR,sell,66.15
2000-04-16,GBP,NPR,buy,108.87
2000-04-16,GBP,NPR,sell,109.9
2000-04-16,HKD,NPR,buy,8.81
2000-04-16,INR,NPR,buy,1.6
2000-04-16,INR,NPR,sell,1.6015000000000001
2000-04-16,JPY,NPR,buy,0.648
2000-04-16,JPY,NPR,sell,0.655
2000-04-16,SAR,NPR,buy,18.3
2000-04-16,SEK,NPR,buy,7.88
2000-04-16,SGD,NPR,buy,40.1
2000-04-16,SGD,NPR,sell,40.48
2000-04-16,USD,NPR,buy,68.65
2000-04-16,USD,NPR,sell,69.3
2000-04-17,AUD,NPR,buy,41
2000-04-17,AUD,NPR,sell,41.39
2000-04-17,CAD,NPR,buy,46.67
2000-04-17,CAD,NPR,sell,47.11
2000-04-17,CHF,NPR,buy,41.65
2000-04-17,CHF,NPR,sell,42.05
2000-04-17,DKK,NPR,buy,8.8
2000-04-17,EUR,NPR,buy,65.53
2000-04-17,EUR,NPR,sell,66.15
2000-04-17,GBP,NPR,buy,108.87
2000-04-17,GBP,NPR,sell,109.9
2000-04-17,HKD,NPR,buy,8.81
2000-04-17,INR,NPR,buy,1.6
2000-04-17,INR,NPR,sell,1.6015000000000001
2000-04-17,JPY,NPR,buy,0.648
2000-04-17,JPY,NPR,sell,0.655
2000-04-17,SAR,NPR,buy,18.3
2000-04-17,SEK,NPR,buy,7.88
2000-04-17,SGD,NPR,buy,40.1
2000-04-17,SGD,NPR,sell,40.48
2000-04-17,USD,NPR,buy,68.65
2000-04-17,USD,NPR,sell,69.3
2000-04-18,AUD,NPR,buy,41.29
2000-04-18,AUD,NPR,sell,41.68
2000-04-18,CAD,NPR,buy,46.43
2000-04-18,CAD,NPR,sell,46.87
2000-04-18,CHF,NPR,buy,42.15
2000-04-18,CHF,NPR,sell,42.54
2000-04-18,DKK,NPR,buy,8.88
2000-04-18,EUR,NPR,buy,66.16
2000-04-18,EUR,NPR,sell,66.79
2000-04-18,GBP,NPR,buy,109.04
2000-04-18,GBP,NPR,sell,110.07
2000-04-18,HKD,NPR,buy,8.81
2000-04-18,INR,NPR,buy,1.6
2000-04-18,INR,NPR,sell,1.6015000000000001
2000-04-18,JPY,NPR,buy,0.663
2000-04-18,JPY,NPR,sell,0.669
2000-04-18,SAR,NPR,buy,18.3
2000-04-18,SEK,NPR,buy,7.94
2000-04-18,SGD,NPR,buy,40.25
2000-04-18,SGD,NPR,sell,40.63
2000-04-18,USD,NPR,buy,68.65
2000-04-18,USD,NPR,sell,69.3
2000-04-19,AUD,NPR,buy,40.7
2000-04-19,AUD,NPR,sell,41.09
2000-04-19,CAD,NPR,buy,46.29
2000-04-19,CAD,NPR,sell,46.73
2000-04-19,CHF,NPR,buy,41.48
2000-04-19,CHF,NPR,sell,41.87
2000-04-19,DKK,NPR,buy,8.74
2000-04-19,EUR,NPR,buy,65.08
2000-04-19,EUR,NPR,sell,65.7
2000-04-19,GBP,NPR,buy,108.31
2000-04-19,GBP,NPR,sell,109.33
2000-04-19,HKD,NPR,buy,8.81
2000-04-19,INR,NPR,buy,1.6
2000-04-19,INR,NPR,sell,1.6015000000000001
2000-04-19,JPY,NPR,buy,0.658
2000-04-19,JPY,NPR,sell,0.6639999999999999
2000-04-19,SAR,NPR,buy,18.3
2000-04-19,SEK,NPR,buy,7.85
2000-04-19,SGD,NPR,buy,40.42
2000-04-19,SGD,NPR,sell,40.8
2000-04-19,USD,NPR,buy,68.65
2000-04-19,USD,NPR,sell,69.3
2000-04-20,AUD,NPR,buy,40.96
2000-04-20,AUD,NPR,sell,41.35
2000-04-20,CAD,NPR,buy,46.37
2000-04-20,CAD,NPR,sell,46.81
2000-04-20,CHF,NPR,buy,41.23
2000-04-20,CHF,NPR,sell,41.62
2000-04-20,DKK,NPR,buy,8.72
2000-04-20,EUR,NPR,buy,64.93
2000-04-20,EUR,NPR,sell,65.54
2000-04-20,GBP,NPR,buy,108.31
2000-04-20,GBP,NPR,sell,109.33
2000-04-20,HKD,NPR,buy,8.81
2000-04-20,INR,NPR,buy,1.6
2000-04-20,INR,NPR,sell,1.6015000000000001
2000-04-20,JPY,NPR,buy,0.657
2000-04-20,JPY,NPR,sell,0.663
2000-04-20,SAR,NPR,buy,18.3
2000-04-20,SEK,NPR,buy,7.86
2000-04-20,SGD,NPR,buy,40.4
2000-04-20,SGD,NPR,sell,40.78
2000-04-20,USD,NPR,buy,68.65
2000-04-20,USD,NPR,sell,69.3
2000-04-21,AUD,NPR,buy,40.89
2000-04-21,AUD,NPR,sell,41.28
2000-04-21,CAD,NPR,buy,46.56
2000-04-21,CAD,NPR,sell,47
2000-04-21,CHF,NPR,buy,41.11
2000-04-21,CHF,NPR,sell,41.5
2000-04-21,DKK,NPR,buy,8.67
2000-04-21,EUR,NPR,buy,64.61
2000-04-21,EUR,NPR,sell,65.22
2000-04-21,GBP,NPR,buy,108.62
2000-04-21,GBP,NPR,sell,109.65
2000-04-21,HKD,NPR,buy,8.81
2000-04-21,INR,NPR,buy,1.6
2000-04-21,INR,NPR,sell,1.6015000000000001
2000-04-21,JPY,NPR,buy,0.655
2000-04-21,JPY,NPR,sell,0.661
2000-04-21,SAR,NPR,buy,18.3
2000-04-21,SEK,NPR,buy,7.84
2000-04-21,SGD,NPR,buy,40.46
2000-04-21,SGD,NPR,sell,40.84
2000-04-21,USD,NPR,buy,68.65
2000-04-21,USD,NPR,sell,69.3
2000-04-22,AUD,NPR,buy,40.89
2000-04-22,AUD,NPR,sell,41.28
2000-04-22,CAD,NPR,buy,46.56
2000-04-22,CAD,NPR,sell,47
2000-04-22,CHF,NPR,buy,41.11
2000-04-22,CHF,NPR,sell,41.5
2000-04-22,DKK,NPR,buy,8.67
2000-04-22,EUR,NPR,buy,64.61
2000-04-22,EUR,NPR,sell,65.22
2000-04-22,GBP,NPR,buy,108.62
2000-04-22,GBP,NPR,sell,109.65
2000-04-22,HKD,NPR,buy,8.81
2000-04-22,INR,NPR,buy,1.6
2000-04-22,INR,NPR,sell,1.6015000000000001
2000-04-22,JPY,NPR,buy,0.655
2000-04-22,JPY,NPR,sell,0.661
2000-04-22,SAR,NPR,buy,18.3
2000-04-22,SEK,NPR,buy,7.84
2000-04-22,SGD,NPR,buy,40.46
2000-04-22,SGD,NPR,sell,40.84
2000-04-22,USD,NPR,buy,68.65
2000-04-22,USD,NPR,sell,69.3
2000-04-23,AUD,NPR,buy,40.89
2000-04-23,AUD,NPR,sell,41.28
2000-04-23,CAD,NPR,buy,46.56
2000-04-23,CAD,NPR,sell,47
2000-04-23,CHF,NPR,buy,41.11
2000-04-23,CHF,NPR,sell,41.5
2000-04-23,DKK,NPR,buy,8.67
2000-04-23,EUR,NPR,buy,64.61
2000-04-23,EUR,NPR,sell,65.22
2000-04-23,GBP,NPR,buy,108.62
2000-04-23,GBP,NPR,sell,109.65
2000-04-23,HKD,NPR,buy,8.81
2000-04-23,INR,NPR,buy,1.6
2000-04-23,INR,NPR,sell,1.6015000000000001
2000-04-23,JPY,NPR,buy,0.655
2000-04-23,JPY,NPR,sell,0.661
2000-04-23,SAR,NPR,buy,18.3
2000-04-23,SEK,NPR,buy,7.84
2000-04-23,SGD,NPR,buy,40.46
2000-04-23,SGD,NPR,sell,40.84
2000-04-23,USD,NPR,buy,68.65
2000-04-23,USD,NPR,sell,69.3
2000-04-24,AUD,NPR,buy,40.89
2000-04-24,AUD,NPR,sell,41.28
2000-04-24,CAD,NPR,buy,46.56
2000-04-24,CAD,NPR,sell,47
2000-04-24,CHF,NPR,buy,41.11
2000-04-24,CHF,NPR,sell,41.5
2000-04-24,DKK,NPR,buy,8.67
2000-04-24,EUR,NPR,buy,64.61
2000-04-24,EUR,NPR,sell,65.22
2000-04-24,GBP,NPR,buy,108.62
2000-04-24,GBP,NPR,sell,109.65
2000-04-24,HKD,NPR,buy,8.81
2000-04-24,INR,NPR,buy,1.6
2000-04-24,INR,NPR,sell,1.6015000000000001
2000-04-24,JPY,NPR,buy,0.655
2000-04-24,JPY,NPR,sell,0.661
2000-04-24,SAR,NPR,buy,18.3
2000-04-24,SEK,NPR,buy,7.84
2000-04-24,SGD,NPR,buy,40.46
2000-04-24,SGD,NPR,sell,40.84
2000-04-24,USD,NPR,buy,68.65
2000-04-24,USD,NPR,sell,69.3
2000-04-25,AUD,NPR,buy,40.89
2000-04-25,AUD,NPR,sell,41.28
2000-04-25,CAD,NPR,buy,46.56
2000-04-25,CAD,NPR,sell,47
2000-04-25,CHF,NPR,buy,41.11
2000-04-25,CHF,NPR,sell,41.5
2000-04-25,DKK,NPR,buy,8.67
2000-04-25,EUR,NPR,buy,64.61
2000-04-25,EUR,NPR,sell,65.22
2000-04-25,GBP,NPR,buy,108.62
2000-04-25,GBP,NPR,sell,109.65
2000-04-25,HKD,NPR,buy,8.81
2000-04-25,INR,NPR,buy,1.6
2000-04-25,INR,NPR,sell,1.6015000000000001
2000-04-25,JPY,NPR,buy,0.655
2000-04-25,JPY,NPR,sell,0.661
2000-04-25,SAR,NPR,buy,18.3
2000-04-25,SEK,NPR,buy,7.84
2000-04-25,SGD,NPR,buy,40.46
2000-04-25,SGD,NPR,sell,40.84
2000-04-25,USD,NPR,buy,68.65
2000-04-25,USD,NPR,sell,69.3
2000-04-26,AUD,NPR,buy,40.88
2000-04-26,AUD,NPR,sell,41.27
2000-04-26,CAD,NPR,buy,46.47
2000-04-26,CAD,NPR,sell,46.91
2000-04-26,CHF,NPR,buy,41.03
2000-04-26,CHF,NPR,sell,41.42
2000-04-26,DKK,NPR,buy,8.64
2000-04-26,EUR,NPR,buy,64.43
2000-04-26,EUR,NPR,sell,65.04
2000-04-26,GBP,NPR,buy,108.39
2000-04-26,GBP,NPR,sell,109.42
2000-04-26,HKD,NPR,buy,8.81
2000-04-26,INR,NPR,buy,1.6
2000-04-26,INR,NPR,sell,1.6015000000000001
2000-04-26,JPY,NPR,buy,0.6519999999999999
2000-04-26,JPY,NPR,sell,0.658
2000-04-26,SAR,NPR,buy,18.3
2000-04-26,SEK,NPR,buy,7.8
2000-04-26,SGD,NPR,buy,40.29
2000-04-26,SGD,NPR,sell,40.68
2000-04-26,USD,NPR,buy,68.65
2000-04-26,USD,NPR,sell,69.3
2000-04-27,AUD,NPR,buy,40.4
2000-04-27,AUD,NPR,sell,40.78
2000-04-27,CAD,NPR,buy,46.73
2000-04-27,CAD,NPR,sell,47.18
2000-04-27,CHF,NPR,buy,40.24
2000-04-27,CHF,NPR,sell,40.62
2000-04-27,DKK,NPR,buy,8.49
2000-04-27,EUR,NPR,buy,63.28
2000-04-27,EUR,NPR,sell,63.88
2000-04-27,GBP,NPR,buy,108.47
2000-04-27,GBP,NPR,sell,109.5
2000-04-27,HKD,NPR,buy,8.81
2000-04-27,INR,NPR,buy,1.6
2000-04-27,INR,NPR,sell,1.6015000000000001
2000-04-27,JPY,NPR,buy,0.649
2000-04-27,JPY,NPR,sell,0.655
2000-04-27,SAR,NPR,buy,18.3
2000-04-27,SEK,NPR,buy,7.73
2000-04-27,SGD,NPR,buy,40.23
2000-04-27,SGD,NPR,sell,40.61
2000-04-27,USD,NPR,buy,68.65
2000-04-27,USD,NPR,sell,69.3
2000-04-28,AUD,NPR,buy,40.49
2000-04-28,AUD,NPR,sell,40.87
2000-04-28,CAD,NPR,buy,46.53
2000-04-28,CAD,NPR,sell,46.97
2000-04-28,CHF,NPR,buy,40.17
2000-04-28,CHF,NPR,sell,40.55
2000-04-28,DKK,NPR,buy,8.47
2000-04-28,EUR,NPR,buy,63.16
2000-04-28,EUR,NPR,sell,63.76
2000-04-28,GBP,NPR,buy,108.12
2000-04-28,GBP,NPR,sell,109.15
2000-04-28,HKD,NPR,buy,8.81
2000-04-28,INR,NPR,buy,1.6
2000-04-28,INR,NPR,sell,1.6015000000000001
2000-04-28,JPY,NPR,buy,0.646
2000-04-28,JPY,NPR,sell,0.6519999999999999
2000-04-28,SAR,NPR,buy,18.3
2000-04-28,SEK,NPR,buy,7.7
2000-04-28,SGD,NPR,buy,40.22
2000-04-28,SGD,NPR,sell,40.6
2000-04-28,USD,NPR,buy,68.65
2000-04-28,USD,NPR,sell,69.3
2000-04-29,AUD,NPR,buy,40.51
2000-04-29,AUD,NPR,sell,40.89
2000-04-29,CAD,NPR,buy,46.51
2000-04-29,CAD,NPR,sell,46.95
2000-04-29,CHF,NPR,buy,39.82
2000-04-29,CHF,NPR,sell,40.19
2000-04-29,DKK,NPR,buy,8.4
2000-04-29,EUR,NPR,buy,62.6
2000-04-29,EUR,NPR,sell,63.19
2000-04-29,GBP,NPR,buy,107.68
2000-04-29,GBP,NPR,sell,108.7
2000-04-29,HKD,NPR,buy,8.81
2000-04-29,INR,NPR,buy,1.6
2000-04-29,INR,NPR,sell,1.6015000000000001
2000-04-29,JPY,NPR,buy,0.645
2000-04-29,JPY,NPR,sell,0.651
2000-04-29,SAR,NPR,buy,18.3
2000-04-29,SEK,NPR,buy,7.69
2000-04-29,SGD,NPR,buy,40.25
2000-04-29,SGD,NPR,sell,40.63
2000-04-29,USD,NPR,buy,68.65
2000-04-29,USD,NPR,sell,69.3
2000-04-30,AUD,NPR,buy,40.51
2000-04-30,AUD,NPR,sell,40.89
2000-04-30,CAD,NPR,buy,46.51
2000-04-30,CAD,NPR,sell,46.95
2000-04-30,CHF,NPR,buy,39.82
2000-04-30,CHF,NPR,sell,40.19
2000-04-30,DKK,NPR,buy,8.4
2000-04-30,EUR,NPR,buy,62.6
2000-04-30,EUR,NPR,sell,63.19
2000-04-30,GBP,NPR,buy,107.68
2000-04-30,GBP,NPR,sell,108.7
2000-04-30,HKD,NPR,buy,8.81
2000-04-30,INR,NPR,buy,1.6
2000-04-30,INR,NPR,sell,1.6015000000000001
2000-04-30,JPY,NPR,buy,0.645
2000-04-30,JPY,NPR,sell,0.651
2000-04-30,SAR,NPR,buy,18.3
2000-04-30,SEK,NPR,buy,7.69
2000-04-30,SGD,NPR,buy,40.25
2000-04-30,SGD,NPR,sell,40.63
2000-04-30,USD,NPR,buy,68.65
2000-04-30,USD,NPR,sell,69.3
2000-05-01,AUD,NPR,buy,40.51
2000-05-01,AUD,NPR,sell,40.89
2000-05-01,CAD,NPR,buy,46.51
2000-05-01,CAD,NPR,sell,46.95
2000-05-01,CHF,NPR,buy,39.82
2000-05-01,CHF,NPR,sell,40.19
2000-05-01,DKK,NPR,buy,8.4
2000-05-01,EUR,NPR,buy,62.6
2000-05-01,EUR,NPR,sell,63.19
2000-05-01,GBP,NPR,buy,107.68
2000-05-01,GBP,NPR,sell,108.7
2000-05-01,HKD,NPR,buy,8.81
2000-05-01,INR,NPR,buy,1.6
2000-05-01,INR,NPR,sell,1.6015000000000001
2000-05-01,JPY,NPR,buy,0.645
2000-05-01,JPY,NPR,sell,0.651
2000-05-01,SAR,NPR,buy,18.3
2000-05-01,SEK,NPR,buy,7.69
2000-05-01,SGD,NPR,buy,40.25
2000-05-01,SGD,NPR,sell,40.63
2000-05-01,USD,NPR,buy,68.65
2000-05-01,USD,NPR,sell,69.3
2000-05-02,AUD,NPR,buy,40.51
2000-05-02,AUD,NPR,sell,40.89
2000-05-02,CAD,NPR,buy,46.51
2000-05-02,CAD,NPR,sell,46.95
2000-05-02,CHF,NPR,buy,39.82
2000-05-02,CHF,NPR,sell,40.19
2000-05-02,DKK,NPR,buy,8.4
2000-05-02,EUR,NPR,buy,62.6
2000-05-02,EUR,NPR,sell,63.19
2000-05-02,GBP,NPR,buy,107.68
2000-05-02,GBP,NPR,sell,108.7
2000-05-02,HKD,NPR,buy,8.81
2000-05-02,INR,NPR,buy,1.6
2000-05-02,INR,NPR,sell,1.6015000000000001
2000-05-02,JPY,NPR,buy,0.645
2000-05-02,JPY,NPR,sell,0.651
2000-05-02,SAR,NPR,buy,18.3
2000-05-02,SEK,NPR,buy,7.69
2000-05-02,SGD,NPR,buy,40.25
2000-05-02,SGD,NPR,sell,40.63
2000-05-02,USD,NPR,buy,68.65
2000-05-02,USD,NPR,sell,69.3
2000-05-03,AUD,NPR,buy,40.19
2000-05-03,AUD,NPR,sell,40.58
2000-05-03,CAD,NPR,buy,46.41
2000-05-03,CAD,NPR,sell,46.84
2000-05-03,CHF,NPR,buy,40.07
2000-05-03,CHF,NPR,sell,40.45
2000-05-03,DKK,NPR,buy,8.4
2000-05-03,EUR,NPR,buy,62.63
2000-05-03,EUR,NPR,sell,63.22
2000-05-03,GBP,NPR,buy,106.92
2000-05-03,GBP,NPR,sell,107.93
2000-05-03,HKD,NPR,buy,8.81
2000-05-03,INR,NPR,buy,1.6
2000-05-03,INR,NPR,sell,1.6015000000000001
2000-05-03,JPY,NPR,buy,0.634
2000-05-03,JPY,NPR,sell,0.64
2000-05-03,SAR,NPR,buy,18.3
2000-05-03,SEK,NPR,buy,7.68
2000-05-03,SGD,NPR,buy,40
2000-05-03,SGD,NPR,sell,40.38
2000-05-03,USD,NPR,buy,68.65
2000-05-03,USD,NPR,sell,69.3
2000-05-04,AUD,NPR,buy,40.6
2000-05-04,AUD,NPR,sell,40.98
2000-05-04,CAD,NPR,buy,46.17
2000-05-04,CAD,NPR,sell,46.61
2000-05-04,CHF,NPR,buy,39.8
2000-05-04,CHF,NPR,sell,40.17
2000-05-04,DKK,NPR,buy,8.31
2000-05-04,EUR,NPR,buy,61.92
2000-05-04,EUR,NPR,sell,62.5
2000-05-04,GBP,NPR,buy,107.2
2000-05-04,GBP,NPR,sell,108.22
2000-05-04,HKD,NPR,buy,8.81
2000-05-04,INR,NPR,buy,1.6
2000-05-04,INR,NPR,sell,1.6015000000000001
2000-05-04,JPY,NPR,buy,0.632
2000-05-04,JPY,NPR,sell,0.638
2000-05-04,SAR,NPR,buy,18.3
2000-05-04,SEK,NPR,buy,7.64
2000-05-04,SGD,NPR,buy,39.95
2000-05-04,SGD,NPR,sell,40.32
2000-05-04,USD,NPR,buy,68.65
2000-05-04,USD,NPR,sell,69.3
2000-05-05,AUD,NPR,buy,40.33
2000-05-05,AUD,NPR,sell,40.71
2000-05-05,CAD,NPR,buy,45.96
2000-05-05,CAD,NPR,sell,46.4
2000-05-05,CHF,NPR,buy,39.52
2000-05-05,CHF,NPR,sell,39.89
2000-05-05,DKK,NPR,buy,8.18
2000-05-05,EUR,NPR,buy,60.97
2000-05-05,EUR,NPR,sell,61.55
2000-05-05,GBP,NPR,buy,106.96
2000-05-05,GBP,NPR,sell,107.97
2000-05-05,HKD,NPR,buy,8.81
2000-05-05,INR,NPR,buy,1.6
2000-05-05,INR,NPR,sell,1.6015000000000001
2000-05-05,JPY,NPR,buy,0.63
2000-05-05,JPY,NPR,sell,0.636
2000-05-05,SAR,NPR,buy,18.3
2000-05-05,SEK,NPR,buy,7.55
2000-05-05,SGD,NPR,buy,39.82
2000-05-05,SGD,NPR,sell,40.2
2000-05-05,USD,NPR,buy,68.65
2000-05-05,USD,NPR,sell,69.3
2000-05-06,AUD,NPR,buy,40.68
2000-05-06,AUD,NPR,sell,41.06
2000-05-06,CAD,NPR,buy,45.89
2000-05-06,CAD,NPR,sell,46.33
2000-05-06,CHF,NPR,buy,39.58
2000-05-06,CHF,NPR,sell,39.95
2000-05-06,DKK,NPR,buy,8.23
2000-05-06,EUR,NPR,buy,61.37
2000-05-06,EUR,NPR,sell,61.95
2000-05-06,GBP,NPR,buy,105.52
2000-05-06,GBP,NPR,sell,106.52
2000-05-06,HKD,NPR,buy,8.81
2000-05-06,INR,NPR,buy,1.6
2000-05-06,INR,NPR,sell,1.6015000000000001
2000-05-06,JPY,NPR,buy,0.639
2000-05-06,JPY,NPR,sell,0.645
2000-05-06,SAR,NPR,buy,18.3
2000-05-06,SEK,NPR,buy,7.55
2000-05-06,SGD,NPR,buy,39.91
2000-05-06,SGD,NPR,sell,40.29
2000-05-06,USD,NPR,buy,68.65
2000-05-06,USD,NPR,sell,69.3
2000-05-07,AUD,NPR,buy,40.68
2000-05-07,AUD,NPR,sell,41.06
2000-05-07,CAD,NPR,buy,45.89
2000-05-07,CAD,NPR,sell,46.33
2000-05-07,CHF,NPR,buy,39.58
2000-05-07,CHF,NPR,sell,39.95
2000-05-07,DKK,NPR,buy,8.23
2000-05-07,EUR,NPR,buy,61.37
2000-05-07,EUR,NPR,sell,61.95
2000-05-07,GBP,NPR,buy,105.52
2000-05-07,GBP,NPR,sell,106.52
2000-05-07,HKD,NPR,buy,8.81
2000-05-07,INR,NPR,buy,1.6
2000-05-07,INR,NPR,sell,1.6015000000000001
2000-05-07,JPY,NPR,buy,0.639
2000-05-07,JPY,NPR,sell,0.645
2000-05-07,SAR,NPR,buy,18.3
2000-05-07,SEK,NPR,buy,7.55
2000-05-07,SGD,NPR,buy,39.91
2000-05-07,SGD,NPR,sell,40.29
2000-05-07,USD,NPR,buy,68.65
2000-05-07,USD,NPR,sell,69.3
2000-05-08,AUD,NPR,buy,40.68
2000-05-08,AUD,NPR,sell,41.06
2000-05-08,CAD,NPR,buy,45.89
2000-05-08,CAD,NPR,sell,46.33
2000-05-08,CHF,NPR,buy,39.58
2000-05-08,CHF,NPR,sell,39.95
2000-05-08,DKK,NPR,buy,8.23
2000-05-08,EUR,NPR,buy,61.37
2000-05-08,EUR,NPR,sell,61.95
2000-05-08,GBP,NPR,buy,105.52
2000-05-08,GBP,NPR,sell,106.52
2000-05-08,HKD,NPR,buy,8.81
2000-05-08,INR,NPR,buy,1.6
2000-05-08,INR,NPR,sell,1.6015000000000001
2000-05-08,JPY,NPR,buy,0.639
2000-05-08,JPY,NPR,sell,0.645
2000-05-08,SAR,NPR,buy,18.3
2000-05-08,SEK,NPR,buy,7.55
2000-05-08,SGD,NPR,buy,39.91
2000-05-08,SGD,NPR,sell,40.29
2000-05-08,USD,NPR,buy,68.65
2000-05-08,USD,NPR,sell,69.3
2000-05-09,AUD,NPR,buy,40.35
2000-05-09,AUD,NPR,sell,40.73
2000-05-09,CAD,NPR,buy,46.02
2000-05-09,CAD,NPR,sell,46.46
2000-05-09,CHF,NPR,buy,39.76
2000-05-09,CHF,NPR,sell,40.14
2000-05-09,DKK,NPR,buy,8.28
2000-05-09,EUR,NPR,buy,61.73
2000-05-09,EUR,NPR,sell,61.31
2000-05-09,GBP,NPR,buy,104.95
2000-05-09,GBP,NPR,sell,105.95
2000-05-09,HKD,NPR,buy,8.81
2000-05-09,INR,NPR,buy,1.6
2000-05-09,INR,NPR,sell,1.6015000000000001
2000-05-09,JPY,NPR,buy,0.631
2000-05-09,JPY,NPR,sell,0.637
2000-05-09,SAR,NPR,buy,18.3
2000-05-09,SEK,NPR,buy,7.56
2000-05-09,SGD,NPR,buy,39.82
2000-05-09,SGD,NPR,sell,40.19
2000-05-09,USD,NPR,buy,68.65
2000-05-09,USD,NPR,sell,69.3
2000-05-10,AUD,NPR,buy,39.91
2000-05-10,AUD,NPR,sell,40.29
2000-05-10,CAD,NPR,buy,45.96
2000-05-10,CAD,NPR,sell,46.4
2000-05-10,CHF,NPR,buy,39.89
2000-05-10,CHF,NPR,sell,40.27
2000-05-10,DKK,NPR,buy,8.27
2000-05-10,EUR,NPR,buy,61.65
2000-05-10,EUR,NPR,sell,62.24
2000-05-10,GBP,NPR,buy,105.18
2000-05-10,GBP,NPR,sell,106.17
2000-05-10,HKD,NPR,buy,8.81
2000-05-10,INR,NPR,buy,1.6
2000-05-10,INR,NPR,sell,1.6015000000000001
2000-05-10,JPY,NPR,buy,0.631
2000-05-10,JPY,NPR,sell,0.637
2000-05-10,SAR,NPR,buy,18.3
2000-05-10,SEK,NPR,buy,7.58
2000-05-10,SGD,NPR,buy,39.78
2000-05-10,SGD,NPR,sell,40.16
2000-05-10,USD,NPR,buy,68.65
2000-05-10,USD,NPR,sell,69.3
2000-05-11,AUD,NPR,buy,40.06
2000-05-11,AUD,NPR,sell,40.44
2000-05-11,CAD,NPR,buy,46.06
2000-05-11,CAD,NPR,sell,46.5
2000-05-11,CHF,NPR,buy,40.08
2000-05-11,CHF,NPR,sell,40.46
2000-05-11,DKK,NPR,buy,8.38
2000-05-11,EUR,NPR,buy,62.43
2000-05-11,EUR,NPR,sell,63.02
2000-05-11,GBP,NPR,buy,105.13
2000-05-11,GBP,NPR,sell,106.13
2000-05-11,HKD,NPR,buy,8.81
2000-05-11,INR,NPR,buy,1.6
2000-05-11,INR,NPR,sell,1.6015000000000001
2000-05-11,JPY,NPR,buy,0.628
2000-05-11,JPY,NPR,sell,0.633
2000-05-11,SAR,NPR,buy,18.3
2000-05-11,SEK,NPR,buy,7.62
2000-05-11,SGD,NPR,buy,39.69
2000-05-11,SGD,NPR,sell,40.06
2000-05-11,USD,NPR,buy,68.65
2000-05-11,USD,NPR,sell,69.3
2000-05-12,AUD,NPR,buy,39.9
2000-05-12,AUD,NPR,sell,40.31
2000-05-12,CAD,NPR,buy,46.14
2000-05-12,CAD,NPR,sell,46.61
2000-05-12,CHF,NPR,buy,40.18
2000-05-12,CHF,NPR,sell,40.59
2000-05-12,DKK,NPR,buy,8.37
2000-05-12,EUR,NPR,buy,62.43
2000-05-12,EUR,NPR,sell,63.06
2000-05-12,GBP,NPR,buy,103.88
2000-05-12,GBP,NPR,sell,104.93
2000-05-12,HKD,NPR,buy,8.86
2000-05-12,INR,NPR,buy,1.6
2000-05-12,INR,NPR,sell,1.6015000000000001
2000-05-12,JPY,NPR,buy,0.629
2000-05-12,JPY,NPR,sell,0.635
2000-05-12,SAR,NPR,buy,18.4
2000-05-12,SEK,NPR,buy,7.58
2000-05-12,SGD,NPR,buy,40.01
2000-05-12,SGD,NPR,sell,40.41
2000-05-12,USD,NPR,buy,69
2000-05-12,USD,NPR,sell,69.7
2000-05-13,AUD,NPR,buy,39.93
2000-05-13,AUD,NPR,sell,40.34
2000-05-13,CAD,NPR,buy,46.36
2000-05-13,CAD,NPR,sell,46.83
2000-05-13,CHF,NPR,buy,39.93
2000-05-13,CHF,NPR,sell,40.33
2000-05-13,DKK,NPR,buy,8.33
2000-05-13,EUR,NPR,buy,62.09
2000-05-13,EUR,NPR,sell,62.72
2000-05-13,GBP,NPR,buy,104.26
2000-05-13,GBP,NPR,sell,105.32
2000-05-13,HKD,NPR,buy,8.86
2000-05-13,INR,NPR,buy,1.6
2000-05-13,INR,NPR,sell,1.6015000000000001
2000-05-13,JPY,NPR,buy,0.636
2000-05-13,JPY,NPR,sell,0.643
2000-05-13,SAR,NPR,buy,18.4
2000-05-13,SEK,NPR,buy,7.54
2000-05-13,SGD,NPR,buy,39.94
2000-05-13,SGD,NPR,sell,40.35
2000-05-13,USD,NPR,buy,69
2000-05-13,USD,NPR,sell,69.7
2000-05-14,AUD,NPR,buy,39.93
2000-05-14,AUD,NPR,sell,40.34
2000-05-14,CAD,NPR,buy,46.36
2000-05-14,CAD,NPR,sell,46.83
2000-05-14,CHF,NPR,buy,39.93
2000-05-14,CHF,NPR,sell,40.33
2000-05-14,DKK,NPR,buy,8.33
2000-05-14,EUR,NPR,buy,62.09
2000-05-14,EUR,NPR,sell,62.72
2000-05-14,GBP,NPR,buy,104.26
2000-05-14,GBP,NPR,sell,105.32
2000-05-14,HKD,NPR,buy,8.86
2000-05-14,INR,NPR,buy,1.6
2000-05-14,INR,NPR,sell,1.6015000000000001
2000-05-14,JPY,NPR,buy,0.636
2000-05-14,JPY,NPR,sell,0.643
2000-05-14,SAR,NPR,buy,18.4
2000-05-14,SEK,NPR,buy,7.54
2000-05-14,SGD,NPR,buy,39.94
2000-05-14,SGD,NPR,sell,40.35
2000-05-14,USD,NPR,buy,69
2000-05-14,USD,NPR,sell,69.7
2000-05-15,AUD,NPR,buy,39.93
2000-05-15,AUD,NPR,sell,40.34
2000-05-15,CAD,NPR,buy,46.36
2000-05-15,CAD,NPR,sell,46.83
2000-05-15,CHF,NPR,buy,39.93
2000-05-15,CHF,NPR,sell,40.33
2000-05-15,DKK,NPR,buy,8.33
2000-05-15,EUR,NPR,buy,62.09
2000-05-15,EUR,NPR,sell,62.72
2000-05-15,GBP,NPR,buy,104.26
2000-05-15,GBP,NPR,sell,105.32
2000-05-15,HKD,NPR,buy,8.86
2000-05-15,INR,NPR,buy,1.6
2000-05-15,INR,NPR,sell,1.6015000000000001
2000-05-15,JPY,NPR,buy,0.636
2000-05-15,JPY,NPR,sell,0.643
2000-05-15,SAR,NPR,buy,18.4
2000-05-15,SEK,NPR,buy,7.54
2000-05-15,SGD,NPR,buy,39.94
2000-05-15,SGD,NPR,sell,40.35
2000-05-15,USD,NPR,buy,69
2000-05-15,USD,NPR,sell,69.7
2000-05-16,AUD,NPR,buy,39.75
2000-05-16,AUD,NPR,sell,40.15
2000-05-16,CAD,NPR,buy,46.42
2000-05-16,CAD,NPR,sell,46.89
2000-05-16,CHF,NPR,buy,40.56
2000-05-16,CHF,NPR,sell,40.97
2000-05-16,DKK,NPR,buy,8.46
2000-05-16,EUR,NPR,buy,63.11
2000-05-16,EUR,NPR,sell,63.75
2000-05-16,GBP,NPR,buy,104.69
2000-05-16,GBP,NPR,sell,105.79
2000-05-16,HKD,NPR,buy,8.86
2000-05-16,INR,NPR,buy,1.6
2000-05-16,INR,NPR,sell,1.6015000000000001
2000-05-16,JPY,NPR,buy,0.633
2000-05-16,JPY,NPR,sell,0.64
2000-05-16,QAR,NPR,buy,18.95
2000-05-16,SAR,NPR,buy,18.4
2000-05-16,SEK,NPR,buy,7.64
2000-05-16,SGD,NPR,buy,39.9
2000-05-16,SGD,NPR,sell,40.31
2000-05-16,USD,NPR,buy,69
2000-05-16,USD,NPR,sell,69.7
2000-05-17,AUD,NPR,buy,39.78
2000-05-17,AUD,NPR,sell,40.18
2000-05-17,CAD,NPR,buy,46.41
2000-05-17,CAD,NPR,sell,46.88
2000-05-17,CHF,NPR,buy,40.33
2000-05-17,CHF,NPR,sell,40.74
2000-05-17,DKK,NPR,buy,8.4
2000-05-17,EUR,NPR,buy,62.69
2000-05-17,EUR,NPR,sell,63.32
2000-05-17,GBP,NPR,buy,103.33
2000-05-17,GBP,NPR,sell,104.38
2000-05-17,HKD,NPR,buy,8.86
2000-05-17,INR,NPR,buy,1.6
2000-05-17,INR,NPR,sell,1.6015000000000001
2000-05-17,JPY,NPR,buy,0.633
2000-05-17,JPY,NPR,sell,0.639
2000-05-17,QAR,NPR,buy,18.95
2000-05-17,SAR,NPR,buy,18.4
2000-05-17,SEK,NPR,buy,7.63
2000-05-17,SGD,NPR,buy,39.9
2000-05-17,SGD,NPR,sell,40.3
2000-05-17,USD,NPR,buy,69
2000-05-17,USD,NPR,sell,69.7
2000-05-18,AUD,NPR,buy,39.39
2000-05-18,AUD,NPR,sell,39.78
2000-05-18,CAD,NPR,buy,46.38
2000-05-18,CAD,NPR,sell,46.86
2000-05-18,CHF,NPR,buy,40.02
2000-05-18,CHF,NPR,sell,40.42
2000-05-18,DKK,NPR,buy,8.32
2000-05-18,EUR,NPR,buy,61.58
2000-05-18,EUR,NPR,sell,62.2
2000-05-18,GBP,NPR,buy,103.24
2000-05-18,GBP,NPR,sell,104.29
2000-05-18,HKD,NPR,buy,8.86
2000-05-18,INR,NPR,buy,1.6
2000-05-18,INR,NPR,sell,1.6015000000000001
2000-05-18,JPY,NPR,buy,0.631
2000-05-18,JPY,NPR,sell,0.638
2000-05-18,QAR,NPR,buy,18.95
2000-05-18,SAR,NPR,buy,18.4
2000-05-18,SEK,NPR,buy,7.57
2000-05-18,SGD,NPR,buy,39.89
2000-05-18,SGD,NPR,sell,40.29
2000-05-18,USD,NPR,buy,69
2000-05-18,USD,NPR,sell,69.7
2000-05-19,AUD,NPR,buy,39.23
2000-05-19,AUD,NPR,sell,39.62
2000-05-19,CAD,NPR,buy,46.03
2000-05-19,CAD,NPR,sell,46.49
2000-05-19,CHF,NPR,buy,39.66
2000-05-19,CHF,NPR,sell,40.06
2000-05-19,DKK,NPR,buy,8.25
2000-05-19,EUR,NPR,buy,61.58
2000-05-19,EUR,NPR,sell,62.2
2000-05-19,GBP,NPR,buy,102.9
2000-05-19,GBP,NPR,sell,103.94
2000-05-19,HKD,NPR,buy,8.86
2000-05-19,INR,NPR,buy,1.6
2000-05-19,INR,NPR,sell,1.6015000000000001
2000-05-19,JPY,NPR,buy,0.633
2000-05-19,JPY,NPR,sell,0.64
2000-05-19,QAR,NPR,buy,18.95
2000-05-19,SAR,NPR,buy,18.4
2000-05-19,SEK,NPR,buy,7.53
2000-05-19,SGD,NPR,buy,39.8
2000-05-19,SGD,NPR,sell,40.2
2000-05-19,USD,NPR,buy,69
2000-05-19,USD,NPR,sell,69.7
2000-05-20,AUD,NPR,buy,39.61
2000-05-20,AUD,NPR,sell,40.01
2000-05-20,CAD,NPR,buy,45.95
2000-05-20,CAD,NPR,sell,46.42
2000-05-20,CHF,NPR,buy,39.68
2000-05-20,CHF,NPR,sell,40.08
2000-05-20,DKK,NPR,buy,8.26
2000-05-20,EUR,NPR,buy,61.6
2000-05-20,EUR,NPR,sell,62.26
2000-05-20,GBP,NPR,buy,102.01
2000-05-20,GBP,NPR,sell,103.04
2000-05-20,HKD,NPR,buy,8.86
2000-05-20,INR,NPR,buy,1.6
2000-05-20,INR,NPR,sell,1.6015000000000001
2000-05-20,JPY,NPR,buy,0.638
2000-05-20,JPY,NPR,sell,0.645
2000-05-20,QAR,NPR,buy,18.95
2000-05-20,SAR,NPR,buy,18.4
2000-05-20,SEK,NPR,buy,7.55
2000-05-20,SGD,NPR,buy,39.94
2000-05-20,SGD,NPR,sell,40.35
2000-05-20,USD,NPR,buy,69
2000-05-20,USD,NPR,sell,69.7
2000-05-21,AUD,NPR,buy,39.61
2000-05-21,AUD,NPR,sell,40.01
2000-05-21,CAD,NPR,buy,45.95
2000-05-21,CAD,NPR,sell,46.42
2000-05-21,CHF,NPR,buy,39.68
2000-05-21,CHF,NPR,sell,40.08
2000-05-21,DKK,NPR,buy,8.26
2000-05-21,EUR,NPR,buy,61.6
2000-05-21,EUR,NPR,sell,62.26
2000-05-21,GBP,NPR,buy,102.01
2000-05-21,GBP,NPR,sell,103.04
2000-05-21,HKD,NPR,buy,8.86
2000-05-21,INR,NPR,buy,1.6
2000-05-21,INR,NPR,sell,1.6015000000000001
2000-05-21,JPY,NPR,buy,0.638
2000-05-21,JPY,NPR,sell,0.645
2000-05-21,QAR,NPR,buy,18.95
2000-05-21,SAR,NPR,buy,18.4
2000-05-21,SEK,NPR,buy,7.55
2000-05-21,SGD,NPR,buy,39.94
2000-05-21,SGD,NPR,sell,40.35
2000-05-21,USD,NPR,buy,69
2000-05-21,USD,NPR,sell,69.7
2000-05-22,AUD,NPR,buy,39.61
2000-05-22,AUD,NPR,sell,40.01
2000-05-22,CAD,NPR,buy,45.95
2000-05-22,CAD,NPR,sell,46.42
2000-05-22,CHF,NPR,buy,39.68
2000-05-22,CHF,NPR,sell,40.08
2000-05-22,DKK,NPR,buy,8.26
2000-05-22,EUR,NPR,buy,61.6
2000-05-22,EUR,NPR,sell,62.26
2000-05-22,GBP,NPR,buy,102.01
2000-05-22,GBP,NPR,sell,103.04
2000-05-22,HKD,NPR,buy,8.86
2000-05-22,INR,NPR,buy,1.6
2000-05-22,INR,NPR,sell,1.6015000000000001
2000-05-22,JPY,NPR,buy,0.638
2000-05-22,JPY,NPR,sell,0.645
2000-05-22,QAR,NPR,buy,18.95
2000-05-22,SAR,NPR,buy,18.4
2000-05-22,SEK,NPR,buy,7.55
2000-05-22,SGD,NPR,buy,39.94
2000-05-22,SGD,NPR,sell,40.35
2000-05-22,USD,NPR,buy,69
2000-05-22,USD,NPR,sell,69.7
2000-05-23,AUD,NPR,buy,39.52
2000-05-23,AUD,NPR,sell,39.92
2000-05-23,CAD,NPR,buy,46.13
2000-05-23,CAD,NPR,sell,46.6
2000-05-23,CHF,NPR,buy,40.01
2000-05-23,CHF,NPR,sell,40.42
2000-05-23,DKK,NPR,buy,8.32
2000-05-23,EUR,NPR,buy,62.09
2000-05-23,EUR,NPR,sell,62.72
2000-05-23,GBP,NPR,buy,102.65
2000-05-23,GBP,NPR,sell,103.69
2000-05-23,HKD,NPR,buy,8.86
2000-05-23,INR,NPR,buy,1.6
2000-05-23,INR,NPR,sell,1.6015000000000001
2000-05-23,JPY,NPR,buy,0.645
2000-05-23,JPY,NPR,sell,0.651
2000-05-23,QAR,NPR,buy,18.95
2000-05-23,SAR,NPR,buy,18.4
2000-05-23,SEK,NPR,buy,7.54
2000-05-23,SGD,NPR,buy,39.93
2000-05-23,SGD,NPR,sell,40.34
2000-05-23,USD,NPR,buy,69
2000-05-23,USD,NPR,sell,69.7
2000-05-24,AUD,NPR,buy,39.8
2000-05-24,AUD,NPR,sell,40.2
2000-05-24,CAD,NPR,buy,46.04
2000-05-24,CAD,NPR,sell,46.51
2000-05-24,CHF,NPR,buy,40.32
2000-05-24,CHF,NPR,sell,40.72
2000-05-24,DKK,NPR,buy,8.41
2000-05-24,EUR,NPR,buy,62.76
2000-05-24,EUR,NPR,sell,63.4
2000-05-24,GBP,NPR,buy,102.6
2000-05-24,GBP,NPR,sell,103.64
2000-05-24,HKD,NPR,buy,8.86
2000-05-24,INR,NPR,buy,1.6
2000-05-24,INR,NPR,sell,1.6015000000000001
2000-05-24,JPY,NPR,buy,0.646
2000-05-24,JPY,NPR,sell,0.653
2000-05-24,QAR,NPR,buy,18.95
2000-05-24,SAR,NPR,buy,18.4
2000-05-24,SEK,NPR,buy,7.51
2000-05-24,SGD,NPR,buy,39.8
2000-05-24,SGD,NPR,sell,40.21
2000-05-24,USD,NPR,buy,69
2000-05-24,USD,NPR,sell,69.7
2000-05-25,AUD,NPR,buy,39.58
2000-05-25,AUD,NPR,sell,39.98
2000-05-25,CAD,NPR,buy,45.93
2000-05-25,CAD,NPR,sell,46.4
2000-05-25,CHF,NPR,buy,40.18
2000-05-25,CHF,NPR,sell,40.59
2000-05-25,DKK,NPR,buy,8.42
2000-05-25,EUR,NPR,buy,62.76
2000-05-25,EUR,NPR,sell,63.39
2000-05-25,GBP,NPR,buy,101.88
2000-05-25,GBP,NPR,sell,102.91
2000-05-25,HKD,NPR,buy,8.89
2000-05-25,INR,NPR,buy,1.6
2000-05-25,INR,NPR,sell,1.6015000000000001
2000-05-25,JPY,NPR,buy,0.65
2000-05-25,JPY,NPR,sell,0.657
2000-05-25,QAR,NPR,buy,19.04
2000-05-25,SAR,NPR,buy,18.48
2000-05-25,SEK,NPR,buy,7.54
2000-05-25,SGD,NPR,buy,39.93
2000-05-25,SGD,NPR,sell,40.34
2000-05-25,USD,NPR,buy,69
2000-05-25,USD,NPR,sell,69.7
2000-05-26,AUD,NPR,buy,39.4
2000-05-26,AUD,NPR,sell,39.8
2000-05-26,CAD,NPR,buy,45.85
2000-05-26,CAD,NPR,sell,46.31
2000-05-26,CHF,NPR,buy,40.09
2000-05-26,CHF,NPR,sell,40.5
2000-05-26,DKK,NPR,buy,8.38
2000-05-26,EUR,NPR,buy,62.48
2000-05-26,EUR,NPR,sell,63.11
2000-05-26,GBP,NPR,buy,102.29
2000-05-26,GBP,NPR,sell,103.32
2000-05-26,HKD,NPR,buy,8.89
2000-05-26,INR,NPR,buy,1.6
2000-05-26,INR,NPR,sell,1.6015000000000001
2000-05-26,JPY,NPR,buy,0.642
2000-05-26,JPY,NPR,sell,0.649
2000-05-26,QAR,NPR,buy,19.03
2000-05-26,SAR,NPR,buy,18.48
2000-05-26,SEK,NPR,buy,7.53
2000-05-26,SGD,NPR,buy,39.94
2000-05-26,SGD,NPR,sell,40.34
2000-05-26,USD,NPR,buy,69
2000-05-26,USD,NPR,sell,69.7
2000-05-27,AUD,NPR,buy,39.7
2000-05-27,AUD,NPR,sell,40.1
2000-05-27,CAD,NPR,buy,46.34
2000-05-27,CAD,NPR,sell,46.81
2000-05-27,CHF,NPR,buy,40.81
2000-05-27,CHF,NPR,sell,41.22
2000-05-27,DKK,NPR,buy,8.56
2000-05-27,EUR,NPR,buy,63.88
2000-05-27,EUR,NPR,sell,64.52
2000-05-27,GBP,NPR,buy,102.82
2000-05-27,GBP,NPR,sell,103.85
2000-05-27,HKD,NPR,buy,8.94
2000-05-27,INR,NPR,buy,1.6
2000-05-27,INR,NPR,sell,1.6015000000000001
2000-05-27,JPY,NPR,buy,0.649
2000-05-27,JPY,NPR,sell,0.6559999999999999
2000-05-27,QAR,NPR,buy,19.13
2000-05-27,SAR,NPR,buy,18.57
2000-05-27,SEK,NPR,buy,7.65
2000-05-27,SGD,NPR,buy,40.19
2000-05-27,SGD,NPR,sell,40.59
2000-05-27,USD,NPR,buy,69.65
2000-05-27,USD,NPR,sell,70.35
2000-05-28,AUD,NPR,buy,39.7
2000-05-28,AUD,NPR,sell,40.1
2000-05-28,CAD,NPR,buy,46.34
2000-05-28,CAD,NPR,sell,46.81
2000-05-28,CHF,NPR,buy,40.81
2000-05-28,CHF,NPR,sell,41.22
2000-05-28,DKK,NPR,buy,8.56
2000-05-28,EUR,NPR,buy,63.88
2000-05-28,EUR,NPR,sell,64.52
2000-05-28,GBP,NPR,buy,102.82
2000-05-28,GBP,NPR,sell,103.85
2000-05-28,HKD,NPR,buy,8.94
2000-05-28,INR,NPR,buy,1.6
2000-05-28,INR,NPR,sell,1.6015000000000001
2000-05-28,JPY,NPR,buy,0.649
2000-05-28,JPY,NPR,sell,0.6559999999999999
2000-05-28,QAR,NPR,buy,19.13
2000-05-28,SAR,NPR,buy,18.57
2000-05-28,SEK,NPR,buy,7.65
2000-05-28,SGD,NPR,buy,40.19
2000-05-28,SGD,NPR,sell,40.59
2000-05-28,USD,NPR,buy,69.65
2000-05-28,USD,NPR,sell,70.35
2000-05-29,AUD,NPR,buy,39.7
2000-05-29,AUD,NPR,sell,40.1
2000-05-29,CAD,NPR,buy,46.34
2000-05-29,CAD,NPR,sell,46.81
2000-05-29,CHF,NPR,buy,40.81
2000-05-29,CHF,NPR,sell,41.22
2000-05-29,DKK,NPR,buy,8.56
2000-05-29,EUR,NPR,buy,63.88
2000-05-29,EUR,NPR,sell,64.52
2000-05-29,GBP,NPR,buy,102.82
2000-05-29,GBP,NPR,sell,103.85
2000-05-29,HKD,NPR,buy,8.94
2000-05-29,INR,NPR,buy,1.6
2000-05-29,INR,NPR,sell,1.6015000000000001
2000-05-29,JPY,NPR,buy,0.649
2000-05-29,JPY,NPR,sell,0.6559999999999999
2000-05-29,QAR,NPR,buy,19.13
2000-05-29,SAR,NPR,buy,18.57
2000-05-29,SEK,NPR,buy,7.65
2000-05-29,SGD,NPR,buy,40.19
2000-05-29,SGD,NPR,sell,40.59
2000-05-29,USD,NPR,buy,69.65
2000-05-29,USD,NPR,sell,70.35
2000-05-30,AUD,NPR,buy,39.7
2000-05-30,AUD,NPR,sell,40.1
2000-05-30,CAD,NPR,buy,46.34
2000-05-30,CAD,NPR,sell,46.81
2000-05-30,CHF,NPR,buy,40.81
2000-05-30,CHF,NPR,sell,41.22
2000-05-30,DKK,NPR,buy,8.56
2000-05-30,EUR,NPR,buy,63.88
2000-05-30,EUR,NPR,sell,64.52
2000-05-30,GBP,NPR,buy,102.82
2000-05-30,GBP,NPR,sell,103.85
2000-05-30,HKD,NPR,buy,8.94
2000-05-30,INR,NPR,buy,1.6
2000-05-30,INR,NPR,sell,1.6015000000000001
2000-05-30,JPY,NPR,buy,0.649
2000-05-30,JPY,NPR,sell,0.6559999999999999
2000-05-30,QAR,NPR,buy,19.13
2000-05-30,SAR,NPR,buy,18.57
2000-05-30,SEK,NPR,buy,7.65
2000-05-30,SGD,NPR,buy,40.19
2000-05-30,SGD,NPR,sell,40.59
2000-05-30,USD,NPR,buy,69.65
2000-05-30,USD,NPR,sell,70.35
2000-05-31,AUD,NPR,buy,40.47
2000-05-31,AUD,NPR,sell,40.88
2000-05-31,CAD,NPR,buy,46.64
2000-05-31,CAD,NPR,sell,47.11
2000-05-31,CHF,NPR,buy,41.66
2000-05-31,CHF,NPR,sell,42.07
2000-05-31,DKK,NPR,buy,8.75
2000-05-31,EUR,NPR,buy,65.32
2000-05-31,EUR,NPR,sell,65.97
2000-05-31,GBP,NPR,buy,104.94
2000-05-31,GBP,NPR,sell,105.99
2000-05-31,HKD,NPR,buy,8.98
2000-05-31,INR,NPR,buy,1.6
2000-05-31,INR,NPR,sell,1.6015000000000001
2000-05-31,JPY,NPR,buy,0.655
2000-05-31,JPY,NPR,sell,0.661
2000-05-31,QAR,NPR,buy,19.23
2000-05-31,SAR,NPR,buy,18.66
2000-05-31,SEK,NPR,buy,7.75
2000-05-31,SGD,NPR,buy,40.34
2000-05-31,SGD,NPR,sell,40.74
2000-05-31,USD,NPR,buy,70
2000-05-31,USD,NPR,sell,70.7
2000-06-01,AUD,NPR,buy,40.28
2000-06-01,AUD,NPR,sell,40.68
2000-06-01,CAD,NPR,buy,46.66
2000-06-01,CAD,NPR,sell,47.13
2000-06-01,CHF,NPR,buy,41.53
2000-06-01,CHF,NPR,sell,41.94
2000-06-01,DKK,NPR,buy,8.74
2000-06-01,EUR,NPR,buy,65.24
2000-06-01,EUR,NPR,sell,65.89
2000-06-01,GBP,NPR,buy,105.01
2000-06-01,GBP,NPR,sell,106.05
2000-06-01,HKD,NPR,buy,9.01
2000-06-01,INR,NPR,buy,1.6
2000-06-01,INR,NPR,sell,1.6015000000000001
2000-06-01,JPY,NPR,buy,0.655
2000-06-01,JPY,NPR,sell,0.662
2000-06-01,QAR,NPR,buy,19.28
2000-06-01,SAR,NPR,buy,18.72
2000-06-01,SEK,NPR,buy,7.8
2000-06-01,SGD,NPR,buy,40.49
2000-06-01,SGD,NPR,sell,40.9
2000-06-01,USD,NPR,buy,70.2
2000-06-01,USD,NPR,sell,70.9
2000-06-02,AUD,NPR,buy,40.21
2000-06-02,AUD,NPR,sell,40.61
2000-06-02,CAD,NPR,buy,46.93
2000-06-02,CAD,NPR,sell,47.39
2000-06-02,CHF,NPR,buy,41.76
2000-06-02,CHF,NPR,sell,42.18
2000-06-02,DKK,NPR,buy,8.8
2000-06-02,EUR,NPR,buy,65.69
2000-06-02,EUR,NPR,sell,66.35
2000-06-02,GBP,NPR,buy,105.21
2000-06-02,GBP,NPR,sell,106.26
2000-06-02,HKD,NPR,buy,9.01
2000-06-02,INR,NPR,buy,1.6
2000-06-02,INR,NPR,sell,1.6015000000000001
2000-06-02,JPY,NPR,buy,0.646
2000-06-02,JPY,NPR,sell,0.6519999999999999
2000-06-02,QAR,NPR,buy,19.28
2000-06-02,SAR,NPR,buy,18.72
2000-06-02,SEK,NPR,buy,7.84
2000-06-02,SGD,NPR,buy,40.53
2000-06-02,SGD,NPR,sell,40.93
2000-06-02,USD,NPR,buy,70.2
2000-06-02,USD,NPR,sell,70.9
2000-06-03,AUD,NPR,buy,40.13
2000-06-03,AUD,NPR,sell,40.53
2000-06-03,CAD,NPR,buy,47.08
2000-06-03,CAD,NPR,sell,47.55
2000-06-03,CHF,NPR,buy,41.72
2000-06-03,CHF,NPR,sell,42.14
2000-06-03,DKK,NPR,buy,8.79
2000-06-03,EUR,NPR,buy,65.6
2000-06-03,EUR,NPR,sell,66.26
2000-06-03,GBP,NPR,buy,104.99
2000-06-03,GBP,NPR,sell,106.04
2000-06-03,HKD,NPR,buy,9.01
2000-06-03,INR,NPR,buy,1.6
2000-06-03,INR,NPR,sell,1.6015000000000001
2000-06-03,JPY,NPR,buy,0.646
2000-06-03,JPY,NPR,sell,0.6519999999999999
2000-06-03,QAR,NPR,buy,19.28
2000-06-03,SAR,NPR,buy,18.72
2000-06-03,SEK,NPR,buy,7.87
2000-06-03,SGD,NPR,buy,40.63
2000-06-03,SGD,NPR,sell,41.04
2000-06-03,USD,NPR,buy,70.2
2000-06-03,USD,NPR,sell,70.9
2000-06-04,AUD,NPR,buy,40.13
2000-06-04,AUD,NPR,sell,40.53
2000-06-04,CAD,NPR,buy,47.08
2000-06-04,CAD,NPR,sell,47.55
2000-06-04,CHF,NPR,buy,41.72
2000-06-04,CHF,NPR,sell,42.14
2000-06-04,DKK,NPR,buy,8.79
2000-06-04,EUR,NPR,buy,65.6
2000-06-04,EUR,NPR,sell,66.26
2000-06-04,GBP,NPR,buy,104.99
2000-06-04,GBP,NPR,sell,106.04
2000-06-04,HKD,NPR,buy,9.01
2000-06-04,INR,NPR,buy,1.6
2000-06-04,INR,NPR,sell,1.6015000000000001
2000-06-04,JPY,NPR,buy,0.646
2000-06-04,JPY,NPR,sell,0.6519999999999999
2000-06-04,QAR,NPR,buy,19.28
2000-06-04,SAR,NPR,buy,18.72
2000-06-04,SEK,NPR,buy,7.87
2000-06-04,SGD,NPR,buy,40.63
2000-06-04,SGD,NPR,sell,41.04
2000-06-04,USD,NPR,buy,70.2
2000-06-04,USD,NPR,sell,70.9
2000-06-05,AUD,NPR,buy,40.13
2000-06-05,AUD,NPR,sell,40.53
2000-06-05,CAD,NPR,buy,47.08
2000-06-05,CAD,NPR,sell,47.55
2000-06-05,CHF,NPR,buy,41.72
2000-06-05,CHF,NPR,sell,42.14
2000-06-05,DKK,NPR,buy,8.79
2000-06-05,EUR,NPR,buy,65.6
2000-06-05,EUR,NPR,sell,66.26
2000-06-05,GBP,NPR,buy,104.99
2000-06-05,GBP,NPR,sell,106.04
2000-06-05,HKD,NPR,buy,9.01
2000-06-05,INR,NPR,buy,1.6
2000-06-05,INR,NPR,sell,1.6015000000000001
2000-06-05,JPY,NPR,buy,0.646
2000-06-05,JPY,NPR,sell,0.6519999999999999
2000-06-05,QAR,NPR,buy,19.28
2000-06-05,SAR,NPR,buy,18.72
2000-06-05,SEK,NPR,buy,7.87
2000-06-05,SGD,NPR,buy,40.63
2000-06-05,SGD,NPR,sell,41.04
2000-06-05,USD,NPR,buy,70.2
2000-06-05,USD,NPR,sell,70.9
2000-06-06,AUD,NPR,buy,40.82
2000-06-06,AUD,NPR,sell,41.23
2000-06-06,CAD,NPR,buy,47.5
2000-06-06,CAD,NPR,sell,47.97
2000-06-06,CHF,NPR,buy,42.1
2000-06-06,CHF,NPR,sell,42.52
2000-06-06,DKK,NPR,buy,8.88
2000-06-06,EUR,NPR,buy,66.25
2000-06-06,EUR,NPR,sell,66.91
2000-06-06,GBP,NPR,buy,105.9
2000-06-06,GBP,NPR,sell,106.95
2000-06-06,HKD,NPR,buy,9.01
2000-06-06,INR,NPR,buy,1.6
2000-06-06,INR,NPR,sell,1.6015000000000001
2000-06-06,JPY,NPR,buy,0.651
2000-06-06,JPY,NPR,sell,0.657
2000-06-06,QAR,NPR,buy,19.28
2000-06-06,SAR,NPR,buy,18.72
2000-06-06,SEK,NPR,buy,7.96
2000-06-06,SGD,NPR,buy,40.81
2000-06-06,SGD,NPR,sell,41.22
2000-06-06,USD,NPR,buy,70.2
2000-06-06,USD,NPR,sell,70.9
2000-06-07,AUD,NPR,buy,40.75
2000-06-07,AUD,NPR,sell,41.16
2000-06-07,CAD,NPR,buy,47.55
2000-06-07,CAD,NPR,sell,48.02
2000-06-07,CHF,NPR,buy,42.21
2000-06-07,CHF,NPR,sell,42.63
2000-06-07,DKK,NPR,buy,8.9
2000-06-07,EUR,NPR,buy,66.42
2000-06-07,EUR,NPR,sell,67.09
2000-06-07,GBP,NPR,buy,106.36
2000-06-07,GBP,NPR,sell,107.42
2000-06-07,HKD,NPR,buy,9.01
2000-06-07,INR,NPR,buy,1.6
2000-06-07,INR,NPR,sell,1.6015000000000001
2000-06-07,JPY,NPR,buy,0.655
2000-06-07,JPY,NPR,sell,0.662
2000-06-07,QAR,NPR,buy,19.28
2000-06-07,SAR,NPR,buy,18.72
2000-06-07,SEK,NPR,buy,7.96
2000-06-07,SGD,NPR,buy,40.79
2000-06-07,SGD,NPR,sell,41.19
2000-06-07,USD,NPR,buy,70.2
2000-06-07,USD,NPR,sell,70.9
2000-06-08,AUD,NPR,buy,41.51
2000-06-08,AUD,NPR,sell,41.92
2000-06-08,CAD,NPR,buy,47.6
2000-06-08,CAD,NPR,sell,48.08
2000-06-08,CHF,NPR,buy,42.88
2000-06-08,CHF,NPR,sell,43.3
2000-06-08,DKK,NPR,buy,9.01
2000-06-08,EUR,NPR,buy,67.27
2000-06-08,EUR,NPR,sell,67.94
2000-06-08,GBP,NPR,buy,107.28
2000-06-08,GBP,NPR,sell,108.35
2000-06-08,HKD,NPR,buy,9.01
2000-06-08,INR,NPR,buy,1.6
2000-06-08,INR,NPR,sell,1.6015000000000001
2000-06-08,JPY,NPR,buy,0.666
2000-06-08,JPY,NPR,sell,0.673
2000-06-08,QAR,NPR,buy,19.28
2000-06-08,SAR,NPR,buy,18.72
2000-06-08,SEK,NPR,buy,8.07
2000-06-08,SGD,NPR,buy,40.79
2000-06-08,SGD,NPR,sell,41.19
2000-06-08,USD,NPR,buy,70.2
2000-06-08,USD,NPR,sell,70.9
2000-06-09,AUD,NPR,buy,41.57
2000-06-09,AUD,NPR,sell,41.98
2000-06-09,CAD,NPR,buy,47.61
2000-06-09,CAD,NPR,sell,48.08
2000-06-09,CHF,NPR,buy,43.15
2000-06-09,CHF,NPR,sell,43.58
2000-06-09,DKK,NPR,buy,9.05
2000-06-09,EUR,NPR,buy,67.53
2000-06-09,EUR,NPR,sell,68.21
2000-06-09,GBP,NPR,buy,106.78
2000-06-09,GBP,NPR,sell,107.84
2000-06-09,HKD,NPR,buy,9.03
2000-06-09,INR,NPR,buy,1.6
2000-06-09,INR,NPR,sell,1.6015000000000001
2000-06-09,JPY,NPR,buy,0.666
2000-06-09,JPY,NPR,sell,0.6719999999999999
2000-06-09,QAR,NPR,buy,19.34
2000-06-09,SAR,NPR,buy,18.77
2000-06-09,SEK,NPR,buy,8.11
2000-06-09,SGD,NPR,buy,40.85
2000-06-09,SGD,NPR,sell,41.25
2000-06-09,USD,NPR,buy,70.4
2000-06-09,USD,NPR,sell,71.1
2000-06-10,AUD,NPR,buy,41.32
2000-06-10,AUD,NPR,sell,41.73
2000-06-10,CAD,NPR,buy,47.63
2000-06-10,CAD,NPR,sell,48.11
2000-06-10,CHF,NPR,buy,42.96
2000-06-10,CHF,NPR,sell,43.38
2000-06-10,DKK,NPR,buy,9.01
2000-06-10,EUR,NPR,buy,67.22
2000-06-10,EUR,NPR,sell,67.89
2000-06-10,GBP,NPR,buy,106.22
2000-06-10,GBP,NPR,sell,107.28
2000-06-10,HKD,NPR,buy,9.03
2000-06-10,INR,NPR,buy,1.6
2000-06-10,INR,NPR,sell,1.6015000000000001
2000-06-10,JPY,NPR,buy,0.661
2000-06-10,JPY,NPR,sell,0.667
2000-06-10,QAR,NPR,buy,19.34
2000-06-10,SAR,NPR,buy,18.77
2000-06-10,SEK,NPR,buy,8.06
2000-06-10,SGD,NPR,buy,40.78
2000-06-10,SGD,NPR,sell,41.18
2000-06-10,USD,NPR,buy,70.4
2000-06-10,USD,NPR,sell,71.1
2000-06-11,AUD,NPR,buy,41.32
2000-06-11,AUD,NPR,sell,41.73
2000-06-11,CAD,NPR,buy,47.63
2000-06-11,CAD,NPR,sell,48.11
2000-06-11,CHF,NPR,buy,42.96
2000-06-11,CHF,NPR,sell,43.38
2000-06-11,DKK,NPR,buy,9.01
2000-06-11,EUR,NPR,buy,67.22
2000-06-11,EUR,NPR,sell,67.89
2000-06-11,GBP,NPR,buy,106.22
2000-06-11,GBP,NPR,sell,107.28
2000-06-11,HKD,NPR,buy,9.03
2000-06-11,INR,NPR,buy,1.6
2000-06-11,INR,NPR,sell,1.6015000000000001
2000-06-11,JPY,NPR,buy,0.661
2000-06-11,JPY,NPR,sell,0.667
2000-06-11,QAR,NPR,buy,19.34
2000-06-11,SAR,NPR,buy,18.77
2000-06-11,SEK,NPR,buy,8.06
2000-06-11,SGD,NPR,buy,40.78
2000-06-11,SGD,NPR,sell,41.18
2000-06-11,USD,NPR,buy,70.4
2000-06-11,USD,NPR,sell,71.1
2000-06-12,AUD,NPR,buy,41.32
2000-06-12,AUD,NPR,sell,41.73
2000-06-12,CAD,NPR,buy,47.63
2000-06-12,CAD,NPR,sell,48.11
2000-06-12,CHF,NPR,buy,42.96
2000-06-12,CHF,NPR,sell,43.38
2000-06-12,DKK,NPR,buy,9.01
2000-06-12,EUR,NPR,buy,67.22
2000-06-12,EUR,NPR,sell,67.89
2000-06-12,GBP,NPR,buy,106.22
2000-06-12,GBP,NPR,sell,107.28
2000-06-12,HKD,NPR,buy,9.03
2000-06-12,INR,NPR,buy,1.6
2000-06-12,INR,NPR,sell,1.6015000000000001
2000-06-12,JPY,NPR,buy,0.661
2000-06-12,JPY,NPR,sell,0.667
2000-06-12,QAR,NPR,buy,19.34
2000-06-12,SAR,NPR,buy,18.77
2000-06-12,SEK,NPR,buy,8.06
2000-06-12,SGD,NPR,buy,40.78
2000-06-12,SGD,NPR,sell,41.18
2000-06-12,USD,NPR,buy,70.4
2000-06-12,USD,NPR,sell,71.1
2000-06-13,AUD,NPR,buy,41.38
2000-06-13,AUD,NPR,sell,41.79
2000-06-13,CAD,NPR,buy,47.77
2000-06-13,CAD,NPR,sell,48.24
2000-06-13,CHF,NPR,buy,42.85
2000-06-13,CHF,NPR,sell,43.28
2000-06-13,DKK,NPR,buy,8.97
2000-06-13,EUR,NPR,buy,66.96
2000-06-13,EUR,NPR,sell,67.63
2000-06-13,GBP,NPR,buy,106.03
2000-06-13,GBP,NPR,sell,107.08
2000-06-13,HKD,NPR,buy,9.03
2000-06-13,INR,NPR,buy,1.6
2000-06-13,INR,NPR,sell,1.6015000000000001
2000-06-13,JPY,NPR,buy,0.659
2000-06-13,JPY,NPR,sell,0.666
2000-06-13,QAR,NPR,buy,19.34
2000-06-13,SAR,NPR,buy,18.77
2000-06-13,SEK,NPR,buy,8.05
2000-06-13,SGD,NPR,buy,40.81
2000-06-13,SGD,NPR,sell,41.21
2000-06-13,USD,NPR,buy,70.4
2000-06-13,USD,NPR,sell,71.1
2000-06-14,AUD,NPR,buy,41.75
2000-06-14,AUD,NPR,sell,42.16
2000-06-14,CAD,NPR,buy,47.71
2000-06-14,CAD,NPR,sell,48.19
2000-06-14,CHF,NPR,buy,43.2
2000-06-14,CHF,NPR,sell,43.63
2000-06-14,DKK,NPR,buy,9.04
2000-06-14,EUR,NPR,buy,67.5
2000-06-14,EUR,NPR,sell,68.17
2000-06-14,GBP,NPR,buy,106.8
2000-06-14,GBP,NPR,sell,107.86
2000-06-14,HKD,NPR,buy,9.03
2000-06-14,INR,NPR,buy,1.6
2000-06-14,INR,NPR,sell,1.6015000000000001
2000-06-14,JPY,NPR,buy,0.661
2000-06-14,JPY,NPR,sell,0.667
2000-06-14,QAR,NPR,buy,19.34
2000-06-14,SAR,NPR,buy,18.77
2000-06-14,SEK,NPR,buy,8.14
2000-06-14,SGD,NPR,buy,40.86
2000-06-14,SGD,NPR,sell,41.27
2000-06-14,USD,NPR,buy,70.4
2000-06-14,USD,NPR,sell,71.1
2000-06-15,AUD,NPR,buy,42.45
2000-06-15,AUD,NPR,sell,42.87
2000-06-15,CAD,NPR,buy,47.97
2000-06-15,CAD,NPR,sell,48.45
2000-06-15,CHF,NPR,buy,43.42
2000-06-15,CHF,NPR,sell,43.85
2000-06-15,DKK,NPR,buy,9.1
2000-06-15,EUR,NPR,buy,67.87
2000-06-15,EUR,NPR,sell,68.55
2000-06-15,GBP,NPR,buy,106.18
2000-06-15,GBP,NPR,sell,107.23
2000-06-15,HKD,NPR,buy,9.03
2000-06-15,INR,NPR,buy,1.6
2000-06-15,INR,NPR,sell,1.6015000000000001
2000-06-15,JPY,NPR,buy,0.661
2000-06-15,JPY,NPR,sell,0.667
2000-06-15,QAR,NPR,buy,19.34
2000-06-15,SAR,NPR,buy,18.77
2000-06-15,SEK,NPR,buy,8.21
2000-06-15,SGD,NPR,buy,40.87
2000-06-15,SGD,NPR,sell,41.27
2000-06-15,USD,NPR,buy,70.4
2000-06-15,USD,NPR,sell,71.1
2000-06-16,AUD,NPR,buy,42.37
2000-06-16,AUD,NPR,sell,42.79
2000-06-16,CAD,NPR,buy,47.91
2000-06-16,CAD,NPR,sell,48.39
2000-06-16,CHF,NPR,buy,43.02
2000-06-16,CHF,NPR,sell,43.45
2000-06-16,DKK,NPR,buy,9.02
2000-06-16,EUR,NPR,buy,67.27
2000-06-16,EUR,NPR,sell,67.94
2000-06-16,GBP,NPR,buy,105.37
2000-06-16,GBP,NPR,sell,106.42
2000-06-16,HKD,NPR,buy,9.03
2000-06-16,INR,NPR,buy,1.6
2000-06-16,INR,NPR,sell,1.6015000000000001
2000-06-16,JPY,NPR,buy,0.661
2000-06-16,JPY,NPR,sell,0.667
2000-06-16,QAR,NPR,buy,19.34
2000-06-16,SAR,NPR,buy,18.77
2000-06-16,SEK,NPR,buy,8.21
2000-06-16,SGD,NPR,buy,40.9
2000-06-16,SGD,NPR,sell,41.31
2000-06-16,USD,NPR,buy,70.4
2000-06-16,USD,NPR,sell,71.1
2000-06-17,AUD,NPR,buy,42.73
2000-06-17,AUD,NPR,sell,43.16
2000-06-17,CAD,NPR,buy,47.7
2000-06-17,CAD,NPR,sell,48.18
2000-06-17,CHF,NPR,buy,42.95
2000-06-17,CHF,NPR,sell,43.38
2000-06-17,DKK,NPR,buy,8.99
2000-06-17,EUR,NPR,buy,67.03
2000-06-17,EUR,NPR,sell,67.7
2000-06-17,GBP,NPR,buy,106.71
2000-06-17,GBP,NPR,sell,107.77
2000-06-17,HKD,NPR,buy,9.03
2000-06-17,INR,NPR,buy,1.6
2000-06-17,INR,NPR,sell,1.6015000000000001
2000-06-17,JPY,NPR,buy,0.663
2000-06-17,JPY,NPR,sell,0.669
2000-06-17,QAR,NPR,buy,19.34
2000-06-17,SAR,NPR,buy,18.77
2000-06-17,SEK,NPR,buy,8.13
2000-06-17,SGD,NPR,buy,40.82
2000-06-17,SGD,NPR,sell,41.22
2000-06-17,USD,NPR,buy,70.4
2000-06-17,USD,NPR,sell,71.1
2000-06-18,AUD,NPR,buy,42.73
2000-06-18,AUD,NPR,sell,43.16
2000-06-18,CAD,NPR,buy,47.7
2000-06-18,CAD,NPR,sell,48.18
2000-06-18,CHF,NPR,buy,42.95
2000-06-18,CHF,NPR,sell,43.38
2000-06-18,DKK,NPR,buy,8.99
2000-06-18,EUR,NPR,buy,67.03
2000-06-18,EUR,NPR,sell,67.7
2000-06-18,GBP,NPR,buy,106.71
2000-06-18,GBP,NPR,sell,107.77
2000-06-18,HKD,NPR,buy,9.03
2000-06-18,INR,NPR,buy,1.6
2000-06-18,INR,NPR,sell,1.6015000000000001
2000-06-18,JPY,NPR,buy,0.663
2000-06-18,JPY,NPR,sell,0.669
2000-06-18,QAR,NPR,buy,19.34
2000-06-18,SAR,NPR,buy,18.77
2000-06-18,SEK,NPR,buy,8.13
2000-06-18,SGD,NPR,buy,40.82
2000-06-18,SGD,NPR,sell,41.22
2000-06-18,USD,NPR,buy,70.4
2000-06-18,USD,NPR,sell,71.1
2000-06-19,AUD,NPR,buy,42.73
2000-06-19,AUD,NPR,sell,43.16
2000-06-19,CAD,NPR,buy,47.7
2000-06-19,CAD,NPR,sell,48.18
2000-06-19,CHF,NPR,buy,42.95
2000-06-19,CHF,NPR,sell,43.38
2000-06-19,DKK,NPR,buy,8.99
2000-06-19,EUR,NPR,buy,67.03
2000-06-19,EUR,NPR,sell,67.7
2000-06-19,GBP,NPR,buy,106.71
2000-06-19,GBP,NPR,sell,107.77
2000-06-19,HKD,NPR,buy,9.03
2000-06-19,INR,NPR,buy,1.6
2000-06-19,INR,NPR,sell,1.6015000000000001
2000-06-19,JPY,NPR,buy,0.663
2000-06-19,JPY,NPR,sell,0.669
2000-06-19,QAR,NPR,buy,19.34
2000-06-19,SAR,NPR,buy,18.77
2000-06-19,SEK,NPR,buy,8.13
2000-06-19,SGD,NPR,buy,40.82
2000-06-19,SGD,NPR,sell,41.22
2000-06-19,USD,NPR,buy,70.4
2000-06-19,USD,NPR,sell,71.1
2000-06-20,AUD,NPR,buy,42.46
2000-06-20,AUD,NPR,sell,42.88
2000-06-20,CAD,NPR,buy,47.93
2000-06-20,CAD,NPR,sell,48.41
2000-06-20,CHF,NPR,buy,43.59
2000-06-20,CHF,NPR,sell,44.02
2000-06-20,DKK,NPR,buy,9.12
2000-06-20,EUR,NPR,buy,68.07
2000-06-20,EUR,NPR,sell,68.75
2000-06-20,GBP,NPR,buy,106.69
2000-06-20,GBP,NPR,sell,107.75
2000-06-20,HKD,NPR,buy,9.03
2000-06-20,INR,NPR,buy,1.6
2000-06-20,INR,NPR,sell,1.6015000000000001
2000-06-20,JPY,NPR,buy,0.665
2000-06-20,JPY,NPR,sell,0.671
2000-06-20,QAR,NPR,buy,19.34
2000-06-20,SAR,NPR,buy,18.77
2000-06-20,SEK,NPR,buy,8.17
2000-06-20,SGD,NPR,buy,40.71
2000-06-20,SGD,NPR,sell,41.11
2000-06-20,USD,NPR,buy,70.4
2000-06-20,USD,NPR,sell,71.1
2000-06-21,AUD,NPR,buy,42.63
2000-06-21,AUD,NPR,sell,43.05
2000-06-21,CAD,NPR,buy,48.03
2000-06-21,CAD,NPR,sell,48.51
2000-06-21,CHF,NPR,buy,43.34
2000-06-21,CHF,NPR,sell,43.77
2000-06-21,DKK,NPR,buy,9.06
2000-06-21,EUR,NPR,buy,67.54
2000-06-21,EUR,NPR,sell,68.21
2000-06-21,GBP,NPR,buy,106.54
2000-06-21,GBP,NPR,sell,107.6
2000-06-21,HKD,NPR,buy,9.03
2000-06-21,INR,NPR,buy,1.6
2000-06-21,INR,NPR,sell,1.6015000000000001
2000-06-21,JPY,NPR,buy,0.6679999999999999
2000-06-21,JPY,NPR,sell,0.675
2000-06-21,QAR,NPR,buy,19.34
2000-06-21,SAR,NPR,buy,18.77
2000-06-21,SEK,NPR,buy,8.16
2000-06-21,SGD,NPR,buy,40.61
2000-06-21,SGD,NPR,sell,41.01
2000-06-21,USD,NPR,buy,70.4
2000-06-21,USD,NPR,sell,71.1
2000-06-22,AUD,NPR,buy,42.17
2000-06-22,AUD,NPR,sell,42.59
2000-06-22,CAD,NPR,buy,47.83
2000-06-22,CAD,NPR,sell,48.31
2000-06-22,CHF,NPR,buy,43.14
2000-06-22,CHF,NPR,sell,43.57
2000-06-22,DKK,NPR,buy,8.98
2000-06-22,EUR,NPR,buy,66.96
2000-06-22,EUR,NPR,sell,67.63
2000-06-22,GBP,NPR,buy,106.61
2000-06-22,GBP,NPR,sell,107.67
2000-06-22,HKD,NPR,buy,9.03
2000-06-22,INR,NPR,buy,1.6
2000-06-22,INR,NPR,sell,1.6015000000000001
2000-06-22,JPY,NPR,buy,0.669
2000-06-22,JPY,NPR,sell,0.675
2000-06-22,QAR,NPR,buy,19.34
2000-06-22,SAR,NPR,buy,18.77
2000-06-22,SEK,NPR,buy,8.13
2000-06-22,SGD,NPR,buy,40.62
2000-06-22,SGD,NPR,sell,41.03
2000-06-22,USD,NPR,buy,70.4
2000-06-22,USD,NPR,sell,71.1
2000-06-23,AUD,NPR,buy,42.31
2000-06-23,AUD,NPR,sell,42.73
2000-06-23,CAD,NPR,buy,47.77
2000-06-23,CAD,NPR,sell,48.24
2000-06-23,CHF,NPR,buy,42.97
2000-06-23,CHF,NPR,sell,43.4
2000-06-23,DKK,NPR,buy,8.93
2000-06-23,EUR,NPR,buy,66.58
2000-06-23,EUR,NPR,sell,67.25
2000-06-23,GBP,NPR,buy,105.47
2000-06-23,GBP,NPR,sell,106.52
2000-06-23,HKD,NPR,buy,9.03
2000-06-23,INR,NPR,buy,1.6
2000-06-23,INR,NPR,sell,1.6015000000000001
2000-06-23,JPY,NPR,buy,0.669
2000-06-23,JPY,NPR,sell,0.675
2000-06-23,QAR,NPR,buy,19.34
2000-06-23,SAR,NPR,buy,18.77
2000-06-23,SEK,NPR,buy,8.07
2000-06-23,SGD,NPR,buy,40.58
2000-06-23,SGD,NPR,sell,40.98
2000-06-23,USD,NPR,buy,70.4
2000-06-23,USD,NPR,sell,71.1
2000-06-24,AUD,NPR,buy,42.01
2000-06-24,AUD,NPR,sell,42.43
2000-06-24,CAD,NPR,buy,47.66
2000-06-24,CAD,NPR,sell,48.13
2000-06-24,CHF,NPR,buy,42.58
2000-06-24,CHF,NPR,sell,43.01
2000-06-24,DKK,NPR,buy,8.84
2000-06-24,EUR,NPR,buy,65.94
2000-06-24,EUR,NPR,sell,66.59
2000-06-24,GBP,NPR,buy,106.11
2000-06-24,GBP,NPR,sell,107.17
2000-06-24,HKD,NPR,buy,9.03
2000-06-24,INR,NPR,buy,1.6
2000-06-24,INR,NPR,sell,1.6015000000000001
2000-06-24,JPY,NPR,buy,0.673
2000-06-24,JPY,NPR,sell,0.6799999999999999
2000-06-24,QAR,NPR,buy,19.34
2000-06-24,SAR,NPR,buy,18.77
2000-06-24,SEK,NPR,buy,7.98
2000-06-24,SGD,NPR,buy,40.61
2000-06-24,SGD,NPR,sell,41.02
2000-06-24,USD,NPR,buy,70.4
2000-06-24,USD,NPR,sell,71.1
2000-06-25,AUD,NPR,buy,42.01
2000-06-25,AUD,NPR,sell,42.43
2000-06-25,CAD,NPR,buy,47.66
2000-06-25,CAD,NPR,sell,48.13
2000-06-25,CHF,NPR,buy,42.58
2000-06-25,CHF,NPR,sell,43.01
2000-06-25,DKK,NPR,buy,8.84
2000-06-25,EUR,NPR,buy,65.94
2000-06-25,EUR,NPR,sell,66.59
2000-06-25,GBP,NPR,buy,106.11
2000-06-25,GBP,NPR,sell,107.17
2000-06-25,HKD,NPR,buy,9.03
2000-06-25,INR,NPR,buy,1.6
2000-06-25,INR,NPR,sell,1.6015000000000001
2000-06-25,JPY,NPR,buy,0.673
2000-06-25,JPY,NPR,sell,0.6799999999999999
2000-06-25,QAR,NPR,buy,19.34
2000-06-25,SAR,NPR,buy,18.77
2000-06-25,SEK,NPR,buy,7.98
2000-06-25,SGD,NPR,buy,40.61
2000-06-25,SGD,NPR,sell,41.02
2000-06-25,USD,NPR,buy,70.4
2000-06-25,USD,NPR,sell,71.1
2000-06-26,AUD,NPR,buy,42.01
2000-06-26,AUD,NPR,sell,42.43
2000-06-26,CAD,NPR,buy,47.66
2000-06-26,CAD,NPR,sell,48.13
2000-06-26,CHF,NPR,buy,42.58
2000-06-26,CHF,NPR,sell,43.01
2000-06-26,DKK,NPR,buy,8.84
2000-06-26,EUR,NPR,buy,65.94
2000-06-26,EUR,NPR,sell,66.59
2000-06-26,GBP,NPR,buy,106.11
2000-06-26,GBP,NPR,sell,107.17
2000-06-26,HKD,NPR,buy,9.03
2000-06-26,INR,NPR,buy,1.6
2000-06-26,INR,NPR,sell,1.6015000000000001
2000-06-26,JPY,NPR,buy,0.673
2000-06-26,JPY,NPR,sell,0.6799999999999999
2000-06-26,QAR,NPR,buy,19.34
2000-06-26,SAR,NPR,buy,18.77
2000-06-26,SEK,NPR,buy,7.98
2000-06-26,SGD,NPR,buy,40.61
2000-06-26,SGD,NPR,sell,41.02
2000-06-26,USD,NPR,buy,70.4
2000-06-26,USD,NPR,sell,71.1
2000-06-27,AUD,NPR,buy,41.71
2000-06-27,AUD,NPR,sell,42.13
2000-06-27,CAD,NPR,buy,47.38
2000-06-27,CAD,NPR,sell,47.85
2000-06-27,CHF,NPR,buy,42.32
2000-06-27,CHF,NPR,sell,42.74
2000-06-27,DKK,NPR,buy,8.8
2000-06-27,EUR,NPR,buy,65.6
2000-06-27,EUR,NPR,sell,66.25
2000-06-27,GBP,NPR,buy,105.59
2000-06-27,GBP,NPR,sell,106.64
2000-06-27,HKD,NPR,buy,9.03
2000-06-27,INR,NPR,buy,1.6
2000-06-27,INR,NPR,sell,1.6015000000000001
2000-06-27,JPY,NPR,buy,0.675
2000-06-27,JPY,NPR,sell,0.6809999999999999
2000-06-27,QAR,NPR,buy,19.34
2000-06-27,SAR,NPR,buy,18.77
2000-06-27,SEK,NPR,buy,7.92
2000-06-27,SGD,NPR,buy,40.61
2000-06-27,SGD,NPR,sell,41.01
2000-06-27,USD,NPR,buy,70.4
2000-06-27,USD,NPR,sell,71.1
2000-06-28,AUD,NPR,buy,42.25
2000-06-28,AUD,NPR,sell,42.67
2000-06-28,CAD,NPR,buy,47.47
2000-06-28,CAD,NPR,sell,47.94
2000-06-28,CHF,NPR,buy,42.72
2000-06-28,CHF,NPR,sell,43.14
2000-06-28,DKK,NPR,buy,8.87
2000-06-28,EUR,NPR,buy,66.14
2000-06-28,EUR,NPR,sell,66.8
2000-06-28,GBP,NPR,buy,105.49
2000-06-28,GBP,NPR,sell,106.54
2000-06-28,HKD,NPR,buy,9.03
2000-06-28,INR,NPR,buy,1.6
2000-06-28,INR,NPR,sell,1.6015000000000001
2000-06-28,JPY,NPR,buy,0.666
2000-06-28,JPY,NPR,sell,0.673
2000-06-28,QAR,NPR,buy,19.34
2000-06-28,SAR,NPR,buy,18.77
2000-06-28,SEK,NPR,buy,7.92
2000-06-28,SGD,NPR,buy,40.62
2000-06-28,SGD,NPR,sell,41.02
2000-06-28,USD,NPR,buy,70.4
2000-06-28,USD,NPR,sell,71.1
2000-06-29,AUD,NPR,buy,42.32
2000-06-29,AUD,NPR,sell,42.74
2000-06-29,CAD,NPR,buy,47.58
2000-06-29,CAD,NPR,sell,48.06
2000-06-29,CHF,NPR,buy,42.97
2000-06-29,CHF,NPR,sell,43.4
2000-06-29,DKK,NPR,buy,8.91
2000-06-29,EUR,NPR,buy,66.46
2000-06-29,EUR,NPR,sell,67.12
2000-06-29,GBP,NPR,buy,105.86
2000-06-29,GBP,NPR,sell,106.91
2000-06-29,HKD,NPR,buy,9.03
2000-06-29,INR,NPR,buy,1.6
2000-06-29,INR,NPR,sell,1.6015000000000001
2000-06-29,JPY,NPR,buy,0.667
2000-06-29,JPY,NPR,sell,0.674
2000-06-29,QAR,NPR,buy,19.34
2000-06-29,SAR,NPR,buy,18.77
2000-06-29,SEK,NPR,buy,7.92
2000-06-29,SGD,NPR,buy,40.58
2000-06-29,SGD,NPR,sell,40.98
2000-06-29,USD,NPR,buy,70.4
2000-06-29,USD,NPR,sell,71.1
2000-06-30,AUD,NPR,buy,42.37
2000-06-30,AUD,NPR,sell,42.79
2000-06-30,CAD,NPR,buy,47.58
2000-06-30,CAD,NPR,sell,48.05
2000-06-30,CHF,NPR,buy,42.72
2000-06-30,CHF,NPR,sell,43.14
2000-06-30,DKK,NPR,buy,8.83
2000-06-30,EUR,NPR,buy,66.41
2000-06-30,EUR,NPR,sell,67.07
2000-06-30,GBP,NPR,buy,106.46
2000-06-30,GBP,NPR,sell,107.52
2000-06-30,HKD,NPR,buy,9.03
2000-06-30,INR,NPR,buy,1.6
2000-06-30,INR,NPR,sell,1.6015000000000001
2000-06-30,JPY,NPR,buy,0.669
2000-06-30,JPY,NPR,sell,0.6759999999999999
2000-06-30,QAR,NPR,buy,19.34
2000-06-30,SAR,NPR,buy,18.77
2000-06-30,SEK,NPR,buy,7.93
2000-06-30,SGD,NPR,buy,40.57
2000-06-30,SGD,NPR,sell,40.98
2000-06-30,USD,NPR,buy,70.4
2000-06-30,USD,NPR,sell,71.1
2000-07-01,AUD,NPR,buy,42.17
2000-07-01,AUD,NPR,sell,42.59
2000-07-01,CAD,NPR,buy,47.49
2000-07-01,CAD,NPR,sell,47.96
2000-07-01,CHF,NPR,buy,43.12
2000-07-01,CHF,NPR,sell,43.55
2000-07-01,DKK,NPR,buy,9
2000-07-01,EUR,NPR,buy,67.18
2000-07-01,EUR,NPR,sell,67.85
2000-07-01,GBP,NPR,buy,106.88
2000-07-01,GBP,NPR,sell,107.94
2000-07-01,HKD,NPR,buy,9.03
2000-07-01,INR,NPR,buy,1.6
2000-07-01,INR,NPR,sell,1.6015000000000001
2000-07-01,JPY,NPR,buy,0.667
2000-07-01,JPY,NPR,sell,0.673
2000-07-01,QAR,NPR,buy,19.34
2000-07-01,SAR,NPR,buy,18.77
2000-07-01,SEK,NPR,buy,7.99
2000-07-01,SGD,NPR,buy,40.75
2000-07-01,SGD,NPR,sell,41.16
2000-07-01,USD,NPR,buy,70.4
2000-07-01,USD,NPR,sell,71.1
2000-07-02,AUD,NPR,buy,42.17
2000-07-02,AUD,NPR,sell,42.59
2000-07-02,CAD,NPR,buy,47.49
2000-07-02,CAD,NPR,sell,47.96
2000-07-02,CHF,NPR,buy,43.12
2000-07-02,CHF,NPR,sell,43.55
2000-07-02,DKK,NPR,buy,9
2000-07-02,EUR,NPR,buy,67.18
2000-07-02,EUR,NPR,sell,67.85
2000-07-02,GBP,NPR,buy,106.88
2000-07-02,GBP,NPR,sell,107.94
2000-07-02,HKD,NPR,buy,9.03
2000-07-02,INR,NPR,buy,1.6
2000-07-02,INR,NPR,sell,1.6015000000000001
2000-07-02,JPY,NPR,buy,0.667
2000-07-02,JPY,NPR,sell,0.673
2000-07-02,QAR,NPR,buy,19.34
2000-07-02,SAR,NPR,buy,18.77
2000-07-02,SEK,NPR,buy,7.99
2000-07-02,SGD,NPR,buy,40.75
2000-07-02,SGD,NPR,sell,41.16
2000-07-02,USD,NPR,buy,70.4
2000-07-02,USD,NPR,sell,71.1
2000-07-03,AUD,NPR,buy,42.17
2000-07-03,AUD,NPR,sell,42.59
2000-07-03,CAD,NPR,buy,47.49
2000-07-03,CAD,NPR,sell,47.96
2000-07-03,CHF,NPR,buy,43.12
2000-07-03,CHF,NPR,sell,43.55
2000-07-03,DKK,NPR,buy,9
2000-07-03,EUR,NPR,buy,67.18
2000-07-03,EUR,NPR,sell,67.85
2000-07-03,GBP,NPR,buy,106.88
2000-07-03,GBP,NPR,sell,107.94
2000-07-03,HKD,NPR,buy,9.03
2000-07-03,INR,NPR,buy,1.6
2000-07-03,INR,NPR,sell,1.6015000000000001
2000-07-03,JPY,NPR,buy,0.667
2000-07-03,JPY,NPR,sell,0.673
2000-07-03,QAR,NPR,buy,19.34
2000-07-03,SAR,NPR,buy,18.77
2000-07-03,SEK,NPR,buy,7.99
2000-07-03,SGD,NPR,buy,40.75
2000-07-03,SGD,NPR,sell,41.16
2000-07-03,USD,NPR,buy,70.4
2000-07-03,USD,NPR,sell,71.1
2000-07-04,AUD,NPR,buy,42.27
2000-07-04,AUD,NPR,sell,42.69
2000-07-04,CAD,NPR,buy,47.59
2000-07-04,CAD,NPR,sell,48.06
2000-07-04,CHF,NPR,buy,43.11
2000-07-04,CHF,NPR,sell,43.54
2000-07-04,DKK,NPR,buy,8.99
2000-07-04,EUR,NPR,buy,67.07
2000-07-04,EUR,NPR,sell,67.74
2000-07-04,GBP,NPR,buy,106.67
2000-07-04,GBP,NPR,sell,107.73
2000-07-04,HKD,NPR,buy,9.03
2000-07-04,INR,NPR,buy,1.6
2000-07-04,INR,NPR,sell,1.6015000000000001
2000-07-04,JPY,NPR,buy,0.662
2000-07-04,JPY,NPR,sell,0.6679999999999999
2000-07-04,QAR,NPR,buy,19.34
2000-07-04,SAR,NPR,buy,18.77
2000-07-04,SEK,NPR,buy,8
2000-07-04,SGD,NPR,buy,40.67
2000-07-04,SGD,NPR,sell,41.07
2000-07-04,USD,NPR,buy,70.4
2000-07-04,USD,NPR,sell,71.1
2000-07-05,AUD,NPR,buy,42.2
2000-07-05,AUD,NPR,sell,42.62
2000-07-05,CAD,NPR,buy,47.53
2000-07-05,CAD,NPR,sell,48.01
2000-07-05,CHF,NPR,buy,42.99
2000-07-05,CHF,NPR,sell,43.42
2000-07-05,DKK,NPR,buy,8.95
2000-07-05,EUR,NPR,buy,66.76
2000-07-05,EUR,NPR,sell,67.42
2000-07-05,GBP,NPR,buy,106.46
2000-07-05,GBP,NPR,sell,107.52
2000-07-05,HKD,NPR,buy,9.03
2000-07-05,INR,NPR,buy,1.6
2000-07-05,INR,NPR,sell,1.6015000000000001
2000-07-05,JPY,NPR,buy,0.662
2000-07-05,JPY,NPR,sell,0.6679999999999999
2000-07-05,QAR,NPR,buy,19.34
2000-07-05,SAR,NPR,buy,18.77
2000-07-05,SEK,NPR,buy,7.97
2000-07-05,SGD,NPR,buy,40.63
2000-07-05,SGD,NPR,sell,41.03
2000-07-05,USD,NPR,buy,70.4
2000-07-05,USD,NPR,sell,71.1
2000-07-06,AUD,NPR,buy,41.96
2000-07-06,AUD,NPR,sell,42.38
2000-07-06,CAD,NPR,buy,47.35
2000-07-06,CAD,NPR,sell,47.82
2000-07-06,CHF,NPR,buy,43.26
2000-07-06,CHF,NPR,sell,43.69
2000-07-06,DKK,NPR,buy,9
2000-07-06,EUR,NPR,buy,67.2
2000-07-06,EUR,NPR,sell,67.87
2000-07-06,GBP,NPR,buy,106.47
2000-07-06,GBP,NPR,sell,107.52
2000-07-06,HKD,NPR,buy,9.03
2000-07-06,INR,NPR,buy,1.6
2000-07-06,INR,NPR,sell,1.6015000000000001
2000-07-06,JPY,NPR,buy,0.6639999999999999
2000-07-06,JPY,NPR,sell,0.67
2000-07-06,QAR,NPR,buy,19.34
2000-07-06,SAR,NPR,buy,18.77
2000-07-06,SEK,NPR,buy,7.99
2000-07-06,SGD,NPR,buy,40.53
2000-07-06,SGD,NPR,sell,40.93
2000-07-06,USD,NPR,buy,70.4
2000-07-06,USD,NPR,sell,71.1
2000-07-07,AUD,NPR,buy,41.61
2000-07-07,AUD,NPR,sell,42.02
2000-07-07,CAD,NPR,buy,47.29
2000-07-07,CAD,NPR,sell,47.76
2000-07-07,CHF,NPR,buy,43.55
2000-07-07,CHF,NPR,sell,43.98
2000-07-07,DKK,NPR,buy,9.03
2000-07-07,EUR,NPR,buy,67.43
2000-07-07,EUR,NPR,sell,68.1
2000-07-07,GBP,NPR,buy,106.21
2000-07-07,GBP,NPR,sell,107.27
2000-07-07,HKD,NPR,buy,9.03
2000-07-07,INR,NPR,buy,1.6
2000-07-07,INR,NPR,sell,1.6015000000000001
2000-07-07,JPY,NPR,buy,0.659
2000-07-07,JPY,NPR,sell,0.665
2000-07-07,QAR,NPR,buy,19.34
2000-07-07,SAR,NPR,buy,18.77
2000-07-07,SEK,NPR,buy,7.99
2000-07-07,SGD,NPR,buy,40.52
2000-07-07,SGD,NPR,sell,40.93
2000-07-07,USD,NPR,buy,70.4
2000-07-07,USD,NPR,sell,71.1
2000-07-08,AUD,NPR,buy,41.37
2000-07-08,AUD,NPR,sell,41.78
2000-07-08,CAD,NPR,buy,47.4
2000-07-08,CAD,NPR,sell,47.87
2000-07-08,CHF,NPR,buy,43.27
2000-07-08,CHF,NPR,sell,43.7
2000-07-08,DKK,NPR,buy,8.96
2000-07-08,EUR,NPR,buy,66.92
2000-07-08,EUR,NPR,sell,67.58
2000-07-08,GBP,NPR,buy,105.97
2000-07-08,GBP,NPR,sell,107.03
2000-07-08,HKD,NPR,buy,9.03
2000-07-08,INR,NPR,buy,1.6
2000-07-08,INR,NPR,sell,1.6015000000000001
2000-07-08,JPY,NPR,buy,0.654
2000-07-08,JPY,NPR,sell,0.661
2000-07-08,QAR,NPR,buy,19.34
2000-07-08,SAR,NPR,buy,18.77
2000-07-08,SEK,NPR,buy,7.93
2000-07-08,SGD,NPR,buy,40.49
2000-07-08,SGD,NPR,sell,40.9
2000-07-08,USD,NPR,buy,70.4
2000-07-08,USD,NPR,sell,71.1
2000-07-09,AUD,NPR,buy,41.37
2000-07-09,AUD,NPR,sell,41.78
2000-07-09,CAD,NPR,buy,47.4
2000-07-09,CAD,NPR,sell,47.87
2000-07-09,CHF,NPR,buy,43.27
2000-07-09,CHF,NPR,sell,43.7
2000-07-09,DKK,NPR,buy,8.96
2000-07-09,EUR,NPR,buy,66.92
2000-07-09,EUR,NPR,sell,67.58
2000-07-09,GBP,NPR,buy,105.97
2000-07-09,GBP,NPR,sell,107.03
2000-07-09,HKD,NPR,buy,9.03
2000-07-09,INR,NPR,buy,1.6
2000-07-09,INR,NPR,sell,1.6015000000000001
2000-07-09,JPY,NPR,buy,0.654
2000-07-09,JPY,NPR,sell,0.661
2000-07-09,QAR,NPR,buy,19.34
2000-07-09,SAR,NPR,buy,18.77
2000-07-09,SEK,NPR,buy,7.93
2000-07-09,SGD,NPR,buy,40.49
2000-07-09,SGD,NPR,sell,40.9
2000-07-09,USD,NPR,buy,70.4
2000-07-09,USD,NPR,sell,71.1
2000-07-10,AUD,NPR,buy,41.37
2000-07-10,AUD,NPR,sell,41.78
2000-07-10,CAD,NPR,buy,47.4
2000-07-10,CAD,NPR,sell,47.87
2000-07-10,CHF,NPR,buy,43.27
2000-07-10,CHF,NPR,sell,43.7
2000-07-10,DKK,NPR,buy,8.96
2000-07-10,EUR,NPR,buy,66.92
2000-07-10,EUR,NPR,sell,67.58
2000-07-10,GBP,NPR,buy,105.97
2000-07-10,GBP,NPR,sell,107.03
2000-07-10,HKD,NPR,buy,9.03
2000-07-10,INR,NPR,buy,1.6
2000-07-10,INR,NPR,sell,1.6015000000000001
2000-07-10,JPY,NPR,buy,0.654
2000-07-10,JPY,NPR,sell,0.661
2000-07-10,QAR,NPR,buy,19.34
2000-07-10,SAR,NPR,buy,18.77
2000-07-10,SEK,NPR,buy,7.93
2000-07-10,SGD,NPR,buy,40.49
2000-07-10,SGD,NPR,sell,40.9
2000-07-10,USD,NPR,buy,70.4
2000-07-10,USD,NPR,sell,71.1
2000-07-11,AUD,NPR,buy,41.85
2000-07-11,AUD,NPR,sell,42.27
2000-07-11,CAD,NPR,buy,47.53
2000-07-11,CAD,NPR,sell,48
2000-07-11,CHF,NPR,buy,43.4
2000-07-11,CHF,NPR,sell,43.83
2000-07-11,DKK,NPR,buy,8.98
2000-07-11,EUR,NPR,buy,67.03
2000-07-11,EUR,NPR,sell,67.69
2000-07-11,GBP,NPR,buy,106.92
2000-07-11,GBP,NPR,sell,107.99
2000-07-11,HKD,NPR,buy,9.03
2000-07-11,INR,NPR,buy,1.6
2000-07-11,INR,NPR,sell,1.6015000000000001
2000-07-11,JPY,NPR,buy,0.659
2000-07-11,JPY,NPR,sell,0.666
2000-07-11,QAR,NPR,buy,19.34
2000-07-11,SAR,NPR,buy,18.77
2000-07-11,SEK,NPR,buy,7.94
2000-07-11,SGD,NPR,buy,40.5
2000-07-11,SGD,NPR,sell,40.9
2000-07-11,USD,NPR,buy,70.4
2000-07-11,USD,NPR,sell,71.1
2000-07-12,AUD,NPR,buy,41.54
2000-07-12,AUD,NPR,sell,41.95
2000-07-12,CAD,NPR,buy,47.64
2000-07-12,CAD,NPR,sell,48.11
2000-07-12,CHF,NPR,buy,43.37
2000-07-12,CHF,NPR,sell,43.8
2000-07-12,DKK,NPR,buy,9.01
2000-07-12,EUR,NPR,buy,67.25
2000-07-12,EUR,NPR,sell,67.91
2000-07-12,GBP,NPR,buy,106.61
2000-07-12,GBP,NPR,sell,107.67
2000-07-12,HKD,NPR,buy,9.03
2000-07-12,INR,NPR,buy,1.6
2000-07-12,INR,NPR,sell,1.6015000000000001
2000-07-12,JPY,NPR,buy,0.659
2000-07-12,JPY,NPR,sell,0.665
2000-07-12,QAR,NPR,buy,19.34
2000-07-12,SAR,NPR,buy,18.77
2000-07-12,SEK,NPR,buy,7.97
2000-07-12,SGD,NPR,buy,40.43
2000-07-12,SGD,NPR,sell,40.84
2000-07-12,USD,NPR,buy,70.4
2000-07-12,USD,NPR,sell,71.1
2000-07-13,AUD,NPR,buy,41.51
2000-07-13,AUD,NPR,sell,41.92
2000-07-13,CAD,NPR,buy,47.55
2000-07-13,CAD,NPR,sell,48.02
2000-07-13,CHF,NPR,buy,43.01
2000-07-13,CHF,NPR,sell,43.44
2000-07-13,DKK,NPR,buy,8.95
2000-07-13,EUR,NPR,buy,66.79
2000-07-13,EUR,NPR,sell,67.45
2000-07-13,GBP,NPR,buy,106.6
2000-07-13,GBP,NPR,sell,107.66
2000-07-13,HKD,NPR,buy,9.03
2000-07-13,INR,NPR,buy,1.6
2000-07-13,INR,NPR,sell,1.6015000000000001
2000-07-13,JPY,NPR,buy,0.655
2000-07-13,JPY,NPR,sell,0.661
2000-07-13,QAR,NPR,buy,19.34
2000-07-13,SAR,NPR,buy,18.77
2000-07-13,SEK,NPR,buy,7.95
2000-07-13,SGD,NPR,buy,40.38
2000-07-13,SGD,NPR,sell,40.78
2000-07-13,USD,NPR,buy,70.4
2000-07-13,USD,NPR,sell,71.1
2000-07-14,AUD,NPR,buy,41.61
2000-07-14,AUD,NPR,sell,42.02
2000-07-14,CAD,NPR,buy,47.55
2000-07-14,CAD,NPR,sell,48.02
2000-07-14,CHF,NPR,buy,42.59
2000-07-14,CHF,NPR,sell,43.02
2000-07-14,DKK,NPR,buy,8.89
2000-07-14,EUR,NPR,buy,66.31
2000-07-14,EUR,NPR,sell,66.97
2000-07-14,GBP,NPR,buy,106.04
2000-07-14,GBP,NPR,sell,107.1
2000-07-14,HKD,NPR,buy,9.03
2000-07-14,INR,NPR,buy,1.6
2000-07-14,INR,NPR,sell,1.6015000000000001
2000-07-14,JPY,NPR,buy,0.651
2000-07-14,JPY,NPR,sell,0.657
2000-07-14,QAR,NPR,buy,19.34
2000-07-14,SAR,NPR,buy,18.77
2000-07-14,SEK,NPR,buy,7.94
2000-07-14,SGD,NPR,buy,40.38
2000-07-14,SGD,NPR,sell,40.78
2000-07-14,USD,NPR,buy,70.4
2000-07-14,USD,NPR,sell,71.1
2000-07-15,AUD,NPR,buy,41.18
2000-07-15,AUD,NPR,sell,41.59
2000-07-15,CAD,NPR,buy,47.52
2000-07-15,CAD,NPR,sell,48
2000-07-15,CHF,NPR,buy,42.47
2000-07-15,CHF,NPR,sell,42.9
2000-07-15,DKK,NPR,buy,8.83
2000-07-15,EUR,NPR,buy,65.85
2000-07-15,EUR,NPR,sell,66.5
2000-07-15,GBP,NPR,buy,105.64
2000-07-15,GBP,NPR,sell,106.69
2000-07-15,HKD,NPR,buy,9.03
2000-07-15,INR,NPR,buy,1.6
2000-07-15,INR,NPR,sell,1.6015000000000001
2000-07-15,JPY,NPR,buy,0.6519999999999999
2000-07-15,JPY,NPR,sell,0.658
2000-07-15,QAR,NPR,buy,19.34
2000-07-15,SAR,NPR,buy,18.77
2000-07-15,SEK,NPR,buy,7.9
2000-07-15,SGD,NPR,buy,40.42
2000-07-15,SGD,NPR,sell,40.83
2000-07-15,USD,NPR,buy,70.4
2000-07-15,USD,NPR,sell,71.1
2000-07-16,AUD,NPR,buy,41.18
2000-07-16,AUD,NPR,sell,41.59
2000-07-16,CAD,NPR,buy,47.52
2000-07-16,CAD,NPR,sell,48
2000-07-16,CHF,NPR,buy,42.47
2000-07-16,CHF,NPR,sell,42.9
2000-07-16,DKK,NPR,buy,8.83
2000-07-16,EUR,NPR,buy,65.85
2000-07-16,EUR,NPR,sell,66.5
2000-07-16,GBP,NPR,buy,105.64
2000-07-16,GBP,NPR,sell,106.69
2000-07-16,HKD,NPR,buy,9.03
2000-07-16,INR,NPR,buy,1.6
2000-07-16,INR,NPR,sell,1.6015000000000001
2000-07-16,JPY,NPR,buy,0.6519999999999999
2000-07-16,JPY,NPR,sell,0.658
2000-07-16,QAR,NPR,buy,19.34
2000-07-16,SAR,NPR,buy,18.77
2000-07-16,SEK,NPR,buy,7.9
2000-07-16,SGD,NPR,buy,40.42
2000-07-16,SGD,NPR,sell,40.83
2000-07-16,USD,NPR,buy,70.4
2000-07-16,USD,NPR,sell,71.1
2000-07-17,AUD,NPR,buy,41.18
2000-07-17,AUD,NPR,sell,41.59
2000-07-17,CAD,NPR,buy,47.52
2000-07-17,CAD,NPR,sell,48
2000-07-17,CHF,NPR,buy,42.47
2000-07-17,CHF,NPR,sell,42.9
2000-07-17,DKK,NPR,buy,8.83
2000-07-17,EUR,NPR,buy,65.85
2000-07-17,EUR,NPR,sell,66.5
2000-07-17,GBP,NPR,buy,105.64
2000-07-17,GBP,NPR,sell,106.69
2000-07-17,HKD,NPR,buy,9.03
2000-07-17,INR,NPR,buy,1.6
2000-07-17,INR,NPR,sell,1.6015000000000001
2000-07-17,JPY,NPR,buy,0.6519999999999999
2000-07-17,JPY,NPR,sell,0.658
2000-07-17,QAR,NPR,buy,19.34
2000-07-17,SAR,NPR,buy,18.77
2000-07-17,SEK,NPR,buy,7.9
2000-07-17,SGD,NPR,buy,40.42
2000-07-17,SGD,NPR,sell,40.83
2000-07-17,USD,NPR,buy,70.4
2000-07-17,USD,NPR,sell,71.1
2000-07-18,AUD,NPR,buy,41.25
2000-07-18,AUD,NPR,sell,41.66
2000-07-18,CAD,NPR,buy,47.39
2000-07-18,CAD,NPR,sell,47.86
2000-07-18,CHF,NPR,buy,42.57
2000-07-18,CHF,NPR,sell,43
2000-07-18,DKK,NPR,buy,8.84
2000-07-18,EUR,NPR,buy,65.98
2000-07-18,EUR,NPR,sell,66.63
2000-07-18,GBP,NPR,buy,105.36
2000-07-18,GBP,NPR,sell,106.41
2000-07-18,HKD,NPR,buy,9.03
2000-07-18,INR,NPR,buy,1.6
2000-07-18,INR,NPR,sell,1.6015000000000001
2000-07-18,JPY,NPR,buy,0.651
2000-07-18,JPY,NPR,sell,0.658
2000-07-18,QAR,NPR,buy,19.34
2000-07-18,SAR,NPR,buy,18.77
2000-07-18,SEK,NPR,buy,7.9
2000-07-18,SGD,NPR,buy,40.29
2000-07-18,SGD,NPR,sell,40.69
2000-07-18,USD,NPR,buy,70.4
2000-07-18,USD,NPR,sell,71.1
2000-07-19,AUD,NPR,buy,41.15
2000-07-19,AUD,NPR,sell,41.56
2000-07-19,CAD,NPR,buy,47.52
2000-07-19,CAD,NPR,sell,48
2000-07-19,CHF,NPR,buy,42.52
2000-07-19,CHF,NPR,sell,42.95
2000-07-19,DKK,NPR,buy,8.83
2000-07-19,EUR,NPR,buy,65.86
2000-07-19,EUR,NPR,sell,66.51
2000-07-19,GBP,NPR,buy,105.02
2000-07-19,GBP,NPR,sell,106.06
2000-07-19,HKD,NPR,buy,9.03
2000-07-19,INR,NPR,buy,1.6
2000-07-19,INR,NPR,sell,1.6015000000000001
2000-07-19,JPY,NPR,buy,0.651
2000-07-19,JPY,NPR,sell,0.658
2000-07-19,QAR,NPR,buy,19.34
2000-07-19,SAR,NPR,buy,18.77
2000-07-19,SEK,NPR,buy,7.86
2000-07-19,SGD,NPR,buy,40.31
2000-07-19,SGD,NPR,sell,40.71
2000-07-19,USD,NPR,buy,70.4
2000-07-19,USD,NPR,sell,71.1
2000-07-20,AUD,NPR,buy,41.01
2000-07-20,AUD,NPR,sell,41.42
2000-07-20,CAD,NPR,buy,47.7
2000-07-20,CAD,NPR,sell,48.18
2000-07-20,CHF,NPR,buy,42.09
2000-07-20,CHF,NPR,sell,42.5
2000-07-20,DKK,NPR,buy,8.74
2000-07-20,EUR,NPR,buy,65.16
2000-07-20,EUR,NPR,sell,65.81
2000-07-20,GBP,NPR,buy,105.26
2000-07-20,GBP,NPR,sell,106.31
2000-07-20,HKD,NPR,buy,9.03
2000-07-20,INR,NPR,buy,1.6
2000-07-20,INR,NPR,sell,1.6015000000000001
2000-07-20,JPY,NPR,buy,0.6519999999999999
2000-07-20,JPY,NPR,sell,0.658
2000-07-20,QAR,NPR,buy,19.34
2000-07-20,SAR,NPR,buy,18.77
2000-07-20,SEK,NPR,buy,7.75
2000-07-20,SGD,NPR,buy,40.37
2000-07-20,SGD,NPR,sell,40.77
2000-07-20,USD,NPR,buy,70.4
2000-07-20,USD,NPR,sell,71.1
2000-07-21,AUD,NPR,buy,40.59
2000-07-21,AUD,NPR,sell,40.99
2000-07-21,CAD,NPR,buy,47.71
2000-07-21,CAD,NPR,sell,48.19
2000-07-21,CHF,NPR,buy,41.94
2000-07-21,CHF,NPR,sell,42.36
2000-07-21,DKK,NPR,buy,8.72
2000-07-21,EUR,NPR,buy,65.01
2000-07-21,EUR,NPR,sell,65.65
2000-07-21,GBP,NPR,buy,105.34
2000-07-21,GBP,NPR,sell,106.39
2000-07-21,HKD,NPR,buy,9.03
2000-07-21,INR,NPR,buy,1.6
2000-07-21,INR,NPR,sell,1.6015000000000001
2000-07-21,JPY,NPR,buy,0.651
2000-07-21,JPY,NPR,sell,0.657
2000-07-21,QAR,NPR,buy,19.34
2000-07-21,SAR,NPR,buy,18.77
2000-07-21,SEK,NPR,buy,7.74
2000-07-21,SGD,NPR,buy,40.3
2000-07-21,SGD,NPR,sell,40.7
2000-07-21,USD,NPR,buy,70.4
2000-07-21,USD,NPR,sell,71.1
2000-07-22,AUD,NPR,buy,41.49
2000-07-22,AUD,NPR,sell,41.7
2000-07-22,CAD,NPR,buy,48.02
2000-07-22,CAD,NPR,sell,48.5
2000-07-22,CHF,NPR,buy,42.61
2000-07-22,CHF,NPR,sell,43.04
2000-07-22,DKK,NPR,buy,8.86
2000-07-22,EUR,NPR,buy,66.07
2000-07-22,EUR,NPR,sell,66.73
2000-07-22,GBP,NPR,buy,106.85
2000-07-22,GBP,NPR,sell,107.91
2000-07-22,HKD,NPR,buy,9.06
2000-07-22,INR,NPR,buy,1.6
2000-07-22,INR,NPR,sell,1.6015000000000001
2000-07-22,JPY,NPR,buy,0.651
2000-07-22,JPY,NPR,sell,0.657
2000-07-22,QAR,NPR,buy,19.41
2000-07-22,SAR,NPR,buy,18.84
2000-07-22,SEK,NPR,buy,7.86
2000-07-22,SGD,NPR,buy,40.45
2000-07-22,SGD,NPR,sell,40.85
2000-07-22,USD,NPR,buy,70.65
2000-07-22,USD,NPR,sell,71.35
2000-07-23,AUD,NPR,buy,41.49
2000-07-23,AUD,NPR,sell,41.7
2000-07-23,CAD,NPR,buy,48.02
2000-07-23,CAD,NPR,sell,48.5
2000-07-23,CHF,NPR,buy,42.61
2000-07-23,CHF,NPR,sell,43.04
2000-07-23,DKK,NPR,buy,8.86
2000-07-23,EUR,NPR,buy,66.07
2000-07-23,EUR,NPR,sell,66.73
2000-07-23,GBP,NPR,buy,106.85
2000-07-23,GBP,NPR,sell,107.91
2000-07-23,HKD,NPR,buy,9.06
2000-07-23,INR,NPR,buy,1.6
2000-07-23,INR,NPR,sell,1.6015000000000001
2000-07-23,JPY,NPR,buy,0.651
2000-07-23,JPY,NPR,sell,0.657
2000-07-23,QAR,NPR,buy,19.41
2000-07-23,SAR,NPR,buy,18.84
2000-07-23,SEK,NPR,buy,7.86
2000-07-23,SGD,NPR,buy,40.45
2000-07-23,SGD,NPR,sell,40.85
2000-07-23,USD,NPR,buy,70.65
2000-07-23,USD,NPR,sell,71.35
2000-07-24,AUD,NPR,buy,41.49
2000-07-24,AUD,NPR,sell,41.7
2000-07-24,CAD,NPR,buy,48.02
2000-07-24,CAD,NPR,sell,48.5
2000-07-24,CHF,NPR,buy,42.61
2000-07-24,CHF,NPR,sell,43.04
2000-07-24,DKK,NPR,buy,8.86
2000-07-24,EUR,NPR,buy,66.07
2000-07-24,EUR,NPR,sell,66.73
2000-07-24,GBP,NPR,buy,106.85
2000-07-24,GBP,NPR,sell,107.91
2000-07-24,HKD,NPR,buy,9.06
2000-07-24,INR,NPR,buy,1.6
2000-07-24,INR,NPR,sell,1.6015000000000001
2000-07-24,JPY,NPR,buy,0.651
2000-07-24,JPY,NPR,sell,0.657
2000-07-24,QAR,NPR,buy,19.41
2000-07-24,SAR,NPR,buy,18.84
2000-07-24,SEK,NPR,buy,7.86
2000-07-24,SGD,NPR,buy,40.45
2000-07-24,SGD,NPR,sell,40.85
2000-07-24,USD,NPR,buy,70.65
2000-07-24,USD,NPR,sell,71.35
2000-07-25,AUD,NPR,buy,41.49
2000-07-25,AUD,NPR,sell,41.9
2000-07-25,CAD,NPR,buy,47.99
2000-07-25,CAD,NPR,sell,48.46
2000-07-25,CHF,NPR,buy,42.49
2000-07-25,CHF,NPR,sell,42.91
2000-07-25,DKK,NPR,buy,8.86
2000-07-25,EUR,NPR,buy,66.05
2000-07-25,EUR,NPR,sell,66.71
2000-07-25,GBP,NPR,buy,107.3
2000-07-25,GBP,NPR,sell,108.37
2000-07-25,HKD,NPR,buy,9.06
2000-07-25,INR,NPR,buy,1.6
2000-07-25,INR,NPR,sell,1.6015000000000001
2000-07-25,JPY,NPR,buy,0.65
2000-07-25,JPY,NPR,sell,0.6559999999999999
2000-07-25,QAR,NPR,buy,19.41
2000-07-25,SAR,NPR,buy,18.84
2000-07-25,SEK,NPR,buy,7.84
2000-07-25,SGD,NPR,buy,40.39
2000-07-25,SGD,NPR,sell,40.79
2000-07-25,USD,NPR,buy,70.65
2000-07-25,USD,NPR,sell,71.35
2000-07-26,AUD,NPR,buy,41.33
2000-07-26,AUD,NPR,sell,41.74
2000-07-26,CAD,NPR,buy,48.23
2000-07-26,CAD,NPR,sell,48.71
2000-07-26,CHF,NPR,buy,42.63
2000-07-26,CHF,NPR,sell,43.06
2000-07-26,DKK,NPR,buy,8.89
2000-07-26,EUR,NPR,buy,66.28
2000-07-26,EUR,NPR,sell,66.93
2000-07-26,GBP,NPR,buy,107.14
2000-07-26,GBP,NPR,sell,108.2
2000-07-26,HKD,NPR,buy,9.06
2000-07-26,INR,NPR,buy,1.6
2000-07-26,INR,NPR,sell,1.6015000000000001
2000-07-26,JPY,NPR,buy,0.647
2000-07-26,JPY,NPR,sell,0.654
2000-07-26,QAR,NPR,buy,19.41
2000-07-26,SAR,NPR,buy,18.83
2000-07-26,SEK,NPR,buy,7.9
2000-07-26,SGD,NPR,buy,40.46
2000-07-26,SGD,NPR,sell,40.86
2000-07-26,USD,NPR,buy,70.65
2000-07-26,USD,NPR,sell,71.35
2000-07-27,AUD,NPR,buy,41.57
2000-07-27,AUD,NPR,sell,41.98
2000-07-27,CAD,NPR,buy,48.17
2000-07-27,CAD,NPR,sell,48.64
2000-07-27,CHF,NPR,buy,42.95
2000-07-27,CHF,NPR,sell,43.37
2000-07-27,DKK,NPR,buy,8.94
2000-07-27,EUR,NPR,buy,66.67
2000-07-27,EUR,NPR,sell,66.33
2000-07-27,GBP,NPR,buy,107.33
2000-07-27,GBP,NPR,sell,108.39
2000-07-27,HKD,NPR,buy,9.06
2000-07-27,INR,NPR,buy,1.6
2000-07-27,INR,NPR,sell,1.6015000000000001
2000-07-27,JPY,NPR,buy,0.647
2000-07-27,JPY,NPR,sell,0.653
2000-07-27,QAR,NPR,buy,19.41
2000-07-27,SAR,NPR,buy,18.83
2000-07-27,SEK,NPR,buy,7.94
2000-07-27,SGD,NPR,buy,40.48
2000-07-27,SGD,NPR,sell,40.88
2000-07-27,USD,NPR,buy,70.65
2000-07-27,USD,NPR,sell,71.35
2000-07-28,AUD,NPR,buy,41.86
2000-07-28,AUD,NPR,sell,42.27
2000-07-28,CAD,NPR,buy,48.25
2000-07-28,CAD,NPR,sell,48.72
2000-07-28,CHF,NPR,buy,42.8
2000-07-28,CHF,NPR,sell,43.22
2000-07-28,DKK,NPR,buy,8.92
2000-07-28,EUR,NPR,buy,66.5
2000-07-28,EUR,NPR,sell,67.15
2000-07-28,GBP,NPR,buy,107.03
2000-07-28,GBP,NPR,sell,108.09
2000-07-28,HKD,NPR,buy,9.06
2000-07-28,INR,NPR,buy,1.6
2000-07-28,INR,NPR,sell,1.6015000000000001
2000-07-28,JPY,NPR,buy,0.649
2000-07-28,JPY,NPR,sell,0.6559999999999999
2000-07-28,QAR,NPR,buy,19.41
2000-07-28,SAR,NPR,buy,18.83
2000-07-28,SEK,NPR,buy,7.9
2000-07-28,SGD,NPR,buy,40.71
2000-07-28,SGD,NPR,sell,41.12
2000-07-28,USD,NPR,buy,70.65
2000-07-28,USD,NPR,sell,71.35
2000-07-29,AUD,NPR,buy,41.72
2000-07-29,AUD,NPR,sell,42.13
2000-07-29,CAD,NPR,buy,47.98
2000-07-29,CAD,NPR,sell,48.46
2000-07-29,CHF,NPR,buy,42.4
2000-07-29,CHF,NPR,sell,42.82
2000-07-29,DKK,NPR,buy,8.81
2000-07-29,EUR,NPR,buy,66.69
2000-07-29,EUR,NPR,sell,66.34
2000-07-29,GBP,NPR,buy,106.77
2000-07-29,GBP,NPR,sell,107.82
2000-07-29,HKD,NPR,buy,9.06
2000-07-29,INR,NPR,buy,1.6
2000-07-29,INR,NPR,sell,1.6015000000000001
2000-07-29,JPY,NPR,buy,0.649
2000-07-29,JPY,NPR,sell,0.655
2000-07-29,QAR,NPR,buy,19.41
2000-07-29,SAR,NPR,buy,18.83
2000-07-29,SEK,NPR,buy,7.75
2000-07-29,SGD,NPR,buy,40.8
2000-07-29,SGD,NPR,sell,41.2
2000-07-29,USD,NPR,buy,70.65
2000-07-29,USD,NPR,sell,71.35
2000-07-30,AUD,NPR,buy,41.72
2000-07-30,AUD,NPR,sell,42.13
2000-07-30,CAD,NPR,buy,47.98
2000-07-30,CAD,NPR,sell,48.46
2000-07-30,CHF,NPR,buy,42.4
2000-07-30,CHF,NPR,sell,42.82
2000-07-30,DKK,NPR,buy,8.81
2000-07-30,EUR,NPR,buy,66.69
2000-07-30,EUR,NPR,sell,66.34
2000-07-30,GBP,NPR,buy,106.77
2000-07-30,GBP,NPR,sell,107.82
2000-07-30,HKD,NPR,buy,9.06
2000-07-30,INR,NPR,buy,1.6
2000-07-30,INR,NPR,sell,1.6015000000000001
2000-07-30,JPY,NPR,buy,0.649
2000-07-30,JPY,NPR,sell,0.655
2000-07-30,QAR,NPR,buy,19.41
2000-07-30,SAR,NPR,buy,18.83
2000-07-30,SEK,NPR,buy,7.75
2000-07-30,SGD,NPR,buy,40.8
2000-07-30,SGD,NPR,sell,41.2
2000-07-30,USD,NPR,buy,70.65
2000-07-30,USD,NPR,sell,71.35
2000-07-31,AUD,NPR,buy,41.72
2000-07-31,AUD,NPR,sell,42.13
2000-07-31,CAD,NPR,buy,47.98
2000-07-31,CAD,NPR,sell,48.46
2000-07-31,CHF,NPR,buy,42.4
2000-07-31,CHF,NPR,sell,42.82
2000-07-31,DKK,NPR,buy,8.81
2000-07-31,EUR,NPR,buy,66.69
2000-07-31,EUR,NPR,sell,66.34
2000-07-31,GBP,NPR,buy,106.77
2000-07-31,GBP,NPR,sell,107.82
2000-07-31,HKD,NPR,buy,9.06
2000-07-31,INR,NPR,buy,1.6
2000-07-31,INR,NPR,sell,1.6015000000000001
2000-07-31,JPY,NPR,buy,0.649
2000-07-31,JPY,NPR,sell,0.655
2000-07-31,QAR,NPR,buy,19.41
2000-07-31,SAR,NPR,buy,18.83
2000-07-31,SEK,NPR,buy,7.75
2000-07-31,SGD,NPR,buy,40.8
2000-07-31,SGD,NPR,sell,41.2
2000-07-31,USD,NPR,buy,70.65
2000-07-31,USD,NPR,sell,71.35
2000-08-01,AUD,NPR,buy,41.12
2000-08-01,AUD,NPR,sell,41.53
2000-08-01,CAD,NPR,buy,47.8
2000-08-01,CAD,NPR,sell,48.27
2000-08-01,CHF,NPR,buy,42.16
2000-08-01,CHF,NPR,sell,42.58
2000-08-01,DKK,NPR,buy,8.76
2000-08-01,EUR,NPR,buy,65.28
2000-08-01,EUR,NPR,sell,65.93
2000-08-01,GBP,NPR,buy,105.97
2000-08-01,GBP,NPR,sell,107.02
2000-08-01,HKD,NPR,buy,9.06
2000-08-01,INR,NPR,buy,1.6
2000-08-01,INR,NPR,sell,1.6015000000000001
2000-08-01,JPY,NPR,buy,0.645
2000-08-01,JPY,NPR,sell,0.6519999999999999
2000-08-01,QAR,NPR,buy,19.41
2000-08-01,SAR,NPR,buy,18.84
2000-08-01,SEK,NPR,buy,7.69
2000-08-01,SGD,NPR,buy,40.74
2000-08-01,SGD,NPR,sell,71.14
2000-08-01,USD,NPR,buy,70.65
2000-08-01,USD,NPR,sell,71.35
2000-08-02,AUD,NPR,buy,40.95
2000-08-02,AUD,NPR,sell,41.35
2000-08-02,CAD,NPR,buy,47.53
2000-08-02,CAD,NPR,sell,48
2000-08-02,CHF,NPR,buy,42.27
2000-08-02,CHF,NPR,sell,42.69
2000-08-02,DKK,NPR,buy,8.77
2000-08-02,EUR,NPR,buy,65.38
2000-08-02,EUR,NPR,sell,66.03
2000-08-02,GBP,NPR,buy,105.69
2000-08-02,GBP,NPR,sell,106.74
2000-08-02,HKD,NPR,buy,9.06
2000-08-02,INR,NPR,buy,1.6
2000-08-02,INR,NPR,sell,1.6015000000000001
2000-08-02,JPY,NPR,buy,0.646
2000-08-02,JPY,NPR,sell,0.6519999999999999
2000-08-02,QAR,NPR,buy,19.41
2000-08-02,SAR,NPR,buy,18.83
2000-08-02,SEK,NPR,buy,7.7
2000-08-02,SGD,NPR,buy,40.77
2000-08-02,SGD,NPR,sell,41.18
2000-08-02,USD,NPR,buy,70.65
2000-08-02,USD,NPR,sell,71.35
2000-08-03,AUD,NPR,buy,41.29
2000-08-03,AUD,NPR,sell,41.7
2000-08-03,CAD,NPR,buy,47.8
2000-08-03,CAD,NPR,sell,48.27
2000-08-03,CHF,NPR,buy,42.16
2000-08-03,CHF,NPR,sell,42.58
2000-08-03,DKK,NPR,buy,8.73
2000-08-03,EUR,NPR,buy,65.11
2000-08-03,EUR,NPR,sell,65.75
2000-08-03,GBP,NPR,buy,106.04
2000-08-03,GBP,NPR,sell,107.08
2000-08-03,HKD,NPR,buy,9.09
2000-08-03,INR,NPR,buy,1.6
2000-08-03,INR,NPR,sell,1.6015000000000001
2000-08-03,JPY,NPR,buy,0.6519999999999999
2000-08-03,JPY,NPR,sell,0.659
2000-08-03,QAR,NPR,buy,19.48
2000-08-03,SAR,NPR,buy,18.9
2000-08-03,SEK,NPR,buy,7.68
2000-08-03,SGD,NPR,buy,41
2000-08-03,SGD,NPR,sell,41.4
2000-08-03,USD,NPR,buy,70.9
2000-08-03,USD,NPR,sell,71.6
2000-08-04,AUD,NPR,buy,41.49
2000-08-04,AUD,NPR,sell,41.9
2000-08-04,CAD,NPR,buy,47.89
2000-08-04,CAD,NPR,sell,48.37
2000-08-04,CHF,NPR,buy,42.05
2000-08-04,CHF,NPR,sell,42.46
2000-08-04,DKK,NPR,buy,8.7
2000-08-04,EUR,NPR,buy,64.89
2000-08-04,EUR,NPR,sell,65.54
2000-08-04,GBP,NPR,buy,106.2
2000-08-04,GBP,NPR,sell,107.25
2000-08-04,HKD,NPR,buy,9.09
2000-08-04,INR,NPR,buy,1.6
2000-08-04,INR,NPR,sell,1.6015000000000001
2000-08-04,JPY,NPR,buy,0.6519999999999999
2000-08-04,JPY,NPR,sell,0.659
2000-08-04,QAR,NPR,buy,19.48
2000-08-04,SAR,NPR,buy,18.9
2000-08-04,SEK,NPR,buy,7.66
2000-08-04,SGD,NPR,buy,41.05
2000-08-04,SGD,NPR,sell,41.45
2000-08-04,USD,NPR,buy,70.9
2000-08-04,USD,NPR,sell,71.6
2000-08-05,AUD,NPR,buy,41.69
2000-08-05,AUD,NPR,sell,42.1
2000-08-05,CAD,NPR,buy,47.99
2000-08-05,CAD,NPR,sell,48.46
2000-08-05,CHF,NPR,buy,41.69
2000-08-05,CHF,NPR,sell,42.1
2000-08-05,DKK,NPR,buy,8.64
2000-08-05,EUR,NPR,buy,64.39
2000-08-05,EUR,NPR,sell,65.02
2000-08-05,GBP,NPR,buy,106.2
2000-08-05,GBP,NPR,sell,107.24
2000-08-05,HKD,NPR,buy,9.14
2000-08-05,INR,NPR,buy,1.6
2000-08-05,INR,NPR,sell,1.6015000000000001
2000-08-05,JPY,NPR,buy,0.657
2000-08-05,JPY,NPR,sell,0.6639999999999999
2000-08-05,QAR,NPR,buy,19.58
2000-08-05,SAR,NPR,buy,18.99
2000-08-05,SEK,NPR,buy,7.66
2000-08-05,SGD,NPR,buy,41.42
2000-08-05,SGD,NPR,sell,41.83
2000-08-05,USD,NPR,buy,71.25
2000-08-05,USD,NPR,sell,71.95
2000-08-06,AUD,NPR,buy,41.69
2000-08-06,AUD,NPR,sell,42.1
2000-08-06,CAD,NPR,buy,47.99
2000-08-06,CAD,NPR,sell,48.46
2000-08-06,CHF,NPR,buy,41.69
2000-08-06,CHF,NPR,sell,42.1
2000-08-06,DKK,NPR,buy,8.64
2000-08-06,EUR,NPR,buy,64.39
2000-08-06,EUR,NPR,sell,65.02
2000-08-06,GBP,NPR,buy,106.2
2000-08-06,GBP,NPR,sell,107.24
2000-08-06,HKD,NPR,buy,9.14
2000-08-06,INR,NPR,buy,1.6
2000-08-06,INR,NPR,sell,1.6015000000000001
2000-08-06,JPY,NPR,buy,0.657
2000-08-06,JPY,NPR,sell,0.6639999999999999
2000-08-06,QAR,NPR,buy,19.58
2000-08-06,SAR,NPR,buy,18.99
2000-08-06,SEK,NPR,buy,7.66
2000-08-06,SGD,NPR,buy,41.42
2000-08-06,SGD,NPR,sell,41.83
2000-08-06,USD,NPR,buy,71.25
2000-08-06,USD,NPR,sell,71.95
2000-08-07,AUD,NPR,buy,41.69
2000-08-07,AUD,NPR,sell,42.1
2000-08-07,CAD,NPR,buy,47.99
2000-08-07,CAD,NPR,sell,48.46
2000-08-07,CHF,NPR,buy,41.69
2000-08-07,CHF,NPR,sell,42.1
2000-08-07,DKK,NPR,buy,8.64
2000-08-07,EUR,NPR,buy,64.39
2000-08-07,EUR,NPR,sell,65.02
2000-08-07,GBP,NPR,buy,106.2
2000-08-07,GBP,NPR,sell,107.24
2000-08-07,HKD,NPR,buy,9.14
2000-08-07,INR,NPR,buy,1.6
2000-08-07,INR,NPR,sell,1.6015000000000001
2000-08-07,JPY,NPR,buy,0.657
2000-08-07,JPY,NPR,sell,0.6639999999999999
2000-08-07,QAR,NPR,buy,19.58
2000-08-07,SAR,NPR,buy,18.99
2000-08-07,SEK,NPR,buy,7.66
2000-08-07,SGD,NPR,buy,41.42
2000-08-07,SGD,NPR,sell,41.83
2000-08-07,USD,NPR,buy,71.25
2000-08-07,USD,NPR,sell,71.95
2000-08-08,AUD,NPR,buy,41.97
2000-08-08,AUD,NPR,sell,42.38
2000-08-08,CAD,NPR,buy,48.04
2000-08-08,CAD,NPR,sell,48.51
2000-08-08,CHF,NPR,buy,41.95
2000-08-08,CHF,NPR,sell,42.36
2000-08-08,DKK,NPR,buy,8.71
2000-08-08,EUR,NPR,buy,64.91
2000-08-08,EUR,NPR,sell,65.55
2000-08-08,GBP,NPR,buy,107.72
2000-08-08,GBP,NPR,sell,108.77
2000-08-08,HKD,NPR,buy,9.19
2000-08-08,INR,NPR,buy,1.6
2000-08-08,INR,NPR,sell,1.6015000000000001
2000-08-08,JPY,NPR,buy,0.659
2000-08-08,JPY,NPR,sell,0.666
2000-08-08,QAR,NPR,buy,19.69
2000-08-08,SAR,NPR,buy,19.1
2000-08-08,SEK,NPR,buy,7.73
2000-08-08,SGD,NPR,buy,41.48
2000-08-08,SGD,NPR,sell,41.88
2000-08-08,USD,NPR,buy,71.65
2000-08-08,USD,NPR,sell,72.35
2000-08-09,AUD,NPR,buy,42.28
2000-08-09,AUD,NPR,sell,42.69
2000-08-09,CAD,NPR,buy,48.45
2000-08-09,CAD,NPR,sell,48.92
2000-08-09,CHF,NPR,buy,42.18
2000-08-09,CHF,NPR,sell,42.59
2000-08-09,DKK,NPR,buy,8.74
2000-08-09,EUR,NPR,buy,65.21
2000-08-09,EUR,NPR,sell,65.84
2000-08-09,GBP,NPR,buy,108.66
2000-08-09,GBP,NPR,sell,109.72
2000-08-09,HKD,NPR,buy,9.23
2000-08-09,INR,NPR,buy,1.6
2000-08-09,INR,NPR,sell,1.6015000000000001
2000-08-09,JPY,NPR,buy,0.663
2000-08-09,JPY,NPR,sell,0.67
2000-08-09,QAR,NPR,buy,19.78
2000-08-09,SAR,NPR,buy,19.19
2000-08-09,SEK,NPR,buy,7.8
2000-08-09,SGD,NPR,buy,41.71
2000-08-09,SGD,NPR,sell,42.12
2000-08-09,USD,NPR,buy,72
2000-08-09,USD,NPR,sell,72.7
2000-08-10,AUD,NPR,buy,41.96
2000-08-10,AUD,NPR,sell,42.37
2000-08-10,CAD,NPR,buy,48.44
2000-08-10,CAD,NPR,sell,48.91
2000-08-10,CHF,NPR,buy,41.93
2000-08-10,CHF,NPR,sell,42.34
2000-08-10,DKK,NPR,buy,8.69
2000-08-10,EUR,NPR,buy,64.79
2000-08-10,EUR,NPR,sell,65.42
2000-08-10,GBP,NPR,buy,108.27
2000-08-10,GBP,NPR,sell,109.32
2000-08-10,HKD,NPR,buy,9.23
2000-08-10,INR,NPR,buy,1.6
2000-08-10,INR,NPR,sell,1.6015000000000001
2000-08-10,JPY,NPR,buy,0.665
2000-08-10,JPY,NPR,sell,0.6719999999999999
2000-08-10,QAR,NPR,buy,19.78
2000-08-10,SAR,NPR,buy,19.19
2000-08-10,SEK,NPR,buy,7.79
2000-08-10,SGD,NPR,buy,41.79
2000-08-10,SGD,NPR,sell,42.2
2000-08-10,USD,NPR,buy,72
2000-08-10,USD,NPR,sell,72.7
2000-08-11,AUD,NPR,buy,41.74
2000-08-11,AUD,NPR,sell,42.14
2000-08-11,CAD,NPR,buy,48.55
2000-08-11,CAD,NPR,sell,49.02
2000-08-11,CHF,NPR,buy,42.13
2000-08-11,CHF,NPR,sell,42.54
2000-08-11,DKK,NPR,buy,8.73
2000-08-11,EUR,NPR,buy,65.1
2000-08-11,EUR,NPR,sell,65.73
2000-08-11,GBP,NPR,buy,108.06
2000-08-11,GBP,NPR,sell,109.12
2000-08-11,HKD,NPR,buy,9.23
2000-08-11,INR,NPR,buy,1.6
2000-08-11,INR,NPR,sell,1.6015000000000001
2000-08-11,JPY,NPR,buy,0.669
2000-08-11,JPY,NPR,sell,0.675
2000-08-11,QAR,NPR,buy,19.78
2000-08-11,SAR,NPR,buy,19.19
2000-08-11,SEK,NPR,buy,7.82
2000-08-11,SGD,NPR,buy,42.01
2000-08-11,SGD,NPR,sell,42.42
2000-08-11,USD,NPR,buy,72
2000-08-11,USD,NPR,sell,72.7
2000-08-12,AUD,NPR,buy,41.93
2000-08-12,AUD,NPR,sell,42.34
2000-08-12,CAD,NPR,buy,48.59
2000-08-12,CAD,NPR,sell,49.06
2000-08-12,CHF,NPR,buy,42.23
2000-08-12,CHF,NPR,sell,42.64
2000-08-12,DKK,NPR,buy,8.78
2000-08-12,EUR,NPR,buy,65.47
2000-08-12,EUR,NPR,sell,66.11
2000-08-12,GBP,NPR,buy,107.94
2000-08-12,GBP,NPR,sell,108.98
2000-08-12,HKD,NPR,buy,9.23
2000-08-12,INR,NPR,buy,1.6
2000-08-12,INR,NPR,sell,1.6015000000000001
2000-08-12,JPY,NPR,buy,0.663
2000-08-12,JPY,NPR,sell,0.669
2000-08-12,QAR,NPR,buy,19.78
2000-08-12,SAR,NPR,buy,19.19
2000-08-12,SEK,NPR,buy,7.83
2000-08-12,SGD,NPR,buy,42.01
2000-08-12,SGD,NPR,sell,42.42
2000-08-12,USD,NPR,buy,72
2000-08-12,USD,NPR,sell,72.7
2000-08-13,AUD,NPR,buy,41.93
2000-08-13,AUD,NPR,sell,42.34
2000-08-13,CAD,NPR,buy,48.59
2000-08-13,CAD,NPR,sell,49.06
2000-08-13,CHF,NPR,buy,42.23
2000-08-13,CHF,NPR,sell,42.64
2000-08-13,DKK,NPR,buy,8.78
2000-08-13,EUR,NPR,buy,65.47
2000-08-13,EUR,NPR,sell,66.11
2000-08-13,GBP,NPR,buy,107.94
2000-08-13,GBP,NPR,sell,108.98
2000-08-13,HKD,NPR,buy,9.23
2000-08-13,INR,NPR,buy,1.6
2000-08-13,INR,NPR,sell,1.6015000000000001
2000-08-13,JPY,NPR,buy,0.663
2000-08-13,JPY,NPR,sell,0.669
2000-08-13,QAR,NPR,buy,19.78
2000-08-13,SAR,NPR,buy,19.19
2000-08-13,SEK,NPR,buy,7.83
2000-08-13,SGD,NPR,buy,42.01
2000-08-13,SGD,NPR,sell,42.42
2000-08-13,USD,NPR,buy,72
2000-08-13,USD,NPR,sell,72.7
2000-08-14,AUD,NPR,buy,41.93
2000-08-14,AUD,NPR,sell,42.34
2000-08-14,CAD,NPR,buy,48.59
2000-08-14,CAD,NPR,sell,49.06
2000-08-14,CHF,NPR,buy,42.23
2000-08-14,CHF,NPR,sell,42.64
2000-08-14,DKK,NPR,buy,8.78
2000-08-14,EUR,NPR,buy,65.47
2000-08-14,EUR,NPR,sell,66.11
2000-08-14,GBP,NPR,buy,107.94
2000-08-14,GBP,NPR,sell,108.98
2000-08-14,HKD,NPR,buy,9.23
2000-08-14,INR,NPR,buy,1.6
2000-08-14,INR,NPR,sell,1.6015000000000001
2000-08-14,JPY,NPR,buy,0.663
2000-08-14,JPY,NPR,sell,0.669
2000-08-14,QAR,NPR,buy,19.78
2000-08-14,SAR,NPR,buy,19.19
2000-08-14,SEK,NPR,buy,7.83
2000-08-14,SGD,NPR,buy,42.01
2000-08-14,SGD,NPR,sell,42.42
2000-08-14,USD,NPR,buy,72
2000-08-14,USD,NPR,sell,72.7
2000-08-15,AUD,NPR,buy,41.8
2000-08-15,AUD,NPR,sell,42.21
2000-08-15,CAD,NPR,buy,48.71
2000-08-15,CAD,NPR,sell,49.18
2000-08-15,CHF,NPR,buy,41.97
2000-08-15,CHF,NPR,sell,42.38
2000-08-15,DKK,NPR,buy,8.74
2000-08-15,EUR,NPR,buy,65.2
2000-08-15,EUR,NPR,sell,65.83
2000-08-15,GBP,NPR,buy,108.49
2000-08-15,GBP,NPR,sell,109.55
2000-08-15,HKD,NPR,buy,9.26
2000-08-15,INR,NPR,buy,1.6
2000-08-15,INR,NPR,sell,1.6015000000000001
2000-08-15,JPY,NPR,buy,0.665
2000-08-15,JPY,NPR,sell,0.671
2000-08-15,QAR,NPR,buy,19.84
2000-08-15,SAR,NPR,buy,19.25
2000-08-15,SEK,NPR,buy,7.82
2000-08-15,SGD,NPR,buy,42.14
2000-08-15,SGD,NPR,sell,42.55
2000-08-15,USD,NPR,buy,72.2
2000-08-15,USD,NPR,sell,72.9
2000-08-16,AUD,NPR,buy,42.12
2000-08-16,AUD,NPR,sell,42.53
2000-08-16,CAD,NPR,buy,48.61
2000-08-16,CAD,NPR,sell,49.09
2000-08-16,CHF,NPR,buy,42.15
2000-08-16,CHF,NPR,sell,42.56
2000-08-16,DKK,NPR,buy,8.8
2000-08-16,EUR,NPR,buy,65.64
2000-08-16,EUR,NPR,sell,66.27
2000-08-16,GBP,NPR,buy,109.05
2000-08-16,GBP,NPR,sell,110.11
2000-08-16,HKD,NPR,buy,9.26
2000-08-16,INR,NPR,buy,1.6
2000-08-16,INR,NPR,sell,1.6015000000000001
2000-08-16,JPY,NPR,buy,0.6599999999999999
2000-08-16,JPY,NPR,sell,0.667
2000-08-16,QAR,NPR,buy,19.83
2000-08-16,SAR,NPR,buy,19.25
2000-08-16,SEK,NPR,buy,7.88
2000-08-16,SGD,NPR,buy,42.01
2000-08-16,SGD,NPR,sell,42.42
2000-08-16,USD,NPR,buy,72.2
2000-08-16,USD,NPR,sell,72.9
2000-08-17,AUD,NPR,buy,42.53
2000-08-17,AUD,NPR,sell,42.95
2000-08-17,CAD,NPR,buy,48.73
2000-08-17,CAD,NPR,sell,49.21
2000-08-17,CHF,NPR,buy,42.23
2000-08-17,CHF,NPR,sell,42.64
2000-08-17,DKK,NPR,buy,8.84
2000-08-17,EUR,NPR,buy,65.96
2000-08-17,EUR,NPR,sell,66.6
2000-08-17,GBP,NPR,buy,108.44
2000-08-17,GBP,NPR,sell,109.5
2000-08-17,HKD,NPR,buy,9.26
2000-08-17,INR,NPR,buy,1.6
2000-08-17,INR,NPR,sell,1.6015000000000001
2000-08-17,JPY,NPR,buy,0.663
2000-08-17,JPY,NPR,sell,0.669
2000-08-17,QAR,NPR,buy,19.83
2000-08-17,SAR,NPR,buy,19.25
2000-08-17,SEK,NPR,buy,7.87
2000-08-17,SGD,NPR,buy,42
2000-08-17,SGD,NPR,sell,42.41
2000-08-17,USD,NPR,buy,72.2
2000-08-17,USD,NPR,sell,72.9
2000-08-18,AUD,NPR,buy,42.6
2000-08-18,AUD,NPR,sell,43.01
2000-08-18,CAD,NPR,buy,48.9
2000-08-18,CAD,NPR,sell,49.37
2000-08-18,CHF,NPR,buy,42.25
2000-08-18,CHF,NPR,sell,42.66
2000-08-18,DKK,NPR,buy,8.85
2000-08-18,EUR,NPR,buy,66
2000-08-18,EUR,NPR,sell,66.64
2000-08-18,GBP,NPR,buy,108.3
2000-08-18,GBP,NPR,sell,109.35
2000-08-18,HKD,NPR,buy,9.26
2000-08-18,INR,NPR,buy,1.6
2000-08-18,INR,NPR,sell,1.6015000000000001
2000-08-18,JPY,NPR,buy,0.666
2000-08-18,JPY,NPR,sell,0.673
2000-08-18,QAR,NPR,buy,19.83
2000-08-18,SAR,NPR,buy,19.25
2000-08-18,SEK,NPR,buy,7.84
2000-08-18,SGD,NPR,buy,42.03
2000-08-18,SGD,NPR,sell,42.44
2000-08-18,USD,NPR,buy,72.2
2000-08-18,USD,NPR,sell,72.9
2000-08-19,AUD,NPR,buy,42.86
2000-08-19,AUD,NPR,sell,43.27
2000-08-19,CAD,NPR,buy,48.97
2000-08-19,CAD,NPR,sell,49.45
2000-08-19,CHF,NPR,buy,42.28
2000-08-19,CHF,NPR,sell,42.69
2000-08-19,DKK,NPR,buy,8.87
2000-08-19,EUR,NPR,buy,66.13
2000-08-19,EUR,NPR,sell,66.77
2000-08-19,GBP,NPR,buy,107.92
2000-08-19,GBP,NPR,sell,108.97
2000-08-19,HKD,NPR,buy,9.26
2000-08-19,INR,NPR,buy,1.6
2000-08-19,INR,NPR,sell,1.6015000000000001
2000-08-19,JPY,NPR,buy,0.663
2000-08-19,JPY,NPR,sell,0.67
2000-08-19,QAR,NPR,buy,19.83
2000-08-19,SAR,NPR,buy,19.25
2000-08-19,SEK,NPR,buy,7.85
2000-08-19,SGD,NPR,buy,41.97
2000-08-19,SGD,NPR,sell,42.38
2000-08-19,USD,NPR,buy,72.2
2000-08-19,USD,NPR,sell,72.9
2000-08-20,AUD,NPR,buy,42.86
2000-08-20,AUD,NPR,sell,43.27
2000-08-20,CAD,NPR,buy,48.97
2000-08-20,CAD,NPR,sell,49.45
2000-08-20,CHF,NPR,buy,42.28
2000-08-20,CHF,NPR,sell,42.69
2000-08-20,DKK,NPR,buy,8.87
2000-08-20,EUR,NPR,buy,66.13
2000-08-20,EUR,NPR,sell,66.77
2000-08-20,GBP,NPR,buy,107.92
2000-08-20,GBP,NPR,sell,108.97
2000-08-20,HKD,NPR,buy,9.26
2000-08-20,INR,NPR,buy,1.6
2000-08-20,INR,NPR,sell,1.6015000000000001
2000-08-20,JPY,NPR,buy,0.663
2000-08-20,JPY,NPR,sell,0.67
2000-08-20,QAR,NPR,buy,19.83
2000-08-20,SAR,NPR,buy,19.25
2000-08-20,SEK,NPR,buy,7.85
2000-08-20,SGD,NPR,buy,41.97
2000-08-20,SGD,NPR,sell,42.38
2000-08-20,USD,NPR,buy,72.2
2000-08-20,USD,NPR,sell,72.9
2000-08-21,AUD,NPR,buy,42.86
2000-08-21,AUD,NPR,sell,43.27
2000-08-21,CAD,NPR,buy,48.97
2000-08-21,CAD,NPR,sell,49.45
2000-08-21,CHF,NPR,buy,42.28
2000-08-21,CHF,NPR,sell,42.69
2000-08-21,DKK,NPR,buy,8.87
2000-08-21,EUR,NPR,buy,66.13
2000-08-21,EUR,NPR,sell,66.77
2000-08-21,GBP,NPR,buy,107.92
2000-08-21,GBP,NPR,sell,108.97
2000-08-21,HKD,NPR,buy,9.26
2000-08-21,INR,NPR,buy,1.6
2000-08-21,INR,NPR,sell,1.6015000000000001
2000-08-21,JPY,NPR,buy,0.663
2000-08-21,JPY,NPR,sell,0.67
2000-08-21,QAR,NPR,buy,19.83
2000-08-21,SAR,NPR,buy,19.25
2000-08-21,SEK,NPR,buy,7.85
2000-08-21,SGD,NPR,buy,41.97
2000-08-21,SGD,NPR,sell,42.38
2000-08-21,USD,NPR,buy,72.2
2000-08-21,USD,NPR,sell,72.9
2000-08-22,AUD,NPR,buy,42.57
2000-08-22,AUD,NPR,sell,42.98
2000-08-22,CAD,NPR,buy,48.96
2000-08-22,CAD,NPR,sell,49.44
2000-08-22,CHF,NPR,buy,41.85
2000-08-22,CHF,NPR,sell,42.26
2000-08-22,DKK,NPR,buy,8.75
2000-08-22,EUR,NPR,buy,65.26
2000-08-22,EUR,NPR,sell,65.89
2000-08-22,GBP,NPR,buy,107.66
2000-08-22,GBP,NPR,sell,108.7
2000-08-22,HKD,NPR,buy,9.26
2000-08-22,INR,NPR,buy,1.6
2000-08-22,INR,NPR,sell,1.6015000000000001
2000-08-22,JPY,NPR,buy,0.6679999999999999
2000-08-22,JPY,NPR,sell,0.674
2000-08-22,QAR,NPR,buy,19.83
2000-08-22,SAR,NPR,buy,19.25
2000-08-22,SEK,NPR,buy,7.77
2000-08-22,SGD,NPR,buy,42.06
2000-08-22,SGD,NPR,sell,42.47
2000-08-22,USD,NPR,buy,72.2
2000-08-22,USD,NPR,sell,72.9
2000-08-23,AUD,NPR,buy,42.56
2000-08-23,AUD,NPR,sell,42.97
2000-08-23,CAD,NPR,buy,48.89
2000-08-23,CAD,NPR,sell,49.37
2000-08-23,CHF,NPR,buy,41.7
2000-08-23,CHF,NPR,sell,42.1
2000-08-23,DKK,NPR,buy,8.73
2000-08-23,EUR,NPR,buy,65.12
2000-08-23,EUR,NPR,sell,65.76
2000-08-23,GBP,NPR,buy,107.3
2000-08-23,GBP,NPR,sell,108.34
2000-08-23,HKD,NPR,buy,9.26
2000-08-23,INR,NPR,buy,1.6
2000-08-23,INR,NPR,sell,1.6015000000000001
2000-08-23,JPY,NPR,buy,0.667
2000-08-23,JPY,NPR,sell,0.673
2000-08-23,QAR,NPR,buy,19.83
2000-08-23,SAR,NPR,buy,19.25
2000-08-23,SEK,NPR,buy,7.75
2000-08-23,SGD,NPR,buy,42.08
2000-08-23,SGD,NPR,sell,42.48
2000-08-23,USD,NPR,buy,72.2
2000-08-23,USD,NPR,sell,72.9
2000-08-24,AUD,NPR,buy,41.27
2000-08-24,AUD,NPR,sell,41.67
2000-08-24,CAD,NPR,buy,48.8
2000-08-24,CAD,NPR,sell,49.27
2000-08-24,CHF,NPR,buy,41.37
2000-08-24,CHF,NPR,sell,41.77
2000-08-24,DKK,NPR,buy,8.64
2000-08-24,EUR,NPR,buy,64.42
2000-08-24,EUR,NPR,sell,65.04
2000-08-24,GBP,NPR,buy,106.7
2000-08-24,GBP,NPR,sell,107.73
2000-08-24,HKD,NPR,buy,9.26
2000-08-24,INR,NPR,buy,1.6
2000-08-24,INR,NPR,sell,1.6015000000000001
2000-08-24,JPY,NPR,buy,0.674
2000-08-24,JPY,NPR,sell,0.6799999999999999
2000-08-24,QAR,NPR,buy,19.83
2000-08-24,SAR,NPR,buy,19.25
2000-08-24,SEK,NPR,buy,7.7
2000-08-24,SGD,NPR,buy,42.08
2000-08-24,SGD,NPR,sell,42.49
2000-08-24,USD,NPR,buy,72.2
2000-08-24,USD,NPR,sell,72.9
2000-08-25,AUD,NPR,buy,41.26
2000-08-25,AUD,NPR,sell,41.66
2000-08-25,CAD,NPR,buy,48.61
2000-08-25,CAD,NPR,sell,49.08
2000-08-25,CHF,NPR,buy,41.89
2000-08-25,CHF,NPR,sell,42.3
2000-08-25,DKK,NPR,buy,8.71
2000-08-25,EUR,NPR,buy,64.96
2000-08-25,EUR,NPR,sell,65.59
2000-08-25,GBP,NPR,buy,107.1
2000-08-25,GBP,NPR,sell,108.14
2000-08-25,HKD,NPR,buy,9.26
2000-08-25,INR,NPR,buy,1.6
2000-08-25,INR,NPR,sell,1.6015000000000001
2000-08-25,JPY,NPR,buy,0.674
2000-08-25,JPY,NPR,sell,0.6809999999999999
2000-08-25,QAR,NPR,buy,19.83
2000-08-25,SAR,NPR,buy,19.25
2000-08-25,SEK,NPR,buy,7.76
2000-08-25,SGD,NPR,buy,41.96
2000-08-25,SGD,NPR,sell,42.37
2000-08-25,USD,NPR,buy,72.2
2000-08-25,USD,NPR,sell,72.9
2000-08-26,AUD,NPR,buy,41.37
2000-08-26,AUD,NPR,sell,41.77
2000-08-26,CAD,NPR,buy,48.63
2000-08-26,CAD,NPR,sell,49.1
2000-08-26,CHF,NPR,buy,42.13
2000-08-26,CHF,NPR,sell,42.54
2000-08-26,DKK,NPR,buy,8.74
2000-08-26,EUR,NPR,buy,65.16
2000-08-26,EUR,NPR,sell,65.79
2000-08-26,GBP,NPR,buy,106.89
2000-08-26,GBP,NPR,sell,107.93
2000-08-26,HKD,NPR,buy,9.26
2000-08-26,INR,NPR,buy,1.6
2000-08-26,INR,NPR,sell,1.6015000000000001
2000-08-26,JPY,NPR,buy,0.674
2000-08-26,JPY,NPR,sell,0.6809999999999999
2000-08-26,QAR,NPR,buy,19.83
2000-08-26,SAR,NPR,buy,19.25
2000-08-26,SEK,NPR,buy,7.78
2000-08-26,SGD,NPR,buy,41.93
2000-08-26,SGD,NPR,sell,42.34
2000-08-26,USD,NPR,buy,72.2
2000-08-26,USD,NPR,sell,72.9
2000-08-27,AUD,NPR,buy,41.37
2000-08-27,AUD,NPR,sell,41.77
2000-08-27,CAD,NPR,buy,48.63
2000-08-27,CAD,NPR,sell,49.1
2000-08-27,CHF,NPR,buy,42.13
2000-08-27,CHF,NPR,sell,42.54
2000-08-27,DKK,NPR,buy,8.74
2000-08-27,EUR,NPR,buy,65.16
2000-08-27,EUR,NPR,sell,65.79
2000-08-27,GBP,NPR,buy,106.89
2000-08-27,GBP,NPR,sell,107.93
2000-08-27,HKD,NPR,buy,9.26
2000-08-27,INR,NPR,buy,1.6
2000-08-27,INR,NPR,sell,1.6015000000000001
2000-08-27,JPY,NPR,buy,0.674
2000-08-27,JPY,NPR,sell,0.6809999999999999
2000-08-27,QAR,NPR,buy,19.83
2000-08-27,SAR,NPR,buy,19.25
2000-08-27,SEK,NPR,buy,7.78
2000-08-27,SGD,NPR,buy,41.93
2000-08-27,SGD,NPR,sell,42.34
2000-08-27,USD,NPR,buy,72.2
2000-08-27,USD,NPR,sell,72.9
2000-08-28,AUD,NPR,buy,41.37
2000-08-28,AUD,NPR,sell,41.77
2000-08-28,CAD,NPR,buy,48.63
2000-08-28,CAD,NPR,sell,49.1
2000-08-28,CHF,NPR,buy,42.13
2000-08-28,CHF,NPR,sell,42.54
2000-08-28,DKK,NPR,buy,8.74
2000-08-28,EUR,NPR,buy,65.16
2000-08-28,EUR,NPR,sell,65.79
2000-08-28,GBP,NPR,buy,106.89
2000-08-28,GBP,NPR,sell,107.93
2000-08-28,HKD,NPR,buy,9.26
2000-08-28,INR,NPR,buy,1.6
2000-08-28,INR,NPR,sell,1.6015000000000001
2000-08-28,JPY,NPR,buy,0.674
2000-08-28,JPY,NPR,sell,0.6809999999999999
2000-08-28,QAR,NPR,buy,19.83
2000-08-28,SAR,NPR,buy,19.25
2000-08-28,SEK,NPR,buy,7.78
2000-08-28,SGD,NPR,buy,41.93
2000-08-28,SGD,NPR,sell,42.34
2000-08-28,USD,NPR,buy,72.2
2000-08-28,USD,NPR,sell,72.9
2000-08-29,AUD,NPR,buy,41.37
2000-08-29,AUD,NPR,sell,41.77
2000-08-29,CAD,NPR,buy,48.63
2000-08-29,CAD,NPR,sell,49.1
2000-08-29,CHF,NPR,buy,42.13
2000-08-29,CHF,NPR,sell,42.54
2000-08-29,DKK,NPR,buy,8.74
2000-08-29,EUR,NPR,buy,65.16
2000-08-29,EUR,NPR,sell,65.79
2000-08-29,GBP,NPR,buy,106.89
2000-08-29,GBP,NPR,sell,107.93
2000-08-29,HKD,NPR,buy,9.26
2000-08-29,INR,NPR,buy,1.6
2000-08-29,INR,NPR,sell,1.6015000000000001
2000-08-29,JPY,NPR,buy,0.674
2000-08-29,JPY,NPR,sell,0.6809999999999999
2000-08-29,QAR,NPR,buy,19.83
2000-08-29,SAR,NPR,buy,19.25
2000-08-29,SEK,NPR,buy,7.78
2000-08-29,SGD,NPR,buy,41.93
2000-08-29,SGD,NPR,sell,42.34
2000-08-29,USD,NPR,buy,72.2
2000-08-29,USD,NPR,sell,72.9
2000-08-30,AUD,NPR,buy,41.51
2000-08-30,AUD,NPR,sell,41.91
2000-08-30,CAD,NPR,buy,48.69
2000-08-30,CAD,NPR,sell,49.16
2000-08-30,CHF,NPR,buy,42.1
2000-08-30,CHF,NPR,sell,42.51
2000-08-30,DKK,NPR,buy,8.72
2000-08-30,EUR,NPR,buy,65.04
2000-08-30,EUR,NPR,sell,65.68
2000-08-30,GBP,NPR,buy,105.95
2000-08-30,GBP,NPR,sell,106.98
2000-08-30,HKD,NPR,buy,9.26
2000-08-30,INR,NPR,buy,1.6
2000-08-30,INR,NPR,sell,1.6015000000000001
2000-08-30,JPY,NPR,buy,0.6769999999999999
2000-08-30,JPY,NPR,sell,0.683
2000-08-30,QAR,NPR,buy,19.83
2000-08-30,SAR,NPR,buy,19.25
2000-08-30,SEK,NPR,buy,7.7
2000-08-30,SGD,NPR,buy,41.96
2000-08-30,SGD,NPR,sell,42.37
2000-08-30,USD,NPR,buy,72.2
2000-08-30,USD,NPR,sell,72.9
2000-08-31,AUD,NPR,buy,41.23
2000-08-31,AUD,NPR,sell,41.63
2000-08-31,CAD,NPR,buy,48.65
2000-08-31,CAD,NPR,sell,49.12
2000-08-31,CHF,NPR,buy,41.57
2000-08-31,CHF,NPR,sell,41.97
2000-08-31,DKK,NPR,buy,8.63
2000-08-31,EUR,NPR,buy,64.37
2000-08-31,EUR,NPR,sell,65
2000-08-31,GBP,NPR,buy,104.56
2000-08-31,GBP,NPR,sell,105.57
2000-08-31,HKD,NPR,buy,9.26
2000-08-31,INR,NPR,buy,1.6
2000-08-31,INR,NPR,sell,1.6015000000000001
2000-08-31,JPY,NPR,buy,0.679
2000-08-31,JPY,NPR,sell,0.686
2000-08-31,QAR,NPR,buy,19.83
2000-08-31,SAR,NPR,buy,19.25
2000-08-31,SEK,NPR,buy,7.65
2000-08-31,SGD,NPR,buy,41.91
2000-08-31,SGD,NPR,sell,42.32
2000-08-31,USD,NPR,buy,72.2
2000-08-31,USD,NPR,sell,72.9
2000-09-01,AUD,NPR,buy,41.44
2000-09-01,AUD,NPR,sell,41.84
2000-09-01,CAD,NPR,buy,48.91
2000-09-01,CAD,NPR,sell,49.39
2000-09-01,CHF,NPR,buy,41.68
2000-09-01,CHF,NPR,sell,42.08
2000-09-01,DKK,NPR,buy,8.65
2000-09-01,EUR,NPR,buy,64.47
2000-09-01,EUR,NPR,sell,65.09
2000-09-01,GBP,NPR,buy,105.03
2000-09-01,GBP,NPR,sell,106.05
2000-09-01,HKD,NPR,buy,9.26
2000-09-01,INR,NPR,buy,1.6
2000-09-01,INR,NPR,sell,1.6015000000000001
2000-09-01,JPY,NPR,buy,0.679
2000-09-01,JPY,NPR,sell,0.6849999999999999
2000-09-01,QAR,NPR,buy,19.84
2000-09-01,SAR,NPR,buy,19.25
2000-09-01,SEK,NPR,buy,7.65
2000-09-01,SGD,NPR,buy,41.95
2000-09-01,SGD,NPR,sell,42.36
2000-09-01,USD,NPR,buy,72.2
2000-09-01,USD,NPR,sell,72.9
2000-09-02,AUD,NPR,buy,41.53
2000-09-02,AUD,NPR,sell,41.93
2000-09-02,CAD,NPR,buy,49
2000-09-02,CAD,NPR,sell,49.48
2000-09-02,CHF,NPR,buy,41.54
2000-09-02,CHF,NPR,sell,41.95
2000-09-02,DKK,NPR,buy,8.62
2000-09-02,EUR,NPR,buy,64.32
2000-09-02,EUR,NPR,sell,64.94
2000-09-02,GBP,NPR,buy,104.88
2000-09-02,GBP,NPR,sell,105.9
2000-09-02,HKD,NPR,buy,9.26
2000-09-02,INR,NPR,buy,1.6
2000-09-02,INR,NPR,sell,1.6015000000000001
2000-09-02,JPY,NPR,buy,0.678
2000-09-02,JPY,NPR,sell,0.6849999999999999
2000-09-02,QAR,NPR,buy,19.83
2000-09-02,SAR,NPR,buy,19.25
2000-09-02,SEK,NPR,buy,7.68
2000-09-02,SGD,NPR,buy,41.96
2000-09-02,SGD,NPR,sell,42.37
2000-09-02,USD,NPR,buy,72.2
2000-09-02,USD,NPR,sell,72.9
2000-09-03,AUD,NPR,buy,41.53
2000-09-03,AUD,NPR,sell,41.93
2000-09-03,CAD,NPR,buy,49
2000-09-03,CAD,NPR,sell,49.48
2000-09-03,CHF,NPR,buy,41.54
2000-09-03,CHF,NPR,sell,41.95
2000-09-03,DKK,NPR,buy,8.62
2000-09-03,EUR,NPR,buy,64.32
2000-09-03,EUR,NPR,sell,64.94
2000-09-03,GBP,NPR,buy,104.88
2000-09-03,GBP,NPR,sell,105.9
2000-09-03,HKD,NPR,buy,9.26
2000-09-03,INR,NPR,buy,1.6
2000-09-03,INR,NPR,sell,1.6015000000000001
2000-09-03,JPY,NPR,buy,0.678
2000-09-03,JPY,NPR,sell,0.6849999999999999
2000-09-03,QAR,NPR,buy,19.83
2000-09-03,SAR,NPR,buy,19.25
2000-09-03,SEK,NPR,buy,7.68
2000-09-03,SGD,NPR,buy,41.96
2000-09-03,SGD,NPR,sell,42.37
2000-09-03,USD,NPR,buy,72.2
2000-09-03,USD,NPR,sell,72.9
2000-09-04,AUD,NPR,buy,41.53
2000-09-04,AUD,NPR,sell,41.93
2000-09-04,CAD,NPR,buy,49
2000-09-04,CAD,NPR,sell,49.48
2000-09-04,CHF,NPR,buy,41.54
2000-09-04,CHF,NPR,sell,41.95
2000-09-04,DKK,NPR,buy,8.62
2000-09-04,EUR,NPR,buy,64.32
2000-09-04,EUR,NPR,sell,64.94
2000-09-04,GBP,NPR,buy,104.88
2000-09-04,GBP,NPR,sell,105.9
2000-09-04,HKD,NPR,buy,9.26
2000-09-04,INR,NPR,buy,1.6
2000-09-04,INR,NPR,sell,1.6015000000000001
2000-09-04,JPY,NPR,buy,0.678
2000-09-04,JPY,NPR,sell,0.6849999999999999
2000-09-04,QAR,NPR,buy,19.83
2000-09-04,SAR,NPR,buy,19.25
2000-09-04,SEK,NPR,buy,7.68
2000-09-04,SGD,NPR,buy,41.96
2000-09-04,SGD,NPR,sell,42.37
2000-09-04,USD,NPR,buy,72.2
2000-09-04,USD,NPR,sell,72.9
2000-09-05,AUD,NPR,buy,41.64
2000-09-05,AUD,NPR,sell,42.05
2000-09-05,CAD,NPR,buy,49.03
2000-09-05,CAD,NPR,sell,49.5
2000-09-05,CHF,NPR,buy,41.93
2000-09-05,CHF,NPR,sell,42.33
2000-09-05,DKK,NPR,buy,8.73
2000-09-05,EUR,NPR,buy,65.12
2000-09-05,EUR,NPR,sell,65.76
2000-09-05,GBP,NPR,buy,105.72
2000-09-05,GBP,NPR,sell,106.74
2000-09-05,HKD,NPR,buy,9.26
2000-09-05,INR,NPR,buy,1.6
2000-09-05,INR,NPR,sell,1.6015000000000001
2000-09-05,JPY,NPR,buy,0.683
2000-09-05,JPY,NPR,sell,0.689
2000-09-05,QAR,NPR,buy,19.83
2000-09-05,SAR,NPR,buy,19.25
2000-09-05,SEK,NPR,buy,7.76
2000-09-05,SGD,NPR,buy,41.92
2000-09-05,SGD,NPR,sell,42.32
2000-09-05,USD,NPR,buy,72.2
2000-09-05,USD,NPR,sell,72.9
2000-09-06,AUD,NPR,buy,41.44
2000-09-06,AUD,NPR,sell,41.84
2000-09-06,CAD,NPR,buy,48.99
2000-09-06,CAD,NPR,sell,49.47
2000-09-06,CHF,NPR,buy,41.71
2000-09-06,CHF,NPR,sell,42.12
2000-09-06,DKK,NPR,buy,8.67
2000-09-06,EUR,NPR,buy,64.7
2000-09-06,EUR,NPR,sell,65.33
2000-09-06,GBP,NPR,buy,104.98
2000-09-06,GBP,NPR,sell,106
2000-09-06,HKD,NPR,buy,9.26
2000-09-06,INR,NPR,buy,1.6
2000-09-06,INR,NPR,sell,1.6015000000000001
2000-09-06,JPY,NPR,buy,0.679
2000-09-06,JPY,NPR,sell,0.686
2000-09-06,QAR,NPR,buy,19.83
2000-09-06,SAR,NPR,buy,19.25
2000-09-06,SEK,NPR,buy,7.72
2000-09-06,SGD,NPR,buy,41.78
2000-09-06,SGD,NPR,sell,42.19
2000-09-06,USD,NPR,buy,72.2
2000-09-06,USD,NPR,sell,72.9
2000-09-07,AUD,NPR,buy,40.97
2000-09-07,AUD,NPR,sell,41.37
2000-09-07,CAD,NPR,buy,48.85
2000-09-07,CAD,NPR,sell,49.33
2000-09-07,CHF,NPR,buy,41.1
2000-09-07,CHF,NPR,sell,41.49
2000-09-07,DKK,NPR,buy,8.54
2000-09-07,EUR,NPR,buy,63.74
2000-09-07,EUR,NPR,sell,64.36
2000-09-07,GBP,NPR,buy,104.7
2000-09-07,GBP,NPR,sell,105.71
2000-09-07,HKD,NPR,buy,9.26
2000-09-07,INR,NPR,buy,1.6
2000-09-07,INR,NPR,sell,1.6015000000000001
2000-09-07,JPY,NPR,buy,0.6809999999999999
2000-09-07,JPY,NPR,sell,0.688
2000-09-07,QAR,NPR,buy,19.83
2000-09-07,SAR,NPR,buy,19.25
2000-09-07,SEK,NPR,buy,7.59
2000-09-07,SGD,NPR,buy,41.76
2000-09-07,SGD,NPR,sell,42.17
2000-09-07,USD,NPR,buy,72.2
2000-09-07,USD,NPR,sell,72.9
2000-09-08,AUD,NPR,buy,40.65
2000-09-08,AUD,NPR,sell,41.04
2000-09-08,CAD,NPR,buy,48.76
2000-09-08,CAD,NPR,sell,49.24
2000-09-08,CHF,NPR,buy,40.47
2000-09-08,CHF,NPR,sell,40.87
2000-09-08,DKK,NPR,buy,8.39
2000-09-08,EUR,NPR,buy,62.3
2000-09-08,EUR,NPR,sell,63.21
2000-09-08,GBP,NPR,buy,103.77
2000-09-08,GBP,NPR,sell,104.78
2000-09-08,HKD,NPR,buy,9.26
2000-09-08,INR,NPR,buy,1.6
2000-09-08,INR,NPR,sell,1.6015000000000001
2000-09-08,JPY,NPR,buy,0.6799999999999999
2000-09-08,JPY,NPR,sell,0.687
2000-09-08,QAR,NPR,buy,19.83
2000-09-08,SAR,NPR,buy,19.25
2000-09-08,SEK,NPR,buy,7.5
2000-09-08,SGD,NPR,buy,41.68
2000-09-08,SGD,NPR,sell,42.09
2000-09-08,USD,NPR,buy,72.2
2000-09-08,USD,NPR,sell,72.9
2000-09-09,AUD,NPR,buy,40.26
2000-09-09,AUD,NPR,sell,40.65
2000-09-09,CAD,NPR,buy,48.89
2000-09-09,CAD,NPR,sell,49.37
2000-09-09,CHF,NPR,buy,40.68
2000-09-09,CHF,NPR,sell,41.08
2000-09-09,DKK,NPR,buy,8.44
2000-09-09,EUR,NPR,buy,62.97
2000-09-09,EUR,NPR,sell,63.58
2000-09-09,GBP,NPR,buy,103.79
2000-09-09,GBP,NPR,sell,104.79
2000-09-09,HKD,NPR,buy,9.26
2000-09-09,INR,NPR,buy,1.6
2000-09-09,INR,NPR,sell,1.6015000000000001
2000-09-09,JPY,NPR,buy,0.686
2000-09-09,JPY,NPR,sell,0.692
2000-09-09,QAR,NPR,buy,19.83
2000-09-09,SAR,NPR,buy,19.25
2000-09-09,SEK,NPR,buy,7.55
2000-09-09,SGD,NPR,buy,41.67
2000-09-09,SGD,NPR,sell,42.07
2000-09-09,USD,NPR,buy,72.2
2000-09-09,USD,NPR,sell,72.9
2000-09-10,AUD,NPR,buy,40.26
2000-09-10,AUD,NPR,sell,40.65
2000-09-10,CAD,NPR,buy,48.89
2000-09-10,CAD,NPR,sell,49.37
2000-09-10,CHF,NPR,buy,40.68
2000-09-10,CHF,NPR,sell,41.08
2000-09-10,DKK,NPR,buy,8.44
2000-09-10,EUR,NPR,buy,62.97
2000-09-10,EUR,NPR,sell,63.58
2000-09-10,GBP,NPR,buy,103.79
2000-09-10,GBP,NPR,sell,104.79
2000-09-10,HKD,NPR,buy,9.26
2000-09-10,INR,NPR,buy,1.6
2000-09-10,INR,NPR,sell,1.6015000000000001
2000-09-10,JPY,NPR,buy,0.686
2000-09-10,JPY,NPR,sell,0.692
2000-09-10,QAR,NPR,buy,19.83
2000-09-10,SAR,NPR,buy,19.25
2000-09-10,SEK,NPR,buy,7.55
2000-09-10,SGD,NPR,buy,41.67
2000-09-10,SGD,NPR,sell,42.07
2000-09-10,USD,NPR,buy,72.2
2000-09-10,USD,NPR,sell,72.9
2000-09-11,AUD,NPR,buy,40.26
2000-09-11,AUD,NPR,sell,40.65
2000-09-11,CAD,NPR,buy,48.89
2000-09-11,CAD,NPR,sell,49.37
2000-09-11,CHF,NPR,buy,40.68
2000-09-11,CHF,NPR,sell,41.08
2000-09-11,DKK,NPR,buy,8.44
2000-09-11,EUR,NPR,buy,62.97
2000-09-11,EUR,NPR,sell,63.58
2000-09-11,GBP,NPR,buy,103.79
2000-09-11,GBP,NPR,sell,104.79
2000-09-11,HKD,NPR,buy,9.26
2000-09-11,INR,NPR,buy,1.6
2000-09-11,INR,NPR,sell,1.6015000000000001
2000-09-11,JPY,NPR,buy,0.686
2000-09-11,JPY,NPR,sell,0.692
2000-09-11,QAR,NPR,buy,19.83
2000-09-11,SAR,NPR,buy,19.25
2000-09-11,SEK,NPR,buy,7.55
2000-09-11,SGD,NPR,buy,41.67
2000-09-11,SGD,NPR,sell,42.07
2000-09-11,USD,NPR,buy,72.2
2000-09-11,USD,NPR,sell,72.9
2000-09-12,AUD,NPR,buy,40.32
2000-09-12,AUD,NPR,sell,40.71
2000-09-12,CAD,NPR,buy,48.88
2000-09-12,CAD,NPR,sell,49.36
2000-09-12,CHF,NPR,buy,40.59
2000-09-12,CHF,NPR,sell,40.98
2000-09-12,DKK,NPR,buy,8.4
2000-09-12,EUR,NPR,buy,62.69
2000-09-12,EUR,NPR,sell,63.3
2000-09-12,GBP,NPR,buy,102.63
2000-09-12,GBP,NPR,sell,103.62
2000-09-12,HKD,NPR,buy,9.26
2000-09-12,INR,NPR,buy,1.6
2000-09-12,INR,NPR,sell,1.6015000000000001
2000-09-12,JPY,NPR,buy,0.6799999999999999
2000-09-12,JPY,NPR,sell,0.687
2000-09-12,QAR,NPR,buy,19.83
2000-09-12,SAR,NPR,buy,19.25
2000-09-12,SEK,NPR,buy,7.49
2000-09-12,SGD,NPR,buy,41.56
2000-09-12,SGD,NPR,sell,41.96
2000-09-12,USD,NPR,buy,72.2
2000-09-12,USD,NPR,sell,72.9
2000-09-13,AUD,NPR,buy,40.25
2000-09-13,AUD,NPR,sell,40.64
2000-09-13,CAD,NPR,buy,48.75
2000-09-13,CAD,NPR,sell,49.23
2000-09-13,CHF,NPR,buy,40.74
2000-09-13,CHF,NPR,sell,41.13
2000-09-13,DKK,NPR,buy,8.3
2000-09-13,EUR,NPR,buy,61.95
2000-09-13,EUR,NPR,sell,62.55
2000-09-13,GBP,NPR,buy,100.83
2000-09-13,GBP,NPR,sell,101.8
2000-09-13,HKD,NPR,buy,9.26
2000-09-13,INR,NPR,buy,1.6
2000-09-13,INR,NPR,sell,1.6015000000000001
2000-09-13,JPY,NPR,buy,0.679
2000-09-13,JPY,NPR,sell,0.686
2000-09-13,QAR,NPR,buy,19.83
2000-09-13,SAR,NPR,buy,19.25
2000-09-13,SEK,NPR,buy,7.39
2000-09-13,SGD,NPR,buy,41.53
2000-09-13,SGD,NPR,sell,41.93
2000-09-13,USD,NPR,buy,72.2
2000-09-13,USD,NPR,sell,72.9
2000-09-14,AUD,NPR,buy,40.17
2000-09-14,AUD,NPR,sell,40.56
2000-09-14,CAD,NPR,buy,48.78
2000-09-14,CAD,NPR,sell,49.25
2000-09-14,CHF,NPR,buy,40.94
2000-09-14,CHF,NPR,sell,41.33
2000-09-14,DKK,NPR,buy,8.38
2000-09-14,EUR,NPR,buy,62.54
2000-09-14,EUR,NPR,sell,63.15
2000-09-14,GBP,NPR,buy,101.62
2000-09-14,GBP,NPR,sell,102.61
2000-09-14,HKD,NPR,buy,9.26
2000-09-14,INR,NPR,buy,1.6
2000-09-14,INR,NPR,sell,1.6015000000000001
2000-09-14,JPY,NPR,buy,0.674
2000-09-14,JPY,NPR,sell,0.6809999999999999
2000-09-14,QAR,NPR,buy,19.83
2000-09-14,SAR,NPR,buy,19.25
2000-09-14,SEK,NPR,buy,7.43
2000-09-14,SGD,NPR,buy,41.39
2000-09-14,SGD,NPR,sell,41.79
2000-09-14,USD,NPR,buy,72.2
2000-09-14,USD,NPR,sell,72.9
2000-09-15,AUD,NPR,buy,39.69
2000-09-15,AUD,NPR,sell,40.07
2000-09-15,CAD,NPR,buy,48.57
2000-09-15,CAD,NPR,sell,49.04
2000-09-15,CHF,NPR,buy,40.79
2000-09-15,CHF,NPR,sell,41.18
2000-09-15,DKK,NPR,buy,8.31
2000-09-15,EUR,NPR,buy,62.04
2000-09-15,EUR,NPR,sell,62.64
2000-09-15,GBP,NPR,buy,101.45
2000-09-15,GBP,NPR,sell,102.43
2000-09-15,HKD,NPR,buy,9.26
2000-09-15,INR,NPR,buy,1.6
2000-09-15,INR,NPR,sell,1.6015000000000001
2000-09-15,JPY,NPR,buy,0.674
2000-09-15,JPY,NPR,sell,0.6809999999999999
2000-09-15,QAR,NPR,buy,19.83
2000-09-15,SAR,NPR,buy,19.25
2000-09-15,SEK,NPR,buy,7.4
2000-09-15,SGD,NPR,buy,41.41
2000-09-15,SGD,NPR,sell,41.81
2000-09-15,USD,NPR,buy,72.2
2000-09-15,USD,NPR,sell,72.9
2000-09-16,AUD,NPR,buy,39.7
2000-09-16,AUD,NPR,sell,40.08
2000-09-16,CAD,NPR,buy,48.51
2000-09-16,CAD,NPR,sell,48.98
2000-09-16,CHF,NPR,buy,40.82
2000-09-16,CHF,NPR,sell,41.22
2000-09-16,DKK,NPR,buy,8.37
2000-09-16,EUR,NPR,buy,62.53
2000-09-16,EUR,NPR,sell,63.14
2000-09-16,GBP,NPR,buy,101.76
2000-09-16,GBP,NPR,sell,102.75
2000-09-16,HKD,NPR,buy,9.26
2000-09-16,INR,NPR,buy,1.6
2000-09-16,INR,NPR,sell,1.6015000000000001
2000-09-16,JPY,NPR,buy,0.6719999999999999
2000-09-16,JPY,NPR,sell,0.678
2000-09-16,QAR,NPR,buy,19.83
2000-09-16,SAR,NPR,buy,19.25
2000-09-16,SEK,NPR,buy,7.43
2000-09-16,SGD,NPR,buy,41.49
2000-09-16,SGD,NPR,sell,41.89
2000-09-16,USD,NPR,buy,72.2
2000-09-16,USD,NPR,sell,72.9
2000-09-17,AUD,NPR,buy,39.7
2000-09-17,AUD,NPR,sell,40.08
2000-09-17,CAD,NPR,buy,48.51
2000-09-17,CAD,NPR,sell,48.98
2000-09-17,CHF,NPR,buy,40.82
2000-09-17,CHF,NPR,sell,41.22
2000-09-17,DKK,NPR,buy,8.37
2000-09-17,EUR,NPR,buy,62.53
2000-09-17,EUR,NPR,sell,63.14
2000-09-17,GBP,NPR,buy,101.76
2000-09-17,GBP,NPR,sell,102.75
2000-09-17,HKD,NPR,buy,9.26
2000-09-17,INR,NPR,buy,1.6
2000-09-17,INR,NPR,sell,1.6015000000000001
2000-09-17,JPY,NPR,buy,0.6719999999999999
2000-09-17,JPY,NPR,sell,0.678
2000-09-17,QAR,NPR,buy,19.83
2000-09-17,SAR,NPR,buy,19.25
2000-09-17,SEK,NPR,buy,7.43
2000-09-17,SGD,NPR,buy,41.49
2000-09-17,SGD,NPR,sell,41.89
2000-09-17,USD,NPR,buy,72.2
2000-09-17,USD,NPR,sell,72.9
2000-09-18,AUD,NPR,buy,39.7
2000-09-18,AUD,NPR,sell,40.08
2000-09-18,CAD,NPR,buy,48.51
2000-09-18,CAD,NPR,sell,48.98
2000-09-18,CHF,NPR,buy,40.82
2000-09-18,CHF,NPR,sell,41.22
2000-09-18,DKK,NPR,buy,8.37
2000-09-18,EUR,NPR,buy,62.53
2000-09-18,EUR,NPR,sell,63.14
2000-09-18,GBP,NPR,buy,101.76
2000-09-18,GBP,NPR,sell,102.75
2000-09-18,HKD,NPR,buy,9.26
2000-09-18,INR,NPR,buy,1.6
2000-09-18,INR,NPR,sell,1.6015000000000001
2000-09-18,JPY,NPR,buy,0.6719999999999999
2000-09-18,JPY,NPR,sell,0.678
2000-09-18,QAR,NPR,buy,19.83
2000-09-18,SAR,NPR,buy,19.25
2000-09-18,SEK,NPR,buy,7.43
2000-09-18,SGD,NPR,buy,41.49
2000-09-18,SGD,NPR,sell,41.89
2000-09-18,USD,NPR,buy,72.2
2000-09-18,USD,NPR,sell,72.9
2000-09-19,AUD,NPR,buy,39.28
2000-09-19,AUD,NPR,sell,39.66
2000-09-19,CAD,NPR,buy,48.63
2000-09-19,CAD,NPR,sell,49.1
2000-09-19,CHF,NPR,buy,40.43
2000-09-19,CHF,NPR,sell,40.82
2000-09-19,DKK,NPR,buy,8.25
2000-09-19,EUR,NPR,buy,61.64
2000-09-19,EUR,NPR,sell,62.23
2000-09-19,GBP,NPR,buy,100.94
2000-09-19,GBP,NPR,sell,101.91
2000-09-19,HKD,NPR,buy,9.26
2000-09-19,INR,NPR,buy,1.6
2000-09-19,INR,NPR,sell,1.6015000000000001
2000-09-19,JPY,NPR,buy,0.675
2000-09-19,JPY,NPR,sell,0.6809999999999999
2000-09-19,QAR,NPR,buy,19.83
2000-09-19,SAR,NPR,buy,19.25
2000-09-19,SEK,NPR,buy,7.35
2000-09-19,SGD,NPR,buy,41.31
2000-09-19,SGD,NPR,sell,41.71
2000-09-19,USD,NPR,buy,72.2
2000-09-19,USD,NPR,sell,72.9
2000-09-20,AUD,NPR,buy,39.35
2000-09-20,AUD,NPR,sell,39.73
2000-09-20,CAD,NPR,buy,48.74
2000-09-20,CAD,NPR,sell,49.21
2000-09-20,CHF,NPR,buy,40.69
2000-09-20,CHF,NPR,sell,41.09
2000-09-20,DKK,NPR,buy,8.28
2000-09-20,EUR,NPR,buy,61.84
2000-09-20,EUR,NPR,sell,62.43
2000-09-20,GBP,NPR,buy,101.63
2000-09-20,GBP,NPR,sell,102.61
2000-09-20,HKD,NPR,buy,9.3
2000-09-20,INR,NPR,buy,1.6
2000-09-20,INR,NPR,sell,1.6015000000000001
2000-09-20,JPY,NPR,buy,0.679
2000-09-20,JPY,NPR,sell,0.6849999999999999
2000-09-20,QAR,NPR,buy,19.91
2000-09-20,SAR,NPR,buy,19.33
2000-09-20,SEK,NPR,buy,7.37
2000-09-20,SGD,NPR,buy,41.55
2000-09-20,SGD,NPR,sell,41.95
2000-09-20,USD,NPR,buy,72.5
2000-09-20,USD,NPR,sell,73.2
2000-09-21,AUD,NPR,buy,39.29
2000-09-21,AUD,NPR,sell,39.67
2000-09-21,CAD,NPR,buy,49.17
2000-09-21,CAD,NPR,sell,49.64
2000-09-21,CHF,NPR,buy,41.01
2000-09-21,CHF,NPR,sell,41.4
2000-09-21,DKK,NPR,buy,8.29
2000-09-21,EUR,NPR,buy,61.91
2000-09-21,EUR,NPR,sell,62.51
2000-09-21,GBP,NPR,buy,102.74
2000-09-21,GBP,NPR,sell,103.72
2000-09-21,HKD,NPR,buy,9.35
2000-09-21,INR,NPR,buy,1.6
2000-09-21,INR,NPR,sell,1.6015000000000001
2000-09-21,JPY,NPR,buy,0.683
2000-09-21,JPY,NPR,sell,0.6900000000000001
2000-09-21,QAR,NPR,buy,20.02
2000-09-21,SAR,NPR,buy,19.43
2000-09-21,SEK,NPR,buy,7.39
2000-09-21,SGD,NPR,buy,41.77
2000-09-21,SGD,NPR,sell,42.17
2000-09-21,USD,NPR,buy,72.9
2000-09-21,USD,NPR,sell,73.6
2000-09-22,AUD,NPR,buy,39.31
2000-09-22,AUD,NPR,sell,39.69
2000-09-22,CAD,NPR,buy,49.15
2000-09-22,CAD,NPR,sell,49.62
2000-09-22,CHF,NPR,buy,41.11
2000-09-22,CHF,NPR,sell,41.5
2000-09-22,DKK,NPR,buy,8.32
2000-09-22,EUR,NPR,buy,62.15
2000-09-22,EUR,NPR,sell,62.74
2000-09-22,GBP,NPR,buy,103.17
2000-09-22,GBP,NPR,sell,104.16
2000-09-22,HKD,NPR,buy,9.35
2000-09-22,INR,NPR,buy,1.6
2000-09-22,INR,NPR,sell,1.6015000000000001
2000-09-22,JPY,NPR,buy,0.6839999999999999
2000-09-22,JPY,NPR,sell,0.6900000000000001
2000-09-22,QAR,NPR,buy,20.02
2000-09-22,SAR,NPR,buy,19.43
2000-09-22,SEK,NPR,buy,7.42
2000-09-22,SGD,NPR,buy,41.73
2000-09-22,SGD,NPR,sell,42.13
2000-09-22,USD,NPR,buy,72.9
2000-09-22,USD,NPR,sell,73.6
2000-09-23,AUD,NPR,buy,39.88
2000-09-23,AUD,NPR,sell,40.27
2000-09-23,CAD,NPR,buy,48.99
2000-09-23,CAD,NPR,sell,49.46
2000-09-23,CHF,NPR,buy,41.22
2000-09-23,CHF,NPR,sell,41.61
2000-09-23,DKK,NPR,buy,8.39
2000-09-23,EUR,NPR,buy,62.57
2000-09-23,EUR,NPR,sell,63.17
2000-09-23,GBP,NPR,buy,105.36
2000-09-23,GBP,NPR,sell,106.37
2000-09-23,HKD,NPR,buy,9.35
2000-09-23,INR,NPR,buy,1.6
2000-09-23,INR,NPR,sell,1.6015000000000001
2000-09-23,JPY,NPR,buy,0.682
2000-09-23,JPY,NPR,sell,0.689
2000-09-23,QAR,NPR,buy,20.03
2000-09-23,SAR,NPR,buy,19.43
2000-09-23,SEK,NPR,buy,7.43
2000-09-23,SGD,NPR,buy,41.68
2000-09-23,SGD,NPR,sell,42.08
2000-09-23,USD,NPR,buy,72.9
2000-09-23,USD,NPR,sell,73.6
2000-09-24,AUD,NPR,buy,39.88
2000-09-24,AUD,NPR,sell,40.27
2000-09-24,CAD,NPR,buy,48.99
2000-09-24,CAD,NPR,sell,49.46
2000-09-24,CHF,NPR,buy,41.22
2000-09-24,CHF,NPR,sell,41.61
2000-09-24,DKK,NPR,buy,8.39
2000-09-24,EUR,NPR,buy,62.57
2000-09-24,EUR,NPR,sell,63.17
2000-09-24,GBP,NPR,buy,105.36
2000-09-24,GBP,NPR,sell,106.37
2000-09-24,HKD,NPR,buy,9.35
2000-09-24,INR,NPR,buy,1.6
2000-09-24,INR,NPR,sell,1.6015000000000001
2000-09-24,JPY,NPR,buy,0.682
2000-09-24,JPY,NPR,sell,0.689
2000-09-24,QAR,NPR,buy,20.03
2000-09-24,SAR,NPR,buy,19.43
2000-09-24,SEK,NPR,buy,7.43
2000-09-24,SGD,NPR,buy,41.68
2000-09-24,SGD,NPR,sell,42.08
2000-09-24,USD,NPR,buy,72.9
2000-09-24,USD,NPR,sell,73.6
2000-09-25,AUD,NPR,buy,39.88
2000-09-25,AUD,NPR,sell,40.27
2000-09-25,CAD,NPR,buy,48.99
2000-09-25,CAD,NPR,sell,49.46
2000-09-25,CHF,NPR,buy,41.22
2000-09-25,CHF,NPR,sell,41.61
2000-09-25,DKK,NPR,buy,8.39
2000-09-25,EUR,NPR,buy,62.57
2000-09-25,EUR,NPR,sell,63.17
2000-09-25,GBP,NPR,buy,105.36
2000-09-25,GBP,NPR,sell,106.37
2000-09-25,HKD,NPR,buy,9.35
2000-09-25,INR,NPR,buy,1.6
2000-09-25,INR,NPR,sell,1.6015000000000001
2000-09-25,JPY,NPR,buy,0.682
2000-09-25,JPY,NPR,sell,0.689
2000-09-25,QAR,NPR,buy,20.03
2000-09-25,SAR,NPR,buy,19.43
2000-09-25,SEK,NPR,buy,7.43
2000-09-25,SGD,NPR,buy,41.68
2000-09-25,SGD,NPR,sell,42.08
2000-09-25,USD,NPR,buy,72.9
2000-09-25,USD,NPR,sell,73.6
2000-09-26,AUD,NPR,buy,39.75
2000-09-26,AUD,NPR,sell,40.13
2000-09-26,CAD,NPR,buy,48.99
2000-09-26,CAD,NPR,sell,49.46
2000-09-26,CHF,NPR,buy,42.03
2000-09-26,CHF,NPR,sell,42.43
2000-09-26,DKK,NPR,buy,8.58
2000-09-26,EUR,NPR,buy,64
2000-09-26,EUR,NPR,sell,64.61
2000-09-26,GBP,NPR,buy,106.3
2000-09-26,GBP,NPR,sell,107.32
2000-09-26,HKD,NPR,buy,9.35
2000-09-26,INR,NPR,buy,1.6
2000-09-26,INR,NPR,sell,1.6015000000000001
2000-09-26,JPY,NPR,buy,0.6769999999999999
2000-09-26,JPY,NPR,sell,0.6839999999999999
2000-09-26,QAR,NPR,buy,20.03
2000-09-26,SAR,NPR,buy,19.43
2000-09-26,SEK,NPR,buy,7.56
2000-09-26,SGD,NPR,buy,41.72
2000-09-26,SGD,NPR,sell,42.12
2000-09-26,USD,NPR,buy,72.9
2000-09-26,USD,NPR,sell,73.6
2000-09-27,AUD,NPR,buy,40.06
2000-09-27,AUD,NPR,sell,40.44
2000-09-27,CAD,NPR,buy,49
2000-09-27,CAD,NPR,sell,49.47
2000-09-27,CHF,NPR,buy,42.03
2000-09-27,CHF,NPR,sell,42.44
2000-09-27,DKK,NPR,buy,8.55
2000-09-27,EUR,NPR,buy,63.81
2000-09-27,EUR,NPR,sell,64.42
2000-09-27,GBP,NPR,buy,106.08
2000-09-27,GBP,NPR,sell,107.1
2000-09-27,HKD,NPR,buy,9.35
2000-09-27,INR,NPR,buy,1.6
2000-09-27,INR,NPR,sell,1.6015000000000001
2000-09-27,JPY,NPR,buy,0.679
2000-09-27,JPY,NPR,sell,0.686
2000-09-27,QAR,NPR,buy,20.03
2000-09-27,SAR,NPR,buy,19.43
2000-09-27,SEK,NPR,buy,7.54
2000-09-27,SGD,NPR,buy,41.78
2000-09-27,SGD,NPR,sell,42.18
2000-09-27,USD,NPR,buy,72.9
2000-09-27,USD,NPR,sell,73.6
2000-09-28,AUD,NPR,buy,39.97
2000-09-28,AUD,NPR,sell,40.35
2000-09-28,CAD,NPR,buy,49.01
2000-09-28,CAD,NPR,sell,49.48
2000-09-28,CHF,NPR,buy,42.29
2000-09-28,CHF,NPR,sell,42.69
2000-09-28,DKK,NPR,buy,8.63
2000-09-28,EUR,NPR,buy,64.42
2000-09-28,EUR,NPR,sell,65.04
2000-09-28,GBP,NPR,buy,106.65
2000-09-28,GBP,NPR,sell,107.68
2000-09-28,HKD,NPR,buy,9.35
2000-09-28,INR,NPR,buy,1.6
2000-09-28,INR,NPR,sell,1.6015000000000001
2000-09-28,JPY,NPR,buy,0.6769999999999999
2000-09-28,JPY,NPR,sell,0.683
2000-09-28,QAR,NPR,buy,20.03
2000-09-28,SAR,NPR,buy,19.43
2000-09-28,SEK,NPR,buy,7.58
2000-09-28,SGD,NPR,buy,41.88
2000-09-28,SGD,NPR,sell,42.28
2000-09-28,USD,NPR,buy,72.9
2000-09-28,USD,NPR,sell,73.6
2000-09-29,AUD,NPR,buy,40.06
2000-09-29,AUD,NPR,sell,40.44
2000-09-29,CAD,NPR,buy,48.69
2000-09-29,CAD,NPR,sell,49.16
2000-09-29,CHF,NPR,buy,42.2
2000-09-29,CHF,NPR,sell,42.6
2000-09-29,DKK,NPR,buy,8.63
2000-09-29,EUR,NPR,buy,64.36
2000-09-29,EUR,NPR,sell,64.98
2000-09-29,GBP,NPR,buy,106.75
2000-09-29,GBP,NPR,sell,107.77
2000-09-29,HKD,NPR,buy,9.35
2000-09-29,INR,NPR,buy,1.6
2000-09-29,INR,NPR,sell,1.6015000000000001
2000-09-29,JPY,NPR,buy,0.678
2000-09-29,JPY,NPR,sell,0.6849999999999999
2000-09-29,QAR,NPR,buy,20.03
2000-09-29,SAR,NPR,buy,19.43
2000-09-29,SEK,NPR,buy,7.55
2000-09-29,SGD,NPR,buy,41.81
2000-09-29,SGD,NPR,sell,42.21
2000-09-29,USD,NPR,buy,72.9
2000-09-29,USD,NPR,sell,73.6
2000-09-30,AUD,NPR,buy,39.58
2000-09-30,AUD,NPR,sell,39.96
2000-09-30,CAD,NPR,buy,48.59
2000-09-30,CAD,NPR,sell,49.05
2000-09-30,CHF,NPR,buy,42.09
2000-09-30,CHF,NPR,sell,42.49
2000-09-30,DKK,NPR,buy,8.6
2000-09-30,EUR,NPR,buy,64.14
2000-09-30,EUR,NPR,sell,64.75
2000-09-30,GBP,NPR,buy,106.59
2000-09-30,GBP,NPR,sell,107.62
2000-09-30,HKD,NPR,buy,9.35
2000-09-30,INR,NPR,buy,1.6
2000-09-30,INR,NPR,sell,1.6015000000000001
2000-09-30,JPY,NPR,buy,0.6769999999999999
2000-09-30,JPY,NPR,sell,0.6839999999999999
2000-09-30,QAR,NPR,buy,20.02
2000-09-30,SAR,NPR,buy,19.44
2000-09-30,SEK,NPR,buy,7.53
2000-09-30,SGD,NPR,buy,41.87
2000-09-30,SGD,NPR,sell,42.27
2000-09-30,USD,NPR,buy,72.9
2000-09-30,USD,NPR,sell,73.6
2000-10-01,AUD,NPR,buy,39.58
2000-10-01,AUD,NPR,sell,39.96
2000-10-01,CAD,NPR,buy,48.59
2000-10-01,CAD,NPR,sell,49.05
2000-10-01,CHF,NPR,buy,42.09
2000-10-01,CHF,NPR,sell,42.49
2000-10-01,DKK,NPR,buy,8.6
2000-10-01,EUR,NPR,buy,64.14
2000-10-01,EUR,NPR,sell,64.75
2000-10-01,GBP,NPR,buy,106.59
2000-10-01,GBP,NPR,sell,107.62
2000-10-01,HKD,NPR,buy,9.35
2000-10-01,INR,NPR,buy,1.6
2000-10-01,INR,NPR,sell,1.6015000000000001
2000-10-01,JPY,NPR,buy,0.6769999999999999
2000-10-01,JPY,NPR,sell,0.6839999999999999
2000-10-01,QAR,NPR,buy,20.02
2000-10-01,SAR,NPR,buy,19.44
2000-10-01,SEK,NPR,buy,7.53
2000-10-01,SGD,NPR,buy,41.87
2000-10-01,SGD,NPR,sell,42.27
2000-10-01,USD,NPR,buy,72.9
2000-10-01,USD,NPR,sell,73.6
2000-10-02,AUD,NPR,buy,39.58
2000-10-02,AUD,NPR,sell,39.96
2000-10-02,CAD,NPR,buy,48.59
2000-10-02,CAD,NPR,sell,49.05
2000-10-02,CHF,NPR,buy,42.09
2000-10-02,CHF,NPR,sell,42.49
2000-10-02,DKK,NPR,buy,8.6
2000-10-02,EUR,NPR,buy,64.14
2000-10-02,EUR,NPR,sell,64.75
2000-10-02,GBP,NPR,buy,106.59
2000-10-02,GBP,NPR,sell,107.62
2000-10-02,HKD,NPR,buy,9.35
2000-10-02,INR,NPR,buy,1.6
2000-10-02,INR,NPR,sell,1.6015000000000001
2000-10-02,JPY,NPR,buy,0.6769999999999999
2000-10-02,JPY,NPR,sell,0.6839999999999999
2000-10-02,QAR,NPR,buy,20.02
2000-10-02,SAR,NPR,buy,19.44
2000-10-02,SEK,NPR,buy,7.53
2000-10-02,SGD,NPR,buy,41.87
2000-10-02,SGD,NPR,sell,42.27
2000-10-02,USD,NPR,buy,72.9
2000-10-02,USD,NPR,sell,73.6
2000-10-03,AUD,NPR,buy,39.43
2000-10-03,AUD,NPR,sell,39.81
2000-10-03,CAD,NPR,buy,48.45
2000-10-03,CAD,NPR,sell,48.92
2000-10-03,CHF,NPR,buy,42.32
2000-10-03,CHF,NPR,sell,42.73
2000-10-03,DKK,NPR,buy,8.65
2000-10-03,EUR,NPR,buy,64.55
2000-10-03,EUR,NPR,sell,65.17
2000-10-03,GBP,NPR,buy,107.67
2000-10-03,GBP,NPR,sell,108.7
2000-10-03,HKD,NPR,buy,9.35
2000-10-03,INR,NPR,buy,1.6
2000-10-03,INR,NPR,sell,1.6015000000000001
2000-10-03,JPY,NPR,buy,0.673
2000-10-03,JPY,NPR,sell,0.6799999999999999
2000-10-03,QAR,NPR,buy,20.02
2000-10-03,SAR,NPR,buy,19.44
2000-10-03,SEK,NPR,buy,7.57
2000-10-03,SGD,NPR,buy,41.9
2000-10-03,SGD,NPR,sell,42.3
2000-10-03,USD,NPR,buy,72.9
2000-10-03,USD,NPR,sell,73.6
2000-10-04,AUD,NPR,buy,39.63
2000-10-04,AUD,NPR,sell,40.01
2000-10-04,CAD,NPR,buy,48.34
2000-10-04,CAD,NPR,sell,48.81
2000-10-04,CHF,NPR,buy,42
2000-10-04,CHF,NPR,sell,42.41
2000-10-04,DKK,NPR,buy,8.58
2000-10-04,EUR,NPR,buy,63.93
2000-10-04,EUR,NPR,sell,64.55
2000-10-04,GBP,NPR,buy,106.7
2000-10-04,GBP,NPR,sell,107.72
2000-10-04,HKD,NPR,buy,9.35
2000-10-04,INR,NPR,buy,1.6
2000-10-04,INR,NPR,sell,1.6015000000000001
2000-10-04,JPY,NPR,buy,0.67
2000-10-04,JPY,NPR,sell,0.6759999999999999
2000-10-04,QAR,NPR,buy,20.02
2000-10-04,SAR,NPR,buy,19.44
2000-10-04,SEK,NPR,buy,7.5
2000-10-04,SGD,NPR,buy,41.8
2000-10-04,SGD,NPR,sell,42.2
2000-10-04,USD,NPR,buy,72.9
2000-10-04,USD,NPR,sell,73.6
2000-10-05,AUD,NPR,buy,39.08
2000-10-05,AUD,NPR,sell,39.46
2000-10-05,CAD,NPR,buy,48.52
2000-10-05,CAD,NPR,sell,48.99
2000-10-05,CHF,NPR,buy,42.16
2000-10-05,CHF,NPR,sell,42.57
2000-10-05,DKK,NPR,buy,8.57
2000-10-05,EUR,NPR,buy,63.87
2000-10-05,EUR,NPR,sell,64.48
2000-10-05,GBP,NPR,buy,106.2
2000-10-05,GBP,NPR,sell,107.22
2000-10-05,HKD,NPR,buy,9.35
2000-10-05,INR,NPR,buy,1.6
2000-10-05,INR,NPR,sell,1.6015000000000001
2000-10-05,JPY,NPR,buy,0.67
2000-10-05,JPY,NPR,sell,0.6759999999999999
2000-10-05,QAR,NPR,buy,20.02
2000-10-05,SAR,NPR,buy,19.43
2000-10-05,SEK,NPR,buy,7.44
2000-10-05,SGD,NPR,buy,41.71
2000-10-05,SGD,NPR,sell,42.11
2000-10-05,USD,NPR,buy,72.9
2000-10-05,USD,NPR,sell,73.6
2000-10-06,AUD,NPR,buy,39.13
2000-10-06,AUD,NPR,sell,39.5
2000-10-06,CAD,NPR,buy,48.71
2000-10-06,CAD,NPR,sell,49.18
2000-10-06,CHF,NPR,buy,41.98
2000-10-06,CHF,NPR,sell,42.39
2000-10-06,DKK,NPR,buy,8.56
2000-10-06,EUR,NPR,buy,63.75
2000-10-06,EUR,NPR,sell,64.36
2000-10-06,GBP,NPR,buy,106.38
2000-10-06,GBP,NPR,sell,107.4
2000-10-06,HKD,NPR,buy,9.35
2000-10-06,INR,NPR,buy,1.6
2000-10-06,INR,NPR,sell,1.6015000000000001
2000-10-06,JPY,NPR,buy,0.6679999999999999
2000-10-06,JPY,NPR,sell,0.674
2000-10-06,QAR,NPR,buy,20.02
2000-10-06,SAR,NPR,buy,19.44
2000-10-06,SEK,NPR,buy,7.45
2000-10-06,SGD,NPR,buy,41.64
2000-10-06,SGD,NPR,sell,42.04
2000-10-06,USD,NPR,buy,72.9
2000-10-06,USD,NPR,sell,73.6
2000-10-07,AUD,NPR,buy,38.76
2000-10-07,AUD,NPR,sell,39.13
2000-10-07,CAD,NPR,buy,48.67
2000-10-07,CAD,NPR,sell,49.13
2000-10-07,CHF,NPR,buy,41.7
2000-10-07,CHF,NPR,sell,42.1
2000-10-07,DKK,NPR,buy,8.52
2000-10-07,EUR,NPR,buy,63.5
2000-10-07,EUR,NPR,sell,64.11
2000-10-07,GBP,NPR,buy,105.49
2000-10-07,GBP,NPR,sell,106.51
2000-10-07,HKD,NPR,buy,9.35
2000-10-07,INR,NPR,buy,1.6
2000-10-07,INR,NPR,sell,1.6015000000000001
2000-10-07,JPY,NPR,buy,0.67
2000-10-07,JPY,NPR,sell,0.6759999999999999
2000-10-07,QAR,NPR,buy,20.02
2000-10-07,SAR,NPR,buy,19.43
2000-10-07,SEK,NPR,buy,7.44
2000-10-07,SGD,NPR,buy,41.7
2000-10-07,SGD,NPR,sell,42.11
2000-10-07,USD,NPR,buy,72.9
2000-10-07,USD,NPR,sell,73.6
2000-10-08,AUD,NPR,buy,38.76
2000-10-08,AUD,NPR,sell,39.13
2000-10-08,CAD,NPR,buy,48.67
2000-10-08,CAD,NPR,sell,49.13
2000-10-08,CHF,NPR,buy,41.7
2000-10-08,CHF,NPR,sell,42.1
2000-10-08,DKK,NPR,buy,8.52
2000-10-08,EUR,NPR,buy,63.5
2000-10-08,EUR,NPR,sell,64.11
2000-10-08,GBP,NPR,buy,105.49
2000-10-08,GBP,NPR,sell,106.51
2000-10-08,HKD,NPR,buy,9.35
2000-10-08,INR,NPR,buy,1.6
2000-10-08,INR,NPR,sell,1.6015000000000001
2000-10-08,JPY,NPR,buy,0.67
2000-10-08,JPY,NPR,sell,0.6759999999999999
2000-10-08,QAR,NPR,buy,20.02
2000-10-08,SAR,NPR,buy,19.43
2000-10-08,SEK,NPR,buy,7.44
2000-10-08,SGD,NPR,buy,41.7
2000-10-08,SGD,NPR,sell,42.11
2000-10-08,USD,NPR,buy,72.9
2000-10-08,USD,NPR,sell,73.6
2000-10-09,AUD,NPR,buy,38.76
2000-10-09,AUD,NPR,sell,39.13
2000-10-09,CAD,NPR,buy,48.67
2000-10-09,CAD,NPR,sell,49.13
2000-10-09,CHF,NPR,buy,41.7
2000-10-09,CHF,NPR,sell,42.1
2000-10-09,DKK,NPR,buy,8.52
2000-10-09,EUR,NPR,buy,63.5
2000-10-09,EUR,NPR,sell,64.11
2000-10-09,GBP,NPR,buy,105.49
2000-10-09,GBP,NPR,sell,106.51
2000-10-09,HKD,NPR,buy,9.35
2000-10-09,INR,NPR,buy,1.6
2000-10-09,INR,NPR,sell,1.6015000000000001
2000-10-09,JPY,NPR,buy,0.67
2000-10-09,JPY,NPR,sell,0.6759999999999999
2000-10-09,QAR,NPR,buy,20.02
2000-10-09,SAR,NPR,buy,19.43
2000-10-09,SEK,NPR,buy,7.44
2000-10-09,SGD,NPR,buy,41.7
2000-10-09,SGD,NPR,sell,42.11
2000-10-09,USD,NPR,buy,72.9
2000-10-09,USD,NPR,sell,73.6
2000-10-10,AUD,NPR,buy,38.93
2000-10-10,AUD,NPR,sell,39.3
2000-10-10,CAD,NPR,buy,48.5
2000-10-10,CAD,NPR,sell,48.97
2000-10-10,CHF,NPR,buy,41.7
2000-10-10,CHF,NPR,sell,42.11
2000-10-10,DKK,NPR,buy,8.51
2000-10-10,EUR,NPR,buy,63.4
2000-10-10,EUR,NPR,sell,64.01
2000-10-10,GBP,NPR,buy,105.53
2000-10-10,GBP,NPR,sell,106.54
2000-10-10,HKD,NPR,buy,9.35
2000-10-10,INR,NPR,buy,1.6
2000-10-10,INR,NPR,sell,1.6015000000000001
2000-10-10,JPY,NPR,buy,0.669
2000-10-10,JPY,NPR,sell,0.675
2000-10-10,QAR,NPR,buy,20.03
2000-10-10,SAR,NPR,buy,19.43
2000-10-10,SEK,NPR,buy,7.41
2000-10-10,SGD,NPR,buy,41.65
2000-10-10,SGD,NPR,sell,42.05
2000-10-10,USD,NPR,buy,72.9
2000-10-10,USD,NPR,sell,73.6
2000-10-11,AUD,NPR,buy,38.76
2000-10-11,AUD,NPR,sell,39.13
2000-10-11,CAD,NPR,buy,48.55
2000-10-11,CAD,NPR,sell,49.02
2000-10-11,CHF,NPR,buy,41.74
2000-10-11,CHF,NPR,sell,42.14
2000-10-11,DKK,NPR,buy,8.53
2000-10-11,EUR,NPR,buy,63.55
2000-10-11,EUR,NPR,sell,64.16
2000-10-11,GBP,NPR,buy,105.97
2000-10-11,GBP,NPR,sell,106.99
2000-10-11,HKD,NPR,buy,9.35
2000-10-11,INR,NPR,buy,1.6
2000-10-11,INR,NPR,sell,1.6015000000000001
2000-10-11,JPY,NPR,buy,0.6719999999999999
2000-10-11,JPY,NPR,sell,0.678
2000-10-11,QAR,NPR,buy,20.02
2000-10-11,SAR,NPR,buy,19.44
2000-10-11,SEK,NPR,buy,7.4
2000-10-11,SGD,NPR,buy,41.67
2000-10-11,SGD,NPR,sell,42.07
2000-10-11,USD,NPR,buy,72.9
2000-10-11,USD,NPR,sell,73.6
2000-10-12,AUD,NPR,buy,38.96
2000-10-12,AUD,NPR,sell,39.33
2000-10-12,CAD,NPR,buy,48.57
2000-10-12,CAD,NPR,sell,49.04
2000-10-12,CHF,NPR,buy,42.06
2000-10-12,CHF,NPR,sell,42.46
2000-10-12,DKK,NPR,buy,8.57
2000-10-12,EUR,NPR,buy,63.83
2000-10-12,EUR,NPR,sell,64.44
2000-10-12,GBP,NPR,buy,106.36
2000-10-12,GBP,NPR,sell,107.38
2000-10-12,HKD,NPR,buy,9.35
2000-10-12,INR,NPR,buy,1.6
2000-10-12,INR,NPR,sell,1.6015000000000001
2000-10-12,JPY,NPR,buy,0.6759999999999999
2000-10-12,JPY,NPR,sell,0.683
2000-10-12,QAR,NPR,buy,20.02
2000-10-12,SAR,NPR,buy,19.43
2000-10-12,SEK,NPR,buy,7.4
2000-10-12,SGD,NPR,buy,41.63
2000-10-12,SGD,NPR,sell,42.03
2000-10-12,USD,NPR,buy,72.9
2000-10-12,USD,NPR,sell,73.6
2000-10-13,AUD,NPR,buy,38.69
2000-10-13,AUD,NPR,sell,39.06
2000-10-13,CAD,NPR,buy,48.41
2000-10-13,CAD,NPR,sell,48.88
2000-10-13,CHF,NPR,buy,41.86
2000-10-13,CHF,NPR,sell,42.26
2000-10-13,DKK,NPR,buy,8.49
2000-10-13,EUR,NPR,buy,63.23
2000-10-13,EUR,NPR,sell,63.84
2000-10-13,GBP,NPR,buy,106.57
2000-10-13,GBP,NPR,sell,107.59
2000-10-13,HKD,NPR,buy,9.35
2000-10-13,INR,NPR,buy,1.6
2000-10-13,INR,NPR,sell,1.6015000000000001
2000-10-13,JPY,NPR,buy,0.6769999999999999
2000-10-13,JPY,NPR,sell,0.683
2000-10-13,QAR,NPR,buy,20.02
2000-10-13,SAR,NPR,buy,19.44
2000-10-13,SEK,NPR,buy,7.37
2000-10-13,SGD,NPR,buy,41.6
2000-10-13,SGD,NPR,sell,41.99
2000-10-13,USD,NPR,buy,72.9
2000-10-13,USD,NPR,sell,73.6
2000-10-14,AUD,NPR,buy,38.8
2000-10-14,AUD,NPR,sell,39.17
2000-10-14,CAD,NPR,buy,48.09
2000-10-14,CAD,NPR,sell,48.55
2000-10-14,CHF,NPR,buy,41.83
2000-10-14,CHF,NPR,sell,42.23
2000-10-14,DKK,NPR,buy,8.46
2000-10-14,EUR,NPR,buy,62.99
2000-10-14,EUR,NPR,sell,63.59
2000-10-14,GBP,NPR,buy,107.5
2000-10-14,GBP,NPR,sell,108.53
2000-10-14,HKD,NPR,buy,9.35
2000-10-14,INR,NPR,buy,1.6
2000-10-14,INR,NPR,sell,1.6015000000000001
2000-10-14,JPY,NPR,buy,0.6759999999999999
2000-10-14,JPY,NPR,sell,0.683
2000-10-14,QAR,NPR,buy,20.02
2000-10-14,SAR,NPR,buy,19.43
2000-10-14,SEK,NPR,buy,7.36
2000-10-14,SGD,NPR,buy,41.56
2000-10-14,SGD,NPR,sell,41.96
2000-10-14,USD,NPR,buy,72.9
2000-10-14,USD,NPR,sell,73.6
2000-10-15,AUD,NPR,buy,38.8
2000-10-15,AUD,NPR,sell,39.17
2000-10-15,CAD,NPR,buy,48.09
2000-10-15,CAD,NPR,sell,48.55
2000-10-15,CHF,NPR,buy,41.83
2000-10-15,CHF,NPR,sell,42.23
2000-10-15,DKK,NPR,buy,8.46
2000-10-15,EUR,NPR,buy,62.99
2000-10-15,EUR,NPR,sell,63.59
2000-10-15,GBP,NPR,buy,107.5
2000-10-15,GBP,NPR,sell,108.53
2000-10-15,HKD,NPR,buy,9.35
2000-10-15,INR,NPR,buy,1.6
2000-10-15,INR,NPR,sell,1.6015000000000001
2000-10-15,JPY,NPR,buy,0.6759999999999999
2000-10-15,JPY,NPR,sell,0.683
2000-10-15,QAR,NPR,buy,20.02
2000-10-15,SAR,NPR,buy,19.43
2000-10-15,SEK,NPR,buy,7.36
2000-10-15,SGD,NPR,buy,41.56
2000-10-15,SGD,NPR,sell,41.96
2000-10-15,USD,NPR,buy,72.9
2000-10-15,USD,NPR,sell,73.6
2000-10-16,AUD,NPR,buy,38.8
2000-10-16,AUD,NPR,sell,39.17
2000-10-16,CAD,NPR,buy,48.09
2000-10-16,CAD,NPR,sell,48.55
2000-10-16,CHF,NPR,buy,41.83
2000-10-16,CHF,NPR,sell,42.23
2000-10-16,DKK,NPR,buy,8.46
2000-10-16,EUR,NPR,buy,62.99
2000-10-16,EUR,NPR,sell,63.59
2000-10-16,GBP,NPR,buy,107.5
2000-10-16,GBP,NPR,sell,108.53
2000-10-16,HKD,NPR,buy,9.35
2000-10-16,INR,NPR,buy,1.6
2000-10-16,INR,NPR,sell,1.6015000000000001
2000-10-16,JPY,NPR,buy,0.6759999999999999
2000-10-16,JPY,NPR,sell,0.683
2000-10-16,QAR,NPR,buy,20.02
2000-10-16,SAR,NPR,buy,19.43
2000-10-16,SEK,NPR,buy,7.36
2000-10-16,SGD,NPR,buy,41.56
2000-10-16,SGD,NPR,sell,41.96
2000-10-16,USD,NPR,buy,72.9
2000-10-16,USD,NPR,sell,73.6
2000-10-17,AUD,NPR,buy,38.34
2000-10-17,AUD,NPR,sell,38.71
2000-10-17,CAD,NPR,buy,48.28
2000-10-17,CAD,NPR,sell,48.74
2000-10-17,CHF,NPR,buy,41.16
2000-10-17,CHF,NPR,sell,41.56
2000-10-17,DKK,NPR,buy,8.36
2000-10-17,EUR,NPR,buy,62.24
2000-10-17,EUR,NPR,sell,62.84
2000-10-17,GBP,NPR,buy,105.76
2000-10-17,GBP,NPR,sell,106.78
2000-10-17,HKD,NPR,buy,9.35
2000-10-17,INR,NPR,buy,1.6
2000-10-17,INR,NPR,sell,1.6015000000000001
2000-10-17,JPY,NPR,buy,0.6759999999999999
2000-10-17,JPY,NPR,sell,0.682
2000-10-17,QAR,NPR,buy,20.02
2000-10-17,SAR,NPR,buy,19.43
2000-10-17,SEK,NPR,buy,7.32
2000-10-17,SGD,NPR,buy,41.59
2000-10-17,SGD,NPR,sell,41.99
2000-10-17,USD,NPR,buy,72.9
2000-10-17,USD,NPR,sell,73.6
2000-10-18,AUD,NPR,buy,38.26
2000-10-18,AUD,NPR,sell,38.63
2000-10-18,CAD,NPR,buy,48.15
2000-10-18,CAD,NPR,sell,48.61
2000-10-18,CHF,NPR,buy,41.16
2000-10-18,CHF,NPR,sell,41.56
2000-10-18,DKK,NPR,buy,8.36
2000-10-18,EUR,NPR,buy,62.25
2000-10-18,EUR,NPR,sell,62.85
2000-10-18,GBP,NPR,buy,105.81
2000-10-18,GBP,NPR,sell,106.82
2000-10-18,HKD,NPR,buy,9.38
2000-10-18,INR,NPR,buy,1.6
2000-10-18,INR,NPR,sell,1.6015000000000001
2000-10-18,JPY,NPR,buy,0.6769999999999999
2000-10-18,JPY,NPR,sell,0.683
2000-10-18,QAR,NPR,buy,20.09
2000-10-18,SAR,NPR,buy,19.5
2000-10-18,SEK,NPR,buy,7.31
2000-10-18,SGD,NPR,buy,41.72
2000-10-18,SGD,NPR,sell,42.12
2000-10-18,USD,NPR,buy,73.15
2000-10-18,USD,NPR,sell,73.85
2000-10-19,AUD,NPR,buy,38.11
2000-10-19,AUD,NPR,sell,38.48
2000-10-19,CAD,NPR,buy,48.16
2000-10-19,CAD,NPR,sell,48.62
2000-10-19,CHF,NPR,buy,41.45
2000-10-19,CHF,NPR,sell,41.85
2000-10-19,DKK,NPR,buy,8.41
2000-10-19,EUR,NPR,buy,62.6
2000-10-19,EUR,NPR,sell,63.2
2000-10-19,GBP,NPR,buy,106.02
2000-10-19,GBP,NPR,sell,107.03
2000-10-19,HKD,NPR,buy,9.38
2000-10-19,INR,NPR,buy,1.6
2000-10-19,INR,NPR,sell,1.6015000000000001
2000-10-19,JPY,NPR,buy,0.6769999999999999
2000-10-19,JPY,NPR,sell,0.6839999999999999
2000-10-19,QAR,NPR,buy,20.09
2000-10-19,SAR,NPR,buy,19.5
2000-10-19,SEK,NPR,buy,7.34
2000-10-19,SGD,NPR,buy,41.64
2000-10-19,SGD,NPR,sell,42.03
2000-10-19,USD,NPR,buy,73.15
2000-10-19,USD,NPR,sell,73.85
2000-10-20,AUD,NPR,buy,37.99
2000-10-20,AUD,NPR,sell,38.35
2000-10-20,CAD,NPR,buy,48.3
2000-10-20,CAD,NPR,sell,48.76
2000-10-20,CHF,NPR,buy,40.96
2000-10-20,CHF,NPR,sell,41.35
2000-10-20,DKK,NPR,buy,8.28
2000-10-20,EUR,NPR,buy,61.59
2000-10-20,EUR,NPR,sell,62.18
2000-10-20,GBP,NPR,buy,105.87
2000-10-20,GBP,NPR,sell,106.88
2000-10-20,HKD,NPR,buy,9.38
2000-10-20,INR,NPR,buy,1.6
2000-10-20,INR,NPR,sell,1.6015000000000001
2000-10-20,JPY,NPR,buy,0.679
2000-10-20,JPY,NPR,sell,0.6849999999999999
2000-10-20,QAR,NPR,buy,20.09
2000-10-20,SAR,NPR,buy,19.5
2000-10-20,SEK,NPR,buy,7.25
2000-10-20,SGD,NPR,buy,41.65
2000-10-20,SGD,NPR,sell,42.04
2000-10-20,USD,NPR,buy,73.15
2000-10-20,USD,NPR,sell,73.85
2000-10-21,AUD,NPR,buy,38.65
2000-10-21,AUD,NPR,sell,39.02
2000-10-21,CAD,NPR,buy,48.47
2000-10-21,CAD,NPR,sell,48.93
2000-10-21,CHF,NPR,buy,41.05
2000-10-21,CHF,NPR,sell,41.45
2000-10-21,DKK,NPR,buy,8.3
2000-10-21,EUR,NPR,buy,61.8
2000-10-21,EUR,NPR,sell,62.39
2000-10-21,GBP,NPR,buy,105.88
2000-10-21,GBP,NPR,sell,106.89
2000-10-21,HKD,NPR,buy,9.38
2000-10-21,INR,NPR,buy,1.6
2000-10-21,INR,NPR,sell,1.6015000000000001
2000-10-21,JPY,NPR,buy,0.674
2000-10-21,JPY,NPR,sell,0.6799999999999999
2000-10-21,QAR,NPR,buy,20.09
2000-10-21,SAR,NPR,buy,19.5
2000-10-21,SEK,NPR,buy,7.28
2000-10-21,SGD,NPR,buy,41.78
2000-10-21,SGD,NPR,sell,42.18
2000-10-21,USD,NPR,buy,73.15
2000-10-21,USD,NPR,sell,73.85
2000-10-22,AUD,NPR,buy,38.65
2000-10-22,AUD,NPR,sell,39.02
2000-10-22,CAD,NPR,buy,48.47
2000-10-22,CAD,NPR,sell,48.93
2000-10-22,CHF,NPR,buy,41.05
2000-10-22,CHF,NPR,sell,41.45
2000-10-22,DKK,NPR,buy,8.3
2000-10-22,EUR,NPR,buy,61.8
2000-10-22,EUR,NPR,sell,62.39
2000-10-22,GBP,NPR,buy,105.88
2000-10-22,GBP,NPR,sell,106.89
2000-10-22,HKD,NPR,buy,9.38
2000-10-22,INR,NPR,buy,1.6
2000-10-22,INR,NPR,sell,1.6015000000000001
2000-10-22,JPY,NPR,buy,0.674
2000-10-22,JPY,NPR,sell,0.6799999999999999
2000-10-22,QAR,NPR,buy,20.09
2000-10-22,SAR,NPR,buy,19.5
2000-10-22,SEK,NPR,buy,7.28
2000-10-22,SGD,NPR,buy,41.78
2000-10-22,SGD,NPR,sell,42.18
2000-10-22,USD,NPR,buy,73.15
2000-10-22,USD,NPR,sell,73.85
2000-10-23,AUD,NPR,buy,38.65
2000-10-23,AUD,NPR,sell,39.02
2000-10-23,CAD,NPR,buy,48.47
2000-10-23,CAD,NPR,sell,48.93
2000-10-23,CHF,NPR,buy,41.05
2000-10-23,CHF,NPR,sell,41.45
2000-10-23,DKK,NPR,buy,8.3
2000-10-23,EUR,NPR,buy,61.8
2000-10-23,EUR,NPR,sell,62.39
2000-10-23,GBP,NPR,buy,105.88
2000-10-23,GBP,NPR,sell,106.89
2000-10-23,HKD,NPR,buy,9.38
2000-10-23,INR,NPR,buy,1.6
2000-10-23,INR,NPR,sell,1.6015000000000001
2000-10-23,JPY,NPR,buy,0.674
2000-10-23,JPY,NPR,sell,0.6799999999999999
2000-10-23,QAR,NPR,buy,20.09
2000-10-23,SAR,NPR,buy,19.5
2000-10-23,SEK,NPR,buy,7.28
2000-10-23,SGD,NPR,buy,41.78
2000-10-23,SGD,NPR,sell,42.18
2000-10-23,USD,NPR,buy,73.15
2000-10-23,USD,NPR,sell,73.85
2000-10-24,AUD,NPR,buy,38.72
2000-10-24,AUD,NPR,sell,39.09
2000-10-24,CAD,NPR,buy,48.38
2000-10-24,CAD,NPR,sell,48.84
2000-10-24,CHF,NPR,buy,40.94
2000-10-24,CHF,NPR,sell,41.33
2000-10-24,DKK,NPR,buy,8.27
2000-10-24,EUR,NPR,buy,61.55
2000-10-24,EUR,NPR,sell,62.14
2000-10-24,GBP,NPR,buy,106.34
2000-10-24,GBP,NPR,sell,107.36
2000-10-24,HKD,NPR,buy,9.38
2000-10-24,INR,NPR,buy,1.6
2000-10-24,INR,NPR,sell,1.6015000000000001
2000-10-24,JPY,NPR,buy,0.6719999999999999
2000-10-24,JPY,NPR,sell,0.678
2000-10-24,QAR,NPR,buy,20.09
2000-10-24,SAR,NPR,buy,19.5
2000-10-24,SEK,NPR,buy,7.24
2000-10-24,SGD,NPR,buy,41.66
2000-10-24,SGD,NPR,sell,42.06
2000-10-24,USD,NPR,buy,73.15
2000-10-24,USD,NPR,sell,73.85
2000-10-25,AUD,NPR,buy,38.5
2000-10-25,AUD,NPR,sell,38.87
2000-10-25,CAD,NPR,buy,48.42
2000-10-25,CAD,NPR,sell,48.88
2000-10-25,CHF,NPR,buy,40.69
2000-10-25,CHF,NPR,sell,41.08
2000-10-25,DKK,NPR,buy,8.21
2000-10-25,EUR,NPR,buy,61.11
2000-10-25,EUR,NPR,sell,61.69
2000-10-25,GBP,NPR,buy,106.24
2000-10-25,GBP,NPR,sell,107.26
2000-10-25,HKD,NPR,buy,9.38
2000-10-25,INR,NPR,buy,1.6
2000-10-25,INR,NPR,sell,1.6015000000000001
2000-10-25,JPY,NPR,buy,0.6759999999999999
2000-10-25,JPY,NPR,sell,0.683
2000-10-25,QAR,NPR,buy,20.1
2000-10-25,SAR,NPR,buy,19.5
2000-10-25,SEK,NPR,buy,7.22
2000-10-25,SGD,NPR,buy,41.69
2000-10-25,SGD,NPR,sell,42.09
2000-10-25,USD,NPR,buy,73.15
2000-10-25,USD,NPR,sell,73.85
2000-10-26,AUD,NPR,buy,38.66
2000-10-26,AUD,NPR,sell,39.03
2000-10-26,CAD,NPR,buy,48.34
2000-10-26,CAD,NPR,sell,48.8
2000-10-26,CHF,NPR,buy,40.85
2000-10-26,CHF,NPR,sell,41.24
2000-10-26,DKK,NPR,buy,8.27
2000-10-26,EUR,NPR,buy,61.52
2000-10-26,EUR,NPR,sell,62.11
2000-10-26,GBP,NPR,buy,106.11
2000-10-26,GBP,NPR,sell,107.13
2000-10-26,HKD,NPR,buy,9.41
2000-10-26,INR,NPR,buy,1.6
2000-10-26,INR,NPR,sell,1.6015000000000001
2000-10-26,JPY,NPR,buy,0.679
2000-10-26,JPY,NPR,sell,0.686
2000-10-26,QAR,NPR,buy,20.16
2000-10-26,SAR,NPR,buy,19.57
2000-10-26,SEK,NPR,buy,7.26
2000-10-26,SGD,NPR,buy,41.88
2000-10-26,SGD,NPR,sell,42.28
2000-10-26,USD,NPR,buy,73.4
2000-10-26,USD,NPR,sell,74.1
2000-10-27,AUD,NPR,buy,37.87
2000-10-27,AUD,NPR,sell,38.24
2000-10-27,CAD,NPR,buy,48.44
2000-10-27,CAD,NPR,sell,48.9
2000-10-27,CHF,NPR,buy,40.12
2000-10-27,CHF,NPR,sell,40.51
2000-10-27,DKK,NPR,buy,8.12
2000-10-27,EUR,NPR,buy,60.43
2000-10-27,EUR,NPR,sell,61.01
2000-10-27,GBP,NPR,buy,104.52
2000-10-27,GBP,NPR,sell,105.52
2000-10-27,HKD,NPR,buy,9.41
2000-10-27,INR,NPR,buy,1.6
2000-10-27,INR,NPR,sell,1.6015000000000001
2000-10-27,JPY,NPR,buy,0.679
2000-10-27,JPY,NPR,sell,0.6849999999999999
2000-10-27,QAR,NPR,buy,20.16
2000-10-27,SAR,NPR,buy,19.57
2000-10-27,SEK,NPR,buy,7.12
2000-10-27,SGD,NPR,buy,41.8
2000-10-27,SGD,NPR,sell,42.2
2000-10-27,USD,NPR,buy,73.4
2000-10-27,USD,NPR,sell,74.1
2000-10-28,AUD,NPR,buy,38.19
2000-10-28,AUD,NPR,sell,38.55
2000-10-28,CAD,NPR,buy,48.26
2000-10-28,CAD,NPR,sell,48.72
2000-10-28,CHF,NPR,buy,40.39
2000-10-28,CHF,NPR,sell,40.77
2000-10-28,DKK,NPR,buy,8.21
2000-10-28,EUR,NPR,buy,61.06
2000-10-28,EUR,NPR,sell,61.64
2000-10-28,GBP,NPR,buy,105.28
2000-10-28,GBP,NPR,sell,106.29
2000-10-28,HKD,NPR,buy,9.41
2000-10-28,INR,NPR,buy,1.6
2000-10-28,INR,NPR,sell,1.6015000000000001
2000-10-28,JPY,NPR,buy,0.6769999999999999
2000-10-28,JPY,NPR,sell,0.683
2000-10-28,QAR,NPR,buy,20.16
2000-10-28,SAR,NPR,buy,19.57
2000-10-28,SEK,NPR,buy,7.17
2000-10-28,SGD,NPR,buy,41.81
2000-10-28,SGD,NPR,sell,42.21
2000-10-28,USD,NPR,buy,73.4
2000-10-28,USD,NPR,sell,74.1
2000-10-29,AUD,NPR,buy,38.19
2000-10-29,AUD,NPR,sell,38.55
2000-10-29,CAD,NPR,buy,48.26
2000-10-29,CAD,NPR,sell,48.72
2000-10-29,CHF,NPR,buy,40.39
2000-10-29,CHF,NPR,sell,40.77
2000-10-29,DKK,NPR,buy,8.21
2000-10-29,EUR,NPR,buy,61.06
2000-10-29,EUR,NPR,sell,61.64
2000-10-29,GBP,NPR,buy,105.28
2000-10-29,GBP,NPR,sell,106.29
2000-10-29,HKD,NPR,buy,9.41
2000-10-29,INR,NPR,buy,1.6
2000-10-29,INR,NPR,sell,1.6015000000000001
2000-10-29,JPY,NPR,buy,0.6769999999999999
2000-10-29,JPY,NPR,sell,0.683
2000-10-29,QAR,NPR,buy,20.16
2000-10-29,SAR,NPR,buy,19.57
2000-10-29,SEK,NPR,buy,7.17
2000-10-29,SGD,NPR,buy,41.81
2000-10-29,SGD,NPR,sell,42.21
2000-10-29,USD,NPR,buy,73.4
2000-10-29,USD,NPR,sell,74.1
2000-10-30,AUD,NPR,buy,38.19
2000-10-30,AUD,NPR,sell,38.55
2000-10-30,CAD,NPR,buy,48.26
2000-10-30,CAD,NPR,sell,48.72
2000-10-30,CHF,NPR,buy,40.39
2000-10-30,CHF,NPR,sell,40.77
2000-10-30,DKK,NPR,buy,8.21
2000-10-30,EUR,NPR,buy,61.06
2000-10-30,EUR,NPR,sell,61.64
2000-10-30,GBP,NPR,buy,105.28
2000-10-30,GBP,NPR,sell,106.29
2000-10-30,HKD,NPR,buy,9.41
2000-10-30,INR,NPR,buy,1.6
2000-10-30,INR,NPR,sell,1.6015000000000001
2000-10-30,JPY,NPR,buy,0.6769999999999999
2000-10-30,JPY,NPR,sell,0.683
2000-10-30,QAR,NPR,buy,20.16
2000-10-30,SAR,NPR,buy,19.57
2000-10-30,SEK,NPR,buy,7.17
2000-10-30,SGD,NPR,buy,41.81
2000-10-30,SGD,NPR,sell,42.21
2000-10-30,USD,NPR,buy,73.4
2000-10-30,USD,NPR,sell,74.1
2000-10-31,AUD,NPR,buy,38.65
2000-10-31,AUD,NPR,sell,39.02
2000-10-31,CAD,NPR,buy,48.27
2000-10-31,CAD,NPR,sell,48.73
2000-10-31,CHF,NPR,buy,40.89
2000-10-31,CHF,NPR,sell,41.28
2000-10-31,DKK,NPR,buy,8.35
2000-10-31,EUR,NPR,buy,62.15
2000-10-31,EUR,NPR,sell,62.74
2000-10-31,GBP,NPR,buy,107.26
2000-10-31,GBP,NPR,sell,108.28
2000-10-31,HKD,NPR,buy,9.45
2000-10-31,INR,NPR,buy,1.6
2000-10-31,INR,NPR,sell,1.6015000000000001
2000-10-31,JPY,NPR,buy,0.678
2000-10-31,JPY,NPR,sell,0.6849999999999999
2000-10-31,QAR,NPR,buy,20.24
2000-10-31,SAR,NPR,buy,19.65
2000-10-31,SEK,NPR,buy,7.32
2000-10-31,SGD,NPR,buy,41.99
2000-10-31,SGD,NPR,sell,42.39
2000-10-31,USD,NPR,buy,73.7
2000-10-31,USD,NPR,sell,74.4
2000-11-01,AUD,NPR,buy,37.94
2000-11-01,AUD,NPR,sell,38.3
2000-11-01,CAD,NPR,buy,48.14
2000-11-01,CAD,NPR,sell,48.6
2000-11-01,CHF,NPR,buy,40.81
2000-11-01,CHF,NPR,sell,41.19
2000-11-01,DKK,NPR,buy,8.33
2000-11-01,EUR,NPR,buy,61.99
2000-11-01,EUR,NPR,sell,62.58
2000-11-01,GBP,NPR,buy,106.73
2000-11-01,GBP,NPR,sell,107.75
2000-11-01,HKD,NPR,buy,9.45
2000-11-01,INR,NPR,buy,1.6
2000-11-01,INR,NPR,sell,1.6015000000000001
2000-11-01,JPY,NPR,buy,0.6769999999999999
2000-11-01,JPY,NPR,sell,0.683
2000-11-01,QAR,NPR,buy,20.24
2000-11-01,SAR,NPR,buy,19.65
2000-11-01,SEK,NPR,buy,7.31
2000-11-01,SGD,NPR,buy,41.95
2000-11-01,SGD,NPR,sell,42.35
2000-11-01,USD,NPR,buy,73.7
2000-11-01,USD,NPR,sell,74.4
2000-11-02,AUD,NPR,buy,38.49
2000-11-02,AUD,NPR,sell,38.85
2000-11-02,CAD,NPR,buy,48.42
2000-11-02,CAD,NPR,sell,48.88
2000-11-02,CHF,NPR,buy,41.28
2000-11-02,CHF,NPR,sell,41.67
2000-11-02,DKK,NPR,buy,8.46
2000-11-02,EUR,NPR,buy,62.93
2000-11-02,EUR,NPR,sell,63.52
2000-11-02,GBP,NPR,buy,107.15
2000-11-02,GBP,NPR,sell,108.16
2000-11-02,HKD,NPR,buy,9.45
2000-11-02,INR,NPR,buy,1.6
2000-11-02,INR,NPR,sell,1.6015000000000001
2000-11-02,JPY,NPR,buy,0.679
2000-11-02,JPY,NPR,sell,0.6849999999999999
2000-11-02,QAR,NPR,buy,20.24
2000-11-02,SAR,NPR,buy,19.65
2000-11-02,SEK,NPR,buy,7.44
2000-11-02,SGD,NPR,buy,42.11
2000-11-02,SGD,NPR,sell,42.51
2000-11-02,USD,NPR,buy,73.7
2000-11-02,USD,NPR,sell,74.4
2000-11-03,AUD,NPR,buy,38.97
2000-11-03,AUD,NPR,sell,39.34
2000-11-03,CAD,NPR,buy,48.1
2000-11-03,CAD,NPR,sell,48.56
2000-11-03,CHF,NPR,buy,41.36
2000-11-03,CHF,NPR,sell,41.76
2000-11-03,DKK,NPR,buy,8.48
2000-11-03,EUR,NPR,buy,63.1
2000-11-03,EUR,NPR,sell,63.7
2000-11-03,GBP,NPR,buy,106.61
2000-11-03,GBP,NPR,sell,107.62
2000-11-03,HKD,NPR,buy,9.45
2000-11-03,INR,NPR,buy,1.6
2000-11-03,INR,NPR,sell,1.6015000000000001
2000-11-03,JPY,NPR,buy,0.6809999999999999
2000-11-03,JPY,NPR,sell,0.687
2000-11-03,QAR,NPR,buy,20.24
2000-11-03,SAR,NPR,buy,19.65
2000-11-03,SEK,NPR,buy,7.41
2000-11-03,SGD,NPR,buy,42.26
2000-11-03,SGD,NPR,sell,42.67
2000-11-03,USD,NPR,buy,73.7
2000-11-03,USD,NPR,sell,74.4
2000-11-04,AUD,NPR,buy,38.53
2000-11-04,AUD,NPR,sell,38.9
2000-11-04,CAD,NPR,buy,48.13
2000-11-04,CAD,NPR,sell,48.59
2000-11-04,CHF,NPR,buy,41.61
2000-11-04,CHF,NPR,sell,42.01
2000-11-04,DKK,NPR,buy,8.53
2000-11-04,EUR,NPR,buy,63.54
2000-11-04,EUR,NPR,sell,64.15
2000-11-04,GBP,NPR,buy,106.14
2000-11-04,GBP,NPR,sell,107.15
2000-11-04,HKD,NPR,buy,9.45
2000-11-04,INR,NPR,buy,1.6
2000-11-04,INR,NPR,sell,1.6015000000000001
2000-11-04,JPY,NPR,buy,0.682
2000-11-04,JPY,NPR,sell,0.688
2000-11-04,QAR,NPR,buy,20.24
2000-11-04,SAR,NPR,buy,19.65
2000-11-04,SEK,NPR,buy,7.46
2000-11-04,SGD,NPR,buy,42.48
2000-11-04,SGD,NPR,sell,42.88
2000-11-04,USD,NPR,buy,73.7
2000-11-04,USD,NPR,sell,74.4
2000-11-05,AUD,NPR,buy,38.53
2000-11-05,AUD,NPR,sell,38.9
2000-11-05,CAD,NPR,buy,48.13
2000-11-05,CAD,NPR,sell,48.59
2000-11-05,CHF,NPR,buy,41.61
2000-11-05,CHF,NPR,sell,42.01
2000-11-05,DKK,NPR,buy,8.53
2000-11-05,EUR,NPR,buy,63.54
2000-11-05,EUR,NPR,sell,64.15
2000-11-05,GBP,NPR,buy,106.14
2000-11-05,GBP,NPR,sell,107.15
2000-11-05,HKD,NPR,buy,9.45
2000-11-05,INR,NPR,buy,1.6
2000-11-05,INR,NPR,sell,1.6015000000000001
2000-11-05,JPY,NPR,buy,0.682
2000-11-05,JPY,NPR,sell,0.688
2000-11-05,QAR,NPR,buy,20.24
2000-11-05,SAR,NPR,buy,19.65
2000-11-05,SEK,NPR,buy,7.46
2000-11-05,SGD,NPR,buy,42.48
2000-11-05,SGD,NPR,sell,42.88
2000-11-05,USD,NPR,buy,73.7
2000-11-05,USD,NPR,sell,74.4
2000-11-06,AUD,NPR,buy,38.53
2000-11-06,AUD,NPR,sell,38.9
2000-11-06,CAD,NPR,buy,48.13
2000-11-06,CAD,NPR,sell,48.59
2000-11-06,CHF,NPR,buy,41.61
2000-11-06,CHF,NPR,sell,42.01
2000-11-06,DKK,NPR,buy,8.53
2000-11-06,EUR,NPR,buy,63.54
2000-11-06,EUR,NPR,sell,64.15
2000-11-06,GBP,NPR,buy,106.14
2000-11-06,GBP,NPR,sell,107.15
2000-11-06,HKD,NPR,buy,9.45
2000-11-06,INR,NPR,buy,1.6
2000-11-06,INR,NPR,sell,1.6015000000000001
2000-11-06,JPY,NPR,buy,0.682
2000-11-06,JPY,NPR,sell,0.688
2000-11-06,QAR,NPR,buy,20.24
2000-11-06,SAR,NPR,buy,19.65
2000-11-06,SEK,NPR,buy,7.46
2000-11-06,SGD,NPR,buy,42.48
2000-11-06,SGD,NPR,sell,42.88
2000-11-06,USD,NPR,buy,73.7
2000-11-06,USD,NPR,sell,74.4
2000-11-07,AUD,NPR,buy,38.85
2000-11-07,AUD,NPR,sell,39.22
2000-11-07,CAD,NPR,buy,48.11
2000-11-07,CAD,NPR,sell,48.57
2000-11-07,CHF,NPR,buy,41.93
2000-11-07,CHF,NPR,sell,42.33
2000-11-07,DKK,NPR,buy,8.59
2000-11-07,EUR,NPR,buy,63.99
2000-11-07,EUR,NPR,sell,64.6
2000-11-07,GBP,NPR,buy,106.78
2000-11-07,GBP,NPR,sell,107.8
2000-11-07,HKD,NPR,buy,9.45
2000-11-07,INR,NPR,buy,1.6
2000-11-07,INR,NPR,sell,1.6015000000000001
2000-11-07,JPY,NPR,buy,0.688
2000-11-07,JPY,NPR,sell,0.6940000000000001
2000-11-07,QAR,NPR,buy,20.24
2000-11-07,SAR,NPR,buy,19.65
2000-11-07,SEK,NPR,buy,7.47
2000-11-07,SGD,NPR,buy,42.55
2000-11-07,SGD,NPR,sell,42.95
2000-11-07,USD,NPR,buy,73.7
2000-11-07,USD,NPR,sell,74.4
2000-11-08,AUD,NPR,buy,38.85
2000-11-08,AUD,NPR,sell,39.22
2000-11-08,CAD,NPR,buy,48.13
2000-11-08,CAD,NPR,sell,48.58
2000-11-08,CHF,NPR,buy,41.79
2000-11-08,CHF,NPR,sell,42.19
2000-11-08,DKK,NPR,buy,8.54
2000-11-08,EUR,NPR,buy,63.63
2000-11-08,EUR,NPR,sell,64.23
2000-11-08,GBP,NPR,buy,105.25
2000-11-08,GBP,NPR,sell,106.25
2000-11-08,HKD,NPR,buy,9.45
2000-11-08,INR,NPR,buy,1.6
2000-11-08,INR,NPR,sell,1.6015000000000001
2000-11-08,JPY,NPR,buy,0.688
2000-11-08,JPY,NPR,sell,0.6940000000000001
2000-11-08,QAR,NPR,buy,20.24
2000-11-08,SAR,NPR,buy,19.65
2000-11-08,SEK,NPR,buy,7.4
2000-11-08,SGD,NPR,buy,42.4
2000-11-08,SGD,NPR,sell,42.81
2000-11-08,USD,NPR,buy,73.7
2000-11-08,USD,NPR,sell,74.4
2000-11-09,AUD,NPR,buy,38.94
2000-11-09,AUD,NPR,sell,39.31
2000-11-09,CAD,NPR,buy,48.06
2000-11-09,CAD,NPR,sell,48.51
2000-11-09,CHF,NPR,buy,41.62
2000-11-09,CHF,NPR,sell,42.01
2000-11-09,DKK,NPR,buy,8.47
2000-11-09,EUR,NPR,buy,63.13
2000-11-09,EUR,NPR,sell,63.73
2000-11-09,GBP,NPR,buy,104.92
2000-11-09,GBP,NPR,sell,105.92
2000-11-09,HKD,NPR,buy,9.45
2000-11-09,INR,NPR,buy,1.6
2000-11-09,INR,NPR,sell,1.6015000000000001
2000-11-09,JPY,NPR,buy,0.686
2000-11-09,JPY,NPR,sell,0.692
2000-11-09,QAR,NPR,buy,20.24
2000-11-09,SAR,NPR,buy,19.65
2000-11-09,SEK,NPR,buy,7.36
2000-11-09,SGD,NPR,buy,42.4
2000-11-09,SGD,NPR,sell,42.8
2000-11-09,USD,NPR,buy,73.7
2000-11-09,USD,NPR,sell,74.4
2000-11-10,AUD,NPR,buy,38.6
2000-11-10,AUD,NPR,sell,38.96
2000-11-10,CAD,NPR,buy,47.78
2000-11-10,CAD,NPR,sell,48.23
2000-11-10,CHF,NPR,buy,41.41
2000-11-10,CHF,NPR,sell,41.8
2000-11-10,DKK,NPR,buy,8.44
2000-11-10,EUR,NPR,buy,62.93
2000-11-10,EUR,NPR,sell,63.53
2000-11-10,GBP,NPR,buy,104.41
2000-11-10,GBP,NPR,sell,105.4
2000-11-10,HKD,NPR,buy,9.45
2000-11-10,INR,NPR,buy,1.6
2000-11-10,INR,NPR,sell,1.6015000000000001
2000-11-10,JPY,NPR,buy,0.687
2000-11-10,JPY,NPR,sell,0.693
2000-11-10,QAR,NPR,buy,20.24
2000-11-10,SAR,NPR,buy,19.65
2000-11-10,SEK,NPR,buy,7.34
2000-11-10,SGD,NPR,buy,42.37
2000-11-10,SGD,NPR,sell,42.77
2000-11-10,USD,NPR,buy,73.7
2000-11-10,USD,NPR,sell,74.4
2000-11-11,AUD,NPR,buy,38.92
2000-11-11,AUD,NPR,sell,39.29
2000-11-11,CAD,NPR,buy,47.73
2000-11-11,CAD,NPR,sell,48.18
2000-11-11,CHF,NPR,buy,42.08
2000-11-11,CHF,NPR,sell,42.48
2000-11-11,DKK,NPR,buy,8.59
2000-11-11,EUR,NPR,buy,64.07
2000-11-11,EUR,NPR,sell,64.68
2000-11-11,GBP,NPR,buy,105.48
2000-11-11,GBP,NPR,sell,106.48
2000-11-11,HKD,NPR,buy,9.45
2000-11-11,INR,NPR,buy,1.6
2000-11-11,INR,NPR,sell,1.6015000000000001
2000-11-11,JPY,NPR,buy,0.6849999999999999
2000-11-11,JPY,NPR,sell,0.6910000000000001
2000-11-11,QAR,NPR,buy,20.24
2000-11-11,SAR,NPR,buy,19.65
2000-11-11,SEK,NPR,buy,7.44
2000-11-11,SGD,NPR,buy,42.36
2000-11-11,SGD,NPR,sell,42.76
2000-11-11,USD,NPR,buy,73.7
2000-11-11,USD,NPR,sell,74.4
2000-11-12,AUD,NPR,buy,38.92
2000-11-12,AUD,NPR,sell,39.29
2000-11-12,CAD,NPR,buy,47.73
2000-11-12,CAD,NPR,sell,48.18
2000-11-12,CHF,NPR,buy,42.08
2000-11-12,CHF,NPR,sell,42.48
2000-11-12,DKK,NPR,buy,8.59
2000-11-12,EUR,NPR,buy,64.07
2000-11-12,EUR,NPR,sell,64.68
2000-11-12,GBP,NPR,buy,105.48
2000-11-12,GBP,NPR,sell,106.48
2000-11-12,HKD,NPR,buy,9.45
2000-11-12,INR,NPR,buy,1.6
2000-11-12,INR,NPR,sell,1.6015000000000001
2000-11-12,JPY,NPR,buy,0.6849999999999999
2000-11-12,JPY,NPR,sell,0.6910000000000001
2000-11-12,QAR,NPR,buy,20.24
2000-11-12,SAR,NPR,buy,19.65
2000-11-12,SEK,NPR,buy,7.44
2000-11-12,SGD,NPR,buy,42.36
2000-11-12,SGD,NPR,sell,42.76
2000-11-12,USD,NPR,buy,73.7
2000-11-12,USD,NPR,sell,74.4
2000-11-13,AUD,NPR,buy,38.92
2000-11-13,AUD,NPR,sell,39.29
2000-11-13,CAD,NPR,buy,47.73
2000-11-13,CAD,NPR,sell,48.18
2000-11-13,CHF,NPR,buy,42.08
2000-11-13,CHF,NPR,sell,42.48
2000-11-13,DKK,NPR,buy,8.59
2000-11-13,EUR,NPR,buy,64.07
2000-11-13,EUR,NPR,sell,64.68
2000-11-13,GBP,NPR,buy,105.48
2000-11-13,GBP,NPR,sell,106.48
2000-11-13,HKD,NPR,buy,9.45
2000-11-13,INR,NPR,buy,1.6
2000-11-13,INR,NPR,sell,1.6015000000000001
2000-11-13,JPY,NPR,buy,0.6849999999999999
2000-11-13,JPY,NPR,sell,0.6910000000000001
2000-11-13,QAR,NPR,buy,20.24
2000-11-13,SAR,NPR,buy,19.65
2000-11-13,SEK,NPR,buy,7.44
2000-11-13,SGD,NPR,buy,42.36
2000-11-13,SGD,NPR,sell,42.76
2000-11-13,USD,NPR,buy,73.7
2000-11-13,USD,NPR,sell,74.4
2000-11-14,AUD,NPR,buy,38.42
2000-11-14,AUD,NPR,sell,38.78
2000-11-14,CAD,NPR,buy,47.76
2000-11-14,CAD,NPR,sell,48.21
2000-11-14,CHF,NPR,buy,41.81
2000-11-14,CHF,NPR,sell,42.21
2000-11-14,DKK,NPR,buy,8.55
2000-11-14,EUR,NPR,buy,63.73
2000-11-14,EUR,NPR,sell,64.33
2000-11-14,GBP,NPR,buy,105.59
2000-11-14,GBP,NPR,sell,106.59
2000-11-14,HKD,NPR,buy,9.45
2000-11-14,INR,NPR,buy,1.6
2000-11-14,INR,NPR,sell,1.6015000000000001
2000-11-14,JPY,NPR,buy,0.6839999999999999
2000-11-14,JPY,NPR,sell,0.6900000000000001
2000-11-14,QAR,NPR,buy,20.24
2000-11-14,SAR,NPR,buy,19.65
2000-11-14,SEK,NPR,buy,7.39
2000-11-14,SGD,NPR,buy,42.3
2000-11-14,SGD,NPR,sell,42.7
2000-11-14,USD,NPR,buy,73.7
2000-11-14,USD,NPR,sell,74.4
2000-11-15,AUD,NPR,buy,38.35
2000-11-15,AUD,NPR,sell,38.71
2000-11-15,CAD,NPR,buy,47.75
2000-11-15,CAD,NPR,sell,48.21
2000-11-15,CHF,NPR,buy,41.71
2000-11-15,CHF,NPR,sell,42.11
2000-11-15,DKK,NPR,buy,8.5
2000-11-15,EUR,NPR,buy,63.41
2000-11-15,EUR,NPR,sell,64.01
2000-11-15,GBP,NPR,buy,106.08
2000-11-15,GBP,NPR,sell,107.09
2000-11-15,HKD,NPR,buy,9.45
2000-11-15,INR,NPR,buy,1.6
2000-11-15,INR,NPR,sell,1.6015000000000001
2000-11-15,JPY,NPR,buy,0.6839999999999999
2000-11-15,JPY,NPR,sell,0.6900000000000001
2000-11-15,QAR,NPR,buy,20.24
2000-11-15,SAR,NPR,buy,19.65
2000-11-15,SEK,NPR,buy,7.34
2000-11-15,SGD,NPR,buy,42.28
2000-11-15,SGD,NPR,sell,42.68
2000-11-15,USD,NPR,buy,73.7
2000-11-15,USD,NPR,sell,74.4
2000-11-16,AUD,NPR,buy,38.38
2000-11-16,AUD,NPR,sell,38.75
2000-11-16,CAD,NPR,buy,47.7
2000-11-16,CAD,NPR,sell,48.15
2000-11-16,CHF,NPR,buy,41.68
2000-11-16,CHF,NPR,sell,42.08
2000-11-16,DKK,NPR,buy,8.51
2000-11-16,EUR,NPR,buy,63.47
2000-11-16,EUR,NPR,sell,64.07
2000-11-16,GBP,NPR,buy,105.57
2000-11-16,GBP,NPR,sell,106.57
2000-11-16,HKD,NPR,buy,9.45
2000-11-16,INR,NPR,buy,1.6
2000-11-16,INR,NPR,sell,1.6015000000000001
2000-11-16,JPY,NPR,buy,0.6799999999999999
2000-11-16,JPY,NPR,sell,0.687
2000-11-16,QAR,NPR,buy,20.24
2000-11-16,SAR,NPR,buy,19.65
2000-11-16,SEK,NPR,buy,7.35
2000-11-16,SGD,NPR,buy,42.24
2000-11-16,SGD,NPR,sell,42.64
2000-11-16,USD,NPR,buy,73.7
2000-11-16,USD,NPR,sell,74.4
2000-11-17,AUD,NPR,buy,38.35
2000-11-17,AUD,NPR,sell,38.72
2000-11-17,CAD,NPR,buy,47.49
2000-11-17,CAD,NPR,sell,47.95
2000-11-17,CHF,NPR,buy,41.43
2000-11-17,CHF,NPR,sell,41.82
2000-11-17,DKK,NPR,buy,8.47
2000-11-17,EUR,NPR,buy,63.22
2000-11-17,EUR,NPR,sell,63.82
2000-11-17,GBP,NPR,buy,104.85
2000-11-17,GBP,NPR,sell,105.84
2000-11-17,HKD,NPR,buy,9.45
2000-11-17,INR,NPR,buy,1.6
2000-11-17,INR,NPR,sell,1.6015000000000001
2000-11-17,JPY,NPR,buy,0.678
2000-11-17,JPY,NPR,sell,0.6839999999999999
2000-11-17,QAR,NPR,buy,20.24
2000-11-17,SAR,NPR,buy,19.65
2000-11-17,SEK,NPR,buy,7.31
2000-11-17,SGD,NPR,buy,42.14
2000-11-17,SGD,NPR,sell,42.54
2000-11-17,USD,NPR,buy,73.7
2000-11-17,USD,NPR,sell,74.4
2000-11-18,AUD,NPR,buy,38.4
2000-11-18,AUD,NPR,sell,38.76
2000-11-18,CAD,NPR,buy,47.42
2000-11-18,CAD,NPR,sell,47.87
2000-11-18,CHF,NPR,buy,41.36
2000-11-18,CHF,NPR,sell,41.76
2000-11-18,DKK,NPR,buy,8.46
2000-11-18,EUR,NPR,buy,63.1
2000-11-18,EUR,NPR,sell,63.7
2000-11-18,GBP,NPR,buy,104.9
2000-11-18,GBP,NPR,sell,105.9
2000-11-18,HKD,NPR,buy,9.45
2000-11-18,INR,NPR,buy,1.6
2000-11-18,INR,NPR,sell,1.6015000000000001
2000-11-18,JPY,NPR,buy,0.679
2000-11-18,JPY,NPR,sell,0.6849999999999999
2000-11-18,QAR,NPR,buy,20.24
2000-11-18,SAR,NPR,buy,19.65
2000-11-18,SEK,NPR,buy,7.29
2000-11-18,SGD,NPR,buy,42.09
2000-11-18,SGD,NPR,sell,42.49
2000-11-18,USD,NPR,buy,73.7
2000-11-18,USD,NPR,sell,74.4
2000-11-19,AUD,NPR,buy,38.4
2000-11-19,AUD,NPR,sell,38.76
2000-11-19,CAD,NPR,buy,47.42
2000-11-19,CAD,NPR,sell,47.87
2000-11-19,CHF,NPR,buy,41.36
2000-11-19,CHF,NPR,sell,41.76
2000-11-19,DKK,NPR,buy,8.46
2000-11-19,EUR,NPR,buy,63.1
2000-11-19,EUR,NPR,sell,63.7
2000-11-19,GBP,NPR,buy,104.9
2000-11-19,GBP,NPR,sell,105.9
2000-11-19,HKD,NPR,buy,9.45
2000-11-19,INR,NPR,buy,1.6
2000-11-19,INR,NPR,sell,1.6015000000000001
2000-11-19,JPY,NPR,buy,0.679
2000-11-19,JPY,NPR,sell,0.6849999999999999
2000-11-19,QAR,NPR,buy,20.24
2000-11-19,SAR,NPR,buy,19.65
2000-11-19,SEK,NPR,buy,7.29
2000-11-19,SGD,NPR,buy,42.09
2000-11-19,SGD,NPR,sell,42.49
2000-11-19,USD,NPR,buy,73.7
2000-11-19,USD,NPR,sell,74.4
2000-11-20,AUD,NPR,buy,38.4
2000-11-20,AUD,NPR,sell,38.76
2000-11-20,CAD,NPR,buy,47.42
2000-11-20,CAD,NPR,sell,47.87
2000-11-20,CHF,NPR,buy,41.36
2000-11-20,CHF,NPR,sell,41.76
2000-11-20,DKK,NPR,buy,8.46
2000-11-20,EUR,NPR,buy,63.1
2000-11-20,EUR,NPR,sell,63.7
2000-11-20,GBP,NPR,buy,104.9
2000-11-20,GBP,NPR,sell,105.9
2000-11-20,HKD,NPR,buy,9.45
2000-11-20,INR,NPR,buy,1.6
2000-11-20,INR,NPR,sell,1.6015000000000001
2000-11-20,JPY,NPR,buy,0.679
2000-11-20,JPY,NPR,sell,0.6849999999999999
2000-11-20,QAR,NPR,buy,20.24
2000-11-20,SAR,NPR,buy,19.65
2000-11-20,SEK,NPR,buy,7.29
2000-11-20,SGD,NPR,buy,42.09
2000-11-20,SGD,NPR,sell,42.49
2000-11-20,USD,NPR,buy,73.7
2000-11-20,USD,NPR,sell,74.4
2000-11-21,AUD,NPR,buy,38.19
2000-11-21,AUD,NPR,sell,38.55
2000-11-21,CAD,NPR,buy,47.32
2000-11-21,CAD,NPR,sell,47.77
2000-11-21,CHF,NPR,buy,40.99
2000-11-21,CHF,NPR,sell,41.38
2000-11-21,DKK,NPR,buy,8.4
2000-11-21,EUR,NPR,buy,62.62
2000-11-21,EUR,NPR,sell,63.21
2000-11-21,GBP,NPR,buy,104.85
2000-11-21,GBP,NPR,sell,105.85
2000-11-21,HKD,NPR,buy,9.45
2000-11-21,INR,NPR,buy,1.6
2000-11-21,INR,NPR,sell,1.6015000000000001
2000-11-21,JPY,NPR,buy,0.675
2000-11-21,JPY,NPR,sell,0.682
2000-11-21,QAR,NPR,buy,20.24
2000-11-21,SAR,NPR,buy,19.65
2000-11-21,SEK,NPR,buy,7.24
2000-11-21,SGD,NPR,buy,41.98
2000-11-21,SGD,NPR,sell,42.38
2000-11-21,USD,NPR,buy,73.7
2000-11-21,USD,NPR,sell,74.4
2000-11-22,AUD,NPR,buy,37.89
2000-11-22,AUD,NPR,sell,38.25
2000-11-22,CAD,NPR,buy,47.36
2000-11-22,CAD,NPR,sell,47.81
2000-11-22,CHF,NPR,buy,41.15
2000-11-22,CHF,NPR,sell,41.54
2000-11-22,DKK,NPR,buy,8.42
2000-11-22,EUR,NPR,buy,62.81
2000-11-22,EUR,NPR,sell,63.41
2000-11-22,GBP,NPR,buy,105.03
2000-11-22,GBP,NPR,sell,106.03
2000-11-22,HKD,NPR,buy,9.45
2000-11-22,INR,NPR,buy,1.6
2000-11-22,INR,NPR,sell,1.6015000000000001
2000-11-22,JPY,NPR,buy,0.67
2000-11-22,JPY,NPR,sell,0.6759999999999999
2000-11-22,QAR,NPR,buy,20.24
2000-11-22,SAR,NPR,buy,19.65
2000-11-22,SEK,NPR,buy,7.24
2000-11-22,SGD,NPR,buy,41.99
2000-11-22,SGD,NPR,sell,42.39
2000-11-22,USD,NPR,buy,73.7
2000-11-22,USD,NPR,sell,74.4
2000-11-23,AUD,NPR,buy,38.24
2000-11-23,AUD,NPR,sell,38.61
2000-11-23,CAD,NPR,buy,47.58
2000-11-23,CAD,NPR,sell,48.03
2000-11-23,CHF,NPR,buy,41.04
2000-11-23,CHF,NPR,sell,41.43
2000-11-23,DKK,NPR,buy,8.36
2000-11-23,EUR,NPR,buy,62.38
2000-11-23,EUR,NPR,sell,62.97
2000-11-23,GBP,NPR,buy,104.63
2000-11-23,GBP,NPR,sell,105.63
2000-11-23,HKD,NPR,buy,9.45
2000-11-23,INR,NPR,buy,1.6
2000-11-23,INR,NPR,sell,1.6015000000000001
2000-11-23,JPY,NPR,buy,0.67
2000-11-23,JPY,NPR,sell,0.6769999999999999
2000-11-23,QAR,NPR,buy,20.25
2000-11-23,SAR,NPR,buy,19.65
2000-11-23,SEK,NPR,buy,7.16
2000-11-23,SGD,NPR,buy,41.95
2000-11-23,SGD,NPR,sell,42.35
2000-11-23,USD,NPR,buy,73.7
2000-11-23,USD,NPR,sell,74.4
2000-11-24,AUD,NPR,buy,38.56
2000-11-24,AUD,NPR,sell,38.93
2000-11-24,CAD,NPR,buy,47.74
2000-11-24,CAD,NPR,sell,48.19
2000-11-24,CHF,NPR,buy,40.89
2000-11-24,CHF,NPR,sell,41.28
2000-11-24,DKK,NPR,buy,8.34
2000-11-24,EUR,NPR,buy,62.22
2000-11-24,EUR,NPR,sell,62.82
2000-11-24,GBP,NPR,buy,103.6
2000-11-24,GBP,NPR,sell,104.58
2000-11-24,HKD,NPR,buy,9.45
2000-11-24,INR,NPR,buy,1.6
2000-11-24,INR,NPR,sell,1.6015000000000001
2000-11-24,JPY,NPR,buy,0.669
2000-11-24,JPY,NPR,sell,0.675
2000-11-24,QAR,NPR,buy,20.24
2000-11-24,SAR,NPR,buy,19.65
2000-11-24,SEK,NPR,buy,7.18
2000-11-24,SGD,NPR,buy,41.95
2000-11-24,SGD,NPR,sell,42.35
2000-11-24,USD,NPR,buy,73.7
2000-11-24,USD,NPR,sell,74.4
2000-11-25,AUD,NPR,buy,38.52
2000-11-25,AUD,NPR,sell,38.89
2000-11-25,CAD,NPR,buy,47.7
2000-11-25,CAD,NPR,sell,48.16
2000-11-25,CHF,NPR,buy,40.68
2000-11-25,CHF,NPR,sell,41.07
2000-11-25,DKK,NPR,buy,8.29
2000-11-25,EUR,NPR,buy,61.87
2000-11-25,EUR,NPR,sell,62.46
2000-11-25,GBP,NPR,buy,103.06
2000-11-25,GBP,NPR,sell,104.04
2000-11-25,HKD,NPR,buy,9.45
2000-11-25,INR,NPR,buy,1.6
2000-11-25,INR,NPR,sell,1.6015000000000001
2000-11-25,JPY,NPR,buy,0.665
2000-11-25,JPY,NPR,sell,0.6719999999999999
2000-11-25,QAR,NPR,buy,20.24
2000-11-25,SAR,NPR,buy,19.65
2000-11-25,SEK,NPR,buy,7.13
2000-11-25,SGD,NPR,buy,41.88
2000-11-25,SGD,NPR,sell,42.28
2000-11-25,USD,NPR,buy,73.7
2000-11-25,USD,NPR,sell,74.4
2000-11-26,AUD,NPR,buy,38.52
2000-11-26,AUD,NPR,sell,38.89
2000-11-26,CAD,NPR,buy,47.7
2000-11-26,CAD,NPR,sell,48.16
2000-11-26,CHF,NPR,buy,40.68
2000-11-26,CHF,NPR,sell,41.07
2000-11-26,DKK,NPR,buy,8.29
2000-11-26,EUR,NPR,buy,61.87
2000-11-26,EUR,NPR,sell,62.46
2000-11-26,GBP,NPR,buy,103.06
2000-11-26,GBP,NPR,sell,104.04
2000-11-26,HKD,NPR,buy,9.45
2000-11-26,INR,NPR,buy,1.6
2000-11-26,INR,NPR,sell,1.6015000000000001
2000-11-26,JPY,NPR,buy,0.665
2000-11-26,JPY,NPR,sell,0.6719999999999999
2000-11-26,QAR,NPR,buy,20.24
2000-11-26,SAR,NPR,buy,19.65
2000-11-26,SEK,NPR,buy,7.13
2000-11-26,SGD,NPR,buy,41.88
2000-11-26,SGD,NPR,sell,42.28
2000-11-26,USD,NPR,buy,73.7
2000-11-26,USD,NPR,sell,74.4
2000-11-27,AUD,NPR,buy,38.52
2000-11-27,AUD,NPR,sell,38.89
2000-11-27,CAD,NPR,buy,47.7
2000-11-27,CAD,NPR,sell,48.16
2000-11-27,CHF,NPR,buy,40.68
2000-11-27,CHF,NPR,sell,41.07
2000-11-27,DKK,NPR,buy,8.29
2000-11-27,EUR,NPR,buy,61.87
2000-11-27,EUR,NPR,sell,62.46
2000-11-27,GBP,NPR,buy,103.06
2000-11-27,GBP,NPR,sell,104.04
2000-11-27,HKD,NPR,buy,9.45
2000-11-27,INR,NPR,buy,1.6
2000-11-27,INR,NPR,sell,1.6015000000000001
2000-11-27,JPY,NPR,buy,0.665
2000-11-27,JPY,NPR,sell,0.6719999999999999
2000-11-27,QAR,NPR,buy,20.24
2000-11-27,SAR,NPR,buy,19.65
2000-11-27,SEK,NPR,buy,7.13
2000-11-27,SGD,NPR,buy,41.88
2000-11-27,SGD,NPR,sell,42.28
2000-11-27,USD,NPR,buy,73.7
2000-11-27,USD,NPR,sell,74.4
2000-11-28,AUD,NPR,buy,38.41
2000-11-28,AUD,NPR,sell,38.78
2000-11-28,CAD,NPR,buy,47.91
2000-11-28,CAD,NPR,sell,48.37
2000-11-28,CHF,NPR,buy,40.93
2000-11-28,CHF,NPR,sell,41.32
2000-11-28,DKK,NPR,buy,8.32
2000-11-28,EUR,NPR,buy,62.03
2000-11-28,EUR,NPR,sell,62.62
2000-11-28,GBP,NPR,buy,103.49
2000-11-28,GBP,NPR,sell,104.47
2000-11-28,HKD,NPR,buy,9.45
2000-11-28,INR,NPR,buy,1.6
2000-11-28,INR,NPR,sell,1.6015000000000001
2000-11-28,JPY,NPR,buy,0.6639999999999999
2000-11-28,JPY,NPR,sell,0.67
2000-11-28,QAR,NPR,buy,20.24
2000-11-28,SAR,NPR,buy,19.65
2000-11-28,SEK,NPR,buy,7.15
2000-11-28,SGD,NPR,buy,41.91
2000-11-28,SGD,NPR,sell,42.3
2000-11-28,USD,NPR,buy,73.7
2000-11-28,USD,NPR,sell,74.4
2000-11-29,AUD,NPR,buy,38.68
2000-11-29,AUD,NPR,sell,39.05
2000-11-29,CAD,NPR,buy,48.01
2000-11-29,CAD,NPR,sell,48.47
2000-11-29,CHF,NPR,buy,41.45
2000-11-29,CHF,NPR,sell,41.84
2000-11-29,DKK,NPR,buy,8.42
2000-11-29,EUR,NPR,buy,62.83
2000-11-29,EUR,NPR,sell,63.43
2000-11-29,GBP,NPR,buy,104.47
2000-11-29,GBP,NPR,sell,105.46
2000-11-29,HKD,NPR,buy,9.45
2000-11-29,INR,NPR,buy,1.6
2000-11-29,INR,NPR,sell,1.6015000000000001
2000-11-29,JPY,NPR,buy,0.667
2000-11-29,JPY,NPR,sell,0.673
2000-11-29,QAR,NPR,buy,20.25
2000-11-29,SAR,NPR,buy,19.65
2000-11-29,SEK,NPR,buy,7.23
2000-11-29,SGD,NPR,buy,41.98
2000-11-29,SGD,NPR,sell,42.38
2000-11-29,USD,NPR,buy,73.7
2000-11-29,USD,NPR,sell,74.4
2000-11-30,AUD,NPR,buy,38.91
2000-11-30,AUD,NPR,sell,39.28
2000-11-30,CAD,NPR,buy,48.06
2000-11-30,CAD,NPR,sell,48.52
2000-11-30,CHF,NPR,buy,42.18
2000-11-30,CHF,NPR,sell,42.58
2000-11-30,DKK,NPR,buy,8.53
2000-11-30,EUR,NPR,buy,63.64
2000-11-30,EUR,NPR,sell,64.24
2000-11-30,GBP,NPR,buy,105.13
2000-11-30,GBP,NPR,sell,106.12
2000-11-30,HKD,NPR,buy,9.48
2000-11-30,INR,NPR,buy,1.6
2000-11-30,INR,NPR,sell,1.6015000000000001
2000-11-30,JPY,NPR,buy,0.671
2000-11-30,JPY,NPR,sell,0.6769999999999999
2000-11-30,QAR,NPR,buy,20.31
2000-11-30,SAR,NPR,buy,19.71
2000-11-30,SEK,NPR,buy,7.3
2000-11-30,SGD,NPR,buy,42.11
2000-11-30,SGD,NPR,sell,42.51
2000-11-30,USD,NPR,buy,73.95
2000-11-30,USD,NPR,sell,74.65
2000-12-01,AUD,NPR,buy,38.66
2000-12-01,AUD,NPR,sell,39.03
2000-12-01,CAD,NPR,buy,47.93
2000-12-01,CAD,NPR,sell,48.38
2000-12-01,CHF,NPR,buy,42.27
2000-12-01,CHF,NPR,sell,42.67
2000-12-01,DKK,NPR,buy,8.56
2000-12-01,EUR,NPR,buy,63.86
2000-12-01,EUR,NPR,sell,64.46
2000-12-01,GBP,NPR,buy,105.2
2000-12-01,GBP,NPR,sell,106.2
2000-12-01,HKD,NPR,buy,9.48
2000-12-01,INR,NPR,buy,1.6
2000-12-01,INR,NPR,sell,1.6015000000000001
2000-12-01,JPY,NPR,buy,0.666
2000-12-01,JPY,NPR,sell,0.6719999999999999
2000-12-01,QAR,NPR,buy,20.32
2000-12-01,SAR,NPR,buy,19.71
2000-12-01,SEK,NPR,buy,7.34
2000-12-01,SGD,NPR,buy,42.06
2000-12-01,SGD,NPR,sell,42.46
2000-12-01,USD,NPR,buy,73.95
2000-12-01,USD,NPR,sell,74.65
2000-12-02,AUD,NPR,buy,39.62
2000-12-02,AUD,NPR,sell,40
2000-12-02,CAD,NPR,buy,48.22
2000-12-02,CAD,NPR,sell,48.68
2000-12-02,CHF,NPR,buy,42.71
2000-12-02,CHF,NPR,sell,43.12
2000-12-02,DKK,NPR,buy,8.66
2000-12-02,EUR,NPR,buy,64.6
2000-12-02,EUR,NPR,sell,65.21
2000-12-02,GBP,NPR,buy,105.83
2000-12-02,GBP,NPR,sell,106.83
2000-12-02,HKD,NPR,buy,9.48
2000-12-02,INR,NPR,buy,1.6
2000-12-02,INR,NPR,sell,1.6015000000000001
2000-12-02,JPY,NPR,buy,0.667
2000-12-02,JPY,NPR,sell,0.673
2000-12-02,QAR,NPR,buy,20.32
2000-12-02,SAR,NPR,buy,19.71
2000-12-02,SEK,NPR,buy,7.4
2000-12-02,SGD,NPR,buy,42.22
2000-12-02,SGD,NPR,sell,42.62
2000-12-02,USD,NPR,buy,73.95
2000-12-02,USD,NPR,sell,74.65
2000-12-03,AUD,NPR,buy,39.62
2000-12-03,AUD,NPR,sell,40
2000-12-03,CAD,NPR,buy,48.22
2000-12-03,CAD,NPR,sell,48.68
2000-12-03,CHF,NPR,buy,42.71
2000-12-03,CHF,NPR,sell,43.12
2000-12-03,DKK,NPR,buy,8.66
2000-12-03,EUR,NPR,buy,64.6
2000-12-03,EUR,NPR,sell,65.21
2000-12-03,GBP,NPR,buy,105.83
2000-12-03,GBP,NPR,sell,106.83
2000-12-03,HKD,NPR,buy,9.48
2000-12-03,INR,NPR,buy,1.6
2000-12-03,INR,NPR,sell,1.6015000000000001
2000-12-03,JPY,NPR,buy,0.667
2000-12-03,JPY,NPR,sell,0.673
2000-12-03,QAR,NPR,buy,20.32
2000-12-03,SAR,NPR,buy,19.71
2000-12-03,SEK,NPR,buy,7.4
2000-12-03,SGD,NPR,buy,42.22
2000-12-03,SGD,NPR,sell,42.62
2000-12-03,USD,NPR,buy,73.95
2000-12-03,USD,NPR,sell,74.65
2000-12-04,AUD,NPR,buy,39.62
2000-12-04,AUD,NPR,sell,40
2000-12-04,CAD,NPR,buy,48.22
2000-12-04,CAD,NPR,sell,48.68
2000-12-04,CHF,NPR,buy,42.71
2000-12-04,CHF,NPR,sell,43.12
2000-12-04,DKK,NPR,buy,8.66
2000-12-04,EUR,NPR,buy,64.6
2000-12-04,EUR,NPR,sell,65.21
2000-12-04,GBP,NPR,buy,105.83
2000-12-04,GBP,NPR,sell,106.83
2000-12-04,HKD,NPR,buy,9.48
2000-12-04,INR,NPR,buy,1.6
2000-12-04,INR,NPR,sell,1.6015000000000001
2000-12-04,JPY,NPR,buy,0.667
2000-12-04,JPY,NPR,sell,0.673
2000-12-04,QAR,NPR,buy,20.32
2000-12-04,SAR,NPR,buy,19.71
2000-12-04,SEK,NPR,buy,7.4
2000-12-04,SGD,NPR,buy,42.22
2000-12-04,SGD,NPR,sell,42.62
2000-12-04,USD,NPR,buy,73.95
2000-12-04,USD,NPR,sell,74.65
2000-12-05,AUD,NPR,buy,39.97
2000-12-05,AUD,NPR,sell,40.35
2000-12-05,CAD,NPR,buy,47.87
2000-12-05,CAD,NPR,sell,48.32
2000-12-05,CHF,NPR,buy,42.87
2000-12-05,CHF,NPR,sell,43.28
2000-12-05,DKK,NPR,buy,8.72
2000-12-05,EUR,NPR,buy,64.99
2000-12-05,EUR,NPR,sell,65.6
2000-12-05,GBP,NPR,buy,106.45
2000-12-05,GBP,NPR,sell,107.46
2000-12-05,HKD,NPR,buy,9.48
2000-12-05,INR,NPR,buy,1.6
2000-12-05,INR,NPR,sell,1.6015000000000001
2000-12-05,JPY,NPR,buy,0.666
2000-12-05,JPY,NPR,sell,0.6719999999999999
2000-12-05,QAR,NPR,buy,20.31
2000-12-05,SAR,NPR,buy,19.71
2000-12-05,SEK,NPR,buy,7.51
2000-12-05,SGD,NPR,buy,42.18
2000-12-05,SGD,NPR,sell,42.58
2000-12-05,USD,NPR,buy,73.95
2000-12-05,USD,NPR,sell,74.65
2000-12-06,AUD,NPR,buy,40.17
2000-12-06,AUD,NPR,sell,40.55
2000-12-06,CAD,NPR,buy,47.96
2000-12-06,CAD,NPR,sell,48.42
2000-12-06,CHF,NPR,buy,43.42
2000-12-06,CHF,NPR,sell,43.83
2000-12-06,DKK,NPR,buy,8.81
2000-12-06,EUR,NPR,buy,65.63
2000-12-06,EUR,NPR,sell,66.25
2000-12-06,GBP,NPR,buy,107.32
2000-12-06,GBP,NPR,sell,108.33
2000-12-06,HKD,NPR,buy,9.48
2000-12-06,INR,NPR,buy,1.6
2000-12-06,INR,NPR,sell,1.6015000000000001
2000-12-06,JPY,NPR,buy,0.6679999999999999
2000-12-06,JPY,NPR,sell,0.675
2000-12-06,QAR,NPR,buy,20.31
2000-12-06,SAR,NPR,buy,19.71
2000-12-06,SEK,NPR,buy,7.62
2000-12-06,SGD,NPR,buy,42.41
2000-12-06,SGD,NPR,sell,42.81
2000-12-06,USD,NPR,buy,73.95
2000-12-06,USD,NPR,sell,74.65
2000-12-07,AUD,NPR,buy,40.27
2000-12-07,AUD,NPR,sell,40.65
2000-12-07,CAD,NPR,buy,47.99
2000-12-07,CAD,NPR,sell,48.45
2000-12-07,CHF,NPR,buy,43.23
2000-12-07,CHF,NPR,sell,43.64
2000-12-07,DKK,NPR,buy,8.76
2000-12-07,EUR,NPR,buy,65.31
2000-12-07,EUR,NPR,sell,65.92
2000-12-07,GBP,NPR,buy,106.27
2000-12-07,GBP,NPR,sell,107.27
2000-12-07,HKD,NPR,buy,9.48
2000-12-07,INR,NPR,buy,1.6
2000-12-07,INR,NPR,sell,1.6015000000000001
2000-12-07,JPY,NPR,buy,0.667
2000-12-07,JPY,NPR,sell,0.673
2000-12-07,QAR,NPR,buy,20.31
2000-12-07,SAR,NPR,buy,19.71
2000-12-07,SEK,NPR,buy,7.63
2000-12-07,SGD,NPR,buy,42.47
2000-12-07,SGD,NPR,sell,42.87
2000-12-07,USD,NPR,buy,73.95
2000-12-07,USD,NPR,sell,74.65
2000-12-08,AUD,NPR,buy,40.63
2000-12-08,AUD,NPR,sell,41.01
2000-12-08,CAD,NPR,buy,48.38
2000-12-08,CAD,NPR,sell,48.84
2000-12-08,CHF,NPR,buy,43.66
2000-12-08,CHF,NPR,sell,44.08
2000-12-08,DKK,NPR,buy,8.88
2000-12-08,EUR,NPR,buy,66.17
2000-12-08,EUR,NPR,sell,66.8
2000-12-08,GBP,NPR,buy,106.83
2000-12-08,GBP,NPR,sell,107.84
2000-12-08,HKD,NPR,buy,9.48
2000-12-08,INR,NPR,buy,1.6
2000-12-08,INR,NPR,sell,1.6015000000000001
2000-12-08,JPY,NPR,buy,0.67
2000-12-08,JPY,NPR,sell,0.6759999999999999
2000-12-08,QAR,NPR,buy,20.31
2000-12-08,SAR,NPR,buy,19.72
2000-12-08,SEK,NPR,buy,7.71
2000-12-08,SGD,NPR,buy,42.6
2000-12-08,SGD,NPR,sell,43.01
2000-12-08,USD,NPR,buy,73.95
2000-12-08,USD,NPR,sell,74.65
2000-12-09,AUD,NPR,buy,40.45
2000-12-09,AUD,NPR,sell,40.83
2000-12-09,CAD,NPR,buy,48.27
2000-12-09,CAD,NPR,sell,48.73
2000-12-09,CHF,NPR,buy,43.47
2000-12-09,CHF,NPR,sell,43.88
2000-12-09,DKK,NPR,buy,8.81
2000-12-09,EUR,NPR,buy,65.67
2000-12-09,EUR,NPR,sell,66.3
2000-12-09,GBP,NPR,buy,106.87
2000-12-09,GBP,NPR,sell,107.88
2000-12-09,HKD,NPR,buy,9.48
2000-12-09,INR,NPR,buy,1.6
2000-12-09,INR,NPR,sell,1.6015000000000001
2000-12-09,JPY,NPR,buy,0.6679999999999999
2000-12-09,JPY,NPR,sell,0.675
2000-12-09,QAR,NPR,buy,20.31
2000-12-09,SAR,NPR,buy,19.71
2000-12-09,SEK,NPR,buy,7.61
2000-12-09,SGD,NPR,buy,42.61
2000-12-09,SGD,NPR,sell,43.01
2000-12-09,USD,NPR,buy,73.95
2000-12-09,USD,NPR,sell,74.65
2000-12-10,AUD,NPR,buy,40.45
2000-12-10,AUD,NPR,sell,40.83
2000-12-10,CAD,NPR,buy,48.27
2000-12-10,CAD,NPR,sell,48.73
2000-12-10,CHF,NPR,buy,43.47
2000-12-10,CHF,NPR,sell,43.88
2000-12-10,DKK,NPR,buy,8.81
2000-12-10,EUR,NPR,buy,65.67
2000-12-10,EUR,NPR,sell,66.3
2000-12-10,GBP,NPR,buy,106.87
2000-12-10,GBP,NPR,sell,107.88
2000-12-10,HKD,NPR,buy,9.48
2000-12-10,INR,NPR,buy,1.6
2000-12-10,INR,NPR,sell,1.6015000000000001
2000-12-10,JPY,NPR,buy,0.6679999999999999
2000-12-10,JPY,NPR,sell,0.675
2000-12-10,QAR,NPR,buy,20.31
2000-12-10,SAR,NPR,buy,19.71
2000-12-10,SEK,NPR,buy,7.61
2000-12-10,SGD,NPR,buy,42.61
2000-12-10,SGD,NPR,sell,43.01
2000-12-10,USD,NPR,buy,73.95
2000-12-10,USD,NPR,sell,74.65
2000-12-11,AUD,NPR,buy,40.45
2000-12-11,AUD,NPR,sell,40.83
2000-12-11,CAD,NPR,buy,48.27
2000-12-11,CAD,NPR,sell,48.73
2000-12-11,CHF,NPR,buy,43.47
2000-12-11,CHF,NPR,sell,43.88
2000-12-11,DKK,NPR,buy,8.81
2000-12-11,EUR,NPR,buy,65.67
2000-12-11,EUR,NPR,sell,66.3
2000-12-11,GBP,NPR,buy,106.87
2000-12-11,GBP,NPR,sell,107.88
2000-12-11,HKD,NPR,buy,9.48
2000-12-11,INR,NPR,buy,1.6
2000-12-11,INR,NPR,sell,1.6015000000000001
2000-12-11,JPY,NPR,buy,0.6679999999999999
2000-12-11,JPY,NPR,sell,0.675
2000-12-11,QAR,NPR,buy,20.31
2000-12-11,SAR,NPR,buy,19.71
2000-12-11,SEK,NPR,buy,7.61
2000-12-11,SGD,NPR,buy,42.61
2000-12-11,SGD,NPR,sell,43.01
2000-12-11,USD,NPR,buy,73.95
2000-12-11,USD,NPR,sell,74.65
2000-12-12,AUD,NPR,buy,40.29
2000-12-12,AUD,NPR,sell,40.67
2000-12-12,CAD,NPR,buy,48.69
2000-12-12,CAD,NPR,sell,49.15
2000-12-12,CHF,NPR,buy,43.36
2000-12-12,CHF,NPR,sell,43.77
2000-12-12,DKK,NPR,buy,8.79
2000-12-12,EUR,NPR,buy,65.5
2000-12-12,EUR,NPR,sell,66.12
2000-12-12,GBP,NPR,buy,106.97
2000-12-12,GBP,NPR,sell,107.98
2000-12-12,HKD,NPR,buy,9.48
2000-12-12,INR,NPR,buy,1.6
2000-12-12,INR,NPR,sell,1.6015000000000001
2000-12-12,JPY,NPR,buy,0.667
2000-12-12,JPY,NPR,sell,0.673
2000-12-12,QAR,NPR,buy,20.31
2000-12-12,SAR,NPR,buy,19.72
2000-12-12,SEK,NPR,buy,7.63
2000-12-12,SGD,NPR,buy,42.58
2000-12-12,SGD,NPR,sell,42.99
2000-12-12,USD,NPR,buy,73.95
2000-12-12,USD,NPR,sell,74.65
2000-12-13,AUD,NPR,buy,39.99
2000-12-13,AUD,NPR,sell,40.37
2000-12-13,CAD,NPR,buy,48.53
2000-12-13,CAD,NPR,sell,48.99
2000-12-13,CHF,NPR,buy,43.32
2000-12-13,CHF,NPR,sell,43.73
2000-12-13,DKK,NPR,buy,8.73
2000-12-13,EUR,NPR,buy,65.05
2000-12-13,EUR,NPR,sell,65.66
2000-12-13,GBP,NPR,buy,107.78
2000-12-13,GBP,NPR,sell,108.8
2000-12-13,HKD,NPR,buy,9.48
2000-12-13,INR,NPR,buy,1.6
2000-12-13,INR,NPR,sell,1.6015000000000001
2000-12-13,JPY,NPR,buy,0.665
2000-12-13,JPY,NPR,sell,0.671
2000-12-13,QAR,NPR,buy,20.31
2000-12-13,SAR,NPR,buy,19.71
2000-12-13,SEK,NPR,buy,7.66
2000-12-13,SGD,NPR,buy,42.61
2000-12-13,SGD,NPR,sell,43.01
2000-12-13,USD,NPR,buy,73.95
2000-12-13,USD,NPR,sell,74.65
2000-12-14,AUD,NPR,buy,40.01
2000-12-14,AUD,NPR,sell,40.39
2000-12-14,CAD,NPR,buy,48.42
2000-12-14,CAD,NPR,sell,48.88
2000-12-14,CHF,NPR,buy,42.99
2000-12-14,CHF,NPR,sell,43.4
2000-12-14,DKK,NPR,buy,8.68
2000-12-14,EUR,NPR,buy,64.68
2000-12-14,EUR,NPR,sell,65.3
2000-12-14,GBP,NPR,buy,107.2
2000-12-14,GBP,NPR,sell,108.21
2000-12-14,HKD,NPR,buy,9.48
2000-12-14,INR,NPR,buy,1.6
2000-12-14,INR,NPR,sell,1.6015000000000001
2000-12-14,JPY,NPR,buy,0.657
2000-12-14,JPY,NPR,sell,0.663
2000-12-14,QAR,NPR,buy,20.31
2000-12-14,SAR,NPR,buy,19.72
2000-12-14,SEK,NPR,buy,7.58
2000-12-14,SGD,NPR,buy,42.55
2000-12-14,SGD,NPR,sell,42.95
2000-12-14,USD,NPR,buy,73.95
2000-12-14,USD,NPR,sell,74.65
2000-12-15,AUD,NPR,buy,40.13
2000-12-15,AUD,NPR,sell,40.51
2000-12-15,CAD,NPR,buy,48.7
2000-12-15,CAD,NPR,sell,49.17
2000-12-15,CHF,NPR,buy,43.48
2000-12-15,CHF,NPR,sell,43.89
2000-12-15,DKK,NPR,buy,8.79
2000-12-15,EUR,NPR,buy,65.5
2000-12-15,EUR,NPR,sell,66.12
2000-12-15,GBP,NPR,buy,108.38
2000-12-15,GBP,NPR,sell,109.41
2000-12-15,HKD,NPR,buy,9.48
2000-12-15,INR,NPR,buy,1.6
2000-12-15,INR,NPR,sell,1.6015000000000001
2000-12-15,JPY,NPR,buy,0.658
2000-12-15,JPY,NPR,sell,0.6639999999999999
2000-12-15,QAR,NPR,buy,20.31
2000-12-15,SAR,NPR,buy,19.72
2000-12-15,SEK,NPR,buy,7.64
2000-12-15,SGD,NPR,buy,42.54
2000-12-15,SGD,NPR,sell,42.94
2000-12-15,USD,NPR,buy,73.95
2000-12-15,USD,NPR,sell,74.65
2000-12-16,AUD,NPR,buy,40.39
2000-12-16,AUD,NPR,sell,40.77
2000-12-16,CAD,NPR,buy,48.75
2000-12-16,CAD,NPR,sell,49.21
2000-12-16,CHF,NPR,buy,43.94
2000-12-16,CHF,NPR,sell,44.36
2000-12-16,DKK,NPR,buy,8.89
2000-12-16,EUR,NPR,buy,66.28
2000-12-16,EUR,NPR,sell,66.91
2000-12-16,GBP,NPR,buy,109.03
2000-12-16,GBP,NPR,sell,110.06
2000-12-16,HKD,NPR,buy,9.48
2000-12-16,INR,NPR,buy,1.6
2000-12-16,INR,NPR,sell,1.6015000000000001
2000-12-16,JPY,NPR,buy,0.657
2000-12-16,JPY,NPR,sell,0.663
2000-12-16,QAR,NPR,buy,20.31
2000-12-16,SAR,NPR,buy,19.71
2000-12-16,SEK,NPR,buy,7.71
2000-12-16,SGD,NPR,buy,42.6
2000-12-16,SGD,NPR,sell,43
2000-12-16,USD,NPR,buy,73.95
2000-12-16,USD,NPR,sell,74.65
2000-12-17,AUD,NPR,buy,40.39
2000-12-17,AUD,NPR,sell,40.77
2000-12-17,CAD,NPR,buy,48.75
2000-12-17,CAD,NPR,sell,49.21
2000-12-17,CHF,NPR,buy,43.94
2000-12-17,CHF,NPR,sell,44.36
2000-12-17,DKK,NPR,buy,8.89
2000-12-17,EUR,NPR,buy,66.28
2000-12-17,EUR,NPR,sell,66.91
2000-12-17,GBP,NPR,buy,109.03
2000-12-17,GBP,NPR,sell,110.06
2000-12-17,HKD,NPR,buy,9.48
2000-12-17,INR,NPR,buy,1.6
2000-12-17,INR,NPR,sell,1.6015000000000001
2000-12-17,JPY,NPR,buy,0.657
2000-12-17,JPY,NPR,sell,0.663
2000-12-17,QAR,NPR,buy,20.31
2000-12-17,SAR,NPR,buy,19.71
2000-12-17,SEK,NPR,buy,7.71
2000-12-17,SGD,NPR,buy,42.6
2000-12-17,SGD,NPR,sell,43
2000-12-17,USD,NPR,buy,73.95
2000-12-17,USD,NPR,sell,74.65
2000-12-18,AUD,NPR,buy,40.39
2000-12-18,AUD,NPR,sell,40.77
2000-12-18,CAD,NPR,buy,48.75
2000-12-18,CAD,NPR,sell,49.21
2000-12-18,CHF,NPR,buy,43.94
2000-12-18,CHF,NPR,sell,44.36
2000-12-18,DKK,NPR,buy,8.89
2000-12-18,EUR,NPR,buy,66.28
2000-12-18,EUR,NPR,sell,66.91
2000-12-18,GBP,NPR,buy,109.03
2000-12-18,GBP,NPR,sell,110.06
2000-12-18,HKD,NPR,buy,9.48
2000-12-18,INR,NPR,buy,1.6
2000-12-18,INR,NPR,sell,1.6015000000000001
2000-12-18,JPY,NPR,buy,0.657
2000-12-18,JPY,NPR,sell,0.663
2000-12-18,QAR,NPR,buy,20.31
2000-12-18,SAR,NPR,buy,19.71
2000-12-18,SEK,NPR,buy,7.71
2000-12-18,SGD,NPR,buy,42.6
2000-12-18,SGD,NPR,sell,43
2000-12-18,USD,NPR,buy,73.95
2000-12-18,USD,NPR,sell,74.65
2000-12-19,AUD,NPR,buy,40.34
2000-12-19,AUD,NPR,sell,40.72
2000-12-19,CAD,NPR,buy,48.63
2000-12-19,CAD,NPR,sell,49.09
2000-12-19,CHF,NPR,buy,44.16
2000-12-19,CHF,NPR,sell,44.58
2000-12-19,DKK,NPR,buy,8.91
2000-12-19,EUR,NPR,buy,66.47
2000-12-19,EUR,NPR,sell,67.1
2000-12-19,GBP,NPR,buy,109.3
2000-12-19,GBP,NPR,sell,110.33
2000-12-19,HKD,NPR,buy,9.48
2000-12-19,INR,NPR,buy,1.6
2000-12-19,INR,NPR,sell,1.6015000000000001
2000-12-19,JPY,NPR,buy,0.657
2000-12-19,JPY,NPR,sell,0.663
2000-12-19,QAR,NPR,buy,20.31
2000-12-19,SAR,NPR,buy,19.71
2000-12-19,SEK,NPR,buy,7.7
2000-12-19,SGD,NPR,buy,42.47
2000-12-19,SGD,NPR,sell,42.87
2000-12-19,USD,NPR,buy,73.95
2000-12-19,USD,NPR,sell,74.65
2000-12-20,AUD,NPR,buy,40.11
2000-12-20,AUD,NPR,sell,40.49
2000-12-20,CAD,NPR,buy,48.47
2000-12-20,CAD,NPR,sell,48.93
2000-12-20,CHF,NPR,buy,44.05
2000-12-20,CHF,NPR,sell,44.47
2000-12-20,DKK,NPR,buy,8.88
2000-12-20,EUR,NPR,buy,66.27
2000-12-20,EUR,NPR,sell,66.89
2000-12-20,GBP,NPR,buy,108.84
2000-12-20,GBP,NPR,sell,109.87
2000-12-20,HKD,NPR,buy,9.48
2000-12-20,INR,NPR,buy,1.6
2000-12-20,INR,NPR,sell,1.6015000000000001
2000-12-20,JPY,NPR,buy,0.661
2000-12-20,JPY,NPR,sell,0.667
2000-12-20,QAR,NPR,buy,20.32
2000-12-20,SAR,NPR,buy,19.71
2000-12-20,SEK,NPR,buy,7.64
2000-12-20,SGD,NPR,buy,42.66
2000-12-20,SGD,NPR,sell,43.07
2000-12-20,USD,NPR,buy,73.95
2000-12-20,USD,NPR,sell,74.65
2000-12-21,AUD,NPR,buy,40.44
2000-12-21,AUD,NPR,sell,40.83
2000-12-21,CAD,NPR,buy,48.57
2000-12-21,CAD,NPR,sell,49.03
2000-12-21,CHF,NPR,buy,43.88
2000-12-21,CHF,NPR,sell,44.3
2000-12-21,DKK,NPR,buy,8.9
2000-12-21,EUR,NPR,buy,66.38
2000-12-21,EUR,NPR,sell,67.01
2000-12-21,GBP,NPR,buy,108.72
2000-12-21,GBP,NPR,sell,109.75
2000-12-21,HKD,NPR,buy,9.48
2000-12-21,INR,NPR,buy,1.6
2000-12-21,INR,NPR,sell,1.6015000000000001
2000-12-21,JPY,NPR,buy,0.655
2000-12-21,JPY,NPR,sell,0.661
2000-12-21,QAR,NPR,buy,20.31
2000-12-21,SAR,NPR,buy,19.71
2000-12-21,SEK,NPR,buy,7.65
2000-12-21,SGD,NPR,buy,42.7
2000-12-21,SGD,NPR,sell,43.1
2000-12-21,USD,NPR,buy,73.95
2000-12-21,USD,NPR,sell,74.65
2000-12-22,AUD,NPR,buy,40.89
2000-12-22,AUD,NPR,sell,41.28
2000-12-22,CAD,NPR,buy,48.58
2000-12-22,CAD,NPR,sell,49.04
2000-12-22,CHF,NPR,buy,44.23
2000-12-22,CHF,NPR,sell,44.65
2000-12-22,DKK,NPR,buy,9.03
2000-12-22,EUR,NPR,buy,67.41
2000-12-22,EUR,NPR,sell,68.04
2000-12-22,GBP,NPR,buy,108.6
2000-12-22,GBP,NPR,sell,109.62
2000-12-22,HKD,NPR,buy,9.48
2000-12-22,INR,NPR,buy,1.6
2000-12-22,INR,NPR,sell,1.6015000000000001
2000-12-22,JPY,NPR,buy,0.6559999999999999
2000-12-22,JPY,NPR,sell,0.662
2000-12-22,QAR,NPR,buy,20.32
2000-12-22,SAR,NPR,buy,19.71
2000-12-22,SEK,NPR,buy,7.73
2000-12-22,SGD,NPR,buy,42.7
2000-12-22,SGD,NPR,sell,43.11
2000-12-22,USD,NPR,buy,73.95
2000-12-22,USD,NPR,sell,74.65
2000-12-23,AUD,NPR,buy,41
2000-12-23,AUD,NPR,sell,41.39
2000-12-23,CAD,NPR,buy,48.6
2000-12-23,CAD,NPR,sell,49.06
2000-12-23,CHF,NPR,buy,44.47
2000-12-23,CHF,NPR,sell,44.89
2000-12-23,DKK,NPR,buy,9.09
2000-12-23,EUR,NPR,buy,67.87
2000-12-23,EUR,NPR,sell,68.51
2000-12-23,GBP,NPR,buy,108.88
2000-12-23,GBP,NPR,sell,109.91
2000-12-23,HKD,NPR,buy,9.48
2000-12-23,INR,NPR,buy,1.6
2000-12-23,INR,NPR,sell,1.6015000000000001
2000-12-23,JPY,NPR,buy,0.657
2000-12-23,JPY,NPR,sell,0.663
2000-12-23,QAR,NPR,buy,20.32
2000-12-23,SAR,NPR,buy,19.71
2000-12-23,SEK,NPR,buy,7.77
2000-12-23,SGD,NPR,buy,42.76
2000-12-23,SGD,NPR,sell,43.16
2000-12-23,USD,NPR,buy,73.95
2000-12-23,USD,NPR,sell,74.65
2000-12-24,AUD,NPR,buy,41
2000-12-24,AUD,NPR,sell,41.39
2000-12-24,CAD,NPR,buy,48.6
2000-12-24,CAD,NPR,sell,49.06
2000-12-24,CHF,NPR,buy,44.47
2000-12-24,CHF,NPR,sell,44.89
2000-12-24,DKK,NPR,buy,9.09
2000-12-24,EUR,NPR,buy,67.87
2000-12-24,EUR,NPR,sell,68.51
2000-12-24,GBP,NPR,buy,108.88
2000-12-24,GBP,NPR,sell,109.91
2000-12-24,HKD,NPR,buy,9.48
2000-12-24,INR,NPR,buy,1.6
2000-12-24,INR,NPR,sell,1.6015000000000001
2000-12-24,JPY,NPR,buy,0.657
2000-12-24,JPY,NPR,sell,0.663
2000-12-24,QAR,NPR,buy,20.32
2000-12-24,SAR,NPR,buy,19.71
2000-12-24,SEK,NPR,buy,7.77
2000-12-24,SGD,NPR,buy,42.76
2000-12-24,SGD,NPR,sell,43.16
2000-12-24,USD,NPR,buy,73.95
2000-12-24,USD,NPR,sell,74.65
2000-12-25,AUD,NPR,buy,41
2000-12-25,AUD,NPR,sell,41.39
2000-12-25,CAD,NPR,buy,48.6
2000-12-25,CAD,NPR,sell,49.06
2000-12-25,CHF,NPR,buy,44.47
2000-12-25,CHF,NPR,sell,44.89
2000-12-25,DKK,NPR,buy,9.09
2000-12-25,EUR,NPR,buy,67.87
2000-12-25,EUR,NPR,sell,68.51
2000-12-25,GBP,NPR,buy,108.88
2000-12-25,GBP,NPR,sell,109.91
2000-12-25,HKD,NPR,buy,9.48
2000-12-25,INR,NPR,buy,1.6
2000-12-25,INR,NPR,sell,1.6015000000000001
2000-12-25,JPY,NPR,buy,0.657
2000-12-25,JPY,NPR,sell,0.663
2000-12-25,QAR,NPR,buy,20.32
2000-12-25,SAR,NPR,buy,19.71
2000-12-25,SEK,NPR,buy,7.77
2000-12-25,SGD,NPR,buy,42.76
2000-12-25,SGD,NPR,sell,43.16
2000-12-25,USD,NPR,buy,73.95
2000-12-25,USD,NPR,sell,74.65
2000-12-26,AUD,NPR,buy,41
2000-12-26,AUD,NPR,sell,41.39
2000-12-26,CAD,NPR,buy,48.6
2000-12-26,CAD,NPR,sell,49.06
2000-12-26,CHF,NPR,buy,44.47
2000-12-26,CHF,NPR,sell,44.89
2000-12-26,DKK,NPR,buy,9.09
2000-12-26,EUR,NPR,buy,67.87
2000-12-26,EUR,NPR,sell,68.51
2000-12-26,GBP,NPR,buy,108.88
2000-12-26,GBP,NPR,sell,109.91
2000-12-26,HKD,NPR,buy,9.48
2000-12-26,INR,NPR,buy,1.6
2000-12-26,INR,NPR,sell,1.6015000000000001
2000-12-26,JPY,NPR,buy,0.657
2000-12-26,JPY,NPR,sell,0.663
2000-12-26,QAR,NPR,buy,20.32
2000-12-26,SAR,NPR,buy,19.71
2000-12-26,SEK,NPR,buy,7.77
2000-12-26,SGD,NPR,buy,42.76
2000-12-26,SGD,NPR,sell,43.16
2000-12-26,USD,NPR,buy,73.95
2000-12-26,USD,NPR,sell,74.65
2000-12-27,AUD,NPR,buy,41
2000-12-27,AUD,NPR,sell,41.39
2000-12-27,CAD,NPR,buy,48.6
2000-12-27,CAD,NPR,sell,49.06
2000-12-27,CHF,NPR,buy,44.47
2000-12-27,CHF,NPR,sell,44.89
2000-12-27,DKK,NPR,buy,9.09
2000-12-27,EUR,NPR,buy,67.87
2000-12-27,EUR,NPR,sell,68.51
2000-12-27,GBP,NPR,buy,108.88
2000-12-27,GBP,NPR,sell,109.91
2000-12-27,HKD,NPR,buy,9.48
2000-12-27,INR,NPR,buy,1.6
2000-12-27,INR,NPR,sell,1.6015000000000001
2000-12-27,JPY,NPR,buy,0.657
2000-12-27,JPY,NPR,sell,0.663
2000-12-27,QAR,NPR,buy,20.32
2000-12-27,SAR,NPR,buy,19.71
2000-12-27,SEK,NPR,buy,7.77
2000-12-27,SGD,NPR,buy,42.76
2000-12-27,SGD,NPR,sell,43.16
2000-12-27,USD,NPR,buy,73.95
2000-12-27,USD,NPR,sell,74.65
2000-12-28,AUD,NPR,buy,41.32
2000-12-28,AUD,NPR,sell,41.71
2000-12-28,CAD,NPR,buy,48.87
2000-12-28,CAD,NPR,sell,49.34
2000-12-28,CHF,NPR,buy,45.26
2000-12-28,CHF,NPR,sell,45.69
2000-12-28,DKK,NPR,buy,9.24
2000-12-28,EUR,NPR,buy,68.97
2000-12-28,EUR,NPR,sell,69.63
2000-12-28,GBP,NPR,buy,109.96
2000-12-28,GBP,NPR,sell,111
2000-12-28,HKD,NPR,buy,9.48
2000-12-28,INR,NPR,buy,1.6
2000-12-28,INR,NPR,sell,1.6015000000000001
2000-12-28,JPY,NPR,buy,0.648
2000-12-28,JPY,NPR,sell,0.654
2000-12-28,QAR,NPR,buy,20.32
2000-12-28,SAR,NPR,buy,19.72
2000-12-28,SEK,NPR,buy,7.79
2000-12-28,SGD,NPR,buy,42.77
2000-12-28,SGD,NPR,sell,43.18
2000-12-28,USD,NPR,buy,73.95
2000-12-28,USD,NPR,sell,74.65
2000-12-29,AUD,NPR,buy,41.2
2000-12-29,AUD,NPR,sell,41.59
2000-12-29,CAD,NPR,buy,48.91
2000-12-29,CAD,NPR,sell,49.38
2000-12-29,CHF,NPR,buy,45.01
2000-12-29,CHF,NPR,sell,45.44
2000-12-29,DKK,NPR,buy,9.22
2000-12-29,EUR,NPR,buy,68.83
2000-12-29,EUR,NPR,sell,69.48
2000-12-29,GBP,NPR,buy,110.41
2000-12-29,GBP,NPR,sell,111.45
2000-12-29,HKD,NPR,buy,9.48
2000-12-29,INR,NPR,buy,1.6
2000-12-29,INR,NPR,sell,1.6015000000000001
2000-12-29,JPY,NPR,buy,0.646
2000-12-29,JPY,NPR,sell,0.6519999999999999
2000-12-29,QAR,NPR,buy,20.32
2000-12-29,SAR,NPR,buy,19.72
2000-12-29,SEK,NPR,buy,7.76
2000-12-29,SGD,NPR,buy,42.73
2000-12-29,SGD,NPR,sell,43.14
2000-12-29,USD,NPR,buy,73.95
2000-12-29,USD,NPR,sell,74.65
2000-12-30,AUD,NPR,buy,40.98
2000-12-30,AUD,NPR,sell,41.36
2000-12-30,CAD,NPR,buy,49.31
2000-12-30,CAD,NPR,sell,49.78
2000-12-30,CHF,NPR,buy,45.11
2000-12-30,CHF,NPR,sell,45.53
2000-12-30,DKK,NPR,buy,9.21
2000-12-30,EUR,NPR,buy,68.71
2000-12-30,EUR,NPR,sell,69.36
2000-12-30,GBP,NPR,buy,110.36
2000-12-30,GBP,NPR,sell,111.4
2000-12-30,HKD,NPR,buy,9.48
2000-12-30,INR,NPR,buy,1.6
2000-12-30,INR,NPR,sell,1.6015000000000001
2000-12-30,JPY,NPR,buy,0.645
2000-12-30,JPY,NPR,sell,0.651
2000-12-30,QAR,NPR,buy,20.32
2000-12-30,SAR,NPR,buy,19.72
2000-12-30,SEK,NPR,buy,7.76
2000-12-30,SGD,NPR,buy,42.65
2000-12-30,SGD,NPR,sell,43.06
2000-12-30,USD,NPR,buy,73.95
2000-12-30,USD,NPR,sell,74.65
2000-12-31,AUD,NPR,buy,40.98
2000-12-31,AUD,NPR,sell,41.36
2000-12-31,CAD,NPR,buy,49.31
2000-12-31,CAD,NPR,sell,49.78
2000-12-31,CHF,NPR,buy,45.11
2000-12-31,CHF,NPR,sell,45.53
2000-12-31,DKK,NPR,buy,9.21
2000-12-31,EUR,NPR,buy,68.71
2000-12-31,EUR,NPR,sell,69.36
2000-12-31,GBP,NPR,buy,110.36
2000-12-31,GBP,NPR,sell,111.4
2000-12-31,HKD,NPR,buy,9.48
2000-12-31,INR,NPR,buy,1.6
2000-12-31,INR,NPR,sell,1.6015000000000001
2000-12-31,JPY,NPR,buy,0.645
2000-12-31,JPY,NPR,sell,0.651
2000-12-31,QAR,NPR,buy,20.32
2000-12-31,SAR,NPR,buy,19.72
2000-12-31,SEK,NPR,buy,7.76
2000-12-31,SGD,NPR,buy,42.65
2000-12-31,SGD,NPR,sell,43.06
2000-12-31,USD,NPR,buy,73.95
2000-12-31,USD,NPR,sell,74.65
